rank,venue_code,venue_name,race_no,closing_time,in_escape_prob,second_pred_1,second_pred_1_prob,second_pred_2,second_pred_2_prob,confidence_score,third_prob,top2_margin,adjusted_score,score_margin_blend,ticket_1,ticket_2,score_boat2,score_boat3,score_boat4,score_boat5,score_boat6,is_teppan,is_lunch,is_excluded,is_channel_target,race_grade,race_date,top_feat_1,top_feat_1_contrib,top_feat_2,top_feat_2_contrib,top_feat_3,top_feat_3_contrib,top_feat_4,top_feat_4_contrib,top_feat_5,top_feat_5_contrib,s2_top_feat_1,s2_top_feat_1_contrib,s2_top_feat_2,s2_top_feat_2_contrib,s2_top_feat_3,s2_top_feat_3_contrib,s2_top_feat_4,s2_top_feat_4_contrib,s2_top_feat_5,s2_top_feat_5_contrib,s2_top2_feat_1,s2_top2_feat_1_contrib,s2_top2_feat_2,s2_top2_feat_2_contrib,s2_top2_feat_3,s2_top2_feat_3_contrib,s2_top2_feat_4,s2_top2_feat_4_contrib,s2_top2_feat_5,s2_top2_feat_5_contrib,weather_contribution,wind_info,reason_text
1,09,津,1,10:34,0.8482890107677529,2,0.4915119181757451,3,0.3723891808345759,0.7328378086806397,0.061635133382918955,0.802265965627402,0.678635541377347,0.7536662557646684,1-2,1-3,0.41694415884986347,0.3158936498307762,0.05228440632593482,0.04142022231618275,0.021746584505425503,False,False,True,False,ツッキーレー,2026-09-14,1号艇のdominance,0.2013,1号艇のsession_exh_rel_avg,0.1421,1号艇のracer_win_te,0.1098,1号艇の勝率順位,0.0831,1号艇のlocal_win_rate順位,0.0746,3号艇のモーター出走数,0.0817,2号艇のwin_rate_rank_2to6,0.0723,2号艇のclass_rank_2to6,-0.0543,2号艇のracer_avgfin_te,-0.0487,2号艇の当地勝率,-0.0381,3号艇のwin_rate_rank_2to6,0.1368,4号艇のモーター出走数,-0.0581,3号艇のcumulative_diff_rank_2to6,0.0375,3号艇の節間得点,0.0365,3号艇の当地勝率,-0.0361,0.018,南東 2.6m/s,[逃げ]1号艇のdominanceが有利(+20.1pt)、1号艇のsession_exh_rel_avgが有利(+14.2pt) / [2着]3号艇のモーター出走数が有利(+8.2pt)、2号艇のwin_rate_rank_2to6が有利(+7.2pt) / [候補2]3号艇のwin_rate_rank_2to6が有利(+13.7pt)、4号艇のモーター出走数が不利(-5.8pt) / [除外]6号艇のsession_exh_rel_avgが不利(-8.0pt)、5号艇のracer_avgfin_teが不利(-6.5pt)、天気+1.8pt
2,20,若松,11,20:10,0.8917061067081942,3,0.40768814136112974,2,0.39398876008186323,0.71486018862362,0.11491249867548381,0.6867644027675092,0.6162845440495786,0.7064314528667867,1-3,1-2,0.35132218333938703,0.3635380052842329,0.10246817680602618,0.060663912606446546,0.013713822858839373,False,False,False,False,準優勝戦,2026-09-14,1号艇のdominance,0.1697,1号艇のracer_win_te,0.1527,風速区分,0.0961,1号艇の節間得点,0.0851,1号艇vs4号艇のcumulative差,0.085,3号艇のsession_exh_rel_avg,0.0938,3号艇のwin_rate_rank_2to6,-0.0679,場特性:1x_diff_course3,0.051,1号艇の直近1着率,0.0439,3号艇のcumulative_diff_rank_2to6,0.0436,2号艇のwin_rate_rank_2to6,0.0613,レース時間帯,-0.0586,2号艇のsession_exh_rel_avg,-0.0531,2号艇の節間得点,0.0435,2号艇の全国勝率,0.0371,0.1828,北 1.0m/s,[逃げ]1号艇のdominanceが有利(+17.0pt)、1号艇のracer_win_teが有利(+15.3pt) / [2着]3号艇のsession_exh_rel_avgが有利(+9.4pt)、3号艇のwin_rate_rank_2to6が不利(-6.8pt) / [候補2]2号艇のwin_rate_rank_2to6が有利(+6.1pt)、レース時間帯が不利(-5.9pt) / [除外]6号艇の女子戦比率が不利(-7.2pt)、6号艇のwin_rate_rank_2to6が不利(-7.0pt)、天気+18.3pt
3,21,芦屋,5,10:31,0.8576419213873536,3,0.45880151481705356,2,0.3627203354297822,0.70457157810739,0.13499231828652086,0.6865295319603149,0.5904374772343791,0.6991589642632674,1-3,1-2,0.3110841654042638,0.3934874127031262,0.11577507122778495,0.02941158445451788,0.007883688795772767,False,False,True,False,サンライズＺ,2026-09-14,1号艇のdominance,0.2726,1号艇のracer_win_te,0.0995,1号艇のsession_exh_rel_avg,0.0966,1号艇の勝率順位,0.0773,1号艇の級別順位,0.0758,3号艇のwin_rate_rank_2to6,0.1921,6号艇のモーター出走数,0.0805,3号艇のsession_exh_rel_avg,0.068,4号艇のモーター出走数,-0.0648,3号艇の当地勝率,-0.0592,3号艇のモーター出走数,0.0582,2号艇のsession_exh_rel_avg,0.0555,2号艇のモーター2連率,0.0485,2号艇のclass_rank_2to6,-0.039,2号艇のwin_rate_rank_2to6,-0.0358,0.0933,北 2.8m/s,[逃げ]1号艇のdominanceが有利(+27.3pt)、1号艇のracer_win_teが有利(+9.9pt) / [2着]3号艇のwin_rate_rank_2to6が有利(+19.2pt)、6号艇のモーター出走数が有利(+8.0pt) / [候補2]3号艇のモーター出走数が有利(+5.8pt)、2号艇のsession_exh_rel_avgが有利(+5.6pt) / [除外]1号艇vs6号艇のcumulative差が不利(-8.4pt)、6号艇のwin_rate_rank_2to6が不利(-6.9pt)、天気+9.3pt
4,19,下関,11,20:16,0.8773880908565488,3,0.5838250256696447,2,0.18429148168882703,0.6739362759466497,0.10951886796527938,0.6585976393931923,0.5853657903197539,0.6693346849806124,1-3,1-2,0.16169515128008458,0.5122411246665651,0.08551188393947967,0.09609055047682691,0.021849364150965726,False,False,False,False,予選特選,2026-09-14,1号艇のdominance,0.319,1号艇のracer_win_te,0.1537,1号艇のvs_max234_diff,0.122,1号艇のsession_exh_rel_avg,0.1145,1号艇の年齢,-0.0912,3号艇の当地勝率,0.1312,3号艇のsession_exh_rel_avg,0.1257,場特性:1x_diff_course3,0.0777,1号艇の直近1着率,0.0712,2号艇のモーター2連率,0.0624,2号艇のwin_rate_rank_2to6,-0.163,2号艇の全国勝率,-0.0656,2号艇のsession_avg_finish,0.0622,レース時間帯,-0.0591,2号艇のclass_rank_2to6,-0.0525,0.1196,北 1.3m/s,[逃げ]1号艇のdominanceが有利(+31.9pt)、1号艇のracer_win_teが有利(+15.4pt) / [2着]3号艇の当地勝率が有利(+13.1pt)、3号艇のsession_exh_rel_avgが有利(+12.6pt) / [候補2]2号艇のwin_rate_rank_2to6が不利(-16.3pt)、2号艇の全国勝率が不利(-6.6pt) / [除外]3号艇のracer_avgfin_teが不利(-8.1pt)、天気+12.0pt
5,12,住之江,9,18:54,0.7315027808604744,2,0.444979706602044,3,0.4176910769968869,0.6310460771697025,0.0795054850074291,0.7831652985915019,0.5708401278568073,0.6766818435962423,1-2,1-3,0.32550389280587316,0.3055421843638293,0.05815848337659514,0.032004433273137664,0.010293790447364398,True,False,False,False,予選,2026-09-14,1号艇の年齢,-0.2183,1号艇のsession_exh_rel_avg,0.1269,1号艇の節間得点,0.1014,1号艇vs4号艇のcumulative差,0.0884,1号艇のdominance,0.0726,2号艇のclass_rank_2to6,0.0735,2号艇のsession_exh_rel_avg,0.0711,2号艇の全国勝率,0.0632,1号艇vs2号艇のcumulative差,-0.0611,2号艇の節間得点,-0.0552,3号艇のwin_rate_rank_2to6,0.1855,3号艇のsession_exh_rel_avg,-0.1399,3号艇の当地勝率,0.1167,3号艇の一般戦2連率,0.06,3号艇のclass_rank_2to6,0.0494,0.0751,南西 0.6m/s,[逃げ]1号艇の年齢が不利(-21.8pt)、1号艇のsession_exh_rel_avgが有利(+12.7pt) / [2着]2号艇のclass_rank_2to6が有利(+7.3pt)、2号艇のsession_exh_rel_avgが有利(+7.1pt) / [候補2]3号艇のwin_rate_rank_2to6が有利(+18.5pt)、3号艇のsession_exh_rel_avgが不利(-14.0pt) / [除外]6号艇のwin_rate_rank_2to6が不利(-6.7pt)、5号艇のsession_exh_rel_avgが不利(-5.0pt)、天気+7.5pt
6,10,三国,3,09:24,0.7040208409317187,3,0.5819105396730988,2,0.27667237401532996,0.6044602649045329,0.06810879165094601,0.7904741220374828,0.5550573950121428,0.6602644220444178,1-3,1-2,0.1947831174168476,0.40967714748768524,0.047950008772942226,0.025613941728817265,0.025996625525426375,False,False,True,False,みくにあさズ,2026-09-14,1号艇のsession_exh_rel_avg,0.1024,1号艇のracer_win_te,0.0834,1号艇の節間得点,0.0759,1号艇のdominance,0.0734,場特性:in_escape_diff,-0.0595,3号艇のwin_rate_rank_2to6,0.2168,3号艇のsession_exh_rel_avg,0.1092,win_rate_gap_top2_2to6,0.0661,3号艇の全国勝率,0.0507,2号艇のvs_boat3_diff,0.0505,2号艇の全国勝率,-0.0797,2号艇のsession_exh_rel_avg,0.075,2号艇のclass_rank_2to6,-0.0639,2号艇のsession_avg_finish,-0.0494,1号艇vs2号艇のplace_rate差,-0.0448,-0.0379,北西 4.9m/s,[逃げ]1号艇のsession_exh_rel_avgが有利(+10.2pt)、1号艇のracer_win_teが有利(+8.3pt) / [2着]3号艇のwin_rate_rank_2to6が有利(+21.7pt)、3号艇のsession_exh_rel_avgが有利(+10.9pt) / [候補2]2号艇の全国勝率が不利(-8.0pt)、2号艇のsession_exh_rel_avgが有利(+7.5pt) / [除外]4号艇のwin_rate_rank_2to6が不利(-5.2pt)、天気-3.8pt
7,09,津,11,15:41,0.8110435492039405,4,0.39269959978880886,2,0.37824602450645717,0.6252704753716802,0.11780873338126992,0.6531368909139961,0.5368756881025896,0.633630400034375,1-4,1-2,0.30677399818799767,0.0955480132487659,0.31849647718368257,0.07207608552727204,0.018148990163085764,True,False,False,False,予選特選,2026-09-14,1号艇のracer_win_te,0.1576,1号艇のsession_exh_rel_avg,0.1526,風速区分,0.0981,1号艇の級別順位,0.0872,1号艇の勝率順位,-0.0816,4号艇のwin_rate_rank_2to6,0.2129,4号艇のclass_rank_2to6,0.1714,4号艇のsession_exh_rel_avg,0.0785,5号艇のsession_rank_diff_delta,0.063,win_rate_gap_top2_2to6,-0.0494,2号艇のsession_exh_rel_avg,0.1184,2号艇のwin_rate_rank_2to6,0.0791,2号艇の全国勝率,0.0679,2号艇の体重,-0.048,1号艇のframe_dominance,0.0467,0.1163,南 1.8m/s,[逃げ]1号艇のracer_win_teが有利(+15.8pt)、1号艇のsession_exh_rel_avgが有利(+15.3pt) / [2着]4号艇のwin_rate_rank_2to6が有利(+21.3pt)、4号艇のclass_rank_2to6が有利(+17.1pt) / [候補2]2号艇のsession_exh_rel_avgが有利(+11.8pt)、2号艇のwin_rate_rank_2to6が有利(+7.9pt) / [除外]6号艇のwin_rate_rank_2to6が不利(-7.0pt)、6号艇のvs_avg456_diffが不利(-5.0pt)、天気+11.6pt
8,20,若松,5,17:15,0.8017162103044506,2,0.5312708329394144,4,0.2639253283815247,0.6375216529028698,0.14806793394436193,0.6471282273765772,0.5242458361147228,0.640403625244982,1-2,1-4,0.4259284388294762,0.11870846286948357,0.21159321407339365,0.043755541224863956,0.0017305562471929227,True,False,False,False,戦隊,2026-09-14,1号艇のracer_win_te,0.193,1号艇のdominance,0.1632,1号艇の年齢,-0.141,1号艇のsession_exh_rel_avg,-0.1379,1号艇の勝率順位,0.0885,2号艇のwin_rate_rank_2to6,0.2049,2号艇のclass_rank_2to6,0.0827,2号艇の全国勝率,0.0437,2号艇の体重,-0.0376,2号艇のモーター2連率,-0.0366,4号艇のsession_exh_rel_avg,-0.1411,4号艇のclass_rank_2to6,0.1355,4号艇のwin_rate_rank_2to6,0.0635,4号艇の年齢,0.0443,4号艇のモーター2連率,-0.0416,0.0834,北西 2.6m/s,[逃げ]1号艇のracer_win_teが有利(+19.3pt)、1号艇のdominanceが有利(+16.3pt) / [2着]2号艇のwin_rate_rank_2to6が有利(+20.5pt)、2号艇のclass_rank_2to6が有利(+8.3pt) / [候補2]4号艇のsession_exh_rel_avgが不利(-14.1pt)、4号艇のclass_rank_2to6が有利(+13.5pt) / [除外]6号艇の全国勝率が不利(-14.3pt)、6号艇のvs_avg456_diffが不利(-13.5pt)、天気+8.3pt
9,06,浜名湖,10,16:06,0.7633318216304811,2,0.5794113872718185,3,0.1977022274570273,0.5931955511448177,0.10895332645965201,0.6681602882691937,0.5156387968988643,0.6156849722821305,1-2,1-3,0.4422831497196414,0.15091240142517637,0.08316754115914667,0.06201370273212149,0.02495503370347679,True,False,False,False,準優勝戦,2026-09-14,1号艇のdominance,0.2255,1号艇のracer_win_te,0.1117,1号艇のsession_exh_rel_avg,0.0924,1号艇の全国勝率,0.0882,2号艇のsession_exh_rel_avg,-0.0854,2号艇のwin_rate_rank_2to6,0.1855,2号艇のsession_exh_rel_avg,0.1504,2号艇のclass_rank_2to6,0.0851,2号艇のモーター2連率,0.0803,2号艇の節間得点,0.0574,3号艇のsession_exh_rel_avg,0.1161,3号艇のwin_rate_rank_2to6,-0.0577,3号艇の節間得点,0.0469,場特性:1x_diff_course3,-0.0389,1号艇の直近平均着順,-0.0344,0.1017,南 3.0m/s,[逃げ]1号艇のdominanceが有利(+22.5pt)、1号艇のracer_win_teが有利(+11.2pt) / [2着]2号艇のwin_rate_rank_2to6が有利(+18.5pt)、2号艇のsession_exh_rel_avgが有利(+15.0pt) / [候補2]3号艇のsession_exh_rel_avgが有利(+11.6pt)、3号艇のwin_rate_rank_2to6が不利(-5.8pt) / [除外]5号艇のsession_exh_rel_avgが不利(-5.4pt)、天気+10.2pt
10,09,津,5,12:32,0.7000771424073873,2,0.5049734005120035,3,0.32301432899847027,0.5796552836240731,0.09706328087756638,0.7309244486329074,0.5121393912961906,0.6250360331267234,1-2,1-3,0.35352033522218446,0.22613494840188872,0.06795178430945227,0.04006689666262385,0.012403181723223836,True,True,False,False,５ールドレー,2026-09-14,1号艇のdominance,0.1795,6号艇の年齢,-0.1243,5号艇のsession_exh_rel_avg,-0.1192,1号艇の勝率順位,0.0851,1号艇の級別順位,0.0679,2号艇のsession_rank_diff_delta,-0.0897,2号艇のsession_exh_rel_avg,0.0807,2号艇のclass_rank_2to6,-0.0801,2号艇のwin_rate_rank_2to6,0.0577,2号艇の全国勝率,0.0444,1号艇のsession_rank_diff_delta,-0.2323,3号艇のwin_rate_rank_2to6,0.186,3号艇のsession_exh_rel_avg,0.1094,6号艇のsession_rank_diff_last,0.0603,3号艇のclass_rank_2to6,0.0485,0.0378,南東 3.6m/s,[逃げ]1号艇のdominanceが有利(+17.9pt)、6号艇の年齢が不利(-12.4pt) / [2着]2号艇のsession_rank_diff_deltaが不利(-9.0pt)、2号艇のsession_exh_rel_avgが有利(+8.1pt) / [候補2]1号艇のsession_rank_diff_deltaが不利(-23.2pt)、3号艇のwin_rate_rank_2to6が有利(+18.6pt) / [除外]5号艇のracer_avgfin_teが不利(-6.8pt)、6号艇のwin_rate_rank_2to6が不利(-6.5pt)、天気+3.8pt
11,18,徳山,6,13:14,0.7518426730287308,3,0.4245877309605527,2,0.3527638324498832,0.584446077317565,0.11209249621560874,0.6652590671948271,0.5058316536656292,0.6086899742807437,1-3,1-2,0.26522290273697946,0.3192231745805855,0.08427592198120616,0.06540734507719001,0.017713319550064967,True,True,False,False,予選,2026-09-14,場特性:in_escape_diff,0.2305,1号艇のdominance,0.1069,1号艇のracer_win_te,0.0913,1号艇の節間得点,0.0802,風速区分,0.0799,3号艇のsession_exh_rel_avg,0.105,3号艇のwin_rate_rank_2to6,0.0838,3号艇のモーター2連率,0.067,3号艇の全国勝率,0.0634,3号艇のracer_avgfin_te,0.0597,2号艇のwin_rate_rank_2to6,-0.14,2号艇の当地勝率,0.0828,2号艇の全国勝率,0.0727,2号艇のsession_exh_rel_avg,0.0556,2号艇のracer_avgfin_te,0.0506,0.0653,南 1.1m/s,[逃げ]場特性:in_escape_diffが有利(+23.0pt)、1号艇のdominanceが有利(+10.7pt) / [2着]3号艇のsession_exh_rel_avgが有利(+10.5pt)、3号艇のwin_rate_rank_2to6が有利(+8.4pt) / [候補2]2号艇のwin_rate_rank_2to6が不利(-14.0pt)、2号艇の当地勝率が有利(+8.3pt) / [除外]6号艇のwin_rate_rank_2to6が不利(-7.5pt)、3号艇のracer_avgfin_teが不利(-6.3pt)、天気+6.5pt
12,20,若松,12,20:40,0.803384415312191,3,0.4916072926163006,2,0.2500860760140209,0.5958648932980002,0.13178427332379783,0.6099090953065237,0.5016341469430731,0.6000781539005572,1-3,1-2,0.20091525595624432,0.3949496373417558,0.08999468431886459,0.10587343137158128,0.01165141230942536,False,False,False,False,一般戦,2026-09-14,1号艇のdominance,0.2418,1号艇のracer_win_te,0.1556,3号艇の平均ST,-0.0792,5号艇のsession_exh_rel_avg,-0.077,1号艇の勝率順位,0.0753,3号艇のwin_rate_rank_2to6,0.15,3号艇の女子戦勝率,0.0877,3号艇のsession_exh_rel_avg,-0.0577,場特性:1x_diff_course3,0.0437,3号艇のclass_rank_2to6,0.0404,2号艇のwin_rate_rank_2to6,-0.1355,2号艇のsession_exh_rel_avg,0.0838,2号艇の全国勝率,-0.061,2号艇のclass_rank_2to6,-0.056,1号艇vs2号艇のplace_rate差,-0.0513,0.1508,北 1.4m/s,[逃げ]1号艇のdominanceが有利(+24.2pt)、1号艇のracer_win_teが有利(+15.6pt) / [2着]3号艇のwin_rate_rank_2to6が有利(+15.0pt)、3号艇の女子戦勝率が有利(+8.8pt) / [候補2]2号艇のwin_rate_rank_2to6が不利(-13.5pt)、2号艇のsession_exh_rel_avgが有利(+8.4pt) / [除外]6号艇のwin_rate_rank_2to6が不利(-7.2pt)、1号艇vs6号艇のcumulative差が不利(-5.5pt)、天気+15.1pt
13,18,徳山,11,16:00,0.8553599440010192,2,0.38582333356087395,3,0.3287213075670037,0.6111928642213698,0.16990495789498083,0.5446396832328968,0.4865792267878763,0.5912269099248278,1-2,1-3,0.3300178249889157,0.28117503923245407,0.14532989527054632,0.0786512888319977,0.02018589886356945,True,False,False,False,予選,2026-09-14,場特性:in_escape_diff,0.2397,1号艇の節間得点,0.1075,1号艇のracer_win_te,0.0918,レース時間帯,0.0845,風速区分,0.082,2号艇のwin_rate_rank_2to6,0.1496,2号艇の当地勝率,0.0951,2号艇のclass_rank_2to6,-0.0715,2号艇のsession_exh_rel_avg,-0.0655,avg_entry_count,-0.0549,3号艇のwin_rate_rank_2to6,-0.0797,3号艇の当地勝率,0.0616,3号艇の全国勝率,0.0573,3号艇のcumulative_diff_rank_2to6,-0.0561,場特性:1x_diff_course3,0.0521,0.1283,北西 1.3m/s,[逃げ]場特性:in_escape_diffが有利(+24.0pt)、1号艇の節間得点が有利(+10.7pt) / [2着]2号艇のwin_rate_rank_2to6が有利(+15.0pt)、2号艇の当地勝率が有利(+9.5pt) / [候補2]3号艇のwin_rate_rank_2to6が不利(-8.0pt)、3号艇の当地勝率が有利(+6.2pt) / [除外]6号艇のwin_rate_rank_2to6が不利(-6.1pt)、2号艇のracer_2nd_teが不利(-5.5pt)、天気+12.8pt
14,12,住之江,12,20:30,0.8383569792401531,5,0.3508680067001033,3,0.3127213355543924,0.5563247564284391,0.1272304961150753,0.5363588461394204,0.4713869867146526,0.5503349833417335,1-5,1-3,0.08430091504267408,0.2621721142193267,0.10666457439026057,0.2941526422091124,0.09106674587127188,False,False,False,False,一般特別戦,2026-09-14,1号艇のracer_win_te,0.1854,1号艇のdominance,0.1633,1号艇のsession_exh_rel_avg,0.1491,風速区分,0.1033,race_no,0.0995,5号艇のsession_exh_rel_avg,0.1499,5号艇のclass_rank_2to6,0.1416,5号艇のwin_rate_rank_2to6,0.1122,1号艇vs4号艇の勝率差,0.0912,5号艇の節間得点,0.0732,3号艇の当地勝率,0.0962,3号艇のwin_rate_rank_2to6,-0.0798,3号艇のcumulative_diff_rank_2to6,-0.0615,3号艇のsession_exh_rel_avg,-0.0508,6号艇の直近1着率,0.0484,0.1252,北 0.5m/s,[逃げ]1号艇のracer_win_teが有利(+18.5pt)、1号艇のdominanceが有利(+16.3pt) / [2着]5号艇のsession_exh_rel_avgが有利(+15.0pt)、5号艇のclass_rank_2to6が有利(+14.2pt) / [候補2]3号艇の当地勝率が有利(+9.6pt)、3号艇のwin_rate_rank_2to6が不利(-8.0pt) / [除外]2号艇のwin_rate_rank_2to6が不利(-7.0pt)、天気+12.5pt
15,21,芦屋,1,08:44,0.7944935514012348,3,0.5430266860369863,4,0.18911051280275687,0.5816782832191395,0.16568502349517938,0.5664521753445637,0.466027827192981,0.5771104508567667,1-3,1-4,0.1316356827306821,0.43143120029516857,0.150247082923971,0.06593131541398334,0.015248277436727601,False,False,True,False,サンライズＶ,2026-09-14,1号艇のdominance,0.2992,6号艇のモーター出走数,-0.1042,1号艇の勝率順位,0.0898,1号艇のvs_max234_diff,0.089,1号艇のlocal_win_rate順位,0.0846,3号艇のwin_rate_rank_2to6,0.2191,4号艇のモーター出走数,-0.095,6号艇のモーター出走数,0.0865,2号艇のvs_boat3_diff,0.0722,3号艇のcumulative_diff_rank_2to6,0.0473,4号艇のwin_rate_rank_2to6,0.1363,4号艇のsession_exh_rel_avg,0.0816,1号艇vs5号艇の勝率差,0.0764,4号艇の節間得点,-0.0753,1号艇vs4号艇のcumulative差,-0.0729,0.0614,北 1.9m/s,[逃げ]1号艇のdominanceが有利(+29.9pt)、6号艇のモーター出走数が不利(-10.4pt) / [2着]3号艇のwin_rate_rank_2to6が有利(+21.9pt)、4号艇のモーター出走数が不利(-9.5pt) / [候補2]4号艇のwin_rate_rank_2to6が有利(+13.6pt)、4号艇のsession_exh_rel_avgが有利(+8.2pt) / [除外]2号艇のwin_rate_rank_2to6が不利(-6.9pt)、win_rate_range_1to6が不利(-6.3pt)、天気+6.1pt
16,08,常滑,11,15:46,0.7680790914922295,4,0.5223784634369089,3,0.22222878272388497,0.5719172571497134,0.15576059141944731,0.5888466547413465,0.46501865288976046,0.5769960764272033,1-4,1-3,0.11963645354774145,0.17068928153798563,0.4012279756117278,0.05921020054248613,0.01731519312821767,True,False,False,False,予選特選,2026-09-14,1号艇のdominance,0.1383,1号艇の全国勝率,0.1002,1号艇のracer_win_te,0.0934,場特性:in_escape_diff,0.0852,1号艇の勝率順位,0.0745,4号艇のwin_rate_rank_2to6,0.2525,4号艇のclass_rank_2to6,0.2201,4号艇の全国勝率,0.1305,4号艇のsession_exh_rel_avg,0.092,win_rate_gap_top2_2to6,0.0847,3号艇のwin_rate_rank_2to6,-0.1033,3号艇の全国勝率,-0.0742,1号艇vs3号艇の勝率差,-0.073,3号艇のcumulative_diff_rank_2to6,-0.0504,3号艇のモーター2連率,-0.0425,-0.0001,南 5.8m/s,[逃げ]1号艇のdominanceが有利(+13.8pt)、1号艇の全国勝率が有利(+10.0pt) / [2着]4号艇のwin_rate_rank_2to6が有利(+25.2pt)、4号艇のclass_rank_2to6が有利(+22.0pt) / [候補2]3号艇のwin_rate_rank_2to6が不利(-10.3pt)、3号艇の全国勝率が不利(-7.4pt) / [除外]6号艇のsession_exh_rel_avgが不利(-8.6pt)、天気影響ほぼなし
17,12,住之江,11,19:57,0.7907310710148014,2,0.5076658604656633,3,0.25072037143282344,0.59967955739197,0.19397747681181848,0.5644087550866683,0.4600903644657431,0.5890983167003795,1-2,1-3,0.4014271695636647,0.19825238782830532,0.03145068330201165,0.15338401799215803,0.006216816379003107,True,False,False,False,予選特別Ａ戦,2026-09-14,風速区分,0.117,1号艇のracer_win_te,0.1151,1号艇の節間得点,0.1041,場特性:in_escape_diff,0.0739,1号艇の勝率順位,-0.0737,2号艇のwin_rate_rank_2to6,0.2022,2号艇の当地勝率,0.1182,6号艇のsession_rank_diff_last,-0.073,2号艇の全国勝率,0.0625,2号艇のsession_exh_rel_avg,0.0575,3号艇の節間得点,-0.0866,場特性:1x_diff_course3,0.0815,3号艇のwin_rate_rank_2to6,-0.0799,1号艇のracer_win_te,0.0753,3号艇の当地勝率,0.0613,0.148,北西 0.4m/s,[逃げ]風速区分が有利(+11.7pt)、1号艇のracer_win_teが有利(+11.5pt) / [2着]2号艇のwin_rate_rank_2to6が有利(+20.2pt)、2号艇の当地勝率が有利(+11.8pt) / [候補2]3号艇の節間得点が不利(-8.7pt)、場特性:1x_diff_course3が有利(+8.1pt) / [除外]6号艇のsession_exh_rel_avgが不利(-7.0pt)、6号艇のwin_rate_rank_2to6が不利(-6.4pt)、天気+14.8pt
18,19,下関,9,19:16,0.6572291951758051,2,0.4350323771312826,4,0.37678685321376526,0.5335512993879173,0.11830134748940366,0.6935178828556442,0.4578074941811419,0.5815412744282353,1-2,1-4,0.28591597909741023,0.07775109939867401,0.24763532029050717,0.04436403046629091,0.0015627657698997223,True,False,False,False,予選,2026-09-14,1号艇のdominance,0.2638,ST差分(4-3),-0.1057,6号艇の枠別出走数,-0.0907,場特性:in_escape_diff,0.0839,4号艇のsession_exh_rel_avg,-0.0752,2号艇のclass_rank_2to6,0.1203,2号艇のsession_exh_rel_avg,-0.0812,2号艇のwin_rate_rank_2to6,0.0703,3号艇のracer_win_te,0.0555,2号艇のモーター2連率,0.0539,4号艇のwin_rate_rank_2to6,0.1969,4号艇のsession_exh_rel_avg,0.0875,4号艇の年齢,-0.0858,3号艇の年齢,0.0675,4号艇のclass_rank_2to6,-0.0573,0.0466,北西 2.2m/s,[逃げ]1号艇のdominanceが有利(+26.4pt)、ST差分(4-3)が不利(-10.6pt) / [2着]2号艇のclass_rank_2to6が有利(+12.0pt)、2号艇のsession_exh_rel_avgが不利(-8.1pt) / [候補2]4号艇のwin_rate_rank_2to6が有利(+19.7pt)、4号艇のsession_exh_rel_avgが有利(+8.7pt) / [除外]6号艇の直近平均着順が不利(-26.8pt)、6号艇のvs_avg456_diffが不利(-11.3pt)、天気+4.7pt
19,20,若松,9,19:09,0.7171995109460556,2,0.4327098646280511,3,0.3478449205723856,0.5598135102123566,0.16250533212906104,0.6180494530713756,0.4506462937234832,0.5772842930700622,1-2,1-3,0.3103393032927722,0.2494742069195845,0.11654874472908891,0.033638334119265124,0.007198904184826401,True,False,False,False,準優勝戦,2026-09-14,1号艇のdominance,0.2103,2号艇のsession_exh_rel_avg,-0.1116,1号艇の級別順位,0.0771,1号艇の年齢,-0.0769,風速区分,0.0702,2号艇のsession_exh_rel_avg,0.1298,2号艇のwin_rate_rank_2to6,0.0764,1号艇の年齢,0.0666,2号艇のclass_rank_2to6,0.0591,2号艇の節間得点,0.0583,3号艇のwin_rate_rank_2to6,0.0706,3号艇の節間得点,0.0664,3号艇のsession_exh_rel_avg,-0.0556,6号艇のsession_rank_diff_last,0.0411,3号艇のcumulative_diff_rank_2to6,0.0393,0.1149,北西 1.8m/s,[逃げ]1号艇のdominanceが有利(+21.0pt)、2号艇のsession_exh_rel_avgが不利(-11.2pt) / [2着]2号艇のsession_exh_rel_avgが有利(+13.0pt)、2号艇のwin_rate_rank_2to6が有利(+7.6pt) / [候補2]3号艇のwin_rate_rank_2to6が有利(+7.1pt)、3号艇の節間得点が有利(+6.6pt) / [除外]6号艇のwin_rate_rank_2to6が不利(-6.7pt)、std_234_全国勝率が不利(-6.4pt)、天気+11.5pt
20,20,若松,8,18:39,0.5408857514658854,2,0.47985058083175547,3,0.40809440916654416,0.48027679317559835,0.05576617500451837,0.8321788149937812,0.44813695353699123,0.5858473997210532,1-2,1-3,0.25954434200452564,0.22073245117107274,0.03016312947369699,0.022319440987908754,0.008126392866072356,True,False,False,False,エイトビート,2026-09-14,1号艇のracer_win_te,-0.1064,1号艇の年齢,0.0934,1号艇の平均ST,-0.0832,1号艇の女子戦勝率,0.0709,1号艇のsession_exh_rel_avg,-0.063,2号艇のwin_rate_rank_2to6,0.1944,2号艇のclass_rank_2to6,0.0853,2号艇のracer_avgfin_te,0.0663,2号艇の全国勝率,0.0442,ST差分(3-2),-0.0437,3号艇の節間得点,0.0705,3号艇のwin_rate_rank_2to6,0.0602,1号艇のsession_rank_diff_last,0.055,3号艇のcumulative_diff_rank_2to6,0.0448,場特性:1x_diff_course3,0.0447,0.0922,北西 1.8m/s,[逃げ]1号艇のracer_win_teが不利(-10.6pt)、1号艇の年齢が有利(+9.3pt) / [2着]2号艇のwin_rate_rank_2to6が有利(+19.4pt)、2号艇のclass_rank_2to6が有利(+8.5pt) / [候補2]3号艇の節間得点が有利(+7.0pt)、3号艇のwin_rate_rank_2to6が有利(+6.0pt) / [除外]6号艇のwin_rate_rank_2to6が不利(-11.5pt)、6号艇の直近平均着順が不利(-9.2pt)、天気+9.2pt
21,04,平和島,9,14:56,0.7382502441433785,2,0.46331870835565686,5,0.24546356651229292,0.5232586874657631,0.13357333096705465,0.5752089439008952,0.4393866004550619,0.5388437643963027,1-2,1-5,0.34204514955975845,0.0986105441974724,0.09298357414775477,0.18121353790600467,0.023397438332388155,True,True,False,False,予選特賞,2026-09-14,場特性:in_escape_diff,-0.19,1号艇のdominance,0.15,1号艇の勝率順位,0.0892,1号艇の級別順位,0.0732,1号艇のlocal_win_rate順位,0.0678,2号艇のwin_rate_rank_2to6,0.1679,2号艇のclass_rank_2to6,0.0749,3号艇のracer_2nd_te,0.0602,2号艇のモーター2連率,-0.0553,2号艇の全国勝率,0.0464,5号艇のwin_rate_rank_2to6,0.1372,5号艇のclass_rank_2to6,0.1353,5号艇の枠別勝率,0.0812,3号艇の年齢,0.0658,5号艇のsession_exh_rel_avg,0.0487,-0.094,南西 4.9m/s,[逃げ]場特性:in_escape_diffが不利(-19.0pt)、1号艇のdominanceが有利(+15.0pt) / [2着]2号艇のwin_rate_rank_2to6が有利(+16.8pt)、2号艇のclass_rank_2to6が有利(+7.5pt) / [候補2]5号艇のwin_rate_rank_2to6が有利(+13.7pt)、5号艇のclass_rank_2to6が有利(+13.5pt) / [除外]6号艇のwin_rate_rank_2to6が不利(-6.5pt)、天気-9.4pt
22,04,平和島,11,16:03,0.8161256139426942,2,0.4324917270418036,4,0.26348604115402297,0.5680052833592851,0.19062289941444832,0.5053548687813783,0.4380755065632785,0.5492101589859131,1-2,1-4,0.3529675762571281,0.1555722308161531,0.215037707102157,0.07078233889483566,0.021765757832115505,True,False,False,False,予選特選,2026-09-14,1号艇のdominance,0.3912,1号艇のracer_win_te,0.1916,場特性:in_escape_diff,-0.1573,1号艇のvs_max234_diff,0.1026,1号艇の勝率順位,0.0893,2号艇のwin_rate_rank_2to6,0.1419,3号艇のracer_win_te,0.047,2号艇のモーター2連率,-0.0408,2号艇の全国勝率,0.0404,1号艇の女子戦2連率,0.039,4号艇のwin_rate_rank_2to6,0.0786,場×風向,0.0624,4号艇のcumulative_diff_rank_2to6,0.0578,4号艇のclass_rank_2to6,0.0521,4号艇の年齢,0.0512,-0.0375,南西 4.2m/s,[逃げ]1号艇のdominanceが有利(+39.1pt)、1号艇のracer_win_teが有利(+19.2pt) / [2着]2号艇のwin_rate_rank_2to6が有利(+14.2pt)、3号艇のracer_win_teが有利(+4.7pt) / [候補2]4号艇のwin_rate_rank_2to6が有利(+7.9pt)、場×風向が有利(+6.2pt) / [除外]6号艇のwin_rate_rank_2to6が不利(-6.1pt)、天気-3.8pt
23,19,下関,10,19:48,0.7080604444565999,2,0.42727623391705927,3,0.33003849833499066,0.5362246059119175,0.15546260358508746,0.6018521286669625,0.43618915790217244,0.555912862738431,1-2,1-3,0.30253740009305513,0.2336872058188623,0.032539371281229426,0.11007692019083722,0.02921953652169304,True,False,False,False,予選特賞,2026-09-14,1号艇のracer_win_te,0.2232,1号艇の節間得点,0.121,1号艇のsession_exh_rel_avg,0.1001,1号艇の級別順位,-0.0925,場特性:in_escape_diff,0.0922,2号艇のwin_rate_rank_2to6,0.2263,2号艇のsession_exh_rel_avg,-0.1028,2号艇のclass_rank_2to6,0.0849,2号艇の全国勝率,0.062,2号艇のcumulative_diff_rank_2to6,-0.049,3号艇のwin_rate_rank_2to6,-0.0646,場特性:1x_diff_course3,0.0603,3号艇の当地勝率,0.0491,4号艇の女子戦2連率,0.0467,1号艇のracer_win_te,-0.0464,0.1756,北 1.5m/s,[逃げ]1号艇のracer_win_teが有利(+22.3pt)、1号艇の節間得点が有利(+12.1pt) / [2着]2号艇のwin_rate_rank_2to6が有利(+22.6pt)、2号艇のsession_exh_rel_avgが不利(-10.3pt) / [候補2]3号艇のwin_rate_rank_2to6が不利(-6.5pt)、場特性:1x_diff_course3が有利(+6.0pt) / [除外]6号艇のwin_rate_rank_2to6が不利(-7.4pt)、4号艇のwin_rate_rank_2to6が不利(-5.4pt)、天気+17.6pt
24,07,蒲郡,8,18:32,0.6692069287837414,3,0.48380977354490523,2,0.2726542466393759,0.506230963682925,0.11967591714474829,0.6367881030395328,0.4335305778439364,0.5453981054899073,1-3,1-2,0.18246211101338147,0.32376885266954347,0.08008795296181451,0.0768919502788128,0.005996069339159368,True,False,False,False,予選,2026-09-14,1号艇の年齢,0.1248,1号艇の勝率順位,-0.0759,1号艇のsession_exh_rel_avg,-0.0645,1号艇のモーター2連率順位,0.0622,風速区分,0.0596,3号艇のwin_rate_rank_2to6,0.2261,3号艇のsession_exh_rel_avg,-0.1388,3号艇の当地勝率,-0.0633,3号艇のclass_rank_2to6,0.0526,3号艇の全国勝率,0.0453,2号艇のracer_avgfin_te,-0.0659,2号艇のsession_exh_rel_avg,-0.0616,2号艇の全国勝率,0.0607,2号艇のwin_rate_rank_2to6,-0.0516,2号艇の当地勝率,-0.0403,0.0343,南 2.5m/s,[逃げ]1号艇の年齢が有利(+12.5pt)、1号艇の勝率順位が不利(-7.6pt) / [2着]3号艇のwin_rate_rank_2to6が有利(+22.6pt)、3号艇のsession_exh_rel_avgが不利(-13.9pt) / [候補2]2号艇のracer_avgfin_teが不利(-6.6pt)、2号艇のsession_exh_rel_avgが不利(-6.2pt) / [除外]6号艇の直近平均着順が不利(-11.0pt)、6号艇のwin_rate_rank_2to6が不利(-10.7pt)、天気+3.4pt
25,21,芦屋,12,14:27,0.8312406845622251,2,0.4272555432252465,3,0.23175401718911848,0.5477955581318877,0.1775558077958273,0.4814537526185377,0.4310784187345997,0.5278930164778828,1-2,1-3,0.35515219023355926,0.19264336789832853,0.14759161122020234,0.11583090446439907,0.020022604552510165,True,True,False,False,優勝戦,2026-09-14,1号艇のdominance,0.1584,1号艇のracer_win_te,0.1553,風速区分,0.1308,race_no,0.1092,1号艇の全国勝率,0.103,2号艇のwin_rate_rank_2to6,0.156,2号艇の当地勝率,0.1004,2号艇のclass_rank_2to6,0.0709,2号艇の全国勝率,0.0541,4号艇の節間得点,-0.0478,3号艇のwin_rate_rank_2to6,-0.1432,3号艇の節間得点,0.118,5号艇の節間得点,-0.0991,3号艇のsession_exh_rel_avg,0.097,4号艇のモーター出走数,-0.0897,0.2267,東 1.3m/s,[逃げ]1号艇のdominanceが有利(+15.8pt)、1号艇のracer_win_teが有利(+15.5pt) / [2着]2号艇のwin_rate_rank_2to6が有利(+15.6pt)、2号艇の当地勝率が有利(+10.0pt) / [候補2]3号艇のwin_rate_rank_2to6が不利(-14.3pt)、3号艇の節間得点が有利(+11.8pt) / [除外]6号艇のsession_exh_rel_avgが不利(-8.1pt)、4号艇のwin_rate_rank_2to6が不利(-5.4pt)、天気+22.7pt
26,19,下関,7,18:18,0.5629229953388877,2,0.5008163593664264,5,0.347392107343603,0.47747605075221494,0.08197704221061616,0.7662314244994132,0.4305055615117278,0.5641026628763743,1-2,1-5,0.2819210451292656,0.04614676215022248,0.03796118324369664,0.1955550056229494,0.0013389934258617984,True,False,False,False,ふく～る特賞,2026-09-14,2号艇のsession_avg_finish,-0.1269,1号艇のsession_exh_rel_avg,0.1091,1号艇の勝率順位,-0.0886,1号艇のdominance,-0.0865,1号艇のracer_win_te,-0.078,場特性:in_escape_diff,0.0533,3号艇のracer_2nd_te,0.0506,2号艇のsession_exh_rel_avg,0.0478,2号艇の全国勝率,0.0449,3号艇のracer_avgfin_te,0.0423,5号艇のwin_rate_rank_2to6,0.249,5号艇のclass_rank_2to6,0.1935,3号艇の一般戦2連率,0.0877,5号艇のsession_exh_rel_avg,-0.0723,5号艇の年齢,0.0715,0.0784,北西 2.6m/s,[逃げ]2号艇のsession_avg_finishが不利(-12.7pt)、1号艇のsession_exh_rel_avgが有利(+10.9pt) / [2着]場特性:in_escape_diffが有利(+5.3pt)、3号艇のracer_2nd_teが有利(+5.1pt) / [候補2]5号艇のwin_rate_rank_2to6が有利(+24.9pt)、5号艇のclass_rank_2to6が有利(+19.4pt) / [除外]6号艇の全国勝率が不利(-10.7pt)、6号艇のwin_rate_rank_2to6が不利(-10.3pt)、天気+7.8pt
27,07,蒲郡,11,20:04,0.7184780640102231,2,0.3606066006659653,4,0.34765220133415703,0.5088684128792478,0.14542478422153876,0.5628340177785836,0.420065917911102,0.5250580943490485,1-2,1-4,0.25908793231579036,0.1044845174265956,0.24978048056345745,0.07935766619789805,0.02576746616821195,False,False,False,False,予選特選,2026-09-14,1号艇のdominance,0.2288,1号艇のsession_exh_rel_avg,-0.1286,風速区分,0.1008,1号艇vs4号艇の枠別平均ST差,-0.0995,1号艇の勝率順位,0.0741,2号艇のwin_rate_rank_2to6,0.1552,2号艇のモーター2連率,-0.0471,3号艇の全国勝率,-0.0412,3号艇のracer_win_te,0.0378,2号艇の全国勝率,0.0313,4号艇のclass_rank_2to6,0.1847,4号艇のモーター2連率,0.1025,4号艇のwin_rate_rank_2to6,0.0947,4号艇のcumulative_diff_rank_2to6,-0.078,4号艇のracer_win_te,0.0484,0.054,南 2.5m/s,[逃げ]1号艇のdominanceが有利(+22.9pt)、1号艇のsession_exh_rel_avgが不利(-12.9pt) / [2着]2号艇のwin_rate_rank_2to6が有利(+15.5pt)、2号艇のモーター2連率が不利(-4.7pt) / [候補2]4号艇のclass_rank_2to6が有利(+18.5pt)、4号艇のモーター2連率が有利(+10.3pt) / [除外]6号艇のwin_rate_rank_2to6が不利(-8.0pt)、天気+5.4pt
28,20,若松,10,19:40,0.8340965524025457,2,0.33666703885540233,3,0.31134334841272937,0.5405032299413872,0.18812839985023777,0.459881987417894,0.41848242062607727,0.5163168571843392,1-2,1-3,0.28081281641686495,0.25969041352452216,0.12318801257596693,0.1569172497240909,0.01348805783066192,True,False,False,False,準優勝戦,2026-09-14,1号艇のdominance,0.1648,1号艇のsession_exh_rel_avg,0.1098,風速区分,0.0947,1号艇の級別順位,-0.0915,1号艇の勝率順位,0.0901,2号艇のwin_rate_rank_2to6,0.1426,2号艇のclass_rank_2to6,0.0768,2号艇のsession_exh_rel_avg,0.0653,2号艇の一般戦勝率,-0.0623,2号艇の全国勝率,0.0475,3号艇のsession_exh_rel_avg,0.1188,5号艇のracer_2nd_te,-0.0709,3号艇のwin_rate_rank_2to6,-0.0653,3号艇のcumulative_diff_rank_2to6,0.0557,3号艇の節間得点,0.0497,0.1966,北 1.3m/s,[逃げ]1号艇のdominanceが有利(+16.5pt)、1号艇のsession_exh_rel_avgが有利(+11.0pt) / [2着]2号艇のwin_rate_rank_2to6が有利(+14.3pt)、2号艇のclass_rank_2to6が有利(+7.7pt) / [候補2]3号艇のsession_exh_rel_avgが有利(+11.9pt)、5号艇のracer_2nd_teが不利(-7.1pt) / [除外]1号艇vs5号艇の枠別平均ST差が不利(-6.7pt)、6号艇のwin_rate_rank_2to6が不利(-6.3pt)、天気+19.7pt
29,06,浜名湖,7,14:32,0.7568471558253436,2,0.3754348568509466,6,0.29741434517304,0.5092440048512062,0.14937239047261208,0.5234768115513745,0.4179636116450409,0.5135138468612567,1-2,1-6,0.2841468036053339,0.1130520688880291,0.0762603011338546,0.05829078377172899,0.22509720124587232,True,True,False,False,一般,2026-09-14,1号艇のdominance,0.1754,1号艇のsession_exh_rel_avg,-0.1539,1号艇のracer_win_te,0.1017,1号艇のvs_max234_diff,0.0905,1号艇の勝率順位,0.0874,2号艇のsession_exh_rel_avg,-0.1064,2号艇の節間得点,0.0807,1号艇の年齢,0.0633,2号艇のclass_rank_2to6,0.0587,2号艇のwin_rate_rank_2to6,0.0433,6号艇のwin_rate_rank_2to6,0.2786,6号艇のclass_rank_2to6,0.2081,6号艇の節間得点,0.1547,5号艇の年齢,0.1491,6号艇のvs_avg456_diff,0.1359,-0.0061,南 2.5m/s,[逃げ]1号艇のdominanceが有利(+17.5pt)、1号艇のsession_exh_rel_avgが不利(-15.4pt) / [2着]2号艇のsession_exh_rel_avgが不利(-10.6pt)、2号艇の節間得点が有利(+8.1pt) / [候補2]6号艇のwin_rate_rank_2to6が有利(+27.9pt)、6号艇のclass_rank_2to6が有利(+20.8pt)、天気-0.6pt
30,21,芦屋,11,13:49,0.7643688156720461,2,0.4742469568661571,5,0.23475594369757946,0.5419397074119487,0.1936006176841072,0.5154022828796294,0.41603587288895166,0.5339784800522529,1-2,1-5,0.3624995847558564,0.1479822748525776,0.06317456299082203,0.17944012265609233,0.01127225689109297,True,True,False,False,選抜戦,2026-09-14,風速区分,0.1134,1号艇のsession_exh_rel_avg,0.1073,1号艇の節間得点,0.1008,1号艇のracer_win_te,0.0819,1号艇のdominance,0.0815,2号艇の当地勝率,0.1135,2号艇のsession_exh_rel_avg,0.0654,2号艇の全国勝率,0.0573,3号艇のモーター出走数,0.0564,2号艇のwin_rate_rank_2to6,0.0491,5号艇のwin_rate_rank_2to6,0.25,5号艇のclass_rank_2to6,0.1557,5号艇のsession_exh_rel_avg,0.0902,2号艇のモーター出走数,-0.0712,5号艇のsession_rank_diff_delta,0.0657,0.1943,北東 1.1m/s,[逃げ]風速区分が有利(+11.3pt)、1号艇のsession_exh_rel_avgが有利(+10.7pt) / [2着]2号艇の当地勝率が有利(+11.4pt)、2号艇のsession_exh_rel_avgが有利(+6.5pt) / [候補2]5号艇のwin_rate_rank_2to6が有利(+25.0pt)、5号艇のclass_rank_2to6が有利(+15.6pt) / [除外]6号艇のwin_rate_rank_2to6が不利(-7.8pt)、天気+19.4pt
31,10,三国,2,08:58,0.633495431388406,2,0.5058924527969229,4,0.26368299677996954,0.48752253141563995,0.13219978620345668,0.6373756633734358,0.4101820821086212,0.5324784710029786,1-2,1-4,0.32048055762072547,0.08374796059041384,0.16704197379491448,0.03781121629433055,0.024413727807930476,False,False,True,False,みくにあさガ,2026-09-14,1号艇のdominance,0.1763,1号艇の勝率順位,0.0805,1号艇の級別順位,0.0663,1号艇vs4号艇のcumulative差,-0.0638,1号艇vs2号艇のcumulative差,-0.0573,2号艇のwin_rate_rank_2to6,0.177,2号艇のclass_rank_2to6,0.1204,2号艇のsession_exh_rel_avg,-0.0588,1号艇vs2号艇のcumulative差,0.0417,2号艇の全国勝率,0.0408,4号艇のwin_rate_rank_2to6,0.1145,4号艇のsession_exh_rel_avg,-0.0943,4号艇の節間得点,0.0623,4号艇のclass_rank_2to6,-0.0613,4号艇の年齢,-0.0589,-0.0355,西 5.6m/s,[逃げ]1号艇のdominanceが有利(+17.6pt)、1号艇の勝率順位が有利(+8.1pt) / [2着]2号艇のwin_rate_rank_2to6が有利(+17.7pt)、2号艇のclass_rank_2to6が有利(+12.0pt) / [候補2]4号艇のwin_rate_rank_2to6が有利(+11.5pt)、4号艇のsession_exh_rel_avgが不利(-9.4pt) / [除外]3号艇のsession_exh_rel_avgが不利(-5.4pt)、天気-3.6pt
32,07,蒲郡,10,19:32,0.7248415037356223,3,0.5174994133610047,4,0.18742226928522177,0.5109564924651359,0.17325815528854466,0.5316635273576817,0.40472363728447835,0.5171686029328996,1-3,1-4,0.12558470181380868,0.37510505296289304,0.13585143950224288,0.0667189617891577,0.02158136656923516,True,False,False,False,予選特賞,2026-09-14,1号艇のdominance,0.1664,1号艇の勝率順位,0.0774,風速区分,0.0746,レース時間帯,0.0706,1号艇のモーター2連率順位,0.0667,3号艇のwin_rate_rank_2to6,0.212,3号艇のsession_exh_rel_avg,0.1131,2号艇のvs_boat3_diff,0.0562,場特性:1x_diff_course3,0.0462,5号艇の一般戦2連率,-0.039,4号艇のclass_rank_2to6,0.1905,4号艇のsession_exh_rel_avg,-0.0769,4号艇のwin_rate_rank_2to6,0.0746,4号艇のcumulative_diff_rank_2to6,-0.0733,4号艇の節間得点,-0.0688,0.1088,南 2.5m/s,[逃げ]1号艇のdominanceが有利(+16.6pt)、1号艇の勝率順位が有利(+7.7pt) / [2着]3号艇のwin_rate_rank_2to6が有利(+21.2pt)、3号艇のsession_exh_rel_avgが有利(+11.3pt) / [候補2]4号艇のclass_rank_2to6が有利(+19.0pt)、4号艇のsession_exh_rel_avgが不利(-7.7pt) / [除外]2号艇のwin_rate_rank_2to6が不利(-6.2pt)、天気+10.9pt
33,18,徳山,1,10:38,0.7402519047647724,3,0.4323093351838994,2,0.2758620280260671,0.5242252005160432,0.19070317062790065,0.5174681925820658,0.40425951108229546,0.5221980981358499,1-3,1-2,0.2042073916985692,0.320017808817474,0.14116838530198486,0.04980083771448858,0.0250574770957759,False,False,True,False,予選,2026-09-14,場特性:in_escape_diff,0.2631,1号艇のracer_win_te,0.1599,1号艇の級別順位,0.085,1号艇の節間得点,-0.0816,1号艇の勝率順位,-0.0789,3号艇の全国勝率,0.1524,3号艇のwin_rate_rank_2to6,0.1417,3号艇の当地勝率,0.1146,4号艇の直近複勝率,0.044,場特性:1x_diff_course3,0.0424,2号艇のsession_exh_rel_avg,-0.0853,2号艇のclass_rank_2to6,-0.0715,2号艇の全国勝率,0.0574,場特性:in_escape_diff,0.054,場特性:1x_diff_course2,0.0452,0.0747,西 0.3m/s,[逃げ]場特性:in_escape_diffが有利(+26.3pt)、1号艇のracer_win_teが有利(+16.0pt) / [2着]3号艇の全国勝率が有利(+15.2pt)、3号艇のwin_rate_rank_2to6が有利(+14.2pt) / [候補2]2号艇のsession_exh_rel_avgが不利(-8.5pt)、2号艇のclass_rank_2to6が不利(-7.2pt) / [除外]6号艇のsession_exh_rel_avgが不利(-7.1pt)、6号艇のwin_rate_rank_2to6が不利(-5.4pt)、天気+7.5pt
34,19,下関,12,20:45,0.6664831254705301,2,0.40232077956566603,3,0.35146475963647295,0.5023853421019304,0.17150514372964232,0.5822803954724967,0.3989913377361019,0.5263538581131002,1-2,1-3,0.2681400106066653,0.2342453314952651,0.1143052842272045,0.030585651972673475,0.019206844685878653,False,False,False,False,シーボー特選,2026-09-14,3号艇のsession_exh_rel_avg,-0.1058,race_no,0.0994,場特性:in_escape_diff,0.0938,風速区分,0.0916,1号艇vs4号艇の枠別平均ST差,-0.0744,2号艇のsession_exh_rel_avg,0.1645,2号艇のwin_rate_rank_2to6,0.1627,2号艇のclass_rank_2to6,0.0764,2号艇の全国勝率,0.0653,2号艇のracer_avgfin_te,0.0527,3号艇のsession_exh_rel_avg,0.1292,3号艇のwin_rate_rank_2to6,-0.0718,6号艇の女子戦比率,0.0691,3号艇のsession_avg_finish,0.0488,場特性:1x_diff_course3,0.0472,0.1717,北 1.6m/s,[逃げ]3号艇のsession_exh_rel_avgが不利(-10.6pt)、race_noが有利(+9.9pt) / [2着]2号艇のsession_exh_rel_avgが有利(+16.4pt)、2号艇のwin_rate_rank_2to6が有利(+16.3pt) / [候補2]3号艇のsession_exh_rel_avgが有利(+12.9pt)、3号艇のwin_rate_rank_2to6が不利(-7.2pt) / [除外]6号艇のwin_rate_rank_2to6が不利(-7.7pt)、6号艇の女子戦比率が不利(-5.8pt)、天気+17.2pt
35,18,徳山,7,13:45,0.8056038060288606,3,0.34862110444903555,2,0.3027724902763814,0.5247651591336171,0.20428785577664885,0.44710573894876815,0.39612138015877885,0.5014673330781624,1-3,1-2,0.24391467052748905,0.280850488606128,0.16457507413914327,0.10405692620943857,0.012206627039459466,True,True,False,False,予選,2026-09-14,場特性:in_escape_diff,0.2298,1号艇のsession_exh_rel_avg,0.1521,1号艇のracer_win_te,0.1233,1号艇のdominance,0.1075,風速区分,0.0917,3号艇のsession_exh_rel_avg,0.0994,3号艇のwin_rate_rank_2to6,-0.0976,3号艇のcumulative_diff_rank_2to6,0.0648,6号艇のracer_2nd_te,-0.0539,場特性:1x_diff_course3,0.0508,2号艇のwin_rate_rank_2to6,-0.1521,2号艇のsession_exh_rel_avg,-0.1036,2号艇の全国勝率,0.0756,1号艇の一般戦勝率,-0.0556,2号艇のracer_avgfin_te,0.0487,0.0943,南 1.2m/s,[逃げ]場特性:in_escape_diffが有利(+23.0pt)、1号艇のsession_exh_rel_avgが有利(+15.2pt) / [2着]3号艇のsession_exh_rel_avgが有利(+9.9pt)、3号艇のwin_rate_rank_2to6が不利(-9.8pt) / [候補2]2号艇のwin_rate_rank_2to6が不利(-15.2pt)、2号艇のsession_exh_rel_avgが不利(-10.4pt) / [除外]4号艇の女子戦2連率が不利(-11.0pt)、3号艇の女子戦2連率が不利(-6.1pt)、天気+9.4pt
36,21,芦屋,7,11:30,0.5831919767783902,2,0.6545121202016182,5,0.126784240630739,0.45564576912358484,0.11004416728567926,0.671252193546678,0.39547637803504754,0.5203276964505128,1-2,1-5,0.38170621720579706,0.06417687545226715,0.059345855045319314,0.07393955191778778,0.004023478515068507,True,True,False,False,一般,2026-09-14,1号艇のsession_exh_rel_avg,0.1206,1号艇の級別順位,0.0836,6号艇の枠別出走数,-0.0801,2号艇のモーター出走数,-0.0687,1号艇のdominance,0.0685,2号艇のwin_rate_rank_2to6,0.2266,全艇平均勝率,0.0846,2号艇のsession_exh_rel_avg,-0.0659,1号艇の直近複勝率,0.0578,3号艇のモーター出走数,0.0517,5号艇のwin_rate_rank_2to6,0.1262,avg_456_win_rate,-0.1079,5号艇のracer_avgfin_te,-0.1004,mean_234_全国勝率,0.0912,5号艇のclass_rank_2to6,-0.0896,0.0413,北 2.1m/s,[逃げ]1号艇のsession_exh_rel_avgが有利(+12.1pt)、1号艇の級別順位が有利(+8.4pt) / [2着]2号艇のwin_rate_rank_2to6が有利(+22.7pt)、全艇平均勝率が有利(+8.5pt) / [候補2]5号艇のwin_rate_rank_2to6が有利(+12.6pt)、avg_456_win_rateが不利(-10.8pt) / [除外]6号艇の直近平均着順が不利(-19.7pt)、6号艇の全国勝率が不利(-16.1pt)、天気+4.1pt
37,18,徳山,10,15:24,0.7615634304228034,3,0.3917401469981472,2,0.2474719857676392,0.4868005845969887,0.15760102739167564,0.4816111053741107,0.3947362578761643,0.4852437408301253,1-3,1-2,0.1884656144147465,0.29833497018224225,0.11477759085341287,0.1200231790585627,0.03996207307679423,True,False,False,False,予選,2026-09-14,場特性:in_escape_diff,0.2251,1号艇のsession_exh_rel_avg,0.1411,1号艇のracer_win_te,0.1308,風速区分,0.0948,1号艇の級別順位,0.0942,3号艇のsession_exh_rel_avg,0.1223,3号艇のモーター2連率,0.0968,3号艇の当地勝率,0.0787,3号艇のcumulative_diff_rank_2to6,-0.0679,3号艇のwin_rate_rank_2to6,-0.0612,2号艇のsession_exh_rel_avg,-0.1883,2号艇のwin_rate_rank_2to6,-0.1432,2号艇の全国勝率,0.0735,2号艇のclass_rank_2to6,-0.057,2号艇のracer_avgfin_te,0.0515,0.1113,南西 1.4m/s,[逃げ]場特性:in_escape_diffが有利(+22.5pt)、1号艇のsession_exh_rel_avgが有利(+14.1pt) / [2着]3号艇のsession_exh_rel_avgが有利(+12.2pt)、3号艇のモーター2連率が有利(+9.7pt) / [候補2]2号艇のsession_exh_rel_avgが不利(-18.8pt)、2号艇のwin_rate_rank_2to6が不利(-14.3pt) / [除外]2号艇のracer_2nd_teが不利(-5.1pt)、天気+11.1pt
38,09,津,12,16:20,0.7441486211086368,2,0.360334227698649,3,0.3455111729990869,0.5252538816450935,0.21312160356338838,0.49272379713434755,0.39092234220417765,0.5154948562918696,1-2,1-3,0.26814221868019517,0.2571116629648982,0.15859414742015698,0.03902138642931793,0.02127919868364443,True,False,False,False,ツッキー選抜,2026-09-14,1号艇のdominance,0.1708,風速区分,0.1121,場特性:in_escape_diff,0.0824,race_no,0.079,1号艇のモーター2連率,0.0742,2号艇のwin_rate_rank_2to6,0.0684,4号艇のsession_rank_diff_delta,-0.0479,2号艇の全国勝率,0.0462,4号艇の一般戦勝率,-0.0437,2号艇のsession_exh_rel_avg,0.0424,6号艇のモーター出走数,0.1584,3号艇のsession_exh_rel_avg,0.1035,3号艇の節間得点,0.0741,3号艇のcumulative_diff_rank_2to6,0.062,4号艇のsession_rank_diff_last,-0.0524,0.1835,南西 1.1m/s,[逃げ]1号艇のdominanceが有利(+17.1pt)、風速区分が有利(+11.2pt) / [2着]2号艇のwin_rate_rank_2to6が有利(+6.8pt)、4号艇のsession_rank_diff_deltaが不利(-4.8pt) / [候補2]6号艇のモーター出走数が有利(+15.8pt)、3号艇のsession_exh_rel_avgが有利(+10.4pt) / [除外]6号艇のwin_rate_rank_2to6が不利(-6.8pt)、天気+18.3pt
39,06,浜名湖,12,17:06,0.826030217543947,3,0.39453025641819706,2,0.21993623583068223,0.5075678902658077,0.20010798111279265,0.4143585111360866,0.38568582730728346,0.4796050765268914,1-3,1-2,0.18167397672901528,0.32589391353679253,0.16529523917088015,0.1441812652304511,0.008985817491703862,True,False,False,False,準優勝戦,2026-09-14,1号艇のdominance,0.228,1号艇のsession_exh_rel_avg,0.1281,6号艇の枠別出走数,-0.0983,風速区分,0.0853,1号艇のracer_win_te,0.0805,3号艇のwin_rate_rank_2to6,0.0773,3号艇のsession_exh_rel_avg,0.0566,3号艇のcumulative_diff_rank_2to6,0.0455,場特性:1x_diff_course3,-0.0406,1号艇のsession_rank_diff_last,0.0399,2号艇のwin_rate_rank_2to6,-0.1271,2号艇の節間得点,0.0666,2号艇のsession_exh_rel_avg,-0.062,レース時間帯,-0.0526,2号艇のsession_avg_finish,0.0483,0.1177,南 1.6m/s,[逃げ]1号艇のdominanceが有利(+22.8pt)、1号艇のsession_exh_rel_avgが有利(+12.8pt) / [2着]3号艇のwin_rate_rank_2to6が有利(+7.7pt)、3号艇のsession_exh_rel_avgが有利(+5.7pt) / [候補2]2号艇のwin_rate_rank_2to6が不利(-12.7pt)、2号艇の節間得点が有利(+6.7pt) / [除外]1号艇vs6号艇のcumulative差が不利(-6.9pt)、6号艇のwin_rate_rank_2to6が不利(-6.4pt)、天気+11.8pt
40,22,福岡,12,17:27,0.7807347103998925,4,0.3840318818903833,2,0.27854720369741715,0.5172984905034169,0.21264308609790322,0.4499359994898972,0.3852985535580968,0.49708974319936094,1-4,1-2,0.21747147041140283,0.1660178382431859,0.2998270200920141,0.06088007986135691,0.036538319242713425,True,False,False,False,福岡選抜,2026-09-14,race_no,0.1473,1号艇のdominance,0.1334,1号艇のsession_exh_rel_avg,0.1117,風速区分,0.0887,1号艇のracer_win_te,0.0865,4号艇のwin_rate_rank_2to6,0.1646,4号艇の全国勝率,0.1275,4号艇のclass_rank_2to6,0.0989,4号艇のsession_exh_rel_avg,0.07,4号艇の年齢,0.0667,2号艇のwin_rate_rank_2to6,-0.1354,2号艇のsession_exh_rel_avg,-0.1159,2号艇の当地勝率,0.066,2号艇のclass_rank_2to6,-0.0627,2号艇の全国勝率,0.0551,0.1552,東 1.2m/s,[逃げ]race_noが有利(+14.7pt)、1号艇のdominanceが有利(+13.3pt) / [2着]4号艇のwin_rate_rank_2to6が有利(+16.5pt)、4号艇の全国勝率が有利(+12.8pt) / [候補2]2号艇のwin_rate_rank_2to6が不利(-13.5pt)、2号艇のsession_exh_rel_avgが不利(-11.6pt)、天気+15.5pt
41,21,芦屋,2,09:10,0.7246553658691612,4,0.4009665956234348,3,0.3331214594175636,0.5319608481059157,0.23667350722505237,0.497414547815946,0.3808796005527472,0.5215969580189248,1-4,1-3,0.1715067269697079,0.2413982530531035,0.2905625950528122,0.019454719088014803,0.00173307018702505,False,False,True,False,サンライズＷ,2026-09-14,1号艇のdominance,0.1249,1号艇のsession_exh_rel_avg,0.1089,6号艇の枠別出走数,-0.1041,1号艇の級別順位,0.0835,ST差分(6-5),0.0749,4号艇のwin_rate_rank_2to6,0.2296,4号艇のclass_rank_2to6,0.2085,4号艇のsession_exh_rel_avg,-0.0971,4号艇のcumulative_diff_rank_2to6,0.0686,場特性:1x_diff_course4,0.0474,3号艇のsession_exh_rel_avg,0.1126,6号艇のモーター出走数,0.1009,3号艇のwin_rate_rank_2to6,-0.0745,3号艇のモーター2連率,0.0563,3号艇の当地勝率,-0.0522,0.089,北 1.8m/s,[逃げ]1号艇のdominanceが有利(+12.5pt)、1号艇のsession_exh_rel_avgが有利(+10.9pt) / [2着]4号艇のwin_rate_rank_2to6が有利(+23.0pt)、4号艇のclass_rank_2to6が有利(+20.8pt) / [候補2]3号艇のsession_exh_rel_avgが有利(+11.3pt)、6号艇のモーター出走数が有利(+10.1pt) / [除外]6号艇の直近平均着順が不利(-21.8pt)、6号艇のvs_avg456_diffが不利(-11.6pt)、天気+8.9pt
42,02,戸田,11,15:55,0.6916159405943634,2,0.3949814840462845,4,0.2859314306088822,0.47093022593208256,0.15962341962973867,0.521289495025428,0.3807244342477412,0.4860380066600861,1-2,1-4,0.2731754906060286,0.11039810150811047,0.197754735326054,0.09926141978985827,0.011026186923136639,True,False,False,False,選抜戦,2026-09-14,場特性:in_escape_diff,-0.1647,1号艇の節間得点,0.1057,1号艇の級別順位,-0.0732,1号艇のdominance,0.0714,1号艇のracer_win_te,0.0585,2号艇のclass_rank_2to6,0.084,2号艇のwin_rate_rank_2to6,0.0749,2号艇の節間得点,0.0658,2号艇のsession_exh_rel_avg,-0.0564,レース時間帯,-0.0477,4号艇のwin_rate_rank_2to6,0.155,4号艇のclass_rank_2to6,0.1168,4号艇のモーター2連率,0.0807,4号艇の全国勝率,0.0772,4号艇のcumulative_diff_rank_2to6,-0.0593,0.0158,南 2.6m/s,[逃げ]場特性:in_escape_diffが不利(-16.5pt)、1号艇の節間得点が有利(+10.6pt) / [2着]2号艇のclass_rank_2to6が有利(+8.4pt)、2号艇のwin_rate_rank_2to6が有利(+7.5pt) / [候補2]4号艇のwin_rate_rank_2to6が有利(+15.5pt)、4号艇のclass_rank_2to6が有利(+11.7pt) / [除外]6号艇のwin_rate_rank_2to6が不利(-7.9pt)、6号艇のvs_avg456_diffが不利(-6.7pt)、天気+1.6pt
43,08,常滑,5,12:38,0.6014702051992962,2,0.5129057301925929,3,0.21519411887754059,0.43793036562578974,0.10998652783247634,0.6181133212376572,0.3801306372086848,0.49198525230935,1-2,1-3,0.3084975147868337,0.12943285083895606,0.06615361946455764,0.054987022675259595,0.042399215358898186,True,True,False,False,三Ａ傑戦,2026-09-14,1号艇のvs_max234_frame_diff,0.1058,風速区分,-0.0951,場特性:in_escape_diff,0.094,1号艇の級別順位,-0.0912,1号艇のracer_win_te,0.0903,2号艇のclass_rank_2to6,0.0781,2号艇の体重,-0.0591,2号艇のwin_rate_rank_2to6,0.0583,2号艇の全国勝率,0.058,2号艇のsession_exh_rel_avg,0.0523,3号艇のwin_rate_rank_2to6,-0.1421,1号艇の一般戦勝率,0.0599,6号艇のsession_rank_diff_delta,-0.0595,3号艇の全国勝率,-0.0549,3号艇のsession_exh_rel_avg,0.0499,-0.0897,南東 7.0m/s,[逃げ]1号艇のvs_max234_frame_diffが有利(+10.6pt)、風速区分が不利(-9.5pt) / [2着]2号艇のclass_rank_2to6が有利(+7.8pt)、2号艇の体重が不利(-5.9pt) / [候補2]3号艇のwin_rate_rank_2to6が不利(-14.2pt)、1号艇の一般戦勝率が有利(+6.0pt) / [除外]4号艇の女子戦2連率が不利(-10.3pt)、天気-9.0pt
44,22,福岡,1,11:48,0.842876422715328,3,0.34122923559295126,2,0.31204537780063024,0.550629769187921,0.26211532926911674,0.39115928412446477,0.3774355652806373,0.5027886236688841,1-3,1-2,0.26301569176544826,0.28761407742247264,0.22093083107320344,0.06303886893129212,0.008276967260233786,True,True,False,False,カタメン１予,2026-09-14,1号艇のdominance,0.3437,1号艇のsession_exh_rel_avg,0.128,1号艇の勝率順位,0.0891,1号艇のvs_max234_diff,0.0852,1号艇の級別順位,0.0782,3号艇のsession_exh_rel_avg,0.1276,3号艇の全国勝率,-0.0782,3号艇の当地勝率,-0.0552,3号艇の一般戦勝率,-0.049,3号艇のwin_rate_rank_2to6,0.0431,2号艇のwin_rate_rank_2to6,0.1886,2号艇のsession_exh_rel_avg,-0.1132,2号艇の全国勝率,-0.0833,second_best_win_rate,0.0619,場特性:1x_diff_course2,0.044,0.0944,北 1.9m/s,[逃げ]1号艇のdominanceが有利(+34.4pt)、1号艇のsession_exh_rel_avgが有利(+12.8pt) / [2着]3号艇のsession_exh_rel_avgが有利(+12.8pt)、3号艇の全国勝率が不利(-7.8pt) / [候補2]2号艇のwin_rate_rank_2to6が有利(+18.9pt)、2号艇のsession_exh_rel_avgが不利(-11.3pt) / [除外]6号艇のwin_rate_rank_2to6が不利(-12.0pt)、6号艇の直近平均着順が不利(-10.7pt)、天気+9.4pt
45,02,戸田,10,15:21,0.7141231333286822,2,0.39970289599618014,3,0.2819239530784011,0.4867655012220967,0.1872547430426903,0.49437210603189097,0.37738652259802863,0.48904748266503495,1-2,1-3,0.2854370844893405,0.20132841673275617,0.13372294383230324,0.0821266452137414,0.01150804838117276,True,False,False,False,選抜戦,2026-09-14,場特性:in_escape_diff,-0.1751,1号艇のdominance,0.16,1号艇のsession_exh_rel_avg,0.1451,1号艇の節間得点,0.0916,レース時間帯,0.0817,2号艇のwin_rate_rank_2to6,-0.1001,2号艇のsession_exh_rel_avg,0.073,2号艇のモーター2連率,-0.0479,2号艇の全国勝率,0.0457,2号艇の節間得点,0.0423,3号艇のwin_rate_rank_2to6,-0.065,3号艇のsession_exh_rel_avg,0.0531,3号艇のcumulative_diff_rank_2to6,0.0454,3号艇のracer_2nd_te,0.0426,3号艇の節間得点,0.036,0.0584,南 2.9m/s,[逃げ]場特性:in_escape_diffが不利(-17.5pt)、1号艇のdominanceが有利(+16.0pt) / [2着]2号艇のwin_rate_rank_2to6が不利(-10.0pt)、2号艇のsession_exh_rel_avgが有利(+7.3pt) / [候補2]3号艇のwin_rate_rank_2to6が不利(-6.5pt)、3号艇のsession_exh_rel_avgが有利(+5.3pt) / [除外]6号艇のwin_rate_rank_2to6が不利(-7.1pt)、天気+5.8pt
46,22,福岡,11,16:56,0.699781464914411,4,0.4830949023631814,3,0.23312242961420793,0.5011956137682285,0.21077195432593454,0.5054453776514548,0.37443003895200955,0.5024705429331964,1-4,1-3,0.1474943069610758,0.1631347552998371,0.3380608584683914,0.04323502868455108,0.00785651941088925,True,False,False,False,予選特選,2026-09-14,1号艇のvs_max234_frame_diff,0.1223,風速区分,0.0975,1号艇のracer_win_te,0.0845,1号艇のsession_exh_rel_avg,-0.0844,1号艇の級別順位,0.0771,4号艇のwin_rate_rank_2to6,0.2472,4号艇のclass_rank_2to6,0.1799,4号艇の全国勝率,0.1068,4号艇の年齢,0.0797,4号艇のsession_exh_rel_avg,0.0763,3号艇のwin_rate_rank_2to6,-0.1389,3号艇のsession_exh_rel_avg,0.1254,3号艇の全国勝率,-0.0828,4号艇の直近1着率,0.0817,3号艇のracer_avgfin_te,-0.0812,0.1683,北東 1.6m/s,[逃げ]1号艇のvs_max234_frame_diffが有利(+12.2pt)、風速区分が有利(+9.8pt) / [2着]4号艇のwin_rate_rank_2to6が有利(+24.7pt)、4号艇のclass_rank_2to6が有利(+18.0pt) / [候補2]3号艇のwin_rate_rank_2to6が不利(-13.9pt)、3号艇のsession_exh_rel_avgが有利(+12.5pt)、天気+16.8pt
47,11,琵琶湖,10,15:00,0.6497127201569872,4,0.4019821655424804,3,0.3041095449337876,0.458756765893836,0.15535848422830173,0.5507332262479663,0.37323065895934293,0.48634970400007504,1-4,1-3,0.10093838338743631,0.1975838396646347,0.2611729262292013,0.0371630096427669,0.05285454913110555,True,False,False,False,予選特賞,2026-09-14,1号艇のdominance,-0.1669,1号艇のsession_exh_rel_avg,0.1371,1号艇の節間得点,0.0984,1号艇の全国勝率,-0.0718,4号艇のsession_exh_rel_avg,-0.0691,4号艇のwin_rate_rank_2to6,0.2397,4号艇のclass_rank_2to6,0.2194,4号艇の全国勝率,0.0835,4号艇のsession_exh_rel_avg,0.0757,4号艇のcumulative_diff_rank_2to6,0.0624,3号艇のsession_exh_rel_avg,-0.2297,3号艇のwin_rate_rank_2to6,0.074,3号艇のcumulative_diff_rank_2to6,-0.0456,場特性:1x_diff_course3,-0.0425,3号艇のモーター2連率,-0.0419,0.1145,西 0.6m/s,[逃げ]1号艇のdominanceが不利(-16.7pt)、1号艇のsession_exh_rel_avgが有利(+13.7pt) / [2着]4号艇のwin_rate_rank_2to6が有利(+24.0pt)、4号艇のclass_rank_2to6が有利(+21.9pt) / [候補2]3号艇のsession_exh_rel_avgが不利(-23.0pt)、3号艇のwin_rate_rank_2to6が有利(+7.4pt) / [除外]2号艇のwin_rate_rank_2to6が不利(-6.1pt)、天気+11.4pt
48,08,常滑,1,10:43,0.6605238578365298,3,0.45037891286866993,2,0.2231403982004691,0.4448755736747895,0.1342756515107102,0.5392436595584289,0.37319242467912955,0.47318599943988127,1-3,1-2,0.1473895566585533,0.29748601701623617,0.0613047381555194,0.06565125989299439,0.08869227134936776,False,False,True,False,朝トコ小判Ｒ,2026-09-14,1号艇のdominance,0.1856,1号艇の女子戦比率,-0.168,1号艇のsession_exh_rel_avg,-0.1284,1号艇のvs_max234_diff,0.0856,1号艇の年齢,0.0803,3号艇のwin_rate_rank_2to6,0.2499,3号艇のsession_exh_rel_avg,0.1144,3号艇の全国勝率,-0.0715,3号艇のracer_avgfin_te,-0.0702,3号艇の女子戦比率,-0.0513,2号艇のwin_rate_rank_2to6,-0.1846,2号艇の全国勝率,-0.1741,2号艇の節間得点,-0.0821,2号艇のsession_exh_rel_avg,-0.0656,全艇平均勝率,0.0579,-0.113,南東 5.5m/s,[逃げ]1号艇のdominanceが有利(+18.6pt)、1号艇の女子戦比率が不利(-16.8pt) / [2着]3号艇のwin_rate_rank_2to6が有利(+25.0pt)、3号艇のsession_exh_rel_avgが有利(+11.4pt) / [候補2]2号艇のwin_rate_rank_2to6が不利(-18.5pt)、2号艇の全国勝率が不利(-17.4pt) / [除外]4号艇のwin_rate_rank_2to6が不利(-6.0pt)、5号艇のracer_avgfin_teが不利(-5.7pt)、天気-11.3pt
49,19,下関,5,17:22,0.7699428775240876,4,0.3831394589327022,2,0.29795739297989,0.5244056700341786,0.24712374619184904,0.4339731057207431,0.3688939575904671,0.49727590074014794,1-4,1-2,0.22941017253051188,0.19027116824748455,0.2949954975036667,0.054025062618130566,0.0012409632689548231,True,False,False,False,シーモ戦,2026-09-14,1号艇のdominance,0.2816,1号艇のracer_win_te,0.0861,5号艇の枠別出走数,-0.0793,場特性:in_escape_diff,0.0781,4号艇のsession_exh_rel_avg,-0.0719,4号艇のclass_rank_2to6,0.1844,4号艇のwin_rate_rank_2to6,0.1794,1号艇vs5号艇の勝率差,0.0909,4号艇の女子戦比率,-0.085,4号艇のsession_exh_rel_avg,0.0792,2号艇の体重,-0.0645,2号艇のsession_avg_finish,-0.0574,2号艇のsession_exh_rel_avg,0.0569,ST差分(6-5),0.0512,2号艇の全国勝率,0.049,0.0266,北西 3.0m/s,[逃げ]1号艇のdominanceが有利(+28.2pt)、1号艇のracer_win_teが有利(+8.6pt) / [2着]4号艇のclass_rank_2to6が有利(+18.4pt)、4号艇のwin_rate_rank_2to6が有利(+17.9pt) / [候補2]2号艇の体重が不利(-6.4pt)、2号艇のsession_avg_finishが不利(-5.7pt) / [除外]5号艇の直近平均着順が不利(-29.2pt)、1号艇vs5号艇の勝率差が不利(-11.8pt)、天気+2.7pt
50,20,若松,1,15:22,0.6625478254527108,2,0.45504215499351,3,0.2623432067441662,0.47530211143090373,0.1952244178682454,0.5221609438694308,0.3639534178121284,0.4893597611624618,1-2,1-3,0.30148719028026544,0.1738149211506383,0.12934551353387733,0.05622992817801463,0.001670285113614448,True,False,False,False,一般戦,2026-09-14,1号艇のdominance,0.12,ST差分(6-5),0.1163,1号艇のsession_exh_rel_avg,-0.0795,1号艇の級別順位,0.0709,1号艇の勝率順位,-0.0686,2号艇のwin_rate_rank_2to6,0.0757,second_best_win_rate,0.05,2号艇のsession_exh_rel_avg,-0.0491,ST差分(6-5),-0.0456,1号艇vs2号艇のcumulative差,0.0391,3号艇のsession_exh_rel_avg,-0.1292,3号艇の当地勝率,-0.0689,3号艇のwin_rate_rank_2to6,-0.0634,3号艇の全国勝率,-0.0616,1号艇の体重,0.0508,0.0542,北西 2.1m/s,[逃げ]1号艇のdominanceが有利(+12.0pt)、ST差分(6-5)が有利(+11.6pt) / [2着]2号艇のwin_rate_rank_2to6が有利(+7.6pt)、second_best_win_rateが有利(+5.0pt) / [候補2]3号艇のsession_exh_rel_avgが不利(-12.9pt)、3号艇の当地勝率が不利(-6.9pt) / [除外]6号艇の直近平均着順が不利(-21.1pt)、6号艇の全国勝率が不利(-18.9pt)、天気+5.4pt
51,11,琵琶湖,1,10:29,0.5723932269935473,3,0.532410737735945,2,0.252636295894195,0.44935560492126775,0.1599633472344843,0.6250836863956557,0.3630990929271287,0.5020740293635841,1-3,1-2,0.14460730466257496,0.3047483002586928,0.0915619365242358,0.029854320523117546,0.0016213792182540635,False,False,True,False,予選,2026-09-14,1号艇のdominance,0.2037,ST差分(6-5),0.1256,3号艇のsession_exh_rel_avg,-0.1145,1号艇の直近1着率,-0.0966,6号艇の枠別出走数,-0.0889,3号艇のwin_rate_rank_2to6,0.1484,6号艇の年齢,0.1469,3号艇のsession_exh_rel_avg,0.1006,3号艇の年齢,-0.0799,3号艇の全国勝率,-0.0384,2号艇のsession_exh_rel_avg,-0.1738,2号艇のwin_rate_rank_2to6,0.0805,6号艇の体重,0.0782,2号艇の女子戦比率,-0.0769,2号艇の体重,-0.0727,0.0826,東 0.4m/s,[逃げ]1号艇のdominanceが有利(+20.4pt)、ST差分(6-5)が有利(+12.6pt) / [2着]3号艇のwin_rate_rank_2to6が有利(+14.8pt)、6号艇の年齢が有利(+14.7pt) / [候補2]2号艇のsession_exh_rel_avgが不利(-17.4pt)、2号艇のwin_rate_rank_2to6が有利(+8.1pt) / [除外]6号艇の直近平均着順が不利(-22.6pt)、6号艇の全国勝率が不利(-19.0pt)、天気+8.3pt
52,22,福岡,8,15:14,0.6033278583711359,2,0.442707575464939,3,0.24879900961199278,0.4172051870240029,0.11594291932518785,0.5755636657517439,0.35915880221459423,0.4647127306423252,1-2,1-3,0.26709781338993965,0.15010737363406326,0.06001336837923822,0.06995159320976298,0.056157694025131884,True,False,False,False,予選,2026-09-14,1号艇のdominance,-0.2474,1号艇のsession_exh_rel_avg,0.138,1号艇のvs_max234_diff,0.1042,1号艇の年齢,-0.0833,6号艇の枠別勝率,0.0573,2号艇のsession_exh_rel_avg,0.1084,3号艇のracer_2nd_te,0.0979,win_rate_gap_top2_2to6,-0.0959,2号艇のwin_rate_rank_2to6,0.0714,2号艇のclass_rank_2to6,-0.069,3号艇のwin_rate_rank_2to6,-0.1294,3号艇の全国勝率,-0.0976,3号艇のracer_avgfin_te,-0.0894,6号艇のracer_2nd_te,-0.0671,3号艇の枠別出走数,-0.0626,0.0513,北 2.5m/s,[逃げ]1号艇のdominanceが不利(-24.7pt)、1号艇のsession_exh_rel_avgが有利(+13.8pt) / [2着]2号艇のsession_exh_rel_avgが有利(+10.8pt)、3号艇のracer_2nd_teが有利(+9.8pt) / [候補2]3号艇のwin_rate_rank_2to6が不利(-12.9pt)、3号艇の全国勝率が不利(-9.8pt) / [除外]4号艇の女子戦2連率が不利(-16.8pt)、5号艇のracer_avgfin_teが不利(-6.1pt)、天気+5.1pt
53,10,三国,12,14:11,0.6849370123323182,2,0.4111355097457746,3,0.26712929447540623,0.46456866857342033,0.18953743432673517,0.48872736989444565,0.3589048843614282,0.4718162789697279,1-2,1-3,0.28160192770899556,0.18296674086442477,0.12982120399288696,0.03887415070804186,0.05167297885161223,True,True,False,False,準優勝戦,2026-09-14,1号艇のdominance,0.1557,1号艇のsession_exh_rel_avg,0.1542,1号艇のracer_win_te,0.12,race_no,0.0942,1号艇の節間得点,0.0771,2号艇のsession_exh_rel_avg,0.1718,2号艇のwin_rate_rank_2to6,0.1271,2号艇の当地勝率,0.0884,2号艇のclass_rank_2to6,0.0799,2号艇のracer_2nd_te,0.06,3号艇のwin_rate_rank_2to6,-0.1072,3号艇のsession_exh_rel_avg,0.1053,3号艇の当地勝率,0.0985,3号艇のcumulative_diff_rank_2to6,0.0453,1号艇のsession_rank_diff_last,0.0421,0.0314,北東 4.4m/s,[逃げ]1号艇のdominanceが有利(+15.6pt)、1号艇のsession_exh_rel_avgが有利(+15.4pt) / [2着]2号艇のsession_exh_rel_avgが有利(+17.2pt)、2号艇のwin_rate_rank_2to6が有利(+12.7pt) / [候補2]3号艇のwin_rate_rank_2to6が不利(-10.7pt)、3号艇のsession_exh_rel_avgが有利(+10.5pt)、天気+3.1pt
54,18,徳山,12,16:38,0.8706310973582918,2,0.3064984328227455,5,0.26626505231882325,0.4986657015955637,0.23979759648106252,0.3329658886605063,0.35517109756737303,0.4489557577150465,1-2,1-5,0.2668470669070636,0.20877524456818833,0.12160255367949932,0.23181863468850006,0.04158760075839395,True,False,False,False,予選,2026-09-14,場特性:in_escape_diff,0.2235,1号艇のracer_win_te,0.1544,1号艇のsession_exh_rel_avg,0.1356,1号艇のdominance,0.1156,風速区分,0.1076,2号艇のwin_rate_rank_2to6,-0.1454,レース時間帯,-0.0945,2号艇のsession_exh_rel_avg,-0.0757,2号艇のclass_rank_2to6,-0.0612,2号艇の全国勝率,0.0482,1号艇の女子戦2連率,0.1598,5号艇のsession_exh_rel_avg,0.1352,5号艇のwin_rate_rank_2to6,0.1294,5号艇のclass_rank_2to6,-0.0864,1号艇のモーター2連率,0.0722,0.1064,北 1.0m/s,[逃げ]場特性:in_escape_diffが有利(+22.4pt)、1号艇のracer_win_teが有利(+15.4pt) / [2着]2号艇のwin_rate_rank_2to6が不利(-14.5pt)、レース時間帯が不利(-9.4pt) / [候補2]1号艇の女子戦2連率が有利(+16.0pt)、5号艇のsession_exh_rel_avgが有利(+13.5pt)、天気+10.6pt
55,18,徳山,4,12:10,0.655616658312967,2,0.4506640923591216,3,0.2365258953475416,0.45053320336637137,0.18047349083952835,0.5067164968671348,0.35296204342559834,0.4673881914166004,1-2,1-3,0.29546288625413364,0.15507031711223776,0.0718671888244369,0.11832142697828744,0.014894843418005538,True,True,False,False,予選,2026-09-14,1号艇のracer_win_te,0.2111,場特性:in_escape_diff,0.1868,1号艇vs2号艇のcumulative差,-0.1419,1号艇vs3号艇のcumulative差,-0.1395,1号艇の級別順位,0.1005,2号艇の当地勝率,0.087,場特性:in_escape_diff,0.0756,2号艇のwin_rate_rank_2to6,0.0688,2号艇のclass_rank_2to6,-0.063,2号艇のsession_exh_rel_avg,-0.0514,3号艇のwin_rate_rank_2to6,-0.1363,3号艇のcumulative_diff_rank_2to6,-0.0664,3号艇のモーター2連率,0.0548,2号艇の全国勝率,-0.0478,3号艇のsession_exh_rel_avg,-0.044,0.097,南 1.7m/s,[逃げ]1号艇のracer_win_teが有利(+21.1pt)、場特性:in_escape_diffが有利(+18.7pt) / [2着]2号艇の当地勝率が有利(+8.7pt)、場特性:in_escape_diffが有利(+7.6pt) / [候補2]3号艇のwin_rate_rank_2to6が不利(-13.6pt)、3号艇のcumulative_diff_rank_2to6が不利(-6.6pt) / [除外]6号艇のwin_rate_rank_2to6が不利(-6.6pt)、1号艇の女子戦2連率が不利(-5.5pt)、天気+9.7pt
56,11,琵琶湖,11,15:33,0.7598672229389892,4,0.34392481437676947,2,0.32438217947092396,0.507824579485751,0.25427913956029713,0.4140278542873963,0.3528695429427033,0.47968556192624456,1-4,1-2,0.24648738588546779,0.19321838362899865,0.2613371936002832,0.05182742805233467,0.006996827171975181,True,False,False,False,予選特選,2026-09-14,1号艇のdominance,0.1722,風速区分,0.1046,場特性:in_escape_diff,-0.0918,1号艇のsession_exh_rel_avg,-0.0751,1号艇の勝率順位,0.0684,4号艇のwin_rate_rank_2to6,0.152,4号艇のモーター2連率,0.1032,6号艇のsession_exh_rel_avg,0.0841,4号艇のsession_exh_rel_avg,0.0682,4号艇のcumulative_diff_rank_2to6,0.0615,2号艇のclass_rank_2to6,0.1103,2号艇のsession_exh_rel_avg,-0.1073,2号艇のwin_rate_rank_2to6,0.0911,レース時間帯,-0.0644,2号艇の全国勝率,0.0491,0.165,東 1.6m/s,[逃げ]1号艇のdominanceが有利(+17.2pt)、風速区分が有利(+10.5pt) / [2着]4号艇のwin_rate_rank_2to6が有利(+15.2pt)、4号艇のモーター2連率が有利(+10.3pt) / [候補2]2号艇のclass_rank_2to6が有利(+11.0pt)、2号艇のsession_exh_rel_avgが不利(-10.7pt) / [除外]6号艇のwin_rate_rank_2to6が不利(-6.8pt)、1号艇の当地勝率が不利(-5.9pt)、天気+16.5pt
57,09,津,9,14:35,0.6217699134625212,2,0.48245386431665077,4,0.21021811529829476,0.43068259682309795,0.15363336866860758,0.539038610946338,0.3512819350108464,0.46318940106006995,1-2,1-4,0.2999752974658229,0.0865618479066662,0.13070729935727504,0.09552460634203574,0.00900084733494409,True,True,False,False,予選特賞,2026-09-14,6号艇の枠別出走数,-0.2074,1号艇のdominance,0.1269,1号艇の級別順位,-0.0942,風速区分,0.057,1号艇のモーター2連率順位,0.0564,2号艇のsession_rank_diff_delta,-0.0909,2号艇のwin_rate_rank_2to6,0.0879,2号艇のclass_rank_2to6,0.0783,2号艇の全国勝率,0.0634,3号艇のracer_2nd_te,0.0435,5号艇のsession_rank_diff_delta,0.0991,4号艇のsession_exh_rel_avg,-0.099,4号艇のclass_rank_2to6,0.0831,4号艇のwin_rate_rank_2to6,-0.0802,4号艇のcumulative_diff_rank_2to6,0.0429,0.0401,南 1.5m/s,[逃げ]6号艇の枠別出走数が不利(-20.7pt)、1号艇のdominanceが有利(+12.7pt) / [2着]2号艇のsession_rank_diff_deltaが不利(-9.1pt)、2号艇のwin_rate_rank_2to6が有利(+8.8pt) / [候補2]5号艇のsession_rank_diff_deltaが有利(+9.9pt)、4号艇のsession_exh_rel_avgが不利(-9.9pt) / [除外]6号艇のwin_rate_rank_2to6が不利(-7.0pt)、6号艇のsession_exh_rel_avgが不利(-5.3pt)、天気+4.0pt
58,07,蒲郡,5,17:08,0.494239414281494,2,0.7002902032065998,5,0.12447390037117587,0.4076309274726813,0.1244428169217403,0.7003212866560354,0.3467588384177348,0.49543803522768753,1-2,1-5,0.3461110198598983,0.06150454494694012,0.02221732668808409,0.061519907612783,0.0028866055075656392,True,False,False,False,予選,2026-09-14,1号艇のracer_win_te,0.0952,2号艇のsession_exh_rel_avg,-0.0949,1号艇の級別順位,-0.0897,1号艇vs4号艇の枠別平均ST差,-0.0851,1号艇の勝率順位,-0.0768,2号艇のsession_exh_rel_avg,0.1762,2号艇のモーター2連率,0.1105,2号艇のclass_rank_2to6,0.0758,2号艇のsession_exh_rel_last,0.0654,2号艇のwin_rate_rank_2to6,0.065,5号艇のwin_rate_rank_2to6,0.2618,5号艇のclass_rank_2to6,0.1685,5号艇のsession_exh_rel_avg,-0.1551,5号艇のモーター2連率,0.0656,5号艇のcumulative_diff_rank_2to6,0.0558,-0.0413,南 2.5m/s,[逃げ]1号艇のracer_win_teが有利(+9.5pt)、2号艇のsession_exh_rel_avgが不利(-9.5pt) / [2着]2号艇のsession_exh_rel_avgが有利(+17.6pt)、2号艇のモーター2連率が有利(+11.1pt) / [候補2]5号艇のwin_rate_rank_2to6が有利(+26.2pt)、5号艇のclass_rank_2to6が有利(+16.9pt) / [除外]1号艇vs5号艇の級別差が不利(-9.7pt)、6号艇のwin_rate_rank_2to6が不利(-6.4pt)、天気-4.1pt
59,02,戸田,5,12:44,0.6846059617718765,4,0.4104481276997452,3,0.2878554851449071,0.47806281648028925,0.22935958884178614,0.4689440240028661,0.34648486724613076,0.4753271787370623,1-4,1-3,0.15702094191063315,0.19706758125893925,0.28099523522135006,0.04041478172021743,0.009107414009668722,True,True,False,False,ウインウイン,2026-09-14,場特性:in_escape_diff,-0.1724,1号艇のracer_win_te,0.1621,1号艇のdominance,0.1483,1号艇の勝率順位,0.0748,1号艇の年齢,0.0512,4号艇のclass_rank_2to6,0.2431,4号艇のwin_rate_rank_2to6,0.2202,4号艇のsession_exh_rel_avg,-0.0934,4号艇のcumulative_diff_rank_2to6,0.0599,4号艇の節間得点,0.0459,3号艇のsession_exh_rel_last,-0.0585,3号艇の節間得点,-0.0552,4号艇の女子戦勝率,0.0453,3号艇の当地勝率,-0.0399,3号艇の全国勝率,-0.0397,-0.0195,南 3.2m/s,[逃げ]場特性:in_escape_diffが不利(-17.2pt)、1号艇のracer_win_teが有利(+16.2pt) / [2着]4号艇のclass_rank_2to6が有利(+24.3pt)、4号艇のwin_rate_rank_2to6が有利(+22.0pt) / [候補2]3号艇のsession_exh_rel_lastが不利(-5.8pt)、3号艇の節間得点が不利(-5.5pt) / [除外]6号艇のwin_rate_rank_2to6が不利(-9.4pt)、1号艇vs5号艇の枠別平均ST差が不利(-6.8pt)、天気-1.9pt
60,08,常滑,7,13:38,0.4476869078524261,3,0.7393034690222415,2,0.10558036506941813,0.3782434311789973,0.07983667226459548,0.7650471618270642,0.34200619495746887,0.49428455037341734,1-3,1-2,0.047266947167858106,0.3309764840111392,0.0357418329393643,0.022689989299004416,0.011011668194110548,True,True,False,False,予選,2026-09-14,1号艇のdominance,-0.2385,風速区分,-0.0955,1号艇のvs_max234_diff,-0.0921,1号艇の全国勝率,-0.0647,場特性:in_escape_diff,0.0642,3号艇のwin_rate_rank_2to6,0.2023,win_rate_gap_top2_2to6,0.1181,3号艇の当地勝率,0.0979,3号艇のsession_exh_rel_avg,0.0852,3号艇のclass_rank_2to6,0.0466,2号艇の全国2連率,-0.2656,2号艇のwin_rate_rank_2to6,-0.2192,2号艇の全国勝率,-0.0871,2号艇のsession_avg_finish,-0.0692,2号艇の節間得点,-0.0682,-0.1505,南東 6.5m/s,[逃げ]1号艇のdominanceが不利(-23.9pt)、風速区分が不利(-9.6pt) / [2着]3号艇のwin_rate_rank_2to6が有利(+20.2pt)、win_rate_gap_top2_2to6が有利(+11.8pt) / [候補2]2号艇の全国2連率が不利(-26.6pt)、2号艇のwin_rate_rank_2to6が不利(-21.9pt) / [除外]6号艇のsession_exh_rel_avgが不利(-6.4pt)、5号艇のracer_avgfin_teが不利(-5.2pt)、天気-15.0pt
61,22,福岡,10,16:18,0.6154964474892661,2,0.34416068252993665,4,0.33764848055758356,0.4196511177459984,0.15520272502934374,0.5266064380581765,0.3414939213030517,0.4517377138396518,1-2,1-4,0.21182967746265713,0.09552672589621447,0.20782144028334124,0.06711503113720838,0.03320356812403895,True,False,False,False,予選特賞,2026-09-14,1号艇のdominance,0.1016,1号艇の年齢,-0.1008,1号艇のvs_max234_diff,0.0833,4号艇のsession_exh_rel_avg,-0.0798,1号艇のracer_win_te,0.0749,2号艇のsession_exh_rel_avg,-0.1141,1号艇の年齢,0.0733,場特性:1x_diff_course2,0.0605,レース時間帯,-0.0386,3号艇の女子戦2連率,-0.0337,4号艇のclass_rank_2to6,0.1613,4号艇のwin_rate_rank_2to6,0.1005,4号艇のsession_exh_rel_avg,0.0872,1号艇vs6号艇のcumulative差,-0.0539,4号艇の節間得点,0.0484,0.0555,北東 2.1m/s,[逃げ]1号艇のdominanceが有利(+10.2pt)、1号艇の年齢が不利(-10.1pt) / [2着]2号艇のsession_exh_rel_avgが不利(-11.4pt)、1号艇の年齢が有利(+7.3pt) / [候補2]4号艇のclass_rank_2to6が有利(+16.1pt)、4号艇のwin_rate_rank_2to6が有利(+10.1pt)、天気+5.5pt
62,06,浜名湖,4,13:00,0.6955918924015518,2,0.3922289055435181,5,0.2438240126395057,0.4424332530264589,0.1933107058558532,0.4427422123271706,0.33980075170248364,0.4425259408166724,1-2,1-5,0.27283124666160524,0.11742134588924613,0.13446535970775267,0.16960200636485367,0.0012719558039887774,True,True,False,False,ランチタイム,2026-09-14,1号艇のdominance,0.2542,1号艇のsession_exh_rel_avg,0.1683,6号艇の枠別出走数,-0.0867,1号艇vs6号艇のplace_rate差,-0.0843,1号艇のモーター2連率,0.079,2号艇の節間得点,0.0752,2号艇のsession_exh_rel_avg,0.053,2号艇のwin_rate_rank_2to6,-0.0331,2号艇のsession_avg_finish,0.0313,2号艇の全国勝率,0.029,5号艇のwin_rate_rank_2to6,0.2243,5号艇の節間得点,0.0852,5号艇のclass_rank_2to6,-0.0659,5号艇のsession_exh_rel_avg,0.0567,mean_234_全国勝率,0.0559,-0.0444,南 2.4m/s,[逃げ]1号艇のdominanceが有利(+25.4pt)、1号艇のsession_exh_rel_avgが有利(+16.8pt) / [2着]2号艇の節間得点が有利(+7.5pt)、2号艇のsession_exh_rel_avgが有利(+5.3pt) / [候補2]5号艇のwin_rate_rank_2to6が有利(+22.4pt)、5号艇の節間得点が有利(+8.5pt) / [除外]6号艇の全国勝率が不利(-18.0pt)、6号艇の直近平均着順が不利(-13.6pt)、天気-4.4pt
63,22,福岡,9,15:52,0.6888389816182121,2,0.43993772853491,4,0.20623908499758778,0.44511177817902714,0.19729440161964523,0.44888241191285255,0.33973010386340224,0.44624296829917476,1-2,1-4,0.30304625689941683,0.13590407469065097,0.14206552127961025,0.04364894516080247,0.06417418358773151,True,False,False,False,予選特賞,2026-09-14,1号艇のdominance,0.151,1号艇のsession_exh_rel_avg,-0.0807,1号艇のlocal_win_rate順位,0.0666,1号艇のvs_max234_diff,0.0626,1号艇の節間得点,-0.057,2号艇の全国勝率,0.0692,2号艇のsession_exh_rel_avg,0.0635,場特性:1x_diff_course2,0.0492,2号艇の節間得点,0.0431,2号艇の全国2連率,0.0331,4号艇の節間得点,-0.0798,4号艇のsession_exh_rel_avg,-0.0766,4号艇のwin_rate_rank_2to6,0.0633,4号艇のcumulative_diff_rank_2to6,-0.0615,4号艇の年齢,0.0607,0.0486,北東 2.3m/s,[逃げ]1号艇のdominanceが有利(+15.1pt)、1号艇のsession_exh_rel_avgが不利(-8.1pt) / [2着]2号艇の全国勝率が有利(+6.9pt)、2号艇のsession_exh_rel_avgが有利(+6.4pt) / [候補2]4号艇の節間得点が不利(-8.0pt)、4号艇のsession_exh_rel_avgが不利(-7.7pt) / [除外]3号艇のwin_rate_rank_2to6が不利(-5.2pt)、天気+4.9pt
64,10,三国,10,12:58,0.7118750886764527,2,0.33262206390643034,3,0.2732062900604253,0.4312741132028647,0.17697532471659555,0.4288530292502601,0.33968426173173816,0.43054778801708327,1-2,1-3,0.2367853612391348,0.19448875196372992,0.12598432497617046,0.10785864185768677,0.046758003335847995,True,True,False,False,準優勝戦,2026-09-14,風速区分,-0.0962,場特性:in_escape_diff,-0.078,1号艇のsession_exh_rel_avg,-0.0716,1号艇のracer_win_te,0.069,1号艇の級別順位,0.069,2号艇のwin_rate_rank_2to6,-0.1449,2号艇のsession_exh_rel_avg,0.102,2号艇の全国勝率,-0.079,2号艇の節間得点,0.0684,2号艇の体重,-0.0532,3号艇のsession_exh_rel_avg,-0.14,3号艇のwin_rate_rank_2to6,-0.1134,6号艇のracer_2nd_te,-0.06,3号艇のcumulative_diff_rank_2to6,-0.0546,1号艇の体重,0.0462,-0.0119,北東 6.3m/s,[逃げ]風速区分が不利(-9.6pt)、場特性:in_escape_diffが不利(-7.8pt) / [2着]2号艇のwin_rate_rank_2to6が不利(-14.5pt)、2号艇のsession_exh_rel_avgが有利(+10.2pt) / [候補2]3号艇のsession_exh_rel_avgが不利(-14.0pt)、3号艇のwin_rate_rank_2to6が不利(-11.3pt) / [除外]場特性:1x_diff_course5が不利(-5.2pt)、天気-1.2pt
65,11,琵琶湖,12,16:14,0.5498278688835934,2,0.430436466906463,3,0.3164339535173396,0.4106501715938128,0.147209867028252,0.5996605533955506,0.3381080630072679,0.46735328613433413,1-2,1-3,0.2366659652889639,0.17398420630484887,0.08094008746678096,0.028168067721501742,0.030069529811887312,True,False,False,False,予選特選,2026-09-14,1号艇のdominance,0.1756,1号艇のsession_exh_rel_avg,0.1349,3号艇のracer_win_te,-0.1343,1号艇の年齢,-0.1021,6号艇の枠別出走数,-0.0934,2号艇のsession_exh_rel_avg,0.1624,2号艇のwin_rate_rank_2to6,0.0681,2号艇の全国勝率,0.0494,1号艇vs4号艇の直近複勝率差,0.0455,1号艇の年齢,0.0445,3号艇のwin_rate_rank_2to6,0.201,3号艇の当地勝率,0.1031,3号艇のsession_exh_rel_avg,-0.0994,6号艇のracer_2nd_te,-0.0856,3号艇のclass_rank_2to6,0.0663,0.0532,東 2.0m/s,[逃げ]1号艇のdominanceが有利(+17.6pt)、1号艇のsession_exh_rel_avgが有利(+13.5pt) / [2着]2号艇のsession_exh_rel_avgが有利(+16.2pt)、2号艇のwin_rate_rank_2to6が有利(+6.8pt) / [候補2]3号艇のwin_rate_rank_2to6が有利(+20.1pt)、3号艇の当地勝率が有利(+10.3pt) / [除外]3号艇のracer_win_teが不利(-8.0pt)、天気+5.3pt
66,12,住之江,8,18:25,0.5594256667490869,3,0.5831196445451594,2,0.14593721642439042,0.40785312054588674,0.14580611706763147,0.5832507439019183,0.3364921447370319,0.46047240755269614,1-3,1-2,0.0816410246017204,0.32621209594416634,0.060919553606486175,0.08156768425665516,0.00908530000396678,True,False,False,False,予選,2026-09-14,3号艇のracer_win_te,-0.1383,5号艇のsession_exh_rel_avg,-0.0865,1号艇vs3号艇のcumulative差,-0.0846,風速区分,0.0828,1号艇の勝率順位,-0.0811,3号艇のwin_rate_rank_2to6,0.1953,3号艇のsession_exh_rel_avg,0.1225,1号艇の体重,0.0589,場特性:1x_diff_course3,0.0521,3号艇の節間得点,0.0492,2号艇のwin_rate_rank_2to6,-0.1632,2号艇のsession_exh_rel_avg,-0.0754,2号艇のclass_rank_2to6,-0.0566,2号艇の直近平均着順,-0.0533,2号艇の当地勝率,-0.0341,0.0618,南西 1.4m/s,[逃げ]3号艇のracer_win_teが不利(-13.8pt)、5号艇のsession_exh_rel_avgが不利(-8.7pt) / [2着]3号艇のwin_rate_rank_2to6が有利(+19.5pt)、3号艇のsession_exh_rel_avgが有利(+12.2pt) / [候補2]2号艇のwin_rate_rank_2to6が不利(-16.3pt)、2号艇のsession_exh_rel_avgが不利(-7.5pt) / [除外]1号艇の体重が不利(-6.4pt)、天気+6.2pt
67,18,徳山,2,11:08,0.6799904906321235,2,0.37973199308519023,3,0.283263104656968,0.45083036180038283,0.21417777693103432,0.4488173208111239,0.33496094820427896,0.45022644950360513,1-2,1-3,0.25821414428671263,0.19261621751367022,0.14563885161783152,0.06299039509120427,0.020530884655866794,True,True,False,False,予選,2026-09-14,場特性:in_escape_diff,0.2353,1号艇のsession_exh_rel_avg,0.1219,1号艇のracer_win_te,0.0862,風速区分,0.0829,1号艇vs4号艇の枠別平均ST差,-0.0803,2号艇のwin_rate_rank_2to6,0.1577,2号艇のsession_exh_rel_avg,-0.1528,2号艇の当地勝率,0.0849,2号艇のracer_avgfin_te,0.0782,2号艇のclass_rank_2to6,-0.0645,3号艇の当地勝率,0.0825,local_win_rateの分散(2-6号艇),0.0684,3号艇のwin_rate_rank_2to6,-0.0662,3号艇の全国勝率,0.0583,2号艇の全国勝率,-0.0501,0.1185,南 1.3m/s,[逃げ]場特性:in_escape_diffが有利(+23.5pt)、1号艇のsession_exh_rel_avgが有利(+12.2pt) / [2着]2号艇のwin_rate_rank_2to6が有利(+15.8pt)、2号艇のsession_exh_rel_avgが不利(-15.3pt) / [候補2]3号艇の当地勝率が有利(+8.2pt)、local_win_rateの分散(2-6号艇)が有利(+6.8pt) / [除外]local_win_rateの分散(2-6号艇)が不利(-11.3pt)、6号艇のwin_rate_rank_2to6が不利(-5.9pt)、天気+11.9pt
68,18,徳山,9,14:50,0.7155547867036924,3,0.385560986921486,4,0.2616488657390666,0.46311410807304987,0.2368946089054227,0.41031524375512984,0.3314630254603913,0.4472744487776738,1-3,1-4,0.16951107134657437,0.27589000975786904,0.18722409831518086,0.044873028919607455,0.038056581030109934,True,True,False,False,予選,2026-09-14,場特性:in_escape_diff,0.2626,1号艇のracer_win_te,0.1829,風速区分,0.0953,1号艇の級別順位,0.0746,1号艇のモーター2連率,0.0667,3号艇のwin_rate_rank_2to6,0.1662,3号艇の当地勝率,0.1197,3号艇の全国勝率,0.1129,3号艇のracer_avgfin_te,0.0477,3号艇のcumulative_diff_rank_2to6,0.0425,4号艇の一般戦2連率,0.1092,4号艇のwin_rate_rank_2to6,0.0991,4号艇の全国勝率,0.0884,4号艇のclass_rank_2to6,-0.0872,4号艇のsession_exh_rel_avg,0.055,0.1011,南西 1.2m/s,[逃げ]場特性:in_escape_diffが有利(+26.3pt)、1号艇のracer_win_teが有利(+18.3pt) / [2着]3号艇のwin_rate_rank_2to6が有利(+16.6pt)、3号艇の当地勝率が有利(+12.0pt) / [候補2]4号艇の一般戦2連率が有利(+10.9pt)、4号艇のwin_rate_rank_2to6が有利(+9.9pt) / [除外]2号艇のsession_exh_rel_avgが不利(-5.7pt)、天気+10.1pt
69,02,戸田,12,16:30,0.6125972721579873,2,0.47876190003826546,4,0.22817101918934427,0.4330651779175165,0.19671848575719564,0.5102144334704141,0.33083486667659123,0.45620995458338576,1-2,1-4,0.2932882339766164,0.12050920775790792,0.13977694394090007,0.03268997087491822,0.026332913325541947,True,False,False,False,優勝戦,2026-09-14,1号艇のracer_win_te,0.1823,1号艇の節間得点,0.1379,場特性:in_escape_diff,-0.1261,race_no,0.1163,4号艇のsession_exh_rel_avg,-0.1089,2号艇のsession_exh_rel_avg,0.1293,2号艇のモーター2連率,0.0938,2号艇の当地勝率,0.0853,2号艇のwin_rate_rank_2to6,0.0634,2号艇の全国勝率,0.0511,4号艇のモーター2連率,0.1252,4号艇のsession_exh_rel_avg,0.1007,4号艇の全国勝率,0.0717,4号艇の節間得点,0.0615,4号艇のwin_rate_rank_2to6,-0.0547,0.1195,南 2.4m/s,[逃げ]1号艇のracer_win_teが有利(+18.2pt)、1号艇の節間得点が有利(+13.8pt) / [2着]2号艇のsession_exh_rel_avgが有利(+12.9pt)、2号艇のモーター2連率が有利(+9.4pt) / [候補2]4号艇のモーター2連率が有利(+12.5pt)、4号艇のsession_exh_rel_avgが有利(+10.1pt)、天気+12.0pt
70,08,常滑,8,14:07,0.48661693406294015,2,0.5735485460511244,3,0.2349245952995259,0.39341672131628747,0.13640277536165155,0.6720703659889987,0.32902096212281984,0.4770128147181008,1-2,1-3,0.2790984350156552,0.11431828630063229,0.06637590034416282,0.02555086716098814,0.0012734310224353075,True,True,False,False,予選,2026-09-14,1号艇のdominance,-0.2498,1号艇のsession_exh_rel_avg,-0.1176,1号艇の女子戦比率,-0.0988,1号艇のvs_max234_diff,-0.0986,場特性:in_escape_diff,0.0779,2号艇のwin_rate_rank_2to6,0.2186,2号艇のclass_rank_2to6,0.1125,4号艇の女子戦比率,0.0679,2号艇の全国勝率,0.0571,3号艇のracer_2nd_te,0.0531,3号艇のwin_rate_rank_2to6,-0.1057,3号艇のsession_exh_rel_avg,0.1032,3号艇の全国勝率,-0.0887,3号艇のracer_win_te,-0.079,3号艇のracer_avgfin_te,-0.0736,-0.0887,南東 6.7m/s,[逃げ]1号艇のdominanceが不利(-25.0pt)、1号艇のsession_exh_rel_avgが不利(-11.8pt) / [2着]2号艇のwin_rate_rank_2to6が有利(+21.9pt)、2号艇のclass_rank_2to6が有利(+11.2pt) / [候補2]3号艇のwin_rate_rank_2to6が不利(-10.6pt)、3号艇のsession_exh_rel_avgが有利(+10.3pt) / [除外]6号艇のracer_win_teが不利(-17.4pt)、6号艇の全国勝率が不利(-12.9pt)、天気-8.9pt
71,09,津,7,13:34,0.6400626059364469,2,0.43881746770037555,4,0.19179390818263797,0.4036307605808499,0.15489921396895068,0.47571216191406285,0.32860425552365385,0.4252551809808137,1-2,1-4,0.280870651906735,0.09456143938743795,0.1227601086741149,0.04272520784105673,0.09914519455047385,True,True,False,False,予選,2026-09-14,1号艇の級別順位,-0.0851,1号艇のモーター2連率順位,0.0806,1号艇の体重,-0.0683,場特性:in_escape_diff,0.0668,1号艇のモーター2連率,0.0641,2号艇のclass_rank_2to6,0.0896,2号艇のsession_exh_rel_avg,-0.085,2号艇のwin_rate_rank_2to6,0.0637,2号艇の全国勝率,0.0495,3号艇の全国勝率,-0.0483,4号艇のwin_rate_rank_2to6,-0.0798,4号艇のclass_rank_2to6,0.0797,4号艇の年齢,-0.0763,6号艇のvs_avg456_diff,-0.0515,3号艇の年齢,0.0514,0.0502,南 2.8m/s,[逃げ]1号艇の級別順位が不利(-8.5pt)、1号艇のモーター2連率順位が有利(+8.1pt) / [2着]2号艇のclass_rank_2to6が有利(+9.0pt)、2号艇のsession_exh_rel_avgが不利(-8.5pt) / [候補2]4号艇のwin_rate_rank_2to6が不利(-8.0pt)、4号艇のclass_rank_2to6が有利(+8.0pt) / [除外]5号艇のracer_avgfin_teが不利(-6.6pt)、3号艇のwin_rate_rank_2to6が不利(-5.2pt)、天気+5.0pt
72,19,下関,8,18:46,0.4446586429236181,3,0.5610935592999278,2,0.2605488235990551,0.36535038694838956,0.0855071260747472,0.7361352568242358,0.32786231303048524,0.4765858479111434,1-3,1-2,0.11585528631690102,0.24949510063148853,0.03802148264069581,0.024846937097418424,0.01643983292414927,True,False,False,False,予選,2026-09-14,1号艇のdominance,-0.1435,1号艇のsession_exh_rel_avg,-0.1394,場特性:in_escape_diff,0.0869,1号艇のモーター2連率順位,0.0584,1号艇の節間得点,-0.0559,3号艇のwin_rate_rank_2to6,0.2168,3号艇のsession_exh_rel_avg,0.127,3号艇の全国勝率,0.0598,2号艇のvs_boat3_diff,0.046,場特性:1x_diff_course3,0.0439,ST差分(4-3),-0.0568,2号艇のwin_rate_rank_2to6,-0.0567,2号艇のsession_exh_rel_avg,-0.0461,1号艇vs2号艇のcumulative差,0.0416,2号艇の全国勝率,-0.0397,0.0411,北西 2.4m/s,[逃げ]1号艇のdominanceが不利(-14.3pt)、1号艇のsession_exh_rel_avgが不利(-13.9pt) / [2着]3号艇のwin_rate_rank_2to6が有利(+21.7pt)、3号艇のsession_exh_rel_avgが有利(+12.7pt) / [候補2]ST差分(4-3)が不利(-5.7pt)、2号艇のwin_rate_rank_2to6が不利(-5.7pt) / [除外]4号艇のwin_rate_rank_2to6が不利(-6.0pt)、天気+4.1pt
73,07,蒲郡,7,18:04,0.6666180073886591,3,0.4458549611930578,2,0.22680322497456692,0.4484060597167317,0.22584605934103708,0.44681212682658766,0.326881169830733,0.4479278798496884,1-3,1-2,0.15119111390186757,0.2972149458148641,0.15055305005450298,0.0585860964776628,0.009072814798162378,True,False,False,False,予選,2026-09-14,3号艇のsession_exh_rel_avg,-0.1437,1号艇のracer_win_te,0.127,1号艇の級別順位,0.0925,1号艇の年齢,0.0882,1号艇のモーター2連率,0.0865,3号艇のwin_rate_rank_2to6,0.1948,3号艇の当地勝率,0.1164,3号艇のsession_exh_rel_avg,0.1084,1号艇のracer_win_te,0.0867,4号艇のsession_exh_rel_delta,-0.0858,2号艇のモーター2連率,0.1408,2号艇のwin_rate_rank_2to6,-0.1221,2号艇のclass_rank_2to6,-0.0552,2号艇の全国勝率,0.0447,2号艇のcumulative_diff_rank_2to6,-0.0391,0.0062,南 2.5m/s,[逃げ]3号艇のsession_exh_rel_avgが不利(-14.4pt)、1号艇のracer_win_teが有利(+12.7pt) / [2着]3号艇のwin_rate_rank_2to6が有利(+19.5pt)、3号艇の当地勝率が有利(+11.6pt) / [候補2]2号艇のモーター2連率が有利(+14.1pt)、2号艇のwin_rate_rank_2to6が不利(-12.2pt) / [除外]6号艇のwin_rate_rank_2to6が不利(-7.9pt)、6号艇のsession_exh_rel_avgが不利(-7.7pt)、天気+0.6pt
74,02,戸田,7,13:45,0.5048275689426742,2,0.46672659725244237,3,0.323208671941423,0.398781101569216,0.15192588361266557,0.6380093855811998,0.3260788961004936,0.4705495867728111,1-2,1-3,0.2356164534518371,0.16316464811737888,0.07669637448364963,0.02258232757431636,0.006767778009739606,True,True,False,False,ウインウイン,2026-09-14,場特性:in_escape_diff,-0.1784,1号艇のdominance,0.1361,3号艇のsession_exh_rel_last,-0.089,場×風向,-0.0804,1号艇のsession_exh_rel_avg,-0.076,2号艇のモーター2連率,0.0751,2号艇のsession_exh_rel_avg,0.0716,2号艇のwin_rate_rank_2to6,0.0705,5号艇のsession_exh_rel_last,0.0362,5号艇の直近平均着順,-0.0348,3号艇のwin_rate_rank_2to6,0.1783,3号艇のsession_exh_rel_avg,0.1178,3号艇の節間得点,-0.062,ST差分(5-4),0.0454,3号艇のcumulative_diff_rank_2to6,-0.0443,-0.0587,南 2.9m/s,[逃げ]場特性:in_escape_diffが不利(-17.8pt)、1号艇のdominanceが有利(+13.6pt) / [2着]2号艇のモーター2連率が有利(+7.5pt)、2号艇のsession_exh_rel_avgが有利(+7.2pt) / [候補2]3号艇のwin_rate_rank_2to6が有利(+17.8pt)、3号艇のsession_exh_rel_avgが有利(+11.8pt) / [除外]4号艇の年齢が不利(-9.8pt)、ST差分(6-5)が不利(-7.1pt)、天気-5.9pt
75,20,若松,7,18:11,0.8154128802540999,3,0.30428384817194,2,0.24585434349158386,0.448589767402136,0.23286614747356219,0.3172720441899617,0.3232361222849399,0.4091944504384837,1-3,1-2,0.2004727983494532,0.2481169690526828,0.16981142615124048,0.1898820560250933,0.007129623461212011,True,False,False,False,一般戦,2026-09-14,1号艇のdominance,0.1483,1号艇のsession_exh_rel_avg,0.1169,5号艇の枠別出走数,-0.0925,1号艇のlocal_win_rate順位,0.0764,1号艇の級別順位,0.0747,3号艇のsession_exh_rel_avg,-0.1284,5号艇の直近平均着順,0.0733,3号艇のwin_rate_rank_2to6,-0.0572,3号艇の節間得点,-0.049,3号艇の全国勝率,-0.0488,2号艇のwin_rate_rank_2to6,0.0812,2号艇の節間得点,-0.0609,2号艇のsession_exh_rel_avg,-0.0608,2号艇のracer_avgfin_te,-0.0515,1号艇の体重,-0.0501,0.0671,北西 2.1m/s,[逃げ]1号艇のdominanceが有利(+14.8pt)、1号艇のsession_exh_rel_avgが有利(+11.7pt) / [2着]3号艇のsession_exh_rel_avgが不利(-12.8pt)、5号艇の直近平均着順が有利(+7.3pt) / [候補2]2号艇のwin_rate_rank_2to6が有利(+8.1pt)、2号艇の節間得点が不利(-6.1pt) / [除外]5号艇の直近平均着順が不利(-35.5pt)、ST差分(6-5)が不利(-10.9pt)、天気+6.7pt
76,21,芦屋,10,13:11,0.7006676598891126,4,0.3430344046112088,2,0.3210704058065483,0.4653167634365127,0.2546720460227233,0.40943276439503384,0.32311295680485486,0.448551563724069,1-4,1-2,0.22496364989612194,0.17844046652591394,0.2403531135403907,0.03568634780561723,0.02122406907011666,True,True,False,False,選抜戦,2026-09-14,1号艇のracer_win_te,0.1357,6号艇のモーター出走数,-0.1155,1号艇のdominance,0.0827,1号艇の級別順位,0.0805,1号艇の節間得点,0.0691,4号艇のwin_rate_rank_2to6,0.1644,4号艇のclass_rank_2to6,0.1244,1号艇のモーター出走数,0.0727,場特性:1x_diff_course4,0.0598,4号艇の節間得点,0.0552,2号艇のsession_exh_rel_avg,0.1566,2号艇のwin_rate_rank_2to6,-0.1266,2号艇の節間得点,0.0675,3号艇のモーター出走数,0.0636,2号艇のclass_rank_2to6,-0.0524,0.1395,北東 1.5m/s,[逃げ]1号艇のracer_win_teが有利(+13.6pt)、6号艇のモーター出走数が不利(-11.5pt) / [2着]4号艇のwin_rate_rank_2to6が有利(+16.4pt)、4号艇のclass_rank_2to6が有利(+12.4pt) / [候補2]2号艇のsession_exh_rel_avgが有利(+15.7pt)、2号艇のwin_rate_rank_2to6が不利(-12.7pt)、天気+13.9pt
77,21,芦屋,4,10:02,0.6657022851916972,4,0.3633277415891879,3,0.2748191446906741,0.42481584048447024,0.20441745414488288,0.43372943213497916,0.3206081133737653,0.4274899179796229,1-4,1-3,0.1360811663573175,0.1829477326350094,0.2418681078494608,0.05269735692637756,0.05210791646366337,False,False,True,False,サンライズＹ,2026-09-14,1号艇のdominance,0.1367,1号艇の級別順位,0.0875,6号艇のモーター出走数,-0.0859,1号艇vs4号艇の枠別平均ST差,0.0813,場特性:in_escape_diff,0.0751,4号艇のwin_rate_rank_2to6,0.1151,1号艇のモーター出走数,0.1071,4号艇のsession_exh_rel_avg,0.1052,4号艇のcumulative_diff_rank_2to6,0.0692,4号艇のclass_rank_2to6,-0.0691,3号艇のsession_exh_rel_avg,0.1313,3号艇のwin_rate_rank_2to6,-0.1201,3号艇の全国勝率,-0.0982,3号艇のracer_avgfin_te,-0.0868,6号艇のモーター出走数,0.0788,0.0606,北 2.2m/s,[逃げ]1号艇のdominanceが有利(+13.7pt)、1号艇の級別順位が有利(+8.7pt) / [2着]4号艇のwin_rate_rank_2to6が有利(+11.5pt)、1号艇のモーター出走数が有利(+10.7pt) / [候補2]3号艇のsession_exh_rel_avgが有利(+13.1pt)、3号艇のwin_rate_rank_2to6が不利(-12.0pt)、天気+6.1pt
78,11,琵琶湖,2,10:58,0.5019145262490853,3,0.4649367019963265,4,0.3058881390057324,0.38688818489257487,0.15121018640556275,0.6196146545964961,0.31668646342571555,0.4567061258037512,1-3,1-4,0.07589458907378391,0.23335848451829835,0.15352970037427652,0.03072709661153473,0.008404663617745396,False,False,True,False,予選,2026-09-14,1号艇のracer_win_te,0.1707,1号艇の級別順位,-0.0938,1号艇のframe_dominance,0.0793,1号艇のdominance,-0.0772,4号艇のsession_exh_rel_avg,-0.0745,3号艇のモーター2連率,0.1128,3号艇のsession_exh_rel_avg,0.0794,3号艇のwin_rate_rank_2to6,0.0501,3号艇の節間得点,0.0487,4号艇のsession_exh_rel_last,-0.0453,4号艇のclass_rank_2to6,0.1751,4号艇のwin_rate_rank_2to6,0.1738,4号艇の全国勝率,0.0671,4号艇のsession_exh_rel_avg,0.0621,4号艇の当地勝率,0.0412,0.0172,南東 0.5m/s,[逃げ]1号艇のracer_win_teが有利(+17.1pt)、1号艇の級別順位が不利(-9.4pt) / [2着]3号艇のモーター2連率が有利(+11.3pt)、3号艇のsession_exh_rel_avgが有利(+7.9pt) / [候補2]4号艇のclass_rank_2to6が有利(+17.5pt)、4号艇のwin_rate_rank_2to6が有利(+17.4pt) / [除外]6号艇のsession_exh_rel_avgが不利(-11.5pt)、1号艇vs3号艇の直近複勝率差が不利(-6.1pt)、天気+1.7pt
79,09,津,2,11:03,0.6020631782368662,3,0.4007886835571303,2,0.2426870993948789,0.3874130750025426,0.1561038355769258,0.48737194737508344,0.3148410746498848,0.4174007367143048,1-3,1-2,0.14611296637876703,0.24130010862377552,0.09398437138240913,0.09209266525754607,0.028573059865788075,True,True,False,False,予選,2026-09-14,1号艇のracer_win_te,-0.2547,1号艇の年齢,0.1645,1号艇の級別順位,0.0915,1号艇のvs_max234_diff,0.0809,1号艇の全国勝率,-0.0788,3号艇のwin_rate_rank_2to6,-0.0919,3号艇の当地勝率,0.0794,1号艇vs2号艇の枠別平均ST差,0.0697,3号艇のracer_2nd_te,-0.0584,second_best_win_rate,0.056,2号艇のsession_exh_rel_avg,-0.1134,3号艇の全国勝率,-0.0735,2号艇のwin_rate_rank_2to6,-0.0469,2号艇のclass_rank_2to6,-0.0455,2号艇の直近平均着順,-0.0415,-0.0298,東 2.6m/s,[逃げ]1号艇のracer_win_teが不利(-25.5pt)、1号艇の年齢が有利(+16.4pt) / [2着]3号艇のwin_rate_rank_2to6が不利(-9.2pt)、3号艇の当地勝率が有利(+7.9pt) / [候補2]2号艇のsession_exh_rel_avgが不利(-11.3pt)、3号艇の全国勝率が不利(-7.4pt) / [除外]6号艇のsession_exh_rel_avgが不利(-6.4pt)、1号艇vs5号艇の枠別平均ST差が不利(-6.2pt)、天気-3.0pt
80,06,浜名湖,9,15:36,0.7151948640496966,2,0.2842787964346721,3,0.2775685961732973,0.4018303695729332,0.18299501183331365,0.3788523807746558,0.31359082569095276,0.39493697293345,1-2,1-3,0.20331473516830667,0.1985156344046265,0.11558897431683324,0.0668984195571053,0.13087709260989938,True,False,False,False,一般,2026-09-14,1号艇のsession_exh_rel_avg,0.1574,1号艇のvs_max234_diff,0.0688,場特性:in_escape_diff,-0.0666,1号艇の節間得点,0.0662,1号艇のdominance,0.0621,2号艇のwin_rate_rank_2to6,-0.1511,2号艇の全国勝率,-0.0771,2号艇の直近平均着順,-0.0577,2号艇のclass_rank_2to6,-0.0561,2号艇のモーター2連率,-0.0424,3号艇のsession_exh_rel_avg,-0.1023,3号艇のsession_exh_rel_last,-0.074,6号艇のracer_2nd_te,-0.07,3号艇のwin_rate_rank_2to6,0.065,3号艇の全国勝率,-0.0545,-0.0683,南 3.3m/s,[逃げ]1号艇のsession_exh_rel_avgが有利(+15.7pt)、1号艇のvs_max234_diffが有利(+6.9pt) / [2着]2号艇のwin_rate_rank_2to6が不利(-15.1pt)、2号艇の全国勝率が不利(-7.7pt) / [候補2]3号艇のsession_exh_rel_avgが不利(-10.2pt)、3号艇のsession_exh_rel_lastが不利(-7.4pt) / [除外]4号艇のwin_rate_rank_2to6が不利(-5.7pt)、5号艇のsession_exh_rel_avgが不利(-5.6pt)、天気-6.8pt
81,11,琵琶湖,4,11:56,0.5403837644387992,3,0.43230184929392423,2,0.2909776276517402,0.39084848649322385,0.1664292290540095,0.5568502478916549,0.3127901517524314,0.4406490149127531,1-3,1-2,0.15723958579791858,0.23360890069530524,0.08993565330885282,0.02536600600515096,0.0342336196381148,True,True,False,False,予選,2026-09-14,1号艇のsession_exh_rel_avg,0.128,1号艇の直近1着率,-0.0843,1号艇のdominance,0.081,風速区分,0.0756,1号艇の全国勝率,-0.0736,3号艇のwin_rate_rank_2to6,0.1684,3号艇のsession_exh_rel_avg,-0.1055,3号艇の女子戦勝率,0.0768,6号艇のsession_rank_diff_delta,-0.0666,3号艇の当地勝率,-0.0567,2号艇のwin_rate_rank_2to6,-0.1244,2号艇のsession_exh_rel_avg,0.1181,6号艇のsession_rank_diff_last,-0.0785,2号艇のsession_avg_finish,0.0524,2号艇のclass_rank_2to6,-0.0389,0.0769,南東 0.7m/s,[逃げ]1号艇のsession_exh_rel_avgが有利(+12.8pt)、1号艇の直近1着率が不利(-8.4pt) / [2着]3号艇のwin_rate_rank_2to6が有利(+16.8pt)、3号艇のsession_exh_rel_avgが不利(-10.5pt) / [候補2]2号艇のwin_rate_rank_2to6が不利(-12.4pt)、2号艇のsession_exh_rel_avgが有利(+11.8pt) / [除外]5号艇のracer_avgfin_teが不利(-6.0pt)、5号艇のsession_exh_rel_avgが不利(-5.3pt)、天気+7.7pt
82,10,三国,7,11:20,0.7015692558303228,2,0.3482270663772743,5,0.23645881017691586,0.41019763530862313,0.20481289629237837,0.37987298026181177,0.3093811164208105,0.4011002387945797,1-2,1-5,0.24430540381828075,0.14369043123629696,0.10577072626390185,0.16589223149034243,0.04191045256730421,True,True,False,False,一般,2026-09-14,風速区分,-0.1967,1号艇のdominance,0.1906,1号艇の年齢,-0.0823,1号艇のvs_max234_diff,0.0791,1号艇vs4号艇のcumulative差,0.0729,2号艇の全国勝率,-0.0862,2号艇のsession_exh_rel_avg,-0.0777,1号艇vs2号艇のplace_rate差,-0.0581,1号艇のvs_max234_diff,-0.051,2号艇のwin_rate_rank_2to6,-0.0509,5号艇のwin_rate_rank_2to6,0.2108,5号艇のsession_exh_rel_avg,0.1098,場特性:1x_diff_course5,-0.0943,1号艇vs4号艇の勝率差,0.064,mean_234_全国勝率,0.0594,-0.1625,北 8.4m/s,[逃げ]風速区分が不利(-19.7pt)、1号艇のdominanceが有利(+19.1pt) / [2着]2号艇の全国勝率が不利(-8.6pt)、2号艇のsession_exh_rel_avgが不利(-7.8pt) / [候補2]5号艇のwin_rate_rank_2to6が有利(+21.1pt)、5号艇のsession_exh_rel_avgが有利(+11.0pt)、天気-16.3pt
83,09,津,3,11:33,0.45714904078609153,4,0.4672320716701837,3,0.31471102038347587,0.35746453448164095,0.11633886175931725,0.6656042302943423,0.307560114008539,0.44990644322545137,1-4,1-3,0.04292804350491546,0.1438698410931181,0.21359469338852285,0.05318419905941758,0.003572275235454508,True,True,False,False,予選,2026-09-14,1号艇の級別順位,-0.108,1号艇のsession_exh_rel_avg,0.1057,1号艇vs4号艇のcumulative差,-0.077,1号艇の一般戦勝率,0.0703,avg_entry_count,-0.061,4号艇の節間得点,0.0824,4号艇のwin_rate_rank_2to6,0.0707,4号艇のcumulative_diff_rank_2to6,0.069,4号艇のclass_rank_2to6,0.0683,4号艇のモーター2連率,0.0605,3号艇のsession_exh_rel_avg,-0.2251,3号艇のwin_rate_rank_2to6,0.1593,3号艇のclass_rank_2to6,0.0443,2号艇のvs_boat3_diff,0.0395,3号艇の節間得点,0.0343,0.0129,東 3.5m/s,[逃げ]1号艇の級別順位が不利(-10.8pt)、1号艇のsession_exh_rel_avgが有利(+10.6pt) / [2着]4号艇の節間得点が有利(+8.2pt)、4号艇のwin_rate_rank_2to6が有利(+7.1pt) / [候補2]3号艇のsession_exh_rel_avgが不利(-22.5pt)、3号艇のwin_rate_rank_2to6が有利(+15.9pt) / [除外]4号艇の女子戦2連率が不利(-16.3pt)、6号艇のwin_rate_rank_2to6が不利(-7.4pt)、天気+1.3pt
84,04,平和島,8,14:24,0.5878514391648323,3,0.4490638201739803,2,0.204709089087559,0.3843213455963752,0.1669410441847656,0.4868318650767737,0.3073305375127516,0.41507450144049474,1-3,1-2,0.12033853263024342,0.26398281296613174,0.09515212949947097,0.09813653307969432,0.010241423872060751,True,True,False,False,予選,2026-09-14,場特性:in_escape_diff,-0.192,1号艇のdominance,0.1225,1号艇の級別順位,0.0737,1号艇の節間得点,-0.0717,1号艇のsession_exh_count,-0.0587,3号艇のwin_rate_rank_2to6,0.1631,場特性:1x_diff_course3,-0.0323,3号艇のracer_2nd_te,0.0316,3号艇のcumulative_diff_rank_2to6,0.0308,2号艇の全国勝率,0.0299,2号艇のwin_rate_rank_2to6,-0.1377,2号艇のclass_rank_2to6,-0.0469,2号艇のモーター2連率,-0.0416,2号艇の当地勝率,-0.034,3号艇のモーター2連率,0.0258,-0.0864,南 4.7m/s,[逃げ]場特性:in_escape_diffが不利(-19.2pt)、1号艇のdominanceが有利(+12.3pt) / [2着]3号艇のwin_rate_rank_2to6が有利(+16.3pt)、場特性:1x_diff_course3が不利(-3.2pt) / [候補2]2号艇のwin_rate_rank_2to6が不利(-13.8pt)、2号艇のclass_rank_2to6が不利(-4.7pt) / [除外]6号艇のwin_rate_rank_2to6が不利(-7.5pt)、1号艇vs5号艇の枠別平均ST差が不利(-6.8pt)、天気-8.6pt
85,09,津,10,15:07,0.7203861274935133,4,0.33949177650363377,2,0.23142264388757983,0.41127882843582997,0.21183538368850074,0.3590790367027128,0.30673073832623665,0.3956188909158948,1-4,1-2,0.166713662244484,0.1443227292547252,0.24456516619134602,0.1526032717214616,0.01218128600508297,True,False,False,False,予選特賞,2026-09-14,1号艇のdominance,0.1469,1号艇の級別順位,-0.0982,1号艇の当地勝率,0.0869,風速区分,0.0795,1号艇のlocal_win_rate順位,0.0729,4号艇のwin_rate_rank_2to6,0.1613,4号艇のclass_rank_2to6,0.1449,4号艇のsession_exh_rel_avg,-0.1448,4号艇の節間得点,0.0859,4号艇の全国勝率,0.0822,2号艇のwin_rate_rank_2to6,-0.1234,2号艇のsession_exh_rel_avg,0.0717,2号艇の全国勝率,-0.0625,2号艇のsession_avg_finish,0.0529,2号艇のracer_2nd_te,-0.0524,0.135,南 1.7m/s,[逃げ]1号艇のdominanceが有利(+14.7pt)、1号艇の級別順位が不利(-9.8pt) / [2着]4号艇のwin_rate_rank_2to6が有利(+16.1pt)、4号艇のclass_rank_2to6が有利(+14.5pt) / [候補2]2号艇のwin_rate_rank_2to6が不利(-12.3pt)、2号艇のsession_exh_rel_avgが有利(+7.2pt) / [除外]6号艇のwin_rate_rank_2to6が不利(-8.1pt)、6号艇のvs_avg456_diffが不利(-6.6pt)、天気+13.5pt
86,18,徳山,5,12:43,0.6101552547402085,3,0.3138812744855448,2,0.30745230215535224,0.3791099467339714,0.1794071947740063,0.44192638186689076,0.29749188426861367,0.3979548772738472,1-3,1-2,0.1875936377420625,0.1915163089919089,0.10946624262956,0.09534061383224172,0.026238443588916246,True,True,False,False,予選,2026-09-14,場特性:in_escape_diff,0.2165,1号艇の年齢,-0.1014,風速区分,0.0847,1号艇のracer_win_te,0.0787,1号艇の節間得点,-0.0773,3号艇のwin_rate_rank_2to6,0.2007,3号艇のsession_exh_rel_avg,0.1231,3号艇の当地勝率,0.098,場特性:1x_diff_course3,0.0614,3号艇のcumulative_diff_rank_2to6,-0.0421,2号艇のsession_exh_rel_avg,-0.1212,2号艇の全国勝率,0.0685,2号艇のclass_rank_2to6,-0.0558,2号艇の当地勝率,0.0527,場特性:in_escape_diff,0.0513,0.071,南 1.5m/s,[逃げ]場特性:in_escape_diffが有利(+21.7pt)、1号艇の年齢が不利(-10.1pt) / [2着]3号艇のwin_rate_rank_2to6が有利(+20.1pt)、3号艇のsession_exh_rel_avgが有利(+12.3pt) / [候補2]2号艇のsession_exh_rel_avgが不利(-12.1pt)、2号艇の全国勝率が有利(+6.9pt) / [除外]6号艇のwin_rate_rank_2to6が不利(-6.4pt)、天気+7.1pt
87,08,常滑,10,15:10,0.5139229152633447,3,0.5533684535922968,5,0.13244232207794138,0.3524538731514645,0.13240410173146808,0.5534066739387701,0.2964542669797887,0.41273971338765614,1-3,1-5,0.06804550195466054,0.284388728884922,0.03567863585088772,0.06806514426654246,0.05774491196438013,True,False,False,False,予選特賞,2026-09-14,1号艇の女子戦比率,-0.1689,1号艇の年齢,-0.1192,1号艇のsession_exh_rel_avg,-0.1109,1号艇の体重,-0.0796,1号艇のvs_max234_diff,0.0693,3号艇のwin_rate_rank_2to6,0.0763,3号艇のsession_exh_rel_avg,0.0633,2号艇のracer_avgfin_te,0.0484,3号艇の女子戦比率,-0.0439,3号艇の体重,-0.0405,mean_234_全国勝率,0.104,5号艇のracer_avgfin_te,-0.0854,5号艇の性別,-0.0774,5号艇のモーター2連率,0.0759,5号艇の女子戦比率,-0.0696,-0.0047,南 5.8m/s,[逃げ]1号艇の女子戦比率が不利(-16.9pt)、1号艇の年齢が不利(-11.9pt) / [2着]3号艇のwin_rate_rank_2to6が有利(+7.6pt)、3号艇のsession_exh_rel_avgが有利(+6.3pt) / [候補2]mean_234_全国勝率が有利(+10.4pt)、5号艇のracer_avgfin_teが不利(-8.5pt) / [除外]2号艇のwin_rate_rank_2to6が不利(-7.3pt)、天気-0.5pt
88,10,三国,1,08:32,0.639373571673888,3,0.35778471818359864,4,0.22374779827719476,0.37181652209404153,0.17002488711003874,0.4115076293507547,0.29595484746041756,0.3837238542710555,1-3,1-4,0.10678245053932767,0.22875809315538292,0.1430584289386586,0.052065170168115044,0.10870941934499506,False,False,True,False,みくにあさイ,2026-09-14,1号艇のvs_max234_diff,0.0984,ST差分(4-3),-0.0719,1号艇のlocal_win_rate順位,0.0697,1号艇の級別順位,0.0641,1号艇のsession_exh_rel_avg,-0.0631,3号艇のwin_rate_rank_2to6,-0.0689,3号艇のcumulative_diff_rank_2to6,-0.0538,3号艇のsession_exh_rel_avg,-0.0407,3号艇の全国勝率,-0.038,場特性:1x_diff_course3,-0.0313,4号艇のwin_rate_rank_2to6,0.1055,4号艇のclass_rank_2to6,-0.1009,4号艇のsession_exh_rel_avg,-0.0937,4号艇の年齢,-0.0545,2号艇の節間得点,0.0421,-0.032,南西 5.9m/s,[逃げ]1号艇のvs_max234_diffが有利(+9.8pt)、ST差分(4-3)が不利(-7.2pt) / [2着]3号艇のwin_rate_rank_2to6が不利(-6.9pt)、3号艇のcumulative_diff_rank_2to6が不利(-5.4pt) / [候補2]4号艇のwin_rate_rank_2to6が有利(+10.6pt)、4号艇のclass_rank_2to6が不利(-10.1pt) / [除外]2号艇のwin_rate_rank_2to6が不利(-7.0pt)、1号艇のsession_exh_rel_deltaが不利(-5.9pt)、天気-3.2pt
89,11,琵琶湖,9,14:30,0.447473663288387,3,0.48191581149838825,4,0.29338217032248515,0.3469254280654795,0.12622325822534056,0.6490747235955329,0.2943773585955045,0.4375702167244955,1-3,1-4,0.040801382246125,0.21564463356777958,0.13128079449769992,0.056481583750289166,0.0032652708934626717,True,True,False,False,予選特賞,2026-09-14,1号艇のsession_exh_rel_avg,-0.082,1号艇のdominance,-0.0796,1号艇の節間得点,-0.0689,1号艇の勝率順位,-0.0677,4号艇のsession_exh_rel_last,-0.0592,3号艇のwin_rate_rank_2to6,0.2014,3号艇のsession_exh_rel_avg,-0.1584,3号艇の全国勝率,0.0602,2号艇のvs_boat3_diff,0.0558,3号艇のclass_rank_2to6,0.0521,4号艇のclass_rank_2to6,0.0996,4号艇のsession_exh_rel_avg,0.0672,4号艇のwin_rate_rank_2to6,0.05,4号艇の節間得点,0.0482,1号艇vs4号艇のcumulative差,0.039,0.0658,西 1.3m/s,[逃げ]1号艇のsession_exh_rel_avgが不利(-8.2pt)、1号艇のdominanceが不利(-8.0pt) / [2着]3号艇のwin_rate_rank_2to6が有利(+20.1pt)、3号艇のsession_exh_rel_avgが不利(-15.8pt) / [候補2]4号艇のclass_rank_2to6が有利(+10.0pt)、4号艇のsession_exh_rel_avgが有利(+6.7pt) / [除外]5号艇の直近平均着順が不利(-30.6pt)、6号艇のwin_rate_rank_2to6が不利(-7.4pt)、天気+6.6pt
90,02,戸田,2,11:16,0.46151665174247586,2,0.4859729183440284,4,0.2785455606497622,0.3528380086204646,0.14235443449423008,0.6221640444995606,0.2925643423981808,0.4336358193841934,1-2,1-4,0.2242845941116556,0.06569894196847068,0.128553414508809,0.03134950041020671,0.011630213637960175,True,True,False,False,一般戦,2026-09-14,場特性:in_escape_diff,-0.1739,場×風向,-0.1137,1号艇のsession_exh_rel_avg,0.1093,1号艇の級別順位,-0.077,1号艇vs4号艇のcumulative差,-0.0728,2号艇のwin_rate_rank_2to6,0.1863,2号艇のsession_exh_rel_avg,-0.0798,2号艇のclass_rank_2to6,0.0761,2号艇の当地勝率,0.0751,2号艇の全国勝率,0.063,4号艇のclass_rank_2to6,0.1063,4号艇のsession_exh_rel_avg,0.0894,4号艇のwin_rate_rank_2to6,0.0856,3号艇のsession_exh_rel_delta,0.0548,4号艇のcumulative_diff_rank_2to6,0.0478,-0.1215,南 3.2m/s,[逃げ]場特性:in_escape_diffが不利(-17.4pt)、場×風向が不利(-11.4pt) / [2着]2号艇のwin_rate_rank_2to6が有利(+18.6pt)、2号艇のsession_exh_rel_avgが不利(-8.0pt) / [候補2]4号艇のclass_rank_2to6が有利(+10.6pt)、4号艇のsession_exh_rel_avgが有利(+8.9pt) / [除外]6号艇のwin_rate_rank_2to6が不利(-7.2pt)、3号艇のwin_rate_rank_2to6が不利(-5.1pt)、天気-12.1pt
91,07,蒲郡,9,19:02,0.5747210319262636,4,0.4656209087209312,6,0.16024007551910882,0.3596954707048228,0.15839947971775498,0.467461504522285,0.2913247802050505,0.39202528085006144,1-4,1-6,0.05902740117481465,0.09103551243997139,0.26760212914653814,0.06496264760665477,0.09209334155828462,True,False,False,False,予選特賞,2026-09-14,1号艇のdominance,-0.1342,1号艇のsession_exh_rel_avg,0.1156,4号艇のsession_exh_rel_avg,-0.1036,5号艇の枠別出走数,-0.0908,1号艇の級別順位,-0.0899,4号艇の直近1着率,-0.2263,4号艇の全国勝率,0.2258,4号艇のwin_rate_rank_2to6,0.2143,4号艇のsession_exh_rel_avg,0.1116,4号艇のclass_rank_2to6,0.1069,6号艇のwin_rate_rank_2to6,0.2204,2号艇のracer_win_te,0.1856,6号艇のsession_exh_rel_avg,0.1293,1号艇vs2号艇のplace_rate差,0.1049,6号艇のclass_rank_2to6,0.096,0.0141,南 2.5m/s,[逃げ]1号艇のdominanceが不利(-13.4pt)、1号艇のsession_exh_rel_avgが有利(+11.6pt) / [2着]4号艇の直近1着率が不利(-22.6pt)、4号艇の全国勝率が有利(+22.6pt) / [候補2]6号艇のwin_rate_rank_2to6が有利(+22.0pt)、2号艇のracer_win_teが有利(+18.6pt) / [除外]2号艇のwin_rate_rank_2to6が不利(-7.2pt)、3号艇のwin_rate_rank_2to6が不利(-6.0pt)、天気+1.4pt
92,08,常滑,12,16:25,0.6033333573578483,3,0.4282757269572848,2,0.22910294068578696,0.3966184786045236,0.2288245820614981,0.4285540855815736,0.28771120947906675,0.40619916069763856,1-3,1-2,0.13822544638451184,0.25839303222001175,0.13805750334117012,0.04609419689256753,0.022563176271995146,True,False,False,False,予選特選,2026-09-14,1号艇の女子戦比率,-0.2071,1号艇のdominance,0.1356,3号艇の枠別出走数,-0.1031,5号艇の枠別出走数,-0.0958,1号艇の級別順位,0.0845,3号艇のwin_rate_rank_2to6,0.1862,3号艇の枠別出走数,-0.057,3号艇の一般戦2連率,0.0507,2号艇のvs_boat3_diff,0.0397,3号艇の全国勝率,0.0357,レース時間帯,-0.0471,1号艇vs3号艇の枠別平均ST差,-0.0406,2号艇の体重,-0.0399,2号艇の全国勝率,-0.0358,6号艇のracer_win_te,0.0333,-0.0251,南 5.8m/s,[逃げ]1号艇の女子戦比率が不利(-20.7pt)、1号艇のdominanceが有利(+13.6pt) / [2着]3号艇のwin_rate_rank_2to6が有利(+18.6pt)、3号艇の枠別出走数が不利(-5.7pt) / [候補2]レース時間帯が不利(-4.7pt)、1号艇vs3号艇の枠別平均ST差が不利(-4.1pt) / [除外]6号艇のwin_rate_rank_2to6が不利(-7.9pt)、6号艇の女子戦比率が不利(-6.3pt)、天気-2.5pt
93,11,琵琶湖,6,12:55,0.4062570146290171,2,0.5736955896779752,5,0.20381220544158918,0.31586799569606366,0.09537990663533424,0.6821278884842301,0.2797150437697668,0.4257459635325136,1-2,1-5,0.23306785756840775,0.038748756125265266,0.033299648131608864,0.08280013812765594,0.018340606352240055,True,True,False,False,予選,2026-09-14,1号艇のdominance,-0.1502,ST差分(4-3),-0.0967,1号艇の年齢,-0.0902,1号艇の節間得点,0.0876,1号艇のsession_exh_rel_avg,-0.0846,2号艇のwin_rate_rank_2to6,0.2156,2号艇のsession_exh_rel_avg,0.078,2号艇のclass_rank_2to6,0.0773,2号艇の全国勝率,0.0711,2号艇のracer_avgfin_te,0.0678,5号艇のsession_exh_rel_avg,0.1335,3号艇のsession_exh_rel_avg,0.1187,5号艇のwin_rate_rank_2to6,0.1136,5号艇のracer_avgfin_te,0.0583,4号艇のsession_exh_rel_delta,0.056,0.0682,南西 1.4m/s,[逃げ]1号艇のdominanceが不利(-15.0pt)、ST差分(4-3)が不利(-9.7pt) / [2着]2号艇のwin_rate_rank_2to6が有利(+21.6pt)、2号艇のsession_exh_rel_avgが有利(+7.8pt) / [候補2]5号艇のsession_exh_rel_avgが有利(+13.4pt)、3号艇のsession_exh_rel_avgが有利(+11.9pt) / [除外]3号艇のsession_exh_rel_avgが不利(-6.0pt)、6号艇のsession_exh_rel_avgが不利(-5.7pt)、天気+6.8pt
94,19,下関,2,15:53,0.5694109590835625,5,0.3652872593794487,3,0.26818586450750065,0.36070653902612826,0.1895358830071805,0.4439372408797688,0.2786663401691908,0.3856757495822204,1-5,1-3,0.10792380892386855,0.1527079703218703,0.06940379626437189,0.20799856870425798,0.031376812747972695,True,False,False,False,予選,2026-09-14,場特性:in_escape_diff,0.0805,1号艇のdominance,-0.0775,1号艇のvs_max234_diff,0.077,3号艇の枠別出走数,-0.067,1号艇のsession_exh_rel_avg,-0.0619,5号艇のwin_rate_rank_2to6,0.2213,5号艇のclass_rank_2to6,0.137,5号艇の直近平均着順,0.1044,ST差分(4-3),0.1019,mean_234_class,-0.1012,3号艇のwin_rate_rank_2to6,-0.1111,3号艇の全国勝率,-0.1075,3号艇のracer_avgfin_te,-0.101,3号艇のsession_exh_rel_avg,0.0893,1号艇vs3号艇の枠別平均ST差,0.0748,0.0485,北西 2.7m/s,[逃げ]場特性:in_escape_diffが有利(+8.0pt)、1号艇のdominanceが不利(-7.7pt) / [2着]5号艇のwin_rate_rank_2to6が有利(+22.1pt)、5号艇のclass_rank_2to6が有利(+13.7pt) / [候補2]3号艇のwin_rate_rank_2to6が不利(-11.1pt)、3号艇の全国勝率が不利(-10.7pt) / [除外]4号艇のwin_rate_rank_2to6が不利(-5.3pt)、天気+4.9pt
95,06,浜名湖,8,15:03,0.5615525722296857,3,0.39203706930976967,2,0.3013153117395865,0.3893538130398431,0.2540814160981324,0.43927096495122375,0.27064073122339816,0.40432895861325735,1-3,1-2,0.1692043883595544,0.22014942468028872,0.14268007276566733,0.02466702367970089,0.004851654115195694,True,False,False,False,ブレイクタイ,2026-09-14,2号艇の枠別勝率,0.4148,1号艇のsession_exh_rel_avg,-0.0781,1号艇の年齢,-0.076,1号艇の全国勝率,-0.0736,1号艇のdominance,0.072,3号艇のwin_rate_rank_2to6,0.1647,4号艇のsession_rank_diff_last,-0.1192,3号艇のsession_exh_rel_avg,0.0796,3号艇のモーター2連率,0.0737,1号艇の直近複勝率,0.0534,ST差分(3-2),-0.0828,4号艇のsession_rank_diff_delta,-0.0811,5号艇のracer_2nd_te,-0.0613,2号艇のclass_rank_2to6,-0.0538,2号艇のsession_exh_rel_avg,0.0483,0.0013,南 2.3m/s,[逃げ]2号艇の枠別勝率が有利(+41.5pt)、1号艇のsession_exh_rel_avgが不利(-7.8pt) / [2着]3号艇のwin_rate_rank_2to6が有利(+16.5pt)、4号艇のsession_rank_diff_lastが不利(-11.9pt) / [候補2]ST差分(3-2)が不利(-8.3pt)、4号艇のsession_rank_diff_deltaが不利(-8.1pt) / [除外]5号艇の直近平均着順が不利(-21.7pt)、2号艇の枠別勝率が不利(-11.4pt)、天気影響ほぼなし
96,09,津,8,14:04,0.5414050428840682,3,0.3457154477907235,5,0.26055021547061863,0.32823528741714497,0.14648035255265596,0.45978531070868617,0.2705392626718421,0.3677002944046073,1-3,1-5,0.07930520155544413,0.1871720868368215,0.06700858981502728,0.14106320058032348,0.0668559802315794,True,True,False,False,予選,2026-09-14,1号艇のdominance,-0.1556,1号艇の級別順位,-0.0784,2号艇のsession_exh_rel_avg,-0.0763,1号艇の節間得点,0.0704,avg_entry_count,-0.0574,6号艇のracer_2nd_te,-0.0529,3号艇のwin_rate_rank_2to6,-0.0477,場特性:1x_diff_course3,-0.0374,3号艇のclass_rank_2to6,0.0316,3号艇のモーター2連率,0.0304,5号艇のwin_rate_rank_2to6,0.2475,5号艇のclass_rank_2to6,0.1667,5号艇のsession_exh_rel_avg,-0.1465,1号艇のモーター出走数,0.0718,5号艇のracer_avgfin_te,0.0652,-0.0122,南東 2.1m/s,[逃げ]1号艇のdominanceが不利(-15.6pt)、1号艇の級別順位が不利(-7.8pt) / [2着]6号艇のracer_2nd_teが不利(-5.3pt)、3号艇のwin_rate_rank_2to6が不利(-4.8pt) / [候補2]5号艇のwin_rate_rank_2to6が有利(+24.7pt)、5号艇のclass_rank_2to6が有利(+16.7pt) / [除外]2号艇のwin_rate_rank_2to6が不利(-5.5pt)、天気-1.2pt
97,07,蒲郡,6,17:37,0.5172316571887561,2,0.45828027262202053,3,0.17047338205012136,0.32521129476955885,0.1420244289052726,0.4867292257668694,0.2697857566737298,0.373666674068752,1-2,1-3,0.2370370648652026,0.08817422990435621,0.055363798765397695,0.06319703678351489,0.07345953072396082,True,False,False,False,予選,2026-09-14,1号艇のracer_win_te,0.1447,1号艇の勝率順位,-0.0915,1号艇のsession_exh_rel_avg,-0.0898,風速区分,0.0768,1号艇のsession_avg_finish,-0.0737,3号艇の直近平均着順,0.0904,2号艇のclass_rank_2to6,0.0777,2号艇のsession_exh_rel_avg,0.0559,2号艇のwin_rate_rank_2to6,0.0556,2号艇の当地勝率,-0.0469,3号艇のsession_exh_rel_avg,-0.1589,3号艇のwin_rate_rank_2to6,-0.0806,3号艇の当地勝率,-0.056,3号艇の全国勝率,-0.0539,6号艇のsession_exh_rel_last,-0.0474,0.013,南 2.5m/s,[逃げ]1号艇のracer_win_teが有利(+14.5pt)、1号艇の勝率順位が不利(-9.2pt) / [2着]3号艇の直近平均着順が有利(+9.0pt)、2号艇のclass_rank_2to6が有利(+7.8pt) / [候補2]3号艇のsession_exh_rel_avgが不利(-15.9pt)、3号艇のwin_rate_rank_2to6が不利(-8.1pt) / [除外]4号艇の女子戦2連率が不利(-8.0pt)、天気+1.3pt
98,21,芦屋,3,09:36,0.4461284991572269,3,0.5418170184527347,4,0.18562317920966187,0.32453180360976147,0.15280908003848154,0.5746311176239149,0.2650221159863573,0.39956159781400746,1-3,1-4,0.06817248553516433,0.24172001326016204,0.08281179034959942,0.046829986666047436,0.006594219191358332,False,False,True,False,サンライズＸ,2026-09-14,5号艇の枠別出走数,-0.1766,1号艇の年齢,-0.119,1号艇vs4号艇のcumulative差,0.0957,6号艇のモーター出走数,-0.0929,4号艇の直近複勝率,-0.0903,3号艇のsession_exh_rel_avg,0.1114,3号艇の節間得点,0.0934,6号艇のモーター出走数,0.0926,3号艇のwin_rate_rank_2to6,0.0788,4号艇のモーター出走数,-0.0757,4号艇の全国2連率,0.1449,4号艇のwin_rate_rank_2to6,-0.1281,4号艇の節間得点,-0.0874,4号艇の全国勝率,-0.0803,4号艇のsession_exh_rel_avg,0.0688,0.0811,北 1.9m/s,[逃げ]5号艇の枠別出走数が不利(-17.7pt)、1号艇の年齢が不利(-11.9pt) / [2着]3号艇のsession_exh_rel_avgが有利(+11.1pt)、3号艇の節間得点が有利(+9.3pt) / [候補2]4号艇の全国2連率が有利(+14.5pt)、4号艇のwin_rate_rank_2to6が不利(-12.8pt) / [除外]6号艇のwin_rate_rank_2to6が不利(-7.0pt)、天気+8.1pt
99,18,徳山,8,14:17,0.5930908546279543,2,0.3449330095228773,3,0.2462372891718385,0.35061769768351203,0.20394885751035421,0.38722144118436164,0.2648080030449564,0.3615988207337669,1-2,1-3,0.20457661340731562,0.14604108427619641,0.12096020220121086,0.1051890761488022,0.016323873070840166,True,True,False,False,予選,2026-09-14,場特性:in_escape_diff,0.2177,2号艇のsession_exh_rel_avg,-0.1191,1号艇の級別順位,0.0955,風速区分,0.09,1号艇の全国勝率,0.0822,2号艇のsession_exh_rel_avg,0.1342,2号艇のwin_rate_rank_2to6,-0.132,場特性:in_escape_diff,0.0818,2号艇の全国勝率,0.0632,2号艇のracer_avgfin_te,0.0543,3号艇のsession_exh_rel_avg,0.1068,3号艇のwin_rate_rank_2to6,-0.0999,3号艇のcumulative_diff_rank_2to6,0.063,6号艇のracer_2nd_te,-0.0582,3号艇のモーター2連率,0.0402,0.064,南西 0.9m/s,[逃げ]場特性:in_escape_diffが有利(+21.8pt)、2号艇のsession_exh_rel_avgが不利(-11.9pt) / [2着]2号艇のsession_exh_rel_avgが有利(+13.4pt)、2号艇のwin_rate_rank_2to6が不利(-13.2pt) / [候補2]3号艇のsession_exh_rel_avgが有利(+10.7pt)、3号艇のwin_rate_rank_2to6が不利(-10.0pt)、天気+6.4pt
100,04,平和島,10,15:29,0.5483195623544561,2,0.41181724240880285,3,0.22800737861620288,0.35082835618403685,0.21108689066497321,0.4287377303600325,0.2619620359472464,0.37420116843683554,1-2,1-3,0.22580745012761375,0.12502090605642313,0.11574307150818104,0.07137734027750717,0.010370805108641195,True,False,False,False,予選特賞,2026-09-14,場特性:in_escape_diff,-0.1926,1号艇の体重,-0.0889,1号艇の節間得点,-0.0836,1号艇のracer_win_te,0.0812,1号艇の級別順位,0.0772,2号艇のwin_rate_rank_2to6,0.1455,2号艇のclass_rank_2to6,0.0634,2号艇の全国勝率,0.0434,1号艇の女子戦2連率,0.036,節間得点の分散(2-6号艇),-0.0228,3号艇のwin_rate_rank_2to6,-0.0887,3号艇のcumulative_diff_rank_2to6,0.0547,3号艇の全国勝率,-0.0352,1号艇のracer_2nd_te,0.0327,場特性:1x_diff_course3,-0.0246,-0.0489,南西 4.6m/s,[逃げ]場特性:in_escape_diffが不利(-19.3pt)、1号艇の体重が不利(-8.9pt) / [2着]2号艇のwin_rate_rank_2to6が有利(+14.6pt)、2号艇のclass_rank_2to6が有利(+6.3pt) / [候補2]3号艇のwin_rate_rank_2to6が不利(-8.9pt)、3号艇のcumulative_diff_rank_2to6が有利(+5.5pt) / [除外]6号艇のwin_rate_rank_2to6が不利(-7.2pt)、6号艇のvs_avg456_diffが不利(-5.9pt)、天気-4.9pt
101,07,蒲郡,2,15:48,0.3775200150684158,2,0.45034669135414984,4,0.3452383600444114,0.3003492805921912,0.10696645092224163,0.6886186004763195,0.26179652469379694,0.41683007655742965,1-2,1-4,0.17001488970602985,0.04038197616397962,0.13033439088616136,0.02822147275501746,0.0085672764158118,True,False,False,False,予選,2026-09-14,1号艇のdominance,-0.1679,1号艇のracer_win_te,-0.0965,3号艇の枠別出走数,-0.0898,1号艇のモーター2連率,0.0811,1号艇の年齢,0.07,3号艇のracer_2nd_te,0.113,2号艇のsession_exh_rel_avg,0.1023,2号艇のwin_rate_rank_2to6,0.0622,3号艇のracer_win_te,0.0605,2号艇のclass_rank_2to6,-0.0481,4号艇のclass_rank_2to6,0.1915,4号艇のwin_rate_rank_2to6,0.1908,4号艇のモーター2連率,0.0991,4号艇の全国勝率,0.0528,4号艇の年齢,0.0489,0.0041,南 2.5m/s,[逃げ]1号艇のdominanceが不利(-16.8pt)、1号艇のracer_win_teが不利(-9.6pt) / [2着]3号艇のracer_2nd_teが有利(+11.3pt)、2号艇のsession_exh_rel_avgが有利(+10.2pt) / [候補2]4号艇のclass_rank_2to6が有利(+19.1pt)、4号艇のwin_rate_rank_2to6が有利(+19.1pt) / [除外]3号艇のwin_rate_rank_2to6が不利(-5.6pt)、天気+0.4pt
102,18,徳山,3,11:38,0.6783990098967579,2,0.27916522971366386,4,0.2693676488515082,0.3721241617144313,0.2489041272507855,0.2996287513143866,0.2609762740738785,0.3503755385944179,1-2,1-4,0.18938541543535056,0.16885631348614955,0.18273874627908074,0.09159428987433954,0.04582424229460434,True,True,False,False,予選,2026-09-14,場特性:in_escape_diff,0.2542,1号艇のracer_win_te,0.184,1号艇のsession_avg_finish,-0.1415,1号艇のdominance,-0.1122,風速区分,0.0856,2号艇のsession_exh_rel_avg,-0.1711,2号艇のwin_rate_rank_2to6,0.0624,2号艇のclass_rank_2to6,-0.0597,2号艇の当地勝率,0.0571,場特性:in_escape_diff,0.053,6号艇の女子戦勝率,0.1195,4号艇のclass_rank_2to6,-0.1036,4号艇のモーター2連率,0.0992,4号艇のsession_exh_rel_avg,0.0954,4号艇のwin_rate_rank_2to6,-0.0794,0.0988,南 1.8m/s,[逃げ]場特性:in_escape_diffが有利(+25.4pt)、1号艇のracer_win_teが有利(+18.4pt) / [2着]2号艇のsession_exh_rel_avgが不利(-17.1pt)、2号艇のwin_rate_rank_2to6が有利(+6.2pt) / [候補2]6号艇の女子戦勝率が有利(+11.9pt)、4号艇のclass_rank_2to6が不利(-10.4pt)、天気+9.9pt
103,19,下関,4,16:50,0.5286201361124232,2,0.4287633708751024,4,0.19479471029798665,0.32962535774371976,0.17687441258632203,0.44668366858676706,0.25966260791434775,0.36474285099663395,1-2,1-4,0.22665295147201803,0.04002437722319478,0.10297240627170175,0.09349937605618645,0.06547102312005865,True,False,False,False,予選,2026-09-14,1号艇の女子戦比率,-0.1723,1号艇のsession_exh_rel_avg,0.1192,1号艇の級別順位,-0.089,ST差分(4-3),-0.0817,4号艇のsession_exh_rel_avg,-0.077,3号艇のracer_2nd_te,0.0626,2号艇のwin_rate_rank_2to6,0.0578,2号艇のモーター2連率,-0.0484,2号艇の全国勝率,0.0449,4号艇のモーター出走数,-0.0367,4号艇のwin_rate_rank_2to6,0.1556,3号艇の枠別平均ST,-0.0699,4号艇のsession_exh_rel_avg,0.0697,4号艇のcumulative_diff_rank_2to6,-0.0694,4号艇の節間得点,-0.0632,0.0519,北西 2.7m/s,[逃げ]1号艇の女子戦比率が不利(-17.2pt)、1号艇のsession_exh_rel_avgが有利(+11.9pt) / [2着]3号艇のracer_2nd_teが有利(+6.3pt)、2号艇のwin_rate_rank_2to6が有利(+5.8pt) / [候補2]4号艇のwin_rate_rank_2to6が有利(+15.6pt)、3号艇の枠別平均STが不利(-7.0pt) / [除外]3号艇のwin_rate_rank_2to6が不利(-5.1pt)、天気+5.2pt
104,04,平和島,12,16:44,0.476876455174736,2,0.37283344298691157,3,0.27396371701466615,0.3084423368786389,0.13520713020806802,0.5115900297935096,0.25839801303380183,0.3693866447531001,1-2,1-3,0.17779549066219041,0.1306468462164485,0.06166336402035407,0.06447709696797244,0.04229365553126733,True,False,False,False,東京ベイＤＲ,2026-09-14,場特性:in_escape_diff,-0.1476,race_no,0.1398,1号艇のdominance,-0.1269,レース時間帯,0.1045,3号艇のracer_win_te,-0.1038,2号艇のwin_rate_rank_2to6,-0.1296,2号艇の全国勝率,0.0535,5号艇の直近1着率,0.0508,1号艇の女子戦2連率,0.0479,2号艇のclass_rank_2to6,-0.0441,3号艇の当地勝率,0.1141,3号艇のwin_rate_rank_2to6,-0.1002,3号艇のcumulative_diff_rank_2to6,0.0526,3号艇のracer_avgfin_te,0.0503,3号艇のracer_win_te,0.041,0.035,南西 4.1m/s,[逃げ]場特性:in_escape_diffが不利(-14.8pt)、race_noが有利(+14.0pt) / [2着]2号艇のwin_rate_rank_2to6が不利(-13.0pt)、2号艇の全国勝率が有利(+5.3pt) / [候補2]3号艇の当地勝率が有利(+11.4pt)、3号艇のwin_rate_rank_2to6が不利(-10.0pt) / [除外]5号艇の直近1着率が不利(-13.9pt)、3号艇のracer_avgfin_teが不利(-9.0pt)、天気+3.5pt
105,20,若松,4,16:46,0.4861465897392572,4,0.3817107656756832,5,0.27127910043503517,0.31744879654401986,0.15624629919918265,0.49674356691153565,0.257928556969735,0.3712372276542746,1-4,1-5,0.07017497554940066,0.07595860551506227,0.1855673869999941,0.13188140954402577,0.022564215752848685,True,False,False,False,一般戦,2026-09-14,1号艇のdominance,-0.2324,1号艇の級別順位,-0.0939,1号艇のvs_max234_diff,-0.0721,1号艇の全国勝率,-0.0704,1号艇vs4号艇のcumulative差,-0.06,4号艇のwin_rate_rank_2to6,0.1596,4号艇のclass_rank_2to6,0.1025,4号艇の年齢,-0.1023,4号艇の全国勝率,0.0883,1号艇の平均ST,0.0834,5号艇のclass_rank_2to6,0.157,5号艇のwin_rate_rank_2to6,0.1259,5号艇のsession_exh_rel_avg,0.0681,6号艇のsession_exh_rel_delta,0.0496,3号艇の女子戦2連率,0.0493,0.0662,北西 2.0m/s,[逃げ]1号艇のdominanceが不利(-23.2pt)、1号艇の級別順位が不利(-9.4pt) / [2着]4号艇のwin_rate_rank_2to6が有利(+16.0pt)、4号艇のclass_rank_2to6が有利(+10.3pt) / [候補2]5号艇のclass_rank_2to6が有利(+15.7pt)、5号艇のwin_rate_rank_2to6が有利(+12.6pt) / [除外]6号艇のvs_avg456_diffが不利(-6.6pt)、2号艇のwin_rate_rank_2to6が不利(-5.1pt)、天気+6.6pt
106,06,浜名湖,11,16:36,0.616159906241739,3,0.31714901870111434,2,0.25591372211945523,0.3530982846546361,0.2274318118886128,0.3456309289319567,0.25673134547011806,0.35085807793783225,1-3,1-2,0.157683775027098,0.19541450962753815,0.14013436388967648,0.08376828077991069,0.03915897691751576,True,False,False,False,準優勝戦,2026-09-14,1号艇の節間得点,0.1159,場特性:in_escape_diff,-0.0889,1号艇のsession_exh_rel_avg,-0.0783,1号艇vs4号艇の枠別平均ST差,-0.0772,1号艇のracer_win_te,0.0746,3号艇のsession_exh_rel_avg,-0.1781,3号艇の当地勝率,0.0891,3号艇のwin_rate_rank_2to6,0.0609,3号艇の全国勝率,0.0404,3号艇のcumulative_diff_rank_2to6,0.0389,2号艇のsession_exh_rel_avg,0.137,2号艇のwin_rate_rank_2to6,-0.1318,2号艇の全国勝率,-0.0778,2号艇の節間得点,0.0706,2号艇のsession_avg_finish,0.0652,0.0812,南 2.3m/s,[逃げ]1号艇の節間得点が有利(+11.6pt)、場特性:in_escape_diffが不利(-8.9pt) / [2着]3号艇のsession_exh_rel_avgが不利(-17.8pt)、3号艇の当地勝率が有利(+8.9pt) / [候補2]2号艇のsession_exh_rel_avgが有利(+13.7pt)、2号艇のwin_rate_rank_2to6が不利(-13.2pt)、天気+8.1pt
107,08,常滑,6,13:08,0.6446532520234629,3,0.3116341870739106,2,0.28885306060466565,0.38710605701461287,0.28256894038417835,0.31791830729439796,0.25584507899831305,0.3663497320985484,1-3,1-2,0.18621006487572814,0.20089599213888468,0.1821589863394846,0.07412408306970718,0.0012641342301226272,True,True,False,False,昼トコ小判Ｒ,2026-09-14,1号艇のdominance,0.17,1号艇の女子戦比率,-0.1494,4号艇の枠別出走数,-0.1107,1号艇のsession_exh_rel_avg,0.0936,1号艇vs4号艇の枠別平均ST差,-0.0739,3号艇のsession_exh_rel_avg,-0.1612,3号艇のwin_rate_rank_2to6,0.0726,3号艇のsession_exh_rel_last,-0.0555,3号艇の全国勝率,0.0402,6号艇のsession_rank_diff_last,0.036,2号艇の全国勝率,-0.1095,2号艇のsession_exh_rel_avg,-0.0848,2号艇のracer_avgfin_te,-0.058,1号艇vs2号艇のplace_rate差,-0.0554,4号艇のrecent_race_count,0.0541,-0.105,南東 7.5m/s,[逃げ]1号艇のdominanceが有利(+17.0pt)、1号艇の女子戦比率が不利(-14.9pt) / [2着]3号艇のsession_exh_rel_avgが不利(-16.1pt)、3号艇のwin_rate_rank_2to6が有利(+7.3pt) / [候補2]2号艇の全国勝率が不利(-11.0pt)、2号艇のsession_exh_rel_avgが不利(-8.5pt) / [除外]6号艇の直近平均着順が不利(-18.9pt)、6号艇の全国勝率が不利(-17.8pt)、天気-10.5pt
108,22,福岡,2,12:18,0.45388661446379724,4,0.38463230535929926,2,0.36823792035039493,0.341717717877968,0.21548821356097575,0.5373820121487185,0.2533543491967798,0.4004170061591931,1-4,1-2,0.16713826298503018,0.097807215710043,0.1745794548929378,0.013991993814998717,0.00036967871216920693,True,True,False,False,予選,2026-09-14,1号艇のdominance,-0.1572,1号艇のsession_exh_rel_avg,0.1499,1号艇の年齢,-0.13,1号艇の級別順位,-0.083,1号艇のracer_win_te,-0.0771,4号艇のwin_rate_rank_2to6,0.2223,4号艇のclass_rank_2to6,0.2189,4号艇のracer_win_te,0.0795,4号艇のsession_exh_rel_avg,0.0663,4号艇の全国勝率,0.0577,2号艇のsession_exh_rel_avg,0.0766,場特性:1x_diff_course2,0.0555,2号艇の全国勝率,-0.0486,6号艇の直近平均着順,-0.0467,1号艇のモーター出走数,0.0315,0.0558,北 2.0m/s,[逃げ]1号艇のdominanceが不利(-15.7pt)、1号艇のsession_exh_rel_avgが有利(+15.0pt) / [2着]4号艇のwin_rate_rank_2to6が有利(+22.2pt)、4号艇のclass_rank_2to6が有利(+21.9pt) / [候補2]2号艇のsession_exh_rel_avgが有利(+7.7pt)、場特性:1x_diff_course2が有利(+5.6pt) / [除外]6号艇の直近平均着順が不利(-23.2pt)、6号艇の全国勝率が不利(-16.2pt)、天気+5.6pt
109,21,芦屋,9,12:35,0.5251673353774917,2,0.3794620048220937,3,0.23264529928497843,0.3214587618630111,0.1967957804013135,0.41531152370575863,0.24554468837380555,0.3496145904158353,1-2,1-3,0.19928104994941986,0.1221777119135912,0.10335071560689182,0.08220059561284088,0.01815725349094442,True,True,False,False,アシ夢特選,2026-09-14,1号艇の級別順位,-0.0714,風速区分,0.0605,1号艇の全国勝率,-0.0604,1号艇vs2号艇のcumulative差,0.059,6号艇のモーター出走数,-0.0579,2号艇のwin_rate_rank_2to6,0.1629,2号艇のclass_rank_2to6,0.082,2号艇の節間得点,-0.0648,2号艇のcumulative_diff_rank_2to6,-0.0562,2号艇の全国勝率,0.0534,3号艇のwin_rate_rank_2to6,-0.1486,4号艇のモーター出走数,-0.0885,6号艇のモーター出走数,0.0734,3号艇の全国勝率,-0.0639,3号艇のcumulative_diff_rank_2to6,-0.0606,0.0583,北 1.8m/s,[逃げ]1号艇の級別順位が不利(-7.1pt)、風速区分が有利(+6.1pt) / [2着]2号艇のwin_rate_rank_2to6が有利(+16.3pt)、2号艇のclass_rank_2to6が有利(+8.2pt) / [候補2]3号艇のwin_rate_rank_2to6が不利(-14.9pt)、4号艇のモーター出走数が不利(-8.8pt) / [除外]6号艇のwin_rate_rank_2to6が不利(-6.0pt)、天気+5.8pt
110,06,浜名湖,6,14:00,0.5966878536156439,2,0.32893619526412754,3,0.22768940133227922,0.3321317325006372,0.21879001413258298,0.3378355824638238,0.2449312047634048,0.3338428874895932,1-2,1-3,0.1962722323286486,0.1358595001719886,0.05412605937211651,0.13054934392530734,0.07988071559474737,True,True,False,False,一般,2026-09-14,1号艇のsession_exh_rel_avg,-0.1108,1号艇のracer_win_te,0.0703,1号艇のvs_max234_diff,0.0649,場特性:in_escape_diff,-0.0594,1号艇の勝率順位,-0.0575,2号艇のsession_exh_rel_avg,0.083,2号艇のclass_rank_2to6,-0.0609,6号艇のモーター出走数,0.0556,2号艇のモーター2連率,0.0409,4号艇のモーター出走数,0.0322,3号艇のwin_rate_rank_2to6,-0.0944,3号艇のsession_exh_rel_avg,0.0731,3号艇の全国勝率,-0.0682,3号艇のcumulative_diff_rank_2to6,-0.0589,3号艇のsession_rank_diff_delta,0.0364,-0.0066,南 2.0m/s,[逃げ]1号艇のsession_exh_rel_avgが不利(-11.1pt)、1号艇のracer_win_teが有利(+7.0pt) / [2着]2号艇のsession_exh_rel_avgが有利(+8.3pt)、2号艇のclass_rank_2to6が不利(-6.1pt) / [候補2]3号艇のwin_rate_rank_2to6が不利(-9.4pt)、3号艇のsession_exh_rel_avgが有利(+7.3pt)、天気-0.7pt
111,11,琵琶湖,5,12:27,0.39891558740871247,3,0.5126796145842828,2,0.23214121408255814,0.29712063838187686,0.1517008445033733,0.5931199841634677,0.2430324962675823,0.3859204421163541,1-3,1-2,0.09260474877751536,0.20451588960436148,0.06051583149546091,0.040726071515656735,0.0005530416503686453,True,True,False,False,予選,2026-09-14,6号艇の枠別出走数,-0.0968,1号艇のsession_exh_rel_avg,-0.0844,3号艇のsession_exh_rel_avg,-0.0752,場特性:in_escape_diff,-0.0574,3号艇のsession_exh_rel_last,-0.0546,3号艇のwin_rate_rank_2to6,0.2424,3号艇のsession_exh_rel_avg,0.1181,6号艇の年齢,0.0753,3号艇の当地勝率,0.0661,3号艇のclass_rank_2to6,0.0582,6号艇の体重,0.0897,2号艇のモーター2連率,-0.0564,2号艇のsession_exh_rel_avg,-0.0522,2号艇のwin_rate_rank_2to6,0.0486,2号艇の全国勝率,0.0463,0.0649,南 0.6m/s,[逃げ]6号艇の枠別出走数が不利(-9.7pt)、1号艇のsession_exh_rel_avgが不利(-8.4pt) / [2着]3号艇のwin_rate_rank_2to6が有利(+24.2pt)、3号艇のsession_exh_rel_avgが有利(+11.8pt) / [候補2]6号艇の体重が有利(+9.0pt)、2号艇のモーター2連率が不利(-5.6pt) / [除外]6号艇の直近平均着順が不利(-22.4pt)、6号艇のvs_avg456_diffが不利(-11.8pt)、天気+6.5pt
112,22,福岡,7,14:44,0.4185815720631276,3,0.44410685277289474,2,0.25741064262182134,0.2936422960521082,0.15437223657524074,0.5471452588194754,0.2392460344585247,0.36969318488231834,1-3,1-2,0.1077473514544219,0.18589494459768624,0.03205077226053219,0.028271134959935613,0.06461737346856532,True,True,False,False,予選,2026-09-14,1号艇のdominance,-0.2443,5号艇のsession_exh_rel_avg,-0.1321,風向(度),-0.1256,1号艇の体重,-0.09,1号艇のracer_win_te,0.0898,風向(度),0.1093,場特性:1x_diff_course3,0.0813,3号艇のsession_exh_rel_avg,0.0763,6号艇のracer_2nd_te,-0.0701,3号艇のwin_rate_rank_2to6,0.0621,2号艇のwin_rate_rank_2to6,-0.1586,2号艇の全国勝率,-0.082,2号艇のsession_exh_rel_avg,-0.054,2号艇のclass_rank_2to6,-0.0539,場特性:1x_diff_course2,0.043,0.0288,北 2.8m/s,[逃げ]1号艇のdominanceが不利(-24.4pt)、5号艇のsession_exh_rel_avgが不利(-13.2pt) / [2着]風向(度)が有利(+10.9pt)、場特性:1x_diff_course3が有利(+8.1pt) / [候補2]2号艇のwin_rate_rank_2to6が不利(-15.9pt)、2号艇の全国勝率が不利(-8.2pt) / [除外]win_rate_range_1to6が不利(-5.6pt)、4号艇のwin_rate_rank_2to6が不利(-5.2pt)、天気+2.9pt
113,07,蒲郡,12,20:35,0.5509445237431635,3,0.3470499614054524,2,0.2466223039073938,0.32708048347231106,0.23224263046840463,0.36142963484444157,0.2359260452445266,0.3373852288839502,1-3,1-2,0.1358752077707008,0.19120527570161025,0.12795280543627469,0.04508733803012504,0.05082389475202443,False,False,False,False,予選記者特選,2026-09-14,2号艇のsession_exh_rel_avg,-0.1927,1号艇のdominance,0.1662,4号艇のsession_exh_rel_last,-0.1616,1号艇のsession_exh_rel_avg,-0.113,1号艇の年齢,0.0976,3号艇のモーター2連率,0.0906,4号艇のsession_exh_rel_last,-0.073,3号艇のwin_rate_rank_2to6,0.0667,3号艇のclass_rank_2to6,0.0395,3号艇の節間得点,0.0387,2号艇のsession_exh_rel_avg,0.1548,2号艇のwin_rate_rank_2to6,-0.1244,6号艇のsession_exh_rel_last,-0.0611,2号艇のモーター2連率,0.0569,2号艇の全国勝率,0.0533,0.1809,南 2.5m/s,[逃げ]2号艇のsession_exh_rel_avgが不利(-19.3pt)、1号艇のdominanceが有利(+16.6pt) / [2着]3号艇のモーター2連率が有利(+9.1pt)、4号艇のsession_exh_rel_lastが不利(-7.3pt) / [候補2]2号艇のsession_exh_rel_avgが有利(+15.5pt)、2号艇のwin_rate_rank_2to6が不利(-12.4pt)、天気+18.1pt
114,19,下関,6,17:51,0.5259866826468574,4,0.3393490154003601,2,0.28996776427092363,0.3310122452733018,0.24802778774846015,0.3812889919228236,0.23249196337795655,0.34609526926815837,1-4,1-2,0.15251918240338908,0.0605523831664411,0.17849306286991276,0.13045931328205143,0.0039627289234129386,True,False,False,False,予選,2026-09-14,1号艇の年齢,-0.6035,1号艇の級別順位,-0.096,場特性:in_escape_diff,0.0911,1号艇のsession_avg_finish,0.0888,4号艇のracer_win_te,-0.0859,1号艇の直近1着率,-0.1258,4号艇のsession_exh_rel_avg,0.1184,4号艇のwin_rate_rank_2to6,-0.083,4号艇の全国勝率,0.0649,4号艇のcumulative_diff_rank_2to6,0.0639,1号艇の年齢,-0.2005,4号艇の女子戦勝率,0.0701,2号艇のsession_exh_rel_avg,-0.0667,3号艇の全国勝率,-0.0654,2号艇のwin_rate_rank_2to6,0.0635,0.0781,北西 2.8m/s,[逃げ]1号艇の年齢が不利(-60.4pt)、1号艇の級別順位が不利(-9.6pt) / [2着]1号艇の直近1着率が不利(-12.6pt)、4号艇のsession_exh_rel_avgが有利(+11.8pt) / [候補2]1号艇の年齢が不利(-20.1pt)、4号艇の女子戦勝率が有利(+7.0pt) / [除外]6号艇のwin_rate_rank_2to6が不利(-7.1pt)、3号艇のwin_rate_rank_2to6が不利(-5.2pt)、天気+7.8pt
115,20,若松,6,17:44,0.4870595246207776,4,0.4039876508611622,5,0.26199509975369784,0.32437324192011163,0.23624812654497435,0.42973462406988566,0.23241415707417631,0.3559816565650438,1-4,1-5,0.11506690020754452,0.03925327672297687,0.19676603318110233,0.12760720873900927,0.008366104409316028,True,False,False,False,一般戦,2026-09-14,2号艇のsession_exh_rel_avg,-0.13,1号艇のsession_exh_rel_avg,0.126,節間得点の分散(2-6号艇),-0.1246,1号艇の節間得点,0.099,1号艇vs4号艇のcumulative差,-0.0794,4号艇のwin_rate_rank_2to6,0.2046,4号艇のclass_rank_2to6,0.1812,4号艇の節間得点,0.1487,4号艇の全国勝率,0.0739,5号艇の一般戦2連率,-0.0673,5号艇のwin_rate_rank_2to6,0.1763,5号艇のclass_rank_2to6,0.1757,5号艇のsession_exh_rel_avg,0.1155,6号艇のracer_win_te,-0.0946,3号艇の枠別平均ST,0.0815,0.0711,北 2.4m/s,[逃げ]2号艇のsession_exh_rel_avgが不利(-13.0pt)、1号艇のsession_exh_rel_avgが有利(+12.6pt) / [2着]4号艇のwin_rate_rank_2to6が有利(+20.5pt)、4号艇のclass_rank_2to6が有利(+18.1pt) / [候補2]5号艇のwin_rate_rank_2to6が有利(+17.6pt)、5号艇のclass_rank_2to6が有利(+17.6pt) / [除外]6号艇のwin_rate_rank_2to6が不利(-7.4pt)、天気+7.1pt
116,22,福岡,3,12:48,0.3322795169824236,3,0.5343345250449756,2,0.26310975769385936,0.2649744010888553,0.11282488238969654,0.6846194003491384,0.22909955432189882,0.39086790086694023,1-3,1-2,0.0874259831998781,0.1775484178889772,0.03748939742404712,0.02813814652065495,0.0016775712525825383,True,True,False,False,カタメン３予,2026-09-14,1号艇のdominance,-0.3843,1号艇のracer_win_te,-0.2267,1号艇のvs_max234_diff,-0.138,1号艇のsession_exh_rel_avg,0.1117,1号艇の年齢,-0.1072,3号艇のwin_rate_rank_2to6,0.2604,3号艇の全国勝率,0.0951,win_rate_gap_top2_2to6,0.0948,3号艇のsession_exh_rel_avg,0.0915,場特性:1x_diff_course3,0.0507,2号艇のwin_rate_rank_2to6,-0.1349,2号艇のsession_exh_rel_avg,0.1212,2号艇の全国勝率,-0.0653,5号艇のsession_avg_finish,-0.0552,1号艇の年齢,0.0509,0.0563,北 3.0m/s,[逃げ]1号艇のdominanceが不利(-38.4pt)、1号艇のracer_win_teが不利(-22.7pt) / [2着]3号艇のwin_rate_rank_2to6が有利(+26.0pt)、3号艇の全国勝率が有利(+9.5pt) / [候補2]2号艇のwin_rate_rank_2to6が不利(-13.5pt)、2号艇のsession_exh_rel_avgが有利(+12.1pt) / [除外]ST差分(6-5)が不利(-8.1pt)、win_rate_range_1to6が不利(-5.7pt)、天気+5.6pt
117,12,住之江,10,19:24,0.33849039307003015,2,0.39752621857689246,3,0.38555925028858506,0.2650669081637044,0.11815904247083894,0.6649264263946386,0.22748284569250943,0.38502476363298466,1-2,1-3,0.13455880598173506,0.1305081021819693,0.03999570073073266,0.023568377963101,0.00985940022286101,True,False,False,False,予選特別Ｂ戦,2026-09-14,1号艇の年齢,-0.1662,1号艇の級別順位,-0.0982,1号艇のdominance,-0.0964,1号艇の勝率順位,-0.0865,3号艇のsession_rank_diff_last,-0.0815,2号艇のsession_exh_rel_avg,-0.1093,2号艇のclass_rank_2to6,0.0863,2号艇のwin_rate_rank_2to6,0.082,1号艇の年齢,0.079,2号艇のモーター2連率,-0.0511,3号艇のwin_rate_rank_2to6,0.1771,3号艇のsession_exh_rel_avg,0.1495,5号艇のsession_exh_rel_avg,-0.0984,場特性:1x_diff_course3,0.0577,3号艇のclass_rank_2to6,0.0537,0.0475,南西 0.1m/s,[逃げ]1号艇の年齢が不利(-16.6pt)、1号艇の級別順位が不利(-9.8pt) / [2着]2号艇のsession_exh_rel_avgが不利(-10.9pt)、2号艇のclass_rank_2to6が有利(+8.6pt) / [候補2]3号艇のwin_rate_rank_2to6が有利(+17.7pt)、3号艇のsession_exh_rel_avgが有利(+14.9pt)、天気+4.8pt
118,10,三国,4,09:50,0.4594283207102112,4,0.36260090499703346,2,0.28642243633109254,0.29817970380811115,0.21244135735657985,0.43658198397154613,0.22216486259229745,0.33970038785714163,1-4,1-2,0.13159057893732123,0.05857679536519865,0.16658912487078992,0.09760157605973135,0.005070249755929727,False,False,True,False,みくにあさ推,2026-09-14,1号艇の級別順位,-0.0922,4号艇のsession_exh_rel_avg,-0.0877,5号艇のsession_exh_rel_avg,-0.0645,1号艇vs4号艇の枠別平均ST差,-0.0634,1号艇の年齢,-0.0629,4号艇のwin_rate_rank_2to6,0.1479,4号艇のclass_rank_2to6,0.0958,4号艇のsession_exh_rel_avg,0.0789,4号艇の年齢,0.0693,4号艇の全国勝率,0.0617,2号艇のsession_exh_rel_avg,-0.0684,1号艇の年齢,0.0676,2号艇のclass_rank_2to6,-0.0558,2号艇の全国勝率,0.0339,4号艇のracer_2nd_te,-0.0319,-0.0677,北東 4.2m/s,[逃げ]1号艇の級別順位が不利(-9.2pt)、4号艇のsession_exh_rel_avgが不利(-8.8pt) / [2着]4号艇のwin_rate_rank_2to6が有利(+14.8pt)、4号艇のclass_rank_2to6が有利(+9.6pt) / [候補2]2号艇のsession_exh_rel_avgが不利(-6.8pt)、1号艇の年齢が有利(+6.8pt) / [除外]6号艇のwin_rate_rank_2to6が不利(-7.0pt)、6号艇のvs_avg456_diffが不利(-5.5pt)、天気-6.8pt
119,10,三国,11,13:32,0.4443993181875756,3,0.36247485237537297,4,0.3126400577225485,0.3000206057457827,0.21649496907219468,0.4586199410257268,0.2220770636314375,0.34760040632976597,1-3,1-4,0.09621021664672358,0.16108357725575786,0.13893702849002484,0.026464690860837692,0.02170381652284691,True,True,False,False,準優勝戦,2026-09-14,1号艇のdominance,0.1892,1号艇のsession_exh_rel_avg,0.1223,1号艇の体重,-0.1053,1号艇vs4号艇の枠別平均ST差,-0.0978,6号艇の枠別出走数,-0.0967,3号艇のsession_exh_rel_avg,0.1353,3号艇の当地勝率,0.0768,3号艇のwin_rate_rank_2to6,0.0613,3号艇のsession_exh_rel_last,0.048,3号艇の節間得点,0.0409,4号艇のwin_rate_rank_2to6,0.1536,4号艇のclass_rank_2to6,0.0919,4号艇の全国勝率,0.0901,4号艇の年齢,0.0841,4号艇のcumulative_diff_rank_2to6,-0.073,0.0093,北東 4.9m/s,[逃げ]1号艇のdominanceが有利(+18.9pt)、1号艇のsession_exh_rel_avgが有利(+12.2pt) / [2着]3号艇のsession_exh_rel_avgが有利(+13.5pt)、3号艇の当地勝率が有利(+7.7pt) / [候補2]4号艇のwin_rate_rank_2to6が有利(+15.4pt)、4号艇のclass_rank_2to6が有利(+9.2pt) / [除外]2号艇のwin_rate_rank_2to6が不利(-5.1pt)、天気+0.9pt
120,12,住之江,3,16:08,0.5783120771579269,2,0.2659175795222523,3,0.2445687741523475,0.2952204235543339,0.21224648831531873,0.2982398653592811,0.22002902574029187,0.29612625609581805,1-2,1-3,0.15378334776632194,0.14143707578801198,0.08955121685661013,0.12274470752710763,0.07079572706549485,True,False,False,False,予選,2026-09-14,1号艇のsession_exh_rel_avg,-0.1197,1号艇のvs_max234_diff,0.0925,風速区分,0.0876,1号艇の年齢,0.0765,1号艇のlocal_win_rate順位,-0.0619,2号艇のsession_exh_rel_avg,-0.0956,6号艇のsession_rank_diff_delta,-0.0914,2号艇の全国勝率,-0.0685,2号艇のwin_rate_rank_2to6,-0.0522,2号艇のclass_rank_2to6,-0.0476,3号艇のwin_rate_rank_2to6,-0.1114,3号艇のracer_avgfin_te,-0.0821,3号艇の全国勝率,-0.0561,3号艇の当地勝率,-0.0546,3号艇のracer_2nd_te,-0.0458,0.1129,西 2.0m/s,[逃げ]1号艇のsession_exh_rel_avgが不利(-12.0pt)、1号艇のvs_max234_diffが有利(+9.3pt) / [2着]2号艇のsession_exh_rel_avgが不利(-9.6pt)、6号艇のsession_rank_diff_deltaが不利(-9.1pt) / [候補2]3号艇のwin_rate_rank_2to6が不利(-11.1pt)、3号艇のracer_avgfin_teが不利(-8.2pt)、天気+11.3pt
121,19,下関,3,16:22,0.4349507480794451,3,0.4325960656710425,4,0.24524466703878708,0.29482733377085957,0.21577600142120765,0.4620647312886219,0.21848733794195735,0.34499855302618826,1-3,1-4,0.09385193323574569,0.18815798237984468,0.10666935139101488,0.018697612062673032,0.027573870225405174,True,False,False,False,予選,2026-09-14,1号艇のdominance,-0.1519,1号艇のsession_exh_rel_avg,0.1357,1号艇の級別順位,-0.1185,1号艇の年齢,-0.1072,1号艇のracer_win_te,0.094,3号艇のwin_rate_rank_2to6,0.207,3号艇の全国勝率,0.18,3号艇のsession_exh_rel_avg,0.1096,6号艇のracer_2nd_te,-0.0823,3号艇の全国2連率,-0.0494,3号艇の直近1着率,0.095,4号艇のwin_rate_rank_2to6,0.0709,4号艇のsession_exh_rel_avg,0.0509,場特性:1x_diff_course3,-0.0483,4号艇の全国2連率,0.0401,0.0297,北西 2.7m/s,[逃げ]1号艇のdominanceが不利(-15.2pt)、1号艇のsession_exh_rel_avgが有利(+13.6pt) / [2着]3号艇のwin_rate_rank_2to6が有利(+20.7pt)、3号艇の全国勝率が有利(+18.0pt) / [候補2]3号艇の直近1着率が有利(+9.5pt)、4号艇のwin_rate_rank_2to6が有利(+7.1pt)、天気+3.0pt
122,04,平和島,7,13:53,0.4244888192836591,3,0.3805142291574057,2,0.2996777706156229,0.28873389886984385,0.20889410450193466,0.4712978952710939,0.21635612777732202,0.3435030977902188,1-3,1-2,0.127209863014185,0.16152403585565883,0.04545149374455228,0.08867321177534354,0.0016302035280088966,True,True,False,False,予選,2026-09-14,場特性:in_escape_diff,-0.1771,1号艇の節間得点,-0.0706,1号艇の一般戦勝率,-0.0665,1号艇の勝率順位,-0.0644,1号艇の全国勝率,-0.0586,3号艇のwin_rate_rank_2to6,0.0685,6号艇の直近平均着順,-0.0539,場特性:1x_diff_course3,-0.0368,3号艇のcumulative_diff_rank_2to6,0.0346,2号艇のvs_boat3_diff,0.0319,2号艇のwin_rate_rank_2to6,-0.1556,2号艇の全国勝率,-0.0893,2号艇の直近平均着順,-0.0408,2号艇のモーター2連率,-0.0391,2号艇の全国2連率,-0.0312,-0.1061,南 4.6m/s,[逃げ]場特性:in_escape_diffが不利(-17.7pt)、1号艇の節間得点が不利(-7.1pt) / [2着]3号艇のwin_rate_rank_2to6が有利(+6.8pt)、6号艇の直近平均着順が不利(-5.4pt) / [候補2]2号艇のwin_rate_rank_2to6が不利(-15.6pt)、2号艇の全国勝率が不利(-8.9pt) / [除外]6号艇の全国勝率が不利(-17.0pt)、6号艇の直近平均着順が不利(-15.8pt)、天気-10.6pt
123,21,芦屋,6,11:00,0.40885436989551194,4,0.3651106974689983,2,0.3370856698284803,0.28709605329432814,0.20702104872704652,0.4951753185704322,0.21577414204826273,0.3495198328771594,1-4,1-2,0.1378189491385299,0.08464146043240468,0.1492771041557982,0.035296886431676784,0.0018199609792703836,True,True,False,False,一般,2026-09-14,1号艇のracer_win_te,-0.123,1号艇vs2号艇のcumulative差,-0.0885,1号艇のdominance,-0.0813,1号艇の勝率順位,-0.0807,6号艇の枠別出走数,-0.0755,4号艇のclass_rank_2to6,0.1788,4号艇のwin_rate_rank_2to6,0.1046,4号艇の節間得点,0.0726,3号艇の年齢,0.0723,4号艇のsession_exh_rel_avg,0.0707,2号艇のwin_rate_rank_2to6,0.1603,6号艇の年齢,-0.0858,2号艇のsession_exh_rel_avg,0.0824,2号艇の女子戦比率,-0.0676,3号艇の全国勝率,-0.0501,0.0538,北 2.6m/s,[逃げ]1号艇のracer_win_teが不利(-12.3pt)、1号艇vs2号艇のcumulative差が不利(-8.9pt) / [2着]4号艇のclass_rank_2to6が有利(+17.9pt)、4号艇のwin_rate_rank_2to6が有利(+10.5pt) / [候補2]2号艇のwin_rate_rank_2to6が有利(+16.0pt)、6号艇の年齢が不利(-8.6pt) / [除外]6号艇の全国勝率が不利(-13.7pt)、6号艇の直近平均着順が不利(-10.2pt)、天気+5.4pt
124,12,住之江,5,17:01,0.5000231721205042,4,0.32969202145255283,6,0.23211667968359118,0.28091736886699503,0.19331499072133965,0.3684937104148044,0.2157507225998115,0.3071902713313378,1-4,1-6,0.09666197487893008,0.0825476935634547,0.1648536503895268,0.039896147850244666,0.11606371847746824,True,False,False,False,住之江ファイ,2026-09-14,4号艇のsession_exh_rel_avg,-0.2185,1号艇のdominance,-0.1465,1号艇vs4号艇のcumulative差,-0.0944,場特性:in_escape_diff,0.0729,1号艇のvs_max234_diff,0.0695,4号艇のsession_exh_rel_avg,0.1363,4号艇のwin_rate_rank_2to6,0.1005,4号艇のclass_rank_2to6,-0.0756,3号艇の年齢,0.0602,4号艇のモーター2連率,0.0457,6号艇のwin_rate_rank_2to6,0.3133,6号艇のsession_exh_rel_avg,0.2075,6号艇のclass_rank_2to6,0.1902,1号艇vs6号艇のcumulative差,0.1104,6号艇のvs_avg456_diff,0.1097,0.0077,西 3.2m/s,[逃げ]4号艇のsession_exh_rel_avgが不利(-21.9pt)、1号艇のdominanceが不利(-14.7pt) / [2着]4号艇のsession_exh_rel_avgが有利(+13.6pt)、4号艇のwin_rate_rank_2to6が有利(+10.0pt) / [候補2]6号艇のwin_rate_rank_2to6が有利(+31.3pt)、6号艇のsession_exh_rel_avgが有利(+20.7pt) / [除外]3号艇のsession_exh_rel_avgが不利(-7.2pt)、5号艇のracer_avgfin_teが不利(-6.4pt)、天気+0.8pt
125,12,住之江,7,17:57,0.35574728040648856,2,0.45151719084961345,4,0.2680804340162952,0.25599489803301556,0.13460115653715427,0.5849964683287543,0.21464624682158984,0.35469536912173716,1-2,1-4,0.16062601270152746,0.04640571528717746,0.09536888533148813,0.04788399537766068,0.005462677009682388,True,False,False,False,予選,2026-09-14,1号艇のdominance,-0.2406,1号艇のvs_max234_diff,-0.1155,1号艇のracer_win_te,-0.0994,1号艇の全国勝率,-0.0823,1号艇の級別順位,-0.0818,2号艇のwin_rate_rank_2to6,0.2015,2号艇のsession_exh_rel_avg,0.1262,2号艇のclass_rank_2to6,0.0841,3号艇のracer_win_te,0.0651,2号艇の全国勝率,0.0572,4号艇のclass_rank_2to6,0.0971,4号艇のwin_rate_rank_2to6,-0.0807,3号艇の年齢,0.0637,3号艇の枠別平均ST,-0.0576,4号艇の節間得点,0.0475,0.0243,南西 2.1m/s,[逃げ]1号艇のdominanceが不利(-24.1pt)、1号艇のvs_max234_diffが不利(-11.6pt) / [2着]2号艇のwin_rate_rank_2to6が有利(+20.2pt)、2号艇のsession_exh_rel_avgが有利(+12.6pt) / [候補2]4号艇のclass_rank_2to6が有利(+9.7pt)、4号艇のwin_rate_rank_2to6が不利(-8.1pt) / [除外]6号艇のwin_rate_rank_2to6が不利(-6.4pt)、6号艇のvs_avg456_diffが不利(-5.2pt)、天気+2.4pt
126,12,住之江,6,17:31,0.43477648504525457,3,0.34166491467963134,4,0.34070113027450855,0.2966767105393931,0.241130216086201,0.4412358288679389,0.21083144735526452,0.3400444460379568,1-3,1-4,0.10483774778816117,0.14854787066769692,0.1481288398716962,0.02578185665073966,0.007480165612871919,True,False,False,False,予選特別Ｂ戦,2026-09-14,1号艇のdominance,-0.245,1号艇の節間得点,0.1011,1号艇の級別順位,-0.0771,1号艇の全国勝率,-0.0747,1号艇のracer_win_te,-0.071,3号艇のwin_rate_rank_2to6,0.1706,1号艇vs3号艇のplace_rate差,-0.0853,3号艇の当地勝率,0.0729,local_win_rateの分散(2-6号艇),0.0391,2号艇の節間得点,-0.0385,4号艇のclass_rank_2to6,0.1892,4号艇のwin_rate_rank_2to6,0.0826,4号艇のcumulative_diff_rank_2to6,0.0553,4号艇のsession_exh_rel_avg,0.0527,4号艇の節間得点,0.0488,0.0309,南西 2.6m/s,[逃げ]1号艇のdominanceが不利(-24.5pt)、1号艇の節間得点が有利(+10.1pt) / [2着]3号艇のwin_rate_rank_2to6が有利(+17.1pt)、1号艇vs3号艇のplace_rate差が不利(-8.5pt) / [候補2]4号艇のclass_rank_2to6が有利(+18.9pt)、4号艇のwin_rate_rank_2to6が有利(+8.3pt) / [除外]6号艇のwin_rate_rank_2to6が不利(-7.7pt)、6号艇のvs_avg456_diffが不利(-7.2pt)、天気+3.1pt
127,08,常滑,3,11:42,0.3348305250024547,3,0.373077567866947,2,0.3474301688332699,0.24124798374766399,0.10539758361640592,0.6151101530838109,0.2107356383004635,0.35340663454850807,1-3,1-2,0.11633022583213523,0.1249177579155288,0.033146220678011845,0.03529032825627131,0.025145988578484768,True,True,False,False,予選,2026-09-14,1号艇のdominance,-0.3883,1号艇のracer_win_te,-0.1679,1号艇の女子戦比率,-0.1436,3号艇の女子戦勝率,0.0925,6号艇のvs_avg456_diff,-0.0863,3号艇の女子戦勝率,0.0742,6号艇のracer_2nd_te,-0.0737,3号艇のwin_rate_rank_2to6,0.0498,win_rate_gap_top2_2to6,0.0477,6号艇の直近1着率,0.0437,2号艇のsession_exh_rel_avg,0.0695,1号艇vs6号艇の直近複勝率差,-0.0643,2号艇の全国勝率,-0.0568,2号艇の体重,-0.0465,2号艇のwin_rate_rank_2to6,-0.0463,-0.1573,南東 6.1m/s,[逃げ]1号艇のdominanceが不利(-38.8pt)、1号艇のracer_win_teが不利(-16.8pt) / [2着]3号艇の女子戦勝率が有利(+7.4pt)、6号艇のracer_2nd_teが不利(-7.4pt) / [候補2]2号艇のsession_exh_rel_avgが有利(+7.0pt)、1号艇vs6号艇の直近複勝率差が不利(-6.4pt) / [除外]5号艇のracer_win_teが不利(-10.6pt)、4号艇のracer_avgfin_teが不利(-5.5pt)、天気-15.7pt
128,22,福岡,5,13:44,0.31743661565431064,2,0.6285190401840957,5,0.11626154706131599,0.2364206290202135,0.1072352723648664,0.6375453148805452,0.20599747236542673,0.35675803477831297,1-2,1-5,0.199514956990335,0.03394095293509967,0.03404040193827141,0.03690567202987851,0.013034634717084893,True,True,False,False,予選,2026-09-14,1号艇のdominance,-0.2381,1号艇の年齢,-0.1039,ST差分(4-3),-0.0943,1号艇の級別順位,-0.0859,1号艇のsession_exh_rel_avg,0.0796,2号艇のwin_rate_rank_2to6,0.2241,2号艇のsession_exh_rel_avg,-0.0706,2号艇の全国勝率,0.0491,場特性:1x_diff_course2,0.0461,1号艇vs2号艇のplace_rate差,-0.0366,5号艇のsession_exh_rel_avg,-0.1041,mean_234_全国勝率,0.0964,3号艇の枠別平均ST,0.0954,1号艇のsession_rank_diff_last,-0.0847,5号艇の年齢,-0.0785,0.0832,北 3.0m/s,[逃げ]1号艇のdominanceが不利(-23.8pt)、1号艇の年齢が不利(-10.4pt) / [2着]2号艇のwin_rate_rank_2to6が有利(+22.4pt)、2号艇のsession_exh_rel_avgが不利(-7.1pt) / [候補2]5号艇のsession_exh_rel_avgが不利(-10.4pt)、mean_234_全国勝率が有利(+9.6pt) / [除外]3号艇のwin_rate_rank_2to6が不利(-5.6pt)、4号艇のracer_avgfin_teが不利(-5.6pt)、天気+8.3pt
129,07,蒲郡,1,15:19,0.44926602984063635,2,0.3350842884155121,5,0.29016354765689845,0.2809026129787009,0.2255529811746697,0.3996948548977408,0.20487250684618039,0.3165402855544128,1-2,1-5,0.15054198791841183,0.10133329237106364,0.061879562081859,0.13036062506028903,0.005150558434102624,True,False,False,False,予選,2026-09-14,1号艇のracer_win_te,-0.1778,1号艇のdominance,-0.1716,4号艇のモーター2連率,-0.1309,1号艇の直近1着率,-0.0779,1号艇の年齢,0.065,1号艇の女子戦2連率,0.083,2号艇のclass_rank_2to6,-0.0633,5号艇の年齢,-0.0578,2号艇のracer_avgfin_te,-0.0568,2号艇のsession_exh_rel_avg,0.0551,5号艇のwin_rate_rank_2to6,0.1843,4号艇のモーター2連率,0.1622,5号艇のclass_rank_2to6,0.1502,5号艇のracer_avgfin_te,0.0576,1号艇vs5号艇のlocal_win_rate差,0.0532,-0.001,南 2.5m/s,[逃げ]1号艇のracer_win_teが不利(-17.8pt)、1号艇のdominanceが不利(-17.2pt) / [2着]1号艇の女子戦2連率が有利(+8.3pt)、2号艇のclass_rank_2to6が不利(-6.3pt) / [候補2]5号艇のwin_rate_rank_2to6が有利(+18.4pt)、4号艇のモーター2連率が有利(+16.2pt) / [除外]6号艇のwin_rate_rank_2to6が不利(-7.0pt)、1号艇の女子戦2連率が不利(-5.9pt)、天気影響ほぼなし
130,11,琵琶湖,8,13:57,0.3430999462319431,2,0.48435645256878856,4,0.25415095689331724,0.2533818524783401,0.20109729561916395,0.5374101138429419,0.19223656612749832,0.3385903308877206,1-2,1-4,0.16618267283344607,0.06899647131432432,0.08719917964489404,0.020409583368660375,0.00031203136179478255,True,True,False,False,予選,2026-09-14,1号艇の年齢,-0.1979,1号艇のracer_win_te,-0.1896,1号艇のsession_exh_rel_avg,0.1767,1号艇のdominance,-0.1385,2号艇のsession_exh_rel_avg,-0.1279,2号艇のwin_rate_rank_2to6,0.1703,2号艇のsession_exh_rel_avg,0.1506,2号艇のclass_rank_2to6,0.071,2号艇の当地勝率,0.0594,2号艇の全国勝率,0.0563,4号艇のwin_rate_rank_2to6,0.1003,4号艇のsession_exh_rel_avg,0.0919,2号艇の枠別勝率,-0.0861,4号艇の年齢,-0.0592,4号艇のcumulative_diff_rank_2to6,0.0564,0.0752,西 0.8m/s,[逃げ]1号艇の年齢が不利(-19.8pt)、1号艇のracer_win_teが不利(-19.0pt) / [2着]2号艇のwin_rate_rank_2to6が有利(+17.0pt)、2号艇のsession_exh_rel_avgが有利(+15.1pt) / [候補2]4号艇のwin_rate_rank_2to6が有利(+10.0pt)、4号艇のsession_exh_rel_avgが有利(+9.2pt) / [除外]6号艇の直近平均着順が不利(-24.1pt)、6号艇の全国勝率が不利(-15.9pt)、天気+7.5pt
131,20,若松,3,16:16,0.43095862590540296,4,0.3386880417604462,3,0.23838824782191362,0.24869600480100218,0.18983587471876584,0.38724041486359395,0.19204229646844942,0.2902593278197797,1-4,1-3,0.08181140771634955,0.10273547171332856,0.14596053308767362,0.03981820749542329,0.06063299786539801,True,False,False,False,一般戦,2026-09-14,1号艇のracer_win_te,-0.23,5号艇の枠別出走数,-0.1673,1号艇の級別順位,-0.0768,1号艇のdominance,-0.0743,1号艇vs5号艇のlocal_win_rate差,0.0733,4号艇のwin_rate_rank_2to6,0.1558,4号艇のclass_rank_2to6,0.1047,5号艇の一般戦2連率,-0.1011,4号艇のsession_exh_rel_avg,0.0887,4号艇の全国勝率,0.0533,3号艇のwin_rate_rank_2to6,-0.0632,6号艇のracer_2nd_te,-0.0593,3号艇のcumulative_diff_rank_2to6,-0.0546,3号艇の性別,-0.04,1号艇vs5号艇の枠別平均ST差,0.0397,0.0965,北西 1.9m/s,[逃げ]1号艇のracer_win_teが不利(-23.0pt)、5号艇の枠別出走数が不利(-16.7pt) / [2着]4号艇のwin_rate_rank_2to6が有利(+15.6pt)、4号艇のclass_rank_2to6が有利(+10.5pt) / [候補2]3号艇のwin_rate_rank_2to6が不利(-6.3pt)、6号艇のracer_2nd_teが不利(-5.9pt)、天気+9.6pt
132,04,平和島,1,10:55,0.2787019391237564,3,0.47070309345579814,2,0.30563436782365994,0.2163667558729991,0.12806840958940024,0.6482690516900578,0.18311506029779148,0.3459374446181167,1-3,1-2,0.08518089097531745,0.13118586489768166,0.03569291409306133,0.025057831246074518,0.0015844369382661755,False,False,True,False,予選,2026-09-14,1号艇のdominance,-0.2242,1号艇の年齢,-0.1426,場特性:in_escape_diff,-0.1022,1号艇のvs_max234_diff,-0.1019,2号艇の平均ST,-0.0951,3号艇のwin_rate_rank_2to6,0.1882,3号艇のclass_rank_2to6,0.0426,6号艇の直近平均着順,-0.0346,場特性:1x_diff_course3,-0.0314,3号艇のcumulative_diff_rank_2to6,0.0308,2号艇のwin_rate_rank_2to6,0.0631,2号艇の全国勝率,-0.049,1号艇の年齢,-0.0388,2号艇のモーター2連率,-0.0347,4号艇の年齢,0.0315,-0.0207,南 2.8m/s,[逃げ]1号艇のdominanceが不利(-22.4pt)、1号艇の年齢が不利(-14.3pt) / [2着]3号艇のwin_rate_rank_2to6が有利(+18.8pt)、3号艇のclass_rank_2to6が有利(+4.3pt) / [候補2]2号艇のwin_rate_rank_2to6が有利(+6.3pt)、2号艇の全国勝率が不利(-4.9pt) / [除外]6号艇の直近平均着順が不利(-25.3pt)、6号艇の全国勝率が不利(-15.7pt)、天気-2.1pt
133,06,浜名湖,5,13:29,0.37566096870703447,2,0.3844217310034501,3,0.22883466581761408,0.23037649209558653,0.17858567671478862,0.4346707201062756,0.18100616200750316,0.2916647604987932,1-2,1-3,0.1444122398607911,0.08596425223479541,0.04866463016518976,0.06708766831187878,0.029532179533825594,True,True,False,False,一般,2026-09-14,1号艇のdominance,-0.2213,1号艇のsession_exh_rel_avg,0.1474,1号艇の級別順位,-0.0974,1号艇の節間得点,-0.0828,1号艇vs2号艇のcumulative差,-0.0781,2号艇のsession_exh_rel_avg,0.0619,4号艇のモーター出走数,-0.0585,1号艇vs6号艇の直近複勝率差,-0.0517,2号艇の全国勝率,0.0489,6号艇のsession_exh_rel_last,-0.046,3号艇のwin_rate_rank_2to6,-0.1561,3号艇のsession_exh_rel_avg,0.0874,3号艇の全国勝率,-0.0769,1号艇vs3号艇のcumulative差,0.0676,1号艇vs6号艇のcumulative差,-0.0642,0.0037,南 3.0m/s,[逃げ]1号艇のdominanceが不利(-22.1pt)、1号艇のsession_exh_rel_avgが有利(+14.7pt) / [2着]2号艇のsession_exh_rel_avgが有利(+6.2pt)、4号艇のモーター出走数が不利(-5.9pt) / [候補2]3号艇のwin_rate_rank_2to6が不利(-15.6pt)、3号艇のsession_exh_rel_avgが有利(+8.7pt)、天気+0.4pt
134,10,三国,6,10:50,0.2712108634884488,2,0.4925072170021054,4,0.2558886626130857,0.20297309274163314,0.10359784859800292,0.6447980310171881,0.1777400018640538,0.3355205742242996,1-2,1-4,0.13357330759743385,0.028096861973809957,0.06939978514419931,0.02118853922699696,0.018952373587365536,False,False,True,False,一般,2026-09-14,1号艇のracer_win_te,-0.2407,6号艇の枠別出走数,-0.1985,1号艇のdominance,-0.1388,1号艇の級別順位,-0.131,1号艇のsession_exh_rel_avg,0.1032,2号艇のsession_exh_rel_avg,0.18,2号艇の全国勝率,0.0742,3号艇のracer_win_te,0.0392,2号艇の全国2連率,0.036,1号艇の年齢,0.0352,4号艇のwin_rate_rank_2to6,0.1857,4号艇のsession_exh_rel_avg,0.1175,4号艇の節間得点,0.0968,4号艇のcumulative_diff_rank_2to6,0.0942,4号艇の全国勝率,0.0769,0.0371,北 5.2m/s,[逃げ]1号艇のracer_win_teが不利(-24.1pt)、6号艇の枠別出走数が不利(-19.9pt) / [2着]2号艇のsession_exh_rel_avgが有利(+18.0pt)、2号艇の全国勝率が有利(+7.4pt) / [候補2]4号艇のwin_rate_rank_2to6が有利(+18.6pt)、4号艇のsession_exh_rel_avgが有利(+11.7pt)、天気+3.7pt
135,04,平和島,2,11:24,0.30172357733174826,3,0.5010036693966311,2,0.231005289511553,0.220864361720666,0.1817453774337492,0.5502635814744349,0.17269506958156217,0.31968412764679666,1-3,1-2,0.06969974233398196,0.15116461938668407,0.0548368654428196,0.016748801415456385,0.009273544818778557,True,True,False,False,予選,2026-09-14,1号艇のdominance,-0.2039,場特性:in_escape_diff,-0.1059,1号艇のvs_max234_diff,-0.0801,1号艇の全国勝率,-0.0784,1号艇の級別順位,-0.0711,3号艇のwin_rate_rank_2to6,0.2244,3号艇の全国勝率,0.0826,3号艇の当地勝率,0.0654,3号艇のclass_rank_2to6,0.048,win_rate_gap_top2_2to6,0.0422,2号艇のwin_rate_rank_2to6,-0.1616,2号艇の全国勝率,-0.0672,2号艇のモーター2連率,-0.0469,2号艇のclass_rank_2to6,-0.0447,2号艇の直近平均着順,-0.041,-0.031,南 3.0m/s,[逃げ]1号艇のdominanceが不利(-20.4pt)、場特性:in_escape_diffが不利(-10.6pt) / [2着]3号艇のwin_rate_rank_2to6が有利(+22.4pt)、3号艇の全国勝率が有利(+8.3pt) / [候補2]2号艇のwin_rate_rank_2to6が不利(-16.2pt)、2号艇の全国勝率が不利(-6.7pt) / [除外]3号艇の女子戦2連率が不利(-5.6pt)、天気-3.1pt
136,07,蒲郡,4,16:40,0.30286739522713385,3,0.3839159944932631,5,0.3497951715908145,0.2222171897209476,0.18719391105678074,0.5465172550272969,0.1722999439034546,0.31950720931285237,1-3,1-5,0.056694932244146956,0.11627563723820926,0.016539305989766565,0.10594155248273833,0.007415973477752066,True,False,False,False,予選,2026-09-14,1号艇のdominance,-0.3552,1号艇のracer_win_te,-0.184,3号艇のsession_exh_rel_avg,-0.1079,1号艇の直近1着率,-0.0962,1号艇の級別順位,-0.0838,3号艇のモーター2連率,0.1421,3号艇のsession_exh_rel_avg,0.1161,3号艇のsession_exh_rel_last,0.0711,場特性:1x_diff_course3,0.0591,3号艇のwin_rate_rank_2to6,0.0515,5号艇のwin_rate_rank_2to6,0.2537,5号艇のclass_rank_2to6,0.1892,5号艇のsession_exh_rel_avg,0.0789,5号艇の年齢,0.0782,勝率の分散(2-6号艇),0.057,-0.0191,南 2.5m/s,[逃げ]1号艇のdominanceが不利(-35.5pt)、1号艇のracer_win_teが不利(-18.4pt) / [2着]3号艇のモーター2連率が有利(+14.2pt)、3号艇のsession_exh_rel_avgが有利(+11.6pt) / [候補2]5号艇のwin_rate_rank_2to6が有利(+25.4pt)、5号艇のclass_rank_2to6が有利(+18.9pt) / [除外]5号艇の直近1着率が不利(-11.6pt)、6号艇のwin_rate_rank_2to6が不利(-6.7pt)、天気-1.9pt
137,11,琵琶湖,3,11:27,0.29873942568504663,3,0.435402292617299,2,0.3034405180712613,0.22072147693662614,0.2077874105858949,0.5310554001026654,0.1656857039525991,0.3138216538864379,1-3,1-2,0.09064964609818162,0.13007183083844454,0.06207429170301322,0.01235490054333791,0.0035887612318564505,True,True,False,False,予選,2026-09-14,1号艇のdominance,-0.2366,2号艇のsession_exh_rel_avg,-0.087,1号艇の級別順位,-0.0867,1号艇のvs_max234_diff,-0.0814,風速区分,0.079,3号艇のwin_rate_rank_2to6,0.1575,3号艇の一般戦2連率,0.1255,3号艇の当地勝率,0.1068,3号艇のsession_exh_rel_avg,-0.0529,3号艇のclass_rank_2to6,0.0446,2号艇のsession_exh_rel_avg,0.1367,2号艇の全国勝率,0.0472,2号艇のwin_rate_rank_2to6,-0.038,2号艇のsession_exh_rel_last,0.0354,2号艇のモーター2連率,-0.0331,0.0468,南東 0.4m/s,[逃げ]1号艇のdominanceが不利(-23.7pt)、2号艇のsession_exh_rel_avgが不利(-8.7pt) / [2着]3号艇のwin_rate_rank_2to6が有利(+15.8pt)、3号艇の一般戦2連率が有利(+12.6pt) / [候補2]2号艇のsession_exh_rel_avgが有利(+13.7pt)、2号艇の全国勝率が有利(+4.7pt) / [除外]6号艇のsession_exh_rel_avgが不利(-7.8pt)、6号艇のwin_rate_rank_2to6が不利(-7.2pt)、天気+4.7pt
138,07,蒲郡,3,16:12,0.31624369497153243,3,0.47766300053819977,2,0.24486909077834923,0.22849621829345412,0.23454676830784177,0.4879853230087072,0.16418455880790275,0.30634294970803,1-3,1-2,0.07743830605206475,0.15105791224138937,0.0741739366533038,0.010581371478581104,0.0029921707551300923,True,False,False,False,予選,2026-09-14,1号艇のracer_win_te,-0.2561,1号艇のdominance,-0.2355,1号艇の年齢,0.0876,1号艇の節間得点,0.0846,1号艇の全国勝率,-0.0831,3号艇のwin_rate_rank_2to6,0.1488,3号艇のモーター2連率,0.0785,5号艇の一般戦2連率,0.0562,1号艇vs2号艇のplace_rate差,0.0503,3号艇のclass_rank_2to6,0.0405,2号艇のモーター2連率,0.0582,2号艇の全国勝率,0.0535,2号艇のclass_rank_2to6,-0.0449,2号艇のwin_rate_rank_2to6,-0.0437,2号艇のsession_exh_rel_avg,-0.0405,-0.0116,南 2.5m/s,[逃げ]1号艇のracer_win_teが不利(-25.6pt)、1号艇のdominanceが不利(-23.6pt) / [2着]3号艇のwin_rate_rank_2to6が有利(+14.9pt)、3号艇のモーター2連率が有利(+7.8pt) / [候補2]2号艇のモーター2連率が有利(+5.8pt)、2号艇の全国勝率が有利(+5.4pt) / [除外]6号艇のracer_win_teが不利(-16.2pt)、6号艇のwin_rate_rank_2to6が不利(-7.5pt)、天気-1.2pt
139,10,三国,9,12:24,0.30509275050960444,2,0.43489495354614105,4,0.2603926749571574,0.21212721497537138,0.19462657680134524,0.5006610517019533,0.1625845025388999,0.29868736599334594,1-2,1-4,0.13268329756013883,0.05937915763859119,0.07944391741523255,0.01857069612142186,0.015015676091424695,True,True,False,False,一般,2026-09-14,風速区分,-0.1747,1号艇のdominance,-0.1605,1号艇の年齢,-0.1055,1号艇の級別順位,-0.077,1号艇のsession_exh_rel_avg,-0.0765,2号艇のwin_rate_rank_2to6,0.1627,2号艇のsession_exh_rel_avg,0.1035,2号艇の全国勝率,0.0542,4号艇の一般戦勝率,-0.0339,ST差分(3-2),-0.0296,4号艇のclass_rank_2to6,0.1905,4号艇のwin_rate_rank_2to6,0.0749,4号艇のsession_exh_rel_avg,-0.0743,4号艇の節間得点,-0.0581,4号艇のracer_win_te,0.0481,-0.1514,北東 8.7m/s,[逃げ]風速区分が不利(-17.5pt)、1号艇のdominanceが不利(-16.1pt) / [2着]2号艇のwin_rate_rank_2to6が有利(+16.3pt)、2号艇のsession_exh_rel_avgが有利(+10.4pt) / [候補2]4号艇のclass_rank_2to6が有利(+19.0pt)、4号艇のwin_rate_rank_2to6が有利(+7.5pt) / [除外]場特性:1x_diff_course5が不利(-5.7pt)、天気-15.1pt
140,02,戸田,8,14:16,0.2661992345423416,2,0.4966185682816779,3,0.21512753143668967,0.18946626693352658,0.11879239792688753,0.59295370179148,0.16245768432317934,0.3105124973909126,1-2,1-3,0.13219948273609627,0.05726678419743032,0.028223248347441998,0.03162244539758671,0.01688727287211688,True,True,False,False,一般戦,2026-09-14,1号艇の年齢,-0.2389,場特性:in_escape_diff,-0.1416,1号艇のdominance,-0.134,1号艇のsession_exh_rel_avg,-0.0977,場×風向,-0.0863,2号艇のモーター2連率,0.1796,2号艇のwin_rate_rank_2to6,0.1567,1号艇の年齢,-0.1428,2号艇のclass_rank_2to6,0.1072,2号艇のsession_exh_rel_avg,-0.071,3号艇の年齢,-0.1454,3号艇のwin_rate_rank_2to6,-0.086,3号艇の一般戦2連率,0.0833,3号艇のcumulative_diff_rank_2to6,-0.0573,3号艇の節間得点,-0.0494,-0.0155,南 3.0m/s,[逃げ]1号艇の年齢が不利(-23.9pt)、場特性:in_escape_diffが不利(-14.2pt) / [2着]2号艇のモーター2連率が有利(+18.0pt)、2号艇のwin_rate_rank_2to6が有利(+15.7pt) / [候補2]3号艇の年齢が不利(-14.5pt)、3号艇のwin_rate_rank_2to6が不利(-8.6pt)、天気-1.5pt
141,19,下関,1,15:27,0.29809458327736427,3,0.40534328753368065,2,0.27237660748277803,0.20202462968371032,0.1640308203572306,0.5136890746592281,0.16225871079644866,0.29552396317636564,1-3,1-2,0.08119399130208094,0.12083063838162937,0.048896699039032855,0.031927162091214836,0.015246093573895135,True,False,False,False,予選,2026-09-14,1号艇のracer_win_te,-0.2522,1号艇の年齢,-0.1744,1号艇のsession_exh_rel_avg,-0.1678,5号艇の枠別出走数,-0.1592,場特性:in_escape_diff,0.0808,3号艇のwin_rate_rank_2to6,0.1923,5号艇の直近1着率,0.0944,3号艇の性別,-0.053,場特性:1x_diff_course3,0.045,3号艇のracer_2nd_te,-0.0424,1号艇の年齢,-0.1773,5号艇の年齢,-0.1366,2号艇のsession_exh_rel_avg,0.0815,2号艇のclass_rank_2to6,-0.0628,2号艇のsession_avg_finish,0.0474,0.0568,北西 2.7m/s,[逃げ]1号艇のracer_win_teが不利(-25.2pt)、1号艇の年齢が不利(-17.4pt) / [2着]3号艇のwin_rate_rank_2to6が有利(+19.2pt)、5号艇の直近1着率が有利(+9.4pt) / [候補2]1号艇の年齢が不利(-17.7pt)、5号艇の年齢が不利(-13.7pt) / [除外]5号艇の直近1着率が不利(-11.8pt)、6号艇のwin_rate_rank_2to6が不利(-6.3pt)、天気+5.7pt
142,12,住之江,1,15:17,0.29697210236705507,4,0.4358956712264783,2,0.20340254843065927,0.18985373633109554,0.15615167190459078,0.48314654775254684,0.15427856231657483,0.2778415797575309,1-4,1-2,0.06040488243426962,0.04637269029363693,0.1294488538968259,0.025487301641582333,0.03525837410074028,True,False,False,False,予選,2026-09-14,1号艇のdominance,-0.3483,1号艇のsession_exh_rel_avg,-0.2119,1号艇のvs_max234_diff,-0.167,1号艇の級別順位,-0.1122,1号艇の全国2連率,-0.0854,4号艇のwin_rate_rank_2to6,0.1767,4号艇のclass_rank_2to6,0.0929,3号艇の年齢,0.0747,4号艇のsession_exh_rel_avg,0.0581,場特性:1x_diff_course4,0.0538,2号艇のwin_rate_rank_2to6,-0.1489,2号艇の全国勝率,-0.0777,2号艇のsession_exh_rel_avg,0.0664,2号艇のclass_rank_2to6,-0.0515,3号艇の全国勝率,-0.0454,0.0584,西 1.2m/s,[逃げ]1号艇のdominanceが不利(-34.8pt)、1号艇のsession_exh_rel_avgが不利(-21.2pt) / [2着]4号艇のwin_rate_rank_2to6が有利(+17.7pt)、4号艇のclass_rank_2to6が有利(+9.3pt) / [候補2]2号艇のwin_rate_rank_2to6が不利(-14.9pt)、2号艇の全国勝率が不利(-7.8pt)、天気+5.8pt
143,06,浜名湖,2,11:59,0.28619332575065004,3,0.46806071390062637,4,0.2165498215675813,0.19593096598957974,0.17923102877126024,0.5053795066969475,0.1537906756666287,0.28876552820179,1-3,1-4,0.05129472420175741,0.13395585236444377,0.061975113625135934,0.019149727412809597,0.01981790281573721,True,True,False,False,一般,2026-09-14,1号艇のdominance,-0.3558,1号艇のracer_win_te,-0.2002,1号艇のsession_exh_rel_avg,0.1851,1号艇のvs_max234_diff,-0.1411,1号艇の年齢,0.1152,3号艇のwin_rate_rank_2to6,0.1653,3号艇のsession_exh_rel_avg,0.074,1号艇のvs_max234_diff,-0.0502,1号艇の直近複勝率,-0.0446,3号艇の節間得点,0.0443,4号艇のclass_rank_2to6,-0.0665,4号艇のsession_exh_rel_avg,0.0623,4号艇の年齢,-0.061,4号艇のwin_rate_rank_2to6,-0.0591,4号艇の枠別平均ST,0.0529,-0.0289,南東 2.1m/s,[逃げ]1号艇のdominanceが不利(-35.6pt)、1号艇のracer_win_teが不利(-20.0pt) / [2着]3号艇のwin_rate_rank_2to6が有利(+16.5pt)、3号艇のsession_exh_rel_avgが有利(+7.4pt) / [候補2]4号艇のclass_rank_2to6が不利(-6.7pt)、4号艇のsession_exh_rel_avgが有利(+6.2pt) / [除外]1号艇vs3号艇の直近複勝率差が不利(-8.7pt)、6号艇のsession_exh_rel_avgが不利(-7.8pt)、天気-2.9pt
144,22,福岡,6,14:14,0.21821583453211466,2,0.445468788596818,3,0.38266582577421515,0.18071208597990593,0.1344404140015719,0.6936942003694612,0.1515580767948345,0.3346067202967725,1-2,1-3,0.09720834346166479,0.08350374251824115,0.029337027136196,0.005732143097967259,0.002434574050229468,True,True,False,False,予選,2026-09-14,1号艇のdominance,-0.2267,1号艇のsession_exh_rel_avg,-0.162,1号艇の年齢,-0.1,1号艇のvs_max234_diff,-0.0882,1号艇の級別順位,-0.0795,2号艇のwin_rate_rank_2to6,0.1413,5号艇の直近平均着順,-0.1269,2号艇のclass_rank_2to6,0.0834,2号艇のsession_exh_rel_avg,0.0493,3号艇の女子戦2連率,-0.0472,3号艇のwin_rate_rank_2to6,0.0637,3号艇のsession_exh_rel_avg,0.0626,2号艇の直近平均着順,-0.0603,1号艇vs5号艇のlocal_win_rate差,-0.0528,3号艇の体重,-0.0447,0.0588,北 3.0m/s,[逃げ]1号艇のdominanceが不利(-22.7pt)、1号艇のsession_exh_rel_avgが不利(-16.2pt) / [2着]2号艇のwin_rate_rank_2to6が有利(+14.1pt)、5号艇の直近平均着順が不利(-12.7pt) / [候補2]3号艇のwin_rate_rank_2to6が有利(+6.4pt)、3号艇のsession_exh_rel_avgが有利(+6.3pt) / [除外]5号艇の直近平均着順が不利(-19.1pt)、2号艇の直近1着率が不利(-9.7pt)、天気+5.9pt
145,02,戸田,9,14:48,0.29051010273508737,2,0.3800224614880009,4,0.3088808524291723,0.20013337250062013,0.20253247608553118,0.48637083783164203,0.15149316352474188,0.28600461209992667,1-2,1-4,0.11040036432851992,0.05883773043479929,0.0897330081721002,0.023408727089238034,0.008130274874898855,True,True,False,False,戸田特選,2026-09-14,1号艇のdominance,-0.2379,場特性:in_escape_diff,-0.1196,1号艇のracer_win_te,-0.1099,1号艇のsession_exh_rel_avg,-0.0857,1号艇vs2号艇のcumulative差,0.0813,2号艇のwin_rate_rank_2to6,0.1642,2号艇のclass_rank_2to6,0.1018,2号艇のsession_exh_rel_avg,-0.0623,2号艇の全国勝率,0.0594,2号艇のcumulative_diff_rank_2to6,-0.0463,4号艇のclass_rank_2to6,0.1123,4号艇のwin_rate_rank_2to6,0.094,4号艇のsession_exh_rel_avg,-0.0676,4号艇のcumulative_diff_rank_2to6,0.0518,2号艇のsession_exh_rel_delta,0.0429,0.0013,南 3.2m/s,[逃げ]1号艇のdominanceが不利(-23.8pt)、場特性:in_escape_diffが不利(-12.0pt) / [2着]2号艇のwin_rate_rank_2to6が有利(+16.4pt)、2号艇のclass_rank_2to6が有利(+10.2pt) / [候補2]4号艇のclass_rank_2to6が有利(+11.2pt)、4号艇のwin_rate_rank_2to6が有利(+9.4pt) / [除外]6号艇のwin_rate_rank_2to6が不利(-6.6pt)、天気影響ほぼなし
146,11,琵琶湖,7,13:26,0.2742231468271244,2,0.47043301912883695,3,0.1736736339703464,0.17662895330514503,0.14306354545244157,0.5010431076467418,0.14630595615787967,0.273953199607624,1-2,1-3,0.12900362287689449,0.04762533042825056,0.039231335630213866,0.027241804587721335,0.031121052282483328,True,True,False,False,予選,2026-09-14,1号艇のdominance,-0.249,1号艇のracer_win_te,-0.2237,1号艇の年齢,-0.1934,1号艇のsession_exh_rel_avg,0.1464,1号艇の級別順位,-0.0845,2号艇のsession_exh_rel_avg,-0.1031,2号艇のclass_rank_2to6,0.0743,2号艇のwin_rate_rank_2to6,0.0548,2号艇の全国勝率,0.0462,3号艇の当地2連率,0.0343,3号艇のsession_exh_rel_avg,-0.2012,3号艇のwin_rate_rank_2to6,-0.0927,3号艇のsession_exh_rel_last,-0.0694,6号艇のsession_rank_diff_delta,-0.0644,3号艇の節間得点,-0.0436,0.0311,南西 1.4m/s,[逃げ]1号艇のdominanceが不利(-24.9pt)、1号艇のracer_win_teが不利(-22.4pt) / [2着]2号艇のsession_exh_rel_avgが不利(-10.3pt)、2号艇のclass_rank_2to6が有利(+7.4pt) / [候補2]3号艇のsession_exh_rel_avgが不利(-20.1pt)、3号艇のwin_rate_rank_2to6が不利(-9.3pt)、天気+3.1pt
147,02,戸田,4,12:14,0.3537703208659716,2,0.3223915824494418,5,0.2366657141574432,0.19777787920308035,0.22001482252956572,0.33904247407731924,0.14556100121131282,0.240157257665352,1-2,1-5,0.11405257356762738,0.07783471436155426,0.06882078155983233,0.083725305635453,0.009336943105710356,True,True,False,False,一般戦,2026-09-14,1号艇のdominance,-0.2204,場特性:in_escape_diff,-0.1329,場×風向,-0.1031,1号艇の年齢,-0.1015,4号艇のモーター2連率,-0.0862,2号艇のwin_rate_rank_2to6,-0.1519,2号艇のsession_exh_rel_avg,0.0642,4号艇のモーター2連率,0.0636,2号艇の全国勝率,0.0552,2号艇のclass_rank_2to6,-0.0497,5号艇のwin_rate_rank_2to6,0.2015,5号艇のモーター2連率,0.0737,1号艇vs5号艇のlocal_win_rate差,0.0662,5号艇のracer_avgfin_te,0.0567,1号艇vs5号艇のcumulative差,0.0486,-0.1193,南 3.2m/s,[逃げ]1号艇のdominanceが不利(-22.0pt)、場特性:in_escape_diffが不利(-13.3pt) / [2着]2号艇のwin_rate_rank_2to6が不利(-15.2pt)、2号艇のsession_exh_rel_avgが有利(+6.4pt) / [候補2]5号艇のwin_rate_rank_2to6が有利(+20.2pt)、5号艇のモーター2連率が有利(+7.4pt) / [除外]6号艇のwin_rate_rank_2to6が不利(-6.3pt)、6号艇のvs_avg456_diffが不利(-5.3pt)、天気-11.9pt
148,02,戸田,1,10:47,0.23077772196949536,2,0.5559104765016958,3,0.21876724142042145,0.17877835900259353,0.16792611629605997,0.6067516016260572,0.1427524923964876,0.3071703317896326,1-2,1-3,0.12829175338603804,0.05048660561655549,0.03875360657798927,0.012276695989896303,0.0009690550795358242,False,False,True,False,一般戦,2026-09-14,1号艇のracer_win_te,-0.301,1号艇のdominance,-0.1546,場特性:in_escape_diff,-0.1356,1号艇の全国2連率,-0.1132,1号艇の年齢,0.0877,2号艇のwin_rate_rank_2to6,0.1654,2号艇のsession_exh_rel_avg,0.0977,2号艇のモーター2連率,0.062,1号艇vs2号艇のplace_rate差,-0.0468,6号艇のsession_avg_finish,0.0414,4号艇の年齢,-0.0811,3号艇のsession_exh_rel_avg,0.0758,3号艇の節間得点,-0.0642,3号艇の当地勝率,-0.0517,場特性:1x_diff_course3,-0.0302,-0.0392,南 3.3m/s,[逃げ]1号艇のracer_win_teが不利(-30.1pt)、1号艇のdominanceが不利(-15.5pt) / [2着]2号艇のwin_rate_rank_2to6が有利(+16.5pt)、2号艇のsession_exh_rel_avgが有利(+9.8pt) / [候補2]4号艇の年齢が不利(-8.1pt)、3号艇のsession_exh_rel_avgが有利(+7.6pt) / [除外]6号艇の全国勝率が不利(-18.9pt)、6号艇の直近平均着順が不利(-15.5pt)、天気-3.9pt
149,12,住之江,2,15:42,0.3161025159828054,2,0.33007034776853683,3,0.22746652151185565,0.17623880713270856,0.22692381576578827,0.33061305351460424,0.12824746801203052,0.22255108104727728,1-2,1-3,0.10433606738095405,0.0719027397517545,0.07173118909998427,0.05913319954301395,0.0089993149080173,True,False,False,False,予選,2026-09-14,1号艇のdominance,-0.2962,1号艇のracer_win_te,-0.1512,1号艇の年齢,-0.1158,1号艇の級別順位,-0.0883,1号艇のモーター2連率,0.0786,2号艇のsession_exh_rel_avg,-0.0718,2号艇のモーター2連率,0.0692,2号艇の全国勝率,0.0581,2号艇のclass_rank_2to6,-0.0534,1号艇vs2号艇のplace_rate差,-0.0433,3号艇のwin_rate_rank_2to6,-0.1041,場特性:1x_diff_course3,0.0458,3号艇の当地勝率,-0.0453,3号艇のcumulative_diff_rank_2to6,-0.0452,3号艇の節間得点,-0.0415,0.0358,西 1.5m/s,[逃げ]1号艇のdominanceが不利(-29.6pt)、1号艇のracer_win_teが不利(-15.1pt) / [2着]2号艇のsession_exh_rel_avgが不利(-7.2pt)、2号艇のモーター2連率が有利(+6.9pt) / [候補2]3号艇のwin_rate_rank_2to6が不利(-10.4pt)、場特性:1x_diff_course3が有利(+4.6pt) / [除外]6号艇のwin_rate_rank_2to6が不利(-7.6pt)、天気+3.6pt
150,20,若松,2,15:50,0.30426430532397347,3,0.3355464744531602,2,0.2165241939051486,0.16797539839778255,0.2132780610546671,0.3387926073036417,0.12498483766758539,0.2192205610695403,1-3,1-2,0.06588058344438337,0.1020948149533992,0.06489290108764229,0.06166537233423266,0.009730639171680265,True,False,False,False,一般戦,2026-09-14,1号艇のdominance,-0.2228,1号艇のracer_win_te,-0.1647,1号艇vs4号艇のcumulative差,-0.0999,5号艇の節間得点,-0.0873,1号艇の級別順位,-0.0821,3号艇のwin_rate_rank_2to6,-0.0488,5号艇の一般戦2連率,-0.0468,3号艇の当地勝率,-0.0394,3号艇の節間得点,0.0364,1号艇vs4号艇のlocal_win_rate差,-0.0343,2号艇のwin_rate_rank_2to6,-0.1746,2号艇のsession_exh_rel_avg,-0.1102,6号艇のsession_rank_diff_last,-0.0981,4号艇の女子戦比率,0.072,2号艇のclass_rank_2to6,-0.0434,0.0834,北西 1.9m/s,[逃げ]1号艇のdominanceが不利(-22.3pt)、1号艇のracer_win_teが不利(-16.5pt) / [2着]3号艇のwin_rate_rank_2to6が不利(-4.9pt)、5号艇の一般戦2連率が不利(-4.7pt) / [候補2]2号艇のwin_rate_rank_2to6が不利(-17.5pt)、2号艇のsession_exh_rel_avgが不利(-11.0pt) / [除外]6号艇のsession_exh_rel_avgが不利(-8.4pt)、天気+8.3pt
151,02,戸田,6,13:14,0.19240484945671854,3,0.526220444030697,4,0.22946668890840166,0.1453978690495265,0.16535709171777663,0.5903300412213219,0.11654678652793632,0.27887752070106514,1-3,1-4,0.03181550633855961,0.10124736531477384,0.04415050373475269,0.012501803975086377,0.002689669197591114,True,True,False,False,一般戦,2026-09-14,1号艇のdominance,-0.3048,1号艇のracer_win_te,-0.2617,1号艇のvs_max234_diff,-0.171,場特性:in_escape_diff,-0.1623,1号艇の全国勝率,-0.098,3号艇のwin_rate_rank_2to6,0.1932,3号艇の当地勝率,0.1171,3号艇のモーター2連率,0.1087,3号艇のsession_exh_rel_avg,0.0674,1号艇のvs_max234_diff,-0.0539,4号艇のclass_rank_2to6,0.1046,4号艇のwin_rate_rank_2to6,0.0616,4号艇のcumulative_diff_rank_2to6,0.0606,1号艇vs4号艇のcumulative差,0.0598,4号艇の年齢,-0.0539,-0.0581,南 3.2m/s,[逃げ]1号艇のdominanceが不利(-30.5pt)、1号艇のracer_win_teが不利(-26.2pt) / [2着]3号艇のwin_rate_rank_2to6が有利(+19.3pt)、3号艇の当地勝率が有利(+11.7pt) / [候補2]4号艇のclass_rank_2to6が有利(+10.5pt)、4号艇のwin_rate_rank_2to6が有利(+6.2pt) / [除外]6号艇のsession_exh_rel_avgが不利(-8.0pt)、2号艇のwin_rate_rank_2to6が不利(-6.6pt)、天気-5.8pt
152,22,福岡,4,13:18,0.27372474903136446,2,0.3342258833479824,4,0.3159852869310017,0.1779788894020047,0.3107561853427243,0.3394549849362598,0.11160924051148279,0.22642171806228123,1-2,1-4,0.09148589603921257,0.08506165884288139,0.08649299336279212,0.008062980563472603,0.0026212250666004695,True,True,False,False,予選,2026-09-14,1号艇のdominance,-0.5259,1号艇のvs_max234_diff,-0.2901,1号艇のracer_win_te,-0.243,1号艇の節間得点,0.1067,1号艇の級別順位,-0.0912,5号艇の直近平均着順,-0.1708,1号艇vs6号艇の枠別平均ST差,0.0832,avg_entry_count,-0.0571,2号艇の一般戦勝率,-0.0539,2号艇のモーター2連率,0.0526,4号艇のwin_rate_rank_2to6,0.2435,4号艇のclass_rank_2to6,0.2288,4号艇の全国勝率,0.1109,4号艇の年齢,-0.0566,4号艇のsession_exh_rel_avg,0.0564,0.0482,北 2.8m/s,[逃げ]1号艇のdominanceが不利(-52.6pt)、1号艇のvs_max234_diffが不利(-29.0pt) / [2着]5号艇の直近平均着順が不利(-17.1pt)、1号艇vs6号艇の枠別平均ST差が有利(+8.3pt) / [候補2]4号艇のwin_rate_rank_2to6が有利(+24.3pt)、4号艇のclass_rank_2to6が有利(+22.9pt) / [除外]5号艇の直近平均着順が不利(-18.6pt)、6号艇のwin_rate_rank_2to6が不利(-6.9pt)、天気+4.8pt
153,08,常滑,4,12:08,0.14521166565792493,2,0.7018969452598869,3,0.13349906852084692,0.12130924664509116,0.07731287173038771,0.7580831420503461,0.11005472717439288,0.31234141526666764,1-2,1-3,0.10192362454139753,0.01938562210369363,0.010372667763964531,0.011226730880767097,0.002303015769979466,True,True,False,False,予選,2026-09-14,1号艇のdominance,-0.3366,1号艇の女子戦比率,-0.2467,4号艇の直近複勝率,-0.1424,1号艇のvs_max234_diff,-0.1228,1号艇vs2号艇のcumulative差,-0.108,2号艇のwin_rate_rank_2to6,0.2353,2号艇のclass_rank_2to6,0.1312,2号艇の当地勝率,0.0972,1号艇の直近複勝率,0.0679,2号艇の全国勝率,0.0572,3号艇のsession_exh_rel_avg,-0.1405,3号艇のwin_rate_rank_2to6,-0.1049,4号艇のモーター出走数,-0.0737,3号艇のracer_2nd_te,-0.063,1号艇vs2号艇の枠別平均ST差,-0.0628,-0.1506,南東 6.6m/s,[逃げ]1号艇のdominanceが不利(-33.7pt)、1号艇の女子戦比率が不利(-24.7pt) / [2着]2号艇のwin_rate_rank_2to6が有利(+23.5pt)、2号艇のclass_rank_2to6が有利(+13.1pt) / [候補2]3号艇のsession_exh_rel_avgが不利(-14.1pt)、3号艇のwin_rate_rank_2to6が不利(-10.5pt) / [除外]6号艇のsession_exh_rel_avgが不利(-7.2pt)、6号艇のwin_rate_rank_2to6が不利(-5.5pt)、天気-15.1pt
154,08,常滑,2,11:14,0.15771875010925437,3,0.49987761884953363,4,0.3133788808189109,0.12826579864593432,0.13419920725081827,0.6790572924176264,0.10760999645112136,0.29350324677744194,1-3,1-4,0.021165731233251845,0.0788400732525387,0.04942572539339562,0.0031387799591568307,0.005148443355539071,True,True,False,False,予選,2026-09-14,1号艇のdominance,-0.237,1号艇の女子戦比率,-0.2247,1号艇のracer_win_te,-0.2227,1号艇vs4号艇の枠別勝率差,-0.1011,1号艇のvs_max234_diff,-0.0844,3号艇のwin_rate_rank_2to6,0.1938,3号艇のsession_exh_rel_avg,0.0783,2号艇のracer_avgfin_te,0.0452,3号艇のclass_rank_2to6,0.0426,2号艇のvs_boat3_diff,0.037,4号艇のwin_rate_rank_2to6,0.1214,1号艇の平均ST,0.0991,5号艇のracer_win_te,0.099,4号艇の節間得点,0.0946,4号艇のsession_exh_rel_avg,0.0789,-0.1381,南東 6.0m/s,[逃げ]1号艇のdominanceが不利(-23.7pt)、1号艇の女子戦比率が不利(-22.5pt) / [2着]3号艇のwin_rate_rank_2to6が有利(+19.4pt)、3号艇のsession_exh_rel_avgが有利(+7.8pt) / [候補2]4号艇のwin_rate_rank_2to6が有利(+12.1pt)、1号艇の平均STが有利(+9.9pt) / [除外]5号艇のracer_win_teが不利(-6.6pt)、2号艇のwin_rate_rank_2to6が不利(-5.9pt)、天気-13.8pt
155,12,住之江,4,16:34,0.15606292647946463,3,0.4238157055234243,4,0.3452437256855158,0.12002166547109969,0.09004073223389913,0.6790186989750409,0.10705345909955981,0.28772077552228204,1-3,1-4,0.01405202017477616,0.0661419192919446,0.05387974617915511,0.013484383332466125,0.008504858663882042,True,False,False,False,予選,2026-09-14,1号艇のdominance,-0.4231,1号艇の全国2連率,-0.1888,1号艇のracer_win_te,-0.1838,1号艇のvs_max234_diff,-0.1454,1号艇の直近1着率,-0.1364,3号艇のsession_exh_rel_avg,0.1384,3号艇の当地勝率,0.0921,場特性:1x_diff_course3,0.0565,6号艇のsession_rank_diff_delta,-0.051,3号艇のwin_rate_rank_2to6,-0.0504,4号艇のwin_rate_rank_2to6,0.1621,4号艇の全国勝率,0.1042,4号艇の年齢,-0.0603,4号艇のcumulative_diff_rank_2to6,0.06,4号艇のsession_exh_rel_avg,0.0569,-0.0204,西 2.7m/s,[逃げ]1号艇のdominanceが不利(-42.3pt)、1号艇の全国2連率が不利(-18.9pt) / [2着]3号艇のsession_exh_rel_avgが有利(+13.8pt)、3号艇の当地勝率が有利(+9.2pt) / [候補2]4号艇のwin_rate_rank_2to6が有利(+16.2pt)、4号艇の全国勝率が有利(+10.4pt) / [除外]2号艇のwin_rate_rank_2to6が不利(-7.0pt)、天気-2.0pt
156,21,芦屋,8,12:01,0.1805542675648112,3,0.5148106965193936,2,0.19638000577890746,0.12840851635237344,0.13867576491889155,0.5725149373794095,0.10703993727965498,0.26164044266048425,1-3,1-2,0.03545724810778403,0.09295126824458941,0.024522044922697307,0.025038501163920403,0.0025852022671975254,True,True,False,False,一般,2026-09-14,1号艇のdominance,-0.3443,1号艇のracer_win_te,-0.226,1号艇vs6号艇の枠別平均ST差,-0.1666,6号艇の枠別出走数,-0.1629,1号艇のsession_exh_rel_avg,0.1217,風向(度),0.1015,3号艇のsession_exh_rel_avg,0.09,6号艇のモーター出走数,0.0652,3号艇のwin_rate_rank_2to6,0.0608,場特性:1x_diff_course3,0.0587,2号艇のwin_rate_rank_2to6,-0.1401,2号艇の全国勝率,-0.0753,3号艇のモーター出走数,0.0723,2号艇のsession_exh_rel_avg,-0.0553,1号艇の枠別勝率,0.0456,0.1732,北 1.9m/s,[逃げ]1号艇のdominanceが不利(-34.4pt)、1号艇のracer_win_teが不利(-22.6pt) / [2着]風向(度)が有利(+10.1pt)、3号艇のsession_exh_rel_avgが有利(+9.0pt) / [候補2]2号艇のwin_rate_rank_2to6が不利(-14.0pt)、2号艇の全国勝率が不利(-7.5pt) / [除外]5号艇の直近平均着順が不利(-27.0pt)、1号艇vs5号艇の枠別平均ST差が不利(-9.2pt)、天気+17.3pt
157,08,常滑,9,14:38,0.24883543529604496,5,0.30959628113171583,2,0.27227842136507685,0.14479104488354608,0.2180134502917192,0.36386125220507354,0.10691137056386002,0.2105121070800043,1-5,1-2,0.06775251950209885,0.04215830089531541,0.05424947180373261,0.07703852538144722,0.0076366209578956745,True,True,False,False,予選特賞,2026-09-14,1号艇のdominance,-0.3784,1号艇のracer_win_te,-0.2164,3号艇の女子戦勝率,0.124,1号艇の年齢,0.1011,1号艇vs2号艇のcumulative差,-0.0962,5号艇の年齢,0.2057,6号艇のvs_avg456_diff,0.2017,1号艇vs6号艇の直近複勝率差,0.1668,5号艇のracer_avgfin_te,-0.1311,5号艇の枠別出走数,0.1261,2号艇のsession_exh_rel_avg,0.1009,3号艇のracer_2nd_te,0.0866,2号艇のracer_avgfin_te,-0.0621,1号艇の枠別平均ST,-0.0556,2号艇のwin_rate_rank_2to6,-0.0533,-0.0927,南東 6.0m/s,[逃げ]1号艇のdominanceが不利(-37.8pt)、1号艇のracer_win_teが不利(-21.6pt) / [2着]5号艇の年齢が有利(+20.6pt)、6号艇のvs_avg456_diffが有利(+20.2pt) / [候補2]2号艇のsession_exh_rel_avgが有利(+10.1pt)、3号艇のracer_2nd_teが有利(+8.7pt) / [除外]5号艇の直近平均着順が不利(-16.2pt)、win_rate_range_1to6が不利(-8.5pt)、天気-9.3pt
158,04,平和島,6,13:22,0.23877918499197273,2,0.2948451359752762,3,0.27552141654328954,0.13619166055706433,0.183956438196813,0.3864101143217527,0.10612766121124,0.21125719668647083,1-2,1-3,0.07040288126702382,0.06578877929004051,0.032836204163308125,0.025826347437330154,0.04392496838666121,True,True,False,False,予選,2026-09-14,1号艇のdominance,-0.4361,1号艇のracer_win_te,-0.1766,1号艇の全国2連率,-0.1323,場特性:in_escape_diff,-0.1026,1号艇の級別順位,-0.0829,win_rate_gap_top2_2to6,-0.0736,2号艇のclass_rank_2to6,0.0621,2号艇のモーター2連率,-0.0469,1号艇vs2号艇のplace_rate差,-0.0304,2号艇のwin_rate_rank_2to6,0.0289,3号艇のモーター2連率,0.0967,5号艇の直近平均着順,-0.0527,1号艇vs6号艇のplace_rate差,0.0461,6号艇の直近1着率,-0.0455,5号艇の一般戦2連率,-0.0426,-0.0316,南 4.2m/s,[逃げ]1号艇のdominanceが不利(-43.6pt)、1号艇のracer_win_teが不利(-17.7pt) / [2着]win_rate_gap_top2_2to6が不利(-7.4pt)、2号艇のclass_rank_2to6が有利(+6.2pt) / [候補2]3号艇のモーター2連率が有利(+9.7pt)、5号艇の直近平均着順が不利(-5.3pt) / [除外]4号艇のwin_rate_rank_2to6が不利(-5.1pt)、天気-3.2pt
159,06,浜名湖,1,11:34,0.2088129143770441,3,0.3825132318484571,2,0.17825411414493814,0.11709546380436112,0.17798252862439137,0.38278481736900394,0.09208632771834582,0.19680226987375393,1-3,1-2,0.03722176107430281,0.0798737027300583,0.037165050510254836,0.024694950657062297,0.0298574509611433,True,True,False,False,一般,2026-09-14,1号艇の年齢,-0.2123,1号艇のracer_win_te,-0.2076,1号艇の節間得点,-0.0951,1号艇のsession_exh_rel_avg,-0.0897,1号艇の直近1着率,-0.0887,3号艇のwin_rate_rank_2to6,0.1957,3号艇のsession_exh_rel_avg,-0.1384,2号艇の直近複勝率,0.1231,1号艇のsession_rank_diff_last,0.0723,3号艇の全国勝率,-0.0477,2号艇の全国2連率,-0.218,2号艇のwin_rate_rank_2to6,-0.1978,2号艇の直近平均着順,-0.0997,2号艇の全国勝率,-0.0784,2号艇の当地勝率,-0.0569,-0.0339,南東 2.2m/s,[逃げ]1号艇の年齢が不利(-21.2pt)、1号艇のracer_win_teが不利(-20.8pt) / [2着]3号艇のwin_rate_rank_2to6が有利(+19.6pt)、3号艇のsession_exh_rel_avgが不利(-13.8pt) / [候補2]2号艇の全国2連率が不利(-21.8pt)、2号艇のwin_rate_rank_2to6が不利(-19.8pt)、天気-3.4pt
160,10,三国,8,11:50,0.1491196279604814,3,0.5483885014957989,4,0.21152432085702233,0.11331791735165209,0.1667895423040502,0.593123280048771,0.0906376250677358,0.25725952616078773,1-3,1-4,0.024871594496078935,0.08177548932085943,0.031542428030792664,0.006074762514129977,0.004855352487592593,True,True,False,False,一般,2026-09-14,1号艇のdominance,-0.2393,1号艇のsession_exh_rel_avg,-0.1896,3号艇のsession_exh_rel_avg,-0.1629,1号艇の体重,-0.1513,1号艇の直近1着率,-0.1079,3号艇のwin_rate_rank_2to6,0.1777,3号艇のsession_exh_rel_avg,0.1157,2号艇のvs_boat3_diff,0.0483,6号艇のracer_2nd_te,-0.0462,3号艇のモーター2連率,0.0461,4号艇のclass_rank_2to6,0.0593,4号艇のwin_rate_rank_2to6,0.0535,6号艇のsession_exh_rel_avg,0.0526,6号艇のsession_exh_rel_last,0.0488,4号艇の節間得点,-0.0455,-0.0292,北東 7.9m/s,[逃げ]1号艇のdominanceが不利(-23.9pt)、1号艇のsession_exh_rel_avgが不利(-19.0pt) / [2着]3号艇のwin_rate_rank_2to6が有利(+17.8pt)、3号艇のsession_exh_rel_avgが有利(+11.6pt) / [候補2]4号艇のclass_rank_2to6が有利(+5.9pt)、4号艇のwin_rate_rank_2to6が有利(+5.3pt) / [除外]6号艇のsession_exh_rel_avgが不利(-8.7pt)、2号艇のwin_rate_rank_2to6が不利(-6.3pt)、天気-2.9pt
161,10,三国,5,10:18,0.19183162436271536,3,0.38288963422190136,5,0.23194520031648297,0.11794476502427959,0.19720163488533587,0.4176331996530484,0.09003408443753393,0.20785129541291023,1-3,1-5,0.0378295099470371,0.07345034048443327,0.030234452930941805,0.04449442453984633,0.005822893601942895,False,False,True,False,一般,2026-09-14,1号艇のdominance,-0.2171,1号艇の年齢,-0.1183,1号艇の体重,-0.1114,1号艇の級別順位,-0.0844,1号艇のsession_exh_rel_avg,0.0839,3号艇のwin_rate_rank_2to6,0.179,3号艇のsession_exh_rel_avg,-0.0561,3号艇のcumulative_diff_rank_2to6,-0.0478,3号艇のclass_rank_2to6,0.0387,3号艇の全国勝率,0.0322,5号艇のclass_rank_2to6,0.1587,5号艇のwin_rate_rank_2to6,0.1552,5号艇のsession_exh_rel_avg,0.1313,2号艇のracer_2nd_te,-0.0768,1号艇のsession_avg_finish,0.0665,0.0303,北東 4.0m/s,[逃げ]1号艇のdominanceが不利(-21.7pt)、1号艇の年齢が不利(-11.8pt) / [2着]3号艇のwin_rate_rank_2to6が有利(+17.9pt)、3号艇のsession_exh_rel_avgが不利(-5.6pt) / [候補2]5号艇のclass_rank_2to6が有利(+15.9pt)、5号艇のwin_rate_rank_2to6が有利(+15.5pt) / [除外]6号艇のwin_rate_rank_2to6が不利(-7.3pt)、6号艇のvs_avg456_diffが不利(-5.4pt)、天気+3.0pt
162,02,戸田,3,11:45,0.20555693275023817,3,0.2975497808085529,2,0.2906895532300673,0.12091667322802153,0.23280248850516713,0.355436845533453,0.0871370303129221,0.19127272491965097,1-3,1-2,0.05975325294450972,0.061163420283511814,0.025623281091584762,0.047854165473744735,0.011162809893850172,True,True,False,False,一般戦,2026-09-14,1号艇のdominance,-0.2214,1号艇のsession_exh_rel_avg,-0.1528,場特性:in_escape_diff,-0.1343,1号艇のracer_win_te,-0.1137,場×風向,-0.1044,3号艇のsession_exh_rel_avg,-0.104,3号艇の一般戦2連率,0.0898,3号艇の節間得点,0.0581,3号艇のcumulative_diff_rank_2to6,0.0397,3号艇のwin_rate_rank_2to6,0.0395,2号艇のwin_rate_rank_2to6,-0.1264,6号艇のsession_exh_rel_last,-0.0624,2号艇の全国勝率,0.0571,2号艇のclass_rank_2to6,-0.0482,2号艇のモーター2連率,-0.0475,-0.1388,南 3.2m/s,[逃げ]1号艇のdominanceが不利(-22.1pt)、1号艇のsession_exh_rel_avgが不利(-15.3pt) / [2着]3号艇のsession_exh_rel_avgが不利(-10.4pt)、3号艇の一般戦2連率が有利(+9.0pt) / [候補2]2号艇のwin_rate_rank_2to6が不利(-12.6pt)、6号艇のsession_exh_rel_lastが不利(-6.2pt)、天気-13.9pt
163,09,津,4,12:03,0.15783494548910895,4,0.490838439895894,3,0.20846458228170617,0.11037445438577068,0.18118296274288345,0.5181200594347167,0.08637688959767886,0.2326981359004545,1-4,1-3,0.028597003048078266,0.03290299598084296,0.07747145840492771,0.009300307247610549,0.009563183453563913,True,True,False,False,予選,2026-09-14,1号艇のdominance,-0.5147,1号艇のvs_max234_diff,-0.2754,1号艇の全国2連率,-0.2101,1号艇のracer_win_te,-0.1964,1号艇のsession_exh_rel_avg,0.1617,4号艇のclass_rank_2to6,0.2329,4号艇のwin_rate_rank_2to6,0.1805,1号艇の直近複勝率,0.1562,3号艇の枠別勝率,0.1327,1号艇vs5号艇のlocal_win_rate差,0.1084,3号艇の年齢,0.2013,3号艇のwin_rate_rank_2to6,-0.153,3号艇のsession_exh_rel_avg,0.1283,3号艇のsession_exh_rel_last,0.075,3号艇の全国勝率,-0.0569,0.0165,東 3.8m/s,[逃げ]1号艇のdominanceが不利(-51.5pt)、1号艇のvs_max234_diffが不利(-27.5pt) / [2着]4号艇のclass_rank_2to6が有利(+23.3pt)、4号艇のwin_rate_rank_2to6が有利(+18.1pt) / [候補2]3号艇の年齢が有利(+20.1pt)、3号艇のwin_rate_rank_2to6が不利(-15.3pt) / [除外]6号艇のwin_rate_rank_2to6が不利(-6.6pt)、天気+1.7pt
164,04,平和島,3,11:53,0.19232910308469875,3,0.3575264474408979,5,0.2659035147551919,0.1199037254653016,0.25689038756035465,0.36653957463573517,0.08294118805964758,0.19389448021643166,1-3,1-5,0.04940749783056366,0.06876274096536658,0.018418025118177632,0.051140984499935024,0.004599852162969753,True,True,False,False,予選,2026-09-14,1号艇のdominance,-0.3279,1号艇の年齢,-0.248,1号艇のracer_win_te,-0.2064,場特性:in_escape_diff,-0.1004,1号艇の全国2連率,-0.0934,3号艇のwin_rate_rank_2to6,0.0633,1号艇の一般戦2連率,0.0416,3号艇のcumulative_diff_rank_2to6,0.0367,場特性:1x_diff_course3,-0.0344,3号艇のclass_rank_2to6,0.0313,5号艇のwin_rate_rank_2to6,0.2641,5号艇のclass_rank_2to6,0.1666,1号艇vs5号艇のlocal_win_rate差,0.0651,5号艇のcumulative_diff_rank_2to6,0.0475,5号艇のracer_avgfin_te,0.0459,-0.0132,南 3.1m/s,[逃げ]1号艇のdominanceが不利(-32.8pt)、1号艇の年齢が不利(-24.8pt) / [2着]3号艇のwin_rate_rank_2to6が有利(+6.3pt)、1号艇の一般戦2連率が有利(+4.2pt) / [候補2]5号艇のwin_rate_rank_2to6が有利(+26.4pt)、5号艇のclass_rank_2to6が有利(+16.7pt) / [除外]4号艇のwin_rate_rank_2to6が不利(-5.4pt)、6号艇のwin_rate_rank_2to6が不利(-5.1pt)、天気-1.3pt
165,04,平和島,5,12:52,0.2420104155938033,5,0.2402670727471724,2,0.22520670765003686,0.11264950304194735,0.22095661645790782,0.24451716393930145,0.08278071939657117,0.15220980131115358,1-5,1-2,0.05450236891289758,0.048786389729703845,0.05347380257717887,0.05814713412904976,0.027100721146532277,True,True,False,False,予選,2026-09-14,1号艇のdominance,-0.225,1号艇の年齢,-0.1196,場特性:in_escape_diff,-0.0985,1号艇の級別順位,-0.0863,1号艇のframe_dominance,-0.0774,3号艇の枠別平均ST,0.1688,5号艇のwin_rate_rank_2to6,0.1038,5号艇の年齢,-0.0772,avg_456_win_rate,0.0645,4号艇の一般戦2連率,-0.0508,2号艇のwin_rate_rank_2to6,-0.1565,2号艇のclass_rank_2to6,-0.0483,2号艇のモーター2連率,-0.0376,ST差分(4-3),-0.0337,2号艇のsession_avg_finish,0.0312,-0.024,南 3.8m/s,[逃げ]1号艇のdominanceが不利(-22.5pt)、1号艇の年齢が不利(-12.0pt) / [2着]3号艇の枠別平均STが有利(+16.9pt)、5号艇のwin_rate_rank_2to6が有利(+10.4pt) / [候補2]2号艇のwin_rate_rank_2to6が不利(-15.7pt)、2号艇のclass_rank_2to6が不利(-4.8pt)、天気-2.4pt
166,04,平和島,4,12:22,0.2139407932147723,3,0.27251512402863076,2,0.22418422272040972,0.10626425223274895,0.21287887466191624,0.28382047208712424,0.07911855491423181,0.15953111818906152,1-3,1-2,0.04796215043504164,0.05830210179770732,0.045543475303838454,0.035732251108187056,0.0264008193519472,True,True,False,False,予選,2026-09-14,1号艇のdominance,-0.2967,1号艇のracer_win_te,-0.2906,1号艇の全国2連率,-0.1193,場特性:in_escape_diff,-0.115,1号艇の級別順位,-0.0844,1号艇vs6号艇のplace_rate差,0.0765,3号艇のwin_rate_rank_2to6,0.0691,3号艇の枠別平均ST,-0.0564,3号艇のモーター2連率,0.038,1号艇vs2号艇のplace_rate差,0.0372,2号艇のwin_rate_rank_2to6,-0.1469,2号艇の直近平均着順,-0.0358,1号艇のracer_avgfin_te,-0.0265,avg_entry_count,-0.0228,2号艇のモーター2連率,0.0227,-0.0341,南 3.4m/s,[逃げ]1号艇のdominanceが不利(-29.7pt)、1号艇のracer_win_teが不利(-29.1pt) / [2着]1号艇vs6号艇のplace_rate差が有利(+7.6pt)、3号艇のwin_rate_rank_2to6が有利(+6.9pt) / [候補2]2号艇のwin_rate_rank_2to6が不利(-14.7pt)、2号艇の直近平均着順が不利(-3.6pt)、天気-3.4pt
167,06,浜名湖,3,12:29,0.10636855123070771,3,0.39611320131308536,4,0.27785194045813544,0.07168869571020328,0.1499785166637235,0.5239866251074973,0.05878657861719529,0.20737807452939147,1-3,1-4,0.015952997533250822,0.042133987347030555,0.029554708363172727,0.01530559622725349,0.003421263146888165,True,True,False,False,一般,2026-09-14,1号艇のdominance,-0.3205,1号艇のracer_win_te,-0.1775,1号艇のsession_exh_rel_avg,-0.1556,1号艇のvs_max234_diff,-0.1445,1号艇の直近1着率,-0.1192,3号艇のsession_exh_rel_avg,0.1428,1号艇の体重,0.123,1号艇vs3号艇のcumulative差,0.1183,1号艇vs5号艇のcumulative差,0.0878,3号艇の節間得点,0.0718,4号艇のclass_rank_2to6,0.1657,4号艇のwin_rate_rank_2to6,0.1572,4号艇のcumulative_diff_rank_2to6,-0.0532,4号艇のモーター2連率,0.0476,1号艇の平均ST,0.0449,-0.0166,南 2.5m/s,[逃げ]1号艇のdominanceが不利(-32.1pt)、1号艇のracer_win_teが不利(-17.8pt) / [2着]3号艇のsession_exh_rel_avgが有利(+14.3pt)、1号艇の体重が有利(+12.3pt) / [候補2]4号艇のclass_rank_2to6が有利(+16.6pt)、4号艇のwin_rate_rank_2to6が有利(+15.7pt) / [除外]6号艇のwin_rate_rank_2to6が不利(-6.3pt)、6号艇のvs_avg456_diffが不利(-5.5pt)、天気-1.7pt
168,09,津,6,13:02,0.12076854389139363,3,0.3397798058556568,2,0.29293445819197905,0.07641198036834773,0.19373596135501991,0.43897830269261595,0.05864748219750442,0.1851818770656282,1-3,1-2,0.03537726797145963,0.0410347123968881,0.012803988771164359,0.023397209952245063,0.008155363899840715,True,True,False,False,予選,2026-09-14,1号艇のdominance,-0.2563,1号艇のsession_exh_rel_avg,-0.2381,1号艇のracer_win_te,-0.2332,1号艇の年齢,-0.1353,1号艇の級別順位,-0.1004,3号艇のsession_exh_rel_avg,0.0921,3号艇の節間得点,0.0472,3号艇のwin_rate_rank_2to6,0.0458,1号艇vs3号艇のcumulative差,0.0421,3号艇のclass_rank_2to6,0.0389,2号艇のwin_rate_rank_2to6,-0.1448,3号艇のモーター出走数,0.1197,2号艇のsession_exh_rel_avg,0.0796,2号艇のclass_rank_2to6,-0.0659,4号艇のsession_rank_diff_delta,-0.0518,0.0155,南東 3.3m/s,[逃げ]1号艇のdominanceが不利(-25.6pt)、1号艇のsession_exh_rel_avgが不利(-23.8pt) / [2着]3号艇のsession_exh_rel_avgが有利(+9.2pt)、3号艇の節間得点が有利(+4.7pt) / [候補2]2号艇のwin_rate_rank_2to6が不利(-14.5pt)、3号艇のモーター出走数が有利(+12.0pt) / [除外]4号艇のwin_rate_rank_2to6が不利(-5.2pt)、天気+1.5pt
