rank,venue_code,venue_name,race_no,closing_time,in_escape_prob,second_pred_1,second_pred_1_prob,second_pred_2,second_pred_2_prob,confidence_score,third_prob,top2_margin,adjusted_score,score_margin_blend,ticket_1,ticket_2,score_boat2,score_boat3,score_boat4,score_boat5,score_boat6,is_teppan,is_lunch,is_excluded,is_channel_target,race_grade,race_date,top_feat_1,top_feat_1_contrib,top_feat_2,top_feat_2_contrib,top_feat_3,top_feat_3_contrib,top_feat_4,top_feat_4_contrib,top_feat_5,top_feat_5_contrib,s2_top_feat_1,s2_top_feat_1_contrib,s2_top_feat_2,s2_top_feat_2_contrib,s2_top_feat_3,s2_top_feat_3_contrib,s2_top_feat_4,s2_top_feat_4_contrib,s2_top_feat_5,s2_top_feat_5_contrib,s2_top2_feat_1,s2_top2_feat_1_contrib,s2_top2_feat_2,s2_top2_feat_2_contrib,s2_top2_feat_3,s2_top2_feat_3_contrib,s2_top2_feat_4,s2_top2_feat_4_contrib,s2_top2_feat_5,s2_top2_feat_5_contrib,weather_contribution,wind_info,reason_text
1,19,下関,10,19:47,0.7870283614755806,2,0.6011046321500203,3,0.2567639028810529,0.6751668674869623,0.05999456584802869,0.7978739691830445,0.6265592557791377,0.7119789979957869,1-2,1-3,0.4730863937164121,0.20208047377055016,0.04721742485681285,0.04509602239248386,0.01954804673932169,True,False,False,False,準優勝戦,2026-09-28,1号艇の節間得点,0.131,1号艇のsession_exh_rel_avg,0.1105,1号艇の級別順位,-0.1043,1号艇のracer_win_te,0.0969,場特性:in_escape_diff,0.0929,2号艇の当地勝率,0.3142,2号艇のwin_rate_rank_2to6,0.1644,2号艇のsession_exh_rel_avg,0.0872,2号艇のclass_rank_2to6,0.0831,2号艇の全国勝率,0.0623,3号艇のwin_rate_rank_2to6,-0.0545,場特性:1x_diff_course3,0.0381,3号艇のcumulative_diff_rank_2to6,0.0313,3号艇のモーター2連率,0.0309,3号艇のsession_exh_rel_avg,-0.0274,0.1036,北 1.2m/s,[逃げ]1号艇の節間得点が有利(+13.1pt)、1号艇のsession_exh_rel_avgが有利(+11.0pt) / [2着]2号艇の当地勝率が有利(+31.4pt)、2号艇のwin_rate_rank_2to6が有利(+16.4pt) / [候補2]3号艇のwin_rate_rank_2to6が不利(-5.4pt)、場特性:1x_diff_course3が有利(+3.8pt) / [除外]win_rate_gap_top2_2to6が不利(-8.6pt)、天気+10.4pt
2,05,多摩川,12,16:46,0.872163556971215,2,0.49457914072099146,3,0.3012104124349051,0.6940586472809804,0.08479703383184815,0.7109925193240484,0.623433709767254,0.6991388088939008,1-2,1-3,0.43135390257498696,0.2627047447059935,0.07395688264739314,0.055921874103490254,0.04822616268653841,True,False,False,False,記者選抜戦,2026-09-28,1号艇のdominance,0.2427,1号艇のsession_exh_rel_avg,0.1572,1号艇のracer_win_te,0.122,1号艇の全国勝率,0.1022,風速区分,0.0916,2号艇のsession_exh_rel_avg,0.0874,2号艇のracer_avgfin_te,0.079,2号艇のwin_rate_rank_2to6,0.0695,2号艇の節間得点,0.0663,場×風向,-0.0595,6号艇のracer_2nd_te,-0.0902,3号艇のモーター2連率,0.0768,3号艇の節間得点,0.0751,3号艇の当地勝率,0.0632,1号艇vs2号艇のlocal_win_rate差,-0.0519,0.0196,南西 0.8m/s,[逃げ]1号艇のdominanceが有利(+24.3pt)、1号艇のsession_exh_rel_avgが有利(+15.7pt) / [2着]2号艇のsession_exh_rel_avgが有利(+8.7pt)、2号艇のracer_avgfin_teが有利(+7.9pt) / [候補2]6号艇のracer_2nd_teが不利(-9.0pt)、3号艇のモーター2連率が有利(+7.7pt) / [除外]2号艇のracer_2nd_teが不利(-6.4pt)、5号艇のsession_exh_rel_avgが不利(-5.3pt)、天気+2.0pt
3,21,芦屋,12,14:28,0.8492208947332744,2,0.489008169036617,3,0.3314708354885314,0.6967679143327129,0.09609893740264548,0.7243800671225029,0.6164175269123554,0.7050515601696499,1-2,1-3,0.4152759548411562,0.28149195949155664,0.08160922560399153,0.06013793671539509,0.010705813335783368,True,True,False,False,準優勝戦,2026-09-28,1号艇のdominance,0.2916,1号艇のsession_exh_rel_avg,0.1464,風速区分,0.1021,レース時間帯,0.092,race_no,0.0766,2号艇のwin_rate_rank_2to6,0.1518,2号艇のsession_exh_rel_avg,0.1285,3号艇のモーター出走数,0.0828,2号艇の節間得点,0.0741,2号艇の女子戦比率,-0.06,6号艇のモーター出走数,0.0825,4号艇のモーター出走数,-0.0747,3号艇の節間得点,0.0733,3号艇のwin_rate_rank_2to6,0.0674,1号艇の直近1着率,0.0657,0.1511,北東 1.9m/s,[逃げ]1号艇のdominanceが有利(+29.2pt)、1号艇のsession_exh_rel_avgが有利(+14.6pt) / [2着]2号艇のwin_rate_rank_2to6が有利(+15.2pt)、2号艇のsession_exh_rel_avgが有利(+12.9pt) / [候補2]6号艇のモーター出走数が有利(+8.2pt)、4号艇のモーター出走数が不利(-7.5pt) / [除外]6号艇のwin_rate_rank_2to6が不利(-6.8pt)、6号艇の女子戦比率が不利(-5.1pt)、天気+15.1pt
4,21,芦屋,1,08:44,0.7320200260091618,3,0.5281894649973655,2,0.36355734614853463,0.652776523888609,0.05956518694541207,0.8321816242004881,0.6061172170738075,0.7065980539821727,1-3,1-2,0.26613125798347215,0.38664526590513676,0.02677423754956781,0.04360290969702113,0.008866359305317999,False,False,True,False,サンライズＶ,2026-09-28,1号艇の女子戦比率,-0.2619,1号艇のdominance,0.2265,1号艇の年齢,-0.1653,1号艇の勝率順位,0.0914,1号艇の級別順位,0.0777,3号艇のwin_rate_rank_2to6,0.1689,3号艇のsession_exh_rel_avg,0.1041,6号艇のモーター出走数,0.0869,3号艇の女子戦比率,-0.0718,4号艇のモーター出走数,-0.0559,2号艇のwin_rate_rank_2to6,0.0639,3号艇のモーター出走数,0.0602,2号艇のclass_rank_2to6,0.0567,ST差分(3-2),-0.0514,4号艇の女子戦比率,0.0481,0.0666,北 0.8m/s,[逃げ]1号艇の女子戦比率が不利(-26.2pt)、1号艇のdominanceが有利(+22.7pt) / [2着]3号艇のwin_rate_rank_2to6が有利(+16.9pt)、3号艇のsession_exh_rel_avgが有利(+10.4pt) / [候補2]2号艇のwin_rate_rank_2to6が有利(+6.4pt)、3号艇のモーター出走数が有利(+6.0pt) / [除外]4号艇の平均STが不利(-7.7pt)、6号艇のsession_exh_rel_avgが不利(-7.5pt)、天気+6.7pt
5,13,尼崎,7,13:38,0.7989163457485775,4,0.49419559882088354,3,0.34838006296997787,0.6731474687346444,0.08865965833822109,0.7539160034526403,0.6015302392275421,0.6973780291500431,1-4,1-3,0.070831650254889,0.27832652683963405,0.3948209418950103,0.046697279473912785,0.008239937612496567,True,True,False,False,一般,2026-09-28,1号艇のsession_exh_rel_avg,0.1599,1号艇の節間得点,0.1055,1号艇のracer_win_te,0.0802,1号艇のdominance,0.0749,1号艇の級別順位,0.0746,4号艇のwin_rate_rank_2to6,0.2313,4号艇のclass_rank_2to6,0.2138,4号艇の年齢,-0.0989,4号艇の全国勝率,0.0738,1号艇vs2号艇のcumulative差,0.0622,6号艇の女子戦比率,0.2052,3号艇のモーター2連率,0.1042,3号艇のwin_rate_rank_2to6,-0.0762,3号艇のracer_2nd_te,-0.049,2号艇の節間得点,0.0481,0.0168,南西 2.0m/s,[逃げ]1号艇のsession_exh_rel_avgが有利(+16.0pt)、1号艇の節間得点が有利(+10.6pt) / [2着]4号艇のwin_rate_rank_2to6が有利(+23.1pt)、4号艇のclass_rank_2to6が有利(+21.4pt) / [候補2]6号艇の女子戦比率が有利(+20.5pt)、3号艇のモーター2連率が有利(+10.4pt) / [除外]6号艇の女子戦比率が不利(-7.9pt)、6号艇のwin_rate_rank_2to6が不利(-7.3pt)、天気+1.7pt
6,21,芦屋,11,13:51,0.8167520736085401,2,0.49804532636165033,3,0.3497973492659888,0.6924772634126871,0.11307642052220519,0.7347662551054339,0.5985138431250244,0.7051639609205111,1-2,1-3,0.40677955305692,0.2856977103557671,0.09235540093774236,0.02457292169202656,0.007346500116968187,True,True,False,False,準優勝戦,2026-09-28,1号艇のdominance,0.1556,1号艇のsession_exh_rel_avg,0.1159,3号艇のracer_win_te,-0.1122,1号艇の節間得点,0.0815,1号艇vs4号艇の枠別平均ST差,-0.0763,2号艇のsession_exh_rel_avg,0.103,3号艇の全国2連率,0.0711,2号艇の節間得点,0.0647,2号艇の全国勝率,0.0534,3号艇のモーター出走数,0.0476,3号艇のwin_rate_rank_2to6,0.2102,3号艇のsession_exh_rel_avg,0.0881,4号艇のモーター出走数,-0.0875,6号艇のモーター出走数,0.0807,3号艇の当地勝率,0.0783,0.1208,北東 2.1m/s,[逃げ]1号艇のdominanceが有利(+15.6pt)、1号艇のsession_exh_rel_avgが有利(+11.6pt) / [2着]2号艇のsession_exh_rel_avgが有利(+10.3pt)、3号艇の全国2連率が有利(+7.1pt) / [候補2]3号艇のwin_rate_rank_2to6が有利(+21.0pt)、3号艇のsession_exh_rel_avgが有利(+8.8pt) / [除外]6号艇のwin_rate_rank_2to6が不利(-7.4pt)、3号艇の女子戦2連率が不利(-6.8pt)、天気+12.1pt
7,21,芦屋,4,10:02,0.870031876239594,3,0.5041254322750364,2,0.2848534403748091,0.6864367688849448,0.12283614086309544,0.66614273178675,0.5852536765213138,0.6803485577554863,1-3,1-2,0.24783157318259846,0.43860519570234624,0.10687135810514999,0.06529291923728475,0.011430814616888258,False,False,True,False,サンライズＹ,2026-09-28,1号艇のdominance,0.2974,1号艇の全国勝率,0.156,1号艇のracer_win_te,0.1523,1号艇vs4号艇のcumulative差,0.0995,風速区分,0.0994,3号艇のwin_rate_rank_2to6,0.1907,3号艇のsession_exh_rel_avg,0.1287,6号艇の女子戦比率,0.1041,6号艇のモーター出走数,0.0733,4号艇のモーター出走数,-0.0677,2号艇の節間得点,-0.0887,3号艇のモーター出走数,0.0637,2号艇のsession_exh_rel_avg,-0.0576,3号艇の年齢,0.0543,5号艇の女子戦2連率,0.0529,0.0835,北西 1.2m/s,[逃げ]1号艇のdominanceが有利(+29.7pt)、1号艇の全国勝率が有利(+15.6pt) / [2着]3号艇のwin_rate_rank_2to6が有利(+19.1pt)、3号艇のsession_exh_rel_avgが有利(+12.9pt) / [候補2]2号艇の節間得点が不利(-8.9pt)、3号艇のモーター出走数が有利(+6.4pt) / [除外]1号艇の当地勝率が不利(-11.4pt)、6号艇の女子戦比率が不利(-8.6pt)、天気+8.4pt
8,13,尼崎,5,12:21,0.7333495437343235,3,0.4887369715924578,2,0.345529907738403,0.6118092353099447,0.13230630747826394,0.7019605718525967,0.5146737703439938,0.6388546362727403,1-3,1-2,0.2533942001865207,0.358415035123424,0.09702677022235798,0.021270261113872136,0.003243294162773365,True,True,False,False,一般,2026-09-28,2号艇の枠別勝率,0.1354,1号艇のracer_win_te,0.098,1号艇の節間得点,0.0923,1号艇のdominance,0.0886,1号艇の級別順位,0.0673,3号艇のwin_rate_rank_2to6,0.1948,max_234_frame_win_rate,-0.0823,3号艇の全国勝率,0.0457,3号艇のclass_rank_2to6,0.0457,6号艇のracer_win_te,0.0448,2号艇のsession_exh_rel_avg,0.0956,2号艇の全国勝率,0.0496,2号艇のモーター2連率,-0.0414,2号艇のwin_rate_rank_2to6,0.0402,2号艇の当地勝率,0.0287,0.0347,南西 2.8m/s,[逃げ]2号艇の枠別勝率が有利(+13.5pt)、1号艇のracer_win_teが有利(+9.8pt) / [2着]3号艇のwin_rate_rank_2to6が有利(+19.5pt)、max_234_frame_win_rateが不利(-8.2pt) / [候補2]2号艇のsession_exh_rel_avgが有利(+9.6pt)、2号艇の全国勝率が有利(+5.0pt) / [除外]6号艇のracer_win_teが不利(-13.9pt)、6号艇のwin_rate_rank_2to6が不利(-7.9pt)、天気+3.5pt
9,09,津,1,10:33,0.8291060996246684,2,0.3883088051986924,3,0.3577193184987803,0.6185364678491212,0.15882864339092345,0.5871994803065492,0.5006468981575739,0.6091353715863496,1-2,1-3,0.321949198928203,0.29658726892091825,0.1316857970305259,0.07452261448691964,0.004361238403984449,False,False,True,False,ツッキーレー,2026-09-28,1号艇のdominance,0.2445,1号艇vs5号艇のcumulative差,0.0871,1号艇の勝率順位,0.0825,6号艇の枠別出走数,-0.0793,6号艇のモーター出走数,-0.0784,1号艇vs2号艇のcumulative差,-0.0716,2号艇の節間得点,-0.0692,2号艇のwin_rate_rank_2to6,0.0551,2号艇の全国勝率,-0.0424,second_best_win_rate,0.0398,3号艇のwin_rate_rank_2to6,0.1741,3号艇の節間得点,-0.098,6号艇のモーター出走数,0.0975,4号艇のモーター出走数,-0.0607,3号艇のcumulative_diff_rank_2to6,-0.0381,-0.0039,南西 0.2m/s,[逃げ]1号艇のdominanceが有利(+24.5pt)、1号艇vs5号艇のcumulative差が有利(+8.7pt) / [2着]1号艇vs2号艇のcumulative差が不利(-7.2pt)、2号艇の節間得点が不利(-6.9pt) / [候補2]3号艇のwin_rate_rank_2to6が有利(+17.4pt)、3号艇の節間得点が不利(-9.8pt) / [除外]6号艇の全国勝率が不利(-17.1pt)、6号艇の直近平均着順が不利(-12.9pt)、天気-0.4pt
10,05,多摩川,9,15:03,0.8545579784657041,4,0.47006314847941644,2,0.2894784502140162,0.6490723331400688,0.19393313690701142,0.5656084617864212,0.4980203727655813,0.6240331717339744,1-4,1-2,0.24737611922427466,0.1657271094327683,0.40169621391579424,0.03174620668358442,0.008012350697749216,True,False,False,False,予選特賞,2026-09-28,1号艇のdominance,0.1719,1号艇のracer_win_te,0.1556,1号艇のsession_exh_rel_avg,0.1337,1号艇vs5号艇のcumulative差,0.0813,風速区分,0.0794,4号艇のwin_rate_rank_2to6,0.251,4号艇のclass_rank_2to6,0.2185,4号艇の年齢,-0.1047,4号艇の全国勝率,0.0964,4号艇のsession_exh_rel_avg,0.0725,2号艇のsession_exh_rel_avg,-0.0849,2号艇のclass_rank_2to6,0.0706,1号艇vs2号艇のcumulative差,-0.0469,1号艇の一般戦勝率,-0.0407,1号艇vs5号艇のcumulative差,0.0393,0.0735,北 1.3m/s,[逃げ]1号艇のdominanceが有利(+17.2pt)、1号艇のracer_win_teが有利(+15.6pt) / [2着]4号艇のwin_rate_rank_2to6が有利(+25.1pt)、4号艇のclass_rank_2to6が有利(+21.8pt) / [候補2]2号艇のsession_exh_rel_avgが不利(-8.5pt)、2号艇のclass_rank_2to6が有利(+7.1pt) / [除外]1号艇vs5号艇のlocal_win_rate差が不利(-9.7pt)、6号艇のwin_rate_rank_2to6が不利(-8.7pt)、天気+7.3pt
11,19,下関,8,18:45,0.6877493528202261,3,0.47407676258371556,2,0.3426342515545656,0.5616924714147534,0.10154770166349923,0.7151633124747819,0.4932461759981227,0.607733723732762,1-3,1-2,0.23564648476069505,0.3260459866540584,0.06983936609945299,0.04906696440601216,0.0071505569849142836,True,False,False,False,一般,2026-09-28,1号艇のdominance,0.1777,1号艇の勝率順位,0.0721,場特性:in_escape_diff,0.072,1号艇の級別順位,0.0714,風速区分,0.0687,3号艇のwin_rate_rank_2to6,0.154,3号艇のsession_exh_rel_avg,0.0614,場特性:1x_diff_course3,0.052,3号艇のclass_rank_2to6,0.0443,3号艇のcumulative_diff_rank_2to6,0.0301,2号艇のsession_exh_rel_avg,0.0925,2号艇のclass_rank_2to6,-0.0752,2号艇のcumulative_diff_rank_2to6,-0.0389,2号艇のwin_rate_rank_2to6,-0.0385,1号艇vs2号艇のlocal_win_rate差,-0.0373,0.1019,北 1.7m/s,[逃げ]1号艇のdominanceが有利(+17.8pt)、1号艇の勝率順位が有利(+7.2pt) / [2着]3号艇のwin_rate_rank_2to6が有利(+15.4pt)、3号艇のsession_exh_rel_avgが有利(+6.1pt) / [候補2]2号艇のsession_exh_rel_avgが有利(+9.3pt)、2号艇のclass_rank_2to6が不利(-7.5pt) / [除外]6号艇のracer_win_teが不利(-14.2pt)、win_rate_gap_top2_2to6が不利(-9.8pt)、天気+10.2pt
12,05,多摩川,11,16:08,0.7021843702187506,2,0.6698344614234726,5,0.10571324127846798,0.544577475196361,0.09639400952160149,0.6791536931803391,0.48158466760116775,0.5849503405915544,1-2,1-5,0.47034728944545706,0.0645215594368947,0.06768636686878599,0.07423018575090387,0.02539896871670905,True,False,False,False,予選特選,2026-09-28,1号艇のdominance,0.1662,1号艇のsession_exh_rel_avg,-0.1644,1号艇のracer_win_te,0.1041,1号艇の勝率順位,0.1018,風速区分,0.0943,2号艇のwin_rate_rank_2to6,0.2364,2号艇のclass_rank_2to6,0.12,2号艇のracer_avgfin_te,0.0766,2号艇のsession_exh_rel_avg,0.0736,2号艇の節間得点,0.0654,5号艇のwin_rate_rank_2to6,0.1536,2号艇のracer_2nd_te,-0.1134,3号艇の年齢,0.0902,5号艇の節間得点,0.0816,5号艇のsession_exh_rel_avg,0.0572,0.0838,北 0.8m/s,[逃げ]1号艇のdominanceが有利(+16.6pt)、1号艇のsession_exh_rel_avgが不利(-16.4pt) / [2着]2号艇のwin_rate_rank_2to6が有利(+23.6pt)、2号艇のclass_rank_2to6が有利(+12.0pt) / [候補2]5号艇のwin_rate_rank_2to6が有利(+15.4pt)、2号艇のracer_2nd_teが不利(-11.3pt) / [除外]6号艇のwin_rate_rank_2to6が不利(-6.4pt)、2号艇のracer_avgfin_teが不利(-5.5pt)、天気+8.4pt
13,19,下関,9,19:17,0.6700337366793689,2,0.6006766414671296,3,0.22402090320701873,0.5525751774883204,0.11409822490725742,0.710599319766891,0.4769177612332443,0.5999824201718915,1-2,1-3,0.40247361461823444,0.150101562870086,0.07644965998309274,0.03034757723292123,0.010661333831367923,True,False,False,False,準優勝戦,2026-09-28,2号艇のsession_exh_rel_avg,-0.2862,1号艇のracer_win_te,0.1229,1号艇のdominance,0.1112,1号艇の節間得点,0.0778,場特性:in_escape_diff,0.0744,2号艇のwin_rate_rank_2to6,0.1876,2号艇の当地勝率,0.1235,2号艇のsession_exh_rel_avg,0.109,2号艇のracer_avgfin_te,0.0714,2号艇の全国勝率,0.0706,3号艇のsession_exh_rel_avg,-0.1313,3号艇のwin_rate_rank_2to6,0.0694,場特性:1x_diff_course3,0.0642,3号艇の節間得点,0.053,1号艇の直近1着率,0.0468,0.0291,北 1.3m/s,[逃げ]2号艇のsession_exh_rel_avgが不利(-28.6pt)、1号艇のracer_win_teが有利(+12.3pt) / [2着]2号艇のwin_rate_rank_2to6が有利(+18.8pt)、2号艇の当地勝率が有利(+12.4pt) / [候補2]3号艇のsession_exh_rel_avgが不利(-13.1pt)、3号艇のwin_rate_rank_2to6が有利(+6.9pt) / [除外]6号艇のsession_exh_rel_avgが不利(-5.7pt)、6号艇のwin_rate_rank_2to6が不利(-5.7pt)、天気+2.9pt
14,09,津,11,15:41,0.7625004368960251,2,0.42731921073148227,3,0.30601932114403163,0.5591709509477689,0.12317697007232553,0.6101615618031884,0.47651857075952037,0.5744681342043947,1-2,1-3,0.32583108487681983,0.23333986607094911,0.09392249349567683,0.0860261316593309,0.023380872155390333,True,False,False,False,選抜戦,2026-09-28,1号艇のdominance,0.1596,1号艇のsession_exh_rel_avg,0.0889,風速区分,0.0824,1号艇のracer_win_te,0.0802,1号艇の節間得点,0.078,2号艇のwin_rate_rank_2to6,-0.1167,2号艇のsession_exh_rel_avg,0.0896,2号艇の節間得点,0.0588,2号艇の全国勝率,0.0582,2号艇のsession_avg_finish,0.0416,3号艇のsession_exh_rel_avg,0.0875,3号艇の当地勝率,0.071,3号艇のwin_rate_rank_2to6,-0.0438,3号艇の節間得点,0.0419,場特性:1x_diff_course3,-0.0355,0.0847,西 1.0m/s,[逃げ]1号艇のdominanceが有利(+16.0pt)、1号艇のsession_exh_rel_avgが有利(+8.9pt) / [2着]2号艇のwin_rate_rank_2to6が不利(-11.7pt)、2号艇のsession_exh_rel_avgが有利(+9.0pt) / [候補2]3号艇のsession_exh_rel_avgが有利(+8.8pt)、3号艇の当地勝率が有利(+7.1pt) / [除外]6号艇のsession_exh_rel_avgが不利(-8.3pt)、天気+8.5pt
15,24,大村,5,19:30,0.6775974699597098,3,0.5796528333557067,2,0.21887108647149459,0.5410777877772217,0.10136789068902657,0.6971560291381746,0.4752602909224276,0.5879012601855076,1-3,1-2,0.1483064944404176,0.39277129333680416,0.06868662626603683,0.05956697784106602,0.00826606860945786,True,False,False,False,予選,2026-09-28,場特性:in_escape_diff,0.1591,1号艇の級別順位,-0.1035,3号艇の直近1着率,-0.071,1号艇の節間得点,-0.0623,1号艇のlocal_win_rate順位,-0.0564,3号艇のwin_rate_rank_2to6,0.2159,3号艇の当地勝率,0.0971,3号艇の全国勝率,0.0599,2号艇のvs_boat3_diff,0.0568,3号艇のclass_rank_2to6,0.0503,2号艇のwin_rate_rank_2to6,-0.1551,2号艇のclass_rank_2to6,-0.0656,2号艇の全国勝率,-0.0621,1号艇vs2号艇のplace_rate差,-0.0547,3号艇の全国2連率,0.0498,0.0075,北西 2.9m/s,[逃げ]場特性:in_escape_diffが有利(+15.9pt)、1号艇の級別順位が不利(-10.4pt) / [2着]3号艇のwin_rate_rank_2to6が有利(+21.6pt)、3号艇の当地勝率が有利(+9.7pt) / [候補2]2号艇のwin_rate_rank_2to6が不利(-15.5pt)、2号艇のclass_rank_2to6が不利(-6.6pt) / [除外]6号艇のwin_rate_rank_2to6が不利(-8.0pt)、6号艇のvs_avg456_diffが不利(-5.1pt)、天気+0.8pt
16,03,江戸川,8,14:24,0.6254800617652909,2,0.5139893133442991,3,0.32393847116400265,0.524107122409106,0.08578569716533009,0.7521420873429716,0.4701540485468898,0.5925176118892657,1-2,1-3,0.32149006745729164,0.20261705495181428,0.053657243161549205,0.028307416151558334,0.01940828237317226,True,True,False,False,予選,2026-09-28,場特性:in_escape_diff,-0.1494,1号艇のsession_exh_rel_avg,-0.1415,風速区分,0.0779,1号艇の級別順位,0.0698,1号艇のモーター2連率順位,-0.0649,2号艇のwin_rate_rank_2to6,0.1795,2号艇のclass_rank_2to6,0.0922,2号艇の節間得点,0.0511,2号艇の全国勝率,0.0468,2号艇のcumulative_diff_rank_2to6,0.0308,3号艇のsession_exh_rel_avg,-0.0883,3号艇のモーター2連率,0.0759,4号艇のsession_exh_rel_last,0.0744,3号艇のwin_rate_rank_2to6,-0.065,3号艇のcumulative_diff_rank_2to6,-0.0572,0.0565,北西 0.7m/s,[逃げ]場特性:in_escape_diffが不利(-14.9pt)、1号艇のsession_exh_rel_avgが不利(-14.1pt) / [2着]2号艇のwin_rate_rank_2to6が有利(+17.9pt)、2号艇のclass_rank_2to6が有利(+9.2pt) / [候補2]3号艇のsession_exh_rel_avgが不利(-8.8pt)、3号艇のモーター2連率が有利(+7.6pt) / [除外]6号艇のsession_exh_rel_avgが不利(-7.6pt)、天気+5.7pt
17,05,多摩川,10,15:38,0.7470847454396701,3,0.41120615791616755,4,0.3450955688870738,0.5650214830443825,0.1482686889333321,0.6080330378699093,0.4644914896321935,0.5779249494920404,1-3,1-4,0.11076927572843202,0.3072058478100248,0.2578156352343577,0.06110288852018478,0.010191116932646882,True,False,False,False,予選特賞,2026-09-28,1号艇のsession_exh_rel_avg,0.157,1号艇の節間得点,0.1105,5号艇の節間得点,-0.1044,1号艇の級別順位,-0.0989,1号艇のdominance,0.0762,3号艇のwin_rate_rank_2to6,0.2258,3号艇のsession_exh_rel_avg,-0.1241,5号艇の節間得点,-0.0669,2号艇のvs_boat3_diff,0.0589,3号艇の節間得点,0.053,4号艇のモーター2連率,0.1177,4号艇の節間得点,0.0948,4号艇のwin_rate_rank_2to6,0.0901,5号艇の年齢,0.073,4号艇のsession_exh_rel_avg,0.0658,0.1233,北 0.9m/s,[逃げ]1号艇のsession_exh_rel_avgが有利(+15.7pt)、1号艇の節間得点が有利(+11.0pt) / [2着]3号艇のwin_rate_rank_2to6が有利(+22.6pt)、3号艇のsession_exh_rel_avgが不利(-12.4pt) / [候補2]4号艇のモーター2連率が有利(+11.8pt)、4号艇の節間得点が有利(+9.5pt) / [除外]6号艇のwin_rate_rank_2to6が不利(-5.9pt)、2号艇のwin_rate_rank_2to6が不利(-5.6pt)、天気+12.3pt
18,24,大村,8,20:59,0.74866059418394,3,0.42572914023067165,2,0.32802599354693585,0.5643067663231388,0.14927404071813566,0.6044810930594718,0.4632231448667712,0.5763590643440387,1-3,1-2,0.24558013523662628,0.31872663108651256,0.1117555920202771,0.07033174207700964,0.002266512066182945,False,False,False,False,予選,2026-09-28,1号艇のdominance,0.3417,1号艇の女子戦比率,-0.1251,場特性:in_escape_diff,0.106,1号艇のvs_max234_diff,0.0911,ST差分(6-5),0.0879,3号艇のwin_rate_rank_2to6,0.1784,3号艇の年齢,-0.0732,3号艇のracer_avgfin_te,-0.0654,3号艇の全国勝率,-0.0586,3号艇のモーター2連率,0.0572,2号艇の全国勝率,-0.0905,2号艇のwin_rate_rank_2to6,0.0727,2号艇のracer_avgfin_te,-0.0709,2号艇の体重,-0.0577,second_best_win_rate,0.0494,0.0302,北 3.2m/s,[逃げ]1号艇のdominanceが有利(+34.2pt)、1号艇の女子戦比率が不利(-12.5pt) / [2着]3号艇のwin_rate_rank_2to6が有利(+17.8pt)、3号艇の年齢が不利(-7.3pt) / [候補2]2号艇の全国勝率が不利(-9.1pt)、2号艇のwin_rate_rank_2to6が有利(+7.3pt) / [除外]6号艇の直近平均着順が不利(-25.3pt)、6号艇の全国勝率が不利(-19.5pt)、天気+3.0pt
19,09,津,6,12:56,0.8258719922552828,4,0.43336345908428187,2,0.2510012155398334,0.5651976172609564,0.15134579046096525,0.53301888416315,0.46254928107974014,0.5555439973316145,1-4,1-2,0.20729487393637988,0.12499224948744796,0.3579027433245766,0.0653016633236582,0.07038048371951068,True,True,False,False,一般,2026-09-28,1号艇のdominance,0.1621,1号艇のsession_exh_rel_avg,0.1469,5号艇の平均ST,0.1182,1号艇のracer_win_te,0.0987,ST差分(4-3),-0.0982,4号艇のwin_rate_rank_2to6,0.1309,4号艇のclass_rank_2to6,0.0987,4号艇のsession_exh_rel_avg,0.0923,6号艇の節間得点,-0.0613,2号艇の節間得点,0.0517,2号艇のwin_rate_rank_2to6,-0.1515,2号艇のclass_rank_2to6,0.0735,2号艇のsession_exh_rel_avg,-0.0731,2号艇の全国勝率,-0.0682,3号艇のracer_2nd_te,0.0555,0.0831,南西 1.9m/s,[逃げ]1号艇のdominanceが有利(+16.2pt)、1号艇のsession_exh_rel_avgが有利(+14.7pt) / [2着]4号艇のwin_rate_rank_2to6が有利(+13.1pt)、4号艇のclass_rank_2to6が有利(+9.9pt) / [候補2]2号艇のwin_rate_rank_2to6が不利(-15.1pt)、2号艇のclass_rank_2to6が有利(+7.3pt)、天気+8.3pt
20,13,尼崎,10,15:15,0.8526616941906181,4,0.40587891119207176,2,0.31308192736078405,0.6130303666571856,0.20891020508402097,0.5100506334688348,0.4593484071118833,0.5821364467006803,1-4,1-2,0.26695296660391016,0.1781297294006508,0.3460774000532753,0.05424479404054381,0.007256820371351278,True,False,False,False,準優勝戦,2026-09-28,1号艇のdominance,0.2174,1号艇のsession_exh_rel_avg,0.1091,1号艇の全国勝率,0.1069,1号艇のracer_win_te,0.0966,風速区分,0.0898,4号艇のwin_rate_rank_2to6,0.2085,4号艇のclass_rank_2to6,0.1713,4号艇の年齢,0.0798,4号艇の全国勝率,0.0772,4号艇のcumulative_diff_rank_2to6,-0.0642,2号艇の節間得点,0.0641,2号艇のsession_exh_rel_avg,0.0631,4号艇の一般戦勝率,-0.0478,2号艇のwin_rate_rank_2to6,0.0466,2号艇の全国勝率,0.0361,0.0829,北東 1.5m/s,[逃げ]1号艇のdominanceが有利(+21.7pt)、1号艇のsession_exh_rel_avgが有利(+10.9pt) / [2着]4号艇のwin_rate_rank_2to6が有利(+20.8pt)、4号艇のclass_rank_2to6が有利(+17.1pt) / [候補2]2号艇の節間得点が有利(+6.4pt)、2号艇のsession_exh_rel_avgが有利(+6.3pt) / [除外]6号艇のwin_rate_rank_2to6が不利(-7.7pt)、6号艇のvs_avg456_diffが不利(-5.7pt)、天気+8.3pt
21,04,平和島,9,14:56,0.6371748282647897,2,0.5171087036713025,3,0.30515538107860707,0.523925976988828,0.10848273366158967,0.7137813510883199,0.4557216703247474,0.5808825892186755,1-2,1-3,0.32948864945599016,0.1944373275328379,0.06912246719051832,0.03062374807599238,0.01350263719628151,True,True,False,False,予選,2026-09-28,場特性:in_escape_diff,-0.1656,1号艇のdominance,0.113,1号艇の年齢,-0.1064,1号艇の級別順位,0.0819,風速区分,0.0757,2号艇のwin_rate_rank_2to6,0.1815,2号艇の当地勝率,0.1035,2号艇のclass_rank_2to6,0.0811,2号艇の全国勝率,0.0539,1号艇の年齢,-0.0303,3号艇のwin_rate_rank_2to6,0.0656,場特性:1x_diff_course3,-0.0392,3号艇のcumulative_diff_rank_2to6,0.0327,3号艇のclass_rank_2to6,0.0324,3号艇の全国勝率,0.0291,0.0574,北西 1.8m/s,[逃げ]場特性:in_escape_diffが不利(-16.6pt)、1号艇のdominanceが有利(+11.3pt) / [2着]2号艇のwin_rate_rank_2to6が有利(+18.2pt)、2号艇の当地勝率が有利(+10.3pt) / [候補2]3号艇のwin_rate_rank_2to6が有利(+6.6pt)、場特性:1x_diff_course3が不利(-3.9pt) / [除外]6号艇のwin_rate_rank_2to6が不利(-6.3pt)、天気+5.7pt
22,19,下関,1,15:20,0.582594671536854,2,0.5315218599967864,3,0.3269903248151349,0.5001646243208882,0.08511908789375297,0.7733930969181683,0.4490763563781894,0.5821331661000722,1-2,1-3,0.3096618034394854,0.19050282088140272,0.049589927052977614,0.023694942097443446,0.009145163415788358,True,False,False,False,一般,2026-09-28,1号艇の年齢,-0.0912,1号艇の級別順位,0.0807,2号艇の平均ST,-0.0791,1号艇vs4号艇のcumulative差,0.0766,場特性:in_escape_diff,0.0758,1号艇vs4号艇のcumulative差,0.1781,2号艇のsession_exh_rel_avg,0.1066,2号艇の全国勝率,-0.079,2号艇のwin_rate_rank_2to6,0.063,2号艇の直近平均着順,-0.0445,3号艇のwin_rate_rank_2to6,0.1707,3号艇のsession_exh_rel_avg,-0.1573,3号艇の年齢,-0.0457,3号艇の節間得点,0.0444,6号艇の枠別出走数,-0.0429,0.0683,西 1.5m/s,[逃げ]1号艇の年齢が不利(-9.1pt)、1号艇の級別順位が有利(+8.1pt) / [2着]1号艇vs4号艇のcumulative差が有利(+17.8pt)、2号艇のsession_exh_rel_avgが有利(+10.7pt) / [候補2]3号艇のwin_rate_rank_2to6が有利(+17.1pt)、3号艇のsession_exh_rel_avgが不利(-15.7pt) / [除外]6号艇の全国勝率が不利(-17.5pt)、6号艇の直近平均着順が不利(-13.7pt)、天気+6.8pt
23,15,丸亀,12,20:36,0.7997974708715877,2,0.4143054161875348,3,0.27612580195165626,0.5522051420785145,0.15945917907177592,0.5309720390674151,0.4465401277164505,0.5458352111751846,1-2,1-3,0.3313604240351909,0.2208447180433236,0.12753504812886599,0.08416736518870437,0.03588991845498054,False,False,False,False,予選選抜,2026-09-28,1号艇のracer_win_te,0.161,1号艇のdominance,0.1553,1号艇のsession_exh_rel_avg,0.1212,1号艇の級別順位,0.0817,風速区分,0.0779,2号艇のclass_rank_2to6,0.1017,2号艇のsession_exh_rel_avg,-0.0899,2号艇のwin_rate_rank_2to6,0.0794,2号艇のracer_avgfin_te,0.0604,2号艇のモーター2連率,-0.0495,3号艇のwin_rate_rank_2to6,-0.073,3号艇のcumulative_diff_rank_2to6,-0.0648,3号艇のモーター2連率,0.0519,3号艇の全国勝率,0.0372,3号艇の当地勝率,-0.0318,0.1191,北西 1.4m/s,[逃げ]1号艇のracer_win_teが有利(+16.1pt)、1号艇のdominanceが有利(+15.5pt) / [2着]2号艇のclass_rank_2to6が有利(+10.2pt)、2号艇のsession_exh_rel_avgが不利(-9.0pt) / [候補2]3号艇のwin_rate_rank_2to6が不利(-7.3pt)、3号艇のcumulative_diff_rank_2to6が不利(-6.5pt)、天気+11.9pt
24,09,津,5,12:28,0.8267936991147498,3,0.38401342281116385,2,0.2505469326134209,0.5246505035730629,0.1331318029816767,0.5014285524429081,0.4408333026019511,0.5176839182340164,1-3,1-2,0.20715062521730424,0.3174998783557586,0.10455220797455436,0.0875184363098633,0.11007253585703655,True,True,False,False,５ールドレー,2026-09-28,1号艇のdominance,0.3173,1号艇のvs_max234_diff,0.1039,1号艇のsession_exh_rel_avg,-0.0827,1号艇のracer_win_te,0.081,1号艇のlocal_win_rate順位,0.0802,2号艇のsession_rank_diff_delta,-0.0562,2号艇の節間得点,0.0553,3号艇のwin_rate_rank_2to6,-0.048,3号艇の全国勝率,-0.0446,3号艇のsession_exh_rel_last,-0.0436,2号艇のwin_rate_rank_2to6,-0.1192,2号艇のsession_exh_rel_avg,-0.0744,2号艇のsession_rank_diff_last,0.0546,2号艇の全国勝率,-0.0543,1号艇vs2号艇のcumulative差,-0.0533,0.0304,南西 2.0m/s,[逃げ]1号艇のdominanceが有利(+31.7pt)、1号艇のvs_max234_diffが有利(+10.4pt) / [2着]2号艇のsession_rank_diff_deltaが不利(-5.6pt)、2号艇の節間得点が有利(+5.5pt) / [候補2]2号艇のwin_rate_rank_2to6が不利(-11.9pt)、2号艇のsession_exh_rel_avgが不利(-7.4pt)、天気+3.0pt
25,15,丸亀,11,20:06,0.7967740693226173,2,0.3445325623801824,3,0.3272639920350594,0.5352700744183453,0.15507697068712847,0.5167195837281133,0.4356604004500203,0.5297049272112757,1-2,1-3,0.27451461174180647,0.2607554626765389,0.11619731515644278,0.12356130899260759,0.021745380401919458,False,False,False,False,予選選抜,2026-09-28,1号艇のdominance,0.1875,1号艇のsession_exh_rel_avg,0.1543,風速区分,0.0921,1号艇のracer_win_te,0.0911,1号艇の勝率順位,0.0895,2号艇のclass_rank_2to6,0.1127,2号艇のsession_exh_rel_avg,-0.087,2号艇のwin_rate_rank_2to6,0.0731,レース時間帯,-0.0699,2号艇の全国勝率,0.055,3号艇のwin_rate_rank_2to6,-0.0996,3号艇のモーター2連率,0.0933,3号艇のsession_exh_rel_avg,0.0755,4号艇のsession_exh_rel_last,-0.0654,3号艇の節間得点,0.0436,0.0625,北西 1.4m/s,[逃げ]1号艇のdominanceが有利(+18.8pt)、1号艇のsession_exh_rel_avgが有利(+15.4pt) / [2着]2号艇のclass_rank_2to6が有利(+11.3pt)、2号艇のsession_exh_rel_avgが不利(-8.7pt) / [候補2]3号艇のwin_rate_rank_2to6が不利(-10.0pt)、3号艇のモーター2連率が有利(+9.3pt) / [除外]6号艇のwin_rate_rank_2to6が不利(-8.0pt)、3号艇の女子戦2連率が不利(-5.5pt)、天気+6.2pt
26,24,大村,9,21:25,0.6765013705185413,3,0.490466299279289,2,0.2695769654960951,0.5141703102739339,0.12867436141850752,0.6313689033568766,0.4347776666721087,0.5493298881988167,1-3,1-2,0.18236918661833787,0.33180112365559605,0.057596861769806225,0.08704838185021846,0.01768581284433674,False,False,False,False,予選特賞,2026-09-28,場特性:in_escape_diff,0.1588,1号艇の級別順位,0.083,1号艇のモーター2連率,0.0794,1号艇のdominance,0.0679,風速区分,0.0676,3号艇のwin_rate_rank_2to6,0.193,1号艇のracer_2nd_te,0.0547,場特性:1x_diff_course3,0.0421,3号艇の当地勝率,0.0382,3号艇の全国勝率,0.0362,2号艇のclass_rank_2to6,-0.063,2号艇のwin_rate_rank_2to6,-0.0579,2号艇のracer_avgfin_te,-0.0341,2号艇の当地勝率,-0.0289,2号艇のsession_exh_rel_avg,-0.0265,0.0891,北東 2.0m/s,[逃げ]場特性:in_escape_diffが有利(+15.9pt)、1号艇の級別順位が有利(+8.3pt) / [2着]3号艇のwin_rate_rank_2to6が有利(+19.3pt)、1号艇のracer_2nd_teが有利(+5.5pt) / [候補2]2号艇のclass_rank_2to6が不利(-6.3pt)、2号艇のwin_rate_rank_2to6が不利(-5.8pt) / [除外]4号艇のwin_rate_rank_2to6が不利(-6.5pt)、天気+8.9pt
27,16,児島,9,15:09,0.8436583445118718,2,0.3827851360788739,3,0.2800961040113815,0.5592452896225215,0.18833889478474924,0.47454234530550615,0.4328521219092223,0.5338344063274169,1-2,1-3,0.3229398742080543,0.2363054154144672,0.15889368018129715,0.10555396729076472,0.019965418417341313,True,False,False,False,予選,2026-09-28,1号艇のdominance,0.2854,1号艇のracer_win_te,0.174,1号艇の全国勝率,0.1356,1号艇の勝率順位,0.0969,1号艇の級別順位,0.085,2号艇のwin_rate_rank_2to6,0.1607,1号艇vs3号艇の枠別勝率差,0.0704,2号艇のracer_avgfin_te,0.0648,2号艇のclass_rank_2to6,-0.0561,2号艇の一般戦勝率,-0.049,3号艇の年齢,-0.1074,3号艇の当地勝率,0.0936,3号艇のwin_rate_rank_2to6,-0.0715,3号艇のcumulative_diff_rank_2to6,0.0499,3号艇の全国勝率,0.0321,0.0646,西 2.2m/s,[逃げ]1号艇のdominanceが有利(+28.5pt)、1号艇のracer_win_teが有利(+17.4pt) / [2着]2号艇のwin_rate_rank_2to6が有利(+16.1pt)、1号艇vs3号艇の枠別勝率差が有利(+7.0pt) / [候補2]3号艇の年齢が不利(-10.7pt)、3号艇の当地勝率が有利(+9.4pt) / [除外]1号艇vs5号艇の枠別平均ST差が不利(-7.2pt)、6号艇のwin_rate_rank_2to6が不利(-7.1pt)、天気+6.5pt
28,16,児島,12,16:50,0.8177428872293415,2,0.4592209529258031,3,0.2410628272161217,0.5726520802531351,0.2089319213693752,0.4913518587725496,0.4290777209689865,0.5482620138089593,1-2,1-3,0.37552466792175576,0.19712741233137926,0.17085259261496663,0.05634973306349154,0.017888485105660414,True,False,False,False,キングドリー,2026-09-28,race_no,0.1651,1号艇のracer_win_te,0.1069,2号艇の枠別平均ST,0.086,レース時間帯,0.085,1号艇の当地勝率,0.0846,2号艇の当地勝率,0.2734,2号艇のwin_rate_rank_2to6,0.0713,2号艇のclass_rank_2to6,-0.0656,2号艇の全国勝率,0.0583,2号艇のracer_avgfin_te,0.0515,3号艇のwin_rate_rank_2to6,-0.0957,6号艇の女子戦2連率,0.0784,1号艇の全国2連率,0.0561,3号艇の女子戦勝率,0.044,3号艇の全国勝率,0.0429,0.1974,北 2.8m/s,[逃げ]race_noが有利(+16.5pt)、1号艇のracer_win_teが有利(+10.7pt) / [2着]2号艇の当地勝率が有利(+27.3pt)、2号艇のwin_rate_rank_2to6が有利(+7.1pt) / [候補2]3号艇のwin_rate_rank_2to6が不利(-9.6pt)、6号艇の女子戦2連率が有利(+7.8pt) / [除外]4号艇の女子戦2連率が不利(-14.0pt)、天気+19.7pt
29,09,津,10,15:06,0.7080840620433828,2,0.4610761953578002,3,0.2951181667421201,0.5354491756100163,0.16799667583737915,0.5881976862625411,0.42750475771119895,0.5512737288057736,1-2,1-3,0.3264807053204595,0.20896847028955676,0.11895576863671685,0.04968322716130235,0.003995898219076057,True,False,False,False,選抜戦,2026-09-28,1号艇の級別順位,-0.1043,1号艇の節間得点,0.1018,1号艇のracer_win_te,0.0813,1号艇のdominance,0.0749,風速区分,0.0719,2号艇のsession_exh_rel_avg,0.1243,2号艇のwin_rate_rank_2to6,0.0651,2号艇の節間得点,0.062,場特性:1x_diff_course2,0.051,2号艇の全国勝率,0.051,3号艇のwin_rate_rank_2to6,0.1793,3号艇の当地勝率,0.1284,3号艇の一般戦2連率,0.0958,3号艇のsession_exh_rel_avg,-0.075,3号艇の節間得点,0.0478,0.1255,北西 1.9m/s,[逃げ]1号艇の級別順位が不利(-10.4pt)、1号艇の節間得点が有利(+10.2pt) / [2着]2号艇のsession_exh_rel_avgが有利(+12.4pt)、2号艇のwin_rate_rank_2to6が有利(+6.5pt) / [候補2]3号艇のwin_rate_rank_2to6が有利(+17.9pt)、3号艇の当地勝率が有利(+12.8pt) / [除外]6号艇のwin_rate_rank_2to6が不利(-6.1pt)、6号艇のvs_avg456_diffが不利(-5.9pt)、天気+12.5pt
30,13,尼崎,12,16:23,0.8491060865198545,3,0.3458505681302759,2,0.33107074670166503,0.5747780085188238,0.22132194518134468,0.4555993696505963,0.42212482424740905,0.5390244168583556,1-3,1-2,0.28111418609305683,0.29366382242576694,0.18792581073389336,0.07901108851434743,0.0073911771712066865,True,False,False,False,準優勝戦,2026-09-28,1号艇のdominance,0.2943,1号艇の全国勝率,0.1337,1号艇のsession_exh_rel_avg,0.1312,風速区分,0.0931,1号艇のvs_max234_diff,0.0822,3号艇のsession_exh_rel_avg,0.1072,3号艇のwin_rate_rank_2to6,0.0666,全艇平均勝率,-0.0477,1号艇の直近1着率,0.0461,3号艇の節間得点,0.0428,2号艇のwin_rate_rank_2to6,0.1734,2号艇の節間得点,0.0695,レース時間帯,-0.0588,2号艇のモーター2連率,-0.0432,4号艇の一般戦勝率,-0.0422,0.1221,北 1.6m/s,[逃げ]1号艇のdominanceが有利(+29.4pt)、1号艇の全国勝率が有利(+13.4pt) / [2着]3号艇のsession_exh_rel_avgが有利(+10.7pt)、3号艇のwin_rate_rank_2to6が有利(+6.7pt) / [候補2]2号艇のwin_rate_rank_2to6が有利(+17.3pt)、2号艇の節間得点が有利(+7.0pt) / [除外]6号艇のwin_rate_rank_2to6が不利(-7.3pt)、5号艇のwin_rate_rank_2to6が不利(-5.4pt)、天気+12.2pt
31,21,芦屋,10,13:16,0.586696101055753,2,0.6604646614027986,4,0.1804220039081822,0.49334492796772633,0.1268210308468015,0.7140656344641793,0.4182651131742366,0.5595611399166622,1-2,1-4,0.38749204173012997,0.07440540432968981,0.10585288623759632,0.014265506889678104,0.0046802656934820264,True,True,False,False,準優勝戦,2026-09-28,1号艇の女子戦比率,-0.2081,1号艇のracer_win_te,0.2006,1号艇の節間得点,0.0876,風速区分,0.0857,1号艇のdominance,0.0737,2号艇の当地勝率,0.3389,2号艇のwin_rate_rank_2to6,0.2408,2号艇のclass_rank_2to6,0.0895,2号艇のsession_exh_rel_avg,0.0891,2号艇の全国勝率,0.0715,4号艇の女子戦比率,-0.1648,4号艇のモーター2連率,0.1607,2号艇のracer_avgfin_te,-0.1137,4号艇のwin_rate_rank_2to6,0.0735,4号艇の全国勝率,0.0716,0.1418,北東 1.8m/s,[逃げ]1号艇の女子戦比率が不利(-20.8pt)、1号艇のracer_win_teが有利(+20.1pt) / [2着]2号艇の当地勝率が有利(+33.9pt)、2号艇のwin_rate_rank_2to6が有利(+24.1pt) / [候補2]4号艇の女子戦比率が不利(-16.5pt)、4号艇のモーター2連率が有利(+16.1pt) / [除外]6号艇のwin_rate_rank_2to6が不利(-8.0pt)、6号艇のvs_avg456_diffが不利(-5.9pt)、天気+14.2pt
32,09,津,9,14:29,0.717676050866001,3,0.516490512031317,4,0.2127380355711735,0.5233498642221049,0.17428353407384253,0.5549450135286479,0.41389634754967203,0.5328284090140678,1-3,1-4,0.12507911846508543,0.37067287098439433,0.1526769932377106,0.05702075130471036,0.012226330910246221,True,True,False,False,一般特選,2026-09-28,1号艇のsession_exh_rel_avg,-0.165,1号艇のdominance,0.1443,1号艇のracer_win_te,0.1203,6号艇のモーター出走数,-0.0947,1号艇の勝率順位,0.0835,3号艇のwin_rate_rank_2to6,0.206,3号艇のsession_exh_rel_avg,-0.1148,6号艇のモーター出走数,0.1044,2号艇のvs_boat3_diff,0.0513,6号艇のsession_rank_diff_delta,-0.0471,4号艇のclass_rank_2to6,0.1146,4号艇の節間得点,-0.0698,4号艇のwin_rate_rank_2to6,0.0689,4号艇の年齢,-0.0631,4号艇のsession_exh_rel_avg,0.0624,0.0717,北西 1.8m/s,[逃げ]1号艇のsession_exh_rel_avgが不利(-16.5pt)、1号艇のdominanceが有利(+14.4pt) / [2着]3号艇のwin_rate_rank_2to6が有利(+20.6pt)、3号艇のsession_exh_rel_avgが不利(-11.5pt) / [候補2]4号艇のclass_rank_2to6が有利(+11.5pt)、4号艇の節間得点が不利(-7.0pt) / [除外]6号艇のsession_exh_rel_avgが不利(-9.4pt)、6号艇のracer_win_teが不利(-8.3pt)、天気+7.2pt
33,09,津,12,16:20,0.8459329087816114,2,0.3909185825435161,4,0.2644593955703499,0.554405799377274,0.2116214404891234,0.4437565376247426,0.41361681472158274,0.5212110208515145,1-2,1-4,0.330690893627821,0.17901754071351883,0.2237149057494529,0.09551767820089421,0.016991910185834715,True,False,False,False,優勝戦,2026-09-28,1号艇のsession_exh_rel_avg,0.1801,1号艇の節間得点,0.1416,風速区分,0.0996,1号艇の級別順位,0.0933,1号艇のracer_win_te,0.0909,2号艇のsession_exh_rel_avg,-0.1374,2号艇の当地勝率,0.0972,2号艇のracer_avgfin_te,0.0795,2号艇のwin_rate_rank_2to6,0.0791,レース時間帯,-0.0755,4号艇の節間得点,0.1667,4号艇のwin_rate_rank_2to6,0.1477,4号艇の全国勝率,0.139,6号艇の節間得点,-0.1334,4号艇のsession_exh_rel_avg,0.0735,0.0778,北西 1.5m/s,[逃げ]1号艇のsession_exh_rel_avgが有利(+18.0pt)、1号艇の節間得点が有利(+14.2pt) / [2着]2号艇のsession_exh_rel_avgが不利(-13.7pt)、2号艇の当地勝率が有利(+9.7pt) / [候補2]4号艇の節間得点が有利(+16.7pt)、4号艇のwin_rate_rank_2to6が有利(+14.8pt) / [除外]6号艇のwin_rate_rank_2to6が不利(-6.2pt)、3号艇のwin_rate_rank_2to6が不利(-5.4pt)、天気+7.8pt
34,03,江戸川,5,13:02,0.6014939229102103,2,0.6764606483842993,3,0.12295228034893979,0.48084201852889635,0.11833506786492407,0.681077860868315,0.41256145105498754,0.5409127712307219,1-2,1-3,0.4068869690910566,0.07395504943783976,0.07117782418791914,0.041760861980121126,0.0077132142919796145,True,True,False,False,予選,2026-09-28,1号艇のsession_exh_rel_avg,0.1938,場特性:in_escape_diff,-0.1356,2号艇のsession_avg_finish,-0.1044,風速区分,0.0767,1号艇のモーター2連率,0.0599,2号艇のwin_rate_rank_2to6,0.2042,2号艇のclass_rank_2to6,0.1174,3号艇のracer_win_te,0.0594,2号艇の節間得点,0.0583,2号艇の全国勝率,0.0541,3号艇のwin_rate_rank_2to6,-0.1676,3号艇のsession_exh_rel_avg,0.1297,3号艇の全国勝率,-0.102,3号艇のracer_avgfin_te,-0.0857,3号艇の女子戦勝率,0.0723,0.0326,北西 0.7m/s,[逃げ]1号艇のsession_exh_rel_avgが有利(+19.4pt)、場特性:in_escape_diffが不利(-13.6pt) / [2着]2号艇のwin_rate_rank_2to6が有利(+20.4pt)、2号艇のclass_rank_2to6が有利(+11.7pt) / [候補2]3号艇のwin_rate_rank_2to6が不利(-16.8pt)、3号艇のsession_exh_rel_avgが有利(+13.0pt) / [除外]6号艇のwin_rate_rank_2to6が不利(-8.6pt)、6号艇のvs_avg456_diffが不利(-6.8pt)、天気+3.3pt
35,24,大村,2,18:08,0.6627000226177117,3,0.4883952905930785,2,0.24672271426314812,0.4871627184449085,0.13015517768478901,0.6049628271714377,0.4110746182281862,0.5225027510628673,1-3,1-2,0.16350314832249147,0.323659570122417,0.08625383919552196,0.04781143694314683,0.041472018159134524,True,False,False,False,予選,2026-09-28,場特性:in_escape_diff,0.1483,1号艇のモーター2連率,0.0902,1号艇のdominance,-0.0862,1号艇の級別順位,-0.0835,1号艇の勝率順位,-0.0569,3号艇のwin_rate_rank_2to6,0.0907,4号艇の女子戦2連率,0.073,3号艇のclass_rank_2to6,0.0427,6号艇のracer_2nd_te,-0.0389,3号艇のモーター2連率,0.0374,2号艇のwin_rate_rank_2to6,-0.135,2号艇の全国勝率,-0.07,2号艇のモーター2連率,0.0573,2号艇のclass_rank_2to6,-0.0566,2号艇のracer_2nd_te,-0.0361,0.0609,北西 2.8m/s,[逃げ]場特性:in_escape_diffが有利(+14.8pt)、1号艇のモーター2連率が有利(+9.0pt) / [2着]3号艇のwin_rate_rank_2to6が有利(+9.1pt)、4号艇の女子戦2連率が有利(+7.3pt) / [候補2]2号艇のwin_rate_rank_2to6が不利(-13.5pt)、2号艇の全国勝率が不利(-7.0pt)、天気+6.1pt
36,19,下関,12,20:45,0.6268286483732561,2,0.40849613918303573,3,0.35458016045262797,0.4783180855062889,0.11881209350245266,0.644264206133211,0.4101221177873841,0.5281019216943655,1-2,1-3,0.25605708278979583,0.22226100271649307,0.07447482398053933,0.06215754680350039,0.01187819792072424,False,False,False,False,一般,2026-09-28,1号艇のsession_exh_rel_avg,-0.1737,1号艇の年齢,-0.1149,1号艇のdominance,0.1021,風速区分,0.0733,1号艇の級別順位,0.0705,2号艇のsession_exh_rel_avg,-0.096,2号艇のwin_rate_rank_2to6,0.0665,2号艇の全国勝率,0.0571,1号艇の年齢,0.0531,レース時間帯,-0.0409,3号艇のwin_rate_rank_2to6,0.1477,3号艇のモーター2連率,0.0566,場特性:1x_diff_course3,0.0403,3号艇のsession_exh_rel_avg,-0.0387,1号艇vs4号艇の枠別平均ST差,-0.0377,0.1032,北東 1.4m/s,[逃げ]1号艇のsession_exh_rel_avgが不利(-17.4pt)、1号艇の年齢が不利(-11.5pt) / [2着]2号艇のsession_exh_rel_avgが不利(-9.6pt)、2号艇のwin_rate_rank_2to6が有利(+6.6pt) / [候補2]3号艇のwin_rate_rank_2to6が有利(+14.8pt)、3号艇のモーター2連率が有利(+5.7pt)、天気+10.3pt
37,16,児島,11,16:16,0.7323866409921116,2,0.48245124622518165,4,0.22826624181190946,0.5205199937578364,0.1801065091232715,0.5306109789138196,0.4080211469523273,0.5235472893046313,1-2,1-4,0.3533408476653189,0.13190760123760792,0.16717914609251747,0.060417030206684354,0.019542010333277172,True,False,False,False,予選,2026-09-28,1号艇のracer_win_te,0.1271,2号艇の全国勝率,0.1213,1号艇の全国勝率,0.1132,1号艇の級別順位,0.09,風速区分,0.0888,2号艇のwin_rate_rank_2to6,0.1956,2号艇の当地勝率,0.1495,2号艇のclass_rank_2to6,-0.073,2号艇のracer_avgfin_te,0.0657,2号艇の全国勝率,0.0633,4号艇の全国勝率,0.1401,4号艇のモーター2連率,0.1183,4号艇のwin_rate_rank_2to6,-0.0849,second_best_win_rate,0.0822,4号艇のsession_exh_rel_avg,0.0603,0.1383,北西 1.8m/s,[逃げ]1号艇のracer_win_teが有利(+12.7pt)、2号艇の全国勝率が有利(+12.1pt) / [2着]2号艇のwin_rate_rank_2to6が有利(+19.6pt)、2号艇の当地勝率が有利(+14.9pt) / [候補2]4号艇の全国勝率が有利(+14.0pt)、4号艇のモーター2連率が有利(+11.8pt) / [除外]4号艇の女子戦2連率が不利(-13.5pt)、2号艇の直近1着率が不利(-8.8pt)、天気+13.8pt
38,16,児島,4,12:13,0.7144323784504429,2,0.365820106106078,3,0.341472563215845,0.5053127840042241,0.1613701195387841,0.5459225497831389,0.4074619227731392,0.5174957137378985,1-2,1-3,0.2613537284903587,0.24395905551386537,0.11528803831292582,0.0646773555504772,0.029154188606209778,True,True,False,False,予選,2026-09-28,1号艇のracer_win_te,0.2026,3号艇の女子戦2連率,0.1133,1号艇の級別順位,0.0834,1号艇の勝率順位,-0.0679,1号艇の全国勝率,0.0652,2号艇の全国勝率,0.0571,2号艇のclass_rank_2to6,-0.0487,2号艇のモーター2連率,-0.0325,2号艇の当地勝率,0.0306,2号艇のsession_exh_rel_avg,-0.03,3号艇の全国勝率,0.1456,3号艇のwin_rate_rank_2to6,0.1322,3号艇のモーター2連率,0.0749,6号艇のracer_2nd_te,-0.0687,3号艇のcumulative_diff_rank_2to6,0.039,0.0512,南西 3.8m/s,[逃げ]1号艇のracer_win_teが有利(+20.3pt)、3号艇の女子戦2連率が有利(+11.3pt) / [2着]2号艇の全国勝率が有利(+5.7pt)、2号艇のclass_rank_2to6が不利(-4.9pt) / [候補2]3号艇の全国勝率が有利(+14.6pt)、3号艇のwin_rate_rank_2to6が有利(+13.2pt) / [除外]1号艇の当地勝率が不利(-11.3pt)、3号艇の女子戦2連率が不利(-5.8pt)、天気+5.1pt
39,13,尼崎,3,11:23,0.7119341848740218,4,0.39709522291296995,2,0.28962641568011194,0.4889006100071184,0.16443961953323472,0.5222820190598472,0.39242705364815406,0.498915032722937,1-4,1-2,0.20619494616520512,0.11707018649338774,0.28270566384191326,0.10531045807376649,0.0006529256584665456,True,True,False,False,一般,2026-09-28,1号艇のdominance,0.1865,節間得点の分散(2-6号艇),-0.1398,1号艇の直近1着率,-0.0814,1号艇vs4号艇のcumulative差,-0.0751,1号艇の級別順位,0.0731,4号艇の節間得点,0.1147,4号艇のwin_rate_rank_2to6,0.0944,4号艇のcumulative_diff_rank_2to6,0.0676,4号艇のsession_exh_rel_avg,0.0649,6号艇の節間得点,0.0468,2号艇のsession_exh_rel_avg,-0.1296,2号艇の全国勝率,0.0471,ST差分(4-3),-0.0321,2号艇のsession_avg_finish,0.0262,3号艇の全国勝率,-0.0255,0.0044,南西 2.7m/s,[逃げ]1号艇のdominanceが有利(+18.7pt)、節間得点の分散(2-6号艇)が不利(-14.0pt) / [2着]4号艇の節間得点が有利(+11.5pt)、4号艇のwin_rate_rank_2to6が有利(+9.4pt) / [候補2]2号艇のsession_exh_rel_avgが不利(-13.0pt)、2号艇の全国勝率が有利(+4.7pt) / [除外]6号艇の全国勝率が不利(-14.5pt)、6号艇のracer_win_teが不利(-13.6pt)、天気+0.4pt
40,13,尼崎,11,15:51,0.8377255701913631,2,0.33255475795310097,4,0.2790990464821894,0.5123980320802701,0.20048036112850753,0.41117344330678285,0.38912714106468316,0.48203065544822393,1-2,1-4,0.2785896242261122,0.14357468295961362,0.23380840785415788,0.16794752483854936,0.013805331093122685,True,False,False,False,準優勝戦,2026-09-28,1号艇のsession_exh_rel_avg,0.1754,1号艇のdominance,0.1577,風速区分,0.0905,1号艇のracer_win_te,0.0887,1号艇の節間得点,0.088,2号艇のsession_exh_rel_avg,0.0925,1号艇vs2号艇のcumulative差,-0.0648,2号艇のモーター2連率,0.0566,2号艇の節間得点,0.0457,2号艇の全国勝率,0.0448,4号艇の全国勝率,0.0883,4号艇のwin_rate_rank_2to6,-0.0733,4号艇の節間得点,0.0524,4号艇のclass_rank_2to6,0.0496,2号艇のracer_2nd_te,-0.0468,0.0755,北東 1.4m/s,[逃げ]1号艇のsession_exh_rel_avgが有利(+17.5pt)、1号艇のdominanceが有利(+15.8pt) / [2着]2号艇のsession_exh_rel_avgが有利(+9.2pt)、1号艇vs2号艇のcumulative差が不利(-6.5pt) / [候補2]4号艇の全国勝率が有利(+8.8pt)、4号艇のwin_rate_rank_2to6が不利(-7.3pt) / [除外]1号艇vs6号艇のcumulative差が不利(-6.6pt)、6号艇のwin_rate_rank_2to6が不利(-6.0pt)、天気+7.5pt
41,21,芦屋,5,10:32,0.7099748148492364,2,0.3497257422382698,3,0.3112499601911902,0.4692761019521999,0.1534853447323111,0.5074903576971489,0.3828436968128776,0.48074037867568453,1-2,1-3,0.24829646909362738,0.22097963285857247,0.06719182466792324,0.06453614844127038,0.10897072920839379,False,False,True,False,サンライズＺ,2026-09-28,1号艇の年齢,-0.1565,1号艇の女子戦比率,-0.1498,1号艇のdominance,0.1399,1号艇のsession_exh_rel_avg,0.1258,1号艇のracer_win_te,0.0884,2号艇のwin_rate_rank_2to6,-0.1841,2号艇の全国勝率,-0.0801,2号艇の直近平均着順,-0.0738,2号艇のclass_rank_2to6,-0.0544,3号艇のモーター出走数,0.0533,4号艇のモーター出走数,-0.1103,3号艇の女子戦比率,-0.0752,6号艇のモーター出走数,0.075,3号艇の節間得点,-0.0641,3号艇のwin_rate_rank_2to6,0.0502,0.0755,北西 1.8m/s,[逃げ]1号艇の年齢が不利(-15.6pt)、1号艇の女子戦比率が不利(-15.0pt) / [2着]2号艇のwin_rate_rank_2to6が不利(-18.4pt)、2号艇の全国勝率が不利(-8.0pt) / [候補2]4号艇のモーター出走数が不利(-11.0pt)、3号艇の女子戦比率が不利(-7.5pt) / [除外]5号艇のsession_exh_rel_avgが不利(-5.4pt)、天気+7.6pt
42,03,江戸川,10,15:22,0.6732829124480121,3,0.42431598320969555,2,0.2654487204715015,0.46440678859831636,0.14745812489961296,0.5423065787815841,0.3822301235134859,0.48777672565329666,1-3,1-2,0.17872208762465075,0.2856847009736656,0.09928103579653415,0.09849412767333716,0.011100972293652395,True,False,False,False,予選特賞,2026-09-28,1号艇のdominance,0.165,1号艇のsession_exh_rel_avg,0.158,場特性:in_escape_diff,-0.1523,1号艇vs4号艇の枠別平均ST差,-0.0963,1号艇の勝率順位,0.0841,3号艇のwin_rate_rank_2to6,0.1482,6号艇のsession_rank_diff_delta,0.135,3号艇のsession_exh_rel_avg,-0.1318,3号艇の節間得点,0.0484,3号艇の当地勝率,-0.0384,2号艇のwin_rate_rank_2to6,-0.1122,2号艇のsession_exh_rel_avg,-0.0943,レース時間帯,-0.0844,2号艇のsession_avg_finish,0.036,2号艇の当地勝率,-0.031,0.117,北 1.4m/s,[逃げ]1号艇のdominanceが有利(+16.5pt)、1号艇のsession_exh_rel_avgが有利(+15.8pt) / [2着]3号艇のwin_rate_rank_2to6が有利(+14.8pt)、6号艇のsession_rank_diff_deltaが有利(+13.5pt) / [候補2]2号艇のwin_rate_rank_2to6が不利(-11.2pt)、2号艇のsession_exh_rel_avgが不利(-9.4pt) / [除外]6号艇のwin_rate_rank_2to6が不利(-9.6pt)、6号艇のvs_avg456_diffが不利(-6.1pt)、天気+11.7pt
43,03,江戸川,1,11:14,0.7490150508467206,2,0.36962482302007876,3,0.26603882246374455,0.4761216377434777,0.16559481548618676,0.4700688299976366,0.381509708042143,0.4743057954197254,1-2,1-3,0.2768545556085944,0.1992670821348833,0.1240330091413395,0.06276432232203641,0.08609608722046394,True,True,False,False,予選,2026-09-28,1号艇のdominance,0.3073,1号艇のvs_max234_diff,0.1268,場特性:in_escape_diff,-0.1267,1号艇のsession_exh_rel_avg,-0.0931,1号艇のモーター2連率,0.0846,2号艇のsession_exh_rel_avg,-0.0976,2号艇の全国勝率,-0.0721,2号艇のwin_rate_rank_2to6,0.0702,2号艇のsession_exh_rel_delta,0.0539,second_best_win_rate,0.0509,3号艇のsession_exh_rel_avg,-0.231,4号艇のsession_exh_rel_last,-0.1265,3号艇の全国勝率,-0.0899,class_std_1to6,0.0772,3号艇の枠別平均ST,-0.0749,0.0628,南 1.5m/s,[逃げ]1号艇のdominanceが有利(+30.7pt)、1号艇のvs_max234_diffが有利(+12.7pt) / [2着]2号艇のsession_exh_rel_avgが不利(-9.8pt)、2号艇の全国勝率が不利(-7.2pt) / [候補2]3号艇のsession_exh_rel_avgが不利(-23.1pt)、4号艇のsession_exh_rel_lastが不利(-12.6pt) / [除外]5号艇の直近平均着順が不利(-10.3pt)、天気+6.3pt
44,24,大村,7,20:25,0.8546298264832008,2,0.38238224425834083,5,0.18722938827895808,0.48680709067816447,0.18557302113966556,0.3840386113976333,0.37840117564293474,0.45597654689400513,1-2,1-5,0.3267952710607627,0.15859623885655574,0.15803101145559173,0.16001181961740177,0.05119547912540044,False,False,False,False,予選,2026-09-28,1号艇のdominance,0.3773,1号艇のvs_max234_diff,0.1302,1号艇の勝率順位,0.0991,1号艇の級別順位,0.084,場特性:in_escape_diff,0.0831,2号艇のracer_avgfin_te,-0.0716,3号艇の全国勝率,-0.071,2号艇の全国勝率,-0.0669,second_best_win_rate,0.0664,2号艇のwin_rate_rank_2to6,-0.05,5号艇のwin_rate_rank_2to6,0.1895,3号艇のracer_avgfin_te,0.1223,3号艇の一般戦2連率,0.0981,mean_234_全国勝率,0.0742,1号艇vs4号艇の勝率差,0.0739,0.1082,北 3.9m/s,[逃げ]1号艇のdominanceが有利(+37.7pt)、1号艇のvs_max234_diffが有利(+13.0pt) / [2着]2号艇のracer_avgfin_teが不利(-7.2pt)、3号艇の全国勝率が不利(-7.1pt) / [候補2]5号艇のwin_rate_rank_2to6が有利(+19.0pt)、3号艇のracer_avgfin_teが有利(+12.2pt) / [除外]6号艇のrecent_race_countが不利(-14.2pt)、天気+10.8pt
45,19,下関,5,17:15,0.7726761178993884,4,0.4156371730747318,2,0.26320658374677425,0.5245263586810777,0.2367525258129006,0.44209123100860537,0.37550683035325133,0.4997958203793359,1-4,1-2,0.20337344133501778,0.18293302254798677,0.32115291734606,0.05771587510407223,0.007500862645667703,True,False,False,False,シーモ戦,2026-09-28,1号艇のdominance,0.1476,場特性:in_escape_diff,0.0973,1号艇のsession_exh_rel_avg,-0.0848,1号艇の級別順位,0.0715,1号艇のlocal_win_rate順位,0.0664,4号艇のclass_rank_2to6,0.2398,4号艇のwin_rate_rank_2to6,0.1856,4号艇の年齢,-0.0795,4号艇のcumulative_diff_rank_2to6,0.0678,4号艇のモーター2連率,0.0672,2号艇のsession_exh_rel_avg,-0.0969,3号艇の枠別勝率,0.0483,2号艇のモーター2連率,-0.046,2号艇の枠別出走数,-0.0452,3号艇の当地2連率,0.0447,0.0522,北西 2.0m/s,[逃げ]1号艇のdominanceが有利(+14.8pt)、場特性:in_escape_diffが有利(+9.7pt) / [2着]4号艇のclass_rank_2to6が有利(+24.0pt)、4号艇のwin_rate_rank_2to6が有利(+18.6pt) / [候補2]2号艇のsession_exh_rel_avgが不利(-9.7pt)、3号艇の枠別勝率が有利(+4.8pt) / [除外]6号艇のwin_rate_rank_2to6が不利(-6.3pt)、6号艇のsession_exh_rel_avgが不利(-6.0pt)、天気+5.2pt
46,24,大村,12,22:41,0.7388650523951988,2,0.32407218211566047,3,0.3138470654681117,0.47133623828988963,0.17042980675013725,0.4674894408336349,0.3749405454825906,0.4701821990530132,1-2,1-3,0.23944560981871388,0.23189062847117575,0.12592462809414376,0.11133293050574292,0.03027125550542255,False,False,False,False,発祥地選抜,2026-09-28,1号艇のdominance,0.1667,場特性:in_escape_diff,0.1467,1号艇のracer_win_te,0.1106,race_no,0.093,風速区分,0.0798,2号艇のwin_rate_rank_2to6,-0.1395,2号艇の全国勝率,0.0678,2号艇のモーター2連率,0.0646,2号艇のclass_rank_2to6,-0.057,レース時間帯,-0.0442,3号艇の当地勝率,0.094,3号艇のwin_rate_rank_2to6,0.0936,3号艇の一般戦2連率,0.0717,1号艇のracer_win_te,0.052,6号艇のracer_2nd_te,-0.0483,0.0874,北西 1.2m/s,[逃げ]1号艇のdominanceが有利(+16.7pt)、場特性:in_escape_diffが有利(+14.7pt) / [2着]2号艇のwin_rate_rank_2to6が不利(-13.9pt)、2号艇の全国勝率が有利(+6.8pt) / [候補2]3号艇の当地勝率が有利(+9.4pt)、3号艇のwin_rate_rank_2to6が有利(+9.4pt) / [除外]6号艇のwin_rate_rank_2to6が不利(-6.4pt)、天気+8.7pt
47,09,津,4,11:59,0.6534381496450167,2,0.532342661199704,3,0.17814776407392113,0.46426154883129855,0.1666834101166681,0.543807015156957,0.3713999110570023,0.488125188728996,1-2,1-3,0.34785300351143855,0.11640854531986,0.10891729908315706,0.07801822006291574,0.002241090187509108,True,True,False,False,一般,2026-09-28,1号艇の級別順位,-0.1026,1号艇の節間得点,0.0894,6号艇の枠別出走数,-0.0793,1号艇のdominance,-0.0641,1号艇の勝率順位,-0.0597,2号艇のsession_exh_rel_avg,0.1125,6号艇の年齢,-0.0714,2号艇のwin_rate_rank_2to6,0.061,2号艇の全国勝率,0.0423,4号艇の一般戦勝率,-0.042,3号艇のwin_rate_rank_2to6,-0.1463,5号艇のsession_exh_rel_avg,-0.1129,3号艇のracer_avgfin_te,-0.0855,3号艇のsession_exh_rel_avg,0.059,3号艇の全国勝率,-0.0526,0.0458,南西 1.5m/s,[逃げ]1号艇の級別順位が不利(-10.3pt)、1号艇の節間得点が有利(+8.9pt) / [2着]2号艇のsession_exh_rel_avgが有利(+11.3pt)、6号艇の年齢が不利(-7.1pt) / [候補2]3号艇のwin_rate_rank_2to6が不利(-14.6pt)、5号艇のsession_exh_rel_avgが不利(-11.3pt) / [除外]6号艇の全国勝率が不利(-14.9pt)、6号艇のvs_avg456_diffが不利(-12.5pt)、天気+4.6pt
48,03,江戸川,12,16:25,0.745098604175878,3,0.3905748832196443,2,0.2233441892068912,0.4574302439419614,0.159112850001223,0.45480622242531255,0.37009060819352924,0.4566430374869668,1-3,1-2,0.16641344362884783,0.2910168003131135,0.10977127481547906,0.1185547624423571,0.05934233407891486,True,False,False,False,記者選抜戦,2026-09-28,1号艇のdominance,0.3529,場特性:in_escape_diff,-0.1421,1号艇のvs_max234_diff,0.137,1号艇のracer_win_te,0.1302,1号艇vs5号艇のcumulative差,-0.1148,3号艇のwin_rate_rank_2to6,0.1213,3号艇のsession_exh_rel_avg,0.0814,5号艇のsession_exh_rel_avg,-0.0793,3号艇の節間得点,0.0494,1号艇の一般戦勝率,0.0373,2号艇のwin_rate_rank_2to6,-0.1397,2号艇のcumulative_diff_rank_2to6,-0.0578,レース時間帯,-0.0569,2号艇のclass_rank_2to6,-0.0528,1号艇のframe_dominance,0.0527,0.132,西 0.3m/s,[逃げ]1号艇のdominanceが有利(+35.3pt)、場特性:in_escape_diffが不利(-14.2pt) / [2着]3号艇のwin_rate_rank_2to6が有利(+12.1pt)、3号艇のsession_exh_rel_avgが有利(+8.1pt) / [候補2]2号艇のwin_rate_rank_2to6が不利(-14.0pt)、2号艇のcumulative_diff_rank_2to6が不利(-5.8pt) / [除外]win_rate_gap_top2_2to6が不利(-9.4pt)、天気+13.2pt
49,24,大村,11,22:16,0.5806761432384658,2,0.37692856380780626,3,0.36792001941741953,0.4325158026038596,0.12110989149688313,0.6237386917283427,0.36965747229501067,0.4898826693412045,1-2,1-3,0.2188734247083309,0.21364237789552865,0.07032562470243917,0.055075488836535576,0.02275923574838034,False,False,False,False,予選特選,2026-09-28,場特性:in_escape_diff,0.1591,1号艇のdominance,-0.107,風速区分,0.0671,1号艇の節間得点,-0.0627,1号艇の全国勝率,-0.0626,2号艇のモーター2連率,0.0687,2号艇の全国勝率,0.063,レース時間帯,-0.0401,場特性:1x_diff_course2,0.0325,場特性:in_escape_diff,0.0294,3号艇のwin_rate_rank_2to6,0.1571,1号艇vs4号艇のlocal_win_rate差,0.0409,3号艇のracer_avgfin_te,0.0364,場特性:1x_diff_course3,0.0351,3号艇のclass_rank_2to6,-0.0345,0.0847,北東 0.1m/s,[逃げ]場特性:in_escape_diffが有利(+15.9pt)、1号艇のdominanceが不利(-10.7pt) / [2着]2号艇のモーター2連率が有利(+6.9pt)、2号艇の全国勝率が有利(+6.3pt) / [候補2]3号艇のwin_rate_rank_2to6が有利(+15.7pt)、1号艇vs4号艇のlocal_win_rate差が有利(+4.1pt) / [除外]4号艇のwin_rate_rank_2to6が不利(-5.6pt)、天気+8.5pt
50,16,児島,10,15:42,0.6999629266052383,3,0.3862224091648475,2,0.29527164641076553,0.477020573604779,0.19534289745679795,0.4861511581188151,0.3652014764114255,0.4797597489589898,1-3,1-2,0.20667920576522655,0.2703413678395525,0.13673278619540724,0.07430292989483063,0.011906628435634817,True,False,False,False,予選,2026-09-28,風速区分,0.0873,1号艇のracer_win_te,0.0799,1号艇の級別順位,0.0798,レース時間帯,0.0793,1号艇のdominance,0.0712,3号艇のwin_rate_rank_2to6,0.1741,3号艇の当地勝率,0.1101,3号艇の全国勝率,0.051,local_win_rateの分散(2-6号艇),0.0469,3号艇のcumulative_diff_rank_2to6,0.0438,2号艇のwin_rate_rank_2to6,-0.1257,2号艇のracer_avgfin_te,0.0649,2号艇の全国勝率,0.0594,2号艇のclass_rank_2to6,-0.044,5号艇の当地2連率,0.0393,0.1728,西 1.8m/s,[逃げ]風速区分が有利(+8.7pt)、1号艇のracer_win_teが有利(+8.0pt) / [2着]3号艇のwin_rate_rank_2to6が有利(+17.4pt)、3号艇の当地勝率が有利(+11.0pt) / [候補2]2号艇のwin_rate_rank_2to6が不利(-12.6pt)、2号艇のracer_avgfin_teが有利(+6.5pt) / [除外]6号艇のwin_rate_rank_2to6が不利(-7.6pt)、3号艇の女子戦2連率が不利(-6.4pt)、天気+17.3pt
51,09,津,3,11:30,0.6141911890354566,4,0.4165973857465684,2,0.30792229682604544,0.4449936053188653,0.15443743212775193,0.5700822504448619,0.3625252016564062,0.4825201988566642,1-4,1-2,0.18912316161811762,0.09485411007012658,0.25587044370074763,0.054187693500562024,0.020155792730125358,True,True,False,False,一般,2026-09-28,1号艇のdominance,-0.0872,1号艇vs4号艇のcumulative差,-0.0867,1号艇の年齢,-0.0849,1号艇のracer_win_te,0.0837,1号艇の級別順位,0.0696,4号艇のclass_rank_2to6,0.0978,4号艇のwin_rate_rank_2to6,0.0969,4号艇のsession_exh_rel_avg,0.0594,6号艇のvs_avg456_diff,-0.057,4号艇の節間得点,0.0544,2号艇のsession_exh_rel_avg,-0.0898,2号艇の全国勝率,-0.0662,場特性:1x_diff_course2,0.0546,1号艇の年齢,0.0511,5号艇のsession_avg_finish,-0.0391,0.031,南 0.7m/s,[逃げ]1号艇のdominanceが不利(-8.7pt)、1号艇vs4号艇のcumulative差が不利(-8.7pt) / [2着]4号艇のclass_rank_2to6が有利(+9.8pt)、4号艇のwin_rate_rank_2to6が有利(+9.7pt) / [候補2]2号艇のsession_exh_rel_avgが不利(-9.0pt)、2号艇の全国勝率が不利(-6.6pt) / [除外]5号艇の直近平均着順が不利(-16.9pt)、win_rate_range_1to6が不利(-8.2pt)、天気+3.1pt
52,14,鳴門,3,09:24,0.5655058460241953,3,0.49318126982985405,4,0.23432380405762598,0.4114083722956341,0.10806282853367946,0.6194422453538005,0.35805882942439016,0.47381853421308406,1-3,1-4,0.06111016127370596,0.27889689123841854,0.13251148105721555,0.034057670080266646,0.05892964658793546,False,False,True,False,どきどきなる,2026-09-28,場特性:in_escape_diff,-0.179,1号艇のdominance,0.1325,1号艇の年齢,-0.1026,1号艇の節間得点,-0.073,1号艇の勝率順位,0.0729,3号艇のwin_rate_rank_2to6,0.2225,6号艇のsession_rank_diff_delta,-0.0903,2号艇の直近1着率,0.046,3号艇のclass_rank_2to6,0.0454,2号艇のvs_boat3_diff,0.0414,4号艇のwin_rate_rank_2to6,0.1212,4号艇のclass_rank_2to6,-0.0798,4号艇のsession_exh_rel_avg,0.076,4号艇のcumulative_diff_rank_2to6,0.0523,4号艇のモーター2連率,-0.0425,0.0503,南 0.8m/s,[逃げ]場特性:in_escape_diffが不利(-17.9pt)、1号艇のdominanceが有利(+13.3pt) / [2着]3号艇のwin_rate_rank_2to6が有利(+22.2pt)、6号艇のsession_rank_diff_deltaが不利(-9.0pt) / [候補2]4号艇のwin_rate_rank_2to6が有利(+12.1pt)、4号艇のclass_rank_2to6が不利(-8.0pt) / [除外]2号艇のwin_rate_rank_2to6が不利(-7.3pt)、天気+5.0pt
53,09,津,7,13:25,0.6635592690965925,5,0.49252878453591736,2,0.1878085521702168,0.45144414588384474,0.17262477399465015,0.507712562711484,0.35792761349855684,0.4683246709321365,1-5,1-2,0.12462210560815831,0.09563077299623202,0.11454676885985451,0.3268220402756864,0.00193756760643425,True,True,False,False,一般,2026-09-28,5号艇の節間得点,-0.1337,1号艇のsession_exh_rel_avg,-0.1066,1号艇のdominance,0.0986,1号艇vs5号艇のcumulative差,-0.0835,1号艇のracer_win_te,0.0812,5号艇のwin_rate_rank_2to6,0.2406,5号艇のclass_rank_2to6,0.1967,5号艇のsession_exh_rel_avg,0.1441,ST差分(2-1),0.1141,3号艇の一般戦2連率,0.1026,2号艇の当地勝率,0.1245,2号艇の全国勝率,-0.1032,2号艇の節間得点,-0.0693,2号艇の体重,-0.0663,2号艇の直近平均着順,-0.0494,0.0287,南西 1.2m/s,[逃げ]5号艇の節間得点が不利(-13.4pt)、1号艇のsession_exh_rel_avgが不利(-10.7pt) / [2着]5号艇のwin_rate_rank_2to6が有利(+24.1pt)、5号艇のclass_rank_2to6が有利(+19.7pt) / [候補2]2号艇の当地勝率が有利(+12.5pt)、2号艇の全国勝率が不利(-10.3pt) / [除外]6号艇のvs_avg456_diffが不利(-12.5pt)、6号艇の全国勝率が不利(-11.8pt)、天気+2.9pt
54,15,丸亀,3,16:06,0.5026633806364177,3,0.48671081539139627,2,0.3347308944076298,0.4129086668433376,0.11609881161628316,0.705342898182743,0.3553828202114473,0.5006389362451592,1-3,1-2,0.16825696298639098,0.24465170385694665,0.05835862113491149,0.024252659354701254,0.0071434389211683545,True,False,False,False,予選,2026-09-28,1号艇のdominance,-0.2052,1号艇のracer_win_te,-0.1687,1号艇の年齢,0.1169,1号艇の節間得点,0.0887,風速区分,0.0771,3号艇のwin_rate_rank_2to6,0.0677,3号艇のcumulative_diff_rank_2to6,0.0452,3号艇の節間得点,0.0434,4号艇の年齢,-0.0401,3号艇のclass_rank_2to6,0.036,2号艇のwin_rate_rank_2to6,0.1843,2号艇の体重,-0.0775,2号艇のclass_rank_2to6,0.0699,6号艇のsession_exh_rel_last,0.0626,2号艇の全国勝率,0.0455,0.0764,北西 1.4m/s,[逃げ]1号艇のdominanceが不利(-20.5pt)、1号艇のracer_win_teが不利(-16.9pt) / [2着]3号艇のwin_rate_rank_2to6が有利(+6.8pt)、3号艇のcumulative_diff_rank_2to6が有利(+4.5pt) / [候補2]2号艇のwin_rate_rank_2to6が有利(+18.4pt)、2号艇の体重が不利(-7.8pt) / [除外]4号艇の年齢が不利(-7.9pt)、6号艇のwin_rate_rank_2to6が不利(-7.3pt)、天気+7.6pt
55,09,津,2,11:00,0.43829468569016294,2,0.4897807104271305,3,0.38718054594829765,0.38436745822551865,0.0702947673768315,0.8066664889985966,0.35194463294969447,0.511057167457442,1-2,1-3,0.21466828253376388,0.1696991756917548,0.030809822973091483,0.01753751065151416,0.005579890982682487,True,True,False,False,一般,2026-09-28,1号艇のracer_win_te,-0.1621,節間得点の分散(2-6号艇),-0.1292,4号艇の直近複勝率,-0.1162,1号艇の直近1着率,-0.111,1号艇のsession_exh_rel_avg,-0.111,1号艇vs4号艇のcumulative差,0.1687,2号艇の節間得点,-0.0943,全艇平均勝率,0.0785,2号艇のsession_exh_rel_avg,-0.0759,1号艇のsession_rank_diff_delta,0.0753,3号艇のwin_rate_rank_2to6,0.1708,3号艇のsession_exh_rel_avg,0.0967,4号艇の節間得点,0.0726,4号艇の体重,0.0703,3号艇のracer_avgfin_te,-0.0645,0.0079,南 1.2m/s,[逃げ]1号艇のracer_win_teが不利(-16.2pt)、節間得点の分散(2-6号艇)が不利(-12.9pt) / [2着]1号艇vs4号艇のcumulative差が有利(+16.9pt)、2号艇の節間得点が不利(-9.4pt) / [候補2]3号艇のwin_rate_rank_2to6が有利(+17.1pt)、3号艇のsession_exh_rel_avgが有利(+9.7pt) / [除外]6号艇のwin_rate_rank_2to6が不利(-7.7pt)、6号艇の直近平均着順が不利(-6.2pt)、天気+0.8pt
56,03,江戸川,11,15:53,0.5756263769030736,3,0.40743049470175685,2,0.3157153495937217,0.4162618223243205,0.14076705813891077,0.5823787861565678,0.3459466797513566,0.4660969114739947,1-3,1-2,0.1817340828193213,0.23452773950499922,0.08102923166380553,0.03609106373890194,0.04224425703167027,True,False,False,False,予選特選,2026-09-28,場特性:in_escape_diff,-0.1508,3号艇のsession_exh_rel_avg,-0.1232,風速区分,0.0802,1号艇のracer_win_te,0.0781,1号艇のsession_exh_rel_avg,-0.0769,3号艇のsession_exh_rel_avg,0.1388,3号艇のモーター2連率,0.0946,3号艇の当地勝率,0.093,3号艇のwin_rate_rank_2to6,-0.0915,3号艇の全国勝率,-0.0438,2号艇のwin_rate_rank_2to6,0.072,レース時間帯,-0.0547,2号艇のsession_exh_rel_avg,-0.0436,2号艇の全国勝率,0.0421,2号艇の当地勝率,-0.021,0.1143,西 0.6m/s,[逃げ]場特性:in_escape_diffが不利(-15.1pt)、3号艇のsession_exh_rel_avgが不利(-12.3pt) / [2着]3号艇のsession_exh_rel_avgが有利(+13.9pt)、3号艇のモーター2連率が有利(+9.5pt) / [候補2]2号艇のwin_rate_rank_2to6が有利(+7.2pt)、レース時間帯が不利(-5.5pt)、天気+11.4pt
57,02,戸田,9,14:48,0.45793749994708155,3,0.42812348851416493,2,0.40381245520968256,0.38097466618501463,0.0797217467629851,0.7522141969608624,0.3445283071521572,0.4923465254177689,1-3,1-2,0.18492086618621487,0.19605379999879977,0.03650757740405574,0.01733310322769906,0.023122165924938036,True,True,False,False,戸田特賞,2026-09-28,1号艇のdominance,-0.1707,場特性:in_escape_diff,-0.1129,1号艇の節間得点,0.1109,1号艇のvs_max234_diff,-0.0873,場×風向,-0.087,3号艇のwin_rate_rank_2to6,0.1882,6号艇のsession_exh_rel_last,0.0472,3号艇の全国勝率,0.039,3号艇のclass_rank_2to6,0.0384,場特性:1x_diff_course3,-0.0381,6号艇の当地2連率,-0.0893,2号艇のsession_exh_rel_avg,-0.072,2号艇のモーター2連率,0.0687,1号艇の年齢,0.0484,2号艇の節間得点,0.0472,-0.0357,北 1.1m/s,[逃げ]1号艇のdominanceが不利(-17.1pt)、場特性:in_escape_diffが不利(-11.3pt) / [2着]3号艇のwin_rate_rank_2to6が有利(+18.8pt)、6号艇のsession_exh_rel_lastが有利(+4.7pt) / [候補2]6号艇の当地2連率が不利(-8.9pt)、2号艇のsession_exh_rel_avgが不利(-7.2pt) / [除外]1号艇vs6号艇のcumulative差が不利(-6.7pt)、3号艇のracer_avgfin_teが不利(-6.3pt)、天気-3.6pt
58,05,多摩川,7,13:59,0.4338102496938121,2,0.7015568863593569,3,0.15956867287261445,0.37356509386814507,0.06886944363713493,0.7922561155948364,0.3426924296558012,0.49917240038615246,1-2,1-3,0.304342568045966,0.0692225258221791,0.029876270540499423,0.01988604633956836,0.010482834097391923,True,True,False,False,予選,2026-09-28,2号艇のsession_exh_rel_avg,-0.3096,1号艇vs2号艇のcumulative差,-0.1091,1号艇のdominance,0.0825,1号艇の節間得点,-0.0814,2号艇のsession_exh_rel_last,-0.0754,2号艇のwin_rate_rank_2to6,0.1925,2号艇のsession_exh_rel_avg,0.1356,2号艇のracer_avgfin_te,0.1075,2号艇のclass_rank_2to6,0.0856,2号艇の全国勝率,0.0558,3号艇のwin_rate_rank_2to6,-0.0845,3号艇の女子戦比率,-0.0567,2号艇のsession_exh_rel_last,-0.0484,3号艇の枠別勝率,0.046,3号艇の全国勝率,0.0399,0.0157,北 1.2m/s,[逃げ]2号艇のsession_exh_rel_avgが不利(-31.0pt)、1号艇vs2号艇のcumulative差が不利(-10.9pt) / [2着]2号艇のwin_rate_rank_2to6が有利(+19.2pt)、2号艇のsession_exh_rel_avgが有利(+13.6pt) / [候補2]3号艇のwin_rate_rank_2to6が不利(-8.4pt)、3号艇の女子戦比率が不利(-5.7pt) / [除外]6号艇のsession_exh_rel_avgが不利(-10.5pt)、天気+1.6pt
59,13,尼崎,6,12:59,0.48423184308110656,4,0.6149450948532476,2,0.22341995992135255,0.4059630556482975,0.12988755225023868,0.7084775025243615,0.3426875985256757,0.4967173897111167,1-4,1-2,0.10818705897382351,0.0628956888194266,0.29777599667447396,0.013664570031728688,0.0017085152778604186,True,True,False,False,昼どきピンク,2026-09-28,4号艇のsession_exh_rel_avg,-0.1616,1号艇のdominance,-0.1455,節間得点の分散(2-6号艇),-0.1188,1号艇vs4号艇の枠別平均ST差,-0.0868,1号艇vs4号艇のcumulative差,-0.0865,4号艇のwin_rate_rank_2to6,0.2753,4号艇の節間得点,0.244,4号艇のclass_rank_2to6,0.2226,4号艇のsession_exh_rel_avg,0.1063,4号艇の全国勝率,0.1036,2号艇のsession_exh_rel_avg,0.1331,2号艇の女子戦比率,-0.1017,2号艇の節間得点,-0.0684,6号艇のracer_2nd_te,0.0662,2号艇のclass_rank_2to6,-0.0625,0.0197,南西 2.6m/s,[逃げ]4号艇のsession_exh_rel_avgが不利(-16.2pt)、1号艇のdominanceが不利(-14.5pt) / [2着]4号艇のwin_rate_rank_2to6が有利(+27.5pt)、4号艇の節間得点が有利(+24.4pt) / [候補2]2号艇のsession_exh_rel_avgが有利(+13.3pt)、2号艇の女子戦比率が不利(-10.2pt) / [除外]6号艇の節間得点が不利(-14.6pt)、6号艇のsession_exh_rel_avgが不利(-8.0pt)、天気+2.0pt
60,15,丸亀,8,18:26,0.7782088028360947,2,0.3760112445825045,4,0.27256183167697323,0.5047252772276113,0.26784236108566006,0.3807307151738176,0.342501105284902,0.46752690861147317,1-2,1-4,0.29261526049946085,0.20843728316926452,0.2121100167281505,0.02584405050125236,0.039202177442697994,True,False,False,False,釜揚げ８,2026-09-28,1号艇のdominance,0.2783,1号艇のracer_win_te,0.1524,風速区分,0.0865,1号艇の級別順位,0.076,1号艇の勝率順位,0.0743,2号艇のwin_rate_rank_2to6,0.1533,2号艇のsession_exh_rel_avg,-0.1077,2号艇のclass_rank_2to6,0.0717,3号艇のracer_2nd_te,0.0629,2号艇のcumulative_diff_rank_2to6,-0.0537,4号艇のclass_rank_2to6,0.1306,4号艇のモーター2連率,-0.092,4号艇のwin_rate_rank_2to6,0.0899,4号艇のsession_exh_rel_avg,0.0776,場特性:1x_diff_course4,0.0392,0.0986,北西 1.4m/s,[逃げ]1号艇のdominanceが有利(+27.8pt)、1号艇のracer_win_teが有利(+15.2pt) / [2着]2号艇のwin_rate_rank_2to6が有利(+15.3pt)、2号艇のsession_exh_rel_avgが不利(-10.8pt) / [候補2]4号艇のclass_rank_2to6が有利(+13.1pt)、4号艇のモーター2連率が不利(-9.2pt) / [除外]6号艇のsession_exh_rel_avgが不利(-7.9pt)、6号艇のwin_rate_rank_2to6が不利(-6.9pt)、天気+9.9pt
61,19,下関,6,17:50,0.5920308989576182,3,0.4269744256746922,2,0.26232098477731924,0.4080841814972648,0.1346615678907463,0.5546338425612651,0.3421402746430645,0.45204907981646486,1-3,1-2,0.155302128433164,0.25278205306410073,0.07972380909340086,0.04232395486584566,0.06189895129561998,True,False,False,False,一般,2026-09-28,場特性:in_escape_diff,0.101,1号艇の級別順位,-0.093,1号艇vs4号艇のcumulative差,-0.0674,ST差分(4-3),0.0629,1号艇の勝率順位,-0.0608,3号艇のwin_rate_rank_2to6,0.2058,2号艇のvs_boat3_diff,0.0613,3号艇の全国勝率,0.0446,3号艇のclass_rank_2to6,0.0441,3号艇のcumulative_diff_rank_2to6,-0.0383,2号艇のwin_rate_rank_2to6,-0.1422,2号艇のsession_exh_rel_avg,0.0894,2号艇のclass_rank_2to6,-0.0427,2号艇のracer_avgfin_te,-0.0358,2号艇のsession_avg_finish,0.0327,0.0345,北西 2.2m/s,[逃げ]場特性:in_escape_diffが有利(+10.1pt)、1号艇の級別順位が不利(-9.3pt) / [2着]3号艇のwin_rate_rank_2to6が有利(+20.6pt)、2号艇のvs_boat3_diffが有利(+6.1pt) / [候補2]2号艇のwin_rate_rank_2to6が不利(-14.2pt)、2号艇のsession_exh_rel_avgが有利(+8.9pt) / [除外]win_rate_gap_top2_2to6が不利(-9.4pt)、天気+3.4pt
62,02,戸田,7,13:45,0.6170319493151666,6,0.38709531126834595,3,0.30365407315021786,0.4262144391560378,0.1650872318895633,0.5256621525290005,0.34177936481407817,0.4560487531679266,1-6,1-3,0.10186409649986218,0.1873642646733691,0.055524219338418064,0.03342919432084851,0.23885017448266868,True,True,False,False,ウインウイン,2026-09-28,3号艇の平均ST,-0.3356,1号艇のdominance,0.3199,1号艇のsession_rank_diff_delta,0.142,1号艇のvs_max234_diff,0.1282,場特性:in_escape_diff,-0.1179,6号艇のwin_rate_rank_2to6,0.3104,5号艇のracer_2nd_te,0.2187,6号艇のsession_exh_rel_avg,-0.1849,6号艇のvs_avg456_diff,0.1563,6号艇の当地2連率,0.152,3号艇の全国勝率,-0.1366,3号艇のsession_exh_rel_avg,0.0924,3号艇のracer_win_te,-0.0706,3号艇のracer_avgfin_te,-0.059,3号艇の当地勝率,-0.054,0.0382,北 0.7m/s,[逃げ]3号艇の平均STが不利(-33.6pt)、1号艇のdominanceが有利(+32.0pt) / [2着]6号艇のwin_rate_rank_2to6が有利(+31.0pt)、5号艇のracer_2nd_teが有利(+21.9pt) / [候補2]3号艇の全国勝率が不利(-13.7pt)、3号艇のsession_exh_rel_avgが有利(+9.2pt) / [除外]5号艇のracer_win_teが不利(-10.0pt)、mean_234_classが不利(-6.1pt)、天気+3.8pt
63,24,大村,1,17:41,0.5228475545755606,3,0.641365170852203,2,0.11254882300112667,0.3941820880465077,0.1112535331444674,0.6426604607088623,0.34155710804958267,0.468725599845214,1-3,1-2,0.05884587687649669,0.335336211170011,0.05289549462670637,0.05816863774247586,0.01760133708150908,True,False,False,False,予選,2026-09-28,場特性:in_escape_diff,0.1437,2号艇の平均ST,-0.0949,1号艇の級別順位,-0.0769,1号艇の年齢,-0.0757,1号艇のdominance,0.0731,3号艇のwin_rate_rank_2to6,0.1749,3号艇のモーター2連率,0.0808,2号艇の直近複勝率,0.0552,2号艇のvs_boat3_diff,0.0495,場特性:1x_diff_course3,0.0418,2号艇のwin_rate_rank_2to6,-0.209,2号艇の全国2連率,-0.1788,2号艇の全国勝率,-0.1376,2号艇の直近平均着順,-0.0858,2号艇のracer_2nd_te,-0.0702,0.0301,北西 2.9m/s,[逃げ]場特性:in_escape_diffが有利(+14.4pt)、2号艇の平均STが不利(-9.5pt) / [2着]3号艇のwin_rate_rank_2to6が有利(+17.5pt)、3号艇のモーター2連率が有利(+8.1pt) / [候補2]2号艇のwin_rate_rank_2to6が不利(-20.9pt)、2号艇の全国2連率が不利(-17.9pt)、天気+3.0pt
64,24,大村,10,21:51,0.6657727377360172,2,0.4084420569146535,5,0.20848167445268903,0.4107310016067549,0.15339361035722027,0.4635301210101223,0.33512678814023805,0.4265707374277651,1-2,1-5,0.27192958643859905,0.10212528391873842,0.10014749223700753,0.13880141516815586,0.052768947572532705,False,False,False,False,予選特賞,2026-09-28,場特性:in_escape_diff,0.1379,1号艇のdominance,0.1117,1号艇の年齢,-0.097,1号艇の勝率順位,-0.0815,レース時間帯,0.0653,2号艇のwin_rate_rank_2to6,0.0731,1号艇の年齢,0.0627,2号艇のclass_rank_2to6,-0.0611,2号艇の全国勝率,0.0507,3号艇のracer_win_te,0.0428,5号艇のclass_rank_2to6,0.1443,3号艇の一般戦2連率,0.1031,5号艇のwin_rate_rank_2to6,-0.0696,5号艇のracer_avgfin_te,0.0531,5号艇の枠別勝率,0.0461,0.1298,北東 1.3m/s,[逃げ]場特性:in_escape_diffが有利(+13.8pt)、1号艇のdominanceが有利(+11.2pt) / [2着]2号艇のwin_rate_rank_2to6が有利(+7.3pt)、1号艇の年齢が有利(+6.3pt) / [候補2]5号艇のclass_rank_2to6が有利(+14.4pt)、3号艇の一般戦2連率が有利(+10.3pt)、天気+13.0pt
65,16,児島,6,13:28,0.5946173868129558,3,0.3739142298232182,2,0.34545836924913254,0.42775145500524536,0.18415785785630978,0.535214741216041,0.33322290502682256,0.459990440868484,1-3,1-2,0.20541555277558438,0.22233590222966101,0.10950346419959069,0.04137260222242824,0.015989869815936315,True,True,False,False,予選,2026-09-28,1号艇のracer_win_te,0.1934,1号艇のdominance,-0.1342,1号艇の年齢,-0.1037,3号艇の直近1着率,-0.0975,1号艇の級別順位,0.088,3号艇の全国勝率,0.1716,3号艇のwin_rate_rank_2to6,0.0824,3号艇の当地勝率,0.0696,2号艇の全国勝率,-0.0599,3号艇のracer_2nd_te,0.0442,2号艇のwin_rate_rank_2to6,0.153,2号艇の当地勝率,0.0853,2号艇のclass_rank_2to6,-0.0662,2号艇のモーター2連率,-0.0441,6号艇の一般戦勝率,0.0358,0.027,西 3.7m/s,[逃げ]1号艇のracer_win_teが有利(+19.3pt)、1号艇のdominanceが不利(-13.4pt) / [2着]3号艇の全国勝率が有利(+17.2pt)、3号艇のwin_rate_rank_2to6が有利(+8.2pt) / [候補2]2号艇のwin_rate_rank_2to6が有利(+15.3pt)、2号艇の当地勝率が有利(+8.5pt) / [除外]std_234_全国勝率が不利(-8.9pt)、6号艇のwin_rate_rank_2to6が不利(-5.8pt)、天気+2.7pt
66,14,鳴門,4,09:50,0.7577976751974583,3,0.34923121739929053,2,0.21468572649710319,0.42733494908914266,0.19721461311828192,0.36670233077811176,0.3262029131012995,0.40914516359583336,1-3,1-2,0.16268834443758218,0.26464660465156054,0.1494487753360002,0.13253593826918975,0.048478001211060356,False,False,True,False,とにかくなる,2026-09-28,場特性:in_escape_diff,-0.1549,1号艇のdominance,0.1477,1号艇のsession_exh_rel_avg,0.1256,1号艇の節間得点,0.0983,風速区分,0.0865,3号艇のwin_rate_rank_2to6,0.2091,場特性:1x_diff_course3,-0.0485,3号艇のcumulative_diff_rank_2to6,-0.0414,3号艇の全国勝率,0.038,2号艇のsession_rank_diff_delta,-0.0342,2号艇のwin_rate_rank_2to6,-0.1544,2号艇のsession_exh_rel_avg,-0.1176,2号艇の直近平均着順,-0.0564,2号艇のclass_rank_2to6,-0.0563,2号艇の全国勝率,-0.0341,0.0779,南西 1.1m/s,[逃げ]場特性:in_escape_diffが不利(-15.5pt)、1号艇のdominanceが有利(+14.8pt) / [2着]3号艇のwin_rate_rank_2to6が有利(+20.9pt)、場特性:1x_diff_course3が不利(-4.9pt) / [候補2]2号艇のwin_rate_rank_2to6が不利(-15.4pt)、2号艇のsession_exh_rel_avgが不利(-11.8pt) / [除外]4号艇のwin_rate_rank_2to6が不利(-5.6pt)、天気+7.8pt
67,16,児島,2,11:10,0.6144064338047941,2,0.43582499170924305,3,0.23752646435729347,0.4137114668191062,0.17938469594995454,0.493966760116582,0.3246552599954801,0.4377880548083489,1-2,1-3,0.26777367891908,0.1459377879000262,0.07717731266898378,0.11021511131776886,0.013302529265881307,True,True,False,False,予選,2026-09-28,1号艇のracer_win_te,0.156,1号艇の級別順位,0.0864,3号艇の直近1着率,-0.0716,1号艇の全国勝率,0.0693,1号艇の勝率順位,-0.0655,2号艇の当地勝率,0.1262,2号艇のwin_rate_rank_2to6,0.0745,2号艇のclass_rank_2to6,-0.0669,2号艇の全国勝率,0.054,2号艇の直近平均着順,0.052,3号艇のwin_rate_rank_2to6,-0.1207,3号艇の当地勝率,0.1118,3号艇のracer_2nd_te,0.051,3号艇のcumulative_diff_rank_2to6,0.0502,1号艇vs6号艇の直近複勝率差,0.0494,0.0368,南西 3.6m/s,[逃げ]1号艇のracer_win_teが有利(+15.6pt)、1号艇の級別順位が有利(+8.6pt) / [2着]2号艇の当地勝率が有利(+12.6pt)、2号艇のwin_rate_rank_2to6が有利(+7.4pt) / [候補2]3号艇のwin_rate_rank_2to6が不利(-12.1pt)、3号艇の当地勝率が有利(+11.2pt) / [除外]1号艇vs3号艇の直近複勝率差が不利(-9.4pt)、2号艇の直近1着率が不利(-6.6pt)、天気+3.7pt
68,15,丸亀,6,17:29,0.6892438678710544,3,0.30027105555885203,2,0.2837543375652237,0.40253592089175105,0.17178541170074668,0.41223998142332907,0.31955616221807664,0.4054471390512244,1-3,1-2,0.19557593714864363,0.20695998374310745,0.11840204160444413,0.07658154215568558,0.09172435551627314,True,False,False,False,かけうどん６,2026-09-28,1号艇の節間得点,0.087,1号艇のlocal_win_rate順位,0.069,1号艇の勝率順位,-0.0648,風速区分,0.0646,1号艇のdominance,-0.0594,3号艇のsession_exh_rel_avg,-0.2588,3号艇のsession_exh_rel_last,-0.1316,3号艇のwin_rate_rank_2to6,0.0591,2号艇の直近平均着順,0.0521,6号艇のracer_2nd_te,-0.0415,2号艇の女子戦比率,-0.1207,2号艇の全国勝率,-0.095,2号艇のsession_exh_rel_avg,0.0835,2号艇のwin_rate_rank_2to6,-0.072,2号艇の体重,-0.0706,0.0732,北西 1.4m/s,[逃げ]1号艇の節間得点が有利(+8.7pt)、1号艇のlocal_win_rate順位が有利(+6.9pt) / [2着]3号艇のsession_exh_rel_avgが不利(-25.9pt)、3号艇のsession_exh_rel_lastが不利(-13.2pt) / [候補2]2号艇の女子戦比率が不利(-12.1pt)、2号艇の全国勝率が不利(-9.5pt)、天気+7.3pt
69,21,芦屋,2,09:10,0.5356255491833838,4,0.5557223870536433,3,0.2194287500748555,0.41519075352457663,0.1920021534689666,0.5831489836595323,0.31952973099203064,0.4655782225650633,1-4,1-3,0.10284125889620757,0.11753164476546794,0.29765910875910867,0.013362644056167139,0.004230902932655866,False,False,True,False,サンライズＷ,2026-09-28,1号艇の女子戦比率,-0.1758,1号艇のsession_exh_rel_avg,0.119,6号艇のモーター出走数,-0.1134,1号艇の節間得点,0.0994,1号艇のdominance,-0.0773,4号艇のwin_rate_rank_2to6,0.2534,4号艇のclass_rank_2to6,0.1936,4号艇の全国勝率,0.1258,1号艇の一般戦2連率,0.0919,5号艇のracer_win_te,0.0823,3号艇のsession_exh_rel_avg,0.1281,6号艇のモーター出走数,0.0733,win_rate_gap_top2_2to6,0.0662,4号艇のモーター出走数,-0.0629,3号艇の当地勝率,-0.0574,0.0865,北 1.0m/s,[逃げ]1号艇の女子戦比率が不利(-17.6pt)、1号艇のsession_exh_rel_avgが有利(+11.9pt) / [2着]4号艇のwin_rate_rank_2to6が有利(+25.3pt)、4号艇のclass_rank_2to6が有利(+19.4pt) / [候補2]3号艇のsession_exh_rel_avgが有利(+12.8pt)、6号艇のモーター出走数が有利(+7.3pt) / [除外]6号艇の直近平均着順が不利(-21.8pt)、6号艇のwin_rate_rank_2to6が不利(-12.0pt)、天気+8.7pt
70,13,尼崎,9,14:44,0.6104600816114664,3,0.4627063719070308,4,0.22243660070000548,0.418252434973214,0.19741423400214336,0.4877287386048929,0.31916965408949205,0.4390953260627177,1-3,1-4,0.05838730037806075,0.28246376955651153,0.1357886654167025,0.12051350940021356,0.013306823783667113,True,True,False,False,一般,2026-09-28,1号艇のdominance,0.1767,1号艇の勝率順位,0.0869,風速区分,0.0706,4号艇のsession_exh_rel_avg,-0.064,1号艇の節間得点,-0.0614,3号艇のwin_rate_rank_2to6,0.1848,2号艇のvs_boat3_diff,0.0555,4号艇の女子戦2連率,0.0506,3号艇のモーター2連率,0.0429,3号艇のsession_exh_rel_avg,0.0401,4号艇のsession_exh_rel_avg,0.0763,4号艇のclass_rank_2to6,-0.0749,4号艇のwin_rate_rank_2to6,-0.0601,4号艇のモーター2連率,0.0545,4号艇の節間得点,-0.0432,0.0854,北 1.8m/s,[逃げ]1号艇のdominanceが有利(+17.7pt)、1号艇の勝率順位が有利(+8.7pt) / [2着]3号艇のwin_rate_rank_2to6が有利(+18.5pt)、2号艇のvs_boat3_diffが有利(+5.6pt) / [候補2]4号艇のsession_exh_rel_avgが有利(+7.6pt)、4号艇のclass_rank_2to6が不利(-7.5pt) / [除外]6号艇のsession_exh_rel_avgが不利(-8.5pt)、2号艇のwin_rate_rank_2to6が不利(-7.3pt)、天気+8.5pt
71,16,児島,7,14:04,0.6189700752532457,3,0.3451473773692073,2,0.2907763164145074,0.39361773659662785,0.1590093836884532,0.47691431009526153,0.31851104015053944,0.41860670864621796,1-3,1-2,0.1799818384529492,0.21363589814367862,0.09842205018761409,0.09424822842655556,0.03268205312491854,True,True,False,False,予選,2026-09-28,1号艇のdominance,0.1437,3号艇の直近1着率,-0.1133,1号艇の級別順位,0.0799,3号艇の直近平均着順,0.073,1号艇の全国勝率,0.0706,3号艇の当地勝率,0.0725,3号艇のracer_avgfin_te,0.0671,3号艇のwin_rate_rank_2to6,-0.0558,3号艇のモーター2連率,0.052,3号艇のcumulative_diff_rank_2to6,0.0487,2号艇のwin_rate_rank_2to6,-0.1213,2号艇の全国勝率,0.0573,2号艇のモーター2連率,-0.0561,2号艇のclass_rank_2to6,-0.0411,2号艇のcumulative_diff_rank_2to6,0.0287,0.0268,西 3.4m/s,[逃げ]1号艇のdominanceが有利(+14.4pt)、3号艇の直近1着率が不利(-11.3pt) / [2着]3号艇の当地勝率が有利(+7.3pt)、3号艇のracer_avgfin_teが有利(+6.7pt) / [候補2]2号艇のwin_rate_rank_2to6が不利(-12.1pt)、2号艇の全国勝率が有利(+5.7pt)、天気+2.7pt
72,14,鳴門,1,08:32,0.771668988719999,2,0.29493055110815003,3,0.28694623321347196,0.44901626971711095,0.24320279458513888,0.33867398973648305,0.3179738557858359,0.41591358572292253,1-2,1-3,0.22758876011625812,0.2214275096008529,0.18767205455139177,0.1222366120331506,0.012744045231618093,False,False,True,False,とるならなる,2026-09-28,1号艇のdominance,0.3818,場特性:in_escape_diff,-0.1619,1号艇のvs_max234_diff,0.1604,1号艇のsession_exh_rel_avg,0.0982,1号艇のlocal_win_rate順位,0.0941,2号艇のwin_rate_rank_2to6,-0.14,2号艇の直近平均着順,-0.0765,ST差分(6-5),0.0738,2号艇の全国勝率,-0.0635,5号艇の年齢,-0.0466,3号艇のsession_exh_rel_avg,-0.0875,1号艇vs3号艇のplace_rate差,-0.0586,3号艇の当地勝率,0.053,3号艇の全国勝率,-0.0488,3号艇の女子戦勝率,0.0437,0.0521,南 0.4m/s,[逃げ]1号艇のdominanceが有利(+38.2pt)、場特性:in_escape_diffが不利(-16.2pt) / [2着]2号艇のwin_rate_rank_2to6が不利(-14.0pt)、2号艇の直近平均着順が不利(-7.7pt) / [候補2]3号艇のsession_exh_rel_avgが不利(-8.8pt)、1号艇vs3号艇のplace_rate差が不利(-5.9pt) / [除外]5号艇の直近平均着順が不利(-21.0pt)、ST差分(6-5)が不利(-10.3pt)、天気+5.2pt
73,04,平和島,12,16:38,0.6618575875508437,3,0.3094151254648834,2,0.2995781637832535,0.403066829256425,0.18181833071934445,0.42717495852879245,0.3151249035799344,0.4102992680381352,1-3,1-2,0.1982780807644957,0.20478874849192935,0.12033784174242676,0.10259296089298187,0.035859977849514835,True,False,False,False,東京ベイ選抜,2026-09-28,1号艇の年齢,-0.1686,場特性:in_escape_diff,-0.1372,1号艇のdominance,0.1251,race_no,0.1108,レース時間帯,0.0953,3号艇のwin_rate_rank_2to6,0.1393,avg_456_win_rate,-0.0404,3号艇のracer_avgfin_te,0.0388,3号艇のcumulative_diff_rank_2to6,0.0326,3号艇のracer_2nd_te,0.031,2号艇のwin_rate_rank_2to6,-0.1151,2号艇の全国勝率,0.0581,2号艇のモーター2連率,-0.0522,2号艇のclass_rank_2to6,-0.0474,1号艇の年齢,-0.0343,0.2332,北西 0.8m/s,[逃げ]1号艇の年齢が不利(-16.9pt)、場特性:in_escape_diffが不利(-13.7pt) / [2着]3号艇のwin_rate_rank_2to6が有利(+13.9pt)、avg_456_win_rateが不利(-4.0pt) / [候補2]2号艇のwin_rate_rank_2to6が不利(-11.5pt)、2号艇の全国勝率が有利(+5.8pt)、天気+23.3pt
74,19,下関,11,20:15,0.7965415284693149,2,0.3082987215541617,3,0.2833899872694795,0.4713046285044186,0.2805401436878984,0.3111485651357428,0.31264078666273715,0.42325780949381586,1-2,1-3,0.2455727348918877,0.2257318936125309,0.22346187485015984,0.0887727713524209,0.013002251536804205,False,False,False,False,準優勝戦,2026-09-28,1号艇のdominance,0.2401,1号艇のracer_win_te,0.1142,風速区分,0.084,1号艇の級別順位,0.0745,場特性:in_escape_diff,0.0705,2号艇のwin_rate_rank_2to6,-0.129,2号艇の節間得点,0.0768,2号艇のsession_exh_rel_avg,0.0733,2号艇のsession_avg_finish,0.0537,2号艇のclass_rank_2to6,-0.0521,3号艇のsession_exh_rel_avg,0.0954,1号艇の直近1着率,0.0794,3号艇の節間得点,0.079,3号艇の年齢,-0.0787,3号艇のwin_rate_rank_2to6,-0.0646,0.1471,北東 1.5m/s,[逃げ]1号艇のdominanceが有利(+24.0pt)、1号艇のracer_win_teが有利(+11.4pt) / [2着]2号艇のwin_rate_rank_2to6が不利(-12.9pt)、2号艇の節間得点が有利(+7.7pt) / [候補2]3号艇のsession_exh_rel_avgが有利(+9.5pt)、1号艇の直近1着率が有利(+7.9pt) / [除外]6号艇のwin_rate_rank_2to6が不利(-7.5pt)、5号艇のsession_exh_rel_avgが不利(-5.2pt)、天気+14.7pt
75,16,児島,8,14:37,0.6917198833344944,2,0.31965535466794226,3,0.28042806501500395,0.415089633054052,0.2144652571520702,0.385618162530876,0.30826286718113716,0.40624819189709915,1-2,1-3,0.22111196463815547,0.19397766841589653,0.14834988265653234,0.08883017829925113,0.039450179017229484,True,True,False,False,予選,2026-09-28,1号艇のracer_win_te,0.1752,1号艇のdominance,0.1526,1号艇の全国勝率,0.0907,1号艇の勝率順位,0.0818,1号艇の級別順位,0.0745,2号艇のwin_rate_rank_2to6,-0.129,2号艇の全国勝率,0.0563,2号艇のclass_rank_2to6,-0.0519,6号艇の当地2連率,-0.0328,2号艇のcumulative_diff_rank_2to6,0.0267,3号艇のwin_rate_rank_2to6,-0.1116,3号艇の当地勝率,0.1074,3号艇のcumulative_diff_rank_2to6,0.0493,second_best_win_rate,-0.0364,3号艇の全国勝率,0.0343,0.0339,西 2.5m/s,[逃げ]1号艇のracer_win_teが有利(+17.5pt)、1号艇のdominanceが有利(+15.3pt) / [2着]2号艇のwin_rate_rank_2to6が不利(-12.9pt)、2号艇の全国勝率が有利(+5.6pt) / [候補2]3号艇のwin_rate_rank_2to6が不利(-11.2pt)、3号艇の当地勝率が有利(+10.7pt)、天気+3.4pt
76,16,児島,5,12:50,0.6091397006680219,2,0.4193201669109039,3,0.2226352479899672,0.39104052927493244,0.18365407834071978,0.45830133656015126,0.30486110367750646,0.41121877146049807,1-2,1-3,0.255424560956173,0.13561596831875944,0.1118709903069275,0.08937393592557671,0.016854259910529707,True,True,False,False,予選,2026-09-28,1号艇のracer_win_te,0.1276,1号艇の級別順位,0.0809,1号艇のdominance,-0.0794,1号艇の全国勝率,0.0734,1号艇のモーター2連率順位,-0.0707,2号艇の当地勝率,0.0975,2号艇の全国勝率,0.0651,2号艇のclass_rank_2to6,-0.0561,second_best_win_rate,-0.055,2号艇のracer_avgfin_te,0.0519,3号艇の当地勝率,0.0951,3号艇のwin_rate_rank_2to6,0.069,6号艇のracer_2nd_te,-0.0677,3号艇の全国勝率,0.0419,3号艇のcumulative_diff_rank_2to6,0.0416,-0.0614,西 4.7m/s,[逃げ]1号艇のracer_win_teが有利(+12.8pt)、1号艇の級別順位が有利(+8.1pt) / [2着]2号艇の当地勝率が有利(+9.7pt)、2号艇の全国勝率が有利(+6.5pt) / [候補2]3号艇の当地勝率が有利(+9.5pt)、3号艇のwin_rate_rank_2to6が有利(+6.9pt) / [除外]6号艇のwin_rate_rank_2to6が不利(-7.2pt)、6号艇のvs_avg456_diffが不利(-6.9pt)、天気-6.1pt
77,14,鳴門,11,13:40,0.5946811476329326,3,0.3549230498430589,2,0.3263048813844957,0.4051134079420107,0.21272474734472663,0.468503183882828,0.3017002311215002,0.4241303407242558,1-3,1-2,0.19404736133995984,0.21106604660205078,0.12650339688088766,0.03763710260633539,0.02542725349585835,True,True,False,False,特選,2026-09-28,場特性:in_escape_diff,-0.2127,1号艇のsession_exh_rel_avg,0.1302,2号艇のracer_win_te,-0.0687,1号艇のモーター2連率順位,-0.0649,1号艇の勝率順位,-0.0616,3号艇の年齢,-0.0788,3号艇のwin_rate_rank_2to6,-0.0715,3号艇のcumulative_diff_rank_2to6,-0.0608,3号艇の当地勝率,-0.0507,2号艇のrecent_4to6_rate,0.0432,2号艇のwin_rate_rank_2to6,0.1821,2号艇の枠別出走数,-0.1734,2号艇の当地勝率,0.0797,2号艇のclass_rank_2to6,-0.0679,2号艇の全国勝率,0.0612,0.1009,北西 2.6m/s,[逃げ]場特性:in_escape_diffが不利(-21.3pt)、1号艇のsession_exh_rel_avgが有利(+13.0pt) / [2着]3号艇の年齢が不利(-7.9pt)、3号艇のwin_rate_rank_2to6が不利(-7.2pt) / [候補2]2号艇のwin_rate_rank_2to6が有利(+18.2pt)、2号艇の枠別出走数が不利(-17.3pt) / [除外]6号艇のwin_rate_rank_2to6が不利(-7.3pt)、2号艇のracer_2nd_teが不利(-6.6pt)、天気+10.1pt
78,13,尼崎,8,14:12,0.429282386977225,4,0.5871700679208683,3,0.1958199998749654,0.3361238452828547,0.08793206126425754,0.6950580065315761,0.3006565702159069,0.4438040936574711,1-4,1-3,0.03774768515134806,0.08406207696420505,0.2520617683186497,0.035105633601434885,0.020305222141986573,True,True,False,False,一般,2026-09-28,1号艇のdominance,-0.2363,2号艇の枠別出走数,-0.0947,1号艇vs4号艇のcumulative差,-0.0887,4号艇のsession_exh_rel_avg,-0.0862,1号艇のvs_max234_diff,-0.0853,4号艇のwin_rate_rank_2to6,0.2308,4号艇のclass_rank_2to6,0.2011,4号艇の全国勝率,0.1382,4号艇の節間得点,0.1347,4号艇のsession_exh_rel_avg,0.0955,3号艇のwin_rate_rank_2to6,-0.1346,3号艇の女子戦勝率,0.1113,3号艇のsession_exh_rel_avg,0.0981,3号艇の全国勝率,-0.0542,6号艇のracer_2nd_te,-0.0478,0.0139,西 1.4m/s,[逃げ]1号艇のdominanceが不利(-23.6pt)、2号艇の枠別出走数が不利(-9.5pt) / [2着]4号艇のwin_rate_rank_2to6が有利(+23.1pt)、4号艇のclass_rank_2to6が有利(+20.1pt) / [候補2]3号艇のwin_rate_rank_2to6が不利(-13.5pt)、3号艇の女子戦勝率が有利(+11.1pt) / [除外]6号艇のsession_exh_rel_avgが不利(-6.0pt)、天気+1.4pt
79,04,平和島,11,16:03,0.5452054873790511,3,0.3576148603774041,2,0.320737203556545,0.3698412676316939,0.16241055624759942,0.5159415076863496,0.29776191643243705,0.4136713396480906,1-3,1-2,0.17486768338564002,0.19497358424605388,0.08854712647447523,0.07372350013701569,0.013093603291109842,True,False,False,False,予選特選,2026-09-28,場特性:in_escape_diff,-0.2027,1号艇の節間得点,-0.0817,1号艇の級別順位,0.0795,レース時間帯,0.0791,風速区分,0.0748,3号艇のwin_rate_rank_2to6,0.0757,場特性:1x_diff_course3,-0.0468,3号艇のcumulative_diff_rank_2to6,0.0398,3号艇のracer_2nd_te,0.0275,5号艇の一般戦2連率,-0.0252,2号艇の全国勝率,0.0626,レース時間帯,-0.0435,2号艇のモーター2連率,-0.0373,2号艇の当地勝率,-0.0345,2号艇のwin_rate_rank_2to6,-0.0283,0.1295,北西 1.3m/s,[逃げ]場特性:in_escape_diffが不利(-20.3pt)、1号艇の節間得点が不利(-8.2pt) / [2着]3号艇のwin_rate_rank_2to6が有利(+7.6pt)、場特性:1x_diff_course3が不利(-4.7pt) / [候補2]2号艇の全国勝率が有利(+6.3pt)、レース時間帯が不利(-4.3pt) / [除外]6号艇のwin_rate_rank_2to6が不利(-6.9pt)、6号艇のvs_avg456_diffが不利(-5.6pt)、天気+13.0pt
80,04,平和島,5,12:55,0.7260246774700898,2,0.30487240502593294,5,0.2546134353474715,0.4062005268061831,0.23391610216485098,0.32556973820855345,0.2921803140928094,0.3820112902268942,1-2,1-5,0.22134488952848355,0.1698288626292965,0.10017349255633141,0.18485563727769955,0.04982179277362608,True,True,False,False,東京ベイラン,2026-09-28,1号艇のdominance,0.3069,1号艇のvs_max234_diff,0.1566,場特性:in_escape_diff,-0.143,1号艇のracer_win_te,0.1117,1号艇の勝率順位,0.0896,2号艇のclass_rank_2to6,-0.0509,2号艇の当地勝率,-0.0505,2号艇のモーター2連率,-0.0453,2号艇のwin_rate_rank_2to6,-0.0446,1号艇vs2号艇のlocal_win_rate差,-0.0372,5号艇のwin_rate_rank_2to6,0.2029,mean_234_全国勝率,0.0698,5号艇のclass_rank_2to6,-0.0628,1号艇vs4号艇の勝率差,0.062,5号艇のsession_exh_rel_avg,0.0509,0.0375,北西 1.0m/s,[逃げ]1号艇のdominanceが有利(+30.7pt)、1号艇のvs_max234_diffが有利(+15.7pt) / [2着]2号艇のclass_rank_2to6が不利(-5.1pt)、2号艇の当地勝率が不利(-5.0pt) / [候補2]5号艇のwin_rate_rank_2to6が有利(+20.3pt)、mean_234_全国勝率が有利(+7.0pt) / [除外]4号艇のwin_rate_rank_2to6が不利(-6.0pt)、天気+3.8pt
81,16,児島,3,11:40,0.6551398926438382,4,0.3495384110526401,2,0.23894849527491294,0.38554124863373757,0.20353942806751657,0.3849474782600365,0.291373834341721,0.3853631175216272,1-4,1-2,0.15654469154181314,0.13334679905294103,0.22899655709192443,0.11035978433489146,0.02589205818168183,True,True,False,False,予選,2026-09-28,1号艇のracer_win_te,0.1505,1号艇の級別順位,0.0882,1号艇の全国勝率,0.0738,1号艇のdominance,0.0711,1号艇の節間得点,-0.0625,4号艇のwin_rate_rank_2to6,0.1899,4号艇の全国勝率,0.1628,4号艇のsession_exh_rel_avg,0.0759,4号艇のclass_rank_2to6,-0.068,4号艇のcumulative_diff_rank_2to6,0.0547,2号艇のwin_rate_rank_2to6,-0.1208,2号艇の全国勝率,0.0546,2号艇のclass_rank_2to6,-0.053,2号艇のモーター2連率,-0.0386,second_best_win_rate,-0.0308,0.0233,西 3.6m/s,[逃げ]1号艇のracer_win_teが有利(+15.0pt)、1号艇の級別順位が有利(+8.8pt) / [2着]4号艇のwin_rate_rank_2to6が有利(+19.0pt)、4号艇の全国勝率が有利(+16.3pt) / [候補2]2号艇のwin_rate_rank_2to6が不利(-12.1pt)、2号艇の全国勝率が有利(+5.5pt)、天気+2.3pt
82,05,多摩川,8,14:32,0.4932192048410454,4,0.45322028647619306,2,0.2795387562975449,0.3614108324169486,0.16775025213179737,0.5650087906419405,0.28865872250362157,0.4224902198844461,1-4,1-2,0.13787388310332988,0.08273764596832998,0.22353694931361875,0.01618804428156459,0.032882667015778265,True,True,False,False,予選,2026-09-28,3号艇の枠別出走数,-0.089,1号艇の勝率順位,-0.0729,1号艇の級別順位,0.0718,1号艇の節間得点,-0.068,1号艇vs4号艇のcumulative差,-0.0661,4号艇のwin_rate_rank_2to6,0.2084,4号艇のclass_rank_2to6,0.1794,4号艇のcumulative_diff_rank_2to6,0.0883,5号艇のracer_win_te,0.0849,4号艇のsession_exh_rel_avg,0.0814,2号艇のsession_exh_rel_avg,-0.0774,2号艇の全国勝率,0.0638,2号艇のwin_rate_rank_2to6,0.0514,2号艇のracer_avgfin_te,-0.0502,2号艇の節間得点,-0.0462,0.0027,北 1.1m/s,[逃げ]3号艇の枠別出走数が不利(-8.9pt)、1号艇の勝率順位が不利(-7.3pt) / [2着]4号艇のwin_rate_rank_2to6が有利(+20.8pt)、4号艇のclass_rank_2to6が有利(+17.9pt) / [候補2]2号艇のsession_exh_rel_avgが不利(-7.7pt)、2号艇の全国勝率が有利(+6.4pt) / [除外]5号艇のracer_win_teが不利(-12.9pt)、5号艇のracer_avgfin_teが不利(-6.3pt)、天気影響ほぼなし
83,13,尼崎,4,11:52,0.5185975729705752,4,0.41607261346601343,3,0.2745782611059087,0.358169867323004,0.19055036753394658,0.5001005070379756,0.27627058749342404,0.4007490592374955,1-4,1-3,0.09881895813175579,0.14239561980000515,0.2157742475229988,0.05945949855555679,0.002149254393801948,True,True,False,False,一般,2026-09-28,1号艇の級別順位,-0.1065,1号艇の勝率順位,-0.0781,1号艇vs4号艇のcumulative差,-0.0704,4号艇のsession_exh_rel_avg,-0.0667,場特性:in_escape_diff,0.0573,4号艇のwin_rate_rank_2to6,0.1993,4号艇の節間得点,0.1646,4号艇のclass_rank_2to6,0.1289,4号艇の全国勝率,0.1206,4号艇のcumulative_diff_rank_2to6,0.0736,3号艇のwin_rate_rank_2to6,-0.1005,3号艇のsession_exh_rel_avg,0.0686,3号艇の節間得点,0.0527,3号艇のcumulative_diff_rank_2to6,0.0486,3号艇の全国勝率,0.0419,0.023,南西 2.9m/s,[逃げ]1号艇の級別順位が不利(-10.6pt)、1号艇の勝率順位が不利(-7.8pt) / [2着]4号艇のwin_rate_rank_2to6が有利(+19.9pt)、4号艇の節間得点が有利(+16.5pt) / [候補2]3号艇のwin_rate_rank_2to6が不利(-10.1pt)、3号艇のsession_exh_rel_avgが有利(+6.9pt) / [除外]6号艇のvs_avg456_diffが不利(-12.6pt)、6号艇のwin_rate_rank_2to6が不利(-8.8pt)、天気+2.3pt
84,02,戸田,1,10:47,0.573877933406726,4,0.32241323623359824,3,0.30666872883079577,0.3610162580545966,0.19819847160529452,0.43088349345909943,0.2751528133692962,0.3819764286759474,1-4,1-3,0.11374172928921808,0.17599041634188473,0.1850258417127119,0.061868149689704326,0.03725179423534503,False,False,True,False,予選,2026-09-28,場特性:in_escape_diff,-0.1676,1号艇のsession_exh_rel_avg,0.1539,1号艇のdominance,0.1493,1号艇の年齢,-0.1207,1号艇のvs_max234_diff,0.077,4号艇のwin_rate_rank_2to6,0.1205,4号艇のsession_exh_rel_avg,0.0885,4号艇のclass_rank_2to6,-0.0784,1号艇のsession_exh_rel_last,0.0517,5号艇のsession_exh_rel_delta,0.0414,3号艇のwin_rate_rank_2to6,-0.0967,3号艇のsession_exh_rel_avg,0.0596,3号艇の当地勝率,-0.0445,3号艇のモーター2連率,-0.0441,second_best_win_rate,0.0383,-0.0161,北西 1.1m/s,[逃げ]場特性:in_escape_diffが不利(-16.8pt)、1号艇のsession_exh_rel_avgが有利(+15.4pt) / [2着]4号艇のwin_rate_rank_2to6が有利(+12.0pt)、4号艇のsession_exh_rel_avgが有利(+8.8pt) / [候補2]3号艇のwin_rate_rank_2to6が不利(-9.7pt)、3号艇のsession_exh_rel_avgが有利(+6.0pt) / [除外]6号艇のsession_exh_rel_avgが不利(-7.1pt)、5号艇のsession_exh_rel_avgが不利(-6.2pt)、天気-1.6pt
85,04,平和島,10,15:29,0.6586301066895396,2,0.3026915311478241,4,0.29515213200459933,0.3937578356457458,0.2557373474254357,0.34210631572698774,0.27291953434651733,0.37826237967011833,1-2,1-4,0.1993617554539115,0.16843631641931456,0.19439608019183433,0.05592897397515634,0.04050698801008788,True,False,False,False,予選特賞,2026-09-28,1号艇のdominance,0.2544,1号艇の年齢,-0.2154,場特性:in_escape_diff,-0.1268,1号艇のvs_max234_diff,0.0886,1号艇の勝率順位,0.0838,2号艇のwin_rate_rank_2to6,0.065,3号艇の全国勝率,-0.0413,2号艇のモーター2連率,0.038,2号艇の全国勝率,0.0325,1号艇の年齢,-0.0324,4号艇のwin_rate_rank_2to6,0.1713,4号艇のsession_exh_rel_avg,0.0674,4号艇のclass_rank_2to6,0.0543,4号艇のcumulative_diff_rank_2to6,0.0542,4号艇の年齢,-0.0484,0.0333,北西 2.4m/s,[逃げ]1号艇のdominanceが有利(+25.4pt)、1号艇の年齢が不利(-21.5pt) / [2着]2号艇のwin_rate_rank_2to6が有利(+6.5pt)、3号艇の全国勝率が不利(-4.1pt) / [候補2]4号艇のwin_rate_rank_2to6が有利(+17.1pt)、4号艇のsession_exh_rel_avgが有利(+6.7pt)、天気+3.3pt
86,21,芦屋,7,11:35,0.43705663330500666,2,0.505460133452863,3,0.2828678378976833,0.34454396909863555,0.17491007166303246,0.6134178996875139,0.272226916707306,0.425206148275299,1-2,1-3,0.22091470419680767,0.12362926490182785,0.07644560705218241,0.004323645935318776,0.01174341956320444,True,True,False,False,一般,2026-09-28,1号艇のracer_win_te,-0.1915,1号艇のdominance,-0.1573,1号艇の全国2連率,-0.1024,1号艇の級別順位,0.0914,1号艇の全国勝率,-0.0812,2号艇のwin_rate_rank_2to6,0.1811,3号艇のracer_2nd_te,0.0935,全艇平均勝率,0.0806,2号艇のsession_exh_rel_avg,0.0721,3号艇のモーター出走数,0.0511,3号艇のwin_rate_rank_2to6,-0.1446,3号艇のsession_exh_rel_avg,0.1018,3号艇の全国勝率,-0.1006,3号艇のracer_win_te,-0.0704,6号艇のモーター出走数,0.0686,0.1063,北 1.7m/s,[逃げ]1号艇のracer_win_teが不利(-19.2pt)、1号艇のdominanceが不利(-15.7pt) / [2着]2号艇のwin_rate_rank_2to6が有利(+18.1pt)、3号艇のracer_2nd_teが有利(+9.4pt) / [候補2]3号艇のwin_rate_rank_2to6が不利(-14.5pt)、3号艇のsession_exh_rel_avgが有利(+10.2pt) / [除外]5号艇のracer_win_teが不利(-10.2pt)、6号艇の女子戦比率が不利(-6.7pt)、天気+10.6pt
87,14,鳴門,12,14:07,0.49875773889704234,2,0.3585098058512568,3,0.3100191354108185,0.3334339831311063,0.15367029869293725,0.514858642569138,0.2719473033925468,0.38786138096251577,1-2,1-3,0.17880954013879047,0.1546244429923158,0.06901967791040954,0.0766442507117225,0.01965981506669111,True,True,False,False,特選,2026-09-28,1号艇のdominance,0.1813,1号艇のsession_exh_rel_avg,0.1612,1号艇の年齢,-0.1473,場特性:in_escape_diff,-0.1443,1号艇vs3号艇のcumulative差,-0.1161,2号艇のwin_rate_rank_2to6,-0.1241,2号艇の当地勝率,0.0936,2号艇のsession_exh_rel_avg,0.0469,2号艇の全国勝率,0.0387,1号艇の年齢,-0.0351,3号艇の当地勝率,0.1162,3号艇のwin_rate_rank_2to6,-0.095,3号艇のsession_exh_rel_avg,0.0837,3号艇のcumulative_diff_rank_2to6,0.063,3号艇の節間得点,0.0424,0.0687,北西 2.6m/s,[逃げ]1号艇のdominanceが有利(+18.1pt)、1号艇のsession_exh_rel_avgが有利(+16.1pt) / [2着]2号艇のwin_rate_rank_2to6が不利(-12.4pt)、2号艇の当地勝率が有利(+9.4pt) / [候補2]3号艇の当地勝率が有利(+11.6pt)、3号艇のwin_rate_rank_2to6が不利(-9.5pt)、天気+6.9pt
88,04,平和島,8,14:22,0.5061860023478583,4,0.38251066108057263,3,0.3233003691053862,0.357271663782854,0.20076546347778557,0.5050455667081732,0.2711982903826409,0.4016038346604498,1-4,1-3,0.10162466736733522,0.16365012139504245,0.19362154238781157,0.03502710019364289,0.012262575246828228,True,True,False,False,ベイブレイク,2026-09-28,場特性:in_escape_diff,-0.1495,1号艇のdominance,-0.1449,1号艇の年齢,-0.0851,1号艇のvs_max234_diff,-0.0692,風速区分,0.0679,4号艇のwin_rate_rank_2to6,0.2356,4号艇のclass_rank_2to6,0.2261,4号艇のモーター2連率,0.0632,4号艇の全国勝率,0.0581,win_rate_gap_top2_2to6,0.0509,3号艇のwin_rate_rank_2to6,0.0564,6号艇の体重,-0.0423,3号艇のcumulative_diff_rank_2to6,0.0399,3号艇の全国勝率,-0.0396,3号艇のモーター2連率,-0.0393,0.0444,西 1.2m/s,[逃げ]場特性:in_escape_diffが不利(-15.0pt)、1号艇のdominanceが不利(-14.5pt) / [2着]4号艇のwin_rate_rank_2to6が有利(+23.6pt)、4号艇のclass_rank_2to6が有利(+22.6pt) / [候補2]3号艇のwin_rate_rank_2to6が有利(+5.6pt)、6号艇の体重が不利(-4.2pt) / [除外]6号艇のvs_avg456_diffが不利(-6.1pt)、天気+4.4pt
89,05,多摩川,1,11:07,0.4585721644741798,3,0.3882544728613938,2,0.37438274348999034,0.3497241990108176,0.18905596223629523,0.5735812541150889,0.2703832650572483,0.41688131554209895,1-3,1-2,0.17168150502398652,0.17804269398683106,0.08669580180944671,0.018142711024732007,0.004009446436543735,True,True,False,False,予選,2026-09-28,1号艇のdominance,-0.2425,1号艇のsession_exh_rel_avg,0.1841,1号艇のvs_max234_diff,-0.0936,1号艇のracer_win_te,-0.0927,1号艇の級別順位,-0.0881,3号艇のwin_rate_rank_2to6,0.1878,3号艇のsession_exh_rel_avg,0.055,1号艇vs3号艇のcumulative差,0.0516,3号艇の全国勝率,0.0409,3号艇のsession_exh_rel_last,0.034,2号艇のsession_exh_rel_avg,0.0525,1号艇のsession_rank_diff_last,0.0321,2号艇の全国2連率,0.0306,2号艇のwin_rate_rank_2to6,-0.0278,2号艇の当地勝率,-0.0276,0.0457,北 0.8m/s,[逃げ]1号艇のdominanceが不利(-24.3pt)、1号艇のsession_exh_rel_avgが有利(+18.4pt) / [2着]3号艇のwin_rate_rank_2to6が有利(+18.8pt)、3号艇のsession_exh_rel_avgが有利(+5.5pt) / [候補2]2号艇のsession_exh_rel_avgが有利(+5.3pt)、1号艇のsession_rank_diff_lastが有利(+3.2pt) / [除外]6号艇のwin_rate_rank_2to6が不利(-7.0pt)、天気+4.6pt
90,15,丸亀,7,17:59,0.3777741106895367,3,0.4142299488441784,2,0.4079933371140587,0.31061467064110165,0.10873719290342566,0.7134860930548115,0.27008422980893904,0.4314760973652146,1-3,1-2,0.15412932009551988,0.15648535054558177,0.04107809634796823,0.025390233913844883,0.0006911185383821443,True,False,False,False,ざるうどん７,2026-09-28,1号艇の女子戦比率,-0.1469,4号艇のモーター2連率,-0.1243,6号艇の枠別出走数,-0.0994,1号艇のdominance,-0.0988,1号艇の級別順位,-0.0855,3号艇のwin_rate_rank_2to6,0.1791,3号艇のsession_exh_rel_avg,0.1052,6号艇の年齢,0.0878,3号艇の当地勝率,0.0681,3号艇のclass_rank_2to6,0.0514,2号艇のsession_exh_rel_avg,0.095,1号艇vs2号艇の枠別平均ST差,0.0632,4号艇のモーター2連率,0.0493,2号艇の全国勝率,0.0475,2号艇のwin_rate_rank_2to6,-0.0421,0.0645,北西 1.4m/s,[逃げ]1号艇の女子戦比率が不利(-14.7pt)、4号艇のモーター2連率が不利(-12.4pt) / [2着]3号艇のwin_rate_rank_2to6が有利(+17.9pt)、3号艇のsession_exh_rel_avgが有利(+10.5pt) / [候補2]2号艇のsession_exh_rel_avgが有利(+9.5pt)、1号艇vs2号艇の枠別平均ST差が有利(+6.3pt) / [除外]6号艇の全国勝率が不利(-15.8pt)、6号艇の直近平均着順が不利(-11.3pt)、天気+6.4pt
91,13,尼崎,2,10:59,0.3429022372462386,2,0.5566743887526604,3,0.29561622593658954,0.2922523585609157,0.06557453354731363,0.7867160811419363,0.2692551840520345,0.4405914753352218,1-2,1-3,0.1908848933209696,0.1013674652399461,0.02248565425975237,0.018495059759798746,0.009669166581887335,False,False,True,False,一般,2026-09-28,1号艇のdominance,-0.2389,1号艇のracer_win_te,-0.2242,1号艇の直近1着率,-0.1102,1号艇の節間得点,0.0862,1号艇の級別順位,-0.0819,2号艇のwin_rate_rank_2to6,0.2063,2号艇のclass_rank_2to6,0.0832,2号艇のsession_exh_rel_avg,0.0519,2号艇の全国勝率,0.0476,2号艇のracer_avgfin_te,0.0461,3号艇のsession_exh_rel_avg,0.1205,3号艇の節間得点,-0.0878,1号艇vs2号艇のplace_rate差,0.0609,3号艇のcumulative_diff_rank_2to6,-0.0525,3号艇のwin_rate_rank_2to6,0.0488,0.0261,南西 1.1m/s,[逃げ]1号艇のdominanceが不利(-23.9pt)、1号艇のracer_win_teが不利(-22.4pt) / [2着]2号艇のwin_rate_rank_2to6が有利(+20.6pt)、2号艇のclass_rank_2to6が有利(+8.3pt) / [候補2]3号艇のsession_exh_rel_avgが有利(+12.0pt)、3号艇の節間得点が不利(-8.8pt) / [除外]4号艇のwin_rate_rank_2to6が不利(-5.5pt)、天気+2.6pt
92,21,芦屋,6,11:03,0.44536588908222563,4,0.5357673550666496,6,0.15709726246862238,0.3085782664022126,0.12156747091168796,0.571297146623584,0.2635625710924165,0.387393930468624,1-4,1-6,0.036710152888839706,0.0459354716615807,0.23861250443049087,0.054142004766061506,0.06996576197172176,True,True,False,False,一般,2026-09-28,1号艇のdominance,-0.2188,1号艇のracer_win_te,-0.1418,1号艇のsession_exh_rel_avg,0.1219,1号艇vs4号艇のcumulative差,-0.0855,1号艇の節間得点,0.0824,4号艇の節間得点,0.1663,3号艇の平均ST,0.1402,6号艇の節間得点,-0.1129,1号艇のモーター出走数,0.1102,4号艇のwin_rate_rank_2to6,0.0921,6号艇のwin_rate_rank_2to6,0.2764,4号艇のモーター出走数,0.1776,6号艇の全国勝率,0.154,2号艇のracer_win_te,0.1259,6号艇のvs_avg456_diff,0.1221,0.0533,北西 1.7m/s,[逃げ]1号艇のdominanceが不利(-21.9pt)、1号艇のracer_win_teが不利(-14.2pt) / [2着]4号艇の節間得点が有利(+16.6pt)、3号艇の平均STが有利(+14.0pt) / [候補2]6号艇のwin_rate_rank_2to6が有利(+27.6pt)、4号艇のモーター出走数が有利(+17.8pt) / [除外]2号艇の全国勝率が不利(-5.5pt)、2号艇のwin_rate_rank_2to6が不利(-5.5pt)、天気+5.3pt
93,09,津,8,13:55,0.7200404683667976,4,0.24766392173869214,3,0.23371174988769372,0.3466099640582446,0.2056620726627718,0.275713598963614,0.2610685357216997,0.3253410545298554,1-4,1-3,0.14808501512538857,0.16828191785195884,0.17832804620628578,0.08135947654529187,0.14398602336731162,True,True,False,False,一般,2026-09-28,1号艇のsession_exh_rel_avg,0.1553,風速区分,0.0811,1号艇のモーター2連率,0.0803,1号艇のvs_max234_diff,0.0742,1号艇の級別順位,0.074,4号艇のwin_rate_rank_2to6,0.1165,4号艇のsession_exh_rel_avg,0.1061,4号艇のclass_rank_2to6,-0.0865,4号艇の節間得点,0.0662,4号艇のcumulative_diff_rank_2to6,0.0604,6号艇のモーター出走数,0.1142,3号艇のwin_rate_rank_2to6,-0.0804,3号艇の節間得点,-0.0703,3号艇の全国勝率,-0.0653,3号艇のracer_avgfin_te,-0.063,0.0387,南西 1.1m/s,[逃げ]1号艇のsession_exh_rel_avgが有利(+15.5pt)、風速区分が有利(+8.1pt) / [2着]4号艇のwin_rate_rank_2to6が有利(+11.6pt)、4号艇のsession_exh_rel_avgが有利(+10.6pt) / [候補2]6号艇のモーター出走数が有利(+11.4pt)、3号艇のwin_rate_rank_2to6が不利(-8.0pt) / [除外]4号艇の女子戦2連率が不利(-10.5pt)、5号艇のracer_avgfin_teが不利(-5.5pt)、天気+3.9pt
94,19,下関,7,18:17,0.6574588861774031,4,0.2881170352664173,3,0.2516039073009897,0.35484432974698554,0.22102701149914128,0.3186939310682657,0.2607281116453151,0.34399921014336954,1-4,1-3,0.1453161727953455,0.16541922465199127,0.1894251050949943,0.041157400045784574,0.1161409835892875,True,False,False,False,ふく～る戦,2026-09-28,場特性:in_escape_diff,0.082,1号艇の年齢,-0.0759,4号艇のsession_exh_rel_avg,-0.061,1号艇のvs_max234_diff,0.0563,1号艇のモーター2連率順位,0.0536,5号艇のracer_win_te,0.1497,4号艇のsession_exh_rel_avg,0.0869,4号艇のwin_rate_rank_2to6,-0.0766,4号艇の女子戦比率,-0.0747,6号艇の直近1着率,0.0696,3号艇の節間得点,-0.0719,3号艇のsession_exh_rel_avg,-0.051,1号艇vs5号艇の枠別平均ST差,0.0396,3号艇のwin_rate_rank_2to6,0.0369,3号艇のモーター2連率,-0.0367,0.0834,北西 2.4m/s,[逃げ]場特性:in_escape_diffが有利(+8.2pt)、1号艇の年齢が不利(-7.6pt) / [2着]5号艇のracer_win_teが有利(+15.0pt)、4号艇のsession_exh_rel_avgが有利(+8.7pt) / [候補2]3号艇の節間得点が不利(-7.2pt)、3号艇のsession_exh_rel_avgが不利(-5.1pt) / [除外]5号艇のracer_win_teが不利(-9.3pt)、win_rate_range_1to6が不利(-6.9pt)、天気+8.3pt
95,02,戸田,5,12:44,0.5712951937333837,4,0.3496861727311257,2,0.30041758594377094,0.37140115275897595,0.2514737504697505,0.39863000820514605,0.2593239837832699,0.379569809392827,1-4,1-2,0.17162712296266205,0.1436657449934767,0.1997740297963139,0.05420558637948115,0.002022712261750364,True,True,False,False,ウインウイン,2026-09-28,1号艇のdominance,-0.2476,1号艇のsession_exh_rel_avg,0.1325,場特性:in_escape_diff,-0.1324,6号艇の枠別出走数,-0.1178,1号艇の節間得点,0.106,4号艇のclass_rank_2to6,0.2187,4号艇のwin_rate_rank_2to6,0.2087,4号艇の全国勝率,0.0856,4号艇の年齢,-0.0837,4号艇のsession_exh_rel_avg,0.0627,2号艇のsession_exh_rel_avg,-0.1064,win_rate_gap_top2_2to6,-0.0583,2号艇の体重,-0.0562,3号艇のracer_win_te,0.0446,3号艇の全国勝率,-0.0405,-0.034,北西 0.4m/s,[逃げ]1号艇のdominanceが不利(-24.8pt)、1号艇のsession_exh_rel_avgが有利(+13.2pt) / [2着]4号艇のclass_rank_2to6が有利(+21.9pt)、4号艇のwin_rate_rank_2to6が有利(+20.9pt) / [候補2]2号艇のsession_exh_rel_avgが不利(-10.6pt)、win_rate_gap_top2_2to6が不利(-5.8pt) / [除外]6号艇の全国勝率が不利(-16.2pt)、6号艇のvs_avg456_diffが不利(-12.9pt)、天気-3.4pt
96,02,戸田,3,11:45,0.35909906887525317,2,0.6871627293745521,3,0.11029589083582428,0.2863666479840903,0.08086301159431011,0.7165956086160663,0.25857888449269684,0.4154353361736831,1-2,1-3,0.24675949628417926,0.03960715169991107,0.01955967392905825,0.024134915461013193,0.029037832169965562,True,True,False,False,予選,2026-09-28,1号艇のdominance,-0.1616,場特性:in_escape_diff,-0.1081,1号艇の節間得点,0.1064,2号艇のモーター2連率,-0.1019,1号艇のvs_max234_diff,-0.0922,2号艇のwin_rate_rank_2to6,0.1998,2号艇のclass_rank_2to6,0.1073,2号艇のモーター2連率,0.0908,2号艇の節間得点,0.0772,2号艇のsession_exh_rel_avg,0.0698,3号艇のwin_rate_rank_2to6,-0.1283,3号艇のracer_avgfin_te,-0.1032,3号艇のracer_win_te,-0.0978,3号艇のracer_2nd_te,-0.0696,3号艇の全国勝率,-0.059,0.0013,北西 1.2m/s,[逃げ]1号艇のdominanceが不利(-16.2pt)、場特性:in_escape_diffが不利(-10.8pt) / [2着]2号艇のwin_rate_rank_2to6が有利(+20.0pt)、2号艇のclass_rank_2to6が有利(+10.7pt) / [候補2]3号艇のwin_rate_rank_2to6が不利(-12.8pt)、3号艇のracer_avgfin_teが不利(-10.3pt) / [除外]5号艇のracer_avgfin_teが不利(-7.5pt)、1号艇vs5号艇の枠別平均ST差が不利(-6.0pt)、天気影響ほぼなし
97,02,戸田,10,15:21,0.34912884280165013,2,0.5517019703682533,3,0.27750420549453475,0.2894997926229568,0.0965733611482103,0.7326328147145778,0.25595023099258624,0.42243969925044306,1-2,1-3,0.19261507048605855,0.09688472213689824,0.0337165458231405,0.013828680609941498,0.012083830898945984,True,False,False,False,戸田特賞,2026-09-28,場特性:in_escape_diff,-0.183,4号艇のsession_exh_rel_avg,-0.1476,風速区分,0.095,1号艇の年齢,-0.0854,レース時間帯,0.0774,2号艇のwin_rate_rank_2to6,0.1792,2号艇のclass_rank_2to6,0.1129,2号艇の当地勝率,0.1093,2号艇のsession_exh_rel_avg,0.0735,1号艇の年齢,0.0689,3号艇のsession_exh_rel_avg,0.1355,3号艇のwin_rate_rank_2to6,-0.1118,3号艇のモーター2連率,0.0688,3号艇のracer_avgfin_te,0.0564,1号艇vs3号艇のcumulative差,0.044,0.0967,東 0.4m/s,[逃げ]場特性:in_escape_diffが不利(-18.3pt)、4号艇のsession_exh_rel_avgが不利(-14.8pt) / [2着]2号艇のwin_rate_rank_2to6が有利(+17.9pt)、2号艇のclass_rank_2to6が有利(+11.3pt) / [候補2]3号艇のsession_exh_rel_avgが有利(+13.6pt)、3号艇のwin_rate_rank_2to6が不利(-11.2pt) / [除外]6号艇のsession_exh_rel_avgが不利(-6.0pt)、天気+9.7pt
98,16,児島,1,10:41,0.649344092581104,4,0.30512999945103125,2,0.2651358372909367,0.3702987522892172,0.2597265008261296,0.3105393359158384,0.25488707325838506,0.35237092737720355,1-4,1-2,0.17216438967641454,0.16865186899820847,0.19813436261280265,0.09222383191697288,0.018169639376705498,False,False,True,False,予選,2026-09-28,1号艇のracer_win_te,0.2104,1号艇の級別順位,0.0819,4号艇のモーター2連率,-0.062,2号艇の体重,0.0598,1号艇の節間得点,-0.0588,4号艇のwin_rate_rank_2to6,0.2014,4号艇の全国勝率,0.16,2号艇のracer_avgfin_te,-0.0832,4号艇のclass_rank_2to6,-0.08,4号艇のモーター2連率,0.0697,2号艇の枠別出走数,-0.1856,2号艇の当地勝率,0.0944,2号艇の全国勝率,0.0626,2号艇のclass_rank_2to6,-0.0558,1号艇vs6号艇の枠別勝率差,-0.0461,0.0329,南西 3.3m/s,[逃げ]1号艇のracer_win_teが有利(+21.0pt)、1号艇の級別順位が有利(+8.2pt) / [2着]4号艇のwin_rate_rank_2to6が有利(+20.1pt)、4号艇の全国勝率が有利(+16.0pt) / [候補2]2号艇の枠別出走数が不利(-18.6pt)、2号艇の当地勝率が有利(+9.4pt) / [除外]6号艇のwin_rate_rank_2to6が不利(-6.8pt)、天気+3.3pt
99,02,戸田,12,16:30,0.5381872235604499,5,0.41780792859459526,2,0.23250081616144944,0.349987857797337,0.23231011438936894,0.4179986303666758,0.2524209946615895,0.3703910895681386,1-5,1-2,0.12512896872546905,0.125026335468225,0.037837299364424024,0.22485888907186793,0.025335735942723016,True,False,False,False,記者選抜戦,2026-09-28,場特性:in_escape_diff,-0.2068,1号艇のsession_exh_rel_avg,-0.1788,race_no,0.1546,1号艇のracer_win_te,0.1228,風速区分,0.0973,5号艇のwin_rate_rank_2to6,0.2785,5号艇のclass_rank_2to6,0.1955,5号艇のモーター2連率,0.1358,5号艇の節間得点,0.1045,1号艇vs4号艇の勝率差,0.1039,2号艇のsession_exh_rel_avg,-0.1534,2号艇のwin_rate_rank_2to6,-0.1319,2号艇の全国勝率,0.0576,1号艇の一般戦勝率,-0.0567,レース時間帯,-0.0477,0.1333,南 0.5m/s,[逃げ]場特性:in_escape_diffが不利(-20.7pt)、1号艇のsession_exh_rel_avgが不利(-17.9pt) / [2着]5号艇のwin_rate_rank_2to6が有利(+27.8pt)、5号艇のclass_rank_2to6が有利(+19.5pt) / [候補2]2号艇のsession_exh_rel_avgが不利(-15.3pt)、2号艇のwin_rate_rank_2to6が不利(-13.2pt) / [除外]4号艇のwin_rate_rank_2to6が不利(-6.2pt)、天気+13.3pt
100,15,丸亀,10,19:38,0.5223404366139776,2,0.4360086464662607,5,0.21678712855160603,0.3409816301425924,0.21676190257638622,0.43603387244148056,0.25228743787062524,0.36949730283225884,1-2,1-5,0.227744946762656,0.11322350683302605,0.05931481554578662,0.11323668337993638,0.008820488957246981,True,False,False,False,蒼月まるる特,2026-09-28,1号艇のdominance,-0.2373,1号艇のsession_exh_rel_avg,0.1353,1号艇の級別順位,-0.1214,1号艇vs2号艇のcumulative差,-0.0954,5号艇のsession_exh_rel_avg,-0.0809,2号艇のclass_rank_2to6,0.082,2号艇の全国勝率,0.0503,3号艇の全国勝率,-0.05,2号艇のwin_rate_rank_2to6,0.0463,1号艇vs2号艇のcumulative差,0.0461,5号艇のwin_rate_rank_2to6,0.2445,5号艇のclass_rank_2to6,0.1985,5号艇の年齢,-0.0883,3号艇のモーター2連率,0.0841,5号艇のsession_exh_rel_avg,0.0747,0.1396,北西 1.4m/s,[逃げ]1号艇のdominanceが不利(-23.7pt)、1号艇のsession_exh_rel_avgが有利(+13.5pt) / [2着]2号艇のclass_rank_2to6が有利(+8.2pt)、2号艇の全国勝率が有利(+5.0pt) / [候補2]5号艇のwin_rate_rank_2to6が有利(+24.5pt)、5号艇のclass_rank_2to6が有利(+19.9pt) / [除外]5号艇の直近1着率が不利(-8.6pt)、6号艇のwin_rate_rank_2to6が不利(-6.3pt)、天気+14.0pt
101,19,下関,4,16:36,0.5310857077155761,3,0.3495599976049573,2,0.25664171431143207,0.3219450651915094,0.20543821689916977,0.40076349501721964,0.2425772810325926,0.34559059413922244,1-3,1-2,0.13629874647442558,0.18564631871708384,0.10910530081372159,0.05376179496699875,0.046273532894207235,True,False,False,False,一般,2026-09-28,1号艇のdominance,-0.1476,1号艇のracer_win_te,-0.0893,3号艇のracer_win_te,-0.0795,1号艇の節間得点,0.0779,1号艇の級別順位,-0.0759,3号艇の当地勝率,0.102,3号艇のsession_exh_rel_avg,0.0921,6号艇のracer_2nd_te,-0.0659,場特性:1x_diff_course3,0.0571,3号艇のclass_rank_2to6,0.0423,2号艇のwin_rate_rank_2to6,-0.1109,2号艇のsession_exh_rel_avg,-0.0676,2号艇のclass_rank_2to6,-0.045,2号艇のモーター2連率,-0.0402,2号艇の直近平均着順,0.0282,0.0521,北西 1.5m/s,[逃げ]1号艇のdominanceが不利(-14.8pt)、1号艇のracer_win_teが不利(-8.9pt) / [2着]3号艇の当地勝率が有利(+10.2pt)、3号艇のsession_exh_rel_avgが有利(+9.2pt) / [候補2]2号艇のwin_rate_rank_2to6が不利(-11.1pt)、2号艇のsession_exh_rel_avgが不利(-6.8pt) / [除外]3号艇のracer_win_teが不利(-5.1pt)、天気+5.2pt
102,04,平和島,3,11:54,0.35638170547305037,2,0.4886803400168741,3,0.2808924008495716,0.27426164587555374,0.10724804203113636,0.6623246988353093,0.23896481644628573,0.3906805617634804,1-2,1-3,0.17415673300636375,0.10010491286919004,0.03822124012770176,0.016579111536069033,0.02731969996797395,True,True,False,False,予選,2026-09-28,1号艇のdominance,-0.1427,場特性:in_escape_diff,-0.1156,1号艇の全国勝率,-0.0787,風速区分,0.0741,1号艇の級別順位,-0.0738,2号艇のwin_rate_rank_2to6,0.1654,2号艇の当地勝率,0.11,2号艇のclass_rank_2to6,0.1075,2号艇のracer_avgfin_te,0.0584,2号艇の全国勝率,0.0575,3号艇のwin_rate_rank_2to6,-0.0775,3号艇の全国勝率,-0.0489,3号艇のracer_avgfin_te,0.0476,3号艇のモーター2連率,0.0402,3号艇のcumulative_diff_rank_2to6,0.0377,0.0336,北西 1.8m/s,[逃げ]1号艇のdominanceが不利(-14.3pt)、場特性:in_escape_diffが不利(-11.6pt) / [2着]2号艇のwin_rate_rank_2to6が有利(+16.5pt)、2号艇の当地勝率が有利(+11.0pt) / [候補2]3号艇のwin_rate_rank_2to6が不利(-7.7pt)、3号艇の全国勝率が不利(-4.9pt) / [除外]4号艇のwin_rate_rank_2to6が不利(-5.4pt)、天気+3.4pt
103,21,芦屋,3,09:36,0.49277912073673275,5,0.381526026208331,3,0.2890912437926778,0.3304661886619652,0.23310060759307982,0.43751666240792897,0.23802794542267708,0.36258133078575433,1-5,1-3,0.11486711245291605,0.1424581289288442,0.04261945738027917,0.18800805973312099,0.0048263682077444815,False,False,True,False,サンライズＸ,2026-09-28,1号艇の女子戦比率,-0.2092,1号艇のdominance,-0.0887,6号艇のモーター出走数,-0.0775,1号艇の節間得点,0.0767,1号艇の年齢,-0.0764,5号艇のwin_rate_rank_2to6,0.2478,5号艇のclass_rank_2to6,0.2059,1号艇の女子戦2連率,0.1025,5号艇の節間得点,0.0989,1号艇のモーター出走数,0.074,4号艇のモーター出走数,-0.0998,6号艇のモーター出走数,0.0708,6号艇の女子戦比率,0.0622,3号艇のwin_rate_rank_2to6,0.0526,1号艇のracer_2nd_te,0.0453,0.073,北西 1.1m/s,[逃げ]1号艇の女子戦比率が不利(-20.9pt)、1号艇のdominanceが不利(-8.9pt) / [2着]5号艇のwin_rate_rank_2to6が有利(+24.8pt)、5号艇のclass_rank_2to6が有利(+20.6pt) / [候補2]4号艇のモーター出走数が不利(-10.0pt)、6号艇のモーター出走数が有利(+7.1pt) / [除外]6号艇のwin_rate_rank_2to6が不利(-7.0pt)、6号艇の女子戦比率が不利(-5.9pt)、天気+7.3pt
104,14,鳴門,10,13:07,0.4425723354694697,2,0.38550936810791464,4,0.3234518689090418,0.31376663042391867,0.21918297111892987,0.4897782658980266,0.231239867670771,0.366570121066151,1-2,1-4,0.17061578138887928,0.09700431942324213,0.1431508490350394,0.018727494754499578,0.013073883448612439,True,True,False,False,特賞,2026-09-28,場特性:in_escape_diff,-0.1509,1号艇のdominance,-0.1351,1号艇のsession_exh_rel_avg,0.0997,1号艇の級別順位,-0.0833,1号艇のモーター2連率,0.0822,2号艇のsession_exh_rel_avg,-0.129,2号艇のclass_rank_2to6,0.1027,2号艇の一般戦勝率,-0.0553,レース時間帯,-0.0491,2号艇のwin_rate_rank_2to6,0.0473,4号艇のwin_rate_rank_2to6,0.1831,4号艇のsession_exh_rel_avg,0.072,2号艇のsession_exh_rel_delta,0.043,4号艇の節間得点,0.0421,4号艇の年齢,-0.0403,0.0596,北西 3.1m/s,[逃げ]場特性:in_escape_diffが不利(-15.1pt)、1号艇のdominanceが不利(-13.5pt) / [2着]2号艇のsession_exh_rel_avgが不利(-12.9pt)、2号艇のclass_rank_2to6が有利(+10.3pt) / [候補2]4号艇のwin_rate_rank_2to6が有利(+18.3pt)、4号艇のsession_exh_rel_avgが有利(+7.2pt) / [除外]6号艇のsession_exh_rel_avgが不利(-8.1pt)、天気+6.0pt
105,03,江戸川,2,11:41,0.344537980499511,2,0.3915372120823005,3,0.3475322254959086,0.2546374914721056,0.10605449526186661,0.6330149423163426,0.2222309507127192,0.3681507267253767,1-2,1-3,0.13489944034124457,0.11973805113086103,0.036539801620418484,0.02949196568683077,0.02386872172015617,True,True,False,False,予選,2026-09-28,3号艇のsession_exh_rel_avg,-0.1021,1号艇のdominance,-0.0982,1号艇の級別順位,-0.0839,場特性:in_escape_diff,-0.079,風速区分,0.0659,2号艇のsession_exh_rel_avg,-0.1039,2号艇のwin_rate_rank_2to6,0.0609,4号艇のsession_rank_diff_delta,-0.0437,2号艇の全国勝率,0.0346,2号艇のcumulative_diff_rank_2to6,0.0294,3号艇のsession_exh_rel_avg,0.1027,3号艇のsession_exh_rel_last,0.0593,3号艇のwin_rate_rank_2to6,-0.0529,3号艇の一般戦2連率,0.0499,3号艇の全国勝率,-0.0445,0.0258,南西 0.4m/s,[逃げ]3号艇のsession_exh_rel_avgが不利(-10.2pt)、1号艇のdominanceが不利(-9.8pt) / [2着]2号艇のsession_exh_rel_avgが不利(-10.4pt)、2号艇のwin_rate_rank_2to6が有利(+6.1pt) / [候補2]3号艇のsession_exh_rel_avgが有利(+10.3pt)、3号艇のsession_exh_rel_lastが有利(+5.9pt)、天気+2.6pt
106,24,大村,3,18:34,0.439874088234755,2,0.3945442545324332,4,0.20745362345522927,0.2648032676990803,0.14729633180633991,0.4547015461813225,0.21799780772019217,0.32177275124375293,1-2,1-4,0.17354979423071515,0.06479183965363772,0.09125347346836515,0.05092466740115978,0.05935431020355986,True,False,False,False,予選,2026-09-28,1号艇のracer_win_te,-0.1731,場特性:in_escape_diff,0.1345,1号艇の級別順位,-0.0888,1号艇の全国勝率,-0.0768,1号艇のdominance,-0.0698,2号艇のclass_rank_2to6,0.0699,2号艇のwin_rate_rank_2to6,0.0678,3号艇の全国勝率,-0.0593,2号艇の当地勝率,-0.0375,1号艇の一般戦2連率,-0.033,4号艇のwin_rate_rank_2to6,-0.0871,4号艇のclass_rank_2to6,-0.0836,4号艇のsession_exh_rel_avg,0.0758,3号艇の年齢,0.0432,4号艇のcumulative_diff_rank_2to6,0.0379,0.0505,北西 3.1m/s,[逃げ]1号艇のracer_win_teが不利(-17.3pt)、場特性:in_escape_diffが有利(+13.5pt) / [2着]2号艇のclass_rank_2to6が有利(+7.0pt)、2号艇のwin_rate_rank_2to6が有利(+6.8pt) / [候補2]4号艇のwin_rate_rank_2to6が不利(-8.7pt)、4号艇のclass_rank_2to6が不利(-8.4pt)、天気+5.0pt
107,15,丸亀,9,18:55,0.3779369811569061,3,0.3724072487470408,4,0.3549118864207556,0.2748807982829687,0.17627179918032093,0.5510473359874755,0.2167363188348146,0.35773075959432066,1-3,1-4,0.06661963164530689,0.1407464713524056,0.13413432693056312,0.012464038477315994,0.02397252542263927,True,False,False,False,まるがめ特賞,2026-09-28,1号艇のsession_exh_rel_avg,-0.2544,1号艇の級別順位,-0.1033,1号艇vs4号艇のcumulative差,-0.0871,1号艇の勝率順位,-0.0861,風速区分,0.0807,3号艇の当地勝率,0.1094,3号艇のsession_exh_rel_avg,0.0592,3号艇のclass_rank_2to6,0.0407,3号艇の全国勝率,0.0361,5号艇の年齢,0.0335,4号艇のwin_rate_rank_2to6,0.1551,4号艇のclass_rank_2to6,0.1089,4号艇の全国勝率,0.104,1号艇のsession_exh_rel_last,0.0758,5号艇の一般戦2連率,-0.0653,0.0891,北西 1.4m/s,[逃げ]1号艇のsession_exh_rel_avgが不利(-25.4pt)、1号艇の級別順位が不利(-10.3pt) / [2着]3号艇の当地勝率が有利(+10.9pt)、3号艇のsession_exh_rel_avgが有利(+5.9pt) / [候補2]4号艇のwin_rate_rank_2to6が有利(+15.5pt)、4号艇のclass_rank_2to6が有利(+10.9pt) / [除外]6号艇のwin_rate_rank_2to6が不利(-7.0pt)、天気+8.9pt
108,02,戸田,8,14:16,0.47917565484814706,5,0.32196573890387215,2,0.27363703501176917,0.2853983492204003,0.2037669299530797,0.3918358439625616,0.21561265469921884,0.3173295976430487,1-5,1-2,0.13112020544246983,0.09764015209666348,0.05700390868979008,0.15427814377793048,0.039133243056224766,True,True,False,False,予選,2026-09-28,場特性:in_escape_diff,-0.1461,1号艇のsession_exh_rel_avg,-0.0851,1号艇のvs_max234_diff,0.0778,1号艇の勝率順位,-0.0719,1号艇のsession_exh_rel_last,-0.0686,5号艇のwin_rate_rank_2to6,0.2212,5号艇のclass_rank_2to6,0.172,5号艇のsession_exh_rel_avg,0.09,5号艇のモーター2連率,0.0873,5号艇の節間得点,0.0588,2号艇のwin_rate_rank_2to6,-0.1692,2号艇のsession_exh_rel_avg,0.0854,2号艇のclass_rank_2to6,-0.0601,2号艇の直近平均着順,-0.0508,2号艇のモーター2連率,0.0478,0.0276,北西 0.4m/s,[逃げ]場特性:in_escape_diffが不利(-14.6pt)、1号艇のsession_exh_rel_avgが不利(-8.5pt) / [2着]5号艇のwin_rate_rank_2to6が有利(+22.1pt)、5号艇のclass_rank_2to6が有利(+17.2pt) / [候補2]2号艇のwin_rate_rank_2to6が不利(-16.9pt)、2号艇のsession_exh_rel_avgが有利(+8.5pt)、天気+2.8pt
109,19,下関,2,15:47,0.45488396627016037,3,0.3001116278086196,2,0.2826910863642074,0.26510761017595014,0.17494366499507824,0.4078590491777488,0.20945293384522948,0.30793304187648973,1-3,1-2,0.12859164259457112,0.13651596758137904,0.046354043726353766,0.06384324416105702,0.0795790682067994,True,False,False,False,一般,2026-09-28,1号艇のdominance,-0.2227,1号艇のracer_win_te,-0.211,場特性:in_escape_diff,0.0745,1号艇の節間得点,0.0698,1号艇の全国勝率,-0.0688,3号艇のwin_rate_rank_2to6,-0.0687,3号艇のcumulative_diff_rank_2to6,-0.0572,6号艇の直近平均着順,-0.0527,6号艇のracer_win_te,0.0432,6号艇のsession_exh_rel_last,0.0347,2号艇のsession_exh_rel_avg,0.0684,6号艇の当地2連率,-0.0629,2号艇のclass_rank_2to6,-0.0566,1号艇の枠別勝率,0.0421,2号艇の当地勝率,-0.0419,0.0553,北西 1.5m/s,[逃げ]1号艇のdominanceが不利(-22.3pt)、1号艇のracer_win_teが不利(-21.1pt) / [2着]3号艇のwin_rate_rank_2to6が不利(-6.9pt)、3号艇のcumulative_diff_rank_2to6が不利(-5.7pt) / [候補2]2号艇のsession_exh_rel_avgが有利(+6.8pt)、6号艇の当地2連率が不利(-6.3pt) / [除外]4号艇のwin_rate_rank_2to6が不利(-6.5pt)、5号艇のracer_avgfin_teが不利(-6.0pt)、天気+5.5pt
110,03,江戸川,9,14:52,0.49435408946983456,3,0.3102132455523545,5,0.25885329296861176,0.28132037049828285,0.23261600315627606,0.3364505353646903,0.20279282626817885,0.2978594199582051,1-3,1-5,0.11499467243643302,0.15335518654651642,0.04847333983572621,0.1279651839517664,0.04956570854100501,True,True,False,False,予選特賞,2026-09-28,1号艇のsession_exh_rel_avg,0.0938,場特性:in_escape_diff,-0.0877,1号艇の直近1着率,-0.0742,1号艇のdominance,-0.0725,4号艇のsession_exh_rel_avg,-0.0649,3号艇の枠別平均ST,-0.0791,3号艇のcumulative_diff_rank_2to6,-0.0554,3号艇のwin_rate_rank_2to6,-0.0554,4号艇のsession_exh_rel_last,-0.0547,5号艇の直近平均着順,-0.0316,5号艇のsession_exh_rel_avg,0.1307,5号艇のwin_rate_rank_2to6,0.1087,5号艇のclass_rank_2to6,0.1013,5号艇のモーター2連率,0.0971,mean_234_全国勝率,0.0596,0.0115,北西 1.2m/s,[逃げ]1号艇のsession_exh_rel_avgが有利(+9.4pt)、場特性:in_escape_diffが不利(-8.8pt) / [2着]3号艇の枠別平均STが不利(-7.9pt)、3号艇のcumulative_diff_rank_2to6が不利(-5.5pt) / [候補2]5号艇のsession_exh_rel_avgが有利(+13.1pt)、5号艇のwin_rate_rank_2to6が有利(+10.9pt) / [除外]2号艇のwin_rate_rank_2to6が不利(-5.7pt)、4号艇のwin_rate_rank_2to6が不利(-5.6pt)、天気+1.1pt
111,15,丸亀,2,15:40,0.4356039695727582,4,0.31862723786186115,5,0.2843568105631248,0.26266224508297614,0.20894136921391132,0.39404267921107466,0.19680503412885175,0.3020763753214057,1-4,1-5,0.0810628761078953,0.09101568983754707,0.13879528962663015,0.12386695545634598,0.0008631727941240741,True,False,False,False,予選,2026-09-28,1号艇のdominance,-0.2386,1号艇のracer_win_te,-0.2349,1号艇のsession_exh_rel_avg,-0.162,1号艇の年齢,-0.0867,ST差分(6-5),0.076,4号艇のwin_rate_rank_2to6,0.0901,4号艇の節間得点,-0.0858,4号艇のモーター2連率,0.0792,3号艇のモーター2連率,-0.062,4号艇のclass_rank_2to6,-0.0557,5号艇のwin_rate_rank_2to6,0.2282,5号艇のsession_exh_rel_avg,-0.1388,5号艇のclass_rank_2to6,0.1203,5号艇のsession_exh_rel_last,-0.0702,2号艇のracer_2nd_te,0.0522,0.0815,北西 1.4m/s,[逃げ]1号艇のdominanceが不利(-23.9pt)、1号艇のracer_win_teが不利(-23.5pt) / [2着]4号艇のwin_rate_rank_2to6が有利(+9.0pt)、4号艇の節間得点が不利(-8.6pt) / [候補2]5号艇のwin_rate_rank_2to6が有利(+22.8pt)、5号艇のsession_exh_rel_avgが不利(-13.9pt) / [除外]6号艇の直近平均着順が不利(-24.1pt)、6号艇の全国勝率が不利(-17.3pt)、天気+8.1pt
112,05,多摩川,3,12:01,0.3706632018401929,3,0.41458935159354826,2,0.29167334246963134,0.26178559152173875,0.22544559674668255,0.480817097316497,0.19096350084137675,0.3274950432601662,1-3,1-2,0.10811257501122468,0.15367301651051407,0.08356438673089833,0.01837260636837051,0.006940608589010087,True,True,False,False,予選,2026-09-28,1号艇の女子戦比率,-0.1799,1号艇の年齢,-0.138,1号艇の体重,-0.1089,1号艇vs3号艇のcumulative差,-0.0908,6号艇のsession_rank_diff_last,0.0753,3号艇のwin_rate_rank_2to6,0.1477,3号艇の節間得点,0.0687,1号艇vs3号艇のcumulative差,0.0686,6号艇のsession_rank_diff_delta,-0.0595,3号艇のsession_exh_rel_avg,-0.0571,2号艇のwin_rate_rank_2to6,0.0741,1号艇の年齢,-0.06,2号艇のモーター2連率,-0.0436,1号艇のsession_exh_rel_delta,0.0416,3号艇の枠別出走数,-0.0403,0.0385,北 1.7m/s,[逃げ]1号艇の女子戦比率が不利(-18.0pt)、1号艇の年齢が不利(-13.8pt) / [2着]3号艇のwin_rate_rank_2to6が有利(+14.8pt)、3号艇の節間得点が有利(+6.9pt) / [候補2]2号艇のwin_rate_rank_2to6が有利(+7.4pt)、1号艇の年齢が不利(-6.0pt) / [除外]6号艇のsession_exh_rel_avgが不利(-7.6pt)、5号艇のsession_exh_rel_avgが不利(-5.1pt)、天気+3.9pt
113,04,平和島,1,10:55,0.4147478040922727,4,0.369876736955822,2,0.2416770069401099,0.2536405723652459,0.2064563263110783,0.4050974175848537,0.19080173143648443,0.2990776259311282,1-4,1-2,0.10023500792800354,0.08562730797847742,0.15340556443724235,0.06216290179095616,0.013317027751553124,False,False,True,False,予選,2026-09-28,場特性:in_escape_diff,-0.1536,1号艇のモーター2連率順位,-0.0828,1号艇のdominance,-0.0667,1号艇の節間得点,-0.0643,1号艇の全国勝率,-0.0633,4号艇のwin_rate_rank_2to6,0.1896,4号艇のclass_rank_2to6,0.1681,1号艇の平均ST,0.092,4号艇の年齢,-0.0602,4号艇のsession_exh_rel_avg,0.0601,2号艇のwin_rate_rank_2to6,-0.1364,2号艇の全国勝率,-0.0536,2号艇のsession_exh_rel_avg,-0.0355,2号艇のsession_avg_finish,0.0303,2号艇の直近平均着順,0.0291,-0.0117,南 2.5m/s,[逃げ]場特性:in_escape_diffが不利(-15.4pt)、1号艇のモーター2連率順位が不利(-8.3pt) / [2着]4号艇のwin_rate_rank_2to6が有利(+19.0pt)、4号艇のclass_rank_2to6が有利(+16.8pt) / [候補2]2号艇のwin_rate_rank_2to6が不利(-13.6pt)、2号艇の全国勝率が不利(-5.4pt) / [除外]6号艇のwin_rate_rank_2to6が不利(-6.6pt)、6号艇のvs_avg456_diffが不利(-6.5pt)、天気-1.2pt
114,15,丸亀,1,15:17,0.4188883592417008,2,0.35999087138017594,4,0.3097873570487947,0.2805623031624246,0.2696418644864771,0.4001363639424935,0.1897806921272209,0.31643452139644523,1-2,1-4,0.15079598545443204,0.11294983819761342,0.12976631770799255,0.021271819215723985,0.004104409004123706,True,False,False,False,予選,2026-09-28,1号艇のdominance,-0.1584,1号艇の年齢,-0.1442,5号艇の枠別出走数,-0.1062,1号艇の級別順位,0.0904,1号艇のsession_exh_rel_avg,-0.0868,2号艇のsession_exh_rel_avg,-0.1581,ST差分(6-5),0.0872,2号艇のsession_avg_finish,-0.0677,second_best_win_rate,0.0675,2号艇の全国勝率,-0.0668,4号艇のwin_rate_rank_2to6,0.1383,4号艇のsession_exh_rel_avg,0.0607,4号艇のclass_rank_2to6,0.052,1号艇vs4号艇のcumulative差,0.0481,2号艇の節間得点,0.0453,0.0558,北西 1.4m/s,[逃げ]1号艇のdominanceが不利(-15.8pt)、1号艇の年齢が不利(-14.4pt) / [2着]2号艇のsession_exh_rel_avgが不利(-15.8pt)、ST差分(6-5)が有利(+8.7pt) / [候補2]4号艇のwin_rate_rank_2to6が有利(+13.8pt)、4号艇のsession_exh_rel_avgが有利(+6.1pt) / [除外]ST差分(6-5)が不利(-6.5pt)、6号艇のwin_rate_rank_2to6が不利(-5.3pt)、天気+5.6pt
115,13,尼崎,1,10:36,0.23706354669092805,3,0.5539073021154246,2,0.3251973369068456,0.2084036636390674,0.09410710394630042,0.7849975350759698,0.18486894535482154,0.38138182507013807,1-3,1-2,0.07709243406158145,0.13131122957748595,0.02230936383032181,0.006134553854401024,0.00021596378026266335,False,False,True,False,朝からセンプ,2026-09-28,1号艇のdominance,-0.4189,1号艇のracer_win_te,-0.1827,1号艇のvs_max234_diff,-0.1827,3号艇のracer_win_te,-0.1628,1号艇の年齢,0.1479,3号艇のwin_rate_rank_2to6,0.1804,1号艇のvs_max234_diff,-0.09,3号艇の当地勝率,0.084,3号艇のracer_avgfin_te,0.0574,2号艇のvs_boat3_diff,0.0515,2号艇のsession_exh_rel_avg,0.0928,2号艇の節間得点,0.0831,2号艇のwin_rate_rank_2to6,-0.0669,1号艇の直近複勝率,0.0398,3号艇の当地2連率,-0.0382,0.014,南 0.3m/s,[逃げ]1号艇のdominanceが不利(-41.9pt)、1号艇のracer_win_teが不利(-18.3pt) / [2着]3号艇のwin_rate_rank_2to6が有利(+18.0pt)、1号艇のvs_max234_diffが不利(-9.0pt) / [候補2]2号艇のsession_exh_rel_avgが有利(+9.3pt)、2号艇の節間得点が有利(+8.3pt) / [除外]6号艇の全国勝率が不利(-17.7pt)、6号艇の直近平均着順が不利(-13.9pt)、天気+1.4pt
116,02,戸田,4,12:14,0.2958551911434978,3,0.41049735795047093,2,0.3625004221747628,0.22869540599245047,0.16613226358402103,0.6068655165412127,0.1831029834298995,0.3421464391570791,1-3,1-2,0.1072476316921131,0.1214477743003374,0.013377022099305495,0.0491510925977525,0.004631666045403425,True,True,False,False,予選,2026-09-28,1号艇のdominance,-0.2254,場特性:in_escape_diff,-0.1231,1号艇の級別順位,-0.0876,1号艇のvs_max234_diff,-0.0825,1号艇vs3号艇のcumulative差,-0.0816,4号艇の年齢,-0.1763,3号艇のwin_rate_rank_2to6,0.175,3号艇のsession_exh_rel_avg,0.1117,1号艇vs3号艇のcumulative差,0.085,3号艇の当地勝率,0.0834,2号艇のsession_exh_rel_avg,0.0717,6号艇のsession_exh_rel_last,-0.0503,1号艇の体重,-0.0351,2号艇の全国勝率,0.0339,2号艇のwin_rate_rank_2to6,0.033,-0.0117,北西 1.0m/s,[逃げ]1号艇のdominanceが不利(-22.5pt)、場特性:in_escape_diffが不利(-12.3pt) / [2着]4号艇の年齢が不利(-17.6pt)、3号艇のwin_rate_rank_2to6が有利(+17.5pt) / [候補2]2号艇のsession_exh_rel_avgが有利(+7.2pt)、6号艇のsession_exh_rel_lastが不利(-5.0pt) / [除外]4号艇の年齢が不利(-9.2pt)、6号艇のwin_rate_rank_2to6が不利(-6.3pt)、天気-1.2pt
117,02,戸田,11,15:55,0.3905573072470909,4,0.32011124458462137,3,0.2627316502898951,0.22763355157029044,0.1680823177473364,0.41476057712718006,0.18172014163629976,0.2837716592373573,1-4,1-3,0.06564577741524963,0.1026117658658058,0.12502178570448463,0.05263990695910737,0.044638074212322215,True,False,False,False,戸田特選,2026-09-28,場特性:in_escape_diff,-0.2038,1号艇vs3号艇のcumulative差,-0.082,1号艇のracer_win_te,0.0809,風速区分,0.0789,1号艇の節間得点,-0.0775,4号艇のclass_rank_2to6,0.198,4号艇のwin_rate_rank_2to6,0.1684,5号艇のsession_rank_diff_delta,0.106,4号艇のsession_exh_rel_avg,-0.0758,4号艇のcumulative_diff_rank_2to6,-0.0668,3号艇のwin_rate_rank_2to6,-0.0972,3号艇の節間得点,0.0916,3号艇の女子戦比率,-0.0706,3号艇のsession_exh_rel_last,0.0616,3号艇のsession_exh_rel_avg,0.0576,0.1161,西 0.6m/s,[逃げ]場特性:in_escape_diffが不利(-20.4pt)、1号艇vs3号艇のcumulative差が不利(-8.2pt) / [2着]4号艇のclass_rank_2to6が有利(+19.8pt)、4号艇のwin_rate_rank_2to6が有利(+16.8pt) / [候補2]3号艇のwin_rate_rank_2to6が不利(-9.7pt)、3号艇の節間得点が有利(+9.2pt)、天気+11.6pt
118,04,平和島,2,11:26,0.3538990522272785,3,0.37402956081375505,2,0.2812539050400287,0.23190419750586028,0.19442093738642657,0.46086252846735715,0.17779975975033663,0.3005916967943093,1-3,1-2,0.09953549042888714,0.13236870707697315,0.049549216417604,0.06880538547419543,0.003640252500024618,True,True,False,False,予選,2026-09-28,1号艇のdominance,-0.2234,場特性:in_escape_diff,-0.0984,1号艇の級別順位,-0.0864,6号艇の年齢,-0.0807,1号艇の直近1着率,-0.0773,3号艇のwin_rate_rank_2to6,0.1807,3号艇の年齢,-0.067,3号艇のracer_2nd_te,0.0419,2号艇のvs_boat3_diff,0.0411,3号艇の全国勝率,0.0386,2号艇の全国勝率,-0.0615,1号艇の年齢,0.0468,2号艇のwin_rate_rank_2to6,-0.046,2号艇のracer_avgfin_te,-0.0375,2号艇の直近平均着順,-0.0371,-0.037,南西 2.2m/s,[逃げ]1号艇のdominanceが不利(-22.3pt)、場特性:in_escape_diffが不利(-9.8pt) / [2着]3号艇のwin_rate_rank_2to6が有利(+18.1pt)、3号艇の年齢が不利(-6.7pt) / [候補2]2号艇の全国勝率が不利(-6.2pt)、1号艇の年齢が有利(+4.7pt) / [除外]6号艇の直近平均着順が不利(-10.5pt)、6号艇のwin_rate_rank_2to6が不利(-9.3pt)、天気-3.7pt
119,03,江戸川,3,12:08,0.3405763001712936,4,0.34241295377518377,5,0.3156155035829887,0.2241088974144702,0.17787347952425536,0.48015497783391714,0.17627326216392275,0.3009227215403043,1-4,1-5,0.06057949155496524,0.050730181599335344,0.11661773692747626,0.10749116048699393,0.0051577343603187616,True,True,False,False,予選,2026-09-28,場特性:in_escape_diff,-0.1018,1号艇vs4号艇の枠別平均ST差,-0.0732,1号艇の級別順位,-0.0706,1号艇のdominance,-0.0683,ST差分(4-3),-0.0653,4号艇のwin_rate_rank_2to6,0.1906,4号艇のclass_rank_2to6,0.1816,4号艇のsession_exh_rel_avg,0.0592,4号艇のモーター2連率,0.058,6号艇のvs_avg456_diff,0.0412,5号艇のclass_rank_2to6,0.1546,5号艇のwin_rate_rank_2to6,0.1411,5号艇のsession_exh_rel_avg,0.1238,3号艇の枠別平均ST,0.1115,2号艇のsession_exh_rel_delta,0.0685,-0.0074,北西 1.4m/s,[逃げ]場特性:in_escape_diffが不利(-10.2pt)、1号艇vs4号艇の枠別平均ST差が不利(-7.3pt) / [2着]4号艇のwin_rate_rank_2to6が有利(+19.1pt)、4号艇のclass_rank_2to6が有利(+18.2pt) / [候補2]5号艇のclass_rank_2to6が有利(+15.5pt)、5号艇のwin_rate_rank_2to6が有利(+14.1pt) / [除外]2号艇のwin_rate_rank_2to6が不利(-7.6pt)、6号艇のwin_rate_rank_2to6が不利(-6.2pt)、天気-0.7pt
120,15,丸亀,4,16:34,0.3522482699816043,2,0.3589193946019465,4,0.26632601555307356,0.2202416140410444,0.18124938585626765,0.44399602429875235,0.17233922529912546,0.28736793711835673,1-2,1-4,0.12642873581138042,0.06384478260309855,0.093812878229664,0.060651366995319686,0.007510501093233415,True,False,False,False,予選,2026-09-28,1号艇のdominance,-0.2833,1号艇のsession_exh_rel_avg,0.1501,1号艇のvs_max234_diff,-0.1271,1号艇の年齢,-0.1225,1号艇のracer_win_te,-0.121,2号艇のwin_rate_rank_2to6,-0.0977,2号艇のsession_exh_rel_avg,0.0538,2号艇のclass_rank_2to6,-0.0469,2号艇の全国勝率,0.0454,1号艇のモーター2連率,0.0445,4号艇のclass_rank_2to6,0.1896,4号艇のwin_rate_rank_2to6,0.1546,4号艇のモーター2連率,-0.0992,4号艇の全国勝率,0.0547,4号艇のcumulative_diff_rank_2to6,-0.0505,0.0785,北西 1.4m/s,[逃げ]1号艇のdominanceが不利(-28.3pt)、1号艇のsession_exh_rel_avgが有利(+15.0pt) / [2着]2号艇のwin_rate_rank_2to6が不利(-9.8pt)、2号艇のsession_exh_rel_avgが有利(+5.4pt) / [候補2]4号艇のclass_rank_2to6が有利(+19.0pt)、4号艇のwin_rate_rank_2to6が有利(+15.5pt)、天気+7.9pt
121,02,戸田,2,11:16,0.2153447638712564,2,0.5946330831876896,3,0.24251236623846367,0.18027488913257178,0.07456734169318949,0.7625781077329638,0.1641437460245914,0.3549658547126894,1-2,1-3,0.12805112088909018,0.052223768243481614,0.010647327301654881,0.016057686589427182,0.008364859644269897,True,True,False,False,予選,2026-09-28,1号艇のdominance,-0.3558,1号艇の女子戦比率,-0.2519,1号艇の節間得点,0.1472,1号艇のvs_max234_diff,-0.1466,場特性:in_escape_diff,-0.1399,2号艇のwin_rate_rank_2to6,0.2314,2号艇の当地勝率,0.1192,2号艇のclass_rank_2to6,0.1001,2号艇のracer_avgfin_te,0.0764,2号艇のsession_exh_rel_avg,0.0674,3号艇のモーター2連率,0.1767,3号艇のsession_exh_rel_avg,-0.1062,1号艇vs2号艇のplace_rate差,0.0637,1号艇のvs_max234_diff,-0.0586,2号艇の全国勝率,-0.0503,-0.0201,北西 1.2m/s,[逃げ]1号艇のdominanceが不利(-35.6pt)、1号艇の女子戦比率が不利(-25.2pt) / [2着]2号艇のwin_rate_rank_2to6が有利(+23.1pt)、2号艇の当地勝率が有利(+11.9pt) / [候補2]3号艇のモーター2連率が有利(+17.7pt)、3号艇のsession_exh_rel_avgが不利(-10.6pt) / [除外]4号艇のracer_avgfin_teが不利(-12.1pt)、4号艇のwin_rate_rank_2to6が不利(-5.7pt)、天気-2.0pt
122,05,多摩川,5,13:01,0.3520446770899601,2,0.37284927167050785,4,0.24000341420945628,0.21575152590432672,0.20459235987093843,0.4082603260090257,0.1627821893077002,0.2735041659357364,1-2,1-4,0.13125960144847076,0.07202565126583743,0.08449192445585599,0.05216460825368755,0.012102891010374097,True,True,False,False,予選,2026-09-28,1号艇のdominance,-0.3799,1号艇の年齢,-0.08,1号艇のvs_max234_diff,-0.0784,1号艇vs2号艇のcumulative差,-0.0768,4号艇のsession_exh_rel_avg,-0.0687,6号艇のsession_rank_diff_last,-0.0813,2号艇の節間得点,0.0718,2号艇のclass_rank_2to6,-0.0697,2号艇の一般戦勝率,-0.0626,2号艇のwin_rate_rank_2to6,0.0582,4号艇のwin_rate_rank_2to6,-0.1264,4号艇のsession_exh_rel_avg,0.1116,2号艇の枠別出走数,0.0817,4号艇の節間得点,-0.0754,4号艇のclass_rank_2to6,-0.0635,0.0479,北東 0.6m/s,[逃げ]1号艇のdominanceが不利(-38.0pt)、1号艇の年齢が不利(-8.0pt) / [2着]6号艇のsession_rank_diff_lastが不利(-8.1pt)、2号艇の節間得点が有利(+7.2pt) / [候補2]4号艇のwin_rate_rank_2to6が不利(-12.6pt)、4号艇のsession_exh_rel_avgが有利(+11.2pt) / [除外]6号艇のsession_exh_rel_avgが不利(-6.8pt)、6号艇のvs_avg456_diffが不利(-5.5pt)、天気+4.8pt
123,14,鳴門,8,11:58,0.36576275121449064,3,0.3202307980511293,2,0.317635870347246,0.23330786754141097,0.26971426759315353,0.3681524008052218,0.1577961148002284,0.2737612275205542,1-3,1-2,0.11617936982261794,0.11712849771879301,0.02543671506135036,0.09865143255667318,0.008366734692483764,True,True,False,False,予選,2026-09-28,1号艇のsession_exh_rel_avg,-0.1373,場特性:in_escape_diff,-0.1362,2号艇のsession_exh_rel_avg,-0.1083,1号艇の級別順位,-0.0913,1号艇のdominance,-0.0709,3号艇の節間得点,0.0639,3号艇のwin_rate_rank_2to6,0.0462,3号艇のracer_2nd_te,0.0413,1号艇のsession_exh_rel_avg,0.0404,5号艇の一般戦2連率,-0.0391,2号艇のsession_exh_rel_avg,0.1907,2号艇の体重,-0.0625,2号艇の全国勝率,0.0531,2号艇の女子戦比率,-0.044,2号艇のwin_rate_rank_2to6,-0.0373,0.0474,北西 3.3m/s,[逃げ]1号艇のsession_exh_rel_avgが不利(-13.7pt)、場特性:in_escape_diffが不利(-13.6pt) / [2着]3号艇の節間得点が有利(+6.4pt)、3号艇のwin_rate_rank_2to6が有利(+4.6pt) / [候補2]2号艇のsession_exh_rel_avgが有利(+19.1pt)、2号艇の体重が不利(-6.3pt) / [除外]6号艇のwin_rate_rank_2to6が不利(-5.7pt)、天気+4.7pt
124,14,鳴門,2,08:58,0.29683885488411255,2,0.4592670338420955,4,0.23573753915285336,0.20630436158704224,0.2264190659361232,0.4685855070588257,0.15025087256813865,0.2849887052285772,1-2,1-4,0.1363283004117106,0.06720997625640919,0.06997606117533164,0.022625107738921096,0.0006994158502139806,False,False,True,False,どーなるなる,2026-09-28,場特性:in_escape_diff,-0.1696,2号艇のsession_exh_rel_avg,-0.1675,1号艇の年齢,-0.116,4号艇のモーター2連率,-0.1024,1号艇のdominance,0.0993,2号艇のsession_exh_rel_avg,0.1457,2号艇の一般戦勝率,-0.0653,2号艇のclass_rank_2to6,0.063,2号艇のwin_rate_rank_2to6,0.0357,2号艇のモーター2連率,-0.034,4号艇のモーター2連率,0.1251,4号艇のsession_exh_rel_avg,0.1083,4号艇のwin_rate_rank_2to6,-0.0958,4号艇のclass_rank_2to6,-0.0495,4号艇のsession_avg_finish,0.0431,0.068,南 1.0m/s,[逃げ]場特性:in_escape_diffが不利(-17.0pt)、2号艇のsession_exh_rel_avgが不利(-16.8pt) / [2着]2号艇のsession_exh_rel_avgが有利(+14.6pt)、2号艇の一般戦勝率が不利(-6.5pt) / [候補2]4号艇のモーター2連率が有利(+12.5pt)、4号艇のsession_exh_rel_avgが有利(+10.8pt) / [除外]6号艇の直近平均着順が不利(-24.2pt)、6号艇の全国勝率が不利(-17.4pt)、天気+6.8pt
125,03,江戸川,4,12:35,0.3422523689959057,3,0.27215593760982415,5,0.26000923550042765,0.18213479119409995,0.22039964612615057,0.3117655269841012,0.133963858962372,0.22102401193110033,1-3,1-5,0.07543230101253433,0.09314601438326423,0.05688911262091252,0.08898877681083571,0.027796159068401216,True,True,False,False,予選,2026-09-28,1号艇のdominance,-0.2934,1号艇のracer_win_te,-0.1536,場特性:in_escape_diff,-0.0996,1号艇の級別順位,-0.0879,1号艇のsession_exh_rel_avg,0.0671,5号艇のsession_exh_rel_delta,0.0691,3号艇のsession_exh_rel_avg,0.0637,3号艇のwin_rate_rank_2to6,0.0578,3号艇のcumulative_diff_rank_2to6,-0.0539,場特性:1x_diff_course3,-0.0525,5号艇のwin_rate_rank_2to6,0.2255,5号艇のclass_rank_2to6,0.2232,1号艇のsession_rank_diff_last,-0.0906,5号艇のsession_exh_rel_avg,0.0785,2号艇のsession_exh_rel_delta,0.0581,-0.0065,北西 1.5m/s,[逃げ]1号艇のdominanceが不利(-29.3pt)、1号艇のracer_win_teが不利(-15.4pt) / [2着]5号艇のsession_exh_rel_deltaが有利(+6.9pt)、3号艇のsession_exh_rel_avgが有利(+6.4pt) / [候補2]5号艇のwin_rate_rank_2to6が有利(+22.5pt)、5号艇のclass_rank_2to6が有利(+22.3pt) / [除外]6号艇のsession_exh_rel_avgが不利(-5.3pt)、天気-0.6pt
126,24,大村,6,19:56,0.20240736280889451,2,0.5793475371932473,4,0.20002527576503604,0.15775079571583595,0.1327097782843953,0.646663034673888,0.1326287079674733,0.3044244674032515,1-2,1-4,0.11726420715311311,0.026861436241497554,0.040486588562722824,0.010432625328374558,0.007362502130068647,True,False,False,False,予選,2026-09-28,1号艇のdominance,-0.338,1号艇のracer_win_te,-0.2198,場特性:in_escape_diff,0.1444,1号艇のvs_max234_diff,-0.1439,1号艇の全国勝率,-0.0991,2号艇のwin_rate_rank_2to6,0.1828,2号艇のclass_rank_2to6,0.1087,3号艇のracer_2nd_te,0.0709,1号艇vs2号艇のplace_rate差,-0.0707,3号艇のracer_win_te,0.0696,4号艇のwin_rate_rank_2to6,0.0895,4号艇のsession_exh_rel_avg,0.0573,4号艇の全国勝率,0.0554,4号艇のcumulative_diff_rank_2to6,0.0528,1号艇の枠別勝率,0.0395,0.0335,北西 3.3m/s,[逃げ]1号艇のdominanceが不利(-33.8pt)、1号艇のracer_win_teが不利(-22.0pt) / [2着]2号艇のwin_rate_rank_2to6が有利(+18.3pt)、2号艇のclass_rank_2to6が有利(+10.9pt) / [候補2]4号艇のwin_rate_rank_2to6が有利(+9.0pt)、4号艇のsession_exh_rel_avgが有利(+5.7pt) / [除外]3号艇のwin_rate_rank_2to6が不利(-5.0pt)、天気+3.3pt
127,03,江戸川,7,13:56,0.2678705313362945,2,0.40581685317919275,3,0.1923432964422758,0.1602294771033002,0.18436983838332144,0.41379031123814713,0.12477969774596473,0.23629772734375426,1-2,1-3,0.10870637608633338,0.051523101016966825,0.04302902606222285,0.015224778606957905,0.04938724657012706,True,True,False,False,予選,2026-09-28,1号艇のdominance,-0.3651,1号艇の全国2連率,-0.1592,1号艇vs2号艇のcumulative差,-0.0998,1号艇のvs_max234_diff,-0.0924,1号艇の級別順位,-0.0913,2号艇のsession_exh_rel_avg,0.068,2号艇の節間得点,0.0658,1号艇の直近複勝率,0.0452,2号艇のclass_rank_2to6,-0.0408,2号艇のsession_avg_finish,0.0389,3号艇のsession_exh_rel_avg,-0.1566,4号艇のsession_rank_diff_last,-0.1189,3号艇の節間得点,-0.1031,6号艇のracer_2nd_te,-0.0806,3号艇のsession_exh_rel_last,-0.0617,0.0086,北西 1.2m/s,[逃げ]1号艇のdominanceが不利(-36.5pt)、1号艇の全国2連率が不利(-15.9pt) / [2着]2号艇のsession_exh_rel_avgが有利(+6.8pt)、2号艇の節間得点が有利(+6.6pt) / [候補2]3号艇のsession_exh_rel_avgが不利(-15.7pt)、4号艇のsession_rank_diff_lastが不利(-11.9pt) / [除外]5号艇のsession_exh_rel_avgが不利(-5.2pt)、天気+0.9pt
128,21,芦屋,8,12:07,0.22017188068490623,4,0.4892867411648555,3,0.18428004192324643,0.14830046539938968,0.147284292282168,0.5262824908059339,0.12208967048963137,0.261695073021353,1-4,1-3,0.017213013042411844,0.04057328340293453,0.10772718199645516,0.02223054015538184,0.032427859627110346,True,True,False,False,一般,2026-09-28,1号艇のdominance,-0.4547,1号艇のracer_win_te,-0.2172,節間得点の分散(2-6号艇),-0.1467,1号艇のsession_exh_rel_avg,-0.1114,1号艇の級別順位,-0.0975,6号艇の女子戦勝率,0.1718,4号艇の女子戦比率,-0.12,1号艇のモーター出走数,0.1042,4号艇のclass_rank_2to6,0.0919,3号艇の年齢,0.0852,3号艇のsession_exh_rel_avg,-0.1918,風向(度),0.1154,6号艇のモーター出走数,0.0948,3号艇のwin_rate_rank_2to6,-0.0944,1号艇vs6号艇のcumulative差,-0.0826,0.0599,北 1.4m/s,[逃げ]1号艇のdominanceが不利(-45.5pt)、1号艇のracer_win_teが不利(-21.7pt) / [2着]6号艇の女子戦勝率が有利(+17.2pt)、4号艇の女子戦比率が不利(-12.0pt) / [候補2]3号艇のsession_exh_rel_avgが不利(-19.2pt)、風向(度)が有利(+11.5pt) / [除外]2号艇のwin_rate_rank_2to6が不利(-6.7pt)、6号艇の女子戦2連率が不利(-5.6pt)、天気+6.0pt
129,05,多摩川,4,12:31,0.2170426693652457,3,0.4469933232245676,2,0.2980147967798382,0.16169855106453954,0.21938152612651993,0.5256265938778859,0.1191301411785567,0.27087696390854343,1-3,1-2,0.0646819270034373,0.09701662406110222,0.047615152039921275,0.007172743883115952,0.0005562199520280794,True,True,False,False,予選,2026-09-28,1号艇のdominance,-0.3301,3号艇のracer_win_te,-0.1625,1号艇のvs_max234_diff,-0.1042,1号艇の級別順位,-0.0856,1号艇の全国勝率,-0.0744,3号艇のwin_rate_rank_2to6,0.1793,3号艇のsession_exh_rel_avg,0.0963,3号艇の全国勝率,0.0781,3号艇の節間得点,0.0758,1号艇のvs_max234_diff,-0.0634,2号艇のsession_exh_rel_avg,-0.1309,2号艇のclass_rank_2to6,0.0721,3号艇の全国2連率,0.0668,1号艇vs2号艇のplace_rate差,-0.0589,2号艇の全国勝率,0.0463,0.0339,北 1.4m/s,[逃げ]1号艇のdominanceが不利(-33.0pt)、3号艇のracer_win_teが不利(-16.2pt) / [2着]3号艇のwin_rate_rank_2to6が有利(+17.9pt)、3号艇のsession_exh_rel_avgが有利(+9.6pt) / [候補2]2号艇のsession_exh_rel_avgが不利(-13.1pt)、2号艇のclass_rank_2to6が有利(+7.2pt) / [除外]6号艇のracer_win_teが不利(-15.1pt)、6号艇のvs_avg456_diffが不利(-10.9pt)、天気+3.4pt
130,19,下関,3,16:11,0.21931240227574328,2,0.4811670895793615,3,0.17228836910674894,0.1433108864246486,0.16251790015959,0.49093755852652043,0.11536218522655653,0.24759888805521013,1-2,1-3,0.10552591031167753,0.03778497611297106,0.035642191096809085,0.00791971016037383,0.032439613776909404,True,False,False,False,一般,2026-09-28,1号艇のdominance,-0.3822,1号艇のracer_win_te,-0.2565,1号艇の全国2連率,-0.24,1号艇のvs_max234_diff,-0.1607,1号艇の直近1着率,-0.136,1号艇vs2号艇のplace_rate差,-0.0884,1号艇の直近複勝率,0.0792,6号艇のモーター出走数,0.0525,1号艇vs6号艇の枠別平均ST差,0.052,2号艇のwin_rate_rank_2to6,0.05,3号艇のwin_rate_rank_2to6,-0.146,3号艇の全国勝率,-0.0831,1号艇vs6号艇のcumulative差,-0.0753,3号艇のsession_exh_rel_avg,0.068,場特性:1x_diff_course3,0.0579,0.0677,北西 1.3m/s,[逃げ]1号艇のdominanceが不利(-38.2pt)、1号艇のracer_win_teが不利(-25.6pt) / [2着]1号艇vs2号艇のplace_rate差が不利(-8.8pt)、1号艇の直近複勝率が有利(+7.9pt) / [候補2]3号艇のwin_rate_rank_2to6が不利(-14.6pt)、3号艇の全国勝率が不利(-8.3pt)、天気+6.8pt
131,15,丸亀,5,17:01,0.20233133321142852,2,0.5042923524024454,4,0.24819262976673778,0.15225128966386886,0.207903144929304,0.5445818372398792,0.11426706333507594,0.26995045393667194,1-2,1-4,0.10203414398991431,0.04206532049239493,0.050217145673954536,0.0057895915697499705,0.00222513092010756,True,False,False,False,予選,2026-09-28,1号艇のdominance,-0.2848,1号艇のracer_win_te,-0.1965,1号艇のvs_max234_diff,-0.1311,1号艇の全国勝率,-0.0914,1号艇のsession_exh_rel_avg,-0.0829,2号艇のwin_rate_rank_2to6,0.1819,2号艇のsession_exh_rel_avg,0.0983,5号艇の直近平均着順,-0.0963,2号艇の当地勝率,0.0915,2号艇のclass_rank_2to6,0.0844,4号艇のモーター2連率,0.0904,4号艇のclass_rank_2to6,0.0815,4号艇のwin_rate_rank_2to6,0.0703,2号艇のracer_avgfin_te,-0.0525,4号艇の直近複勝率,0.0476,0.0792,北西 1.4m/s,[逃げ]1号艇のdominanceが不利(-28.5pt)、1号艇のracer_win_teが不利(-19.6pt) / [2着]2号艇のwin_rate_rank_2to6が有利(+18.2pt)、2号艇のsession_exh_rel_avgが有利(+9.8pt) / [候補2]4号艇のモーター2連率が有利(+9.0pt)、4号艇のclass_rank_2to6が有利(+8.2pt) / [除外]5号艇の直近平均着順が不利(-19.9pt)、6号艇のsession_exh_rel_avgが不利(-6.1pt)、天気+7.9pt
132,24,大村,4,19:03,0.2576708704739945,2,0.32848240792683386,4,0.31975530632240123,0.1670319761046729,0.2836238243278678,0.36461388992136723,0.11018287868725488,0.2263065502496812,1-2,1-4,0.08464034798590103,0.073081597701725,0.08239162811877189,0.007848131972504089,0.009709164215143097,True,False,False,False,予選,2026-09-28,1号艇のdominance,-0.3632,1号艇のracer_win_te,-0.2723,1号艇のvs_max234_diff,-0.1579,場特性:in_escape_diff,0.1484,1号艇の全国2連率,-0.1186,2号艇のwin_rate_rank_2to6,0.155,1号艇vs2号艇のplace_rate差,-0.074,1号艇vs4号艇の勝率差,0.0441,3号艇の枠別勝率,-0.0407,2号艇の全国勝率,0.0384,4号艇のclass_rank_2to6,0.211,4号艇のwin_rate_rank_2to6,0.0844,4号艇のsession_exh_rel_avg,0.0649,4号艇のモーター2連率,0.0606,4号艇のcumulative_diff_rank_2to6,0.0482,0.0333,北西 2.8m/s,[逃げ]1号艇のdominanceが不利(-36.3pt)、1号艇のracer_win_teが不利(-27.2pt) / [2着]2号艇のwin_rate_rank_2to6が有利(+15.5pt)、1号艇vs2号艇のplace_rate差が不利(-7.4pt) / [候補2]4号艇のclass_rank_2to6が有利(+21.1pt)、4号艇のwin_rate_rank_2to6が有利(+8.4pt) / [除外]6号艇のwin_rate_rank_2to6が不利(-6.2pt)、5号艇のwin_rate_rank_2to6が不利(-5.0pt)、天気+3.3pt
133,21,芦屋,9,12:41,0.21921205256835513,4,0.37878339914376713,3,0.2989563766905241,0.14856872736785187,0.2155500883614051,0.46218968747288613,0.1101399245935935,0.24265501539936213,1-4,1-3,0.04725117730099393,0.06553484096272814,0.08303388640512373,0.017460067693193904,0.005932081022943965,True,True,False,False,一般,2026-09-28,1号艇のracer_win_te,-0.2295,6号艇の枠別出走数,-0.1009,1号艇の女子戦比率,-0.0984,1号艇の直近1着率,-0.0966,ST差分(6-5),0.0958,4号艇のwin_rate_rank_2to6,0.1518,1号艇のモーター出走数,0.1383,4号艇のclass_rank_2to6,0.0878,2号艇のsession_exh_rel_avg,0.0808,4号艇の節間得点,-0.0698,6号艇のモーター出走数,0.0747,4号艇のモーター出走数,-0.0649,3号艇のsession_exh_rel_avg,-0.059,3号艇のwin_rate_rank_2to6,0.0474,3号艇のracer_avgfin_te,0.0434,0.0251,北東 1.3m/s,[逃げ]1号艇のracer_win_teが不利(-22.9pt)、6号艇の枠別出走数が不利(-10.1pt) / [2着]4号艇のwin_rate_rank_2to6が有利(+15.2pt)、1号艇のモーター出走数が有利(+13.8pt) / [候補2]6号艇のモーター出走数が有利(+7.5pt)、4号艇のモーター出走数が不利(-6.5pt) / [除外]6号艇のwin_rate_rank_2to6が不利(-6.8pt)、6号艇のvs_avg456_diffが不利(-5.4pt)、天気+2.5pt
134,04,平和島,6,13:22,0.25797931496235316,2,0.2975027776093073,5,0.2286312609955325,0.13573169885765285,0.1827710445777313,0.34336299402710857,0.10596230959862492,0.19802108740848956,1-2,1-5,0.0767495627670464,0.04715114887511683,0.04235915627911022,0.05898213609060644,0.0327373071062819,True,True,False,False,予選,2026-09-28,1号艇のdominance,-0.2316,1号艇のracer_win_te,-0.2204,場特性:in_escape_diff,-0.1145,1号艇の年齢,-0.1126,1号艇の級別順位,-0.0897,1号艇の年齢,0.0597,4号艇のモーター出走数,-0.0587,2号艇のclass_rank_2to6,-0.0478,2号艇のwin_rate_rank_2to6,-0.0465,2号艇のracer_2nd_te,-0.0406,5号艇のwin_rate_rank_2to6,0.2035,5号艇のclass_rank_2to6,0.1578,5号艇の年齢,-0.1089,5号艇の枠別勝率,0.0725,5号艇のracer_avgfin_te,0.0536,-0.0008,南西 0.7m/s,[逃げ]1号艇のdominanceが不利(-23.2pt)、1号艇のracer_win_teが不利(-22.0pt) / [2着]1号艇の年齢が有利(+6.0pt)、4号艇のモーター出走数が不利(-5.9pt) / [候補2]5号艇のwin_rate_rank_2to6が有利(+20.4pt)、5号艇のclass_rank_2to6が有利(+15.8pt) / [除外]4号艇のwin_rate_rank_2to6が不利(-5.7pt)、天気影響ほぼなし
135,05,多摩川,6,13:33,0.2244257226651442,3,0.37467078455821995,2,0.322658893744411,0.15649871698892048,0.2712086559701731,0.42612102233245785,0.10556614895417456,0.2373854085919817,1-3,1-2,0.07241295540292542,0.08408576158599507,0.06086619860914857,0.004496590535366923,0.0025642147550999244,True,True,False,False,予選,2026-09-28,1号艇のdominance,-0.2855,1号艇の女子戦比率,-0.1445,1号艇のvs_max234_diff,-0.12,4号艇のsession_exh_rel_avg,-0.1077,1号艇の級別順位,-0.0832,3号艇のwin_rate_rank_2to6,0.1882,3号艇のsession_exh_rel_avg,0.1251,3号艇の当地勝率,0.0867,3号艇の全国勝率,0.0765,1号艇のvs_max234_diff,-0.0588,2号艇のsession_exh_rel_avg,0.0997,4号艇のsession_exh_rel_avg,-0.0472,4号艇のracer_2nd_te,-0.0438,2号艇のwin_rate_rank_2to6,0.0399,1号艇の女子戦2連率,0.037,0.0293,北 0.8m/s,[逃げ]1号艇のdominanceが不利(-28.6pt)、1号艇の女子戦比率が不利(-14.4pt) / [2着]3号艇のwin_rate_rank_2to6が有利(+18.8pt)、3号艇のsession_exh_rel_avgが有利(+12.5pt) / [候補2]2号艇のsession_exh_rel_avgが有利(+10.0pt)、4号艇のsession_exh_rel_avgが不利(-4.7pt) / [除外]6号艇のwin_rate_rank_2to6が不利(-7.2pt)、天気+2.9pt
136,14,鳴門,6,10:51,0.23206125008513956,4,0.386856725521406,3,0.23639311179133726,0.14463213636215508,0.23338227748367962,0.3898675598290637,0.10412664350431923,0.21820276340222766,1-4,1-3,0.03278938735206795,0.05485768103381387,0.08977445532834119,0.05415898306057961,0.00048074463409571367,False,False,True,False,予選,2026-09-28,1号艇のdominance,-0.2406,場特性:in_escape_diff,-0.1542,1号艇のracer_win_te,-0.1335,1号艇のsession_exh_rel_avg,0.1156,ST差分(6-5),0.1068,4号艇のsession_exh_rel_avg,0.0748,4号艇のwin_rate_rank_2to6,0.0652,4号艇のcumulative_diff_rank_2to6,0.0455,4号艇の節間得点,0.0401,4号艇の当地勝率,0.0396,3号艇のsession_exh_rel_avg,-0.2063,3号艇のwin_rate_rank_2to6,-0.0918,3号艇のモーター2連率,0.0639,3号艇のsession_exh_rel_last,-0.0572,3号艇の全国勝率,-0.0469,0.0473,北西 1.9m/s,[逃げ]1号艇のdominanceが不利(-24.1pt)、場特性:in_escape_diffが不利(-15.4pt) / [2着]4号艇のsession_exh_rel_avgが有利(+7.5pt)、4号艇のwin_rate_rank_2to6が有利(+6.5pt) / [候補2]3号艇のsession_exh_rel_avgが不利(-20.6pt)、3号艇のwin_rate_rank_2to6が不利(-9.2pt) / [除外]6号艇の直近平均着順が不利(-27.1pt)、6号艇の全国勝率が不利(-14.0pt)、天気+4.7pt
137,14,鳴門,9,12:27,0.22205775135065287,3,0.32459679507520134,2,0.29707600521423994,0.13804726410813684,0.20669282336430328,0.414979976925138,0.10380720957666269,0.22112707795323716,1-3,1-2,0.06596802969810894,0.07207923441002788,0.045897743576594874,0.02625459565583158,0.011858149664548777,True,True,False,False,特賞,2026-09-28,1号艇のdominance,-0.2414,1号艇のsession_exh_rel_avg,-0.2019,1号艇のracer_win_te,-0.187,1号艇の年齢,-0.1136,場特性:in_escape_diff,-0.1104,3号艇のsession_exh_rel_avg,0.1254,3号艇のwin_rate_rank_2to6,-0.1162,3号艇のモーター2連率,0.1119,1号艇のsession_exh_rel_avg,0.0626,3号艇のcumulative_diff_rank_2to6,-0.0595,2号艇のwin_rate_rank_2to6,-0.1295,2号艇のsession_exh_rel_avg,0.1138,1号艇の年齢,0.0463,2号艇のsession_avg_finish,0.0458,1号艇の体重,-0.0384,0.0444,北西 3.7m/s,[逃げ]1号艇のdominanceが不利(-24.1pt)、1号艇のsession_exh_rel_avgが不利(-20.2pt) / [2着]3号艇のsession_exh_rel_avgが有利(+12.5pt)、3号艇のwin_rate_rank_2to6が不利(-11.6pt) / [候補2]2号艇のwin_rate_rank_2to6が不利(-12.9pt)、2号艇のsession_exh_rel_avgが有利(+11.4pt)、天気+4.4pt
138,04,平和島,7,13:54,0.1948578791834613,3,0.3863633275625639,2,0.28725711555042965,0.13126025091962137,0.18681120887285743,0.4868092342401361,0.1018351875381225,0.2379249459157758,1-3,1-2,0.05597431231651521,0.07528593860310617,0.03640163596866361,0.023363852318464655,0.003832143061795897,True,True,False,False,予選,2026-09-28,1号艇のdominance,-0.2753,1号艇のvs_max234_diff,-0.1438,場特性:in_escape_diff,-0.1166,6号艇の年齢,-0.1127,1号艇の年齢,-0.1088,3号艇のwin_rate_rank_2to6,0.1866,3号艇の当地勝率,0.0743,3号艇のモーター2連率,0.0721,3号艇の年齢,-0.0674,3号艇の一般戦2連率,0.0634,2号艇のwin_rate_rank_2to6,-0.1455,2号艇の全国勝率,-0.0618,2号艇の直近平均着順,-0.0407,1号艇vs2号艇の枠別勝率差,0.0393,2号艇のclass_rank_2to6,-0.0374,-0.0215,北西 1.4m/s,[逃げ]1号艇のdominanceが不利(-27.5pt)、1号艇のvs_max234_diffが不利(-14.4pt) / [2着]3号艇のwin_rate_rank_2to6が有利(+18.7pt)、3号艇の当地勝率が有利(+7.4pt) / [候補2]2号艇のwin_rate_rank_2to6が不利(-14.6pt)、2号艇の全国勝率が不利(-6.2pt) / [除外]6号艇のwin_rate_rank_2to6が不利(-7.6pt)、6号艇のvs_avg456_diffが不利(-6.0pt)、天気-2.2pt
139,14,鳴門,5,10:18,0.22854260671334153,4,0.34593687664151307,2,0.2735651740382423,0.14158261352661192,0.26371251109820093,0.35578953958155446,0.09677808567747319,0.2058446913430947,1-4,1-2,0.06252129798068884,0.06026954470930385,0.07906131554592306,0.017575367964066446,0.009115076256421547,False,False,True,False,予選,2026-09-28,6号艇の枠別出走数,-0.2102,6号艇の年齢,-0.1553,場特性:in_escape_diff,-0.1489,1号艇のsession_exh_rel_avg,-0.1297,1号艇vs6号艇の枠別平均ST差,-0.1013,4号艇のclass_rank_2to6,0.2024,5号艇のsession_rank_diff_delta,0.0992,4号艇のwin_rate_rank_2to6,0.0814,4号艇のcumulative_diff_rank_2to6,-0.0723,4号艇の節間得点,-0.0678,2号艇のwin_rate_rank_2to6,-0.1754,3号艇のracer_2nd_te,0.0753,2号艇の全国勝率,-0.073,3号艇の年齢,0.0445,2号艇のsession_avg_finish,-0.0426,0.0893,西 0.4m/s,[逃げ]6号艇の枠別出走数が不利(-21.0pt)、6号艇の年齢が不利(-15.5pt) / [2着]4号艇のclass_rank_2to6が有利(+20.2pt)、5号艇のsession_rank_diff_deltaが有利(+9.9pt) / [候補2]2号艇のwin_rate_rank_2to6が不利(-17.5pt)、3号艇のracer_2nd_teが有利(+7.5pt) / [除外]6号艇のrecent_race_countが不利(-13.6pt)、天気+8.9pt
140,03,江戸川,6,13:29,0.17259841490293945,4,0.46366271856736274,2,0.27948043426620206,0.12826533022504616,0.22152671661084058,0.5216164362227242,0.09416829327333455,0.24627066202434958,1-4,1-2,0.04823787995073164,0.038235160145683754,0.08002745027431452,0.004334765106298319,0.0017631603903800195,True,True,False,False,予選,2026-09-28,1号艇のracer_win_te,-0.1764,1号艇のdominance,-0.1612,1号艇の全国2連率,-0.108,1号艇vs4号艇の枠別勝率差,-0.107,1号艇の年齢,0.091,4号艇のclass_rank_2to6,0.2051,4号艇のwin_rate_rank_2to6,0.1866,1号艇の一般戦2連率,0.1029,4号艇のracer_win_te,0.0855,4号艇のsession_exh_rel_avg,-0.0631,2号艇のsession_exh_rel_avg,0.091,2号艇のwin_rate_rank_2to6,0.0542,4号艇のモーター出走数,-0.0537,1号艇vs2号艇のplace_rate差,-0.051,2号艇のclass_rank_2to6,-0.0445,0.0077,西 0.5m/s,[逃げ]1号艇のracer_win_teが不利(-17.6pt)、1号艇のdominanceが不利(-16.1pt) / [2着]4号艇のclass_rank_2to6が有利(+20.5pt)、4号艇のwin_rate_rank_2to6が有利(+18.7pt) / [候補2]2号艇のsession_exh_rel_avgが有利(+9.1pt)、2号艇のwin_rate_rank_2to6が有利(+5.4pt) / [除外]6号艇の直近平均着順が不利(-10.9pt)、6号艇のwin_rate_rank_2to6が不利(-8.8pt)、天気+0.8pt
141,02,戸田,6,13:14,0.16419568836141404,2,0.4511792351055309,4,0.2795791592569711,0.11998737758823269,0.19310500237558723,0.5376533919869148,0.09218318218717331,0.2452871819078373,1-2,1-4,0.07408168508252891,0.03170700879109204,0.04590569250570377,0.0045030082944115144,0.007998292770162913,True,True,False,False,予選,2026-09-28,1号艇のdominance,-0.3018,1号艇のvs_max234_diff,-0.1353,4号艇のモーター2連率,-0.1344,場特性:in_escape_diff,-0.1276,1号艇の直近1着率,-0.1126,2号艇のsession_exh_rel_avg,-0.077,1号艇の年齢,0.0714,2号艇の全国勝率,0.0524,1号艇vs4号艇の勝率差,0.0508,1号艇の直近複勝率,0.0431,4号艇のclass_rank_2to6,0.2444,4号艇のwin_rate_rank_2to6,0.218,4号艇のsession_exh_rel_avg,-0.1123,4号艇の全国勝率,0.0809,4号艇のモーター2連率,0.0748,0.0589,北西 0.8m/s,[逃げ]1号艇のdominanceが不利(-30.2pt)、1号艇のvs_max234_diffが不利(-13.5pt) / [2着]2号艇のsession_exh_rel_avgが不利(-7.7pt)、1号艇の年齢が有利(+7.1pt) / [候補2]4号艇のclass_rank_2to6が有利(+24.4pt)、4号艇のwin_rate_rank_2to6が有利(+21.8pt) / [除外]6号艇のwin_rate_rank_2to6が不利(-5.5pt)、天気+5.9pt
142,05,多摩川,2,11:33,0.13009921380370454,2,0.5948564234534037,4,0.20374656355039128,0.1038976207504838,0.1490223151831686,0.6495806718206263,0.0853179439669719,0.2676025360715265,1-2,1-4,0.07739035301737138,0.019387686044538097,0.02650726773311243,0.003634509004505484,0.00317940006397084,True,True,False,False,予選,2026-09-28,1号艇のdominance,-0.247,1号艇のracer_win_te,-0.197,1号艇vs2号艇のcumulative差,-0.1463,4号艇のsession_exh_rel_avg,-0.0983,ST差分(4-3),-0.0926,2号艇のwin_rate_rank_2to6,0.153,2号艇のモーター2連率,0.0839,2号艇のsession_exh_rel_avg,0.0727,1号艇の直近複勝率,0.0639,2号艇のclass_rank_2to6,0.0609,4号艇のsession_exh_rel_avg,0.1002,4号艇のwin_rate_rank_2to6,-0.0641,4号艇の節間得点,0.0547,4号艇の全国勝率,-0.048,1号艇vs4号艇のcumulative差,0.047,0.0501,北 1.4m/s,[逃げ]1号艇のdominanceが不利(-24.7pt)、1号艇のracer_win_teが不利(-19.7pt) / [2着]2号艇のwin_rate_rank_2to6が有利(+15.3pt)、2号艇のモーター2連率が有利(+8.4pt) / [候補2]4号艇のsession_exh_rel_avgが有利(+10.0pt)、4号艇のwin_rate_rank_2to6が不利(-6.4pt) / [除外]6号艇のwin_rate_rank_2to6が不利(-5.2pt)、天気+5.0pt
143,04,平和島,4,12:24,0.17416452396645635,4,0.34890014781747736,2,0.24682691351668679,0.10375452005120063,0.16968502260610863,0.42604203872805546,0.08262781435475192,0.20044077565425708,1-4,1-2,0.04298849189474344,0.02955311118643029,0.060766028156457194,0.01220811696398638,0.02864877089873845,True,True,False,False,予選,2026-09-28,1号艇のdominance,-0.2134,1号艇の年齢,-0.1899,6号艇の枠別出走数,-0.168,1号艇の体重,-0.1232,1号艇のracer_win_te,-0.1038,4号艇のwin_rate_rank_2to6,0.1504,1号艇の年齢,0.1398,5号艇の年齢,0.1242,4号艇のclass_rank_2to6,0.1105,4号艇の全国勝率,0.0831,4号艇のモーター出走数,-0.0657,2号艇のモーター2連率,-0.0375,2号艇のclass_rank_2to6,-0.0371,1号艇vs6号艇の直近複勝率差,-0.0353,2号艇のsession_exh_rel_avg,-0.0343,0.0062,北 2.4m/s,[逃げ]1号艇のdominanceが不利(-21.3pt)、1号艇の年齢が不利(-19.0pt) / [2着]4号艇のwin_rate_rank_2to6が有利(+15.0pt)、1号艇の年齢が有利(+14.0pt) / [候補2]4号艇のモーター出走数が不利(-6.6pt)、2号艇のモーター2連率が不利(-3.8pt)、天気+0.6pt
144,14,鳴門,7,11:29,0.15223998458828727,3,0.31056315878688356,4,0.2568409958526676,0.08638159975765544,0.24255568424123958,0.3248484703983116,0.061238782115570226,0.15792166094985227,1-3,1-4,0.03692667363068779,0.04728013050740497,0.03910146925025047,0.028397688255473317,0.0005340270207761118,True,True,False,False,予選,2026-09-28,1号艇のdominance,-0.3804,1号艇のracer_win_te,-0.3461,1号艇のvs_max234_diff,-0.1709,1号艇の年齢,-0.1411,場特性:in_escape_diff,-0.1194,3号艇のwin_rate_rank_2to6,-0.0715,5号艇のsession_exh_rel_avg,-0.0607,4号艇の直近1着率,0.0524,avg_entry_count,0.0518,3号艇のsession_exh_rel_avg,0.0503,4号艇のclass_rank_2to6,0.1998,4号艇のwin_rate_rank_2to6,0.0978,4号艇のsession_exh_rel_avg,-0.0769,4号艇のcumulative_diff_rank_2to6,-0.065,1号艇の一般戦2連率,0.061,0.0273,北西 2.7m/s,[逃げ]1号艇のdominanceが不利(-38.0pt)、1号艇のracer_win_teが不利(-34.6pt) / [2着]3号艇のwin_rate_rank_2to6が不利(-7.1pt)、5号艇のsession_exh_rel_avgが不利(-6.1pt) / [候補2]4号艇のclass_rank_2to6が有利(+20.0pt)、4号艇のwin_rate_rank_2to6が有利(+9.8pt) / [除外]6号艇の直近平均着順が不利(-14.7pt)、6号艇のvs_avg456_diffが不利(-13.0pt)、天気+2.7pt
