rank,venue_code,venue_name,race_no,closing_time,in_escape_prob,second_pred_1,second_pred_1_prob,second_pred_2,second_pred_2_prob,confidence_score,third_prob,top2_margin,adjusted_score,score_margin_blend,ticket_1,ticket_2,score_boat2,score_boat3,score_boat4,score_boat5,score_boat6,is_teppan,is_lunch,is_excluded,is_channel_target,race_grade,race_date,top_feat_1,top_feat_1_contrib,top_feat_2,top_feat_2_contrib,top_feat_3,top_feat_3_contrib,top_feat_4,top_feat_4_contrib,top_feat_5,top_feat_5_contrib,s2_top_feat_1,s2_top_feat_1_contrib,s2_top_feat_2,s2_top_feat_2_contrib,s2_top_feat_3,s2_top_feat_3_contrib,s2_top_feat_4,s2_top_feat_4_contrib,s2_top_feat_5,s2_top_feat_5_contrib,s2_top2_feat_1,s2_top2_feat_1_contrib,s2_top2_feat_2,s2_top2_feat_2_contrib,s2_top2_feat_3,s2_top2_feat_3_contrib,s2_top2_feat_4,s2_top2_feat_4_contrib,s2_top2_feat_5,s2_top2_feat_5_contrib,weather_contribution,wind_info,reason_text
1,18,徳山,3,09:39,0.8143316862298098,2,0.4099504788567272,3,0.3340850590310298,0.6058917141830407,0.13475076115482776,0.6092847767329292,0.507918470586759,0.6069096329480073,1-2,1-3,0.33383566471811665,0.27205604946492407,0.0935433481664881,0.10973181455196124,0.005164824117226716,False,False,True,False,決めトク特賞,2026-10-10,1号艇のdominance,0.1809,場特性:in_escape_diff,0.1757,1号艇のvs_max234_diff,0.0997,1号艇の勝率順位,0.0926,4号艇のrecent_race_count,0.0868,2号艇のsession_exh_rel_avg,0.065,場特性:in_escape_diff,0.0427,ST差分(3-2),-0.0427,場特性:1x_diff_course2,0.0421,4号艇の女子戦勝率,0.0391,3号艇のwin_rate_rank_2to6,0.0741,4号艇のrecent_race_count,-0.0539,場特性:1x_diff_course3,0.0509,3号艇のcumulative_diff_rank_2to6,0.0412,3号艇のracer_2nd_te,0.039,0.101,南 1.9m/s,[逃げ]1号艇のdominanceが有利(+18.1pt)、場特性:in_escape_diffが有利(+17.6pt) / [2着]2号艇のsession_exh_rel_avgが有利(+6.5pt)、場特性:in_escape_diffが有利(+4.3pt) / [候補2]3号艇のwin_rate_rank_2to6が有利(+7.4pt)、4号艇のrecent_race_countが不利(-5.4pt) / [除外]6号艇の直近平均着順が不利(-10.2pt)、6号艇のwin_rate_rank_2to6が不利(-9.5pt)、天気+10.1pt
2,16,児島,5,13:00,0.7283940631990737,3,0.45959544421603155,2,0.3342342832362295,0.5782208606671657,0.11942681305893083,0.6744029143933301,0.4953547711067597,0.6070754767850151,1-3,1-2,0.24345426762686725,0.33476659304029843,0.08698978161891083,0.04525847987650189,0.01792494442834445,True,True,False,False,日替艇食戦,2026-10-10,1号艇のdominance,0.2309,1号艇のsession_exh_rel_avg,0.1383,2号艇のsession_rank_diff_last,-0.1282,1号艇の勝率順位,0.0871,風速区分,0.0863,3号艇のwin_rate_rank_2to6,0.1603,3号艇のsession_exh_rel_avg,0.1294,3号艇のclass_rank_2to6,0.054,6号艇のsession_rank_diff_last,0.0485,5号艇の一般戦2連率,-0.0453,2号艇のsession_exh_rel_avg,0.2106,2号艇のclass_rank_2to6,-0.0494,2号艇のwin_rate_rank_2to6,-0.0461,2号艇のracer_avgfin_te,-0.043,2号艇のracer_2nd_te,-0.04,0.089,南東 1.6m/s,[逃げ]1号艇のdominanceが有利(+23.1pt)、1号艇のsession_exh_rel_avgが有利(+13.8pt) / [2着]3号艇のwin_rate_rank_2to6が有利(+16.0pt)、3号艇のsession_exh_rel_avgが有利(+12.9pt) / [候補2]2号艇のsession_exh_rel_avgが有利(+21.1pt)、2号艇のclass_rank_2to6が不利(-4.9pt) / [除外]6号艇のsession_exh_rel_avgが不利(-6.1pt)、2号艇のsession_rank_diff_lastが不利(-5.0pt)、天気+8.9pt
3,23,唐津,12,14:14,0.7528843034608408,3,0.40162713400161776,2,0.35907799838897414,0.5727229537389774,0.11737239130470192,0.64333274108589,0.4920567185764543,0.5939058899430512,1-3,1-2,0.2703441887051957,0.30237876503378175,0.08836783107297376,0.04319813076374,0.04859540050635626,True,True,False,False,からっキー選,2026-10-10,1号艇のsession_exh_rel_avg,-0.2301,1号艇のdominance,0.1593,race_no,0.1084,1号艇のracer_win_te,0.1074,風速区分,0.0913,3号艇のwin_rate_rank_2to6,0.1462,3号艇のsession_exh_rel_avg,0.1012,3号艇の女子戦比率,-0.0603,3号艇の性別,-0.051,3号艇のclass_rank_2to6,0.0424,2号艇のwin_rate_rank_2to6,0.0703,2号艇のclass_rank_2to6,-0.0631,2号艇のsession_exh_rel_avg,0.06,2号艇のモーター2連率,-0.0449,2号艇の全国勝率,0.0438,0.1459,北東 1.4m/s,[逃げ]1号艇のsession_exh_rel_avgが不利(-23.0pt)、1号艇のdominanceが有利(+15.9pt) / [2着]3号艇のwin_rate_rank_2to6が有利(+14.6pt)、3号艇のsession_exh_rel_avgが有利(+10.1pt) / [候補2]2号艇のwin_rate_rank_2to6が有利(+7.0pt)、2号艇のclass_rank_2to6が不利(-6.3pt) / [除外]2号艇のracer_2nd_teが不利(-5.3pt)、天気+14.6pt
4,16,児島,6,13:40,0.8203469306874145,3,0.5555510723463299,2,0.20345090398995427,0.6226449416731523,0.17487686531665142,0.5841251110196328,0.49198150694706816,0.6110889924770965,1-3,1-2,0.16690032463373883,0.45574461703941355,0.14345969971075137,0.03796798998410425,0.016274295499368374,True,True,False,False,予選,2026-10-10,1号艇のdominance,0.2876,風速区分,0.0909,1号艇のracer_win_te,0.0884,1号艇の級別順位,0.0867,1号艇の勝率順位,0.0849,3号艇のwin_rate_rank_2to6,0.148,3号艇のsession_exh_rel_avg,0.0977,3号艇のclass_rank_2to6,0.0478,1号艇のsession_rank_diff_last,-0.0466,3号艇の節間得点,0.0425,2号艇のsession_exh_rel_avg,-0.1252,2号艇のwin_rate_rank_2to6,0.0679,2号艇のcumulative_diff_rank_2to6,-0.0486,2号艇のモーター2連率,-0.0469,6号艇のsession_rank_diff_delta,-0.0422,0.1528,南東 1.6m/s,[逃げ]1号艇のdominanceが有利(+28.8pt)、風速区分が有利(+9.1pt) / [2着]3号艇のwin_rate_rank_2to6が有利(+14.8pt)、3号艇のsession_exh_rel_avgが有利(+9.8pt) / [候補2]2号艇のsession_exh_rel_avgが不利(-12.5pt)、2号艇のwin_rate_rank_2to6が有利(+6.8pt) / [除外]6号艇のwin_rate_rank_2to6が不利(-7.4pt)、win_rate_range_1to6が不利(-6.0pt)、天気+15.3pt
5,12,住之江,1,15:17,0.8351266213429664,2,0.5093950061593493,4,0.21480627976270072,0.6047997730843132,0.16039856139991224,0.5638027245221378,0.4883889568390526,0.5925006585156605,1-2,1-4,0.42540933042283696,0.13395310865018106,0.17939044266147627,0.0689065910761897,0.02746714542119331,True,False,False,False,住之江ＯＮＥ,2026-10-10,1号艇のdominance,0.1593,風速区分,0.0999,1号艇の級別順位,0.0875,1号艇のracer_win_te,0.0749,1号艇のlocal_win_rate順位,0.074,2号艇のwin_rate_rank_2to6,0.1882,2号艇のclass_rank_2to6,-0.0624,2号艇の全国勝率,0.0554,2号艇のモーター2連率,-0.0411,2号艇のsession_exh_rel_avg,0.0379,4号艇のwin_rate_rank_2to6,0.1009,4号艇のclass_rank_2to6,-0.1008,4号艇の年齢,-0.0546,4号艇のcumulative_diff_rank_2to6,0.0433,場特性:1x_diff_course4,0.0324,0.1315,北西 0.4m/s,[逃げ]1号艇のdominanceが有利(+15.9pt)、風速区分が有利(+10.0pt) / [2着]2号艇のwin_rate_rank_2to6が有利(+18.8pt)、2号艇のclass_rank_2to6が不利(-6.2pt) / [候補2]4号艇のwin_rate_rank_2to6が有利(+10.1pt)、4号艇のclass_rank_2to6が不利(-10.1pt) / [除外]1号艇vs5号艇の枠別平均ST差が不利(-7.6pt)、3号艇のwin_rate_rank_2to6が不利(-5.2pt)、天気+13.1pt
6,15,丸亀,9,19:02,0.7201665432399245,2,0.495533050432701,3,0.2967904098062704,0.5706048474881958,0.12759898438496786,0.6647244758540036,0.4832345286586359,0.5988407359979382,1-2,1-3,0.35686632399125345,0.21373852349694233,0.0918925195054474,0.02582405260918594,0.03184510619870398,True,False,False,False,まるがめ特賞,2026-10-10,1号艇のdominance,0.1683,1号艇の勝率順位,0.0925,1号艇の級別順位,-0.0895,風速区分,0.0756,1号艇のvs_max234_diff,0.0579,2号艇のwin_rate_rank_2to6,0.1743,2号艇のclass_rank_2to6,0.0686,2号艇のモーター2連率,0.0574,2号艇の全国勝率,0.0385,3号艇の女子戦2連率,-0.0315,3号艇のモーター2連率,0.0874,3号艇のwin_rate_rank_2to6,-0.0631,3号艇の全国勝率,0.0434,3号艇のcumulative_diff_rank_2to6,0.0423,3号艇の枠別平均ST,-0.0394,0.0732,南東 1.6m/s,[逃げ]1号艇のdominanceが有利(+16.8pt)、1号艇の勝率順位が有利(+9.2pt) / [2着]2号艇のwin_rate_rank_2to6が有利(+17.4pt)、2号艇のclass_rank_2to6が有利(+6.9pt) / [候補2]3号艇のモーター2連率が有利(+8.7pt)、3号艇のwin_rate_rank_2to6が不利(-6.3pt) / [除外]5号艇のracer_avgfin_teが不利(-5.5pt)、天気+7.3pt
7,01,桐生,12,20:45,0.7629191770409307,3,0.5096575280470932,2,0.26765682476766967,0.5930280263515425,0.15549421219892132,0.6218201406158415,0.4823731154282454,0.6016656606308322,1-3,1-2,0.20420052448113915,0.3888275018704034,0.1186295164054289,0.026322547762508666,0.024939081547783626,False,False,False,False,一般桐生特選,2026-10-10,1号艇のsession_exh_rel_avg,0.1807,1号艇の節間得点,0.1299,場特性:in_escape_diff,-0.1171,race_no,0.0929,1号艇の級別順位,0.0903,3号艇のwin_rate_rank_2to6,0.16,3号艇のsession_exh_rel_avg,0.1285,3号艇のモーター2連率,0.1204,6号艇のモーター出走数,0.1019,4号艇のモーター出走数,-0.0591,2号艇のsession_exh_rel_avg,-0.1271,2号艇のclass_rank_2to6,0.0866,4号艇の節間得点,-0.0782,3号艇のモーター出走数,0.0653,2号艇のwin_rate_rank_2to6,0.0622,0.0897,北 1.3m/s,[逃げ]1号艇のsession_exh_rel_avgが有利(+18.1pt)、1号艇の節間得点が有利(+13.0pt) / [2着]3号艇のwin_rate_rank_2to6が有利(+16.0pt)、3号艇のsession_exh_rel_avgが有利(+12.9pt) / [候補2]2号艇のsession_exh_rel_avgが不利(-12.7pt)、2号艇のclass_rank_2to6が有利(+8.7pt) / [除外]3号艇のracer_avgfin_teが不利(-6.4pt)、1号艇vs6号艇のcumulative差が不利(-5.5pt)、天気+9.0pt
8,08,常滑,2,10:44,0.659447529316941,2,0.6602018769213616,3,0.14965829143459158,0.5340602871145352,0.08428991622385729,0.7255702521320959,0.4800412108832872,0.5915132766198034,1-2,1-3,0.435368496586199,0.09869179052833613,0.05558477700015462,0.0426343464299471,0.027168118772304045,False,False,True,False,一般,2026-10-10,1号艇のsession_exh_rel_avg,0.1671,1号艇の女子戦比率,-0.1318,1号艇のdominance,0.0908,場特性:in_escape_diff,0.0792,1号艇の節間得点,0.0762,2号艇のwin_rate_rank_2to6,0.1871,2号艇のsession_exh_rel_avg,0.0736,2号艇の節間得点,0.0624,2号艇の全国勝率,0.055,2号艇の体重,-0.0337,3号艇のsession_exh_rel_avg,-0.1393,3号艇のwin_rate_rank_2to6,-0.1275,6号艇の女子戦比率,0.0867,3号艇の年齢,-0.0813,6号艇のracer_2nd_te,-0.0711,0.0056,西 2.4m/s,[逃げ]1号艇のsession_exh_rel_avgが有利(+16.7pt)、1号艇の女子戦比率が不利(-13.2pt) / [2着]2号艇のwin_rate_rank_2to6が有利(+18.7pt)、2号艇のsession_exh_rel_avgが有利(+7.4pt) / [候補2]3号艇のsession_exh_rel_avgが不利(-13.9pt)、3号艇のwin_rate_rank_2to6が不利(-12.7pt) / [除外]4号艇のracer_avgfin_teが不利(-12.1pt)、2号艇のracer_2nd_teが不利(-6.1pt)、天気+0.6pt
9,03,江戸川,7,13:56,0.7829728394314589,3,0.47498832877339286,2,0.28441448199436303,0.5945917750190608,0.16192480999475228,0.5974780007730036,0.4790567827857761,0.5954576427452436,1-3,1-2,0.22268881454255396,0.3719029604765067,0.12678272825599068,0.03919558558320283,0.02240274328120191,True,True,False,False,予選,2026-10-10,1号艇のdominance,0.245,1号艇の女子戦比率,-0.1952,1号艇のracer_win_te,0.1503,1号艇のsession_exh_rel_avg,0.1304,場特性:in_escape_diff,-0.1258,3号艇のwin_rate_rank_2to6,0.1469,3号艇のsession_exh_rel_avg,-0.108,3号艇の節間得点,0.0604,3号艇のclass_rank_2to6,0.056,2号艇のracer_avgfin_te,0.0407,2号艇の全国勝率,-0.09,2号艇のモーター2連率,0.075,2号艇のsession_exh_rel_avg,0.0657,2号艇の節間得点,-0.0608,2号艇のsession_avg_finish,-0.0591,0.0324,北東 1.6m/s,[逃げ]1号艇のdominanceが有利(+24.5pt)、1号艇の女子戦比率が不利(-19.5pt) / [2着]3号艇のwin_rate_rank_2to6が有利(+14.7pt)、3号艇のsession_exh_rel_avgが不利(-10.8pt) / [候補2]2号艇の全国勝率が不利(-9.0pt)、2号艇のモーター2連率が有利(+7.5pt) / [除外]6号艇のracer_win_teが不利(-15.8pt)、6号艇のwin_rate_rank_2to6が不利(-7.6pt)、天気+3.2pt
10,12,住之江,10,19:24,0.7301047997105277,2,0.3888994302252998,3,0.3573906231481153,0.5448699499441563,0.10414493311403242,0.6421451202593828,0.47677541655281985,0.5740525010387242,1-2,1-3,0.28393734061218084,0.26093260933197543,0.07497859617957989,0.07603671553208693,0.03421952581536911,True,False,False,False,予選特別Ｂ戦,2026-10-10,1号艇のdominance,0.1209,風速区分,0.0917,1号艇の級別順位,0.0827,1号艇の勝率順位,-0.0779,場特性:in_escape_diff,0.0723,2号艇のwin_rate_rank_2to6,-0.1445,2号艇のclass_rank_2to6,0.08,2号艇の全国勝率,0.0648,2号艇のsession_exh_rel_avg,0.0613,3号艇の女子戦2連率,-0.0288,3号艇のwin_rate_rank_2to6,0.0809,6号艇のracer_2nd_te,-0.0618,場特性:1x_diff_course3,0.0506,3号艇のcumulative_diff_rank_2to6,0.0426,3号艇の全国勝率,0.0356,0.1408,南西 0.9m/s,[逃げ]1号艇のdominanceが有利(+12.1pt)、風速区分が有利(+9.2pt) / [2着]2号艇のwin_rate_rank_2to6が不利(-14.5pt)、2号艇のclass_rank_2to6が有利(+8.0pt) / [候補2]3号艇のwin_rate_rank_2to6が有利(+8.1pt)、6号艇のracer_2nd_teが不利(-6.2pt) / [除外]4号艇のwin_rate_rank_2to6が不利(-5.1pt)、天気+14.1pt
11,06,浜名湖,10,15:38,0.6198650556002603,2,0.7198481655339054,5,0.11050229140089343,0.5147052321555906,0.07315218871110903,0.7571982682236897,0.4695230550277015,0.5874531429760204,1-2,1-5,0.44620872315241966,0.03949573544034653,0.04534448552269233,0.06849650900317097,0.0203195943995103,True,False,False,False,予選特賞,2026-10-10,2号艇の枠別勝率,0.1501,3号艇の枠別出走数,-0.086,1号艇の年齢,-0.0725,1号艇vs3号艇のplace_rate差,0.0622,1号艇のdominance,0.0596,2号艇のwin_rate_rank_2to6,0.2337,2号艇のclass_rank_2to6,0.1202,2号艇の当地勝率,0.1001,2号艇のracer_avgfin_te,0.0764,3号艇のracer_2nd_te,0.0606,3号艇の一般戦2連率,0.1144,5号艇のモーター2連率,0.1113,3号艇のracer_avgfin_te,0.0932,3号艇の直近平均着順,0.0801,5号艇のracer_win_te,-0.0755,0.0962,北 1.1m/s,[逃げ]2号艇の枠別勝率が有利(+15.0pt)、3号艇の枠別出走数が不利(-8.6pt) / [2着]2号艇のwin_rate_rank_2to6が有利(+23.4pt)、2号艇のclass_rank_2to6が有利(+12.0pt) / [候補2]3号艇の一般戦2連率が有利(+11.4pt)、5号艇のモーター2連率が有利(+11.1pt) / [除外]2号艇の枠別勝率が不利(-7.5pt)、3号艇のracer_2nd_teが不利(-6.3pt)、天気+9.6pt
12,08,常滑,11,15:32,0.9091602844636315,2,0.44654368745996653,3,0.24291940025664938,0.6268324569556123,0.21135126360703266,0.47811182410958325,0.4678542587386488,0.5822162671018035,1-2,1-3,0.40597978591654216,0.2208526710390701,0.19215217494271777,0.058522443299319216,0.03165320926598228,True,False,False,False,準優勝戦,2026-10-10,1号艇のdominance,0.2863,1号艇のsession_exh_rel_avg,0.1621,1号艇のvs_max234_frame_diff,0.125,1号艇のvs_max234_diff,0.0939,1号艇の全国勝率,0.0935,2号艇のwin_rate_rank_2to6,0.1515,2号艇のsession_exh_rel_avg,-0.0927,2号艇の節間得点,0.061,レース時間帯,-0.0548,2号艇の全国勝率,0.0451,3号艇のwin_rate_rank_2to6,-0.107,3号艇のsession_exh_rel_avg,0.0755,3号艇の年齢,-0.0632,3号艇のcumulative_diff_rank_2to6,0.0509,3号艇の節間得点,0.0435,0.0809,南 3.4m/s,[逃げ]1号艇のdominanceが有利(+28.6pt)、1号艇のsession_exh_rel_avgが有利(+16.2pt) / [2着]2号艇のwin_rate_rank_2to6が有利(+15.2pt)、2号艇のsession_exh_rel_avgが不利(-9.3pt) / [候補2]3号艇のwin_rate_rank_2to6が不利(-10.7pt)、3号艇のsession_exh_rel_avgが有利(+7.5pt) / [除外]1号艇vs3号艇の枠別勝率差が不利(-7.3pt)、天気+8.1pt
13,22,福岡,8,14:30,0.7827145377145173,3,0.3909405377273776,2,0.3608719276737906,0.5884545463044869,0.1734213033800711,0.5783911620210971,0.46599388102442385,0.5854355310194699,1-3,1-2,0.28245970404333776,0.30599484226114915,0.13573937530498142,0.033174491594112065,0.025346123781977196,True,True,False,False,予選,2026-10-10,1号艇のdominance,0.3364,1号艇の女子戦比率,-0.2792,1号艇のracer_win_te,0.105,1号艇のvs_max234_diff,0.1017,1号艇の勝率順位,0.0875,3号艇のwin_rate_rank_2to6,0.1526,場特性:1x_diff_course3,0.0431,3号艇のclass_rank_2to6,0.0412,3号艇の当地勝率,0.0331,3号艇の性別,-0.0314,場特性:1x_diff_course2,0.0598,2号艇のsession_exh_rel_avg,0.0554,2号艇のモーター2連率,-0.0382,2号艇のwin_rate_rank_2to6,-0.0367,2号艇のracer_avgfin_te,-0.035,0.0904,北東 1.0m/s,[逃げ]1号艇のdominanceが有利(+33.6pt)、1号艇の女子戦比率が不利(-27.9pt) / [2着]3号艇のwin_rate_rank_2to6が有利(+15.3pt)、場特性:1x_diff_course3が有利(+4.3pt) / [候補2]場特性:1x_diff_course2が有利(+6.0pt)、2号艇のsession_exh_rel_avgが有利(+5.5pt) / [除外]6号艇のwin_rate_rank_2to6が不利(-6.5pt)、天気+9.0pt
14,07,蒲郡,12,20:40,0.8762931019952483,4,0.3430591582956572,2,0.32632674009412466,0.586578245331858,0.17809703878682254,0.49128885960295926,0.461216827119409,0.5579914296131884,1-4,1-2,0.2859578713410777,0.1560652065746728,0.3006203739907804,0.10846425210352278,0.025185396352971574,False,False,False,False,優勝戦,2026-10-10,1号艇のdominance,0.1745,1号艇のracer_win_te,0.1507,1号艇の全国勝率,0.1296,風速区分,0.1242,race_no,0.112,4号艇のwin_rate_rank_2to6,0.166,4号艇の全国勝率,0.1252,1号艇の当地勝率,0.0696,4号艇の節間得点,0.0636,4号艇のclass_rank_2to6,0.0572,2号艇のsession_exh_rel_avg,0.1216,2号艇のwin_rate_rank_2to6,0.0551,2号艇の全国勝率,0.0529,2号艇の節間得点,0.0527,2号艇のモーター2連率,-0.0505,0.1667,南東 1.6m/s,[逃げ]1号艇のdominanceが有利(+17.4pt)、1号艇のracer_win_teが有利(+15.1pt) / [2着]4号艇のwin_rate_rank_2to6が有利(+16.6pt)、4号艇の全国勝率が有利(+12.5pt) / [候補2]2号艇のsession_exh_rel_avgが有利(+12.2pt)、2号艇のwin_rate_rank_2to6が有利(+5.5pt) / [除外]1号艇の当地勝率が不利(-13.9pt)、6号艇のwin_rate_rank_2to6が不利(-7.7pt)、天気+16.7pt
15,08,常滑,1,10:16,0.7421547868696304,2,0.398158680527427,3,0.3287636613584164,0.5394888957130607,0.12464523162542623,0.6022771102604172,0.45879523367446085,0.5583253600772676,1-2,1-3,0.29549537068712584,0.24399352502593488,0.09250605531128392,0.08752719329351834,0.022632646698880477,False,False,True,False,朝トコ小判Ｒ,2026-10-10,1号艇のdominance,0.2546,1号艇vs5号艇のcumulative差,0.0893,1号艇vs4号艇のcumulative差,0.0788,1号艇の勝率順位,0.0761,1号艇のsession_exh_rel_avg,-0.0717,2号艇のwin_rate_rank_2to6,0.1693,second_best_win_rate,0.0783,1号艇vs2号艇のplace_rate差,-0.0682,2号艇のclass_rank_2to6,-0.0593,2号艇のsession_exh_rel_avg,-0.0504,3号艇のwin_rate_rank_2to6,-0.0647,3号艇の当地勝率,-0.0629,3号艇のsession_exh_rel_avg,0.0579,3号艇のcumulative_diff_rank_2to6,0.0544,3号艇の全国勝率,-0.0476,0.0377,北西 2.3m/s,[逃げ]1号艇のdominanceが有利(+25.5pt)、1号艇vs5号艇のcumulative差が有利(+8.9pt) / [2着]2号艇のwin_rate_rank_2to6が有利(+16.9pt)、second_best_win_rateが有利(+7.8pt) / [候補2]3号艇のwin_rate_rank_2to6が不利(-6.5pt)、3号艇の当地勝率が不利(-6.3pt) / [除外]6号艇のracer_win_teが不利(-14.1pt)、6号艇のsession_exh_rel_avgが不利(-7.2pt)、天気+3.8pt
16,03,江戸川,12,16:25,0.7915389053555706,2,0.45786713927567974,4,0.28762743784414224,0.5900879615219379,0.19404231106623634,0.5514522660535857,0.4526855233786405,0.5784972528814322,1-2,1-4,0.3624196542205581,0.15359203849403383,0.22766830730137977,0.03762538547962938,0.010233509170887728,True,False,False,False,記者選抜戦,2026-10-10,1号艇のdominance,0.24,1号艇のracer_win_te,0.1451,場特性:in_escape_diff,-0.132,race_no,0.101,風速区分,0.1008,2号艇のsession_exh_rel_avg,0.1075,2号艇のclass_rank_2to6,0.0693,4号艇の女子戦比率,0.0627,2号艇のwin_rate_rank_2to6,0.0554,1号艇vs6号艇の枠別平均ST差,0.0537,4号艇の節間得点,0.2131,4号艇のwin_rate_rank_2to6,0.1972,4号艇のsession_exh_rel_avg,-0.1515,4号艇のclass_rank_2to6,0.1456,4号艇の直近1着率,-0.0628,0.0801,北 1.2m/s,[逃げ]1号艇のdominanceが有利(+24.0pt)、1号艇のracer_win_teが有利(+14.5pt) / [2着]2号艇のsession_exh_rel_avgが有利(+10.8pt)、2号艇のclass_rank_2to6が有利(+6.9pt) / [候補2]4号艇の節間得点が有利(+21.3pt)、4号艇のwin_rate_rank_2to6が有利(+19.7pt) / [除外]6号艇のwin_rate_rank_2to6が不利(-7.2pt)、6号艇のsession_exh_rel_avgが不利(-6.6pt)、天気+8.0pt
17,23,唐津,1,08:35,0.8473386921732919,2,0.49016602691360384,3,0.16287907543384833,0.5533503829532637,0.157650509189741,0.49539459315771117,0.4486672193937594,0.5359636460145979,1-2,1-3,0.4153366401927517,0.138013742760512,0.09488268487608777,0.06552226700614748,0.13358337627728867,False,False,True,False,朝１戦,2026-10-10,1号艇のdominance,0.3025,1号艇のvs_max234_diff,0.1181,3号艇のsession_exh_rel_delta,0.1016,1号艇の勝率順位,0.0819,1号艇の級別順位,0.0785,2号艇のsession_exh_rel_avg,0.1934,2号艇のモーター2連率,0.0822,second_best_win_rate,0.0759,2号艇の全国勝率,-0.0713,2号艇の直近平均着順,-0.0618,3号艇のsession_exh_rel_avg,-0.1764,3号艇の全国勝率,-0.1226,3号艇のモーター2連率,-0.0631,3号艇のwin_rate_rank_2to6,0.0613,3号艇の当地勝率,-0.058,0.0688,南東 1.8m/s,[逃げ]1号艇のdominanceが有利(+30.3pt)、1号艇のvs_max234_diffが有利(+11.8pt) / [2着]2号艇のsession_exh_rel_avgが有利(+19.3pt)、2号艇のモーター2連率が有利(+8.2pt) / [候補2]3号艇のsession_exh_rel_avgが不利(-17.6pt)、3号艇の全国勝率が不利(-12.3pt) / [除外]5号艇のracer_win_teが不利(-5.1pt)、天気+6.9pt
18,22,福岡,11,15:58,0.6951420586729298,2,0.38767863974275996,3,0.37656736038304756,0.531259537860006,0.142378941785832,0.6218670583399756,0.44049133288304065,0.5584417940039968,1-2,1-3,0.26949172773430324,0.2617678101257027,0.09897359070467647,0.036584243010809064,0.028324679328620383,True,False,False,False,予選特選,2026-10-10,1号艇の年齢,-0.2393,1号艇のdominance,0.2115,1号艇の勝率順位,0.0914,風速区分,0.0751,1号艇のvs_max234_diff,0.0611,場特性:1x_diff_course2,0.0535,2号艇のwin_rate_rank_2to6,0.052,2号艇の全国勝率,0.0453,3号艇の女子戦2連率,-0.0355,1号艇の体重,-0.0338,3号艇のwin_rate_rank_2to6,0.1615,3号艇の年齢,-0.0918,場特性:1x_diff_course3,0.0424,3号艇のracer_2nd_te,0.0398,3号艇の全国勝率,0.0396,0.1203,南 1.3m/s,[逃げ]1号艇の年齢が不利(-23.9pt)、1号艇のdominanceが有利(+21.1pt) / [2着]場特性:1x_diff_course2が有利(+5.3pt)、2号艇のwin_rate_rank_2to6が有利(+5.2pt) / [候補2]3号艇のwin_rate_rank_2to6が有利(+16.1pt)、3号艇の年齢が不利(-9.2pt)、天気+12.0pt
19,16,児島,9,15:05,0.6858376420955392,2,0.5971414560708128,3,0.19891884359793915,0.5459681188906852,0.16247264021023938,0.6335876594585126,0.4395222607945402,0.5722539810610334,1-2,1-3,0.40954208822910326,0.13642603066158193,0.11142985246682748,0.010787138859265319,0.017652537627385872,True,False,False,False,これしか９じ,2026-10-10,1号艇のdominance,0.3085,1号艇のsession_exh_rel_avg,-0.1345,1号艇の勝率順位,0.0893,1号艇の級別順位,0.079,1号艇のvs_max234_diff,0.0699,2号艇のwin_rate_rank_2to6,0.1704,2号艇の当地勝率,0.1169,2号艇のclass_rank_2to6,0.1137,2号艇のsession_exh_rel_avg,0.0618,2号艇の全国勝率,0.0549,3号艇のsession_exh_rel_avg,-0.2109,5号艇の体重,-0.162,3号艇のwin_rate_rank_2to6,0.0566,5号艇のsession_exh_rel_last,0.0493,5号艇のsession_exh_rel_avg,0.0432,0.0832,南東 1.6m/s,[逃げ]1号艇のdominanceが有利(+30.9pt)、1号艇のsession_exh_rel_avgが不利(-13.4pt) / [2着]2号艇のwin_rate_rank_2to6が有利(+17.0pt)、2号艇の当地勝率が有利(+11.7pt) / [候補2]3号艇のsession_exh_rel_avgが不利(-21.1pt)、5号艇の体重が不利(-16.2pt) / [除外]6号艇のsession_exh_rel_avgが不利(-9.1pt)、5号艇のracer_avgfin_teが不利(-6.5pt)、天気+8.3pt
20,16,児島,1,10:50,0.7706382306493805,2,0.40450073462660263,3,0.3075304050066284,0.5487184176142151,0.16916699746586,0.542864142167371,0.4373283610197976,0.5469621349801619,1-2,1-3,0.3117237304290197,0.23699468718519554,0.1303665556113586,0.05242282872411118,0.039130425828844476,False,False,True,False,朝得ガァ～コ,2026-10-10,1号艇のdominance,0.1606,1号艇のsession_exh_rel_avg,0.1156,風速区分,0.0821,1号艇のvs_max234_frame_diff,0.0745,1号艇の級別順位,0.0731,2号艇のwin_rate_rank_2to6,0.1716,2号艇のsession_exh_rel_avg,-0.0964,2号艇の全国勝率,0.0486,2号艇のcumulative_diff_rank_2to6,-0.0437,2号艇のモーター2連率,-0.0381,3号艇のsession_exh_rel_avg,-0.2499,3号艇のwin_rate_rank_2to6,0.0679,3号艇のsession_exh_rel_last,-0.0618,5号艇のsession_exh_rel_delta,0.0471,3号艇の当地勝率,-0.0454,0.1049,南東 1.6m/s,[逃げ]1号艇のdominanceが有利(+16.1pt)、1号艇のsession_exh_rel_avgが有利(+11.6pt) / [2着]2号艇のwin_rate_rank_2to6が有利(+17.2pt)、2号艇のsession_exh_rel_avgが不利(-9.6pt) / [候補2]3号艇のsession_exh_rel_avgが不利(-25.0pt)、3号艇のwin_rate_rank_2to6が有利(+6.8pt) / [除外]6号艇のsession_avg_finishが不利(-5.6pt)、4号艇のwin_rate_rank_2to6が不利(-5.1pt)、天気+10.5pt
21,06,浜名湖,5,13:06,0.7304505023098157,2,0.5137798501126383,3,0.20786366540664256,0.52712486839968,0.1476798062847781,0.5739637092345028,0.43371003025589533,0.5411765206501268,1-2,1-3,0.37529074959143843,0.15183411880824152,0.10787278868173243,0.07144076399050539,0.024012071713907346,True,True,False,False,ランチタイム,2026-10-10,1号艇のdominance,0.2351,1号艇の級別順位,0.0824,1号艇の勝率順位,0.0793,3号艇の直近平均着順,-0.0783,1号艇のvs_max234_diff,0.0701,2号艇のwin_rate_rank_2to6,0.1958,3号艇の全国勝率,-0.0598,2号艇のclass_rank_2to6,-0.0573,2号艇の直近平均着順,-0.0391,2号艇のsession_exh_rel_avg,0.037,3号艇のwin_rate_rank_2to6,-0.0985,3号艇のcumulative_diff_rank_2to6,0.0587,3号艇のモーター2連率,-0.0526,3号艇の当地勝率,-0.0524,3号艇の年齢,-0.0515,0.0246,南 3.0m/s,[逃げ]1号艇のdominanceが有利(+23.5pt)、1号艇の級別順位が有利(+8.2pt) / [2着]2号艇のwin_rate_rank_2to6が有利(+19.6pt)、3号艇の全国勝率が不利(-6.0pt) / [候補2]3号艇のwin_rate_rank_2to6が不利(-9.9pt)、3号艇のcumulative_diff_rank_2to6が有利(+5.9pt)、天気+2.5pt
22,23,唐津,5,10:23,0.7714007162510234,4,0.4436314153493046,3,0.3032466993047084,0.5761423125963195,0.20863602599753556,0.5382420886564774,0.43189746158536835,0.5647722454143669,1-4,1-3,0.16094197989026607,0.23392472104441075,0.34221759155190884,0.026835840397136955,0.007480580852820646,False,False,True,False,レッツ５特賞,2026-10-10,1号艇のdominance,0.1597,風速区分,0.088,1号艇のlocal_win_rate順位,0.0795,1号艇のracer_win_te,0.0712,1号艇のモーター2連率順位,-0.0637,4号艇のwin_rate_rank_2to6,0.2531,4号艇のclass_rank_2to6,0.2269,4号艇の女子戦比率,-0.0799,win_rate_gap_top2_2to6,0.079,4号艇のsession_exh_rel_avg,0.0761,3号艇のwin_rate_rank_2to6,-0.09,3号艇の全国勝率,-0.0761,3号艇のracer_win_te,-0.0536,3号艇のcumulative_diff_rank_2to6,0.0424,3号艇の当地勝率,-0.0366,0.0617,北 0.1m/s,[逃げ]1号艇のdominanceが有利(+16.0pt)、風速区分が有利(+8.8pt) / [2着]4号艇のwin_rate_rank_2to6が有利(+25.3pt)、4号艇のclass_rank_2to6が有利(+22.7pt) / [候補2]3号艇のwin_rate_rank_2to6が不利(-9.0pt)、3号艇の全国勝率が不利(-7.6pt) / [除外]4号艇の女子戦2連率が不利(-13.5pt)、6号艇のwin_rate_rank_2to6が不利(-9.6pt)、天気+6.2pt
23,15,丸亀,11,20:04,0.6738939849113253,3,0.4644397524504332,2,0.32437950980753394,0.5315805560178333,0.1562976282241983,0.6325216340337687,0.4318788198790078,0.5618628794226139,1-3,1-2,0.2185974004877814,0.3129831555300519,0.10532803151619383,0.028087237769175377,0.008898158980510247,False,False,False,False,予選選抜,2026-10-10,1号艇のモーター2連率,0.1064,1号艇の級別順位,0.084,4号艇のモーター2連率,-0.0835,4号艇の枠別出走数,-0.0828,風速区分,0.0782,3号艇のwin_rate_rank_2to6,0.1539,3号艇の一般戦2連率,0.1081,1号艇のracer_2nd_te,0.0306,場特性:1x_diff_course3,-0.0303,3号艇のclass_rank_2to6,0.0301,2号艇のwin_rate_rank_2to6,0.077,3号艇の女子戦2連率,-0.0693,2号艇のclass_rank_2to6,0.0677,2号艇のモーター2連率,-0.0384,2号艇のsession_exh_rel_avg,0.0345,0.1576,南東 1.6m/s,[逃げ]1号艇のモーター2連率が有利(+10.6pt)、1号艇の級別順位が有利(+8.4pt) / [2着]3号艇のwin_rate_rank_2to6が有利(+15.4pt)、3号艇の一般戦2連率が有利(+10.8pt) / [候補2]2号艇のwin_rate_rank_2to6が有利(+7.7pt)、3号艇の女子戦2連率が不利(-6.9pt) / [除外]4号艇の女子戦2連率が不利(-14.9pt)、6号艇のwin_rate_rank_2to6が不利(-6.7pt)、天気+15.8pt
24,18,徳山,4,10:05,0.564897535329648,2,0.6795805693307482,3,0.15711160961996992,0.47264534971885347,0.09218730687102056,0.7445048720796976,0.4203590674440221,0.5542032064271067,1-2,1-3,0.38389338867285866,0.08875196104599482,0.05207638244011744,0.03948490888565371,0.0006908870511232593,False,False,True,False,ガチトク予選,2026-10-10,場特性:in_escape_diff,0.189,1号艇のdominance,-0.1481,1号艇の年齢,-0.1061,6号艇の枠別出走数,-0.0942,ST差分(6-5),0.0649,2号艇のwin_rate_rank_2to6,0.2066,2号艇のclass_rank_2to6,0.1105,2号艇の当地勝率,0.0839,2号艇のracer_avgfin_te,0.0741,2号艇の全国勝率,0.0571,3号艇のwin_rate_rank_2to6,-0.1126,3号艇のracer_avgfin_te,-0.0753,3号艇の当地勝率,-0.0662,3号艇のsession_exh_rel_avg,0.0409,場特性:1x_diff_course3,0.0347,0.0736,南 1.5m/s,[逃げ]場特性:in_escape_diffが有利(+18.9pt)、1号艇のdominanceが不利(-14.8pt) / [2着]2号艇のwin_rate_rank_2to6が有利(+20.7pt)、2号艇のclass_rank_2to6が有利(+11.0pt) / [候補2]3号艇のwin_rate_rank_2to6が不利(-11.3pt)、3号艇のracer_avgfin_teが不利(-7.5pt) / [除外]6号艇の直近平均着順が不利(-24.1pt)、6号艇の全国勝率が不利(-16.5pt)、天気+7.4pt
25,18,徳山,12,14:28,0.8762242642084124,2,0.34339800189668335,3,0.2924989536733181,0.557188342006694,0.20772014027036384,0.4281768152996375,0.4183012533363237,0.518484883994577,1-2,1-3,0.30089366154256036,0.2562946804641336,0.18200942706966777,0.09772046708434608,0.039306019887230204,True,True,False,False,ドリーム戦,2026-10-10,1号艇のdominance,0.2728,場特性:in_escape_diff,0.1593,race_no,0.123,風速区分,0.1116,3号艇の女子戦勝率,0.1017,2号艇のwin_rate_rank_2to6,-0.1271,場特性:in_escape_diff,0.0744,2号艇のsession_exh_rel_avg,0.0698,2号艇の全国勝率,0.0695,2号艇のclass_rank_2to6,-0.0429,3号艇の一般戦2連率,0.1196,3号艇のwin_rate_rank_2to6,-0.1137,1号艇vs4号艇の枠別平均ST差,0.0879,3号艇の当地勝率,0.0765,3号艇の女子戦比率,-0.0668,0.2058,北東 1.6m/s,[逃げ]1号艇のdominanceが有利(+27.3pt)、場特性:in_escape_diffが有利(+15.9pt) / [2着]2号艇のwin_rate_rank_2to6が不利(-12.7pt)、場特性:in_escape_diffが有利(+7.4pt) / [候補2]3号艇の一般戦2連率が有利(+12.0pt)、3号艇のwin_rate_rank_2to6が不利(-11.4pt) / [除外]1号艇vs5号艇のlocal_win_rate差が不利(-7.3pt)、win_rate_gap_top2_2to6が不利(-6.9pt)、天気+20.6pt
26,16,児島,12,16:50,0.7332041865752197,3,0.34970229639939976,2,0.3465977218382089,0.5105300884842165,0.15298206994873031,0.5433179482888784,0.41680774883530786,0.520366446425615,1-3,1-2,0.25412690070920824,0.25640318777500826,0.0970150161573506,0.11216709415735217,0.013491976167857012,True,False,False,False,記者選抜戦,2026-10-10,1号艇のracer_win_te,0.1962,1号艇の年齢,-0.1849,1号艇のdominance,0.143,1号艇のsession_exh_rel_avg,0.1416,5号艇のsession_exh_rel_avg,-0.0962,3号艇のwin_rate_rank_2to6,0.1911,4号艇のsession_rank_diff_last,-0.113,3号艇の当地勝率,0.0785,5号艇のsession_exh_rel_avg,-0.0683,3号艇のclass_rank_2to6,0.0451,2号艇のsession_exh_rel_avg,0.1076,2号艇のモーター2連率,0.0793,2号艇のwin_rate_rank_2to6,0.0602,2号艇の全国勝率,0.0488,2号艇のracer_2nd_te,0.044,0.1805,南東 1.6m/s,[逃げ]1号艇のracer_win_teが有利(+19.6pt)、1号艇の年齢が不利(-18.5pt) / [2着]3号艇のwin_rate_rank_2to6が有利(+19.1pt)、4号艇のsession_rank_diff_lastが不利(-11.3pt) / [候補2]2号艇のsession_exh_rel_avgが有利(+10.8pt)、2号艇のモーター2連率が有利(+7.9pt) / [除外]6号艇のwin_rate_rank_2to6が不利(-7.2pt)、3号艇の一般戦勝率が不利(-5.1pt)、天気+18.0pt
27,12,住之江,9,18:54,0.5876417988003486,2,0.43500757205097135,3,0.35811140547625075,0.46606986261679,0.08855205032959461,0.7045669271976275,0.4165441322989309,0.5376189819910412,1-2,1-3,0.25562863213180503,0.210441230484985,0.05203688614314198,0.030048521283626447,0.03948651124369986,True,False,False,False,予選,2026-10-10,1号艇の級別順位,-0.1042,風速区分,0.0817,1号艇の勝率順位,-0.0814,1号艇のdominance,-0.0749,4号艇の枠別出走数,-0.0719,2号艇のclass_rank_2to6,0.0812,2号艇のwin_rate_rank_2to6,0.0632,2号艇の全国勝率,0.0509,3号艇の女子戦2連率,-0.0356,2号艇のsession_exh_rel_avg,0.0334,3号艇の当地勝率,0.0646,3号艇のwin_rate_rank_2to6,-0.0534,1号艇のracer_2nd_te,0.0463,3号艇のcumulative_diff_rank_2to6,0.0419,3号艇の全国勝率,0.0381,0.0934,南西 0.9m/s,[逃げ]1号艇の級別順位が不利(-10.4pt)、風速区分が有利(+8.2pt) / [2着]2号艇のclass_rank_2to6が有利(+8.1pt)、2号艇のwin_rate_rank_2to6が有利(+6.3pt) / [候補2]3号艇の当地勝率が有利(+6.5pt)、3号艇のwin_rate_rank_2to6が不利(-5.3pt) / [除外]4号艇の年齢が不利(-11.3pt)、天気+9.3pt
28,02,戸田,9,14:48,0.6023770830813904,2,0.49977889249665586,3,0.2701791188207598,0.463805060952533,0.09188048882643476,0.6780775224909809,0.41266749808794123,0.5280867994140673,1-2,1-3,0.30105535144778334,0.16274970950474965,0.05534670085136005,0.050302671728771724,0.03292265628081414,True,True,False,False,戸田特賞,2026-10-10,場特性:in_escape_diff,-0.1498,1号艇のdominance,-0.1417,1号艇の節間得点,0.111,1号艇のsession_exh_rel_avg,0.1067,1号艇のsession_avg_finish,0.0733,2号艇のwin_rate_rank_2to6,0.2157,2号艇のclass_rank_2to6,0.0916,2号艇の全国勝率,0.0552,2号艇の当地勝率,-0.0389,2号艇のモーター2連率,-0.036,3号艇のsession_exh_rel_avg,-0.1171,3号艇のwin_rate_rank_2to6,-0.0903,3号艇のcumulative_diff_rank_2to6,-0.0542,3号艇の全国勝率,0.0399,3号艇の当地勝率,0.0386,0.0586,東 1.2m/s,[逃げ]場特性:in_escape_diffが不利(-15.0pt)、1号艇のdominanceが不利(-14.2pt) / [2着]2号艇のwin_rate_rank_2to6が有利(+21.6pt)、2号艇のclass_rank_2to6が有利(+9.2pt) / [候補2]3号艇のsession_exh_rel_avgが不利(-11.7pt)、3号艇のwin_rate_rank_2to6が不利(-9.0pt) / [除外]1号艇vs5号艇の枠別平均ST差が不利(-6.2pt)、4号艇のwin_rate_rank_2to6が不利(-5.9pt)、天気+5.9pt
29,06,浜名湖,12,16:36,0.7730986245139324,3,0.33256169669422436,2,0.328906394291926,0.5113800713012495,0.16355521867179063,0.4979128723143597,0.41101341603796343,0.5073399116051825,1-3,1-2,0.25427708102092506,0.25710299028032446,0.0931216575014402,0.12644431458723676,0.04215259408408158,True,False,False,False,ドリーム戦,2026-10-10,1号艇のdominance,0.2042,1号艇の全国勝率,0.1445,1号艇のracer_win_te,0.1241,race_no,0.09,レース時間帯,0.0887,3号艇のwin_rate_rank_2to6,-0.0698,6号艇のracer_2nd_te,-0.0687,3号艇のcumulative_diff_rank_2to6,0.0483,5号艇の直近1着率,0.047,風向(度),0.0403,2号艇のwin_rate_rank_2to6,-0.1436,2号艇の当地勝率,0.1012,2号艇のsession_exh_rel_avg,0.0739,2号艇の全国勝率,0.0588,6号艇の当地2連率,-0.0584,0.1595,北 1.7m/s,[逃げ]1号艇のdominanceが有利(+20.4pt)、1号艇の全国勝率が有利(+14.5pt) / [2着]3号艇のwin_rate_rank_2to6が不利(-7.0pt)、6号艇のracer_2nd_teが不利(-6.9pt) / [候補2]2号艇のwin_rate_rank_2to6が不利(-14.4pt)、2号艇の当地勝率が有利(+10.1pt) / [除外]5号艇の直近1着率が不利(-11.5pt)、天気+15.9pt
30,09,津,3,11:25,0.7498742599266995,2,0.3905848815685996,4,0.29303150789646076,0.5126263341238746,0.1688780708427235,0.5147383186223369,0.4087407184798538,0.5132599294734133,1-2,1-4,0.29288954900481123,0.126637318391036,0.21973678511906333,0.05535361540930236,0.055256990605736966,True,True,False,False,一般,2026-10-10,1号艇のdominance,0.1694,1号艇の勝率順位,0.0872,1号艇のracer_win_te,0.087,ST差分(4-3),-0.0803,1号艇の全国勝率,0.0775,2号艇のwin_rate_rank_2to6,0.1567,2号艇のclass_rank_2to6,0.0659,2号艇のracer_avgfin_te,0.0653,2号艇の全国勝率,0.0554,ST差分(3-2),-0.0387,4号艇のclass_rank_2to6,0.1132,4号艇のwin_rate_rank_2to6,0.0963,4号艇の全国勝率,0.0961,4号艇のracer_win_te,0.0634,4号艇のcumulative_diff_rank_2to6,0.0454,0.0601,南東 2.1m/s,[逃げ]1号艇のdominanceが有利(+16.9pt)、1号艇の勝率順位が有利(+8.7pt) / [2着]2号艇のwin_rate_rank_2to6が有利(+15.7pt)、2号艇のclass_rank_2to6が有利(+6.6pt) / [候補2]4号艇のclass_rank_2to6が有利(+11.3pt)、4号艇のwin_rate_rank_2to6が有利(+9.6pt)、天気+6.0pt
31,09,津,12,16:20,0.5653071512849897,2,0.47419469970033123,3,0.3377774921158524,0.45901368667823594,0.09246909918305155,0.7195030926331321,0.4080801881344424,0.5371605084647048,1-2,1-3,0.2680656548420354,0.19094803183620057,0.05227344304106003,0.027914288500660446,0.02610572885316673,True,False,False,False,トーナメント,2026-10-10,1号艇のdominance,-0.3653,race_no,0.1495,2号艇の全国勝率,0.1372,1号艇のvs_max234_diff,-0.1321,1号艇の級別順位,-0.1306,2号艇のwin_rate_rank_2to6,0.1991,2号艇のracer_avgfin_te,0.0828,2号艇の当地勝率,0.0798,2号艇の全国勝率,0.0737,1号艇vs2号艇のlocal_win_rate差,0.0544,6号艇のモーター出走数,0.1531,1号艇vs4号艇のlocal_win_rate差,-0.0841,1号艇のvs_max234_diff,-0.0799,3号艇のwin_rate_rank_2to6,0.0555,win_rate_gap_top2_2to6,0.0497,0.1244,西 1.4m/s,[逃げ]1号艇のdominanceが不利(-36.5pt)、race_noが有利(+14.9pt) / [2着]2号艇のwin_rate_rank_2to6が有利(+19.9pt)、2号艇のracer_avgfin_teが有利(+8.3pt) / [候補2]6号艇のモーター出走数が有利(+15.3pt)、1号艇vs4号艇のlocal_win_rate差が不利(-8.4pt) / [除外]1号艇vs2号艇のlocal_win_rate差が不利(-6.8pt)、2号艇のracer_2nd_teが不利(-6.0pt)、天気+12.4pt
32,15,丸亀,12,20:35,0.6461037979447001,2,0.4412250653429046,3,0.3095111696443328,0.48505353267995893,0.13319999242034464,0.6175362425668928,0.40752258042824063,0.5247983456460391,1-2,1-3,0.28507719046644914,0.19997634221350977,0.08606102098898993,0.05401123310537366,0.020978002144411752,False,False,False,False,ドリーム,2026-10-10,1号艇のdominance,0.1429,1号艇の年齢,-0.1122,race_no,0.102,レース時間帯,0.0909,1号艇の級別順位,0.0797,2号艇の当地勝率,0.0747,2号艇のsession_exh_rel_avg,0.0651,2号艇のwin_rate_rank_2to6,0.0619,1号艇の年齢,0.0608,2号艇のモーター2連率,0.0565,3号艇の当地勝率,0.0739,3号艇のracer_avgfin_te,0.0615,3号艇のwin_rate_rank_2to6,-0.0577,3号艇のモーター2連率,0.0556,3号艇のcumulative_diff_rank_2to6,0.0504,0.176,南東 1.2m/s,[逃げ]1号艇のdominanceが有利(+14.3pt)、1号艇の年齢が不利(-11.2pt) / [2着]2号艇の当地勝率が有利(+7.5pt)、2号艇のsession_exh_rel_avgが有利(+6.5pt) / [候補2]3号艇の当地勝率が有利(+7.4pt)、3号艇のracer_avgfin_teが有利(+6.2pt) / [除外]6号艇のwin_rate_rank_2to6が不利(-5.9pt)、3号艇のracer_avgfin_teが不利(-5.6pt)、天気+17.6pt
33,01,桐生,6,17:51,0.7703861191813008,2,0.38220137815892224,3,0.3080568590502538,0.531765364596503,0.19731989292620894,0.4929383442829672,0.4058519028316449,0.5201172585024423,1-2,1-3,0.29444263646559693,0.23732272813090605,0.15201250654869192,0.07960814083848045,0.0070001236996191755,True,False,False,False,ドラドキ目玉,2026-10-10,1号艇のdominance,0.333,1号艇のvs_max234_diff,0.1753,1号艇のsession_exh_rel_avg,-0.1413,場特性:in_escape_diff,-0.1065,1号艇のlocal_win_rate順位,0.0903,2号艇のsession_exh_rel_avg,-0.08,6号艇のsession_rank_diff_last,-0.0701,3号艇のモーター出走数,0.0565,2号艇の全国勝率,-0.0497,second_best_win_rate,0.0495,3号艇のsession_exh_rel_avg,-0.1124,4号艇のモーター出走数,-0.1008,3号艇のsession_exh_rel_last,-0.0622,6号艇のモーター出走数,0.0588,3号艇の節間得点,-0.0479,0.0175,南東 1.5m/s,[逃げ]1号艇のdominanceが有利(+33.3pt)、1号艇のvs_max234_diffが有利(+17.5pt) / [2着]2号艇のsession_exh_rel_avgが不利(-8.0pt)、6号艇のsession_rank_diff_lastが不利(-7.0pt) / [候補2]3号艇のsession_exh_rel_avgが不利(-11.2pt)、4号艇のモーター出走数が不利(-10.1pt) / [除外]6号艇の節間得点が不利(-8.9pt)、1号艇vs6号艇のcumulative差が不利(-8.1pt)、天気+1.8pt
34,08,常滑,6,12:50,0.5505277770992456,2,0.719997253967668,6,0.09626421550746014,0.449374612321906,0.08109204162367263,0.7351694278514554,0.4056457666014703,0.5351130569807708,1-2,1-6,0.3963784877443813,0.031159338286024248,0.0253504091775469,0.044643421415519996,0.05299612457752476,True,True,False,False,昼トコ小判Ｒ,2026-10-10,1号艇の節間得点,0.1127,1号艇のsession_exh_rel_avg,-0.0859,1号艇のdominance,-0.0841,1号艇の年齢,-0.0668,1号艇vs2号艇のcumulative差,0.055,2号艇の当地勝率,0.3366,2号艇のclass_rank_2to6,0.1231,6号艇のsession_rank_diff_delta,-0.0808,2号艇の全国勝率,0.0642,2号艇のwin_rate_rank_2to6,0.0568,6号艇のwin_rate_rank_2to6,0.2128,3号艇のracer_2nd_te,-0.1489,2号艇の一般戦2連率,0.1294,6号艇のvs_avg456_diff,0.1265,6号艇のclass_rank_2to6,0.12,-0.0008,南 5.4m/s,[逃げ]1号艇の節間得点が有利(+11.3pt)、1号艇のsession_exh_rel_avgが不利(-8.6pt) / [2着]2号艇の当地勝率が有利(+33.7pt)、2号艇のclass_rank_2to6が有利(+12.3pt) / [候補2]6号艇のwin_rate_rank_2to6が有利(+21.3pt)、3号艇のracer_2nd_teが不利(-14.9pt)、天気影響ほぼなし
35,22,福岡,1,11:07,0.822318665561196,3,0.375829834060206,2,0.23700066119248267,0.5039419550713978,0.17405350402416578,0.4387769912285229,0.3986865193454392,0.48439246591853535,1-3,1-2,0.19489006744892348,0.3090518876224743,0.1361524549238143,0.14312744516540227,0.03909680733720586,True,True,False,False,カタメン１予,2026-10-10,1号艇のdominance,0.3352,1号艇のvs_max234_diff,0.1394,1号艇のracer_win_te,0.1021,1号艇のvs_max234_frame_diff,0.0992,1号艇の勝率順位,0.0989,3号艇のwin_rate_rank_2to6,-0.0799,3号艇の当地勝率,-0.0617,3号艇のcumulative_diff_rank_2to6,0.047,3号艇の全国勝率,-0.0457,2号艇の直近1着率,0.0416,1号艇vs2号艇の枠別勝率差,-0.2616,2号艇の直近平均着順,-0.0711,2号艇のsession_exh_rel_avg,0.0623,2号艇のwin_rate_rank_2to6,-0.0542,場特性:1x_diff_course2,0.0506,0.016,南東 2.4m/s,[逃げ]1号艇のdominanceが有利(+33.5pt)、1号艇のvs_max234_diffが有利(+13.9pt) / [2着]3号艇のwin_rate_rank_2to6が不利(-8.0pt)、3号艇の当地勝率が不利(-6.2pt) / [候補2]1号艇vs2号艇の枠別勝率差が不利(-26.2pt)、2号艇の直近平均着順が不利(-7.1pt) / [除外]1号艇vs6号艇の枠別平均ST差が不利(-5.5pt)、1号艇vs3号艇の枠別勝率差が不利(-5.1pt)、天気+1.6pt
36,02,戸田,5,12:44,0.5495037180816844,4,0.5506832564742468,2,0.2810487870033225,0.4570398503386015,0.11177774944674021,0.719954294030829,0.39573558728461294,0.5359141834462697,1-4,1-2,0.15443735342067308,0.06142228891978669,0.3026024969179284,0.024855510681613784,0.006186061744617239,True,True,False,False,ウインウイン,2026-10-10,場特性:in_escape_diff,-0.1719,1号艇vs4号艇の枠別平均ST差,-0.0801,1号艇vs3号艇のplace_rate差,0.08,1号艇のdominance,0.0797,6号艇の枠別出走数,-0.0723,4号艇のclass_rank_2to6,0.2224,4号艇のwin_rate_rank_2to6,0.211,4号艇の全国勝率,0.1084,win_rate_gap_top2_2to6,0.0622,4号艇の年齢,0.0576,2号艇のsession_exh_rel_avg,0.114,2号艇のsession_avg_finish,-0.0778,2号艇のモーター2連率,-0.0552,3号艇のracer_2nd_te,0.0521,ST差分(4-3),-0.0438,0.0052,北東 1.5m/s,[逃げ]場特性:in_escape_diffが不利(-17.2pt)、1号艇vs4号艇の枠別平均ST差が不利(-8.0pt) / [2着]4号艇のclass_rank_2to6が有利(+22.2pt)、4号艇のwin_rate_rank_2to6が有利(+21.1pt) / [候補2]2号艇のsession_exh_rel_avgが有利(+11.4pt)、2号艇のsession_avg_finishが不利(-7.8pt) / [除外]6号艇のvs_avg456_diffが不利(-12.0pt)、6号艇のwin_rate_rank_2to6が不利(-10.5pt)、天気+0.5pt
37,03,江戸川,8,14:24,0.57100211338613,3,0.436671314625272,2,0.3465503408891102,0.4472212205484957,0.09897706776570589,0.6842445877486762,0.3941036464855075,0.5183282307085498,1-3,1-2,0.1978809770423657,0.24934024350613002,0.05651611487098027,0.029045482200570714,0.038219297893232,True,True,False,False,予選,2026-10-10,1号艇のdominance,0.1636,場特性:in_escape_diff,-0.1358,1号艇の女子戦比率,-0.1177,1号艇vs3号艇のcumulative差,-0.087,3号艇のsession_exh_rel_delta,0.087,3号艇のwin_rate_rank_2to6,0.1964,3号艇のsession_exh_rel_avg,-0.1655,3号艇の当地勝率,0.0948,1号艇vs3号艇のlocal_win_rate差,0.0678,1号艇vs3号艇のcumulative差,0.0661,2号艇のwin_rate_rank_2to6,-0.1366,2号艇のsession_exh_rel_avg,0.112,1号艇の節間得点,0.0974,2号艇の全国勝率,-0.0772,2号艇のsession_avg_finish,0.0646,0.0315,北東 1.4m/s,[逃げ]1号艇のdominanceが有利(+16.4pt)、場特性:in_escape_diffが不利(-13.6pt) / [2着]3号艇のwin_rate_rank_2to6が有利(+19.6pt)、3号艇のsession_exh_rel_avgが不利(-16.6pt) / [候補2]2号艇のwin_rate_rank_2to6が不利(-13.7pt)、2号艇のsession_exh_rel_avgが有利(+11.2pt) / [除外]6号艇のwin_rate_rank_2to6が不利(-7.1pt)、天気+3.1pt
38,08,常滑,5,12:12,0.5011532315916809,2,0.7606895012851234,6,0.08312816649545657,0.42288195108239307,0.07175839618967272,0.7720592715909073,0.38646755437771446,0.5276351472349473,1-2,1-6,0.3812220018069037,0.019096996067766717,0.023212326696406726,0.03596195214429065,0.041659949275489355,True,True,False,False,三Ａ傑戦,2026-10-10,1号艇のdominance,-0.2419,1号艇の節間得点,0.1071,1号艇のracer_win_te,0.0977,1号艇のsession_exh_rel_avg,-0.0859,1号艇のvs_max234_diff,-0.0747,2号艇のwin_rate_rank_2to6,0.2423,2号艇のclass_rank_2to6,0.1258,2号艇のsession_rank_diff_last,0.1023,2号艇のsession_rank_diff_delta,0.0992,2号艇の当地勝率,0.0805,6号艇のwin_rate_rank_2to6,0.1971,6号艇のclass_rank_2to6,0.1172,勝率の分散(2-6号艇),-0.1121,win_rate_range_1to6,-0.1102,6号艇のvs_avg456_diff,0.1087,-0.0598,南 4.5m/s,[逃げ]1号艇のdominanceが不利(-24.2pt)、1号艇の節間得点が有利(+10.7pt) / [2着]2号艇のwin_rate_rank_2to6が有利(+24.2pt)、2号艇のclass_rank_2to6が有利(+12.6pt) / [候補2]6号艇のwin_rate_rank_2to6が有利(+19.7pt)、6号艇のclass_rank_2to6が有利(+11.7pt) / [除外]4号艇のwin_rate_rank_2to6が不利(-5.3pt)、3号艇のwin_rate_rank_2to6が不利(-5.0pt)、天気-6.0pt
39,22,福岡,12,16:40,0.6987777677867778,2,0.39146477563599213,3,0.3012899256230685,0.48408158376960253,0.16990486015814132,0.5228498411009194,0.38538420721499544,0.49571206096899756,1-2,1-3,0.27354688208607036,0.2105347016835321,0.11872573891743063,0.06571653887306207,0.03025389451250737,True,False,False,False,ドリームレー,2026-10-10,1号艇のracer_win_te,0.1108,race_no,0.1074,風速区分,0.0817,レース時間帯,0.079,1号艇の級別順位,0.0779,2号艇のwin_rate_rank_2to6,-0.1314,2号艇のsession_exh_rel_avg,0.0762,2号艇の全国勝率,0.0553,1号艇vs2号艇のlocal_win_rate差,0.0485,2号艇の一般戦勝率,-0.0474,3号艇の当地勝率,0.097,3号艇のwin_rate_rank_2to6,0.0788,3号艇の体重,-0.0468,3号艇の女子戦比率,-0.0464,1号艇vs3号艇のlocal_win_rate差,0.0443,0.2031,南東 1.5m/s,[逃げ]1号艇のracer_win_teが有利(+11.1pt)、race_noが有利(+10.7pt) / [2着]2号艇のwin_rate_rank_2to6が不利(-13.1pt)、2号艇のsession_exh_rel_avgが有利(+7.6pt) / [候補2]3号艇の当地勝率が有利(+9.7pt)、3号艇のwin_rate_rank_2to6が有利(+7.9pt) / [除外]6号艇のwin_rate_rank_2to6が不利(-5.5pt)、天気+20.3pt
40,01,桐生,10,19:48,0.6062506146828429,3,0.46852679591552304,5,0.2649956682738529,0.4446984447984828,0.11193776298046831,0.6215847012089076,0.38496418586452025,0.4977643217216102,1-3,1-5,0.06786233761313129,0.2840446580191687,0.06185680725246854,0.16065378677931405,0.031833031794138884,True,False,False,False,予選特賞,2026-10-10,1号艇のdominance,0.3451,3号艇のsession_exh_rel_avg,-0.1366,6号艇のモーター出走数,-0.1259,3号艇のsession_exh_rel_last,-0.1222,1号艇のvs_max234_diff,0.1126,4号艇のモーター出走数,-0.1141,3号艇のwin_rate_rank_2to6,0.0963,3号艇のsession_exh_rel_avg,0.0732,3号艇のracer_avgfin_te,-0.073,6号艇のモーター出走数,0.0728,5号艇のwin_rate_rank_2to6,0.1984,4号艇のsession_exh_rel_last,0.1701,1号艇のsession_exh_rel_delta,0.0896,mean_234_全国勝率,0.0787,1号艇vs4号艇の勝率差,0.0683,0.1606,北東 1.2m/s,[逃げ]1号艇のdominanceが有利(+34.5pt)、3号艇のsession_exh_rel_avgが不利(-13.7pt) / [2着]4号艇のモーター出走数が不利(-11.4pt)、3号艇のwin_rate_rank_2to6が有利(+9.6pt) / [候補2]5号艇のwin_rate_rank_2to6が有利(+19.8pt)、4号艇のsession_exh_rel_lastが有利(+17.0pt) / [除外]2号艇のwin_rate_rank_2to6が不利(-6.3pt)、6号艇のsession_exh_rel_avgが不利(-6.0pt)、天気+16.1pt
41,09,津,11,15:42,0.8034493074089843,3,0.34733934124400956,2,0.2740695900108011,0.4992705754344348,0.19130214675235793,0.43010678450245277,0.3846567359653639,0.47852143815484016,1-3,1-2,0.22020102227604244,0.2790695531583923,0.15370157731403386,0.10741271612459238,0.04306444302554607,True,False,False,False,トーナメント,2026-10-10,1号艇のdominance,0.1796,1号艇のracer_win_te,0.1758,1号艇のvs_max234_diff,0.1124,1号艇の勝率順位,0.085,1号艇の級別順位,0.0805,3号艇の当地勝率,0.076,3号艇のwin_rate_rank_2to6,-0.0601,3号艇のcumulative_diff_rank_2to6,0.049,6号艇の直近1着率,0.0482,全艇平均勝率,-0.0371,2号艇のwin_rate_rank_2to6,-0.1588,2号艇の体重,-0.0792,2号艇のsession_exh_rel_avg,0.0715,2号艇の直近平均着順,-0.066,レース時間帯,-0.053,0.0909,西 1.5m/s,[逃げ]1号艇のdominanceが有利(+18.0pt)、1号艇のracer_win_teが有利(+17.6pt) / [2着]3号艇の当地勝率が有利(+7.6pt)、3号艇のwin_rate_rank_2to6が不利(-6.0pt) / [候補2]2号艇のwin_rate_rank_2to6が不利(-15.9pt)、2号艇の体重が不利(-7.9pt) / [除外]4号艇の女子戦2連率が不利(-17.2pt)、天気+9.1pt
42,12,住之江,11,19:57,0.7791507607975722,2,0.3689489871656718,3,0.23994952253119,0.47442373707881774,0.15811609650089942,0.45078241319596235,0.38440690180569176,0.46733133991396114,1-2,1-3,0.28746688404562687,0.18695685303319087,0.12319627688301812,0.09443262828978079,0.0870981011305789,True,False,False,False,予選特別Ａ戦,2026-10-10,1号艇の級別順位,0.091,風速区分,0.0872,場特性:in_escape_diff,0.0851,1号艇の勝率順位,-0.0765,1号艇の節間得点,-0.0666,2号艇のwin_rate_rank_2to6,0.0687,2号艇のsession_exh_rel_avg,0.0588,2号艇の全国勝率,0.0464,レース時間帯,-0.0401,3号艇の女子戦2連率,-0.0348,3号艇のwin_rate_rank_2to6,-0.1346,3号艇のcumulative_diff_rank_2to6,0.0547,3号艇の全国勝率,-0.051,3号艇のモーター2連率,-0.0448,3号艇のracer_avgfin_te,0.0441,0.1309,南東 0.8m/s,[逃げ]1号艇の級別順位が有利(+9.1pt)、風速区分が有利(+8.7pt) / [2着]2号艇のwin_rate_rank_2to6が有利(+6.9pt)、2号艇のsession_exh_rel_avgが有利(+5.9pt) / [候補2]3号艇のwin_rate_rank_2to6が不利(-13.5pt)、3号艇のcumulative_diff_rank_2to6が有利(+5.5pt)、天気+13.1pt
43,03,江戸川,11,15:53,0.7357655508726474,2,0.3868914529856322,3,0.25937576547806956,0.47550115600387904,0.16111598144426534,0.4851512370194364,0.3835681534909418,0.47839618030854625,1-2,1-3,0.28466140303389265,0.19083975296998645,0.10631901263236923,0.03540179339467199,0.11854358884172712,True,False,False,False,予選特選,2026-10-10,1号艇のdominance,0.2783,1号艇のracer_win_te,0.1786,1号艇の全国勝率,0.1479,場特性:in_escape_diff,-0.1151,1号艇vs3号艇のlocal_win_rate差,-0.106,2号艇のwin_rate_rank_2to6,-0.1452,2号艇のsession_exh_rel_avg,0.0682,4号艇の女子戦比率,0.0673,2号艇の全国勝率,0.0625,2号艇のclass_rank_2to6,-0.0493,3号艇のwin_rate_rank_2to6,0.1622,3号艇のsession_exh_rel_avg,-0.1005,3号艇の年齢,-0.0979,3号艇の女子戦比率,-0.0789,3号艇の当地勝率,0.0676,0.1291,北東 1.2m/s,[逃げ]1号艇のdominanceが有利(+27.8pt)、1号艇のracer_win_teが有利(+17.9pt) / [2着]2号艇のwin_rate_rank_2to6が不利(-14.5pt)、2号艇のsession_exh_rel_avgが有利(+6.8pt) / [候補2]3号艇のwin_rate_rank_2to6が有利(+16.2pt)、3号艇のsession_exh_rel_avgが不利(-10.0pt) / [除外]6号艇の女子戦比率が不利(-6.9pt)、5号艇のwin_rate_rank_2to6が不利(-5.1pt)、天気+12.9pt
44,22,福岡,9,15:02,0.7581294264191732,2,0.4502786538484508,3,0.18168031626242637,0.4791066915306108,0.17090902221554305,0.46104994789533416,0.38084630410690623,0.4736896684400278,1-2,1-3,0.34136949757092344,0.13773719395968728,0.10628773785375024,0.1295711589821314,0.04316383240417642,True,False,False,False,予選特賞,2026-10-10,1号艇のdominance,0.2076,1号艇の級別順位,0.0823,1号艇のvs_max234_diff,0.0793,1号艇の勝率順位,0.0782,1号艇のlocal_win_rate順位,0.071,3号艇のracer_2nd_te,0.0725,2号艇のclass_rank_2to6,-0.059,2号艇のsession_exh_rel_avg,0.0433,場特性:1x_diff_course2,0.0371,1号艇のモーター出走数,0.0352,3号艇のwin_rate_rank_2to6,-0.1158,3号艇の全国勝率,-0.0974,3号艇の当地勝率,-0.0744,3号艇のracer_avgfin_te,-0.0704,3号艇のモーター2連率,-0.0545,0.074,南西 0.4m/s,[逃げ]1号艇のdominanceが有利(+20.8pt)、1号艇の級別順位が有利(+8.2pt) / [2着]3号艇のracer_2nd_teが有利(+7.2pt)、2号艇のclass_rank_2to6が不利(-5.9pt) / [候補2]3号艇のwin_rate_rank_2to6が不利(-11.6pt)、3号艇の全国勝率が不利(-9.7pt)、天気+7.4pt
45,16,児島,11,16:11,0.5954920977061613,3,0.39653875622870555,2,0.3609335405545432,0.4510687669657608,0.13191588142712224,0.6255564153561266,0.37966500619152055,0.5034150614828705,1-3,1-2,0.21493307119733676,0.236135695768424,0.07855486495179427,0.04945776786128504,0.01641070014570217,True,False,False,False,予選特選,2026-10-10,1号艇のracer_win_te,0.1765,1号艇のdominance,0.1136,1号艇の節間得点,0.0932,1号艇vs4号艇の枠別平均ST差,-0.0804,風速区分,0.0782,3号艇のsession_exh_rel_avg,0.1063,1号艇の直近1着率,0.0643,3号艇の節間得点,0.051,3号艇のwin_rate_rank_2to6,0.0496,3号艇のclass_rank_2to6,0.0381,2号艇のwin_rate_rank_2to6,0.1525,2号艇の枠別出走数,-0.1188,2号艇のsession_exh_rel_avg,0.108,2号艇のclass_rank_2to6,0.0769,2号艇の全国勝率,0.0522,0.1456,南東 1.6m/s,[逃げ]1号艇のracer_win_teが有利(+17.7pt)、1号艇のdominanceが有利(+11.4pt) / [2着]3号艇のsession_exh_rel_avgが有利(+10.6pt)、1号艇の直近1着率が有利(+6.4pt) / [候補2]2号艇のwin_rate_rank_2to6が有利(+15.2pt)、2号艇の枠別出走数が不利(-11.9pt) / [除外]6号艇のwin_rate_rank_2to6が不利(-6.9pt)、2号艇のracer_2nd_teが不利(-5.3pt)、天気+14.6pt
46,18,徳山,1,08:47,0.7178571285331077,2,0.41597036963232015,4,0.27065694761239945,0.49290031432968556,0.19306528131601836,0.49356203592870124,0.37870598891350804,0.4930988308093902,1-2,1-4,0.29860729509911277,0.13859328846495358,0.19429301923057282,0.06396242767004236,0.022401095394199936,False,False,True,False,朝トク予選,2026-10-10,場特性:in_escape_diff,0.1599,1号艇のdominance,0.1376,1号艇の級別順位,0.0848,1号艇のvs_max234_diff,0.0673,1号艇のlocal_win_rate順位,0.0668,2号艇の全国勝率,-0.0642,2号艇のwin_rate_rank_2to6,0.0459,2号艇のclass_rank_2to6,-0.044,場特性:1x_diff_course2,0.0435,2号艇のsession_exh_rel_avg,0.0404,4号艇のwin_rate_rank_2to6,0.2088,4号艇のclass_rank_2to6,-0.0973,4号艇のcumulative_diff_rank_2to6,0.0416,win_rate_gap_top2_2to6,0.0307,4号艇の全国勝率,0.0305,0.0418,東 2.5m/s,[逃げ]場特性:in_escape_diffが有利(+16.0pt)、1号艇のdominanceが有利(+13.8pt) / [2着]2号艇の全国勝率が不利(-6.4pt)、2号艇のwin_rate_rank_2to6が有利(+4.6pt) / [候補2]4号艇のwin_rate_rank_2to6が有利(+20.9pt)、4号艇のclass_rank_2to6が不利(-9.7pt)、天気+4.2pt
47,18,徳山,10,13:16,0.578260399603518,2,0.5155591735078913,3,0.2585557591307014,0.447640010286643,0.13675288026030186,0.6373620523782908,0.37418073741490354,0.5045566229141374,1-2,1-3,0.2981274536919327,0.14951255659471036,0.07907877518625421,0.02426451847382822,0.027277101042262157,True,True,False,False,予選,2026-10-10,場特性:in_escape_diff,0.1556,1号艇のracer_win_te,-0.1165,1号艇の級別順位,-0.0969,風速区分,0.0846,1号艇の全国勝率,-0.0704,2号艇のwin_rate_rank_2to6,0.1531,2号艇のclass_rank_2to6,0.0459,場特性:1x_diff_course2,0.0441,2号艇のsession_exh_rel_avg,0.0385,avg_entry_count,-0.0364,3号艇のwin_rate_rank_2to6,-0.0655,3号艇の当地勝率,-0.0587,3号艇のcumulative_diff_rank_2to6,0.039,1号艇の一般戦2連率,0.0349,3号艇の全国勝率,-0.0326,0.1215,北東 1.2m/s,[逃げ]場特性:in_escape_diffが有利(+15.6pt)、1号艇のracer_win_teが不利(-11.7pt) / [2着]2号艇のwin_rate_rank_2to6が有利(+15.3pt)、2号艇のclass_rank_2to6が有利(+4.6pt) / [候補2]3号艇のwin_rate_rank_2to6が不利(-6.5pt)、3号艇の当地勝率が不利(-5.9pt) / [除外]5号艇のracer_avgfin_teが不利(-5.8pt)、天気+12.2pt
48,08,常滑,12,16:01,0.8693029379173469,3,0.32140172273749235,2,0.2968169305114663,0.5374192915446253,0.25751174816304734,0.3607069050859113,0.37134915402998186,0.4844055756070111,1-3,1-2,0.25802382971722665,0.27939546182739866,0.22385571922636902,0.09555333478155695,0.012474572124759498,True,False,False,False,準優勝戦,2026-10-10,1号艇のdominance,0.2603,1号艇のracer_win_te,0.1998,race_no,0.0836,1号艇の枠別出走数,-0.0816,1号艇の節間得点,0.08,3号艇のsession_exh_rel_avg,-0.0949,3号艇のwin_rate_rank_2to6,-0.0645,1号艇のracer_avgfin_te,0.0628,3号艇のcumulative_diff_rank_2to6,-0.0521,3号艇の節間得点,0.0516,2号艇のsession_exh_rel_avg,-0.1345,2号艇のwin_rate_rank_2to6,-0.1231,2号艇の節間得点,0.0452,レース時間帯,-0.0411,1号艇vs2号艇のplace_rate差,-0.0401,0.0876,南 3.0m/s,[逃げ]1号艇のdominanceが有利(+26.0pt)、1号艇のracer_win_teが有利(+20.0pt) / [2着]3号艇のsession_exh_rel_avgが不利(-9.5pt)、3号艇のwin_rate_rank_2to6が不利(-6.5pt) / [候補2]2号艇のsession_exh_rel_avgが不利(-13.4pt)、2号艇のwin_rate_rank_2to6が不利(-12.3pt) / [除外]6号艇のwin_rate_rank_2to6が不利(-7.3pt)、6号艇のvs_avg456_diffが不利(-5.4pt)、天気+8.8pt
49,15,丸亀,8,18:32,0.7725012212962773,2,0.4276071580815354,3,0.2590237581376937,0.5304232213591362,0.2502749588592108,0.4363559573600182,0.37112124147478276,0.5022030421594008,1-2,1-3,0.33032705185301636,0.20009616950611991,0.1933377113786159,0.03630051496320582,0.01243978870372365,True,False,False,False,釜揚げ８,2026-10-10,1号艇のdominance,0.1747,1号艇の勝率順位,0.1013,ST差分(6-5),0.0867,1号艇のracer_win_te,0.0855,6号艇の枠別出走数,-0.0854,2号艇のwin_rate_rank_2to6,0.0721,2号艇のモーター2連率,0.0643,2号艇のclass_rank_2to6,0.0638,2号艇の全国勝率,0.0529,2号艇のracer_2nd_te,0.0293,3号艇のwin_rate_rank_2to6,-0.0746,1号艇の一般戦2連率,0.0406,3号艇のモーター2連率,-0.0391,3号艇のracer_2nd_te,0.0363,3号艇のcumulative_diff_rank_2to6,0.0354,0.0743,東 1.5m/s,[逃げ]1号艇のdominanceが有利(+17.5pt)、1号艇の勝率順位が有利(+10.1pt) / [2着]2号艇のwin_rate_rank_2to6が有利(+7.2pt)、2号艇のモーター2連率が有利(+6.4pt) / [候補2]3号艇のwin_rate_rank_2to6が不利(-7.5pt)、1号艇の一般戦2連率が有利(+4.1pt) / [除外]6号艇の直近平均着順が不利(-9.3pt)、6号艇のwin_rate_rank_2to6が不利(-8.9pt)、天気+7.4pt
50,08,常滑,4,11:39,0.755079874801547,2,0.38963414398503626,3,0.26929854824037947,0.4975468147482132,0.21255072464225006,0.4463819675831657,0.37064209152640193,0.4821973605986989,1-2,1-3,0.29420490065862914,0.2033419140895841,0.075419118628819,0.16049277455184827,0.02162115843399141,True,True,False,False,一般,2026-10-10,1号艇のsession_exh_rel_avg,0.1464,1号艇のdominance,0.1176,1号艇の級別順位,-0.0926,1号艇の年齢,0.0819,1号艇の勝率順位,-0.0807,2号艇のclass_rank_2to6,0.0983,2号艇のwin_rate_rank_2to6,0.0793,2号艇のsession_exh_rel_avg,0.0655,2号艇の全国勝率,0.0583,6号艇のsession_rank_diff_delta,-0.0472,3号艇のwin_rate_rank_2to6,0.1668,3号艇の節間得点,-0.1089,3号艇のsession_exh_rel_avg,-0.0601,3号艇のcumulative_diff_rank_2to6,-0.0518,場特性:1x_diff_course3,-0.038,0.01,南 3.0m/s,[逃げ]1号艇のsession_exh_rel_avgが有利(+14.6pt)、1号艇のdominanceが有利(+11.8pt) / [2着]2号艇のclass_rank_2to6が有利(+9.8pt)、2号艇のwin_rate_rank_2to6が有利(+7.9pt) / [候補2]3号艇のwin_rate_rank_2to6が有利(+16.7pt)、3号艇の節間得点が不利(-10.9pt) / [除外]6号艇のwin_rate_rank_2to6が不利(-5.6pt)、天気+1.0pt
51,15,丸亀,10,19:32,0.833789006036149,3,0.33775221941006023,2,0.2656609322473339,0.5031192519495588,0.23043640483121894,0.3729767468261752,0.3639948620048045,0.46407650041254367,1-3,1-2,0.22150516464114126,0.2816140873084174,0.1921353409387657,0.10608181248583458,0.03245261153336143,True,False,False,False,蒼月まるる特,2026-10-10,1号艇のdominance,0.3167,1号艇の勝率順位,0.0909,1号艇の級別順位,0.0857,1号艇のvs_max234_diff,0.0818,1号艇の年齢,-0.0805,3号艇のwin_rate_rank_2to6,0.0599,3号艇の当地勝率,-0.0577,3号艇の全国勝率,-0.0392,3号艇のclass_rank_2to6,0.0343,3号艇のcumulative_diff_rank_2to6,0.0328,2号艇の枠別出走数,-0.151,2号艇のwin_rate_rank_2to6,-0.1464,1号艇の年齢,0.0646,2号艇の全国勝率,-0.0562,2号艇のclass_rank_2to6,-0.0499,0.1254,南東 1.8m/s,[逃げ]1号艇のdominanceが有利(+31.7pt)、1号艇の勝率順位が有利(+9.1pt) / [2着]3号艇のwin_rate_rank_2to6が有利(+6.0pt)、3号艇の当地勝率が不利(-5.8pt) / [候補2]2号艇の枠別出走数が不利(-15.1pt)、2号艇のwin_rate_rank_2to6が不利(-14.6pt) / [除外]1号艇vs5号艇の枠別平均ST差が不利(-7.3pt)、天気+12.5pt
52,09,津,9,14:32,0.6727039705032373,2,0.3775312600449018,3,0.3140220069800921,0.46521062854219886,0.19336170529919833,0.49819156172579554,0.3572659239923211,0.4751049084972778,1-2,1-3,0.2539667776212956,0.21124385092090323,0.13007518689804756,0.046462960809205596,0.03095518673573246,True,True,False,False,トーナメント,2026-10-10,1号艇の級別順位,-0.1053,1号艇の勝率順位,-0.0781,場特性:in_escape_diff,0.0731,1号艇のracer_win_te,0.0688,1号艇の節間得点,-0.0686,2号艇のwin_rate_rank_2to6,0.1534,2号艇のclass_rank_2to6,0.0701,2号艇の全国勝率,0.0513,2号艇のsession_exh_rel_avg,0.0343,2号艇の当地勝率,-0.0341,3号艇の当地勝率,0.0957,3号艇のwin_rate_rank_2to6,-0.0624,3号艇のcumulative_diff_rank_2to6,0.0481,3号艇のclass_rank_2to6,0.0387,3号艇の全国勝率,0.0365,0.0421,南 2.1m/s,[逃げ]1号艇の級別順位が不利(-10.5pt)、1号艇の勝率順位が不利(-7.8pt) / [2着]2号艇のwin_rate_rank_2to6が有利(+15.3pt)、2号艇のclass_rank_2to6が有利(+7.0pt) / [候補2]3号艇の当地勝率が有利(+9.6pt)、3号艇のwin_rate_rank_2to6が不利(-6.2pt) / [除外]6号艇のwin_rate_rank_2to6が不利(-6.7pt)、天気+4.2pt
53,01,桐生,11,20:16,0.6572527295891596,2,0.37299385825775566,3,0.31157351814008794,0.4499337767251723,0.17206903668468143,0.5124983397131622,0.35703017088557115,0.46870314562156923,1-2,1-3,0.245151231459902,0.20478254526527032,0.11309284403878411,0.060118962439047234,0.03410714638615595,False,False,False,False,一般特選,2026-10-10,1号艇のdominance,0.1623,場特性:in_escape_diff,-0.1069,6号艇のモーター出走数,-0.098,1号艇の級別順位,0.0802,1号艇の勝率順位,0.0739,2号艇のwin_rate_rank_2to6,0.136,2号艇のsession_exh_rel_avg,0.1118,2号艇のclass_rank_2to6,0.0857,3号艇のモーター出走数,0.0651,2号艇の一般戦勝率,-0.0591,3号艇のwin_rate_rank_2to6,-0.1066,4号艇のモーター出走数,-0.1054,6号艇のモーター出走数,0.0988,5号艇のsession_exh_rel_delta,0.083,3号艇の全国勝率,-0.0627,0.0474,北東 1.1m/s,[逃げ]1号艇のdominanceが有利(+16.2pt)、場特性:in_escape_diffが不利(-10.7pt) / [2着]2号艇のwin_rate_rank_2to6が有利(+13.6pt)、2号艇のsession_exh_rel_avgが有利(+11.2pt) / [候補2]3号艇のwin_rate_rank_2to6が不利(-10.7pt)、4号艇のモーター出走数が不利(-10.5pt) / [除外]6号艇のsession_exh_rel_avgが不利(-8.5pt)、天気+4.7pt
54,23,唐津,3,09:27,0.5312781313007355,3,0.5845718344679385,2,0.18930861380433428,0.4111457584082686,0.11229382622758377,0.661586622044689,0.35574280198958114,0.48627801749919464,1-3,1-2,0.10057552658109935,0.31057023182716925,0.05965925415480023,0.04909720110834519,0.011375918618904154,False,False,True,False,３ライズ戦,2026-10-10,4号艇のモーター2連率,-0.1134,1号艇のsession_exh_rel_avg,-0.0918,1号艇のdominance,0.0571,2号艇の平均ST,-0.0519,4号艇のsession_exh_rel_avg,-0.0494,3号艇のwin_rate_rank_2to6,0.1844,3号艇の当地勝率,0.1297,3号艇の一般戦2連率,0.1091,3号艇のsession_exh_rel_avg,-0.095,3号艇の年齢,-0.0702,2号艇のwin_rate_rank_2to6,-0.1364,2号艇のsession_exh_rel_avg,-0.0878,2号艇の全国勝率,-0.0566,2号艇のracer_avgfin_te,-0.0406,2号艇の直近平均着順,-0.0376,0.0256,南 2.6m/s,[逃げ]4号艇のモーター2連率が不利(-11.3pt)、1号艇のsession_exh_rel_avgが不利(-9.2pt) / [2着]3号艇のwin_rate_rank_2to6が有利(+18.4pt)、3号艇の当地勝率が有利(+13.0pt) / [候補2]2号艇のwin_rate_rank_2to6が不利(-13.6pt)、2号艇のsession_exh_rel_avgが不利(-8.8pt) / [除外]6号艇のsession_exh_rel_avgが不利(-8.1pt)、天気+2.6pt
55,03,江戸川,9,14:52,0.6589675606259338,4,0.46174724989289384,3,0.2460503252855315,0.4664156415322779,0.20177232359376904,0.5060252515846563,0.3534839202293425,0.4782985245479914,1-4,1-3,0.13296141588041252,0.1621391826446242,0.3042764588876537,0.057839965121483455,0.001750546530291145,True,True,False,False,予選,2026-10-10,1号艇のdominance,0.1523,1号艇のsession_exh_rel_avg,0.1437,1号艇の女子戦比率,-0.1234,ST差分(6-5),0.1213,5号艇の平均ST,0.1094,4号艇のwin_rate_rank_2to6,0.2264,4号艇のclass_rank_2to6,0.1777,4号艇のsession_exh_rel_avg,0.0932,4号艇のcumulative_diff_rank_2to6,0.0718,1号艇vs3号艇のcumulative差,0.0446,3号艇のsession_exh_rel_avg,0.1421,3号艇の節間得点,-0.0927,local_win_rateの分散(2-6号艇),0.071,3号艇の女子戦比率,-0.0516,3号艇のcumulative_diff_rank_2to6,-0.0453,-0.0197,北東 1.4m/s,[逃げ]1号艇のdominanceが有利(+15.2pt)、1号艇のsession_exh_rel_avgが有利(+14.4pt) / [2着]4号艇のwin_rate_rank_2to6が有利(+22.6pt)、4号艇のclass_rank_2to6が有利(+17.8pt) / [候補2]3号艇のsession_exh_rel_avgが有利(+14.2pt)、3号艇の節間得点が不利(-9.3pt) / [除外]6号艇の直近平均着順が不利(-23.7pt)、6号艇の全国勝率が不利(-14.2pt)、天気-2.0pt
56,08,常滑,10,14:58,0.819258227310808,2,0.31170650547984213,3,0.28747540777602065,0.49088471209069645,0.2357756706370895,0.3634062426187733,0.3519983054522822,0.45264117124911946,1-2,1-3,0.25536811912066215,0.23551659297003436,0.1931611579691589,0.07718202093917696,0.05803034546769985,True,True,False,False,準優勝戦,2026-10-10,3号艇の女子戦2連率,0.1217,1号艇のracer_win_te,0.1197,1号艇のsession_exh_rel_avg,0.1058,1号艇の節間得点,0.0963,1号艇の級別順位,-0.0947,2号艇のclass_rank_2to6,0.0811,6号艇のsession_rank_diff_last,-0.0723,2号艇の全国勝率,0.0552,2号艇の節間得点,0.0504,レース時間帯,-0.0499,1号艇の直近1着率,0.1215,3号艇のsession_exh_rel_avg,0.1039,3号艇の一般戦2連率,0.0737,3号艇の女子戦勝率,0.069,6号艇のracer_2nd_te,-0.0644,-0.0145,南 4.1m/s,[逃げ]3号艇の女子戦2連率が有利(+12.2pt)、1号艇のracer_win_teが有利(+12.0pt) / [2着]2号艇のclass_rank_2to6が有利(+8.1pt)、6号艇のsession_rank_diff_lastが不利(-7.2pt) / [候補2]1号艇の直近1着率が有利(+12.2pt)、3号艇のsession_exh_rel_avgが有利(+10.4pt)、天気-1.5pt
57,03,江戸川,10,15:22,0.4728680100468802,4,0.4865238632564466,3,0.332539137979904,0.3873086914976585,0.07790859360794355,0.741154407628407,0.3510990809615999,0.4934624063368831,1-4,1-3,0.03684048162493936,0.15724712043926212,0.23006157105839636,0.021082743537218035,0.02763610131413211,True,False,False,False,予選特賞,2026-10-10,1号艇の女子戦比率,-0.1526,1号艇のdominance,0.1378,1号艇のsession_exh_rel_avg,-0.1365,場特性:in_escape_diff,-0.1026,1号艇vs4号艇のcumulative差,-0.083,4号艇のwin_rate_rank_2to6,0.2376,4号艇のclass_rank_2to6,0.2222,4号艇の節間得点,0.1211,3号艇のsession_exh_rel_delta,-0.0912,4号艇のsession_exh_rel_avg,0.0818,3号艇の全国勝率,-0.1426,3号艇のsession_exh_rel_avg,0.1268,3号艇の女子戦勝率,0.0754,3号艇の一般戦勝率,-0.0603,1号艇vs3号艇のplace_rate差,-0.0595,0.0052,北東 1.3m/s,[逃げ]1号艇の女子戦比率が不利(-15.3pt)、1号艇のdominanceが有利(+13.8pt) / [2着]4号艇のwin_rate_rank_2to6が有利(+23.8pt)、4号艇のclass_rank_2to6が有利(+22.2pt) / [候補2]3号艇の全国勝率が不利(-14.3pt)、3号艇のsession_exh_rel_avgが有利(+12.7pt) / [除外]1号艇のsession_exh_rel_deltaが不利(-7.2pt)、6号艇のwin_rate_rank_2to6が不利(-7.1pt)、天気+0.5pt
58,02,戸田,12,16:30,0.6948629485746993,4,0.34921483879912585,2,0.29462200482379863,0.4473783675608529,0.18038936536482897,0.4634474782580955,0.35053560779814635,0.4521991007700257,1-4,1-2,0.204721914986854,0.11134827069072538,0.2426564525739989,0.1253458863089238,0.010790414954215536,True,False,False,False,記者選抜戦,2026-10-10,場特性:in_escape_diff,-0.1765,1号艇のsession_exh_rel_avg,0.1298,1号艇の節間得点,0.1243,1号艇のracer_win_te,0.1209,race_no,0.1143,4号艇のwin_rate_rank_2to6,0.103,4号艇のcumulative_diff_rank_2to6,0.0794,4号艇の全国勝率,0.0776,4号艇のsession_exh_rel_avg,0.0703,4号艇の年齢,0.0548,2号艇のsession_exh_rel_avg,0.1079,2号艇の全国勝率,0.0612,2号艇のモーター2連率,0.0523,ST差分(3-2),-0.0455,1号艇vs2号艇のcumulative差,-0.045,0.0713,北 0.8m/s,[逃げ]場特性:in_escape_diffが不利(-17.7pt)、1号艇のsession_exh_rel_avgが有利(+13.0pt) / [2着]4号艇のwin_rate_rank_2to6が有利(+10.3pt)、4号艇のcumulative_diff_rank_2to6が有利(+7.9pt) / [候補2]2号艇のsession_exh_rel_avgが有利(+10.8pt)、2号艇の全国勝率が有利(+6.1pt) / [除外]6号艇のwin_rate_rank_2to6が不利(-7.7pt)、3号艇のsession_exh_rel_avgが不利(-7.4pt)、天気+7.1pt
59,06,浜名湖,11,16:05,0.7307490581555771,2,0.3953971835657603,5,0.2080207625204046,0.4409470957766378,0.17448137999183952,0.4289365660943254,0.3486226264472359,0.43734393687194406,1-2,1-5,0.2889361194880472,0.1275021040947221,0.08350450395581277,0.15201097628859064,0.07879533527263778,True,False,False,False,予選特選,2026-10-10,1号艇のdominance,0.2988,1号艇のvs_max234_diff,0.1088,1号艇の勝率順位,0.0908,風速区分,0.078,1号艇の年齢,-0.0743,3号艇のracer_2nd_te,0.0698,2号艇のsession_exh_rel_avg,0.0666,2号艇のモーター2連率,0.0581,2号艇の全国勝率,0.0566,1号艇の年齢,0.0506,5号艇のwin_rate_rank_2to6,0.239,5号艇の年齢,0.0979,1号艇vs4号艇の勝率差,0.0738,1号艇vs3号艇の勝率差,0.0506,5号艇のcumulative_diff_rank_2to6,0.0479,0.0794,北 1.8m/s,[逃げ]1号艇のdominanceが有利(+29.9pt)、1号艇のvs_max234_diffが有利(+10.9pt) / [2着]3号艇のracer_2nd_teが有利(+7.0pt)、2号艇のsession_exh_rel_avgが有利(+6.7pt) / [候補2]5号艇のwin_rate_rank_2to6が有利(+23.9pt)、5号艇の年齢が有利(+9.8pt) / [除外]4号艇のwin_rate_rank_2to6が不利(-5.1pt)、天気+7.9pt
60,12,住之江,12,20:30,0.7479314166145372,2,0.34946765695492443,3,0.25066036419852034,0.4488546010113749,0.2012600670039285,0.39886795414951626,0.34045079252188987,0.4338586069528173,1-2,1-3,0.26137783972725975,0.18747676128411514,0.15052872702218492,0.06820454191794016,0.08034355502182226,False,False,False,False,ドリーム戦,2026-10-10,1号艇のdominance,-0.1185,3号艇の女子戦勝率,0.1123,1号艇のracer_win_te,0.1112,race_no,0.108,1号艇の級別順位,0.0979,2号艇の当地勝率,0.1061,2号艇の全国勝率,0.0694,2号艇のsession_exh_rel_avg,0.0635,2号艇のclass_rank_2to6,-0.0506,2号艇のモーター2連率,-0.0489,3号艇のwin_rate_rank_2to6,-0.1047,6号艇のracer_2nd_te,-0.0735,場特性:1x_diff_course3,0.0538,3号艇のcumulative_diff_rank_2to6,0.0455,3号艇のracer_avgfin_te,0.0395,0.1452,南東 0.6m/s,[逃げ]1号艇のdominanceが不利(-11.9pt)、3号艇の女子戦勝率が有利(+11.2pt) / [2着]2号艇の当地勝率が有利(+10.6pt)、2号艇の全国勝率が有利(+6.9pt) / [候補2]3号艇のwin_rate_rank_2to6が不利(-10.5pt)、6号艇のracer_2nd_teが不利(-7.4pt) / [除外]2号艇のracer_2nd_teが不利(-6.6pt)、3号艇の女子戦2連率が不利(-6.0pt)、天気+14.5pt
61,01,桐生,9,19:16,0.7852801849598503,4,0.3183052164313308,3,0.3127163035456355,0.495528695921158,0.2661525764069904,0.3648689435699759,0.33726520899754325,0.45633077021580337,1-4,1-3,0.2090043444284221,0.24556991668827735,0.24995877923288062,0.0671371862747749,0.01360997661922443,True,False,False,False,予選特賞,2026-10-10,1号艇のdominance,0.2477,1号艇のracer_win_te,0.1643,1号艇のsession_exh_rel_avg,0.1498,1号艇のvs_max234_frame_diff,0.1353,場特性:in_escape_diff,-0.0951,4号艇のclass_rank_2to6,0.1824,4号艇のwin_rate_rank_2to6,0.1774,4号艇のsession_exh_rel_avg,0.0904,1号艇のモーター出走数,0.0737,4号艇の年齢,-0.0464,3号艇のsession_exh_rel_avg,-0.1316,3号艇のモーター2連率,0.1244,6号艇のモーター出走数,0.0704,4号艇のモーター出走数,-0.0658,3号艇のsession_exh_rel_last,-0.0635,0.0746,北 1.4m/s,[逃げ]1号艇のdominanceが有利(+24.8pt)、1号艇のracer_win_teが有利(+16.4pt) / [2着]4号艇のclass_rank_2to6が有利(+18.2pt)、4号艇のwin_rate_rank_2to6が有利(+17.7pt) / [候補2]3号艇のsession_exh_rel_avgが不利(-13.2pt)、3号艇のモーター2連率が有利(+12.4pt) / [除外]1号艇vs6号艇のcumulative差が不利(-6.6pt)、5号艇のracer_avgfin_teが不利(-5.6pt)、天気+7.5pt
62,06,浜名湖,1,10:59,0.5230540382402359,2,0.5030707426025514,3,0.25397842232055545,0.39597762285942933,0.12616535696490475,0.6308838079582021,0.3360272330936201,0.46644947838906115,1-2,1-3,0.2631331834387788,0.13284443942065058,0.05909079364535166,0.0659912994465143,0.001994324541926192,False,False,True,False,予選,2026-10-10,1号艇の級別順位,0.0904,1号艇のdominance,-0.0862,1号艇の全国勝率,-0.0719,1号艇の勝率順位,-0.0625,1号艇のモーター2連率順位,0.0598,2号艇のwin_rate_rank_2to6,0.1852,2号艇の当地勝率,-0.0456,win_rate_gap_top2_2to6,0.0378,second_best_win_rate,0.0363,全艇平均勝率,0.0313,3号艇のwin_rate_rank_2to6,0.0798,3号艇のracer_2nd_te,-0.0661,3号艇のracer_avgfin_te,-0.0592,3号艇の全国勝率,-0.0508,3号艇の当地勝率,-0.0458,-0.013,南東 1.0m/s,[逃げ]1号艇の級別順位が有利(+9.0pt)、1号艇のdominanceが不利(-8.6pt) / [2着]2号艇のwin_rate_rank_2to6が有利(+18.5pt)、2号艇の当地勝率が不利(-4.6pt) / [候補2]3号艇のwin_rate_rank_2to6が有利(+8.0pt)、3号艇のracer_2nd_teが不利(-6.6pt) / [除外]6号艇の直近平均着順が不利(-22.8pt)、6号艇の全国勝率が不利(-19.3pt)、天気-1.3pt
63,12,住之江,6,17:29,0.7035800711141389,4,0.3353360535844624,3,0.31404822176433234,0.4568938346303085,0.22168585110509315,0.4276984242437016,0.33534955631668095,0.4481352115143264,1-4,1-3,0.15597374688551985,0.2209580702022178,0.23593576442809075,0.053158874480568906,0.03755360463358156,True,False,False,False,予選特別Ｂ戦,2026-10-10,1号艇のdominance,0.1626,1号艇のracer_win_te,0.0976,1号艇の勝率順位,0.0894,1号艇の級別順位,0.0775,風速区分,0.0754,4号艇のwin_rate_rank_2to6,0.2102,4号艇のclass_rank_2to6,0.1834,4号艇のcumulative_diff_rank_2to6,0.0448,2号艇の枠別平均ST,0.0308,4号艇の全国勝率,0.0288,3号艇のwin_rate_rank_2to6,-0.0625,3号艇の当地勝率,-0.0456,3号艇のモーター2連率,0.0446,3号艇のcumulative_diff_rank_2to6,0.0375,1号艇vs3号艇の直近複勝率差,0.0347,0.0795,西 1.8m/s,[逃げ]1号艇のdominanceが有利(+16.3pt)、1号艇のracer_win_teが有利(+9.8pt) / [2着]4号艇のwin_rate_rank_2to6が有利(+21.0pt)、4号艇のclass_rank_2to6が有利(+18.3pt) / [候補2]3号艇のwin_rate_rank_2to6が不利(-6.2pt)、3号艇の当地勝率が不利(-4.6pt) / [除外]2号艇のwin_rate_rank_2to6が不利(-5.2pt)、天気+7.9pt
64,07,蒲郡,11,20:08,0.6157868336909662,4,0.389087977249286,2,0.3206376212738353,0.4370396791039788,0.19485104328060943,0.5148745552425119,0.33485051418985917,0.46039014194553873,1-4,1-2,0.19744442556641825,0.1199867069831479,0.23959525353756053,0.03263843952641805,0.026122018400352717,False,False,False,False,選抜戦,2026-10-10,1号艇のdominance,0.0937,1号艇の節間得点,0.0852,1号艇のsession_exh_rel_avg,-0.0768,3号艇の枠別出走数,-0.076,1号艇のracer_win_te,0.0658,4号艇のwin_rate_rank_2to6,0.2321,4号艇のclass_rank_2to6,0.2143,4号艇の全国勝率,0.0827,4号艇のcumulative_diff_rank_2to6,-0.0578,win_rate_gap_top2_2to6,0.0529,2号艇のモーター2連率,0.0823,3号艇のracer_win_te,0.0778,2号艇のclass_rank_2to6,-0.0652,1号艇vs3号艇の枠別平均ST差,-0.035,2号艇のsession_exh_rel_avg,-0.0338,0.1018,南東 1.6m/s,[逃げ]1号艇のdominanceが有利(+9.4pt)、1号艇の節間得点が有利(+8.5pt) / [2着]4号艇のwin_rate_rank_2to6が有利(+23.2pt)、4号艇のclass_rank_2to6が有利(+21.4pt) / [候補2]2号艇のモーター2連率が有利(+8.2pt)、3号艇のracer_win_teが有利(+7.8pt)、天気+10.2pt
65,22,福岡,10,15:29,0.5780714465480545,2,0.3721654043065923,3,0.33276570351449386,0.40750054521485785,0.1499479739700869,0.5549831338509992,0.3341758878388494,0.4517453218057002,1-2,1-3,0.21513819362265338,0.1923623515922045,0.08668064221983816,0.045475943669948046,0.03841432190386228,True,False,False,False,予選特賞,2026-10-10,1号艇の年齢,-0.155,1号艇のsession_exh_count,-0.0646,風速区分,0.0598,1号艇のモーター2連率順位,-0.0549,1号艇の節間得点,-0.0549,2号艇のwin_rate_rank_2to6,-0.1177,2号艇のsession_exh_rel_avg,0.0646,場特性:1x_diff_course2,0.0603,3号艇の女子戦2連率,-0.0426,2号艇の全国勝率,0.04,3号艇のwin_rate_rank_2to6,0.0759,3号艇の当地勝率,-0.0404,6号艇の直近平均着順,-0.0355,1号艇のracer_2nd_te,0.0316,3号艇の全国勝率,0.0304,0.1018,南 1.6m/s,[逃げ]1号艇の年齢が不利(-15.5pt)、1号艇のsession_exh_countが不利(-6.5pt) / [2着]2号艇のwin_rate_rank_2to6が不利(-11.8pt)、2号艇のsession_exh_rel_avgが有利(+6.5pt) / [候補2]3号艇のwin_rate_rank_2to6が有利(+7.6pt)、3号艇の当地勝率が不利(-4.0pt)、天気+10.2pt
66,12,住之江,7,17:57,0.5837342279615497,3,0.4548601395052169,4,0.26725001803728266,0.421520415316264,0.17454140541497215,0.5475687521275274,0.3332330964757798,0.459334916359643,1-3,1-4,0.10188579253723262,0.2655174323645606,0.15600298295170342,0.047652843168332376,0.012675180745234816,True,False,False,False,予選,2026-10-10,1号艇の級別順位,-0.105,1号艇のdominance,-0.1029,1号艇のracer_win_te,-0.0851,風速区分,0.0765,1号艇の勝率順位,-0.0638,3号艇のwin_rate_rank_2to6,0.0761,場特性:1x_diff_course3,0.0482,3号艇のモーター2連率,0.0422,3号艇のracer_2nd_te,0.0364,3号艇のcumulative_diff_rank_2to6,0.0362,4号艇のwin_rate_rank_2to6,0.1672,4号艇のclass_rank_2to6,0.1398,4号艇の全国勝率,0.0706,4号艇のcumulative_diff_rank_2to6,0.0453,4号艇の年齢,-0.0389,0.0471,南西 1.4m/s,[逃げ]1号艇の級別順位が不利(-10.5pt)、1号艇のdominanceが不利(-10.3pt) / [2着]3号艇のwin_rate_rank_2to6が有利(+7.6pt)、場特性:1x_diff_course3が有利(+4.8pt) / [候補2]4号艇のwin_rate_rank_2to6が有利(+16.7pt)、4号艇のclass_rank_2to6が有利(+14.0pt) / [除外]6号艇のwin_rate_rank_2to6が不利(-7.6pt)、2号艇のwin_rate_rank_2to6が不利(-5.3pt)、天気+4.7pt
67,15,丸亀,1,15:20,0.5300086110469667,2,0.38883069362311173,3,0.3529594970366675,0.3931551886398542,0.13054689149851562,0.6112432991612636,0.3315649633357196,0.45858162179627704,1-2,1-3,0.2060836158596141,0.18707157278024011,0.06919097663962732,0.042829032858538715,0.024833402049548793,True,False,False,False,予選,2026-10-10,1号艇のdominance,0.1624,1号艇の年齢,-0.1585,1号艇の平均ST,-0.1499,1号艇のvs_max234_diff,0.0978,1号艇の勝率順位,0.0716,2号艇のwin_rate_rank_2to6,0.1724,2号艇のモーター2連率,0.068,2号艇のclass_rank_2to6,-0.0465,second_best_win_rate,0.0457,2号艇のracer_avgfin_te,-0.0446,3号艇のモーター2連率,0.0906,3号艇のcumulative_diff_rank_2to6,0.0572,3号艇の全国勝率,-0.0557,3号艇のwin_rate_rank_2to6,-0.0417,3号艇の枠別平均ST,-0.039,0.0261,東 2.5m/s,[逃げ]1号艇のdominanceが有利(+16.2pt)、1号艇の年齢が不利(-15.9pt) / [2着]2号艇のwin_rate_rank_2to6が有利(+17.2pt)、2号艇のモーター2連率が有利(+6.8pt) / [候補2]3号艇のモーター2連率が有利(+9.1pt)、3号艇のcumulative_diff_rank_2to6が有利(+5.7pt) / [除外]5号艇のracer_avgfin_teが不利(-5.3pt)、天気+2.6pt
68,02,戸田,7,13:45,0.759424633013394,2,0.3361124296107093,3,0.24705829370190513,0.44287421253583775,0.21781943835973883,0.3653512849528756,0.32711427784955643,0.4196173342609491,1-2,1-3,0.25525205850835314,0.1876221540274846,0.16541744703952826,0.11134197179285672,0.03979099032886244,True,True,False,False,ウインウイン,2026-10-10,1号艇のdominance,0.3307,場特性:in_escape_diff,-0.1581,1号艇のracer_win_te,0.1536,1号艇のvs_max234_diff,0.1275,1号艇の勝率順位,0.0875,2号艇のsession_exh_rel_avg,-0.0995,second_best_win_rate,0.0637,2号艇のモーター2連率,-0.0444,2号艇のwin_rate_rank_2to6,-0.0418,1号艇vs2号艇のplace_rate差,-0.0413,3号艇のsession_exh_rel_avg,0.0961,3号艇のwin_rate_rank_2to6,-0.0953,3号艇の全国勝率,-0.0689,1号艇vs3号艇の勝率差,-0.0528,3号艇のcumulative_diff_rank_2to6,0.0441,0.0746,東 1.3m/s,[逃げ]1号艇のdominanceが有利(+33.1pt)、場特性:in_escape_diffが不利(-15.8pt) / [2着]2号艇のsession_exh_rel_avgが不利(-10.0pt)、second_best_win_rateが有利(+6.4pt) / [候補2]3号艇のsession_exh_rel_avgが有利(+9.6pt)、3号艇のwin_rate_rank_2to6が不利(-9.5pt) / [除外]6号艇のwin_rate_rank_2to6が不利(-8.2pt)、6号艇のsession_exh_rel_avgが不利(-5.5pt)、天気+7.5pt
69,22,福岡,4,12:30,0.6126488271220107,2,0.3768242275628708,4,0.31640784100873526,0.42470781373375976,0.19510610337886392,0.4981259651927421,0.32527210979917953,0.44673325917145446,1-2,1-4,0.2308609210475505,0.11953152539940676,0.1938468926862093,0.045463112311658976,0.022946376818332573,True,True,False,False,予選,2026-10-10,1号艇のdominance,0.1689,1号艇の年齢,-0.1094,3号艇の枠別出走数,-0.0993,2号艇の体重,0.0615,1号艇のsession_exh_count,-0.0524,2号艇のwin_rate_rank_2to6,0.048,2号艇のsession_exh_rel_avg,0.0459,場特性:1x_diff_course2,0.0429,2号艇の当地勝率,-0.0291,3号艇の女子戦2連率,-0.0288,4号艇のwin_rate_rank_2to6,0.1918,4号艇のclass_rank_2to6,0.1711,4号艇の年齢,-0.0561,場特性:1x_diff_course4,-0.0432,4号艇のcumulative_diff_rank_2to6,0.0421,0.025,南東 1.8m/s,[逃げ]1号艇のdominanceが有利(+16.9pt)、1号艇の年齢が不利(-10.9pt) / [2着]2号艇のwin_rate_rank_2to6が有利(+4.8pt)、2号艇のsession_exh_rel_avgが有利(+4.6pt) / [候補2]4号艇のwin_rate_rank_2to6が有利(+19.2pt)、4号艇のclass_rank_2to6が有利(+17.1pt)、天気+2.5pt
70,09,津,6,12:56,0.5588559913129616,2,0.4617826796063879,4,0.21827635879859222,0.3800550680591546,0.1224769290721849,0.5575821093327953,0.32419749492210803,0.4333131804412468,1-2,1-4,0.25807001718258366,0.06844696560960317,0.12198505087657094,0.06665979099120783,0.043694162489194395,True,True,False,False,トーナメント,2026-10-10,1号艇の女子戦比率,-0.2626,1号艇の級別順位,0.0851,1号艇のracer_win_te,0.0817,場特性:in_escape_diff,0.0728,1号艇の勝率順位,-0.068,2号艇のwin_rate_rank_2to6,0.1686,2号艇のclass_rank_2to6,-0.0552,2号艇の全国勝率,0.054,1号艇vs6号艇のlocal_win_rate差,0.054,3号艇のモーター出走数,0.0534,4号艇のclass_rank_2to6,0.1232,4号艇のwin_rate_rank_2to6,0.0809,4号艇の全国勝率,0.0663,1号艇のモーター出走数,0.0622,1号艇vs5号艇のlocal_win_rate差,0.0571,0.0473,南東 2.5m/s,[逃げ]1号艇の女子戦比率が不利(-26.3pt)、1号艇の級別順位が有利(+8.5pt) / [2着]2号艇のwin_rate_rank_2to6が有利(+16.9pt)、2号艇のclass_rank_2to6が不利(-5.5pt) / [候補2]4号艇のclass_rank_2to6が有利(+12.3pt)、4号艇のwin_rate_rank_2to6が有利(+8.1pt)、天気+4.7pt
71,07,蒲郡,3,16:17,0.4694599837728372,2,0.5342724142721496,4,0.25191226906286956,0.3690822486809112,0.10558517702784162,0.6805995063071775,0.32231871120314176,0.4625374259687911,1-2,1-4,0.2508195189344779,0.04956801549414267,0.11826272974643334,0.03717209296311461,0.013637625760231356,True,False,False,False,一般戦,2026-10-10,1号艇のdominance,-0.1478,1号艇のsession_exh_rel_avg,0.1356,6号艇の枠別出走数,-0.0985,1号艇の級別順位,-0.0835,1号艇の年齢,0.0817,2号艇のwin_rate_rank_2to6,0.2024,2号艇のclass_rank_2to6,0.0641,2号艇のsession_exh_rel_avg,0.0582,2号艇の全国勝率,0.0449,3号艇の全国勝率,-0.0435,4号艇のclass_rank_2to6,0.1217,4号艇のwin_rate_rank_2to6,0.0698,4号艇の節間得点,-0.0445,1号艇vs4号艇のcumulative差,0.0435,4号艇のsession_exh_rel_avg,0.0433,0.0151,南東 1.6m/s,[逃げ]1号艇のdominanceが不利(-14.8pt)、1号艇のsession_exh_rel_avgが有利(+13.6pt) / [2着]2号艇のwin_rate_rank_2to6が有利(+20.2pt)、2号艇のclass_rank_2to6が有利(+6.4pt) / [候補2]4号艇のclass_rank_2to6が有利(+12.2pt)、4号艇のwin_rate_rank_2to6が有利(+7.0pt) / [除外]6号艇のwin_rate_rank_2to6が不利(-6.4pt)、天気+1.5pt
72,07,蒲郡,2,15:48,0.49908331603407796,2,0.3921749914626851,3,0.37541122999754045,0.3830894767484375,0.13318275275686223,0.6344034687033634,0.3218643834697861,0.45848367433491527,1-2,1-3,0.19572799520483308,0.1873614815436044,0.06646928988444153,0.025910791462854032,0.023613744923733217,True,False,False,False,一般戦,2026-10-10,1号艇の年齢,-0.2159,1号艇のracer_win_te,-0.0958,1号艇の級別順位,0.083,1号艇の全国勝率,-0.0798,1号艇のモーター2連率順位,-0.0649,2号艇のwin_rate_rank_2to6,0.0762,1号艇vs2号艇のcumulative差,-0.0607,2号艇のclass_rank_2to6,-0.0573,2号艇のcumulative_diff_rank_2to6,-0.044,3号艇の当地2連率,0.0409,3号艇のwin_rate_rank_2to6,0.1528,3号艇のsession_exh_rel_avg,0.0599,3号艇の女子戦勝率,0.0477,3号艇の当地勝率,-0.0453,2号艇の節間得点,0.0429,0.0538,南東 1.6m/s,[逃げ]1号艇の年齢が不利(-21.6pt)、1号艇のracer_win_teが不利(-9.6pt) / [2着]2号艇のwin_rate_rank_2to6が有利(+7.6pt)、1号艇vs2号艇のcumulative差が不利(-6.1pt) / [候補2]3号艇のwin_rate_rank_2to6が有利(+15.3pt)、3号艇のsession_exh_rel_avgが有利(+6.0pt) / [除外]6号艇のwin_rate_rank_2to6が不利(-5.4pt)、天気+5.4pt
73,09,津,1,10:29,0.6423171387461284,2,0.3239256324470519,3,0.3144622380141419,0.41004747036486805,0.2064793610699182,0.4319085093912756,0.30844786273773905,0.4166057820727903,1-2,1-3,0.20806298539992044,0.20198448496494764,0.1326252324125586,0.0712983104690584,0.028346120714007685,False,False,True,False,一般,2026-10-10,1号艇vs4号艇の枠別平均ST差,-0.1122,1号艇のracer_win_te,0.0991,風速区分,0.0839,場特性:in_escape_diff,0.0764,3号艇の直近平均着順,-0.0741,2号艇のwin_rate_rank_2to6,-0.156,3号艇の直近平均着順,0.1047,2号艇のsession_exh_rel_avg,0.0562,2号艇の直近平均着順,-0.0551,2号艇のclass_rank_2to6,-0.0532,3号艇のwin_rate_rank_2to6,-0.0963,6号艇のモーター出走数,0.0927,4号艇のモーター出走数,-0.083,3号艇のモーター2連率,0.0539,3号艇のcumulative_diff_rank_2to6,0.042,0.0701,東 1.5m/s,[逃げ]1号艇vs4号艇の枠別平均ST差が不利(-11.2pt)、1号艇のracer_win_teが有利(+9.9pt) / [2着]2号艇のwin_rate_rank_2to6が不利(-15.6pt)、3号艇の直近平均着順が有利(+10.5pt) / [候補2]3号艇のwin_rate_rank_2to6が不利(-9.6pt)、6号艇のモーター出走数が有利(+9.3pt) / [除外]4号艇の女子戦2連率が不利(-13.7pt)、天気+7.0pt
74,09,津,4,11:54,0.7333151540602132,3,0.317735264861942,2,0.2680366724615388,0.42955543846251787,0.23560809478179112,0.35016384254168964,0.308107352311345,0.40573795968626936,1-3,1-2,0.19655535375992023,0.23300008470259762,0.17277498632274246,0.08767644716051741,0.04330829850530646,True,True,False,False,一般,2026-10-10,1号艇のracer_win_te,0.1147,1号艇の級別順位,0.0842,ST差分(4-3),-0.0841,1号艇vs4号艇の枠別平均ST差,-0.082,1号艇の一般戦勝率,-0.0636,3号艇の一般戦2連率,0.116,3号艇のwin_rate_rank_2to6,-0.0933,3号艇のモーター2連率,0.0869,1号艇vs2号艇のlocal_win_rate差,-0.0575,3号艇のcumulative_diff_rank_2to6,0.0507,2号艇のwin_rate_rank_2to6,-0.1368,2号艇のsession_exh_rel_avg,0.0593,2号艇のclass_rank_2to6,-0.0536,1号艇の一般戦勝率,-0.052,2号艇の全国勝率,0.0496,0.0453,南東 2.4m/s,[逃げ]1号艇のracer_win_teが有利(+11.5pt)、1号艇の級別順位が有利(+8.4pt) / [2着]3号艇の一般戦2連率が有利(+11.6pt)、3号艇のwin_rate_rank_2to6が不利(-9.3pt) / [候補2]2号艇のwin_rate_rank_2to6が不利(-13.7pt)、2号艇のsession_exh_rel_avgが有利(+5.9pt)、天気+4.5pt
75,07,蒲郡,9,19:09,0.5294348592592253,3,0.5485182521272483,4,0.15082878904709274,0.37025870231749286,0.14524777888966384,0.5540992622846772,0.3057235973660708,0.4254108703076481,1-3,1-4,0.06905888521340268,0.29040468361610594,0.07985401870138692,0.07689923737416425,0.013218043229508928,True,False,False,False,一般特選,2026-10-10,1号艇のvs_max234_diff,0.0771,1号艇の級別順位,0.0748,1号艇の一般戦勝率,-0.0673,1号艇のdominance,0.0663,風速区分,0.0629,3号艇のwin_rate_rank_2to6,0.0892,3号艇のsession_exh_rel_avg,0.0438,2号艇のvs_boat3_diff,0.042,3号艇の当地勝率,-0.0416,3号艇のclass_rank_2to6,0.0412,4号艇のwin_rate_rank_2to6,-0.0902,4号艇のclass_rank_2to6,-0.087,4号艇のsession_exh_rel_avg,0.0745,4号艇のモーター2連率,-0.0722,4号艇の年齢,-0.063,0.0447,南東 1.6m/s,[逃げ]1号艇のvs_max234_diffが有利(+7.7pt)、1号艇の級別順位が有利(+7.5pt) / [2着]3号艇のwin_rate_rank_2to6が有利(+8.9pt)、3号艇のsession_exh_rel_avgが有利(+4.4pt) / [候補2]4号艇のwin_rate_rank_2to6が不利(-9.0pt)、4号艇のclass_rank_2to6が不利(-8.7pt) / [除外]2号艇のwin_rate_rank_2to6が不利(-7.4pt)、6号艇のwin_rate_rank_2to6が不利(-6.1pt)、天気+4.5pt
76,18,徳山,9,12:42,0.7291723564948551,2,0.2972414004369442,3,0.29113087980555324,0.4290248020806731,0.2407386230019021,0.34763365724059536,0.30508539397679535,0.4046074586286498,1-2,1-3,0.21674021240443744,0.2122845896762357,0.1755399490336235,0.10962160561307892,0.01498600180476358,True,True,False,False,推しトク特賞,2026-10-10,場特性:in_escape_diff,0.1783,1号艇の年齢,-0.1231,1号艇のdominance,0.0925,風速区分,0.0629,1号艇のモーター2連率順位,-0.0614,2号艇のwin_rate_rank_2to6,-0.1463,1号艇vs6号艇の枠別平均ST差,0.091,2号艇の直近平均着順,-0.0603,2号艇の全国勝率,-0.0562,second_best_win_rate,0.0482,3号艇のwin_rate_rank_2to6,-0.0565,3号艇の当地勝率,-0.0564,3号艇の性別,-0.0491,3号艇のcumulative_diff_rank_2to6,0.0453,3号艇の全国勝率,-0.0431,0.0855,北東 0.9m/s,[逃げ]場特性:in_escape_diffが有利(+17.8pt)、1号艇の年齢が不利(-12.3pt) / [2着]2号艇のwin_rate_rank_2to6が不利(-14.6pt)、1号艇vs6号艇の枠別平均ST差が有利(+9.1pt) / [候補2]3号艇のwin_rate_rank_2to6が不利(-5.6pt)、3号艇の当地勝率が不利(-5.6pt) / [除外]6号艇の直近平均着順が不利(-9.3pt)、6号艇のwin_rate_rank_2to6が不利(-8.7pt)、天気+8.6pt
77,01,桐生,7,18:18,0.6064233728309687,2,0.4341393380512656,3,0.24294611853287407,0.4106004462765504,0.22304039724610716,0.4540450593380325,0.30070386230020957,0.423633830194995,1-2,1-3,0.2632722416596526,0.1473282046168978,0.1352569099755434,0.045841040291342706,0.014724983629617286,True,False,False,False,ドラドキ３,2026-10-10,1号艇のdominance,0.2545,1号艇のsession_exh_rel_avg,0.135,6号艇のモーター出走数,-0.0881,1号艇vs4号艇の枠別平均ST差,-0.0862,場特性:in_escape_diff,-0.084,2号艇のwin_rate_rank_2to6,0.0798,2号艇の節間得点,0.0743,5号艇のsession_exh_rel_delta,-0.0725,3号艇のモーター出走数,0.0622,6号艇のsession_rank_diff_last,-0.0563,3号艇のwin_rate_rank_2to6,0.1641,6号艇のモーター出走数,0.0894,4号艇のモーター出走数,-0.0676,3号艇のsession_exh_rel_avg,-0.0668,3号艇の年齢,-0.0653,-0.0071,東 0.6m/s,[逃げ]1号艇のdominanceが有利(+25.5pt)、1号艇のsession_exh_rel_avgが有利(+13.5pt) / [2着]2号艇のwin_rate_rank_2to6が有利(+8.0pt)、2号艇の節間得点が有利(+7.4pt) / [候補2]3号艇のwin_rate_rank_2to6が有利(+16.4pt)、6号艇のモーター出走数が有利(+8.9pt) / [除外]1号艇のsession_exh_rel_deltaが不利(-7.2pt)、6号艇のwin_rate_rank_2to6が不利(-6.5pt)、天気-0.7pt
78,18,徳山,2,09:13,0.5639075131128353,3,0.3978295315315872,2,0.25086153862769756,0.365801768152026,0.16443642739269193,0.4842546427665928,0.29362040508540727,0.401337630536396,1-3,1-2,0.14146270638320438,0.2243390617688216,0.09272693683617221,0.05639852941136327,0.04898028921686974,False,False,True,False,狙いトク特選,2026-10-10,場特性:in_escape_diff,0.195,1号艇のdominance,-0.0961,1号艇の年齢,-0.0862,1号艇の級別順位,0.0762,1号艇の全国勝率,-0.0715,3号艇のモーター2連率,0.0885,3号艇のwin_rate_rank_2to6,-0.0678,1号艇vs2号艇のlocal_win_rate差,-0.0448,3号艇の全国勝率,0.0445,場特性:1x_diff_course3,0.0442,2号艇のwin_rate_rank_2to6,-0.1722,場特性:1x_diff_course2,0.0624,1号艇の年齢,0.0612,2号艇の全国勝率,-0.0591,2号艇の直近平均着順,-0.0579,0.0083,南東 2.3m/s,[逃げ]場特性:in_escape_diffが有利(+19.5pt)、1号艇のdominanceが不利(-9.6pt) / [2着]3号艇のモーター2連率が有利(+8.9pt)、3号艇のwin_rate_rank_2to6が不利(-6.8pt) / [候補2]2号艇のwin_rate_rank_2to6が不利(-17.2pt)、場特性:1x_diff_course2が有利(+6.2pt)、天気+0.8pt
79,01,桐生,5,17:22,0.35749270495741525,3,0.595199777412937,2,0.29592613474020796,0.31857101279327177,0.06548620231090307,0.8256397098422419,0.29353660584026836,0.47069162190796277,1-3,1-2,0.10579143437586948,0.2127795784174023,0.02341083960151328,0.012220287224739947,0.003290569999064594,True,False,False,False,予選,2026-10-10,1号艇のdominance,-0.2306,1号艇のsession_exh_rel_avg,0.1511,1号艇のvs_max234_diff,-0.1346,1号艇の級別順位,-0.0932,1号艇の全国勝率,-0.084,3号艇のwin_rate_rank_2to6,0.1932,3号艇のsession_exh_rel_avg,0.118,6号艇のsession_exh_rel_avg,0.0629,6号艇のsession_rank_diff_last,0.0553,3号艇の全国勝率,0.0401,2号艇の節間得点,0.0708,3号艇のモーター出走数,0.0513,2号艇のclass_rank_2to6,0.0504,2号艇のwin_rate_rank_2to6,0.0411,2号艇のsession_avg_finish,0.0374,-0.0076,南東 2.0m/s,[逃げ]1号艇のdominanceが不利(-23.1pt)、1号艇のsession_exh_rel_avgが有利(+15.1pt) / [2着]3号艇のwin_rate_rank_2to6が有利(+19.3pt)、3号艇のsession_exh_rel_avgが有利(+11.8pt) / [候補2]2号艇の節間得点が有利(+7.1pt)、3号艇のモーター出走数が有利(+5.1pt) / [除外]6号艇のwin_rate_rank_2to6が不利(-9.9pt)、6号艇の直近平均着順が不利(-7.5pt)、天気-0.8pt
80,02,戸田,11,15:55,0.6688092162747585,2,0.340139310273117,5,0.252825197598073,0.3965801277880785,0.22142811102982046,0.3715363968413696,0.2912033415063836,0.38906700850406584,1-2,1-5,0.2274883055280003,0.09505124535518651,0.14809316139905443,0.16909182226007816,0.029084692944227285,True,False,False,False,戸田特選,2026-10-10,場特性:in_escape_diff,-0.1759,1号艇のsession_exh_rel_avg,0.118,1号艇のracer_win_te,0.0962,風速区分,0.0762,ST差分(4-3),-0.0685,2号艇のsession_exh_rel_avg,0.0753,2号艇の全国勝率,0.0612,2号艇のsession_avg_finish,-0.0544,5号艇の年齢,-0.0455,2号艇のcumulative_diff_rank_2to6,-0.03,5号艇の枠別出走数,0.0866,6号艇のwin_rate_rank_2to6,0.0705,5号艇のwin_rate_rank_2to6,-0.0676,6号艇のracer_avgfin_te,0.0667,5号艇の枠別平均ST,0.0648,0.0803,北東 0.8m/s,[逃げ]場特性:in_escape_diffが不利(-17.6pt)、1号艇のsession_exh_rel_avgが有利(+11.8pt) / [2着]2号艇のsession_exh_rel_avgが有利(+7.5pt)、2号艇の全国勝率が有利(+6.1pt) / [候補2]5号艇の枠別出走数が有利(+8.7pt)、6号艇のwin_rate_rank_2to6が有利(+7.1pt) / [除外]ST差分(6-5)が不利(-8.6pt)、5号艇の平均STが不利(-7.5pt)、天気+8.0pt
81,22,福岡,7,13:54,0.3872567297963195,2,0.5210555713433894,3,0.31827649147593373,0.3250369898606101,0.09061249199812328,0.7487195708211999,0.28969409588920375,0.452141764148787,1-2,1-3,0.20178227660059384,0.12325471326001625,0.03509029732988839,0.02051167121781729,0.006617769945359974,True,True,False,False,予選,2026-10-10,1号艇のdominance,-0.2563,1号艇のracer_win_te,-0.175,1号艇のvs_max234_diff,-0.1393,1号艇の全国勝率,-0.0907,1号艇の級別順位,-0.0858,2号艇のwin_rate_rank_2to6,0.2234,2号艇のclass_rank_2to6,0.0931,1号艇vs2号艇のplace_rate差,-0.0745,2号艇の全国勝率,0.0516,場特性:1x_diff_course2,0.0452,3号艇のwin_rate_rank_2to6,0.0645,1号艇のvs_max234_diff,-0.0621,場特性:1x_diff_course3,0.0519,6号艇のモーター出走数,0.0385,3号艇のclass_rank_2to6,0.0346,0.0896,北東 1.1m/s,[逃げ]1号艇のdominanceが不利(-25.6pt)、1号艇のracer_win_teが不利(-17.5pt) / [2着]2号艇のwin_rate_rank_2to6が有利(+22.3pt)、2号艇のclass_rank_2to6が有利(+9.3pt) / [候補2]3号艇のwin_rate_rank_2to6が有利(+6.4pt)、1号艇のvs_max234_diffが不利(-6.2pt) / [除外]4号艇のwin_rate_rank_2to6が不利(-5.9pt)、6号艇のwin_rate_rank_2to6が不利(-5.7pt)、天気+9.0pt
82,06,浜名湖,2,11:29,0.452034588956597,2,0.39328749718324474,3,0.37633783871481197,0.34789727236326096,0.14365625395391807,0.6259690819441386,0.2879241296730705,0.43131881523752424,1-2,1-3,0.17777955213099683,0.17011772023226412,0.06493759570710386,0.032926319242786405,0.006273406695325951,True,True,False,False,予選,2026-10-10,1号艇のdominance,-0.1475,1号艇の級別順位,-0.1048,1号艇の年齢,-0.0942,1号艇の全国勝率,-0.0774,風速区分,0.0676,2号艇のwin_rate_rank_2to6,0.0683,2号艇のclass_rank_2to6,-0.0524,2号艇のsession_exh_rel_avg,0.0442,2号艇の直近平均着順,-0.0402,2号艇のモーター2連率,-0.04,3号艇のwin_rate_rank_2to6,0.1852,4号艇の年齢,-0.1019,3号艇のclass_rank_2to6,0.0397,3号艇のモーター2連率,-0.0355,場特性:1x_diff_course3,-0.031,0.0646,南 1.7m/s,[逃げ]1号艇のdominanceが不利(-14.8pt)、1号艇の級別順位が不利(-10.5pt) / [2着]2号艇のwin_rate_rank_2to6が有利(+6.8pt)、2号艇のclass_rank_2to6が不利(-5.2pt) / [候補2]3号艇のwin_rate_rank_2to6が有利(+18.5pt)、4号艇の年齢が不利(-10.2pt) / [除外]4号艇の年齢が不利(-10.0pt)、6号艇のwin_rate_rank_2to6が不利(-7.1pt)、天気+6.5pt
83,06,浜名湖,9,15:11,0.5618645437079276,4,0.40890004223141585,3,0.24513309295430982,0.3674780290709931,0.18429596012046054,0.46973717506526513,0.2862083696420173,0.39815577286927467,1-4,1-3,0.10354936554029698,0.1377315934204863,0.2297464356505068,0.07618263173909326,0.014654523636869884,True,False,False,False,ブレイクタイ,2026-10-10,1号艇の級別順位,0.0803,2号艇の平均ST,-0.0735,1号艇の年齢,-0.0672,風速区分,0.0668,1号艇の全国勝率,-0.0584,4号艇のwin_rate_rank_2to6,0.2207,4号艇のclass_rank_2to6,0.1764,4号艇の年齢,-0.0738,win_rate_gap_top2_2to6,0.0504,1号艇vs2号艇のlocal_win_rate差,0.0456,3号艇のwin_rate_rank_2to6,0.0842,3号艇のracer_avgfin_te,-0.0766,3号艇のモーター2連率,-0.0628,3号艇の当地勝率,-0.0553,3号艇の全国勝率,-0.053,0.0127,南東 0.5m/s,[逃げ]1号艇の級別順位が有利(+8.0pt)、2号艇の平均STが不利(-7.3pt) / [2着]4号艇のwin_rate_rank_2to6が有利(+22.1pt)、4号艇のclass_rank_2to6が有利(+17.6pt) / [候補2]3号艇のwin_rate_rank_2to6が有利(+8.4pt)、3号艇のracer_avgfin_teが不利(-7.7pt) / [除外]1号艇vs2号艇の枠別勝率差が不利(-8.1pt)、6号艇のwin_rate_rank_2to6が不利(-7.1pt)、天気+1.3pt
84,08,常滑,9,14:20,0.7167674953244108,3,0.2889348566571788,4,0.2878059535712124,0.41338906599877523,0.2629777178774609,0.3137630923509303,0.28293453019255166,0.38350127390442174,1-3,1-4,0.18849388016915716,0.2070991135180837,0.20628995248069157,0.08357045516748096,0.03131409131883046,True,True,False,False,一般,2026-10-10,1号艇のdominance,0.1254,場特性:in_escape_diff,0.0915,1号艇の級別順位,0.0865,1号艇のracer_win_te,0.0807,風速区分,-0.0696,3号艇のsession_exh_rel_avg,0.0905,3号艇のracer_avgfin_te,-0.0896,3号艇のwin_rate_rank_2to6,-0.0729,3号艇の当地勝率,-0.053,3号艇の節間得点,0.0504,4号艇のclass_rank_2to6,0.2055,4号艇のwin_rate_rank_2to6,0.163,4号艇のsession_exh_rel_avg,-0.0798,4号艇のモーター2連率,-0.0589,5号艇の枠別勝率,-0.0372,-0.1021,南 4.9m/s,[逃げ]1号艇のdominanceが有利(+12.5pt)、場特性:in_escape_diffが有利(+9.1pt) / [2着]3号艇のsession_exh_rel_avgが有利(+9.0pt)、3号艇のracer_avgfin_teが不利(-9.0pt) / [候補2]4号艇のclass_rank_2to6が有利(+20.6pt)、4号艇のwin_rate_rank_2to6が有利(+16.3pt)、天気-10.2pt
85,09,津,7,13:26,0.6157811708235773,2,0.35540988698534043,3,0.23868281994479626,0.36583110265118796,0.18977265694647075,0.404320049983666,0.28252141423866034,0.3773777868509313,1-2,1-3,0.21885471633010822,0.14697638632107973,0.0987118088982742,0.11685842888479883,0.034379831536298096,True,True,False,False,トーナメント,2026-10-10,1号艇のdominance,-0.1496,1号艇の級別順位,-0.1187,3号艇の女子戦2連率,0.0955,風速区分,0.0743,1号艇のsession_exh_count,-0.0635,2号艇のracer_avgfin_te,0.0649,2号艇のwin_rate_rank_2to6,0.0635,場特性:1x_diff_course2,0.0532,2号艇の全国勝率,0.0408,2号艇のsession_exh_rel_avg,0.0369,3号艇のwin_rate_rank_2to6,-0.1098,3号艇のcumulative_diff_rank_2to6,0.0528,3号艇のracer_2nd_te,0.0431,3号艇のracer_avgfin_te,0.0303,場特性:1x_diff_course3,-0.0293,0.0771,南東 1.6m/s,[逃げ]1号艇のdominanceが不利(-15.0pt)、1号艇の級別順位が不利(-11.9pt) / [2着]2号艇のracer_avgfin_teが有利(+6.5pt)、2号艇のwin_rate_rank_2to6が有利(+6.3pt) / [候補2]3号艇のwin_rate_rank_2to6が不利(-11.0pt)、3号艇のcumulative_diff_rank_2to6が有利(+5.3pt) / [除外]local_win_rateの分散(2-6号艇)が不利(-6.5pt)、6号艇のwin_rate_rank_2to6が不利(-6.5pt)、天気+7.7pt
86,23,唐津,9,12:22,0.5261168439538925,3,0.43025482348304245,2,0.22156320040440708,0.34293244155992786,0.15243787392288347,0.49938014996456614,0.2802013708112332,0.3898667540813193,1-3,1-2,0.11656813173309044,0.2263643098268374,0.05821954064733241,0.08020013312734882,0.044764740378911226,True,True,False,False,予選,2026-10-10,1号艇のsession_exh_rel_avg,0.1157,1号艇の級別順位,-0.0848,風速区分,0.081,1号艇の勝率順位,-0.081,4号艇のモーター2連率,-0.0649,3号艇のwin_rate_rank_2to6,0.1907,6号艇の女子戦比率,0.122,3号艇のsession_exh_rel_avg,0.0685,場特性:1x_diff_course3,-0.0523,3号艇のclass_rank_2to6,0.044,2号艇のwin_rate_rank_2to6,-0.1543,2号艇のsession_exh_rel_avg,-0.0791,6号艇のsession_rank_diff_delta,-0.0524,2号艇のclass_rank_2to6,-0.0501,2号艇のsession_avg_finish,0.0492,0.1238,北 0.8m/s,[逃げ]1号艇のsession_exh_rel_avgが有利(+11.6pt)、1号艇の級別順位が不利(-8.5pt) / [2着]3号艇のwin_rate_rank_2to6が有利(+19.1pt)、6号艇の女子戦比率が有利(+12.2pt) / [候補2]2号艇のwin_rate_rank_2to6が不利(-15.4pt)、2号艇のsession_exh_rel_avgが不利(-7.9pt) / [除外]5号艇のsession_exh_rel_avgが不利(-5.9pt)、天気+12.4pt
87,12,住之江,2,15:40,0.622573058649133,3,0.3675789962167184,4,0.2338731237234449,0.3744478859421527,0.2154077085638565,0.38604441137630685,0.2776571326372974,0.3779268435723989,1-3,1-4,0.1341070359772012,0.22884477996982047,0.1456031059723322,0.1005947218095442,0.013423402164275405,True,False,False,False,予選,2026-10-10,1号艇のモーター2連率,0.0965,1号艇の級別順位,-0.0932,1号艇の勝率順位,-0.0805,風速区分,0.0724,avg_entry_count,-0.0712,3号艇のwin_rate_rank_2to6,0.0765,場特性:1x_diff_course3,0.0552,3号艇のclass_rank_2to6,0.0404,5号艇の一般戦2連率,-0.0395,3号艇のcumulative_diff_rank_2to6,0.0389,2号艇の体重,0.2034,5号艇の年齢,0.0946,4号艇のwin_rate_rank_2to6,-0.0927,4号艇のモーター2連率,0.0825,4号艇のclass_rank_2to6,-0.0821,0.0578,北西 1.2m/s,[逃げ]1号艇のモーター2連率が有利(+9.7pt)、1号艇の級別順位が不利(-9.3pt) / [2着]3号艇のwin_rate_rank_2to6が有利(+7.6pt)、場特性:1x_diff_course3が有利(+5.5pt) / [候補2]2号艇の体重が有利(+20.3pt)、5号艇の年齢が有利(+9.5pt) / [除外]1号艇vs5号艇の級別差が不利(-8.0pt)、6号艇のwin_rate_rank_2to6が不利(-6.4pt)、天気+5.8pt
88,22,福岡,5,12:59,0.48321506905412814,2,0.4332772278838718,4,0.30892443584431617,0.35864302819050514,0.1910687738715035,0.5511328898566845,0.27641244780579766,0.41638998669035887,1-2,1-4,0.20936608559148634,0.09232731076040616,0.14927694259901883,0.031168617703624255,0.0010761091368815647,True,True,False,False,予選,2026-10-10,1号艇のracer_win_te,-0.1346,1号艇のdominance,-0.1091,1号艇の級別順位,-0.087,1号艇の全国勝率,-0.0671,1号艇の勝率順位,-0.061,2号艇のclass_rank_2to6,0.0748,2号艇のwin_rate_rank_2to6,0.0392,2号艇のsession_exh_rel_avg,0.0362,場特性:1x_diff_course2,0.0358,2号艇のモーター2連率,-0.0348,4号艇のwin_rate_rank_2to6,0.1944,4号艇のclass_rank_2to6,0.149,4号艇の年齢,-0.0785,4号艇の直近複勝率,0.0637,4号艇の全国勝率,0.0541,0.0677,南 1.1m/s,[逃げ]1号艇のracer_win_teが不利(-13.5pt)、1号艇のdominanceが不利(-10.9pt) / [2着]2号艇のclass_rank_2to6が有利(+7.5pt)、2号艇のwin_rate_rank_2to6が有利(+3.9pt) / [候補2]4号艇のwin_rate_rank_2to6が有利(+19.4pt)、4号艇のclass_rank_2to6が有利(+14.9pt) / [除外]6号艇のvs_avg456_diffが不利(-14.1pt)、6号艇の全国勝率が不利(-12.4pt)、天気+6.8pt
89,08,常滑,7,13:18,0.6309165478436902,2,0.3467640412658131,4,0.21739302177251896,0.35593602665377966,0.20228933288256634,0.3618677301557658,0.26953355299698234,0.3577155377043755,1-2,1-4,0.21877917183175374,0.07157890457960361,0.13715685482202586,0.07577393609347705,0.12762768756787185,True,True,False,False,一般,2026-10-10,1号艇のdominance,-0.156,1号艇の年齢,-0.1185,ST差分(4-3),-0.0816,場特性:in_escape_diff,0.0623,1号艇の節間得点,0.0586,2号艇のclass_rank_2to6,-0.065,2号艇のsession_exh_rel_avg,0.0624,2号艇のモーター2連率,-0.0599,win_rate_gap_top2_2to6,-0.0518,3号艇のracer_win_te,0.0438,4号艇のsession_exh_rel_avg,-0.1034,4号艇のwin_rate_rank_2to6,0.0914,6号艇の節間得点,-0.0845,4号艇の年齢,-0.0835,4号艇のclass_rank_2to6,-0.0804,0.0079,南 5.2m/s,[逃げ]1号艇のdominanceが不利(-15.6pt)、1号艇の年齢が不利(-11.8pt) / [2着]2号艇のclass_rank_2to6が不利(-6.5pt)、2号艇のsession_exh_rel_avgが有利(+6.2pt) / [候補2]4号艇のsession_exh_rel_avgが不利(-10.3pt)、4号艇のwin_rate_rank_2to6が有利(+9.1pt)、天気+0.8pt
90,23,唐津,10,12:54,0.4577777256054035,2,0.44025866429203564,4,0.2896336188267206,0.33412842930303943,0.17370919665134127,0.5561830864674149,0.2644790120639129,0.40074482645235204,1-2,1-4,0.20154061001768095,0.07952020095979277,0.13258781928535854,0.03607926021261363,0.008049829161215397,True,True,False,False,予選特賞,2026-10-10,1号艇のdominance,-0.1707,3号艇のsession_exh_rel_avg,-0.1399,1号艇のsession_exh_rel_avg,0.127,3号艇のsession_exh_rel_last,-0.0922,1号艇の級別順位,-0.0827,2号艇のwin_rate_rank_2to6,0.0609,2号艇のsession_exh_rel_avg,-0.0558,2号艇のracer_avgfin_te,0.0549,レース時間帯,-0.0519,3号艇のsession_exh_rel_avg,0.0454,4号艇のwin_rate_rank_2to6,0.1674,4号艇のモーター2連率,0.1362,3号艇の枠別勝率,0.1105,4号艇の全国勝率,0.0764,4号艇のsession_exh_rel_avg,-0.0707,0.1225,北東 0.7m/s,[逃げ]1号艇のdominanceが不利(-17.1pt)、3号艇のsession_exh_rel_avgが不利(-14.0pt) / [2着]2号艇のwin_rate_rank_2to6が有利(+6.1pt)、2号艇のsession_exh_rel_avgが不利(-5.6pt) / [候補2]4号艇のwin_rate_rank_2to6が有利(+16.7pt)、4号艇のモーター2連率が有利(+13.6pt) / [除外]6号艇のwin_rate_rank_2to6が不利(-7.0pt)、3号艇のwin_rate_rank_2to6が不利(-5.2pt)、天気+12.2pt
91,18,徳山,11,13:50,0.47993351079395913,2,0.4457929935195795,3,0.25894833914570314,0.3382289819876626,0.19144129655206812,0.5133000361132146,0.26052778817581757,0.3907502982253282,1-2,1-3,0.21395099646720048,0.12427798552046211,0.09187909356518152,0.02125294543874141,0.028572497847886076,True,True,False,False,予選,2026-10-10,場特性:in_escape_diff,0.1952,1号艇のdominance,-0.1606,6号艇の年齢,-0.1261,1号艇の級別順位,-0.076,1号艇のvs_max234_diff,-0.0693,2号艇のwin_rate_rank_2to6,0.1687,場特性:in_escape_diff,0.0679,2号艇のclass_rank_2to6,0.0647,2号艇の全国勝率,0.0604,3号艇の全国勝率,-0.0544,3号艇のwin_rate_rank_2to6,-0.131,3号艇の当地勝率,-0.0505,3号艇のracer_win_te,-0.0475,3号艇のcumulative_diff_rank_2to6,0.0432,1号艇の一般戦2連率,0.0374,0.1064,北東 1.2m/s,[逃げ]場特性:in_escape_diffが有利(+19.5pt)、1号艇のdominanceが不利(-16.1pt) / [2着]2号艇のwin_rate_rank_2to6が有利(+16.9pt)、場特性:in_escape_diffが有利(+6.8pt) / [候補2]3号艇のwin_rate_rank_2to6が不利(-13.1pt)、3号艇の当地勝率が不利(-5.1pt)、天気+10.6pt
92,09,津,10,15:07,0.607374177527499,2,0.32847804235732714,3,0.22948979970944305,0.338895259162098,0.1934322442277045,0.3645355978390657,0.260231334516673,0.3465873607651883,1-2,1-3,0.19950908081262456,0.13938617834947345,0.11748575024510034,0.10229998632775894,0.04869318179254168,True,False,False,False,トーナメント,2026-10-10,1号艇の女子戦比率,-0.2474,1号艇の級別順位,0.0885,レース時間帯,0.0758,1号艇の勝率順位,-0.0702,風速区分,0.0688,3号艇のモーター出走数,0.0805,2号艇のsession_exh_rel_avg,0.0774,2号艇の全国勝率,0.0657,2号艇の体重,-0.0548,レース時間帯,-0.0534,3号艇のwin_rate_rank_2to6,-0.1075,3号艇の女子戦勝率,0.0848,6号艇のracer_2nd_te,-0.0565,1号艇のモーター出走数,0.0554,3号艇のcumulative_diff_rank_2to6,0.0529,0.1039,南 1.4m/s,[逃げ]1号艇の女子戦比率が不利(-24.7pt)、1号艇の級別順位が有利(+8.9pt) / [2着]3号艇のモーター出走数が有利(+8.0pt)、2号艇のsession_exh_rel_avgが有利(+7.7pt) / [候補2]3号艇のwin_rate_rank_2to6が不利(-10.8pt)、3号艇の女子戦勝率が有利(+8.5pt) / [除外]4号艇の一般戦2連率が不利(-5.3pt)、天気+10.4pt
93,15,丸亀,6,17:37,0.7217405365059357,3,0.26564595301019756,2,0.2053651840875632,0.3399478307892087,0.19972479958371664,0.27128633751404413,0.258472615941256,0.3193493828066593,1-3,1-2,0.14822037814299813,0.19172745264621058,0.12232529747005881,0.14414948400509214,0.1153179296189621,True,False,False,False,かけうどん６,2026-10-10,1号艇のvs_max234_diff,0.0862,1号艇のvs_max234_frame_diff,0.0619,1号艇のdominance,0.0559,1号艇のsession_exh_count,-0.0479,1号艇の節間得点,-0.0473,3号艇のwin_rate_rank_2to6,-0.0693,3号艇の当地勝率,-0.0505,3号艇の全国勝率,-0.0498,3号艇のcumulative_diff_rank_2to6,0.0463,3号艇のsession_exh_rel_avg,0.0454,2号艇のwin_rate_rank_2to6,-0.1357,2号艇の全国勝率,-0.0799,2号艇の直近平均着順,-0.0677,2号艇のracer_avgfin_te,-0.0586,1号艇の体重,-0.0431,0.0534,北東 2.5m/s,[逃げ]1号艇のvs_max234_diffが有利(+8.6pt)、1号艇のvs_max234_frame_diffが有利(+6.2pt) / [2着]3号艇のwin_rate_rank_2to6が不利(-6.9pt)、3号艇の当地勝率が不利(-5.0pt) / [候補2]2号艇のwin_rate_rank_2to6が不利(-13.6pt)、2号艇の全国勝率が不利(-8.0pt) / [除外]4号艇のwin_rate_rank_2to6が不利(-5.5pt)、天気+5.3pt
94,07,蒲郡,4,16:46,0.3775631815624443,2,0.4276218382505484,3,0.34513246954197385,0.29176357501622907,0.09764475519931598,0.6751095525932063,0.25757655558598475,0.4067673682893222,1-2,1-3,0.161454261755458,0.13030931326077105,0.0362770025306776,0.03686706443593976,0.012655541689396574,True,False,False,False,一般戦,2026-10-10,1号艇の年齢,-0.1901,1号艇のracer_win_te,-0.148,1号艇の級別順位,-0.0951,1号艇の全国勝率,-0.0722,1号艇vs4号艇の枠別勝率差,-0.0704,2号艇のwin_rate_rank_2to6,0.1612,2号艇のsession_exh_rel_avg,-0.0717,2号艇のclass_rank_2to6,0.066,2号艇のcumulative_diff_rank_2to6,-0.048,勝率の分散(2-6号艇),-0.0336,3号艇のモーター2連率,0.0731,3号艇のwin_rate_rank_2to6,0.07,3号艇のcumulative_diff_rank_2to6,0.0416,5号艇のsession_exh_rel_last,-0.0416,3号艇のsession_exh_rel_avg,-0.0343,0.011,南東 1.6m/s,[逃げ]1号艇の年齢が不利(-19.0pt)、1号艇のracer_win_teが不利(-14.8pt) / [2着]2号艇のwin_rate_rank_2to6が有利(+16.1pt)、2号艇のsession_exh_rel_avgが不利(-7.2pt) / [候補2]3号艇のモーター2連率が有利(+7.3pt)、3号艇のwin_rate_rank_2to6が有利(+7.0pt) / [除外]勝率のレンジ(2-6号艇)が不利(-10.2pt)、6号艇のwin_rate_rank_2to6が不利(-6.9pt)、天気+1.1pt
95,02,戸田,1,10:47,0.6302371094823744,6,0.29088371357621823,3,0.26811215690654633,0.35229994162564127,0.22704113282295785,0.3319547376598067,0.25631604821746423,0.34619638043589085,1-6,1-3,0.1430897472839448,0.1689742307858666,0.06217276508663557,0.07267466252960142,0.1833257108397747,False,False,True,False,予選,2026-10-10,場特性:in_escape_diff,-0.1505,1号艇のsession_exh_rel_avg,0.1289,1号艇の級別順位,0.0908,1号艇のracer_win_te,-0.0773,1号艇の勝率順位,-0.0714,6号艇のwin_rate_rank_2to6,0.3096,場特性:1x_diff_course2,0.2306,6号艇のsession_exh_rel_avg,0.1555,6号艇のvs_avg456_diff,0.1519,2号艇のracer_2nd_te,0.1243,3号艇のsession_exh_rel_avg,-0.1539,2号艇の枠別平均ST,0.1518,3号艇のsession_exh_rel_last,-0.0906,3号艇の全国勝率,-0.0775,2号艇の直近1着率,0.0573,0.1902,北 1.7m/s,[逃げ]場特性:in_escape_diffが不利(-15.1pt)、1号艇のsession_exh_rel_avgが有利(+12.9pt) / [2着]6号艇のwin_rate_rank_2to6が有利(+31.0pt)、場特性:1x_diff_course2が有利(+23.1pt) / [候補2]3号艇のsession_exh_rel_avgが不利(-15.4pt)、2号艇の枠別平均STが有利(+15.2pt)、天気+19.0pt
96,18,徳山,5,10:33,0.5304864578835796,2,0.358299990031569,4,0.2577507388912268,0.3268065690628512,0.18044772117821278,0.435603007744583,0.25604076827869715,0.35944550066737074,1-2,1-4,0.1900732925715689,0.09572507244099389,0.1367332764912823,0.04155883604883917,0.06639598033089535,False,False,True,False,予選,2026-10-10,場特性:in_escape_diff,0.1782,1号艇のdominance,-0.1444,5号艇の枠別出走数,-0.1153,5号艇の平均ST,0.0959,1号艇の級別順位,-0.0818,2号艇のwin_rate_rank_2to6,0.0656,2号艇のclass_rank_2to6,-0.0524,場特性:1x_diff_course2,0.0495,2号艇の全国勝率,0.0468,2号艇のsession_exh_rel_avg,0.0422,4号艇のclass_rank_2to6,0.1626,6号艇の女子戦勝率,0.1038,6号艇のvs_avg456_diff,-0.0853,4号艇のwin_rate_rank_2to6,-0.081,6号艇の一般戦2連率,0.0533,0.09,南 1.1m/s,[逃げ]場特性:in_escape_diffが有利(+17.8pt)、1号艇のdominanceが不利(-14.4pt) / [2着]2号艇のwin_rate_rank_2to6が有利(+6.6pt)、2号艇のclass_rank_2to6が不利(-5.2pt) / [候補2]4号艇のclass_rank_2to6が有利(+16.3pt)、6号艇の女子戦勝率が有利(+10.4pt)、天気+9.0pt
97,15,丸亀,7,18:04,0.49259398018355394,3,0.4211925342189229,2,0.2873348711300177,0.3490163346699609,0.22497056742491506,0.4835568379240255,0.2547942512484427,0.3893784856461803,1-3,1-2,0.14153942781546397,0.20747690685449696,0.11081914723199149,0.02511127633950535,0.007647227447262829,True,False,False,False,ざるうどん７,2026-10-10,1号艇の年齢,-0.1191,1号艇の級別順位,-0.0946,1号艇のモーター2連率,0.0877,1号艇vs3号艇の級別差,0.0773,風速区分,0.0751,3号艇のwin_rate_rank_2to6,0.169,3号艇の当地勝率,0.1248,3号艇の全国勝率,0.0414,3号艇のclass_rank_2to6,0.0404,3号艇の年齢,-0.0384,2号艇の当地勝率,0.1162,2号艇のsession_exh_rel_avg,0.0514,2号艇のモーター2連率,-0.0363,3号艇の女子戦2連率,-0.0343,1号艇の年齢,-0.0296,0.0488,東 1.8m/s,[逃げ]1号艇の年齢が不利(-11.9pt)、1号艇の級別順位が不利(-9.5pt) / [2着]3号艇のwin_rate_rank_2to6が有利(+16.9pt)、3号艇の当地勝率が有利(+12.5pt) / [候補2]2号艇の当地勝率が有利(+11.6pt)、2号艇のsession_exh_rel_avgが有利(+5.1pt) / [除外]6号艇のwin_rate_rank_2to6が不利(-7.0pt)、天気+4.9pt
98,18,徳山,6,11:03,0.49633676197954407,3,0.4606023820266348,5,0.1839790851246843,0.3199294782379095,0.17018457644350027,0.47439689070781876,0.25459300294305914,0.3662697019788823,1-3,1-5,0.08446886161082712,0.22861389485516487,0.0796716335031515,0.09131558338274472,0.012266803419644123,True,True,False,False,予選,2026-10-10,1号艇のdominance,-0.227,場特性:in_escape_diff,0.1742,1号艇の級別順位,-0.0897,風速区分,0.0839,1号艇のvs_max234_diff,-0.0814,3号艇のwin_rate_rank_2to6,0.1961,2号艇のvs_boat3_diff,0.0458,3号艇の当地勝率,-0.0451,3号艇のclass_rank_2to6,0.0412,3号艇の全国勝率,0.0371,5号艇のclass_rank_2to6,0.1426,5号艇のwin_rate_rank_2to6,0.0957,5号艇の年齢,-0.0872,1号艇vs5号艇のlocal_win_rate差,0.0591,local_win_rateの分散(2-6号艇),-0.0492,0.0704,南 0.7m/s,[逃げ]1号艇のdominanceが不利(-22.7pt)、場特性:in_escape_diffが有利(+17.4pt) / [2着]3号艇のwin_rate_rank_2to6が有利(+19.6pt)、2号艇のvs_boat3_diffが有利(+4.6pt) / [候補2]5号艇のclass_rank_2to6が有利(+14.3pt)、5号艇のwin_rate_rank_2to6が有利(+9.6pt) / [除外]6号艇のwin_rate_rank_2to6が不利(-6.8pt)、2号艇のwin_rate_rank_2to6が不利(-6.0pt)、天気+7.0pt
99,07,蒲郡,10,19:40,0.4409483988471361,3,0.4553753866955018,2,0.25117593984065306,0.31155267613943755,0.15950010505058432,0.5470512214855706,0.2519214546518004,0.38220223974327744,1-3,1-2,0.11075562850166056,0.20079704763777698,0.07033131593800517,0.04615996320298661,0.012904439460054828,True,False,False,False,選抜戦,2026-10-10,1号艇の年齢,-0.1094,1号艇のdominance,-0.0807,1号艇の級別順位,-0.0718,2号艇の体重,0.0707,4号艇のモーター2連率,-0.0675,3号艇のwin_rate_rank_2to6,0.1186,3号艇のsession_exh_rel_avg,0.0607,3号艇の節間得点,0.0451,3号艇の全国勝率,0.0316,場特性:1x_diff_course3,0.0316,2号艇のsession_exh_rel_avg,-0.1605,2号艇のclass_rank_2to6,0.1097,2号艇の枠別出走数,-0.1062,2号艇のwin_rate_rank_2to6,0.0857,レース時間帯,-0.0613,0.0576,南東 1.6m/s,[逃げ]1号艇の年齢が不利(-10.9pt)、1号艇のdominanceが不利(-8.1pt) / [2着]3号艇のwin_rate_rank_2to6が有利(+11.9pt)、3号艇のsession_exh_rel_avgが有利(+6.1pt) / [候補2]2号艇のsession_exh_rel_avgが不利(-16.1pt)、2号艇のclass_rank_2to6が有利(+11.0pt) / [除外]6号艇のwin_rate_rank_2to6が不利(-5.8pt)、4号艇のwin_rate_rank_2to6が不利(-5.1pt)、天気+5.8pt
100,09,津,5,12:25,0.6053990810080745,3,0.2853104697251155,4,0.2820050402756443,0.3434522883960871,0.23477262914896052,0.33254288085179934,0.24669245231531545,0.34017946613280076,1-3,1-4,0.1421311339326302,0.17272669617356698,0.1707255922225201,0.0886838797070732,0.03113179024872067,True,True,False,False,トーナメント,2026-10-10,1号艇の級別順位,0.0935,1号艇のdominance,-0.0841,場特性:in_escape_diff,0.0658,1号艇の節間得点,-0.0632,1号艇のsession_exh_count,-0.0609,3号艇のwin_rate_rank_2to6,0.069,3号艇のracer_2nd_te,0.0574,3号艇のcumulative_diff_rank_2to6,0.0436,avg_456_win_rate,-0.0361,5号艇の一般戦2連率,-0.0353,4号艇のwin_rate_rank_2to6,0.1922,4号艇の全国勝率,0.1293,4号艇のclass_rank_2to6,0.1278,4号艇の年齢,0.0332,4号艇のcumulative_diff_rank_2to6,0.0331,0.0099,南東 2.5m/s,[逃げ]1号艇の級別順位が有利(+9.3pt)、1号艇のdominanceが不利(-8.4pt) / [2着]3号艇のwin_rate_rank_2to6が有利(+6.9pt)、3号艇のracer_2nd_teが有利(+5.7pt) / [候補2]4号艇のwin_rate_rank_2to6が有利(+19.2pt)、4号艇の全国勝率が有利(+12.9pt)、天気+1.0pt
101,02,戸田,10,15:21,0.39391675214770944,3,0.42017338951101235,2,0.3180988107278059,0.2908177873190187,0.12865801688943113,0.6096141833493871,0.24591853956785392,0.3864567061281292,1-3,1-2,0.12530445038394625,0.16551333693507242,0.02928152126490936,0.023136899815294317,0.05068054815084985,True,False,False,False,戸田特賞,2026-10-10,場特性:in_escape_diff,-0.1665,1号艇の級別順位,-0.0888,1号艇の勝率順位,-0.08,風速区分,0.0699,1号艇のdominance,-0.0688,3号艇のsession_exh_rel_avg,0.1301,6号艇の直近1着率,-0.0843,3号艇の当地勝率,-0.0466,3号艇のclass_rank_2to6,0.0432,3号艇の全国勝率,0.0417,2号艇のsession_exh_rel_avg,0.0809,2号艇の全国勝率,0.0498,5号艇のsession_avg_finish,-0.0475,1号艇vs6号艇の直近複勝率差,-0.0362,1号艇vs6号艇のplace_rate差,-0.0335,0.1048,北東 1.0m/s,[逃げ]場特性:in_escape_diffが不利(-16.6pt)、1号艇の級別順位が不利(-8.9pt) / [2着]3号艇のsession_exh_rel_avgが有利(+13.0pt)、6号艇の直近1着率が不利(-8.4pt) / [候補2]2号艇のsession_exh_rel_avgが有利(+8.1pt)、2号艇の全国勝率が有利(+5.0pt) / [除外]3号艇のracer_win_teが不利(-5.6pt)、5号艇のsession_exh_rel_avgが不利(-5.6pt)、天気+10.5pt
102,23,唐津,11,13:34,0.44700823154804264,2,0.447940939161472,4,0.28157829162334325,0.3261011012334087,0.2134998429250466,0.5160193878597688,0.24255406056418774,0.38307658722131666,1-2,1-4,0.20023328705253896,0.09543618722170996,0.1258678141808697,0.017964162598779927,0.007506780910452915,True,True,False,False,宝当特選,2026-10-10,1号艇のdominance,-0.1629,1号艇の体重,-0.133,1号艇のsession_exh_rel_avg,0.106,1号艇の級別順位,-0.1023,風速区分,0.093,2号艇のwin_rate_rank_2to6,0.1952,2号艇のclass_rank_2to6,0.0867,2号艇の当地勝率,0.0854,2号艇のsession_exh_rel_avg,-0.0798,レース時間帯,-0.0644,4号艇のsession_exh_rel_avg,0.0921,4号艇のclass_rank_2to6,0.0872,4号艇のwin_rate_rank_2to6,0.0732,4号艇の節間得点,0.0539,4号艇の年齢,-0.0503,0.0956,北 1.4m/s,[逃げ]1号艇のdominanceが不利(-16.3pt)、1号艇の体重が不利(-13.3pt) / [2着]2号艇のwin_rate_rank_2to6が有利(+19.5pt)、2号艇のclass_rank_2to6が有利(+8.7pt) / [候補2]4号艇のsession_exh_rel_avgが有利(+9.2pt)、4号艇のclass_rank_2to6が有利(+8.7pt) / [除外]6号艇のsession_exh_rel_avgが不利(-6.0pt)、6号艇のwin_rate_rank_2to6が不利(-5.9pt)、天気+9.6pt
103,09,津,2,10:57,0.5403384496949524,2,0.37696601980427624,5,0.2291076162329995,0.3274848888973644,0.2173686934372966,0.3887049425999791,0.2420629339932704,0.34585090500814875,1-2,1-5,0.20368923472871933,0.11745266282412621,0.08361197612226925,0.12379565416864505,0.011788923864110066,False,False,True,False,一般,2026-10-10,1号艇の級別順位,-0.1189,1号艇のdominance,-0.1146,3号艇の女子戦2連率,0.0854,風速区分,0.0698,1号艇のracer_win_te,-0.0689,2号艇のwin_rate_rank_2to6,0.1594,2号艇のracer_avgfin_te,0.0916,2号艇の全国勝率,0.0456,場特性:1x_diff_course2,0.0407,2号艇の一般戦勝率,-0.0391,5号艇のwin_rate_rank_2to6,0.1294,1号艇vs5号艇のlocal_win_rate差,0.0982,5号艇のclass_rank_2to6,0.0753,1号艇vs4号艇のlocal_win_rate差,-0.0743,5号艇の年齢,0.071,0.0665,南東 1.9m/s,[逃げ]1号艇の級別順位が不利(-11.9pt)、1号艇のdominanceが不利(-11.5pt) / [2着]2号艇のwin_rate_rank_2to6が有利(+15.9pt)、2号艇のracer_avgfin_teが有利(+9.2pt) / [候補2]5号艇のwin_rate_rank_2to6が有利(+12.9pt)、1号艇vs5号艇のlocal_win_rate差が有利(+9.8pt) / [除外]6号艇のwin_rate_rank_2to6が不利(-7.7pt)、6号艇のvs_avg456_diffが不利(-5.5pt)、天気+6.6pt
104,12,住之江,5,17:01,0.5985618267362369,3,0.29793359183499013,6,0.2331281937766213,0.31787331250549394,0.20126391179268624,0.3297978738189252,0.24110160091026828,0.32145068089952333,1-3,1-6,0.12046889469871114,0.1783316749748401,0.08655656303363472,0.07366306541766335,0.13954163753065388,True,False,False,False,住之江ファイ,2026-10-10,1号艇のracer_win_te,-0.1094,3号艇の枠別出走数,-0.1046,1号艇のvs_max234_diff,0.0895,1号艇のモーター2連率順位,0.0698,avg_entry_count,-0.0545,3号艇のwin_rate_rank_2to6,-0.0825,3号艇の全国勝率,-0.082,win_rate_gap_top2_2to6,0.0468,3号艇のcumulative_diff_rank_2to6,0.0462,場特性:1x_diff_course3,0.0306,6号艇のwin_rate_rank_2to6,0.3565,6号艇のclass_rank_2to6,0.168,6号艇のvs_avg456_diff,0.1455,6号艇の全国勝率,0.1193,avg_entry_count,-0.0996,0.0355,西 1.7m/s,[逃げ]1号艇のracer_win_teが不利(-10.9pt)、3号艇の枠別出走数が不利(-10.5pt) / [2着]3号艇のwin_rate_rank_2to6が不利(-8.3pt)、3号艇の全国勝率が不利(-8.2pt) / [候補2]6号艇のwin_rate_rank_2to6が有利(+35.6pt)、6号艇のclass_rank_2to6が有利(+16.8pt)、天気+3.5pt
105,22,福岡,3,12:05,0.3915290494016659,3,0.5115037027207098,2,0.2550888457415002,0.3001432517778096,0.16536486537809467,0.6012276830841153,0.24058347366855234,0.3904685811697013,1-3,1-2,0.09987469328613777,0.2002685584916718,0.06474514854591985,0.019346317931423433,0.007294343179627816,True,True,False,False,カタメン３予,2026-10-10,1号艇のdominance,-0.2511,1号艇のracer_win_te,-0.1565,1号艇vs4号艇の枠別勝率差,-0.1274,1号艇のvs_max234_diff,-0.0882,風速区分,0.0838,3号艇のwin_rate_rank_2to6,0.198,3号艇の当地勝率,-0.0569,2号艇のvs_boat3_diff,0.0506,1号艇の体重,0.0431,3号艇のclass_rank_2to6,0.0378,2号艇のwin_rate_rank_2to6,-0.1676,2号艇の全国勝率,-0.0801,2号艇の直近平均着順,-0.0594,場特性:1x_diff_course2,0.0487,2号艇の当地勝率,-0.0453,0.0502,南東 1.9m/s,[逃げ]1号艇のdominanceが不利(-25.1pt)、1号艇のracer_win_teが不利(-15.7pt) / [2着]3号艇のwin_rate_rank_2to6が有利(+19.8pt)、3号艇の当地勝率が不利(-5.7pt) / [候補2]2号艇のwin_rate_rank_2to6が不利(-16.8pt)、2号艇の全国勝率が不利(-8.0pt)、天気+5.0pt
106,06,浜名湖,8,14:43,0.44136405971356607,3,0.47366686169737005,4,0.19374350130200946,0.29457094730831096,0.1824001311858524,0.4850102318135271,0.23009521198921887,0.3517027326598758,1-3,1-4,0.08050486239247485,0.20905952903053548,0.08551141827777546,0.05789718392710929,0.008391060330938631,True,True,False,False,予選特賞,2026-10-10,1号艇のdominance,-0.1357,3号艇の直近1着率,-0.1194,3号艇の直近平均着順,0.1154,1号艇の級別順位,-0.1032,1号艇の年齢,-0.0991,3号艇のwin_rate_rank_2to6,0.2038,3号艇のracer_avgfin_te,0.0725,3号艇のracer_2nd_te,0.0469,3号艇のclass_rank_2to6,0.0421,2号艇のvs_boat3_diff,0.0415,3号艇の直近1着率,0.1643,4号艇のclass_rank_2to6,0.088,4号艇のwin_rate_rank_2to6,-0.0828,4号艇の全国勝率,0.062,5号艇のracer_avgfin_te,0.0443,0.0127,南 1.2m/s,[逃げ]1号艇のdominanceが不利(-13.6pt)、3号艇の直近1着率が不利(-11.9pt) / [2着]3号艇のwin_rate_rank_2to6が有利(+20.4pt)、3号艇のracer_avgfin_teが有利(+7.3pt) / [候補2]3号艇の直近1着率が有利(+16.4pt)、4号艇のclass_rank_2to6が有利(+8.8pt) / [除外]2号艇のrecent_race_countが不利(-15.2pt)、3号艇のracer_win_teが不利(-6.1pt)、天気+1.3pt
107,07,蒲郡,7,18:11,0.4144306373348696,4,0.36223000846754455,2,0.3116053854662435,0.2792580317667727,0.14745270356378906,0.526382690369999,0.22984520963567698,0.3533954293477406,1-4,1-2,0.129138818495753,0.061108917914690704,0.1501192132710197,0.058948851638397595,0.015114836786945848,True,False,False,False,一般戦,2026-10-10,1号艇のdominance,-0.1473,1号艇の年齢,-0.1061,1号艇vs2号艇のcumulative差,-0.1012,1号艇のsession_exh_rel_avg,-0.0793,5号艇の枠別出走数,-0.0666,4号艇のclass_rank_2to6,0.1514,4号艇のwin_rate_rank_2to6,0.0931,4号艇のsession_exh_rel_avg,0.0787,4号艇の節間得点,0.0758,3号艇の年齢,0.0561,2号艇のwin_rate_rank_2to6,0.1766,3号艇の全国勝率,-0.0822,2号艇のsession_exh_rel_avg,0.0578,5号艇の年齢,-0.0573,2号艇の全国勝率,0.0483,-0.0082,南東 1.6m/s,[逃げ]1号艇のdominanceが不利(-14.7pt)、1号艇の年齢が不利(-10.6pt) / [2着]4号艇のclass_rank_2to6が有利(+15.1pt)、4号艇のwin_rate_rank_2to6が有利(+9.3pt) / [候補2]2号艇のwin_rate_rank_2to6が有利(+17.7pt)、3号艇の全国勝率が不利(-8.2pt) / [除外]6号艇のwin_rate_rank_2to6が不利(-6.5pt)、天気-0.8pt
108,02,戸田,8,14:16,0.4167849181164712,5,0.3452750003621942,2,0.3195461320052566,0.2770874212158677,0.15133776223649217,0.5134833701309587,0.22676687289104003,0.348006205890395,1-5,1-2,0.13318200846224598,0.03854397581700709,0.06307529684166638,0.1439054127536217,0.03807821182077158,True,True,False,False,予選,2026-10-10,1号艇のracer_win_te,-0.1959,場特性:in_escape_diff,-0.1605,1号艇のsession_exh_rel_avg,0.1115,1号艇のvs_max234_diff,0.1048,1号艇の年齢,0.1028,5号艇のwin_rate_rank_2to6,0.2228,5号艇のclass_rank_2to6,0.1503,3号艇のracer_avgfin_te,0.1233,5号艇のsession_exh_rel_avg,0.0797,3号艇の一般戦2連率,0.0698,2号艇のwin_rate_rank_2to6,-0.1408,2号艇の全国勝率,-0.127,1号艇の枠別勝率,0.0681,3号艇のracer_2nd_te,0.0654,2号艇のsession_avg_finish,0.0558,0.0124,東 1.1m/s,[逃げ]1号艇のracer_win_teが不利(-19.6pt)、場特性:in_escape_diffが不利(-16.0pt) / [2着]5号艇のwin_rate_rank_2to6が有利(+22.3pt)、5号艇のclass_rank_2to6が有利(+15.0pt) / [候補2]2号艇のwin_rate_rank_2to6が不利(-14.1pt)、2号艇の全国勝率が不利(-12.7pt) / [除外]3号艇のracer_2nd_teが不利(-5.7pt)、天気+1.2pt
109,02,戸田,3,11:45,0.38294008720239536,2,0.5156762363324332,3,0.1943782900086985,0.2719083422355285,0.14446317861585392,0.5655913477252779,0.22477145014171424,0.36001324388245326,1-2,1-3,0.197473102909345,0.0744352393261835,0.04144593372470918,0.05532074221669032,0.01426506831218587,True,True,False,False,予選,2026-10-10,1号艇のsession_exh_rel_avg,-0.2294,1号艇のracer_win_te,-0.2023,場特性:in_escape_diff,-0.1473,1号艇の年齢,0.1161,1号艇の級別順位,-0.1038,2号艇のwin_rate_rank_2to6,0.1924,2号艇のsession_exh_rel_avg,0.1389,2号艇のclass_rank_2to6,0.1054,2号艇のracer_avgfin_te,0.0648,2号艇の全国勝率,0.0583,3号艇のwin_rate_rank_2to6,-0.1512,3号艇のsession_exh_rel_last,0.0663,3号艇の全国勝率,-0.0612,3号艇のcumulative_diff_rank_2to6,-0.0575,6号艇のsession_rank_diff_last,0.0509,0.0274,北東 1.6m/s,[逃げ]1号艇のsession_exh_rel_avgが不利(-22.9pt)、1号艇のracer_win_teが不利(-20.2pt) / [2着]2号艇のwin_rate_rank_2to6が有利(+19.2pt)、2号艇のsession_exh_rel_avgが有利(+13.9pt) / [候補2]3号艇のwin_rate_rank_2to6が不利(-15.1pt)、3号艇のsession_exh_rel_lastが有利(+6.6pt) / [除外]4号艇のwin_rate_rank_2to6が不利(-6.7pt)、天気+2.7pt
110,22,福岡,2,11:37,0.40957210421825924,4,0.44465639782505917,2,0.2790540519583537,0.2964116117625352,0.20700028512912755,0.5167101646542853,0.22278286598202038,0.36250117763006023,1-4,1-2,0.11429275525121436,0.0847815423541164,0.18211885651132087,0.027382790523951164,0.000996163201372031,True,True,False,False,予選,2026-10-10,1号艇のdominance,-0.1608,6号艇の枠別出走数,-0.0841,ST差分(6-5),0.077,3号艇の平均ST,-0.0718,1号艇のvs_max234_diff,-0.0675,4号艇のclass_rank_2to6,0.2371,4号艇のwin_rate_rank_2to6,0.2343,4号艇の全国勝率,0.0832,5号艇の年齢,0.0585,4号艇の年齢,0.0573,ST差分(4-3),-0.0495,場特性:1x_diff_course2,0.0453,3号艇の全国勝率,-0.0399,全艇平均勝率,0.0379,2号艇のwin_rate_rank_2to6,0.0372,0.0379,南東 1.9m/s,[逃げ]1号艇のdominanceが不利(-16.1pt)、6号艇の枠別出走数が不利(-8.4pt) / [2着]4号艇のclass_rank_2to6が有利(+23.7pt)、4号艇のwin_rate_rank_2to6が有利(+23.4pt) / [候補2]ST差分(4-3)が不利(-5.0pt)、場特性:1x_diff_course2が有利(+4.5pt) / [除外]6号艇の全国勝率が不利(-16.9pt)、6号艇の直近平均着順が不利(-14.4pt)、天気+3.8pt
111,18,徳山,7,11:35,0.3088714059086167,3,0.5354885172061831,2,0.26495751733109396,0.24723489204150595,0.08837949737890699,0.7120665371583701,0.221014297449718,0.38668438557656515,1-3,1-2,0.08183780088411167,0.16539709115739426,0.027297899608919908,0.01690668598778139,0.017431932872952104,True,True,False,False,予選,2026-10-10,1号艇のdominance,-0.4387,場特性:in_escape_diff,0.1888,1号艇のvs_max234_diff,-0.1691,1号艇の全国2連率,-0.1214,1号艇のracer_win_te,-0.1087,3号艇のwin_rate_rank_2to6,0.1801,1号艇vs2号艇のplace_rate差,0.0653,1号艇vs3号艇のplace_rate差,-0.0554,3号艇のclass_rank_2to6,0.0475,1号艇のvs_max234_diff,-0.0437,場特性:in_escape_diff,0.0494,2号艇のclass_rank_2to6,-0.0493,2号艇のsession_exh_rel_avg,0.0462,2号艇の全国勝率,0.0449,2号艇のwin_rate_rank_2to6,0.0447,0.0622,南東 0.5m/s,[逃げ]1号艇のdominanceが不利(-43.9pt)、場特性:in_escape_diffが有利(+18.9pt) / [2着]3号艇のwin_rate_rank_2to6が有利(+18.0pt)、1号艇vs2号艇のplace_rate差が有利(+6.5pt) / [候補2]場特性:in_escape_diffが有利(+4.9pt)、2号艇のclass_rank_2to6が不利(-4.9pt)、天気+6.2pt
112,15,丸亀,5,17:08,0.42766376923198346,2,0.42861945918393063,3,0.2000832216702786,0.2688733582203639,0.15337956066794825,0.475323120186261,0.21938574514937756,0.33080828681013297,1-2,1-3,0.18330501348077405,0.08556834473958981,0.061201210028106585,0.06559488103840043,0.03199431516559749,True,False,False,False,予選,2026-10-10,1号艇のdominance,-0.1177,1号艇の年齢,-0.1064,1号艇のracer_win_te,-0.1037,1号艇の級別順位,-0.0834,1号艇のモーター2連率,0.0833,2号艇のモーター2連率,0.0748,1号艇の年齢,0.0725,2号艇の全国勝率,0.0613,2号艇のsession_exh_rel_avg,0.0513,2号艇のclass_rank_2to6,-0.0452,3号艇のwin_rate_rank_2to6,-0.1158,2号艇の女子戦勝率,0.0527,3号艇の全国勝率,-0.0485,3号艇のcumulative_diff_rank_2to6,0.0408,3号艇のモーター2連率,-0.0304,0.0552,北東 3.2m/s,[逃げ]1号艇のdominanceが不利(-11.8pt)、1号艇の年齢が不利(-10.6pt) / [2着]2号艇のモーター2連率が有利(+7.5pt)、1号艇の年齢が有利(+7.3pt) / [候補2]3号艇のwin_rate_rank_2to6が不利(-11.6pt)、2号艇の女子戦勝率が有利(+5.3pt)、天気+5.5pt
113,06,浜名湖,6,13:32,0.43399173087968324,3,0.3728763353760237,5,0.30042949324395407,0.2922091619741635,0.2078412324958296,0.4654645961241482,0.21932942712862316,0.3441857922191589,1-3,1-5,0.09020137623903175,0.1618252461939138,0.050765892752558814,0.13038391578024972,0.0008152988529401536,True,True,False,False,予選,2026-10-10,1号艇のdominance,-0.2901,1号艇の級別順位,-0.0909,1号艇のracer_win_te,-0.0868,1号艇の全国勝率,-0.0685,1号艇のsession_exh_count,-0.0541,3号艇のwin_rate_rank_2to6,0.0818,2号艇のvs_boat3_diff,0.0618,3号艇の年齢,0.0442,1号艇の女子戦勝率,0.0425,3号艇の当地勝率,-0.0415,5号艇のwin_rate_rank_2to6,0.2292,5号艇のclass_rank_2to6,0.1747,6号艇のracer_win_te,-0.1197,5号艇のracer_avgfin_te,0.062,1号艇vs5号艇のlocal_win_rate差,0.057,0.0123,南 2.6m/s,[逃げ]1号艇のdominanceが不利(-29.0pt)、1号艇の級別順位が不利(-9.1pt) / [2着]3号艇のwin_rate_rank_2to6が有利(+8.2pt)、2号艇のvs_boat3_diffが有利(+6.2pt) / [候補2]5号艇のwin_rate_rank_2to6が有利(+22.9pt)、5号艇のclass_rank_2to6が有利(+17.5pt) / [除外]6号艇の全国勝率が不利(-15.0pt)、6号艇の直近平均着順が不利(-13.9pt)、天気+1.2pt
114,02,戸田,6,13:14,0.3341058557488651,2,0.419147762321443,3,0.3376507697474344,0.2528508211863572,0.11652423510776494,0.6402742969611126,0.2174949229442246,0.36907786391878383,1-2,1-3,0.14003972181562763,0.11281109937072958,0.028759934677221387,0.03893142928616175,0.013563663131276868,True,True,False,False,予選,2026-10-10,場特性:in_escape_diff,-0.165,1号艇のsession_exh_rel_avg,-0.1578,1号艇の級別順位,-0.095,1号艇のdominance,-0.0903,3号艇の直近1着率,-0.0826,2号艇のsession_exh_rel_avg,0.1445,2号艇のclass_rank_2to6,0.0778,2号艇のモーター2連率,0.0571,2号艇のracer_avgfin_te,0.0571,2号艇のwin_rate_rank_2to6,0.0544,3号艇のwin_rate_rank_2to6,0.1627,3号艇のsession_exh_rel_avg,0.0977,3号艇のclass_rank_2to6,0.0509,3号艇の当地勝率,-0.0504,1号艇のsession_exh_rel_avg,0.0467,0.0472,北東 1.5m/s,[逃げ]場特性:in_escape_diffが不利(-16.5pt)、1号艇のsession_exh_rel_avgが不利(-15.8pt) / [2着]2号艇のsession_exh_rel_avgが有利(+14.4pt)、2号艇のclass_rank_2to6が有利(+7.8pt) / [候補2]3号艇のwin_rate_rank_2to6が有利(+16.3pt)、3号艇のsession_exh_rel_avgが有利(+9.8pt) / [除外]6号艇のwin_rate_rank_2to6が不利(-6.8pt)、4号艇のracer_avgfin_teが不利(-5.4pt)、天気+4.7pt
115,23,唐津,4,09:53,0.40051993552187226,2,0.4611975711288592,4,0.21394609021391223,0.27040849570900755,0.16358772992119391,0.5115559314215774,0.21732588135167782,0.3427527264227785,1-2,1-4,0.18471882145137478,0.06552014704020603,0.0856896742576328,0.061941094593586106,0.0026501909053139837,False,False,True,False,おは４戦,2026-10-10,1号艇のdominance,-0.242,1号艇のracer_win_te,-0.1407,1号艇のモーター2連率,0.0957,風速区分,0.0834,1号艇の級別順位,-0.0748,6号艇の体重,0.1099,2号艇のsession_exh_rel_avg,0.0784,2号艇のモーター2連率,0.0723,1号艇vs5号艇の直近複勝率差,0.0381,2号艇の全国勝率,0.0359,4号艇のモーター2連率,0.112,4号艇のwin_rate_rank_2to6,-0.0789,4号艇のsession_exh_rel_avg,0.0568,4号艇のclass_rank_2to6,0.0545,4号艇の年齢,-0.0514,0.0983,南 1.3m/s,[逃げ]1号艇のdominanceが不利(-24.2pt)、1号艇のracer_win_teが不利(-14.1pt) / [2着]6号艇の体重が有利(+11.0pt)、2号艇のsession_exh_rel_avgが有利(+7.8pt) / [候補2]4号艇のモーター2連率が有利(+11.2pt)、4号艇のwin_rate_rank_2to6が不利(-7.9pt) / [除外]6号艇のracer_win_teが不利(-16.2pt)、6号艇のvs_avg456_diffが不利(-12.5pt)、天気+9.8pt
116,08,常滑,3,11:11,0.5682623139214302,4,0.27908195184913875,5,0.25107980365008375,0.3012709459326357,0.23451131163160274,0.29565044386761974,0.2164892123080484,0.2995847953131309,1-4,1-5,0.13278158426872896,0.1332639405885242,0.15859175573150075,0.14267919020113495,0.0009458364830200735,True,True,False,False,一般,2026-10-10,1号艇の年齢,-0.1531,1号艇のdominance,0.1027,1号艇の節間得点,0.0692,ST差分(4-3),-0.0619,4号艇のsession_exh_rel_avg,-0.0598,4号艇のwin_rate_rank_2to6,0.1005,4号艇のsession_exh_rel_avg,0.0995,4号艇の年齢,-0.0973,4号艇の節間得点,0.089,4号艇のcumulative_diff_rank_2to6,0.0594,5号艇のwin_rate_rank_2to6,0.2408,5号艇のclass_rank_2to6,0.1461,1号艇の年齢,0.0485,5号艇のモーター2連率,-0.0447,5号艇のsession_exh_rel_avg,-0.0443,-0.0101,南西 2.5m/s,[逃げ]1号艇の年齢が不利(-15.3pt)、1号艇のdominanceが有利(+10.3pt) / [2着]4号艇のwin_rate_rank_2to6が有利(+10.1pt)、4号艇のsession_exh_rel_avgが有利(+9.9pt) / [候補2]5号艇のwin_rate_rank_2to6が有利(+24.1pt)、5号艇のclass_rank_2to6が有利(+14.6pt) / [除外]6号艇の全国勝率が不利(-15.1pt)、6号艇の直近平均着順が不利(-13.4pt)、天気-1.0pt
117,12,住之江,3,16:08,0.2806589440383181,3,0.42461396224254944,2,0.4209605912452875,0.23731806128756863,0.08911938962330639,0.7564551638645306,0.2119384923653272,0.3930591920606572,1-3,1-2,0.11814635502064845,0.1191717062669202,0.025012153785016613,0.009735776802280393,0.008592956868364615,True,False,False,False,予選,2026-10-10,1号艇のdominance,-0.4022,1号艇のvs_max234_diff,-0.1609,1号艇のracer_win_te,-0.1371,1号艇の年齢,-0.1343,1号艇の級別順位,-0.0902,3号艇のwin_rate_rank_2to6,0.1813,3号艇のモーター2連率,0.0812,3号艇の全国勝率,0.0647,1号艇のvs_max234_diff,-0.0595,3号艇のclass_rank_2to6,0.0433,2号艇のracer_avgfin_te,0.0765,2号艇のclass_rank_2to6,0.0622,2号艇の全国勝率,0.0503,2号艇のwin_rate_rank_2to6,0.05,3号艇の一般戦2連率,0.036,0.0416,西 1.6m/s,[逃げ]1号艇のdominanceが不利(-40.2pt)、1号艇のvs_max234_diffが不利(-16.1pt) / [2着]3号艇のwin_rate_rank_2to6が有利(+18.1pt)、3号艇のモーター2連率が有利(+8.1pt) / [候補2]2号艇のracer_avgfin_teが有利(+7.6pt)、2号艇のclass_rank_2to6が有利(+6.2pt) / [除外]5号艇のracer_avgfin_teが不利(-5.4pt)、天気+4.2pt
118,22,福岡,6,13:24,0.47853858772335034,3,0.32984647607998097,2,0.23222688527214014,0.2689737925383604,0.1889045328833352,0.37316882846878596,0.2080013501735787,0.30023230331748807,1-3,1-2,0.11112952570952245,0.15784426682883795,0.09039810838053042,0.08739042349410625,0.031776263310353256,True,True,False,False,予選,2026-10-10,1号艇のdominance,-0.1879,1号艇のracer_win_te,-0.12,1号艇の級別順位,-0.0988,1号艇のvs_max234_diff,0.0945,1号艇の全国勝率,-0.0792,3号艇のracer_avgfin_te,-0.0924,3号艇のwin_rate_rank_2to6,-0.0671,3号艇のモーター2連率,0.0656,3号艇の全国勝率,-0.0584,1号艇の体重,0.0554,2号艇のwin_rate_rank_2to6,-0.1487,2号艇の全国勝率,-0.0742,2号艇の直近平均着順,-0.0589,2号艇のclass_rank_2to6,-0.0491,2号艇のracer_avgfin_te,-0.0436,0.0718,北東 0.8m/s,[逃げ]1号艇のdominanceが不利(-18.8pt)、1号艇のracer_win_teが不利(-12.0pt) / [2着]3号艇のracer_avgfin_teが不利(-9.2pt)、3号艇のwin_rate_rank_2to6が不利(-6.7pt) / [候補2]2号艇のwin_rate_rank_2to6が不利(-14.9pt)、2号艇の全国勝率が不利(-7.4pt) / [除外]1号艇vs5号艇の枠別平均ST差が不利(-6.9pt)、天気+7.2pt
119,07,蒲郡,5,17:15,0.49228835794679415,3,0.28937326418471715,2,0.2797928936567212,0.2801938732426476,0.2217670821643824,0.347399075677056,0.20562853999141706,0.30035543397297015,1-3,1-2,0.1377387841834493,0.14245508905919826,0.1091733527253556,0.05446208632907375,0.04845903464621497,True,False,False,False,一般戦,2026-10-10,1号艇のdominance,-0.138,1号艇の全国勝率,-0.0712,1号艇vs3号艇のcumulative差,-0.0703,1号艇の級別順位,-0.0634,風速区分,0.0619,3号艇のwin_rate_rank_2to6,-0.1001,3号艇の当地勝率,0.0895,3号艇の全国勝率,-0.0738,3号艇のモーター2連率,0.0574,4号艇の枠別出走数,-0.0534,2号艇の全国勝率,0.0597,2号艇のsession_exh_rel_avg,0.0573,2号艇のclass_rank_2to6,-0.0566,2号艇のwin_rate_rank_2to6,-0.0432,2号艇の当地勝率,-0.0384,0.031,南東 1.6m/s,[逃げ]1号艇のdominanceが不利(-13.8pt)、1号艇の全国勝率が不利(-7.1pt) / [2着]3号艇のwin_rate_rank_2to6が不利(-10.0pt)、3号艇の当地勝率が有利(+9.0pt) / [候補2]2号艇の全国勝率が有利(+6.0pt)、2号艇のsession_exh_rel_avgが有利(+5.7pt)、天気+3.1pt
120,01,桐生,8,18:46,0.3806232424982006,3,0.44274401843637884,4,0.20342692812031699,0.24594768088654106,0.1563860749824878,0.489784871574208,0.19979232992867113,0.3190988380928411,1-3,1-4,0.05952417494140124,0.16851866389393763,0.07742901699260343,0.05614159130405178,0.019009803873799018,True,False,False,False,ドラドキ５,2026-10-10,場×風向,-0.0934,場特性:in_escape_diff,-0.0911,6号艇のモーター出走数,-0.0796,風速区分,0.0788,1号艇vs4号艇のcumulative差,-0.0731,3号艇のsession_exh_rel_avg,0.0991,6号艇のモーター出走数,0.0818,風向(度),0.057,3号艇のsession_exh_rel_last,0.0561,3号艇のwin_rate_rank_2to6,0.0536,4号艇のwin_rate_rank_2to6,-0.1341,4号艇のclass_rank_2to6,-0.0723,1号艇vs4号艇の枠別平均ST差,0.0633,4号艇の全国勝率,-0.0622,1号艇のモーター出走数,0.0558,0.0015,北 1.0m/s,[逃げ]場×風向が不利(-9.3pt)、場特性:in_escape_diffが不利(-9.1pt) / [2着]3号艇のsession_exh_rel_avgが有利(+9.9pt)、6号艇のモーター出走数が有利(+8.2pt) / [候補2]4号艇のwin_rate_rank_2to6が不利(-13.4pt)、4号艇のclass_rank_2to6が不利(-7.2pt) / [除外]6号艇のvs_avg456_diffが不利(-6.9pt)、2号艇のwin_rate_rank_2to6が不利(-6.3pt)、天気影響ほぼなし
121,15,丸亀,4,16:43,0.3825835647143268,3,0.43175037510794645,2,0.2094287926341991,0.24530461161535536,0.16121314828573496,0.4799660194564106,0.19784901714233027,0.3157030339676719,1-3,1-2,0.08012401403980944,0.1651805975755459,0.061677500949975844,0.05092681750945707,0.02467463749000818,True,False,False,False,予選,2026-10-10,1号艇のdominance,-0.2127,4号艇のモーター2連率,-0.1102,1号艇のvs_max234_diff,-0.1006,1号艇の級別順位,-0.0902,1号艇の全国勝率,-0.0781,3号艇のモーター2連率,0.1183,3号艇のwin_rate_rank_2to6,0.0831,3号艇のcumulative_diff_rank_2to6,0.0381,2号艇のvs_boat3_diff,0.0339,3号艇の全国勝率,0.032,2号艇のwin_rate_rank_2to6,-0.1657,2号艇の全国勝率,-0.071,2号艇の直近平均着順,-0.0563,4号艇のモーター2連率,0.0505,2号艇のsession_exh_rel_avg,0.0451,0.0444,北東 4.0m/s,[逃げ]1号艇のdominanceが不利(-21.3pt)、4号艇のモーター2連率が不利(-11.0pt) / [2着]3号艇のモーター2連率が有利(+11.8pt)、3号艇のwin_rate_rank_2to6が有利(+8.3pt) / [候補2]2号艇のwin_rate_rank_2to6が不利(-16.6pt)、2号艇の全国勝率が不利(-7.1pt)、天気+4.4pt
122,01,桐生,3,16:23,0.4255273482263695,2,0.32154277160419986,3,0.2950069333918777,0.2623587610167313,0.20926874978235277,0.40728095521372476,0.19647457312182917,0.3058354192758293,1-2,1-3,0.13682524294209236,0.12553351807463894,0.04796777121922525,0.08904957616153221,0.026151240621487215,True,False,False,False,予選,2026-10-10,1号艇のdominance,-0.2428,1号艇のsession_rank_diff_delta,0.1002,1号艇の級別順位,-0.0877,場特性:in_escape_diff,-0.0848,1号艇vs4号艇のcumulative差,0.0823,1号艇vs3号艇の直近複勝率差,0.1385,3号艇の女子戦2連率,0.0841,6号艇のsession_rank_diff_last,-0.0746,2号艇の節間得点,0.0611,3号艇のモーター出走数,0.0579,3号艇のsession_exh_rel_avg,-0.1021,6号艇のモーター出走数,0.0667,3号艇のwin_rate_rank_2to6,-0.0534,4号艇のモーター出走数,-0.0467,3号艇のclass_rank_2to6,0.0436,-0.0054,南東 1.4m/s,[逃げ]1号艇のdominanceが不利(-24.3pt)、1号艇のsession_rank_diff_deltaが有利(+10.0pt) / [2着]1号艇vs3号艇の直近複勝率差が有利(+13.8pt)、3号艇の女子戦2連率が有利(+8.4pt) / [候補2]3号艇のsession_exh_rel_avgが不利(-10.2pt)、6号艇のモーター出走数が有利(+6.7pt) / [除外]1号艇vs3号艇の直近複勝率差が不利(-7.3pt)、6号艇のwin_rate_rank_2to6が不利(-6.0pt)、天気-0.5pt
123,02,戸田,2,11:16,0.23367398327292982,3,0.5249650528984983,2,0.3587570154945855,0.2065028558276044,0.04887145578335341,0.8348506126097304,0.19439234160234642,0.3950071828622421,1-3,1-2,0.08383218083772799,0.1226706749898764,0.011419987741243054,0.008526352474299378,0.007224792888055252,True,True,False,False,予選,2026-10-10,場特性:in_escape_diff,-0.1554,1号艇のsession_exh_rel_avg,-0.1533,1号艇のdominance,-0.143,2号艇のsession_avg_finish,-0.0828,1号艇の級別順位,-0.067,3号艇のモーター2連率,0.1043,3号艇のsession_exh_rel_avg,0.0872,6号艇のsession_rank_diff_delta,-0.0668,5号艇の一般戦2連率,0.0629,6号艇のsession_rank_diff_last,0.0555,2号艇のwin_rate_rank_2to6,0.1774,2号艇のsession_exh_rel_avg,0.0602,2号艇のclass_rank_2to6,0.0592,3号艇の女子戦2連率,-0.0514,2号艇の一般戦勝率,-0.0378,0.0227,北東 1.7m/s,[逃げ]場特性:in_escape_diffが不利(-15.5pt)、1号艇のsession_exh_rel_avgが不利(-15.3pt) / [2着]3号艇のモーター2連率が有利(+10.4pt)、3号艇のsession_exh_rel_avgが有利(+8.7pt) / [候補2]2号艇のwin_rate_rank_2to6が有利(+17.7pt)、2号艇のsession_exh_rel_avgが有利(+6.0pt) / [除外]win_rate_range_1to6が不利(-5.0pt)、天気+2.3pt
124,03,江戸川,2,11:41,0.2763425161491152,3,0.5005375908744882,4,0.3230912917233817,0.2276036777901796,0.1316552223614551,0.6919736602364148,0.1916454224184783,0.36691467252405013,1-3,1-4,0.03638193541153576,0.13831981728947249,0.0892838605007071,0.0071816490365550715,0.005175261117037454,True,True,False,False,予選,2026-10-10,1号艇のdominance,-0.2283,1号艇のracer_win_te,-0.2064,1号艇のsession_exh_rel_avg,0.1205,3号艇のsession_exh_rel_avg,-0.1138,1号艇の年齢,-0.111,3号艇のwin_rate_rank_2to6,0.1825,3号艇のsession_exh_rel_avg,0.1169,3号艇の女子戦比率,-0.0611,1号艇の一般戦2連率,0.0413,3号艇のclass_rank_2to6,0.0401,4号艇のwin_rate_rank_2to6,0.1106,4号艇のsession_exh_rel_avg,0.0875,4号艇のclass_rank_2to6,-0.0758,4号艇のcumulative_diff_rank_2to6,0.0571,1号艇の枠別勝率,0.052,0.046,北 2.0m/s,[逃げ]1号艇のdominanceが不利(-22.8pt)、1号艇のracer_win_teが不利(-20.6pt) / [2着]3号艇のwin_rate_rank_2to6が有利(+18.2pt)、3号艇のsession_exh_rel_avgが有利(+11.7pt) / [候補2]4号艇のwin_rate_rank_2to6が有利(+11.1pt)、4号艇のsession_exh_rel_avgが有利(+8.7pt) / [除外]5号艇のracer_avgfin_teが不利(-7.2pt)、6号艇のwin_rate_rank_2to6が不利(-6.8pt)、天気+4.6pt
125,23,唐津,8,11:51,0.3719598734382549,4,0.44548159990461933,2,0.26392606847943567,0.2638711865482606,0.23090691280859255,0.47850075557546246,0.1907555692702617,0.32826005725642116,1-4,1-2,0.09816990702866708,0.08588810606430224,0.16570127951959351,0.019845838263995767,0.0023547355468000624,True,True,False,False,８っぴータイ,2026-10-10,1号艇のdominance,-0.1722,1号艇のracer_win_te,-0.1533,3号艇のsession_exh_rel_avg,-0.1355,4号艇のモーター2連率,-0.1272,3号艇のsession_rank_diff_last,-0.0783,4号艇のclass_rank_2to6,0.216,4号艇のwin_rate_rank_2to6,0.2068,4号艇のsession_exh_rel_avg,-0.1315,4号艇のモーター2連率,0.1064,4号艇のcumulative_diff_rank_2to6,-0.0665,2号艇のwin_rate_rank_2to6,-0.1356,2号艇の全国勝率,-0.0923,3号艇の全国勝率,-0.0762,2号艇のsession_exh_rel_avg,-0.0538,2号艇の当地勝率,-0.0381,0.0777,北西 0.6m/s,[逃げ]1号艇のdominanceが不利(-17.2pt)、1号艇のracer_win_teが不利(-15.3pt) / [2着]4号艇のclass_rank_2to6が有利(+21.6pt)、4号艇のwin_rate_rank_2to6が有利(+20.7pt) / [候補2]2号艇のwin_rate_rank_2to6が不利(-13.6pt)、2号艇の全国勝率が不利(-9.2pt) / [除外]6号艇のracer_win_teが不利(-17.0pt)、6号艇のwin_rate_rank_2to6が不利(-9.8pt)、天気+7.8pt
126,06,浜名湖,4,12:39,0.3496858473865261,3,0.3331774465577735,2,0.30999725702823144,0.22490909124104988,0.13659634617159364,0.5065783574144113,0.18804297913988868,0.3094098710930583,1-3,1-2,0.10840165351141584,0.11650743772963403,0.043396037509256864,0.03361491218066496,0.04776580906091698,True,True,False,False,予選,2026-10-10,1号艇のracer_win_te,-0.1849,1号艇のdominance,-0.1516,1号艇の級別順位,-0.0836,1号艇の全国勝率,-0.0734,1号艇の勝率順位,-0.0559,3号艇のモーター2連率,0.0941,3号艇のwin_rate_rank_2to6,0.0615,1号艇vs4号艇の枠別平均ST差,-0.0401,3号艇のcumulative_diff_rank_2to6,0.036,3号艇の全国勝率,0.0314,2号艇のclass_rank_2to6,0.0573,2号艇のsession_exh_rel_avg,0.0393,1号艇vs6号艇の直近複勝率差,-0.0373,2号艇のwin_rate_rank_2to6,-0.0344,avg_entry_count,-0.0282,-0.0286,南 3.0m/s,[逃げ]1号艇のracer_win_teが不利(-18.5pt)、1号艇のdominanceが不利(-15.2pt) / [2着]3号艇のモーター2連率が有利(+9.4pt)、3号艇のwin_rate_rank_2to6が有利(+6.2pt) / [候補2]2号艇のclass_rank_2to6が有利(+5.7pt)、2号艇のsession_exh_rel_avgが有利(+3.9pt)、天気-2.9pt
127,23,唐津,2,09:01,0.3472666400656965,3,0.4255021652759128,2,0.25689993795502597,0.23697548556277268,0.19255570398731775,0.489846399243621,0.1822183078224413,0.3128367596670272,1-3,1-2,0.08921277828672777,0.1477627072760449,0.06686817234916068,0.023504763833938694,0.019918214438817333,False,False,True,False,モー２ング戦,2026-10-10,2号艇のsession_exh_rel_avg,-0.2411,1号艇のsession_exh_rel_avg,-0.1241,1号艇の級別順位,0.092,5号艇のsession_exh_rel_avg,-0.0844,1号艇のdominance,-0.0785,3号艇のwin_rate_rank_2to6,0.2084,3号艇のsession_exh_rel_avg,0.0991,2号艇のsession_exh_rel_last,-0.0901,5号艇のsession_exh_rel_avg,-0.085,3号艇のcumulative_diff_rank_2to6,-0.046,2号艇のsession_exh_rel_avg,0.1637,2号艇の女子戦比率,-0.1481,2号艇の体重,-0.0636,3号艇の女子戦2連率,-0.0545,2号艇のclass_rank_2to6,-0.0406,-0.0005,南東 3.5m/s,[逃げ]2号艇のsession_exh_rel_avgが不利(-24.1pt)、1号艇のsession_exh_rel_avgが不利(-12.4pt) / [2着]3号艇のwin_rate_rank_2to6が有利(+20.8pt)、3号艇のsession_exh_rel_avgが有利(+9.9pt) / [候補2]2号艇のsession_exh_rel_avgが有利(+16.4pt)、2号艇の女子戦比率が不利(-14.8pt) / [除外]6号艇のwin_rate_rank_2to6が不利(-6.0pt)、5号艇のracer_avgfin_teが不利(-5.2pt)、天気影響ほぼなし
128,01,桐生,4,16:53,0.3176243440235683,2,0.5047173799077103,3,0.16725286025915256,0.21343410673635946,0.1561943751529279,0.5157758650139349,0.1734294584107487,0.3041366342196321,1-2,1-3,0.1603105267104806,0.05312358002587887,0.023880289401354067,0.030698814304220716,0.04961113594811986,True,False,False,False,予選,2026-10-10,1号艇のdominance,-0.2365,1号艇のracer_win_te,-0.1714,1号艇の節間得点,0.1113,場特性:in_escape_diff,-0.0904,1号艇の級別順位,-0.0902,2号艇のwin_rate_rank_2to6,0.2165,2号艇のclass_rank_2to6,0.1164,2号艇の当地勝率,0.0992,2号艇の全国勝率,0.05,3号艇のモーター出走数,0.0497,3号艇のsession_exh_rel_avg,-0.1597,6号艇のracer_2nd_te,-0.1021,3号艇の年齢,-0.0941,3号艇のsession_exh_rel_last,-0.0871,4号艇のモーター出走数,-0.0815,0.0272,南東 1.8m/s,[逃げ]1号艇のdominanceが不利(-23.6pt)、1号艇のracer_win_teが不利(-17.1pt) / [2着]2号艇のwin_rate_rank_2to6が有利(+21.6pt)、2号艇のclass_rank_2to6が有利(+11.6pt) / [候補2]3号艇のsession_exh_rel_avgが不利(-16.0pt)、6号艇のracer_2nd_teが不利(-10.2pt)、天気+2.7pt
129,15,丸亀,3,16:13,0.38597970082633926,2,0.36052554821038335,3,0.29169369941830214,0.2517433900729001,0.26311262809653146,0.389106619532154,0.1722591521112869,0.2929523589106762,1-2,1-3,0.13915554323849572,0.11258784683440438,0.10155613347633108,0.023754888176426032,0.0089252883817388,True,False,False,False,予選,2026-10-10,1号艇のdominance,-0.2148,6号艇の枠別出走数,-0.1524,1号艇のvs_max234_diff,-0.0927,1号艇の全国勝率,-0.0699,1号艇vs6号艇の枠別平均ST差,-0.0638,2号艇のwin_rate_rank_2to6,0.0683,2号艇の全国勝率,0.0425,2号艇のsession_exh_rel_avg,0.0415,2号艇のclass_rank_2to6,-0.0408,全艇平均勝率,0.0396,3号艇のモーター2連率,0.1342,3号艇のwin_rate_rank_2to6,-0.0725,3号艇の年齢,-0.0568,3号艇の全国勝率,-0.0499,1号艇の一般戦2連率,0.0401,0.004,北東 4.2m/s,[逃げ]1号艇のdominanceが不利(-21.5pt)、6号艇の枠別出走数が不利(-15.2pt) / [2着]2号艇のwin_rate_rank_2to6が有利(+6.8pt)、2号艇の全国勝率が有利(+4.2pt) / [候補2]3号艇のモーター2連率が有利(+13.4pt)、3号艇のwin_rate_rank_2to6が不利(-7.2pt) / [除外]ST差分(6-5)が不利(-6.1pt)、5号艇の平均STが不利(-5.2pt)、天気+0.4pt
130,15,丸亀,2,15:45,0.4374229983066483,2,0.2784975070918707,4,0.27411632320661755,0.24172599855488605,0.2411170089035254,0.3114968213949628,0.17178489885995962,0.2626572454069091,1-2,1-4,0.12182121457305314,0.1054701249773109,0.11990478398183294,0.07668174352094388,0.01354513736423619,True,False,False,False,予選,2026-10-10,1号艇のracer_win_te,-0.1342,1号艇の年齢,-0.0986,1号艇の全国勝率,-0.0756,1号艇のframe_dominance,-0.0715,1号艇のvs_max234_frame_diff,-0.0641,2号艇のsession_exh_rel_avg,0.0626,2号艇のモーター2連率,-0.0449,2号艇の全国勝率,0.0439,3号艇の枠別勝率,-0.0432,2号艇の当地勝率,-0.0359,4号艇のwin_rate_rank_2to6,0.1757,4号艇のclass_rank_2to6,-0.0671,3号艇の年齢,0.0652,6号艇のvs_avg456_diff,0.0464,4号艇のcumulative_diff_rank_2to6,0.0378,0.0503,北東 2.3m/s,[逃げ]1号艇のracer_win_teが不利(-13.4pt)、1号艇の年齢が不利(-9.9pt) / [2着]2号艇のsession_exh_rel_avgが有利(+6.3pt)、2号艇のモーター2連率が不利(-4.5pt) / [候補2]4号艇のwin_rate_rank_2to6が有利(+17.6pt)、4号艇のclass_rank_2to6が不利(-6.7pt) / [除外]6号艇のwin_rate_rank_2to6が不利(-6.9pt)、6号艇のvs_avg456_diffが不利(-5.4pt)、天気+5.0pt
131,03,江戸川,1,11:14,0.362181401898806,4,0.4206507617272878,2,0.2702511980110651,0.2502318403526691,0.26716138898083647,0.42374057075751653,0.1700090971096491,0.3022844594741233,1-4,1-2,0.09787995776047938,0.09676088639431157,0.1523518825921897,0.009843213117996243,0.005345460347290516,True,True,False,False,予選,2026-10-10,1号艇のracer_win_te,-0.3139,3号艇の女子戦勝率,0.1848,1号艇の年齢,-0.1784,1号艇の平均ST,0.1778,1号艇のsession_exh_rel_avg,-0.1362,4号艇のwin_rate_rank_2to6,0.205,4号艇のclass_rank_2to6,-0.0954,second_best_frame_win_rate,0.0895,全艇平均級別,-0.0794,1号艇の一般戦2連率,0.0782,1号艇vs6号艇の枠別平均ST差,-0.1242,2号艇のsession_exh_rel_avg,-0.1116,1号艇の枠別平均ST,-0.1036,2号艇のclass_rank_2to6,0.084,2号艇の全国勝率,-0.078,-0.0155,北 2.0m/s,[逃げ]1号艇のracer_win_teが不利(-31.4pt)、3号艇の女子戦勝率が有利(+18.5pt) / [2着]4号艇のwin_rate_rank_2to6が有利(+20.5pt)、4号艇のclass_rank_2to6が不利(-9.5pt) / [候補2]1号艇vs6号艇の枠別平均ST差が不利(-12.4pt)、2号艇のsession_exh_rel_avgが不利(-11.2pt) / [除外]6号艇の直近平均着順が不利(-23.1pt)、6号艇の全国勝率が不利(-20.5pt)、天気-1.6pt
132,18,徳山,8,12:10,0.37284448491509636,3,0.34300573300210346,2,0.2883518994058913,0.23539821125237356,0.23972535108738482,0.39163228132061,0.1676811086469924,0.2822684322728445,1-3,1-2,0.10751041540827921,0.12788779584409435,0.0390368518321046,0.08938027504726663,0.00902915546431371,True,True,False,False,予選,2026-10-10,1号艇のdominance,-0.3889,場特性:in_escape_diff,0.1821,1号艇の直近1着率,-0.09,1号艇の級別順位,-0.0896,1号艇の全国勝率,-0.0798,3号艇のwin_rate_rank_2to6,0.0665,場特性:1x_diff_course3,0.0541,3号艇のclass_rank_2to6,0.0368,3号艇の全国勝率,0.036,3号艇のcumulative_diff_rank_2to6,0.0316,2号艇の体重,-0.0651,2号艇のsession_exh_rel_avg,0.0521,2号艇のclass_rank_2to6,-0.0506,2号艇の全国勝率,0.0496,1号艇vs2号艇の枠別勝率差,0.0462,0.0835,北東 1.0m/s,[逃げ]1号艇のdominanceが不利(-38.9pt)、場特性:in_escape_diffが有利(+18.2pt) / [2着]3号艇のwin_rate_rank_2to6が有利(+6.7pt)、場特性:1x_diff_course3が有利(+5.4pt) / [候補2]2号艇の体重が不利(-6.5pt)、2号艇のsession_exh_rel_avgが有利(+5.2pt) / [除外]6号艇のwin_rate_rank_2to6が不利(-6.0pt)、4号艇のwin_rate_rank_2to6が不利(-5.7pt)、天気+8.3pt
133,12,住之江,8,18:25,0.3036280579104973,2,0.38322810255974327,3,0.2992377177680078,0.20721577161640944,0.1774071781984376,0.5050586421293135,0.16310189323159455,0.29656863277028067,1-2,1-3,0.11635880451693972,0.09085696709946971,0.0382883794653956,0.05386579697577312,0.004258107025162504,True,False,False,False,予選,2026-10-10,1号艇のracer_win_te,-0.2411,1号艇のdominance,-0.2226,1号艇の年齢,-0.118,1号艇の直近1着率,-0.1179,1号艇の級別順位,-0.1054,2号艇のclass_rank_2to6,0.0665,2号艇のsession_exh_rel_avg,0.0457,2号艇の全国勝率,0.0432,3号艇の女子戦2連率,-0.0292,2号艇のracer_avgfin_te,0.029,3号艇のwin_rate_rank_2to6,0.0638,3号艇の当地勝率,-0.0495,場特性:1x_diff_course3,0.0427,3号艇のcumulative_diff_rank_2to6,0.0346,3号艇の全国勝率,0.0335,0.0716,南西 1.1m/s,[逃げ]1号艇のracer_win_teが不利(-24.1pt)、1号艇のdominanceが不利(-22.3pt) / [2着]2号艇のclass_rank_2to6が有利(+6.6pt)、2号艇のsession_exh_rel_avgが有利(+4.6pt) / [候補2]3号艇のwin_rate_rank_2to6が有利(+6.4pt)、3号艇の当地勝率が不利(-4.9pt) / [除外]6号艇のwin_rate_rank_2to6が不利(-6.9pt)、6号艇のvs_avg456_diffが不利(-5.8pt)、天気+7.2pt
134,07,蒲郡,1,15:23,0.33948448515534346,4,0.3316906755593737,3,0.30707366795916047,0.21685058429498053,0.2551672770758454,0.38359706644268876,0.150450776542753,0.266874528939293,1-4,1-3,0.08662533168658425,0.10424674607187848,0.11260383822310205,0.028891288940123574,0.007117274226433375,True,False,False,False,一般戦,2026-10-10,1号艇のdominance,-0.3152,1号艇のracer_win_te,-0.1824,1号艇のvs_max234_diff,-0.1639,1号艇の全国勝率,-0.1101,1号艇の全国2連率,-0.1046,4号艇のclass_rank_2to6,-0.1166,3号艇の年齢,0.0949,4号艇のwin_rate_rank_2to6,0.0913,4号艇の節間得点,-0.0772,5号艇の年齢,0.0699,3号艇のwin_rate_rank_2to6,0.1584,3号艇のsession_exh_rel_avg,-0.1435,3号艇の節間得点,-0.1042,1号艇のvs_max234_diff,-0.0641,場特性:1x_diff_course3,0.0476,0.0395,南東 1.6m/s,[逃げ]1号艇のdominanceが不利(-31.5pt)、1号艇のracer_win_teが不利(-18.2pt) / [2着]4号艇のclass_rank_2to6が不利(-11.7pt)、3号艇の年齢が有利(+9.5pt) / [候補2]3号艇のwin_rate_rank_2to6が有利(+15.8pt)、3号艇のsession_exh_rel_avgが不利(-14.4pt) / [除外]6号艇のsession_exh_rel_avgが不利(-7.3pt)、6号艇のwin_rate_rank_2to6が不利(-7.0pt)、天気+3.9pt
135,06,浜名湖,3,11:57,0.26162144972555434,3,0.41225350436597147,4,0.31802817102347974,0.1910573506233949,0.1946300417938552,0.535651633595596,0.14643475045916937,0.2944356355150552,1-3,1-4,0.050919393694253634,0.1078543594666656,0.0832029911567293,0.010111124129301664,0.009533574456293227,True,True,False,False,予選,2026-10-10,1号艇のdominance,-0.163,1号艇のracer_win_te,-0.1611,1号艇の全国勝率,-0.0886,1号艇の級別順位,-0.077,ST差分(4-3),-0.0719,3号艇のwin_rate_rank_2to6,0.0754,3号艇のモーター2連率,0.0425,3号艇のcumulative_diff_rank_2to6,0.0376,3号艇のclass_rank_2to6,0.0338,2号艇のvs_boat3_diff,0.0321,4号艇のclass_rank_2to6,0.2161,4号艇のwin_rate_rank_2to6,0.188,4号艇の全国勝率,0.0593,1号艇の一般戦2連率,0.0474,4号艇のcumulative_diff_rank_2to6,0.0444,-0.0157,南 2.8m/s,[逃げ]1号艇のdominanceが不利(-16.3pt)、1号艇のracer_win_teが不利(-16.1pt) / [2着]3号艇のwin_rate_rank_2to6が有利(+7.5pt)、3号艇のモーター2連率が有利(+4.3pt) / [候補2]4号艇のclass_rank_2to6が有利(+21.6pt)、4号艇のwin_rate_rank_2to6が有利(+18.8pt) / [除外]6号艇のwin_rate_rank_2to6が不利(-6.0pt)、天気-1.6pt
136,16,児島,4,12:19,0.24793347256019427,4,0.4915181718758681,3,0.24386961052079253,0.18232724656794455,0.18905662043238347,0.5463311619642771,0.14096303890929157,0.2915284211868443,1-4,1-3,0.04687346441429541,0.06046343938832218,0.12186380717962239,0.007623975075113134,0.011108783501062635,True,True,False,False,コジマだ４っ,2026-10-10,1号艇のdominance,-0.2323,1号艇のracer_win_te,-0.2268,5号艇の枠別出走数,-0.1229,1号艇の年齢,-0.1114,1号艇の級別順位,-0.0931,4号艇のwin_rate_rank_2to6,0.1872,4号艇のclass_rank_2to6,0.1631,4号艇のsession_exh_rel_avg,0.0796,場特性:1x_diff_course4,0.0599,win_rate_gap_top2_2to6,-0.048,5号艇のsession_exh_rel_delta,0.1382,3号艇のwin_rate_rank_2to6,-0.1215,3号艇のsession_exh_rel_avg,0.071,3号艇のcumulative_diff_rank_2to6,-0.0554,3号艇の全国勝率,-0.0478,0.0849,南東 1.6m/s,[逃げ]1号艇のdominanceが不利(-23.2pt)、1号艇のracer_win_teが不利(-22.7pt) / [2着]4号艇のwin_rate_rank_2to6が有利(+18.7pt)、4号艇のclass_rank_2to6が有利(+16.3pt) / [候補2]5号艇のsession_exh_rel_deltaが有利(+13.8pt)、3号艇のwin_rate_rank_2to6が不利(-12.1pt) / [除外]6号艇のsession_exh_rel_avgが不利(-7.0pt)、天気+8.5pt
137,03,江戸川,5,13:02,0.16677145549611827,3,0.6536953432732415,2,0.23011929885983434,0.14739505425731397,0.09127622211919399,0.792538420013882,0.1312506578033205,0.3409380639842844,1-3,1-2,0.0383773304086008,0.10901772384871315,0.015222268415004967,0.003437312817798217,0.0007168183751619201,True,True,False,False,予選,2026-10-10,1号艇のdominance,-0.4245,1号艇のvs_max234_diff,-0.2954,1号艇のracer_win_te,-0.2239,1号艇のsession_exh_rel_avg,-0.1586,1号艇の女子戦比率,-0.1361,3号艇のwin_rate_rank_2to6,0.2278,3号艇の全国勝率,0.1468,win_rate_gap_top2_2to6,0.1221,3号艇のsession_exh_rel_avg,0.1125,3号艇のモーター2連率,0.1034,2号艇のsession_exh_rel_avg,0.1184,3号艇の全国2連率,0.0986,2号艇の全国勝率,-0.0802,2号艇の節間得点,0.0599,2号艇のwin_rate_rank_2to6,-0.0582,0.0157,北東 2.0m/s,[逃げ]1号艇のdominanceが不利(-42.4pt)、1号艇のvs_max234_diffが不利(-29.5pt) / [2着]3号艇のwin_rate_rank_2to6が有利(+22.8pt)、3号艇の全国勝率が有利(+14.7pt) / [候補2]2号艇のsession_exh_rel_avgが有利(+11.8pt)、3号艇の全国2連率が有利(+9.9pt) / [除外]6号艇のracer_win_teが不利(-16.8pt)、1号艇のsession_exh_rel_deltaが不利(-8.1pt)、天気+1.6pt
138,03,江戸川,4,12:35,0.26452557993364234,3,0.42330438506990054,4,0.2235900701371896,0.1711201309195131,0.20259922556372462,0.4442952296433655,0.12951756371632528,0.2530726605366688,1-3,1-4,0.05359267763635107,0.11197483794906929,0.059145292970443845,0.0391682425025875,0.0006445266271680132,True,True,False,False,予選,2026-10-10,1号艇のdominance,-0.373,1号艇のracer_win_te,-0.1934,1号艇のvs_max234_diff,-0.1531,場特性:in_escape_diff,-0.0921,1号艇の女子戦比率,-0.0889,3号艇のwin_rate_rank_2to6,0.1806,3号艇のsession_exh_rel_avg,-0.1238,3号艇のモーター2連率,0.0683,2号艇のracer_win_te,0.0561,3号艇のclass_rank_2to6,0.0559,4号艇のwin_rate_rank_2to6,0.1166,4号艇の節間得点,0.0941,4号艇のsession_exh_rel_avg,-0.0885,4号艇のclass_rank_2to6,-0.0715,4号艇のcumulative_diff_rank_2to6,0.0579,-0.0105,北東 2.0m/s,[逃げ]1号艇のdominanceが不利(-37.3pt)、1号艇のracer_win_teが不利(-19.3pt) / [2着]3号艇のwin_rate_rank_2to6が有利(+18.1pt)、3号艇のsession_exh_rel_avgが不利(-12.4pt) / [候補2]4号艇のwin_rate_rank_2to6が有利(+11.7pt)、4号艇の節間得点が有利(+9.4pt) / [除外]6号艇の直近平均着順が不利(-26.3pt)、6号艇の全国勝率が不利(-18.0pt)、天気-1.1pt
139,09,津,8,13:59,0.25968360351786524,2,0.3256140708088363,3,0.3000588351260308,0.16247699483666062,0.17305827111709365,0.4526146348177735,0.1287354094493805,0.24951828683099445,1-2,1-3,0.08455663526375995,0.07792035957290068,0.04494039546225858,0.038382426721175686,0.0138837835955799,True,True,False,False,トーナメント,2026-10-10,1号艇のdominance,-0.223,1号艇の年齢,-0.216,3号艇のracer_win_te,-0.1212,1号艇の級別順位,-0.1025,1号艇のvs_max234_frame_diff,-0.0653,2号艇のwin_rate_rank_2to6,-0.1379,3号艇のモーター出走数,0.0655,2号艇の全国勝率,0.0546,2号艇のsession_exh_rel_avg,0.0453,2号艇のclass_rank_2to6,-0.0383,4号艇のモーター出走数,-0.0872,6号艇の直近1着率,0.0789,3号艇のwin_rate_rank_2to6,0.0735,3号艇の全国勝率,0.0545,3号艇のracer_win_te,0.0456,0.0812,南東 0.6m/s,[逃げ]1号艇のdominanceが不利(-22.3pt)、1号艇の年齢が不利(-21.6pt) / [2着]2号艇のwin_rate_rank_2to6が不利(-13.8pt)、3号艇のモーター出走数が有利(+6.6pt) / [候補2]4号艇のモーター出走数が不利(-8.7pt)、6号艇の直近1着率が有利(+7.9pt) / [除外]3号艇のracer_avgfin_teが不利(-5.8pt)、6号艇のwin_rate_rank_2to6が不利(-5.4pt)、天気+8.1pt
140,12,住之江,4,16:33,0.24104797313246473,2,0.37637996733607304,3,0.34224462244707154,0.17322300081037592,0.23063928238469592,0.4879853073984487,0.12528056649106148,0.26765169278679773,1-2,1-3,0.0907256282540237,0.08249737255635224,0.05559513154355713,0.008237594268129807,0.0039922518982439,True,False,False,False,予選,2026-10-10,1号艇のdominance,-0.3304,1号艇のvs_max234_diff,-0.1458,3号艇のracer_win_te,-0.139,3号艇の枠別出走数,-0.1091,1号艇の級別順位,-0.092,3号艇の全国2連率,0.1111,2号艇の全国勝率,0.0563,1号艇vs3号艇の勝率差,0.0491,2号艇のclass_rank_2to6,0.0404,3号艇の枠別勝率,-0.0317,3号艇のwin_rate_rank_2to6,0.1646,1号艇vs3号艇のplace_rate差,-0.0847,3号艇のracer_win_te,0.0597,3号艇の当地勝率,0.0511,1号艇のvs_max234_diff,-0.0503,0.0502,西 1.8m/s,[逃げ]1号艇のdominanceが不利(-33.0pt)、1号艇のvs_max234_diffが不利(-14.6pt) / [2着]3号艇の全国2連率が有利(+11.1pt)、2号艇の全国勝率が有利(+5.6pt) / [候補2]3号艇のwin_rate_rank_2to6が有利(+16.5pt)、1号艇vs3号艇のplace_rate差が不利(-8.5pt) / [除外]6号艇のwin_rate_rank_2to6が不利(-7.1pt)、3号艇のracer_avgfin_teが不利(-5.4pt)、天気+5.0pt
141,16,児島,8,14:38,0.24042519954618052,2,0.42931551384150046,3,0.2429085602381197,0.1616196071503391,0.19100475541070605,0.4812193186689141,0.1245754709103492,0.2574995206059116,1-2,1-3,0.10321826808361377,0.05840133906672534,0.04592235643388841,0.02148919368590408,0.011394036902126946,True,True,False,False,予選,2026-10-10,2号艇のsession_exh_rel_avg,-0.1731,1号艇の平均ST,-0.1328,1号艇のdominance,-0.0939,4号艇の枠別出走数,-0.0929,1号艇の級別順位,-0.0859,2号艇のsession_exh_rel_avg,0.1239,2号艇のwin_rate_rank_2to6,0.0752,2号艇のclass_rank_2to6,0.0689,2号艇の一般戦勝率,-0.0563,2号艇のsession_exh_rel_last,0.0403,3号艇のモーター2連率,0.1335,3号艇のwin_rate_rank_2to6,-0.0921,4号艇のsession_exh_rel_delta,-0.0846,3号艇のcumulative_diff_rank_2to6,0.0549,6号艇のracer_2nd_te,-0.0391,0.0692,南東 1.6m/s,[逃げ]2号艇のsession_exh_rel_avgが不利(-17.3pt)、1号艇の平均STが不利(-13.3pt) / [2着]2号艇のsession_exh_rel_avgが有利(+12.4pt)、2号艇のwin_rate_rank_2to6が有利(+7.5pt) / [候補2]3号艇のモーター2連率が有利(+13.3pt)、3号艇のwin_rate_rank_2to6が不利(-9.2pt)、天気+6.9pt
142,03,江戸川,6,13:29,0.164707034224652,2,0.49942148678047416,3,0.33630612958508255,0.1376502171112086,0.10342064934779685,0.7323069670177599,0.1205671673074009,0.316047242083174,1-2,1-3,0.08225823191567815,0.05539198519553044,0.005939224206399653,0.004083481254077495,0.01703410843166331,True,True,False,False,予選,2026-10-10,1号艇のdominance,-0.4993,1号艇のvs_max234_diff,-0.3507,1号艇のracer_win_te,-0.2597,1号艇のsession_exh_rel_avg,0.157,節間得点の分散(2-6号艇),-0.1435,2号艇のwin_rate_rank_2to6,0.2279,2号艇の当地勝率,0.1074,2号艇のclass_rank_2to6,0.0923,1号艇vs6号艇の枠別平均ST差,0.0813,1号艇vs2号艇のplace_rate差,-0.0708,2号艇の全国勝率,-0.1165,3号艇のsession_exh_rel_avg,0.1087,6号艇のsession_exh_rel_avg,0.1009,3号艇の節間得点,0.0976,3号艇の当地勝率,0.0706,0.001,北東 1.8m/s,[逃げ]1号艇のdominanceが不利(-49.9pt)、1号艇のvs_max234_diffが不利(-35.1pt) / [2着]2号艇のwin_rate_rank_2to6が有利(+22.8pt)、2号艇の当地勝率が有利(+10.7pt) / [候補2]2号艇の全国勝率が不利(-11.6pt)、3号艇のsession_exh_rel_avgが有利(+10.9pt) / [除外]5号艇の直近平均着順が不利(-18.3pt)、6号艇のsession_exh_rel_avgが不利(-6.7pt)、天気影響ほぼなし
143,23,唐津,7,11:21,0.29250570916027296,3,0.32354428239507227,4,0.27748183942169447,0.17580357198586197,0.2652602840177175,0.3357658377990492,0.11984312546230319,0.22379225172981815,1-3,1-4,0.07759014748865788,0.09463854976672223,0.08116502221913972,0.03872677600026469,0.0003852050192172185,True,True,False,False,予選,2026-10-10,1号艇のdominance,-0.248,1号艇のsession_exh_rel_avg,-0.2272,1号艇のvs_max234_diff,-0.135,1号艇の全国2連率,-0.1031,1号艇の級別順位,-0.0927,3号艇のwin_rate_rank_2to6,-0.0534,4号艇の直近1着率,0.053,3号艇の全国勝率,-0.0526,3号艇の当地勝率,0.0431,3号艇の節間得点,0.0409,4号艇のwin_rate_rank_2to6,0.1452,4号艇のclass_rank_2to6,0.1162,4号艇のsession_exh_rel_avg,0.0628,4号艇の年齢,0.0374,4号艇の全国勝率,0.0355,0.0652,北 2.3m/s,[逃げ]1号艇のdominanceが不利(-24.8pt)、1号艇のsession_exh_rel_avgが不利(-22.7pt) / [2着]3号艇のwin_rate_rank_2to6が不利(-5.3pt)、4号艇の直近1着率が有利(+5.3pt) / [候補2]4号艇のwin_rate_rank_2to6が有利(+14.5pt)、4号艇のclass_rank_2to6が有利(+11.6pt) / [除外]6号艇の直近平均着順が不利(-25.9pt)、6号艇の全国勝率が不利(-15.4pt)、天気+6.5pt
144,07,蒲郡,6,17:44,0.24494468557174892,2,0.4241932411819427,3,0.21232904655944507,0.15591275163022453,0.21013815003999425,0.4263841377013935,0.11659689099595996,0.2370541674515752,1-2,1-3,0.10390388008297201,0.05200887154725251,0.036760042210592425,0.05147222308817539,0.0007996650498269795,True,False,False,False,一般戦,2026-10-10,1号艇のdominance,-0.2627,1号艇のracer_win_te,-0.2281,1号艇の年齢,-0.2227,6号艇の平均ST,0.0986,1号艇の級別順位,-0.0803,2号艇のclass_rank_2to6,0.0712,2号艇のsession_exh_rel_avg,0.055,2号艇の全国勝率,0.0514,1号艇の年齢,-0.0484,2号艇のwin_rate_rank_2to6,0.044,3号艇の年齢,-0.1226,3号艇の節間得点,-0.0664,場特性:1x_diff_course3,0.0664,3号艇のcumulative_diff_rank_2to6,-0.0596,3号艇のwin_rate_rank_2to6,-0.0595,0.0021,南東 1.6m/s,[逃げ]1号艇のdominanceが不利(-26.3pt)、1号艇のracer_win_teが不利(-22.8pt) / [2着]2号艇のclass_rank_2to6が有利(+7.1pt)、2号艇のsession_exh_rel_avgが有利(+5.5pt) / [候補2]3号艇の年齢が不利(-12.3pt)、3号艇の節間得点が不利(-6.6pt) / [除外]6号艇の直近平均着順が不利(-14.0pt)、6号艇の全国勝率が不利(-13.8pt)、天気影響ほぼなし
145,08,常滑,8,13:52,0.26982362595420595,3,0.30198920311236527,2,0.2536163765868712,0.14991551211483656,0.19538225432733233,0.36022332537190416,0.11476651525607665,0.21300785609195683,1-3,1-2,0.06843169033203697,0.08148382178279957,0.029128066973893807,0.05271874830970766,0.0380612975505966,True,True,False,False,一般,2026-10-10,1号艇のdominance,-0.4191,1号艇のvs_max234_diff,-0.1737,1号艇の年齢,-0.1586,1号艇のracer_win_te,-0.144,節間得点の分散(2-6号艇),-0.1158,1号艇のvs_max234_diff,-0.0685,3号艇の節間得点,-0.0674,3号艇の女子戦比率,-0.0628,3号艇のwin_rate_rank_2to6,0.0492,6号艇のracer_win_te,0.0469,2号艇のsession_exh_rel_avg,0.0683,2号艇の全国勝率,-0.0579,2号艇の節間得点,-0.0574,2号艇のclass_rank_2to6,-0.0561,2号艇のwin_rate_rank_2to6,-0.0533,-0.0523,南 5.0m/s,[逃げ]1号艇のdominanceが不利(-41.9pt)、1号艇のvs_max234_diffが不利(-17.4pt) / [2着]1号艇のvs_max234_diffが不利(-6.9pt)、3号艇の節間得点が不利(-6.7pt) / [候補2]2号艇のsession_exh_rel_avgが有利(+6.8pt)、2号艇の全国勝率が不利(-5.8pt)、天気-5.2pt
146,02,戸田,4,12:14,0.2368643841249236,3,0.42449181904780986,2,0.23651089286096674,0.15656800026117668,0.23113511455470853,0.42986759735406804,0.11314196505001421,0.23855787938904408,1-3,1-2,0.05602100697634868,0.100546993284828,0.0547476765586447,0.015138527317485155,0.010410177781645581,True,True,False,False,予選,2026-10-10,1号艇のdominance,-0.1537,場特性:in_escape_diff,-0.146,1号艇vs3号艇のcumulative差,-0.1023,1号艇のsession_avg_finish,-0.098,風速区分,0.0927,3号艇のwin_rate_rank_2to6,0.1722,3号艇のsession_exh_rel_avg,0.0837,3号艇の全国勝率,0.0461,3号艇のclass_rank_2to6,0.0441,3号艇の節間得点,0.0386,2号艇のwin_rate_rank_2to6,-0.1807,2号艇のsession_exh_rel_avg,-0.1057,2号艇のモーター2連率,0.0538,2号艇のsession_avg_finish,-0.0523,2号艇のclass_rank_2to6,-0.0465,0.0558,北東 1.6m/s,[逃げ]1号艇のdominanceが不利(-15.4pt)、場特性:in_escape_diffが不利(-14.6pt) / [2着]3号艇のwin_rate_rank_2to6が有利(+17.2pt)、3号艇のsession_exh_rel_avgが有利(+8.4pt) / [候補2]2号艇のwin_rate_rank_2to6が不利(-18.1pt)、2号艇のsession_exh_rel_avgが不利(-10.6pt) / [除外]6号艇のsession_exh_rel_avgが不利(-7.6pt)、天気+5.6pt
147,16,児島,3,11:49,0.2396097717726766,3,0.3683106374963552,2,0.25066494366132785,0.14831259773405228,0.2113955580092155,0.40758002314846753,0.11068944850470874,0.22609282535837685,1-3,1-2,0.0600617699421016,0.08825082779195069,0.05065244140834574,0.0308300513353548,0.009814683972771628,True,True,False,False,予選,2026-10-10,1号艇のdominance,-0.2337,1号艇のracer_win_te,-0.2042,4号艇の枠別出走数,-0.1509,6号艇の年齢,-0.1262,1号艇の年齢,-0.1041,3号艇のwin_rate_rank_2to6,0.1494,3号艇のsession_exh_rel_avg,0.1167,1号艇vs3号艇のplace_rate差,-0.0994,3号艇のモーター2連率,0.0962,3号艇の当地勝率,0.0626,2号艇のwin_rate_rank_2to6,0.0796,2号艇の節間得点,-0.0743,2号艇のsession_exh_rel_avg,-0.0662,2号艇のclass_rank_2to6,0.066,2号艇の全国勝率,0.0554,0.035,南東 1.6m/s,[逃げ]1号艇のdominanceが不利(-23.4pt)、1号艇のracer_win_teが不利(-20.4pt) / [2着]3号艇のwin_rate_rank_2to6が有利(+14.9pt)、3号艇のsession_exh_rel_avgが有利(+11.7pt) / [候補2]2号艇のwin_rate_rank_2to6が有利(+8.0pt)、2号艇の節間得点が不利(-7.4pt) / [除外]6号艇のwin_rate_rank_2to6が不利(-6.4pt)、天気+3.5pt
148,01,桐生,1,15:19,0.24094800740524927,3,0.3307938779752123,2,0.27050855439724264,0.14488262292807266,0.19803608687481067,0.4032663454976443,0.11045223768707159,0.22239773969894416,1-3,1-2,0.0651784971680901,0.07970412575998258,0.04595529961143634,0.04771640052681847,0.002393680860716852,True,False,False,False,予選,2026-10-10,1号艇のracer_win_te,-0.1972,1号艇のdominance,-0.1604,1号艇のsession_exh_rel_avg,0.1269,1号艇の直近1着率,-0.0892,6号艇の枠別出走数,-0.0845,3号艇のwin_rate_rank_2to6,0.183,3号艇のsession_exh_rel_avg,-0.1035,2号艇のsession_exh_rel_delta,0.0778,1号艇の体重,0.0714,6号艇のモーター出走数,0.0693,2号艇のsession_exh_rel_avg,0.0559,2号艇の当地勝率,-0.0519,2号艇の全国勝率,-0.0507,2号艇のracer_avgfin_te,-0.046,2号艇の直近平均着順,-0.0412,-0.0355,南西 0.9m/s,[逃げ]1号艇のracer_win_teが不利(-19.7pt)、1号艇のdominanceが不利(-16.0pt) / [2着]3号艇のwin_rate_rank_2to6が有利(+18.3pt)、3号艇のsession_exh_rel_avgが不利(-10.4pt) / [候補2]2号艇のsession_exh_rel_avgが有利(+5.6pt)、2号艇の当地勝率が不利(-5.2pt) / [除外]6号艇の全国勝率が不利(-13.5pt)、6号艇のvs_avg456_diffが不利(-11.8pt)、天気-3.5pt
149,07,蒲郡,8,18:39,0.24029326149866576,3,0.34851946482621404,4,0.241529415416232,0.14178476987709301,0.2185967207062195,0.37145215953622657,0.10459234698763081,0.21068498677483308,1-3,1-4,0.05252731897141041,0.0837468788988605,0.058037890978232504,0.03250931884627313,0.013471851565983819,True,False,False,False,一般戦,2026-10-10,1号艇のracer_win_te,-0.2249,1号艇の年齢,-0.1233,1号艇のdominance,-0.1017,1号艇の直近1着率,-0.0984,1号艇の級別順位,-0.085,3号艇のwin_rate_rank_2to6,-0.0902,4号艇のsession_exh_rel_delta,-0.0892,3号艇のモーター2連率,0.0645,3号艇のcumulative_diff_rank_2to6,0.0538,1号艇vs5号艇の直近複勝率差,-0.0513,4号艇のclass_rank_2to6,0.1228,3号艇の年齢,0.0872,場特性:1x_diff_course4,0.064,4号艇の節間得点,-0.0622,4号艇のsession_exh_rel_avg,0.0504,0.0165,南東 1.6m/s,[逃げ]1号艇のracer_win_teが不利(-22.5pt)、1号艇の年齢が不利(-12.3pt) / [2着]3号艇のwin_rate_rank_2to6が不利(-9.0pt)、4号艇のsession_exh_rel_deltaが不利(-8.9pt) / [候補2]4号艇のclass_rank_2to6が有利(+12.3pt)、3号艇の年齢が有利(+8.7pt) / [除外]6号艇のwin_rate_rank_2to6が不利(-5.8pt)、天気+1.6pt
150,01,桐生,2,15:50,0.16271730900318387,3,0.4304661874653167,2,0.3212080241745933,0.12231040496513587,0.1338755918220066,0.6177986198179034,0.10266115154429965,0.2709568694209661,1-3,1-2,0.052266105323919454,0.0700442996412164,0.02178387604248556,0.01104271226205949,0.007580313914995324,True,False,False,False,予選,2026-10-10,1号艇のdominance,-0.4204,1号艇のracer_win_te,-0.183,1号艇のvs_max234_diff,-0.161,1号艇の年齢,0.1273,5号艇の節間得点,-0.1102,3号艇のwin_rate_rank_2to6,0.1617,5号艇の節間得点,-0.0881,3号艇のsession_exh_rel_avg,0.0862,1号艇のvs_max234_diff,-0.0812,4号艇のモーター出走数,-0.0769,1号艇のsession_rank_diff_delta,-0.0745,3号艇のモーター出走数,0.0666,2号艇のclass_rank_2to6,0.0608,1号艇vs6号艇の直近複勝率差,-0.0539,2号艇のwin_rate_rank_2to6,0.0516,0.0043,南 1.1m/s,[逃げ]1号艇のdominanceが不利(-42.0pt)、1号艇のracer_win_teが不利(-18.3pt) / [2着]3号艇のwin_rate_rank_2to6が有利(+16.2pt)、5号艇の節間得点が不利(-8.8pt) / [候補2]1号艇のsession_rank_diff_deltaが不利(-7.4pt)、3号艇のモーター出走数が有利(+6.7pt) / [除外]6号艇のwin_rate_rank_2to6が不利(-5.5pt)、天気+0.4pt
151,23,唐津,6,10:52,0.13647258792133582,2,0.5256592795979503,3,0.21784906575223623,0.10146850803105024,0.21219395970584637,0.5313143856443401,0.07563130262558661,0.23042227131503717,1-2,1-3,0.07173808225159732,0.029730425779452927,0.02895865882233251,0.005246481096613477,0.0007989422591396093,False,False,True,False,予選,2026-10-10,1号艇のdominance,-0.3827,1号艇のracer_win_te,-0.2236,1号艇のsession_exh_rel_avg,-0.2092,4号艇のsession_exh_rel_avg,-0.165,1号艇のvs_max234_diff,-0.1464,2号艇のwin_rate_rank_2to6,0.1982,2号艇の当地勝率,0.1119,2号艇のclass_rank_2to6,0.1079,ST差分(6-5),0.0632,2号艇のracer_avgfin_te,0.0547,3号艇のwin_rate_rank_2to6,-0.0792,1号艇のvs_max234_diff,-0.0681,1号艇のsession_exh_rel_avg,0.0667,4号艇のsession_exh_rel_last,-0.0553,3号艇の全国勝率,0.0485,0.0817,北 1.6m/s,[逃げ]1号艇のdominanceが不利(-38.3pt)、1号艇のracer_win_teが不利(-22.4pt) / [2着]2号艇のwin_rate_rank_2to6が有利(+19.8pt)、2号艇の当地勝率が有利(+11.2pt) / [候補2]3号艇のwin_rate_rank_2to6が不利(-7.9pt)、1号艇のvs_max234_diffが不利(-6.8pt) / [除外]5号艇の直近平均着順が不利(-22.5pt)、ST差分(6-5)が不利(-9.2pt)、天気+8.2pt
152,03,江戸川,3,12:08,0.12033661494087541,3,0.395152349038944,2,0.35890187478688607,0.0907403327770696,0.1473641906561517,0.6066900331696784,0.07469408193759432,0.24552524289485222,1-3,1-2,0.043189036707787794,0.0475512960692818,0.017733307867063078,0.00579937058819962,0.006063603260254308,True,True,False,False,予選,2026-10-10,1号艇のdominance,-0.3337,1号艇の女子戦比率,-0.2773,1号艇のracer_win_te,-0.2257,1号艇の全国2連率,-0.1611,1号艇のvs_max234_diff,-0.1501,3号艇のsession_exh_rel_avg,0.0776,1号艇のvs_max234_diff,-0.0768,3号艇のwin_rate_rank_2to6,0.071,3号艇の女子戦比率,-0.061,4号艇のsession_exh_rel_delta,-0.0538,2号艇のwin_rate_rank_2to6,0.1706,1号艇vs2号艇のplace_rate差,-0.0819,2号艇の当地勝率,0.0677,2号艇の女子戦比率,-0.0578,2号艇のclass_rank_2to6,0.0555,0.0046,北東 2.0m/s,[逃げ]1号艇のdominanceが不利(-33.4pt)、1号艇の女子戦比率が不利(-27.7pt) / [2着]3号艇のsession_exh_rel_avgが有利(+7.8pt)、1号艇のvs_max234_diffが不利(-7.7pt) / [候補2]2号艇のwin_rate_rank_2to6が有利(+17.1pt)、1号艇vs2号艇のplace_rate差が不利(-8.2pt)、天気+0.5pt
153,06,浜名湖,7,14:11,0.13147849679293405,2,0.4751682216829881,3,0.16908885628768267,0.0847059521597919,0.15763636407159515,0.48662071389907563,0.06868266618336141,0.205280380681577,1-2,1-3,0.06247440351065093,0.02223154864914097,0.020725792188037006,0.007341857215653316,0.01870489767842967,True,True,False,False,予選,2026-10-10,1号艇のdominance,-0.4587,1号艇の女子戦比率,-0.2282,1号艇のvs_max234_diff,-0.2221,1号艇vs4号艇の枠別勝率差,-0.1297,1号艇の直近1着率,-0.1288,2号艇のwin_rate_rank_2to6,0.2251,2号艇の当地勝率,0.1209,2号艇のclass_rank_2to6,0.084,1号艇vs2号艇のplace_rate差,-0.0791,2号艇のracer_avgfin_te,0.0688,3号艇の年齢,-0.1876,3号艇のwin_rate_rank_2to6,-0.1418,1号艇のvs_max234_diff,-0.0873,2号艇の全国勝率,-0.0868,3号艇の一般戦2連率,0.0771,0.0276,南 1.8m/s,[逃げ]1号艇のdominanceが不利(-45.9pt)、1号艇の女子戦比率が不利(-22.8pt) / [2着]2号艇のwin_rate_rank_2to6が有利(+22.5pt)、2号艇の当地勝率が有利(+12.1pt) / [候補2]3号艇の年齢が不利(-18.8pt)、3号艇のwin_rate_rank_2to6が不利(-14.2pt) / [除外]1号艇vs6号艇の枠別勝率差が不利(-7.5pt)、5号艇のwin_rate_rank_2to6が不利(-5.1pt)、天気+2.8pt
154,16,児島,2,11:19,0.13074043619373138,2,0.36791670847068825,3,0.32912383102284054,0.09113138417809781,0.23391709166247182,0.463123447831057,0.06555075816275856,0.20272900327398555,1-2,1-3,0.04810159094841969,0.043029793229678114,0.03058242259712061,0.005156573241007542,0.0038700532552289526,True,True,False,False,予選,2026-10-10,1号艇のdominance,-0.397,1号艇のsession_exh_rel_avg,-0.2,1号艇のracer_win_te,-0.1768,1号艇のvs_max234_diff,-0.1725,1号艇vs2号艇のcumulative差,-0.1643,2号艇のsession_exh_rel_avg,0.1377,2号艇の節間得点,0.0708,2号艇のwin_rate_rank_2to6,-0.055,1号艇の直近複勝率,0.0465,4号艇のsession_rank_diff_last,0.0376,3号艇のwin_rate_rank_2to6,0.1769,3号艇のsession_exh_rel_avg,0.1223,1号艇のrecent_4to6_rate,-0.0735,1号艇のvs_max234_diff,-0.0525,3号艇のモーター2連率,0.0497,0.113,南東 1.6m/s,[逃げ]1号艇のdominanceが不利(-39.7pt)、1号艇のsession_exh_rel_avgが不利(-20.0pt) / [2着]2号艇のsession_exh_rel_avgが有利(+13.8pt)、2号艇の節間得点が有利(+7.1pt) / [候補2]3号艇のwin_rate_rank_2to6が有利(+17.7pt)、3号艇のsession_exh_rel_avgが有利(+12.2pt) / [除外]6号艇のwin_rate_rank_2to6が不利(-7.1pt)、1号艇vs3号艇の直近複勝率差が不利(-6.5pt)、天気+11.3pt
155,16,児島,10,15:36,0.08677367927329643,2,0.429835828315135,3,0.3493342657830798,0.06761145584462269,0.11971514709245398,0.6594549470057608,0.05789851738673393,0.24516450319296412,1-2,1-3,0.03729843630638924,0.030313019538233458,0.010388123777956108,0.005602078883049963,0.003172020040339089,True,False,False,False,予選特賞,2026-10-10,1号艇の年齢,-0.8328,1号艇のdominance,-0.3271,1号艇のracer_win_te,-0.2982,1号艇の全国2連率,-0.1473,1号艇のvs_max234_diff,-0.1449,1号艇vs2号艇のplace_rate差,-0.0897,2号艇のclass_rank_2to6,0.0833,1号艇の女子戦2連率,0.0705,2号艇のwin_rate_rank_2to6,0.0528,2号艇の全国勝率,0.0459,3号艇のwin_rate_rank_2to6,0.1288,3号艇のsession_exh_rel_avg,-0.0899,1号艇vs3号艇のplace_rate差,-0.0575,1号艇のvs_max234_diff,-0.0448,1号艇の年齢,0.0417,0.1452,南東 1.6m/s,[逃げ]1号艇の年齢が不利(-83.3pt)、1号艇のdominanceが不利(-32.7pt) / [2着]1号艇vs2号艇のplace_rate差が不利(-9.0pt)、2号艇のclass_rank_2to6が有利(+8.3pt) / [候補2]3号艇のwin_rate_rank_2to6が有利(+12.9pt)、3号艇のsession_exh_rel_avgが不利(-9.0pt) / [除外]4号艇の年齢が不利(-8.4pt)、6号艇のwin_rate_rank_2to6が不利(-7.6pt)、天気+14.5pt
156,16,児島,7,14:09,0.09778618850797086,2,0.36168310061438863,3,0.29774006761562255,0.06448247823506324,0.28342954152011657,0.37599362670989456,0.0425509911443694,0.15793582277751264,1-2,1-3,0.035367611856826,0.029114866378237254,0.027715494575813873,0.0038105136995106622,0.0017777008136667578,True,True,False,False,予選,2026-10-10,1号艇のdominance,-0.3745,1号艇のsession_exh_rel_avg,-0.1625,3号艇のracer_win_te,-0.1595,1号艇のvs_max234_diff,-0.1447,1号艇のracer_win_te,-0.1368,2号艇のsession_exh_rel_avg,0.0867,1号艇vs3号艇の直近複勝率差,0.0752,2号艇の節間得点,0.0466,3号艇の女子戦2連率,0.0386,2号艇の全国勝率,0.0385,3号艇のwin_rate_rank_2to6,0.2073,3号艇のsession_exh_rel_avg,0.1162,3号艇のモーター2連率,0.0878,1号艇vs3号艇のplace_rate差,-0.083,1号艇の体重,0.061,0.0602,南東 1.6m/s,[逃げ]1号艇のdominanceが不利(-37.5pt)、1号艇のsession_exh_rel_avgが不利(-16.2pt) / [2着]2号艇のsession_exh_rel_avgが有利(+8.7pt)、1号艇vs3号艇の直近複勝率差が有利(+7.5pt) / [候補2]3号艇のwin_rate_rank_2to6が有利(+20.7pt)、3号艇のsession_exh_rel_avgが有利(+11.6pt) / [除外]1号艇のsession_exh_rel_deltaが不利(-9.8pt)、6号艇のwin_rate_rank_2to6が不利(-7.6pt)、天気+6.0pt
