rank,venue_code,venue_name,race_no,closing_time,in_escape_prob,second_pred_1,second_pred_1_prob,second_pred_2,second_pred_2_prob,confidence_score,third_prob,top2_margin,adjusted_score,score_margin_blend,ticket_1,ticket_2,score_boat2,score_boat3,score_boat4,score_boat5,score_boat6,is_teppan,is_lunch,is_excluded,is_channel_target,race_grade,race_date,top_feat_1,top_feat_1_contrib,top_feat_2,top_feat_2_contrib,top_feat_3,top_feat_3_contrib,top_feat_4,top_feat_4_contrib,top_feat_5,top_feat_5_contrib,s2_top_feat_1,s2_top_feat_1_contrib,s2_top_feat_2,s2_top_feat_2_contrib,s2_top_feat_3,s2_top_feat_3_contrib,s2_top_feat_4,s2_top_feat_4_contrib,s2_top_feat_5,s2_top_feat_5_contrib,s2_top2_feat_1,s2_top2_feat_1_contrib,s2_top2_feat_2,s2_top2_feat_2_contrib,s2_top2_feat_3,s2_top2_feat_3_contrib,s2_top2_feat_4,s2_top2_feat_4_contrib,s2_top2_feat_5,s2_top2_feat_5_contrib,weather_contribution,wind_info,reason_text
1,12,住之江,11,19:58,0.8552553503332976,2,0.4216938414848214,3,0.382827170614594,0.6880709000535846,0.13100623437036923,0.6735147777290462,0.5799010069385636,0.683704063356223,1-2,1-3,0.360655914132495,0.32741498592108964,0.11204378287227623,0.043567937662955476,0.011572703459366956,True,False,False,False,準優勝戦,2026-09-22,1号艇のracer_win_te,0.1786,1号艇のdominance,0.171,1号艇のsession_exh_rel_avg,0.1536,風速区分,0.0996,1号艇の節間得点,0.0858,2号艇の当地勝率,0.1163,2号艇のclass_rank_2to6,0.0919,2号艇のwin_rate_rank_2to6,0.0766,2号艇の節間得点,0.0674,2号艇の全国勝率,0.0562,3号艇のwin_rate_rank_2to6,0.1783,3号艇のsession_exh_rel_avg,0.1124,3号艇のsession_rank_diff_last,0.0501,3号艇の節間得点,0.0487,3号艇の全国勝率,0.0483,0.0945,北 1.2m/s,[逃げ]1号艇のracer_win_teが有利(+17.9pt)、1号艇のdominanceが有利(+17.1pt) / [2着]2号艇の当地勝率が有利(+11.6pt)、2号艇のclass_rank_2to6が有利(+9.2pt) / [候補2]3号艇のwin_rate_rank_2to6が有利(+17.8pt)、3号艇のsession_exh_rel_avgが有利(+11.2pt) / [除外]6号艇のwin_rate_rank_2to6が不利(-6.2pt)、1号艇vs6号艇のcumulative差が不利(-5.5pt)、天気+9.4pt
2,12,住之江,9,19:05,0.8257629608248978,2,0.4287943349569371,3,0.37728787524050544,0.6656328325609178,0.10777551413340153,0.6983066960640409,0.5795461276569274,0.6754349916118547,1-2,1-3,0.3540824796189833,0.3115503529419344,0.08899702765522326,0.05514704702626178,0.015986072808787027,True,False,False,False,準優勝戦,2026-09-22,1号艇のsession_exh_rel_avg,0.1608,1号艇のdominance,0.1379,1号艇の節間得点,0.0987,1号艇のracer_win_te,0.0966,風速区分,0.0912,2号艇のwin_rate_rank_2to6,0.1558,2号艇のclass_rank_2to6,0.0908,2号艇のsession_exh_rel_avg,0.0539,2号艇の全国勝率,0.0533,場×風向,-0.0461,3号艇のsession_exh_rel_avg,0.0872,3号艇のwin_rate_rank_2to6,0.0819,場特性:1x_diff_course3,0.0769,風向(度),0.0565,3号艇の節間得点,0.0496,0.0657,北 1.9m/s,[逃げ]1号艇のsession_exh_rel_avgが有利(+16.1pt)、1号艇のdominanceが有利(+13.8pt) / [2着]2号艇のwin_rate_rank_2to6が有利(+15.6pt)、2号艇のclass_rank_2to6が有利(+9.1pt) / [候補2]3号艇のsession_exh_rel_avgが有利(+8.7pt)、3号艇のwin_rate_rank_2to6が有利(+8.2pt) / [除外]6号艇のwin_rate_rank_2to6が不利(-6.0pt)、天気+6.6pt
3,17,宮島,7,13:38,0.8218840819852506,2,0.511757881036366,3,0.31809803134665204,0.6820453647289494,0.1293681025876134,0.7004878097954046,0.5761634670725563,0.6875780982488859,1-2,1-3,0.42060565625429075,0.2614397084746586,0.10632558423339436,0.030421707354402777,0.003091449205759582,True,True,False,False,一般戦,2026-09-22,1号艇のdominance,0.3093,1号艇の女子戦比率,-0.1506,3号艇のsession_exh_rel_avg,-0.0972,1号艇の勝率順位,0.0828,風速区分,0.0787,2号艇のsession_exh_rel_avg,0.1026,3号艇のsession_exh_rel_last,0.0987,2号艇の全国勝率,-0.082,3号艇のracer_win_te,0.0685,2号艇のwin_rate_rank_2to6,-0.0574,3号艇のwin_rate_rank_2to6,0.1928,3号艇のsession_exh_rel_avg,0.1621,3号艇の当地勝率,-0.065,3号艇のracer_avgfin_te,-0.0598,3号艇の全国勝率,-0.0563,0.1071,北東 1.5m/s,[逃げ]1号艇のdominanceが有利(+30.9pt)、1号艇の女子戦比率が不利(-15.1pt) / [2着]2号艇のsession_exh_rel_avgが有利(+10.3pt)、3号艇のsession_exh_rel_lastが有利(+9.9pt) / [候補2]3号艇のwin_rate_rank_2to6が有利(+19.3pt)、3号艇のsession_exh_rel_avgが有利(+16.2pt) / [除外]6号艇の直近平均着順が不利(-14.2pt)、6号艇の全国勝率が不利(-12.8pt)、天気+10.7pt
4,18,徳山,4,10:02,0.765277694592904,2,0.49183262736795363,4,0.3532128304974165,0.6466944398214154,0.10754323934096088,0.7375022185244092,0.5632373019147957,0.6739367734323135,1-2,1-4,0.37638853919771836,0.08230044227190343,0.270305900623697,0.03446117367600132,0.0018216532561717749,False,False,True,False,ガチトク予選,2026-09-22,場特性:in_escape_diff,0.1772,1号艇のdominance,0.1534,1号艇vs6号艇の直近複勝率差,0.1043,1号艇の勝率順位,0.076,1号艇の級別順位,0.0744,2号艇のsession_exh_rel_avg,0.1353,2号艇のclass_rank_2to6,0.0908,2号艇のwin_rate_rank_2to6,0.0665,2号艇の全国勝率,0.0526,場特性:1x_diff_course2,0.0417,4号艇のwin_rate_rank_2to6,0.188,4号艇のclass_rank_2to6,-0.0668,1号艇vs6号艇の直近複勝率差,0.0654,4号艇の節間得点,0.057,4号艇のsession_exh_rel_avg,-0.0529,0.0188,南西 2.6m/s,[逃げ]場特性:in_escape_diffが有利(+17.7pt)、1号艇のdominanceが有利(+15.3pt) / [2着]2号艇のsession_exh_rel_avgが有利(+13.5pt)、2号艇のclass_rank_2to6が有利(+9.1pt) / [候補2]4号艇のwin_rate_rank_2to6が有利(+18.8pt)、4号艇のclass_rank_2to6が不利(-6.7pt) / [除外]6号艇のvs_avg456_diffが不利(-13.7pt)、6号艇の直近平均着順が不利(-11.4pt)、天気+1.9pt
5,22,福岡,1,11:47,0.840092008287644,2,0.4327074248492079,3,0.3483605430371289,0.6561689577507817,0.11914420287265143,0.6619237650136853,0.5623544848455873,0.6578953999296527,1-2,1-3,0.36351404954254585,0.2926549082082358,0.06732963507921025,0.10009209266711622,0.01650131261937931,True,True,False,False,カタメン１予,2026-09-22,1号艇のdominance,0.3603,1号艇のracer_win_te,0.159,1号艇のvs_max234_diff,0.1532,1号艇の勝率順位,0.0935,1号艇のlocal_win_rate順位,0.085,2号艇のsession_exh_rel_avg,0.0677,場特性:1x_diff_course2,0.0615,1号艇vs2号艇のplace_rate差,-0.0563,2号艇の直近平均着順,-0.051,second_best_win_rate,0.0325,6号艇の女子戦比率,0.1266,3号艇の当地勝率,-0.078,3号艇のwin_rate_rank_2to6,0.0672,4号艇の平均ST,0.0655,1号艇vs4号艇の枠別平均ST差,-0.0531,-0.0227,北東 4.3m/s,[逃げ]1号艇のdominanceが有利(+36.0pt)、1号艇のracer_win_teが有利(+15.9pt) / [2着]2号艇のsession_exh_rel_avgが有利(+6.8pt)、場特性:1x_diff_course2が有利(+6.1pt) / [候補2]6号艇の女子戦比率が有利(+12.7pt)、3号艇の当地勝率が不利(-7.8pt) / [除外]6号艇の女子戦比率が不利(-6.3pt)、6号艇のwin_rate_rank_2to6が不利(-5.9pt)、天気-2.3pt
6,12,住之江,4,16:32,0.7802121267761242,2,0.40042588058387524,3,0.3897951607588397,0.6165400392892431,0.07861682565951153,0.7116042156832033,0.55837553435215,0.6450592922074311,1-2,1-3,0.31241712790654763,0.30412291138269554,0.04915360282957796,0.06133780074819526,0.05318070280146615,True,False,False,False,一般戦,2026-09-22,1号艇のdominance,0.1316,1号艇vs4号艇の枠別平均ST差,0.0893,1号艇の級別順位,0.0767,1号艇のracer_win_te,0.0664,1号艇の年齢,-0.065,2号艇のclass_rank_2to6,0.0821,2号艇の全国勝率,0.0606,2号艇の節間得点,0.0606,1号艇の年齢,0.0571,2号艇のwin_rate_rank_2to6,-0.049,3号艇の女子戦勝率,0.0867,3号艇のwin_rate_rank_2to6,0.0694,6号艇のracer_2nd_te,-0.0664,場特性:1x_diff_course3,0.0461,3号艇の節間得点,0.0401,0.0341,北 2.8m/s,[逃げ]1号艇のdominanceが有利(+13.2pt)、1号艇vs4号艇の枠別平均ST差が有利(+8.9pt) / [2着]2号艇のclass_rank_2to6が有利(+8.2pt)、2号艇の全国勝率が有利(+6.1pt) / [候補2]3号艇の女子戦勝率が有利(+8.7pt)、3号艇のwin_rate_rank_2to6が有利(+6.9pt) / [除外]1号艇vs4号艇のlocal_win_rate差が不利(-7.8pt)、天気+3.4pt
7,17,宮島,6,13:09,0.7947054206493848,2,0.47303904391566115,3,0.31187844130147935,0.6237781802645449,0.10555167935335624,0.6793658058637844,0.544769178899461,0.6404544679443167,1-2,1-3,0.3759266923785783,0.2478514878859666,0.0637686141043897,0.023276130098929627,0.08388249174075796,True,True,False,False,一般戦,2026-09-22,1号艇のdominance,0.1993,1号艇の女子戦比率,-0.1457,1号艇のvs_max234_diff,0.1442,1号艇の勝率順位,0.0763,風速区分,0.0656,2号艇のsession_exh_rel_avg,0.1139,5号艇の女子戦比率,0.1067,2号艇のsession_avg_finish,0.0448,3号艇の枠別勝率,-0.0384,3号艇のモーター出走数,0.0361,6号艇の女子戦比率,0.0801,3号艇の当地勝率,-0.0587,3号艇のwin_rate_rank_2to6,0.0565,3号艇の節間得点,0.0517,3号艇のracer_2nd_te,-0.0495,0.0774,北東 1.3m/s,[逃げ]1号艇のdominanceが有利(+19.9pt)、1号艇の女子戦比率が不利(-14.6pt) / [2着]2号艇のsession_exh_rel_avgが有利(+11.4pt)、5号艇の女子戦比率が有利(+10.7pt) / [候補2]6号艇の女子戦比率が有利(+8.0pt)、3号艇の当地勝率が不利(-5.9pt) / [除外]5号艇の女子戦比率が不利(-15.0pt)、1号艇vs5号艇の直近複勝率差が不利(-7.5pt)、天気+7.7pt
8,12,住之江,10,19:33,0.8047846510741302,2,0.41470238044262836,3,0.35090576560341724,0.6161496846751785,0.1109343860432698,0.6546737600027758,0.5341270602989443,0.6277069072734577,1-2,1-3,0.3337461105441319,0.28240357413104666,0.08927829116395575,0.08590878859164937,0.013447891889945385,True,False,False,False,準優勝戦,2026-09-22,1号艇のsession_exh_rel_avg,0.1166,1号艇のracer_win_te,0.1158,1号艇の節間得点,0.0902,5号艇の節間得点,-0.0849,1号艇の級別順位,0.0843,2号艇のwin_rate_rank_2to6,0.1779,2号艇のsession_exh_rel_avg,0.0829,2号艇のclass_rank_2to6,0.073,2号艇の節間得点,0.0576,2号艇の全国勝率,0.0526,3号艇のsession_exh_rel_avg,0.1287,3号艇のwin_rate_rank_2to6,0.0744,場特性:1x_diff_course3,0.0685,1号艇のsession_rank_diff_last,0.0548,5号艇の節間得点,-0.0523,0.1107,北 1.5m/s,[逃げ]1号艇のsession_exh_rel_avgが有利(+11.7pt)、1号艇のracer_win_teが有利(+11.6pt) / [2着]2号艇のwin_rate_rank_2to6が有利(+17.8pt)、2号艇のsession_exh_rel_avgが有利(+8.3pt) / [候補2]3号艇のsession_exh_rel_avgが有利(+12.9pt)、3号艇のwin_rate_rank_2to6が有利(+7.4pt) / [除外]6号艇のwin_rate_rank_2to6が不利(-6.7pt)、天気+11.1pt
9,10,三国,1,08:32,0.8142393128866933,4,0.4037036842166096,2,0.35211117472142806,0.6154141714112608,0.11511663314874912,0.6406982257892886,0.530400882525391,0.6229993877246691,1-4,1-2,0.286702760964902,0.09017514870319604,0.3287114104463588,0.09373248827686702,0.01491750297873049,False,False,True,False,みくにあさイ,2026-09-22,1号艇のdominance,0.3283,1号艇のsession_exh_rel_avg,0.15,風速区分,-0.145,ST差分(6-5),0.1135,1号艇の勝率順位,0.09,4号艇のwin_rate_rank_2to6,0.1854,4号艇のsession_exh_rel_avg,-0.1318,4号艇のclass_rank_2to6,-0.0849,4号艇の年齢,0.0723,4号艇の節間得点,0.068,2号艇のsession_exh_rel_avg,0.1228,2号艇のsession_avg_finish,-0.09,3号艇の全国勝率,-0.0896,2号艇の全国勝率,-0.0851,3号艇のracer_2nd_te,0.0695,-0.0917,北 10.7m/s,[逃げ]1号艇のdominanceが有利(+32.8pt)、1号艇のsession_exh_rel_avgが有利(+15.0pt) / [2着]4号艇のwin_rate_rank_2to6が有利(+18.5pt)、4号艇のsession_exh_rel_avgが不利(-13.2pt) / [候補2]2号艇のsession_exh_rel_avgが有利(+12.3pt)、2号艇のsession_avg_finishが不利(-9.0pt) / [除外]ST差分(6-5)が不利(-9.5pt)、win_rate_range_1to6が不利(-8.1pt)、天気-9.2pt
10,22,福岡,8,15:14,0.8378890236293048,3,0.3967760545839274,2,0.3513623776717335,0.6268569805422546,0.13139032771462072,0.6167481045410401,0.5280214476178812,0.6238243177418902,1-3,1-2,0.2944026795674399,0.3324543009748147,0.11009051340313795,0.07678404362147111,0.024157470455542,True,False,False,False,予選,2026-09-22,1号艇のdominance,0.3161,1号艇のracer_win_te,0.1772,1号艇の年齢,-0.1205,1号艇のvs_max234_diff,0.112,1号艇の勝率順位,0.0922,3号艇のwin_rate_rank_2to6,-0.0534,5号艇の年齢,0.0505,場特性:1x_diff_course3,0.0473,3号艇の全国勝率,0.043,3号艇のcumulative_diff_rank_2to6,0.0368,2号艇のwin_rate_rank_2to6,-0.127,4号艇の女子戦比率,0.0975,2号艇のsession_exh_rel_avg,0.0554,2号艇のclass_rank_2to6,-0.054,場特性:1x_diff_course2,0.0459,-0.0191,北東 5.4m/s,[逃げ]1号艇のdominanceが有利(+31.6pt)、1号艇のracer_win_teが有利(+17.7pt) / [2着]3号艇のwin_rate_rank_2to6が不利(-5.3pt)、5号艇の年齢が有利(+5.1pt) / [候補2]2号艇のwin_rate_rank_2to6が不利(-12.7pt)、4号艇の女子戦比率が有利(+9.8pt)、天気-1.9pt
11,06,浜名湖,8,14:54,0.7419532802120733,4,0.5523663097778142,3,0.24991341307703335,0.5952540720197872,0.12046983397076313,0.6818098888840843,0.5092018809478139,0.6212208170790763,1-4,1-3,0.08938298848121157,0.18542407660149976,0.40982999541828746,0.039963714206977176,0.017352510341082254,True,True,False,False,ブレイクタイ,2026-09-22,1号艇のdominance,0.1565,1号艇の節間得点,0.0717,風速区分,0.0662,1号艇vs6号艇のcumulative差,0.0659,場特性:in_escape_diff,-0.0608,4号艇のclass_rank_2to6,0.2697,4号艇のwin_rate_rank_2to6,0.2556,4号艇の節間得点,0.137,1号艇vs2号艇のcumulative差,0.0775,4号艇のcumulative_diff_rank_2to6,0.0746,1号艇vs3号艇のcumulative差,-0.0792,3号艇のsession_exh_rel_avg,0.0783,3号艇の当地勝率,-0.0601,3号艇の年齢,-0.057,3号艇の節間得点,-0.0549,-0.0185,東 1.3m/s,[逃げ]1号艇のdominanceが有利(+15.7pt)、1号艇の節間得点が有利(+7.2pt) / [2着]4号艇のclass_rank_2to6が有利(+27.0pt)、4号艇のwin_rate_rank_2to6が有利(+25.6pt) / [候補2]1号艇vs3号艇のcumulative差が不利(-7.9pt)、3号艇のsession_exh_rel_avgが有利(+7.8pt) / [除外]5号艇のracer_win_teが不利(-8.3pt)、1号艇vs6号艇のcumulative差が不利(-5.2pt)、天気-1.9pt
12,22,福岡,11,16:50,0.7681055595266756,2,0.3988950577856397,3,0.3598257777496884,0.58277769190341,0.11960723023018671,0.6391136053051414,0.49913238122120046,0.5996784659239294,1-2,1-3,0.3063935115528644,0.2763841803505456,0.09187097849939348,0.03710097828995779,0.05635589795754143,True,False,False,False,予選特選,2026-09-22,1号艇のracer_win_te,0.1071,1号艇の級別順位,0.0902,レース時間帯,0.0745,1号艇の全国勝率,0.06,1号艇のモーター2連率順位,0.0598,2号艇のwin_rate_rank_2to6,-0.0939,2号艇のsession_exh_rel_avg,0.0675,場特性:1x_diff_course2,0.0577,2号艇の全国勝率,0.0525,6号艇の直近複勝率,0.0346,3号艇のwin_rate_rank_2to6,0.0805,場特性:1x_diff_course3,0.0519,3号艇のcumulative_diff_rank_2to6,0.0462,3号艇の全国勝率,0.0296,3号艇のracer_avgfin_te,0.0294,0.1294,北東 3.0m/s,[逃げ]1号艇のracer_win_teが有利(+10.7pt)、1号艇の級別順位が有利(+9.0pt) / [2着]2号艇のwin_rate_rank_2to6が不利(-9.4pt)、2号艇のsession_exh_rel_avgが有利(+6.7pt) / [候補2]3号艇のwin_rate_rank_2to6が有利(+8.1pt)、場特性:1x_diff_course3が有利(+5.2pt)、天気+12.9pt
13,03,江戸川,6,13:29,0.709118461099561,2,0.5274708606458052,3,0.24335781990689795,0.546608847724938,0.08667668180088997,0.6841519987518132,0.4897549583283713,0.5878717930330005,1-2,1-3,0.37403932497601433,0.1725695227489236,0.06146403521186342,0.06071299315441762,0.04033256915830928,True,True,False,False,予選,2026-09-22,1号艇のsession_exh_rel_avg,-0.172,場特性:in_escape_diff,-0.1526,1号艇のdominance,0.1385,1号艇の節間得点,0.0897,1号艇のracer_win_te,0.0812,2号艇のwin_rate_rank_2to6,0.2649,2号艇のclass_rank_2to6,0.1408,2号艇の当地勝率,0.1272,2号艇の全国勝率,0.0625,ST差分(3-2),-0.0583,3号艇のwin_rate_rank_2to6,-0.1139,3号艇のsession_exh_rel_avg,0.085,3号艇のracer_avgfin_te,-0.0707,3号艇の全国勝率,-0.0524,3号艇の節間得点,-0.0426,0.0508,南東 1.2m/s,[逃げ]1号艇のsession_exh_rel_avgが不利(-17.2pt)、場特性:in_escape_diffが不利(-15.3pt) / [2着]2号艇のwin_rate_rank_2to6が有利(+26.5pt)、2号艇のclass_rank_2to6が有利(+14.1pt) / [候補2]3号艇のwin_rate_rank_2to6が不利(-11.4pt)、3号艇のsession_exh_rel_avgが有利(+8.5pt) / [除外]6号艇のwin_rate_rank_2to6が不利(-7.4pt)、4号艇のwin_rate_rank_2to6が不利(-5.8pt)、天気+5.1pt
14,01,桐生,7,18:14,0.675388538652949,3,0.5311271364188459,2,0.28413668967147576,0.5506198441197543,0.10122443487481075,0.714039391215511,0.4837364250575001,0.5996457082484812,1-3,1-2,0.1919026636149045,0.35871718050484985,0.06836582314606904,0.034748509193860994,0.021654360935255534,True,False,False,False,ドラドキ３男,2026-09-22,1号艇のdominance,0.1646,1号艇のracer_win_te,0.1511,場特性:in_escape_diff,-0.1371,1号艇の枠別出走数,-0.1222,6号艇のモーター出走数,-0.0849,3号艇のwin_rate_rank_2to6,0.2136,3号艇のsession_exh_rel_avg,0.0923,4号艇のモーター出走数,-0.0805,6号艇のモーター出走数,0.076,3号艇の全国勝率,0.0542,2号艇のsession_exh_rel_avg,-0.0868,2号艇のclass_rank_2to6,-0.0623,2号艇のwin_rate_rank_2to6,0.062,2号艇の節間得点,-0.0551,3号艇のモーター出走数,0.0502,0.0375,北 1.9m/s,[逃げ]1号艇のdominanceが有利(+16.5pt)、1号艇のracer_win_teが有利(+15.1pt) / [2着]3号艇のwin_rate_rank_2to6が有利(+21.4pt)、3号艇のsession_exh_rel_avgが有利(+9.2pt) / [候補2]2号艇のsession_exh_rel_avgが不利(-8.7pt)、2号艇のclass_rank_2to6が不利(-6.2pt) / [除外]6号艇のwin_rate_rank_2to6が不利(-7.9pt)、天気+3.7pt
15,09,津,5,12:26,0.7786442992122191,2,0.5756921797653445,3,0.18404297273018638,0.5915634454017711,0.16907464702823444,0.5906605054672964,0.4715413885304383,0.5912925634214287,1-2,1-3,0.4482594338753415,0.14330401152642952,0.1316490100498529,0.045544363243970376,0.009887488856068417,True,True,False,False,５ールドレー,2026-09-22,1号艇のdominance,0.3029,1号艇の勝率順位,0.0908,6号艇の枠別出走数,-0.0872,ST差分(6-5),0.0822,1号艇のracer_win_te,0.0682,2号艇のwin_rate_rank_2to6,0.1955,2号艇のclass_rank_2to6,0.098,3号艇のモーター出走数,0.0507,場特性:1x_diff_course2,0.0423,ST差分(3-2),-0.0398,3号艇のwin_rate_rank_2to6,-0.0821,3号艇のracer_avgfin_te,-0.0808,3号艇の全国勝率,-0.0572,3号艇のcumulative_diff_rank_2to6,0.0362,3号艇の当地勝率,-0.0326,-0.0121,北西 4.8m/s,[逃げ]1号艇のdominanceが有利(+30.3pt)、1号艇の勝率順位が有利(+9.1pt) / [2着]2号艇のwin_rate_rank_2to6が有利(+19.6pt)、2号艇のclass_rank_2to6が有利(+9.8pt) / [候補2]3号艇のwin_rate_rank_2to6が不利(-8.2pt)、3号艇のracer_avgfin_teが不利(-8.1pt) / [除外]6号艇の直近平均着順が不利(-10.4pt)、6号艇のwin_rate_rank_2to6が不利(-9.5pt)、天気-1.2pt
16,11,琵琶湖,11,15:38,0.8039946712117609,2,0.47170137100676707,4,0.266485246309872,0.5934981066824133,0.1779373159351555,0.5602493013814837,0.4667715545436151,0.5835234650921344,1-2,1-4,0.37924538869272256,0.14306065382158856,0.2142527179896907,0.05430871389671395,0.013127200554937105,True,False,False,False,予選特選,2026-09-22,1号艇のdominance,0.284,1号艇のracer_win_te,0.132,風速区分,0.1014,1号艇の勝率順位,0.082,1号艇の全国勝率,0.0802,2号艇の当地勝率,0.1198,2号艇のwin_rate_rank_2to6,0.0625,2号艇のsession_exh_rel_avg,0.0518,2号艇の全国勝率,0.0503,レース時間帯,-0.0335,4号艇のwin_rate_rank_2to6,0.1957,4号艇のclass_rank_2to6,0.1796,4号艇のcumulative_diff_rank_2to6,0.0525,4号艇の全国勝率,0.0469,win_rate_gap_top2_2to6,-0.0384,0.1545,北東 1.2m/s,[逃げ]1号艇のdominanceが有利(+28.4pt)、1号艇のracer_win_teが有利(+13.2pt) / [2着]2号艇の当地勝率が有利(+12.0pt)、2号艇のwin_rate_rank_2to6が有利(+6.3pt) / [候補2]4号艇のwin_rate_rank_2to6が有利(+19.6pt)、4号艇のclass_rank_2to6が有利(+18.0pt) / [除外]6号艇のwin_rate_rank_2to6が不利(-6.8pt)、4号艇の一般戦2連率が不利(-6.6pt)、天気+15.5pt
17,17,宮島,4,12:10,0.6372685315887957,2,0.464282199641156,4,0.38075776411058904,0.5385173768339238,0.113054644910577,0.731985318841168,0.4654591078545622,0.596557759436097,1-2,1-4,0.2958724356081356,0.07204616755145613,0.24264494122578814,0.018288495575791697,0.008416507058691,True,True,False,False,一般戦,2026-09-22,1号艇の節間得点,0.1066,5号艇の平均ST,0.1045,1号艇の女子戦比率,-0.1034,6号艇の枠別出走数,-0.0885,ST差分(6-5),0.0835,2号艇のclass_rank_2to6,0.0953,ST差分(6-5),-0.0779,3号艇のracer_2nd_te,0.0667,ST差分(3-2),-0.0623,2号艇のwin_rate_rank_2to6,0.0576,4号艇のwin_rate_rank_2to6,0.1851,4号艇のclass_rank_2to6,0.099,4号艇の節間得点,0.0827,2号艇のracer_avgfin_te,-0.0701,5号艇のracer_win_te,0.0673,0.0707,東 1.3m/s,[逃げ]1号艇の節間得点が有利(+10.7pt)、5号艇の平均STが有利(+10.4pt) / [2着]2号艇のclass_rank_2to6が有利(+9.5pt)、ST差分(6-5)が不利(-7.8pt) / [候補2]4号艇のwin_rate_rank_2to6が有利(+18.5pt)、4号艇のclass_rank_2to6が有利(+9.9pt) / [除外]5号艇のracer_win_teが不利(-13.7pt)、6号艇の全国勝率が不利(-13.5pt)、天気+7.1pt
18,17,宮島,11,16:04,0.7038800585232603,2,0.5363490614276388,3,0.21487464939245443,0.528771389536108,0.10226403106855583,0.6489596797515373,0.46388223696688724,0.5648278766007369,1-2,1-3,0.37752540874658214,0.15124598078952586,0.07198161217335959,0.06873313576977284,0.034393919732941064,True,False,False,False,準優勝戦,2026-09-22,4号艇のsession_exh_rel_last,-0.2668,1号艇の節間得点,0.1038,1号艇のracer_win_te,0.1024,1号艇の級別順位,0.0981,レース時間帯,0.084,2号艇のwin_rate_rank_2to6,0.2168,2号艇のclass_rank_2to6,0.0824,レース時間帯,-0.0756,2号艇の全国勝率,0.0583,2号艇のsession_exh_rel_avg,-0.0576,3号艇のwin_rate_rank_2to6,-0.133,3号艇の節間得点,0.0914,3号艇のsession_exh_rel_avg,0.0878,4号艇のsession_exh_rel_last,-0.077,4号艇のモーター出走数,-0.0679,0.1001,北 3.0m/s,[逃げ]4号艇のsession_exh_rel_lastが不利(-26.7pt)、1号艇の節間得点が有利(+10.4pt) / [2着]2号艇のwin_rate_rank_2to6が有利(+21.7pt)、2号艇のclass_rank_2to6が有利(+8.2pt) / [候補2]3号艇のwin_rate_rank_2to6が不利(-13.3pt)、3号艇の節間得点が有利(+9.1pt) / [除外]6号艇のsession_exh_rel_avgが不利(-7.8pt)、天気+10.0pt
19,03,江戸川,7,13:56,0.6087252450203563,2,0.7294406104745161,6,0.1049501698517075,0.5079147321968067,0.07441389643491919,0.7599768838913044,0.46255963506145126,0.583533377705156,1-2,1-6,0.44402891433889813,0.045297617340265606,0.028824817773204506,0.02668806523784911,0.06388581785790866,True,True,False,False,予選,2026-09-22,場特性:in_escape_diff,-0.1653,1号艇のdominance,0.1437,1号艇vs2号艇のcumulative差,-0.0793,1号艇の級別順位,0.0775,風速区分,0.0693,2号艇のwin_rate_rank_2to6,0.2253,2号艇のclass_rank_2to6,0.1182,3号艇のracer_2nd_te,0.0634,2号艇の全国勝率,0.0554,2号艇の節間得点,0.0529,6号艇のwin_rate_rank_2to6,0.167,6号艇のvs_avg456_diff,0.1432,5号艇のracer_2nd_te,0.127,場特性:1x_diff_course2,0.1066,3号艇の一般戦勝率,0.0981,0.0766,南東 1.8m/s,[逃げ]場特性:in_escape_diffが不利(-16.5pt)、1号艇のdominanceが有利(+14.4pt) / [2着]2号艇のwin_rate_rank_2to6が有利(+22.5pt)、2号艇のclass_rank_2to6が有利(+11.8pt) / [候補2]6号艇のwin_rate_rank_2to6が有利(+16.7pt)、6号艇のvs_avg456_diffが有利(+14.3pt) / [除外]5号艇のracer_avgfin_teが不利(-6.5pt)、4号艇のwin_rate_rank_2to6が不利(-5.7pt)、天気+7.7pt
20,12,住之江,1,15:16,0.7953618270222904,3,0.5202723718347411,2,0.19549680355618448,0.5692954790651648,0.1568150389504174,0.5589541364405082,0.46216656779648435,0.5661930762777678,1-3,1-2,0.1554906948534647,0.4138047842117001,0.0969997466828727,0.12472469588417562,0.004341887797539761,True,False,False,False,一般戦,2026-09-22,1号艇のdominance,0.1771,1号艇のsession_exh_rel_avg,0.1058,1号艇の勝率順位,0.0867,1号艇のlocal_win_rate順位,0.0755,1号艇の級別順位,0.0703,3号艇のsession_exh_rel_avg,0.0667,3号艇のwin_rate_rank_2to6,0.0598,4号艇の女子戦2連率,0.0577,3号艇の年齢,-0.0474,3号艇の当地勝率,-0.0435,2号艇のwin_rate_rank_2to6,-0.1522,2号艇の節間得点,-0.0523,1号艇vs2号艇のcumulative差,-0.0473,2号艇の全国勝率,-0.0408,ST差分(6-5),0.0368,0.0689,北 2.4m/s,[逃げ]1号艇のdominanceが有利(+17.7pt)、1号艇のsession_exh_rel_avgが有利(+10.6pt) / [2着]3号艇のsession_exh_rel_avgが有利(+6.7pt)、3号艇のwin_rate_rank_2to6が有利(+6.0pt) / [候補2]2号艇のwin_rate_rank_2to6が不利(-15.2pt)、2号艇の節間得点が不利(-5.2pt) / [除外]6号艇の直近平均着順が不利(-12.0pt)、6号艇のvs_avg456_diffが不利(-11.3pt)、天気+6.9pt
21,18,徳山,3,09:36,0.8337648079973304,4,0.48925020377882006,2,0.24486012935218698,0.6120753609518303,0.21364430630646725,0.5204660268245398,0.45515566187442913,0.5845925607136432,1-4,1-2,0.2041557587355277,0.1781291040273345,0.4079196022163027,0.036536768703540855,0.007023572761616685,False,False,True,False,決めトク特賞,2026-09-22,1号艇のdominance,0.2876,場特性:in_escape_diff,0.2276,1号艇のsession_exh_rel_avg,-0.1084,1号艇の勝率順位,0.0979,1号艇の全国勝率,0.0602,4号艇のwin_rate_rank_2to6,0.2308,4号艇のclass_rank_2to6,0.1946,4号艇のsession_exh_rel_avg,0.0842,5号艇の一般戦勝率,0.0668,4号艇のracer_win_te,0.0601,2号艇のsession_exh_rel_avg,-0.1461,2号艇のclass_rank_2to6,-0.0734,場特性:1x_diff_course2,0.0457,2号艇のwin_rate_rank_2to6,0.0429,1号艇vs2号艇のplace_rate差,-0.0415,0.0612,南西 3.0m/s,[逃げ]1号艇のdominanceが有利(+28.8pt)、場特性:in_escape_diffが有利(+22.8pt) / [2着]4号艇のwin_rate_rank_2to6が有利(+23.1pt)、4号艇のclass_rank_2to6が有利(+19.5pt) / [候補2]2号艇のsession_exh_rel_avgが不利(-14.6pt)、2号艇のclass_rank_2to6が不利(-7.3pt) / [除外]1号艇vs4号艇のlocal_win_rate差が不利(-7.6pt)、6号艇のwin_rate_rank_2to6が不利(-6.9pt)、天気+6.1pt
22,03,江戸川,9,14:52,0.6653521117486185,2,0.5050644513713711,3,0.31520581078149434,0.5457685511280019,0.14509622437343755,0.675174037779428,0.4507418037474806,0.5845901971234297,1-2,1-3,0.3360456992890992,0.20972285183890274,0.09654007929361805,0.01841019598003681,0.004633291233707382,True,True,False,False,予選特賞,2026-09-22,1号艇のdominance,0.2024,1号艇のracer_win_te,0.1595,場特性:in_escape_diff,-0.137,1号艇のsession_exh_rel_avg,-0.1096,節間得点の分散(2-6号艇),-0.0986,2号艇のwin_rate_rank_2to6,0.1635,2号艇のclass_rank_2to6,0.0762,2号艇のsession_exh_rel_avg,-0.0642,2号艇の節間得点,0.0561,2号艇の全国勝率,0.0558,3号艇のwin_rate_rank_2to6,-0.071,3号艇のモーター2連率,0.0471,5号艇の一般戦2連率,0.0467,5号艇の直近平均着順,0.0442,3号艇の当地勝率,-0.0423,0.0264,東 1.6m/s,[逃げ]1号艇のdominanceが有利(+20.2pt)、1号艇のracer_win_teが有利(+15.9pt) / [2着]2号艇のwin_rate_rank_2to6が有利(+16.3pt)、2号艇のclass_rank_2to6が有利(+7.6pt) / [候補2]3号艇のwin_rate_rank_2to6が不利(-7.1pt)、3号艇のモーター2連率が有利(+4.7pt) / [除外]5号艇の直近平均着順が不利(-22.0pt)、1号艇vs5号艇の勝率差が不利(-7.4pt)、天気+2.6pt
23,02,戸田,8,14:16,0.7737700761911367,2,0.5401798640855138,3,0.19852336668411877,0.5715864551552574,0.1776526491153249,0.5610505816543077,0.4497338376071342,0.5684256931049725,1-2,1-3,0.41797501459036585,0.15361144056489154,0.05651002122401379,0.13746230384152222,0.008211303176638702,True,True,False,False,予選,2026-09-22,1号艇のdominance,0.2711,場特性:in_escape_diff,-0.1586,1号艇のsession_exh_rel_avg,0.1202,1号艇のvs_max234_diff,0.1006,1号艇vs5号艇のcumulative差,0.0919,5号艇の直近平均着順,-0.1665,2号艇のsession_exh_rel_avg,0.1489,3号艇のracer_2nd_te,0.0767,2号艇のwin_rate_rank_2to6,0.0675,2号艇のモーター2連率,-0.0544,3号艇のsession_exh_rel_avg,0.1867,3号艇のwin_rate_rank_2to6,-0.1738,3号艇のモーター2連率,0.1588,3号艇の全国勝率,-0.0995,1号艇vs3号艇の勝率差,-0.0813,0.0355,南東 1.8m/s,[逃げ]1号艇のdominanceが有利(+27.1pt)、場特性:in_escape_diffが不利(-15.9pt) / [2着]5号艇の直近平均着順が不利(-16.6pt)、2号艇のsession_exh_rel_avgが有利(+14.9pt) / [候補2]3号艇のsession_exh_rel_avgが有利(+18.7pt)、3号艇のwin_rate_rank_2to6が不利(-17.4pt) / [除外]5号艇の直近平均着順が不利(-25.0pt)、win_rate_range_1to6が不利(-7.8pt)、天気+3.6pt
24,08,常滑,11,15:36,0.636327424859801,2,0.6297672293097096,3,0.16734312114352823,0.5072231766330023,0.09551851459874772,0.7015918358544901,0.4490841313505512,0.5655337743994486,1-2,1-3,0.4007381592877393,0.10648501734526303,0.05920638327051223,0.060781050421054444,0.009116818979927709,True,False,False,False,予選特選,2026-09-22,場特性:in_escape_diff,0.0909,1号艇の級別順位,0.0807,1号艇の年齢,-0.079,1号艇の勝率順位,-0.0747,1号艇の節間得点,-0.0689,2号艇のwin_rate_rank_2to6,0.1934,2号艇の当地勝率,0.1383,2号艇のclass_rank_2to6,0.095,2号艇の全国勝率,0.0615,ST差分(3-2),-0.0526,3号艇のwin_rate_rank_2to6,-0.1055,4号艇のモーター出走数,-0.0667,3号艇の全国勝率,-0.0666,3号艇のcumulative_diff_rank_2to6,0.0417,1号艇のracer_2nd_te,0.0402,0.0321,北 5.9m/s,[逃げ]場特性:in_escape_diffが有利(+9.1pt)、1号艇の級別順位が有利(+8.1pt) / [2着]2号艇のwin_rate_rank_2to6が有利(+19.3pt)、2号艇の当地勝率が有利(+13.8pt) / [候補2]3号艇のwin_rate_rank_2to6が不利(-10.6pt)、4号艇のモーター出走数が不利(-6.7pt) / [除外]4号艇の女子戦2連率が不利(-13.8pt)、6号艇のwin_rate_rank_2to6が不利(-6.8pt)、天気+3.2pt
25,17,宮島,8,14:07,0.8146843052857317,2,0.39175531296810606,3,0.31772917437792136,0.5780058766845019,0.1868882274252812,0.5225962599207462,0.44837888420254723,0.5613829916553752,1-2,1-3,0.3191569049874159,0.258848971697086,0.15225490572604702,0.07001025553726521,0.014413261268046484,True,True,False,False,一般戦,2026-09-22,1号艇のdominance,0.2986,1号艇の女子戦比率,-0.2346,1号艇vs6号艇のcumulative差,0.0887,1号艇のvs_max234_diff,0.081,1号艇の勝率順位,0.0749,2号艇のwin_rate_rank_2to6,0.0927,2号艇の全国勝率,-0.0868,2号艇の節間得点,-0.0793,2号艇のclass_rank_2to6,-0.0627,2号艇のsession_avg_finish,-0.0474,3号艇のwin_rate_rank_2to6,0.1507,3号艇の節間得点,-0.0883,3号艇のsession_exh_rel_avg,-0.0862,3号艇の当地勝率,-0.078,1号艇vs3号艇のcumulative差,-0.0725,0.0785,北東 3.0m/s,[逃げ]1号艇のdominanceが有利(+29.9pt)、1号艇の女子戦比率が不利(-23.5pt) / [2着]2号艇のwin_rate_rank_2to6が有利(+9.3pt)、2号艇の全国勝率が不利(-8.7pt) / [候補2]3号艇のwin_rate_rank_2to6が有利(+15.1pt)、3号艇の節間得点が不利(-8.8pt) / [除外]6号艇のracer_win_teが不利(-17.3pt)、6号艇の直近平均着順が不利(-11.9pt)、天気+7.8pt
26,20,若松,12,20:40,0.7864207822205876,2,0.46657647631809696,3,0.22942601780404345,0.5473508258550136,0.15600069330476002,0.5400018008173804,0.4448862958778355,0.5451461183437236,1-2,1-3,0.3669254374718033,0.18042538838321032,0.12268218725568336,0.07491955112314082,0.04146821798674983,False,False,False,False,ドリーム戦,2026-09-22,1号艇のracer_win_te,0.1832,race_no,0.1387,1号艇のdominance,0.1153,レース時間帯,0.0833,1号艇の級別順位,0.0776,2号艇のwin_rate_rank_2to6,0.1494,2号艇の当地勝率,0.0832,2号艇の直近平均着順,0.0807,4号艇の女子戦比率,0.0521,2号艇の全国勝率,0.0503,3号艇のwin_rate_rank_2to6,0.0845,3号艇のracer_avgfin_te,0.0618,6号艇のracer_2nd_te,-0.0567,6号艇の直近1着率,0.0559,3号艇の全国勝率,0.0454,0.1348,北東 2.3m/s,[逃げ]1号艇のracer_win_teが有利(+18.3pt)、race_noが有利(+13.9pt) / [2着]2号艇のwin_rate_rank_2to6が有利(+14.9pt)、2号艇の当地勝率が有利(+8.3pt) / [候補2]3号艇のwin_rate_rank_2to6が有利(+8.4pt)、3号艇のracer_avgfin_teが有利(+6.2pt) / [除外]6号艇のwin_rate_rank_2to6が不利(-6.0pt)、天気+13.5pt
27,06,浜名湖,4,12:47,0.8487471702047533,3,0.36840024787619846,2,0.30707159451702165,0.5733048147842367,0.19024646114752303,0.4852253812456971,0.44242176017839213,0.5468809847226748,1-3,1-2,0.2606261468965836,0.31267866788765314,0.1614711455404287,0.06701855508991973,0.046952664275656995,True,True,False,False,ランチタイム,2026-09-22,1号艇のdominance,0.3303,1号艇のvs_max234_diff,0.1389,1号艇のsession_exh_rel_avg,0.0946,1号艇のlocal_win_rate順位,0.0916,風速区分,0.0872,3号艇のsession_exh_rel_avg,-0.183,3号艇のwin_rate_rank_2to6,0.1602,3号艇の節間得点,-0.1209,3号艇のsession_exh_rel_last,-0.0756,1号艇のracer_2nd_te,0.0518,2号艇のsession_exh_rel_avg,0.2129,2号艇の節間得点,-0.094,2号艇の全国勝率,-0.0678,second_best_win_rate,0.0599,2号艇のclass_rank_2to6,-0.0528,0.0386,南西 1.0m/s,[逃げ]1号艇のdominanceが有利(+33.0pt)、1号艇のvs_max234_diffが有利(+13.9pt) / [2着]3号艇のsession_exh_rel_avgが不利(-18.3pt)、3号艇のwin_rate_rank_2to6が有利(+16.0pt) / [候補2]2号艇のsession_exh_rel_avgが有利(+21.3pt)、2号艇の節間得点が不利(-9.4pt) / [除外]1号艇vs6号艇のcumulative差が不利(-5.7pt)、天気+3.9pt
28,12,住之江,7,18:04,0.7907437570780422,3,0.40066282727134017,6,0.2898573002671264,0.5460244799877759,0.16073730522167873,0.5297828223167879,0.44070467578981165,0.5411519826864795,1-3,1-6,0.12710202063359025,0.3168216293580502,0.06943553218635584,0.048181721324570145,0.22920285062972576,True,False,False,False,一般戦,2026-09-22,1号艇のsession_exh_rel_avg,0.1419,1号艇のdominance,0.1353,1号艇のracer_win_te,0.1255,風向(度),-0.1133,1号艇の級別順位,0.0791,6号艇の直近1着率,0.0873,3号艇のsession_exh_rel_avg,0.0767,場特性:1x_diff_course3,0.0753,風向(度),0.0575,3号艇のwin_rate_rank_2to6,0.0537,6号艇のwin_rate_rank_2to6,0.4066,6号艇のclass_rank_2to6,0.2132,6号艇のsession_exh_rel_avg,0.1716,6号艇の節間得点,0.1285,6号艇の全国勝率,0.1269,-0.0135,北 2.6m/s,[逃げ]1号艇のsession_exh_rel_avgが有利(+14.2pt)、1号艇のdominanceが有利(+13.5pt) / [2着]6号艇の直近1着率が有利(+8.7pt)、3号艇のsession_exh_rel_avgが有利(+7.7pt) / [候補2]6号艇のwin_rate_rank_2to6が有利(+40.7pt)、6号艇のclass_rank_2to6が有利(+21.3pt) / [除外]4号艇のsession_exh_rel_avgが不利(-6.6pt)、2号艇のwin_rate_rank_2to6が不利(-5.2pt)、天気-1.3pt
29,11,琵琶湖,10,15:09,0.6308161020412183,3,0.46987716508200966,2,0.3258333695421243,0.5019470178047301,0.10339631325946753,0.6923142213646665,0.439667652493618,0.559057178872711,1-3,1-2,0.20554093608951865,0.2964060817152114,0.06522405929577005,0.035983542896693185,0.027661486743971224,True,False,False,False,予選特賞,2026-09-22,1号艇のdominance,0.1704,1号艇のracer_win_te,0.0832,風速区分,0.0735,レース時間帯,0.0624,1号艇のsession_exh_count,-0.0549,3号艇のwin_rate_rank_2to6,0.1757,1号艇のracer_2nd_te,0.0582,3号艇のclass_rank_2to6,0.0531,3号艇の一般戦2連率,0.0488,3号艇の当地勝率,0.0476,2号艇のsession_exh_rel_avg,0.0598,2号艇のclass_rank_2to6,-0.0503,2号艇の全国勝率,0.044,1号艇vs2号艇の枠別平均ST差,0.0287,avg_entry_count,-0.0277,0.1841,北 1.5m/s,[逃げ]1号艇のdominanceが有利(+17.0pt)、1号艇のracer_win_teが有利(+8.3pt) / [2着]3号艇のwin_rate_rank_2to6が有利(+17.6pt)、1号艇のracer_2nd_teが有利(+5.8pt) / [候補2]2号艇のsession_exh_rel_avgが有利(+6.0pt)、2号艇のclass_rank_2to6が不利(-5.0pt) / [除外]6号艇の女子戦2連率が不利(-7.7pt)、3号艇のracer_win_teが不利(-5.4pt)、天気+18.4pt
30,16,児島,6,13:23,0.5824247736023702,2,0.6189796572719974,3,0.19281983844214456,0.4728121375018275,0.0746996402180291,0.7370998554961129,0.43042946162730295,0.5520984529001131,1-2,1-3,0.3605090867511158,0.11230305075071165,0.03261409676154618,0.03349159985437093,0.04350692104216411,True,True,False,False,一般,2026-09-22,1号艇のsession_exh_rel_avg,-0.1566,節間得点の分散(2-6号艇),-0.1084,6号艇の枠別出走数,-0.1012,1号艇のsession_exh_rel_last,-0.0799,1号艇vs2号艇のcumulative差,-0.0781,2号艇のwin_rate_rank_2to6,0.2199,2号艇のclass_rank_2to6,0.0965,2号艇の節間得点,0.0698,2号艇の一般戦勝率,-0.0632,2号艇のsession_exh_rel_avg,0.0562,3号艇のwin_rate_rank_2to6,-0.107,3号艇のsession_exh_rel_avg,0.0793,3号艇の全国勝率,-0.0707,4号艇の節間得点,0.0699,2号艇のsession_rank_diff_last,0.0462,-0.0258,北 4.8m/s,[逃げ]1号艇のsession_exh_rel_avgが不利(-15.7pt)、節間得点の分散(2-6号艇)が不利(-10.8pt) / [2着]2号艇のwin_rate_rank_2to6が有利(+22.0pt)、2号艇のclass_rank_2to6が有利(+9.7pt) / [候補2]3号艇のwin_rate_rank_2to6が不利(-10.7pt)、3号艇のsession_exh_rel_avgが有利(+7.9pt) / [除外]5号艇のsession_exh_rel_avgが不利(-5.7pt)、4号艇の節間得点が不利(-5.5pt)、天気-2.6pt
31,16,児島,1,10:57,0.8121086228234711,2,0.4002570652396975,3,0.2760114878760781,0.5492035233296739,0.18113931444311873,0.4951292386726569,0.4298247036828549,0.5329812379325688,1-2,1-3,0.32505221402717493,0.22415130930249896,0.14710479919158884,0.09658175607589732,0.01921856464735859,False,False,True,False,朝得ガァ～コ,2026-09-22,1号艇のdominance,0.2846,1号艇の勝率順位,0.0959,1号艇のsession_exh_rel_avg,-0.0756,1号艇の級別順位,0.07,1号艇のlocal_win_rate順位,0.0677,2号艇のsession_exh_rel_avg,0.0797,2号艇の全国勝率,-0.0703,2号艇のwin_rate_rank_2to6,0.0624,2号艇のracer_2nd_te,-0.0509,2号艇のracer_avgfin_te,-0.0508,3号艇のwin_rate_rank_2to6,0.1992,3号艇の節間得点,-0.1248,3号艇のsession_exh_rel_avg,-0.1141,6号艇のsession_rank_diff_delta,-0.0782,風向(度),0.0608,0.0761,北 1.6m/s,[逃げ]1号艇のdominanceが有利(+28.5pt)、1号艇の勝率順位が有利(+9.6pt) / [2着]2号艇のsession_exh_rel_avgが有利(+8.0pt)、2号艇の全国勝率が不利(-7.0pt) / [候補2]3号艇のwin_rate_rank_2to6が有利(+19.9pt)、3号艇の節間得点が不利(-12.5pt) / [除外]6号艇の全国勝率が不利(-14.2pt)、6号艇のwin_rate_rank_2to6が不利(-12.9pt)、天気+7.6pt
32,18,徳山,9,12:38,0.7791560529813476,2,0.36032476843386974,4,0.3352961945011821,0.5419972838515593,0.17300566210089688,0.522615300834155,0.4294749651120072,0.5361826889463379,1-2,1-4,0.280749224364352,0.13479840882595953,0.26124805948720725,0.06659298590589849,0.035767375849221544,True,True,False,False,推しトク特賞,2026-09-22,場特性:in_escape_diff,0.2221,1号艇のdominance,0.1173,1号艇のsession_exh_rel_avg,0.109,1号艇のracer_win_te,0.0748,1号艇の級別順位,0.0732,2号艇のwin_rate_rank_2to6,-0.1437,2号艇のclass_rank_2to6,-0.0574,場特性:1x_diff_course2,0.0433,2号艇のcumulative_diff_rank_2to6,-0.0426,場特性:in_escape_diff,0.0306,4号艇のwin_rate_rank_2to6,0.1467,4号艇のclass_rank_2to6,0.1306,4号艇のsession_exh_rel_avg,-0.0987,4号艇のモーター2連率,0.0986,4号艇のcumulative_diff_rank_2to6,0.0516,0.0872,北 2.1m/s,[逃げ]場特性:in_escape_diffが有利(+22.2pt)、1号艇のdominanceが有利(+11.7pt) / [2着]2号艇のwin_rate_rank_2to6が不利(-14.4pt)、2号艇のclass_rank_2to6が不利(-5.7pt) / [候補2]4号艇のwin_rate_rank_2to6が有利(+14.7pt)、4号艇のclass_rank_2to6が有利(+13.1pt)、天気+8.7pt
33,18,徳山,1,08:44,0.828703520230359,3,0.36957050194032137,2,0.29578990669563854,0.5513865128585301,0.1877218005208523,0.4776386081151076,0.4271777900864693,0.5292621414355033,1-3,1-2,0.2451221369272851,0.30626437593124506,0.15556571691561152,0.11737136941982389,0.0043799125467001805,False,False,True,False,朝トク予選,2026-09-22,場特性:in_escape_diff,0.2197,1号艇のdominance,0.1866,1号艇のsession_exh_rel_avg,-0.1001,6号艇の枠別出走数,-0.0827,1号艇の勝率順位,0.0776,3号艇のwin_rate_rank_2to6,-0.0717,3号艇のsession_exh_rel_avg,0.059,3号艇のcumulative_diff_rank_2to6,0.056,3号艇の全国勝率,-0.0479,場特性:1x_diff_course3,0.0471,2号艇のsession_exh_rel_avg,-0.0616,2号艇のwin_rate_rank_2to6,0.0554,場特性:1x_diff_course2,0.0524,3号艇の女子戦2連率,-0.0466,2号艇の当地勝率,-0.0422,0.087,北東 0.9m/s,[逃げ]場特性:in_escape_diffが有利(+22.0pt)、1号艇のdominanceが有利(+18.7pt) / [2着]3号艇のwin_rate_rank_2to6が不利(-7.2pt)、3号艇のsession_exh_rel_avgが有利(+5.9pt) / [候補2]2号艇のsession_exh_rel_avgが不利(-6.2pt)、2号艇のwin_rate_rank_2to6が有利(+5.5pt) / [除外]6号艇の全国勝率が不利(-13.2pt)、6号艇のwin_rate_rank_2to6が不利(-11.2pt)、天気+8.7pt
34,16,児島,9,14:56,0.7129853097018379,3,0.5396636618232844,4,0.20769791159541356,0.5328578228831833,0.1790887436425655,0.5682728297761326,0.4183432172348689,0.5434823249510681,1-3,1-4,0.12768764335010763,0.38477226305990236,0.1480855598232809,0.04098552329548565,0.01145433212540904,True,True,False,False,これしか９じ,2026-09-22,1号艇のdominance,0.1502,1号艇の級別順位,0.076,1号艇の節間得点,0.0723,1号艇vs4号艇のcumulative差,0.0689,風速区分,-0.0468,3号艇のwin_rate_rank_2to6,0.1613,3号艇のsession_exh_rel_avg,0.0885,3号艇のsession_exh_rel_delta,0.0619,3号艇の節間得点,0.0528,1号艇のsession_rank_diff_last,0.0475,4号艇のclass_rank_2to6,0.2062,4号艇のsession_rank_diff_last,-0.0865,4号艇のwin_rate_rank_2to6,0.0791,4号艇のsession_exh_rel_avg,-0.0754,1号艇vs2号艇のcumulative差,0.0655,0.0169,北 6.0m/s,[逃げ]1号艇のdominanceが有利(+15.0pt)、1号艇の級別順位が有利(+7.6pt) / [2着]3号艇のwin_rate_rank_2to6が有利(+16.1pt)、3号艇のsession_exh_rel_avgが有利(+8.9pt) / [候補2]4号艇のclass_rank_2to6が有利(+20.6pt)、4号艇のsession_rank_diff_lastが不利(-8.6pt) / [除外]6号艇のwin_rate_rank_2to6が不利(-8.5pt)、5号艇のsession_exh_rel_avgが不利(-5.7pt)、天気+1.7pt
35,17,宮島,1,10:41,0.6903067478132873,2,0.382203400928942,3,0.36529263988506067,0.5160015609376224,0.15818382653306007,0.5893122142809426,0.4180538392502483,0.5379947569406185,1-2,1-3,0.2638375866984359,0.2521639742391865,0.10919536285069788,0.06373567885958911,0.0013741470940727006,False,False,True,False,ファーストＢ,2026-09-22,1号艇のdominance,0.3009,1号艇の女子戦比率,-0.1689,1号艇のsession_exh_rel_avg,0.1506,1号艇のvs_max234_diff,0.0935,1号艇のvs_max234_frame_diff,-0.0767,2号艇のwin_rate_rank_2to6,0.1993,6号艇の体重,0.0972,2号艇の全国勝率,-0.0863,3号艇の全国勝率,-0.0522,second_best_win_rate,0.0505,3号艇のsession_exh_rel_avg,0.1063,3号艇の当地勝率,-0.0713,6号艇の平均ST,0.0679,3号艇のwin_rate_rank_2to6,0.0648,6号艇のsession_rank_diff_last,0.0503,0.077,北東 2.8m/s,[逃げ]1号艇のdominanceが有利(+30.1pt)、1号艇の女子戦比率が不利(-16.9pt) / [2着]2号艇のwin_rate_rank_2to6が有利(+19.9pt)、6号艇の体重が有利(+9.7pt) / [候補2]3号艇のsession_exh_rel_avgが有利(+10.6pt)、3号艇の当地勝率が不利(-7.1pt) / [除外]6号艇の直近平均着順が不利(-23.6pt)、6号艇の全国勝率が不利(-18.1pt)、天気+7.7pt
36,08,常滑,5,12:33,0.7978886579143323,3,0.4578707000281009,2,0.19261391508455086,0.5190142965461547,0.1735195580833596,0.47696505702929215,0.4109433388953933,0.506399524691096,1-3,1-2,0.15368445820243745,0.36532983834371724,0.1384492873210198,0.08675297505041782,0.05367210196910684,True,True,False,False,三Ａ傑戦,2026-09-22,1号艇のdominance,0.2386,1号艇のracer_win_te,0.1852,風速区分,-0.1097,1号艇のvs_max234_frame_diff,0.1017,1号艇のvs_max234_diff,0.0964,3号艇のwin_rate_rank_2to6,0.0811,1号艇の直近1着率,0.0734,6号艇のracer_2nd_te,-0.0557,3号艇の年齢,-0.0437,3号艇のcumulative_diff_rank_2to6,0.0416,2号艇のwin_rate_rank_2to6,-0.1533,2号艇の全国勝率,-0.0875,2号艇の直近平均着順,-0.0737,1号艇の体重,-0.0579,2号艇のモーター2連率,0.0556,-0.1522,西 6.3m/s,[逃げ]1号艇のdominanceが有利(+23.9pt)、1号艇のracer_win_teが有利(+18.5pt) / [2着]3号艇のwin_rate_rank_2to6が有利(+8.1pt)、1号艇の直近1着率が有利(+7.3pt) / [候補2]2号艇のwin_rate_rank_2to6が不利(-15.3pt)、2号艇の全国勝率が不利(-8.7pt)、天気-15.2pt
37,02,戸田,9,14:48,0.5880537650807838,2,0.5580702715878021,3,0.24800738823989926,0.474017002809187,0.12093384957309067,0.6851438102546106,0.4052273617138108,0.5373550450428141,1-2,1-3,0.3281753243868626,0.14584167842232446,0.0711156055671691,0.025277299209342196,0.017643868448440368,True,True,False,False,戸田特賞,2026-09-22,場特性:in_escape_diff,-0.1771,1号艇のdominance,0.1411,1号艇のracer_win_te,0.1141,1号艇の勝率順位,0.0833,風速区分,0.0763,2号艇のwin_rate_rank_2to6,0.1624,2号艇のsession_exh_rel_avg,0.0978,2号艇のモーター2連率,0.0771,2号艇の全国勝率,0.0489,2号艇の節間得点,0.0435,3号艇の当地勝率,0.1094,3号艇のwin_rate_rank_2to6,-0.0553,3号艇の全国勝率,0.0383,場特性:1x_diff_course3,-0.0357,3号艇のclass_rank_2to6,0.0302,0.0458,南東 1.4m/s,[逃げ]場特性:in_escape_diffが不利(-17.7pt)、1号艇のdominanceが有利(+14.1pt) / [2着]2号艇のwin_rate_rank_2to6が有利(+16.2pt)、2号艇のsession_exh_rel_avgが有利(+9.8pt) / [候補2]3号艇の当地勝率が有利(+10.9pt)、3号艇のwin_rate_rank_2to6が不利(-5.5pt) / [除外]6号艇のwin_rate_rank_2to6が不利(-6.8pt)、5号艇のwin_rate_rank_2to6が不利(-5.2pt)、天気+4.6pt
38,02,戸田,11,15:55,0.8170442412586413,5,0.34649793809252355,3,0.2887119200757377,0.5189945566070961,0.18285917513380695,0.4523506830344543,0.4051110567829648,0.49900139453530357,1-5,1-3,0.14940403600438232,0.2358904116806066,0.12629961552035102,0.28310414492648955,0.02234603464867532,True,False,False,False,戸田特選,2026-09-22,1号艇のdominance,0.2603,場特性:in_escape_diff,-0.158,4号艇のモーター2連率,-0.1488,1号艇のvs_max234_diff,0.1297,5号艇の節間得点,-0.1215,5号艇のwin_rate_rank_2to6,0.2397,5号艇のclass_rank_2to6,0.1692,5号艇の節間得点,0.1302,5号艇のsession_exh_rel_avg,0.1108,5号艇のcumulative_diff_rank_2to6,0.0773,3号艇のsession_exh_rel_avg,-0.1981,3号艇のwin_rate_rank_2to6,0.0591,3号艇のsession_exh_rel_last,-0.0579,3号艇のcumulative_diff_rank_2to6,0.0484,1号艇vs2号艇のcumulative差,0.0462,0.1786,東 0.7m/s,[逃げ]1号艇のdominanceが有利(+26.0pt)、場特性:in_escape_diffが不利(-15.8pt) / [2着]5号艇のwin_rate_rank_2to6が有利(+24.0pt)、5号艇のclass_rank_2to6が有利(+16.9pt) / [候補2]3号艇のsession_exh_rel_avgが不利(-19.8pt)、3号艇のwin_rate_rank_2to6が有利(+5.9pt) / [除外]1号艇vs6号艇のcumulative差が不利(-7.3pt)、2号艇のwin_rate_rank_2to6が不利(-6.5pt)、天気+17.9pt
39,08,常滑,6,12:59,0.6970364475114651,3,0.4746381860740274,2,0.22477417030454555,0.4875159042357433,0.14151998778194924,0.5578923685966237,0.4047240104626053,0.5086288435440074,1-3,1-2,0.15667578916141747,0.3308401150743258,0.09015253523563929,0.09864458953539584,0.0207234055213711,True,True,False,False,昼トコ小判Ｒ,2026-09-22,風速区分,-0.2503,1号艇のdominance,0.1701,1号艇のracer_win_te,0.1006,場特性:in_escape_diff,0.0793,1号艇の勝率順位,0.0788,3号艇のwin_rate_rank_2to6,0.0714,2号艇のvs_boat3_diff,0.0539,4号艇のモーター出走数,-0.0537,3号艇のracer_2nd_te,0.043,3号艇のcumulative_diff_rank_2to6,0.043,2号艇のwin_rate_rank_2to6,-0.1851,2号艇の全国勝率,-0.0984,2号艇の直近平均着順,-0.0691,2号艇のclass_rank_2to6,-0.0675,1号艇vs2号艇のplace_rate差,-0.0516,-0.2596,北西 8.0m/s,[逃げ]風速区分が不利(-25.0pt)、1号艇のdominanceが有利(+17.0pt) / [2着]3号艇のwin_rate_rank_2to6が有利(+7.1pt)、2号艇のvs_boat3_diffが有利(+5.4pt) / [候補2]2号艇のwin_rate_rank_2to6が不利(-18.5pt)、2号艇の全国勝率が不利(-9.8pt)、天気-26.0pt
40,08,常滑,1,10:37,0.7213048053568352,2,0.39036236231921306,3,0.31674597445801544,0.5100406412252942,0.1732029827099935,0.5339053540672349,0.4040319687890479,0.5172000550778765,1-2,1-3,0.28157024777129436,0.22847039345399991,0.12493214373085516,0.08302787386060126,0.003304155944828737,False,False,True,False,朝トコ小判Ｒ,2026-09-22,1号艇のdominance,0.3502,1号艇のvs_max234_diff,0.1023,ST差分(6-5),0.0919,1号艇の勝率順位,0.0813,1号艇の級別順位,0.064,2号艇の全国勝率,-0.0692,2号艇の直近平均着順,-0.0472,2号艇のsession_exh_rel_avg,0.0416,1号艇の体重,-0.04,second_best_win_rate,0.0352,3号艇のwin_rate_rank_2to6,0.0687,3号艇の全国勝率,-0.0434,3号艇の当地勝率,-0.0407,3号艇のcumulative_diff_rank_2to6,0.0363,3号艇のモーター出走数,0.0343,-0.0103,北西 7.0m/s,[逃げ]1号艇のdominanceが有利(+35.0pt)、1号艇のvs_max234_diffが有利(+10.2pt) / [2着]2号艇の全国勝率が不利(-6.9pt)、2号艇の直近平均着順が不利(-4.7pt) / [候補2]3号艇のwin_rate_rank_2to6が有利(+6.9pt)、3号艇の全国勝率が不利(-4.3pt) / [除外]6号艇の直近平均着順が不利(-15.0pt)、6号艇の全国勝率が不利(-14.9pt)、天気-1.0pt
41,18,徳山,11,13:49,0.6932384843765202,2,0.4370759734640483,3,0.2749543054623895,0.4936067913931548,0.15981021198312223,0.5522200669433157,0.39894670423053613,0.511190774058203,1-2,1-3,0.30299788540160905,0.1906089059915457,0.11078658914307007,0.07595926066025512,0.012885856738241991,True,True,False,False,予選,2026-09-22,場特性:in_escape_diff,0.2143,1号艇の級別順位,-0.0982,レース時間帯,0.0594,1号艇の勝率順位,-0.0587,avg_entry_count,-0.0545,2号艇のwin_rate_rank_2to6,0.1582,2号艇のsession_exh_rel_avg,-0.1158,2号艇の全国勝率,0.0621,2号艇のモーター2連率,0.0575,場特性:1x_diff_course2,0.0535,3号艇のwin_rate_rank_2to6,0.0872,3号艇のsession_exh_rel_avg,-0.0794,3号艇のcumulative_diff_rank_2to6,-0.0568,場特性:1x_diff_course3,0.0517,3号艇のracer_2nd_te,0.0271,0.0934,北東 2.6m/s,[逃げ]場特性:in_escape_diffが有利(+21.4pt)、1号艇の級別順位が不利(-9.8pt) / [2着]2号艇のwin_rate_rank_2to6が有利(+15.8pt)、2号艇のsession_exh_rel_avgが不利(-11.6pt) / [候補2]3号艇のwin_rate_rank_2to6が有利(+8.7pt)、3号艇のsession_exh_rel_avgが不利(-7.9pt) / [除外]1号艇vs5号艇の枠別平均ST差が不利(-7.3pt)、6号艇のwin_rate_rank_2to6が不利(-6.4pt)、天気+9.3pt
42,16,児島,7,13:54,0.7351454262876213,3,0.3852201925363883,2,0.30870561047662415,0.5101363802679809,0.18388910048094992,0.5100367025320625,0.3975661561598767,0.5101064769472053,1-3,1-2,0.22694351761121823,0.2831928626567627,0.13518523116271514,0.06308664684935615,0.026737155683733544,True,True,False,False,一般,2026-09-22,1号艇のdominance,0.3599,1号艇のsession_exh_rel_avg,-0.133,1号艇のvs_max234_diff,0.0933,1号艇の勝率順位,0.0918,1号艇の級別順位,0.0787,3号艇のwin_rate_rank_2to6,0.1334,3号艇のracer_win_te,-0.0643,3号艇の年齢,-0.0579,3号艇のracer_avgfin_te,-0.0526,5号艇の一般戦2連率,0.051,2号艇のwin_rate_rank_2to6,-0.1232,2号艇の全国勝率,-0.0853,2号艇のsession_exh_rel_avg,-0.0738,second_best_win_rate,0.0587,2号艇の直近平均着順,-0.0484,0.0492,北 5.3m/s,[逃げ]1号艇のdominanceが有利(+36.0pt)、1号艇のsession_exh_rel_avgが不利(-13.3pt) / [2着]3号艇のwin_rate_rank_2to6が有利(+13.3pt)、3号艇のracer_win_teが不利(-6.4pt) / [候補2]2号艇のwin_rate_rank_2to6が不利(-12.3pt)、2号艇の全国勝率が不利(-8.5pt) / [除外]6号艇のwin_rate_rank_2to6が不利(-8.0pt)、天気+4.9pt
43,12,住之江,6,17:34,0.7900832466216412,2,0.35916781497585465,5,0.2519897467474216,0.48286535056369223,0.14934643240264905,0.46181112932062723,0.3963282896386419,0.4765490841907727,1-2,1-5,0.28377247333812416,0.10542429838235068,0.11799611418404445,0.19909287722556798,0.08379748496319867,True,False,False,False,一般戦,2026-09-22,1号艇のracer_win_te,0.1479,1号艇のsession_exh_rel_avg,0.1369,5号艇の平均ST,0.1272,5号艇の枠別出走数,-0.0942,1号艇の級別順位,0.0829,2号艇のclass_rank_2to6,0.0561,win_rate_gap_top2_2to6,-0.0509,2号艇の全国勝率,0.0477,2号艇のsession_exh_rel_avg,0.0415,勝率の分散(2-6号艇),0.0362,5号艇の枠別出走数,0.1713,6号艇のvs_avg456_diff,0.1413,5号艇のsession_exh_rel_avg,-0.14,3号艇のsession_exh_rel_last,0.1095,1号艇の女子戦2連率,0.1023,-0.008,北 2.8m/s,[逃げ]1号艇のracer_win_teが有利(+14.8pt)、1号艇のsession_exh_rel_avgが有利(+13.7pt) / [2着]2号艇のclass_rank_2to6が有利(+5.6pt)、win_rate_gap_top2_2to6が不利(-5.1pt) / [候補2]5号艇の枠別出走数が有利(+17.1pt)、6号艇のvs_avg456_diffが有利(+14.1pt) / [除外]1号艇vs5号艇の勝率差が不利(-9.5pt)、3号艇のsession_exh_rel_avgが不利(-6.6pt)、天気-0.8pt
44,03,江戸川,12,16:25,0.719374654823318,2,0.41910942426741327,4,0.24993267764876487,0.4812919311282177,0.15009591822361287,0.5189461836925652,0.3946039859246509,0.4925882068975219,1-2,1-4,0.30149669741556995,0.07750767235305259,0.17979523371264783,0.10797519936250047,0.05259986001918543,True,False,False,False,記者選抜戦,2026-09-22,場特性:in_escape_diff,-0.1689,1号艇のsession_exh_rel_avg,0.1518,1号艇のdominance,0.1511,1号艇のracer_win_te,0.1233,風速区分,0.0881,2号艇のwin_rate_rank_2to6,0.2169,2号艇のsession_exh_rel_avg,-0.1254,2号艇の全国勝率,0.0585,3号艇のracer_win_te,0.0562,2号艇のcumulative_diff_rank_2to6,-0.0518,4号艇のsession_exh_rel_avg,0.1307,4号艇のwin_rate_rank_2to6,-0.0947,4号艇のclass_rank_2to6,-0.0747,4号艇の年齢,0.0694,3号艇の枠別平均ST,0.053,0.0515,北東 0.7m/s,[逃げ]場特性:in_escape_diffが不利(-16.9pt)、1号艇のsession_exh_rel_avgが有利(+15.2pt) / [2着]2号艇のwin_rate_rank_2to6が有利(+21.7pt)、2号艇のsession_exh_rel_avgが不利(-12.5pt) / [候補2]4号艇のsession_exh_rel_avgが有利(+13.1pt)、4号艇のwin_rate_rank_2to6が不利(-9.5pt)、天気+5.2pt
45,12,住之江,8,18:35,0.6101477121567391,2,0.43500694736317586,3,0.33738454676780283,0.471272903033342,0.13643929188005377,0.6359522022509249,0.3941127336267903,0.5206766927986168,1-2,1-3,0.2654184937059288,0.20585440932741325,0.08324812178890036,0.031985291573075766,0.023641399170886982,True,False,False,False,一般戦,2026-09-22,1号艇の年齢,-0.0971,1号艇の勝率順位,-0.0878,1号艇の節間得点,-0.0654,場特性:in_escape_diff,0.0605,1号艇のモーター2連率順位,0.0568,2号艇のwin_rate_rank_2to6,0.1525,6号艇のsession_rank_diff_last,-0.0877,2号艇のsession_exh_rel_avg,0.0721,2号艇の全国勝率,0.0635,2号艇の当地勝率,-0.0444,3号艇の節間得点,-0.1274,場特性:1x_diff_course3,0.0716,風向(度),0.0699,3号艇のsession_exh_rel_last,-0.0618,3号艇のcumulative_diff_rank_2to6,-0.0527,0.026,北 2.3m/s,[逃げ]1号艇の年齢が不利(-9.7pt)、1号艇の勝率順位が不利(-8.8pt) / [2着]2号艇のwin_rate_rank_2to6が有利(+15.3pt)、6号艇のsession_rank_diff_lastが不利(-8.8pt) / [候補2]3号艇の節間得点が不利(-12.7pt)、場特性:1x_diff_course3が有利(+7.2pt) / [除外]4号艇のwin_rate_rank_2to6が不利(-5.5pt)、天気+2.6pt
46,09,津,1,10:33,0.7541233523023205,2,0.4078910403118955,3,0.22247087844499347,0.4753706433366681,0.14820129202987145,0.48216062672701754,0.39082999109398964,0.4774076383537729,1-2,1-3,0.3076001586940876,0.16777048464258054,0.11176205516110184,0.06898915871063027,0.0980014979032487,False,False,True,False,ツッキーレー,2026-09-22,1号艇のdominance,0.3535,1号艇のracer_win_te,0.1117,1号艇のvs_max234_diff,0.1009,ST差分(4-3),-0.0933,1号艇の勝率順位,0.0736,2号艇のwin_rate_rank_2to6,0.1673,1号艇vs2号艇のlocal_win_rate差,0.0907,3号艇のモーター出走数,0.0812,2号艇のclass_rank_2to6,-0.0493,3号艇のracer_2nd_te,0.0475,3号艇のwin_rate_rank_2to6,-0.0951,second_best_win_rate,0.0637,3号艇の全国勝率,-0.0541,3号艇のracer_avgfin_te,-0.0482,3号艇のcumulative_diff_rank_2to6,-0.0432,-0.0131,北西 5.7m/s,[逃げ]1号艇のdominanceが有利(+35.3pt)、1号艇のracer_win_teが有利(+11.2pt) / [2着]2号艇のwin_rate_rank_2to6が有利(+16.7pt)、1号艇vs2号艇のlocal_win_rate差が有利(+9.1pt) / [候補2]3号艇のwin_rate_rank_2to6が不利(-9.5pt)、second_best_win_rateが有利(+6.4pt) / [除外]6号艇のwin_rate_rank_2to6が不利(-5.8pt)、天気-1.3pt
47,12,住之江,3,16:09,0.6651964557500858,2,0.4916590593857822,3,0.27278012275228936,0.5085022345947395,0.19506500272084512,0.5693741794172265,0.3894730468650051,0.5267638180414855,1-2,1-3,0.32704986374084327,0.1814523708538962,0.12975654845078702,0.016395952493642663,0.010541723927991483,True,False,False,False,一般戦,2026-09-22,1号艇のdominance,0.1431,1号艇のracer_win_te,-0.0746,1号艇の級別順位,0.0722,1号艇のモーター2連率順位,0.063,1号艇vs4号艇のcumulative差,0.0619,2号艇のclass_rank_2to6,0.0645,2号艇のwin_rate_rank_2to6,0.0639,2号艇のsession_exh_rel_avg,-0.0621,2号艇の当地勝率,0.0516,2号艇の節間得点,0.0447,3号艇のwin_rate_rank_2to6,0.1404,3号艇の当地勝率,-0.0532,local_win_rateの分散(2-6号艇),0.0369,3号艇のモーター2連率,-0.0327,3号艇の全国勝率,0.0312,0.0983,北 2.7m/s,[逃げ]1号艇のdominanceが有利(+14.3pt)、1号艇のracer_win_teが不利(-7.5pt) / [2着]2号艇のclass_rank_2to6が有利(+6.5pt)、2号艇のwin_rate_rank_2to6が有利(+6.4pt) / [候補2]3号艇のwin_rate_rank_2to6が有利(+14.0pt)、3号艇の当地勝率が不利(-5.3pt) / [除外]6号艇のracer_win_teが不利(-14.3pt)、6号艇のwin_rate_rank_2to6が不利(-8.7pt)、天気+9.8pt
48,20,若松,1,14:58,0.6969640060562433,2,0.37790060524111774,3,0.3151587692659449,0.4830374380912765,0.16946476955588574,0.5235946049511768,0.3848080443316722,0.4952045881492466,1-2,1-3,0.2633831197199284,0.2196543183713482,0.11811084467506823,0.07794272924331494,0.01787299145019032,True,True,False,False,予選,2026-09-22,1号艇のdominance,0.15,1号艇の勝率順位,0.0849,1号艇のracer_win_te,0.0778,1号艇の年齢,0.0756,1号艇の級別順位,0.0729,2号艇のsession_exh_rel_avg,0.0708,2号艇の全国勝率,0.054,3号艇の枠別勝率,-0.0257,2号艇の直近平均着順,0.0232,2号艇の全国2連率,0.0228,3号艇のwin_rate_rank_2to6,0.1558,全艇平均勝率,-0.0385,3号艇のcumulative_diff_rank_2to6,0.0362,場特性:1x_diff_course3,0.0346,3号艇のclass_rank_2to6,-0.0306,0.0439,北東 3.3m/s,[逃げ]1号艇のdominanceが有利(+15.0pt)、1号艇の勝率順位が有利(+8.5pt) / [2着]2号艇のsession_exh_rel_avgが有利(+7.1pt)、2号艇の全国勝率が有利(+5.4pt) / [候補2]3号艇のwin_rate_rank_2to6が有利(+15.6pt)、全艇平均勝率が不利(-3.8pt) / [除外]6号艇のwin_rate_rank_2to6が不利(-7.5pt)、天気+4.4pt
49,06,浜名湖,11,16:30,0.8255253103448841,4,0.3374837469144507,2,0.31391262431262995,0.5377441915147672,0.23930576088723426,0.41209061033984645,0.38332185201900876,0.5000481171622909,1-4,1-2,0.25914281660686084,0.19755296252375268,0.27860137490790626,0.057286829552228954,0.03294131291518889,True,False,False,False,予選特選,2026-09-22,1号艇のdominance,0.2732,1号艇のsession_exh_rel_avg,0.1302,1号艇の全国勝率,0.092,風速区分,0.0888,1号艇のracer_win_te,0.0852,4号艇の当地勝率,0.1281,4号艇のsession_exh_rel_avg,0.0967,4号艇のwin_rate_rank_2to6,0.0697,4号艇の節間得点,0.054,4号艇のcumulative_diff_rank_2to6,-0.0524,2号艇のwin_rate_rank_2to6,0.206,2号艇のsession_exh_rel_avg,-0.0898,レース時間帯,-0.0574,1号艇vs6号艇のlocal_win_rate差,-0.0431,1号艇vs5号艇の直近複勝率差,0.0346,0.1314,東 1.8m/s,[逃げ]1号艇のdominanceが有利(+27.3pt)、1号艇のsession_exh_rel_avgが有利(+13.0pt) / [2着]4号艇の当地勝率が有利(+12.8pt)、4号艇のsession_exh_rel_avgが有利(+9.7pt) / [候補2]2号艇のwin_rate_rank_2to6が有利(+20.6pt)、2号艇のsession_exh_rel_avgが不利(-9.0pt) / [除外]6号艇のsession_exh_rel_avgが不利(-6.3pt)、天気+13.1pt
50,12,住之江,5,17:07,0.7696406996560998,3,0.3312874676717056,6,0.28719076509566105,0.4760060197891442,0.162350764625809,0.4561274681415576,0.3832700902540376,0.47004245429486813,1-3,1-6,0.12495175607631041,0.25497231840614903,0.09378518654911462,0.07489774010866565,0.2210337013829952,True,False,False,False,住之江ファイ,2026-09-22,1号艇のdominance,0.1647,風向(度),-0.1617,1号艇vs5号艇のcumulative差,0.1451,1号艇の節間得点,0.0888,ST差分(4-3),-0.0802,風向(度),0.102,3号艇のモーター2連率,0.0851,3号艇のwin_rate_rank_2to6,-0.071,1号艇vs5号艇のcumulative差,0.0498,3号艇の全国勝率,-0.0493,6号艇のwin_rate_rank_2to6,0.3202,1号艇vs5号艇の枠別平均ST差,-0.1732,6号艇のclass_rank_2to6,0.1701,1号艇vs2号艇のplace_rate差,0.1377,6号艇のsession_exh_rel_avg,0.1253,-0.0151,北 2.8m/s,[逃げ]1号艇のdominanceが有利(+16.5pt)、風向(度)が不利(-16.2pt) / [2着]風向(度)が有利(+10.2pt)、3号艇のモーター2連率が有利(+8.5pt) / [候補2]6号艇のwin_rate_rank_2to6が有利(+32.0pt)、1号艇vs5号艇の枠別平均ST差が不利(-17.3pt) / [除外]2号艇のwin_rate_rank_2to6が不利(-5.4pt)、天気-1.5pt
51,09,津,12,16:20,0.7845077302415082,4,0.3230802693844071,2,0.3043006044514446,0.49218514532989804,0.18526156675660566,0.44211930707924607,0.38276555594012457,0.47716539385470247,1-4,1-2,0.2387261765093218,0.14533913123721034,0.2534589688205762,0.10183663221877419,0.045146818533106654,True,False,False,False,バッチこい選,2026-09-22,1号艇のdominance,0.1851,race_no,0.094,1号艇のlocal_win_rate順位,0.0779,場特性:in_escape_diff,0.0752,1号艇の勝率順位,0.0749,4号艇のwin_rate_rank_2to6,0.2045,4号艇のclass_rank_2to6,0.1861,4号艇の全国勝率,0.0905,4号艇のsession_exh_rel_avg,-0.0785,4号艇の節間得点,0.0422,2号艇のwin_rate_rank_2to6,-0.1296,2号艇のsession_exh_rel_avg,0.0714,4号艇のsession_rank_diff_last,0.0669,2号艇の全国勝率,0.058,レース時間帯,-0.0416,0.1218,北西 2.5m/s,[逃げ]1号艇のdominanceが有利(+18.5pt)、race_noが有利(+9.4pt) / [2着]4号艇のwin_rate_rank_2to6が有利(+20.5pt)、4号艇のclass_rank_2to6が有利(+18.6pt) / [候補2]2号艇のwin_rate_rank_2to6が不利(-13.0pt)、2号艇のsession_exh_rel_avgが有利(+7.1pt)、天気+12.2pt
52,06,浜名湖,10,16:00,0.6204815953633128,3,0.4284128231192581,4,0.2957755012840204,0.44934552686923057,0.1386266786181865,0.5855616457850921,0.374595993339046,0.490210362543989,1-3,1-4,0.08601530270892961,0.265822271963138,0.18352325490609256,0.034377171034695814,0.05074357625866422,True,False,False,False,予選特賞,2026-09-22,1号艇のdominance,0.1621,1号艇の勝率順位,0.0964,場特性:in_escape_diff,-0.0773,レース時間帯,0.0743,1号艇のracer_win_te,0.0678,3号艇のsession_exh_rel_avg,-0.0839,4号艇のsession_rank_diff_last,-0.0681,3号艇の節間得点,0.0506,3号艇のclass_rank_2to6,0.0477,3号艇のwin_rate_rank_2to6,-0.0447,4号艇のwin_rate_rank_2to6,0.0982,4号艇のclass_rank_2to6,-0.0885,4号艇のsession_exh_rel_avg,0.085,6号艇の女子戦勝率,0.085,4号艇の年齢,0.0658,0.1025,東 1.6m/s,[逃げ]1号艇のdominanceが有利(+16.2pt)、1号艇の勝率順位が有利(+9.6pt) / [2着]3号艇のsession_exh_rel_avgが不利(-8.4pt)、4号艇のsession_rank_diff_lastが不利(-6.8pt) / [候補2]4号艇のwin_rate_rank_2to6が有利(+9.8pt)、4号艇のclass_rank_2to6が不利(-8.9pt) / [除外]2号艇のwin_rate_rank_2to6が不利(-5.0pt)、天気+10.2pt
53,20,若松,11,20:02,0.7031133711013995,2,0.492556326464758,3,0.1751861100978238,0.4694986355989793,0.16885499456673503,0.4988874419958468,0.3743660081231931,0.4783152775180395,1-2,1-3,0.3463229391579575,0.12317569644102182,0.11872420445712556,0.08452574673220362,0.03036480002889954,False,False,False,False,予選,2026-09-22,1号艇のracer_win_te,0.1537,1号艇のdominance,0.1135,レース時間帯,0.0851,1号艇の級別順位,0.069,1号艇の年齢,0.0636,2号艇のwin_rate_rank_2to6,0.0737,2号艇のsession_exh_rel_avg,0.065,2号艇の当地勝率,0.0615,2号艇のracer_avgfin_te,0.061,2号艇の全国勝率,0.0591,3号艇のwin_rate_rank_2to6,-0.1067,3号艇の女子戦比率,-0.0909,3号艇のcumulative_diff_rank_2to6,0.0539,3号艇の性別,-0.0529,3号艇の体重,-0.0471,0.1199,北東 2.5m/s,[逃げ]1号艇のracer_win_teが有利(+15.4pt)、1号艇のdominanceが有利(+11.3pt) / [2着]2号艇のwin_rate_rank_2to6が有利(+7.4pt)、2号艇のsession_exh_rel_avgが有利(+6.5pt) / [候補2]3号艇のwin_rate_rank_2to6が不利(-10.7pt)、3号艇の女子戦比率が不利(-9.1pt) / [除外]6号艇のwin_rate_rank_2to6が不利(-5.9pt)、天気+12.0pt
54,08,常滑,7,13:30,0.4943931190795977,2,0.7478490076977975,4,0.09116965235638763,0.4148050523101733,0.08200066788696792,0.7570179921672172,0.3739879027113858,0.5174689342672865,1-2,1-4,0.3697314035162962,0.04054056596324827,0.045073648793877076,0.02397862005319528,0.015068879832102002,True,True,False,False,予選,2026-09-22,6号艇の枠別出走数,-0.1951,ST差分(4-3),0.1264,1号艇の級別順位,-0.0861,風速区分,-0.0816,場特性:in_escape_diff,0.0774,ST差分(4-3),0.4385,2号艇のclass_rank_2to6,0.0791,1号艇vs6号艇のlocal_win_rate差,0.0746,2号艇のwin_rate_rank_2to6,0.0656,2号艇の全国勝率,0.0554,4号艇のwin_rate_rank_2to6,-0.1689,4号艇のclass_rank_2to6,-0.0891,4号艇の全国勝率,-0.0852,4号艇のsession_exh_rel_avg,0.0489,4号艇の年齢,0.0485,-0.0424,北西 7.5m/s,[逃げ]6号艇の枠別出走数が不利(-19.5pt)、ST差分(4-3)が有利(+12.6pt) / [2着]ST差分(4-3)が有利(+43.9pt)、2号艇のclass_rank_2to6が有利(+7.9pt) / [候補2]4号艇のwin_rate_rank_2to6が不利(-16.9pt)、4号艇のclass_rank_2to6が不利(-8.9pt) / [除外]5号艇のracer_avgfin_teが不利(-6.5pt)、win_rate_range_1to6が不利(-5.3pt)、天気-4.2pt
55,11,琵琶湖,5,12:31,0.7769050421874555,3,0.3841926318700628,4,0.262316589518358,0.5022762739173501,0.21839681476157458,0.42811240662684624,0.37064162789271643,0.4800271137301989,1-3,1-4,0.169673586585947,0.2984811928711207,0.20379508104622937,0.08882569552370906,0.01612948833109694,True,True,False,False,予選,2026-09-22,1号艇のdominance,0.3673,1号艇のracer_win_te,0.1501,1号艇のvs_max234_diff,0.1287,1号艇の全国勝率,0.0942,場特性:in_escape_diff,-0.0829,3号艇の年齢,-0.1083,3号艇のwin_rate_rank_2to6,0.0737,3号艇のcumulative_diff_rank_2to6,0.0448,場特性:1x_diff_course3,-0.0442,2号艇の枠別勝率,0.0381,4号艇のwin_rate_rank_2to6,0.1855,4号艇のclass_rank_2to6,-0.1047,4号艇のcumulative_diff_rank_2to6,0.0592,4号艇のsession_exh_rel_avg,0.0536,4号艇のモーター2連率,0.0417,0.0461,北 3.3m/s,[逃げ]1号艇のdominanceが有利(+36.7pt)、1号艇のracer_win_teが有利(+15.0pt) / [2着]3号艇の年齢が不利(-10.8pt)、3号艇のwin_rate_rank_2to6が有利(+7.4pt) / [候補2]4号艇のwin_rate_rank_2to6が有利(+18.5pt)、4号艇のclass_rank_2to6が不利(-10.5pt) / [除外]6号艇のwin_rate_rank_2to6が不利(-8.1pt)、1号艇vs2号艇の枠別勝率差が不利(-7.9pt)、天気+4.6pt
56,08,常滑,10,15:03,0.8116032858182485,2,0.3742073649994817,3,0.2740239577105471,0.5261066714817688,0.2516828035922135,0.3965485191178153,0.3672122690012498,0.4872392257725827,1-2,1-3,0.303707927010968,0.2223987444708008,0.20426659037938935,0.05093822788664975,0.03029179607044061,True,False,False,False,予選特賞,2026-09-22,1号艇のdominance,0.1813,1号艇の年齢,-0.1006,1号艇の勝率順位,0.0954,1号艇のracer_win_te,0.0851,1号艇の級別順位,0.0807,2号艇のsession_exh_rel_avg,0.0602,2号艇のclass_rank_2to6,-0.0575,1号艇の年齢,0.0568,2号艇のwin_rate_rank_2to6,0.0507,ST差分(3-2),-0.0491,3号艇のwin_rate_rank_2to6,-0.0981,3号艇の年齢,-0.0828,3号艇のモーター2連率,0.045,3号艇のcumulative_diff_rank_2to6,0.0425,3号艇の全国勝率,-0.04,0.0063,北西 5.7m/s,[逃げ]1号艇のdominanceが有利(+18.1pt)、1号艇の年齢が不利(-10.1pt) / [2着]2号艇のsession_exh_rel_avgが有利(+6.0pt)、2号艇のclass_rank_2to6が不利(-5.8pt) / [候補2]3号艇のwin_rate_rank_2to6が不利(-9.8pt)、3号艇の年齢が不利(-8.3pt) / [除外]5号艇のwin_rate_rank_2to6が不利(-5.0pt)、1号艇vs5号艇の枠別平均ST差が不利(-5.0pt)、天気+0.6pt
57,12,住之江,2,15:40,0.7348493757931664,3,0.42845103601401024,4,0.2880952512848307,0.5265535919484642,0.256564380643757,0.459981906655084,0.3644397165156603,0.5065820863604501,1-3,1-4,0.18853617496682518,0.31484697637283093,0.21170661557563328,0.018698917902115583,0.0010606850301945418,True,False,False,False,一般戦,2026-09-22,1号艇のdominance,0.1186,1号艇のsession_exh_rel_avg,0.1177,1号艇の級別順位,0.0845,場特性:in_escape_diff,0.0733,1号艇の勝率順位,-0.0652,3号艇のsession_exh_rel_avg,0.0682,場特性:1x_diff_course3,0.0619,3号艇のwin_rate_rank_2to6,0.0534,3号艇のclass_rank_2to6,0.0353,6号艇のsession_rank_diff_last,0.034,4号艇のwin_rate_rank_2to6,0.1448,4号艇のclass_rank_2to6,0.1011,4号艇のsession_exh_rel_avg,0.0738,4号艇の年齢,-0.0686,4号艇のsession_rank_diff_last,0.0477,0.0684,北 2.6m/s,[逃げ]1号艇のdominanceが有利(+11.9pt)、1号艇のsession_exh_rel_avgが有利(+11.8pt) / [2着]3号艇のsession_exh_rel_avgが有利(+6.8pt)、場特性:1x_diff_course3が有利(+6.2pt) / [候補2]4号艇のwin_rate_rank_2to6が有利(+14.5pt)、4号艇のclass_rank_2to6が有利(+10.1pt) / [除外]6号艇のracer_win_teが不利(-15.9pt)、6号艇の節間得点が不利(-13.1pt)、天気+6.8pt
58,22,福岡,10,16:18,0.7732483763824453,2,0.3985345887543967,3,0.25503641741346067,0.5053727193699368,0.2327339504594542,0.42083705570840313,0.36423185204985375,0.48001202027147666,1-2,1-3,0.30816622368658275,0.19720649568335405,0.1799611493218454,0.0514404149073773,0.03647411006673375,True,False,False,False,予選特賞,2026-09-22,1号艇のdominance,0.2383,1号艇のracer_win_te,0.1193,1号艇の勝率順位,0.1044,1号艇の年齢,-0.0969,1号艇の級別順位,0.0842,2号艇のclass_rank_2to6,-0.0648,2号艇のwin_rate_rank_2to6,0.0643,2号艇の体重,-0.0633,1号艇の年齢,0.0598,2号艇のsession_exh_rel_avg,0.0519,3号艇のwin_rate_rank_2to6,-0.1086,3号艇の全国勝率,-0.0533,3号艇の当地勝率,-0.0522,場特性:1x_diff_course3,0.0426,3号艇のcumulative_diff_rank_2to6,0.0391,0.0722,北東 3.6m/s,[逃げ]1号艇のdominanceが有利(+23.8pt)、1号艇のracer_win_teが有利(+11.9pt) / [2着]2号艇のclass_rank_2to6が不利(-6.5pt)、2号艇のwin_rate_rank_2to6が有利(+6.4pt) / [候補2]3号艇のwin_rate_rank_2to6が不利(-10.9pt)、3号艇の全国勝率が不利(-5.3pt)、天気+7.2pt
59,17,宮島,12,16:45,0.6711052895480767,3,0.4019594552167946,2,0.30647982737656865,0.4754373498720507,0.2048919743788466,0.5035473082145165,0.35854139310157357,0.48387033737479046,1-3,1-2,0.20568023329219667,0.26975711657985413,0.13750408779159295,0.05150998557059287,0.0066538763140881856,True,False,False,False,準優勝戦,2026-09-22,1号艇の女子戦比率,-0.1839,1号艇のdominance,0.1283,1号艇の年齢,-0.1147,1号艇のsession_exh_rel_avg,-0.1099,1号艇の節間得点,0.109,3号艇のwin_rate_rank_2to6,0.1557,風向(度),0.0563,場特性:1x_diff_course3,0.0501,4号艇の直近1着率,0.0455,3号艇の節間得点,0.0395,2号艇のwin_rate_rank_2to6,-0.1225,2号艇の女子戦比率,-0.1131,2号艇の全国勝率,0.0619,2号艇の節間得点,0.0585,2号艇のsession_exh_rel_avg,0.0548,0.1469,北 2.9m/s,[逃げ]1号艇の女子戦比率が不利(-18.4pt)、1号艇のdominanceが有利(+12.8pt) / [2着]3号艇のwin_rate_rank_2to6が有利(+15.6pt)、風向(度)が有利(+5.6pt) / [候補2]2号艇のwin_rate_rank_2to6が不利(-12.2pt)、2号艇の女子戦比率が不利(-11.3pt) / [除外]6号艇のwin_rate_rank_2to6が不利(-6.9pt)、天気+14.7pt
60,09,津,11,15:42,0.7305247769583452,4,0.4154611904837453,2,0.21085432345999755,0.45753900112930407,0.1815651257494896,0.4447503881942533,0.3578512495988985,0.4537024172487888,1-4,1-2,0.15403430761631748,0.11641556639257186,0.3035046935129866,0.1326378229915598,0.023932402773410702,True,False,False,False,予選特選,2026-09-22,1号艇のdominance,0.1798,1号艇のracer_win_te,0.1006,1号艇のsession_exh_rel_avg,-0.0909,1号艇の勝率順位,0.0851,1号艇のモーター2連率順位,-0.0658,4号艇のwin_rate_rank_2to6,0.1977,4号艇のclass_rank_2to6,0.1913,4号艇の年齢,-0.079,4号艇のcumulative_diff_rank_2to6,0.0518,4号艇のsession_exh_rel_avg,0.042,2号艇のwin_rate_rank_2to6,-0.1531,2号艇のsession_exh_rel_avg,0.0616,2号艇の直近平均着順,-0.061,レース時間帯,-0.0475,2号艇の全国勝率,-0.0453,0.1107,北西 2.9m/s,[逃げ]1号艇のdominanceが有利(+18.0pt)、1号艇のracer_win_teが有利(+10.1pt) / [2着]4号艇のwin_rate_rank_2to6が有利(+19.8pt)、4号艇のclass_rank_2to6が有利(+19.1pt) / [候補2]2号艇のwin_rate_rank_2to6が不利(-15.3pt)、2号艇のsession_exh_rel_avgが有利(+6.2pt) / [除外]6号艇のvs_avg456_diffが不利(-6.2pt)、天気+11.1pt
61,16,児島,12,16:39,0.6986431111076392,2,0.34673302341559376,4,0.2920715786306558,0.4462964345634692,0.16604759531404473,0.47275700673220483,0.357368694855674,0.45423460621408984,1-2,1-4,0.24224263820282835,0.11600800858214647,0.20405379636064083,0.09755996547004919,0.03877871290256796,True,False,False,False,優勝戦,2026-09-22,1号艇のracer_win_te,0.1731,1号艇のdominance,-0.1668,1号艇のsession_exh_rel_avg,0.1248,1号艇の節間得点,0.1065,1号艇の級別順位,0.0832,2号艇の枠別出走数,-0.1227,2号艇のsession_exh_rel_avg,0.1035,1号艇の年齢,0.0702,2号艇の全国勝率,0.0531,2号艇のclass_rank_2to6,-0.0509,4号艇のwin_rate_rank_2to6,0.1461,4号艇のclass_rank_2to6,0.1115,6号艇の節間得点,-0.1082,4号艇の全国勝率,0.0944,4号艇のcumulative_diff_rank_2to6,-0.0677,0.0125,北東 4.2m/s,[逃げ]1号艇のracer_win_teが有利(+17.3pt)、1号艇のdominanceが不利(-16.7pt) / [2着]2号艇の枠別出走数が不利(-12.3pt)、2号艇のsession_exh_rel_avgが有利(+10.3pt) / [候補2]4号艇のwin_rate_rank_2to6が有利(+14.6pt)、4号艇のclass_rank_2to6が有利(+11.1pt)、天気+1.2pt
62,01,桐生,10,19:41,0.6592661869828707,3,0.4827871654176384,2,0.20164583133115727,0.451223532011838,0.17608468193777932,0.5083483148110164,0.35587926947126297,0.46836096685159145,1-3,1-2,0.13293827834268312,0.3182852536691549,0.11608667684721133,0.09033093512601538,0.0016250451467691056,True,False,False,False,予選特賞女子,2026-09-22,1号艇vs6号艇の枠別平均ST差,0.1284,3号艇のsession_exh_rel_last,-0.1239,場特性:in_escape_diff,-0.1124,3号艇のsession_exh_rel_delta,0.0905,級別の分散(2-6号艇),0.0851,5号艇のracer_2nd_te,-0.1165,3号艇のsession_exh_rel_avg,0.0902,6号艇のモーター出走数,0.0654,class_std_1to6,-0.0622,4号艇のモーター出走数,-0.0537,2号艇のwin_rate_rank_2to6,-0.1579,2号艇のsession_exh_rel_avg,-0.0914,2号艇の節間得点,-0.0835,3号艇のモーター出走数,0.0696,1号艇vs2号艇の枠別平均ST差,0.0655,0.1174,北東 1.3m/s,[逃げ]1号艇vs6号艇の枠別平均ST差が有利(+12.8pt)、3号艇のsession_exh_rel_lastが不利(-12.4pt) / [2着]5号艇のracer_2nd_teが不利(-11.7pt)、3号艇のsession_exh_rel_avgが有利(+9.0pt) / [候補2]2号艇のwin_rate_rank_2to6が不利(-15.8pt)、2号艇のsession_exh_rel_avgが不利(-9.1pt) / [除外]6号艇の直近平均着順が不利(-24.0pt)、6号艇の全国勝率が不利(-12.9pt)、天気+11.7pt
63,02,戸田,12,16:35,0.787659740013061,4,0.32942698935781933,2,0.3020190924770289,0.4973646566503026,0.2370916932360101,0.3943543885988381,0.3558594223291422,0.46646157623486323,1-4,1-2,0.23788827985943722,0.18674758145353212,0.2594763767908654,0.06754475466218,0.036002731108609784,True,False,False,False,記者選抜戦,2026-09-22,1号艇のdominance,0.3186,1号艇のracer_win_te,0.1973,1号艇のvs_max234_diff,0.1627,場特性:in_escape_diff,-0.1594,1号艇の全国勝率,0.1444,4号艇のsession_exh_rel_avg,0.0986,4号艇の節間得点,0.0767,4号艇のモーター2連率,-0.0762,4号艇のwin_rate_rank_2to6,0.0716,4号艇のcumulative_diff_rank_2to6,0.0617,2号艇のsession_exh_rel_avg,0.1256,2号艇のclass_rank_2to6,0.1037,2号艇の当地勝率,0.057,2号艇の一般戦勝率,-0.0523,2号艇のモーター2連率,-0.0377,0.0678,北東 0.5m/s,[逃げ]1号艇のdominanceが有利(+31.9pt)、1号艇のracer_win_teが有利(+19.7pt) / [2着]4号艇のsession_exh_rel_avgが有利(+9.9pt)、4号艇の節間得点が有利(+7.7pt) / [候補2]2号艇のsession_exh_rel_avgが有利(+12.6pt)、2号艇のclass_rank_2to6が有利(+10.4pt) / [除外]6号艇のwin_rate_rank_2to6が不利(-6.4pt)、5号艇のwin_rate_rank_2to6が不利(-5.7pt)、天気+6.8pt
64,03,江戸川,11,15:53,0.6581934244264012,2,0.4771287043689387,3,0.1956715106794117,0.4428326774974929,0.17092631068063852,0.5018739043677118,0.35200257052132233,0.4605450455585586,1-2,1-3,0.31404297582072377,0.1287897016767691,0.09602686174976495,0.11250257375146042,0.0068313258329572146,True,False,False,False,予選特選,2026-09-22,1号艇のdominance,0.1598,5号艇の節間得点,-0.1403,場特性:in_escape_diff,-0.1303,1号艇の節間得点,0.0932,風速区分,0.0888,2号艇のwin_rate_rank_2to6,0.1684,2号艇の全国勝率,0.052,2号艇のsession_exh_rel_avg,0.0475,2号艇の節間得点,0.0474,レース時間帯,-0.0401,3号艇の年齢,-0.0972,3号艇の当地勝率,0.0891,5号艇の節間得点,-0.0886,3号艇のwin_rate_rank_2to6,-0.0806,3号艇のcumulative_diff_rank_2to6,-0.057,0.0177,東 0.9m/s,[逃げ]1号艇のdominanceが有利(+16.0pt)、5号艇の節間得点が不利(-14.0pt) / [2着]2号艇のwin_rate_rank_2to6が有利(+16.8pt)、2号艇の全国勝率が有利(+5.2pt) / [候補2]3号艇の年齢が不利(-9.7pt)、3号艇の当地勝率が有利(+8.9pt) / [除外]1号艇vs6号艇のcumulative差が不利(-6.6pt)、6号艇のwin_rate_rank_2to6が不利(-6.6pt)、天気+1.8pt
65,22,福岡,2,12:16,0.5039735604982997,3,0.4314764289382876,2,0.3889358250832913,0.4134660847356905,0.12406210124169369,0.6963501527798851,0.3519115192183074,0.49833130514894886,1-3,1-2,0.1960133725725702,0.21745271216312037,0.0625240188856769,0.02749644270286413,0.0004870164035373864,True,True,False,False,予選,2026-09-22,6号艇の枠別出走数,-0.1075,ST差分(6-5),0.0929,1号艇の級別順位,-0.0762,1号艇のracer_win_te,-0.0652,1号艇のモーター2連率順位,0.0541,3号艇のwin_rate_rank_2to6,0.0815,風向(度),0.0673,場特性:1x_diff_course3,0.0658,3号艇の全国勝率,0.0394,3号艇のracer_2nd_te,0.0391,2号艇のwin_rate_rank_2to6,0.1598,2号艇のclass_rank_2to6,0.0925,2号艇の全国勝率,0.0522,2号艇の当地勝率,-0.049,場特性:1x_diff_course2,0.0463,0.037,北 5.3m/s,[逃げ]6号艇の枠別出走数が不利(-10.7pt)、ST差分(6-5)が有利(+9.3pt) / [2着]3号艇のwin_rate_rank_2to6が有利(+8.2pt)、風向(度)が有利(+6.7pt) / [候補2]2号艇のwin_rate_rank_2to6が有利(+16.0pt)、2号艇のclass_rank_2to6が有利(+9.2pt) / [除外]6号艇の直近平均着順が不利(-21.5pt)、6号艇の全国勝率が不利(-16.1pt)、天気+3.7pt
66,16,児島,11,16:07,0.7544036504207298,2,0.3741198597527622,4,0.2826508667437065,0.49547023355841063,0.2432011026607064,0.41356962383576223,0.3508715449940548,0.4709000506416161,1-2,1-4,0.28223738789237524,0.18347179963358357,0.21323284566603543,0.04619754046614319,0.029264076762592375,True,False,False,False,選抜戦,2026-09-22,1号艇のdominance,0.1695,1号艇のsession_exh_rel_last,0.1039,1号艇の勝率順位,0.0852,1号艇のracer_win_te,0.0771,3号艇の枠別出走数,-0.0737,2号艇のsession_exh_rel_avg,0.1192,2号艇の節間得点,0.0845,4号艇のracer_2nd_te,-0.0541,2号艇のwin_rate_rank_2to6,-0.0421,1号艇vs3号艇の枠別平均ST差,-0.0415,ST差分(3-2),0.2034,4号艇のwin_rate_rank_2to6,0.1347,ST差分(4-3),0.0914,4号艇のsession_exh_rel_avg,-0.0891,4号艇のclass_rank_2to6,0.0594,0.0107,北東 5.0m/s,[逃げ]1号艇のdominanceが有利(+16.9pt)、1号艇のsession_exh_rel_lastが有利(+10.4pt) / [2着]2号艇のsession_exh_rel_avgが有利(+11.9pt)、2号艇の節間得点が有利(+8.4pt) / [候補2]ST差分(3-2)が有利(+20.3pt)、4号艇のwin_rate_rank_2to6が有利(+13.5pt) / [除外]1号艇のsession_exh_rel_deltaが不利(-7.0pt)、6号艇のsession_exh_rel_avgが不利(-6.2pt)、天気+1.1pt
67,03,江戸川,4,12:35,0.5205611771339738,2,0.5066393659888553,4,0.24421733224584213,0.39086684669198296,0.08683958499745457,0.6640171132372428,0.35013558898478836,0.4728119266555608,1-2,1-4,0.26373678474156864,0.04520531658810072,0.12713006195041435,0.03985695133559048,0.044632054761333535,True,True,False,False,予選,2026-09-22,3号艇のsession_rank_diff_last,-0.1409,1号艇の節間得点,0.1055,場特性:in_escape_diff,-0.1018,風速区分,0.0768,1号艇の級別順位,-0.074,3号艇の全国勝率,-0.077,2号艇のclass_rank_2to6,0.0737,2号艇のsession_exh_rel_avg,-0.0683,3号艇の直近平均着順,0.0554,3号艇の当地2連率,0.0446,4号艇のwin_rate_rank_2to6,0.1863,4号艇のsession_exh_rel_avg,-0.1167,4号艇のclass_rank_2to6,0.1119,4号艇の全国勝率,0.081,4号艇の年齢,-0.075,0.0357,北東 0.7m/s,[逃げ]3号艇のsession_rank_diff_lastが不利(-14.1pt)、1号艇の節間得点が有利(+10.5pt) / [2着]3号艇の全国勝率が不利(-7.7pt)、2号艇のclass_rank_2to6が有利(+7.4pt) / [候補2]4号艇のwin_rate_rank_2to6が有利(+18.6pt)、4号艇のsession_exh_rel_avgが不利(-11.7pt) / [除外]6号艇のwin_rate_rank_2to6が不利(-6.5pt)、3号艇の直近平均着順が不利(-5.4pt)、天気+3.6pt
68,18,徳山,2,09:10,0.6684276518287072,3,0.4075976449241192,2,0.24419970431268453,0.43567937161853254,0.17354905990514852,0.47824828933165525,0.34494527718117796,0.44845004693246937,1-3,1-2,0.16322983493099236,0.2724495366875402,0.11600499058947807,0.0517835186588784,0.06495976349155705,False,False,True,False,狙いトク特選,2026-09-22,場特性:in_escape_diff,0.249,1号艇の節間得点,0.0845,1号艇の級別順位,-0.0813,場特性:1x_diff_course2,0.0689,6号艇のsession_avg_finish,-0.06,3号艇の当地勝率,0.1107,3号艇のwin_rate_rank_2to6,0.0721,3号艇のsession_exh_rel_avg,-0.0612,3号艇のcumulative_diff_rank_2to6,-0.0488,3号艇のclass_rank_2to6,0.0434,2号艇のwin_rate_rank_2to6,-0.1289,2号艇のclass_rank_2to6,-0.0561,場特性:in_escape_diff,0.0508,2号艇の全国勝率,-0.0486,場特性:1x_diff_course2,0.0463,0.0059,南西 2.7m/s,[逃げ]場特性:in_escape_diffが有利(+24.9pt)、1号艇の節間得点が有利(+8.5pt) / [2着]3号艇の当地勝率が有利(+11.1pt)、3号艇のwin_rate_rank_2to6が有利(+7.2pt) / [候補2]2号艇のwin_rate_rank_2to6が不利(-12.9pt)、2号艇のclass_rank_2to6が不利(-5.6pt) / [除外]6号艇のsession_exh_rel_avgが不利(-5.7pt)、天気+0.6pt
69,10,三国,2,08:58,0.5045038449463326,2,0.5930770725630676,4,0.17078071060602906,0.3853691886009913,0.10138108582178315,0.6624766973473135,0.33848621246183763,0.4685014412248879,1-2,1-4,0.2992096634575827,0.05114714760192372,0.08615952514340859,0.03265517879631098,0.03533232712797168,False,False,True,False,みくにあさガ,2026-09-22,風速区分,-0.223,1号艇の節間得点,0.0925,場特性:in_escape_diff,-0.0606,1号艇の勝率順位,-0.0566,1号艇の全国勝率,-0.0547,2号艇のwin_rate_rank_2to6,0.1895,2号艇のclass_rank_2to6,0.1118,3号艇の全国勝率,-0.0678,3号艇のracer_2nd_te,0.0669,2号艇の全国勝率,0.0537,4号艇のsession_exh_rel_avg,0.0843,4号艇の年齢,-0.0774,4号艇のwin_rate_rank_2to6,-0.0768,4号艇のclass_rank_2to6,-0.0716,2号艇の女子戦勝率,0.0388,-0.1927,北 10.9m/s,[逃げ]風速区分が不利(-22.3pt)、1号艇の節間得点が有利(+9.3pt) / [2着]2号艇のwin_rate_rank_2to6が有利(+19.0pt)、2号艇のclass_rank_2to6が有利(+11.2pt) / [候補2]4号艇のsession_exh_rel_avgが有利(+8.4pt)、4号艇の年齢が不利(-7.7pt)、天気-19.3pt
70,09,津,6,12:56,0.5764565875873355,3,0.46696789249638226,4,0.2671499231529472,0.42318705089628117,0.16866728594163138,0.5654505297076982,0.33753367731189865,0.4658660945397062,1-3,1-4,0.053115825107477886,0.26918671782131426,0.15400033307496688,0.0972293680915302,0.002924347115898772,True,True,False,False,予選,2026-09-22,ST差分(6-5),0.1269,1号艇のdominance,0.1244,1号艇の級別順位,-0.1015,勝率の分散(2-6号艇),-0.1005,6号艇の枠別出走数,-0.0871,3号艇のwin_rate_rank_2to6,0.1848,6号艇のモーター出走数,0.0812,3号艇のclass_rank_2to6,0.0423,2号艇のrecent_4to6_rate,0.041,2号艇のvs_boat3_diff,0.0382,2号艇の体重,0.2234,4号艇のsession_exh_rel_avg,0.1238,4号艇のwin_rate_rank_2to6,-0.0867,級別の分散(2-6号艇),-0.0631,4号艇のclass_rank_2to6,-0.0573,-0.0385,北西 5.0m/s,[逃げ]ST差分(6-5)が有利(+12.7pt)、1号艇のdominanceが有利(+12.4pt) / [2着]3号艇のwin_rate_rank_2to6が有利(+18.5pt)、6号艇のモーター出走数が有利(+8.1pt) / [候補2]2号艇の体重が有利(+22.3pt)、4号艇のsession_exh_rel_avgが有利(+12.4pt) / [除外]6号艇の直近平均着順が不利(-15.6pt)、6号艇のvs_avg456_diffが不利(-14.8pt)、天気-3.9pt
71,01,桐生,4,16:43,0.43880974953585516,2,0.6366629043501781,3,0.216240574183884,0.3742623617937914,0.08240868301240581,0.7704947955216563,0.33725139978994473,0.4931320919121509,1-2,1-3,0.2793738895966718,0.09488847219711966,0.036161733552253474,0.02351412495709514,0.004871537406183603,True,False,False,False,予選女子,2026-09-22,2号艇のsession_exh_rel_avg,-0.2461,1号艇の級別順位,-0.1096,5号艇の枠別出走数,-0.1024,5号艇の平均ST,0.0879,場特性:in_escape_diff,-0.0849,2号艇のwin_rate_rank_2to6,0.2035,2号艇のsession_exh_rel_avg,0.1402,2号艇の女子戦比率,-0.127,6号艇の体重,0.0881,2号艇のclass_rank_2to6,0.0728,2号艇のsession_exh_rel_last,-0.1972,3号艇のsession_exh_rel_avg,-0.1571,3号艇の節間得点,-0.1263,6号艇のモーター出走数,0.1007,3号艇のsession_exh_rel_last,-0.064,-0.027,北西 2.7m/s,[逃げ]2号艇のsession_exh_rel_avgが不利(-24.6pt)、1号艇の級別順位が不利(-11.0pt) / [2着]2号艇のwin_rate_rank_2to6が有利(+20.4pt)、2号艇のsession_exh_rel_avgが有利(+14.0pt) / [候補2]2号艇のsession_exh_rel_lastが不利(-19.7pt)、3号艇のsession_exh_rel_avgが不利(-15.7pt) / [除外]5号艇の直近平均着順が不利(-30.1pt)、1号艇のsession_exh_rel_deltaが不利(-8.8pt)、天気-2.7pt
72,09,津,9,14:27,0.45391680114918154,2,0.6269948179030724,4,0.18347347794365154,0.3678851762835734,0.07068144593249906,0.7397868499142249,0.33668198884734707,0.4794556783727688,1-2,1-4,0.28460348207967623,0.029693343389597174,0.08328169420389722,0.0242547890196758,0.032083495838278804,True,True,False,False,予選特賞,2026-09-22,1号艇のdominance,-0.1625,2号艇のsession_avg_finish,-0.0828,1号艇のracer_win_te,0.0663,4号艇のモーター2連率,-0.0633,1号艇の勝率順位,-0.0626,2号艇のwin_rate_rank_2to6,0.2279,2号艇のclass_rank_2to6,0.1324,2号艇のsession_exh_rel_avg,-0.1072,2号艇の当地勝率,0.0921,2号艇のracer_avgfin_te,0.073,4号艇のwin_rate_rank_2to6,0.0651,4号艇のsession_exh_rel_avg,0.0497,4号艇の年齢,0.0472,4号艇のモーター2連率,0.0357,4号艇のcumulative_diff_rank_2to6,-0.0333,0.0814,北西 3.5m/s,[逃げ]1号艇のdominanceが不利(-16.2pt)、2号艇のsession_avg_finishが不利(-8.3pt) / [2着]2号艇のwin_rate_rank_2to6が有利(+22.8pt)、2号艇のclass_rank_2to6が有利(+13.2pt) / [候補2]4号艇のwin_rate_rank_2to6が有利(+6.5pt)、4号艇のsession_exh_rel_avgが有利(+5.0pt) / [除外]3号艇のsession_exh_rel_avgが不利(-6.6pt)、天気+8.1pt
73,16,児島,5,12:52,0.6982172201698169,4,0.34154745941145254,2,0.29718832078863033,0.445976320874301,0.20474297279747344,0.43399280740260937,0.3364036995945998,0.44238126683279355,1-4,1-2,0.20750200320797327,0.09822993771602255,0.23847431766632776,0.14295506931595636,0.01105588901220969,True,True,False,False,日替艇食戦,2026-09-22,1号艇のsession_exh_rel_avg,0.1674,1号艇の節間得点,0.0914,5号艇のsession_exh_rel_avg,-0.0846,1号艇の級別順位,0.0739,1号艇の全国勝率,-0.0697,4号艇のwin_rate_rank_2to6,0.1741,4号艇のclass_rank_2to6,0.1225,5号艇のsession_rank_diff_delta,0.115,4号艇のsession_exh_rel_avg,-0.1044,4号艇の年齢,-0.0691,6号艇のsession_rank_diff_last,-0.0966,2号艇のsession_exh_rel_avg,-0.0685,2号艇の全国勝率,0.0409,1号艇vs2号艇のcumulative差,-0.0363,2号艇の直近平均着順,-0.0328,0.0399,北 3.0m/s,[逃げ]1号艇のsession_exh_rel_avgが有利(+16.7pt)、1号艇の節間得点が有利(+9.1pt) / [2着]4号艇のwin_rate_rank_2to6が有利(+17.4pt)、4号艇のclass_rank_2to6が有利(+12.2pt) / [候補2]6号艇のsession_rank_diff_lastが不利(-9.7pt)、2号艇のsession_exh_rel_avgが不利(-6.9pt) / [除外]ST差分(6-5)が不利(-7.5pt)、1号艇vs6号艇のcumulative差が不利(-6.0pt)、天気+4.0pt
74,22,福岡,7,14:45,0.4807809463434672,4,0.5219867399311088,2,0.2878119348501973,0.38933577320904195,0.12348790046207186,0.6863107743192343,0.3316418645590076,0.4784282735420996,1-4,1-2,0.13837449440622218,0.05937062964612279,0.25096127880281976,0.022935856197557593,0.009138680574312635,True,True,False,False,予選,2026-09-22,1号艇のdominance,-0.2615,1号艇のvs_max234_frame_diff,0.1707,1号艇のvs_max234_diff,-0.1057,1号艇の年齢,-0.0814,1号艇のracer_win_te,0.0638,4号艇のwin_rate_rank_2to6,0.2624,4号艇のclass_rank_2to6,0.2389,4号艇の一般戦2連率,0.1261,4号艇の全国勝率,0.1114,4号艇のsession_exh_rel_avg,0.0712,2号艇のwin_rate_rank_2to6,-0.1168,2号艇の全国勝率,-0.0583,3号艇のracer_2nd_te,0.0516,3号艇の全国勝率,-0.0436,2号艇のracer_avgfin_te,-0.0426,-0.0501,北東 6.1m/s,[逃げ]1号艇のdominanceが不利(-26.1pt)、1号艇のvs_max234_frame_diffが有利(+17.1pt) / [2着]4号艇のwin_rate_rank_2to6が有利(+26.2pt)、4号艇のclass_rank_2to6が有利(+23.9pt) / [候補2]2号艇のwin_rate_rank_2to6が不利(-11.7pt)、2号艇の全国勝率が不利(-5.8pt) / [除外]4号艇の一般戦2連率が不利(-5.1pt)、天気-5.0pt
75,02,戸田,10,15:21,0.7847781193034291,2,0.3123327575236847,5,0.2949176114958241,0.4765568025454434,0.25640870234321356,0.35084166667629524,0.32992482894523356,0.43884226178469893,1-2,1-5,0.24511191404629123,0.2012239391979399,0.05768018157505145,0.23144488849915218,0.0493171872144154,True,False,False,False,戸田特賞,2026-09-22,1号艇のdominance,0.316,場特性:in_escape_diff,-0.1616,1号艇のracer_win_te,0.1548,5号艇の節間得点,-0.1375,1号艇の全国勝率,0.1258,2号艇のsession_exh_rel_avg,-0.1191,2号艇の当地勝率,0.0904,2号艇のwin_rate_rank_2to6,0.0686,1号艇vs2号艇のplace_rate差,-0.0563,2号艇の全国勝率,0.0452,5号艇のclass_rank_2to6,0.1545,1号艇vs2号艇のlocal_win_rate差,-0.1207,1号艇の全国2連率,0.1119,5号艇のwin_rate_rank_2to6,-0.1106,5号艇の節間得点,0.0897,0.041,南東 1.0m/s,[逃げ]1号艇のdominanceが有利(+31.6pt)、場特性:in_escape_diffが不利(-16.2pt) / [2着]2号艇のsession_exh_rel_avgが不利(-11.9pt)、2号艇の当地勝率が有利(+9.0pt) / [候補2]5号艇のclass_rank_2to6が有利(+15.5pt)、1号艇vs2号艇のlocal_win_rate差が不利(-12.1pt)、天気+4.1pt
76,06,浜名湖,12,17:01,0.6297434626913787,2,0.42937812412235143,4,0.27002789797019944,0.4404463701797659,0.21478169753993084,0.48462432455262006,0.3269265873047528,0.4536997564916221,1-2,1-4,0.27039806668873817,0.13525736993152843,0.1700483034910277,0.0406923033837362,0.013347405120484879,True,False,False,False,予選特選,2026-09-22,3号艇の枠別出走数,-0.1213,1号艇の節間得点,0.1025,場特性:in_escape_diff,-0.0879,1号艇のracer_win_te,0.0865,1号艇のsession_exh_rel_avg,-0.0651,2号艇のwin_rate_rank_2to6,-0.1269,2号艇のsession_exh_rel_avg,0.0641,3号艇のracer_2nd_te,0.064,2号艇の全国勝率,0.0565,5号艇のsession_rank_diff_delta,0.0527,4号艇のwin_rate_rank_2to6,0.1752,4号艇のclass_rank_2to6,0.153,4号艇のsession_exh_rel_avg,0.0669,4号艇の全国勝率,0.0594,4号艇の節間得点,0.0424,0.0592,北東 1.8m/s,[逃げ]3号艇の枠別出走数が不利(-12.1pt)、1号艇の節間得点が有利(+10.3pt) / [2着]2号艇のwin_rate_rank_2to6が不利(-12.7pt)、2号艇のsession_exh_rel_avgが有利(+6.4pt) / [候補2]4号艇のwin_rate_rank_2to6が有利(+17.5pt)、4号艇のclass_rank_2to6が有利(+15.3pt)、天気+5.9pt
77,20,若松,8,18:23,0.6861076026877586,3,0.37094840412554986,2,0.2717327956217739,0.4409484572511288,0.2174035811460683,0.42527761860125546,0.3259119288024535,0.43624720565616676,1-3,1-2,0.18643793697569794,0.25451052027543086,0.14916224987586252,0.06705387490308676,0.028943029603505466,True,False,False,False,予選,2026-09-22,1号艇のdominance,0.1563,1号艇のracer_win_te,0.1069,1号艇の級別順位,0.0772,1号艇のlocal_win_rate順位,-0.0584,1号艇のsession_exh_count,-0.0573,3号艇のwin_rate_rank_2to6,0.1826,3号艇のcumulative_diff_rank_2to6,0.0401,3号艇の性別,-0.04,local_win_rateの分散(2-6号艇),-0.0386,場特性:1x_diff_course3,0.0342,2号艇のwin_rate_rank_2to6,-0.1591,6号艇の一般戦勝率,0.0725,2号艇のsession_exh_rel_avg,0.0637,2号艇のclass_rank_2to6,-0.0527,2号艇のモーター2連率,-0.051,-0.0501,北東 4.0m/s,[逃げ]1号艇のdominanceが有利(+15.6pt)、1号艇のracer_win_teが有利(+10.7pt) / [2着]3号艇のwin_rate_rank_2to6が有利(+18.3pt)、3号艇のcumulative_diff_rank_2to6が有利(+4.0pt) / [候補2]2号艇のwin_rate_rank_2to6が不利(-15.9pt)、6号艇の一般戦勝率が有利(+7.2pt) / [除外]6号艇のwin_rate_rank_2to6が不利(-6.8pt)、天気-5.0pt
78,17,宮島,3,11:39,0.6017539014828148,4,0.4917065175649456,2,0.1793979611738002,0.403839738383631,0.16393271428458633,0.5071717644541595,0.32439668504458397,0.4348393462047896,1-4,1-2,0.1079534230543968,0.09864715040141739,0.2958863153292342,0.09750416607316847,0.0017628541203089136,True,True,False,False,一般戦,2026-09-22,1号艇のsession_exh_rel_avg,0.1597,1号艇の女子戦比率,-0.1515,節間得点の分散(2-6号艇),-0.1045,6号艇のモーター出走数,-0.1013,1号艇のdominance,0.0843,4号艇の節間得点,0.1519,4号艇のwin_rate_rank_2to6,0.1208,5号艇のsession_rank_diff_delta,0.0779,6号艇の全国2連率,-0.0626,4号艇の年齢,0.0572,2号艇のsession_exh_rel_avg,-0.1488,2号艇の全国勝率,-0.0973,2号艇の節間得点,-0.062,2号艇の当地勝率,-0.0503,2号艇のwin_rate_rank_2to6,-0.0502,0.0933,北東 1.5m/s,[逃げ]1号艇のsession_exh_rel_avgが有利(+16.0pt)、1号艇の女子戦比率が不利(-15.2pt) / [2着]4号艇の節間得点が有利(+15.2pt)、4号艇のwin_rate_rank_2to6が有利(+12.1pt) / [候補2]2号艇のsession_exh_rel_avgが不利(-14.9pt)、2号艇の全国勝率が不利(-9.7pt) / [除外]6号艇の全国勝率が不利(-17.5pt)、6号艇のracer_win_teが不利(-15.5pt)、天気+9.3pt
79,18,徳山,5,10:29,0.4632006534585902,2,0.5893575410967014,3,0.20080907208713722,0.36600569156791507,0.10014147112560595,0.6900251420582326,0.3220228734951681,0.4632115267150103,1-2,1-3,0.27299079815674,0.0930148934111751,0.04204110835209402,0.046385594863685216,0.008768261694620437,False,False,True,False,予選,2026-09-22,1号艇のracer_win_te,-0.2456,場特性:in_escape_diff,0.2353,1号艇のsession_exh_rel_avg,0.19,1号艇のdominance,-0.1598,1号艇の年齢,0.1187,2号艇のclass_rank_2to6,0.0971,2号艇のracer_avgfin_te,0.0755,2号艇のsession_exh_rel_avg,0.0722,場特性:1x_diff_course2,0.0523,2号艇の全国勝率,0.0521,3号艇のwin_rate_rank_2to6,-0.1178,3号艇のsession_exh_rel_avg,0.0946,1号艇vs2号艇のplace_rate差,0.0525,場特性:1x_diff_course3,0.0474,3号艇の全国勝率,-0.0463,0.0486,南西 2.6m/s,[逃げ]1号艇のracer_win_teが不利(-24.6pt)、場特性:in_escape_diffが有利(+23.5pt) / [2着]2号艇のclass_rank_2to6が有利(+9.7pt)、2号艇のracer_avgfin_teが有利(+7.5pt) / [候補2]3号艇のwin_rate_rank_2to6が不利(-11.8pt)、3号艇のsession_exh_rel_avgが有利(+9.5pt) / [除外]4号艇の女子戦2連率が不利(-16.4pt)、天気+4.9pt
80,20,若松,10,19:28,0.5794424740093445,2,0.35849466575628935,3,0.3159008165755641,0.3907733867430943,0.1479647770195535,0.5264307053123,0.3213885503015531,0.43147058231385593,1-2,1-3,0.20772703604497733,0.183046350698117,0.08062898245706661,0.08573707646245107,0.022303028346732468,True,False,False,False,予選,2026-09-22,1号艇の女子戦比率,-0.2157,レース時間帯,0.0998,1号艇のracer_win_te,0.0919,1号艇の級別順位,0.079,1号艇の年齢,0.0765,3号艇の全国2連率,0.1255,2号艇のwin_rate_rank_2to6,-0.1252,2号艇の当地勝率,0.0816,2号艇の全国勝率,0.0632,2号艇のsession_exh_rel_avg,0.057,3号艇のwin_rate_rank_2to6,0.1685,3号艇の全国勝率,0.1424,1号艇の直近1着率,0.0672,全艇平均勝率,-0.0538,3号艇のcumulative_diff_rank_2to6,0.0383,0.123,北東 2.9m/s,[逃げ]1号艇の女子戦比率が不利(-21.6pt)、レース時間帯が有利(+10.0pt) / [2着]3号艇の全国2連率が有利(+12.5pt)、2号艇のwin_rate_rank_2to6が不利(-12.5pt) / [候補2]3号艇のwin_rate_rank_2to6が有利(+16.8pt)、3号艇の全国勝率が有利(+14.2pt) / [除外]6号艇のwin_rate_rank_2to6が不利(-7.5pt)、3号艇のracer_win_teが不利(-5.4pt)、天気+12.3pt
81,03,江戸川,8,14:24,0.5008773906842517,3,0.6190936846508943,5,0.12474838928371096,0.37257367707352734,0.11789613182563798,0.6259459421089673,0.31986368265709947,0.4485853565841593,1-3,1-5,0.05905150688059212,0.31009002935703894,0.04846450781102389,0.06248364771648842,0.020787701717978932,True,True,False,False,予選,2026-09-22,場特性:in_escape_diff,-0.1557,1号艇のsession_exh_rel_avg,-0.1307,風速区分,0.0716,1号艇vs3号艇のcumulative差,-0.0695,1号艇の級別順位,0.0666,3号艇のwin_rate_rank_2to6,0.1818,3号艇のsession_exh_rel_avg,0.0896,3号艇の当地勝率,0.0659,1号艇vs2号艇のlocal_win_rate差,-0.0499,3号艇のclass_rank_2to6,0.0438,5号艇の年齢,0.1403,5号艇のwin_rate_rank_2to6,0.1302,5号艇のracer_avgfin_te,-0.0946,5号艇のracer_win_te,-0.0731,1号艇vs5号艇のcumulative差,0.0663,0.0247,南東 1.7m/s,[逃げ]場特性:in_escape_diffが不利(-15.6pt)、1号艇のsession_exh_rel_avgが不利(-13.1pt) / [2着]3号艇のwin_rate_rank_2to6が有利(+18.2pt)、3号艇のsession_exh_rel_avgが有利(+9.0pt) / [候補2]5号艇の年齢が有利(+14.0pt)、5号艇のwin_rate_rank_2to6が有利(+13.0pt) / [除外]6号艇のwin_rate_rank_2to6が不利(-8.5pt)、2号艇のwin_rate_rank_2to6が不利(-6.9pt)、天気+2.5pt
82,03,江戸川,5,13:02,0.3857940190270069,2,0.48164752062170524,3,0.3944453745780683,0.337991399080127,0.05036254917800363,0.8257303460217699,0.3175648689306288,0.4843130831626198,1-2,1-3,0.18581673273504085,0.15217466634508614,0.018825634775811118,0.019429570255827304,0.009547410244358663,True,True,False,False,予選,2026-09-22,1号艇のsession_exh_rel_avg,-0.167,1号艇の直近1着率,-0.1022,1号艇のracer_win_te,-0.0916,1号艇vs2号艇のcumulative差,-0.0874,1号艇の級別順位,-0.0866,ST差分(3-2),-0.0707,2号艇のwin_rate_rank_2to6,0.0654,2号艇のclass_rank_2to6,0.0615,4号艇のモーター出走数,-0.0497,5号艇のracer_2nd_te,-0.0431,3号艇のsession_exh_rel_avg,-0.1672,3号艇のwin_rate_rank_2to6,0.1596,3号艇の節間得点,0.0476,1号艇のsession_exh_rel_avg,0.0437,3号艇の枠別平均ST,-0.0367,-0.0137,南東 0.8m/s,[逃げ]1号艇のsession_exh_rel_avgが不利(-16.7pt)、1号艇の直近1着率が不利(-10.2pt) / [2着]ST差分(3-2)が不利(-7.1pt)、2号艇のwin_rate_rank_2to6が有利(+6.5pt) / [候補2]3号艇のsession_exh_rel_avgが不利(-16.7pt)、3号艇のwin_rate_rank_2to6が有利(+16.0pt) / [除外]1号艇vs3号艇のcumulative差が不利(-5.4pt)、4号艇のwin_rate_rank_2to6が不利(-5.1pt)、天気-1.4pt
83,22,福岡,12,17:28,0.6319954770678281,2,0.4238885778774549,3,0.23462613376849611,0.41617831934286603,0.2060749118255103,0.4524397998204407,0.31326162678814184,0.4270567634861384,1-2,1-3,0.2678956639992653,0.14828265534360074,0.13023841221087398,0.06905352553269244,0.016525225867312147,True,False,False,False,ファン選抜,2026-09-22,1号艇の年齢,-0.1216,race_no,0.1187,1号艇のracer_win_te,0.083,レース時間帯,0.077,1号艇の節間得点,-0.0719,2号艇のwin_rate_rank_2to6,-0.128,2号艇のsession_exh_rel_avg,0.0832,2号艇の当地勝率,0.0764,2号艇の全国勝率,0.065,2号艇のracer_avgfin_te,0.0632,3号艇のwin_rate_rank_2to6,-0.1098,3号艇のracer_avgfin_te,0.0514,6号艇のracer_2nd_te,-0.0513,3号艇のcumulative_diff_rank_2to6,0.0483,4号艇の当地2連率,0.0473,0.1187,北東 2.5m/s,[逃げ]1号艇の年齢が不利(-12.2pt)、race_noが有利(+11.9pt) / [2着]2号艇のwin_rate_rank_2to6が不利(-12.8pt)、2号艇のsession_exh_rel_avgが有利(+8.3pt) / [候補2]3号艇のwin_rate_rank_2to6が不利(-11.0pt)、3号艇のracer_avgfin_teが有利(+5.1pt) / [除外]4号艇の当地2連率が不利(-15.8pt)、天気+11.9pt
84,09,津,2,11:00,0.46185144978190773,2,0.38881284957253426,3,0.3742194936112523,0.352407593929918,0.09486786151302343,0.6681644816707631,0.31228900814942046,0.4471346602521715,1-2,1-3,0.17957377826890975,0.17283381566100822,0.04381485937749911,0.04344003438674488,0.022188975851991543,True,True,False,False,予選,2026-09-22,1号艇のracer_win_te,-0.2249,1号艇のsession_exh_rel_avg,0.1629,1号艇vs4号艇の枠別勝率差,-0.1266,1号艇の全国勝率,-0.0891,1号艇のframe_dominance,-0.0793,2号艇の全国勝率,-0.0688,2号艇のclass_rank_2to6,-0.054,2号艇のsession_exh_rel_avg,0.0448,second_best_win_rate,0.0438,場特性:1x_diff_course2,0.0324,3号艇のwin_rate_rank_2to6,0.1876,3号艇のsession_exh_rel_avg,0.0605,3号艇の当地勝率,0.0393,3号艇のモーター2連率,-0.0375,3号艇の全国勝率,-0.0341,-0.0157,北西 5.5m/s,[逃げ]1号艇のracer_win_teが不利(-22.5pt)、1号艇のsession_exh_rel_avgが有利(+16.3pt) / [2着]2号艇の全国勝率が不利(-6.9pt)、2号艇のclass_rank_2to6が不利(-5.4pt) / [候補2]3号艇のwin_rate_rank_2to6が有利(+18.8pt)、3号艇のsession_exh_rel_avgが有利(+6.0pt)、天気-1.6pt
85,11,琵琶湖,12,16:13,0.6801167461624007,2,0.38143131036172695,4,0.24639500392768757,0.4269951900296493,0.22712970222446882,0.40069661206494567,0.3106152415943917,0.41910561664023815,1-2,1-4,0.2594178216876785,0.15447471403374072,0.16757736834197082,0.06845504404357254,0.030191800589070384,True,False,False,False,つるやパンＤ,2026-09-22,race_no,0.1318,1号艇の年齢,-0.1128,1号艇のracer_win_te,0.1083,風速区分,0.0961,レース時間帯,0.0837,2号艇のwin_rate_rank_2to6,-0.1269,2号艇の当地勝率,0.0826,2号艇のモーター2連率,0.0624,2号艇のclass_rank_2to6,-0.0562,2号艇の全国勝率,0.0545,4号艇のwin_rate_rank_2to6,0.1659,4号艇の全国勝率,0.1371,4号艇のclass_rank_2to6,-0.0786,4号艇のsession_exh_rel_avg,0.0547,4号艇のcumulative_diff_rank_2to6,0.0363,0.152,北 1.0m/s,[逃げ]race_noが有利(+13.2pt)、1号艇の年齢が不利(-11.3pt) / [2着]2号艇のwin_rate_rank_2to6が不利(-12.7pt)、2号艇の当地勝率が有利(+8.3pt) / [候補2]4号艇のwin_rate_rank_2to6が有利(+16.6pt)、4号艇の全国勝率が有利(+13.7pt)、天気+15.2pt
86,02,戸田,5,12:44,0.49249968000435285,4,0.5279335166495909,3,0.2647965681326798,0.3904193130850918,0.1720329205325433,0.6206971642497274,0.30982134349028656,0.45950266843448245,1-4,1-3,0.08472615831249183,0.13041222507159564,0.2600070880134962,0.016184284406936904,0.0011699267798851393,True,True,False,False,ウインウイン,2026-09-22,場特性:in_escape_diff,-0.1481,1号艇の節間得点,0.1288,5号艇の枠別出走数,-0.1283,3号艇のsession_exh_rel_avg,-0.1247,ST差分(6-5),0.0958,4号艇のwin_rate_rank_2to6,0.2384,4号艇のclass_rank_2to6,0.2205,4号艇の全国勝率,0.1129,4号艇の節間得点,0.1072,4号艇のsession_exh_rel_avg,0.0782,3号艇のsession_exh_rel_avg,0.1395,3号艇のracer_win_te,-0.0616,3号艇のwin_rate_rank_2to6,0.0534,3号艇の当地勝率,-0.0471,3号艇の全国勝率,-0.0466,0.0084,北 1.2m/s,[逃げ]場特性:in_escape_diffが不利(-14.8pt)、1号艇の節間得点が有利(+12.9pt) / [2着]4号艇のwin_rate_rank_2to6が有利(+23.8pt)、4号艇のclass_rank_2to6が有利(+22.0pt) / [候補2]3号艇のsession_exh_rel_avgが有利(+14.0pt)、3号艇のracer_win_teが不利(-6.2pt) / [除外]6号艇の直近平均着順が不利(-22.0pt)、6号艇のvs_avg456_diffが不利(-11.3pt)、天気+0.8pt
87,20,若松,3,15:56,0.5874007472307716,2,0.3810822232964787,3,0.26431083150019113,0.37910436264511416,0.1548298529410744,0.4905632018555953,0.30866835538391885,0.41254201440825844,1-2,1-3,0.22384798272071535,0.15525637992439884,0.09094717131121759,0.07273495245729963,0.04461427394657007,True,False,False,False,予選,2026-09-22,1号艇のracer_win_te,0.1115,1号艇の級別順位,0.0807,1号艇の勝率順位,-0.0754,1号艇の節間得点,-0.0689,1号艇の年齢,0.0665,2号艇のwin_rate_rank_2to6,-0.1318,2号艇の当地勝率,0.0737,2号艇のsession_exh_rel_avg,0.0607,2号艇の全国勝率,0.0604,2号艇のracer_avgfin_te,0.0512,3号艇のwin_rate_rank_2to6,0.0701,風向(度),0.068,avg_456_win_rate,-0.0465,場特性:1x_diff_course3,0.0438,3号艇の当地勝率,-0.0432,0.0659,北 3.7m/s,[逃げ]1号艇のracer_win_teが有利(+11.1pt)、1号艇の級別順位が有利(+8.1pt) / [2着]2号艇のwin_rate_rank_2to6が不利(-13.2pt)、2号艇の当地勝率が有利(+7.4pt) / [候補2]3号艇のwin_rate_rank_2to6が有利(+7.0pt)、風向(度)が有利(+6.8pt)、天気+6.6pt
88,03,江戸川,1,11:14,0.6040650771596088,3,0.4441605279021026,2,0.22971137903295336,0.4070624854584173,0.21783185763858107,0.4560400492964749,0.3006570725995554,0.4217557546098345,1-3,1-2,0.13876062189998112,0.26830186355843616,0.13158461789227038,0.05879720464653821,0.006620754535317417,True,True,False,False,予選,2026-09-22,1号艇のracer_win_te,-0.1467,1号艇のdominance,0.1159,場特性:in_escape_diff,-0.1007,1号艇のsession_exh_rel_avg,0.0867,1号艇の級別順位,0.0805,3号艇のsession_exh_rel_avg,0.0924,3号艇の節間得点,-0.0752,3号艇のwin_rate_rank_2to6,-0.065,3号艇のcumulative_diff_rank_2to6,-0.0611,3号艇のsession_exh_rel_delta,0.0583,2号艇のwin_rate_rank_2to6,-0.1804,2号艇の全国勝率,-0.1515,2号艇のsession_exh_rel_avg,0.0996,2号艇の直近平均着順,-0.0732,second_best_win_rate,0.0643,0.0302,北西 1.1m/s,[逃げ]1号艇のracer_win_teが不利(-14.7pt)、1号艇のdominanceが有利(+11.6pt) / [2着]3号艇のsession_exh_rel_avgが有利(+9.2pt)、3号艇の節間得点が不利(-7.5pt) / [候補2]2号艇のwin_rate_rank_2to6が不利(-18.0pt)、2号艇の全国勝率が不利(-15.2pt) / [除外]6号艇の全国勝率が不利(-19.2pt)、6号艇の直近平均着順が不利(-15.3pt)、天気+3.0pt
89,10,三国,12,14:11,0.7058567874301047,4,0.33222569616381226,2,0.2757869685746467,0.4291698662491059,0.2515687916706193,0.35644387306783964,0.2996109726406313,0.40735206829472603,1-4,1-2,0.19466610365318734,0.1775715391062966,0.2345037625959186,0.07949548041124069,0.01961989771917929,True,True,False,False,カニ坊選抜,2026-09-22,風速区分,-0.2415,1号艇のdominance,0.213,1号艇のsession_exh_rel_avg,0.1622,1号艇のracer_win_te,0.1292,1号艇vs4号艇のcumulative差,-0.0777,4号艇のwin_rate_rank_2to6,0.1655,4号艇のclass_rank_2to6,0.1362,2号艇のsession_exh_rel_delta,0.0851,4号艇のcumulative_diff_rank_2to6,0.0613,4号艇の年齢,-0.0607,2号艇のwin_rate_rank_2to6,-0.1473,2号艇のsession_exh_rel_avg,0.0751,2号艇のclass_rank_2to6,-0.0646,2号艇の全国勝率,0.0578,2号艇の当地勝率,-0.0374,-0.1711,北東 10.3m/s,[逃げ]風速区分が不利(-24.1pt)、1号艇のdominanceが有利(+21.3pt) / [2着]4号艇のwin_rate_rank_2to6が有利(+16.6pt)、4号艇のclass_rank_2to6が有利(+13.6pt) / [候補2]2号艇のwin_rate_rank_2to6が不利(-14.7pt)、2号艇のsession_exh_rel_avgが有利(+7.5pt) / [除外]6号艇のsession_exh_rel_avgが不利(-7.4pt)、6号艇のwin_rate_rank_2to6が不利(-7.0pt)、天気-17.1pt
90,08,常滑,12,16:11,0.7948602130523986,4,0.2763380743079544,3,0.2392491340173587,0.40981975825654976,0.22593910832979924,0.2896480999955138,0.2987065853488473,0.373768260778239,1-4,1-3,0.17673433653207907,0.19016961763763962,0.21965014061891017,0.1795900077838932,0.0287161164020466,True,False,False,False,予選ドリーム,2026-09-22,1号艇のdominance,0.13,1号艇のracer_win_te,0.1114,場特性:in_escape_diff,0.1099,1号艇の級別順位,0.0898,レース時間帯,0.0784,4号艇のwin_rate_rank_2to6,0.0921,4号艇のclass_rank_2to6,-0.0736,4号艇の全国勝率,0.0584,4号艇のcumulative_diff_rank_2to6,0.0511,5号艇の直近1着率,-0.0439,3号艇のwin_rate_rank_2to6,-0.1008,3号艇のcumulative_diff_rank_2to6,0.0616,1号艇のracer_win_te,-0.0453,全艇平均勝率,-0.0279,3号艇のモーター出走数,0.0276,0.077,北 5.2m/s,[逃げ]1号艇のdominanceが有利(+13.0pt)、1号艇のracer_win_teが有利(+11.1pt) / [2着]4号艇のwin_rate_rank_2to6が有利(+9.2pt)、4号艇のclass_rank_2to6が不利(-7.4pt) / [候補2]3号艇のwin_rate_rank_2to6が不利(-10.1pt)、3号艇のcumulative_diff_rank_2to6が有利(+6.2pt) / [除外]6号艇のwin_rate_rank_2to6が不利(-6.8pt)、天気+7.7pt
91,16,児島,10,15:34,0.5807775822908017,4,0.4281758177007788,2,0.2729435207083125,0.4071943942585584,0.2246809558000802,0.47643838260901106,0.2974078034204213,0.4279675907636942,1-4,1-2,0.15851947805891312,0.13048966229635706,0.24867491619964535,0.02971690834481979,0.013376616850175093,True,False,False,False,選抜戦,2026-09-22,4号艇のsession_rank_diff_delta,-0.2007,1号艇のdominance,0.1607,1号艇のsession_exh_rel_avg,-0.1329,1号艇のracer_win_te,0.1053,max_234_frame_win_rate,-0.1043,4号艇のwin_rate_rank_2to6,0.2306,4号艇のclass_rank_2to6,0.204,4号艇のsession_rank_diff_last,-0.1328,4号艇の節間得点,0.1221,4号艇のcumulative_diff_rank_2to6,0.0714,2号艇のwin_rate_rank_2to6,-0.1558,2号艇のsession_exh_rel_avg,0.1015,2号艇の節間得点,0.0838,2号艇の全国勝率,-0.0726,2号艇のsession_avg_finish,0.0653,0.0189,北東 5.7m/s,[逃げ]4号艇のsession_rank_diff_deltaが不利(-20.1pt)、1号艇のdominanceが有利(+16.1pt) / [2着]4号艇のwin_rate_rank_2to6が有利(+23.1pt)、4号艇のclass_rank_2to6が有利(+20.4pt) / [候補2]2号艇のwin_rate_rank_2to6が不利(-15.6pt)、2号艇のsession_exh_rel_avgが有利(+10.2pt) / [除外]6号艇のwin_rate_rank_2to6が不利(-8.5pt)、2号艇のsession_exh_rel_lastが不利(-6.3pt)、天気+1.9pt
92,16,児島,3,11:55,0.5753941652535377,2,0.4559986105707425,3,0.18974148259929335,0.37155508188031444,0.16923505435957023,0.4765050388104657,0.2960989085048069,0.40304006895935984,1-2,1-3,0.2623789398861254,0.10917614199418905,0.07131771862335465,0.0351444933409654,0.097376862834862,True,True,False,False,一般,2026-09-22,1号艇の勝率順位,-0.0781,1号艇のracer_win_te,-0.0757,風速区分,0.0674,1号艇の節間得点,-0.0669,2号艇の体重,0.0599,2号艇のclass_rank_2to6,0.1317,2号艇のsession_exh_rel_avg,-0.1035,2号艇の節間得点,-0.0602,2号艇の全国勝率,0.0574,2号艇のwin_rate_rank_2to6,0.056,3号艇のsession_exh_rel_avg,-0.1285,1号艇vs6号艇のcumulative差,-0.1143,3号艇のwin_rate_rank_2to6,-0.07,3号艇の全国勝率,-0.0535,6号艇のracer_2nd_te,-0.0442,0.0759,北西 1.5m/s,[逃げ]1号艇の勝率順位が不利(-7.8pt)、1号艇のracer_win_teが不利(-7.6pt) / [2着]2号艇のclass_rank_2to6が有利(+13.2pt)、2号艇のsession_exh_rel_avgが不利(-10.4pt) / [候補2]3号艇のsession_exh_rel_avgが不利(-12.9pt)、1号艇vs6号艇のcumulative差が不利(-11.4pt)、天気+7.6pt
93,10,三国,6,10:50,0.4313866870822154,3,0.41262346656231363,2,0.3748140703741555,0.33969007034320303,0.11510780219151726,0.6723297347449518,0.29276889743501744,0.43948196966372766,1-3,1-2,0.16168980009050726,0.17800027025269577,0.0496559734447136,0.035908867477762244,0.006131778628857641,False,False,True,False,予選,2026-09-22,風速区分,-0.1323,1号艇のsession_exh_rel_avg,0.1173,1号艇のdominance,-0.0943,1号艇の級別順位,-0.0921,4号艇のsession_exh_rel_last,-0.0867,3号艇のsession_exh_rel_avg,0.088,3号艇の当地勝率,0.088,3号艇のcumulative_diff_rank_2to6,0.057,local_win_rateの分散(2-6号艇),0.0477,6号艇のsession_exh_rel_delta,0.0448,2号艇のwin_rate_rank_2to6,0.1847,2号艇のsession_exh_rel_avg,-0.1037,2号艇の全国勝率,0.0398,2号艇のモーター2連率,-0.0374,5号艇のsession_rank_diff_delta,0.0371,-0.1215,北 11.9m/s,[逃げ]風速区分が不利(-13.2pt)、1号艇のsession_exh_rel_avgが有利(+11.7pt) / [2着]3号艇のsession_exh_rel_avgが有利(+8.8pt)、3号艇の当地勝率が有利(+8.8pt) / [候補2]2号艇のwin_rate_rank_2to6が有利(+18.5pt)、2号艇のsession_exh_rel_avgが不利(-10.4pt) / [除外]6号艇のvs_avg456_diffが不利(-10.6pt)、6号艇のwin_rate_rank_2to6が不利(-9.4pt)、天気-12.1pt
94,11,琵琶湖,1,10:32,0.5069259913882951,3,0.3783453781992541,2,0.3179510795821783,0.35297077216101075,0.14543609151000408,0.5508603662714282,0.29136914473657205,0.41233765039413595,1-3,1-2,0.16117766623017443,0.19179310593083634,0.07372533487234763,0.035632189429117875,0.04459769870271174,False,False,True,False,予選,2026-09-22,1号艇のdominance,0.1154,ST差分(4-3),-0.0756,1号艇のモーター2連率順位,0.0672,1号艇のsession_exh_count,-0.0552,1号艇のvs_max234_diff,0.0535,3号艇のwin_rate_rank_2to6,0.1624,3号艇のモーター2連率,0.0391,3号艇の全国勝率,0.037,1号艇vs6号艇の枠別勝率差,-0.0343,3号艇のclass_rank_2to6,-0.0339,2号艇のwin_rate_rank_2to6,-0.1528,2号艇のsession_exh_rel_avg,0.0459,2号艇の直近平均着順,-0.0439,2号艇のclass_rank_2to6,-0.0425,2号艇のモーター2連率,0.0314,0.065,北 3.4m/s,[逃げ]1号艇のdominanceが有利(+11.5pt)、ST差分(4-3)が不利(-7.6pt) / [2着]3号艇のwin_rate_rank_2to6が有利(+16.2pt)、3号艇のモーター2連率が有利(+3.9pt) / [候補2]2号艇のwin_rate_rank_2to6が不利(-15.3pt)、2号艇のsession_exh_rel_avgが有利(+4.6pt) / [除外]4号艇のwin_rate_rank_2to6が不利(-5.3pt)、天気+6.5pt
95,16,児島,8,14:22,0.7433428189018806,3,0.24666047463176013,2,0.2444517399777772,0.36506473800499883,0.17953546361780337,0.311576750991734,0.2864142576191116,0.3490183419010193,1-3,1-2,0.18171144548055043,0.18335329252444837,0.12722789983270552,0.133456397618514,0.11759379452233347,True,True,False,False,一般,2026-09-22,1号艇のdominance,0.2624,1号艇のvs_max234_diff,0.1134,1号艇の勝率順位,0.0961,1号艇のlocal_win_rate順位,0.0789,1号艇vs5号艇のcumulative差,-0.0774,3号艇のsession_exh_rel_avg,-0.1344,3号艇の節間得点,-0.0927,3号艇の全国勝率,-0.0715,1号艇のracer_2nd_te,0.0549,3号艇のwin_rate_rank_2to6,-0.0499,2号艇のwin_rate_rank_2to6,-0.1402,2号艇の全国勝率,-0.1036,2号艇の節間得点,-0.0774,2号艇のsession_avg_finish,-0.0642,2号艇のclass_rank_2to6,-0.0548,0.0341,北 5.7m/s,[逃げ]1号艇のdominanceが有利(+26.2pt)、1号艇のvs_max234_diffが有利(+11.3pt) / [2着]3号艇のsession_exh_rel_avgが不利(-13.4pt)、3号艇の節間得点が不利(-9.3pt) / [候補2]2号艇のwin_rate_rank_2to6が不利(-14.0pt)、2号艇の全国勝率が不利(-10.4pt) / [除外]6号艇のsession_exh_rel_avgが不利(-7.9pt)、4号艇のwin_rate_rank_2to6が不利(-5.8pt)、天気+3.4pt
96,06,浜名湖,9,15:30,0.4316236796044025,2,0.5366974712638335,3,0.25902830184941367,0.3434540861471977,0.13938911592001496,0.6563366571932323,0.28600557243458824,0.43731885746100807,1-2,1-3,0.2316513373812739,0.11180274876592379,0.023503540710036384,0.06016364311020146,0.004502417274603623,True,False,False,False,予選特賞,2026-09-22,1号艇の年齢,-0.1176,3号艇の直近1着率,-0.0846,1号艇の節間得点,0.083,1号艇の級別順位,-0.0734,1号艇vs2号艇のcumulative差,0.0717,2号艇のwin_rate_rank_2to6,0.1957,2号艇のsession_exh_rel_avg,0.1018,2号艇のclass_rank_2to6,0.0663,3号艇のrecent_race_count,0.0594,4号艇のracer_2nd_te,0.0524,3号艇のsession_exh_rel_avg,-0.1341,3号艇のwin_rate_rank_2to6,0.0599,3号艇のracer_2nd_te,0.0547,1号艇vs3号艇の直近複勝率差,0.0417,3号艇のcumulative_diff_rank_2to6,0.0396,0.0292,東 0.9m/s,[逃げ]1号艇の年齢が不利(-11.8pt)、3号艇の直近1着率が不利(-8.5pt) / [2着]2号艇のwin_rate_rank_2to6が有利(+19.6pt)、2号艇のsession_exh_rel_avgが有利(+10.2pt) / [候補2]3号艇のsession_exh_rel_avgが不利(-13.4pt)、3号艇のwin_rate_rank_2to6が有利(+6.0pt) / [除外]6号艇のracer_win_teが不利(-13.4pt)、6号艇のwin_rate_rank_2to6が不利(-7.0pt)、天気+2.9pt
97,17,宮島,5,12:41,0.7163309710580084,6,0.2740810635382397,2,0.2494949756663843,0.3750537325861542,0.19896510392126301,0.32461093528336105,0.2855066067300801,0.3599208933953162,1-6,1-2,0.1787209781931952,0.14252486609857587,0.10037207201473387,0.09838030035854448,0.1963327543929589,True,True,False,False,ランチタイム,2026-09-22,1号艇のsession_exh_rel_avg,-0.1073,1号艇のvs_max234_diff,0.0931,3号艇の枠別出走数,-0.0779,風速区分,0.0719,1号艇のracer_win_te,0.0714,6号艇のwin_rate_rank_2to6,0.339,6号艇の女子戦比率,-0.1861,6号艇のclass_rank_2to6,0.1537,6号艇のvs_avg456_diff,0.1296,3号艇の一般戦勝率,0.1236,2号艇のwin_rate_rank_2to6,-0.2004,2号艇の全国勝率,-0.1792,2号艇のsession_exh_rel_avg,-0.0989,win_rate_gap_top2_2to6,-0.0618,3号艇のracer_win_te,0.0583,0.1801,北東 1.4m/s,[逃げ]1号艇のsession_exh_rel_avgが不利(-10.7pt)、1号艇のvs_max234_diffが有利(+9.3pt) / [2着]6号艇のwin_rate_rank_2to6が有利(+33.9pt)、6号艇の女子戦比率が不利(-18.6pt) / [候補2]2号艇のwin_rate_rank_2to6が不利(-20.0pt)、2号艇の全国勝率が不利(-17.9pt) / [除外]mean_234_classが不利(-6.4pt)、3号艇のsession_exh_rel_avgが不利(-5.9pt)、天気+18.0pt
98,01,桐生,6,17:44,0.6648450441827076,4,0.3124646235182704,5,0.2779453633644873,0.3925311538149789,0.23070892349576047,0.35970106338699726,0.28385862589273586,0.38268212668658436,1-4,1-5,0.1533856844348838,0.11288547198784199,0.20774055642853761,0.18479059738644127,0.0060427543781145015,True,False,False,False,ＤＤ目玉女子,2026-09-22,1号艇のdominance,0.2469,1号艇のvs_max234_diff,0.1554,場特性:in_escape_diff,-0.1047,場×風向,-0.0777,1号艇vs5号艇のcumulative差,-0.0776,5号艇のsession_exh_rel_last,0.1211,1号艇のsession_exh_rel_delta,0.1021,1号艇のモーター出走数,0.0996,4号艇のsession_exh_rel_avg,-0.0931,3号艇のsession_exh_rel_delta,-0.0833,5号艇のwin_rate_rank_2to6,0.2087,5号艇のsession_exh_rel_avg,0.1267,mean_234_全国勝率,0.0792,3号艇の年齢,0.0789,5号艇のsession_avg_finish,0.0696,-0.0086,北 1.9m/s,[逃げ]1号艇のdominanceが有利(+24.7pt)、1号艇のvs_max234_diffが有利(+15.5pt) / [2着]5号艇のsession_exh_rel_lastが有利(+12.1pt)、1号艇のsession_exh_rel_deltaが有利(+10.2pt) / [候補2]5号艇のwin_rate_rank_2to6が有利(+20.9pt)、5号艇のsession_exh_rel_avgが有利(+12.7pt) / [除外]6号艇の直近平均着順が不利(-26.6pt)、6号艇のwin_rate_rank_2to6が不利(-11.3pt)、天気-0.9pt
99,02,戸田,7,13:45,0.569836036749096,3,0.3479862172078663,6,0.2980613255089274,0.36814117129323004,0.19595562229664493,0.45009192042014884,0.28157397251669325,0.39272639603130566,1-3,1-6,0.11166257518822294,0.19829508685704061,0.061083696057291116,0.02894857722791463,0.1698460844361894,True,True,False,False,ウインウイン,2026-09-22,場特性:in_escape_diff,-0.218,1号艇のsession_exh_rel_avg,0.1417,4号艇のモーター2連率,-0.1318,1号艇のracer_win_te,0.1181,2号艇のモーター2連率,-0.072,3号艇のsession_exh_rel_avg,-0.1499,3号艇のwin_rate_rank_2to6,0.0714,3号艇の年齢,-0.0514,3号艇の当地勝率,0.0474,4号艇の女子戦2連率,0.0378,6号艇のwin_rate_rank_2to6,0.3496,6号艇のsession_exh_rel_last,0.2349,6号艇のvs_avg456_diff,0.1328,6号艇のsession_exh_rel_avg,0.1265,場特性:1x_diff_course2,0.1128,0.058,南東 1.2m/s,[逃げ]場特性:in_escape_diffが不利(-21.8pt)、1号艇のsession_exh_rel_avgが有利(+14.2pt) / [2着]3号艇のsession_exh_rel_avgが不利(-15.0pt)、3号艇のwin_rate_rank_2to6が有利(+7.1pt) / [候補2]6号艇のwin_rate_rank_2to6が有利(+35.0pt)、6号艇のsession_exh_rel_lastが有利(+23.5pt) / [除外]5号艇のracer_win_teが不利(-6.5pt)、5号艇のracer_avgfin_teが不利(-5.5pt)、天気+5.8pt
100,22,福岡,9,15:47,0.6004086546860796,3,0.3529587287880219,2,0.295451392413849,0.3893110485556531,0.23102895802132456,0.41738116318054636,0.28138049748285093,0.39773208294312107,1-3,1-2,0.17739157304432807,0.2119194755113251,0.13871178587911023,0.053952259719776546,0.01843354822970874,True,False,False,False,予選特賞,2026-09-22,1号艇のdominance,0.1672,ST差分(4-3),-0.0965,1号艇の勝率順位,0.0723,1号艇の枠別勝率,-0.072,1号艇の級別順位,0.0693,3号艇のwin_rate_rank_2to6,-0.1044,3号艇の女子戦勝率,0.0476,場特性:1x_diff_course3,0.0456,3号艇の全国勝率,0.0405,3号艇のcumulative_diff_rank_2to6,0.0393,2号艇のsession_exh_rel_avg,0.057,2号艇のモーター2連率,0.0545,2号艇のclass_rank_2to6,-0.0438,場特性:1x_diff_course2,0.0406,1号艇の体重,-0.038,-0.0203,北東 4.4m/s,[逃げ]1号艇のdominanceが有利(+16.7pt)、ST差分(4-3)が不利(-9.6pt) / [2着]3号艇のwin_rate_rank_2to6が不利(-10.4pt)、3号艇の女子戦勝率が有利(+4.8pt) / [候補2]2号艇のsession_exh_rel_avgが有利(+5.7pt)、2号艇のモーター2連率が有利(+5.4pt)、天気-2.0pt
101,20,若松,2,15:27,0.5484953712956472,2,0.42976080342819956,4,0.22419162048826968,0.35868987756575227,0.18412819356205457,0.4698242303544147,0.27943597451954044,0.39203018340235096,1-2,1-4,0.23572181144466595,0.10099346189381592,0.12296806612108631,0.06864683275189346,0.02016518784601087,True,False,False,False,予選,2026-09-22,1号艇の女子戦比率,-0.2738,1号艇の級別順位,0.084,1号艇のracer_win_te,0.0831,1号艇の勝率順位,-0.0808,1号艇のモーター2連率順位,0.0682,2号艇のwin_rate_rank_2to6,0.1509,2号艇の当地勝率,0.0904,2号艇の全国勝率,0.0562,2号艇のclass_rank_2to6,-0.0527,2号艇のsession_exh_rel_avg,0.0517,4号艇のwin_rate_rank_2to6,0.0893,4号艇のclass_rank_2to6,-0.0811,4号艇の全国勝率,0.0788,4号艇の年齢,0.063,4号艇のcumulative_diff_rank_2to6,0.043,0.0477,北東 3.3m/s,[逃げ]1号艇の女子戦比率が不利(-27.4pt)、1号艇の級別順位が有利(+8.4pt) / [2着]2号艇のwin_rate_rank_2to6が有利(+15.1pt)、2号艇の当地勝率が有利(+9.0pt) / [候補2]4号艇のwin_rate_rank_2to6が有利(+8.9pt)、4号艇のclass_rank_2to6が不利(-8.1pt) / [除外]6号艇のwin_rate_rank_2to6が不利(-7.5pt)、6号艇のvs_avg456_diffが不利(-5.8pt)、天気+4.8pt
102,20,若松,9,18:54,0.6400933911549547,2,0.370597378145496,4,0.22108578387203864,0.37873248166509027,0.21892139609556846,0.3727617659219662,0.27923730930565727,0.376941266942153,1-2,1-4,0.2372169325302856,0.14013013882318948,0.1415155491348046,0.08385579373893218,0.03737498169681017,True,False,False,False,予選,2026-09-22,1号艇のdominance,0.1957,1号艇のracer_win_te,0.1623,ST差分(4-3),-0.0882,1号艇の勝率順位,0.0705,1号艇の全国勝率,0.0685,2号艇のwin_rate_rank_2to6,-0.1252,2号艇の全国勝率,0.067,2号艇のsession_exh_rel_avg,0.052,2号艇のclass_rank_2to6,-0.0421,2号艇の体重,-0.0316,4号艇の全国勝率,0.0917,4号艇のclass_rank_2to6,-0.0724,4号艇のwin_rate_rank_2to6,-0.0714,4号艇の年齢,0.0573,3号艇の枠別勝率,0.0535,0.0526,北東 3.5m/s,[逃げ]1号艇のdominanceが有利(+19.6pt)、1号艇のracer_win_teが有利(+16.2pt) / [2着]2号艇のwin_rate_rank_2to6が不利(-12.5pt)、2号艇の全国勝率が有利(+6.7pt) / [候補2]4号艇の全国勝率が有利(+9.2pt)、4号艇のclass_rank_2to6が不利(-7.2pt)、天気+5.3pt
103,18,徳山,10,13:12,0.5958973116704573,2,0.3877243368758301,4,0.2206934512777946,0.36255452433323077,0.2018009230278152,0.4066168651258095,0.274757919143203,0.37577322657100437,1-2,1-4,0.2310438900135179,0.12025262752489196,0.13151063431971285,0.10234276416440888,0.010747393428035296,True,True,False,False,予選,2026-09-22,場特性:in_escape_diff,0.2472,1号艇のdominance,-0.1286,2号艇のsession_exh_rel_avg,-0.1182,1号艇の級別順位,-0.1028,3号艇の平均ST,-0.0797,2号艇のsession_exh_rel_avg,0.1738,6号艇のsession_rank_diff_last,-0.1119,2号艇のwin_rate_rank_2to6,0.0714,2号艇のsession_exh_rel_last,0.0663,2号艇の全国勝率,0.0605,4号艇のwin_rate_rank_2to6,0.1602,4号艇のsession_exh_rel_avg,-0.0881,4号艇のclass_rank_2to6,0.0502,5号艇の一般戦2連率,-0.0484,4号艇の節間得点,0.0483,0.0327,北東 2.5m/s,[逃げ]場特性:in_escape_diffが有利(+24.7pt)、1号艇のdominanceが不利(-12.9pt) / [2着]2号艇のsession_exh_rel_avgが有利(+17.4pt)、6号艇のsession_rank_diff_lastが不利(-11.2pt) / [候補2]4号艇のwin_rate_rank_2to6が有利(+16.0pt)、4号艇のsession_exh_rel_avgが不利(-8.8pt) / [除外]6号艇のwin_rate_rank_2to6が不利(-6.4pt)、天気+3.3pt
104,09,津,8,13:56,0.5495855630106041,3,0.3634583494500643,5,0.2727709508914974,0.3496624382320599,0.17911565007827912,0.45711365026328254,0.2745064203137901,0.38189780184142663,1-3,1-5,0.07525705971776948,0.19975146161341847,0.09843937539228138,0.14991097661864144,0.026226693763224895,True,True,False,False,予選,2026-09-22,1号艇vs4号艇の枠別平均ST差,-0.0843,1号艇の勝率順位,-0.0711,場特性:in_escape_diff,0.0642,1号艇の節間得点,-0.0569,1号艇のsession_exh_count,-0.0521,3号艇のwin_rate_rank_2to6,0.0904,3号艇のsession_exh_rel_avg,-0.0816,2号艇のvs_boat3_diff,0.0516,3号艇の全国勝率,0.0473,3号艇のracer_avgfin_te,0.0416,5号艇のwin_rate_rank_2to6,0.2189,5号艇のclass_rank_2to6,0.1605,1号艇のモーター出走数,0.0955,5号艇の枠別勝率,0.0633,5号艇の年齢,-0.0568,-0.0499,北西 4.6m/s,[逃げ]1号艇vs4号艇の枠別平均ST差が不利(-8.4pt)、1号艇の勝率順位が不利(-7.1pt) / [2着]3号艇のwin_rate_rank_2to6が有利(+9.0pt)、3号艇のsession_exh_rel_avgが不利(-8.2pt) / [候補2]5号艇のwin_rate_rank_2to6が有利(+21.9pt)、5号艇のclass_rank_2to6が有利(+16.1pt) / [除外]2号艇のwin_rate_rank_2to6が不利(-5.6pt)、天気-5.0pt
105,09,津,4,11:57,0.4916409466166709,2,0.5176082024491696,3,0.20556317536433766,0.3555406607543149,0.19366670348236265,0.5295046743311447,0.27291299548763986,0.4077298648273638,1-2,1-3,0.2544773866286632,0.10106327412565169,0.09521448142819888,0.018795364583086883,0.022090445345586046,True,True,False,False,予選,2026-09-22,1号艇のdominance,-0.2557,1号艇のvs_max234_diff,-0.1563,1号艇のsession_exh_rel_avg,0.1518,1号艇のモーター2連率,0.0963,1号艇の級別順位,-0.084,2号艇のwin_rate_rank_2to6,0.2049,2号艇のclass_rank_2to6,0.1019,2号艇の当地勝率,0.0715,2号艇の全国勝率,0.0556,2号艇のracer_avgfin_te,0.0525,4号艇のモーター出走数,-0.1502,3号艇のwin_rate_rank_2to6,-0.1371,6号艇のモーター出走数,0.0958,1号艇vs2号艇のplace_rate差,0.0592,3号艇のracer_2nd_te,0.0477,0.0022,北西 4.7m/s,[逃げ]1号艇のdominanceが不利(-25.6pt)、1号艇のvs_max234_diffが不利(-15.6pt) / [2着]2号艇のwin_rate_rank_2to6が有利(+20.5pt)、2号艇のclass_rank_2to6が有利(+10.2pt) / [候補2]4号艇のモーター出走数が不利(-15.0pt)、3号艇のwin_rate_rank_2to6が不利(-13.7pt)、天気影響ほぼなし
106,11,琵琶湖,9,14:34,0.5382887029692638,3,0.4176923000121462,4,0.2417085511902463,0.3549480289305644,0.1946696598459307,0.46473119135646185,0.27203089446468853,0.38788297765833357,1-3,1-4,0.10478847870593382,0.22483904641378677,0.13010898251677758,0.0385455140544213,0.04000668328362596,True,True,False,False,予選,2026-09-22,1号艇のdominance,0.141,風速区分,0.0689,1号艇の勝率順位,-0.0682,1号艇のsession_exh_count,-0.057,2号艇の平均ST,-0.0505,3号艇のwin_rate_rank_2to6,0.0782,風向(度),0.0468,場特性:1x_diff_course3,-0.0449,3号艇の全国勝率,0.035,3号艇のモーター2連率,0.0334,4号艇のモーター2連率,0.1104,4号艇のclass_rank_2to6,0.0887,4号艇のwin_rate_rank_2to6,-0.0723,4号艇のsession_exh_rel_avg,0.0521,4号艇のcumulative_diff_rank_2to6,0.0491,0.1394,北 1.9m/s,[逃げ]1号艇のdominanceが有利(+14.1pt)、風速区分が有利(+6.9pt) / [2着]3号艇のwin_rate_rank_2to6が有利(+7.8pt)、風向(度)が有利(+4.7pt) / [候補2]4号艇のモーター2連率が有利(+11.0pt)、4号艇のclass_rank_2to6が有利(+8.9pt) / [除外]2号艇のwin_rate_rank_2to6が不利(-5.5pt)、天気+13.9pt
107,20,若松,4,16:25,0.5288838860647418,2,0.3929801281980039,3,0.25563638344905926,0.3430428212456556,0.17647923903493146,0.4721372726121317,0.2703948979858604,0.3817711566555984,1-2,1-3,0.2078408573475807,0.1352019638980749,0.09333702575054302,0.051857821027199456,0.04064621607109768,True,False,False,False,予選,2026-09-22,1号艇のdominance,0.0875,1号艇の級別順位,0.078,1号艇のracer_win_te,0.0715,1号艇のモーター2連率順位,-0.0675,1号艇の年齢,0.0661,2号艇のwin_rate_rank_2to6,-0.1349,2号艇のモーター2連率,0.1069,2号艇のsession_exh_rel_avg,0.0621,2号艇の全国勝率,0.0605,2号艇の直近平均着順,0.0284,3号艇のwin_rate_rank_2to6,-0.0636,6号艇のracer_2nd_te,-0.0581,3号艇のcumulative_diff_rank_2to6,0.045,場特性:1x_diff_course3,0.0449,全艇平均勝率,-0.0442,-0.0017,北 4.4m/s,[逃げ]1号艇のdominanceが有利(+8.8pt)、1号艇の級別順位が有利(+7.8pt) / [2着]2号艇のwin_rate_rank_2to6が不利(-13.5pt)、2号艇のモーター2連率が有利(+10.7pt) / [候補2]3号艇のwin_rate_rank_2to6が不利(-6.4pt)、6号艇のracer_2nd_teが不利(-5.8pt)、天気影響ほぼなし
108,18,徳山,8,12:05,0.4151678011428591,3,0.5417124346925161,2,0.2046656220181527,0.30987213662584856,0.11483754658968043,0.6315405101209883,0.2671701895139109,0.4063726486743905,1-3,1-2,0.08497057626281199,0.22490156036303657,0.047676851706278264,0.017814808264683533,0.039804009185910524,True,True,False,False,予選,2026-09-22,場特性:in_escape_diff,0.227,1号艇のracer_win_te,-0.1939,1号艇のdominance,-0.1751,1号艇の年齢,-0.1197,1号艇の級別順位,-0.0993,3号艇のwin_rate_rank_2to6,0.1849,3号艇のsession_exh_rel_avg,0.0615,3号艇の全国勝率,0.0474,場特性:1x_diff_course3,0.0398,3号艇のモーター2連率,0.0394,2号艇のwin_rate_rank_2to6,-0.165,2号艇の全国勝率,-0.1499,2号艇のracer_avgfin_te,-0.0574,2号艇のsession_exh_rel_avg,0.0564,1号艇の年齢,0.0474,0.121,北 0.6m/s,[逃げ]場特性:in_escape_diffが有利(+22.7pt)、1号艇のracer_win_teが不利(-19.4pt) / [2着]3号艇のwin_rate_rank_2to6が有利(+18.5pt)、3号艇のsession_exh_rel_avgが有利(+6.2pt) / [候補2]2号艇のwin_rate_rank_2to6が不利(-16.5pt)、2号艇の全国勝率が不利(-15.0pt) / [除外]6号艇のsession_exh_rel_avgが不利(-5.5pt)、天気+12.1pt
109,01,桐生,9,19:14,0.43053623032246047,2,0.5020072831881266,4,0.21557231930074677,0.30894401701184926,0.11897878443363988,0.5986008180552336,0.26483467668931054,0.3958410573248645,1-2,1-4,0.2161323232982359,0.04548998383366409,0.09281169371361331,0.024877549732730563,0.05122467733840795,True,False,False,False,予選特賞男子,2026-09-22,3号艇の枠別出走数,-0.1866,6号艇のモーター出走数,-0.1331,場特性:in_escape_diff,-0.1033,1号艇の節間得点,0.1012,1号艇の級別順位,-0.0979,2号艇のclass_rank_2to6,0.0716,2号艇のwin_rate_rank_2to6,0.066,3号艇の全国勝率,-0.0639,2号艇のsession_exh_rel_avg,0.0569,2号艇の全国勝率,0.0505,4号艇のsession_exh_rel_avg,0.0982,4号艇のwin_rate_rank_2to6,-0.0896,1号艇のモーター出走数,0.057,級別の分散(2-6号艇),-0.0478,3号艇の枠別平均ST,-0.0462,-0.0005,北東 1.3m/s,[逃げ]3号艇の枠別出走数が不利(-18.7pt)、6号艇のモーター出走数が不利(-13.3pt) / [2着]2号艇のclass_rank_2to6が有利(+7.2pt)、2号艇のwin_rate_rank_2to6が有利(+6.6pt) / [候補2]4号艇のsession_exh_rel_avgが有利(+9.8pt)、4号艇のwin_rate_rank_2to6が不利(-9.0pt) / [除外]5号艇のracer_avgfin_teが不利(-6.5pt)、天気影響ほぼなし
110,03,江戸川,10,15:22,0.5879185100966268,3,0.3444612617852501,2,0.24366730068764145,0.3457716681943333,0.1967001596847874,0.3914284027881042,0.2641556573763725,0.35946868857246456,1-3,1-2,0.14325651637954492,0.20251515181478835,0.08905369150524362,0.11564366481764879,0.0374494877695682,True,False,False,False,予選特賞,2026-09-22,場特性:in_escape_diff,-0.1653,1号艇のdominance,0.1576,1号艇の勝率順位,0.0831,ST差分(4-3),-0.0749,風速区分,0.073,2号艇の枠別平均ST,0.2074,3号艇のモーター2連率,0.1216,3号艇のwin_rate_rank_2to6,-0.1065,6号艇のracer_2nd_te,-0.0575,3号艇のsession_exh_rel_avg,0.0572,2号艇のwin_rate_rank_2to6,-0.1711,2号艇のsession_exh_rel_avg,0.1579,2号艇のモーター2連率,0.083,2号艇の全国勝率,-0.0787,2号艇のclass_rank_2to6,-0.0584,0.0921,東 1.1m/s,[逃げ]場特性:in_escape_diffが不利(-16.5pt)、1号艇のdominanceが有利(+15.8pt) / [2着]2号艇の枠別平均STが有利(+20.7pt)、3号艇のモーター2連率が有利(+12.2pt) / [候補2]2号艇のwin_rate_rank_2to6が不利(-17.1pt)、2号艇のsession_exh_rel_avgが有利(+15.8pt)、天気+9.2pt
111,17,宮島,10,15:19,0.4977066516412364,2,0.3520989742019897,3,0.33208785143132447,0.3405243340830032,0.18748699962375212,0.496699826009562,0.26391167124768505,0.3873769816609708,1-2,1-3,0.17524200149638638,0.16528233258661687,0.09331352680899942,0.04467178933523583,0.01919700512220138,True,False,False,False,準優勝戦,2026-09-22,1号艇のdominance,0.2857,1号艇の女子戦比率,-0.2328,4号艇のモーター2連率,-0.1106,1号艇のracer_win_te,0.1007,1号艇vs4号艇の枠別平均ST差,-0.0706,2号艇のwin_rate_rank_2to6,0.0877,2号艇の節間得点,0.0606,2号艇の体重,-0.0533,2号艇のsession_exh_rel_avg,-0.0497,レース時間帯,-0.0451,3号艇のsession_exh_rel_avg,0.13,3号艇のwin_rate_rank_2to6,-0.106,3号艇の女子戦比率,-0.0958,4号艇のモーター出走数,-0.0635,場特性:1x_diff_course3,0.0523,0.0535,北 3.2m/s,[逃げ]1号艇のdominanceが有利(+28.6pt)、1号艇の女子戦比率が不利(-23.3pt) / [2着]2号艇のwin_rate_rank_2to6が有利(+8.8pt)、2号艇の節間得点が有利(+6.1pt) / [候補2]3号艇のsession_exh_rel_avgが有利(+13.0pt)、3号艇のwin_rate_rank_2to6が不利(-10.6pt) / [除外]4号艇の女子戦2連率が不利(-7.8pt)、天気+5.3pt
112,20,若松,7,17:53,0.6124746518086658,2,0.32898332085916465,4,0.29143723474315286,0.37999186376746835,0.25509899446766476,0.3653215611346527,0.2636692129438983,0.37559077297762367,1-2,1-4,0.20149394489407543,0.15624166781332374,0.17849791887339295,0.058566987628730964,0.017674118909267407,True,False,False,False,予選,2026-09-22,1号艇のdominance,0.1706,3号艇のracer_win_te,-0.1543,1号艇の勝率順位,0.0772,1号艇のracer_win_te,0.0752,1号艇の全国勝率,0.0746,2号艇のwin_rate_rank_2to6,0.1421,2号艇のモーター2連率,-0.0598,2号艇のracer_avgfin_te,0.0556,2号艇の全国勝率,0.0436,2号艇のclass_rank_2to6,-0.0429,4号艇の年齢,0.1089,4号艇の全国勝率,0.0995,4号艇のwin_rate_rank_2to6,0.0904,1号艇の女子戦勝率,0.088,4号艇のclass_rank_2to6,-0.0794,-0.0021,北東 4.2m/s,[逃げ]1号艇のdominanceが有利(+17.1pt)、3号艇のracer_win_teが不利(-15.4pt) / [2着]2号艇のwin_rate_rank_2to6が有利(+14.2pt)、2号艇のモーター2連率が不利(-6.0pt) / [候補2]4号艇の年齢が有利(+10.9pt)、4号艇の全国勝率が有利(+10.0pt) / [除外]6号艇のwin_rate_rank_2to6が不利(-7.9pt)、天気影響ほぼなし
113,10,三国,3,09:24,0.4700864018915996,3,0.4054251138554903,2,0.30106960608398636,0.3321135608517619,0.1741798262813663,0.5323148936581104,0.26269658204994684,0.3921739606936664,1-3,1-2,0.1415287278429424,0.19058483300881954,0.08187956781871136,0.05503590417378567,0.0010573618236063708,False,False,True,False,みくにあさズ,2026-09-22,1号艇のdominance,0.1657,風速区分,-0.1545,1号艇のsession_exh_rel_avg,-0.1306,ST差分(6-5),0.0889,1号艇の勝率順位,0.0718,3号艇のwin_rate_rank_2to6,0.1557,風向(度),0.0447,3号艇のclass_rank_2to6,0.0424,3号艇のsession_exh_rel_avg,-0.04,6号艇の直近平均着順,-0.0364,2号艇のsession_exh_rel_avg,0.1628,2号艇のwin_rate_rank_2to6,-0.1342,2号艇の全国勝率,-0.0816,2号艇のsession_avg_finish,0.057,2号艇の直近平均着順,0.0538,-0.0962,北 11.2m/s,[逃げ]1号艇のdominanceが有利(+16.6pt)、風速区分が不利(-15.5pt) / [2着]3号艇のwin_rate_rank_2to6が有利(+15.6pt)、風向(度)が有利(+4.5pt) / [候補2]2号艇のsession_exh_rel_avgが有利(+16.3pt)、2号艇のwin_rate_rank_2to6が不利(-13.4pt) / [除外]6号艇の直近平均着順が不利(-28.2pt)、6号艇の全国勝率が不利(-15.0pt)、天気-9.6pt
114,02,戸田,3,11:45,0.4183558354533379,2,0.49800354103096856,4,0.24854576256235253,0.3123232576118914,0.13571258914980638,0.6108367144435147,0.2614598200812373,0.40187729466137834,1-2,1-4,0.20834268746673149,0.056776153615302846,0.10398057014515993,0.04857977151457043,0.0006766593351851392,True,True,False,False,予選,2026-09-22,場特性:in_escape_diff,-0.1197,1号艇のsession_exh_rel_avg,-0.1139,1号艇の年齢,-0.0982,1号艇の節間得点,0.0928,1号艇の級別順位,-0.0791,2号艇のclass_rank_2to6,0.0916,2号艇の節間得点,0.0782,2号艇のsession_exh_rel_avg,0.0765,2号艇の全国勝率,0.065,2号艇のwin_rate_rank_2to6,0.0564,4号艇のwin_rate_rank_2to6,-0.0897,4号艇のsession_exh_rel_avg,0.0871,4号艇のモーター2連率,0.0835,4号艇のclass_rank_2to6,-0.0653,6号艇の全国2連率,-0.0608,-0.0201,北 2.3m/s,[逃げ]場特性:in_escape_diffが不利(-12.0pt)、1号艇のsession_exh_rel_avgが不利(-11.4pt) / [2着]2号艇のclass_rank_2to6が有利(+9.2pt)、2号艇の節間得点が有利(+7.8pt) / [候補2]4号艇のwin_rate_rank_2to6が不利(-9.0pt)、4号艇のsession_exh_rel_avgが有利(+8.7pt) / [除外]6号艇の直近平均着順が不利(-24.5pt)、6号艇の全国勝率が不利(-17.1pt)、天気-2.0pt
115,11,琵琶湖,6,13:01,0.3719578714919006,2,0.5370384362171379,3,0.2522667632571915,0.29358828195396164,0.0991218698115656,0.6901833296627639,0.25866705859951145,0.4125667962666023,1-2,1-3,0.19975567364466543,0.09383260830929616,0.03236976882304919,0.03686915971340722,0.00913066931538891,True,True,False,False,予選,2026-09-22,1号艇のdominance,-0.2855,1号艇のvs_max234_diff,-0.1375,1号艇の全国勝率,-0.089,1号艇の級別順位,-0.0809,1号艇の節間得点,-0.0562,2号艇のwin_rate_rank_2to6,0.2076,2号艇の当地勝率,0.0756,2号艇のclass_rank_2to6,0.0744,2号艇のracer_avgfin_te,0.057,2号艇の全国勝率,0.0478,1号艇のvs_max234_diff,-0.074,3号艇のwin_rate_rank_2to6,0.0689,場特性:1x_diff_course3,-0.0394,3号艇のcumulative_diff_rank_2to6,0.0393,3号艇のracer_2nd_te,0.0342,0.1302,北 3.2m/s,[逃げ]1号艇のdominanceが不利(-28.6pt)、1号艇のvs_max234_diffが不利(-13.7pt) / [2着]2号艇のwin_rate_rank_2to6が有利(+20.8pt)、2号艇の当地勝率が有利(+7.6pt) / [候補2]1号艇のvs_max234_diffが不利(-7.4pt)、3号艇のwin_rate_rank_2to6が有利(+6.9pt) / [除外]2号艇のracer_2nd_teが不利(-6.7pt)、4号艇のwin_rate_rank_2to6が不利(-5.7pt)、天気+13.0pt
116,10,三国,4,09:50,0.4867567181296472,3,0.402163458893779,4,0.2995444113847648,0.3415610200225282,0.20509923492001358,0.49660863535853017,0.25749633536038424,0.3880753046233288,1-3,1-4,0.09983343048056735,0.19575576540280315,0.14580525461972504,0.02678483370175943,0.01857744571130773,False,False,True,False,みくにあさ推,2026-09-22,風速区分,-0.1386,1号艇のracer_win_te,-0.0908,1号艇の一般戦勝率,-0.057,1号艇のdominance,0.0554,avg_entry_count,-0.0527,3号艇のwin_rate_rank_2to6,0.0688,風向(度),0.0529,3号艇の節間得点,0.046,3号艇の女子戦勝率,0.0397,3号艇のcumulative_diff_rank_2to6,0.0383,4号艇のwin_rate_rank_2to6,0.165,4号艇のclass_rank_2to6,0.1648,4号艇の年齢,-0.0725,5号艇のsession_rank_diff_delta,0.0617,4号艇のsession_exh_rel_avg,-0.0531,-0.1306,北 11.6m/s,[逃げ]風速区分が不利(-13.9pt)、1号艇のracer_win_teが不利(-9.1pt) / [2着]3号艇のwin_rate_rank_2to6が有利(+6.9pt)、風向(度)が有利(+5.3pt) / [候補2]4号艇のwin_rate_rank_2to6が有利(+16.5pt)、4号艇のclass_rank_2to6が有利(+16.5pt) / [除外]6号艇のsession_exh_rel_avgが不利(-8.0pt)、2号艇のwin_rate_rank_2to6が不利(-5.2pt)、天気-13.1pt
117,11,琵琶湖,2,11:03,0.36495681812145153,2,0.42178310686491927,3,0.37490544431681094,0.29075691867307346,0.09550738788264723,0.701181163299083,0.2574335980995464,0.4138841920608763,1-2,1-3,0.15393262061880109,0.13682429805427235,0.03485607238874221,0.029817979555817463,0.009525841385752971,True,True,False,False,予選,2026-09-22,1号艇のdominance,-0.2521,1号艇の級別順位,-0.0925,1号艇のvs_max234_diff,-0.0909,1号艇の全国勝率,-0.0844,1号艇のモーター2連率順位,-0.0721,2号艇の当地勝率,0.1103,2号艇のclass_rank_2to6,0.0808,2号艇のwin_rate_rank_2to6,0.059,2号艇の全国勝率,0.0585,2号艇のsession_exh_rel_avg,0.0428,3号艇のwin_rate_rank_2to6,0.1651,3号艇の当地勝率,0.1022,3号艇の全国勝率,0.0416,3号艇のclass_rank_2to6,0.0363,場特性:1x_diff_course3,-0.0327,0.095,北 3.4m/s,[逃げ]1号艇のdominanceが不利(-25.2pt)、1号艇の級別順位が不利(-9.2pt) / [2着]2号艇の当地勝率が有利(+11.0pt)、2号艇のclass_rank_2to6が有利(+8.1pt) / [候補2]3号艇のwin_rate_rank_2to6が有利(+16.5pt)、3号艇の当地勝率が有利(+10.2pt) / [除外]6号艇のwin_rate_rank_2to6が不利(-6.0pt)、4号艇のwin_rate_rank_2to6が不利(-5.2pt)、天気+9.5pt
118,01,桐生,12,20:35,0.513035851878725,3,0.39146764170225246,2,0.2832071732833554,0.34613236844726253,0.2171263638634935,0.4575484511221144,0.2559470133555668,0.37955719324971804,1-3,1-2,0.1452954334035919,0.2008369350436706,0.1113936090500374,0.012795383433742993,0.04271450432613453,False,False,False,False,桐生特選女子,2026-09-22,1号艇のdominance,-0.1658,1号艇のsession_exh_rel_avg,0.1227,場特性:in_escape_diff,-0.101,race_no,0.0809,1号艇の節間得点,0.0786,3号艇のwin_rate_rank_2to6,0.2257,3号艇のsession_exh_rel_avg,0.103,5号艇のsession_exh_rel_delta,0.0996,4号艇のsession_exh_rel_delta,-0.0678,3号艇の女子戦比率,-0.0678,2号艇のsession_exh_rel_avg,-0.1317,2号艇のwin_rate_rank_2to6,-0.1294,2号艇の体重,-0.0678,4号艇の女子戦比率,0.0632,2号艇のclass_rank_2to6,-0.0548,0.0995,北東 1.2m/s,[逃げ]1号艇のdominanceが不利(-16.6pt)、1号艇のsession_exh_rel_avgが有利(+12.3pt) / [2着]3号艇のwin_rate_rank_2to6が有利(+22.6pt)、3号艇のsession_exh_rel_avgが有利(+10.3pt) / [候補2]2号艇のsession_exh_rel_avgが不利(-13.2pt)、2号艇のwin_rate_rank_2to6が不利(-12.9pt) / [除外]6号艇の女子戦比率が不利(-6.2pt)、5号艇のracer_avgfin_teが不利(-5.8pt)、天気+10.0pt
119,18,徳山,12,14:29,0.5404939482453273,3,0.3207562359480405,2,0.2934748017427219,0.33198815869630455,0.19625259386835062,0.4179784438224118,0.2538039139630317,0.3577852442341367,1-3,1-2,0.1586213543044384,0.17336680439186616,0.10607333931329153,0.07986855398300302,0.022563889205489126,True,True,False,False,ドリーム戦,2026-09-22,場特性:in_escape_diff,0.2203,1号艇の枠別出走数,-0.1801,1号艇の年齢,-0.153,1号艇のracer_win_te,0.1256,race_no,0.0933,3号艇のsession_exh_rel_avg,0.1146,3号艇のwin_rate_rank_2to6,-0.0925,3号艇のモーター2連率,0.0551,3号艇のcumulative_diff_rank_2to6,0.0544,3号艇のclass_rank_2to6,0.0524,2号艇のwin_rate_rank_2to6,-0.1382,2号艇のsession_exh_rel_avg,0.1245,場特性:in_escape_diff,0.0806,2号艇の全国勝率,0.0646,2号艇のclass_rank_2to6,-0.0552,0.1126,北東 2.7m/s,[逃げ]場特性:in_escape_diffが有利(+22.0pt)、1号艇の枠別出走数が不利(-18.0pt) / [2着]3号艇のsession_exh_rel_avgが有利(+11.5pt)、3号艇のwin_rate_rank_2to6が不利(-9.3pt) / [候補2]2号艇のwin_rate_rank_2to6が不利(-13.8pt)、2号艇のsession_exh_rel_avgが有利(+12.5pt) / [除外]5号艇のsession_exh_rel_avgが不利(-5.2pt)、天気+11.3pt
120,06,浜名湖,6,13:51,0.3715594178046825,4,0.45247982516117347,3,0.34107240518253923,0.2948518047041172,0.12613530949347,0.6674169208502427,0.2502223363348428,0.4066213395479549,1-4,1-3,0.046866762160007146,0.12672866429886703,0.16812314040525014,0.01839611790593329,0.01144473441879159,True,True,False,False,予選,2026-09-22,1号艇のsession_exh_rel_avg,0.1373,1号艇vs4号艇のcumulative差,-0.1117,1号艇のdominance,-0.0795,4号艇のsession_exh_rel_avg,-0.0647,1号艇vs3号艇のlocal_win_rate差,-0.0647,4号艇のwin_rate_rank_2to6,0.2517,4号艇のclass_rank_2to6,0.2069,4号艇の節間得点,0.1403,4号艇の全国勝率,0.1188,4号艇のsession_exh_rel_avg,0.0683,3号艇の当地勝率,0.1065,3号艇の一般戦2連率,0.0763,3号艇のcumulative_diff_rank_2to6,0.044,3号艇の節間得点,0.0389,3号艇のwin_rate_rank_2to6,0.0386,-0.0207,南東 2.6m/s,[逃げ]1号艇のsession_exh_rel_avgが有利(+13.7pt)、1号艇vs4号艇のcumulative差が不利(-11.2pt) / [2着]4号艇のwin_rate_rank_2to6が有利(+25.2pt)、4号艇のclass_rank_2to6が有利(+20.7pt) / [候補2]3号艇の当地勝率が有利(+10.6pt)、3号艇の一般戦2連率が有利(+7.6pt) / [除外]2号艇のwin_rate_rank_2to6が不利(-5.3pt)、天気-2.1pt
121,16,児島,2,11:25,0.48145366093868663,2,0.37550287002200833,3,0.2847335563748112,0.31787324457382443,0.1821060037111959,0.47813042268562356,0.2484092930665635,0.3659503980073642,1-2,1-3,0.18078723146507972,0.13708601310874477,0.04474418730789897,0.08767560216566932,0.031160625097739213,True,True,False,False,一般,2026-09-22,3号艇の平均ST,-0.3572,1号艇のracer_win_te,-0.1344,1号艇のvs_max234_diff,0.093,1号艇の級別順位,0.0901,ST差分(4-3),-0.0737,2号艇のモーター2連率,0.0927,3号艇のracer_win_te,0.0795,2号艇の全国勝率,-0.0635,3号艇のracer_2nd_te,0.0615,全艇平均勝率,0.061,3号艇の節間得点,-0.1312,3号艇のsession_exh_rel_avg,0.1179,3号艇のwin_rate_rank_2to6,0.0895,2号艇のsession_rank_diff_delta,-0.0679,3号艇のracer_avgfin_te,-0.0598,0.1428,北 1.5m/s,[逃げ]3号艇の平均STが不利(-35.7pt)、1号艇のracer_win_teが不利(-13.4pt) / [2着]2号艇のモーター2連率が有利(+9.3pt)、3号艇のracer_win_teが有利(+8.0pt) / [候補2]3号艇の節間得点が不利(-13.1pt)、3号艇のsession_exh_rel_avgが有利(+11.8pt) / [除外]6号艇のwin_rate_rank_2to6が不利(-9.6pt)、6号艇の直近平均着順が不利(-7.4pt)、天気+14.3pt
122,09,津,10,15:05,0.47038722757630025,2,0.3400433885547741,4,0.3351375257649306,0.3175964783992774,0.188915027246491,0.4862658870732137,0.2455979815550505,0.36819730100145825,1-2,1-4,0.15995206679793084,0.08886321591397812,0.1576444116013466,0.05399297384863102,0.009934568176058567,True,False,False,False,予選特賞,2026-09-22,1号艇のdominance,-0.1333,1号艇の級別順位,-0.1105,1号艇のracer_win_te,0.1023,ST差分(4-3),-0.0967,6号艇のモーター出走数,-0.0704,2号艇のclass_rank_2to6,0.0745,2号艇のsession_exh_rel_avg,0.0718,2号艇の全国勝率,0.0655,1号艇の女子戦2連率,0.0432,ST差分(4-3),-0.0422,4号艇のwin_rate_rank_2to6,0.1842,4号艇の全国勝率,0.1553,4号艇のclass_rank_2to6,0.1121,6号艇のモーター出走数,0.0958,4号艇の全国2連率,0.0572,0.0288,北西 3.0m/s,[逃げ]1号艇のdominanceが不利(-13.3pt)、1号艇の級別順位が不利(-11.0pt) / [2着]2号艇のclass_rank_2to6が有利(+7.5pt)、2号艇のsession_exh_rel_avgが有利(+7.2pt) / [候補2]4号艇のwin_rate_rank_2to6が有利(+18.4pt)、4号艇の全国勝率が有利(+15.5pt) / [除外]6号艇のwin_rate_rank_2to6が不利(-7.3pt)、3号艇のwin_rate_rank_2to6が不利(-5.3pt)、天気+2.9pt
123,11,琵琶湖,8,14:03,0.4710035943980143,2,0.3670286537945461,3,0.2752015505534737,0.30249273467888854,0.16499348879592302,0.4772367155520967,0.24260153672278137,0.354915928940851,1-2,1-3,0.1728718151842956,0.12962091949459295,0.06737512361938121,0.07771252627514824,0.02342321859772198,True,True,False,False,予選,2026-09-22,1号艇のdominance,-0.1465,1号艇の全国勝率,-0.0838,1号艇の級別順位,-0.079,1号艇の年齢,0.0597,1号艇の勝率順位,-0.0584,2号艇の全国勝率,0.0645,2号艇のsession_exh_rel_avg,0.0561,2号艇のモーター2連率,-0.0397,2号艇の全国2連率,0.0326,風向(度),0.0323,3号艇のwin_rate_rank_2to6,-0.0861,5号艇の一般戦2連率,-0.04,3号艇のcumulative_diff_rank_2to6,0.0393,4号艇の女子戦2連率,0.0366,1号艇の一般戦2連率,0.0337,0.1097,北 2.4m/s,[逃げ]1号艇のdominanceが不利(-14.6pt)、1号艇の全国勝率が不利(-8.4pt) / [2着]2号艇の全国勝率が有利(+6.4pt)、2号艇のsession_exh_rel_avgが有利(+5.6pt) / [候補2]3号艇のwin_rate_rank_2to6が不利(-8.6pt)、5号艇の一般戦2連率が不利(-4.0pt)、天気+11.0pt
124,12,住之江,12,20:30,0.549559008796326,2,0.30491300586540027,4,0.29114761483478124,0.3275704838945146,0.2321155026882782,0.3639451180119033,0.23632945885249326,0.3384828741297312,1-2,1-4,0.1675676892724977,0.12756116558363112,0.1600027946220169,0.07011681522951654,0.02431054306503035,False,False,False,False,一般戦,2026-09-22,race_no,0.1192,1号艇の年齢,-0.1049,1号艇vs2号艇のcumulative差,-0.091,風速区分,0.0806,1号艇の全国勝率,-0.0734,2号艇のwin_rate_rank_2to6,-0.2007,2号艇のsession_exh_rel_avg,-0.0715,1号艇の年齢,0.071,2号艇の全国勝率,-0.0588,2号艇のclass_rank_2to6,-0.05,4号艇のwin_rate_rank_2to6,0.1792,4号艇のclass_rank_2to6,0.1023,4号艇の年齢,-0.0671,4号艇のsession_exh_rel_avg,0.0656,3号艇の年齢,0.0368,0.0274,北 0.9m/s,[逃げ]race_noが有利(+11.9pt)、1号艇の年齢が不利(-10.5pt) / [2着]2号艇のwin_rate_rank_2to6が不利(-20.1pt)、2号艇のsession_exh_rel_avgが不利(-7.1pt) / [候補2]4号艇のwin_rate_rank_2to6が有利(+17.9pt)、4号艇のclass_rank_2to6が有利(+10.2pt) / [除外]3号艇のsession_exh_rel_avgが不利(-7.8pt)、天気+2.7pt
125,18,徳山,7,11:31,0.4957720253420035,3,0.37715388590986665,2,0.26453614968007555,0.31813196858620796,0.22225879020954087,0.41943124538040133,0.23328281682826768,0.34852175162446597,1-3,1-2,0.13114962270306643,0.1869823458831415,0.11018969057224753,0.06328586345388912,0.004164511964132477,True,True,False,False,予選,2026-09-22,2号艇の枠別勝率,0.1706,場特性:in_escape_diff,0.1664,1号艇のsession_exh_rel_avg,-0.0827,1号艇vs4号艇の枠別平均ST差,-0.0783,1号艇のframe_dominance,-0.0733,3号艇のwin_rate_rank_2to6,0.1221,3号艇のsession_exh_rel_avg,0.0898,1号艇のframe_dominance,0.0543,場特性:1x_diff_course3,0.0371,3号艇の節間得点,0.0344,2号艇のsession_exh_rel_avg,0.0776,2号艇の全国勝率,0.0529,2号艇のclass_rank_2to6,-0.0505,場特性:in_escape_diff,0.0459,場特性:1x_diff_course2,0.0435,0.0513,南西 0.9m/s,[逃げ]2号艇の枠別勝率が有利(+17.1pt)、場特性:in_escape_diffが有利(+16.6pt) / [2着]3号艇のwin_rate_rank_2to6が有利(+12.2pt)、3号艇のsession_exh_rel_avgが有利(+9.0pt) / [候補2]2号艇のsession_exh_rel_avgが有利(+7.8pt)、2号艇の全国勝率が有利(+5.3pt) / [除外]2号艇の枠別勝率が不利(-8.5pt)、6号艇のvs_avg456_diffが不利(-6.4pt)、天気+5.1pt
126,17,宮島,2,11:10,0.4058249378822074,3,0.4401695412977751,2,0.240752724946227,0.27633523640108404,0.13463952450339853,0.5462827417406035,0.23168846260199263,0.3573194880029399,1-3,1-2,0.09770345964627473,0.1786317767548093,0.05464007666808165,0.027259969044723966,0.04758964367379211,True,True,False,False,一般戦,2026-09-22,1号艇のdominance,-0.2242,1号艇のracer_win_te,-0.1381,1号艇の節間得点,0.0935,1号艇の女子戦比率,-0.0886,場特性:1x_diff_course5,-0.0749,3号艇の女子戦勝率,0.1325,3号艇のモーター2連率,0.0955,3号艇のwin_rate_rank_2to6,-0.0562,1号艇の全国2連率,0.0545,3号艇のracer_avgfin_te,0.0517,2号艇のwin_rate_rank_2to6,-0.148,2号艇の全国2連率,-0.0989,2号艇の全国勝率,-0.0732,2号艇のclass_rank_2to6,-0.0386,2号艇のsession_exh_rel_avg,0.0379,0.0467,北東 2.5m/s,[逃げ]1号艇のdominanceが不利(-22.4pt)、1号艇のracer_win_teが不利(-13.8pt) / [2着]3号艇の女子戦勝率が有利(+13.3pt)、3号艇のモーター2連率が有利(+9.5pt) / [候補2]2号艇のwin_rate_rank_2to6が不利(-14.8pt)、2号艇の全国2連率が不利(-9.9pt) / [除外]5号艇のracer_avgfin_teが不利(-5.2pt)、天気+4.7pt
127,01,桐生,11,20:08,0.5886660504612061,3,0.2817916146728623,2,0.26018371061251977,0.31904247418317333,0.2492440507167307,0.29273127456865133,0.2236191478438508,0.3111491142988167,1-3,1-2,0.15316131732061342,0.16588115686255991,0.14672151093637043,0.09444750964110032,0.028454551314658193,False,False,False,False,予選特選男子,2026-09-22,1号艇のsession_exh_rel_avg,-0.1145,場特性:in_escape_diff,-0.1025,6号艇のモーター出走数,-0.0912,風速区分,0.0787,1号艇のdominance,0.0777,3号艇のsession_exh_rel_avg,0.1066,4号艇のモーター出走数,-0.0943,1号艇のracer_2nd_te,0.0795,6号艇のモーター出走数,0.0788,3号艇のwin_rate_rank_2to6,-0.0652,2号艇のwin_rate_rank_2to6,-0.1529,2号艇のsession_exh_rel_avg,0.1117,3号艇のモーター出走数,0.0711,2号艇のclass_rank_2to6,-0.0637,4号艇のracer_2nd_te,-0.0534,0.1887,北東 0.8m/s,[逃げ]1号艇のsession_exh_rel_avgが不利(-11.4pt)、場特性:in_escape_diffが不利(-10.3pt) / [2着]3号艇のsession_exh_rel_avgが有利(+10.7pt)、4号艇のモーター出走数が不利(-9.4pt) / [候補2]2号艇のwin_rate_rank_2to6が不利(-15.3pt)、2号艇のsession_exh_rel_avgが有利(+11.2pt) / [除外]6号艇のwin_rate_rank_2to6が不利(-8.7pt)、天気+18.9pt
128,01,桐生,5,17:14,0.5225602667187867,4,0.2977286482279022,2,0.290537860842681,0.30740470388165353,0.22982758089191335,0.35843892817866985,0.22262460854415506,0.3227149711707584,1-4,1-2,0.15182354205385715,0.07182886178120748,0.1555811618277964,0.02322794103240263,0.12009876197021178,True,False,False,False,予選男子,2026-09-22,場特性:in_escape_diff,-0.1216,1号艇の級別順位,-0.0986,1号艇の節間得点,0.0772,5号艇の枠別出走数,-0.0755,3号艇のsession_avg_finish,-0.0708,4号艇のwin_rate_rank_2to6,-0.1097,1号艇のモーター出走数,0.1063,4号艇のsession_exh_rel_avg,0.0802,級別の分散(2-6号艇),-0.0669,4号艇のclass_rank_2to6,-0.0536,2号艇のsession_exh_rel_avg,-0.0709,2号艇のclass_rank_2to6,0.0672,2号艇の全国勝率,0.0636,3号艇のモーター出走数,0.0603,3号艇のモーター2連率,0.0404,-0.0184,北 2.2m/s,[逃げ]場特性:in_escape_diffが不利(-12.2pt)、1号艇の級別順位が不利(-9.9pt) / [2着]4号艇のwin_rate_rank_2to6が不利(-11.0pt)、1号艇のモーター出走数が有利(+10.6pt) / [候補2]2号艇のsession_exh_rel_avgが不利(-7.1pt)、2号艇のclass_rank_2to6が有利(+6.7pt) / [除外]3号艇のsession_exh_rel_avgが不利(-5.9pt)、2号艇のracer_2nd_teが不利(-5.3pt)、天気-1.8pt
129,08,常滑,8,14:00,0.45759965660715957,3,0.4153571738611688,2,0.20406229055780953,0.2834461342139152,0.1838015104735118,0.43561795394546654,0.22092874108624075,0.3290976801333806,1-3,1-2,0.09337883408572406,0.19006730012819112,0.08410750807655623,0.038796151155704256,0.05124986486567548,True,True,False,False,予選,2026-09-22,1号艇のdominance,-0.243,1号艇のracer_win_te,0.1559,1号艇のvs_max234_diff,-0.1166,場特性:in_escape_diff,0.0922,1号艇の級別順位,-0.0899,3号艇のwin_rate_rank_2to6,0.0726,6号艇のracer_2nd_te,-0.072,1号艇のracer_win_te,0.0567,場特性:1x_diff_course3,-0.0347,3号艇のcumulative_diff_rank_2to6,0.0343,2号艇のwin_rate_rank_2to6,-0.1999,2号艇の全国2連率,-0.1589,2号艇の全国勝率,-0.1443,2号艇の直近平均着順,-0.095,2号艇の当地勝率,-0.0445,-0.0945,北西 6.5m/s,[逃げ]1号艇のdominanceが不利(-24.3pt)、1号艇のracer_win_teが有利(+15.6pt) / [2着]3号艇のwin_rate_rank_2to6が有利(+7.3pt)、6号艇のracer_2nd_teが不利(-7.2pt) / [候補2]2号艇のwin_rate_rank_2to6が不利(-20.0pt)、2号艇の全国2連率が不利(-15.9pt)、天気-9.5pt
130,02,戸田,1,10:47,0.37557628519486064,3,0.5027076452569555,2,0.21599719897122543,0.2699284955467712,0.1669000193174145,0.5518048249107664,0.21586721020147906,0.35449139435596977,1-3,1-2,0.08112342560210803,0.18880506994466317,0.06268368925418502,0.02985746608236044,0.013106637809370722,False,False,True,False,予選,2026-09-22,1号艇の年齢,-0.1368,場特性:in_escape_diff,-0.1237,1号艇のdominance,0.105,2号艇のracer_avgfin_te,-0.0927,1号艇のracer_win_te,-0.0846,3号艇のwin_rate_rank_2to6,0.1768,3号艇の年齢,-0.0991,2号艇のracer_avgfin_te,0.0574,2号艇のvs_boat3_diff,0.05,3号艇のcumulative_diff_rank_2to6,0.0398,2号艇のwin_rate_rank_2to6,-0.1947,2号艇の全国勝率,-0.1364,2号艇の全国2連率,-0.1357,2号艇の節間得点,-0.0749,2号艇の直近平均着順,-0.0712,-0.0455,北西 2.6m/s,[逃げ]1号艇の年齢が不利(-13.7pt)、場特性:in_escape_diffが不利(-12.4pt) / [2着]3号艇のwin_rate_rank_2to6が有利(+17.7pt)、3号艇の年齢が不利(-9.9pt) / [候補2]2号艇のwin_rate_rank_2to6が不利(-19.5pt)、2号艇の全国勝率が不利(-13.6pt) / [除外]6号艇のsession_exh_rel_avgが不利(-6.3pt)、5号艇のracer_avgfin_teが不利(-5.4pt)、天気-4.5pt
131,11,琵琶湖,3,11:30,0.5110160729044971,4,0.3289168445692302,3,0.24712656313191406,0.2943674400259629,0.23477914411622974,0.3412642635849145,0.2114338372759855,0.30843648709364835,1-4,1-3,0.1199759162261547,0.126285645802056,0.1680817942239069,0.05125226264525947,0.04542044448870398,True,True,False,False,予選,2026-09-22,1号艇のdominance,-0.1302,1号艇の級別順位,-0.0854,2号艇の体重,0.0835,1号艇のモーター2連率,0.0824,ST差分(4-3),-0.069,4号艇のwin_rate_rank_2to6,0.1725,4号艇のclass_rank_2to6,0.124,4号艇の全国勝率,0.1029,4号艇の年齢,-0.0535,4号艇のcumulative_diff_rank_2to6,0.0468,3号艇のwin_rate_rank_2to6,-0.1083,3号艇の全国勝率,-0.0484,3号艇の当地勝率,-0.0455,3号艇のcumulative_diff_rank_2to6,0.041,3号艇のracer_2nd_te,-0.039,0.0656,北 3.4m/s,[逃げ]1号艇のdominanceが不利(-13.0pt)、1号艇の級別順位が不利(-8.5pt) / [2着]4号艇のwin_rate_rank_2to6が有利(+17.3pt)、4号艇のclass_rank_2to6が有利(+12.4pt) / [候補2]3号艇のwin_rate_rank_2to6が不利(-10.8pt)、3号艇の全国勝率が不利(-4.8pt) / [除外]2号艇のwin_rate_rank_2to6が不利(-5.0pt)、天気+6.6pt
132,20,若松,5,16:54,0.4961506869000728,4,0.31952875386854773,2,0.2564390186901944,0.28576680598732485,0.23240226505518133,0.34356550750356085,0.20607138240047823,0.3031064164421956,1-4,1-2,0.12723239527112057,0.115306543444261,0.15853441071620425,0.06855155462943267,0.02652578468735964,True,False,False,False,予選,2026-09-22,1号艇の級別順位,0.0748,1号艇vs4号艇の枠別平均ST差,-0.0674,1号艇の節間得点,-0.0662,1号艇の勝率順位,-0.0656,1号艇の全国勝率,0.0572,4号艇のwin_rate_rank_2to6,0.166,4号艇の全国勝率,0.1536,4号艇の年齢,0.0629,4号艇のcumulative_diff_rank_2to6,0.0598,4号艇のclass_rank_2to6,0.0539,2号艇のwin_rate_rank_2to6,-0.1609,2号艇の体重,-0.0614,2号艇のsession_exh_rel_avg,0.0582,2号艇の直近平均着順,-0.0582,2号艇の全国勝率,0.0565,-0.026,北 4.4m/s,[逃げ]1号艇の級別順位が有利(+7.5pt)、1号艇vs4号艇の枠別平均ST差が不利(-6.7pt) / [2着]4号艇のwin_rate_rank_2to6が有利(+16.6pt)、4号艇の全国勝率が有利(+15.4pt) / [候補2]2号艇のwin_rate_rank_2to6が不利(-16.1pt)、2号艇の体重が不利(-6.1pt) / [除外]6号艇のvs_avg456_diffが不利(-6.7pt)、天気-2.6pt
133,10,三国,9,12:24,0.4037156704733183,3,0.33793978179371786,2,0.3004177944643376,0.25771495690074325,0.16703561391818314,0.47132196233987234,0.20605786565056675,0.32179705853248197,1-3,1-2,0.12128337131428558,0.13643158558645768,0.06743489486590165,0.06674138228768427,0.011824428899198759,True,True,False,False,予選特賞,2026-09-22,風速区分,-0.1938,1号艇のracer_win_te,-0.1175,1号艇のdominance,-0.0977,1号艇のsession_exh_rel_avg,0.0926,1号艇の級別順位,-0.087,3号艇のwin_rate_rank_2to6,0.1472,3号艇のsession_exh_rel_avg,-0.0997,3号艇のclass_rank_2to6,0.0589,3号艇の節間得点,0.0387,3号艇のcumulative_diff_rank_2to6,0.0297,2号艇のwin_rate_rank_2to6,-0.1479,2号艇のsession_exh_rel_avg,0.0752,2号艇のclass_rank_2to6,-0.053,2号艇の全国勝率,0.0488,2号艇のモーター2連率,-0.0346,-0.1435,北東 10.8m/s,[逃げ]風速区分が不利(-19.4pt)、1号艇のracer_win_teが不利(-11.7pt) / [2着]3号艇のwin_rate_rank_2to6が有利(+14.7pt)、3号艇のsession_exh_rel_avgが不利(-10.0pt) / [候補2]2号艇のwin_rate_rank_2to6が不利(-14.8pt)、2号艇のsession_exh_rel_avgが有利(+7.5pt) / [除外]6号艇のwin_rate_rank_2to6が不利(-6.3pt)、天気-14.3pt
134,20,若松,6,17:23,0.513306171093995,2,0.29617325648457316,4,0.26013222080921533,0.285555034508292,0.24190440253117917,0.31440107476260937,0.20266261049329365,0.2942088465845872,1-2,1-4,0.15202756026653597,0.1241710226340601,0.13352747424175598,0.07677789350256095,0.026802212800224007,True,False,False,False,予選,2026-09-22,1号艇vs4号艇の枠別平均ST差,-0.0909,1号艇の年齢,0.078,1号艇のracer_win_te,0.0752,1号艇の勝率順位,-0.0682,1号艇の級別順位,0.0672,2号艇のwin_rate_rank_2to6,-0.1281,2号艇の全国勝率,0.067,2号艇のモーター2連率,0.0667,2号艇のsession_exh_rel_avg,0.0509,2号艇のclass_rank_2to6,-0.0409,4号艇のclass_rank_2to6,0.1037,4号艇のwin_rate_rank_2to6,-0.0936,4号艇の年齢,0.0474,1号艇の年齢,0.0415,4号艇のracer_win_te,0.0414,-0.031,北 4.4m/s,[逃げ]1号艇vs4号艇の枠別平均ST差が不利(-9.1pt)、1号艇の年齢が有利(+7.8pt) / [2着]2号艇のwin_rate_rank_2to6が不利(-12.8pt)、2号艇の全国勝率が有利(+6.7pt) / [候補2]4号艇のclass_rank_2to6が有利(+10.4pt)、4号艇のwin_rate_rank_2to6が不利(-9.4pt)、天気-3.1pt
135,17,宮島,9,14:41,0.25696536745437326,3,0.5892537130689517,4,0.27283164983080255,0.22152608205457208,0.08588265071705276,0.7762027121827015,0.1986957854988001,0.3879290710930109,1-3,1-4,0.022068866899463056,0.151417796902617,0.07010828515195507,0.005531972118995215,0.007838442791578184,True,True,False,False,一般戦,2026-09-22,1号艇のdominance,-0.3228,1号艇のracer_win_te,-0.3173,1号艇のvs_max234_diff,-0.1556,1号艇の平均ST,-0.0952,1号艇の全国勝率,-0.0897,3号艇のwin_rate_rank_2to6,0.0819,3号艇のcumulative_diff_rank_2to6,0.0497,場特性:1x_diff_course3,0.0482,2号艇の節間得点,0.0452,2号艇のvs_boat3_diff,0.0448,4号艇のclass_rank_2to6,0.2283,4号艇のwin_rate_rank_2to6,0.1945,4号艇のsession_exh_rel_avg,-0.087,1号艇の平均ST,0.0772,3号艇の女子戦2連率,-0.0764,0.0513,北 3.1m/s,[逃げ]1号艇のdominanceが不利(-32.3pt)、1号艇のracer_win_teが不利(-31.7pt) / [2着]3号艇のwin_rate_rank_2to6が有利(+8.2pt)、3号艇のcumulative_diff_rank_2to6が有利(+5.0pt) / [候補2]4号艇のclass_rank_2to6が有利(+22.8pt)、4号艇のwin_rate_rank_2to6が有利(+19.4pt) / [除外]6号艇のwin_rate_rank_2to6が不利(-8.9pt)、6号艇のracer_win_teが不利(-6.8pt)、天気+5.1pt
136,22,福岡,4,13:16,0.41135200704737224,2,0.4196844517625069,3,0.2733166792796651,0.28506740614029646,0.2608041861416588,0.4321969449005132,0.195851278715576,0.3292062677683615,1-2,1-3,0.1726380415590833,0.11242936458121316,0.10728232541572781,0.01844408513322869,0.0005581961764719368,True,True,False,False,予選,2026-09-22,1号艇のdominance,-0.1055,6号艇の枠別出走数,-0.0883,1号艇の級別順位,-0.0783,1号艇の年齢,0.078,1号艇の全国勝率,-0.072,2号艇のwin_rate_rank_2to6,0.0723,2号艇のclass_rank_2to6,0.0596,2号艇の全国勝率,0.0547,場特性:1x_diff_course2,0.0462,ST差分(4-3),-0.0393,3号艇のwin_rate_rank_2to6,-0.086,3号艇のracer_2nd_te,0.0705,3号艇の当地勝率,0.0557,3号艇の全国勝率,-0.0548,3号艇の年齢,-0.0483,-0.0308,北 6.8m/s,[逃げ]1号艇のdominanceが不利(-10.5pt)、6号艇の枠別出走数が不利(-8.8pt) / [2着]2号艇のwin_rate_rank_2to6が有利(+7.2pt)、2号艇のclass_rank_2to6が有利(+6.0pt) / [候補2]3号艇のwin_rate_rank_2to6が不利(-8.6pt)、3号艇のracer_2nd_teが有利(+7.1pt) / [除外]6号艇の直近平均着順が不利(-24.4pt)、6号艇の全国勝率が不利(-16.6pt)、天気-3.1pt
137,08,常滑,9,14:32,0.30192103986986013,3,0.41546774208769094,2,0.34140969439057206,0.22851722267555116,0.12331817976305015,0.6335592567152128,0.19470082914172326,0.35002983288744965,1-3,1-2,0.10307876995205267,0.1254384527234985,0.030607668990249658,0.03723235306891844,0.00556380638257606,True,True,False,False,予選特賞,2026-09-22,1号艇のdominance,-0.2606,1号艇のracer_win_te,-0.1675,1号艇のvs_max234_diff,-0.0969,1号艇の級別順位,-0.0927,1号艇の全国勝率,-0.0872,3号艇のwin_rate_rank_2to6,0.1653,3号艇の当地勝率,0.0719,1号艇vs3号艇の直近複勝率差,0.0393,3号艇の全国勝率,0.0345,3号艇のracer_2nd_te,0.0309,2号艇のwin_rate_rank_2to6,0.0528,2号艇の全国勝率,0.0442,1号艇vs2号艇の枠別勝率差,0.0396,2号艇の当地勝率,-0.0334,2号艇のsession_exh_rel_avg,0.0332,0.0072,北西 5.1m/s,[逃げ]1号艇のdominanceが不利(-26.1pt)、1号艇のracer_win_teが不利(-16.8pt) / [2着]3号艇のwin_rate_rank_2to6が有利(+16.5pt)、3号艇の当地勝率が有利(+7.2pt) / [候補2]2号艇のwin_rate_rank_2to6が有利(+5.3pt)、2号艇の全国勝率が有利(+4.4pt) / [除外]6号艇のwin_rate_rank_2to6が不利(-7.2pt)、4号艇のwin_rate_rank_2to6が不利(-5.9pt)、天気+0.7pt
138,11,琵琶湖,4,12:01,0.4118327621923057,2,0.39752224599962405,4,0.22522933946914864,0.2564695056032424,0.20562864648074392,0.4171229389880287,0.19318453284230605,0.30466553561867826,1-2,1-4,0.1637126846029144,0.0846846134660299,0.09275682100032798,0.06557632142846688,0.005102324379410531,True,True,False,False,予選,2026-09-22,1号艇のdominance,-0.1465,1号艇の級別順位,-0.0748,1号艇の全国勝率,-0.0635,1号艇のframe_dominance,-0.0625,1号艇の年齢,0.0583,2号艇の全国勝率,0.0614,2号艇のsession_exh_rel_avg,0.0599,2号艇のclass_rank_2to6,0.0572,風向(度),0.0325,2号艇の全国2連率,0.0285,4号艇のwin_rate_rank_2to6,0.0684,4号艇のclass_rank_2to6,0.0659,4号艇の年齢,-0.0553,4号艇の全国勝率,0.0512,4号艇のcumulative_diff_rank_2to6,0.0503,0.0915,北 3.4m/s,[逃げ]1号艇のdominanceが不利(-14.7pt)、1号艇の級別順位が不利(-7.5pt) / [2着]2号艇の全国勝率が有利(+6.1pt)、2号艇のsession_exh_rel_avgが有利(+6.0pt) / [候補2]4号艇のwin_rate_rank_2to6が有利(+6.8pt)、4号艇のclass_rank_2to6が有利(+6.6pt) / [除外]6号艇のwin_rate_rank_2to6が不利(-8.1pt)、6号艇のvs_avg456_diffが不利(-7.4pt)、天気+9.2pt
139,01,桐生,1,15:24,0.26099660597134455,2,0.5295931497832456,3,0.31309289538040475,0.2199381976871279,0.1030610446696715,0.7396250004939788,0.19273772518744775,0.37584423852918314,1-2,1-3,0.138222014639101,0.0817161830480269,0.02689858286664539,0.006116913946706077,0.008042914873873623,True,False,False,False,予選男子,2026-09-22,1号艇のdominance,-0.1553,4号艇のsession_exh_rel_avg,-0.1396,5号艇の枠別出走数,-0.121,1号艇のsession_exh_rel_avg,0.0969,3号艇のsession_exh_rel_avg,-0.0963,2号艇のwin_rate_rank_2to6,0.2353,2号艇の当地勝率,0.1176,2号艇のclass_rank_2to6,0.0892,4号艇のsession_exh_rel_avg,-0.0768,2号艇の全国勝率,0.062,3号艇のsession_exh_rel_avg,0.1332,4号艇のモーター出走数,-0.1039,6号艇のモーター出走数,0.0914,3号艇のwin_rate_rank_2to6,0.0765,1号艇vs2号艇のplace_rate差,0.0612,-0.046,北西 4.0m/s,[逃げ]1号艇のdominanceが不利(-15.5pt)、4号艇のsession_exh_rel_avgが不利(-14.0pt) / [2着]2号艇のwin_rate_rank_2to6が有利(+23.5pt)、2号艇の当地勝率が有利(+11.8pt) / [候補2]3号艇のsession_exh_rel_avgが有利(+13.3pt)、4号艇のモーター出走数が不利(-10.4pt) / [除外]4号艇のwin_rate_rank_2to6が不利(-5.3pt)、天気-4.6pt
140,06,浜名湖,5,13:18,0.3679640041137351,3,0.3346557085470046,2,0.29304629378886016,0.23097174216971392,0.16214426633388396,0.46555773600198086,0.1860308497561532,0.301347540319394,1-3,1-2,0.10783048765323897,0.12314125451647494,0.052030744653834934,0.059663253484299836,0.02529826928897735,True,True,False,False,予選,2026-09-22,1号艇のdominance,-0.2465,1号艇のracer_win_te,-0.136,1号艇のsession_exh_rel_avg,-0.1207,風速区分,0.1035,1号艇の級別順位,-0.0945,3号艇のwin_rate_rank_2to6,0.0549,3号艇のcumulative_diff_rank_2to6,-0.0467,3号艇のsession_exh_rel_avg,-0.0452,3号艇の当地勝率,-0.0378,場特性:1x_diff_course3,-0.0377,2号艇のsession_exh_rel_avg,-0.0843,1号艇のsession_rank_diff_delta,-0.0669,2号艇の全国勝率,0.0533,2号艇のclass_rank_2to6,-0.0493,2号艇のモーター2連率,-0.0437,0.0463,南東 1.9m/s,[逃げ]1号艇のdominanceが不利(-24.6pt)、1号艇のracer_win_teが不利(-13.6pt) / [2着]3号艇のwin_rate_rank_2to6が有利(+5.5pt)、3号艇のcumulative_diff_rank_2to6が不利(-4.7pt) / [候補2]2号艇のsession_exh_rel_avgが不利(-8.4pt)、1号艇のsession_rank_diff_deltaが不利(-6.7pt) / [除外]6号艇のwin_rate_rank_2to6が不利(-5.3pt)、4号艇のwin_rate_rank_2to6が不利(-5.1pt)、天気+4.6pt
141,11,琵琶湖,7,13:32,0.3697775808574235,4,0.36673330282897754,2,0.2984651249763822,0.24597546542402743,0.20781498680330707,0.4573834410020527,0.18463459970278953,0.309397858097435,1-4,1-2,0.1103657118840752,0.07684532308604428,0.13560975353995222,0.023277252882311604,0.023679533266160416,True,True,False,False,予選,2026-09-22,1号艇のdominance,-0.2915,1号艇のvs_max234_diff,-0.1603,1号艇の級別順位,-0.0907,1号艇の全国勝率,-0.0886,1号艇の勝率順位,-0.0633,4号艇のwin_rate_rank_2to6,0.2235,4号艇のclass_rank_2to6,0.2196,4号艇の全国勝率,0.084,4号艇のモーター2連率,0.0809,4号艇の年齢,-0.0557,2号艇のsession_exh_rel_avg,0.0475,2号艇の全国勝率,0.0458,1号艇vs2号艇の枠別勝率差,0.043,1号艇vs4号艇の勝率差,0.0357,2号艇の当地勝率,-0.0355,0.0462,北 2.9m/s,[逃げ]1号艇のdominanceが不利(-29.1pt)、1号艇のvs_max234_diffが不利(-16.0pt) / [2着]4号艇のwin_rate_rank_2to6が有利(+22.3pt)、4号艇のclass_rank_2to6が有利(+22.0pt) / [候補2]2号艇のsession_exh_rel_avgが有利(+4.7pt)、2号艇の全国勝率が有利(+4.6pt)、天気+4.6pt
142,08,常滑,4,12:03,0.3419669794173338,3,0.41177921040307186,2,0.23660616321516828,0.22172638771460898,0.14285229638858837,0.5055330772296518,0.18371743932863493,0.30686839456912185,1-3,1-2,0.08091149494621577,0.14081489276839323,0.048850768298835265,0.04324386187259776,0.028145955161660432,True,True,False,False,予選,2026-09-22,1号艇のdominance,-0.2378,1号艇の直近1着率,-0.1239,場特性:in_escape_diff,0.0863,1号艇の全国勝率,-0.0853,2号艇の平均ST,-0.0809,3号艇のwin_rate_rank_2to6,0.1654,6号艇のracer_2nd_te,-0.0646,3号艇のモーター2連率,0.0443,5号艇の一般戦2連率,-0.0435,3号艇のclass_rank_2to6,0.0402,2号艇のwin_rate_rank_2to6,-0.1444,2号艇の全国勝率,-0.0642,2号艇のsession_exh_rel_avg,0.0504,1号艇vs6号艇の直近複勝率差,-0.044,2号艇のracer_2nd_te,-0.0385,-0.0594,西 5.0m/s,[逃げ]1号艇のdominanceが不利(-23.8pt)、1号艇の直近1着率が不利(-12.4pt) / [2着]3号艇のwin_rate_rank_2to6が有利(+16.5pt)、6号艇のracer_2nd_teが不利(-6.5pt) / [候補2]2号艇のwin_rate_rank_2to6が不利(-14.4pt)、2号艇の全国勝率が不利(-6.4pt)、天気-5.9pt
143,06,浜名湖,7,14:19,0.2956533986384231,3,0.4108667291085884,2,0.33294347168215277,0.21991001380571054,0.15019942894832206,0.5936107718424192,0.18027358361334814,0.33202024121672313,1-3,1-2,0.09843586895730405,0.12147414484840649,0.04440697164212177,0.02124000625723951,0.010096407208699983,True,True,False,False,予選,2026-09-22,3号艇のsession_exh_rel_avg,-0.109,1号艇のdominance,-0.1,1号艇の全国勝率,-0.0775,6号艇の枠別出走数,-0.0711,1号艇の級別順位,-0.0696,3号艇のsession_exh_rel_avg,0.1002,3号艇のwin_rate_rank_2to6,0.0493,local_win_rateの分散(2-6号艇),-0.0386,3号艇のcumulative_diff_rank_2to6,0.0384,3号艇のclass_rank_2to6,0.0362,6号艇のモーター出走数,0.0523,2号艇のsession_exh_rel_avg,0.0518,2号艇の全国勝率,0.0481,2号艇の当地勝率,-0.0443,4号艇のモーター出走数,0.035,0.0277,東 1.9m/s,[逃げ]3号艇のsession_exh_rel_avgが不利(-10.9pt)、1号艇のdominanceが不利(-10.0pt) / [2着]3号艇のsession_exh_rel_avgが有利(+10.0pt)、3号艇のwin_rate_rank_2to6が有利(+4.9pt) / [候補2]6号艇のモーター出走数が有利(+5.2pt)、2号艇のsession_exh_rel_avgが有利(+5.2pt) / [除外]6号艇のsession_exh_rel_avgが不利(-7.9pt)、6号艇のsession_avg_finishが不利(-5.7pt)、天気+2.8pt
144,22,福岡,3,12:49,0.29885702120082214,3,0.5276726481378728,2,0.23162110413262563,0.22692026901995616,0.17647143230691525,0.5828223199635831,0.17886633514784953,0.3336908843030442,1-3,1-2,0.06922159322832193,0.1576986757916342,0.05273972658628722,0.016274522367808297,0.002922502670105874,True,True,False,False,カタメン３予,2026-09-22,1号艇のdominance,-0.4047,1号艇のvs_max234_diff,-0.1497,1号艇の全国勝率,-0.0749,風速区分,-0.064,1号艇の勝率順位,-0.0634,3号艇のwin_rate_rank_2to6,0.2036,3号艇の当地勝率,0.0871,場特性:1x_diff_course3,0.0605,風向(度),0.0582,3号艇の全国勝率,0.0469,2号艇の女子戦比率,-0.1269,2号艇のsession_exh_rel_avg,0.0599,2号艇の体重,-0.0575,2号艇のclass_rank_2to6,-0.0561,場特性:1x_diff_course2,0.0415,-0.0511,北 6.5m/s,[逃げ]1号艇のdominanceが不利(-40.5pt)、1号艇のvs_max234_diffが不利(-15.0pt) / [2着]3号艇のwin_rate_rank_2to6が有利(+20.4pt)、3号艇の当地勝率が有利(+8.7pt) / [候補2]2号艇の女子戦比率が不利(-12.7pt)、2号艇のsession_exh_rel_avgが有利(+6.0pt) / [除外]6号艇のwin_rate_rank_2to6が不利(-7.7pt)、天気-5.1pt
145,22,福岡,6,14:14,0.2817323042445209,2,0.3944102394497656,3,0.32692404615024717,0.20322317041266694,0.14766344594418174,0.573670839655831,0.16721281004606367,0.31435747118561613,1-2,1-3,0.1111181055778157,0.09210506483485123,0.041601562878540575,0.019605414435281517,0.01730215651803188,True,True,False,False,予選,2026-09-22,1号艇のdominance,-0.2573,1号艇のracer_win_te,-0.1623,1号艇vs4号艇の枠別勝率差,-0.1399,1号艇の体重,-0.1034,1号艇の級別順位,-0.0915,場特性:1x_diff_course2,0.0603,2号艇のsession_exh_rel_avg,0.0517,6号艇の当地2連率,-0.0501,2号艇の全国勝率,0.0378,1号艇のモーター出走数,0.0353,3号艇のwin_rate_rank_2to6,-0.1081,3号艇のcumulative_diff_rank_2to6,0.043,6号艇のモーター出走数,0.038,3号艇の全国勝率,0.0345,1号艇の一般戦2連率,0.0294,-0.0563,北 6.6m/s,[逃げ]1号艇のdominanceが不利(-25.7pt)、1号艇のracer_win_teが不利(-16.2pt) / [2着]場特性:1x_diff_course2が有利(+6.0pt)、2号艇のsession_exh_rel_avgが有利(+5.2pt) / [候補2]3号艇のwin_rate_rank_2to6が不利(-10.8pt)、3号艇のcumulative_diff_rank_2to6が有利(+4.3pt) / [除外]1号艇vs6号艇の枠別勝率差が不利(-5.5pt)、天気-5.6pt
146,16,児島,4,12:22,0.45518881396530836,4,0.26233429278647635,3,0.20626507964384486,0.21330119256144575,0.18700490665626768,0.28159446577405356,0.16543514903589726,0.23378917452522807,1-4,1-3,0.08512254166655968,0.0938895569655416,0.11941163559590412,0.08099967084368608,0.07576541058932733,True,True,False,False,コジマだ４っ,2026-09-22,1号艇のdominance,-0.1574,1号艇のsession_exh_rel_avg,0.1541,風速区分,0.0782,1号艇vs4号艇のcumulative差,-0.0779,1号艇の級別順位,-0.0719,4号艇の節間得点,0.0911,4号艇のclass_rank_2to6,0.0748,4号艇のwin_rate_rank_2to6,0.0678,5号艇のsession_exh_rel_delta,0.0668,4号艇のcumulative_diff_rank_2to6,0.0561,3号艇のwin_rate_rank_2to6,-0.1151,3号艇の全国勝率,-0.0686,3号艇のcumulative_diff_rank_2to6,-0.0611,3号艇のsession_exh_rel_avg,0.0452,4号艇のsession_rank_diff_last,0.0421,0.1389,北 1.8m/s,[逃げ]1号艇のdominanceが不利(-15.7pt)、1号艇のsession_exh_rel_avgが有利(+15.4pt) / [2着]4号艇の節間得点が有利(+9.1pt)、4号艇のclass_rank_2to6が有利(+7.5pt) / [候補2]3号艇のwin_rate_rank_2to6が不利(-11.5pt)、3号艇の全国勝率が不利(-6.9pt)、天気+13.9pt
147,10,三国,11,13:35,0.3580644878333571,3,0.3856635490375152,2,0.23509514078656282,0.22227164233996427,0.21694178865931302,0.403816901164765,0.16440763315099435,0.27673521998740447,1-3,1-2,0.0841792211778516,0.13809242116211268,0.07767915044594931,0.028092074282963567,0.030021614095009124,True,True,False,False,記者特選,2026-09-22,1号艇のracer_win_te,-0.2609,風速区分,-0.2062,1号艇の年齢,0.1321,1号艇のsession_exh_rel_avg,0.1158,レース時間帯,0.1005,3号艇のwin_rate_rank_2to6,0.1493,3号艇のsession_exh_rel_avg,0.1039,場特性:1x_diff_course3,-0.0379,3号艇の節間得点,0.0354,3号艇のモーター2連率,0.0318,2号艇のsession_exh_rel_avg,-0.1476,2号艇のwin_rate_rank_2to6,-0.1411,2号艇のclass_rank_2to6,0.0655,レース時間帯,-0.0653,2号艇の全国勝率,0.0539,-0.0728,北東 10.5m/s,[逃げ]1号艇のracer_win_teが不利(-26.1pt)、風速区分が不利(-20.6pt) / [2着]3号艇のwin_rate_rank_2to6が有利(+14.9pt)、3号艇のsession_exh_rel_avgが有利(+10.4pt) / [候補2]2号艇のsession_exh_rel_avgが不利(-14.8pt)、2号艇のwin_rate_rank_2to6が不利(-14.1pt)、天気-7.3pt
148,06,浜名湖,1,11:26,0.32104176215037145,3,0.371969425621,2,0.28288132360189056,0.21023443847600776,0.18832490159029663,0.4665258476325939,0.16272358255174524,0.28712186122298355,1-3,1-2,0.0908167186085804,0.11941771986742736,0.04286299876646626,0.060460158263344124,0.007484172624422088,True,True,False,False,予選,2026-09-22,1号艇のdominance,-0.2487,1号艇の年齢,-0.1679,1号艇のsession_exh_rel_avg,0.156,1号艇のracer_win_te,-0.1463,1号艇の級別順位,-0.0827,3号艇のwin_rate_rank_2to6,0.1746,3号艇のsession_exh_rel_avg,0.0858,3号艇のsession_exh_rel_last,0.0538,3号艇の全国勝率,0.041,2号艇のvs_boat3_diff,0.0406,2号艇のwin_rate_rank_2to6,-0.1697,2号艇のsession_exh_rel_avg,0.0934,2号艇の全国勝率,-0.0792,6号艇のモーター出走数,0.0548,2号艇のclass_rank_2to6,-0.0515,-0.0107,北西 3.2m/s,[逃げ]1号艇のdominanceが不利(-24.9pt)、1号艇の年齢が不利(-16.8pt) / [2着]3号艇のwin_rate_rank_2to6が有利(+17.5pt)、3号艇のsession_exh_rel_avgが有利(+8.6pt) / [候補2]2号艇のwin_rate_rank_2to6が不利(-17.0pt)、2号艇のsession_exh_rel_avgが有利(+9.3pt) / [除外]6号艇のwin_rate_rank_2to6が不利(-6.3pt)、天気-1.1pt
149,06,浜名湖,3,12:18,0.336082576068736,3,0.3852653594662372,4,0.30432202459794344,0.23175830446079065,0.25812016517924163,0.431467218884939,0.15997251426589434,0.29167097878803516,1-3,1-4,0.08674969004872718,0.12948097447946058,0.10227732998133007,0.013514772269507041,0.004059807568204036,True,True,False,False,予選,2026-09-22,1号艇のsession_exh_rel_avg,-0.1423,1号艇の級別順位,-0.084,1号艇のracer_win_te,0.0776,1号艇vs4号艇のcumulative差,-0.0748,avg_entry_count,-0.0634,3号艇の当地勝率,0.1312,3号艇のwin_rate_rank_2to6,0.0573,4号艇のsession_rank_diff_last,-0.0548,3号艇の節間得点,0.0522,3号艇のracer_avgfin_te,0.0393,4号艇のwin_rate_rank_2to6,0.1702,4号艇の節間得点,0.1636,4号艇のモーター2連率,0.1051,4号艇のcumulative_diff_rank_2to6,0.0668,4号艇のclass_rank_2to6,-0.0618,0.0004,西 1.6m/s,[逃げ]1号艇のsession_exh_rel_avgが不利(-14.2pt)、1号艇の級別順位が不利(-8.4pt) / [2着]3号艇の当地勝率が有利(+13.1pt)、3号艇のwin_rate_rank_2to6が有利(+5.7pt) / [候補2]4号艇のwin_rate_rank_2to6が有利(+17.0pt)、4号艇の節間得点が有利(+16.4pt) / [除外]6号艇のwin_rate_rank_2to6が不利(-7.0pt)、6号艇のvs_avg456_diffが不利(-5.5pt)、天気影響ほぼなし
150,18,徳山,6,10:59,0.25326641043028986,2,0.4940658862230344,4,0.24723068756645308,0.18774552230793598,0.1628443890986495,0.5784521846908379,0.1510575564444447,0.3049575210228066,1-2,1-4,0.12513029351976793,0.04124301388572839,0.06261522878816807,0.012252952246149109,0.012024921046985475,False,False,True,False,予選,2026-09-22,1号艇のdominance,-0.2451,場特性:in_escape_diff,0.2075,1号艇のracer_win_te,-0.1884,1号艇のvs_max234_diff,-0.1382,2号艇の枠別出走数,-0.101,2号艇のwin_rate_rank_2to6,0.1976,2号艇のclass_rank_2to6,0.1169,2号艇の枠別出走数,-0.096,2号艇の全国勝率,0.0625,場特性:in_escape_diff,0.0546,4号艇のsession_exh_rel_avg,-0.1064,2号艇のracer_avgfin_te,-0.1031,4号艇のclass_rank_2to6,0.0986,3号艇の年齢,0.0638,4号艇のwin_rate_rank_2to6,-0.0631,0.0328,南西 2.1m/s,[逃げ]1号艇のdominanceが不利(-24.5pt)、場特性:in_escape_diffが有利(+20.8pt) / [2着]2号艇のwin_rate_rank_2to6が有利(+19.8pt)、2号艇のclass_rank_2to6が有利(+11.7pt) / [候補2]4号艇のsession_exh_rel_avgが不利(-10.6pt)、2号艇のracer_avgfin_teが不利(-10.3pt) / [除外]2号艇のracer_2nd_teが不利(-6.2pt)、6号艇のsession_exh_rel_avgが不利(-5.9pt)、天気+3.3pt
151,02,戸田,4,12:14,0.26349815034494106,2,0.3788738582291282,3,0.30996792115812033,0.18150853474885795,0.14905430136375702,0.5397874780234915,0.14904298134259766,0.28899221773124795,1-2,1-3,0.09983256085742671,0.08167597389143123,0.03514838563739477,0.007565700193202249,0.039275532710307405,True,True,False,False,予選,2026-09-22,場特性:in_escape_diff,-0.1691,1号艇のsession_exh_rel_avg,-0.1598,1号艇のdominance,-0.146,1号艇のsession_exh_rel_last,-0.0873,1号艇の級別順位,-0.0862,2号艇の全国勝率,0.0719,2号艇のモーター2連率,0.0638,2号艇のsession_exh_rel_avg,0.0551,5号艇のsession_exh_rel_delta,-0.0449,2号艇のcumulative_diff_rank_2to6,-0.0309,3号艇のsession_exh_rel_avg,0.0734,4号艇のsession_exh_rel_delta,-0.0724,6号艇のracer_2nd_te,-0.0657,3号艇のwin_rate_rank_2to6,0.0497,3号艇のモーター2連率,-0.0346,0.0461,北 1.7m/s,[逃げ]場特性:in_escape_diffが不利(-16.9pt)、1号艇のsession_exh_rel_avgが不利(-16.0pt) / [2着]2号艇の全国勝率が有利(+7.2pt)、2号艇のモーター2連率が有利(+6.4pt) / [候補2]3号艇のsession_exh_rel_avgが有利(+7.3pt)、4号艇のsession_exh_rel_deltaが不利(-7.2pt) / [除外]5号艇のracer_avgfin_teが不利(-5.4pt)、4号艇のwin_rate_rank_2to6が不利(-5.2pt)、天気+4.6pt
152,09,津,7,13:26,0.3033347489714755,2,0.391341861345875,3,0.3185075804570166,0.21532200223682213,0.25911880643785895,0.4507306353650326,0.14836922597352373,0.28594459217528523,1-2,1-3,0.11870758527338096,0.09661441696344117,0.07859973810461629,0.008345172363937151,0.0010678352067155323,True,True,False,False,予選,2026-09-22,1号艇のdominance,-0.3406,1号艇のracer_win_te,-0.2568,1号艇のvs_max234_diff,-0.1593,6号艇の枠別出走数,-0.1191,1号艇の級別順位,-0.1121,2号艇のsession_exh_rel_avg,0.122,6号艇の年齢,-0.0867,3号艇のモーター出走数,0.0778,4号艇の一般戦勝率,-0.0385,場特性:1x_diff_course2,0.0377,3号艇のwin_rate_rank_2to6,0.0833,場特性:1x_diff_course3,-0.04,1号艇のvs_max234_diff,-0.0397,3号艇の全国勝率,0.0392,3号艇のcumulative_diff_rank_2to6,0.0382,-0.0094,北西 4.8m/s,[逃げ]1号艇のdominanceが不利(-34.1pt)、1号艇のracer_win_teが不利(-25.7pt) / [2着]2号艇のsession_exh_rel_avgが有利(+12.2pt)、6号艇の年齢が不利(-8.7pt) / [候補2]3号艇のwin_rate_rank_2to6が有利(+8.3pt)、場特性:1x_diff_course3が不利(-4.0pt) / [除外]6号艇の直近平均着順が不利(-14.2pt)、6号艇の全国勝率が不利(-13.0pt)、天気-0.9pt
153,01,桐生,8,18:45,0.3439249882836335,3,0.3147626387653697,5,0.2769208683293176,0.2034947432451595,0.239146468132027,0.3525370389626603,0.14509668428854325,0.24820743196040973,1-3,1-5,0.044259619839021824,0.10825473684950533,0.08224844625037972,0.09524000639565418,0.013922170621139677,True,False,False,False,ドラドキ５女,2026-09-22,1号艇のdominance,-0.1561,1号艇のsession_exh_rel_avg,-0.1551,6号艇のモーター出走数,-0.1013,場×風向,-0.0907,場特性:in_escape_diff,-0.0902,3号艇のsession_exh_rel_avg,0.1487,3号艇の女子戦比率,-0.0825,4号艇のsession_rank_diff_last,-0.0795,3号艇のsession_exh_rel_delta,0.073,3号艇のwin_rate_rank_2to6,0.0599,4号艇のsession_exh_rel_delta,0.2759,5号艇のwin_rate_rank_2to6,0.2192,5号艇のclass_rank_2to6,0.178,1号艇の女子戦2連率,0.1589,5号艇のsession_exh_rel_avg,0.1421,-0.0167,北 1.3m/s,[逃げ]1号艇のdominanceが不利(-15.6pt)、1号艇のsession_exh_rel_avgが不利(-15.5pt) / [2着]3号艇のsession_exh_rel_avgが有利(+14.9pt)、3号艇の女子戦比率が不利(-8.3pt) / [候補2]4号艇のsession_exh_rel_deltaが有利(+27.6pt)、5号艇のwin_rate_rank_2to6が有利(+21.9pt) / [除外]6号艇のsession_exh_rel_avgが不利(-7.7pt)、2号艇のwin_rate_rank_2to6が不利(-5.9pt)、天気-1.7pt
154,01,桐生,2,15:50,0.29807733919652507,3,0.28823152101123556,2,0.23224336792530936,0.1551417700128122,0.21312622389965896,0.30734866503688596,0.11546403447848419,0.2008038385200343,1-3,1-2,0.06922648515721581,0.08591528485559641,0.0635280977330132,0.023764971628548747,0.05564249871172628,True,False,False,False,予選女子,2026-09-22,1号艇のdominance,-0.236,1号艇のracer_win_te,-0.1863,6号艇のモーター出走数,-0.1086,1号艇のsession_exh_rel_avg,0.0996,場特性:in_escape_diff,-0.0936,2号艇のsession_exh_rel_last,-0.1413,4号艇のモーター出走数,-0.1017,3号艇のwin_rate_rank_2to6,-0.0757,2号艇のsession_exh_rel_delta,0.0694,6号艇のモーター出走数,0.0676,2号艇のwin_rate_rank_2to6,-0.1642,3号艇のモーター出走数,0.0817,2号艇の全国勝率,-0.0703,2号艇のracer_avgfin_te,-0.0499,2号艇のsession_avg_finish,0.0481,-0.0075,北西 3.7m/s,[逃げ]1号艇のdominanceが不利(-23.6pt)、1号艇のracer_win_teが不利(-18.6pt) / [2着]2号艇のsession_exh_rel_lastが不利(-14.1pt)、4号艇のモーター出走数が不利(-10.2pt) / [候補2]2号艇のwin_rate_rank_2to6が不利(-16.4pt)、3号艇のモーター出走数が有利(+8.2pt) / [除外]5号艇のracer_avgfin_teが不利(-5.2pt)、天気-0.7pt
155,09,津,3,11:28,0.2484065785023302,3,0.331799562820676,2,0.277875880188437,0.15144739079478617,0.2146974187051346,0.39497802430397844,0.11242895414686414,0.22450658084754382,1-3,1-2,0.06902619664593308,0.0824211941488531,0.05333225119382467,0.039482327015437274,0.004144611580401955,True,True,False,False,予選,2026-09-22,1号艇のdominance,-0.3706,1号艇のracer_win_te,-0.1524,1号艇の女子戦比率,-0.1221,1号艇のsession_exh_rel_avg,-0.105,1号艇の平均ST,-0.096,3号艇のモーター2連率,0.1357,3号艇のwin_rate_rank_2to6,-0.098,1号艇のモーター出走数,0.0477,1号艇vs6号艇のplace_rate差,0.0439,4号艇の女子戦2連率,0.0397,2号艇のsession_exh_rel_avg,0.0684,2号艇の全国勝率,0.0497,場特性:1x_diff_course2,0.0491,5号艇の年齢,-0.0491,1号艇の平均ST,-0.0295,-0.0167,北西 4.9m/s,[逃げ]1号艇のdominanceが不利(-37.1pt)、1号艇のracer_win_teが不利(-15.2pt) / [2着]3号艇のモーター2連率が有利(+13.6pt)、3号艇のwin_rate_rank_2to6が不利(-9.8pt) / [候補2]2号艇のsession_exh_rel_avgが有利(+6.8pt)、2号艇の全国勝率が有利(+5.0pt) / [除外]1号艇vs5号艇の枠別平均ST差が不利(-10.2pt)、5号艇の平均STが不利(-8.8pt)、天気-1.7pt
156,02,戸田,2,11:16,0.20164043891851383,2,0.45575455357417605,3,0.20292192272199794,0.1328158137856606,0.15280696387982873,0.5058695124163453,0.10846159627388201,0.244731923374866,1-2,1-3,0.09189854822180818,0.04091726556385241,0.030812063266534153,0.014211244951588806,0.023801323675252804,True,True,False,False,予選,2026-09-22,1号艇のracer_win_te,-0.2408,1号艇の年齢,-0.1891,1号艇のdominance,-0.1513,場特性:in_escape_diff,-0.141,4号艇のモーター2連率,-0.1146,2号艇のclass_rank_2to6,0.0564,2号艇のwin_rate_rank_2to6,0.0529,2号艇の全国勝率,0.052,4号艇のモーター2連率,0.0408,2号艇のsession_exh_rel_avg,0.0378,3号艇のwin_rate_rank_2to6,-0.0922,3号艇のsession_exh_rel_avg,0.0643,3号艇の全国勝率,-0.0579,3号艇の節間得点,-0.0495,3号艇のcumulative_diff_rank_2to6,-0.0472,0.0182,北西 2.7m/s,[逃げ]1号艇のracer_win_teが不利(-24.1pt)、1号艇の年齢が不利(-18.9pt) / [2着]2号艇のclass_rank_2to6が有利(+5.6pt)、2号艇のwin_rate_rank_2to6が有利(+5.3pt) / [候補2]3号艇のwin_rate_rank_2to6が不利(-9.2pt)、3号艇のsession_exh_rel_avgが有利(+6.4pt) / [除外]4号艇のwin_rate_rank_2to6が不利(-5.5pt)、6号艇のsession_exh_rel_avgが不利(-5.0pt)、天気+1.8pt
157,06,浜名湖,2,11:52,0.1674177964449936,2,0.4710816823671141,3,0.26522372837976094,0.12327062937776774,0.15340350242516287,0.5829019083217122,0.10057845382652324,0.26116001306095105,1-2,1-3,0.07886745720750264,0.04440317217026509,0.025682476342965,0.004972158674780761,0.013492530490280366,True,True,False,False,予選,2026-09-22,1号艇のdominance,-0.4722,1号艇の全国2連率,-0.2306,1号艇のvs_max234_diff,-0.1814,1号艇のracer_win_te,-0.1694,1号艇の級別順位,-0.1144,2号艇のclass_rank_2to6,0.0806,1号艇の枠別出走数,0.0715,6号艇のracer_win_te,0.0685,2号艇のwin_rate_rank_2to6,0.0675,1号艇の直近複勝率,0.0602,3号艇のモーター2連率,0.1276,3号艇のwin_rate_rank_2to6,-0.0878,1号艇vs6号艇のplace_rate差,0.076,4号艇の体重,0.0396,1号艇のracer_avgfin_te,0.0374,0.0025,西 2.3m/s,[逃げ]1号艇のdominanceが不利(-47.2pt)、1号艇の全国2連率が不利(-23.1pt) / [2着]2号艇のclass_rank_2to6が有利(+8.1pt)、1号艇の枠別出走数が有利(+7.1pt) / [候補2]3号艇のモーター2連率が有利(+12.8pt)、3号艇のwin_rate_rank_2to6が不利(-8.8pt)、天気影響ほぼなし
158,03,江戸川,3,12:08,0.23792033059693768,2,0.32891968980426733,3,0.26992284178598236,0.1424768130914593,0.2501750385722456,0.3486674930180041,0.09970384243849154,0.20433401706942272,1-2,1-3,0.07825668133807348,0.06422013175338583,0.029671371854331597,0.059521727884210306,0.006250420204322794,True,True,False,False,予選,2026-09-22,1号艇のdominance,-0.2188,1号艇のracer_win_te,-0.175,2号艇のsession_exh_rel_avg,-0.1213,1号艇のsession_exh_rel_avg,-0.096,5号艇の節間得点,-0.0958,2号艇のsession_exh_rel_avg,0.1576,2号艇のwin_rate_rank_2to6,-0.0571,2号艇のclass_rank_2to6,-0.0535,2号艇のモーター2連率,-0.0478,2号艇の当地勝率,-0.0417,3号艇のwin_rate_rank_2to6,0.0539,3号艇のcumulative_diff_rank_2to6,-0.0496,5号艇の一般戦2連率,-0.0464,場特性:1x_diff_course3,-0.046,3号艇のclass_rank_2to6,0.0438,-0.0211,北 0.9m/s,[逃げ]1号艇のdominanceが不利(-21.9pt)、1号艇のracer_win_teが不利(-17.5pt) / [2着]2号艇のsession_exh_rel_avgが有利(+15.8pt)、2号艇のwin_rate_rank_2to6が不利(-5.7pt) / [候補2]3号艇のwin_rate_rank_2to6が有利(+5.4pt)、3号艇のcumulative_diff_rank_2to6が不利(-5.0pt) / [除外]6号艇のwin_rate_rank_2to6が不利(-7.5pt)、6号艇のsession_avg_finishが不利(-5.4pt)、天気-2.1pt
159,03,江戸川,2,11:41,0.16070623513870272,2,0.5715898424569531,4,0.19265020498157748,0.12281814076606981,0.17583402520310398,0.5884060222354266,0.09690341109543843,0.26249450520687684,1-2,1-4,0.09185805162478115,0.02825762419967461,0.030960089141288668,0.009421393501796663,0.00020907828010708167,True,True,False,False,予選,2026-09-22,1号艇のdominance,-0.2514,1号艇のracer_win_te,-0.1669,1号艇のsession_exh_rel_avg,0.1359,1号艇vs2号艇のcumulative差,-0.1045,1号艇の級別順位,-0.1026,1号艇vs2号艇の枠別勝率差,-0.2262,2号艇のwin_rate_rank_2to6,0.1965,2号艇のsession_exh_rel_avg,0.1158,6号艇のsession_rank_diff_last,-0.0976,2号艇のclass_rank_2to6,0.0874,1号艇vs5号艇の枠別勝率差,0.0979,1号艇vs6号艇の枠別勝率差,-0.0963,4号艇のwin_rate_rank_2to6,0.0849,4号艇のclass_rank_2to6,0.0735,6号艇の全国2連率,-0.0516,0.0167,北 1.1m/s,[逃げ]1号艇のdominanceが不利(-25.1pt)、1号艇のracer_win_teが不利(-16.7pt) / [2着]1号艇vs2号艇の枠別勝率差が不利(-22.6pt)、2号艇のwin_rate_rank_2to6が有利(+19.7pt) / [候補2]1号艇vs5号艇の枠別勝率差が有利(+9.8pt)、1号艇vs6号艇の枠別勝率差が不利(-9.6pt) / [除外]6号艇の直近平均着順が不利(-20.6pt)、6号艇の全国勝率が不利(-14.5pt)、天気+1.7pt
160,08,常滑,2,11:06,0.1895926796355829,2,0.44651706115698653,3,0.18477125620281282,0.11968764371088264,0.15968876208232297,0.47159955527747643,0.09675231771799347,0.22526121718086078,1-2,1-3,0.08465636612775852,0.035031277583124104,0.030275820310876677,0.028876033009028617,0.010753184017370538,True,True,False,False,予選,2026-09-22,1号艇のdominance,-0.3506,1号艇のracer_win_te,-0.2202,1号艇の全国2連率,-0.1522,1号艇のvs_max234_diff,-0.144,1号艇の直近1着率,-0.1298,3号艇のracer_win_te,0.0567,2号艇のclass_rank_2to6,0.0554,1号艇のracer_avgfin_te,-0.0531,2号艇のwin_rate_rank_2to6,0.0498,avg_entry_count,-0.0425,3号艇のwin_rate_rank_2to6,-0.116,3号艇のracer_avgfin_te,-0.091,3号艇の全国勝率,-0.0763,1号艇のrecent_4to6_rate,-0.0697,1号艇の直近複勝率,-0.0663,-0.0216,北西 4.6m/s,[逃げ]1号艇のdominanceが不利(-35.1pt)、1号艇のracer_win_teが不利(-22.0pt) / [2着]3号艇のracer_win_teが有利(+5.7pt)、2号艇のclass_rank_2to6が有利(+5.5pt) / [候補2]3号艇のwin_rate_rank_2to6が不利(-11.6pt)、3号艇のracer_avgfin_teが不利(-9.1pt) / [除外]4号艇のwin_rate_rank_2to6が不利(-6.0pt)、天気-2.2pt
161,10,三国,8,11:49,0.23125735262176206,2,0.27215103951661723,4,0.26124338462224783,0.12335138242956323,0.2297379157404132,0.3036565083984519,0.08934519502588345,0.1774429202202298,1-2,1-4,0.06293692891187345,0.04998780213408791,0.06041445351768978,0.053128582190969394,0.004789584359515169,True,True,False,False,予選,2026-09-22,1号艇のdominance,-0.3649,風速区分,-0.1708,1号艇のracer_win_te,-0.1075,1号艇のsession_exh_rel_avg,-0.0887,1号艇の級別順位,-0.0859,6号艇のsession_exh_rel_last,-0.0584,2号艇のモーター2連率,-0.0348,2号艇のsession_exh_rel_avg,-0.0326,2号艇の全国勝率,0.027,2号艇のsession_avg_finish,0.0263,4号艇のwin_rate_rank_2to6,-0.1007,4号艇のclass_rank_2to6,0.0769,4号艇の年齢,0.0665,4号艇の節間得点,0.0479,5号艇の直近1着率,-0.044,-0.1705,北 12.2m/s,[逃げ]1号艇のdominanceが不利(-36.5pt)、風速区分が不利(-17.1pt) / [2着]6号艇のsession_exh_rel_lastが不利(-5.8pt)、2号艇のモーター2連率が不利(-3.5pt) / [候補2]4号艇のwin_rate_rank_2to6が不利(-10.1pt)、4号艇のclass_rank_2to6が有利(+7.7pt) / [除外]6号艇のwin_rate_rank_2to6が不利(-7.2pt)、6号艇のvs_avg456_diffが不利(-7.2pt)、天気-17.0pt
162,08,常滑,3,11:35,0.2384831187441605,3,0.2624243353920689,2,0.2601211643188911,0.12461828045679556,0.23690913654114223,0.2856363631698178,0.08919042939248195,0.17292370527070222,1-3,1-2,0.062034506518131395,0.06258377393866417,0.05347095206315241,0.05649882974131776,0.003895055927633009,True,True,False,False,予選,2026-09-22,1号艇のdominance,-0.2581,1号艇のracer_win_te,-0.1885,1号艇の年齢,-0.1264,1号艇の級別順位,-0.0914,1号艇のframe_dominance,-0.0827,3号艇のwin_rate_rank_2to6,-0.1243,3号艇のモーター2連率,0.0752,3号艇のcumulative_diff_rank_2to6,0.0411,3号艇のモーター出走数,0.0409,3号艇の全国勝率,-0.0387,2号艇のclass_rank_2to6,-0.0506,2号艇のsession_exh_rel_avg,0.0466,6号艇の一般戦勝率,-0.0331,avg_entry_count,-0.0314,2号艇の当地勝率,-0.0298,-0.0132,西 4.0m/s,[逃げ]1号艇のdominanceが不利(-25.8pt)、1号艇のracer_win_teが不利(-18.8pt) / [2着]3号艇のwin_rate_rank_2to6が不利(-12.4pt)、3号艇のモーター2連率が有利(+7.5pt) / [候補2]2号艇のclass_rank_2to6が不利(-5.1pt)、2号艇のsession_exh_rel_avgが有利(+4.7pt) / [除外]6号艇のwin_rate_rank_2to6が不利(-8.1pt)、天気-1.3pt
163,10,三国,7,11:19,0.14900747555176033,4,0.3699622491529738,2,0.3605957545638918,0.10885860387798368,0.19083342953062024,0.5397245741862454,0.08392997102364261,0.23811839497046222,1-4,1-2,0.05373146308224768,0.028435607585242474,0.05512714079573601,0.009324325459215915,0.002388936547707871,True,True,False,False,予選,2026-09-22,1号艇のdominance,-0.3786,風速区分,-0.1623,1号艇のsession_exh_rel_avg,0.1383,1号艇のvs_max234_diff,-0.1263,4号艇のracer_win_te,-0.1158,4号艇のwin_rate_rank_2to6,0.1674,4号艇のclass_rank_2to6,0.1235,4号艇のsession_exh_rel_avg,0.082,4号艇の全国勝率,0.0633,4号艇の当地勝率,0.0487,2号艇のclass_rank_2to6,0.0809,2号艇のwin_rate_rank_2to6,0.0715,2号艇の節間得点,0.0529,3号艇の全国勝率,-0.0525,2号艇の全国勝率,0.0484,-0.1472,北 12.0m/s,[逃げ]1号艇のdominanceが不利(-37.9pt)、風速区分が不利(-16.2pt) / [2着]4号艇のwin_rate_rank_2to6が有利(+16.7pt)、4号艇のclass_rank_2to6が有利(+12.3pt) / [候補2]2号艇のclass_rank_2to6が有利(+8.1pt)、2号艇のwin_rate_rank_2to6が有利(+7.1pt) / [除外]6号艇のracer_win_teが不利(-11.1pt)、1号艇vs4号艇のlocal_win_rate差が不利(-7.7pt)、天気-14.7pt
164,22,福岡,5,13:44,0.12781312794096517,3,0.40992037486146915,2,0.2532003981572495,0.0847555402021532,0.24209023645839073,0.4210305365603279,0.06013335367971571,0.18563803910960558,1-3,1-2,0.03236233488437585,0.05239320531777736,0.030942310365714803,0.009888490737686549,0.002226786992516365,True,True,False,False,予選,2026-09-22,1号艇のdominance,-0.4356,1号艇のvs_max234_diff,-0.2617,1号艇の全国2連率,-0.1781,1号艇のracer_win_te,-0.14,1号艇の直近1着率,-0.1376,3号艇のwin_rate_rank_2to6,0.1732,6号艇のracer_2nd_te,-0.0933,3号艇の当地勝率,0.0845,3号艇の全国勝率,0.0549,1号艇のvs_max234_diff,-0.0521,2号艇のwin_rate_rank_2to6,-0.1467,3号艇の全国2連率,0.1112,2号艇の全国勝率,-0.0817,1号艇の体重,-0.0505,2号艇のsession_exh_rel_avg,0.0499,-0.0438,北 6.8m/s,[逃げ]1号艇のdominanceが不利(-43.6pt)、1号艇のvs_max234_diffが不利(-26.2pt) / [2着]3号艇のwin_rate_rank_2to6が有利(+17.3pt)、6号艇のracer_2nd_teが不利(-9.3pt) / [候補2]2号艇のwin_rate_rank_2to6が不利(-14.7pt)、3号艇の全国2連率が有利(+11.1pt) / [除外]4号艇の女子戦2連率が不利(-16.1pt)、1号艇vs3号艇の直近複勝率差が不利(-7.1pt)、天気-4.4pt
165,02,戸田,6,13:14,0.09209800158574025,3,0.38787016964982496,2,0.38468030598492775,0.07115035493007384,0.14850061661840994,0.6240498590163428,0.05847130903439221,0.23702020615595454,1-3,1-2,0.03542828743060292,0.03572206749947092,0.005665953420850702,0.013676610024805722,0.0016050850112418974,True,True,False,False,予選,2026-09-22,1号艇のdominance,-0.4146,2号艇のsession_exh_rel_avg,-0.3465,場特性:in_escape_diff,-0.1555,1号艇のracer_win_te,-0.148,1号艇のvs_max234_diff,-0.1365,3号艇のwin_rate_rank_2to6,0.2126,3号艇の全国勝率,0.1637,3号艇の枠別平均ST,0.0587,1号艇vs3号艇のcumulative差,0.0578,3号艇の当地勝率,0.0569,2号艇のsession_exh_rel_avg,0.1322,3号艇の全国2連率,0.0796,2号艇の女子戦比率,-0.0725,2号艇の体重,-0.0633,1号艇vs3号艇の直近複勝率差,0.0558,-0.0098,北 0.7m/s,[逃げ]1号艇のdominanceが不利(-41.5pt)、2号艇のsession_exh_rel_avgが不利(-34.7pt) / [2着]3号艇のwin_rate_rank_2to6が有利(+21.3pt)、3号艇の全国勝率が有利(+16.4pt) / [候補2]2号艇のsession_exh_rel_avgが有利(+13.2pt)、3号艇の全国2連率が有利(+8.0pt) / [除外]6号艇のwin_rate_rank_2to6が不利(-6.9pt)、3号艇のracer_win_teが不利(-6.0pt)、天気-1.0pt
166,10,三国,5,10:18,0.0811420254282274,3,0.45376462338397106,2,0.3040120307706114,0.06148753254032822,0.12626191620813498,0.6315147379464475,0.05217129212258594,0.232495694162164,1-3,1-2,0.024668151931276004,0.03681938060905221,0.004621530526658218,0.010245147615577207,0.004787813838830965,False,False,True,False,予選,2026-09-22,1号艇のdominance,-0.394,1号艇のvs_max234_diff,-0.2646,1号艇のsession_exh_rel_avg,-0.2324,風速区分,-0.1715,1号艇のracer_win_te,-0.1588,3号艇のwin_rate_rank_2to6,0.2035,3号艇のsession_exh_rel_avg,0.1172,3号艇の全国勝率,0.0821,1号艇のvs_max234_diff,-0.0783,3号艇の当地勝率,0.0731,2号艇のsession_exh_rel_avg,-0.0857,3号艇のsession_exh_rel_last,0.0806,2号艇の節間得点,0.0537,2号艇のwin_rate_rank_2to6,-0.046,1号艇vs2号艇のplace_rate差,-0.0439,-0.1295,北 11.7m/s,[逃げ]1号艇のdominanceが不利(-39.4pt)、1号艇のvs_max234_diffが不利(-26.5pt) / [2着]3号艇のwin_rate_rank_2to6が有利(+20.4pt)、3号艇のsession_exh_rel_avgが有利(+11.7pt) / [候補2]2号艇のsession_exh_rel_avgが不利(-8.6pt)、3号艇のsession_exh_rel_lastが有利(+8.1pt) / [除外]3号艇のracer_avgfin_teが不利(-6.6pt)、4号艇のwin_rate_rank_2to6が不利(-5.5pt)、天気-13.0pt
167,01,桐生,3,16:15,0.11081733762450123,4,0.3682938713534488,3,0.2667817029681837,0.07037738433667437,0.2324516109899623,0.4026239633316702,0.050746180697090734,0.17005135803517313,1-4,1-3,0.025759668656433875,0.029564038049864617,0.04081334628680976,0.005904872624648747,0.008775410561850602,True,False,False,False,予選男子,2026-09-22,1号艇のdominance,-0.4785,1号艇のvs_max234_diff,-0.2616,1号艇の全国2連率,-0.1549,1号艇のracer_win_te,-0.1456,1号艇の直近1着率,-0.1428,4号艇のwin_rate_rank_2to6,0.1502,1号艇のモーター出走数,0.1036,4号艇の全国勝率,0.0995,4号艇のclass_rank_2to6,0.092,4号艇の直近複勝率,0.0673,3号艇のsession_exh_rel_avg,-0.1063,1号艇のrecent_4to6_rate,-0.1058,2号艇のsession_exh_rel_delta,0.0857,6号艇のモーター出走数,0.0788,3号艇の当地勝率,0.0567,0.0255,北西 3.3m/s,[逃げ]1号艇のdominanceが不利(-47.8pt)、1号艇のvs_max234_diffが不利(-26.2pt) / [2着]4号艇のwin_rate_rank_2to6が有利(+15.0pt)、1号艇のモーター出走数が有利(+10.4pt) / [候補2]3号艇のsession_exh_rel_avgが不利(-10.6pt)、1号艇のrecent_4to6_rateが不利(-10.6pt) / [除外]1号艇vs3号艇の直近複勝率差が不利(-7.5pt)、6号艇のwin_rate_rank_2to6が不利(-6.2pt)、天気+2.6pt
168,10,三国,10,12:54,0.09212049464361965,2,0.3504967087405456,3,0.27914304036362986,0.058002725134761214,0.12940155027000755,0.5002381988341679,0.04899595407197334,0.1906733672445832,1-2,1-3,0.03228793018013975,0.025714794954621468,0.011260386776053342,0.010936848600631955,0.011920534818524309,True,True,False,False,予選特賞,2026-09-22,1号艇のdominance,-0.4092,1号艇のsession_exh_rel_avg,-0.2445,風速区分,-0.2242,1号艇のracer_win_te,-0.175,1号艇vs3号艇のcumulative差,-0.1196,2号艇のwin_rate_rank_2to6,-0.0999,2号艇のsession_exh_rel_avg,0.0606,2号艇の全国勝率,0.0551,1号艇のsession_exh_rel_last,-0.0494,2号艇のsession_avg_finish,0.042,3号艇のwin_rate_rank_2to6,-0.1083,1号艇の体重,0.08,3号艇のsession_exh_rel_avg,0.0722,3号艇の節間得点,0.0543,3号艇のracer_2nd_te,-0.0541,-0.1292,北東 10.5m/s,[逃げ]1号艇のdominanceが不利(-40.9pt)、1号艇のsession_exh_rel_avgが不利(-24.5pt) / [2着]2号艇のwin_rate_rank_2to6が不利(-10.0pt)、2号艇のsession_exh_rel_avgが有利(+6.1pt) / [候補2]3号艇のwin_rate_rank_2to6が不利(-10.8pt)、1号艇の体重が有利(+8.0pt) / [除外]1号艇vs3号艇の直近複勝率差が不利(-8.2pt)、天気-12.9pt
