rank,venue_code,venue_name,race_no,closing_time,in_escape_prob,second_pred_1,second_pred_1_prob,second_pred_2,second_pred_2_prob,confidence_score,third_prob,top2_margin,adjusted_score,score_margin_blend,ticket_1,ticket_2,score_boat2,score_boat3,score_boat4,score_boat5,score_boat6,is_teppan,is_lunch,is_excluded,is_channel_target,race_grade,race_date,top_feat_1,top_feat_1_contrib,top_feat_2,top_feat_2_contrib,top_feat_3,top_feat_3_contrib,top_feat_4,top_feat_4_contrib,top_feat_5,top_feat_5_contrib,s2_top_feat_1,s2_top_feat_1_contrib,s2_top_feat_2,s2_top_feat_2_contrib,s2_top_feat_3,s2_top_feat_3_contrib,s2_top_feat_4,s2_top_feat_4_contrib,s2_top_feat_5,s2_top_feat_5_contrib,s2_top2_feat_1,s2_top2_feat_1_contrib,s2_top2_feat_2,s2_top2_feat_2_contrib,s2_top2_feat_3,s2_top2_feat_3_contrib,s2_top2_feat_4,s2_top2_feat_4_contrib,s2_top2_feat_5,s2_top2_feat_5_contrib,weather_contribution,wind_info,reason_text
1,19,下関,10,19:48,0.7930680506846699,2,0.6178601727003232,3,0.24956243678222684,0.6879251580221357,0.06662756219648287,0.8007950472860672,0.6329234265189615,0.7217861248013151,1-2,1-3,0.49000516275913886,0.1979199952629968,0.05284019087303628,0.043704490635695266,0.008598200813372254,True,False,False,False,準優勝戦,2026-09-02,1号艇のsession_exh_rel_avg,-0.2134,1号艇のracer_win_te,0.1211,1号艇の節間得点,0.1,1号艇の年齢,-0.0852,場特性:in_escape_diff,0.0806,2号艇のwin_rate_rank_2to6,0.2179,2号艇のsession_exh_rel_avg,0.0957,2号艇のclass_rank_2to6,0.0859,2号艇の節間得点,0.0752,2号艇のracer_avgfin_te,0.0613,3号艇の当地勝率,0.0699,5号艇のsession_exh_rel_avg,-0.0578,5号艇のsession_exh_rel_last,-0.0575,3号艇のwin_rate_rank_2to6,0.0519,2号艇の全国勝率,-0.0441,-0.0132,南東 4.6m/s,[逃げ]1号艇のsession_exh_rel_avgが不利(-21.3pt)、1号艇のracer_win_teが有利(+12.1pt) / [2着]2号艇のwin_rate_rank_2to6が有利(+21.8pt)、2号艇のsession_exh_rel_avgが有利(+9.6pt) / [候補2]3号艇の当地勝率が有利(+7.0pt)、5号艇のsession_exh_rel_avgが不利(-5.8pt) / [除外]6号艇のsession_exh_rel_avgが不利(-6.5pt)、4号艇のwin_rate_rank_2to6が不利(-5.7pt)、天気-1.3pt
2,19,下関,7,18:17,0.8159501572943108,2,0.6271776077956185,3,0.2223567053807618,0.6931776564631817,0.08156803383194605,0.7679662793444342,0.6253282902224563,0.7156142433275574,1-2,1-3,0.5117456677323045,0.1814319887308773,0.06655545003536405,0.033252196433494266,0.022964858921747537,True,False,False,False,ふく～る戦,2026-09-02,1号艇のdominance,0.1476,場特性:in_escape_diff,0.0764,1号艇の級別順位,0.0763,1号艇のracer_win_te,0.072,1号艇の節間得点,0.071,2号艇のwin_rate_rank_2to6,0.1659,2号艇のclass_rank_2to6,0.0849,2号艇のsession_exh_rel_avg,0.0822,2号艇のモーター2連率,0.0809,2号艇の一般戦勝率,-0.076,3号艇の節間得点,-0.086,3号艇のsession_exh_rel_avg,-0.063,3号艇のwin_rate_rank_2to6,0.0531,場特性:1x_diff_course3,0.0516,3号艇のcumulative_diff_rank_2to6,-0.0514,-0.0366,東 4.5m/s,[逃げ]1号艇のdominanceが有利(+14.8pt)、場特性:in_escape_diffが有利(+7.6pt) / [2着]2号艇のwin_rate_rank_2to6が有利(+16.6pt)、2号艇のclass_rank_2to6が有利(+8.5pt) / [候補2]3号艇の節間得点が不利(-8.6pt)、3号艇のsession_exh_rel_avgが不利(-6.3pt) / [除外]6号艇のwin_rate_rank_2to6が不利(-6.9pt)、4号艇のwin_rate_rank_2to6が不利(-5.1pt)、天気-3.7pt
3,06,浜名湖,10,15:56,0.7896808586427634,2,0.7028307718428686,3,0.1438893992079649,0.6686387117055697,0.07857946788192181,0.7681407031689116,0.6055891827002767,0.6984893091445722,1-2,1-3,0.5550120073894326,0.11362670431613708,0.06205270166868747,0.04198199377283768,0.017007441199402056,True,False,False,False,予選特賞,2026-09-02,1号艇のdominance,0.2539,1号艇の女子戦比率,-0.1881,1号艇のsession_exh_rel_avg,0.1281,1号艇vs4号艇のcumulative差,0.0946,1号艇のracer_win_te,0.0883,2号艇のwin_rate_rank_2to6,0.1664,2号艇のsession_exh_rel_avg,0.1102,2号艇の節間得点,0.0808,3号艇のracer_win_te,0.0726,2号艇のclass_rank_2to6,0.0724,3号艇のwin_rate_rank_2to6,-0.1255,3号艇のracer_avgfin_te,-0.072,3号艇の全国勝率,-0.0653,3号艇のsession_exh_rel_avg,0.0618,3号艇の節間得点,0.0412,0.0632,東 1.5m/s,[逃げ]1号艇のdominanceが有利(+25.4pt)、1号艇の女子戦比率が不利(-18.8pt) / [2着]2号艇のwin_rate_rank_2to6が有利(+16.6pt)、2号艇のsession_exh_rel_avgが有利(+11.0pt) / [候補2]3号艇のwin_rate_rank_2to6が不利(-12.5pt)、3号艇のracer_avgfin_teが不利(-7.2pt) / [除外]1号艇の当地勝率が不利(-11.5pt)、天気+6.3pt
4,13,尼崎,12,16:25,0.8136135084884377,3,0.4788250174712716,2,0.33977722904296026,0.6660258458429612,0.09305672864550173,0.7255455178687301,0.5916520221539622,0.6838817474506919,1-3,1-2,0.27644734342612237,0.3895785024168388,0.07571221148172316,0.0490642123656815,0.022811220612392803,True,False,False,False,予選特選,2026-09-02,1号艇のdominance,0.1544,1号艇のsession_exh_rel_avg,0.128,race_no,0.1073,風速区分,0.0956,2号艇のsession_avg_finish,-0.085,3号艇のwin_rate_rank_2to6,0.2095,3号艇の当地勝率,0.1299,3号艇の節間得点,-0.0638,3号艇のclass_rank_2to6,0.0472,3号艇のcumulative_diff_rank_2to6,-0.0452,2号艇のsession_exh_rel_avg,-0.1086,2号艇のclass_rank_2to6,-0.0708,レース時間帯,-0.0561,2号艇の節間得点,0.0521,2号艇のモーター2連率,-0.0484,0.0946,北東 1.7m/s,[逃げ]1号艇のdominanceが有利(+15.4pt)、1号艇のsession_exh_rel_avgが有利(+12.8pt) / [2着]3号艇のwin_rate_rank_2to6が有利(+21.0pt)、3号艇の当地勝率が有利(+13.0pt) / [候補2]2号艇のsession_exh_rel_avgが不利(-10.9pt)、2号艇のclass_rank_2to6が不利(-7.1pt) / [除外]6号艇のwin_rate_rank_2to6が不利(-7.6pt)、2号艇のracer_2nd_teが不利(-6.1pt)、天気+9.5pt
5,18,徳山,1,08:44,0.8609108604173776,3,0.39759492346185343,2,0.3784074119755106,0.6680688382872755,0.09829301319904976,0.6777093222383141,0.5892690393197014,0.670960983472587,1-3,1-2,0.3257750506321499,0.34229378765512564,0.08462152256621058,0.045092575021256166,0.0631279261462068,False,False,True,False,朝トク予選,2026-09-02,場特性:in_escape_diff,0.1846,1号艇のdominance,0.1695,1号艇のsession_exh_rel_avg,0.143,1号艇のracer_win_te,0.077,1号艇の級別順位,0.0751,3号艇のsession_exh_rel_avg,0.1309,3号艇のwin_rate_rank_2to6,-0.0695,場特性:1x_diff_course3,0.059,6号艇のsession_rank_diff_last,0.0559,3号艇のcumulative_diff_rank_2to6,0.0446,2号艇のsession_exh_rel_avg,0.0807,2号艇のclass_rank_2to6,-0.0697,2号艇のwin_rate_rank_2to6,0.0689,場特性:in_escape_diff,0.0432,場特性:1x_diff_course2,0.0431,0.027,南東 2.6m/s,[逃げ]場特性:in_escape_diffが有利(+18.5pt)、1号艇のdominanceが有利(+16.9pt) / [2着]3号艇のsession_exh_rel_avgが有利(+13.1pt)、3号艇のwin_rate_rank_2to6が不利(-7.0pt) / [候補2]2号艇のsession_exh_rel_avgが有利(+8.1pt)、2号艇のclass_rank_2to6が不利(-7.0pt) / [除外]5号艇のsession_exh_rel_avgが不利(-5.2pt)、天気+2.7pt
6,12,住之江,10,19:23,0.7471678012080627,2,0.7228989511193624,3,0.10717515007766949,0.6202046410311453,0.07796234612262173,0.7521117550744102,0.5621815103620335,0.6597767752441247,1-2,1-3,0.5401268198034688,0.08007782122767644,0.052770295548071354,0.058250954729461214,0.015941916162072974,True,False,False,False,予選特別Ｂ戦,2026-09-02,1号艇のdominance,0.1838,1号艇の女子戦比率,-0.1421,1号艇の勝率順位,0.0987,風速区分,0.0921,1号艇の級別順位,0.0792,2号艇のwin_rate_rank_2to6,0.2012,2号艇のsession_exh_rel_avg,0.1496,6号艇の体重,0.0939,3号艇のracer_2nd_te,0.0724,3号艇のrecent_race_count,0.0617,3号艇のsession_exh_rel_avg,0.1203,3号艇のwin_rate_rank_2to6,-0.1069,3号艇の全国勝率,-0.1039,3号艇のracer_win_te,-0.0851,3号艇の当地勝率,-0.0785,0.1077,南 0.5m/s,[逃げ]1号艇のdominanceが有利(+18.4pt)、1号艇の女子戦比率が不利(-14.2pt) / [2着]2号艇のwin_rate_rank_2to6が有利(+20.1pt)、2号艇のsession_exh_rel_avgが有利(+15.0pt) / [候補2]3号艇のsession_exh_rel_avgが有利(+12.0pt)、3号艇のwin_rate_rank_2to6が不利(-10.7pt) / [除外]6号艇のwin_rate_rank_2to6が不利(-8.9pt)、6号艇のvs_avg456_diffが不利(-5.9pt)、天気+10.8pt
7,24,大村,8,20:59,0.7980870799539654,2,0.5520285928007002,3,0.21875114178396382,0.615149347662367,0.10275035968489822,0.6680293748997658,0.5393011675836805,0.6310133558335865,1-2,1-3,0.44056688767940744,0.17458245998295957,0.08138740003956067,0.08200373452514008,0.019546589550856083,False,False,False,False,予選,2026-09-02,1号艇のdominance,0.2688,1号艇のsession_exh_rel_avg,-0.1532,場特性:in_escape_diff,0.1371,1号艇のvs_max234_frame_diff,0.1185,1号艇の勝率順位,0.0909,2号艇のwin_rate_rank_2to6,0.1445,2号艇のsession_exh_rel_avg,0.1435,2号艇のclass_rank_2to6,0.0736,2号艇のcumulative_diff_rank_2to6,-0.0526,2号艇の当地勝率,-0.0414,3号艇のwin_rate_rank_2to6,-0.0623,3号艇の当地勝率,-0.0504,6号艇のsession_rank_diff_last,0.0436,場特性:1x_diff_course3,0.0358,3号艇の全国勝率,-0.0342,0.1177,北 0.9m/s,[逃げ]1号艇のdominanceが有利(+26.9pt)、1号艇のsession_exh_rel_avgが不利(-15.3pt) / [2着]2号艇のwin_rate_rank_2to6が有利(+14.5pt)、2号艇のsession_exh_rel_avgが有利(+14.3pt) / [候補2]3号艇のwin_rate_rank_2to6が不利(-6.2pt)、3号艇の当地勝率が不利(-5.0pt) / [除外]4号艇のwin_rate_rank_2to6が不利(-6.0pt)、天気+11.8pt
8,08,常滑,12,16:15,0.890095067359669,3,0.39927969183238365,2,0.35053357558195947,0.6674050907663434,0.17129856538978994,0.5785147020245532,0.5302144492678028,0.6407379741438063,1-3,1-2,0.31200820656944983,0.3553968841968934,0.15247200809923975,0.0506017678994424,0.019616193962918534,True,False,False,False,準優勝戦,2026-09-02,1号艇のdominance,0.3059,1号艇のracer_win_te,0.1845,風速区分,0.1073,1号艇の枠別出走数,-0.1051,1号艇の全国勝率,0.1017,3号艇のsession_exh_rel_avg,0.1313,1号艇のracer_avgfin_te,0.0672,3号艇のwin_rate_rank_2to6,-0.0555,3号艇のcumulative_diff_rank_2to6,0.0453,1号艇の一般戦勝率,0.0453,2号艇のwin_rate_rank_2to6,0.1521,2号艇のsession_exh_rel_avg,0.1023,2号艇の節間得点,0.0523,avg_entry_count,0.048,2号艇の全国勝率,0.0447,0.1463,南東 1.9m/s,[逃げ]1号艇のdominanceが有利(+30.6pt)、1号艇のracer_win_teが有利(+18.4pt) / [2着]3号艇のsession_exh_rel_avgが有利(+13.1pt)、1号艇のracer_avgfin_teが有利(+6.7pt) / [候補2]2号艇のwin_rate_rank_2to6が有利(+15.2pt)、2号艇のsession_exh_rel_avgが有利(+10.2pt) / [除外]6号艇のwin_rate_rank_2to6が不利(-6.1pt)、1号艇vs6号艇のcumulative差が不利(-5.3pt)、天気+14.6pt
9,24,大村,7,20:25,0.7407735538805159,3,0.5508128975585559,2,0.2581927065047042,0.5992899564311946,0.1011229308133347,0.7078826732499254,0.5265676082696129,0.6318677714768138,1-3,1-2,0.19126232878351873,0.408027627647676,0.04144105879899776,0.07490919283740748,0.025133332014933295,False,False,False,False,予選,2026-09-02,場特性:in_escape_diff,0.1439,1号艇のdominance,0.1312,風速区分,0.0781,1号艇の級別順位,0.0764,3号艇のsession_exh_rel_avg,-0.0756,3号艇のwin_rate_rank_2to6,0.2048,3号艇のsession_exh_rel_avg,0.1292,場特性:1x_diff_course3,0.0517,3号艇のclass_rank_2to6,0.0473,3号艇の全国勝率,0.044,2号艇のclass_rank_2to6,-0.0763,2号艇のsession_exh_rel_avg,-0.0719,2号艇のwin_rate_rank_2to6,0.0434,1号艇vs2号艇のlocal_win_rate差,-0.0397,1号艇の体重,-0.0389,0.0714,北西 1.4m/s,[逃げ]場特性:in_escape_diffが有利(+14.4pt)、1号艇のdominanceが有利(+13.1pt) / [2着]3号艇のwin_rate_rank_2to6が有利(+20.5pt)、3号艇のsession_exh_rel_avgが有利(+12.9pt) / [候補2]2号艇のclass_rank_2to6が不利(-7.6pt)、2号艇のsession_exh_rel_avgが不利(-7.2pt) / [除外]6号艇のwin_rate_rank_2to6が不利(-8.2pt)、4号艇のwin_rate_rank_2to6が不利(-5.8pt)、天気+7.1pt
10,24,大村,11,22:16,0.7499762264660177,3,0.44244531467956844,2,0.3771567267833713,0.61468204626022,0.12202922796142154,0.6975728135015181,0.5246710356039623,0.6395492764326094,1-3,1-2,0.2828585787392676,0.3318234675209525,0.09151901990506839,0.026854971986055822,0.016920175742217162,False,False,False,False,予選特選,2026-09-02,場特性:in_escape_diff,0.1566,3号艇のracer_win_te,-0.1125,1号艇のracer_win_te,0.0996,1号艇のsession_exh_rel_avg,0.0976,1号艇の級別順位,0.0849,3号艇のwin_rate_rank_2to6,0.2193,3号艇の全国勝率,0.157,3号艇の当地勝率,0.0779,3号艇の全国2連率,-0.0609,3号艇のracer_avgfin_te,0.0524,2号艇のwin_rate_rank_2to6,-0.1263,2号艇のsession_exh_rel_avg,0.1026,2号艇の全国勝率,0.0539,2号艇のモーター2連率,-0.0388,1号艇vs2号艇の枠別勝率差,-0.0292,0.1316,南東 1.5m/s,[逃げ]場特性:in_escape_diffが有利(+15.7pt)、3号艇のracer_win_teが不利(-11.3pt) / [2着]3号艇のwin_rate_rank_2to6が有利(+21.9pt)、3号艇の全国勝率が有利(+15.7pt) / [候補2]2号艇のwin_rate_rank_2to6が不利(-12.6pt)、2号艇のsession_exh_rel_avgが有利(+10.3pt) / [除外]3号艇のracer_avgfin_teが不利(-7.4pt)、6号艇のsession_exh_rel_avgが不利(-5.8pt)、天気+13.2pt
11,08,常滑,11,15:33,0.8254056831140895,2,0.46623368862980097,3,0.2647451044015362,0.6033540500039435,0.12049385089904521,0.610484942132292,0.5161135064753312,0.605493317642448,1-2,1-3,0.3848319362542826,0.21852211374966093,0.09945630931237366,0.06663740746133512,0.0559579194113129,True,False,False,False,準優勝戦,2026-09-02,1号艇のdominance,0.1386,1号艇のracer_win_te,0.1172,場特性:in_escape_diff,0.0856,風速区分,0.0843,1号艇の節間得点,0.0837,2号艇の当地勝率,0.1065,2号艇のclass_rank_2to6,0.0712,2号艇のwin_rate_rank_2to6,0.0678,2号艇の全国勝率,0.0505,2号艇の節間得点,0.0437,3号艇の節間得点,0.0735,3号艇のwin_rate_rank_2to6,-0.0506,3号艇のsession_exh_rel_avg,-0.0355,3号艇のcumulative_diff_rank_2to6,0.034,1号艇vs3号艇のlocal_win_rate差,0.0328,0.1398,南東 1.9m/s,[逃げ]1号艇のdominanceが有利(+13.9pt)、1号艇のracer_win_teが有利(+11.7pt) / [2着]2号艇の当地勝率が有利(+10.6pt)、2号艇のclass_rank_2to6が有利(+7.1pt) / [候補2]3号艇の節間得点が有利(+7.4pt)、3号艇のwin_rate_rank_2to6が不利(-5.1pt)、天気+14.0pt
12,22,福岡,12,17:25,0.7900421183466575,2,0.4702414667545972,3,0.3021259047587883,0.6102027543322749,0.13557950018436327,0.6367878713290223,0.5109255730000849,0.618178289431299,1-2,1-3,0.3715105645292413,0.2386921898030336,0.1071135155300354,0.05400903174072873,0.018716828516163436,True,False,False,False,ドリームレー,2026-09-02,1号艇のdominance,0.1361,race_no,0.1291,1号艇のracer_win_te,0.1273,1号艇の全国勝率,0.1095,レース時間帯,0.0911,2号艇の当地勝率,0.0747,2号艇のsession_exh_rel_avg,0.0617,2号艇のwin_rate_rank_2to6,0.0617,2号艇の全国勝率,0.0537,2号艇のracer_avgfin_te,0.053,3号艇のwin_rate_rank_2to6,0.1481,3号艇の全国勝率,0.0777,3号艇の当地勝率,0.0536,全艇平均勝率,-0.0498,1号艇の直近1着率,0.0429,0.1377,南東 3.1m/s,[逃げ]1号艇のdominanceが有利(+13.6pt)、race_noが有利(+12.9pt) / [2着]2号艇の当地勝率が有利(+7.5pt)、2号艇のsession_exh_rel_avgが有利(+6.2pt) / [候補2]3号艇のwin_rate_rank_2to6が有利(+14.8pt)、3号艇の全国勝率が有利(+7.8pt) / [除外]6号艇のwin_rate_rank_2to6が不利(-6.7pt)、2号艇のracer_2nd_teが不利(-6.3pt)、天気+13.8pt
13,20,若松,10,19:39,0.6886818729995412,4,0.4629977671756913,2,0.3549439945711019,0.5633016644843261,0.09125264941041543,0.7266891123363778,0.501618341322536,0.6123178988399416,1-4,1-2,0.2444434949911654,0.06284404551213538,0.3188581694931606,0.048644260628665954,0.013891884415634565,True,False,False,False,予選特賞,2026-09-02,1号艇のdominance,0.1595,3号艇の枠別出走数,-0.1056,1号艇の級別順位,0.073,1号艇の勝率順位,0.0663,4号艇のsession_exh_rel_avg,-0.06,ST差分(3-2),0.2146,4号艇のwin_rate_rank_2to6,0.1612,4号艇のclass_rank_2to6,0.1053,4号艇のsession_exh_rel_avg,0.0936,4号艇の年齢,-0.0911,1号艇vs3号艇の枠別平均ST差,-0.0785,2号艇のclass_rank_2to6,0.0706,2号艇のwin_rate_rank_2to6,0.062,3号艇の全国勝率,-0.0601,3号艇の直近平均着順,0.044,0.1092,南東 4.0m/s,[逃げ]1号艇のdominanceが有利(+16.0pt)、3号艇の枠別出走数が不利(-10.6pt) / [2着]ST差分(3-2)が有利(+21.5pt)、4号艇のwin_rate_rank_2to6が有利(+16.1pt) / [候補2]1号艇vs3号艇の枠別平均ST差が不利(-7.9pt)、2号艇のclass_rank_2to6が有利(+7.1pt) / [除外]6号艇のsession_exh_rel_avgが不利(-6.2pt)、天気+10.9pt
14,16,児島,12,17:20,0.8940606375587453,2,0.5108485756929229,4,0.19590473830446764,0.6318803185092631,0.17584477181299538,0.5309085421843951,0.498544898003602,0.6015887856118026,1-2,1-4,0.45672960327999157,0.15721588879849874,0.1751507152292715,0.07399762924345371,0.03096678768498823,True,False,False,False,準優勝戦,2026-09-02,1号艇のdominance,0.2491,1号艇のsession_exh_rel_avg,0.1813,1号艇のracer_win_te,0.1664,race_no,0.0943,1号艇の勝率順位,0.0907,2号艇のwin_rate_rank_2to6,0.1734,2号艇のclass_rank_2to6,0.091,2号艇の全国勝率,0.0519,2号艇の節間得点,0.0479,レース時間帯,-0.0466,4号艇のsession_exh_rel_avg,-0.1221,4号艇のclass_rank_2to6,0.0757,4号艇のwin_rate_rank_2to6,-0.0732,4号艇の年齢,-0.0715,場特性:1x_diff_course4,0.0641,0.1146,南東 1.9m/s,[逃げ]1号艇のdominanceが有利(+24.9pt)、1号艇のsession_exh_rel_avgが有利(+18.1pt) / [2着]2号艇のwin_rate_rank_2to6が有利(+17.3pt)、2号艇のclass_rank_2to6が有利(+9.1pt) / [候補2]4号艇のsession_exh_rel_avgが不利(-12.2pt)、4号艇のclass_rank_2to6が有利(+7.6pt) / [除外]6号艇のsession_exh_rel_avgが不利(-6.5pt)、1号艇vs5号艇の枠別平均ST差が不利(-5.3pt)、天気+11.5pt
15,21,芦屋,1,08:32,0.7480854247358744,3,0.4289488780135619,2,0.3368639676085934,0.5728934278854386,0.12094871435468514,0.6448641312674702,0.48974455960744784,0.5944846389000481,1-3,1-2,0.2520030242866864,0.3208904035987522,0.09047997034928258,0.05177926175330181,0.03293277868202825,False,False,True,False,サンライズＶ,2026-09-02,1号艇のdominance,0.2287,1号艇の勝率順位,0.0996,6号艇のモーター出走数,-0.0941,1号艇のvs_max234_diff,0.0862,2号艇のモーター出走数,-0.0772,3号艇のwin_rate_rank_2to6,0.1427,6号艇のモーター出走数,0.0772,4号艇のモーター出走数,-0.0706,3号艇のsession_exh_rel_avg,-0.0676,3号艇の当地勝率,-0.0532,2号艇の全国勝率,-0.0879,2号艇の直近平均着順,-0.0721,3号艇のモーター出走数,0.0717,2号艇のsession_avg_finish,-0.058,2号艇のsession_exh_rel_avg,0.0532,0.0374,東 1.8m/s,[逃げ]1号艇のdominanceが有利(+22.9pt)、1号艇の勝率順位が有利(+10.0pt) / [2着]3号艇のwin_rate_rank_2to6が有利(+14.3pt)、6号艇のモーター出走数が有利(+7.7pt) / [候補2]2号艇の全国勝率が不利(-8.8pt)、2号艇の直近平均着順が不利(-7.2pt) / [除外]6号艇のsession_exh_rel_avgが不利(-8.1pt)、5号艇のracer_avgfin_teが不利(-6.1pt)、天気+3.7pt
16,21,芦屋,11,13:31,0.7981724539260837,2,0.499308963774707,3,0.24480457088255175,0.5939309259569961,0.16899259885709994,0.5751209358001588,0.47348700909410424,0.588287928909945,1-2,1-3,0.39853466088334794,0.19539626507364824,0.13488523732511776,0.02685362210885538,0.04250267894209879,True,True,False,False,選抜戦,2026-09-02,1号艇のdominance,0.1738,レース時間帯,0.0818,1号艇の級別順位,0.0791,場特性:in_escape_diff,0.0663,1号艇vs4号艇の枠別平均ST差,0.0567,2号艇のwin_rate_rank_2to6,0.2087,2号艇のclass_rank_2to6,0.1082,2号艇の節間得点,0.0662,3号艇のモーター出走数,0.0616,1号艇vs6号艇の枠別平均ST差,0.0579,6号艇のモーター出走数,0.0783,3号艇の年齢,-0.0735,4号艇のモーター出走数,-0.071,3号艇のwin_rate_rank_2to6,-0.0628,3号艇のsession_exh_rel_avg,-0.0474,0.1265,南東 3.8m/s,[逃げ]1号艇のdominanceが有利(+17.4pt)、レース時間帯が有利(+8.2pt) / [2着]2号艇のwin_rate_rank_2to6が有利(+20.9pt)、2号艇のclass_rank_2to6が有利(+10.8pt) / [候補2]6号艇のモーター出走数が有利(+7.8pt)、3号艇の年齢が不利(-7.3pt) / [除外]6号艇のwin_rate_rank_2to6が不利(-7.8pt)、天気+12.6pt
17,08,常滑,10,14:57,0.6403227391648605,3,0.42058588494448623,2,0.39939231160749455,0.5250506848716266,0.08918989309857156,0.7307883034534093,0.46885562752558807,0.5867719704461614,1-3,1-2,0.2557399789698964,0.2693107059017303,0.05711031665469843,0.04171578174426811,0.016445954701573222,True,True,False,False,準優勝戦,2026-09-02,1号艇のdominance,-0.1632,1号艇のsession_exh_rel_avg,0.1369,3号艇のsession_exh_rel_avg,-0.1221,1号艇の級別順位,-0.1129,1号艇の節間得点,0.1045,3号艇のwin_rate_rank_2to6,0.1674,3号艇のsession_exh_rel_avg,0.1252,4号艇のsession_rank_diff_last,-0.1086,6号艇のracer_2nd_te,-0.0569,3号艇のracer_win_te,0.0561,2号艇のracer_avgfin_te,0.0848,2号艇のwin_rate_rank_2to6,0.0686,2号艇の全国勝率,0.051,2号艇のsession_exh_rel_avg,-0.0501,レース時間帯,-0.0472,0.0782,南東 1.9m/s,[逃げ]1号艇のdominanceが不利(-16.3pt)、1号艇のsession_exh_rel_avgが有利(+13.7pt) / [2着]3号艇のwin_rate_rank_2to6が有利(+16.7pt)、3号艇のsession_exh_rel_avgが有利(+12.5pt) / [候補2]2号艇のracer_avgfin_teが有利(+8.5pt)、2号艇のwin_rate_rank_2to6が有利(+6.9pt)、天気+7.8pt
18,21,芦屋,10,12:57,0.6506406659778803,3,0.4568790900705769,2,0.37492404749304764,0.5412049473868871,0.11275586719572397,0.7190472703679006,0.46797610757901753,0.5945576442811911,1-3,1-2,0.24394083195199892,0.2972641154348881,0.07336355252513928,0.018137513917127184,0.017934649724901434,True,True,False,False,選抜戦,2026-09-02,1号艇のsession_exh_rel_avg,0.1289,1号艇の級別順位,0.0929,1号艇の節間得点,0.0905,1号艇の全国勝率,-0.0807,1号艇のモーター2連率順位,0.0595,3号艇のwin_rate_rank_2to6,0.1786,3号艇の当地勝率,0.1352,6号艇のモーター出走数,0.0682,4号艇のモーター出走数,-0.0606,場特性:1x_diff_course3,0.044,3号艇のモーター出走数,0.0999,2号艇のwin_rate_rank_2to6,0.0756,2号艇の節間得点,0.0631,2号艇のclass_rank_2to6,-0.0629,2号艇のsession_exh_rel_avg,-0.0471,0.1156,南東 3.7m/s,[逃げ]1号艇のsession_exh_rel_avgが有利(+12.9pt)、1号艇の級別順位が有利(+9.3pt) / [2着]3号艇のwin_rate_rank_2to6が有利(+17.9pt)、3号艇の当地勝率が有利(+13.5pt) / [候補2]3号艇のモーター出走数が有利(+10.0pt)、2号艇のwin_rate_rank_2to6が有利(+7.6pt) / [除外]6号艇のwin_rate_rank_2to6が不利(-7.5pt)、5号艇のracer_avgfin_teが不利(-6.9pt)、天気+11.6pt
19,17,宮島,11,16:05,0.6595879256491285,2,0.45012997807471167,3,0.34461562353948033,0.5242046027874736,0.09662298911579854,0.6981226124983935,0.4634243440319709,0.5763800057007495,1-2,1-3,0.29690029851078675,0.2273043042766868,0.06306478330724014,0.06373135696090788,0.008587175836326547,True,False,False,False,予選特選,2026-09-02,風速区分,0.0948,1号艇の勝率順位,-0.0844,1号艇の級別順位,0.0715,1号艇vs5号艇のlocal_win_rate差,0.0661,1号艇の節間得点,-0.0626,2号艇のwin_rate_rank_2to6,0.1452,2号艇のsession_exh_rel_avg,0.0563,2号艇の全国勝率,0.0524,2号艇のracer_2nd_te,0.0404,レース時間帯,-0.0375,3号艇のモーター2連率,0.1244,3号艇のwin_rate_rank_2to6,-0.056,4号艇の一般戦2連率,0.0515,3号艇のcumulative_diff_rank_2to6,0.0455,場特性:1x_diff_course3,0.0407,0.1426,北 0.7m/s,[逃げ]風速区分が有利(+9.5pt)、1号艇の勝率順位が不利(-8.4pt) / [2着]2号艇のwin_rate_rank_2to6が有利(+14.5pt)、2号艇のsession_exh_rel_avgが有利(+5.6pt) / [候補2]3号艇のモーター2連率が有利(+12.4pt)、3号艇のwin_rate_rank_2to6が不利(-5.6pt) / [除外]4号艇の女子戦2連率が不利(-14.3pt)、6号艇のwin_rate_rank_2to6が不利(-6.3pt)、天気+14.3pt
20,16,児島,2,11:46,0.9093198098765536,3,0.3417212703657284,4,0.31579089835055435,0.5978888402486107,0.19785177478422072,0.4596603939320621,0.45593679844837026,0.556420306353646,1-3,1-4,0.1799105382305263,0.31073392059973853,0.28715491964887213,0.12872682122277151,0.0027936029762495504,True,True,False,False,一般,2026-09-02,1号艇のdominance,0.3336,1号艇のvs_max234_diff,0.1275,1号艇のracer_win_te,0.1108,風速区分,0.0942,1号艇のsession_exh_rel_avg,0.0914,3号艇のwin_rate_rank_2to6,0.0621,3号艇のcumulative_diff_rank_2to6,0.0502,3号艇の全国2連率,-0.0381,3号艇の当地勝率,-0.0377,全艇平均勝率,-0.0318,5号艇の年齢,0.1155,2号艇のsession_exh_rel_delta,0.1133,1号艇vs4号艇のcumulative差,-0.1086,4号艇のsession_exh_rel_avg,-0.1084,4号艇のwin_rate_rank_2to6,-0.0875,0.0737,南東 1.9m/s,[逃げ]1号艇のdominanceが有利(+33.4pt)、1号艇のvs_max234_diffが有利(+12.7pt) / [2着]3号艇のwin_rate_rank_2to6が有利(+6.2pt)、3号艇のcumulative_diff_rank_2to6が有利(+5.0pt) / [候補2]5号艇の年齢が有利(+11.6pt)、2号艇のsession_exh_rel_deltaが有利(+11.3pt) / [除外]6号艇の直近平均着順が不利(-26.8pt)、6号艇の全国勝率が不利(-14.8pt)、天気+7.4pt
21,17,宮島,2,11:23,0.5947852456616138,2,0.6024771821956023,3,0.22321377412593338,0.49110879829627746,0.06555826969251084,0.7601326866290248,0.45247330663979074,0.5718159647961016,1-2,1-3,0.3583445388177282,0.13276425947854928,0.030233671739840685,0.03899309154421039,0.034449678541916065,True,True,False,False,予選,2026-09-02,1号艇のdominance,-0.1558,1号艇のモーター2連率順位,-0.0764,1号艇の全国勝率,0.0664,1号艇vs4号艇の枠別平均ST差,0.0613,2号艇の全国2連率,0.0557,2号艇のwin_rate_rank_2to6,0.2345,2号艇のclass_rank_2to6,0.1078,2号艇の全国勝率,0.0615,1号艇vs2号艇のplace_rate差,-0.0489,3号艇のracer_2nd_te,0.0482,3号艇のwin_rate_rank_2to6,-0.0965,6号艇のracer_2nd_te,-0.0821,3号艇のracer_win_te,-0.0815,3号艇のracer_avgfin_te,-0.0742,3号艇の当地勝率,-0.0591,0.0817,北東 1.3m/s,[逃げ]1号艇のdominanceが不利(-15.6pt)、1号艇のモーター2連率順位が不利(-7.6pt) / [2着]2号艇のwin_rate_rank_2to6が有利(+23.5pt)、2号艇のclass_rank_2to6が有利(+10.8pt) / [候補2]3号艇のwin_rate_rank_2to6が不利(-9.7pt)、6号艇のracer_2nd_teが不利(-8.2pt) / [除外]4号艇のwin_rate_rank_2to6が不利(-6.3pt)、天気+8.2pt
22,19,下関,11,20:17,0.8265502280670421,2,0.4414417952445081,3,0.2473427258865708,0.5693150030299416,0.1715455221205539,0.5172389990105251,0.45211887569493836,0.5536922018241166,1-2,1-3,0.3648738165376727,0.20444118649226897,0.14179099043262366,0.10232944314604082,0.013114774523168492,False,False,False,False,準優勝戦,2026-09-02,1号艇のdominance,0.2634,1号艇のsession_exh_rel_avg,0.1229,1号艇vs4号艇の枠別平均ST差,-0.0998,1号艇の全国勝率,0.0799,1号艇の勝率順位,0.0793,2号艇のsession_exh_rel_avg,0.0585,2号艇の節間得点,0.057,2号艇のwin_rate_rank_2to6,0.0564,2号艇の全国勝率,0.0555,レース時間帯,-0.0466,3号艇のwin_rate_rank_2to6,-0.1014,3号艇のsession_exh_rel_avg,-0.0672,1号艇のracer_2nd_te,0.0545,3号艇のcumulative_diff_rank_2to6,0.0458,3号艇のモーター2連率,0.0414,-0.0669,南東 4.6m/s,[逃げ]1号艇のdominanceが有利(+26.3pt)、1号艇のsession_exh_rel_avgが有利(+12.3pt) / [2着]2号艇のsession_exh_rel_avgが有利(+5.9pt)、2号艇の節間得点が有利(+5.7pt) / [候補2]3号艇のwin_rate_rank_2to6が不利(-10.1pt)、3号艇のsession_exh_rel_avgが不利(-6.7pt) / [除外]6号艇のwin_rate_rank_2to6が不利(-7.9pt)、天気-6.7pt
23,13,尼崎,6,13:05,0.7697600566278726,4,0.4826763791163994,2,0.24960480694911652,0.5636808072533172,0.16552955272518627,0.5667516333403295,0.45171380896802094,0.5646020550794209,1-4,1-2,0.19213581033174115,0.12741803787932582,0.3715449969215761,0.06752958314230047,0.01113160648763409,True,True,False,False,昼どきピンク,2026-09-02,2号艇の枠別勝率,0.2508,1号艇のdominance,0.169,1号艇のsession_exh_rel_avg,0.103,1号艇の節間得点,0.0788,4号艇のsession_exh_rel_avg,-0.0712,4号艇のwin_rate_rank_2to6,0.2207,4号艇のclass_rank_2to6,0.2062,4号艇のモーター2連率,0.0864,1号艇のvs_max234_frame_diff,0.0831,2号艇の枠別勝率,-0.0822,2号艇のclass_rank_2to6,-0.0675,2号艇のsession_avg_finish,-0.0546,2号艇のsession_exh_rel_avg,-0.0539,2号艇の全国勝率,0.0507,3号艇のracer_win_te,0.0377,0.0389,西 2.5m/s,[逃げ]2号艇の枠別勝率が有利(+25.1pt)、1号艇のdominanceが有利(+16.9pt) / [2着]4号艇のwin_rate_rank_2to6が有利(+22.1pt)、4号艇のclass_rank_2to6が有利(+20.6pt) / [候補2]2号艇のclass_rank_2to6が不利(-6.8pt)、2号艇のsession_avg_finishが不利(-5.5pt) / [除外]2号艇の枠別勝率が不利(-8.0pt)、6号艇のwin_rate_rank_2to6が不利(-7.1pt)、天気+3.9pt
24,18,徳山,4,10:02,0.6124642756747665,2,0.6313047709029336,3,0.18316018692192015,0.49883069045667827,0.08305163571528146,0.7314133221095722,0.44911624471178585,0.5686054799525464,1-2,1-3,0.3866516192410896,0.11217907121558866,0.04999742670975189,0.05086615991196442,0.012769997455568314,False,False,True,False,ガチトク予選,2026-09-02,場特性:in_escape_diff,0.2013,1号艇の体重,-0.1047,1号艇のdominance,0.0884,1号艇のsession_exh_rel_avg,-0.0755,風速区分,0.0671,2号艇のwin_rate_rank_2to6,0.2038,2号艇のclass_rank_2to6,0.123,場特性:1x_diff_course2,0.0579,場特性:in_escape_diff,0.0542,3号艇の全国勝率,-0.0502,3号艇のwin_rate_rank_2to6,-0.1229,3号艇のsession_exh_rel_avg,-0.0727,場特性:1x_diff_course3,0.0514,3号艇のモーター2連率,-0.0513,3号艇の直近平均着順,-0.0438,0.0847,南 2.0m/s,[逃げ]場特性:in_escape_diffが有利(+20.1pt)、1号艇の体重が不利(-10.5pt) / [2着]2号艇のwin_rate_rank_2to6が有利(+20.4pt)、2号艇のclass_rank_2to6が有利(+12.3pt) / [候補2]3号艇のwin_rate_rank_2to6が不利(-12.3pt)、3号艇のsession_exh_rel_avgが不利(-7.3pt)、天気+8.5pt
25,24,大村,9,21:25,0.8546322654184177,3,0.3820829625897235,2,0.23780143914321245,0.5297732105505596,0.13065904010319476,0.4892253616297412,0.446709619555051,0.517608855874314,1-3,1-2,0.20323278265472366,0.326540427895836,0.10626431571157545,0.10692928861297372,0.11166543144078923,False,False,False,False,予選特賞,2026-09-02,1号艇のdominance,0.3381,1号艇のracer_win_te,0.221,場特性:in_escape_diff,0.1414,4号艇の枠別出走数,-0.1388,1号艇のvs_max234_diff,0.1267,3号艇の全国勝率,-0.1003,1号艇のracer_avgfin_te,0.0923,3号艇の当地勝率,-0.071,1号艇vs3号艇の勝率差,-0.0688,3号艇のracer_avgfin_te,-0.0537,2号艇のwin_rate_rank_2to6,-0.1433,2号艇のsession_exh_rel_avg,-0.1152,2号艇の全国勝率,-0.1001,2号艇のsession_avg_finish,-0.0864,1号艇vs2号艇のplace_rate差,-0.0823,0.0847,北東 1.7m/s,[逃げ]1号艇のdominanceが有利(+33.8pt)、1号艇のracer_win_teが有利(+22.1pt) / [2着]3号艇の全国勝率が不利(-10.0pt)、1号艇のracer_avgfin_teが有利(+9.2pt) / [候補2]2号艇のwin_rate_rank_2to6が不利(-14.3pt)、2号艇のsession_exh_rel_avgが不利(-11.5pt) / [除外]4号艇のwin_rate_rank_2to6が不利(-5.5pt)、天気+8.5pt
26,18,徳山,6,10:59,0.6856897355290902,2,0.5779114683878956,3,0.18759237543610482,0.5248981282181808,0.12860983199680157,0.636894011827199,0.4438896561154898,0.5584968933008863,1-2,1-3,0.3962679619181243,0.1286301663000565,0.08818644168832758,0.0657740246905463,0.006831152426805335,False,False,True,False,予選,2026-09-02,場特性:in_escape_diff,0.2338,1号艇のdominance,-0.1683,1号艇のsession_exh_rel_avg,0.1117,1号艇の級別順位,-0.091,1号艇の節間得点,0.0864,2号艇のwin_rate_rank_2to6,0.2113,2号艇のclass_rank_2to6,0.1033,2号艇のsession_exh_rel_avg,0.0801,2号艇の全国勝率,0.064,6号艇のsession_rank_diff_last,-0.0563,3号艇のwin_rate_rank_2to6,-0.1144,3号艇の全国勝率,-0.0668,3号艇のcumulative_diff_rank_2to6,0.0438,3号艇のracer_avgfin_te,-0.0432,2号艇のsession_rank_diff_delta,-0.0419,0.0916,南 1.1m/s,[逃げ]場特性:in_escape_diffが有利(+23.4pt)、1号艇のdominanceが不利(-16.8pt) / [2着]2号艇のwin_rate_rank_2to6が有利(+21.1pt)、2号艇のclass_rank_2to6が有利(+10.3pt) / [候補2]3号艇のwin_rate_rank_2to6が不利(-11.4pt)、3号艇の全国勝率が不利(-6.7pt) / [除外]6号艇のwin_rate_rank_2to6が不利(-6.4pt)、天気+9.2pt
27,20,若松,12,20:38,0.755215526250282,3,0.47144159894976945,4,0.2542057992665785,0.5480201817161071,0.16367622494270473,0.5619711732736432,0.44038273227325814,0.5522054791833679,1-3,1-4,0.12361082635476428,0.35604001524712453,0.1919801664689826,0.06856003593873955,0.015024500527752022,False,False,False,False,予選特選,2026-09-02,race_no,0.0892,1号艇のracer_win_te,0.0824,1号艇の節間得点,0.0776,1号艇の級別順位,0.075,1号艇のdominance,0.0731,3号艇のwin_rate_rank_2to6,0.1591,3号艇の年齢,-0.1004,1号艇のracer_2nd_te,0.0736,3号艇のsession_exh_rel_avg,-0.0531,3号艇のclass_rank_2to6,0.052,4号艇のwin_rate_rank_2to6,0.0983,4号艇の年齢,-0.062,4号艇のclass_rank_2to6,0.0528,3号艇のracer_avgfin_te,-0.047,4号艇の全国2連率,0.0351,0.0929,南東 3.8m/s,[逃げ]race_noが有利(+8.9pt)、1号艇のracer_win_teが有利(+8.2pt) / [2着]3号艇のwin_rate_rank_2to6が有利(+15.9pt)、3号艇の年齢が不利(-10.0pt) / [候補2]4号艇のwin_rate_rank_2to6が有利(+9.8pt)、4号艇の年齢が不利(-6.2pt) / [除外]6号艇のwin_rate_rank_2to6が不利(-8.1pt)、6号艇のvs_avg456_diffが不利(-5.6pt)、天気+9.3pt
28,08,常滑,9,14:30,0.7974193402036882,2,0.4092636246617668,4,0.31232691562684706,0.5754102525341693,0.21063010749882244,0.5109604327897914,0.4299717845175334,0.5560753066108559,1-2,1-4,0.326354729547156,0.1679605213487429,0.2490555229870134,0.025048492778040467,0.029000083939900393,True,True,False,False,一般,2026-09-02,1号艇のdominance,0.2402,1号艇の勝率順位,0.0906,場特性:in_escape_diff,0.0844,風速区分,0.0723,1号艇の級別順位,0.0713,2号艇の節間得点,-0.0837,2号艇のclass_rank_2to6,0.0753,2号艇のwin_rate_rank_2to6,0.0688,2号艇の全国勝率,0.0509,2号艇の当地勝率,0.0353,4号艇のwin_rate_rank_2to6,0.1547,4号艇のclass_rank_2to6,0.1244,4号艇のsession_exh_rel_avg,-0.1123,5号艇のracer_win_te,0.092,4号艇の節間得点,-0.0633,0.0959,南東 1.9m/s,[逃げ]1号艇のdominanceが有利(+24.0pt)、1号艇の勝率順位が有利(+9.1pt) / [2着]2号艇の節間得点が不利(-8.4pt)、2号艇のclass_rank_2to6が有利(+7.5pt) / [候補2]4号艇のwin_rate_rank_2to6が有利(+15.5pt)、4号艇のclass_rank_2to6が有利(+12.4pt) / [除外]5号艇のracer_win_teが不利(-6.6pt)、天気+9.6pt
29,22,福岡,11,16:53,0.5511995993686863,2,0.4848570000628848,3,0.3656521365199714,0.4688002953438777,0.07034323945278682,0.7801658971300693,0.42922797762678383,0.5622099758797351,1-2,1-3,0.2672529841857652,0.20154731115811245,0.032417997661821144,0.03877316540467167,0.011208139418281944,True,False,False,False,予選特選,2026-09-02,1号艇のdominance,-0.1759,1号艇のvs_max234_diff,-0.0961,3号艇の直近1着率,-0.0892,1号艇のracer_win_te,0.0831,1号艇の級別順位,0.0827,2号艇のclass_rank_2to6,0.09,2号艇の全国勝率,0.0568,場特性:1x_diff_course2,0.0568,2号艇のsession_exh_rel_avg,0.056,2号艇のwin_rate_rank_2to6,0.0545,3号艇のwin_rate_rank_2to6,0.1639,3号艇の当地勝率,0.07,3号艇の全国勝率,0.069,3号艇の一般戦2連率,0.0618,3号艇のracer_avgfin_te,0.0439,0.0498,南東 2.7m/s,[逃げ]1号艇のdominanceが不利(-17.6pt)、1号艇のvs_max234_diffが不利(-9.6pt) / [2着]2号艇のclass_rank_2to6が有利(+9.0pt)、2号艇の全国勝率が有利(+5.7pt) / [候補2]3号艇のwin_rate_rank_2to6が有利(+16.4pt)、3号艇の当地勝率が有利(+7.0pt) / [除外]3号艇のracer_avgfin_teが不利(-7.6pt)、6号艇のwin_rate_rank_2to6が不利(-6.1pt)、天気+5.0pt
30,19,下関,4,16:45,0.6360515793124154,3,0.4119651882491402,2,0.34352636938989617,0.48053159839350584,0.10280879939508543,0.652682758243951,0.4212481463508206,0.5321769463486394,1-3,1-2,0.21850048978590367,0.26203110860760215,0.06539169922245738,0.04876292615327982,0.041365351988957196,True,False,False,False,一般,2026-09-02,2号艇のsession_exh_rel_avg,-0.1824,1号艇の級別順位,-0.1001,1号艇の節間得点,0.0998,場特性:in_escape_diff,0.088,1号艇の勝率順位,-0.0782,3号艇のwin_rate_rank_2to6,0.2015,3号艇のracer_2nd_te,0.0681,3号艇のsession_exh_rel_avg,-0.048,3号艇の節間得点,0.0412,3号艇の全国勝率,0.038,2号艇のsession_exh_rel_avg,0.1377,2号艇のsession_exh_rel_last,0.04,4号艇のsession_rank_diff_last,0.0292,2号艇の全国勝率,0.0292,2号艇のwin_rate_rank_2to6,-0.0279,-0.0272,東 4.4m/s,[逃げ]2号艇のsession_exh_rel_avgが不利(-18.2pt)、1号艇の級別順位が不利(-10.0pt) / [2着]3号艇のwin_rate_rank_2to6が有利(+20.1pt)、3号艇のracer_2nd_teが有利(+6.8pt) / [候補2]2号艇のsession_exh_rel_avgが有利(+13.8pt)、2号艇のsession_exh_rel_lastが有利(+4.0pt) / [除外]4号艇のwin_rate_rank_2to6が不利(-5.3pt)、天気-2.7pt
31,12,住之江,12,20:31,0.7963506173809487,3,0.35107851074267266,2,0.316451294330793,0.5315877723904388,0.1735029463830436,0.4940268586904221,0.4209093186653109,0.5203194982804338,1-3,1-2,0.2520061836113273,0.2795815887791114,0.1381691784695504,0.06867106477693763,0.057922589877473056,False,False,False,False,予選特別Ａ戦,2026-09-02,1号艇のdominance,0.2242,1号艇の勝率順位,0.1081,1号艇のsession_exh_rel_avg,0.0866,1号艇のvs_max234_diff,0.0852,風速区分,0.0831,3号艇のwin_rate_rank_2to6,0.148,3号艇のsession_exh_rel_avg,-0.0548,2号艇のsession_exh_rel_avg,-0.0415,3号艇のracer_2nd_te,0.0372,6号艇のracer_2nd_te,-0.0367,2号艇のwin_rate_rank_2to6,-0.1409,2号艇のsession_avg_finish,0.067,2号艇のclass_rank_2to6,-0.0621,1号艇vs2号艇のplace_rate差,-0.0421,2号艇のモーター2連率,-0.032,0.1206,東 0.9m/s,[逃げ]1号艇のdominanceが有利(+22.4pt)、1号艇の勝率順位が有利(+10.8pt) / [2着]3号艇のwin_rate_rank_2to6が有利(+14.8pt)、3号艇のsession_exh_rel_avgが不利(-5.5pt) / [候補2]2号艇のwin_rate_rank_2to6が不利(-14.1pt)、2号艇のsession_avg_finishが有利(+6.7pt)、天気+12.1pt
32,08,常滑,1,10:34,0.718638932952836,3,0.3818458298285853,2,0.33409357305042586,0.5145019285438631,0.15359120388720182,0.5623481989918093,0.4196743638150563,0.528855809678247,1-3,1-2,0.2400926488433584,0.2744092797005047,0.11037661887244019,0.07485146139953724,0.018908926144849368,False,False,True,False,朝トコ小判Ｒ,2026-09-02,1号艇のdominance,0.3111,1号艇のvs_max234_diff,0.0976,1号艇の勝率順位,0.0845,1号艇vs4号艇の枠別平均ST差,-0.0833,ST差分(6-5),0.0749,3号艇のwin_rate_rank_2to6,0.1657,3号艇の節間得点,-0.0897,3号艇のsession_exh_rel_avg,-0.0626,1号艇のracer_2nd_te,0.051,3号艇の当地勝率,-0.0478,2号艇の全国勝率,-0.0796,2号艇のsession_exh_rel_avg,-0.0714,2号艇のwin_rate_rank_2to6,0.0646,second_best_win_rate,0.0506,4号艇のsession_rank_diff_delta,0.0424,0.0368,南東 1.9m/s,[逃げ]1号艇のdominanceが有利(+31.1pt)、1号艇のvs_max234_diffが有利(+9.8pt) / [2着]3号艇のwin_rate_rank_2to6が有利(+16.6pt)、3号艇の節間得点が不利(-9.0pt) / [候補2]2号艇の全国勝率が不利(-8.0pt)、2号艇のsession_exh_rel_avgが不利(-7.1pt) / [除外]6号艇のwin_rate_rank_2to6が不利(-10.3pt)、6号艇の直近平均着順が不利(-9.3pt)、天気+3.7pt
33,22,福岡,9,15:44,0.7986178174679798,3,0.47601128647681773,4,0.22188589847079976,0.5573531266599132,0.2082659917671436,0.4896311931804738,0.418059884633899,0.5370365466160814,1-3,1-4,0.16632493179788047,0.3801510946962415,0.17720203196367185,0.05598620764204013,0.018953547649291847,True,False,False,False,予選特賞,2026-09-02,1号艇のdominance,0.1856,1号艇の勝率順位,0.0863,風速区分,0.0784,1号艇のvs_max234_diff,0.0753,1号艇の級別順位,0.0706,3号艇のwin_rate_rank_2to6,0.1811,3号艇のモーター2連率,0.0594,場特性:1x_diff_course3,0.0419,2号艇のvs_boat3_diff,0.0395,6号艇のモーター出走数,0.0363,4号艇のclass_rank_2to6,0.1484,4号艇のwin_rate_rank_2to6,0.1014,4号艇の年齢,0.0548,4号艇のモーター2連率,-0.0395,4号艇のcumulative_diff_rank_2to6,0.039,0.0927,北東 0.4m/s,[逃げ]1号艇のdominanceが有利(+18.6pt)、1号艇の勝率順位が有利(+8.6pt) / [2着]3号艇のwin_rate_rank_2to6が有利(+18.1pt)、3号艇のモーター2連率が有利(+5.9pt) / [候補2]4号艇のclass_rank_2to6が有利(+14.8pt)、4号艇のwin_rate_rank_2to6が有利(+10.1pt) / [除外]6号艇のwin_rate_rank_2to6が不利(-7.3pt)、2号艇のwin_rate_rank_2to6が不利(-6.3pt)、天気+9.3pt
34,08,常滑,8,14:00,0.734915140772118,3,0.504749425528511,2,0.23439898314051374,0.5432113568084833,0.1941936868557351,0.5449547218132896,0.4166254974638286,0.5437343663099252,1-3,1-2,0.17226336169155196,0.37094799511693133,0.14271588071263916,0.0404558898043884,0.00853199325553683,True,True,False,False,一般,2026-09-02,1号艇のdominance,0.1629,2号艇の枠別出走数,-0.1519,1号艇のsession_exh_rel_avg,0.1487,5号艇の平均ST,0.0956,風速区分,0.0746,3号艇のwin_rate_rank_2to6,0.0662,2号艇のsession_rank_diff_delta,-0.0575,1号艇のracer_2nd_te,0.0556,2号艇のvs_boat3_diff,0.0447,3号艇のcumulative_diff_rank_2to6,0.0438,2号艇のwin_rate_rank_2to6,-0.1585,2号艇の枠別出走数,-0.1265,2号艇の直近平均着順,-0.0628,2号艇の全国勝率,-0.0591,2号艇のsession_rank_diff_last,0.0547,0.0662,南東 1.9m/s,[逃げ]1号艇のdominanceが有利(+16.3pt)、2号艇の枠別出走数が不利(-15.2pt) / [2着]3号艇のwin_rate_rank_2to6が有利(+6.6pt)、2号艇のsession_rank_diff_deltaが不利(-5.7pt) / [候補2]2号艇のwin_rate_rank_2to6が不利(-15.8pt)、2号艇の枠別出走数が不利(-12.7pt) / [除外]5号艇の直近平均着順が不利(-14.4pt)、1号艇vs5号艇の勝率差が不利(-8.6pt)、天気+6.6pt
35,20,若松,5,17:10,0.730282186352266,2,0.5278892354285085,4,0.2056571378377769,0.5356958492596784,0.18626928669791193,0.5472770865683736,0.4159554287853195,0.5391702204522869,1-2,1-4,0.3855081050005573,0.1360291419400282,0.15018774425912104,0.03855244236478447,0.020004754148031656,True,False,False,False,予選,2026-09-02,1号艇のdominance,0.1654,1号艇の年齢,-0.1081,1号艇のsession_exh_rel_avg,-0.0925,1号艇の勝率順位,0.0792,1号艇の級別順位,0.0665,2号艇のwin_rate_rank_2to6,0.2047,2号艇のclass_rank_2to6,0.1053,1号艇vs2号艇のcumulative差,-0.062,2号艇の全国勝率,0.0617,1号艇のsession_rank_diff_delta,-0.0468,4号艇のclass_rank_2to6,0.1276,4号艇の年齢,-0.0916,4号艇の節間得点,-0.0776,4号艇のwin_rate_rank_2to6,0.0682,4号艇のモーター2連率,-0.0375,0.0401,東 3.4m/s,[逃げ]1号艇のdominanceが有利(+16.5pt)、1号艇の年齢が不利(-10.8pt) / [2着]2号艇のwin_rate_rank_2to6が有利(+20.5pt)、2号艇のclass_rank_2to6が有利(+10.5pt) / [候補2]4号艇のclass_rank_2to6が有利(+12.8pt)、4号艇の年齢が不利(-9.2pt) / [除外]6号艇のwin_rate_rank_2to6が不利(-8.9pt)、天気+4.0pt
36,21,芦屋,5,10:17,0.6783992496059835,2,0.4146431146020023,4,0.30066128218304133,0.4852619660188343,0.12074617161093743,0.5945582251741062,0.41494973646862904,0.5180508437654159,1-2,1-4,0.2812935778002862,0.08191411221365526,0.2039683882185481,0.07143732084437267,0.03978586569252613,False,False,True,False,サンライズＺ,2026-09-02,1号艇のdominance,0.2185,1号艇vs4号艇の枠別平均ST差,-0.1113,6号艇のモーター出走数,-0.0732,ST差分(4-3),-0.0714,1号艇の勝率順位,0.0705,3号艇のracer_2nd_te,0.0819,2号艇の節間得点,-0.0749,2号艇のwin_rate_rank_2to6,0.0749,3号艇のracer_win_te,0.0722,2号艇の直近平均着順,-0.0483,4号艇のsession_exh_rel_avg,-0.106,4号艇のwin_rate_rank_2to6,-0.0909,4号艇のclass_rank_2to6,-0.0907,1号艇のモーター出走数,0.0817,場特性:1x_diff_course4,0.0757,0.0443,東 2.0m/s,[逃げ]1号艇のdominanceが有利(+21.8pt)、1号艇vs4号艇の枠別平均ST差が不利(-11.1pt) / [2着]3号艇のracer_2nd_teが有利(+8.2pt)、2号艇の節間得点が不利(-7.5pt) / [候補2]4号艇のsession_exh_rel_avgが不利(-10.6pt)、4号艇のwin_rate_rank_2to6が不利(-9.1pt)、天気+4.4pt
37,16,児島,1,11:19,0.8722218305746241,2,0.4146728360158425,4,0.1632710303821389,0.5040952571190233,0.15355805097546255,0.4243858154225188,0.41120579489201703,0.4801824246100719,1-2,1-4,0.36168670011930903,0.13393668432128938,0.14240855699971425,0.10983030062027704,0.12435959176331385,True,True,False,False,朝得ガァ～コ,2026-09-02,1号艇のdominance,0.2488,1号艇のracer_win_te,0.1162,1号艇のvs_max234_diff,0.1131,1号艇のsession_exh_rel_avg,0.0892,1号艇の勝率順位,0.0817,2号艇のsession_exh_rel_avg,-0.0773,second_best_win_rate,0.0712,2号艇のwin_rate_rank_2to6,0.07,2号艇のclass_rank_2to6,-0.0675,3号艇のracer_win_te,0.0636,4号艇のwin_rate_rank_2to6,-0.118,4号艇のclass_rank_2to6,-0.0966,4号艇のracer_avgfin_te,-0.0881,4号艇の全国勝率,-0.0851,5号艇のsession_rank_diff_delta,0.0797,0.0608,南東 1.9m/s,[逃げ]1号艇のdominanceが有利(+24.9pt)、1号艇のracer_win_teが有利(+11.6pt) / [2着]2号艇のsession_exh_rel_avgが不利(-7.7pt)、second_best_win_rateが有利(+7.1pt) / [候補2]4号艇のwin_rate_rank_2to6が不利(-11.8pt)、4号艇のclass_rank_2to6が不利(-9.7pt) / [除外]5号艇のracer_win_teが不利(-5.7pt)、天気+6.1pt
38,22,福岡,1,11:43,0.6132093767008915,3,0.3976724270182197,2,0.374179255295887,0.4733066890173679,0.11339024848464446,0.6584614338294623,0.4089046533248195,0.5288531124609962,1-3,1-2,0.22945022791439462,0.24385646110297327,0.06953196359722803,0.05096088615724133,0.01940983450247976,True,True,False,False,予選,2026-09-02,1号艇のdominance,0.1664,1号艇のracer_win_te,-0.1146,1号艇のvs_max234_diff,0.0835,1号艇の級別順位,0.0787,風速区分,0.0709,3号艇のwin_rate_rank_2to6,0.1332,4号艇のrecent_race_count,-0.0544,3号艇の当地勝率,0.049,second_best_win_rate,0.0385,場特性:1x_diff_course3,0.0346,2号艇のwin_rate_rank_2to6,-0.1275,2号艇の全国勝率,-0.0746,場特性:1x_diff_course2,0.0523,2号艇の直近平均着順,-0.038,2号艇のsession_exh_rel_avg,0.0329,0.108,北 1.3m/s,[逃げ]1号艇のdominanceが有利(+16.6pt)、1号艇のracer_win_teが不利(-11.5pt) / [2着]3号艇のwin_rate_rank_2to6が有利(+13.3pt)、4号艇のrecent_race_countが不利(-5.4pt) / [候補2]2号艇のwin_rate_rank_2to6が不利(-12.8pt)、2号艇の全国勝率が不利(-7.5pt)、天気+10.8pt
39,17,宮島,4,12:26,0.7085708446687131,3,0.4564122262052272,2,0.23756723902005664,0.4917336158574212,0.14103589190754562,0.5529435733177382,0.4085111089453726,0.5100966030955163,1-3,1-2,0.16833321921805558,0.3234003966393656,0.07676733436073818,0.09993392105753492,0.04013596019485832,True,True,False,False,ランチ特賞,2026-09-02,1号艇のdominance,0.1242,風速区分,0.0759,1号艇の級別順位,0.0653,3号艇の枠別出走数,-0.054,1号艇のsession_exh_count,-0.0534,3号艇のwin_rate_rank_2to6,0.1763,3号艇の全国勝率,0.0433,場特性:1x_diff_course3,0.0421,3号艇のcumulative_diff_rank_2to6,0.0358,2号艇のvs_boat3_diff,0.0352,2号艇のwin_rate_rank_2to6,-0.1596,2号艇の全国勝率,-0.0492,2号艇のsession_exh_rel_avg,0.0451,2号艇の当地勝率,-0.0437,2号艇のclass_rank_2to6,-0.0423,0.031,東 1.5m/s,[逃げ]1号艇のdominanceが有利(+12.4pt)、風速区分が有利(+7.6pt) / [2着]3号艇のwin_rate_rank_2to6が有利(+17.6pt)、3号艇の全国勝率が有利(+4.3pt) / [候補2]2号艇のwin_rate_rank_2to6が不利(-16.0pt)、2号艇の全国勝率が不利(-4.9pt) / [除外]4号艇のwin_rate_rank_2to6が不利(-5.4pt)、天気+3.1pt
40,19,下関,8,18:48,0.7048883233582814,3,0.46492996980582574,2,0.21056838705177916,0.47615090419663125,0.14144998083816865,0.5340483760194363,0.3953290606670031,0.4935201457434728,1-3,1-2,0.14842719730118628,0.32772370689544494,0.08662638373435456,0.09970643983207773,0.04240457983973618,True,False,False,False,一般,2026-09-02,1号艇のdominance,0.1754,1号艇の勝率順位,0.0887,場特性:in_escape_diff,0.0771,1号艇の女子戦勝率,0.0688,2号艇のsession_exh_rel_avg,-0.0648,3号艇のwin_rate_rank_2to6,0.1884,3号艇のsession_exh_rel_avg,-0.1076,3号艇の当地勝率,-0.0477,3号艇の節間得点,-0.0448,3号艇のclass_rank_2to6,0.0414,2号艇のwin_rate_rank_2to6,-0.1793,2号艇のsession_exh_rel_avg,0.1288,2号艇の節間得点,-0.0863,2号艇の全国勝率,-0.0843,2号艇のsession_avg_finish,-0.0764,-0.0307,東 4.7m/s,[逃げ]1号艇のdominanceが有利(+17.5pt)、1号艇の勝率順位が有利(+8.9pt) / [2着]3号艇のwin_rate_rank_2to6が有利(+18.8pt)、3号艇のsession_exh_rel_avgが不利(-10.8pt) / [候補2]2号艇のwin_rate_rank_2to6が不利(-17.9pt)、2号艇のsession_exh_rel_avgが有利(+12.9pt) / [除外]6号艇のwin_rate_rank_2to6が不利(-7.4pt)、天気-3.1pt
41,12,住之江,2,15:41,0.6025371376016359,4,0.5277863138290071,3,0.24821597889382768,0.46757020022952356,0.1313695111527884,0.6446327815700463,0.3938608378690069,0.5206889746316804,1-4,1-3,0.07915500921812729,0.149559345429675,0.3180108547998486,0.04401494217242836,0.011796979247679303,True,False,False,False,予選,2026-09-02,1号艇のdominance,0.1617,5号艇の枠別出走数,-0.0921,1号艇の勝率順位,0.0653,1号艇の全国勝率,-0.0643,1号艇の直近1着率,-0.0638,4号艇のwin_rate_rank_2to6,0.2398,4号艇のclass_rank_2to6,0.1906,1号艇の女子戦2連率,-0.1323,4号艇のsession_exh_rel_avg,0.0523,3号艇の年齢,0.0509,3号艇のsession_exh_rel_avg,0.117,3号艇の全国勝率,-0.0957,3号艇の当地勝率,-0.0809,3号艇のwin_rate_rank_2to6,-0.0659,6号艇のsession_rank_diff_last,0.0436,0.0358,北東 0.7m/s,[逃げ]1号艇のdominanceが有利(+16.2pt)、5号艇の枠別出走数が不利(-9.2pt) / [2着]4号艇のwin_rate_rank_2to6が有利(+24.0pt)、4号艇のclass_rank_2to6が有利(+19.1pt) / [候補2]3号艇のsession_exh_rel_avgが有利(+11.7pt)、3号艇の全国勝率が不利(-9.6pt) / [除外]5号艇の直近平均着順が不利(-19.0pt)、ST差分(6-5)が不利(-7.8pt)、天気+3.6pt
42,20,若松,11,20:10,0.778881079447265,4,0.4159753792044441,3,0.2512584078470007,0.519695772302316,0.20276200166881986,0.464471785382625,0.393246306241307,0.5031285762264087,1-4,1-3,0.15792748673069856,0.19570041992407308,0.32399535237824284,0.056959173775342556,0.04429864954046613,False,False,False,False,予選特選,2026-09-02,1号艇のracer_win_te,0.1832,1号艇の年齢,-0.1664,1号艇のdominance,0.1521,1号艇のsession_exh_rel_avg,0.1194,1号艇の級別順位,0.077,4号艇のwin_rate_rank_2to6,0.1704,4号艇のclass_rank_2to6,0.1472,4号艇のsession_exh_rel_avg,-0.0982,4号艇の年齢,-0.0897,4号艇の全国勝率,0.0775,1号艇の直近1着率,0.0811,3号艇の年齢,-0.0725,2号艇のsession_rank_diff_delta,-0.0554,3号艇のwin_rate_rank_2to6,-0.052,1号艇のracer_2nd_te,0.0508,0.1021,南東 3.9m/s,[逃げ]1号艇のracer_win_teが有利(+18.3pt)、1号艇の年齢が不利(-16.6pt) / [2着]4号艇のwin_rate_rank_2to6が有利(+17.0pt)、4号艇のclass_rank_2to6が有利(+14.7pt) / [候補2]1号艇の直近1着率が有利(+8.1pt)、3号艇の年齢が不利(-7.3pt) / [除外]1号艇vs6号艇のcumulative差が不利(-5.1pt)、天気+10.2pt
43,06,浜名湖,11,16:33,0.6513859652917781,2,0.5680443957217904,4,0.14740441287058959,0.4660333128018,0.13334181478788448,0.5821069938044956,0.3914632395850778,0.5008554171026087,1-2,1-4,0.37001614703582325,0.08685698673936362,0.09601716576597678,0.06136945792825433,0.037126200542554666,True,False,False,False,予選特選,2026-09-02,1号艇のdominance,0.2038,1号艇の女子戦比率,-0.1623,3号艇の平均ST,-0.1122,1号艇のsession_exh_rel_avg,-0.0836,1号艇vs4号艇の枠別平均ST差,0.0784,2号艇のwin_rate_rank_2to6,0.1796,2号艇のsession_exh_rel_avg,-0.1111,2号艇の当地勝率,0.1027,2号艇のclass_rank_2to6,0.0852,2号艇の女子戦比率,-0.0781,4号艇のwin_rate_rank_2to6,-0.1036,4号艇のclass_rank_2to6,-0.0796,4号艇のsession_exh_rel_avg,0.0782,4号艇の節間得点,-0.0538,4号艇の枠別平均ST,0.0492,-0.087,東 1.2m/s,[逃げ]1号艇のdominanceが有利(+20.4pt)、1号艇の女子戦比率が不利(-16.2pt) / [2着]2号艇のwin_rate_rank_2to6が有利(+18.0pt)、2号艇のsession_exh_rel_avgが不利(-11.1pt) / [候補2]4号艇のwin_rate_rank_2to6が不利(-10.4pt)、4号艇のclass_rank_2to6が不利(-8.0pt) / [除外]6号艇の女子戦2連率が不利(-10.5pt)、天気-8.7pt
44,05,多摩川,11,16:41,0.8596176102053967,3,0.30915253978468815,4,0.3077817293205787,0.5303275620620826,0.22126871269977627,0.39566555640549056,0.38951368570205736,0.489928960365105,1-3,1-4,0.1902064820242062,0.26575296743864246,0.26457459462344013,0.10141683482329343,0.03766673609930215,True,False,False,False,選抜戦,2026-09-02,1号艇のdominance,0.2179,1号艇のracer_win_te,0.1052,風速区分,0.0963,1号艇の勝率順位,0.0779,1号艇の級別順位,0.0773,3号艇のsession_exh_rel_avg,-0.1068,3号艇のwin_rate_rank_2to6,0.056,6号艇のracer_2nd_te,-0.0471,場特性:1x_diff_course3,-0.0436,1号艇のracer_2nd_te,0.0435,4号艇のclass_rank_2to6,0.2254,4号艇のwin_rate_rank_2to6,0.1885,1号艇vs4号艇のcumulative差,-0.0889,4号艇のsession_exh_rel_avg,-0.0738,4号艇の年齢,0.0412,0.1138,南東 1.3m/s,[逃げ]1号艇のdominanceが有利(+21.8pt)、1号艇のracer_win_teが有利(+10.5pt) / [2着]3号艇のsession_exh_rel_avgが不利(-10.7pt)、3号艇のwin_rate_rank_2to6が有利(+5.6pt) / [候補2]4号艇のclass_rank_2to6が有利(+22.5pt)、4号艇のwin_rate_rank_2to6が有利(+18.8pt) / [除外]1号艇vs6号艇のcumulative差が不利(-5.3pt)、天気+11.4pt
45,22,福岡,10,16:18,0.6496504128415774,2,0.45473901510312575,3,0.29699874027556705,0.48836674313036854,0.1709037861707556,0.5808339692079372,0.38821027260133556,0.5161069109536391,1-2,1-3,0.29542138889691794,0.19294535423345058,0.11102771524202006,0.0380921407695125,0.012163805229198977,True,False,False,False,予選特賞,2026-09-02,1号艇のdominance,0.1556,風速区分,0.0826,1号艇の勝率順位,0.0795,1号艇のracer_win_te,0.0687,1号艇の級別順位,0.0664,2号艇のwin_rate_rank_2to6,0.1424,2号艇の全国勝率,0.0591,2号艇のsession_exh_rel_avg,0.0477,場特性:1x_diff_course2,0.0448,レース時間帯,-0.0285,3号艇のwin_rate_rank_2to6,-0.0613,場特性:1x_diff_course3,0.0466,3号艇のracer_2nd_te,0.0418,3号艇のcumulative_diff_rank_2to6,0.0382,3号艇のracer_avgfin_te,0.0325,0.1104,南東 1.7m/s,[逃げ]1号艇のdominanceが有利(+15.6pt)、風速区分が有利(+8.3pt) / [2着]2号艇のwin_rate_rank_2to6が有利(+14.2pt)、2号艇の全国勝率が有利(+5.9pt) / [候補2]3号艇のwin_rate_rank_2to6が不利(-6.1pt)、場特性:1x_diff_course3が有利(+4.7pt) / [除外]6号艇のwin_rate_rank_2to6が不利(-7.3pt)、天気+11.0pt
46,21,芦屋,3,09:24,0.7068029488544166,3,0.5157834020558857,5,0.17176254007177022,0.4859594993687153,0.16781312825063516,0.5197328138770207,0.3880990388181033,0.4960914937212069,1-3,1-5,0.11861081390403334,0.3645572295432632,0.08374446481125317,0.12140226982545209,0.018488183935645733,False,False,True,False,サンライズＸ,2026-09-02,1号艇のdominance,0.2351,1号艇のsession_exh_rel_avg,-0.1725,1号艇の勝率順位,0.1036,1号艇のモーター2連率,0.1013,1号艇のvs_max234_diff,0.0918,3号艇のsession_exh_rel_avg,0.1032,4号艇のモーター出走数,-0.0819,6号艇のモーター出走数,0.0785,3号艇の節間得点,0.0615,1号艇vs3号艇のcumulative差,0.0515,5号艇のwin_rate_rank_2to6,0.2156,5号艇のclass_rank_2to6,0.0961,5号艇のracer_avgfin_te,0.069,2号艇のモーター出走数,-0.0636,3号艇のモーター出走数,-0.0621,0.0237,東 2.0m/s,[逃げ]1号艇のdominanceが有利(+23.5pt)、1号艇のsession_exh_rel_avgが不利(-17.2pt) / [2着]3号艇のsession_exh_rel_avgが有利(+10.3pt)、4号艇のモーター出走数が不利(-8.2pt) / [候補2]5号艇のwin_rate_rank_2to6が有利(+21.6pt)、5号艇のclass_rank_2to6が有利(+9.6pt)、天気+2.4pt
47,16,児島,11,16:48,0.8212508098730724,3,0.4033212545133194,4,0.26972421694925186,0.5527391385200405,0.25502330323801636,0.41802216822455496,0.3835855053988611,0.5123240474313948,1-3,1-4,0.20943809432072708,0.3312279069080871,0.22151123161195338,0.040217798801671624,0.018855768287590766,True,False,False,False,準優勝戦,2026-09-02,1号艇のracer_win_te,0.1902,1号艇のdominance,0.137,1号艇の年齢,-0.1172,風速区分,0.0973,1号艇の級別順位,0.0869,3号艇のsession_exh_rel_avg,0.1171,3号艇のwin_rate_rank_2to6,0.0663,3号艇の節間得点,0.0421,3号艇のclass_rank_2to6,0.0375,3号艇のcumulative_diff_rank_2to6,0.035,4号艇のwin_rate_rank_2to6,0.1617,4号艇のclass_rank_2to6,0.1511,4号艇のcumulative_diff_rank_2to6,-0.0728,4号艇の全国勝率,0.0711,4号艇のsession_exh_rel_avg,0.0523,0.1918,南東 1.9m/s,[逃げ]1号艇のracer_win_teが有利(+19.0pt)、1号艇のdominanceが有利(+13.7pt) / [2着]3号艇のsession_exh_rel_avgが有利(+11.7pt)、3号艇のwin_rate_rank_2to6が有利(+6.6pt) / [候補2]4号艇のwin_rate_rank_2to6が有利(+16.2pt)、4号艇のclass_rank_2to6が有利(+15.1pt) / [除外]5号艇のwin_rate_rank_2to6が不利(-5.4pt)、天気+19.2pt
48,19,下関,12,20:45,0.6543245836673595,3,0.3881507384504214,2,0.3422574792439397,0.4779240529500809,0.16501579067984493,0.5653924270145162,0.38328603437111247,0.5041645651694114,1-3,1-2,0.22394748261333075,0.25397657033675014,0.10797388853512967,0.05312020814427968,0.01530642428767307,False,False,False,False,一般,2026-09-02,1号艇のdominance,0.21,場特性:in_escape_diff,0.0914,1号艇の年齢,-0.0829,1号艇の勝率順位,0.0774,レース時間帯,0.0761,3号艇のsession_exh_rel_avg,0.058,3号艇のwin_rate_rank_2to6,0.0561,場特性:1x_diff_course3,0.0549,3号艇の当地勝率,-0.0548,6号艇のsession_rank_diff_last,0.052,2号艇のwin_rate_rank_2to6,-0.1305,2号艇のsession_exh_rel_avg,0.1081,2号艇のclass_rank_2to6,-0.0542,2号艇の体重,-0.0512,1号艇の年齢,0.0478,0.0354,南東 4.5m/s,[逃げ]1号艇のdominanceが有利(+21.0pt)、場特性:in_escape_diffが有利(+9.1pt) / [2着]3号艇のsession_exh_rel_avgが有利(+5.8pt)、3号艇のwin_rate_rank_2to6が有利(+5.6pt) / [候補2]2号艇のwin_rate_rank_2to6が不利(-13.1pt)、2号艇のsession_exh_rel_avgが有利(+10.8pt) / [除外]6号艇のsession_exh_rel_avgが不利(-6.9pt)、天気+3.5pt
49,24,大村,4,19:03,0.519981609216004,3,0.6037028604029244,2,0.2209512309815399,0.4288049614846554,0.08944732243783907,0.7352067689466253,0.38277841470121965,0.5207255037232463,1-3,1-2,0.11489057664403812,0.3139143848406173,0.037869912635246125,0.04651096266129034,0.006795778246059491,True,False,False,False,予選,2026-09-02,3号艇のsession_exh_rel_avg,-0.1761,3号艇のracer_win_te,-0.1466,場特性:in_escape_diff,0.1463,1号艇のdominance,0.1311,3号艇の女子戦勝率,0.1266,3号艇のwin_rate_rank_2to6,0.223,3号艇のsession_exh_rel_avg,0.1263,3号艇の当地勝率,0.0912,3号艇のracer_win_te,0.072,3号艇のclass_rank_2to6,0.0601,2号艇のsession_exh_rel_avg,-0.0913,2号艇のracer_avgfin_te,-0.066,2号艇のwin_rate_rank_2to6,0.0572,2号艇の直近平均着順,-0.0532,1号艇の年齢,0.0431,-0.0079,西 1.9m/s,[逃げ]3号艇のsession_exh_rel_avgが不利(-17.6pt)、3号艇のracer_win_teが不利(-14.7pt) / [2着]3号艇のwin_rate_rank_2to6が有利(+22.3pt)、3号艇のsession_exh_rel_avgが有利(+12.6pt) / [候補2]2号艇のsession_exh_rel_avgが不利(-9.1pt)、2号艇のracer_avgfin_teが不利(-6.6pt) / [除外]6号艇のwin_rate_rank_2to6が不利(-6.6pt)、3号艇のracer_win_teが不利(-6.3pt)、天気-0.8pt
50,05,多摩川,9,15:37,0.6089770360489573,3,0.39029212886703457,2,0.35768597999466045,0.4555014917640993,0.13590809877047172,0.6120700100912233,0.3812138816847724,0.5024720472622365,1-3,1-2,0.21782254793341493,0.23767894383068439,0.0827649111642908,0.05925192511330028,0.011458706872958772,True,False,False,False,静波まつり選,2026-09-02,1号艇のdominance,-0.1338,1号艇のsession_exh_rel_avg,0.1197,4号艇のモーター2連率,-0.0842,1号艇の節間得点,0.0757,1号艇の全国勝率,-0.064,3号艇のwin_rate_rank_2to6,0.1585,3号艇の一般戦2連率,0.0981,3号艇のsession_exh_rel_avg,-0.0644,3号艇の当地勝率,0.0633,3号艇のclass_rank_2to6,0.0523,6号艇のsession_rank_diff_last,-0.0836,2号艇のwin_rate_rank_2to6,0.0753,2号艇の全国勝率,0.0468,2号艇の当地勝率,-0.0361,4号艇のモーター2連率,0.0315,0.0604,南 1.8m/s,[逃げ]1号艇のdominanceが不利(-13.4pt)、1号艇のsession_exh_rel_avgが有利(+12.0pt) / [2着]3号艇のwin_rate_rank_2to6が有利(+15.9pt)、3号艇の一般戦2連率が有利(+9.8pt) / [候補2]6号艇のsession_rank_diff_lastが不利(-8.4pt)、2号艇のwin_rate_rank_2to6が有利(+7.5pt) / [除外]6号艇のsession_exh_rel_avgが不利(-6.8pt)、6号艇のwin_rate_rank_2to6が不利(-5.4pt)、天気+6.0pt
51,21,芦屋,12,14:10,0.6947808240166906,4,0.4143153444289884,2,0.24571680301831741,0.45857767928094495,0.16662950721820652,0.49340264022909924,0.3668825920171218,0.4690251675653912,1-4,1-2,0.17071932287581343,0.11577098633056063,0.2878583564051315,0.0908925904074975,0.029539570585947823,True,True,False,False,優勝戦,2026-09-02,6号艇のモーター出走数,-0.1336,1号艇のracer_win_te,0.1261,レース時間帯,0.12,1号艇の節間得点,0.1164,1号艇のdominance,0.0906,4号艇のモーター2連率,0.1828,4号艇の節間得点,0.1113,4号艇の全国勝率,0.0846,4号艇のsession_exh_rel_avg,0.0826,4号艇の当地勝率,0.0733,2号艇のwin_rate_rank_2to6,-0.1291,2号艇のsession_exh_rel_avg,0.1112,2号艇の全国勝率,0.0543,2号艇のclass_rank_2to6,-0.0538,3号艇のモーター出走数,0.0478,0.1927,南東 3.8m/s,[逃げ]6号艇のモーター出走数が不利(-13.4pt)、1号艇のracer_win_teが有利(+12.6pt) / [2着]4号艇のモーター2連率が有利(+18.3pt)、4号艇の節間得点が有利(+11.1pt) / [候補2]2号艇のwin_rate_rank_2to6が不利(-12.9pt)、2号艇のsession_exh_rel_avgが有利(+11.1pt)、天気+19.3pt
52,12,住之江,11,20:03,0.7722132685684653,2,0.30950237068152503,3,0.308284055173213,0.47706287518651713,0.2049598936577266,0.4128265321970115,0.3597283677869837,0.4577919722896654,1-2,1-3,0.2390018372936692,0.2380610378928479,0.1582727494068781,0.07661097827059743,0.06026667721134702,False,False,False,False,予選特別Ａ戦,2026-09-02,1号艇のdominance,0.1568,1号艇のracer_win_te,0.1455,1号艇のsession_exh_rel_avg,-0.1331,風速区分,0.0971,1号艇の級別順位,0.0845,2号艇のsession_exh_rel_avg,0.0758,2号艇のclass_rank_2to6,-0.0547,2号艇の全国勝率,0.0504,レース時間帯,-0.0455,2号艇のモーター2連率,-0.0439,3号艇のsession_exh_rel_avg,0.0764,3号艇のwin_rate_rank_2to6,0.0588,3号艇の枠別平均ST,-0.0548,場特性:1x_diff_course3,0.0546,6号艇のracer_2nd_te,-0.0527,0.073,南東 0.3m/s,[逃げ]1号艇のdominanceが有利(+15.7pt)、1号艇のracer_win_teが有利(+14.6pt) / [2着]2号艇のsession_exh_rel_avgが有利(+7.6pt)、2号艇のclass_rank_2to6が不利(-5.5pt) / [候補2]3号艇のsession_exh_rel_avgが有利(+7.6pt)、3号艇のwin_rate_rank_2to6が有利(+5.9pt) / [除外]6号艇のsession_exh_rel_avgが不利(-8.6pt)、2号艇のracer_2nd_teが不利(-5.1pt)、天気+7.3pt
53,19,下関,9,19:16,0.7674807127511445,2,0.39497574753770454,4,0.22009386208012865,0.4720540623810628,0.19961726555308357,0.4154523440647496,0.3589778930301838,0.45507354688616886,1-2,1-4,0.30313626823965356,0.15320240124411505,0.16891779414140923,0.07294769052499805,0.06927655574188009,True,False,False,False,準優勝戦,2026-09-02,1号艇のdominance,0.1389,4号艇のsession_exh_rel_avg,-0.0806,場特性:in_escape_diff,0.0784,1号艇の節間得点,0.0753,1号艇の級別順位,0.0682,2号艇のsession_exh_rel_avg,-0.0889,2号艇のclass_rank_2to6,0.0714,3号艇のracer_2nd_te,0.0666,2号艇の節間得点,0.0568,2号艇のwin_rate_rank_2to6,0.0478,4号艇のsession_exh_rel_avg,0.104,4号艇のwin_rate_rank_2to6,-0.0847,4号艇の節間得点,0.0807,6号艇のracer_2nd_te,0.0443,4号艇のclass_rank_2to6,-0.0407,-0.0344,南東 4.8m/s,[逃げ]1号艇のdominanceが有利(+13.9pt)、4号艇のsession_exh_rel_avgが不利(-8.1pt) / [2着]2号艇のsession_exh_rel_avgが不利(-8.9pt)、2号艇のclass_rank_2to6が有利(+7.1pt) / [候補2]4号艇のsession_exh_rel_avgが有利(+10.4pt)、4号艇のwin_rate_rank_2to6が不利(-8.5pt) / [除外]1号艇vs5号艇の枠別平均ST差が不利(-6.1pt)、天気-3.4pt
54,05,多摩川,12,17:15,0.822294193691129,2,0.3228181664139138,3,0.2697327773870919,0.4872512005537655,0.21984677787413215,0.37270416592687355,0.358706472805308,0.4528870901656979,1-2,1-3,0.26545150386017796,0.2217996966935875,0.18077872894760225,0.12961370788093468,0.024650559372111188,True,False,False,False,優勝戦,2026-09-02,1号艇のsession_exh_rel_avg,0.1603,1号艇のdominance,0.16,1号艇の節間得点,0.0897,風速区分,0.0842,race_no,0.08,2号艇のwin_rate_rank_2to6,0.0764,2号艇のracer_avgfin_te,0.0757,1号艇の女子戦2連率,0.0651,2号艇の一般戦勝率,-0.05,2号艇の全国勝率,0.0466,3号艇の節間得点,0.1475,3号艇のwin_rate_rank_2to6,-0.1071,3号艇のsession_exh_rel_avg,-0.0816,1号艇のracer_2nd_te,0.0602,3号艇のcumulative_diff_rank_2to6,0.05,0.1759,南 1.3m/s,[逃げ]1号艇のsession_exh_rel_avgが有利(+16.0pt)、1号艇のdominanceが有利(+16.0pt) / [2着]2号艇のwin_rate_rank_2to6が有利(+7.6pt)、2号艇のracer_avgfin_teが有利(+7.6pt) / [候補2]3号艇の節間得点が有利(+14.7pt)、3号艇のwin_rate_rank_2to6が不利(-10.7pt) / [除外]2号艇の直近1着率が不利(-8.3pt)、天気+17.6pt
55,13,尼崎,7,13:43,0.6140631311641719,5,0.34589632696622846,3,0.3336286296090386,0.4172712225388064,0.12179356192579052,0.5577313946494765,0.35628608436024983,0.4594092741720074,1-5,1-3,0.0747889359917884,0.204869040943738,0.06273339293481145,0.21240218159506843,0.059269563685821605,True,True,False,False,予選,2026-09-02,1号艇のdominance,-0.1656,1号艇のsession_exh_rel_avg,0.156,1号艇の級別順位,-0.0872,avg_entry_count,-0.0724,2号艇の体重,0.0677,5号艇のwin_rate_rank_2to6,0.2403,5号艇のclass_rank_2to6,0.1606,5号艇のsession_exh_rel_avg,-0.086,5号艇のcumulative_diff_rank_2to6,-0.0832,5号艇のracer_avgfin_te,0.0585,3号艇のsession_exh_rel_avg,-0.1105,3号艇のwin_rate_rank_2to6,-0.074,3号艇のracer_avgfin_te,0.0496,3号艇のcumulative_diff_rank_2to6,0.0397,場特性:1x_diff_course3,-0.0388,0.008,西 1.8m/s,[逃げ]1号艇のdominanceが不利(-16.6pt)、1号艇のsession_exh_rel_avgが有利(+15.6pt) / [2着]5号艇のwin_rate_rank_2to6が有利(+24.0pt)、5号艇のclass_rank_2to6が有利(+16.1pt) / [候補2]3号艇のsession_exh_rel_avgが不利(-11.0pt)、3号艇のwin_rate_rank_2to6が不利(-7.4pt) / [除外]4号艇のwin_rate_rank_2to6が不利(-5.9pt)、2号艇のwin_rate_rank_2to6が不利(-5.8pt)、天気+0.8pt
56,17,宮島,1,10:56,0.5831429413817255,4,0.3947216700297094,3,0.3348453469291619,0.42544185620448743,0.13599232189864424,0.593574695060227,0.35601366517474664,0.4758817078612093,1-4,1-3,0.07930296259730585,0.1952627005162558,0.23017915568823163,0.0564238950941107,0.021974214451561093,False,False,True,False,ファーストＢ,2026-09-02,2号艇の平均ST,-0.0936,5号艇の平均ST,0.0934,1号艇vs4号艇の枠別平均ST差,-0.0721,1号艇のdominance,0.0682,1号艇の体重,-0.065,4号艇のwin_rate_rank_2to6,0.2255,4号艇のclass_rank_2to6,0.2248,4号艇のsession_exh_rel_avg,-0.0549,win_rate_gap_top2_2to6,0.0541,4号艇の年齢,0.0496,3号艇のracer_avgfin_te,-0.0982,3号艇の全国勝率,-0.0909,3号艇のwin_rate_rank_2to6,-0.0716,3号艇のracer_2nd_te,-0.0501,3号艇の当地勝率,-0.0433,0.0516,東 0.8m/s,[逃げ]2号艇の平均STが不利(-9.4pt)、5号艇の平均STが有利(+9.3pt) / [2着]4号艇のwin_rate_rank_2to6が有利(+22.6pt)、4号艇のclass_rank_2to6が有利(+22.5pt) / [候補2]3号艇のracer_avgfin_teが不利(-9.8pt)、3号艇の全国勝率が不利(-9.1pt) / [除外]6号艇のwin_rate_rank_2to6が不利(-9.5pt)、6号艇のvs_avg456_diffが不利(-7.5pt)、天気+5.2pt
57,16,児島,10,16:11,0.6989546827172959,2,0.46738836882380524,4,0.22249825162442485,0.48219948390630024,0.2193192719153922,0.47056734853283794,0.35529271623233105,0.4787098432942616,1-2,1-4,0.3266832890369973,0.1532942321154113,0.15551619486930293,0.05243079523072865,0.011030148681526061,True,False,False,False,準優勝戦,2026-09-02,1号艇のracer_win_te,0.1212,1号艇のsession_exh_rel_avg,-0.1139,1号艇の節間得点,0.094,風速区分,0.0796,レース時間帯,0.0769,2号艇のwin_rate_rank_2to6,0.1604,2号艇の当地勝率,0.1098,2号艇のsession_exh_rel_avg,0.0904,2号艇のclass_rank_2to6,0.0904,2号艇の全国勝率,0.0582,4号艇のwin_rate_rank_2to6,-0.0768,4号艇の節間得点,0.0736,4号艇のsession_exh_rel_avg,0.0693,4号艇の年齢,0.0668,場特性:1x_diff_course4,0.0461,0.1483,南東 1.9m/s,[逃げ]1号艇のracer_win_teが有利(+12.1pt)、1号艇のsession_exh_rel_avgが不利(-11.4pt) / [2着]2号艇のwin_rate_rank_2to6が有利(+16.0pt)、2号艇の当地勝率が有利(+11.0pt) / [候補2]4号艇のwin_rate_rank_2to6が不利(-7.7pt)、4号艇の節間得点が有利(+7.4pt) / [除外]6号艇のwin_rate_rank_2to6が不利(-7.5pt)、1号艇のsession_exh_rel_deltaが不利(-5.4pt)、天気+14.8pt
58,16,児島,8,14:55,0.6980291888754933,2,0.3333418386812478,4,0.3096351205915428,0.448816685346817,0.1756375948506502,0.4673393644221403,0.3542217855750298,0.454373489069414,1-2,1-4,0.23268233327293691,0.12260016786964187,0.21613435207388015,0.05832374852442405,0.0682885741328034,True,True,False,False,一般,2026-09-02,1号艇のsession_exh_rel_avg,-0.1577,1号艇のdominance,0.1046,風速区分,0.0737,1号艇の級別順位,0.0727,1号艇のモーター2連率順位,0.0582,2号艇のsession_exh_rel_avg,0.0664,3号艇の全国勝率,-0.0657,2号艇のclass_rank_2to6,-0.0548,2号艇のwin_rate_rank_2to6,-0.0449,2号艇のracer_avgfin_te,-0.0356,4号艇のwin_rate_rank_2to6,0.1387,4号艇のsession_exh_rel_avg,-0.125,4号艇のclass_rank_2to6,0.1076,4号艇の節間得点,-0.0947,4号艇のcumulative_diff_rank_2to6,-0.0797,0.0717,南東 1.9m/s,[逃げ]1号艇のsession_exh_rel_avgが不利(-15.8pt)、1号艇のdominanceが有利(+10.5pt) / [2着]2号艇のsession_exh_rel_avgが有利(+6.6pt)、3号艇の全国勝率が不利(-6.6pt) / [候補2]4号艇のwin_rate_rank_2to6が有利(+13.9pt)、4号艇のsession_exh_rel_avgが不利(-12.5pt)、天気+7.2pt
59,08,常滑,7,13:34,0.7606760126651683,3,0.33497382106226053,5,0.2549927796512665,0.44877344143638914,0.17695635891639888,0.41301024179712814,0.3534774644264309,0.43804448154461084,1-3,1-5,0.11017855064571244,0.2548065505528559,0.06711755739931599,0.19396689088353325,0.1346064575162727,True,True,False,False,一般,2026-09-02,1号艇のdominance,-0.2146,1号艇のsession_exh_rel_avg,0.1422,1号艇のracer_win_te,0.0982,風速区分,0.0761,場特性:in_escape_diff,0.0633,6号艇のracer_2nd_te,-0.091,3号艇のwin_rate_rank_2to6,0.0424,3号艇のsession_exh_rel_last,-0.042,3号艇のcumulative_diff_rank_2to6,0.0397,6号艇の直近1着率,0.0378,6号艇のvs_avg456_diff,0.1234,5号艇のsession_exh_rel_avg,-0.1038,6号艇の全国勝率,0.0844,6号艇のracer_avgfin_te,0.0669,mean_234_全国勝率,0.0598,0.0475,南東 1.9m/s,[逃げ]1号艇のdominanceが不利(-21.5pt)、1号艇のsession_exh_rel_avgが有利(+14.2pt) / [2着]6号艇のracer_2nd_teが不利(-9.1pt)、3号艇のwin_rate_rank_2to6が有利(+4.2pt) / [候補2]6号艇のvs_avg456_diffが有利(+12.3pt)、5号艇のsession_exh_rel_avgが不利(-10.4pt) / [除外]win_rate_range_1to6が不利(-6.2pt)、2号艇のwin_rate_rank_2to6が不利(-5.5pt)、天気+4.8pt
60,19,下関,1,15:25,0.5973830757033082,2,0.39946902258288974,3,0.3559561509390146,0.45127821362222054,0.1868329787346302,0.5685921947872742,0.35010183015532187,0.48647240797173663,1-2,1-3,0.23863603335876094,0.21264218026345955,0.11161085947930416,0.03271504159460316,0.0017789525227460807,True,False,False,False,一般,2026-09-02,1号艇のracer_win_te,-0.2122,1号艇の年齢,0.1412,1号艇の節間得点,0.086,場特性:in_escape_diff,0.0727,1号艇の全国勝率,-0.0693,2号艇のclass_rank_2to6,0.098,ST差分(3-2),-0.0676,2号艇のwin_rate_rank_2to6,0.0575,2号艇の節間得点,0.0529,2号艇の当地勝率,-0.0483,3号艇のwin_rate_rank_2to6,0.1832,3号艇のsession_exh_rel_avg,-0.0886,3号艇の節間得点,-0.0488,場特性:1x_diff_course3,0.0483,3号艇のcumulative_diff_rank_2to6,-0.0338,-0.0298,南東 4.4m/s,[逃げ]1号艇のracer_win_teが不利(-21.2pt)、1号艇の年齢が有利(+14.1pt) / [2着]2号艇のclass_rank_2to6が有利(+9.8pt)、ST差分(3-2)が不利(-6.8pt) / [候補2]3号艇のwin_rate_rank_2to6が有利(+18.3pt)、3号艇のsession_exh_rel_avgが不利(-8.9pt) / [除外]6号艇の全国勝率が不利(-17.0pt)、6号艇の直近平均着順が不利(-14.4pt)、天気-3.0pt
61,06,浜名湖,4,12:47,0.5665245972886963,3,0.44821324860470635,2,0.29203592190088223,0.41936936321397006,0.14842072447976107,0.5918284460258275,0.3446776375585699,0.4711070880575272,1-3,1-2,0.16544553304873047,0.25392383016523956,0.08408399116519319,0.02593594219216402,0.03713530177260333,True,True,False,False,ランチタイム,2026-09-02,1号艇のdominance,0.2416,1号艇の女子戦比率,-0.2399,1号艇の級別順位,0.0751,1号艇の勝率順位,0.0675,2号艇の平均ST,-0.0637,3号艇のwin_rate_rank_2to6,0.1291,3号艇のsession_exh_rel_avg,0.1194,3号艇の年齢,-0.0464,3号艇の当地勝率,-0.045,3号艇の女子戦比率,-0.0389,2号艇のwin_rate_rank_2to6,0.0808,2号艇のsession_exh_rel_avg,0.0751,2号艇の節間得点,-0.0631,2号艇のclass_rank_2to6,-0.0587,2号艇の直近平均着順,-0.0564,-0.0662,南東 3.0m/s,[逃げ]1号艇のdominanceが有利(+24.2pt)、1号艇の女子戦比率が不利(-24.0pt) / [2着]3号艇のwin_rate_rank_2to6が有利(+12.9pt)、3号艇のsession_exh_rel_avgが有利(+11.9pt) / [候補2]2号艇のwin_rate_rank_2to6が有利(+8.1pt)、2号艇のsession_exh_rel_avgが有利(+7.5pt) / [除外]5号艇のracer_win_teが不利(-10.4pt)、6号艇のwin_rate_rank_2to6が不利(-8.2pt)、天気-6.6pt
62,18,徳山,12,14:22,0.7422654318858145,4,0.3667874887743722,3,0.24866173047680237,0.45682668053126047,0.20867896214752357,0.406770257103651,0.34243053944178636,0.4418097535029776,1-4,1-3,0.15489517996391514,0.1845730067658377,0.2722536737654227,0.10286624949666577,0.027677324659127426,True,True,False,False,すなっち特選,2026-09-02,場特性:in_escape_diff,0.2141,1号艇のdominance,0.1975,1号艇のracer_win_te,0.1445,race_no,0.1059,1号艇の枠別出走数,-0.0967,4号艇の当地勝率,0.1181,4号艇のsession_exh_rel_avg,0.1022,4号艇のclass_rank_2to6,0.0935,4号艇のモーター2連率,0.0931,4号艇のwin_rate_rank_2to6,0.0749,3号艇のwin_rate_rank_2to6,-0.1121,4号艇の当地2連率,0.0995,3号艇のsession_exh_rel_avg,0.0877,1号艇vs2号艇のlocal_win_rate差,-0.055,3号艇の全国勝率,-0.046,0.0892,東 2.0m/s,[逃げ]場特性:in_escape_diffが有利(+21.4pt)、1号艇のdominanceが有利(+19.7pt) / [2着]4号艇の当地勝率が有利(+11.8pt)、4号艇のsession_exh_rel_avgが有利(+10.2pt) / [候補2]3号艇のwin_rate_rank_2to6が不利(-11.2pt)、4号艇の当地2連率が有利(+9.9pt) / [除外]4号艇の当地2連率が不利(-14.2pt)、天気+8.9pt
63,18,徳山,10,13:12,0.570503411265451,3,0.4539864275510599,2,0.26995711061781963,0.413012258088926,0.14296341849443847,0.580980119674441,0.3421574849331258,0.4634026165645805,1-3,1-2,0.1540114525028308,0.2590008055860952,0.08156111793724742,0.07253957670866412,0.0033904654378086796,True,True,False,False,予選,2026-09-02,場特性:in_escape_diff,0.2494,1号艇の年齢,-0.1115,1号艇の級別順位,-0.1022,1号艇vs3号艇のcumulative差,-0.081,1号艇のracer_win_te,-0.0696,3号艇のwin_rate_rank_2to6,0.1319,3号艇のsession_exh_rel_avg,0.1047,3号艇の節間得点,0.0577,場特性:1x_diff_course3,0.047,3号艇の全国勝率,0.0379,2号艇のwin_rate_rank_2to6,0.0691,レース時間帯,-0.0666,2号艇のsession_exh_rel_avg,-0.0577,場特性:1x_diff_course2,0.0523,場特性:in_escape_diff,0.0512,0.1329,東 1.7m/s,[逃げ]場特性:in_escape_diffが有利(+24.9pt)、1号艇の年齢が不利(-11.2pt) / [2着]3号艇のwin_rate_rank_2to6が有利(+13.2pt)、3号艇のsession_exh_rel_avgが有利(+10.5pt) / [候補2]2号艇のwin_rate_rank_2to6が有利(+6.9pt)、レース時間帯が不利(-6.7pt) / [除外]6号艇のwin_rate_rank_2to6が不利(-7.6pt)、天気+13.3pt
64,05,多摩川,4,13:00,0.4620451283489907,2,0.48276285891385173,3,0.33893170995985694,0.3796599725389213,0.09152739391025753,0.7301671749634512,0.3379608271086884,0.48481213326628025,1-2,1-3,0.2230582271089763,0.15660174542994498,0.04228978646671357,0.017758566638311685,0.022336815614435884,True,True,False,False,一般,2026-09-02,1号艇のsession_exh_rel_avg,0.1462,3号艇のsession_exh_rel_avg,-0.1306,1号艇のdominance,-0.0988,1号艇の級別順位,-0.0961,1号艇の年齢,-0.086,2号艇のwin_rate_rank_2to6,0.2281,2号艇のclass_rank_2to6,0.0928,2号艇の当地勝率,0.0917,2号艇のsession_exh_rel_avg,0.064,2号艇の全国勝率,0.0539,3号艇のsession_exh_rel_avg,0.119,3号艇のモーター2連率,0.0844,3号艇のwin_rate_rank_2to6,0.0674,3号艇のsession_exh_rel_last,0.0515,3号艇のcumulative_diff_rank_2to6,0.0435,0.0054,南 2.6m/s,[逃げ]1号艇のsession_exh_rel_avgが有利(+14.6pt)、3号艇のsession_exh_rel_avgが不利(-13.1pt) / [2着]2号艇のwin_rate_rank_2to6が有利(+22.8pt)、2号艇のclass_rank_2to6が有利(+9.3pt) / [候補2]3号艇のsession_exh_rel_avgが有利(+11.9pt)、3号艇のモーター2連率が有利(+8.4pt) / [除外]4号艇のsession_rank_diff_deltaが不利(-5.3pt)、天気+0.5pt
65,21,芦屋,4,09:50,0.6404661951769841,2,0.47363556335862333,4,0.16585865631800217,0.4095744297139628,0.15051250952411332,0.48898171015251224,0.33559913941017544,0.43339661384552763,1-2,1-4,0.3033475671648049,0.09639817430144844,0.1062268625491579,0.08211073574170819,0.0523828625776322,False,False,True,False,サンライズＹ,2026-09-02,1号艇のdominance,0.166,2号艇の枠別出走数,-0.1549,1号艇の勝率順位,0.0842,風速区分,0.0767,1号艇の級別順位,0.0647,2号艇のwin_rate_rank_2to6,0.2512,2号艇の枠別出走数,-0.1267,2号艇のclass_rank_2to6,0.1057,2号艇のsession_exh_rel_avg,-0.1045,2号艇の全国勝率,0.0642,4号艇のwin_rate_rank_2to6,-0.1669,1号艇のモーター出走数,0.1424,4号艇の全国勝率,-0.1055,4号艇のclass_rank_2to6,-0.0892,場特性:1x_diff_course4,0.0559,0.0754,東 2.0m/s,[逃げ]1号艇のdominanceが有利(+16.6pt)、2号艇の枠別出走数が不利(-15.5pt) / [2着]2号艇のwin_rate_rank_2to6が有利(+25.1pt)、2号艇の枠別出走数が不利(-12.7pt) / [候補2]4号艇のwin_rate_rank_2to6が不利(-16.7pt)、1号艇のモーター出走数が有利(+14.2pt)、天気+7.5pt
66,06,浜名湖,12,17:07,0.8316717162756995,3,0.2928366956226396,2,0.2720259482329983,0.46978028447544756,0.24324041057404344,0.32162223328159445,0.33265682534496904,0.4253328691172916,1-3,1-2,0.22623628723846229,0.24354399723698528,0.2022961697297205,0.1546543726942359,0.004940901769169857,True,False,False,False,予選特選,2026-09-02,1号艇のdominance,0.2483,race_no,0.1068,1号艇の全国勝率,0.0864,1号艇のracer_win_te,0.0815,場特性:in_escape_diff,-0.0795,6号艇の女子戦比率,0.0956,3号艇のsession_exh_rel_avg,0.0943,3号艇の節間得点,0.0709,3号艇の女子戦比率,-0.0507,3号艇のcumulative_diff_rank_2to6,0.0499,2号艇のsession_exh_rel_avg,0.1507,2号艇のwin_rate_rank_2to6,-0.1233,場×風向,-0.064,4号艇の女子戦比率,0.0606,2号艇のclass_rank_2to6,-0.0601,0.1289,北東 1.9m/s,[逃げ]1号艇のdominanceが有利(+24.8pt)、race_noが有利(+10.7pt) / [2着]6号艇の女子戦比率が有利(+9.6pt)、3号艇のsession_exh_rel_avgが有利(+9.4pt) / [候補2]2号艇のsession_exh_rel_avgが有利(+15.1pt)、2号艇のwin_rate_rank_2to6が不利(-12.3pt) / [除外]6号艇の女子戦比率が不利(-7.3pt)、6号艇のwin_rate_rank_2to6が不利(-6.0pt)、天気+12.9pt
67,12,住之江,5,17:01,0.7613202533463919,3,0.33375007703662274,6,0.22429552510642245,0.424851419202383,0.1970952346903333,0.3609503674527119,0.32436799099092517,0.4056811036774816,1-3,1-6,0.1500525940078111,0.25409069320389943,0.09953274989348793,0.08688350158726568,0.17076072599848355,True,False,False,False,住之江ファイ,2026-09-02,1号艇のdominance,0.1531,1号艇の勝率順位,0.0883,1号艇のvs_max234_diff,0.084,風速区分,0.0661,1号艇のracer_win_te,0.0608,3号艇の当地勝率,0.1345,3号艇のsession_exh_rel_avg,-0.1203,3号艇のwin_rate_rank_2to6,-0.0684,3号艇の全国勝率,-0.0458,3号艇のcumulative_diff_rank_2to6,0.0354,6号艇のwin_rate_rank_2to6,0.3878,6号艇のclass_rank_2to6,0.2047,6号艇のvs_avg456_diff,0.1361,1号艇vs2号艇のplace_rate差,0.0938,6号艇の年齢,-0.0878,0.0287,西 0.6m/s,[逃げ]1号艇のdominanceが有利(+15.3pt)、1号艇の勝率順位が有利(+8.8pt) / [2着]3号艇の当地勝率が有利(+13.4pt)、3号艇のsession_exh_rel_avgが不利(-12.0pt) / [候補2]6号艇のwin_rate_rank_2to6が有利(+38.8pt)、6号艇のclass_rank_2to6が有利(+20.5pt)、天気+2.9pt
68,24,大村,12,22:41,0.7587041028261128,2,0.31210277851526574,5,0.27883616405129313,0.44834780024497284,0.23225229985181128,0.3586866427147476,0.3233920309564983,0.42144945298590525,1-2,1-5,0.2367936585629617,0.1762107727883698,0.09905855279059647,0.21155414168201117,0.035086960043815466,False,False,False,False,予選特選,2026-09-02,1号艇のsession_exh_rel_avg,0.1727,場特性:in_escape_diff,0.1559,1号艇のracer_win_te,0.1537,1号艇のdominance,0.1412,5号艇のsession_exh_rel_avg,-0.1036,2号艇のwin_rate_rank_2to6,-0.1167,2号艇のsession_exh_rel_avg,0.0742,場特性:in_escape_diff,0.0463,場特性:1x_diff_course2,0.0434,2号艇の当地勝率,-0.0386,5号艇のwin_rate_rank_2to6,0.1904,5号艇のsession_exh_rel_avg,0.1481,5号艇の年齢,0.0824,5号艇のracer_avgfin_te,0.0683,1号艇のsession_exh_rel_avg,0.0619,0.0495,南東 2.4m/s,[逃げ]1号艇のsession_exh_rel_avgが有利(+17.3pt)、場特性:in_escape_diffが有利(+15.6pt) / [2着]2号艇のwin_rate_rank_2to6が不利(-11.7pt)、2号艇のsession_exh_rel_avgが有利(+7.4pt) / [候補2]5号艇のwin_rate_rank_2to6が有利(+19.0pt)、5号艇のsession_exh_rel_avgが有利(+14.8pt) / [除外]6号艇のsession_exh_rel_avgが不利(-5.3pt)、天気+4.9pt
69,18,徳山,3,09:36,0.5818019469975424,4,0.3926798795160499,2,0.33240762831092374,0.421857323797329,0.19593971698254214,0.5291477908444315,0.32266699823909545,0.4540444639114597,1-4,1-2,0.19339540534813082,0.04184336230606007,0.2284619184491982,0.11399810883459044,0.004103173462451741,False,False,True,False,決めトク特賞,2026-09-02,場特性:in_escape_diff,0.199,1号艇のdominance,0.1659,3号艇の枠別出走数,-0.0984,1号艇vs3号艇のplace_rate差,0.0839,1号艇の年齢,0.0774,4号艇のwin_rate_rank_2to6,0.2031,4号艇のclass_rank_2to6,0.1685,4号艇の節間得点,0.1173,4号艇のsession_exh_rel_avg,0.0825,1号艇vs5号艇のlocal_win_rate差,0.0602,3号艇のracer_2nd_te,0.0993,2号艇の全国勝率,0.0901,2号艇のsession_exh_rel_avg,0.0747,場特性:in_escape_diff,0.0575,3号艇のracer_avgfin_te,0.0455,0.0524,南東 1.9m/s,[逃げ]場特性:in_escape_diffが有利(+19.9pt)、1号艇のdominanceが有利(+16.6pt) / [2着]4号艇のwin_rate_rank_2to6が有利(+20.3pt)、4号艇のclass_rank_2to6が有利(+16.8pt) / [候補2]3号艇のracer_2nd_teが有利(+9.9pt)、2号艇の全国勝率が有利(+9.0pt) / [除外]6号艇のwin_rate_rank_2to6が不利(-7.7pt)、6号艇のvs_avg456_diffが不利(-6.2pt)、天気+5.2pt
70,08,常滑,3,11:34,0.7065584476576965,4,0.3608192128967868,2,0.24710559742870564,0.4295344102761795,0.21583850663985554,0.39208630368563685,0.3182823314788496,0.41829997829901666,1-4,1-2,0.17459454732675392,0.15250252019621174,0.2549398629494256,0.12185479379129065,0.002666716813676198,True,True,False,False,一般,2026-09-02,1号艇の節間得点,0.1044,場特性:in_escape_diff,0.0936,5号艇の節間得点,-0.0862,風速区分,0.0746,1号艇のracer_win_te,0.0691,4号艇のclass_rank_2to6,0.1346,4号艇のwin_rate_rank_2to6,0.0919,4号艇の節間得点,0.0873,4号艇のsession_exh_rel_avg,-0.0539,4号艇のcumulative_diff_rank_2to6,0.0495,2号艇のclass_rank_2to6,-0.0726,2号艇のsession_exh_rel_avg,-0.0588,2号艇のwin_rate_rank_2to6,-0.0465,1号艇の女子戦2連率,-0.036,2号艇の全国勝率,0.0349,-0.0066,南東 1.9m/s,[逃げ]1号艇の節間得点が有利(+10.4pt)、場特性:in_escape_diffが有利(+9.4pt) / [2着]4号艇のclass_rank_2to6が有利(+13.5pt)、4号艇のwin_rate_rank_2to6が有利(+9.2pt) / [候補2]2号艇のclass_rank_2to6が不利(-7.3pt)、2号艇のsession_exh_rel_avgが不利(-5.9pt) / [除外]6号艇のracer_win_teが不利(-15.1pt)、6号艇のvs_avg456_diffが不利(-10.5pt)、天気-0.7pt
71,05,多摩川,10,16:08,0.6236562810349564,2,0.40076870348345994,3,0.23632887473417377,0.3973299062875867,0.16670368759582185,0.4703938906218118,0.31784627360329504,0.4192491015878542,1-2,1-3,0.2499419191696958,0.1473879871178909,0.10396580184082345,0.09773672792122964,0.024623850793568384,True,False,False,False,選抜戦,2026-09-02,1号艇の節間得点,0.115,1号艇の級別順位,-0.1006,2号艇のsession_exh_rel_avg,-0.0914,6号艇の枠別勝率,0.0866,4号艇のsession_exh_rel_avg,-0.0856,2号艇のsession_exh_rel_avg,0.1761,2号艇のwin_rate_rank_2to6,0.0768,2号艇のclass_rank_2to6,0.0671,2号艇の節間得点,0.0649,1号艇vs2号艇の枠別勝率差,0.042,3号艇のsession_exh_rel_avg,-0.1243,3号艇の当地勝率,0.1082,3号艇のwin_rate_rank_2to6,-0.0562,3号艇の全国勝率,0.0388,3号艇のcumulative_diff_rank_2to6,0.0329,0.0375,南 1.7m/s,[逃げ]1号艇の節間得点が有利(+11.5pt)、1号艇の級別順位が不利(-10.1pt) / [2着]2号艇のsession_exh_rel_avgが有利(+17.6pt)、2号艇のwin_rate_rank_2to6が有利(+7.7pt) / [候補2]3号艇のsession_exh_rel_avgが不利(-12.4pt)、3号艇の当地勝率が有利(+10.8pt) / [除外]6号艇のwin_rate_rank_2to6が不利(-6.8pt)、6号艇のvs_avg456_diffが不利(-5.3pt)、天気+3.7pt
72,18,徳山,11,13:48,0.4290659447809574,2,0.477747612312904,3,0.32114763546048175,0.3427787442669048,0.07327717585078913,0.7256180719225966,0.3126373142810344,0.45763054256361235,1-2,1-3,0.20498523064388272,0.13779351362302208,0.03144074068729919,0.027967886876480625,0.02687857295027278,True,True,False,False,予選,2026-09-02,場特性:in_escape_diff,0.1725,1号艇のsession_exh_rel_avg,0.109,1号艇のdominance,-0.0985,5号艇の枠別出走数,-0.0978,1号艇の級別順位,-0.0837,2号艇のsession_exh_rel_avg,0.076,場特性:1x_diff_course2,0.0585,2号艇の全国勝率,0.0581,1号艇vs3号艇の直近複勝率差,0.0458,2号艇の節間得点,0.0422,3号艇のwin_rate_rank_2to6,0.1528,場特性:1x_diff_course3,0.0384,3号艇のclass_rank_2to6,0.0348,3号艇の全国勝率,0.0305,3号艇のモーター2連率,-0.0303,0.0576,東 2.0m/s,[逃げ]場特性:in_escape_diffが有利(+17.2pt)、1号艇のsession_exh_rel_avgが有利(+10.9pt) / [2着]2号艇のsession_exh_rel_avgが有利(+7.6pt)、場特性:1x_diff_course2が有利(+5.8pt) / [候補2]3号艇のwin_rate_rank_2to6が有利(+15.3pt)、場特性:1x_diff_course3が有利(+3.8pt)、天気+5.8pt
73,24,大村,10,21:51,0.5685284273939253,4,0.3891936820977517,2,0.28023500357958636,0.3805892379205193,0.15237354785479468,0.5170551378225434,0.3109991589717568,0.4215290078911266,1-4,1-2,0.15932156588583327,0.08662869353831944,0.22126767203468606,0.051246336746371246,0.05006416554251559,False,False,False,False,予選特賞,2026-09-02,場特性:in_escape_diff,0.1785,1号艇の節間得点,-0.0732,1号艇のsession_avg_finish,-0.0654,ST差分(4-3),-0.0649,1号艇の勝率順位,-0.0635,4号艇のwin_rate_rank_2to6,0.1633,4号艇のclass_rank_2to6,0.105,4号艇の年齢,-0.0843,4号艇のcumulative_diff_rank_2to6,0.0624,4号艇の全国勝率,0.0487,2号艇のsession_exh_rel_avg,0.08,2号艇のclass_rank_2to6,-0.0669,2号艇のracer_avgfin_te,-0.0478,2号艇の全国勝率,0.0471,3号艇の全国勝率,-0.0447,0.1157,北東 1.7m/s,[逃げ]場特性:in_escape_diffが有利(+17.9pt)、1号艇の節間得点が不利(-7.3pt) / [2着]4号艇のwin_rate_rank_2to6が有利(+16.3pt)、4号艇のclass_rank_2to6が有利(+10.5pt) / [候補2]2号艇のsession_exh_rel_avgが有利(+8.0pt)、2号艇のclass_rank_2to6が不利(-6.7pt)、天気+11.6pt
74,13,尼崎,9,14:41,0.5929475932862291,3,0.4300753647234802,2,0.21732296125325476,0.38387327928543863,0.17288272115785835,0.4745156048188766,0.30423521076225,0.41106597694547004,1-3,1-2,0.12886112684095383,0.2550121524444848,0.10251039343132635,0.0721792240803248,0.034384696489139374,True,True,False,False,予選特賞,2026-09-02,風速区分,0.0753,1号艇のモーター2連率順位,-0.0609,1号艇の節間得点,-0.059,4号艇のモーター2連率,-0.0581,1号艇のlocal_win_rate順位,-0.0555,3号艇のwin_rate_rank_2to6,0.1783,3号艇のsession_exh_rel_avg,-0.1135,3号艇のclass_rank_2to6,0.0485,3号艇のsession_exh_rel_last,-0.0474,3号艇の全国勝率,0.0455,2号艇のwin_rate_rank_2to6,-0.1938,2号艇の全国勝率,-0.0729,2号艇の直近平均着順,-0.0555,2号艇のclass_rank_2to6,-0.0457,2号艇のracer_avgfin_te,-0.0438,0.0325,西 1.3m/s,[逃げ]風速区分が有利(+7.5pt)、1号艇のモーター2連率順位が不利(-6.1pt) / [2着]3号艇のwin_rate_rank_2to6が有利(+17.8pt)、3号艇のsession_exh_rel_avgが不利(-11.3pt) / [候補2]2号艇のwin_rate_rank_2to6が不利(-19.4pt)、2号艇の全国勝率が不利(-7.3pt) / [除外]6号艇の女子戦2連率が不利(-7.4pt)、天気+3.3pt
75,19,下関,5,17:17,0.6651477635110872,4,0.3682764327810867,3,0.31146362745486567,0.4521275808348354,0.2760594202018854,0.40368064003406695,0.30235068744778054,0.43759349859460484,1-4,1-3,0.18362030594345152,0.20716933521665434,0.24495824561818103,0.02881078700417597,0.0005890728868618433,True,False,False,False,シーモ戦,2026-09-02,場特性:in_escape_diff,0.106,1号艇の級別順位,0.0739,1号艇のsession_exh_rel_avg,-0.0723,1号艇のdominance,0.0675,1号艇vs3号艇のcumulative差,-0.0656,4号艇のclass_rank_2to6,0.2173,4号艇のwin_rate_rank_2to6,0.2138,4号艇のモーター2連率,0.0943,4号艇のsession_exh_rel_avg,-0.0922,4号艇の節間得点,0.0464,3号艇のwin_rate_rank_2to6,-0.0615,3号艇のcumulative_diff_rank_2to6,0.0565,3号艇のracer_2nd_te,0.0502,3号艇の当地勝率,-0.0492,3号艇の全国勝率,-0.0378,-0.0507,東 4.0m/s,[逃げ]場特性:in_escape_diffが有利(+10.6pt)、1号艇の級別順位が有利(+7.4pt) / [2着]4号艇のclass_rank_2to6が有利(+21.7pt)、4号艇のwin_rate_rank_2to6が有利(+21.4pt) / [候補2]3号艇のwin_rate_rank_2to6が不利(-6.1pt)、3号艇のcumulative_diff_rank_2to6が有利(+5.6pt) / [除外]6号艇の直近平均着順が不利(-23.9pt)、6号艇のracer_win_teが不利(-14.8pt)、天気-5.1pt
76,06,浜名湖,8,14:47,0.504161053018242,4,0.5687303759130382,5,0.15963707854690118,0.3672145028247395,0.14973971319848184,0.5786277412614576,0.30123058962238003,0.43063847435575486,1-4,1-5,0.05416730703808597,0.07549293148479615,0.28673170520377794,0.0804827976209615,0.007286308383864448,True,True,False,False,ブレイクタイ,2026-09-02,1号艇の女子戦比率,-0.1029,1号艇vs4号艇のcumulative差,-0.0913,1号艇のracer_win_te,0.0667,ST差分(4-3),-0.064,場特性:in_escape_diff,-0.0613,4号艇のwin_rate_rank_2to6,0.2594,4号艇のclass_rank_2to6,0.2053,4号艇の全国勝率,0.1115,4号艇の節間得点,0.1049,4号艇のsession_exh_rel_avg,0.0648,5号艇のwin_rate_rank_2to6,0.0931,5号艇の性別,-0.0873,4号艇の全国2連率,0.0866,5号艇の年齢,-0.0727,3号艇の枠別平均ST,0.0714,-0.0174,南東 1.6m/s,[逃げ]1号艇の女子戦比率が不利(-10.3pt)、1号艇vs4号艇のcumulative差が不利(-9.1pt) / [2着]4号艇のwin_rate_rank_2to6が有利(+25.9pt)、4号艇のclass_rank_2to6が有利(+20.5pt) / [候補2]5号艇のwin_rate_rank_2to6が有利(+9.3pt)、5号艇の性別が不利(-8.7pt) / [除外]2号艇のwin_rate_rank_2to6が不利(-5.1pt)、天気-1.7pt
77,21,芦屋,6,10:45,0.7000461643594269,6,0.3065783392344399,2,0.269908821228681,0.40356762548466524,0.22096205009393735,0.35552511036918355,0.2965598696303045,0.3891548709500207,1-6,1-2,0.18894863502791237,0.1546836356372564,0.11380223983880641,0.02799265035932292,0.21461899045675284,False,False,True,False,一般,2026-09-02,1号艇の節間得点,0.0908,1号艇のdominance,0.0857,1号艇のvs_max234_diff,0.0654,1号艇のモーター2連率順位,0.0598,1号艇vs4号艇のcumulative差,0.0589,6号艇のwin_rate_rank_2to6,0.375,6号艇のclass_rank_2to6,0.1729,6号艇のvs_avg456_diff,0.1555,6号艇の全国勝率,0.116,3号艇のモーター出走数,0.0948,2号艇のsession_exh_rel_avg,-0.0921,2号艇のclass_rank_2to6,-0.0549,2号艇のwin_rate_rank_2to6,0.041,2号艇のモーター2連率,-0.0384,2号艇のracer_avgfin_te,-0.0377,0.1196,東 2.7m/s,[逃げ]1号艇の節間得点が有利(+9.1pt)、1号艇のdominanceが有利(+8.6pt) / [2着]6号艇のwin_rate_rank_2to6が有利(+37.5pt)、6号艇のclass_rank_2to6が有利(+17.3pt) / [候補2]2号艇のsession_exh_rel_avgが不利(-9.2pt)、2号艇のclass_rank_2to6が不利(-5.5pt) / [除外]5号艇のracer_avgfin_teが不利(-6.8pt)、天気+12.0pt
78,17,宮島,5,13:08,0.5104521033341718,2,0.47869027748735715,3,0.26533247480016386,0.37978797883364457,0.1890561767441683,0.5549665755433527,0.2936264629316238,0.432341557846557,1-2,1-3,0.2443484589890398,0.13543951984460478,0.09650412306737764,0.009695655802313685,0.0244643442046492,True,True,False,False,予選,2026-09-02,1号艇のdominance,-0.1369,1号艇のracer_win_te,0.086,1号艇の全国勝率,-0.0847,1号艇の級別順位,-0.0835,2号艇の体重,0.0798,2号艇のwin_rate_rank_2to6,0.2025,2号艇のclass_rank_2to6,0.0937,ST差分(3-2),-0.0699,2号艇の枠別出走数,-0.0548,2号艇の全国勝率,0.053,3号艇のwin_rate_rank_2to6,-0.0801,3号艇の全国勝率,-0.0639,3号艇のcumulative_diff_rank_2to6,0.0401,3号艇の当地勝率,0.0395,3号艇のracer_2nd_te,0.036,0.0735,東 1.5m/s,[逃げ]1号艇のdominanceが不利(-13.7pt)、1号艇のracer_win_teが有利(+8.6pt) / [2着]2号艇のwin_rate_rank_2to6が有利(+20.3pt)、2号艇のclass_rank_2to6が有利(+9.4pt) / [候補2]3号艇のwin_rate_rank_2to6が不利(-8.0pt)、3号艇の全国勝率が不利(-6.4pt) / [除外]6号艇のwin_rate_rank_2to6が不利(-6.9pt)、5号艇のwin_rate_rank_2to6が不利(-5.4pt)、天気+7.3pt
79,22,福岡,8,15:14,0.7458110421296946,3,0.2856415668357143,4,0.279101179321407,0.4211913760466282,0.25768294573873507,0.3070598004183862,0.29095077464729246,0.38695190335815555,1-3,1-4,0.19218278630045554,0.2130346346373029,0.20815674140932533,0.06789733422091691,0.06453955945350713,True,False,False,False,予選,2026-09-02,1号艇のdominance,0.1302,風速区分,0.0783,1号艇の級別順位,0.077,second_best_frame_win_rate,-0.0763,1号艇のモーター2連率,0.0628,3号艇のモーター2連率,0.1248,3号艇のracer_avgfin_te,-0.1079,3号艇のwin_rate_rank_2to6,-0.0905,3号艇の全国勝率,-0.0802,3号艇の当地勝率,-0.0508,4号艇のclass_rank_2to6,0.1455,4号艇のwin_rate_rank_2to6,0.0946,4号艇のモーター2連率,0.0582,4号艇のcumulative_diff_rank_2to6,0.0409,4号艇の全国勝率,0.0277,0.1066,北東 0.5m/s,[逃げ]1号艇のdominanceが有利(+13.0pt)、風速区分が有利(+7.8pt) / [2着]3号艇のモーター2連率が有利(+12.5pt)、3号艇のracer_avgfin_teが不利(-10.8pt) / [候補2]4号艇のclass_rank_2to6が有利(+14.6pt)、4号艇のwin_rate_rank_2to6が有利(+9.5pt)、天気+10.7pt
80,18,徳山,9,12:40,0.660845332402821,2,0.3413418925072794,3,0.28874795443616996,0.4163919343469864,0.2534167283748189,0.3766731185686305,0.2897671162783356,0.4044762896134796,1-2,1-3,0.22557419641698104,0.19081773793000534,0.16746926209929258,0.03826842323484735,0.03871571764537608,True,True,False,False,推しトク特賞,2026-09-02,場特性:in_escape_diff,0.2523,1号艇のracer_win_te,0.0831,1号艇のdominance,-0.0774,1号艇の節間得点,-0.0688,1号艇のモーター2連率順位,-0.0675,2号艇のclass_rank_2to6,-0.0685,2号艇の全国勝率,0.0569,2号艇のsession_exh_rel_avg,0.0474,2号艇のcumulative_diff_rank_2to6,-0.0437,2号艇の当地勝率,-0.0345,3号艇のwin_rate_rank_2to6,-0.104,3号艇のcumulative_diff_rank_2to6,0.0523,3号艇の全国勝率,-0.0474,場特性:1x_diff_course3,0.0347,1号艇vs3号艇のcumulative差,0.0215,0.0624,東 1.8m/s,[逃げ]場特性:in_escape_diffが有利(+25.2pt)、1号艇のracer_win_teが有利(+8.3pt) / [2着]2号艇のclass_rank_2to6が不利(-6.9pt)、2号艇の全国勝率が有利(+5.7pt) / [候補2]3号艇のwin_rate_rank_2to6が不利(-10.4pt)、3号艇のcumulative_diff_rank_2to6が有利(+5.2pt) / [除外]6号艇のsession_exh_rel_avgが不利(-7.6pt)、天気+6.2pt
81,08,常滑,6,13:03,0.6326553600659697,4,0.3906993349963125,2,0.2226707122930278,0.38805184812151844,0.21481203176208075,0.39855801552725956,0.288022001012702,0.39120369834324076,1-4,1-2,0.14087381966189144,0.13590198330094172,0.24717802845962697,0.04384207409745325,0.06485944983240657,True,True,False,False,昼トコ小判Ｒ,2026-09-02,1号艇のdominance,-0.1431,1号艇のsession_exh_rel_avg,0.133,1号艇の節間得点,0.088,4号艇のsession_exh_rel_avg,-0.0805,場特性:in_escape_diff,0.071,4号艇のwin_rate_rank_2to6,0.222,4号艇のclass_rank_2to6,0.2045,6号艇の節間得点,-0.1074,4号艇の全国勝率,0.1056,4号艇のsession_exh_rel_avg,0.0809,2号艇の全国勝率,-0.0709,3号艇の全国勝率,-0.0517,2号艇のwin_rate_rank_2to6,-0.0449,2号艇のclass_rank_2to6,-0.044,second_best_win_rate,-0.0406,0.0357,南東 1.9m/s,[逃げ]1号艇のdominanceが不利(-14.3pt)、1号艇のsession_exh_rel_avgが有利(+13.3pt) / [2着]4号艇のwin_rate_rank_2to6が有利(+22.2pt)、4号艇のclass_rank_2to6が有利(+20.4pt) / [候補2]2号艇の全国勝率が不利(-7.1pt)、3号艇の全国勝率が不利(-5.2pt)、天気+3.6pt
82,08,常滑,5,12:30,0.7494495993153129,3,0.2958743467516492,2,0.23938670705942838,0.4011511823078042,0.2350140880694095,0.3002469657416681,0.28801976716216343,0.3708799173379633,1-3,1-2,0.17940827168710077,0.22174291062070342,0.07887008276318806,0.17613121413707258,0.09329713406683462,True,True,False,False,三Ａ傑戦,2026-09-02,1号艇のdominance,0.1609,1号艇のvs_max234_diff,0.1143,1号艇のvs_max234_frame_diff,0.0992,1号艇のracer_win_te,0.0943,5号艇の節間得点,-0.0926,3号艇のwin_rate_rank_2to6,-0.0981,3号艇のsession_exh_rel_avg,0.0677,1号艇のracer_win_te,0.0442,3号艇の全国勝率,-0.0429,1号艇の一般戦2連率,0.0322,2号艇のclass_rank_2to6,-0.0725,2号艇のsession_exh_rel_avg,-0.0652,2号艇のcumulative_diff_rank_2to6,-0.0505,2号艇の節間得点,-0.0483,2号艇のモーター2連率,-0.0459,0.0436,南東 1.9m/s,[逃げ]1号艇のdominanceが有利(+16.1pt)、1号艇のvs_max234_diffが有利(+11.4pt) / [2着]3号艇のwin_rate_rank_2to6が不利(-9.8pt)、3号艇のsession_exh_rel_avgが有利(+6.8pt) / [候補2]2号艇のclass_rank_2to6が不利(-7.2pt)、2号艇のsession_exh_rel_avgが不利(-6.5pt)、天気+4.4pt
83,05,多摩川,8,15:05,0.6766264867543628,4,0.33970624037636,2,0.2741107883973955,0.41532485968918775,0.25747632526578135,0.3563407035079741,0.2870012772920298,0.3976296128348236,1-4,1-2,0.18547061973479825,0.1742153013870092,0.22985423995438953,0.04236579040176904,0.04472055040017725,True,False,False,False,一般,2026-09-02,1号艇のracer_win_te,-0.1799,1号艇のdominance,0.1318,1号艇の年齢,0.0858,1号艇のvs_max234_diff,0.0854,1号艇の級別順位,0.0678,4号艇のwin_rate_rank_2to6,0.1227,4号艇のsession_exh_rel_avg,-0.0919,6号艇の一般戦2連率,0.0779,全艇平均級別,0.072,6号艇のsession_exh_rel_last,0.0624,2号艇の節間得点,-0.0702,2号艇の全国勝率,-0.0612,3号艇の全国勝率,-0.0392,2号艇のsession_avg_finish,-0.0384,場×風向,-0.0358,0.07,南 2.0m/s,[逃げ]1号艇のracer_win_teが不利(-18.0pt)、1号艇のdominanceが有利(+13.2pt) / [2着]4号艇のwin_rate_rank_2to6が有利(+12.3pt)、4号艇のsession_exh_rel_avgが不利(-9.2pt) / [候補2]2号艇の節間得点が不利(-7.0pt)、2号艇の全国勝率が不利(-6.1pt) / [除外]6号艇のsession_exh_rel_avgが不利(-10.0pt)、天気+7.0pt
84,17,宮島,7,14:05,0.44726884365512976,2,0.5265961093173488,3,0.24321929841822576,0.3443144472457927,0.13893952276060395,0.6308758849749706,0.2869077852698988,0.43028287856454606,1-2,1-3,0.2355300328876609,0.10878441435813177,0.02480765127204173,0.016003422121751924,0.06214331968313091,True,True,False,False,予選,2026-09-02,5号艇の枠別出走数,-0.1501,1号艇のdominance,-0.0867,1号艇の級別順位,-0.0817,風速区分,0.0726,1号艇の全国勝率,-0.0615,2号艇のclass_rank_2to6,0.1031,2号艇のwin_rate_rank_2to6,0.0672,2号艇の全国勝率,0.0633,2号艇のracer_avgfin_te,0.0622,2号艇のsession_exh_rel_avg,0.0356,3号艇のwin_rate_rank_2to6,-0.0929,3号艇の全国勝率,-0.0634,3号艇の当地勝率,-0.0498,3号艇の全国2連率,-0.0487,1号艇vs2号艇のplace_rate差,0.0359,0.0627,東 1.1m/s,[逃げ]5号艇の枠別出走数が不利(-15.0pt)、1号艇のdominanceが不利(-8.7pt) / [2着]2号艇のclass_rank_2to6が有利(+10.3pt)、2号艇のwin_rate_rank_2to6が有利(+6.7pt) / [候補2]3号艇のwin_rate_rank_2to6が不利(-9.3pt)、3号艇の全国勝率が不利(-6.3pt) / [除外]2号艇のracer_2nd_teが不利(-6.6pt)、5号艇のracer_avgfin_teが不利(-5.8pt)、天気+6.3pt
85,16,児島,6,13:56,0.649570657636753,4,0.3469354544635159,2,0.23019850276595427,0.3748892841420487,0.20654051055860592,0.37059344667086436,0.2819734951624699,0.3736005329006934,1-4,1-2,0.14953019282867683,0.13416265527218438,0.2253590913133718,0.05042923771847482,0.09008948292388448,True,True,False,False,一般,2026-09-02,1号艇の年齢,-0.1321,1号艇のdominance,0.088,1号艇の級別順位,0.0838,1号艇の節間得点,0.0747,1号艇のracer_win_te,0.0643,4号艇のclass_rank_2to6,0.0835,4号艇のwin_rate_rank_2to6,0.0818,4号艇のsession_exh_rel_avg,0.0737,4号艇のcumulative_diff_rank_2to6,0.0597,4号艇の節間得点,0.0547,2号艇のwin_rate_rank_2to6,-0.173,2号艇のsession_exh_rel_avg,0.1566,2号艇の全国勝率,-0.09,3号艇のracer_2nd_te,0.0643,3号艇の年齢,0.0625,0.0482,南東 1.9m/s,[逃げ]1号艇の年齢が不利(-13.2pt)、1号艇のdominanceが有利(+8.8pt) / [2着]4号艇のclass_rank_2to6が有利(+8.4pt)、4号艇のwin_rate_rank_2to6が有利(+8.2pt) / [候補2]2号艇のwin_rate_rank_2to6が不利(-17.3pt)、2号艇のsession_exh_rel_avgが有利(+15.7pt) / [除外]6号艇のsession_exh_rel_avgが不利(-7.8pt)、天気+4.8pt
86,20,若松,7,18:02,0.600433623910656,3,0.3216328936357794,5,0.28923030902123514,0.3667828064850207,0.1942996558619165,0.41656354679509805,0.2812638787936918,0.3817170285780439,1-3,1-5,0.11104203921259545,0.1931192038946016,0.11666404649376386,0.17366360259041913,0.005944741505230274,True,False,False,False,予選,2026-09-02,1号艇の年齢,-0.1608,1号艇のdominance,0.1165,1号艇の節間得点,0.0642,1号艇vs4号艇の枠別平均ST差,-0.0628,6号艇の年齢,-0.0566,3号艇のsession_exh_rel_avg,-0.1507,3号艇のwin_rate_rank_2to6,0.1097,3号艇の年齢,-0.0846,3号艇の当地勝率,-0.0581,3号艇の節間得点,0.0511,5号艇のwin_rate_rank_2to6,0.2265,5号艇のclass_rank_2to6,0.1058,5号艇のracer_avgfin_te,0.0594,mean_234_全国勝率,0.0593,5号艇の節間得点,0.0571,0.0075,東 3.8m/s,[逃げ]1号艇の年齢が不利(-16.1pt)、1号艇のdominanceが有利(+11.6pt) / [2着]3号艇のsession_exh_rel_avgが不利(-15.1pt)、3号艇のwin_rate_rank_2to6が有利(+11.0pt) / [候補2]5号艇のwin_rate_rank_2to6が有利(+22.7pt)、5号艇のclass_rank_2to6が有利(+10.6pt) / [除外]4号艇の女子戦2連率が不利(-11.9pt)、6号艇のwin_rate_rank_2to6が不利(-7.9pt)、天気+0.8pt
87,18,徳山,5,10:29,0.5008431165210118,3,0.4711054013664955,6,0.19333083247834532,0.33277831408833386,0.1331168757671302,0.5313193580777107,0.27962022269494374,0.39234062728514685,1-3,1-6,0.06667067092074984,0.23594989743027772,0.05462777264832945,0.04676635699781266,0.09682841665805611,False,False,True,False,予選,2026-09-02,1号艇のdominance,-0.2164,場特性:in_escape_diff,0.1922,1号艇のsession_exh_rel_avg,0.1283,1号艇の級別順位,-0.0901,4号艇のsession_exh_rel_avg,-0.0647,3号艇の当地勝率,0.1254,3号艇のsession_exh_rel_avg,0.1079,3号艇のwin_rate_rank_2to6,0.0519,3号艇のclass_rank_2to6,0.044,場特性:1x_diff_course3,0.0404,6号艇のwin_rate_rank_2to6,0.3778,3号艇の一般戦勝率,-0.1704,6号艇のclass_rank_2to6,0.1545,6号艇のsession_exh_rel_avg,0.1479,6号艇のsession_exh_rel_last,0.1325,0.0668,南 1.5m/s,[逃げ]1号艇のdominanceが不利(-21.6pt)、場特性:in_escape_diffが有利(+19.2pt) / [2着]3号艇の当地勝率が有利(+12.5pt)、3号艇のsession_exh_rel_avgが有利(+10.8pt) / [候補2]6号艇のwin_rate_rank_2to6が有利(+37.8pt)、3号艇の一般戦勝率が不利(-17.0pt) / [除外]2号艇のwin_rate_rank_2to6が不利(-5.6pt)、4号艇のwin_rate_rank_2to6が不利(-5.2pt)、天気+6.7pt
88,17,宮島,12,16:40,0.6737243328909139,2,0.27850830032453294,3,0.27071850509621664,0.37002746308790235,0.20754792275257594,0.3416788826681737,0.27786934549754283,0.3615228889619837,1-2,1-3,0.18763781884072828,0.18238964424717405,0.13983008579937417,0.09709471707448844,0.06677206441933031,True,False,False,False,ペイペイＤＲ,2026-09-02,race_no,0.1502,1号艇のracer_win_te,0.0912,風速区分,0.0868,1号艇の級別順位,0.0734,1号艇のvs_max234_diff,0.065,2号艇のwin_rate_rank_2to6,-0.138,2号艇の全国勝率,0.0797,2号艇のsession_exh_rel_avg,0.059,レース時間帯,-0.0485,2号艇のclass_rank_2to6,-0.047,3号艇のwin_rate_rank_2to6,-0.1038,6号艇の直近1着率,0.0569,3号艇のcumulative_diff_rank_2to6,0.05,avg_entry_count,-0.0348,4号艇の枠別出走数,-0.0346,0.1059,北 0.9m/s,[逃げ]race_noが有利(+15.0pt)、1号艇のracer_win_teが有利(+9.1pt) / [2着]2号艇のwin_rate_rank_2to6が不利(-13.8pt)、2号艇の全国勝率が有利(+8.0pt) / [候補2]3号艇のwin_rate_rank_2to6が不利(-10.4pt)、6号艇の直近1着率が有利(+5.7pt)、天気+10.6pt
89,19,下関,3,16:20,0.4985203284498899,3,0.4732607805588408,5,0.18530573052543647,0.328308793411832,0.13463459720436405,0.5239319138799132,0.27526672682024866,0.38699572955225636,1-3,1-5,0.056430860160183845,0.2359301197666446,0.04666258754457004,0.09237867364518738,0.06711808361903819,True,False,False,False,一般,2026-09-02,1号艇のracer_win_te,-0.1973,1号艇のdominance,-0.1605,1号艇のsession_exh_rel_avg,0.1508,1号艇の級別順位,-0.0834,場特性:in_escape_diff,0.0735,3号艇のsession_exh_rel_avg,0.1559,場特性:1x_diff_course3,0.0635,6号艇の直近1着率,0.0579,3号艇の節間得点,0.042,6号艇のracer_2nd_te,-0.0382,5号艇のclass_rank_2to6,0.1401,5号艇のwin_rate_rank_2to6,0.1225,1号艇のsession_rank_diff_last,-0.0664,5号艇の節間得点,0.0662,6号艇のsession_exh_rel_avg,-0.0573,-0.0555,東 4.2m/s,[逃げ]1号艇のracer_win_teが不利(-19.7pt)、1号艇のdominanceが不利(-16.1pt) / [2着]3号艇のsession_exh_rel_avgが有利(+15.6pt)、場特性:1x_diff_course3が有利(+6.4pt) / [候補2]5号艇のclass_rank_2to6が有利(+14.0pt)、5号艇のwin_rate_rank_2to6が有利(+12.2pt) / [除外]6号艇のsession_exh_rel_avgが不利(-7.9pt)、2号艇の女子戦比率が不利(-5.3pt)、天気-5.5pt
90,20,若松,8,18:41,0.4203990666108041,3,0.46834443356109845,2,0.31629025551979073,0.3298596909200643,0.14360656841291475,0.6410281206679744,0.27301566899513413,0.4232102198444373,1-3,1-2,0.13296812819861276,0.19689156272145156,0.06037206731996995,0.015421751557970683,0.014745564643342046,True,False,False,False,エイトビート,2026-09-02,3号艇のracer_win_te,-0.1153,1号艇の年齢,-0.0871,4号艇のモーター2連率,-0.0847,1号艇のsession_exh_rel_avg,-0.0825,1号艇のdominance,-0.0783,3号艇の当地勝率,0.0981,3号艇のsession_exh_rel_avg,0.0879,3号艇のracer_win_te,0.0498,3号艇のclass_rank_2to6,0.043,3号艇の節間得点,0.0408,1号艇vs2号艇の枠別勝率差,-0.1913,2号艇のwin_rate_rank_2to6,0.1703,2号艇のclass_rank_2to6,0.0757,2号艇のsession_exh_rel_avg,-0.0743,2号艇の全国勝率,0.0475,0.0121,東 3.9m/s,[逃げ]3号艇のracer_win_teが不利(-11.5pt)、1号艇の年齢が不利(-8.7pt) / [2着]3号艇の当地勝率が有利(+9.8pt)、3号艇のsession_exh_rel_avgが有利(+8.8pt) / [候補2]1号艇vs2号艇の枠別勝率差が不利(-19.1pt)、2号艇のwin_rate_rank_2to6が有利(+17.0pt) / [除外]6号艇のwin_rate_rank_2to6が不利(-7.3pt)、天気+1.2pt
91,06,浜名湖,5,13:16,0.6113865531067888,2,0.33641932571803024,4,0.3136939629709373,0.39747052270046657,0.2640189250968944,0.38609436359207316,0.27154283450717304,0.3940576749679485,1-2,1-4,0.20568225194925657,0.1614176205699497,0.19178827075121002,0.024715188288383275,0.027783221547989283,True,True,False,False,予選,2026-09-02,1号艇の女子戦比率,-0.1935,1号艇のdominance,0.143,1号艇の平均ST,-0.0801,1号艇の勝率順位,0.0691,1号艇の節間得点,0.0677,2号艇のwin_rate_rank_2to6,-0.1238,2号艇の節間得点,0.0871,2号艇の体重,-0.0554,2号艇のsession_avg_finish,0.0539,2号艇のモーター2連率,-0.0528,4号艇のwin_rate_rank_2to6,0.1967,4号艇のclass_rank_2to6,0.1709,4号艇の女子戦比率,-0.1075,4号艇の年齢,-0.07,1号艇の平均ST,0.0662,-0.074,南東 2.6m/s,[逃げ]1号艇の女子戦比率が不利(-19.3pt)、1号艇のdominanceが有利(+14.3pt) / [2着]2号艇のwin_rate_rank_2to6が不利(-12.4pt)、2号艇の節間得点が有利(+8.7pt) / [候補2]4号艇のwin_rate_rank_2to6が有利(+19.7pt)、4号艇のclass_rank_2to6が有利(+17.1pt) / [除外]6号艇のsession_exh_rel_avgが不利(-7.6pt)、天気-7.4pt
92,17,宮島,3,11:58,0.5090844179023588,3,0.4515275317980484,4,0.24780956062575493,0.35602161661410003,0.19958284395829878,0.4997542484655046,0.2707546485087322,0.3991414061695214,1-3,1-4,0.10160451593980785,0.22986563069229826,0.12615598592180174,0.023516609615788057,0.02794168616334272,True,True,False,False,予選,2026-09-02,1号艇のdominance,-0.0918,1号艇の年齢,-0.0861,1号艇の勝率順位,-0.0825,風速区分,0.0603,1号艇のsession_exh_count,-0.0588,3号艇のwin_rate_rank_2to6,0.0889,場特性:1x_diff_course3,0.0439,3号艇のclass_rank_2to6,0.0433,2号艇のvs_boat3_diff,0.0357,3号艇のcumulative_diff_rank_2to6,0.0325,4号艇のwin_rate_rank_2to6,0.2238,4号艇のclass_rank_2to6,0.2167,4号艇の全国勝率,0.0899,4号艇の年齢,-0.0661,4号艇のcumulative_diff_rank_2to6,0.0473,0.0405,東 1.4m/s,[逃げ]1号艇のdominanceが不利(-9.2pt)、1号艇の年齢が不利(-8.6pt) / [2着]3号艇のwin_rate_rank_2to6が有利(+8.9pt)、場特性:1x_diff_course3が有利(+4.4pt) / [候補2]4号艇のwin_rate_rank_2to6が有利(+22.4pt)、4号艇のclass_rank_2to6が有利(+21.7pt) / [除外]2号艇のwin_rate_rank_2to6が不利(-6.0pt)、天気+4.0pt
93,13,尼崎,10,15:11,0.7101851363258785,5,0.27108710996130336,2,0.2661944395709997,0.38156937049997797,0.24468451548134565,0.2925970340509575,0.26953243064800697,0.3548776695652718,1-5,1-2,0.18904733435592125,0.173771305983951,0.14061933787763786,0.19252203614405666,0.014225128578426236,True,False,False,False,予選特賞,2026-09-02,1号艇のdominance,0.1719,1号艇のracer_win_te,0.1041,1号艇の勝率順位,0.0898,風速区分,0.0875,場特性:in_escape_diff,0.0733,5号艇のwin_rate_rank_2to6,0.2293,5号艇のclass_rank_2to6,0.1449,5号艇のsession_exh_rel_avg,0.1095,1号艇の女子戦2連率,0.1043,1号艇のsession_rank_diff_last,-0.0873,2号艇のwin_rate_rank_2to6,-0.117,2号艇のsession_exh_rel_avg,0.0825,2号艇の全国勝率,-0.07,レース時間帯,-0.0516,2号艇のsession_avg_finish,0.0488,0.1586,南西 1.4m/s,[逃げ]1号艇のdominanceが有利(+17.2pt)、1号艇のracer_win_teが有利(+10.4pt) / [2着]5号艇のwin_rate_rank_2to6が有利(+22.9pt)、5号艇のclass_rank_2to6が有利(+14.5pt) / [候補2]2号艇のwin_rate_rank_2to6が不利(-11.7pt)、2号艇のsession_exh_rel_avgが有利(+8.2pt) / [除外]6号艇のwin_rate_rank_2to6が不利(-8.4pt)、天気+15.9pt
94,16,児島,9,15:31,0.7329211813866068,2,0.2580419248927049,5,0.22223649974577742,0.35200623038053486,0.1959755034944478,0.2843029211440345,0.2692247125021254,0.33169523760958475,1-2,1-5,0.18912439243963533,0.13479970907220287,0.10248063346850658,0.16288183794089953,0.14363459754398578,True,False,False,False,これしか９じ,2026-09-02,1号艇のdominance,0.1588,1号艇のvs_max234_diff,0.1513,1号艇のsession_exh_rel_avg,-0.1208,1号艇のlocal_win_rate順位,0.0762,4号艇のrecent_race_count,0.0745,2号艇の全国勝率,-0.2002,2号艇のwin_rate_rank_2to6,-0.1906,6号艇のsession_rank_diff_delta,0.1285,2号艇の直近平均着順,-0.0719,2号艇の全国2連率,0.0661,5号艇のwin_rate_rank_2to6,0.0938,mean_234_全国勝率,0.0792,5号艇のsession_exh_rel_avg,0.0758,場特性:1x_diff_course6,-0.0694,1号艇の体重,0.0633,0.0746,南東 1.9m/s,[逃げ]1号艇のdominanceが有利(+15.9pt)、1号艇のvs_max234_diffが有利(+15.1pt) / [2着]2号艇の全国勝率が不利(-20.0pt)、2号艇のwin_rate_rank_2to6が不利(-19.1pt) / [候補2]5号艇のwin_rate_rank_2to6が有利(+9.4pt)、mean_234_全国勝率が有利(+7.9pt)、天気+7.5pt
95,16,児島,7,14:28,0.6113725122689657,2,0.2917129427232533,3,0.27162048196784383,0.3444065710984763,0.18242432227689642,0.38090910241420073,0.26901280871405714,0.35535733049319357,1-2,1-3,0.17834527465408828,0.166061296444388,0.11152921620938962,0.05119081245469606,0.10424589656362315,True,True,False,False,一般,2026-09-02,1号艇のdominance,-0.1394,1号艇のracer_win_te,0.1031,風速区分,0.0751,1号艇の勝率順位,-0.0697,2号艇の体重,0.0668,2号艇のwin_rate_rank_2to6,-0.1361,2号艇の全国勝率,-0.0875,2号艇のsession_exh_rel_avg,0.0792,2号艇の節間得点,0.0624,2号艇のsession_avg_finish,0.0619,3号艇のsession_exh_rel_avg,0.1149,3号艇のwin_rate_rank_2to6,-0.0971,3号艇のcumulative_diff_rank_2to6,-0.0588,3号艇の節間得点,-0.0492,3号艇の全国勝率,0.0325,0.0533,南東 1.9m/s,[逃げ]1号艇のdominanceが不利(-13.9pt)、1号艇のracer_win_teが有利(+10.3pt) / [2着]2号艇のwin_rate_rank_2to6が不利(-13.6pt)、2号艇の全国勝率が不利(-8.7pt) / [候補2]3号艇のsession_exh_rel_avgが有利(+11.5pt)、3号艇のwin_rate_rank_2to6が不利(-9.7pt)、天気+5.3pt
96,24,大村,3,18:34,0.4556626764782142,4,0.3865201251480702,3,0.3633500676494744,0.3416878590613637,0.18072505595593133,0.5691451368416133,0.2675859901233709,0.40992504239543853,1-4,1-3,0.08234966270355469,0.1655650643236997,0.17612279473766398,0.025346972788109826,0.006278173862176178,True,False,False,False,予選,2026-09-02,1号艇のdominance,-0.2631,場特性:in_escape_diff,0.1543,1号艇のsession_exh_rel_avg,0.1317,1号艇のvs_max234_diff,-0.1301,4号艇のracer_win_te,-0.0878,4号艇のwin_rate_rank_2to6,0.239,4号艇のclass_rank_2to6,0.234,4号艇の全国勝率,0.1315,4号艇のracer_win_te,0.1166,4号艇のsession_exh_rel_avg,-0.1013,3号艇のsession_exh_rel_avg,0.0938,3号艇の年齢,0.0562,4号艇の全国2連率,-0.0556,場特性:1x_diff_course3,0.0431,3号艇のclass_rank_2to6,0.0403,0.049,西 1.8m/s,[逃げ]1号艇のdominanceが不利(-26.3pt)、場特性:in_escape_diffが有利(+15.4pt) / [2着]4号艇のwin_rate_rank_2to6が有利(+23.9pt)、4号艇のclass_rank_2to6が有利(+23.4pt) / [候補2]3号艇のsession_exh_rel_avgが有利(+9.4pt)、3号艇の年齢が有利(+5.6pt) / [除外]6号艇のwin_rate_rank_2to6が不利(-9.0pt)、4号艇のracer_avgfin_teが不利(-7.8pt)、天気+4.9pt
97,19,下関,6,17:48,0.5516549296794746,3,0.32541816530574796,5,0.27240473126432574,0.3297919479681438,0.15722479905351788,0.4405980975165558,0.2675701806696323,0.36303379283266735,1-3,1-5,0.06530804970627706,0.17951853509816604,0.06982110064946528,0.15027341286997778,0.08673383546573793,True,False,False,False,一般,2026-09-02,1号艇のdominance,-0.2016,1号艇の級別順位,-0.0928,1号艇のsession_exh_rel_avg,0.0822,場特性:in_escape_diff,0.0702,6号艇の当地2連率,-0.0554,3号艇のwin_rate_rank_2to6,-0.0812,3号艇のsession_exh_rel_avg,0.059,6号艇のracer_2nd_te,-0.058,3号艇の全国勝率,0.0544,3号艇のcumulative_diff_rank_2to6,-0.0508,5号艇のwin_rate_rank_2to6,0.1769,5号艇のsession_exh_rel_avg,0.0997,1号艇の女子戦2連率,0.0819,3号艇のsession_rank_diff_last,0.0583,5号艇のracer_avgfin_te,0.0575,0.04,東 4.0m/s,[逃げ]1号艇のdominanceが不利(-20.2pt)、1号艇の級別順位が不利(-9.3pt) / [2着]3号艇のwin_rate_rank_2to6が不利(-8.1pt)、3号艇のsession_exh_rel_avgが有利(+5.9pt) / [候補2]5号艇のwin_rate_rank_2to6が有利(+17.7pt)、5号艇のsession_exh_rel_avgが有利(+10.0pt) / [除外]2号艇のwin_rate_rank_2to6が不利(-5.1pt)、天気+4.0pt
98,08,常滑,2,11:04,0.3698293191496389,2,0.44436872293340973,3,0.39239715264605546,0.30946055405320505,0.12374689617925769,0.7130189794002074,0.263506814388408,0.4305280816573057,1-2,1-3,0.16434058225385745,0.14511997179934763,0.045765230360855925,0.01306177976659634,0.0015417596187918927,True,True,False,False,一般,2026-09-02,1号艇のdominance,-0.3468,1号艇のracer_win_te,-0.2019,1号艇のvs_max234_diff,-0.1464,1号艇の級別順位,-0.0958,1号艇の全国勝率,-0.0859,2号艇のsession_exh_rel_avg,-0.0926,2号艇のwin_rate_rank_2to6,0.0726,2号艇の全国勝率,0.044,2号艇のモーター2連率,-0.032,2号艇の節間得点,-0.0318,3号艇のwin_rate_rank_2to6,0.197,3号艇のsession_exh_rel_avg,0.0963,3号艇のclass_rank_2to6,0.052,1号艇のvs_max234_diff,-0.0514,場特性:1x_diff_course3,-0.0505,0.0703,南東 1.9m/s,[逃げ]1号艇のdominanceが不利(-34.7pt)、1号艇のracer_win_teが不利(-20.2pt) / [2着]2号艇のsession_exh_rel_avgが不利(-9.3pt)、2号艇のwin_rate_rank_2to6が有利(+7.3pt) / [候補2]3号艇のwin_rate_rank_2to6が有利(+19.7pt)、3号艇のsession_exh_rel_avgが有利(+9.6pt) / [除外]6号艇の直近平均着順が不利(-22.8pt)、6号艇の全国勝率が不利(-12.5pt)、天気+7.0pt
99,05,多摩川,6,14:02,0.45420683562724207,4,0.36491444146185814,3,0.3365610593349719,0.3186149674869631,0.15653581168738462,0.5449396891094455,0.2587653844253774,0.3865123839737078,1-4,1-3,0.07109963568886882,0.15286833375589004,0.16574663373107304,0.02627705618386264,0.03821517711357371,True,True,False,False,一般,2026-09-02,1号艇の年齢,-0.109,1号艇のsession_exh_rel_avg,-0.1023,1号艇vs2号艇のcumulative差,0.0844,1号艇の全国勝率,-0.0679,1号艇の勝率順位,-0.0648,4号艇のwin_rate_rank_2to6,0.1629,4号艇のclass_rank_2to6,0.1212,4号艇のsession_exh_rel_avg,-0.0806,4号艇のcumulative_diff_rank_2to6,0.0677,4号艇のモーター2連率,0.066,3号艇のsession_exh_rel_avg,-0.1156,3号艇のwin_rate_rank_2to6,0.0568,2号艇のvs_boat3_diff,0.0472,3号艇の当地勝率,-0.0404,3号艇の節間得点,-0.0337,-0.0231,南 2.4m/s,[逃げ]1号艇の年齢が不利(-10.9pt)、1号艇のsession_exh_rel_avgが不利(-10.2pt) / [2着]4号艇のwin_rate_rank_2to6が有利(+16.3pt)、4号艇のclass_rank_2to6が有利(+12.1pt) / [候補2]3号艇のsession_exh_rel_avgが不利(-11.6pt)、3号艇のwin_rate_rank_2to6が有利(+5.7pt) / [除外]2号艇のwin_rate_rank_2to6が不利(-6.4pt)、1号艇の体重が不利(-5.4pt)、天気-2.3pt
100,12,住之江,1,15:17,0.505543973529181,4,0.4055754269183768,3,0.2866201582355279,0.34993530657806154,0.21749462349806856,0.4747009616558361,0.2586044492746095,0.3873650031013939,1-4,1-3,0.10995309618444676,0.1448990936879514,0.20503621289011015,0.03366610232488281,0.011989477858280204,True,False,False,False,予選,2026-09-02,1号艇のracer_win_te,-0.2153,1号艇の年齢,-0.1264,風速区分,0.0765,1号艇の全国2連率,-0.0694,1号艇のモーター2連率順位,0.0659,4号艇のwin_rate_rank_2to6,0.2188,4号艇のclass_rank_2to6,0.1958,4号艇のsession_exh_rel_avg,0.0762,win_rate_gap_top2_2to6,0.0526,3号艇の年齢,0.0519,3号艇のwin_rate_rank_2to6,0.0684,3号艇の全国勝率,-0.0676,3号艇の当地勝率,-0.0661,3号艇のsession_avg_finish,-0.0505,3号艇のモーター2連率,-0.0466,-0.0037,北東 0.9m/s,[逃げ]1号艇のracer_win_teが不利(-21.5pt)、1号艇の年齢が不利(-12.6pt) / [2着]4号艇のwin_rate_rank_2to6が有利(+21.9pt)、4号艇のclass_rank_2to6が有利(+19.6pt) / [候補2]3号艇のwin_rate_rank_2to6が有利(+6.8pt)、3号艇の全国勝率が不利(-6.8pt) / [除外]6号艇のwin_rate_rank_2to6が不利(-7.5pt)、6号艇のracer_win_teが不利(-6.5pt)、天気-0.4pt
101,18,徳山,2,09:10,0.6533252055466016,4,0.3008067632343358,2,0.25346930178934657,0.3621225241111588,0.24951564914029306,0.30476041588338937,0.25369624010485814,0.344913891642828,1-4,1-2,0.16559788369127842,0.16301486276167568,0.19652464041988035,0.08073764992587168,0.04745017604937359,False,False,True,False,狙いトク特選,2026-09-02,場特性:in_escape_diff,0.2867,4号艇のsession_exh_rel_avg,-0.2004,1号艇のsession_exh_rel_avg,-0.139,1号艇のracer_win_te,0.1144,4号艇のsession_exh_rel_last,-0.0971,4号艇のsession_exh_rel_avg,0.1582,4号艇のwin_rate_rank_2to6,0.0816,4号艇のcumulative_diff_rank_2to6,0.07,4号艇のsession_exh_rel_last,0.0621,4号艇の節間得点,0.0618,2号艇のwin_rate_rank_2to6,-0.145,2号艇の枠別出走数,-0.1359,場特性:in_escape_diff,0.0639,2号艇の節間得点,-0.0627,2号艇のclass_rank_2to6,-0.057,0.0474,南東 2.0m/s,[逃げ]場特性:in_escape_diffが有利(+28.7pt)、4号艇のsession_exh_rel_avgが不利(-20.0pt) / [2着]4号艇のsession_exh_rel_avgが有利(+15.8pt)、4号艇のwin_rate_rank_2to6が有利(+8.2pt) / [候補2]2号艇のwin_rate_rank_2to6が不利(-14.5pt)、2号艇の枠別出走数が不利(-13.6pt)、天気+4.7pt
102,21,芦屋,8,11:48,0.44600328797512384,3,0.40328532389821314,2,0.2863662106150682,0.30758685195001306,0.15052148027240642,0.5391300542408749,0.2520287380285985,0.3770498126372716,1-3,1-2,0.1277202714992972,0.17986658045071585,0.043666160686868134,0.027617190256916332,0.067133075112376,True,True,False,False,一般,2026-09-02,1号艇のdominance,-0.0911,1号艇の級別順位,-0.0866,1号艇のsession_exh_rel_avg,-0.068,1号艇の勝率順位,-0.0656,6号艇のモーター出走数,-0.0607,3号艇のsession_exh_rel_avg,-0.2129,3号艇のモーター2連率,0.106,6号艇のモーター出走数,0.0817,4号艇のモーター出走数,-0.069,3号艇のwin_rate_rank_2to6,0.067,2号艇のsession_exh_rel_avg,0.0777,2号艇の全国勝率,-0.072,3号艇のモーター出走数,0.0637,2号艇のclass_rank_2to6,-0.0597,2号艇のwin_rate_rank_2to6,-0.051,0.0429,東 3.5m/s,[逃げ]1号艇のdominanceが不利(-9.1pt)、1号艇の級別順位が不利(-8.7pt) / [2着]3号艇のsession_exh_rel_avgが不利(-21.3pt)、3号艇のモーター2連率が有利(+10.6pt) / [候補2]2号艇のsession_exh_rel_avgが有利(+7.8pt)、2号艇の全国勝率が不利(-7.2pt) / [除外]6号艇のsession_exh_rel_avgが不利(-5.4pt)、天気+4.3pt
103,08,常滑,4,12:03,0.5483145416888837,2,0.38392155866568595,5,0.2501713581291346,0.3476823670605195,0.23288823048446583,0.4012046863103548,0.25051700957806966,0.3637390628354701,1-2,1-5,0.21050977348425748,0.06947698122530323,0.127696003362825,0.13717259357626202,0.003459196678786221,True,True,False,False,一般,2026-09-02,1号艇のsession_exh_rel_avg,0.1167,5号艇の節間得点,-0.0836,3号艇の枠別出走数,-0.0829,3号艇のsession_rank_diff_last,-0.0801,1号艇のdominance,-0.0797,2号艇のsession_exh_rel_avg,0.0786,2号艇のclass_rank_2to6,-0.0764,2号艇の全国勝率,0.0548,6号艇のsession_avg_finish,0.0315,2号艇のwin_rate_rank_2to6,-0.0295,5号艇のclass_rank_2to6,0.1504,6号艇のracer_win_te,-0.1386,5号艇のwin_rate_rank_2to6,0.1287,3号艇の枠別平均ST,0.0635,3号艇の年齢,0.0563,0.0307,南東 1.9m/s,[逃げ]1号艇のsession_exh_rel_avgが有利(+11.7pt)、5号艇の節間得点が不利(-8.4pt) / [2着]2号艇のsession_exh_rel_avgが有利(+7.9pt)、2号艇のclass_rank_2to6が不利(-7.6pt) / [候補2]5号艇のclass_rank_2to6が有利(+15.0pt)、6号艇のracer_win_teが不利(-13.9pt) / [除外]6号艇のvs_avg456_diffが不利(-10.1pt)、6号艇のracer_win_teが不利(-7.5pt)、天気+3.1pt
104,17,宮島,6,13:36,0.45199478225451994,3,0.37538646433079526,2,0.2853395834766035,0.2986447261085947,0.13503119116017026,0.5256948566472285,0.2502531023884191,0.36675976527018483,1-3,1-2,0.1289720029021028,0.16967272320649193,0.04788119631885135,0.04443547271631134,0.061033393846009615,True,True,False,False,予選,2026-09-02,1号艇の年齢,-0.1621,1号艇のdominance,-0.1532,1号艇のracer_win_te,0.0641,1号艇の級別順位,-0.0621,1号艇の全国勝率,-0.0584,6号艇のracer_2nd_te,-0.0826,3号艇の年齢,-0.0815,3号艇のwin_rate_rank_2to6,0.0643,場特性:1x_diff_course3,0.04,3号艇の全国勝率,0.0346,2号艇の直近平均着順,-0.0602,2号艇のwin_rate_rank_2to6,-0.0419,2号艇のsession_exh_rel_avg,0.0419,2号艇の全国勝率,-0.0414,1号艇の体重,-0.037,0.0173,東 1.3m/s,[逃げ]1号艇の年齢が不利(-16.2pt)、1号艇のdominanceが不利(-15.3pt) / [2着]6号艇のracer_2nd_teが不利(-8.3pt)、3号艇の年齢が不利(-8.1pt) / [候補2]2号艇の直近平均着順が不利(-6.0pt)、2号艇のwin_rate_rank_2to6が不利(-4.2pt) / [除外]5号艇のracer_avgfin_teが不利(-5.4pt)、天気+1.7pt
105,12,住之江,7,17:55,0.4012624962990118,3,0.4890788383988882,2,0.2688735859220788,0.30413788185891905,0.1547822516806987,0.6031701726402683,0.24764770644829287,0.3938475690933238,1-3,1-2,0.10788888627596016,0.19624899558295886,0.02935102441093276,0.06210831269217907,0.005665275094751971,True,False,False,False,予選,2026-09-02,1号艇のdominance,-0.1565,1号艇のsession_exh_rel_avg,-0.1009,1号艇の級別順位,-0.085,1号艇の勝率順位,-0.0639,風速区分,0.0604,3号艇の当地勝率,0.1364,3号艇のwin_rate_rank_2to6,0.0708,6号艇のsession_rank_diff_last,0.0537,場特性:1x_diff_course3,0.053,3号艇の節間得点,0.0407,2号艇のsession_exh_rel_avg,-0.1533,2号艇の全国勝率,0.0503,2号艇のwin_rate_rank_2to6,-0.0437,2号艇の直近平均着順,0.0394,2号艇のモーター2連率,-0.0269,0.0245,西 1.0m/s,[逃げ]1号艇のdominanceが不利(-15.6pt)、1号艇のsession_exh_rel_avgが不利(-10.1pt) / [2着]3号艇の当地勝率が有利(+13.6pt)、3号艇のwin_rate_rank_2to6が有利(+7.1pt) / [候補2]2号艇のsession_exh_rel_avgが不利(-15.3pt)、2号艇の全国勝率が有利(+5.0pt) / [除外]6号艇のwin_rate_rank_2to6が不利(-7.1pt)、天気+2.5pt
106,22,福岡,7,14:43,0.4241657568641195,4,0.4059548377157053,2,0.34731125850116634,0.31950968382191,0.18845674293012804,0.5648093532867435,0.24725317860465534,0.39309958466135997,1-4,1-2,0.14731754282957707,0.07993689700110457,0.17219214099233293,0.01867587520514969,0.006043310316798698,True,True,False,False,予選,2026-09-02,1号艇のdominance,-0.1784,1号艇のvs_max234_diff,-0.1068,1号艇のracer_win_te,-0.0695,1号艇の全国勝率,-0.0657,ST差分(4-3),-0.0645,4号艇のwin_rate_rank_2to6,0.1774,4号艇のclass_rank_2to6,0.132,4号艇の一般戦2連率,0.1134,4号艇の全国勝率,0.1031,4号艇のracer_2nd_te,0.0667,2号艇のclass_rank_2to6,0.079,ST差分(3-2),-0.063,3号艇の全国勝率,-0.0567,2号艇の全国勝率,0.0547,2号艇のwin_rate_rank_2to6,0.045,0.0557,南 0.3m/s,[逃げ]1号艇のdominanceが不利(-17.8pt)、1号艇のvs_max234_diffが不利(-10.7pt) / [2着]4号艇のwin_rate_rank_2to6が有利(+17.7pt)、4号艇のclass_rank_2to6が有利(+13.2pt) / [候補2]2号艇のclass_rank_2to6が有利(+7.9pt)、ST差分(3-2)が不利(-6.3pt) / [除外]4号艇の一般戦2連率が不利(-5.6pt)、5号艇のwin_rate_rank_2to6が不利(-5.1pt)、天気+5.6pt
107,05,多摩川,5,13:28,0.4710290708455036,3,0.34315025171850666,2,0.3072599988533379,0.3063621359952471,0.1734161353294948,0.47699411524234975,0.24260837083254527,0.3575517297693779,1-3,1-2,0.14472839176787825,0.16163374422736887,0.08168404109387005,0.054622615465344276,0.028360281800482234,True,True,False,False,一般,2026-09-02,1号艇のdominance,-0.2125,1号艇のsession_exh_rel_avg,0.1722,1号艇の年齢,-0.1336,5号艇の節間得点,-0.0879,1号艇の節間得点,0.0855,3号艇のsession_exh_rel_avg,0.1186,6号艇のracer_2nd_te,-0.0555,3号艇の節間得点,0.0553,5号艇の節間得点,-0.052,場特性:1x_diff_course3,-0.0379,2号艇のsession_exh_rel_avg,-0.1019,2号艇の全国勝率,0.0559,2号艇の節間得点,-0.0513,2号艇のcumulative_diff_rank_2to6,-0.0388,1号艇vs2号艇のcumulative差,-0.035,-0.0421,南 2.4m/s,[逃げ]1号艇のdominanceが不利(-21.3pt)、1号艇のsession_exh_rel_avgが有利(+17.2pt) / [2着]3号艇のsession_exh_rel_avgが有利(+11.9pt)、6号艇のracer_2nd_teが不利(-5.6pt) / [候補2]2号艇のsession_exh_rel_avgが不利(-10.2pt)、2号艇の全国勝率が有利(+5.6pt) / [除外]6号艇のsession_exh_rel_avgが不利(-6.8pt)、天気-4.2pt
108,20,若松,1,15:21,0.36829480356944244,3,0.40107165662282657,4,0.37324747142913595,0.2851777111659595,0.1295265414626837,0.6447925865892788,0.24085201201047446,0.3930621737929553,1-3,1-4,0.04770395214502833,0.1477126069931748,0.1374651041727847,0.0168851023086913,0.018528039321768375,True,False,False,False,予選,2026-09-02,1号艇のracer_win_te,-0.1892,1号艇の級別順位,-0.1045,1号艇のdominance,-0.0874,1号艇の年齢,-0.073,2号艇の全国2連率,-0.0651,3号艇のsession_exh_rel_avg,0.1277,2号艇の直近複勝率,0.0969,3号艇のwin_rate_rank_2to6,-0.0853,1号艇のsession_exh_rel_delta,0.0767,3号艇の年齢,-0.0706,ST差分(2-1),0.1722,4号艇のwin_rate_rank_2to6,0.1497,4号艇のsession_exh_rel_avg,0.0931,2号艇の全国勝率,0.0632,4号艇の年齢,-0.0611,0.0118,東 3.7m/s,[逃げ]1号艇のracer_win_teが不利(-18.9pt)、1号艇の級別順位が不利(-10.5pt) / [2着]3号艇のsession_exh_rel_avgが有利(+12.8pt)、2号艇の直近複勝率が有利(+9.7pt) / [候補2]ST差分(2-1)が有利(+17.2pt)、4号艇のwin_rate_rank_2to6が有利(+15.0pt) / [除外]2号艇のwin_rate_rank_2to6が不利(-7.7pt)、2号艇の全国2連率が不利(-5.2pt)、天気+1.2pt
109,21,芦屋,2,08:58,0.5018354243704419,4,0.4261339085284092,2,0.23594988157947702,0.33225709977758167,0.23078337283195596,0.43130041727593027,0.24024180281674082,0.3619700950270862,1-4,1-2,0.11840800895259238,0.11581527184276653,0.21384909082498932,0.03649402881059168,0.01726903702588048,False,False,True,False,サンライズＷ,2026-09-02,1号艇のsession_exh_rel_avg,-0.1024,1号艇vs4号艇の枠別平均ST差,-0.0863,1号艇のモーター2連率順位,0.0728,2号艇のモーター出走数,-0.0698,ST差分(4-3),-0.0654,4号艇のwin_rate_rank_2to6,0.2284,4号艇のclass_rank_2to6,0.2217,1号艇のモーター出走数,0.0807,4号艇のsession_exh_rel_avg,-0.0721,4号艇の節間得点,-0.0703,2号艇のsession_exh_rel_avg,0.0851,2号艇のclass_rank_2to6,-0.0657,3号艇の全国勝率,-0.0495,2号艇の節間得点,-0.0493,2号艇のwin_rate_rank_2to6,0.0461,0.0501,東 2.0m/s,[逃げ]1号艇のsession_exh_rel_avgが不利(-10.2pt)、1号艇vs4号艇の枠別平均ST差が不利(-8.6pt) / [2着]4号艇のwin_rate_rank_2to6が有利(+22.8pt)、4号艇のclass_rank_2to6が有利(+22.2pt) / [候補2]2号艇のsession_exh_rel_avgが有利(+8.5pt)、2号艇のclass_rank_2to6が不利(-6.6pt) / [除外]6号艇のwin_rate_rank_2to6が不利(-6.9pt)、天気+5.0pt
110,13,尼崎,2,11:13,0.43780560811274594,2,0.49084239367633575,6,0.15936623442152356,0.28466498382453753,0.14013503624488444,0.5100735918529749,0.23679513843345631,0.35228756623306867,1-2,1-6,0.214893552650984,0.061351904761093326,0.037940251193121666,0.05384847322685234,0.06977143117355354,True,True,False,False,予選,2026-09-02,1号艇のdominance,-0.1557,3号艇の枠別出走数,-0.0857,1号艇の年齢,-0.0837,1号艇の級別順位,-0.0784,1号艇のracer_win_te,-0.0696,2号艇のclass_rank_2to6,0.0727,3号艇のracer_2nd_te,0.067,1号艇vs3号艇の枠別平均ST差,-0.0654,2号艇の全国勝率,0.0539,3号艇のracer_win_te,0.0514,6号艇のwin_rate_rank_2to6,0.299,6号艇のclass_rank_2to6,0.1787,6号艇のsession_exh_rel_avg,-0.1763,6号艇のvs_avg456_diff,0.1149,3号艇の一般戦勝率,0.0838,0.0039,北東 0.9m/s,[逃げ]1号艇のdominanceが不利(-15.6pt)、3号艇の枠別出走数が不利(-8.6pt) / [2着]2号艇のclass_rank_2to6が有利(+7.3pt)、3号艇のracer_2nd_teが有利(+6.7pt) / [候補2]6号艇のwin_rate_rank_2to6が有利(+29.9pt)、6号艇のclass_rank_2to6が有利(+17.9pt) / [除外]3号艇のwin_rate_rank_2to6が不利(-5.3pt)、天気+0.4pt
111,06,浜名湖,1,11:24,0.539744784644622,3,0.3232924947001482,2,0.2545767831811995,0.31190192894281127,0.204126067653928,0.3737432102274197,0.23550115184428616,0.3304543133281938,1-3,1-2,0.13740649101365715,0.17449543792915412,0.06909384045117441,0.11017598042622291,0.04857303080300143,True,True,False,False,予選,2026-09-02,1号艇の女子戦比率,-0.1387,5号艇の枠別出走数,-0.0874,1号艇のvs_max234_diff,0.0749,1号艇の年齢,-0.071,1号艇のdominance,-0.0628,3号艇のwin_rate_rank_2to6,-0.1018,3号艇のsession_exh_rel_avg,0.0975,3号艇の全国勝率,-0.0666,6号艇のracer_2nd_te,-0.0604,3号艇のracer_win_te,-0.056,2号艇のモーター2連率,0.0976,2号艇の節間得点,-0.062,2号艇のsession_exh_rel_avg,-0.0616,3号艇の年齢,-0.0601,2号艇の体重,-0.0437,-0.0293,南東 2.6m/s,[逃げ]1号艇の女子戦比率が不利(-13.9pt)、5号艇の枠別出走数が不利(-8.7pt) / [2着]3号艇のwin_rate_rank_2to6が不利(-10.2pt)、3号艇のsession_exh_rel_avgが有利(+9.8pt) / [候補2]2号艇のモーター2連率が有利(+9.8pt)、2号艇の節間得点が不利(-6.2pt) / [除外]4号艇の女子戦2連率が不利(-9.3pt)、win_rate_range_1to6が不利(-7.5pt)、天気-2.9pt
112,24,大村,2,18:08,0.5789045234376169,4,0.3332082138252253,2,0.19729458690237175,0.3071104710375306,0.19495567321289337,0.33554712751470367,0.2352629566793099,0.3156414679806825,1-4,1-2,0.11421472880753901,0.1091714759388287,0.19289574222999162,0.1128607210927698,0.04976185968166261,True,False,False,False,予選,2026-09-02,場特性:in_escape_diff,0.1582,1号艇のdominance,-0.139,1号艇の級別順位,-0.0869,1号艇のvs_max234_diff,0.0727,1号艇のモーター2連率順位,-0.0668,4号艇のsession_exh_rel_avg,-0.0974,4号艇のwin_rate_rank_2to6,-0.0769,4号艇のclass_rank_2to6,-0.0737,1号艇vs4号艇の枠別平均ST差,0.0693,3号艇の年齢,0.0508,2号艇のwin_rate_rank_2to6,-0.2298,2号艇の全国勝率,-0.1635,2号艇のsession_exh_rel_avg,-0.0817,2号艇のclass_rank_2to6,-0.0688,3号艇のracer_win_te,0.0684,0.0671,西 1.5m/s,[逃げ]場特性:in_escape_diffが有利(+15.8pt)、1号艇のdominanceが不利(-13.9pt) / [2着]4号艇のsession_exh_rel_avgが不利(-9.7pt)、4号艇のwin_rate_rank_2to6が不利(-7.7pt) / [候補2]2号艇のwin_rate_rank_2to6が不利(-23.0pt)、2号艇の全国勝率が不利(-16.4pt) / [除外]1号艇vs5号艇の級別差が不利(-9.5pt)、天気+6.7pt
113,13,尼崎,5,12:37,0.5275444605945853,2,0.2843525634933213,4,0.28090106308735346,0.2981964195336351,0.18848356877333186,0.37677005780734285,0.23075026911468008,0.32176851101574744,1-2,1-4,0.15000861972677174,0.09943346261946977,0.14818779980686345,0.08979741554468375,0.040117153070515235,True,True,False,False,予選,2026-09-02,1号艇のdominance,-0.234,1号艇の年齢,-0.1925,1号艇の節間得点,0.0858,1号艇の級別順位,-0.0715,風速区分,0.062,2号艇のclass_rank_2to6,0.0964,2号艇のsession_exh_rel_avg,-0.0689,win_rate_gap_top2_2to6,-0.0676,ST差分(4-3),0.0541,2号艇のwin_rate_rank_2to6,0.0441,5号艇の年齢,0.2907,1号艇の年齢,0.2202,4号艇のsession_exh_rel_avg,-0.1304,ST差分(5-4),0.1302,4号艇のwin_rate_rank_2to6,-0.106,0.0349,南西 1.3m/s,[逃げ]1号艇のdominanceが不利(-23.4pt)、1号艇の年齢が不利(-19.3pt) / [2着]2号艇のclass_rank_2to6が有利(+9.6pt)、2号艇のsession_exh_rel_avgが不利(-6.9pt) / [候補2]5号艇の年齢が有利(+29.1pt)、1号艇の年齢が有利(+22.0pt)、天気+3.5pt
114,21,芦屋,7,11:16,0.5622555035231431,4,0.32904424281220257,2,0.23435903000769098,0.316776590845936,0.23354883511357868,0.32985443770631484,0.22799722630595312,0.3206999449040496,1-4,1-2,0.1317696544221697,0.13131411788402872,0.18500693642376634,0.08958023784621724,0.02458454752141876,True,True,False,False,一般,2026-09-02,6号艇のモーター出走数,-0.1015,6号艇のsession_exh_rel_avg,-0.0933,1号艇の級別順位,0.0884,1号艇の節間得点,0.0805,1号艇のdominance,0.071,4号艇のwin_rate_rank_2to6,0.1956,1号艇vs4号艇のcumulative差,-0.1082,4号艇のsession_exh_rel_avg,0.0931,4号艇のcumulative_diff_rank_2to6,-0.0861,4号艇の節間得点,-0.0806,2号艇の全国勝率,-0.1806,2号艇のwin_rate_rank_2to6,-0.1656,2号艇のsession_exh_rel_avg,-0.0859,2号艇の直近平均着順,-0.0628,second_best_win_rate,0.0608,0.0017,東 3.6m/s,[逃げ]6号艇のモーター出走数が不利(-10.2pt)、6号艇のsession_exh_rel_avgが不利(-9.3pt) / [2着]4号艇のwin_rate_rank_2to6が有利(+19.6pt)、1号艇vs4号艇のcumulative差が不利(-10.8pt) / [候補2]2号艇の全国勝率が不利(-18.1pt)、2号艇のwin_rate_rank_2to6が不利(-16.6pt) / [除外]6号艇のwin_rate_rank_2to6が不利(-12.0pt)、6号艇のvs_avg456_diffが不利(-11.4pt)、天気影響ほぼなし
115,16,児島,4,12:54,0.4649868819746703,3,0.38295515396893776,4,0.3120650186121231,0.3231752629579647,0.25757343664348653,0.4374467359375743,0.2232856272160702,0.3574567048518476,1-3,1-4,0.1197682691843551,0.17806912298014616,0.14510613997781857,0.02002658672177468,0.002016760079206315,True,True,False,False,一般,2026-09-02,1号艇の年齢,-0.1334,6号艇の枠別出走数,-0.0967,1号艇の節間得点,0.0706,1号艇のsession_exh_rel_avg,-0.0668,1号艇の勝率順位,-0.0599,3号艇のwin_rate_rank_2to6,0.1774,3号艇のsession_exh_rel_avg,0.0776,3号艇のclass_rank_2to6,0.0457,3号艇の節間得点,0.04,3号艇の全国勝率,0.0397,4号艇のclass_rank_2to6,0.1518,4号艇のwin_rate_rank_2to6,0.0769,4号艇の全国勝率,0.0733,4号艇の節間得点,0.0699,4号艇のsession_exh_rel_avg,-0.0645,0.0447,南東 1.9m/s,[逃げ]1号艇の年齢が不利(-13.3pt)、6号艇の枠別出走数が不利(-9.7pt) / [2着]3号艇のwin_rate_rank_2to6が有利(+17.7pt)、3号艇のsession_exh_rel_avgが有利(+7.8pt) / [候補2]4号艇のclass_rank_2to6が有利(+15.2pt)、4号艇のwin_rate_rank_2to6が有利(+7.7pt) / [除外]6号艇の直近平均着順が不利(-9.3pt)、6号艇のwin_rate_rank_2to6が不利(-8.7pt)、天気+4.5pt
116,05,多摩川,3,12:27,0.5735019415182858,4,0.27117611305046174,2,0.24474311008385546,0.29588067613413666,0.20619246835277444,0.3097267547815428,0.2226706357941541,0.3000344997283585,1-4,1-2,0.14036064880631466,0.09360844730708676,0.15552002732782197,0.06576104783260468,0.11825178092676385,True,True,False,False,一般,2026-09-02,1号艇の節間得点,0.0795,1号艇のdominance,-0.0788,avg_entry_count,-0.0632,1号艇のモーター2連率,0.0617,1号艇の勝率順位,-0.0554,4号艇の節間得点,-0.0838,1号艇vs4号艇のcumulative差,-0.0834,4号艇のwin_rate_rank_2to6,0.0742,4号艇のclass_rank_2to6,-0.0646,1号艇vs3号艇の直近複勝率差,0.0597,2号艇のwin_rate_rank_2to6,-0.2109,2号艇の全国勝率,-0.1641,4号艇のモーター出走数,-0.075,3号艇の直近平均着順,0.066,2号艇の直近平均着順,-0.0603,0.0067,南 2.2m/s,[逃げ]1号艇の節間得点が有利(+7.9pt)、1号艇のdominanceが不利(-7.9pt) / [2着]4号艇の節間得点が不利(-8.4pt)、1号艇vs4号艇のcumulative差が不利(-8.3pt) / [候補2]2号艇のwin_rate_rank_2to6が不利(-21.1pt)、2号艇の全国勝率が不利(-16.4pt)、天気+0.7pt
117,13,尼崎,1,10:42,0.3246927020780568,3,0.5548066753226863,2,0.2559698124573842,0.2632532085986677,0.14760501631123124,0.6631714714688393,0.21662421561963932,0.38322868745971916,1-3,1-2,0.08311153005720152,0.18014167854146618,0.04792627158636932,0.012757531184216528,0.0007556977016562186,False,False,True,False,朝からセンプ,2026-09-02,1号艇のdominance,-0.1845,6号艇の枠別出走数,-0.1126,1号艇のvs_max234_diff,-0.1003,1号艇のsession_avg_finish,-0.0939,4号艇の枠別出走数,-0.0855,3号艇のwin_rate_rank_2to6,0.2248,3号艇のsession_exh_rel_avg,0.0761,3号艇の全国勝率,0.0568,2号艇のvs_boat3_diff,0.0521,3号艇の当地勝率,-0.0437,2号艇のsession_exh_rel_avg,0.141,2号艇の全国勝率,-0.0914,2号艇のwin_rate_rank_2to6,-0.0719,4号艇のモーター出走数,-0.0627,2号艇のracer_avgfin_te,-0.0624,0.0147,北東 1.4m/s,[逃げ]1号艇のdominanceが不利(-18.5pt)、6号艇の枠別出走数が不利(-11.3pt) / [2着]3号艇のwin_rate_rank_2to6が有利(+22.5pt)、3号艇のsession_exh_rel_avgが有利(+7.6pt) / [候補2]2号艇のsession_exh_rel_avgが有利(+14.1pt)、2号艇の全国勝率が不利(-9.1pt) / [除外]6号艇の全国勝率が不利(-17.0pt)、6号艇の直近平均着順が不利(-11.3pt)、天気+1.5pt
118,13,尼崎,11,15:50,0.3664290896617495,2,0.5221399285729021,4,0.23219378272830846,0.27640981513327156,0.1877622949131985,0.5665714163880121,0.21413060566212436,0.3634582955096937,1-2,1-4,0.19132725870301942,0.06880156679784427,0.08508255643025212,0.006786417814916105,0.014431289574453934,True,False,False,False,予選特選,2026-09-02,1号艇のdominance,-0.2507,1号艇のvs_max234_diff,-0.1658,1号艇のsession_exh_rel_avg,-0.1474,1号艇の年齢,-0.0954,風速区分,0.083,2号艇のwin_rate_rank_2to6,0.202,2号艇のclass_rank_2to6,0.1231,2号艇のracer_avgfin_te,0.0751,4号艇のsession_exh_rel_last,0.0579,2号艇の全国勝率,0.0541,5号艇の年齢,0.1494,4号艇のclass_rank_2to6,0.1352,4号艇の年齢,-0.0731,4号艇のsession_exh_rel_avg,0.0706,4号艇のwin_rate_rank_2to6,0.0703,0.0901,西 0.9m/s,[逃げ]1号艇のdominanceが不利(-25.1pt)、1号艇のvs_max234_diffが不利(-16.6pt) / [2着]2号艇のwin_rate_rank_2to6が有利(+20.2pt)、2号艇のclass_rank_2to6が有利(+12.3pt) / [候補2]5号艇の年齢が有利(+14.9pt)、4号艇のclass_rank_2to6が有利(+13.5pt) / [除外]6号艇のwin_rate_rank_2to6が不利(-8.2pt)、2号艇の全国勝率が不利(-6.0pt)、天気+9.0pt
119,05,多摩川,1,11:29,0.33306643234781963,2,0.4870397402993275,3,0.2709899230138339,0.25247423557353355,0.14285909218540216,0.6151705711277592,0.2091923474604475,0.36128313623980124,1-2,1-3,0.1622165887131056,0.09025764686042796,0.04758156816264018,0.01577053101325029,0.017240099459549296,True,True,False,False,一般,2026-09-02,1号艇のracer_win_te,-0.2053,1号艇の年齢,-0.1293,1号艇のdominance,0.0873,1号艇vs2号艇のcumulative差,-0.0854,ST差分(4-3),-0.0759,2号艇のwin_rate_rank_2to6,0.1466,2号艇のclass_rank_2to6,-0.0498,2号艇の全国勝率,0.0472,2号艇のsession_exh_rel_avg,0.0471,ST差分(3-2),-0.0373,3号艇のsession_exh_rel_avg,-0.1031,3号艇の節間得点,-0.0791,4号艇の体重,0.0458,3号艇のモーター2連率,-0.037,3号艇のclass_rank_2to6,0.032,0.0145,南 1.8m/s,[逃げ]1号艇のracer_win_teが不利(-20.5pt)、1号艇の年齢が不利(-12.9pt) / [2着]2号艇のwin_rate_rank_2to6が有利(+14.7pt)、2号艇のclass_rank_2to6が不利(-5.0pt) / [候補2]3号艇のsession_exh_rel_avgが不利(-10.3pt)、3号艇の節間得点が不利(-7.9pt)、天気+1.5pt
120,12,住之江,4,16:30,0.25611911940431675,2,0.5072849711392761,4,0.35732133804930477,0.22144220654079574,0.07467936039855419,0.7899269487900267,0.20159761172114235,0.39198762921556496,1-2,1-4,0.12992538009523563,0.019126812022955304,0.09151682644556013,0.013032015193843026,0.002518094114520549,True,False,False,False,予選,2026-09-02,1号艇のdominance,-0.216,1号艇の女子戦比率,-0.2069,1号艇のracer_win_te,-0.1565,3号艇の枠別出走数,-0.0878,1号艇の級別順位,-0.0865,2号艇のsession_exh_rel_avg,0.117,5号艇のsession_rank_diff_delta,0.0812,3号艇のracer_2nd_te,0.0736,3号艇の全国勝率,-0.0728,2号艇のclass_rank_2to6,0.0677,4号艇のwin_rate_rank_2to6,0.2231,4号艇のclass_rank_2to6,0.2078,4号艇の全国勝率,0.0916,3号艇の年齢,-0.0726,4号艇の年齢,0.0646,0.0155,北西 1.3m/s,[逃げ]1号艇のdominanceが不利(-21.6pt)、1号艇の女子戦比率が不利(-20.7pt) / [2着]2号艇のsession_exh_rel_avgが有利(+11.7pt)、5号艇のsession_rank_diff_deltaが有利(+8.1pt) / [候補2]4号艇のwin_rate_rank_2to6が有利(+22.3pt)、4号艇のclass_rank_2to6が有利(+20.8pt) / [除外]6号艇のwin_rate_rank_2to6が不利(-7.4pt)、3号艇のwin_rate_rank_2to6が不利(-6.7pt)、天気+1.6pt
121,05,多摩川,2,12:00,0.48105574609525564,5,0.32870823421312795,2,0.21931431308152438,0.26362939536585145,0.2032057648813227,0.3448167824133296,0.19934417984922928,0.2879856114800949,1-5,1-2,0.1055024105088012,0.09775330083584179,0.06097367183405221,0.1581269848570503,0.05869938164365481,True,True,False,False,一般,2026-09-02,1号艇のsession_exh_rel_avg,-0.2267,1号艇vs5号艇のcumulative差,-0.1196,1号艇の級別順位,-0.1052,5号艇の節間得点,-0.0936,1号艇の勝率順位,-0.0923,5号艇のclass_rank_2to6,0.1851,5号艇のwin_rate_rank_2to6,0.1387,5号艇のsession_exh_rel_avg,0.129,5号艇の節間得点,0.0875,5号艇の年齢,0.0794,2号艇のsession_exh_rel_avg,-0.0754,2号艇の全国勝率,0.0704,2号艇の一般戦勝率,-0.0586,2号艇のclass_rank_2to6,-0.0553,4号艇のモーター出走数,-0.0524,0.0261,南 1.9m/s,[逃げ]1号艇のsession_exh_rel_avgが不利(-22.7pt)、1号艇vs5号艇のcumulative差が不利(-12.0pt) / [2着]5号艇のclass_rank_2to6が有利(+18.5pt)、5号艇のwin_rate_rank_2to6が有利(+13.9pt) / [候補2]2号艇のsession_exh_rel_avgが不利(-7.5pt)、2号艇の全国勝率が有利(+7.0pt)、天気+2.6pt
122,17,宮島,8,14:35,0.2688406707421483,3,0.4934844994735834,2,0.32291734187064247,0.21948201862210662,0.0837302009861581,0.7326716403580678,0.1974292903836146,0.3734389051428949,1-3,1-2,0.08681331478277513,0.1326687038393315,0.022510083394493632,0.015224009894097614,0.011624560333714758,True,True,False,False,予選,2026-09-02,1号艇のracer_win_te,-0.2821,1号艇のdominance,-0.2559,3号艇の女子戦勝率,0.1283,1号艇の全国勝率,-0.0998,3号艇の枠別出走数,-0.0978,3号艇のwin_rate_rank_2to6,0.1593,3号艇の女子戦勝率,0.0976,3号艇のracer_avgfin_te,-0.065,3号艇の当地勝率,-0.047,3号艇のracer_win_te,-0.0467,2号艇のwin_rate_rank_2to6,0.0626,2号艇のモーター2連率,-0.0531,3号艇のracer_2nd_te,0.0469,2号艇のracer_avgfin_te,-0.0418,2号艇のsession_exh_rel_avg,0.0364,0.0245,東 0.7m/s,[逃げ]1号艇のracer_win_teが不利(-28.2pt)、1号艇のdominanceが不利(-25.6pt) / [2着]3号艇のwin_rate_rank_2to6が有利(+15.9pt)、3号艇の女子戦勝率が有利(+9.8pt) / [候補2]2号艇のwin_rate_rank_2to6が有利(+6.3pt)、2号艇のモーター2連率が不利(-5.3pt) / [除外]5号艇のracer_avgfin_teが不利(-7.5pt)、天気+2.4pt
123,24,大村,1,17:41,0.40030665536689,2,0.4318030588072779,4,0.25997173272895535,0.2769220530669971,0.24462849519523733,0.4471462963409959,0.1956304229132109,0.3279893260491967,1-2,1-4,0.1728536382483339,0.09792641471904077,0.10406841481866316,0.019906921369665757,0.005551263601483979,True,False,False,False,予選,2026-09-02,場特性:in_escape_diff,0.1395,1号艇の年齢,-0.1394,1号艇の級別順位,-0.0789,1号艇の勝率順位,-0.069,1号艇の節間得点,-0.0583,2号艇のwin_rate_rank_2to6,0.088,2号艇のclass_rank_2to6,0.0852,2号艇のsession_exh_rel_avg,-0.0595,2号艇の全国勝率,0.0457,1号艇vs2号艇の枠別勝率差,0.0344,4号艇のwin_rate_rank_2to6,0.1425,4号艇のモーター2連率,0.1108,4号艇のclass_rank_2to6,0.0853,4号艇のsession_exh_rel_avg,0.052,4号艇のcumulative_diff_rank_2to6,0.0485,0.0634,南西 1.2m/s,[逃げ]場特性:in_escape_diffが有利(+13.9pt)、1号艇の年齢が不利(-13.9pt) / [2着]2号艇のwin_rate_rank_2to6が有利(+8.8pt)、2号艇のclass_rank_2to6が有利(+8.5pt) / [候補2]4号艇のwin_rate_rank_2to6が有利(+14.3pt)、4号艇のモーター2連率が有利(+11.1pt) / [除外]6号艇のwin_rate_rank_2to6が不利(-8.6pt)、6号艇のvs_avg456_diffが不利(-5.7pt)、天気+6.3pt
124,12,住之江,8,18:25,0.40089343582203973,2,0.43922759054117966,4,0.16465301202376081,0.24209176958854264,0.16376880280672057,0.4401117997582199,0.19451527445869135,0.3014977786394458,1-2,1-4,0.17608345787988955,0.06442584249922376,0.0660083117086531,0.06565383803764831,0.028721991670402732,True,False,False,False,予選,2026-09-02,1号艇のdominance,-0.2459,1号艇のracer_win_te,-0.1356,1号艇の級別順位,-0.0903,1号艇のsession_exh_rel_avg,-0.0704,5号艇のsession_exh_rel_avg,-0.0687,2号艇のsession_exh_rel_avg,0.1011,3号艇のracer_2nd_te,0.0638,3号艇の全国勝率,-0.0566,3号艇の直近平均着順,0.0445,2号艇の全国勝率,0.0361,5号艇のsession_rank_diff_delta,0.165,4号艇のwin_rate_rank_2to6,-0.1155,4号艇のclass_rank_2to6,-0.0881,4号艇の全国勝率,-0.0668,4号艇のracer_avgfin_te,-0.062,0.0289,南西 0.5m/s,[逃げ]1号艇のdominanceが不利(-24.6pt)、1号艇のracer_win_teが不利(-13.6pt) / [2着]2号艇のsession_exh_rel_avgが有利(+10.1pt)、3号艇のracer_2nd_teが有利(+6.4pt) / [候補2]5号艇のsession_rank_diff_deltaが有利(+16.5pt)、4号艇のwin_rate_rank_2to6が不利(-11.6pt)、天気+2.9pt
125,13,尼崎,3,11:41,0.43589759704228587,2,0.31965434360343237,6,0.2717872157105108,0.2578079544958904,0.212318531951962,0.37912302736198117,0.1921230667869636,0.2942024763557176,1-2,1-6,0.13933656026086536,0.09254913788540602,0.05079363284913537,0.03474687993107951,0.11847139423502506,True,True,False,False,予選,2026-09-02,1号艇のdominance,-0.2214,1号艇の年齢,-0.1483,1号艇のracer_win_te,-0.1198,1号艇の級別順位,-0.0768,1号艇の節間得点,0.0698,2号艇のclass_rank_2to6,0.0831,風向(度),0.0671,2号艇のsession_exh_rel_avg,0.067,6号艇の一般戦2連率,0.0513,2号艇のモーター2連率,0.0506,6号艇のwin_rate_rank_2to6,0.3499,6号艇のsession_exh_rel_avg,0.2188,6号艇のclass_rank_2to6,0.1658,6号艇のsession_exh_rel_last,0.1378,6号艇のvs_avg456_diff,0.0979,0.0995,北 0.9m/s,[逃げ]1号艇のdominanceが不利(-22.1pt)、1号艇の年齢が不利(-14.8pt) / [2着]2号艇のclass_rank_2to6が有利(+8.3pt)、風向(度)が有利(+6.7pt) / [候補2]6号艇のwin_rate_rank_2to6が有利(+35.0pt)、6号艇のsession_exh_rel_avgが有利(+21.9pt) / [除外]5号艇のsession_exh_rel_avgが不利(-5.6pt)、天気+9.9pt
126,13,尼崎,4,12:09,0.3716926575859195,2,0.36773603690239265,4,0.3245612577725707,0.2573218212972796,0.21261188680588233,0.47968540786908104,0.19167020776647076,0.32403089726882,1-2,1-4,0.1366847848463641,0.07902627724123511,0.12063703645091549,0.020867958374636824,0.014476602057431094,True,True,False,False,予選,2026-09-02,1号艇のdominance,-0.249,1号艇のracer_win_te,-0.0834,1号艇のvs_max234_diff,-0.0763,1号艇の年齢,0.0721,1号艇の全国勝率,-0.0711,2号艇のclass_rank_2to6,0.0851,3号艇の全国勝率,-0.066,2号艇のwin_rate_rank_2to6,0.0511,4号艇のracer_2nd_te,-0.04,6号艇のsession_rank_diff_delta,-0.0379,4号艇のclass_rank_2to6,0.2107,4号艇のwin_rate_rank_2to6,0.2002,4号艇の節間得点,-0.0886,4号艇の全国勝率,0.0579,4号艇のcumulative_diff_rank_2to6,-0.0535,0.052,北西 0.6m/s,[逃げ]1号艇のdominanceが不利(-24.9pt)、1号艇のracer_win_teが不利(-8.3pt) / [2着]2号艇のclass_rank_2to6が有利(+8.5pt)、3号艇の全国勝率が不利(-6.6pt) / [候補2]4号艇のclass_rank_2to6が有利(+21.1pt)、4号艇のwin_rate_rank_2to6が有利(+20.0pt) / [除外]5号艇のracer_avgfin_teが不利(-6.8pt)、天気+5.2pt
127,17,宮島,9,15:03,0.2882322897373264,3,0.4428092704818901,2,0.3069823271314691,0.21611414900590661,0.10566543563535039,0.6441261619780089,0.18871119416390003,0.3445177528975373,1-3,1-2,0.08848221905799632,0.12763192994791028,0.024596936179885114,0.017065018387261335,0.030456190459269127,True,False,False,False,予選,2026-09-02,1号艇のdominance,-0.2409,6号艇の枠別出走数,-0.196,1号艇のracer_win_te,-0.1662,1号艇の級別順位,-0.0828,1号艇の全国勝率,-0.072,3号艇のwin_rate_rank_2to6,0.0652,3号艇の当地勝率,-0.0469,4号艇の女子戦2連率,0.0459,場特性:1x_diff_course3,0.0422,3号艇のclass_rank_2to6,0.0371,2号艇のracer_avgfin_te,-0.0671,2号艇のsession_exh_rel_avg,0.0608,2号艇のwin_rate_rank_2to6,-0.0493,2号艇の当地勝率,-0.0446,1号艇vs6号艇の直近複勝率差,-0.0439,0.1324,北 0.3m/s,[逃げ]1号艇のdominanceが不利(-24.1pt)、6号艇の枠別出走数が不利(-19.6pt) / [2着]3号艇のwin_rate_rank_2to6が有利(+6.5pt)、3号艇の当地勝率が不利(-4.7pt) / [候補2]2号艇のracer_avgfin_teが不利(-6.7pt)、2号艇のsession_exh_rel_avgが有利(+6.1pt) / [除外]5号艇のracer_avgfin_teが不利(-5.9pt)、4号艇のwin_rate_rank_2to6が不利(-5.7pt)、天気+13.2pt
128,12,住之江,9,18:55,0.2394338124784004,2,0.4471383323304887,3,0.4311644964992738,0.21029539481727397,0.08872783315581226,0.7895749956739503,0.18790452917153466,0.38407927507427686,1-2,1-3,0.10706003561512291,0.10323535920215104,0.02124444336544355,0.00542690361577227,0.002467071906356252,True,False,False,False,予選,2026-09-02,1号艇のdominance,-0.2401,1号艇のsession_exh_rel_avg,-0.1547,1号艇の年齢,-0.1363,1号艇のvs_max234_diff,-0.0774,1号艇の全国勝率,-0.0763,2号艇のclass_rank_2to6,0.0913,2号艇のwin_rate_rank_2to6,0.0503,2号艇の全国勝率,0.0487,2号艇のsession_exh_rel_avg,0.0442,風向(度),0.0326,3号艇のwin_rate_rank_2to6,0.1523,3号艇のsession_exh_rel_avg,0.0586,3号艇のracer_2nd_te,0.0454,3号艇の全国勝率,0.0424,6号艇のsession_exh_rel_last,0.0411,0.0683,北 0.2m/s,[逃げ]1号艇のdominanceが不利(-24.0pt)、1号艇のsession_exh_rel_avgが不利(-15.5pt) / [2着]2号艇のclass_rank_2to6が有利(+9.1pt)、2号艇のwin_rate_rank_2to6が有利(+5.0pt) / [候補2]3号艇のwin_rate_rank_2to6が有利(+15.2pt)、3号艇のsession_exh_rel_avgが有利(+5.9pt) / [除外]6号艇のwin_rate_rank_2to6が不利(-8.3pt)、5号艇のracer_avgfin_teが不利(-5.4pt)、天気+6.8pt
129,22,福岡,3,12:44,0.2419017914424518,2,0.5086838118307162,3,0.3545454364022862,0.2088167015730842,0.09352473084741794,0.7697045173855844,0.18538127059980225,0.37708304631683426,1-2,1-3,0.12305152535962531,0.08576517621345889,0.022623799936163532,0.006458037060304758,0.004003249718858917,True,True,False,False,予選,2026-09-02,1号艇のdominance,-0.3487,1号艇のracer_win_te,-0.203,1号艇のvs_max234_diff,-0.1518,1号艇の全国勝率,-0.0999,1号艇の級別順位,-0.0752,2号艇のwin_rate_rank_2to6,0.2043,2号艇のclass_rank_2to6,0.0994,2号艇の全国勝率,0.0553,2号艇のracer_avgfin_te,0.0533,2号艇のracer_2nd_te,0.045,3号艇のwin_rate_rank_2to6,0.0883,風向(度),0.072,場特性:1x_diff_course3,0.061,3号艇の枠別平均ST,-0.0451,1号艇のvs_max234_diff,-0.0421,-0.0232,北 3.9m/s,[逃げ]1号艇のdominanceが不利(-34.9pt)、1号艇のracer_win_teが不利(-20.3pt) / [2着]2号艇のwin_rate_rank_2to6が有利(+20.4pt)、2号艇のclass_rank_2to6が有利(+9.9pt) / [候補2]3号艇のwin_rate_rank_2to6が有利(+8.8pt)、風向(度)が有利(+7.2pt) / [除外]6号艇のwin_rate_rank_2to6が不利(-7.6pt)、2号艇のracer_2nd_teが不利(-7.3pt)、天気-2.3pt
130,20,若松,3,16:13,0.48683863132441485,2,0.2587590655142415,5,0.2568771547256873,0.25103163172290144,0.22733339337373049,0.28830282686619824,0.18255018450244728,0.26221299026589046,1-2,1-5,0.1259739092977379,0.11067467808440175,0.05955163014813166,0.12505772242516355,0.06558069862344088,True,False,False,False,予選,2026-09-02,1号艇の年齢,-0.1142,1号艇のsession_exh_rel_avg,-0.0933,1号艇のdominance,-0.0771,5号艇の節間得点,-0.0703,1号艇の級別順位,-0.0668,2号艇のwin_rate_rank_2to6,-0.1546,2号艇の全国勝率,-0.0654,2号艇の直近平均着順,-0.0551,2号艇のclass_rank_2to6,-0.0542,2号艇のsession_exh_rel_avg,0.0542,5号艇のwin_rate_rank_2to6,0.2286,5号艇のsession_exh_rel_avg,-0.1479,5号艇のclass_rank_2to6,0.1381,5号艇の年齢,-0.0689,5号艇の節間得点,0.0628,0.0398,東 3.7m/s,[逃げ]1号艇の年齢が不利(-11.4pt)、1号艇のsession_exh_rel_avgが不利(-9.3pt) / [2着]2号艇のwin_rate_rank_2to6が不利(-15.5pt)、2号艇の全国勝率が不利(-6.5pt) / [候補2]5号艇のwin_rate_rank_2to6が有利(+22.9pt)、5号艇のsession_exh_rel_avgが不利(-14.8pt)、天気+4.0pt
131,16,児島,5,13:25,0.3559146460615782,3,0.39210084678096363,2,0.2389754295157155,0.22460928951599124,0.16203246492796375,0.4690438113687153,0.1809364933247976,0.29793964607180845,1-3,1-2,0.0850548554134995,0.13955443410249177,0.02691367588415094,0.0576697274053213,0.04672196320025502,True,True,False,False,日替艇食戦,2026-09-02,1号艇のdominance,-0.2344,1号艇の年齢,-0.1184,3号艇のsession_exh_rel_avg,-0.1115,5号艇の節間得点,-0.1019,1号艇の級別順位,-0.0955,3号艇のsession_exh_rel_avg,0.1464,5号艇の節間得点,-0.1272,3号艇のwin_rate_rank_2to6,0.0938,3号艇のモーター2連率,0.0769,3号艇のsession_exh_rel_last,0.0596,2号艇の節間得点,0.0659,2号艇のsession_exh_rel_avg,-0.0647,2号艇のwin_rate_rank_2to6,-0.0472,2号艇のracer_avgfin_te,-0.0458,6号艇のsession_exh_rel_delta,0.0413,-0.0126,南東 1.9m/s,[逃げ]1号艇のdominanceが不利(-23.4pt)、1号艇の年齢が不利(-11.8pt) / [2着]3号艇のsession_exh_rel_avgが有利(+14.6pt)、5号艇の節間得点が不利(-12.7pt) / [候補2]2号艇の節間得点が有利(+6.6pt)、2号艇のsession_exh_rel_avgが不利(-6.5pt) / [除外]4号艇のwin_rate_rank_2to6が不利(-5.1pt)、天気-1.3pt
132,20,若松,2,15:47,0.33389624775701043,3,0.4373878058971544,2,0.26378298757510354,0.23411829697719264,0.19456267424323292,0.506608119229025,0.17945747863820785,0.3158652436527424,1-3,1-2,0.08807614977346118,0.14604214720373146,0.064963746883385,0.016005584824241602,0.018808607877447106,True,False,False,False,予選,2026-09-02,1号艇の年齢,-0.2421,1号艇のracer_win_te,-0.1526,1号艇のsession_exh_rel_avg,0.1323,1号艇のdominance,-0.1107,1号艇の級別順位,-0.0879,3号艇のwin_rate_rank_2to6,0.161,3号艇のclass_rank_2to6,0.0349,1号艇vs6号艇の枠別勝率差,-0.0341,6号艇のsession_rank_diff_last,0.0329,3号艇のsession_rank_diff_last,0.0285,2号艇のwin_rate_rank_2to6,-0.1297,2号艇の全国勝率,-0.0654,2号艇の直近平均着順,-0.0434,1号艇vs2号艇の枠別勝率差,0.0374,1号艇vs2号艇の枠別平均ST差,-0.0372,0.0194,東 4.0m/s,[逃げ]1号艇の年齢が不利(-24.2pt)、1号艇のracer_win_teが不利(-15.3pt) / [2着]3号艇のwin_rate_rank_2to6が有利(+16.1pt)、3号艇のclass_rank_2to6が有利(+3.5pt) / [候補2]2号艇のwin_rate_rank_2to6が不利(-13.0pt)、2号艇の全国勝率が不利(-6.5pt) / [除外]3号艇の一般戦勝率が不利(-6.0pt)、天気+1.9pt
133,06,浜名湖,9,15:18,0.2825651114049969,2,0.4405384888920633,4,0.32919207873009776,0.21749900359198746,0.17474560182939647,0.5949849657927646,0.17189061045601636,0.3307447922522206,1-2,1-4,0.12448080719197487,0.049377010448456646,0.09301819640001259,0.010401371807248089,0.0052877334520827195,True,False,False,False,予選,2026-09-02,1号艇のdominance,-0.22,1号艇のracer_win_te,-0.1611,1号艇の女子戦比率,-0.1296,1号艇の節間得点,0.105,4号艇の枠別出走数,-0.1031,2号艇のclass_rank_2to6,0.093,2号艇の当地勝率,0.0858,2号艇の体重,-0.073,2号艇の女子戦比率,-0.0675,2号艇のwin_rate_rank_2to6,0.0587,4号艇のwin_rate_rank_2to6,0.1893,1号艇の平均ST,0.0952,4号艇の全国勝率,0.0872,4号艇のsession_exh_rel_avg,0.082,4号艇のclass_rank_2to6,-0.0789,-0.0,東 1.3m/s,[逃げ]1号艇のdominanceが不利(-22.0pt)、1号艇のracer_win_teが不利(-16.1pt) / [2着]2号艇のclass_rank_2to6が有利(+9.3pt)、2号艇の当地勝率が有利(+8.6pt) / [候補2]4号艇のwin_rate_rank_2to6が有利(+18.9pt)、1号艇の平均STが有利(+9.5pt) / [除外]6号艇のsession_exh_rel_avgが不利(-7.7pt)、3号艇のsession_exh_rel_avgが不利(-5.9pt)、天気影響ほぼなし
134,05,多摩川,7,14:32,0.3885201593579489,5,0.3076232400235851,2,0.25754011151432693,0.21957735540278206,0.19641953967088832,0.36874381186702365,0.16782221571834346,0.26432729234205454,1-5,1-2,0.10005952516661024,0.05581770151346348,0.0763129508539485,0.11951783023617185,0.03681214869305407,True,True,False,False,一般,2026-09-02,1号艇のdominance,-0.2166,1号艇のsession_exh_rel_avg,-0.1672,5号艇の枠別出走数,-0.0965,1号艇の直近1着率,-0.0861,1号艇の節間得点,-0.0686,1号艇vs6号艇の直近複勝率差,0.2118,5号艇のracer_avgfin_te,0.0779,5号艇の年齢,0.0761,avg_456_win_rate,0.0562,5号艇の女子戦勝率,-0.055,2号艇のwin_rate_rank_2to6,-0.1713,2号艇のsession_exh_rel_avg,0.0652,2号艇の全国勝率,-0.0621,1号艇の直近複勝率,0.0602,2号艇の当地勝率,-0.0363,0.0279,南 2.0m/s,[逃げ]1号艇のdominanceが不利(-21.7pt)、1号艇のsession_exh_rel_avgが不利(-16.7pt) / [2着]1号艇vs6号艇の直近複勝率差が有利(+21.2pt)、5号艇のracer_avgfin_teが有利(+7.8pt) / [候補2]2号艇のwin_rate_rank_2to6が不利(-17.1pt)、2号艇のsession_exh_rel_avgが有利(+6.5pt)、天気+2.8pt
135,16,児島,3,12:16,0.3560033340370107,5,0.3781109636568117,4,0.21173998574423036,0.20998890457166702,0.18510349507726295,0.404747454323779,0.16334528837527335,0.2684164694973006,1-5,1-4,0.06589746138940901,0.06447553657605934,0.07538014087389512,0.13460876369777194,0.01564142354258068,True,True,False,False,一般,2026-09-02,1号艇のdominance,-0.2317,1号艇のsession_exh_rel_avg,-0.0805,1号艇の節間得点,0.0796,ST差分(4-3),-0.0661,3号艇の枠別出走数,-0.0649,5号艇のwin_rate_rank_2to6,0.2336,5号艇のclass_rank_2to6,0.1808,5号艇のsession_exh_rel_avg,0.1031,5号艇の年齢,0.0854,5号艇の節間得点,0.0706,4号艇のwin_rate_rank_2to6,-0.1314,4号艇の節間得点,0.0816,4号艇の全国勝率,-0.0744,2号艇のsession_exh_rel_delta,0.0702,4号艇のsession_exh_rel_avg,0.0689,-0.0002,南東 1.9m/s,[逃げ]1号艇のdominanceが不利(-23.2pt)、1号艇のsession_exh_rel_avgが不利(-8.0pt) / [2着]5号艇のwin_rate_rank_2to6が有利(+23.4pt)、5号艇のclass_rank_2to6が有利(+18.1pt) / [候補2]4号艇のwin_rate_rank_2to6が不利(-13.1pt)、4号艇の節間得点が有利(+8.2pt) / [除外]3号艇のwin_rate_rank_2to6が不利(-5.6pt)、天気影響ほぼなし
136,20,若松,4,16:37,0.3450280307381484,3,0.3331707523445817,2,0.25687986230931104,0.20358400160986667,0.17556513275697952,0.41448548189691325,0.16069329888606662,0.26685444569598066,1-3,1-2,0.0886307530288683,0.11495324858099837,0.06057489202142224,0.045569093900256076,0.035300044491933,True,False,False,False,予選,2026-09-02,1号艇の年齢,-0.2017,1号艇のsession_exh_rel_avg,-0.0968,ST差分(4-3),-0.0828,1号艇のvs_max234_diff,0.0766,1号艇の節間得点,-0.0699,3号艇のwin_rate_rank_2to6,-0.0815,3号艇のモーター2連率,0.0625,1号艇vs3号艇のcumulative差,0.0475,3号艇のcumulative_diff_rank_2to6,0.0458,3号艇のsession_exh_rel_avg,-0.0436,2号艇のsession_exh_rel_avg,-0.1034,2号艇のwin_rate_rank_2to6,0.0807,2号艇の節間得点,-0.055,2号艇のcumulative_diff_rank_2to6,-0.0531,2号艇のclass_rank_2to6,-0.0507,-0.0064,東 3.8m/s,[逃げ]1号艇の年齢が不利(-20.2pt)、1号艇のsession_exh_rel_avgが不利(-9.7pt) / [2着]3号艇のwin_rate_rank_2to6が不利(-8.1pt)、3号艇のモーター2連率が有利(+6.2pt) / [候補2]2号艇のsession_exh_rel_avgが不利(-10.3pt)、2号艇のwin_rate_rank_2to6が有利(+8.1pt) / [除外]4号艇のwin_rate_rank_2to6が不利(-5.3pt)、天気-0.6pt
137,24,大村,5,19:30,0.2957872545232061,2,0.3610098193850265,4,0.3407902152679792,0.2075835054743035,0.19147517698879707,0.5103248576642088,0.15988699933352687,0.29840591113127507,1-2,1-4,0.1067821033318155,0.05663591691086125,0.10080140214248796,0.026216067071009614,0.005351753772624544,True,False,False,False,予選,2026-09-02,1号艇のdominance,-0.2664,1号艇のracer_win_te,-0.2533,1号艇のsession_exh_rel_avg,0.1484,場特性:in_escape_diff,0.136,1号艇のvs_max234_diff,-0.1239,2号艇のwin_rate_rank_2to6,0.1449,2号艇のsession_exh_rel_avg,0.0808,2号艇のclass_rank_2to6,0.0766,1号艇vs2号艇のplace_rate差,-0.0686,2号艇の全国勝率,0.059,4号艇のclass_rank_2to6,0.1052,4号艇のwin_rate_rank_2to6,0.0904,4号艇のsession_exh_rel_avg,0.0598,1号艇のsession_rank_diff_delta,0.0376,1号艇vs4号艇のcumulative差,0.0373,0.0621,北西 2.1m/s,[逃げ]1号艇のdominanceが不利(-26.6pt)、1号艇のracer_win_teが不利(-25.3pt) / [2着]2号艇のwin_rate_rank_2to6が有利(+14.5pt)、2号艇のsession_exh_rel_avgが有利(+8.1pt) / [候補2]4号艇のclass_rank_2to6が有利(+10.5pt)、4号艇のwin_rate_rank_2to6が有利(+9.0pt) / [除外]6号艇のwin_rate_rank_2to6が不利(-6.2pt)、天気+6.2pt
138,18,徳山,7,11:32,0.253632225953795,2,0.4130617980350342,4,0.33453973090111544,0.1896158399105361,0.15566975115953005,0.5919317777766195,0.15419489917280196,0.31031062127036113,1-2,1-4,0.10476578329210262,0.02016550079623483,0.08485005661843348,0.03948286550026496,0.0043680171484115115,True,True,False,False,予選,2026-09-02,1号艇のdominance,-0.34,2号艇のsession_exh_rel_avg,-0.2651,場特性:in_escape_diff,0.1837,1号艇のracer_win_te,-0.1334,1号艇のvs_max234_diff,-0.1273,2号艇のsession_exh_rel_avg,0.2095,2号艇の全国勝率,0.0686,3号艇のracer_2nd_te,0.0645,1号艇vs2号艇のplace_rate差,-0.0476,3号艇の全国勝率,-0.0431,4号艇のwin_rate_rank_2to6,0.079,4号艇の節間得点,0.0579,2号艇の一般戦2連率,0.0439,4号艇のclass_rank_2to6,0.0429,1号艇vs4号艇のcumulative差,0.0423,0.0305,南 1.3m/s,[逃げ]1号艇のdominanceが不利(-34.0pt)、2号艇のsession_exh_rel_avgが不利(-26.5pt) / [2着]2号艇のsession_exh_rel_avgが有利(+21.0pt)、2号艇の全国勝率が有利(+6.9pt) / [候補2]4号艇のwin_rate_rank_2to6が有利(+7.9pt)、4号艇の節間得点が有利(+5.8pt) / [除外]6号艇のvs_avg456_diffが不利(-6.9pt)、6号艇のwin_rate_rank_2to6が不利(-6.2pt)、天気+3.1pt
139,06,浜名湖,6,13:45,0.23818551891218037,2,0.3829669097123124,3,0.3595202598825901,0.17684969177559792,0.12248789658822995,0.6199992730066726,0.15085535566615418,0.3097945661449203,1-2,1-3,0.09121717211602126,0.08563251965957668,0.02917484320932904,0.006597947546865744,0.02556304303521419,True,True,False,False,予選,2026-09-02,1号艇のdominance,-0.3391,1号艇のracer_win_te,-0.1885,1号艇の女子戦比率,-0.1232,1号艇のvs_max234_diff,-0.0934,1号艇の年齢,0.0877,1号艇vs6号艇の枠別平均ST差,0.0791,2号艇のsession_exh_rel_avg,0.0729,1号艇vs6号艇の直近複勝率差,-0.0719,2号艇の全国勝率,0.0515,1号艇の枠別出走数,0.0506,3号艇のwin_rate_rank_2to6,-0.0737,6号艇の直近1着率,0.0596,3号艇の女子戦勝率,-0.045,1号艇vs6号艇のplace_rate差,0.044,3号艇の全国勝率,0.0411,0.0027,南 2.6m/s,[逃げ]1号艇のdominanceが不利(-33.9pt)、1号艇のracer_win_teが不利(-18.9pt) / [2着]1号艇vs6号艇の枠別平均ST差が有利(+7.9pt)、2号艇のsession_exh_rel_avgが有利(+7.3pt) / [候補2]3号艇のwin_rate_rank_2to6が不利(-7.4pt)、6号艇の直近1着率が有利(+6.0pt) / [除外]win_rate_range_1to6が不利(-7.0pt)、5号艇のracer_win_teが不利(-5.6pt)、天気影響ほぼなし
140,22,福岡,5,13:39,0.27243201049733967,2,0.4416856954950862,3,0.24928544887707288,0.18824265805695486,0.19159726114201192,0.4993738832301472,0.14496252480038907,0.28158202560891255,1-2,1-3,0.1203293220316421,0.06791333602531276,0.052197227058702125,0.011489083365717016,0.020503043030853978,True,True,False,False,予選,2026-09-02,1号艇のdominance,-0.386,1号艇のracer_win_te,-0.2359,1号艇のvs_max234_diff,-0.1629,1号艇の全国2連率,-0.1474,1号艇の全国勝率,-0.1023,2号艇のwin_rate_rank_2to6,0.1909,2号艇のclass_rank_2to6,0.0987,ST差分(3-2),-0.0664,2号艇の全国勝率,0.0632,2号艇のracer_avgfin_te,0.057,3号艇のwin_rate_rank_2to6,-0.1274,3号艇のracer_avgfin_te,-0.0868,3号艇のracer_win_te,-0.0833,3号艇の全国勝率,-0.0773,3号艇の年齢,-0.0765,0.0441,北西 1.7m/s,[逃げ]1号艇のdominanceが不利(-38.6pt)、1号艇のracer_win_teが不利(-23.6pt) / [2着]2号艇のwin_rate_rank_2to6が有利(+19.1pt)、2号艇のclass_rank_2to6が有利(+9.9pt) / [候補2]3号艇のwin_rate_rank_2to6が不利(-12.7pt)、3号艇のracer_avgfin_teが不利(-8.7pt) / [除外]2号艇のracer_avgfin_teが不利(-5.4pt)、2号艇の枠別勝率が不利(-5.2pt)、天気+4.4pt
141,21,芦屋,9,12:23,0.33853191943130867,3,0.3594181919359084,2,0.19352694979985913,0.18718958017202642,0.19103541024991405,0.36190973148585354,0.14427777428081973,0.23960562556617454,1-3,1-2,0.06551504977743283,0.12167453039459358,0.0646715841112509,0.059183024788385705,0.02748773414303468,True,True,False,False,アシ夢特選,2026-09-02,1号艇のsession_exh_rel_avg,-0.1713,1号艇の年齢,-0.1658,1号艇のdominance,0.1168,1号艇の節間得点,-0.0976,1号艇vs4号艇のcumulative差,-0.0795,3号艇のsession_exh_rel_avg,-0.1868,1号艇の節間得点,0.1224,4号艇のsession_rank_diff_last,-0.1106,6号艇のモーター出走数,0.084,1号艇vs3号艇のcumulative差,0.0783,2号艇のwin_rate_rank_2to6,-0.1556,2号艇の節間得点,-0.0681,2号艇の全国勝率,-0.0538,2号艇のclass_rank_2to6,-0.0516,2号艇のsession_avg_finish,-0.0515,0.01,東 3.7m/s,[逃げ]1号艇のsession_exh_rel_avgが不利(-17.1pt)、1号艇の年齢が不利(-16.6pt) / [2着]3号艇のsession_exh_rel_avgが不利(-18.7pt)、1号艇の節間得点が有利(+12.2pt) / [候補2]2号艇のwin_rate_rank_2to6が不利(-15.6pt)、2号艇の節間得点が不利(-6.8pt) / [除外]1号艇の女子戦2連率が不利(-6.3pt)、6号艇のsession_exh_rel_avgが不利(-5.4pt)、天気+1.0pt
142,06,浜名湖,3,12:18,0.16678826852081657,2,0.659456157431356,3,0.2576022574732547,0.15295458515438462,0.04992516609143027,0.8671332488131804,0.14379104547245047,0.36720818425202334,1-2,1-3,0.1099895506633669,0.04296503449101773,0.00832693200800384,0.0021532307350630234,0.003353518526360427,True,True,False,False,予選,2026-09-02,1号艇のdominance,-0.3853,1号艇のracer_win_te,-0.2152,1号艇のsession_exh_rel_avg,-0.1816,1号艇のvs_max234_diff,-0.1712,1号艇vs4号艇の枠別勝率差,-0.1116,2号艇の当地勝率,0.3555,2号艇のwin_rate_rank_2to6,0.2239,1号艇vs2号艇のplace_rate差,-0.1182,2号艇のclass_rank_2to6,0.0793,4号艇の女子戦比率,0.0726,3号艇のwin_rate_rank_2to6,0.0763,1号艇のvs_max234_diff,-0.0638,3号艇のclass_rank_2to6,0.0383,3号艇のcumulative_diff_rank_2to6,0.0355,3号艇の全国勝率,0.0354,-0.0091,南東 3.1m/s,[逃げ]1号艇のdominanceが不利(-38.5pt)、1号艇のracer_win_teが不利(-21.5pt) / [2着]2号艇の当地勝率が有利(+35.5pt)、2号艇のwin_rate_rank_2to6が有利(+22.4pt) / [候補2]3号艇のwin_rate_rank_2to6が有利(+7.6pt)、1号艇のvs_max234_diffが不利(-6.4pt) / [除外]5号艇の直近平均着順が不利(-13.3pt)、6号艇のwin_rate_rank_2to6が不利(-6.6pt)、天気-0.9pt
143,24,大村,6,19:56,0.24135571398846328,2,0.48910899543728004,3,0.21893579563535054,0.17089065608514709,0.15693543241183178,0.5511093586607989,0.13870809727571007,0.28495626685784264,1-2,1-3,0.11804925081194476,0.052841405273202316,0.03787726333984588,0.011164135112949834,0.021423654505359963,True,False,False,False,予選,2026-09-02,1号艇のdominance,-0.3649,1号艇のsession_exh_rel_avg,-0.1704,1号艇のracer_win_te,-0.1579,場特性:in_escape_diff,0.1136,1号艇の年齢,-0.1115,2号艇のsession_exh_rel_avg,-0.1017,2号艇のclass_rank_2to6,0.0805,1号艇の年齢,0.063,2号艇の当地勝率,0.0453,2号艇のracer_2nd_te,0.0452,3号艇のwin_rate_rank_2to6,-0.1035,6号艇のracer_2nd_te,-0.0697,場特性:1x_diff_course3,0.0445,3号艇のモーター2連率,-0.0397,3号艇の当地勝率,0.0358,0.0714,北西 2.2m/s,[逃げ]1号艇のdominanceが不利(-36.5pt)、1号艇のsession_exh_rel_avgが不利(-17.0pt) / [2着]2号艇のsession_exh_rel_avgが不利(-10.2pt)、2号艇のclass_rank_2to6が有利(+8.0pt) / [候補2]3号艇のwin_rate_rank_2to6が不利(-10.4pt)、6号艇のracer_2nd_teが不利(-7.0pt) / [除外]2号艇のracer_2nd_teが不利(-5.5pt)、天気+7.1pt
144,22,福岡,4,13:10,0.2676370845888302,3,0.4061655492856293,2,0.28566330114951033,0.1851590565649026,0.21647903691083548,0.47534981352430417,0.1370593914763158,0.2722162836527231,1-3,1-2,0.07645409309367597,0.10870496347122664,0.05793781831341376,0.023538211834703716,0.0010019898372892974,True,True,False,False,予選,2026-09-02,1号艇のdominance,-0.3941,3号艇の直近1着率,-0.1587,1号艇のvs_max234_diff,-0.155,1号艇のracer_win_te,-0.1272,3号艇の直近平均着順,0.1116,3号艇のwin_rate_rank_2to6,0.2064,3号艇の当地勝率,0.0863,3号艇の全国勝率,0.0681,1号艇のvs_max234_diff,-0.0631,5号艇の一般戦2連率,-0.0463,2号艇のwin_rate_rank_2to6,-0.1434,2号艇の全国勝率,-0.0624,1号艇のモーター出走数,0.0443,場特性:1x_diff_course2,0.0437,1号艇の枠別勝率,0.0371,0.021,北 2.1m/s,[逃げ]1号艇のdominanceが不利(-39.4pt)、3号艇の直近1着率が不利(-15.9pt) / [2着]3号艇のwin_rate_rank_2to6が有利(+20.6pt)、3号艇の当地勝率が有利(+8.6pt) / [候補2]2号艇のwin_rate_rank_2to6が不利(-14.3pt)、2号艇の全国勝率が不利(-6.2pt) / [除外]6号艇のvs_avg456_diffが不利(-14.2pt)、6号艇のwin_rate_rank_2to6が不利(-9.4pt)、天気+2.1pt
145,22,福岡,2,12:11,0.291328037930366,2,0.29312303934945894,3,0.2814411880390495,0.16738666903007082,0.15693006719764135,0.4176341601908671,0.1358650675674168,0.2424609163783097,1-2,1-3,0.08539495992586334,0.08199170910420747,0.03969263313153057,0.04571812856896935,0.03853060937035831,True,True,False,False,予選,2026-09-02,1号艇のdominance,-0.4233,1号艇のracer_win_te,-0.2175,1号艇の全国2連率,-0.125,1号艇の年齢,-0.0968,1号艇の級別順位,-0.0937,2号艇のwin_rate_rank_2to6,-0.1264,1号艇の年齢,0.0554,2号艇のclass_rank_2to6,-0.0529,1号艇vs6号艇のlocal_win_rate差,0.0506,2号艇の全国勝率,-0.0498,6号艇のracer_2nd_te,-0.0665,3号艇のracer_avgfin_te,0.0454,3号艇のwin_rate_rank_2to6,-0.0418,場特性:1x_diff_course3,0.0378,3号艇の当地勝率,0.0362,0.0986,北 3.0m/s,[逃げ]1号艇のdominanceが不利(-42.3pt)、1号艇のracer_win_teが不利(-21.7pt) / [2着]2号艇のwin_rate_rank_2to6が不利(-12.6pt)、1号艇の年齢が有利(+5.5pt) / [候補2]6号艇のracer_2nd_teが不利(-6.7pt)、3号艇のracer_avgfin_teが有利(+4.5pt) / [除外]4号艇のwin_rate_rank_2to6が不利(-5.0pt)、天気+9.9pt
146,19,下関,2,15:52,0.2465757821061656,2,0.3911812319656378,3,0.2896731798347079,0.16788220909010357,0.16343371799745043,0.5174206938028952,0.13495707274943838,0.27274375450394106,1-2,1-3,0.09645581821718054,0.07142639087292306,0.037932784451646204,0.040298796837739854,0.0004619946546062165,True,False,False,False,一般,2026-09-02,1号艇のdominance,-0.3845,1号艇のracer_win_te,-0.2417,1号艇の年齢,0.1223,1号艇の全国2連率,-0.1071,1号艇vs4号艇の枠別勝率差,-0.0893,2号艇のwin_rate_rank_2to6,0.0493,2号艇のracer_avgfin_te,-0.0436,6号艇の直近平均着順,-0.0424,2号艇の当地勝率,-0.0421,2号艇の全国勝率,0.0389,3号艇のwin_rate_rank_2to6,-0.1138,3号艇のsession_exh_rel_avg,0.0929,3号艇のモーター2連率,0.0665,3号艇のcumulative_diff_rank_2to6,0.0504,3号艇の全国勝率,-0.0425,-0.0732,東 4.5m/s,[逃げ]1号艇のdominanceが不利(-38.4pt)、1号艇のracer_win_teが不利(-24.2pt) / [2着]2号艇のwin_rate_rank_2to6が有利(+4.9pt)、2号艇のracer_avgfin_teが不利(-4.4pt) / [候補2]3号艇のwin_rate_rank_2to6が不利(-11.4pt)、3号艇のsession_exh_rel_avgが有利(+9.3pt) / [除外]6号艇の直近平均着順が不利(-23.4pt)、6号艇の全国勝率が不利(-15.5pt)、天気-7.3pt
147,06,浜名湖,7,14:15,0.21470571151005036,3,0.5116436946386873,2,0.21152620646469994,0.1552687081590555,0.1507241117687075,0.5724457893346797,0.12718542241175754,0.28042183251174274,1-3,1-2,0.045415884662025216,0.1098528234970303,0.02166218630210514,0.0323613276590207,0.005413495388677304,True,True,False,False,予選,2026-09-02,1号艇のdominance,-0.2294,1号艇の級別順位,-0.0793,場×風速,-0.0748,1号艇vs3号艇のcumulative差,-0.0726,1号艇のvs_max234_diff,-0.0607,3号艇のwin_rate_rank_2to6,0.1559,3号艇のsession_exh_rel_avg,0.144,1号艇vs3号艇のcumulative差,0.0817,3号艇の節間得点,0.0816,6号艇のracer_2nd_te,-0.0652,2号艇のwin_rate_rank_2to6,-0.1761,2号艇の全国勝率,-0.0763,2号艇のsession_exh_rel_avg,0.0544,2号艇の節間得点,-0.0537,2号艇のsession_avg_finish,-0.0533,-0.0633,南東 2.2m/s,[逃げ]1号艇のdominanceが不利(-22.9pt)、1号艇の級別順位が不利(-7.9pt) / [2着]3号艇のwin_rate_rank_2to6が有利(+15.6pt)、3号艇のsession_exh_rel_avgが有利(+14.4pt) / [候補2]2号艇のwin_rate_rank_2to6が不利(-17.6pt)、2号艇の全国勝率が不利(-7.6pt) / [除外]4号艇のwin_rate_rank_2to6が不利(-5.1pt)、天気-6.3pt
148,22,福岡,6,14:07,0.2734990006503512,2,0.3262984130774709,3,0.302894417766321,0.17208361045214254,0.2697954174847237,0.35939741335906816,0.11637076702308531,0.2282777513242202,1-2,1-3,0.08924228989048377,0.08284132056165877,0.07378877706211621,0.00939650569011817,0.018230110502563776,True,True,False,False,予選,2026-09-02,1号艇のdominance,-0.3741,1号艇の年齢,-0.1782,1号艇のracer_win_te,-0.1583,1号艇の級別順位,-0.0882,1号艇の全国勝率,-0.0878,2号艇のwin_rate_rank_2to6,-0.1333,2号艇の全国勝率,-0.0666,場特性:1x_diff_course2,0.0541,1号艇vs5号艇のlocal_win_rate差,0.0392,2号艇のsession_exh_rel_avg,0.0357,3号艇の当地勝率,0.0878,3号艇のwin_rate_rank_2to6,-0.067,3号艇の全国勝率,0.0546,2号艇のrecent_race_count,0.0476,場特性:1x_diff_course3,0.0341,0.0442,南西 0.2m/s,[逃げ]1号艇のdominanceが不利(-37.4pt)、1号艇の年齢が不利(-17.8pt) / [2着]2号艇のwin_rate_rank_2to6が不利(-13.3pt)、2号艇の全国勝率が不利(-6.7pt) / [候補2]3号艇の当地勝率が有利(+8.8pt)、3号艇のwin_rate_rank_2to6が不利(-6.7pt) / [除外]2号艇のrecent_race_countが不利(-14.1pt)、天気+4.4pt
149,17,宮島,10,15:28,0.2194764008205476,2,0.4006324922246553,3,0.27181515762881425,0.1475863899300753,0.19276000180818342,0.4796876480452861,0.11344788658233382,0.24721676736463855,1-2,1-3,0.08792937744523337,0.05965701248484196,0.042306271419022344,0.016983411334703234,0.01260032650152006,True,False,False,False,予選特賞,2026-09-02,1号艇のdominance,-0.3734,1号艇のracer_win_te,-0.2286,6号艇の枠別出走数,-0.2048,1号艇のvs_max234_diff,-0.1714,1号艇の級別順位,-0.1024,2号艇のwin_rate_rank_2to6,0.1556,1号艇vs2号艇のplace_rate差,-0.0837,2号艇のclass_rank_2to6,0.0696,2号艇の全国勝率,0.0604,1号艇vs6号艇のplace_rate差,-0.041,3号艇のwin_rate_rank_2to6,-0.1168,1号艇のvs_max234_diff,-0.0616,3号艇のモーター2連率,-0.0503,1号艇の女子戦勝率,0.0503,場特性:1x_diff_course3,0.0497,0.1405,北 0.4m/s,[逃げ]1号艇のdominanceが不利(-37.3pt)、1号艇のracer_win_teが不利(-22.9pt) / [2着]2号艇のwin_rate_rank_2to6が有利(+15.6pt)、1号艇vs2号艇のplace_rate差が不利(-8.4pt) / [候補2]3号艇のwin_rate_rank_2to6が不利(-11.7pt)、1号艇のvs_max234_diffが不利(-6.2pt)、天気+14.1pt
150,12,住之江,3,16:06,0.22264982366474412,4,0.3659387964592643,2,0.2831819884252833,0.14452662829166482,0.2157238317345433,0.4333969531500043,0.10711322264036242,0.23118772574916663,1-4,1-2,0.06305041978792093,0.048030873095979,0.08147620850374389,0.024706525621111284,0.005385797485424251,True,False,False,False,予選,2026-09-02,1号艇のdominance,-0.4167,1号艇のsession_exh_rel_avg,-0.1802,1号艇のvs_max234_diff,-0.1586,1号艇のracer_win_te,-0.1577,1号艇の全国2連率,-0.1222,4号艇のclass_rank_2to6,0.2,4号艇のwin_rate_rank_2to6,0.1641,4号艇のcumulative_diff_rank_2to6,-0.0573,4号艇のsession_exh_rel_avg,-0.0521,場特性:1x_diff_course4,0.046,3号艇の全国勝率,-0.0979,2号艇のsession_exh_rel_avg,0.0936,2号艇の全国勝率,-0.0758,2号艇のclass_rank_2to6,-0.0569,1号艇のracer_avgfin_te,-0.0437,0.0419,北西 0.9m/s,[逃げ]1号艇のdominanceが不利(-41.7pt)、1号艇のsession_exh_rel_avgが不利(-18.0pt) / [2着]4号艇のclass_rank_2to6が有利(+20.0pt)、4号艇のwin_rate_rank_2to6が有利(+16.4pt) / [候補2]3号艇の全国勝率が不利(-9.8pt)、2号艇のsession_exh_rel_avgが有利(+9.4pt) / [除外]6号艇のwin_rate_rank_2to6が不利(-7.5pt)、6号艇のsession_exh_rel_avgが不利(-6.8pt)、天気+4.2pt
151,12,住之江,6,17:29,0.22023449923434568,2,0.38906604195990924,4,0.2765069277978045,0.1465821296985064,0.23220472997844596,0.43336823977926775,0.10573765308293773,0.23261796272273477,1-2,1-4,0.08568576492012954,0.0511394924266495,0.06089636477837685,0.0060069097624515285,0.01650596365476977,True,False,False,False,予選特別Ｂ戦,2026-09-02,1号艇のdominance,-0.3292,1号艇のvs_max234_diff,-0.1879,1号艇vs4号艇の枠別勝率差,-0.1835,1号艇のsession_exh_rel_avg,-0.1209,1号艇の年齢,-0.104,2号艇のwin_rate_rank_2to6,-0.1121,2号艇のclass_rank_2to6,0.0701,2号艇のsession_exh_rel_avg,0.061,2号艇のsession_avg_finish,0.0445,2号艇の全国勝率,0.042,4号艇のwin_rate_rank_2to6,0.1443,4号艇のclass_rank_2to6,0.1051,4号艇のcumulative_diff_rank_2to6,-0.0469,4号艇のsession_exh_rel_avg,0.039,1号艇の一般戦2連率,0.0382,0.0612,西 1.5m/s,[逃げ]1号艇のdominanceが不利(-32.9pt)、1号艇のvs_max234_diffが不利(-18.8pt) / [2着]2号艇のwin_rate_rank_2to6が不利(-11.2pt)、2号艇のclass_rank_2to6が有利(+7.0pt) / [候補2]4号艇のwin_rate_rank_2to6が有利(+14.4pt)、4号艇のclass_rank_2to6が有利(+10.5pt) / [除外]5号艇のracer_avgfin_teが不利(-6.4pt)、天気+6.1pt
152,13,尼崎,8,14:13,0.22945457371690786,3,0.3589413672735997,4,0.27618825510693845,0.14573339675830704,0.2513972579812154,0.38373236439932273,0.10176902514871472,0.21713308705061174,1-3,1-4,0.0576842506636793,0.08236073841712788,0.06337265834117917,0.01787688585444087,0.00816003616655616,True,True,False,False,予選,2026-09-02,1号艇のdominance,-0.377,1号艇のsession_exh_rel_avg,0.1621,1号艇のvs_max234_diff,-0.127,1号艇の年齢,-0.1055,1号艇の級別順位,-0.0978,3号艇のsession_exh_rel_avg,0.121,3号艇の一般戦2連率,0.0907,1号艇のvs_max234_diff,-0.0746,6号艇のracer_2nd_te,-0.0582,3号艇のwin_rate_rank_2to6,0.0446,4号艇のwin_rate_rank_2to6,0.1499,4号艇のclass_rank_2to6,0.1135,4号艇の全国勝率,0.0967,4号艇の年齢,0.0575,4号艇のsession_exh_rel_avg,0.0504,0.0433,南西 1.3m/s,[逃げ]1号艇のdominanceが不利(-37.7pt)、1号艇のsession_exh_rel_avgが有利(+16.2pt) / [2着]3号艇のsession_exh_rel_avgが有利(+12.1pt)、3号艇の一般戦2連率が有利(+9.1pt) / [候補2]4号艇のwin_rate_rank_2to6が有利(+15.0pt)、4号艇のclass_rank_2to6が有利(+11.3pt)、天気+4.3pt
153,20,若松,6,17:34,0.23070359484061678,2,0.3290061077250229,3,0.22220551538392397,0.12716650296916523,0.16958219366556904,0.38162942944337785,0.10128829352801708,0.203505380911429,1-2,1-3,0.07590289177668201,0.05126361119248323,0.03561797781352853,0.03912322169960445,0.028795890639442826,True,False,False,False,予選,2026-09-02,1号艇のdominance,-0.2751,5号艇の枠別出走数,-0.2113,1号艇のsession_exh_rel_avg,0.1455,1号艇のracer_win_te,-0.1434,1号艇vs2号艇のcumulative差,-0.1124,2号艇の全国勝率,0.053,2号艇の節間得点,0.0464,1号艇の年齢,0.0444,3号艇のモーター2連率,0.0347,1号艇vs2号艇のcumulative差,0.0331,3号艇のsession_exh_rel_avg,-0.1007,3号艇のwin_rate_rank_2to6,-0.0955,3号艇の全国勝率,-0.068,3号艇の節間得点,0.0588,3号艇の年齢,-0.0525,0.0318,東 3.4m/s,[逃げ]1号艇のdominanceが不利(-27.5pt)、5号艇の枠別出走数が不利(-21.1pt) / [2着]2号艇の全国勝率が有利(+5.3pt)、2号艇の節間得点が有利(+4.6pt) / [候補2]3号艇のsession_exh_rel_avgが不利(-10.1pt)、3号艇のwin_rate_rank_2to6が不利(-9.5pt)、天気+3.2pt
154,20,若松,9,19:10,0.1240072432903432,2,0.3679746021002963,4,0.3583047820477334,0.09006390428680534,0.15418980731834553,0.5720895768296842,0.07339958102882083,0.234671606049669,1-2,1-4,0.04563151600731868,0.019120652949017214,0.04443238827948667,0.010826578391334274,0.00399611112790871,True,False,False,False,予選,2026-09-02,1号艇のdominance,-0.333,1号艇のracer_win_te,-0.2289,1号艇のsession_exh_rel_avg,-0.1566,1号艇のvs_max234_diff,-0.1471,3号艇のsession_rank_diff_last,-0.1069,2号艇のsession_exh_rel_avg,0.1418,6号艇のsession_exh_rel_last,-0.0534,3号艇の全国勝率,-0.0436,2号艇の全国勝率,0.0426,1号艇の女子戦2連率,-0.0304,4号艇のwin_rate_rank_2to6,0.2111,4号艇のclass_rank_2to6,0.2092,4号艇の一般戦2連率,0.135,4号艇の年齢,-0.0747,4号艇の全国勝率,0.0635,-0.0226,南東 4.1m/s,[逃げ]1号艇のdominanceが不利(-33.3pt)、1号艇のracer_win_teが不利(-22.9pt) / [2着]2号艇のsession_exh_rel_avgが有利(+14.2pt)、6号艇のsession_exh_rel_lastが不利(-5.3pt) / [候補2]4号艇のwin_rate_rank_2to6が有利(+21.1pt)、4号艇のclass_rank_2to6が有利(+20.9pt) / [除外]6号艇のwin_rate_rank_2to6が不利(-8.7pt)、6号艇のvs_avg456_diffが不利(-5.9pt)、天気-2.3pt
155,06,浜名湖,2,11:50,0.0959445043888625,2,0.4066820415188873,3,0.28406828897433445,0.06627369811561513,0.1361387014595714,0.5546116290336504,0.05544679987275494,0.2127750773910257,1-2,1-3,0.03901890691738044,0.027254791198234693,0.012263958150457437,0.013061760239681891,0.004345087883108032,True,True,False,False,予選,2026-09-02,1号艇のdominance,-0.4383,1号艇のracer_win_te,-0.2134,1号艇の女子戦比率,-0.203,1号艇のsession_exh_rel_avg,-0.1901,1号艇vs2号艇のcumulative差,-0.1464,6号艇のsession_rank_diff_last,-0.1049,2号艇のsession_exh_rel_avg,0.0723,2号艇のracer_avgfin_te,-0.0547,2号艇の節間得点,0.0519,2号艇のwin_rate_rank_2to6,-0.0486,3号艇の節間得点,-0.0923,1号艇の一般戦2連率,0.0588,6号艇のsession_rank_diff_delta,-0.044,3号艇のclass_rank_2to6,0.0422,3号艇のcumulative_diff_rank_2to6,-0.0403,-0.06,南東 3.1m/s,[逃げ]1号艇のdominanceが不利(-43.8pt)、1号艇のracer_win_teが不利(-21.3pt) / [2着]6号艇のsession_rank_diff_lastが不利(-10.5pt)、2号艇のsession_exh_rel_avgが有利(+7.2pt) / [候補2]3号艇の節間得点が不利(-9.2pt)、1号艇の一般戦2連率が有利(+5.9pt) / [除外]4号艇のracer_avgfin_teが不利(-10.8pt)、6号艇のwin_rate_rank_2to6が不利(-6.1pt)、天気-6.0pt
156,18,徳山,8,12:06,0.09252147633566271,4,0.2944332622332249,3,0.2670659224255121,0.051950733525897234,0.20919642023922264,0.3523027644195143,0.03890924454699387,0.14205634279398235,1-4,1-3,0.01935516164466859,0.024709333421753948,0.027241400104143294,0.013213685660367017,0.008001894815391139,True,True,False,False,予選,2026-09-02,1号艇のdominance,-0.4854,1号艇のsession_exh_rel_avg,-0.2566,1号艇のracer_win_te,-0.2565,1号艇の全国2連率,-0.1857,場特性:in_escape_diff,0.1841,4号艇の直近1着率,-0.0859,4号艇の年齢,0.072,4号艇のsession_exh_rel_avg,0.0698,4号艇のwin_rate_rank_2to6,-0.068,4号艇の節間得点,0.0649,3号艇のsession_exh_rel_avg,-0.1359,3号艇のwin_rate_rank_2to6,-0.0947,1号艇vs6号艇のplace_rate差,0.0655,3号艇の節間得点,-0.061,3号艇のcumulative_diff_rank_2to6,-0.0548,0.0713,南東 1.5m/s,[逃げ]1号艇のdominanceが不利(-48.5pt)、1号艇のsession_exh_rel_avgが不利(-25.7pt) / [2着]4号艇の直近1着率が不利(-8.6pt)、4号艇の年齢が有利(+7.2pt) / [候補2]3号艇のsession_exh_rel_avgが不利(-13.6pt)、3号艇のwin_rate_rank_2to6が不利(-9.5pt)、天気+7.1pt
