rank,venue_code,venue_name,race_no,closing_time,in_escape_prob,second_pred_1,second_pred_1_prob,second_pred_2,second_pred_2_prob,confidence_score,third_prob,top2_margin,adjusted_score,score_margin_blend,ticket_1,ticket_2,score_boat2,score_boat3,score_boat4,score_boat5,score_boat6,is_teppan,is_lunch,is_excluded,is_channel_target,race_grade,race_date,top_feat_1,top_feat_1_contrib,top_feat_2,top_feat_2_contrib,top_feat_3,top_feat_3_contrib,top_feat_4,top_feat_4_contrib,top_feat_5,top_feat_5_contrib,s2_top_feat_1,s2_top_feat_1_contrib,s2_top_feat_2,s2_top_feat_2_contrib,s2_top_feat_3,s2_top_feat_3_contrib,s2_top_feat_4,s2_top_feat_4_contrib,s2_top_feat_5,s2_top_feat_5_contrib,s2_top2_feat_1,s2_top2_feat_1_contrib,s2_top2_feat_2,s2_top2_feat_2_contrib,s2_top2_feat_3,s2_top2_feat_3_contrib,s2_top2_feat_4,s2_top2_feat_4_contrib,s2_top2_feat_5,s2_top2_feat_5_contrib,weather_contribution,wind_info,reason_text
1,22,福岡,10,16:56,0.8599307897056675,2,0.6239939991808168,3,0.2365772200594204,0.7400316881592263,0.06357955365300927,0.7969916655872279,0.6835706268525304,0.7571196813876266,1-2,1-3,0.5365916524871575,0.20344003567206886,0.054674015781966116,0.053383118846959135,0.011841963714024219,True,False,False,False,準優勝戦,2026-08-16,1号艇のracer_win_te,0.1762,1号艇のdominance,0.1588,1号艇のsession_exh_rel_avg,0.1267,1号艇の勝率順位,0.0918,1号艇の全国勝率,0.0889,2号艇のwin_rate_rank_2to6,0.2004,2号艇のclass_rank_2to6,0.1031,2号艇のracer_avgfin_te,0.0793,2号艇のモーター2連率,0.0785,2号艇の全国勝率,0.0589,3号艇のwin_rate_rank_2to6,-0.1248,1号艇のracer_avgfin_te,0.1068,場特性:1x_diff_course3,0.0467,3号艇のcumulative_diff_rank_2to6,0.0416,6号艇のモーター出走数,0.0399,0.1104,南東 2.3m/s,[逃げ]1号艇のracer_win_teが有利(+17.6pt)、1号艇のdominanceが有利(+15.9pt) / [2着]2号艇のwin_rate_rank_2to6が有利(+20.0pt)、2号艇のclass_rank_2to6が有利(+10.3pt) / [候補2]3号艇のwin_rate_rank_2to6が不利(-12.5pt)、1号艇のracer_avgfin_teが有利(+10.7pt) / [除外]2号艇の直近1着率が不利(-6.1pt)、2号艇のracer_avgfin_teが不利(-5.6pt)、天気+11.0pt
2,22,福岡,12,18:00,0.8746861472398657,2,0.4806399765322321,3,0.37004940665923347,0.7440862190816008,0.08954365448002666,0.7611457287114389,0.6641323799158501,0.7492040719705522,1-2,1-3,0.42040912928243757,0.3236770897991632,0.07832259414691226,0.04470978768008328,0.0075675536628040125,True,False,False,False,準優勝戦,2026-08-16,1号艇のdominance,0.3063,1号艇のsession_exh_rel_avg,0.1338,1号艇の全国勝率,0.1063,6号艇の枠別出走数,-0.0973,1号艇の勝率順位,0.0951,2号艇のwin_rate_rank_2to6,0.1292,2号艇のsession_exh_rel_avg,0.0731,2号艇の当地勝率,0.0632,場特性:1x_diff_course2,0.056,2号艇の全国勝率,0.0533,1号艇の直近1着率,0.0788,3号艇のwin_rate_rank_2to6,-0.0627,3号艇のsession_exh_rel_avg,0.0547,3号艇のcumulative_diff_rank_2to6,0.0489,場特性:1x_diff_course3,0.0424,0.0781,南東 2.5m/s,[逃げ]1号艇のdominanceが有利(+30.6pt)、1号艇のsession_exh_rel_avgが有利(+13.4pt) / [2着]2号艇のwin_rate_rank_2to6が有利(+12.9pt)、2号艇のsession_exh_rel_avgが有利(+7.3pt) / [候補2]1号艇の直近1着率が有利(+7.9pt)、3号艇のwin_rate_rank_2to6が不利(-6.3pt) / [除外]6号艇のwin_rate_rank_2to6が不利(-7.1pt)、6号艇のvs_avg456_diffが不利(-6.8pt)、天気+7.8pt
3,22,福岡,11,17:28,0.8099071699656134,2,0.5800329855566746,3,0.2557189411883902,0.6768814777834041,0.10346021275303517,0.7322917139920296,0.5928451157433323,0.6935045486459918,1-2,1-3,0.46977287381891186,0.20710860396449227,0.08379316811485098,0.02964937209500056,0.019583154989497125,True,False,False,False,準優勝戦,2026-08-16,1号艇のsession_exh_rel_avg,0.164,1号艇のdominance,0.1565,1号艇のracer_win_te,0.1168,1号艇の節間得点,0.087,1号艇の級別順位,0.0775,2号艇のwin_rate_rank_2to6,0.169,2号艇のsession_exh_rel_avg,0.0973,2号艇のclass_rank_2to6,0.0921,2号艇の全国勝率,0.0505,場特性:1x_diff_course2,0.0498,3号艇のwin_rate_rank_2to6,-0.0765,3号艇のsession_exh_rel_avg,0.0761,3号艇の当地勝率,-0.0565,3号艇の節間得点,0.056,3号艇の全国勝率,0.0449,0.095,南東 2.2m/s,[逃げ]1号艇のsession_exh_rel_avgが有利(+16.4pt)、1号艇のdominanceが有利(+15.7pt) / [2着]2号艇のwin_rate_rank_2to6が有利(+16.9pt)、2号艇のsession_exh_rel_avgが有利(+9.7pt) / [候補2]3号艇のwin_rate_rank_2to6が不利(-7.7pt)、3号艇のsession_exh_rel_avgが有利(+7.6pt) / [除外]1号艇vs6号艇のcumulative差が不利(-5.0pt)、天気+9.5pt
4,01,桐生,11,20:02,0.7070294255876262,3,0.5873643460428151,2,0.3053803577127212,0.6311967750926722,0.06657473248096793,0.8261699712745684,0.5807706673590991,0.6896887339472411,1-3,1-2,0.21591289889936907,0.4152838761933032,0.047070294864668634,0.017985494532151567,0.010776850562574245,False,False,False,False,特別選抜戦,2026-08-16,場特性:in_escape_diff,-0.1132,1号艇のsession_exh_rel_avg,0.1114,1号艇のdominance,0.1023,風速区分,0.0928,1号艇のracer_win_te,0.0898,3号艇のwin_rate_rank_2to6,0.2418,3号艇の全国勝率,0.1891,6号艇のモーター出走数,0.0987,3号艇の当地勝率,0.0956,3号艇のsession_exh_rel_avg,0.0928,3号艇の全国2連率,0.1239,win_rate_gap_top2_2to6,-0.0822,2号艇の節間得点,0.0821,2号艇のclass_rank_2to6,0.081,2号艇のsession_exh_rel_avg,-0.0649,0.1212,東 1.6m/s,[逃げ]場特性:in_escape_diffが不利(-11.3pt)、1号艇のsession_exh_rel_avgが有利(+11.1pt) / [2着]3号艇のwin_rate_rank_2to6が有利(+24.2pt)、3号艇の全国勝率が有利(+18.9pt) / [候補2]3号艇の全国2連率が有利(+12.4pt)、win_rate_gap_top2_2to6が不利(-8.2pt) / [除外]6号艇のwin_rate_rank_2to6が不利(-7.5pt)、1号艇vs6号艇の枠別平均ST差が不利(-5.6pt)、天気+12.1pt
5,07,蒲郡,8,18:40,0.7752024206039698,3,0.5190927627601326,2,0.3269246545712753,0.6558347497884264,0.11655118290390606,0.7294662344275018,0.5641087707356324,0.6779241951801489,1-3,1-2,0.2534327835787693,0.402401966209657,0.090350759111364,0.02701741168291622,0.0019994928016281804,True,False,False,False,一般戦,2026-08-16,1号艇のdominance,0.225,1号艇の勝率順位,0.095,1号艇のvs_max234_diff,0.078,1号艇のlocal_win_rate順位,0.0683,1号艇の級別順位,0.0679,3号艇のwin_rate_rank_2to6,0.1699,3号艇のsession_exh_rel_avg,0.0898,3号艇のracer_2nd_te,0.051,1号艇のracer_2nd_te,0.0478,3号艇のclass_rank_2to6,0.0455,2号艇のsession_exh_rel_avg,0.0816,1号艇vs2号艇のcumulative差,-0.0606,2号艇の節間得点,-0.0594,2号艇のwin_rate_rank_2to6,0.0571,2号艇の直近平均着順,-0.0504,-0.0297,南東 4.9m/s,[逃げ]1号艇のdominanceが有利(+22.5pt)、1号艇の勝率順位が有利(+9.5pt) / [2着]3号艇のwin_rate_rank_2to6が有利(+17.0pt)、3号艇のsession_exh_rel_avgが有利(+9.0pt) / [候補2]2号艇のsession_exh_rel_avgが有利(+8.2pt)、1号艇vs2号艇のcumulative差が不利(-6.1pt) / [除外]6号艇の直近平均着順が不利(-20.8pt)、6号艇のwin_rate_rank_2to6が不利(-10.4pt)、天気-3.0pt
6,05,多摩川,7,14:35,0.7326429985094274,2,0.7078726456788884,3,0.12526279896694809,0.6103908503298108,0.07167555277191955,0.761459891873917,0.5578907284046374,0.6557115627930425,1-2,1-3,0.5186179376929823,0.09177291263682845,0.024648001666067537,0.052512591902639835,0.045091569622102395,True,True,False,False,予選,2026-08-16,1号艇のsession_exh_rel_avg,0.1796,1号艇のracer_win_te,0.1609,1号艇の節間得点,0.1243,1号艇の級別順位,-0.0931,風速区分,0.0816,2号艇のwin_rate_rank_2to6,0.2313,4号艇の年齢,0.1437,2号艇の当地勝率,0.1096,2号艇のclass_rank_2to6,0.0975,2号艇の全国勝率,0.0639,3号艇のwin_rate_rank_2to6,-0.142,3号艇のsession_exh_rel_avg,0.1041,3号艇の全国勝率,-0.0626,3号艇のsession_exh_rel_last,0.0429,4号艇の女子戦2連率,0.0355,0.0532,南東 1.6m/s,[逃げ]1号艇のsession_exh_rel_avgが有利(+18.0pt)、1号艇のracer_win_teが有利(+16.1pt) / [2着]2号艇のwin_rate_rank_2to6が有利(+23.1pt)、4号艇の年齢が有利(+14.4pt) / [候補2]3号艇のwin_rate_rank_2to6が不利(-14.2pt)、3号艇のsession_exh_rel_avgが有利(+10.4pt) / [除外]4号艇の年齢が不利(-7.1pt)、天気+5.3pt
7,12,住之江,10,19:36,0.8240143048478628,3,0.5655489333747503,4,0.20362298745643215,0.6338086656522022,0.1091008180649822,0.6600711027662003,0.5508298129490061,0.6416873967864016,1-3,1-4,0.08990063475614946,0.46602041119224513,0.16778825445995701,0.07414052663136698,0.026164480877836706,True,False,False,False,予選特別Ｂ戦,2026-08-16,1号艇のdominance,0.1537,3号艇のracer_win_te,-0.1499,1号艇のsession_exh_rel_avg,0.1247,1号艇のracer_win_te,0.1234,1号艇の全国勝率,0.1171,3号艇のwin_rate_rank_2to6,0.2411,3号艇のsession_exh_rel_avg,0.0854,3号艇の当地勝率,0.0694,3号艇の節間得点,0.0655,3号艇のracer_avgfin_te,0.0602,4号艇のsession_exh_rel_avg,0.1128,3号艇の直近1着率,0.1098,4号艇のwin_rate_rank_2to6,-0.0917,4号艇のモーター2連率,0.0843,4号艇のclass_rank_2to6,-0.0713,0.1152,東 1.1m/s,[逃げ]1号艇のdominanceが有利(+15.4pt)、3号艇のracer_win_teが不利(-15.0pt) / [2着]3号艇のwin_rate_rank_2to6が有利(+24.1pt)、3号艇のsession_exh_rel_avgが有利(+8.5pt) / [候補2]4号艇のsession_exh_rel_avgが有利(+11.3pt)、3号艇の直近1着率が有利(+11.0pt) / [除外]3号艇のracer_avgfin_teが不利(-9.7pt)、6号艇のwin_rate_rank_2to6が不利(-7.2pt)、天気+11.5pt
8,24,大村,2,15:48,0.8055645479483904,2,0.5061001770185758,3,0.2945042914606736,0.6449385767359479,0.12209869856725819,0.6785057699119912,0.5504431836856131,0.6550087346887609,1-2,1-3,0.40769636031656936,0.2372422164193785,0.09835838291642013,0.037127255478304484,0.02514031481194715,True,False,False,False,一般,2026-08-16,1号艇のdominance,0.1745,場特性:in_escape_diff,0.1534,1号艇のsession_exh_rel_avg,0.1075,1号艇の勝率順位,0.0849,1号艇の節間得点,0.0752,2号艇のsession_exh_rel_avg,0.1024,4号艇の女子戦比率,0.0695,2号艇の節間得点,0.0649,second_best_win_rate,0.0503,4号艇のsession_rank_diff_last,0.0482,3号艇のwin_rate_rank_2to6,0.0721,場特性:1x_diff_course3,0.0607,6号艇の女子戦比率,0.0419,3号艇のsession_exh_rel_avg,-0.0384,3号艇の体重,-0.0326,-0.015,南東 4.6m/s,[逃げ]1号艇のdominanceが有利(+17.5pt)、場特性:in_escape_diffが有利(+15.3pt) / [2着]2号艇のsession_exh_rel_avgが有利(+10.2pt)、4号艇の女子戦比率が有利(+7.0pt) / [候補2]3号艇のwin_rate_rank_2to6が有利(+7.2pt)、場特性:1x_diff_course3が有利(+6.1pt) / [除外]6号艇のsession_exh_rel_avgが不利(-6.9pt)、6号艇の女子戦比率が不利(-6.3pt)、天気-1.5pt
9,07,蒲郡,10,19:42,0.7281080643410696,2,0.5339368381431799,3,0.2903535754068547,0.6001724974648155,0.08625625406621766,0.738034159483817,0.5380501397549577,0.6415309960705159,1-2,1-3,0.3887637177008217,0.21140877976399375,0.06280387418546525,0.04881068588645703,0.016321005448124908,True,False,False,False,特別選抜戦,2026-08-16,1号艇のdominance,0.1884,6号艇の枠別出走数,-0.1499,1号艇のsession_exh_rel_avg,0.1392,1号艇のracer_win_te,0.0948,1号艇の節間得点,0.0871,2号艇のwin_rate_rank_2to6,0.1765,2号艇のclass_rank_2to6,0.0772,2号艇の節間得点,0.069,2号艇のracer_avgfin_te,0.0652,2号艇の全国勝率,0.0491,3号艇のwin_rate_rank_2to6,-0.09,場特性:1x_diff_course3,0.0597,3号艇のcumulative_diff_rank_2to6,-0.0581,3号艇のsession_exh_rel_avg,0.0523,3号艇のclass_rank_2to6,0.0457,0.0047,東 5.4m/s,[逃げ]1号艇のdominanceが有利(+18.8pt)、6号艇の枠別出走数が不利(-15.0pt) / [2着]2号艇のwin_rate_rank_2to6が有利(+17.7pt)、2号艇のclass_rank_2to6が有利(+7.7pt) / [候補2]3号艇のwin_rate_rank_2to6が不利(-9.0pt)、場特性:1x_diff_course3が有利(+6.0pt) / [除外]1号艇vs6号艇のcumulative差が不利(-6.2pt)、天気+0.5pt
10,18,徳山,4,10:06,0.7838309995092193,2,0.5492181854559397,3,0.23826215457336813,0.6172515020190322,0.11635660513138193,0.6711237348979259,0.5310659548744151,0.6334131718827003,1-2,1-3,0.430494239254569,0.18675726276446325,0.09120391409963066,0.06227836908154621,0.013097204819016642,False,False,True,False,ガチトク予選,2026-08-16,1号艇のdominance,0.2953,場特性:in_escape_diff,0.1926,風速区分,0.078,1号艇のvs_max234_diff,0.0719,1号艇の勝率順位,0.0694,2号艇のwin_rate_rank_2to6,0.1446,2号艇のclass_rank_2to6,0.1037,2号艇のモーター2連率,0.066,2号艇のsession_avg_finish,0.0482,場特性:1x_diff_course2,0.0473,3号艇のwin_rate_rank_2to6,-0.0631,場特性:1x_diff_course3,0.0462,3号艇の年齢,-0.0426,3号艇の女子戦勝率,0.0363,3号艇の全国勝率,-0.0276,0.1029,南東 1.8m/s,[逃げ]1号艇のdominanceが有利(+29.5pt)、場特性:in_escape_diffが有利(+19.3pt) / [2着]2号艇のwin_rate_rank_2to6が有利(+14.5pt)、2号艇のclass_rank_2to6が有利(+10.4pt) / [候補2]3号艇のwin_rate_rank_2to6が不利(-6.3pt)、場特性:1x_diff_course3が有利(+4.6pt) / [除外]6号艇のwin_rate_rank_2to6が不利(-7.3pt)、天気+10.3pt
11,02,戸田,4,12:14,0.7036988073152282,2,0.44980619027055413,3,0.38059207808314777,0.5843502710371308,0.09041390300872423,0.7399843653449777,0.5209502045627233,0.6310404993294848,1-2,1-3,0.3165280796163955,0.26782219142073527,0.06362415571195396,0.053670608701048304,0.002053779156092819,True,True,False,False,一般,2026-08-16,場特性:in_escape_diff,-0.1386,1号艇のsession_exh_rel_avg,0.1364,1号艇の節間得点,0.0844,風速区分,0.0808,1号艇のモーター2連率,0.0673,2号艇のモーター2連率,0.091,2号艇のwin_rate_rank_2to6,0.0643,2号艇のsession_exh_rel_avg,-0.062,2号艇の節間得点,-0.0556,1号艇のモーター出走数,0.0421,3号艇のwin_rate_rank_2to6,0.1752,3号艇のsession_exh_rel_avg,0.0742,3号艇の女子戦勝率,-0.0442,3号艇のclass_rank_2to6,0.0429,場特性:1x_diff_course3,-0.0392,0.0189,北東 0.7m/s,[逃げ]場特性:in_escape_diffが不利(-13.9pt)、1号艇のsession_exh_rel_avgが有利(+13.6pt) / [2着]2号艇のモーター2連率が有利(+9.1pt)、2号艇のwin_rate_rank_2to6が有利(+6.4pt) / [候補2]3号艇のwin_rate_rank_2to6が有利(+17.5pt)、3号艇のsession_exh_rel_avgが有利(+7.4pt) / [除外]6号艇の直近平均着順が不利(-19.2pt)、6号艇の全国勝率が不利(-16.7pt)、天気+1.9pt
12,06,浜名湖,4,13:09,0.8642974667338742,3,0.397811154159477,2,0.3315304204391852,0.6303680753093187,0.1457217416888824,0.5836198329097798,0.5201380747023477,0.616343602589457,1-3,1-2,0.286540902530804,0.34382717277851466,0.12594693218974906,0.08707815083247254,0.020904318061610895,True,True,False,False,ランチタイム,2026-08-16,1号艇のdominance,0.2965,1号艇のvs_max234_diff,0.1236,1号艇の勝率順位,0.0826,1号艇のlocal_win_rate順位,0.0726,1号艇の級別順位,0.0707,3号艇のwin_rate_rank_2to6,0.155,3号艇のsession_exh_rel_avg,-0.1432,3号艇の全国勝率,-0.0446,3号艇の節間得点,0.0424,3号艇のsession_exh_rel_last,-0.0396,2号艇のwin_rate_rank_2to6,0.0749,2号艇の節間得点,-0.0716,2号艇のsession_exh_rel_avg,-0.0678,2号艇のclass_rank_2to6,-0.058,second_best_win_rate,0.0535,0.0359,南東 3.4m/s,[逃げ]1号艇のdominanceが有利(+29.7pt)、1号艇のvs_max234_diffが有利(+12.4pt) / [2着]3号艇のwin_rate_rank_2to6が有利(+15.5pt)、3号艇のsession_exh_rel_avgが不利(-14.3pt) / [候補2]2号艇のwin_rate_rank_2to6が有利(+7.5pt)、2号艇の節間得点が不利(-7.2pt) / [除外]6号艇の節間得点が不利(-7.6pt)、6号艇のwin_rate_rank_2to6が不利(-6.9pt)、天気+3.6pt
13,24,大村,10,19:49,0.8202840293958513,2,0.5400714799033646,3,0.2393989594412804,0.6393871527805799,0.16299646620025354,0.6164739731443915,0.5143257370560885,0.6325131988897233,1-2,1-3,0.44301200969691246,0.19637514308366746,0.13370339807202866,0.039390836958187854,0.007802654190213854,True,False,False,False,準優勝戦,2026-08-16,1号艇のdominance,0.2239,場特性:in_escape_diff,0.1429,1号艇のsession_exh_rel_avg,0.1367,1号艇の女子戦比率,-0.1166,4号艇のモーター2連率,-0.1156,2号艇のsession_exh_rel_avg,0.0988,2号艇のモーター2連率,0.093,4号艇の女子戦比率,0.0807,2号艇のwin_rate_rank_2to6,0.0784,2号艇の全国勝率,0.0444,3号艇のwin_rate_rank_2to6,-0.095,3号艇のsession_exh_rel_avg,0.0747,3号艇の節間得点,0.062,場特性:1x_diff_course3,0.0488,3号艇のcumulative_diff_rank_2to6,0.0386,0.007,南 4.0m/s,[逃げ]1号艇のdominanceが有利(+22.4pt)、場特性:in_escape_diffが有利(+14.3pt) / [2着]2号艇のsession_exh_rel_avgが有利(+9.9pt)、2号艇のモーター2連率が有利(+9.3pt) / [候補2]3号艇のwin_rate_rank_2to6が不利(-9.5pt)、3号艇のsession_exh_rel_avgが有利(+7.5pt) / [除外]4号艇の女子戦2連率が不利(-14.3pt)、6号艇のwin_rate_rank_2to6が不利(-7.4pt)、天気+0.7pt
14,17,宮島,11,16:04,0.7886662902910087,3,0.5476663601633104,4,0.22856362254808715,0.6121864208776516,0.14875361905668627,0.6274763636547113,0.5029084861061591,0.6167734037107695,1-3,1-4,0.11731696490879866,0.43192599658717745,0.18026042429047423,0.04620011882487363,0.01296278641418737,True,False,False,False,予選特選,2026-08-16,1号艇のdominance,0.1858,風速区分,0.103,1号艇の勝率順位,0.0927,1号艇のracer_win_te,0.0898,1号艇の級別順位,0.0749,3号艇のwin_rate_rank_2to6,0.1971,3号艇のsession_exh_rel_avg,0.085,3号艇の当地勝率,0.0694,1号艇のracer_win_te,0.0546,6号艇のsession_rank_diff_delta,-0.0529,4号艇のclass_rank_2to6,0.1156,4号艇のsession_exh_rel_avg,-0.0831,4号艇のwin_rate_rank_2to6,0.0722,4号艇の節間得点,0.0479,4号艇の直近複勝率,0.0416,0.1475,南東 2.4m/s,[逃げ]1号艇のdominanceが有利(+18.6pt)、風速区分が有利(+10.3pt) / [2着]3号艇のwin_rate_rank_2to6が有利(+19.7pt)、3号艇のsession_exh_rel_avgが有利(+8.5pt) / [候補2]4号艇のclass_rank_2to6が有利(+11.6pt)、4号艇のsession_exh_rel_avgが不利(-8.3pt) / [除外]6号艇のsession_exh_rel_avgが不利(-9.2pt)、6号艇のwin_rate_rank_2to6が不利(-6.8pt)、天気+14.8pt
15,01,桐生,12,20:31,0.8564912644522282,2,0.3563430775593355,3,0.34470573306037844,0.6004421822504095,0.13743874471884288,0.563610065900871,0.5014133584847227,0.5893925473455479,1-2,1-3,0.30520473307759366,0.2952374491728158,0.11771508424896875,0.08571870605615414,0.05261530146873181,False,False,False,False,優勝戦,2026-08-16,1号艇のracer_win_te,0.1945,1号艇のdominance,0.1886,1号艇の全国勝率,0.1279,風速区分,0.1149,5号艇の節間得点,-0.0985,2号艇の当地勝率,0.2488,2号艇のwin_rate_rank_2to6,0.1593,2号艇のclass_rank_2to6,-0.078,2号艇のsession_exh_rel_avg,-0.078,3号艇のモーター出走数,0.0768,3号艇の節間得点,0.0905,4号艇のモーター出走数,-0.0856,6号艇のモーター出走数,0.0849,3号艇の当地勝率,0.073,1号艇の直近1着率,0.063,0.0598,東 1.7m/s,[逃げ]1号艇のracer_win_teが有利(+19.5pt)、1号艇のdominanceが有利(+18.9pt) / [2着]2号艇の当地勝率が有利(+24.9pt)、2号艇のwin_rate_rank_2to6が有利(+15.9pt) / [候補2]3号艇の節間得点が有利(+9.1pt)、4号艇のモーター出走数が不利(-8.6pt)、天気+6.0pt
16,12,住之江,9,18:58,0.7486938740091393,3,0.4633906833156244,2,0.2951558170490485,0.567919117974102,0.13480211292268324,0.6237443874419897,0.47605108148758735,0.5846666988144683,1-3,1-2,0.22098135210278488,0.3469377658713171,0.10092551614870118,0.07215298153933998,0.0076962691547665515,True,False,False,False,予選,2026-08-16,1号艇のdominance,0.1764,3号艇のracer_win_te,-0.1399,1号艇の年齢,-0.119,1号艇の勝率順位,0.0792,1号艇のlocal_win_rate順位,0.0752,3号艇のwin_rate_rank_2to6,0.2147,3号艇の当地勝率,0.0955,3号艇のracer_avgfin_te,0.055,3号艇のracer_win_te,0.0517,3号艇のsession_exh_rel_avg,-0.0508,2号艇のwin_rate_rank_2to6,-0.1389,2号艇の全国勝率,0.0581,2号艇の当地勝率,0.0461,2号艇のモーター2連率,0.0314,2号艇の節間得点,-0.0233,0.0936,北東 1.1m/s,[逃げ]1号艇のdominanceが有利(+17.6pt)、3号艇のracer_win_teが不利(-14.0pt) / [2着]3号艇のwin_rate_rank_2to6が有利(+21.5pt)、3号艇の当地勝率が有利(+9.5pt) / [候補2]2号艇のwin_rate_rank_2to6が不利(-13.9pt)、2号艇の全国勝率が有利(+5.8pt) / [除外]6号艇のwin_rate_rank_2to6が不利(-8.3pt)、3号艇のracer_avgfin_teが不利(-7.6pt)、天気+9.4pt
17,10,三国,1,08:32,0.7881057038944883,4,0.37058262851928003,2,0.3490773878799551,0.5671681637890382,0.134283141538489,0.5853768748607462,0.4757748164119882,0.5726307771105505,1-4,1-2,0.2751098804887814,0.10582930978335407,0.29205828330025685,0.06408682438064572,0.05102139126183762,False,False,True,False,みくにあさイ,2026-08-16,1号艇のdominance,0.298,1号艇のsession_exh_rel_avg,0.1389,1号艇の勝率順位,0.091,1号艇のモーター2連率,0.0845,1号艇のlocal_win_rate順位,0.0812,4号艇のwin_rate_rank_2to6,0.207,4号艇のsession_exh_rel_avg,0.0879,4号艇のモーター2連率,0.0782,4号艇のclass_rank_2to6,-0.0687,1号艇vs3号艇の直近複勝率差,0.0618,2号艇のwin_rate_rank_2to6,-0.2098,2号艇の全国2連率,-0.1627,2号艇の全国勝率,-0.1203,全艇平均勝率,0.0904,2号艇のsession_exh_rel_avg,0.0803,0.0368,南 3.7m/s,[逃げ]1号艇のdominanceが有利(+29.8pt)、1号艇のsession_exh_rel_avgが有利(+13.9pt) / [2着]4号艇のwin_rate_rank_2to6が有利(+20.7pt)、4号艇のsession_exh_rel_avgが有利(+8.8pt) / [候補2]2号艇のwin_rate_rank_2to6が不利(-21.0pt)、2号艇の全国2連率が不利(-16.3pt) / [除外]6号艇のsession_exh_rel_avgが不利(-7.1pt)、3号艇のracer_win_teが不利(-5.0pt)、天気+3.7pt
18,10,三国,3,09:24,0.636031392175104,3,0.4560023365662643,2,0.3646083520000081,0.5219341586825769,0.07405766970702189,0.7465530188592505,0.47555028564354496,0.589319816735579,1-3,1-2,0.2319023577212355,0.2900318009613414,0.04662563053264942,0.04710300276500116,0.020368599010175684,False,False,True,False,みくにあさズ,2026-08-16,1号艇のdominance,0.1677,1号艇の勝率順位,0.0832,1号艇のracer_win_te,0.077,1号艇の級別順位,0.0635,1号艇のsession_exh_rel_avg,-0.0547,3号艇のwin_rate_rank_2to6,0.1539,3号艇のsession_exh_rel_avg,0.1163,3号艇のclass_rank_2to6,0.049,場特性:1x_diff_course3,-0.0365,3号艇の全国勝率,0.0262,2号艇のsession_exh_rel_avg,-0.0703,2号艇のモーター2連率,0.069,2号艇のclass_rank_2to6,-0.055,2号艇の節間得点,0.0536,2号艇の全国勝率,0.0406,0.0156,南東 2.3m/s,[逃げ]1号艇のdominanceが有利(+16.8pt)、1号艇の勝率順位が有利(+8.3pt) / [2着]3号艇のwin_rate_rank_2to6が有利(+15.4pt)、3号艇のsession_exh_rel_avgが有利(+11.6pt) / [候補2]2号艇のsession_exh_rel_avgが不利(-7.0pt)、2号艇のモーター2連率が有利(+6.9pt) / [除外]6号艇のsession_exh_rel_avgが不利(-8.5pt)、4号艇のwin_rate_rank_2to6が不利(-5.1pt)、天気+1.6pt
19,24,大村,3,16:17,0.6994738080864937,2,0.627658215679634,3,0.1383040792491462,0.5357705632845039,0.09852150585479172,0.6674407890739885,0.47242865605955275,0.5752716310213493,1-2,1-3,0.4390304822982074,0.09674008098629651,0.06891321287866695,0.030444330215813387,0.06434571994771052,True,False,False,False,一般,2026-08-16,場特性:in_escape_diff,0.1374,1号艇の節間得点,0.1017,1号艇のdominance,0.0846,1号艇のsession_exh_rel_avg,-0.0634,1号艇のvs_max234_diff,0.0595,3号艇のracer_2nd_te,0.1012,2号艇のsession_exh_rel_avg,0.0807,2号艇のwin_rate_rank_2to6,0.0625,2号艇の女子戦比率,-0.0613,2号艇のracer_2nd_te,0.0606,3号艇のwin_rate_rank_2to6,-0.1597,3号艇のracer_win_te,-0.1117,3号艇の全国勝率,-0.0992,3号艇の節間得点,-0.0645,3号艇のracer_avgfin_te,-0.0642,-0.0077,南東 4.1m/s,[逃げ]場特性:in_escape_diffが有利(+13.7pt)、1号艇の節間得点が有利(+10.2pt) / [2着]3号艇のracer_2nd_teが有利(+10.1pt)、2号艇のsession_exh_rel_avgが有利(+8.1pt) / [候補2]3号艇のwin_rate_rank_2to6が不利(-16.0pt)、3号艇のracer_win_teが不利(-11.2pt) / [除外]6号艇の女子戦比率が不利(-5.2pt)、5号艇のracer_avgfin_teが不利(-5.0pt)、天気-0.8pt
20,11,琵琶湖,5,12:40,0.5913146644969385,2,0.5968162916533223,4,0.26248374606202163,0.5081167135038551,0.0609259184454192,0.7983741192699247,0.47096774056662677,0.5951939352336759,1-2,1-4,0.35290622526529125,0.03602638902472089,0.15521048823856393,0.03384897783395436,0.013322581380884583,True,True,False,False,予選,2026-08-16,1号艇のsession_exh_rel_avg,0.1801,1号艇のdominance,-0.1476,ST差分(4-3),-0.1011,1号艇の級別順位,0.0842,風速区分,0.0729,2号艇のwin_rate_rank_2to6,0.2404,2号艇のclass_rank_2to6,0.1301,2号艇の当地勝率,0.1107,2号艇の全国勝率,0.076,3号艇の平均ST,-0.072,4号艇のsession_exh_rel_avg,0.0937,4号艇のwin_rate_rank_2to6,0.0905,2号艇のsession_exh_rel_delta,0.0824,4号艇のclass_rank_2to6,0.079,4号艇の年齢,0.0607,0.0894,南東 1.2m/s,[逃げ]1号艇のsession_exh_rel_avgが有利(+18.0pt)、1号艇のdominanceが不利(-14.8pt) / [2着]2号艇のwin_rate_rank_2to6が有利(+24.0pt)、2号艇のclass_rank_2to6が有利(+13.0pt) / [候補2]4号艇のsession_exh_rel_avgが有利(+9.4pt)、4号艇のwin_rate_rank_2to6が有利(+9.1pt) / [除外]6号艇のwin_rate_rank_2to6が不利(-7.9pt)、3号艇のwin_rate_rank_2to6が不利(-6.1pt)、天気+8.9pt
21,11,琵琶湖,11,15:58,0.6613348138843698,4,0.4918114395596364,2,0.29760338391889873,0.5220675053627397,0.10303310122309692,0.6863817222554383,0.4575192244123451,0.5713617704305493,1-4,1-2,0.19681547851536355,0.06813937682130623,0.32525202684737614,0.06577912873805179,0.0053488128169287205,True,False,False,False,予選特選,2026-08-16,1号艇のracer_win_te,0.1409,1号艇のsession_exh_rel_avg,-0.1001,風速区分,0.0862,5号艇のsession_exh_rel_avg,-0.0848,場特性:in_escape_diff,-0.08,4号艇のclass_rank_2to6,0.2429,4号艇のwin_rate_rank_2to6,0.231,4号艇の全国勝率,0.1582,5号艇のsession_exh_rel_last,0.0864,4号艇のsession_exh_rel_avg,-0.0723,2号艇のsession_exh_rel_avg,0.1422,win_rate_gap_top2_2to6,-0.0455,1号艇の年齢,0.0412,2号艇の全国勝率,0.0411,2号艇のモーター2連率,-0.0387,0.1474,東 1.7m/s,[逃げ]1号艇のracer_win_teが有利(+14.1pt)、1号艇のsession_exh_rel_avgが不利(-10.0pt) / [2着]4号艇のclass_rank_2to6が有利(+24.3pt)、4号艇のwin_rate_rank_2to6が有利(+23.1pt) / [候補2]2号艇のsession_exh_rel_avgが有利(+14.2pt)、win_rate_gap_top2_2to6が不利(-4.6pt) / [除外]4号艇の女子戦2連率が不利(-14.0pt)、6号艇のwin_rate_rank_2to6が不利(-7.1pt)、天気+14.7pt
22,22,福岡,9,16:14,0.6976921048603146,2,0.5612806451345052,3,0.18175848159760344,0.5184125323232949,0.11799544974407591,0.6250436769880326,0.44500814843795194,0.5504018757227161,1-2,1-3,0.3916010747212482,0.1268114576020467,0.0823244936958838,0.07423367406336312,0.02272140217866718,True,False,False,False,一般戦,2026-08-16,1号艇のdominance,0.1525,1号艇の勝率順位,0.0916,4号艇の枠別出走数,-0.065,1号艇のvs_max234_diff,0.0597,1号艇の級別順位,0.0573,2号艇のsession_exh_rel_avg,0.0889,3号艇のracer_2nd_te,0.0809,2号艇のモーター2連率,0.064,2号艇の節間得点,-0.06,2号艇のwin_rate_rank_2to6,0.0564,3号艇のsession_exh_rel_avg,-0.1543,3号艇のwin_rate_rank_2to6,-0.102,3号艇のモーター2連率,0.1016,3号艇の当地勝率,-0.0771,3号艇のracer_win_te,-0.0716,0.0576,南東 2.3m/s,[逃げ]1号艇のdominanceが有利(+15.2pt)、1号艇の勝率順位が有利(+9.2pt) / [2着]2号艇のsession_exh_rel_avgが有利(+8.9pt)、3号艇のracer_2nd_teが有利(+8.1pt) / [候補2]3号艇のsession_exh_rel_avgが不利(-15.4pt)、3号艇のwin_rate_rank_2to6が不利(-10.2pt) / [除外]6号艇のsession_exh_rel_avgが不利(-6.2pt)、天気+5.8pt
23,05,多摩川,11,16:47,0.7673995838751091,3,0.5324922164093037,4,0.1810112440811507,0.5475422586738251,0.15797225715386837,0.555531203336586,0.4437464748860275,0.5499389420726534,1-3,1-4,0.1212278444036903,0.40863430528923417,0.13890795338459086,0.05803801555262636,0.04059145666860871,True,False,False,False,新涼選抜戦,2026-08-16,1号艇のracer_win_te,0.1937,1号艇のdominance,0.1666,1号艇のsession_exh_rel_avg,0.1569,1号艇の勝率順位,0.0893,1号艇の直近1着率,-0.0828,2号艇の直近複勝率,0.1193,3号艇のモーター2連率,0.0889,6号艇の直近1着率,0.0642,3号艇のwin_rate_rank_2to6,-0.062,1号艇のsession_rank_diff_last,0.0592,4号艇のsession_exh_rel_avg,-0.0719,4号艇のwin_rate_rank_2to6,0.0701,4号艇の年齢,-0.0576,4号艇の節間得点,-0.0503,場特性:1x_diff_course4,-0.0449,0.0849,東 0.6m/s,[逃げ]1号艇のracer_win_teが有利(+19.4pt)、1号艇のdominanceが有利(+16.7pt) / [2着]2号艇の直近複勝率が有利(+11.9pt)、3号艇のモーター2連率が有利(+8.9pt) / [候補2]4号艇のsession_exh_rel_avgが不利(-7.2pt)、4号艇のwin_rate_rank_2to6が有利(+7.0pt) / [除外]2号艇のwin_rate_rank_2to6が不利(-7.6pt)、天気+8.5pt
24,07,蒲郡,2,15:50,0.5975794827376484,3,0.5277705993428641,2,0.33197473580332754,0.5137661726627674,0.11419590960762929,0.7455494255385624,0.4433621781673413,0.5833011485255059,1-3,1-2,0.19838129090331996,0.3153848817594474,0.06824113259408236,0.010059926065230991,0.005512255033072904,True,False,False,False,一般戦,2026-08-16,1号艇のsession_exh_rel_avg,0.1181,5号艇の枠別出走数,-0.1142,1号艇のdominance,-0.0866,1号艇の節間得点,0.0786,1号艇vs2号艇のcumulative差,0.0744,3号艇のwin_rate_rank_2to6,0.2026,3号艇のsession_exh_rel_avg,0.0762,場特性:1x_diff_course3,0.0534,2号艇のvs_boat3_diff,0.0495,3号艇の全国勝率,0.0454,2号艇のsession_exh_rel_avg,-0.0709,2号艇の全国勝率,-0.0465,2号艇のsession_exh_rel_last,0.0445,2号艇のwin_rate_rank_2to6,-0.0436,2号艇のモーター2連率,-0.0368,-0.0551,南東 4.9m/s,[逃げ]1号艇のsession_exh_rel_avgが有利(+11.8pt)、5号艇の枠別出走数が不利(-11.4pt) / [2着]3号艇のwin_rate_rank_2to6が有利(+20.3pt)、3号艇のsession_exh_rel_avgが有利(+7.6pt) / [候補2]2号艇のsession_exh_rel_avgが不利(-7.1pt)、2号艇の全国勝率が不利(-4.6pt) / [除外]5号艇の直近平均着順が不利(-14.7pt)、6号艇のsession_exh_rel_avgが不利(-7.2pt)、天気-5.5pt
25,05,多摩川,5,13:33,0.5210284471374135,2,0.5892529813563776,3,0.3122164373259485,0.4696912113579192,0.04675964042464639,0.8547097782576797,0.44333610077346375,0.5851967814278474,1-2,1-3,0.3070175658472047,0.16267364551071453,0.024363102839157335,0.010254008934974511,0.016720136621746776,True,True,False,False,予選,2026-08-16,1号艇のdominance,-0.1562,1号艇のsession_exh_rel_avg,0.0974,1号艇の級別順位,-0.0885,1号艇vs3号艇の級別差,0.0825,3号艇のracer_win_te,-0.066,2号艇のwin_rate_rank_2to6,0.2164,3号艇の直近平均着順,0.0914,2号艇のracer_avgfin_te,0.0868,2号艇のsession_exh_rel_avg,-0.0823,2号艇のclass_rank_2to6,0.0773,3号艇の当地勝率,0.1211,3号艇のsession_exh_rel_avg,0.1196,5号艇のsession_exh_rel_avg,-0.1129,3号艇のclass_rank_2to6,0.0885,class_std_1to6,0.065,0.0145,東 2.0m/s,[逃げ]1号艇のdominanceが不利(-15.6pt)、1号艇のsession_exh_rel_avgが有利(+9.7pt) / [2着]2号艇のwin_rate_rank_2to6が有利(+21.6pt)、3号艇の直近平均着順が有利(+9.1pt) / [候補2]3号艇の当地勝率が有利(+12.1pt)、3号艇のsession_exh_rel_avgが有利(+12.0pt) / [除外]4号艇のwin_rate_rank_2to6が不利(-5.6pt)、3号艇のracer_win_teが不利(-5.4pt)、天気+1.5pt
26,18,徳山,1,08:48,0.814283138133848,3,0.42349454598097513,2,0.2927544608665213,0.5832294889810314,0.20556856089985015,0.5106804459476464,0.4393571129120087,0.5614647760710159,1-3,1-2,0.23838502109707377,0.3448444678839576,0.16739101287118902,0.039525990807777064,0.024136651540732607,False,False,True,False,朝トク予選,2026-08-16,1号艇のdominance,0.2445,場特性:in_escape_diff,0.2112,1号艇のsession_exh_rel_avg,0.1189,1号艇の級別順位,0.07,1号艇のvs_max234_diff,0.0581,3号艇のsession_exh_rel_avg,0.0666,場特性:1x_diff_course3,0.0595,3号艇のwin_rate_rank_2to6,0.0588,3号艇のcumulative_diff_rank_2to6,-0.048,3号艇の全国勝率,-0.0434,2号艇の全国勝率,-0.0795,6号艇のsession_rank_diff_last,-0.0777,2号艇の直近平均着順,-0.0656,1号艇vs2号艇のplace_rate差,-0.0566,2号艇の当地勝率,-0.0512,0.0483,南東 2.2m/s,[逃げ]1号艇のdominanceが有利(+24.5pt)、場特性:in_escape_diffが有利(+21.1pt) / [2着]3号艇のsession_exh_rel_avgが有利(+6.7pt)、場特性:1x_diff_course3が有利(+6.0pt) / [候補2]2号艇の全国勝率が不利(-8.0pt)、6号艇のsession_rank_diff_lastが不利(-7.8pt) / [除外]6号艇のwin_rate_rank_2to6が不利(-7.6pt)、5号艇のracer_avgfin_teが不利(-6.0pt)、天気+4.8pt
27,02,戸田,12,16:30,0.8065314472284013,3,0.37481242944768894,2,0.3232856384866221,0.5630380450384107,0.18855409913751203,0.5095439687967991,0.4356422874035746,0.5469898221659272,1-3,1-2,0.2607400338767731,0.3022980111616376,0.15207481045822505,0.05971727628547283,0.03170131845085649,True,False,False,False,準優勝戦,2026-08-16,場特性:in_escape_diff,-0.1615,1号艇のdominance,0.1517,1号艇のracer_win_te,0.1473,race_no,0.1292,1号艇の節間得点,0.1219,3号艇のwin_rate_rank_2to6,0.1821,3号艇のsession_exh_rel_avg,0.1223,3号艇の一般戦2連率,0.0749,3号艇の当地勝率,0.0643,6号艇のracer_2nd_te,-0.0614,2号艇のモーター2連率,0.1523,2号艇のwin_rate_rank_2to6,-0.1246,2号艇のclass_rank_2to6,-0.0465,2号艇の節間得点,0.0439,2号艇の全国勝率,0.036,0.1595,東 0.6m/s,[逃げ]場特性:in_escape_diffが不利(-16.1pt)、1号艇のdominanceが有利(+15.2pt) / [2着]3号艇のwin_rate_rank_2to6が有利(+18.2pt)、3号艇のsession_exh_rel_avgが有利(+12.2pt) / [候補2]2号艇のモーター2連率が有利(+15.2pt)、2号艇のwin_rate_rank_2to6が不利(-12.5pt) / [除外]win_rate_gap_top2_2to6が不利(-6.4pt)、3号艇のracer_win_teが不利(-6.0pt)、天気+15.9pt
28,12,住之江,1,15:16,0.6561227480479861,3,0.4026719826486599,2,0.3783573955709276,0.5124511419436456,0.12522204706768633,0.6558073311519012,0.4354469247240174,0.5554579987061222,1-3,1-2,0.24824889412627596,0.2642022478173697,0.08216103363824462,0.05090210334561655,0.010608452621807233,True,False,False,False,予選,2026-08-16,1号艇のracer_win_te,-0.1809,1号艇のsession_exh_rel_avg,0.1432,4号艇の直近複勝率,-0.1119,1号艇の年齢,0.1034,1号艇の級別順位,-0.0953,3号艇のwin_rate_rank_2to6,0.1928,3号艇のsession_exh_rel_avg,0.0837,場特性:1x_diff_course3,0.0553,5号艇のracer_2nd_te,-0.0416,3号艇のモーター2連率,0.0328,2号艇のsession_exh_rel_avg,0.0683,6号艇のモーター出走数,0.0558,2号艇の全国勝率,0.0528,2号艇のwin_rate_rank_2to6,0.0509,2号艇の節間得点,0.0487,0.0382,東 2.8m/s,[逃げ]1号艇のracer_win_teが不利(-18.1pt)、1号艇のsession_exh_rel_avgが有利(+14.3pt) / [2着]3号艇のwin_rate_rank_2to6が有利(+19.3pt)、3号艇のsession_exh_rel_avgが有利(+8.4pt) / [候補2]2号艇のsession_exh_rel_avgが有利(+6.8pt)、6号艇のモーター出走数が有利(+5.6pt) / [除外]6号艇のwin_rate_rank_2to6が不利(-7.4pt)、天気+3.8pt
29,14,鳴門,9,12:29,0.647194585610549,2,0.528225234660102,3,0.2655422038674216,0.5137219884489675,0.131239434662125,0.6625280038653985,0.43281728844391326,0.5583637930738968,1-2,1-3,0.3418645118548797,0.17185747659408784,0.08493745153191672,0.044351486326115463,0.004183646645863806,True,True,False,False,特賞,2026-08-16,1号艇のdominance,0.2349,場特性:in_escape_diff,-0.1575,風速区分,-0.0955,1号艇の勝率順位,0.0923,1号艇のvs_max234_diff,0.0922,2号艇のwin_rate_rank_2to6,0.1742,2号艇のclass_rank_2to6,0.0954,2号艇の全国勝率,0.0485,2号艇のモーター2連率,-0.0438,2号艇の当地勝率,0.0337,3号艇のモーター2連率,0.0732,3号艇のwin_rate_rank_2to6,0.0713,3号艇の枠別平均ST,-0.0498,3号艇の当地勝率,-0.0481,3号艇のcumulative_diff_rank_2to6,0.0375,-0.0597,南東 6.7m/s,[逃げ]1号艇のdominanceが有利(+23.5pt)、場特性:in_escape_diffが不利(-15.8pt) / [2着]2号艇のwin_rate_rank_2to6が有利(+17.4pt)、2号艇のclass_rank_2to6が有利(+9.5pt) / [候補2]3号艇のモーター2連率が有利(+7.3pt)、3号艇のwin_rate_rank_2to6が有利(+7.1pt) / [除外]6号艇の全国勝率が不利(-17.1pt)、6号艇のvs_avg456_diffが不利(-13.8pt)、天気-6.0pt
30,14,鳴門,1,08:40,0.7634046897397035,3,0.5110605510751154,2,0.19349190698728197,0.53785865065247,0.16820310453733453,0.5363493535250629,0.42929525684206143,0.5374058615142479,1-3,1-2,0.14771262922076958,0.3901460214317004,0.12840703883257878,0.06031353420138248,0.036825460365464205,False,False,True,False,予選,2026-08-16,1号艇のdominance,0.3665,場特性:in_escape_diff,-0.1524,1号艇のvs_max234_diff,0.1408,風速区分,-0.1024,1号艇の勝率順位,0.0764,3号艇のwin_rate_rank_2to6,0.0868,3号艇のcumulative_diff_rank_2to6,0.046,3号艇の当地勝率,0.0387,場特性:1x_diff_course3,-0.0379,2号艇の直近1着率,0.0372,2号艇のwin_rate_rank_2to6,-0.1883,2号艇の全国勝率,-0.1171,2号艇の直近平均着順,-0.0829,second_best_win_rate,0.0526,1号艇vs2号艇のlocal_win_rate差,-0.0483,-0.1061,南東 6.8m/s,[逃げ]1号艇のdominanceが有利(+36.6pt)、場特性:in_escape_diffが不利(-15.2pt) / [2着]3号艇のwin_rate_rank_2to6が有利(+8.7pt)、3号艇のcumulative_diff_rank_2to6が有利(+4.6pt) / [候補2]2号艇のwin_rate_rank_2to6が不利(-18.8pt)、2号艇の全国勝率が不利(-11.7pt) / [除外]1号艇vs5号艇の枠別平均ST差が不利(-6.2pt)、5号艇のracer_avgfin_teが不利(-6.2pt)、天気-10.6pt
31,09,津,5,12:22,0.7734275135135715,3,0.3789727156045537,2,0.31558013355007675,0.5371862831254326,0.17308171447992737,0.5214711346747031,0.4256137356712931,0.5324717385902138,1-3,1-2,0.24407835800591668,0.29310792511951583,0.13386616006487614,0.09948046101488042,0.0028946089482271326,True,True,False,False,５ールドレー,2026-08-16,1号艇のdominance,0.3124,1号艇のracer_win_te,0.1158,6号艇の枠別出走数,-0.1098,1号艇の勝率順位,0.0956,1号艇のsession_exh_rel_avg,0.0896,3号艇のwin_rate_rank_2to6,0.1632,3号艇のsession_exh_rel_avg,0.138,3号艇のracer_win_te,-0.0557,3号艇のracer_avgfin_te,-0.0504,3号艇のモーター2連率,0.0463,2号艇のsession_exh_rel_avg,-0.0848,second_best_win_rate,0.0693,2号艇のcumulative_diff_rank_2to6,-0.0415,場特性:1x_diff_course2,0.0411,2号艇の直近平均着順,-0.0397,0.0268,南東 3.5m/s,[逃げ]1号艇のdominanceが有利(+31.2pt)、1号艇のracer_win_teが有利(+11.6pt) / [2着]3号艇のwin_rate_rank_2to6が有利(+16.3pt)、3号艇のsession_exh_rel_avgが有利(+13.8pt) / [候補2]2号艇のsession_exh_rel_avgが不利(-8.5pt)、second_best_win_rateが有利(+6.9pt) / [除外]6号艇の全国勝率が不利(-13.2pt)、6号艇の直近平均着順が不利(-10.5pt)、天気+2.7pt
32,09,津,11,15:34,0.6446515705106268,2,0.40070498163854673,4,0.3907251180005411,0.5101966566817199,0.13864326544640587,0.6527868341926819,0.4253142600790889,0.5529737099350085,1-2,1-4,0.25831509572472106,0.08937659881074726,0.2518815609569988,0.03676454884417315,0.00831376497322943,True,False,False,False,お盆特選,2026-08-16,1号艇のdominance,-0.1723,1号艇のracer_win_te,0.1043,2号艇のsession_exh_rel_avg,-0.0929,1号艇の級別順位,0.0846,1号艇の勝率順位,-0.0732,2号艇のsession_exh_rel_avg,0.193,1号艇の女子戦2連率,0.0516,2号艇の全国勝率,0.0361,2号艇のsession_exh_rel_last,0.034,場特性:1x_diff_course2,0.0339,4号艇のclass_rank_2to6,0.2505,4号艇のwin_rate_rank_2to6,0.216,4号艇の全国勝率,0.168,4号艇のsession_exh_rel_avg,-0.1527,4号艇の当地勝率,0.0877,0.0788,南東 3.0m/s,[逃げ]1号艇のdominanceが不利(-17.2pt)、1号艇のracer_win_teが有利(+10.4pt) / [2着]2号艇のsession_exh_rel_avgが有利(+19.3pt)、1号艇の女子戦2連率が有利(+5.2pt) / [候補2]4号艇のclass_rank_2to6が有利(+25.0pt)、4号艇のwin_rate_rank_2to6が有利(+21.6pt) / [除外]6号艇のwin_rate_rank_2to6が不利(-9.2pt)、6号艇のvs_avg456_diffが不利(-5.5pt)、天気+7.9pt
33,07,蒲郡,7,18:03,0.6419434175821528,4,0.5108884333448359,2,0.2953397960743454,0.5175529049445572,0.15251940954037496,0.6537088198788064,0.4228286687828976,0.5583996794248319,1-4,1-2,0.18959143803998135,0.0979088310079603,0.32796146690457584,0.025660217542029625,0.0008214722333990905,True,False,False,False,一般戦,2026-08-16,4号艇のsession_exh_rel_avg,-0.0931,1号艇vs4号艇のcumulative差,-0.0545,風速区分,-0.0478,1号艇のモーター2連率順位,0.0458,1号艇のdominance,0.0431,4号艇のwin_rate_rank_2to6,0.2587,4号艇のclass_rank_2to6,0.2215,4号艇の節間得点,0.1054,4号艇の全国勝率,0.0893,4号艇のsession_exh_rel_avg,0.0788,3号艇のracer_2nd_te,0.0732,2号艇のwin_rate_rank_2to6,0.0595,win_rate_gap_top2_2to6,-0.0472,2号艇のモーター2連率,-0.0465,1号艇のモーター出走数,0.0404,-0.0427,南東 4.0m/s,[逃げ]4号艇のsession_exh_rel_avgが不利(-9.3pt)、1号艇vs4号艇のcumulative差が不利(-5.4pt) / [2着]4号艇のwin_rate_rank_2to6が有利(+25.9pt)、4号艇のclass_rank_2to6が有利(+22.2pt) / [候補2]3号艇のracer_2nd_teが有利(+7.3pt)、2号艇のwin_rate_rank_2to6が有利(+5.9pt) / [除外]6号艇の節間得点が不利(-12.7pt)、6号艇の直近平均着順が不利(-12.2pt)、天気-4.3pt
34,07,蒲郡,11,20:11,0.816956045078859,2,0.4727762721604063,3,0.18259141197953188,0.5354065913074547,0.1778859843870112,0.477481699752927,0.42111699705702976,0.5180291238410963,1-2,1-3,0.3862374335112918,0.14916915779616297,0.14532503027977234,0.08934763289443284,0.0468767966839959,False,False,False,False,特別選抜戦,2026-08-16,1号艇のsession_exh_rel_avg,0.1607,1号艇のdominance,0.1598,1号艇の節間得点,0.0826,1号艇の勝率順位,0.0825,1号艇の級別順位,0.0692,2号艇のsession_exh_rel_avg,0.1138,2号艇のwin_rate_rank_2to6,-0.1134,2号艇の全国勝率,0.0637,2号艇の節間得点,0.0448,2号艇のsession_avg_finish,0.038,3号艇のsession_exh_rel_avg,-0.1388,3号艇のwin_rate_rank_2to6,-0.1128,6号艇のracer_2nd_te,-0.0756,3号艇のsession_exh_rel_last,-0.0681,場特性:1x_diff_course3,0.0517,0.0059,南東 5.5m/s,[逃げ]1号艇のsession_exh_rel_avgが有利(+16.1pt)、1号艇のdominanceが有利(+16.0pt) / [2着]2号艇のsession_exh_rel_avgが有利(+11.4pt)、2号艇のwin_rate_rank_2to6が不利(-11.3pt) / [候補2]3号艇のsession_exh_rel_avgが不利(-13.9pt)、3号艇のwin_rate_rank_2to6が不利(-11.3pt)、天気+0.6pt
35,02,戸田,3,11:45,0.6668396081904648,2,0.5810532919621431,3,0.184199286302975,0.5103007294570544,0.15434074382291085,0.6109118344422072,0.4157884964677235,0.5404840609526003,1-2,1-3,0.38746934954981527,0.12283137990723911,0.10292052113869478,0.027450552845912617,0.026167810959230892,True,True,False,False,一般,2026-08-16,場特性:in_escape_diff,-0.1709,1号艇の年齢,-0.1177,1号艇のsession_exh_rel_avg,0.1166,1号艇のdominance,0.0913,1号艇の級別順位,0.0861,2号艇のwin_rate_rank_2to6,0.1849,2号艇のsession_exh_rel_avg,0.058,2号艇のモーター2連率,-0.0516,6号艇のsession_rank_diff_last,-0.0459,second_best_win_rate,0.0445,3号艇のwin_rate_rank_2to6,-0.1165,3号艇の年齢,-0.0746,3号艇の全国勝率,-0.0703,3号艇のracer_avgfin_te,-0.0695,3号艇のracer_win_te,-0.0576,0.0119,北 0.8m/s,[逃げ]場特性:in_escape_diffが不利(-17.1pt)、1号艇の年齢が不利(-11.8pt) / [2着]2号艇のwin_rate_rank_2to6が有利(+18.5pt)、2号艇のsession_exh_rel_avgが有利(+5.8pt) / [候補2]3号艇のwin_rate_rank_2to6が不利(-11.7pt)、3号艇の年齢が不利(-7.5pt) / [除外]5号艇の直近平均着順が不利(-10.8pt)、6号艇の節間得点が不利(-7.6pt)、天気+1.2pt
36,02,戸田,7,13:45,0.7186264797670259,3,0.5168782200791477,2,0.19980743307148952,0.5150292880231742,0.16563685537273914,0.5510487977778982,0.412659889991551,0.5258351409495914,1-3,1-2,0.14358691225945014,0.371442375763724,0.11903103029619151,0.07666638394970789,0.007899804938147846,True,True,False,False,ウインウイン,2026-08-16,1号艇のdominance,0.3375,1号艇のvs_max234_diff,0.1898,場特性:in_escape_diff,-0.1499,5号艇の枠別出走数,-0.1009,6号艇のモーター2連率,-0.0974,3号艇のwin_rate_rank_2to6,0.1694,4号艇のsession_exh_rel_delta,-0.0646,3号艇の年齢,-0.0646,1号艇のracer_2nd_te,0.0568,3号艇のsession_exh_rel_avg,0.0496,2号艇のsession_exh_rel_avg,-0.0857,2号艇の全国勝率,-0.0775,2号艇の節間得点,-0.0716,1号艇vs2号艇のcumulative差,-0.0692,2号艇の体重,-0.068,0.0407,南東 1.0m/s,[逃げ]1号艇のdominanceが有利(+33.8pt)、1号艇のvs_max234_diffが有利(+19.0pt) / [2着]3号艇のwin_rate_rank_2to6が有利(+16.9pt)、4号艇のsession_exh_rel_deltaが不利(-6.5pt) / [候補2]2号艇のsession_exh_rel_avgが不利(-8.6pt)、2号艇の全国勝率が不利(-7.8pt) / [除外]5号艇の直近平均着順が不利(-21.5pt)、win_rate_range_1to6が不利(-8.3pt)、天気+4.1pt
37,05,多摩川,12,17:25,0.8661683415124268,3,0.34879025685689347,2,0.2704916376340074,0.5364023714798573,0.20565503814972327,0.4136268563411776,0.4040257512755068,0.4995697169382533,1-3,1-2,0.23429129316242853,0.3021110783174288,0.17813188331782068,0.07926974330226008,0.07236434341248883,True,False,False,False,ドリーム２ｎ,2026-08-16,1号艇のsession_exh_rel_avg,0.1572,1号艇のdominance,0.1537,1号艇のracer_win_te,0.1468,風速区分,0.0984,race_no,0.0972,3号艇のwin_rate_rank_2to6,0.1626,1号艇の直近1着率,0.0849,6号艇のracer_2nd_te,-0.0699,1号艇のsession_rank_diff_last,0.0599,全艇平均勝率,-0.0473,2号艇のwin_rate_rank_2to6,-0.1364,2号艇のsession_exh_rel_avg,-0.1022,2号艇のclass_rank_2to6,-0.0544,レース時間帯,-0.0542,2号艇の全国勝率,0.0503,0.1378,北東 0.6m/s,[逃げ]1号艇のsession_exh_rel_avgが有利(+15.7pt)、1号艇のdominanceが有利(+15.4pt) / [2着]3号艇のwin_rate_rank_2to6が有利(+16.3pt)、1号艇の直近1着率が有利(+8.5pt) / [候補2]2号艇のwin_rate_rank_2to6が不利(-13.6pt)、2号艇のsession_exh_rel_avgが不利(-10.2pt) / [除外]2号艇のracer_2nd_teが不利(-7.3pt)、6号艇のsession_exh_rel_avgが不利(-5.7pt)、天気+13.8pt
38,06,浜名湖,9,15:36,0.6496322507636147,3,0.6040650297032676,4,0.14239787000529103,0.4849263736492054,0.13955179832049427,0.6069111013880644,0.4037195566542663,0.521521791970863,1-3,1-4,0.09065734884105273,0.3924201248537235,0.09250624879548183,0.04091614942076147,0.033132369172320375,True,False,False,False,一般,2026-08-16,1号艇のdominance,0.1809,1号艇vs3号艇のcumulative差,-0.0879,1号艇の勝率順位,0.0722,場特性:in_escape_diff,-0.0603,1号艇の級別順位,0.0573,3号艇のwin_rate_rank_2to6,0.1646,3号艇のsession_exh_rel_avg,0.1106,1号艇vs3号艇のcumulative差,0.0622,3号艇のclass_rank_2to6,0.04,3号艇のcumulative_diff_rank_2to6,0.0382,4号艇のclass_rank_2to6,-0.1014,4号艇のsession_exh_rel_avg,-0.0805,4号艇のwin_rate_rank_2to6,-0.0773,4号艇の節間得点,-0.0484,2号艇の節間得点,0.0484,-0.0578,東 4.6m/s,[逃げ]1号艇のdominanceが有利(+18.1pt)、1号艇vs3号艇のcumulative差が不利(-8.8pt) / [2着]3号艇のwin_rate_rank_2to6が有利(+16.5pt)、3号艇のsession_exh_rel_avgが有利(+11.1pt) / [候補2]4号艇のclass_rank_2to6が不利(-10.1pt)、4号艇のsession_exh_rel_avgが不利(-8.1pt) / [除外]5号艇のsession_exh_rel_avgが不利(-6.0pt)、2号艇のwin_rate_rank_2to6が不利(-5.9pt)、天気-5.8pt
39,12,住之江,11,20:08,0.7338224667874391,3,0.4426395486834138,4,0.24599093333415373,0.5053325190191547,0.17561167298188868,0.5130188090356789,0.39884177212662764,0.5076384060241119,1-3,1-4,0.12886779106423862,0.3248188455125415,0.18051367350661318,0.0793482055901087,0.020273970933274613,False,False,False,False,予選特別Ａ戦,2026-08-16,3号艇のsession_exh_rel_avg,-0.1605,1号艇のracer_win_te,0.1208,1号艇のsession_exh_rel_avg,0.1076,1号艇の級別順位,0.0928,3号艇の直近平均着順,0.0898,3号艇のwin_rate_rank_2to6,0.165,3号艇のsession_exh_rel_avg,0.1287,3号艇の当地勝率,0.0894,4号艇の直近1着率,0.0687,3号艇のモーター2連率,0.0622,4号艇の全国勝率,0.1262,3号艇の直近1着率,0.1005,4号艇のwin_rate_rank_2to6,0.0967,4号艇の節間得点,0.0957,4号艇のclass_rank_2to6,0.0565,0.1995,東 1.0m/s,[逃げ]3号艇のsession_exh_rel_avgが不利(-16.1pt)、1号艇のracer_win_teが有利(+12.1pt) / [2着]3号艇のwin_rate_rank_2to6が有利(+16.5pt)、3号艇のsession_exh_rel_avgが有利(+12.9pt) / [候補2]4号艇の全国勝率が有利(+12.6pt)、3号艇の直近1着率が有利(+10.0pt) / [除外]6号艇の女子戦2連率が不利(-9.0pt)、6号艇のwin_rate_rank_2to6が不利(-6.0pt)、天気+19.9pt
40,01,桐生,7,17:52,0.8395611659090897,2,0.38765059227908405,3,0.24948594453944464,0.5349150936946436,0.21464631066242146,0.4224902261561072,0.3971340320396051,0.5011876334330827,1-2,1-3,0.32545638321917697,0.20945871047546663,0.18020870683782722,0.07377470204900906,0.050662647689564494,True,False,False,False,ドラドキ３,2026-08-16,1号艇のdominance,0.3359,1号艇のracer_win_te,0.1817,1号艇のvs_max234_diff,0.1582,6号艇のモーター出走数,-0.156,1号艇の全国勝率,0.1335,2号艇のwin_rate_rank_2to6,-0.17,1号艇vs4号艇の直近複勝率差,0.0965,2号艇の全国勝率,-0.0911,3号艇のモーター出走数,0.0704,1号艇vs2号艇のplace_rate差,-0.0691,3号艇のsession_exh_rel_avg,-0.1802,3号艇のwin_rate_rank_2to6,0.1697,3号艇の節間得点,-0.1218,6号艇のモーター出走数,0.0709,ST差分(3-2),-0.0611,-0.0388,東 2.0m/s,[逃げ]1号艇のdominanceが有利(+33.6pt)、1号艇のracer_win_teが有利(+18.2pt) / [2着]2号艇のwin_rate_rank_2to6が不利(-17.0pt)、1号艇vs4号艇の直近複勝率差が有利(+9.6pt) / [候補2]3号艇のsession_exh_rel_avgが不利(-18.0pt)、3号艇のwin_rate_rank_2to6が有利(+17.0pt) / [除外]6号艇のsession_exh_rel_avgが不利(-7.2pt)、5号艇のsession_exh_rel_avgが不利(-6.0pt)、天気-3.9pt
41,24,大村,1,15:19,0.6420959351516373,2,0.5636641424309207,4,0.2205010889441083,0.5035093075531493,0.177487628337246,0.606677603037783,0.3962693001411443,0.5344597961985393,1-2,1-4,0.3619264546456277,0.1139640846950502,0.14158285290752157,0.021510795266106705,0.003111746142335086,True,False,False,False,一般,2026-08-16,場特性:in_escape_diff,0.16,1号艇vs4号艇のcumulative差,-0.0793,ST差分(4-3),-0.0693,1号艇の年齢,0.066,1号艇vs2号艇のcumulative差,0.0607,2号艇のwin_rate_rank_2to6,0.2317,2号艇のclass_rank_2to6,0.1175,2号艇のsession_exh_rel_avg,-0.084,2号艇の全国勝率,0.0508,全艇平均勝率,0.0364,4号艇の節間得点,0.1444,4号艇のwin_rate_rank_2to6,0.1258,4号艇のsession_exh_rel_avg,0.0792,4号艇のclass_rank_2to6,-0.0744,4号艇のcumulative_diff_rank_2to6,0.0621,0.0085,南東 4.7m/s,[逃げ]場特性:in_escape_diffが有利(+16.0pt)、1号艇vs4号艇のcumulative差が不利(-7.9pt) / [2着]2号艇のwin_rate_rank_2to6が有利(+23.2pt)、2号艇のclass_rank_2to6が有利(+11.8pt) / [候補2]4号艇の節間得点が有利(+14.4pt)、4号艇のwin_rate_rank_2to6が有利(+12.6pt) / [除外]6号艇の全国勝率が不利(-14.1pt)、6号艇のwin_rate_rank_2to6が不利(-11.1pt)、天気+0.9pt
42,24,大村,9,19:18,0.7069601423502734,2,0.4041659090589822,4,0.2688536985473617,0.47579803759790606,0.14034995297597808,0.5326696546303659,0.3956641589543915,0.492859522707644,1-2,1-4,0.2857291886014657,0.0925139497154275,0.1900688489964403,0.09922182273475164,0.03942632571810889,True,False,False,False,準優勝戦,2026-08-16,1号艇の女子戦比率,-0.1709,1号艇のdominance,0.146,場特性:in_escape_diff,0.1389,1号艇の節間得点,0.088,4号艇のモーター2連率,-0.0691,2号艇のwin_rate_rank_2to6,0.154,2号艇のclass_rank_2to6,0.0906,場特性:in_escape_diff,0.0361,場特性:1x_diff_course2,0.0355,3号艇の全国勝率,-0.0353,4号艇のモーター2連率,0.1147,4号艇の節間得点,0.1015,4号艇のwin_rate_rank_2to6,-0.0826,4号艇のclass_rank_2to6,-0.0706,4号艇のsession_exh_rel_avg,0.0631,-0.0082,南 4.3m/s,[逃げ]1号艇の女子戦比率が不利(-17.1pt)、1号艇のdominanceが有利(+14.6pt) / [2着]2号艇のwin_rate_rank_2to6が有利(+15.4pt)、2号艇のclass_rank_2to6が有利(+9.1pt) / [候補2]4号艇のモーター2連率が有利(+11.5pt)、4号艇の節間得点が有利(+10.1pt)、天気-0.8pt
43,11,琵琶湖,12,16:28,0.7938380747791451,2,0.39716397455019703,3,0.22813452144531646,0.4963857542233734,0.17496872979547434,0.4503297662000391,0.39216337233733484,0.4825689578163731,1-2,1-3,0.3152838849285618,0.18110186929481162,0.1388968396073918,0.10267275607655169,0.05588271008544184,True,False,False,False,淡海ドリーム,2026-08-16,1号艇のdominance,0.1811,1号艇の全国勝率,0.1602,風速区分,0.1144,レース時間帯,0.0983,1号艇のracer_win_te,0.0951,2号艇のwin_rate_rank_2to6,0.1582,2号艇のsession_exh_rel_avg,-0.0927,2号艇の当地勝率,0.0896,2号艇のモーター2連率,0.0719,2号艇のclass_rank_2to6,-0.0666,3号艇のsession_exh_rel_avg,-0.118,3号艇のwin_rate_rank_2to6,-0.1149,3号艇のモーター2連率,0.0818,5号艇のsession_exh_rel_avg,-0.0689,5号艇のsession_exh_rel_last,-0.0611,0.1478,東 1.5m/s,[逃げ]1号艇のdominanceが有利(+18.1pt)、1号艇の全国勝率が有利(+16.0pt) / [2着]2号艇のwin_rate_rank_2to6が有利(+15.8pt)、2号艇のsession_exh_rel_avgが不利(-9.3pt) / [候補2]3号艇のsession_exh_rel_avgが不利(-11.8pt)、3号艇のwin_rate_rank_2to6が不利(-11.5pt)、天気+14.8pt
44,09,津,12,16:11,0.7082850856017638,2,0.3685636029740186,4,0.3387237241445613,0.5009610650332261,0.18472248568919597,0.522564841429384,0.3899145372334928,0.5074421979520735,1-2,1-4,0.26104810308214726,0.13083618158894275,0.23991296195107886,0.05201962499810326,0.024468213981491738,True,False,False,False,ツッキー選抜,2026-08-16,1号艇のdominance,0.1532,race_no,0.1011,場特性:in_escape_diff,0.0675,5号艇のsession_exh_rel_avg,-0.0658,1号艇の当地勝率,0.0654,2号艇のsession_exh_rel_avg,0.1001,ST差分(3-2),-0.0529,2号艇の全国勝率,0.0491,2号艇のsession_avg_finish,0.0405,2号艇のwin_rate_rank_2to6,-0.0366,4号艇のclass_rank_2to6,0.1854,4号艇のwin_rate_rank_2to6,0.1763,4号艇の全国勝率,0.0558,4号艇のsession_exh_rel_avg,0.0517,4号艇のモーター2連率,0.0482,0.0884,南東 3.0m/s,[逃げ]1号艇のdominanceが有利(+15.3pt)、race_noが有利(+10.1pt) / [2着]2号艇のsession_exh_rel_avgが有利(+10.0pt)、ST差分(3-2)が不利(-5.3pt) / [候補2]4号艇のclass_rank_2to6が有利(+18.5pt)、4号艇のwin_rate_rank_2to6が有利(+17.6pt) / [除外]5号艇のwin_rate_rank_2to6が不利(-5.2pt)、天気+8.8pt
45,05,多摩川,10,16:15,0.7628661286006229,4,0.41090012298509127,3,0.24452070129136558,0.49999834682000976,0.18523668849581154,0.47018413578064533,0.38885670119802707,0.49105408350820046,1-4,1-3,0.097495024414523,0.18653656075685338,0.3134617860631564,0.14131079542759928,0.024061953412797474,True,False,False,False,新涼選抜戦,2026-08-16,1号艇のdominance,0.2757,1号艇のsession_exh_rel_avg,-0.1648,1号艇のracer_win_te,0.1586,1号艇の勝率順位,0.0803,1号艇のvs_max234_diff,0.0794,4号艇のclass_rank_2to6,0.1235,4号艇のsession_exh_rel_avg,0.1003,4号艇のwin_rate_rank_2to6,0.0814,1号艇vs3号艇の直近複勝率差,0.0706,4号艇の年齢,0.0615,3号艇の全国勝率,-0.088,3号艇のwin_rate_rank_2to6,-0.0826,3号艇のcumulative_diff_rank_2to6,0.0576,2号艇の直近1着率,0.0523,3号艇の当地勝率,-0.047,0.0699,南東 0.7m/s,[逃げ]1号艇のdominanceが有利(+27.6pt)、1号艇のsession_exh_rel_avgが不利(-16.5pt) / [2着]4号艇のclass_rank_2to6が有利(+12.4pt)、4号艇のsession_exh_rel_avgが有利(+10.0pt) / [候補2]3号艇の全国勝率が不利(-8.8pt)、3号艇のwin_rate_rank_2to6が不利(-8.3pt) / [除外]6号艇のvs_avg456_diffが不利(-6.2pt)、2号艇のwin_rate_rank_2to6が不利(-5.2pt)、天気+7.0pt
46,22,福岡,1,12:18,0.7899797537168272,4,0.3688741942297501,3,0.30497536075721204,0.5323275054907939,0.23035559002630368,0.4434939649606584,0.38517796555331923,0.5056774433317532,1-4,1-3,0.1819762522762738,0.24092436038068288,0.29140314511011106,0.06191889698127246,0.01375710779719875,True,True,False,False,カタメン１一,2026-08-16,1号艇のdominance,0.1491,1号艇のsession_exh_rel_avg,0.1189,1号艇のvs_max234_frame_diff,0.1183,1号艇のracer_win_te,0.0792,1号艇の勝率順位,0.076,4号艇のwin_rate_rank_2to6,0.201,4号艇の節間得点,0.122,4号艇のsession_exh_rel_avg,0.0917,4号艇のclass_rank_2to6,-0.0734,4号艇のcumulative_diff_rank_2to6,0.0699,3号艇の全国勝率,-0.0738,3号艇のwin_rate_rank_2to6,-0.0641,3号艇のsession_rank_diff_last,0.0448,場特性:1x_diff_course3,0.0382,3号艇のsession_exh_rel_last,-0.034,0.0495,南東 3.7m/s,[逃げ]1号艇のdominanceが有利(+14.9pt)、1号艇のsession_exh_rel_avgが有利(+11.9pt) / [2着]4号艇のwin_rate_rank_2to6が有利(+20.1pt)、4号艇の節間得点が有利(+12.2pt) / [候補2]3号艇の全国勝率が不利(-7.4pt)、3号艇のwin_rate_rank_2to6が不利(-6.4pt) / [除外]1号艇vs3号艇の枠別勝率差が不利(-5.3pt)、天気+5.0pt
47,04,平和島,10,16:37,0.6499174021951828,2,0.47633214217736713,4,0.2753261154348219,0.4885157821258714,0.1788084495438253,0.5728498080683637,0.38369488263033197,0.5138159899086191,1-2,1-4,0.3095765484259809,0.11621072301807135,0.17893923369989045,0.030092612926533407,0.015098299862058113,True,False,False,False,特別選抜戦,2026-08-16,1号艇の節間得点,0.1488,場特性:in_escape_diff,-0.1287,1号艇の年齢,-0.12,1号艇のracer_win_te,0.082,1号艇の級別順位,0.0722,2号艇のsession_exh_rel_avg,0.1238,2号艇のモーター2連率,0.0682,2号艇の節間得点,0.0639,2号艇のwin_rate_rank_2to6,0.0513,1号艇のsession_rank_diff_delta,-0.0494,5号艇の年齢,0.2522,1号艇の年齢,0.1872,4号艇の年齢,-0.105,4号艇のsession_exh_rel_avg,0.0816,1号艇vs5号艇のplace_rate差,0.0782,0.0483,東 2.4m/s,[逃げ]1号艇の節間得点が有利(+14.9pt)、場特性:in_escape_diffが不利(-12.9pt) / [2着]2号艇のsession_exh_rel_avgが有利(+12.4pt)、2号艇のモーター2連率が有利(+6.8pt) / [候補2]5号艇の年齢が有利(+25.2pt)、1号艇の年齢が有利(+18.7pt) / [除外]1号艇vs6号艇のcumulative差が不利(-10.2pt)、6号艇のsession_exh_rel_avgが不利(-9.6pt)、天気+4.8pt
48,11,琵琶湖,8,14:13,0.6903157089204859,2,0.4606401695402714,4,0.23214183904158034,0.47823830338153916,0.16877489254745254,0.5240071160343993,0.38138076146318484,0.49196894717739714,1-2,1-4,0.3179871451934453,0.08880487836516442,0.16025115818809385,0.11650795959687353,0.006764569184175342,True,True,False,False,予選,2026-08-16,1号艇のdominance,0.1401,風速区分,0.0889,1号艇のracer_win_te,0.0757,場特性:in_escape_diff,-0.0747,1号艇の級別順位,0.0733,2号艇のclass_rank_2to6,0.0939,2号艇のsession_exh_rel_avg,0.0841,2号艇の全国勝率,0.0709,3号艇のracer_2nd_te,0.0652,2号艇の当地勝率,-0.0471,4号艇のwin_rate_rank_2to6,0.1145,4号艇のsession_exh_rel_avg,-0.0971,4号艇のclass_rank_2to6,-0.0594,ST差分(4-3),0.0444,4号艇の全国2連率,0.0391,0.0888,東 1.6m/s,[逃げ]1号艇のdominanceが有利(+14.0pt)、風速区分が有利(+8.9pt) / [2着]2号艇のclass_rank_2to6が有利(+9.4pt)、2号艇のsession_exh_rel_avgが有利(+8.4pt) / [候補2]4号艇のwin_rate_rank_2to6が有利(+11.4pt)、4号艇のsession_exh_rel_avgが不利(-9.7pt) / [除外]6号艇のracer_win_teが不利(-15.0pt)、6号艇のwin_rate_rank_2to6が不利(-8.7pt)、天気+8.9pt
49,02,戸田,1,10:47,0.6945070330495513,2,0.36675218578719576,3,0.2773321462216812,0.44732109845718726,0.12608412906181732,0.5180002029470596,0.37964098912524735,0.4685248298041489,1-2,1-3,0.25471197241550314,0.19260912604168412,0.07471086552138237,0.08756631438935945,0.08490875985610286,False,False,True,False,一般,2026-08-16,1号艇のracer_win_te,-0.1818,場特性:in_escape_diff,-0.1525,1号艇のvs_max234_diff,0.1143,1号艇のsession_exh_rel_avg,0.1044,1号艇のdominance,0.1034,2号艇のモーター2連率,0.2164,2号艇のwin_rate_rank_2to6,-0.1425,2号艇のsession_exh_rel_avg,0.071,2号艇の全国勝率,-0.0652,2号艇のclass_rank_2to6,-0.0491,3号艇のモーター2連率,0.0816,3号艇のwin_rate_rank_2to6,-0.0713,6号艇のracer_2nd_te,-0.0559,3号艇の全国勝率,-0.0497,場特性:1x_diff_course3,-0.0379,0.0374,北東 1.4m/s,[逃げ]1号艇のracer_win_teが不利(-18.2pt)、場特性:in_escape_diffが不利(-15.2pt) / [2着]2号艇のモーター2連率が有利(+21.6pt)、2号艇のwin_rate_rank_2to6が不利(-14.2pt) / [候補2]3号艇のモーター2連率が有利(+8.2pt)、3号艇のwin_rate_rank_2to6が不利(-7.1pt) / [除外]6号艇のsession_exh_rel_avgが不利(-7.5pt)、天気+3.7pt
50,06,浜名湖,7,14:33,0.4766407024346631,2,0.6673610890567249,3,0.1864135898107951,0.40694376265634363,0.06040883318269336,0.7933658456848266,0.3774441652086901,0.5228703875648886,1-2,1-3,0.3180914582655591,0.08885230439078452,0.015587699394733716,0.025315938804628388,0.02879330868145735,True,True,False,False,一般,2026-08-16,1号艇の節間得点,0.1025,4号艇の直近複勝率,-0.0925,1号艇の全国勝率,-0.076,1号艇のdominance,-0.0709,1号艇の級別順位,-0.0678,2号艇のwin_rate_rank_2to6,0.1998,1号艇vs4号艇のcumulative差,0.1684,2号艇のclass_rank_2to6,0.0781,2号艇の節間得点,0.0648,2号艇の全国勝率,0.0526,3号艇のモーター2連率,0.1361,3号艇のwin_rate_rank_2to6,-0.1232,3号艇の節間得点,-0.0815,3号艇のsession_exh_rel_avg,0.0778,3号艇の全国勝率,-0.0616,-0.0593,南東 4.2m/s,[逃げ]1号艇の節間得点が有利(+10.3pt)、4号艇の直近複勝率が不利(-9.2pt) / [2着]2号艇のwin_rate_rank_2to6が有利(+20.0pt)、1号艇vs4号艇のcumulative差が有利(+16.8pt) / [候補2]3号艇のモーター2連率が有利(+13.6pt)、3号艇のwin_rate_rank_2to6が不利(-12.3pt) / [除外]4号艇の節間得点が不利(-5.5pt)、天気-5.9pt
51,17,宮島,8,14:03,0.7671069757144032,2,0.41873582076287397,3,0.20010742001969722,0.47471896687801846,0.17240798254428183,0.44643525823828945,0.37650455965208457,0.46623385428609976,1-2,1-3,0.3212151690886967,0.15350379778932177,0.13020233027864803,0.13225536607856567,0.029930318194563498,True,True,False,False,予選,2026-08-16,1号艇のdominance,0.2768,1号艇のsession_exh_rel_avg,0.1524,1号艇の勝率順位,0.1016,風速区分,0.0843,ST差分(4-3),-0.0754,2号艇のwin_rate_rank_2to6,0.1725,2号艇のsession_exh_rel_avg,-0.0941,2号艇のclass_rank_2to6,-0.0658,2号艇のモーター2連率,-0.0466,2号艇の全国勝率,0.0371,3号艇のsession_exh_rel_avg,-0.1166,3号艇のwin_rate_rank_2to6,-0.1035,3号艇の全国勝率,-0.0985,3号艇のracer_avgfin_te,-0.0747,3号艇の当地勝率,-0.0565,0.1065,南東 2.4m/s,[逃げ]1号艇のdominanceが有利(+27.7pt)、1号艇のsession_exh_rel_avgが有利(+15.2pt) / [2着]2号艇のwin_rate_rank_2to6が有利(+17.2pt)、2号艇のsession_exh_rel_avgが不利(-9.4pt) / [候補2]3号艇のsession_exh_rel_avgが不利(-11.7pt)、3号艇のwin_rate_rank_2to6が不利(-10.3pt)、天気+10.7pt
52,18,徳山,12,14:29,0.8445027736589672,2,0.34088044534966166,4,0.28813227075727177,0.5312029834190658,0.24562598837376098,0.38338672773317245,0.37463027402378746,0.48685810671329777,1-2,1-4,0.2878744815838933,0.2074318284643664,0.24332850183517254,0.07976717857786739,0.026100795781739634,True,True,False,False,ドリーム戦,2026-08-16,場特性:in_escape_diff,0.2097,1号艇のsession_exh_rel_avg,-0.1648,1号艇のracer_win_te,0.1624,1号艇のdominance,0.1562,race_no,0.1067,2号艇のclass_rank_2to6,-0.0619,2号艇のwin_rate_rank_2to6,0.0583,1号艇の一般戦勝率,-0.0444,2号艇の全国勝率,0.0419,場特性:1x_diff_course2,0.0403,4号艇のwin_rate_rank_2to6,0.1678,4号艇の全国勝率,0.1194,4号艇のsession_exh_rel_avg,0.1022,4号艇の当地勝率,0.0829,4号艇のclass_rank_2to6,-0.0762,0.1578,南東 2.5m/s,[逃げ]場特性:in_escape_diffが有利(+21.0pt)、1号艇のsession_exh_rel_avgが不利(-16.5pt) / [2着]2号艇のclass_rank_2to6が不利(-6.2pt)、2号艇のwin_rate_rank_2to6が有利(+5.8pt) / [候補2]4号艇のwin_rate_rank_2to6が有利(+16.8pt)、4号艇の全国勝率が有利(+11.9pt)、天気+15.8pt
53,06,浜名湖,12,17:04,0.6358591141852761,2,0.4217854101912097,3,0.2931537021563376,0.45460055067371896,0.14689692902974247,0.5680421833178048,0.37446524087868,0.48863304046694467,1-2,1-3,0.2681960973004559,0.1864044533732631,0.09340575116938941,0.06895212684928703,0.018900684308500733,True,False,False,False,優勝戦,2026-08-16,1号艇のracer_win_te,0.1392,場特性:in_escape_diff,-0.1008,1号艇の節間得点,0.0963,1号艇の年齢,-0.0928,レース時間帯,0.0789,2号艇のwin_rate_rank_2to6,0.1502,2号艇のsession_exh_rel_avg,0.0904,1号艇の年齢,0.0602,2号艇の全国勝率,0.0531,勝率の分散(2-6号艇),-0.053,3号艇の節間得点,0.1421,3号艇のwin_rate_rank_2to6,-0.0988,3号艇の当地勝率,0.0798,全艇平均勝率,-0.0395,5号艇の節間得点,-0.0379,-0.0099,東 4.1m/s,[逃げ]1号艇のracer_win_teが有利(+13.9pt)、場特性:in_escape_diffが不利(-10.1pt) / [2着]2号艇のwin_rate_rank_2to6が有利(+15.0pt)、2号艇のsession_exh_rel_avgが有利(+9.0pt) / [候補2]3号艇の節間得点が有利(+14.2pt)、3号艇のwin_rate_rank_2to6が不利(-9.9pt)、天気-1.0pt
54,22,福岡,8,15:45,0.755595772786118,3,0.34399979150345056,2,0.2582521232662519,0.45505900095233265,0.15394679167108266,0.44830512309861986,0.37099315309114095,0.4530328375962188,1-3,1-2,0.19513421265301942,0.2599247882993132,0.11632154502065521,0.08360844973429066,0.10060678270846674,True,False,False,False,一般戦,2026-08-16,1号艇のvs_max234_diff,0.0697,1号艇の勝率順位,-0.059,1号艇のdominance,-0.0529,3号艇のsession_exh_rel_avg,0.0406,1号艇の節間得点,0.0391,3号艇のsession_exh_rel_avg,-0.1239,3号艇のwin_rate_rank_2to6,-0.0637,6号艇のracer_2nd_te,-0.054,2号艇の節間得点,0.0372,場特性:1x_diff_course3,0.0366,2号艇のwin_rate_rank_2to6,-0.1315,2号艇のclass_rank_2to6,-0.0593,1号艇のモーター出走数,0.039,6号艇のsession_rank_diff_delta,-0.0374,2号艇のsession_exh_rel_avg,0.0357,0.0416,南東 2.4m/s,[逃げ]1号艇のvs_max234_diffが有利(+7.0pt)、1号艇の勝率順位が不利(-5.9pt) / [2着]3号艇のsession_exh_rel_avgが不利(-12.4pt)、3号艇のwin_rate_rank_2to6が不利(-6.4pt) / [候補2]2号艇のwin_rate_rank_2to6が不利(-13.2pt)、2号艇のclass_rank_2to6が不利(-5.9pt) / [除外]6号艇のsession_exh_rel_avgが不利(-7.5pt)、天気+4.2pt
55,06,浜名湖,10,16:08,0.5940603317263883,3,0.387346940840242,2,0.36823188252251304,0.4488594064523124,0.14471664114613242,0.6108621822166227,0.37091049567396206,0.4974602391816055,1-3,1-2,0.21875195428355654,0.23010745216875586,0.08597041584560011,0.0509143402787726,0.008316171916012187,True,False,False,False,特別選抜戦,2026-08-16,1号艇のsession_exh_rel_avg,0.1526,1号艇の節間得点,0.079,1号艇の級別順位,0.0717,4号艇のモーター2連率,-0.0631,1号艇のモーター2連率,0.0561,3号艇のwin_rate_rank_2to6,0.066,3号艇の当地勝率,0.0601,3号艇のcumulative_diff_rank_2to6,0.0476,3号艇の節間得点,0.0413,3号艇の全国2連率,0.0343,2号艇のwin_rate_rank_2to6,0.1266,2号艇の当地勝率,0.0987,2号艇の全国勝率,0.06,2号艇のsession_exh_rel_avg,0.0525,avg_entry_count,-0.0515,-0.0001,東 4.5m/s,[逃げ]1号艇のsession_exh_rel_avgが有利(+15.3pt)、1号艇の節間得点が有利(+7.9pt) / [2着]3号艇のwin_rate_rank_2to6が有利(+6.6pt)、3号艇の当地勝率が有利(+6.0pt) / [候補2]2号艇のwin_rate_rank_2to6が有利(+12.7pt)、2号艇の当地勝率が有利(+9.9pt) / [除外]6号艇のsession_exh_rel_avgが不利(-7.2pt)、6号艇のwin_rate_rank_2to6が不利(-5.5pt)、天気影響ほぼなし
56,07,蒲郡,9,19:11,0.7227294379064833,2,0.37533276421991857,4,0.329995308510171,0.5097613615438807,0.23075098310922598,0.4745770896208636,0.36860783915106304,0.4992060799669756,1-2,1-4,0.27126403771254837,0.1667705283188993,0.23849732383133243,0.03720942673578266,0.008988134769805298,True,False,False,False,一般戦,2026-08-16,1号艇のsession_exh_rel_avg,-0.1531,1号艇のracer_win_te,0.1413,1号艇のdominance,0.107,2号艇のsession_exh_rel_avg,-0.104,風速区分,-0.069,2号艇のsession_exh_rel_avg,0.1995,2号艇のclass_rank_2to6,0.069,2号艇の節間得点,-0.0499,2号艇の全国勝率,0.0496,3号艇の年齢,0.0442,4号艇のwin_rate_rank_2to6,0.1962,4号艇のclass_rank_2to6,0.1049,4号艇のsession_exh_rel_avg,0.0873,4号艇のモーター2連率,-0.0683,4号艇のcumulative_diff_rank_2to6,0.0542,-0.0682,南東 5.2m/s,[逃げ]1号艇のsession_exh_rel_avgが不利(-15.3pt)、1号艇のracer_win_teが有利(+14.1pt) / [2着]2号艇のsession_exh_rel_avgが有利(+20.0pt)、2号艇のclass_rank_2to6が有利(+6.9pt) / [候補2]4号艇のwin_rate_rank_2to6が有利(+19.6pt)、4号艇のclass_rank_2to6が有利(+10.5pt) / [除外]6号艇のwin_rate_rank_2to6が不利(-8.5pt)、6号艇のvs_avg456_diffが不利(-6.0pt)、天気-6.8pt
57,18,徳山,3,09:40,0.8437103140407214,2,0.31379855028353587,4,0.2897546867058107,0.5092240911205755,0.2326201052468579,0.3709331317424887,0.3670771771157309,0.46773680330714945,1-2,1-4,0.2647550734052452,0.19626398205001214,0.24446901771533042,0.06848169301433936,0.0697405541419261,False,False,True,False,決めトク予選,2026-08-16,場特性:in_escape_diff,0.2088,1号艇のsession_exh_rel_avg,0.1453,5号艇の平均ST,0.111,1号艇のracer_win_te,0.102,3号艇の直近平均着順,-0.0778,2号艇のwin_rate_rank_2to6,-0.1526,3号艇の直近平均着順,0.1127,2号艇のsession_avg_finish,-0.1066,2号艇のsession_exh_rel_avg,0.0836,2号艇の直近平均着順,-0.0521,4号艇のclass_rank_2to6,0.1089,4号艇のwin_rate_rank_2to6,0.074,4号艇のsession_exh_rel_avg,0.0647,4号艇の年齢,-0.0638,3号艇の年齢,0.0608,0.0513,南東 2.1m/s,[逃げ]場特性:in_escape_diffが有利(+20.9pt)、1号艇のsession_exh_rel_avgが有利(+14.5pt) / [2着]2号艇のwin_rate_rank_2to6が不利(-15.3pt)、3号艇の直近平均着順が有利(+11.3pt) / [候補2]4号艇のclass_rank_2to6が有利(+10.9pt)、4号艇のwin_rate_rank_2to6が有利(+7.4pt) / [除外]win_rate_range_1to6が不利(-6.4pt)、1号艇vs5号艇の枠別平均ST差が不利(-5.2pt)、天気+5.1pt
58,11,琵琶湖,10,15:28,0.8076749458679917,2,0.36184090105012057,3,0.22989879807068453,0.4779333294553379,0.19482420475411472,0.3969154943666903,0.3661977524513909,0.45362797892874357,1-2,1-3,0.2922498301684815,0.18568349928685648,0.12009811754180122,0.15735462902855413,0.05228885780700374,True,False,False,False,予選特賞,2026-08-16,1号艇のdominance,0.1666,場特性:in_escape_diff,-0.0971,1号艇のracer_win_te,0.0915,レース時間帯,0.0869,1号艇のvs_max234_diff,0.0854,2号艇のwin_rate_rank_2to6,-0.1555,2号艇のsession_exh_rel_avg,0.123,2号艇のsession_avg_finish,-0.0648,2号艇のclass_rank_2to6,-0.0634,場×風向,-0.0458,1号艇vs2号艇のlocal_win_rate差,-0.0659,3号艇のwin_rate_rank_2to6,-0.0628,3号艇のcumulative_diff_rank_2to6,-0.0515,3号艇の節間得点,-0.044,3号艇の女子戦勝率,-0.0428,0.157,東 1.7m/s,[逃げ]1号艇のdominanceが有利(+16.7pt)、場特性:in_escape_diffが不利(-9.7pt) / [2着]2号艇のwin_rate_rank_2to6が不利(-15.6pt)、2号艇のsession_exh_rel_avgが有利(+12.3pt) / [候補2]1号艇vs2号艇のlocal_win_rate差が不利(-6.6pt)、3号艇のwin_rate_rank_2to6が不利(-6.3pt) / [除外]6号艇のsession_exh_rel_avgが不利(-8.1pt)、天気+15.7pt
59,17,宮島,12,16:43,0.6929621145774054,4,0.4545383341315308,3,0.22002479127550112,0.46744668979800036,0.18303971690468157,0.4915234085023503,0.3647731180756126,0.4746697054093053,1-4,1-3,0.1268395892779178,0.15246884462172353,0.3149778451762768,0.07904001726921067,0.019635828558216797,True,False,False,False,スポニチ特選,2026-08-16,race_no,0.1086,1号艇のracer_win_te,0.1083,風速区分,0.1011,1号艇のsession_exh_rel_avg,0.0996,4号艇のモーター2連率,-0.0835,4号艇の全国勝率,0.2198,4号艇のwin_rate_rank_2to6,0.2079,4号艇のsession_exh_rel_avg,0.12,4号艇の当地勝率,0.0927,4号艇のclass_rank_2to6,0.0842,3号艇のsession_exh_rel_avg,0.1275,4号艇のsession_rank_diff_last,-0.1085,3号艇のwin_rate_rank_2to6,0.0513,場特性:1x_diff_course3,0.0454,3号艇の一般戦2連率,0.045,0.1336,南東 2.4m/s,[逃げ]race_noが有利(+10.9pt)、1号艇のracer_win_teが有利(+10.8pt) / [2着]4号艇の全国勝率が有利(+22.0pt)、4号艇のwin_rate_rank_2to6が有利(+20.8pt) / [候補2]3号艇のsession_exh_rel_avgが有利(+12.8pt)、4号艇のsession_rank_diff_lastが不利(-10.8pt) / [除外]6号艇のwin_rate_rank_2to6が不利(-9.0pt)、6号艇のvs_avg456_diffが不利(-6.5pt)、天気+13.4pt
60,10,三国,2,08:58,0.5537738792167728,2,0.63242561024534,4,0.1502942998237203,0.4334498409391471,0.1366742375395762,0.6460456725294842,0.3623601291127369,0.49722859041624823,1-2,1-4,0.35022078350159674,0.07568662271128578,0.08322905743755032,0.035378659415223244,0.00925876956041166,False,False,True,False,みくにあさガ,2026-08-16,1号艇のsession_exh_rel_avg,0.1313,1号艇のdominance,0.0893,1号艇vs4号艇の枠別平均ST差,-0.061,1号艇の節間得点,-0.049,1号艇のモーター2連率順位,0.045,2号艇のwin_rate_rank_2to6,0.2199,2号艇のsession_exh_rel_avg,0.1084,2号艇のclass_rank_2to6,0.0989,2号艇の全国勝率,0.0602,1号艇の女子戦2連率,-0.0541,4号艇のsession_exh_rel_avg,0.1037,4号艇のclass_rank_2to6,-0.0905,4号艇のwin_rate_rank_2to6,0.0805,4号艇の節間得点,-0.0683,4号艇の年齢,-0.0627,0.0343,南 3.4m/s,[逃げ]1号艇のsession_exh_rel_avgが有利(+13.1pt)、1号艇のdominanceが有利(+8.9pt) / [2着]2号艇のwin_rate_rank_2to6が有利(+22.0pt)、2号艇のsession_exh_rel_avgが有利(+10.8pt) / [候補2]4号艇のsession_exh_rel_avgが有利(+10.4pt)、4号艇のclass_rank_2to6が不利(-9.0pt) / [除外]6号艇のwin_rate_rank_2to6が不利(-7.0pt)、天気+3.4pt
61,11,琵琶湖,9,14:51,0.5583067859265292,3,0.4742871538628348,4,0.29979894555567155,0.43217752219675,0.13852838562560227,0.635557713792904,0.3603348968524436,0.49319157967559624,1-3,1-4,0.0773413377382208,0.2647977364794005,0.1673797857173495,0.043247084217812426,0.005540834754235796,True,True,False,False,予選,2026-08-16,1号艇のsession_exh_rel_avg,0.1428,風速区分,0.0911,1号艇のdominance,-0.066,1号艇のsession_avg_finish,-0.0648,1号艇の勝率順位,-0.0645,3号艇のモーター2連率,0.0813,3号艇のsession_exh_rel_avg,0.0642,3号艇のwin_rate_rank_2to6,0.056,3号艇のcumulative_diff_rank_2to6,0.0466,3号艇の節間得点,0.0425,4号艇のclass_rank_2to6,0.2042,4号艇のwin_rate_rank_2to6,0.1995,4号艇の全国勝率,0.0998,4号艇のcumulative_diff_rank_2to6,-0.0747,1号艇vs5号艇のcumulative差,0.0631,0.0891,東 1.6m/s,[逃げ]1号艇のsession_exh_rel_avgが有利(+14.3pt)、風速区分が有利(+9.1pt) / [2着]3号艇のモーター2連率が有利(+8.1pt)、3号艇のsession_exh_rel_avgが有利(+6.4pt) / [候補2]4号艇のclass_rank_2to6が有利(+20.4pt)、4号艇のwin_rate_rank_2to6が有利(+19.9pt) / [除外]6号艇のsession_exh_rel_avgが不利(-7.4pt)、6号艇のwin_rate_rank_2to6が不利(-7.4pt)、天気+8.9pt
62,02,戸田,6,13:14,0.6602438247369997,3,0.3851606409345899,2,0.2656403265614944,0.42968731992215453,0.13918519815203648,0.5116157693440478,0.3579199822020155,0.4542658547487225,1-3,1-2,0.17538738521334668,0.25429993470880785,0.0886956655392644,0.09189616757467775,0.049964661862503375,True,True,False,False,一般,2026-08-16,1号艇のdominance,0.1572,場特性:in_escape_diff,-0.1515,1号艇のvs_max234_diff,0.1476,6号艇の年齢,-0.1404,1号艇の節間得点,0.0917,4号艇の節間得点,0.1193,3号艇のsession_exh_rel_avg,0.1053,1号艇vs3号艇のcumulative差,-0.0743,3号艇の女子戦比率,-0.0673,3号艇の節間得点,-0.0601,2号艇のwin_rate_rank_2to6,-0.1597,2号艇の全国勝率,-0.0701,2号艇のモーター2連率,0.0671,2号艇のsession_exh_rel_avg,-0.0626,1号艇vs2号艇のplace_rate差,-0.0551,0.0207,南東 0.9m/s,[逃げ]1号艇のdominanceが有利(+15.7pt)、場特性:in_escape_diffが不利(-15.2pt) / [2着]4号艇の節間得点が有利(+11.9pt)、3号艇のsession_exh_rel_avgが有利(+10.5pt) / [候補2]2号艇のwin_rate_rank_2to6が不利(-16.0pt)、2号艇の全国勝率が不利(-7.0pt) / [除外]4号艇の節間得点が不利(-5.6pt)、天気+2.1pt
63,24,大村,6,17:47,0.729802862908999,3,0.4324474394607689,5,0.20420009071227066,0.46462719018422755,0.1920519001604693,0.44459563001257024,0.3575481484949068,0.45861772213273033,1-3,1-5,0.14016002656422374,0.3156013793761352,0.11529089475501661,0.14902581080809243,0.00972475310473572,True,False,False,False,一般,2026-08-16,1号艇の女子戦比率,-0.2394,1号艇のdominance,0.16,1号艇のsession_exh_rel_avg,0.1359,1号艇の勝率順位,0.0962,場特性:in_escape_diff,0.0924,3号艇のwin_rate_rank_2to6,0.0732,場特性:1x_diff_course3,0.0652,3号艇のsession_exh_rel_avg,0.0607,3号艇の当地勝率,-0.0515,3号艇のcumulative_diff_rank_2to6,0.0422,5号艇のwin_rate_rank_2to6,0.2574,6号艇のsession_rank_diff_delta,0.1735,5号艇のclass_rank_2to6,0.1521,5号艇のsession_exh_rel_avg,0.1007,5号艇の女子戦比率,-0.0885,-0.028,南 5.1m/s,[逃げ]1号艇の女子戦比率が不利(-23.9pt)、1号艇のdominanceが有利(+16.0pt) / [2着]3号艇のwin_rate_rank_2to6が有利(+7.3pt)、場特性:1x_diff_course3が有利(+6.5pt) / [候補2]5号艇のwin_rate_rank_2to6が有利(+25.7pt)、6号艇のsession_rank_diff_deltaが有利(+17.4pt) / [除外]4号艇の年齢が不利(-8.4pt)、6号艇のwin_rate_rank_2to6が不利(-7.7pt)、天気-2.8pt
64,09,津,1,10:28,0.7729778409995127,3,0.3599540230008739,2,0.2594082329255481,0.47875329938259337,0.21252440266080935,0.40683785326561267,0.35665718861478063,0.45717866554749914,1-3,1-2,0.20051681582428887,0.2782364835583045,0.16427665392846352,0.0807701103379761,0.0491777571935118,False,False,True,False,ツッキーレー,2026-08-16,1号艇のdominance,0.3628,1号艇のsession_exh_rel_avg,-0.1576,1号艇の勝率順位,0.0937,1号艇のvs_max234_diff,0.0881,1号艇のracer_win_te,0.0739,4号艇のモーター出走数,-0.0708,3号艇のwin_rate_rank_2to6,0.0696,3号艇のracer_2nd_te,-0.0557,3号艇のracer_avgfin_te,-0.0494,3号艇の女子戦勝率,-0.042,2号艇のwin_rate_rank_2to6,-0.1576,2号艇のsession_exh_rel_avg,-0.1418,2号艇の全国勝率,-0.1337,2号艇の全国2連率,-0.1199,3号艇のモーター出走数,0.0731,-0.0175,南東 4.6m/s,[逃げ]1号艇のdominanceが有利(+36.3pt)、1号艇のsession_exh_rel_avgが不利(-15.8pt) / [2着]4号艇のモーター出走数が不利(-7.1pt)、3号艇のwin_rate_rank_2to6が有利(+7.0pt) / [候補2]2号艇のwin_rate_rank_2to6が不利(-15.8pt)、2号艇のsession_exh_rel_avgが不利(-14.2pt) / [除外]6号艇のwin_rate_rank_2to6が不利(-9.9pt)、6号艇のvs_avg456_diffが不利(-6.2pt)、天気-1.7pt
65,17,宮島,5,12:35,0.6248666915009689,2,0.35347842722405054,3,0.33255156701913063,0.4286772927731653,0.1410841274213221,0.544945866821859,0.35610181861768136,0.46355786498777335,1-2,1-3,0.22087689533645846,0.20780039743670686,0.08815877192506265,0.03479888531290381,0.07323174148983708,True,True,False,False,ランチタイム,2026-08-16,1号艇のdominance,-0.1491,1号艇のsession_exh_rel_avg,0.1264,風速区分,0.1079,1号艇のracer_win_te,0.0929,1号艇vs4号艇のcumulative差,-0.0679,2号艇のsession_exh_rel_avg,-0.1207,2号艇のclass_rank_2to6,0.0848,6号艇の当地2連率,-0.0719,6号艇のsession_exh_rel_last,-0.0603,win_rate_gap_top2_2to6,-0.0546,6号艇のracer_2nd_te,-0.0954,3号艇のsession_exh_rel_avg,0.0757,3号艇のwin_rate_rank_2to6,-0.0718,6号艇の全国勝率,0.0575,3号艇の節間得点,-0.0569,0.1265,南東 2.4m/s,[逃げ]1号艇のdominanceが不利(-14.9pt)、1号艇のsession_exh_rel_avgが有利(+12.6pt) / [2着]2号艇のsession_exh_rel_avgが不利(-12.1pt)、2号艇のclass_rank_2to6が有利(+8.5pt) / [候補2]6号艇のracer_2nd_teが不利(-9.5pt)、3号艇のsession_exh_rel_avgが有利(+7.6pt)、天気+12.7pt
66,10,三国,12,14:10,0.7937079786429688,2,0.3423291624523962,3,0.26153982878513155,0.47929563640030676,0.21563698600055747,0.3882320052369702,0.35527099667640927,0.45197654705130574,1-2,1-3,0.2717093875606319,0.20758624883967491,0.17115279627916463,0.12040876335301201,0.02285078261048537,True,True,False,False,カニ坊選抜,2026-08-16,1号艇のsession_exh_rel_avg,0.1449,1号艇のdominance,0.144,5号艇のsession_exh_rel_avg,-0.0972,race_no,0.0873,1号艇のracer_win_te,0.0846,2号艇のsession_exh_rel_avg,0.0648,レース時間帯,-0.0546,2号艇の全国勝率,0.0487,2号艇のモーター2連率,0.0332,2号艇のcumulative_diff_rank_2to6,-0.032,5号艇のsession_exh_rel_avg,-0.1108,1号艇の直近1着率,0.1094,3号艇のwin_rate_rank_2to6,-0.1073,3号艇のcumulative_diff_rank_2to6,0.0528,場特性:1x_diff_course3,-0.0437,0.0334,南 3.0m/s,[逃げ]1号艇のsession_exh_rel_avgが有利(+14.5pt)、1号艇のdominanceが有利(+14.4pt) / [2着]2号艇のsession_exh_rel_avgが有利(+6.5pt)、レース時間帯が不利(-5.5pt) / [候補2]5号艇のsession_exh_rel_avgが不利(-11.1pt)、1号艇の直近1着率が有利(+10.9pt) / [除外]6号艇のwin_rate_rank_2to6が不利(-7.6pt)、場特性:1x_diff_course5が不利(-5.3pt)、天気+3.3pt
67,02,戸田,11,15:55,0.716569712556695,2,0.36862337451947935,3,0.31943910241058915,0.4930447313148268,0.23624216784813476,0.4518203090819337,0.3532711839085278,0.4806774046449588,1-2,1-3,0.2641443455211022,0.22890038579372451,0.16928398230870842,0.0390405016284534,0.015200497304706349,True,False,False,False,準優勝戦,2026-08-16,場特性:in_escape_diff,-0.1765,1号艇のsession_exh_rel_avg,0.1411,1号艇のdominance,0.1149,1号艇の節間得点,0.1128,1号艇のracer_win_te,0.1104,2号艇のwin_rate_rank_2to6,0.1498,2号艇のsession_exh_rel_avg,0.1065,2号艇の全国勝率,0.0484,2号艇のracer_avgfin_te,0.0402,2号艇の節間得点,0.0387,3号艇のsession_exh_rel_avg,0.102,3号艇の当地勝率,0.0752,3号艇のwin_rate_rank_2to6,0.0506,1号艇のracer_win_te,0.046,3号艇の節間得点,0.0365,0.1416,東 0.7m/s,[逃げ]場特性:in_escape_diffが不利(-17.7pt)、1号艇のsession_exh_rel_avgが有利(+14.1pt) / [2着]2号艇のwin_rate_rank_2to6が有利(+15.0pt)、2号艇のsession_exh_rel_avgが有利(+10.7pt) / [候補2]3号艇のsession_exh_rel_avgが有利(+10.2pt)、3号艇の当地勝率が有利(+7.5pt) / [除外]6号艇のwin_rate_rank_2to6が不利(-7.2pt)、6号艇のvs_avg456_diffが不利(-6.6pt)、天気+14.2pt
68,22,福岡,2,12:47,0.5105164238516339,3,0.5778878160119252,4,0.23746065308551562,0.4162487846365299,0.12653309228176496,0.688815376815676,0.35304568958222604,0.4980187622902737,1-3,1-4,0.06459722177057542,0.295021221217839,0.12122756341869088,0.024661247708969963,0.005009181859673114,True,True,False,False,一般戦,2026-08-16,1号艇のdominance,-0.2347,1号艇の節間得点,0.0984,1号艇のsession_exh_rel_avg,-0.0699,1号艇のvs_max234_diff,-0.0673,1号艇の全国勝率,-0.0648,3号艇のwin_rate_rank_2to6,0.0836,4号艇のracer_avgfin_te,0.0556,3号艇のclass_rank_2to6,0.049,3号艇のcumulative_diff_rank_2to6,0.0399,1号艇の一般戦2連率,0.036,4号艇のwin_rate_rank_2to6,0.2225,4号艇のclass_rank_2to6,0.1819,4号艇のsession_exh_rel_avg,-0.0991,4号艇の全国勝率,0.0949,4号艇のcumulative_diff_rank_2to6,-0.0685,0.0231,南東 3.6m/s,[逃げ]1号艇のdominanceが不利(-23.5pt)、1号艇の節間得点が有利(+9.8pt) / [2着]3号艇のwin_rate_rank_2to6が有利(+8.4pt)、4号艇のracer_avgfin_teが有利(+5.6pt) / [候補2]4号艇のwin_rate_rank_2to6が有利(+22.3pt)、4号艇のclass_rank_2to6が有利(+18.2pt) / [除外]6号艇のwin_rate_rank_2to6が不利(-7.5pt)、6号艇のsession_exh_rel_avgが不利(-6.7pt)、天気+2.3pt
69,11,琵琶湖,3,11:39,0.588805940832299,2,0.4868792098106953,4,0.2637973404459789,0.44200281243462564,0.17253995215898071,0.5781365980976936,0.35048703950069937,0.482842948133546,1-2,1-4,0.2866773712042727,0.0398392183222869,0.15532544123035288,0.1015925488621285,0.005371354907022926,True,True,False,False,予選,2026-08-16,1号艇のdominance,0.1626,2号艇のsession_exh_rel_avg,-0.1577,5号艇の枠別出走数,-0.109,1号艇vs3号艇のplace_rate差,0.0899,3号艇のsession_exh_rel_avg,-0.0843,2号艇のsession_exh_rel_avg,0.1552,3号艇のracer_2nd_te,0.1393,2号艇の全国勝率,0.0606,2号艇のモーター2連率,-0.0449,5号艇の年齢,-0.0443,4号艇のclass_rank_2to6,0.1762,4号艇のモーター2連率,0.1438,4号艇のwin_rate_rank_2to6,0.1085,4号艇のsession_exh_rel_avg,-0.0822,4号艇の年齢,-0.0673,0.0693,南東 2.6m/s,[逃げ]1号艇のdominanceが有利(+16.3pt)、2号艇のsession_exh_rel_avgが不利(-15.8pt) / [2着]2号艇のsession_exh_rel_avgが有利(+15.5pt)、3号艇のracer_2nd_teが有利(+13.9pt) / [候補2]4号艇のclass_rank_2to6が有利(+17.6pt)、4号艇のモーター2連率が有利(+14.4pt) / [除外]ST差分(6-5)が不利(-10.0pt)、5号艇の平均STが不利(-7.6pt)、天気+6.9pt
70,18,徳山,9,12:42,0.696663446736693,3,0.3588384074350469,4,0.33046909193105733,0.48021533836984104,0.22555192771004193,0.4637555716560623,0.3502391440275438,0.47527740835570736,1-3,1-4,0.15713378337658324,0.24998960174520554,0.23022573662463547,0.05795494865371398,0.001359381527101952,True,True,False,False,推しトク予選,2026-08-16,場特性:in_escape_diff,0.2399,1号艇のsession_exh_rel_avg,0.1054,風速区分,0.0763,1号艇の体重,-0.0621,1号艇のvs_max234_diff,0.0566,3号艇のsession_exh_rel_avg,0.0839,3号艇のwin_rate_rank_2to6,-0.068,場特性:1x_diff_course3,0.0452,3号艇のcumulative_diff_rank_2to6,0.0399,3号艇の全国勝率,-0.0389,4号艇のclass_rank_2to6,0.2,4号艇のwin_rate_rank_2to6,0.1018,4号艇のcumulative_diff_rank_2to6,0.0545,5号艇の体重,0.0419,4号艇の女子戦比率,-0.0379,0.0682,南東 1.9m/s,[逃げ]場特性:in_escape_diffが有利(+24.0pt)、1号艇のsession_exh_rel_avgが有利(+10.5pt) / [2着]3号艇のsession_exh_rel_avgが有利(+8.4pt)、3号艇のwin_rate_rank_2to6が不利(-6.8pt) / [候補2]4号艇のclass_rank_2to6が有利(+20.0pt)、4号艇のwin_rate_rank_2to6が有利(+10.2pt) / [除外]6号艇のracer_win_teが不利(-12.7pt)、6号艇のvs_avg456_diffが不利(-11.6pt)、天気+6.8pt
71,07,蒲郡,5,17:11,0.8641980114885484,2,0.2872907956846157,4,0.2706862439889842,0.4822026481421919,0.23026335984537333,0.3277136798282266,0.34896232587712295,0.4358559576480023,1-2,1-4,0.2482761343496077,0.1989931376970437,0.2339265137925842,0.0470202484174915,0.1359819901093752,True,False,False,False,一般戦,2026-08-16,1号艇のdominance,0.2119,1号艇vs5号艇のcumulative差,0.155,1号艇のracer_win_te,0.0969,1号艇の勝率順位,0.0938,1号艇のvs_max234_diff,0.0735,2号艇のwin_rate_rank_2to6,-0.1623,2号艇の全国勝率,-0.0969,1号艇vs2号艇のplace_rate差,-0.0818,2号艇のsession_exh_rel_avg,-0.0705,2号艇のclass_rank_2to6,-0.049,4号艇のsession_exh_rel_avg,-0.1158,4号艇のwin_rate_rank_2to6,0.1101,4号艇のclass_rank_2to6,-0.1063,4号艇の節間得点,-0.077,1号艇vs4号艇のcumulative差,-0.0759,-0.04,南東 4.2m/s,[逃げ]1号艇のdominanceが有利(+21.2pt)、1号艇vs5号艇のcumulative差が有利(+15.5pt) / [2着]2号艇のwin_rate_rank_2to6が不利(-16.2pt)、2号艇の全国勝率が不利(-9.7pt) / [候補2]4号艇のsession_exh_rel_avgが不利(-11.6pt)、4号艇のwin_rate_rank_2to6が有利(+11.0pt) / [除外]5号艇のracer_avgfin_teが不利(-5.4pt)、3号艇のsession_exh_rel_avgが不利(-5.2pt)、天気-4.0pt
72,14,鳴門,8,11:59,0.4787844229502547,2,0.5996883360254444,3,0.20556967444070104,0.3855449918671036,0.08042791616878173,0.7248300942973637,0.3483346955248864,0.4873305225961816,1-2,1-3,0.2871214339139408,0.09842355795316277,0.03850763343196162,0.0226899518795007,0.0320418404208559,True,True,False,False,予選,2026-08-16,場特性:in_escape_diff,-0.1605,1号艇のdominance,-0.1077,風速区分,-0.0751,1号艇の年齢,0.0616,1号艇のモーター2連率順位,0.0592,2号艇のwin_rate_rank_2to6,0.2368,2号艇のモーター2連率,0.1483,2号艇のclass_rank_2to6,0.1067,2号艇の全国勝率,0.0577,全艇平均勝率,0.0412,3号艇のwin_rate_rank_2to6,0.0769,3号艇の全国勝率,-0.0658,3号艇のracer_2nd_te,-0.0516,3号艇のモーター2連率,-0.0422,3号艇のracer_avgfin_te,-0.0417,-0.07,南東 7.0m/s,[逃げ]場特性:in_escape_diffが不利(-16.0pt)、1号艇のdominanceが不利(-10.8pt) / [2着]2号艇のwin_rate_rank_2to6が有利(+23.7pt)、2号艇のモーター2連率が有利(+14.8pt) / [候補2]3号艇のwin_rate_rank_2to6が有利(+7.7pt)、3号艇の全国勝率が不利(-6.6pt) / [除外]4号艇のwin_rate_rank_2to6が不利(-5.9pt)、5号艇のracer_avgfin_teが不利(-5.1pt)、天気-7.0pt
73,24,大村,7,18:15,0.7287869493462084,3,0.39804299145389077,5,0.2615786678164964,0.4807236567823496,0.23346558862940747,0.4261560706409797,0.3460447389838226,0.4643533809399386,1-3,1-5,0.1701466741145427,0.2900885374503199,0.07623850250218238,0.19063511933202965,0.0016781238374366423,True,False,False,False,一般,2026-08-16,1号艇のdominance,0.2485,1号艇の女子戦比率,-0.2394,1号艇のsession_exh_rel_avg,-0.1128,場特性:in_escape_diff,0.111,1号艇の勝率順位,0.0908,3号艇のwin_rate_rank_2to6,0.0699,2号艇のracer_avgfin_te,0.0586,2号艇のvs_boat3_diff,0.0502,場特性:1x_diff_course3,0.0487,2号艇の全国2連率,0.0475,5号艇のwin_rate_rank_2to6,0.2279,6号艇のracer_avgfin_te,0.0884,mean_234_全国勝率,0.0787,5号艇の性別,-0.0749,5号艇の枠別勝率,0.0649,-0.0772,南 4.7m/s,[逃げ]1号艇のdominanceが有利(+24.8pt)、1号艇の女子戦比率が不利(-23.9pt) / [2着]3号艇のwin_rate_rank_2to6が有利(+7.0pt)、2号艇のracer_avgfin_teが有利(+5.9pt) / [候補2]5号艇のwin_rate_rank_2to6が有利(+22.8pt)、6号艇のracer_avgfin_teが有利(+8.8pt) / [除外]6号艇の全国勝率が不利(-15.9pt)、6号艇の直近平均着順が不利(-15.6pt)、天気-7.7pt
74,18,徳山,2,09:14,0.6789155944380569,4,0.3814046514027437,2,0.3250256158472101,0.4796065248190378,0.2333874383085225,0.47304282894143135,0.34528555895075613,0.4776374160557558,1-4,1-2,0.2206649591905042,0.15845037141360588,0.25894156562853365,0.03130198218288404,0.009556722345423357,False,False,True,False,お盆選抜,2026-08-16,場特性:in_escape_diff,0.2172,1号艇のsession_exh_rel_avg,0.1752,1号艇のdominance,0.1369,1号艇のracer_win_te,0.1018,3号艇のsession_exh_rel_avg,-0.0911,4号艇のclass_rank_2to6,0.2375,4号艇のwin_rate_rank_2to6,0.2266,4号艇のモーター2連率,0.0866,4号艇のsession_exh_rel_avg,-0.0823,4号艇の全国勝率,0.0651,2号艇のsession_exh_rel_avg,-0.1067,2号艇のwin_rate_rank_2to6,0.0737,場特性:1x_diff_course2,0.034,2号艇の当地勝率,-0.0296,1号艇vs2号艇の枠別平均ST差,-0.0293,0.0432,南東 2.3m/s,[逃げ]場特性:in_escape_diffが有利(+21.7pt)、1号艇のsession_exh_rel_avgが有利(+17.5pt) / [2着]4号艇のclass_rank_2to6が有利(+23.8pt)、4号艇のwin_rate_rank_2to6が有利(+22.7pt) / [候補2]2号艇のsession_exh_rel_avgが不利(-10.7pt)、2号艇のwin_rate_rank_2to6が有利(+7.4pt) / [除外]6号艇のwin_rate_rank_2to6が不利(-8.3pt)、6号艇のvs_avg456_diffが不利(-5.7pt)、天気+4.3pt
75,04,平和島,6,14:26,0.5686851424134556,2,0.46083715499268146,4,0.25246625347547297,0.4056450504287157,0.12518280085445338,0.5881206076137011,0.34470931015022055,0.46038771758421126,1-2,1-4,0.26207124311642477,0.07118959893163007,0.1435738073122909,0.05451243174195721,0.03733807190373883,True,True,False,False,一般,2026-08-16,場特性:in_escape_diff,-0.1543,1号艇のsession_exh_rel_avg,-0.1233,1号艇vs4号艇のcumulative差,-0.0772,1号艇のracer_win_te,0.0725,1号艇のdominance,0.0695,2号艇のwin_rate_rank_2to6,0.1597,2号艇のclass_rank_2to6,0.0882,2号艇のsession_exh_rel_avg,0.0832,2号艇の全国勝率,0.0547,3号艇のracer_win_te,0.0511,4号艇のwin_rate_rank_2to6,0.1247,4号艇の節間得点,0.077,4号艇のsession_exh_rel_avg,-0.0696,4号艇のclass_rank_2to6,-0.0672,6号艇の節間得点,-0.0577,-0.0036,南東 2.3m/s,[逃げ]場特性:in_escape_diffが不利(-15.4pt)、1号艇のsession_exh_rel_avgが不利(-12.3pt) / [2着]2号艇のwin_rate_rank_2to6が有利(+16.0pt)、2号艇のclass_rank_2to6が有利(+8.8pt) / [候補2]4号艇のwin_rate_rank_2to6が有利(+12.5pt)、4号艇の節間得点が有利(+7.7pt) / [除外]5号艇の直近平均着順が不利(-13.7pt)、3号艇のsession_exh_rel_avgが不利(-5.4pt)、天気-0.4pt
76,12,住之江,12,20:36,0.826715394575665,2,0.32348031061731547,3,0.2382126888068746,0.46436024964935807,0.21882507848596205,0.342867920938228,0.34242384795902,0.427912551036019,1-2,1-3,0.26742615262945263,0.19693409701990544,0.16832767651749986,0.180906061103573,0.013121402685601876,False,False,False,False,一般特別戦,2026-08-16,1号艇のracer_win_te,0.1738,1号艇のsession_exh_rel_avg,0.1556,race_no,0.1258,1号艇の節間得点,0.1095,風速区分,0.1013,2号艇のwin_rate_rank_2to6,0.1543,2号艇のracer_avgfin_te,0.0415,2号艇の全国勝率,0.0396,2号艇の節間得点,0.0363,レース時間帯,-0.0291,3号艇のsession_exh_rel_avg,0.13,3号艇のwin_rate_rank_2to6,-0.1261,3号艇の全国勝率,0.0484,3号艇のcumulative_diff_rank_2to6,0.0433,3号艇の節間得点,0.0419,0.1342,北東 0.7m/s,[逃げ]1号艇のracer_win_teが有利(+17.4pt)、1号艇のsession_exh_rel_avgが有利(+15.6pt) / [2着]2号艇のwin_rate_rank_2to6が有利(+15.4pt)、2号艇のracer_avgfin_teが有利(+4.2pt) / [候補2]3号艇のsession_exh_rel_avgが有利(+13.0pt)、3号艇のwin_rate_rank_2to6が不利(-12.6pt) / [除外]6号艇のwin_rate_rank_2to6が不利(-6.3pt)、天気+13.4pt
77,01,桐生,2,15:42,0.6040344692681573,3,0.4729560031858568,2,0.2008517188039194,0.40700308974088056,0.13364195190920392,0.5401657700805723,0.34173186492562274,0.44695189384278805,1-3,1-2,0.12132136136932262,0.2856817283715579,0.07380300414408057,0.04250403439016708,0.08072434549343659,True,False,False,False,一般,2026-08-16,1号艇のdominance,0.0978,6号艇のモーター出走数,-0.0948,2号艇の枠別平均ST,0.0921,1号艇のvs_max234_diff,0.082,場特性:in_escape_diff,-0.0775,2号艇の枠別平均ST,0.2381,6号艇のモーター出走数,0.0819,3号艇の年齢,-0.0754,3号艇のsession_exh_rel_avg,0.0692,4号艇のモーター出走数,-0.0671,2号艇のwin_rate_rank_2to6,-0.1725,2号艇の全国勝率,-0.0683,3号艇のモーター出走数,0.0531,4号艇のsession_rank_diff_last,0.0487,2号艇のclass_rank_2to6,-0.0396,0.0443,南東 1.3m/s,[逃げ]1号艇のdominanceが有利(+9.8pt)、6号艇のモーター出走数が不利(-9.5pt) / [2着]2号艇の枠別平均STが有利(+23.8pt)、6号艇のモーター出走数が有利(+8.2pt) / [候補2]2号艇のwin_rate_rank_2to6が不利(-17.2pt)、2号艇の全国勝率が不利(-6.8pt) / [除外]4号艇のracer_avgfin_teが不利(-6.9pt)、4号艇のwin_rate_rank_2to6が不利(-6.5pt)、天気+4.4pt
78,12,住之江,8,18:28,0.8172798947172272,2,0.32879353098805186,4,0.3189528943993759,0.5293901303440972,0.2984412733396279,0.3493051520477999,0.33979989283210854,0.47536463685520797,1-2,1-4,0.2687163423896204,0.2439100524542863,0.2606737879544768,0.03793360421880097,0.006046111886374419,True,False,False,False,予選,2026-08-16,1号艇のdominance,0.221,5号艇の枠別出走数,-0.1385,1号艇のracer_win_te,0.1354,1号艇のsession_exh_rel_avg,0.1308,1号艇の全国勝率,0.1001,2号艇のwin_rate_rank_2to6,0.1652,2号艇のsession_exh_rel_avg,0.0826,5号艇のsession_avg_finish,-0.0661,2号艇の全国勝率,0.0582,5号艇のracer_win_te,0.0416,1号艇vs5号艇の勝率差,0.1644,4号艇のwin_rate_rank_2to6,0.0839,4号艇の全国勝率,0.0781,4号艇のsession_exh_rel_avg,0.0776,級別の分散(2-6号艇),-0.0707,0.1081,北東 1.0m/s,[逃げ]1号艇のdominanceが有利(+22.1pt)、5号艇の枠別出走数が不利(-13.8pt) / [2着]2号艇のwin_rate_rank_2to6が有利(+16.5pt)、2号艇のsession_exh_rel_avgが有利(+8.3pt) / [候補2]1号艇vs5号艇の勝率差が有利(+16.4pt)、4号艇のwin_rate_rank_2to6が有利(+8.4pt) / [除外]5号艇の直近平均着順が不利(-11.4pt)、1号艇vs5号艇の勝率差が不利(-10.0pt)、天気+10.8pt
79,18,徳山,5,10:33,0.6182218849224012,3,0.46873875704807444,5,0.22639356948183958,0.4297460171778175,0.17475248267915094,0.5203798438507632,0.3396269970698567,0.45693616517970115,1-3,1-5,0.10803580923677396,0.28978455791844404,0.053474220487639036,0.13996145925937345,0.026965823050306693,False,False,True,False,予選,2026-08-16,場特性:in_escape_diff,0.1806,avg_entry_count,-0.0783,1号艇のsession_exh_rel_avg,-0.0726,1号艇の級別順位,0.0667,風速区分,0.0611,3号艇のsession_exh_rel_avg,0.1248,3号艇のモーター2連率,0.0897,3号艇のwin_rate_rank_2to6,0.0789,3号艇の節間得点,-0.0647,場特性:1x_diff_course3,0.0603,5号艇のwin_rate_rank_2to6,0.2202,5号艇のclass_rank_2to6,0.1454,4号艇の年齢,-0.0884,5号艇の体重,0.0837,5号艇のracer_avgfin_te,0.0733,0.046,南東 1.8m/s,[逃げ]場特性:in_escape_diffが有利(+18.1pt)、avg_entry_countが不利(-7.8pt) / [2着]3号艇のsession_exh_rel_avgが有利(+12.5pt)、3号艇のモーター2連率が有利(+9.0pt) / [候補2]5号艇のwin_rate_rank_2to6が有利(+22.0pt)、5号艇のclass_rank_2to6が有利(+14.5pt) / [除外]4号艇のwin_rate_rank_2to6が不利(-5.5pt)、2号艇のwin_rate_rank_2to6が不利(-5.1pt)、天気+4.6pt
80,01,桐生,10,19:24,0.573344090362905,2,0.4914521649069657,3,0.23848956494239779,0.41850777711840864,0.15795375135260364,0.5719879784967599,0.3391819290790983,0.464551837531914,1-2,1-3,0.2817711944454646,0.13673658267294403,0.09056184988866701,0.0356892757903346,0.028585176886128848,True,False,False,False,特別選抜戦,2026-08-16,1号艇の節間得点,0.1231,6号艇のモーター出走数,-0.1043,場特性:in_escape_diff,-0.0936,風速区分,0.0916,1号艇のsession_exh_rel_last,-0.0891,2号艇のwin_rate_rank_2to6,0.1891,2号艇のclass_rank_2to6,0.1012,2号艇のsession_exh_rel_last,0.0646,3号艇のモーター出走数,0.0583,2号艇の一般戦勝率,-0.0545,3号艇のsession_exh_rel_avg,-0.1148,6号艇のモーター出走数,0.096,4号艇のモーター出走数,-0.0658,3号艇のwin_rate_rank_2to6,0.0511,3号艇の節間得点,0.0502,0.1142,東 1.6m/s,[逃げ]1号艇の節間得点が有利(+12.3pt)、6号艇のモーター出走数が不利(-10.4pt) / [2着]2号艇のwin_rate_rank_2to6が有利(+18.9pt)、2号艇のclass_rank_2to6が有利(+10.1pt) / [候補2]3号艇のsession_exh_rel_avgが不利(-11.5pt)、6号艇のモーター出走数が有利(+9.6pt) / [除外]6号艇のwin_rate_rank_2to6が不利(-6.9pt)、天気+11.4pt
81,09,津,8,13:51,0.7071304770206733,5,0.37046027455223784,2,0.28081967255473245,0.46053989967175085,0.2294423706811954,0.4218375764257749,0.33373906002299114,0.448929202697958,1-5,1-2,0.19857614901041723,0.16224569302854785,0.08011187695779474,0.26196375066133354,0.004233015594662141,True,True,False,False,予選,2026-08-16,1号艇のsession_exh_rel_avg,0.1272,1号艇のracer_win_te,0.1212,5号艇の枠別出走数,-0.0948,1号艇の級別順位,-0.0907,1号艇のdominance,0.0861,5号艇の年齢,0.1878,5号艇の枠別出走数,0.1458,4号艇のsession_exh_rel_avg,0.1404,6号艇のvs_avg456_diff,0.1264,ST差分(5-4),0.1197,2号艇のsession_exh_rel_avg,-0.1018,2号艇の全国勝率,0.063,2号艇のwin_rate_rank_2to6,-0.0465,場特性:1x_diff_course2,0.04,2号艇のcumulative_diff_rank_2to6,-0.0369,0.0688,南東 3.1m/s,[逃げ]1号艇のsession_exh_rel_avgが有利(+12.7pt)、1号艇のracer_win_teが有利(+12.1pt) / [2着]5号艇の年齢が有利(+18.8pt)、5号艇の枠別出走数が有利(+14.6pt) / [候補2]2号艇のsession_exh_rel_avgが不利(-10.2pt)、2号艇の全国勝率が有利(+6.3pt) / [除外]5号艇の直近平均着順が不利(-25.4pt)、win_rate_range_1to6が不利(-10.5pt)、天気+6.9pt
82,04,平和島,5,13:55,0.44217632125400447,2,0.43750591299020886,5,0.3837694328209309,0.3631485111473801,0.0706309263429258,0.7506444194682139,0.3323690922565076,0.4793972836436302,1-2,1-5,0.19345475513288513,0.031231323177077483,0.023071678564315874,0.16969375601449502,0.024724810012466094,True,True,False,False,一般,2026-08-16,場特性:in_escape_diff,-0.1556,3号艇の枠別出走数,-0.1102,6号艇のsession_exh_rel_last,-0.1014,1号艇のdominance,0.093,1号艇のsession_exh_rel_avg,-0.0922,6号艇のsession_exh_rel_last,0.1102,2号艇のclass_rank_2to6,0.0852,2号艇のsession_exh_rel_avg,0.084,1号艇のsession_rank_diff_delta,-0.0704,3号艇のracer_2nd_te,0.0686,5号艇のwin_rate_rank_2to6,0.2295,6号艇のsession_rank_diff_delta,0.1698,3号艇のracer_avgfin_te,0.1643,1号艇vs3号艇の勝率差,0.1352,5号艇のclass_rank_2to6,0.1068,-0.0012,南東 1.8m/s,[逃げ]場特性:in_escape_diffが不利(-15.6pt)、3号艇の枠別出走数が不利(-11.0pt) / [2着]6号艇のsession_exh_rel_lastが有利(+11.0pt)、2号艇のclass_rank_2to6が有利(+8.5pt) / [候補2]5号艇のwin_rate_rank_2to6が有利(+22.9pt)、6号艇のsession_rank_diff_deltaが有利(+17.0pt)、天気影響ほぼなし
83,11,琵琶湖,2,11:08,0.4803625473669695,3,0.5487836788986371,5,0.2397090389420106,0.3787623705222386,0.10536245270524042,0.6831302651354072,0.33087357170142967,0.47007273890618917,1-3,1-5,0.04129701724006087,0.26361512594916636,0.05061217617832113,0.1151472445730723,0.009690983426348887,True,True,False,False,予選,2026-08-16,1号艇のdominance,-0.1227,1号艇の全国勝率,-0.0718,1号艇の級別順位,-0.0642,1号艇vs2号艇のcumulative差,0.061,1号艇のsession_exh_rel_last,-0.0487,3号艇のwin_rate_rank_2to6,0.1649,3号艇の一般戦2連率,0.0956,3号艇のsession_exh_rel_avg,0.0481,3号艇の当地勝率,0.0451,3号艇の全国勝率,0.0412,5号艇のclass_rank_2to6,0.1367,5号艇のsession_exh_rel_avg,0.1333,5号艇のwin_rate_rank_2to6,0.096,5号艇のcumulative_diff_rank_2to6,-0.0944,2号艇のvs_boat3_diff,0.0768,0.0325,南東 2.3m/s,[逃げ]1号艇のdominanceが不利(-12.3pt)、1号艇の全国勝率が不利(-7.2pt) / [2着]3号艇のwin_rate_rank_2to6が有利(+16.5pt)、3号艇の一般戦2連率が有利(+9.6pt) / [候補2]5号艇のclass_rank_2to6が有利(+13.7pt)、5号艇のsession_exh_rel_avgが有利(+13.3pt) / [除外]6号艇のsession_exh_rel_avgが不利(-8.8pt)、2号艇のwin_rate_rank_2to6が不利(-8.2pt)、天気+3.2pt
84,09,津,10,14:55,0.539845674517087,3,0.5535013742466434,2,0.18764477938570073,0.40010454522339733,0.14757499126321927,0.5935711623691248,0.32925003550453674,0.45814453036711555,1-3,1-2,0.10129922249708359,0.29880532272631377,0.07966772070034582,0.035371499424939994,0.024701912185026532,True,True,False,False,予選,2026-08-16,1号艇のdominance,0.2316,3号艇のsession_exh_rel_avg,-0.1624,1号艇の年齢,-0.0971,1号艇のsession_exh_rel_avg,-0.075,1号艇の勝率順位,0.0638,3号艇のwin_rate_rank_2to6,0.1992,3号艇のsession_exh_rel_avg,0.1234,3号艇の性別,-0.0521,3号艇のモーター2連率,0.0497,3号艇のclass_rank_2to6,0.0457,2号艇のwin_rate_rank_2to6,-0.1586,2号艇の全国勝率,-0.0747,2号艇のsession_exh_rel_avg,0.0679,2号艇の体重,-0.0624,2号艇のclass_rank_2to6,-0.057,0.0872,南東 2.8m/s,[逃げ]1号艇のdominanceが有利(+23.2pt)、3号艇のsession_exh_rel_avgが不利(-16.2pt) / [2着]3号艇のwin_rate_rank_2to6が有利(+19.9pt)、3号艇のsession_exh_rel_avgが有利(+12.3pt) / [候補2]2号艇のwin_rate_rank_2to6が不利(-15.9pt)、2号艇の全国勝率が不利(-7.5pt) / [除外]2号艇の女子戦2連率が不利(-5.3pt)、天気+8.7pt
85,01,桐生,8,18:22,0.5696144093180253,5,0.4029105854975441,3,0.28144527921066526,0.3898189616390931,0.13027346684687602,0.5540823978613333,0.32887928054864424,0.4390979925057651,1-5,1-3,0.05426337169994865,0.1603152864729298,0.07420564386779464,0.22950367516616332,0.05132641513535668,True,False,False,False,ドラドキ５,2026-08-16,1号艇のvs_max234_diff,0.1022,6号艇のモーター出走数,-0.0774,1号艇のdominance,-0.077,場特性:in_escape_diff,-0.0678,1号艇の節間得点,-0.0605,5号艇のwin_rate_rank_2to6,0.2463,5号艇のclass_rank_2to6,0.1704,5号艇のracer_avgfin_te,0.0651,mean_234_全国勝率,0.0629,5号艇の枠別勝率,0.0611,3号艇のsession_exh_rel_avg,-0.227,5号艇のsession_exh_rel_delta,0.0901,6号艇のモーター出走数,0.0877,3号艇のsession_exh_rel_last,-0.0558,3号艇の節間得点,-0.0468,0.0292,東 1.8m/s,[逃げ]1号艇のvs_max234_diffが有利(+10.2pt)、6号艇のモーター出走数が不利(-7.7pt) / [2着]5号艇のwin_rate_rank_2to6が有利(+24.6pt)、5号艇のclass_rank_2to6が有利(+17.0pt) / [候補2]3号艇のsession_exh_rel_avgが不利(-22.7pt)、5号艇のsession_exh_rel_deltaが有利(+9.0pt) / [除外]2号艇のwin_rate_rank_2to6が不利(-6.8pt)、天気+2.9pt
86,18,徳山,8,12:09,0.48118254707212266,3,0.4103926937679324,2,0.39457502272812717,0.3873364161344043,0.127763623375206,0.6772040931208536,0.3279514113458066,0.47429671923033906,1-3,1-2,0.1898626144473609,0.19747380168704337,0.028498903797801185,0.06147762571884501,0.0038695960434381137,True,True,False,False,予選,2026-08-16,1号艇のdominance,-0.3016,場特性:in_escape_diff,0.2258,1号艇のvs_max234_diff,-0.1232,1号艇の級別順位,-0.0969,1号艇の全国勝率,-0.0892,3号艇のsession_exh_rel_avg,0.1138,3号艇のwin_rate_rank_2to6,0.0729,3号艇のclass_rank_2to6,0.0568,1号艇vs2号艇のplace_rate差,0.054,場特性:1x_diff_course3,0.0537,2号艇のsession_exh_rel_avg,0.1111,2号艇の全国勝率,0.0634,場特性:in_escape_diff,0.0572,場特性:1x_diff_course2,0.045,2号艇のracer_avgfin_te,-0.0428,0.0573,南東 2.1m/s,[逃げ]1号艇のdominanceが不利(-30.2pt)、場特性:in_escape_diffが有利(+22.6pt) / [2着]3号艇のsession_exh_rel_avgが有利(+11.4pt)、3号艇のwin_rate_rank_2to6が有利(+7.3pt) / [候補2]2号艇のsession_exh_rel_avgが有利(+11.1pt)、2号艇の全国勝率が有利(+6.3pt) / [除外]4号艇のracer_avgfin_teが不利(-11.4pt)、6号艇のsession_exh_rel_avgが不利(-7.5pt)、天気+5.7pt
87,06,浜名湖,11,16:35,0.4999969596666456,3,0.39136318160757066,2,0.3728001759973555,0.3820793554911187,0.1236498829509236,0.6405134746540025,0.3253864743897893,0.45960959123998385,1-3,1-2,0.18639895456186814,0.1956804009292506,0.0618245655385984,0.042429615709912355,0.013663414545163852,True,False,False,False,特別選抜戦,2026-08-16,1号艇の年齢,-0.1363,6号艇の枠別出走数,-0.1118,1号艇の級別順位,-0.0902,1号艇の節間得点,0.0893,レース時間帯,0.0643,3号艇のsession_exh_rel_avg,0.0732,3号艇のモーター2連率,0.0731,3号艇のwin_rate_rank_2to6,0.0649,3号艇の節間得点,0.0551,3号艇のcumulative_diff_rank_2to6,0.0338,2号艇のwin_rate_rank_2to6,0.1354,2号艇の節間得点,0.0539,2号艇のモーター2連率,0.0464,5号艇のsession_exh_count,0.0463,1号艇の女子戦勝率,0.045,0.0199,東 4.4m/s,[逃げ]1号艇の年齢が不利(-13.6pt)、6号艇の枠別出走数が不利(-11.2pt) / [2着]3号艇のsession_exh_rel_avgが有利(+7.3pt)、3号艇のモーター2連率が有利(+7.3pt) / [候補2]2号艇のwin_rate_rank_2to6が有利(+13.5pt)、2号艇の節間得点が有利(+5.4pt) / [除外]6号艇のsession_exh_rel_avgが不利(-5.8pt)、天気+2.0pt
88,02,戸田,10,15:21,0.7137007339818884,2,0.3273489244068256,4,0.3003807085337211,0.4480110997718496,0.2426425458855,0.38508708705504674,0.3175632351715244,0.42913389595680873,1-2,1-4,0.23362916761733313,0.1731741630937154,0.21438193215451645,0.07781521814868066,0.014700250308900318,True,False,False,False,準優勝戦,2026-08-16,場特性:in_escape_diff,-0.1974,3号艇のracer_win_te,-0.125,1号艇の節間得点,0.1198,レース時間帯,0.0994,1号艇のsession_exh_rel_avg,0.0883,2号艇のsession_exh_rel_avg,0.1186,2号艇のwin_rate_rank_2to6,-0.1065,2号艇のモーター2連率,-0.0481,2号艇の全国勝率,0.0477,2号艇の節間得点,0.0454,4号艇のwin_rate_rank_2to6,0.1355,4号艇の全国勝率,0.1338,4号艇のモーター2連率,-0.111,4号艇の節間得点,0.0877,4号艇のsession_exh_rel_avg,-0.0803,0.1759,東 0.7m/s,[逃げ]場特性:in_escape_diffが不利(-19.7pt)、3号艇のracer_win_teが不利(-12.5pt) / [2着]2号艇のsession_exh_rel_avgが有利(+11.9pt)、2号艇のwin_rate_rank_2to6が不利(-10.6pt) / [候補2]4号艇のwin_rate_rank_2to6が有利(+13.6pt)、4号艇の全国勝率が有利(+13.4pt) / [除外]6号艇のvs_avg456_diffが不利(-7.3pt)、6号艇のwin_rate_rank_2to6が不利(-7.0pt)、天気+17.6pt
89,18,徳山,6,11:04,0.6318926502770262,3,0.3172673218377819,5,0.2991339973510642,0.38949946321649515,0.1658575561338884,0.4505437630549577,0.31197774831503605,0.4078127531680339,1-3,1-5,0.10480417071391339,0.20047888884237025,0.047836964279871955,0.18902057437412492,0.08975206854463069,True,True,False,False,予選,2026-08-16,場特性:in_escape_diff,0.195,1号艇のsession_exh_rel_avg,0.1236,1号艇の級別順位,-0.0999,1号艇の勝率順位,-0.0718,場特性:1x_diff_course2,0.0684,3号艇のsession_exh_rel_avg,-0.1795,3号艇のsession_exh_rel_last,-0.076,3号艇のwin_rate_rank_2to6,0.0607,3号艇のcumulative_diff_rank_2to6,-0.0563,場特性:1x_diff_course3,0.0494,5号艇のwin_rate_rank_2to6,0.2395,5号艇のclass_rank_2to6,0.1789,5号艇のsession_exh_rel_avg,0.1239,5号艇の体重,-0.0562,5号艇のracer_avgfin_te,0.0543,0.0762,南東 2.3m/s,[逃げ]場特性:in_escape_diffが有利(+19.5pt)、1号艇のsession_exh_rel_avgが有利(+12.4pt) / [2着]3号艇のsession_exh_rel_avgが不利(-18.0pt)、3号艇のsession_exh_rel_lastが不利(-7.6pt) / [候補2]5号艇のwin_rate_rank_2to6が有利(+24.0pt)、5号艇のclass_rank_2to6が有利(+17.9pt) / [除外]4号艇のwin_rate_rank_2to6が不利(-5.5pt)、2号艇のwin_rate_rank_2to6が不利(-5.1pt)、天気+7.6pt
90,14,鳴門,4,09:58,0.6371326262972793,4,0.3758089291939878,5,0.2422935714355357,0.3938132695470041,0.17342104244806134,0.4446814581814622,0.3118586602653391,0.4090737261373415,1-4,1-5,0.11049220423014527,0.10457254270633931,0.23944013004333373,0.15437313950367032,0.028254599133022706,False,False,True,False,予選,2026-08-16,1号艇のdominance,0.3222,4号艇のモーター2連率,-0.2532,場特性:in_escape_diff,-0.171,風速区分,-0.1174,1号艇のvs_max234_diff,0.1132,4号艇のwin_rate_rank_2to6,0.1337,4号艇のモーター2連率,0.1081,4号艇のclass_rank_2to6,-0.0928,3号艇の年齢,0.0693,4号艇の年齢,-0.0684,5号艇のwin_rate_rank_2to6,0.2152,5号艇のclass_rank_2to6,0.1245,1号艇の女子戦勝率,0.0865,5号艇の枠別勝率,0.0742,mean_234_class,-0.0687,-0.068,南東 7.3m/s,[逃げ]1号艇のdominanceが有利(+32.2pt)、4号艇のモーター2連率が不利(-25.3pt) / [2着]4号艇のwin_rate_rank_2to6が有利(+13.4pt)、4号艇のモーター2連率が有利(+10.8pt) / [候補2]5号艇のwin_rate_rank_2to6が有利(+21.5pt)、5号艇のclass_rank_2to6が有利(+12.5pt) / [除外]6号艇のvs_avg456_diffが不利(-5.8pt)、2号艇のwin_rate_rank_2to6が不利(-5.5pt)、天気-6.8pt
91,24,大村,11,20:18,0.7070690026479074,2,0.37424889793011173,4,0.27681476511707725,0.46034693489106915,0.2759712023033356,0.3750924607438534,0.3078959383728167,0.43477059264690443,1-2,1-4,0.2646197950015226,0.1951306827721634,0.19572713988954657,0.030208457561953266,0.021382941909926647,False,False,False,False,準優勝戦,2026-08-16,1号艇の女子戦比率,-0.2568,1号艇のdominance,0.1862,場特性:in_escape_diff,0.1547,1号艇のracer_win_te,0.1087,1号艇の節間得点,0.0688,2号艇のwin_rate_rank_2to6,0.1561,2号艇のsession_exh_rel_avg,-0.1232,2号艇の女子戦比率,-0.1186,レース時間帯,-0.0566,2号艇の節間得点,0.0558,win_rate_gap_top2_2to6,-0.2371,4号艇のwin_rate_rank_2to6,0.1517,4号艇の女子戦比率,-0.0855,4号艇のsession_exh_rel_avg,0.0741,1号艇の女子戦比率,0.0645,-0.0142,南 4.2m/s,[逃げ]1号艇の女子戦比率が不利(-25.7pt)、1号艇のdominanceが有利(+18.6pt) / [2着]2号艇のwin_rate_rank_2to6が有利(+15.6pt)、2号艇のsession_exh_rel_avgが不利(-12.3pt) / [候補2]win_rate_gap_top2_2to6が不利(-23.7pt)、4号艇のwin_rate_rank_2to6が有利(+15.2pt) / [除外]6号艇のsession_exh_rel_avgが不利(-7.8pt)、6号艇の女子戦比率が不利(-7.6pt)、天気-1.4pt
92,24,大村,8,18:46,0.5270829189290649,3,0.5056649272454355,4,0.22011457563275436,0.382545978875922,0.16324010452692345,0.5625393983512665,0.3076097641822503,0.4365440047185254,1-3,1-4,0.08604107078033647,0.2665273458525774,0.11601863302334459,0.03755474143730839,0.020941117036045183,True,False,False,False,一般,2026-08-16,1号艇のdominance,-0.1599,場特性:in_escape_diff,0.135,1号艇のracer_win_te,-0.1344,1号艇の級別順位,0.0963,1号艇の女子戦比率,-0.0821,3号艇の年齢,-0.0814,3号艇のwin_rate_rank_2to6,0.069,場特性:1x_diff_course3,0.0481,3号艇のcumulative_diff_rank_2to6,0.04,second_best_win_rate,0.0388,4号艇のwin_rate_rank_2to6,0.1781,4号艇のsession_exh_rel_avg,-0.0804,4号艇のclass_rank_2to6,-0.0596,4号艇のモーター2連率,-0.056,1号艇vs6号艇のcumulative差,-0.0517,-0.0322,南 4.4m/s,[逃げ]1号艇のdominanceが不利(-16.0pt)、場特性:in_escape_diffが有利(+13.5pt) / [2着]3号艇の年齢が不利(-8.1pt)、3号艇のwin_rate_rank_2to6が有利(+6.9pt) / [候補2]4号艇のwin_rate_rank_2to6が有利(+17.8pt)、4号艇のsession_exh_rel_avgが不利(-8.0pt) / [除外]4号艇の女子戦2連率が不利(-10.6pt)、2号艇のwin_rate_rank_2to6が不利(-7.0pt)、天気-3.2pt
93,05,多摩川,9,15:40,0.5938207840310266,2,0.33848997345846665,3,0.29798118587247824,0.3779498028470381,0.15710524167713946,0.47936591765380543,0.3066963287053047,0.4083746372890683,1-2,1-3,0.20100238142574803,0.17694742142129008,0.08010398038558991,0.09329235778810287,0.042474636373831275,True,False,False,False,予選,2026-08-16,2号艇のsession_exh_rel_avg,-0.1841,1号艇のdominance,-0.1552,1号艇のsession_exh_rel_avg,-0.1139,1号艇のracer_win_te,0.1131,1号艇のsession_avg_finish,0.0861,2号艇のsession_exh_rel_avg,0.1827,win_rate_gap_top2_2to6,-0.0918,2号艇のsession_avg_finish,-0.0784,2号艇のwin_rate_rank_2to6,0.0772,2号艇の全国勝率,-0.067,3号艇のwin_rate_rank_2to6,-0.0985,3号艇のracer_avgfin_te,-0.0937,3号艇のsession_exh_rel_avg,0.0736,3号艇の全国勝率,-0.0676,3号艇の当地勝率,-0.0526,0.0256,南東 1.0m/s,[逃げ]2号艇のsession_exh_rel_avgが不利(-18.4pt)、1号艇のdominanceが不利(-15.5pt) / [2着]2号艇のsession_exh_rel_avgが有利(+18.3pt)、win_rate_gap_top2_2to6が不利(-9.2pt) / [候補2]3号艇のwin_rate_rank_2to6が不利(-9.8pt)、3号艇のracer_avgfin_teが不利(-9.4pt) / [除外]win_rate_range_1to6が不利(-5.9pt)、天気+2.6pt
94,22,福岡,3,13:17,0.5073093555693808,3,0.5826447852533213,4,0.1758374088098128,0.3847851130810186,0.17084776000639393,0.5876344340567402,0.3058975034965798,0.44563990937373504,1-3,1-4,0.08667266702931593,0.2955811505327227,0.0892039625482959,0.03072565304554788,0.005125927846887918,True,True,False,False,カタメン３一,2026-08-16,1号艇のdominance,-0.217,1号艇のvs_max234_diff,-0.0848,3号艇の直近1着率,-0.0738,avg_entry_count,-0.0607,3号艇のracer_win_te,-0.0567,3号艇のwin_rate_rank_2to6,0.1848,3号艇のモーター2連率,0.0619,3号艇の全国勝率,0.0603,3号艇の当地勝率,0.0549,3号艇の節間得点,0.0538,3号艇の直近1着率,0.1337,4号艇のclass_rank_2to6,-0.1128,4号艇の節間得点,-0.0825,4号艇のwin_rate_rank_2to6,0.0813,4号艇のcumulative_diff_rank_2to6,-0.0411,0.0097,南東 3.2m/s,[逃げ]1号艇のdominanceが不利(-21.7pt)、1号艇のvs_max234_diffが不利(-8.5pt) / [2着]3号艇のwin_rate_rank_2to6が有利(+18.5pt)、3号艇のモーター2連率が有利(+6.2pt) / [候補2]3号艇の直近1着率が有利(+13.4pt)、4号艇のclass_rank_2to6が不利(-11.3pt) / [除外]2号艇のwin_rate_rank_2to6が不利(-6.3pt)、6号艇のwin_rate_rank_2to6が不利(-6.2pt)、天気+1.0pt
95,10,三国,10,12:58,0.5458385136604198,3,0.4079446159457217,2,0.29473439675358626,0.3835492678721615,0.17074334746487507,0.5319356652344328,0.30496308477512757,0.42806518708084285,1-3,1-2,0.160877385048578,0.22267188282358352,0.09319829499763202,0.03770325978771033,0.03138769506972982,True,True,False,False,予選特賞,2026-08-16,1号艇のdominance,-0.1327,レース時間帯,0.1059,1号艇の節間得点,0.0868,1号艇の級別順位,-0.0783,3号艇の全国2連率,0.0774,6号艇の直近1着率,0.0866,3号艇のwin_rate_rank_2to6,0.0802,3号艇の当地勝率,0.0677,3号艇のcumulative_diff_rank_2to6,-0.0509,4号艇のsession_exh_rel_last,-0.0447,2号艇のwin_rate_rank_2to6,-0.1561,2号艇のsession_exh_rel_avg,0.0886,2号艇のsession_avg_finish,-0.0828,2号艇の全国勝率,0.082,2号艇の節間得点,-0.0675,0.1216,東 2.3m/s,[逃げ]1号艇のdominanceが不利(-13.3pt)、レース時間帯が有利(+10.6pt) / [2着]6号艇の直近1着率が有利(+8.7pt)、3号艇のwin_rate_rank_2to6が有利(+8.0pt) / [候補2]2号艇のwin_rate_rank_2to6が不利(-15.6pt)、2号艇のsession_exh_rel_avgが有利(+8.9pt)、天気+12.2pt
96,07,蒲郡,6,17:36,0.6243636559100139,3,0.4133635171654848,2,0.1793819054058456,0.3700886990605619,0.14678502954413383,0.4459603930271966,0.30490052230989634,0.3928502072505523,1-3,1-2,0.11199954226329803,0.25808915679726385,0.0916472376790348,0.07102103192506397,0.09160667794160975,True,False,False,False,一般戦,2026-08-16,6号艇の枠別出走数,-0.1548,1号艇のsession_exh_rel_avg,-0.0879,1号艇のdominance,0.071,1号艇の節間得点,0.0702,1号艇vs6号艇の枠別平均ST差,-0.0632,3号艇のwin_rate_rank_2to6,-0.103,6号艇のracer_2nd_te,-0.0629,場特性:1x_diff_course3,0.0524,3号艇のcumulative_diff_rank_2to6,0.0499,3号艇のsession_exh_rel_avg,-0.0374,2号艇のwin_rate_rank_2to6,-0.1969,2号艇の全国勝率,-0.1641,2号艇の女子戦比率,-0.0879,2号艇の体重,-0.071,2号艇のsession_exh_rel_avg,-0.0575,0.0459,南 3.5m/s,[逃げ]6号艇の枠別出走数が不利(-15.5pt)、1号艇のsession_exh_rel_avgが不利(-8.8pt) / [2着]3号艇のwin_rate_rank_2to6が不利(-10.3pt)、6号艇のracer_2nd_teが不利(-6.3pt) / [候補2]2号艇のwin_rate_rank_2to6が不利(-19.7pt)、2号艇の全国勝率が不利(-16.4pt) / [除外]6号艇のsession_exh_rel_avgが不利(-5.6pt)、天気+4.6pt
97,04,平和島,12,17:42,0.6438062579641181,3,0.30838873402197464,2,0.2974422277556722,0.39003776446086946,0.18758110250145116,0.4182498592761957,0.302241307811144,0.39850139290546727,1-3,1-2,0.19149516761189025,0.1985425968489792,0.12076588766624294,0.11459388587151838,0.018408725961400273,True,False,False,False,優勝戦,2026-08-16,1号艇のracer_win_te,0.1637,4号艇のsession_exh_rel_avg,-0.1522,場特性:in_escape_diff,-0.152,1号艇の節間得点,0.1193,1号艇のsession_exh_rel_avg,0.1022,3号艇の節間得点,0.1342,3号艇のsession_exh_rel_avg,-0.1007,1号艇の直近1着率,0.0832,4号艇のsession_exh_rel_last,-0.0669,3号艇のracer_2nd_te,0.0483,2号艇のsession_exh_rel_avg,0.1442,2号艇のwin_rate_rank_2to6,-0.1368,2号艇のモーター2連率,0.0922,2号艇のclass_rank_2to6,-0.0533,1号艇vs6号艇の枠別平均ST差,0.0487,0.1191,東 2.3m/s,[逃げ]1号艇のracer_win_teが有利(+16.4pt)、4号艇のsession_exh_rel_avgが不利(-15.2pt) / [2着]3号艇の節間得点が有利(+13.4pt)、3号艇のsession_exh_rel_avgが不利(-10.1pt) / [候補2]2号艇のsession_exh_rel_avgが有利(+14.4pt)、2号艇のwin_rate_rank_2to6が不利(-13.7pt)、天気+11.9pt
98,10,三国,11,13:35,0.40563124885537494,3,0.4748792706430011,2,0.3455432234206848,0.33278900085609436,0.07849528097098825,0.7419272130926977,0.3014421615045901,0.45553046452707535,1-3,1-2,0.14016312924964422,0.19262587160645014,0.03184013884951551,0.02625235317544771,0.01474976126314688,True,True,False,False,記者特選,2026-08-16,1号艇のdominance,-0.1683,1号艇の年齢,-0.1318,1号艇の節間得点,0.0816,1号艇の全国勝率,-0.0709,1号艇のsession_exh_rel_avg,-0.0598,3号艇のwin_rate_rank_2to6,0.1928,3号艇のsession_exh_rel_avg,0.0704,3号艇のモーター2連率,0.0581,3号艇の節間得点,-0.0482,場特性:1x_diff_course3,-0.0437,2号艇のsession_exh_rel_avg,-0.1191,2号艇の全国勝率,0.0696,2号艇のracer_avgfin_te,0.0438,レース時間帯,-0.0278,4号艇のsession_exh_rel_avg,0.0273,0.0793,南東 2.4m/s,[逃げ]1号艇のdominanceが不利(-16.8pt)、1号艇の年齢が不利(-13.2pt) / [2着]3号艇のwin_rate_rank_2to6が有利(+19.3pt)、3号艇のsession_exh_rel_avgが有利(+7.0pt) / [候補2]2号艇のsession_exh_rel_avgが不利(-11.9pt)、2号艇の全国勝率が有利(+7.0pt) / [除外]場特性:1x_diff_course5が不利(-5.9pt)、天気+7.9pt
99,14,鳴門,12,14:20,0.5649164134407191,2,0.38270979107400815,3,0.3155867178523428,0.39447915934084926,0.20215727269804545,0.4961392362283055,0.29878296215457273,0.4249771824070861,1-2,1-3,0.21619904256217562,0.17828011677867367,0.11420196144353724,0.04128782342122403,0.014947471865705612,True,True,False,False,ドリーム戦,2026-08-16,場特性:in_escape_diff,-0.2068,race_no,0.1198,1号艇のracer_win_te,0.1193,風速区分,-0.1019,レース時間帯,0.093,2号艇のwin_rate_rank_2to6,0.0719,2号艇のsession_exh_rel_avg,0.063,2号艇の全国勝率,0.0494,2号艇のclass_rank_2to6,-0.0451,2号艇のracer_avgfin_te,0.0362,3号艇のwin_rate_rank_2to6,-0.0722,3号艇の当地勝率,0.0612,3号艇のracer_avgfin_te,0.0605,3号艇のcumulative_diff_rank_2to6,0.0473,3号艇の全国勝率,0.0359,0.0099,南東 7.1m/s,[逃げ]場特性:in_escape_diffが不利(-20.7pt)、race_noが有利(+12.0pt) / [2着]2号艇のwin_rate_rank_2to6が有利(+7.2pt)、2号艇のsession_exh_rel_avgが有利(+6.3pt) / [候補2]3号艇のwin_rate_rank_2to6が不利(-7.2pt)、3号艇の当地勝率が有利(+6.1pt) / [除外]3号艇のracer_win_teが不利(-7.0pt)、3号艇のracer_avgfin_teが不利(-5.5pt)、天気+1.0pt
100,04,平和島,3,12:54,0.4636734454813236,3,0.5438167912327496,2,0.24965017102656842,0.36790956026637733,0.15704231908440824,0.6364246431749098,0.2985767155973092,0.4484640851389371,1-3,1-2,0.11575615496489068,0.25215340530148667,0.021029379359479062,0.07281635317624499,0.0019181422073556165,True,True,False,False,一般,2026-08-16,場特性:in_escape_diff,-0.1712,1号艇の級別順位,-0.089,1号艇の節間得点,-0.0759,1号艇の勝率順位,-0.0656,1号艇vs4号艇のcumulative差,0.0598,4号艇の平均ST,0.0913,3号艇のsession_exh_rel_avg,0.0859,3号艇のモーター2連率,0.0804,3号艇のwin_rate_rank_2to6,0.063,3号艇の全国勝率,0.0509,2号艇のsession_exh_rel_avg,-0.08,2号艇のモーター2連率,0.0678,2号艇のwin_rate_rank_2to6,-0.0578,2号艇の全国勝率,-0.0547,1号艇の体重,-0.0398,0.0391,北 1.3m/s,[逃げ]場特性:in_escape_diffが不利(-17.1pt)、1号艇の級別順位が不利(-8.9pt) / [2着]4号艇の平均STが有利(+9.1pt)、3号艇のsession_exh_rel_avgが有利(+8.6pt) / [候補2]2号艇のsession_exh_rel_avgが不利(-8.0pt)、2号艇のモーター2連率が有利(+6.8pt) / [除外]6号艇の全国勝率が不利(-15.4pt)、6号艇のvs_avg456_diffが不利(-14.3pt)、天気+3.9pt
101,09,津,9,14:24,0.5590684829527663,4,0.3913410705660385,2,0.24509271340222255,0.3558100701030243,0.13890418248652397,0.497529601481737,0.29650186181326427,0.3983259295166381,1-4,1-2,0.13702361146455772,0.07765695057853518,0.21878645863846663,0.05668401576826938,0.06891743608947547,True,True,False,False,予選,2026-08-16,1号艇のsession_exh_rel_avg,-0.1394,1号艇のracer_win_te,0.0878,1号艇vs4号艇の枠別平均ST差,-0.0825,1号艇の級別順位,-0.0747,月,-0.0603,4号艇のclass_rank_2to6,0.105,5号艇の年齢,0.0944,4号艇の節間得点,-0.0717,4号艇のsession_exh_rel_avg,0.0647,4号艇のcumulative_diff_rank_2to6,-0.0588,2号艇のwin_rate_rank_2to6,-0.1843,2号艇のsession_exh_rel_avg,-0.1451,2号艇のsession_avg_finish,-0.0918,2号艇の全国勝率,-0.0618,2号艇の直近平均着順,-0.0581,0.0346,南東 2.9m/s,[逃げ]1号艇のsession_exh_rel_avgが不利(-13.9pt)、1号艇のracer_win_teが有利(+8.8pt) / [2着]4号艇のclass_rank_2to6が有利(+10.5pt)、5号艇の年齢が有利(+9.4pt) / [候補2]2号艇のwin_rate_rank_2to6が不利(-18.4pt)、2号艇のsession_exh_rel_avgが不利(-14.5pt)、天気+3.5pt
102,02,戸田,9,14:48,0.6086855416826523,3,0.4397620472662337,2,0.2593838315140857,0.4255599879405927,0.2575599580189654,0.441585920761354,0.2940313327863561,0.43036776778682106,1-3,1-2,0.1578831879888731,0.2676767999517196,0.15677302256253517,0.02023268291449747,0.006119853650411564,True,True,False,False,一般,2026-08-16,場特性:in_escape_diff,-0.1355,1号艇のsession_exh_rel_avg,0.1254,1号艇のdominance,0.1124,1号艇の節間得点,0.0779,風速区分,0.0744,3号艇の年齢,-0.0909,3号艇のsession_exh_rel_avg,0.0885,3号艇のwin_rate_rank_2to6,0.0673,1号艇vs3号艇の直近複勝率差,0.066,3号艇のsession_exh_rel_last,0.0528,2号艇のwin_rate_rank_2to6,-0.1425,2号艇の全国勝率,-0.0743,second_best_win_rate,0.0612,2号艇の節間得点,-0.0564,2号艇の直近平均着順,-0.0449,0.0127,南東 1.0m/s,[逃げ]場特性:in_escape_diffが不利(-13.6pt)、1号艇のsession_exh_rel_avgが有利(+12.5pt) / [2着]3号艇の年齢が不利(-9.1pt)、3号艇のsession_exh_rel_avgが有利(+8.8pt) / [候補2]2号艇のwin_rate_rank_2to6が不利(-14.2pt)、2号艇の全国勝率が不利(-7.4pt) / [除外]6号艇のwin_rate_rank_2to6が不利(-7.6pt)、1号艇vs6号艇のcumulative差が不利(-6.3pt)、天気+1.3pt
103,14,鳴門,5,10:24,0.6327500003400534,4,0.33852812711689867,2,0.3277155797650743,0.42156570575612684,0.2526851733617198,0.4135585335202532,0.29373762162531564,0.4191635540853647,1-4,1-2,0.20736203320779156,0.15988654353055465,0.21420367254833525,0.03785288181102738,0.01344486747446142,False,False,True,False,予選,2026-08-16,1号艇のdominance,0.2087,場特性:in_escape_diff,-0.1492,1号艇の女子戦比率,-0.1115,1号艇の勝率順位,0.0845,1号艇のvs_max234_diff,0.0768,4号艇のclass_rank_2to6,0.2162,4号艇のwin_rate_rank_2to6,0.2035,6号艇のvs_avg456_diff,0.0648,4号艇の年齢,0.0582,4号艇のcumulative_diff_rank_2to6,0.0577,2号艇の女子戦比率,-0.0671,2号艇のwin_rate_rank_2to6,0.0656,2号艇のclass_rank_2to6,-0.0526,2号艇の当地勝率,-0.0496,2号艇の全国勝率,0.0481,-0.0434,南東 7.1m/s,[逃げ]1号艇のdominanceが有利(+20.9pt)、場特性:in_escape_diffが不利(-14.9pt) / [2着]4号艇のclass_rank_2to6が有利(+21.6pt)、4号艇のwin_rate_rank_2to6が有利(+20.4pt) / [候補2]2号艇の女子戦比率が不利(-6.7pt)、2号艇のwin_rate_rank_2to6が有利(+6.6pt) / [除外]6号艇のwin_rate_rank_2to6が不利(-7.6pt)、6号艇のvs_avg456_diffが不利(-6.5pt)、天気-4.3pt
104,06,浜名湖,8,15:06,0.4844503100540072,4,0.5217595897454379,3,0.23274598382358824,0.36552045905299124,0.16508731900232385,0.5894182545667023,0.2931091079023228,0.43268979770710453,1-4,1-3,0.07997660287666059,0.11275386402716227,0.252766595025829,0.018466694525324182,0.020486544575440958,True,False,False,False,ブレイクタイ,2026-08-16,1号艇のracer_win_te,0.106,ST差分(4-3),-0.1043,1号艇vs4号艇の枠別平均ST差,-0.1013,1号艇のdominance,0.0885,1号艇vs4号艇のcumulative差,-0.081,4号艇のwin_rate_rank_2to6,0.2226,4号艇のclass_rank_2to6,0.221,4号艇のsession_exh_rel_avg,-0.0895,4号艇の年齢,-0.0669,5号艇のracer_win_te,0.0633,3号艇のsession_exh_rel_avg,-0.1563,3号艇のwin_rate_rank_2to6,-0.0899,3号艇の全国勝率,-0.0452,3号艇の節間得点,-0.0415,3号艇のcumulative_diff_rank_2to6,0.0414,-0.0785,東 4.4m/s,[逃げ]1号艇のracer_win_teが有利(+10.6pt)、ST差分(4-3)が不利(-10.4pt) / [2着]4号艇のwin_rate_rank_2to6が有利(+22.3pt)、4号艇のclass_rank_2to6が有利(+22.1pt) / [候補2]3号艇のsession_exh_rel_avgが不利(-15.6pt)、3号艇のwin_rate_rank_2to6が不利(-9.0pt) / [除外]5号艇のracer_win_teが不利(-12.7pt)、2号艇のwin_rate_rank_2to6が不利(-5.7pt)、天気-7.8pt
105,04,平和島,8,15:31,0.5166149739776356,2,0.3893286361925251,5,0.2872427820702317,0.34952692563982607,0.14214490293515306,0.5344265153276038,0.2899067605378714,0.40499680254615933,1-2,1-5,0.2011330032553497,0.07343418533089763,0.06516232001079854,0.14839392238447638,0.028491539147031796,True,False,False,False,一般,2026-08-16,1号艇のsession_exh_rel_avg,-0.1831,場特性:in_escape_diff,-0.1083,1号艇の節間得点,0.0933,1号艇のdominance,-0.0595,場×風速,-0.0588,2号艇のsession_exh_rel_avg,-0.1016,2号艇のclass_rank_2to6,0.0572,2号艇の全国勝率,0.0482,2号艇のwin_rate_rank_2to6,0.0448,2号艇のモーター2連率,-0.0355,5号艇のwin_rate_rank_2to6,0.2473,5号艇のclass_rank_2to6,0.1869,5号艇のsession_exh_rel_avg,0.1037,3号艇の一般戦2連率,0.0825,5号艇のモーター2連率,0.065,-0.0416,東 2.9m/s,[逃げ]1号艇のsession_exh_rel_avgが不利(-18.3pt)、場特性:in_escape_diffが不利(-10.8pt) / [2着]2号艇のsession_exh_rel_avgが不利(-10.2pt)、2号艇のclass_rank_2to6が有利(+5.7pt) / [候補2]5号艇のwin_rate_rank_2to6が有利(+24.7pt)、5号艇のclass_rank_2to6が有利(+18.7pt) / [除外]6号艇のwin_rate_rank_2to6が不利(-6.2pt)、6号艇のvs_avg456_diffが不利(-5.3pt)、天気-4.2pt
106,06,浜名湖,6,14:06,0.5207191658218615,2,0.5096366430293977,3,0.1670665174599147,0.352372305239012,0.15212544836587527,0.5245777121234371,0.2880465513275699,0.4040339273043395,1-2,1-3,0.2653775676305218,0.08699473760849023,0.07921463657335523,0.052758793823519286,0.03637343794529523,True,True,False,False,一般,2026-08-16,1号艇のdominance,0.1189,ST差分(4-3),-0.0832,4号艇のsession_exh_rel_last,-0.0807,4号艇のsession_exh_rel_avg,-0.0761,場特性:in_escape_diff,-0.0593,2号艇のclass_rank_2to6,0.1138,2号艇のwin_rate_rank_2to6,0.0868,2号艇の節間得点,0.0645,2号艇の全国勝率,0.0507,1号艇のsession_rank_diff_delta,-0.0493,3号艇のwin_rate_rank_2to6,-0.1325,3号艇のracer_avgfin_te,-0.0859,4号艇のsession_exh_rel_last,-0.0714,3号艇の枠別平均ST,-0.0708,3号艇の全国勝率,-0.0638,-0.0131,南東 3.1m/s,[逃げ]1号艇のdominanceが有利(+11.9pt)、ST差分(4-3)が不利(-8.3pt) / [2着]2号艇のclass_rank_2to6が有利(+11.4pt)、2号艇のwin_rate_rank_2to6が有利(+8.7pt) / [候補2]3号艇のwin_rate_rank_2to6が不利(-13.3pt)、3号艇のracer_avgfin_teが不利(-8.6pt) / [除外]6号艇のsession_exh_rel_avgが不利(-6.3pt)、2号艇のracer_2nd_teが不利(-5.3pt)、天気-1.3pt
107,22,福岡,7,15:11,0.5270624113141813,5,0.4095397149379508,2,0.2840637135754507,0.36557229552805676,0.17857247068657586,0.5150309578268256,0.287234917895647,0.41040989421768737,1-5,1-2,0.14971930584393797,0.06700711340886342,0.09411883699439763,0.2158529896841188,0.00036416248369131016,True,False,False,False,一般戦,2026-08-16,1号艇のdominance,-0.2045,1号艇vs5号艇のcumulative差,-0.1236,節間得点の分散(2-6号艇),-0.1202,1号艇のsession_exh_rel_avg,0.1102,1号艇のracer_win_te,0.0937,5号艇のwin_rate_rank_2to6,0.2579,5号艇のclass_rank_2to6,0.2176,勝率の分散(2-6号艇),0.0816,3号艇の一般戦2連率,0.0754,6号艇の直近平均着順,0.0653,win_rate_gap_top2_2to6,-0.1246,勝率のレンジ(2-6号艇),0.1064,2号艇の節間得点,-0.0515,2号艇の全国勝率,0.0466,1号艇のモーター出走数,0.044,0.0673,東 2.2m/s,[逃げ]1号艇のdominanceが不利(-20.4pt)、1号艇vs5号艇のcumulative差が不利(-12.4pt) / [2着]5号艇のwin_rate_rank_2to6が有利(+25.8pt)、5号艇のclass_rank_2to6が有利(+21.8pt) / [候補2]win_rate_gap_top2_2to6が不利(-12.5pt)、勝率のレンジ(2-6号艇)が有利(+10.6pt) / [除外]6号艇の直近平均着順が不利(-25.1pt)、6号艇の全国勝率が不利(-14.6pt)、天気+6.7pt
108,14,鳴門,11,13:41,0.5560084845786788,2,0.3526400749778165,3,0.2667095400567786,0.34436364087977334,0.13840030326900093,0.48094931176559425,0.28717160208067977,0.38533934214551957,1-2,1-3,0.19607087369012743,0.1482927671896459,0.07695174288582678,0.07449140297796232,0.06020170197770237,True,True,False,False,特選,2026-08-16,場特性:in_escape_diff,-0.1886,風速区分,-0.1135,レース時間帯,0.0703,1号艇の節間得点,-0.0637,1号艇vs4号艇の枠別平均ST差,-0.063,2号艇の全国勝率,0.0656,2号艇のsession_exh_rel_avg,0.0605,レース時間帯,-0.0403,2号艇のモーター2連率,-0.0365,2号艇の全国2連率,0.0322,3号艇のwin_rate_rank_2to6,-0.1125,3号艇の全国勝率,-0.058,1号艇vs6号艇の直近複勝率差,0.0366,3号艇のモーター2連率,-0.0349,3号艇のcumulative_diff_rank_2to6,0.0341,-0.0567,南東 6.2m/s,[逃げ]場特性:in_escape_diffが不利(-18.9pt)、風速区分が不利(-11.4pt) / [2着]2号艇の全国勝率が有利(+6.6pt)、2号艇のsession_exh_rel_avgが有利(+6.1pt) / [候補2]3号艇のwin_rate_rank_2to6が不利(-11.2pt)、3号艇の全国勝率が不利(-5.8pt)、天気-5.7pt
109,06,浜名湖,5,13:37,0.4065584844072083,2,0.5423985595090927,3,0.27304886861370276,0.33152707049135965,0.1124429093582733,0.7030045187645222,0.28679362848687107,0.4429703049733084,1-2,1-3,0.2205167362986697,0.11101033419268995,0.02541643130418132,0.045714618811036695,0.0039003522521992785,True,True,False,False,一般,2026-08-16,6号艇の枠別出走数,-0.139,1号艇の年齢,-0.1144,1号艇の級別順位,-0.0776,1号艇のsession_exh_rel_avg,-0.0647,5号艇のsession_exh_rel_avg,-0.061,2号艇のsession_exh_rel_avg,0.095,2号艇のモーター2連率,0.0484,2号艇のwin_rate_rank_2to6,0.0472,2号艇の全国勝率,0.0402,3号艇の女子戦2連率,-0.0358,3号艇のwin_rate_rank_2to6,0.2127,3号艇の節間得点,-0.0587,3号艇のcumulative_diff_rank_2to6,-0.0435,2号艇のsession_rank_diff_delta,-0.0419,場特性:1x_diff_course3,-0.0379,-0.0059,南東 3.0m/s,[逃げ]6号艇の枠別出走数が不利(-13.9pt)、1号艇の年齢が不利(-11.4pt) / [2着]2号艇のsession_exh_rel_avgが有利(+9.5pt)、2号艇のモーター2連率が有利(+4.8pt) / [候補2]3号艇のwin_rate_rank_2to6が有利(+21.3pt)、3号艇の節間得点が不利(-5.9pt) / [除外]6号艇の節間得点が不利(-11.0pt)、6号艇のsession_exh_rel_avgが不利(-6.7pt)、天気-0.6pt
110,17,宮島,9,14:45,0.5017398339250415,2,0.4803039980934669,3,0.1857119078121195,0.33416671002050496,0.13383894014827824,0.5321769657573081,0.2804972880581273,0.39356978674154586,1-2,1-3,0.24098764823694954,0.09317906178355545,0.04050123007146907,0.06715232760270069,0.05991957557599944,True,True,False,False,予選,2026-08-16,1号艇のdominance,-0.1562,1号艇のsession_exh_rel_avg,0.1197,1号艇の級別順位,-0.1054,風速区分,0.087,1号艇のracer_win_te,-0.0796,2号艇のclass_rank_2to6,0.0855,2号艇の一般戦勝率,-0.0817,2号艇のracer_avgfin_te,0.077,2号艇のsession_exh_rel_avg,0.0707,2号艇の全国勝率,0.0569,3号艇のwin_rate_rank_2to6,-0.1056,3号艇のsession_exh_rel_avg,-0.0966,3号艇のcumulative_diff_rank_2to6,-0.0462,3号艇の節間得点,-0.044,3号艇の全国勝率,0.0404,0.1103,南東 2.4m/s,[逃げ]1号艇のdominanceが不利(-15.6pt)、1号艇のsession_exh_rel_avgが有利(+12.0pt) / [2着]2号艇のclass_rank_2to6が有利(+8.6pt)、2号艇の一般戦勝率が不利(-8.2pt) / [候補2]3号艇のwin_rate_rank_2to6が不利(-10.6pt)、3号艇のsession_exh_rel_avgが不利(-9.7pt)、天気+11.0pt
111,17,宮島,1,10:45,0.6216462154535726,2,0.34487423732365496,3,0.24355037683079692,0.3657919344688437,0.1979683742922137,0.3904562398622382,0.27889365295364255,0.37319122608686206,1-2,1-3,0.21438976443968732,0.15140217002915637,0.12306629065825098,0.11593267787721802,0.016855321712510345,False,False,True,False,ファーストＢ,2026-08-16,1号艇のdominance,0.1586,風速区分,0.0842,1号艇の勝率順位,0.0793,avg_entry_count,-0.0652,3号艇のsession_rank_diff_last,-0.0623,2号艇のwin_rate_rank_2to6,-0.1261,2号艇のsession_exh_rel_avg,0.0797,3号艇のracer_2nd_te,0.076,2号艇の全国勝率,-0.0625,2号艇の直近平均着順,-0.0517,3号艇のwin_rate_rank_2to6,-0.1201,3号艇のracer_win_te,-0.076,3号艇のracer_avgfin_te,-0.0615,3号艇の当地勝率,-0.0584,3号艇のcumulative_diff_rank_2to6,-0.0512,0.1115,南東 2.4m/s,[逃げ]1号艇のdominanceが有利(+15.9pt)、風速区分が有利(+8.4pt) / [2着]2号艇のwin_rate_rank_2to6が不利(-12.6pt)、2号艇のsession_exh_rel_avgが有利(+8.0pt) / [候補2]3号艇のwin_rate_rank_2to6が不利(-12.0pt)、3号艇のracer_win_teが不利(-7.6pt) / [除外]6号艇のsession_exh_rel_avgが不利(-7.3pt)、天気+11.2pt
112,05,多摩川,8,15:07,0.4899542928842133,3,0.4927929122046706,2,0.1937790536336269,0.3363888820364273,0.149772358566157,0.5367996072721405,0.27593077452679315,0.39651209960714123,1-3,1-2,0.09494287919883572,0.2414460028375916,0.05444007442087598,0.0733816100348823,0.025743724566805754,True,False,False,False,予選,2026-08-16,1号艇のsession_exh_rel_avg,0.1316,1号艇のracer_win_te,-0.1145,1号艇のdominance,-0.094,1号艇の勝率順位,-0.0722,風速区分,0.0683,3号艇のモーター2連率,0.0844,3号艇のwin_rate_rank_2to6,0.0755,3号艇のsession_exh_rel_avg,0.0716,3号艇の年齢,-0.0716,場特性:1x_diff_course3,-0.0441,2号艇のwin_rate_rank_2to6,-0.1865,2号艇の全国勝率,-0.162,2号艇の直近平均着順,-0.0479,2号艇のclass_rank_2to6,-0.0455,2号艇の当地勝率,-0.0446,0.0092,南東 1.2m/s,[逃げ]1号艇のsession_exh_rel_avgが有利(+13.2pt)、1号艇のracer_win_teが不利(-11.5pt) / [2着]3号艇のモーター2連率が有利(+8.4pt)、3号艇のwin_rate_rank_2to6が有利(+7.6pt) / [候補2]2号艇のwin_rate_rank_2to6が不利(-18.7pt)、2号艇の全国勝率が不利(-16.2pt) / [除外]6号艇のsession_exh_rel_avgが不利(-5.7pt)、4号艇のwin_rate_rank_2to6が不利(-5.2pt)、天気+0.9pt
113,17,宮島,7,13:32,0.6017474699175442,2,0.3565657196820314,3,0.2146892442054701,0.3437512291971421,0.18536886139246145,0.3858861024950401,0.26728630044690216,0.3563916911865115,1-2,1-3,0.2145625196779907,0.12918870951915143,0.10358897524758812,0.04286202885345646,0.11154524334440963,True,True,False,False,予選,2026-08-16,風速区分,0.0932,1号艇の勝率順位,-0.0913,1号艇のdominance,-0.0755,1号艇vs2号艇のcumulative差,-0.0669,ST差分(4-3),-0.0626,2号艇のsession_exh_rel_avg,0.074,2号艇のclass_rank_2to6,-0.0719,2号艇のwin_rate_rank_2to6,0.0666,2号艇の節間得点,0.0609,2号艇の全国勝率,0.0445,3号艇のwin_rate_rank_2to6,-0.1326,3号艇の全国勝率,-0.0745,3号艇の当地勝率,-0.0607,3号艇のcumulative_diff_rank_2to6,-0.0591,3号艇の年齢,-0.0466,0.0953,南東 2.4m/s,[逃げ]風速区分が有利(+9.3pt)、1号艇の勝率順位が不利(-9.1pt) / [2着]2号艇のsession_exh_rel_avgが有利(+7.4pt)、2号艇のclass_rank_2to6が不利(-7.2pt) / [候補2]3号艇のwin_rate_rank_2to6が不利(-13.3pt)、3号艇の全国勝率が不利(-7.5pt)、天気+9.5pt
114,01,桐生,6,17:25,0.6258025616526304,2,0.3274910228670149,5,0.23290397230965493,0.3506966235188734,0.199670669944011,0.3607243252326588,0.2666680278007341,0.35370493403300896,1-2,1-5,0.2049447210284181,0.11685072820841781,0.12495441673785895,0.14575190249045533,0.033300797850072554,True,False,False,False,ドラドキ目玉,2026-08-16,1号艇のdominance,0.2711,1号艇の女子戦比率,-0.1898,1号艇のvs_max234_diff,0.1224,場特性:in_escape_diff,-0.1017,1号艇の全国勝率,-0.086,2号艇の全国勝率,-0.1078,2号艇のwin_rate_rank_2to6,0.0737,2号艇の節間得点,-0.0655,2号艇のsession_avg_finish,-0.0644,3号艇のモーター出走数,0.0617,5号艇のwin_rate_rank_2to6,0.2082,3号艇のracer_avgfin_te,0.111,5号艇の性別,-0.1079,6号艇のracer_win_te,-0.1058,5号艇のracer_avgfin_te,-0.1016,-0.0965,東 2.4m/s,[逃げ]1号艇のdominanceが有利(+27.1pt)、1号艇の女子戦比率が不利(-19.0pt) / [2着]2号艇の全国勝率が不利(-10.8pt)、2号艇のwin_rate_rank_2to6が有利(+7.4pt) / [候補2]5号艇のwin_rate_rank_2to6が有利(+20.8pt)、3号艇のracer_avgfin_teが有利(+11.1pt) / [除外]6号艇のwin_rate_rank_2to6が不利(-8.4pt)、6号艇のracer_win_teが不利(-8.3pt)、天気-9.7pt
115,07,蒲郡,3,16:19,0.6257948774554916,5,0.30399353708838694,3,0.27259972853435577,0.360829112002046,0.22840820048502775,0.34818506513771497,0.26192951821604854,0.35703589794274665,1-5,1-3,0.14293668183235728,0.17059151371255743,0.10597015483775582,0.19023759828948852,0.01605892586924805,True,False,False,False,一般戦,2026-08-16,1号艇の級別順位,-0.1128,1号艇のracer_win_te,0.0993,1号艇のsession_exh_rel_avg,0.0973,1号艇の勝率順位,-0.0907,5号艇の節間得点,-0.0839,5号艇のwin_rate_rank_2to6,0.2539,5号艇のclass_rank_2to6,0.1851,5号艇のsession_exh_rel_avg,0.0983,5号艇の節間得点,0.0678,1号艇vs5号艇のcumulative差,0.0561,3号艇の節間得点,-0.1379,3号艇のwin_rate_rank_2to6,0.0857,場特性:1x_diff_course3,0.0686,3号艇のcumulative_diff_rank_2to6,-0.0569,3号艇の全国勝率,0.042,-0.0393,南東 4.7m/s,[逃げ]1号艇の級別順位が不利(-11.3pt)、1号艇のracer_win_teが有利(+9.9pt) / [2着]5号艇のwin_rate_rank_2to6が有利(+25.4pt)、5号艇のclass_rank_2to6が有利(+18.5pt) / [候補2]3号艇の節間得点が不利(-13.8pt)、3号艇のwin_rate_rank_2to6が有利(+8.6pt) / [除外]6号艇のwin_rate_rank_2to6が不利(-7.2pt)、6号艇のvs_avg456_diffが不利(-6.5pt)、天気-3.9pt
116,04,平和島,9,16:05,0.5476484022057213,4,0.38186608169577685,2,0.23940964561618386,0.3402406593915927,0.21048714380458278,0.4107885835073779,0.2543011178697636,0.3614050366263282,1-4,1-2,0.13111230989434106,0.09063014804475249,0.20912834949725162,0.11527294798942565,0.0015046397669373223,True,False,False,False,一般,2026-08-16,場特性:in_escape_diff,-0.1824,1号艇のdominance,0.1153,1号艇のsession_exh_rel_avg,-0.0846,場特性:1x_diff_course2,-0.0684,1号艇の節間得点,-0.0667,4号艇のwin_rate_rank_2to6,0.205,4号艇のclass_rank_2to6,0.1665,6号艇の平均ST,-0.0792,4号艇のsession_exh_rel_avg,0.0674,4号艇の年齢,-0.0619,2号艇の節間得点,-0.0778,2号艇の全国勝率,0.0605,6号艇のsession_avg_finish,0.0532,2号艇のsession_exh_rel_avg,-0.0493,2号艇のcumulative_diff_rank_2to6,-0.0442,0.0158,東 2.7m/s,[逃げ]場特性:in_escape_diffが不利(-18.2pt)、1号艇のdominanceが有利(+11.5pt) / [2着]4号艇のwin_rate_rank_2to6が有利(+20.5pt)、4号艇のclass_rank_2to6が有利(+16.6pt) / [候補2]2号艇の節間得点が不利(-7.8pt)、2号艇の全国勝率が有利(+6.0pt) / [除外]6号艇の全国勝率が不利(-11.7pt)、6号艇のvs_avg456_diffが不利(-10.5pt)、天気+1.6pt
117,04,平和島,4,13:24,0.34769609732091367,2,0.5263174948699634,4,0.3085945262775601,0.29029565135931007,0.10984415065436356,0.7250678704931599,0.2520309162446477,0.420727317099465,1-2,1-4,0.18299853891800627,0.038192382496052696,0.1072971124413038,0.01898835033321996,0.0002197194467668518,True,True,False,False,一般,2026-08-16,場特性:in_escape_diff,-0.1238,1号艇のracer_win_te,-0.0971,1号艇の節間得点,0.0866,1号艇vs4号艇のcumulative差,-0.0855,4号艇のsession_exh_rel_avg,-0.0817,2号艇のwin_rate_rank_2to6,0.1999,2号艇の当地勝率,0.0939,2号艇のclass_rank_2to6,0.0905,2号艇の全国勝率,0.0563,4号艇の節間得点,-0.0552,4号艇のclass_rank_2to6,0.0953,4号艇のwin_rate_rank_2to6,0.0888,4号艇のsession_exh_rel_avg,0.0825,4号艇の年齢,-0.066,4号艇のcumulative_diff_rank_2to6,0.0642,0.0139,東 1.5m/s,[逃げ]場特性:in_escape_diffが不利(-12.4pt)、1号艇のracer_win_teが不利(-9.7pt) / [2着]2号艇のwin_rate_rank_2to6が有利(+20.0pt)、2号艇の当地勝率が有利(+9.4pt) / [候補2]4号艇のclass_rank_2to6が有利(+9.5pt)、4号艇のwin_rate_rank_2to6が有利(+8.9pt) / [除外]6号艇の直近平均着順が不利(-24.4pt)、6号艇の全国勝率が不利(-16.5pt)、天気+1.4pt
118,01,桐生,1,15:17,0.4990226336238747,3,0.37907667926584687,2,0.314331369703702,0.34602631077277696,0.22730706526862335,0.46610098370092556,0.25164124052379067,0.38204871265122153,1-3,1-2,0.15685846794014122,0.18916784283263577,0.11343137035166241,0.017694649494718225,0.021870313229240063,True,False,False,False,一般,2026-08-16,1号艇のracer_win_te,-0.1954,1号艇のモーター2連率,0.1123,1号艇のdominance,0.085,1号艇の節間得点,0.0827,1号艇の全国勝率,-0.08,3号艇の節間得点,-0.0685,6号艇のモーター出走数,0.0636,3号艇のwin_rate_rank_2to6,0.0498,6号艇のracer_2nd_te,-0.0421,3号艇のsession_exh_rel_avg,-0.0385,2号艇のwin_rate_rank_2to6,0.1559,5号艇のsession_exh_rel_delta,-0.0499,3号艇のモーター出走数,0.0465,2号艇の当地勝率,-0.0451,2号艇のclass_rank_2to6,-0.0424,0.0114,南東 1.4m/s,[逃げ]1号艇のracer_win_teが不利(-19.5pt)、1号艇のモーター2連率が有利(+11.2pt) / [2着]3号艇の節間得点が不利(-6.9pt)、6号艇のモーター出走数が有利(+6.4pt) / [候補2]2号艇のwin_rate_rank_2to6が有利(+15.6pt)、5号艇のsession_exh_rel_deltaが不利(-5.0pt) / [除外]6号艇のsession_exh_rel_avgが不利(-6.7pt)、天気+1.1pt
119,12,住之江,5,17:06,0.6329256455516448,4,0.2831737565398869,3,0.24693573459837093,0.3355198918917357,0.20975681413922148,0.3203526769990363,0.2510667915674799,0.33096972742392583,1-4,1-3,0.13276046699792313,0.15629195923044353,0.17922793266129222,0.0386944941877779,0.12595079483203978,True,False,False,False,住之江ファイ,2026-08-16,1号艇のsession_exh_rel_avg,-0.2107,1号艇のracer_win_te,0.0876,1号艇の体重,-0.0833,1号艇のvs_max234_diff,0.0824,風速区分,0.0682,6号艇の女子戦勝率,0.1933,4号艇のclass_rank_2to6,-0.1187,4号艇の節間得点,-0.0626,4号艇のwin_rate_rank_2to6,0.0621,3号艇の年齢,0.0488,3号艇のwin_rate_rank_2to6,-0.1063,3号艇の節間得点,-0.0808,3号艇の全国勝率,-0.0598,3号艇のcumulative_diff_rank_2to6,-0.0594,3号艇の当地勝率,-0.0521,0.0679,東 2.0m/s,[逃げ]1号艇のsession_exh_rel_avgが不利(-21.1pt)、1号艇のracer_win_teが有利(+8.8pt) / [2着]6号艇の女子戦勝率が有利(+19.3pt)、4号艇のclass_rank_2to6が不利(-11.9pt) / [候補2]3号艇のwin_rate_rank_2to6が不利(-10.6pt)、3号艇の節間得点が不利(-8.1pt) / [除外]2号艇のwin_rate_rank_2to6が不利(-5.9pt)、天気+6.8pt
120,09,津,7,13:20,0.32735776285495866,2,0.5744596144138645,3,0.27110274509487686,0.2768014023631419,0.0790656121384497,0.7664967473702917,0.25053883558079415,0.42371000586528684,1-2,1-3,0.18805381422504486,0.08874758813809701,0.025882741908400758,0.013495182621250754,0.011178435962165275,True,True,False,False,予選,2026-08-16,6号艇の枠別出走数,-0.1672,1号艇の級別順位,-0.0869,1号艇のdominance,-0.0867,2号艇のsession_avg_finish,-0.0696,1号艇の女子戦比率,-0.0688,2号艇のwin_rate_rank_2to6,0.1789,3号艇のモーター出走数,0.1286,2号艇のracer_avgfin_te,0.0893,2号艇のclass_rank_2to6,0.0758,2号艇のsession_exh_rel_avg,0.0694,3号艇の当地勝率,0.071,6号艇のracer_2nd_te,-0.066,4号艇のモーター出走数,-0.0614,3号艇のwin_rate_rank_2to6,-0.0497,3号艇のsession_exh_rel_avg,-0.0463,0.0313,南東 2.9m/s,[逃げ]6号艇の枠別出走数が不利(-16.7pt)、1号艇の級別順位が不利(-8.7pt) / [2着]2号艇のwin_rate_rank_2to6が有利(+17.9pt)、3号艇のモーター出走数が有利(+12.9pt) / [候補2]3号艇の当地勝率が有利(+7.1pt)、6号艇のracer_2nd_teが不利(-6.6pt)、天気+3.1pt
121,24,大村,4,16:49,0.533837385712951,5,0.33517591700216115,3,0.29086084944153523,0.33420183075849214,0.20999940057604857,0.4160373658676477,0.24998320980165048,0.35875249129123876,1-5,1-3,0.08714823691822256,0.1552723954721174,0.11210553100480455,0.17892943528637476,0.0003817764198569175,True,False,False,False,一般,2026-08-16,場特性:in_escape_diff,0.167,1号艇の女子戦比率,-0.1365,節間得点の分散(2-6号艇),-0.1268,5号艇の節間得点,-0.1173,1号艇の節間得点,0.0752,5号艇のwin_rate_rank_2to6,0.2603,5号艇のclass_rank_2to6,0.1772,6号艇のracer_win_te,-0.1737,6号艇の直近平均着順,0.1613,5号艇のsession_exh_rel_avg,0.1111,3号艇のwin_rate_rank_2to6,0.0651,5号艇の節間得点,-0.0617,2号艇のracer_avgfin_te,0.0527,3号艇の節間得点,0.0474,3号艇のモーター2連率,0.0457,-0.0166,南 4.0m/s,[逃げ]場特性:in_escape_diffが有利(+16.7pt)、1号艇の女子戦比率が不利(-13.7pt) / [2着]5号艇のwin_rate_rank_2to6が有利(+26.0pt)、5号艇のclass_rank_2to6が有利(+17.7pt) / [候補2]3号艇のwin_rate_rank_2to6が有利(+6.5pt)、5号艇の節間得点が不利(-6.2pt) / [除外]6号艇の直近平均着順が不利(-28.8pt)、6号艇の全国勝率が不利(-13.2pt)、天気-1.7pt
122,02,戸田,5,12:44,0.4206724873943627,4,0.40846400798681465,3,0.34567361280539,0.31724494877632337,0.17768537055803502,0.5764522502341696,0.24960120523914034,0.39500713921367725,1-4,1-3,0.07474734680623765,0.14541537852543923,0.17182957025088413,0.022584224336524582,0.00609595963964143,True,True,False,False,ウインウイン,2026-08-16,場特性:in_escape_diff,-0.1689,1号艇のsession_exh_rel_avg,-0.1169,1号艇のdominance,-0.0843,風速区分,0.0778,1号艇の節間得点,-0.0702,4号艇のwin_rate_rank_2to6,0.221,4号艇のclass_rank_2to6,0.2208,4号艇のsession_exh_rel_avg,-0.1226,4号艇の全国勝率,0.0763,4号艇のcumulative_diff_rank_2to6,0.0611,3号艇のsession_exh_rel_avg,0.0577,3号艇のwin_rate_rank_2to6,0.0502,3号艇の節間得点,0.0441,4号艇のracer_avgfin_te,0.0397,3号艇のモーター2連率,-0.0386,-0.0025,南東 1.2m/s,[逃げ]場特性:in_escape_diffが不利(-16.9pt)、1号艇のsession_exh_rel_avgが不利(-11.7pt) / [2着]4号艇のwin_rate_rank_2to6が有利(+22.1pt)、4号艇のclass_rank_2to6が有利(+22.1pt) / [候補2]3号艇のsession_exh_rel_avgが有利(+5.8pt)、3号艇のwin_rate_rank_2to6が有利(+5.0pt) / [除外]6号艇のwin_rate_rank_2to6が不利(-6.8pt)、天気影響ほぼなし
123,01,桐生,9,18:52,0.5847714574867547,2,0.28863550195056087,3,0.26111145998674007,0.321476332180991,0.18726498649049272,0.36248197544680827,0.24923481897752725,0.3337780251607361,1-2,1-3,0.16878580315805053,0.15269052902294042,0.08192382606950943,0.0718640845068584,0.10950721908628287,True,False,False,False,一般,2026-08-16,場特性:in_escape_diff,-0.1012,1号艇のsession_exh_rel_avg,-0.0766,1号艇のvs_max234_diff,0.0759,場×風向,-0.0748,風速区分,0.074,2号艇の節間得点,-0.0802,3号艇のモーター出走数,0.0732,2号艇のwin_rate_rank_2to6,0.0618,3号艇の全国勝率,-0.0504,2号艇のclass_rank_2to6,-0.0497,3号艇のモーター2連率,0.1336,6号艇のモーター出走数,0.0889,3号艇のracer_avgfin_te,-0.0821,4号艇のモーター出走数,-0.0777,6号艇のracer_2nd_te,-0.0688,-0.041,東 1.7m/s,[逃げ]場特性:in_escape_diffが不利(-10.1pt)、1号艇のsession_exh_rel_avgが不利(-7.7pt) / [2着]2号艇の節間得点が不利(-8.0pt)、3号艇のモーター出走数が有利(+7.3pt) / [候補2]3号艇のモーター2連率が有利(+13.4pt)、6号艇のモーター出走数が有利(+8.9pt)、天気-4.1pt
124,22,福岡,4,13:43,0.5390481509088612,4,0.39367284291703697,2,0.22074232936134983,0.33119936250701376,0.20669426583895917,0.40772090643942765,0.24905095161135157,0.35415582568673787,1-4,1-2,0.11899074446955044,0.07972869511221274,0.21220861803746333,0.11141816180395553,0.016701941526233336,True,True,False,False,一般戦,2026-08-16,1号艇のdominance,-0.2258,5号艇の節間得点,-0.0918,1号艇の節間得点,0.08,1号艇のsession_exh_rel_avg,-0.0797,1号艇の級別順位,-0.0684,4号艇のclass_rank_2to6,0.1248,4号艇のwin_rate_rank_2to6,0.0903,5号艇のrecent_4to6_rate,0.083,4号艇の節間得点,0.0467,4号艇のracer_win_te,0.0457,2号艇のwin_rate_rank_2to6,-0.1645,2号艇のsession_exh_rel_avg,-0.1007,2号艇のモーター2連率,0.079,5号艇の節間得点,0.0674,2号艇の直近平均着順,-0.0605,0.0459,南東 2.7m/s,[逃げ]1号艇のdominanceが不利(-22.6pt)、5号艇の節間得点が不利(-9.2pt) / [2着]4号艇のclass_rank_2to6が有利(+12.5pt)、4号艇のwin_rate_rank_2to6が有利(+9.0pt) / [候補2]2号艇のwin_rate_rank_2to6が不利(-16.4pt)、2号艇のsession_exh_rel_avgが不利(-10.1pt) / [除外]6号艇のvs_avg456_diffが不利(-9.0pt)、天気+4.6pt
125,07,蒲郡,12,20:41,0.5757441468656912,3,0.3471536564748099,2,0.29696683388414047,0.37084860220042454,0.2774870386182928,0.36663345174065753,0.24736178572002962,0.3695840570624944,1-3,1-2,0.1709769164220299,0.19987168577839465,0.1597615383155761,0.028118314359419933,0.017015694135084698,False,False,False,False,優勝戦,2026-08-16,4号艇のsession_exh_rel_avg,-0.1194,2号艇のsession_avg_finish,-0.1022,1号艇のsession_exh_rel_avg,-0.0965,1号艇の年齢,-0.0961,風速区分,-0.0918,3号艇の節間得点,0.128,3号艇のsession_exh_rel_avg,0.1233,3号艇のwin_rate_rank_2to6,-0.1184,4号艇の全国2連率,-0.104,3号艇の当地勝率,0.0958,2号艇の当地勝率,0.1089,2号艇のwin_rate_rank_2to6,0.0858,2号艇のsession_exh_rel_avg,-0.0664,1号艇の年齢,0.0475,2号艇の全国勝率,0.0469,0.0096,東 5.0m/s,[逃げ]4号艇のsession_exh_rel_avgが不利(-11.9pt)、2号艇のsession_avg_finishが不利(-10.2pt) / [2着]3号艇の節間得点が有利(+12.8pt)、3号艇のsession_exh_rel_avgが有利(+12.3pt) / [候補2]2号艇の当地勝率が有利(+10.9pt)、2号艇のwin_rate_rank_2to6が有利(+8.6pt) / [除外]3号艇のracer_win_teが不利(-7.5pt)、3号艇の節間得点が不利(-7.1pt)、天気+1.0pt
126,04,平和島,11,17:08,0.4907530528200187,4,0.36458966920434355,3,0.3183942506481916,0.3351764436946146,0.22141937841736903,0.4615645414351661,0.24611897190700757,0.37309287301678,1-4,1-3,0.10866223591183481,0.15625295050594223,0.17892349318867234,0.035244425688228304,0.01166995300993373,True,False,False,False,特別選抜戦,2026-08-16,4号艇のsession_exh_rel_avg,-0.4081,1号艇のdominance,0.158,場特性:in_escape_diff,-0.1249,4号艇のsession_exh_rel_last,-0.091,1号艇の節間得点,0.071,4号艇のwin_rate_rank_2to6,0.1886,4号艇のclass_rank_2to6,0.1493,4号艇のsession_exh_rel_avg,0.094,4号艇の全国勝率,0.0594,4号艇の節間得点,0.0536,3号艇のwin_rate_rank_2to6,-0.1236,3号艇のsession_exh_rel_avg,0.0562,3号艇の節間得点,0.0552,4号艇のsession_exh_rel_last,-0.0533,3号艇のcumulative_diff_rank_2to6,0.0439,0.0806,東 2.3m/s,[逃げ]4号艇のsession_exh_rel_avgが不利(-40.8pt)、1号艇のdominanceが有利(+15.8pt) / [2着]4号艇のwin_rate_rank_2to6が有利(+18.9pt)、4号艇のclass_rank_2to6が有利(+14.9pt) / [候補2]3号艇のwin_rate_rank_2to6が不利(-12.4pt)、3号艇のsession_exh_rel_avgが有利(+5.6pt) / [除外]6号艇のsession_exh_rel_avgが不利(-8.5pt)、天気+8.1pt
127,18,徳山,10,13:13,0.3656167525355054,2,0.5719535838477235,4,0.20448891372199346,0.283880384491997,0.1254307580109255,0.6510117395587915,0.24115158631848,0.3940197910120353,1-2,1-4,0.20911581192744857,0.04585958641202142,0.0747645725645484,0.013275614056155708,0.022601166213302784,True,True,False,False,予選,2026-08-16,1号艇のdominance,-0.2084,場特性:in_escape_diff,0.182,1号艇のracer_win_te,-0.1588,5号艇の枠別出走数,-0.1348,2号艇のsession_exh_rel_avg,-0.1004,2号艇のwin_rate_rank_2to6,0.1658,2号艇のsession_exh_rel_avg,0.144,1号艇vs2号艇のplace_rate差,-0.0865,3号艇のracer_2nd_te,0.0772,2号艇のclass_rank_2to6,0.0671,4号艇のモーター2連率,0.106,4号艇のwin_rate_rank_2to6,0.088,4号艇のclass_rank_2to6,0.0647,4号艇のcumulative_diff_rank_2to6,0.062,4号艇のsession_exh_rel_avg,0.0503,0.0646,南東 2.4m/s,[逃げ]1号艇のdominanceが不利(-20.8pt)、場特性:in_escape_diffが有利(+18.2pt) / [2着]2号艇のwin_rate_rank_2to6が有利(+16.6pt)、2号艇のsession_exh_rel_avgが有利(+14.4pt) / [候補2]4号艇のモーター2連率が有利(+10.6pt)、4号艇のwin_rate_rank_2to6が有利(+8.8pt) / [除外]3号艇のwin_rate_rank_2to6が不利(-5.0pt)、天気+6.5pt
128,22,福岡,6,14:40,0.583378972838154,4,0.30931169087860233,5,0.26955237736683163,0.33769712554593634,0.23925765666058552,0.3396064115848485,0.24074117804297282,0.33826991135761,1-4,1-5,0.1395778859863161,0.10167452484385811,0.18044593651159163,0.1572511890343447,0.004429426410734336,True,True,False,False,一般戦,2026-08-16,5号艇の節間得点,-0.1094,3号艇の女子戦2連率,0.0863,1号艇の級別順位,-0.0746,3号艇の直近平均着順,-0.0682,1号艇の節間得点,0.0616,4号艇のclass_rank_2to6,0.1224,4号艇のwin_rate_rank_2to6,0.0912,2号艇の枠別出走数,0.0739,4号艇のsession_exh_rel_avg,0.0605,4号艇の節間得点,0.0573,5号艇のwin_rate_rank_2to6,0.2287,5号艇のclass_rank_2to6,0.1896,5号艇の節間得点,0.0856,5号艇のsession_exh_rel_avg,0.0764,5号艇のracer_avgfin_te,0.0685,0.0468,東 2.1m/s,[逃げ]5号艇の節間得点が不利(-10.9pt)、3号艇の女子戦2連率が有利(+8.6pt) / [2着]4号艇のclass_rank_2to6が有利(+12.2pt)、4号艇のwin_rate_rank_2to6が有利(+9.1pt) / [候補2]5号艇のwin_rate_rank_2to6が有利(+22.9pt)、5号艇のclass_rank_2to6が有利(+19.0pt) / [除外]6号艇のwin_rate_rank_2to6が不利(-8.6pt)、6号艇のvs_avg456_diffが不利(-8.4pt)、天気+4.7pt
129,12,住之江,7,17:56,0.33596096321199376,3,0.5360703991378637,4,0.24417964900437195,0.26213355772006997,0.10204842103738578,0.6782016271048499,0.2300331789205753,0.38695397853550395,1-3,1-4,0.03387363193725321,0.18009872764379464,0.08203483007627535,0.03428428582598321,0.005669494612224003,True,False,False,False,予選,2026-08-16,1号艇のdominance,-0.227,3号艇のracer_win_te,-0.1602,1号艇の級別順位,-0.0985,1号艇のsession_exh_rel_avg,0.0971,4号艇のsession_exh_rel_avg,-0.0885,3号艇のsession_exh_rel_avg,0.1183,3号艇の当地勝率,0.1112,3号艇のracer_win_te,0.0805,4号艇のsession_exh_rel_last,-0.0708,3号艇の全国勝率,0.067,4号艇のwin_rate_rank_2to6,0.1721,4号艇の全国勝率,0.1182,4号艇のclass_rank_2to6,0.0941,1号艇のsession_rank_diff_delta,0.0683,4号艇のsession_exh_rel_avg,0.0668,0.0266,東 1.2m/s,[逃げ]1号艇のdominanceが不利(-22.7pt)、3号艇のracer_win_teが不利(-16.0pt) / [2着]3号艇のsession_exh_rel_avgが有利(+11.8pt)、3号艇の当地勝率が有利(+11.1pt) / [候補2]4号艇のwin_rate_rank_2to6が有利(+17.2pt)、4号艇の全国勝率が有利(+11.8pt) / [除外]win_rate_range_1to6が不利(-7.2pt)、ST差分(6-5)が不利(-5.2pt)、天気+2.7pt
130,11,琵琶湖,6,13:12,0.43534313960938387,4,0.4451313429190377,3,0.2746266598273792,0.3133417086746047,0.23445971751426153,0.48529828523215546,0.22518249847306407,0.36492868164186987,1-4,1-3,0.10207042953458786,0.11955683230968953,0.19378487636491518,0.018670981813964437,0.0012600146955478381,True,True,False,False,予選,2026-08-16,1号艇のdominance,-0.1569,1号艇のsession_exh_rel_avg,0.1477,6号艇の枠別出走数,-0.1358,1号艇の級別順位,-0.101,1号艇のvs_max234_diff,-0.0897,4号艇のwin_rate_rank_2to6,0.19,4号艇のclass_rank_2to6,0.1328,4号艇の全国勝率,0.1283,4号艇のsession_exh_rel_avg,-0.1041,6号艇のsession_exh_rel_avg,0.0796,3号艇の当地勝率,0.0882,3号艇の節間得点,-0.087,4号艇のsession_rank_diff_last,-0.0771,3号艇のcumulative_diff_rank_2to6,-0.0562,3号艇のracer_2nd_te,0.0461,0.0121,東 1.0m/s,[逃げ]1号艇のdominanceが不利(-15.7pt)、1号艇のsession_exh_rel_avgが有利(+14.8pt) / [2着]4号艇のwin_rate_rank_2to6が有利(+19.0pt)、4号艇のclass_rank_2to6が有利(+13.3pt) / [候補2]3号艇の当地勝率が有利(+8.8pt)、3号艇の節間得点が不利(-8.7pt) / [除外]6号艇の直近平均着順が不利(-22.6pt)、6号艇の全国勝率が不利(-13.0pt)、天気+1.2pt
131,17,宮島,10,15:23,0.37316196824431375,2,0.3905349418548506,3,0.3305553174360833,0.26908346043880743,0.15306799290779824,0.5680222663831356,0.2196577821819436,0.35876510222210584,1-2,1-3,0.14573278757073468,0.12335067286807276,0.04328769527188268,0.057119153508680645,0.0036716684083654126,True,False,False,False,予選,2026-08-16,1号艇のdominance,-0.2334,1号艇の年齢,-0.1742,1号艇のracer_win_te,-0.1322,1号艇の級別順位,-0.0771,4号艇のモーター2連率,-0.0678,2号艇のclass_rank_2to6,0.1197,2号艇のsession_exh_rel_avg,-0.0975,2号艇のwin_rate_rank_2to6,0.069,2号艇の一般戦勝率,-0.0684,2号艇の全国勝率,0.0596,3号艇のwin_rate_rank_2to6,-0.065,場特性:1x_diff_course3,0.053,3号艇の年齢,-0.051,3号艇のcumulative_diff_rank_2to6,0.0451,3号艇の全国勝率,0.0386,0.0697,南東 2.4m/s,[逃げ]1号艇のdominanceが不利(-23.3pt)、1号艇の年齢が不利(-17.4pt) / [2着]2号艇のclass_rank_2to6が有利(+12.0pt)、2号艇のsession_exh_rel_avgが不利(-9.8pt) / [候補2]3号艇のwin_rate_rank_2to6が不利(-6.5pt)、場特性:1x_diff_course3が有利(+5.3pt) / [除外]6号艇のwin_rate_rank_2to6が不利(-10.1pt)、6号艇のracer_win_teが不利(-9.8pt)、天気+7.0pt
132,14,鳴門,2,09:06,0.3194166237500554,2,0.5985994664203195,3,0.15903770715104415,0.24200190800969967,0.10564563134073465,0.6519915422306289,0.21132217478088314,0.3649987982759785,1-2,1-3,0.19120262054256312,0.050799287467136564,0.033744970876800506,0.02464745158815156,0.019022283756046494,False,False,True,False,予選,2026-08-16,場特性:in_escape_diff,-0.1497,1号艇のdominance,-0.1113,1号艇の年齢,-0.1013,風速区分,-0.0839,1号艇の級別順位,-0.0751,2号艇のwin_rate_rank_2to6,0.216,2号艇のclass_rank_2to6,0.063,2号艇の全国勝率,0.0456,全艇平均勝率,0.044,2号艇のモーター2連率,-0.0423,3号艇のwin_rate_rank_2to6,-0.1291,3号艇のracer_avgfin_te,-0.0875,3号艇の全国勝率,-0.0866,3号艇の年齢,-0.0748,3号艇の当地勝率,-0.0565,-0.066,南東 6.9m/s,[逃げ]場特性:in_escape_diffが不利(-15.0pt)、1号艇のdominanceが不利(-11.1pt) / [2着]2号艇のwin_rate_rank_2to6が有利(+21.6pt)、2号艇のclass_rank_2to6が有利(+6.3pt) / [候補2]3号艇のwin_rate_rank_2to6が不利(-12.9pt)、3号艇のracer_avgfin_teが不利(-8.7pt) / [除外]4号艇のwin_rate_rank_2to6が不利(-5.8pt)、天気-6.6pt
133,24,大村,12,20:45,0.5239810080677951,4,0.29976961256183554,5,0.2684709667666493,0.2977472715815674,0.2507740700640646,0.3174665092644202,0.20814651740759132,0.3036630428864232,1-4,1-5,0.061272218235941506,0.13140085002943244,0.15707358377824296,0.14067368780332443,0.03356067017283512,False,False,False,False,一般,2026-08-16,1号艇のdominance,0.1598,1号艇の女子戦比率,-0.1588,1号艇のsession_exh_rel_avg,-0.1348,場特性:in_escape_diff,0.1284,1号艇の年齢,-0.1158,4号艇のwin_rate_rank_2to6,0.1507,4号艇のsession_exh_rel_avg,-0.1039,4号艇のclass_rank_2to6,-0.0687,4号艇の年齢,0.0515,4号艇の全国勝率,-0.0425,5号艇のwin_rate_rank_2to6,0.2216,6号艇のracer_win_te,-0.1288,5号艇の性別,-0.1086,5号艇のracer_avgfin_te,-0.1058,5号艇の節間得点,0.1036,0.0214,南東 4.8m/s,[逃げ]1号艇のdominanceが有利(+16.0pt)、1号艇の女子戦比率が不利(-15.9pt) / [2着]4号艇のwin_rate_rank_2to6が有利(+15.1pt)、4号艇のsession_exh_rel_avgが不利(-10.4pt) / [候補2]5号艇のwin_rate_rank_2to6が有利(+22.2pt)、6号艇のracer_win_teが不利(-12.9pt) / [除外]2号艇のwin_rate_rank_2to6が不利(-7.0pt)、6号艇のwin_rate_rank_2to6が不利(-6.6pt)、天気+2.1pt
134,01,桐生,5,17:01,0.5241816195397102,3,0.30385077774203917,4,0.2862301165870246,0.30930955884884925,0.2795494355425222,0.31053145878654154,0.20554878374792643,0.30967612883015694,1-3,1-4,0.1465346758640911,0.1592729927752226,0.15003656607362661,0.03255152036231065,0.03578585665354442,True,False,False,False,一般,2026-08-16,1号艇のdominance,0.1702,6号艇のモーター出走数,-0.1104,場特性:in_escape_diff,-0.1021,1号艇のvs_max234_diff,0.0707,1号艇vs4号艇のcumulative差,-0.0696,4号艇のモーター出走数,-0.1087,2号艇のsession_exh_rel_delta,0.0766,6号艇のモーター出走数,0.0743,3号艇のwin_rate_rank_2to6,-0.0686,2号艇のsession_rank_diff_delta,-0.0433,4号艇のclass_rank_2to6,0.1059,4号艇のsession_exh_rel_avg,-0.0986,4号艇の節間得点,0.0948,4号艇の直近1着率,-0.073,4号艇のwin_rate_rank_2to6,0.0692,0.0303,東 2.0m/s,[逃げ]1号艇のdominanceが有利(+17.0pt)、6号艇のモーター出走数が不利(-11.0pt) / [2着]4号艇のモーター出走数が不利(-10.9pt)、2号艇のsession_exh_rel_deltaが有利(+7.7pt) / [候補2]4号艇のclass_rank_2to6が有利(+10.6pt)、4号艇のsession_exh_rel_avgが不利(-9.9pt) / [除外]2号艇のsession_exh_rel_deltaが不利(-5.9pt)、2号艇のwin_rate_rank_2to6が不利(-5.3pt)、天気+3.0pt
135,24,大村,5,17:19,0.40612892219720687,3,0.40960768881591525,5,0.24010631887473627,0.2638676496798321,0.18620378337760995,0.4635102243130416,0.20490786406222108,0.32376042206979494,1-3,1-5,0.04959075421397337,0.16635352918249657,0.07562274185219091,0.0975141204973355,0.017047784015951178,True,False,False,False,一般,2026-08-16,1号艇のdominance,-0.2081,節間得点の分散(2-6号艇),-0.1761,場特性:in_escape_diff,0.1563,1号艇のsession_exh_rel_avg,0.1407,1号艇の全国2連率,-0.1143,3号艇のracer_avgfin_te,-0.0886,3号艇のsession_exh_rel_avg,0.0841,3号艇の当地勝率,-0.0682,4号艇の節間得点,0.0647,6号艇のsession_rank_diff_delta,0.0619,5号艇のwin_rate_rank_2to6,0.2516,6号艇のracer_win_te,-0.2037,5号艇のclass_rank_2to6,0.1995,4号艇のsession_exh_rel_last,-0.1396,mean_234_class,-0.1019,-0.1021,南 4.8m/s,[逃げ]1号艇のdominanceが不利(-20.8pt)、節間得点の分散(2-6号艇)が不利(-17.6pt) / [2着]3号艇のracer_avgfin_teが不利(-8.9pt)、3号艇のsession_exh_rel_avgが有利(+8.4pt) / [候補2]5号艇のwin_rate_rank_2to6が有利(+25.2pt)、6号艇のracer_win_teが不利(-20.4pt) / [除外]2号艇のwin_rate_rank_2to6が不利(-7.1pt)、6号艇のvs_avg456_diffが不利(-5.6pt)、天気-10.2pt
136,11,琵琶湖,1,10:38,0.42731385593172005,3,0.3838448592795417,4,0.21551603682331544,0.25611521560840295,0.1755365388550495,0.42382435724780765,0.20216612141318638,0.30642795810022433,1-3,1-4,0.07453576102028046,0.16402222689830945,0.09209298871009348,0.021653682436109066,0.0750091952750594,False,False,True,False,予選,2026-08-16,1号艇のdominance,-0.2224,1号艇のsession_exh_rel_avg,-0.1509,1号艇の級別順位,-0.0926,1号艇のsession_exh_rel_last,-0.0799,6号艇の女子戦勝率,0.0764,3号艇のracer_avgfin_te,0.051,1号艇のsession_exh_rel_avg,0.0388,2号艇の直近1着率,0.037,3号艇のwin_rate_rank_2to6,-0.0349,1号艇vs3号艇のcumulative差,0.0301,5号艇の年齢,0.0997,4号艇のclass_rank_2to6,0.0865,4号艇のwin_rate_rank_2to6,0.0854,4号艇の年齢,-0.0683,4号艇のsession_exh_rel_avg,0.068,0.0387,南東 2.3m/s,[逃げ]1号艇のdominanceが不利(-22.2pt)、1号艇のsession_exh_rel_avgが不利(-15.1pt) / [2着]3号艇のracer_avgfin_teが有利(+5.1pt)、1号艇のsession_exh_rel_avgが有利(+3.9pt) / [候補2]5号艇の年齢が有利(+10.0pt)、4号艇のclass_rank_2to6が有利(+8.6pt) / [除外]6号艇のsession_exh_rel_avgが不利(-6.3pt)、天気+3.9pt
137,10,三国,7,11:19,0.31776816572565325,2,0.5006976304756736,4,0.2249809205441185,0.2305975420640092,0.10843724733814986,0.6172413036816422,0.20059110681877193,0.3465906705492991,1-2,1-4,0.15910576761943573,0.034457905182982855,0.07149177444457347,0.034415419051532274,0.018297295875792905,True,True,False,False,予選,2026-08-16,1号艇のdominance,-0.2248,1号艇の年齢,-0.1183,1号艇のsession_exh_rel_avg,-0.0784,1号艇の級別順位,-0.0693,1号艇のvs_max234_diff,-0.068,2号艇のwin_rate_rank_2to6,0.1882,2号艇のclass_rank_2to6,0.0941,2号艇の全国勝率,0.058,2号艇のsession_exh_rel_avg,-0.0547,2号艇の節間得点,0.0503,4号艇のsession_exh_rel_avg,0.1224,4号艇のwin_rate_rank_2to6,0.1014,4号艇のclass_rank_2to6,-0.0688,4号艇のsession_rank_diff_last,-0.0506,2号艇の女子戦勝率,0.0393,0.0333,東 2.8m/s,[逃げ]1号艇のdominanceが不利(-22.5pt)、1号艇の年齢が不利(-11.8pt) / [2着]2号艇のwin_rate_rank_2to6が有利(+18.8pt)、2号艇のclass_rank_2to6が有利(+9.4pt) / [候補2]4号艇のsession_exh_rel_avgが有利(+12.2pt)、4号艇のwin_rate_rank_2to6が有利(+10.1pt)、天気+3.3pt
138,01,桐生,3,16:07,0.34581195483491756,2,0.41024090339834507,3,0.280261966952925,0.23878414741529436,0.15123714853555853,0.5392657218157115,0.19544850713059408,0.32892861973541954,1-2,1-3,0.14186620875742428,0.09691793865787006,0.03165011495091331,0.023078074625219862,0.052299613978740285,True,False,False,False,一般,2026-08-16,4号艇のsession_exh_rel_last,-0.1091,6号艇のモーター出走数,-0.0985,6号艇の枠別出走数,-0.0934,1号艇のsession_exh_rel_avg,0.0932,場特性:in_escape_diff,-0.0745,2号艇のsession_exh_rel_avg,-0.1034,2号艇のwin_rate_rank_2to6,0.0743,1号艇のsession_rank_diff_delta,-0.0531,2号艇のモーター2連率,0.0477,6号艇のsession_rank_diff_last,-0.0475,3号艇のsession_exh_rel_avg,0.1594,3号艇のwin_rate_rank_2to6,-0.1034,4号艇のモーター出走数,-0.0737,6号艇のモーター出走数,0.0634,6号艇のracer_2nd_te,-0.061,0.0276,南東 1.8m/s,[逃げ]4号艇のsession_exh_rel_lastが不利(-10.9pt)、6号艇のモーター出走数が不利(-9.9pt) / [2着]2号艇のsession_exh_rel_avgが不利(-10.3pt)、2号艇のwin_rate_rank_2to6が有利(+7.4pt) / [候補2]3号艇のsession_exh_rel_avgが有利(+15.9pt)、3号艇のwin_rate_rank_2to6が不利(-10.3pt) / [除外]5号艇のracer_avgfin_teが不利(-6.5pt)、天気+2.8pt
139,18,徳山,7,11:36,0.2689087661280312,2,0.5484284198156617,3,0.28830027409656434,0.22500368066385582,0.11025805097348729,0.7264706429387388,0.1952335199136266,0.3754437693463207,1-2,1-3,0.1474772096821755,0.07752647098168032,0.012498347587219068,0.029649356442962037,0.001757376675619005,True,True,False,False,予選,2026-08-16,1号艇のdominance,-0.4283,1号艇のracer_win_te,-0.1888,1号艇のvs_max234_diff,-0.1455,場特性:in_escape_diff,0.1446,1号艇のsession_exh_rel_avg,0.1337,2号艇のwin_rate_rank_2to6,0.2121,2号艇のclass_rank_2to6,0.1105,2号艇の当地勝率,0.1089,勝率の分散(2-6号艇),-0.0893,勝率のレンジ(2-6号艇),0.0766,3号艇のwin_rate_rank_2to6,-0.0713,1号艇vs2号艇のplace_rate差,0.0616,3号艇の年齢,-0.0608,3号艇のcumulative_diff_rank_2to6,-0.0547,2号艇の全国勝率,-0.0491,0.0436,南東 2.2m/s,[逃げ]1号艇のdominanceが不利(-42.8pt)、1号艇のracer_win_teが不利(-18.9pt) / [2着]2号艇のwin_rate_rank_2to6が有利(+21.2pt)、2号艇のclass_rank_2to6が有利(+11.0pt) / [候補2]3号艇のwin_rate_rank_2to6が不利(-7.1pt)、1号艇vs2号艇のplace_rate差が有利(+6.2pt) / [除外]5号艇の直近平均着順が不利(-33.2pt)、ST差分(6-5)が不利(-8.3pt)、天気+4.4pt
140,10,三国,5,10:18,0.38786242906401724,4,0.4080641694562749,2,0.255275814936087,0.25728465764170877,0.20702034769275884,0.456319636699603,0.19336886650451002,0.316995151359077,1-4,1-2,0.09901189766240723,0.08029541492179086,0.15827275997930154,0.03508595398973429,0.015196411902634262,False,False,True,False,予選,2026-08-16,1号艇のdominance,-0.2173,1号艇のvs_max234_diff,-0.091,1号艇の級別順位,0.0815,ST差分(4-3),-0.0721,1号艇の年齢,-0.0669,4号艇のwin_rate_rank_2to6,0.2496,4号艇のclass_rank_2to6,0.1964,4号艇の全国勝率,0.1138,4号艇の年齢,-0.0849,4号艇のモーター2連率,0.0741,2号艇のwin_rate_rank_2to6,-0.1268,1号艇の年齢,0.0735,2号艇のclass_rank_2to6,-0.0553,2号艇の全国勝率,0.0445,2号艇の節間得点,0.0443,0.0277,東 3.0m/s,[逃げ]1号艇のdominanceが不利(-21.7pt)、1号艇のvs_max234_diffが不利(-9.1pt) / [2着]4号艇のwin_rate_rank_2to6が有利(+25.0pt)、4号艇のclass_rank_2to6が有利(+19.6pt) / [候補2]2号艇のwin_rate_rank_2to6が不利(-12.7pt)、1号艇の年齢が有利(+7.4pt)、天気+2.8pt
141,17,宮島,6,13:03,0.38554793581444113,3,0.3737627162437953,4,0.2738540968693077,0.24968732549448358,0.20166124687072579,0.44595556624237725,0.1892646166300424,0.3085677977188517,1-3,1-4,0.07775007746477475,0.14410344373219397,0.10558388176228958,0.04876778195231389,0.009342759879606343,True,True,False,False,予選,2026-08-16,1号艇の年齢,-0.2309,1号艇の級別順位,-0.0913,1号艇のdominance,-0.0738,1号艇の勝率順位,-0.0686,風速区分,0.0581,3号艇のモーター2連率,0.0881,3号艇のwin_rate_rank_2to6,-0.0459,3号艇の節間得点,0.0375,3号艇のsession_exh_rel_avg,-0.0321,3号艇の全国2連率,0.0299,4号艇のclass_rank_2to6,0.1811,4号艇のwin_rate_rank_2to6,0.1804,4号艇の全国勝率,0.0633,4号艇のcumulative_diff_rank_2to6,-0.0535,4号艇のsession_exh_rel_avg,0.0528,0.0766,南東 2.4m/s,[逃げ]1号艇の年齢が不利(-23.1pt)、1号艇の級別順位が不利(-9.1pt) / [2着]3号艇のモーター2連率が有利(+8.8pt)、3号艇のwin_rate_rank_2to6が不利(-4.6pt) / [候補2]4号艇のclass_rank_2to6が有利(+18.1pt)、4号艇のwin_rate_rank_2to6が有利(+18.0pt) / [除外]6号艇のwin_rate_rank_2to6が不利(-7.5pt)、6号艇のvs_avg456_diffが不利(-5.6pt)、天気+7.7pt
142,06,浜名湖,2,12:03,0.3393485268441165,4,0.3476172088996332,2,0.33341773478623443,0.231108204869165,0.16233856056817814,0.5186963831176894,0.18608687689241799,0.3173846583437223,1-4,1-2,0.11314481712341098,0.05508935137880563,0.11796338774575403,0.032533759688677485,0.02061720332243771,True,True,False,False,一般,2026-08-16,1号艇vs2号艇のcumulative差,-0.1018,1号艇のdominance,-0.0817,1号艇vs4号艇のcumulative差,-0.0727,1号艇の全国勝率,-0.0679,1号艇の級別順位,-0.0641,4号艇のwin_rate_rank_2to6,0.1382,4号艇のclass_rank_2to6,0.098,4号艇の年齢,-0.0875,4号艇の節間得点,0.0476,4号艇のモーター2連率,-0.0423,3号艇のracer_2nd_te,0.0977,2号艇のsession_exh_rel_avg,-0.0748,3号艇の全国勝率,-0.0593,1号艇vs3号艇の枠別平均ST差,-0.0558,2号艇の節間得点,0.0489,-0.0265,南東 4.2m/s,[逃げ]1号艇vs2号艇のcumulative差が不利(-10.2pt)、1号艇のdominanceが不利(-8.2pt) / [2着]4号艇のwin_rate_rank_2to6が有利(+13.8pt)、4号艇のclass_rank_2to6が有利(+9.8pt) / [候補2]3号艇のracer_2nd_teが有利(+9.8pt)、2号艇のsession_exh_rel_avgが不利(-7.5pt) / [除外]5号艇のsession_exh_rel_avgが不利(-5.5pt)、天気-2.6pt
143,01,桐生,4,16:33,0.2916403477787886,3,0.5612746132284183,2,0.1828995294141203,0.2170312057682518,0.12898008745638653,0.615194055186152,0.18343996108734684,0.33648006059362184,1-3,1-2,0.05334088236691082,0.163690323401341,0.036332678849098604,0.03761579756231914,0.0006606621700271839,True,False,False,False,一般,2026-08-16,1号艇のdominance,-0.3299,1号艇のvs_max234_diff,-0.1309,場特性:in_escape_diff,-0.078,6号艇の枠別出走数,-0.0715,場×風速,-0.0682,3号艇のwin_rate_rank_2to6,0.1971,3号艇のsession_exh_rel_avg,0.0972,3号艇の当地勝率,0.0819,4号艇のモーター出走数,-0.0777,3号艇の全国勝率,0.0536,2号艇の全国勝率,-0.1727,2号艇のwin_rate_rank_2to6,-0.1718,1号艇の節間得点,0.0844,2号艇の節間得点,-0.0798,2号艇のsession_avg_finish,-0.0646,-0.0927,東 1.8m/s,[逃げ]1号艇のdominanceが不利(-33.0pt)、1号艇のvs_max234_diffが不利(-13.1pt) / [2着]3号艇のwin_rate_rank_2to6が有利(+19.7pt)、3号艇のsession_exh_rel_avgが有利(+9.7pt) / [候補2]2号艇の全国勝率が不利(-17.3pt)、2号艇のwin_rate_rank_2to6が不利(-17.2pt) / [除外]6号艇のvs_avg456_diffが不利(-13.5pt)、6号艇の直近平均着順が不利(-12.5pt)、天気-9.3pt
144,17,宮島,3,11:42,0.3057889605715846,2,0.44138868737095827,3,0.2880680207552853,0.2230598085598938,0.1547267043075763,0.5747300038186672,0.18164383770955228,0.3285608671375258,1-2,1-3,0.13497178791922143,0.08808802064067237,0.04731371808288068,0.022108714278485157,0.013306713384985399,True,True,False,False,予選,2026-08-16,1号艇のdominance,-0.2697,1号艇のracer_win_te,-0.1832,1号艇のracer_avgfin_te,0.1052,風速区分,0.1034,1号艇のvs_max234_diff,-0.0992,2号艇のwin_rate_rank_2to6,0.1564,2号艇のsession_exh_rel_avg,-0.0891,2号艇のclass_rank_2to6,0.0824,4号艇のsession_rank_diff_delta,-0.0702,2号艇の全国勝率,0.0584,3号艇のsession_exh_rel_avg,0.1316,3号艇の節間得点,-0.0596,3号艇のwin_rate_rank_2to6,0.059,場特性:1x_diff_course3,0.0537,3号艇のcumulative_diff_rank_2to6,-0.0506,0.1212,南東 2.4m/s,[逃げ]1号艇のdominanceが不利(-27.0pt)、1号艇のracer_win_teが不利(-18.3pt) / [2着]2号艇のwin_rate_rank_2to6が有利(+15.6pt)、2号艇のsession_exh_rel_avgが不利(-8.9pt) / [候補2]3号艇のsession_exh_rel_avgが有利(+13.2pt)、3号艇の節間得点が不利(-6.0pt)、天気+12.1pt
145,18,徳山,11,13:49,0.3636779071545462,3,0.37451194082082223,2,0.23556611305091707,0.22187190983299263,0.15236931758953934,0.4577087362822,0.18130414404074355,0.2926229577677548,1-3,1-2,0.08567019099088875,0.13620171884210389,0.04899095583905569,0.05541335453553005,0.03740168152774468,True,True,False,False,予選,2026-08-16,1号艇のdominance,-0.3366,場特性:in_escape_diff,0.2212,1号艇のsession_exh_rel_avg,0.1455,1号艇のracer_win_te,-0.1229,1号艇の級別順位,-0.122,3号艇のsession_exh_rel_avg,0.1239,場特性:1x_diff_course3,0.0621,1号艇の直近複勝率,-0.0564,3号艇のwin_rate_rank_2to6,-0.0507,3号艇のracer_avgfin_te,0.0424,2号艇のwin_rate_rank_2to6,-0.1391,2号艇のsession_exh_rel_avg,0.0913,1号艇vs6号艇の直近複勝率差,-0.0648,2号艇のclass_rank_2to6,-0.0464,2号艇のracer_avgfin_te,-0.0431,0.1004,南東 2.2m/s,[逃げ]1号艇のdominanceが不利(-33.7pt)、場特性:in_escape_diffが有利(+22.1pt) / [2着]3号艇のsession_exh_rel_avgが有利(+12.4pt)、場特性:1x_diff_course3が有利(+6.2pt) / [候補2]2号艇のwin_rate_rank_2to6が不利(-13.9pt)、2号艇のsession_exh_rel_avgが有利(+9.1pt) / [除外]1号艇vs3号艇の直近複勝率差が不利(-7.4pt)、4号艇のwin_rate_rank_2to6が不利(-5.7pt)、天気+10.0pt
146,06,浜名湖,3,12:37,0.36311162309673944,2,0.437236169259669,4,0.23016040192628312,0.2423394522125297,0.21529884709012687,0.4520977240958253,0.17972896661355706,0.30526693377751835,1-2,1-4,0.15876553509647912,0.07817751381775269,0.08357391711605058,0.017519816791082683,0.025074840275374422,True,True,False,False,一般,2026-08-16,1号艇vs2号艇のcumulative差,-0.1248,1号艇のsession_exh_rel_avg,0.1224,1号艇vs4号艇のcumulative差,-0.0945,1号艇vs3号艇のcumulative差,-0.0687,1号艇の級別順位,-0.0677,2号艇のsession_exh_rel_avg,0.0681,2号艇の節間得点,0.0588,2号艇の全国勝率,0.0494,2号艇のモーター2連率,0.0425,6号艇の一般戦勝率,0.0381,4号艇のwin_rate_rank_2to6,0.0803,5号艇のracer_win_te,0.0641,4号艇のracer_win_te,0.0604,4号艇のclass_rank_2to6,0.0571,6号艇のvs_avg456_diff,-0.0536,0.0259,南東 3.9m/s,[逃げ]1号艇vs2号艇のcumulative差が不利(-12.5pt)、1号艇のsession_exh_rel_avgが有利(+12.2pt) / [2着]2号艇のsession_exh_rel_avgが有利(+6.8pt)、2号艇の節間得点が有利(+5.9pt) / [候補2]4号艇のwin_rate_rank_2to6が有利(+8.0pt)、5号艇のracer_win_teが有利(+6.4pt)、天気+2.6pt
147,06,浜名湖,1,11:31,0.4463507740704896,3,0.308347560815353,5,0.23589633412418748,0.24292368378940213,0.21962309453354956,0.32462080040599095,0.17890170238622055,0.26743281877437874,1-3,1-5,0.09802893824880617,0.13763117245268017,0.07293892898038125,0.10529251133672193,0.03245922804025876,True,True,False,False,一般,2026-08-16,1号艇のdominance,-0.1352,1号艇のsession_exh_rel_avg,-0.0834,6号艇の枠別出走数,-0.0623,1号艇の年齢,-0.0606,1号艇vs4号艇のcumulative差,-0.0519,6号艇の女子戦比率,0.1424,3号艇のcumulative_diff_rank_2to6,-0.0665,3号艇のwin_rate_rank_2to6,-0.0576,3号艇の直近複勝率,-0.0383,場特性:1x_diff_course3,-0.0338,5号艇のwin_rate_rank_2to6,0.185,5号艇のclass_rank_2to6,0.1242,5号艇のsession_exh_rel_avg,-0.0975,1号艇のsession_avg_finish,0.0756,5号艇のracer_avgfin_te,0.0664,-0.0318,南東 4.4m/s,[逃げ]1号艇のdominanceが不利(-13.5pt)、1号艇のsession_exh_rel_avgが不利(-8.3pt) / [2着]6号艇の女子戦比率が有利(+14.2pt)、3号艇のcumulative_diff_rank_2to6が不利(-6.6pt) / [候補2]5号艇のwin_rate_rank_2to6が有利(+18.5pt)、5号艇のclass_rank_2to6が有利(+12.4pt) / [除外]6号艇の女子戦比率が不利(-5.8pt)、2号艇のwin_rate_rank_2to6が不利(-5.8pt)、天気-3.2pt
148,22,福岡,5,14:08,0.3626201510960763,4,0.4044782139167613,2,0.28138680453657566,0.24870847662306225,0.2518550766037081,0.43400994184962893,0.1735422857047908,0.3042989161910322,1-4,1-2,0.10203652557749517,0.0913277259323505,0.14667195104556707,0.022335400095804342,0.00024854216544621275,True,True,False,False,一般戦,2026-08-16,1号艇のdominance,-0.2096,6号艇の枠別出走数,-0.1036,1号艇の級別順位,-0.0976,1号艇のvs_max234_diff,-0.0751,1号艇vs4号艇のcumulative差,-0.0689,4号艇のwin_rate_rank_2to6,0.232,4号艇のclass_rank_2to6,0.1979,4号艇の全国勝率,0.0808,4号艇の節間得点,0.078,4号艇のsession_exh_rel_avg,0.0701,2号艇の節間得点,0.0658,2号艇のsession_exh_rel_avg,0.0479,4号艇の一般戦勝率,-0.0395,2号艇のwin_rate_rank_2to6,-0.0362,1号艇の体重,-0.0312,0.0472,南東 1.9m/s,[逃げ]1号艇のdominanceが不利(-21.0pt)、6号艇の枠別出走数が不利(-10.4pt) / [2着]4号艇のwin_rate_rank_2to6が有利(+23.2pt)、4号艇のclass_rank_2to6が有利(+19.8pt) / [候補2]2号艇の節間得点が有利(+6.6pt)、2号艇のsession_exh_rel_avgが有利(+4.8pt) / [除外]6号艇の直近平均着順が不利(-25.9pt)、6号艇の全国勝率が不利(-17.1pt)、天気+4.7pt
149,09,津,6,12:50,0.2986057034271602,2,0.4128468373147195,3,0.32570022036413815,0.22053436367225474,0.18061532635065325,0.5579317313282044,0.1727361003928172,0.32175357396903964,1-2,1-3,0.12327842026404018,0.09725594340821456,0.053932766574662915,0.013928824677120472,0.010209746834532669,True,True,False,False,予選,2026-08-16,1号艇のdominance,-0.3605,1号艇の級別順位,-0.0921,1号艇の全国勝率,-0.076,2号艇のsession_exh_rel_avg,-0.0647,1号艇の年齢,-0.0638,勝率のレンジ(2-6号艇),0.1453,2号艇のwin_rate_rank_2to6,-0.1359,2号艇のsession_exh_rel_avg,0.1105,second_best_win_rate,-0.0592,2号艇の全国勝率,0.0494,3号艇のモーター2連率,0.1111,4号艇のモーター出走数,-0.05,3号艇のwin_rate_rank_2to6,0.045,6号艇のsession_exh_rel_avg,0.0351,3号艇の節間得点,0.0341,0.0054,南東 3.2m/s,[逃げ]1号艇のdominanceが不利(-36.1pt)、1号艇の級別順位が不利(-9.2pt) / [2着]勝率のレンジ(2-6号艇)が有利(+14.5pt)、2号艇のwin_rate_rank_2to6が不利(-13.6pt) / [候補2]3号艇のモーター2連率が有利(+11.1pt)、4号艇のモーター出走数が不利(-5.0pt) / [除外]5号艇の直近平均着順が不利(-13.6pt)、6号艇のsession_exh_rel_avgが不利(-8.7pt)、天気+0.5pt
150,02,戸田,2,11:16,0.27400503249555075,4,0.4799076532762576,2,0.29733314133078403,0.21296788918317014,0.15910084269877595,0.6181399519082658,0.17230784441898386,0.33451950800069885,1-4,1-2,0.08147077705234566,0.04359443157374761,0.13149711213082446,0.011356779578164385,0.006085924249669403,True,True,False,False,一般,2026-08-16,1号艇の年齢,-0.2801,1号艇のdominance,-0.2535,1号艇のsession_exh_rel_avg,-0.1363,1号艇の節間得点,0.1084,1号艇のvs_max234_diff,-0.1058,4号艇のclass_rank_2to6,0.2739,4号艇のwin_rate_rank_2to6,0.2237,4号艇の全国勝率,0.0924,3号艇の枠別平均ST,0.0577,4号艇のモーター2連率,-0.057,2号艇のsession_exh_rel_avg,0.1065,1号艇の年齢,-0.0897,1号艇vs2号艇のcumulative差,-0.0549,3号艇のモーター出走数,0.0505,2号艇のclass_rank_2to6,-0.0452,-0.0311,北 1.1m/s,[逃げ]1号艇の年齢が不利(-28.0pt)、1号艇のdominanceが不利(-25.4pt) / [2着]4号艇のclass_rank_2to6が有利(+27.4pt)、4号艇のwin_rate_rank_2to6が有利(+22.4pt) / [候補2]2号艇のsession_exh_rel_avgが有利(+10.6pt)、1号艇の年齢が不利(-9.0pt) / [除外]6号艇のvs_avg456_diffが不利(-6.4pt)、天気-3.1pt
151,09,津,3,11:24,0.32643923228921823,3,0.42957994371691677,5,0.21895353332254996,0.21170677035862084,0.17552836960571022,0.4730051074337565,0.1671141172759738,0.2900962714811615,1-3,1-5,0.05729934621906619,0.14023174703379587,0.038556565848215756,0.07147502332482497,0.018876548647234547,True,True,False,False,予選,2026-08-16,1号艇のdominance,-0.169,1号艇のracer_win_te,-0.1248,2号艇の平均ST,-0.0851,1号艇の級別順位,-0.0814,1号艇の全国勝率,-0.0779,3号艇のwin_rate_rank_2to6,0.1916,3号艇の当地勝率,0.068,2号艇のvs_boat3_diff,0.0569,3号艇のsession_exh_rel_avg,-0.0516,6号艇のsession_rank_diff_last,0.0514,5号艇のsession_exh_rel_avg,0.1018,1号艇のsession_avg_finish,0.0776,5号艇のracer_avgfin_te,0.0613,5号艇のwin_rate_rank_2to6,-0.0493,mean_234_全国勝率,0.0474,-0.0248,南東 4.3m/s,[逃げ]1号艇のdominanceが不利(-16.9pt)、1号艇のracer_win_teが不利(-12.5pt) / [2着]3号艇のwin_rate_rank_2to6が有利(+19.2pt)、3号艇の当地勝率が有利(+6.8pt) / [候補2]5号艇のsession_exh_rel_avgが有利(+10.2pt)、1号艇のsession_avg_finishが有利(+7.8pt) / [除外]6号艇のsession_exh_rel_avgが不利(-8.8pt)、2号艇のwin_rate_rank_2to6が不利(-6.1pt)、天気-2.5pt
152,02,戸田,8,14:16,0.3757647626950926,4,0.3696660374536922,2,0.28283663678059645,0.2451875125415608,0.26651694320240243,0.3859857310318862,0.1667715609167878,0.2874269780886584,1-4,1-2,0.10628004170133894,0.10014767591667223,0.13890747084022187,0.029862835700282708,0.0005667412268805857,True,True,False,False,一般,2026-08-16,場特性:in_escape_diff,-0.1278,1号艇の年齢,-0.125,1号艇のdominance,-0.1208,1号艇のracer_win_te,-0.1205,1号艇のsession_exh_rel_avg,-0.0883,4号艇のwin_rate_rank_2to6,0.2158,4号艇のclass_rank_2to6,0.207,4号艇のモーター2連率,-0.0835,3号艇のモーター2連率,-0.0639,1号艇のsession_rank_diff_delta,0.063,2号艇のwin_rate_rank_2to6,-0.1627,2号艇のsession_exh_rel_avg,-0.0991,2号艇の全国勝率,-0.092,2号艇の直近平均着順,-0.0479,1号艇のモーター2連率,0.0443,-0.031,南東 1.0m/s,[逃げ]場特性:in_escape_diffが不利(-12.8pt)、1号艇の年齢が不利(-12.5pt) / [2着]4号艇のwin_rate_rank_2to6が有利(+21.6pt)、4号艇のclass_rank_2to6が有利(+20.7pt) / [候補2]2号艇のwin_rate_rank_2to6が不利(-16.3pt)、2号艇のsession_exh_rel_avgが不利(-9.9pt) / [除外]6号艇の全国勝率が不利(-15.6pt)、6号艇の節間得点が不利(-13.1pt)、天気-3.1pt
153,17,宮島,4,12:07,0.21622028202722765,3,0.6222946826154894,2,0.20526187345517394,0.17893451194708004,0.09199990960507676,0.7355566464655865,0.15918016123784817,0.345921152302632,1-3,1-2,0.044381780167914824,0.13455273177916524,0.011958529842815023,0.019892246401289147,0.0054349934333017885,True,True,False,False,予選,2026-08-16,1号艇のdominance,-0.3355,1号艇の年齢,-0.2474,1号艇のracer_win_te,-0.1676,1号艇のvs_max234_diff,-0.1662,1号艇のsession_exh_rel_avg,-0.1014,3号艇のwin_rate_rank_2to6,0.2075,3号艇のsession_exh_rel_avg,0.0873,3号艇の当地勝率,0.0723,場特性:1x_diff_course3,0.067,3号艇の全国勝率,0.0664,1号艇の年齢,-0.1282,2号艇のsession_exh_rel_avg,-0.1171,3号艇の全国2連率,0.0566,2号艇のwin_rate_rank_2to6,-0.0555,5号艇のsession_rank_diff_delta,-0.0335,0.0639,南東 2.4m/s,[逃げ]1号艇のdominanceが不利(-33.5pt)、1号艇の年齢が不利(-24.7pt) / [2着]3号艇のwin_rate_rank_2to6が有利(+20.7pt)、3号艇のsession_exh_rel_avgが有利(+8.7pt) / [候補2]1号艇の年齢が不利(-12.8pt)、2号艇のsession_exh_rel_avgが不利(-11.7pt) / [除外]1号艇vs3号艇の直近複勝率差が不利(-10.0pt)、1号艇の体重が不利(-6.4pt)、天気+6.4pt
154,12,住之江,6,17:32,0.30778846363652873,3,0.47239088087455705,4,0.22014680744158172,0.21315511109721752,0.21196807472389162,0.4805696135922471,0.15893661687701618,0.2933794618457264,1-3,1-4,0.06524132805925952,0.14539646346028637,0.06775864763693117,0.029147524602060448,0.0002444984626551399,True,False,False,False,予選特別Ｂ戦,2026-08-16,1号艇のdominance,-0.2271,1号艇のsession_exh_rel_avg,-0.1671,6号艇の枠別出走数,-0.0866,1号艇の級別順位,-0.0795,1号艇のracer_win_te,-0.0776,3号艇のwin_rate_rank_2to6,0.1922,3号艇の全国勝率,0.1258,3号艇の当地勝率,0.0841,2号艇のvs_boat3_diff,0.0411,場特性:1x_diff_course3,0.0394,4号艇のclass_rank_2to6,0.1241,4号艇の全国勝率,0.1059,3号艇の女子戦2連率,-0.0839,4号艇の節間得点,-0.0664,4号艇のsession_exh_rel_avg,-0.0621,0.0545,東 1.6m/s,[逃げ]1号艇のdominanceが不利(-22.7pt)、1号艇のsession_exh_rel_avgが不利(-16.7pt) / [2着]3号艇のwin_rate_rank_2to6が有利(+19.2pt)、3号艇の全国勝率が有利(+12.6pt) / [候補2]4号艇のclass_rank_2to6が有利(+12.4pt)、4号艇の全国勝率が有利(+10.6pt) / [除外]6号艇の直近平均着順が不利(-25.8pt)、6号艇の全国勝率が不利(-16.1pt)、天気+5.5pt
155,10,三国,4,09:50,0.29759281133533516,2,0.42413393284275436,3,0.29926310790031796,0.21527775906639288,0.2267406343113158,0.4966564064317565,0.15670310029379383,0.29969135327600194,1-2,1-3,0.12621920945738752,0.08905854960900537,0.06747638280866163,0.014674392798177874,0.00016426824352260323,False,False,True,False,みくにあさ推,2026-08-16,1号艇vs3号艇のcumulative差,-0.1202,1号艇のracer_win_te,-0.1085,1号艇vs2号艇のcumulative差,-0.0992,1号艇の平均ST,-0.0959,1号艇のdominance,-0.0944,2号艇のsession_exh_rel_avg,0.0455,2号艇の全国勝率,0.0429,1号艇vs6号艇のcumulative差,0.0375,6号艇のsession_avg_finish,0.0373,1号艇vs2号艇のcumulative差,0.0354,3号艇のwin_rate_rank_2to6,0.0718,3号艇の節間得点,0.0498,3号艇のcumulative_diff_rank_2to6,0.0386,3号艇の全国勝率,0.0323,3号艇のclass_rank_2to6,0.0316,0.0179,東 2.4m/s,[逃げ]1号艇vs3号艇のcumulative差が不利(-12.0pt)、1号艇のracer_win_teが不利(-10.9pt) / [2着]2号艇のsession_exh_rel_avgが有利(+4.6pt)、2号艇の全国勝率が有利(+4.3pt) / [候補2]3号艇のwin_rate_rank_2to6が有利(+7.2pt)、3号艇の節間得点が有利(+5.0pt) / [除外]6号艇の直近平均着順が不利(-26.1pt)、6号艇の全国勝率が不利(-16.2pt)、天気+1.8pt
156,07,蒲郡,1,15:25,0.24735798997147118,2,0.58461956287142,3,0.18753454169744488,0.1909984872543756,0.15804063657082493,0.61411346799804,0.15477586024268025,0.3179329814774749,1-2,1-3,0.14461031996987458,0.046388167284501014,0.039092614195971036,0.01694300818092772,0.0003238759631653121,True,False,False,False,一般戦,2026-08-16,1号艇のsession_exh_rel_avg,-0.173,1号艇のracer_win_te,-0.1582,1号艇の直近1着率,-0.1189,1号艇のsession_exh_rel_last,-0.1155,ST差分(4-3),-0.0948,2号艇のwin_rate_rank_2to6,0.1507,2号艇のsession_exh_rel_avg,0.0716,全艇平均勝率,0.0408,3号艇の一般戦2連率,0.0382,1号艇のモーター出走数,0.0373,3号艇の節間得点,-0.1213,3号艇のsession_exh_rel_avg,-0.115,3号艇のcumulative_diff_rank_2to6,-0.0481,3号艇のwin_rate_rank_2to6,0.0474,1号艇のsession_exh_rel_avg,0.0408,-0.0635,南東 4.7m/s,[逃げ]1号艇のsession_exh_rel_avgが不利(-17.3pt)、1号艇のracer_win_teが不利(-15.8pt) / [2着]2号艇のwin_rate_rank_2to6が有利(+15.1pt)、2号艇のsession_exh_rel_avgが有利(+7.2pt) / [候補2]3号艇の節間得点が不利(-12.1pt)、3号艇のsession_exh_rel_avgが不利(-11.5pt) / [除外]6号艇の直近平均着順が不利(-22.9pt)、6号艇の全国勝率が不利(-16.6pt)、天気-6.4pt
157,11,琵琶湖,4,12:12,0.2147290517577602,2,0.4376005714150729,3,0.3711501513960561,0.17366227581763688,0.09567491295297716,0.7130758098581519,0.1537241280711549,0.3354863360297914,1-2,1-3,0.09396555574861262,0.07969672006902427,0.020544183335399032,0.0169224160935834,0.0036001723115186117,True,True,False,False,予選,2026-08-16,1号艇のdominance,-0.345,1号艇のracer_win_te,-0.2533,1号艇のvs_max234_diff,-0.1661,1号艇の年齢,0.1367,1号艇の全国2連率,-0.1027,2号艇のwin_rate_rank_2to6,0.175,2号艇のclass_rank_2to6,0.0777,2号艇のracer_avgfin_te,0.065,2号艇のsession_exh_rel_avg,0.0647,1号艇vs2号艇のplace_rate差,-0.0588,1号艇の一般戦2連率,0.0488,3号艇のwin_rate_rank_2to6,-0.0488,5号艇の直近1着率,0.0426,3号艇のモーター2連率,0.0423,3号艇の節間得点,0.0405,0.0289,南東 2.2m/s,[逃げ]1号艇のdominanceが不利(-34.5pt)、1号艇のracer_win_teが不利(-25.3pt) / [2着]2号艇のwin_rate_rank_2to6が有利(+17.5pt)、2号艇のclass_rank_2to6が有利(+7.8pt) / [候補2]1号艇の一般戦2連率が有利(+4.9pt)、3号艇のwin_rate_rank_2to6が不利(-4.9pt) / [除外]1号艇vs5号艇の級別差が不利(-9.0pt)、6号艇のwin_rate_rank_2to6が不利(-6.7pt)、天気+2.9pt
158,14,鳴門,3,09:32,0.40307748904447716,3,0.2518239634548533,4,0.24623168769516263,0.20075502126996048,0.22373252894728188,0.274323122202734,0.14685650694084812,0.22282545154979255,1-3,1-4,0.06315738776903101,0.10150457087061045,0.09925045039935003,0.04898354152774779,0.09018154598564118,False,False,True,False,予選,2026-08-16,1号艇のdominance,-0.2137,場特性:in_escape_diff,-0.1527,1号艇の年齢,-0.0857,1号艇の級別順位,-0.0782,風速区分,-0.0733,3号艇のwin_rate_rank_2to6,-0.1048,6号艇のracer_2nd_te,-0.055,3号艇のcumulative_diff_rank_2to6,0.0485,1号艇vs2号艇のlocal_win_rate差,-0.0462,3号艇のモーター2連率,0.0429,4号艇のclass_rank_2to6,0.0969,4号艇のwin_rate_rank_2to6,0.0642,1号艇vs6号艇の級別差,-0.0511,1号艇の級別,-0.0447,4号艇のモーター2連率,-0.0383,-0.0746,南東 7.0m/s,[逃げ]1号艇のdominanceが不利(-21.4pt)、場特性:in_escape_diffが不利(-15.3pt) / [2着]3号艇のwin_rate_rank_2to6が不利(-10.5pt)、6号艇のracer_2nd_teが不利(-5.5pt) / [候補2]4号艇のclass_rank_2to6が有利(+9.7pt)、4号艇のwin_rate_rank_2to6が有利(+6.4pt) / [除外]2号艇のwin_rate_rank_2to6が不利(-6.4pt)、天気-7.5pt
159,04,平和島,1,11:55,0.2617604654202243,2,0.3910835607714712,3,0.29209466058406214,0.17882904918698542,0.18180479620301315,0.5013734251525201,0.1398146745758432,0.2755923619766458,1-2,1-3,0.10237021488573887,0.07645883430124654,0.04758930806972975,0.03396675519103811,0.00137535346003788,True,True,False,False,一般,2026-08-16,1号艇のsession_exh_rel_avg,-0.2971,1号艇のracer_win_te,-0.2549,場特性:in_escape_diff,-0.1419,1号艇の級別順位,-0.0951,1号艇のsession_exh_rel_last,-0.0807,2号艇のsession_exh_rel_avg,-0.1308,2号艇のclass_rank_2to6,0.0477,2号艇の全国勝率,0.0459,6号艇のracer_2nd_te,-0.0447,1号艇の枠別勝率,0.0396,3号艇のsession_exh_rel_avg,-0.0861,3号艇のwin_rate_rank_2to6,-0.0756,1号艇のsession_exh_rel_avg,0.0505,3号艇の全国勝率,-0.0491,3号艇の当地勝率,0.0432,-0.0515,北 2.5m/s,[逃げ]1号艇のsession_exh_rel_avgが不利(-29.7pt)、1号艇のracer_win_teが不利(-25.5pt) / [2着]2号艇のsession_exh_rel_avgが不利(-13.1pt)、2号艇のclass_rank_2to6が有利(+4.8pt) / [候補2]3号艇のsession_exh_rel_avgが不利(-8.6pt)、3号艇のwin_rate_rank_2to6が不利(-7.6pt) / [除外]6号艇の全国勝率が不利(-18.0pt)、6号艇の直近平均着順が不利(-15.5pt)、天気-5.1pt
160,05,多摩川,6,14:04,0.1927441160887681,3,0.4376439556677272,2,0.3371947533135145,0.14934560207395164,0.12333551888664993,0.6515031900945917,0.12724206128367568,0.29999287848014367,1-3,1-2,0.06499230467718356,0.08435329739676808,0.017767884192448867,0.023772195570156904,0.001858428687495333,True,True,False,False,予選,2026-08-16,1号艇のdominance,-0.3452,1号艇のvs_max234_diff,-0.1333,5号艇のsession_exh_rel_avg,-0.1137,3号艇の直近1着率,-0.0961,1号艇の級別順位,-0.0891,3号艇のwin_rate_rank_2to6,0.1693,3号艇のsession_exh_rel_avg,0.0918,3号艇の当地勝率,0.0815,3号艇の全国勝率,0.07,1号艇のvs_max234_diff,-0.0582,2号艇のsession_exh_rel_avg,-0.0836,2号艇のclass_rank_2to6,0.0659,2号艇の全国勝率,0.057,2号艇のsession_rank_diff_delta,-0.0525,2号艇のwin_rate_rank_2to6,0.0488,0.0085,南東 1.8m/s,[逃げ]1号艇のdominanceが不利(-34.5pt)、1号艇のvs_max234_diffが不利(-13.3pt) / [2着]3号艇のwin_rate_rank_2to6が有利(+16.9pt)、3号艇のsession_exh_rel_avgが有利(+9.2pt) / [候補2]2号艇のsession_exh_rel_avgが不利(-8.4pt)、2号艇のclass_rank_2to6が有利(+6.6pt) / [除外]1号艇vs3号艇の直近複勝率差が不利(-7.4pt)、6号艇のwin_rate_rank_2to6が不利(-7.2pt)、天気+0.9pt
161,17,宮島,2,11:14,0.23881269884123246,3,0.41934813239919766,2,0.2915079002652868,0.16976144764817683,0.21362300758806602,0.49723302507641837,0.12624350642524776,0.2680029208766493,1-3,1-2,0.06961578839589395,0.10014565925228287,0.05101588697668712,0.007943934337515054,0.010091433882263271,True,True,False,False,予選,2026-08-16,1号艇のdominance,-0.1519,1号艇の年齢,-0.1053,1号艇の直近1着率,-0.0896,1号艇のsession_exh_rel_avg,-0.0892,1号艇の級別順位,-0.0704,3号艇のwin_rate_rank_2to6,0.1971,3号艇の当地勝率,0.0953,3号艇のclass_rank_2to6,0.0392,3号艇のモーター2連率,0.0392,3号艇のcumulative_diff_rank_2to6,-0.0378,2号艇のwin_rate_rank_2to6,-0.1212,2号艇のsession_exh_rel_avg,0.0956,2号艇の全国勝率,0.0486,4号艇のracer_2nd_te,-0.0394,6号艇の一般戦勝率,-0.0322,0.0677,南東 2.4m/s,[逃げ]1号艇のdominanceが不利(-15.2pt)、1号艇の年齢が不利(-10.5pt) / [2着]3号艇のwin_rate_rank_2to6が有利(+19.7pt)、3号艇の当地勝率が有利(+9.5pt) / [候補2]2号艇のwin_rate_rank_2to6が不利(-12.1pt)、2号艇のsession_exh_rel_avgが有利(+9.6pt)、天気+6.8pt
162,05,多摩川,2,12:05,0.24521106007890411,3,0.32020799727232874,2,0.3088652920651487,0.15425572814576602,0.16486018764462174,0.4642131016928557,0.12373897420092353,0.2472429402098929,1-3,1-2,0.07573718568887544,0.07851854245689056,0.04042554137714475,0.03450629814469843,0.016023496065224463,True,True,False,False,予選,2026-08-16,1号艇のdominance,-0.3593,1号艇のracer_win_te,-0.199,1号艇のsession_exh_rel_avg,-0.1637,1号艇の年齢,0.1033,1号艇の体重,-0.0999,3号艇のsession_exh_rel_avg,-0.115,3号艇の年齢,-0.1001,6号艇のracer_2nd_te,-0.0839,3号艇のwin_rate_rank_2to6,0.0649,3号艇の当地勝率,0.0612,2号艇のwin_rate_rank_2to6,-0.1659,2号艇の全国勝率,-0.1302,2号艇の全国2連率,-0.1093,2号艇のracer_win_te,-0.0552,4号艇の年齢,0.0549,0.0149,北 1.9m/s,[逃げ]1号艇のdominanceが不利(-35.9pt)、1号艇のracer_win_teが不利(-19.9pt) / [2着]3号艇のsession_exh_rel_avgが不利(-11.5pt)、3号艇の年齢が不利(-10.0pt) / [候補2]2号艇のwin_rate_rank_2to6が不利(-16.6pt)、2号艇の全国勝率が不利(-13.0pt) / [除外]5号艇の直近平均着順が不利(-18.0pt)、win_rate_range_1to6が不利(-5.3pt)、天気+1.5pt
163,09,津,4,11:53,0.1765710079563806,2,0.6250830254462947,4,0.14134197633462509,0.13532843508742778,0.13292501633445242,0.6334999854464674,0.11374219375401312,0.28477990019513966,1-2,1-4,0.11037153985947615,0.023470704116792616,0.024956895227951643,0.008642891049470726,0.009128980991580772,True,True,False,False,予選,2026-08-16,1号艇の年齢,-0.7488,1号艇の級別順位,-0.0801,1号艇の勝率順位,-0.0689,1号艇vs4号艇の枠別平均ST差,-0.0638,1号艇のモーター2連率順位,-0.063,2号艇の当地勝率,0.351,2号艇のwin_rate_rank_2to6,0.1646,2号艇のclass_rank_2to6,0.0936,2号艇の全国勝率,0.0629,6号艇のsession_exh_rel_last,-0.0623,1号艇の年齢,-0.1173,4号艇のwin_rate_rank_2to6,-0.0743,4号艇のsession_exh_rel_avg,0.0672,4号艇のclass_rank_2to6,0.0584,4号艇のモーター2連率,0.05,-0.0168,南東 4.2m/s,[逃げ]1号艇の年齢が不利(-74.9pt)、1号艇の級別順位が不利(-8.0pt) / [2着]2号艇の当地勝率が有利(+35.1pt)、2号艇のwin_rate_rank_2to6が有利(+16.5pt) / [候補2]1号艇の年齢が不利(-11.7pt)、4号艇のwin_rate_rank_2to6が不利(-7.4pt)、天気-1.7pt
164,05,多摩川,3,12:31,0.21963413310753244,2,0.40948702460389985,4,0.27436974098350764,0.15019828787951126,0.20709977335653337,0.4767569922308741,0.1128710502254479,0.2481658991849201,1-2,1-4,0.08993732766766036,0.04548617918792865,0.060260960211850914,0.01802096381543805,0.005928700997353118,True,True,False,False,予選,2026-08-16,1号艇のdominance,-0.1741,6号艇の年齢,-0.1425,6号艇の枠別出走数,-0.1355,1号艇の級別順位,-0.1071,1号艇のvs_max234_diff,-0.076,2号艇のwin_rate_rank_2to6,0.2099,2号艇のsession_exh_rel_avg,0.0823,2号艇の当地勝率,0.0791,2号艇のclass_rank_2to6,0.0731,2号艇の全国勝率,0.056,4号艇の一般戦2連率,0.1672,4号艇のclass_rank_2to6,0.1087,6号艇の年齢,-0.0763,4号艇のracer_2nd_te,0.0728,4号艇のwin_rate_rank_2to6,0.0709,0.0335,北 1.8m/s,[逃げ]1号艇のdominanceが不利(-17.4pt)、6号艇の年齢が不利(-14.3pt) / [2着]2号艇のwin_rate_rank_2to6が有利(+21.0pt)、2号艇のsession_exh_rel_avgが有利(+8.2pt) / [候補2]4号艇の一般戦2連率が有利(+16.7pt)、4号艇のclass_rank_2to6が有利(+10.9pt) / [除外]6号艇のwin_rate_rank_2to6が不利(-7.5pt)、天気+3.4pt
165,09,津,2,10:56,0.21736695771648953,2,0.46532179956267006,5,0.20122776488426183,0.14488585099108076,0.19213297353634964,0.4744165909105823,0.11148103174196777,0.2437450729669312,1-2,1-5,0.10114558393009972,0.04176335993461912,0.030400077811463082,0.04374026706098104,0.0003176709024947351,False,False,True,False,予選,2026-08-16,1号艇のdominance,-0.2255,1号艇の年齢,-0.1997,1号艇のracer_win_te,-0.1914,1号艇の級別順位,-0.1054,6号艇の枠別出走数,-0.101,2号艇のwin_rate_rank_2to6,0.1826,2号艇の枠別出走数,-0.1055,1号艇vs2号艇のplace_rate差,-0.0874,2号艇のsession_exh_rel_avg,0.0794,2号艇のclass_rank_2to6,0.0744,5号艇のwin_rate_rank_2to6,0.1694,5号艇のclass_rank_2to6,0.1514,5号艇のsession_exh_rel_avg,0.1333,2号艇のracer_2nd_te,-0.1011,1号艇vs5号艇のlocal_win_rate差,0.0635,-0.003,南東 4.2m/s,[逃げ]1号艇のdominanceが不利(-22.5pt)、1号艇の年齢が不利(-20.0pt) / [2着]2号艇のwin_rate_rank_2to6が有利(+18.3pt)、2号艇の枠別出走数が不利(-10.6pt) / [候補2]5号艇のwin_rate_rank_2to6が有利(+16.9pt)、5号艇のclass_rank_2to6が有利(+15.1pt) / [除外]6号艇の直近平均着順が不利(-27.8pt)、6号艇の全国勝率が不利(-15.4pt)、天気影響ほぼなし
166,07,蒲郡,4,16:44,0.267450445951815,4,0.29112340172919887,3,0.28516168188482927,0.1541277026079508,0.2650476947354933,0.3112373888785348,0.10510627188261276,0.201260608489126,1-4,1-3,0.0708871241555082,0.07626661898846719,0.07786108361948363,0.03772341991181185,0.004712202016453153,True,False,False,False,一般戦,2026-08-16,2号艇のsession_exh_rel_avg,-0.1877,1号艇のdominance,-0.1497,1号艇のsession_exh_rel_avg,-0.1416,1号艇の級別順位,-0.106,1号艇の節間得点,-0.0836,2号艇のsession_exh_rel_avg,0.2017,4号艇のclass_rank_2to6,0.1151,4号艇のモーター2連率,-0.076,4号艇のwin_rate_rank_2to6,0.0696,2号艇のsession_exh_rel_last,0.0512,1号艇vs3号艇のcumulative差,0.1309,3号艇のwin_rate_rank_2to6,-0.1112,3号艇のracer_avgfin_te,-0.0644,3号艇の全国勝率,-0.0473,3号艇の節間得点,0.046,-0.0195,南東 4.3m/s,[逃げ]2号艇のsession_exh_rel_avgが不利(-18.8pt)、1号艇のdominanceが不利(-15.0pt) / [2着]2号艇のsession_exh_rel_avgが有利(+20.2pt)、4号艇のclass_rank_2to6が有利(+11.5pt) / [候補2]1号艇vs3号艇のcumulative差が有利(+13.1pt)、3号艇のwin_rate_rank_2to6が不利(-11.1pt) / [除外]6号艇のwin_rate_rank_2to6が不利(-7.1pt)、6号艇のvs_avg456_diffが不利(-7.1pt)、天気-2.0pt
167,14,鳴門,6,10:54,0.24127472747937756,2,0.3606248633529148,5,0.2111497786580845,0.13795477093082253,0.19925542489783982,0.37251921711315955,0.10496888713261629,0.20832410478552363,1-2,1-5,0.0870096656277623,0.048075298341013886,0.047220987806390904,0.050945105303060234,0.008023664109421432,False,False,True,False,予選,2026-08-16,1号艇のdominance,-0.2368,場特性:in_escape_diff,-0.1179,1号艇のvs_max234_diff,-0.0924,風速区分,-0.0873,1号艇の年齢,-0.0852,2号艇のclass_rank_2to6,0.0742,3号艇のracer_win_te,0.0653,2号艇の全国勝率,0.0611,2号艇のwin_rate_rank_2to6,0.0603,2号艇のモーター2連率,-0.0527,5号艇のwin_rate_rank_2to6,0.2394,5号艇のclass_rank_2to6,0.117,3号艇の一般戦2連率,0.0898,1号艇の直近平均着順,-0.0518,5号艇のracer_avgfin_te,0.046,-0.0737,南東 6.9m/s,[逃げ]1号艇のdominanceが不利(-23.7pt)、場特性:in_escape_diffが不利(-11.8pt) / [2着]2号艇のclass_rank_2to6が有利(+7.4pt)、3号艇のracer_win_teが有利(+6.5pt) / [候補2]5号艇のwin_rate_rank_2to6が有利(+23.9pt)、5号艇のclass_rank_2to6が有利(+11.7pt) / [除外]6号艇のvs_avg456_diffが不利(-5.9pt)、天気-7.4pt
168,05,多摩川,1,11:33,0.2958533547321722,2,0.24207492457230476,3,0.22463543132542393,0.13807782448058908,0.20528832275066058,0.26142203314706813,0.1040629064845728,0.1750810870805328,1-2,1-3,0.07161867853125391,0.06645914594933516,0.06073523897312385,0.05958720039031277,0.0374530886838673,True,True,False,False,予選,2026-08-16,1号艇のdominance,-0.3747,1号艇のracer_win_te,-0.2398,1号艇の年齢,0.1246,1号艇の直近1着率,-0.1037,2号艇のsession_exh_rel_avg,-0.0958,2号艇のwin_rate_rank_2to6,-0.1532,2号艇のsession_exh_rel_avg,0.1122,2号艇の全国勝率,-0.0727,1号艇vs6号艇の直近複勝率差,-0.0564,2号艇のclass_rank_2to6,-0.0543,3号艇のsession_exh_rel_avg,-0.0753,3号艇のwin_rate_rank_2to6,-0.0613,3号艇のracer_2nd_te,-0.0609,風向(度),0.0506,5号艇の一般戦2連率,-0.0442,-0.0217,北 2.0m/s,[逃げ]1号艇のdominanceが不利(-37.5pt)、1号艇のracer_win_teが不利(-24.0pt) / [2着]2号艇のwin_rate_rank_2to6が不利(-15.3pt)、2号艇のsession_exh_rel_avgが有利(+11.2pt) / [候補2]3号艇のsession_exh_rel_avgが不利(-7.5pt)、3号艇のwin_rate_rank_2to6が不利(-6.1pt) / [除外]4号艇のwin_rate_rank_2to6が不利(-5.2pt)、天気-2.2pt
169,11,琵琶湖,7,13:40,0.17374078404494603,2,0.4985044385461045,3,0.26112345841579115,0.13197834640057324,0.1819779021276559,0.5776499948342397,0.10315777527546917,0.26567984093067315,1-2,1-3,0.08661055200288581,0.045367794397687414,0.00978555316579096,0.03161698339451339,0.00035990120542498646,True,True,False,False,予選,2026-08-16,1号艇のdominance,-0.4131,1号艇の年齢,-0.1666,1号艇のsession_exh_rel_avg,-0.1657,1号艇のvs_max234_diff,-0.1619,1号艇のracer_win_te,-0.1114,2号艇のwin_rate_rank_2to6,0.2407,2号艇のclass_rank_2to6,0.1095,2号艇の当地勝率,0.1051,2号艇のracer_2nd_te,0.073,2号艇の全国勝率,0.0704,5号艇のsession_exh_rel_delta,0.1909,3号艇のモーター2連率,0.1307,3号艇のwin_rate_rank_2to6,-0.0973,6号艇の年齢,0.0819,1号艇のvs_max234_diff,-0.0601,0.0529,東 1.5m/s,[逃げ]1号艇のdominanceが不利(-41.3pt)、1号艇の年齢が不利(-16.7pt) / [2着]2号艇のwin_rate_rank_2to6が有利(+24.1pt)、2号艇のclass_rank_2to6が有利(+11.0pt) / [候補2]5号艇のsession_exh_rel_deltaが有利(+19.1pt)、3号艇のモーター2連率が有利(+13.1pt) / [除外]6号艇の全国勝率が不利(-15.7pt)、6号艇の直近平均着順が不利(-12.6pt)、天気+5.3pt
170,12,住之江,3,16:02,0.20090298638381043,2,0.4603568318046981,3,0.21168952760420806,0.13501612059361684,0.19802444860879373,0.47402191080011236,0.1029323291929976,0.23671785765556547,1-2,1-3,0.09248706231175337,0.04252905828186347,0.025079142072508415,0.039783703102514056,0.0010240190715508567,True,False,False,False,予選,2026-08-16,1号艇のdominance,-0.2301,1号艇のracer_win_te,-0.1473,6号艇の枠別出走数,-0.1278,1号艇の級別順位,-0.0911,1号艇vs2号艇のcumulative差,-0.0827,2号艇のsession_exh_rel_avg,0.0878,1号艇vs2号艇のplace_rate差,-0.0783,2号艇のclass_rank_2to6,0.0669,2号艇のracer_avgfin_te,0.0611,2号艇のwin_rate_rank_2to6,0.0504,3号艇のwin_rate_rank_2to6,-0.0755,3号艇の当地勝率,-0.0663,3号艇のracer_2nd_te,-0.0577,3号艇の全国勝率,0.0526,3号艇のracer_avgfin_te,-0.0471,0.0278,東 2.1m/s,[逃げ]1号艇のdominanceが不利(-23.0pt)、1号艇のracer_win_teが不利(-14.7pt) / [2着]2号艇のsession_exh_rel_avgが有利(+8.8pt)、1号艇vs2号艇のplace_rate差が不利(-7.8pt) / [候補2]3号艇のwin_rate_rank_2to6が不利(-7.5pt)、3号艇の当地勝率が不利(-6.6pt) / [除外]6号艇のvs_avg456_diffが不利(-10.1pt)、6号艇のwin_rate_rank_2to6が不利(-7.1pt)、天気+2.8pt
171,10,三国,6,10:50,0.1630715182039927,2,0.4640036506800063,3,0.22701205977626404,0.11268498100691465,0.21997831576262167,0.47103739469364875,0.08293907820654173,0.22019070511293487,1-2,1-3,0.07566577976858373,0.037019201238330926,0.035872197923368015,0.005423641813782042,0.009090698371161112,False,False,True,False,予選,2026-08-16,1号艇のdominance,-0.4028,1号艇のracer_win_te,-0.2324,1号艇のvs_max234_diff,-0.1633,1号艇のsession_exh_rel_avg,-0.1084,1号艇の級別順位,-0.1046,2号艇のwin_rate_rank_2to6,0.1871,1号艇vs2号艇のplace_rate差,-0.0804,2号艇の全国勝率,0.065,1号艇のracer_avgfin_te,-0.0514,2号艇のracer_avgfin_te,0.0471,3号艇のwin_rate_rank_2to6,-0.1455,3号艇のsession_exh_rel_avg,0.081,1号艇のvs_max234_diff,-0.0596,3号艇のcumulative_diff_rank_2to6,-0.0513,3号艇の節間得点,-0.0461,0.0612,東 3.0m/s,[逃げ]1号艇のdominanceが不利(-40.3pt)、1号艇のracer_win_teが不利(-23.2pt) / [2着]2号艇のwin_rate_rank_2to6が有利(+18.7pt)、1号艇vs2号艇のplace_rate差が不利(-8.0pt) / [候補2]3号艇のwin_rate_rank_2to6が不利(-14.6pt)、3号艇のsession_exh_rel_avgが有利(+8.1pt) / [除外]5号艇のracer_avgfin_teが不利(-5.3pt)、天気+6.1pt
172,12,住之江,2,15:38,0.12692749647160712,2,0.4061927239891562,3,0.32018156694037453,0.09219687024902413,0.20215020858401037,0.5242240823455204,0.06983173038706433,0.221805033877973,1-2,1-3,0.0515570255409261,0.040639844708098026,0.02565841988678162,0.007128821005616767,0.0019433850937637146,True,False,False,False,予選,2026-08-16,1号艇のdominance,-0.3679,1号艇のracer_win_te,-0.2446,3号艇のracer_win_te,-0.1704,1号艇のvs_max234_diff,-0.1291,1号艇の級別順位,-0.0899,2号艇のracer_avgfin_te,0.0827,2号艇のsession_exh_rel_avg,0.0772,2号艇のclass_rank_2to6,0.0614,2号艇の全国勝率,0.0573,2号艇のwin_rate_rank_2to6,0.0557,3号艇のwin_rate_rank_2to6,0.1597,3号艇のsession_exh_rel_avg,0.083,1号艇のvs_max234_diff,-0.0659,3号艇のracer_win_te,0.0398,3号艇の全国勝率,0.0377,0.03,東 2.3m/s,[逃げ]1号艇のdominanceが不利(-36.8pt)、1号艇のracer_win_teが不利(-24.5pt) / [2着]2号艇のracer_avgfin_teが有利(+8.3pt)、2号艇のsession_exh_rel_avgが有利(+7.7pt) / [候補2]3号艇のwin_rate_rank_2to6が有利(+16.0pt)、3号艇のsession_exh_rel_avgが有利(+8.3pt) / [除外]1号艇vs3号艇の直近複勝率差が不利(-10.9pt)、6号艇のsession_exh_rel_avgが不利(-5.9pt)、天気+3.0pt
173,04,平和島,2,12:24,0.14294708233946452,2,0.3679796238953763,5,0.22627501401281386,0.08494696665567072,0.18414969915790103,0.4101049387502891,0.06617541663084911,0.18249435828405622,1-2,1-5,0.05260161359621754,0.026323662208312098,0.01846414974053013,0.03234535305945319,0.013212302669912815,True,True,False,False,一般,2026-08-16,1号艇のdominance,-0.3655,1号艇のracer_win_te,-0.2847,1号艇のsession_exh_rel_avg,-0.1954,1号艇の全国2連率,-0.1728,1号艇のvs_max234_diff,-0.1561,2号艇のsession_exh_rel_avg,-0.0826,1号艇の体重,-0.0566,1号艇の直近複勝率,0.0513,2号艇の全国勝率,0.0501,1号艇vs5号艇の直近複勝率差,0.0369,5号艇のwin_rate_rank_2to6,0.1712,1号艇vs6号艇のplace_rate差,0.1352,5号艇のclass_rank_2to6,0.1068,5号艇の年齢,-0.0861,5号艇の節間得点,0.083,-0.0747,北 1.6m/s,[逃げ]1号艇のdominanceが不利(-36.5pt)、1号艇のracer_win_teが不利(-28.5pt) / [2着]2号艇のsession_exh_rel_avgが不利(-8.3pt)、1号艇の体重が不利(-5.7pt) / [候補2]5号艇のwin_rate_rank_2to6が有利(+17.1pt)、1号艇vs6号艇のplace_rate差が有利(+13.5pt) / [除外]3号艇のwin_rate_rank_2to6が不利(-5.7pt)、win_rate_range_1to6が不利(-5.6pt)、天気-7.5pt
174,12,住之江,4,16:25,0.10302133080161788,2,0.5445610793788643,3,0.18552269827559528,0.07521420237063492,0.18031651017682615,0.5497672674776335,0.05893936738598718,0.21758012190273449,1-2,1-3,0.056101407100376074,0.019112795270258845,0.018576446843920104,0.008729236039760106,0.0005014453314240397,True,False,False,False,予選,2026-08-16,1号艇のdominance,-0.279,1号艇のsession_exh_rel_avg,-0.178,1号艇のvs_max234_diff,-0.1543,1号艇vs2号艇のcumulative差,-0.1524,6号艇の枠別出走数,-0.1134,2号艇のsession_exh_rel_avg,0.097,4号艇のsession_rank_diff_last,0.0915,2号艇の節間得点,0.0608,2号艇のwin_rate_rank_2to6,0.0578,2号艇の全国勝率,0.0552,3号艇のsession_exh_rel_avg,-0.1553,3号艇のwin_rate_rank_2to6,-0.0697,3号艇の当地勝率,-0.0643,3号艇の節間得点,0.0464,3号艇の全国勝率,0.0389,0.0147,東 2.2m/s,[逃げ]1号艇のdominanceが不利(-27.9pt)、1号艇のsession_exh_rel_avgが不利(-17.8pt) / [2着]2号艇のsession_exh_rel_avgが有利(+9.7pt)、4号艇のsession_rank_diff_lastが有利(+9.1pt) / [候補2]3号艇のsession_exh_rel_avgが不利(-15.5pt)、3号艇のwin_rate_rank_2to6が不利(-7.0pt) / [除外]6号艇のvs_avg456_diffが不利(-8.7pt)、6号艇のwin_rate_rank_2to6が不利(-7.5pt)、天気+1.5pt
175,04,平和島,7,14:58,0.07709408301025039,2,0.6840844480010768,4,0.14490168400841058,0.06390992567548581,0.11385792112313964,0.7151282108863477,0.0551779441436316,0.25927541123874437,1-2,1-4,0.052738863220216335,0.00877777202244187,0.011171062455269477,0.002125168927914762,0.0022812162408090363,True,True,False,False,一般,2026-08-16,1号艇のdominance,-0.3439,2号艇のsession_exh_rel_avg,-0.2899,3号艇の平均ST,-0.2298,1号艇のracer_win_te,-0.219,1号艇の女子戦比率,-0.1785,2号艇のwin_rate_rank_2to6,0.2043,2号艇のsession_exh_rel_avg,0.1499,1号艇vs2号艇のplace_rate差,-0.0975,2号艇のclass_rank_2to6,0.0894,2号艇の一般戦勝率,-0.0764,4号艇のsession_exh_rel_avg,-0.1552,4号艇のclass_rank_2to6,0.1305,4号艇の節間得点,-0.1149,4号艇のwin_rate_rank_2to6,0.0611,3号艇の平均ST,0.0569,-0.0144,南東 2.6m/s,[逃げ]1号艇のdominanceが不利(-34.4pt)、2号艇のsession_exh_rel_avgが不利(-29.0pt) / [2着]2号艇のwin_rate_rank_2to6が有利(+20.4pt)、2号艇のsession_exh_rel_avgが有利(+15.0pt) / [候補2]4号艇のsession_exh_rel_avgが不利(-15.5pt)、4号艇のclass_rank_2to6が有利(+13.1pt) / [除外]6号艇のwin_rate_rank_2to6が不利(-8.4pt)、6号艇の直近平均着順が不利(-6.1pt)、天気-1.4pt
176,14,鳴門,7,11:27,0.13373695020883564,3,0.3260611773049924,5,0.24842463743371906,0.07682998080139343,0.24351975256782854,0.330966062170883,0.05437843930393782,0.15307080521224029,1-3,1-5,0.03256758902403166,0.043606427434272094,0.021763956048202738,0.03322355336712133,0.0025754229651331595,True,True,False,False,予選,2026-08-16,1号艇のdominance,-0.4148,1号艇のvs_max234_diff,-0.169,1号艇のracer_win_te,-0.1521,場特性:in_escape_diff,-0.1354,1号艇の直近1着率,-0.112,3号艇のwin_rate_rank_2to6,0.0961,1号艇のvs_max234_diff,-0.0735,2号艇のvs_boat3_diff,0.0421,3号艇の全国勝率,0.0419,3号艇のcumulative_diff_rank_2to6,0.0408,5号艇のwin_rate_rank_2to6,0.2552,5号艇のclass_rank_2to6,0.1786,1号艇vs5号艇のlocal_win_rate差,0.0744,5号艇のcumulative_diff_rank_2to6,0.0598,5号艇の枠別勝率,0.0513,-0.0736,南東 6.8m/s,[逃げ]1号艇のdominanceが不利(-41.5pt)、1号艇のvs_max234_diffが不利(-16.9pt) / [2着]3号艇のwin_rate_rank_2to6が有利(+9.6pt)、1号艇のvs_max234_diffが不利(-7.3pt) / [候補2]5号艇のwin_rate_rank_2to6が有利(+25.5pt)、5号艇のclass_rank_2to6が有利(+17.9pt) / [除外]4号艇の女子戦2連率が不利(-15.2pt)、6号艇のvs_avg456_diffが不利(-7.0pt)、天気-7.4pt
177,14,鳴門,10,13:05,0.11437572406365946,4,0.37434722834629386,2,0.23103315505858663,0.06924081968586898,0.20355928570009513,0.4018210977047854,0.0523272855300155,0.1690149030915439,1-4,1-2,0.026424584392537556,0.023282240691829704,0.04281623529333143,0.009242510840286202,0.012610151993509025,True,True,False,False,特賞,2026-08-16,1号艇のdominance,-0.3198,1号艇のracer_win_te,-0.2073,1号艇の年齢,-0.1743,1号艇のvs_max234_diff,-0.1519,場特性:in_escape_diff,-0.1356,4号艇のclass_rank_2to6,0.2261,4号艇のwin_rate_rank_2to6,0.2084,4号艇の全国勝率,0.0805,4号艇のモーター2連率,0.068,3号艇の直近1着率,0.0469,2号艇のwin_rate_rank_2to6,-0.1374,1号艇の枠別勝率,0.0633,ST差分(3-2),-0.0498,2号艇の全国勝率,-0.0497,レース時間帯,-0.0422,0.034,南東 6.1m/s,[逃げ]1号艇のdominanceが不利(-32.0pt)、1号艇のracer_win_teが不利(-20.7pt) / [2着]4号艇のclass_rank_2to6が有利(+22.6pt)、4号艇のwin_rate_rank_2to6が有利(+20.8pt) / [候補2]2号艇のwin_rate_rank_2to6が不利(-13.7pt)、1号艇の枠別勝率が有利(+6.3pt)、天気+3.4pt
178,10,三国,8,11:50,0.09334755009521492,4,0.369130706523331,3,0.3141834010851208,0.06378569789074703,0.16016628041135456,0.5231478271970973,0.05152611632122303,0.20159433668265211,1-4,1-3,0.01495112988426316,0.029328250771878315,0.03445744711886872,0.010675841762650655,0.003934882122414335,True,True,False,False,予選,2026-08-16,1号艇のdominance,-0.498,1号艇のvs_max234_diff,-0.304,1号艇のracer_win_te,-0.2657,1号艇の全国2連率,-0.235,1号艇のsession_avg_finish,-0.1079,4号艇のwin_rate_rank_2to6,0.2345,4号艇のclass_rank_2to6,0.1919,4号艇の直近1着率,-0.1613,4号艇の全国勝率,0.0899,4号艇のsession_exh_rel_avg,0.0882,3号艇のsession_exh_rel_avg,-0.1435,3号艇のwin_rate_rank_2to6,-0.0992,1号艇vs3号艇のcumulative差,0.0776,1号艇vs6号艇のplace_rate差,0.0727,2号艇のracer_win_te,0.0496,-0.0023,東 2.3m/s,[逃げ]1号艇のdominanceが不利(-49.8pt)、1号艇のvs_max234_diffが不利(-30.4pt) / [2着]4号艇のwin_rate_rank_2to6が有利(+23.4pt)、4号艇のclass_rank_2to6が有利(+19.2pt) / [候補2]3号艇のsession_exh_rel_avgが不利(-14.3pt)、3号艇のwin_rate_rank_2to6が不利(-9.9pt) / [除外]6号艇のsession_exh_rel_avgが不利(-8.3pt)、1号艇のsession_rank_diff_lastが不利(-5.2pt)、天気影響ほぼなし
179,05,多摩川,4,13:04,0.09762652166193803,4,0.3622234287754177,3,0.3033594729091702,0.06497854356912598,0.23988421894111667,0.4256986827434712,0.046273750962712655,0.17319458532142956,1-4,1-3,0.02341906189681201,0.029615930153321205,0.03536261341580478,0.008260589004831249,0.0009683274184732379,True,True,False,False,予選,2026-08-16,1号艇のdominance,-0.511,1号艇のvs_max234_diff,-0.261,3号艇のracer_win_te,-0.1569,1号艇vs4号艇の枠別勝率差,-0.1107,1号艇の全国2連率,-0.1069,4号艇のclass_rank_2to6,0.1506,4号艇のwin_rate_rank_2to6,0.1307,4号艇の全国勝率,0.1178,6号艇のsession_exh_rel_last,0.0529,4号艇の直近複勝率,0.0522,3号艇のsession_exh_rel_avg,-0.1564,3号艇のwin_rate_rank_2to6,0.0593,3号艇の節間得点,0.0575,1号艇のrecent_4to6_rate,-0.0565,1号艇vs3号艇のplace_rate差,-0.0519,-0.0201,北東 1.2m/s,[逃げ]1号艇のdominanceが不利(-51.1pt)、1号艇のvs_max234_diffが不利(-26.1pt) / [2着]4号艇のclass_rank_2to6が有利(+15.1pt)、4号艇のwin_rate_rank_2to6が有利(+13.1pt) / [候補2]3号艇のsession_exh_rel_avgが不利(-15.6pt)、3号艇のwin_rate_rank_2to6が有利(+5.9pt) / [除外]6号艇のwin_rate_rank_2to6が不利(-6.6pt)、6号艇のvs_avg456_diffが不利(-6.4pt)、天気-2.0pt
180,10,三国,9,12:26,0.06344797658930026,3,0.3990035886311561,2,0.3475822422027554,0.04736936031665331,0.1385398975119096,0.6080459333220019,0.03949430472848467,0.21557233221825786,1-3,1-2,0.02205338996613692,0.025315970350516383,0.008790076174019697,0.0027769103571761845,0.004511628796002548,True,True,False,False,予選,2026-08-16,1号艇のdominance,-0.5789,1号艇のvs_max234_diff,-0.3176,1号艇の全国2連率,-0.2607,1号艇のracer_win_te,-0.2331,2号艇のsession_exh_rel_avg,-0.1272,3号艇のwin_rate_rank_2to6,0.1749,5号艇のsession_exh_rel_delta,0.167,1号艇のvs_max234_diff,-0.0907,3号艇の当地勝率,0.0834,1号艇vs3号艇のplace_rate差,-0.0718,2号艇のsession_exh_rel_avg,0.0811,1号艇vs6号艇の直近複勝率差,-0.0758,1号艇vs2号艇のplace_rate差,-0.0618,1号艇の直近複勝率,0.059,2号艇の全国勝率,0.0468,0.0423,東 2.2m/s,[逃げ]1号艇のdominanceが不利(-57.9pt)、1号艇のvs_max234_diffが不利(-31.8pt) / [2着]3号艇のwin_rate_rank_2to6が有利(+17.5pt)、5号艇のsession_exh_rel_deltaが有利(+16.7pt) / [候補2]2号艇のsession_exh_rel_avgが有利(+8.1pt)、1号艇vs6号艇の直近複勝率差が不利(-7.6pt) / [除外]1号艇vs3号艇の直近複勝率差が不利(-11.1pt)、4号艇のwin_rate_rank_2to6が不利(-5.2pt)、天気+4.2pt
