rank,venue_code,venue_name,race_no,closing_time,in_escape_prob,second_pred_1,second_pred_1_prob,second_pred_2,second_pred_2_prob,confidence_score,third_prob,top2_margin,adjusted_score,score_margin_blend,ticket_1,ticket_2,score_boat2,score_boat3,score_boat4,score_boat5,score_boat6,is_teppan,is_lunch,is_excluded,is_channel_target,race_grade,race_date,top_feat_1,top_feat_1_contrib,top_feat_2,top_feat_2_contrib,top_feat_3,top_feat_3_contrib,top_feat_4,top_feat_4_contrib,top_feat_5,top_feat_5_contrib,s2_top_feat_1,s2_top_feat_1_contrib,s2_top_feat_2,s2_top_feat_2_contrib,s2_top_feat_3,s2_top_feat_3_contrib,s2_top_feat_4,s2_top_feat_4_contrib,s2_top_feat_5,s2_top_feat_5_contrib,s2_top2_feat_1,s2_top2_feat_1_contrib,s2_top2_feat_2,s2_top2_feat_2_contrib,s2_top2_feat_3,s2_top2_feat_3_contrib,s2_top2_feat_4,s2_top2_feat_4_contrib,s2_top2_feat_5,s2_top2_feat_5_contrib,weather_contribution,wind_info,reason_text
1,23,唐津,10,13:08,0.8644870857765377,2,0.5560295864987828,3,0.25225523936961747,0.6987517935923695,0.11705013057410875,0.6912346952942915,0.600605007177714,0.6964966641029461,1-2,1-3,0.48068039683786595,0.21807139675450354,0.04604034551393409,0.10118832626977449,0.018506620400459556,True,True,False,False,準優勝戦,2026-08-22,1号艇のdominance,0.1961,1号艇のsession_exh_rel_avg,0.1694,1号艇のracer_win_te,0.145,1号艇の勝率順位,0.079,1号艇の級別順位,0.0759,2号艇のwin_rate_rank_2to6,0.2343,2号艇の当地勝率,0.1392,2号艇のclass_rank_2to6,0.0958,2号艇のsession_exh_rel_avg,-0.0669,レース時間帯,-0.0647,3号艇のwin_rate_rank_2to6,-0.0599,3号艇のcumulative_diff_rank_2to6,0.0556,3号艇のsession_exh_rel_avg,-0.0474,3号艇の節間得点,0.0448,1号艇vs4号艇の枠別平均ST差,0.0418,0.0516,北東 3.9m/s,[逃げ]1号艇のdominanceが有利(+19.6pt)、1号艇のsession_exh_rel_avgが有利(+16.9pt) / [2着]2号艇のwin_rate_rank_2to6が有利(+23.4pt)、2号艇の当地勝率が有利(+13.9pt) / [候補2]3号艇のwin_rate_rank_2to6が不利(-6.0pt)、3号艇のcumulative_diff_rank_2to6が有利(+5.6pt) / [除外]6号艇のwin_rate_rank_2to6が不利(-6.4pt)、5号艇のsession_exh_rel_avgが不利(-5.9pt)、天気+5.2pt
2,23,唐津,12,14:22,0.8298879257029733,2,0.4282507471172191,3,0.406890350406437,0.6930735130932115,0.11535296441544063,0.7197881331082155,0.5971358119414607,0.7010878990977127,1-2,1-3,0.35540012420585754,0.337673388887354,0.09573003236241892,0.024680493998631845,0.016403878519777315,True,True,False,False,準優勝戦,2026-08-22,1号艇のdominance,0.2449,1号艇のracer_win_te,0.1715,1号艇のsession_exh_rel_avg,0.1644,race_no,0.1121,風速区分,0.1042,2号艇のwin_rate_rank_2to6,0.1573,2号艇のsession_exh_rel_avg,0.0788,2号艇のclass_rank_2to6,0.0707,2号艇の全国勝率,0.0466,6号艇のモーター2連率,0.0413,3号艇のsession_exh_rel_avg,0.1417,3号艇の当地勝率,0.1136,3号艇の節間得点,0.0739,3号艇のwin_rate_rank_2to6,0.0698,3号艇のcumulative_diff_rank_2to6,0.0422,0.1243,北東 1.6m/s,[逃げ]1号艇のdominanceが有利(+24.5pt)、1号艇のracer_win_teが有利(+17.1pt) / [2着]2号艇のwin_rate_rank_2to6が有利(+15.7pt)、2号艇のsession_exh_rel_avgが有利(+7.9pt) / [候補2]3号艇のsession_exh_rel_avgが有利(+14.2pt)、3号艇の当地勝率が有利(+11.4pt) / [除外]6号艇のwin_rate_rank_2to6が不利(-6.7pt)、1号艇vs5号艇の枠別平均ST差が不利(-5.7pt)、天気+12.4pt
3,22,福岡,1,12:18,0.7984218036499703,2,0.49728062583060967,3,0.2970395143603535,0.634202519006766,0.09255382520878119,0.701766314982182,0.5637650760974209,0.6544716577993908,1-2,1-3,0.3970396941958614,0.23716282481090467,0.07389699205789917,0.06385815373240608,0.026464140340075513,True,True,False,False,カタメン１予,2026-08-22,1号艇のdominance,0.2834,1号艇の勝率順位,0.0977,1号艇のsession_exh_count,-0.0811,1号艇の級別順位,0.0783,1号艇のvs_max234_diff,0.0763,2号艇のwin_rate_rank_2to6,0.1561,1号艇vs6号艇の枠別平均ST差,0.0546,場特性:1x_diff_course2,0.0523,2号艇のsession_exh_rel_avg,0.0502,2号艇のモーター2連率,-0.0383,3号艇のwin_rate_rank_2to6,-0.066,場特性:1x_diff_course3,0.0426,3号艇のcumulative_diff_rank_2to6,0.0425,1号艇のracer_2nd_te,0.0408,3号艇の当地勝率,0.0397,0.061,北西 2.7m/s,[逃げ]1号艇のdominanceが有利(+28.3pt)、1号艇の勝率順位が有利(+9.8pt) / [2着]2号艇のwin_rate_rank_2to6が有利(+15.6pt)、1号艇vs6号艇の枠別平均ST差が有利(+5.5pt) / [候補2]3号艇のwin_rate_rank_2to6が不利(-6.6pt)、場特性:1x_diff_course3が有利(+4.3pt)、天気+6.1pt
4,04,平和島,12,17:42,0.8029401310693833,3,0.537817421598539,2,0.2471961259176998,0.6303188807339303,0.09353365392639465,0.6914798935898441,0.5595716470693225,0.6486671845907044,1-3,1-2,0.19848368974420166,0.43183519098972867,0.04569202387742824,0.07510192434305767,0.051827296132597005,True,False,False,False,記者選抜,2026-08-22,1号艇のdominance,0.2872,1号艇のracer_win_te,0.1975,場特性:in_escape_diff,-0.141,3号艇のsession_exh_rel_avg,-0.1404,風速区分,0.1107,3号艇のwin_rate_rank_2to6,0.1809,3号艇のsession_exh_rel_avg,0.1189,3号艇のsession_exh_rel_last,0.058,3号艇のモーター2連率,0.0457,1号艇のvs_max234_diff,0.0429,2号艇のwin_rate_rank_2to6,-0.1439,2号艇のsession_exh_rel_avg,0.1012,2号艇の一般戦勝率,-0.0779,2号艇のモーター2連率,-0.0392,1号艇の女子戦2連率,0.0365,0.2154,北東 2.0m/s,[逃げ]1号艇のdominanceが有利(+28.7pt)、1号艇のracer_win_teが有利(+19.7pt) / [2着]3号艇のwin_rate_rank_2to6が有利(+18.1pt)、3号艇のsession_exh_rel_avgが有利(+11.9pt) / [候補2]2号艇のwin_rate_rank_2to6が不利(-14.4pt)、2号艇のsession_exh_rel_avgが有利(+10.1pt) / [除外]4号艇のwin_rate_rank_2to6が不利(-5.9pt)、1号艇vs6号艇の枠別平均ST差が不利(-5.4pt)、天気+21.5pt
5,20,若松,8,18:41,0.7911913299837761,3,0.404406795401063,2,0.3771625199761679,0.6183708661078207,0.09684757436218742,0.6847217410150436,0.5465056039812758,0.6382761285799875,1-3,1-2,0.29840771579997677,0.31996315030784384,0.07440627186085971,0.07662496116532172,0.021789225691793545,True,False,False,False,エイトビート,2026-08-22,1号艇のdominance,0.1678,1号艇のracer_win_te,0.1,風速区分,0.0931,1号艇の勝率順位,0.085,1号艇の級別順位,0.0778,3号艇のwin_rate_rank_2to6,0.171,3号艇の当地勝率,-0.052,3号艇の枠別平均ST,-0.0436,1号艇vs2号艇のlocal_win_rate差,-0.0386,3号艇の全国勝率,0.0365,2号艇のwin_rate_rank_2to6,0.0789,2号艇のclass_rank_2to6,0.0727,2号艇のモーター2連率,-0.0498,2号艇の当地勝率,-0.0401,場×風向,-0.0383,0.1569,北東 1.0m/s,[逃げ]1号艇のdominanceが有利(+16.8pt)、1号艇のracer_win_teが有利(+10.0pt) / [2着]3号艇のwin_rate_rank_2to6が有利(+17.1pt)、3号艇の当地勝率が不利(-5.2pt) / [候補2]2号艇のwin_rate_rank_2to6が有利(+7.9pt)、2号艇のclass_rank_2to6が有利(+7.3pt) / [除外]1号艇vs4号艇のlocal_win_rate差が不利(-7.3pt)、4号艇のwin_rate_rank_2to6が不利(-5.6pt)、天気+15.7pt
6,23,唐津,2,09:10,0.7855886286466212,2,0.6418981054368583,4,0.15190306676821003,0.6236011742906601,0.12164126743938634,0.6721599047656821,0.5325744096297734,0.6381687934331667,1-2,1-4,0.5042678523810058,0.09555999647454441,0.11933332190965425,0.05221560324786505,0.014211844390641748,False,False,True,False,モー２ング戦,2026-08-22,1号艇のdominance,0.2023,2号艇の枠別勝率,0.1074,1号艇の勝率順位,0.0949,1号艇の級別順位,0.0733,1号艇のlocal_win_rate順位,0.072,2号艇のwin_rate_rank_2to6,0.1997,2号艇のclass_rank_2to6,0.1017,2号艇のsession_exh_rel_avg,0.0919,3号艇のracer_2nd_te,0.0894,2号艇の全国勝率,0.0432,4号艇のsession_exh_rel_avg,-0.1786,4号艇のwin_rate_rank_2to6,0.1136,4号艇のclass_rank_2to6,-0.1013,2号艇の枠別勝率,0.0794,1号艇のsession_rank_diff_last,0.0566,0.01,北 3.6m/s,[逃げ]1号艇のdominanceが有利(+20.2pt)、2号艇の枠別勝率が有利(+10.7pt) / [2着]2号艇のwin_rate_rank_2to6が有利(+20.0pt)、2号艇のclass_rank_2to6が有利(+10.2pt) / [候補2]4号艇のsession_exh_rel_avgが不利(-17.9pt)、4号艇のwin_rate_rank_2to6が有利(+11.4pt) / [除外]6号艇のwin_rate_rank_2to6が不利(-8.8pt)、2号艇の枠別勝率が不利(-5.3pt)、天気+1.0pt
7,19,下関,10,19:48,0.8206584898618401,3,0.42847899943837914,4,0.3365068539502411,0.627792135207576,0.15479955650821037,0.6101862968804099,0.5111738022762058,0.6225103837094261,1-3,1-4,0.1270375702753105,0.35163492861661244,0.27615720659096366,0.05955975418170529,0.006269030579397146,True,False,False,False,一般特賞,2026-08-22,1号艇のracer_win_te,0.2,1号艇の年齢,-0.1746,1号艇のdominance,0.1692,1号艇の級別順位,0.0876,場特性:in_escape_diff,0.0863,3号艇の当地勝率,0.1112,3号艇のwin_rate_rank_2to6,0.0809,3号艇のsession_exh_rel_avg,-0.0567,場特性:1x_diff_course3,0.049,1号艇のracer_2nd_te,0.0433,4号艇のclass_rank_2to6,0.2158,4号艇のwin_rate_rank_2to6,0.2157,4号艇のcumulative_diff_rank_2to6,-0.0933,4号艇の節間得点,-0.0748,4号艇のsession_exh_rel_avg,-0.0714,0.0828,東 3.2m/s,[逃げ]1号艇のracer_win_teが有利(+20.0pt)、1号艇の年齢が不利(-17.5pt) / [2着]3号艇の当地勝率が有利(+11.1pt)、3号艇のwin_rate_rank_2to6が有利(+8.1pt) / [候補2]4号艇のclass_rank_2to6が有利(+21.6pt)、4号艇のwin_rate_rank_2to6が有利(+21.6pt) / [除外]6号艇のwin_rate_rank_2to6が不利(-7.9pt)、6号艇のvs_avg456_diffが不利(-6.1pt)、天気+8.3pt
8,02,戸田,7,13:45,0.8128243606858486,3,0.41614285777552984,2,0.30506173749867316,0.5862126640774502,0.1221370181983772,0.5990675770758258,0.5002947438927942,0.5900691379769629,1-3,1-2,0.24796161175207318,0.33825105232537706,0.0992759437331718,0.07072574555490548,0.05661001034832785,True,True,False,False,ウインウイン,2026-08-22,1号艇のdominance,0.3472,場特性:in_escape_diff,-0.182,1号艇のvs_max234_diff,0.168,風速区分,0.0861,1号艇のlocal_win_rate順位,0.0833,3号艇のsession_exh_rel_avg,-0.1257,3号艇のモーター2連率,0.1213,1号艇のracer_2nd_te,0.0672,3号艇のwin_rate_rank_2to6,0.0635,3号艇の当地勝率,-0.0559,2号艇のsession_avg_finish,-0.0725,2号艇の全国勝率,-0.0709,second_best_win_rate,0.0556,2号艇のsession_exh_rel_avg,-0.0554,2号艇の節間得点,-0.0553,0.0975,北東 1.4m/s,[逃げ]1号艇のdominanceが有利(+34.7pt)、場特性:in_escape_diffが不利(-18.2pt) / [2着]3号艇のsession_exh_rel_avgが不利(-12.6pt)、3号艇のモーター2連率が有利(+12.1pt) / [候補2]2号艇のsession_avg_finishが不利(-7.3pt)、2号艇の全国勝率が不利(-7.1pt) / [除外]6号艇のsession_exh_rel_avgが不利(-6.6pt)、1号艇vs6号艇の枠別平均ST差が不利(-6.3pt)、天気+9.8pt
9,16,児島,1,10:52,0.7184352331975012,2,0.42077909884153686,3,0.3446561918603871,0.5499156815730339,0.09375065294167265,0.6716846377602513,0.4880497365206297,0.5864463684291992,1-2,1-3,0.30230253000085394,0.24761315157217995,0.0673537722085686,0.061692973713165955,0.03947283246653084,False,False,True,False,一般,2026-08-22,1号艇のracer_win_te,-0.2321,1号艇のdominance,0.1706,1号艇の年齢,0.1132,風速区分,0.0876,1号艇の級別順位,0.0823,全艇平均勝率,0.0842,1号艇vs2号艇のcumulative差,-0.061,2号艇のwin_rate_rank_2to6,0.0599,second_best_win_rate,0.0505,2号艇のsession_exh_rel_avg,-0.0498,3号艇の全国勝率,-0.0642,5号艇の一般戦2連率,0.0582,3号艇のwin_rate_rank_2to6,-0.0532,3号艇の節間得点,-0.0479,4号艇の女子戦2連率,0.0415,0.0797,南 0.9m/s,[逃げ]1号艇のracer_win_teが不利(-23.2pt)、1号艇のdominanceが有利(+17.1pt) / [2着]全艇平均勝率が有利(+8.4pt)、1号艇vs2号艇のcumulative差が不利(-6.1pt) / [候補2]3号艇の全国勝率が不利(-6.4pt)、5号艇の一般戦2連率が有利(+5.8pt) / [除外]5号艇の直近平均着順が不利(-11.5pt)、6号艇の節間得点が不利(-7.5pt)、天気+8.0pt
10,04,平和島,10,16:37,0.7076943836836765,5,0.5318920153312225,2,0.25054721541163877,0.5537278491704992,0.10703076972470082,0.6754084610181605,0.48260874767283335,0.5902320327247976,1-5,1-2,0.17731085719440104,0.04889237622231796,0.07574507461551165,0.3764169919760982,0.0293290994935499,True,False,False,False,予選特賞,2026-08-22,場特性:in_escape_diff,-0.16,1号艇のracer_win_te,0.1066,1号艇の年齢,-0.089,1号艇のvs_max234_diff,0.0798,1号艇のsession_exh_rel_avg,-0.0739,5号艇のwin_rate_rank_2to6,0.2912,5号艇のclass_rank_2to6,0.1976,2号艇の枠別出走数,0.1161,1号艇vs4号艇の勝率差,0.1021,5号艇の枠別勝率,0.0659,2号艇のsession_exh_rel_avg,-0.1701,2号艇のclass_rank_2to6,-0.0714,3号艇の全国勝率,-0.0543,3号艇の枠別勝率,0.0535,3号艇のracer_2nd_te,0.0486,0.0889,東 2.6m/s,[逃げ]場特性:in_escape_diffが不利(-16.0pt)、1号艇のracer_win_teが有利(+10.7pt) / [2着]5号艇のwin_rate_rank_2to6が有利(+29.1pt)、5号艇のclass_rank_2to6が有利(+19.8pt) / [候補2]2号艇のsession_exh_rel_avgが不利(-17.0pt)、2号艇のclass_rank_2to6が不利(-7.1pt)、天気+8.9pt
11,07,蒲郡,10,19:23,0.9090651360784578,3,0.47658045420270634,4,0.21470299678485505,0.6284216844407935,0.19350788301207028,0.4977755679754911,0.48249622468677283,0.5892278495012028,1-3,1-4,0.17591127000262197,0.4332426754521165,0.19517900898867696,0.03618117746125223,0.06855099570746141,True,False,False,False,予選特賞,2026-08-22,1号艇のdominance,0.3043,1号艇のracer_win_te,0.176,1号艇のsession_exh_rel_avg,0.1519,風速区分,0.1111,1号艇の全国勝率,0.0963,3号艇のsession_exh_rel_avg,0.1109,場特性:1x_diff_course3,0.0698,3号艇のcumulative_diff_rank_2to6,-0.0582,3号艇のwin_rate_rank_2to6,-0.0578,3号艇のclass_rank_2to6,0.0461,4号艇のwin_rate_rank_2to6,0.1535,4号艇のclass_rank_2to6,0.1178,4号艇のracer_win_te,0.069,4号艇のsession_exh_rel_avg,-0.0671,4号艇のモーター2連率,-0.057,0.1598,東 2.2m/s,[逃げ]1号艇のdominanceが有利(+30.4pt)、1号艇のracer_win_teが有利(+17.6pt) / [2着]3号艇のsession_exh_rel_avgが有利(+11.1pt)、場特性:1x_diff_course3が有利(+7.0pt) / [候補2]4号艇のwin_rate_rank_2to6が有利(+15.3pt)、4号艇のclass_rank_2to6が有利(+11.8pt) / [除外]2号艇のwin_rate_rank_2to6が不利(-5.6pt)、5号艇のracer_avgfin_teが不利(-5.4pt)、天気+16.0pt
12,21,芦屋,10,13:04,0.6714477842629408,2,0.6303667181272954,3,0.16788975362449193,0.5359875392312904,0.08602535798740558,0.7122311137643816,0.48065731530429795,0.5888606115912177,1-2,1-3,0.4232583361596743,0.11272920307161614,0.05776153601106976,0.043464611278486755,0.03423407523005258,True,True,False,False,予選特賞,2026-08-22,1号艇のdominance,0.1497,場特性:in_escape_diff,0.0745,1号艇のracer_win_te,0.0651,6号艇のモーター出走数,-0.0593,1号艇の当地勝率,0.0585,2号艇のwin_rate_rank_2to6,0.1914,2号艇のclass_rank_2to6,0.1226,2号艇の当地勝率,0.1033,2号艇のsession_exh_rel_avg,0.0878,2号艇の節間得点,0.0851,4号艇のモーター出走数,-0.096,3号艇のwin_rate_rank_2to6,-0.0915,6号艇のモーター出走数,0.0895,3号艇の全国勝率,-0.0829,3号艇のracer_2nd_te,-0.0578,0.12,東 2.1m/s,[逃げ]1号艇のdominanceが有利(+15.0pt)、場特性:in_escape_diffが有利(+7.4pt) / [2着]2号艇のwin_rate_rank_2to6が有利(+19.1pt)、2号艇のclass_rank_2to6が有利(+12.3pt) / [候補2]4号艇のモーター出走数が不利(-9.6pt)、3号艇のwin_rate_rank_2to6が不利(-9.2pt)、天気+12.0pt
13,19,下関,7,18:17,0.5507924749914745,3,0.5224345237959924,2,0.3892729854071072,0.5021616354622878,0.036292964485828985,0.8754145447172706,0.48029171417991345,0.6141375082387825,1-3,1-2,0.21440863107970073,0.28775300438258705,0.019989891733927435,0.01913488888150475,0.009506070198994807,True,False,False,False,ふく～る特賞,2026-08-22,3号艇のracer_win_te,-0.156,1号艇の級別順位,-0.1057,場特性:in_escape_diff,0.0891,3号艇のsession_exh_rel_avg,-0.0851,1号艇の節間得点,0.0808,3号艇のwin_rate_rank_2to6,0.1934,3号艇のsession_exh_rel_avg,0.1221,3号艇の当地勝率,0.0839,場特性:1x_diff_course3,0.0542,3号艇のclass_rank_2to6,0.0489,2号艇のclass_rank_2to6,0.0814,2号艇の節間得点,0.0605,2号艇の全国勝率,0.0455,2号艇の当地勝率,-0.0452,場特性:in_escape_diff,0.0424,0.0617,東 1.0m/s,[逃げ]3号艇のracer_win_teが不利(-15.6pt)、1号艇の級別順位が不利(-10.6pt) / [2着]3号艇のwin_rate_rank_2to6が有利(+19.3pt)、3号艇のsession_exh_rel_avgが有利(+12.2pt) / [候補2]2号艇のclass_rank_2to6が有利(+8.1pt)、2号艇の節間得点が有利(+6.0pt) / [除外]6号艇のsession_exh_rel_avgが不利(-5.4pt)、4号艇のwin_rate_rank_2to6が不利(-5.2pt)、天気+6.2pt
14,16,児島,10,15:39,0.7887284016956637,2,0.592920699587357,3,0.17587464887359963,0.6063707264226712,0.17496343092872607,0.5938319175322306,0.4790594831710858,0.602609083755539,1-2,1-3,0.4676533957178109,0.1387173307048603,0.13799862723160378,0.02193991557519425,0.022419132466194404,True,False,False,False,準優勝戦,2026-08-22,1号艇のdominance,0.2498,1号艇のracer_win_te,0.1553,1号艇のsession_exh_rel_avg,0.0972,風速区分,0.093,1号艇の級別順位,0.0806,2号艇のwin_rate_rank_2to6,0.1551,2号艇のsession_exh_rel_avg,0.1102,2号艇のclass_rank_2to6,0.0637,2号艇の節間得点,0.062,2号艇のsession_exh_rel_last,0.0496,3号艇の女子戦比率,-0.0985,3号艇の当地勝率,0.0722,3号艇のwin_rate_rank_2to6,-0.067,3号艇のsession_exh_rel_avg,-0.0619,3号艇のcumulative_diff_rank_2to6,-0.0562,0.1514,北東 1.6m/s,[逃げ]1号艇のdominanceが有利(+25.0pt)、1号艇のracer_win_teが有利(+15.5pt) / [2着]2号艇のwin_rate_rank_2to6が有利(+15.5pt)、2号艇のsession_exh_rel_avgが有利(+11.0pt) / [候補2]3号艇の女子戦比率が不利(-9.9pt)、3号艇の当地勝率が有利(+7.2pt) / [除外]6号艇のwin_rate_rank_2to6が不利(-7.1pt)、6号艇の女子戦比率が不利(-6.9pt)、天気+15.1pt
15,07,蒲郡,6,17:27,0.681950171487496,4,0.5371592583089074,2,0.24851951097938577,0.5357937714502363,0.09179992458189244,0.6938788447064007,0.47677077807754104,0.5832192934270856,1-4,1-2,0.16947792313038076,0.06195336440786768,0.3663158483198556,0.06260297431116076,0.021600071480080692,True,False,False,False,予選,2026-08-22,1号艇のsession_exh_rel_avg,0.1552,3号艇の枠別出走数,-0.0818,1号艇のモーター2連率順位,0.0729,1号艇のlocal_win_rate順位,0.0706,1号艇のdominance,0.0636,4号艇のwin_rate_rank_2to6,0.2274,4号艇のclass_rank_2to6,0.2228,4号艇のsession_exh_rel_avg,0.0875,4号艇のcumulative_diff_rank_2to6,0.0675,4号艇の節間得点,0.0454,2号艇のsession_exh_rel_avg,-0.0956,3号艇のracer_2nd_te,0.0812,2号艇の全国勝率,-0.0746,2号艇のwin_rate_rank_2to6,-0.0535,2号艇のモーター2連率,-0.0524,0.0271,東 2.2m/s,[逃げ]1号艇のsession_exh_rel_avgが有利(+15.5pt)、3号艇の枠別出走数が不利(-8.2pt) / [2着]4号艇のwin_rate_rank_2to6が有利(+22.7pt)、4号艇のclass_rank_2to6が有利(+22.3pt) / [候補2]2号艇のsession_exh_rel_avgが不利(-9.6pt)、3号艇のracer_2nd_teが有利(+8.1pt) / [除外]3号艇のsession_exh_rel_avgが不利(-6.1pt)、天気+2.7pt
16,08,常滑,6,12:57,0.8529396112434537,2,0.4232113908162616,3,0.24967713902009958,0.573933281048805,0.14188946203490105,0.5309990678014601,0.4762111796584763,0.5610530170746015,1-2,1-3,0.3609737591566235,0.21295952189218148,0.11361866474079962,0.1210231425875913,0.04436452922115311,True,True,False,False,昼トコ小判Ｒ,2026-08-22,1号艇のdominance,0.3586,1号艇のracer_win_te,0.1342,1号艇のvs_max234_diff,0.1148,1号艇の勝率順位,0.0929,場特性:in_escape_diff,0.0914,2号艇のclass_rank_2to6,0.101,3号艇の女子戦2連率,-0.0796,2号艇の全国勝率,0.0526,2号艇のsession_exh_rel_avg,0.0522,2号艇の当地勝率,0.043,3号艇のwin_rate_rank_2to6,-0.0931,3号艇の女子戦勝率,0.047,4号艇の女子戦2連率,0.0436,3号艇のcumulative_diff_rank_2to6,0.0429,3号艇の全国勝率,-0.0368,0.084,南 3.9m/s,[逃げ]1号艇のdominanceが有利(+35.9pt)、1号艇のracer_win_teが有利(+13.4pt) / [2着]2号艇のclass_rank_2to6が有利(+10.1pt)、3号艇の女子戦2連率が不利(-8.0pt) / [候補2]3号艇のwin_rate_rank_2to6が不利(-9.3pt)、3号艇の女子戦勝率が有利(+4.7pt) / [除外]2号艇のracer_2nd_teが不利(-5.2pt)、天気+8.4pt
17,16,児島,8,14:33,0.611687564670237,4,0.4594227583530012,3,0.38362006525781095,0.5156788116872179,0.0942065545744554,0.7488362690363568,0.4573824227478952,0.5856260488919595,1-4,1-3,0.057624977943622396,0.23465562347618776,0.2810231882110301,0.03679004756478893,0.0015937418589883632,True,True,False,False,一般,2026-08-22,1号艇のdominance,-0.1608,1号艇のracer_win_te,-0.1347,1号艇の節間得点,0.0909,1号艇vs2号艇のcumulative差,0.081,1号艇の級別順位,-0.0793,4号艇のwin_rate_rank_2to6,0.2543,4号艇のclass_rank_2to6,0.215,1号艇vs2号艇のcumulative差,0.1237,4号艇のsession_exh_rel_avg,0.0627,2号艇のsession_exh_rel_delta,0.0569,3号艇のwin_rate_rank_2to6,0.0772,2号艇の節間得点,0.061,3号艇のclass_rank_2to6,0.041,3号艇のモーター2連率,0.0394,3号艇のcumulative_diff_rank_2to6,0.0357,0.0032,東 3.1m/s,[逃げ]1号艇のdominanceが不利(-16.1pt)、1号艇のracer_win_teが不利(-13.5pt) / [2着]4号艇のwin_rate_rank_2to6が有利(+25.4pt)、4号艇のclass_rank_2to6が有利(+21.5pt) / [候補2]3号艇のwin_rate_rank_2to6が有利(+7.7pt)、2号艇の節間得点が有利(+6.1pt) / [除外]6号艇の全国勝率が不利(-15.0pt)、6号艇の直近平均着順が不利(-15.0pt)、天気+0.3pt
18,19,下関,9,19:16,0.5987120014757242,2,0.6860244013119846,3,0.14617759920576479,0.49824932536208344,0.07269265657926022,0.7595093439384892,0.4547864448428106,0.5766273309350052,1-2,1-3,0.41073104237068375,0.08751828299139967,0.037400454392311384,0.04352196591315636,0.01954025580817304,True,False,False,False,予選,2026-08-22,1号艇のsession_exh_rel_avg,-0.1714,場特性:in_escape_diff,0.0949,1号艇の節間得点,-0.0636,1号艇のdominance,0.0579,1号艇vs4号艇の枠別平均ST差,0.047,2号艇のwin_rate_rank_2to6,0.2248,2号艇のclass_rank_2to6,0.1168,2号艇のsession_exh_rel_avg,0.0761,3号艇のracer_2nd_te,0.0662,2号艇のracer_avgfin_te,0.0611,3号艇のsession_exh_rel_avg,-0.1209,3号艇のwin_rate_rank_2to6,-0.1136,3号艇のsession_rank_diff_delta,0.0677,3号艇の全国勝率,-0.0655,3号艇の節間得点,0.0582,0.0465,東 2.7m/s,[逃げ]1号艇のsession_exh_rel_avgが不利(-17.1pt)、場特性:in_escape_diffが有利(+9.5pt) / [2着]2号艇のwin_rate_rank_2to6が有利(+22.5pt)、2号艇のclass_rank_2to6が有利(+11.7pt) / [候補2]3号艇のsession_exh_rel_avgが不利(-12.1pt)、3号艇のwin_rate_rank_2to6が不利(-11.4pt) / [除外]2号艇の直近1着率が不利(-7.4pt)、天気+4.7pt
19,22,福岡,12,18:00,0.7393093750090595,2,0.4464599189020866,3,0.2890851922424988,0.5437953964112726,0.14509461128492834,0.5904504998596571,0.4491132584182801,0.5577919274457879,1-2,1-3,0.33007200361009703,0.21372339280117558,0.1072698063862428,0.07648446836019648,0.011759712113773798,True,False,False,False,ファン選抜,2026-08-22,1号艇のdominance,0.2651,1号艇のracer_win_te,0.1465,2号艇の枠別勝率,0.1291,1号艇の年齢,-0.1062,風速区分,0.0804,3号艇のrecent_race_count,0.0809,2号艇のsession_exh_rel_avg,0.0763,2号艇のracer_avgfin_te,0.0678,1号艇の年齢,0.0607,2号艇の全国勝率,0.0578,3号艇の当地勝率,0.1172,3号艇のwin_rate_rank_2to6,-0.1139,1号艇のracer_avgfin_te,0.0851,3号艇のracer_avgfin_te,0.056,3号艇のcumulative_diff_rank_2to6,0.0465,0.1417,南東 1.0m/s,[逃げ]1号艇のdominanceが有利(+26.5pt)、1号艇のracer_win_teが有利(+14.7pt) / [2着]3号艇のrecent_race_countが有利(+8.1pt)、2号艇のsession_exh_rel_avgが有利(+7.6pt) / [候補2]3号艇の当地勝率が有利(+11.7pt)、3号艇のwin_rate_rank_2to6が不利(-11.4pt) / [除外]1号艇の当地勝率が不利(-12.3pt)、天気+14.2pt
20,20,若松,5,17:11,0.8090572746561389,2,0.39068676919673884,3,0.33582057143686417,0.587786049030702,0.2011536751663433,0.5253536654672597,0.4459036602618658,0.5690563339616692,1-2,1-3,0.31608797273052547,0.2716980763001765,0.16274484421714797,0.02893766239895735,0.029588717502344927,True,False,False,False,戦隊,2026-08-22,1号艇のdominance,0.1757,1号艇の勝率順位,0.0992,1号艇の平均ST,0.0898,1号艇のracer_win_te,0.0835,1号艇の級別順位,0.0766,2号艇の当地勝率,0.1124,2号艇のclass_rank_2to6,0.0832,2号艇のwin_rate_rank_2to6,0.0809,2号艇の全国勝率,0.0547,2号艇のモーター2連率,-0.0381,3号艇の当地勝率,0.1263,3号艇の年齢,-0.0741,3号艇のwin_rate_rank_2to6,-0.0578,3号艇のcumulative_diff_rank_2to6,0.0514,3号艇のracer_avgfin_te,0.043,0.0412,東 2.1m/s,[逃げ]1号艇のdominanceが有利(+17.6pt)、1号艇の勝率順位が有利(+9.9pt) / [2着]2号艇の当地勝率が有利(+11.2pt)、2号艇のclass_rank_2to6が有利(+8.3pt) / [候補2]3号艇の当地勝率が有利(+12.6pt)、3号艇の年齢が不利(-7.4pt) / [除外]6号艇のwin_rate_rank_2to6が不利(-5.9pt)、3号艇のracer_win_teが不利(-5.3pt)、天気+4.1pt
21,16,児島,12,16:50,0.7477711221884715,2,0.4544063238569961,3,0.3144914858571456,0.5749595780182015,0.18769703647617234,0.5812007732379694,0.44545772735307315,0.5768319365841319,1-2,1-3,0.33979192672008396,0.2351676512981176,0.14035442359723785,0.017652568055044178,0.014804539982497675,True,False,False,False,準優勝戦,2026-08-22,1号艇のracer_win_te,0.1829,3号艇のsession_exh_rel_last,-0.1218,1号艇の節間得点,0.0935,race_no,0.0886,1号艇の級別順位,0.0832,2号艇のwin_rate_rank_2to6,0.181,2号艇のclass_rank_2to6,0.0778,2号艇の節間得点,0.0707,2号艇の全国勝率,0.052,場×風向,-0.0512,3号艇のsession_exh_rel_avg,0.0977,3号艇のwin_rate_rank_2to6,0.0627,3号艇の当地勝率,0.0462,3号艇のcumulative_diff_rank_2to6,0.0404,2号艇のsession_rank_diff_delta,-0.0384,0.0253,東 2.1m/s,[逃げ]1号艇のracer_win_teが有利(+18.3pt)、3号艇のsession_exh_rel_lastが不利(-12.2pt) / [2着]2号艇のwin_rate_rank_2to6が有利(+18.1pt)、2号艇のclass_rank_2to6が有利(+7.8pt) / [候補2]3号艇のsession_exh_rel_avgが有利(+9.8pt)、3号艇のwin_rate_rank_2to6が有利(+6.3pt) / [除外]6号艇のwin_rate_rank_2to6が不利(-7.9pt)、2号艇のracer_2nd_teが不利(-5.4pt)、天気+2.5pt
22,07,蒲郡,7,17:55,0.7389880321517945,3,0.4506649502714195,4,0.2802834355574445,0.5401621092482028,0.17126656552326924,0.5596818203055948,0.4291480581161093,0.5460180225654204,1-3,1-4,0.12656394222943712,0.33303600476086265,0.20712610448734023,0.041467935203692796,0.030794045470461787,True,False,False,False,予選,2026-08-22,1号艇のdominance,0.2721,1号艇の勝率順位,0.0979,1号艇のracer_win_te,0.0961,1号艇の年齢,-0.0933,1号艇のvs_max234_diff,0.0783,3号艇のsession_exh_rel_avg,0.1056,3号艇のwin_rate_rank_2to6,0.0942,3号艇のモーター2連率,0.0687,場特性:1x_diff_course3,0.0566,3号艇のclass_rank_2to6,0.0478,4号艇のwin_rate_rank_2to6,0.1541,4号艇のclass_rank_2to6,0.0981,4号艇のsession_exh_rel_avg,0.0634,4号艇のcumulative_diff_rank_2to6,0.0459,1号艇vs4号艇のcumulative差,0.0442,0.0785,東 2.2m/s,[逃げ]1号艇のdominanceが有利(+27.2pt)、1号艇の勝率順位が有利(+9.8pt) / [2着]3号艇のsession_exh_rel_avgが有利(+10.6pt)、3号艇のwin_rate_rank_2to6が有利(+9.4pt) / [候補2]4号艇のwin_rate_rank_2to6が有利(+15.4pt)、4号艇のclass_rank_2to6が有利(+9.8pt)、天気+7.9pt
23,19,下関,8,18:48,0.7888320100833486,4,0.44697748472788945,3,0.24359987816121714,0.544749529285872,0.19838006886628035,0.4921972940228262,0.4150685903243459,0.5289838587069582,1-4,1-3,0.15648854848426105,0.19215938154597173,0.3525901477399003,0.08648587791812767,0.0011080617416584291,True,False,False,False,予選,2026-08-22,1号艇の年齢,-0.1678,1号艇のsession_exh_rel_avg,0.1082,ST差分(6-5),0.1003,1号艇のモーター2連率,0.0988,1号艇の節間得点,0.0983,4号艇のwin_rate_rank_2to6,0.2517,4号艇のclass_rank_2to6,0.2158,2号艇のsession_exh_rel_delta,0.0828,3号艇の年齢,0.0613,4号艇の節間得点,0.0576,3号艇のwin_rate_rank_2to6,-0.1,6号艇のvs_avg456_diff,0.0641,3号艇の全国勝率,-0.0636,local_win_rateの分散(2-6号艇),0.0544,3号艇の女子戦勝率,0.0475,0.0565,東 0.9m/s,[逃げ]1号艇の年齢が不利(-16.8pt)、1号艇のsession_exh_rel_avgが有利(+10.8pt) / [2着]4号艇のwin_rate_rank_2to6が有利(+25.2pt)、4号艇のclass_rank_2to6が有利(+21.6pt) / [候補2]3号艇のwin_rate_rank_2to6が不利(-10.0pt)、6号艇のvs_avg456_diffが有利(+6.4pt) / [除外]6号艇の直近平均着順が不利(-24.2pt)、6号艇の全国勝率が不利(-12.2pt)、天気+5.6pt
24,07,蒲郡,12,20:31,0.6730056865325125,3,0.49845932730472625,2,0.25425126353148614,0.5065785079460182,0.15197564845490863,0.6007349423813038,0.4141933912599188,0.5348254382766038,1-3,1-2,0.17111254616476657,0.33546596178125165,0.10228047562461955,0.0487987126351235,0.015347978417828824,False,False,False,False,一般記者特選,2026-08-22,2号艇のsession_exh_rel_avg,-0.2841,1号艇のsession_exh_rel_avg,0.1231,6号艇のモーター2連率,-0.1022,1号艇の節間得点,0.0995,レース時間帯,0.0957,3号艇のsession_exh_rel_avg,0.2017,3号艇の一般戦2連率,0.0945,3号艇のwin_rate_rank_2to6,0.0766,場特性:1x_diff_course3,0.0685,3号艇のsession_rank_diff_delta,0.0605,2号艇のsession_exh_rel_avg,0.225,2号艇のwin_rate_rank_2to6,-0.1307,2号艇のclass_rank_2to6,-0.0489,1号艇の女子戦2連率,0.0445,2号艇のsession_avg_finish,0.0414,0.1704,東 2.2m/s,[逃げ]2号艇のsession_exh_rel_avgが不利(-28.4pt)、1号艇のsession_exh_rel_avgが有利(+12.3pt) / [2着]3号艇のsession_exh_rel_avgが有利(+20.2pt)、3号艇の一般戦2連率が有利(+9.4pt) / [候補2]2号艇のsession_exh_rel_avgが有利(+22.5pt)、2号艇のwin_rate_rank_2to6が不利(-13.1pt) / [除外]6号艇のwin_rate_rank_2to6が不利(-6.4pt)、3号艇のracer_win_teが不利(-5.2pt)、天気+17.0pt
25,19,下関,11,20:17,0.7533133383755579,3,0.3937342901077072,4,0.30885003098105096,0.5292661404096973,0.185590206713914,0.5169941143748441,0.41139420552332395,0.5255845325992413,1-3,1-4,0.13980757818946843,0.29660529251396733,0.23266084789573,0.04184864757709213,0.04239097921507721,False,False,False,False,一般特選,2026-08-22,1号艇のdominance,0.1157,場特性:in_escape_diff,0.0969,5号艇の枠別出走数,-0.0832,1号艇の級別順位,0.0768,1号艇の節間得点,0.0706,3号艇の年齢,-0.0732,3号艇のwin_rate_rank_2to6,0.0722,3号艇のcumulative_diff_rank_2to6,0.0407,3号艇の節間得点,0.0358,場特性:1x_diff_course3,0.0355,4号艇のclass_rank_2to6,0.2065,4号艇のwin_rate_rank_2to6,0.1652,4号艇のsession_exh_rel_avg,-0.1505,5号艇のracer_win_te,0.0802,4号艇の当地勝率,0.058,0.1057,東 3.3m/s,[逃げ]1号艇のdominanceが有利(+11.6pt)、場特性:in_escape_diffが有利(+9.7pt) / [2着]3号艇の年齢が不利(-7.3pt)、3号艇のwin_rate_rank_2to6が有利(+7.2pt) / [候補2]4号艇のclass_rank_2to6が有利(+20.7pt)、4号艇のwin_rate_rank_2to6が有利(+16.5pt) / [除外]6号艇のwin_rate_rank_2to6が不利(-9.1pt)、天気+10.6pt
26,19,下関,12,20:45,0.8218041430455023,3,0.3963762248363648,4,0.2702286550499961,0.5478186520649608,0.21247867483595725,0.4541262050504036,0.40813891457554097,0.5197109179605937,1-3,1-4,0.17461585528900778,0.3257436237752601,0.2220750282897007,0.08493372436506794,0.01443590290745354,False,False,False,False,一般シーボー,2026-08-22,1号艇のdominance,0.1753,場特性:in_escape_diff,0.0852,1号艇の級別順位,0.0767,1号艇の勝率順位,0.0741,race_no,0.071,3号艇のwin_rate_rank_2to6,0.1327,3号艇のsession_exh_rel_avg,-0.0666,6号艇のsession_rank_diff_delta,-0.053,場特性:1x_diff_course3,0.0446,6号艇のsession_rank_diff_last,0.0384,4号艇のclass_rank_2to6,0.1599,4号艇のwin_rate_rank_2to6,-0.0834,4号艇のモーター2連率,0.0808,4号艇の年齢,-0.0687,4号艇のsession_exh_rel_avg,0.0682,0.0958,東 3.6m/s,[逃げ]1号艇のdominanceが有利(+17.5pt)、場特性:in_escape_diffが有利(+8.5pt) / [2着]3号艇のwin_rate_rank_2to6が有利(+13.3pt)、3号艇のsession_exh_rel_avgが不利(-6.7pt) / [候補2]4号艇のclass_rank_2to6が有利(+16.0pt)、4号艇のwin_rate_rank_2to6が不利(-8.3pt) / [除外]6号艇のwin_rate_rank_2to6が不利(-7.2pt)、天気+9.6pt
27,07,蒲郡,8,18:25,0.7486336049975066,3,0.43263989732299635,4,0.23145707125286333,0.4971653076528617,0.1543086260528898,0.5097883425229699,0.4051050329987713,0.5009522181138941,1-3,1-4,0.11552062300418707,0.3238887659986659,0.17327654165419584,0.09586166826005696,0.040086006080400846,True,False,False,False,予選,2026-08-22,1号艇のdominance,0.315,1号艇のsession_exh_rel_avg,0.1383,1号艇の年齢,-0.0959,2号艇のモーター2連率,-0.0892,1号艇vs4号艇の枠別平均ST差,-0.0819,3号艇のsession_exh_rel_avg,-0.1855,3号艇のwin_rate_rank_2to6,0.175,2号艇の直近複勝率,0.0867,1号艇のracer_win_te,-0.0581,1号艇のsession_rank_diff_last,0.0567,4号艇のwin_rate_rank_2to6,-0.1131,4号艇のcumulative_diff_rank_2to6,-0.0824,4号艇の全国勝率,-0.0651,4号艇のモーター2連率,-0.0583,ST差分(2-1),0.0566,0.066,東 2.2m/s,[逃げ]1号艇のdominanceが有利(+31.5pt)、1号艇のsession_exh_rel_avgが有利(+13.8pt) / [2着]3号艇のsession_exh_rel_avgが不利(-18.6pt)、3号艇のwin_rate_rank_2to6が有利(+17.5pt) / [候補2]4号艇のwin_rate_rank_2to6が不利(-11.3pt)、4号艇のcumulative_diff_rank_2to6が不利(-8.2pt) / [除外]6号艇のsession_exh_rel_avgが不利(-8.4pt)、2号艇のwin_rate_rank_2to6が不利(-7.9pt)、天気+6.6pt
28,06,浜名湖,12,17:06,0.7631521705023683,4,0.36307269873439973,3,0.33930218972428705,0.5360189206336057,0.20369880747443103,0.49867608098425575,0.40499522273344907,0.5248160687388006,1-4,1-3,0.15545318705285607,0.25893920254429603,0.2770797180893096,0.06059653651492219,0.011083512796908309,True,False,False,False,予選特選,2026-08-22,1号艇のdominance,0.1668,1号艇のracer_win_te,0.1012,風速区分,0.0985,race_no,0.0874,レース時間帯,0.0737,4号艇のwin_rate_rank_2to6,0.1692,4号艇の全国勝率,0.0952,4号艇のclass_rank_2to6,0.0931,4号艇のsession_exh_rel_avg,0.0675,4号艇のcumulative_diff_rank_2to6,0.0655,4号艇のsession_rank_diff_last,-0.1308,3号艇のsession_exh_rel_avg,0.1215,3号艇のwin_rate_rank_2to6,0.0724,3号艇のclass_rank_2to6,0.0515,2号艇のvs_boat3_diff,0.0454,0.1776,南東 1.0m/s,[逃げ]1号艇のdominanceが有利(+16.7pt)、1号艇のracer_win_teが有利(+10.1pt) / [2着]4号艇のwin_rate_rank_2to6が有利(+16.9pt)、4号艇の全国勝率が有利(+9.5pt) / [候補2]4号艇のsession_rank_diff_lastが不利(-13.1pt)、3号艇のsession_exh_rel_avgが有利(+12.1pt) / [除外]6号艇のsession_exh_rel_avgが不利(-7.4pt)、2号艇のwin_rate_rank_2to6が不利(-6.3pt)、天気+17.8pt
29,07,蒲郡,9,18:55,0.7212616210865095,4,0.38966214480662,3,0.2921269469550408,0.49174830556311444,0.15933831997469786,0.522450771786963,0.39772308693251723,0.500959045430269,1-4,1-3,0.11492461496615153,0.2106999553238455,0.28104835023926894,0.05329054534967297,0.06129815789447944,True,False,False,False,予選特賞,2026-08-22,1号艇のsession_exh_rel_avg,0.1018,風速区分,0.0747,1号艇のlocal_win_rate順位,-0.0679,1号艇の一般戦勝率,-0.0604,6号艇の女子戦勝率,0.0603,4号艇のclass_rank_2to6,0.2225,4号艇のwin_rate_rank_2to6,0.185,4号艇のsession_exh_rel_avg,-0.1543,4号艇のモーター2連率,-0.0696,4号艇の全国勝率,0.0577,3号艇のsession_exh_rel_avg,-0.1117,3号艇のwin_rate_rank_2to6,-0.0853,3号艇の当地勝率,-0.0656,ST差分(2-1),0.0512,6号艇のracer_2nd_te,-0.0491,0.0339,東 2.2m/s,[逃げ]1号艇のsession_exh_rel_avgが有利(+10.2pt)、風速区分が有利(+7.5pt) / [2着]4号艇のclass_rank_2to6が有利(+22.2pt)、4号艇のwin_rate_rank_2to6が有利(+18.5pt) / [候補2]3号艇のsession_exh_rel_avgが不利(-11.2pt)、3号艇のwin_rate_rank_2to6が不利(-8.5pt) / [除外]6号艇のsession_exh_rel_avgが不利(-10.1pt)、2号艇のwin_rate_rank_2to6が不利(-6.1pt)、天気+3.4pt
30,04,平和島,2,12:24,0.8447618191915478,2,0.3909283876644431,6,0.21615049351117893,0.512837060054688,0.19819318819958553,0.4088856929760365,0.39086808570371884,0.4816516499310925,1-2,1-6,0.33024137593703357,0.11291161174198618,0.051587099739069955,0.1674260382148547,0.18259568411765437,True,True,False,False,東京ベイラン,2026-08-22,1号艇のdominance,0.3677,1号艇のracer_win_te,0.1716,1号艇のvs_max234_diff,0.1478,場特性:in_escape_diff,-0.1329,風速区分,0.0945,1号艇vs2号艇の枠別勝率差,-0.2075,3号艇のsession_exh_rel_delta,0.0792,2号艇の全国勝率,-0.0712,3号艇の全国勝率,-0.0677,1号艇のframe_dominance,-0.0487,6号艇のsession_exh_rel_last,0.336,6号艇のwin_rate_rank_2to6,0.2868,6号艇のsession_exh_rel_avg,0.2498,6号艇のvs_avg456_diff,0.1052,4号艇のsession_exh_rel_avg,0.1008,0.0206,北 0.8m/s,[逃げ]1号艇のdominanceが有利(+36.8pt)、1号艇のracer_win_teが有利(+17.2pt) / [2着]1号艇vs2号艇の枠別勝率差が不利(-20.8pt)、3号艇のsession_exh_rel_deltaが有利(+7.9pt) / [候補2]6号艇のsession_exh_rel_lastが有利(+33.6pt)、6号艇のwin_rate_rank_2to6が有利(+28.7pt) / [除外]1号艇vs3号艇の枠別勝率差が不利(-5.9pt)、4号艇のwin_rate_rank_2to6が不利(-5.0pt)、天気+2.1pt
31,19,下関,6,17:48,0.6835069419966568,3,0.4643330615009966,2,0.28594456881800234,0.5128199687478372,0.20305488591302076,0.5472227444059782,0.3878632484502241,0.5231408014452794,1-3,1-2,0.19544509781334538,0.3173748709344918,0.13878942412788886,0.0206731554045961,0.011224386077549438,True,False,False,False,予選,2026-08-22,1号艇のracer_win_te,0.2188,1号艇のsession_exh_rel_avg,-0.2171,3号艇の枠別出走数,-0.1986,1号艇の節間得点,0.1103,場特性:in_escape_diff,0.1035,3号艇のwin_rate_rank_2to6,0.186,3号艇の当地勝率,0.1091,1号艇の直近1着率,0.0749,3号艇の枠別出走数,-0.0688,3号艇の年齢,-0.0569,2号艇のsession_exh_rel_avg,0.0781,2号艇のclass_rank_2to6,-0.0635,3号艇の女子戦2連率,-0.0572,2号艇の全国勝率,0.0432,2号艇の直近平均着順,-0.0375,0.0454,東 1.9m/s,[逃げ]1号艇のracer_win_teが有利(+21.9pt)、1号艇のsession_exh_rel_avgが不利(-21.7pt) / [2着]3号艇のwin_rate_rank_2to6が有利(+18.6pt)、3号艇の当地勝率が有利(+10.9pt) / [候補2]2号艇のsession_exh_rel_avgが有利(+7.8pt)、2号艇のclass_rank_2to6が不利(-6.3pt) / [除外]6号艇のwin_rate_rank_2to6が不利(-7.7pt)、3号艇のracer_win_teが不利(-5.1pt)、天気+4.5pt
32,23,唐津,1,08:44,0.6864873516700039,2,0.48218329664990056,3,0.21681004225623615,0.4798500860606472,0.18249984275625886,0.5164934961498778,0.37476300775747273,0.49084310908741635,1-2,1-3,0.3310127343367021,0.1488373517239452,0.12528383373393628,0.07265515471223154,0.008698267253400652,False,False,True,False,朝１戦,2026-08-22,1号艇のdominance,0.1713,1号艇のsession_exh_rel_avg,-0.1564,1号艇のracer_win_te,0.1032,1号艇の勝率順位,0.0966,1号艇の級別順位,0.0731,2号艇のwin_rate_rank_2to6,0.1826,2号艇のsession_exh_rel_avg,0.0875,3号艇の女子戦2連率,-0.0547,5号艇の年齢,-0.0545,2号艇の全国勝率,0.0544,3号艇のwin_rate_rank_2to6,-0.1698,3号艇のracer_avgfin_te,-0.0722,3号艇の全国勝率,-0.0614,3号艇の一般戦勝率,-0.0529,3号艇のモーター2連率,0.0474,0.0297,北 3.2m/s,[逃げ]1号艇のdominanceが有利(+17.1pt)、1号艇のsession_exh_rel_avgが不利(-15.6pt) / [2着]2号艇のwin_rate_rank_2to6が有利(+18.3pt)、2号艇のsession_exh_rel_avgが有利(+8.7pt) / [候補2]3号艇のwin_rate_rank_2to6が不利(-17.0pt)、3号艇のracer_avgfin_teが不利(-7.2pt) / [除外]ST差分(6-5)が不利(-8.5pt)、win_rate_range_1to6が不利(-7.1pt)、天気+3.0pt
33,08,常滑,1,10:30,0.7831998850736717,2,0.3834735343035701,3,0.2338474339877118,0.4834857114192997,0.1880559034959546,0.42926506479532733,0.3743789006732907,0.467219517432108,1-2,1-3,0.3003364279953508,0.1831492834239489,0.14728536200545714,0.11239564924250076,0.040033149277002814,False,False,True,False,朝トコ小判Ｒ,2026-08-22,1号艇のdominance,0.2068,1号艇のracer_win_te,0.1069,場特性:in_escape_diff,0.0903,1号艇の級別順位,0.0737,1号艇の勝率順位,0.0694,2号艇のwin_rate_rank_2to6,0.1616,3号艇のracer_2nd_te,0.0665,2号艇のclass_rank_2to6,-0.047,2号艇のモーター2連率,-0.0443,2号艇の全国勝率,0.0443,3号艇のwin_rate_rank_2to6,-0.1179,3号艇のcumulative_diff_rank_2to6,0.0533,3号艇の全国勝率,-0.0502,3号艇のモーター2連率,-0.0447,場特性:1x_diff_course3,-0.0352,0.0548,北西 2.2m/s,[逃げ]1号艇のdominanceが有利(+20.7pt)、1号艇のracer_win_teが有利(+10.7pt) / [2着]2号艇のwin_rate_rank_2to6が有利(+16.2pt)、3号艇のracer_2nd_teが有利(+6.7pt) / [候補2]3号艇のwin_rate_rank_2to6が不利(-11.8pt)、3号艇のcumulative_diff_rank_2to6が有利(+5.3pt)、天気+5.5pt
34,08,常滑,11,15:29,0.7621135568414197,2,0.4317273672840398,3,0.22116469882467943,0.4975778947356593,0.21212194672830847,0.4407701193804107,0.3709212647192976,0.48053556212908466,1-2,1-3,0.3290252794666216,0.16855261526903778,0.16166101130523733,0.0717304962845573,0.03114413322275891,True,False,False,False,予選特選,2026-08-22,1号艇のracer_win_te,0.1749,1号艇の級別順位,0.0981,場特性:in_escape_diff,0.0966,1号艇の勝率順位,-0.0791,1号艇の年齢,-0.0698,2号艇のwin_rate_rank_2to6,0.1627,2号艇の当地勝率,0.0903,1号艇vs3号艇の枠別勝率差,0.0704,2号艇のsession_exh_rel_avg,0.0531,2号艇の全国勝率,0.0523,3号艇のwin_rate_rank_2to6,-0.1168,3号艇のcumulative_diff_rank_2to6,0.0526,1号艇のracer_win_te,-0.0401,3号艇のモーター2連率,0.0324,3号艇の当地勝率,-0.0323,0.1074,南 0.9m/s,[逃げ]1号艇のracer_win_teが有利(+17.5pt)、1号艇の級別順位が有利(+9.8pt) / [2着]2号艇のwin_rate_rank_2to6が有利(+16.3pt)、2号艇の当地勝率が有利(+9.0pt) / [候補2]3号艇のwin_rate_rank_2to6が不利(-11.7pt)、3号艇のcumulative_diff_rank_2to6が有利(+5.3pt) / [除外]1号艇vs3号艇の枠別勝率差が不利(-6.6pt)、天気+10.7pt
35,20,若松,1,15:20,0.592958068243033,2,0.3954855944794655,3,0.3602200031488627,0.44810173133014025,0.14762045671406016,0.608085140914268,0.3687229526501606,0.4960967542053786,1-2,1-3,0.23450637412049138,0.2135953572096489,0.08753274084632338,0.034478305868840466,0.02284529792902217,True,False,False,False,予選,2026-08-22,1号艇の直近1着率,-0.0936,1号艇の全国勝率,-0.0703,1号艇の級別順位,0.0685,1号艇のdominance,0.0649,1号艇の勝率順位,-0.0646,2号艇のwin_rate_rank_2to6,0.0717,second_best_win_rate,0.0587,2号艇のモーター2連率,-0.0526,2号艇のclass_rank_2to6,-0.049,2号艇のsession_exh_rel_avg,0.0366,3号艇のwin_rate_rank_2to6,0.1529,3号艇の当地勝率,-0.0579,3号艇のsession_exh_rel_avg,0.0373,3号艇のcumulative_diff_rank_2to6,0.0294,1号艇vs4号艇のlocal_win_rate差,-0.0288,0.0482,東 3.0m/s,[逃げ]1号艇の直近1着率が不利(-9.4pt)、1号艇の全国勝率が不利(-7.0pt) / [2着]2号艇のwin_rate_rank_2to6が有利(+7.2pt)、second_best_win_rateが有利(+5.9pt) / [候補2]3号艇のwin_rate_rank_2to6が有利(+15.3pt)、3号艇の当地勝率が不利(-5.8pt) / [除外]6号艇のwin_rate_rank_2to6が不利(-6.1pt)、天気+4.8pt
36,23,唐津,11,13:42,0.7485482869224107,2,0.32676876108094854,3,0.3065244029822575,0.47405051307918605,0.19334525814945913,0.4399479059137469,0.3640640104865715,0.4638197309295543,1-2,1-3,0.24460219632690255,0.22944831675228355,0.1447282617723489,0.119716286504707,0.010053211623370306,True,True,False,False,準優勝戦,2026-08-22,1号艇のdominance,0.1496,1号艇のracer_win_te,0.0917,1号艇の級別順位,0.0764,1号艇の節間得点,0.0682,4号艇のsession_exh_rel_avg,-0.0584,2号艇のsession_exh_rel_avg,-0.1201,2号艇の全国勝率,0.0633,2号艇のclass_rank_2to6,-0.049,2号艇の節間得点,0.0418,2号艇のcumulative_diff_rank_2to6,0.037,3号艇のwin_rate_rank_2to6,0.1498,3号艇のsession_exh_rel_avg,-0.066,3号艇の節間得点,0.0537,2号艇のsession_rank_diff_delta,-0.0417,3号艇のcumulative_diff_rank_2to6,0.03,0.0966,北東 3.0m/s,[逃げ]1号艇のdominanceが有利(+15.0pt)、1号艇のracer_win_teが有利(+9.2pt) / [2着]2号艇のsession_exh_rel_avgが不利(-12.0pt)、2号艇の全国勝率が有利(+6.3pt) / [候補2]3号艇のwin_rate_rank_2to6が有利(+15.0pt)、3号艇のsession_exh_rel_avgが不利(-6.6pt) / [除外]6号艇のwin_rate_rank_2to6が不利(-7.2pt)、天気+9.7pt
37,20,若松,10,19:39,0.7643908520222948,2,0.3894660806460297,4,0.25683170872538863,0.49402411787774414,0.2230764054497119,0.42322138392170644,0.3617779685717858,0.4727832976909328,1-2,1-4,0.2977043092188025,0.17051756362777618,0.19631980865894166,0.08205229727939298,0.017796885339587294,True,False,False,False,予選特賞,2026-08-22,1号艇のdominance,0.1848,1号艇の勝率順位,0.1064,1号艇のlocal_win_rate順位,0.0752,1号艇のvs_max234_diff,0.0598,レース時間帯,0.0563,3号艇のracer_2nd_te,0.0963,2号艇のwin_rate_rank_2to6,0.0861,2号艇のclass_rank_2to6,0.0808,2号艇の全国勝率,0.046,2号艇のsession_exh_rel_avg,0.0426,4号艇のclass_rank_2to6,0.211,4号艇のwin_rate_rank_2to6,0.191,4号艇の年齢,-0.0669,4号艇のcumulative_diff_rank_2to6,0.0505,win_rate_gap_top2_2to6,-0.0476,0.0717,東 2.5m/s,[逃げ]1号艇のdominanceが有利(+18.5pt)、1号艇の勝率順位が有利(+10.6pt) / [2着]3号艇のracer_2nd_teが有利(+9.6pt)、2号艇のwin_rate_rank_2to6が有利(+8.6pt) / [候補2]4号艇のclass_rank_2to6が有利(+21.1pt)、4号艇のwin_rate_rank_2to6が有利(+19.1pt) / [除外]6号艇のwin_rate_rank_2to6が不利(-7.0pt)、天気+7.2pt
38,21,芦屋,1,08:32,0.6832566703040358,3,0.42180940465717565,2,0.2562032302181819,0.4632566553290028,0.1851670436988635,0.49284559117649407,0.36032081691968904,0.47213333608325014,1-3,1-2,0.17505256600001332,0.2882040893289895,0.12651661772772738,0.06135728743692418,0.03212610471972262,False,False,True,False,サンライズＶ,2026-08-22,1号艇のdominance,0.3277,1号艇のsession_exh_rel_avg,-0.1938,6号艇のモーター出走数,-0.1137,1号艇の勝率順位,0.0956,1号艇の級別順位,0.0792,3号艇のwin_rate_rank_2to6,0.1464,6号艇のモーター出走数,0.0748,4号艇のモーター出走数,-0.0508,6号艇のsession_rank_diff_last,-0.0492,場特性:1x_diff_course3,0.041,2号艇のsession_exh_rel_avg,-0.0835,2号艇の全国勝率,-0.0636,3号艇の女子戦2連率,-0.0543,second_best_win_rate,0.0543,3号艇のモーター出走数,0.0477,-0.0176,東 2.1m/s,[逃げ]1号艇のdominanceが有利(+32.8pt)、1号艇のsession_exh_rel_avgが不利(-19.4pt) / [2着]3号艇のwin_rate_rank_2to6が有利(+14.6pt)、6号艇のモーター出走数が有利(+7.5pt) / [候補2]2号艇のsession_exh_rel_avgが不利(-8.3pt)、2号艇の全国勝率が不利(-6.4pt)、天気-1.8pt
39,21,芦屋,11,13:37,0.729518380641504,3,0.4401757731719481,5,0.16795384204996622,0.44364173211683183,0.1565316340625272,0.4515979811593871,0.36030897379693866,0.44602860682959833,1-3,1-5,0.11419270420046333,0.32111631724202155,0.10340896892292463,0.12252541487481029,0.06827495909527767,True,True,False,False,予選特選,2026-08-22,1号艇のsession_exh_rel_avg,0.1465,1号艇のdominance,0.1165,1号艇の級別順位,0.084,場特性:in_escape_diff,0.0748,1号艇vs3号艇のcumulative差,-0.0711,6号艇のモーター出走数,0.0822,1号艇vs3号艇のcumulative差,0.0742,3号艇のwin_rate_rank_2to6,-0.0544,5号艇の年齢,0.0543,4号艇のモーター出走数,-0.0532,5号艇のsession_exh_rel_avg,0.1098,5号艇のwin_rate_rank_2to6,0.0766,mean_234_全国勝率,0.0625,1号艇のモーター出走数,0.056,2号艇のモーター出走数,-0.0549,0.1052,東 2.8m/s,[逃げ]1号艇のsession_exh_rel_avgが有利(+14.6pt)、1号艇のdominanceが有利(+11.6pt) / [2着]6号艇のモーター出走数が有利(+8.2pt)、1号艇vs3号艇のcumulative差が有利(+7.4pt) / [候補2]5号艇のsession_exh_rel_avgが有利(+11.0pt)、5号艇のwin_rate_rank_2to6が有利(+7.7pt) / [除外]2号艇のwin_rate_rank_2to6が不利(-6.2pt)、天気+10.5pt
40,22,福岡,3,13:18,0.4585698600165109,3,0.585448781286267,2,0.2751242141148754,0.39463283803509136,0.07826177521658383,0.7823112201845586,0.35757123827902954,0.5109363526799315,1-3,1-2,0.12616367235381098,0.2684691656812804,0.024914302986944633,0.035888491305712485,0.0031342267278404094,True,True,False,False,カタメン３予,2026-08-22,1号艇のdominance,-0.351,3号艇のracer_win_te,-0.1839,1号艇のvs_max234_diff,-0.147,1号艇の全国勝率,-0.085,1号艇のsession_exh_count,-0.0539,3号艇のwin_rate_rank_2to6,0.2007,3号艇の当地勝率,0.1001,3号艇の全国勝率,0.0816,2号艇のvs_boat3_diff,0.0597,win_rate_gap_top2_2to6,0.0496,2号艇のwin_rate_rank_2to6,-0.1948,2号艇の全国勝率,-0.1557,3号艇の全国2連率,0.0848,2号艇のclass_rank_2to6,-0.0571,3号艇の一般戦2連率,0.052,0.0296,北西 3.0m/s,[逃げ]1号艇のdominanceが不利(-35.1pt)、3号艇のracer_win_teが不利(-18.4pt) / [2着]3号艇のwin_rate_rank_2to6が有利(+20.1pt)、3号艇の当地勝率が有利(+10.0pt) / [候補2]2号艇のwin_rate_rank_2to6が不利(-19.5pt)、2号艇の全国勝率が不利(-15.6pt) / [除外]6号艇の直近平均着順が不利(-10.3pt)、6号艇のwin_rate_rank_2to6が不利(-10.3pt)、天気+3.0pt
41,20,若松,12,20:38,0.7694659115143989,2,0.37686519425795895,3,0.2619187825973033,0.49152249501172707,0.2276331524084485,0.4111508244468137,0.35725831698870464,0.46741099384225304,1-2,1-3,0.2899849202177514,0.20153757479397566,0.17515595110886292,0.07675242822518089,0.026035051501047617,False,False,False,False,ドリーム戦,2026-08-22,1号艇のracer_win_te,0.1678,1号艇のdominance,0.1494,race_no,0.0934,3号艇の直近平均着順,0.0903,1号艇の勝率順位,0.0819,2号艇のwin_rate_rank_2to6,-0.1365,2号艇の当地勝率,0.0935,2号艇の全国勝率,0.0684,2号艇のsession_exh_rel_avg,0.0597,2号艇のclass_rank_2to6,-0.0475,3号艇のwin_rate_rank_2to6,0.1637,3号艇の全国勝率,0.0505,1号艇のracer_avgfin_te,0.0474,avg_456_win_rate,-0.0431,全艇平均勝率,-0.0347,0.136,東 3.0m/s,[逃げ]1号艇のracer_win_teが有利(+16.8pt)、1号艇のdominanceが有利(+14.9pt) / [2着]2号艇のwin_rate_rank_2to6が不利(-13.7pt)、2号艇の当地勝率が有利(+9.4pt) / [候補2]3号艇のwin_rate_rank_2to6が有利(+16.4pt)、3号艇の全国勝率が有利(+5.1pt) / [除外]6号艇のwin_rate_rank_2to6が不利(-7.2pt)、3号艇のracer_avgfin_teが不利(-6.2pt)、天気+13.6pt
42,06,浜名湖,4,12:59,0.7374838451532306,2,0.38643572921822045,5,0.23295404293130678,0.45678995081341667,0.18932608859377736,0.4300636835557498,0.3530112451776789,0.44877207063611657,1-2,1-5,0.28499010748844583,0.13962493180396013,0.13264324664686844,0.1717998433249709,0.008425703182531266,True,True,False,False,ランチタイム,2026-08-22,1号艇のdominance,0.3783,1号艇のracer_win_te,0.2019,1号艇のvs_max234_diff,0.1363,1号艇の勝率順位,0.0947,1号艇のsession_exh_rel_avg,-0.0862,2号艇のwin_rate_rank_2to6,0.172,2号艇のモーター2連率,0.1089,2号艇のsession_exh_rel_avg,-0.0874,2号艇の全国勝率,-0.0783,2号艇のclass_rank_2to6,-0.058,second_best_win_rate,0.1905,5号艇のwin_rate_rank_2to6,0.1541,1号艇のsession_exh_rel_delta,0.1126,5号艇のsession_exh_rel_avg,0.1065,mean_234_全国勝率,0.1009,-0.0962,南西 4.2m/s,[逃げ]1号艇のdominanceが有利(+37.8pt)、1号艇のracer_win_teが有利(+20.2pt) / [2着]2号艇のwin_rate_rank_2to6が有利(+17.2pt)、2号艇のモーター2連率が有利(+10.9pt) / [候補2]second_best_win_rateが有利(+19.0pt)、5号艇のwin_rate_rank_2to6が有利(+15.4pt) / [除外]6号艇のwin_rate_rank_2to6が不利(-6.5pt)、天気-9.6pt
43,22,福岡,11,17:23,0.82241003704251,4,0.33753014240994983,2,0.28559948198399815,0.512468057480112,0.25952116932239455,0.36360845507155337,0.35287248605897426,0.4678101767575444,1-4,1-2,0.23487988055778158,0.21343281447574602,0.2775881769223305,0.06389694683476482,0.03261222897489362,True,False,False,False,予選特選,2026-08-22,1号艇のdominance,0.2165,1号艇のracer_win_te,0.1614,1号艇のvs_max234_frame_diff,0.1096,1号艇のvs_max234_diff,0.0908,1号艇の勝率順位,0.0901,4号艇のwin_rate_rank_2to6,0.0896,4号艇のclass_rank_2to6,0.077,4号艇のcumulative_diff_rank_2to6,0.0465,場特性:1x_diff_course4,-0.0412,2号艇の女子戦勝率,0.0381,1号艇vs2号艇の枠別勝率差,-0.1454,2号艇のsession_exh_rel_avg,0.0688,レース時間帯,-0.0612,2号艇のclass_rank_2to6,-0.0581,2号艇の全国勝率,0.0465,0.1401,北 0.5m/s,[逃げ]1号艇のdominanceが有利(+21.6pt)、1号艇のracer_win_teが有利(+16.1pt) / [2着]4号艇のwin_rate_rank_2to6が有利(+9.0pt)、4号艇のclass_rank_2to6が有利(+7.7pt) / [候補2]1号艇vs2号艇の枠別勝率差が不利(-14.5pt)、2号艇のsession_exh_rel_avgが有利(+6.9pt) / [除外]4号艇の一般戦2連率が不利(-6.1pt)、天気+14.0pt
44,02,戸田,11,15:55,0.6388754174012437,5,0.3947523207362731,2,0.2892987540682591,0.4370234159395148,0.16088121802974403,0.5231698567747882,0.3526527845828725,0.4628673481900968,1-5,1-2,0.18482586225901879,0.07862140931841828,0.1027830553207732,0.25219755368049607,0.02044752968254815,True,False,False,False,戸田特選,2026-08-22,場特性:in_escape_diff,-0.1743,1号艇のsession_exh_rel_avg,0.1555,1号艇のdominance,0.1288,1号艇のracer_win_te,0.118,4号艇のモーター2連率,-0.1145,5号艇のwin_rate_rank_2to6,0.2116,5号艇のclass_rank_2to6,0.1378,5号艇のsession_exh_rel_avg,0.125,5号艇のモーター2連率,0.1102,5号艇のracer_avgfin_te,0.0666,2号艇のsession_exh_rel_avg,-0.0785,2号艇の全国勝率,0.0532,2号艇のモーター2連率,-0.0513,2号艇の節間得点,0.0463,1号艇の体重,-0.0375,0.1789,東 1.0m/s,[逃げ]場特性:in_escape_diffが不利(-17.4pt)、1号艇のsession_exh_rel_avgが有利(+15.5pt) / [2着]5号艇のwin_rate_rank_2to6が有利(+21.2pt)、5号艇のclass_rank_2to6が有利(+13.8pt) / [候補2]2号艇のsession_exh_rel_avgが不利(-7.9pt)、2号艇の全国勝率が有利(+5.3pt) / [除外]4号艇の年齢が不利(-8.9pt)、3号艇のwin_rate_rank_2to6が不利(-5.2pt)、天気+17.9pt
45,16,児島,5,12:52,0.7386832597698826,4,0.4173105785876847,3,0.21933056539984738,0.47027615554433744,0.21084817979118461,0.4257929641963475,0.351287909869474,0.45693119813994043,1-4,1-3,0.1030868242656335,0.16201581701673068,0.3082603385276067,0.15575002076469854,0.0095702530036416,True,True,False,False,一般,2026-08-22,1号艇のdominance,0.2052,4号艇のsession_exh_rel_last,-0.1828,1号艇の節間得点,0.1366,1号艇のsession_exh_rel_avg,0.1349,2号艇の平均ST,-0.0758,4号艇のwin_rate_rank_2to6,0.1057,4号艇のclass_rank_2to6,0.0994,4号艇の節間得点,0.0882,4号艇のsession_exh_rel_avg,0.0862,6号艇の全国2連率,-0.0525,3号艇の当地勝率,0.1389,3号艇のwin_rate_rank_2to6,-0.1076,1号艇vs3号艇のcumulative差,-0.0783,6号艇のracer_avgfin_te,0.0666,4号艇のsession_exh_rel_last,-0.0665,0.046,東 3.8m/s,[逃げ]1号艇のdominanceが有利(+20.5pt)、4号艇のsession_exh_rel_lastが不利(-18.3pt) / [2着]4号艇のwin_rate_rank_2to6が有利(+10.6pt)、4号艇のclass_rank_2to6が有利(+9.9pt) / [候補2]3号艇の当地勝率が有利(+13.9pt)、3号艇のwin_rate_rank_2to6が不利(-10.8pt) / [除外]6号艇のvs_avg456_diffが不利(-12.2pt)、6号艇のracer_win_teが不利(-10.9pt)、天気+4.6pt
46,02,戸田,12,16:30,0.6777630269325656,4,0.37007645483205975,2,0.30730594923916277,0.45910474857417005,0.20284442716106932,0.4745379769101532,0.3473525408964249,0.463734717074965,1-4,1-2,0.20828061035072032,0.13748045294908867,0.25082413822344973,0.0716413985203253,0.00953643130749372,True,False,False,False,記者選抜戦,2026-08-22,場特性:in_escape_diff,-0.2062,1号艇のsession_exh_rel_avg,0.1345,1号艇のracer_win_te,0.116,race_no,0.0874,1号艇のdominance,0.0835,4号艇のclass_rank_2to6,0.1858,4号艇のwin_rate_rank_2to6,0.1786,4号艇のモーター2連率,0.1052,4号艇のsession_exh_rel_avg,-0.0781,4号艇の全国勝率,0.0645,2号艇のsession_exh_rel_avg,0.1219,2号艇の全国勝率,0.0624,2号艇のモーター2連率,-0.0434,1号艇の女子戦2連率,0.0384,1号艇の体重,-0.0362,0.0851,東 0.8m/s,[逃げ]場特性:in_escape_diffが不利(-20.6pt)、1号艇のsession_exh_rel_avgが有利(+13.5pt) / [2着]4号艇のclass_rank_2to6が有利(+18.6pt)、4号艇のwin_rate_rank_2to6が有利(+17.9pt) / [候補2]2号艇のsession_exh_rel_avgが有利(+12.2pt)、2号艇の全国勝率が有利(+6.2pt) / [除外]6号艇のwin_rate_rank_2to6が不利(-7.5pt)、6号艇のvs_avg456_diffが不利(-5.7pt)、天気+8.5pt
47,22,福岡,10,16:56,0.6064810893572778,2,0.42489971087617107,3,0.26944357279197295,0.42110607106696535,0.14842471317693118,0.5459185704912128,0.34610301368875085,0.45854982089423957,1-2,1-3,0.25769363951977264,0.16341243154719273,0.09001678173508673,0.08705460683923952,0.008303635364281565,True,False,False,False,予選特賞,2026-08-22,1号艇のdominance,0.1494,1号艇の年齢,-0.1426,6号艇の枠別出走数,-0.0755,1号艇のlocal_win_rate順位,0.0613,1号艇の節間得点,-0.0528,2号艇のwin_rate_rank_2to6,0.0629,2号艇のsession_exh_rel_avg,0.0556,2号艇の全国勝率,0.054,場特性:1x_diff_course2,0.0469,1号艇のモーター出走数,0.0398,3号艇のwin_rate_rank_2to6,-0.0586,3号艇の年齢,-0.0495,場特性:1x_diff_course3,0.0491,3号艇のracer_2nd_te,0.0448,3号艇のcumulative_diff_rank_2to6,0.0409,0.1131,北 2.0m/s,[逃げ]1号艇のdominanceが有利(+14.9pt)、1号艇の年齢が不利(-14.3pt) / [2着]2号艇のwin_rate_rank_2to6が有利(+6.3pt)、2号艇のsession_exh_rel_avgが有利(+5.6pt) / [候補2]3号艇のwin_rate_rank_2to6が不利(-5.9pt)、3号艇の年齢が不利(-4.9pt) / [除外]4号艇の女子戦2連率が不利(-16.7pt)、6号艇のwin_rate_rank_2to6が不利(-7.0pt)、天気+11.3pt
48,03,江戸川,8,14:24,0.4789302271680064,3,0.5370653326204387,2,0.2814373747588327,0.39200568758278265,0.10333881262434677,0.7151638947549246,0.3433944048266282,0.4889531497344252,1-3,1-2,0.13478886582681507,0.2572168217559676,0.049492081005450446,0.016622757065147542,0.020809692593855098,True,True,False,False,予選,2026-08-22,場特性:in_escape_diff,-0.1194,1号艇のsession_exh_rel_avg,0.1015,風速区分,0.0574,1号艇の節間得点,-0.0548,1号艇の全国勝率,-0.054,3号艇のwin_rate_rank_2to6,0.1851,3号艇のsession_exh_rel_last,0.0725,3号艇の節間得点,0.0448,local_win_rateの分散(2-6号艇),0.0431,3号艇の当地勝率,-0.0418,2号艇の当地勝率,0.1091,2号艇のwin_rate_rank_2to6,0.0757,ST差分(3-2),-0.0598,2号艇のsession_exh_rel_avg,0.0491,5号艇のsession_avg_finish,-0.0491,0.0143,東 1.4m/s,[逃げ]場特性:in_escape_diffが不利(-11.9pt)、1号艇のsession_exh_rel_avgが有利(+10.2pt) / [2着]3号艇のwin_rate_rank_2to6が有利(+18.5pt)、3号艇のsession_exh_rel_lastが有利(+7.3pt) / [候補2]2号艇の当地勝率が有利(+10.9pt)、2号艇のwin_rate_rank_2to6が有利(+7.6pt) / [除外]6号艇のwin_rate_rank_2to6が不利(-8.4pt)、5号艇のracer_avgfin_teが不利(-5.5pt)、天気+1.4pt
49,07,蒲郡,4,16:32,0.6267780882083644,3,0.44864421914690567,2,0.22278176707175273,0.4208350960155464,0.16601532902905092,0.5054106571896075,0.3369970036971546,0.44620776436776477,1-3,1-2,0.13963473005291432,0.28120036596263204,0.10405477054211112,0.041153727784788506,0.06073451488029144,True,False,False,False,予選,2026-08-22,1号艇のsession_exh_rel_avg,-0.16,1号艇の級別順位,-0.0874,風速区分,0.0865,1号艇の節間得点,0.0703,1号艇のモーター2連率,-0.0612,3号艇のsession_exh_rel_avg,-0.2302,3号艇のwin_rate_rank_2to6,0.1924,3号艇のsession_exh_rel_last,-0.0969,2号艇のvs_boat3_diff,0.0665,3号艇のracer_avgfin_te,0.0552,2号艇のwin_rate_rank_2to6,-0.1445,2号艇のsession_exh_rel_avg,-0.0979,2号艇のsession_avg_finish,-0.0652,3号艇の女子戦2連率,-0.0526,2号艇の全国勝率,-0.0512,0.0957,東 2.2m/s,[逃げ]1号艇のsession_exh_rel_avgが不利(-16.0pt)、1号艇の級別順位が不利(-8.7pt) / [2着]3号艇のsession_exh_rel_avgが不利(-23.0pt)、3号艇のwin_rate_rank_2to6が有利(+19.2pt) / [候補2]2号艇のwin_rate_rank_2to6が不利(-14.4pt)、2号艇のsession_exh_rel_avgが不利(-9.8pt) / [除外]2号艇の女子戦2連率が不利(-5.5pt)、天気+9.6pt
50,16,児島,11,16:11,0.7981613975837042,3,0.3377709267378993,2,0.3135242228481572,0.5198386468330946,0.29339388449669784,0.35790126508935866,0.3368176709460522,0.4712574323099738,1-3,1-2,0.2502429318848299,0.2695957149482647,0.23417567289239624,0.025603187379991368,0.018543883788110407,True,False,False,False,準優勝戦,2026-08-22,1号艇のdominance,0.2279,1号艇の女子戦比率,-0.1833,1号艇のracer_win_te,0.144,1号艇のsession_exh_rel_avg,0.141,5号艇の平均ST,0.1061,3号艇のモーター2連率,0.0887,3号艇の節間得点,0.0749,3号艇のwin_rate_rank_2to6,0.0652,3号艇のsession_exh_rel_avg,0.0551,2号艇の女子戦勝率,0.0391,2号艇の女子戦比率,-0.1043,2号艇の節間得点,0.0819,2号艇のsession_exh_rel_avg,0.0584,レース時間帯,-0.0474,2号艇のモーター2連率,-0.0471,0.1035,東 2.1m/s,[逃げ]1号艇のdominanceが有利(+22.8pt)、1号艇の女子戦比率が不利(-18.3pt) / [2着]3号艇のモーター2連率が有利(+8.9pt)、3号艇の節間得点が有利(+7.5pt) / [候補2]2号艇の女子戦比率が不利(-10.4pt)、2号艇の節間得点が有利(+8.2pt) / [除外]6号艇のwin_rate_rank_2to6が不利(-7.8pt)、5号艇のwin_rate_rank_2to6が不利(-5.9pt)、天気+10.3pt
51,20,若松,11,20:10,0.648814746791154,3,0.34210473924772955,2,0.3039768672093648,0.4191872738998817,0.16477639286744253,0.48130521358965184,0.3363006735848907,0.4378226558068127,1-3,1-2,0.19722467412881226,0.2219625997710694,0.10690935361544944,0.07493135285298749,0.04778677850795176,False,False,False,False,予選特選,2026-08-22,1号艇の級別順位,0.0784,1号艇vs4号艇の枠別平均ST差,-0.0768,1号艇のモーター2連率順位,-0.0708,レース時間帯,0.0588,1号艇の節間得点,-0.0559,3号艇のwin_rate_rank_2to6,0.0742,6号艇のracer_2nd_te,-0.0694,場特性:1x_diff_course3,0.0608,3号艇のclass_rank_2to6,0.0349,3号艇のcumulative_diff_rank_2to6,0.0345,2号艇のsession_exh_rel_avg,0.0691,2号艇の全国勝率,0.069,2号艇のclass_rank_2to6,-0.054,2号艇のモーター2連率,-0.0468,2号艇の当地勝率,0.0433,0.1201,東 2.8m/s,[逃げ]1号艇の級別順位が有利(+7.8pt)、1号艇vs4号艇の枠別平均ST差が不利(-7.7pt) / [2着]3号艇のwin_rate_rank_2to6が有利(+7.4pt)、6号艇のracer_2nd_teが不利(-6.9pt) / [候補2]2号艇のsession_exh_rel_avgが有利(+6.9pt)、2号艇の全国勝率が有利(+6.9pt)、天気+12.0pt
52,03,江戸川,1,11:14,0.7085545655155305,3,0.3243386366831619,4,0.2914004579523406,0.4362847466703846,0.19452954264995054,0.42120955198555193,0.3344404199884573,0.43176218826493473,1-3,1-4,0.13783479557227057,0.22981162179493728,0.2064731248754473,0.071455305937416,0.06297971205631647,True,True,False,False,予選,2026-08-22,2号艇のsession_exh_rel_avg,-0.2236,1号艇のdominance,0.1645,1号艇のsession_exh_rel_avg,0.1306,1号艇のvs_max234_diff,0.0889,1号艇の級別順位,0.0856,3号艇の全国勝率,-0.0768,3号艇のsession_exh_rel_avg,0.0761,3号艇のsession_exh_rel_last,0.0721,3号艇のwin_rate_rank_2to6,-0.0668,3号艇のモーター2連率,0.0588,2号艇のsession_exh_rel_avg,0.1402,4号艇のwin_rate_rank_2to6,0.1233,4号艇のsession_exh_rel_avg,-0.1159,4号艇のモーター2連率,0.1124,1号艇の平均ST,0.0902,-0.0017,北 0.6m/s,[逃げ]2号艇のsession_exh_rel_avgが不利(-22.4pt)、1号艇のdominanceが有利(+16.5pt) / [2着]3号艇の全国勝率が不利(-7.7pt)、3号艇のsession_exh_rel_avgが有利(+7.6pt) / [候補2]2号艇のsession_exh_rel_avgが有利(+14.0pt)、4号艇のwin_rate_rank_2to6が有利(+12.3pt) / [除外]5号艇のracer_avgfin_teが不利(-5.6pt)、2号艇のwin_rate_rank_2to6が不利(-5.2pt)、天気影響ほぼなし
53,23,唐津,3,09:36,0.4998394734116519,4,0.5342147262523639,3,0.255428801416609,0.39469500505297855,0.1284809192091799,0.6611626084597929,0.33384207258520426,0.4746352860750228,1-4,1-3,0.06421983500096147,0.12767339759424726,0.2670216074587313,0.03978536824635865,0.001139267089778272,False,False,True,False,３ライズ戦,2026-08-22,5号艇の枠別出走数,-0.1759,5号艇の年齢,-0.0606,1号艇の節間得点,-0.055,ST差分(4-3),-0.0538,月,-0.0496,4号艇のclass_rank_2to6,0.2351,4号艇のwin_rate_rank_2to6,0.2202,4号艇のsession_exh_rel_avg,-0.0994,4号艇の全国勝率,0.0892,4号艇の年齢,0.0646,3号艇のracer_avgfin_te,-0.0938,3号艇のwin_rate_rank_2to6,-0.0907,3号艇の全国勝率,-0.0607,2号艇の直近1着率,0.0528,3号艇のracer_2nd_te,-0.049,-0.0029,北 2.7m/s,[逃げ]5号艇の枠別出走数が不利(-17.6pt)、5号艇の年齢が不利(-6.1pt) / [2着]4号艇のclass_rank_2to6が有利(+23.5pt)、4号艇のwin_rate_rank_2to6が有利(+22.0pt) / [候補2]3号艇のracer_avgfin_teが不利(-9.4pt)、3号艇のwin_rate_rank_2to6が不利(-9.1pt) / [除外]6号艇の直近平均着順が不利(-18.8pt)、6号艇の全国勝率が不利(-12.8pt)、天気影響ほぼなし
54,20,若松,9,19:10,0.7250870866676294,3,0.3111103099574185,2,0.3055594673618307,0.4471392922723902,0.21701443824259745,0.39965533907665174,0.33069647347796777,0.43289410631366865,1-3,1-2,0.22155722399310243,0.22558206827928778,0.15735436679013717,0.0623372073029845,0.05825622975617718,True,False,False,False,予選,2026-08-22,1号艇のdominance,0.3038,1号艇の年齢,-0.1423,1号艇の勝率順位,0.0857,1号艇のvs_max234_diff,0.0814,1号艇の級別順位,0.0658,3号艇のwin_rate_rank_2to6,0.0847,3号艇の当地勝率,-0.0601,3号艇のracer_avgfin_te,-0.0559,3号艇の全国勝率,-0.0487,3号艇のracer_2nd_te,-0.0405,2号艇の全国勝率,-0.0565,second_best_win_rate,0.0481,2号艇のwin_rate_rank_2to6,-0.0442,2号艇のracer_avgfin_te,-0.0433,2号艇の当地勝率,-0.0405,0.046,東 1.2m/s,[逃げ]1号艇のdominanceが有利(+30.4pt)、1号艇の年齢が不利(-14.2pt) / [2着]3号艇のwin_rate_rank_2to6が有利(+8.5pt)、3号艇の当地勝率が不利(-6.0pt) / [候補2]2号艇の全国勝率が不利(-5.7pt)、second_best_win_rateが有利(+4.8pt) / [除外]6号艇のwin_rate_rank_2to6が不利(-6.3pt)、天気+4.6pt
55,16,児島,9,15:06,0.6117614651461014,3,0.4802327611408052,4,0.1999252983867723,0.4160944910275201,0.17418256702296359,0.505975492504614,0.3291228031419758,0.4430587914706483,1-3,1-4,0.08693640887638873,0.29378789756665674,0.12230659346086334,0.10655818240487722,0.002172386967982973,True,False,False,False,一般,2026-08-22,1号艇の女子戦比率,-0.156,2号艇の平均ST,-0.0936,1号艇のvs_max234_diff,0.0874,2号艇のracer_avgfin_te,-0.0869,1号艇のsession_exh_rel_avg,-0.0645,3号艇のracer_avgfin_te,-0.0838,3号艇のwin_rate_rank_2to6,0.0595,3号艇のracer_2nd_te,-0.0563,2号艇の節間得点,0.052,win_rate_gap_top2_2to6,0.0515,4号艇のwin_rate_rank_2to6,-0.1174,4号艇のclass_rank_2to6,0.0743,3号艇の女子戦2連率,-0.0732,4号艇の全国勝率,-0.0695,2号艇のsession_exh_rel_delta,0.0652,0.0503,東 2.3m/s,[逃げ]1号艇の女子戦比率が不利(-15.6pt)、2号艇の平均STが不利(-9.4pt) / [2着]3号艇のracer_avgfin_teが不利(-8.4pt)、3号艇のwin_rate_rank_2to6が有利(+6.0pt) / [候補2]4号艇のwin_rate_rank_2to6が不利(-11.7pt)、4号艇のclass_rank_2to6が有利(+7.4pt) / [除外]6号艇のracer_win_teが不利(-16.0pt)、6号艇の全国勝率が不利(-15.0pt)、天気+5.0pt
56,03,江戸川,12,16:25,0.837811524992293,2,0.3043734716671489,3,0.27002577639601777,0.4812383099742281,0.2656170673487268,0.30878218071443986,0.3278481796647737,0.42950147119629156,1-2,1-3,0.25500760246465254,0.22623070750957558,0.22253704025941742,0.07587235251593023,0.05816379727398818,True,False,False,False,記者選抜戦,2026-08-22,1号艇のdominance,0.3197,1号艇のracer_win_te,0.1966,1号艇のsession_exh_rel_avg,0.1368,場特性:in_escape_diff,-0.0961,race_no,0.0932,2号艇のsession_exh_rel_avg,0.0805,2号艇のモーター2連率,0.0768,2号艇のclass_rank_2to6,-0.0634,2号艇の全国勝率,0.0602,1号艇の一般戦勝率,-0.0567,3号艇のsession_exh_rel_avg,0.1058,3号艇のwin_rate_rank_2to6,-0.0985,3号艇の全国勝率,-0.0796,3号艇のcumulative_diff_rank_2to6,0.0596,3号艇の節間得点,0.048,0.129,北東 1.0m/s,[逃げ]1号艇のdominanceが有利(+32.0pt)、1号艇のracer_win_teが有利(+19.7pt) / [2着]2号艇のsession_exh_rel_avgが有利(+8.0pt)、2号艇のモーター2連率が有利(+7.7pt) / [候補2]3号艇のsession_exh_rel_avgが有利(+10.6pt)、3号艇のwin_rate_rank_2to6が不利(-9.9pt) / [除外]6号艇のsession_exh_rel_avgが不利(-8.4pt)、天気+12.9pt
57,19,下関,1,15:25,0.49137211533294967,2,0.5359565842149954,3,0.2556812819209001,0.3889887728608574,0.1342258443349987,0.6574120218008968,0.32633395709195706,0.4695157475428692,1-2,1-3,0.26335412051234447,0.12563465234851295,0.06595483706323953,0.033383995501886025,0.003044517457794692,True,False,False,False,予選,2026-08-22,1号艇のdominance,-0.1727,1号艇のsession_exh_rel_avg,-0.1692,1号艇のracer_win_te,-0.1287,場特性:in_escape_diff,0.0798,1号艇の全国勝率,-0.0774,2号艇のwin_rate_rank_2to6,0.2128,全艇平均勝率,0.0946,ST差分(6-5),0.0684,2号艇のsession_exh_rel_avg,-0.0627,2号艇の全国勝率,0.0409,3号艇のsession_exh_rel_avg,0.0891,3号艇の全国勝率,-0.0853,3号艇の当地勝率,-0.0611,3号艇のwin_rate_rank_2to6,0.0565,6号艇のsession_rank_diff_last,0.0431,-0.0506,東 4.5m/s,[逃げ]1号艇のdominanceが不利(-17.3pt)、1号艇のsession_exh_rel_avgが不利(-16.9pt) / [2着]2号艇のwin_rate_rank_2to6が有利(+21.3pt)、全艇平均勝率が有利(+9.5pt) / [候補2]3号艇のsession_exh_rel_avgが有利(+8.9pt)、3号艇の全国勝率が不利(-8.5pt) / [除外]5号艇の直近平均着順が不利(-23.1pt)、ST差分(6-5)が不利(-10.5pt)、天気-5.1pt
58,03,江戸川,10,15:22,0.8033813968990562,2,0.3087636532409045,3,0.30327503909644604,0.49170049960625234,0.2843176872115328,0.32772100512581775,0.3239415209876866,0.44250665126212196,1-2,1-3,0.24805497505233365,0.2436455245539187,0.22841554071511014,0.04986898211593876,0.0333963714689261,True,False,False,False,予選特賞,2026-08-22,1号艇のdominance,0.3032,3号艇のsession_exh_rel_avg,-0.1606,場特性:in_escape_diff,-0.1338,1号艇のsession_exh_rel_avg,0.1014,レース時間帯,0.0846,2号艇のsession_exh_rel_avg,-0.1402,レース時間帯,-0.0688,ST差分(3-2),-0.0671,2号艇のwin_rate_rank_2to6,0.0608,3号艇の女子戦2連率,-0.0572,3号艇のcumulative_diff_rank_2to6,-0.0711,3号艇のwin_rate_rank_2to6,-0.0697,3号艇のsession_exh_rel_last,0.0518,3号艇の節間得点,-0.0495,場特性:1x_diff_course3,-0.0458,0.0757,北東 1.3m/s,[逃げ]1号艇のdominanceが有利(+30.3pt)、3号艇のsession_exh_rel_avgが不利(-16.1pt) / [2着]2号艇のsession_exh_rel_avgが不利(-14.0pt)、レース時間帯が不利(-6.9pt) / [候補2]3号艇のcumulative_diff_rank_2to6が不利(-7.1pt)、3号艇のwin_rate_rank_2to6が不利(-7.0pt) / [除外]1号艇のsession_exh_rel_deltaが不利(-7.8pt)、6号艇のwin_rate_rank_2to6が不利(-7.5pt)、天気+7.6pt
59,21,芦屋,4,09:50,0.6214558770575604,3,0.3494913339701782,4,0.31035167617516435,0.4100633165901746,0.1753848266395724,0.48445818350577013,0.32376065616047556,0.4323817766648532,1-3,1-4,0.10899393126188366,0.21719344347645383,0.19286987311372075,0.09900863304167085,0.003389997321383105,False,False,True,False,サンライズＹ,2026-08-22,1号艇のracer_win_te,0.1263,1号艇の年齢,-0.1093,1号艇の級別順位,0.0754,1号艇の勝率順位,-0.0699,1号艇の節間得点,-0.058,3号艇のsession_exh_rel_avg,-0.1403,4号艇のsession_rank_diff_last,-0.0944,6号艇のモーター出走数,0.0742,3号艇の節間得点,0.057,3号艇のcumulative_diff_rank_2to6,0.0455,4号艇のsession_exh_rel_avg,-0.0892,4号艇の当地勝率,0.0743,4号艇のwin_rate_rank_2to6,0.069,4号艇のclass_rank_2to6,0.0593,2号艇の節間得点,0.0556,0.052,東 3.5m/s,[逃げ]1号艇のracer_win_teが有利(+12.6pt)、1号艇の年齢が不利(-10.9pt) / [2着]3号艇のsession_exh_rel_avgが不利(-14.0pt)、4号艇のsession_rank_diff_lastが不利(-9.4pt) / [候補2]4号艇のsession_exh_rel_avgが不利(-8.9pt)、4号艇の当地勝率が有利(+7.4pt) / [除外]6号艇のvs_avg456_diffが不利(-10.4pt)、6号艇の直近平均着順が不利(-9.3pt)、天気+5.2pt
60,22,福岡,5,14:19,0.5022952960736347,2,0.5331829622850244,3,0.22851968330104533,0.38259965588472566,0.12952210355589314,0.6321805420301766,0.323133521184785,0.4574739217283609,1-2,1-3,0.2678152939023739,0.11478436198235178,0.0650583433536873,0.03706498894580719,0.017572306953816553,True,True,False,False,予選,2026-08-22,1号艇のdominance,-0.1156,1号艇のracer_win_te,-0.0987,1号艇の級別順位,-0.0869,1号艇の年齢,0.0794,1号艇のモーター2連率順位,0.0641,2号艇のwin_rate_rank_2to6,0.1859,2号艇のclass_rank_2to6,0.092,2号艇のracer_avgfin_te,0.085,2号艇の全国勝率,0.0636,場特性:1x_diff_course2,0.0403,3号艇のwin_rate_rank_2to6,-0.1357,6号艇のracer_2nd_te,-0.0942,3号艇のモーター2連率,0.0541,3号艇のcumulative_diff_rank_2to6,0.0534,1号艇の女子戦勝率,0.049,0.0519,北西 3.1m/s,[逃げ]1号艇のdominanceが不利(-11.6pt)、1号艇のracer_win_teが不利(-9.9pt) / [2着]2号艇のwin_rate_rank_2to6が有利(+18.6pt)、2号艇のclass_rank_2to6が有利(+9.2pt) / [候補2]3号艇のwin_rate_rank_2to6が不利(-13.6pt)、6号艇のracer_2nd_teが不利(-9.4pt)、天気+5.2pt
61,06,浜名湖,8,15:04,0.5298264034089085,4,0.5362647864528766,2,0.2093274116427763,0.3950344327267622,0.15206630453595651,0.5935258935596963,0.32294872110770223,0.4545818709766424,1-4,1-2,0.11090718964558825,0.08056874321196963,0.284127243081174,0.027670538436166372,0.02655268755369242,True,False,False,False,ブレイクタイ,2026-08-22,1号艇の年齢,-0.0982,1号艇のsession_exh_rel_avg,-0.0754,場特性:in_escape_diff,-0.0636,1号艇のモーター2連率順位,0.0521,4号艇のracer_win_te,-0.0442,4号艇のwin_rate_rank_2to6,0.2451,4号艇のclass_rank_2to6,0.2378,4号艇の全国勝率,0.0914,win_rate_gap_top2_2to6,0.06,4号艇の年齢,0.0559,2号艇のwin_rate_rank_2to6,-0.153,2号艇のsession_exh_rel_avg,-0.0728,2号艇の全国勝率,-0.0712,2号艇のsession_avg_finish,0.0543,2号艇のclass_rank_2to6,-0.0519,0.0013,南西 2.6m/s,[逃げ]1号艇の年齢が不利(-9.8pt)、1号艇のsession_exh_rel_avgが不利(-7.5pt) / [2着]4号艇のwin_rate_rank_2to6が有利(+24.5pt)、4号艇のclass_rank_2to6が有利(+23.8pt) / [候補2]2号艇のwin_rate_rank_2to6が不利(-15.3pt)、2号艇のsession_exh_rel_avgが不利(-7.3pt) / [除外]6号艇のsession_exh_rel_avgが不利(-6.3pt)、天気影響ほぼなし
62,07,蒲郡,11,20:03,0.5117661240826161,4,0.3845676477041846,2,0.3787156406327535,0.3906225300492287,0.1561378471055504,0.6071454412313877,0.31743337700185703,0.45557940340387637,1-4,1-2,0.19381383553608916,0.07990606083581164,0.19680869451313954,0.029317009135680073,0.011920529781327825,False,False,False,False,一般特選,2026-08-22,1号艇のdominance,-0.2368,4号艇の枠別勝率,-0.1125,1号艇の節間得点,0.1031,1号艇の級別順位,-0.0943,4号艇のracer_win_te,-0.0907,4号艇のwin_rate_rank_2to6,0.202,4号艇のracer_win_te,0.1602,4号艇の全国勝率,0.1402,4号艇のclass_rank_2to6,0.1077,4号艇のモーター2連率,-0.0845,2号艇のclass_rank_2to6,0.0875,2号艇のsession_exh_rel_avg,-0.0659,3号艇のracer_win_te,0.0608,2号艇の全国勝率,0.0598,2号艇のracer_avgfin_te,0.0465,0.1405,東 2.2m/s,[逃げ]1号艇のdominanceが不利(-23.7pt)、4号艇の枠別勝率が不利(-11.3pt) / [2着]4号艇のwin_rate_rank_2to6が有利(+20.2pt)、4号艇のracer_win_teが有利(+16.0pt) / [候補2]2号艇のclass_rank_2to6が有利(+8.7pt)、2号艇のsession_exh_rel_avgが不利(-6.6pt) / [除外]6号艇のsession_exh_rel_avgが不利(-7.5pt)、4号艇のracer_avgfin_teが不利(-6.1pt)、天気+14.1pt
63,03,江戸川,11,15:53,0.6546194814392977,4,0.3488131321594422,2,0.26129799425880507,0.39939062919625884,0.17624680548352786,0.4338643209347194,0.3149210421531827,0.409732736717797,1-4,1-2,0.17105075750282756,0.09206640992096289,0.22833987169343128,0.11537459241095978,0.047787847472468656,True,False,False,False,予選特選,2026-08-22,1号艇のsession_exh_rel_avg,-0.2279,場特性:in_escape_diff,-0.1668,1号艇のracer_win_te,0.104,1号艇のdominance,0.0944,6号艇のsession_avg_finish,-0.089,4号艇のsession_exh_rel_avg,0.0995,4号艇のwin_rate_rank_2to6,-0.0958,6号艇のsession_exh_rel_avg,0.0708,4号艇のclass_rank_2to6,-0.0654,1号艇vs5号艇の枠別勝率差,0.0551,2号艇のwin_rate_rank_2to6,0.1662,2号艇のsession_exh_rel_avg,-0.1257,3号艇の女子戦2連率,-0.0604,2号艇の全国勝率,0.0528,1号艇のsession_exh_rel_avg,-0.0525,-0.0336,北東 1.1m/s,[逃げ]1号艇のsession_exh_rel_avgが不利(-22.8pt)、場特性:in_escape_diffが不利(-16.7pt) / [2着]4号艇のsession_exh_rel_avgが有利(+10.0pt)、4号艇のwin_rate_rank_2to6が不利(-9.6pt) / [候補2]2号艇のwin_rate_rank_2to6が有利(+16.6pt)、2号艇のsession_exh_rel_avgが不利(-12.6pt) / [除外]6号艇のsession_exh_rel_avgが不利(-9.9pt)、天気-3.4pt
64,06,浜名湖,11,16:35,0.5851448560421693,3,0.4383567442349884,4,0.24180756025241887,0.3979946440343061,0.17650769294627078,0.5036566115411365,0.31369570432614496,0.4296932342863552,1-3,1-4,0.10328256857938103,0.2565021940004963,0.1414924500338098,0.07726939476504549,0.006598245121205714,True,False,False,False,予選特選,2026-08-22,1号艇のsession_exh_rel_avg,-0.1913,1号艇のsession_avg_finish,-0.0829,1号艇のdominance,0.0714,1号艇の級別順位,0.0699,風速区分,0.0698,3号艇のwin_rate_rank_2to6,0.2143,3号艇のclass_rank_2to6,0.0582,3号艇のsession_exh_rel_avg,0.0538,2号艇の直近1着率,0.0482,3号艇のcumulative_diff_rank_2to6,-0.0447,4号艇のclass_rank_2to6,0.0972,4号艇のwin_rate_rank_2to6,-0.0836,5号艇のrecent_4to6_rate,0.0689,1号艇vs4号艇のcumulative差,0.0449,4号艇のcumulative_diff_rank_2to6,0.0415,0.1203,南 1.4m/s,[逃げ]1号艇のsession_exh_rel_avgが不利(-19.1pt)、1号艇のsession_avg_finishが不利(-8.3pt) / [2着]3号艇のwin_rate_rank_2to6が有利(+21.4pt)、3号艇のclass_rank_2to6が有利(+5.8pt) / [候補2]4号艇のclass_rank_2to6が有利(+9.7pt)、4号艇のwin_rate_rank_2to6が不利(-8.4pt) / [除外]6号艇のwin_rate_rank_2to6が不利(-7.0pt)、6号艇のvs_avg456_diffが不利(-5.8pt)、天気+12.0pt
65,07,蒲郡,1,15:17,0.49482990365103635,2,0.4921252728192747,3,0.24587313236645794,0.36518367973267457,0.12718690589838502,0.6108114992873477,0.3094477809609318,0.43887202559907645,1-2,1-3,0.2435183013334017,0.1216653783992729,0.05601777832352677,0.0629358843913713,0.010692558899232417,True,False,False,False,予選,2026-08-22,1号艇のracer_win_te,-0.1523,1号艇のsession_exh_rel_avg,-0.0828,1号艇のdominance,0.0756,1号艇の勝率順位,-0.0723,風速区分,0.0687,2号艇のclass_rank_2to6,0.0754,2号艇のsession_exh_rel_avg,0.0497,2号艇の当地勝率,-0.0495,2号艇の全国勝率,0.0423,1号艇のモーター出走数,0.0411,3号艇のsession_exh_rel_avg,0.1073,3号艇のwin_rate_rank_2to6,-0.0955,3号艇のracer_avgfin_te,-0.0927,3号艇のracer_2nd_te,-0.0577,3号艇の全国勝率,-0.0573,0.0408,東 2.2m/s,[逃げ]1号艇のracer_win_teが不利(-15.2pt)、1号艇のsession_exh_rel_avgが不利(-8.3pt) / [2着]2号艇のclass_rank_2to6が有利(+7.5pt)、2号艇のsession_exh_rel_avgが有利(+5.0pt) / [候補2]3号艇のsession_exh_rel_avgが有利(+10.7pt)、3号艇のwin_rate_rank_2to6が不利(-9.6pt) / [除外]6号艇のwin_rate_rank_2to6が不利(-6.7pt)、天気+4.1pt
66,02,戸田,9,14:48,0.4665790347600851,2,0.37006333422372156,3,0.36706991099294206,0.34393091804276005,0.10203267951005064,0.635100565706613,0.3018202862816547,0.43128181234191587,1-2,1-3,0.17266379328220277,0.17126712476055725,0.04760630911978454,0.04758203397233988,0.027459768410773598,True,True,False,False,戸田特賞,2026-08-22,場特性:in_escape_diff,-0.1747,4号艇のモーター2連率,-0.1409,1号艇の節間得点,0.0983,場特性:1x_diff_course2,-0.0763,1号艇のdominance,0.0587,2号艇のsession_exh_rel_avg,0.072,2号艇のclass_rank_2to6,-0.0605,2号艇のwin_rate_rank_2to6,0.0587,2号艇のモーター2連率,-0.0448,場×風向,-0.0409,3号艇のwin_rate_rank_2to6,0.1788,3号艇のsession_exh_rel_avg,-0.1304,3号艇のclass_rank_2to6,0.0514,3号艇の節間得点,0.0406,6号艇のsession_exh_rel_last,-0.0315,-0.0254,東 1.5m/s,[逃げ]場特性:in_escape_diffが不利(-17.5pt)、4号艇のモーター2連率が不利(-14.1pt) / [2着]2号艇のsession_exh_rel_avgが有利(+7.2pt)、2号艇のclass_rank_2to6が不利(-6.1pt) / [候補2]3号艇のwin_rate_rank_2to6が有利(+17.9pt)、3号艇のsession_exh_rel_avgが不利(-13.0pt) / [除外]4号艇のwin_rate_rank_2to6が不利(-5.9pt)、天気-2.5pt
67,08,常滑,2,10:58,0.5041188722113238,2,0.42679391971427405,3,0.314396439892484,0.3736480481788644,0.1651650813037721,0.576025278302986,0.2995917158711149,0.4343612172161009,1-2,1-3,0.2151548694730101,0.15849317870585428,0.035363449980834294,0.0832628345155492,0.011844532493616604,False,False,True,False,予選,2026-08-22,1号艇のdominance,-0.1653,1号艇の級別順位,-0.0852,1号艇の全国勝率,-0.0839,場特性:in_escape_diff,0.0823,1号艇の年齢,0.0773,2号艇のwin_rate_rank_2to6,0.1752,2号艇のclass_rank_2to6,0.0678,2号艇の一般戦勝率,-0.0616,2号艇の全国勝率,0.0614,2号艇の当地2連率,0.0436,3号艇のwin_rate_rank_2to6,-0.0538,3号艇の枠別平均ST,-0.0411,3号艇のcumulative_diff_rank_2to6,0.0391,3号艇のracer_avgfin_te,0.0357,3号艇の全国勝率,0.0331,0.0498,西 1.1m/s,[逃げ]1号艇のdominanceが不利(-16.5pt)、1号艇の級別順位が不利(-8.5pt) / [2着]2号艇のwin_rate_rank_2to6が有利(+17.5pt)、2号艇のclass_rank_2to6が有利(+6.8pt) / [候補2]3号艇のwin_rate_rank_2to6が不利(-5.4pt)、3号艇の枠別平均STが不利(-4.1pt) / [除外]6号艇のwin_rate_rank_2to6が不利(-6.3pt)、3号艇の女子戦2連率が不利(-6.0pt)、天気+5.0pt
68,21,芦屋,12,14:12,0.6395395814052371,4,0.36683778933409006,2,0.24187236412358346,0.3892942367394382,0.19293994431181505,0.4157702091458585,0.2991617467105369,0.39723702846136427,1-4,1-2,0.15468695050509165,0.10670506452061079,0.2346072862343465,0.12339273122152797,0.02014754058501308,True,True,False,False,予選特選,2026-08-22,1号艇のdominance,0.1586,race_no,0.0803,6号艇のモーター出走数,-0.0744,レース時間帯,0.0694,1号艇の勝率順位,0.067,6号艇のモーター出走数,0.1191,1号艇のモーター出走数,0.1162,2号艇のsession_exh_rel_avg,0.09,4号艇のwin_rate_rank_2to6,0.0829,場特性:1x_diff_course4,0.0765,2号艇の全国勝率,0.0621,レース時間帯,-0.058,3号艇の女子戦2連率,-0.0332,2号艇のcumulative_diff_rank_2to6,-0.0321,2号艇のwin_rate_rank_2to6,-0.031,0.1077,東 2.8m/s,[逃げ]1号艇のdominanceが有利(+15.9pt)、race_noが有利(+8.0pt) / [2着]6号艇のモーター出走数が有利(+11.9pt)、1号艇のモーター出走数が有利(+11.6pt) / [候補2]2号艇の全国勝率が有利(+6.2pt)、レース時間帯が不利(-5.8pt) / [除外]6号艇のsession_exh_rel_avgが不利(-7.4pt)、6号艇のwin_rate_rank_2to6が不利(-6.3pt)、天気+10.8pt
69,20,若松,4,16:42,0.5670982223290364,4,0.3482979289445672,3,0.32236669528498807,0.380332716179552,0.17813360013529908,0.4925310240942562,0.2990326730007914,0.41399220855396324,1-4,1-3,0.1010192479737995,0.1828135798342029,0.19751913634534907,0.07085312813755953,0.014893130038125377,True,False,False,False,予選,2026-08-22,1号艇のracer_win_te,-0.0928,1号艇の級別順位,-0.0919,1号艇のdominance,-0.0906,1号艇の勝率順位,-0.0639,1号艇のモーター2連率順位,0.0622,4号艇のwin_rate_rank_2to6,0.1917,4号艇のclass_rank_2to6,0.1857,4号艇の年齢,0.0707,3号艇の年齢,0.0477,4号艇のcumulative_diff_rank_2to6,0.0424,3号艇のwin_rate_rank_2to6,-0.0506,3号艇の全国勝率,0.0476,3号艇のcumulative_diff_rank_2to6,0.0443,場特性:1x_diff_course3,0.0397,1号艇vs4号艇のlocal_win_rate差,-0.0331,0.0262,東 2.1m/s,[逃げ]1号艇のracer_win_teが不利(-9.3pt)、1号艇の級別順位が不利(-9.2pt) / [2着]4号艇のwin_rate_rank_2to6が有利(+19.2pt)、4号艇のclass_rank_2to6が有利(+18.6pt) / [候補2]3号艇のwin_rate_rank_2to6が不利(-5.1pt)、3号艇の全国勝率が有利(+4.8pt) / [除外]6号艇のwin_rate_rank_2to6が不利(-7.3pt)、1号艇vs5号艇の枠別平均ST差が不利(-6.1pt)、天気+2.6pt
70,19,下関,3,16:19,0.5043806075184484,3,0.46260483380196593,2,0.2526657424744183,0.36076860780235337,0.1485953651735882,0.5666752111027961,0.2964383561788841,0.4225405887924861,1-3,1-2,0.12743970068834692,0.23332890711400642,0.07494862056068011,0.05124792020891454,0.01741546505313399,True,False,False,False,予選,2026-08-22,1号艇のracer_win_te,-0.1544,1号艇のdominance,-0.1526,3号艇の直近平均着順,0.1142,1号艇の級別順位,-0.0947,場特性:in_escape_diff,0.0939,3号艇のwin_rate_rank_2to6,0.1465,3号艇のsession_exh_rel_avg,0.1012,場特性:1x_diff_course3,0.0488,3号艇のclass_rank_2to6,0.0404,3号艇の節間得点,0.039,2号艇のwin_rate_rank_2to6,-0.1301,2号艇のsession_exh_rel_avg,-0.0833,2号艇のclass_rank_2to6,-0.0514,2号艇の全国勝率,0.0447,2号艇のモーター2連率,-0.0285,0.0091,東 3.0m/s,[逃げ]1号艇のracer_win_teが不利(-15.4pt)、1号艇のdominanceが不利(-15.3pt) / [2着]3号艇のwin_rate_rank_2to6が有利(+14.6pt)、3号艇のsession_exh_rel_avgが有利(+10.1pt) / [候補2]2号艇のwin_rate_rank_2to6が不利(-13.0pt)、2号艇のsession_exh_rel_avgが不利(-8.3pt) / [除外]6号艇のwin_rate_rank_2to6が不利(-6.3pt)、3号艇のracer_avgfin_teが不利(-5.5pt)、天気+0.9pt
71,21,芦屋,5,10:20,0.742692025665992,2,0.29135669406172293,3,0.2605796568188591,0.4099187264741952,0.24475270634472113,0.3071836445358609,0.2895242652510663,0.3790982018926949,1-2,1-3,0.2163882933040477,0.19353043317014748,0.18177588326239463,0.0613632770026894,0.08963414169345618,False,False,True,False,サンライズＺ,2026-08-22,1号艇のracer_win_te,0.185,1号艇のdominance,0.1437,1号艇の級別順位,0.0792,2号艇のモーター出走数,-0.0676,6号艇のモーター出走数,-0.0664,3号艇のモーター出走数,0.0516,2号艇のclass_rank_2to6,-0.0491,2号艇の全国勝率,0.0453,2号艇のcumulative_diff_rank_2to6,-0.0442,1号艇vs2号艇のcumulative差,-0.0384,3号艇のwin_rate_rank_2to6,-0.1092,6号艇のモーター出走数,0.0786,4号艇のモーター出走数,-0.0709,3号艇のcumulative_diff_rank_2to6,0.047,3号艇の全国勝率,-0.0423,0.0633,北東 3.1m/s,[逃げ]1号艇のracer_win_teが有利(+18.5pt)、1号艇のdominanceが有利(+14.4pt) / [2着]3号艇のモーター出走数が有利(+5.2pt)、2号艇のclass_rank_2to6が不利(-4.9pt) / [候補2]3号艇のwin_rate_rank_2to6が不利(-10.9pt)、6号艇のモーター出走数が有利(+7.9pt) / [除外]5号艇のsession_exh_rel_avgが不利(-5.6pt)、天気+6.3pt
72,21,芦屋,3,09:24,0.4520793956045558,3,0.3846000585273015,2,0.36584647862751507,0.3392614169504813,0.12709281033671663,0.6233537268181,0.28752019264761736,0.4244891099107669,1-3,1-2,0.16539165494198205,0.17386976200849924,0.051795550952086114,0.057456040882707296,0.0035663902927929743,False,False,True,False,サンライズＸ,2026-08-22,6号艇のモーター出走数,-0.0872,1号艇のdominance,-0.0819,1号艇の節間得点,0.0785,1号艇の勝率順位,-0.0771,1号艇のモーター2連率順位,-0.0583,3号艇のwin_rate_rank_2to6,0.2228,6号艇のモーター出走数,0.0949,4号艇のモーター出走数,-0.0801,3号艇のclass_rank_2to6,0.0509,場特性:1x_diff_course3,0.0394,2号艇のsession_exh_rel_avg,0.087,2号艇のwin_rate_rank_2to6,0.0573,2号艇の全国勝率,0.0516,2号艇のcumulative_diff_rank_2to6,-0.0448,3号艇のモーター出走数,0.0369,0.0255,東 2.9m/s,[逃げ]6号艇のモーター出走数が不利(-8.7pt)、1号艇のdominanceが不利(-8.2pt) / [2着]3号艇のwin_rate_rank_2to6が有利(+22.3pt)、6号艇のモーター出走数が有利(+9.5pt) / [候補2]2号艇のsession_exh_rel_avgが有利(+8.7pt)、2号艇のwin_rate_rank_2to6が有利(+5.7pt) / [除外]6号艇のwin_rate_rank_2to6が不利(-10.7pt)、6号艇の全国勝率が不利(-10.6pt)、天気+2.6pt
73,08,常滑,12,16:01,0.6114648556299113,2,0.39306192948290875,3,0.25050416836705985,0.39351805111013644,0.2262667987092316,0.41729929914073705,0.2866699675193528,0.4006524255193166,1-2,1-3,0.24034355596488116,0.15317449514525525,0.1383541954065825,0.058177947503374655,0.021414660470875698,True,False,False,False,予選ドリーム,2026-08-22,race_no,0.1311,1号艇の年齢,-0.1143,1号艇のdominance,0.1019,1号艇のracer_win_te,0.082,場特性:in_escape_diff,0.0813,2号艇のwin_rate_rank_2to6,-0.1316,2号艇の当地勝率,0.0869,2号艇の全国勝率,0.0793,3号艇の女子戦2連率,-0.0581,2号艇のモーター2連率,0.0576,6号艇のracer_2nd_te,-0.0849,3号艇のモーター2連率,0.0811,1号艇の直近1着率,0.0795,3号艇のwin_rate_rank_2to6,0.0641,3号艇の当地勝率,0.0527,0.1314,南東 2.5m/s,[逃げ]race_noが有利(+13.1pt)、1号艇の年齢が不利(-11.4pt) / [2着]2号艇のwin_rate_rank_2to6が不利(-13.2pt)、2号艇の当地勝率が有利(+8.7pt) / [候補2]6号艇のracer_2nd_teが不利(-8.5pt)、3号艇のモーター2連率が有利(+8.1pt) / [除外]6号艇のwin_rate_rank_2to6が不利(-7.4pt)、2号艇のracer_2nd_teが不利(-6.1pt)、天気+13.1pt
74,19,下関,5,17:17,0.5454564123159376,2,0.36188416351204084,3,0.32800611256179074,0.37630507487888387,0.20157053160201927,0.4883197444718123,0.2852826580934347,0.4099094757567624,1-2,1-3,0.19739203750323192,0.17891303737565195,0.04730797380443884,0.10994793899625374,0.011895414476443685,True,False,False,False,シーモ戦,2026-08-22,1号艇のdominance,0.2157,1号艇の年齢,-0.1282,1号艇vs5号艇のcumulative差,-0.0973,1号艇vs2号艇のcumulative差,-0.0907,場特性:in_escape_diff,0.0863,2号艇のsession_exh_rel_avg,0.0843,2号艇のclass_rank_2to6,-0.0717,場特性:in_escape_diff,0.0546,2号艇の全国勝率,0.0539,1号艇vs2号艇のcumulative差,0.0471,3号艇のwin_rate_rank_2to6,0.1427,3号艇のsession_exh_rel_avg,-0.1398,3号艇の当地勝率,0.086,3号艇の節間得点,0.0461,3号艇のracer_2nd_te,0.039,0.0087,東 2.2m/s,[逃げ]1号艇のdominanceが有利(+21.6pt)、1号艇の年齢が不利(-12.8pt) / [2着]2号艇のsession_exh_rel_avgが有利(+8.4pt)、2号艇のclass_rank_2to6が不利(-7.2pt) / [候補2]3号艇のwin_rate_rank_2to6が有利(+14.3pt)、3号艇のsession_exh_rel_avgが不利(-14.0pt) / [除外]6号艇のwin_rate_rank_2to6が不利(-8.2pt)、天気+0.9pt
75,08,常滑,10,14:56,0.6155989323446849,4,0.3422686139483951,3,0.2531714097582537,0.36655224286910687,0.18616076184072666,0.4092792618659222,0.28466706912477885,0.37937034856815144,1-4,1-3,0.11460036623362449,0.15585204954737972,0.21070019332172713,0.08272290011154482,0.05172341854383934,True,True,False,False,予選特賞,2026-08-22,1号艇のracer_win_te,0.1567,1号艇の年齢,-0.1235,場特性:in_escape_diff,0.1056,1号艇の節間得点,-0.0758,1号艇の勝率順位,-0.0715,4号艇のwin_rate_rank_2to6,0.1881,4号艇のclass_rank_2to6,0.1207,4号艇の全国勝率,0.1032,4号艇のcumulative_diff_rank_2to6,0.0551,4号艇の直近複勝率,0.0522,3号艇のwin_rate_rank_2to6,-0.1079,4号艇の直近1着率,0.0528,3号艇の全国勝率,-0.0363,3号艇のcumulative_diff_rank_2to6,0.0352,6号艇のracer_2nd_te,-0.0263,0.0975,南西 1.8m/s,[逃げ]1号艇のracer_win_teが有利(+15.7pt)、1号艇の年齢が不利(-12.3pt) / [2着]4号艇のwin_rate_rank_2to6が有利(+18.8pt)、4号艇のclass_rank_2to6が有利(+12.1pt) / [候補2]3号艇のwin_rate_rank_2to6が不利(-10.8pt)、4号艇の直近1着率が有利(+5.3pt)、天気+9.7pt
76,08,常滑,5,12:31,0.6253313108760773,3,0.3846676747479255,5,0.2659862033896748,0.4068742425423891,0.25749960654645593,0.3931542715911444,0.2811502937001261,0.40275825125701564,1-3,1-5,0.1610225665117694,0.2405447413017728,0.0502301768629864,0.16632950124061627,0.007204333694709878,True,True,False,False,三Ａ傑戦,2026-08-22,1号艇の級別順位,-0.1058,場特性:in_escape_diff,0.0802,1号艇のdominance,0.0734,1号艇の年齢,0.0637,1号艇の節間得点,-0.0632,3号艇の当地勝率,0.1065,3号艇のwin_rate_rank_2to6,0.0773,3号艇のracer_2nd_te,0.0487,3号艇のcumulative_diff_rank_2to6,0.0389,3号艇のclass_rank_2to6,0.0378,5号艇のwin_rate_rank_2to6,0.2393,5号艇のclass_rank_2to6,0.1704,5号艇のモーター2連率,0.0776,5号艇の枠別勝率,0.0641,4号艇の女子戦2連率,0.0592,0.0088,南西 2.7m/s,[逃げ]1号艇の級別順位が不利(-10.6pt)、場特性:in_escape_diffが有利(+8.0pt) / [2着]3号艇の当地勝率が有利(+10.6pt)、3号艇のwin_rate_rank_2to6が有利(+7.7pt) / [候補2]5号艇のwin_rate_rank_2to6が有利(+23.9pt)、5号艇のclass_rank_2to6が有利(+17.0pt) / [除外]4号艇の女子戦2連率が不利(-14.9pt)、6号艇のwin_rate_rank_2to6が不利(-7.3pt)、天気+0.9pt
77,20,若松,7,18:02,0.45221442420444824,3,0.5884604459093812,2,0.16832690198247147,0.3422301547721256,0.15535165751022167,0.6014356903816309,0.2784309286195303,0.4199918154549772,1-3,1-2,0.07611985305812193,0.2661103017140037,0.07025226035019154,0.01845075684752381,0.021281251392292286,True,False,False,False,予選特賞,2026-08-22,1号艇のdominance,-0.1674,4号艇の枠別出走数,-0.1462,3号艇のracer_win_te,-0.1102,1号艇のvs_max234_diff,-0.0961,3号艇の直近平均着順,0.086,3号艇のwin_rate_rank_2to6,0.2189,3号艇の当地勝率,0.08,win_rate_gap_top2_2to6,0.0668,3号艇の全国勝率,0.0618,2号艇のvs_boat3_diff,0.057,2号艇のwin_rate_rank_2to6,-0.1523,3号艇の全国2連率,0.1156,2号艇の全国勝率,-0.0727,2号艇のracer_avgfin_te,-0.0547,2号艇のracer_win_te,-0.046,0.1052,北 1.5m/s,[逃げ]1号艇のdominanceが不利(-16.7pt)、4号艇の枠別出走数が不利(-14.6pt) / [2着]3号艇のwin_rate_rank_2to6が有利(+21.9pt)、3号艇の当地勝率が有利(+8.0pt) / [候補2]2号艇のwin_rate_rank_2to6が不利(-15.2pt)、3号艇の全国2連率が有利(+11.6pt) / [除外]3号艇のracer_avgfin_teが不利(-7.2pt)、天気+10.5pt
78,02,戸田,5,12:44,0.41094035203097423,4,0.5667216196005715,3,0.2117116282996443,0.31988963292472933,0.11635484417142519,0.6620784037287907,0.27522478285551577,0.42254626416594776,1-4,1-3,0.04247931097740499,0.08700085106250659,0.23288878186222273,0.04781490062431462,0.0007565123363403551,True,True,False,False,ウインウイン,2026-08-22,場特性:in_escape_diff,-0.2191,4号艇のモーター2連率,-0.1292,風速区分,0.087,4号艇のsession_exh_rel_avg,-0.0836,6号艇のモーター2連率,-0.0789,4号艇のwin_rate_rank_2to6,0.2461,4号艇のclass_rank_2to6,0.206,4号艇のモーター2連率,0.115,4号艇の全国勝率,0.1082,4号艇のsession_exh_rel_avg,0.0771,3号艇のsession_exh_rel_avg,0.1034,3号艇のwin_rate_rank_2to6,-0.0752,3号艇の全国勝率,-0.068,3号艇の年齢,-0.0621,1号艇vs4号艇のcumulative差,0.0362,0.0714,北東 0.7m/s,[逃げ]場特性:in_escape_diffが不利(-21.9pt)、4号艇のモーター2連率が不利(-12.9pt) / [2着]4号艇のwin_rate_rank_2to6が有利(+24.6pt)、4号艇のclass_rank_2to6が有利(+20.6pt) / [候補2]3号艇のsession_exh_rel_avgが有利(+10.3pt)、3号艇のwin_rate_rank_2to6が不利(-7.5pt) / [除外]6号艇のvs_avg456_diffが不利(-17.2pt)、6号艇の全国勝率が不利(-14.5pt)、天気+7.1pt
79,08,常滑,4,11:57,0.5158324256170762,2,0.3850831593802815,3,0.2592053004965352,0.3323448790553486,0.14813379376582259,0.496154666110994,0.2732670697276139,0.3814878151720422,1-2,1-3,0.19863838016741775,0.13370649888793087,0.07641221415408399,0.06347151148336141,0.04360382092428223,True,True,False,False,予選,2026-08-22,1号艇のdominance,-0.1117,1号艇の級別順位,-0.1077,場特性:in_escape_diff,0.0807,1号艇のモーター2連率順位,-0.0781,1号艇の勝率順位,-0.0723,2号艇のwin_rate_rank_2to6,0.162,2号艇のclass_rank_2to6,0.0844,4号艇のracer_2nd_te,-0.0746,2号艇の全国勝率,0.0544,3号艇の女子戦2連率,-0.0316,3号艇のwin_rate_rank_2to6,-0.1123,3号艇のcumulative_diff_rank_2to6,0.0514,3号艇の当地勝率,-0.0456,1号艇vs5号艇の直近複勝率差,-0.0382,全艇平均勝率,-0.0371,0.0316,南西 2.5m/s,[逃げ]1号艇のdominanceが不利(-11.2pt)、1号艇の級別順位が不利(-10.8pt) / [2着]2号艇のwin_rate_rank_2to6が有利(+16.2pt)、2号艇のclass_rank_2to6が有利(+8.4pt) / [候補2]3号艇のwin_rate_rank_2to6が不利(-11.2pt)、3号艇のcumulative_diff_rank_2to6が有利(+5.1pt) / [除外]2号艇のracer_2nd_teが不利(-7.2pt)、天気+3.2pt
80,16,児島,7,13:53,0.6764925086928857,5,0.2757706999092409,4,0.26358078945212404,0.36486724210531396,0.2099679835849873,0.3293835057763776,0.2729347151840322,0.35422212120663304,1-5,1-4,0.13521323676030003,0.1420417679605947,0.1783104294997187,0.18655681260559534,0.03437026690693892,True,True,False,False,一般,2026-08-22,1号艇のdominance,0.1707,1号艇の年齢,-0.1335,1号艇のvs_max234_diff,0.0825,1号艇のracer_win_te,0.0769,1号艇の女子戦比率,-0.074,5号艇のwin_rate_rank_2to6,0.1997,5号艇のclass_rank_2to6,0.1546,5号艇の節間得点,0.0751,5号艇の性別,-0.0736,場特性:1x_diff_course6,-0.0594,4号艇のwin_rate_rank_2to6,-0.112,4号艇のclass_rank_2to6,-0.0925,4号艇の節間得点,0.0773,5号艇のracer_win_te,0.0552,4号艇の全国勝率,-0.0493,0.0341,東 3.6m/s,[逃げ]1号艇のdominanceが有利(+17.1pt)、1号艇の年齢が不利(-13.3pt) / [2着]5号艇のwin_rate_rank_2to6が有利(+20.0pt)、5号艇のclass_rank_2to6が有利(+15.5pt) / [候補2]4号艇のwin_rate_rank_2to6が不利(-11.2pt)、4号艇のclass_rank_2to6が不利(-9.3pt) / [除外]5号艇の節間得点が不利(-5.1pt)、天気+3.4pt
81,06,浜名湖,9,15:35,0.5435315523922553,3,0.3511017226477322,2,0.3074984150534077,0.35796995525045366,0.20259879301508235,0.4560013446860576,0.2709408182071677,0.3873793720811348,1-3,1-2,0.1671350908921367,0.19083486435831692,0.1101188364802849,0.06157963142755922,0.013863136320802397,True,False,False,False,予選特賞,2026-08-22,場特性:in_escape_diff,-0.0897,1号艇の級別順位,0.072,風速区分,0.0709,1号艇のdominance,0.0629,1号艇のsession_exh_rel_avg,-0.0601,3号艇のwin_rate_rank_2to6,0.0736,3号艇のモーター2連率,-0.0476,1号艇のracer_2nd_te,0.041,3号艇の当地勝率,-0.0366,3号艇のcumulative_diff_rank_2to6,0.0333,2号艇のwin_rate_rank_2to6,-0.1396,2号艇のsession_exh_rel_avg,0.0805,2号艇の直近平均着順,-0.0734,2号艇の全国勝率,-0.0684,6号艇のモーター出走数,0.0574,0.0363,南西 1.8m/s,[逃げ]場特性:in_escape_diffが不利(-9.0pt)、1号艇の級別順位が有利(+7.2pt) / [2着]3号艇のwin_rate_rank_2to6が有利(+7.4pt)、3号艇のモーター2連率が不利(-4.8pt) / [候補2]2号艇のwin_rate_rank_2to6が不利(-14.0pt)、2号艇のsession_exh_rel_avgが有利(+8.1pt) / [除外]6号艇のwin_rate_rank_2to6が不利(-8.3pt)、天気+3.6pt
82,22,福岡,9,16:22,0.5984852091916373,2,0.3442735494182182,3,0.27092167070413486,0.3681852400086218,0.23222606330607481,0.38296915681627824,0.2655825893830963,0.3726204150509187,1-2,1-3,0.2060426272427098,0.16214261276591202,0.13898386407748659,0.05917437132905246,0.03214172039928951,True,False,False,False,予選特賞,2026-08-22,1号艇のdominance,0.1601,1号艇の勝率順位,0.074,1号艇の級別順位,0.0684,4号艇のracer_win_te,-0.0581,1号艇のsession_exh_count,-0.0563,2号艇のwin_rate_rank_2to6,-0.137,2号艇のsession_exh_rel_avg,0.0654,6号艇の当地2連率,-0.0579,場特性:1x_diff_course2,0.0544,2号艇のclass_rank_2to6,-0.0393,3号艇のwin_rate_rank_2to6,-0.0991,3号艇のcumulative_diff_rank_2to6,0.0479,3号艇の枠別平均ST,-0.0367,場特性:1x_diff_course3,0.0345,3号艇の全国勝率,-0.0308,0.0775,北 3.3m/s,[逃げ]1号艇のdominanceが有利(+16.0pt)、1号艇の勝率順位が有利(+7.4pt) / [2着]2号艇のwin_rate_rank_2to6が不利(-13.7pt)、2号艇のsession_exh_rel_avgが有利(+6.5pt) / [候補2]3号艇のwin_rate_rank_2to6が不利(-9.9pt)、3号艇のcumulative_diff_rank_2to6が有利(+4.8pt)、天気+7.7pt
83,16,児島,3,11:53,0.41714952757822055,2,0.5612874661104323,5,0.20266569285568503,0.3186826993546051,0.1401091640190231,0.6238439949470943,0.26510225944192584,0.41023108803235186,1-2,1-5,0.23414080132354334,0.0584464715799149,0.021905160970250963,0.08454189803106175,0.018115202666463482,True,True,False,False,一般,2026-08-22,1号艇のdominance,-0.2717,1号艇の女子戦比率,-0.1448,1号艇のsession_exh_rel_avg,0.135,5号艇の節間得点,-0.0979,1号艇の節間得点,0.0968,3号艇の女子戦比率,0.1498,2号艇の節間得点,0.0853,2号艇のwin_rate_rank_2to6,0.052,2号艇の全国勝率,0.0513,2号艇のモーター2連率,-0.0382,5号艇のwin_rate_rank_2to6,0.243,5号艇のclass_rank_2to6,0.1764,4号艇のracer_avgfin_te,-0.1379,5号艇の節間得点,0.0942,6号艇の体重,-0.0732,0.0456,南東 2.8m/s,[逃げ]1号艇のdominanceが不利(-27.2pt)、1号艇の女子戦比率が不利(-14.5pt) / [2着]3号艇の女子戦比率が有利(+15.0pt)、2号艇の節間得点が有利(+8.5pt) / [候補2]5号艇のwin_rate_rank_2to6が有利(+24.3pt)、5号艇のclass_rank_2to6が有利(+17.6pt) / [除外]3号艇の女子戦比率が不利(-6.8pt)、win_rate_range_1to6が不利(-5.6pt)、天気+4.6pt
84,22,福岡,8,15:44,0.4699434464068171,2,0.45657217519659965,3,0.2715190240658343,0.3421616874798608,0.18776063477430283,0.5403305644881311,0.26506829271586246,0.4016123505823419,1-2,1-3,0.21456310154534713,0.12759858593451368,0.08823687980536754,0.03216904981925809,0.007375833241351126,True,False,False,False,予選,2026-08-22,ST差分(3-2),-0.1143,1号艇の級別順位,-0.1092,1号艇の勝率順位,-0.081,1号艇のlocal_win_rate順位,-0.0523,1号艇のsession_exh_count,-0.0497,2号艇のwin_rate_rank_2to6,0.1734,2号艇のclass_rank_2to6,0.1093,2号艇の全国勝率,0.0575,場特性:1x_diff_course2,0.0478,2号艇のモーター2連率,-0.0366,3号艇のwin_rate_rank_2to6,-0.1145,3号艇のcumulative_diff_rank_2to6,0.0453,3号艇のracer_avgfin_te,0.045,場特性:1x_diff_course3,0.0382,3号艇の当地勝率,0.0341,0.0319,北西 3.3m/s,[逃げ]ST差分(3-2)が不利(-11.4pt)、1号艇の級別順位が不利(-10.9pt) / [2着]2号艇のwin_rate_rank_2to6が有利(+17.3pt)、2号艇のclass_rank_2to6が有利(+10.9pt) / [候補2]3号艇のwin_rate_rank_2to6が不利(-11.5pt)、3号艇のcumulative_diff_rank_2to6が有利(+4.5pt) / [除外]6号艇のwin_rate_rank_2to6が不利(-8.4pt)、2号艇の直近1着率が不利(-6.1pt)、天気+3.2pt
85,22,福岡,6,14:46,0.4405350369693484,2,0.4646560496900226,4,0.29546107505783636,0.3348582256518329,0.1764488277881052,0.5836682969597538,0.263955815982068,0.4095012470442091,1-2,1-4,0.20469727002822552,0.07773189087283111,0.13016095562360738,0.01895094961013642,0.008993971244828196,True,True,False,False,予選,2026-08-22,1号艇のdominance,-0.2261,1号艇のvs_max234_diff,-0.0762,1号艇の級別順位,-0.0756,1号艇の全国勝率,-0.0733,1号艇のモーター2連率順位,0.0623,3号艇のracer_2nd_te,0.0891,3号艇のracer_win_te,0.08,2号艇のclass_rank_2to6,0.0693,2号艇のwin_rate_rank_2to6,0.0678,2号艇のracer_avgfin_te,0.0642,4号艇のwin_rate_rank_2to6,0.1686,4号艇のclass_rank_2to6,0.1264,4号艇の全国勝率,0.0591,4号艇のracer_win_te,0.0537,4号艇のcumulative_diff_rank_2to6,0.0447,0.0487,北西 2.7m/s,[逃げ]1号艇のdominanceが不利(-22.6pt)、1号艇のvs_max234_diffが不利(-7.6pt) / [2着]3号艇のracer_2nd_teが有利(+8.9pt)、3号艇のracer_win_teが有利(+8.0pt) / [候補2]4号艇のwin_rate_rank_2to6が有利(+16.9pt)、4号艇のclass_rank_2to6が有利(+12.6pt) / [除外]6号艇のwin_rate_rank_2to6が不利(-7.2pt)、6号艇のvs_avg456_diffが不利(-5.5pt)、天気+4.9pt
86,16,児島,4,12:22,0.522193190524608,3,0.32859530513928037,2,0.28944661459834375,0.32273728194574364,0.16695345417662139,0.45108846556100274,0.2580787571308444,0.36124263703032133,1-3,1-2,0.1511470511636557,0.17159023078208793,0.03866070455903919,0.08718195690559387,0.07361324322358893,True,True,False,False,一般,2026-08-22,1号艇のsession_exh_rel_avg,0.1754,1号艇の女子戦比率,-0.1576,1号艇のdominance,-0.1517,6号艇の枠別出走数,-0.1126,1号艇vs4号艇のcumulative差,0.0963,3号艇のsession_exh_rel_avg,0.1344,5号艇の節間得点,-0.0546,3号艇の節間得点,0.049,場特性:1x_diff_course3,-0.0461,6号艇の一般戦2連率,-0.0417,2号艇のwin_rate_rank_2to6,-0.1385,2号艇のsession_exh_rel_avg,-0.0868,4号艇の女子戦比率,0.0676,2号艇の体重,-0.0642,2号艇のsession_avg_finish,0.0339,-0.0046,南東 3.6m/s,[逃げ]1号艇のsession_exh_rel_avgが有利(+17.5pt)、1号艇の女子戦比率が不利(-15.8pt) / [2着]3号艇のsession_exh_rel_avgが有利(+13.4pt)、5号艇の節間得点が不利(-5.5pt) / [候補2]2号艇のwin_rate_rank_2to6が不利(-13.8pt)、2号艇のsession_exh_rel_avgが不利(-8.7pt) / [除外]4号艇のwin_rate_rank_2to6が不利(-5.6pt)、天気-0.5pt
87,06,浜名湖,7,14:37,0.3001992679612532,2,0.5754387212501306,3,0.31074471529997294,0.2660316189317287,0.044458397949665496,0.841725038600438,0.25183881143373604,0.4387396448323415,1-2,1-3,0.17274628287584884,0.09328533605587991,0.013346378519219661,0.010651015922162688,0.01017026017978921,True,True,False,False,予選,2026-08-22,1号艇のsession_exh_rel_avg,-0.1788,1号艇のdominance,-0.1473,1号艇のracer_win_te,-0.1403,1号艇の級別順位,-0.0993,1号艇の年齢,-0.078,2号艇のwin_rate_rank_2to6,0.2251,2号艇のclass_rank_2to6,0.105,2号艇の当地勝率,0.0951,2号艇のsession_exh_rel_avg,0.0605,2号艇の節間得点,0.0567,3号艇のsession_exh_rel_avg,0.0552,3号艇の節間得点,0.0507,3号艇のwin_rate_rank_2to6,0.0454,3号艇のcumulative_diff_rank_2to6,0.0344,1号艇の一般戦2連率,0.0304,0.0005,南西 3.4m/s,[逃げ]1号艇のsession_exh_rel_avgが不利(-17.9pt)、1号艇のdominanceが不利(-14.7pt) / [2着]2号艇のwin_rate_rank_2to6が有利(+22.5pt)、2号艇のclass_rank_2to6が有利(+10.5pt) / [候補2]3号艇のsession_exh_rel_avgが有利(+5.5pt)、3号艇の節間得点が有利(+5.1pt)、天気影響ほぼなし
88,02,戸田,10,15:21,0.30719129485124774,3,0.4395051888786033,2,0.4390176120646315,0.2698745567780973,0.05779822014074054,0.8207245808024943,0.251156633926443,0.43512956398541636,1-3,1-2,0.13486238871263692,0.13501216806546035,0.015341214431077627,0.017755110085131552,0.0042204229980494804,True,False,False,False,戸田特賞,2026-08-22,1号艇のdominance,-0.1729,1号艇のsession_exh_rel_avg,-0.1574,場特性:in_escape_diff,-0.1383,3号艇のracer_win_te,-0.1022,1号艇のvs_max234_diff,-0.0881,3号艇のwin_rate_rank_2to6,0.1828,3号艇のsession_exh_rel_avg,0.0945,3号艇のモーター2連率,0.0661,3号艇のracer_avgfin_te,0.0584,3号艇のracer_win_te,0.0584,2号艇のclass_rank_2to6,0.0942,2号艇のsession_exh_rel_avg,-0.0783,2号艇のwin_rate_rank_2to6,0.0697,レース時間帯,-0.0493,2号艇の節間得点,0.0493,0.0736,東 1.3m/s,[逃げ]1号艇のdominanceが不利(-17.3pt)、1号艇のsession_exh_rel_avgが不利(-15.7pt) / [2着]3号艇のwin_rate_rank_2to6が有利(+18.3pt)、3号艇のsession_exh_rel_avgが有利(+9.5pt) / [候補2]2号艇のclass_rank_2to6が有利(+9.4pt)、2号艇のsession_exh_rel_avgが不利(-7.8pt) / [除外]6号艇のwin_rate_rank_2to6が不利(-7.7pt)、天気+7.4pt
89,08,常滑,8,13:59,0.4767213140243476,2,0.40043461835725636,3,0.24941059581332098,0.3097950644118312,0.17519304646735612,0.47465216770322116,0.24466633507399976,0.35925219539924813,1-2,1-3,0.19089571744410938,0.11889934696772182,0.08351825931984659,0.03785696099234785,0.0455510381799484,True,True,False,False,予選,2026-08-22,1号艇のdominance,-0.2084,1号艇の級別順位,-0.1133,avg_entry_count,-0.0736,場特性:in_escape_diff,0.0732,1号艇の勝率順位,-0.0646,2号艇の当地勝率,0.1,2号艇のwin_rate_rank_2to6,0.0634,2号艇の全国勝率,0.0492,2号艇のsession_exh_rel_avg,0.0462,avg_entry_count,-0.038,3号艇のwin_rate_rank_2to6,-0.0992,6号艇のracer_2nd_te,-0.0702,3号艇のcumulative_diff_rank_2to6,0.0448,second_best_win_rate,-0.0384,1号艇vs2号艇のplace_rate差,0.0377,0.0386,南西 3.4m/s,[逃げ]1号艇のdominanceが不利(-20.8pt)、1号艇の級別順位が不利(-11.3pt) / [2着]2号艇の当地勝率が有利(+10.0pt)、2号艇のwin_rate_rank_2to6が有利(+6.3pt) / [候補2]3号艇のwin_rate_rank_2to6が不利(-9.9pt)、6号艇のracer_2nd_teが不利(-7.0pt)、天気+3.9pt
90,16,児島,6,13:22,0.44552885044460755,4,0.44893644702698615,5,0.2604904224058293,0.31607013761291897,0.195102411225888,0.5143244582069274,0.2420708824551845,0.3755464337911215,1-4,1-5,0.08692375299244098,0.04185875531255231,0.2000141391666196,0.11605599844629938,0.0006762042673633741,True,True,False,False,一般,2026-08-22,2号艇のsession_exh_rel_avg,-0.2257,1号艇のdominance,-0.13,5号艇の節間得点,-0.1053,1号艇の節間得点,0.0941,2号艇の平均ST,-0.0823,5号艇のrecent_4to6_rate,0.1281,4号艇のclass_rank_2to6,0.1093,4号艇のsession_exh_rel_avg,-0.0913,4号艇のwin_rate_rank_2to6,0.088,4号艇の節間得点,0.0855,5号艇のwin_rate_rank_2to6,0.2538,5号艇のclass_rank_2to6,0.1772,3号艇のracer_avgfin_te,0.1312,5号艇の節間得点,0.0721,1号艇vs5号艇のcumulative差,0.0685,0.045,東 3.9m/s,[逃げ]2号艇のsession_exh_rel_avgが不利(-22.6pt)、1号艇のdominanceが不利(-13.0pt) / [2着]5号艇のrecent_4to6_rateが有利(+12.8pt)、4号艇のclass_rank_2to6が有利(+10.9pt) / [候補2]5号艇のwin_rate_rank_2to6が有利(+25.4pt)、5号艇のclass_rank_2to6が有利(+17.7pt) / [除外]6号艇の全国勝率が不利(-16.8pt)、6号艇のvs_avg456_diffが不利(-12.5pt)、天気+4.5pt
91,03,江戸川,9,14:52,0.5107142515166976,4,0.34199501418242517,2,0.23815069784364729,0.2962886830880172,0.16082678568092518,0.4193189263451473,0.2391072952464011,0.3331977560651562,1-4,1-2,0.12162695539739753,0.05948855023983875,0.17466172769061963,0.08213653147287003,0.07280048861853047,True,True,False,False,予選特賞,2026-08-22,2号艇のsession_exh_rel_avg,-0.135,場特性:in_escape_diff,-0.113,1号艇のsession_exh_rel_avg,0.113,1号艇のvs_max234_diff,0.0956,1号艇の級別順位,-0.0946,ST差分(3-2),0.1927,2号艇のsession_exh_rel_avg,0.1349,4号艇のsession_exh_rel_avg,0.1054,4号艇のclass_rank_2to6,0.0892,級別の分散(2-6号艇),-0.0846,2号艇のwin_rate_rank_2to6,-0.2197,2号艇の全国2連率,-0.1701,1号艇vs2号艇の枠別勝率差,-0.1628,2号艇の全国勝率,-0.1621,3号艇のracer_2nd_te,0.1053,0.0105,北東 1.5m/s,[逃げ]2号艇のsession_exh_rel_avgが不利(-13.5pt)、場特性:in_escape_diffが不利(-11.3pt) / [2着]ST差分(3-2)が有利(+19.3pt)、2号艇のsession_exh_rel_avgが有利(+13.5pt) / [候補2]2号艇のwin_rate_rank_2to6が不利(-22.0pt)、2号艇の全国2連率が不利(-17.0pt) / [除外]2号艇のsession_exh_rel_lastが不利(-7.5pt)、天気+1.1pt
92,23,唐津,8,12:03,0.523959218117617,3,0.33897822999729266,2,0.2511938419057596,0.30922609734917733,0.19596979869564507,0.39420227320740725,0.23650732609042746,0.3347189501066463,1-3,1-2,0.13161532900090211,0.17761076834827522,0.102680182499237,0.09154980474139612,0.020503137431607015,True,True,False,False,８っぴータイ,2026-08-22,1号艇のsession_exh_rel_avg,-0.1048,1号艇のvs_max234_diff,0.0824,1号艇のdominance,-0.0741,ST差分(4-3),-0.0705,5号艇の枠別出走数,-0.0647,1号艇の体重,0.069,3号艇のwin_rate_rank_2to6,0.062,3号艇の年齢,-0.0609,3号艇のモーター2連率,0.0571,3号艇のcumulative_diff_rank_2to6,0.0407,2号艇のsession_exh_rel_avg,0.0744,2号艇の全国勝率,-0.0609,2号艇の直近平均着順,-0.0555,3号艇の女子戦2連率,-0.0543,2号艇のwin_rate_rank_2to6,-0.0541,0.058,北東 3.1m/s,[逃げ]1号艇のsession_exh_rel_avgが不利(-10.5pt)、1号艇のvs_max234_diffが有利(+8.2pt) / [2着]1号艇の体重が有利(+6.9pt)、3号艇のwin_rate_rank_2to6が有利(+6.2pt) / [候補2]2号艇のsession_exh_rel_avgが有利(+7.4pt)、2号艇の全国勝率が不利(-6.1pt) / [除外]5号艇の直近平均着順が不利(-19.9pt)、天気+5.8pt
93,08,常滑,3,11:28,0.3639164010076077,3,0.41899119562597853,2,0.3469228306806364,0.2787286759347494,0.13368725779450252,0.6322267685121123,0.2340137091094584,0.3847781037079583,1-3,1-2,0.12625090796866886,0.15247776796608062,0.030923512090629643,0.04865098571715161,0.0056132198087586755,True,True,False,False,予選,2026-08-22,1号艇のdominance,-0.1922,場特性:in_escape_diff,0.0892,1号艇の級別順位,-0.0873,1号艇vs4号艇の枠別平均ST差,-0.085,4号艇のモーター2連率,-0.0811,3号艇のwin_rate_rank_2to6,0.2087,3号艇の当地勝率,0.0991,3号艇の全国勝率,0.0503,5号艇の一般戦2連率,-0.0405,3号艇のclass_rank_2to6,0.0393,2号艇の全国勝率,0.0547,2号艇のモーター2連率,0.0542,1号艇vs2号艇の枠別勝率差,0.0523,2号艇のsession_exh_rel_avg,0.0419,2号艇の当地勝率,-0.032,0.0149,南西 1.7m/s,[逃げ]1号艇のdominanceが不利(-19.2pt)、場特性:in_escape_diffが有利(+8.9pt) / [2着]3号艇のwin_rate_rank_2to6が有利(+20.9pt)、3号艇の当地勝率が有利(+9.9pt) / [候補2]2号艇の全国勝率が有利(+5.5pt)、2号艇のモーター2連率が有利(+5.4pt) / [除外]6号艇のwin_rate_rank_2to6が不利(-7.9pt)、3号艇の女子戦2連率が不利(-7.4pt)、天気+1.5pt
94,08,常滑,9,14:28,0.5155676111592478,2,0.3864087527339506,3,0.21718811547031625,0.31119499544327717,0.20918024574806982,0.394416622456197,0.23307998069640415,0.33616148354715314,1-2,1-3,0.19921983757806735,0.11197515786520981,0.10784655960203675,0.048301194844308865,0.048224872793459106,True,True,False,False,予選,2026-08-22,1号艇のdominance,-0.1444,1号艇の年齢,-0.1345,1号艇の級別順位,-0.0897,場特性:in_escape_diff,0.0709,1号艇の全国勝率,-0.0698,2号艇のwin_rate_rank_2to6,0.1739,1号艇の年齢,0.0613,2号艇の全国勝率,0.0537,2号艇のモーター2連率,-0.0339,2号艇のsession_exh_rel_avg,0.0305,3号艇のwin_rate_rank_2to6,-0.1206,3号艇のモーター2連率,0.0557,3号艇のcumulative_diff_rank_2to6,0.0454,1号艇vs2号艇のplace_rate差,0.0383,3号艇の当地勝率,-0.0358,0.0191,南西 2.5m/s,[逃げ]1号艇のdominanceが不利(-14.4pt)、1号艇の年齢が不利(-13.4pt) / [2着]2号艇のwin_rate_rank_2to6が有利(+17.4pt)、1号艇の年齢が有利(+6.1pt) / [候補2]3号艇のwin_rate_rank_2to6が不利(-12.1pt)、3号艇のモーター2連率が有利(+5.6pt) / [除外]2号艇のracer_2nd_teが不利(-7.3pt)、天気+1.9pt
95,06,浜名湖,10,16:03,0.4589111548655072,3,0.411767440676106,2,0.1945284360131529,0.27823594096166293,0.13527475770828118,0.4710211189809777,0.23306998156247344,0.3360714943674573,1-3,1-2,0.08927126922497691,0.18896467173668602,0.05717960970684385,0.061416502074632326,0.06207909528405899,True,False,False,False,予選特賞,2026-08-22,5号艇の枠別出走数,-0.1867,風速区分,0.0807,1号艇の勝率順位,-0.0681,2号艇のsession_avg_finish,-0.0598,1号艇のvs_max234_diff,0.0567,3号艇のsession_exh_rel_avg,0.104,3号艇のwin_rate_rank_2to6,-0.0567,3号艇の全国勝率,0.0547,3号艇のモーター2連率,0.0507,場特性:1x_diff_course3,-0.0364,2号艇のwin_rate_rank_2to6,-0.1596,2号艇のsession_exh_rel_avg,-0.0915,2号艇のsession_avg_finish,0.0864,2号艇の全国勝率,-0.0742,2号艇の節間得点,0.0693,0.0926,南 1.5m/s,[逃げ]5号艇の枠別出走数が不利(-18.7pt)、風速区分が有利(+8.1pt) / [2着]3号艇のsession_exh_rel_avgが有利(+10.4pt)、3号艇のwin_rate_rank_2to6が不利(-5.7pt) / [候補2]2号艇のwin_rate_rank_2to6が不利(-16.0pt)、2号艇のsession_exh_rel_avgが不利(-9.2pt) / [除外]5号艇のsession_exh_rel_avgが不利(-6.1pt)、天気+9.3pt
96,04,平和島,9,16:05,0.32717198777153816,2,0.48964982400686535,3,0.3165683414372844,0.26377199976588533,0.11085427460250027,0.6953638908416495,0.22868369533248764,0.3932495670886146,1-2,1-3,0.16019970623230997,0.10357229353357533,0.017724622376610624,0.03626841337467195,0.0094069485979384,True,False,False,False,予選特賞,2026-08-22,1号艇のdominance,-0.2246,1号艇のsession_exh_rel_avg,-0.1506,1号艇の節間得点,0.1063,3号艇の全国2連率,0.1003,場特性:in_escape_diff,-0.0911,2号艇のsession_exh_rel_avg,0.1184,2号艇のracer_avgfin_te,0.0729,2号艇の全国勝率,0.0636,2号艇の節間得点,0.0574,1号艇のsession_exh_rel_avg,-0.0447,3号艇のwin_rate_rank_2to6,0.225,3号艇のsession_exh_rel_avg,0.1154,3号艇の全国勝率,0.0755,3号艇のclass_rank_2to6,0.0718,3号艇の当地勝率,0.0621,0.0834,東 2.6m/s,[逃げ]1号艇のdominanceが不利(-22.5pt)、1号艇のsession_exh_rel_avgが不利(-15.1pt) / [2着]2号艇のsession_exh_rel_avgが有利(+11.8pt)、2号艇のracer_avgfin_teが有利(+7.3pt) / [候補2]3号艇のwin_rate_rank_2to6が有利(+22.5pt)、3号艇のsession_exh_rel_avgが有利(+11.5pt) / [除外]6号艇のwin_rate_rank_2to6が不利(-6.8pt)、3号艇のracer_avgfin_teが不利(-6.8pt)、天気+8.3pt
97,20,若松,6,17:34,0.3865413320620398,2,0.505062876026714,4,0.22911625814810618,0.28379058049609,0.16648695093699495,0.5676921832378252,0.2270936663543694,0.36896106131861056,1-2,1-4,0.19522767687445086,0.06435408778613348,0.08856290362163914,0.0164592715092651,0.02193739875045524,True,False,False,False,予選,2026-08-22,1号艇のdominance,-0.1689,1号艇のモーター2連率順位,-0.0895,ST差分(4-3),-0.0885,1号艇の級別順位,-0.0875,1号艇の全国勝率,-0.0724,2号艇のwin_rate_rank_2to6,0.1875,2号艇の当地勝率,0.1325,2号艇のclass_rank_2to6,0.081,2号艇の全国勝率,0.0605,2号艇の直近平均着順,0.055,4号艇のwin_rate_rank_2to6,0.0808,2号艇のracer_avgfin_te,-0.069,4号艇のclass_rank_2to6,0.0597,4号艇の年齢,-0.0573,4号艇のcumulative_diff_rank_2to6,0.0539,0.0891,北東 1.7m/s,[逃げ]1号艇のdominanceが不利(-16.9pt)、1号艇のモーター2連率順位が不利(-8.9pt) / [2着]2号艇のwin_rate_rank_2to6が有利(+18.8pt)、2号艇の当地勝率が有利(+13.2pt) / [候補2]4号艇のwin_rate_rank_2to6が有利(+8.1pt)、2号艇のracer_avgfin_teが不利(-6.9pt)、天気+8.9pt
98,07,蒲郡,2,15:41,0.543582286988558,3,0.3184174888500225,5,0.21463560432651874,0.28975821947522923,0.19289376283125004,0.3401593303452912,0.22268715555619703,0.3048785527362478,1-3,1-5,0.10485363274563941,0.17308610680624892,0.07774055344015302,0.1166721126689803,0.0712298813275364,True,False,False,False,予選,2026-08-22,1号艇のdominance,-0.2245,1号艇のvs_max234_diff,0.1026,1号艇の級別順位,-0.0807,6号艇のモーター2連率,-0.0722,1号艇のracer_win_te,0.0632,3号艇のracer_avgfin_te,-0.1053,3号艇のsession_exh_rel_avg,0.0935,3号艇のwin_rate_rank_2to6,-0.0804,3号艇の全国勝率,-0.0656,3号艇の当地勝率,-0.0602,5号艇のwin_rate_rank_2to6,0.1787,5号艇のclass_rank_2to6,0.1199,3号艇の枠別平均ST,0.08,5号艇の枠別勝率,0.0473,1号艇のsession_rank_diff_last,-0.0468,0.0303,東 2.2m/s,[逃げ]1号艇のdominanceが不利(-22.4pt)、1号艇のvs_max234_diffが有利(+10.3pt) / [2着]3号艇のracer_avgfin_teが不利(-10.5pt)、3号艇のsession_exh_rel_avgが有利(+9.3pt) / [候補2]5号艇のwin_rate_rank_2to6が有利(+17.9pt)、5号艇のclass_rank_2to6が有利(+12.0pt)、天気+3.0pt
99,21,芦屋,9,12:27,0.35512582624229616,2,0.5526281628771793,3,0.1732427322608967,0.25777550138114436,0.13570188255077795,0.590169012587298,0.21579875640567403,0.35749355474299044,1-2,1-3,0.1962525329465205,0.06152296843462384,0.04819124316348005,0.021602318004049593,0.02755676501656892,True,True,False,False,予選特賞,2026-08-22,1号艇のsession_exh_rel_avg,0.0981,1号艇のdominance,-0.0868,1号艇の級別順位,-0.0866,1号艇vs4号艇の枠別平均ST差,-0.0813,6号艇のモーター出走数,-0.0781,2号艇のwin_rate_rank_2to6,0.1714,2号艇のclass_rank_2to6,0.0887,2号艇のsession_exh_rel_avg,0.0851,3号艇のracer_2nd_te,0.0641,2号艇の一般戦勝率,-0.0635,3号艇のwin_rate_rank_2to6,-0.1466,6号艇のモーター出走数,0.0972,3号艇のsession_exh_rel_avg,0.0936,1号艇のsession_rank_diff_last,0.0847,3号艇の全国勝率,-0.0704,0.0962,北東 1.6m/s,[逃げ]1号艇のsession_exh_rel_avgが有利(+9.8pt)、1号艇のdominanceが不利(-8.7pt) / [2着]2号艇のwin_rate_rank_2to6が有利(+17.1pt)、2号艇のclass_rank_2to6が有利(+8.9pt) / [候補2]3号艇のwin_rate_rank_2to6が不利(-14.7pt)、6号艇のモーター出走数が有利(+9.7pt)、天気+9.6pt
100,06,浜名湖,5,13:34,0.46105736644719886,2,0.32312970835374794,4,0.3211428137324037,0.2970465923073358,0.24131436558291539,0.4029581565032362,0.21102866034188184,0.32882006156610594,1-2,1-4,0.14898133235443045,0.04346018129917681,0.1480652599529054,0.11125976588153554,0.009290833400047716,True,True,False,False,予選,2026-08-22,1号艇のdominance,-0.2259,1号艇のsession_exh_rel_avg,0.1566,1号艇のracer_win_te,-0.1435,1号艇の級別順位,-0.0872,1号艇の節間得点,0.083,2号艇のsession_exh_rel_avg,-0.1101,3号艇のracer_2nd_te,0.0643,2号艇の全国勝率,0.0617,5号艇の年齢,-0.0507,2号艇のモーター2連率,-0.0424,4号艇のwin_rate_rank_2to6,0.0699,4号艇のsession_exh_rel_avg,0.0646,4号艇のモーター2連率,0.0576,4号艇の全国2連率,0.0344,2号艇の女子戦勝率,0.0325,-0.0647,南西 4.2m/s,[逃げ]1号艇のdominanceが不利(-22.6pt)、1号艇のsession_exh_rel_avgが有利(+15.7pt) / [2着]2号艇のsession_exh_rel_avgが不利(-11.0pt)、3号艇のracer_2nd_teが有利(+6.4pt) / [候補2]4号艇のwin_rate_rank_2to6が有利(+7.0pt)、4号艇のsession_exh_rel_avgが有利(+6.5pt) / [除外]win_rate_range_1to6が不利(-9.5pt)、5号艇の平均STが不利(-7.4pt)、天気-6.5pt
101,06,浜名湖,1,11:35,0.37707539324765943,4,0.3986126041087553,2,0.30595674721744126,0.2656757652215739,0.18930069786377124,0.5152686534624253,0.20532463590725142,0.3405536316938293,1-4,1-2,0.11536876077379139,0.0713806350890379,0.1503070044477825,0.03446657376645054,0.0055524160099876645,True,True,False,False,予選,2026-08-22,1号艇のdominance,-0.2363,1号艇のracer_win_te,-0.1532,ST差分(4-3),-0.0889,6号艇の枠別出走数,-0.0738,1号艇のvs_max234_diff,-0.0716,4号艇のclass_rank_2to6,0.2172,4号艇のwin_rate_rank_2to6,0.1962,4号艇のsession_exh_rel_avg,-0.0874,4号艇のcumulative_diff_rank_2to6,-0.0645,4号艇の年齢,-0.0594,2号艇の全国勝率,-0.0618,2号艇のwin_rate_rank_2to6,0.0473,3号艇の全国勝率,-0.0456,2号艇のracer_avgfin_te,-0.0421,5号艇のsession_avg_finish,-0.0367,0.0018,南 2.1m/s,[逃げ]1号艇のdominanceが不利(-23.6pt)、1号艇のracer_win_teが不利(-15.3pt) / [2着]4号艇のclass_rank_2to6が有利(+21.7pt)、4号艇のwin_rate_rank_2to6が有利(+19.6pt) / [候補2]2号艇の全国勝率が不利(-6.2pt)、2号艇のwin_rate_rank_2to6が有利(+4.7pt) / [除外]6号艇の直近平均着順が不利(-13.3pt)、6号艇のwin_rate_rank_2to6が不利(-9.6pt)、天気影響ほぼなし
102,21,芦屋,6,10:50,0.339547671204582,2,0.4887989087602896,3,0.24283591682158912,0.24842490119849747,0.1606627598145467,0.5709720657673321,0.20052974491864944,0.34518905056914784,1-2,1-3,0.16597053115689728,0.08245437004160017,0.054552665944330433,0.016244707773555234,0.02032539502328522,False,False,True,False,予選,2026-08-22,1号艇のdominance,-0.3579,1号艇のsession_exh_rel_avg,0.1535,1号艇のvs_max234_diff,-0.1298,1号艇の節間得点,0.1141,1号艇の級別順位,-0.1076,2号艇のwin_rate_rank_2to6,0.1724,2号艇のclass_rank_2to6,0.1033,3号艇のモーター出走数,0.0605,2号艇のracer_avgfin_te,0.0589,1号艇の年齢,0.0574,3号艇のwin_rate_rank_2to6,-0.1344,3号艇のモーター2連率,0.1249,6号艇のモーター出走数,0.081,1号艇のvs_max234_diff,-0.0731,3号艇の全国勝率,-0.0589,0.0682,北東 3.0m/s,[逃げ]1号艇のdominanceが不利(-35.8pt)、1号艇のsession_exh_rel_avgが有利(+15.3pt) / [2着]2号艇のwin_rate_rank_2to6が有利(+17.2pt)、2号艇のclass_rank_2to6が有利(+10.3pt) / [候補2]3号艇のwin_rate_rank_2to6が不利(-13.4pt)、3号艇のモーター2連率が有利(+12.5pt)、天気+6.8pt
103,21,芦屋,2,08:58,0.343069639759001,4,0.5550348457455745,5,0.12590619692560814,0.23361019820632115,0.11981405821125782,0.5611269844599248,0.2000224551423584,0.3318652340824022,1-4,1-5,0.035022266963405414,0.041104565788600195,0.19041560458362694,0.043194593622694226,0.03333259985443625,False,False,True,False,サンライズＷ,2026-08-22,3号艇の平均ST,-0.2965,1号艇のdominance,0.1912,6号艇のモーター出走数,-0.1656,1号艇の勝率順位,0.1035,ST差分(4-3),-0.0996,4号艇のwin_rate_rank_2to6,0.2379,4号艇のclass_rank_2to6,0.1949,4号艇の節間得点,0.1012,4号艇のsession_exh_rel_avg,0.079,3号艇の平均ST,0.0657,5号艇の年齢,-0.0959,mean_234_全国勝率,0.0754,5号艇のwin_rate_rank_2to6,-0.0713,2号艇のモーター出走数,-0.0696,5号艇の女子戦勝率,-0.0678,0.0287,東 2.7m/s,[逃げ]3号艇の平均STが不利(-29.7pt)、1号艇のdominanceが有利(+19.1pt) / [2着]4号艇のwin_rate_rank_2to6が有利(+23.8pt)、4号艇のclass_rank_2to6が有利(+19.5pt) / [候補2]5号艇の年齢が不利(-9.6pt)、mean_234_全国勝率が有利(+7.5pt) / [除外]2号艇のwin_rate_rank_2to6が不利(-7.7pt)、2号艇の全国勝率が不利(-5.3pt)、天気+2.9pt
104,04,平和島,11,17:08,0.3628086831263498,3,0.3628191882355938,2,0.35787603940083823,0.2614744864742188,0.19831083261243349,0.5223843950239986,0.1992506187306858,0.3397474590391527,1-3,1-2,0.12984053457749178,0.131633951896727,0.07194889202980698,0.0222641782412674,0.007121129759975814,True,False,False,False,予選特選,2026-08-22,場特性:in_escape_diff,-0.1767,1号艇vs2号艇のcumulative差,-0.134,1号艇vs3号艇のcumulative差,-0.1081,1号艇の年齢,-0.1044,1号艇の勝率順位,-0.0929,3号艇の節間得点,0.0545,3号艇のwin_rate_rank_2to6,0.0428,3号艇のcumulative_diff_rank_2to6,0.0351,3号艇の枠別平均ST,-0.0302,3号艇の全国勝率,0.0297,2号艇のwin_rate_rank_2to6,0.1903,2号艇のclass_rank_2to6,0.1091,2号艇のsession_exh_rel_avg,-0.0859,2号艇の全国勝率,0.0522,1号艇の年齢,0.0514,0.0845,東 2.2m/s,[逃げ]場特性:in_escape_diffが不利(-17.7pt)、1号艇vs2号艇のcumulative差が不利(-13.4pt) / [2着]3号艇の節間得点が有利(+5.5pt)、3号艇のwin_rate_rank_2to6が有利(+4.3pt) / [候補2]2号艇のwin_rate_rank_2to6が有利(+19.0pt)、2号艇のclass_rank_2to6が有利(+10.9pt) / [除外]6号艇のwin_rate_rank_2to6が不利(-6.4pt)、5号艇のsession_exh_rel_avgが不利(-5.4pt)、天気+8.5pt
105,07,蒲郡,5,17:01,0.43232692299982817,2,0.33665831650345185,3,0.3006807600221587,0.2755388418618693,0.23746541525347004,0.3998736612721406,0.1970217072604425,0.3128392876849507,1-2,1-3,0.14554645407623962,0.12999238778562963,0.03321028057663254,0.10266269229540916,0.02091510665537395,True,False,False,False,予選,2026-08-22,1号艇のdominance,-0.2079,1号艇の年齢,-0.1407,5号艇の枠別出走数,-0.1079,2号艇のモーター2連率,-0.1034,1号艇の級別順位,-0.0834,2号艇のsession_exh_rel_avg,0.1439,2号艇のモーター2連率,0.114,枠別勝率の分散(2-6号艇),0.0652,2号艇のclass_rank_2to6,0.0636,6号艇のracer_avgfin_te,-0.0592,3号艇のsession_exh_rel_avg,0.1219,6号艇のracer_2nd_te,-0.0789,6号艇の直近1着率,0.0705,3号艇のwin_rate_rank_2to6,-0.0552,6号艇のracer_win_te,0.0529,0.0161,東 2.2m/s,[逃げ]1号艇のdominanceが不利(-20.8pt)、1号艇の年齢が不利(-14.1pt) / [2着]2号艇のsession_exh_rel_avgが有利(+14.4pt)、2号艇のモーター2連率が有利(+11.4pt) / [候補2]3号艇のsession_exh_rel_avgが有利(+12.2pt)、6号艇のracer_2nd_teが不利(-7.9pt) / [除外]win_rate_range_1to6が不利(-7.1pt)、天気+1.6pt
106,23,唐津,5,10:28,0.4772402870256335,6,0.3255156242477884,3,0.23532168119202326,0.2676541566227786,0.23084822206980204,0.32998908337000965,0.19350917319962568,0.2863546346469479,1-6,1-3,0.1101700717599495,0.1123049866754358,0.05803696819418977,0.04137908155942259,0.1553491699473428,False,False,True,False,レッツ５戦,2026-08-22,1号艇のdominance,-0.1509,1号艇の勝率順位,-0.0672,1号艇のsession_exh_rel_avg,0.0667,1号艇のracer_win_te,0.0652,風向(度),-0.0619,6号艇のwin_rate_rank_2to6,0.3695,6号艇のsession_exh_rel_avg,0.2005,6号艇のclass_rank_2to6,0.1747,6号艇の全国勝率,0.1175,6号艇のvs_avg456_diff,0.099,3号艇のsession_exh_rel_avg,-0.1348,3号艇のwin_rate_rank_2to6,-0.0693,3号艇の全国勝率,0.0485,3号艇の当地勝率,-0.0474,6号艇の直近平均着順,-0.0462,0.0531,北 3.1m/s,[逃げ]1号艇のdominanceが不利(-15.1pt)、1号艇の勝率順位が不利(-6.7pt) / [2着]6号艇のwin_rate_rank_2to6が有利(+36.9pt)、6号艇のsession_exh_rel_avgが有利(+20.0pt) / [候補2]3号艇のsession_exh_rel_avgが不利(-13.5pt)、3号艇のwin_rate_rank_2to6が不利(-6.9pt)、天気+5.3pt
107,08,常滑,7,13:27,0.43824553803772737,2,0.3424208581691126,5,0.22235974374067846,0.2475125787572279,0.18498232642757856,0.3797982754822125,0.19257003559090638,0.2871982877747233,1-2,1-5,0.1500644132236631,0.06926891945325747,0.08106767917272469,0.0974481655335648,0.04039635738933357,True,True,False,False,予選,2026-08-22,1号艇のdominance,-0.353,1号艇の級別順位,-0.1054,1号艇のracer_win_te,-0.096,1号艇のvs_max234_diff,-0.0944,1号艇の全国勝率,-0.0735,1号艇vs5号艇の直近複勝率差,0.066,5号艇のracer_2nd_te,0.0595,5号艇の直近1着率,0.0593,2号艇の全国勝率,0.0528,2号艇のwin_rate_rank_2to6,0.0488,5号艇のwin_rate_rank_2to6,0.2339,5号艇のclass_rank_2to6,0.1535,5号艇の年齢,-0.1088,節間得点の分散(2-6号艇),0.0592,avg_456_win_rate,0.0525,0.0418,南 3.6m/s,[逃げ]1号艇のdominanceが不利(-35.3pt)、1号艇の級別順位が不利(-10.5pt) / [2着]1号艇vs5号艇の直近複勝率差が有利(+6.6pt)、5号艇のracer_2nd_teが有利(+6.0pt) / [候補2]5号艇のwin_rate_rank_2to6が有利(+23.4pt)、5号艇のclass_rank_2to6が有利(+15.4pt) / [除外]5号艇の直近1着率が不利(-10.9pt)、6号艇のwin_rate_rank_2to6が不利(-5.5pt)、天気+4.2pt
108,02,戸田,4,12:14,0.3814551074730853,4,0.400832019483769,2,0.2859552409633208,0.26197850824499047,0.22670049298393452,0.4600867674631553,0.19070971988058838,0.32141098601043994,1-4,1-2,0.10907908717415554,0.08647606091538816,0.15289942107083493,0.015348698489741705,0.01765183129677893,True,True,False,False,予選,2026-08-22,場特性:in_escape_diff,-0.1499,4号艇のモーター2連率,-0.1235,1号艇の節間得点,0.1062,1号艇のdominance,-0.0763,1号艇の級別順位,-0.0704,4号艇のclass_rank_2to6,0.1893,4号艇のwin_rate_rank_2to6,0.1749,4号艇のsession_exh_rel_avg,0.0756,4号艇の当地勝率,0.0653,5号艇のracer_win_te,0.0602,2号艇のsession_exh_rel_avg,-0.135,2号艇のwin_rate_rank_2to6,-0.1208,2号艇のcumulative_diff_rank_2to6,-0.0412,4号艇のモーター2連率,0.0337,2号艇の全国勝率,0.0314,-0.0291,北東 0.5m/s,[逃げ]場特性:in_escape_diffが不利(-15.0pt)、4号艇のモーター2連率が不利(-12.4pt) / [2着]4号艇のclass_rank_2to6が有利(+18.9pt)、4号艇のwin_rate_rank_2to6が有利(+17.5pt) / [候補2]2号艇のsession_exh_rel_avgが不利(-13.5pt)、2号艇のwin_rate_rank_2to6が不利(-12.1pt) / [除外]4号艇の当地2連率が不利(-15.3pt)、5号艇のracer_win_teが不利(-10.3pt)、天気-2.9pt
109,22,福岡,7,15:14,0.5197086187097777,5,0.259162948173257,2,0.25909432063457943,0.2693427693084226,0.24368852500142052,0.2745687438064159,0.19057987870134174,0.27091056165782057,1-5,1-2,0.13465355149254554,0.1266470267239114,0.10713511707981999,0.13468921781587712,0.016583717214016504,True,False,False,False,予選,2026-08-22,1号艇のdominance,-0.2372,1号艇の級別順位,-0.0966,1号艇の年齢,-0.0888,1号艇の勝率順位,-0.0633,1号艇の全国勝率,-0.0603,5号艇のwin_rate_rank_2to6,0.2479,5号艇のclass_rank_2to6,0.161,1号艇vs5号艇のlocal_win_rate差,0.081,4号艇の一般戦2連率,-0.0784,5号艇の枠別勝率,0.0621,2号艇のwin_rate_rank_2to6,-0.1247,2号艇の全国勝率,-0.0751,2号艇のclass_rank_2to6,-0.0507,1号艇の体重,-0.0503,2号艇のsession_exh_rel_avg,0.0478,0.0421,北西 2.4m/s,[逃げ]1号艇のdominanceが不利(-23.7pt)、1号艇の級別順位が不利(-9.7pt) / [2着]5号艇のwin_rate_rank_2to6が有利(+24.8pt)、5号艇のclass_rank_2to6が有利(+16.1pt) / [候補2]2号艇のwin_rate_rank_2to6が不利(-12.5pt)、2号艇の全国勝率が不利(-7.5pt) / [除外]6号艇のwin_rate_rank_2to6が不利(-7.8pt)、6号艇のvs_avg456_diffが不利(-6.9pt)、天気+4.2pt
110,22,福岡,4,13:49,0.40332047355210177,3,0.38319996369442244,2,0.2845693834449825,0.26932504931184265,0.24527449307112204,0.4224948540682829,0.19005477138226207,0.3152759907387747,1-3,1-2,0.11477265848945997,0.15455239082238267,0.09892422469569664,0.02414246838216828,0.010928740177309307,True,True,False,False,予選,2026-08-22,1号艇のdominance,-0.2657,1号艇のracer_win_te,-0.1522,1号艇のvs_max234_diff,-0.1502,1号艇の級別順位,-0.0956,1号艇の全国勝率,-0.0869,3号艇の当地勝率,0.1098,3号艇のwin_rate_rank_2to6,0.0783,6号艇のracer_2nd_te,-0.0612,場特性:1x_diff_course3,0.0576,3号艇のcumulative_diff_rank_2to6,0.038,2号艇のclass_rank_2to6,-0.0457,2号艇のsession_exh_rel_avg,0.0454,2号艇のracer_avgfin_te,-0.0453,2号艇の全国勝率,0.04,場特性:1x_diff_course2,0.0387,0.0292,北西 3.1m/s,[逃げ]1号艇のdominanceが不利(-26.6pt)、1号艇のracer_win_teが不利(-15.2pt) / [2着]3号艇の当地勝率が有利(+11.0pt)、3号艇のwin_rate_rank_2to6が有利(+7.8pt) / [候補2]2号艇のclass_rank_2to6が不利(-4.6pt)、2号艇のsession_exh_rel_avgが有利(+4.5pt) / [除外]6号艇のwin_rate_rank_2to6が不利(-6.1pt)、天気+2.9pt
111,23,唐津,4,10:02,0.4074496274880769,3,0.3374158427845486,6,0.24174404619915096,0.23597848102244434,0.17845545838099885,0.40070443060270067,0.18544450342374977,0.28539626589652123,1-3,1-6,0.07271161004055199,0.13747995945113986,0.041174464207154454,0.05758507070005795,0.09849852157130451,False,False,True,False,おは４戦,2026-08-22,1号艇のdominance,-0.3026,1号艇の直近1着率,-0.1165,1号艇の年齢,-0.1098,1号艇のracer_win_te,-0.0724,1号艇の級別順位,-0.0719,風向(度),0.0623,3号艇のwin_rate_rank_2to6,-0.0603,1号艇vs6号艇のplace_rate差,0.051,1号艇vs3号艇の直近複勝率差,0.0491,5号艇の直近平均着順,-0.0426,6号艇のwin_rate_rank_2to6,0.3216,6号艇のsession_exh_rel_avg,0.2368,6号艇のclass_rank_2to6,0.1955,4号艇の枠別平均ST,0.1632,6号艇のモーター2連率,0.1348,0.0697,北 2.7m/s,[逃げ]1号艇のdominanceが不利(-30.3pt)、1号艇の直近1着率が不利(-11.7pt) / [2着]風向(度)が有利(+6.2pt)、3号艇のwin_rate_rank_2to6が不利(-6.0pt) / [候補2]6号艇のwin_rate_rank_2to6が有利(+32.2pt)、6号艇のsession_exh_rel_avgが有利(+23.7pt) / [除外]2号艇のwin_rate_rank_2to6が不利(-5.3pt)、天気+7.0pt
112,04,平和島,7,14:58,0.3000835558815319,3,0.5151584593926446,2,0.22379311559819762,0.2217472162475104,0.14224928375249654,0.5967022912383456,0.18389515702512843,0.3342337387447609,1-3,1-2,0.06715663391051387,0.15459058233699655,0.022717443446152324,0.012932223062022257,0.04268667089005018,True,True,False,False,予選,2026-08-22,1号艇のracer_win_te,-0.2078,1号艇のsession_exh_rel_avg,-0.1695,場特性:in_escape_diff,-0.13,1号艇の級別順位,-0.0931,1号艇の年齢,0.0837,3号艇のwin_rate_rank_2to6,0.1478,3号艇のモーター2連率,0.1252,3号艇のsession_exh_rel_avg,0.108,3号艇のclass_rank_2to6,0.0443,3号艇の全国勝率,0.0377,2号艇のwin_rate_rank_2to6,-0.1824,2号艇の全国勝率,-0.0691,2号艇の当地勝率,0.0684,2号艇のclass_rank_2to6,-0.0547,2号艇のsession_exh_rel_avg,0.0542,0.0368,南東 1.1m/s,[逃げ]1号艇のracer_win_teが不利(-20.8pt)、1号艇のsession_exh_rel_avgが不利(-17.0pt) / [2着]3号艇のwin_rate_rank_2to6が有利(+14.8pt)、3号艇のモーター2連率が有利(+12.5pt) / [候補2]2号艇のwin_rate_rank_2to6が不利(-18.2pt)、2号艇の全国勝率が不利(-6.9pt) / [除外]4号艇のwin_rate_rank_2to6が不利(-5.1pt)、天気+3.7pt
113,20,若松,3,16:16,0.4223653171310289,2,0.279505640002046,4,0.2738021486324842,0.2336980196176916,0.19701102965040856,0.35629675898412155,0.17844871465112025,0.2704776414276206,1-2,1-4,0.11805348827937534,0.08321062601660535,0.11564453133831629,0.05926112222192467,0.04619555399510747,True,False,False,False,予選,2026-08-22,6号艇の枠別出走数,-0.1293,1号艇のdominance,-0.0989,1号艇の級別順位,-0.0847,1号艇の全国勝率,-0.0654,1号艇の勝率順位,-0.0636,2号艇のwin_rate_rank_2to6,-0.1489,3号艇のracer_2nd_te,0.0856,3号艇のracer_win_te,0.0582,2号艇のモーター2連率,-0.0573,2号艇のclass_rank_2to6,-0.0506,4号艇のclass_rank_2to6,0.1914,4号艇のwin_rate_rank_2to6,0.0936,4号艇のモーター2連率,-0.0551,4号艇の年齢,-0.052,4号艇のcumulative_diff_rank_2to6,0.0436,0.0292,東 2.1m/s,[逃げ]6号艇の枠別出走数が不利(-12.9pt)、1号艇のdominanceが不利(-9.9pt) / [2着]2号艇のwin_rate_rank_2to6が不利(-14.9pt)、3号艇のracer_2nd_teが有利(+8.6pt) / [候補2]4号艇のclass_rank_2to6が有利(+19.1pt)、4号艇のwin_rate_rank_2to6が有利(+9.4pt) / [除外]3号艇のracer_win_teが不利(-6.4pt)、天気+2.9pt
114,19,下関,2,15:51,0.4195594988781921,3,0.34633713972568597,2,0.20914865616497552,0.23305934215783963,0.19674219722035347,0.35874359867030803,0.1780362136872034,0.2707646191115801,1-3,1-2,0.08775030537162444,0.1453090367862152,0.03845558723830357,0.06549950711914011,0.08254505767396594,True,False,False,False,予選,2026-08-22,1号艇のdominance,-0.3409,1号艇の年齢,-0.1925,1号艇のracer_win_te,-0.177,1号艇のsession_exh_rel_avg,-0.0846,場特性:in_escape_diff,0.0703,3号艇のwin_rate_rank_2to6,0.0577,3号艇の全国勝率,-0.0503,1号艇vs6号艇のplace_rate差,0.0495,3号艇の当地勝率,-0.0495,2号艇の節間得点,0.0362,2号艇の全国勝率,-0.093,1号艇の年齢,-0.0664,2号艇のclass_rank_2to6,-0.0584,2号艇の当地勝率,-0.0556,2号艇のsession_avg_finish,-0.0525,-0.0589,東 4.2m/s,[逃げ]1号艇のdominanceが不利(-34.1pt)、1号艇の年齢が不利(-19.3pt) / [2着]3号艇のwin_rate_rank_2to6が有利(+5.8pt)、3号艇の全国勝率が不利(-5.0pt) / [候補2]2号艇の全国勝率が不利(-9.3pt)、1号艇の年齢が不利(-6.6pt) / [除外]4号艇のwin_rate_rank_2to6が不利(-5.4pt)、天気-5.9pt
115,04,平和島,1,11:55,0.344319059329501,5,0.44815768062449435,2,0.23189226184206718,0.23415415648716778,0.20184987569812796,0.47820006676843363,0.177437371629806,0.3073679295715475,1-5,1-2,0.07984492546325092,0.03195029879707404,0.06950075932615613,0.15430923102391683,0.008713845039775212,True,True,False,False,予選,2026-08-22,場特性:in_escape_diff,-0.1388,1号艇のsession_exh_rel_avg,0.1132,3号艇の枠別出走数,-0.1027,1号艇のracer_win_te,-0.0972,1号艇のvs_max234_diff,0.0757,5号艇のwin_rate_rank_2to6,0.2002,5号艇のclass_rank_2to6,0.1907,5号艇のsession_exh_rel_avg,0.1108,3号艇のracer_avgfin_te,0.1003,1号艇のsession_rank_diff_last,-0.0967,2号艇のsession_exh_rel_avg,-0.1539,1号艇vs3号艇の枠別平均ST差,-0.1356,2号艇のcumulative_diff_rank_2to6,-0.0475,3号艇の直近平均着順,0.0466,3号艇のracer_2nd_te,0.0441,-0.0853,北 1.2m/s,[逃げ]場特性:in_escape_diffが不利(-13.9pt)、1号艇のsession_exh_rel_avgが有利(+11.3pt) / [2着]5号艇のwin_rate_rank_2to6が有利(+20.0pt)、5号艇のclass_rank_2to6が有利(+19.1pt) / [候補2]2号艇のsession_exh_rel_avgが不利(-15.4pt)、1号艇vs3号艇の枠別平均ST差が不利(-13.6pt) / [除外]3号艇のracer_2nd_teが不利(-6.6pt)、3号艇の直近平均着順が不利(-6.2pt)、天気-8.5pt
116,22,福岡,2,12:48,0.3268205564504054,3,0.44660177034767834,4,0.26205525861106316,0.23160368453678695,0.20666707136818488,0.5019899575905566,0.1741658582952285,0.3127195664529179,1-3,1-4,0.06754304726452583,0.1459586390967644,0.08564504544002256,0.022533428678010295,0.005140393688267144,True,True,False,False,予選,2026-08-22,1号艇のdominance,-0.227,1号艇のracer_win_te,-0.1581,3号艇のracer_win_te,-0.1203,1号艇の年齢,-0.1066,1号艇の級別順位,-0.0851,3号艇のwin_rate_rank_2to6,0.0747,3号艇の当地勝率,0.0597,場特性:1x_diff_course3,0.0473,3号艇のracer_win_te,0.0422,3号艇のclass_rank_2to6,0.0413,4号艇のwin_rate_rank_2to6,0.1509,4号艇のclass_rank_2to6,0.0922,3号艇の女子戦勝率,0.069,4号艇のcumulative_diff_rank_2to6,0.0386,5号艇の体重,0.0344,0.0188,北西 3.1m/s,[逃げ]1号艇のdominanceが不利(-22.7pt)、1号艇のracer_win_teが不利(-15.8pt) / [2着]3号艇のwin_rate_rank_2to6が有利(+7.5pt)、3号艇の当地勝率が有利(+6.0pt) / [候補2]4号艇のwin_rate_rank_2to6が有利(+15.1pt)、4号艇のclass_rank_2to6が有利(+9.2pt) / [除外]6号艇のwin_rate_rank_2to6が不利(-7.1pt)、3号艇のracer_win_teが不利(-5.6pt)、天気+1.9pt
117,04,平和島,8,15:31,0.3135656316739356,4,0.48246716385910393,3,0.23935287039992326,0.2263379549973337,0.19280998365183333,0.5290100506071939,0.17396969411394334,0.3171395836802917,1-4,1-3,0.06045858431682831,0.07505283399992158,0.15128512099741212,0.022321621182716606,0.004447464460349712,True,False,False,False,ベイブレイク,2026-08-22,3号艇のsession_exh_rel_avg,-0.1414,場特性:in_escape_diff,-0.1169,1号艇のracer_win_te,-0.1132,1号艇のsession_exh_rel_avg,0.1034,1号艇vs4号艇のcumulative差,-0.0918,4号艇のwin_rate_rank_2to6,0.2403,4号艇のclass_rank_2to6,0.2054,4号艇の当地勝率,0.164,4号艇の節間得点,0.111,4号艇の全国勝率,0.0562,3号艇のwin_rate_rank_2to6,-0.1277,4号艇の当地2連率,0.1202,6号艇のsession_rank_diff_delta,0.1031,3号艇のsession_exh_rel_avg,0.0948,5号艇のsession_exh_rel_avg,-0.071,0.0172,東 1.4m/s,[逃げ]3号艇のsession_exh_rel_avgが不利(-14.1pt)、場特性:in_escape_diffが不利(-11.7pt) / [2着]4号艇のwin_rate_rank_2to6が有利(+24.0pt)、4号艇のclass_rank_2to6が有利(+20.5pt) / [候補2]3号艇のwin_rate_rank_2to6が不利(-12.8pt)、4号艇の当地2連率が有利(+12.0pt) / [除外]4号艇の当地2連率が不利(-16.6pt)、6号艇のwin_rate_rank_2to6が不利(-8.1pt)、天気+1.7pt
118,03,江戸川,6,13:29,0.3585203144417807,4,0.38283961490225005,5,0.20541916249769085,0.21090272184656428,0.14934990313606727,0.43890887426387365,0.17310476055186352,0.27930456757175703,1-4,1-5,0.05354497423419233,0.05329612436866018,0.13725577911552492,0.07364694273103936,0.040776484643218154,True,True,False,False,予選,2026-08-22,1号艇のdominance,-0.1916,1号艇のracer_win_te,-0.1507,1号艇のsession_exh_rel_avg,0.148,1号艇vs4号艇の枠別勝率差,-0.1084,場特性:in_escape_diff,-0.0948,4号艇のclass_rank_2to6,0.2007,4号艇のsession_exh_rel_avg,-0.143,4号艇のwin_rate_rank_2to6,0.1043,4号艇のモーター2連率,0.0891,4号艇の年齢,-0.0684,5号艇のwin_rate_rank_2to6,0.1987,5号艇のsession_exh_rel_avg,-0.1973,5号艇のclass_rank_2to6,0.1256,5号艇のsession_exh_rel_last,-0.0623,5号艇のracer_avgfin_te,0.0526,-0.0312,南東 0.5m/s,[逃げ]1号艇のdominanceが不利(-19.2pt)、1号艇のracer_win_teが不利(-15.1pt) / [2着]4号艇のclass_rank_2to6が有利(+20.1pt)、4号艇のsession_exh_rel_avgが不利(-14.3pt) / [候補2]5号艇のwin_rate_rank_2to6が有利(+19.9pt)、5号艇のsession_exh_rel_avgが不利(-19.7pt) / [除外]6号艇のvs_avg456_diffが不利(-6.9pt)、2号艇のwin_rate_rank_2to6が不利(-5.1pt)、天気-3.1pt
119,23,唐津,9,12:33,0.4204978837266362,2,0.3191948298049149,4,0.27357323640492975,0.24925771738197025,0.25475882187625976,0.3380092443335849,0.1730569944734145,0.27588317546745467,1-2,1-4,0.13422075042945056,0.050887993112994585,0.1150369669525197,0.1071255454596583,0.013226635604396493,True,True,False,False,一般,2026-08-22,1号艇のdominance,-0.1287,1号艇の年齢,-0.0995,1号艇vs2号艇のcumulative差,0.0842,1号艇の級別順位,-0.082,1号艇の全国勝率,-0.0685,6号艇のsession_exh_rel_last,0.1128,2号艇の枠別出走数,-0.085,2号艇のsession_exh_rel_avg,-0.0517,2号艇のclass_rank_2to6,-0.0492,2号艇のcumulative_diff_rank_2to6,-0.0418,4号艇のclass_rank_2to6,0.1057,4号艇のwin_rate_rank_2to6,0.0886,4号艇のモーター2連率,0.0839,4号艇のsession_exh_rel_avg,0.0834,4号艇の節間得点,0.0499,0.0862,北東 2.9m/s,[逃げ]1号艇のdominanceが不利(-12.9pt)、1号艇の年齢が不利(-9.9pt) / [2着]6号艇のsession_exh_rel_lastが有利(+11.3pt)、2号艇の枠別出走数が不利(-8.5pt) / [候補2]4号艇のclass_rank_2to6が有利(+10.6pt)、4号艇のwin_rate_rank_2to6が有利(+8.9pt) / [除外]6号艇のwin_rate_rank_2to6が不利(-7.5pt)、6号艇のvs_avg456_diffが不利(-7.4pt)、天気+8.6pt
120,21,芦屋,8,11:51,0.26828178120950363,3,0.4961744160641234,2,0.26046305023885363,0.20299204718960845,0.12448237237470478,0.6321550939282723,0.17266932926077586,0.33174096121120755,1-3,1-2,0.06987749105734008,0.13311455613226839,0.01902094766657179,0.033396352589870504,0.01287243876059048,True,True,False,False,予選,2026-08-22,1号艇のdominance,-0.3182,1号艇のvs_max234_diff,-0.1371,4号艇の直近複勝率,-0.1367,1号艇の年齢,-0.1156,1号艇のracer_win_te,-0.1079,3号艇のwin_rate_rank_2to6,0.1832,4号艇のモーター出走数,-0.0954,6号艇のモーター出走数,0.0778,風向(度),0.0766,場特性:1x_diff_course3,0.0526,2号艇のsession_exh_rel_avg,0.143,2号艇の全国勝率,-0.0862,3号艇のモーター出走数,0.0553,2号艇のwin_rate_rank_2to6,-0.037,1号艇のsession_rank_diff_delta,-0.034,0.1272,北 3.0m/s,[逃げ]1号艇のdominanceが不利(-31.8pt)、1号艇のvs_max234_diffが不利(-13.7pt) / [2着]3号艇のwin_rate_rank_2to6が有利(+18.3pt)、4号艇のモーター出走数が不利(-9.5pt) / [候補2]2号艇のsession_exh_rel_avgが有利(+14.3pt)、2号艇の全国勝率が不利(-8.6pt) / [除外]4号艇のwin_rate_rank_2to6が不利(-5.4pt)、天気+12.7pt
121,02,戸田,1,10:47,0.3695568130562257,3,0.36187278719037663,2,0.2603515684706762,0.22994724988406218,0.21379121514716992,0.4084331405138829,0.1709544075171059,0.2834930170730084,1-3,1-2,0.09621469591821283,0.13373255396584935,0.030173624340608548,0.030427942832468195,0.079008000129206,False,False,True,False,予選,2026-08-22,場特性:in_escape_diff,-0.1867,1号艇のsession_exh_rel_avg,0.12,1号艇の年齢,-0.1138,場×風向,-0.1088,1号艇のracer_win_te,-0.0912,3号艇のwin_rate_rank_2to6,0.1837,3号艇のsession_exh_rel_avg,0.101,6号艇の一般戦2連率,-0.0402,3号艇のモーター2連率,-0.0354,場特性:1x_diff_course3,-0.0334,2号艇の全国勝率,-0.0929,2号艇のモーター2連率,0.069,2号艇のwin_rate_rank_2to6,-0.0652,2号艇のsession_avg_finish,-0.0601,2号艇の節間得点,-0.053,-0.1476,北 1.0m/s,[逃げ]場特性:in_escape_diffが不利(-18.7pt)、1号艇のsession_exh_rel_avgが有利(+12.0pt) / [2着]3号艇のwin_rate_rank_2to6が有利(+18.4pt)、3号艇のsession_exh_rel_avgが有利(+10.1pt) / [候補2]2号艇の全国勝率が不利(-9.3pt)、2号艇のモーター2連率が有利(+6.9pt) / [除外]5号艇のracer_avgfin_teが不利(-5.6pt)、天気-14.8pt
122,20,若松,2,15:48,0.41832058445218345,2,0.2717266658085218,6,0.24059902504240308,0.21431638242662754,0.188002356583798,0.32432333426712684,0.16596600048576302,0.24731846797877732,1-2,1-6,0.11366885765226396,0.05460264491120482,0.07075630766329138,0.07864525568452217,0.10064752477436358,True,False,False,False,予選,2026-08-22,1号艇のdominance,-0.3956,1号艇の直近1着率,-0.1205,1号艇の級別順位,-0.105,1号艇のframe_dominance,0.0846,1号艇の年齢,-0.0741,2号艇のclass_rank_2to6,-0.0677,3号艇の全国勝率,-0.0535,3号艇のrecent_race_count,0.0533,1号艇の年齢,0.0527,2号艇のsession_exh_rel_avg,0.0472,1号艇vs5号艇の直近複勝率差,0.2183,6号艇のwin_rate_rank_2to6,0.147,6号艇のclass_rank_2to6,0.0919,2号艇の一般戦勝率,0.0716,3号艇の女子戦2連率,0.0694,0.0251,東 2.5m/s,[逃げ]1号艇のdominanceが不利(-39.6pt)、1号艇の直近1着率が不利(-12.1pt) / [2着]2号艇のclass_rank_2to6が不利(-6.8pt)、3号艇の全国勝率が不利(-5.3pt) / [候補2]1号艇vs5号艇の直近複勝率差が有利(+21.8pt)、6号艇のwin_rate_rank_2to6が有利(+14.7pt)、天気+2.5pt
123,03,江戸川,7,13:56,0.34166716821231213,2,0.41828446725367774,3,0.18516972994849382,0.20618048670390013,0.17633381502280923,0.4271203821793623,0.16255257653939018,0.2724624553465388,1-2,1-3,0.14291406943375967,0.06326641727014044,0.045166938411489874,0.03007225640272076,0.060247475238916895,True,True,False,False,予選,2026-08-22,1号艇のdominance,-0.1968,1号艇のsession_exh_rel_avg,0.1282,場特性:in_escape_diff,-0.0976,3号艇のsession_rank_diff_last,-0.0955,1号艇の年齢,0.0887,2号艇のclass_rank_2to6,0.0845,2号艇のsession_exh_rel_avg,-0.0813,2号艇の全国勝率,0.0358,2号艇のwin_rate_rank_2to6,0.0355,2号艇のsession_avg_finish,0.031,3号艇のwin_rate_rank_2to6,-0.1045,1号艇vs6号艇のplace_rate差,0.0858,3号艇のsession_exh_rel_avg,0.0834,6号艇のracer_2nd_te,-0.0798,3号艇のracer_avgfin_te,-0.0634,0.0033,東 1.0m/s,[逃げ]1号艇のdominanceが不利(-19.7pt)、1号艇のsession_exh_rel_avgが有利(+12.8pt) / [2着]2号艇のclass_rank_2to6が有利(+8.4pt)、2号艇のsession_exh_rel_avgが不利(-8.1pt) / [候補2]3号艇のwin_rate_rank_2to6が不利(-10.4pt)、1号艇vs6号艇のplace_rate差が有利(+8.6pt)、天気+0.3pt
124,16,児島,2,11:24,0.38469718045884127,5,0.31039515153967656,4,0.2835395120124548,0.22848499044527548,0.2451260842727653,0.34880857927936615,0.1612758332177348,0.2645820670955027,1-5,1-4,0.09429931347664913,0.04136333424669205,0.10907685081986712,0.11940813962540833,0.02054954802265934,True,True,False,False,一般,2026-08-22,1号艇のdominance,-0.3389,1号艇のracer_win_te,-0.1779,ST差分(4-3),-0.1019,1号艇の級別順位,-0.0912,1号艇の節間得点,0.0897,5号艇のwin_rate_rank_2to6,0.206,5号艇のclass_rank_2to6,0.1777,1号艇vs5号艇のplace_rate差,-0.0812,5号艇のsession_exh_rel_avg,0.0767,5号艇の性別,-0.0723,1号艇の平均ST,0.0902,4号艇のsession_exh_rel_delta,0.0784,4号艇のwin_rate_rank_2to6,0.0713,4号艇の年齢,0.065,4号艇のモーター2連率,0.0573,0.0847,南東 1.6m/s,[逃げ]1号艇のdominanceが不利(-33.9pt)、1号艇のracer_win_teが不利(-17.8pt) / [2着]5号艇のwin_rate_rank_2to6が有利(+20.6pt)、5号艇のclass_rank_2to6が有利(+17.8pt) / [候補2]1号艇の平均STが有利(+9.0pt)、4号艇のsession_exh_rel_deltaが有利(+7.8pt) / [除外]1号艇vs5号艇の級別差が不利(-9.7pt)、1号艇vs6号艇の枠別勝率差が不利(-6.1pt)、天気+8.5pt
125,21,芦屋,7,11:20,0.45875292618809504,5,0.25475693494083373,2,0.22245652915029343,0.21892307306816203,0.2223243782120063,0.2548890858791209,0.16051674975279315,0.2297128769114497,1-5,1-2,0.10205258369734438,0.10199195906770665,0.08918711713848843,0.11687048937081763,0.04865078204070145,True,True,False,False,予選,2026-08-22,1号艇のracer_win_te,-0.1471,1号艇のsession_exh_rel_avg,0.1154,1号艇の年齢,-0.1,1号艇のvs_max234_diff,0.091,1号艇のdominance,-0.0845,5号艇のwin_rate_rank_2to6,0.2168,4号艇の枠別出走数,0.1928,6号艇のsession_rank_diff_delta,0.104,5号艇のclass_rank_2to6,-0.0769,1号艇のモーター出走数,0.0718,2号艇のwin_rate_rank_2to6,0.0751,2号艇の全国勝率,-0.0633,3号艇のモーター出走数,0.0439,2号艇のclass_rank_2to6,-0.043,2号艇の当地勝率,-0.0424,-0.0783,北 3.4m/s,[逃げ]1号艇のracer_win_teが不利(-14.7pt)、1号艇のsession_exh_rel_avgが有利(+11.5pt) / [2着]5号艇のwin_rate_rank_2to6が有利(+21.7pt)、4号艇の枠別出走数が有利(+19.3pt) / [候補2]2号艇のwin_rate_rank_2to6が有利(+7.5pt)、2号艇の全国勝率が不利(-6.3pt) / [除外]6号艇のwin_rate_rank_2to6が不利(-7.2pt)、天気-7.8pt
126,06,浜名湖,6,14:05,0.3306356288314689,3,0.3700684716475334,2,0.21648130142338493,0.1939342530602585,0.1662728700674298,0.4202769030034886,0.15523904722740361,0.2618370480432275,1-3,1-2,0.07157643122637564,0.12235782183388284,0.04325229973091754,0.03847333739279401,0.054975734952357774,True,True,False,False,予選,2026-08-22,1号艇のdominance,-0.2181,3号艇のsession_exh_rel_avg,-0.1019,1号艇の全国勝率,-0.0641,1号艇の級別順位,-0.0629,1号艇のsession_exh_rel_avg,0.0543,3号艇のsession_exh_rel_avg,0.0883,3号艇のwin_rate_rank_2to6,0.0653,3号艇のモーター2連率,0.0439,3号艇の全国勝率,0.0392,3号艇のracer_2nd_te,-0.0377,2号艇のsession_exh_rel_avg,-0.0702,2号艇の全国勝率,-0.0702,2号艇のclass_rank_2to6,-0.0487,6号艇の当地2連率,-0.0479,2号艇のsession_avg_finish,-0.0479,-0.1111,南西 4.0m/s,[逃げ]1号艇のdominanceが不利(-21.8pt)、3号艇のsession_exh_rel_avgが不利(-10.2pt) / [2着]3号艇のsession_exh_rel_avgが有利(+8.8pt)、3号艇のwin_rate_rank_2to6が有利(+6.5pt) / [候補2]2号艇のsession_exh_rel_avgが不利(-7.0pt)、2号艇の全国勝率が不利(-7.0pt)、天気-11.1pt
127,04,平和島,6,14:26,0.2870990487880647,3,0.46045883443647867,2,0.23549891122382377,0.19980880677575868,0.20769578131858352,0.4882619643417189,0.1500094712906086,0.2863447540455467,1-3,1-2,0.0676115134029847,0.132197293372774,0.05962926125385922,0.022722377921436304,0.004938607917265162,True,True,False,False,予選,2026-08-22,1号艇のdominance,-0.3614,1号艇のvs_max234_diff,-0.2372,3号艇のracer_win_te,-0.1019,場特性:in_escape_diff,-0.0936,1号艇の級別順位,-0.0882,3号艇のwin_rate_rank_2to6,0.1915,3号艇の全国勝率,0.1295,3号艇のracer_avgfin_te,0.0627,ST差分(3-2),-0.0538,2号艇の枠別勝率,0.0535,2号艇のwin_rate_rank_2to6,-0.157,2号艇のsession_exh_rel_avg,0.1462,3号艇の全国2連率,0.0742,2号艇の全国勝率,-0.0713,2号艇のclass_rank_2to6,-0.043,-0.002,南東 0.9m/s,[逃げ]1号艇のdominanceが不利(-36.1pt)、1号艇のvs_max234_diffが不利(-23.7pt) / [2着]3号艇のwin_rate_rank_2to6が有利(+19.1pt)、3号艇の全国勝率が有利(+13.0pt) / [候補2]2号艇のwin_rate_rank_2to6が不利(-15.7pt)、2号艇のsession_exh_rel_avgが有利(+14.6pt) / [除外]6号艇のwin_rate_rank_2to6が不利(-7.6pt)、3号艇のracer_avgfin_teが不利(-6.1pt)、天気影響ほぼなし
128,19,下関,4,16:46,0.24055515097628194,2,0.5734586109449916,3,0.14453417340875496,0.17271686264009656,0.12452848525977131,0.5934642990939752,0.1469070595000271,0.29894109357626014,1-2,1-3,0.13794842273452138,0.03476843990557516,0.02995596857251199,0.01710618499815323,0.020776139246209024,True,False,False,False,予選,2026-08-22,1号艇のdominance,-0.2123,1号艇のsession_exh_rel_avg,0.139,1号艇vs2号艇のcumulative差,-0.1124,1号艇の直近1着率,-0.1072,1号艇のvs_max234_diff,-0.0956,2号艇のwin_rate_rank_2to6,0.2023,2号艇のclass_rank_2to6,0.1144,2号艇の直近平均着順,0.0692,2号艇の全国勝率,0.0508,2号艇の節間得点,0.0485,3号艇のwin_rate_rank_2to6,-0.1404,3号艇の全国勝率,-0.0612,1号艇vs2号艇のplace_rate差,0.0606,3号艇のcumulative_diff_rank_2to6,-0.0523,1号艇vs6号艇の直近複勝率差,0.0394,0.0501,東 2.3m/s,[逃げ]1号艇のdominanceが不利(-21.2pt)、1号艇のsession_exh_rel_avgが有利(+13.9pt) / [2着]2号艇のwin_rate_rank_2to6が有利(+20.2pt)、2号艇のclass_rank_2to6が有利(+11.4pt) / [候補2]3号艇のwin_rate_rank_2to6が不利(-14.0pt)、3号艇の全国勝率が不利(-6.1pt) / [除外]4号艇のwin_rate_rank_2to6が不利(-6.4pt)、天気+5.0pt
129,03,江戸川,3,12:08,0.20848850232088378,4,0.5668677409730052,3,0.23133273963683693,0.16641562275415564,0.10464572598176991,0.6935547546280723,0.14551800236477527,0.3245573623163306,1-4,1-3,0.021817430684220804,0.04823021642467108,0.11818540632948454,0.014827150770133152,0.005428293063952945,True,True,False,False,予選,2026-08-22,1号艇のdominance,-0.417,1号艇のvs_max234_diff,-0.1542,1号艇のsession_exh_rel_avg,0.1337,1号艇vs4号艇の枠別勝率差,-0.1281,5号艇の平均ST,0.0999,4号艇のwin_rate_rank_2to6,0.2455,4号艇のclass_rank_2to6,0.2292,4号艇の全国勝率,0.1134,5号艇のsession_exh_rel_last,0.1006,4号艇のracer_avgfin_te,0.0861,3号艇のwin_rate_rank_2to6,0.0823,4号艇の当地2連率,0.0594,3号艇の当地勝率,-0.0562,5号艇のsession_exh_rel_avg,-0.0542,2号艇のvs_boat3_diff,0.0486,0.02,北西 0.3m/s,[逃げ]1号艇のdominanceが不利(-41.7pt)、1号艇のvs_max234_diffが不利(-15.4pt) / [2着]4号艇のwin_rate_rank_2to6が有利(+24.5pt)、4号艇のclass_rank_2to6が有利(+22.9pt) / [候補2]3号艇のwin_rate_rank_2to6が有利(+8.2pt)、4号艇の当地2連率が有利(+5.9pt) / [除外]4号艇の当地2連率が不利(-14.3pt)、2号艇のwin_rate_rank_2to6が不利(-6.9pt)、天気+2.0pt
130,02,戸田,8,14:16,0.22007482143238927,3,0.463326235658409,2,0.31192069993612603,0.17061233091697428,0.15000509382897204,0.625241841765563,0.13990106846787786,0.30700118417155087,1-3,1-2,0.06864589233950881,0.10196643857746547,0.03301234423835982,0.010055013787848094,0.006395131669364466,True,True,False,False,予選,2026-08-22,1号艇のracer_win_te,-0.1709,1号艇のdominance,-0.1436,場特性:in_escape_diff,-0.128,1号艇の年齢,0.1193,1号艇の直近1着率,-0.1049,3号艇のwin_rate_rank_2to6,0.1517,3号艇のsession_exh_rel_avg,0.1069,3号艇の当地勝率,0.0767,3号艇のモーター2連率,0.0598,2号艇のsession_rank_diff_delta,-0.0507,6号艇のsession_rank_diff_last,-0.0663,2号艇の節間得点,0.0576,3号艇の年齢,-0.0461,2号艇のsession_exh_rel_avg,0.0461,5号艇のsession_avg_finish,-0.0385,-0.0217,東 1.4m/s,[逃げ]1号艇のracer_win_teが不利(-17.1pt)、1号艇のdominanceが不利(-14.4pt) / [2着]3号艇のwin_rate_rank_2to6が有利(+15.2pt)、3号艇のsession_exh_rel_avgが有利(+10.7pt) / [候補2]6号艇のsession_rank_diff_lastが不利(-6.6pt)、2号艇の節間得点が有利(+5.8pt) / [除外]5号艇の直近平均着順が不利(-15.8pt)、天気-2.2pt
131,04,平和島,4,13:24,0.3201001006668912,4,0.3424728919104636,2,0.19851625225471903,0.17317067950697027,0.17964276221041353,0.3613463819547691,0.1358400484663866,0.2296233902413099,1-4,1-2,0.06354507233074953,0.047395153515614484,0.10962560717622075,0.042030598991743086,0.05750366626763177,True,True,False,False,予選,2026-08-22,2号艇のsession_exh_rel_avg,-0.1579,1号艇のsession_exh_rel_avg,-0.1497,1号艇のracer_win_te,-0.1242,場特性:in_escape_diff,-0.1066,1号艇の級別順位,-0.103,4号艇のwin_rate_rank_2to6,0.1695,4号艇のclass_rank_2to6,0.1301,4号艇の全国勝率,0.0886,4号艇のsession_exh_rel_avg,-0.088,3号艇の年齢,0.0507,2号艇のwin_rate_rank_2to6,-0.1736,2号艇のsession_exh_rel_avg,0.1063,2号艇のclass_rank_2to6,-0.0661,1号艇の年齢,0.0513,1号艇のsession_exh_rel_avg,-0.0501,-0.0534,東 0.9m/s,[逃げ]2号艇のsession_exh_rel_avgが不利(-15.8pt)、1号艇のsession_exh_rel_avgが不利(-15.0pt) / [2着]4号艇のwin_rate_rank_2to6が有利(+16.9pt)、4号艇のclass_rank_2to6が有利(+13.0pt) / [候補2]2号艇のwin_rate_rank_2to6が不利(-17.4pt)、2号艇のsession_exh_rel_avgが有利(+10.6pt) / [除外]6号艇のsession_exh_rel_avgが不利(-5.8pt)、天気-5.3pt
132,03,江戸川,5,13:02,0.2799576968965173,4,0.3997712053230471,3,0.21953252609823387,0.17337884632812114,0.18939853508838697,0.42990519633289404,0.1339736069162883,0.250336751329553,1-4,1-3,0.053023577678919034,0.06145982040033613,0.11191902592778499,0.0302738680342788,0.023281397554732484,True,True,False,False,予選,2026-08-22,1号艇のdominance,-0.3804,1号艇のvs_max234_diff,-0.1629,1号艇のracer_win_te,-0.1448,1号艇のsession_exh_rel_avg,0.1303,5号艇のsession_exh_rel_avg,-0.1182,4号艇のclass_rank_2to6,0.2476,4号艇のwin_rate_rank_2to6,0.2001,4号艇のsession_exh_rel_avg,-0.1407,5号艇のsession_exh_rel_last,0.12,4号艇の全国勝率,0.1165,3号艇のwin_rate_rank_2to6,-0.1378,3号艇のsession_exh_rel_avg,0.1085,3号艇の全国勝率,-0.0604,3号艇のracer_avgfin_te,-0.0581,1号艇vs6号艇の枠別勝率差,-0.0487,-0.0129,南東 0.1m/s,[逃げ]1号艇のdominanceが不利(-38.0pt)、1号艇のvs_max234_diffが不利(-16.3pt) / [2着]4号艇のclass_rank_2to6が有利(+24.8pt)、4号艇のwin_rate_rank_2to6が有利(+20.0pt) / [候補2]3号艇のwin_rate_rank_2to6が不利(-13.8pt)、3号艇のsession_exh_rel_avgが有利(+10.9pt)、天気-1.3pt
133,03,江戸川,2,11:41,0.3141530995286185,3,0.34217386606639566,2,0.1738739591275459,0.16211802378967943,0.17381054844159394,0.3422372767523476,0.12830463663709757,0.21615379967847986,1-3,1-2,0.05462304318723087,0.10749498060244857,0.05460312252369582,0.04724327228066131,0.05018867625333594,True,True,False,False,予選,2026-08-22,1号艇のdominance,-0.3036,1号艇のracer_win_te,-0.2197,1号艇のsession_exh_rel_avg,0.1462,1号艇の年齢,0.1121,1号艇の全国2連率,-0.1058,3号艇のsession_exh_rel_avg,-0.1864,3号艇のモーター2連率,0.1327,3号艇のsession_exh_rel_last,-0.1269,3号艇のwin_rate_rank_2to6,-0.0849,3号艇の全国勝率,-0.0668,2号艇のsession_avg_finish,-0.098,6号艇のsession_exh_rel_last,-0.0848,2号艇のsession_exh_rel_avg,0.0559,2号艇の節間得点,-0.0537,2号艇のモーター2連率,-0.0525,-0.0229,北 0.5m/s,[逃げ]1号艇のdominanceが不利(-30.4pt)、1号艇のracer_win_teが不利(-22.0pt) / [2着]3号艇のsession_exh_rel_avgが不利(-18.6pt)、3号艇のモーター2連率が有利(+13.3pt) / [候補2]2号艇のsession_avg_finishが不利(-9.8pt)、6号艇のsession_exh_rel_lastが不利(-8.5pt) / [除外]1号艇vs6号艇の枠別勝率差が不利(-5.2pt)、天気-2.3pt
134,23,唐津,7,11:32,0.29609441545801674,2,0.33032733983430007,5,0.2158371761644336,0.16171626310855566,0.20570780086013457,0.34045671513859904,0.12179670689169979,0.21533839871756866,1-2,1-5,0.09780808059803872,0.060908931050835655,0.03147953593115601,0.06390818251051694,0.04198968867658236,True,True,False,False,一般,2026-08-22,1号艇の年齢,-0.2033,1号艇のdominance,-0.1816,1号艇のracer_win_te,-0.1793,1号艇の直近1着率,-0.079,1号艇の級別順位,-0.0782,2号艇のsession_exh_rel_avg,-0.0829,2号艇のモーター2連率,0.0563,2号艇のclass_rank_2to6,-0.0486,2号艇のwin_rate_rank_2to6,-0.0469,2号艇の全国勝率,-0.0319,5号艇のclass_rank_2to6,0.1149,5号艇のwin_rate_rank_2to6,0.081,mean_234_全国勝率,0.0574,風向(度),-0.0411,5号艇の枠別勝率,0.0393,0.0426,北 3.5m/s,[逃げ]1号艇の年齢が不利(-20.3pt)、1号艇のdominanceが不利(-18.2pt) / [2着]2号艇のsession_exh_rel_avgが不利(-8.3pt)、2号艇のモーター2連率が有利(+5.6pt) / [候補2]5号艇のclass_rank_2to6が有利(+11.5pt)、5号艇のwin_rate_rank_2to6が有利(+8.1pt)、天気+4.3pt
135,06,浜名湖,2,12:00,0.3092778325821387,2,0.25692217888368957,5,0.25542000229282497,0.15845607933467784,0.24893650484509264,0.26340567633142187,0.11112147626144014,0.18994095843370104,1-2,1-5,0.07946033462742803,0.07699054266906331,0.04513657536842513,0.07899574470724981,0.028694636362122126,True,True,False,False,予選,2026-08-22,1号艇のdominance,-0.2227,1号艇のsession_exh_rel_avg,0.1479,1号艇の直近1着率,-0.1295,1号艇の全国2連率,-0.094,1号艇の級別順位,-0.0897,2号艇のsession_exh_rel_avg,-0.1288,2号艇のwin_rate_rank_2to6,0.0895,2号艇のclass_rank_2to6,0.0845,2号艇のsession_avg_finish,-0.0713,2号艇の全国勝率,0.0637,5号艇のwin_rate_rank_2to6,0.192,5号艇のclass_rank_2to6,0.1343,5号艇のsession_exh_rel_avg,0.0893,1号艇vs6号艇の直近複勝率差,0.0772,1号艇vs5号艇のlocal_win_rate差,0.0618,-0.011,南西 3.0m/s,[逃げ]1号艇のdominanceが不利(-22.3pt)、1号艇のsession_exh_rel_avgが有利(+14.8pt) / [2着]2号艇のsession_exh_rel_avgが不利(-12.9pt)、2号艇のwin_rate_rank_2to6が有利(+9.0pt) / [候補2]5号艇のwin_rate_rank_2to6が有利(+19.2pt)、5号艇のclass_rank_2to6が有利(+13.4pt)、天気-1.1pt
136,04,平和島,3,12:54,0.2971176289527353,3,0.2749473256158003,2,0.21227901619666745,0.14476353544263537,0.198800807642237,0.28842553417023076,0.11022860612686557,0.18786213506091398,1-3,1-2,0.06307183796877312,0.08169169747386225,0.03773145887968186,0.05555540338877125,0.05906722460055028,True,True,False,False,予選,2026-08-22,1号艇のdominance,-0.2193,場特性:in_escape_diff,-0.1141,1号艇の級別順位,-0.0881,2号艇の平均ST,-0.0642,1号艇の節間得点,-0.0618,3号艇のsession_exh_rel_avg,0.0878,3号艇のracer_avgfin_te,-0.0659,3号艇のwin_rate_rank_2to6,-0.0641,6号艇のracer_2nd_te,-0.0522,3号艇の全国勝率,0.0516,2号艇のwin_rate_rank_2to6,-0.1354,2号艇のsession_exh_rel_avg,-0.0781,2号艇のclass_rank_2to6,-0.0518,2号艇の直近平均着順,-0.0485,1号艇vs6号艇の直近複勝率差,-0.0435,-0.0064,北東 1.0m/s,[逃げ]1号艇のdominanceが不利(-21.9pt)、場特性:in_escape_diffが不利(-11.4pt) / [2着]3号艇のsession_exh_rel_avgが有利(+8.8pt)、3号艇のracer_avgfin_teが不利(-6.6pt) / [候補2]2号艇のwin_rate_rank_2to6が不利(-13.5pt)、2号艇のsession_exh_rel_avgが不利(-7.8pt)、天気-0.6pt
137,23,唐津,6,11:01,0.22533042028368638,4,0.3437912012740152,2,0.2744658208509795,0.13931211463876544,0.20132964981911208,0.4169273723058826,0.10565492353182626,0.22259669193890058,1-4,1-2,0.06184549876585818,0.04536569460930793,0.07746661587290726,0.04004277963613098,0.0006098337603542302,True,True,False,False,一般,2026-08-22,1号艇のdominance,-0.2348,1号艇のracer_win_te,-0.2178,1号艇の年齢,-0.2082,6号艇の枠別出走数,-0.0944,1号艇の節間得点,0.0821,4号艇のwin_rate_rank_2to6,0.1757,4号艇のclass_rank_2to6,0.1684,4号艇の全国勝率,0.0605,4号艇のsession_exh_rel_avg,0.041,4号艇の節間得点,0.038,2号艇のsession_exh_rel_avg,0.0868,6号艇の年齢,-0.0705,2号艇の全国勝率,0.052,6号艇のsession_avg_finish,0.052,ST差分(4-3),-0.0374,0.0312,北 3.2m/s,[逃げ]1号艇のdominanceが不利(-23.5pt)、1号艇のracer_win_teが不利(-21.8pt) / [2着]4号艇のwin_rate_rank_2to6が有利(+17.6pt)、4号艇のclass_rank_2to6が有利(+16.8pt) / [候補2]2号艇のsession_exh_rel_avgが有利(+8.7pt)、6号艇の年齢が不利(-7.1pt) / [除外]6号艇の全国勝率が不利(-15.9pt)、6号艇の直近平均着順が不利(-12.6pt)、天気+3.1pt
138,06,浜名湖,3,12:29,0.2165940116212221,2,0.41760391211820924,4,0.24812767273791067,0.14419347462694104,0.23720863462486894,0.428522950231251,0.10314874994125421,0.22949231730823402,1-2,1-4,0.09045050659439922,0.05137796976459309,0.05374296803254182,0.013262908207506021,0.007759658215306363,True,True,False,False,予選,2026-08-22,1号艇のdominance,-0.4424,1号艇のracer_win_te,-0.199,1号艇のvs_max234_diff,-0.1616,1号艇のsession_exh_rel_avg,0.1413,1号艇の年齢,0.1177,2号艇のwin_rate_rank_2to6,0.064,2号艇のclass_rank_2to6,0.0632,2号艇のsession_exh_rel_avg,0.062,1号艇vs2号艇のplace_rate差,-0.0612,6号艇のモーター出走数,0.0525,4号艇のclass_rank_2to6,0.2226,4号艇のwin_rate_rank_2to6,0.1594,4号艇の節間得点,-0.0775,4号艇のsession_exh_rel_avg,-0.0718,1号艇の級別,-0.0505,0.0102,南西 3.8m/s,[逃げ]1号艇のdominanceが不利(-44.2pt)、1号艇のracer_win_teが不利(-19.9pt) / [2着]2号艇のwin_rate_rank_2to6が有利(+6.4pt)、2号艇のclass_rank_2to6が有利(+6.3pt) / [候補2]4号艇のclass_rank_2to6が有利(+22.3pt)、4号艇のwin_rate_rank_2to6が有利(+15.9pt) / [除外]6号艇のwin_rate_rank_2to6が不利(-7.6pt)、1号艇vs6号艇の枠別勝率差が不利(-6.2pt)、天気+1.0pt
139,04,平和島,5,13:55,0.17793753932440878,4,0.38728409771140015,3,0.2781493919792788,0.11840559773961375,0.18988741096170414,0.4755460787289748,0.09142511886183582,0.22554774203642203,1-4,1-3,0.021799807677039294,0.04949321837337331,0.06891237936624044,0.033788098655208404,0.0039440398926302595,True,True,False,False,予選,2026-08-22,1号艇のdominance,-0.3999,1号艇のvs_max234_diff,-0.1623,1号艇のracer_win_te,-0.142,場特性:in_escape_diff,-0.1151,1号艇の級別順位,-0.097,4号艇のwin_rate_rank_2to6,0.2235,4号艇のclass_rank_2to6,0.19,4号艇の全国勝率,0.1236,4号艇のsession_exh_rel_avg,0.0866,3号艇の年齢,0.0492,3号艇のモーター2連率,0.0945,3号艇のwin_rate_rank_2to6,-0.0809,1号艇のvs_max234_diff,-0.0522,4号艇のracer_avgfin_te,0.0421,3号艇の全国勝率,0.0406,-0.0027,東 1.1m/s,[逃げ]1号艇のdominanceが不利(-40.0pt)、1号艇のvs_max234_diffが不利(-16.2pt) / [2着]4号艇のwin_rate_rank_2to6が有利(+22.4pt)、4号艇のclass_rank_2to6が有利(+19.0pt) / [候補2]3号艇のモーター2連率が有利(+9.4pt)、3号艇のwin_rate_rank_2to6が不利(-8.1pt) / [除外]6号艇のvs_avg456_diffが不利(-11.1pt)、6号艇のwin_rate_rank_2to6が不利(-7.8pt)、天気影響ほぼなし
140,07,蒲郡,3,16:07,0.12917638499941764,2,0.5194887387722354,4,0.21967081235726826,0.0954819587527015,0.12466431223252206,0.6144952388969817,0.08119812749047801,0.25118594279598555,1-2,1-4,0.06710567732250418,0.012130604428344781,0.028376281430197315,0.01610368519263588,0.005460134460247571,True,False,False,False,予選,2026-08-22,1号艇のdominance,-0.3647,2号艇のモーター2連率,-0.1231,3号艇の枠別出走数,-0.1159,1号艇のvs_max234_diff,-0.1101,3号艇の直近平均着順,-0.105,2号艇のwin_rate_rank_2to6,0.2163,2号艇のsession_exh_rel_avg,0.1475,2号艇のモーター2連率,0.1401,2号艇のclass_rank_2to6,0.1024,3号艇の全国勝率,-0.0804,ST差分(3-2),0.259,4号艇のsession_exh_rel_avg,0.1478,4号艇のwin_rate_rank_2to6,-0.1016,ST差分(4-3),0.088,2号艇のracer_avgfin_te,-0.0712,0.042,東 2.2m/s,[逃げ]1号艇のdominanceが不利(-36.5pt)、2号艇のモーター2連率が不利(-12.3pt) / [2着]2号艇のwin_rate_rank_2to6が有利(+21.6pt)、2号艇のsession_exh_rel_avgが有利(+14.7pt) / [候補2]ST差分(3-2)が有利(+25.9pt)、4号艇のsession_exh_rel_avgが有利(+14.8pt) / [除外]3号艇のwin_rate_rank_2to6が不利(-5.3pt)、天気+4.2pt
141,02,戸田,3,11:45,0.1836915586114007,2,0.29946357606618035,3,0.2620911498724669,0.10315286285326809,0.18474890067419172,0.3768058252644556,0.08028400923702375,0.18524875157662435,1-2,1-3,0.05500893103494042,0.048143931818327663,0.03393681351658514,0.01982394395433906,0.02677793828720843,True,True,False,False,予選,2026-08-22,1号艇のdominance,-0.2169,場特性:in_escape_diff,-0.1595,1号艇のracer_win_te,-0.1315,1号艇vs4号艇のcumulative差,-0.0939,1号艇の直近1着率,-0.0919,2号艇のsession_exh_rel_avg,-0.0797,2号艇のwin_rate_rank_2to6,0.068,1号艇の直近複勝率,0.0485,2号艇のモーター2連率,-0.047,2号艇の全国勝率,0.0451,3号艇のwin_rate_rank_2to6,-0.1236,3号艇のsession_exh_rel_avg,0.1219,1号艇vs2号艇のplace_rate差,0.0711,1号艇vs6号艇のplace_rate差,0.0531,3号艇のcumulative_diff_rank_2to6,-0.0507,0.0148,北東 0.6m/s,[逃げ]1号艇のdominanceが不利(-21.7pt)、場特性:in_escape_diffが不利(-15.9pt) / [2着]2号艇のsession_exh_rel_avgが不利(-8.0pt)、2号艇のwin_rate_rank_2to6が有利(+6.8pt) / [候補2]3号艇のwin_rate_rank_2to6が不利(-12.4pt)、3号艇のsession_exh_rel_avgが有利(+12.2pt) / [除外]6号艇のsession_exh_rel_avgが不利(-5.5pt)、天気+1.5pt
142,03,江戸川,4,12:35,0.1491011733793762,4,0.41738765964761576,2,0.257190245160427,0.10058035714268031,0.22397143429561944,0.45060647051242325,0.07354780492122619,0.2055881911536032,1-4,1-2,0.038347367335149096,0.03339440365693872,0.06223298980753122,0.010364805755448594,0.004761602936192495,True,True,False,False,予選,2026-08-22,1号艇のdominance,-0.3731,1号艇のracer_win_te,-0.1879,1号艇のvs_max234_diff,-0.1509,1号艇の年齢,-0.1069,1号艇の直近1着率,-0.1011,4号艇のclass_rank_2to6,0.1847,4号艇のwin_rate_rank_2to6,0.1685,4号艇の全国勝率,0.0956,4号艇のモーター2連率,0.0766,4号艇のsession_exh_rel_avg,0.0709,2号艇のwin_rate_rank_2to6,-0.1464,2号艇の全国勝率,-0.054,5号艇のsession_avg_finish,-0.0509,6号艇の年齢,0.0499,2号艇のclass_rank_2to6,-0.0489,0.0103,西 0.0m/s,[逃げ]1号艇のdominanceが不利(-37.3pt)、1号艇のracer_win_teが不利(-18.8pt) / [2着]4号艇のclass_rank_2to6が有利(+18.5pt)、4号艇のwin_rate_rank_2to6が有利(+16.8pt) / [候補2]2号艇のwin_rate_rank_2to6が不利(-14.6pt)、2号艇の全国勝率が不利(-5.4pt) / [除外]6号艇のwin_rate_rank_2to6が不利(-7.5pt)、6号艇のvs_avg456_diffが不利(-6.6pt)、天気+1.0pt
143,02,戸田,6,13:14,0.17247468120706794,4,0.3173156840670492,5,0.2162233044340912,0.09202196695327566,0.19551962361280611,0.33801936488833423,0.07043144654189822,0.16582118633379322,1-4,1-5,0.03372218475234465,0.017345905587607454,0.054728921451466996,0.03729304550180868,0.029384623913840155,True,True,False,False,予選,2026-08-22,1号艇のdominance,-0.2181,1号艇の年齢,-0.2065,4号艇のsession_exh_rel_avg,-0.2003,場特性:in_escape_diff,-0.1247,ST差分(4-3),-0.1229,4号艇のwin_rate_rank_2to6,0.1572,4号艇のsession_exh_rel_avg,0.0914,4号艇のclass_rank_2to6,0.0885,4号艇の全国勝率,0.0523,1号艇vs5号艇のcumulative差,0.0462,5号艇のclass_rank_2to6,0.1501,5号艇のモーター2連率,0.1298,5号艇のwin_rate_rank_2to6,0.1245,5号艇のsession_exh_rel_avg,0.1244,1号艇vs6号艇の直近複勝率差,0.0779,0.0435,東 0.7m/s,[逃げ]1号艇のdominanceが不利(-21.8pt)、1号艇の年齢が不利(-20.7pt) / [2着]4号艇のwin_rate_rank_2to6が有利(+15.7pt)、4号艇のsession_exh_rel_avgが有利(+9.1pt) / [候補2]5号艇のclass_rank_2to6が有利(+15.0pt)、5号艇のモーター2連率が有利(+13.0pt)、天気+4.4pt
144,02,戸田,2,11:16,0.11081357058660715,2,0.5846026067821799,5,0.1476704950510083,0.08114579705866576,0.12561037279285267,0.6066627290403355,0.06891449247573114,0.23880087665316665,1-2,1-5,0.06478190223177163,0.013919333911890817,0.012031860397490948,0.01636389482689413,0.003716578599340543,True,True,False,False,予選,2026-08-22,1号艇のsession_exh_rel_avg,-0.2652,1号艇のdominance,-0.2367,場特性:in_escape_diff,-0.123,場×風向,-0.122,1号艇の平均ST,-0.1077,2号艇のwin_rate_rank_2to6,0.1998,2号艇のclass_rank_2to6,0.1164,2号艇のsession_exh_rel_avg,-0.0848,2号艇の節間得点,0.0619,2号艇の全国勝率,0.0502,5号艇のclass_rank_2to6,0.1195,5号艇のwin_rate_rank_2to6,0.0989,5号艇の年齢,-0.0837,1号艇vs5号艇のcumulative差,0.0827,1号艇のモーター2連率,0.0511,-0.1533,北 1.0m/s,[逃げ]1号艇のsession_exh_rel_avgが不利(-26.5pt)、1号艇のdominanceが不利(-23.7pt) / [2着]2号艇のwin_rate_rank_2to6が有利(+20.0pt)、2号艇のclass_rank_2to6が有利(+11.6pt) / [候補2]5号艇のclass_rank_2to6が有利(+12.0pt)、5号艇のwin_rate_rank_2to6が有利(+9.9pt) / [除外]3号艇のwin_rate_rank_2to6が不利(-5.0pt)、天気-15.3pt
