rank,venue_code,venue_name,race_no,closing_time,in_escape_prob,second_pred_1,second_pred_1_prob,second_pred_2,second_pred_2_prob,confidence_score,third_prob,top2_margin,adjusted_score,score_margin_blend,ticket_1,ticket_2,score_boat2,score_boat3,score_boat4,score_boat5,score_boat6,is_teppan,is_lunch,is_excluded,is_channel_target,race_grade,race_date,top_feat_1,top_feat_1_contrib,top_feat_2,top_feat_2_contrib,top_feat_3,top_feat_3_contrib,top_feat_4,top_feat_4_contrib,top_feat_5,top_feat_5_contrib,s2_top_feat_1,s2_top_feat_1_contrib,s2_top_feat_2,s2_top_feat_2_contrib,s2_top_feat_3,s2_top_feat_3_contrib,s2_top_feat_4,s2_top_feat_4_contrib,s2_top_feat_5,s2_top_feat_5_contrib,s2_top2_feat_1,s2_top2_feat_1_contrib,s2_top2_feat_2,s2_top2_feat_2_contrib,s2_top2_feat_3,s2_top2_feat_3_contrib,s2_top2_feat_4,s2_top2_feat_4_contrib,s2_top2_feat_5,s2_top2_feat_5_contrib,weather_contribution,wind_info,reason_text
1,09,津,5,12:26,0.8512656656508237,2,0.6408656958996135,4,0.16244786509624748,0.6838332532274752,0.11139639637117926,0.6919171646246818,0.5924213810734902,0.6862584266466372,1-2,1-4,0.5455469632127629,0.09482792750801491,0.13828629001471232,0.06938685923470364,0.0032176124011809412,True,True,False,False,５ールドレー,2026-09-24,1号艇のdominance,0.354,1号艇のvs_max234_diff,0.1608,1号艇vs6号艇の直近複勝率差,0.1137,6号艇のモーター出走数,-0.1019,1号艇の全国勝率,0.1014,2号艇のwin_rate_rank_2to6,0.1801,2号艇のclass_rank_2to6,0.0939,3号艇のモーター出走数,0.0838,2号艇のsession_exh_rel_avg,0.0827,2号艇のsession_exh_rel_last,0.0643,4号艇のsession_exh_rel_avg,0.0937,4号艇のwin_rate_rank_2to6,-0.0919,4号艇のsession_rank_diff_last,0.0616,4号艇の節間得点,0.0607,1号艇vs6号艇の直近複勝率差,0.0567,-0.008,北西 3.6m/s,[逃げ]1号艇のdominanceが有利(+35.4pt)、1号艇のvs_max234_diffが有利(+16.1pt) / [2着]2号艇のwin_rate_rank_2to6が有利(+18.0pt)、2号艇のclass_rank_2to6が有利(+9.4pt) / [候補2]4号艇のsession_exh_rel_avgが有利(+9.4pt)、4号艇のwin_rate_rank_2to6が不利(-9.2pt) / [除外]6号艇の直近平均着順が不利(-14.6pt)、6号艇の全国勝率が不利(-12.0pt)、天気-0.8pt
2,10,三国,2,08:58,0.6817297722469098,2,0.6908411095003066,3,0.16765140993329097,0.5852599097491422,0.068821192610118,0.7896713268234796,0.536925967778151,0.6465833348714434,1-2,1-3,0.4709669522384465,0.11429295751069576,0.022341175620201548,0.04691745596385646,0.027211239802454098,False,False,True,False,みくにあさガ,2026-09-24,1号艇のdominance,0.1999,1号艇のsession_exh_rel_avg,-0.1114,4号艇の直近複勝率,-0.0927,1号艇の年齢,-0.0823,1号艇の勝率順位,0.0754,2号艇のwin_rate_rank_2to6,0.2471,2号艇のclass_rank_2to6,0.1264,4号艇の節間得点,0.0704,std_234_全国勝率,0.0584,2号艇の全国勝率,0.0533,3号艇のsession_exh_rel_avg,0.1398,3号艇のwin_rate_rank_2to6,-0.1396,3号艇のracer_avgfin_te,-0.089,3号艇のモーター2連率,-0.0546,3号艇の当地勝率,-0.0543,-0.0156,北西 5.5m/s,[逃げ]1号艇のdominanceが有利(+20.0pt)、1号艇のsession_exh_rel_avgが不利(-11.1pt) / [2着]2号艇のwin_rate_rank_2to6が有利(+24.7pt)、2号艇のclass_rank_2to6が有利(+12.6pt) / [候補2]3号艇のsession_exh_rel_avgが有利(+14.0pt)、3号艇のwin_rate_rank_2to6が不利(-14.0pt) / [除外]4号艇のracer_avgfin_teが不利(-10.4pt)、4号艇のwin_rate_rank_2to6が不利(-5.7pt)、天気-1.6pt
3,10,三国,1,08:32,0.8318368807914495,2,0.5749055455414205,3,0.19577724985127953,0.6410823725990984,0.13874434361751037,0.6319384517751896,0.5343465090098767,0.6383391963519257,1-2,1-3,0.4782276357528818,0.16285473684621662,0.07341202228789703,0.11541266202224687,0.001929825334785461,False,False,True,False,みくにあさイ,2026-09-24,1号艇のdominance,0.3448,1号艇のvs_max234_diff,0.1566,1号艇の年齢,-0.1196,1号艇の勝率順位,0.1004,1号艇のsession_exh_rel_avg,-0.094,2号艇のwin_rate_rank_2to6,0.1954,2号艇のsession_exh_rel_avg,0.052,場×風向,-0.0501,1号艇vs2号艇のlocal_win_rate差,0.0474,2号艇の当地勝率,-0.0424,3号艇のsession_exh_rel_avg,-0.1662,3号艇の全国勝率,-0.0629,3号艇のracer_avgfin_te,-0.0585,3号艇の当地勝率,-0.0579,3号艇のwin_rate_rank_2to6,-0.0541,-0.0921,北西 4.9m/s,[逃げ]1号艇のdominanceが有利(+34.5pt)、1号艇のvs_max234_diffが有利(+15.7pt) / [2着]2号艇のwin_rate_rank_2to6が有利(+19.5pt)、2号艇のsession_exh_rel_avgが有利(+5.2pt) / [候補2]3号艇のsession_exh_rel_avgが不利(-16.6pt)、3号艇の全国勝率が不利(-6.3pt) / [除外]6号艇の直近平均着順が不利(-27.8pt)、6号艇の全国勝率が不利(-14.2pt)、天気-9.2pt
4,10,三国,12,14:10,0.8032180465517796,2,0.46730693950930735,3,0.32171363934152974,0.6337555680337238,0.13241535246765956,0.6566052263831775,0.533052807730291,0.6406104655385598,1-2,1-3,0.3753493670927565,0.2584062009409673,0.10635840074253888,0.03173827314110008,0.03136578668109447,True,True,False,False,準優勝戦,2026-09-24,1号艇のsession_exh_rel_avg,0.1907,1号艇のdominance,0.1582,1号艇のracer_win_te,0.1545,1号艇の全国勝率,0.0914,1号艇の級別順位,0.0839,2号艇のwin_rate_rank_2to6,0.1933,2号艇のclass_rank_2to6,0.0937,2号艇のracer_avgfin_te,0.0705,2号艇のsession_exh_rel_avg,0.0665,2号艇の全国勝率,0.0549,3号艇のsession_exh_rel_avg,0.146,1号艇のracer_avgfin_te,0.0753,3号艇の当地勝率,0.0744,3号艇のwin_rate_rank_2to6,-0.0703,3号艇の節間得点,0.0549,-0.0381,北 5.7m/s,[逃げ]1号艇のsession_exh_rel_avgが有利(+19.1pt)、1号艇のdominanceが有利(+15.8pt) / [2着]2号艇のwin_rate_rank_2to6が有利(+19.3pt)、2号艇のclass_rank_2to6が有利(+9.4pt) / [候補2]3号艇のsession_exh_rel_avgが有利(+14.6pt)、1号艇のracer_avgfin_teが有利(+7.5pt) / [除外]5号艇のsession_exh_rel_avgが不利(-5.6pt)、天気-3.8pt
5,21,芦屋,4,10:06,0.8026586060276353,2,0.3888640924982344,3,0.37931219072498973,0.6165833046754431,0.13738235498809018,0.630793928235134,0.5149341049442613,0.6208464917433503,1-2,1-3,0.31212511041883423,0.3044581942566088,0.11027112954753421,0.03671856312498606,0.03908559372899041,False,False,True,False,サンライズＹ,2026-09-24,1号艇のdominance,0.3353,1号艇の女子戦比率,-0.1811,1号艇のracer_win_te,0.1575,1号艇のvs_max234_diff,0.1402,1号艇の勝率順位,0.0942,2号艇のsession_exh_rel_avg,0.0581,2号艇のracer_avgfin_te,-0.0559,3号艇のモーター出走数,0.0542,1号艇vs2号艇のplace_rate差,-0.0407,2号艇のwin_rate_rank_2to6,-0.0402,4号艇のモーター出走数,-0.0944,3号艇の女子戦比率,-0.0801,6号艇のモーター出走数,0.0793,6号艇の女子戦2連率,0.0789,1号艇の全国2連率,0.069,0.0683,北 3.0m/s,[逃げ]1号艇のdominanceが有利(+33.5pt)、1号艇の女子戦比率が不利(-18.1pt) / [2着]2号艇のsession_exh_rel_avgが有利(+5.8pt)、2号艇のracer_avgfin_teが不利(-5.6pt) / [候補2]4号艇のモーター出走数が不利(-9.4pt)、3号艇の女子戦比率が不利(-8.0pt) / [除外]6号艇の女子戦2連率が不利(-8.5pt)、4号艇のwin_rate_rank_2to6が不利(-5.7pt)、天気+6.8pt
6,08,常滑,11,15:50,0.7363917833980682,2,0.5522348243917514,3,0.22031352335709442,0.5688982555600036,0.09276159241471671,0.6797867553341291,0.5055719658307631,0.6021648054922413,1-2,1-3,0.40666118718836086,0.16223706837164273,0.06830887446911796,0.055303352649411525,0.04388130071953519,True,False,False,False,予選特選,2026-09-24,1号艇のsession_exh_rel_avg,0.131,1号艇のvs_max234_frame_diff,0.0998,1号艇の級別順位,0.0827,場特性:in_escape_diff,0.0782,風速区分,0.0752,2号艇のclass_rank_2to6,0.1003,2号艇のwin_rate_rank_2to6,0.0956,2号艇のracer_2nd_te,0.052,1号艇vs2号艇のcumulative差,0.0497,2号艇のsession_exh_rel_avg,-0.048,3号艇のwin_rate_rank_2to6,-0.1159,3号艇のcumulative_diff_rank_2to6,-0.0569,4号艇のモーター出走数,-0.051,3号艇の全国勝率,0.0487,3号艇のsession_rank_diff_delta,0.0398,0.1098,西 2.7m/s,[逃げ]1号艇のsession_exh_rel_avgが有利(+13.1pt)、1号艇のvs_max234_frame_diffが有利(+10.0pt) / [2着]2号艇のclass_rank_2to6が有利(+10.0pt)、2号艇のwin_rate_rank_2to6が有利(+9.6pt) / [候補2]3号艇のwin_rate_rank_2to6が不利(-11.6pt)、3号艇のcumulative_diff_rank_2to6が不利(-5.7pt) / [除外]2号艇のracer_2nd_teが不利(-5.6pt)、4号艇のwin_rate_rank_2to6が不利(-5.3pt)、天気+11.0pt
7,13,尼崎,10,15:05,0.7677161599622492,2,0.39300574890536594,3,0.3542028350811548,0.5736441047889616,0.11527457805859095,0.6319340059279298,0.49429220622654674,0.591131075130652,1-2,1-3,0.30171686439271544,0.271927240396246,0.08716329032177716,0.08849815640841,0.018410629892842294,True,False,False,False,予選特賞,2026-09-24,1号艇のdominance,0.3533,1号艇の勝率順位,0.0839,1号艇の級別順位,0.0798,1号艇の全国勝率,0.071,3号艇の直近1着率,-0.0703,2号艇のsession_exh_rel_avg,0.0838,2号艇の全国勝率,0.0597,2号艇のモーター2連率,-0.0378,3号艇の女子戦2連率,-0.0331,1号艇vs2号艇のplace_rate差,-0.0317,3号艇のwin_rate_rank_2to6,0.1442,3号艇の当地勝率,0.0621,場特性:1x_diff_course3,-0.0341,1号艇のracer_win_te,-0.03,3号艇のモーター2連率,-0.0288,0.0828,北 2.8m/s,[逃げ]1号艇のdominanceが有利(+35.3pt)、1号艇の勝率順位が有利(+8.4pt) / [2着]2号艇のsession_exh_rel_avgが有利(+8.4pt)、2号艇の全国勝率が有利(+6.0pt) / [候補2]3号艇のwin_rate_rank_2to6が有利(+14.4pt)、3号艇の当地勝率が有利(+6.2pt) / [除外]6号艇のwin_rate_rank_2to6が不利(-6.2pt)、4号艇のwin_rate_rank_2to6が不利(-5.9pt)、天気+8.3pt
8,22,福岡,12,17:29,0.6956328542006698,2,0.45764325074451734,3,0.35278518436102824,0.5637606454378529,0.11427507469120504,0.6961533604143405,0.4864520975994057,0.6034784599307992,1-2,1-3,0.3183516807210814,0.24540896471677157,0.07949349637143768,0.040811798685222986,0.01156690528399462,True,False,False,False,福岡選抜,2026-09-24,1号艇のsession_exh_rel_avg,-0.1721,1号艇のracer_win_te,0.17,1号艇の年齢,-0.1441,1号艇の級別順位,0.0961,race_no,0.0947,2号艇のwin_rate_rank_2to6,0.1898,2号艇のclass_rank_2to6,0.0967,2号艇のsession_exh_rel_avg,-0.0598,3号艇の女子戦2連率,-0.0501,場特性:1x_diff_course2,0.0487,3号艇のwin_rate_rank_2to6,0.0676,3号艇の年齢,-0.0596,3号艇のsession_exh_rel_avg,-0.0566,3号艇のcumulative_diff_rank_2to6,0.0459,3号艇の節間得点,0.0425,0.1375,北東 1.7m/s,[逃げ]1号艇のsession_exh_rel_avgが不利(-17.2pt)、1号艇のracer_win_teが有利(+17.0pt) / [2着]2号艇のwin_rate_rank_2to6が有利(+19.0pt)、2号艇のclass_rank_2to6が有利(+9.7pt) / [候補2]3号艇のwin_rate_rank_2to6が有利(+6.8pt)、3号艇の年齢が不利(-6.0pt) / [除外]1号艇vs4号艇のlocal_win_rate差が不利(-7.1pt)、6号艇のwin_rate_rank_2to6が不利(-6.6pt)、天気+13.7pt
9,09,津,4,11:57,0.6200946706292805,2,0.6170184523663775,3,0.22519038931067253,0.5222492142807982,0.06450875128709624,0.7777000903899539,0.4818216406720925,0.5988844771135449,1-2,1-3,0.3826098539923173,0.13963936028848092,0.04000153288207812,0.02878231694474341,0.029061596126513753,True,True,False,False,予選,2026-09-24,1号艇の級別順位,-0.117,1号艇のdominance,-0.0799,1号艇の節間得点,0.0759,1号艇vs4号艇の枠別平均ST差,0.0582,場特性:in_escape_diff,0.0519,2号艇のwin_rate_rank_2to6,0.219,2号艇のclass_rank_2to6,0.118,2号艇の当地勝率,0.0989,2号艇の節間得点,0.0546,2号艇の全国勝率,0.0532,4号艇のモーター出走数,-0.091,3号艇のwin_rate_rank_2to6,0.072,3号艇のsession_exh_rel_avg,0.067,3号艇の女子戦比率,-0.0475,3号艇のracer_2nd_te,0.0452,0.003,北西 2.5m/s,[逃げ]1号艇の級別順位が不利(-11.7pt)、1号艇のdominanceが不利(-8.0pt) / [2着]2号艇のwin_rate_rank_2to6が有利(+21.9pt)、2号艇のclass_rank_2to6が有利(+11.8pt) / [候補2]4号艇のモーター出走数が不利(-9.1pt)、3号艇のwin_rate_rank_2to6が有利(+7.2pt) / [除外]4号艇のwin_rate_rank_2to6が不利(-5.5pt)、天気+0.3pt
10,01,桐生,3,16:14,0.7680556666698777,2,0.40855911012460777,3,0.3202422306877635,0.5597599996875465,0.1239097441980671,0.6048915966143041,0.47652833763923375,0.5732994787655737,1-2,1-3,0.3137961397008076,0.24596385998673895,0.08704131725405341,0.09516958118694044,0.026084775694413094,True,False,False,False,一般,2026-09-24,1号艇のracer_win_te,0.1211,1号艇の節間得点,0.1191,1号艇のsession_exh_rel_avg,0.1064,1号艇の級別順位,-0.1041,場特性:in_escape_diff,-0.1011,2号艇のsession_exh_rel_avg,0.1211,3号艇のモーター出走数,0.0658,1号艇vs2号艇のcumulative差,-0.0521,2号艇の全国勝率,0.0482,2号艇のclass_rank_2to6,0.0345,6号艇のモーター出走数,0.0721,3号艇のsession_exh_rel_avg,-0.0636,3号艇の当地勝率,0.0625,4号艇のモーター出走数,-0.0602,3号艇のwin_rate_rank_2to6,0.0474,0.0305,南 1.5m/s,[逃げ]1号艇のracer_win_teが有利(+12.1pt)、1号艇の節間得点が有利(+11.9pt) / [2着]2号艇のsession_exh_rel_avgが有利(+12.1pt)、3号艇のモーター出走数が有利(+6.6pt) / [候補2]6号艇のモーター出走数が有利(+7.2pt)、3号艇のsession_exh_rel_avgが不利(-6.4pt) / [除外]1号艇のsession_exh_rel_deltaが不利(-9.0pt)、6号艇のwin_rate_rank_2to6が不利(-6.8pt)、天気+3.0pt
11,18,徳山,4,09:58,0.7239214211968961,2,0.5809115372865197,4,0.17238523042203213,0.5453276666626029,0.123607593650421,0.6296891740581309,0.464439697910007,0.5706361188812612,1-2,1-4,0.420534305662131,0.08948218486614119,0.1247933610004719,0.06010853637345056,0.029003048127197343,False,False,True,False,ガチトク予選,2026-09-24,場特性:in_escape_diff,0.2089,1号艇のsession_exh_rel_avg,0.1438,1号艇のdominance,0.1387,1号艇の節間得点,0.0681,1号艇のracer_win_te,0.0599,2号艇のwin_rate_rank_2to6,0.1796,2号艇のclass_rank_2to6,0.1294,2号艇の節間得点,-0.069,2号艇の全国勝率,0.065,場特性:1x_diff_course2,0.0542,4号艇のwin_rate_rank_2to6,-0.1225,4号艇のsession_exh_rel_avg,0.0974,4号艇のclass_rank_2to6,-0.0809,4号艇の全国勝率,-0.0604,4号艇の年齢,-0.0435,0.0124,南西 2.6m/s,[逃げ]場特性:in_escape_diffが有利(+20.9pt)、1号艇のsession_exh_rel_avgが有利(+14.4pt) / [2着]2号艇のwin_rate_rank_2to6が有利(+18.0pt)、2号艇のclass_rank_2to6が有利(+12.9pt) / [候補2]4号艇のwin_rate_rank_2to6が不利(-12.3pt)、4号艇のsession_exh_rel_avgが有利(+9.7pt) / [除外]3号艇のwin_rate_rank_2to6が不利(-5.1pt)、天気+1.2pt
12,10,三国,3,09:24,0.6725605232366139,3,0.401712608040925,2,0.39868707928247754,0.5383172325046497,0.1157802987319198,0.6846193885914826,0.4635253965143353,0.5822078793306995,1-3,1-2,0.26814119064990044,0.2701760418547493,0.07786925829563145,0.048954676289201714,0.007419342366973414,False,False,True,False,みくにあさズ,2026-09-24,1号艇のdominance,0.1958,6号艇の枠別出走数,-0.083,1号艇の勝率順位,0.0821,1号艇の級別順位,0.0698,1号艇の年齢,-0.0683,3号艇のwin_rate_rank_2to6,0.1598,3号艇の当地勝率,0.0729,3号艇のclass_rank_2to6,0.0527,3号艇の女子戦勝率,0.0501,local_win_rateの分散(2-6号艇),0.0491,場特性:1x_diff_course5,0.0554,1号艇の年齢,-0.0478,3号艇の女子戦2連率,-0.0402,2号艇の当地勝率,-0.039,2号艇の全国勝率,0.0374,-0.0542,北西 5.4m/s,[逃げ]1号艇のdominanceが有利(+19.6pt)、6号艇の枠別出走数が不利(-8.3pt) / [2着]3号艇のwin_rate_rank_2to6が有利(+16.0pt)、3号艇の当地勝率が有利(+7.3pt) / [候補2]場特性:1x_diff_course5が有利(+5.5pt)、1号艇の年齢が不利(-4.8pt) / [除外]6号艇のwin_rate_rank_2to6が不利(-9.8pt)、6号艇の直近平均着順が不利(-8.8pt)、天気-5.4pt
13,08,常滑,5,12:34,0.7225110509729732,4,0.3916572217568849,3,0.35480282128820584,0.5393256302098393,0.12223926515217008,0.6242207778929206,0.4602135077523411,0.5647941745147637,1-4,1-3,0.08831921993525835,0.2563489592971176,0.2829766709127217,0.04779327816809087,0.04707290920196765,True,True,False,False,三Ａ傑戦,2026-09-24,1号艇のdominance,0.2505,1号艇のsession_exh_rel_avg,-0.1086,1号艇の勝率順位,0.0844,場特性:in_escape_diff,0.0828,4号艇のsession_exh_rel_avg,-0.0775,4号艇の節間得点,0.145,4号艇のclass_rank_2to6,0.1161,4号艇のwin_rate_rank_2to6,0.0996,4号艇のcumulative_diff_rank_2to6,0.0733,4号艇のsession_exh_rel_avg,0.0729,2号艇の枠別平均ST,0.2077,3号艇のモーター2連率,0.1418,3号艇のsession_exh_rel_avg,0.1055,6号艇のracer_2nd_te,-0.082,3号艇のwin_rate_rank_2to6,-0.0806,0.0608,西 2.7m/s,[逃げ]1号艇のdominanceが有利(+25.0pt)、1号艇のsession_exh_rel_avgが不利(-10.9pt) / [2着]4号艇の節間得点が有利(+14.5pt)、4号艇のclass_rank_2to6が有利(+11.6pt) / [候補2]2号艇の枠別平均STが有利(+20.8pt)、3号艇のモーター2連率が有利(+14.2pt) / [除外]2号艇のwin_rate_rank_2to6が不利(-6.6pt)、天気+6.1pt
14,06,浜名湖,4,12:53,0.7634824911022515,4,0.37914590485987887,3,0.3560823312649234,0.5613338852452784,0.15280742618982904,0.5824208099349732,0.45840270176031694,0.5676599626521868,1-4,1-3,0.11666579440633411,0.27186262531164085,0.2894712599336376,0.07186613586335712,0.013616662788409235,True,True,False,False,ランチタイム,2026-09-24,1号艇のdominance,0.1645,1号艇のモーター2連率,0.0739,1号艇の級別順位,0.0672,1号艇の勝率順位,0.0644,1号艇のvs_max234_diff,0.0616,4号艇のwin_rate_rank_2to6,0.2101,4号艇の節間得点,0.1611,4号艇のsession_exh_rel_avg,0.1198,4号艇のclass_rank_2to6,-0.0995,4号艇のcumulative_diff_rank_2to6,0.0821,3号艇のwin_rate_rank_2to6,0.0633,3号艇のモーター2連率,0.0616,6号艇の体重,-0.057,3号艇のcumulative_diff_rank_2to6,0.044,場特性:1x_diff_course3,-0.0428,-0.0215,西 3.5m/s,[逃げ]1号艇のdominanceが有利(+16.4pt)、1号艇のモーター2連率が有利(+7.4pt) / [2着]4号艇のwin_rate_rank_2to6が有利(+21.0pt)、4号艇の節間得点が有利(+16.1pt) / [候補2]3号艇のwin_rate_rank_2to6が有利(+6.3pt)、3号艇のモーター2連率が有利(+6.2pt) / [除外]6号艇のwin_rate_rank_2to6が不利(-6.1pt)、2号艇のwin_rate_rank_2to6が不利(-5.5pt)、天気-2.2pt
15,08,常滑,1,10:39,0.8085881733074419,3,0.4068684037035407,2,0.2907387567116795,0.5640768995263346,0.16200342087428987,0.5356037395409303,0.4544180346950194,0.5555349515307133,1-3,1-2,0.23508792019917368,0.3289889793271608,0.13099405015429874,0.09939089615919744,0.014126334245119006,False,False,True,False,朝トコ小判Ｒ,2026-09-24,1号艇のdominance,0.3383,1号艇のsession_exh_rel_avg,0.109,1号艇のvs_max234_diff,0.0944,1号艇のlocal_win_rate順位,0.0844,1号艇の勝率順位,0.0834,3号艇のsession_exh_rel_avg,0.104,3号艇のwin_rate_rank_2to6,0.0721,3号艇の全国勝率,-0.05,3号艇の当地勝率,-0.0465,second_best_win_rate,0.0461,ST差分(4-3),0.191,2号艇のwin_rate_rank_2to6,-0.1604,2号艇の全国勝率,-0.0849,2号艇の直近平均着順,-0.0721,2号艇のsession_exh_rel_avg,-0.0705,0.0106,西 2.7m/s,[逃げ]1号艇のdominanceが有利(+33.8pt)、1号艇のsession_exh_rel_avgが有利(+10.9pt) / [2着]3号艇のsession_exh_rel_avgが有利(+10.4pt)、3号艇のwin_rate_rank_2to6が有利(+7.2pt) / [候補2]ST差分(4-3)が有利(+19.1pt)、2号艇のwin_rate_rank_2to6が不利(-16.0pt) / [除外]6号艇のsession_exh_rel_avgが不利(-8.7pt)、ST差分(4-3)が不利(-8.1pt)、天気+1.1pt
16,02,戸田,11,15:55,0.7635703432284151,3,0.41954191921002715,2,0.32811196906880924,0.5708863360891302,0.172213833356945,0.5754400549218914,0.45290890687031776,0.5722524517389586,1-3,1-2,0.2505365688392218,0.32034976724990843,0.1314973758450436,0.04564395673378791,0.015542675271583668,True,False,False,False,選抜戦,2026-09-24,1号艇のdominance,0.2652,4号艇のsession_exh_rel_avg,-0.2365,1号艇のracer_win_te,0.1674,場特性:in_escape_diff,-0.137,1号艇の全国勝率,0.1247,3号艇のwin_rate_rank_2to6,0.1729,5号艇のsession_exh_rel_delta,0.1222,1号艇vs3号艇のcumulative差,-0.0719,4号艇のsession_exh_rel_delta,-0.0617,3号艇のsession_exh_rel_avg,0.0598,2号艇のsession_exh_rel_avg,0.1272,2号艇の節間得点,0.0681,2号艇の全国勝率,0.0562,1号艇vs2号艇のcumulative差,-0.0398,4号艇のsession_exh_rel_avg,-0.0355,0.0953,西 0.5m/s,[逃げ]1号艇のdominanceが有利(+26.5pt)、4号艇のsession_exh_rel_avgが不利(-23.7pt) / [2着]3号艇のwin_rate_rank_2to6が有利(+17.3pt)、5号艇のsession_exh_rel_deltaが有利(+12.2pt) / [候補2]2号艇のsession_exh_rel_avgが有利(+12.7pt)、2号艇の節間得点が有利(+6.8pt) / [除外]3号艇のracer_win_teが不利(-6.0pt)、1号艇vs6号艇のcumulative差が不利(-5.9pt)、天気+9.5pt
17,09,津,11,15:42,0.7464268795272194,2,0.4156186342418253,3,0.33225408606350343,0.5582323009010395,0.1681648934127303,0.5797078268925985,0.4455822104443597,0.5646749586985071,1-2,1-3,0.3102289202304904,0.24800338067054906,0.12552279663609173,0.02784651757754232,0.03482525746090384,True,False,False,False,予選特選,2026-09-24,1号艇のsession_exh_rel_avg,0.1259,1号艇のracer_win_te,0.1172,1号艇の節間得点,0.0922,1号艇の級別順位,0.0823,1号艇のdominance,0.0793,2号艇のsession_exh_rel_avg,0.0732,2号艇のwin_rate_rank_2to6,0.0634,2号艇の全国勝率,0.0544,場特性:1x_diff_course2,0.0368,2号艇のcumulative_diff_rank_2to6,-0.0305,3号艇のwin_rate_rank_2to6,0.1373,3号艇のsession_exh_rel_avg,-0.1013,3号艇の当地勝率,0.0768,3号艇の一般戦2連率,0.0528,3号艇のclass_rank_2to6,0.0466,0.0068,北西 3.1m/s,[逃げ]1号艇のsession_exh_rel_avgが有利(+12.6pt)、1号艇のracer_win_teが有利(+11.7pt) / [2着]2号艇のsession_exh_rel_avgが有利(+7.3pt)、2号艇のwin_rate_rank_2to6が有利(+6.3pt) / [候補2]3号艇のwin_rate_rank_2to6が有利(+13.7pt)、3号艇のsession_exh_rel_avgが不利(-10.1pt)、天気+0.7pt
18,10,三国,4,09:50,0.6957895378517203,3,0.4540648709072433,4,0.29292916722883566,0.5197506365726926,0.12017041398582344,0.6268236241502555,0.4448002575730898,0.5518725328459615,1-3,1-4,0.08361331681064599,0.31593358668325183,0.20381704988944085,0.06762837523034543,0.02479720146198209,False,False,True,False,みくにあさ推,2026-09-24,1号艇のdominance,0.1978,1号艇のsession_exh_rel_avg,0.124,1号艇vs4号艇の枠別平均ST差,-0.0769,1号艇の級別順位,0.0698,1号艇の勝率順位,0.0683,3号艇のsession_exh_rel_avg,0.0922,6号艇のracer_2nd_te,-0.0768,3号艇のcumulative_diff_rank_2to6,0.0521,3号艇のclass_rank_2to6,0.0452,3号艇の全国勝率,0.0431,2号艇の体重,0.1921,4号艇のwin_rate_rank_2to6,-0.1158,4号艇のsession_exh_rel_avg,-0.1151,4号艇のclass_rank_2to6,-0.1053,5号艇のsession_exh_rel_delta,0.0931,-0.079,北西 5.0m/s,[逃げ]1号艇のdominanceが有利(+19.8pt)、1号艇のsession_exh_rel_avgが有利(+12.4pt) / [2着]3号艇のsession_exh_rel_avgが有利(+9.2pt)、6号艇のracer_2nd_teが不利(-7.7pt) / [候補2]2号艇の体重が有利(+19.2pt)、4号艇のwin_rate_rank_2to6が不利(-11.6pt) / [除外]6号艇のsession_exh_rel_avgが不利(-10.6pt)、2号艇のwin_rate_rank_2to6が不利(-6.0pt)、天気-7.9pt
19,18,徳山,9,12:36,0.8406384465411761,3,0.4795592687351536,2,0.22968070181431083,0.5962143870676113,0.21779117770150422,0.49144879284796017,0.44039410684116864,0.5647847088017159,1-3,1-2,0.19307842837366934,0.4031359586939419,0.18308363729336574,0.030402345430394807,0.030938087710482162,True,True,False,False,推しトク特賞,2026-09-24,場特性:in_escape_diff,0.2747,1号艇のracer_win_te,0.1879,1号艇の節間得点,0.0876,1号艇の級別順位,0.0847,風速区分,0.0774,3号艇のwin_rate_rank_2to6,0.1622,3号艇のモーター2連率,0.0738,3号艇の一般戦2連率,0.0513,風向(度),0.0499,3号艇の全国勝率,0.0468,2号艇のwin_rate_rank_2to6,-0.1431,2号艇のsession_exh_rel_avg,0.0636,2号艇のclass_rank_2to6,-0.0574,2号艇の全国勝率,-0.0572,2号艇のsession_avg_finish,0.0508,0.1407,北 1.3m/s,[逃げ]場特性:in_escape_diffが有利(+27.5pt)、1号艇のracer_win_teが有利(+18.8pt) / [2着]3号艇のwin_rate_rank_2to6が有利(+16.2pt)、3号艇のモーター2連率が有利(+7.4pt) / [候補2]2号艇のwin_rate_rank_2to6が不利(-14.3pt)、2号艇のsession_exh_rel_avgが有利(+6.4pt)、天気+14.1pt
20,21,芦屋,9,12:42,0.6765954924846972,3,0.5450982037230089,2,0.2057872466386857,0.5080457110870644,0.11246570634668802,0.6384197440150066,0.4394804473824899,0.547157920965447,1-3,1-2,0.1392347234865714,0.36881098760049297,0.050016905440444216,0.07609378997327672,0.042439098586485,True,True,False,False,予選,2026-09-24,1号艇の女子戦比率,-0.1515,1号艇のdominance,0.1418,1号艇の級別順位,0.0748,1号艇のモーター2連率順位,0.0637,1号艇の一般戦勝率,0.0626,2号艇の女子戦比率,0.2661,4号艇のモーター出走数,-0.1034,3号艇のwin_rate_rank_2to6,0.0798,6号艇のモーター出走数,0.0736,風向(度),0.0681,2号艇のwin_rate_rank_2to6,-0.1485,2号艇のclass_rank_2to6,-0.0526,3号艇のモーター出走数,0.0491,2号艇の当地勝率,-0.0409,2号艇のモーター2連率,-0.0358,0.0947,北 3.3m/s,[逃げ]1号艇の女子戦比率が不利(-15.1pt)、1号艇のdominanceが有利(+14.2pt) / [2着]2号艇の女子戦比率が有利(+26.6pt)、4号艇のモーター出走数が不利(-10.3pt) / [候補2]2号艇のwin_rate_rank_2to6が不利(-14.8pt)、2号艇のclass_rank_2to6が不利(-5.3pt) / [除外]4号艇のracer_avgfin_teが不利(-9.4pt)、4号艇のwin_rate_rank_2to6が不利(-6.2pt)、天気+9.5pt
21,13,尼崎,6,12:51,0.8316142743674912,4,0.34906961275741527,3,0.34571453265803975,0.5777924129317112,0.21717287121769546,0.4776112741977596,0.42721540819069515,0.5477380713115257,1-4,1-3,0.18060405971000842,0.28750114021471207,0.29029127271699906,0.050480189708727204,0.02273761279154566,True,True,False,False,昼どきピンク,2026-09-24,1号艇のdominance,0.3665,1号艇のvs_max234_diff,0.109,1号艇の年齢,-0.0996,1号艇の勝率順位,0.0921,1号艇の級別順位,0.0803,4号艇のwin_rate_rank_2to6,0.2194,4号艇のclass_rank_2to6,0.1793,4号艇の年齢,-0.0751,4号艇のcumulative_diff_rank_2to6,0.0592,4号艇のsession_exh_rel_avg,0.0564,3号艇のracer_2nd_te,-0.0623,1号艇vs3号艇のplace_rate差,-0.0568,3号艇のwin_rate_rank_2to6,0.047,3号艇の全国勝率,-0.0441,3号艇のcumulative_diff_rank_2to6,0.0412,0.0431,南西 2.1m/s,[逃げ]1号艇のdominanceが有利(+36.7pt)、1号艇のvs_max234_diffが有利(+10.9pt) / [2着]4号艇のwin_rate_rank_2to6が有利(+21.9pt)、4号艇のclass_rank_2to6が有利(+17.9pt) / [候補2]3号艇のracer_2nd_teが不利(-6.2pt)、1号艇vs3号艇のplace_rate差が不利(-5.7pt) / [除外]6号艇のwin_rate_rank_2to6が不利(-6.8pt)、win_rate_range_1to6が不利(-5.7pt)、天気+4.3pt
22,08,常滑,12,16:23,0.7468941056803391,4,0.42544594584756545,2,0.28452582917312136,0.5302737339623588,0.16328055648120476,0.5466912185394821,0.4263736655198705,0.5351989793354958,1-4,1-2,0.21251066472321542,0.06995039704083915,0.3177630692391434,0.12195328520801753,0.02471668668672627,True,False,False,False,予選特選,2026-09-24,1号艇のracer_win_te,0.1084,3号艇の平均ST,-0.1011,1号艇の節間得点,0.0986,場特性:in_escape_diff,0.0896,race_no,0.0855,4号艇のclass_rank_2to6,0.1977,4号艇のwin_rate_rank_2to6,0.1941,1号艇vs3号艇の直近複勝率差,0.0922,4号艇のcumulative_diff_rank_2to6,-0.0899,4号艇の全国勝率,0.0739,2号艇のsession_exh_rel_avg,-0.1057,3号艇の全国勝率,-0.0707,レース時間帯,-0.0703,3号艇のracer_win_te,0.062,3号艇の直近平均着順,0.0578,0.0686,西 2.7m/s,[逃げ]1号艇のracer_win_teが有利(+10.8pt)、3号艇の平均STが不利(-10.1pt) / [2着]4号艇のclass_rank_2to6が有利(+19.8pt)、4号艇のwin_rate_rank_2to6が有利(+19.4pt) / [候補2]2号艇のsession_exh_rel_avgが不利(-10.6pt)、3号艇の全国勝率が不利(-7.1pt) / [除外]6号艇のwin_rate_rank_2to6が不利(-8.0pt)、天気+6.9pt
23,19,下関,8,18:35,0.6190752498701366,2,0.5691498906659629,3,0.2154910189072346,0.48575176715235846,0.10263392908067286,0.6820069804925246,0.42592623224748644,0.5446283311544082,1-2,1-3,0.35234661077759194,0.1334051563747666,0.05867322008508021,0.06353812529077144,0.011112126963868792,True,False,False,False,予選,2026-09-24,場特性:in_escape_diff,0.0915,1号艇の級別順位,0.0723,1号艇のdominance,0.0661,1号艇の節間得点,-0.0605,1号艇のsession_exh_count,-0.0499,2号艇のwin_rate_rank_2to6,0.2029,2号艇のclass_rank_2to6,0.0699,2号艇のracer_avgfin_te,0.0611,2号艇の全国勝率,0.0526,4号艇のモーター出走数,-0.0521,3号艇のwin_rate_rank_2to6,-0.077,場特性:1x_diff_course3,0.0421,3号艇の全国勝率,0.038,3号艇のcumulative_diff_rank_2to6,0.0346,3号艇の枠別平均ST,-0.0326,0.0662,北西 2.8m/s,[逃げ]場特性:in_escape_diffが有利(+9.2pt)、1号艇の級別順位が有利(+7.2pt) / [2着]2号艇のwin_rate_rank_2to6が有利(+20.3pt)、2号艇のclass_rank_2to6が有利(+7.0pt) / [候補2]3号艇のwin_rate_rank_2to6が不利(-7.7pt)、場特性:1x_diff_course3が有利(+4.2pt) / [除外]2号艇のrecent_race_countが不利(-14.0pt)、6号艇のwin_rate_rank_2to6が不利(-7.2pt)、天気+6.6pt
24,10,三国,8,11:50,0.5607355511292585,2,0.7245021520273844,4,0.12110674950654515,0.474162973441435,0.09988396711220582,0.7457249344217238,0.41732943882737494,0.5556315617355216,1-2,1-4,0.4062541135114093,0.025198207374419898,0.06790885993002566,0.056008491347639466,0.005365888104713567,True,True,False,False,一般,2026-09-24,風向(度),-0.175,1号艇のsession_exh_rel_avg,0.1733,1号艇のracer_win_te,-0.1221,1号艇の年齢,0.0794,1号艇のdominance,0.0793,2号艇のwin_rate_rank_2to6,0.2073,3号艇のracer_2nd_te,0.1083,2号艇のsession_exh_rel_avg,0.0789,2号艇のモーター2連率,0.06,1号艇の直近複勝率,0.0559,4号艇のwin_rate_rank_2to6,-0.1073,4号艇のsession_exh_rel_avg,-0.0855,4号艇の全国勝率,-0.0735,4号艇の年齢,0.0638,4号艇のclass_rank_2to6,-0.0616,-0.1904,北 4.4m/s,[逃げ]風向(度)が不利(-17.5pt)、1号艇のsession_exh_rel_avgが有利(+17.3pt) / [2着]2号艇のwin_rate_rank_2to6が有利(+20.7pt)、3号艇のracer_2nd_teが有利(+10.8pt) / [候補2]4号艇のwin_rate_rank_2to6が不利(-10.7pt)、4号艇のsession_exh_rel_avgが不利(-8.6pt) / [除外]3号艇のracer_2nd_teが不利(-6.7pt)、3号艇の直近平均着順が不利(-6.4pt)、天気-19.0pt
25,09,津,1,10:33,0.8879253491773931,3,0.325970546853807,4,0.29164275687103214,0.5483945083664811,0.19987405060764213,0.417739253117197,0.416862710304647,0.5091979317916958,1-3,1-4,0.17747323617729058,0.28943751163671233,0.25895699672976874,0.15746760252807634,0.004590002932489945,False,False,True,False,ツッキーレー,2026-09-24,1号艇のdominance,0.3163,ST差分(6-5),0.1504,5号艇の平均ST,0.1353,1号艇のvs_max234_diff,0.1254,1号艇のracer_win_te,0.1033,3号艇のwin_rate_rank_2to6,0.0843,6号艇の年齢,0.0659,3号艇のracer_win_te,-0.0557,3号艇のracer_2nd_te,-0.0531,3号艇のracer_avgfin_te,-0.0518,4号艇のsession_exh_rel_avg,0.1025,4号艇のwin_rate_rank_2to6,0.0919,4号艇のclass_rank_2to6,-0.072,4号艇の節間得点,-0.0615,6号艇のvs_avg456_diff,0.0493,0.0447,北 1.0m/s,[逃げ]1号艇のdominanceが有利(+31.6pt)、ST差分(6-5)が有利(+15.0pt) / [2着]3号艇のwin_rate_rank_2to6が有利(+8.4pt)、6号艇の年齢が有利(+6.6pt) / [候補2]4号艇のsession_exh_rel_avgが有利(+10.3pt)、4号艇のwin_rate_rank_2to6が有利(+9.2pt) / [除外]6号艇の全国勝率が不利(-13.5pt)、6号艇の直近平均着順が不利(-12.2pt)、天気+4.5pt
26,20,若松,10,19:28,0.7279203507653569,3,0.35197223181118,2,0.3397979194248023,0.5035535711367002,0.14963812372568547,0.5421320275102968,0.41313259724038304,0.5151271080487791,1-3,1-2,0.24734582069704056,0.25620775043965965,0.10892463551027083,0.10599865433788706,0.009443493170141952,True,False,False,False,予選,2026-09-24,1号艇の年齢,0.1218,1号艇の節間得点,0.1133,レース時間帯,0.093,1号艇のdominance,0.0813,1号艇の級別順位,0.073,3号艇のwin_rate_rank_2to6,0.0768,風向(度),0.0609,場特性:1x_diff_course3,0.06,3号艇の節間得点,0.0528,1号艇のsession_rank_diff_last,0.0505,2号艇のsession_exh_rel_avg,0.0598,2号艇の全国勝率,0.0526,2号艇の直近平均着順,0.0385,2号艇の節間得点,0.0375,2号艇のwin_rate_rank_2to6,-0.0332,0.2128,北 2.7m/s,[逃げ]1号艇の年齢が有利(+12.2pt)、1号艇の節間得点が有利(+11.3pt) / [2着]3号艇のwin_rate_rank_2to6が有利(+7.7pt)、風向(度)が有利(+6.1pt) / [候補2]2号艇のsession_exh_rel_avgが有利(+6.0pt)、2号艇の全国勝率が有利(+5.3pt) / [除外]6号艇のsession_exh_rel_avgが不利(-8.6pt)、1号艇vs6号艇のcumulative差が不利(-6.8pt)、天気+21.3pt
27,19,下関,11,19:58,0.5651695169036872,2,0.4235594958682174,3,0.3919458895836229,0.46089878472817186,0.09120628181185012,0.7242991036399903,0.4104545473921836,0.5399188804017174,1-2,1-3,0.23938291565980974,0.2215158690683621,0.05154701023018488,0.03557403914912355,0.017149694376019767,True,False,False,False,予選特選,2026-09-24,場特性:in_escape_diff,0.11,1号艇の勝率順位,-0.0685,1号艇のモーター2連率順位,-0.0644,風速区分,0.0631,1号艇の節間得点,-0.0608,2号艇のモーター2連率,0.0785,1号艇vs4号艇の直近複勝率差,0.0542,2号艇のwin_rate_rank_2to6,0.0464,2号艇のsession_exh_rel_avg,0.0391,2号艇の全国勝率,0.0384,3号艇のwin_rate_rank_2to6,0.1784,3号艇の当地勝率,0.1282,3号艇のclass_rank_2to6,0.0566,3号艇の全国勝率,0.0389,3号艇のracer_avgfin_te,0.0373,0.1094,北 1.5m/s,[逃げ]場特性:in_escape_diffが有利(+11.0pt)、1号艇の勝率順位が不利(-6.9pt) / [2着]2号艇のモーター2連率が有利(+7.8pt)、1号艇vs4号艇の直近複勝率差が有利(+5.4pt) / [候補2]3号艇のwin_rate_rank_2to6が有利(+17.8pt)、3号艇の当地勝率が有利(+12.8pt)、天気+10.9pt
28,21,芦屋,1,08:48,0.654947497535746,3,0.421210093605104,2,0.3280665616568669,0.49073687032578167,0.14545478170085943,0.6038218735611114,0.4050808411108222,0.5246623712963805,1-3,1-2,0.21486637358232147,0.27587049674346015,0.0952652452795861,0.05751808541026648,0.011427310549361738,False,False,True,False,サンライズＶ,2026-09-24,1号艇の女子戦比率,-0.2201,1号艇のdominance,0.2179,1号艇のvs_max234_diff,0.0743,1号艇の級別順位,0.072,1号艇の勝率順位,0.0661,3号艇のwin_rate_rank_2to6,0.1389,4号艇のモーター出走数,-0.088,6号艇のモーター出走数,0.077,場特性:1x_diff_course3,0.0543,6号艇の女子戦比率,0.0474,3号艇のモーター出走数,0.0675,2号艇のsession_exh_rel_avg,0.0566,1号艇の一般戦2連率,-0.0409,2号艇のモーター2連率,-0.0372,2号艇のwin_rate_rank_2to6,-0.0308,0.0564,北 2.9m/s,[逃げ]1号艇の女子戦比率が不利(-22.0pt)、1号艇のdominanceが有利(+21.8pt) / [2着]3号艇のwin_rate_rank_2to6が有利(+13.9pt)、4号艇のモーター出走数が不利(-8.8pt) / [候補2]3号艇のモーター出走数が有利(+6.8pt)、2号艇のsession_exh_rel_avgが有利(+5.7pt) / [除外]6号艇のwin_rate_rank_2to6が不利(-7.0pt)、6号艇の女子戦比率が不利(-5.5pt)、天気+5.6pt
29,20,若松,11,20:02,0.5926842783706401,2,0.5304461841925747,3,0.27270925118219946,0.4760175996345553,0.1333916204624554,0.6697638149123188,0.3998214888538733,0.5341414642178843,1-2,1-3,0.3143871138926358,0.16163048574191952,0.07905911631448069,0.028507335649957496,0.009100225115705808,False,False,False,False,予選,2026-09-24,2号艇のsession_exh_rel_avg,-0.1624,3号艇のracer_win_te,-0.1526,3号艇の女子戦勝率,0.1264,1号艇の年齢,0.108,1号艇のsession_exh_rel_avg,-0.0986,2号艇のsession_exh_rel_avg,0.1796,2号艇のwin_rate_rank_2to6,0.1488,2号艇の節間得点,0.0584,2号艇の全国勝率,0.0532,2号艇のsession_exh_rel_last,0.0382,3号艇のsession_exh_rel_avg,0.0937,3号艇の当地勝率,0.0785,3号艇のwin_rate_rank_2to6,0.0689,3号艇のracer_win_te,0.0615,場特性:1x_diff_course3,0.0436,0.186,北東 1.9m/s,[逃げ]2号艇のsession_exh_rel_avgが不利(-16.2pt)、3号艇のracer_win_teが不利(-15.3pt) / [2着]2号艇のsession_exh_rel_avgが有利(+18.0pt)、2号艇のwin_rate_rank_2to6が有利(+14.9pt) / [候補2]3号艇のsession_exh_rel_avgが有利(+9.4pt)、3号艇の当地勝率が有利(+7.9pt) / [除外]6号艇のwin_rate_rank_2to6が不利(-7.9pt)、5号艇のsession_exh_rel_avgが不利(-5.1pt)、天気+18.6pt
30,09,津,12,16:20,0.7414082833447664,3,0.4477634518970504,4,0.26615446418437194,0.5293046566110003,0.2070760453092894,0.5068418707721329,0.3977770785452435,0.5225658208593401,1-3,1-4,0.15352789527458333,0.331975532215519,0.1973291243954813,0.051551655089802105,0.00702408051232221,True,False,False,False,バッチこい選,2026-09-24,1号艇のdominance,0.2772,1号艇のsession_exh_rel_avg,-0.2064,1号艇のracer_win_te,0.1412,race_no,0.0829,1号艇の全国勝率,0.0793,3号艇のsession_exh_rel_avg,0.1059,3号艇の当地勝率,0.0623,3号艇のsession_exh_rel_last,0.0599,3号艇のcumulative_diff_rank_2to6,0.054,3号艇のwin_rate_rank_2to6,-0.048,4号艇のclass_rank_2to6,0.182,4号艇のwin_rate_rank_2to6,0.1115,4号艇のcumulative_diff_rank_2to6,-0.0514,4号艇のsession_exh_rel_avg,0.0475,4号艇のモーター2連率,0.0449,0.0418,北西 2.9m/s,[逃げ]1号艇のdominanceが有利(+27.7pt)、1号艇のsession_exh_rel_avgが不利(-20.6pt) / [2着]3号艇のsession_exh_rel_avgが有利(+10.6pt)、3号艇の当地勝率が有利(+6.2pt) / [候補2]4号艇のclass_rank_2to6が有利(+18.2pt)、4号艇のwin_rate_rank_2to6が有利(+11.1pt) / [除外]6号艇のwin_rate_rank_2to6が不利(-8.1pt)、2号艇のsession_exh_rel_avgが不利(-5.3pt)、天気+4.2pt
31,06,浜名湖,12,17:01,0.8352433142204387,2,0.41856701128571006,3,0.20669732798606014,0.5222478589972062,0.2042848172817745,0.42097952198999566,0.39422308885595553,0.491867357895043,1-2,1-3,0.34960529772962023,0.17264256126758593,0.1706275278313461,0.08317645436800448,0.05919147924692953,True,False,False,False,優勝戦,2026-09-24,1号艇のdominance,0.2573,1号艇のsession_exh_rel_avg,0.1194,1号艇のracer_win_te,0.1007,1号艇の全国勝率,0.089,race_no,0.0817,2号艇の当地勝率,0.1268,2号艇のclass_rank_2to6,0.072,2号艇のsession_exh_rel_avg,0.0625,2号艇の全国勝率,0.0603,レース時間帯,-0.0541,3号艇の節間得点,0.1175,3号艇のwin_rate_rank_2to6,-0.0967,3号艇の年齢,-0.0827,avg_456_win_rate,-0.0624,全艇平均勝率,-0.06,-0.0092,北西 2.6m/s,[逃げ]1号艇のdominanceが有利(+25.7pt)、1号艇のsession_exh_rel_avgが有利(+11.9pt) / [2着]2号艇の当地勝率が有利(+12.7pt)、2号艇のclass_rank_2to6が有利(+7.2pt) / [候補2]3号艇の節間得点が有利(+11.7pt)、3号艇のwin_rate_rank_2to6が不利(-9.7pt) / [除外]2号艇のracer_2nd_teが不利(-7.2pt)、5号艇のsession_exh_rel_avgが不利(-5.4pt)、天気-0.9pt
32,11,琵琶湖,11,15:38,0.7837641551658112,2,0.3351101708148462,3,0.3066050249904908,0.5029533682974331,0.18377471135568357,0.4579404844496534,0.3920372361963576,0.48944950314309915,1-2,1-3,0.2626473399161686,0.24030602838126447,0.11695938387822752,0.14403603138652815,0.01981538036286948,True,False,False,False,予選特選,2026-09-24,1号艇のdominance,0.1656,風速区分,0.1016,場特性:in_escape_diff,-0.0856,1号艇の勝率順位,0.0839,レース時間帯,0.0814,2号艇のwin_rate_rank_2to6,0.1547,2号艇のsession_avg_finish,-0.0661,2号艇の全国勝率,0.0624,1号艇vs2号艇のcumulative差,-0.0531,2号艇の節間得点,-0.0496,3号艇のwin_rate_rank_2to6,-0.1297,3号艇のsession_exh_rel_avg,0.0911,3号艇の節間得点,0.0498,場特性:1x_diff_course3,-0.049,3号艇の全国勝率,-0.0467,0.1748,北 0.9m/s,[逃げ]1号艇のdominanceが有利(+16.6pt)、風速区分が有利(+10.2pt) / [2着]2号艇のwin_rate_rank_2to6が有利(+15.5pt)、2号艇のsession_avg_finishが不利(-6.6pt) / [候補2]3号艇のwin_rate_rank_2to6が不利(-13.0pt)、3号艇のsession_exh_rel_avgが有利(+9.1pt) / [除外]6号艇のwin_rate_rank_2to6が不利(-8.1pt)、6号艇のvs_avg456_diffが不利(-5.4pt)、天気+17.5pt
33,18,徳山,3,09:32,0.7858322670772722,2,0.3039237009318242,3,0.29423633279506667,0.4700534553786202,0.15952744003146796,0.4386325936954229,0.3800697460812236,0.460627196873661,1-2,1-3,0.23883305092177026,0.23122040445684997,0.12066900970338722,0.12536180986096204,0.06974798042448935,False,False,True,False,決めトク特賞,2026-09-24,1号艇のdominance,0.2269,場特性:in_escape_diff,0.1842,1号艇のracer_win_te,0.1619,3号艇の枠別出走数,-0.1053,1号艇の年齢,-0.1041,2号艇のwin_rate_rank_2to6,-0.1695,4号艇のsession_rank_diff_last,0.1311,2号艇のsession_exh_rel_avg,-0.0779,2号艇のsession_avg_finish,0.0682,1号艇vs2号艇のplace_rate差,-0.0664,3号艇のwin_rate_rank_2to6,-0.0779,3号艇の全国勝率,0.0423,場特性:1x_diff_course3,0.0401,3号艇の節間得点,-0.0389,3号艇の枠別出走数,-0.0287,0.0494,南西 2.6m/s,[逃げ]1号艇のdominanceが有利(+22.7pt)、場特性:in_escape_diffが有利(+18.4pt) / [2着]2号艇のwin_rate_rank_2to6が不利(-17.0pt)、4号艇のsession_rank_diff_lastが有利(+13.1pt) / [候補2]3号艇のwin_rate_rank_2to6が不利(-7.8pt)、3号艇の全国勝率が有利(+4.2pt) / [除外]5号艇のsession_exh_rel_avgが不利(-5.3pt)、天気+4.9pt
34,02,戸田,12,16:35,0.6966458127117654,2,0.5023129001454276,4,0.2071525641436954,0.4942461449606261,0.19682768343157814,0.5126377808575449,0.3775085564515205,0.4997636357297017,1-2,1-4,0.34993417855741527,0.13711918148836583,0.14431196640321078,0.04549150315235392,0.019788985705627454,True,False,False,False,優勝戦,2026-09-24,場特性:in_escape_diff,-0.1423,3号艇のsession_exh_rel_avg,-0.137,1号艇のsession_exh_rel_avg,0.1345,1号艇の節間得点,0.1326,race_no,0.1111,2号艇のwin_rate_rank_2to6,0.2042,2号艇のclass_rank_2to6,0.0996,1号艇の年齢,0.0743,2号艇のsession_exh_rel_avg,0.0643,2号艇の全国勝率,0.0487,4号艇の節間得点,0.1154,4号艇のwin_rate_rank_2to6,-0.1136,4号艇のsession_exh_rel_avg,0.0889,2号艇のsession_exh_rel_delta,0.0815,2号艇のracer_avgfin_te,-0.0763,0.143,北東 0.6m/s,[逃げ]場特性:in_escape_diffが不利(-14.2pt)、3号艇のsession_exh_rel_avgが不利(-13.7pt) / [2着]2号艇のwin_rate_rank_2to6が有利(+20.4pt)、2号艇のclass_rank_2to6が有利(+10.0pt) / [候補2]4号艇の節間得点が有利(+11.5pt)、4号艇のwin_rate_rank_2to6が不利(-11.4pt)、天気+14.3pt
35,01,桐生,6,17:44,0.6155343879076938,2,0.550865667829668,3,0.24010229024211174,0.4868679779263113,0.18745619889497356,0.6035117591768061,0.37734827331941345,0.5218611123014597,1-2,1-3,0.3390767616668976,0.1477912162594137,0.11538573664632044,0.012001198487716885,0.0012794661767713542,True,False,False,False,一般,2026-09-24,1号艇のdominance,0.3048,1号艇の女子戦比率,-0.2507,1号艇のracer_win_te,0.1134,1号艇vs6号艇のplace_rate差,-0.1078,1号艇のvs_max234_diff,0.0899,2号艇のsession_exh_rel_avg,0.1482,3号艇のモーター出走数,0.1044,2号艇のwin_rate_rank_2to6,0.0718,2号艇の節間得点,0.0699,2号艇のsession_exh_rel_last,0.0525,5号艇のsession_exh_rel_delta,0.0993,6号艇のモーター出走数,0.082,4号艇のモーター出走数,-0.0758,3号艇のwin_rate_rank_2to6,-0.0694,3号艇の女子戦勝率,-0.0561,0.0627,南東 0.6m/s,[逃げ]1号艇のdominanceが有利(+30.5pt)、1号艇の女子戦比率が不利(-25.1pt) / [2着]2号艇のsession_exh_rel_avgが有利(+14.8pt)、3号艇のモーター出走数が有利(+10.4pt) / [候補2]5号艇のsession_exh_rel_deltaが有利(+9.9pt)、6号艇のモーター出走数が有利(+8.2pt) / [除外]6号艇の直近平均着順が不利(-18.4pt)、6号艇の全国勝率が不利(-10.0pt)、天気+6.3pt
36,19,下関,10,19:33,0.6771476760280175,2,0.42587246304050996,3,0.26440041950163673,0.46741667823857536,0.16674097420521733,0.5235319083369294,0.3738916634914554,0.48425124726808155,1-2,1-3,0.2883785486322091,0.17903812960636623,0.11290826318171053,0.06276598178024469,0.03405675535005855,True,False,False,False,予選特賞,2026-09-24,1号艇のdominance,0.1542,場特性:in_escape_diff,0.1028,1号艇の級別順位,0.0744,風向(度),-0.0716,レース時間帯,0.0694,2号艇のwin_rate_rank_2to6,0.1592,2号艇のモーター2連率,0.0646,2号艇の全国勝率,0.0457,2号艇のsession_exh_rel_avg,0.0424,3号艇の女子戦2連率,-0.0309,3号艇のwin_rate_rank_2to6,-0.1113,3号艇のcumulative_diff_rank_2to6,0.0464,3号艇のracer_2nd_te,0.0424,3号艇の全国勝率,-0.0418,場特性:1x_diff_course3,0.0378,0.0275,北 2.3m/s,[逃げ]1号艇のdominanceが有利(+15.4pt)、場特性:in_escape_diffが有利(+10.3pt) / [2着]2号艇のwin_rate_rank_2to6が有利(+15.9pt)、2号艇のモーター2連率が有利(+6.5pt) / [候補2]3号艇のwin_rate_rank_2to6が不利(-11.1pt)、3号艇のcumulative_diff_rank_2to6が有利(+4.6pt)、天気+2.7pt
37,11,琵琶湖,10,15:10,0.744133510165317,3,0.42428505168570374,4,0.2669806391478143,0.5143939649767986,0.22883237503922993,0.46243331579428804,0.37314197372301383,0.49880577022204536,1-3,1-4,0.17028183847740844,0.31572472482155567,0.1986692401552429,0.04444107379008573,0.015016644702505959,True,False,False,False,予選特賞,2026-09-24,1号艇のsession_exh_rel_avg,0.1414,風向(度),-0.0863,1号艇のracer_win_te,0.0859,1号艇の級別順位,0.0809,風速区分,0.0787,3号艇のsession_exh_rel_avg,-0.0504,3号艇のwin_rate_rank_2to6,0.0493,場特性:1x_diff_course3,-0.0475,3号艇のcumulative_diff_rank_2to6,0.0422,3号艇の節間得点,0.0386,4号艇のclass_rank_2to6,0.2149,4号艇のwin_rate_rank_2to6,0.2082,4号艇のsession_exh_rel_avg,-0.1473,4号艇の年齢,-0.0735,4号艇の節間得点,-0.0683,0.0797,北 1.5m/s,[逃げ]1号艇のsession_exh_rel_avgが有利(+14.1pt)、風向(度)が不利(-8.6pt) / [2着]3号艇のsession_exh_rel_avgが不利(-5.0pt)、3号艇のwin_rate_rank_2to6が有利(+4.9pt) / [候補2]4号艇のclass_rank_2to6が有利(+21.5pt)、4号艇のwin_rate_rank_2to6が有利(+20.8pt) / [除外]6号艇のsession_exh_rel_avgが不利(-9.5pt)、天気+8.0pt
38,18,徳山,2,09:06,0.7414299205578261,3,0.4389062385205408,4,0.25243983596375236,0.5125846650828544,0.23010664025092237,0.4612394342333708,0.37104570293122247,0.4971810958280093,1-3,1-4,0.17060794800106963,0.3254182175586188,0.18716644752423556,0.038983953357532124,0.01925335549739083,False,False,True,False,狙いトク特選,2026-09-24,場特性:in_escape_diff,0.2357,1号艇のsession_exh_rel_avg,0.1599,1号艇のdominance,-0.0824,4号艇のモーター2連率,-0.0817,1号艇vs4号艇の枠別平均ST差,-0.0802,3号艇のsession_exh_rel_avg,0.0844,3号艇の当地勝率,-0.0562,3号艇のwin_rate_rank_2to6,0.0554,3号艇の全国勝率,0.0471,3号艇の節間得点,0.0403,4号艇のwin_rate_rank_2to6,0.164,4号艇のclass_rank_2to6,0.1167,4号艇のsession_exh_rel_avg,-0.0784,4号艇の全国勝率,0.0698,4号艇の直近複勝率,0.0601,0.0133,南西 2.6m/s,[逃げ]場特性:in_escape_diffが有利(+23.6pt)、1号艇のsession_exh_rel_avgが有利(+16.0pt) / [2着]3号艇のsession_exh_rel_avgが有利(+8.4pt)、3号艇の当地勝率が不利(-5.6pt) / [候補2]4号艇のwin_rate_rank_2to6が有利(+16.4pt)、4号艇のclass_rank_2to6が有利(+11.7pt) / [除外]6号艇のwin_rate_rank_2to6が不利(-8.3pt)、6号艇のvs_avg456_diffが不利(-7.1pt)、天気+1.3pt
39,22,福岡,10,16:17,0.7228450936562116,3,0.41054714669838105,5,0.23230068146535604,0.4646793985557088,0.17026653917768136,0.4725812889860557,0.3697361749326124,0.46704996568481283,1-3,1-5,0.10583369617683966,0.2967619907054817,0.12307633245841011,0.16791740785022707,0.029255663772445258,True,False,False,False,予選特賞,2026-09-24,1号艇のdominance,0.1738,1号艇のracer_win_te,0.1185,1号艇の勝率順位,0.0829,1号艇のsession_exh_rel_avg,0.0818,1号艇の級別順位,-0.0789,3号艇のsession_exh_rel_avg,0.1299,3号艇の当地勝率,0.1026,3号艇のwin_rate_rank_2to6,-0.0683,場特性:1x_diff_course3,0.0537,3号艇の全国勝率,0.0465,3号艇の枠別出走数,0.5495,2号艇のracer_2nd_te,0.1381,5号艇のwin_rate_rank_2to6,0.1079,5号艇のclass_rank_2to6,0.1055,3号艇の直近平均着順,-0.0931,0.1366,北東 2.7m/s,[逃げ]1号艇のdominanceが有利(+17.4pt)、1号艇のracer_win_teが有利(+11.8pt) / [2着]3号艇のsession_exh_rel_avgが有利(+13.0pt)、3号艇の当地勝率が有利(+10.3pt) / [候補2]3号艇の枠別出走数が有利(+54.9pt)、2号艇のracer_2nd_teが有利(+13.8pt) / [除外]6号艇のcumulative_diff_rank_2to6が不利(-5.1pt)、天気+13.7pt
40,06,浜名湖,10,16:01,0.6102245285734927,2,0.5488871914596347,3,0.18873752109314995,0.45011669248168107,0.148838381288929,0.5887863312638556,0.36972312460156104,0.4917175841163334,1-2,1-3,0.33494442764848403,0.11517226483319708,0.09082483105567847,0.05404116152276545,0.015241850333158223,True,False,False,False,選抜戦,2026-09-24,1号艇のdominance,0.2005,1号艇のsession_exh_rel_avg,0.1313,3号艇の枠別出走数,-0.0892,レース時間帯,0.0848,1号艇vs3号艇のcumulative差,-0.0764,2号艇のwin_rate_rank_2to6,0.1278,2号艇のsession_exh_rel_avg,0.0883,2号艇のモーター2連率,0.0731,3号艇のracer_2nd_te,0.0577,2号艇の節間得点,0.0571,3号艇のsession_exh_rel_avg,0.1281,3号艇の節間得点,0.1104,3号艇の女子戦勝率,0.074,3号艇のwin_rate_rank_2to6,-0.0589,3号艇のracer_avgfin_te,-0.0523,0.0632,北西 3.3m/s,[逃げ]1号艇のdominanceが有利(+20.1pt)、1号艇のsession_exh_rel_avgが有利(+13.1pt) / [2着]2号艇のwin_rate_rank_2to6が有利(+12.8pt)、2号艇のsession_exh_rel_avgが有利(+8.8pt) / [候補2]3号艇のsession_exh_rel_avgが有利(+12.8pt)、3号艇の節間得点が有利(+11.0pt) / [除外]win_rate_gap_top2_2to6が不利(-8.9pt)、6号艇のwin_rate_rank_2to6が不利(-7.0pt)、天気+6.3pt
41,02,戸田,5,12:44,0.712711034568272,4,0.4798190186246075,3,0.21957225737219316,0.4984638798837036,0.21684828528542718,0.4825429907113734,0.3687546347283009,0.49368761313200454,1-4,1-3,0.1545501657501326,0.15649157071422667,0.341972309169477,0.030974637195981782,0.028722359703620456,True,True,False,False,ウインウイン,2026-09-24,場特性:in_escape_diff,-0.1889,3号艇のsession_exh_rel_last,-0.161,1号艇のdominance,0.151,1号艇のsession_exh_rel_avg,0.12,1号艇のracer_win_te,0.1187,4号艇のwin_rate_rank_2to6,0.2366,4号艇のclass_rank_2to6,0.1931,4号艇のモーター2連率,0.0889,2号艇の体重,0.0815,2号艇のsession_exh_rel_delta,0.0802,3号艇のモーター2連率,0.0822,3号艇の節間得点,-0.0603,3号艇のwin_rate_rank_2to6,0.0545,3号艇のcumulative_diff_rank_2to6,-0.051,3号艇の年齢,-0.0492,0.0112,南東 0.8m/s,[逃げ]場特性:in_escape_diffが不利(-18.9pt)、3号艇のsession_exh_rel_lastが不利(-16.1pt) / [2着]4号艇のwin_rate_rank_2to6が有利(+23.7pt)、4号艇のclass_rank_2to6が有利(+19.3pt) / [候補2]3号艇のモーター2連率が有利(+8.2pt)、3号艇の節間得点が不利(-6.0pt) / [除外]2号艇のwin_rate_rank_2to6が不利(-5.2pt)、天気+1.1pt
42,20,若松,8,18:23,0.7428418658858991,2,0.35820560076635594,3,0.2597775248269921,0.4590637381017626,0.16528860075466922,0.4526945248386789,0.36801013458810466,0.4571529741228375,1-2,1-3,0.26609011684405925,0.1929736212577033,0.09865000824442127,0.12278329259426791,0.06234484078195531,True,False,False,False,予選,2026-09-24,1号艇のracer_win_te,0.2022,1号艇のdominance,0.1509,1号艇の勝率順位,0.0874,1号艇のlocal_win_rate順位,-0.0682,1号艇の級別順位,0.065,2号艇のsession_exh_rel_avg,0.0985,2号艇の全国勝率,0.0806,2号艇のsession_avg_finish,-0.0581,2号艇の節間得点,-0.0573,2号艇のclass_rank_2to6,-0.0536,3号艇のsession_exh_rel_avg,-0.1316,3号艇のwin_rate_rank_2to6,-0.0967,3号艇のcumulative_diff_rank_2to6,0.0495,3号艇の女子戦勝率,0.0432,5号艇の一般戦2連率,-0.0367,0.0627,北 2.9m/s,[逃げ]1号艇のracer_win_teが有利(+20.2pt)、1号艇のdominanceが有利(+15.1pt) / [2着]2号艇のsession_exh_rel_avgが有利(+9.9pt)、2号艇の全国勝率が有利(+8.1pt) / [候補2]3号艇のsession_exh_rel_avgが不利(-13.2pt)、3号艇のwin_rate_rank_2to6が不利(-9.7pt) / [除外]5号艇のsession_exh_rel_avgが不利(-5.2pt)、天気+6.3pt
43,19,下関,5,17:03,0.7128365869210436,4,0.4638231635902191,3,0.25313713650665665,0.5110755332789441,0.23373072536492953,0.48322957473194617,0.3677306671474771,0.5027217457148447,1-4,1-3,0.16661181252771615,0.18044541241037143,0.33063012086857263,0.024143715130260066,0.011005536606216147,True,False,False,False,シーモ戦,2026-09-24,1号艇のdominance,0.1522,場特性:in_escape_diff,0.0847,1号艇の勝率順位,0.0842,1号艇の級別順位,0.0805,ST差分(4-3),-0.0761,4号艇のwin_rate_rank_2to6,0.2568,4号艇のclass_rank_2to6,0.2171,4号艇の当地勝率,0.1304,4号艇の全国勝率,0.1096,3号艇の年齢,0.0686,3号艇のwin_rate_rank_2to6,-0.1041,6号艇の女子戦比率,0.0967,3号艇のモーター2連率,0.0534,3号艇の全国勝率,-0.0468,3号艇のcumulative_diff_rank_2to6,0.0454,-0.0179,北西 4.1m/s,[逃げ]1号艇のdominanceが有利(+15.2pt)、場特性:in_escape_diffが有利(+8.5pt) / [2着]4号艇のwin_rate_rank_2to6が有利(+25.7pt)、4号艇のclass_rank_2to6が有利(+21.7pt) / [候補2]3号艇のwin_rate_rank_2to6が不利(-10.4pt)、6号艇の女子戦比率が有利(+9.7pt) / [除外]4号艇の当地2連率が不利(-14.3pt)、6号艇の女子戦比率が不利(-7.0pt)、天気-1.8pt
44,06,浜名湖,8,14:51,0.7243743630932399,4,0.40762617414906654,2,0.2674922862095541,0.48903850473476457,0.21408804797966202,0.46103041237895864,0.36340174609609444,0.48063607702802275,1-4,1-2,0.1937645544554004,0.15507989340114267,0.29527395027936415,0.024819023131260772,0.05543694992158627,True,True,False,False,ブレイクタイ,2026-09-24,1号艇のdominance,0.2405,1号艇のsession_exh_rel_avg,-0.1031,場特性:in_escape_diff,-0.0768,1号艇の勝率順位,0.0741,1号艇の級別順位,0.062,4号艇のwin_rate_rank_2to6,0.1924,4号艇のclass_rank_2to6,0.1875,4号艇の年齢,-0.0801,5号艇のracer_win_te,0.0642,4号艇のsession_exh_rel_avg,0.0621,2号艇のsession_exh_rel_avg,-0.0862,3号艇の全国勝率,-0.0763,2号艇の全国勝率,-0.0715,2号艇のsession_avg_finish,-0.0625,2号艇の直近平均着順,-0.0572,-0.004,西 3.4m/s,[逃げ]1号艇のdominanceが有利(+24.1pt)、1号艇のsession_exh_rel_avgが不利(-10.3pt) / [2着]4号艇のwin_rate_rank_2to6が有利(+19.2pt)、4号艇のclass_rank_2to6が有利(+18.7pt) / [候補2]2号艇のsession_exh_rel_avgが不利(-8.6pt)、3号艇の全国勝率が不利(-7.6pt) / [除外]5号艇のracer_win_teが不利(-9.3pt)、6号艇のsession_exh_rel_avgが不利(-8.0pt)、天気-0.4pt
45,18,徳山,1,08:40,0.8696336571567822,3,0.31275568107749174,5,0.2667260454519761,0.5039368130973475,0.237194481449508,0.34228724507995983,0.3604995758182159,0.4554419426921312,1-3,1-5,0.20627230436034216,0.27198286673197936,0.08192224968320756,0.2319539463653681,0.07750228353660933,False,False,True,False,朝トク予選,2026-09-24,1号艇のdominance,0.3113,場特性:in_escape_diff,0.2092,1号艇のsession_exh_rel_avg,0.1039,1号艇の勝率順位,0.0789,1号艇の級別順位,0.071,3号艇のsession_exh_rel_avg,-0.0672,3号艇のwin_rate_rank_2to6,-0.0616,3号艇の当地勝率,-0.0612,4号艇の体重,0.0565,3号艇の節間得点,-0.0436,5号艇のwin_rate_rank_2to6,0.1517,5号艇のsession_exh_rel_avg,0.1505,5号艇の年齢,0.1133,5号艇のracer_avgfin_te,-0.1039,mean_234_全国勝率,0.0846,0.0196,南西 2.5m/s,[逃げ]1号艇のdominanceが有利(+31.1pt)、場特性:in_escape_diffが有利(+20.9pt) / [2着]3号艇のsession_exh_rel_avgが不利(-6.7pt)、3号艇のwin_rate_rank_2to6が不利(-6.2pt) / [候補2]5号艇のwin_rate_rank_2to6が有利(+15.2pt)、5号艇のsession_exh_rel_avgが有利(+15.1pt) / [除外]6号艇のsession_exh_rel_avgが不利(-7.3pt)、2号艇のwin_rate_rank_2to6が不利(-5.1pt)、天気+2.0pt
46,06,浜名湖,11,16:30,0.7616661890154031,2,0.4190556735403462,4,0.23314458994842463,0.49675888916633376,0.22876743056430418,0.42343283292446665,0.36038818354486163,0.4747610722937736,1-2,1-4,0.31918053785075834,0.1742444170087594,0.17757835131557542,0.05931419853703785,0.03134869707169654,True,False,False,False,選抜戦,2026-09-24,1号艇のsession_exh_rel_avg,0.1769,1号艇のdominance,0.1566,1号艇のracer_win_te,0.0858,1号艇の級別順位,0.0741,場特性:in_escape_diff,-0.0599,2号艇のclass_rank_2to6,0.0969,ST差分(3-2),-0.0694,2号艇の節間得点,0.0675,2号艇の全国勝率,0.0626,2号艇のsession_exh_rel_avg,0.0454,4号艇のclass_rank_2to6,0.1105,4号艇のsession_exh_rel_avg,-0.1005,4号艇のwin_rate_rank_2to6,-0.0729,4号艇の節間得点,0.0555,4号艇の年齢,0.0423,0.021,北西 3.2m/s,[逃げ]1号艇のsession_exh_rel_avgが有利(+17.7pt)、1号艇のdominanceが有利(+15.7pt) / [2着]2号艇のclass_rank_2to6が有利(+9.7pt)、ST差分(3-2)が不利(-6.9pt) / [候補2]4号艇のclass_rank_2to6が有利(+11.1pt)、4号艇のsession_exh_rel_avgが不利(-10.1pt) / [除外]6号艇のsession_exh_rel_avgが不利(-7.4pt)、2号艇のracer_2nd_teが不利(-5.1pt)、天気+2.1pt
47,20,若松,12,20:40,0.7646625840571541,2,0.34576068270543403,3,0.25620170080507976,0.4602981116803531,0.18171394771486785,0.42024843579564597,0.35992700728138977,0.44828320891494094,1-2,1-3,0.264390257102903,0.19590785457745016,0.13894985681887745,0.10072012670566828,0.064694480306485,False,False,False,False,予選,2026-09-24,1号艇のracer_win_te,0.1936,1号艇のdominance,0.166,風速区分,0.1008,3号艇の女子戦勝率,0.097,race_no,0.0898,2号艇のwin_rate_rank_2to6,-0.134,2号艇のsession_exh_rel_avg,0.1273,2号艇のracer_avgfin_te,0.0635,2号艇の全国勝率,0.0504,3号艇の全国2連率,0.0485,3号艇のwin_rate_rank_2to6,0.185,3号艇のsession_exh_rel_avg,-0.1157,3号艇の全国勝率,0.0639,3号艇のracer_avgfin_te,0.0482,3号艇の女子戦勝率,-0.0459,0.1881,北 1.6m/s,[逃げ]1号艇のracer_win_teが有利(+19.4pt)、1号艇のdominanceが有利(+16.6pt) / [2着]2号艇のwin_rate_rank_2to6が不利(-13.4pt)、2号艇のsession_exh_rel_avgが有利(+12.7pt) / [候補2]3号艇のwin_rate_rank_2to6が有利(+18.5pt)、3号艇のsession_exh_rel_avgが不利(-11.6pt) / [除外]6号艇のsession_exh_rel_avgが不利(-7.6pt)、5号艇のsession_exh_rel_avgが不利(-5.1pt)、天気+18.8pt
48,13,尼崎,8,13:58,0.8408293783925327,3,0.35217223633474604,2,0.2653666235561553,0.5192448156952999,0.26374012436344935,0.35379873552745195,0.35490998497543425,0.46961099164494546,1-3,1-2,0.2231280531308473,0.29611676256445263,0.22176044482568838,0.0549421144109309,0.04488199406361288,True,True,False,False,予選,2026-09-24,1号艇のdominance,0.3247,1号艇のracer_win_te,0.1493,1号艇の勝率順位,0.0954,1号艇の級別順位,0.0881,風向(度),-0.083,3号艇のwin_rate_rank_2to6,-0.0667,風向(度),0.0441,3号艇の全国勝率,-0.0423,3号艇のcumulative_diff_rank_2to6,0.0404,3号艇の当地勝率,-0.0387,2号艇のwin_rate_rank_2to6,-0.1236,2号艇のモーター2連率,-0.0582,2号艇のclass_rank_2to6,-0.0569,2号艇のsession_exh_rel_avg,0.0503,6号艇の体重,0.0502,0.0162,北 3.0m/s,[逃げ]1号艇のdominanceが有利(+32.5pt)、1号艇のracer_win_teが有利(+14.9pt) / [2着]3号艇のwin_rate_rank_2to6が不利(-6.7pt)、風向(度)が有利(+4.4pt) / [候補2]2号艇のwin_rate_rank_2to6が不利(-12.4pt)、2号艇のモーター2連率が不利(-5.8pt) / [除外]5号艇の女子戦比率が不利(-8.2pt)、天気+1.6pt
49,18,徳山,7,11:31,0.6099352995070102,2,0.5409653662942291,4,0.21998223878750403,0.464128805414669,0.19649860683747372,0.5644489982442593,0.3546880090261209,0.4942248632635461,1-2,1-4,0.3299538727135901,0.11985143661412477,0.13417493270107891,0.02430272850732431,0.0016523218703107326,True,True,False,False,予選,2026-09-24,1号艇のdominance,0.1815,場特性:in_escape_diff,0.1478,1号艇vs2号艇のcumulative差,-0.1376,1号艇の勝率順位,0.1011,1号艇のracer_win_te,0.075,2号艇のclass_rank_2to6,0.1083,2号艇のsession_exh_rel_avg,0.0845,2号艇の節間得点,0.0782,場特性:1x_diff_course2,0.0579,2号艇のwin_rate_rank_2to6,0.0558,4号艇のwin_rate_rank_2to6,0.1351,6号艇のracer_avgfin_te,0.0522,4号艇の節間得点,0.05,4号艇のモーター2連率,-0.0462,4号艇のsession_exh_rel_avg,0.0432,0.0745,南西 1.5m/s,[逃げ]1号艇のdominanceが有利(+18.2pt)、場特性:in_escape_diffが有利(+14.8pt) / [2着]2号艇のclass_rank_2to6が有利(+10.8pt)、2号艇のsession_exh_rel_avgが有利(+8.4pt) / [候補2]4号艇のwin_rate_rank_2to6が有利(+13.5pt)、6号艇のracer_avgfin_teが有利(+5.2pt) / [除外]6号艇の直近平均着順が不利(-13.3pt)、6号艇のvs_avg456_diffが不利(-13.2pt)、天気+7.4pt
50,19,下関,12,20:30,0.6955220112384043,2,0.34829747700612534,4,0.3139870240976086,0.4606334482196922,0.19691314031523552,0.4653713607884984,0.3517877136318822,0.4620548219903341,1-2,1-4,0.24224856171656217,0.13695742339132272,0.21838488650313004,0.0866952741797177,0.011235863504405611,False,False,False,False,ドリーム戦,2026-09-24,1号艇のdominance,0.1478,race_no,0.1138,場特性:in_escape_diff,0.087,レース時間帯,0.0766,1号艇の級別順位,0.0755,2号艇の全国勝率,0.0734,2号艇のsession_exh_rel_avg,0.0587,場特性:in_escape_diff,0.0361,1号艇の女子戦2連率,0.034,2号艇の当地勝率,-0.03,4号艇のwin_rate_rank_2to6,0.1688,4号艇のracer_win_te,0.1614,4号艇のracer_avgfin_te,0.1092,4号艇のモーター2連率,0.0947,4号艇の直近複勝率,0.0635,0.1433,北 1.2m/s,[逃げ]1号艇のdominanceが有利(+14.8pt)、race_noが有利(+11.4pt) / [2着]2号艇の全国勝率が有利(+7.3pt)、2号艇のsession_exh_rel_avgが有利(+5.9pt) / [候補2]4号艇のwin_rate_rank_2to6が有利(+16.9pt)、4号艇のracer_win_teが有利(+16.1pt) / [除外]6号艇のrecent_race_countが不利(-17.3pt)、4号艇のracer_avgfin_teが不利(-7.9pt)、天気+14.3pt
51,22,福岡,1,11:46,0.5336952388201015,2,0.6252711813598266,3,0.15774151521357266,0.417890148096912,0.13501477842681892,0.6479979181465803,0.35018453319444587,0.48692247911181247,1-2,1-3,0.33370425246315966,0.08418589563375234,0.07205674441674421,0.04214802324324702,0.0016003315750497838,True,True,False,False,カタメン１予,2026-09-24,3号艇の平均ST,-0.3713,1号艇のdominance,0.1702,ST差分(4-3),-0.0911,ST差分(3-2),-0.091,1号艇の勝率順位,0.0856,2号艇のwin_rate_rank_2to6,0.1693,2号艇のsession_exh_rel_avg,0.1625,3号艇のracer_2nd_te,0.0773,2号艇の全国勝率,0.0599,ST差分(4-3),-0.0571,3号艇のwin_rate_rank_2to6,-0.1192,3号艇のsession_exh_rel_avg,-0.1174,3号艇の平均ST,0.1151,3号艇の全国勝率,-0.078,3号艇のracer_avgfin_te,-0.0723,0.0688,北 3.3m/s,[逃げ]3号艇の平均STが不利(-37.1pt)、1号艇のdominanceが有利(+17.0pt) / [2着]2号艇のwin_rate_rank_2to6が有利(+16.9pt)、2号艇のsession_exh_rel_avgが有利(+16.2pt) / [候補2]3号艇のwin_rate_rank_2to6が不利(-11.9pt)、3号艇のsession_exh_rel_avgが不利(-11.7pt) / [除外]6号艇の直近平均着順が不利(-24.7pt)、6号艇の全国勝率が不利(-15.9pt)、天気+6.9pt
52,21,芦屋,11,13:51,0.6343961697797144,2,0.3955374992924927,4,0.3224837758110435,0.45550994674602996,0.19732265766741736,0.5206986174361188,0.3476510268029855,0.4750665479530566,1-2,1-4,0.2509274745554039,0.12518073823496337,0.20458247219062609,0.030448125390266385,0.023257348773560105,True,True,False,False,予選特選,2026-09-24,1号艇の級別順位,0.0743,1号艇のdominance,0.072,1号艇の節間得点,-0.0699,1号艇の一般戦勝率,0.0697,レース時間帯,0.0696,2号艇のwin_rate_rank_2to6,0.0674,2号艇の全国勝率,0.056,4号艇の女子戦比率,0.0545,2号艇のモーター2連率,-0.0475,6号艇の女子戦2連率,0.0466,4号艇のwin_rate_rank_2to6,0.1748,1号艇のモーター出走数,0.0791,4号艇のcumulative_diff_rank_2to6,0.07,1号艇の一般戦2連率,0.0684,4号艇のsession_exh_rel_avg,0.0664,0.1472,北東 2.8m/s,[逃げ]1号艇の級別順位が有利(+7.4pt)、1号艇のdominanceが有利(+7.2pt) / [2着]2号艇のwin_rate_rank_2to6が有利(+6.7pt)、2号艇の全国勝率が有利(+5.6pt) / [候補2]4号艇のwin_rate_rank_2to6が有利(+17.5pt)、1号艇のモーター出走数が有利(+7.9pt) / [除外]5号艇のwin_rate_rank_2to6が不利(-5.1pt)、天気+14.7pt
53,11,琵琶湖,12,16:11,0.6898502833510395,2,0.44870572918786233,3,0.16394221101752735,0.4226353551451188,0.15496474730615012,0.4576831928992396,0.3440430579298688,0.43314970647135503,1-2,1-3,0.3095397744214816,0.11309558072363715,0.08575403520185776,0.07455841559560046,0.10690247483856989,True,False,False,False,予選特選,2026-09-24,1号艇のsession_exh_rel_avg,-0.245,race_no,0.1086,場特性:in_escape_diff,-0.1009,風速区分,0.0901,1号艇の級別順位,0.0836,2号艇のclass_rank_2to6,0.098,2号艇のsession_exh_rel_avg,0.0976,3号艇の女子戦2連率,-0.0613,2号艇の節間得点,0.0581,2号艇の全国勝率,0.0545,3号艇のsession_exh_rel_avg,-0.1477,3号艇のwin_rate_rank_2to6,-0.1316,3号艇の当地勝率,-0.0556,1号艇のsession_exh_rel_avg,0.054,3号艇のcumulative_diff_rank_2to6,-0.0534,0.0568,北 0.8m/s,[逃げ]1号艇のsession_exh_rel_avgが不利(-24.5pt)、race_noが有利(+10.9pt) / [2着]2号艇のclass_rank_2to6が有利(+9.8pt)、2号艇のsession_exh_rel_avgが有利(+9.8pt) / [候補2]3号艇のsession_exh_rel_avgが不利(-14.8pt)、3号艇のwin_rate_rank_2to6が不利(-13.2pt) / [除外]5号艇のsession_exh_rel_avgが不利(-5.6pt)、天気+5.7pt
54,01,桐生,8,18:45,0.5804400946597954,2,0.48693537262004577,3,0.23887173829864694,0.42128754816639863,0.15295927269514606,0.5728478382235467,0.3439597438107343,0.466755635183543,1-2,1-3,0.2826368137767821,0.1386507343896165,0.08878369472226404,0.05595158841903656,0.014417263892673187,True,False,False,False,準優勝戦,2026-09-24,5号艇の節間得点,-0.1505,1号艇のdominance,0.1355,3号艇のracer_win_te,-0.1328,1号艇のsession_exh_rel_avg,0.1219,1号艇の節間得点,0.1064,2号艇のsession_exh_rel_avg,0.0972,2号艇のモーター2連率,0.0731,2号艇の節間得点,0.0631,3号艇のモーター出走数,0.0594,2号艇のclass_rank_2to6,-0.0582,3号艇のwin_rate_rank_2to6,0.1776,6号艇のモーター出走数,0.0943,5号艇の節間得点,-0.0804,4号艇のモーター出走数,-0.0801,3号艇のracer_avgfin_te,0.08,0.0081,北 1.6m/s,[逃げ]5号艇の節間得点が不利(-15.0pt)、1号艇のdominanceが有利(+13.6pt) / [2着]2号艇のsession_exh_rel_avgが有利(+9.7pt)、2号艇のモーター2連率が有利(+7.3pt) / [候補2]3号艇のwin_rate_rank_2to6が有利(+17.8pt)、6号艇のモーター出走数が有利(+9.4pt) / [除外]3号艇のracer_avgfin_teが不利(-8.9pt)、6号艇のwin_rate_rank_2to6が不利(-5.2pt)、天気+0.8pt
55,13,尼崎,11,15:34,0.6888224194069424,3,0.3227012485463048,2,0.28578616816307956,0.41913977455643847,0.1582527452295806,0.4502346714798037,0.3395437506062818,0.42846824363344804,1-3,1-2,0.19685591978713177,0.22228385476930673,0.10900803884683018,0.09406543753771301,0.06660915563564333,True,False,False,False,予選特選,2026-09-24,1号艇の級別順位,0.0844,1号艇のモーター2連率,0.0808,1号艇のdominance,0.0725,1号艇のモーター2連率順位,0.0718,場特性:in_escape_diff,0.0713,3号艇のwin_rate_rank_2to6,0.1767,3号艇のracer_2nd_te,0.0408,5号艇の一般戦2連率,-0.0386,3号艇のracer_avgfin_te,0.0319,3号艇の全国勝率,0.0316,2号艇のwin_rate_rank_2to6,-0.1449,2号艇のsession_exh_rel_avg,0.0724,2号艇の全国勝率,0.0375,avg_entry_count,-0.0319,1号艇の女子戦2連率,0.0289,0.1195,北 2.6m/s,[逃げ]1号艇の級別順位が有利(+8.4pt)、1号艇のモーター2連率が有利(+8.1pt) / [2着]3号艇のwin_rate_rank_2to6が有利(+17.7pt)、3号艇のracer_2nd_teが有利(+4.1pt) / [候補2]2号艇のwin_rate_rank_2to6が不利(-14.5pt)、2号艇のsession_exh_rel_avgが有利(+7.2pt)、天気+11.9pt
56,20,若松,6,17:23,0.6463924894184012,2,0.43106048356913934,3,0.21055329218003532,0.4147343257516488,0.15297696652321843,0.4886368092259562,0.33860056687180135,0.43690507079394103,1-2,1-3,0.2786342590641558,0.13610006668749303,0.08514001939678663,0.09888316221461858,0.04763496038335013,True,False,False,False,予選,2026-09-24,1号艇のracer_win_te,0.0987,1号艇の年齢,0.0813,1号艇のdominance,-0.0767,1号艇のsession_exh_rel_avg,-0.0727,6号艇の女子戦勝率,0.0712,2号艇のsession_exh_rel_avg,0.0699,2号艇のracer_avgfin_te,0.0562,2号艇のwin_rate_rank_2to6,0.0509,2号艇の全国勝率,0.0455,2号艇の一般戦勝率,-0.0412,3号艇のwin_rate_rank_2to6,-0.1088,3号艇のcumulative_diff_rank_2to6,-0.0595,6号艇のracer_2nd_te,-0.0464,6号艇の直近1着率,0.045,3号艇の当地勝率,-0.0411,0.0873,北西 3.1m/s,[逃げ]1号艇のracer_win_teが有利(+9.9pt)、1号艇の年齢が有利(+8.1pt) / [2着]2号艇のsession_exh_rel_avgが有利(+7.0pt)、2号艇のracer_avgfin_teが有利(+5.6pt) / [候補2]3号艇のwin_rate_rank_2to6が不利(-10.9pt)、3号艇のcumulative_diff_rank_2to6が不利(-5.9pt) / [除外]6号艇のsession_exh_rel_avgが不利(-9.4pt)、天気+8.7pt
57,06,浜名湖,6,13:48,0.4334461516497362,3,0.5117100276816103,2,0.34082049408587134,0.3695260738240566,0.07220847372521007,0.7803220480422716,0.3375065772730513,0.4927648660895211,1-3,1-2,0.1477273315648826,0.22179874225917398,0.03129848505269339,0.017608016105474116,0.015013574245443015,True,True,False,False,一般,2026-09-24,1号艇のdominance,-0.1366,1号艇のsession_rank_diff_delta,0.0931,1号艇の年齢,-0.0775,1号艇の級別順位,-0.0764,1号艇の全国勝率,-0.0733,3号艇の当地勝率,0.1565,3号艇のsession_exh_rel_avg,0.097,std_234_全国勝率,0.0859,5号艇のsession_rank_diff_delta,0.082,1号艇vs2号艇のplace_rate差,0.0605,2号艇のwin_rate_rank_2to6,0.2205,2号艇のsession_exh_rel_avg,-0.0908,1号艇の年齢,0.0835,2号艇の全国勝率,0.0547,1号艇のsession_rank_diff_delta,0.0443,-0.0346,西 3.1m/s,[逃げ]1号艇のdominanceが不利(-13.7pt)、1号艇のsession_rank_diff_deltaが有利(+9.3pt) / [2着]3号艇の当地勝率が有利(+15.6pt)、3号艇のsession_exh_rel_avgが有利(+9.7pt) / [候補2]2号艇のwin_rate_rank_2to6が有利(+22.1pt)、2号艇のsession_exh_rel_avgが不利(-9.1pt)、天気-3.5pt
58,11,琵琶湖,4,11:56,0.5272352500457553,2,0.39923192882421016,3,0.37715793667188546,0.40934010486782435,0.14704266356755313,0.6293472019285425,0.33711155367808066,0.47534223398603975,1-2,1-3,0.21048914581988165,0.1988509590479427,0.07752607549343275,0.035708360826012066,0.004660711804642747,True,True,False,False,予選,2026-09-24,3号艇のsession_exh_rel_avg,-0.184,1号艇のsession_exh_rel_avg,-0.0979,1号艇の節間得点,0.0959,風速区分,0.0942,1号艇のracer_win_te,0.0818,2号艇のwin_rate_rank_2to6,0.1898,2号艇のsession_exh_rel_avg,-0.1389,2号艇の当地勝率,0.0996,2号艇のclass_rank_2to6,0.0981,2号艇のracer_avgfin_te,0.0728,3号艇のsession_exh_rel_avg,0.1491,3号艇のsession_exh_rel_last,0.0579,3号艇のwin_rate_rank_2to6,-0.0561,3号艇の節間得点,0.0535,3号艇のcumulative_diff_rank_2to6,0.0491,0.1344,北東 1.5m/s,[逃げ]3号艇のsession_exh_rel_avgが不利(-18.4pt)、1号艇のsession_exh_rel_avgが不利(-9.8pt) / [2着]2号艇のwin_rate_rank_2to6が有利(+19.0pt)、2号艇のsession_exh_rel_avgが不利(-13.9pt) / [候補2]3号艇のsession_exh_rel_avgが有利(+14.9pt)、3号艇のsession_exh_rel_lastが有利(+5.8pt) / [除外]6号艇のwin_rate_rank_2to6が不利(-6.9pt)、1号艇vs6号艇のcumulative差が不利(-6.0pt)、天気+13.4pt
59,02,戸田,10,15:21,0.7198521195503929,2,0.34187552561603174,5,0.26727448646367574,0.43849792731972487,0.19349305880453488,0.41565695327517266,0.33668236103587423,0.43164563510635917,1-2,1-5,0.24609982173710507,0.13928638849873323,0.08252261229522576,0.19239810558261977,0.059545180710076535,True,False,False,False,選抜戦,2026-09-24,場特性:in_escape_diff,-0.1615,1号艇の節間得点,0.1307,5号艇の節間得点,-0.1026,1号艇のracer_win_te,0.0956,1号艇のsession_exh_rel_avg,0.0937,2号艇のwin_rate_rank_2to6,-0.1298,レース時間帯,-0.0927,2号艇のsession_exh_rel_avg,-0.0736,2号艇のclass_rank_2to6,0.0698,2号艇の全国勝率,0.0584,5号艇のwin_rate_rank_2to6,0.2486,5号艇のclass_rank_2to6,0.1849,5号艇のsession_exh_rel_avg,0.1282,5号艇の節間得点,0.0835,5号艇のracer_avgfin_te,0.0607,0.0374,南 0.6m/s,[逃げ]場特性:in_escape_diffが不利(-16.2pt)、1号艇の節間得点が有利(+13.1pt) / [2着]2号艇のwin_rate_rank_2to6が不利(-13.0pt)、レース時間帯が不利(-9.3pt) / [候補2]5号艇のwin_rate_rank_2to6が有利(+24.9pt)、5号艇のclass_rank_2to6が有利(+18.5pt) / [除外]5号艇の節間得点が不利(-6.6pt)、4号艇のwin_rate_rank_2to6が不利(-5.1pt)、天気+3.7pt
60,09,津,9,14:27,0.5529248308229302,3,0.5368513829527326,2,0.1873742853300322,0.4004423551128713,0.13381358323222903,0.5904120850505358,0.3361408034141441,0.45743327409417056,1-3,1-2,0.10360389501667551,0.2968384600961958,0.056219348989059836,0.07398885287049033,0.022274274880411483,True,True,False,False,予選特賞,2026-09-24,1号艇の体重,-0.099,1号艇のsession_exh_rel_avg,0.0975,2号艇の平均ST,-0.0619,1号艇のdominance,-0.054,場特性:in_escape_diff,0.0534,3号艇のwin_rate_rank_2to6,0.1903,3号艇の当地勝率,0.0658,3号艇のsession_exh_rel_avg,-0.0562,2号艇のvs_boat3_diff,0.0544,3号艇のclass_rank_2to6,0.0523,2号艇のwin_rate_rank_2to6,-0.1595,2号艇のclass_rank_2to6,-0.062,2号艇の直近平均着順,-0.0605,2号艇の体重,-0.0532,2号艇のsession_avg_finish,0.0525,0.018,北西 3.0m/s,[逃げ]1号艇の体重が不利(-9.9pt)、1号艇のsession_exh_rel_avgが有利(+9.8pt) / [2着]3号艇のwin_rate_rank_2to6が有利(+19.0pt)、3号艇の当地勝率が有利(+6.6pt) / [候補2]2号艇のwin_rate_rank_2to6が不利(-15.9pt)、2号艇のclass_rank_2to6が不利(-6.2pt)、天気+1.8pt
61,13,尼崎,7,13:24,0.44646622727986407,2,0.487423295413489,3,0.3415607044103335,0.3701133588767135,0.0772608175194294,0.7517231823043931,0.33579904605870126,0.48459630590501734,1-2,1-3,0.2176180397915791,0.15249531908513442,0.03449434571445767,0.02392098972970889,0.0179375412750655,True,True,False,False,予選,2026-09-24,1号艇のdominance,-0.2189,1号艇の全国勝率,-0.0803,1号艇の級別順位,-0.0794,1号艇のvs_max234_diff,-0.0742,風速区分,0.0672,2号艇のwin_rate_rank_2to6,0.2235,2号艇のclass_rank_2to6,0.0915,2号艇の当地勝率,0.082,2号艇の全国勝率,0.0567,2号艇のモーター2連率,-0.0392,3号艇のwin_rate_rank_2to6,0.0622,1号艇vs2号艇のplace_rate差,0.0502,3号艇のcumulative_diff_rank_2to6,0.0394,3号艇のモーター2連率,-0.0345,場特性:1x_diff_course3,-0.0336,0.0725,北西 1.1m/s,[逃げ]1号艇のdominanceが不利(-21.9pt)、1号艇の全国勝率が不利(-8.0pt) / [2着]2号艇のwin_rate_rank_2to6が有利(+22.3pt)、2号艇のclass_rank_2to6が有利(+9.2pt) / [候補2]3号艇のwin_rate_rank_2to6が有利(+6.2pt)、1号艇vs2号艇のplace_rate差が有利(+5.0pt) / [除外]4号艇のwin_rate_rank_2to6が不利(-6.1pt)、天気+7.2pt
62,22,福岡,5,13:45,0.4851934817073572,3,0.564598467618354,2,0.2410900488573268,0.390914816480471,0.11890303671685962,0.6867854797588211,0.33513766594790073,0.479676015463976,1-3,1-2,0.11697532021008325,0.2739394962703877,0.05769097837023085,0.034005574629190176,0.0025821132441764057,True,True,False,False,予選,2026-09-24,1号艇の女子戦比率,-0.2889,1号艇の体重,-0.1161,1号艇のsession_exh_rel_avg,0.0944,5号艇の枠別出走数,-0.0763,5号艇の枠別平均ST,0.063,3号艇のwin_rate_rank_2to6,0.1455,3号艇のsession_exh_rel_avg,0.0938,5号艇の直近平均着順,0.0431,3号艇の全国勝率,0.0409,3号艇の節間得点,0.0377,5号艇のsession_avg_finish,-0.0737,2号艇の全国勝率,0.0632,場特性:1x_diff_course2,0.0515,2号艇のcumulative_diff_rank_2to6,-0.0401,2号艇のモーター2連率,-0.0371,0.053,北 3.9m/s,[逃げ]1号艇の女子戦比率が不利(-28.9pt)、1号艇の体重が不利(-11.6pt) / [2着]3号艇のwin_rate_rank_2to6が有利(+14.6pt)、3号艇のsession_exh_rel_avgが有利(+9.4pt) / [候補2]5号艇のsession_avg_finishが不利(-7.4pt)、2号艇の全国勝率が有利(+6.3pt) / [除外]5号艇の直近平均着順が不利(-31.0pt)、ST差分(6-5)が不利(-9.2pt)、天気+5.3pt
63,20,若松,5,16:54,0.7362160337748571,4,0.31410408422026836,2,0.27216384181493714,0.43161984723505026,0.1922590310925345,0.394008894942671,0.33204047087938804,0.42033656154733645,1-4,1-2,0.20037138415792063,0.14154418132834268,0.23124846307712965,0.14104298793451828,0.02200902139087352,True,False,False,False,予選,2026-09-24,1号艇のsession_exh_rel_avg,0.1528,1号艇のracer_win_te,0.0981,1号艇の級別順位,0.0801,1号艇のモーター2連率,0.0679,1号艇のモーター2連率順位,0.0665,4号艇のwin_rate_rank_2to6,0.1905,4号艇のsession_exh_rel_avg,-0.1128,4号艇の全国勝率,0.096,4号艇のclass_rank_2to6,-0.0788,4号艇の節間得点,0.0556,2号艇のsession_exh_rel_avg,-0.1131,2号艇のclass_rank_2to6,-0.0658,2号艇のwin_rate_rank_2to6,0.0598,2号艇の全国勝率,0.0553,3号艇の女子戦2連率,-0.0305,0.0457,北西 3.0m/s,[逃げ]1号艇のsession_exh_rel_avgが有利(+15.3pt)、1号艇のracer_win_teが有利(+9.8pt) / [2着]4号艇のwin_rate_rank_2to6が有利(+19.1pt)、4号艇のsession_exh_rel_avgが不利(-11.3pt) / [候補2]2号艇のsession_exh_rel_avgが不利(-11.3pt)、2号艇のclass_rank_2to6が不利(-6.6pt) / [除外]6号艇のwin_rate_rank_2to6が不利(-6.7pt)、6号艇の女子戦比率が不利(-5.4pt)、天気+4.6pt
64,21,芦屋,12,14:27,0.7055647641205378,2,0.4057660180277973,4,0.23920894505416535,0.4550716076905776,0.22695746649646498,0.4180174965854977,0.3311333287034655,0.4439553743590536,1-2,1-4,0.28629420479791273,0.16013319131397316,0.16877740289266485,0.06658171493774721,0.02377824360715593,True,True,False,False,ドリームレー,2026-09-24,race_no,0.1317,1号艇の当地勝率,0.1207,1号艇のracer_win_te,0.0942,3号艇のracer_win_te,-0.0894,1号艇の級別順位,0.0857,2号艇の当地勝率,0.2433,2号艇のwin_rate_rank_2to6,0.155,2号艇の全国勝率,0.0711,2号艇の体重,-0.0615,2号艇のモーター2連率,0.0575,6号艇の女子戦勝率,0.1313,4号艇の全国勝率,0.1199,2号艇のracer_avgfin_te,-0.108,6号艇のモーター出走数,0.0926,4号艇のwin_rate_rank_2to6,0.0902,0.1426,北東 2.5m/s,[逃げ]race_noが有利(+13.2pt)、1号艇の当地勝率が有利(+12.1pt) / [2着]2号艇の当地勝率が有利(+24.3pt)、2号艇のwin_rate_rank_2to6が有利(+15.5pt) / [候補2]6号艇の女子戦勝率が有利(+13.1pt)、4号艇の全国勝率が有利(+12.0pt) / [除外]6号艇のwin_rate_rank_2to6が不利(-5.7pt)、天気+14.3pt
65,13,尼崎,5,12:22,0.7465875075194398,2,0.33058152407172464,3,0.25674168733862235,0.43848817251516403,0.20894729203110007,0.37837591937924697,0.32854307303351277,0.42045449657438894,1-2,1-3,0.2468080360886866,0.19168013642647738,0.14972522798870913,0.15599743796043553,0.002376678615695947,True,True,False,False,予選,2026-09-24,1号艇のdominance,0.1668,2号艇の枠別出走数,-0.0947,1号艇の級別順位,0.0806,場特性:in_escape_diff,0.0736,1号艇の勝率順位,0.0719,2号艇の枠別出走数,-0.2183,2号艇のsession_exh_rel_avg,0.0418,4号艇の女子戦比率,0.0278,3号艇の女子戦2連率,-0.0255,2号艇のcumulative_diff_rank_2to6,0.023,3号艇のwin_rate_rank_2to6,-0.0998,3号艇の当地勝率,-0.052,3号艇のcumulative_diff_rank_2to6,0.05,6号艇の直近平均着順,-0.0422,3号艇の女子戦勝率,-0.0397,0.029,南西 2.6m/s,[逃げ]1号艇のdominanceが有利(+16.7pt)、2号艇の枠別出走数が不利(-9.5pt) / [2着]2号艇の枠別出走数が不利(-21.8pt)、2号艇のsession_exh_rel_avgが有利(+4.2pt) / [候補2]3号艇のwin_rate_rank_2to6が不利(-10.0pt)、3号艇の当地勝率が不利(-5.2pt) / [除外]6号艇の全国勝率が不利(-16.9pt)、6号艇の直近平均着順が不利(-14.6pt)、天気+2.9pt
66,08,常滑,6,13:06,0.8204918064269258,4,0.30331275303994676,2,0.2577646672714706,0.46035942613667435,0.23899800301183816,0.32207941729957923,0.3283294459194652,0.4188754234855458,1-4,1-2,0.2114937974826044,0.19609590322361092,0.24886562865406994,0.08271985515516748,0.08131664025089397,True,True,False,False,昼トコ小判Ｒ,2026-09-24,1号艇のdominance,0.218,1号艇のracer_win_te,0.1203,場特性:in_escape_diff,0.0931,風速区分,0.0928,1号艇の勝率順位,0.0897,4号艇のwin_rate_rank_2to6,0.1687,4号艇のclass_rank_2to6,0.0987,4号艇の年齢,-0.0585,1号艇の枠別出走数,-0.0563,4号艇の全国勝率,0.055,2号艇のwin_rate_rank_2to6,-0.2021,2号艇の全国勝率,-0.0999,3号艇のracer_2nd_te,0.0627,2号艇のclass_rank_2to6,-0.0612,1号艇vs2号艇のplace_rate差,-0.055,0.0897,西 2.7m/s,[逃げ]1号艇のdominanceが有利(+21.8pt)、1号艇のracer_win_teが有利(+12.0pt) / [2着]4号艇のwin_rate_rank_2to6が有利(+16.9pt)、4号艇のclass_rank_2to6が有利(+9.9pt) / [候補2]2号艇のwin_rate_rank_2to6が不利(-20.2pt)、2号艇の全国勝率が不利(-10.0pt)、天気+9.0pt
67,08,常滑,10,15:12,0.5452713494552065,4,0.5590012479964854,2,0.16652567869993692,0.39560904638584693,0.14776387638302935,0.577763050313393,0.32546097491444725,0.4502552475641107,1-4,1-2,0.09080168154365874,0.08057140827610673,0.3048073648421882,0.06245414661240864,0.0066367563060204735,True,False,False,False,予選特賞,2026-09-24,1号艇のdominance,-0.1671,1号艇の節間得点,0.092,場特性:in_escape_diff,0.0824,1号艇の年齢,-0.0792,ST差分(4-3),-0.075,4号艇のclass_rank_2to6,0.254,4号艇のwin_rate_rank_2to6,0.2416,4号艇の全国勝率,0.086,4号艇のsession_exh_rel_avg,-0.0751,5号艇の一般戦2連率,-0.0641,2号艇のwin_rate_rank_2to6,-0.1427,2号艇のsession_exh_rel_avg,0.0886,2号艇のclass_rank_2to6,-0.0683,2号艇の全国勝率,-0.0592,1号艇vs2号艇のcumulative差,-0.0475,0.0466,西 2.7m/s,[逃げ]1号艇のdominanceが不利(-16.7pt)、1号艇の節間得点が有利(+9.2pt) / [2着]4号艇のclass_rank_2to6が有利(+25.4pt)、4号艇のwin_rate_rank_2to6が有利(+24.2pt) / [候補2]2号艇のwin_rate_rank_2to6が不利(-14.3pt)、2号艇のsession_exh_rel_avgが有利(+8.9pt) / [除外]6号艇のwin_rate_rank_2to6が不利(-7.3pt)、1号艇vs6号艇のcumulative差が不利(-5.9pt)、天気+4.7pt
68,21,芦屋,3,09:40,0.5192618179355455,3,0.5729319844310921,5,0.18722659959752677,0.39472132826201073,0.15792986079703833,0.6022287232315805,0.319915386950761,0.4569735467528816,1-3,1-5,0.08200694662377776,0.2975017037891085,0.04102315110488965,0.09721962447290222,0.0015103976271703097,False,False,True,False,サンライズＸ,2026-09-24,1号艇の年齢,-0.1847,1号艇の女子戦比率,-0.1681,1号艇のdominance,-0.1414,1号艇のモーター2連率,0.0823,3号艇の女子戦2連率,0.0731,3号艇のwin_rate_rank_2to6,0.2037,4号艇のモーター出走数,-0.0948,3号艇の全国勝率,0.0929,3号艇の当地勝率,0.0864,6号艇のモーター出走数,0.0773,5号艇のclass_rank_2to6,0.1509,3号艇のracer_avgfin_te,-0.1124,5号艇のwin_rate_rank_2to6,0.1079,5号艇の性別,-0.0993,1号艇の年齢,0.086,0.0496,北 2.8m/s,[逃げ]1号艇の年齢が不利(-18.5pt)、1号艇の女子戦比率が不利(-16.8pt) / [2着]3号艇のwin_rate_rank_2to6が有利(+20.4pt)、4号艇のモーター出走数が不利(-9.5pt) / [候補2]5号艇のclass_rank_2to6が有利(+15.1pt)、3号艇のracer_avgfin_teが不利(-11.2pt) / [除外]6号艇の直近平均着順が不利(-26.8pt)、6号艇のvs_avg456_diffが不利(-14.3pt)、天気+5.0pt
69,18,徳山,12,14:20,0.8620410090010849,4,0.27822816549083,3,0.26131543009166636,0.4651087055360084,0.2601466194180745,0.27939697616442183,0.3199129566474774,0.4093951867245324,1-4,1-3,0.22425705429137816,0.22526461702377254,0.23984408851223596,0.09003954219726386,0.08263571018778745,True,True,False,False,すなっち特選,2026-09-24,場特性:in_escape_diff,0.2448,1号艇のdominance,0.2205,race_no,0.1315,5号艇の枠別出走数,-0.1132,4号艇のsession_exh_rel_avg,-0.1015,4号艇のwin_rate_rank_2to6,0.1448,4号艇のsession_exh_rel_avg,0.0988,6号艇の節間得点,-0.0697,5号艇の枠別勝率,0.0451,6号艇のモーター2連率,0.0437,3号艇のwin_rate_rank_2to6,-0.111,3号艇のsession_exh_rel_avg,0.0946,4号艇の体重,0.05,3号艇の当地勝率,-0.049,3号艇の全国勝率,-0.0403,0.1416,北東 1.9m/s,[逃げ]場特性:in_escape_diffが有利(+24.5pt)、1号艇のdominanceが有利(+22.0pt) / [2着]4号艇のwin_rate_rank_2to6が有利(+14.5pt)、4号艇のsession_exh_rel_avgが有利(+9.9pt) / [候補2]3号艇のwin_rate_rank_2to6が不利(-11.1pt)、3号艇のsession_exh_rel_avgが有利(+9.5pt) / [除外]2号艇のwin_rate_rank_2to6が不利(-5.0pt)、天気+14.2pt
70,21,芦屋,10,13:16,0.5829966430559763,2,0.44062742710755054,3,0.23319942469368588,0.3928387926010977,0.15526565958562955,0.5185611922156069,0.31964554350825963,0.4305555124854505,1-2,1-3,0.25688431084209384,0.13595448175900382,0.090519358320294,0.07226618857628118,0.027372292699144714,True,True,False,False,予選特賞,2026-09-24,1号艇の女子戦比率,-0.2298,1号艇の年齢,-0.1009,1号艇の級別順位,0.0867,1号艇のdominance,0.0814,ST差分(6-5),0.0747,2号艇のwin_rate_rank_2to6,0.1829,2号艇の女子戦比率,-0.0946,2号艇のモーター2連率,0.0831,2号艇の全国勝率,0.0643,2号艇のclass_rank_2to6,0.0612,3号艇のwin_rate_rank_2to6,-0.1322,4号艇のモーター出走数,-0.1022,6号艇のモーター出走数,0.0857,3号艇のcumulative_diff_rank_2to6,0.0508,3号艇の全国勝率,-0.0447,0.0831,北東 3.4m/s,[逃げ]1号艇の女子戦比率が不利(-23.0pt)、1号艇の年齢が不利(-10.1pt) / [2着]2号艇のwin_rate_rank_2to6が有利(+18.3pt)、2号艇の女子戦比率が不利(-9.5pt) / [候補2]3号艇のwin_rate_rank_2to6が不利(-13.2pt)、4号艇のモーター出走数が不利(-10.2pt) / [除外]6号艇のwin_rate_rank_2to6が不利(-7.0pt)、天気+8.3pt
71,02,戸田,7,13:45,0.6331329701911219,2,0.45592123330973844,4,0.2113388151798689,0.4224643363900972,0.20451625199444234,0.46274379649516506,0.31878334917431084,0.43454817442161753,1-2,1-4,0.2886587646185942,0.07934311555669792,0.13380557177150296,0.12948598207759723,0.0018395265111940096,True,True,False,False,ウインウイン,2026-09-24,1号艇のdominance,0.2842,場特性:in_escape_diff,-0.1463,4号艇のモーター2連率,-0.1448,1号艇のvs_max234_diff,0.1365,1号艇の勝率順位,0.0999,2号艇のwin_rate_rank_2to6,0.2097,2号艇のsession_exh_rel_avg,0.0794,2号艇の節間得点,-0.0675,全艇平均勝率,0.067,3号艇のracer_2nd_te,0.0537,4号艇のracer_avgfin_te,-0.1387,4号艇のwin_rate_rank_2to6,0.1233,4号艇のモーター2連率,0.1112,4号艇の節間得点,-0.1025,4号艇のsession_exh_rel_avg,0.0885,-0.0145,南東 1.1m/s,[逃げ]1号艇のdominanceが有利(+28.4pt)、場特性:in_escape_diffが不利(-14.6pt) / [2着]2号艇のwin_rate_rank_2to6が有利(+21.0pt)、2号艇のsession_exh_rel_avgが有利(+7.9pt) / [候補2]4号艇のracer_avgfin_teが不利(-13.9pt)、4号艇のwin_rate_rank_2to6が有利(+12.3pt) / [除外]6号艇の直近平均着順が不利(-22.4pt)、6号艇の全国勝率が不利(-19.4pt)、天気-1.4pt
72,22,福岡,11,16:49,0.7897114442434316,4,0.29202626264740705,2,0.2655409116069862,0.44031717844316604,0.23055835506909567,0.3270088191852976,0.31849461319853983,0.4063246706658055,1-4,1-2,0.20970069681087047,0.18207457156400547,0.23061648163229553,0.14212325057558683,0.025196448073529915,True,False,False,False,予選特選,2026-09-24,1号艇のdominance,0.2042,1号艇のsession_exh_rel_avg,0.1291,1号艇の勝率順位,0.0819,風速区分,0.0817,1号艇の年齢,-0.08,4号艇のclass_rank_2to6,0.1847,4号艇のwin_rate_rank_2to6,0.1652,4号艇のsession_exh_rel_avg,-0.0774,4号艇のモーター2連率,0.0618,4号艇の年齢,-0.0582,2号艇のwin_rate_rank_2to6,-0.1409,2号艇のsession_exh_rel_avg,-0.0897,レース時間帯,-0.0534,2号艇の全国勝率,0.0487,場特性:1x_diff_course2,0.0418,0.1186,北東 1.8m/s,[逃げ]1号艇のdominanceが有利(+20.4pt)、1号艇のsession_exh_rel_avgが有利(+12.9pt) / [2着]4号艇のclass_rank_2to6が有利(+18.5pt)、4号艇のwin_rate_rank_2to6が有利(+16.5pt) / [候補2]2号艇のwin_rate_rank_2to6が不利(-14.1pt)、2号艇のsession_exh_rel_avgが不利(-9.0pt) / [除外]6号艇のwin_rate_rank_2to6が不利(-5.9pt)、天気+11.9pt
73,10,三国,11,13:36,0.7183605383632743,3,0.32948227667138896,2,0.26424042189258895,0.42650695737891514,0.21237653452087,0.38134616404310784,0.3178108739103058,0.4129587193781729,1-3,1-2,0.18981989172809893,0.23668706565081626,0.12387763357141433,0.15256292167413868,0.015413030421983782,True,True,False,False,準優勝戦,2026-09-24,1号艇のsession_exh_rel_avg,0.1592,1号艇のdominance,0.1552,風速区分,-0.1199,1号艇のracer_win_te,0.1027,3号艇の節間得点,-0.0921,3号艇の節間得点,0.1086,3号艇のcumulative_diff_rank_2to6,0.049,3号艇のwin_rate_rank_2to6,-0.0434,1号艇の直近1着率,0.0425,1号艇のracer_win_te,-0.0369,2号艇のsession_exh_rel_avg,-0.187,2号艇のwin_rate_rank_2to6,-0.1285,2号艇のclass_rank_2to6,0.0966,2号艇のsession_rank_diff_delta,-0.0832,レース時間帯,-0.0766,-0.051,北 6.5m/s,[逃げ]1号艇のsession_exh_rel_avgが有利(+15.9pt)、1号艇のdominanceが有利(+15.5pt) / [2着]3号艇の節間得点が有利(+10.9pt)、3号艇のcumulative_diff_rank_2to6が有利(+4.9pt) / [候補2]2号艇のsession_exh_rel_avgが不利(-18.7pt)、2号艇のwin_rate_rank_2to6が不利(-12.8pt) / [除外]6号艇のsession_exh_rel_avgが不利(-7.4pt)、4号艇のwin_rate_rank_2to6が不利(-5.5pt)、天気-5.1pt
74,06,浜名湖,7,14:17,0.5372740800316158,4,0.48995255998371473,2,0.1997246672356316,0.37054569777303,0.13119494418345923,0.5584822830358871,0.31220923120892563,0.4269266733518871,1-4,1-2,0.10730688684864456,0.06875913047363662,0.2632388109243854,0.07048764294096724,0.02748160484097816,True,True,False,False,一般,2026-09-24,1号艇の勝率順位,-0.08,3号艇の枠別出走数,-0.0706,1号艇のracer_win_te,0.0665,1号艇の節間得点,-0.0601,1号艇のlocal_win_rate順位,0.0597,4号艇のclass_rank_2to6,0.1734,4号艇の節間得点,0.1501,4号艇のwin_rate_rank_2to6,0.1014,4号艇のcumulative_diff_rank_2to6,0.0767,4号艇の年齢,-0.0694,2号艇のwin_rate_rank_2to6,-0.1618,3号艇のracer_2nd_te,0.1156,2号艇の全国勝率,-0.0774,3号艇のracer_avgfin_te,0.0711,2号艇のsession_avg_finish,-0.0505,-0.0273,西 2.9m/s,[逃げ]1号艇の勝率順位が不利(-8.0pt)、3号艇の枠別出走数が不利(-7.1pt) / [2着]4号艇のclass_rank_2to6が有利(+17.3pt)、4号艇の節間得点が有利(+15.0pt) / [候補2]2号艇のwin_rate_rank_2to6が不利(-16.2pt)、3号艇のracer_2nd_teが有利(+11.6pt) / [除外]3号艇のwin_rate_rank_2to6が不利(-5.6pt)、3号艇のracer_2nd_teが不利(-5.1pt)、天気-2.7pt
75,11,琵琶湖,5,12:31,0.703965934862141,3,0.2959302275220862,4,0.27366727510972866,0.40097723843534633,0.19773937263578084,0.371858129996034,0.30583045335202635,0.3922415059035526,1-3,1-4,0.1349763833050865,0.20832479927155148,0.19265243916379488,0.13920178231660071,0.028810529493868656,True,True,False,False,予選,2026-09-24,1号艇のracer_win_te,0.1155,場特性:in_escape_diff,-0.0946,風速区分,0.0795,1号艇の級別順位,0.0791,3号艇の直近平均着順,-0.0739,3号艇のモーター2連率,0.103,3号艇のwin_rate_rank_2to6,-0.0819,3号艇の全国勝率,-0.0703,3号艇の当地勝率,0.036,3号艇の年齢,-0.027,4号艇のclass_rank_2to6,0.1424,6号艇の女子戦勝率,0.1084,4号艇のsession_exh_rel_avg,-0.081,4号艇のwin_rate_rank_2to6,0.0687,4号艇の節間得点,0.0523,0.0728,北東 1.8m/s,[逃げ]1号艇のracer_win_teが有利(+11.6pt)、場特性:in_escape_diffが不利(-9.5pt) / [2着]3号艇のモーター2連率が有利(+10.3pt)、3号艇のwin_rate_rank_2to6が不利(-8.2pt) / [候補2]4号艇のclass_rank_2to6が有利(+14.2pt)、6号艇の女子戦勝率が有利(+10.8pt) / [除外]6号艇のvs_avg456_diffが不利(-7.0pt)、天気+7.3pt
76,01,桐生,11,20:08,0.47142897029143443,2,0.43829337565135373,3,0.35439980557090256,0.3736985301806497,0.1529524354200269,0.6397407458022294,0.30510880981583194,0.4535111948671236,1-2,1-3,0.20662419476887456,0.16707433541177516,0.0721062091336304,0.019424747146377434,0.006199481196462129,False,False,False,False,準優勝戦,2026-09-24,1号艇のsession_exh_rel_avg,-0.1684,1号艇のdominance,-0.1376,1号艇の節間得点,0.1251,場特性:in_escape_diff,-0.1199,3号艇のsession_exh_rel_last,-0.0862,2号艇のwin_rate_rank_2to6,0.1842,3号艇のモーター出走数,0.0774,2号艇のclass_rank_2to6,0.073,2号艇のsession_exh_rel_avg,0.069,2号艇の女子戦比率,-0.0663,5号艇のsession_exh_rel_delta,0.1244,3号艇のsession_exh_rel_avg,0.1037,4号艇のモーター出走数,-0.094,6号艇のモーター出走数,0.0793,3号艇のsession_exh_rel_delta,-0.0582,-0.0742,北 1.7m/s,[逃げ]1号艇のsession_exh_rel_avgが不利(-16.8pt)、1号艇のdominanceが不利(-13.8pt) / [2着]2号艇のwin_rate_rank_2to6が有利(+18.4pt)、3号艇のモーター出走数が有利(+7.7pt) / [候補2]5号艇のsession_exh_rel_deltaが有利(+12.4pt)、3号艇のsession_exh_rel_avgが有利(+10.4pt) / [除外]6号艇のwin_rate_rank_2to6が不利(-6.5pt)、5号艇のracer_avgfin_teが不利(-5.8pt)、天気-7.4pt
77,06,浜名湖,2,11:54,0.47678647456375206,2,0.4397325702027203,3,0.32073865770484333,0.36258239576121487,0.14377762268144825,0.6166936052261154,0.3000249138947851,0.438815758600685,1-2,1-3,0.2096585418978126,0.15292385386340226,0.06855122583944506,0.03308146638780793,0.012571395456124302,True,True,False,False,一般,2026-09-24,1号艇のdominance,-0.2099,1号艇のsession_exh_rel_avg,0.1156,1号艇の級別順位,-0.0815,1号艇vs4号艇のcumulative差,-0.0728,1号艇の全国勝率,-0.0691,2号艇のclass_rank_2to6,0.105,2号艇の一般戦勝率,-0.0737,2号艇の枠別出走数,-0.0711,2号艇のwin_rate_rank_2to6,0.0707,2号艇のsession_exh_rel_avg,-0.0568,3号艇のwin_rate_rank_2to6,0.195,3号艇のsession_exh_rel_avg,-0.0913,3号艇の節間得点,-0.0616,3号艇の当地勝率,-0.0495,3号艇の全国勝率,0.0388,-0.0085,西 2.9m/s,[逃げ]1号艇のdominanceが不利(-21.0pt)、1号艇のsession_exh_rel_avgが有利(+11.6pt) / [2着]2号艇のclass_rank_2to6が有利(+10.5pt)、2号艇の一般戦勝率が不利(-7.4pt) / [候補2]3号艇のwin_rate_rank_2to6が有利(+19.5pt)、3号艇のsession_exh_rel_avgが不利(-9.1pt) / [除外]6号艇のsession_exh_rel_avgが不利(-7.6pt)、4号艇のwin_rate_rank_2to6が不利(-6.1pt)、天気-0.8pt
78,06,浜名湖,3,12:19,0.3777534814546187,4,0.6180429469814668,2,0.2330132319628127,0.3214894345096665,0.05798568086538767,0.7930704980788917,0.2991192940083808,0.46296375358043407,1-4,1-2,0.08802155959894513,0.02190429282141666,0.23346787491072138,0.016476903210566506,0.017882845987624133,True,True,False,False,一般,2026-09-24,ST差分(4-3),-0.1137,1号艇vs3号艇のplace_rate差,0.0929,1号艇のracer_win_te,-0.0926,3号艇の枠別出走数,-0.0807,3号艇のracer_avgfin_te,-0.0785,4号艇のwin_rate_rank_2to6,0.2442,4号艇のclass_rank_2to6,0.209,4号艇のsession_exh_rel_avg,0.094,4号艇の全国勝率,0.0805,4号艇のcumulative_diff_rank_2to6,0.0496,2号艇の全国勝率,-0.1008,2号艇のsession_exh_rel_avg,0.0979,3号艇のracer_2nd_te,0.0889,2号艇のsession_exh_rel_last,0.0624,3号艇の年齢,0.0539,-0.0355,西 3.4m/s,[逃げ]ST差分(4-3)が不利(-11.4pt)、1号艇vs3号艇のplace_rate差が有利(+9.3pt) / [2着]4号艇のwin_rate_rank_2to6が有利(+24.4pt)、4号艇のclass_rank_2to6が有利(+20.9pt) / [候補2]2号艇の全国勝率が不利(-10.1pt)、2号艇のsession_exh_rel_avgが有利(+9.8pt) / [除外]3号艇のwin_rate_rank_2to6が不利(-5.9pt)、3号艇のracer_2nd_teが不利(-5.9pt)、天気-3.5pt
79,20,若松,9,18:54,0.6704674157128181,3,0.3096271734121665,4,0.3091038328599343,0.41483897879664683,0.23526400209021586,0.3834670041818849,0.29772296474698606,0.4054273864122182,1-3,1-4,0.15773684749168207,0.20759493079211985,0.20724404800452703,0.07973202584206325,0.018159554840525765,True,False,False,False,予選,2026-09-24,1号艇のracer_win_te,0.1131,1号艇のsession_exh_rel_avg,-0.1033,1号艇の節間得点,0.0851,3号艇のsession_exh_rel_avg,-0.0666,1号艇のdominance,0.0665,3号艇のsession_exh_rel_avg,0.1298,3号艇のwin_rate_rank_2to6,-0.1182,3号艇のモーター2連率,0.0646,2号艇の全国勝率,-0.0498,3号艇のsession_rank_diff_last,0.0452,4号艇の全国勝率,0.1302,4号艇のsession_exh_rel_avg,0.0885,4号艇のwin_rate_rank_2to6,-0.0723,4号艇の年齢,0.0622,4号艇の節間得点,0.061,0.1086,北 3.1m/s,[逃げ]1号艇のracer_win_teが有利(+11.3pt)、1号艇のsession_exh_rel_avgが不利(-10.3pt) / [2着]3号艇のsession_exh_rel_avgが有利(+13.0pt)、3号艇のwin_rate_rank_2to6が不利(-11.8pt) / [候補2]4号艇の全国勝率が有利(+13.0pt)、4号艇のsession_exh_rel_avgが有利(+8.9pt)、天気+10.9pt
80,01,桐生,9,19:14,0.651254120244247,2,0.36966528771626,4,0.28464292694248355,0.426120920706164,0.2525574945979523,0.40175072006079127,0.29697688215097817,0.4188098605125521,1-2,1-4,0.24074604173648936,0.1644791089554806,0.1853748789696746,0.02994927825060262,0.030704826888663737,True,False,False,False,準優勝戦,2026-09-24,1号艇のsession_exh_rel_avg,0.1487,1号艇の節間得点,0.1433,場特性:in_escape_diff,-0.1014,1号艇の級別順位,-0.0952,1号艇のracer_win_te,0.0785,2号艇のwin_rate_rank_2to6,0.1614,2号艇のclass_rank_2to6,0.0845,2号艇のsession_exh_rel_avg,-0.0653,2号艇の全国勝率,0.0504,2号艇の節間得点,0.0498,1号艇のモーター出走数,0.0998,6号艇のモーター出走数,0.0975,1号艇vs4号艇のcumulative差,-0.0957,4号艇のracer_win_te,0.0949,4号艇のsession_exh_rel_avg,-0.0934,-0.0509,北 2.1m/s,[逃げ]1号艇のsession_exh_rel_avgが有利(+14.9pt)、1号艇の節間得点が有利(+14.3pt) / [2着]2号艇のwin_rate_rank_2to6が有利(+16.1pt)、2号艇のclass_rank_2to6が有利(+8.4pt) / [候補2]1号艇のモーター出走数が有利(+10.0pt)、6号艇のモーター出走数が有利(+9.7pt) / [除外]6号艇のwin_rate_rank_2to6が不利(-5.8pt)、天気-5.1pt
81,13,尼崎,12,16:03,0.7879422302937227,4,0.2824548556708011,2,0.264282798013611,0.4307976862296526,0.26007638193401317,0.2866612717503989,0.29634932193346986,0.38755676188587646,1-4,1-2,0.20823957729511006,0.2049251644278084,0.22255810893454256,0.1086355040483882,0.04358386678193294,True,False,False,False,尼崎ドリーム,2026-09-24,1号艇のdominance,0.22,1号艇の全国勝率,0.1358,race_no,0.1222,1号艇の勝率順位,0.0751,レース時間帯,0.0737,4号艇のwin_rate_rank_2to6,-0.0991,4号艇の全国勝率,0.0948,4号艇のclass_rank_2to6,-0.0807,4号艇の年齢,0.07,3号艇の年齢,0.0518,2号艇のwin_rate_rank_2to6,-0.1368,2号艇のsession_exh_rel_avg,0.0723,2号艇の全国勝率,0.0627,2号艇のclass_rank_2to6,-0.0465,レース時間帯,-0.0414,0.1066,北 2.6m/s,[逃げ]1号艇のdominanceが有利(+22.0pt)、1号艇の全国勝率が有利(+13.6pt) / [2着]4号艇のwin_rate_rank_2to6が不利(-9.9pt)、4号艇の全国勝率が有利(+9.5pt) / [候補2]2号艇のwin_rate_rank_2to6が不利(-13.7pt)、2号艇のsession_exh_rel_avgが有利(+7.2pt)、天気+10.7pt
82,06,浜名湖,9,15:32,0.6239009803760786,3,0.3206066041055412,2,0.26900386707578494,0.367858551010031,0.16744868188772724,0.42216178929359893,0.29394163562472025,0.38414952249510137,1-3,1-2,0.16783177639353855,0.20002677461649246,0.10447139679243514,0.05997406492177258,0.09159696067920302,True,False,False,False,一般特選,2026-09-24,1号艇のdominance,0.166,1号艇のsession_exh_rel_avg,0.1248,1号艇vs4号艇のcumulative差,-0.08,1号艇の勝率順位,0.0716,2号艇の平均ST,-0.0643,3号艇の節間得点,-0.0634,3号艇のcumulative_diff_rank_2to6,-0.0465,6号艇のsession_rank_diff_delta,-0.043,1号艇の一般戦2連率,0.0406,6号艇のsession_rank_diff_last,-0.0332,2号艇のwin_rate_rank_2to6,-0.1358,2号艇の全国勝率,-0.0651,2号艇のsession_exh_rel_avg,0.0573,2号艇のclass_rank_2to6,-0.0435,2号艇のモーター2連率,-0.0354,0.0013,北西 3.6m/s,[逃げ]1号艇のdominanceが有利(+16.6pt)、1号艇のsession_exh_rel_avgが有利(+12.5pt) / [2着]3号艇の節間得点が不利(-6.3pt)、3号艇のcumulative_diff_rank_2to6が不利(-4.7pt) / [候補2]2号艇のwin_rate_rank_2to6が不利(-13.6pt)、2号艇の全国勝率が不利(-6.5pt)、天気影響ほぼなし
83,22,福岡,3,12:47,0.5104152663505321,3,0.3786592474711571,2,0.3536745027037347,0.37379432615300145,0.19229278409866596,0.5400409660762258,0.28754078416550694,0.42366831812996875,1-3,1-2,0.18052086549891874,0.1932734606540827,0.09814917261300596,0.03714324479595764,0.0013285153016272802,True,True,False,False,カタメン３予,2026-09-24,1号艇のdominance,-0.1389,3号艇のracer_win_te,-0.1282,ST差分(6-5),0.0767,6号艇の枠別出走数,-0.0757,1号艇の年齢,0.0746,3号艇のwin_rate_rank_2to6,0.183,3号艇のsession_exh_rel_avg,-0.1591,3号艇の当地勝率,0.1502,5号艇のsession_exh_rel_avg,-0.1293,3号艇の年齢,-0.0862,2号艇のsession_exh_rel_avg,-0.0616,場特性:1x_diff_course2,0.0546,2号艇のwin_rate_rank_2to6,0.0519,2号艇のclass_rank_2to6,-0.0321,2号艇のracer_avgfin_te,-0.0299,0.013,北 4.0m/s,[逃げ]1号艇のdominanceが不利(-13.9pt)、3号艇のracer_win_teが不利(-12.8pt) / [2着]3号艇のwin_rate_rank_2to6が有利(+18.3pt)、3号艇のsession_exh_rel_avgが不利(-15.9pt) / [候補2]2号艇のsession_exh_rel_avgが不利(-6.2pt)、場特性:1x_diff_course2が有利(+5.5pt) / [除外]6号艇の直近平均着順が不利(-22.7pt)、6号艇の全国勝率が不利(-12.5pt)、天気+1.3pt
84,10,三国,10,12:58,0.5737414923101782,2,0.4181893964729172,4,0.2573295232276945,0.38757323307278846,0.21662365197772804,0.4588952677228837,0.28682419808433735,0.40896984346781695,1-2,1-4,0.2399326084006643,0.12428597735538238,0.1476406246721241,0.03949468360307736,0.022387595072899655,True,True,False,False,準優勝戦,2026-09-24,1号艇のsession_exh_rel_avg,0.1215,1号艇のdominance,-0.0923,1号艇の級別順位,-0.0905,1号艇の節間得点,0.0897,1号艇のracer_win_te,-0.0835,2号艇のwin_rate_rank_2to6,-0.1096,2号艇の節間得点,0.0721,3号艇のracer_2nd_te,0.0709,2号艇のclass_rank_2to6,0.0695,2号艇のsession_exh_rel_avg,0.0478,4号艇のclass_rank_2to6,0.2274,4号艇のwin_rate_rank_2to6,0.202,4号艇の年齢,-0.0755,4号艇のsession_exh_rel_avg,-0.072,4号艇の全国勝率,0.0675,-0.0434,北 5.7m/s,[逃げ]1号艇のsession_exh_rel_avgが有利(+12.1pt)、1号艇のdominanceが不利(-9.2pt) / [2着]2号艇のwin_rate_rank_2to6が不利(-11.0pt)、2号艇の節間得点が有利(+7.2pt) / [候補2]4号艇のclass_rank_2to6が有利(+22.7pt)、4号艇のwin_rate_rank_2to6が有利(+20.2pt) / [除外]6号艇のwin_rate_rank_2to6が不利(-8.3pt)、天気-4.3pt
85,10,三国,9,12:24,0.5115439203586699,4,0.3617472931255983,2,0.36003735199024856,0.3692245470172516,0.19063034904187992,0.5311542960739669,0.2847620618899772,0.41780347173426613,1-4,1-2,0.1841749185126461,0.04415309871181012,0.18504962850460546,0.09751579608822487,0.0006504721395917797,True,True,False,False,一般,2026-09-24,1号艇のsession_exh_rel_avg,-0.171,ST差分(4-3),-0.0871,1号艇のdominance,0.0818,ST差分(6-5),0.0778,6号艇の枠別出走数,-0.0701,5号艇のsession_rank_diff_delta,0.1968,3号艇のracer_avgfin_te,0.1146,4号艇のwin_rate_rank_2to6,0.0839,4号艇のモーター2連率,-0.0776,4号艇のcumulative_diff_rank_2to6,0.0658,2号艇の全国勝率,0.0715,2号艇のsession_exh_rel_avg,-0.0636,3号艇のracer_win_te,0.0602,2号艇の節間得点,-0.058,3号艇のracer_2nd_te,0.054,-0.0534,北東 4.8m/s,[逃げ]1号艇のsession_exh_rel_avgが不利(-17.1pt)、ST差分(4-3)が不利(-8.7pt) / [2着]5号艇のsession_rank_diff_deltaが有利(+19.7pt)、3号艇のracer_avgfin_teが有利(+11.5pt) / [候補2]2号艇の全国勝率が有利(+7.2pt)、2号艇のsession_exh_rel_avgが不利(-6.4pt) / [除外]6号艇の直近平均着順が不利(-23.0pt)、6号艇の全国勝率が不利(-14.0pt)、天気-5.3pt
86,19,下関,9,19:05,0.633839431015592,2,0.3778120886632712,3,0.26169406959483993,0.40534421948128835,0.25270506346425287,0.3868010947938583,0.28242517543062395,0.3997812820750593,1-2,1-3,0.23947219930914024,0.16587202017214808,0.1601744336409411,0.06309335016612225,0.005227430088476267,True,False,False,False,予選,2026-09-24,1号艇のdominance,0.1696,1号艇の女子戦比率,-0.1511,1号艇の級別順位,0.076,1号艇のvs_max234_diff,0.0747,1号艇の年齢,-0.0732,2号艇の全国勝率,-0.0712,2号艇のwin_rate_rank_2to6,0.0692,2号艇の体重,-0.0573,4号艇の女子戦比率,0.0532,2号艇の直近平均着順,-0.0527,3号艇のwin_rate_rank_2to6,-0.0968,3号艇の全国勝率,-0.0882,3号艇の当地勝率,-0.0574,3号艇のracer_2nd_te,-0.0492,3号艇のcumulative_diff_rank_2to6,0.0438,0.088,北 2.8m/s,[逃げ]1号艇のdominanceが有利(+17.0pt)、1号艇の女子戦比率が不利(-15.1pt) / [2着]2号艇の全国勝率が不利(-7.1pt)、2号艇のwin_rate_rank_2to6が有利(+6.9pt) / [候補2]3号艇のwin_rate_rank_2to6が不利(-9.7pt)、3号艇の全国勝率が不利(-8.8pt) / [除外]6号艇の全国勝率が不利(-18.9pt)、6号艇の直近平均着順が不利(-11.0pt)、天気+8.8pt
87,22,福岡,9,15:45,0.5530248886480957,2,0.3918511724896996,3,0.2729522228628963,0.36765282368774527,0.19584199647904965,0.46896139887354615,0.2812505880851436,0.39804539624348545,1-2,1-3,0.21670345103274186,0.1509493726550034,0.07045623177213575,0.1083054982954472,0.0066103294847996,True,False,False,False,予選特賞,2026-09-24,1号艇の勝率順位,-0.0806,1号艇の節間得点,-0.0641,1号艇のvs_max234_diff,0.0588,風向(度),-0.0585,1号艇のracer_win_te,0.054,2号艇のsession_exh_rel_avg,0.0856,2号艇の全国勝率,0.0582,場特性:1x_diff_course2,0.0421,2号艇のwin_rate_rank_2to6,-0.0365,2号艇のclass_rank_2to6,0.0358,3号艇の節間得点,-0.0917,場特性:1x_diff_course3,0.0638,3号艇のsession_exh_rel_avg,-0.0632,3号艇のwin_rate_rank_2to6,0.0574,風向(度),0.0566,0.0048,北 3.2m/s,[逃げ]1号艇の勝率順位が不利(-8.1pt)、1号艇の節間得点が不利(-6.4pt) / [2着]2号艇のsession_exh_rel_avgが有利(+8.6pt)、2号艇の全国勝率が有利(+5.8pt) / [候補2]3号艇の節間得点が不利(-9.2pt)、場特性:1x_diff_course3が有利(+6.4pt) / [除外]6号艇のwin_rate_rank_2to6が不利(-6.8pt)、1号艇vs6号艇の枠別平均ST差が不利(-5.4pt)、天気+0.5pt
88,21,芦屋,5,10:35,0.6062799672159018,3,0.3781687975108527,2,0.22323102170304404,0.3646166626766506,0.19285035534528244,0.4085494638686143,0.28023691912224696,0.37779650303423973,1-3,1-2,0.13534049651969382,0.22927616615695678,0.08977928759270512,0.03496271434737098,0.11692130711631285,False,False,True,False,サンライズＺ,2026-09-24,1号艇のdominance,0.2055,1号艇の女子戦比率,-0.1648,1号艇の年齢,-0.1436,1号艇の級別順位,0.079,1号艇の勝率順位,0.0783,4号艇の女子戦比率,-0.1307,4号艇のモーター出走数,-0.1049,6号艇のモーター出走数,0.0898,3号艇のwin_rate_rank_2to6,-0.0608,3号艇のracer_avgfin_te,0.0468,2号艇のwin_rate_rank_2to6,-0.1388,2号艇の直近平均着順,-0.0554,2号艇のsession_exh_rel_avg,0.0528,2号艇の全国勝率,-0.051,2号艇のモーター2連率,-0.0468,0.0519,北 3.2m/s,[逃げ]1号艇のdominanceが有利(+20.6pt)、1号艇の女子戦比率が不利(-16.5pt) / [2着]4号艇の女子戦比率が不利(-13.1pt)、4号艇のモーター出走数が不利(-10.5pt) / [候補2]2号艇のwin_rate_rank_2to6が不利(-13.9pt)、2号艇の直近平均着順が不利(-5.5pt)、天気+5.2pt
89,08,常滑,9,14:41,0.630854830834731,3,0.3599363042299796,4,0.2738583805357632,0.3998324386418443,0.25553465309342577,0.378260031672317,0.27722718643723376,0.39336071655098614,1-3,1-4,0.16120527034966478,0.22706755631628206,0.1727648823255623,0.06631814052604333,0.003498976323179062,True,True,False,False,予選特賞,2026-09-24,場特性:in_escape_diff,0.0978,1号艇のsession_exh_rel_avg,0.093,6号艇のモーター出走数,-0.0863,1号艇の勝率順位,-0.0772,1号艇のモーター2連率順位,-0.0767,3号艇のwin_rate_rank_2to6,0.09,2号艇のvs_boat3_diff,0.0549,3号艇のcumulative_diff_rank_2to6,-0.0529,3号艇のclass_rank_2to6,0.0467,3号艇の全国勝率,0.0447,4号艇のwin_rate_rank_2to6,0.1839,4号艇のclass_rank_2to6,0.134,4号艇の全国勝率,0.0968,4号艇の年齢,-0.0705,4号艇のsession_exh_rel_avg,-0.0654,0.0647,西 2.7m/s,[逃げ]場特性:in_escape_diffが有利(+9.8pt)、1号艇のsession_exh_rel_avgが有利(+9.3pt) / [2着]3号艇のwin_rate_rank_2to6が有利(+9.0pt)、2号艇のvs_boat3_diffが有利(+5.5pt) / [候補2]4号艇のwin_rate_rank_2to6が有利(+18.4pt)、4号艇のclass_rank_2to6が有利(+13.4pt) / [除外]6号艇のwin_rate_rank_2to6が不利(-8.9pt)、6号艇の直近平均着順が不利(-8.1pt)、天気+6.5pt
90,20,若松,3,15:56,0.7012368482797084,2,0.29652763973494545,3,0.24426328661611887,0.37922252477268426,0.2297223910039973,0.311068535347067,0.2746834386366599,0.35877632794499903,1-2,1-3,0.207936107515554,0.17128641725713029,0.16108980544692192,0.12060760471719993,0.04031692117983477,True,False,False,False,予選,2026-09-24,1号艇のsession_exh_rel_avg,0.1231,1号艇のracer_win_te,0.0976,1号艇の級別順位,-0.0885,1号艇の勝率順位,-0.0711,1号艇の年齢,0.0656,2号艇のwin_rate_rank_2to6,-0.1513,2号艇の女子戦比率,-0.0651,2号艇の全国勝率,0.06,mean_234_全国勝率,0.0516,2号艇のclass_rank_2to6,-0.0515,3号艇のsession_exh_rel_avg,-0.1392,3号艇のwin_rate_rank_2to6,-0.0998,1号艇のracer_win_te,0.0544,3号艇のcumulative_diff_rank_2to6,-0.0513,3号艇の全国勝率,0.0405,0.0705,北西 2.5m/s,[逃げ]1号艇のsession_exh_rel_avgが有利(+12.3pt)、1号艇のracer_win_teが有利(+9.8pt) / [2着]2号艇のwin_rate_rank_2to6が不利(-15.1pt)、2号艇の女子戦比率が不利(-6.5pt) / [候補2]3号艇のsession_exh_rel_avgが不利(-13.9pt)、3号艇のwin_rate_rank_2to6が不利(-10.0pt) / [除外]5号艇のsession_exh_rel_avgが不利(-5.5pt)、天気+7.1pt
91,22,福岡,7,14:46,0.479791141721826,2,0.3629510060293827,3,0.3388711171030163,0.33672803774332966,0.16314684729936946,0.5386752758330295,0.27080469643717686,0.39731220917023957,1-2,1-3,0.17414067757192286,0.1625873601714068,0.062428769483808856,0.07827641213408087,0.002357930403732385,True,True,False,False,予選,2026-09-24,1号艇のracer_win_te,-0.1054,1号艇のvs_max234_diff,0.0813,1号艇の級別順位,-0.0752,1号艇の勝率順位,-0.0581,1号艇の節間得点,-0.0554,5号艇のsession_avg_finish,-0.0776,2号艇のwin_rate_rank_2to6,0.055,場特性:1x_diff_course2,0.0525,2号艇の全国勝率,0.0426,2号艇のsession_exh_rel_avg,-0.0415,3号艇の年齢,-0.0899,3号艇のwin_rate_rank_2to6,-0.0504,3号艇の全国勝率,0.0432,3号艇の当地勝率,-0.0408,3号艇のcumulative_diff_rank_2to6,0.0401,0.0833,北 3.5m/s,[逃げ]1号艇のracer_win_teが不利(-10.5pt)、1号艇のvs_max234_diffが有利(+8.1pt) / [2着]5号艇のsession_avg_finishが不利(-7.8pt)、2号艇のwin_rate_rank_2to6が有利(+5.5pt) / [候補2]3号艇の年齢が不利(-9.0pt)、3号艇のwin_rate_rank_2to6が不利(-5.0pt) / [除外]5号艇の直近平均着順が不利(-32.8pt)、5号艇の平均STが不利(-6.2pt)、天気+8.3pt
92,18,徳山,8,12:04,0.4182712753416046,2,0.5165832045671677,3,0.246955059509388,0.3193661234874158,0.1312904145053772,0.6322478495711785,0.2690504706094498,0.4132306413125446,1-2,1-3,0.21607191579436222,0.10329420769305357,0.05491500911529203,0.04251254147759786,0.0014776006769806806,True,True,False,False,予選,2026-09-24,場特性:in_escape_diff,0.1954,1号艇のsession_exh_rel_avg,-0.1899,5号艇の枠別出走数,-0.1863,1号艇のdominance,-0.1432,6号艇の枠別出走数,-0.099,2号艇のwin_rate_rank_2to6,0.2177,2号艇のsession_exh_rel_avg,-0.0884,2号艇の当地勝率,0.064,2号艇の全国勝率,0.0584,3号艇の女子戦2連率,-0.0455,3号艇のwin_rate_rank_2to6,-0.1423,3号艇の全国勝率,-0.0581,3号艇のsession_exh_rel_avg,0.0539,3号艇のcumulative_diff_rank_2to6,0.0445,場特性:1x_diff_course3,0.0403,0.0657,西 0.4m/s,[逃げ]場特性:in_escape_diffが有利(+19.5pt)、1号艇のsession_exh_rel_avgが不利(-19.0pt) / [2着]2号艇のwin_rate_rank_2to6が有利(+21.8pt)、2号艇のsession_exh_rel_avgが不利(-8.8pt) / [候補2]3号艇のwin_rate_rank_2to6が不利(-14.2pt)、3号艇の全国勝率が不利(-5.8pt) / [除外]6号艇のvs_avg456_diffが不利(-12.1pt)、6号艇の全国勝率が不利(-11.6pt)、天気+6.6pt
93,13,尼崎,9,14:35,0.46036326744429545,2,0.38982583859088027,3,0.3572028791790599,0.3439045813872921,0.19265452992406454,0.5543741878458757,0.26439885082821096,0.40704546332486713,1-2,1-3,0.17946149678791015,0.16444308459938192,0.08869106888378714,0.016199234411777598,0.011568373329011127,True,True,False,False,予選特賞,2026-09-24,1号艇の年齢,-0.1017,1号艇のdominance,-0.0917,1号艇の直近1着率,-0.0743,1号艇のsession_exh_count,-0.0631,1号艇の節間得点,-0.0608,2号艇のwin_rate_rank_2to6,0.1708,2号艇のclass_rank_2to6,0.0815,2号艇の全国勝率,0.049,2号艇のモーター2連率,-0.0438,2号艇の当地勝率,-0.0347,3号艇のwin_rate_rank_2to6,0.0839,場特性:1x_diff_course3,-0.0431,3号艇の全国勝率,0.0365,3号艇のcumulative_diff_rank_2to6,0.0328,3号艇のモーター2連率,0.0319,0.0101,北 3.0m/s,[逃げ]1号艇の年齢が不利(-10.2pt)、1号艇のdominanceが不利(-9.2pt) / [2着]2号艇のwin_rate_rank_2to6が有利(+17.1pt)、2号艇のclass_rank_2to6が有利(+8.2pt) / [候補2]3号艇のwin_rate_rank_2to6が有利(+8.4pt)、場特性:1x_diff_course3が不利(-4.3pt) / [除外]5号艇の直近平均着順が不利(-13.4pt)、1号艇vs5号艇の枠別平均ST差が不利(-6.2pt)、天気+1.0pt
94,01,桐生,12,20:35,0.639977669323109,4,0.3123762866561105,3,0.26890784087416875,0.37200886115134496,0.2507997564241506,0.33048437110612866,0.26004918303408536,0.3595515141377801,1-4,1-3,0.16050624358313131,0.17209501326535998,0.19991384788598499,0.09617594245135624,0.011286609620737775,False,False,False,False,一般特賞,2026-09-24,1号艇のdominance,0.3174,1号艇の女子戦比率,-0.2423,1号艇のvs_max234_diff,0.124,1号艇のsession_exh_rel_avg,-0.0953,1号艇の勝率順位,0.0911,4号艇のwin_rate_rank_2to6,0.1955,second_best_win_rate,0.1285,4号艇のsession_exh_rel_avg,0.0959,4号艇の節間得点,-0.0768,5号艇のsession_exh_rel_delta,0.0667,3号艇の全国勝率,-0.0996,3号艇のracer_avgfin_te,-0.0913,3号艇のwin_rate_rank_2to6,-0.0839,6号艇のモーター出走数,0.0834,3号艇のsession_exh_rel_last,-0.0792,0.1301,北 1.0m/s,[逃げ]1号艇のdominanceが有利(+31.7pt)、1号艇の女子戦比率が不利(-24.2pt) / [2着]4号艇のwin_rate_rank_2to6が有利(+19.6pt)、second_best_win_rateが有利(+12.9pt) / [候補2]3号艇の全国勝率が不利(-10.0pt)、3号艇のracer_avgfin_teが不利(-9.1pt) / [除外]6号艇の全国勝率が不利(-13.4pt)、6号艇のwin_rate_rank_2to6が不利(-11.3pt)、天気+13.0pt
95,19,下関,3,16:07,0.46783066828184555,3,0.4152009537897887,2,0.27217842510740864,0.3215771541926358,0.16006076139325967,0.5273186175039377,0.2598108932165346,0.38329959318602635,1-3,1-2,0.12733341450989924,0.19424373968273653,0.07488133296830969,0.016319748541903698,0.05505244477863174,True,False,False,False,予選,2026-09-24,1号艇のdominance,-0.2442,1号艇のracer_win_te,-0.1803,1号艇の級別順位,-0.0962,場特性:in_escape_diff,0.0817,1号艇のframe_dominance,-0.0802,3号艇のwin_rate_rank_2to6,0.0711,6号艇の直近1着率,0.0547,1号艇vs3号艇の直近複勝率差,0.0423,場特性:1x_diff_course3,0.0419,3号艇のracer_2nd_te,0.0316,2号艇のsession_exh_rel_avg,0.0533,4号艇のモーター出走数,-0.0517,1号艇vs6号艇の直近複勝率差,-0.0408,2号艇の全国勝率,0.0356,2号艇のモーター2連率,-0.0342,0.0224,西 3.5m/s,[逃げ]1号艇のdominanceが不利(-24.4pt)、1号艇のracer_win_teが不利(-18.0pt) / [2着]3号艇のwin_rate_rank_2to6が有利(+7.1pt)、6号艇の直近1着率が有利(+5.5pt) / [候補2]2号艇のsession_exh_rel_avgが有利(+5.3pt)、4号艇のモーター出走数が不利(-5.2pt) / [除外]5号艇のracer_avgfin_teが不利(-5.1pt)、天気+2.2pt
96,22,福岡,4,13:14,0.375999567404371,2,0.6242257796851209,3,0.16585669071909348,0.2970706670857614,0.10925252111067706,0.6808299492935374,0.25812380389318135,0.41219845174809416,1-2,1-3,0.2347086231242617,0.062362043961499705,0.029652280335327224,0.04107890067545149,0.008197717556946484,True,True,False,False,予選,2026-09-24,1号艇のdominance,-0.3558,1号艇のracer_win_te,-0.1715,1号艇のvs_max234_diff,-0.1531,1号艇のsession_exh_rel_avg,0.1316,1号艇の全国勝率,-0.0842,2号艇の当地勝率,0.3811,2号艇のwin_rate_rank_2to6,0.2516,2号艇のclass_rank_2to6,0.123,1号艇vs2号艇のplace_rate差,-0.1038,2号艇の節間得点,0.0591,3号艇のwin_rate_rank_2to6,-0.1496,3号艇のsession_exh_rel_avg,0.0846,3号艇の全国勝率,-0.0807,3号艇のcumulative_diff_rank_2to6,-0.0518,3号艇の当地勝率,-0.0454,0.0458,北 4.0m/s,[逃げ]1号艇のdominanceが不利(-35.6pt)、1号艇のracer_win_teが不利(-17.1pt) / [2着]2号艇の当地勝率が有利(+38.1pt)、2号艇のwin_rate_rank_2to6が有利(+25.2pt) / [候補2]3号艇のwin_rate_rank_2to6が不利(-15.0pt)、3号艇のsession_exh_rel_avgが有利(+8.5pt) / [除外]6号艇のwin_rate_rank_2to6が不利(-5.6pt)、天気+4.6pt
97,20,若松,1,14:58,0.5286828339289027,3,0.35556887290514594,2,0.27845552452823186,0.3351978152151431,0.19761570432161435,0.43640869311176345,0.2557093924061749,0.3655610785841292,1-3,1-2,0.1472146558307447,0.18798315938439839,0.10447603058960718,0.05757911227346318,0.03142987782018625,True,True,False,False,予選,2026-09-24,1号艇のsession_exh_rel_avg,-0.1727,1号艇のracer_win_te,0.0991,1号艇の級別順位,-0.0923,1号艇vs3号艇のcumulative差,-0.0847,1号艇の勝率順位,-0.0741,3号艇の当地勝率,0.1317,3号艇のwin_rate_rank_2to6,0.1253,3号艇のsession_exh_rel_avg,-0.1242,3号艇の全国勝率,0.0402,3号艇のclass_rank_2to6,-0.0395,2号艇のwin_rate_rank_2to6,-0.1347,2号艇のsession_exh_rel_avg,0.0707,2号艇の全国勝率,0.0657,2号艇のclass_rank_2to6,-0.055,1号艇のsession_exh_rel_last,-0.0441,0.1023,北 2.5m/s,[逃げ]1号艇のsession_exh_rel_avgが不利(-17.3pt)、1号艇のracer_win_teが有利(+9.9pt) / [2着]3号艇の当地勝率が有利(+13.2pt)、3号艇のwin_rate_rank_2to6が有利(+12.5pt) / [候補2]2号艇のwin_rate_rank_2to6が不利(-13.5pt)、2号艇のsession_exh_rel_avgが有利(+7.1pt)、天気+10.2pt
98,21,芦屋,2,09:14,0.42608005225354045,4,0.49191144036986373,2,0.25485535939511283,0.3181824370650704,0.167948253177873,0.5788185465871035,0.2540566156687219,0.3963732699216803,1-4,1-2,0.1085887848481645,0.07155940048991898,0.20959365221690587,0.024708848296711695,0.011629363227295604,False,False,True,False,サンライズＷ,2026-09-24,6号艇のモーター出走数,-0.101,1号艇のdominance,-0.0891,風向(度),-0.0556,1号艇の節間得点,-0.0541,場特性:in_escape_diff,0.0534,4号艇のwin_rate_rank_2to6,0.2552,4号艇のclass_rank_2to6,0.2137,4号艇の全国勝率,0.1181,6号艇のモーター出走数,0.1036,win_rate_gap_top2_2to6,0.0672,2号艇の体重,-0.0483,3号艇のモーター出走数,0.0422,2号艇のsession_exh_rel_avg,0.0368,3号艇の全国勝率,-0.0321,5号艇の女子戦2連率,0.0318,-0.0125,北 2.9m/s,[逃げ]6号艇のモーター出走数が不利(-10.1pt)、1号艇のdominanceが不利(-8.9pt) / [2着]4号艇のwin_rate_rank_2to6が有利(+25.5pt)、4号艇のclass_rank_2to6が有利(+21.4pt) / [候補2]2号艇の体重が不利(-4.8pt)、3号艇のモーター出走数が有利(+4.2pt) / [除外]6号艇のwin_rate_rank_2to6が不利(-8.6pt)、天気-1.3pt
99,21,芦屋,7,11:37,0.525945263309967,2,0.3827066323965454,4,0.23952773980706765,0.32726122072914127,0.2017761959332433,0.4204581762703697,0.24802099169490655,0.3552203073915098,1-2,1-4,0.20128274054627185,0.10612323449979315,0.12597848018286947,0.04069627532073288,0.05186452590275394,True,True,False,False,予選,2026-09-24,1号艇のracer_win_te,-0.2041,1号艇の年齢,-0.1137,1号艇の女子戦比率,-0.1076,1号艇の級別順位,0.1057,1号艇のdominance,0.0798,2号艇のwin_rate_rank_2to6,0.1587,3号艇のracer_2nd_te,0.0832,3号艇のracer_win_te,0.0598,second_best_win_rate,0.0525,2号艇のモーター2連率,-0.0505,5号艇のracer_win_te,0.1497,4号艇のwin_rate_rank_2to6,0.1282,4号艇の全国勝率,-0.0756,4号艇のclass_rank_2to6,-0.0678,win_rate_range_1to6,0.0606,0.066,北 3.1m/s,[逃げ]1号艇のracer_win_teが不利(-20.4pt)、1号艇の年齢が不利(-11.4pt) / [2着]2号艇のwin_rate_rank_2to6が有利(+15.9pt)、3号艇のracer_2nd_teが有利(+8.3pt) / [候補2]5号艇のracer_win_teが有利(+15.0pt)、4号艇のwin_rate_rank_2to6が有利(+12.8pt) / [除外]5号艇のracer_win_teが不利(-9.4pt)、天気+6.6pt
100,19,下関,4,16:36,0.37141238906134355,2,0.39543310420222366,3,0.34791445663003473,0.2760884934716315,0.10428365259581937,0.639063908236439,0.241538673624953,0.38498111790107375,1-2,1-3,0.1468687539456911,0.1292197395259404,0.03873224055065645,0.029182089433858537,0.02740956145434014,True,False,False,False,予選,2026-09-24,1号艇のracer_win_te,-0.1853,5号艇の枠別出走数,-0.1533,1号艇のdominance,-0.1097,1号艇の級別順位,-0.0926,場特性:in_escape_diff,0.0742,2号艇の全国勝率,0.0638,2号艇のsession_exh_rel_avg,0.0576,4号艇のモーター出走数,-0.044,2号艇のモーター2連率,-0.0415,avg_entry_count,-0.0306,3号艇のwin_rate_rank_2to6,0.1545,3号艇の当地勝率,-0.0473,3号艇のモーター2連率,-0.031,3号艇の全国勝率,0.0297,場特性:1x_diff_course3,0.0291,0.0421,西 3.8m/s,[逃げ]1号艇のracer_win_teが不利(-18.5pt)、5号艇の枠別出走数が不利(-15.3pt) / [2着]2号艇の全国勝率が有利(+6.4pt)、2号艇のsession_exh_rel_avgが有利(+5.8pt) / [候補2]3号艇のwin_rate_rank_2to6が有利(+15.4pt)、3号艇の当地勝率が不利(-4.7pt)、天気+4.2pt
101,11,琵琶湖,7,13:32,0.45644543052677145,2,0.4216971319484325,5,0.2537054457439882,0.3082844203537081,0.18119462637714118,0.49420795131527945,0.24125304391704772,0.3640614796421795,1-2,1-5,0.192481728944107,0.0827054592458517,0.05172188068816421,0.11580269140960114,0.01373366768845978,True,True,False,False,予選,2026-09-24,1号艇の年齢,-0.1113,1号艇のsession_exh_rel_avg,-0.0909,1号艇の節間得点,0.0809,1号艇の級別順位,-0.076,4号艇のモーター2連率,-0.0636,2号艇のwin_rate_rank_2to6,0.058,2号艇の全国勝率,0.0477,2号艇のsession_exh_rel_avg,0.0394,2号艇のモーター2連率,0.0329,1号艇の年齢,-0.0264,5号艇のwin_rate_rank_2to6,0.2147,5号艇のclass_rank_2to6,0.1515,5号艇のsession_exh_rel_avg,0.067,1号艇vs5号艇のlocal_win_rate差,0.0605,5号艇のracer_avgfin_te,0.0546,-0.0005,北 2.1m/s,[逃げ]1号艇の年齢が不利(-11.1pt)、1号艇のsession_exh_rel_avgが不利(-9.1pt) / [2着]2号艇のwin_rate_rank_2to6が有利(+5.8pt)、2号艇の全国勝率が有利(+4.8pt) / [候補2]5号艇のwin_rate_rank_2to6が有利(+21.5pt)、5号艇のclass_rank_2to6が有利(+15.1pt) / [除外]6号艇のsession_exh_rel_avgが不利(-6.9pt)、天気影響ほぼなし
102,01,桐生,10,19:41,0.5188112256957028,2,0.38444357510390675,4,0.2130725158325923,0.3099980555116701,0.19555995128688236,0.4019561396496167,0.23725020994980153,0.33758548075305406,1-2,1-4,0.19945364241049585,0.10145869802413937,0.11054441310117424,0.08995950658867131,0.017394971369389316,True,False,False,False,準優勝戦,2026-09-24,1号艇の女子戦比率,-0.2436,1号艇の節間得点,0.1178,1号艇のsession_exh_rel_avg,0.1123,場特性:in_escape_diff,-0.0882,1号艇の級別順位,-0.0844,2号艇のsession_exh_rel_avg,0.128,2号艇のclass_rank_2to6,0.0842,3号艇のモーター出走数,0.0689,2号艇の一般戦勝率,-0.0677,2号艇のwin_rate_rank_2to6,0.0618,1号艇の一般戦2連率,0.1104,1号艇のモーター出走数,0.0845,4号艇のsession_exh_rel_avg,0.0781,4号艇のsession_rank_diff_last,0.0724,4号艇の節間得点,0.0707,-0.0015,北 2.1m/s,[逃げ]1号艇の女子戦比率が不利(-24.4pt)、1号艇の節間得点が有利(+11.8pt) / [2着]2号艇のsession_exh_rel_avgが有利(+12.8pt)、2号艇のclass_rank_2to6が有利(+8.4pt) / [候補2]1号艇の一般戦2連率が有利(+11.0pt)、1号艇のモーター出走数が有利(+8.4pt) / [除外]6号艇のwin_rate_rank_2to6が不利(-6.3pt)、天気影響ほぼなし
103,08,常滑,8,14:07,0.3902770011449245,3,0.47331849713093693,4,0.23379230426870065,0.2759690830474348,0.1255583632949845,0.5815524381046531,0.2343888113824905,0.36764408956460026,1-3,1-4,0.049002541495431505,0.1847253236466846,0.09124375940075022,0.02812954223018862,0.037175835825764655,True,True,False,False,予選,2026-09-24,1号艇のdominance,-0.2246,1号艇の年齢,-0.0864,1号艇の級別順位,-0.0828,場特性:in_escape_diff,0.0716,1号艇vs3号艇のcumulative差,-0.0656,3号艇の当地勝率,0.0936,4号艇のモーター出走数,-0.0768,3号艇の節間得点,0.0576,3号艇のsession_exh_rel_avg,0.0504,3号艇のwin_rate_rank_2to6,0.0484,4号艇のモーター2連率,0.0939,4号艇のwin_rate_rank_2to6,-0.0829,4号艇のclass_rank_2to6,0.0822,4号艇のsession_exh_rel_avg,-0.0723,1号艇vs6号艇の級別差,-0.0506,0.0336,西 2.7m/s,[逃げ]1号艇のdominanceが不利(-22.5pt)、1号艇の年齢が不利(-8.6pt) / [2着]3号艇の当地勝率が有利(+9.4pt)、4号艇のモーター出走数が不利(-7.7pt) / [候補2]4号艇のモーター2連率が有利(+9.4pt)、4号艇のwin_rate_rank_2to6が不利(-8.3pt) / [除外]2号艇のwin_rate_rank_2to6が不利(-7.4pt)、天気+3.4pt
104,21,芦屋,6,11:06,0.37974406118887405,2,0.5941505136056286,3,0.12962152821372203,0.2748481345354438,0.12278497585408836,0.6009870659652624,0.234351468660473,0.3726898139643894,1-2,1-3,0.2256251289940568,0.04922300554138702,0.03604268861020673,0.022226374074071003,0.046626865383809356,True,True,False,False,予選,2026-09-24,1号艇のdominance,-0.2591,1号艇の女子戦比率,-0.1211,1号艇の年齢,-0.1209,ST差分(5-4),0.1049,4号艇の枠別出走数,-0.0959,ST差分(4-3),0.3663,2号艇の女子戦比率,-0.0776,2号艇のclass_rank_2to6,0.0514,1号艇vs6号艇のlocal_win_rate差,0.051,1号艇vs6号艇の直近複勝率差,-0.047,3号艇のwin_rate_rank_2to6,-0.0916,4号艇のモーター出走数,-0.0857,6号艇のモーター出走数,0.0768,3号艇の女子戦比率,-0.073,3号艇の全国勝率,-0.0474,0.0745,北 3.3m/s,[逃げ]1号艇のdominanceが不利(-25.9pt)、1号艇の女子戦比率が不利(-12.1pt) / [2着]ST差分(4-3)が有利(+36.6pt)、2号艇の女子戦比率が不利(-7.8pt) / [候補2]3号艇のwin_rate_rank_2to6が不利(-9.2pt)、4号艇のモーター出走数が不利(-8.6pt) / [除外]5号艇のracer_avgfin_teが不利(-5.5pt)、天気+7.5pt
105,19,下関,6,17:34,0.5385302105659178,3,0.3157948786041531,2,0.29123842161573954,0.32690577098794277,0.23925960023318374,0.36777369998670895,0.2330473580913477,0.3391661496875726,1-3,1-2,0.15684068851760974,0.17006508247033303,0.08184520148340939,0.12884852289349374,0.0009307266112284188,True,False,False,False,予選,2026-09-24,1号艇の年齢,-0.1389,1号艇の級別順位,-0.1162,1号艇のdominance,-0.0774,1号艇の勝率順位,-0.0738,場特性:in_escape_diff,0.0726,3号艇のwin_rate_rank_2to6,0.0789,場特性:1x_diff_course3,0.0607,local_win_rateの分散(2-6号艇),0.039,3号艇のcumulative_diff_rank_2to6,0.0317,3号艇のracer_2nd_te,0.0298,1号艇の年齢,-0.0704,2号艇の全国勝率,0.0676,2号艇のsession_exh_rel_avg,0.055,場特性:in_escape_diff,0.0485,2号艇の当地勝率,-0.0471,-0.0259,北西 4.1m/s,[逃げ]1号艇の年齢が不利(-13.9pt)、1号艇の級別順位が不利(-11.6pt) / [2着]3号艇のwin_rate_rank_2to6が有利(+7.9pt)、場特性:1x_diff_course3が有利(+6.1pt) / [候補2]1号艇の年齢が不利(-7.0pt)、2号艇の全国勝率が有利(+6.8pt) / [除外]6号艇の全国勝率が不利(-17.4pt)、6号艇のracer_win_teが不利(-17.3pt)、天気-2.6pt
106,01,桐生,4,16:43,0.33586441794399113,3,0.557001518822546,2,0.24147116972926178,0.26817856478462665,0.12551857613171977,0.672954112420088,0.22778489486364925,0.389611229075265,1-3,1-2,0.08110157387137319,0.18707699091325344,0.023946989344432196,0.0421572235136386,0.0015816321685426986,True,False,False,False,一般,2026-09-24,1号艇のdominance,-0.3485,1号艇のracer_win_te,-0.193,1号艇のvs_max234_diff,-0.1329,1号艇の直近1着率,-0.1094,場特性:in_escape_diff,-0.0875,3号艇のwin_rate_rank_2to6,0.2168,3号艇のsession_exh_rel_avg,0.1451,3号艇の女子戦比率,-0.0704,4号艇のモーター出走数,-0.0689,6号艇のモーター出走数,0.0592,2号艇のsession_exh_rel_avg,0.1004,2号艇の全国勝率,-0.095,全艇平均勝率,0.0724,2号艇のwin_rate_rank_2to6,-0.0673,5号艇のsession_exh_rel_delta,-0.0556,0.0038,南東 1.2m/s,[逃げ]1号艇のdominanceが不利(-34.8pt)、1号艇のracer_win_teが不利(-19.3pt) / [2着]3号艇のwin_rate_rank_2to6が有利(+21.7pt)、3号艇のsession_exh_rel_avgが有利(+14.5pt) / [候補2]2号艇のsession_exh_rel_avgが有利(+10.0pt)、2号艇の全国勝率が不利(-9.5pt) / [除外]6号艇の直近平均着順が不利(-21.3pt)、6号艇の全国勝率が不利(-13.6pt)、天気+0.4pt
107,11,琵琶湖,3,11:24,0.6003485950991005,4,0.2829913706787226,3,0.19626976407572228,0.2877237489354317,0.18366357645046544,0.29559755830397944,0.22431050162437105,0.29008589174599597,1-4,1-3,0.11026217009291317,0.11783027712329178,0.1698934718121399,0.09301346533829287,0.10934921520540834,True,True,False,False,予選,2026-09-24,1号艇のsession_exh_rel_avg,0.1479,1号艇のdominance,0.1074,1号艇の級別順位,-0.086,風速区分,0.064,1号艇のvs_max234_diff,0.0617,2号艇のsession_exh_rel_delta,0.1102,4号艇のclass_rank_2to6,0.0761,4号艇のwin_rate_rank_2to6,-0.0758,4号艇の年齢,0.0664,4号艇のsession_exh_rel_avg,0.0583,3号艇のsession_exh_rel_avg,-0.1237,3号艇の節間得点,-0.0696,3号艇のwin_rate_rank_2to6,0.0644,6号艇のracer_2nd_te,-0.0492,3号艇のcumulative_diff_rank_2to6,-0.0449,0.0526,北東 1.4m/s,[逃げ]1号艇のsession_exh_rel_avgが有利(+14.8pt)、1号艇のdominanceが有利(+10.7pt) / [2着]2号艇のsession_exh_rel_deltaが有利(+11.0pt)、4号艇のclass_rank_2to6が有利(+7.6pt) / [候補2]3号艇のsession_exh_rel_avgが不利(-12.4pt)、3号艇の節間得点が不利(-7.0pt) / [除外]2号艇のwin_rate_rank_2to6が不利(-6.6pt)、天気+5.3pt
108,19,下関,1,15:18,0.5792396056907894,4,0.29033779826223594,2,0.28773310947698444,0.33484156466018267,0.28128300414743473,0.2967879035917856,0.22181927519493022,0.3234254663396635,1-4,1-2,0.1666664128776332,0.16293025640988076,0.1681751517825495,0.0502700606122343,0.031197727245245135,True,False,False,False,予選,2026-09-24,場特性:in_escape_diff,0.0845,1号艇のracer_win_te,-0.0813,1号艇の級別順位,0.0752,1号艇の直近1着率,-0.0743,1号艇の全国勝率,-0.0666,4号艇のwin_rate_rank_2to6,0.1888,4号艇のclass_rank_2to6,-0.0794,4号艇のモーター2連率,0.0588,4号艇のsession_exh_rel_avg,0.0544,4号艇のcumulative_diff_rank_2to6,0.0522,2号艇のwin_rate_rank_2to6,-0.1384,2号艇の全国勝率,-0.0535,2号艇のsession_exh_rel_avg,0.0389,1号艇の直近複勝率,0.0347,3号艇の女子戦2連率,-0.0322,0.0507,北西 2.1m/s,[逃げ]場特性:in_escape_diffが有利(+8.5pt)、1号艇のracer_win_teが不利(-8.1pt) / [2着]4号艇のwin_rate_rank_2to6が有利(+18.9pt)、4号艇のclass_rank_2to6が不利(-7.9pt) / [候補2]2号艇のwin_rate_rank_2to6が不利(-13.8pt)、2号艇の全国勝率が不利(-5.4pt)、天気+5.1pt
109,09,津,8,13:56,0.5331688944217194,6,0.2918338300193393,4,0.254332666410019,0.29119898707142494,0.19939325708305222,0.3467732393463061,0.22152324968167653,0.30787126275388926,1-6,1-4,0.10631028243411664,0.10604921994549135,0.1356022665651578,0.02961040794999989,0.15559672050626713,True,True,False,False,予選,2026-09-24,1号艇のsession_exh_rel_avg,-0.1566,1号艇vs4号艇のcumulative差,-0.0754,1号艇のsession_exh_rel_last,-0.0683,ST差分(4-3),-0.0668,4号艇のsession_exh_rel_avg,0.065,6号艇のwin_rate_rank_2to6,0.3505,6号艇のsession_exh_rel_avg,0.2552,6号艇のclass_rank_2to6,0.1948,6号艇のsession_exh_rel_last,0.1456,2号艇のracer_win_te,0.1448,4号艇のsession_exh_rel_avg,-0.078,4号艇のwin_rate_rank_2to6,0.0742,5号艇のsession_rank_diff_delta,-0.0605,4号艇の節間得点,0.0581,6号艇の一般戦2連率,0.0444,0.0467,北西 3.0m/s,[逃げ]1号艇のsession_exh_rel_avgが不利(-15.7pt)、1号艇vs4号艇のcumulative差が不利(-7.5pt) / [2着]6号艇のwin_rate_rank_2to6が有利(+35.0pt)、6号艇のsession_exh_rel_avgが有利(+25.5pt) / [候補2]4号艇のsession_exh_rel_avgが不利(-7.8pt)、4号艇のwin_rate_rank_2to6が有利(+7.4pt)、天気+4.7pt
110,19,下関,2,15:43,0.5166302693977161,2,0.32518567409358556,3,0.22656019503333946,0.2850486170061203,0.18666794119352867,0.36507792793339633,0.2211972908342061,0.30905741028430306,1-2,1-3,0.168000762411247,0.11704785459487325,0.08845741094794897,0.09643830874672973,0.0466859423199057,True,False,False,False,予選,2026-09-24,1号艇のモーター2連率,0.0979,1号艇のdominance,-0.0916,1号艇の年齢,-0.0841,場特性:in_escape_diff,0.0838,1号艇の直近1着率,-0.0761,2号艇のwin_rate_rank_2to6,-0.1166,2号艇のclass_rank_2to6,-0.0438,2号艇のモーター2連率,-0.0416,2号艇のsession_exh_rel_avg,0.0403,1号艇vs6号艇の直近複勝率差,-0.0356,3号艇のwin_rate_rank_2to6,-0.0974,6号艇のracer_2nd_te,-0.0516,3号艇の当地勝率,-0.0403,3号艇のモーター2連率,-0.0384,3号艇のcumulative_diff_rank_2to6,0.0352,0.0588,北西 3.0m/s,[逃げ]1号艇のモーター2連率が有利(+9.8pt)、1号艇のdominanceが不利(-9.2pt) / [2着]2号艇のwin_rate_rank_2to6が不利(-11.7pt)、2号艇のclass_rank_2to6が不利(-4.4pt) / [候補2]3号艇のwin_rate_rank_2to6が不利(-9.7pt)、6号艇のracer_2nd_teが不利(-5.2pt)、天気+5.9pt
111,20,若松,4,16:25,0.5132197418367326,3,0.35952551068401883,5,0.20699749354823216,0.290750789976646,0.20219391239107543,0.36432909184117557,0.2202051422692373,0.31282428053600486,1-3,1-5,0.10376990751830666,0.18451558977697158,0.09391221512794697,0.10623520019967443,0.024786826345994176,True,False,False,False,予選,2026-09-24,1号艇のsession_exh_rel_avg,-0.1045,3号艇のsession_exh_rel_avg,-0.0934,3号艇の直近1着率,-0.0809,1号艇の勝率順位,-0.0732,1号艇の年齢,0.0651,3号艇のsession_exh_rel_avg,0.1331,3号艇のwin_rate_rank_2to6,0.1226,3号艇の節間得点,0.043,3号艇の全国勝率,0.0412,場特性:1x_diff_course3,0.034,5号艇の年齢,0.1324,5号艇のwin_rate_rank_2to6,-0.114,5号艇のモーター2連率,0.0803,5号艇のclass_rank_2to6,-0.0635,5号艇のsession_exh_rel_avg,0.0578,0.0435,北西 2.7m/s,[逃げ]1号艇のsession_exh_rel_avgが不利(-10.5pt)、3号艇のsession_exh_rel_avgが不利(-9.3pt) / [2着]3号艇のsession_exh_rel_avgが有利(+13.3pt)、3号艇のwin_rate_rank_2to6が有利(+12.3pt) / [候補2]5号艇の年齢が有利(+13.2pt)、5号艇のwin_rate_rank_2to6が不利(-11.4pt) / [除外]6号艇のwin_rate_rank_2to6が不利(-5.7pt)、天気+4.4pt
112,20,若松,7,17:53,0.499238851099421,3,0.3056591911603314,4,0.294206702004149,0.29947635931716327,0.22418516159004895,0.3756807315744315,0.2189105721100619,0.32233767099434374,1-3,1-4,0.11192194250575409,0.15259694342286215,0.14687941589430106,0.06493064196222793,0.022909911033895072,True,False,False,False,予選,2026-09-24,1号艇のsession_exh_rel_avg,-0.1311,1号艇のracer_win_te,0.0979,5号艇のsession_exh_rel_avg,-0.0804,1号艇の節間得点,-0.0771,1号艇のdominance,0.0688,3号艇のwin_rate_rank_2to6,-0.1134,3号艇の節間得点,-0.097,3号艇のsession_exh_rel_avg,0.0956,3号艇の当地勝率,0.0823,3号艇のcumulative_diff_rank_2to6,-0.0615,4号艇のwin_rate_rank_2to6,0.1024,4号艇のsession_exh_rel_avg,0.0918,4号艇の年齢,0.0867,4号艇の全国勝率,0.0813,4号艇のclass_rank_2to6,-0.058,0.0662,北西 3.1m/s,[逃げ]1号艇のsession_exh_rel_avgが不利(-13.1pt)、1号艇のracer_win_teが有利(+9.8pt) / [2着]3号艇のwin_rate_rank_2to6が不利(-11.3pt)、3号艇の節間得点が不利(-9.7pt) / [候補2]4号艇のwin_rate_rank_2to6が有利(+10.2pt)、4号艇のsession_exh_rel_avgが有利(+9.2pt) / [除外]6号艇のsession_exh_rel_avgが不利(-8.8pt)、3号艇のracer_avgfin_teが不利(-6.8pt)、天気+6.6pt
113,19,下関,7,18:04,0.497673685351836,4,0.30281663425642535,5,0.2959903709444829,0.298010489092832,0.2295629176352404,0.36924408756566784,0.2159159002583654,0.3193805686346828,1-4,1-5,0.11424742323965006,0.07186143738685766,0.15070387035623423,0.14730661873659778,0.013554327753085696,True,False,False,False,ふく～る特賞,2026-09-24,1号艇のracer_win_te,0.0881,1号艇のdominance,-0.0836,ST差分(4-3),-0.0807,場特性:in_escape_diff,0.0772,1号艇の節間得点,-0.0692,4号艇のclass_rank_2to6,0.0936,4号艇のモーター2連率,0.0706,4号艇のwin_rate_rank_2to6,0.0584,4号艇のcumulative_diff_rank_2to6,0.0441,4号艇のsession_exh_rel_avg,0.0408,5号艇のwin_rate_rank_2to6,0.2584,5号艇のclass_rank_2to6,0.1762,3号艇の枠別平均ST,0.0822,5号艇の枠別勝率,0.0635,5号艇のracer_avgfin_te,0.0601,0.047,北西 3.7m/s,[逃げ]1号艇のracer_win_teが有利(+8.8pt)、1号艇のdominanceが不利(-8.4pt) / [2着]4号艇のclass_rank_2to6が有利(+9.4pt)、4号艇のモーター2連率が有利(+7.1pt) / [候補2]5号艇のwin_rate_rank_2to6が有利(+25.8pt)、5号艇のclass_rank_2to6が有利(+17.6pt) / [除外]6号艇のwin_rate_rank_2to6が不利(-7.0pt)、6号艇のvs_avg456_diffが不利(-5.9pt)、天気+4.7pt
114,01,桐生,7,18:14,0.5039242615084653,2,0.3207680115169066,6,0.2449511740956377,0.28507962283097177,0.21155132987042485,0.35416785574211945,0.21270885483635033,0.305806092704316,1-2,1-6,0.16164278331919604,0.10660584767608756,0.06938403025899427,0.04285474384703418,0.12343683951177574,True,False,False,False,一般,2026-09-24,1号艇のdominance,0.1953,1号艇のsession_exh_rel_avg,-0.1326,6号艇のモーター出走数,-0.1214,5号艇の枠別出走数,-0.1005,1号艇のvs_max234_diff,0.0972,2号艇の節間得点,-0.0806,3号艇の直近平均着順,0.071,2号艇のwin_rate_rank_2to6,0.0512,3号艇の女子戦2連率,-0.0511,1号艇の体重,-0.0476,6号艇のwin_rate_rank_2to6,0.314,6号艇のsession_exh_rel_delta,0.1601,3号艇のモーター出走数,0.1511,6号艇のvs_avg456_diff,0.1285,6号艇のclass_rank_2to6,0.1159,-0.032,北 0.5m/s,[逃げ]1号艇のdominanceが有利(+19.5pt)、1号艇のsession_exh_rel_avgが不利(-13.3pt) / [2着]2号艇の節間得点が不利(-8.1pt)、3号艇の直近平均着順が有利(+7.1pt) / [候補2]6号艇のwin_rate_rank_2to6が有利(+31.4pt)、6号艇のsession_exh_rel_deltaが有利(+16.0pt) / [除外]4号艇のwin_rate_rank_2to6が不利(-5.7pt)、天気-3.2pt
115,22,福岡,2,12:15,0.46568050047599374,3,0.3595388357785007,5,0.2157850353270923,0.2679171082322387,0.18182516694449008,0.39349870416110294,0.2094602207143045,0.30559158701089795,1-3,1-5,0.08467243474184126,0.16743022498588833,0.07334392272847583,0.10048688324635034,0.03974704344741323,True,True,False,False,予選,2026-09-24,5号艇の枠別出走数,-0.2452,1号艇のsession_exh_rel_avg,-0.0933,1号艇の級別順位,-0.0863,1号艇の勝率順位,-0.0708,1号艇の節間得点,-0.0703,3号艇の年齢,-0.0642,3号艇のwin_rate_rank_2to6,-0.054,3号艇のcumulative_diff_rank_2to6,0.0463,場特性:1x_diff_course3,0.0439,6号艇のracer_2nd_te,-0.039,5号艇のsession_exh_rel_avg,0.1118,5号艇の年齢,-0.1066,5号艇のclass_rank_2to6,0.1022,5号艇のwin_rate_rank_2to6,0.0855,1号艇vs5号艇のlocal_win_rate差,0.0625,0.0765,北 3.7m/s,[逃げ]5号艇の枠別出走数が不利(-24.5pt)、1号艇のsession_exh_rel_avgが不利(-9.3pt) / [2着]3号艇の年齢が不利(-6.4pt)、3号艇のwin_rate_rank_2to6が不利(-5.4pt) / [候補2]5号艇のsession_exh_rel_avgが有利(+11.2pt)、5号艇の年齢が不利(-10.7pt) / [除外]2号艇のwin_rate_rank_2to6が不利(-6.4pt)、6号艇のsession_exh_rel_avgが不利(-5.1pt)、天気+7.7pt
116,08,常滑,7,13:34,0.3522227973928518,2,0.3731897421904818,4,0.34869268294060585,0.25426344716840754,0.1476801174882575,0.5742023076428301,0.2092038602674478,0.3502451053107343,1-2,1-4,0.13144593495264867,0.05201630410101907,0.12281751221575891,0.042785702571545604,0.003157333382855224,True,True,False,False,予選,2026-09-24,1号艇のdominance,-0.1665,1号艇のracer_win_te,-0.117,1号艇の直近1着率,-0.1123,1号艇の級別順位,-0.0853,1号艇のsession_exh_rel_avg,-0.0682,2号艇のsession_exh_rel_avg,-0.0739,ST差分(6-5),0.0728,2号艇の全国勝率,0.059,2号艇のracer_2nd_te,0.0364,4号艇の一般戦勝率,-0.0329,4号艇のclass_rank_2to6,0.1896,4号艇のwin_rate_rank_2to6,0.0925,4号艇のsession_exh_rel_avg,0.0684,4号艇の節間得点,-0.0643,3号艇のモーター出走数,-0.048,0.0275,西 2.7m/s,[逃げ]1号艇のdominanceが不利(-16.7pt)、1号艇のracer_win_teが不利(-11.7pt) / [2着]2号艇のsession_exh_rel_avgが不利(-7.4pt)、ST差分(6-5)が有利(+7.3pt) / [候補2]4号艇のclass_rank_2to6が有利(+19.0pt)、4号艇のwin_rate_rank_2to6が有利(+9.3pt) / [除外]5号艇の直近平均着順が不利(-22.6pt)、ST差分(6-5)が不利(-9.4pt)、天気+2.8pt
117,11,琵琶湖,2,10:58,0.32617745991907,3,0.5570621671525866,2,0.1981688594259615,0.24633933790146245,0.128264877793421,0.6269661487851271,0.20842331581549048,0.3605273811665618,1-3,1-2,0.06463821520261936,0.1817011226988431,0.03410662683456361,0.04183711203548799,0.0038943779833565655,False,False,True,False,予選,2026-09-24,1号艇のdominance,-0.2281,1号艇のsession_exh_rel_avg,-0.1488,1号艇のvs_max234_diff,-0.0829,5号艇のsession_exh_rel_avg,-0.078,風速区分,0.0715,3号艇のwin_rate_rank_2to6,0.1922,3号艇のsession_exh_rel_avg,0.1205,3号艇の当地勝率,0.1026,3号艇の全国勝率,0.078,1号艇のsession_exh_rel_avg,0.0537,2号艇のwin_rate_rank_2to6,-0.1539,2号艇のsession_exh_rel_avg,0.082,2号艇の全国勝率,-0.0809,2号艇のclass_rank_2to6,-0.0623,6号艇のsession_rank_diff_last,-0.0537,0.0939,北東 0.9m/s,[逃げ]1号艇のdominanceが不利(-22.8pt)、1号艇のsession_exh_rel_avgが不利(-14.9pt) / [2着]3号艇のwin_rate_rank_2to6が有利(+19.2pt)、3号艇のsession_exh_rel_avgが有利(+12.0pt) / [候補2]2号艇のwin_rate_rank_2to6が不利(-15.4pt)、2号艇のsession_exh_rel_avgが有利(+8.2pt) / [除外]6号艇のwin_rate_rank_2to6が不利(-6.7pt)、6号艇のsession_avg_finishが不利(-6.3pt)、天気+9.4pt
118,01,桐生,5,17:14,0.29584386214581265,2,0.452392188791098,4,0.36466275538602133,0.24172069027069035,0.12642148362728592,0.6906334605498334,0.20505026432577156,0.37639452135443324,1-2,1-4,0.13383745233655606,0.037401019974499884,0.10788323793413429,0.0103678152789269,0.006354336621695496,True,False,False,False,一般,2026-09-24,1号艇のracer_win_te,-0.1578,3号艇の枠別出走数,-0.1216,1号艇の節間得点,0.1098,1号艇の級別順位,-0.0821,1号艇の年齢,0.0759,2号艇のwin_rate_rank_2to6,0.1356,3号艇のモーター出走数,0.0978,2号艇のsession_exh_rel_avg,0.0893,2号艇のclass_rank_2to6,0.0587,2号艇の節間得点,0.0536,ST差分(3-2),0.1711,4号艇のclass_rank_2to6,0.1025,4号艇のsession_exh_rel_avg,0.0729,4号艇の節間得点,0.068,4号艇のwin_rate_rank_2to6,0.067,-0.0882,南東 1.1m/s,[逃げ]1号艇のracer_win_teが不利(-15.8pt)、3号艇の枠別出走数が不利(-12.2pt) / [2着]2号艇のwin_rate_rank_2to6が有利(+13.6pt)、3号艇のモーター出走数が有利(+9.8pt) / [候補2]ST差分(3-2)が有利(+17.1pt)、4号艇のclass_rank_2to6が有利(+10.2pt) / [除外]1号艇vs6号艇のcumulative差が不利(-6.9pt)、2号艇のracer_2nd_teが不利(-5.4pt)、天気-8.8pt
119,18,徳山,10,13:08,0.3736897776301707,2,0.4706503788335885,4,0.19929946611566218,0.2503534085824528,0.15954660850953428,0.5104032364397164,0.20242176386069433,0.32836835693963184,1-2,1-4,0.17587723540787928,0.05962093665557577,0.07447617317457354,0.05749746380528177,0.006217973459220449,True,True,False,False,予選,2026-09-24,場特性:in_escape_diff,0.2341,4号艇のsession_exh_rel_avg,-0.1784,1号艇のdominance,-0.1549,1号艇の年齢,-0.1331,1号艇の平均ST,-0.0975,2号艇のwin_rate_rank_2to6,0.1829,2号艇のsession_exh_rel_avg,0.091,2号艇のclass_rank_2to6,-0.0792,3号艇のracer_2nd_te,0.0724,2号艇の全国勝率,0.0467,win_rate_gap_top2_2to6,-0.3655,4号艇のsession_exh_rel_avg,0.1421,4号艇のclass_rank_2to6,0.1041,4号艇の節間得点,0.071,4号艇のwin_rate_rank_2to6,-0.0692,0.1241,北 2.0m/s,[逃げ]場特性:in_escape_diffが有利(+23.4pt)、4号艇のsession_exh_rel_avgが不利(-17.8pt) / [2着]2号艇のwin_rate_rank_2to6が有利(+18.3pt)、2号艇のsession_exh_rel_avgが有利(+9.1pt) / [候補2]win_rate_gap_top2_2to6が不利(-36.6pt)、4号艇のsession_exh_rel_avgが有利(+14.2pt) / [除外]6号艇のwin_rate_rank_2to6が不利(-6.1pt)、6号艇のvs_avg456_diffが不利(-5.3pt)、天気+12.4pt
120,18,徳山,11,13:41,0.4601565008717343,3,0.3444343137030199,4,0.28495702340933193,0.289618515364602,0.2512242252265128,0.37816711188583907,0.202307490804132,0.3161830943209731,1-3,1-4,0.11560246041444461,0.15849368857373888,0.13112482679086307,0.02863930575121556,0.026296222769905286,True,True,False,False,予選,2026-09-24,1号艇のdominance,-0.2386,場特性:in_escape_diff,0.216,1号艇のracer_win_te,-0.1609,1号艇の級別順位,-0.1004,1号艇のsession_exh_rel_avg,0.0802,1号艇vs3号艇のcumulative差,0.044,3号艇のwin_rate_rank_2to6,-0.0403,3号艇のracer_2nd_te,0.0394,3号艇のracer_avgfin_te,0.0368,場特性:1x_diff_course3,0.0348,4号艇のwin_rate_rank_2to6,0.1566,4号艇のcumulative_diff_rank_2to6,0.0636,4号艇の全国勝率,0.0562,場特性:1x_diff_course4,0.0527,4号艇のsession_exh_rel_avg,0.0523,0.1682,北東 1.9m/s,[逃げ]1号艇のdominanceが不利(-23.9pt)、場特性:in_escape_diffが有利(+21.6pt) / [2着]1号艇vs3号艇のcumulative差が有利(+4.4pt)、3号艇のwin_rate_rank_2to6が不利(-4.0pt) / [候補2]4号艇のwin_rate_rank_2to6が有利(+15.7pt)、4号艇のcumulative_diff_rank_2to6が有利(+6.4pt)、天気+16.8pt
121,09,津,7,13:26,0.39372741619428164,2,0.458234055828466,5,0.2373483914407889,0.27386987971341886,0.22731752383453668,0.4682649234347182,0.1991633722222387,0.33218839282980867,1-2,1-5,0.18041931081356813,0.08950114131505416,0.029001013705435695,0.09345056889985076,0.0013553767851106967,True,True,False,False,予選,2026-09-24,1号艇のsession_exh_rel_avg,0.1118,2号艇のsession_exh_rel_avg,-0.0818,1号艇の級別順位,-0.0784,1号艇の体重,-0.0783,3号艇のsession_exh_rel_avg,-0.0686,2号艇のsession_exh_rel_avg,0.1729,3号艇のモーター出走数,0.1307,2号艇の全国勝率,0.0516,2号艇のclass_rank_2to6,0.0455,2号艇のsession_exh_rel_last,0.0439,5号艇のwin_rate_rank_2to6,0.2119,5号艇のclass_rank_2to6,0.1656,5号艇のsession_exh_rel_avg,0.1162,1号艇の女子戦2連率,0.0853,5号艇の節間得点,0.0704,-0.0185,北西 3.5m/s,[逃げ]1号艇のsession_exh_rel_avgが有利(+11.2pt)、2号艇のsession_exh_rel_avgが不利(-8.2pt) / [2着]2号艇のsession_exh_rel_avgが有利(+17.3pt)、3号艇のモーター出走数が有利(+13.1pt) / [候補2]5号艇のwin_rate_rank_2to6が有利(+21.2pt)、5号艇のclass_rank_2to6が有利(+16.6pt) / [除外]6号艇の全国勝率が不利(-14.6pt)、6号艇の直近平均着順が不利(-12.8pt)、天気-1.9pt
122,13,尼崎,1,10:46,0.3780979302889198,3,0.4900908267908706,5,0.18723564792157105,0.25609573821866455,0.18688184900858704,0.4904446257038546,0.19866416412083684,0.3264004044642216,1-3,1-5,0.07065964031871318,0.18530232726321366,0.04342105084391782,0.0707934109554509,0.007921506189591287,False,False,True,False,朝からセンプ,2026-09-24,1号艇のdominance,-0.1212,1号艇のracer_win_te,-0.1207,1号艇の勝率順位,-0.0726,1号艇の全国勝率,-0.0688,2号艇の平均ST,-0.0628,3号艇のwin_rate_rank_2to6,0.1948,2号艇のvs_boat3_diff,0.0509,3号艇のclass_rank_2to6,0.0495,ST差分(3-2),-0.0417,5号艇の直近平均着順,-0.0361,5号艇のwin_rate_rank_2to6,0.1146,mean_234_全国勝率,0.0846,1号艇vs4号艇の直近複勝率差,-0.0838,5号艇の年齢,0.0836,1号艇vs4号艇の勝率差,0.0828,-0.0041,南西 2.5m/s,[逃げ]1号艇のdominanceが不利(-12.1pt)、1号艇のracer_win_teが不利(-12.1pt) / [2着]3号艇のwin_rate_rank_2to6が有利(+19.5pt)、2号艇のvs_boat3_diffが有利(+5.1pt) / [候補2]5号艇のwin_rate_rank_2to6が有利(+11.5pt)、mean_234_全国勝率が有利(+8.5pt) / [除外]4号艇のwin_rate_rank_2to6が不利(-5.7pt)、2号艇のwin_rate_rank_2to6が不利(-5.3pt)、天気-0.4pt
123,20,若松,2,15:27,0.4177906843046636,3,0.37147066992381295,2,0.27591791577715974,0.27047292023103775,0.22126789423774484,0.42612069146322784,0.19865655202161148,0.31716725160069476,1-3,1-2,0.1152759348444561,0.15519698538658164,0.09244366494823934,0.03726949166435551,0.0176046136865973,True,False,False,False,予選,2026-09-24,1号艇のsession_avg_finish,-0.0859,1号艇のdominance,0.0827,1号艇のsession_exh_rel_avg,-0.0819,1号艇の級別順位,-0.0773,1号艇の節間得点,-0.0721,3号艇のsession_exh_rel_avg,0.089,3号艇のwin_rate_rank_2to6,0.0782,3号艇の全国勝率,0.0451,3号艇の当地勝率,-0.0423,場特性:1x_diff_course3,0.0421,2号艇のwin_rate_rank_2to6,-0.1204,2号艇のsession_exh_rel_avg,-0.1164,2号艇の全国勝率,0.0646,1号艇のsession_rank_diff_last,0.0378,3号艇の当地2連率,0.0364,0.0758,北 2.4m/s,[逃げ]1号艇のsession_avg_finishが不利(-8.6pt)、1号艇のdominanceが有利(+8.3pt) / [2着]3号艇のsession_exh_rel_avgが有利(+8.9pt)、3号艇のwin_rate_rank_2to6が有利(+7.8pt) / [候補2]2号艇のwin_rate_rank_2to6が不利(-12.0pt)、2号艇のsession_exh_rel_avgが不利(-11.6pt) / [除外]6号艇のwin_rate_rank_2to6が不利(-5.6pt)、天気+7.6pt
124,10,三国,7,11:19,0.4655521456293926,4,0.3546617127505333,5,0.230517387574926,0.2724313857339952,0.22667680630868686,0.3585022940167725,0.19832673398627684,0.2982526582188284,1-4,1-5,0.08533748339304419,0.10552987354142741,0.1651135213436061,0.1073178643903891,0.0022534069715336538,True,True,False,False,一般,2026-09-24,1号艇のdominance,-0.1872,1号艇のsession_exh_rel_avg,-0.1209,1号艇の節間得点,0.1058,5号艇の節間得点,-0.1008,6号艇の枠別出走数,-0.0513,4号艇の節間得点,0.1351,4号艇のclass_rank_2to6,0.1204,4号艇のwin_rate_rank_2to6,0.0687,5号艇の直近平均着順,0.0607,4号艇のsession_exh_rel_avg,-0.0496,5号艇のwin_rate_rank_2to6,0.2716,5号艇のclass_rank_2to6,0.187,場特性:1x_diff_course5,-0.1518,5号艇のsession_exh_rel_avg,0.078,1号艇vs5号艇のplace_rate差,-0.0705,-0.0878,北 4.2m/s,[逃げ]1号艇のdominanceが不利(-18.7pt)、1号艇のsession_exh_rel_avgが不利(-12.1pt) / [2着]4号艇の節間得点が有利(+13.5pt)、4号艇のclass_rank_2to6が有利(+12.0pt) / [候補2]5号艇のwin_rate_rank_2to6が有利(+27.2pt)、5号艇のclass_rank_2to6が有利(+18.7pt) / [除外]6号艇の節間得点が不利(-12.6pt)、6号艇のwin_rate_rank_2to6が不利(-7.5pt)、天気-8.8pt
125,11,琵琶湖,6,13:03,0.28424151158427713,3,0.5016997148719646,2,0.2959472555450583,0.22672438058195377,0.11535342429994387,0.682293546117079,0.1953402601750593,0.3633951302424913,1-3,1-2,0.08412049526534571,0.14260388531660806,0.03278823168943853,0.020011332687318917,0.004717563448919422,True,True,False,False,予選,2026-09-24,1号艇のdominance,-0.2346,4号艇のsession_exh_rel_last,-0.1193,1号艇のracer_win_te,-0.1053,1号艇のvs_max234_diff,-0.087,1号艇の級別順位,-0.07,3号艇のsession_exh_rel_avg,0.132,4号艇のsession_exh_rel_last,-0.0577,3号艇のsession_exh_rel_last,0.0543,4号艇のsession_exh_rel_delta,0.0533,3号艇のwin_rate_rank_2to6,0.0499,2号艇のwin_rate_rank_2to6,0.1647,2号艇のclass_rank_2to6,0.0863,2号艇のsession_exh_rel_avg,-0.0705,2号艇の全国勝率,0.0535,3号艇のsession_exh_rel_delta,0.0372,0.0832,北東 1.6m/s,[逃げ]1号艇のdominanceが不利(-23.5pt)、4号艇のsession_exh_rel_lastが不利(-11.9pt) / [2着]3号艇のsession_exh_rel_avgが有利(+13.2pt)、4号艇のsession_exh_rel_lastが不利(-5.8pt) / [候補2]2号艇のwin_rate_rank_2to6が有利(+16.5pt)、2号艇のclass_rank_2to6が有利(+8.6pt) / [除外]6号艇のsession_exh_rel_avgが不利(-7.0pt)、6号艇のwin_rate_rank_2to6が不利(-6.1pt)、天気+8.3pt
126,06,浜名湖,5,13:20,0.4435260800203811,2,0.3168483765607992,5,0.3022371411581419,0.27458057287127013,0.24364134093508563,0.37544417678385555,0.19430155810837382,0.30483965404504576,1-2,1-5,0.14053051841683287,0.04741954066071758,0.10806128887584773,0.13405005445443724,0.013464672655755428,True,True,False,False,一般,2026-09-24,1号艇のdominance,-0.1272,4号艇のsession_exh_rel_avg,-0.0919,1号艇の級別順位,-0.0796,5号艇のsession_exh_rel_avg,-0.0737,1号艇のモーター2連率,0.0701,2号艇のwin_rate_rank_2to6,-0.1554,2号艇のsession_exh_rel_avg,0.1276,2号艇の全国勝率,-0.0778,3号艇のracer_avgfin_te,0.0633,2号艇のclass_rank_2to6,-0.0597,5号艇のwin_rate_rank_2to6,0.2246,5号艇のclass_rank_2to6,0.1568,1号艇の体重,-0.1515,5号艇のsession_exh_rel_avg,0.099,3号艇の枠別平均ST,0.0827,-0.0363,西 3.4m/s,[逃げ]1号艇のdominanceが不利(-12.7pt)、4号艇のsession_exh_rel_avgが不利(-9.2pt) / [2着]2号艇のwin_rate_rank_2to6が不利(-15.5pt)、2号艇のsession_exh_rel_avgが有利(+12.8pt) / [候補2]5号艇のwin_rate_rank_2to6が有利(+22.5pt)、5号艇のclass_rank_2to6が有利(+15.7pt) / [除外]6号艇のvs_avg456_diffが不利(-6.1pt)、3号艇のracer_2nd_teが不利(-5.1pt)、天気-3.6pt
127,22,福岡,6,14:14,0.2819591999751704,3,0.4430627500032754,2,0.3760956511374598,0.23096924743858138,0.14132860455428492,0.6778297965864502,0.19179817371604374,0.365027412182942,1-3,1-2,0.10604362890885895,0.12492561852972245,0.0398489002737334,0.009425907403400751,0.0017151479449456935,True,True,False,False,予選,2026-09-24,1号艇のdominance,-0.3226,1号艇の年齢,-0.163,1号艇のvs_max234_diff,-0.1497,1号艇の級別順位,-0.0894,3号艇のracer_win_te,-0.0888,3号艇のwin_rate_rank_2to6,0.2033,3号艇のsession_exh_rel_avg,0.0794,場特性:1x_diff_course3,0.0516,1号艇のvs_max234_diff,-0.0514,1号艇vs3号艇のplace_rate差,-0.0488,2号艇のsession_exh_rel_avg,0.1147,場特性:1x_diff_course2,0.0583,1号艇の年齢,-0.0489,2号艇の全国勝率,0.0378,2号艇のwin_rate_rank_2to6,-0.0325,0.064,北 3.6m/s,[逃げ]1号艇のdominanceが不利(-32.3pt)、1号艇の年齢が不利(-16.3pt) / [2着]3号艇のwin_rate_rank_2to6が有利(+20.3pt)、3号艇のsession_exh_rel_avgが有利(+7.9pt) / [候補2]2号艇のsession_exh_rel_avgが有利(+11.5pt)、場特性:1x_diff_course2が有利(+5.8pt) / [除外]3号艇のracer_avgfin_teが不利(-6.9pt)、6号艇のwin_rate_rank_2to6が不利(-6.7pt)、天気+6.4pt
128,11,琵琶湖,1,10:30,0.4112343562162396,3,0.29626719327544326,2,0.27746291127794837,0.23593753018788982,0.16877088466313622,0.40495921989025535,0.18815426735383514,0.2866440370985995,1-3,1-2,0.1141022816932707,0.12183524849461914,0.06940438610249006,0.04556713362780219,0.060325312425926925,False,False,True,False,予選,2026-09-24,1号艇のdominance,-0.2813,1号艇のracer_win_te,-0.1348,1号艇の級別順位,-0.09,1号艇のモーター2連率,0.0766,風速区分,0.076,3号艇のsession_exh_rel_avg,-0.2146,3号艇の当地勝率,0.1053,3号艇のwin_rate_rank_2to6,-0.0979,3号艇のsession_exh_rel_last,-0.0845,3号艇の節間得点,-0.0465,6号艇のsession_exh_rel_last,-0.0874,2号艇のsession_exh_rel_avg,-0.0827,2号艇のsession_avg_finish,-0.0635,2号艇の節間得点,-0.0518,2号艇の全国勝率,0.0482,0.0382,西 0.7m/s,[逃げ]1号艇のdominanceが不利(-28.1pt)、1号艇のracer_win_teが不利(-13.5pt) / [2着]3号艇のsession_exh_rel_avgが不利(-21.5pt)、3号艇の当地勝率が有利(+10.5pt) / [候補2]6号艇のsession_exh_rel_lastが不利(-8.7pt)、2号艇のsession_exh_rel_avgが不利(-8.3pt) / [除外]4号艇のwin_rate_rank_2to6が不利(-5.9pt)、天気+3.8pt
129,09,津,10,15:05,0.4410425440137054,5,0.3231497488543106,2,0.25325041507483714,0.25421699466922815,0.22628800132466634,0.3501121626044814,0.18518548791747255,0.2829855450498041,1-5,1-2,0.11169420733713302,0.09980263578400758,0.08445000227797395,0.1425227873320951,0.002572914568518733,True,False,False,False,予選特賞,2026-09-24,1号艇のdominance,-0.2682,6号艇の枠別出走数,-0.1451,1号艇のsession_exh_rel_avg,0.1337,1号艇のracer_win_te,0.1093,1号艇の年齢,-0.0898,5号艇のwin_rate_rank_2to6,0.2362,5号艇のclass_rank_2to6,0.147,5号艇のsession_exh_rel_avg,0.1001,5号艇のモーター2連率,0.0741,4号艇のsession_rank_diff_last,0.0633,2号艇のsession_exh_rel_avg,-0.1477,2号艇のclass_rank_2to6,0.0811,レース時間帯,-0.06,2号艇の全国勝率,0.0444,2号艇のwin_rate_rank_2to6,0.0433,0.1072,北西 3.3m/s,[逃げ]1号艇のdominanceが不利(-26.8pt)、6号艇の枠別出走数が不利(-14.5pt) / [2着]5号艇のwin_rate_rank_2to6が有利(+23.6pt)、5号艇のclass_rank_2to6が有利(+14.7pt) / [候補2]2号艇のsession_exh_rel_avgが不利(-14.8pt)、2号艇のclass_rank_2to6が有利(+8.1pt) / [除外]6号艇のvs_avg456_diffが不利(-11.7pt)、6号艇の直近平均着順が不利(-10.2pt)、天気+10.7pt
130,10,三国,5,10:18,0.37347908001905444,2,0.3549690317098728,3,0.24887227577654536,0.22552209599753043,0.16410802320080253,0.43973328428561564,0.18111011356282283,0.289785452483956,1-2,1-3,0.13257350739825785,0.09294858859927257,0.061290913528781375,0.05180177628481357,0.034864296990565015,False,False,True,False,一般,2026-09-24,1号艇のdominance,-0.2976,1号艇のsession_exh_rel_avg,0.1455,5号艇の節間得点,-0.0987,1号艇の級別順位,-0.0983,1号艇のracer_win_te,-0.0921,2号艇のsession_exh_rel_avg,0.0814,6号艇の当地2連率,-0.0688,2号艇の全国勝率,0.0463,2号艇のモーター2連率,-0.0452,2号艇のwin_rate_rank_2to6,0.0412,3号艇のsession_exh_rel_avg,0.1408,3号艇のwin_rate_rank_2to6,-0.1069,3号艇のracer_avgfin_te,-0.0847,3号艇の全国勝率,-0.0815,5号艇の節間得点,-0.0485,-0.0579,北 4.6m/s,[逃げ]1号艇のdominanceが不利(-29.8pt)、1号艇のsession_exh_rel_avgが有利(+14.6pt) / [2着]2号艇のsession_exh_rel_avgが有利(+8.1pt)、6号艇の当地2連率が不利(-6.9pt) / [候補2]3号艇のsession_exh_rel_avgが有利(+14.1pt)、3号艇のwin_rate_rank_2to6が不利(-10.7pt)、天気-5.8pt
131,08,常滑,3,11:40,0.2642993754785645,2,0.6363476982528148,5,0.1441654882934317,0.20628914775695728,0.10614565167307718,0.6743675348731692,0.18001311253086216,0.34671266389182087,1-2,1-5,0.16818629923544098,0.021560544740985427,0.02805422944695955,0.038102848521516304,0.008395460425805563,True,True,False,False,予選,2026-09-24,1号艇のdominance,-0.3933,1号艇vs2号艇のcumulative差,-0.124,1号艇のvs_max234_diff,-0.1216,1号艇の級別順位,-0.0891,1号艇の全国勝率,-0.0865,2号艇のwin_rate_rank_2to6,0.2156,2号艇のclass_rank_2to6,0.0993,2号艇のracer_avgfin_te,0.0765,2号艇のsession_exh_rel_avg,0.066,2号艇の直近平均着順,0.0633,5号艇のwin_rate_rank_2to6,0.1265,5号艇のclass_rank_2to6,0.1137,5号艇の年齢,-0.1047,5号艇の節間得点,0.0838,1号艇vs5号艇のcumulative差,0.0552,0.0047,西 2.7m/s,[逃げ]1号艇のdominanceが不利(-39.3pt)、1号艇vs2号艇のcumulative差が不利(-12.4pt) / [2着]2号艇のwin_rate_rank_2to6が有利(+21.6pt)、2号艇のclass_rank_2to6が有利(+9.9pt) / [候補2]5号艇のwin_rate_rank_2to6が有利(+12.6pt)、5号艇のclass_rank_2to6が有利(+11.4pt) / [除外]6号艇のsession_exh_rel_avgが不利(-6.8pt)、2号艇の直近1着率が不利(-6.4pt)、天気+0.5pt
132,01,桐生,2,15:47,0.3237019305666984,2,0.34318433702395373,3,0.3362518441219634,0.21993480353379835,0.15625991082442492,0.5231762703214922,0.17869441218894386,0.31090724357010646,1-2,1-3,0.1110894324349063,0.10884537109889209,0.050581634804046476,0.03479131350683522,0.018394172089658174,True,False,False,False,一般,2026-09-24,1号艇のdominance,-0.2154,2号艇のsession_exh_rel_avg,-0.1124,1号艇vs3号艇のcumulative差,-0.0923,5号艇の節間得点,-0.0912,1号艇の全国勝率,-0.0748,2号艇のsession_exh_rel_avg,0.1723,2号艇のwin_rate_rank_2to6,-0.1039,3号艇のモーター出走数,0.059,2号艇の全国勝率,0.0567,5号艇の女子戦2連率,0.0419,3号艇のwin_rate_rank_2to6,0.1517,3号艇の節間得点,0.1016,1号艇vs3号艇のcumulative差,0.1006,3号艇の当地勝率,0.077,6号艇のモーター出走数,0.0745,0.0443,南 1.4m/s,[逃げ]1号艇のdominanceが不利(-21.5pt)、2号艇のsession_exh_rel_avgが不利(-11.2pt) / [2着]2号艇のsession_exh_rel_avgが有利(+17.2pt)、2号艇のwin_rate_rank_2to6が不利(-10.4pt) / [候補2]3号艇のwin_rate_rank_2to6が有利(+15.2pt)、3号艇の節間得点が有利(+10.2pt) / [除外]6号艇のwin_rate_rank_2to6が不利(-5.8pt)、6号艇のvs_avg456_diffが不利(-5.0pt)、天気+4.4pt
133,22,福岡,8,15:15,0.39962814636361976,3,0.32911920151748775,2,0.21702517675491606,0.2182546655359123,0.20561869053093068,0.3405256877414731,0.16440197930019967,0.2549359721975805,1-3,1-2,0.08672936910080405,0.13152529643510827,0.0821710161545906,0.07926897614570404,0.01993348182812394,True,False,False,False,予選,2026-09-24,1号艇のdominance,-0.229,1号艇のsession_exh_rel_avg,-0.1609,3号艇のsession_exh_rel_avg,-0.1316,1号艇の勝率順位,-0.0755,1号艇のvs_max234_diff,0.0731,3号艇のwin_rate_rank_2to6,-0.1324,3号艇のsession_exh_rel_avg,0.1232,風向(度),0.0813,場特性:1x_diff_course3,0.0756,3号艇の全国勝率,-0.0594,2号艇のwin_rate_rank_2to6,-0.1183,2号艇のclass_rank_2to6,-0.0706,2号艇のsession_exh_rel_avg,-0.0438,2号艇のcumulative_diff_rank_2to6,-0.043,second_best_win_rate,-0.0385,0.0825,北 3.2m/s,[逃げ]1号艇のdominanceが不利(-22.9pt)、1号艇のsession_exh_rel_avgが不利(-16.1pt) / [2着]3号艇のwin_rate_rank_2to6が不利(-13.2pt)、3号艇のsession_exh_rel_avgが有利(+12.3pt) / [候補2]2号艇のwin_rate_rank_2to6が不利(-11.8pt)、2号艇のclass_rank_2to6が不利(-7.1pt)、天気+8.2pt
134,18,徳山,5,10:25,0.4074680472514849,2,0.3197287641183515,3,0.3174593453785671,0.2596337947085748,0.3149972927811596,0.322190816715759,0.1614930637713343,0.27840090131073003,1-2,1-3,0.13027925516543531,0.12935453954313944,0.12835133177904337,0.009287173949047194,0.010195751368629864,False,False,True,False,予選,2026-09-24,場特性:in_escape_diff,0.2174,2号艇のsession_exh_rel_avg,-0.1917,1号艇のdominance,-0.143,1号艇の級別順位,-0.1023,2号艇の体重,0.0816,2号艇のsession_exh_rel_avg,0.1291,2号艇のwin_rate_rank_2to6,0.0552,2号艇のclass_rank_2to6,0.0528,2号艇の全国勝率,0.047,avg_entry_count,-0.0422,3号艇のwin_rate_rank_2to6,0.1268,1号艇vs2号艇のplace_rate差,0.0435,3号艇のsession_exh_rel_avg,-0.0406,3号艇のモーター2連率,0.0397,6号艇のsession_exh_rel_last,0.0387,-0.0077,南西 2.3m/s,[逃げ]場特性:in_escape_diffが有利(+21.7pt)、2号艇のsession_exh_rel_avgが不利(-19.2pt) / [2着]2号艇のsession_exh_rel_avgが有利(+12.9pt)、2号艇のwin_rate_rank_2to6が有利(+5.5pt) / [候補2]3号艇のwin_rate_rank_2to6が有利(+12.7pt)、1号艇vs2号艇のplace_rate差が有利(+4.4pt) / [除外]6号艇のwin_rate_rank_2to6が不利(-6.2pt)、天気-0.8pt
135,09,津,3,11:28,0.2773418463085545,3,0.47635407725796636,2,0.23984531872824827,0.1986320628078883,0.161409320711969,0.5547900752742456,0.16015878321256222,0.3054794665477955,1-3,1-2,0.06651914352455611,0.13211291928333221,0.04476555901766709,0.027612498166295973,0.0063317216673981335,True,True,False,False,予選,2026-09-24,1号艇のdominance,-0.2402,1号艇の年齢,-0.1148,3号艇のsession_exh_rel_avg,-0.1047,1号艇vs3号艇のcumulative差,-0.0897,1号艇の級別順位,-0.0849,3号艇のwin_rate_rank_2to6,0.1738,3号艇の当地勝率,0.1149,3号艇のsession_exh_rel_avg,0.1139,3号艇の一般戦2連率,0.0946,2号艇のvs_boat3_diff,0.0528,2号艇のwin_rate_rank_2to6,-0.1418,1号艇の年齢,0.0612,2号艇のsession_exh_rel_avg,0.0507,2号艇のsession_avg_finish,0.0468,2号艇のclass_rank_2to6,-0.0456,0.0166,北西 1.6m/s,[逃げ]1号艇のdominanceが不利(-24.0pt)、1号艇の年齢が不利(-11.5pt) / [2着]3号艇のwin_rate_rank_2to6が有利(+17.4pt)、3号艇の当地勝率が有利(+11.5pt) / [候補2]2号艇のwin_rate_rank_2to6が不利(-14.2pt)、1号艇の年齢が有利(+6.1pt) / [除外]6号艇のsession_exh_rel_avgが不利(-6.3pt)、1号艇vs5号艇の枠別平均ST差が不利(-5.9pt)、天気+1.7pt
136,02,戸田,8,14:16,0.4122236991499106,5,0.27831451938621354,4,0.26976392788468717,0.2259309249583499,0.2455136918362503,0.30256475543465045,0.15936796237454592,0.24892107410124004,1-5,1-4,0.1012065622406903,0.07069099038164443,0.11120308424983547,0.11472784070851445,0.014395222337052422,True,True,False,False,一般戦,2026-09-24,場特性:in_escape_diff,-0.1318,1号艇のracer_win_te,-0.1312,1号艇の級別順位,-0.0899,1号艇のdominance,-0.0755,1号艇の勝率順位,-0.0717,5号艇のwin_rate_rank_2to6,0.2391,5号艇のclass_rank_2to6,0.1525,5号艇のsession_exh_rel_avg,-0.145,4号艇のsession_exh_rel_avg,0.1074,5号艇の枠別勝率,0.0727,4号艇のsession_rank_diff_last,-0.1026,4号艇の節間得点,-0.0831,4号艇のclass_rank_2to6,0.0823,2号艇の節間得点,0.0649,1号艇vs4号艇の枠別平均ST差,0.0632,0.0298,南東 0.9m/s,[逃げ]場特性:in_escape_diffが不利(-13.2pt)、1号艇のracer_win_teが不利(-13.1pt) / [2着]5号艇のwin_rate_rank_2to6が有利(+23.9pt)、5号艇のclass_rank_2to6が有利(+15.2pt) / [候補2]4号艇のsession_rank_diff_lastが不利(-10.3pt)、4号艇の節間得点が不利(-8.3pt) / [除外]6号艇のwin_rate_rank_2to6が不利(-5.1pt)、天気+3.0pt
137,10,三国,6,10:48,0.38384938625106035,4,0.2976046510133812,2,0.23072345001165098,0.2027984173176468,0.19736866411359238,0.33095943691143975,0.1547671540652451,0.24124672319578466,1-4,1-2,0.08856305468069943,0.07575984058519412,0.11423536263694738,0.05974127743519711,0.04554985091302229,False,False,True,False,一般,2026-09-24,1号艇のracer_win_te,-0.1803,1号艇の年齢,0.1208,1号艇のdominance,-0.0944,2号艇のsession_exh_rel_avg,-0.0922,1号艇の級別順位,-0.082,4号艇のsession_exh_rel_avg,0.107,2号艇の節間得点,0.0734,4号艇のwin_rate_rank_2to6,-0.0568,4号艇のcumulative_diff_rank_2to6,0.0491,4号艇の節間得点,0.0408,5号艇のsession_rank_diff_last,-0.2162,2号艇のsession_exh_rel_avg,0.1583,2号艇のwin_rate_rank_2to6,-0.1327,2号艇の全国勝率,0.0624,3号艇の年齢,-0.037,0.0095,北 3.8m/s,[逃げ]1号艇のracer_win_teが不利(-18.0pt)、1号艇の年齢が有利(+12.1pt) / [2着]4号艇のsession_exh_rel_avgが有利(+10.7pt)、2号艇の節間得点が有利(+7.3pt) / [候補2]5号艇のsession_rank_diff_lastが不利(-21.6pt)、2号艇のsession_exh_rel_avgが有利(+15.8pt)、天気+0.9pt
138,09,津,6,12:56,0.3000838017477401,3,0.39098578387777594,5,0.23744565842190354,0.18858209634310338,0.1587410359545326,0.4696904063451469,0.15265923553992533,0.27291458934371643,1-3,1-5,0.04763561356261084,0.11732850045536326,0.047222901966554605,0.0712535958877401,0.016643192670219464,True,True,False,False,予選,2026-09-24,1号艇のdominance,-0.2417,1号艇のracer_win_te,-0.1613,1号艇のsession_exh_rel_avg,0.1461,2号艇の平均ST,-0.111,1号艇の級別順位,-0.1023,3号艇のsession_exh_rel_avg,0.0878,3号艇のracer_avgfin_te,0.0514,6号艇のracer_2nd_te,-0.0493,1号艇vs6号艇の枠別勝率差,0.0449,場特性:1x_diff_course3,-0.0369,5号艇のwin_rate_rank_2to6,0.1061,5号艇のsession_exh_rel_avg,0.0857,2号艇の当地勝率,-0.0638,5号艇のclass_rank_2to6,0.0498,5号艇の枠別勝率,0.0441,-0.0177,北西 3.7m/s,[逃げ]1号艇のdominanceが不利(-24.2pt)、1号艇のracer_win_teが不利(-16.1pt) / [2着]3号艇のsession_exh_rel_avgが有利(+8.8pt)、3号艇のracer_avgfin_teが有利(+5.1pt) / [候補2]5号艇のwin_rate_rank_2to6が有利(+10.6pt)、5号艇のsession_exh_rel_avgが有利(+8.6pt) / [除外]4号艇の女子戦2連率が不利(-14.0pt)、1号艇vs6号艇の枠別勝率差が不利(-6.9pt)、天気-1.8pt
139,06,浜名湖,1,11:26,0.3408264571709102,3,0.3329694161421861,4,0.3163891681174617,0.22131858570673377,0.26006198017255944,0.38929660408708844,0.1522507261292736,0.2717119912208401,1-3,1-4,0.08863600334706492,0.11348478645000777,0.10783379925672597,0.021826535456836205,0.009045339326082188,True,True,False,False,一般,2026-09-24,1号艇の年齢,-0.2818,1号艇のdominance,-0.1438,1号艇のsession_exh_rel_avg,0.1357,1号艇のracer_win_te,-0.1152,1号艇の級別順位,-0.0844,3号艇のsession_exh_rel_avg,-0.1428,3号艇のwin_rate_rank_2to6,0.0609,3号艇のsession_exh_rel_last,-0.045,3号艇のsession_rank_diff_delta,-0.0395,1号艇vs4号艇のlocal_win_rate差,-0.033,4号艇のwin_rate_rank_2to6,0.1561,4号艇のclass_rank_2to6,0.112,4号艇の節間得点,-0.0922,4号艇のsession_exh_rel_avg,-0.0444,4号艇の枠別出走数,-0.0419,-0.0291,西 3.1m/s,[逃げ]1号艇の年齢が不利(-28.2pt)、1号艇のdominanceが不利(-14.4pt) / [2着]3号艇のsession_exh_rel_avgが不利(-14.3pt)、3号艇のwin_rate_rank_2to6が有利(+6.1pt) / [候補2]4号艇のwin_rate_rank_2to6が有利(+15.6pt)、4号艇のclass_rank_2to6が有利(+11.2pt) / [除外]6号艇のsession_exh_rel_avgが不利(-7.3pt)、6号艇の直近平均着順が不利(-5.3pt)、天気-2.9pt
140,11,琵琶湖,8,14:04,0.2152538562946454,2,0.5018087394479548,3,0.2795706487464471,0.16819492653799573,0.08816128059732262,0.6932181075970792,0.15040099040172095,0.32570188085572077,1-2,1-3,0.10801626628852722,0.06017866024946852,0.014146689202111115,0.013935182524441272,0.018977055624447993,True,True,False,False,予選,2026-09-24,1号艇のdominance,-0.3886,2号艇のsession_exh_rel_avg,-0.2978,1号艇のvs_max234_diff,-0.1494,1号艇の級別順位,-0.0912,1号艇の全国勝率,-0.0825,2号艇のwin_rate_rank_2to6,0.1853,2号艇のsession_exh_rel_avg,0.1142,2号艇のclass_rank_2to6,0.0954,1号艇vs6号艇のplace_rate差,-0.0689,2号艇のracer_avgfin_te,0.0652,3号艇のsession_exh_rel_avg,-0.1463,3号艇のモーター2連率,0.13,3号艇のwin_rate_rank_2to6,-0.0751,6号艇のracer_2nd_te,-0.0665,3号艇のracer_2nd_te,0.048,0.1042,北 1.6m/s,[逃げ]1号艇のdominanceが不利(-38.9pt)、2号艇のsession_exh_rel_avgが不利(-29.8pt) / [2着]2号艇のwin_rate_rank_2to6が有利(+18.5pt)、2号艇のsession_exh_rel_avgが有利(+11.4pt) / [候補2]3号艇のsession_exh_rel_avgが不利(-14.6pt)、3号艇のモーター2連率が有利(+13.0pt)、天気+10.4pt
141,11,琵琶湖,9,14:38,0.25239148830061003,2,0.5700503871676939,3,0.1818300377457483,0.1897682194679987,0.1744588190865337,0.5774216058269084,0.15004013210574926,0.3060642353756716,1-2,1-3,0.14387586562359322,0.045892353844405515,0.04403192099641712,0.008504345157992484,0.010087000327622782,True,True,False,False,予選,2026-09-24,1号艇vs2号艇のcumulative差,-0.1093,1号艇のdominance,-0.0823,ST差分(4-3),-0.0821,1号艇の勝率順位,-0.0757,2号艇のsession_exh_rel_avg,-0.0736,2号艇の当地勝率,0.343,2号艇のwin_rate_rank_2to6,0.2197,2号艇のsession_exh_rel_avg,0.0997,2号艇のclass_rank_2to6,0.0992,2号艇の全国勝率,0.0554,3号艇のwin_rate_rank_2to6,-0.1357,3号艇のcumulative_diff_rank_2to6,-0.0638,3号艇のsession_exh_rel_avg,0.0461,6号艇のsession_exh_rel_last,0.037,3号艇の全国勝率,0.0368,0.0693,北西 1.7m/s,[逃げ]1号艇vs2号艇のcumulative差が不利(-10.9pt)、1号艇のdominanceが不利(-8.2pt) / [2着]2号艇の当地勝率が有利(+34.3pt)、2号艇のwin_rate_rank_2to6が有利(+22.0pt) / [候補2]3号艇のwin_rate_rank_2to6が不利(-13.6pt)、3号艇のcumulative_diff_rank_2to6が不利(-6.4pt)、天気+6.9pt
142,18,徳山,6,10:55,0.3204497599077692,3,0.39872533572521424,4,0.26846638813462864,0.21380142772333727,0.2634214746002966,0.40377024925954624,0.14621756288830098,0.2707920741841999,1-3,1-4,0.08441334829021556,0.12777143810228958,0.08602998962104773,0.017868218040182616,0.004366760482075988,False,False,True,False,予選,2026-09-24,1号艇のdominance,-0.4084,場特性:in_escape_diff,0.2887,1号艇のracer_win_te,-0.2011,1号艇のvs_max234_diff,-0.1389,1号艇の年齢,0.1207,3号艇のwin_rate_rank_2to6,0.1532,3号艇のsession_exh_rel_avg,-0.1154,3号艇の当地勝率,0.0895,3号艇のclass_rank_2to6,0.0551,1号艇のvs_max234_diff,-0.0484,4号艇の節間得点,0.1235,4号艇のclass_rank_2to6,0.0975,4号艇のwin_rate_rank_2to6,-0.0924,4号艇のcumulative_diff_rank_2to6,0.0563,4号艇の直近複勝率,0.0453,0.0086,南西 2.1m/s,[逃げ]1号艇のdominanceが不利(-40.8pt)、場特性:in_escape_diffが有利(+28.9pt) / [2着]3号艇のwin_rate_rank_2to6が有利(+15.3pt)、3号艇のsession_exh_rel_avgが不利(-11.5pt) / [候補2]4号艇の節間得点が有利(+12.3pt)、4号艇のclass_rank_2to6が有利(+9.7pt) / [除外]6号艇のwin_rate_rank_2to6が不利(-6.8pt)、6号艇のsession_exh_rel_avgが不利(-5.1pt)、天気+0.9pt
143,21,芦屋,8,12:09,0.2054430025203707,2,0.47119845508963526,4,0.33182073930899997,0.16497467437874486,0.1131137657873022,0.6899054286113331,0.1425815863645283,0.3224539006485213,1-2,1-4,0.09680442539657472,0.02323843166972935,0.06817024898217015,0.007226403101599405,0.01000349757963861,True,True,False,False,予選,2026-09-24,1号艇のdominance,-0.3112,1号艇の年齢,-0.1888,1号艇のvs_max234_diff,-0.1555,2号艇の直近1着率,-0.1255,1号艇の級別順位,-0.0929,2号艇のwin_rate_rank_2to6,0.2075,2号艇のclass_rank_2to6,0.0758,1号艇vs2号艇のplace_rate差,-0.0667,4号艇の女子戦比率,0.064,2号艇の体重,-0.0603,4号艇のモーター2連率,0.1267,4号艇のclass_rank_2to6,0.1071,4号艇のwin_rate_rank_2to6,0.076,1号艇のモーター出走数,0.0729,場特性:1x_diff_course4,0.0595,0.0801,北 3.0m/s,[逃げ]1号艇のdominanceが不利(-31.1pt)、1号艇の年齢が不利(-18.9pt) / [2着]2号艇のwin_rate_rank_2to6が有利(+20.7pt)、2号艇のclass_rank_2to6が有利(+7.6pt) / [候補2]4号艇のモーター2連率が有利(+12.7pt)、4号艇のclass_rank_2to6が有利(+10.7pt) / [除外]2号艇の直近1着率が不利(-7.7pt)、5号艇のwin_rate_rank_2to6が不利(-5.6pt)、天気+8.0pt
144,13,尼崎,4,11:59,0.2215890431794146,4,0.4287142056664618,2,0.31700966481001835,0.16524423893493295,0.12569351612145763,0.6200303543550225,0.14032008364227774,0.3016800735609598,1-4,1-2,0.07024586830387891,0.02785230597121012,0.09499837063105404,0.01784207320469069,0.010650420115679774,True,True,False,False,予選,2026-09-24,1号艇のdominance,-0.4392,1号艇のvs_max234_diff,-0.1809,1号艇のracer_win_te,-0.1679,1号艇の級別順位,-0.104,1号艇の全国勝率,-0.0996,4号艇のwin_rate_rank_2to6,0.2251,4号艇のclass_rank_2to6,0.1843,4号艇の全国勝率,0.158,5号艇のracer_win_te,0.0787,4号艇のsession_exh_rel_avg,0.0586,3号艇のracer_2nd_te,0.0844,3号艇の全国勝率,-0.0694,1号艇vs2号艇のplace_rate差,-0.0606,2号艇の全国勝率,0.0443,3号艇のracer_avgfin_te,0.0435,-0.0006,南西 2.8m/s,[逃げ]1号艇のdominanceが不利(-43.9pt)、1号艇のvs_max234_diffが不利(-18.1pt) / [2着]4号艇のwin_rate_rank_2to6が有利(+22.5pt)、4号艇のclass_rank_2to6が有利(+18.4pt) / [候補2]3号艇のracer_2nd_teが有利(+8.4pt)、3号艇の全国勝率が不利(-6.9pt) / [除外]5号艇のracer_win_teが不利(-7.6pt)、3号艇の直近平均着順が不利(-6.6pt)、天気影響ほぼなし
145,13,尼崎,2,11:13,0.23107315118736532,2,0.5195756140610035,5,0.19451576486262873,0.16500734516361465,0.12890928251839517,0.5851820964052371,0.13948217099324656,0.2910597705361014,1-2,1-5,0.12005997442118643,0.02978747412882792,0.02953334317543693,0.04494737074242821,0.0067449869978567,True,True,False,False,予選,2026-09-24,1号艇のdominance,-0.4381,1号艇のvs_max234_diff,-0.1605,1号艇のracer_win_te,-0.1381,1号艇の級別順位,-0.1018,1号艇の全国勝率,-0.0988,2号艇のwin_rate_rank_2to6,0.2047,2号艇のclass_rank_2to6,0.0761,2号艇のracer_avgfin_te,0.0757,2号艇の全国勝率,0.0539,1号艇の直近複勝率,0.0411,5号艇のclass_rank_2to6,0.1616,5号艇のwin_rate_rank_2to6,0.1253,5号艇の枠別勝率,0.0707,5号艇の年齢,0.068,1号艇のracer_win_te,0.0613,0.0472,南西 3.0m/s,[逃げ]1号艇のdominanceが不利(-43.8pt)、1号艇のvs_max234_diffが不利(-16.1pt) / [2着]2号艇のwin_rate_rank_2to6が有利(+20.5pt)、2号艇のclass_rank_2to6が有利(+7.6pt) / [候補2]5号艇のclass_rank_2to6が有利(+16.2pt)、5号艇のwin_rate_rank_2to6が有利(+12.5pt) / [除外]6号艇のwin_rate_rank_2to6が不利(-8.2pt)、win_rate_range_1to6が不利(-6.6pt)、天気+4.7pt
146,13,尼崎,3,11:36,0.26055679468595555,2,0.3391507524147419,4,0.32206924280570254,0.17228536253690188,0.1609654985008258,0.5002544967196187,0.1390069634187244,0.27067610279171694,1-2,1-4,0.08836803296451524,0.04194065434440215,0.08391732957238661,0.027257704448566202,0.01907307723868414,True,True,False,False,予選,2026-09-24,1号艇のdominance,-0.4051,1号艇のracer_win_te,-0.2241,1号艇のvs_max234_diff,-0.1601,1号艇の年齢,0.1203,1号艇の級別順位,-0.1049,1号艇vs2号艇のplace_rate差,-0.0755,1号艇vs6号艇の枠別平均ST差,0.0744,2号艇の全国勝率,0.0543,1号艇vs2号艇のlocal_win_rate差,0.0458,2号艇のsession_exh_rel_avg,0.0452,4号艇のwin_rate_rank_2to6,0.1704,4号艇のclass_rank_2to6,0.1248,4号艇の全国勝率,0.0574,1号艇の一般戦2連率,0.0517,3号艇の女子戦2連率,-0.0462,0.0212,南西 3.1m/s,[逃げ]1号艇のdominanceが不利(-40.5pt)、1号艇のracer_win_teが不利(-22.4pt) / [2着]1号艇vs2号艇のplace_rate差が不利(-7.6pt)、1号艇vs6号艇の枠別平均ST差が有利(+7.4pt) / [候補2]4号艇のwin_rate_rank_2to6が有利(+17.0pt)、4号艇のclass_rank_2to6が有利(+12.5pt)、天気+2.1pt
147,02,戸田,6,13:14,0.37238744410068253,4,0.2562611730322094,3,0.2495595041700564,0.18836126915662812,0.24300751957000918,0.26281315763225654,0.13343342339565484,0.21069683569931663,1-4,1-3,0.09049294910992231,0.09293282590892092,0.09542844324770722,0.08970294616962786,0.0038302755027502067,True,True,False,False,一般戦,2026-09-24,場特性:in_escape_diff,-0.1952,1号艇の年齢,-0.1272,1号艇の節間得点,-0.0782,1号艇の勝率順位,-0.0687,風速区分,0.0579,5号艇のsession_rank_diff_delta,0.0946,4号艇のclass_rank_2to6,-0.0922,4号艇のwin_rate_rank_2to6,0.0869,4号艇の節間得点,-0.0838,6号艇の体重,0.0708,3号艇のsession_exh_rel_avg,-0.1407,3号艇のwin_rate_rank_2to6,-0.0535,3号艇の当地勝率,0.0512,3号艇のsession_rank_diff_delta,0.0499,3号艇のsession_exh_rel_last,-0.0492,-0.0437,南東 0.9m/s,[逃げ]場特性:in_escape_diffが不利(-19.5pt)、1号艇の年齢が不利(-12.7pt) / [2着]5号艇のsession_rank_diff_deltaが有利(+9.5pt)、4号艇のclass_rank_2to6が不利(-9.2pt) / [候補2]3号艇のsession_exh_rel_avgが不利(-14.1pt)、3号艇のwin_rate_rank_2to6が不利(-5.4pt) / [除外]4号艇の女子戦2連率が不利(-14.4pt)、6号艇のwin_rate_rank_2to6が不利(-7.3pt)、天気-4.4pt
148,02,戸田,3,11:45,0.25836484324271686,2,0.33737231847341065,3,0.31050393992223624,0.16738844794106922,0.17101172718447877,0.4768645312111681,0.13303798282931148,0.26023127292209886,1-2,1-3,0.08716514617681469,0.08022330176425453,0.04418341808668412,0.01885668021545017,0.027936293149577168,True,True,False,False,一般戦,2026-09-24,1号艇のdominance,-0.2961,1号艇のracer_win_te,-0.2434,1号艇のvs_max234_diff,-0.139,場特性:in_escape_diff,-0.135,1号艇の年齢,0.1333,2号艇のwin_rate_rank_2to6,-0.146,2号艇のsession_exh_rel_avg,-0.1354,2号艇の全国勝率,0.0512,4号艇のモーター2連率,0.0502,1号艇の枠別勝率,0.046,3号艇のsession_exh_rel_avg,0.1389,3号艇のモーター2連率,0.092,3号艇の女子戦比率,-0.0635,1号艇のracer_avgfin_te,0.0632,1号艇のvs_max234_diff,-0.0549,0.0724,北東 0.4m/s,[逃げ]1号艇のdominanceが不利(-29.6pt)、1号艇のracer_win_teが不利(-24.3pt) / [2着]2号艇のwin_rate_rank_2to6が不利(-14.6pt)、2号艇のsession_exh_rel_avgが不利(-13.5pt) / [候補2]3号艇のsession_exh_rel_avgが有利(+13.9pt)、3号艇のモーター2連率が有利(+9.2pt) / [除外]1号艇のracer_2nd_teが不利(-5.3pt)、天気+7.2pt
149,02,戸田,1,10:47,0.283916419526588,3,0.3694077631526104,2,0.3146972910657332,0.19422865757371446,0.2627038721402558,0.42140118207808774,0.13299911306345213,0.26238041492502645,1-3,1-2,0.08934772811409948,0.10488092945961501,0.07458594277383201,0.011145917068630485,0.003955905812259823,False,False,True,False,一般戦,2026-09-24,1号艇のracer_win_te,-0.2573,1号艇の女子戦比率,-0.217,1号艇の全国2連率,-0.1286,場特性:in_escape_diff,-0.1286,1号艇の年齢,0.1219,3号艇のsession_exh_rel_last,0.0929,3号艇のsession_exh_rel_avg,0.074,3号艇のracer_avgfin_te,-0.0628,3号艇の全国勝率,-0.0596,3号艇のモーター2連率,0.0543,5号艇の直近平均着順,-0.1489,2号艇のモーター2連率,0.0867,2号艇の全国勝率,-0.0824,second_best_win_rate,0.0625,1号艇の枠別平均ST,-0.0547,0.0024,北西 0.6m/s,[逃げ]1号艇のracer_win_teが不利(-25.7pt)、1号艇の女子戦比率が不利(-21.7pt) / [2着]3号艇のsession_exh_rel_lastが有利(+9.3pt)、3号艇のsession_exh_rel_avgが有利(+7.4pt) / [候補2]5号艇の直近平均着順が不利(-14.9pt)、2号艇のモーター2連率が有利(+8.7pt) / [除外]6号艇の直近平均着順が不利(-18.7pt)、6号艇の全国勝率が不利(-17.9pt)、天気影響ほぼなし
150,02,戸田,2,11:16,0.3411003756980159,2,0.28748540106123055,3,0.23825097010482071,0.17932887372285158,0.22001942125433116,0.30571694991172005,0.13198187171002018,0.21724529657951208,1-2,1-3,0.09806137830968051,0.08126749541317109,0.050288168329841745,0.07504870725071237,0.03643462893600602,True,True,False,False,一般戦,2026-09-24,1号艇のdominance,-0.2072,1号艇のracer_win_te,-0.1652,場特性:in_escape_diff,-0.1559,1号艇のsession_exh_rel_avg,0.1245,1号艇の級別順位,-0.0796,2号艇のcumulative_diff_rank_2to6,-0.0582,3号艇の全国勝率,-0.0578,2号艇のclass_rank_2to6,-0.0577,2号艇の体重,-0.047,2号艇の全国勝率,0.0397,3号艇のモーター2連率,0.1574,3号艇のsession_exh_rel_avg,-0.1495,3号艇のwin_rate_rank_2to6,-0.1183,3号艇のracer_avgfin_te,-0.0844,3号艇のracer_2nd_te,-0.0614,0.016,北 0.4m/s,[逃げ]1号艇のdominanceが不利(-20.7pt)、1号艇のracer_win_teが不利(-16.5pt) / [2着]2号艇のcumulative_diff_rank_2to6が不利(-5.8pt)、3号艇の全国勝率が不利(-5.8pt) / [候補2]3号艇のモーター2連率が有利(+15.7pt)、3号艇のsession_exh_rel_avgが不利(-14.9pt) / [除外]6号艇のsession_exh_rel_avgが不利(-6.5pt)、天気+1.6pt
151,09,津,2,11:00,0.17687808386337006,2,0.5970113348285567,3,0.1516176481805085,0.13241606003922687,0.12084599189616411,0.6277829911129011,0.11321371989712001,0.28102613936132914,1-2,1-3,0.10559822094918796,0.026817839090038917,0.021375007489161855,0.017078738120821002,0.006008275413740938,True,True,False,False,予選,2026-09-24,1号艇のdominance,-0.3905,1号艇のsession_exh_rel_avg,-0.2338,1号艇のracer_win_te,-0.2162,1号艇のvs_max234_diff,-0.1517,1号艇の全国勝率,-0.0973,2号艇のwin_rate_rank_2to6,0.1945,1号艇vs2号艇のplace_rate差,-0.065,6号艇のsession_exh_rel_last,-0.0597,1号艇の直近複勝率,0.0586,場特性:1x_diff_course2,0.0545,3号艇のsession_exh_rel_avg,-0.1401,1号艇のrecent_4to6_rate,-0.0871,3号艇の全国勝率,-0.0582,3号艇の節間得点,-0.0554,3号艇の年齢,-0.0509,0.0661,北西 0.9m/s,[逃げ]1号艇のdominanceが不利(-39.1pt)、1号艇のsession_exh_rel_avgが不利(-23.4pt) / [2着]2号艇のwin_rate_rank_2to6が有利(+19.4pt)、1号艇vs2号艇のplace_rate差が不利(-6.5pt) / [候補2]3号艇のsession_exh_rel_avgが不利(-14.0pt)、1号艇のrecent_4to6_rateが不利(-8.7pt) / [除外]5号艇の直近平均着順が不利(-13.7pt)、win_rate_range_1to6が不利(-7.4pt)、天気+6.6pt
152,08,常滑,2,11:10,0.24867494555341982,5,0.3002402521810459,2,0.2666190871239348,0.1409637153381136,0.21840698993824675,0.3484523493667339,0.10401876242910249,0.2032103055466997,1-5,1-2,0.06630148697404697,0.03942780366870137,0.054312346331379824,0.07466222836406662,0.013971077436065947,True,True,False,False,予選,2026-09-24,1号艇のdominance,-0.3642,1号艇のracer_win_te,-0.2187,1号艇の全国2連率,-0.2061,1号艇のvs_max234_diff,-0.1451,1号艇の平均ST,-0.145,1号艇vs6号艇の直近複勝率差,0.2037,1号艇vs3号艇の枠別勝率差,0.0889,1号艇vs5号艇のlocal_win_rate差,0.0689,ST差分(4-3),0.0684,5号艇のracer_avgfin_te,0.0621,2号艇のsession_exh_rel_avg,-0.1025,2号艇のwin_rate_rank_2to6,0.0843,2号艇のclass_rank_2to6,0.079,2号艇の全国勝率,0.0553,1号艇vs2号艇のplace_rate差,-0.0451,0.0486,西 2.7m/s,[逃げ]1号艇のdominanceが不利(-36.4pt)、1号艇のracer_win_teが不利(-21.9pt) / [2着]1号艇vs6号艇の直近複勝率差が有利(+20.4pt)、1号艇vs3号艇の枠別勝率差が有利(+8.9pt) / [候補2]2号艇のsession_exh_rel_avgが不利(-10.3pt)、2号艇のwin_rate_rank_2to6が有利(+8.4pt) / [除外]6号艇のsession_exh_rel_avgが不利(-6.1pt)、4号艇のwin_rate_rank_2to6が不利(-5.4pt)、天気+4.9pt
153,08,常滑,4,12:07,0.18180849796710596,2,0.3693361355956408,3,0.20165687105126073,0.10381138088819493,0.2005190675200096,0.37047393912689197,0.07883198733579645,0.18381014835980403,1-2,1-3,0.06714844805761884,0.03666293283057609,0.021977801406070127,0.03645607047957765,0.019563243838684387,True,True,False,False,予選,2026-09-24,1号艇のdominance,-0.3047,6号艇の枠別出走数,-0.1553,1号艇のracer_win_te,-0.1449,5号艇の節間得点,-0.1412,1号艇の直近1着率,-0.1242,2号艇のsession_exh_rel_avg,0.0928,2号艇の全国勝率,0.0529,3号艇の全国勝率,-0.0506,avg_entry_count,-0.0358,1号艇の節間得点,-0.0319,3号艇のwin_rate_rank_2to6,-0.1377,3号艇のracer_avgfin_te,-0.0874,5号艇の節間得点,-0.0867,3号艇の節間得点,0.0661,3号艇のsession_exh_rel_avg,-0.0603,0.0301,西 2.7m/s,[逃げ]1号艇のdominanceが不利(-30.5pt)、6号艇の枠別出走数が不利(-15.5pt) / [2着]2号艇のsession_exh_rel_avgが有利(+9.3pt)、2号艇の全国勝率が有利(+5.3pt) / [候補2]3号艇のwin_rate_rank_2to6が不利(-13.8pt)、3号艇のracer_avgfin_teが不利(-8.7pt)、天気+3.0pt
154,02,戸田,9,14:48,0.12058529226683083,3,0.3651808265479216,2,0.30548202299932115,0.08087207572515986,0.11253517313803182,0.5581276764092109,0.06995093207264441,0.22404875593037515,1-3,1-2,0.03683663902563588,0.044035436699523985,0.0128655887424453,0.013570086743147977,0.013277542852938567,True,True,False,False,戸田特選,2026-09-24,1号艇のdominance,-0.3488,1号艇のracer_win_te,-0.3068,1号艇の年齢,-0.1618,場特性:in_escape_diff,-0.1411,1号艇の全国2連率,-0.0874,3号艇のsession_exh_rel_avg,0.1141,4号艇のsession_rank_diff_last,-0.1058,3号艇の枠別勝率,-0.0735,6号艇のracer_2nd_te,-0.0562,3号艇の当地勝率,0.0548,2号艇のsession_exh_rel_avg,0.0722,2号艇の全国勝率,-0.0517,2号艇のモーター2連率,0.0512,1号艇の直近複勝率,0.0487,2号艇のclass_rank_2to6,-0.0418,0.0287,南 0.5m/s,[逃げ]1号艇のdominanceが不利(-34.9pt)、1号艇のracer_win_teが不利(-30.7pt) / [2着]3号艇のsession_exh_rel_avgが有利(+11.4pt)、4号艇のsession_rank_diff_lastが不利(-10.6pt) / [候補2]2号艇のsession_exh_rel_avgが有利(+7.2pt)、2号艇の全国勝率が不利(-5.2pt) / [除外]4号艇のwin_rate_rank_2to6が不利(-5.1pt)、天気+2.9pt
155,02,戸田,4,12:14,0.1479226054948518,2,0.3619098885753123,5,0.21636432072006764,0.08553982772944786,0.20839663922847657,0.3698775700669034,0.06414837258664813,0.1708411504306845,1-2,1-5,0.0535346536724117,0.02028014198251935,0.0308265738510469,0.03200517405703616,0.011276064136056294,True,True,False,False,一般戦,2026-09-24,1号艇のdominance,-0.3723,場特性:in_escape_diff,-0.1554,1号艇のvs_max234_diff,-0.1422,1号艇vs2号艇のcumulative差,-0.1175,4号艇の枠別勝率,-0.101,2号艇の節間得点,0.0651,2号艇のsession_exh_rel_avg,0.0613,1号艇vs2号艇のplace_rate差,-0.0604,2号艇のwin_rate_rank_2to6,0.0521,2号艇の体重,-0.0503,1号艇vs6号艇の直近複勝率差,0.2172,1号艇vs2号艇のcumulative差,0.1113,4号艇のsession_rank_diff_last,0.0971,5号艇のsession_exh_rel_avg,0.0686,2号艇の当地勝率,-0.0662,-0.0455,南東 0.5m/s,[逃げ]1号艇のdominanceが不利(-37.2pt)、場特性:in_escape_diffが不利(-15.5pt) / [2着]2号艇の節間得点が有利(+6.5pt)、2号艇のsession_exh_rel_avgが有利(+6.1pt) / [候補2]1号艇vs6号艇の直近複勝率差が有利(+21.7pt)、1号艇vs2号艇のcumulative差が有利(+11.1pt)、天気-4.5pt
156,01,桐生,1,15:21,0.04661732988803821,3,0.4802670034212264,4,0.24820674332855155,0.0339595009670096,0.16025295245468835,0.5682207942950896,0.027428968614388243,0.19423788896543362,1-3,1-4,0.00747056475011231,0.02238876533282689,0.011570735634182715,0.0048437867002681986,0.0003434769605127839,True,False,False,False,一般,2026-09-24,1号艇のdominance,-0.3415,1号艇のsession_exh_rel_avg,-0.2728,1号艇の女子戦比率,-0.2207,1号艇vs2号艇のcumulative差,-0.1875,1号艇の直近1着率,-0.1545,1号艇の節間得点,0.2286,4号艇のモーター出走数,0.1382,3号艇の節間得点,0.1113,3号艇のsession_exh_rel_avg,0.1092,1号艇vs3号艇のcumulative差,0.0796,1号艇のモーター出走数,0.1309,1号艇の平均ST,0.1082,2号艇のsession_exh_rel_avg,0.0899,4号艇の節間得点,0.0812,1号艇の一般戦2連率,0.078,-0.0513,南東 0.9m/s,[逃げ]1号艇のdominanceが不利(-34.1pt)、1号艇のsession_exh_rel_avgが不利(-27.3pt) / [2着]1号艇の節間得点が有利(+22.9pt)、4号艇のモーター出走数が有利(+13.8pt) / [候補2]1号艇のモーター出走数が有利(+13.1pt)、1号艇の平均STが有利(+10.8pt) / [除外]6号艇の節間得点が不利(-12.3pt)、6号艇の直近平均着順が不利(-11.1pt)、天気-5.1pt
