rank,venue_code,venue_name,race_no,closing_time,in_escape_prob,second_pred_1,second_pred_1_prob,second_pred_2,second_pred_2_prob,confidence_score,third_prob,top2_margin,adjusted_score,score_margin_blend,ticket_1,ticket_2,score_boat2,score_boat3,score_boat4,score_boat5,score_boat6,is_teppan,is_lunch,is_excluded,is_channel_target,race_grade,race_date,top_feat_1,top_feat_1_contrib,top_feat_2,top_feat_2_contrib,top_feat_3,top_feat_3_contrib,top_feat_4,top_feat_4_contrib,top_feat_5,top_feat_5_contrib,s2_top_feat_1,s2_top_feat_1_contrib,s2_top_feat_2,s2_top_feat_2_contrib,s2_top_feat_3,s2_top_feat_3_contrib,s2_top_feat_4,s2_top_feat_4_contrib,s2_top_feat_5,s2_top_feat_5_contrib,s2_top2_feat_1,s2_top2_feat_1_contrib,s2_top2_feat_2,s2_top2_feat_2_contrib,s2_top2_feat_3,s2_top2_feat_3_contrib,s2_top2_feat_4,s2_top2_feat_4_contrib,s2_top2_feat_5,s2_top2_feat_5_contrib,weather_contribution,wind_info,reason_text
1,05,多摩川,9,15:40,0.903472110429268,3,0.45415708184784076,2,0.4360095176850618,0.8042406963136365,0.05516982890475981,0.8349967706281427,0.7509969103769946,0.8134675186079883,1-3,1-2,0.39392243911017005,0.4103182572034665,0.04984440175260498,0.04246054578070371,0.006926496032161907,True,False,False,False,予選,2026-08-18,1号艇のdominance,0.174,1号艇のsession_exh_rel_avg,0.1735,1号艇のracer_win_te,0.1393,1号艇の勝率順位,0.0898,1号艇の全国勝率,0.0848,3号艇のwin_rate_rank_2to6,0.2182,1号艇の直近1着率,0.1343,3号艇のsession_exh_rel_avg,-0.0913,1号艇vs3号艇のcumulative差,-0.0901,3号艇の当地勝率,0.0869,1号艇vs4号艇のcumulative差,0.1302,1号艇vs2号艇のcumulative差,-0.0739,2号艇のclass_rank_2to6,0.054,2号艇のsession_exh_rel_avg,0.0358,2号艇の全国勝率,0.0353,0.0997,南 1.9m/s,[逃げ]1号艇のdominanceが有利(+17.4pt)、1号艇のsession_exh_rel_avgが有利(+17.4pt) / [2着]3号艇のwin_rate_rank_2to6が有利(+21.8pt)、1号艇の直近1着率が有利(+13.4pt) / [候補2]1号艇vs4号艇のcumulative差が有利(+13.0pt)、1号艇vs2号艇のcumulative差が不利(-7.4pt) / [除外]5号艇の直近平均着順が不利(-12.6pt)、1号艇vs5号艇の勝率差が不利(-7.3pt)、天気+10.0pt
2,12,住之江,11,19:58,0.8665724181150992,2,0.6055997638032922,3,0.27157174942318263,0.760132639318347,0.08210649295727235,0.7950650202692024,0.6852384490822053,0.7706123536036036,1-2,1-3,0.5247960517289518,0.23533658758939519,0.07115122214493386,0.02704075903383193,0.008247814566213863,True,False,False,False,特別選抜戦,2026-08-18,1号艇のdominance,0.2085,1号艇のracer_win_te,0.1723,1号艇の節間得点,0.1326,風速区分,0.1001,2号艇のsession_exh_rel_avg,-0.0932,2号艇のwin_rate_rank_2to6,0.1819,2号艇のsession_exh_rel_avg,0.1636,2号艇のclass_rank_2to6,0.0699,2号艇の節間得点,0.0637,2号艇の全国勝率,0.0577,1号艇の直近1着率,0.1158,3号艇のsession_exh_rel_avg,0.0938,3号艇のwin_rate_rank_2to6,0.065,6号艇のracer_2nd_te,-0.0644,風向(度),0.0615,0.1418,北 0.3m/s,[逃げ]1号艇のdominanceが有利(+20.9pt)、1号艇のracer_win_teが有利(+17.2pt) / [2着]2号艇のwin_rate_rank_2to6が有利(+18.2pt)、2号艇のsession_exh_rel_avgが有利(+16.4pt) / [候補2]1号艇の直近1着率が有利(+11.6pt)、3号艇のsession_exh_rel_avgが有利(+9.4pt) / [除外]6号艇のsession_exh_rel_avgが不利(-7.5pt)、1号艇vs6号艇のcumulative差が不利(-7.2pt)、天気+14.2pt
3,15,丸亀,9,19:04,0.7579371499420526,2,0.4337442382230935,3,0.43070362425289144,0.6551971491585474,0.060927380054268704,0.8035204824217163,0.60729381429784,0.6996941491374981,1-2,1-3,0.3287508717225982,0.3264462774359493,0.04617912479176869,0.04011904630969655,0.016441821211432107,True,False,False,False,予選,2026-08-18,1号艇の級別順位,-0.1133,1号艇のracer_win_te,0.0978,風速区分,0.0778,5号艇の女子戦2連率,0.0706,1号艇のlocal_win_rate順位,0.0682,2号艇のclass_rank_2to6,0.101,2号艇の節間得点,0.0711,2号艇のsession_exh_rel_avg,-0.0675,2号艇の一般戦勝率,-0.0593,2号艇の全国勝率,0.0492,3号艇のwin_rate_rank_2to6,0.226,3号艇の全国勝率,0.0565,3号艇の節間得点,0.0429,3号艇のモーター2連率,0.0414,3号艇のclass_rank_2to6,0.0401,0.1181,北東 0.6m/s,[逃げ]1号艇の級別順位が不利(-11.3pt)、1号艇のracer_win_teが有利(+9.8pt) / [2着]2号艇のclass_rank_2to6が有利(+10.1pt)、2号艇の節間得点が有利(+7.1pt) / [候補2]3号艇のwin_rate_rank_2to6が有利(+22.6pt)、3号艇の全国勝率が有利(+5.7pt) / [除外]1号艇vs6号艇の枠別平均ST差が不利(-5.4pt)、5号艇のwin_rate_rank_2to6が不利(-5.1pt)、天気+11.8pt
4,05,多摩川,10,16:15,0.7660279735680939,2,0.5864426859609311,3,0.285463119956747,0.6679042376493748,0.07778896901871066,0.7941168368989674,0.6055575391894075,0.7057680174242525,1-2,1-3,0.44923150234048215,0.2186727353088926,0.059588526303354164,0.027116718809663612,0.011418488665443937,True,False,False,False,新涼選抜戦,2026-08-18,1号艇のdominance,0.1817,1号艇の勝率順位,0.0875,風速区分,0.0783,1号艇の級別順位,0.0775,1号艇のsession_exh_rel_avg,-0.0754,2号艇のwin_rate_rank_2to6,0.186,2号艇の当地勝率,0.1202,2号艇のsession_exh_rel_avg,-0.1183,2号艇のclass_rank_2to6,0.0872,2号艇のracer_avgfin_te,0.0707,3号艇のsession_exh_rel_avg,-0.1105,3号艇の年齢,-0.0883,3号艇のwin_rate_rank_2to6,0.0644,3号艇の当地勝率,0.0559,3号艇の節間得点,0.0457,0.0845,南 1.6m/s,[逃げ]1号艇のdominanceが有利(+18.2pt)、1号艇の勝率順位が有利(+8.7pt) / [2着]2号艇のwin_rate_rank_2to6が有利(+18.6pt)、2号艇の当地勝率が有利(+12.0pt) / [候補2]3号艇のsession_exh_rel_avgが不利(-11.0pt)、3号艇の年齢が不利(-8.8pt) / [除外]1号艇vs5号艇の枠別平均ST差が不利(-8.0pt)、6号艇のwin_rate_rank_2to6が不利(-6.4pt)、天気+8.5pt
5,18,徳山,12,14:23,0.8475092676956362,3,0.46846381551970073,2,0.31582082202360173,0.6646884988292617,0.11151861550759408,0.6727660220357083,0.5757383294693493,0.6671117557911956,1-3,1-2,0.26766107359625657,0.39702742523300516,0.09451306016327228,0.08084605313323506,0.0074616733292186925,True,True,False,False,お盆選抜,2026-08-18,1号艇のdominance,0.266,場特性:in_escape_diff,0.2391,1号艇の全国勝率,0.102,race_no,0.0951,1号艇の年齢,-0.0925,3号艇のwin_rate_rank_2to6,0.1752,3号艇のsession_exh_rel_avg,0.1322,場特性:1x_diff_course3,0.0518,3号艇の節間得点,0.0472,3号艇の当地勝率,0.0465,2号艇のsession_exh_rel_avg,-0.0758,レース時間帯,-0.0725,2号艇のモーター2連率,0.0508,2号艇の全国勝率,0.0497,場特性:in_escape_diff,0.0431,0.1084,南東 2.1m/s,[逃げ]1号艇のdominanceが有利(+26.6pt)、場特性:in_escape_diffが有利(+23.9pt) / [2着]3号艇のwin_rate_rank_2to6が有利(+17.5pt)、3号艇のsession_exh_rel_avgが有利(+13.2pt) / [候補2]2号艇のsession_exh_rel_avgが不利(-7.6pt)、レース時間帯が不利(-7.2pt) / [除外]6号艇のwin_rate_rank_2to6が不利(-6.1pt)、6号艇のsession_exh_rel_avgが不利(-5.7pt)、天気+10.8pt
6,12,住之江,5,17:01,0.8179500814978957,2,0.45308713326496763,3,0.3324713193195295,0.6425476003128503,0.09379541024797933,0.6917630423365179,0.5702259813826122,0.6573122329199506,1-2,1-3,0.3706026575797282,0.2719449427331221,0.07671996345646326,0.03893909390457736,0.05974343144175859,True,False,False,False,住之江ファイ,2026-08-18,1号艇のdominance,0.1681,1号艇の勝率順位,0.0839,風速区分,0.0776,場特性:in_escape_diff,0.0723,1号艇のvs_max234_diff,0.0669,2号艇のsession_exh_rel_avg,0.1022,2号艇の節間得点,0.0611,2号艇のモーター2連率,0.0507,2号艇のclass_rank_2to6,-0.048,2号艇の全国勝率,0.0464,3号艇のsession_exh_rel_avg,-0.1342,3号艇のwin_rate_rank_2to6,0.0753,3号艇の当地勝率,-0.0466,3号艇のsession_exh_rel_last,-0.0431,2号艇のsession_rank_diff_delta,-0.0362,0.0641,西 1.1m/s,[逃げ]1号艇のdominanceが有利(+16.8pt)、1号艇の勝率順位が有利(+8.4pt) / [2着]2号艇のsession_exh_rel_avgが有利(+10.2pt)、2号艇の節間得点が有利(+6.1pt) / [候補2]3号艇のsession_exh_rel_avgが不利(-13.4pt)、3号艇のwin_rate_rank_2to6が有利(+7.5pt) / [除外]5号艇のsession_exh_rel_avgが不利(-5.3pt)、天気+6.4pt
7,17,宮島,1,10:52,0.8662937562752506,3,0.472702026462979,2,0.2897065561279891,0.6604697948292194,0.11456714091420472,0.6478414416767634,0.5696680315646894,0.6566812888834825,1-3,1-2,0.2509709807256824,0.409498814103537,0.09924879884828236,0.0668411244441167,0.03973404460802365,False,False,True,False,ファーストＢ,2026-08-18,1号艇のdominance,0.2764,1号艇のsession_exh_rel_avg,0.1135,風速区分,0.1122,1号艇の勝率順位,0.0885,1号艇のracer_win_te,0.0748,3号艇のsession_exh_rel_avg,0.0799,3号艇のwin_rate_rank_2to6,0.0785,3号艇の当地勝率,-0.0568,2号艇の節間得点,0.0507,場特性:1x_diff_course3,0.05,2号艇のwin_rate_rank_2to6,-0.1423,2号艇のsession_exh_rel_avg,0.0745,1号艇vs2号艇のcumulative差,-0.0672,2号艇のsession_avg_finish,-0.0529,2号艇のclass_rank_2to6,-0.0505,0.1305,南 1.6m/s,[逃げ]1号艇のdominanceが有利(+27.6pt)、1号艇のsession_exh_rel_avgが有利(+11.3pt) / [2着]3号艇のsession_exh_rel_avgが有利(+8.0pt)、3号艇のwin_rate_rank_2to6が有利(+7.8pt) / [候補2]2号艇のwin_rate_rank_2to6が不利(-14.2pt)、2号艇のsession_exh_rel_avgが有利(+7.5pt) / [除外]local_win_rateの分散(2-6号艇)が不利(-10.8pt)、天気+13.1pt
8,05,多摩川,11,16:47,0.7324256756250902,2,0.47370919291788555,3,0.34932797548133576,0.6028135541293608,0.07961496910796156,0.7434221992912597,0.5452219751415173,0.6449961476779305,1-2,1-3,0.3469567756726985,0.25585677845666227,0.05831204753876943,0.043378717539648934,0.027921333225075826,True,False,False,False,新涼選抜戦,2026-08-18,1号艇のdominance,0.216,5号艇の枠別出走数,-0.1738,1号艇のracer_win_te,0.0983,1号艇のsession_exh_rel_avg,-0.0858,1号艇の勝率順位,0.084,2号艇のwin_rate_rank_2to6,0.2344,2号艇のclass_rank_2to6,0.0836,レース時間帯,-0.0627,2号艇の節間得点,0.0545,2号艇のracer_avgfin_te,0.0526,3号艇のwin_rate_rank_2to6,0.0625,3号艇の一般戦2連率,0.0494,3号艇の節間得点,0.0473,3号艇の枠別勝率,0.0415,3号艇のclass_rank_2to6,0.0409,0.0451,南 1.1m/s,[逃げ]1号艇のdominanceが有利(+21.6pt)、5号艇の枠別出走数が不利(-17.4pt) / [2着]2号艇のwin_rate_rank_2to6が有利(+23.4pt)、2号艇のclass_rank_2to6が有利(+8.4pt) / [候補2]3号艇のwin_rate_rank_2to6が有利(+6.3pt)、3号艇の一般戦2連率が有利(+4.9pt) / [除外]6号艇のsession_exh_rel_avgが不利(-6.3pt)、4号艇のwin_rate_rank_2to6が不利(-5.0pt)、天気+4.5pt
9,09,津,10,14:58,0.7103949950140248,2,0.48397418130983183,3,0.35921352456392147,0.598996326110072,0.08296028551214008,0.7602274203616133,0.5393648386282945,0.6473656543855344,1-2,1-3,0.3438128361185147,0.25518348999155727,0.05893457161275882,0.027008925694861307,0.02545517159633273,True,True,False,False,予選,2026-08-18,1号艇のdominance,0.1696,風速区分,0.093,2号艇のsession_exh_rel_avg,-0.091,4号艇の枠別出走数,-0.0886,1号艇の勝率順位,0.0754,2号艇のwin_rate_rank_2to6,0.1557,2号艇のsession_exh_rel_avg,0.1542,6号艇のsession_rank_diff_last,-0.1014,3号艇のモーター出走数,0.0608,2号艇の全国勝率,0.0581,3号艇のsession_exh_rel_avg,0.1384,4号艇のモーター出走数,-0.1174,6号艇のモーター出走数,0.1049,3号艇のwin_rate_rank_2to6,-0.0651,2号艇のsession_rank_diff_delta,-0.0428,0.0472,南東 1.7m/s,[逃げ]1号艇のdominanceが有利(+17.0pt)、風速区分が有利(+9.3pt) / [2着]2号艇のwin_rate_rank_2to6が有利(+15.6pt)、2号艇のsession_exh_rel_avgが有利(+15.4pt) / [候補2]3号艇のsession_exh_rel_avgが有利(+13.8pt)、4号艇のモーター出走数が不利(-11.7pt) / [除外]6号艇のsession_exh_rel_avgが不利(-6.5pt)、5号艇のsession_exh_rel_avgが不利(-5.7pt)、天気+4.7pt
10,15,丸亀,11,20:07,0.7517297223583127,2,0.4814926397094912,3,0.3394936217699327,0.6171597744019164,0.10905914770139441,0.7119271137780294,0.536391471611687,0.6455899762147503,1-2,1-3,0.3619523283663869,0.25520744603552953,0.08198300282220344,0.02599912379372438,0.026587832542114248,False,False,False,False,予選選抜,2026-08-18,1号艇のdominance,0.1392,風速区分,0.1019,1号艇のsession_exh_rel_last,-0.0713,1号艇のsession_exh_rel_avg,-0.071,1号艇の級別順位,0.0645,2号艇のwin_rate_rank_2to6,0.1458,2号艇のsession_exh_rel_avg,0.1371,2号艇の当地勝率,0.106,2号艇のclass_rank_2to6,0.0766,2号艇の全国勝率,0.0594,3号艇のsession_exh_rel_avg,-0.1042,3号艇のwin_rate_rank_2to6,0.0647,3号艇のclass_rank_2to6,0.0407,3号艇のcumulative_diff_rank_2to6,0.0329,3号艇のracer_2nd_te,0.0325,0.1565,西 0.9m/s,[逃げ]1号艇のdominanceが有利(+13.9pt)、風速区分が有利(+10.2pt) / [2着]2号艇のwin_rate_rank_2to6が有利(+14.6pt)、2号艇のsession_exh_rel_avgが有利(+13.7pt) / [候補2]3号艇のsession_exh_rel_avgが不利(-10.4pt)、3号艇のwin_rate_rank_2to6が有利(+6.5pt) / [除外]6号艇のwin_rate_rank_2to6が不利(-7.3pt)、天気+15.6pt
11,17,宮島,10,15:15,0.8005020753302058,2,0.48419574185264364,3,0.3097845981014177,0.6355829099046083,0.14717856630449733,0.6468017736495639,0.5233298921677274,0.6389485690280949,1-2,1-3,0.3875996962190898,0.24798321368551857,0.1178167477708744,0.029244081852729815,0.01785831790937749,True,False,False,False,準優勝戦,2026-08-18,1号艇のdominance,0.2001,1号艇のsession_exh_rel_avg,0.1249,風速区分,0.0905,1号艇のracer_win_te,0.088,1号艇の全国勝率,0.0685,2号艇のwin_rate_rank_2to6,0.1551,2号艇のsession_exh_rel_avg,0.0921,2号艇の節間得点,0.0499,2号艇の全国勝率,0.0478,2号艇のracer_avgfin_te,0.0291,3号艇のsession_exh_rel_avg,0.1064,3号艇のwin_rate_rank_2to6,0.0708,3号艇の一般戦2連率,0.0589,3号艇の節間得点,0.0581,全艇平均勝率,-0.048,0.1306,西 0.7m/s,[逃げ]1号艇のdominanceが有利(+20.0pt)、1号艇のsession_exh_rel_avgが有利(+12.5pt) / [2着]2号艇のwin_rate_rank_2to6が有利(+15.5pt)、2号艇のsession_exh_rel_avgが有利(+9.2pt) / [候補2]3号艇のsession_exh_rel_avgが有利(+10.6pt)、3号艇のwin_rate_rank_2to6が有利(+7.1pt) / [除外]6号艇のwin_rate_rank_2to6が不利(-6.8pt)、5号艇のracer_avgfin_teが不利(-5.7pt)、天気+13.1pt
12,13,尼崎,12,16:05,0.7844558742336991,2,0.4366460586672861,4,0.3299396451684182,0.601352658477493,0.1153737270670018,0.6512119767687026,0.5180963014892551,0.6163104539648558,1-2,1-4,0.342529565682545,0.09050559792994509,0.258823092794948,0.05363397987235605,0.03896365110437131,True,False,False,False,予選特選,2026-08-18,1号艇のracer_win_te,0.1916,1号艇のsession_exh_rel_avg,0.1631,3号艇の平均ST,-0.1111,1号艇のdominance,0.0854,風速区分,0.0791,2号艇のモーター2連率,0.124,2号艇のsession_exh_rel_avg,0.0884,3号艇のracer_win_te,0.0532,3号艇の全国勝率,-0.0484,2号艇のsession_avg_finish,0.0395,4号艇のwin_rate_rank_2to6,0.1856,4号艇のclass_rank_2to6,0.1785,4号艇のcumulative_diff_rank_2to6,-0.0795,4号艇のsession_exh_rel_avg,0.0768,4号艇の全国勝率,0.062,0.1368,北 0.9m/s,[逃げ]1号艇のracer_win_teが有利(+19.2pt)、1号艇のsession_exh_rel_avgが有利(+16.3pt) / [2着]2号艇のモーター2連率が有利(+12.4pt)、2号艇のsession_exh_rel_avgが有利(+8.8pt) / [候補2]4号艇のwin_rate_rank_2to6が有利(+18.6pt)、4号艇のclass_rank_2to6が有利(+17.9pt)、天気+13.7pt
13,15,丸亀,12,20:38,0.8105281464209162,2,0.4904045834331457,3,0.2666271809176437,0.6135955527410011,0.13988369520147848,0.6171480691493109,0.5105971368090751,0.6146613076634939,1-2,1-3,0.39748671800638913,0.21610883473461204,0.11337967218616275,0.05759687460920299,0.025956040845644037,False,False,False,False,予選選抜,2026-08-18,1号艇のdominance,0.1737,風速区分,0.1039,race_no,0.103,1号艇の全国勝率,0.0954,1号艇の勝率順位,0.0806,2号艇のwin_rate_rank_2to6,0.1473,2号艇のsession_exh_rel_avg,0.0976,2号艇のclass_rank_2to6,0.0846,2号艇の全国勝率,0.0643,2号艇のcumulative_diff_rank_2to6,-0.0448,3号艇のwin_rate_rank_2to6,0.0623,3号艇の節間得点,0.0493,3号艇のcumulative_diff_rank_2to6,0.0406,全艇平均勝率,-0.0403,3号艇のracer_2nd_te,0.0374,0.1436,南西 1.2m/s,[逃げ]1号艇のdominanceが有利(+17.4pt)、風速区分が有利(+10.4pt) / [2着]2号艇のwin_rate_rank_2to6が有利(+14.7pt)、2号艇のsession_exh_rel_avgが有利(+9.8pt) / [候補2]3号艇のwin_rate_rank_2to6が有利(+6.2pt)、3号艇の節間得点が有利(+4.9pt) / [除外]6号艇のwin_rate_rank_2to6が不利(-7.8pt)、天気+14.4pt
14,15,丸亀,10,19:36,0.8411200290346325,2,0.4554612029852493,4,0.3144930604924329,0.647623952451687,0.18399016893387246,0.5859640945438097,0.5046362239510374,0.6291259950793238,1-2,1-4,0.3830975402791015,0.15475781623574572,0.2645264121725856,0.028639957017534964,0.010098312338236467,True,False,False,False,予選,2026-08-18,1号艇のdominance,0.2445,1号艇のsession_exh_rel_avg,0.1771,1号艇のracer_win_te,0.134,風速区分,0.083,1号艇の勝率順位,0.0768,2号艇のsession_exh_rel_avg,0.117,2号艇のwin_rate_rank_2to6,0.0736,2号艇のclass_rank_2to6,0.0643,2号艇の全国勝率,0.0463,レース時間帯,-0.0398,4号艇のwin_rate_rank_2to6,0.1827,4号艇のclass_rank_2to6,0.1577,4号艇のcumulative_diff_rank_2to6,0.062,4号艇のsession_exh_rel_avg,0.0438,win_rate_gap_top2_2to6,-0.0398,0.108,北西 0.2m/s,[逃げ]1号艇のdominanceが有利(+24.5pt)、1号艇のsession_exh_rel_avgが有利(+17.7pt) / [2着]2号艇のsession_exh_rel_avgが有利(+11.7pt)、2号艇のwin_rate_rank_2to6が有利(+7.4pt) / [候補2]4号艇のwin_rate_rank_2to6が有利(+18.3pt)、4号艇のclass_rank_2to6が有利(+15.8pt) / [除外]6号艇のsession_exh_rel_avgが不利(-7.0pt)、6号艇のwin_rate_rank_2to6が不利(-6.1pt)、天気+10.8pt
15,10,三国,11,13:31,0.7798779098309649,2,0.3909977889280224,3,0.3701563646693845,0.5936073103667029,0.12966643986378806,0.6314877137336188,0.50124217443186,0.6049714313767777,1-2,1-3,0.3049305383777149,0.288676771988988,0.10112399209619355,0.07398826810067691,0.011158340720027356,True,True,False,False,準優勝戦,2026-08-18,1号艇のdominance,0.2224,3号艇のsession_exh_rel_avg,-0.1024,1号艇のracer_win_te,0.0879,1号艇の全国勝率,0.084,1号艇の級別順位,0.0816,2号艇のwin_rate_rank_2to6,0.1788,2号艇のsession_exh_rel_avg,-0.1167,レース時間帯,-0.0683,1号艇vs6号艇のlocal_win_rate差,-0.0657,2号艇の全国勝率,0.0509,3号艇のsession_exh_rel_avg,0.1407,1号艇の直近1着率,0.0571,3号艇のwin_rate_rank_2to6,-0.0546,3号艇の節間得点,0.0506,場特性:1x_diff_course3,-0.048,-0.1272,南東 5.2m/s,[逃げ]1号艇のdominanceが有利(+22.2pt)、3号艇のsession_exh_rel_avgが不利(-10.2pt) / [2着]2号艇のwin_rate_rank_2to6が有利(+17.9pt)、2号艇のsession_exh_rel_avgが不利(-11.7pt) / [候補2]3号艇のsession_exh_rel_avgが有利(+14.1pt)、1号艇の直近1着率が有利(+5.7pt) / [除外]6号艇のsession_exh_rel_avgが不利(-8.0pt)、6号艇のwin_rate_rank_2to6が不利(-6.0pt)、天気-12.7pt
16,11,琵琶湖,12,16:26,0.8299899136119282,2,0.5190810877188918,4,0.2249903544673731,0.6175717920212808,0.16322374676479096,0.5808476954214739,0.49660893387332916,0.6065545630413387,1-2,1-4,0.43083206715338873,0.13547406347672408,0.1867397248678921,0.027489297304570247,0.049454777815096634,True,False,False,False,予選特選,2026-08-18,1号艇のdominance,0.3204,1号艇の全国勝率,0.1444,1号艇のvs_max234_diff,0.1194,風速区分,0.1144,1号艇のracer_win_te,0.0856,2号艇のwin_rate_rank_2to6,0.147,2号艇のモーター2連率,0.1126,2号艇のsession_exh_rel_avg,-0.0881,2号艇の節間得点,0.0551,レース時間帯,-0.0521,4号艇のsession_exh_rel_avg,0.1012,4号艇のclass_rank_2to6,0.0789,4号艇のwin_rate_rank_2to6,-0.0739,4号艇のモーター2連率,0.0638,3号艇の枠別平均ST,0.0491,0.0818,東 1.1m/s,[逃げ]1号艇のdominanceが有利(+32.0pt)、1号艇の全国勝率が有利(+14.4pt) / [2着]2号艇のwin_rate_rank_2to6が有利(+14.7pt)、2号艇のモーター2連率が有利(+11.3pt) / [候補2]4号艇のsession_exh_rel_avgが有利(+10.1pt)、4号艇のclass_rank_2to6が有利(+7.9pt)、天気+8.2pt
17,11,琵琶湖,9,14:40,0.7589610366458921,2,0.5671861629995636,6,0.1813647728066921,0.5681209942217684,0.11794779266584676,0.6306031431404089,0.4877106535390678,0.5868656388973605,1-2,1-6,0.4304721982413547,0.0895177789917658,0.037695067522754686,0.06362718177285219,0.13764879598041374,True,True,False,False,予選,2026-08-18,6号艇の枠別出走数,-0.1823,1号艇のdominance,0.1706,1号艇のsession_exh_rel_avg,0.1217,1号艇のracer_win_te,0.119,風速区分,0.1081,2号艇のwin_rate_rank_2to6,0.1897,2号艇のclass_rank_2to6,0.0726,2号艇のsession_exh_rel_avg,0.0647,2号艇の節間得点,0.0635,ST差分(3-2),-0.0594,6号艇のwin_rate_rank_2to6,0.2058,1号艇のsession_rank_diff_delta,0.1952,1号艇vs6号艇の枠別平均ST差,-0.1493,6号艇のclass_rank_2to6,0.1492,5号艇のracer_2nd_te,0.1206,0.0443,東 1.1m/s,[逃げ]6号艇の枠別出走数が不利(-18.2pt)、1号艇のdominanceが有利(+17.1pt) / [2着]2号艇のwin_rate_rank_2to6が有利(+19.0pt)、2号艇のclass_rank_2to6が有利(+7.3pt) / [候補2]6号艇のwin_rate_rank_2to6が有利(+20.6pt)、1号艇のsession_rank_diff_deltaが有利(+19.5pt)、天気+4.4pt
18,17,宮島,12,16:43,0.8844977527709699,2,0.5123998669418666,3,0.20700289841955227,0.6363101292993962,0.19721618565494464,0.5221865797064742,0.48572134138655837,0.6020730644215195,1-2,1-3,0.45321653083022495,0.18309359846917134,0.17443727302186093,0.05046140499660201,0.023288930625561522,True,False,False,False,準優勝戦,2026-08-18,1号艇のdominance,0.2206,1号艇のsession_exh_rel_avg,0.1773,1号艇の全国勝率,0.1517,風速区分,0.1097,1号艇の勝率順位,0.0862,2号艇のwin_rate_rank_2to6,0.1518,2号艇の当地勝率,0.1004,2号艇のclass_rank_2to6,0.072,2号艇の全国勝率,0.0582,2号艇の節間得点,0.0455,全艇平均勝率,-0.0894,3号艇のwin_rate_rank_2to6,-0.0834,3号艇の枠別平均ST,-0.0581,3号艇の当地勝率,-0.0483,1号艇のracer_2nd_te,0.0448,0.0994,西 0.9m/s,[逃げ]1号艇のdominanceが有利(+22.1pt)、1号艇のsession_exh_rel_avgが有利(+17.7pt) / [2着]2号艇のwin_rate_rank_2to6が有利(+15.2pt)、2号艇の当地勝率が有利(+10.0pt) / [候補2]全艇平均勝率が不利(-8.9pt)、3号艇のwin_rate_rank_2to6が不利(-8.3pt) / [除外]6号艇のwin_rate_rank_2to6が不利(-6.5pt)、5号艇のwin_rate_rank_2to6が不利(-5.2pt)、天気+9.9pt
19,18,徳山,1,08:48,0.766895838476684,3,0.4861997116220117,2,0.28629888025764283,0.5924259553416054,0.15307471689849178,0.6194238749811627,0.48360343286492363,0.6005253312334725,1-3,1-2,0.21956141983012073,0.37286453551148463,0.11739236336544988,0.04415957152848604,0.012917929671230049,False,False,True,False,朝トク予選,2026-08-18,場特性:in_escape_diff,0.1832,1号艇のdominance,0.1803,1号艇の女子戦比率,-0.1417,1号艇のvs_max234_diff,0.0899,1号艇vs4号艇の枠別平均ST差,-0.0794,3号艇のwin_rate_rank_2to6,0.1422,3号艇の節間得点,-0.0934,場特性:1x_diff_course3,0.0538,3号艇の女子戦勝率,0.0497,4号艇の女子戦2連率,0.0412,2号艇の全国勝率,-0.092,2号艇のsession_exh_rel_avg,-0.0621,4号艇のモーター出走数,-0.0562,2号艇の節間得点,-0.0494,2号艇のsession_avg_finish,-0.0465,-0.0004,南東 2.4m/s,[逃げ]場特性:in_escape_diffが有利(+18.3pt)、1号艇のdominanceが有利(+18.0pt) / [2着]3号艇のwin_rate_rank_2to6が有利(+14.2pt)、3号艇の節間得点が不利(-9.3pt) / [候補2]2号艇の全国勝率が不利(-9.2pt)、2号艇のsession_exh_rel_avgが不利(-6.2pt) / [除外]4号艇のracer_avgfin_teが不利(-11.7pt)、6号艇のwin_rate_rank_2to6が不利(-7.3pt)、天気影響ほぼなし
20,17,宮島,3,11:49,0.7435505255609887,2,0.5923564134722656,6,0.16176056370914282,0.5607240747177004,0.11471110168511572,0.6394058754962928,0.4835385430950189,0.5843286149512781,1-2,1-6,0.4404469225567254,0.0852934999456478,0.046769411664835524,0.05076355308251273,0.12027715216097494,True,True,False,False,一般戦,2026-08-18,1号艇のsession_exh_rel_avg,-0.1197,1号艇のracer_win_te,0.0954,1号艇の節間得点,0.0767,1号艇の級別順位,0.0718,風速区分,0.0654,2号艇のclass_rank_2to6,0.0851,3号艇のracer_2nd_te,0.0717,2号艇のsession_exh_rel_avg,-0.0687,2号艇の節間得点,0.0652,3号艇の全国勝率,-0.0589,6号艇のwin_rate_rank_2to6,0.3602,6号艇のclass_rank_2to6,0.2155,4号艇の年齢,-0.2115,6号艇のvs_avg456_diff,0.1168,6号艇のsession_exh_rel_avg,0.0975,0.0921,南東 1.4m/s,[逃げ]1号艇のsession_exh_rel_avgが不利(-12.0pt)、1号艇のracer_win_teが有利(+9.5pt) / [2着]2号艇のclass_rank_2to6が有利(+8.5pt)、3号艇のracer_2nd_teが有利(+7.2pt) / [候補2]6号艇のwin_rate_rank_2to6が有利(+36.0pt)、6号艇のclass_rank_2to6が有利(+21.5pt)、天気+9.2pt
21,18,徳山,5,10:34,0.7936624916327297,4,0.40138329985378823,3,0.35492718783632143,0.6002552661080974,0.1642833081101943,0.5920271795799154,0.4819209611159336,0.5977868401496428,1-4,1-3,0.13038549964840424,0.28169239624637277,0.31856286986172466,0.037150010399760645,0.025871706606597832,False,False,True,False,予選,2026-08-18,場特性:in_escape_diff,0.2342,1号艇のsession_exh_rel_avg,0.1598,1号艇のdominance,0.1206,1号艇のracer_win_te,0.1036,1号艇の級別順位,0.0721,4号艇のwin_rate_rank_2to6,0.2376,4号艇のclass_rank_2to6,0.2163,5号艇のracer_win_te,0.1001,4号艇の全国勝率,0.0932,4号艇のsession_exh_rel_avg,0.0585,3号艇のsession_exh_rel_avg,0.0759,3号艇のclass_rank_2to6,0.0547,6号艇のsession_rank_diff_last,0.0537,3号艇の全国勝率,0.0436,3号艇のwin_rate_rank_2to6,0.0403,0.0413,南東 1.4m/s,[逃げ]場特性:in_escape_diffが有利(+23.4pt)、1号艇のsession_exh_rel_avgが有利(+16.0pt) / [2着]4号艇のwin_rate_rank_2to6が有利(+23.8pt)、4号艇のclass_rank_2to6が有利(+21.6pt) / [候補2]3号艇のsession_exh_rel_avgが有利(+7.6pt)、3号艇のclass_rank_2to6が有利(+5.5pt) / [除外]5号艇のwin_rate_rank_2to6が不利(-5.2pt)、5号艇のracer_avgfin_teが不利(-5.1pt)、天気+4.1pt
22,17,宮島,2,11:19,0.6787165860600484,3,0.5039185530157024,2,0.30779098854909986,0.5509207289232296,0.12206441168421979,0.6896451298805826,0.470223351330443,0.5925380492104355,1-3,1-2,0.2089028489680925,0.34201787995513705,0.08284714077774194,0.03992503511930712,0.005023673022416795,True,True,False,False,一般戦,2026-08-18,1号艇のsession_exh_rel_avg,0.1733,1号艇の級別順位,0.0851,風速区分,0.073,1号艇のモーター2連率順位,-0.0502,1号艇の年齢,0.05,3号艇のwin_rate_rank_2to6,0.1829,3号艇のsession_exh_rel_avg,0.1027,3号艇の当地勝率,0.0818,場特性:1x_diff_course3,0.0591,3号艇のclass_rank_2to6,0.0582,2号艇のclass_rank_2to6,-0.0491,2号艇のsession_exh_rel_avg,-0.0459,2号艇のwin_rate_rank_2to6,-0.0441,2号艇の全国勝率,0.0325,4号艇のモーター出走数,-0.0243,0.0528,南 1.7m/s,[逃げ]1号艇のsession_exh_rel_avgが有利(+17.3pt)、1号艇の級別順位が有利(+8.5pt) / [2着]3号艇のwin_rate_rank_2to6が有利(+18.3pt)、3号艇のsession_exh_rel_avgが有利(+10.3pt) / [候補2]2号艇のclass_rank_2to6が不利(-4.9pt)、2号艇のsession_exh_rel_avgが不利(-4.6pt) / [除外]6号艇のwin_rate_rank_2to6が不利(-7.8pt)、6号艇のvs_avg456_diffが不利(-5.2pt)、天気+5.3pt
23,05,多摩川,12,17:25,0.6331434563013841,4,0.5094695814800512,2,0.3205418089636429,0.5255162805150381,0.10309607594589568,0.7269153144977984,0.46050188087489846,0.5859359907098661,1-4,1-2,0.20294894881633888,0.06527460585549438,0.3225673316986992,0.018058729155813493,0.024293827802500632,True,False,False,False,記者選抜戦,2026-08-18,1号艇のdominance,0.1654,1号艇のsession_exh_rel_avg,0.1163,ST差分(4-3),-0.0968,4号艇のsession_exh_rel_avg,-0.0942,1号艇の年齢,-0.0914,4号艇のwin_rate_rank_2to6,0.1684,4号艇の一般戦2連率,0.1371,4号艇の節間得点,0.1088,4号艇のsession_exh_rel_avg,0.0874,4号艇の全国勝率,0.0824,2号艇のsession_exh_rel_avg,0.1335,2号艇のclass_rank_2to6,0.0817,2号艇の当地勝率,0.071,6号艇のsession_rank_diff_delta,-0.0596,2号艇の全国勝率,0.057,0.0579,南 0.8m/s,[逃げ]1号艇のdominanceが有利(+16.5pt)、1号艇のsession_exh_rel_avgが有利(+11.6pt) / [2着]4号艇のwin_rate_rank_2to6が有利(+16.8pt)、4号艇の一般戦2連率が有利(+13.7pt) / [候補2]2号艇のsession_exh_rel_avgが有利(+13.4pt)、2号艇のclass_rank_2to6が有利(+8.2pt) / [除外]2号艇の直近1着率が不利(-7.4pt)、4号艇の一般戦2連率が不利(-5.0pt)、天気+5.8pt
24,14,鳴門,11,13:41,0.7324141664573278,2,0.47745500621763515,3,0.29661323476949075,0.5669385455036757,0.17361373580668515,0.6004545051804407,0.4488245628744339,0.5769933334067052,1-2,1-3,0.3496948103997675,0.21724373510390826,0.12715715959639604,0.026639692403934326,0.011678776456574003,True,True,False,False,準優勝戦,2026-08-18,場特性:in_escape_diff,-0.1776,1号艇のdominance,0.1648,1号艇のsession_exh_rel_avg,0.1585,風速区分,-0.1546,1号艇のモーター2連率,0.0858,2号艇のsession_exh_rel_avg,0.0805,2号艇のclass_rank_2to6,0.0729,2号艇のwin_rate_rank_2to6,0.0664,2号艇の節間得点,0.0586,2号艇の全国勝率,0.0409,3号艇のsession_exh_rel_avg,0.105,3号艇のwin_rate_rank_2to6,-0.0647,3号艇の節間得点,0.0443,3号艇の性別,-0.0441,場特性:1x_diff_course3,-0.0345,-0.0889,南 6.4m/s,[逃げ]場特性:in_escape_diffが不利(-17.8pt)、1号艇のdominanceが有利(+16.5pt) / [2着]2号艇のsession_exh_rel_avgが有利(+8.1pt)、2号艇のclass_rank_2to6が有利(+7.3pt) / [候補2]3号艇のsession_exh_rel_avgが有利(+10.5pt)、3号艇のwin_rate_rank_2to6が不利(-6.5pt) / [除外]6号艇のwin_rate_rank_2to6が不利(-7.2pt)、5号艇のracer_avgfin_teが不利(-6.9pt)、天気-8.9pt
25,20,若松,8,18:43,0.621452024412307,2,0.45164169042082364,3,0.3551202775694987,0.5013638582264427,0.0876230897923321,0.7191388781979903,0.4486465977848359,0.5666963642179069,1-2,1-3,0.28067364282101726,0.22069021540542533,0.054453546536706136,0.03300969283340342,0.032624933761022414,True,False,False,False,エイトビート,2026-08-18,1号艇のsession_exh_rel_avg,-0.1726,1号艇のdominance,0.1676,1号艇の勝率順位,0.1046,1号艇のsession_exh_rel_last,-0.0949,1号艇のracer_win_te,0.0737,2号艇のwin_rate_rank_2to6,0.209,2号艇のclass_rank_2to6,0.0993,6号艇のsession_exh_rel_last,-0.0857,2号艇のracer_avgfin_te,0.0716,2号艇のsession_exh_rel_avg,-0.0597,3号艇の当地勝率,0.1119,3号艇のwin_rate_rank_2to6,-0.0661,3号艇のcumulative_diff_rank_2to6,0.0465,3号艇の全国勝率,0.0433,3号艇のclass_rank_2to6,0.0425,0.0665,東 2.0m/s,[逃げ]1号艇のsession_exh_rel_avgが不利(-17.3pt)、1号艇のdominanceが有利(+16.8pt) / [2着]2号艇のwin_rate_rank_2to6が有利(+20.9pt)、2号艇のclass_rank_2to6が有利(+9.9pt) / [候補2]3号艇の当地勝率が有利(+11.2pt)、3号艇のwin_rate_rank_2to6が不利(-6.6pt) / [除外]4号艇のwin_rate_rank_2to6が不利(-5.4pt)、天気+6.7pt
26,11,琵琶湖,5,12:34,0.6001650706349608,4,0.4511054145348015,2,0.38401201256191153,0.5012083096219855,0.08757089877538943,0.7475465283213236,0.44853879504523636,0.5751097752317869,1-4,1-2,0.2304705966438931,0.0525569946490986,0.27073771297809246,0.044491503284060485,0.0019082595165272912,True,True,False,False,予選,2026-08-18,1号艇のsession_exh_rel_avg,-0.1829,1号艇のracer_win_te,0.1235,1号艇のdominance,0.1084,場特性:in_escape_diff,-0.0988,4号艇のsession_exh_rel_avg,-0.0924,4号艇のwin_rate_rank_2to6,0.2234,4号艇のclass_rank_2to6,0.1905,2号艇のsession_exh_rel_delta,0.1331,4号艇の全国勝率,0.0943,4号艇のsession_exh_rel_avg,0.0802,3号艇のracer_2nd_te,0.0903,2号艇のsession_exh_rel_avg,0.0892,3号艇の年齢,0.0714,2号艇の全国勝率,0.0593,1号艇vs3号艇の枠別平均ST差,0.0562,0.0068,東 1.2m/s,[逃げ]1号艇のsession_exh_rel_avgが不利(-18.3pt)、1号艇のracer_win_teが有利(+12.4pt) / [2着]4号艇のwin_rate_rank_2to6が有利(+22.3pt)、4号艇のclass_rank_2to6が有利(+19.0pt) / [候補2]3号艇のracer_2nd_teが有利(+9.0pt)、2号艇のsession_exh_rel_avgが有利(+8.9pt) / [除外]1号艇vs5号艇のlocal_win_rate差が不利(-7.5pt)、6号艇のwin_rate_rank_2to6が不利(-7.2pt)、天気+0.7pt
27,16,児島,6,13:15,0.7281984437854694,3,0.5669478438344997,2,0.15108340610176904,0.5228692387929263,0.12940836725419502,0.5886228826820737,0.4416728534173626,0.5425953319596706,1-3,1-2,0.11001870120511631,0.41285053758781,0.07957990428403489,0.031514326348434304,0.0942349716473233,True,True,False,False,予選,2026-08-18,1号艇の女子戦比率,-0.2682,1号艇のdominance,0.1679,5号艇の平均ST,0.0994,1号艇の勝率順位,0.099,1号艇の級別順位,0.0767,3号艇のwin_rate_rank_2to6,0.0809,2号艇のrecent_4to6_rate,0.0806,6号艇のracer_2nd_te,-0.0621,2号艇の直近複勝率,0.0589,2号艇の直近1着率,0.0449,2号艇のwin_rate_rank_2to6,-0.1756,2号艇の全国2連率,-0.1646,2号艇の全国勝率,-0.1457,2号艇の直近平均着順,-0.0853,2号艇の女子戦比率,-0.0819,0.0955,南東 1.7m/s,[逃げ]1号艇の女子戦比率が不利(-26.8pt)、1号艇のdominanceが有利(+16.8pt) / [2着]3号艇のwin_rate_rank_2to6が有利(+8.1pt)、2号艇のrecent_4to6_rateが有利(+8.1pt) / [候補2]2号艇のwin_rate_rank_2to6が不利(-17.6pt)、2号艇の全国2連率が不利(-16.5pt) / [除外]5号艇のracer_win_teが不利(-14.0pt)、6号艇の女子戦比率が不利(-8.0pt)、天気+9.6pt
28,18,徳山,4,10:06,0.6416109475686887,2,0.6529145656755211,3,0.15282604455340779,0.5169719964235565,0.12356999685230667,0.6821706133766222,0.440313322858609,0.5665315815094762,1-2,1-3,0.41891713316446993,0.09805486325908662,0.07928386277146837,0.04400526017076632,0.001349842768099727,False,False,True,False,ガチトク予選,2026-08-18,1号艇のsession_exh_rel_avg,-0.2614,1号艇のdominance,0.1699,場特性:in_escape_diff,0.1513,1号艇の節間得点,-0.1144,1号艇vs2号艇のcumulative差,-0.112,2号艇のwin_rate_rank_2to6,0.1871,2号艇のclass_rank_2to6,0.0989,ST差分(6-5),0.0738,3号艇の直近平均着順,0.0721,1号艇のsession_rank_diff_delta,-0.0587,3号艇のsession_exh_rel_avg,-0.1255,3号艇のwin_rate_rank_2to6,-0.0969,3号艇の年齢,-0.0869,3号艇のモーター2連率,0.0809,3号艇の全国勝率,-0.0632,0.0936,南東 1.7m/s,[逃げ]1号艇のsession_exh_rel_avgが不利(-26.1pt)、1号艇のdominanceが有利(+17.0pt) / [2着]2号艇のwin_rate_rank_2to6が有利(+18.7pt)、2号艇のclass_rank_2to6が有利(+9.9pt) / [候補2]3号艇のsession_exh_rel_avgが不利(-12.5pt)、3号艇のwin_rate_rank_2to6が不利(-9.7pt) / [除外]5号艇の直近平均着順が不利(-28.8pt)、1号艇vs5号艇の勝率差が不利(-9.1pt)、天気+9.4pt
29,10,三国,10,12:58,0.7786361333274101,2,0.4936157279164677,4,0.21738198100452752,0.5536085068788912,0.1838847901939924,0.5271129187270028,0.43144828591445006,0.5456598304333247,1-2,1-4,0.3843470417344733,0.1431793420143723,0.1692614651444178,0.053945521251092074,0.027902779136605643,True,True,False,False,準優勝戦,2026-08-18,1号艇のdominance,0.1588,1号艇の勝率順位,0.0825,3号艇の枠別出走数,-0.082,レース時間帯,0.0763,1号艇の全国勝率,0.0746,2号艇のwin_rate_rank_2to6,0.1864,レース時間帯,-0.0565,2号艇のsession_exh_rel_avg,-0.0502,2号艇の全国勝率,0.048,2号艇のモーター2連率,-0.0451,4号艇のsession_exh_rel_avg,0.0827,4号艇のwin_rate_rank_2to6,0.0824,4号艇の年齢,0.0687,級別の分散(2-6号艇),-0.0674,4号艇の節間得点,0.0585,-0.006,南 4.8m/s,[逃げ]1号艇のdominanceが有利(+15.9pt)、1号艇の勝率順位が有利(+8.3pt) / [2着]2号艇のwin_rate_rank_2to6が有利(+18.6pt)、レース時間帯が不利(-5.7pt) / [候補2]4号艇のsession_exh_rel_avgが有利(+8.3pt)、4号艇のwin_rate_rank_2to6が有利(+8.2pt) / [除外]6号艇のwin_rate_rank_2to6が不利(-7.2pt)、天気-0.6pt
30,14,鳴門,10,13:05,0.6745304456546168,2,0.5831693602211938,3,0.16570353666073448,0.505137568872431,0.12693795026464783,0.6219349466172804,0.4281922157592305,0.5401767821958858,1-2,1-3,0.39336548844211966,0.11177208043031137,0.08562351216249649,0.05592796944779999,0.027841396428300174,True,True,False,False,準優勝戦,2026-08-18,場特性:in_escape_diff,-0.1618,1号艇のdominance,0.1211,1号艇のracer_win_te,0.1087,風速区分,-0.0978,1号艇の節間得点,0.0841,2号艇のwin_rate_rank_2to6,0.1755,2号艇のsession_exh_rel_avg,0.11,2号艇のclass_rank_2to6,0.0981,2号艇の全国勝率,0.0569,2号艇のracer_avgfin_te,0.0553,3号艇のwin_rate_rank_2to6,-0.1381,3号艇の全国勝率,-0.0625,3号艇の節間得点,0.0476,3号艇の当地勝率,-0.0473,3号艇のcumulative_diff_rank_2to6,0.0399,-0.0078,南 6.1m/s,[逃げ]場特性:in_escape_diffが不利(-16.2pt)、1号艇のdominanceが有利(+12.1pt) / [2着]2号艇のwin_rate_rank_2to6が有利(+17.6pt)、2号艇のsession_exh_rel_avgが有利(+11.0pt) / [候補2]3号艇のwin_rate_rank_2to6が不利(-13.8pt)、3号艇の全国勝率が不利(-6.3pt)、天気-0.8pt
31,13,尼崎,8,13:59,0.7321657482629447,3,0.3611798450308201,2,0.32691776211357326,0.5038014994128165,0.12780814058679862,0.5602894665575948,0.4265335799750647,0.52074788955625,1-3,1-2,0.2393579879183317,0.2644435114944848,0.0613756664300078,0.07341184771588118,0.09357674288682905,True,True,False,False,予選,2026-08-18,1号艇のdominance,0.1273,1号艇のsession_exh_rel_avg,0.0966,風速区分,0.0756,場特性:in_escape_diff,0.0643,1号艇のモーター2連率順位,-0.0471,3号艇のsession_exh_rel_avg,-0.153,3号艇のwin_rate_rank_2to6,0.0397,3号艇の全国勝率,0.0373,3号艇のclass_rank_2to6,0.0306,6号艇のsession_rank_diff_delta,0.0286,2号艇の全国勝率,-0.0868,2号艇のsession_exh_rel_avg,-0.0658,2号艇のモーター2連率,0.0568,2号艇の直近平均着順,-0.0514,2号艇の当地勝率,0.0478,0.069,西 1.8m/s,[逃げ]1号艇のdominanceが有利(+12.7pt)、1号艇のsession_exh_rel_avgが有利(+9.7pt) / [2着]3号艇のsession_exh_rel_avgが不利(-15.3pt)、3号艇のwin_rate_rank_2to6が有利(+4.0pt) / [候補2]2号艇の全国勝率が不利(-8.7pt)、2号艇のsession_exh_rel_avgが不利(-6.6pt) / [除外]1号艇vs5号艇の枠別平均ST差が不利(-7.2pt)、天気+6.9pt
32,10,三国,1,08:32,0.6754880540399386,3,0.3972336837174979,4,0.3718972978358501,0.519538790031299,0.16268206258334944,0.6064489189699986,0.4181152196860797,0.5456118287129088,1-3,1-4,0.10988978988163023,0.2683266080134491,0.2512121820178499,0.03910853322985812,0.006950929887948979,False,False,True,False,みくにあさイ,2026-08-18,1号艇のdominance,0.3047,4号艇の枠別出走数,-0.1102,1号艇のsession_exh_rel_avg,0.0957,1号艇の勝率順位,0.0788,1号艇のlocal_win_rate順位,0.0743,3号艇のsession_exh_rel_avg,-0.1165,3号艇のwin_rate_rank_2to6,0.0625,2号艇の全国2連率,0.0419,3号艇の節間得点,0.0398,3号艇の全国勝率,-0.0361,4号艇のwin_rate_rank_2to6,0.2116,4号艇の節間得点,0.1249,4号艇のclass_rank_2to6,-0.1011,4号艇のcumulative_diff_rank_2to6,0.0785,4号艇のsession_exh_rel_avg,0.0745,-0.1028,南 5.2m/s,[逃げ]1号艇のdominanceが有利(+30.5pt)、4号艇の枠別出走数が不利(-11.0pt) / [2着]3号艇のsession_exh_rel_avgが不利(-11.7pt)、3号艇のwin_rate_rank_2to6が有利(+6.3pt) / [候補2]4号艇のwin_rate_rank_2to6が有利(+21.2pt)、4号艇の節間得点が有利(+12.5pt) / [除外]6号艇のsession_exh_rel_avgが不利(-8.2pt)、2号艇のwin_rate_rank_2to6が不利(-7.5pt)、天気-10.3pt
33,17,宮島,11,15:58,0.824305650662674,2,0.42596363384427444,4,0.22035394055866697,0.5327632287029379,0.19431679807765956,0.4520007763252819,0.40853341502085305,0.508534492989641,1-2,1-4,0.3511242303546417,0.16017643467409262,0.18163899834829617,0.08304571362127572,0.048320279805923474,True,False,False,False,準優勝戦,2026-08-18,1号艇のdominance,0.2203,1号艇のsession_exh_rel_avg,0.1383,風速区分,0.0986,1号艇の年齢,-0.0837,1号艇の勝率順位,0.0826,2号艇のsession_exh_rel_avg,0.0734,2号艇のclass_rank_2to6,-0.0696,2号艇のwin_rate_rank_2to6,0.0682,1号艇の年齢,0.0645,2号艇の節間得点,0.0512,4号艇のモーター2連率,0.1288,4号艇のwin_rate_rank_2to6,-0.0617,4号艇のclass_rank_2to6,0.0599,4号艇の年齢,-0.0531,4号艇の節間得点,0.0528,0.1483,西 0.7m/s,[逃げ]1号艇のdominanceが有利(+22.0pt)、1号艇のsession_exh_rel_avgが有利(+13.8pt) / [2着]2号艇のsession_exh_rel_avgが有利(+7.3pt)、2号艇のclass_rank_2to6が不利(-7.0pt) / [候補2]4号艇のモーター2連率が有利(+12.9pt)、4号艇のwin_rate_rank_2to6が不利(-6.2pt) / [除外]5号艇のsession_exh_rel_avgが不利(-5.1pt)、天気+14.8pt
34,13,尼崎,6,12:49,0.5771251455542993,4,0.6915614576037608,5,0.10036699686685543,0.45704182455494563,0.08935717502994164,0.7025712794406745,0.40803386497963345,0.5307006610206643,1-4,1-5,0.050419094470155024,0.05157027264547607,0.3991175068793138,0.057924317675631845,0.018093960871088322,True,True,False,False,昼どきピンク,2026-08-18,ST差分(4-3),-0.108,1号艇のracer_win_te,0.0759,1号艇のdominance,0.0702,風速区分,0.0669,場特性:in_escape_diff,0.0668,4号艇のwin_rate_rank_2to6,0.2483,4号艇のclass_rank_2to6,0.2196,4号艇の全国勝率,0.0942,4号艇のsession_exh_rel_avg,0.0896,4号艇の年齢,0.0839,5号艇のwin_rate_rank_2to6,0.1081,1号艇vs3号艇のlocal_win_rate差,-0.0885,mean_234_全国勝率,0.0793,5号艇のclass_rank_2to6,-0.0541,5号艇のracer_avgfin_te,0.0514,0.0502,南西 1.8m/s,[逃げ]ST差分(4-3)が不利(-10.8pt)、1号艇のracer_win_teが有利(+7.6pt) / [2着]4号艇のwin_rate_rank_2to6が有利(+24.8pt)、4号艇のclass_rank_2to6が有利(+22.0pt) / [候補2]5号艇のwin_rate_rank_2to6が有利(+10.8pt)、1号艇vs3号艇のlocal_win_rate差が不利(-8.9pt) / [除外]6号艇のsession_exh_rel_avgが不利(-6.1pt)、6号艇のvs_avg456_diffが不利(-6.0pt)、天気+5.0pt
35,10,三国,7,11:21,0.5846828813620351,2,0.41102582656653797,3,0.3973379174390461,0.4726364430337874,0.11688284562102291,0.6914808983845612,0.40634473214660227,0.5382897796390195,1-2,1-3,0.24031976459113552,0.23231667844265189,0.0683393989594936,0.040343756028015244,0.0033632709527184113,True,True,False,False,一般,2026-08-18,1号艇の年齢,-0.0825,1号艇の節間得点,0.0803,1号艇のsession_exh_rel_avg,-0.0731,1号艇のlocal_win_rate順位,0.0647,1号艇の級別順位,0.0639,2号艇の全国勝率,-0.0747,3号艇のracer_2nd_te,0.0608,2号艇のclass_rank_2to6,-0.0528,2号艇のsession_exh_rel_avg,-0.0519,2号艇のwin_rate_rank_2to6,-0.0459,3号艇のwin_rate_rank_2to6,0.1947,3号艇のracer_avgfin_te,-0.0728,3号艇のsession_exh_rel_avg,-0.0495,3号艇の全国勝率,0.0433,2号艇のsession_rank_diff_delta,-0.0395,-0.0526,南西 3.4m/s,[逃げ]1号艇の年齢が不利(-8.3pt)、1号艇の節間得点が有利(+8.0pt) / [2着]2号艇の全国勝率が不利(-7.5pt)、3号艇のracer_2nd_teが有利(+6.1pt) / [候補2]3号艇のwin_rate_rank_2to6が有利(+19.5pt)、3号艇のracer_avgfin_teが不利(-7.3pt) / [除外]6号艇の節間得点が不利(-9.6pt)、6号艇の直近平均着順が不利(-9.5pt)、天気-5.3pt
36,14,鳴門,2,09:06,0.7028379463278116,2,0.5330621252918383,4,0.16668447318775953,0.49180846222527236,0.14911326182137075,0.5506333366582271,0.40380626543275705,0.5094559245551588,1-2,1-4,0.3746562894052542,0.07206391367533797,0.11715217282001808,0.03416309862705095,0.10480245870877349,False,False,True,False,一般,2026-08-18,1号艇のsession_exh_rel_avg,0.1483,場特性:in_escape_diff,-0.1454,1号艇の節間得点,0.0946,1号艇のvs_max234_diff,0.0826,1号艇の体重,-0.0655,4号艇の女子戦比率,0.0873,2号艇のsession_exh_rel_avg,0.0544,2号艇のclass_rank_2to6,-0.052,2号艇の節間得点,0.0463,2号艇のsession_avg_finish,0.0433,4号艇のclass_rank_2to6,-0.0978,4号艇のsession_exh_rel_avg,0.0911,4号艇のwin_rate_rank_2to6,0.0784,4号艇の節間得点,-0.0715,4号艇の一般戦勝率,-0.0469,-0.0537,南東 5.9m/s,[逃げ]1号艇のsession_exh_rel_avgが有利(+14.8pt)、場特性:in_escape_diffが不利(-14.5pt) / [2着]4号艇の女子戦比率が有利(+8.7pt)、2号艇のsession_exh_rel_avgが有利(+5.4pt) / [候補2]4号艇のclass_rank_2to6が不利(-9.8pt)、4号艇のsession_exh_rel_avgが有利(+9.1pt)、天気-5.4pt
37,18,徳山,9,12:40,0.7640237020138472,4,0.42447155275731197,3,0.22944939959001295,0.49961110683682375,0.1633161117421697,0.49060484060515525,0.4016976548146736,0.4969092269673232,1-4,1-3,0.12477738029175962,0.1753047796996162,0.32430632713720753,0.07294922828893138,0.06668596382665175,True,True,False,False,推しトク予選,2026-08-18,1号艇のdominance,0.2373,場特性:in_escape_diff,0.2134,6号艇の枠別出走数,-0.1535,風速区分,0.0728,1号艇の級別順位,0.0651,4号艇のwin_rate_rank_2to6,0.1593,4号艇のsession_exh_rel_avg,0.0943,4号艇のclass_rank_2to6,0.0879,4号艇のcumulative_diff_rank_2to6,0.0704,4号艇の節間得点,0.0671,3号艇のwin_rate_rank_2to6,-0.0998,3号艇のracer_avgfin_te,-0.0905,3号艇の女子戦比率,-0.0775,3号艇の全国勝率,-0.0699,3号艇の性別,-0.0504,0.0053,南東 1.8m/s,[逃げ]1号艇のdominanceが有利(+23.7pt)、場特性:in_escape_diffが有利(+21.3pt) / [2着]4号艇のwin_rate_rank_2to6が有利(+15.9pt)、4号艇のsession_exh_rel_avgが有利(+9.4pt) / [候補2]3号艇のwin_rate_rank_2to6が不利(-10.0pt)、3号艇のracer_avgfin_teが不利(-9.0pt) / [除外]2号艇のwin_rate_rank_2to6が不利(-7.1pt)、天気+0.5pt
38,18,徳山,2,09:14,0.8208594364583675,3,0.3432321761112369,4,0.3065541724785322,0.5333832559217382,0.20985312738488135,0.43993322120488776,0.3990646827018494,0.505348245506683,1-3,1-4,0.1722599198841797,0.2817453706570491,0.25163788526468917,0.05406679545390971,0.06114944073502235,False,False,True,False,お盆選抜,2026-08-18,場特性:in_escape_diff,0.2781,1号艇のracer_win_te,0.1396,1号艇のsession_exh_rel_avg,-0.1237,1号艇のdominance,0.1177,1号艇の節間得点,0.107,3号艇のsession_exh_rel_avg,0.1234,3号艇のモーター2連率,0.1004,3号艇のwin_rate_rank_2to6,-0.0784,1号艇vs3号艇のcumulative差,-0.0667,6号艇のracer_2nd_te,-0.065,6号艇の体重,-0.2093,1号艇vs5号艇の直近複勝率差,0.1547,4号艇のclass_rank_2to6,0.1018,4号艇の節間得点,0.0988,4号艇のsession_exh_rel_avg,0.0831,0.0427,南東 2.5m/s,[逃げ]場特性:in_escape_diffが有利(+27.8pt)、1号艇のracer_win_teが有利(+14.0pt) / [2着]3号艇のsession_exh_rel_avgが有利(+12.3pt)、3号艇のモーター2連率が有利(+10.0pt) / [候補2]6号艇の体重が不利(-20.9pt)、1号艇vs5号艇の直近複勝率差が有利(+15.5pt) / [除外]1号艇vs5号艇の直近複勝率差が不利(-8.6pt)、2号艇のwin_rate_rank_2to6が不利(-6.5pt)、天気+4.3pt
39,12,住之江,2,15:45,0.7316604152615112,2,0.4804716489273258,3,0.2430400227785926,0.5293648501669024,0.2082477276491993,0.5152639440567192,0.3970780175933628,0.5251345783338475,1-2,1-3,0.3515420861755502,0.1778227639913522,0.15236661888907924,0.0490674713330745,0.0008614832197502694,True,False,False,False,一般戦,2026-08-18,1号艇のsession_exh_rel_avg,0.1218,1号艇の節間得点,0.0894,1号艇の級別順位,0.077,1号艇のdominance,0.0628,風速区分,0.0627,2号艇のclass_rank_2to6,0.0924,2号艇のwin_rate_rank_2to6,0.0639,3号艇のracer_2nd_te,0.0632,3号艇のracer_win_te,0.0511,2号艇のモーター2連率,0.0498,3号艇のwin_rate_rank_2to6,0.1696,3号艇のsession_exh_rel_avg,-0.0893,3号艇の当地勝率,-0.0685,3号艇のracer_avgfin_te,-0.0613,3号艇の全国勝率,0.0425,0.0554,北東 0.4m/s,[逃げ]1号艇のsession_exh_rel_avgが有利(+12.2pt)、1号艇の節間得点が有利(+8.9pt) / [2着]2号艇のclass_rank_2to6が有利(+9.2pt)、2号艇のwin_rate_rank_2to6が有利(+6.4pt) / [候補2]3号艇のwin_rate_rank_2to6が有利(+17.0pt)、3号艇のsession_exh_rel_avgが不利(-8.9pt) / [除外]6号艇のvs_avg456_diffが不利(-12.6pt)、6号艇の直近平均着順が不利(-12.3pt)、天気+5.5pt
40,20,若松,10,19:47,0.8121608071165913,3,0.33169030835505675,4,0.2543892035233244,0.4759908094016439,0.14197590764186221,0.44410360423651896,0.39489573676886425,0.4664246478521064,1-3,1-4,0.10779429337170567,0.26938586854639396,0.20660494085524997,0.11530726774152544,0.11306843357618161,True,False,False,False,予選特賞,2026-08-18,1号艇のdominance,0.2834,風速区分,0.1022,1号艇のvs_max234_diff,0.0928,1号艇の勝率順位,0.0819,6号艇のsession_avg_finish,-0.0716,3号艇のwin_rate_rank_2to6,-0.1125,3号艇のcumulative_diff_rank_2to6,-0.0689,3号艇のsession_exh_rel_avg,0.0627,1号艇vs2号艇のlocal_win_rate差,-0.0546,4号艇の直近1着率,0.0425,4号艇のwin_rate_rank_2to6,0.0802,4号艇の年齢,-0.0708,4号艇のsession_exh_rel_avg,0.0489,4号艇のモーター2連率,-0.0454,4号艇のclass_rank_2to6,0.0403,0.1489,東 2.0m/s,[逃げ]1号艇のdominanceが有利(+28.3pt)、風速区分が有利(+10.2pt) / [2着]3号艇のwin_rate_rank_2to6が不利(-11.2pt)、3号艇のcumulative_diff_rank_2to6が不利(-6.9pt) / [候補2]4号艇のwin_rate_rank_2to6が有利(+8.0pt)、4号艇の年齢が不利(-7.1pt) / [除外]2号艇のwin_rate_rank_2to6が不利(-5.6pt)、天気+14.9pt
41,05,多摩川,8,15:07,0.8520886166792965,5,0.35870808220790207,2,0.2903366226058044,0.5530436046877335,0.2451979489020911,0.40384675591161534,0.3903174156603121,0.508284550054898,1-5,1-2,0.24739253112751883,0.20893038109258363,0.0606825958866837,0.30565107356021465,0.02943203818657319,True,False,False,False,予選,2026-08-18,1号艇のdominance,0.1749,5号艇の節間得点,-0.1229,1号艇のvs_max234_diff,0.1125,1号艇のsession_exh_rel_avg,0.1121,1号艇のvs_max234_frame_diff,0.1097,5号艇のwin_rate_rank_2to6,0.259,5号艇のclass_rank_2to6,0.184,5号艇の節間得点,0.1128,5号艇の年齢,-0.0966,1号艇vs4号艇の勝率差,0.086,2号艇のwin_rate_rank_2to6,-0.1412,3号艇のsession_exh_rel_delta,0.1144,1号艇vs2号艇の枠別勝率差,-0.1108,4号艇の年齢,0.105,2号艇のモーター2連率,0.0945,0.0294,南 2.0m/s,[逃げ]1号艇のdominanceが有利(+17.5pt)、5号艇の節間得点が不利(-12.3pt) / [2着]5号艇のwin_rate_rank_2to6が有利(+25.9pt)、5号艇のclass_rank_2to6が有利(+18.4pt) / [候補2]2号艇のwin_rate_rank_2to6が不利(-14.1pt)、3号艇のsession_exh_rel_deltaが有利(+11.4pt) / [除外]4号艇の年齢が不利(-13.4pt)、4号艇のwin_rate_rank_2to6が不利(-5.1pt)、天気+2.9pt
42,16,児島,10,15:38,0.7054473919744696,4,0.3627344308228271,3,0.3552972193556503,0.5065335549735316,0.19226595558480952,0.5257656945936678,0.38966656539422356,0.5123031968595724,1-4,1-3,0.13563351693278308,0.2506434967702245,0.255890058203307,0.04850957020397811,0.014770755120169562,True,False,False,False,予選特賞,2026-08-18,1号艇のdominance,0.2279,5号艇の枠別出走数,-0.1311,1号艇の級別順位,-0.1128,1号艇の勝率順位,0.1098,1号艇のracer_win_te,0.0834,4号艇のwin_rate_rank_2to6,0.2309,4号艇のclass_rank_2to6,0.2306,1号艇vs5号艇の直近複勝率差,0.1644,1号艇vs5号艇の勝率差,0.1095,4号艇のモーター2連率,0.0741,3号艇のwin_rate_rank_2to6,0.0575,2号艇の直近1着率,0.0458,3号艇のcumulative_diff_rank_2to6,0.0393,3号艇の女子戦比率,-0.0329,3号艇のモーター2連率,-0.0321,0.115,南東 1.7m/s,[逃げ]1号艇のdominanceが有利(+22.8pt)、5号艇の枠別出走数が不利(-13.1pt) / [2着]4号艇のwin_rate_rank_2to6が有利(+23.1pt)、4号艇のclass_rank_2to6が有利(+23.1pt) / [候補2]3号艇のwin_rate_rank_2to6が有利(+5.8pt)、2号艇の直近1着率が有利(+4.6pt) / [除外]5号艇の直近平均着順が不利(-15.8pt)、1号艇vs2号艇の枠別勝率差が不利(-9.2pt)、天気+11.5pt
43,20,若松,9,19:14,0.6753120212906858,3,0.39972759751990333,5,0.2770296720997826,0.45702231967003576,0.12780463820846039,0.5489526314112256,0.38693083300769143,0.4846014131923927,1-3,1-5,0.07110728008436741,0.26994085184683564,0.060874407945935814,0.18708146782320006,0.0863080085588802,True,False,False,False,予選,2026-08-18,1号艇のdominance,0.3056,6号艇の枠別出走数,-0.1946,1号艇のsession_exh_rel_avg,0.1422,1号艇のracer_win_te,0.1223,1号艇のvs_max234_diff,0.1115,3号艇のsession_exh_rel_avg,0.1378,3号艇のモーター2連率,0.1318,3号艇の当地勝率,-0.0657,3号艇のracer_avgfin_te,-0.0569,3号艇のwin_rate_rank_2to6,-0.0554,5号艇の年齢,0.1952,5号艇のsession_exh_rel_avg,0.1508,5号艇のwin_rate_rank_2to6,0.1407,5号艇のracer_avgfin_te,-0.1165,mean_234_全国勝率,0.0917,0.0519,東 2.0m/s,[逃げ]1号艇のdominanceが有利(+30.6pt)、6号艇の枠別出走数が不利(-19.5pt) / [2着]3号艇のsession_exh_rel_avgが有利(+13.8pt)、3号艇のモーター2連率が有利(+13.2pt) / [候補2]5号艇の年齢が有利(+19.5pt)、5号艇のsession_exh_rel_avgが有利(+15.1pt) / [除外]2号艇のwin_rate_rank_2to6が不利(-5.7pt)、4号艇のwin_rate_rank_2to6が不利(-5.3pt)、天気+5.2pt
44,16,児島,5,12:42,0.7510725017577566,4,0.4136321171443747,5,0.25588168256500976,0.502853404509069,0.20358422190814338,0.4659295778012411,0.38000578160006143,0.49177625649672063,1-4,1-5,0.15290651086695553,0.08840198284318876,0.31066770903098295,0.19218569547808603,0.0069105860512739545,True,True,False,False,予選,2026-08-18,1号艇のdominance,0.177,1号艇のモーター2連率,0.1004,1号艇の級別順位,-0.082,風速区分,0.0805,1号艇vs3号艇のplace_rate差,0.0776,4号艇のclass_rank_2to6,0.1141,4号艇のwin_rate_rank_2to6,0.0957,4号艇のracer_win_te,0.0794,場特性:1x_diff_course4,0.0766,1号艇vs3号艇のplace_rate差,0.0729,5号艇のwin_rate_rank_2to6,0.2296,class_std_1to6,0.2193,5号艇のclass_rank_2to6,0.1091,3号艇の一般戦2連率,0.0809,5号艇の性別,-0.0766,0.1005,南東 1.7m/s,[逃げ]1号艇のdominanceが有利(+17.7pt)、1号艇のモーター2連率が有利(+10.0pt) / [2着]4号艇のclass_rank_2to6が有利(+11.4pt)、4号艇のwin_rate_rank_2to6が有利(+9.6pt) / [候補2]5号艇のwin_rate_rank_2to6が有利(+23.0pt)、class_std_1to6が有利(+21.9pt) / [除外]6号艇のvs_avg456_diffが不利(-15.2pt)、6号艇の全国勝率が不利(-14.5pt)、天気+10.0pt
45,11,琵琶湖,11,15:54,0.6257258683611389,2,0.38602627893955843,3,0.3358746021815622,0.45171205571018447,0.13411997457790442,0.5877809065432162,0.379011724396125,0.492532710960094,1-2,1-3,0.2415466285996744,0.21016542711051006,0.07117565527402046,0.08392233755733311,0.018915823316116576,True,False,False,False,予選特選,2026-08-18,1号艇のracer_win_te,0.121,1号艇の節間得点,0.1006,風速区分,0.0974,場特性:in_escape_diff,-0.0971,レース時間帯,0.0742,2号艇のsession_exh_rel_avg,0.0887,2号艇の全国勝率,0.054,2号艇の節間得点,0.0488,2号艇のモーター2連率,0.0422,2号艇のwin_rate_rank_2to6,-0.0303,3号艇のsession_exh_rel_avg,-0.1676,3号艇の当地勝率,0.1202,3号艇のwin_rate_rank_2to6,0.0624,3号艇の節間得点,0.0556,3号艇のsession_rank_diff_last,0.0547,0.1309,東 1.1m/s,[逃げ]1号艇のracer_win_teが有利(+12.1pt)、1号艇の節間得点が有利(+10.1pt) / [2着]2号艇のsession_exh_rel_avgが有利(+8.9pt)、2号艇の全国勝率が有利(+5.4pt) / [候補2]3号艇のsession_exh_rel_avgが不利(-16.8pt)、3号艇の当地勝率が有利(+12.0pt) / [除外]6号艇のwin_rate_rank_2to6が不利(-6.3pt)、4号艇のwin_rate_rank_2to6が不利(-5.5pt)、天気+13.1pt
46,10,三国,3,09:24,0.5562217468691577,3,0.587505883635131,2,0.20355215956421197,0.4400036866632362,0.12088908743874804,0.670168955760595,0.37617371368275204,0.5090532673924438,1-3,1-2,0.1132201377717955,0.3267835488914407,0.06724113939259879,0.048384855467763534,0.0005920610718787556,False,False,True,False,みくにあさズ,2026-08-18,3号艇のsession_exh_rel_avg,-0.142,6号艇の枠別出走数,-0.0934,ST差分(6-5),0.0828,1号艇のracer_win_te,0.0747,1号艇の級別順位,0.0747,3号艇のwin_rate_rank_2to6,0.1969,3号艇のsession_exh_rel_avg,0.1216,3号艇のモーター2連率,0.0871,2号艇のvs_boat3_diff,0.0458,3号艇のclass_rank_2to6,0.0428,2号艇のwin_rate_rank_2to6,-0.1448,2号艇のsession_exh_rel_avg,-0.0642,場特性:1x_diff_course5,0.0469,2号艇のcumulative_diff_rank_2to6,-0.0347,2号艇の全国勝率,-0.0329,-0.0147,南 3.9m/s,[逃げ]3号艇のsession_exh_rel_avgが不利(-14.2pt)、6号艇の枠別出走数が不利(-9.3pt) / [2着]3号艇のwin_rate_rank_2to6が有利(+19.7pt)、3号艇のsession_exh_rel_avgが有利(+12.2pt) / [候補2]2号艇のwin_rate_rank_2to6が不利(-14.5pt)、2号艇のsession_exh_rel_avgが不利(-6.4pt) / [除外]6号艇の直近平均着順が不利(-25.5pt)、6号艇の全国勝率が不利(-11.7pt)、天気-1.5pt
47,12,住之江,10,19:25,0.6355031041894411,3,0.386438183598649,2,0.31348860054894645,0.4448056440311298,0.1434680321313042,0.5564587520162912,0.3682271755150775,0.47830157642667825,1-3,1-2,0.1992229787768592,0.2455826652542706,0.07711076343493586,0.09117437977139431,0.02241232287056507,True,False,False,False,特別選抜戦,2026-08-18,1号艇のdominance,-0.1586,1号艇の節間得点,0.1047,風速区分,0.0825,1号艇の級別順位,-0.0774,1号艇のモーター2連率,0.0648,3号艇のwin_rate_rank_2to6,0.1936,3号艇の全国勝率,0.1417,3号艇の当地勝率,0.0822,3号艇のsession_exh_rel_avg,-0.0697,3号艇のcumulative_diff_rank_2to6,-0.0433,2号艇のsession_exh_rel_avg,-0.0727,2号艇の全国勝率,0.054,レース時間帯,-0.0356,1号艇の女子戦2連率,0.0289,1号艇の年齢,0.0285,0.1072,北西 0.4m/s,[逃げ]1号艇のdominanceが不利(-15.9pt)、1号艇の節間得点が有利(+10.5pt) / [2着]3号艇のwin_rate_rank_2to6が有利(+19.4pt)、3号艇の全国勝率が有利(+14.2pt) / [候補2]2号艇のsession_exh_rel_avgが不利(-7.3pt)、2号艇の全国勝率が有利(+5.4pt) / [除外]6号艇のwin_rate_rank_2to6が不利(-6.9pt)、3号艇の女子戦2連率が不利(-6.2pt)、天気+10.7pt
48,05,多摩川,7,14:35,0.6316409585426331,3,0.4977479504843433,4,0.2557772199031534,0.47595736090955937,0.19445180400395706,0.5590733663835397,0.36489643996016785,0.5008921625517534,1-3,1-4,0.12282372387140367,0.3143979925565617,0.16155936835299767,0.018120961381113444,0.01473892238100192,True,True,False,False,予選,2026-08-18,1号艇のモーター2連率,0.0895,1号艇の年齢,-0.0815,1号艇の節間得点,0.0801,1号艇のdominance,-0.0677,2号艇の平均ST,-0.0658,3号艇のwin_rate_rank_2to6,0.1669,3号艇のclass_rank_2to6,0.0613,2号艇のvs_boat3_diff,0.0487,3号艇のモーター2連率,0.045,3号艇の節間得点,0.0407,4号艇のclass_rank_2to6,0.1362,4号艇のwin_rate_rank_2to6,0.089,5号艇の年齢,0.0865,4号艇のsession_exh_rel_avg,-0.0751,4号艇の年齢,-0.0575,0.0034,南 2.2m/s,[逃げ]1号艇のモーター2連率が有利(+8.9pt)、1号艇の年齢が不利(-8.2pt) / [2着]3号艇のwin_rate_rank_2to6が有利(+16.7pt)、3号艇のclass_rank_2to6が有利(+6.1pt) / [候補2]4号艇のclass_rank_2to6が有利(+13.6pt)、4号艇のwin_rate_rank_2to6が有利(+8.9pt) / [除外]6号艇のsession_exh_rel_avgが不利(-8.6pt)、6号艇のwin_rate_rank_2to6が不利(-6.3pt)、天気+0.3pt
49,05,多摩川,6,14:04,0.6115790659359622,3,0.4732044074376525,5,0.2558554192886576,0.4458777278407113,0.15727208606506834,0.5717877406612418,0.36172878337575753,0.48365073168687045,1-3,1-5,0.09618431549347475,0.2894019094975,0.04702991903843878,0.1564758183432112,0.022487101285027886,True,True,False,False,予選,2026-08-18,1号艇の級別順位,-0.1037,5号艇のsession_exh_rel_avg,-0.0853,1号艇の勝率順位,-0.0794,1号艇のモーター2連率,0.0738,1号艇の節間得点,-0.0675,3号艇のwin_rate_rank_2to6,0.1729,3号艇の当地勝率,0.1019,3号艇のsession_exh_rel_avg,-0.0595,5号艇の直近1着率,0.0569,2号艇のvs_boat3_diff,0.0467,5号艇のclass_rank_2to6,0.1548,5号艇のwin_rate_rank_2to6,0.1383,5号艇のsession_exh_rel_avg,0.1012,1号艇のsession_rank_diff_last,-0.0929,2号艇の枠別出走数,0.0724,0.003,南 2.2m/s,[逃げ]1号艇の級別順位が不利(-10.4pt)、5号艇のsession_exh_rel_avgが不利(-8.5pt) / [2着]3号艇のwin_rate_rank_2to6が有利(+17.3pt)、3号艇の当地勝率が有利(+10.2pt) / [候補2]5号艇のclass_rank_2to6が有利(+15.5pt)、5号艇のwin_rate_rank_2to6が有利(+13.8pt) / [除外]5号艇の直近1着率が不利(-7.5pt)、6号艇のwin_rate_rank_2to6が不利(-5.9pt)、天気影響ほぼなし
50,12,住之江,8,18:23,0.7540565388639278,2,0.30495395190631025,3,0.28438338220132553,0.44439367038049804,0.15587653510133287,0.4334607990063029,0.361269015708647,0.4411138089682395,1-2,1-3,0.229952521487349,0.21444114889314905,0.08998232186608338,0.10214082606873369,0.11753972054861261,True,False,False,False,一般戦,2026-08-18,1号艇のモーター2連率,0.0981,風速区分,0.0876,1号艇のdominance,0.0802,1号艇のracer_win_te,0.0788,1号艇の級別順位,0.0759,2号艇の節間得点,-0.073,2号艇のwin_rate_rank_2to6,0.0593,2号艇の全国勝率,0.0572,2号艇のsession_exh_rel_avg,-0.0489,2号艇のcumulative_diff_rank_2to6,-0.04,3号艇のwin_rate_rank_2to6,-0.1196,3号艇のモーター2連率,0.0574,3号艇の全国勝率,-0.0428,3号艇の当地勝率,-0.0366,場特性:1x_diff_course3,0.0337,0.0722,西 0.9m/s,[逃げ]1号艇のモーター2連率が有利(+9.8pt)、風速区分が有利(+8.8pt) / [2着]2号艇の節間得点が不利(-7.3pt)、2号艇のwin_rate_rank_2to6が有利(+5.9pt) / [候補2]3号艇のwin_rate_rank_2to6が不利(-12.0pt)、3号艇のモーター2連率が有利(+5.7pt)、天気+7.2pt
51,09,津,5,12:22,0.8596889218382555,5,0.30413779410091224,2,0.26592564550356756,0.49007722377298274,0.22215127176609706,0.34791216783838275,0.3594316895432632,0.4474277069926027,1-5,1-2,0.22861333147210414,0.1909809873095933,0.10545736232929193,0.2614638923008786,0.07317337084452315,True,True,False,False,５ールドレー,2026-08-18,1号艇のdominance,0.3099,1号艇のvs_max234_diff,0.1303,1号艇の勝率順位,0.0975,1号艇のlocal_win_rate順位,0.0877,1号艇の級別順位,0.0772,6号艇のsession_rank_diff_last,0.1594,3号艇の一般戦2連率,0.1212,5号艇のsession_exh_rel_avg,-0.1204,3号艇のsession_rank_diff_last,0.1074,5号艇のwin_rate_rank_2to6,0.1005,2号艇のwin_rate_rank_2to6,-0.1313,2号艇の全国勝率,-0.0729,3号艇のモーター出走数,0.072,場特性:1x_diff_course2,0.05,場×風向,-0.0444,0.0364,南東 3.1m/s,[逃げ]1号艇のdominanceが有利(+31.0pt)、1号艇のvs_max234_diffが有利(+13.0pt) / [2着]6号艇のsession_rank_diff_lastが有利(+15.9pt)、3号艇の一般戦2連率が有利(+12.1pt) / [候補2]2号艇のwin_rate_rank_2to6が不利(-13.1pt)、2号艇の全国勝率が不利(-7.3pt)、天気+3.6pt
52,20,若松,12,20:45,0.7574272288895487,3,0.3745395253544377,4,0.30335063200190315,0.5134524633779134,0.26067346545866965,0.4172166918976712,0.3528403438054998,0.4845817319338407,1-3,1-4,0.19744118058739565,0.2836864347988186,0.22976602857909476,0.040936316552942054,0.005597252852297913,False,False,False,False,一般特選,2026-08-18,1号艇のdominance,0.3129,race_no,0.1131,3号艇のsession_exh_rel_avg,-0.1071,風速区分,0.0948,1号艇のvs_max234_diff,0.0933,3号艇のwin_rate_rank_2to6,0.1934,3号艇のsession_exh_rel_avg,0.1408,3号艇の女子戦比率,-0.0906,ST差分(5-4),0.0637,3号艇の年齢,-0.0556,4号艇のsession_exh_rel_avg,0.0959,4号艇のclass_rank_2to6,0.0837,4号艇のwin_rate_rank_2to6,0.0698,3号艇の枠別平均ST,0.0415,4号艇の節間得点,0.041,0.1452,東 1.5m/s,[逃げ]1号艇のdominanceが有利(+31.3pt)、race_noが有利(+11.3pt) / [2着]3号艇のwin_rate_rank_2to6が有利(+19.3pt)、3号艇のsession_exh_rel_avgが有利(+14.1pt) / [候補2]4号艇のsession_exh_rel_avgが有利(+9.6pt)、4号艇のclass_rank_2to6が有利(+8.4pt) / [除外]6号艇のwin_rate_rank_2to6が不利(-7.0pt)、6号艇のsession_exh_rel_avgが不利(-6.4pt)、天気+14.5pt
53,17,宮島,9,14:47,0.6990246389637964,2,0.4134935865909991,5,0.21230557099830924,0.4374490301977142,0.1709423570645201,0.4548568005247883,0.34771474821661136,0.4426713612958364,1-2,1-5,0.28904220508061845,0.09253397876473525,0.11949291943064654,0.14840682511709577,0.049548707966630676,True,True,False,False,一般戦,2026-08-18,1号艇のdominance,0.1618,1号艇の勝率順位,-0.0899,風速区分,0.0715,1号艇の節間得点,-0.0625,ST差分(6-5),0.0546,2号艇のwin_rate_rank_2to6,0.1632,2号艇のclass_rank_2to6,-0.0747,6号艇のsession_rank_diff_last,-0.0724,3号艇のracer_win_te,0.0547,3号艇の全国勝率,-0.0433,5号艇のモーター2連率,0.1051,5号艇のracer_avgfin_te,0.0939,5号艇のsession_exh_rel_avg,0.0827,2号艇の枠別勝率,0.0692,3号艇のsession_rank_diff_last,0.0652,0.0747,南西 0.7m/s,[逃げ]1号艇のdominanceが有利(+16.2pt)、1号艇の勝率順位が不利(-9.0pt) / [2着]2号艇のwin_rate_rank_2to6が有利(+16.3pt)、2号艇のclass_rank_2to6が不利(-7.5pt) / [候補2]5号艇のモーター2連率が有利(+10.5pt)、5号艇のracer_avgfin_teが有利(+9.4pt) / [除外]3号艇のsession_exh_rel_avgが不利(-5.6pt)、6号艇のsession_exh_rel_avgが不利(-5.3pt)、天気+7.5pt
54,12,住之江,3,16:07,0.6215100080455919,2,0.5050248096046797,3,0.1709126276861829,0.4201018820889607,0.14522280546139751,0.530714631829465,0.34689183341307417,0.453285707011112,1-2,1-3,0.31387797348062796,0.10622390860833278,0.07607442421508494,0.0902574269907166,0.03507626201665098,True,False,False,False,一般戦,2026-08-18,1号艇の級別順位,-0.0816,1号艇の節間得点,0.0813,1号艇の全国勝率,-0.0624,風速区分,0.0601,1号艇のdominance,-0.055,2号艇のsession_exh_rel_avg,-0.1322,2号艇のclass_rank_2to6,0.0877,2号艇のwin_rate_rank_2to6,0.0684,3号艇のracer_2nd_te,0.0596,2号艇の全国勝率,0.047,3号艇のwin_rate_rank_2to6,-0.1474,3号艇の全国勝率,-0.0768,3号艇の当地勝率,-0.0617,3号艇のracer_avgfin_te,-0.0583,3号艇のcumulative_diff_rank_2to6,-0.054,0.0336,北 0.3m/s,[逃げ]1号艇の級別順位が不利(-8.2pt)、1号艇の節間得点が有利(+8.1pt) / [2着]2号艇のsession_exh_rel_avgが不利(-13.2pt)、2号艇のclass_rank_2to6が有利(+8.8pt) / [候補2]3号艇のwin_rate_rank_2to6が不利(-14.7pt)、3号艇の全国勝率が不利(-7.7pt) / [除外]2号艇のracer_2nd_teが不利(-7.9pt)、天気+3.4pt
55,10,三国,12,14:13,0.7861764790366113,2,0.3668215916014295,3,0.24527642764829194,0.4812170655990299,0.23638524881789252,0.3757127704318289,0.34471392665457856,0.4495657770488696,1-2,1-3,0.28838650731981763,0.19283055827921228,0.18584052261184403,0.06956643843997937,0.04955245824322914,True,True,False,False,準優勝戦,2026-08-18,1号艇のdominance,0.1735,1号艇のsession_exh_rel_avg,0.1641,4号艇のsession_exh_rel_avg,-0.0974,1号艇の勝率順位,0.0784,1号艇のracer_win_te,0.078,2号艇のwin_rate_rank_2to6,-0.1464,2号艇のモーター2連率,0.1062,2号艇のsession_exh_rel_avg,-0.0795,2号艇の節間得点,0.07,2号艇のclass_rank_2to6,-0.0488,3号艇の節間得点,0.0821,3号艇のwin_rate_rank_2to6,-0.081,3号艇のsession_exh_rel_avg,-0.0416,1号艇の直近1着率,0.0398,avg_456_win_rate,-0.0382,-0.0576,南 5.2m/s,[逃げ]1号艇のdominanceが有利(+17.3pt)、1号艇のsession_exh_rel_avgが有利(+16.4pt) / [2着]2号艇のwin_rate_rank_2to6が不利(-14.6pt)、2号艇のモーター2連率が有利(+10.6pt) / [候補2]3号艇の節間得点が有利(+8.2pt)、3号艇のwin_rate_rank_2to6が不利(-8.1pt) / [除外]場特性:1x_diff_course5が不利(-6.2pt)、天気-5.8pt
56,11,琵琶湖,6,13:02,0.5038053890276524,2,0.5121881738749969,4,0.25710112438372723,0.3875720941840462,0.10186615285128872,0.6674231454074354,0.34019552035959083,0.471527409551063,1-2,1-4,0.25804316219445567,0.05132071676599381,0.12952893198959053,0.029167541826654576,0.0357450381277791,True,True,False,False,予選,2026-08-18,4号艇のsession_exh_rel_avg,-0.2788,4号艇のsession_exh_rel_last,-0.184,1号艇のsession_exh_rel_avg,0.0915,1号艇の節間得点,0.0854,風速区分,0.0763,2号艇のclass_rank_2to6,0.106,2号艇のモーター2連率,0.0795,2号艇のwin_rate_rank_2to6,0.0667,2号艇の節間得点,0.0658,4号艇のsession_exh_rel_avg,-0.0625,2号艇のsession_exh_rel_delta,0.0831,3号艇のsession_exh_rel_delta,0.072,4号艇のclass_rank_2to6,-0.0608,4号艇の年齢,0.0591,4号艇のwin_rate_rank_2to6,-0.0575,0.0098,東 1.2m/s,[逃げ]4号艇のsession_exh_rel_avgが不利(-27.9pt)、4号艇のsession_exh_rel_lastが不利(-18.4pt) / [2着]2号艇のclass_rank_2to6が有利(+10.6pt)、2号艇のモーター2連率が有利(+7.9pt) / [候補2]2号艇のsession_exh_rel_deltaが有利(+8.3pt)、3号艇のsession_exh_rel_deltaが有利(+7.2pt)、天気+1.0pt
57,09,津,12,16:10,0.8128351696926509,3,0.3363333236139714,4,0.3014643066872812,0.5184243450554893,0.2869481912651551,0.3508494390360975,0.33991123130969497,0.4681518732496718,1-3,1-4,0.23324158174001158,0.2733835541730557,0.24504079088243355,0.05286784033847323,0.00830138552591258,True,False,False,False,ツッキー選抜,2026-08-18,1号艇のdominance,0.2985,1号艇のracer_win_te,0.1757,1号艇のsession_exh_rel_avg,-0.1209,1号艇の全国勝率,0.1091,1号艇のvs_max234_diff,0.093,3号艇の当地勝率,0.1228,3号艇のsession_exh_rel_avg,0.0847,3号艇のcumulative_diff_rank_2to6,-0.0595,4号艇のsession_rank_diff_last,-0.0572,3号艇のwin_rate_rank_2to6,0.0521,4号艇のwin_rate_rank_2to6,0.1744,4号艇のsession_exh_rel_avg,0.101,4号艇の節間得点,0.0737,4号艇のcumulative_diff_rank_2to6,0.0589,4号艇のclass_rank_2to6,-0.0545,0.106,南東 1.4m/s,[逃げ]1号艇のdominanceが有利(+29.8pt)、1号艇のracer_win_teが有利(+17.6pt) / [2着]3号艇の当地勝率が有利(+12.3pt)、3号艇のsession_exh_rel_avgが有利(+8.5pt) / [候補2]4号艇のwin_rate_rank_2to6が有利(+17.4pt)、4号艇のsession_exh_rel_avgが有利(+10.1pt) / [除外]6号艇のwin_rate_rank_2to6が不利(-6.9pt)、6号艇のvs_avg456_diffが不利(-6.2pt)、天気+10.6pt
58,17,宮島,8,14:18,0.729722525114786,3,0.3598033967968617,4,0.23455384189676048,0.43371586503976156,0.187077975362188,0.4072792633314342,0.3363494419428433,0.4257848845272634,1-3,1-4,0.13651501257465756,0.2625566432554832,0.17115922178427834,0.10456206935758355,0.05492956726907035,True,True,False,False,一般戦,2026-08-18,1号艇のsession_exh_rel_avg,0.1108,1号艇のdominance,0.104,1号艇vs4号艇のcumulative差,0.0832,1号艇のvs_max234_diff,0.0667,風速区分,0.058,3号艇のwin_rate_rank_2to6,-0.0981,3号艇の当地勝率,-0.0453,3号艇の全国勝率,-0.0439,場特性:1x_diff_course3,0.0411,3号艇のsession_exh_rel_last,-0.0405,2号艇の体重,0.1943,4号艇のclass_rank_2to6,-0.0908,4号艇のwin_rate_rank_2to6,-0.0868,4号艇のsession_exh_rel_avg,-0.0721,4号艇の節間得点,-0.0655,0.0714,南 0.9m/s,[逃げ]1号艇のsession_exh_rel_avgが有利(+11.1pt)、1号艇のdominanceが有利(+10.4pt) / [2着]3号艇のwin_rate_rank_2to6が不利(-9.8pt)、3号艇の当地勝率が不利(-4.5pt) / [候補2]2号艇の体重が有利(+19.4pt)、4号艇のclass_rank_2to6が不利(-9.1pt) / [除外]6号艇のsession_exh_rel_avgが不利(-8.9pt)、2号艇のwin_rate_rank_2to6が不利(-6.7pt)、天気+7.1pt
59,13,尼崎,2,11:07,0.5146301560967341,3,0.4880610660467828,2,0.2611639846395214,0.3855738047862763,0.1117247908635028,0.6375002598228013,0.33388002154364615,0.4611517412972338,1-3,1-2,0.13440286218188197,0.25117094260439427,0.03011109677251554,0.057496946561959424,0.04144830126596932,True,True,False,False,予選,2026-08-18,1号艇のdominance,-0.3299,1号艇のracer_win_te,-0.2185,1号艇の年齢,0.1413,1号艇の体重,-0.1061,1号艇のracer_avgfin_te,0.1042,3号艇のsession_exh_rel_avg,0.1553,6号艇のsession_rank_diff_delta,-0.0769,4号艇の体重,0.0765,3号艇のモーター2連率,0.0749,3号艇のwin_rate_rank_2to6,0.0632,2号艇の全国勝率,-0.0765,1号艇の枠別出走数,0.0725,2号艇のsession_exh_rel_avg,-0.0702,6号艇のracer_win_te,0.0644,2号艇のclass_rank_2to6,-0.0519,0.0383,北西 0.4m/s,[逃げ]1号艇のdominanceが不利(-33.0pt)、1号艇のracer_win_teが不利(-21.9pt) / [2着]3号艇のsession_exh_rel_avgが有利(+15.5pt)、6号艇のsession_rank_diff_deltaが不利(-7.7pt) / [候補2]2号艇の全国勝率が不利(-7.6pt)、1号艇の枠別出走数が有利(+7.2pt) / [除外]1号艇vs5号艇の枠別平均ST差が不利(-5.2pt)、5号艇のracer_avgfin_teが不利(-5.1pt)、天気+3.8pt
60,10,三国,2,08:58,0.426462821729088,2,0.538760497960775,3,0.3277551760616047,0.3695367194160666,0.080841865962507,0.7856738080598726,0.3336878738889567,0.49437784600920837,1-2,1-3,0.22976132219652065,0.139775397219546,0.03447605027221545,0.01600827210112336,0.006441776762286936,False,False,True,False,みくにあさガ,2026-08-18,1号艇のsession_exh_rel_avg,-0.3554,1号艇のdominance,0.1811,5号艇の節間得点,-0.1351,1号艇vs5号艇のcumulative差,-0.0863,1号艇のsession_exh_rel_last,-0.0812,2号艇のclass_rank_2to6,0.1027,2号艇のwin_rate_rank_2to6,0.0687,1号艇のsession_exh_rel_last,-0.046,2号艇の全国勝率,0.0402,2号艇のsession_exh_rel_avg,0.0379,3号艇のwin_rate_rank_2to6,0.1335,3号艇のsession_exh_rel_avg,0.0699,3号艇の節間得点,0.0424,1号艇のsession_exh_rel_avg,0.0418,5号艇の節間得点,-0.0413,-0.1033,南 5.4m/s,[逃げ]1号艇のsession_exh_rel_avgが不利(-35.5pt)、1号艇のdominanceが有利(+18.1pt) / [2着]2号艇のclass_rank_2to6が有利(+10.3pt)、2号艇のwin_rate_rank_2to6が有利(+6.9pt) / [候補2]3号艇のwin_rate_rank_2to6が有利(+13.3pt)、3号艇のsession_exh_rel_avgが有利(+7.0pt) / [除外]6号艇のwin_rate_rank_2to6が不利(-7.6pt)、天気-10.3pt
61,20,若松,11,20:16,0.6650916754428751,3,0.41295105232573576,4,0.22484001240637563,0.42418952782517516,0.177849343780544,0.45994172095156743,0.33365933283043175,0.43491518576309285,1-3,1-4,0.11828611803141789,0.27465030726722195,0.14953922055795318,0.1104988634287557,0.012117151291568954,False,False,False,False,一般特選,2026-08-18,1号艇のracer_win_te,0.1798,1号艇のsession_exh_rel_avg,-0.1707,1号艇のdominance,0.1628,1号艇の枠別出走数,-0.1546,1号艇の年齢,-0.1267,3号艇の年齢,-0.0924,3号艇のsession_exh_rel_avg,0.0564,3号艇のcumulative_diff_rank_2to6,0.0506,1号艇の直近1着率,0.05,3号艇のwin_rate_rank_2to6,-0.0459,4号艇のwin_rate_rank_2to6,0.1491,4号艇の年齢,-0.0747,4号艇のclass_rank_2to6,0.0545,4号艇の節間得点,-0.051,4号艇の全国勝率,0.0466,0.1285,東 1.6m/s,[逃げ]1号艇のracer_win_teが有利(+18.0pt)、1号艇のsession_exh_rel_avgが不利(-17.1pt) / [2着]3号艇の年齢が不利(-9.2pt)、3号艇のsession_exh_rel_avgが有利(+5.6pt) / [候補2]4号艇のwin_rate_rank_2to6が有利(+14.9pt)、4号艇の年齢が不利(-7.5pt) / [除外]6号艇のwin_rate_rank_2to6が不利(-8.6pt)、6号艇のvs_avg456_diffが不利(-7.0pt)、天気+12.9pt
62,16,児島,12,16:50,0.6931783053308329,3,0.341480335986062,2,0.28412294516296815,0.43365462223629336,0.19356022961904806,0.4320430515299821,0.3329286763297912,0.43317115102439996,1-3,1-2,0.19694786163367142,0.23670676060262189,0.13417175194677863,0.09358598856630858,0.031765945163742815,True,False,False,False,ヴィーナスＤ,2026-08-18,1号艇のracer_win_te,0.1894,race_no,0.1153,レース時間帯,0.0952,1号艇の級別順位,0.0879,風速区分,0.0754,3号艇のwin_rate_rank_2to6,0.1412,3号艇の女子戦比率,-0.0805,5号艇の一般戦2連率,-0.0436,3号艇のcumulative_diff_rank_2to6,0.0405,local_win_rateの分散(2-6号艇),-0.0351,2号艇のwin_rate_rank_2to6,-0.1237,2号艇の全国勝率,0.0561,4号艇の女子戦比率,0.0458,2号艇のモーター2連率,-0.0433,2号艇のracer_2nd_te,0.0304,0.1825,南東 1.7m/s,[逃げ]1号艇のracer_win_teが有利(+18.9pt)、race_noが有利(+11.5pt) / [2着]3号艇のwin_rate_rank_2to6が有利(+14.1pt)、3号艇の女子戦比率が不利(-8.0pt) / [候補2]2号艇のwin_rate_rank_2to6が不利(-12.4pt)、2号艇の全国勝率が有利(+5.6pt) / [除外]6号艇の女子戦比率が不利(-7.3pt)、6号艇のwin_rate_rank_2to6が不利(-6.1pt)、天気+18.3pt
63,09,津,1,10:28,0.6994061897868793,2,0.31802412009220454,4,0.30182576530540006,0.43352684658577245,0.1980917812359232,0.42175810416168147,0.33047312028125025,0.4299962238585451,1-2,1-4,0.2224280380940137,0.12576904587858367,0.21109880849175872,0.13854661794231307,0.001563682799917142,False,False,True,False,ツッキーレー,2026-08-18,1号艇のdominance,0.1334,1号艇のsession_exh_rel_avg,0.1232,6号艇の枠別出走数,-0.0858,1号艇の級別順位,0.0749,1号艇の節間得点,0.0654,2号艇の節間得点,-0.0788,2号艇のsession_exh_rel_avg,-0.0708,2号艇のwin_rate_rank_2to6,0.07,5号艇の年齢,-0.0665,2号艇のcumulative_diff_rank_2to6,-0.0452,4号艇のsession_exh_rel_avg,0.0972,4号艇のwin_rate_rank_2to6,-0.0812,1号艇のモーター出走数,0.0623,3号艇の年齢,0.0593,4号艇のclass_rank_2to6,-0.0573,-0.0479,南東 3.0m/s,[逃げ]1号艇のdominanceが有利(+13.3pt)、1号艇のsession_exh_rel_avgが有利(+12.3pt) / [2着]2号艇の節間得点が不利(-7.9pt)、2号艇のsession_exh_rel_avgが不利(-7.1pt) / [候補2]4号艇のsession_exh_rel_avgが有利(+9.7pt)、4号艇のwin_rate_rank_2to6が不利(-8.1pt) / [除外]6号艇の直近平均着順が不利(-25.9pt)、6号艇の全国勝率が不利(-18.0pt)、天気-4.8pt
64,13,尼崎,9,14:27,0.5101612170802224,3,0.6279291699406331,2,0.12464742771363013,0.3839353930053918,0.11765348587489968,0.6349231117793636,0.3297297881999911,0.45923170863758334,1-3,1-2,0.0635902834283046,0.3203451095770872,0.06002224554766958,0.016522562317489158,0.04968101335892394,True,True,False,False,予選特賞,2026-08-18,1号艇のdominance,-0.1319,1号艇のsession_exh_rel_avg,0.1037,1号艇のモーター2連率順位,-0.0629,1号艇の勝率順位,-0.0618,1号艇のsession_avg_finish,-0.0587,3号艇のwin_rate_rank_2to6,0.2234,3号艇の全国勝率,0.1378,3号艇の当地勝率,0.0829,2号艇のvs_boat3_diff,0.0602,3号艇のracer_avgfin_te,0.0561,2号艇のwin_rate_rank_2to6,-0.1607,2号艇のsession_exh_rel_avg,-0.1187,2号艇のsession_avg_finish,-0.0799,2号艇の全国勝率,-0.0765,2号艇のclass_rank_2to6,-0.0522,0.0415,西 1.5m/s,[逃げ]1号艇のdominanceが不利(-13.2pt)、1号艇のsession_exh_rel_avgが有利(+10.4pt) / [2着]3号艇のwin_rate_rank_2to6が有利(+22.3pt)、3号艇の全国勝率が有利(+13.8pt) / [候補2]2号艇のwin_rate_rank_2to6が不利(-16.1pt)、2号艇のsession_exh_rel_avgが不利(-11.9pt)、天気+4.1pt
65,13,尼崎,4,11:57,0.5443680115731875,2,0.5826849602072528,3,0.11155834814694587,0.37792384931676637,0.10954358324004032,0.5846997251141584,0.3282448901415332,0.43995661205598396,1-2,1-3,0.3171950531616241,0.06072879615514231,0.059632022588982696,0.05891147645233087,0.04790066321510748,True,True,False,False,予選,2026-08-18,1号艇のdominance,0.1066,3号艇の枠別出走数,-0.1013,1号艇の年齢,-0.1001,1号艇の級別順位,-0.08,1号艇のsession_exh_rel_avg,-0.0677,2号艇のwin_rate_rank_2to6,0.2022,2号艇のclass_rank_2to6,0.1239,2号艇の当地勝率,0.0738,1号艇vs3号艇の枠別平均ST差,-0.0627,3号艇の全国勝率,-0.0625,3号艇のwin_rate_rank_2to6,-0.1422,3号艇のsession_exh_rel_avg,-0.1037,3号艇の当地勝率,-0.0606,3号艇のcumulative_diff_rank_2to6,-0.053,3号艇の直近平均着順,-0.0496,0.0724,西 1.3m/s,[逃げ]1号艇のdominanceが有利(+10.7pt)、3号艇の枠別出走数が不利(-10.1pt) / [2着]2号艇のwin_rate_rank_2to6が有利(+20.2pt)、2号艇のclass_rank_2to6が有利(+12.4pt) / [候補2]3号艇のwin_rate_rank_2to6が不利(-14.2pt)、3号艇のsession_exh_rel_avgが不利(-10.4pt)、天気+7.2pt
66,09,津,9,14:25,0.5654441299228354,3,0.5304237648032039,2,0.20259847203508663,0.4144831209231178,0.17387612320454277,0.5591461136337477,0.3280006590833201,0.45788201873630674,1-3,1-2,0.11455811674357547,0.2999250041795423,0.03136066194200076,0.09831723319974842,0.021283112804746707,True,True,False,False,予選,2026-08-18,1号艇のsession_exh_rel_avg,0.1193,1号艇の級別順位,-0.0947,1号艇のdominance,-0.0931,1号艇vs3号艇のcumulative差,-0.0657,1号艇の勝率順位,-0.0562,3号艇のwin_rate_rank_2to6,0.1813,3号艇の節間得点,0.0901,3号艇の当地勝率,0.0786,1号艇vs3号艇のcumulative差,0.0625,3号艇のcumulative_diff_rank_2to6,0.037,2号艇のwin_rate_rank_2to6,-0.1558,2号艇のsession_exh_rel_avg,0.0936,2号艇のclass_rank_2to6,-0.0698,2号艇の全国勝率,-0.0312,場特性:1x_diff_course2,0.0307,0.0161,南東 2.1m/s,[逃げ]1号艇のsession_exh_rel_avgが有利(+11.9pt)、1号艇の級別順位が不利(-9.5pt) / [2着]3号艇のwin_rate_rank_2to6が有利(+18.1pt)、3号艇の節間得点が有利(+9.0pt) / [候補2]2号艇のwin_rate_rank_2to6が不利(-15.6pt)、2号艇のsession_exh_rel_avgが有利(+9.4pt) / [除外]4号艇のwin_rate_rank_2to6が不利(-5.0pt)、天気+1.6pt
67,12,住之江,9,18:54,0.6906454762327507,2,0.402552512759653,6,0.1869253173915082,0.4071201967333973,0.16773093407126155,0.4217468960798996,0.3251762156805551,0.41150820653734793,1-2,1-6,0.278021071883581,0.0739240918479541,0.11584261084061055,0.09375858195649861,0.12909912484981625,True,False,False,False,住之江選抜,2026-08-18,1号艇のsession_exh_rel_avg,-0.1382,1号艇のracer_win_te,0.1044,1号艇のvs_max234_diff,0.0774,1号艇の級別順位,0.0757,風速区分,0.0715,2号艇のwin_rate_rank_2to6,0.0577,2号艇のsession_exh_rel_avg,-0.0564,2号艇のclass_rank_2to6,-0.0534,2号艇のracer_avgfin_te,-0.0528,2号艇の全国勝率,0.0495,6号艇のwin_rate_rank_2to6,0.3018,6号艇のclass_rank_2to6,0.1958,6号艇のvs_avg456_diff,0.1276,6号艇の全国勝率,0.1235,2号艇のracer_win_te,0.095,-0.0005,北西 0.7m/s,[逃げ]1号艇のsession_exh_rel_avgが不利(-13.8pt)、1号艇のracer_win_teが有利(+10.4pt) / [2着]2号艇のwin_rate_rank_2to6が有利(+5.8pt)、2号艇のsession_exh_rel_avgが不利(-5.6pt) / [候補2]6号艇のwin_rate_rank_2to6が有利(+30.2pt)、6号艇のclass_rank_2to6が有利(+19.6pt)、天気影響ほぼなし
68,16,児島,11,16:13,0.6569756845408503,4,0.32877347792410794,2,0.32297203210655134,0.428180952598818,0.20448769583354637,0.4472578141971129,0.3231116689227237,0.43390401107830645,1-4,1-2,0.21218477188075105,0.1343434439504253,0.21599618071806695,0.07570132478915366,0.018749954636465345,True,False,False,False,予選特選,2026-08-18,1号艇の女子戦比率,-0.2238,1号艇のdominance,0.1462,1号艇の年齢,-0.0914,1号艇の級別順位,0.083,1号艇vs4号艇の枠別平均ST差,-0.0756,4号艇のwin_rate_rank_2to6,0.1703,4号艇の年齢,-0.06,場特性:1x_diff_course4,0.0585,4号艇のclass_rank_2to6,0.0584,4号艇の全国勝率,0.0535,2号艇の全国勝率,0.059,3号艇の女子戦2連率,-0.041,1号艇の年齢,0.0358,2号艇のsession_exh_rel_avg,-0.0351,レース時間帯,-0.0343,0.1307,南東 1.7m/s,[逃げ]1号艇の女子戦比率が不利(-22.4pt)、1号艇のdominanceが有利(+14.6pt) / [2着]4号艇のwin_rate_rank_2to6が有利(+17.0pt)、4号艇の年齢が不利(-6.0pt) / [候補2]2号艇の全国勝率が有利(+5.9pt)、3号艇の女子戦2連率が不利(-4.1pt) / [除外]6号艇のwin_rate_rank_2to6が不利(-7.6pt)、6号艇のvs_avg456_diffが不利(-5.6pt)、天気+13.1pt
69,11,琵琶湖,10,15:17,0.7008269819196979,3,0.33425425967510747,4,0.32638446678129207,0.4629934448017114,0.26311235613644285,0.3975263703199567,0.3168102894367037,0.44335332245718495,1-3,1-4,0.18439623845688397,0.23425440400190856,0.22873904079980284,0.02545691785388709,0.027980370364079743,True,False,False,False,予選特賞,2026-08-18,1号艇のdominance,0.3445,1号艇のracer_win_te,0.1042,風速区分,0.0918,1号艇の全国勝率,0.0861,4号艇のsession_exh_rel_last,-0.0844,4号艇のsession_exh_rel_last,-0.1252,3号艇の枠別平均ST,-0.124,3号艇のsession_exh_rel_avg,0.0701,3号艇のwin_rate_rank_2to6,-0.057,3号艇のcumulative_diff_rank_2to6,0.0493,4号艇のwin_rate_rank_2to6,0.228,4号艇のclass_rank_2to6,0.1869,4号艇のsession_exh_rel_avg,0.0521,class_std_1to6,-0.0362,1号艇vs3号艇の勝率差,0.0247,0.0967,東 1.1m/s,[逃げ]1号艇のdominanceが有利(+34.5pt)、1号艇のracer_win_teが有利(+10.4pt) / [2着]4号艇のsession_exh_rel_lastが不利(-12.5pt)、3号艇の枠別平均STが不利(-12.4pt) / [候補2]4号艇のwin_rate_rank_2to6が有利(+22.8pt)、4号艇のclass_rank_2to6が有利(+18.7pt) / [除外]5号艇のsession_exh_rel_avgが不利(-5.5pt)、天気+9.7pt
70,12,住之江,1,15:19,0.5990195419878434,4,0.393670361236872,3,0.269353504671735,0.397164252483583,0.17380698513899623,0.48921688076961073,0.31432834688859745,0.42478004096939126,1-4,1-3,0.10411378063224942,0.16134801300128312,0.2358162394822999,0.09564240755014494,0.0020991034139175215,True,False,False,False,一般戦,2026-08-18,5号艇の枠別出走数,-0.0967,avg_entry_count,-0.0701,4号艇のsession_exh_rel_avg,-0.0696,場特性:in_escape_diff,0.0642,1号艇の女子戦比率,-0.059,4号艇のwin_rate_rank_2to6,0.2283,4号艇のclass_rank_2to6,0.2021,1号艇vs5号艇の勝率差,0.1336,1号艇の女子戦2連率,-0.1272,4号艇の全国勝率,0.09,3号艇のsession_exh_rel_avg,0.0935,3号艇のwin_rate_rank_2to6,-0.0822,3号艇の全国勝率,-0.0693,3号艇の当地勝率,-0.0488,ST差分(6-5),0.0457,0.0306,東 0.7m/s,[逃げ]5号艇の枠別出走数が不利(-9.7pt)、avg_entry_countが不利(-7.0pt) / [2着]4号艇のwin_rate_rank_2to6が有利(+22.8pt)、4号艇のclass_rank_2to6が有利(+20.2pt) / [候補2]3号艇のsession_exh_rel_avgが有利(+9.4pt)、3号艇のwin_rate_rank_2to6が不利(-8.2pt) / [除外]5号艇の直近平均着順が不利(-30.7pt)、1号艇vs5号艇の勝率差が不利(-11.6pt)、天気+3.1pt
71,17,宮島,7,13:52,0.5400260683807674,3,0.4603345820140442,4,0.2836902601728191,0.40179281030379277,0.18678099025841885,0.5572438519284445,0.3117360995190862,0.44842812279118827,1-3,1-4,0.10086660381752034,0.2485926744647482,0.15320013583904452,0.029671811105246127,0.007694852207100626,True,True,False,False,一般戦,2026-08-18,1号艇のsession_exh_rel_avg,-0.1646,1号艇のracer_win_te,-0.1113,1号艇のdominance,0.0775,1号艇の節間得点,0.0754,風速区分,0.0736,3号艇のsession_exh_rel_avg,0.1017,3号艇のwin_rate_rank_2to6,0.0644,場特性:1x_diff_course3,0.049,3号艇のcumulative_diff_rank_2to6,0.0432,3号艇のモーター2連率,0.0334,4号艇のwin_rate_rank_2to6,0.2022,4号艇のclass_rank_2to6,0.1901,4号艇のsession_exh_rel_avg,0.0833,4号艇のcumulative_diff_rank_2to6,-0.068,4号艇の節間得点,-0.0586,0.0688,南東 1.3m/s,[逃げ]1号艇のsession_exh_rel_avgが不利(-16.5pt)、1号艇のracer_win_teが不利(-11.1pt) / [2着]3号艇のsession_exh_rel_avgが有利(+10.2pt)、3号艇のwin_rate_rank_2to6が有利(+6.4pt) / [候補2]4号艇のwin_rate_rank_2to6が有利(+20.2pt)、4号艇のclass_rank_2to6が有利(+19.0pt) / [除外]6号艇のwin_rate_rank_2to6が不利(-7.6pt)、6号艇のvs_avg456_diffが不利(-5.5pt)、天気+6.9pt
72,15,丸亀,6,17:37,0.5800242186210494,2,0.40176103686522935,5,0.27767953332647055,0.394091985824881,0.17487878968355086,0.504561780508149,0.31138999041883025,0.42723292422986137,1-2,1-5,0.23303113148013727,0.10143393333959641,0.06868733383773758,0.1610608543447437,0.01581097372167908,True,False,False,False,かけうどん６,2026-08-18,風速区分,0.0804,1号艇の級別順位,-0.0695,1号艇の節間得点,0.0694,1号艇のモーター2連率順位,0.0659,1号艇のsession_exh_rel_avg,-0.0646,2号艇のsession_exh_rel_avg,-0.096,2号艇のwin_rate_rank_2to6,0.0761,2号艇のclass_rank_2to6,0.0681,2号艇の全国勝率,0.0511,2号艇の直近平均着順,0.0264,5号艇のwin_rate_rank_2to6,0.2657,5号艇のclass_rank_2to6,0.1484,5号艇のsession_exh_rel_avg,0.0985,5号艇の年齢,0.0632,5号艇の節間得点,0.0591,0.1468,北東 1.5m/s,[逃げ]風速区分が有利(+8.0pt)、1号艇の級別順位が不利(-7.0pt) / [2着]2号艇のsession_exh_rel_avgが不利(-9.6pt)、2号艇のwin_rate_rank_2to6が有利(+7.6pt) / [候補2]5号艇のwin_rate_rank_2to6が有利(+26.6pt)、5号艇のclass_rank_2to6が有利(+14.8pt) / [除外]6号艇のwin_rate_rank_2to6が不利(-8.2pt)、天気+14.7pt
73,14,鳴門,1,08:40,0.7086678935539452,2,0.2836212875534373,3,0.272359377331033,0.3940056466403995,0.17717424885744132,0.37880641602702897,0.31023646125347565,0.3894458774563883,1-2,1-3,0.2009933004175522,0.1930123462228473,0.12555770172980543,0.06945126302724956,0.11965328479648436,False,False,True,False,一般,2026-08-18,1号艇のdominance,0.2178,場特性:in_escape_diff,-0.1275,1号艇のvs_max234_diff,0.1154,1号艇のsession_exh_rel_avg,-0.1095,1号艇の勝率順位,0.0825,2号艇のwin_rate_rank_2to6,-0.142,2号艇のsession_exh_rel_avg,-0.14,2号艇の全国勝率,-0.0898,2号艇の直近平均着順,-0.0497,1号艇のsession_rank_diff_delta,-0.0488,3号艇のsession_exh_rel_avg,-0.244,3号艇の節間得点,-0.0738,6号艇の女子戦比率,0.0635,3号艇の全国勝率,-0.0598,3号艇のracer_avgfin_te,-0.0473,-0.0576,南東 5.4m/s,[逃げ]1号艇のdominanceが有利(+21.8pt)、場特性:in_escape_diffが不利(-12.7pt) / [2着]2号艇のwin_rate_rank_2to6が不利(-14.2pt)、2号艇のsession_exh_rel_avgが不利(-14.0pt) / [候補2]3号艇のsession_exh_rel_avgが不利(-24.4pt)、3号艇の節間得点が不利(-7.4pt) / [除外]6号艇の女子戦比率が不利(-5.2pt)、天気-5.8pt
74,20,若松,6,17:46,0.597235260798092,4,0.465620556560138,3,0.1664882729590379,0.3775176816506617,0.14953744139631342,0.4825713881228625,0.30977404781557216,0.40903379359232184,1-4,1-3,0.07633774073765816,0.09943266712051492,0.2780850145301468,0.08930903281140663,0.05407079892374132,True,False,False,False,予選,2026-08-18,1号艇の年齢,-0.149,1号艇の級別順位,0.0838,ST差分(4-3),-0.08,1号艇のracer_win_te,0.0547,1号艇vs4号艇の枠別平均ST差,-0.0518,4号艇のwin_rate_rank_2to6,0.1435,4号艇のclass_rank_2to6,0.1435,4号艇の全国勝率,0.0827,4号艇のsession_exh_rel_avg,-0.0674,3号艇の年齢,0.0593,3号艇のwin_rate_rank_2to6,-0.1483,3号艇のsession_exh_rel_avg,-0.0822,6号艇のracer_2nd_te,-0.0815,3号艇の当地勝率,-0.0506,3号艇のracer_win_te,-0.0505,0.0232,東 2.0m/s,[逃げ]1号艇の年齢が不利(-14.9pt)、1号艇の級別順位が有利(+8.4pt) / [2着]4号艇のwin_rate_rank_2to6が有利(+14.4pt)、4号艇のclass_rank_2to6が有利(+14.4pt) / [候補2]3号艇のwin_rate_rank_2to6が不利(-14.8pt)、3号艇のsession_exh_rel_avgが不利(-8.2pt) / [除外]2号艇のwin_rate_rank_2to6が不利(-7.7pt)、6号艇の女子戦比率が不利(-7.3pt)、天気+2.3pt
75,15,丸亀,8,18:33,0.6598828424808462,2,0.39586246960165905,3,0.27875411575367715,0.4451679099290016,0.2658744597636081,0.4087421255917281,0.3031373768612402,0.4342401746278196,1-2,1-3,0.2612228516722303,0.1839450582567713,0.17544599425186905,0.024884369814611392,0.014384559881471089,True,False,False,False,釜揚げ８,2026-08-18,3号艇のsession_exh_rel_avg,-0.1103,2号艇の枠別出走数,-0.1037,1号艇の級別順位,0.0875,ST差分(4-3),-0.084,1号艇の勝率順位,-0.0812,2号艇のwin_rate_rank_2to6,0.1637,2号艇の枠別出走数,-0.1332,2号艇のclass_rank_2to6,0.0735,2号艇の全国勝率,0.0602,2号艇のsession_exh_rel_avg,0.0598,3号艇のwin_rate_rank_2to6,-0.1382,3号艇のモーター2連率,0.1111,3号艇のsession_exh_rel_avg,0.1073,3号艇のsession_exh_rel_last,0.0662,3号艇のcumulative_diff_rank_2to6,-0.0553,0.1144,北東 0.9m/s,[逃げ]3号艇のsession_exh_rel_avgが不利(-11.0pt)、2号艇の枠別出走数が不利(-10.4pt) / [2着]2号艇のwin_rate_rank_2to6が有利(+16.4pt)、2号艇の枠別出走数が不利(-13.3pt) / [候補2]3号艇のwin_rate_rank_2to6が不利(-13.8pt)、3号艇のモーター2連率が有利(+11.1pt) / [除外]6号艇のwin_rate_rank_2to6が不利(-7.9pt)、6号艇のvs_avg456_diffが不利(-5.0pt)、天気+11.4pt
76,12,住之江,12,20:30,0.7258493567329019,2,0.3341735679900578,3,0.30352974275999667,0.4628765378943689,0.2882771877655448,0.3494261229845097,0.3027524419421606,0.42884141342141113,1-2,1-3,0.2425596693627221,0.22031686853164675,0.20924581130039063,0.039508135987495585,0.014218877634645726,False,False,False,False,優勝戦,2026-08-18,1号艇のdominance,0.1512,race_no,0.1463,1号艇のracer_win_te,0.1343,風速区分,0.1328,1号艇のsession_exh_rel_avg,0.126,2号艇のwin_rate_rank_2to6,0.1308,2号艇のsession_exh_rel_avg,0.0756,2号艇のclass_rank_2to6,-0.0711,2号艇のモーター2連率,-0.0522,4号艇の節間得点,-0.0515,3号艇の節間得点,0.1413,3号艇のsession_exh_rel_avg,0.1011,3号艇の当地勝率,0.0992,2号艇の全国勝率,-0.063,3号艇のwin_rate_rank_2to6,0.0612,0.1654,北東 0.7m/s,[逃げ]1号艇のdominanceが有利(+15.1pt)、race_noが有利(+14.6pt) / [2着]2号艇のwin_rate_rank_2to6が有利(+13.1pt)、2号艇のsession_exh_rel_avgが有利(+7.6pt) / [候補2]3号艇の節間得点が有利(+14.1pt)、3号艇のsession_exh_rel_avgが有利(+10.1pt) / [除外]std_234_全国勝率が不利(-7.3pt)、3号艇の節間得点が不利(-6.9pt)、天気+16.5pt
77,14,鳴門,12,14:20,0.5676176888731523,2,0.49236524436048035,3,0.22684546289836452,0.40823671946709084,0.2234209472345312,0.49578976002431363,0.2987863579959848,0.4345026316342576,1-2,1-3,0.27947522208536074,0.1287614973817301,0.12681768171511512,0.022966897664773132,0.009596393197984299,True,True,False,False,準優勝戦,2026-08-18,1号艇のdominance,0.2117,1号艇の女子戦比率,-0.1772,場特性:in_escape_diff,-0.1489,1号艇の勝率順位,0.0823,1号艇の節間得点,0.0801,2号艇のwin_rate_rank_2to6,0.1612,2号艇のsession_exh_rel_avg,0.148,2号艇のモーター2連率,0.1061,2号艇のclass_rank_2to6,-0.0661,2号艇の全国勝率,0.0462,3号艇のsession_exh_rel_avg,-0.1097,4号艇のsession_rank_diff_last,-0.1012,3号艇のwin_rate_rank_2to6,0.0608,3号艇の節間得点,0.0505,3号艇のclass_rank_2to6,0.0504,-0.0133,南 6.4m/s,[逃げ]1号艇のdominanceが有利(+21.2pt)、1号艇の女子戦比率が不利(-17.7pt) / [2着]2号艇のwin_rate_rank_2to6が有利(+16.1pt)、2号艇のsession_exh_rel_avgが有利(+14.8pt) / [候補2]3号艇のsession_exh_rel_avgが不利(-11.0pt)、4号艇のsession_rank_diff_lastが不利(-10.1pt) / [除外]6号艇のwin_rate_rank_2to6が不利(-6.0pt)、天気-1.3pt
78,10,三国,4,09:50,0.6320292370169049,2,0.37293582453085117,4,0.21524062572216385,0.3717447130847246,0.16549943500808506,0.42267701524492995,0.2979164651054071,0.3870244037327862,1-2,1-4,0.2357063446345042,0.08596994615365638,0.1360383684502204,0.0697141032071122,0.10460048163488884,False,False,True,False,みくにあさ推,2026-08-18,1号艇のsession_exh_rel_avg,0.1015,1号艇の節間得点,0.0662,1号艇vs4号艇の枠別平均ST差,-0.0647,6号艇の女子戦勝率,0.0625,1号艇のdominance,0.0588,2号艇のclass_rank_2to6,-0.065,2号艇の全国勝率,0.0529,2号艇のwin_rate_rank_2to6,0.0441,3号艇の全国勝率,-0.0396,2号艇のsession_exh_rel_avg,0.0387,4号艇のclass_rank_2to6,0.1546,4号艇のsession_exh_rel_avg,-0.0915,4号艇のwin_rate_rank_2to6,-0.0896,4号艇の節間得点,0.0705,6号艇の節間得点,-0.0564,-0.0112,南西 3.0m/s,[逃げ]1号艇のsession_exh_rel_avgが有利(+10.1pt)、1号艇の節間得点が有利(+6.6pt) / [2着]2号艇のclass_rank_2to6が不利(-6.5pt)、2号艇の全国勝率が有利(+5.3pt) / [候補2]4号艇のclass_rank_2to6が有利(+15.5pt)、4号艇のsession_exh_rel_avgが不利(-9.2pt)、天気-1.1pt
79,16,児島,1,10:41,0.5118521023159898,2,0.43501667229443175,4,0.29488481257147203,0.3736016095121754,0.17950211333360816,0.5503993715322957,0.2931268753694479,0.42664093811821147,1-2,1-4,0.22266419825641087,0.09187853407997039,0.15093741125576457,0.04221242024332607,0.004159527754780946,False,False,True,False,予選,2026-08-18,1号艇のdominance,0.1726,1号艇の平均ST,-0.0955,1号艇の級別順位,0.0884,1号艇のracer_win_te,-0.0882,1号艇のvs_max234_diff,0.082,2号艇のwin_rate_rank_2to6,0.1838,3号艇のracer_2nd_te,0.0878,second_best_win_rate,0.0553,2号艇のモーター2連率,0.0525,1号艇の直近複勝率,0.0477,4号艇のwin_rate_rank_2to6,0.0837,1号艇の平均ST,0.0566,1号艇の一般戦2連率,0.05,場特性:1x_diff_course4,0.0472,4号艇のcumulative_diff_rank_2to6,0.0446,0.0995,南東 1.7m/s,[逃げ]1号艇のdominanceが有利(+17.3pt)、1号艇の平均STが不利(-9.5pt) / [2着]2号艇のwin_rate_rank_2to6が有利(+18.4pt)、3号艇のracer_2nd_teが有利(+8.8pt) / [候補2]4号艇のwin_rate_rank_2to6が有利(+8.4pt)、1号艇の平均STが有利(+5.7pt) / [除外]6号艇の全国勝率が不利(-16.9pt)、6号艇の直近平均着順が不利(-14.4pt)、天気+9.9pt
80,16,児島,3,11:40,0.4007962503609178,2,0.6126566060588544,3,0.2263918716373971,0.33628748373169376,0.10833868545819263,0.7307097922380589,0.2925679510234517,0.4546141762836033,1-2,1-3,0.2455504704672348,0.09073701326445897,0.01750601608855976,0.0434217389006745,0.0035810047344837052,True,True,False,False,予選,2026-08-18,1号艇の女子戦比率,-0.1811,1号艇のdominance,-0.1634,1号艇の級別順位,-0.0812,1号艇の全国勝率,-0.0715,4号艇のrecent_race_count,0.0673,2号艇のwin_rate_rank_2to6,0.2501,2号艇のclass_rank_2to6,0.1199,1号艇vs6号艇の枠別平均ST差,0.0838,2号艇の体重,-0.0607,2号艇の全国勝率,0.0552,3号艇のモーター2連率,0.1417,6号艇の枠別平均ST,0.094,3号艇のracer_avgfin_te,-0.0886,3号艇のwin_rate_rank_2to6,-0.0787,5号艇の一般戦2連率,0.0705,0.0567,南東 1.7m/s,[逃げ]1号艇の女子戦比率が不利(-18.1pt)、1号艇のdominanceが不利(-16.3pt) / [2着]2号艇のwin_rate_rank_2to6が有利(+25.0pt)、2号艇のclass_rank_2to6が有利(+12.0pt) / [候補2]3号艇のモーター2連率が有利(+14.2pt)、6号艇の枠別平均STが有利(+9.4pt) / [除外]6号艇の直近平均着順が不利(-8.5pt)、6号艇のwin_rate_rank_2to6が不利(-7.8pt)、天気+5.7pt
81,20,若松,4,16:54,0.6203709836662585,2,0.37024322344266125,3,0.25575905996406123,0.3883536523343524,0.20692412672824945,0.41907815667847303,0.2919219638891379,0.39757100363758857,1-2,1-3,0.22968815272289012,0.15866549961146226,0.05154607705139148,0.12836972404268565,0.052101544104201,True,False,False,False,予選,2026-08-18,5号艇の枠別出走数,-0.205,4号艇の枠別出走数,-0.1121,1号艇のsession_exh_rel_avg,0.1113,1号艇のracer_win_te,0.0947,1号艇の節間得点,0.0778,2号艇のsession_exh_rel_avg,0.0789,2号艇のracer_avgfin_te,-0.0645,2号艇のモーター2連率,0.0625,2号艇のwin_rate_rank_2to6,-0.0577,2号艇の当地勝率,-0.0442,3号艇のwin_rate_rank_2to6,-0.1093,3号艇のsession_exh_rel_avg,-0.0891,3号艇のcumulative_diff_rank_2to6,-0.0536,場特性:1x_diff_course3,0.0514,3号艇のモーター2連率,-0.0405,0.0634,東 1.7m/s,[逃げ]5号艇の枠別出走数が不利(-20.5pt)、4号艇の枠別出走数が不利(-11.2pt) / [2着]2号艇のsession_exh_rel_avgが有利(+7.9pt)、2号艇のracer_avgfin_teが不利(-6.5pt) / [候補2]3号艇のwin_rate_rank_2to6が不利(-10.9pt)、3号艇のsession_exh_rel_avgが不利(-8.9pt) / [除外]5号艇の直近1着率が不利(-10.1pt)、天気+6.3pt
82,17,宮島,6,13:23,0.43668644789624667,3,0.40149230662135826,2,0.353137198820073,0.32953647820891996,0.12750049423718163,0.6271290112042496,0.27911720159993897,0.41881423810751883,1-3,1-2,0.15421022897276832,0.17532624923615164,0.023966671792104842,0.05567773793345071,0.02750557216264957,True,True,False,False,一般戦,2026-08-18,1号艇のdominance,-0.2422,1号艇のracer_win_te,-0.2322,1号艇のsession_exh_rel_avg,0.1349,1号艇の年齢,-0.1109,1号艇の級別順位,-0.1003,3号艇のモーター2連率,0.1193,3号艇のwin_rate_rank_2to6,-0.0532,3号艇のcumulative_diff_rank_2to6,0.0451,1号艇vs6号艇の枠別勝率差,-0.037,3号艇のsession_exh_rel_avg,-0.032,2号艇のwin_rate_rank_2to6,-0.1294,2号艇のsession_exh_rel_avg,0.0777,1号艇の年齢,0.0552,2号艇の全国勝率,0.0365,2号艇の当地勝率,-0.0356,0.057,南東 1.5m/s,[逃げ]1号艇のdominanceが不利(-24.2pt)、1号艇のracer_win_teが不利(-23.2pt) / [2着]3号艇のモーター2連率が有利(+11.9pt)、3号艇のwin_rate_rank_2to6が不利(-5.3pt) / [候補2]2号艇のwin_rate_rank_2to6が不利(-12.9pt)、2号艇のsession_exh_rel_avgが有利(+7.8pt) / [除外]4号艇のracer_avgfin_teが不利(-7.3pt)、4号艇のwin_rate_rank_2to6が不利(-5.5pt)、天気+5.7pt
83,12,住之江,4,16:33,0.6064562818762137,5,0.3839283399498013,2,0.24039126835413677,0.3786225483544204,0.219763020742977,0.4045565875609611,0.27877386641709484,0.3864027601163825,1-5,1-2,0.1457867948015569,0.09032241830994896,0.13327666445367106,0.23283575355286348,0.004234640450456059,True,False,False,False,一般戦,2026-08-18,1号艇のdominance,-0.0841,1号艇の級別順位,-0.0806,1号艇vs4号艇のcumulative差,0.0799,1号艇の節間得点,0.0798,6号艇の枠別出走数,-0.071,5号艇のwin_rate_rank_2to6,0.246,5号艇のclass_rank_2to6,0.1827,5号艇の年齢,0.1052,5号艇のsession_exh_rel_avg,0.0937,5号艇のsession_rank_diff_delta,0.0861,2号艇のsession_exh_rel_avg,-0.1431,2号艇の全国勝率,0.077,1号艇vs2号艇のcumulative差,-0.0711,4号艇のモーター出走数,-0.0615,3号艇の全国勝率,-0.0369,0.0052,南西 0.1m/s,[逃げ]1号艇のdominanceが不利(-8.4pt)、1号艇の級別順位が不利(-8.1pt) / [2着]5号艇のwin_rate_rank_2to6が有利(+24.6pt)、5号艇のclass_rank_2to6が有利(+18.3pt) / [候補2]2号艇のsession_exh_rel_avgが不利(-14.3pt)、2号艇の全国勝率が有利(+7.7pt) / [除外]6号艇の直近平均着順が不利(-8.4pt)、6号艇のwin_rate_rank_2to6が不利(-7.9pt)、天気+0.5pt
84,05,多摩川,5,13:33,0.42538733895050485,2,0.5303307720755206,4,0.21959330478243588,0.31900820746951997,0.10820162582325801,0.6417224510346985,0.27758755943052166,0.4158224805390735,1-2,1-4,0.2255959958967724,0.04602760167907395,0.09341221157274757,0.016712895908344103,0.04363863706294951,True,True,False,False,予選,2026-08-18,1号艇のdominance,-0.2942,1号艇のvs_max234_diff,-0.1456,1号艇のsession_exh_rel_avg,0.1079,場×風向,-0.0912,1号艇の全国勝率,-0.0869,2号艇のwin_rate_rank_2to6,0.2349,2号艇のclass_rank_2to6,0.1092,2号艇の当地勝率,0.0859,3号艇の全国勝率,-0.0854,2号艇のsession_exh_rel_avg,-0.0845,4号艇のsession_exh_rel_avg,0.0931,4号艇のwin_rate_rank_2to6,-0.0852,4号艇のclass_rank_2to6,-0.077,2号艇のracer_avgfin_te,-0.0648,4号艇の年齢,0.0477,-0.1049,南東 2.7m/s,[逃げ]1号艇のdominanceが不利(-29.4pt)、1号艇のvs_max234_diffが不利(-14.6pt) / [2着]2号艇のwin_rate_rank_2to6が有利(+23.5pt)、2号艇のclass_rank_2to6が有利(+10.9pt) / [候補2]4号艇のsession_exh_rel_avgが有利(+9.3pt)、4号艇のwin_rate_rank_2to6が不利(-8.5pt) / [除外]5号艇のracer_avgfin_teが不利(-5.8pt)、天気-10.5pt
85,18,徳山,3,09:40,0.772192667433882,3,0.24097493137993553,2,0.21991666619089528,0.35589711212608316,0.19455093738496684,0.266340660185864,0.2728089719940046,0.3290301765440174,1-3,1-2,0.16981803707911405,0.1860790750469691,0.12825817446489926,0.13780658505840732,0.1502308072910597,False,False,True,False,決めトク予選,2026-08-18,場特性:in_escape_diff,0.248,1号艇の節間得点,0.0723,1号艇のdominance,0.0618,場特性:1x_diff_course2,0.0612,1号艇のsession_exh_rel_avg,-0.061,3号艇のsession_exh_rel_avg,-0.2211,3号艇の当地勝率,-0.0631,3号艇のwin_rate_rank_2to6,-0.0615,3号艇のモーター2連率,0.0532,3号艇のsession_exh_rel_last,-0.0445,2号艇のwin_rate_rank_2to6,-0.1629,2号艇のsession_exh_rel_avg,0.0933,2号艇の全国勝率,-0.082,2号艇のsession_avg_finish,-0.0572,2号艇の節間得点,-0.0545,0.0527,南東 2.1m/s,[逃げ]場特性:in_escape_diffが有利(+24.8pt)、1号艇の節間得点が有利(+7.2pt) / [2着]3号艇のsession_exh_rel_avgが不利(-22.1pt)、3号艇の当地勝率が不利(-6.3pt) / [候補2]2号艇のwin_rate_rank_2to6が不利(-16.3pt)、2号艇のsession_exh_rel_avgが有利(+9.3pt)、天気+5.3pt
86,20,若松,3,16:26,0.6185695292140417,3,0.35261189446939517,2,0.2450131915852306,0.36967266812731103,0.2193931488721409,0.3782319371824848,0.272348287272411,0.37224044884386315,1-3,1-2,0.1515576945701059,0.21811497355720513,0.13570991681062636,0.031884488798000675,0.08130244971722599,True,False,False,False,予選,2026-08-18,1号艇のdominance,0.2366,1号艇のsession_exh_rel_avg,0.149,4号艇のsession_exh_rel_avg,-0.0807,1号艇の勝率順位,0.08,1号艇vs4号艇のcumulative差,-0.0799,4号艇のsession_rank_diff_last,-0.0866,3号艇のwin_rate_rank_2to6,0.0716,6号艇のracer_2nd_te,-0.0567,3号艇の枠別平均ST,-0.0444,3号艇のsession_exh_rel_avg,-0.0383,2号艇のwin_rate_rank_2to6,-0.1425,2号艇のsession_exh_rel_avg,-0.1244,1号艇の年齢,0.0677,2号艇の全国勝率,-0.0504,2号艇のclass_rank_2to6,-0.0464,0.0615,東 1.4m/s,[逃げ]1号艇のdominanceが有利(+23.7pt)、1号艇のsession_exh_rel_avgが有利(+14.9pt) / [2着]4号艇のsession_rank_diff_lastが不利(-8.7pt)、3号艇のwin_rate_rank_2to6が有利(+7.2pt) / [候補2]2号艇のwin_rate_rank_2to6が不利(-14.3pt)、2号艇のsession_exh_rel_avgが不利(-12.4pt)、天気+6.2pt
87,17,宮島,4,12:17,0.6368755651978513,5,0.35753175460509956,4,0.1980032816987055,0.35380669023319467,0.1957705175017859,0.3597645188020192,0.27068878762213877,0.355594038803842,1-5,1-4,0.12468145898302573,0.08764166795385786,0.12610345194289244,0.22770323829030226,0.07074575277286575,True,True,False,False,一般戦,2026-08-18,1号艇のsession_exh_rel_avg,0.128,節間得点の分散(2-6号艇),-0.1266,風速区分,0.0983,5号艇の節間得点,-0.096,1号艇の節間得点,0.0894,5号艇のwin_rate_rank_2to6,0.2697,5号艇のclass_rank_2to6,0.1466,5号艇のracer_avgfin_te,0.0586,mean_234_全国勝率,0.0577,5号艇の枠別勝率,0.0498,6号艇の節間得点,-0.0889,4号艇の年齢,-0.0871,4号艇のsession_exh_rel_avg,0.0868,6号艇のracer_2nd_te,0.0818,4号艇のclass_rank_2to6,-0.0803,0.1415,南東 1.2m/s,[逃げ]1号艇のsession_exh_rel_avgが有利(+12.8pt)、節間得点の分散(2-6号艇)が不利(-12.7pt) / [2着]5号艇のwin_rate_rank_2to6が有利(+27.0pt)、5号艇のclass_rank_2to6が有利(+14.7pt) / [候補2]6号艇の節間得点が不利(-8.9pt)、4号艇の年齢が不利(-8.7pt) / [除外]4号艇の年齢が不利(-5.8pt)、天気+14.2pt
88,09,津,6,12:50,0.3911469002602359,2,0.5823161977226687,3,0.19765086709523727,0.30508169970859844,0.100274412021699,0.679692652796207,0.2683714340403662,0.417464985634881,1-2,1-3,0.22777117571054853,0.07731052399804991,0.039222025437705296,0.03333297593751026,0.013510198812138002,True,True,False,False,予選,2026-08-18,1号艇のdominance,-0.3862,1号艇のracer_win_te,-0.2231,1号艇のvs_max234_diff,-0.1678,1号艇のsession_exh_rel_avg,0.143,1号艇の年齢,0.1359,2号艇のsession_exh_rel_avg,0.1006,1号艇の直近複勝率,0.0758,2号艇の節間得点,0.0626,2号艇のwin_rate_rank_2to6,0.0538,6号艇のsession_rank_diff_delta,-0.0526,1号艇のvs_max234_diff,-0.0729,3号艇のsession_exh_rel_avg,-0.063,3号艇のracer_2nd_te,0.0505,3号艇のwin_rate_rank_2to6,-0.0469,1号艇vs2号艇のplace_rate差,0.0438,0.0267,南東 2.7m/s,[逃げ]1号艇のdominanceが不利(-38.6pt)、1号艇のracer_win_teが不利(-22.3pt) / [2着]2号艇のsession_exh_rel_avgが有利(+10.1pt)、1号艇の直近複勝率が有利(+7.6pt) / [候補2]1号艇のvs_max234_diffが不利(-7.3pt)、3号艇のsession_exh_rel_avgが不利(-6.3pt) / [除外]6号艇のwin_rate_rank_2to6が不利(-8.3pt)、6号艇のvs_avg456_diffが不利(-5.0pt)、天気+2.7pt
89,13,尼崎,11,15:31,0.6857933824747124,3,0.29027882499013014,2,0.2549107251214488,0.3738873856608864,0.24281011659903032,0.3023794335125486,0.2649470180122147,0.35243500001638506,1-3,1-2,0.17481608841012003,0.19907129725076644,0.16651757116152832,0.0846925167848503,0.06069591908656512,True,False,False,False,予選特選,2026-08-18,1号艇のsession_exh_rel_avg,-0.1974,1号艇のdominance,0.1416,1号艇のracer_win_te,0.1402,風速区分,0.0874,1号艇のvs_max234_diff,0.0778,6号艇のsession_rank_diff_delta,-0.084,3号艇のsession_exh_rel_avg,0.074,3号艇のwin_rate_rank_2to6,0.0723,場特性:1x_diff_course3,-0.0469,3号艇のcumulative_diff_rank_2to6,-0.0458,2号艇のsession_exh_rel_avg,0.1458,2号艇のwin_rate_rank_2to6,-0.1278,6号艇の一般戦勝率,0.0748,6号艇のsession_rank_diff_last,-0.0715,2号艇のclass_rank_2to6,-0.0544,0.1075,西 1.0m/s,[逃げ]1号艇のsession_exh_rel_avgが不利(-19.7pt)、1号艇のdominanceが有利(+14.2pt) / [2着]6号艇のsession_rank_diff_deltaが不利(-8.4pt)、3号艇のsession_exh_rel_avgが有利(+7.4pt) / [候補2]2号艇のsession_exh_rel_avgが有利(+14.6pt)、2号艇のwin_rate_rank_2to6が不利(-12.8pt) / [除外]4号艇のwin_rate_rank_2to6が不利(-5.1pt)、天気+10.7pt
90,12,住之江,6,17:30,0.495155156837817,3,0.4386214274966696,4,0.26950392031934234,0.3506319176586711,0.2052254652791011,0.5028998825369108,0.264281599526826,0.39631230712214294,1-3,1-4,0.10161844744738728,0.21718566172454062,0.1334462559341305,0.041213517867513844,0.0016912674081563293,True,False,False,False,一般戦,2026-08-18,1号艇のdominance,-0.2445,6号艇の枠別出走数,-0.135,1号艇の年齢,0.1033,3号艇の女子戦勝率,0.0961,1号艇のvs_max234_diff,-0.0958,3号艇のwin_rate_rank_2to6,0.081,3号艇の当地勝率,0.0732,場特性:1x_diff_course3,0.0661,3号艇のclass_rank_2to6,0.0427,3号艇の全国勝率,0.0387,4号艇の全国勝率,0.1519,4号艇のclass_rank_2to6,0.1484,4号艇のwin_rate_rank_2to6,0.1372,4号艇のsession_exh_rel_avg,-0.0706,級別の分散(2-6号艇),-0.0687,0.0113,西 1.4m/s,[逃げ]1号艇のdominanceが不利(-24.5pt)、6号艇の枠別出走数が不利(-13.5pt) / [2着]3号艇のwin_rate_rank_2to6が有利(+8.1pt)、3号艇の当地勝率が有利(+7.3pt) / [候補2]4号艇の全国勝率が有利(+15.2pt)、4号艇のclass_rank_2to6が有利(+14.8pt) / [除外]6号艇のvs_avg456_diffが不利(-11.4pt)、6号艇の直近平均着順が不利(-9.6pt)、天気+1.1pt
91,17,宮島,5,12:56,0.776262580325257,6,0.2279320042945656,3,0.22024770071216182,0.34790513425793473,0.21361585125626742,0.23456385375046002,0.25872347256481304,0.3139027501056923,1-6,1-3,0.11952257184458702,0.17097004846552766,0.16582199189456642,0.1430129054625965,0.17693508579240705,True,True,False,False,ランチタイム,2026-08-18,1号艇のracer_win_te,0.1236,1号艇のvs_max234_frame_diff,0.1184,1号艇のsession_exh_rel_avg,0.1136,風速区分,0.0946,1号艇の級別順位,0.0831,6号艇のwin_rate_rank_2to6,0.3772,6号艇のclass_rank_2to6,0.2066,6号艇のsession_exh_rel_avg,0.1363,6号艇の節間得点,0.1208,1号艇vs6号艇のcumulative差,0.0986,3号艇のsession_exh_rel_avg,-0.1747,5号艇の節間得点,-0.0672,3号艇のwin_rate_rank_2to6,-0.0671,6号艇のracer_2nd_te,-0.066,1号艇のracer_win_te,0.0595,0.1606,南 1.2m/s,[逃げ]1号艇のracer_win_teが有利(+12.4pt)、1号艇のvs_max234_frame_diffが有利(+11.8pt) / [2着]6号艇のwin_rate_rank_2to6が有利(+37.7pt)、6号艇のclass_rank_2to6が有利(+20.7pt) / [候補2]3号艇のsession_exh_rel_avgが不利(-17.5pt)、5号艇の節間得点が不利(-6.7pt) / [除外]2号艇のwin_rate_rank_2to6が不利(-5.3pt)、天気+16.1pt
92,11,琵琶湖,2,11:00,0.43489588200203644,3,0.3712943622482,2,0.3270888306176505,0.30372397463679235,0.12493268679254178,0.5734505060733087,0.2581899120031712,0.38464193406774727,1-3,1-2,0.1422495854844778,0.16147438915231457,0.05433271101352663,0.050216358871014805,0.026622843961156255,True,True,False,False,予選,2026-08-18,1号艇のdominance,-0.1934,1号艇のsession_exh_rel_avg,-0.1625,1号艇のsession_exh_rel_last,-0.0965,1号艇の級別順位,-0.0922,1号艇の節間得点,0.0753,5号艇のsession_exh_rel_delta,0.1603,3号艇のwin_rate_rank_2to6,-0.1104,3号艇のsession_exh_rel_avg,0.1074,6号艇のracer_2nd_te,-0.067,場特性:1x_diff_course3,-0.0389,2号艇のclass_rank_2to6,0.0755,2号艇のsession_exh_rel_avg,0.068,2号艇のwin_rate_rank_2to6,0.0659,2号艇の節間得点,0.0485,2号艇の全国勝率,0.0459,-0.0084,南東 2.1m/s,[逃げ]1号艇のdominanceが不利(-19.3pt)、1号艇のsession_exh_rel_avgが不利(-16.3pt) / [2着]5号艇のsession_exh_rel_deltaが有利(+16.0pt)、3号艇のwin_rate_rank_2to6が不利(-11.0pt) / [候補2]2号艇のclass_rank_2to6が有利(+7.6pt)、2号艇のsession_exh_rel_avgが有利(+6.8pt)、天気-0.8pt
93,16,児島,8,14:29,0.46843019552703147,3,0.45623591061145335,2,0.19886277454183462,0.3068680051758559,0.1548285904802317,0.5002700946730563,0.249853676330026,0.364888632025016,1-3,1-2,0.09315332836167957,0.21371467681417636,0.03293300635247351,0.056102809302141655,0.07252638691182962,True,True,False,False,予選,2026-08-18,1号艇のdominance,-0.2407,1号艇の級別順位,-0.0802,1号艇のracer_win_te,-0.0704,1号艇の勝率順位,-0.0703,1号艇の全国勝率,-0.0698,3号艇のwin_rate_rank_2to6,0.0709,3号艇のモーター2連率,-0.0506,3号艇の女子戦比率,-0.0404,3号艇の全国勝率,0.0374,3号艇のcumulative_diff_rank_2to6,0.0371,2号艇の全国勝率,-0.0804,2号艇のwin_rate_rank_2to6,-0.0679,2号艇のracer_avgfin_te,-0.0502,2号艇の当地勝率,-0.0477,second_best_win_rate,-0.0365,0.102,南東 1.7m/s,[逃げ]1号艇のdominanceが不利(-24.1pt)、1号艇の級別順位が不利(-8.0pt) / [2着]3号艇のwin_rate_rank_2to6が有利(+7.1pt)、3号艇のモーター2連率が不利(-5.1pt) / [候補2]2号艇の全国勝率が不利(-8.0pt)、2号艇のwin_rate_rank_2to6が不利(-6.8pt) / [除外]4号艇のracer_avgfin_teが不利(-10.5pt)、4号艇のwin_rate_rank_2to6が不利(-5.6pt)、天気+10.2pt
94,15,丸亀,7,18:04,0.40143083591786266,3,0.580887465499508,2,0.13976585848309264,0.28929246625332167,0.13143853242745612,0.5892147915551444,0.2436634536053345,0.3792691638438685,1-3,1-2,0.056106325403645574,0.2331861408496761,0.03730740190435556,0.022067488563737803,0.052763479944170806,True,False,False,False,ざるうどん７,2026-08-18,1号艇のdominance,-0.2304,1号艇のvs_max234_diff,-0.0745,1号艇のモーター2連率順位,-0.0745,3号艇の直近1着率,-0.0744,風速区分,0.0723,3号艇のwin_rate_rank_2to6,0.2026,3号艇のsession_exh_rel_avg,0.0773,3号艇の当地勝率,0.0756,3号艇の全国勝率,0.068,2号艇のvs_boat3_diff,0.0517,2号艇のwin_rate_rank_2to6,-0.1963,2号艇の全国勝率,-0.114,2号艇のsession_avg_finish,-0.055,2号艇の直近平均着順,-0.0548,2号艇の体重,-0.0462,0.1022,北 1.3m/s,[逃げ]1号艇のdominanceが不利(-23.0pt)、1号艇のvs_max234_diffが不利(-7.5pt) / [2着]3号艇のwin_rate_rank_2to6が有利(+20.3pt)、3号艇のsession_exh_rel_avgが有利(+7.7pt) / [候補2]2号艇のwin_rate_rank_2to6が不利(-19.6pt)、2号艇の全国勝率が不利(-11.4pt)、天気+10.2pt
95,16,児島,9,15:04,0.38557763637435716,4,0.39105347922578326,3,0.3658368160551989,0.29183997104913034,0.14404607122636368,0.6128442240546185,0.24139388954139882,0.3881412469507768,1-4,1-3,0.05554094367247361,0.14105849483328406,0.15078147621584628,0.01966144548542084,0.01853526467622335,True,False,False,False,予選特賞,2026-08-18,1号艇のdominance,-0.2817,1号艇の女子戦比率,-0.1808,1号艇のvs_max234_diff,-0.1311,1号艇の全国勝率,-0.0804,1号艇vs4号艇の枠別平均ST差,-0.0646,4号艇の直近1着率,-0.2778,4号艇のclass_rank_2to6,0.2292,4号艇のwin_rate_rank_2to6,0.225,4号艇の全国勝率,0.1383,5号艇のracer_win_te,0.0697,win_rate_gap_top2_2to6,0.0822,2号艇のracer_win_te,0.0635,2号艇のracer_avgfin_te,0.0584,3号艇のwin_rate_rank_2to6,0.0563,3号艇のcumulative_diff_rank_2to6,0.0457,0.0288,南東 1.7m/s,[逃げ]1号艇のdominanceが不利(-28.2pt)、1号艇の女子戦比率が不利(-18.1pt) / [2着]4号艇の直近1着率が不利(-27.8pt)、4号艇のclass_rank_2to6が有利(+22.9pt) / [候補2]win_rate_gap_top2_2to6が有利(+8.2pt)、2号艇のracer_win_teが有利(+6.4pt) / [除外]5号艇のracer_win_teが不利(-11.8pt)、5号艇の直近平均着順が不利(-11.7pt)、天気+2.9pt
96,20,若松,7,18:13,0.4185389648742778,2,0.42957419016771237,5,0.2869929746734222,0.29991127943550444,0.16407521268571795,0.5524919521554166,0.24086167108323303,0.37568548125147805,1-2,1-5,0.17979353688950048,0.06867186967900736,0.04146666761272216,0.12011774254600395,0.008489147757248986,True,False,False,False,予選特賞,2026-08-18,1号艇のdominance,-0.1699,1号艇の勝率順位,-0.0687,1号艇のモーター2連率順位,-0.0642,1号艇のsession_exh_rel_avg,-0.0612,風速区分,0.0597,2号艇のモーター2連率,0.1156,2号艇のclass_rank_2to6,-0.0819,2号艇の一般戦勝率,-0.0642,2号艇のwin_rate_rank_2to6,0.0534,2号艇の全国勝率,0.0486,5号艇のwin_rate_rank_2to6,0.2378,5号艇のclass_rank_2to6,0.1588,5号艇の性別,-0.0713,5号艇の枠別勝率,0.0568,5号艇のracer_avgfin_te,0.0531,0.0752,東 1.9m/s,[逃げ]1号艇のdominanceが不利(-17.0pt)、1号艇の勝率順位が不利(-6.9pt) / [2着]2号艇のモーター2連率が有利(+11.6pt)、2号艇のclass_rank_2to6が不利(-8.2pt) / [候補2]5号艇のwin_rate_rank_2to6が有利(+23.8pt)、5号艇のclass_rank_2to6が有利(+15.9pt) / [除外]6号艇のwin_rate_rank_2to6が不利(-7.8pt)、6号艇のvs_avg456_diffが不利(-5.5pt)、天気+7.5pt
97,14,鳴門,6,10:54,0.44083556126228984,3,0.3957182179755245,2,0.2913362854041206,0.3028780576151497,0.1844528609606053,0.5026016424190398,0.23583798851598317,0.3627951330563167,1-3,1-2,0.12843139489219615,0.17444666272295348,0.04407526063347446,0.012568865810143081,0.08131338048800356,False,False,True,False,一般,2026-08-18,場特性:in_escape_diff,-0.1309,1号艇のracer_win_te,-0.0926,1号艇のdominance,-0.067,6号艇のモーター2連率,-0.0663,1号艇の級別順位,-0.0642,3号艇の節間得点,0.078,3号艇のsession_exh_rel_avg,0.0654,1号艇vs3号艇の直近複勝率差,0.0502,3号艇のcumulative_diff_rank_2to6,0.0418,1号艇の一般戦2連率,0.0358,2号艇のwin_rate_rank_2to6,-0.1326,4号艇の女子戦比率,0.0575,2号艇のsession_exh_rel_avg,-0.0575,2号艇のclass_rank_2to6,-0.0503,2号艇のcumulative_diff_rank_2to6,-0.0358,-0.0291,南 5.1m/s,[逃げ]場特性:in_escape_diffが不利(-13.1pt)、1号艇のracer_win_teが不利(-9.3pt) / [2着]3号艇の節間得点が有利(+7.8pt)、3号艇のsession_exh_rel_avgが有利(+6.5pt) / [候補2]2号艇のwin_rate_rank_2to6が不利(-13.3pt)、4号艇の女子戦比率が有利(+5.7pt) / [除外]5号艇のracer_avgfin_teが不利(-5.0pt)、天気-2.9pt
98,12,住之江,7,17:55,0.4573091839500591,3,0.42582781041342194,2,0.27124274886093735,0.3187767686173686,0.2235566623155188,0.47351389695884055,0.23325916411837816,0.36519790711981015,1-3,1-2,0.12404180013396608,0.19473496848340247,0.03591669044086223,0.10223451481010883,0.0003812080853022002,True,False,False,False,一般戦,2026-08-18,3号艇のracer_win_te,-0.12,1号艇のsession_exh_rel_avg,0.1123,1号艇のracer_win_te,-0.1033,1号艇の級別順位,-0.0989,6号艇の枠別出走数,-0.0981,3号艇のsession_exh_rel_avg,0.121,3号艇の当地勝率,0.0889,3号艇のwin_rate_rank_2to6,0.0607,5号艇の節間得点,-0.0519,3号艇のclass_rank_2to6,0.0484,2号艇のsession_exh_rel_avg,-0.0734,1号艇vs2号艇のcumulative差,-0.0586,2号艇の当地勝率,0.0574,2号艇のモーター2連率,0.047,2号艇の全国勝率,0.0422,-0.0078,西 1.1m/s,[逃げ]3号艇のracer_win_teが不利(-12.0pt)、1号艇のsession_exh_rel_avgが有利(+11.2pt) / [2着]3号艇のsession_exh_rel_avgが有利(+12.1pt)、3号艇の当地勝率が有利(+8.9pt) / [候補2]2号艇のsession_exh_rel_avgが不利(-7.3pt)、1号艇vs2号艇のcumulative差が不利(-5.9pt) / [除外]6号艇の直近平均着順が不利(-21.8pt)、6号艇の全国勝率が不利(-13.7pt)、天気-0.8pt
99,13,尼崎,5,12:21,0.38767710367057584,2,0.5096840642220872,4,0.19393326365888341,0.2727763277653246,0.13189560938679434,0.5717217184941763,0.22960272779304527,0.36245994498398015,1-2,1-4,0.19759284180466655,0.033426360739966354,0.07518348596065806,0.030341501554507863,0.05113290783393805,True,True,False,False,予選,2026-08-18,1号艇のdominance,-0.3555,1号艇のracer_win_te,-0.2102,1号艇のvs_max234_diff,-0.162,1号艇のsession_exh_rel_avg,0.1154,1号艇の全国勝率,-0.0955,2号艇のwin_rate_rank_2to6,0.1909,2号艇のclass_rank_2to6,0.0795,2号艇の全国勝率,0.0741,1号艇vs2号艇のplace_rate差,-0.0531,2号艇のsession_exh_rel_avg,0.0509,4号艇のwin_rate_rank_2to6,-0.1836,4号艇のsession_exh_rel_avg,0.112,4号艇の全国勝率,-0.1045,4号艇のclass_rank_2to6,-0.084,1号艇vs4号艇の枠別平均ST差,0.0696,0.0601,南西 1.6m/s,[逃げ]1号艇のdominanceが不利(-35.5pt)、1号艇のracer_win_teが不利(-21.0pt) / [2着]2号艇のwin_rate_rank_2to6が有利(+19.1pt)、2号艇のclass_rank_2to6が有利(+7.9pt) / [候補2]4号艇のwin_rate_rank_2to6が不利(-18.4pt)、4号艇のsession_exh_rel_avgが有利(+11.2pt) / [除外]1号艇vs5号艇の枠別平均ST差が不利(-6.4pt)、3号艇のsession_exh_rel_avgが不利(-5.4pt)、天気+6.0pt
100,14,鳴門,8,11:59,0.49638150865190667,2,0.3935513998259612,3,0.2045521779780642,0.29688755628046515,0.18899509143138543,0.4091084863726399,0.22955520726758466,0.33055383530811755,1-2,1-3,0.19535163757768034,0.10153591870278482,0.06735460114365471,0.09381366861251614,0.03832567706777498,True,True,False,False,一般,2026-08-18,1号艇のdominance,-0.1961,場特性:in_escape_diff,-0.1087,1号艇のracer_win_te,-0.0934,1号艇のvs_max234_diff,0.0897,1号艇の節間得点,0.072,3号艇の全国勝率,-0.0907,2号艇のclass_rank_2to6,0.082,2号艇のsession_exh_rel_avg,0.0585,4号艇のモーター出走数,-0.0494,3号艇の直近平均着順,0.0445,3号艇のwin_rate_rank_2to6,-0.1071,3号艇のsession_exh_rel_avg,-0.0942,6号艇の女子戦比率,0.0573,3号艇の当地勝率,-0.0489,1号艇vs6号艇の枠別勝率差,-0.035,-0.0298,南 5.8m/s,[逃げ]1号艇のdominanceが不利(-19.6pt)、場特性:in_escape_diffが不利(-10.9pt) / [2着]3号艇の全国勝率が不利(-9.1pt)、2号艇のclass_rank_2to6が有利(+8.2pt) / [候補2]3号艇のwin_rate_rank_2to6が不利(-10.7pt)、3号艇のsession_exh_rel_avgが不利(-9.4pt) / [除外]1号艇のsession_exh_rel_deltaが不利(-11.9pt)、天気-3.0pt
101,18,徳山,7,11:36,0.37980391087899135,2,0.48211818261109407,3,0.27809435253626935,0.2887316939482013,0.17892866100602411,0.5812838741413393,0.22673684348241793,0.37649734800614265,1-2,1-3,0.18311037126156524,0.10562132268663604,0.06795780521842924,0.011036058139497797,0.012078342253824441,True,True,False,False,予選,2026-08-18,場特性:in_escape_diff,0.2033,1号艇のdominance,0.1185,1号艇の体重,-0.1107,1号艇vs4号艇の枠別平均ST差,-0.1085,4号艇のsession_exh_rel_avg,-0.1075,2号艇のwin_rate_rank_2to6,0.1676,2号艇のclass_rank_2to6,0.0955,2号艇の全国勝率,0.0538,場特性:1x_diff_course2,0.0504,2号艇のsession_exh_rel_avg,0.0502,4号艇のsession_exh_rel_last,-0.0699,3号艇のモーター2連率,0.0624,3号艇の当地勝率,0.0554,3号艇のcumulative_diff_rank_2to6,0.0482,3号艇のwin_rate_rank_2to6,-0.0428,0.0764,南東 1.1m/s,[逃げ]場特性:in_escape_diffが有利(+20.3pt)、1号艇のdominanceが有利(+11.8pt) / [2着]2号艇のwin_rate_rank_2to6が有利(+16.8pt)、2号艇のclass_rank_2to6が有利(+9.6pt) / [候補2]4号艇のsession_exh_rel_lastが不利(-7.0pt)、3号艇のモーター2連率が有利(+6.2pt)、天気+7.6pt
102,20,若松,2,15:51,0.38233578635092275,3,0.43867466310247805,5,0.2608070107749194,0.26743687581997444,0.17010323141168265,0.5293784424657149,0.21284662368922738,0.34601934581369653,1-3,1-5,0.06503655274261867,0.16772102226951205,0.03176314614085487,0.09971585355046239,0.018099208798851192,True,False,False,False,予選,2026-08-18,1号艇の女子戦比率,-0.1712,1号艇の体重,-0.1356,1号艇の年齢,-0.108,1号艇のdominance,-0.0912,1号艇の級別順位,-0.0774,3号艇のwin_rate_rank_2to6,0.206,3号艇のsession_exh_rel_avg,-0.0683,3号艇の当地勝率,0.06,3号艇のclass_rank_2to6,0.0592,2号艇のsession_rank_diff_delta,-0.0495,5号艇のモーター2連率,0.1135,5号艇のwin_rate_rank_2to6,0.0978,1号艇vs6号艇の直近複勝率差,0.0742,5号艇のclass_rank_2to6,-0.0703,mean_234_全国勝率,0.0701,0.0274,東 0.9m/s,[逃げ]1号艇の女子戦比率が不利(-17.1pt)、1号艇の体重が不利(-13.6pt) / [2着]3号艇のwin_rate_rank_2to6が有利(+20.6pt)、3号艇のsession_exh_rel_avgが不利(-6.8pt) / [候補2]5号艇のモーター2連率が有利(+11.3pt)、5号艇のwin_rate_rank_2to6が有利(+9.8pt) / [除外]2号艇のwin_rate_rank_2to6が不利(-6.3pt)、天気+2.7pt
103,09,津,11,15:34,0.4084504709926936,2,0.40659333582314117,5,0.2662868156279919,0.27483821478185033,0.19288042954121026,0.47999972190992285,0.21122511927609508,0.3363866669202721,1-2,1-5,0.16607323951945244,0.07878210229138038,0.04845851356859893,0.10876497526239785,0.0063716481490464294,True,False,False,False,お盆特選,2026-08-18,2号艇のsession_exh_rel_avg,-0.2754,6号艇の年齢,0.1917,1号艇の級別順位,-0.0995,6号艇の枠別出走数,-0.0988,1号艇vs2号艇のcumulative差,-0.0981,2号艇のsession_exh_rel_avg,0.1462,2号艇のclass_rank_2to6,0.0805,3号艇の枠別出走数,-0.0699,2号艇の全国勝率,0.0605,2号艇の体重,-0.0572,5号艇のwin_rate_rank_2to6,0.2438,5号艇のclass_rank_2to6,0.1894,5号艇のsession_exh_rel_avg,0.0961,5号艇の節間得点,0.0901,1号艇vs5号艇のcumulative差,0.0562,0.0645,南東 1.5m/s,[逃げ]2号艇のsession_exh_rel_avgが不利(-27.5pt)、6号艇の年齢が有利(+19.2pt) / [2着]2号艇のsession_exh_rel_avgが有利(+14.6pt)、2号艇のclass_rank_2to6が有利(+8.0pt) / [候補2]5号艇のwin_rate_rank_2to6が有利(+24.4pt)、5号艇のclass_rank_2to6が有利(+18.9pt) / [除外]6号艇のwin_rate_rank_2to6が不利(-6.9pt)、6号艇のsession_exh_rel_avgが不利(-5.9pt)、天気+6.4pt
104,14,鳴門,9,12:29,0.4486704599134966,2,0.3845045877552614,3,0.18426492274362008,0.25519007786030745,0.16823006830985612,0.4005394421890254,0.203673304783783,0.2987948871589228,1-2,1-3,0.17251585022700255,0.08267422763330494,0.07547986211986209,0.04830934509328499,0.06969116982575889,True,True,False,False,一般,2026-08-18,1号艇のdominance,-0.2159,場特性:in_escape_diff,-0.1335,1号艇の節間得点,-0.0611,1号艇の勝率順位,-0.0556,1号艇vs4号艇の枠別平均ST差,0.0506,2号艇のsession_exh_rel_avg,-0.1096,2号艇のclass_rank_2to6,-0.0507,4号艇のモーター2連率,0.0498,2号艇のwin_rate_rank_2to6,-0.0402,1号艇vs2号艇の枠別平均ST差,0.0381,3号艇のwin_rate_rank_2to6,-0.1147,3号艇のsession_exh_rel_avg,0.074,3号艇の女子戦比率,-0.0677,3号艇の全国勝率,-0.065,3号艇の性別,-0.0382,-0.0131,南 5.9m/s,[逃げ]1号艇のdominanceが不利(-21.6pt)、場特性:in_escape_diffが不利(-13.3pt) / [2着]2号艇のsession_exh_rel_avgが不利(-11.0pt)、2号艇のclass_rank_2to6が不利(-5.1pt) / [候補2]3号艇のwin_rate_rank_2to6が不利(-11.5pt)、3号艇のsession_exh_rel_avgが有利(+7.4pt)、天気-1.3pt
105,09,津,2,10:56,0.4282861933441815,4,0.3586573709047446,3,0.3068294405397727,0.28501881319432937,0.24210692028935202,0.4233798911551653,0.2022127806899231,0.32652713658258015,1-4,1-3,0.10369105127300976,0.13141081309470412,0.15360800009962525,0.02442696046860181,0.015149360430788532,False,False,True,False,予選,2026-08-18,1号艇の年齢,-0.1079,1号艇の級別順位,-0.0848,1号艇のdominance,-0.081,1号艇のモーター2連率順位,0.0679,1号艇vs4号艇のcumulative差,-0.0635,4号艇のwin_rate_rank_2to6,0.159,1号艇のモーター出走数,0.0996,4号艇のclass_rank_2to6,0.0854,1号艇の平均ST,0.0747,5号艇の体重,0.0661,3号艇のsession_exh_rel_avg,0.086,3号艇のwin_rate_rank_2to6,0.0788,3号艇のclass_rank_2to6,0.0451,4号艇の女子戦2連率,0.0405,3号艇のモーター2連率,-0.0382,-0.0159,南東 3.4m/s,[逃げ]1号艇の年齢が不利(-10.8pt)、1号艇の級別順位が不利(-8.5pt) / [2着]4号艇のwin_rate_rank_2to6が有利(+15.9pt)、1号艇のモーター出走数が有利(+10.0pt) / [候補2]3号艇のsession_exh_rel_avgが有利(+8.6pt)、3号艇のwin_rate_rank_2to6が有利(+7.9pt) / [除外]2号艇のwin_rate_rank_2to6が不利(-5.1pt)、天気-1.6pt
106,13,尼崎,10,14:56,0.3246886192798489,2,0.508749123131078,5,0.20654279334352638,0.23224714474217628,0.1129387894003473,0.602353127074257,0.20077149109953393,0.3432789394418005,1-2,1-5,0.16518505034926353,0.02913218366415136,0.03666993959353639,0.06706209439291275,0.026639347651306728,True,True,False,False,予選特賞,2026-08-18,1号艇のdominance,-0.2291,1号艇のvs_max234_diff,-0.0962,1号艇の級別順位,-0.0895,2号艇のsession_avg_finish,-0.0807,ST差分(4-3),-0.0803,2号艇のwin_rate_rank_2to6,0.2112,2号艇のclass_rank_2to6,0.0985,4号艇のモーター出走数,-0.0575,2号艇の全国勝率,0.0566,3号艇のracer_2nd_te,0.0559,5号艇の年齢,0.2649,3号艇のracer_avgfin_te,0.2594,3号艇の一般戦2連率,0.164,5号艇のwin_rate_rank_2to6,-0.1461,5号艇のracer_avgfin_te,-0.139,0.1566,西 1.4m/s,[逃げ]1号艇のdominanceが不利(-22.9pt)、1号艇のvs_max234_diffが不利(-9.6pt) / [2着]2号艇のwin_rate_rank_2to6が有利(+21.1pt)、2号艇のclass_rank_2to6が有利(+9.9pt) / [候補2]5号艇の年齢が有利(+26.5pt)、3号艇のracer_avgfin_teが有利(+25.9pt) / [除外]3号艇のracer_2nd_teが不利(-6.4pt)、3号艇のwin_rate_rank_2to6が不利(-5.2pt)、天気+15.7pt
107,10,三国,5,10:18,0.4283770239422442,4,0.39371824890068197,5,0.20057276292330115,0.25458061500078294,0.17875697539522073,0.4155340364287624,0.1999709421226288,0.30286664142917674,1-4,1-5,0.05740001528913983,0.039821004544455973,0.1686598517358259,0.08592076326495704,0.07657538112872163,False,False,True,False,一般,2026-08-18,1号艇のdominance,-0.2107,ST差分(4-3),-0.0901,5号艇の節間得点,-0.0749,1号艇の級別順位,0.069,1号艇vs4号艇の枠別平均ST差,-0.0684,4号艇のclass_rank_2to6,0.1096,6号艇の直近1着率,0.1065,4号艇の全国勝率,0.0776,4号艇の節間得点,-0.077,4号艇のsession_exh_rel_avg,0.0669,場特性:1x_diff_course5,-0.1604,5号艇のsession_exh_rel_avg,-0.1124,5号艇の年齢,-0.0933,5号艇のwin_rate_rank_2to6,0.0919,avg_456_win_rate,0.0601,-0.0464,南西 3.2m/s,[逃げ]1号艇のdominanceが不利(-21.1pt)、ST差分(4-3)が不利(-9.0pt) / [2着]4号艇のclass_rank_2to6が有利(+11.0pt)、6号艇の直近1着率が有利(+10.7pt) / [候補2]場特性:1x_diff_course5が不利(-16.0pt)、5号艇のsession_exh_rel_avgが不利(-11.2pt) / [除外]2号艇のwin_rate_rank_2to6が不利(-6.3pt)、天気-4.6pt
108,11,琵琶湖,8,14:09,0.34837080188157565,5,0.38419596266356115,2,0.3022588705302922,0.23914082069522596,0.15345076562949175,0.5330040675643616,0.19510521026048905,0.3272997947559666,1-5,1-2,0.10529816510245725,0.04717320923916344,0.05345776627168777,0.1338426555927687,0.008599002431042564,True,True,False,False,予選,2026-08-18,1号艇のdominance,-0.2786,1号艇のracer_win_te,-0.0975,5号艇の節間得点,-0.094,1号艇の級別順位,-0.0874,1号艇の一般戦勝率,-0.0747,5号艇のwin_rate_rank_2to6,0.2711,5号艇のclass_rank_2to6,0.215,avg_456_win_rate,0.1081,5号艇の節間得点,0.0754,1号艇vs5号艇のcumulative差,0.0701,2号艇のsession_exh_rel_avg,-0.1491,2号艇のclass_rank_2to6,0.0951,2号艇の全国勝率,0.0533,2号艇のモーター2連率,-0.0374,2号艇のwin_rate_rank_2to6,0.0357,-0.0295,東 1.2m/s,[逃げ]1号艇のdominanceが不利(-27.9pt)、1号艇のracer_win_teが不利(-9.8pt) / [2着]5号艇のwin_rate_rank_2to6が有利(+27.1pt)、5号艇のclass_rank_2to6が有利(+21.5pt) / [候補2]2号艇のsession_exh_rel_avgが不利(-14.9pt)、2号艇のclass_rank_2to6が有利(+9.5pt) / [除外]6号艇のwin_rate_rank_2to6が不利(-6.3pt)、6号艇のvs_avg456_diffが不利(-5.1pt)、天気-3.0pt
109,10,三国,6,10:48,0.480137444621075,2,0.31809901469488805,4,0.262141573687874,0.27859523337152836,0.2561689744183779,0.32407161396438416,0.1929542871187687,0.2922381475493851,1-2,1-4,0.15273124805208532,0.12299631676844149,0.12586398531944304,0.07809220203151,0.00045369722864798686,False,False,True,False,一般,2026-08-18,1号艇のsession_exh_rel_avg,0.1343,5号艇の節間得点,-0.0959,4号艇のsession_exh_rel_avg,-0.0861,1号艇vs4号艇のcumulative差,-0.077,1号艇のracer_win_te,0.0658,2号艇の当地勝率,0.1171,2号艇のsession_exh_rel_avg,-0.0721,2号艇の全国勝率,0.064,2号艇のcumulative_diff_rank_2to6,-0.0485,2号艇のwin_rate_rank_2to6,-0.0383,4号艇のsession_exh_rel_avg,0.0888,4号艇の節間得点,0.0716,4号艇のwin_rate_rank_2to6,0.0682,4号艇の年齢,0.0617,1号艇vs4号艇のcumulative差,0.0378,0.0013,南西 3.9m/s,[逃げ]1号艇のsession_exh_rel_avgが有利(+13.4pt)、5号艇の節間得点が不利(-9.6pt) / [2着]2号艇の当地勝率が有利(+11.7pt)、2号艇のsession_exh_rel_avgが不利(-7.2pt) / [候補2]4号艇のsession_exh_rel_avgが有利(+8.9pt)、4号艇の節間得点が有利(+7.2pt) / [除外]6号艇のracer_win_teが不利(-17.3pt)、6号艇のvs_avg456_diffが不利(-15.0pt)、天気影響ほぼなし
110,16,児島,2,11:10,0.39478649114707487,2,0.3896268476098706,3,0.21350331880521067,0.23810764210396126,0.1803921619122021,0.42273800450287913,0.18656433931162072,0.2934967508236366,1-2,1-3,0.15381941602459687,0.08428822607936441,0.054883255371887554,0.030579205039472764,0.07121638863175327,True,True,False,False,予選,2026-08-18,1号艇のdominance,-0.3276,1号艇のracer_win_te,-0.149,1号艇の級別順位,-0.094,1号艇の全国勝率,-0.0916,風速区分,0.0882,2号艇のclass_rank_2to6,0.0682,2号艇の体重,-0.0667,2号艇の全国勝率,0.0511,2号艇のwin_rate_rank_2to6,0.0447,3号艇の全国勝率,-0.0417,3号艇のwin_rate_rank_2to6,-0.1351,6号艇のracer_2nd_te,-0.0863,6号艇の直近1着率,0.0713,3号艇のcumulative_diff_rank_2to6,0.0458,3号艇の女子戦比率,-0.0446,0.1067,南東 1.7m/s,[逃げ]1号艇のdominanceが不利(-32.8pt)、1号艇のracer_win_teが不利(-14.9pt) / [2着]2号艇のclass_rank_2to6が有利(+6.8pt)、2号艇の体重が不利(-6.7pt) / [候補2]3号艇のwin_rate_rank_2to6が不利(-13.5pt)、6号艇のracer_2nd_teが不利(-8.6pt)、天気+10.7pt
111,20,若松,1,15:25,0.287409450915544,3,0.5256834370550647,2,0.2100536276312988,0.2114577857797218,0.1017708837376589,0.6339661809487046,0.1856334909013088,0.33821030433041666,1-3,1-2,0.06037139778032973,0.15108638799939209,0.021647272153673073,0.025054485592020722,0.02924991381423021,True,False,False,False,予選,2026-08-18,1号艇の年齢,-0.4842,3号艇のsession_exh_rel_avg,-0.1568,5号艇の平均ST,0.123,1号艇のモーター2連率順位,0.1133,2号艇の体重,-0.1065,3号艇のwin_rate_rank_2to6,0.1656,3号艇のsession_exh_rel_avg,0.0622,2号艇のvs_boat3_diff,0.0437,5号艇の一般戦2連率,0.0355,3号艇の全国勝率,0.0339,2号艇のsession_exh_rel_avg,-0.1188,2号艇の体重,-0.0724,2号艇の全国勝率,-0.0709,2号艇のwin_rate_rank_2to6,-0.0682,1号艇の年齢,-0.068,0.0465,南東 0.6m/s,[逃げ]1号艇の年齢が不利(-48.4pt)、3号艇のsession_exh_rel_avgが不利(-15.7pt) / [2着]3号艇のwin_rate_rank_2to6が有利(+16.6pt)、3号艇のsession_exh_rel_avgが有利(+6.2pt) / [候補2]2号艇のsession_exh_rel_avgが不利(-11.9pt)、2号艇の体重が不利(-7.2pt)、天気+4.6pt
112,11,琵琶湖,7,13:37,0.2766579276975253,2,0.3915865681962671,3,0.3877406351246424,0.21560704906907077,0.12056280448212725,0.6587643988387824,0.18441402046681143,0.3485542539999842,1-2,1-3,0.10833552847136492,0.10727152059770585,0.023522091400832175,0.033354655645427236,0.004174133643457309,True,True,False,False,予選,2026-08-18,1号艇のdominance,-0.3411,1号艇のvs_max234_diff,-0.1472,1号艇のsession_exh_rel_avg,0.1382,1号艇vs3号艇のcumulative差,-0.0905,1号艇の全国勝率,-0.0843,2号艇のclass_rank_2to6,0.0937,2号艇のwin_rate_rank_2to6,0.0751,2号艇のracer_avgfin_te,0.0713,2号艇の全国勝率,0.0617,2号艇の節間得点,0.0576,3号艇の節間得点,0.0979,1号艇のvs_max234_diff,-0.0668,3号艇のsession_exh_rel_avg,0.0555,3号艇のcumulative_diff_rank_2to6,0.0541,3号艇のモーター2連率,0.0514,0.0205,東 1.5m/s,[逃げ]1号艇のdominanceが不利(-34.1pt)、1号艇のvs_max234_diffが不利(-14.7pt) / [2着]2号艇のclass_rank_2to6が有利(+9.4pt)、2号艇のwin_rate_rank_2to6が有利(+7.5pt) / [候補2]3号艇の節間得点が有利(+9.8pt)、1号艇のvs_max234_diffが不利(-6.7pt) / [除外]1号艇vs2号艇のlocal_win_rate差が不利(-8.8pt)、5号艇の平均STが不利(-8.5pt)、天気+2.0pt
113,09,津,7,13:20,0.3159658269480149,3,0.4234238157132867,2,0.3177091215786432,0.23417268140985592,0.18070484846250479,0.5604280888294252,0.1833933147199842,0.3320493036357267,1-3,1-2,0.10038522532852341,0.1337874560813325,0.05709655687797104,0.022335721471700872,0.002360868659817599,True,True,False,False,予選,2026-08-18,1号艇のdominance,-0.2435,6号艇の枠別出走数,-0.1775,1号艇のsession_exh_rel_avg,0.1561,1号艇のracer_win_te,-0.1481,1号艇のvs_max234_diff,-0.126,3号艇のwin_rate_rank_2to6,0.1676,3号艇のsession_exh_rel_avg,0.1166,3号艇の当地勝率,0.0934,4号艇のモーター出走数,-0.0923,1号艇vs3号艇のplace_rate差,-0.0637,2号艇のsession_exh_rel_avg,0.0898,2号艇の節間得点,0.0553,2号艇の全国勝率,0.0449,場特性:1x_diff_course2,0.0449,2号艇のwin_rate_rank_2to6,-0.0394,-0.0203,南東 2.6m/s,[逃げ]1号艇のdominanceが不利(-24.3pt)、6号艇の枠別出走数が不利(-17.8pt) / [2着]3号艇のwin_rate_rank_2to6が有利(+16.8pt)、3号艇のsession_exh_rel_avgが有利(+11.7pt) / [候補2]2号艇のsession_exh_rel_avgが有利(+9.0pt)、2号艇の節間得点が有利(+5.5pt) / [除外]5号艇の直近平均着順が不利(-21.0pt)、ST差分(6-5)が不利(-6.8pt)、天気-2.0pt
114,11,琵琶湖,4,12:02,0.28293897565460857,2,0.4061591666647649,3,0.3671200716059333,0.21879083557128734,0.13703089747544892,0.6362483407952493,0.18281351010200309,0.3440280871384759,1-2,1-3,0.11491825856885803,0.10387257700242931,0.038771381764735206,0.02127659731798771,0.004100151250822475,True,True,False,False,予選,2026-08-18,1号艇のdominance,-0.2064,1号艇のracer_win_te,-0.1792,1号艇のsession_exh_rel_avg,0.168,1号艇の直近1着率,-0.1066,1号艇の級別順位,-0.0862,2号艇のwin_rate_rank_2to6,0.1542,2号艇のclass_rank_2to6,0.0887,2号艇のsession_exh_rel_avg,0.0575,2号艇の全国勝率,0.0521,1号艇vs2号艇のplace_rate差,-0.0496,3号艇のsession_exh_rel_avg,-0.1335,3号艇の節間得点,0.0953,1号艇vs3号艇のcumulative差,0.0788,3号艇のモーター2連率,0.0672,3号艇のwin_rate_rank_2to6,0.055,-0.0444,南東 1.2m/s,[逃げ]1号艇のdominanceが不利(-20.6pt)、1号艇のracer_win_teが不利(-17.9pt) / [2着]2号艇のwin_rate_rank_2to6が有利(+15.4pt)、2号艇のclass_rank_2to6が有利(+8.9pt) / [候補2]3号艇のsession_exh_rel_avgが不利(-13.3pt)、3号艇の節間得点が有利(+9.5pt) / [除外]1号艇vs3号艇の直近複勝率差が不利(-9.5pt)、6号艇のwin_rate_rank_2to6が不利(-6.3pt)、天気-4.4pt
115,18,徳山,10,13:12,0.3179371523908177,2,0.47108348253363946,3,0.22169774205351672,0.220260889775064,0.15399710882884105,0.5387841157583151,0.17955744151895053,0.31581785757003933,1-2,1-3,0.14977494097509483,0.07048594879996914,0.048961402257460575,0.030720358186987595,0.017994509869958812,True,True,False,False,予選,2026-08-18,1号艇のsession_exh_rel_avg,-0.1858,場特性:in_escape_diff,0.1698,1号艇のdominance,-0.1481,1号艇vs2号艇のcumulative差,-0.1442,風速区分,0.1094,2号艇のwin_rate_rank_2to6,0.164,2号艇のsession_exh_rel_avg,0.0866,2号艇のclass_rank_2to6,0.0836,3号艇の全国勝率,-0.0831,2号艇の体重,-0.0721,3号艇のwin_rate_rank_2to6,-0.1716,3号艇のsession_exh_rel_avg,0.0888,3号艇のcumulative_diff_rank_2to6,-0.06,場特性:1x_diff_course3,0.0496,3号艇のモーター2連率,0.04,0.1223,東 1.9m/s,[逃げ]1号艇のsession_exh_rel_avgが不利(-18.6pt)、場特性:in_escape_diffが有利(+17.0pt) / [2着]2号艇のwin_rate_rank_2to6が有利(+16.4pt)、2号艇のsession_exh_rel_avgが有利(+8.7pt) / [候補2]3号艇のwin_rate_rank_2to6が不利(-17.2pt)、3号艇のsession_exh_rel_avgが有利(+8.9pt) / [除外]6号艇のsession_exh_rel_avgが不利(-5.3pt)、天気+12.2pt
116,13,尼崎,7,13:28,0.3340953063093206,3,0.35808906706473664,5,0.2897473187478038,0.2164390957563639,0.14489670695799073,0.5029396788545497,0.17880552107788905,0.30238927068581967,1-3,1-5,0.04793914188449707,0.11963587654701203,0.048409309694341776,0.09680321920935187,0.021307761463321855,True,True,False,False,予選,2026-08-18,1号艇のdominance,-0.2406,1号艇のracer_win_te,-0.1846,1号艇のsession_exh_rel_avg,-0.1329,1号艇の級別順位,-0.0918,5号艇のsession_exh_rel_avg,-0.0882,3号艇のsession_exh_rel_avg,-0.1119,3号艇のwin_rate_rank_2to6,0.0658,5号艇のsession_exh_rel_avg,-0.0656,3号艇のclass_rank_2to6,0.0422,3号艇の全国勝率,0.0362,5号艇のwin_rate_rank_2to6,0.2184,5号艇のclass_rank_2to6,0.1479,mean_234_全国勝率,0.0611,1号艇vs5号艇のlocal_win_rate差,0.0568,5号艇のracer_avgfin_te,0.0526,0.0342,南西 2.1m/s,[逃げ]1号艇のdominanceが不利(-24.1pt)、1号艇のracer_win_teが不利(-18.5pt) / [2着]3号艇のsession_exh_rel_avgが不利(-11.2pt)、3号艇のwin_rate_rank_2to6が有利(+6.6pt) / [候補2]5号艇のwin_rate_rank_2to6が有利(+21.8pt)、5号艇のclass_rank_2to6が有利(+14.8pt) / [除外]2号艇のwin_rate_rank_2to6が不利(-5.6pt)、天気+3.4pt
117,10,三国,8,11:51,0.4146331617442013,3,0.32453472872920786,4,0.2660142297529924,0.24486118182021974,0.2267719687437646,0.36377698973843564,0.1782279990958644,0.2805359241956845,1-3,1-4,0.0940271783951843,0.13456286066878811,0.11029832115143161,0.045807580178535715,0.029937221350261504,True,True,False,False,一般,2026-08-18,1号艇のdominance,-0.2338,1号艇の年齢,-0.1033,勝率のレンジ(2-6号艇),0.0968,ST差分(4-3),-0.0895,1号艇のsession_exh_rel_avg,-0.0792,3号艇の女子戦勝率,0.1091,3号艇の節間得点,-0.0776,6号艇の直近1着率,-0.0521,3号艇のcumulative_diff_rank_2to6,-0.0491,3号艇の全国勝率,0.0414,1号艇vs5号艇の勝率差,0.1431,4号艇のwin_rate_rank_2to6,0.0702,6号艇の直近平均着順,0.0607,6号艇の節間得点,-0.0584,1号艇の枠別勝率,0.0491,-0.0083,南 3.4m/s,[逃げ]1号艇のdominanceが不利(-23.4pt)、1号艇の年齢が不利(-10.3pt) / [2着]3号艇の女子戦勝率が有利(+10.9pt)、3号艇の節間得点が不利(-7.8pt) / [候補2]1号艇vs5号艇の勝率差が有利(+14.3pt)、4号艇のwin_rate_rank_2to6が有利(+7.0pt) / [除外]1号艇vs5号艇の勝率差が不利(-9.6pt)、勝率の分散(2-6号艇)が不利(-6.6pt)、天気-0.8pt
118,18,徳山,6,11:04,0.3150887701803823,2,0.4965401940437852,4,0.23850247180762707,0.23160368961323113,0.19589719549792767,0.5391454703534846,0.17715907369858575,0.32386622383530717,1-2,1-4,0.15645423908638464,0.061725006411227946,0.0751494505268465,0.021061803720762863,0.0006982760290373052,True,True,False,False,予選,2026-08-18,1号艇のdominance,-0.2254,場特性:in_escape_diff,0.2097,1号艇のracer_win_te,-0.2054,1号艇のsession_exh_rel_avg,0.2007,1号艇vs2号艇のcumulative差,-0.161,2号艇のwin_rate_rank_2to6,0.1953,2号艇の当地勝率,0.1111,2号艇のclass_rank_2to6,0.0878,2号艇のsession_exh_rel_avg,0.0842,2号艇のracer_avgfin_te,0.0705,2号艇のsession_rank_diff_last,-0.1051,4号艇のwin_rate_rank_2to6,0.1012,4号艇のclass_rank_2to6,0.101,4号艇のsession_exh_rel_avg,0.0886,4号艇の全国勝率,0.0788,0.0748,南東 1.0m/s,[逃げ]1号艇のdominanceが不利(-22.5pt)、場特性:in_escape_diffが有利(+21.0pt) / [2着]2号艇のwin_rate_rank_2to6が有利(+19.5pt)、2号艇の当地勝率が有利(+11.1pt) / [候補2]2号艇のsession_rank_diff_lastが不利(-10.5pt)、4号艇のwin_rate_rank_2to6が有利(+10.1pt) / [除外]6号艇の全国勝率が不利(-15.5pt)、6号艇のvs_avg456_diffが不利(-13.7pt)、天気+7.5pt
119,14,鳴門,4,09:58,0.30985147853192613,4,0.40316395894651413,2,0.26855260027822386,0.20813236903016322,0.13397351918199538,0.5377430400427426,0.17467129790857516,0.307015570333937,1-4,1-2,0.08321142025980102,0.03575980922987807,0.12492094877036217,0.04151189300266663,0.024447403806358105,False,False,True,False,一般,2026-08-18,1号艇のdominance,-0.2151,場特性:in_escape_diff,-0.1367,3号艇の枠別出走数,-0.0919,1号艇の級別順位,-0.0808,4号艇のsession_exh_rel_avg,0.0695,6号艇の女子戦勝率,0.1874,4号艇のsession_exh_rel_avg,-0.1102,4号艇のclass_rank_2to6,0.0965,4号艇のwin_rate_rank_2to6,0.0801,4号艇の節間得点,0.066,2号艇のwin_rate_rank_2to6,-0.1264,1号艇vs3号艇の枠別平均ST差,-0.0673,3号艇のracer_avgfin_te,0.0628,2号艇の全国勝率,-0.0551,2号艇のclass_rank_2to6,-0.0535,-0.0476,南 6.2m/s,[逃げ]1号艇のdominanceが不利(-21.5pt)、場特性:in_escape_diffが不利(-13.7pt) / [2着]6号艇の女子戦勝率が有利(+18.7pt)、4号艇のsession_exh_rel_avgが不利(-11.0pt) / [候補2]2号艇のwin_rate_rank_2to6が不利(-12.6pt)、1号艇vs3号艇の枠別平均ST差が不利(-6.7pt) / [除外]win_rate_range_1to6が不利(-6.3pt)、3号艇のracer_2nd_teが不利(-5.4pt)、天気-4.8pt
120,14,鳴門,5,10:24,0.2695022886526711,2,0.3868427390453952,3,0.3711422265695796,0.20427868299755195,0.12453582992259532,0.6334491356923795,0.17375066461043806,0.3330298188060002,1-2,1-3,0.10425500352140202,0.10002367947614992,0.03117795257134333,0.03356269118339924,0.0004829584805892901,False,False,True,False,一般,2026-08-18,1号艇のracer_win_te,-0.3136,1号艇のdominance,-0.2934,1号艇のsession_exh_rel_avg,0.2065,1号艇のvs_max234_diff,-0.1493,場特性:in_escape_diff,-0.1387,2号艇のwin_rate_rank_2to6,0.199,2号艇のracer_avgfin_te,0.076,1号艇vs2号艇のplace_rate差,-0.0741,2号艇のclass_rank_2to6,0.072,2号艇の全国勝率,0.065,3号艇のモーター2連率,0.0952,3号艇のwin_rate_rank_2to6,-0.0748,3号艇のsession_exh_rel_avg,0.065,3号艇の節間得点,0.0453,3号艇のcumulative_diff_rank_2to6,0.044,-0.0311,南 5.8m/s,[逃げ]1号艇のracer_win_teが不利(-31.4pt)、1号艇のdominanceが不利(-29.3pt) / [2着]2号艇のwin_rate_rank_2to6が有利(+19.9pt)、2号艇のracer_avgfin_teが有利(+7.6pt) / [候補2]3号艇のモーター2連率が有利(+9.5pt)、3号艇のwin_rate_rank_2to6が不利(-7.5pt) / [除外]6号艇の直近平均着順が不利(-19.9pt)、6号艇の全国勝率が不利(-18.7pt)、天気-3.1pt
121,20,若松,5,17:19,0.29385390650271836,2,0.5121028589899856,4,0.25296486172704946,0.2248181384718315,0.20420329882579927,0.5608644218912359,0.1697278118576435,0.32563202349765275,1-2,1-4,0.150483425645418,0.06000593708070308,0.07433471282641348,0.007827114940531696,0.0012027151886338054,True,False,False,False,戦隊,2026-08-18,4号艇のsession_exh_rel_avg,-0.212,1号艇の年齢,-0.1433,2号艇のsession_exh_rel_avg,-0.0878,3号艇の枠別出走数,-0.0833,1号艇の級別順位,0.0758,2号艇のwin_rate_rank_2to6,0.2021,2号艇のsession_exh_rel_avg,0.1562,2号艇のclass_rank_2to6,0.087,2号艇の節間得点,0.0539,2号艇のsession_exh_rel_last,0.0531,ST差分(3-2),0.2078,4号艇のsession_exh_rel_avg,0.1253,4号艇のclass_rank_2to6,0.0905,4号艇のwin_rate_rank_2to6,0.0812,4号艇のモーター2連率,0.0676,0.0357,東 2.1m/s,[逃げ]4号艇のsession_exh_rel_avgが不利(-21.2pt)、1号艇の年齢が不利(-14.3pt) / [2着]2号艇のwin_rate_rank_2to6が有利(+20.2pt)、2号艇のsession_exh_rel_avgが有利(+15.6pt) / [候補2]ST差分(3-2)が有利(+20.8pt)、4号艇のsession_exh_rel_avgが有利(+12.5pt) / [除外]6号艇のwin_rate_rank_2to6が不利(-10.3pt)、6号艇の直近平均着順が不利(-8.2pt)、天気+3.6pt
122,16,児島,4,12:11,0.27619701185648476,4,0.4023036480221559,2,0.34896421330750327,0.20749793840306383,0.16645375603459261,0.5848141052950666,0.1660513649431144,0.3206927884706646,1-4,1-2,0.09638287296038135,0.0459740300290428,0.11111506544268247,0.004357427487668513,0.018367614650567084,True,True,False,False,予選,2026-08-18,1号艇の女子戦比率,-0.3461,1号艇のdominance,-0.2756,6号艇の枠別出走数,-0.1908,1号艇のvs_max234_diff,-0.1418,1号艇の級別順位,-0.1125,4号艇のwin_rate_rank_2to6,0.1996,1号艇の女子戦比率,0.1415,4号艇の全国勝率,0.1133,4号艇の一般戦2連率,0.1049,4号艇のclass_rank_2to6,-0.1034,2号艇のclass_rank_2to6,0.1044,2号艇のモーター2連率,0.0751,2号艇の女子戦比率,-0.0652,2号艇のwin_rate_rank_2to6,0.0621,2号艇の全国勝率,0.0541,0.0398,南東 1.7m/s,[逃げ]1号艇の女子戦比率が不利(-34.6pt)、1号艇のdominanceが不利(-27.6pt) / [2着]4号艇のwin_rate_rank_2to6が有利(+20.0pt)、1号艇の女子戦比率が有利(+14.1pt) / [候補2]2号艇のclass_rank_2to6が有利(+10.4pt)、2号艇のモーター2連率が有利(+7.5pt) / [除外]5号艇のracer_win_teが不利(-9.2pt)、4号艇の一般戦2連率が不利(-6.2pt)、天気+4.0pt
123,11,琵琶湖,3,11:30,0.24885558723773957,4,0.39070283074905704,3,0.3821816320068598,0.19233661684604852,0.12038806425439709,0.6524963985015197,0.164550577261246,0.33038455134268985,1-4,1-3,0.02995924242644271,0.09510803446454477,0.09722858238150377,0.02634746091728757,0.00021226202156109008,True,True,False,False,予選,2026-08-18,1号艇のdominance,-0.1632,1号艇のracer_win_te,-0.1497,1号艇のsession_exh_rel_avg,-0.1194,6号艇の枠別出走数,-0.1014,1号艇の年齢,0.097,4号艇のclass_rank_2to6,0.1365,4号艇の全国勝率,0.0889,4号艇のwin_rate_rank_2to6,0.0848,1号艇vs4号艇のcumulative差,0.08,4号艇の節間得点,0.0675,3号艇のwin_rate_rank_2to6,0.169,3号艇のsession_exh_rel_avg,0.0984,3号艇の当地勝率,0.093,1号艇vs3号艇のcumulative差,0.0645,2号艇のvs_boat3_diff,0.0469,-0.0046,南東 1.3m/s,[逃げ]1号艇のdominanceが不利(-16.3pt)、1号艇のracer_win_teが不利(-15.0pt) / [2着]4号艇のclass_rank_2to6が有利(+13.6pt)、4号艇の全国勝率が有利(+8.9pt) / [候補2]3号艇のwin_rate_rank_2to6が有利(+16.9pt)、3号艇のsession_exh_rel_avgが有利(+9.8pt) / [除外]6号艇の直近平均着順が不利(-22.9pt)、6号艇の全国勝率が不利(-15.3pt)、天気-0.5pt
124,15,丸亀,4,16:38,0.30396386573757844,4,0.3969503927172815,3,0.32350664843899213,0.2189929073277186,0.2126256490134499,0.5078313921428237,0.16311669646784044,0.3056444527722501,1-4,1-3,0.06463051422908976,0.0983343314513238,0.1206585758763948,0.00798788753170258,0.01235255891377479,True,False,False,False,予選,2026-08-18,1号艇のdominance,-0.245,1号艇のsession_exh_rel_avg,0.1361,1号艇の年齢,-0.124,1号艇のracer_win_te,-0.1043,1号艇の級別順位,-0.0833,4号艇のclass_rank_2to6,0.2359,4号艇のwin_rate_rank_2to6,0.175,4号艇の全国勝率,0.0943,4号艇のsession_exh_rel_avg,-0.0624,4号艇の直近複勝率,0.056,3号艇の当地勝率,0.0627,4号艇のsession_exh_rel_delta,-0.0608,5号艇の一般戦2連率,0.0572,3号艇のwin_rate_rank_2to6,0.0493,3号艇の節間得点,0.0447,0.0176,北東 2.6m/s,[逃げ]1号艇のdominanceが不利(-24.5pt)、1号艇のsession_exh_rel_avgが有利(+13.6pt) / [2着]4号艇のclass_rank_2to6が有利(+23.6pt)、4号艇のwin_rate_rank_2to6が有利(+17.5pt) / [候補2]3号艇の当地勝率が有利(+6.3pt)、4号艇のsession_exh_rel_deltaが不利(-6.1pt)、天気+1.8pt
125,13,尼崎,1,10:37,0.19187213897854893,3,0.563187109257063,2,0.3149371178370811,0.16848757374143847,0.06738920871693337,0.8107350183772107,0.15486248061375266,0.3611618071321701,1-3,1-2,0.06042765844314007,0.1080599152982984,0.012930111620589881,0.009394403717636694,0.0010600487820410266,False,False,True,False,朝からセンプ,2026-08-18,1号艇のdominance,-0.418,1号艇のvs_max234_diff,-0.2688,1号艇のracer_win_te,-0.2233,1号艇の年齢,-0.1846,1号艇の全国勝率,-0.0885,3号艇のwin_rate_rank_2to6,0.1981,3号艇の全国勝率,0.0884,2号艇の枠別勝率,0.05,3号艇のracer_2nd_te,0.0498,3号艇の節間得点,0.0458,2号艇のsession_exh_rel_avg,-0.0785,1号艇vs3号艇の直近複勝率差,0.0546,4号艇の体重,0.0538,3号艇の全国2連率,0.0529,2号艇のwin_rate_rank_2to6,0.0528,0.0671,東 1.0m/s,[逃げ]1号艇のdominanceが不利(-41.8pt)、1号艇のvs_max234_diffが不利(-26.9pt) / [2着]3号艇のwin_rate_rank_2to6が有利(+19.8pt)、3号艇の全国勝率が有利(+8.8pt) / [候補2]2号艇のsession_exh_rel_avgが不利(-7.8pt)、1号艇vs3号艇の直近複勝率差が有利(+5.5pt) / [除外]6号艇のwin_rate_rank_2to6が不利(-9.7pt)、1号艇vs3号艇の直近複勝率差が不利(-9.2pt)、天気+6.7pt
126,13,尼崎,3,11:31,0.3515920610219806,3,0.3281681356356701,4,0.31911496855681754,0.2275796006677421,0.3011482948216915,0.3461348093707961,0.1453373502549917,0.2631461632786583,1-3,1-4,0.10588134964961356,0.11538131116988613,0.11219828949785601,0.011864595858919292,0.006266514845705594,True,True,False,False,予選,2026-08-18,1号艇のdominance,-0.3045,1号艇のracer_win_te,-0.1636,1号艇のvs_max234_diff,-0.1379,1号艇の全国勝率,-0.0866,1号艇の級別順位,-0.0787,3号艇のwin_rate_rank_2to6,0.0711,3号艇のsession_exh_rel_avg,-0.0486,3号艇の当地勝率,-0.0473,4号艇の直近1着率,0.0466,3号艇のclass_rank_2to6,0.0418,4号艇のclass_rank_2to6,0.2342,4号艇のwin_rate_rank_2to6,0.2207,4号艇の全国勝率,0.1105,4号艇のsession_exh_rel_avg,-0.0908,4号艇のcumulative_diff_rank_2to6,-0.0616,0.0565,西 0.7m/s,[逃げ]1号艇のdominanceが不利(-30.4pt)、1号艇のracer_win_teが不利(-16.4pt) / [2着]3号艇のwin_rate_rank_2to6が有利(+7.1pt)、3号艇のsession_exh_rel_avgが不利(-4.9pt) / [候補2]4号艇のclass_rank_2to6が有利(+23.4pt)、4号艇のwin_rate_rank_2to6が有利(+22.1pt) / [除外]5号艇の直近平均着順が不利(-13.5pt)、6号艇のsession_exh_rel_avgが不利(-5.9pt)、天気+5.6pt
127,15,丸亀,5,17:10,0.299027766775921,4,0.3872323692941454,2,0.199690295337548,0.17550617367498814,0.1476440797064206,0.43927858492527283,0.14441123668094152,0.25463789705007356,1-4,1-2,0.059712943061611096,0.03774352285806692,0.11579323061337703,0.041628388582638474,0.044149679432297036,True,False,False,False,予選,2026-08-18,1号艇のdominance,-0.3084,1号艇のracer_win_te,-0.1655,1号艇のvs_max234_diff,-0.1401,1号艇の全国勝率,-0.0909,1号艇のsession_exh_rel_avg,-0.084,4号艇のwin_rate_rank_2to6,0.1936,4号艇のclass_rank_2to6,0.1241,4号艇の全国勝率,0.1187,4号艇のモーター2連率,0.0803,4号艇の年齢,0.0507,2号艇の女子戦比率,-0.1257,2号艇のwin_rate_rank_2to6,-0.1171,2号艇のsession_exh_rel_avg,0.1053,2号艇のclass_rank_2to6,-0.0611,2号艇の全国勝率,0.0528,0.0352,北東 2.1m/s,[逃げ]1号艇のdominanceが不利(-30.8pt)、1号艇のracer_win_teが不利(-16.6pt) / [2着]4号艇のwin_rate_rank_2to6が有利(+19.4pt)、4号艇のclass_rank_2to6が有利(+12.4pt) / [候補2]2号艇の女子戦比率が不利(-12.6pt)、2号艇のwin_rate_rank_2to6が不利(-11.7pt)、天気+3.5pt
128,18,徳山,11,13:47,0.26108979822028894,3,0.5103058175119748,4,0.23016811766693818,0.1933301903232457,0.21651557718881892,0.5239583579900939,0.1430993930282116,0.29251864062330013,1-3,1-4,0.056530008359778124,0.13323564292484108,0.06009454739840461,0.00897911879119975,0.002250487311353606,True,True,False,False,予選,2026-08-18,1号艇のdominance,-0.3011,場特性:in_escape_diff,0.1887,1号艇のvs_max234_diff,-0.1541,1号艇の年齢,-0.1363,1号艇vs4号艇の枠別勝率差,-0.1243,3号艇のwin_rate_rank_2to6,0.2264,3号艇の当地勝率,0.1176,3号艇のracer_avgfin_te,0.0597,場特性:1x_diff_course3,0.0591,3号艇の節間得点,-0.053,4号艇の全国勝率,0.1195,4号艇のclass_rank_2to6,0.107,4号艇のwin_rate_rank_2to6,0.0827,4号艇の節間得点,0.0736,4号艇のsession_exh_rel_avg,0.0595,0.1325,南東 2.1m/s,[逃げ]1号艇のdominanceが不利(-30.1pt)、場特性:in_escape_diffが有利(+18.9pt) / [2着]3号艇のwin_rate_rank_2to6が有利(+22.6pt)、3号艇の当地勝率が有利(+11.8pt) / [候補2]4号艇の全国勝率が有利(+11.9pt)、4号艇のclass_rank_2to6が有利(+10.7pt) / [除外]6号艇のracer_win_teが不利(-13.1pt)、6号艇のwin_rate_rank_2to6が不利(-8.6pt)、天気+13.3pt
129,09,津,3,11:24,0.18120578588355807,2,0.6657317273195398,3,0.20899263669814575,0.15850511581332022,0.08652561314007443,0.788198750877611,0.14204741301541698,0.3474132063326074,1-2,1-3,0.12063444083655579,0.03787067497676444,0.015678941728103905,0.006654787986060713,0.0003669397232193203,True,True,False,False,予選,2026-08-18,1号艇のdominance,-0.3611,1号艇のvs_max234_diff,-0.1746,1号艇のracer_win_te,-0.169,1号艇vs2号艇のcumulative差,-0.1243,1号艇の体重,-0.1135,2号艇の当地勝率,0.2894,2号艇のwin_rate_rank_2to6,0.1797,2号艇のclass_rank_2to6,0.0842,2号艇の節間得点,0.0835,場特性:1x_diff_course2,0.0465,3号艇のsession_exh_rel_avg,0.111,3号艇のwin_rate_rank_2to6,-0.0672,1号艇のvs_max234_diff,-0.0548,3号艇のcumulative_diff_rank_2to6,0.048,3号艇の全国勝率,0.0407,0.0986,南東 3.5m/s,[逃げ]1号艇のdominanceが不利(-36.1pt)、1号艇のvs_max234_diffが不利(-17.5pt) / [2着]2号艇の当地勝率が有利(+28.9pt)、2号艇のwin_rate_rank_2to6が有利(+18.0pt) / [候補2]3号艇のsession_exh_rel_avgが有利(+11.1pt)、3号艇のwin_rate_rank_2to6が不利(-6.7pt) / [除外]6号艇の全国勝率が不利(-15.2pt)、6号艇の直近平均着順が不利(-12.5pt)、天気+9.9pt
130,14,鳴門,7,11:27,0.2242697499074616,2,0.4450008347205799,3,0.29293864357404087,0.16549750224397727,0.1266439868276975,0.6112954914669232,0.14034638605093355,0.29923689901086103,1-2,1-3,0.0998002259113961,0.06569727633258118,0.022573796420478836,0.028402415253131582,0.00779603724307879,True,True,False,False,一般,2026-08-18,1号艇のdominance,-0.2808,1号艇のvs_max234_diff,-0.1527,場特性:in_escape_diff,-0.1179,1号艇のracer_win_te,-0.1161,1号艇のsession_exh_rel_avg,-0.1076,2号艇のsession_exh_rel_avg,0.1099,2号艇の体重,-0.0767,6号艇のsession_rank_diff_delta,-0.065,2号艇の節間得点,0.0561,2号艇の全国勝率,0.0473,3号艇のwin_rate_rank_2to6,0.2046,1号艇のvs_max234_diff,-0.0718,3号艇のclass_rank_2to6,0.0546,3号艇の節間得点,-0.0505,1号艇vs3号艇のplace_rate差,-0.0364,-0.0285,南 5.8m/s,[逃げ]1号艇のdominanceが不利(-28.1pt)、1号艇のvs_max234_diffが不利(-15.3pt) / [2着]2号艇のsession_exh_rel_avgが有利(+11.0pt)、2号艇の体重が不利(-7.7pt) / [候補2]3号艇のwin_rate_rank_2to6が有利(+20.5pt)、1号艇のvs_max234_diffが不利(-7.2pt) / [除外]6号艇のsession_exh_rel_avgが不利(-6.3pt)、6号艇のwin_rate_rank_2to6が不利(-5.0pt)、天気-2.8pt
131,18,徳山,8,12:08,0.21627077131871264,2,0.4958125341542488,5,0.2418994319832844,0.15954553592760834,0.12085289555363206,0.6168590705839011,0.13640768794019933,0.29673959632449615,1-2,1-5,0.10722975919102494,0.026136948937483823,0.016235096313278057,0.05231577673658338,0.014353187723328224,True,True,False,False,予選,2026-08-18,1号艇のdominance,-0.3398,場特性:in_escape_diff,0.1425,5号艇の節間得点,-0.1421,1号艇vs2号艇のcumulative差,-0.1234,1号艇のsession_exh_rel_avg,-0.1076,2号艇のsession_exh_rel_avg,0.12,2号艇のclass_rank_2to6,0.0736,2号艇の節間得点,0.0715,2号艇の全国勝率,0.0585,6号艇のモーター出走数,0.0568,5号艇のwin_rate_rank_2to6,0.251,5号艇のclass_rank_2to6,0.1632,5号艇の年齢,-0.1078,5号艇のsession_rank_diff_last,0.0647,5号艇のracer_avgfin_te,0.0572,0.0754,南東 1.1m/s,[逃げ]1号艇のdominanceが不利(-34.0pt)、場特性:in_escape_diffが有利(+14.2pt) / [2着]2号艇のsession_exh_rel_avgが有利(+12.0pt)、2号艇のclass_rank_2to6が有利(+7.4pt) / [候補2]5号艇のwin_rate_rank_2to6が有利(+25.1pt)、5号艇のclass_rank_2to6が有利(+16.3pt) / [除外]win_rate_range_1to6が不利(-6.9pt)、3号艇のwin_rate_rank_2to6が不利(-5.2pt)、天気+7.5pt
132,05,多摩川,3,12:31,0.16345323191227495,2,0.5110757703558131,3,0.3934656680382816,0.14785022150409272,0.07224383652583968,0.832297601868255,0.13503270082491167,0.3531844356133414,1-2,1-3,0.0835369864167133,0.06431323508737943,0.011808488565890554,0.0031241264346962647,0.0006703946084000864,True,True,False,False,予選,2026-08-18,1号艇のdominance,-0.3306,1号艇のsession_exh_rel_avg,-0.2122,1号艇vs2号艇のcumulative差,-0.1658,1号艇のvs_max234_diff,-0.1479,2号艇のsession_exh_rel_avg,-0.1175,2号艇のwin_rate_rank_2to6,0.1939,2号艇の当地勝率,0.123,2号艇のsession_exh_rel_avg,0.0979,2号艇のclass_rank_2to6,0.0772,6号艇の年齢,-0.0699,2号艇の全国勝率,-0.0771,3号艇の節間得点,0.0769,3号艇の当地勝率,0.0745,1号艇のsession_exh_rel_avg,0.0614,3号艇のsession_exh_rel_avg,-0.0603,-0.0878,南東 2.2m/s,[逃げ]1号艇のdominanceが不利(-33.1pt)、1号艇のsession_exh_rel_avgが不利(-21.2pt) / [2着]2号艇のwin_rate_rank_2to6が有利(+19.4pt)、2号艇の当地勝率が有利(+12.3pt) / [候補2]2号艇の全国勝率が不利(-7.7pt)、3号艇の節間得点が有利(+7.7pt) / [除外]2号艇の直近1着率が不利(-6.4pt)、6号艇のsession_exh_rel_avgが不利(-6.2pt)、天気-8.8pt
133,05,多摩川,4,13:04,0.2474053155988799,3,0.48845186236112026,5,0.17890707663193745,0.16510814891931108,0.1635688537242125,0.5037900852688452,0.13270028812820114,0.26671272982417127,1-3,1-5,0.03867487737808814,0.12084558716231361,0.04046780387778582,0.04426256175699748,0.0031544798937551267,True,True,False,False,予選,2026-08-18,1号艇のdominance,-0.3705,5号艇の節間得点,-0.1469,1号艇のsession_exh_rel_avg,0.1282,1号艇のvs_max234_diff,-0.1079,場×風向,-0.0984,3号艇のwin_rate_rank_2to6,0.0667,3号艇のracer_win_te,0.0491,3号艇のclass_rank_2to6,0.0471,3号艇の当地勝率,0.0449,2号艇のvs_boat3_diff,0.0444,5号艇のwin_rate_rank_2to6,0.2398,5号艇のclass_rank_2to6,0.1965,3号艇のracer_avgfin_te,-0.0986,5号艇の節間得点,0.0594,1号艇vs5号艇のlocal_win_rate差,0.0568,-0.1318,南東 2.1m/s,[逃げ]1号艇のdominanceが不利(-37.1pt)、5号艇の節間得点が不利(-14.7pt) / [2着]3号艇のwin_rate_rank_2to6が有利(+6.7pt)、3号艇のracer_win_teが有利(+4.9pt) / [候補2]5号艇のwin_rate_rank_2to6が有利(+24.0pt)、5号艇のclass_rank_2to6が有利(+19.6pt) / [除外]6号艇のwin_rate_rank_2to6が不利(-6.9pt)、6号艇のvs_avg456_diffが不利(-5.3pt)、天気-13.2pt
134,15,丸亀,1,15:20,0.3057422336573593,3,0.3671975163105966,2,0.18658020055029584,0.16931323610272192,0.1846003385579848,0.3691773783029076,0.13180689925442934,0.22927247876277762,1-3,1-2,0.05704544727248551,0.11226778883023643,0.05644011984462302,0.03133407537820435,0.04865479321998138,True,False,False,False,予選,2026-08-18,6号艇の枠別出走数,-0.2728,1号艇のdominance,-0.2143,1号艇のsession_exh_rel_avg,-0.0794,1号艇vs6号艇の枠別平均ST差,-0.0683,1号艇の年齢,-0.067,3号艇のsession_exh_rel_avg,0.0725,3号艇のwin_rate_rank_2to6,-0.0688,6号艇のracer_2nd_te,-0.0605,4号艇の直近1着率,0.0497,1号艇vs6号艇のplace_rate差,0.0479,2号艇のwin_rate_rank_2to6,-0.171,2号艇のsession_exh_rel_avg,-0.105,2号艇の全国勝率,-0.0809,2号艇のsession_avg_finish,-0.0567,1号艇の体重,-0.0428,0.0953,北 2.0m/s,[逃げ]6号艇の枠別出走数が不利(-27.3pt)、1号艇のdominanceが不利(-21.4pt) / [2着]3号艇のsession_exh_rel_avgが有利(+7.2pt)、3号艇のwin_rate_rank_2to6が不利(-6.9pt) / [候補2]2号艇のwin_rate_rank_2to6が不利(-17.1pt)、2号艇のsession_exh_rel_avgが不利(-10.5pt)、天気+9.5pt
135,15,丸亀,2,15:47,0.3151336022344875,2,0.2884427392931763,3,0.2425193272134679,0.16732398866810633,0.18861512004218134,0.3423469464644629,0.12945218761782057,0.2198308760070133,1-2,1-3,0.09089799947184181,0.0764259891962645,0.04068620964115204,0.059438962214782884,0.04768444405837454,True,False,False,False,予選,2026-08-18,1号艇のdominance,-0.4143,1号艇のsession_exh_rel_avg,0.2075,4号艇のsession_exh_rel_avg,-0.1127,1号艇の年齢,-0.1018,1号艇の級別順位,-0.0778,2号艇の全国勝率,0.0669,2号艇のclass_rank_2to6,-0.0658,2号艇のsession_exh_rel_avg,-0.0586,1号艇の年齢,0.0433,1号艇vs2号艇のplace_rate差,-0.0408,3号艇のsession_exh_rel_avg,-0.1001,3号艇のwin_rate_rank_2to6,-0.0963,3号艇の節間得点,-0.0622,1号艇vs6号艇のplace_rate差,0.0579,3号艇の枠別平均ST,-0.0356,0.1051,北 2.6m/s,[逃げ]1号艇のdominanceが不利(-41.4pt)、1号艇のsession_exh_rel_avgが有利(+20.7pt) / [2着]2号艇の全国勝率が有利(+6.7pt)、2号艇のclass_rank_2to6が不利(-6.6pt) / [候補2]3号艇のsession_exh_rel_avgが不利(-10.0pt)、3号艇のwin_rate_rank_2to6が不利(-9.6pt) / [除外]4号艇のwin_rate_rank_2to6が不利(-5.4pt)、天気+10.5pt
136,11,琵琶湖,1,10:31,0.15980838666579908,3,0.6483308299818497,4,0.2235727207595579,0.13933749977216603,0.09379110185708882,0.7781124488843187,0.12365515861179406,0.33096998450581183,1-3,1-4,0.014988604671388996,0.10360870396509787,0.03572879580706815,0.005001352263060842,0.0004809314847230798,False,False,True,False,予選,2026-08-18,1号艇のdominance,-0.4455,1号艇のvs_max234_diff,-0.2467,1号艇の全国2連率,-0.2434,1号艇のracer_win_te,-0.2193,1号艇の級別順位,-0.0964,3号艇のwin_rate_rank_2to6,0.1708,3号艇のモーター2連率,0.114,1号艇vs2号艇の枠別平均ST差,0.1058,3号艇のsession_exh_rel_avg,0.0853,6号艇の年齢,0.0704,4号艇のclass_rank_2to6,0.1303,2号艇のsession_rank_diff_last,-0.0899,1号艇の一般戦2連率,0.0834,4号艇のwin_rate_rank_2to6,0.0704,4号艇の直近1着率,-0.0691,-0.0181,南東 2.2m/s,[逃げ]1号艇のdominanceが不利(-44.6pt)、1号艇のvs_max234_diffが不利(-24.7pt) / [2着]3号艇のwin_rate_rank_2to6が有利(+17.1pt)、3号艇のモーター2連率が有利(+11.4pt) / [候補2]4号艇のclass_rank_2to6が有利(+13.0pt)、2号艇のsession_rank_diff_lastが不利(-9.0pt) / [除外]6号艇の全国勝率が不利(-15.5pt)、6号艇の直近平均着順が不利(-13.8pt)、天気-1.8pt
137,05,多摩川,2,12:05,0.22202788988446598,2,0.4282690437049637,3,0.2702671094893059,0.15509450810173572,0.2300523881280444,0.46848376506622513,0.11227867373251738,0.24911128519108253,1-2,1-3,0.09508767207665123,0.06000683602508452,0.05107804629895187,0.008286112835164183,0.007569219753699987,True,True,False,False,予選,2026-08-18,1号艇のdominance,-0.3653,1号艇のracer_win_te,-0.1974,1号艇のvs_max234_diff,-0.1558,1号艇の級別順位,-0.0865,1号艇の年齢,0.0841,2号艇のwin_rate_rank_2to6,0.1666,1号艇vs2号艇のplace_rate差,-0.0934,2号艇のsession_exh_rel_avg,-0.0864,2号艇のclass_rank_2to6,0.0846,2号艇の節間得点,0.0575,3号艇のwin_rate_rank_2to6,-0.0817,1号艇のvs_max234_diff,-0.056,3号艇のcumulative_diff_rank_2to6,-0.043,3号艇の当地勝率,0.0418,3号艇のracer_avgfin_te,0.0386,-0.0459,南東 1.8m/s,[逃げ]1号艇のdominanceが不利(-36.5pt)、1号艇のracer_win_teが不利(-19.7pt) / [2着]2号艇のwin_rate_rank_2to6が有利(+16.7pt)、1号艇vs2号艇のplace_rate差が不利(-9.3pt) / [候補2]3号艇のwin_rate_rank_2to6が不利(-8.2pt)、1号艇のvs_max234_diffが不利(-5.6pt) / [除外]6号艇のwin_rate_rank_2to6が不利(-5.5pt)、天気-4.6pt
138,14,鳴門,3,09:32,0.2729126661340316,5,0.3233107069263186,4,0.23622533650217878,0.1527044734101585,0.2353144029416288,0.3242216404868686,0.10958419902572578,0.20415962353317152,1-5,1-4,0.06422028108653773,0.046816711516995534,0.06446888639321838,0.08823558701694012,0.009171201645358213,False,False,True,False,一般,2026-08-18,1号艇のdominance,-0.3552,1号艇のracer_win_te,-0.2034,場特性:in_escape_diff,-0.1131,1号艇の級別順位,-0.0951,風速区分,-0.0841,5号艇のwin_rate_rank_2to6,0.2391,5号艇のclass_rank_2to6,0.1517,local_win_rateの分散(2-6号艇),-0.0935,win_rate_gap_top2_2to6,0.0666,1号艇vs5号艇のlocal_win_rate差,0.0628,4号艇のwin_rate_rank_2to6,-0.1041,4号艇の年齢,-0.0872,4号艇のclass_rank_2to6,-0.0727,4号艇のsession_exh_rel_avg,-0.0637,5号艇のrecent_4to6_rate,0.0514,-0.0611,南 6.2m/s,[逃げ]1号艇のdominanceが不利(-35.5pt)、1号艇のracer_win_teが不利(-20.3pt) / [2着]5号艇のwin_rate_rank_2to6が有利(+23.9pt)、5号艇のclass_rank_2to6が有利(+15.2pt) / [候補2]4号艇のwin_rate_rank_2to6が不利(-10.4pt)、4号艇の年齢が不利(-8.7pt) / [除外]1号艇vs5号艇の級別差が不利(-9.6pt)、6号艇のvs_avg456_diffが不利(-5.9pt)、天気-6.1pt
139,10,三国,9,12:25,0.22627811556926042,3,0.3167416136774389,2,0.277689189949896,0.13450668208111444,0.16478438017783825,0.42964642344949666,0.10790916179729766,0.2230486044916291,1-3,1-2,0.06283498661581688,0.07167169546529756,0.03359444273809016,0.020889894257021,0.03728709902188983,True,True,False,False,一般,2026-08-18,1号艇のdominance,-0.3183,1号艇のracer_win_te,-0.2155,1号艇のvs_max234_diff,-0.1647,1号艇の級別順位,-0.0911,1号艇のframe_dominance,-0.0851,3号艇のwin_rate_rank_2to6,0.1946,3号艇のsession_exh_rel_avg,0.089,3号艇のモーター2連率,0.0686,1号艇のvs_max234_diff,-0.0569,3号艇の節間得点,-0.0537,2号艇のwin_rate_rank_2to6,-0.1489,2号艇のsession_exh_rel_avg,0.1005,2号艇のclass_rank_2to6,-0.048,2号艇の全国勝率,0.0459,ST差分(4-3),-0.0403,-0.0581,南 4.7m/s,[逃げ]1号艇のdominanceが不利(-31.8pt)、1号艇のracer_win_teが不利(-21.5pt) / [2着]3号艇のwin_rate_rank_2to6が有利(+19.5pt)、3号艇のsession_exh_rel_avgが有利(+8.9pt) / [候補2]2号艇のwin_rate_rank_2to6が不利(-14.9pt)、2号艇のsession_exh_rel_avgが有利(+10.1pt)、天気-5.8pt
140,16,児島,7,13:50,0.20040789806426051,2,0.4153789509437996,4,0.23157588947311536,0.129654859710453,0.2119002515512147,0.43505458886570025,0.09668618284547408,0.2212747784570272,1-2,1-4,0.08324522245878446,0.042466484012667,0.046409637251668565,0.004312771759868769,0.023973786034193097,True,True,False,False,予選,2026-08-18,1号艇のdominance,-0.3598,1号艇のracer_win_te,-0.2674,1号艇のvs_max234_diff,-0.1662,1号艇の年齢,0.1231,1号艇の平均ST,-0.1225,2号艇のclass_rank_2to6,0.0897,2号艇の当地勝率,0.0866,1号艇の枠別平均ST,-0.0705,2号艇のwin_rate_rank_2to6,0.0692,2号艇の全国勝率,0.0554,場特性:1x_diff_course4,0.0984,4号艇のwin_rate_rank_2to6,-0.0747,4号艇のclass_rank_2to6,-0.0724,2号艇のracer_avgfin_te,-0.0572,6号艇のvs_avg456_diff,-0.0529,0.0886,南東 1.7m/s,[逃げ]1号艇のdominanceが不利(-36.0pt)、1号艇のracer_win_teが不利(-26.7pt) / [2着]2号艇のclass_rank_2to6が有利(+9.0pt)、2号艇の当地勝率が有利(+8.7pt) / [候補2]場特性:1x_diff_course4が有利(+9.8pt)、4号艇のwin_rate_rank_2to6が不利(-7.5pt) / [除外]5号艇のracer_win_teが不利(-13.6pt)、天気+8.9pt
141,09,津,4,11:53,0.18786122101975417,2,0.42309265790415385,3,0.22213509752399493,0.12121327397056735,0.2000110801335439,0.4452166752946049,0.09212047654651571,0.2184142943677786,1-2,1-3,0.07948270331836749,0.04173057065219986,0.03757432573136745,0.02876997980748933,0.0003036408542323009,True,True,False,False,予選,2026-08-18,1号艇のdominance,-0.2519,1号艇のracer_win_te,-0.2144,1号艇vs2号艇のcumulative差,-0.1167,1号艇のsession_exh_rel_avg,-0.099,1号艇の全国勝率,-0.0793,2号艇のwin_rate_rank_2to6,0.1475,2号艇のclass_rank_2to6,0.0883,1号艇vs2号艇のplace_rate差,-0.079,2号艇のracer_avgfin_te,0.067,2号艇の節間得点,0.0587,3号艇のwin_rate_rank_2to6,-0.1603,6号艇の平均ST,0.0984,3号艇の全国勝率,-0.0633,3号艇のcumulative_diff_rank_2to6,-0.0619,6号艇の直近平均着順,0.0561,-0.0201,南東 3.5m/s,[逃げ]1号艇のdominanceが不利(-25.2pt)、1号艇のracer_win_teが不利(-21.4pt) / [2着]2号艇のwin_rate_rank_2to6が有利(+14.7pt)、2号艇のclass_rank_2to6が有利(+8.8pt) / [候補2]3号艇のwin_rate_rank_2to6が不利(-16.0pt)、6号艇の平均STが有利(+9.8pt) / [除外]6号艇の全国勝率が不利(-15.5pt)、6号艇のvs_avg456_diffが不利(-14.8pt)、天気-2.0pt
142,15,丸亀,3,16:11,0.18209564705604284,4,0.39557618429154773,2,0.2291587327368411,0.11376150895478769,0.1916396147091481,0.4330953023192407,0.08760005486099552,0.20956164696412358,1-4,1-2,0.041728807716257865,0.03489673964203307,0.07203270123852983,0.02726826952204784,0.006169129954712972,True,False,False,False,予選,2026-08-18,1号艇のdominance,-0.3384,1号艇のvs_max234_diff,-0.1548,1号艇のracer_win_te,-0.1402,1号艇の全国2連率,-0.1282,2号艇の平均ST,-0.1151,4号艇のwin_rate_rank_2to6,0.1929,4号艇のclass_rank_2to6,0.1851,4号艇のsession_exh_rel_avg,-0.084,4号艇の年齢,-0.0766,場特性:1x_diff_course4,0.0618,2号艇のwin_rate_rank_2to6,-0.1491,2号艇のsession_exh_rel_avg,-0.0819,2号艇の全国勝率,-0.0707,1号艇の体重,-0.0597,1号艇vs4号艇の勝率差,0.0546,0.0476,北 2.9m/s,[逃げ]1号艇のdominanceが不利(-33.8pt)、1号艇のvs_max234_diffが不利(-15.5pt) / [2着]4号艇のwin_rate_rank_2to6が有利(+19.3pt)、4号艇のclass_rank_2to6が有利(+18.5pt) / [候補2]2号艇のwin_rate_rank_2to6が不利(-14.9pt)、2号艇のsession_exh_rel_avgが不利(-8.2pt) / [除外]6号艇のsession_exh_rel_avgが不利(-9.7pt)、天気+4.8pt
143,05,多摩川,1,11:33,0.11103351744395018,3,0.4426753936862092,2,0.323247007329083,0.08504305827384365,0.11523270672365094,0.6506896942916413,0.07328336812230103,0.25473704907918293,1-3,1-2,0.03589125222697843,0.04915180604686522,0.012794692752114091,0.009921159310651198,0.003274608865277607,True,True,False,False,予選,2026-08-18,1号艇のdominance,-0.3997,1号艇のracer_win_te,-0.3624,1号艇の年齢,-0.2204,1号艇のvs_max234_diff,-0.178,1号艇の全国2連率,-0.1345,3号艇のwin_rate_rank_2to6,0.2097,3号艇の節間得点,-0.0775,3号艇のsession_exh_rel_avg,0.0759,3号艇のモーター2連率,0.0748,3号艇の一般戦2連率,0.0603,2号艇のclass_rank_2to6,0.0657,1号艇の直近複勝率,0.0471,2号艇のsession_exh_rel_avg,0.0464,2号艇のwin_rate_rank_2to6,-0.0442,枠別勝率の分散(2-6号艇),0.0379,-0.0778,南東 1.1m/s,[逃げ]1号艇のdominanceが不利(-40.0pt)、1号艇のracer_win_teが不利(-36.2pt) / [2着]3号艇のwin_rate_rank_2to6が有利(+21.0pt)、3号艇の節間得点が不利(-7.7pt) / [候補2]2号艇のclass_rank_2to6が有利(+6.6pt)、1号艇の直近複勝率が有利(+4.7pt) / [除外]4号艇のwin_rate_rank_2to6が不利(-6.6pt)、6号艇のwin_rate_rank_2to6が不利(-6.2pt)、天気-7.8pt
144,09,津,8,13:54,0.11021501128471348,3,0.2886995635963422,5,0.24392903805970867,0.05870366734208281,0.2319037069779254,0.30072489467812547,0.04236734965828923,0.1313100355428956,1-3,1-5,0.025559269681538935,0.03181902565966271,0.01916001722105889,0.026884641682420093,0.006792057450615765,True,True,False,False,予選,2026-08-18,1号艇のdominance,-0.4394,1号艇のsession_exh_rel_avg,-0.2576,1号艇のvs_max234_diff,-0.1546,5号艇の節間得点,-0.129,1号艇の全国2連率,-0.1135,3号艇のsession_exh_rel_avg,-0.1285,1号艇vs6号艇のplace_rate差,0.0753,1号艇のvs_max234_diff,-0.0661,1号艇vs3号艇のplace_rate差,-0.0608,5号艇の一般戦2連率,-0.0546,5号艇のwin_rate_rank_2to6,0.2319,5号艇のclass_rank_2to6,0.1687,5号艇のsession_exh_rel_avg,-0.1134,1号艇vs5号艇のlocal_win_rate差,0.0636,1号艇vs6号艇の直近複勝率差,0.057,-0.0511,南東 2.4m/s,[逃げ]1号艇のdominanceが不利(-43.9pt)、1号艇のsession_exh_rel_avgが不利(-25.8pt) / [2着]3号艇のsession_exh_rel_avgが不利(-12.9pt)、1号艇vs6号艇のplace_rate差が有利(+7.5pt) / [候補2]5号艇のwin_rate_rank_2to6が有利(+23.2pt)、5号艇のclass_rank_2to6が有利(+16.9pt)、天気-5.1pt
