rank,venue_code,venue_name,race_no,closing_time,in_escape_prob,second_pred_1,second_pred_1_prob,second_pred_2,second_pred_2_prob,confidence_score,third_prob,top2_margin,adjusted_score,score_margin_blend,ticket_1,ticket_2,score_boat2,score_boat3,score_boat4,score_boat5,score_boat6,is_teppan,is_lunch,is_excluded,is_channel_target,race_grade,race_date,top_feat_1,top_feat_1_contrib,top_feat_2,top_feat_2_contrib,top_feat_3,top_feat_3_contrib,top_feat_4,top_feat_4_contrib,top_feat_5,top_feat_5_contrib,s2_top_feat_1,s2_top_feat_1_contrib,s2_top_feat_2,s2_top_feat_2_contrib,s2_top_feat_3,s2_top_feat_3_contrib,s2_top_feat_4,s2_top_feat_4_contrib,s2_top_feat_5,s2_top_feat_5_contrib,s2_top2_feat_1,s2_top2_feat_1_contrib,s2_top2_feat_2,s2_top2_feat_2_contrib,s2_top2_feat_3,s2_top2_feat_3_contrib,s2_top2_feat_4,s2_top2_feat_4_contrib,s2_top2_feat_5,s2_top2_feat_5_contrib,weather_contribution,wind_info,reason_text
1,23,唐津,2,09:01,0.8370557300651478,2,0.6841797058868899,3,0.1907523116521314,0.7323668586984983,0.0629291066619527,0.8120029108770687,0.6770622280984379,0.7562576743520693,1-2,1-3,0.5726965432069088,0.15967031549158944,0.05267516931926837,0.04849316055282335,0.0035205598144269997,False,False,True,False,モー２ング戦,2026-10-03,1号艇のdominance,0.222,1号艇のsession_exh_rel_avg,0.1557,1号艇の勝率順位,0.091,1号艇のvs_max234_diff,0.0782,1号艇のlocal_win_rate順位,0.0721,2号艇のwin_rate_rank_2to6,0.2069,2号艇のclass_rank_2to6,0.1049,2号艇の全国勝率,0.0643,1号艇vs2号艇のcumulative差,-0.0634,2号艇のsession_exh_rel_avg,0.0565,3号艇の節間得点,-0.0693,3号艇のcumulative_diff_rank_2to6,-0.0569,1号艇のracer_2nd_te,0.0521,3号艇のwin_rate_rank_2to6,0.0474,3号艇の当地勝率,-0.0394,-0.026,北東 5.6m/s,[逃げ]1号艇のdominanceが有利(+22.2pt)、1号艇のsession_exh_rel_avgが有利(+15.6pt) / [2着]2号艇のwin_rate_rank_2to6が有利(+20.7pt)、2号艇のclass_rank_2to6が有利(+10.5pt) / [候補2]3号艇の節間得点が不利(-6.9pt)、3号艇のcumulative_diff_rank_2to6が不利(-5.7pt) / [除外]6号艇の直近平均着順が不利(-13.5pt)、6号艇のwin_rate_rank_2to6が不利(-12.9pt)、天気-2.6pt
2,09,津,11,15:35,0.8746051218496786,3,0.6020395135902977,2,0.21832329770237296,0.7174935165315711,0.09850491461327843,0.7218578966793923,0.6326815514337432,0.7188028305759173,1-3,1-2,0.19094667438960758,0.5265468421419636,0.08615290284813856,0.05199457991198401,0.01896412418706389,True,False,False,False,予選特選,2026-10-03,1号艇のdominance,0.1826,1号艇のsession_exh_rel_avg,0.1328,1号艇のracer_win_te,0.1038,風速区分,0.0911,1号艇の勝率順位,0.0892,3号艇のwin_rate_rank_2to6,0.1454,3号艇のsession_exh_rel_avg,0.1099,3号艇の当地勝率,0.0988,3号艇の節間得点,0.0392,3号艇の全国勝率,0.037,1号艇vs2号艇の枠別勝率差,-0.2514,2号艇のsession_exh_rel_avg,-0.1344,レース時間帯,-0.0781,2号艇の全国勝率,0.0498,場特性:1x_diff_course2,0.0468,0.1658,西 1.1m/s,[逃げ]1号艇のdominanceが有利(+18.3pt)、1号艇のsession_exh_rel_avgが有利(+13.3pt) / [2着]3号艇のwin_rate_rank_2to6が有利(+14.5pt)、3号艇のsession_exh_rel_avgが有利(+11.0pt) / [候補2]1号艇vs2号艇の枠別勝率差が不利(-25.1pt)、2号艇のsession_exh_rel_avgが不利(-13.4pt) / [除外]1号艇vs6号艇のcumulative差が不利(-7.2pt)、天気+16.6pt
3,23,唐津,11,13:38,0.8284032251409374,2,0.6160127902867312,3,0.21550059658910037,0.6888283714358029,0.11716824334277112,0.7143451435330604,0.591977799140849,0.6964834030649801,1-2,1-3,0.5103069822015961,0.17852138923420685,0.09706255066924978,0.028803016132268277,0.013709279188510295,True,True,False,False,宝当特選,2026-10-03,1号艇のdominance,0.2216,1号艇のracer_win_te,0.171,1号艇の級別順位,0.0866,1号艇の勝率順位,0.084,1号艇の全国勝率,0.083,2号艇のwin_rate_rank_2to6,0.1665,2号艇のsession_exh_rel_avg,0.1208,2号艇のclass_rank_2to6,0.0884,2号艇のracer_avgfin_te,0.0549,2号艇の全国勝率,0.047,3号艇のsession_exh_rel_avg,-0.0649,3号艇のwin_rate_rank_2to6,-0.0576,3号艇の節間得点,0.0451,1号艇vs3号艇の枠別勝率差,-0.0373,6号艇のモーター出走数,0.0326,0.1103,東 3.4m/s,[逃げ]1号艇のdominanceが有利(+22.2pt)、1号艇のracer_win_teが有利(+17.1pt) / [2着]2号艇のwin_rate_rank_2to6が有利(+16.6pt)、2号艇のsession_exh_rel_avgが有利(+12.1pt) / [候補2]3号艇のsession_exh_rel_avgが不利(-6.5pt)、3号艇のwin_rate_rank_2to6が不利(-5.8pt) / [除外]6号艇のwin_rate_rank_2to6が不利(-6.3pt)、5号艇のracer_avgfin_teが不利(-5.3pt)、天気+11.0pt
4,18,徳山,4,10:05,0.7851724173330107,2,0.6049404139496417,3,0.22352578777324106,0.6504888102854536,0.09966428984525136,0.7288019118776314,0.5726922038901949,0.6739827407631069,1-2,1-3,0.47498252716327233,0.1755062831221812,0.07825365137957384,0.043771458107917875,0.012658483666338354,False,False,True,False,ガチトク予選,2026-10-03,1号艇のdominance,0.261,場特性:in_escape_diff,0.1932,1号艇の勝率順位,0.0695,1号艇の級別順位,0.068,1号艇のvs_max234_diff,0.0658,2号艇のwin_rate_rank_2to6,0.159,2号艇のclass_rank_2to6,0.1246,場特性:in_escape_diff,0.0705,2号艇の全国勝率,0.0576,場特性:1x_diff_course2,0.0545,3号艇の節間得点,-0.0796,場特性:1x_diff_course3,0.0638,3号艇のcumulative_diff_rank_2to6,-0.0592,3号艇のwin_rate_rank_2to6,0.0539,3号艇のsession_exh_rel_avg,-0.035,0.0296,東 2.1m/s,[逃げ]1号艇のdominanceが有利(+26.1pt)、場特性:in_escape_diffが有利(+19.3pt) / [2着]2号艇のwin_rate_rank_2to6が有利(+15.9pt)、2号艇のclass_rank_2to6が有利(+12.5pt) / [候補2]3号艇の節間得点が不利(-8.0pt)、場特性:1x_diff_course3が有利(+6.4pt) / [除外]6号艇のwin_rate_rank_2to6が不利(-7.3pt)、6号艇のsession_exh_rel_avgが不利(-5.8pt)、天気+3.0pt
5,16,児島,10,15:40,0.7334511219383059,2,0.49882004714534767,3,0.33498986953080556,0.6115588188694099,0.07609380342404609,0.7577161132521071,0.5557158150150611,0.655406007184219,1-2,1-3,0.36586012322407385,0.24569869564533603,0.055811085493919506,0.03925725175678397,0.026823982212102616,True,False,False,False,特別選抜戦,2026-10-03,1号艇の節間得点,0.1084,1号艇のracer_win_te,0.0908,レース時間帯,0.0885,3号艇のracer_win_te,-0.0855,1号艇のdominance,0.0813,3号艇の全国2連率,0.1837,2号艇のsession_exh_rel_avg,0.0939,2号艇のwin_rate_rank_2to6,0.0803,1号艇vs2号艇の枠別勝率差,0.0584,2号艇のclass_rank_2to6,-0.0573,3号艇の全国勝率,0.1521,3号艇のwin_rate_rank_2to6,0.1369,3号艇のモーター2連率,0.0655,3号艇のracer_avgfin_te,0.0615,4号艇のsession_exh_rel_last,-0.0417,0.1018,北東 4.3m/s,[逃げ]1号艇の節間得点が有利(+10.8pt)、1号艇のracer_win_teが有利(+9.1pt) / [2着]3号艇の全国2連率が有利(+18.4pt)、2号艇のsession_exh_rel_avgが有利(+9.4pt) / [候補2]3号艇の全国勝率が有利(+15.2pt)、3号艇のwin_rate_rank_2to6が有利(+13.7pt) / [除外]1号艇のsession_exh_rel_deltaが不利(-8.0pt)、6号艇のwin_rate_rank_2to6が不利(-6.9pt)、天気+10.2pt
6,09,津,12,16:12,0.9017253371419902,3,0.4966929813244341,2,0.2328971895499701,0.6578899428072045,0.14396982389836638,0.5856203469760379,0.544230383754653,0.6362090640578545,1-3,1-2,0.21000929676636879,0.4478806460408356,0.10280186888712663,0.1298212379930274,0.011212315167938178,True,False,False,False,ツッキー選抜,2026-10-03,1号艇のdominance,0.3109,1号艇のsession_exh_rel_avg,0.1681,1号艇の全国勝率,0.1455,1号艇のracer_win_te,0.1079,風速区分,0.0991,3号艇のwin_rate_rank_2to6,0.1849,6号艇のモーター出走数,0.1506,3号艇のsession_exh_rel_avg,0.1015,場特性:1x_diff_course3,-0.0469,3号艇の全国勝率,0.0426,2号艇のsession_exh_rel_avg,-0.1377,2号艇のwin_rate_rank_2to6,0.0659,レース時間帯,-0.0651,1号艇vs2号艇のcumulative差,-0.0504,2号艇のcumulative_diff_rank_2to6,-0.0433,0.1491,北西 0.6m/s,[逃げ]1号艇のdominanceが有利(+31.1pt)、1号艇のsession_exh_rel_avgが有利(+16.8pt) / [2着]3号艇のwin_rate_rank_2to6が有利(+18.5pt)、6号艇のモーター出走数が有利(+15.1pt) / [候補2]2号艇のsession_exh_rel_avgが不利(-13.8pt)、2号艇のwin_rate_rank_2to6が有利(+6.6pt) / [除外]6号艇のwin_rate_rank_2to6が不利(-9.6pt)、天気+14.9pt
7,19,下関,8,18:43,0.7523544753348104,2,0.6824085403394906,3,0.12224172276072132,0.6053822265227771,0.10201276153519062,0.7026375015650212,0.5312741712684841,0.6345588090354504,1-2,1-3,0.5134131193311112,0.09196910719166583,0.07674975768226347,0.03829173638624864,0.031930753342151875,True,False,False,False,予選,2026-10-03,1号艇のracer_win_te,0.1231,場特性:in_escape_diff,0.1016,1号艇の級別順位,0.0939,風速区分,0.0925,2号艇のsession_avg_finish,-0.0919,2号艇のwin_rate_rank_2to6,0.2301,2号艇のclass_rank_2to6,0.0717,2号艇の節間得点,0.0636,4号艇の女子戦比率,0.0605,2号艇の全国勝率,0.0599,3号艇のwin_rate_rank_2to6,-0.133,3号艇の女子戦比率,-0.1239,6号艇の女子戦比率,0.0835,3号艇の全国勝率,-0.0831,2号艇のvs_boat3_diff,-0.0737,0.1142,東 1.5m/s,[逃げ]1号艇のracer_win_teが有利(+12.3pt)、場特性:in_escape_diffが有利(+10.2pt) / [2着]2号艇のwin_rate_rank_2to6が有利(+23.0pt)、2号艇のclass_rank_2to6が有利(+7.2pt) / [候補2]3号艇のwin_rate_rank_2to6が不利(-13.3pt)、3号艇の女子戦比率が不利(-12.4pt) / [除外]5号艇の直近平均着順が不利(-18.6pt)、6号艇の女子戦比率が不利(-7.1pt)、天気+11.4pt
8,23,唐津,10,13:04,0.7894385268935593,2,0.5492177497507794,3,0.24395489055975078,0.6261610407390199,0.1422424398748986,0.6509302004356315,0.5192810317118312,0.6335917886480034,1-2,1-3,0.4335736513070508,0.19258738943196912,0.11229166219658562,0.03300125274165639,0.017984566804965883,True,True,False,False,予選特賞,2026-10-03,1号艇のdominance,0.1813,1号艇のracer_win_te,0.1777,1号艇のsession_exh_rel_avg,0.1377,1号艇の勝率順位,0.0927,1号艇の級別順位,0.0831,2号艇のwin_rate_rank_2to6,0.1531,2号艇のclass_rank_2to6,0.0909,2号艇のモーター2連率,0.0648,2号艇のsession_exh_rel_avg,0.0569,6号艇のsession_rank_diff_last,-0.0564,3号艇のモーター2連率,0.092,3号艇のsession_exh_rel_avg,0.0861,3号艇のcumulative_diff_rank_2to6,-0.072,3号艇のwin_rate_rank_2to6,-0.0687,3号艇の節間得点,-0.049,0.1075,北東 3.7m/s,[逃げ]1号艇のdominanceが有利(+18.1pt)、1号艇のracer_win_teが有利(+17.8pt) / [2着]2号艇のwin_rate_rank_2to6が有利(+15.3pt)、2号艇のclass_rank_2to6が有利(+9.1pt) / [候補2]3号艇のモーター2連率が有利(+9.2pt)、3号艇のsession_exh_rel_avgが有利(+8.6pt) / [除外]6号艇のwin_rate_rank_2to6が不利(-6.5pt)、local_win_rateの分散(2-6号艇)が不利(-5.7pt)、天気+10.8pt
9,06,浜名湖,12,16:48,0.7185508314163274,3,0.43257140248455017,2,0.3722060766071785,0.5782735267064977,0.09008700842777326,0.7146904706639554,0.5157596082177379,0.619198609893735,1-3,1-2,0.2674489858042974,0.3108245409022003,0.06473209480558617,0.053695479293388415,0.02184973663367868,True,False,False,False,準優勝戦,2026-10-03,1号艇のdominance,0.2697,1号艇のracer_win_te,0.1896,3号艇のsession_exh_rel_avg,-0.1139,1号艇の年齢,-0.1062,レース時間帯,0.0946,3号艇のsession_exh_rel_avg,0.1282,6号艇の女子戦比率,0.1239,1号艇のracer_avgfin_te,0.0903,3号艇の性別,-0.0623,3号艇のcumulative_diff_rank_2to6,0.0595,2号艇のwin_rate_rank_2to6,0.1594,2号艇のsession_exh_rel_avg,-0.1112,2号艇の当地勝率,0.0899,1号艇の年齢,0.0524,4号艇の一般戦勝率,-0.0483,0.1456,北東 3.2m/s,[逃げ]1号艇のdominanceが有利(+27.0pt)、1号艇のracer_win_teが有利(+19.0pt) / [2着]3号艇のsession_exh_rel_avgが有利(+12.8pt)、6号艇の女子戦比率が有利(+12.4pt) / [候補2]2号艇のwin_rate_rank_2to6が有利(+15.9pt)、2号艇のsession_exh_rel_avgが不利(-11.1pt) / [除外]1号艇vs5号艇の枠別平均ST差が不利(-6.3pt)、6号艇の女子戦比率が不利(-6.2pt)、天気+14.6pt
10,16,児島,12,16:50,0.8060386746885821,3,0.46821456628043345,2,0.30561668629208333,0.6237379172561569,0.1486144545477711,0.6252167980247457,0.512502152831613,0.6241815814867335,1-3,1-2,0.246338868781587,0.3773990484745699,0.11978899798325196,0.04878566654958252,0.013726096653000806,True,False,False,False,優勝戦,2026-10-03,1号艇のracer_win_te,0.1788,1号艇のsession_exh_rel_avg,0.151,1号艇の節間得点,0.1288,race_no,0.1178,1号艇vs4号艇の枠別平均ST差,-0.1126,3号艇のwin_rate_rank_2to6,0.2589,3号艇の全国勝率,0.1243,3号艇のsession_exh_rel_avg,0.0935,3号艇の当地勝率,0.0922,3号艇の節間得点,0.0899,2号艇のracer_avgfin_te,0.0689,2号艇のsession_exh_rel_avg,0.0657,2号艇の全国勝率,0.0536,2号艇のclass_rank_2to6,-0.0512,3号艇のsession_exh_rel_delta,0.0396,-0.0016,北東 4.8m/s,[逃げ]1号艇のracer_win_teが有利(+17.9pt)、1号艇のsession_exh_rel_avgが有利(+15.1pt) / [2着]3号艇のwin_rate_rank_2to6が有利(+25.9pt)、3号艇の全国勝率が有利(+12.4pt) / [候補2]2号艇のracer_avgfin_teが有利(+6.9pt)、2号艇のsession_exh_rel_avgが有利(+6.6pt) / [除外]3号艇のracer_avgfin_teが不利(-6.1pt)、3号艇の全国勝率が不利(-5.7pt)、天気影響ほぼなし
11,07,蒲郡,10,19:36,0.7424724521776206,2,0.620686069915237,3,0.16312486738265308,0.5819580286592037,0.1320360642532747,0.6517748730446153,0.48975069146149686,0.6029030819748271,1-2,1-3,0.4608423083624561,0.1211157202967476,0.054422727374002666,0.09803314040201073,0.008058541912776464,True,False,False,False,準優勝戦,2026-10-03,1号艇のsession_exh_rel_avg,0.1786,1号艇の級別順位,-0.1193,1号艇のracer_win_te,0.1048,1号艇の年齢,-0.1003,1号艇の節間得点,0.098,2号艇の当地勝率,0.353,2号艇のwin_rate_rank_2to6,0.1946,2号艇のsession_exh_rel_avg,0.0991,2号艇のclass_rank_2to6,0.0915,2号艇のracer_avgfin_te,0.0875,3号艇のsession_exh_rel_avg,-0.0749,3号艇のwin_rate_rank_2to6,-0.0674,1号艇のsession_exh_rel_last,0.0643,3号艇の当地勝率,0.0422,場特性:1x_diff_course3,0.0403,0.0638,東 2.9m/s,[逃げ]1号艇のsession_exh_rel_avgが有利(+17.9pt)、1号艇の級別順位が不利(-11.9pt) / [2着]2号艇の当地勝率が有利(+35.3pt)、2号艇のwin_rate_rank_2to6が有利(+19.5pt) / [候補2]3号艇のsession_exh_rel_avgが不利(-7.5pt)、3号艇のwin_rate_rank_2to6が不利(-6.7pt) / [除外]6号艇のwin_rate_rank_2to6が不利(-7.7pt)、天気+6.4pt
12,07,蒲郡,11,20:07,0.8147592374356434,2,0.42011067005062164,3,0.330970551603767,0.6119503634073611,0.16916884076994207,0.5819123808844465,0.4877228431037194,0.6029389686504867,1-2,1-3,0.34228904916902164,0.26966131423833944,0.1378318757035898,0.05237807883297019,0.012598932391384631,False,False,False,False,準優勝戦,2026-10-03,1号艇のdominance,0.1554,1号艇のsession_exh_rel_avg,0.1355,1号艇のracer_win_te,0.1133,4号艇のモーター2連率,-0.1044,1号艇の勝率順位,0.0838,1号艇vs2号艇の枠別勝率差,-0.2972,2号艇のsession_exh_rel_avg,0.1353,2号艇のモーター2連率,0.097,2号艇のclass_rank_2to6,0.0838,2号艇の全国勝率,0.0551,3号艇のwin_rate_rank_2to6,0.1346,3号艇のsession_exh_rel_avg,-0.0553,3号艇のclass_rank_2to6,0.0428,場特性:1x_diff_course3,0.0415,3号艇のcumulative_diff_rank_2to6,0.0364,0.0542,東 3.4m/s,[逃げ]1号艇のdominanceが有利(+15.5pt)、1号艇のsession_exh_rel_avgが有利(+13.6pt) / [2着]1号艇vs2号艇の枠別勝率差が不利(-29.7pt)、2号艇のsession_exh_rel_avgが有利(+13.5pt) / [候補2]3号艇のwin_rate_rank_2to6が有利(+13.5pt)、3号艇のsession_exh_rel_avgが不利(-5.5pt) / [除外]6号艇のwin_rate_rank_2to6が不利(-6.9pt)、5号艇のsession_exh_rel_avgが不利(-6.5pt)、天気+5.4pt
13,22,福岡,11,16:04,0.7180070665907796,2,0.5923277720032218,3,0.1846720027056969,0.5578913289804475,0.11810952775279038,0.6588902469561284,0.47882059129653876,0.5881910043731517,1-2,1-3,0.42529552603628545,0.13259580294416196,0.08480347555820329,0.06128707064604206,0.01402519073739078,True,False,False,False,予選特選,2026-10-03,1号艇のracer_win_te,0.1016,1号艇の節間得点,0.0912,1号艇のdominance,0.0845,1号艇のsession_exh_rel_avg,-0.0723,1号艇の級別順位,0.0674,2号艇のwin_rate_rank_2to6,0.1612,2号艇のclass_rank_2to6,0.0911,2号艇の当地勝率,0.0873,2号艇のsession_exh_rel_avg,0.0848,2号艇のracer_avgfin_te,0.0737,3号艇のwin_rate_rank_2to6,-0.1416,3号艇のsession_exh_rel_avg,-0.0662,3号艇の当地勝率,0.0616,3号艇のcumulative_diff_rank_2to6,-0.0582,6号艇のモーター出走数,0.0424,0.0894,東 2.1m/s,[逃げ]1号艇のracer_win_teが有利(+10.2pt)、1号艇の節間得点が有利(+9.1pt) / [2着]2号艇のwin_rate_rank_2to6が有利(+16.1pt)、2号艇のclass_rank_2to6が有利(+9.1pt) / [候補2]3号艇のwin_rate_rank_2to6が不利(-14.2pt)、3号艇のsession_exh_rel_avgが不利(-6.6pt) / [除外]6号艇のwin_rate_rank_2to6が不利(-7.3pt)、天気+8.9pt
14,06,浜名湖,11,16:19,0.6505335441186861,2,0.49232720177831935,3,0.3395143576759292,0.5411408378169871,0.096104408644251,0.7357371508099976,0.47873361356299976,0.5995197317148901,1-2,1-3,0.3202753594388856,0.22086547837810147,0.06251914156077511,0.03260307487671718,0.014270476535362123,True,False,False,False,準優勝戦,2026-10-03,1号艇のsession_exh_rel_avg,-0.1171,1号艇の年齢,-0.094,場特性:in_escape_diff,-0.0932,1号艇の節間得点,0.0805,1号艇の級別順位,0.0675,2号艇のwin_rate_rank_2to6,0.1991,2号艇のclass_rank_2to6,0.1022,2号艇のsession_exh_rel_avg,-0.0912,2号艇の全国勝率,0.0515,2号艇のモーター2連率,-0.0466,6号艇のsession_rank_diff_delta,-0.0605,3号艇のwin_rate_rank_2to6,0.0518,3号艇のracer_2nd_te,0.0499,3号艇の当地勝率,-0.0448,3号艇の節間得点,0.0437,0.0084,北東 3.3m/s,[逃げ]1号艇のsession_exh_rel_avgが不利(-11.7pt)、1号艇の年齢が不利(-9.4pt) / [2着]2号艇のwin_rate_rank_2to6が有利(+19.9pt)、2号艇のclass_rank_2to6が有利(+10.2pt) / [候補2]6号艇のsession_rank_diff_deltaが不利(-6.0pt)、3号艇のwin_rate_rank_2to6が有利(+5.2pt) / [除外]4号艇のwin_rate_rank_2to6が不利(-5.6pt)、天気+0.8pt
15,06,浜名湖,4,12:37,0.6825263763239104,2,0.5225066706118622,3,0.26901198660625014,0.5402323609038456,0.1155174071150141,0.6760012501030982,0.4653448710183639,0.5809630276636214,1-2,1-3,0.3566245844977854,0.18360777640606024,0.07884367728054448,0.05087250323475408,0.012577839989984041,True,True,False,False,ランチタイム,2026-10-03,1号艇のdominance,0.189,1号艇の級別順位,0.0778,場特性:in_escape_diff,-0.0741,1号艇のvs_max234_diff,0.071,1号艇の勝率順位,0.069,2号艇のsession_exh_rel_avg,-0.0984,2号艇のwin_rate_rank_2to6,0.0745,2号艇のclass_rank_2to6,-0.0536,1号艇vs4号艇の枠別勝率差,0.0276,2号艇のcumulative_diff_rank_2to6,0.0265,3号艇のwin_rate_rank_2to6,-0.0653,3号艇の当地勝率,-0.053,3号艇のcumulative_diff_rank_2to6,0.0499,1号艇のracer_2nd_te,0.0431,3号艇の節間得点,0.0402,-0.0071,南東 1.9m/s,[逃げ]1号艇のdominanceが有利(+18.9pt)、1号艇の級別順位が有利(+7.8pt) / [2着]2号艇のsession_exh_rel_avgが不利(-9.8pt)、2号艇のwin_rate_rank_2to6が有利(+7.5pt) / [候補2]3号艇のwin_rate_rank_2to6が不利(-6.5pt)、3号艇の当地勝率が不利(-5.3pt) / [除外]6号艇のwin_rate_rank_2to6が不利(-7.0pt)、天気-0.7pt
16,11,琵琶湖,5,12:22,0.7950967926271114,2,0.4247204613262562,3,0.28495837198983526,0.5642633641649748,0.14935238503838083,0.5603264482777106,0.4631344690915915,0.5630822893987955,1-2,1-3,0.3376938765636134,0.2265694876013613,0.10049021303675465,0.11874960231522598,0.011593602002782156,True,True,False,False,予選,2026-10-03,1号艇のdominance,0.3047,1号艇のracer_win_te,0.1694,1号艇の勝率順位,0.0842,1号艇のvs_max234_frame_diff,0.0823,場特性:in_escape_diff,-0.0716,2号艇の全国勝率,0.0643,2号艇のsession_exh_rel_avg,0.0541,2号艇のclass_rank_2to6,-0.0471,1号艇の一般戦勝率,-0.0424,2号艇の直近平均着順,0.0392,3号艇のwin_rate_rank_2to6,0.1399,1号艇vs4号艇のlocal_win_rate差,-0.0474,3号艇のclass_rank_2to6,0.0367,3号艇のracer_2nd_te,0.0365,場特性:1x_diff_course3,-0.0335,0.0627,北東 2.2m/s,[逃げ]1号艇のdominanceが有利(+30.5pt)、1号艇のracer_win_teが有利(+16.9pt) / [2着]2号艇の全国勝率が有利(+6.4pt)、2号艇のsession_exh_rel_avgが有利(+5.4pt) / [候補2]3号艇のwin_rate_rank_2to6が有利(+14.0pt)、1号艇vs4号艇のlocal_win_rate差が不利(-4.7pt) / [除外]1号艇vs4号艇のlocal_win_rate差が不利(-7.9pt)、6号艇のwin_rate_rank_2to6が不利(-6.7pt)、天気+6.3pt
17,13,尼崎,7,13:30,0.7198659048403384,3,0.5031683847535203,5,0.2570836547230413,0.5472795223045077,0.139683488273111,0.6205685512034507,0.45554442702138515,0.5692662309741906,1-3,1-5,0.10055338067697785,0.3622137645776444,0.05632700940893916,0.18506575772686326,0.01570598440478527,True,True,False,False,予選,2026-10-03,1号艇のsession_exh_rel_avg,0.1237,1号艇の勝率順位,-0.0741,場特性:in_escape_diff,0.0607,1号艇のlocal_win_rate順位,0.0577,avg_entry_count,-0.0494,3号艇のwin_rate_rank_2to6,0.0605,2号艇のvs_boat3_diff,0.0538,3号艇のcumulative_diff_rank_2to6,0.0414,4号艇の体重,0.0394,3号艇のclass_rank_2to6,0.0393,5号艇のwin_rate_rank_2to6,0.2484,5号艇のclass_rank_2to6,0.1225,1号艇vs4号艇の勝率差,0.056,5号艇のracer_avgfin_te,0.0537,5号艇の枠別勝率,-0.0509,0.0846,北 3.3m/s,[逃げ]1号艇のsession_exh_rel_avgが有利(+12.4pt)、1号艇の勝率順位が不利(-7.4pt) / [2着]3号艇のwin_rate_rank_2to6が有利(+6.1pt)、2号艇のvs_boat3_diffが有利(+5.4pt) / [候補2]5号艇のwin_rate_rank_2to6が有利(+24.8pt)、5号艇のclass_rank_2to6が有利(+12.3pt) / [除外]2号艇のwin_rate_rank_2to6が不利(-6.6pt)、4号艇のwin_rate_rank_2to6が不利(-5.3pt)、天気+8.5pt
18,16,児島,8,14:31,0.7663328641796205,3,0.4068912322027798,2,0.298092695415492,0.5402523524523085,0.1319501152225917,0.5730338123956801,0.45470872026587855,0.5500867904353199,1-3,1-2,0.22843822906877723,0.31181412338353126,0.07363519664246232,0.10111770972735964,0.05132759964786525,True,True,False,False,一般,2026-10-03,1号艇のdominance,0.1585,1号艇のracer_win_te,0.1059,1号艇の全国勝率,0.1008,1号艇の級別順位,0.0795,風速区分,0.0488,3号艇のwin_rate_rank_2to6,0.1889,3号艇の全国勝率,0.1404,3号艇の当地勝率,0.0655,3号艇の節間得点,-0.0508,3号艇のracer_2nd_te,0.0474,2号艇のwin_rate_rank_2to6,-0.1422,2号艇の当地勝率,0.078,2号艇の全国勝率,0.0768,2号艇のclass_rank_2to6,-0.0575,4号艇の一般戦勝率,-0.0427,0.0493,東 3.5m/s,[逃げ]1号艇のdominanceが有利(+15.8pt)、1号艇のracer_win_teが有利(+10.6pt) / [2着]3号艇のwin_rate_rank_2to6が有利(+18.9pt)、3号艇の全国勝率が有利(+14.0pt) / [候補2]2号艇のwin_rate_rank_2to6が不利(-14.2pt)、2号艇の当地勝率が有利(+7.8pt)、天気+4.9pt
19,12,住之江,10,19:25,0.6476972863259549,3,0.5750156746011568,2,0.24896621467797117,0.5336908336678247,0.1267387229781316,0.6972431663009964,0.45252367999879123,0.5827565334577761,1-3,1-2,0.16125474163376705,0.37243609203405753,0.08208832694535279,0.020868198838384745,0.011049914206875634,True,False,False,False,予選特別Ｂ戦,2026-10-03,2号艇のsession_exh_rel_avg,-0.2782,3号艇のracer_win_te,-0.1751,1号艇のdominance,0.0872,1号艇の節間得点,0.087,1号艇のracer_win_te,0.0802,3号艇のwin_rate_rank_2to6,0.2264,3号艇のsession_exh_rel_avg,0.075,3号艇の全国勝率,0.0653,3号艇のclass_rank_2to6,0.0453,場特性:1x_diff_course3,0.0435,2号艇のsession_exh_rel_avg,0.1776,1号艇vs2号艇のcumulative差,-0.0465,2号艇の全国勝率,0.0447,2号艇のcumulative_diff_rank_2to6,-0.0359,2号艇のsession_exh_rel_last,0.0304,0.1201,北 1.8m/s,[逃げ]2号艇のsession_exh_rel_avgが不利(-27.8pt)、3号艇のracer_win_teが不利(-17.5pt) / [2着]3号艇のwin_rate_rank_2to6が有利(+22.6pt)、3号艇のsession_exh_rel_avgが有利(+7.5pt) / [候補2]2号艇のsession_exh_rel_avgが有利(+17.8pt)、1号艇vs2号艇のcumulative差が不利(-4.7pt) / [除外]6号艇のwin_rate_rank_2to6が不利(-7.9pt)、3号艇のracer_win_teが不利(-5.1pt)、天気+12.0pt
20,22,福岡,1,11:02,0.8266525834173821,3,0.3792031741883627,2,0.31486776082441315,0.5737555315032291,0.17782311672011436,0.5162478182926615,0.4513231352864572,0.5565032175400588,1-3,1-2,0.2602862479203475,0.31346928358288156,0.1469979388280132,0.10254145642819704,0.003357651653721376,True,True,False,False,カタメン１予,2026-10-03,1号艇のdominance,0.3827,1号艇のvs_max234_diff,0.1502,1号艇のracer_win_te,0.1138,1号艇の勝率順位,0.1041,1号艇のlocal_win_rate順位,0.0824,3号艇のwin_rate_rank_2to6,0.0859,3号艇のcumulative_diff_rank_2to6,0.0479,場特性:1x_diff_course3,0.0452,1号艇の一般戦2連率,0.0437,2号艇のvs_boat3_diff,0.0409,2号艇のwin_rate_rank_2to6,-0.1867,2号艇の全国勝率,-0.1421,2号艇のsession_exh_rel_avg,0.127,2号艇の全国2連率,-0.1158,second_best_win_rate,0.0857,-0.0569,東 4.8m/s,[逃げ]1号艇のdominanceが有利(+38.3pt)、1号艇のvs_max234_diffが有利(+15.0pt) / [2着]3号艇のwin_rate_rank_2to6が有利(+8.6pt)、3号艇のcumulative_diff_rank_2to6が有利(+4.8pt) / [候補2]2号艇のwin_rate_rank_2to6が不利(-18.7pt)、2号艇の全国勝率が不利(-14.2pt) / [除外]6号艇の直近平均着順が不利(-26.8pt)、6号艇の全国勝率が不利(-17.1pt)、天気-5.7pt
21,18,徳山,6,11:04,0.7211902794792328,2,0.5171304102577694,3,0.2100959877827796,0.5244686092475394,0.12034405466346154,0.6068823433770875,0.4487285944708727,0.5491927294864037,1-2,1-3,0.37294942510101103,0.1515191841465283,0.06322341994152583,0.0867909624164059,0.04670730399362055,True,True,False,False,予選,2026-10-03,場特性:in_escape_diff,0.2026,1号艇のsession_exh_rel_avg,0.1405,1号艇の節間得点,0.0906,1号艇の級別順位,-0.0845,1号艇の年齢,0.0675,2号艇のclass_rank_2to6,0.0807,2号艇のsession_exh_rel_avg,0.0719,2号艇のwin_rate_rank_2to6,0.067,2号艇の全国勝率,0.0626,場特性:1x_diff_course2,0.0513,3号艇のwin_rate_rank_2to6,-0.0828,3号艇のracer_avgfin_te,-0.0719,3号艇のracer_2nd_te,-0.0699,3号艇の当地勝率,-0.0499,3号艇の全国勝率,0.0493,0.062,東 2.7m/s,[逃げ]場特性:in_escape_diffが有利(+20.3pt)、1号艇のsession_exh_rel_avgが有利(+14.1pt) / [2着]2号艇のclass_rank_2to6が有利(+8.1pt)、2号艇のsession_exh_rel_avgが有利(+7.2pt) / [候補2]3号艇のwin_rate_rank_2to6が不利(-8.3pt)、3号艇のracer_avgfin_teが不利(-7.2pt) / [除外]4号艇のwin_rate_rank_2to6が不利(-5.9pt)、天気+6.2pt
22,07,蒲郡,6,17:37,0.7890183865455047,3,0.4599616727201016,4,0.20041654682640891,0.5210505572963807,0.11962149733716895,0.5407567222093415,0.4462559398737894,0.526962406770269,1-3,1-4,0.09438356082513044,0.362918216882386,0.15813234041399477,0.09306780852692328,0.08051644813978,True,False,False,False,一般戦,2026-10-03,1号艇のdominance,0.2015,風速区分,0.0884,1号艇のracer_win_te,0.0792,1号艇の勝率順位,0.0737,1号艇の級別順位,0.0737,3号艇のwin_rate_rank_2to6,0.1621,3号艇の当地勝率,0.1151,3号艇のsession_exh_rel_avg,-0.1072,2号艇のvs_boat3_diff,0.059,場特性:1x_diff_course3,0.0394,4号艇のclass_rank_2to6,-0.092,4号艇のsession_exh_rel_avg,0.081,2号艇の節間得点,0.072,4号艇のwin_rate_rank_2to6,-0.0719,3号艇の女子戦勝率,0.045,0.0914,南西 1.8m/s,[逃げ]1号艇のdominanceが有利(+20.2pt)、風速区分が有利(+8.8pt) / [2着]3号艇のwin_rate_rank_2to6が有利(+16.2pt)、3号艇の当地勝率が有利(+11.5pt) / [候補2]4号艇のclass_rank_2to6が不利(-9.2pt)、4号艇のsession_exh_rel_avgが有利(+8.1pt) / [除外]2号艇のwin_rate_rank_2to6が不利(-6.4pt)、天気+9.1pt
23,18,徳山,1,08:47,0.7886137685232641,2,0.53641952332125,4,0.1362525615856159,0.5304784678588046,0.13446780246084278,0.5382042824460231,0.4448797392678827,0.5327962122349701,1-2,1-4,0.42302782179582393,0.10604316044368707,0.1074506460629807,0.06989540195361182,0.0821967235780845,False,False,True,False,朝トク予選,2026-10-03,場特性:in_escape_diff,0.1905,1号艇のdominance,0.136,1号艇のsession_exh_rel_avg,-0.1182,1号艇の級別順位,0.0718,1号艇の節間得点,0.0656,2号艇のwin_rate_rank_2to6,0.205,2号艇のclass_rank_2to6,-0.0814,3号艇のracer_2nd_te,0.0689,2号艇のracer_avgfin_te,-0.0591,2号艇の当地勝率,-0.0468,4号艇のsession_exh_rel_avg,-0.1285,4号艇のclass_rank_2to6,-0.1142,4号艇の節間得点,-0.0865,4号艇のwin_rate_rank_2to6,0.075,4号艇の年齢,0.061,0.0365,東 3.6m/s,[逃げ]場特性:in_escape_diffが有利(+19.0pt)、1号艇のdominanceが有利(+13.6pt) / [2着]2号艇のwin_rate_rank_2to6が有利(+20.5pt)、2号艇のclass_rank_2to6が不利(-8.1pt) / [候補2]4号艇のsession_exh_rel_avgが不利(-12.9pt)、4号艇のclass_rank_2to6が不利(-11.4pt) / [除外]3号艇のwin_rate_rank_2to6が不利(-5.1pt)、天気+3.6pt
24,09,津,10,15:00,0.6705880002926792,2,0.5620473056491606,3,0.23154904706642482,0.5321761912071081,0.1394005257555027,0.6541958269600827,0.44315342218850995,0.5687820819330005,1-2,1-3,0.37690217876515886,0.15527401244194927,0.09348031980613068,0.029522833187718974,0.015408647348248984,True,False,False,False,予選特賞,2026-10-03,1号艇のdominance,0.2359,1号艇のsession_exh_rel_avg,0.1379,1号艇の級別順位,0.0807,風速区分,0.0784,1号艇の勝率順位,0.0738,2号艇のwin_rate_rank_2to6,0.1526,2号艇のsession_exh_rel_avg,0.1312,3号艇のモーター出走数,0.0873,2号艇の節間得点,0.0504,2号艇の全国勝率,0.049,3号艇のsession_exh_rel_avg,-0.2105,3号艇の一般戦2連率,0.0727,3号艇のwin_rate_rank_2to6,0.0651,5号艇の年齢,0.0644,1号艇のsession_exh_rel_last,0.0628,0.0551,南西 1.4m/s,[逃げ]1号艇のdominanceが有利(+23.6pt)、1号艇のsession_exh_rel_avgが有利(+13.8pt) / [2着]2号艇のwin_rate_rank_2to6が有利(+15.3pt)、2号艇のsession_exh_rel_avgが有利(+13.1pt) / [候補2]3号艇のsession_exh_rel_avgが不利(-21.0pt)、3号艇の一般戦2連率が有利(+7.3pt) / [除外]6号艇のwin_rate_rank_2to6が不利(-5.8pt)、天気+5.5pt
25,12,住之江,11,19:58,0.7749988953608502,3,0.5406622534517973,4,0.18229192926055843,0.560288692998582,0.17768590210982502,0.5452682806025307,0.44082221076971656,0.5557825692797665,1-3,1-4,0.13770637785631054,0.41901264918845094,0.14127604381013104,0.04530760159077707,0.03169622580227646,True,False,False,False,予選特別Ａ戦,2026-10-03,1号艇のdominance,0.1834,1号艇のracer_win_te,0.1566,風速区分,0.0844,1号艇の級別順位,0.0781,場特性:in_escape_diff,0.0656,3号艇のwin_rate_rank_2to6,0.1588,3号艇のモーター2連率,0.0528,場特性:1x_diff_course3,0.0457,5号艇の一般戦2連率,-0.0417,3号艇の当地勝率,0.0351,4号艇のclass_rank_2to6,0.1099,4号艇のwin_rate_rank_2to6,-0.0702,4号艇のsession_exh_rel_avg,-0.0658,4号艇のモーター2連率,0.0494,4号艇の全国勝率,0.0394,0.1576,北東 1.7m/s,[逃げ]1号艇のdominanceが有利(+18.3pt)、1号艇のracer_win_teが有利(+15.7pt) / [2着]3号艇のwin_rate_rank_2to6が有利(+15.9pt)、3号艇のモーター2連率が有利(+5.3pt) / [候補2]4号艇のclass_rank_2to6が有利(+11.0pt)、4号艇のwin_rate_rank_2to6が不利(-7.0pt) / [除外]6号艇の女子戦2連率が不利(-9.1pt)、2号艇のwin_rate_rank_2to6が不利(-5.1pt)、天気+15.8pt
26,12,住之江,4,16:34,0.8290775089695168,3,0.4743543655164484,2,0.22317105913327973,0.578302641511501,0.2001251845347526,0.4974002401149755,0.43942313409219225,0.5540319210925433,1-3,1-2,0.1850261057803083,0.3932765357311927,0.08092847039320872,0.16591928947613754,0.00392708577575416,True,False,False,False,予選,2026-10-03,1号艇のdominance,0.1623,1号艇のracer_win_te,0.0999,1号艇の勝率順位,0.0932,場特性:in_escape_diff,0.0665,1号艇の節間得点,0.0586,3号艇のwin_rate_rank_2to6,0.2136,3号艇のsession_exh_rel_avg,-0.1699,場特性:1x_diff_course3,0.0629,3号艇の当地勝率,0.0455,2号艇のvs_boat3_diff,0.0452,2号艇の全国勝率,-0.0915,2号艇のsession_exh_rel_avg,-0.0646,2号艇のwin_rate_rank_2to6,-0.0442,2号艇のモーター2連率,-0.0367,1号艇vs2号艇のplace_rate差,-0.0367,0.0586,北東 2.0m/s,[逃げ]1号艇のdominanceが有利(+16.2pt)、1号艇のracer_win_teが有利(+10.0pt) / [2着]3号艇のwin_rate_rank_2to6が有利(+21.4pt)、3号艇のsession_exh_rel_avgが不利(-17.0pt) / [候補2]2号艇の全国勝率が不利(-9.2pt)、2号艇のsession_exh_rel_avgが不利(-6.5pt) / [除外]6号艇のwin_rate_rank_2to6が不利(-8.8pt)、6号艇の直近平均着順が不利(-8.2pt)、天気+5.9pt
27,04,平和島,3,11:56,0.7063328565260949,2,0.4065394042641395,3,0.3309804088246593,0.5209344763236028,0.13706112684227845,0.6004586862465203,0.43525463672051656,0.544791739300478,1-2,1-3,0.2871521387043065,0.23378233761929632,0.09681077724119196,0.03691264743717481,0.05167496999624739,True,True,False,False,一般,2026-10-03,1号艇のdominance,0.2498,場特性:in_escape_diff,-0.1599,1号艇のsession_exh_rel_avg,-0.0835,1号艇の級別順位,0.0706,1号艇のsession_exh_rel_last,-0.0681,2号艇のwin_rate_rank_2to6,0.0931,2号艇のsession_exh_rel_avg,-0.0569,2号艇のclass_rank_2to6,-0.0507,2号艇のモーター2連率,0.0468,1号艇vs2号艇のcumulative差,-0.0458,3号艇のsession_exh_rel_avg,-0.1226,3号艇のwin_rate_rank_2to6,-0.0881,3号艇の節間得点,0.07,3号艇の当地勝率,-0.0502,3号艇のcumulative_diff_rank_2to6,0.0451,-0.0035,東 2.7m/s,[逃げ]1号艇のdominanceが有利(+25.0pt)、場特性:in_escape_diffが不利(-16.0pt) / [2着]2号艇のwin_rate_rank_2to6が有利(+9.3pt)、2号艇のsession_exh_rel_avgが不利(-5.7pt) / [候補2]3号艇のsession_exh_rel_avgが不利(-12.3pt)、3号艇のwin_rate_rank_2to6が不利(-8.8pt) / [除外]5号艇のracer_avgfin_teが不利(-5.5pt)、天気-0.3pt
28,09,津,5,12:25,0.751787398585943,2,0.4576124666097292,3,0.26728756507556006,0.5449707090555512,0.1678793729525536,0.5570206587327357,0.43518349995904587,0.5485856939587065,1-2,1-3,0.34402728583302505,0.20094342322252626,0.1262095970682396,0.045772620354243565,0.03483447910947441,True,True,False,False,５ールドレー,2026-10-03,1号艇のdominance,0.1592,1号艇のsession_exh_rel_avg,-0.119,風速区分,0.0759,1号艇のモーター2連率順位,0.0701,1号艇の勝率順位,0.066,2号艇のsession_exh_rel_avg,-0.0758,3号艇のracer_2nd_te,0.0648,second_best_win_rate,0.0585,2号艇のwin_rate_rank_2to6,0.0585,3号艇のモーター出走数,0.0583,3号艇のsession_exh_rel_avg,0.11,3号艇の全国勝率,-0.0888,3号艇のracer_avgfin_te,-0.0681,3号艇のwin_rate_rank_2to6,-0.0581,3号艇のracer_win_te,-0.0558,0.0562,南東 2.0m/s,[逃げ]1号艇のdominanceが有利(+15.9pt)、1号艇のsession_exh_rel_avgが不利(-11.9pt) / [2着]2号艇のsession_exh_rel_avgが不利(-7.6pt)、3号艇のracer_2nd_teが有利(+6.5pt) / [候補2]3号艇のsession_exh_rel_avgが有利(+11.0pt)、3号艇の全国勝率が不利(-8.9pt) / [除外]6号艇のwin_rate_rank_2to6が不利(-7.5pt)、5号艇のracer_avgfin_teが不利(-5.0pt)、天気+5.6pt
29,16,児島,7,13:51,0.7847660386750117,2,0.44297824079897175,3,0.23051287756694874,0.5285329570428269,0.14963350715778276,0.5238576112081377,0.4336294690298766,0.5271303532924201,1-2,1-3,0.3476342792510345,0.18089867779179233,0.11742729466526218,0.08907540455651683,0.049730376563443236,True,True,False,False,一般,2026-10-03,1号艇のdominance,0.2281,1号艇のracer_win_te,0.1158,1号艇の勝率順位,0.1032,1号艇の全国勝率,0.0886,1号艇の級別順位,0.0764,2号艇の全国勝率,0.0621,2号艇のclass_rank_2to6,-0.0621,2号艇のsession_exh_rel_avg,0.055,2号艇のwin_rate_rank_2to6,0.0525,1号艇のsession_rank_diff_last,0.0436,3号艇のsession_exh_rel_avg,-0.1157,3号艇の節間得点,-0.1127,3号艇の当地勝率,0.0977,3号艇のracer_avgfin_te,0.0666,3号艇のwin_rate_rank_2to6,-0.0641,0.0221,東 3.7m/s,[逃げ]1号艇のdominanceが有利(+22.8pt)、1号艇のracer_win_teが有利(+11.6pt) / [2着]2号艇の全国勝率が有利(+6.2pt)、2号艇のclass_rank_2to6が不利(-6.2pt) / [候補2]3号艇のsession_exh_rel_avgが不利(-11.6pt)、3号艇の節間得点が不利(-11.3pt) / [除外]std_234_全国勝率が不利(-5.8pt)、天気+2.2pt
30,19,下関,5,17:19,0.7298657856897381,3,0.4401888588486351,4,0.27491613081271293,0.5219306651298319,0.14156311037311803,0.5735418792882301,0.43326731110396477,0.5374140293773513,1-3,1-4,0.10332207077715891,0.3212787873154283,0.20065187781440355,0.09355376489363702,0.011059288287812767,True,False,False,False,シーモ戦,2026-10-03,1号艇のdominance,0.2619,1号艇の女子戦比率,-0.1688,1号艇のsession_exh_rel_avg,0.1279,1号艇の体重,-0.0845,場特性:in_escape_diff,0.0785,3号艇のwin_rate_rank_2to6,0.0686,3号艇のsession_exh_rel_avg,0.0624,2号艇のvs_boat3_diff,0.0571,2号艇の直近複勝率,0.0566,場特性:1x_diff_course3,0.0451,4号艇のclass_rank_2to6,0.2206,4号艇のwin_rate_rank_2to6,0.1885,2号艇の体重,0.1061,4号艇のsession_exh_rel_avg,-0.0948,4号艇の年齢,-0.0777,0.0284,南東 2.9m/s,[逃げ]1号艇のdominanceが有利(+26.2pt)、1号艇の女子戦比率が不利(-16.9pt) / [2着]3号艇のwin_rate_rank_2to6が有利(+6.9pt)、3号艇のsession_exh_rel_avgが有利(+6.2pt) / [候補2]4号艇のclass_rank_2to6が有利(+22.1pt)、4号艇のwin_rate_rank_2to6が有利(+18.8pt) / [除外]6号艇の直近平均着順が不利(-11.0pt)、6号艇のwin_rate_rank_2to6が不利(-8.7pt)、天気+2.8pt
31,23,唐津,12,14:12,0.6121144926937725,2,0.4820797224611002,3,0.32255864900989006,0.4925308085549085,0.10491169463679148,0.6997266768341988,0.43052411841131905,0.5546895690386956,1-2,1-3,0.29508798475223097,0.19744282380267747,0.06421796874024359,0.02971260888298199,0.02565310423533428,True,True,False,False,からっキー選,2026-10-03,1号艇のsession_exh_rel_avg,-0.1567,1号艇のdominance,0.1558,4号艇のモーター2連率,-0.095,1号艇の年齢,-0.0775,1号艇の級別順位,0.0643,2号艇のモーター2連率,0.1097,2号艇のsession_exh_rel_avg,0.0797,2号艇のwin_rate_rank_2to6,0.0705,1号艇の年齢,0.0704,2号艇の全国勝率,0.0486,3号艇のwin_rate_rank_2to6,0.135,3号艇のsession_exh_rel_avg,0.1276,3号艇の節間得点,0.0894,4号艇のsession_rank_diff_last,-0.0854,3号艇のclass_rank_2to6,0.0531,0.0715,北東 2.5m/s,[逃げ]1号艇のsession_exh_rel_avgが不利(-15.7pt)、1号艇のdominanceが有利(+15.6pt) / [2着]2号艇のモーター2連率が有利(+11.0pt)、2号艇のsession_exh_rel_avgが有利(+8.0pt) / [候補2]3号艇のwin_rate_rank_2to6が有利(+13.5pt)、3号艇のsession_exh_rel_avgが有利(+12.8pt) / [除外]5号艇のwin_rate_rank_2to6が不利(-5.3pt)、天気+7.2pt
32,18,徳山,5,10:34,0.8285726798187553,2,0.3480303604077868,5,0.30423371888584516,0.5404481961298377,0.1716032290498533,0.48066085024377864,0.4291570094217794,0.52251199236402,1-2,1-5,0.2883684483813671,0.14218574735938863,0.1291101033849209,0.2520797477484706,0.016828641432960843,False,False,True,False,予選,2026-10-03,場特性:in_escape_diff,0.1745,1号艇のsession_exh_rel_avg,0.1645,1号艇のracer_win_te,0.1201,1号艇の級別順位,0.0781,3号艇のracer_avgfin_te,-0.0735,2号艇のsession_exh_rel_avg,-0.1917,3号艇の全国勝率,-0.0684,win_rate_gap_top2_2to6,-0.058,場特性:1x_diff_course2,0.0491,2号艇のracer_avgfin_te,-0.0478,5号艇のwin_rate_rank_2to6,0.267,6号艇のracer_win_te,-0.1704,5号艇のsession_exh_rel_avg,-0.157,3号艇のracer_avgfin_te,0.1471,5号艇のclass_rank_2to6,0.1463,0.0386,東 2.4m/s,[逃げ]場特性:in_escape_diffが有利(+17.4pt)、1号艇のsession_exh_rel_avgが有利(+16.4pt) / [2着]2号艇のsession_exh_rel_avgが不利(-19.2pt)、3号艇の全国勝率が不利(-6.8pt) / [候補2]5号艇のwin_rate_rank_2to6が有利(+26.7pt)、6号艇のracer_win_teが不利(-17.0pt) / [除外]6号艇のvs_avg456_diffが不利(-11.5pt)、6号艇のwin_rate_rank_2to6が不利(-10.7pt)、天気+3.9pt
33,18,徳山,12,14:27,0.7220467120329801,2,0.37614996054622896,3,0.34320807486024374,0.5194101042397476,0.16465423482834513,0.5547038005781275,0.41678241630889973,0.5299982131412616,1-2,1-3,0.2715978422437398,0.2478122619960079,0.1188880488801128,0.05274790594966262,0.031000666412624975,True,True,False,False,ドリーム戦,2026-10-03,1号艇のdominance,0.2195,場特性:in_escape_diff,0.1821,1号艇のsession_exh_rel_avg,-0.1715,3号艇のsession_exh_rel_avg,-0.085,1号艇の勝率順位,0.0803,2号艇のsession_exh_rel_avg,0.1346,場特性:in_escape_diff,0.0681,場特性:1x_diff_course2,0.0674,2号艇の全国勝率,0.0499,4号艇の一般戦勝率,-0.0391,3号艇のsession_exh_rel_avg,0.116,3号艇のwin_rate_rank_2to6,-0.1044,3号艇のcumulative_diff_rank_2to6,0.0551,3号艇のsession_rank_diff_last,0.0522,場特性:1x_diff_course3,0.0441,0.1329,北東 2.6m/s,[逃げ]1号艇のdominanceが有利(+21.9pt)、場特性:in_escape_diffが有利(+18.2pt) / [2着]2号艇のsession_exh_rel_avgが有利(+13.5pt)、場特性:in_escape_diffが有利(+6.8pt) / [候補2]3号艇のsession_exh_rel_avgが有利(+11.6pt)、3号艇のwin_rate_rank_2to6が不利(-10.4pt)、天気+13.3pt
34,18,徳山,2,09:13,0.6670526446319851,4,0.5072128796564241,2,0.22584580455587033,0.48898873397425424,0.1352273447280847,0.5978313394842097,0.40963915625751085,0.5216415156272408,1-4,1-2,0.15065104120803174,0.09020375792743003,0.3383376927662225,0.06044699601227145,0.027413151748099916,False,False,True,False,狙いトク特選,2026-10-03,場特性:in_escape_diff,0.2169,1号艇の級別順位,0.0821,1号艇の年齢,0.0769,1号艇のdominance,0.0707,1号艇vs4号艇の枠別平均ST差,-0.0622,4号艇のwin_rate_rank_2to6,0.2414,4号艇のclass_rank_2to6,0.2057,4号艇の年齢,0.0764,4号艇の全国勝率,0.0739,win_rate_gap_top2_2to6,0.067,2号艇のwin_rate_rank_2to6,-0.1512,2号艇のsession_exh_rel_avg,-0.1072,2号艇の全国勝率,-0.0673,2号艇の当地勝率,-0.0444,1号艇vs2号艇のlocal_win_rate差,-0.0348,0.0054,北東 3.0m/s,[逃げ]場特性:in_escape_diffが有利(+21.7pt)、1号艇の級別順位が有利(+8.2pt) / [2着]4号艇のwin_rate_rank_2to6が有利(+24.1pt)、4号艇のclass_rank_2to6が有利(+20.6pt) / [候補2]2号艇のwin_rate_rank_2to6が不利(-15.1pt)、2号艇のsession_exh_rel_avgが不利(-10.7pt)、天気+0.5pt
35,04,平和島,11,16:06,0.6801203443464151,2,0.5038135747183154,4,0.20829087061137636,0.48431672056824293,0.13405199067154114,0.5780524546581507,0.40640837595902035,0.5124374407952152,1-2,1-4,0.342653861923819,0.09117148605585099,0.14166285864442388,0.0812886629257341,0.02334346212835851,True,False,False,False,選抜,2026-10-03,1号艇のsession_exh_rel_avg,0.1605,場特性:in_escape_diff,-0.1345,1号艇のracer_win_te,0.1074,1号艇のdominance,0.1068,1号艇の節間得点,0.1051,2号艇のsession_exh_rel_avg,-0.0929,6号艇の一般戦勝率,0.08,1号艇の年齢,0.0734,2号艇の全国勝率,0.0489,2号艇の節間得点,0.0468,4号艇のwin_rate_rank_2to6,0.1124,4号艇の節間得点,0.1042,4号艇のsession_exh_rel_avg,-0.0961,4号艇の年齢,-0.0701,4号艇のclass_rank_2to6,-0.0686,0.0406,北東 2.7m/s,[逃げ]1号艇のsession_exh_rel_avgが有利(+16.1pt)、場特性:in_escape_diffが不利(-13.5pt) / [2着]2号艇のsession_exh_rel_avgが不利(-9.3pt)、6号艇の一般戦勝率が有利(+8.0pt) / [候補2]4号艇のwin_rate_rank_2to6が有利(+11.2pt)、4号艇の節間得点が有利(+10.4pt) / [除外]6号艇のwin_rate_rank_2to6が不利(-6.9pt)、local_win_rateの分散(2-6号艇)が不利(-5.4pt)、天気+4.1pt
36,19,下関,11,20:16,0.7908685287794687,3,0.3922483653603206,2,0.2567980053611626,0.513310348322153,0.17598441984592209,0.47306195087556113,0.4049087997016943,0.5012358290881754,1-3,1-2,0.20309346069348477,0.3102168876286682,0.13918053921165272,0.12670567130567972,0.01167195962823119,False,False,False,False,予選特選,2026-10-03,1号艇のsession_exh_rel_avg,0.1158,1号艇のracer_win_te,0.0979,1号艇の級別順位,0.0871,場特性:in_escape_diff,0.0856,1号艇の体重,-0.0633,3号艇の当地勝率,0.095,3号艇のsession_exh_rel_avg,-0.059,3号艇の女子戦比率,-0.0568,場特性:1x_diff_course3,0.0504,6号艇のsession_rank_diff_last,0.0441,2号艇のwin_rate_rank_2to6,-0.1402,2号艇のsession_exh_rel_avg,-0.0663,2号艇のclass_rank_2to6,-0.0521,2号艇のsession_avg_finish,0.0514,3号艇の年齢,-0.0422,0.1111,北東 2.2m/s,[逃げ]1号艇のsession_exh_rel_avgが有利(+11.6pt)、1号艇のracer_win_teが有利(+9.8pt) / [2着]3号艇の当地勝率が有利(+9.5pt)、3号艇のsession_exh_rel_avgが不利(-5.9pt) / [候補2]2号艇のwin_rate_rank_2to6が不利(-14.0pt)、2号艇のsession_exh_rel_avgが不利(-6.6pt) / [除外]4号艇の女子戦2連率が不利(-15.4pt)、6号艇のsession_exh_rel_avgが不利(-9.6pt)、天気+11.1pt
37,11,琵琶湖,6,12:53,0.6197785875851107,2,0.5604241308664304,3,0.18340861332610486,0.46101160759520643,0.1134946441123357,0.6303381000801995,0.398224789592398,0.5118095553407044,1-2,1-3,0.3473388762770095,0.113672731318197,0.07034155022641822,0.04177260942120096,0.04665282726885061,True,True,False,False,予選,2026-10-03,1号艇のモーター2連率,0.0763,1号艇の勝率順位,-0.0738,1号艇のモーター2連率順位,0.0619,1号艇vs4号艇の枠別平均ST差,0.0539,1号艇の節間得点,-0.0487,2号艇の当地勝率,0.102,2号艇のclass_rank_2to6,0.0846,2号艇のwin_rate_rank_2to6,0.0727,2号艇の全国勝率,0.0609,2号艇のモーター2連率,-0.0405,3号艇のwin_rate_rank_2to6,-0.0974,3号艇の全国勝率,-0.0571,3号艇のracer_2nd_te,-0.0504,3号艇の年齢,-0.0437,1号艇vs4号艇の枠別平均ST差,-0.0399,0.0693,北東 2.1m/s,[逃げ]1号艇のモーター2連率が有利(+7.6pt)、1号艇の勝率順位が不利(-7.4pt) / [2着]2号艇の当地勝率が有利(+10.2pt)、2号艇のclass_rank_2to6が有利(+8.5pt) / [候補2]3号艇のwin_rate_rank_2to6が不利(-9.7pt)、3号艇の全国勝率が不利(-5.7pt) / [除外]5号艇のracer_avgfin_teが不利(-5.0pt)、天気+6.9pt
38,07,蒲郡,12,20:38,0.7447568125271753,3,0.3345729834169959,2,0.31784424710677983,0.4858921770426945,0.15460703599083686,0.4978101945329388,0.3957453578782474,0.4894675822897677,1-3,1-2,0.23671666835534522,0.24917550868734933,0.10681325475542834,0.11514464331880993,0.03690674434633081,False,False,False,False,一般戦,2026-10-03,1号艇のdominance,0.1454,race_no,0.1164,3号艇のracer_win_te,-0.0843,1号艇の勝率順位,0.0763,1号艇の級別順位,0.0722,3号艇のwin_rate_rank_2to6,0.1918,3号艇のclass_rank_2to6,0.0525,3号艇の当地勝率,0.0509,3号艇のsession_exh_rel_avg,-0.0442,場特性:1x_diff_course3,0.0399,2号艇のwin_rate_rank_2to6,-0.148,2号艇のsession_exh_rel_avg,0.1163,2号艇のclass_rank_2to6,-0.059,2号艇の全国勝率,0.0479,2号艇のracer_2nd_te,-0.0361,0.0725,東 3.8m/s,[逃げ]1号艇のdominanceが有利(+14.5pt)、race_noが有利(+11.6pt) / [2着]3号艇のwin_rate_rank_2to6が有利(+19.2pt)、3号艇のclass_rank_2to6が有利(+5.2pt) / [候補2]2号艇のwin_rate_rank_2to6が不利(-14.8pt)、2号艇のsession_exh_rel_avgが有利(+11.6pt) / [除外]6号艇のsession_exh_rel_avgが不利(-6.5pt)、3号艇のracer_win_teが不利(-5.7pt)、天気+7.3pt
39,16,児島,3,11:44,0.75208233347953,3,0.44493956157275594,4,0.21288219413326437,0.4947361210449851,0.17151461891536107,0.48630713679065923,0.3929107483273517,0.4922074257686873,1-3,1-4,0.1289931148197171,0.3346311837249973,0.1601049373199878,0.09915330983615107,0.029199775170914183,True,True,False,False,一般,2026-10-03,1号艇のracer_win_te,0.184,1号艇のdominance,0.1656,1号艇の全国勝率,0.1381,3号艇のracer_win_te,-0.1351,5号艇の節間得点,-0.1011,3号艇のwin_rate_rank_2to6,-0.0811,3号艇の当地勝率,0.0783,3号艇のracer_win_te,0.0624,3号艇の節間得点,0.0615,3号艇のsession_exh_rel_avg,-0.0533,4号艇の全国勝率,0.1888,4号艇のwin_rate_rank_2to6,0.1717,4号艇の節間得点,-0.0836,4号艇のclass_rank_2to6,-0.0826,4号艇のsession_exh_rel_avg,0.066,-0.0909,東 4.0m/s,[逃げ]1号艇のracer_win_teが有利(+18.4pt)、1号艇のdominanceが有利(+16.6pt) / [2着]3号艇のwin_rate_rank_2to6が不利(-8.1pt)、3号艇の当地勝率が有利(+7.8pt) / [候補2]4号艇の全国勝率が有利(+18.9pt)、4号艇のwin_rate_rank_2to6が有利(+17.2pt) / [除外]3号艇のracer_win_teが不利(-6.0pt)、天気-9.1pt
40,12,住之江,7,17:55,0.5321844335520778,2,0.7144833173577098,6,0.09180518383949662,0.4290941892891891,0.07793071278470337,0.728357788412503,0.38896665006149195,0.5188732690261832,1-2,1-6,0.38023689953042217,0.03853613064393195,0.04147351223963703,0.023080585518987725,0.048857289758766874,True,False,False,False,予選,2026-10-03,1号艇のdominance,-0.138,1号艇のracer_win_te,0.1013,1号艇のsession_exh_rel_avg,-0.096,風速区分,0.0796,1号艇の勝率順位,-0.071,2号艇のwin_rate_rank_2to6,0.2196,2号艇のclass_rank_2to6,0.1283,2号艇の節間得点,0.0687,2号艇のracer_2nd_te,0.0677,2号艇のracer_avgfin_te,0.0624,2号艇の直近1着率,-0.2485,4号艇のsession_rank_diff_last,0.1848,6号艇のwin_rate_rank_2to6,0.1799,6号艇のモーター2連率,0.1234,6号艇のvs_avg456_diff,0.1017,0.1093,北東 1.7m/s,[逃げ]1号艇のdominanceが不利(-13.8pt)、1号艇のracer_win_teが有利(+10.1pt) / [2着]2号艇のwin_rate_rank_2to6が有利(+22.0pt)、2号艇のclass_rank_2to6が有利(+12.8pt) / [候補2]2号艇の直近1着率が不利(-24.8pt)、4号艇のsession_rank_diff_lastが有利(+18.5pt) / [除外]5号艇のwin_rate_rank_2to6が不利(-5.6pt)、天気+10.9pt
41,19,下関,12,20:45,0.8018400083478717,3,0.41400642181349717,2,0.20096763297455988,0.49311080122498024,0.1782733946602149,0.4367006601278422,0.38762055745138546,0.47618775889583875,1-3,1-2,0.16114388850197311,0.3319669127230071,0.14294674026255016,0.06881643826226423,0.09696604652059797,False,False,False,False,シーボー特選,2026-10-03,1号艇の女子戦比率,-0.233,1号艇のdominance,0.1484,1号艇のvs_max234_diff,0.1165,race_no,0.1153,1号艇のracer_win_te,0.0853,3号艇の女子戦比率,-0.0845,3号艇のwin_rate_rank_2to6,0.0616,2号艇の女子戦比率,0.0502,場特性:1x_diff_course3,0.0499,3号艇のモーター2連率,0.0478,2号艇のwin_rate_rank_2to6,-0.1217,2号艇のsession_exh_rel_avg,0.0964,2号艇のclass_rank_2to6,-0.0637,2号艇のモーター2連率,-0.0531,2号艇の体重,-0.047,0.1049,北東 2.2m/s,[逃げ]1号艇の女子戦比率が不利(-23.3pt)、1号艇のdominanceが有利(+14.8pt) / [2着]3号艇の女子戦比率が不利(-8.5pt)、3号艇のwin_rate_rank_2to6が有利(+6.2pt) / [候補2]2号艇のwin_rate_rank_2to6が不利(-12.2pt)、2号艇のsession_exh_rel_avgが有利(+9.6pt) / [除外]5号艇のsession_exh_rel_avgが不利(-5.8pt)、天気+10.5pt
42,11,琵琶湖,7,13:18,0.5682719631190774,3,0.573231180072315,2,0.23408356054514,0.45877433250564986,0.1305704711323259,0.6767442694851291,0.38689147561923265,0.5241653135994936,1-3,1-2,0.13302312448489012,0.3257512080207598,0.07419953795574966,0.03204227351672598,0.0032558209933076176,True,True,False,False,予選,2026-10-03,1号艇の年齢,-0.095,6号艇の枠別出走数,-0.0844,風速区分,0.0836,ST差分(6-5),0.0595,場特性:in_escape_diff,-0.0591,3号艇のwin_rate_rank_2to6,0.2252,win_rate_gap_top2_2to6,0.0766,3号艇のモーター2連率,0.066,2号艇のvs_boat3_diff,0.0654,3号艇のclass_rank_2to6,0.048,2号艇の全国勝率,-0.0794,2号艇のracer_avgfin_te,-0.066,2号艇のモーター2連率,0.0658,2号艇のwin_rate_rank_2to6,-0.0626,2号艇の直近平均着順,-0.0567,0.0881,北東 1.9m/s,[逃げ]1号艇の年齢が不利(-9.5pt)、6号艇の枠別出走数が不利(-8.4pt) / [2着]3号艇のwin_rate_rank_2to6が有利(+22.5pt)、win_rate_gap_top2_2to6が有利(+7.7pt) / [候補2]2号艇の全国勝率が不利(-7.9pt)、2号艇のracer_avgfin_teが不利(-6.6pt) / [除外]6号艇の直近平均着順が不利(-16.1pt)、6号艇の全国勝率が不利(-12.2pt)、天気+8.8pt
43,04,平和島,12,16:40,0.7391857222944765,2,0.46296100855020583,3,0.2540154474202003,0.5299787594746186,0.22765656435515938,0.4893198916152468,0.3851949871987773,0.517781099116807,1-2,1-3,0.34221416749936323,0.1877645919752554,0.16828048195794748,0.02866593064269443,0.012260561922362,True,False,False,False,優勝戦,2026-10-03,1号艇のdominance,0.2209,1号艇のracer_win_te,0.1935,5号艇の枠別出走数,-0.1663,場特性:in_escape_diff,-0.1394,race_no,0.1339,2号艇のwin_rate_rank_2to6,0.1498,2号艇のsession_exh_rel_avg,0.117,2号艇の当地勝率,0.1063,2号艇のclass_rank_2to6,0.0799,1号艇の年齢,0.062,3号艇のsession_exh_rel_avg,0.1546,3号艇の年齢,-0.1046,3号艇の節間得点,0.0557,3号艇のcumulative_diff_rank_2to6,0.048,3号艇のwin_rate_rank_2to6,-0.0475,0.0538,北東 2.4m/s,[逃げ]1号艇のdominanceが有利(+22.1pt)、1号艇のracer_win_teが有利(+19.4pt) / [2着]2号艇のwin_rate_rank_2to6が有利(+15.0pt)、2号艇のsession_exh_rel_avgが有利(+11.7pt) / [候補2]3号艇のsession_exh_rel_avgが有利(+15.5pt)、3号艇の年齢が不利(-10.5pt) / [除外]6号艇のwin_rate_rank_2to6が不利(-7.0pt)、1号艇のsession_exh_rel_deltaが不利(-6.4pt)、天気+5.4pt
44,22,福岡,8,14:44,0.5107427573096811,2,0.6784708801981403,4,0.1711190399205807,0.43392189838394724,0.10605875301164766,0.7435311671070732,0.37869643984748924,0.526804679000885,1-2,1-4,0.34652408810672447,0.054168739949995375,0.08739781027722278,0.019829573967979228,0.0028225507157543885,True,True,False,False,予選,2026-10-03,1号艇のdominance,-0.2204,1号艇のvs_max234_diff,-0.0973,ST差分(4-3),-0.0812,1号艇のracer_win_te,0.0738,1号艇の勝率順位,-0.0624,2号艇のwin_rate_rank_2to6,0.2189,2号艇のclass_rank_2to6,0.1172,2号艇の当地勝率,0.099,2号艇のsession_exh_rel_avg,0.0984,2号艇の全国勝率,0.0632,4号艇のclass_rank_2to6,0.1178,2号艇のracer_avgfin_te,-0.1114,4号艇のwin_rate_rank_2to6,0.0785,4号艇の全国勝率,0.06,4号艇のsession_exh_rel_avg,-0.0498,0.0499,東 2.9m/s,[逃げ]1号艇のdominanceが不利(-22.0pt)、1号艇のvs_max234_diffが不利(-9.7pt) / [2着]2号艇のwin_rate_rank_2to6が有利(+21.9pt)、2号艇のclass_rank_2to6が有利(+11.7pt) / [候補2]4号艇のclass_rank_2to6が有利(+11.8pt)、2号艇のracer_avgfin_teが不利(-11.1pt) / [除外]6号艇のwin_rate_rank_2to6が不利(-8.5pt)、2号艇の直近1着率が不利(-6.3pt)、天気+5.0pt
45,07,蒲郡,9,19:04,0.7596298676404468,2,0.4052047589553873,3,0.27594378978682926,0.5174207819245324,0.2328893776001024,0.4482591711421142,0.37281861729281723,0.496672298689807,1-2,1-3,0.30780563741256,0.20961514451197238,0.17690972708123182,0.057595377909759694,0.007703974357779004,True,False,False,False,準優勝戦,2026-10-03,1号艇のsession_exh_rel_avg,0.1468,1号艇のdominance,0.0934,1号艇のracer_win_te,0.0928,1号艇の年齢,-0.0872,1号艇の級別順位,0.0858,2号艇の当地勝率,0.099,2号艇のclass_rank_2to6,0.0813,2号艇のwin_rate_rank_2to6,0.0769,2号艇の節間得点,0.0692,1号艇の年齢,0.0665,3号艇の当地勝率,0.1315,3号艇のwin_rate_rank_2to6,-0.0756,3号艇のモーター2連率,0.0733,4号艇のsession_rank_diff_last,-0.0692,3号艇のsession_exh_rel_avg,0.0632,0.0362,南東 2.4m/s,[逃げ]1号艇のsession_exh_rel_avgが有利(+14.7pt)、1号艇のdominanceが有利(+9.3pt) / [2着]2号艇の当地勝率が有利(+9.9pt)、2号艇のclass_rank_2to6が有利(+8.1pt) / [候補2]3号艇の当地勝率が有利(+13.2pt)、3号艇のwin_rate_rank_2to6が不利(-7.6pt) / [除外]1号艇vs4号艇のlocal_win_rate差が不利(-7.3pt)、6号艇のsession_exh_rel_avgが不利(-7.2pt)、天気+3.6pt
46,23,唐津,3,09:27,0.531067958082802,4,0.6931959897925166,2,0.1363054337128876,0.44052162720779264,0.13108074950244208,0.6984206740029621,0.37122894112807325,0.5178913412463435,1-4,1-2,0.07238744835749396,0.06961278598222519,0.3681341788502987,0.016743861535331986,0.004189692507470493,False,False,True,False,３ライズ戦,2026-10-03,1号艇のsession_exh_rel_avg,-0.1424,1号艇の年齢,-0.0997,1号艇のdominance,0.0973,5号艇の枠別出走数,-0.0844,1号艇のracer_win_te,0.0758,4号艇のwin_rate_rank_2to6,0.2381,4号艇のclass_rank_2to6,0.2193,4号艇の節間得点,0.1553,1号艇vs5号艇の勝率差,0.116,4号艇の年齢,-0.0944,2号艇のsession_exh_rel_avg,-0.1132,win_rate_gap_top2_2to6,-0.0748,2号艇の全国勝率,-0.0747,3号艇のracer_2nd_te,0.0668,2号艇の直近平均着順,-0.0534,-0.0026,北東 5.6m/s,[逃げ]1号艇のsession_exh_rel_avgが不利(-14.2pt)、1号艇の年齢が不利(-10.0pt) / [2着]4号艇のwin_rate_rank_2to6が有利(+23.8pt)、4号艇のclass_rank_2to6が有利(+21.9pt) / [候補2]2号艇のsession_exh_rel_avgが不利(-11.3pt)、win_rate_gap_top2_2to6が不利(-7.5pt) / [除外]5号艇の直近平均着順が不利(-14.0pt)、1号艇vs5号艇の勝率差が不利(-9.4pt)、天気影響ほぼなし
47,11,琵琶湖,9,14:22,0.6700592070508928,2,0.4500955476413422,3,0.2014839794050135,0.4365968612232769,0.13459257378554207,0.5169869532608136,0.36608162691280094,0.4607138888345379,1-2,1-3,0.3015906657496951,0.13500619547358178,0.07998479773804494,0.09018499326567911,0.06329255232772693,True,True,False,False,予選特賞,2026-10-03,3号艇の枠別出走数,-0.1055,1号艇のvs_max234_diff,0.0962,1号艇のsession_exh_rel_avg,-0.0691,場特性:in_escape_diff,-0.0644,1号艇の級別順位,0.0641,2号艇のclass_rank_2to6,0.0871,1号艇vs3号艇の枠別平均ST差,-0.0743,3号艇のracer_2nd_te,0.0702,2号艇のwin_rate_rank_2to6,0.0667,2号艇の全国勝率,-0.0658,3号艇のwin_rate_rank_2to6,-0.1201,3号艇の全国勝率,-0.1187,3号艇のracer_avgfin_te,-0.1105,3号艇のモーター2連率,0.0717,3号艇のracer_win_te,-0.0594,0.0798,北東 1.1m/s,[逃げ]3号艇の枠別出走数が不利(-10.6pt)、1号艇のvs_max234_diffが有利(+9.6pt) / [2着]2号艇のclass_rank_2to6が有利(+8.7pt)、1号艇vs3号艇の枠別平均ST差が不利(-7.4pt) / [候補2]3号艇のwin_rate_rank_2to6が不利(-12.0pt)、3号艇の全国勝率が不利(-11.9pt)、天気+8.0pt
48,12,住之江,12,20:30,0.7809872990501967,2,0.34738905395090447,3,0.2617629266352576,0.47573996002906455,0.19586084030545256,0.41329114028070946,0.36392536602325454,0.457005314104558,1-2,1-3,0.27130643896471995,0.20443352106434462,0.1529648286598573,0.04971404968663982,0.10256846794814599,False,False,False,False,予選特別Ａ戦,2026-10-03,1号艇のracer_win_te,0.187,race_no,0.1065,風速区分,0.0912,場特性:in_escape_diff,0.0693,1号艇の級別順位,0.0685,2号艇のsession_exh_rel_avg,0.0805,2号艇の全国勝率,0.0542,2号艇の当地勝率,-0.0428,2号艇のracer_avgfin_te,-0.0397,2号艇のモーター2連率,-0.0376,3号艇のwin_rate_rank_2to6,-0.139,3号艇のcumulative_diff_rank_2to6,-0.0725,3号艇の全国勝率,-0.0627,3号艇の当地勝率,-0.0522,3号艇のracer_2nd_te,0.0406,0.1267,北東 1.8m/s,[逃げ]1号艇のracer_win_teが有利(+18.7pt)、race_noが有利(+10.7pt) / [2着]2号艇のsession_exh_rel_avgが有利(+8.0pt)、2号艇の全国勝率が有利(+5.4pt) / [候補2]3号艇のwin_rate_rank_2to6が不利(-13.9pt)、3号艇のcumulative_diff_rank_2to6が不利(-7.2pt) / [除外]4号艇の一般戦2連率が不利(-6.3pt)、天気+12.7pt
49,09,津,9,14:25,0.5619372001214238,2,0.4055445098609596,3,0.3621244526841916,0.4313817474327404,0.143620566496379,0.6240483960487722,0.3570353983017547,0.4891817420175499,1-2,1-3,0.22789054639588277,0.2034912010368576,0.08070573901682798,0.03315576471606091,0.016693945815725766,True,True,False,False,予選特賞,2026-10-03,1号艇のsession_exh_rel_avg,0.147,風速区分,0.0601,1号艇のdominance,-0.0584,1号艇の節間得点,0.0503,場特性:in_escape_diff,0.0498,2号艇のwin_rate_rank_2to6,0.1841,2号艇のclass_rank_2to6,0.0971,2号艇のsession_exh_rel_avg,-0.0741,2号艇のracer_avgfin_te,0.0613,2号艇の全国勝率,0.0589,3号艇のsession_exh_rel_avg,-0.1119,3号艇のwin_rate_rank_2to6,0.0595,3号艇の節間得点,0.0528,4号艇のモーター出走数,-0.046,3号艇のcumulative_diff_rank_2to6,0.0374,0.0447,南 1.4m/s,[逃げ]1号艇のsession_exh_rel_avgが有利(+14.7pt)、風速区分が有利(+6.0pt) / [2着]2号艇のwin_rate_rank_2to6が有利(+18.4pt)、2号艇のclass_rank_2to6が有利(+9.7pt) / [候補2]3号艇のsession_exh_rel_avgが不利(-11.2pt)、3号艇のwin_rate_rank_2to6が有利(+5.9pt) / [除外]6号艇のwin_rate_rank_2to6が不利(-7.6pt)、6号艇のsession_exh_rel_avgが不利(-5.1pt)、天気+4.5pt
50,22,福岡,12,16:37,0.7141955151600092,2,0.45005438899814953,3,0.2515637756689683,0.5010925465600524,0.2409957318028973,0.4606224328642205,0.35617914860899175,0.48895151245130286,1-2,1-3,0.32142682620055657,0.17966572035949582,0.17211807082633365,0.02774826725700522,0.013236625195446645,True,False,False,False,福岡選抜,2026-10-03,1号艇のdominance,0.2418,1号艇のracer_win_te,0.1416,1号艇の枠別出走数,-0.1329,1号艇のsession_exh_rel_avg,-0.1222,race_no,0.1111,2号艇のsession_exh_rel_avg,0.1155,場特性:1x_diff_course2,0.0721,1号艇のsession_rank_diff_delta,0.0522,2号艇の全国勝率,0.0454,レース時間帯,-0.045,3号艇のwin_rate_rank_2to6,0.1637,3号艇の女子戦勝率,0.074,1号艇の直近1着率,0.061,場特性:1x_diff_course3,0.0525,1号艇vs5号艇のplace_rate差,0.0426,0.0741,東 1.6m/s,[逃げ]1号艇のdominanceが有利(+24.2pt)、1号艇のracer_win_teが有利(+14.2pt) / [2着]2号艇のsession_exh_rel_avgが有利(+11.5pt)、場特性:1x_diff_course2が有利(+7.2pt) / [候補2]3号艇のwin_rate_rank_2to6が有利(+16.4pt)、3号艇の女子戦勝率が有利(+7.4pt) / [除外]6号艇のwin_rate_rank_2to6が不利(-6.4pt)、6号艇のsession_exh_rel_avgが不利(-5.8pt)、天気+7.4pt
51,07,蒲郡,7,18:04,0.6856524191829427,3,0.42849040060321486,2,0.28360589207572146,0.4882505457665175,0.22606489065567537,0.4860314020232609,0.35579897827697954,0.4875848026435405,1-3,1-2,0.19445506599625498,0.29379547977026255,0.15500193917039123,0.027989833431287796,0.014410085489220374,True,False,False,False,一般戦,2026-10-03,1号艇のsession_exh_rel_avg,0.1504,1号艇の節間得点,0.0992,1号艇の級別順位,0.0826,6号艇のモーター2連率,-0.0811,1号艇のモーター2連率,0.0767,3号艇のwin_rate_rank_2to6,0.1686,3号艇の当地勝率,0.0789,2号艇の節間得点,0.0384,場特性:1x_diff_course3,0.0355,3号艇のclass_rank_2to6,0.0345,2号艇のsession_exh_rel_avg,0.0668,2号艇のclass_rank_2to6,-0.0545,2号艇のモーター2連率,0.0466,2号艇の全国勝率,0.0457,2号艇のcumulative_diff_rank_2to6,-0.0392,0.0101,南西 1.8m/s,[逃げ]1号艇のsession_exh_rel_avgが有利(+15.0pt)、1号艇の節間得点が有利(+9.9pt) / [2着]3号艇のwin_rate_rank_2to6が有利(+16.9pt)、3号艇の当地勝率が有利(+7.9pt) / [候補2]2号艇のsession_exh_rel_avgが有利(+6.7pt)、2号艇のclass_rank_2to6が不利(-5.5pt) / [除外]6号艇のwin_rate_rank_2to6が不利(-8.1pt)、天気+1.0pt
52,16,児島,1,10:43,0.7892403079514996,2,0.38322936629068943,4,0.22892136092661308,0.48313402846171827,0.22631627929796166,0.3858344479193409,0.3519247135932883,0.45394415429900503,1-2,1-4,0.30246006306732176,0.17861792996756085,0.18067396539439648,0.06839762076052835,0.05909071700109511,False,False,True,False,一般,2026-10-03,1号艇のdominance,0.1731,1号艇のsession_exh_rel_avg,0.1248,1号艇のracer_win_te,0.0978,1号艇の勝率順位,0.0799,1号艇の級別順位,0.0636,2号艇のwin_rate_rank_2to6,-0.1414,2号艇の全国勝率,0.0813,2号艇のracer_avgfin_te,0.0665,2号艇のclass_rank_2to6,-0.0497,2号艇の直近平均着順,-0.0441,4号艇のclass_rank_2to6,-0.0763,4号艇のwin_rate_rank_2to6,0.0757,3号艇の枠別平均ST,0.0702,4号艇の節間得点,-0.0641,4号艇のsession_exh_rel_avg,0.0572,0.0599,北東 3.9m/s,[逃げ]1号艇のdominanceが有利(+17.3pt)、1号艇のsession_exh_rel_avgが有利(+12.5pt) / [2着]2号艇のwin_rate_rank_2to6が不利(-14.1pt)、2号艇の全国勝率が有利(+8.1pt) / [候補2]4号艇のclass_rank_2to6が不利(-7.6pt)、4号艇のwin_rate_rank_2to6が有利(+7.6pt)、天気+6.0pt
53,13,尼崎,6,12:59,0.5691316673532816,4,0.5005412822735473,2,0.23200648039756738,0.4169161295849276,0.13357709980515825,0.5989706628659566,0.3500875926425922,0.47153248956923627,1-4,1-2,0.13204223502543397,0.07602295753232542,0.2848738945594936,0.06654174642842087,0.009650820556478477,True,True,False,False,昼どきピンク,2026-10-03,1号艇のdominance,0.1666,1号艇vs4号艇の枠別勝率差,-0.0882,1号艇の勝率順位,0.0798,1号艇のモーター2連率順位,-0.0684,1号艇vs4号艇の枠別平均ST差,-0.0662,4号艇のwin_rate_rank_2to6,0.1959,4号艇のclass_rank_2to6,0.177,4号艇の年齢,0.0629,4号艇のcumulative_diff_rank_2to6,0.0611,4号艇の節間得点,0.0491,2号艇のwin_rate_rank_2to6,-0.1301,2号艇の全国勝率,-0.0829,3号艇のracer_2nd_te,0.0645,3号艇のracer_win_te,0.0552,2号艇のモーター2連率,0.0524,0.062,北 2.9m/s,[逃げ]1号艇のdominanceが有利(+16.7pt)、1号艇vs4号艇の枠別勝率差が不利(-8.8pt) / [2着]4号艇のwin_rate_rank_2to6が有利(+19.6pt)、4号艇のclass_rank_2to6が有利(+17.7pt) / [候補2]2号艇のwin_rate_rank_2to6が不利(-13.0pt)、2号艇の全国勝率が不利(-8.3pt) / [除外]6号艇のvs_avg456_diffが不利(-5.4pt)、天気+6.2pt
54,16,児島,4,12:15,0.6367063797679042,2,0.38916293585381534,4,0.3007331031571643,0.43926120941489766,0.17080574210908628,0.5190902969018933,0.34922720519028205,0.46320993566099633,1-2,1-4,0.2477825240273319,0.1087531057018466,0.19147868538756577,0.07321969188580607,0.015472362091731444,True,True,False,False,一般,2026-10-03,1号艇のracer_win_te,0.1775,1号艇の級別順位,0.0733,4号艇のモーター2連率,-0.0655,1号艇の全国勝率,0.0638,1号艇の勝率順位,-0.058,2号艇の当地勝率,0.206,2号艇のwin_rate_rank_2to6,0.0808,2号艇のclass_rank_2to6,-0.0703,2号艇のsession_exh_rel_avg,0.0678,2号艇の全国勝率,0.0603,4号艇のwin_rate_rank_2to6,0.1955,4号艇の全国勝率,0.1514,4号艇のsession_exh_rel_avg,0.0945,2号艇のracer_avgfin_te,-0.0864,4号艇のcumulative_diff_rank_2to6,0.0609,-0.0667,東 4.0m/s,[逃げ]1号艇のracer_win_teが有利(+17.8pt)、1号艇の級別順位が有利(+7.3pt) / [2着]2号艇の当地勝率が有利(+20.6pt)、2号艇のwin_rate_rank_2to6が有利(+8.1pt) / [候補2]4号艇のwin_rate_rank_2to6が有利(+19.6pt)、4号艇の全国勝率が有利(+15.1pt) / [除外]6号艇のwin_rate_rank_2to6が不利(-7.3pt)、6号艇のsession_exh_rel_avgが不利(-5.2pt)、天気-6.7pt
55,02,戸田,7,13:56,0.7197921728314025,2,0.4248023791755474,3,0.20079873734161152,0.4503027869836372,0.1877367689549817,0.4378643475621772,0.3488567186479594,0.4465712551571992,1-2,1-3,0.3057694275307166,0.14453335945292065,0.13513145684645328,0.13116429390515574,0.003193627219441511,True,True,False,False,ウインウイン,2026-10-03,1号艇のdominance,0.3945,1号艇のvs_max234_diff,0.1547,場特性:in_escape_diff,-0.1523,2号艇のモーター2連率,-0.0848,1号艇の勝率順位,0.0844,2号艇のwin_rate_rank_2to6,0.0924,2号艇のモーター2連率,0.0805,3号艇の全国勝率,-0.0729,2号艇の直近平均着順,-0.0619,2号艇の全国勝率,-0.0426,3号艇の直近平均着順,-0.2243,3号艇のwin_rate_rank_2to6,-0.1044,3号艇のracer_avgfin_te,-0.0809,3号艇のモーター2連率,0.0686,場特性:1x_diff_course3,-0.0575,-0.0266,東 1.9m/s,[逃げ]1号艇のdominanceが有利(+39.5pt)、1号艇のvs_max234_diffが有利(+15.5pt) / [2着]2号艇のwin_rate_rank_2to6が有利(+9.2pt)、2号艇のモーター2連率が有利(+8.1pt) / [候補2]3号艇の直近平均着順が不利(-22.4pt)、3号艇のwin_rate_rank_2to6が不利(-10.4pt) / [除外]6号艇の全国勝率が不利(-17.8pt)、6号艇のracer_win_teが不利(-12.7pt)、天気-2.7pt
56,02,戸田,5,12:50,0.6960215021320206,4,0.34167492296890123,3,0.3334309360239544,0.46988819407433546,0.2193346209081639,0.45577123808469167,0.34621289537451616,0.46565310727744236,1-4,1-3,0.15266161231405753,0.23207510094867842,0.23781309312565707,0.07086274113228441,0.0026089641725960708,True,True,False,False,ウインウイン,2026-10-03,1号艇のdominance,0.2425,場特性:in_escape_diff,-0.1256,ST差分(6-5),0.1167,1号艇のvs_max234_diff,0.0847,1号艇の勝率順位,0.083,4号艇のwin_rate_rank_2to6,0.225,4号艇のclass_rank_2to6,0.2109,4号艇のcumulative_diff_rank_2to6,0.0527,場特性:1x_diff_course4,-0.0395,場×風向,0.0369,6号艇の年齢,0.1155,3号艇のwin_rate_rank_2to6,0.0659,3号艇の年齢,-0.0573,3号艇の全国勝率,-0.0508,1号艇の体重,0.0508,0.0882,東 1.6m/s,[逃げ]1号艇のdominanceが有利(+24.2pt)、場特性:in_escape_diffが不利(-12.6pt) / [2着]4号艇のwin_rate_rank_2to6が有利(+22.5pt)、4号艇のclass_rank_2to6が有利(+21.1pt) / [候補2]6号艇の年齢が有利(+11.6pt)、3号艇のwin_rate_rank_2to6が有利(+6.6pt) / [除外]6号艇の直近平均着順が不利(-26.3pt)、6号艇の全国勝率が不利(-14.5pt)、天気+8.8pt
57,22,福岡,10,15:38,0.5257367157119983,2,0.5685720991599176,3,0.2071803790136928,0.4078415600804376,0.13383965958425473,0.6419128185893557,0.342339109401865,0.478062937633113,1-2,1-3,0.2989192280578117,0.10892233202262587,0.042572203059157585,0.07036442306183796,0.004958543954664078,True,False,False,False,予選特賞,2026-10-03,1号艇の級別順位,-0.1131,1号艇のsession_exh_rel_avg,0.0994,1号艇のracer_win_te,0.0982,1号艇の勝率順位,-0.0953,1号艇vs2号艇のcumulative差,-0.0812,2号艇のwin_rate_rank_2to6,0.1873,2号艇のsession_exh_rel_avg,0.1316,2号艇のclass_rank_2to6,0.088,2号艇の全国勝率,0.0547,1号艇の女子戦2連率,0.044,3号艇のwin_rate_rank_2to6,-0.1056,6号艇のsession_rank_diff_delta,-0.062,3号艇の全国勝率,-0.0598,場特性:1x_diff_course3,0.0522,3号艇のcumulative_diff_rank_2to6,-0.0449,0.1288,北東 2.5m/s,[逃げ]1号艇の級別順位が不利(-11.3pt)、1号艇のsession_exh_rel_avgが有利(+9.9pt) / [2着]2号艇のwin_rate_rank_2to6が有利(+18.7pt)、2号艇のsession_exh_rel_avgが有利(+13.2pt) / [候補2]3号艇のwin_rate_rank_2to6が不利(-10.6pt)、6号艇のsession_rank_diff_deltaが不利(-6.2pt) / [除外]6号艇のwin_rate_rank_2to6が不利(-6.8pt)、天気+12.9pt
58,11,琵琶湖,12,16:01,0.7702760144680756,3,0.2933464428072822,2,0.2775212323188232,0.4397256775847927,0.1865008921407158,0.3843667829853897,0.3413146001846992,0.4231180092049718,1-3,1-2,0.213767948760812,0.22595772882398063,0.14365716389289102,0.1394996210131822,0.04739355484671146,True,False,False,False,浪乃音ドリー,2026-10-03,race_no,0.1352,風速区分,0.0998,レース時間帯,0.0808,場特性:in_escape_diff,-0.0667,1号艇の級別順位,0.0662,3号艇のwin_rate_rank_2to6,-0.1045,3号艇のcumulative_diff_rank_2to6,0.0475,avg_456_win_rate,-0.0469,3号艇のracer_2nd_te,0.0445,3号艇のracer_avgfin_te,0.0383,2号艇のwin_rate_rank_2to6,-0.1334,2号艇の全国勝率,0.0637,2号艇のracer_avgfin_te,0.0632,2号艇のclass_rank_2to6,-0.0476,2号艇のsession_exh_rel_avg,0.0469,0.2114,北東 0.9m/s,[逃げ]race_noが有利(+13.5pt)、風速区分が有利(+10.0pt) / [2着]3号艇のwin_rate_rank_2to6が不利(-10.5pt)、3号艇のcumulative_diff_rank_2to6が有利(+4.7pt) / [候補2]2号艇のwin_rate_rank_2to6が不利(-13.3pt)、2号艇の全国勝率が有利(+6.4pt) / [除外]2号艇のracer_2nd_teが不利(-6.9pt)、天気+21.1pt
59,16,児島,2,11:13,0.6918981852103964,2,0.35318796468697733,3,0.2662096951594451,0.428560116771306,0.1720359424905571,0.4473617173558653,0.34008682444816823,0.4342005969466738,1-2,1-3,0.24437011180507318,0.1841900049662329,0.11903135640017656,0.06557769159721354,0.07872900755409216,True,True,False,False,一般,2026-10-03,1号艇のdominance,0.1488,1号艇のracer_win_te,0.1127,1号艇の級別順位,0.0888,1号艇の全国勝率,0.0611,3号艇のracer_win_te,-0.0469,2号艇のsession_exh_rel_avg,-0.1168,2号艇の当地勝率,0.098,2号艇のwin_rate_rank_2to6,0.0692,2号艇のclass_rank_2to6,-0.0589,2号艇のsession_rank_diff_delta,-0.0564,3号艇のwin_rate_rank_2to6,-0.1059,2号艇の全国勝率,-0.0636,1号艇のracer_win_te,0.0597,3号艇のsession_exh_rel_avg,0.0544,3号艇のモーター2連率,-0.0352,0.0416,東 3.9m/s,[逃げ]1号艇のdominanceが有利(+14.9pt)、1号艇のracer_win_teが有利(+11.3pt) / [2着]2号艇のsession_exh_rel_avgが不利(-11.7pt)、2号艇の当地勝率が有利(+9.8pt) / [候補2]3号艇のwin_rate_rank_2to6が不利(-10.6pt)、2号艇の全国勝率が不利(-6.4pt) / [除外]2号艇のracer_2nd_teが不利(-5.4pt)、天気+4.2pt
60,23,唐津,1,08:35,0.5624814579337873,2,0.5392407082638957,4,0.17735653488347586,0.4030726620768662,0.13180478917445163,0.5847924539729199,0.33932037338043464,0.45758859964568227,1-2,1-4,0.30331289976152415,0.07413774997750103,0.09975976231534212,0.05317771462825189,0.03209331867872793,False,False,True,False,朝１戦,2026-10-03,1号艇のdominance,0.2252,1号艇の年齢,-0.1362,1号艇のsession_exh_rel_avg,-0.1292,1号艇の勝率順位,0.0988,1号艇のvs_max234_diff,0.0771,2号艇のwin_rate_rank_2to6,0.0589,2号艇のclass_rank_2to6,-0.0549,2号艇のモーター2連率,-0.0512,3号艇のracer_2nd_te,0.0483,3号艇のracer_avgfin_te,0.0459,5号艇の年齢,0.2245,1号艇の年齢,0.161,4号艇のwin_rate_rank_2to6,-0.1194,4号艇のsession_exh_rel_avg,-0.0977,4号艇のclass_rank_2to6,-0.0821,0.0008,北東 5.7m/s,[逃げ]1号艇のdominanceが有利(+22.5pt)、1号艇の年齢が不利(-13.6pt) / [2着]2号艇のwin_rate_rank_2to6が有利(+5.9pt)、2号艇のclass_rank_2to6が不利(-5.5pt) / [候補2]5号艇の年齢が有利(+22.5pt)、1号艇の年齢が有利(+16.1pt) / [除外]3号艇のracer_2nd_teが不利(-5.8pt)、天気影響ほぼなし
61,06,浜名湖,10,15:51,0.6864312317641612,2,0.4107824199038004,3,0.28358796593646746,0.476637519252891,0.24337580577631135,0.45099458006395654,0.33743507087921765,0.4689446374962106,1-2,1-3,0.2819738824816286,0.19466363677126236,0.16706075414062865,0.03224178952750005,0.010491175236030588,True,False,False,False,準優勝戦,2026-10-03,1号艇のdominance,0.1743,1号艇のsession_exh_rel_avg,0.1365,レース時間帯,0.0895,1号艇のvs_max234_frame_diff,0.0888,1号艇の勝率順位,0.0844,2号艇のwin_rate_rank_2to6,0.1307,2号艇のsession_exh_rel_avg,0.0958,2号艇の節間得点,0.0423,2号艇の全国勝率,0.0416,avg_entry_count,-0.0401,3号艇の当地勝率,0.0974,3号艇のsession_exh_rel_avg,0.0689,3号艇のモーター2連率,0.0645,3号艇の性別,-0.0483,3号艇のwin_rate_rank_2to6,-0.0453,0.0965,東 3.0m/s,[逃げ]1号艇のdominanceが有利(+17.4pt)、1号艇のsession_exh_rel_avgが有利(+13.7pt) / [2着]2号艇のwin_rate_rank_2to6が有利(+13.1pt)、2号艇のsession_exh_rel_avgが有利(+9.6pt) / [候補2]3号艇の当地勝率が有利(+9.7pt)、3号艇のsession_exh_rel_avgが有利(+6.9pt) / [除外]1号艇vs3号艇の枠別勝率差が不利(-8.0pt)、6号艇のwin_rate_rank_2to6が不利(-5.6pt)、天気+9.7pt
62,07,蒲郡,2,15:49,0.5696024119391019,2,0.36861353527402296,3,0.32817343055431003,0.396891536343547,0.12542486439979705,0.5713621014285359,0.3371554557907672,0.4492327058690436,1-2,1-3,0.2099631587654827,0.18692837757806435,0.06119963918206825,0.040068933256161704,0.0714423052792592,True,False,False,False,一般戦,2026-10-03,1号艇のdominance,-0.1074,1号艇の級別順位,-0.0759,1号艇のracer_win_te,-0.0723,1号艇の節間得点,0.0716,風速区分,0.0664,2号艇のwin_rate_rank_2to6,-0.1347,2号艇の節間得点,0.061,2号艇のclass_rank_2to6,-0.0482,2号艇のsession_exh_rel_avg,0.0409,2号艇のsession_avg_finish,0.0405,3号艇のsession_exh_rel_avg,-0.1151,3号艇のモーター2連率,0.0905,3号艇の年齢,-0.0683,3号艇のwin_rate_rank_2to6,0.0608,6号艇のracer_2nd_te,-0.0424,0.0203,南西 1.0m/s,[逃げ]1号艇のdominanceが不利(-10.7pt)、1号艇の級別順位が不利(-7.6pt) / [2着]2号艇のwin_rate_rank_2to6が不利(-13.5pt)、2号艇の節間得点が有利(+6.1pt) / [候補2]3号艇のsession_exh_rel_avgが不利(-11.5pt)、3号艇のモーター2連率が有利(+9.1pt)、天気+2.0pt
63,16,児島,5,12:47,0.6264188854891872,2,0.34763187657346517,3,0.31395893245234563,0.41443297723983813,0.15780315698380548,0.5037876520420053,0.33595437863986527,0.4412393796804882,1-2,1-3,0.21776317268366474,0.19666980455617336,0.059117846035133634,0.09885087772447068,0.05401718448974478,True,True,False,False,一般,2026-10-03,1号艇のsession_exh_rel_avg,-0.2816,3号艇の全国2連率,0.1122,1号艇の級別順位,0.0881,1号艇の節間得点,-0.0745,1号艇の勝率順位,-0.0671,2号艇の当地勝率,0.1067,2号艇の全国勝率,0.0787,6号艇のsession_exh_rel_last,-0.0708,2号艇のsession_exh_rel_avg,0.0639,2号艇のclass_rank_2to6,-0.0627,3号艇のwin_rate_rank_2to6,0.1799,3号艇のsession_exh_rel_avg,-0.1429,3号艇の全国勝率,0.133,3号艇の節間得点,-0.082,3号艇の当地勝率,0.0639,-0.0391,東 4.0m/s,[逃げ]1号艇のsession_exh_rel_avgが不利(-28.2pt)、3号艇の全国2連率が有利(+11.2pt) / [2着]2号艇の当地勝率が有利(+10.7pt)、2号艇の全国勝率が有利(+7.9pt) / [候補2]3号艇のwin_rate_rank_2to6が有利(+18.0pt)、3号艇のsession_exh_rel_avgが不利(-14.3pt) / [除外]6号艇のwin_rate_rank_2to6が不利(-6.5pt)、3号艇の女子戦2連率が不利(-5.4pt)、天気-3.9pt
64,16,児島,11,16:14,0.7019657771551839,2,0.39026833588214827,4,0.2694363761651666,0.4630901308852302,0.229178092133817,0.43052661991349783,0.33573399566649825,0.45332107759371043,1-2,1-4,0.27395501569657255,0.1608751775516572,0.18913511518865764,0.055810984261734364,0.022189506684285678,True,False,False,False,特別選抜戦,2026-10-03,1号艇のsession_exh_rel_avg,-0.1543,1号艇の節間得点,0.103,風速区分,-0.0831,1号艇のracer_win_te,0.083,1号艇の全国勝率,0.0727,2号艇のwin_rate_rank_2to6,0.1511,2号艇の当地勝率,0.0926,2号艇のsession_exh_rel_avg,0.0717,2号艇のclass_rank_2to6,-0.0678,1号艇vs2号艇のlocal_win_rate差,0.0556,4号艇の全国勝率,0.1437,2号艇のracer_avgfin_te,-0.0956,4号艇のwin_rate_rank_2to6,0.0859,4号艇のclass_rank_2to6,-0.0694,2号艇のsession_exh_rel_delta,0.0691,0.03,北東 5.2m/s,[逃げ]1号艇のsession_exh_rel_avgが不利(-15.4pt)、1号艇の節間得点が有利(+10.3pt) / [2着]2号艇のwin_rate_rank_2to6が有利(+15.1pt)、2号艇の当地勝率が有利(+9.3pt) / [候補2]4号艇の全国勝率が有利(+14.4pt)、2号艇のracer_avgfin_teが不利(-9.6pt) / [除外]6号艇のsession_exh_rel_avgが不利(-6.8pt)、6号艇のwin_rate_rank_2to6が不利(-5.6pt)、天気+3.0pt
65,09,津,1,10:30,0.5978179403240149,4,0.3921834204939834,2,0.29265599177935814,0.40940928689795797,0.15009781956220974,0.5347415927111319,0.3356675573716748,0.44700897864191014,1-4,1-2,0.17495500222901772,0.08612441660821539,0.23445428466894022,0.08973116933780587,0.012553054117763505,False,False,True,False,ツッキーレー,2026-10-03,1号艇のdominance,0.1741,1号艇のsession_exh_rel_avg,0.1665,1号艇vs4号艇のcumulative差,-0.1061,5号艇の枠別出走数,-0.0781,1号艇のvs_max234_diff,0.0751,1号艇のモーター出走数,0.1525,4号艇のwin_rate_rank_2to6,0.1138,4号艇のsession_exh_rel_avg,0.0809,4号艇のcumulative_diff_rank_2to6,0.0677,4号艇のclass_rank_2to6,0.0574,2号艇のsession_exh_rel_avg,-0.0947,2号艇の全国勝率,-0.0628,ST差分(6-5),0.0617,second_best_win_rate,0.0496,2号艇のsession_avg_finish,-0.0485,0.0894,北 1.1m/s,[逃げ]1号艇のdominanceが有利(+17.4pt)、1号艇のsession_exh_rel_avgが有利(+16.7pt) / [2着]1号艇のモーター出走数が有利(+15.3pt)、4号艇のwin_rate_rank_2to6が有利(+11.4pt) / [候補2]2号艇のsession_exh_rel_avgが不利(-9.5pt)、2号艇の全国勝率が不利(-6.3pt) / [除外]ST差分(6-5)が不利(-9.4pt)、5号艇の平均STが不利(-6.8pt)、天気+8.9pt
66,07,蒲郡,5,17:10,0.6398279493103038,2,0.442133667468659,5,0.23649833028160594,0.4342077194569067,0.1895545821523627,0.48907741559790224,0.3354404440621256,0.45066862829920534,1-2,1-5,0.2828894777775159,0.12128231958091774,0.06630864226678612,0.15131824167939087,0.018029266218034568,True,False,False,False,一般戦,2026-10-03,1号艇のracer_win_te,0.082,1号艇のvs_max234_diff,0.057,5号艇の節間得点,-0.0553,1号艇のモーター2連率順位,0.0516,1号艇のモーター2連率,0.0502,2号艇のclass_rank_2to6,0.0982,2号艇の当地勝率,0.0839,2号艇の全国勝率,0.0688,2号艇のwin_rate_rank_2to6,0.0658,2号艇のモーター2連率,0.0638,5号艇のwin_rate_rank_2to6,0.2587,5号艇のclass_rank_2to6,0.1893,5号艇のsession_exh_rel_avg,0.0571,1号艇vs5号艇のlocal_win_rate差,0.0523,5号艇のracer_win_te,0.0502,-0.0203,南西 2.1m/s,[逃げ]1号艇のracer_win_teが有利(+8.2pt)、1号艇のvs_max234_diffが有利(+5.7pt) / [2着]2号艇のclass_rank_2to6が有利(+9.8pt)、2号艇の当地勝率が有利(+8.4pt) / [候補2]5号艇のwin_rate_rank_2to6が有利(+25.9pt)、5号艇のclass_rank_2to6が有利(+18.9pt) / [除外]6号艇のwin_rate_rank_2to6が不利(-8.8pt)、天気-2.0pt
67,11,琵琶湖,11,15:24,0.6693888439349949,2,0.45314423191369924,3,0.1839146163371514,0.4264400859491962,0.17816823210202162,0.458890616148829,0.33526639449599327,0.436175245009086,1-2,1-3,0.30332969353652234,0.1231103924126739,0.1192638269127141,0.06548456883700735,0.058200367223412736,True,False,False,False,予選特選,2026-10-03,風速区分,0.0888,1号艇の級別順位,0.0746,ST差分(4-3),-0.0717,1号艇のracer_win_te,0.0712,1号艇のモーター2連率順位,0.0648,2号艇の当地勝率,0.1161,2号艇の全国勝率,0.0545,2号艇のsession_exh_rel_avg,0.0525,6号艇の当地2連率,-0.0416,2号艇のracer_avgfin_te,0.0355,3号艇のwin_rate_rank_2to6,-0.1282,3号艇の全国勝率,-0.0489,3号艇の全国2連率,-0.0423,3号艇のracer_win_te,-0.0414,3号艇のcumulative_diff_rank_2to6,0.0414,0.1643,北東 0.6m/s,[逃げ]風速区分が有利(+8.9pt)、1号艇の級別順位が有利(+7.5pt) / [2着]2号艇の当地勝率が有利(+11.6pt)、2号艇の全国勝率が有利(+5.5pt) / [候補2]3号艇のwin_rate_rank_2to6が不利(-12.8pt)、3号艇の全国勝率が不利(-4.9pt) / [除外]2号艇のracer_2nd_teが不利(-5.0pt)、天気+16.4pt
68,22,福岡,6,13:43,0.48232178747121224,3,0.5584716261150875,2,0.2338151369684502,0.38213716776023277,0.10442586290928556,0.6878609001742522,0.3342511635685455,0.47385428748443853,1-3,1-2,0.1127741348004492,0.26936303295978353,0.05036686885663037,0.01985763244765272,0.029960112117936023,True,True,False,False,予選,2026-10-03,1号艇の級別順位,-0.0806,1号艇のracer_win_te,-0.0787,1号艇のdominance,-0.0775,1号艇の勝率順位,-0.0618,1号艇の節間得点,-0.0522,3号艇のwin_rate_rank_2to6,0.1636,3号艇のsession_exh_rel_avg,0.0803,6号艇のracer_2nd_te,-0.0574,2号艇のvs_boat3_diff,0.0432,3号艇のracer_2nd_te,0.042,2号艇のwin_rate_rank_2to6,-0.1832,2号艇の全国勝率,-0.071,2号艇のsession_exh_rel_avg,0.0564,2号艇のclass_rank_2to6,-0.049,1号艇の体重,-0.048,0.0392,東 3.9m/s,[逃げ]1号艇の級別順位が不利(-8.1pt)、1号艇のracer_win_teが不利(-7.9pt) / [2着]3号艇のwin_rate_rank_2to6が有利(+16.4pt)、3号艇のsession_exh_rel_avgが有利(+8.0pt) / [候補2]2号艇のwin_rate_rank_2to6が不利(-18.3pt)、2号艇の全国勝率が不利(-7.1pt) / [除外]6号艇のsession_exh_rel_avgが不利(-8.0pt)、5号艇のracer_avgfin_teが不利(-6.1pt)、天気+3.9pt
69,13,尼崎,10,15:16,0.7029460428571355,5,0.31387025684956815,4,0.2751031074292789,0.4140164957680697,0.16476565622393413,0.4242077080549129,0.3321576562327581,0.4170738594541227,1-5,1-4,0.10267988166649084,0.11582136604137365,0.19338264074511302,0.22063385502295665,0.07042830985591363,True,False,False,False,予選特賞,2026-10-03,1号艇のdominance,0.213,1号艇の級別順位,-0.0952,5号艇のsession_exh_rel_avg,-0.0921,1号艇の勝率順位,0.081,1号艇の節間得点,0.0725,5号艇のwin_rate_rank_2to6,0.2076,5号艇のclass_rank_2to6,0.1641,5号艇のsession_exh_rel_avg,0.1293,5号艇のモーター2連率,0.0668,5号艇のcumulative_diff_rank_2to6,0.0533,4号艇のclass_rank_2to6,0.1445,4号艇のsession_exh_rel_avg,-0.1129,4号艇のwin_rate_rank_2to6,0.082,4号艇のモーター2連率,0.0805,1号艇vs2号艇のlocal_win_rate差,0.0367,0.0859,北 2.9m/s,[逃げ]1号艇のdominanceが有利(+21.3pt)、1号艇の級別順位が不利(-9.5pt) / [2着]5号艇のwin_rate_rank_2to6が有利(+20.8pt)、5号艇のclass_rank_2to6が有利(+16.4pt) / [候補2]4号艇のclass_rank_2to6が有利(+14.4pt)、4号艇のsession_exh_rel_avgが不利(-11.3pt) / [除外]2号艇のwin_rate_rank_2to6が不利(-5.6pt)、天気+8.6pt
70,18,徳山,9,12:41,0.6745437898925952,4,0.34508360061628063,5,0.28244732442049464,0.4232970884491125,0.18094353253630688,0.4465873925004684,0.33138564385353336,0.43028417966451926,1-4,1-5,0.11986767131229262,0.12205433619359456,0.23277399978948865,0.1905230886596238,0.00932469016828839,True,True,False,False,推しトク特賞,2026-10-03,場特性:in_escape_diff,0.1628,1号艇のsession_exh_rel_avg,0.1591,3号艇の枠別出走数,-0.118,5号艇のsession_exh_rel_avg,-0.0696,風速区分,0.0645,4号艇のsession_exh_rel_avg,0.1113,4号艇のwin_rate_rank_2to6,0.1038,4号艇の節間得点,0.1017,4号艇のclass_rank_2to6,0.1003,4号艇のcumulative_diff_rank_2to6,0.0575,5号艇のwin_rate_rank_2to6,0.2369,5号艇のclass_rank_2to6,0.146,3号艇のracer_avgfin_te,0.1433,5号艇のsession_exh_rel_avg,0.0887,3号艇の一般戦2連率,0.0787,0.0518,北東 1.8m/s,[逃げ]場特性:in_escape_diffが有利(+16.3pt)、1号艇のsession_exh_rel_avgが有利(+15.9pt) / [2着]4号艇のsession_exh_rel_avgが有利(+11.1pt)、4号艇のwin_rate_rank_2to6が有利(+10.4pt) / [候補2]5号艇のwin_rate_rank_2to6が有利(+23.7pt)、5号艇のclass_rank_2to6が有利(+14.6pt) / [除外]6号艇のwin_rate_rank_2to6が不利(-8.1pt)、4号艇の女子戦2連率が不利(-7.2pt)、天気+5.2pt
71,12,住之江,8,18:23,0.4865878586047933,3,0.5613387826951012,4,0.23469015338206314,0.38733801539323925,0.1307554808940431,0.6652734551831212,0.32656213322769456,0.47071864733020385,1-3,1-4,0.06362402944907239,0.2731406362234307,0.1141973791698086,0.02298927559296784,0.012636538622684051,True,False,False,False,予選,2026-10-03,1号艇のsession_exh_rel_avg,-0.1978,1号艇の勝率順位,-0.0895,1号艇のsession_exh_rel_last,-0.0719,3号艇のsession_exh_rel_avg,-0.0702,1号艇の節間得点,-0.0563,3号艇のwin_rate_rank_2to6,0.1891,3号艇のsession_exh_rel_avg,0.1197,風向(度),0.0725,1号艇vs2号艇のlocal_win_rate差,-0.0694,3号艇の全国勝率,0.0583,4号艇のclass_rank_2to6,0.1246,4号艇のwin_rate_rank_2to6,0.1018,4号艇のモーター2連率,0.0984,4号艇のsession_exh_rel_avg,0.0575,2号艇のsession_exh_rel_delta,0.0454,0.1033,北 2.0m/s,[逃げ]1号艇のsession_exh_rel_avgが不利(-19.8pt)、1号艇の勝率順位が不利(-8.9pt) / [2着]3号艇のwin_rate_rank_2to6が有利(+18.9pt)、3号艇のsession_exh_rel_avgが有利(+12.0pt) / [候補2]4号艇のclass_rank_2to6が有利(+12.5pt)、4号艇のwin_rate_rank_2to6が有利(+10.2pt) / [除外]2号艇のwin_rate_rank_2to6が不利(-6.6pt)、天気+10.3pt
72,19,下関,9,19:14,0.48073677083184596,3,0.5692329418599814,2,0.2064229982373122,0.37288633191891263,0.10604150205793399,0.6696144380393596,0.32543661983864686,0.46190476375504674,1-3,1-2,0.0992351255980333,0.27365120632087936,0.050978049273489735,0.027481695299197247,0.029390681804058155,True,False,False,False,予選,2026-10-03,1号艇のracer_win_te,-0.2659,1号艇の年齢,0.1683,1号艇の女子戦比率,-0.1103,1号艇のdominance,-0.1059,場特性:in_escape_diff,0.0917,3号艇のsession_exh_rel_avg,0.0857,3号艇のモーター2連率,0.0766,3号艇のwin_rate_rank_2to6,0.0609,6号艇の直近1着率,0.0554,3号艇のracer_2nd_te,0.0382,2号艇のwin_rate_rank_2to6,-0.1544,2号艇の全国勝率,-0.0801,2号艇の直近平均着順,-0.0715,2号艇のsession_exh_rel_avg,0.0652,2号艇のsession_avg_finish,0.0561,0.0753,北東 1.9m/s,[逃げ]1号艇のracer_win_teが不利(-26.6pt)、1号艇の年齢が有利(+16.8pt) / [2着]3号艇のsession_exh_rel_avgが有利(+8.6pt)、3号艇のモーター2連率が有利(+7.7pt) / [候補2]2号艇のwin_rate_rank_2to6が不利(-15.4pt)、2号艇の全国勝率が不利(-8.0pt)、天気+7.5pt
73,13,尼崎,12,16:22,0.8034177691824489,4,0.3227499490569081,2,0.2646537953513802,0.47193060594192443,0.26449352072431537,0.322910223683973,0.32214350093815747,0.427224491264539,1-4,1-2,0.21262756186687426,0.21249879438354127,0.25930304407505017,0.10675573933827727,0.012232625777500441,True,False,False,False,予選特選,2026-10-03,1号艇のdominance,0.2197,1号艇の年齢,0.1174,1号艇のsession_exh_rel_avg,0.1138,race_no,0.0844,1号艇の級別順位,0.0664,4号艇のwin_rate_rank_2to6,0.1571,4号艇のcumulative_diff_rank_2to6,0.0699,4号艇のsession_exh_rel_avg,0.0605,1号艇の枠別出走数,-0.0603,4号艇の節間得点,0.0493,2号艇のwin_rate_rank_2to6,-0.1022,2号艇のsession_exh_rel_avg,0.0676,2号艇のclass_rank_2to6,-0.0505,2号艇の直近平均着順,0.0361,レース時間帯,-0.0327,0.127,北東 2.9m/s,[逃げ]1号艇のdominanceが有利(+22.0pt)、1号艇の年齢が有利(+11.7pt) / [2着]4号艇のwin_rate_rank_2to6が有利(+15.7pt)、4号艇のcumulative_diff_rank_2to6が有利(+7.0pt) / [候補2]2号艇のwin_rate_rank_2to6が不利(-10.2pt)、2号艇のsession_exh_rel_avgが有利(+6.8pt) / [除外]6号艇のwin_rate_rank_2to6が不利(-7.6pt)、6号艇のsession_exh_rel_avgが不利(-5.9pt)、天気+12.7pt
74,22,福岡,2,11:40,0.6022849868567927,4,0.3880726416998509,2,0.27595841538141885,0.3999359364866947,0.17226570268334496,0.4917653543979248,0.3172616423340522,0.4274847618600637,1-4,1-2,0.16620561058101918,0.09024100799482823,0.2337303259056755,0.10375304647651457,0.00835500627580489,True,True,False,False,予選,2026-10-03,ST差分(4-3),-0.0885,1号艇のvs_max234_diff,0.0729,1号艇のlocal_win_rate順位,0.0714,1号艇のdominance,0.0692,1号艇の年齢,-0.0679,4号艇のwin_rate_rank_2to6,0.1275,2号艇の枠別出走数,0.074,4号艇のclass_rank_2to6,-0.0672,3号艇の年齢,0.0638,4号艇のsession_exh_rel_avg,-0.0551,2号艇の全国勝率,-0.0981,2号艇のsession_exh_rel_avg,0.0735,3号艇の全国勝率,-0.0678,2号艇のsession_avg_finish,-0.0611,2号艇のracer_avgfin_te,-0.0596,-0.0348,東 4.7m/s,[逃げ]ST差分(4-3)が不利(-8.8pt)、1号艇のvs_max234_diffが有利(+7.3pt) / [2着]4号艇のwin_rate_rank_2to6が有利(+12.7pt)、2号艇の枠別出走数が有利(+7.4pt) / [候補2]2号艇の全国勝率が不利(-9.8pt)、2号艇のsession_exh_rel_avgが有利(+7.4pt) / [除外]6号艇の全国勝率が不利(-14.2pt)、6号艇の直近平均着順が不利(-13.7pt)、天気-3.5pt
75,18,徳山,7,11:36,0.509151406293922,3,0.38083045336647137,2,0.3519028383177461,0.3730721858993939,0.13364124751114176,0.5990920441730758,0.3132427870970296,0.44087814338149844,1-3,1-2,0.1791718250083031,0.19390036089109078,0.06804362910917193,0.06679291493029685,0.0012426740434113674,True,True,False,False,予選,2026-10-03,場特性:in_escape_diff,0.1973,1号艇のdominance,-0.1016,1号艇のsession_exh_rel_avg,-0.0951,6号艇の枠別出走数,-0.0882,1号艇の級別順位,-0.0657,3号艇のwin_rate_rank_2to6,0.202,3号艇のsession_exh_rel_avg,-0.0575,3号艇のclass_rank_2to6,0.0572,場特性:1x_diff_course3,0.0473,local_win_rateの分散(2-6号艇),0.0403,2号艇のclass_rank_2to6,0.0764,2号艇の全国勝率,0.0599,2号艇のsession_exh_rel_avg,-0.0553,場特性:1x_diff_course2,0.0443,4号艇の一般戦2連率,0.0376,0.0326,東 2.5m/s,[逃げ]場特性:in_escape_diffが有利(+19.7pt)、1号艇のdominanceが不利(-10.2pt) / [2着]3号艇のwin_rate_rank_2to6が有利(+20.2pt)、3号艇のsession_exh_rel_avgが不利(-5.8pt) / [候補2]2号艇のclass_rank_2to6が有利(+7.6pt)、2号艇の全国勝率が有利(+6.0pt) / [除外]6号艇の直近平均着順が不利(-19.3pt)、6号艇の全国勝率が不利(-15.1pt)、天気+3.3pt
76,18,徳山,3,09:39,0.7301581946002089,4,0.31353954470374346,2,0.24565450054734178,0.40830011451172,0.20416590526425996,0.35502813998682536,0.30826695951317645,0.39231852215425156,1-4,1-2,0.1793666466150631,0.14907340878666933,0.2289334678966568,0.05355175477419614,0.11923290836746983,False,False,True,False,決めトク特賞,2026-10-03,場特性:in_escape_diff,0.1997,1号艇のdominance,0.1658,1号艇のracer_win_te,0.1049,1号艇vs3号艇のplace_rate差,0.074,3号艇の枠別出走数,-0.07,4号艇のclass_rank_2to6,0.1401,4号艇のwin_rate_rank_2to6,0.0694,4号艇の節間得点,-0.0521,6号艇の直近1着率,0.0518,4号艇の年齢,0.0517,3号艇のracer_2nd_te,0.0702,2号艇のclass_rank_2to6,-0.0653,2号艇のwin_rate_rank_2to6,-0.0539,2号艇のsession_exh_rel_avg,-0.0494,3号艇のracer_win_te,0.0416,0.0205,東 2.6m/s,[逃げ]場特性:in_escape_diffが有利(+20.0pt)、1号艇のdominanceが有利(+16.6pt) / [2着]4号艇のclass_rank_2to6が有利(+14.0pt)、4号艇のwin_rate_rank_2to6が有利(+6.9pt) / [候補2]3号艇のracer_2nd_teが有利(+7.0pt)、2号艇のclass_rank_2to6が不利(-6.5pt) / [除外]1号艇vs5号艇の枠別平均ST差が不利(-5.4pt)、天気+2.1pt
77,19,下関,2,15:55,0.5729780454875548,2,0.3746262557667578,3,0.3258746016825014,0.40137161216363276,0.1937548586221516,0.5067459988271076,0.3080503721999811,0.43298392816267517,1-2,1-3,0.21465261981755768,0.18671899234607509,0.11101728019703794,0.0135800167801794,0.04700912353964743,True,False,False,False,予選,2026-10-03,1号艇の女子戦比率,-0.1996,場特性:in_escape_diff,0.101,1号艇のsession_exh_rel_avg,-0.0889,1号艇のdominance,-0.0841,3号艇の女子戦2連率,0.0716,2号艇のwin_rate_rank_2to6,0.0804,2号艇のsession_exh_rel_avg,-0.0658,2号艇のracer_avgfin_te,-0.0616,2号艇のモーター2連率,-0.0413,2号艇の当地勝率,-0.0328,3号艇のsession_exh_rel_avg,-0.2158,3号艇のwin_rate_rank_2to6,0.1846,6号艇の女子戦比率,0.1119,3号艇の女子戦勝率,0.0542,3号艇のclass_rank_2to6,0.0522,0.0067,南東 3.5m/s,[逃げ]1号艇の女子戦比率が不利(-20.0pt)、場特性:in_escape_diffが有利(+10.1pt) / [2着]2号艇のwin_rate_rank_2to6が有利(+8.0pt)、2号艇のsession_exh_rel_avgが不利(-6.6pt) / [候補2]3号艇のsession_exh_rel_avgが不利(-21.6pt)、3号艇のwin_rate_rank_2to6が有利(+18.5pt) / [除外]5号艇のracer_win_teが不利(-8.7pt)、6号艇のwin_rate_rank_2to6が不利(-7.8pt)、天気+0.7pt
78,13,尼崎,11,15:47,0.6084877549384662,3,0.3938749576709569,2,0.24187075040572353,0.38684347861934476,0.1743629638712923,0.4613827442053881,0.30590206803572495,0.40920525829515775,1-3,1-2,0.14717538989966084,0.23966808871968398,0.10609772843045955,0.050123186528773074,0.06542335002592108,True,False,False,False,予選特選,2026-10-03,1号艇のracer_win_te,0.1069,1号艇の節間得点,0.1006,1号艇の年齢,-0.0802,1号艇のdominance,0.0782,4号艇のモーター2連率,-0.0609,3号艇のwin_rate_rank_2to6,0.1972,3号艇の年齢,-0.0775,3号艇の当地勝率,0.0734,6号艇のracer_2nd_te,-0.0678,3号艇の全国勝率,0.0438,2号艇のwin_rate_rank_2to6,-0.1295,2号艇のsession_exh_rel_avg,-0.0849,1号艇の年齢,0.0702,2号艇のsession_avg_finish,0.0562,1号艇vs2号艇のplace_rate差,-0.0561,0.0985,北 2.8m/s,[逃げ]1号艇のracer_win_teが有利(+10.7pt)、1号艇の節間得点が有利(+10.1pt) / [2着]3号艇のwin_rate_rank_2to6が有利(+19.7pt)、3号艇の年齢が不利(-7.7pt) / [候補2]2号艇のwin_rate_rank_2to6が不利(-12.9pt)、2号艇のsession_exh_rel_avgが不利(-8.5pt) / [除外]4号艇のwin_rate_rank_2to6が不利(-6.1pt)、天気+9.8pt
79,09,津,8,13:55,0.4140017386264482,2,0.4277602018981078,5,0.4031828896245634,0.34401188459002174,0.09421419327242506,0.7367288982502461,0.3051189219706911,0.461826988688089,1-2,1-5,0.17709346730101713,0.02181588763825449,0.03900483981807219,0.1669184172890046,0.009169124266684795,True,True,False,False,予選,2026-10-03,1号艇のdominance,-0.1979,5号艇の節間得点,-0.125,1号艇の級別順位,-0.1101,3号艇の枠別出走数,-0.0839,1号艇のvs_max234_diff,0.0709,2号艇のclass_rank_2to6,0.1192,win_rate_gap_top2_2to6,-0.089,2号艇のracer_avgfin_te,0.064,3号艇の全国勝率,-0.0508,2号艇の一般戦勝率,-0.05,5号艇のwin_rate_rank_2to6,0.2496,5号艇のclass_rank_2to6,0.1897,5号艇のsession_exh_rel_avg,0.1211,5号艇の節間得点,0.0924,2号艇のモーター出走数,-0.0633,0.0096,南東 1.6m/s,[逃げ]1号艇のdominanceが不利(-19.8pt)、5号艇の節間得点が不利(-12.5pt) / [2着]2号艇のclass_rank_2to6が有利(+11.9pt)、win_rate_gap_top2_2to6が不利(-8.9pt) / [候補2]5号艇のwin_rate_rank_2to6が有利(+25.0pt)、5号艇のclass_rank_2to6が有利(+19.0pt) / [除外]3号艇のwin_rate_rank_2to6が不利(-5.5pt)、天気+1.0pt
80,06,浜名湖,8,14:40,0.6456479170453745,2,0.3433037820277138,4,0.3338822769613916,0.43722376843848204,0.2621016347403359,0.41508442424876957,0.2997072910924146,0.4305819651815683,1-2,1-4,0.22165337177999267,0.16922537452428543,0.21557039665848932,0.028126266925395934,0.01107249873892043,True,True,False,False,ブレイクタイ,2026-10-03,1号艇のdominance,0.1663,1号艇vs4号艇のcumulative差,-0.084,1号艇の勝率順位,0.0825,ST差分(4-3),-0.0759,1号艇の年齢,0.0688,2号艇のモーター2連率,0.0797,2号艇のracer_avgfin_te,-0.0585,2号艇のwin_rate_rank_2to6,0.0516,2号艇の全国勝率,0.037,2号艇のsession_exh_rel_avg,0.0351,4号艇のwin_rate_rank_2to6,0.2132,4号艇のclass_rank_2to6,0.1983,4号艇のsession_exh_rel_avg,-0.0727,4号艇の年齢,-0.0702,4号艇の全国勝率,0.057,-0.0444,東 2.9m/s,[逃げ]1号艇のdominanceが有利(+16.6pt)、1号艇vs4号艇のcumulative差が不利(-8.4pt) / [2着]2号艇のモーター2連率が有利(+8.0pt)、2号艇のracer_avgfin_teが不利(-5.9pt) / [候補2]4号艇のwin_rate_rank_2to6が有利(+21.3pt)、4号艇のclass_rank_2to6が有利(+19.8pt)、天気-4.4pt
81,07,蒲郡,4,16:42,0.5895439151369601,3,0.4293294093055632,2,0.23927672878536943,0.3941726803347314,0.20041168612330001,0.4681944519676326,0.29937650654718256,0.4163792118246017,1-3,1-2,0.14106413948929125,0.25310854084544016,0.05659292363389618,0.11815149007632987,0.02062680681655814,True,False,False,False,一般戦,2026-10-03,6号艇のモーター2連率,-0.1092,1号艇の節間得点,0.0897,1号艇のsession_exh_rel_avg,-0.0862,1号艇のdominance,-0.0703,風速区分,0.0603,3号艇のwin_rate_rank_2to6,0.1637,3号艇の一般戦2連率,0.0824,3号艇のracer_avgfin_te,0.0676,3号艇の全国勝率,0.0555,3号艇の節間得点,0.0447,2号艇のwin_rate_rank_2to6,-0.1376,2号艇のsession_exh_rel_avg,0.0847,2号艇のclass_rank_2to6,-0.0614,2号艇の全国勝率,0.0536,6号艇の一般戦勝率,0.0467,0.0202,南西 1.9m/s,[逃げ]6号艇のモーター2連率が不利(-10.9pt)、1号艇の節間得点が有利(+9.0pt) / [2着]3号艇のwin_rate_rank_2to6が有利(+16.4pt)、3号艇の一般戦2連率が有利(+8.2pt) / [候補2]2号艇のwin_rate_rank_2to6が不利(-13.8pt)、2号艇のsession_exh_rel_avgが有利(+8.5pt) / [除外]3号艇のracer_avgfin_teが不利(-7.0pt)、3号艇のracer_win_teが不利(-6.0pt)、天気+2.0pt
82,02,戸田,11,15:57,0.5547091907445314,3,0.4818005294014001,2,0.16582933873594718,0.35924624005645556,0.14749575861831027,0.500134109519037,0.2956614840069725,0.40151260089523,1-3,1-2,0.09198705829191804,0.26725918176453745,0.08181725290141363,0.07303562533150022,0.04061008485387864,True,False,False,False,記者選抜戦,2026-10-03,場特性:in_escape_diff,-0.2034,1号艇の勝率順位,-0.0834,風速区分,0.0771,1号艇の節間得点,-0.0753,1号艇のモーター2連率順位,-0.0741,3号艇のモーター2連率,0.1135,3号艇の当地勝率,0.0952,6号艇のracer_2nd_te,-0.0777,3号艇のwin_rate_rank_2to6,0.0745,3号艇のracer_2nd_te,0.0448,2号艇のwin_rate_rank_2to6,-0.1763,2号艇の全国勝率,-0.0791,2号艇の直近平均着順,-0.0674,2号艇のモーター2連率,0.0477,2号艇の全国2連率,-0.046,0.1119,北東 0.6m/s,[逃げ]場特性:in_escape_diffが不利(-20.3pt)、1号艇の勝率順位が不利(-8.3pt) / [2着]3号艇のモーター2連率が有利(+11.3pt)、3号艇の当地勝率が有利(+9.5pt) / [候補2]2号艇のwin_rate_rank_2to6が不利(-17.6pt)、2号艇の全国勝率が不利(-7.9pt)、天気+11.2pt
83,19,下関,10,19:47,0.4698884049986115,3,0.4676716645299721,4,0.31216149565301077,0.36643455980340855,0.16105107256467374,0.6187820876183091,0.29561694514608494,0.4421388181478787,1-3,1-4,0.07567603161073018,0.2197534925090343,0.14668106729437422,0.01629185997171909,0.011485948361341546,True,False,False,False,予選特賞,2026-10-03,1号艇の年齢,-0.1023,場特性:in_escape_diff,0.0796,4号艇のsession_exh_rel_avg,-0.0788,1号艇の節間得点,-0.0766,レース時間帯,0.0702,3号艇の女子戦比率,-0.0696,3号艇のwin_rate_rank_2to6,0.0584,5号艇の一般戦2連率,0.0453,2号艇のvs_boat3_diff,0.0382,3号艇の全国勝率,0.0357,5号艇の女子戦比率,-0.2077,4号艇のwin_rate_rank_2to6,0.1808,4号艇のclass_rank_2to6,0.1795,1号艇の平均ST,0.095,4号艇のsession_exh_rel_avg,0.0889,0.146,北東 2.2m/s,[逃げ]1号艇の年齢が不利(-10.2pt)、場特性:in_escape_diffが有利(+8.0pt) / [2着]3号艇の女子戦比率が不利(-7.0pt)、3号艇のwin_rate_rank_2to6が有利(+5.8pt) / [候補2]5号艇の女子戦比率が不利(-20.8pt)、4号艇のwin_rate_rank_2to6が有利(+18.1pt) / [除外]6号艇のwin_rate_rank_2to6が不利(-9.0pt)、6号艇のvs_avg456_diffが不利(-7.0pt)、天気+14.6pt
84,09,津,6,12:54,0.37168326191439216,2,0.6682752192494326,3,0.18715364118962582,0.31794858918370056,0.05902473912887608,0.7964041213101823,0.295428390144146,0.46148524882164504,1-2,1-3,0.24838671334718468,0.06956187583651587,0.021693743402538795,0.021938507573066722,0.010102426255127275,True,True,False,False,予選,2026-10-03,1号艇のdominance,-0.2635,1号艇のracer_win_te,-0.1689,1号艇のvs_max234_diff,-0.1564,1号艇の級別順位,-0.0824,1号艇の全国勝率,-0.0819,2号艇のwin_rate_rank_2to6,0.1973,1号艇の女子戦2連率,0.1759,2号艇のclass_rank_2to6,0.0824,5号艇の年齢,0.0604,2号艇の全国勝率,0.0568,3号艇のwin_rate_rank_2to6,-0.0773,3号艇のsession_exh_rel_avg,-0.0551,3号艇のcumulative_diff_rank_2to6,-0.0498,3号艇の全国勝率,0.0377,3号艇のモーター2連率,-0.0341,0.0301,南東 2.1m/s,[逃げ]1号艇のdominanceが不利(-26.4pt)、1号艇のracer_win_teが不利(-16.9pt) / [2着]2号艇のwin_rate_rank_2to6が有利(+19.7pt)、1号艇の女子戦2連率が有利(+17.6pt) / [候補2]3号艇のwin_rate_rank_2to6が不利(-7.7pt)、3号艇のsession_exh_rel_avgが不利(-5.5pt) / [除外]1号艇の女子戦2連率が不利(-5.7pt)、4号艇のwin_rate_rank_2to6が不利(-5.1pt)、天気+3.0pt
85,16,児島,6,13:19,0.6980933727644529,2,0.35164532996023223,4,0.21717522462381117,0.3970898594473215,0.21662191990988366,0.3521986346741598,0.29386781817105195,0.38362249201537296,1-2,1-4,0.24548127440880746,0.1512223266846019,0.15160858503851402,0.11602070820236342,0.033760478430166135,True,True,False,False,一般,2026-10-03,1号艇のsession_exh_rel_avg,0.1638,1号艇の節間得点,0.0986,1号艇のdominance,0.0909,1号艇のracer_win_te,0.0805,1号艇の級別順位,0.0781,2号艇のwin_rate_rank_2to6,-0.1318,2号艇の全国勝率,0.0739,2号艇の節間得点,-0.0712,1号艇の年齢,0.058,1号艇vs6号艇のlocal_win_rate差,0.0569,4号艇のsession_exh_rel_avg,-0.1153,4号艇のwin_rate_rank_2to6,0.1038,4号艇の全国勝率,0.084,4号艇のclass_rank_2to6,-0.0811,場特性:1x_diff_course4,0.0517,0.0191,東 3.9m/s,[逃げ]1号艇のsession_exh_rel_avgが有利(+16.4pt)、1号艇の節間得点が有利(+9.9pt) / [2着]2号艇のwin_rate_rank_2to6が不利(-13.2pt)、2号艇の全国勝率が有利(+7.4pt) / [候補2]4号艇のsession_exh_rel_avgが不利(-11.5pt)、4号艇のwin_rate_rank_2to6が有利(+10.4pt) / [除外]1号艇vs4号艇のlocal_win_rate差が不利(-5.8pt)、天気+1.9pt
86,04,平和島,8,14:33,0.6044121375348765,2,0.3413943606612672,3,0.2493909173798165,0.3570777927249478,0.16191323083787268,0.42887204720321104,0.2876990498282847,0.3786160690684267,1-2,1-3,0.2063428952696291,0.15073489745531868,0.08105961552848796,0.06841240508393359,0.09786232194589652,True,True,False,False,一般,2026-10-03,場特性:in_escape_diff,-0.1608,1号艇のsession_exh_rel_avg,0.1078,1号艇のvs_max234_diff,0.0835,1号艇の級別順位,0.0811,1号艇の全国勝率,-0.0711,2号艇のwin_rate_rank_2to6,-0.1446,2号艇の全国勝率,-0.0904,2号艇の節間得点,-0.0721,2号艇のsession_exh_rel_avg,0.0664,6号艇のsession_rank_diff_delta,-0.0607,3号艇のsession_exh_rel_avg,-0.1313,3号艇の節間得点,-0.0774,3号艇の年齢,-0.0716,3号艇のwin_rate_rank_2to6,-0.069,3号艇のcumulative_diff_rank_2to6,-0.0432,-0.0788,東 4.1m/s,[逃げ]場特性:in_escape_diffが不利(-16.1pt)、1号艇のsession_exh_rel_avgが有利(+10.8pt) / [2着]2号艇のwin_rate_rank_2to6が不利(-14.5pt)、2号艇の全国勝率が不利(-9.0pt) / [候補2]3号艇のsession_exh_rel_avgが不利(-13.1pt)、3号艇の節間得点が不利(-7.7pt) / [除外]6号艇のsession_exh_rel_avgが不利(-6.0pt)、4号艇のwin_rate_rank_2to6が不利(-5.4pt)、天気-7.9pt
87,12,住之江,1,15:18,0.4742030223925481,3,0.487096264833108,2,0.2460452720955041,0.3476579326530657,0.15332697379756888,0.5798145631310432,0.2836915261765694,0.41730492179645895,1-3,1-2,0.11667541167308491,0.23098252097998084,0.07270811438911019,0.04161973686104735,0.01221724202241264,True,False,False,False,予選,2026-10-03,5号艇の枠別出走数,-0.0845,1号艇の直近1着率,-0.0724,1号艇のモーター2連率順位,-0.0651,1号艇の全国勝率,-0.0614,1号艇のdominance,-0.0598,3号艇のwin_rate_rank_2to6,0.0747,3号艇のモーター2連率,0.0629,3号艇のcumulative_diff_rank_2to6,0.0394,3号艇の節間得点,0.0351,場特性:1x_diff_course3,0.0347,2号艇のwin_rate_rank_2to6,-0.1594,2号艇の全国勝率,-0.064,ST差分(6-5),0.0541,2号艇のsession_exh_rel_avg,-0.0343,2号艇の当地勝率,-0.0339,0.0076,北東 2.1m/s,[逃げ]5号艇の枠別出走数が不利(-8.4pt)、1号艇の直近1着率が不利(-7.2pt) / [2着]3号艇のwin_rate_rank_2to6が有利(+7.5pt)、3号艇のモーター2連率が有利(+6.3pt) / [候補2]2号艇のwin_rate_rank_2to6が不利(-15.9pt)、2号艇の全国勝率が不利(-6.4pt) / [除外]ST差分(6-5)が不利(-7.3pt)、5号艇の平均STが不利(-5.1pt)、天気+0.8pt
88,07,蒲郡,3,16:15,0.43177595337191665,2,0.45112551514802485,3,0.3383799419370401,0.34088947142523474,0.14351141122517308,0.6459940458598918,0.28218363648598827,0.43242084375563183,1-2,1-3,0.19478514939343547,0.14610432203179927,0.061964776401498285,0.023413747926360827,0.005507951184859751,True,False,False,False,一般戦,2026-10-03,1号艇のdominance,-0.1788,1号艇のracer_win_te,-0.1316,ST差分(4-3),-0.0962,1号艇の節間得点,0.095,1号艇の全国勝率,-0.0802,2号艇のclass_rank_2to6,0.0886,2号艇のwin_rate_rank_2to6,0.0737,2号艇の節間得点,0.0564,2号艇の全国勝率,0.0488,2号艇のsession_exh_rel_avg,-0.0324,3号艇のwin_rate_rank_2to6,0.1522,3号艇のsession_exh_rel_avg,-0.1014,3号艇のracer_2nd_te,0.0408,3号艇の当地勝率,-0.0352,場特性:1x_diff_course3,0.0314,-0.0016,南西 1.5m/s,[逃げ]1号艇のdominanceが不利(-17.9pt)、1号艇のracer_win_teが不利(-13.2pt) / [2着]2号艇のclass_rank_2to6が有利(+8.9pt)、2号艇のwin_rate_rank_2to6が有利(+7.4pt) / [候補2]3号艇のwin_rate_rank_2to6が有利(+15.2pt)、3号艇のsession_exh_rel_avgが不利(-10.1pt) / [除外]1号艇vs6号艇のcumulative差が不利(-5.4pt)、6号艇のsession_exh_rel_avgが不利(-5.4pt)、天気影響ほぼなし
89,16,児島,9,15:06,0.6904650188330879,4,0.3053592993587617,2,0.28291775274076353,0.40618472585697213,0.25546219732417846,0.33281485477534684,0.2816669147526427,0.38417376453248453,1-4,1-2,0.1953448114743662,0.1763877108865809,0.2108399143826059,0.08263433342102831,0.02525825381287186,True,False,False,False,一般,2026-10-03,1号艇のsession_exh_rel_avg,0.1438,4号艇のsession_rank_diff_last,-0.0895,1号艇のracer_win_te,0.0812,1号艇の級別順位,0.0794,1号艇の勝率順位,-0.0757,6号艇の女子戦勝率,0.1521,4号艇のwin_rate_rank_2to6,0.1108,4号艇のsession_exh_rel_avg,0.102,4号艇のclass_rank_2to6,-0.0994,6号艇の節間得点,-0.0884,2号艇のwin_rate_rank_2to6,-0.1345,1号艇vs5号艇の直近複勝率差,0.0586,2号艇のclass_rank_2to6,-0.057,2号艇の全国勝率,0.0549,2号艇のsession_exh_rel_avg,0.0531,0.0117,東 3.8m/s,[逃げ]1号艇のsession_exh_rel_avgが有利(+14.4pt)、4号艇のsession_rank_diff_lastが不利(-9.0pt) / [2着]6号艇の女子戦勝率が有利(+15.2pt)、4号艇のwin_rate_rank_2to6が有利(+11.1pt) / [候補2]2号艇のwin_rate_rank_2to6が不利(-13.4pt)、1号艇vs5号艇の直近複勝率差が有利(+5.9pt) / [除外]4号艇の当地2連率が不利(-8.2pt)、6号艇のsession_exh_rel_avgが不利(-5.1pt)、天気+1.2pt
90,11,琵琶湖,1,10:29,0.6637717296503317,2,0.3152863359328932,4,0.3071505179590577,0.41315598710597107,0.266507691092847,0.3559291627991039,0.281024889284213,0.3959879398139109,1-2,1-4,0.20927815653729204,0.17690027108181536,0.20387783056867897,0.04079624432883568,0.03291923084282323,False,False,True,False,予選,2026-10-03,1号艇のdominance,0.1799,1号艇の級別順位,0.0889,1号艇のvs_max234_diff,0.0884,場特性:in_escape_diff,-0.0819,1号艇の年齢,-0.0763,2号艇のwin_rate_rank_2to6,0.1723,2号艇の全国勝率,-0.0711,5号艇のracer_2nd_te,-0.0581,ST差分(3-2),-0.056,3号艇の全国勝率,-0.046,4号艇のモーター2連率,0.1327,4号艇のwin_rate_rank_2to6,0.1184,second_best_win_rate,0.1114,4号艇のracer_2nd_te,-0.0758,4号艇のclass_rank_2to6,0.0683,0.0022,北東 2.3m/s,[逃げ]1号艇のdominanceが有利(+18.0pt)、1号艇の級別順位が有利(+8.9pt) / [2着]2号艇のwin_rate_rank_2to6が有利(+17.2pt)、2号艇の全国勝率が不利(-7.1pt) / [候補2]4号艇のモーター2連率が有利(+13.3pt)、4号艇のwin_rate_rank_2to6が有利(+11.8pt) / [除外]6号艇のwin_rate_rank_2to6が不利(-7.0pt)、天気影響ほぼなし
91,13,尼崎,3,11:34,0.5488049646350418,2,0.4149282983180391,3,0.2239674815269962,0.3506291758633321,0.17882254022733113,0.4600732396177042,0.27538869597649607,0.38346239498964374,1-2,1-3,0.22771471008450953,0.12291446577882252,0.07162575851833243,0.0981386978654088,0.02841132523236618,True,True,False,False,予選,2026-10-03,1号艇の女子戦比率,-0.1575,1号艇vs4号艇のcumulative差,-0.0823,1号艇の級別順位,0.0749,1号艇の全国勝率,-0.0696,1号艇の勝率順位,-0.0691,2号艇のclass_rank_2to6,0.0785,2号艇のwin_rate_rank_2to6,0.0625,2号艇の全国勝率,0.0522,2号艇のcumulative_diff_rank_2to6,-0.0469,2号艇のsession_exh_rel_avg,0.0426,3号艇のwin_rate_rank_2to6,-0.1367,3号艇のモーター2連率,0.119,3号艇の全国勝率,-0.0751,3号艇のracer_2nd_te,-0.0684,3号艇のcumulative_diff_rank_2to6,-0.0658,0.0263,北東 2.8m/s,[逃げ]1号艇の女子戦比率が不利(-15.8pt)、1号艇vs4号艇のcumulative差が不利(-8.2pt) / [2着]2号艇のclass_rank_2to6が有利(+7.9pt)、2号艇のwin_rate_rank_2to6が有利(+6.3pt) / [候補2]3号艇のwin_rate_rank_2to6が不利(-13.7pt)、3号艇のモーター2連率が有利(+11.9pt)、天気+2.6pt
92,06,浜名湖,9,15:11,0.581939911512313,2,0.369747287574623,3,0.23360087163201637,0.3511123743798287,0.18121789124638013,0.4221302679602593,0.2747589614890822,0.37241774245395787,1-2,1-3,0.21517070381309383,0.13594167056673478,0.07223073500857666,0.10545792359636641,0.053138874191751014,True,False,False,False,一般,2026-10-03,1号艇のvs_max234_frame_diff,0.1095,1号艇のsession_exh_rel_avg,-0.0826,3号艇の枠別出走数,-0.0697,場特性:in_escape_diff,-0.0676,second_best_frame_win_rate,-0.0663,2号艇のsession_exh_rel_avg,-0.1333,1号艇のframe_dominance,-0.0687,2号艇の全国勝率,0.0646,6号艇のsession_rank_diff_last,-0.0555,2号艇のcumulative_diff_rank_2to6,-0.0531,3号艇のwin_rate_rank_2to6,-0.143,3号艇の全国勝率,-0.0993,3号艇のracer_avgfin_te,-0.0738,3号艇のracer_2nd_te,-0.0586,2号艇の節間得点,0.0565,-0.0014,東 3.1m/s,[逃げ]1号艇のvs_max234_frame_diffが有利(+11.0pt)、1号艇のsession_exh_rel_avgが不利(-8.3pt) / [2着]2号艇のsession_exh_rel_avgが不利(-13.3pt)、1号艇のframe_dominanceが不利(-6.9pt) / [候補2]3号艇のwin_rate_rank_2to6が不利(-14.3pt)、3号艇の全国勝率が不利(-9.9pt) / [除外]6号艇のsession_exh_rel_avgが不利(-5.9pt)、4号艇のracer_avgfin_teが不利(-5.8pt)、天気影響ほぼなし
93,12,住之江,3,16:08,0.44630171215890485,2,0.4371217405280178,3,0.3134340907783793,0.3349743525828952,0.15069647817654547,0.5998593531298517,0.2743990063264424,0.41443985274698214,1-2,1-3,0.1950881812195349,0.1398861713633603,0.06725609622650928,0.029524241132088194,0.014547040506050064,True,False,False,False,予選,2026-10-03,1号艇のdominance,-0.2541,1号艇のracer_win_te,-0.1665,1号艇のsession_exh_rel_avg,0.1637,1号艇の節間得点,0.0882,1号艇の全国勝率,-0.0869,2号艇のwin_rate_rank_2to6,0.163,2号艇のclass_rank_2to6,0.1025,2号艇のsession_exh_rel_avg,-0.0986,2号艇の全国勝率,0.0536,2号艇のcumulative_diff_rank_2to6,0.0353,3号艇の節間得点,-0.0755,3号艇のwin_rate_rank_2to6,0.057,3号艇のcumulative_diff_rank_2to6,-0.051,場特性:1x_diff_course3,0.0457,3号艇の当地勝率,-0.0428,0.0461,北東 2.1m/s,[逃げ]1号艇のdominanceが不利(-25.4pt)、1号艇のracer_win_teが不利(-16.7pt) / [2着]2号艇のwin_rate_rank_2to6が有利(+16.3pt)、2号艇のclass_rank_2to6が有利(+10.3pt) / [候補2]3号艇の節間得点が不利(-7.6pt)、3号艇のwin_rate_rank_2to6が有利(+5.7pt) / [除外]6号艇のwin_rate_rank_2to6が不利(-8.2pt)、天気+4.6pt
94,02,戸田,10,15:26,0.5286359238748348,3,0.3499045210116196,2,0.2906086283328566,0.33859826045769725,0.1613675369215378,0.4791456124229384,0.27303173970252614,0.3807624660472696,1-3,1-2,0.15362616072473814,0.18497209973295908,0.06922783588622307,0.08530467696392366,0.035505152536313145,True,False,False,False,戸田特賞,2026-10-03,場特性:in_escape_diff,-0.1966,1号艇の勝率順位,-0.0803,レース時間帯,0.0728,1号艇の節間得点,-0.0713,1号艇のsession_exh_count,-0.0671,3号艇のモーター2連率,0.0592,3号艇のwin_rate_rank_2to6,0.0499,3号艇の枠別平均ST,-0.0455,4号艇のモーター2連率,-0.0336,3号艇のcumulative_diff_rank_2to6,0.0317,2号艇のwin_rate_rank_2to6,-0.1561,2号艇の全国勝率,0.0658,2号艇のモーター2連率,0.0502,2号艇のsession_exh_rel_avg,0.0482,2号艇のclass_rank_2to6,-0.0449,0.1201,東 0.9m/s,[逃げ]場特性:in_escape_diffが不利(-19.7pt)、1号艇の勝率順位が不利(-8.0pt) / [2着]3号艇のモーター2連率が有利(+5.9pt)、3号艇のwin_rate_rank_2to6が有利(+5.0pt) / [候補2]2号艇のwin_rate_rank_2to6が不利(-15.6pt)、2号艇の全国勝率が有利(+6.6pt) / [除外]4号艇のwin_rate_rank_2to6が不利(-5.4pt)、3号艇の女子戦2連率が不利(-5.1pt)、天気+12.0pt
95,23,唐津,9,12:31,0.3690292725864109,2,0.4910660385319249,3,0.3621289278291122,0.31485391781060085,0.12169050113725433,0.7315044652237828,0.26887624055852094,0.4398490820345554,1-2,1-3,0.18121774299132665,0.13363617481927417,0.04490735711535677,0.008357152323846026,0.0009108576233564711,True,True,False,False,予選,2026-10-03,1号艇の女子戦比率,-0.254,1号艇vs2号艇のcumulative差,-0.1116,1号艇のdominance,-0.1004,1号艇の級別順位,-0.0987,1号艇の体重,-0.0927,2号艇のclass_rank_2to6,0.1018,2号艇の節間得点,0.0878,2号艇のsession_exh_rel_avg,-0.0864,2号艇の当地勝率,0.0847,2号艇のwin_rate_rank_2to6,0.0706,3号艇のwin_rate_rank_2to6,0.1671,3号艇のsession_exh_rel_avg,0.0922,3号艇の全国勝率,0.0393,場特性:1x_diff_course3,-0.0304,3号艇のracer_avgfin_te,0.0292,0.0076,北東 4.2m/s,[逃げ]1号艇の女子戦比率が不利(-25.4pt)、1号艇vs2号艇のcumulative差が不利(-11.2pt) / [2着]2号艇のclass_rank_2to6が有利(+10.2pt)、2号艇の節間得点が有利(+8.8pt) / [候補2]3号艇のwin_rate_rank_2to6が有利(+16.7pt)、3号艇のsession_exh_rel_avgが有利(+9.2pt) / [除外]6号艇の全国勝率が不利(-17.8pt)、6号艇の直近平均着順が不利(-12.6pt)、天気+0.8pt
96,04,平和島,4,12:27,0.5643382952994134,2,0.3405669275601305,3,0.31822285440555564,0.37178030251518757,0.23702345257005752,0.42176632939562864,0.26603552143555936,0.3867761105793199,1-2,1-3,0.19219495933464287,0.1795853431805447,0.04732475872550456,0.13376141116936763,0.011471823414934624,True,True,False,False,一般,2026-10-03,1号艇のsession_exh_rel_avg,-0.1571,1号艇のdominance,0.1528,場特性:in_escape_diff,-0.1435,1号艇のracer_win_te,0.137,6号艇の年齢,-0.1315,2号艇のsession_exh_rel_avg,-0.1245,2号艇の節間得点,0.0719,2号艇のwin_rate_rank_2to6,-0.055,2号艇のclass_rank_2to6,-0.0501,1号艇の年齢,0.0422,3号艇のsession_exh_rel_avg,0.1212,5号艇のsession_exh_rel_avg,-0.1131,3号艇の節間得点,0.0678,3号艇の一般戦2連率,0.0583,3号艇のcumulative_diff_rank_2to6,0.0446,-0.0041,東 2.8m/s,[逃げ]1号艇のsession_exh_rel_avgが不利(-15.7pt)、1号艇のdominanceが有利(+15.3pt) / [2着]2号艇のsession_exh_rel_avgが不利(-12.5pt)、2号艇の節間得点が有利(+7.2pt) / [候補2]3号艇のsession_exh_rel_avgが有利(+12.1pt)、5号艇のsession_exh_rel_avgが不利(-11.3pt) / [除外]6号艇のwin_rate_rank_2to6が不利(-7.7pt)、6号艇のvs_avg456_diffが不利(-6.7pt)、天気-0.4pt
97,11,琵琶湖,10,14:52,0.5638416196601399,2,0.3982701664274415,3,0.26099364219644644,0.3717203736378055,0.2375366947306737,0.42172711389321427,0.2657636989362351,0.3867223957144281,1-2,1-3,0.22456129570076208,0.1471590779370434,0.1339330746856593,0.0504620926086258,0.007726070063595227,True,True,False,False,予選特賞,2026-10-03,1号艇のdominance,0.1501,1号艇vs4号艇の枠別平均ST差,-0.0837,1号艇の勝率順位,0.0803,1号艇のモーター2連率順位,-0.0787,4号艇のモーター2連率,-0.0755,2号艇のwin_rate_rank_2to6,0.0759,2号艇のclass_rank_2to6,0.0656,2号艇の全国勝率,0.038,2号艇のモーター2連率,-0.0353,レース時間帯,-0.0333,3号艇のwin_rate_rank_2to6,-0.101,3号艇のcumulative_diff_rank_2to6,0.0556,3号艇のモーター2連率,0.0526,3号艇の年齢,-0.0498,3号艇の全国勝率,-0.0457,0.0999,東 0.8m/s,[逃げ]1号艇のdominanceが有利(+15.0pt)、1号艇vs4号艇の枠別平均ST差が不利(-8.4pt) / [2着]2号艇のwin_rate_rank_2to6が有利(+7.6pt)、2号艇のclass_rank_2to6が有利(+6.6pt) / [候補2]3号艇のwin_rate_rank_2to6が不利(-10.1pt)、3号艇のcumulative_diff_rank_2to6が有利(+5.6pt) / [除外]6号艇のwin_rate_rank_2to6が不利(-8.0pt)、2号艇のracer_2nd_teが不利(-5.2pt)、天気+10.0pt
98,02,戸田,12,16:30,0.5143681715488363,3,0.34017349585806256,2,0.28599240773815116,0.32207981091900934,0.15169774440663447,0.47446815918957924,0.2634492739166145,0.3677963154001803,1-3,1-2,0.14710539184512206,0.17497441907388728,0.07802849141852328,0.06802549981562567,0.04623437706036107,True,False,False,False,戸田選抜戦,2026-10-03,1号艇の女子戦比率,-0.2671,場特性:in_escape_diff,-0.1978,1号艇のracer_win_te,0.1773,race_no,0.1143,レース時間帯,0.084,3号艇の当地勝率,0.1064,3号艇の年齢,-0.0701,3号艇のwin_rate_rank_2to6,0.0697,3号艇のracer_2nd_te,0.0407,3号艇のcumulative_diff_rank_2to6,0.0387,2号艇のwin_rate_rank_2to6,-0.1482,2号艇の全国勝率,0.0623,2号艇のモーター2連率,-0.0468,2号艇のclass_rank_2to6,-0.0454,2号艇のsession_exh_rel_avg,0.0434,0.141,北 0.7m/s,[逃げ]1号艇の女子戦比率が不利(-26.7pt)、場特性:in_escape_diffが不利(-19.8pt) / [2着]3号艇の当地勝率が有利(+10.6pt)、3号艇の年齢が不利(-7.0pt) / [候補2]2号艇のwin_rate_rank_2to6が不利(-14.8pt)、2号艇の全国勝率が有利(+6.2pt)、天気+14.1pt
99,02,戸田,1,10:47,0.3548395722914919,2,0.5109573567997021,3,0.31768687594445166,0.29403576512874696,0.09042453376198806,0.7382196989821657,0.2621301087634073,0.4272909452847725,1-2,1-3,0.1813078899459975,0.11272787518274947,0.03208620288476141,0.019337632034847257,0.00937996893843518,False,False,True,False,予選,2026-10-03,場特性:in_escape_diff,-0.1849,1号艇の年齢,-0.1216,1号艇のracer_win_te,-0.0891,1号艇の全国勝率,-0.0693,1号艇の節間得点,-0.0691,2号艇のwin_rate_rank_2to6,0.1515,2号艇の全国勝率,0.0493,2号艇のclass_rank_2to6,-0.0419,1号艇vs2号艇の枠別勝率差,0.0343,1号艇vs2号艇の枠別平均ST差,0.0323,3号艇のwin_rate_rank_2to6,0.1405,場特性:1x_diff_course3,-0.0335,3号艇のcumulative_diff_rank_2to6,0.033,3号艇のclass_rank_2to6,-0.0322,5号艇の直近平均着順,-0.0254,0.0074,北東 1.4m/s,[逃げ]場特性:in_escape_diffが不利(-18.5pt)、1号艇の年齢が不利(-12.2pt) / [2着]2号艇のwin_rate_rank_2to6が有利(+15.2pt)、2号艇の全国勝率が有利(+4.9pt) / [候補2]3号艇のwin_rate_rank_2to6が有利(+14.0pt)、場特性:1x_diff_course3が不利(-3.4pt) / [除外]win_rate_gap_top2_2to6が不利(-11.1pt)、6号艇のwin_rate_rank_2to6が不利(-7.2pt)、天気+0.7pt
100,13,尼崎,2,11:11,0.49088116378560853,3,0.4358604889969224,5,0.21862168383493175,0.32127297067663435,0.15806381576581702,0.49641835706603715,0.26033501269955245,0.3738165865934552,1-3,1-5,0.07759054983551827,0.2139557040869737,0.07490766781512855,0.10731726658966066,0.017109967229290562,True,True,False,False,予選,2026-10-03,1号艇のsession_exh_rel_avg,-0.1005,1号艇の年齢,-0.0993,1号艇の級別順位,-0.0812,6号艇の枠別出走数,-0.0715,1号艇のvs_max234_diff,0.0597,3号艇のモーター2連率,0.0446,3号艇のwin_rate_rank_2to6,0.0419,3号艇の年齢,-0.037,3号艇のcumulative_diff_rank_2to6,0.0369,6号艇の一般戦勝率,0.0324,5号艇のwin_rate_rank_2to6,0.196,5号艇のclass_rank_2to6,0.1544,5号艇のsession_exh_rel_avg,0.104,5号艇のracer_avgfin_te,0.0549,mean_234_全国勝率,0.052,0.0238,北東 2.8m/s,[逃げ]1号艇のsession_exh_rel_avgが不利(-10.0pt)、1号艇の年齢が不利(-9.9pt) / [2着]3号艇のモーター2連率が有利(+4.5pt)、3号艇のwin_rate_rank_2to6が有利(+4.2pt) / [候補2]5号艇のwin_rate_rank_2to6が有利(+19.6pt)、5号艇のclass_rank_2to6が有利(+15.4pt) / [除外]6号艇のsession_exh_rel_avgが不利(-6.6pt)、2号艇のwin_rate_rank_2to6が不利(-5.5pt)、天気+2.4pt
101,02,戸田,6,13:25,0.43210441716035614,4,0.44491366708723956,3,0.304498154787183,0.323824158504128,0.16626052754793266,0.5831512943264899,0.25921714799333395,0.4016222992508366,1-4,1-3,0.07184190835287278,0.13157499770071962,0.19224916080340837,0.024177245901450317,0.012261094743618646,True,True,False,False,予選,2026-10-03,場特性:in_escape_diff,-0.1878,1号艇の女子戦比率,-0.1398,1号艇のdominance,-0.1178,5号艇の平均ST,0.0855,5号艇の枠別出走数,-0.0774,4号艇のclass_rank_2to6,0.203,6号艇の女子戦勝率,0.1751,1号艇vs5号艇の勝率差,0.1674,4号艇のwin_rate_rank_2to6,0.1214,4号艇のracer_win_te,0.0795,3号艇のwin_rate_rank_2to6,-0.094,3号艇のモーター2連率,0.0865,6号艇の直近1着率,0.0701,6号艇のracer_2nd_te,-0.0697,3号艇の全国勝率,0.0444,0.027,東 1.9m/s,[逃げ]場特性:in_escape_diffが不利(-18.8pt)、1号艇の女子戦比率が不利(-14.0pt) / [2着]4号艇のclass_rank_2to6が有利(+20.3pt)、6号艇の女子戦勝率が有利(+17.5pt) / [候補2]3号艇のwin_rate_rank_2to6が不利(-9.4pt)、3号艇のモーター2連率が有利(+8.6pt) / [除外]5号艇の直近平均着順が不利(-24.2pt)、6号艇の女子戦2連率が不利(-8.4pt)、天気+2.7pt
102,18,徳山,10,13:12,0.48135287430852114,3,0.4552832651478463,2,0.20570663533471356,0.31816938848618354,0.15848832645857053,0.5025015740239893,0.25765802779235714,0.37346904414752524,1-3,1-2,0.09901748018269917,0.21915190830348436,0.04851228204226771,0.03838239946760651,0.07628881148518016,True,True,False,False,予選,2026-10-03,場特性:in_escape_diff,0.2011,1号艇のdominance,-0.1461,1号艇の年齢,0.1119,1号艇のracer_win_te,-0.0907,1号艇のsession_exh_rel_avg,-0.0846,5号艇の一般戦2連率,0.0609,5号艇のsession_exh_rel_avg,-0.048,3号艇のwin_rate_rank_2to6,0.0479,3号艇のsession_exh_rel_avg,0.0347,3号艇の全国勝率,0.0344,2号艇のsession_exh_rel_avg,-0.0952,2号艇の全国勝率,-0.0722,2号艇のracer_avgfin_te,-0.0669,2号艇のwin_rate_rank_2to6,-0.0617,2号艇の直近平均着順,-0.0557,0.1391,北東 1.7m/s,[逃げ]場特性:in_escape_diffが有利(+20.1pt)、1号艇のdominanceが不利(-14.6pt) / [2着]5号艇の一般戦2連率が有利(+6.1pt)、5号艇のsession_exh_rel_avgが不利(-4.8pt) / [候補2]2号艇のsession_exh_rel_avgが不利(-9.5pt)、2号艇の全国勝率が不利(-7.2pt)、天気+13.9pt
103,04,平和島,10,15:32,0.5399346428294731,2,0.3580537635808042,3,0.29196472767514126,0.3509675019088319,0.2323245614002088,0.41769392985573667,0.25312145677279635,0.3709854302929033,1-2,1-3,0.19332563095275013,0.1576418709560818,0.12544007908013574,0.03923539971848599,0.02429165910489953,True,False,False,False,選抜,2026-10-03,場特性:in_escape_diff,-0.1198,1号艇の節間得点,0.0909,レース時間帯,0.081,1号艇の級別順位,-0.0776,1号艇のsession_exh_rel_avg,-0.0726,2号艇のsession_exh_rel_avg,-0.0798,2号艇のwin_rate_rank_2to6,0.0702,レース時間帯,-0.0566,2号艇の節間得点,0.044,2号艇の全国勝率,0.0394,3号艇のsession_exh_rel_avg,0.0824,3号艇のcumulative_diff_rank_2to6,-0.0637,3号艇のwin_rate_rank_2to6,-0.063,3号艇の節間得点,0.0396,3号艇のracer_avgfin_te,0.0371,0.0335,東 3.0m/s,[逃げ]場特性:in_escape_diffが不利(-12.0pt)、1号艇の節間得点が有利(+9.1pt) / [2着]2号艇のsession_exh_rel_avgが不利(-8.0pt)、2号艇のwin_rate_rank_2to6が有利(+7.0pt) / [候補2]3号艇のsession_exh_rel_avgが有利(+8.2pt)、3号艇のcumulative_diff_rank_2to6が不利(-6.4pt) / [除外]6号艇のwin_rate_rank_2to6が不利(-5.6pt)、天気+3.4pt
104,22,福岡,9,15:09,0.49059417809338574,2,0.36994658728168983,5,0.27930023592985276,0.31851671161320844,0.1790816014123816,0.470165221799161,0.25006813226244956,0.36401126466899414,1-2,1-5,0.1814936419259136,0.08785639105655466,0.061561601970530296,0.13702306968729483,0.022659467970275102,True,False,False,False,予選特賞,2026-10-03,1号艇のdominance,-0.1667,1号艇の節間得点,0.0862,1号艇の勝率順位,-0.0655,5号艇のsession_exh_rel_avg,-0.0646,4号艇のsession_exh_rel_avg,-0.0595,5号艇のsession_rank_diff_last,-0.0793,2号艇の全国勝率,0.0619,2号艇のsession_exh_rel_avg,0.0561,2号艇のwin_rate_rank_2to6,0.046,2号艇のcumulative_diff_rank_2to6,-0.0354,5号艇のwin_rate_rank_2to6,0.2886,5号艇のclass_rank_2to6,0.1846,5号艇のsession_exh_rel_avg,0.1145,1号艇vs5号艇のlocal_win_rate差,0.0594,5号艇のracer_avgfin_te,0.0574,0.0665,北東 2.5m/s,[逃げ]1号艇のdominanceが不利(-16.7pt)、1号艇の節間得点が有利(+8.6pt) / [2着]5号艇のsession_rank_diff_lastが不利(-7.9pt)、2号艇の全国勝率が有利(+6.2pt) / [候補2]5号艇のwin_rate_rank_2to6が有利(+28.9pt)、5号艇のclass_rank_2to6が有利(+18.5pt)、天気+6.7pt
105,06,浜名湖,5,13:08,0.537781977130348,4,0.334164497656343,2,0.26966257385128634,0.3247273163602009,0.20227117730607025,0.401555894201559,0.24590774445985863,0.3477758897126083,1-4,1-2,0.14501967212380326,0.10877779364814165,0.17970764423639768,0.0591679203640104,0.045108950764783065,True,True,False,False,一般,2026-10-03,1号艇のdominance,0.1629,1号艇のsession_exh_rel_avg,-0.1603,1号艇vs4号艇の枠別平均ST差,-0.095,4号艇のsession_exh_rel_avg,-0.0869,1号艇の級別順位,0.0627,4号艇のsession_exh_rel_avg,0.1011,4号艇のwin_rate_rank_2to6,-0.0745,4号艇のモーター2連率,0.0562,4号艇の年齢,-0.0515,4号艇のclass_rank_2to6,0.0461,3号艇の全国勝率,-0.0682,ST差分(3-2),-0.0679,2号艇のsession_exh_rel_avg,-0.0645,2号艇のwin_rate_rank_2to6,0.0607,5号艇のracer_2nd_te,-0.0458,-0.0143,南東 2.7m/s,[逃げ]1号艇のdominanceが有利(+16.3pt)、1号艇のsession_exh_rel_avgが不利(-16.0pt) / [2着]4号艇のsession_exh_rel_avgが有利(+10.1pt)、4号艇のwin_rate_rank_2to6が不利(-7.4pt) / [候補2]3号艇の全国勝率が不利(-6.8pt)、ST差分(3-2)が不利(-6.8pt)、天気-1.4pt
106,06,浜名湖,7,14:08,0.4519113046272526,2,0.4427578612102332,3,0.20273891110332548,0.29170728850890093,0.13678576633799866,0.5087110059755601,0.24382560250281732,0.35680840374889866,1-2,1-3,0.20008728269348852,0.09162000581541241,0.06181503412024351,0.04691658634930299,0.051472393965304356,True,True,False,False,一般,2026-10-03,1号艇のdominance,-0.0933,1号艇の級別順位,-0.0718,1号艇の節間得点,-0.0621,ST差分(4-3),-0.0602,1号艇の全国勝率,-0.0554,2号艇のwin_rate_rank_2to6,0.1654,2号艇のclass_rank_2to6,0.0968,4号艇のモーター出走数,-0.0657,2号艇のsession_exh_rel_avg,-0.0621,2号艇の全国勝率,0.0621,3号艇のwin_rate_rank_2to6,-0.1203,3号艇の全国勝率,-0.0832,3号艇のsession_exh_rel_avg,0.0639,3号艇の年齢,-0.0609,3号艇のracer_2nd_te,-0.0609,0.0045,南東 2.5m/s,[逃げ]1号艇のdominanceが不利(-9.3pt)、1号艇の級別順位が不利(-7.2pt) / [2着]2号艇のwin_rate_rank_2to6が有利(+16.5pt)、2号艇のclass_rank_2to6が有利(+9.7pt) / [候補2]3号艇のwin_rate_rank_2to6が不利(-12.0pt)、3号艇の全国勝率が不利(-8.3pt)、天気+0.5pt
107,09,津,2,10:59,0.5485876581741691,3,0.2966201737828253,4,0.274470956054804,0.31329354552166544,0.19000836483063144,0.3810827650069979,0.24185947236579025,0.3336303113672652,1-3,1-4,0.10423624389593926,0.1627221665027352,0.1505713790189302,0.09550123436110015,0.03555663439546429,False,False,True,False,予選,2026-10-03,1号艇のdominance,0.1448,1号艇のracer_win_te,-0.1272,1号艇のsession_exh_rel_avg,-0.1149,風速区分,0.0932,5号艇の女子戦2連率,0.0807,3号艇のsession_exh_rel_avg,-0.1402,5号艇の女子戦2連率,0.0798,3号艇の全国勝率,-0.0643,3号艇のwin_rate_rank_2to6,-0.0587,3号艇のracer_avgfin_te,-0.054,4号艇のwin_rate_rank_2to6,0.166,4号艇のsession_exh_rel_avg,0.0863,4号艇の節間得点,-0.056,4号艇のclass_rank_2to6,0.0543,4号艇の全国勝率,-0.0449,0.0186,東 1.1m/s,[逃げ]1号艇のdominanceが有利(+14.5pt)、1号艇のracer_win_teが不利(-12.7pt) / [2着]3号艇のsession_exh_rel_avgが不利(-14.0pt)、5号艇の女子戦2連率が有利(+8.0pt) / [候補2]4号艇のwin_rate_rank_2to6が有利(+16.6pt)、4号艇のsession_exh_rel_avgが有利(+8.6pt) / [除外]2号艇のwin_rate_rank_2to6が不利(-6.9pt)、6号艇のwin_rate_rank_2to6が不利(-6.6pt)、天気+1.9pt
108,19,下関,7,18:13,0.36986019575870266,2,0.5903431048861107,6,0.1518733163942143,0.27451631087006473,0.10214637522994832,0.6400700460503768,0.240867295553815,0.3841824314241583,1-2,1-6,0.21834441633797727,0.03777987833859058,0.029347383076368673,0.028216623473678638,0.05617189453208749,True,False,False,False,ふく～る特賞,2026-10-03,1号艇のracer_win_te,-0.2556,1号艇のdominance,-0.2266,1号艇の年齢,0.1261,1号艇のsession_exh_rel_avg,0.1261,1号艇の直近1着率,-0.0897,2号艇のsession_exh_rel_avg,0.0665,2号艇のclass_rank_2to6,0.0638,2号艇の節間得点,0.0634,3号艇の全国勝率,-0.0629,3号艇の直近平均着順,0.0489,6号艇のwin_rate_rank_2to6,0.3058,6号艇のsession_exh_rel_avg,-0.1759,6号艇のclass_rank_2to6,0.1375,4号艇のracer_win_te,0.1206,6号艇の女子戦比率,-0.1173,0.0417,南東 2.0m/s,[逃げ]1号艇のracer_win_teが不利(-25.6pt)、1号艇のdominanceが不利(-22.7pt) / [2着]2号艇のsession_exh_rel_avgが有利(+6.7pt)、2号艇のclass_rank_2to6が有利(+6.4pt) / [候補2]6号艇のwin_rate_rank_2to6が有利(+30.6pt)、6号艇のsession_exh_rel_avgが不利(-17.6pt) / [除外]4号艇のwin_rate_rank_2to6が不利(-5.3pt)、5号艇のracer_avgfin_teが不利(-5.2pt)、天気+4.2pt
109,11,琵琶湖,2,10:58,0.26790684794970404,2,0.6152382932712701,3,0.31074211218117354,0.24807649168795312,0.04880849137586734,0.8771719140765764,0.23354660452182488,0.43680511840454006,1-2,1-3,0.1648265518882616,0.08324993979969153,0.013076129077688932,0.006086702663689889,0.0006675230233259383,False,False,True,False,予選,2026-10-03,1号艇のdominance,-0.3603,1号艇のvs_max234_diff,-0.1694,6号艇の枠別出走数,-0.1152,1号艇のracer_win_te,-0.1046,1号艇の全国勝率,-0.0985,2号艇のwin_rate_rank_2to6,0.2278,2号艇のclass_rank_2to6,0.0917,2号艇の当地勝率,0.0899,2号艇のracer_avgfin_te,0.0762,2号艇のracer_2nd_te,0.0535,3号艇のwin_rate_rank_2to6,0.0594,6号艇の直近平均着順,0.0416,3号艇のcumulative_diff_rank_2to6,0.0406,1号艇のvs_max234_diff,-0.0406,場特性:1x_diff_course3,-0.0396,0.0594,北東 2.2m/s,[逃げ]1号艇のdominanceが不利(-36.0pt)、1号艇のvs_max234_diffが不利(-16.9pt) / [2着]2号艇のwin_rate_rank_2to6が有利(+22.8pt)、2号艇のclass_rank_2to6が有利(+9.2pt) / [候補2]3号艇のwin_rate_rank_2to6が有利(+5.9pt)、6号艇の直近平均着順が有利(+4.2pt) / [除外]6号艇の全国勝率が不利(-18.6pt)、6号艇の直近平均着順が不利(-14.7pt)、天気+5.9pt
110,07,蒲郡,1,15:21,0.4331013964404424,2,0.393564103022526,4,0.3250489779786523,0.31123232888197905,0.2187251087189471,0.49988797228223114,0.2295431389161047,0.3678290219020547,1-2,1-4,0.17045316260788612,0.09473015002276357,0.1407791662740929,0.014562222679977331,0.012576710183292544,True,False,False,False,一般戦,2026-10-03,1号艇のdominance,-0.2336,1号艇のsession_exh_rel_avg,0.1333,1号艇のsession_rank_diff_delta,0.109,1号艇vs2号艇のcumulative差,-0.0972,2号艇のsession_exh_rel_avg,-0.0748,2号艇のsession_exh_rel_avg,0.1298,2号艇のwin_rate_rank_2to6,0.0792,2号艇のモーター2連率,0.0613,1号艇のsession_exh_rel_delta,0.0533,6号艇のsession_rank_diff_last,-0.0346,4号艇のclass_rank_2to6,0.1859,4号艇のwin_rate_rank_2to6,0.1703,4号艇のモーター2連率,0.0792,4号艇のsession_exh_rel_avg,-0.0726,4号艇の節間得点,0.0563,-0.021,南西 1.0m/s,[逃げ]1号艇のdominanceが不利(-23.4pt)、1号艇のsession_exh_rel_avgが有利(+13.3pt) / [2着]2号艇のsession_exh_rel_avgが有利(+13.0pt)、2号艇のwin_rate_rank_2to6が有利(+7.9pt) / [候補2]4号艇のclass_rank_2to6が有利(+18.6pt)、4号艇のwin_rate_rank_2to6が有利(+17.0pt) / [除外]6号艇のsession_exh_rel_avgが不利(-7.7pt)、天気-2.1pt
111,19,下関,1,15:28,0.41092162076951844,2,0.3686585851691965,5,0.3037323700103775,0.2762999810931551,0.14171815024707135,0.5306728049325026,0.22931191441256785,0.35261182824495935,1-2,1-5,0.15148978332832377,0.05823505199198469,0.037132975720407926,0.1248101977648314,0.03925360584076135,True,False,False,False,予選,2026-10-03,1号艇のracer_win_te,-0.2831,1号艇のdominance,-0.2648,1号艇の女子戦比率,-0.1454,1号艇の年齢,0.1405,1号艇の全国2連率,-0.1168,6号艇のsession_rank_diff_last,-0.0974,1号艇vs6号艇の枠別平均ST差,0.0961,3号艇の全国勝率,-0.0895,2号艇のracer_2nd_te,-0.0782,2号艇のsession_exh_rel_avg,0.0683,1号艇vs4号艇の枠別平均ST差,0.2793,5号艇のwin_rate_rank_2to6,0.0961,mean_234_全国勝率,0.0807,4号艇のracer_avgfin_te,0.0791,5号艇のclass_rank_2to6,-0.0727,0.0207,東 3.6m/s,[逃げ]1号艇のracer_win_teが不利(-28.3pt)、1号艇のdominanceが不利(-26.5pt) / [2着]6号艇のsession_rank_diff_lastが不利(-9.7pt)、1号艇vs6号艇の枠別平均ST差が有利(+9.6pt) / [候補2]1号艇vs4号艇の枠別平均ST差が有利(+27.9pt)、5号艇のwin_rate_rank_2to6が有利(+9.6pt) / [除外]4号艇のracer_avgfin_teが不利(-6.8pt)、1号艇vs5号艇の枠別平均ST差が不利(-5.9pt)、天気+2.1pt
112,06,浜名湖,6,13:35,0.46011483017743704,4,0.3605121199166392,2,0.3368786403611545,0.3208798312325307,0.23831709250601704,0.4590736677717766,0.22911445312474094,0.36233798219430446,1-4,1-2,0.1550028584001785,0.025649616305477168,0.16587697283235225,0.10965322854678658,0.0039321489504586,True,True,False,False,一般,2026-10-03,1号艇の女子戦比率,-0.2167,1号艇のdominance,0.1571,2号艇のsession_exh_rel_avg,-0.1281,1号艇のracer_win_te,0.1024,1号艇の一般戦2連率,-0.0856,4号艇のモーター2連率,0.1208,4号艇のwin_rate_rank_2to6,0.1152,4号艇のclass_rank_2to6,0.088,4号艇の節間得点,0.0794,4号艇のsession_exh_rel_avg,0.0637,2号艇のsession_exh_rel_avg,0.1476,2号艇の女子戦比率,-0.1157,3号艇のracer_2nd_te,0.0767,2号艇の節間得点,-0.0625,2号艇の当地勝率,0.056,-0.0818,南東 2.8m/s,[逃げ]1号艇の女子戦比率が不利(-21.7pt)、1号艇のdominanceが有利(+15.7pt) / [2着]4号艇のモーター2連率が有利(+12.1pt)、4号艇のwin_rate_rank_2to6が有利(+11.5pt) / [候補2]2号艇のsession_exh_rel_avgが有利(+14.8pt)、2号艇の女子戦比率が不利(-11.6pt) / [除外]6号艇のwin_rate_rank_2to6が不利(-6.7pt)、6号艇のsession_avg_finishが不利(-6.2pt)、天気-8.2pt
113,02,戸田,9,14:55,0.45070792470845,3,0.3879125976081126,4,0.26458357915605596,0.29408519770957636,0.1869930106070593,0.4655031661571093,0.22809494591595322,0.3455105882438362,1-3,1-4,0.08427923174569288,0.17483528183621647,0.1192499158733599,0.053932743930009235,0.01841076307629655,True,True,False,False,戸田特賞,2026-10-03,場特性:in_escape_diff,-0.186,1号艇のdominance,0.1451,風速区分,0.0803,1号艇vs4号艇の枠別平均ST差,-0.0793,1号艇のモーター2連率順位,-0.0739,3号艇の年齢,-0.0783,3号艇のwin_rate_rank_2to6,0.0754,2号艇のvs_boat3_diff,0.0462,2号艇の直近1着率,0.0461,3号艇のclass_rank_2to6,0.0381,4号艇のwin_rate_rank_2to6,0.1527,4号艇のclass_rank_2to6,0.1087,4号艇のモーター2連率,0.0797,4号艇のcumulative_diff_rank_2to6,0.0493,4号艇の女子戦勝率,-0.0465,0.0265,東 1.2m/s,[逃げ]場特性:in_escape_diffが不利(-18.6pt)、1号艇のdominanceが有利(+14.5pt) / [2着]3号艇の年齢が不利(-7.8pt)、3号艇のwin_rate_rank_2to6が有利(+7.5pt) / [候補2]4号艇のwin_rate_rank_2to6が有利(+15.3pt)、4号艇のclass_rank_2to6が有利(+10.9pt) / [除外]6号艇のwin_rate_rank_2to6が不利(-7.5pt)、6号艇のvs_avg456_diffが不利(-7.4pt)、天気+2.6pt
114,22,福岡,3,12:05,0.3052111658758988,3,0.49867663112737315,2,0.34507725511543436,0.2575231073324878,0.09857413068229542,0.7451797555605122,0.22706096760940367,0.4038201018008951,1-3,1-2,0.10532143135103668,0.1522016759814511,0.030085925350746594,0.008636910371978446,0.008965223389186122,True,True,False,False,カタメン３予,2026-10-03,1号艇のdominance,-0.2332,1号艇の年齢,-0.1991,1号艇のracer_win_te,-0.1616,3号艇の枠別出走数,-0.1228,1号艇のsession_exh_rel_avg,-0.1078,3号艇のwin_rate_rank_2to6,0.2559,3号艇のsession_exh_rel_avg,-0.1254,3号艇の年齢,-0.1036,win_rate_gap_top2_2to6,0.0896,3号艇の当地勝率,0.0728,2号艇のsession_exh_rel_avg,-0.0692,枠別勝率の分散(2-6号艇),0.0585,2号艇のwin_rate_rank_2to6,-0.0568,2号艇の全国勝率,-0.0557,2号艇のclass_rank_2to6,-0.0507,-0.0111,北東 4.1m/s,[逃げ]1号艇のdominanceが不利(-23.3pt)、1号艇の年齢が不利(-19.9pt) / [2着]3号艇のwin_rate_rank_2to6が有利(+25.6pt)、3号艇のsession_exh_rel_avgが不利(-12.5pt) / [候補2]2号艇のsession_exh_rel_avgが不利(-6.9pt)、枠別勝率の分散(2-6号艇)が有利(+5.8pt) / [除外]4号艇のwin_rate_rank_2to6が不利(-6.5pt)、3号艇のracer_win_teが不利(-5.2pt)、天気-1.1pt
115,19,下関,4,16:53,0.3628667390506629,3,0.5568545912717378,2,0.18157200556182754,0.2679504512212744,0.1475267698330735,0.5908998270004917,0.22051461376848747,0.3648352639550396,1-3,1-2,0.06588644156110919,0.20206400966016522,0.05353255789200509,0.040988478065608354,0.00039524314854428206,True,False,False,False,予選,2026-10-03,1号艇の女子戦比率,-0.2168,1号艇のdominance,-0.1473,2号艇の平均ST,-0.1071,1号艇の級別順位,-0.0817,場特性:in_escape_diff,0.0745,3号艇のwin_rate_rank_2to6,0.192,3号艇の女子戦比率,-0.0645,1号艇vs3号艇のlocal_win_rate差,0.0621,6号艇のsession_rank_diff_last,0.0577,場特性:1x_diff_course3,0.0453,2号艇のwin_rate_rank_2to6,-0.1468,2号艇のsession_exh_rel_avg,-0.0741,2号艇の体重,-0.0655,2号艇の全国勝率,-0.0499,2号艇の直近平均着順,-0.0421,0.0283,南東 3.2m/s,[逃げ]1号艇の女子戦比率が不利(-21.7pt)、1号艇のdominanceが不利(-14.7pt) / [2着]3号艇のwin_rate_rank_2to6が有利(+19.2pt)、3号艇の女子戦比率が不利(-6.4pt) / [候補2]2号艇のwin_rate_rank_2to6が不利(-14.7pt)、2号艇のsession_exh_rel_avgが不利(-7.4pt) / [除外]6号艇の直近平均着順が不利(-26.8pt)、6号艇の全国勝率が不利(-15.4pt)、天気+2.8pt
116,07,蒲郡,8,18:33,0.4905812855646502,2,0.3552856052751181,5,0.21664458167291062,0.2805782463661946,0.1939972672447078,0.3779329197033209,0.21526055071416964,0.3097846483673325,1-2,1-5,0.1742964689784823,0.09517142876093776,0.07515222881696122,0.10628177738771234,0.039679381620556564,True,False,False,False,一般戦,2026-10-03,1号艇の年齢,-0.1796,1号艇のsession_exh_rel_avg,-0.0923,4号艇のモーター2連率,-0.0833,1号艇のモーター2連率,0.0654,1号艇のvs_max234_diff,0.0608,2号艇のclass_rank_2to6,-0.0566,2号艇の全国勝率,0.0508,4号艇のモーター2連率,0.0458,1号艇vs6号艇の直近複勝率差,-0.0392,2号艇のsession_rank_diff_delta,-0.0366,5号艇のsession_exh_rel_avg,-0.1162,5号艇のモーター2連率,0.0916,5号艇のclass_rank_2to6,0.0768,5号艇のwin_rate_rank_2to6,0.0752,3号艇のsession_rank_diff_last,0.0725,-0.024,南 1.8m/s,[逃げ]1号艇の年齢が不利(-18.0pt)、1号艇のsession_exh_rel_avgが不利(-9.2pt) / [2着]2号艇のclass_rank_2to6が不利(-5.7pt)、2号艇の全国勝率が有利(+5.1pt) / [候補2]5号艇のsession_exh_rel_avgが不利(-11.6pt)、5号艇のモーター2連率が有利(+9.2pt) / [除外]3号艇のsession_exh_rel_avgが不利(-6.6pt)、天気-2.4pt
117,12,住之江,2,15:44,0.5192458263831858,5,0.3328565123271071,3,0.250613036466244,0.3029641280326282,0.248949823906587,0.3345197248867641,0.2124566884441456,0.31243080708886894,1-5,1-3,0.12926615704232436,0.13012977322231437,0.07038382401858029,0.1728343548103138,0.01663172405984809,True,False,False,False,予選,2026-10-03,1号艇のdominance,-0.0737,1号艇のvs_max234_diff,0.0656,5号艇のsession_exh_rel_avg,-0.0651,場特性:in_escape_diff,0.0602,1号艇の勝率順位,-0.0599,5号艇のwin_rate_rank_2to6,0.2436,5号艇のclass_rank_2to6,0.1904,5号艇のsession_exh_rel_avg,0.0876,5号艇の枠別勝率,0.0634,場特性:1x_diff_course6,-0.0618,3号艇のsession_exh_rel_avg,0.1186,3号艇のwin_rate_rank_2to6,-0.1138,3号艇の全国勝率,-0.0834,3号艇のracer_avgfin_te,-0.0593,場特性:1x_diff_course3,0.0565,0.0278,北東 2.0m/s,[逃げ]1号艇のdominanceが不利(-7.4pt)、1号艇のvs_max234_diffが有利(+6.6pt) / [2着]5号艇のwin_rate_rank_2to6が有利(+24.4pt)、5号艇のclass_rank_2to6が有利(+19.0pt) / [候補2]3号艇のsession_exh_rel_avgが有利(+11.9pt)、3号艇のwin_rate_rank_2to6が不利(-11.4pt) / [除外]6号艇のwin_rate_rank_2to6が不利(-7.0pt)、天気+2.8pt
118,18,徳山,8,12:08,0.2840001683850655,2,0.46782416589308795,3,0.3583842992686749,0.23464334322710714,0.09246578032134359,0.7337426848404193,0.20860756743266318,0.3843731457111008,1-2,1-3,0.13286214188823978,0.10178120133886737,0.019926350879783533,0.026260297181118053,0.003170180932245411,True,True,False,False,予選,2026-10-03,1号艇のdominance,-0.2643,場特性:in_escape_diff,0.1959,1号艇のracer_win_te,-0.1497,1号艇の直近1着率,-0.0977,1号艇vs2号艇のcumulative差,-0.0945,2号艇のsession_exh_rel_avg,0.0823,場特性:in_escape_diff,0.0632,2号艇の節間得点,0.049,2号艇のclass_rank_2to6,-0.0472,6号艇のracer_win_te,0.041,3号艇の当地勝率,0.0771,3号艇のwin_rate_rank_2to6,0.0596,場特性:1x_diff_course3,0.0448,5号艇の一般戦2連率,-0.0445,3号艇のsession_exh_rel_avg,-0.0359,0.0905,東 1.7m/s,[逃げ]1号艇のdominanceが不利(-26.4pt)、場特性:in_escape_diffが有利(+19.6pt) / [2着]2号艇のsession_exh_rel_avgが有利(+8.2pt)、場特性:in_escape_diffが有利(+6.3pt) / [候補2]3号艇の当地勝率が有利(+7.7pt)、3号艇のwin_rate_rank_2to6が有利(+6.0pt) / [除外]6号艇のracer_win_teが不利(-15.4pt)、6号艇のwin_rate_rank_2to6が不利(-7.4pt)、天気+9.0pt
119,02,戸田,3,11:48,0.28933946950464107,3,0.4072955690446265,2,0.3772989854730382,0.2270141721803713,0.08309865178924036,0.7014959027284243,0.2043766862060841,0.36935869134478716,1-3,1-2,0.10916748830140814,0.11784668387896313,0.0240437198252497,0.022910185010795524,0.01537138817673047,True,True,False,False,予選,2026-10-03,場特性:in_escape_diff,-0.1647,1号艇のdominance,-0.1035,1号艇の級別順位,-0.0737,6号艇のモーター2連率,-0.0689,1号艇の全国勝率,-0.0686,3号艇のwin_rate_rank_2to6,0.1778,3号艇のclass_rank_2to6,0.049,3号艇の全国勝率,0.038,3号艇のracer_avgfin_te,0.0312,3号艇のcumulative_diff_rank_2to6,0.0255,2号艇のsession_exh_rel_avg,0.0667,2号艇の全国勝率,0.0652,2号艇のモーター2連率,-0.0441,5号艇の女子戦2連率,0.0331,6号艇の女子戦2連率,0.0304,-0.0236,北東 1.3m/s,[逃げ]場特性:in_escape_diffが不利(-16.5pt)、1号艇のdominanceが不利(-10.3pt) / [2着]3号艇のwin_rate_rank_2to6が有利(+17.8pt)、3号艇のclass_rank_2to6が有利(+4.9pt) / [候補2]2号艇のsession_exh_rel_avgが有利(+6.7pt)、2号艇の全国勝率が有利(+6.5pt) / [除外]6号艇の女子戦2連率が不利(-7.1pt)、4号艇のwin_rate_rank_2to6が不利(-5.1pt)、天気-2.4pt
120,04,平和島,2,11:25,0.33390262053334707,2,0.5545253059172175,5,0.19038863146576882,0.24872871576399272,0.15791007337249766,0.5870038640104887,0.20159659205662567,0.35021126023794147,1-2,1-5,0.18515745279781487,0.05272658730769008,0.022533144903839012,0.06357126296617786,0.009914174423651525,True,True,False,False,一般,2026-10-03,1号艇のdominance,-0.1624,場特性:in_escape_diff,-0.0907,1号艇の年齢,-0.0886,2号艇の体重,0.0786,1号艇の級別順位,-0.0764,2号艇のwin_rate_rank_2to6,0.2548,2号艇のclass_rank_2to6,0.1085,6号艇のsession_rank_diff_last,-0.0855,2号艇のsession_exh_rel_avg,-0.0682,2号艇のsession_exh_rel_last,0.0641,5号艇のsession_exh_rel_avg,-0.1588,5号艇のclass_rank_2to6,0.1289,5号艇のwin_rate_rank_2to6,0.1228,1号艇vs5号艇のcumulative差,0.0786,5号艇の節間得点,0.0627,-0.0303,北東 2.6m/s,[逃げ]1号艇のdominanceが不利(-16.2pt)、場特性:in_escape_diffが不利(-9.1pt) / [2着]2号艇のwin_rate_rank_2to6が有利(+25.5pt)、2号艇のclass_rank_2to6が有利(+10.9pt) / [候補2]5号艇のsession_exh_rel_avgが不利(-15.9pt)、5号艇のclass_rank_2to6が有利(+12.9pt) / [除外]4号艇のwin_rate_rank_2to6が不利(-5.4pt)、3号艇のwin_rate_rank_2to6が不利(-5.1pt)、天気-3.0pt
121,11,琵琶湖,4,11:53,0.43104553950499175,3,0.3390554927789563,2,0.2618667536801648,0.25902485392552344,0.20100069403783904,0.399921552421282,0.19654784343102732,0.301293863474251,1-3,1-2,0.11287649611848743,0.14614835780703606,0.08664045260241811,0.06316763458138691,0.02221259598700863,True,True,False,False,予選,2026-10-03,1号艇の年齢,-0.1137,1号艇の全国勝率,-0.0718,1号艇の級別順位,-0.069,1号艇のvs_max234_diff,0.0681,1号艇の直近1着率,-0.0667,3号艇のモーター2連率,0.0751,6号艇のracer_2nd_te,-0.0606,3号艇のcumulative_diff_rank_2to6,0.0463,3号艇のwin_rate_rank_2to6,-0.0349,2号艇の全国勝率,0.0347,2号艇のwin_rate_rank_2to6,-0.1408,1号艇の年齢,0.0491,2号艇の当地勝率,-0.0328,2号艇のモーター2連率,-0.0294,1号艇vs2号艇のplace_rate差,0.0276,0.0268,北東 2.2m/s,[逃げ]1号艇の年齢が不利(-11.4pt)、1号艇の全国勝率が不利(-7.2pt) / [2着]3号艇のモーター2連率が有利(+7.5pt)、6号艇のracer_2nd_teが不利(-6.1pt) / [候補2]2号艇のwin_rate_rank_2to6が不利(-14.1pt)、1号艇の年齢が有利(+4.9pt)、天気+2.7pt
122,13,尼崎,9,14:38,0.5392302307893542,4,0.267877619542813,2,0.1941485675016526,0.2491384874707125,0.18497183562292654,0.277054351421539,0.19383816344857988,0.2575132466559604,1-4,1-2,0.10469077686133864,0.09646040086741525,0.14444771060937386,0.09388893683874529,0.09974240561248117,True,True,False,False,予選特賞,2026-10-03,1号艇の勝率順位,-0.0758,2号艇の平均ST,-0.0707,4号艇のsession_exh_rel_avg,-0.0701,1号艇の節間得点,-0.0641,場特性:in_escape_diff,0.0602,4号艇のsession_exh_rel_avg,0.0728,4号艇の年齢,0.0725,4号艇のwin_rate_rank_2to6,-0.0658,4号艇の節間得点,-0.051,4号艇のcumulative_diff_rank_2to6,-0.0466,2号艇のwin_rate_rank_2to6,-0.1407,2号艇のsession_exh_rel_avg,-0.1049,3号艇の全国勝率,-0.0657,2号艇のclass_rank_2to6,-0.0639,2号艇の直近平均着順,-0.0388,0.0224,北 3.3m/s,[逃げ]1号艇の勝率順位が不利(-7.6pt)、2号艇の平均STが不利(-7.1pt) / [2着]4号艇のsession_exh_rel_avgが有利(+7.3pt)、4号艇の年齢が有利(+7.3pt) / [候補2]2号艇のwin_rate_rank_2to6が不利(-14.1pt)、2号艇のsession_exh_rel_avgが不利(-10.5pt)、天気+2.2pt
123,02,戸田,8,14:25,0.29784429078395713,2,0.3907537554052215,3,0.3536172913488025,0.22170666650056406,0.12222113997829774,0.6221499067757262,0.1891899766759794,0.3418396385831127,1-2,1-3,0.11638377514983606,0.10532289135072802,0.03640286875564284,0.01648349358411876,0.02325126749141368,True,True,False,False,予選,2026-10-03,場特性:in_escape_diff,-0.1584,1号艇のdominance,-0.1357,1号艇の全国勝率,-0.0829,6号艇のモーター2連率,-0.0779,4号艇のモーター2連率,-0.0751,2号艇のclass_rank_2to6,0.0816,2号艇のwin_rate_rank_2to6,0.0732,2号艇の全国勝率,0.0523,1号艇vs6号艇の直近複勝率差,-0.0522,4号艇のモーター2連率,0.0515,3号艇のwin_rate_rank_2to6,0.1326,6号艇の直近平均着順,-0.0373,3号艇の全国勝率,0.0303,3号艇のracer_avgfin_te,0.0274,3号艇のracer_2nd_te,0.0269,-0.0079,東 1.7m/s,[逃げ]場特性:in_escape_diffが不利(-15.8pt)、1号艇のdominanceが不利(-13.6pt) / [2着]2号艇のclass_rank_2to6が有利(+8.2pt)、2号艇のwin_rate_rank_2to6が有利(+7.3pt) / [候補2]3号艇のwin_rate_rank_2to6が有利(+13.3pt)、6号艇の直近平均着順が不利(-3.7pt)、天気-0.8pt
124,19,下関,6,17:46,0.4541121912142431,5,0.3246685127484901,3,0.25891678790416506,0.26501319963980013,0.24944248651153905,0.3341428141411162,0.18568653786796332,0.2857520839901949,1-5,1-3,0.11327487413168429,0.11757726989731383,0.07372437205392081,0.1474359297424863,0.0020997515212494936,True,False,False,False,予選,2026-10-03,1号艇の女子戦比率,-0.1305,1号艇のsession_exh_rel_avg,-0.1052,1号艇の年齢,0.0874,ST差分(4-3),-0.0867,場特性:in_escape_diff,0.0864,5号艇のwin_rate_rank_2to6,0.1986,5号艇のclass_rank_2to6,0.1764,5号艇のsession_exh_rel_avg,0.1154,5号艇のracer_avgfin_te,0.0603,1号艇vs5号艇のlocal_win_rate差,0.0575,3号艇のwin_rate_rank_2to6,0.0691,3号艇のracer_avgfin_te,-0.0666,3号艇のracer_2nd_te,-0.0662,3号艇の当地勝率,-0.0644,3号艇のsession_exh_rel_avg,-0.0591,0.0415,南東 2.6m/s,[逃げ]1号艇の女子戦比率が不利(-13.1pt)、1号艇のsession_exh_rel_avgが不利(-10.5pt) / [2着]5号艇のwin_rate_rank_2to6が有利(+19.9pt)、5号艇のclass_rank_2to6が有利(+17.6pt) / [候補2]3号艇のwin_rate_rank_2to6が有利(+6.9pt)、3号艇のracer_avgfin_teが不利(-6.7pt) / [除外]6号艇の全国勝率が不利(-17.8pt)、6号艇の直近平均着順が不利(-14.3pt)、天気+4.1pt
125,11,琵琶湖,3,11:27,0.4388542368098107,3,0.30165396936362054,2,0.2852202078632924,0.25755221915030246,0.23390891700518884,0.3529652602217241,0.1852597063658261,0.28617613147172893,1-3,1-2,0.12517009664458076,0.13238212250572173,0.10265191925532151,0.07497235261601846,0.0036777513058188632,True,True,False,False,予選,2026-10-03,1号艇のdominance,-0.2338,1号艇のvs_max234_diff,-0.0906,1号艇の級別順位,-0.0816,1号艇の全国勝率,-0.0798,1号艇の直近1着率,-0.0588,3号艇のwin_rate_rank_2to6,-0.0959,5号艇のracer_2nd_te,-0.0731,3号艇の全国勝率,0.0519,3号艇の当地勝率,-0.0454,3号艇のracer_2nd_te,0.043,2号艇のwin_rate_rank_2to6,-0.1718,2号艇の全国勝率,-0.1205,2号艇のclass_rank_2to6,-0.0469,2号艇の全国2連率,-0.0368,2号艇のsession_avg_finish,0.0338,0.0361,北東 2.1m/s,[逃げ]1号艇のdominanceが不利(-23.4pt)、1号艇のvs_max234_diffが不利(-9.1pt) / [2着]3号艇のwin_rate_rank_2to6が不利(-9.6pt)、5号艇のracer_2nd_teが不利(-7.3pt) / [候補2]2号艇のwin_rate_rank_2to6が不利(-17.2pt)、2号艇の全国勝率が不利(-12.0pt) / [除外]6号艇のvs_avg456_diffが不利(-13.3pt)、6号艇のwin_rate_rank_2to6が不利(-9.9pt)、天気+3.6pt
126,06,浜名湖,2,11:46,0.29790230278701735,3,0.4925094837021711,5,0.21678255438255306,0.21129973149393613,0.13634503962311,0.5729469984616142,0.17672812717846426,0.31979391158423953,1-3,1-5,0.0406175012773116,0.14671970933932177,0.0342807662378147,0.06458002215461438,0.011704299338864684,True,True,False,False,一般,2026-10-03,1号艇のdominance,-0.3707,1号艇のracer_win_te,-0.1745,1号艇のvs_max234_diff,-0.1507,1号艇の全国2連率,-0.1156,1号艇の級別順位,-0.1091,3号艇のwin_rate_rank_2to6,-0.0777,3号艇の当地勝率,0.0618,1号艇の一般戦2連率,0.056,2号艇のracer_win_te,0.0481,3号艇のracer_avgfin_te,0.0447,class_std_1to6,0.2283,5号艇のwin_rate_rank_2to6,0.2276,5号艇のclass_rank_2to6,0.1407,1号艇のracer_2nd_te,-0.104,5号艇の年齢,-0.0977,-0.0715,東 2.2m/s,[逃げ]1号艇のdominanceが不利(-37.1pt)、1号艇のracer_win_teが不利(-17.5pt) / [2着]3号艇のwin_rate_rank_2to6が不利(-7.8pt)、3号艇の当地勝率が有利(+6.2pt) / [候補2]class_std_1to6が有利(+22.8pt)、5号艇のwin_rate_rank_2to6が有利(+22.8pt) / [除外]1号艇vs5号艇の級別差が不利(-9.8pt)、1号艇vs6号艇の枠別勝率差が不利(-6.6pt)、天気-7.1pt
127,12,住之江,6,17:28,0.28611597520643717,2,0.5154132214109816,3,0.22237872919735738,0.2110940634477644,0.14384941995088368,0.5939425306574553,0.17465515314932128,0.3259486036106717,1-2,1-3,0.1474679564782943,0.0636261069694701,0.0411576170721274,0.025637544631521802,0.008226754318483805,True,False,False,False,予選特別Ｂ戦,2026-10-03,1号艇のdominance,-0.2385,1号艇のracer_win_te,-0.2079,1号艇のsession_exh_rel_avg,0.1278,1号艇vs2号艇のcumulative差,-0.1018,1号艇の級別順位,-0.0931,2号艇のsession_exh_rel_avg,0.1571,2号艇のwin_rate_rank_2to6,0.0701,2号艇の全国勝率,0.0468,2号艇のcumulative_diff_rank_2to6,0.0335,2号艇のsession_exh_rel_last,0.032,3号艇の当地勝率,-0.0538,3号艇のwin_rate_rank_2to6,-0.0468,3号艇のsession_exh_rel_avg,0.0413,3号艇の全国勝率,0.0377,1号艇vs6号艇の枠別勝率差,-0.037,0.0675,北東 1.8m/s,[逃げ]1号艇のdominanceが不利(-23.9pt)、1号艇のracer_win_teが不利(-20.8pt) / [2着]2号艇のsession_exh_rel_avgが有利(+15.7pt)、2号艇のwin_rate_rank_2to6が有利(+7.0pt) / [候補2]3号艇の当地勝率が不利(-5.4pt)、3号艇のwin_rate_rank_2to6が不利(-4.7pt) / [除外]6号艇のsession_exh_rel_avgが不利(-5.5pt)、天気+6.8pt
128,09,津,7,13:24,0.33301266188041456,2,0.3791061849441496,3,0.32674543567701114,0.23505752707565725,0.21465496335280926,0.49119665726835143,0.17451000924338464,0.3118992661334655,1-2,1-3,0.12624715978358,0.10881036729207726,0.07148282073196185,0.014013619913270992,0.012458694779808845,True,True,False,False,予選,2026-10-03,1号艇の級別順位,-0.0897,1号艇のdominance,-0.0836,6号艇のモーター出走数,-0.0758,風速区分,0.0753,1号艇vs4号艇の枠別平均ST差,-0.0641,2号艇のclass_rank_2to6,0.084,2号艇のwin_rate_rank_2to6,0.0727,2号艇の節間得点,-0.0579,2号艇の全国勝率,0.0492,場特性:1x_diff_course2,0.0426,6号艇のモーター出走数,0.1096,4号艇のモーター出走数,-0.1039,3号艇のsession_exh_rel_avg,0.0723,3号艇のwin_rate_rank_2to6,-0.0531,3号艇のcumulative_diff_rank_2to6,0.0454,0.0555,南東 1.8m/s,[逃げ]1号艇の級別順位が不利(-9.0pt)、1号艇のdominanceが不利(-8.4pt) / [2着]2号艇のclass_rank_2to6が有利(+8.4pt)、2号艇のwin_rate_rank_2to6が有利(+7.3pt) / [候補2]6号艇のモーター出走数が有利(+11.0pt)、4号艇のモーター出走数が不利(-10.4pt) / [除外]6号艇のwin_rate_rank_2to6が不利(-7.2pt)、天気+5.5pt
129,22,福岡,5,13:15,0.2916574907321981,2,0.5484542784361982,4,0.1799309859239308,0.21243901848958396,0.161187591572438,0.567197672787691,0.17134797799396556,0.318866614779016,1-2,1-4,0.15996079863003987,0.04701156849518367,0.052478219859544116,0.030202642131051345,0.002004259647081856,True,True,False,False,予選,2026-10-03,1号艇のdominance,-0.298,1号艇のvs_max234_diff,-0.1483,2号艇のsession_exh_rel_avg,-0.0941,1号艇のframe_dominance,-0.0887,1号艇の年齢,-0.084,2号艇のwin_rate_rank_2to6,0.2007,2号艇のsession_exh_rel_avg,0.1388,2号艇のclass_rank_2to6,0.0824,2号艇のracer_avgfin_te,0.069,1号艇vs2号艇のplace_rate差,-0.0619,4号艇のsession_exh_rel_avg,-0.1263,4号艇のモーター2連率,0.1033,4号艇のwin_rate_rank_2to6,-0.0889,4号艇のclass_rank_2to6,0.084,4号艇の節間得点,0.0461,-0.0152,東 4.0m/s,[逃げ]1号艇のdominanceが不利(-29.8pt)、1号艇のvs_max234_diffが不利(-14.8pt) / [2着]2号艇のwin_rate_rank_2to6が有利(+20.1pt)、2号艇のsession_exh_rel_avgが有利(+13.9pt) / [候補2]4号艇のsession_exh_rel_avgが不利(-12.6pt)、4号艇のモーター2連率が有利(+10.3pt) / [除外]6号艇のwin_rate_rank_2to6が不利(-7.5pt)、3号艇のwin_rate_rank_2to6が不利(-5.1pt)、天気-1.5pt
130,22,福岡,4,12:34,0.34074182255802865,5,0.32774756907141,4,0.30767145193578593,0.21651383530603024,0.17694036511411654,0.4584786558930794,0.17054179082046222,0.289103281482145,1-5,1-4,0.0586631221984992,0.0602909824930671,0.10483653128167461,0.11167730402435563,0.005273877165642728,True,True,False,False,予選,2026-10-03,1号艇のdominance,-0.3859,1号艇のvs_max234_diff,-0.1522,1号艇の全国勝率,-0.0761,1号艇の級別順位,-0.0737,1号艇の一般戦勝率,0.0615,5号艇のwin_rate_rank_2to6,0.2122,5号艇のclass_rank_2to6,0.1851,5号艇の年齢,0.0894,1号艇vs5号艇のlocal_win_rate差,0.0736,5号艇のsession_exh_rel_avg,0.0646,4号艇のclass_rank_2to6,0.116,4号艇のwin_rate_rank_2to6,0.0871,4号艇のcumulative_diff_rank_2to6,-0.0668,4号艇の年齢,0.062,4号艇のsession_exh_rel_avg,0.0619,0.0146,東 4.0m/s,[逃げ]1号艇のdominanceが不利(-38.6pt)、1号艇のvs_max234_diffが不利(-15.2pt) / [2着]5号艇のwin_rate_rank_2to6が有利(+21.2pt)、5号艇のclass_rank_2to6が有利(+18.5pt) / [候補2]4号艇のclass_rank_2to6が有利(+11.6pt)、4号艇のwin_rate_rank_2to6が有利(+8.7pt) / [除外]6号艇のvs_avg456_diffが不利(-7.8pt)、2号艇のwin_rate_rank_2to6が不利(-6.0pt)、天気+1.5pt
131,09,津,4,11:57,0.3433855370624144,2,0.3272047930584989,3,0.29918589264654305,0.21509350202171987,0.18664195883751677,0.4397487268675252,0.16691893496105367,0.2824900694754614,1-2,1-3,0.11235739359378882,0.10273610842793106,0.06409014927380174,0.05579532372109741,0.008406568122046742,True,True,False,False,予選,2026-10-03,1号艇のdominance,-0.1608,1号艇vs2号艇のcumulative差,-0.0942,1号艇の直近1着率,-0.0881,1号艇の級別順位,-0.087,1号艇のモーター2連率順位,0.0629,2号艇のwin_rate_rank_2to6,-0.1347,2号艇のsession_exh_rel_avg,0.1078,3号艇のモーター出走数,0.0786,2号艇のclass_rank_2to6,-0.055,2号艇の直近平均着順,-0.049,3号艇のcumulative_diff_rank_2to6,-0.0426,3号艇のwin_rate_rank_2to6,-0.04,場特性:1x_diff_course3,-0.0388,3号艇のclass_rank_2to6,0.0387,3号艇の全国勝率,0.0335,-0.0062,南東 2.4m/s,[逃げ]1号艇のdominanceが不利(-16.1pt)、1号艇vs2号艇のcumulative差が不利(-9.4pt) / [2着]2号艇のwin_rate_rank_2to6が不利(-13.5pt)、2号艇のsession_exh_rel_avgが有利(+10.8pt) / [候補2]3号艇のcumulative_diff_rank_2to6が不利(-4.3pt)、3号艇のwin_rate_rank_2to6が不利(-4.0pt) / [除外]6号艇のwin_rate_rank_2to6が不利(-7.0pt)、天気-0.6pt
132,22,福岡,7,14:15,0.28271039143178556,2,0.5385944732920965,3,0.20683197394246278,0.2107398026812875,0.19418986164740343,0.5512365855871559,0.16163156292975112,0.312888837553048,1-2,1-3,0.15226625436740499,0.058473548313882524,0.054899491798421705,0.015115542413239058,0.0019555579616666948,True,True,False,False,予選,2026-10-03,6号艇の枠別出走数,-0.1806,1号艇のdominance,-0.1548,1号艇vs2号艇のcumulative差,-0.1042,1号艇の級別順位,-0.0696,1号艇の全国勝率,-0.0662,2号艇のsession_exh_rel_avg,0.0979,2号艇の節間得点,0.0711,場特性:1x_diff_course2,0.0705,2号艇の全国勝率,0.0566,5号艇の直近平均着順,0.0336,3号艇のwin_rate_rank_2to6,-0.1053,4号艇の女子戦2連率,0.0575,3号艇のsession_exh_rel_avg,-0.0464,3号艇のcumulative_diff_rank_2to6,-0.0411,3号艇のモーター2連率,0.0365,0.0024,東 3.3m/s,[逃げ]6号艇の枠別出走数が不利(-18.1pt)、1号艇のdominanceが不利(-15.5pt) / [2着]2号艇のsession_exh_rel_avgが有利(+9.8pt)、2号艇の節間得点が有利(+7.1pt) / [候補2]3号艇のwin_rate_rank_2to6が不利(-10.5pt)、4号艇の女子戦2連率が有利(+5.8pt) / [除外]5号艇の直近平均着順が不利(-23.6pt)、1号艇vs5号艇の枠別平均ST差が不利(-9.7pt)、天気影響ほぼなし
133,23,唐津,5,10:23,0.31704978954647006,3,0.45017647736649846,5,0.19334175524743186,0.204027320219563,0.18775498068533064,0.45576325192859973,0.15805874553903843,0.279548099732274,1-3,1-5,0.05952767711258563,0.14272835740781958,0.05147389106390174,0.06129896281174339,0.002020903807900361,False,False,True,False,レッツ５特賞,2026-10-03,1号艇のsession_exh_rel_avg,-0.1668,1号艇のdominance,-0.1453,4号艇のsession_exh_rel_avg,-0.0648,1号艇の勝率順位,-0.0569,1号艇の節間得点,-0.0539,3号艇のsession_exh_rel_avg,0.0746,3号艇の当地勝率,0.0656,1号艇の体重,0.0571,3号艇のモーター2連率,0.055,3号艇のwin_rate_rank_2to6,-0.0545,5号艇のwin_rate_rank_2to6,0.2398,5号艇のclass_rank_2to6,0.1594,6号艇のracer_win_te,-0.1103,5号艇のsession_exh_rel_avg,0.1008,6号艇の体重,-0.0591,-0.0361,北東 6.0m/s,[逃げ]1号艇のsession_exh_rel_avgが不利(-16.7pt)、1号艇のdominanceが不利(-14.5pt) / [2着]3号艇のsession_exh_rel_avgが有利(+7.5pt)、3号艇の当地勝率が有利(+6.6pt) / [候補2]5号艇のwin_rate_rank_2to6が有利(+24.0pt)、5号艇のclass_rank_2to6が有利(+15.9pt) / [除外]6号艇のwin_rate_rank_2to6が不利(-7.9pt)、6号艇のracer_win_teが不利(-7.7pt)、天気-3.6pt
134,23,唐津,4,09:53,0.3819631762814467,2,0.3217014036460676,4,0.3089580377984402,0.24088868340602726,0.3074325725755821,0.3232268688689257,0.1520202502333954,0.2655901390448968,1-2,1-4,0.12287808995085175,0.11742792191334572,0.1180105934551755,0.014930725296025267,0.00871584282020104,False,False,True,False,おは４戦,2026-10-03,1号艇のdominance,-0.2245,1号艇のvs_max234_diff,-0.0749,1号艇の全国勝率,-0.0643,ST差分(4-3),-0.0633,1号艇の勝率順位,-0.0611,2号艇のsession_exh_rel_avg,0.0816,2号艇のclass_rank_2to6,-0.0474,2号艇の全国勝率,0.0423,2号艇のwin_rate_rank_2to6,0.0371,3号艇の全国勝率,0.0296,4号艇のwin_rate_rank_2to6,0.2253,4号艇のclass_rank_2to6,0.1872,4号艇の全国勝率,0.0938,4号艇のsession_exh_rel_avg,0.0634,win_rate_gap_top2_2to6,0.0579,-0.0188,北東 5.7m/s,[逃げ]1号艇のdominanceが不利(-22.5pt)、1号艇のvs_max234_diffが不利(-7.5pt) / [2着]2号艇のsession_exh_rel_avgが有利(+8.2pt)、2号艇のclass_rank_2to6が不利(-4.7pt) / [候補2]4号艇のwin_rate_rank_2to6が有利(+22.5pt)、4号艇のclass_rank_2to6が有利(+18.7pt) / [除外]6号艇のwin_rate_rank_2to6が不利(-6.7pt)、天気-1.9pt
135,23,唐津,7,11:22,0.24315040486032047,2,0.3892670279923981,3,0.3779366266764884,0.18654587924305724,0.1826124597122218,0.5845911949566647,0.1456671570137527,0.30595947395713946,1-2,1-3,0.0946504354551253,0.09189544378793195,0.04440229351156569,0.007857674329360057,0.004344558682143306,True,True,False,False,予選,2026-10-03,1号艇のdominance,-0.1773,1号艇のracer_win_te,-0.168,1号艇の体重,-0.1245,1号艇の年齢,0.0947,1号艇vs4号艇の枠別勝率差,-0.0939,2号艇のwin_rate_rank_2to6,0.1574,2号艇のclass_rank_2to6,0.0837,1号艇の枠別平均ST,-0.0497,2号艇の当地勝率,0.0489,2号艇の全国勝率,0.0474,3号艇のsession_exh_rel_avg,0.0656,1号艇vs2号艇のplace_rate差,0.0415,3号艇の枠別勝率,0.04,3号艇の全国勝率,0.0377,3号艇の節間得点,0.0347,-0.0288,北東 5.8m/s,[逃げ]1号艇のdominanceが不利(-17.7pt)、1号艇のracer_win_teが不利(-16.8pt) / [2着]2号艇のwin_rate_rank_2to6が有利(+15.7pt)、2号艇のclass_rank_2to6が有利(+8.4pt) / [候補2]3号艇のsession_exh_rel_avgが有利(+6.6pt)、1号艇vs2号艇のplace_rate差が有利(+4.1pt) / [除外]1号艇vs6号艇の枠別勝率差が不利(-6.7pt)、6号艇のwin_rate_rank_2to6が不利(-6.1pt)、天気-2.9pt
136,18,徳山,11,13:49,0.31973991051033845,3,0.35074620890799746,2,0.321412148285654,0.21491585297787422,0.27007332108646065,0.4020850361071908,0.14526420717643743,0.2710666079166692,1-3,1-2,0.10276829152979064,0.11214756144808358,0.08635321951541483,0.017025404054697785,0.0014454294584140479,True,True,False,False,予選,2026-10-03,1号艇のdominance,-0.421,場特性:in_escape_diff,0.2533,1号艇の年齢,0.2161,1号艇のracer_win_te,-0.1909,1号艇のvs_max234_diff,-0.1602,3号艇のsession_exh_rel_avg,-0.1222,3号艇のwin_rate_rank_2to6,0.0619,3号艇の節間得点,0.0586,1号艇の直近複勝率,-0.0577,3号艇の当地勝率,-0.0464,ST差分(6-5),0.0675,2号艇のsession_rank_diff_last,0.0583,2号艇の全国勝率,0.0574,2号艇のsession_exh_rel_avg,-0.0572,場特性:1x_diff_course2,0.0542,0.1858,北東 1.9m/s,[逃げ]1号艇のdominanceが不利(-42.1pt)、場特性:in_escape_diffが有利(+25.3pt) / [2着]3号艇のsession_exh_rel_avgが不利(-12.2pt)、3号艇のwin_rate_rank_2to6が有利(+6.2pt) / [候補2]ST差分(6-5)が有利(+6.7pt)、2号艇のsession_rank_diff_lastが有利(+5.8pt) / [除外]5号艇の直近平均着順が不利(-20.9pt)、win_rate_range_1to6が不利(-7.6pt)、天気+18.6pt
137,04,平和島,7,14:03,0.33752485312669733,2,0.28298441898679605,3,0.26920331522643015,0.18637708388868296,0.2013883260683145,0.35079940814491173,0.14133608115848012,0.23570378116555157,1-2,1-3,0.09551427445566212,0.09086280943302084,0.06479569082874516,0.06797356517763928,0.01837851197425186,True,True,False,False,一般,2026-10-03,1号艇のdominance,-0.1363,場特性:in_escape_diff,-0.1029,1号艇の節間得点,-0.0973,1号艇のvs_max234_diff,0.0889,1号艇の年齢,-0.0813,2号艇のwin_rate_rank_2to6,-0.1868,2号艇の全国勝率,-0.1342,2号艇のclass_rank_2to6,-0.0591,2号艇の節間得点,-0.0569,2号艇のsession_avg_finish,-0.0478,3号艇のracer_avgfin_te,-0.0778,3号艇のwin_rate_rank_2to6,-0.0696,3号艇の節間得点,-0.0624,3号艇の全国勝率,-0.0488,3号艇のracer_2nd_te,-0.0483,-0.0127,東 3.9m/s,[逃げ]1号艇のdominanceが不利(-13.6pt)、場特性:in_escape_diffが不利(-10.3pt) / [2着]2号艇のwin_rate_rank_2to6が不利(-18.7pt)、2号艇の全国勝率が不利(-13.4pt) / [候補2]3号艇のracer_avgfin_teが不利(-7.8pt)、3号艇のwin_rate_rank_2to6が不利(-7.0pt) / [除外]6号艇のsession_avg_finishが不利(-5.1pt)、天気-1.3pt
138,13,尼崎,4,12:02,0.30321436966398096,2,0.3667119694294432,5,0.26842715298282716,0.1925833086511706,0.23060460609063016,0.40453451632164017,0.13929059101381047,0.25616867095231144,1-2,1-5,0.11119233865878567,0.032826334469378764,0.06992263027738105,0.08139096999238492,0.007882103043419875,True,True,False,False,予選,2026-10-03,1号艇のdominance,-0.37,1号艇のracer_win_te,-0.2163,1号艇のvs_max234_diff,-0.1447,1号艇の年齢,-0.1386,1号艇のsession_exh_rel_avg,0.1111,2号艇のsession_exh_rel_avg,0.1097,2号艇のclass_rank_2to6,0.078,3号艇のracer_2nd_te,0.0574,3号艇のracer_win_te,0.0548,2号艇の全国勝率,0.0531,5号艇のclass_rank_2to6,0.2329,5号艇のwin_rate_rank_2to6,0.1941,5号艇の年齢,0.1169,5号艇のsession_exh_rel_avg,0.0998,avg_456_win_rate,0.062,0.017,北東 2.6m/s,[逃げ]1号艇のdominanceが不利(-37.0pt)、1号艇のracer_win_teが不利(-21.6pt) / [2着]2号艇のsession_exh_rel_avgが有利(+11.0pt)、2号艇のclass_rank_2to6が有利(+7.8pt) / [候補2]5号艇のclass_rank_2to6が有利(+23.3pt)、5号艇のwin_rate_rank_2to6が有利(+19.4pt) / [除外]6号艇のwin_rate_rank_2to6が不利(-8.0pt)、6号艇のvs_avg456_diffが不利(-5.0pt)、天気+1.7pt
139,13,尼崎,8,14:01,0.2606640990744392,2,0.35947935372470996,6,0.27259000236336783,0.1647577892572597,0.1490843041054149,0.4829850519826629,0.1352824288284215,0.26022596807488063,1-2,1-6,0.09370336187451318,0.024285183289528098,0.03276020556712091,0.03886092581577769,0.07105442738274653,True,True,False,False,予選,2026-10-03,1号艇のdominance,-0.3056,1号艇のracer_win_te,-0.1952,1号艇の年齢,-0.1192,1号艇の級別順位,-0.0921,1号艇vs2号艇のcumulative差,-0.0717,2号艇の節間得点,0.0689,2号艇のsession_exh_rel_avg,0.0506,2号艇の全国勝率,0.0452,3号艇のracer_win_te,0.0446,3号艇のracer_2nd_te,0.0433,6号艇のwin_rate_rank_2to6,0.3609,6号艇のclass_rank_2to6,0.156,6号艇の全国勝率,0.1335,6号艇のvs_avg456_diff,0.122,6号艇のsession_exh_rel_avg,0.1146,0.0426,北 3.3m/s,[逃げ]1号艇のdominanceが不利(-30.6pt)、1号艇のracer_win_teが不利(-19.5pt) / [2着]2号艇の節間得点が有利(+6.9pt)、2号艇のsession_exh_rel_avgが有利(+5.1pt) / [候補2]6号艇のwin_rate_rank_2to6が有利(+36.1pt)、6号艇のclass_rank_2to6が有利(+15.6pt)、天気+4.3pt
140,04,平和島,5,12:57,0.23397670486589672,3,0.36251123071359265,2,0.33293414520566245,0.16271801747181217,0.1522591563565685,0.5431862195626866,0.1329876477946864,0.2768584780990745,1-3,1-2,0.07789883423256488,0.08481918323924727,0.01877290310348063,0.03562509568997125,0.016860692087157278,True,True,False,False,一般,2026-10-03,1号艇のdominance,-0.207,1号艇vs3号艇のcumulative差,-0.1105,1号艇の年齢,-0.0986,場特性:in_escape_diff,-0.0963,1号艇の節間得点,-0.0896,3号艇のwin_rate_rank_2to6,0.1264,1号艇vs3号艇のcumulative差,0.082,3号艇のsession_exh_rel_avg,-0.0783,3号艇の節間得点,0.0722,ST差分(5-4),0.0495,2号艇のモーター2連率,0.1532,2号艇の当地勝率,0.0994,2号艇の全国勝率,0.0882,2号艇のclass_rank_2to6,-0.0615,2号艇の節間得点,-0.0581,-0.0486,東 2.9m/s,[逃げ]1号艇のdominanceが不利(-20.7pt)、1号艇vs3号艇のcumulative差が不利(-11.0pt) / [2着]3号艇のwin_rate_rank_2to6が有利(+12.6pt)、1号艇vs3号艇のcumulative差が有利(+8.2pt) / [候補2]2号艇のモーター2連率が有利(+15.3pt)、2号艇の当地勝率が有利(+9.9pt) / [除外]6号艇のwin_rate_rank_2to6が不利(-6.3pt)、天気-4.9pt
141,19,下関,3,16:24,0.21529375996697303,3,0.496841564724609,4,0.2152598589868971,0.15331099298868475,0.11230848518068612,0.5997929385308199,0.1326492425277576,0.2872555766513253,1-3,1-4,0.024179316050744984,0.10696688857743526,0.04634410441124948,0.023565134684531683,0.014238321857233897,True,False,False,False,予選,2026-10-03,1号艇のracer_win_te,-0.2881,1号艇のsession_exh_rel_avg,-0.2014,1号艇のdominance,-0.1646,1号艇の女子戦比率,-0.1262,1号艇の級別順位,-0.08,3号艇のwin_rate_rank_2to6,0.2444,1号艇vs3号艇のplace_rate差,-0.0784,6号艇の女子戦比率,0.0548,3号艇の当地勝率,0.053,3号艇のclass_rank_2to6,0.0515,4号艇のclass_rank_2to6,-0.0841,4号艇のwin_rate_rank_2to6,-0.0772,3号艇の年齢,0.0623,4号艇のモーター2連率,0.0598,3号艇の枠別勝率,-0.0522,0.018,南東 3.2m/s,[逃げ]1号艇のracer_win_teが不利(-28.8pt)、1号艇のsession_exh_rel_avgが不利(-20.1pt) / [2着]3号艇のwin_rate_rank_2to6が有利(+24.4pt)、1号艇vs3号艇のplace_rate差が不利(-7.8pt) / [候補2]4号艇のclass_rank_2to6が不利(-8.4pt)、4号艇のwin_rate_rank_2to6が不利(-7.7pt) / [除外]2号艇のwin_rate_rank_2to6が不利(-7.4pt)、天気+1.8pt
142,13,尼崎,5,12:29,0.21581600003891965,2,0.5448814636715754,3,0.19823367147822726,0.1603761360364116,0.1485923055689342,0.5945228295808684,0.13177934426214669,0.2906201440997487,1-2,1-3,0.11759413798495132,0.04278199805146028,0.03206859702444827,0.018226923994305262,0.005144335747959283,True,True,False,False,予選,2026-10-03,1号艇のdominance,-0.3134,1号艇のracer_win_te,-0.1531,1号艇のvs_max234_diff,-0.1507,1号艇の直近1着率,-0.132,1号艇の年齢,-0.117,2号艇のwin_rate_rank_2to6,0.1692,2号艇の当地勝率,0.1144,2号艇のclass_rank_2to6,0.1027,2号艇の節間得点,0.0618,2号艇の全国勝率,0.0559,1号艇のvs_max234_diff,-0.0702,3号艇のwin_rate_rank_2to6,-0.0701,3号艇のsession_exh_rel_avg,0.0592,6号艇の女子戦比率,0.0525,3号艇の年齢,-0.0522,0.0446,北東 2.8m/s,[逃げ]1号艇のdominanceが不利(-31.3pt)、1号艇のracer_win_teが不利(-15.3pt) / [2着]2号艇のwin_rate_rank_2to6が有利(+16.9pt)、2号艇の当地勝率が有利(+11.4pt) / [候補2]1号艇のvs_max234_diffが不利(-7.0pt)、3号艇のwin_rate_rank_2to6が不利(-7.0pt) / [除外]6号艇の女子戦比率が不利(-5.2pt)、天気+4.5pt
143,12,住之江,9,18:54,0.2671462581535987,4,0.3500421954011367,5,0.2825494614215139,0.16899449405935654,0.19485803205553048,0.43773362476712013,0.12947857261060505,0.2496162332716856,1-4,1-5,0.03793614413361452,0.05205559413480896,0.0935124626972845,0.07548203136207203,0.008160029806608172,True,False,False,False,予選,2026-10-03,1号艇のdominance,-0.2567,1号艇のracer_win_te,-0.2113,1号艇のvs_max234_diff,-0.1314,1号艇vs4号艇の枠別勝率差,-0.1012,1号艇の級別順位,-0.091,4号艇のclass_rank_2to6,0.11,4号艇のwin_rate_rank_2to6,0.1083,4号艇の全国勝率,0.0934,4号艇のsession_exh_rel_avg,0.068,4号艇のモーター2連率,0.0425,5号艇のwin_rate_rank_2to6,0.2429,5号艇のclass_rank_2to6,0.1679,1号艇の体重,-0.1399,avg_456_win_rate,0.1003,5号艇のsession_exh_rel_avg,0.067,0.0346,北 2.1m/s,[逃げ]1号艇のdominanceが不利(-25.7pt)、1号艇のracer_win_teが不利(-21.1pt) / [2着]4号艇のclass_rank_2to6が有利(+11.0pt)、4号艇のwin_rate_rank_2to6が有利(+10.8pt) / [候補2]5号艇のwin_rate_rank_2to6が有利(+24.3pt)、5号艇のclass_rank_2to6が有利(+16.8pt) / [除外]6号艇のsession_exh_rel_avgが不利(-6.2pt)、2号艇のwin_rate_rank_2to6が不利(-5.8pt)、天気+3.5pt
144,04,平和島,9,15:03,0.22501501327415252,2,0.45907453533663367,4,0.22439173210052063,0.15379017123980676,0.15377738720171003,0.5296888802354442,0.1254108303871335,0.266559783938498,1-2,1-4,0.10329866266259803,0.03460222082245727,0.05049150857720872,0.018887519081164466,0.01773509584387719,True,False,False,False,一般,2026-10-03,1号艇のdominance,-0.1266,1号艇の直近1着率,-0.1247,場特性:in_escape_diff,-0.1107,1号艇の年齢,-0.1013,6号艇の女子戦勝率,0.0883,2号艇のwin_rate_rank_2to6,0.2076,2号艇のclass_rank_2to6,0.0984,2号艇の全国勝率,0.061,3号艇の全国勝率,-0.0531,2号艇のモーター2連率,0.0488,4号艇の一般戦2連率,0.1281,4号艇のsession_exh_rel_avg,0.1248,4号艇の節間得点,0.0838,4号艇のwin_rate_rank_2to6,-0.0731,4号艇のclass_rank_2to6,-0.0673,-0.0219,東 3.6m/s,[逃げ]1号艇のdominanceが不利(-12.7pt)、1号艇の直近1着率が不利(-12.5pt) / [2着]2号艇のwin_rate_rank_2to6が有利(+20.8pt)、2号艇のclass_rank_2to6が有利(+9.8pt) / [候補2]4号艇の一般戦2連率が有利(+12.8pt)、4号艇のsession_exh_rel_avgが有利(+12.5pt) / [除外]3号艇のwin_rate_rank_2to6が不利(-5.5pt)、天気-2.2pt
145,04,平和島,1,10:56,0.33091034907474853,6,0.2653786275424777,2,0.2092716281145617,0.15706668178788954,0.19238864973072933,0.2822616059263101,0.1208052655956597,0.19462515902941568,1-6,1-2,0.06925014751083057,0.06366339524041517,0.06273437289542175,0.04744590161649632,0.08781653427705897,False,False,True,False,一般,2026-10-03,1号艇のdominance,-0.2477,1号艇のracer_win_te,-0.2407,場特性:in_escape_diff,-0.0929,1号艇の年齢,-0.0875,6号艇の年齢,-0.0755,6号艇のwin_rate_rank_2to6,0.3621,6号艇のclass_rank_2to6,0.1149,6号艇のvs_avg456_diff,0.1064,場特性:in_escape_diff,0.0756,場特性:1x_diff_course2,0.0738,2号艇の全国勝率,-0.0853,2号艇のracer_avgfin_te,-0.0555,2号艇の節間得点,-0.0545,2号艇のwin_rate_rank_2to6,-0.0528,2号艇のclass_rank_2to6,-0.0518,0.0673,北東 2.9m/s,[逃げ]1号艇のdominanceが不利(-24.8pt)、1号艇のracer_win_teが不利(-24.1pt) / [2着]6号艇のwin_rate_rank_2to6が有利(+36.2pt)、6号艇のclass_rank_2to6が有利(+11.5pt) / [候補2]2号艇の全国勝率が不利(-8.5pt)、2号艇のracer_avgfin_teが不利(-5.5pt)、天気+6.7pt
146,02,戸田,2,11:17,0.29350090536731427,2,0.3062248328871713,4,0.21436670712183425,0.15279408831920754,0.19018298573099449,0.3304085542780111,0.11792348521689695,0.2060784281068486,1-2,1-4,0.08987726569833929,0.05581887849750589,0.06291682262086824,0.0318669468495084,0.05302099607459676,True,True,False,False,予選,2026-10-03,1号艇のdominance,-0.2199,場特性:in_escape_diff,-0.129,4号艇のモーター2連率,-0.1079,1号艇の年齢,-0.0895,1号艇のvs_max234_diff,-0.0822,2号艇のwin_rate_rank_2to6,0.0818,2号艇のモーター2連率,0.0676,4号艇のモーター2連率,0.0637,1号艇の女子戦2連率,-0.042,1号艇の年齢,0.0401,4号艇のwin_rate_rank_2to6,-0.0856,4号艇のclass_rank_2to6,0.0678,4号艇のcumulative_diff_rank_2to6,0.0466,4号艇の直近複勝率,0.0423,場特性:1x_diff_course4,-0.0325,-0.0228,北東 1.2m/s,[逃げ]1号艇のdominanceが不利(-22.0pt)、場特性:in_escape_diffが不利(-12.9pt) / [2着]2号艇のwin_rate_rank_2to6が有利(+8.2pt)、2号艇のモーター2連率が有利(+6.8pt) / [候補2]4号艇のwin_rate_rank_2to6が不利(-8.6pt)、4号艇のclass_rank_2to6が有利(+6.8pt)、天気-2.3pt
147,23,唐津,6,10:53,0.25853743149122277,3,0.34493201378613614,2,0.25529191446354915,0.15518035272924563,0.20539875938511346,0.39482516886457186,0.116931730411408,0.22707379756984347,1-3,1-2,0.06600251584588294,0.08917783688336268,0.05310326768291092,0.037092139063427475,0.013161665273749871,False,False,True,False,予選,2026-10-03,1号艇の年齢,-0.2254,1号艇のdominance,-0.2227,1号艇のracer_win_te,-0.2082,1号艇のsession_exh_rel_avg,-0.1687,1号艇の直近1着率,-0.0986,3号艇のモーター2連率,0.1005,6号艇のracer_2nd_te,-0.0716,3号艇の全国2連率,0.0458,3号艇のsession_exh_rel_avg,-0.0396,3号艇のcumulative_diff_rank_2to6,0.0366,2号艇のwin_rate_rank_2to6,-0.1379,1号艇の年齢,-0.0999,2号艇の全国勝率,0.0517,6号艇のsession_avg_finish,-0.0446,4号艇のモーター2連率,0.0424,0.01,北東 5.8m/s,[逃げ]1号艇の年齢が不利(-22.5pt)、1号艇のdominanceが不利(-22.3pt) / [2着]3号艇のモーター2連率が有利(+10.1pt)、6号艇のracer_2nd_teが不利(-7.2pt) / [候補2]2号艇のwin_rate_rank_2to6が不利(-13.8pt)、1号艇の年齢が不利(-10.0pt) / [除外]5号艇の直近平均着順が不利(-17.6pt)、win_rate_range_1to6が不利(-7.0pt)、天気+1.0pt
148,06,浜名湖,1,11:20,0.19360393690006494,2,0.5407361661005599,3,0.17852355561074068,0.1392515137769529,0.1630461627453407,0.5562135589659599,0.11200620380357837,0.26434012733365503,1-2,1-3,0.10468865058131582,0.034562863195637075,0.03156637900394666,0.021288275943784147,0.0014977725027664136,True,True,False,False,一般,2026-10-03,1号艇のdominance,-0.4632,1号艇の全国2連率,-0.239,1号艇のracer_win_te,-0.1988,1号艇のvs_max234_diff,-0.1768,1号艇の年齢,0.1361,2号艇のsession_exh_rel_avg,0.1067,1号艇vs6号艇の枠別平均ST差,0.1038,6号艇のsession_rank_diff_last,-0.0894,3号艇のracer_2nd_te,0.0672,2号艇の全国勝率,0.0612,3号艇のwin_rate_rank_2to6,-0.1154,3号艇のracer_avgfin_te,-0.0715,3号艇の節間得点,-0.0607,3号艇の全国勝率,-0.058,2号艇のracer_win_te,0.0563,-0.0422,東 2.5m/s,[逃げ]1号艇のdominanceが不利(-46.3pt)、1号艇の全国2連率が不利(-23.9pt) / [2着]2号艇のsession_exh_rel_avgが有利(+10.7pt)、1号艇vs6号艇の枠別平均ST差が有利(+10.4pt) / [候補2]3号艇のwin_rate_rank_2to6が不利(-11.5pt)、3号艇のracer_avgfin_teが不利(-7.2pt) / [除外]6号艇のracer_win_teが不利(-14.3pt)、6号艇のvs_avg456_diffが不利(-12.3pt)、天気-4.2pt
149,12,住之江,5,17:01,0.22214353332919404,2,0.39245049851377456,4,0.30143217889767493,0.15414154967610072,0.23516530985646644,0.45871736755498305,0.11064305532649736,0.2455142950397654,1-2,1-4,0.0871803403966535,0.052240452847970194,0.06696120927944724,0.01398157354056002,0.0017799539543665247,True,False,False,False,予選,2026-10-03,1号艇のdominance,-0.3722,1号艇の直近1着率,-0.1537,1号艇のvs_max234_diff,-0.1396,6号艇の枠別出走数,-0.1366,1号艇のracer_win_te,-0.0994,2号艇のwin_rate_rank_2to6,0.0652,2号艇の節間得点,0.0632,4号艇のracer_win_te,-0.055,2号艇のclass_rank_2to6,0.0487,1号艇の直近複勝率,0.0422,4号艇のwin_rate_rank_2to6,0.165,4号艇の全国勝率,0.0952,4号艇のclass_rank_2to6,0.0839,4号艇のsession_exh_rel_avg,0.0615,級別の分散(2-6号艇),-0.0482,0.0356,北東 2.0m/s,[逃げ]1号艇のdominanceが不利(-37.2pt)、1号艇の直近1着率が不利(-15.4pt) / [2着]2号艇のwin_rate_rank_2to6が有利(+6.5pt)、2号艇の節間得点が有利(+6.3pt) / [候補2]4号艇のwin_rate_rank_2to6が有利(+16.5pt)、4号艇の全国勝率が有利(+9.5pt) / [除外]6号艇のvs_avg456_diffが不利(-12.7pt)、6号艇の直近平均着順が不利(-10.9pt)、天気+3.6pt
150,11,琵琶湖,8,13:47,0.1663946760131505,2,0.45863515325181414,3,0.31892732627537146,0.129382256860908,0.16633192932980484,0.6112305501973807,0.10355777637524496,0.2739367448618498,1-2,1-3,0.07631444773357725,0.05306780912733077,0.027676747491475123,0.00865192227994961,0.0006837520152587592,True,True,False,False,予選,2026-10-03,1号艇のdominance,-0.4386,1号艇のvs_max234_diff,-0.1796,1号艇のracer_win_te,-0.1696,1号艇の直近1着率,-0.1105,1号艇の級別順位,-0.0982,2号艇のwin_rate_rank_2to6,0.2049,2号艇のclass_rank_2to6,0.0775,1号艇vs2号艇のplace_rate差,-0.0626,1号艇vs2号艇の枠別平均ST差,0.0328,2号艇の全国勝率,0.0322,3号艇のwin_rate_rank_2to6,0.0586,3号艇のracer_2nd_te,0.05,3号艇の年齢,-0.0469,3号艇の当地勝率,0.0403,3号艇のcumulative_diff_rank_2to6,0.0398,0.0671,北東 1.5m/s,[逃げ]1号艇のdominanceが不利(-43.9pt)、1号艇のvs_max234_diffが不利(-18.0pt) / [2着]2号艇のwin_rate_rank_2to6が有利(+20.5pt)、2号艇のclass_rank_2to6が有利(+7.8pt) / [候補2]3号艇のwin_rate_rank_2to6が有利(+5.9pt)、3号艇のracer_2nd_teが有利(+5.0pt) / [除外]6号艇の全国勝率が不利(-18.5pt)、6号艇のwin_rate_rank_2to6が不利(-11.8pt)、天気+6.7pt
151,09,津,3,11:28,0.2134072298564042,2,0.30022502562008163,3,0.21011624248860009,0.10891051630847824,0.19902265716308792,0.3113186109455938,0.08289972389001765,0.1696329446996129,1-2,1-3,0.0640701910511496,0.04484032525732864,0.042472873943835435,0.034206762992505815,0.027817078201592474,True,True,False,False,予選,2026-10-03,1号艇のdominance,-0.3355,1号艇のracer_win_te,-0.2071,1号艇のvs_max234_diff,-0.1275,1号艇の年齢,-0.1023,1号艇の級別順位,-0.1018,2号艇のsession_exh_rel_avg,-0.1266,1号艇vs6号艇の直近複勝率差,-0.0615,2号艇のwin_rate_rank_2to6,0.0582,1号艇の年齢,0.0472,場特性:1x_diff_course2,0.0458,1号艇vs6号艇のcumulative差,-0.1418,3号艇のwin_rate_rank_2to6,-0.0998,1号艇のvs_max234_diff,-0.0587,3号艇のcumulative_diff_rank_2to6,-0.0534,3号艇の年齢,-0.0523,0.0169,南東 1.9m/s,[逃げ]1号艇のdominanceが不利(-33.5pt)、1号艇のracer_win_teが不利(-20.7pt) / [2着]2号艇のsession_exh_rel_avgが不利(-12.7pt)、1号艇vs6号艇の直近複勝率差が不利(-6.2pt) / [候補2]1号艇vs6号艇のcumulative差が不利(-14.2pt)、3号艇のwin_rate_rank_2to6が不利(-10.0pt) / [除外]4号艇のwin_rate_rank_2to6が不利(-5.4pt)、天気+1.7pt
152,23,唐津,8,11:55,0.20164575009992253,2,0.3288362710767464,3,0.25249384784681184,0.11722274788601807,0.24742102115614117,0.33390909776741706,0.0824187015043931,0.18222865285043777,1-2,1-3,0.06630843654133199,0.05091431134468608,0.049891397401518885,0.028942650960953463,0.0055889594853492704,True,True,False,False,８っぴータイ,2026-10-03,1号艇のdominance,-0.2583,1号艇のsession_exh_rel_avg,-0.1979,1号艇のracer_win_te,-0.1948,1号艇のvs_max234_diff,-0.1255,1号艇の全国勝率,-0.0836,2号艇のsession_exh_rel_avg,0.0619,2号艇のclass_rank_2to6,-0.0491,2号艇のwin_rate_rank_2to6,0.0373,2号艇のsession_rank_diff_delta,-0.0373,2号艇の全国勝率,0.032,4号艇のsession_rank_diff_last,-0.0832,3号艇のwin_rate_rank_2to6,-0.0661,4号艇の直近1着率,0.0432,3号艇のモーター2連率,-0.0402,1号艇の一般戦2連率,0.0366,-0.0195,北東 5.0m/s,[逃げ]1号艇のdominanceが不利(-25.8pt)、1号艇のsession_exh_rel_avgが不利(-19.8pt) / [2着]2号艇のsession_exh_rel_avgが有利(+6.2pt)、2号艇のclass_rank_2to6が不利(-4.9pt) / [候補2]4号艇のsession_rank_diff_lastが不利(-8.3pt)、3号艇のwin_rate_rank_2to6が不利(-6.6pt) / [除外]6号艇のwin_rate_rank_2to6が不利(-5.7pt)、5号艇のwin_rate_rank_2to6が不利(-5.5pt)、天気-1.9pt
153,04,平和島,6,13:32,0.14919017082717947,2,0.3426208387032005,4,0.27189222035606164,0.09167930825658395,0.15953011285000024,0.4549829462092619,0.0741285757859646,0.2006703996423873,1-2,1-4,0.051115661455081986,0.020787137380161698,0.040563646801501964,0.023800324788170756,0.012923400958039776,True,True,False,False,一般,2026-10-03,1号艇のdominance,-0.3709,1号艇の全国2連率,-0.2584,1号艇の年齢,-0.1572,1号艇のvs_max234_diff,-0.1291,場特性:in_escape_diff,-0.095,2号艇のwin_rate_rank_2to6,-0.1257,3号艇の全国勝率,-0.093,2号艇のsession_exh_rel_avg,-0.0668,3号艇の直近平均着順,0.0611,1号艇vs5号艇の枠別平均ST差,0.0539,4号艇のclass_rank_2to6,0.1576,1号艇の直近複勝率,0.144,4号艇のwin_rate_rank_2to6,0.1144,5号艇の年齢,0.1087,1号艇vs5号艇のlocal_win_rate差,0.1065,-0.0451,東 3.4m/s,[逃げ]1号艇のdominanceが不利(-37.1pt)、1号艇の全国2連率が不利(-25.8pt) / [2着]2号艇のwin_rate_rank_2to6が不利(-12.6pt)、3号艇の全国勝率が不利(-9.3pt) / [候補2]4号艇のclass_rank_2to6が有利(+15.8pt)、1号艇の直近複勝率が有利(+14.4pt) / [除外]6号艇のvs_avg456_diffが不利(-7.0pt)、6号艇のwin_rate_rank_2to6が不利(-6.7pt)、天気-4.5pt
154,06,浜名湖,3,12:11,0.20837200322259775,3,0.24253607581930167,6,0.21670951589641635,0.0956939239169514,0.21483761432908904,0.24440797738662895,0.07102353873282277,0.14030813995785468,1-3,1-6,0.044766144065316156,0.050537727972215736,0.023524951947246728,0.04438698329308346,0.04515619594473567,True,True,False,False,一般,2026-10-03,1号艇のdominance,-0.298,1号艇のracer_win_te,-0.1794,6号艇の枠別出走数,-0.1737,1号艇の年齢,0.0956,1号艇の級別順位,-0.0832,3号艇のwin_rate_rank_2to6,-0.1043,3号艇のsession_exh_rel_avg,0.0755,3号艇の全国勝率,-0.0744,3号艇のracer_avgfin_te,-0.0672,1号艇vs6号艇のplace_rate差,0.0605,6号艇のwin_rate_rank_2to6,0.2693,1号艇vs5号艇の直近複勝率差,0.2315,6号艇のclass_rank_2to6,0.1275,6号艇の節間得点,0.0994,5号艇の年齢,0.0977,-0.0822,東 1.8m/s,[逃げ]1号艇のdominanceが不利(-29.8pt)、1号艇のracer_win_teが不利(-17.9pt) / [2着]3号艇のwin_rate_rank_2to6が不利(-10.4pt)、3号艇のsession_exh_rel_avgが有利(+7.5pt) / [候補2]6号艇のwin_rate_rank_2to6が有利(+26.9pt)、1号艇vs5号艇の直近複勝率差が有利(+23.1pt)、天気-8.2pt
155,13,尼崎,1,10:41,0.08939248042288547,3,0.6501994784709046,2,0.17903836194909856,0.07412762741566097,0.1027360106291316,0.7265018297908715,0.06498893535395578,0.2698398881282241,1-3,1-2,0.016004683265480275,0.05812294415018069,0.00918382681889,0.0026517777131491588,0.003429246810120655,False,False,True,False,朝からセンプ,2026-10-03,1号艇のdominance,-0.4323,1号艇の女子戦比率,-0.2547,1号艇のracer_win_te,-0.1838,1号艇のvs_max234_diff,-0.157,1号艇の平均ST,-0.1352,3号艇のwin_rate_rank_2to6,0.1656,3号艇のsession_exh_rel_avg,0.1088,3号艇のモーター2連率,0.0867,3号艇の当地勝率,0.0852,2号艇のracer_win_te,0.0602,5号艇の枠別勝率,0.0749,6号艇のsession_rank_diff_last,-0.0686,2号艇のracer_avgfin_te,-0.0595,2号艇のsession_avg_finish,-0.0515,2号艇のwin_rate_rank_2to6,-0.0508,0.0398,北東 2.8m/s,[逃げ]1号艇のdominanceが不利(-43.2pt)、1号艇の女子戦比率が不利(-25.5pt) / [2着]3号艇のwin_rate_rank_2to6が有利(+16.6pt)、3号艇のsession_exh_rel_avgが有利(+10.9pt) / [候補2]5号艇の枠別勝率が有利(+7.5pt)、6号艇のsession_rank_diff_lastが不利(-6.9pt) / [除外]6号艇のwin_rate_rank_2to6が不利(-5.9pt)、天気+4.0pt
156,02,戸田,4,12:19,0.12649863916835047,2,0.458562908613388,6,0.1579050977070077,0.07798236389035612,0.14626702057080956,0.47020098574958613,0.06429486626238283,0.1956479504481251,1-2,1-6,0.058007583912674236,0.01455161238072405,0.018502579057416535,0.015462084782342057,0.019974779977681892,True,True,False,False,予選,2026-10-03,1号艇の年齢,-0.2567,1号艇のdominance,-0.242,1号艇のracer_win_te,-0.2149,1号艇の直近1着率,-0.1332,場特性:in_escape_diff,-0.1007,2号艇のwin_rate_rank_2to6,0.172,3号艇の全国勝率,-0.0945,1号艇vs2号艇のplace_rate差,-0.0703,1号艇の直近複勝率,0.0616,3号艇の直近平均着順,0.0603,1号艇vs5号艇の直近複勝率差,0.2096,6号艇のモーター2連率,0.1087,6号艇のwin_rate_rank_2to6,0.0979,1号艇vs6号艇の枠別勝率差,-0.081,1号艇vs6号艇のlocal_win_rate差,0.0772,0.0471,東 1.4m/s,[逃げ]1号艇の年齢が不利(-25.7pt)、1号艇のdominanceが不利(-24.2pt) / [2着]2号艇のwin_rate_rank_2to6が有利(+17.2pt)、3号艇の全国勝率が不利(-9.5pt) / [候補2]1号艇vs5号艇の直近複勝率差が有利(+21.0pt)、6号艇のモーター2連率が有利(+10.9pt) / [除外]2号艇のracer_2nd_teが不利(-5.5pt)、天気+4.7pt
