rank,venue_code,venue_name,race_no,closing_time,in_escape_prob,second_pred_1,second_pred_1_prob,second_pred_2,second_pred_2_prob,confidence_score,third_prob,top2_margin,adjusted_score,score_margin_blend,ticket_1,ticket_2,score_boat2,score_boat3,score_boat4,score_boat5,score_boat6,is_teppan,is_lunch,is_excluded,is_channel_target,race_grade,race_date,top_feat_1,top_feat_1_contrib,top_feat_2,top_feat_2_contrib,top_feat_3,top_feat_3_contrib,top_feat_4,top_feat_4_contrib,top_feat_5,top_feat_5_contrib,s2_top_feat_1,s2_top_feat_1_contrib,s2_top_feat_2,s2_top_feat_2_contrib,s2_top_feat_3,s2_top_feat_3_contrib,s2_top_feat_4,s2_top_feat_4_contrib,s2_top_feat_5,s2_top_feat_5_contrib,s2_top2_feat_1,s2_top2_feat_1_contrib,s2_top2_feat_2,s2_top2_feat_2_contrib,s2_top2_feat_3,s2_top2_feat_3_contrib,s2_top2_feat_4,s2_top2_feat_4_contrib,s2_top2_feat_5,s2_top2_feat_5_contrib,weather_contribution,wind_info,reason_text
1,05,多摩川,8,14:14,0.8125383706827294,2,0.5462131032652038,3,0.33583573852829407,0.7166985287734773,0.07334761710433634,0.8087012246891615,0.6536167736522155,0.7442993375481826,1-2,1-3,0.4438191049726661,0.2728794238008112,0.05959775329541814,0.029328289005242873,0.006913801878797078,True,True,False,False,予選,2026-10-07,1号艇のsession_exh_rel_avg,0.1475,1号艇の節間得点,0.0997,1号艇の級別順位,0.079,1号艇のdominance,0.0768,1号艇vs3号艇のlocal_win_rate差,-0.0713,2号艇のwin_rate_rank_2to6,0.2215,2号艇のclass_rank_2to6,0.119,5号艇のracer_2nd_te,-0.0539,ST差分(3-2),-0.052,2号艇の全国勝率,0.0488,3号艇のwin_rate_rank_2to6,0.0684,3号艇の当地勝率,0.0453,3号艇のcumulative_diff_rank_2to6,0.0412,3号艇のモーター2連率,0.0396,場特性:1x_diff_course3,-0.0388,0.0443,南 0.4m/s,[逃げ]1号艇のsession_exh_rel_avgが有利(+14.8pt)、1号艇の節間得点が有利(+10.0pt) / [2着]2号艇のwin_rate_rank_2to6が有利(+22.1pt)、2号艇のclass_rank_2to6が有利(+11.9pt) / [候補2]3号艇のwin_rate_rank_2to6が有利(+6.8pt)、3号艇の当地勝率が有利(+4.5pt) / [除外]5号艇の直近平均着順が不利(-11.0pt)、1号艇vs5号艇の直近複勝率差が不利(-7.7pt)、天気+4.4pt
2,24,大村,10,19:39,0.8410532753252333,2,0.6200038940911679,3,0.18743981698963105,0.6791031778452673,0.12738280287442416,0.6800609082063748,0.5752958983634369,0.6793904969535995,1-2,1-3,0.5214563058397758,0.15764687200549152,0.10713572357764299,0.04874889040728338,0.006065471745661189,True,False,False,False,予選特賞,2026-10-07,場特性:in_escape_diff,0.1712,1号艇のdominance,0.1694,1号艇のsession_exh_rel_avg,0.1424,5号艇の枠別出走数,-0.0939,1号艇の勝率順位,0.0875,2号艇のwin_rate_rank_2to6,0.2357,2号艇のclass_rank_2to6,0.1387,ST差分(6-5),0.0928,2号艇のracer_avgfin_te,0.0681,レース時間帯,-0.0666,3号艇のwin_rate_rank_2to6,-0.1248,3号艇の全国勝率,-0.0778,3号艇のsession_exh_rel_avg,0.074,3号艇のモーター2連率,0.0645,3号艇の当地勝率,-0.0622,0.0552,北 3.8m/s,[逃げ]場特性:in_escape_diffが有利(+17.1pt)、1号艇のdominanceが有利(+16.9pt) / [2着]2号艇のwin_rate_rank_2to6が有利(+23.6pt)、2号艇のclass_rank_2to6が有利(+13.9pt) / [候補2]3号艇のwin_rate_rank_2to6が不利(-12.5pt)、3号艇の全国勝率が不利(-7.8pt) / [除外]1号艇vs5号艇の勝率差が不利(-8.3pt)、win_rate_range_1to6が不利(-7.8pt)、天気+5.5pt
3,20,若松,3,19:03,0.7401002375856921,2,0.7264560804679212,3,0.10596259201681474,0.6160732572767196,0.0806149244872473,0.7518037479974887,0.5564756183399493,0.6567924044929503,1-2,1-3,0.5376503177498791,0.07842293952684035,0.02761999077648434,0.03674387028070037,0.05966312476596436,True,False,False,False,予選,2026-10-07,1号艇のsession_exh_rel_avg,0.1726,1号艇の節間得点,0.1058,1号艇の級別順位,-0.0975,1号艇のdominance,-0.0741,avg_entry_count,-0.0698,2号艇のwin_rate_rank_2to6,0.2292,2号艇のclass_rank_2to6,0.1369,2号艇の当地勝率,0.1134,2号艇の節間得点,0.0826,2号艇の全国勝率,0.0604,3号艇のwin_rate_rank_2to6,-0.0946,3号艇の年齢,-0.0783,3号艇の全国勝率,-0.0743,3号艇のcumulative_diff_rank_2to6,-0.0487,場特性:1x_diff_course3,0.0476,0.0674,北 3.9m/s,[逃げ]1号艇のsession_exh_rel_avgが有利(+17.3pt)、1号艇の節間得点が有利(+10.6pt) / [2着]2号艇のwin_rate_rank_2to6が有利(+22.9pt)、2号艇のclass_rank_2to6が有利(+13.7pt) / [候補2]3号艇のwin_rate_rank_2to6が不利(-9.5pt)、3号艇の年齢が不利(-7.8pt) / [除外]1号艇vs4号艇のcumulative差が不利(-5.5pt)、3号艇の女子戦2連率が不利(-5.3pt)、天気+6.7pt
4,05,多摩川,9,14:46,0.7768117420418736,3,0.60292585538736,2,0.22591985446539242,0.64385707975465,0.14119157797374843,0.6876541318790039,0.5347684432584956,0.6569961953919561,1-3,1-2,0.17549719570910804,0.4683598840455419,0.10967927564742855,0.017946016766220964,0.0053293655328003516,True,True,False,False,予選特賞,2026-10-07,1号艇のsession_exh_rel_avg,0.1992,1号艇のracer_win_te,0.1268,3号艇のracer_win_te,-0.1256,1号艇の節間得点,0.1009,5号艇の枠別出走数,-0.0987,3号艇のwin_rate_rank_2to6,0.2292,3号艇の当地勝率,0.112,3号艇のsession_exh_rel_avg,0.0948,3号艇のclass_rank_2to6,0.0565,3号艇の全国勝率,0.0497,2号艇のsession_exh_rel_avg,-0.1201,2号艇のclass_rank_2to6,0.0662,2号艇の節間得点,-0.0624,1号艇vs2号艇のcumulative差,-0.057,2号艇のモーター2連率,-0.0529,0.027,北西 1.1m/s,[逃げ]1号艇のsession_exh_rel_avgが有利(+19.9pt)、1号艇のracer_win_teが有利(+12.7pt) / [2着]3号艇のwin_rate_rank_2to6が有利(+22.9pt)、3号艇の当地勝率が有利(+11.2pt) / [候補2]2号艇のsession_exh_rel_avgが不利(-12.0pt)、2号艇のclass_rank_2to6が有利(+6.6pt) / [除外]win_rate_range_1to6が不利(-7.5pt)、6号艇のwin_rate_rank_2to6が不利(-7.2pt)、天気+2.7pt
5,18,徳山,1,08:47,0.8642567521250535,3,0.49758253090534793,2,0.2520039706151186,0.6478351952408599,0.14827878446294007,0.6013077170575265,0.5325629369017084,0.6338769517858598,1-3,1-2,0.2177961331664398,0.43003906207442005,0.12815094066899144,0.08573914362819897,0.0025314508546539845,False,False,True,False,朝トク一般,2026-10-07,場特性:in_escape_diff,0.1766,1号艇のdominance,0.1726,1号艇のsession_exh_rel_avg,0.1231,6号艇の枠別出走数,-0.0686,1号艇の年齢,0.0678,3号艇のwin_rate_rank_2to6,0.1528,3号艇のsession_exh_rel_avg,-0.135,場特性:1x_diff_course3,0.0506,3号艇の当地勝率,0.0501,2号艇の直近1着率,0.0425,2号艇の全国勝率,-0.097,2号艇のsession_exh_rel_avg,-0.0632,2号艇の直近平均着順,-0.0618,2号艇の節間得点,-0.0517,2号艇のwin_rate_rank_2to6,-0.0504,0.0504,北 3.6m/s,[逃げ]場特性:in_escape_diffが有利(+17.7pt)、1号艇のdominanceが有利(+17.3pt) / [2着]3号艇のwin_rate_rank_2to6が有利(+15.3pt)、3号艇のsession_exh_rel_avgが不利(-13.5pt) / [候補2]2号艇の全国勝率が不利(-9.7pt)、2号艇のsession_exh_rel_avgが不利(-6.3pt) / [除外]6号艇の直近平均着順が不利(-20.1pt)、6号艇の全国勝率が不利(-17.7pt)、天気+5.0pt
6,18,徳山,6,11:02,0.776978259974273,3,0.587611895850138,2,0.21630636982313683,0.6246270152243564,0.1291899056311955,0.6747283600420794,0.5277924090425204,0.6396574186696733,1-3,1-2,0.16806534684653243,0.45656166837782386,0.10037774808356681,0.04933422946241057,0.00263925019893051,True,True,False,False,一般,2026-10-07,場特性:in_escape_diff,0.2912,1号艇のracer_win_te,-0.2197,1号艇のracer_avgfin_te,0.1236,1号艇の級別順位,-0.1013,1号艇の節間得点,0.0941,3号艇のwin_rate_rank_2to6,0.2189,2号艇のvs_boat3_diff,0.0643,3号艇の全国勝率,0.0631,3号艇のsession_exh_rel_avg,-0.0532,3号艇のsession_exh_rel_last,-0.0491,2号艇のwin_rate_rank_2to6,-0.1677,2号艇のsession_exh_rel_avg,-0.1343,2号艇の節間得点,-0.0568,2号艇のsession_avg_finish,-0.0456,場特性:1x_diff_course2,0.0392,0.0729,北 3.2m/s,[逃げ]場特性:in_escape_diffが有利(+29.1pt)、1号艇のracer_win_teが不利(-22.0pt) / [2着]3号艇のwin_rate_rank_2to6が有利(+21.9pt)、2号艇のvs_boat3_diffが有利(+6.4pt) / [候補2]2号艇のwin_rate_rank_2to6が不利(-16.8pt)、2号艇のsession_exh_rel_avgが不利(-13.4pt) / [除外]5号艇の直近平均着順が不利(-28.9pt)、1号艇vs5号艇の勝率差が不利(-8.7pt)、天気+7.3pt
7,24,大村,11,20:10,0.8137437140917492,3,0.5814797643475428,2,0.15840638888305372,0.6020777063349226,0.11408691142466512,0.6257992418059314,0.5196506831908452,0.6091941669762252,1-3,1-2,0.1289022032255581,0.4731755031093645,0.05343754074894495,0.0928375070319634,0.06539094481876037,False,False,False,False,予選特選,2026-10-07,場特性:in_escape_diff,0.1837,1号艇のracer_win_te,0.1702,1号艇のdominance,0.1673,1号艇の一般戦勝率,-0.0694,1号艇の級別順位,0.0682,3号艇のsession_exh_rel_avg,0.0912,3号艇のwin_rate_rank_2to6,0.067,場特性:1x_diff_course3,0.0497,2号艇の直近1着率,0.047,1号艇の一般戦勝率,0.0457,2号艇のwin_rate_rank_2to6,-0.1509,2号艇の全国勝率,-0.0811,2号艇の直近平均着順,-0.0732,レース時間帯,-0.0692,2号艇のsession_exh_rel_avg,-0.0601,0.1588,北 3.5m/s,[逃げ]場特性:in_escape_diffが有利(+18.4pt)、1号艇のracer_win_teが有利(+17.0pt) / [2着]3号艇のsession_exh_rel_avgが有利(+9.1pt)、3号艇のwin_rate_rank_2to6が有利(+6.7pt) / [候補2]2号艇のwin_rate_rank_2to6が不利(-15.1pt)、2号艇の全国勝率が不利(-8.1pt) / [除外]4号艇の女子戦2連率が不利(-13.9pt)、4号艇のwin_rate_rank_2to6が不利(-5.2pt)、天気+15.9pt
8,20,若松,10,22:05,0.7740515923654998,3,0.5612780340760923,4,0.21531406843372458,0.6011223535661953,0.11681889060400917,0.6597732119058077,0.5168554178131466,0.618717611068079,1-3,1-4,0.09042384829040442,0.43445815603637655,0.1666641975298187,0.06140861553350948,0.021096793718575403,False,False,False,False,予選特賞,2026-10-07,1号艇のdominance,0.269,1号艇の勝率順位,0.0886,1号艇のracer_win_te,0.0876,3号艇のsession_exh_rel_avg,-0.07,1号艇のlocal_win_rate順位,0.0684,3号艇のsession_exh_rel_avg,0.1152,3号艇の当地勝率,0.0935,3号艇のwin_rate_rank_2to6,0.0842,3号艇の全国勝率,0.0439,3号艇のclass_rank_2to6,0.0431,4号艇のwin_rate_rank_2to6,0.1444,4号艇のclass_rank_2to6,0.1214,4号艇のcumulative_diff_rank_2to6,-0.0612,4号艇の直近1着率,-0.0603,4号艇のモーター2連率,0.0445,0.0635,北東 2.5m/s,[逃げ]1号艇のdominanceが有利(+26.9pt)、1号艇の勝率順位が有利(+8.9pt) / [2着]3号艇のsession_exh_rel_avgが有利(+11.5pt)、3号艇の当地勝率が有利(+9.3pt) / [候補2]4号艇のwin_rate_rank_2to6が有利(+14.4pt)、4号艇のclass_rank_2to6が有利(+12.1pt) / [除外]6号艇のwin_rate_rank_2to6が不利(-7.7pt)、2号艇のwin_rate_rank_2to6が不利(-5.8pt)、天気+6.4pt
9,18,徳山,2,09:13,0.8739556904294419,3,0.4118393229351126,2,0.2789319766172438,0.6037035080291224,0.12187674259331346,0.5688945569590429,0.5154106075682277,0.5932608227080985,1-3,1-2,0.24377418820737223,0.3599293198217502,0.10651487272043063,0.10306046045598921,0.060676845968160927,False,False,True,False,狙いトク一般,2026-10-07,1号艇のdominance,0.3615,場特性:in_escape_diff,0.1881,1号艇のvs_max234_diff,0.139,1号艇の全国勝率,0.1303,1号艇のvs_max234_frame_diff,0.1029,3号艇のracer_win_te,-0.0891,3号艇の当地勝率,-0.0728,3号艇のwin_rate_rank_2to6,0.0711,5号艇の一般戦2連率,0.063,3号艇の全国勝率,-0.0486,1号艇vs2号艇の枠別勝率差,-0.2359,2号艇のsession_exh_rel_avg,-0.0651,second_best_win_rate,0.0584,2号艇の直近平均着順,-0.0583,2号艇の節間得点,-0.058,0.0251,北 3.7m/s,[逃げ]1号艇のdominanceが有利(+36.1pt)、場特性:in_escape_diffが有利(+18.8pt) / [2着]3号艇のracer_win_teが不利(-8.9pt)、3号艇の当地勝率が不利(-7.3pt) / [候補2]1号艇vs2号艇の枠別勝率差が不利(-23.6pt)、2号艇のsession_exh_rel_avgが不利(-6.5pt) / [除外]1号艇vs5号艇のlocal_win_rate差が不利(-5.0pt)、天気+2.5pt
10,05,多摩川,11,15:50,0.8356904551336859,3,0.42664223247193156,2,0.30450009235041753,0.6110086621982901,0.1446076367903203,0.5865346880320288,0.5049808397595983,0.6036664699484117,1-3,1-2,0.2544678207645698,0.35654084143372033,0.12084722180510951,0.0741672414103533,0.02966733750290691,True,False,False,False,予選特選,2026-10-07,1号艇のdominance,0.3055,1号艇のsession_exh_rel_avg,0.1646,1号艇のracer_win_te,0.0889,風速区分,0.0821,1号艇の勝率順位,0.0766,3号艇のwin_rate_rank_2to6,0.1703,3号艇のsession_exh_rel_avg,0.1118,3号艇の節間得点,0.0466,場特性:1x_diff_course3,-0.0366,1号艇vs2号艇のcumulative差,0.0328,2号艇のwin_rate_rank_2to6,0.0628,2号艇のsession_exh_rel_avg,0.0627,2号艇の当地勝率,-0.0438,1号艇vs2号艇のplace_rate差,-0.0341,レース時間帯,-0.0305,0.0973,北西 1.4m/s,[逃げ]1号艇のdominanceが有利(+30.6pt)、1号艇のsession_exh_rel_avgが有利(+16.5pt) / [2着]3号艇のwin_rate_rank_2to6が有利(+17.0pt)、3号艇のsession_exh_rel_avgが有利(+11.2pt) / [候補2]2号艇のwin_rate_rank_2to6が有利(+6.3pt)、2号艇のsession_exh_rel_avgが有利(+6.3pt) / [除外]6号艇のwin_rate_rank_2to6が不利(-6.7pt)、1号艇vs6号艇のcumulative差が不利(-6.3pt)、天気+9.7pt
11,11,琵琶湖,11,15:31,0.7906179063701049,3,0.3890014569635405,2,0.3761034623202631,0.6049056494376288,0.1559663957589284,0.6091385235248752,0.49169170473722784,0.6061755116638027,1-3,1-2,0.29735413195819405,0.3075515174794348,0.12330982527901517,0.04855109209251239,0.013851357232635699,True,False,False,False,準優勝戦,2026-10-07,1号艇のsession_exh_rel_avg,0.1193,3号艇のracer_win_te,-0.1091,風速区分,0.0932,1号艇の節間得点,0.0902,場特性:in_escape_diff,-0.0869,3号艇のwin_rate_rank_2to6,0.1843,3号艇のsession_exh_rel_avg,0.1487,3号艇の当地勝率,0.1142,3号艇の節間得点,0.0678,5号艇のsession_exh_rel_last,-0.045,2号艇のsession_exh_rel_avg,0.1251,2号艇の当地勝率,0.1089,2号艇の全国勝率,0.0745,3号艇の全国2連率,0.0709,2号艇の節間得点,0.0507,0.155,北西 3.9m/s,[逃げ]1号艇のsession_exh_rel_avgが有利(+11.9pt)、3号艇のracer_win_teが不利(-10.9pt) / [2着]3号艇のwin_rate_rank_2to6が有利(+18.4pt)、3号艇のsession_exh_rel_avgが有利(+14.9pt) / [候補2]2号艇のsession_exh_rel_avgが有利(+12.5pt)、2号艇の当地勝率が有利(+10.9pt) / [除外]3号艇のracer_avgfin_teが不利(-8.1pt)、2号艇の直近1着率が不利(-5.9pt)、天気+15.5pt
12,07,蒲郡,7,17:55,0.7547860407435907,3,0.5182751342684506,2,0.2422510611313478,0.5740345559076002,0.13505659130108938,0.625469604098709,0.4810019754157021,0.5894650703649329,1-3,1-2,0.18284771929726357,0.3911868366103367,0.10193882982447453,0.06465453345422362,0.014158113121900911,True,False,False,False,予選,2026-10-07,1号艇のdominance,0.2156,1号艇のracer_win_te,0.1692,6号艇の枠別出走数,-0.0959,1号艇の年齢,-0.0912,1号艇の勝率順位,0.0772,3号艇のwin_rate_rank_2to6,0.1764,場特性:1x_diff_course3,0.0476,3号艇のclass_rank_2to6,0.0455,3号艇のracer_2nd_te,0.0447,3号艇の一般戦2連率,0.0446,2号艇のwin_rate_rank_2to6,0.0566,2号艇のモーター2連率,-0.0476,2号艇のracer_avgfin_te,-0.0377,2号艇の当地勝率,-0.0331,2号艇のsession_exh_rel_avg,-0.0326,-0.008,北西 3.9m/s,[逃げ]1号艇のdominanceが有利(+21.6pt)、1号艇のracer_win_teが有利(+16.9pt) / [2着]3号艇のwin_rate_rank_2to6が有利(+17.6pt)、場特性:1x_diff_course3が有利(+4.8pt) / [候補2]2号艇のwin_rate_rank_2to6が有利(+5.7pt)、2号艇のモーター2連率が不利(-4.8pt) / [除外]6号艇のwin_rate_rank_2to6が不利(-7.7pt)、天気-0.8pt
13,05,多摩川,6,13:10,0.6954799267170374,5,0.5698067504671229,2,0.20962358389518454,0.5420781518233335,0.11601875039337223,0.6634115839689352,0.46660867607522327,0.578478181467014,1-5,1-2,0.14578899476558568,0.06693312528092188,0.08068871202138476,0.39628915705774787,0.005779938886829476,True,True,False,False,予選,2026-10-07,1号艇のdominance,0.1684,1号艇のvs_max234_diff,0.1289,5号艇の節間得点,-0.126,3号艇の枠別出走数,-0.1075,1号艇の勝率順位,0.0909,5号艇のwin_rate_rank_2to6,0.2423,3号艇のracer_avgfin_te,0.1417,5号艇のclass_rank_2to6,0.1258,5号艇のsession_exh_rel_avg,0.1228,1号艇vs4号艇の勝率差,0.1151,win_rate_gap_top2_2to6,-0.1147,2号艇の全国勝率,-0.0964,2号艇のclass_rank_2to6,0.0844,2号艇のモーター2連率,0.0697,3号艇のracer_2nd_te,0.0611,-0.0215,北 1.5m/s,[逃げ]1号艇のdominanceが有利(+16.8pt)、1号艇のvs_max234_diffが有利(+12.9pt) / [2着]5号艇のwin_rate_rank_2to6が有利(+24.2pt)、3号艇のracer_avgfin_teが有利(+14.2pt) / [候補2]win_rate_gap_top2_2to6が不利(-11.5pt)、2号艇の全国勝率が不利(-9.6pt) / [除外]6号艇のvs_avg456_diffが不利(-14.8pt)、6号艇の全国勝率が不利(-11.7pt)、天気-2.1pt
14,11,琵琶湖,12,16:07,0.7147355626771986,3,0.46170193717019137,2,0.2904652632918705,0.537600647249585,0.11306333569761737,0.6391038647644445,0.4646611403081015,0.5680516125040428,1-3,1-2,0.2076058533970957,0.3299947938524893,0.08081038685799755,0.06466594419360663,0.03165858970120439,True,False,False,False,準優勝戦,2026-10-07,1号艇のsession_exh_rel_avg,0.1685,1号艇のdominance,0.1262,1号艇の節間得点,0.0979,風速区分,0.087,1号艇の年齢,-0.0869,3号艇のwin_rate_rank_2to6,0.21,1号艇のracer_2nd_te,0.0628,3号艇のclass_rank_2to6,0.0577,3号艇のsession_exh_rel_avg,0.0508,3号艇の節間得点,0.049,2号艇のwin_rate_rank_2to6,-0.1343,2号艇のsession_exh_rel_avg,-0.1049,6号艇の当地2連率,-0.0594,2号艇の節間得点,0.0591,1号艇の年齢,0.0525,0.1723,北西 3.9m/s,[逃げ]1号艇のsession_exh_rel_avgが有利(+16.8pt)、1号艇のdominanceが有利(+12.6pt) / [2着]3号艇のwin_rate_rank_2to6が有利(+21.0pt)、1号艇のracer_2nd_teが有利(+6.3pt) / [候補2]2号艇のwin_rate_rank_2to6が不利(-13.4pt)、2号艇のsession_exh_rel_avgが不利(-10.5pt) / [除外]4号艇のwin_rate_rank_2to6が不利(-5.6pt)、1号艇vs6号艇のcumulative差が不利(-5.2pt)、天気+17.2pt
15,08,常滑,11,15:33,0.7141375604548738,4,0.46531140713433833,3,0.28817466672051606,0.5380927066194265,0.13387017808783774,0.6196158957670166,0.45165122686393544,0.5625496633637035,1-4,1-3,0.09560172239730794,0.20579635347668562,0.3322963531427409,0.06226079863134886,0.018182319504941757,True,False,False,False,予選特選,2026-10-07,風速区分,-0.2558,1号艇のdominance,0.1701,1号艇のsession_exh_rel_avg,0.1196,1号艇のracer_win_te,0.1045,1号艇の全国勝率,0.0795,4号艇のclass_rank_2to6,0.2224,4号艇のwin_rate_rank_2to6,0.2203,4号艇の全国勝率,0.158,4号艇のracer_avgfin_te,0.0514,4号艇の当地勝率,0.0454,4号艇の全国2連率,-0.1381,6号艇の女子戦比率,0.1341,3号艇のwin_rate_rank_2to6,0.0534,6号艇のracer_2nd_te,-0.0534,3号艇の節間得点,0.0442,-0.1716,北 9.3m/s,[逃げ]風速区分が不利(-25.6pt)、1号艇のdominanceが有利(+17.0pt) / [2着]4号艇のclass_rank_2to6が有利(+22.2pt)、4号艇のwin_rate_rank_2to6が有利(+22.0pt) / [候補2]4号艇の全国2連率が不利(-13.8pt)、6号艇の女子戦比率が有利(+13.4pt) / [除外]1号艇vs2号艇の枠別勝率差が不利(-9.6pt)、6号艇の女子戦比率が不利(-8.8pt)、天気-17.2pt
16,24,大村,8,18:41,0.5144225556813197,2,0.8327713913159154,3,0.08614449891940279,0.4727110607110274,0.04649807257794278,0.8724178176573754,0.44633487685982226,0.5926230877949318,1-2,1-3,0.42839638741902153,0.04431467329200586,0.023919657329800812,0.01632650434061051,0.0014653357552342993,True,False,False,False,予選,2026-10-07,1号艇のdominance,-0.175,場特性:in_escape_diff,0.1601,6号艇の枠別出走数,-0.1099,2号艇のsession_avg_finish,-0.0709,1号艇のracer_win_te,-0.0671,2号艇の当地勝率,0.3221,2号艇のwin_rate_rank_2to6,0.2427,2号艇のclass_rank_2to6,0.1197,2号艇のracer_avgfin_te,0.0678,2号艇の全国勝率,0.0654,3号艇のwin_rate_rank_2to6,-0.1491,3号艇のsession_exh_rel_avg,-0.1154,3号艇の全国勝率,-0.0741,3号艇の当地勝率,-0.0661,3号艇のracer_avgfin_te,-0.0608,-0.0532,北 5.4m/s,[逃げ]1号艇のdominanceが不利(-17.5pt)、場特性:in_escape_diffが有利(+16.0pt) / [2着]2号艇の当地勝率が有利(+32.2pt)、2号艇のwin_rate_rank_2to6が有利(+24.3pt) / [候補2]3号艇のwin_rate_rank_2to6が不利(-14.9pt)、3号艇のsession_exh_rel_avgが不利(-11.5pt) / [除外]6号艇の直近平均着順が不利(-21.1pt)、6号艇の全国勝率が不利(-16.1pt)、天気-5.3pt
17,16,児島,5,12:56,0.703600017737696,2,0.47553610234360855,3,0.2818960737795828,0.5329292925553791,0.14375470957711506,0.6136774665460762,0.44099597774365606,0.5571537447525883,1-2,1-3,0.33458721004387776,0.19834208251150132,0.10114581620833549,0.03264877564896813,0.03687613201445617,True,True,False,False,日替艇食戦,2026-10-07,1号艇のdominance,0.1915,1号艇の勝率順位,0.0981,1号艇のlocal_win_rate順位,0.064,1号艇の節間得点,-0.0534,1号艇の年齢,0.0463,2号艇のclass_rank_2to6,0.1168,2号艇のwin_rate_rank_2to6,0.0855,2号艇の全国勝率,0.0498,2号艇のracer_2nd_te,0.0438,風向(度),0.0313,3号艇のwin_rate_rank_2to6,-0.0758,3号艇のモーター2連率,0.0382,3号艇のcumulative_diff_rank_2to6,0.0343,場特性:1x_diff_course3,-0.0309,3号艇の全国勝率,-0.0306,0.0804,北 3.3m/s,[逃げ]1号艇のdominanceが有利(+19.1pt)、1号艇の勝率順位が有利(+9.8pt) / [2着]2号艇のclass_rank_2to6が有利(+11.7pt)、2号艇のwin_rate_rank_2to6が有利(+8.6pt) / [候補2]3号艇のwin_rate_rank_2to6が不利(-7.6pt)、3号艇のモーター2連率が有利(+3.8pt) / [除外]local_win_rateの分散(2-6号艇)が不利(-7.2pt)、2号艇のracer_2nd_teが不利(-6.2pt)、天気+8.0pt
18,18,徳山,5,10:32,0.7380445692024022,6,0.3850127552800209,2,0.31586843169641815,0.5172815537040943,0.12586679965938652,0.5750143873170526,0.43915126527901105,0.5346014037879818,1-6,1-2,0.23312498059602135,0.09289530793149699,0.053676123934027715,0.07419159463050434,0.2841565731080729,False,False,True,False,一般,2026-10-07,場特性:in_escape_diff,0.1678,3号艇の枠別出走数,-0.1197,1号艇のdominance,0.1122,1号艇のvs_max234_diff,0.091,節間得点の分散(2-6号艇),-0.0816,6号艇のwin_rate_rank_2to6,0.3538,6号艇のclass_rank_2to6,0.1959,6号艇のsession_exh_rel_last,0.1806,4号艇のsession_rank_diff_last,0.1703,6号艇の節間得点,0.1407,2号艇の節間得点,0.0791,2号艇の全国勝率,-0.0707,1号艇vs3号艇の枠別平均ST差,-0.0692,3号艇のracer_2nd_te,0.065,2号艇のracer_avgfin_te,-0.0621,0.1318,北西 3.8m/s,[逃げ]場特性:in_escape_diffが有利(+16.8pt)、3号艇の枠別出走数が不利(-12.0pt) / [2着]6号艇のwin_rate_rank_2to6が有利(+35.4pt)、6号艇のclass_rank_2to6が有利(+19.6pt) / [候補2]2号艇の節間得点が有利(+7.9pt)、2号艇の全国勝率が不利(-7.1pt) / [除外]4号艇のwin_rate_rank_2to6が不利(-5.3pt)、天気+13.2pt
19,20,若松,9,21:41,0.8042279305671493,4,0.4364242268656724,3,0.2984667843724015,0.5910198771603957,0.2153740674811842,0.5195169437568896,0.4382714512728786,0.5695689971393438,1-4,1-3,0.17320984058822234,0.240035324338848,0.3509845528215478,0.03524057419937211,0.004757650977586911,False,False,False,False,予選,2026-10-07,1号艇のdominance,0.3342,1号艇のvs_max234_diff,0.0976,1号艇の勝率順位,0.0845,1号艇のracer_win_te,0.0788,1号艇の級別順位,0.075,4号艇のclass_rank_2to6,0.2121,4号艇のwin_rate_rank_2to6,0.1942,1号艇のsession_rank_diff_delta,0.0897,4号艇のcumulative_diff_rank_2to6,0.079,1号艇vs5号艇の勝率差,0.0658,3号艇のsession_exh_rel_avg,0.066,3号艇のwin_rate_rank_2to6,0.0651,3号艇の当地勝率,-0.0571,3号艇の全国勝率,-0.0524,2号艇の節間得点,0.0484,0.0494,北東 2.7m/s,[逃げ]1号艇のdominanceが有利(+33.4pt)、1号艇のvs_max234_diffが有利(+9.8pt) / [2着]4号艇のclass_rank_2to6が有利(+21.2pt)、4号艇のwin_rate_rank_2to6が有利(+19.4pt) / [候補2]3号艇のsession_exh_rel_avgが有利(+6.6pt)、3号艇のwin_rate_rank_2to6が有利(+6.5pt) / [除外]5号艇の直近平均着順が不利(-8.5pt)、win_rate_range_1to6が不利(-6.6pt)、天気+4.9pt
20,05,多摩川,12,16:28,0.7763540771518945,2,0.35308231205786983,4,0.3485910983373526,0.5447470129894055,0.16380789522594952,0.537865515169273,0.43766637903530453,0.5426825636433658,1-2,1-4,0.27411689253634475,0.12717292732833627,0.2706301204530607,0.09971423204080278,0.0047199152773731885,True,False,False,False,記者選抜戦,2026-10-07,4号艇のsession_exh_rel_avg,-0.2281,1号艇のdominance,0.1787,1号艇のracer_win_te,0.1723,1号艇のsession_exh_rel_avg,0.1459,5号艇の節間得点,-0.1007,1号艇vs4号艇のlocal_win_rate差,0.1134,6号艇のracer_2nd_te,0.0737,2号艇のsession_exh_rel_avg,0.0735,2号艇の節間得点,0.0647,2号艇の当地勝率,0.0533,4号艇のwin_rate_rank_2to6,0.2268,4号艇のracer_win_te,0.1715,4号艇のsession_exh_rel_avg,0.1074,4号艇のclass_rank_2to6,0.1065,4号艇の全国勝率,0.1045,0.0957,北 1.6m/s,[逃げ]4号艇のsession_exh_rel_avgが不利(-22.8pt)、1号艇のdominanceが有利(+17.9pt) / [2着]1号艇vs4号艇のlocal_win_rate差が有利(+11.3pt)、6号艇のracer_2nd_teが有利(+7.4pt) / [候補2]4号艇のwin_rate_rank_2to6が有利(+22.7pt)、4号艇のracer_win_teが有利(+17.1pt) / [除外]1号艇vs4号艇のlocal_win_rate差が不利(-8.0pt)、4号艇のracer_avgfin_teが不利(-6.7pt)、天気+9.6pt
21,24,大村,7,18:02,0.7435228354272578,2,0.5607246747144945,4,0.20609740894615122,0.5701497299116013,0.19434832179917316,0.5724737618614726,0.43718055809251544,0.5708469394965626,1-2,1-4,0.4169116000377478,0.14450241528465038,0.15323812987385346,0.024068727947523485,0.004801969554308633,True,False,False,False,予選,2026-10-07,1号艇のsession_exh_rel_avg,0.1338,場特性:in_escape_diff,0.1311,ST差分(4-3),-0.0646,1号艇のlocal_win_rate順位,0.0639,1号艇のdominance,0.0629,2号艇のwin_rate_rank_2to6,0.189,2号艇のclass_rank_2to6,0.1168,2号艇のsession_exh_rel_avg,-0.0669,2号艇の全国勝率,0.0551,ST差分(3-2),-0.052,4号艇のsession_exh_rel_avg,-0.1195,4号艇のwin_rate_rank_2to6,0.1147,4号艇の年齢,0.0822,4号艇のclass_rank_2to6,-0.0801,3号艇の一般戦勝率,0.0509,-0.0598,北 5.8m/s,[逃げ]1号艇のsession_exh_rel_avgが有利(+13.4pt)、場特性:in_escape_diffが有利(+13.1pt) / [2着]2号艇のwin_rate_rank_2to6が有利(+18.9pt)、2号艇のclass_rank_2to6が有利(+11.7pt) / [候補2]4号艇のsession_exh_rel_avgが不利(-12.0pt)、4号艇のwin_rate_rank_2to6が有利(+11.5pt) / [除外]6号艇の全国勝率が不利(-13.2pt)、6号艇のwin_rate_rank_2to6が不利(-12.2pt)、天気-6.0pt
22,20,若松,5,19:56,0.752677105502991,2,0.39710710602699123,4,0.3432773352126236,0.5572704181916827,0.19674065241098782,0.543643788828627,0.42570512341843186,0.553182429382766,1-2,1-4,0.29889342713906514,0.14808218479147237,0.2583769910526175,0.03735850808473122,0.009966009856778712,True,False,False,False,戦隊,2026-10-07,1号艇のsession_exh_rel_avg,0.1592,1号艇のdominance,0.1556,1号艇のモーター2連率,0.093,4号艇のsession_exh_rel_avg,-0.084,ST差分(4-3),-0.0698,2号艇のwin_rate_rank_2to6,0.1859,3号艇のracer_win_te,0.0859,3号艇のracer_2nd_te,0.0722,2号艇のclass_rank_2to6,0.066,2号艇の全国勝率,0.0504,4号艇のclass_rank_2to6,0.1398,4号艇のwin_rate_rank_2to6,0.0935,4号艇のsession_exh_rel_avg,0.0807,4号艇の節間得点,0.0522,4号艇の直近複勝率,0.0395,-0.0067,北 4.6m/s,[逃げ]1号艇のsession_exh_rel_avgが有利(+15.9pt)、1号艇のdominanceが有利(+15.6pt) / [2着]2号艇のwin_rate_rank_2to6が有利(+18.6pt)、3号艇のracer_win_teが有利(+8.6pt) / [候補2]4号艇のclass_rank_2to6が有利(+14.0pt)、4号艇のwin_rate_rank_2to6が有利(+9.3pt) / [除外]6号艇のwin_rate_rank_2to6が不利(-7.0pt)、6号艇のvs_avg456_diffが不利(-5.4pt)、天気-0.7pt
23,18,徳山,4,10:05,0.7573900235965711,2,0.5150980965213325,5,0.20129678564827222,0.5425903367108997,0.18616889971844264,0.5302259824511621,0.4213742015309067,0.5388810304329784,1-2,1-5,0.39013015947884094,0.14100246735069896,0.06457199459135306,0.15246017723205882,0.009225210836130822,False,False,True,False,ガチトク一般,2026-10-07,1号艇のdominance,0.2045,場特性:in_escape_diff,0.2023,1号艇の年齢,0.0873,1号艇の勝率順位,0.0817,1号艇の級別順位,0.074,2号艇のclass_rank_2to6,0.1294,2号艇のwin_rate_rank_2to6,0.0654,2号艇のsession_exh_rel_avg,0.058,2号艇の全国勝率,0.0541,場特性:1x_diff_course2,0.0536,5号艇のwin_rate_rank_2to6,0.2101,5号艇のsession_exh_rel_avg,0.1176,1号艇vs4号艇の勝率差,0.086,5号艇のclass_rank_2to6,-0.0817,5号艇の年齢,0.0745,0.0703,北西 3.7m/s,[逃げ]1号艇のdominanceが有利(+20.5pt)、場特性:in_escape_diffが有利(+20.2pt) / [2着]2号艇のclass_rank_2to6が有利(+12.9pt)、2号艇のwin_rate_rank_2to6が有利(+6.5pt) / [候補2]5号艇のwin_rate_rank_2to6が有利(+21.0pt)、5号艇のsession_exh_rel_avgが有利(+11.8pt) / [除外]6号艇のwin_rate_rank_2to6が不利(-6.1pt)、6号艇のsession_avg_finishが不利(-5.7pt)、天気+7.0pt
24,08,常滑,6,12:51,0.7537906137436894,3,0.4315727234181709,4,0.2581009828420787,0.5198695663247985,0.16054413698352873,0.5291295692767208,0.4197151532812592,0.5226475672103752,1-3,1-4,0.12101666354976506,0.32531546806041856,0.19455409826437997,0.09661013555367677,0.016294234977026947,True,True,False,False,昼トコ小判Ｒ,2026-10-07,風速区分,-0.1772,1号艇のdominance,0.1572,1号艇vs2号艇の枠別平均ST差,0.0862,場特性:in_escape_diff,0.0857,1号艇のracer_win_te,0.0719,2号艇の枠別平均ST,0.0967,3号艇のsession_exh_rel_avg,0.0794,3号艇のwin_rate_rank_2to6,0.0733,2号艇のvs_boat3_diff,0.0525,2号艇のracer_avgfin_te,0.0445,4号艇の年齢,-0.0926,2号艇のsession_rank_diff_last,-0.091,4号艇のclass_rank_2to6,-0.0807,4号艇のsession_exh_rel_avg,0.0754,4号艇のwin_rate_rank_2to6,-0.0731,-0.1803,北西 8.2m/s,[逃げ]風速区分が不利(-17.7pt)、1号艇のdominanceが有利(+15.7pt) / [2着]2号艇の枠別平均STが有利(+9.7pt)、3号艇のsession_exh_rel_avgが有利(+7.9pt) / [候補2]4号艇の年齢が不利(-9.3pt)、2号艇のsession_rank_diff_lastが不利(-9.1pt) / [除外]6号艇のwin_rate_rank_2to6が不利(-6.7pt)、2号艇のwin_rate_rank_2to6が不利(-6.4pt)、天気-18.0pt
25,16,児島,9,15:07,0.6715573369898644,3,0.590421427341459,2,0.16563644335461747,0.5077362102548844,0.14707635640362515,0.6089815142924513,0.41812502007271635,0.5381098014661544,1-3,1-2,0.11123436880769944,0.3965018414471849,0.0987702062405907,0.040183623884202886,0.02486728910494842,True,False,False,False,これしか９じ,2026-10-07,1号艇のdominance,0.1633,1号艇の級別順位,0.0793,1号艇のモーター2連率順位,-0.0658,1号艇のsession_exh_count,-0.0629,1号艇の節間得点,-0.0507,3号艇のwin_rate_rank_2to6,0.205,2号艇のvs_boat3_diff,0.0476,3号艇のclass_rank_2to6,0.0456,3号艇の全国勝率,0.0365,3号艇のcumulative_diff_rank_2to6,0.0321,2号艇のwin_rate_rank_2to6,-0.1845,2号艇の体重,-0.0874,2号艇の全国勝率,-0.0824,2号艇の直近平均着順,-0.0602,2号艇の当地勝率,-0.0448,0.0484,北 4.8m/s,[逃げ]1号艇のdominanceが有利(+16.3pt)、1号艇の級別順位が有利(+7.9pt) / [2着]3号艇のwin_rate_rank_2to6が有利(+20.5pt)、2号艇のvs_boat3_diffが有利(+4.8pt) / [候補2]2号艇のwin_rate_rank_2to6が不利(-18.4pt)、2号艇の体重が不利(-8.7pt) / [除外]6号艇のwin_rate_rank_2to6が不利(-7.2pt)、天気+4.8pt
26,08,常滑,10,14:57,0.5727141950933166,3,0.4696978166191909,2,0.3451676354131853,0.46668501147007385,0.09536832146948283,0.7194971305628933,0.4132766520314331,0.5425286471979196,1-3,1-2,0.19768240448792576,0.2690026069821481,0.04347282407003647,0.054618791467795524,0.007937570218937314,True,True,False,False,予選特賞,2026-10-07,風速区分,-0.2263,1号艇の節間得点,0.1085,1号艇のdominance,0.086,1号艇のsession_exh_rel_avg,-0.0816,場特性:in_escape_diff,0.0743,3号艇のwin_rate_rank_2to6,0.1931,3号艇のsession_exh_rel_avg,0.0719,3号艇の全国勝率,0.0407,3号艇のclass_rank_2to6,0.0364,3号艇のcumulative_diff_rank_2to6,0.0292,2号艇のclass_rank_2to6,-0.0671,2号艇の全国勝率,0.0655,2号艇の当地勝率,0.0496,1号艇の女子戦2連率,0.0352,1号艇のモーター2連率,0.0295,-0.1057,北 9.9m/s,[逃げ]風速区分が不利(-22.6pt)、1号艇の節間得点が有利(+10.9pt) / [2着]3号艇のwin_rate_rank_2to6が有利(+19.3pt)、3号艇のsession_exh_rel_avgが有利(+7.2pt) / [候補2]2号艇のclass_rank_2to6が不利(-6.7pt)、2号艇の全国勝率が有利(+6.5pt) / [除外]6号艇のwin_rate_rank_2to6が不利(-7.3pt)、天気-10.6pt
27,03,江戸川,9,14:52,0.5789968725059773,3,0.6608356203117608,2,0.1579511837893794,0.47407499882372445,0.11461889796464464,0.7041679061364955,0.4088694541224059,0.5431028710175557,1-3,1-2,0.09145324142266749,0.38262175740105697,0.06636398345161097,0.035458415106088326,0.003099477011868525,True,True,False,False,予選,2026-10-07,1号艇の女子戦比率,-0.1715,場特性:in_escape_diff,-0.1452,1号艇vs6号艇の直近複勝率差,0.0806,1号艇の級別順位,0.0752,1号艇の年齢,0.0666,3号艇のwin_rate_rank_2to6,0.2131,3号艇の当地勝率,0.108,6号艇のracer_avgfin_te,0.0608,3号艇の女子戦比率,-0.0585,2号艇のvs_boat3_diff,0.0578,2号艇のwin_rate_rank_2to6,-0.1571,2号艇の全国勝率,-0.0633,2号艇の直近平均着順,-0.0603,2号艇のracer_avgfin_te,-0.0432,2号艇の体重,-0.043,0.0346,南 1.0m/s,[逃げ]1号艇の女子戦比率が不利(-17.2pt)、場特性:in_escape_diffが不利(-14.5pt) / [2着]3号艇のwin_rate_rank_2to6が有利(+21.3pt)、3号艇の当地勝率が有利(+10.8pt) / [候補2]2号艇のwin_rate_rank_2to6が不利(-15.7pt)、2号艇の全国勝率が不利(-6.3pt) / [除外]6号艇のracer_win_teが不利(-16.6pt)、6号艇の直近平均着順が不利(-11.4pt)、天気+3.5pt
28,24,大村,12,20:38,0.8718302103121272,3,0.3188509592616161,5,0.2820017233370149,0.5238415206365703,0.1913502400018574,0.4095024425967736,0.4035568798004755,0.48953979722463126,1-3,1-5,0.16682491998409535,0.2779838988712783,0.10533005133054933,0.245857621765292,0.0758337183609122,False,False,False,False,予選特選,2026-10-07,1号艇のdominance,0.3314,場特性:in_escape_diff,0.1796,1号艇のracer_win_te,0.1536,1号艇のvs_max234_diff,0.1333,1号艇の全国勝率,0.1001,3号艇のwin_rate_rank_2to6,-0.0673,3号艇の当地勝率,-0.047,3号艇のclass_rank_2to6,0.043,3号艇の全国勝率,0.0397,場特性:1x_diff_course3,0.0329,5号艇のwin_rate_rank_2to6,0.2583,5号艇の年齢,0.1607,5号艇のsession_exh_rel_avg,-0.133,5号艇のracer_avgfin_te,-0.106,4号艇の枠別出走数,0.0997,0.1485,北東 3.1m/s,[逃げ]1号艇のdominanceが有利(+33.1pt)、場特性:in_escape_diffが有利(+18.0pt) / [2着]3号艇のwin_rate_rank_2to6が不利(-6.7pt)、3号艇の当地勝率が不利(-4.7pt) / [候補2]5号艇のwin_rate_rank_2to6が有利(+25.8pt)、5号艇の年齢が有利(+16.1pt) / [除外]4号艇のwin_rate_rank_2to6が不利(-5.1pt)、天気+14.8pt
29,16,児島,11,16:17,0.6292652012436932,3,0.39573485297083466,2,0.357618988476922,0.4740593566463319,0.12681756176790943,0.6265362796798473,0.40191649455455003,0.5198024335563866,1-3,1-2,0.22503718475249632,0.24902217189383563,0.07980187852711802,0.04333895072083261,0.03206500831682398,True,False,False,False,予選特選,2026-10-07,1号艇のracer_win_te,0.1043,1号艇の勝率順位,-0.0769,1号艇の節間得点,-0.0756,1号艇vs4号艇の枠別平均ST差,-0.0733,1号艇の級別順位,0.0618,3号艇のwin_rate_rank_2to6,0.1503,1号艇の直近1着率,0.0629,3号艇のモーター2連率,0.0351,場特性:1x_diff_course3,-0.0262,3号艇の全国勝率,0.0256,2号艇のwin_rate_rank_2to6,-0.1185,2号艇の全国勝率,0.0493,1号艇vs2号艇の枠別勝率差,0.0248,2号艇の直近平均着順,0.0245,4号艇のモーター出走数,-0.0215,0.0774,北東 4.1m/s,[逃げ]1号艇のracer_win_teが有利(+10.4pt)、1号艇の勝率順位が不利(-7.7pt) / [2着]3号艇のwin_rate_rank_2to6が有利(+15.0pt)、1号艇の直近1着率が有利(+6.3pt) / [候補2]2号艇のwin_rate_rank_2to6が不利(-11.9pt)、2号艇の全国勝率が有利(+4.9pt) / [除外]4号艇のwin_rate_rank_2to6が不利(-5.2pt)、天気+7.7pt
30,11,琵琶湖,7,13:19,0.8023038388817556,3,0.4081195430032567,2,0.21241754335613358,0.49785928655463835,0.16160860498824187,0.45892848137114844,0.4013092728179946,0.48618004499959133,1-3,1-2,0.17042341048045773,0.32743587607418057,0.06201361878973936,0.11277173533661565,0.1296592041783917,True,True,False,False,一般,2026-10-07,1号艇のdominance,0.1534,1号艇のvs_max234_diff,0.1273,風速区分,0.0872,1号艇のlocal_win_rate順位,0.0642,場特性:in_escape_diff,-0.0631,3号艇の節間得点,-0.0555,3号艇のモーター2連率,0.0525,2号艇の節間得点,0.0446,3号艇の当地勝率,-0.0369,3号艇のwin_rate_rank_2to6,0.0356,2号艇のsession_exh_rel_avg,-0.0581,2号艇の全国勝率,-0.0547,2号艇のclass_rank_2to6,-0.0541,1号艇vs2号艇のcumulative差,-0.0495,2号艇のwin_rate_rank_2to6,-0.0457,0.0891,北西 3.9m/s,[逃げ]1号艇のdominanceが有利(+15.3pt)、1号艇のvs_max234_diffが有利(+12.7pt) / [2着]3号艇の節間得点が不利(-5.5pt)、3号艇のモーター2連率が有利(+5.3pt) / [候補2]2号艇のsession_exh_rel_avgが不利(-5.8pt)、2号艇の全国勝率が不利(-5.5pt) / [除外]1号艇vs4号艇のlocal_win_rate差が不利(-6.8pt)、天気+8.9pt
31,03,江戸川,6,13:29,0.5041101756282051,2,0.5087081961966246,3,0.3571353736714027,0.43648055407272335,0.07401797921253922,0.7918255906554881,0.3977116637790844,0.5430840650475527,1-2,1-3,0.25644497812818784,0.18003557594453548,0.03731321650047798,0.015862032341492745,0.014454366610151665,True,True,False,False,予選,2026-10-07,場特性:in_escape_diff,-0.1214,1号艇の級別順位,-0.0868,1号艇のdominance,-0.0723,1号艇の年齢,0.0674,1号艇の勝率順位,-0.0657,2号艇のwin_rate_rank_2to6,0.2294,2号艇のclass_rank_2to6,0.0858,2号艇の全国勝率,0.0603,4号艇の女子戦比率,0.0516,2号艇の当地勝率,-0.0455,3号艇の女子戦比率,-0.0982,3号艇の当地勝率,0.0835,3号艇のwin_rate_rank_2to6,0.0689,3号艇のclass_rank_2to6,0.045,local_win_rateの分散(2-6号艇),0.0429,0.0002,南東 1.7m/s,[逃げ]場特性:in_escape_diffが不利(-12.1pt)、1号艇の級別順位が不利(-8.7pt) / [2着]2号艇のwin_rate_rank_2to6が有利(+22.9pt)、2号艇のclass_rank_2to6が有利(+8.6pt) / [候補2]3号艇の女子戦比率が不利(-9.8pt)、3号艇の当地勝率が有利(+8.3pt) / [除外]6号艇のwin_rate_rank_2to6が不利(-6.8pt)、2号艇のracer_2nd_teが不利(-6.4pt)、天気影響ほぼなし
32,07,蒲郡,6,17:27,0.8172384891020528,3,0.3987398934448678,2,0.2173872051944915,0.5035227791868615,0.18004005037263418,0.4360870482667252,0.39473765935257593,0.4832920599108206,1-3,1-2,0.17765719112326417,0.3258655880635973,0.14713565874438903,0.05802556733135946,0.10855447166164037,True,False,False,False,予選,2026-10-07,1号艇のdominance,0.3509,1号艇のvs_max234_diff,0.1058,1号艇の勝率順位,0.1028,1号艇の級別順位,0.0811,1号艇のlocal_win_rate順位,0.0772,3号艇のwin_rate_rank_2to6,0.1499,3号艇のclass_rank_2to6,0.0518,場特性:1x_diff_course3,0.0457,1号艇vs2号艇のlocal_win_rate差,-0.0454,1号艇vs4号艇の枠別平均ST差,0.0377,2号艇のwin_rate_rank_2to6,-0.1343,2号艇の全国勝率,-0.0714,2号艇の直近平均着順,-0.0605,1号艇vs2号艇のplace_rate差,-0.0482,second_best_win_rate,0.0481,0.0114,北西 4.0m/s,[逃げ]1号艇のdominanceが有利(+35.1pt)、1号艇のvs_max234_diffが有利(+10.6pt) / [2着]3号艇のwin_rate_rank_2to6が有利(+15.0pt)、3号艇のclass_rank_2to6が有利(+5.2pt) / [候補2]2号艇のwin_rate_rank_2to6が不利(-13.4pt)、2号艇の全国勝率が不利(-7.1pt) / [除外]5号艇のracer_avgfin_teが不利(-6.0pt)、天気+1.1pt
33,01,桐生,6,17:43,0.7682294589870551,3,0.3245845841607119,2,0.3199773996858188,0.49517150413404315,0.17001553084078042,0.4745464530057502,0.3941472887749507,0.48898398879555527,1-3,1-2,0.24581606464872124,0.24935543948532196,0.09344413020719468,0.1306109392772097,0.049002888230485264,True,False,False,False,ドラドキ目玉,2026-10-07,1号艇のdominance,0.391,1号艇のvs_max234_diff,0.1687,1号艇の勝率順位,0.1011,1号艇のlocal_win_rate順位,0.0826,6号艇のモーター出走数,-0.0825,3号艇のwin_rate_rank_2to6,-0.0926,6号艇のモーター出走数,0.0798,4号艇のモーター出走数,-0.0701,3号艇のcumulative_diff_rank_2to6,0.0503,3号艇の全国勝率,-0.0485,3号艇のモーター出走数,0.0555,1号艇vs2号艇のplace_rate差,-0.05,2号艇のclass_rank_2to6,-0.0494,second_best_win_rate,0.0493,2号艇の全国勝率,-0.0466,0.0632,北西 2.8m/s,[逃げ]1号艇のdominanceが有利(+39.1pt)、1号艇のvs_max234_diffが有利(+16.9pt) / [2着]3号艇のwin_rate_rank_2to6が不利(-9.3pt)、6号艇のモーター出走数が有利(+8.0pt) / [候補2]3号艇のモーター出走数が有利(+5.6pt)、1号艇vs2号艇のplace_rate差が不利(-5.0pt) / [除外]4号艇のwin_rate_rank_2to6が不利(-5.4pt)、天気+6.3pt
34,07,蒲郡,12,20:31,0.787671941265855,3,0.364430411719996,2,0.3016873599298373,0.5246822783071098,0.2080686464640366,0.4580491251857967,0.39367836054187705,0.5046923323707159,1-3,1-2,0.23763066845130568,0.2870516098558041,0.16388983467688661,0.07328216599930386,0.02581764761102166,False,False,False,False,ドリーム戦,2026-10-07,1号艇のdominance,0.1813,1号艇のracer_win_te,0.1604,1号艇の全国勝率,0.113,race_no,0.1093,1号艇の勝率順位,0.101,3号艇のwin_rate_rank_2to6,0.1454,3号艇の当地勝率,0.0775,3号艇の全国勝率,0.0618,6号艇のracer_2nd_te,-0.0505,1号艇のracer_2nd_te,0.0477,2号艇のwin_rate_rank_2to6,0.0802,2号艇のモーター2連率,-0.0584,2号艇のclass_rank_2to6,-0.0513,2号艇の一般戦勝率,-0.0497,2号艇の全国勝率,0.0444,0.0176,北西 4.2m/s,[逃げ]1号艇のdominanceが有利(+18.1pt)、1号艇のracer_win_teが有利(+16.0pt) / [2着]3号艇のwin_rate_rank_2to6が有利(+14.5pt)、3号艇の当地勝率が有利(+7.8pt) / [候補2]2号艇のwin_rate_rank_2to6が有利(+8.0pt)、2号艇のモーター2連率が不利(-5.8pt) / [除外]1号艇の当地勝率が不利(-11.1pt)、6号艇のwin_rate_rank_2to6が不利(-6.3pt)、天気+1.8pt
35,18,徳山,8,12:06,0.7233415543042514,4,0.46676319909453184,3,0.2542381064150414,0.5215302049826891,0.20696963857228767,0.5140316669372855,0.3920011033469312,0.519280643569068,1-4,1-3,0.14970974005866772,0.18390098705762573,0.3376292179250634,0.032537224487184144,0.019564386123039085,True,True,False,False,一般,2026-10-07,場特性:in_escape_diff,0.1921,1号艇のdominance,0.1723,1号艇vs4号艇の枠別平均ST差,-0.0922,場特性:1x_diff_course2,0.0844,1号艇の年齢,0.0716,4号艇のwin_rate_rank_2to6,0.1953,4号艇のclass_rank_2to6,-0.0964,4号艇のsession_exh_rel_avg,0.0746,4号艇のcumulative_diff_rank_2to6,0.0619,6号艇のsession_exh_rel_avg,0.0462,3号艇のwin_rate_rank_2to6,-0.1167,3号艇のracer_avgfin_te,-0.0869,3号艇のracer_win_te,-0.0825,3号艇の当地勝率,-0.0598,second_best_win_rate,0.0467,0.0591,北 2.0m/s,[逃げ]場特性:in_escape_diffが有利(+19.2pt)、1号艇のdominanceが有利(+17.2pt) / [2着]4号艇のwin_rate_rank_2to6が有利(+19.5pt)、4号艇のclass_rank_2to6が不利(-9.6pt) / [候補2]3号艇のwin_rate_rank_2to6が不利(-11.7pt)、3号艇のracer_avgfin_teが不利(-8.7pt) / [除外]6号艇のsession_exh_rel_avgが不利(-8.6pt)、6号艇のsession_avg_finishが不利(-6.3pt)、天気+5.9pt
36,14,鳴門,12,14:11,0.6841348375659069,2,0.5373912159735685,5,0.16104439032548074,0.4778241300656458,0.15418021895774758,0.5442553873413017,0.389418895269466,0.49775350724834255,1-2,1-5,0.3676480522494225,0.08147590394877134,0.1054800590525346,0.11017607781622327,0.019354738127452937,True,True,False,False,特選,2026-10-07,場特性:in_escape_diff,-0.2015,1号艇のracer_win_te,0.1385,1号艇のdominance,0.136,1号艇のsession_exh_rel_avg,0.1241,風速区分,-0.1224,2号艇のwin_rate_rank_2to6,0.1483,3号艇のracer_2nd_te,0.0962,2号艇のsession_exh_rel_avg,0.0943,2号艇の当地勝率,0.0832,2号艇の全国勝率,0.067,5号艇のclass_rank_2to6,0.1596,5号艇のwin_rate_rank_2to6,0.1443,3号艇の枠別平均ST,0.1173,1号艇の当地勝率,-0.1092,5号艇のsession_exh_rel_avg,0.1035,-0.0653,北 6.7m/s,[逃げ]場特性:in_escape_diffが不利(-20.1pt)、1号艇のracer_win_teが有利(+13.8pt) / [2着]2号艇のwin_rate_rank_2to6が有利(+14.8pt)、3号艇のracer_2nd_teが有利(+9.6pt) / [候補2]5号艇のclass_rank_2to6が有利(+16.0pt)、5号艇のwin_rate_rank_2to6が有利(+14.4pt) / [除外]1号艇の当地勝率が不利(-5.0pt)、天気-6.5pt
37,20,若松,12,22:54,0.7052076234760678,3,0.42696274389716027,2,0.25035703919070257,0.47765107456471745,0.16333119151933853,0.5139885915685243,0.3840326915977402,0.4885523296658595,1-3,1-2,0.17655369262818013,0.30109738193653734,0.10977301709722137,0.1151824014108672,0.0026011435387773996,False,False,False,False,一般特選,2026-10-07,1号艇のdominance,0.2739,1号艇の女子戦比率,-0.2737,1号艇のvs_max234_diff,0.1045,風速区分,0.0851,1号艇の勝率順位,0.0816,3号艇のwin_rate_rank_2to6,0.0682,2号艇の女子戦比率,0.0611,場特性:1x_diff_course3,0.0574,std_234_全国勝率,0.045,3号艇の当地勝率,-0.0391,2号艇のsession_exh_rel_avg,-0.0737,レース時間帯,-0.066,second_best_win_rate,0.0587,2号艇のwin_rate_rank_2to6,-0.0494,2号艇のモーター2連率,-0.0449,0.1705,北東 1.9m/s,[逃げ]1号艇のdominanceが有利(+27.4pt)、1号艇の女子戦比率が不利(-27.4pt) / [2着]3号艇のwin_rate_rank_2to6が有利(+6.8pt)、2号艇の女子戦比率が有利(+6.1pt) / [候補2]2号艇のsession_exh_rel_avgが不利(-7.4pt)、レース時間帯が不利(-6.6pt) / [除外]6号艇の全国勝率が不利(-17.3pt)、6号艇の直近平均着順が不利(-11.9pt)、天気+17.0pt
38,08,常滑,1,10:19,0.6331309959677089,2,0.5871963883668552,3,0.16126472311992412,0.473873928958723,0.1587514296179664,0.5897096818688129,0.3836001325416671,0.5086246548317499,1-2,1-3,0.37177223419534866,0.10210169476337438,0.10051045074532071,0.038521833357559,0.02022478290610627,False,False,True,False,朝トコ小判Ｒ,2026-10-07,1号艇のdominance,0.2476,風速区分,-0.2173,5号艇の平均ST,0.1358,1号艇のsession_exh_rel_avg,-0.1224,1号艇のvs_max234_diff,0.0947,2号艇のwin_rate_rank_2to6,0.1779,2号艇のsession_exh_rel_avg,0.0932,6号艇のsession_rank_diff_last,-0.0676,3号艇のracer_2nd_te,0.0624,3号艇のracer_avgfin_te,0.045,3号艇のracer_win_te,-0.1208,3号艇のwin_rate_rank_2to6,-0.1102,3号艇の全国勝率,-0.0907,3号艇の当地勝率,-0.0462,3号艇のcumulative_diff_rank_2to6,-0.0455,-0.1695,北 9.5m/s,[逃げ]1号艇のdominanceが有利(+24.8pt)、風速区分が不利(-21.7pt) / [2着]2号艇のwin_rate_rank_2to6が有利(+17.8pt)、2号艇のsession_exh_rel_avgが有利(+9.3pt) / [候補2]3号艇のracer_win_teが不利(-12.1pt)、3号艇のwin_rate_rank_2to6が不利(-11.0pt)、天気-17.0pt
39,05,多摩川,10,15:15,0.6523633636959012,2,0.53258538290247,4,0.1585361841994171,0.45086239023736957,0.1312332809708097,0.5598882861310774,0.3798606093527397,0.4835701590054819,1-2,1-4,0.34743919184552485,0.08561178460296671,0.10342319839184472,0.07547760072964363,0.04041158812592121,True,False,False,False,予選特賞,2026-10-07,1号艇のracer_win_te,0.0731,1号艇のsession_exh_rel_avg,-0.0666,1号艇の級別順位,0.0624,1号艇のモーター2連率順位,-0.0558,1号艇vs3号艇のplace_rate差,0.0531,2号艇のwin_rate_rank_2to6,0.2178,3号艇の全国勝率,-0.0553,レース時間帯,-0.0497,2号艇の全国勝率,0.0455,3号艇の直近平均着順,0.0384,4号艇のsession_exh_rel_avg,-0.188,4号艇のwin_rate_rank_2to6,-0.0891,4号艇のclass_rank_2to6,0.0784,4号艇の年齢,0.0766,場特性:1x_diff_course4,-0.0545,0.0074,北西 1.1m/s,[逃げ]1号艇のracer_win_teが有利(+7.3pt)、1号艇のsession_exh_rel_avgが不利(-6.7pt) / [2着]2号艇のwin_rate_rank_2to6が有利(+21.8pt)、3号艇の全国勝率が不利(-5.5pt) / [候補2]4号艇のsession_exh_rel_avgが不利(-18.8pt)、4号艇のwin_rate_rank_2to6が不利(-8.9pt) / [除外]6号艇のsession_exh_rel_avgが不利(-6.0pt)、天気+0.7pt
40,03,江戸川,11,15:53,0.6491498791886914,4,0.4635018957587974,3,0.2621203154619928,0.47103757075060704,0.16975079056245085,0.5558714206583393,0.37508677072716873,0.4964877257229267,1-4,1-3,0.11019370518579982,0.17015537111505433,0.30088219963555274,0.030130695383617408,0.0377879175417541,True,False,False,False,予選特選,2026-10-07,1号艇のdominance,0.2188,1号艇の女子戦比率,-0.1442,1号艇の年齢,-0.1189,場特性:in_escape_diff,-0.1085,1号艇のvs_max234_diff,0.0794,4号艇のwin_rate_rank_2to6,0.247,4号艇のclass_rank_2to6,0.2014,4号艇の女子戦比率,-0.0713,4号艇のsession_exh_rel_avg,0.0516,4号艇の年齢,-0.0513,3号艇の全国勝率,-0.1292,1号艇vs3号艇のplace_rate差,-0.0806,3号艇のracer_win_te,-0.0687,3号艇の当地勝率,0.0508,3号艇の女子戦勝率,0.0506,0.023,南西 0.8m/s,[逃げ]1号艇のdominanceが有利(+21.9pt)、1号艇の女子戦比率が不利(-14.4pt) / [2着]4号艇のwin_rate_rank_2to6が有利(+24.7pt)、4号艇のclass_rank_2to6が有利(+20.1pt) / [候補2]3号艇の全国勝率が不利(-12.9pt)、1号艇vs3号艇のplace_rate差が不利(-8.1pt) / [除外]5号艇のracer_win_teが不利(-11.3pt)、2号艇のwin_rate_rank_2to6が不利(-5.4pt)、天気+2.3pt
41,18,徳山,11,13:50,0.742381050230603,2,0.3923146364559996,4,0.2743452659308704,0.4949156784805958,0.2074778273409919,0.4591820750458781,0.3716948428548195,0.4841955974501805,1-2,1-4,0.2912469518330422,0.1540276073609693,0.20366872664755362,0.07518341380985152,0.018254365098507166,True,True,False,False,それっちゃ選,2026-10-07,場特性:in_escape_diff,0.2263,1号艇の節間得点,0.1055,1号艇のdominance,0.0825,1号艇vs4号艇の枠別平均ST差,-0.0715,1号艇のsession_exh_rel_avg,-0.0589,2号艇のclass_rank_2to6,0.0813,2号艇のwin_rate_rank_2to6,0.0754,2号艇のsession_exh_rel_avg,-0.0674,2号艇の全国勝率,0.0539,2号艇のsession_rank_diff_delta,-0.0384,4号艇のwin_rate_rank_2to6,0.1343,4号艇のclass_rank_2to6,0.1086,4号艇の全国勝率,0.1079,4号艇のsession_exh_rel_avg,-0.0879,4号艇の年齢,0.0693,0.0709,北東 2.2m/s,[逃げ]場特性:in_escape_diffが有利(+22.6pt)、1号艇の節間得点が有利(+10.5pt) / [2着]2号艇のclass_rank_2to6が有利(+8.1pt)、2号艇のwin_rate_rank_2to6が有利(+7.5pt) / [候補2]4号艇のwin_rate_rank_2to6が有利(+13.4pt)、4号艇のclass_rank_2to6が有利(+10.9pt) / [除外]6号艇のwin_rate_rank_2to6が不利(-6.6pt)、5号艇のwin_rate_rank_2to6が不利(-5.5pt)、天気+7.1pt
42,07,蒲郡,10,19:23,0.7624615223850737,3,0.36706463109916776,2,0.27803658071402226,0.49186485205154074,0.2038296416297461,0.44127157018344393,0.3715568882228204,0.47668686749111167,1-3,1-2,0.21199219460995383,0.2798726574415869,0.1554122588642202,0.09686767015084523,0.018316747709346215,True,False,False,False,予選特賞,2026-10-07,1号艇のdominance,0.2133,1号艇の勝率順位,0.0896,レース時間帯,0.0727,1号艇のvs_max234_diff,0.0715,1号艇の級別順位,0.0704,3号艇の年齢,-0.1394,3号艇のwin_rate_rank_2to6,0.0694,3号艇の枠別平均ST,-0.0602,場特性:1x_diff_course3,0.0531,3号艇のcumulative_diff_rank_2to6,0.0386,2号艇のclass_rank_2to6,0.0661,2号艇の当地勝率,-0.0462,レース時間帯,-0.0397,2号艇のwin_rate_rank_2to6,-0.036,2号艇の全国勝率,0.0355,0.0437,北西 4.4m/s,[逃げ]1号艇のdominanceが有利(+21.3pt)、1号艇の勝率順位が有利(+9.0pt) / [2着]3号艇の年齢が不利(-13.9pt)、3号艇のwin_rate_rank_2to6が有利(+6.9pt) / [候補2]2号艇のclass_rank_2to6が有利(+6.6pt)、2号艇の当地勝率が不利(-4.6pt)、天気+4.4pt
43,16,児島,12,16:50,0.7030336501221458,2,0.37552125169102957,3,0.29444073578247787,0.47100582149658726,0.18053221619988968,0.48942977127361775,0.36896775173919305,0.4765330064296964,1-2,1-3,0.2640040762747815,0.20700174522180573,0.12692022291964883,0.0852225846927411,0.019885032143937432,True,False,False,False,デイリー選抜,2026-10-07,1号艇の年齢,-0.2586,1号艇のracer_win_te,0.1638,1号艇のdominance,0.1452,1号艇の級別順位,0.093,race_no,0.0885,2号艇のwin_rate_rank_2to6,0.1514,2号艇のracer_avgfin_te,0.065,2号艇のclass_rank_2to6,-0.0549,2号艇の全国勝率,0.0518,2号艇の一般戦勝率,-0.0423,3号艇の一般戦2連率,0.075,1号艇の直近1着率,0.074,3号艇のwin_rate_rank_2to6,-0.0632,6号艇のracer_2nd_te,-0.0577,3号艇のcumulative_diff_rank_2to6,0.0489,0.1244,北東 3.5m/s,[逃げ]1号艇の年齢が不利(-25.9pt)、1号艇のracer_win_teが有利(+16.4pt) / [2着]2号艇のwin_rate_rank_2to6が有利(+15.1pt)、2号艇のracer_avgfin_teが有利(+6.5pt) / [候補2]3号艇の一般戦2連率が有利(+7.5pt)、1号艇の直近1着率が有利(+7.4pt) / [除外]6号艇のwin_rate_rank_2to6が不利(-6.8pt)、天気+12.4pt
44,24,大村,9,19:10,0.567196760037668,3,0.5773224869848796,2,0.18631121253275085,0.4331305602219781,0.12772225877488042,0.6359114407427501,0.3667460640268016,0.49396482437820965,1-3,1-2,0.10567511610726564,0.32745544411471245,0.07244365136180478,0.04509722218103005,0.01652532944231395,True,False,False,False,予選特賞,2026-10-07,場特性:in_escape_diff,0.1695,1号艇のdominance,-0.144,1号艇のsession_exh_rel_avg,0.1039,風向(度),-0.0756,1号艇の全国勝率,-0.0729,3号艇のwin_rate_rank_2to6,0.2301,3号艇の当地勝率,0.098,3号艇の一般戦2連率,0.0868,3号艇のsession_exh_rel_avg,0.0863,風向(度),0.0832,2号艇の女子戦比率,-0.1556,2号艇のwin_rate_rank_2to6,-0.1322,2号艇の全国勝率,-0.0632,2号艇の体重,-0.0535,2号艇のsession_exh_rel_avg,0.0523,-0.0175,北 4.5m/s,[逃げ]場特性:in_escape_diffが有利(+16.9pt)、1号艇のdominanceが不利(-14.4pt) / [2着]3号艇のwin_rate_rank_2to6が有利(+23.0pt)、3号艇の当地勝率が有利(+9.8pt) / [候補2]2号艇の女子戦比率が不利(-15.6pt)、2号艇のwin_rate_rank_2to6が不利(-13.2pt)、天気-1.8pt
45,07,蒲郡,11,20:01,0.7143505638520884,3,0.42293902154531154,2,0.18939545389950474,0.43742147780007734,0.15827827276690462,0.4540562026779117,0.3543402986272655,0.4424118952634276,1-3,1-2,0.13529474928413343,0.30212672851594385,0.10956343537401314,0.11306617339657296,0.05429946929793529,False,False,False,False,予選特選,2026-10-07,1号艇のdominance,0.2294,1号艇の勝率順位,0.0745,レース時間帯,0.0721,1号艇のvs_max234_diff,0.0652,1号艇のracer_win_te,0.0648,3号艇のwin_rate_rank_2to6,0.0804,場特性:1x_diff_course3,0.0462,3号艇のclass_rank_2to6,0.0451,3号艇の全国勝率,0.0388,3号艇のcumulative_diff_rank_2to6,0.0367,2号艇のwin_rate_rank_2to6,-0.1504,2号艇の直近平均着順,-0.0596,2号艇のclass_rank_2to6,-0.056,1号艇vs2号艇のplace_rate差,-0.0443,2号艇の全国勝率,-0.0433,0.0838,北 4.0m/s,[逃げ]1号艇のdominanceが有利(+22.9pt)、1号艇の勝率順位が有利(+7.5pt) / [2着]3号艇のwin_rate_rank_2to6が有利(+8.0pt)、場特性:1x_diff_course3が有利(+4.6pt) / [候補2]2号艇のwin_rate_rank_2to6が不利(-15.0pt)、2号艇の直近平均着順が不利(-6.0pt)、天気+8.4pt
46,20,若松,8,21:17,0.5410626789677504,2,0.4855038145407526,3,0.3120427652545372,0.43152268906560626,0.14937774582598026,0.6481688339693096,0.3541708251871435,0.49651653253671724,1-2,1-3,0.26268799454448144,0.16883469452112476,0.08082272333476857,0.008957774571436417,0.019759496531074162,False,False,False,False,エイトビート,2026-10-07,1号艇の勝率順位,-0.0808,5号艇の平均ST,0.0738,1号艇のモーター2連率順位,-0.0645,1号艇vs4号艇のcumulative差,-0.0626,1号艇のdominance,0.0602,2号艇のwin_rate_rank_2to6,0.0705,2号艇のclass_rank_2to6,0.0691,3号艇の女子戦勝率,0.0496,2号艇の全国勝率,0.0485,2号艇のracer_avgfin_te,0.0449,3号艇のwin_rate_rank_2to6,0.1707,3号艇の当地勝率,0.1108,3号艇の女子戦比率,-0.1034,4号艇のsession_rank_diff_last,-0.0898,風向(度),0.0699,0.0589,北 3.0m/s,[逃げ]1号艇の勝率順位が不利(-8.1pt)、5号艇の平均STが有利(+7.4pt) / [2着]2号艇のwin_rate_rank_2to6が有利(+7.1pt)、2号艇のclass_rank_2to6が有利(+6.9pt) / [候補2]3号艇のwin_rate_rank_2to6が有利(+17.1pt)、3号艇の当地勝率が有利(+11.1pt) / [除外]5号艇の直近平均着順が不利(-11.4pt)、5号艇のracer_win_teが不利(-9.6pt)、天気+5.9pt
47,10,三国,9,14:33,0.4909319162067401,3,0.535010228815206,2,0.2892816447976371,0.40467118902639704,0.10543096687626258,0.7188609067365805,0.3534733393551732,0.49892810433945206,1-3,1-2,0.14201759220394153,0.26265359682245554,0.05175942659609293,0.02047444170388675,0.014026863452523086,True,True,False,False,予選,2026-10-07,1号艇のracer_win_te,0.1297,風速区分,-0.1178,1号艇vs3号艇のcumulative差,-0.1035,1号艇の全国勝率,0.0924,1号艇の級別順位,0.0896,3号艇のwin_rate_rank_2to6,0.161,3号艇の全国勝率,0.1291,3号艇のsession_exh_rel_avg,0.11,3号艇の当地勝率,0.0722,3号艇の節間得点,0.0715,2号艇のwin_rate_rank_2to6,-0.1346,2号艇のsession_exh_rel_avg,-0.0767,3号艇の全国2連率,0.0643,2号艇の全国勝率,0.0631,2号艇のracer_avgfin_te,0.0613,-0.0596,北 7.3m/s,[逃げ]1号艇のracer_win_teが有利(+13.0pt)、風速区分が不利(-11.8pt) / [2着]3号艇のwin_rate_rank_2to6が有利(+16.1pt)、3号艇の全国勝率が有利(+12.9pt) / [候補2]2号艇のwin_rate_rank_2to6が不利(-13.5pt)、2号艇のsession_exh_rel_avgが不利(-7.7pt) / [除外]2号艇のracer_2nd_teが不利(-5.4pt)、3号艇のracer_avgfin_teが不利(-5.3pt)、天気-6.0pt
48,01,桐生,12,20:45,0.6533007626754426,2,0.44162023291040586,3,0.22612091671578688,0.4362358023205685,0.16233004937191697,0.5054111002542757,0.35125878712637365,0.4569883917006807,1-2,1-3,0.28851083497327473,0.1477249673472938,0.1060503450598156,0.07069801965034367,0.04031660051218471,False,False,False,False,桐生ドリーム,2026-10-07,1号艇のracer_win_te,0.1584,race_no,0.1254,場特性:in_escape_diff,-0.0902,1号艇の級別順位,0.077,レース時間帯,0.0741,2号艇のwin_rate_rank_2to6,0.1601,2号艇の当地勝率,0.1069,3号艇のモーター出走数,0.0744,2号艇のclass_rank_2to6,-0.0585,2号艇の全国勝率,0.0487,4号艇のモーター出走数,-0.1036,6号艇のモーター出走数,0.0888,3号艇のwin_rate_rank_2to6,-0.0603,3号艇の当地勝率,0.0547,3号艇のcumulative_diff_rank_2to6,0.0458,0.2067,北東 0.8m/s,[逃げ]1号艇のracer_win_teが有利(+15.8pt)、race_noが有利(+12.5pt) / [2着]2号艇のwin_rate_rank_2to6が有利(+16.0pt)、2号艇の当地勝率が有利(+10.7pt) / [候補2]4号艇のモーター出走数が不利(-10.4pt)、6号艇のモーター出走数が有利(+8.9pt) / [除外]6号艇のwin_rate_rank_2to6が不利(-5.5pt)、天気+20.7pt
49,11,琵琶湖,10,15:01,0.7846730536443363,2,0.34338945177091146,3,0.257724929141512,0.4716782568600761,0.2180619937201254,0.3830523871922981,0.34825213555766615,0.44509049595974265,1-2,1-3,0.2694484497103356,0.20222980714974043,0.17110737049614289,0.09959945901258078,0.04228797019867146,True,False,False,False,準優勝戦,2026-10-07,1号艇のdominance,0.2143,1号艇のracer_win_te,0.1873,場特性:in_escape_diff,-0.1003,風速区分,0.0956,1号艇のvs_max234_diff,0.0807,2号艇のwin_rate_rank_2to6,0.0728,1号艇の一般戦勝率,-0.0702,4号艇のracer_2nd_te,-0.064,2号艇の節間得点,0.0612,2号艇のclass_rank_2to6,-0.0524,3号艇のwin_rate_rank_2to6,-0.0941,3号艇のモーター2連率,0.0464,3号艇の全国勝率,-0.0423,3号艇の節間得点,0.0404,3号艇の枠別平均ST,-0.0361,0.092,北西 3.9m/s,[逃げ]1号艇のdominanceが有利(+21.4pt)、1号艇のracer_win_teが有利(+18.7pt) / [2着]2号艇のwin_rate_rank_2to6が有利(+7.3pt)、1号艇の一般戦勝率が不利(-7.0pt) / [候補2]3号艇のwin_rate_rank_2to6が不利(-9.4pt)、3号艇のモーター2連率が有利(+4.6pt)、天気+9.2pt
50,05,多摩川,2,11:11,0.49833317466048144,3,0.4435917367510064,2,0.3928820708867288,0.4168426480804534,0.13780739571895065,0.6986664119187845,0.34790984837258343,0.5013897772319528,1-3,1-2,0.19578616965216786,0.22105647842828557,0.06867399700031791,0.011531648222792932,0.0012848897688916103,True,True,False,False,予選,2026-10-07,1号艇のdominance,-0.0826,6号艇のracer_2nd_te,-0.0747,1号艇の一般戦勝率,0.0472,1号艇の全国勝率,-0.045,1号艇のracer_win_te,-0.0442,3号艇のwin_rate_rank_2to6,0.2364,3号艇のsession_exh_rel_avg,-0.0673,3号艇の全国勝率,0.0612,3号艇の当地勝率,-0.0545,2号艇のvs_boat3_diff,0.0504,2号艇の全国勝率,-0.0811,2号艇のsession_exh_rel_avg,0.0439,1号艇の女子戦2連率,0.0387,2号艇のwin_rate_rank_2to6,-0.0342,1号艇vs2号艇の枠別平均ST差,0.0308,-0.041,北 2.4m/s,[逃げ]1号艇のdominanceが不利(-8.3pt)、6号艇のracer_2nd_teが不利(-7.5pt) / [2着]3号艇のwin_rate_rank_2to6が有利(+23.6pt)、3号艇のsession_exh_rel_avgが不利(-6.7pt) / [候補2]2号艇の全国勝率が不利(-8.1pt)、2号艇のsession_exh_rel_avgが有利(+4.4pt) / [除外]6号艇のracer_win_teが不利(-17.3pt)、6号艇の全国勝率が不利(-13.2pt)、天気-4.1pt
51,03,江戸川,10,15:22,0.6665520367175729,3,0.4588332135278256,2,0.2437203681402396,0.4682885207640745,0.22047784176512508,0.48207573990294006,0.3443918299063392,0.4724246865057342,1-3,1-2,0.16245230777343336,0.3058362129906412,0.1469599544796389,0.037029855636022416,0.014273727564960691,True,False,False,False,予選特賞,2026-10-07,1号艇のdominance,0.3172,1号艇の女子戦比率,-0.21,場特性:in_escape_diff,-0.1049,1号艇のvs_max234_diff,0.0999,1号艇の勝率順位,0.0809,3号艇のwin_rate_rank_2to6,0.1604,3号艇の性別,-0.051,5号艇の一般戦2連率,0.0505,3号艇のclass_rank_2to6,0.0473,win_rate_gap_top2_2to6,-0.0379,2号艇のracer_avgfin_te,-0.0639,2号艇のwin_rate_rank_2to6,-0.0508,2号艇の直近平均着順,-0.0492,2号艇のモーター2連率,-0.0469,2号艇の全国勝率,-0.0454,0.1208,南 0.9m/s,[逃げ]1号艇のdominanceが有利(+31.7pt)、1号艇の女子戦比率が不利(-21.0pt) / [2着]3号艇のwin_rate_rank_2to6が有利(+16.0pt)、3号艇の性別が不利(-5.1pt) / [候補2]2号艇のracer_avgfin_teが不利(-6.4pt)、2号艇のwin_rate_rank_2to6が不利(-5.1pt) / [除外]5号艇の直近平均着順が不利(-22.8pt)、win_rate_range_1to6が不利(-6.4pt)、天気+12.1pt
52,24,大村,6,17:34,0.5578063788598575,3,0.43210980487686856,5,0.30968186215602994,0.4137761236560383,0.14255421172765814,0.5992374553052404,0.3429934886886232,0.4694145231507989,1-3,1-5,0.0615123769539776,0.24103360552820566,0.07951764863502642,0.17274251812783262,0.00300021701699663,True,False,False,False,予選,2026-10-07,場特性:in_escape_diff,0.1906,1号艇のsession_exh_rel_avg,-0.1526,1号艇のracer_win_te,0.0884,6号艇の枠別出走数,-0.0709,ST差分(6-5),0.0702,3号艇のsession_exh_rel_avg,0.1023,風向(度),0.0811,場特性:1x_diff_course3,0.0756,3号艇の全国勝率,0.0614,3号艇のwin_rate_rank_2to6,0.0504,5号艇のwin_rate_rank_2to6,0.2357,5号艇のclass_rank_2to6,0.1682,4号艇の枠別出走数,0.1388,5号艇の女子戦勝率,-0.0567,1号艇vs5号艇のlocal_win_rate差,0.0564,-0.014,北 6.0m/s,[逃げ]場特性:in_escape_diffが有利(+19.1pt)、1号艇のsession_exh_rel_avgが不利(-15.3pt) / [2着]3号艇のsession_exh_rel_avgが有利(+10.2pt)、風向(度)が有利(+8.1pt) / [候補2]5号艇のwin_rate_rank_2to6が有利(+23.6pt)、5号艇のclass_rank_2to6が有利(+16.8pt) / [除外]6号艇の全国勝率が不利(-13.8pt)、6号艇のvs_avg456_diffが不利(-13.8pt)、天気-1.4pt
53,10,三国,6,13:00,0.45703079475970565,3,0.49273793812293304,2,0.33647475664106996,0.37897573691282954,0.08182642661578865,0.7473862681482144,0.34176346052203505,0.489498896283445,1-3,1-2,0.15377932544424674,0.22519641146858274,0.03739719678856062,0.031588052902388045,0.00906980091999484,True,True,False,False,予選,2026-10-07,2号艇のsession_exh_rel_avg,-0.1944,1号艇のracer_win_te,0.1078,風速区分,-0.1024,3号艇のracer_win_te,-0.1008,3号艇の全国2連率,0.0868,3号艇の全国勝率,0.1702,3号艇のwin_rate_rank_2to6,0.1431,3号艇のsession_exh_rel_avg,0.1022,3号艇のracer_win_te,0.083,3号艇の当地勝率,0.077,2号艇のsession_exh_rel_avg,0.1437,2号艇のwin_rate_rank_2to6,0.0841,3号艇の全国2連率,0.0696,2号艇のsession_exh_rel_last,0.0655,2号艇のracer_avgfin_te,0.0547,-0.0811,北 7.7m/s,[逃げ]2号艇のsession_exh_rel_avgが不利(-19.4pt)、1号艇のracer_win_teが有利(+10.8pt) / [2着]3号艇の全国勝率が有利(+17.0pt)、3号艇のwin_rate_rank_2to6が有利(+14.3pt) / [候補2]2号艇のsession_exh_rel_avgが有利(+14.4pt)、2号艇のwin_rate_rank_2to6が有利(+8.4pt) / [除外]3号艇のracer_avgfin_teが不利(-5.3pt)、天気-8.1pt
54,20,若松,11,22:30,0.6922447426954921,3,0.37177008515583393,4,0.2550665016613457,0.433924331753379,0.17724498825588741,0.44959159856129227,0.3416312360506933,0.438624511795753,1-3,1-4,0.1226969112892623,0.2573558869405814,0.17656844481279757,0.09403080972230521,0.041592695088170796,False,False,False,False,予選特選,2026-10-07,1号艇のdominance,0.2197,1号艇のsession_exh_rel_avg,-0.1705,1号艇のracer_win_te,0.108,1号艇の年齢,-0.098,5号艇のsession_exh_rel_avg,-0.0922,3号艇の年齢,-0.0812,3号艇のwin_rate_rank_2to6,0.0742,1号艇のracer_2nd_te,0.0541,場特性:1x_diff_course3,0.0501,1号艇のsession_rank_diff_last,0.0473,4号艇のclass_rank_2to6,0.1516,4号艇のwin_rate_rank_2to6,-0.0804,4号艇のsession_exh_rel_avg,-0.0794,4号艇の全国勝率,0.0424,4号艇のracer_win_te,0.0399,0.1289,北東 2.2m/s,[逃げ]1号艇のdominanceが有利(+22.0pt)、1号艇のsession_exh_rel_avgが不利(-17.1pt) / [2着]3号艇の年齢が不利(-8.1pt)、3号艇のwin_rate_rank_2to6が有利(+7.4pt) / [候補2]4号艇のclass_rank_2to6が有利(+15.2pt)、4号艇のwin_rate_rank_2to6が不利(-8.0pt) / [除外]2号艇のwin_rate_rank_2to6が不利(-5.3pt)、天気+12.9pt
55,10,三国,11,15:43,0.5781809978414949,3,0.4095905763936185,2,0.29176881721394615,0.40551267404152747,0.13404705637635922,0.5673123372312054,0.34028333770724006,0.4540525729984308,1-3,1-2,0.16869518587579213,0.2368174881657354,0.0775034608133985,0.06685647473399517,0.02830840117592608,True,False,False,False,予選,2026-10-07,1号艇のracer_win_te,0.1141,風速区分,-0.1097,1号艇の級別順位,0.0829,1号艇の勝率順位,-0.0702,レース時間帯,0.0683,3号艇のracer_avgfin_te,0.0776,3号艇のwin_rate_rank_2to6,-0.0773,3号艇のcumulative_diff_rank_2to6,0.0702,3号艇のracer_win_te,0.0687,6号艇のracer_2nd_te,-0.0683,2号艇のsession_exh_rel_avg,-0.0907,6号艇のsession_rank_diff_delta,-0.0727,2号艇のclass_rank_2to6,-0.0523,6号艇のsession_exh_rel_last,-0.0512,レース時間帯,-0.05,-0.0367,北東 6.8m/s,[逃げ]1号艇のracer_win_teが有利(+11.4pt)、風速区分が不利(-11.0pt) / [2着]3号艇のracer_avgfin_teが有利(+7.8pt)、3号艇のwin_rate_rank_2to6が不利(-7.7pt) / [候補2]2号艇のsession_exh_rel_avgが不利(-9.1pt)、6号艇のsession_rank_diff_deltaが不利(-7.3pt)、天気-3.7pt
56,08,常滑,12,16:01,0.7545915194836126,3,0.36247634802788337,2,0.2576627122737781,0.46795167580417035,0.22858376041241268,0.39155529988924875,0.33959229130824137,0.44503276302969386,1-3,1-2,0.19443009756893911,0.27352157823523127,0.17248736709888055,0.10641122314102801,0.007741263981055489,True,False,False,False,予選特選,2026-10-07,1号艇のdominance,0.3113,風速区分,-0.2979,1号艇のracer_win_te,0.165,1号艇の枠別出走数,-0.1454,1号艇のsession_exh_rel_avg,-0.1019,3号艇の年齢,-0.1039,1号艇のracer_avgfin_te,0.0934,3号艇のsession_exh_rel_avg,0.0848,3号艇の節間得点,0.0532,3号艇のwin_rate_rank_2to6,-0.0504,2号艇のwin_rate_rank_2to6,-0.1296,2号艇のsession_exh_rel_avg,0.0742,2号艇のclass_rank_2to6,-0.0548,レース時間帯,-0.0547,1号艇vs2号艇のplace_rate差,-0.0457,-0.2191,北 8.4m/s,[逃げ]1号艇のdominanceが有利(+31.1pt)、風速区分が不利(-29.8pt) / [2着]3号艇の年齢が不利(-10.4pt)、1号艇のracer_avgfin_teが有利(+9.3pt) / [候補2]2号艇のwin_rate_rank_2to6が不利(-13.0pt)、2号艇のsession_exh_rel_avgが有利(+7.4pt) / [除外]6号艇のwin_rate_rank_2to6が不利(-7.1pt)、6号艇のvs_avg456_diffが不利(-6.1pt)、天気-21.9pt
57,16,児島,1,10:52,0.7037628775503884,4,0.36860480299073417,2,0.28467400340835236,0.4597533726341042,0.2251688876542729,0.42810991874481363,0.3355267860205182,0.450260336467317,1-4,1-2,0.20034299580245113,0.15846550431039122,0.2594103768316531,0.05349763208937383,0.03204635671877462,False,False,True,False,朝得ガァ～コ,2026-10-07,1号艇のdominance,0.1668,1号艇の年齢,-0.084,ST差分(4-3),-0.0793,1号艇の級別順位,0.0763,1号艇の勝率順位,0.0761,4号艇のwin_rate_rank_2to6,0.1883,4号艇のclass_rank_2to6,-0.0893,4号艇のcumulative_diff_rank_2to6,0.0614,4号艇のsession_exh_rel_avg,0.0553,場特性:1x_diff_course4,0.0526,2号艇のwin_rate_rank_2to6,0.0662,2号艇のclass_rank_2to6,-0.052,ST差分(4-3),-0.0417,second_best_win_rate,0.0402,2号艇のsession_exh_rel_avg,-0.0348,0.0406,北 2.2m/s,[逃げ]1号艇のdominanceが有利(+16.7pt)、1号艇の年齢が不利(-8.4pt) / [2着]4号艇のwin_rate_rank_2to6が有利(+18.8pt)、4号艇のclass_rank_2to6が不利(-8.9pt) / [候補2]2号艇のwin_rate_rank_2to6が有利(+6.6pt)、2号艇のclass_rank_2to6が不利(-5.2pt)、天気+4.1pt
58,07,蒲郡,9,18:55,0.6011884474640835,3,0.3962185460428836,2,0.27470872318594913,0.4033537233489991,0.14018585891565502,0.5307414103131777,0.3355003375635908,0.44157002943825263,1-3,1-2,0.16515171079700144,0.23820201255199766,0.08427811887792169,0.06090748743626305,0.05264910212368916,True,False,False,False,予選特賞,2026-10-07,1号艇の全国勝率,-0.0711,1号艇のdominance,0.0661,1号艇の節間得点,-0.065,1号艇の級別順位,0.0635,2号艇の平均ST,-0.0615,3号艇のwin_rate_rank_2to6,0.0914,場特性:1x_diff_course3,0.0408,3号艇のclass_rank_2to6,0.0389,3号艇の全国勝率,0.0388,6号艇の直近平均着順,-0.0343,2号艇のモーター2連率,-0.0508,2号艇のclass_rank_2to6,-0.0469,2号艇のwin_rate_rank_2to6,-0.0411,2号艇のsession_exh_rel_avg,-0.0337,2号艇の当地勝率,-0.0316,-0.0608,北西 4.7m/s,[逃げ]1号艇の全国勝率が不利(-7.1pt)、1号艇のdominanceが有利(+6.6pt) / [2着]3号艇のwin_rate_rank_2to6が有利(+9.1pt)、場特性:1x_diff_course3が有利(+4.1pt) / [候補2]2号艇のモーター2連率が不利(-5.1pt)、2号艇のclass_rank_2to6が不利(-4.7pt)、天気-6.1pt
59,10,三国,4,12:01,0.5905482539589549,2,0.44847484026734974,3,0.24169382821212484,0.40757790210773054,0.15047466241307506,0.5396940060663995,0.3339817254357024,0.4472127332953312,1-2,1-3,0.2648460338644046,0.14273186824332593,0.07095201628946374,0.08886254915310465,0.023155777608801307,True,True,False,False,予選,2026-10-07,1号艇のdominance,0.1501,風速区分,-0.114,1号艇のracer_win_te,0.0933,1号艇の全国勝率,0.0878,1号艇の勝率順位,0.068,2号艇のwin_rate_rank_2to6,0.1601,2号艇の当地勝率,0.0921,2号艇の節間得点,-0.0769,2号艇のracer_avgfin_te,0.0767,2号艇のclass_rank_2to6,-0.0626,3号艇のwin_rate_rank_2to6,-0.0716,2号艇の全国勝率,-0.0633,6号艇のracer_2nd_te,-0.0603,3号艇の全国勝率,0.0481,場特性:1x_diff_course3,-0.0396,-0.1596,北 7.7m/s,[逃げ]1号艇のdominanceが有利(+15.0pt)、風速区分が不利(-11.4pt) / [2着]2号艇のwin_rate_rank_2to6が有利(+16.0pt)、2号艇の当地勝率が有利(+9.2pt) / [候補2]3号艇のwin_rate_rank_2to6が不利(-7.2pt)、2号艇の全国勝率が不利(-6.3pt) / [除外]勝率のレンジ(2-6号艇)が不利(-13.5pt)、6号艇のwin_rate_rank_2to6が不利(-6.4pt)、天気-16.0pt
60,20,若松,2,18:34,0.6475345953222894,2,0.4686108109447103,3,0.19549670935036906,0.4300325944047633,0.1863680957125431,0.47773942458253627,0.33385936754851514,0.4443446434580952,1-2,1-3,0.30344171182873286,0.12659088257603046,0.09481768353073554,0.12067978943820729,0.002004535109963371,True,False,False,False,予選,2026-10-07,1号艇のdominance,-0.2114,6号艇の平均ST,0.0784,1号艇の年齢,0.0701,1号艇の勝率順位,-0.0681,1号艇のvs_max234_diff,0.0519,2号艇のsession_exh_rel_avg,0.0649,ST差分(6-5),0.0392,2号艇のwin_rate_rank_2to6,-0.0368,2号艇のモーター2連率,-0.0338,2号艇のsession_avg_finish,0.0328,3号艇のwin_rate_rank_2to6,-0.119,3号艇の当地勝率,-0.06,3号艇のsession_exh_rel_avg,-0.0596,3号艇のcumulative_diff_rank_2to6,-0.0561,3号艇の全国勝率,-0.0431,0.1122,北 4.0m/s,[逃げ]1号艇のdominanceが不利(-21.1pt)、6号艇の平均STが有利(+7.8pt) / [2着]2号艇のsession_exh_rel_avgが有利(+6.5pt)、ST差分(6-5)が有利(+3.9pt) / [候補2]3号艇のwin_rate_rank_2to6が不利(-11.9pt)、3号艇の当地勝率が不利(-6.0pt) / [除外]6号艇のracer_win_teが不利(-19.1pt)、6号艇の直近平均着順が不利(-14.3pt)、天気+11.2pt
61,18,徳山,3,09:39,0.8603208597358232,3,0.3066510734784979,6,0.2223850685958107,0.45514082858069227,0.22212673887567455,0.306909403198634,0.3338220910025304,0.41067140096607474,1-3,1-6,0.19110026695983504,0.2638183151739344,0.12205533126734497,0.09202442010817112,0.19132251340675788,False,False,True,False,決めトク一般,2026-10-07,場特性:in_escape_diff,0.1969,1号艇のsession_exh_rel_avg,0.1411,1号艇のdominance,0.1172,1号艇のracer_win_te,0.0807,1号艇の年齢,0.0613,3号艇のsession_exh_rel_avg,-0.1496,3号艇の節間得点,-0.1085,3号艇のwin_rate_rank_2to6,0.073,1号艇vs3号艇のcumulative差,-0.0663,3号艇のracer_avgfin_te,-0.0577,6号艇のwin_rate_rank_2to6,0.3821,6号艇のclass_rank_2to6,0.1767,5号艇の枠別平均ST,0.1406,6号艇のvs_avg456_diff,0.1181,場×風向,0.112,0.0651,北西 3.7m/s,[逃げ]場特性:in_escape_diffが有利(+19.7pt)、1号艇のsession_exh_rel_avgが有利(+14.1pt) / [2着]3号艇のsession_exh_rel_avgが不利(-15.0pt)、3号艇の節間得点が不利(-10.8pt) / [候補2]6号艇のwin_rate_rank_2to6が有利(+38.2pt)、6号艇のclass_rank_2to6が有利(+17.7pt) / [除外]2号艇のwin_rate_rank_2to6が不利(-6.2pt)、5号艇のracer_win_teが不利(-5.9pt)、天気+6.5pt
62,18,徳山,12,14:29,0.7108036195211664,2,0.32790837762640024,3,0.3070949838368846,0.45136268773621047,0.2196236905903532,0.41537967087293165,0.3324067606057213,0.4405677826772268,1-2,1-3,0.23307846168815877,0.21828422604805167,0.1561093142042198,0.07197511218050169,0.031356509372159246,True,True,False,False,優勝戦,2026-10-07,場特性:in_escape_diff,0.2458,1号艇のdominance,0.1136,race_no,0.1077,5号艇の節間得点,-0.097,1号艇のracer_win_te,0.0911,2号艇のwin_rate_rank_2to6,-0.1299,2号艇のsession_exh_rel_avg,0.0636,2号艇の全国勝率,0.0622,場特性:in_escape_diff,0.0541,4号艇の節間得点,-0.0445,3号艇のwin_rate_rank_2to6,0.1909,3号艇の節間得点,0.0911,5号艇の節間得点,-0.0462,3号艇のclass_rank_2to6,0.0436,1号艇vs5号艇のlocal_win_rate差,-0.0399,0.0802,北東 2.5m/s,[逃げ]場特性:in_escape_diffが有利(+24.6pt)、1号艇のdominanceが有利(+11.4pt) / [2着]2号艇のwin_rate_rank_2to6が不利(-13.0pt)、2号艇のsession_exh_rel_avgが有利(+6.4pt) / [候補2]3号艇のwin_rate_rank_2to6が有利(+19.1pt)、3号艇の節間得点が有利(+9.1pt)、天気+8.0pt
63,11,琵琶湖,3,11:27,0.636800009014947,4,0.39170091957983993,3,0.3229773054013476,0.45510710011080663,0.22603193406803973,0.4886462909131479,0.3316646144554355,0.465168857351509,1-4,1-3,0.14393713765219363,0.20567195099120147,0.24943514911960513,0.029995110805666112,0.0077606729006715,True,True,False,False,一般,2026-10-07,1号艇の級別順位,-0.0783,風速区分,0.0753,1号艇の節間得点,0.0706,1号艇のdominance,0.0637,場特性:in_escape_diff,-0.0628,4号艇のwin_rate_rank_2to6,0.2301,4号艇のclass_rank_2to6,0.1861,4号艇の全国勝率,0.0965,win_rate_gap_top2_2to6,0.0682,4号艇のsession_exh_rel_avg,0.0616,3号艇のsession_exh_rel_avg,-0.0455,3号艇の節間得点,0.0424,3号艇のwin_rate_rank_2to6,0.0419,3号艇のclass_rank_2to6,0.0392,3号艇のcumulative_diff_rank_2to6,0.0387,0.0722,北西 3.9m/s,[逃げ]1号艇の級別順位が不利(-7.8pt)、風速区分が有利(+7.5pt) / [2着]4号艇のwin_rate_rank_2to6が有利(+23.0pt)、4号艇のclass_rank_2to6が有利(+18.6pt) / [候補2]3号艇のsession_exh_rel_avgが不利(-4.5pt)、3号艇の節間得点が有利(+4.2pt) / [除外]6号艇のwin_rate_rank_2to6が不利(-8.0pt)、6号艇のsession_exh_rel_avgが不利(-5.1pt)、天気+7.2pt
64,18,徳山,9,12:42,0.815117705474783,4,0.28637234946155077,3,0.2831928724681049,0.46426269681753646,0.24298118908958574,0.32658403284006987,0.32889417427034107,0.42295909762429645,1-4,1-3,0.1980582693242375,0.2308355244130145,0.233427172404522,0.09281959123853846,0.05997715416757074,True,True,False,False,推しトク特選,2026-10-07,1号艇のdominance,0.239,場特性:in_escape_diff,0.1694,1号艇のsession_exh_rel_avg,0.1209,1号艇のracer_win_te,0.104,1号艇の級別順位,-0.0873,4号艇のwin_rate_rank_2to6,0.1882,4号艇のsession_exh_rel_avg,-0.121,4号艇のclass_rank_2to6,-0.1096,4号艇のcumulative_diff_rank_2to6,0.0484,1号艇の級別,-0.046,3号艇のsession_exh_rel_avg,-0.1587,風向(度),0.1112,3号艇のracer_win_te,-0.1031,3号艇の節間得点,-0.1022,3号艇のwin_rate_rank_2to6,0.0827,0.0263,北 2.2m/s,[逃げ]1号艇のdominanceが有利(+23.9pt)、場特性:in_escape_diffが有利(+16.9pt) / [2着]4号艇のwin_rate_rank_2to6が有利(+18.8pt)、4号艇のsession_exh_rel_avgが不利(-12.1pt) / [候補2]3号艇のsession_exh_rel_avgが不利(-15.9pt)、風向(度)が有利(+11.1pt) / [除外]6号艇のracer_win_teが不利(-12.2pt)、2号艇のwin_rate_rank_2to6が不利(-6.5pt)、天気+2.6pt
65,16,児島,8,14:40,0.7682249327244324,4,0.3351876181444341,3,0.2760167377144018,0.46954242516053424,0.27014582891395056,0.34105852694488537,0.3173285119742233,0.4309972556958395,1-4,1-3,0.2075327612432057,0.21204293976146363,0.25749948539907064,0.08304671558935145,0.008103038601458409,True,True,False,False,予選,2026-10-07,1号艇のdominance,0.2875,1号艇の勝率順位,0.0828,1号艇の級別順位,0.0783,1号艇のracer_win_te,0.0661,1号艇のvs_max234_diff,0.0653,4号艇のclass_rank_2to6,0.2184,4号艇のwin_rate_rank_2to6,0.1968,場特性:1x_diff_course4,0.0627,場特性:1x_diff_course6,0.0475,4号艇のcumulative_diff_rank_2to6,0.0463,3号艇のwin_rate_rank_2to6,0.0808,3号艇のcumulative_diff_rank_2to6,0.044,場特性:1x_diff_course3,-0.0363,1号艇の直近平均着順,-0.0314,3号艇の全国勝率,0.0312,-0.0923,北 4.4m/s,[逃げ]1号艇のdominanceが有利(+28.7pt)、1号艇の勝率順位が有利(+8.3pt) / [2着]4号艇のclass_rank_2to6が有利(+21.8pt)、4号艇のwin_rate_rank_2to6が有利(+19.7pt) / [候補2]3号艇のwin_rate_rank_2to6が有利(+8.1pt)、3号艇のcumulative_diff_rank_2to6が有利(+4.4pt) / [除外]6号艇のwin_rate_rank_2to6が不利(-7.8pt)、6号艇のvs_avg456_diffが不利(-5.3pt)、天気-9.2pt
66,14,鳴門,1,08:35,0.6994499035777867,3,0.3182134498344717,4,0.3148380645962329,0.4427878207283282,0.2378159909923314,0.3952355234383732,0.3164253914653176,0.42852213154134167,1-3,1-4,0.16634037196884197,0.2225743668038761,0.2202134539244521,0.08955359196660839,0.0007681172040477005,False,False,True,False,予選,2026-10-07,1号艇のdominance,0.2228,場特性:in_escape_diff,-0.1486,1号艇のsession_exh_rel_avg,0.1166,1号艇のvs_max234_diff,0.0864,1号艇の勝率順位,0.0806,3号艇のsession_exh_rel_avg,0.0955,3号艇のwin_rate_rank_2to6,0.0723,3号艇の節間得点,-0.044,3号艇の当地勝率,-0.038,3号艇のcumulative_diff_rank_2to6,-0.0379,4号艇のwin_rate_rank_2to6,0.1633,4号艇のsession_exh_rel_avg,0.0933,4号艇のclass_rank_2to6,-0.0726,3号艇の年齢,0.0432,6号艇の全国2連率,-0.0432,-0.0641,北 7.3m/s,[逃げ]1号艇のdominanceが有利(+22.3pt)、場特性:in_escape_diffが不利(-14.9pt) / [2着]3号艇のsession_exh_rel_avgが有利(+9.6pt)、3号艇のwin_rate_rank_2to6が有利(+7.2pt) / [候補2]4号艇のwin_rate_rank_2to6が有利(+16.3pt)、4号艇のsession_exh_rel_avgが有利(+9.3pt) / [除外]6号艇の直近平均着順が不利(-29.9pt)、6号艇の全国勝率が不利(-16.6pt)、天気-6.4pt
67,10,三国,12,16:20,0.6416372549229915,2,0.3526926661334402,3,0.310290339685214,0.42539459591407497,0.21821360525350308,0.44476940056515113,0.3140023297983541,0.4312070373093978,1-2,1-3,0.2263007541293317,0.1990938417847433,0.140013978661707,0.05602053885795813,0.020208145074678885,True,False,False,False,予選,2026-10-07,1号艇のsession_exh_rel_avg,-0.1597,1号艇の全国勝率,0.1292,1号艇のdominance,0.12,1号艇のracer_win_te,0.1094,1号艇の節間得点,0.0949,2号艇のsession_exh_rel_avg,0.1628,2号艇のwin_rate_rank_2to6,-0.1182,2号艇の当地勝率,0.0715,2号艇のclass_rank_2to6,-0.0647,2号艇の全国勝率,0.0572,3号艇のwin_rate_rank_2to6,0.1739,3号艇の全国勝率,0.1182,3号艇の当地勝率,0.0883,3号艇のracer_win_te,0.0748,3号艇のracer_avgfin_te,0.0484,-0.0303,東 4.9m/s,[逃げ]1号艇のsession_exh_rel_avgが不利(-16.0pt)、1号艇の全国勝率が有利(+12.9pt) / [2着]2号艇のsession_exh_rel_avgが有利(+16.3pt)、2号艇のwin_rate_rank_2to6が不利(-11.8pt) / [候補2]3号艇のwin_rate_rank_2to6が有利(+17.4pt)、3号艇の全国勝率が有利(+11.8pt) / [除外]local_win_rateの分散(2-6号艇)が不利(-10.9pt)、6号艇のwin_rate_rank_2to6が不利(-8.2pt)、天気-3.0pt
68,11,琵琶湖,5,12:22,0.5841821516836676,2,0.39952649011955726,4,0.2597230734658492,0.3851218285518416,0.16125432312435328,0.49799524046105326,0.31059875681159305,0.4189838521246051,1-2,1-4,0.23339624465266653,0.0942018974510781,0.15172558389917506,0.09373175095442944,0.011126682343186811,True,True,False,False,一般,2026-10-07,1号艇の年齢,-0.0881,風速区分,0.0841,1号艇の勝率順位,-0.0807,5号艇の節間得点,-0.0656,4号艇の枠別出走数,-0.0635,2号艇の枠別出走数,-0.1493,1号艇vs6号艇の枠別平均ST差,0.1119,2号艇のsession_exh_rel_avg,0.0968,2号艇のclass_rank_2to6,0.0825,2号艇の一般戦勝率,-0.0764,4号艇のwin_rate_rank_2to6,0.1727,4号艇のclass_rank_2to6,-0.0957,2号艇のsession_exh_rel_delta,0.0887,5号艇の年齢,0.0839,4号艇のsession_exh_rel_avg,-0.0723,0.0961,北西 3.9m/s,[逃げ]1号艇の年齢が不利(-8.8pt)、風速区分が有利(+8.4pt) / [2着]2号艇の枠別出走数が不利(-14.9pt)、1号艇vs6号艇の枠別平均ST差が有利(+11.2pt) / [候補2]4号艇のwin_rate_rank_2to6が有利(+17.3pt)、4号艇のclass_rank_2to6が不利(-9.6pt) / [除外]6号艇のwin_rate_rank_2to6が不利(-6.5pt)、6号艇のvs_avg456_diffが不利(-5.7pt)、天気+9.6pt
69,16,児島,2,11:21,0.6950585777088718,4,0.31939906592969436,2,0.2956919260576086,0.4275242700522338,0.23082474842858666,0.3842662435587162,0.3091044515539274,0.41454686210417846,1-4,1-2,0.2055232095655983,0.16043672134278159,0.22200106048663554,0.09088348208518798,0.01621411134922961,True,True,False,False,予選,2026-10-07,1号艇のdominance,0.1669,1号艇の勝率順位,0.0884,1号艇のモーター2連率順位,-0.0782,1号艇の級別順位,0.0673,1号艇のvs_max234_diff,0.0619,4号艇のwin_rate_rank_2to6,0.1871,場特性:1x_diff_course4,0.0669,4号艇のsession_exh_rel_avg,0.0654,4号艇のcumulative_diff_rank_2to6,0.0624,4号艇の年齢,-0.0589,2号艇のwin_rate_rank_2to6,-0.1132,2号艇の全国勝率,-0.0603,second_best_win_rate,0.0498,1号艇vs5号艇の直近複勝率差,0.0448,2号艇のモーター2連率,-0.0439,0.0331,北 2.2m/s,[逃げ]1号艇のdominanceが有利(+16.7pt)、1号艇の勝率順位が有利(+8.8pt) / [2着]4号艇のwin_rate_rank_2to6が有利(+18.7pt)、場特性:1x_diff_course4が有利(+6.7pt) / [候補2]2号艇のwin_rate_rank_2to6が不利(-11.3pt)、2号艇の全国勝率が不利(-6.0pt) / [除外]6号艇の直近平均着順が不利(-10.0pt)、6号艇のwin_rate_rank_2to6が不利(-9.2pt)、天気+3.3pt
70,14,鳴門,3,09:27,0.509089297042921,2,0.3936063977212641,4,0.3475056685715269,0.3772922208590237,0.1522986508510169,0.5888134154417741,0.30833890540292785,0.4407485792338488,1-2,1-4,0.20038080432751473,0.07753361310232947,0.17691141653150894,0.04370740030275009,0.01055607131309215,False,False,True,False,予選,2026-10-07,場特性:in_escape_diff,-0.2272,1号艇のdominance,0.1198,風速区分,-0.1019,1号艇のsession_exh_rel_avg,-0.0637,1号艇の勝率順位,0.0618,6号艇のsession_rank_diff_last,-0.0736,2号艇のwin_rate_rank_2to6,0.0726,2号艇のclass_rank_2to6,-0.0546,2号艇の節間得点,0.0461,2号艇の全国勝率,0.0459,4号艇のclass_rank_2to6,0.1909,4号艇のwin_rate_rank_2to6,0.1882,4号艇の全国勝率,0.0585,3号艇の年齢,0.0408,4号艇のモーター2連率,0.035,-0.0909,北西 6.5m/s,[逃げ]場特性:in_escape_diffが不利(-22.7pt)、1号艇のdominanceが有利(+12.0pt) / [2着]6号艇のsession_rank_diff_lastが不利(-7.4pt)、2号艇のwin_rate_rank_2to6が有利(+7.3pt) / [候補2]4号艇のclass_rank_2to6が有利(+19.1pt)、4号艇のwin_rate_rank_2to6が有利(+18.8pt) / [除外]6号艇のsession_exh_rel_avgが不利(-6.4pt)、天気-9.1pt
71,20,若松,1,18:08,0.4330856368267523,3,0.4825876490008738,4,0.3157249864921112,0.3457377361293224,0.09089615831742556,0.7074164771755594,0.30802625772989933,0.45424135844319347,1-3,1-4,0.03936582061000755,0.20900177929226862,0.13673595683705375,0.031539271536207614,0.016442808551214744,True,False,False,False,予選,2026-10-07,1号艇のdominance,-0.1513,1号艇のracer_win_te,-0.1512,1号艇のsession_exh_rel_avg,0.1493,1号艇の級別順位,0.0907,2号艇の全国2連率,-0.075,3号艇のsession_exh_rel_avg,0.1383,3号艇のwin_rate_rank_2to6,-0.0972,2号艇の直近複勝率,0.078,1号艇のsession_exh_rel_delta,0.0766,場特性:1x_diff_course3,0.0504,4号艇のwin_rate_rank_2to6,0.2117,1号艇の女子戦2連率,-0.0997,4号艇のsession_exh_rel_avg,0.0786,4号艇のclass_rank_2to6,-0.0717,4号艇のsession_rank_diff_last,0.0714,-0.0059,北 4.2m/s,[逃げ]1号艇のdominanceが不利(-15.1pt)、1号艇のracer_win_teが不利(-15.1pt) / [2着]3号艇のsession_exh_rel_avgが有利(+13.8pt)、3号艇のwin_rate_rank_2to6が不利(-9.7pt) / [候補2]4号艇のwin_rate_rank_2to6が有利(+21.2pt)、1号艇の女子戦2連率が不利(-10.0pt) / [除外]2号艇のwin_rate_rank_2to6が不利(-7.7pt)、6号艇のwin_rate_rank_2to6が不利(-6.3pt)、天気-0.6pt
72,24,大村,2,15:48,0.4541332639348377,4,0.39136449513471183,3,0.3911578271892687,0.35536941633885843,0.11460131121400385,0.6679210111099767,0.3064984550455123,0.44913489477019386,1-4,1-3,0.05204426751282769,0.17763778077512182,0.1777316355637366,0.03064419419562171,0.016075380812195176,True,False,False,False,予選,2026-10-07,場特性:in_escape_diff,0.1645,1号艇のdominance,-0.1467,5号艇の枠別出走数,-0.1257,1号艇のsession_exh_rel_avg,-0.0763,1号艇の級別順位,-0.0741,ST差分(3-2),0.1996,4号艇のwin_rate_rank_2to6,0.142,4号艇の当地勝率,0.1146,4号艇のclass_rank_2to6,0.1132,4号艇のsession_exh_rel_avg,0.0737,3号艇のモーター2連率,0.1627,3号艇のsession_exh_rel_avg,0.1118,3号艇のwin_rate_rank_2to6,-0.05,1号艇vs6号艇の直近複勝率差,-0.0409,2号艇の枠別平均ST,0.0404,-0.0097,北 5.3m/s,[逃げ]場特性:in_escape_diffが有利(+16.4pt)、1号艇のdominanceが不利(-14.7pt) / [2着]ST差分(3-2)が有利(+20.0pt)、4号艇のwin_rate_rank_2to6が有利(+14.2pt) / [候補2]3号艇のモーター2連率が有利(+16.3pt)、3号艇のsession_exh_rel_avgが有利(+11.2pt) / [除外]4号艇の当地2連率が不利(-17.4pt)、2号艇のwin_rate_rank_2to6が不利(-6.2pt)、天気-1.0pt
73,11,琵琶湖,8,13:48,0.6947164502733503,4,0.3516625870301813,2,0.2954740455616679,0.44957646423605874,0.2695062649519813,0.37763036763986785,0.30418005581216484,0.42799263525720144,1-4,1-2,0.20527068008050808,0.1872304357138695,0.24430578415555065,0.056245848222681465,0.0016637052548904856,True,True,False,False,一般,2026-10-07,1号艇のdominance,0.3078,1号艇の勝率順位,0.0702,ST差分(4-3),-0.0668,1号艇のvs_max234_diff,0.0636,1号艇のsession_exh_rel_avg,-0.0604,4号艇のwin_rate_rank_2to6,0.1808,4号艇のsession_exh_rel_avg,0.0694,5号艇の年齢,0.0675,4号艇のclass_rank_2to6,-0.066,4号艇のcumulative_diff_rank_2to6,0.0573,2号艇のwin_rate_rank_2to6,-0.1382,2号艇の全国勝率,-0.0753,2号艇のsession_exh_rel_avg,-0.0611,second_best_win_rate,0.0573,2号艇の直近平均着順,-0.0542,0.0642,北西 3.9m/s,[逃げ]1号艇のdominanceが有利(+30.8pt)、1号艇の勝率順位が有利(+7.0pt) / [2着]4号艇のwin_rate_rank_2to6が有利(+18.1pt)、4号艇のsession_exh_rel_avgが有利(+6.9pt) / [候補2]2号艇のwin_rate_rank_2to6が不利(-13.8pt)、2号艇の全国勝率が不利(-7.5pt) / [除外]6号艇の全国勝率が不利(-18.0pt)、6号艇の直近平均着順が不利(-15.4pt)、天気+6.4pt
74,03,江戸川,12,16:25,0.6799379100517688,4,0.35118675936831073,2,0.2640726725826624,0.4183382123003832,0.23056974099571956,0.3846896909552536,0.30259085238992917,0.4082436558968443,1-4,1-2,0.17955302109764054,0.1567731078138072,0.23878519120274266,0.07701591419089256,0.027810669414270656,True,False,False,False,江戸川選抜,2026-10-07,1号艇のdominance,0.2064,1号艇のracer_win_te,0.1374,場特性:in_escape_diff,-0.122,風速区分,0.1082,1号艇の全国勝率,0.108,4号艇のwin_rate_rank_2to6,0.2164,4号艇の全国勝率,0.1128,4号艇のcumulative_diff_rank_2to6,0.0615,4号艇のclass_rank_2to6,0.0584,4号艇の直近複勝率,0.055,2号艇のwin_rate_rank_2to6,-0.1289,2号艇のモーター2連率,0.0914,2号艇の女子戦比率,-0.0839,2号艇の体重,-0.0698,6号艇の当地2連率,-0.0637,0.1873,北西 1.0m/s,[逃げ]1号艇のdominanceが有利(+20.6pt)、1号艇のracer_win_teが有利(+13.7pt) / [2着]4号艇のwin_rate_rank_2to6が有利(+21.6pt)、4号艇の全国勝率が有利(+11.3pt) / [候補2]2号艇のwin_rate_rank_2to6が不利(-12.9pt)、2号艇のモーター2連率が有利(+9.1pt)、天気+18.7pt
75,11,琵琶湖,4,11:54,0.6217116885211003,2,0.30006252707419084,5,0.28485464743362254,0.36364984420824376,0.14012022651738232,0.4447969479904311,0.30250420595607985,0.3879939753428999,1-2,1-5,0.18655238036920355,0.08422015711672039,0.08672729762388577,0.17709746383904018,0.0871143826240808,True,True,False,False,一般,2026-10-07,1号艇のracer_win_te,0.1394,5号艇の節間得点,-0.1244,1号艇のsession_exh_rel_avg,0.1114,3号艇の枠別出走数,-0.1105,1号艇のdominance,0.0725,1号艇vs3号艇の枠別平均ST差,-0.0825,2号艇のsession_exh_rel_avg,0.0548,3号艇のsession_exh_rel_delta,0.0431,2号艇のwin_rate_rank_2to6,-0.0389,2号艇の当地勝率,-0.0373,5号艇のsession_exh_rel_avg,0.1469,5号艇のclass_rank_2to6,0.1392,5号艇のwin_rate_rank_2to6,0.1372,5号艇の節間得点,0.083,1号艇vs4号艇の勝率差,0.0809,0.0852,北西 3.9m/s,[逃げ]1号艇のracer_win_teが有利(+13.9pt)、5号艇の節間得点が不利(-12.4pt) / [2着]1号艇vs3号艇の枠別平均ST差が不利(-8.2pt)、2号艇のsession_exh_rel_avgが有利(+5.5pt) / [候補2]5号艇のsession_exh_rel_avgが有利(+14.7pt)、5号艇のclass_rank_2to6が有利(+13.9pt)、天気+8.5pt
76,10,三国,1,10:36,0.4783622940054438,2,0.4883057204724594,3,0.24089354640602145,0.3488214340910779,0.12502408955129315,0.6041751773271876,0.2964881354352218,0.4254275570619108,1-2,1-3,0.23358704462118668,0.11523438946989124,0.05980681028369863,0.038451271977604715,0.031282781217139344,False,False,True,False,予選,2026-10-07,風速区分,-0.2489,1号艇のdominance,0.1681,1号艇のsession_exh_rel_avg,0.1535,1号艇の級別順位,0.0714,4号艇のsession_rank_diff_delta,-0.0664,2号艇のsession_exh_rel_avg,0.0915,2号艇の当地勝率,0.0828,2号艇の全国勝率,0.0771,2号艇のclass_rank_2to6,-0.0581,2号艇のracer_avgfin_te,0.0456,3号艇のwin_rate_rank_2to6,0.1864,3号艇のsession_exh_rel_avg,-0.1552,3号艇の節間得点,-0.1332,3号艇の当地勝率,0.0964,3号艇のsession_exh_rel_last,-0.0765,-0.2313,北 8.2m/s,[逃げ]風速区分が不利(-24.9pt)、1号艇のdominanceが有利(+16.8pt) / [2着]2号艇のsession_exh_rel_avgが有利(+9.1pt)、2号艇の当地勝率が有利(+8.3pt) / [候補2]3号艇のwin_rate_rank_2to6が有利(+18.6pt)、3号艇のsession_exh_rel_avgが不利(-15.5pt) / [除外]6号艇のwin_rate_rank_2to6が不利(-6.3pt)、2号艇のracer_2nd_teが不利(-5.5pt)、天気-23.1pt
77,07,蒲郡,2,15:45,0.4727866321079766,3,0.400771008369322,2,0.3487462229658115,0.35436172750983297,0.13996617447465073,0.6095510568604827,0.29484334105409704,0.4309185263150279,1-3,1-2,0.1648825522163835,0.18947917529344946,0.06617413623890757,0.030357351352924538,0.02189340819997432,True,False,False,False,予選,2026-10-07,6号艇の枠別出走数,-0.126,1号艇の級別順位,-0.0987,5号艇の平均ST,0.0884,5号艇の枠別出走数,-0.0772,1号艇のvs_max234_frame_diff,-0.0638,3号艇のwin_rate_rank_2to6,0.1592,場特性:1x_diff_course3,0.0409,3号艇のclass_rank_2to6,0.0378,3号艇の全国勝率,0.0337,3号艇のモーター2連率,0.0287,2号艇のclass_rank_2to6,0.0709,1号艇vs2号艇の枠別勝率差,0.0555,2号艇のwin_rate_rank_2to6,-0.0528,2号艇の全国勝率,0.0465,2号艇のモーター2連率,-0.0422,-0.0416,北西 5.4m/s,[逃げ]6号艇の枠別出走数が不利(-12.6pt)、1号艇の級別順位が不利(-9.9pt) / [2着]3号艇のwin_rate_rank_2to6が有利(+15.9pt)、場特性:1x_diff_course3が有利(+4.1pt) / [候補2]2号艇のclass_rank_2to6が有利(+7.1pt)、1号艇vs2号艇の枠別勝率差が有利(+5.6pt)、天気-4.2pt
78,01,桐生,9,19:18,0.5369326316434817,2,0.47076389938306684,3,0.20448614182123975,0.3625637816411978,0.16467024325891005,0.5105797979453965,0.2909196222975261,0.4069685865324574,1-2,1-3,0.2527684993784973,0.10979528226270048,0.0507079333599494,0.08841682706637888,0.03524410257745006,True,False,False,False,予選特賞,2026-10-07,1号艇のdominance,0.0891,1号艇の級別順位,-0.0883,1号艇の年齢,-0.0826,1号艇のモーター2連率順位,0.0674,場特性:in_escape_diff,-0.067,2号艇のwin_rate_rank_2to6,0.1671,2号艇のclass_rank_2to6,0.0755,3号艇のモーター出走数,0.0501,2号艇の全国勝率,0.0407,3号艇の全国勝率,-0.0327,3号艇のwin_rate_rank_2to6,-0.1312,6号艇のモーター出走数,0.0771,4号艇のモーター出走数,-0.0741,3号艇のcumulative_diff_rank_2to6,0.0593,3号艇の当地勝率,-0.038,0.0046,北 1.8m/s,[逃げ]1号艇のdominanceが有利(+8.9pt)、1号艇の級別順位が不利(-8.8pt) / [2着]2号艇のwin_rate_rank_2to6が有利(+16.7pt)、2号艇のclass_rank_2to6が有利(+7.6pt) / [候補2]3号艇のwin_rate_rank_2to6が不利(-13.1pt)、6号艇のモーター出走数が有利(+7.7pt)、天気+0.5pt
79,03,江戸川,2,11:41,0.42574613545362455,3,0.5945542319641047,2,0.20069770604777953,0.33857543932056516,0.1333361521619367,0.6619157858499476,0.28440222376591545,0.43557754327937986,1-3,1-2,0.08544627274424967,0.25312916657631546,0.056767351499200994,0.02099089348714858,0.009412458680342609,True,True,False,False,予選,2026-10-07,1号艇のracer_win_te,-0.1806,1号艇の女子戦比率,-0.1254,1号艇のdominance,-0.09,5号艇の平均ST,0.0892,場特性:in_escape_diff,-0.0789,3号艇のwin_rate_rank_2to6,0.22,win_rate_gap_top2_2to6,0.105,2号艇のvs_boat3_diff,0.0636,3号艇のclass_rank_2to6,0.0417,3号艇の女子戦比率,-0.0411,2号艇の全国勝率,-0.0839,2号艇のwin_rate_rank_2to6,-0.0633,2号艇の当地勝率,-0.0556,2号艇のracer_avgfin_te,-0.052,2号艇の体重,-0.0504,0.0481,北 1.9m/s,[逃げ]1号艇のracer_win_teが不利(-18.1pt)、1号艇の女子戦比率が不利(-12.5pt) / [2着]3号艇のwin_rate_rank_2to6が有利(+22.0pt)、win_rate_gap_top2_2to6が有利(+10.5pt) / [候補2]2号艇の全国勝率が不利(-8.4pt)、2号艇のwin_rate_rank_2to6が不利(-6.3pt) / [除外]6号艇のracer_win_teが不利(-16.1pt)、6号艇のwin_rate_rank_2to6が不利(-7.3pt)、天気+4.8pt
80,01,桐生,10,19:48,0.45498972814659033,2,0.4600555962253956,3,0.30204791145749876,0.34674926778020304,0.15350610809540038,0.608597399587494,0.2828755110819605,0.4253037073223903,1-2,1-3,0.20932057065891027,0.13742869712129274,0.06984370239116733,0.017229470614811764,0.02116729244531466,True,False,False,False,予選特賞,2026-10-07,1号艇のdominance,-0.1709,1号艇のモーター2連率,0.111,1号艇のvs_max234_diff,-0.0886,1号艇の級別順位,-0.0871,場特性:in_escape_diff,-0.0857,2号艇のwin_rate_rank_2to6,0.1782,3号艇のモーター出走数,0.0698,2号艇の全国勝率,0.046,2号艇のracer_avgfin_te,0.0433,2号艇のモーター2連率,0.0385,6号艇のモーター出走数,0.0797,4号艇のモーター出走数,-0.0793,3号艇のwin_rate_rank_2to6,0.069,3号艇のracer_avgfin_te,0.0419,3号艇のcumulative_diff_rank_2to6,0.0387,0.0809,北西 0.6m/s,[逃げ]1号艇のdominanceが不利(-17.1pt)、1号艇のモーター2連率が有利(+11.1pt) / [2着]2号艇のwin_rate_rank_2to6が有利(+17.8pt)、3号艇のモーター出走数が有利(+7.0pt) / [候補2]6号艇のモーター出走数が有利(+8.0pt)、4号艇のモーター出走数が不利(-7.9pt) / [除外]3号艇のracer_avgfin_teが不利(-5.5pt)、天気+8.1pt
81,08,常滑,3,11:18,0.3775627433977183,2,0.4748455845787905,3,0.3746078309523442,0.32072196195649716,0.09923082077192769,0.7502225947592069,0.2825313577270657,0.44957215179731,1-2,1-3,0.1792840016038614,0.14143796035263576,0.037465860920256305,0.016470554300086034,0.002904359012408314,True,True,False,False,予選,2026-10-07,風速区分,-0.2449,1号艇のdominance,-0.2435,1号艇のsession_exh_rel_avg,0.1188,5号艇の枠別出走数,-0.087,1号艇の級別順位,-0.0769,2号艇の当地勝率,0.3369,2号艇のwin_rate_rank_2to6,0.2404,2号艇のclass_rank_2to6,0.1137,1号艇の枠別平均ST,-0.0766,2号艇の全国勝率,0.0673,3号艇のwin_rate_rank_2to6,-0.0578,1号艇vs2号艇のplace_rate差,0.0545,3号艇のcumulative_diff_rank_2to6,0.047,3号艇の全国勝率,0.0433,3号艇の当地勝率,0.0338,-0.2231,北西 8.6m/s,[逃げ]風速区分が不利(-24.5pt)、1号艇のdominanceが不利(-24.4pt) / [2着]2号艇の当地勝率が有利(+33.7pt)、2号艇のwin_rate_rank_2to6が有利(+24.0pt) / [候補2]3号艇のwin_rate_rank_2to6が不利(-5.8pt)、1号艇vs2号艇のplace_rate差が有利(+5.4pt) / [除外]5号艇の直近平均着順が不利(-24.4pt)、1号艇vs5号艇の枠別平均ST差が不利(-9.7pt)、天気-22.3pt
82,20,若松,7,20:53,0.47757042106806114,3,0.534267859675152,2,0.15624167341743417,0.3297669284705366,0.12414805674354426,0.5663614763490419,0.2806390204530512,0.40074529283408816,1-3,1-2,0.07461640176234254,0.25515052670819416,0.058450922216009504,0.05928943973379598,0.03006314488042664,False,False,False,False,予選特賞,2026-10-07,1号艇のdominance,-0.16,1号艇のsession_exh_rel_avg,-0.0901,1号艇の全国勝率,-0.0705,avg_entry_count,-0.0677,1号艇の勝率順位,-0.058,3号艇のwin_rate_rank_2to6,0.1669,6号艇のracer_2nd_te,-0.0782,3号艇の女子戦比率,-0.0583,2号艇のvs_boat3_diff,0.0505,6号艇の枠別勝率,-0.0434,2号艇のwin_rate_rank_2to6,-0.2448,2号艇の全国勝率,-0.1744,2号艇のsession_avg_finish,-0.0692,2号艇のsession_exh_rel_avg,-0.0592,2号艇の直近平均着順,-0.0501,0.0694,北 3.5m/s,[逃げ]1号艇のdominanceが不利(-16.0pt)、1号艇のsession_exh_rel_avgが不利(-9.0pt) / [2着]3号艇のwin_rate_rank_2to6が有利(+16.7pt)、6号艇のracer_2nd_teが不利(-7.8pt) / [候補2]2号艇のwin_rate_rank_2to6が不利(-24.5pt)、2号艇の全国勝率が不利(-17.4pt) / [除外]4号艇の女子戦2連率が不利(-15.8pt)、4号艇のwin_rate_rank_2to6が不利(-5.1pt)、天気+6.9pt
83,08,常滑,5,12:18,0.5184737427747997,2,0.3894328144310715,4,0.2726020851739689,0.34324771224576406,0.15254739337674506,0.5094875062282953,0.28041385970301724,0.39311965044052344,1-2,1-4,0.20191068885740168,0.0682228096337713,0.1413370233883624,0.027911408695079267,0.0790918179945807,True,True,False,False,三Ａ傑戦,2026-10-07,1号艇のdominance,-0.1431,1号艇の級別順位,-0.1162,風速区分,-0.1016,場特性:in_escape_diff,0.0768,1号艇の勝率順位,-0.0674,2号艇のsession_exh_rel_avg,0.06,1号艇のモーター出走数,0.0416,2号艇の全国勝率,0.0391,2号艇のモーター2連率,-0.0318,1号艇の女子戦2連率,0.0302,4号艇のsession_exh_rel_avg,-0.0883,4号艇のwin_rate_rank_2to6,0.061,4号艇のモーター2連率,-0.0518,4号艇の直近複勝率,0.0445,4号艇の節間得点,0.0437,-0.1253,北西 7.9m/s,[逃げ]1号艇のdominanceが不利(-14.3pt)、1号艇の級別順位が不利(-11.6pt) / [2着]2号艇のsession_exh_rel_avgが有利(+6.0pt)、1号艇のモーター出走数が有利(+4.2pt) / [候補2]4号艇のsession_exh_rel_avgが不利(-8.8pt)、4号艇のwin_rate_rank_2to6が有利(+6.1pt)、天気-12.5pt
84,10,三国,5,12:30,0.4987793799380235,2,0.45013617709941056,4,0.2641187210858952,0.3562556152345629,0.18192238325686544,0.5323325149284404,0.27848257054802783,0.4090786851427261,1-2,1-4,0.22451864330131635,0.09073913351770681,0.13173697193324657,0.03951588858706674,0.012268745385834003,True,True,False,False,予選,2026-10-07,1号艇のdominance,-0.2216,1号艇のracer_win_te,0.1683,1号艇のsession_exh_rel_avg,0.1635,1号艇vs2号艇のcumulative差,-0.1186,風速区分,-0.1165,2号艇のwin_rate_rank_2to6,0.1707,2号艇の当地勝率,0.0944,2号艇のsession_exh_rel_avg,0.0931,2号艇のracer_avgfin_te,0.0651,2号艇のclass_rank_2to6,-0.0607,4号艇のwin_rate_rank_2to6,-0.0817,4号艇の年齢,0.0739,4号艇の節間得点,0.0722,4号艇の全国勝率,0.0691,4号艇のclass_rank_2to6,-0.0688,-0.1293,北 7.6m/s,[逃げ]1号艇のdominanceが不利(-22.2pt)、1号艇のracer_win_teが有利(+16.8pt) / [2着]2号艇のwin_rate_rank_2to6が有利(+17.1pt)、2号艇の当地勝率が有利(+9.4pt) / [候補2]4号艇のwin_rate_rank_2to6が不利(-8.2pt)、4号艇の年齢が有利(+7.4pt) / [除外]2号艇の直近1着率が不利(-7.1pt)、6号艇のsession_exh_rel_avgが不利(-6.0pt)、天気-12.9pt
85,10,三国,7,13:30,0.6079812468204093,4,0.30866615254938556,3,0.2822660155960177,0.35927567637533003,0.2090564762044353,0.381875691940968,0.26914498810854015,0.3660556810450214,1-4,1-3,0.1271024170586538,0.17161244409709595,0.18766323227823412,0.08924964207185217,0.03235351357947996,True,True,False,False,予選,2026-10-07,1号艇のracer_win_te,0.1109,風速区分,-0.0979,1号艇のdominance,0.0954,1号艇のsession_exh_rel_avg,-0.0819,1号艇の全国勝率,0.0754,4号艇の当地勝率,0.1102,4号艇の全国勝率,0.0811,4号艇のsession_exh_rel_avg,0.0768,4号艇のclass_rank_2to6,-0.0745,4号艇のracer_avgfin_te,0.0695,3号艇のwin_rate_rank_2to6,-0.0911,3号艇のcumulative_diff_rank_2to6,0.0619,3号艇のsession_exh_rel_avg,-0.0447,3号艇の全国2連率,0.0432,3号艇の当地勝率,0.0398,-0.0991,北 7.7m/s,[逃げ]1号艇のracer_win_teが有利(+11.1pt)、風速区分が不利(-9.8pt) / [2着]4号艇の当地勝率が有利(+11.0pt)、4号艇の全国勝率が有利(+8.1pt) / [候補2]3号艇のwin_rate_rank_2to6が不利(-9.1pt)、3号艇のcumulative_diff_rank_2to6が有利(+6.2pt)、天気-9.9pt
86,24,大村,1,15:20,0.5126700990551674,2,0.3478077138221745,3,0.29476793552625213,0.3294293218018964,0.15862123709781661,0.4839544122506101,0.2667239379292825,0.3757868489365105,1-2,1-3,0.1783106150973655,0.15111870670453087,0.07423336757431603,0.08132036533519083,0.027687050073298948,True,False,False,False,予選,2026-10-07,場特性:in_escape_diff,0.1271,1号艇の級別順位,0.0888,1号艇のdominance,-0.0875,1号艇の体重,-0.0786,1号艇の年齢,-0.0768,2号艇のwin_rate_rank_2to6,-0.1222,2号艇のsession_avg_finish,-0.0742,3号艇の全国勝率,-0.0588,2号艇の全国勝率,-0.0587,4号艇のモーター出走数,-0.0486,3号艇のwin_rate_rank_2to6,-0.1028,3号艇のracer_avgfin_te,-0.095,3号艇のracer_win_te,-0.0762,3号艇の当地勝率,-0.0459,1号艇の一般戦2連率,0.0312,-0.0046,北 4.9m/s,[逃げ]場特性:in_escape_diffが有利(+12.7pt)、1号艇の級別順位が有利(+8.9pt) / [2着]2号艇のwin_rate_rank_2to6が不利(-12.2pt)、2号艇のsession_avg_finishが不利(-7.4pt) / [候補2]3号艇のwin_rate_rank_2to6が不利(-10.3pt)、3号艇のracer_avgfin_teが不利(-9.5pt) / [除外]5号艇の女子戦比率が不利(-8.3pt)、天気-0.5pt
87,18,徳山,10,13:15,0.5961698747542821,2,0.35945916123404337,5,0.22460563656560448,0.34820183735260113,0.19647811157773726,0.38758668622191056,0.26610499001147614,0.36001729201339394,1-2,1-5,0.21429872313217893,0.1131484333084612,0.11713433117125747,0.13390311422042223,0.017685276253321038,True,True,False,False,のんた選抜,2026-10-07,場特性:in_escape_diff,0.189,1号艇のsession_exh_rel_avg,0.1353,1号艇のracer_win_te,-0.1218,1号艇のdominance,-0.1058,1号艇の節間得点,0.0936,2号艇のwin_rate_rank_2to6,-0.1295,2号艇のclass_rank_2to6,0.089,2号艇のsession_exh_rel_avg,-0.058,2号艇の全国勝率,0.0559,1号艇の女子戦勝率,0.0532,5号艇のwin_rate_rank_2to6,0.1626,1号艇の女子戦2連率,0.1511,5号艇のsession_exh_rel_avg,0.1509,5号艇の年齢,0.091,avg_456_win_rate,0.0745,0.0464,北 2.3m/s,[逃げ]場特性:in_escape_diffが有利(+18.9pt)、1号艇のsession_exh_rel_avgが有利(+13.5pt) / [2着]2号艇のwin_rate_rank_2to6が不利(-13.0pt)、2号艇のclass_rank_2to6が有利(+8.9pt) / [候補2]5号艇のwin_rate_rank_2to6が有利(+16.3pt)、1号艇の女子戦2連率が有利(+15.1pt) / [除外]2号艇の女子戦2連率が不利(-5.5pt)、天気+4.6pt
88,05,多摩川,7,13:43,0.41690736709305176,2,0.6118413297571212,3,0.16802930693617465,0.3251338138169839,0.1667030340828164,0.6131676026104795,0.2600928619215334,0.41154395045503256,1-2,1-3,0.2550811578677531,0.07005265594923084,0.06949972302589025,0.020627033856228893,0.0016467961998110575,True,True,False,False,予選,2026-10-07,1号艇のdominance,-0.1492,1号艇vs2号艇のcumulative差,-0.1462,1号艇のsession_exh_rel_avg,0.1239,6号艇の枠別出走数,-0.1008,2号艇のsession_avg_finish,-0.0878,2号艇のwin_rate_rank_2to6,0.2158,2号艇のclass_rank_2to6,0.1043,2号艇の当地勝率,0.0786,2号艇のsession_exh_rel_avg,0.0712,2号艇の全国勝率,0.0639,3号艇のwin_rate_rank_2to6,-0.0993,3号艇のモーター2連率,0.042,local_win_rateの分散(2-6号艇),0.0396,4号艇の女子戦比率,0.0388,3号艇の年齢,-0.037,0.0308,東 0.6m/s,[逃げ]1号艇のdominanceが不利(-14.9pt)、1号艇vs2号艇のcumulative差が不利(-14.6pt) / [2着]2号艇のwin_rate_rank_2to6が有利(+21.6pt)、2号艇のclass_rank_2to6が有利(+10.4pt) / [候補2]3号艇のwin_rate_rank_2to6が不利(-9.9pt)、3号艇のモーター2連率が有利(+4.2pt) / [除外]6号艇の直近平均着順が不利(-21.7pt)、6号艇の全国勝率が不利(-14.4pt)、天気+3.1pt
89,08,常滑,2,10:47,0.5422885527819798,2,0.35671479764257963,4,0.3284361587889618,0.37154952060044993,0.25234471776678086,0.4328062386647606,0.259039249905686,0.3899265360197431,1-2,1-4,0.1934423513695113,0.13684365179992475,0.17810716923093864,0.02717371384894909,0.006721660472109199,False,False,True,False,予選,2026-10-07,風速区分,-0.2299,1号艇の年齢,-0.1347,1号艇のsession_exh_rel_avg,0.1161,5号艇の枠別出走数,-0.1058,1号艇の節間得点,0.1032,2号艇のsession_exh_rel_avg,0.0828,2号艇の全国勝率,0.059,2号艇のwin_rate_rank_2to6,0.0454,1号艇の年齢,-0.0446,1号艇のモーター2連率,0.0403,4号艇のwin_rate_rank_2to6,0.2162,4号艇のclass_rank_2to6,0.2136,4号艇のcumulative_diff_rank_2to6,0.0683,4号艇の全国勝率,0.0586,4号艇のモーター2連率,-0.0532,-0.1925,北 9.0m/s,[逃げ]風速区分が不利(-23.0pt)、1号艇の年齢が不利(-13.5pt) / [2着]2号艇のsession_exh_rel_avgが有利(+8.3pt)、2号艇の全国勝率が有利(+5.9pt) / [候補2]4号艇のwin_rate_rank_2to6が有利(+21.6pt)、4号艇のclass_rank_2to6が有利(+21.4pt) / [除外]5号艇の直近平均着順が不利(-11.8pt)、win_rate_range_1to6が不利(-7.2pt)、天気-19.2pt
90,03,江戸川,4,12:35,0.3142447085690041,3,0.7027118582577899,2,0.18452009256542967,0.27880794581955165,0.06128838766452758,0.825943563158692,0.25830271845874453,0.4429486310212938,1-3,1-2,0.05798446271334911,0.2208234831062025,0.019259551520303616,0.008100438046334018,0.00807676850020379,True,True,False,False,予選,2026-10-07,1号艇のdominance,-0.2517,1号艇のracer_win_te,-0.2137,1号艇の年齢,-0.1303,1号艇のvs_max234_diff,-0.1243,1号艇の女子戦比率,-0.1206,2号艇の枠別平均ST,0.354,3号艇のwin_rate_rank_2to6,0.2272,win_rate_gap_top2_2to6,0.1294,3号艇の当地勝率,0.0847,3号艇の年齢,-0.076,2号艇のracer_avgfin_te,-0.0671,2号艇のwin_rate_rank_2to6,-0.0653,2号艇の全国勝率,-0.0597,風向(度),0.049,2号艇の直近平均着順,-0.0449,-0.0019,北 0.4m/s,[逃げ]1号艇のdominanceが不利(-25.2pt)、1号艇のracer_win_teが不利(-21.4pt) / [2着]2号艇の枠別平均STが有利(+35.4pt)、3号艇のwin_rate_rank_2to6が有利(+22.7pt) / [候補2]2号艇のracer_avgfin_teが不利(-6.7pt)、2号艇のwin_rate_rank_2to6が不利(-6.5pt) / [除外]5号艇のracer_avgfin_teが不利(-5.1pt)、天気影響ほぼなし
91,10,三国,2,11:04,0.5061102466859784,2,0.3986138460777461,3,0.24637564773235657,0.32643579182209537,0.17433053447930652,0.4706589593307961,0.25814652054826953,0.36970274207470555,1-2,1-3,0.2017425519708547,0.12469323985124069,0.08823046981022029,0.06492796837862715,0.026516023273962127,True,True,False,False,予選,2026-10-07,1号艇のracer_win_te,0.1233,風速区分,-0.1035,1号艇のsession_exh_rel_avg,-0.1026,1号艇の節間得点,0.0888,1号艇の級別順位,0.0673,2号艇のsession_exh_rel_avg,-0.1388,2号艇の当地勝率,0.0881,2号艇のclass_rank_2to6,-0.0674,2号艇のwin_rate_rank_2to6,0.0653,2号艇のモーター2連率,-0.0522,3号艇のsession_exh_rel_avg,-0.1251,3号艇の当地勝率,0.1214,3号艇のwin_rate_rank_2to6,-0.0961,3号艇のracer_avgfin_te,0.0662,3号艇のcumulative_diff_rank_2to6,-0.0623,-0.1295,北 7.8m/s,[逃げ]1号艇のracer_win_teが有利(+12.3pt)、風速区分が不利(-10.4pt) / [2着]2号艇のsession_exh_rel_avgが不利(-13.9pt)、2号艇の当地勝率が有利(+8.8pt) / [候補2]3号艇のsession_exh_rel_avgが不利(-12.5pt)、3号艇の当地勝率が有利(+12.1pt) / [除外]4号艇の女子戦2連率が不利(-11.5pt)、3号艇のracer_avgfin_teが不利(-6.8pt)、天気-12.9pt
92,14,鳴門,7,11:23,0.5560007234919171,2,0.389660458205669,5,0.25487047410959374,0.35835966468020597,0.23532312990207657,0.4092078024131862,0.2571632831723603,0.37361410600010003,1-2,1-5,0.2166514966785439,0.13083983047993697,0.06463668298310782,0.14170816800166205,0.0021645490381055677,True,True,False,False,予選,2026-10-07,場特性:in_escape_diff,-0.1612,1号艇のdominance,0.104,1号艇のsession_exh_rel_avg,-0.0975,風速区分,-0.0879,1号艇の節間得点,0.0758,2号艇のsession_exh_rel_avg,0.106,2号艇のwin_rate_rank_2to6,0.0662,2号艇の当地勝率,-0.05,2号艇のracer_2nd_te,-0.0376,2号艇の全国勝率,0.0365,5号艇のwin_rate_rank_2to6,0.1888,5号艇のclass_rank_2to6,0.1227,5号艇のsession_exh_rel_avg,0.1067,5号艇のracer_avgfin_te,0.0597,5号艇の女子戦勝率,-0.0563,-0.112,北 6.2m/s,[逃げ]場特性:in_escape_diffが不利(-16.1pt)、1号艇のdominanceが有利(+10.4pt) / [2着]2号艇のsession_exh_rel_avgが有利(+10.6pt)、2号艇のwin_rate_rank_2to6が有利(+6.6pt) / [候補2]5号艇のwin_rate_rank_2to6が有利(+18.9pt)、5号艇のclass_rank_2to6が有利(+12.3pt) / [除外]6号艇の全国勝率が不利(-17.8pt)、6号艇の直近平均着順が不利(-14.3pt)、天気-11.2pt
93,24,大村,5,17:09,0.49032078132983287,4,0.35650102183454435,3,0.2807668331592458,0.3124656725769418,0.15595105785574176,0.48131679713804837,0.2539904499585659,0.36312100994527374,1-4,1-3,0.07646604453704127,0.13766581300614422,0.1747998595707976,0.06737911452558772,0.03400994603708761,True,False,False,False,予選,2026-10-07,1号艇のdominance,-0.2625,場特性:in_escape_diff,0.161,1号艇のvs_max234_diff,-0.1342,1号艇の年齢,-0.112,1号艇の級別順位,-0.0984,4号艇のwin_rate_rank_2to6,0.1999,4号艇のclass_rank_2to6,0.1989,4号艇の全国勝率,0.1065,4号艇のsession_exh_rel_avg,0.0776,4号艇のcumulative_diff_rank_2to6,0.0658,3号艇のsession_exh_rel_avg,0.1094,3号艇のwin_rate_rank_2to6,-0.1002,1号艇のvs_max234_diff,-0.0634,1号艇vs5号艇のplace_rate差,0.0432,avg_456_win_rate,-0.0428,0.0224,北 5.8m/s,[逃げ]1号艇のdominanceが不利(-26.2pt)、場特性:in_escape_diffが有利(+16.1pt) / [2着]4号艇のwin_rate_rank_2to6が有利(+20.0pt)、4号艇のclass_rank_2to6が有利(+19.9pt) / [候補2]3号艇のsession_exh_rel_avgが有利(+10.9pt)、3号艇のwin_rate_rank_2to6が不利(-10.0pt) / [除外]2号艇のwin_rate_rank_2to6が不利(-5.3pt)、天気+2.2pt
94,16,児島,10,15:40,0.49890074627797637,2,0.4528207609820994,4,0.20074507118225285,0.326064481408582,0.18758542290891358,0.4659804092554387,0.2526665490398567,0.368039259762639,1-2,1-4,0.22591261558413056,0.0935865074801268,0.10015186582445143,0.056278119996081864,0.02297164296883604,True,False,False,False,予選特賞,2026-10-07,1号艇の年齢,-0.1017,1号艇の級別順位,-0.0839,レース時間帯,0.0619,1号艇の全国勝率,-0.0586,1号艇の勝率順位,-0.0553,2号艇のwin_rate_rank_2to6,0.1529,2号艇の全国勝率,0.0511,2号艇のモーター2連率,-0.0406,1号艇の年齢,0.0375,3号艇の当地2連率,0.0265,4号艇のwin_rate_rank_2to6,-0.1309,1号艇の平均ST,0.0891,4号艇のclass_rank_2to6,-0.0833,4号艇のsession_exh_rel_avg,0.0652,場特性:1x_diff_course4,0.0404,0.0887,北 4.7m/s,[逃げ]1号艇の年齢が不利(-10.2pt)、1号艇の級別順位が不利(-8.4pt) / [2着]2号艇のwin_rate_rank_2to6が有利(+15.3pt)、2号艇の全国勝率が有利(+5.1pt) / [候補2]4号艇のwin_rate_rank_2to6が不利(-13.1pt)、1号艇の平均STが有利(+8.9pt)、天気+8.9pt
95,11,琵琶湖,9,14:22,0.533636305544258,2,0.32921220873323426,3,0.29042257747998157,0.33065961810152666,0.19892282895086094,0.42071195726235494,0.25172872211844627,0.35767531984977513,1-2,1-3,0.17567958680846824,0.1549800312930584,0.0804401224445561,0.1061524435297498,0.016384131408176215,True,True,False,False,一般,2026-10-07,1号艇の年齢,-0.1228,ST差分(4-3),-0.0995,1号艇のdominance,0.0736,1号艇の級別順位,0.0715,1号艇のvs_max234_diff,0.0623,2号艇のsession_exh_rel_avg,0.0798,2号艇の全国勝率,-0.0684,2号艇のwin_rate_rank_2to6,0.0626,second_best_win_rate,0.0509,2号艇のsession_exh_rel_last,0.0492,3号艇のwin_rate_rank_2to6,-0.063,3号艇のcumulative_diff_rank_2to6,0.0452,3号艇の全国勝率,-0.0435,3号艇のsession_exh_rel_last,-0.0412,3号艇の当地勝率,-0.0396,0.0536,北西 3.9m/s,[逃げ]1号艇の年齢が不利(-12.3pt)、ST差分(4-3)が不利(-10.0pt) / [2着]2号艇のsession_exh_rel_avgが有利(+8.0pt)、2号艇の全国勝率が不利(-6.8pt) / [候補2]3号艇のwin_rate_rank_2to6が不利(-6.3pt)、3号艇のcumulative_diff_rank_2to6が有利(+4.5pt) / [除外]6号艇のwin_rate_rank_2to6が不利(-7.0pt)、天気+5.4pt
96,07,蒲郡,4,16:35,0.4901467409112668,3,0.4315689086113287,2,0.2166475841577682,0.3177212013357046,0.17814602099553792,0.470070471773559,0.24980027997105103,0.36342598246706087,1-3,1-2,0.10618910730122948,0.2115320940344751,0.08731769159727303,0.06392276139761166,0.02118509205849418,True,False,False,False,予選,2026-10-07,1号艇の年齢,-0.115,1号艇の級別順位,-0.1148,1号艇のracer_win_te,-0.1096,1号艇のdominance,0.0827,1号艇のlocal_win_rate順位,-0.0651,3号艇のwin_rate_rank_2to6,0.1976,場特性:1x_diff_course3,0.0439,3号艇のclass_rank_2to6,0.0386,3号艇の全国勝率,0.0331,2号艇のvs_boat3_diff,0.0324,2号艇のwin_rate_rank_2to6,-0.1712,2号艇の直近平均着順,-0.0581,2号艇のモーター2連率,0.0483,2号艇の全国勝率,-0.0456,2号艇のclass_rank_2to6,-0.0441,-0.0618,北西 4.5m/s,[逃げ]1号艇の年齢が不利(-11.5pt)、1号艇の級別順位が不利(-11.5pt) / [2着]3号艇のwin_rate_rank_2to6が有利(+19.8pt)、場特性:1x_diff_course3が有利(+4.4pt) / [候補2]2号艇のwin_rate_rank_2to6が不利(-17.1pt)、2号艇の直近平均着順が不利(-5.8pt)、天気-6.2pt
97,10,三国,10,15:08,0.502520238761961,2,0.32890873667679055,3,0.2875502271810497,0.30978310570479295,0.1628033802734171,0.45365558358442315,0.24926262159238788,0.35294484906868195,1-2,1-3,0.16528329688571572,0.14449980881907723,0.08181199352625187,0.07455084461020832,0.03637430053680909,True,False,False,False,予選,2026-10-07,1号艇のsession_avg_finish,-0.1792,風速区分,-0.1282,1号艇のracer_win_te,0.1229,1号艇のvs_max234_frame_diff,0.0816,1号艇の級別順位,0.0774,3号艇の全国2連率,0.1309,2号艇のwin_rate_rank_2to6,-0.1199,2号艇のsession_exh_rel_avg,-0.0807,2号艇のclass_rank_2to6,-0.0555,6号艇のsession_exh_rel_last,-0.0534,3号艇のwin_rate_rank_2to6,0.1569,3号艇の当地勝率,0.0808,3号艇の節間得点,-0.0644,3号艇の全国勝率,0.0563,1号艇のracer_2nd_te,0.0485,-0.0948,北 7.1m/s,[逃げ]1号艇のsession_avg_finishが不利(-17.9pt)、風速区分が不利(-12.8pt) / [2着]3号艇の全国2連率が有利(+13.1pt)、2号艇のwin_rate_rank_2to6が不利(-12.0pt) / [候補2]3号艇のwin_rate_rank_2to6が有利(+15.7pt)、3号艇の当地勝率が有利(+8.1pt) / [除外]6号艇のwin_rate_rank_2to6が不利(-6.6pt)、場特性:1x_diff_course5が不利(-6.2pt)、天気-9.5pt
98,07,蒲郡,8,18:25,0.4118271092145071,4,0.5536618261900396,5,0.16539058015642485,0.2961252738793995,0.13620016245317734,0.582852243893287,0.2477265013887605,0.38214336488356576,1-4,1-5,0.04456429606881813,0.056090919177638275,0.22801294936226887,0.06811232451713067,0.01504662238991445,True,False,False,False,予選,2026-10-07,1号艇のdominance,-0.2873,1号艇のvs_max234_diff,-0.1413,1号艇の全国勝率,-0.071,4号艇のracer_win_te,-0.0661,ST差分(4-3),-0.0657,4号艇のwin_rate_rank_2to6,0.2555,4号艇のclass_rank_2to6,0.221,4号艇の全国勝率,0.1924,4号艇の当地勝率,0.1257,win_rate_gap_top2_2to6,0.0931,5号艇のclass_rank_2to6,0.1891,5号艇のwin_rate_rank_2to6,-0.0783,5号艇の枠別勝率,0.075,5号艇のcumulative_diff_rank_2to6,0.054,5号艇のracer_avgfin_te,0.0524,-0.0597,北西 4.3m/s,[逃げ]1号艇のdominanceが不利(-28.7pt)、1号艇のvs_max234_diffが不利(-14.1pt) / [2着]4号艇のwin_rate_rank_2to6が有利(+25.5pt)、4号艇のclass_rank_2to6が有利(+22.1pt) / [候補2]5号艇のclass_rank_2to6が有利(+18.9pt)、5号艇のwin_rate_rank_2to6が不利(-7.8pt) / [除外]6号艇のvs_avg456_diffが不利(-5.9pt)、3号艇の全国勝率が不利(-5.3pt)、天気-6.0pt
99,05,多摩川,1,10:41,0.3742598029927191,3,0.5064606166742172,2,0.29763097502163827,0.30093916069619275,0.15573214217646175,0.6483594495193936,0.2447000805041873,0.40516524734315296,1-3,1-2,0.11139131007612924,0.18954785062006355,0.0582842808505967,0.014092149597808778,0.0009442093210854847,False,False,True,False,予選,2026-10-07,1号艇のdominance,-0.2335,1号艇の年齢,-0.0876,1号艇の全国勝率,-0.0676,1号艇のvs_max234_diff,-0.0591,2号艇の平均ST,-0.0578,3号艇のwin_rate_rank_2to6,0.2232,3号艇のsession_exh_rel_avg,0.0875,3号艇のclass_rank_2to6,0.0578,3号艇の節間得点,-0.0357,3号艇のsession_exh_rel_last,0.0317,2号艇のsession_exh_rel_avg,-0.0766,2号艇のwin_rate_rank_2to6,0.0593,2号艇のracer_avgfin_te,-0.0423,3号艇の枠別勝率,-0.0402,2号艇のracer_2nd_te,-0.0372,0.0208,北 2.6m/s,[逃げ]1号艇のdominanceが不利(-23.3pt)、1号艇の年齢が不利(-8.8pt) / [2着]3号艇のwin_rate_rank_2to6が有利(+22.3pt)、3号艇のsession_exh_rel_avgが有利(+8.7pt) / [候補2]2号艇のsession_exh_rel_avgが不利(-7.7pt)、2号艇のwin_rate_rank_2to6が有利(+5.9pt) / [除外]6号艇の全国勝率が不利(-17.5pt)、6号艇の直近平均着順が不利(-14.5pt)、天気+2.1pt
100,11,琵琶湖,2,10:59,0.30531533639824027,2,0.5200621621435983,3,0.35785102156755644,0.2680403590132213,0.07644215397881464,0.8014710297323402,0.24345286013775083,0.428069560228957,1-2,1-3,0.1587829539828689,0.10925740503035243,0.023338961957047873,0.013414883038586022,0.0005211402800161329,False,False,True,False,一般,2026-10-07,1号艇のdominance,-0.2206,1号艇のracer_win_te,-0.1788,1号艇の全国勝率,-0.0779,1号艇vs2号艇のcumulative差,-0.0768,1号艇vs3号艇のcumulative差,-0.0736,2号艇のwin_rate_rank_2to6,0.2084,2号艇のclass_rank_2to6,0.0684,2号艇のsession_exh_rel_avg,0.0652,1号艇の直近複勝率,0.0647,2号艇のsession_exh_rel_last,0.0527,2号艇のsession_rank_diff_delta,-0.0492,3号艇のwin_rate_rank_2to6,0.0469,3号艇のcumulative_diff_rank_2to6,0.0444,3号艇のモーター2連率,0.0434,3号艇のclass_rank_2to6,0.0374,0.0761,北西 3.9m/s,[逃げ]1号艇のdominanceが不利(-22.1pt)、1号艇のracer_win_teが不利(-17.9pt) / [2着]2号艇のwin_rate_rank_2to6が有利(+20.8pt)、2号艇のclass_rank_2to6が有利(+6.8pt) / [候補2]2号艇のsession_rank_diff_deltaが不利(-4.9pt)、3号艇のwin_rate_rank_2to6が有利(+4.7pt) / [除外]6号艇の全国勝率が不利(-17.6pt)、6号艇の直近平均着順が不利(-10.4pt)、天気+7.6pt
101,18,徳山,7,11:35,0.4594751085187701,2,0.48631326171996914,3,0.20714238537796484,0.31862560870327716,0.19884815170234693,0.494607495395587,0.24259587265245888,0.3714201747109701,1-2,1-3,0.22344883870289986,0.09517677000037729,0.09136577608219272,0.03936944932976796,0.010114279538566806,True,True,False,False,一般,2026-10-07,1号艇のracer_win_te,-0.2672,場特性:in_escape_diff,0.2075,1号艇の年齢,0.1826,1号艇のdominance,-0.1471,1号艇のracer_avgfin_te,0.1116,全艇平均勝率,0.1246,3号艇のracer_2nd_te,0.0742,second_best_win_rate,0.0585,2号艇の節間得点,-0.0539,2号艇のwin_rate_rank_2to6,0.0486,3号艇の節間得点,-0.1456,3号艇のsession_exh_rel_avg,-0.1346,3号艇の当地勝率,-0.0757,3号艇のwin_rate_rank_2to6,-0.0713,3号艇の全国勝率,-0.0703,0.0649,北 2.4m/s,[逃げ]1号艇のracer_win_teが不利(-26.7pt)、場特性:in_escape_diffが有利(+20.7pt) / [2着]全艇平均勝率が有利(+12.5pt)、3号艇のracer_2nd_teが有利(+7.4pt) / [候補2]3号艇の節間得点が不利(-14.6pt)、3号艇のsession_exh_rel_avgが不利(-13.5pt) / [除外]6号艇のwin_rate_rank_2to6が不利(-7.8pt)、1号艇の年齢が不利(-6.3pt)、天気+6.5pt
102,07,蒲郡,1,15:18,0.5338175677122987,2,0.33908807886695935,4,0.277350279344481,0.3290656250249938,0.2209750148549567,0.39546334335648364,0.2418072873712095,0.34898494052444073,1-2,1-4,0.18101117350099635,0.11796034495506205,0.14805445152399743,0.04684374935458975,0.039947846389027666,True,False,False,False,予選,2026-10-07,1号艇の勝率順位,-0.0795,1号艇の節間得点,-0.064,1号艇の全国勝率,-0.0609,1号艇のlocal_win_rate順位,-0.0599,1号艇のdominance,0.0581,second_best_win_rate,0.0672,2号艇のclass_rank_2to6,-0.0464,3号艇の当地2連率,0.0435,2号艇のモーター2連率,-0.0426,3号艇の全国勝率,-0.0424,4号艇のclass_rank_2to6,0.1732,4号艇のwin_rate_rank_2to6,0.0942,4号艇のcumulative_diff_rank_2to6,0.0431,場特性:1x_diff_course4,0.0332,4号艇のracer_win_te,0.0283,-0.0549,北西 5.6m/s,[逃げ]1号艇の勝率順位が不利(-7.9pt)、1号艇の節間得点が不利(-6.4pt) / [2着]second_best_win_rateが有利(+6.7pt)、2号艇のclass_rank_2to6が不利(-4.6pt) / [候補2]4号艇のclass_rank_2to6が有利(+17.3pt)、4号艇のwin_rate_rank_2to6が有利(+9.4pt)、天気-5.5pt
103,03,江戸川,1,11:14,0.43661443606582884,2,0.4132310024295819,3,0.2751296527076202,0.300548199252634,0.16812402944532334,0.5202366256918788,0.2399129500915675,0.3664547271844074,1-2,1-3,0.18042262109070903,0.12012557816192493,0.07340537830538466,0.05877642858936831,0.003884426868725342,True,True,False,False,予選,2026-10-07,1号艇の女子戦比率,-0.1562,1号艇のdominance,-0.142,1号艇の級別順位,0.0951,1号艇の直近1着率,-0.0905,場特性:in_escape_diff,-0.0897,2号艇のwin_rate_rank_2to6,-0.1212,全艇平均勝率,0.1025,2号艇の全国勝率,-0.0629,second_best_win_rate,0.0602,2号艇の体重,-0.0509,3号艇のwin_rate_rank_2to6,0.0613,3号艇の全国勝率,-0.0502,6号艇の直近平均着順,-0.0459,3号艇の当地勝率,-0.0444,3号艇の枠別平均ST,-0.0343,-0.0385,北 2.1m/s,[逃げ]1号艇の女子戦比率が不利(-15.6pt)、1号艇のdominanceが不利(-14.2pt) / [2着]2号艇のwin_rate_rank_2to6が不利(-12.1pt)、全艇平均勝率が有利(+10.3pt) / [候補2]3号艇のwin_rate_rank_2to6が有利(+6.1pt)、3号艇の全国勝率が不利(-5.0pt) / [除外]6号艇の直近平均着順が不利(-19.2pt)、6号艇の全国勝率が不利(-16.5pt)、天気-3.8pt
104,20,若松,6,20:25,0.3924614198153931,2,0.5194278105272863,3,0.18428363955490684,0.27617959483960663,0.1109575047197422,0.5927539453624509,0.2394065564021121,0.3711518999964599,1-2,1-3,0.20385537601113976,0.07232421882846687,0.035612727514580965,0.037122542999395096,0.043546539841483205,False,False,False,False,予選,2026-10-07,1号艇のracer_win_te,-0.1279,1号艇のdominance,-0.1051,1号艇の直近1着率,-0.0843,1号艇の級別順位,-0.0812,1号艇の体重,-0.0735,2号艇のclass_rank_2to6,0.1076,2号艇のsession_exh_rel_avg,-0.0644,2号艇のwin_rate_rank_2to6,0.0617,2号艇の全国勝率,0.0456,2号艇のモーター2連率,-0.03,3号艇のwin_rate_rank_2to6,-0.0958,6号艇のracer_2nd_te,-0.0869,3号艇の年齢,-0.0845,3号艇の全国勝率,-0.0739,3号艇のcumulative_diff_rank_2to6,-0.0486,0.0196,北 4.2m/s,[逃げ]1号艇のracer_win_teが不利(-12.8pt)、1号艇のdominanceが不利(-10.5pt) / [2着]2号艇のclass_rank_2to6が有利(+10.8pt)、2号艇のsession_exh_rel_avgが不利(-6.4pt) / [候補2]3号艇のwin_rate_rank_2to6が不利(-9.6pt)、6号艇のracer_2nd_teが不利(-8.7pt)、天気+2.0pt
105,05,多摩川,4,12:12,0.42446440812548203,4,0.4764168670136632,3,0.22751429963803887,0.29879372601389476,0.18311706246027531,0.5208141041914267,0.23313665074682505,0.3653998394671543,1-4,1-3,0.04007048595614566,0.09657172253594375,0.20222200347795102,0.07772667553487768,0.007873516667431055,True,True,False,False,予選,2026-10-07,1号艇のdominance,-0.2103,1号艇の級別順位,-0.0919,1号艇の全国勝率,-0.0749,ST差分(4-3),-0.0723,1号艇のvs_max234_diff,-0.0644,4号艇のwin_rate_rank_2to6,0.2559,4号艇のclass_rank_2to6,0.2392,4号艇の全国勝率,0.1016,4号艇のsession_exh_rel_avg,0.0913,win_rate_gap_top2_2to6,0.078,3号艇のsession_exh_rel_avg,-0.2804,2号艇の枠別平均ST,0.1512,3号艇のsession_exh_rel_last,-0.1,3号艇のwin_rate_rank_2to6,-0.0896,風向(度),0.0874,0.0051,北 2.4m/s,[逃げ]1号艇のdominanceが不利(-21.0pt)、1号艇の級別順位が不利(-9.2pt) / [2着]4号艇のwin_rate_rank_2to6が有利(+25.6pt)、4号艇のclass_rank_2to6が有利(+23.9pt) / [候補2]3号艇のsession_exh_rel_avgが不利(-28.0pt)、2号艇の枠別平均STが有利(+15.1pt) / [除外]6号艇のvs_avg456_diffが不利(-6.6pt)、6号艇のwin_rate_rank_2to6が不利(-6.4pt)、天気+0.5pt
106,08,常滑,9,14:27,0.44360373315259816,3,0.3743025083146361,2,0.283463650266479,0.29178752348802656,0.17707235824641265,0.48069380033470244,0.2297865176189401,0.34845940654202934,1-3,1-2,0.12574553347127257,0.16604199001675396,0.0785499591562429,0.07009719501649508,0.0031690537359963973,True,True,False,False,予選特賞,2026-10-07,風速区分,-0.2125,1号艇の年齢,-0.1176,1号艇の級別順位,-0.1073,1号艇のracer_win_te,-0.0935,1号艇のvs_max234_diff,0.0747,3号艇のcumulative_diff_rank_2to6,0.0585,3号艇のsession_exh_rel_avg,0.0524,4号艇のsession_exh_rel_delta,-0.05,3号艇の節間得点,0.0476,3号艇のracer_2nd_te,0.043,2号艇のwin_rate_rank_2to6,-0.1133,2号艇のsession_exh_rel_avg,-0.0792,2号艇の直近平均着順,-0.048,2号艇のsession_avg_finish,0.0478,1号艇vs2号艇のplace_rate差,-0.0358,-0.1876,北西 9.5m/s,[逃げ]風速区分が不利(-21.3pt)、1号艇の年齢が不利(-11.8pt) / [2着]3号艇のcumulative_diff_rank_2to6が有利(+5.9pt)、3号艇のsession_exh_rel_avgが有利(+5.2pt) / [候補2]2号艇のwin_rate_rank_2to6が不利(-11.3pt)、2号艇のsession_exh_rel_avgが不利(-7.9pt) / [除外]6号艇のvs_avg456_diffが不利(-13.5pt)、6号艇のwin_rate_rank_2to6が不利(-10.3pt)、天気-18.8pt
107,14,鳴門,11,13:36,0.42370007440554447,2,0.4683709060847667,4,0.22775202541599027,0.29494733787227645,0.22422385362674585,0.47189907787401114,0.21558626341467046,0.34803285987279686,1-2,1-4,0.19844878775750793,0.09500366346515013,0.09649855011476853,0.027955025459589448,0.005794049581535643,True,True,False,False,特選,2026-10-07,場特性:in_escape_diff,-0.219,風速区分,-0.1155,1号艇の級別順位,-0.0835,1号艇の節間得点,-0.0769,ST差分(4-3),-0.0726,2号艇のwin_rate_rank_2to6,0.1961,2号艇のsession_exh_rel_avg,0.0921,2号艇のclass_rank_2to6,0.0693,2号艇の全国勝率,0.055,2号艇の一般戦勝率,-0.0548,4号艇のclass_rank_2to6,0.1022,4号艇のwin_rate_rank_2to6,0.093,4号艇の節間得点,0.0538,3号艇の女子戦2連率,-0.0501,4号艇のcumulative_diff_rank_2to6,0.0493,-0.0356,北 7.5m/s,[逃げ]場特性:in_escape_diffが不利(-21.9pt)、風速区分が不利(-11.5pt) / [2着]2号艇のwin_rate_rank_2to6が有利(+19.6pt)、2号艇のsession_exh_rel_avgが有利(+9.2pt) / [候補2]4号艇のclass_rank_2to6が有利(+10.2pt)、4号艇のwin_rate_rank_2to6が有利(+9.3pt) / [除外]6号艇のwin_rate_rank_2to6が不利(-7.4pt)、6号艇のvs_avg456_diffが不利(-6.4pt)、天気-3.6pt
108,01,桐生,11,20:16,0.3371621495100176,2,0.3872587205201292,3,0.3658328047895042,0.25391395745117384,0.12643064853675273,0.6266608767728807,0.21539094987547144,0.3657380332476859,1-2,1-3,0.13056898262706593,0.1233449748241079,0.04262762922459711,0.021178455021286038,0.01944211472110847,False,False,False,False,予選特選,2026-10-07,1号艇のdominance,-0.2322,1号艇の全国勝率,-0.0852,6号艇のモーター出走数,-0.0848,1号艇の級別順位,-0.081,1号艇のvs_max234_diff,-0.0685,2号艇の当地勝率,0.0897,2号艇のclass_rank_2to6,0.085,2号艇の全国勝率,0.0557,3号艇のモーター出走数,0.0516,1号艇vs2号艇の枠別勝率差,0.0339,3号艇のwin_rate_rank_2to6,0.1492,3号艇のモーター2連率,0.1463,6号艇のモーター出走数,0.0882,4号艇のモーター出走数,-0.0676,3号艇のracer_avgfin_te,0.0407,0.0873,東 0.7m/s,[逃げ]1号艇のdominanceが不利(-23.2pt)、1号艇の全国勝率が不利(-8.5pt) / [2着]2号艇の当地勝率が有利(+9.0pt)、2号艇のclass_rank_2to6が有利(+8.5pt) / [候補2]3号艇のwin_rate_rank_2to6が有利(+14.9pt)、3号艇のモーター2連率が有利(+14.6pt)、天気+8.7pt
109,11,琵琶湖,6,12:49,0.41100317211263215,4,0.43771875249707043,2,0.23563848741451893,0.2767519615686699,0.19921335339625665,0.4741438865153327,0.21059273798096587,0.3359695390526687,1-4,1-2,0.09684816579918983,0.08187732017305628,0.17990379576948007,0.021515329903653947,0.030858557405039757,True,True,False,False,一般,2026-10-07,1号艇のdominance,-0.1622,3号艇のsession_exh_rel_last,-0.1556,節間得点の分散(2-6号艇),-0.1467,風速区分,0.0872,4号艇のsession_exh_rel_avg,-0.0849,4号艇のwin_rate_rank_2to6,0.1793,6号艇の節間得点,-0.1542,4号艇のsession_exh_rel_avg,0.109,4号艇の全国勝率,0.094,4号艇のclass_rank_2to6,0.0924,3号艇のsession_exh_rel_last,0.1657,2号艇のsession_exh_rel_avg,0.1278,ST差分(3-2),-0.0835,2号艇のclass_rank_2to6,-0.0654,2号艇の全国勝率,0.0524,0.1369,北西 3.9m/s,[逃げ]1号艇のdominanceが不利(-16.2pt)、3号艇のsession_exh_rel_lastが不利(-15.6pt) / [2着]4号艇のwin_rate_rank_2to6が有利(+17.9pt)、6号艇の節間得点が不利(-15.4pt) / [候補2]3号艇のsession_exh_rel_lastが有利(+16.6pt)、2号艇のsession_exh_rel_avgが有利(+12.8pt) / [除外]2号艇のracer_2nd_teが不利(-6.3pt)、5号艇のracer_avgfin_teが不利(-5.7pt)、天気+13.7pt
110,24,大村,4,16:42,0.40164489903902234,4,0.3705449405384084,3,0.2836329196198148,0.2627472005968132,0.19542142331160986,0.4587564368466134,0.20113148230268885,0.32154997147175324,1-4,1-3,0.07849001783605358,0.11391971536484365,0.1488274852319696,0.0362611468848773,0.024146532225034368,True,False,False,False,予選,2026-10-07,場特性:in_escape_diff,0.1463,1号艇の年齢,-0.11,1号艇のdominance,-0.1077,1号艇のracer_win_te,-0.0854,1号艇のframe_dominance,-0.0844,4号艇のwin_rate_rank_2to6,0.1647,4号艇のclass_rank_2to6,0.1498,4号艇の全国勝率,0.0833,4号艇のsession_exh_rel_avg,-0.0643,4号艇のracer_avgfin_te,0.0603,2号艇の直近1着率,0.0707,4号艇の直近1着率,0.0628,3号艇のwin_rate_rank_2to6,-0.0544,3号艇の女子戦比率,-0.0512,3号艇の全国勝率,0.0461,0.0268,北 5.4m/s,[逃げ]場特性:in_escape_diffが有利(+14.6pt)、1号艇の年齢が不利(-11.0pt) / [2着]4号艇のwin_rate_rank_2to6が有利(+16.5pt)、4号艇のclass_rank_2to6が有利(+15.0pt) / [候補2]2号艇の直近1着率が有利(+7.1pt)、4号艇の直近1着率が有利(+6.3pt) / [除外]2号艇のwin_rate_rank_2to6が不利(-5.6pt)、天気+2.7pt
111,08,常滑,4,11:46,0.40645936729824383,2,0.35561786616367436,4,0.29203853346469855,0.263246010419607,0.19841300043956034,0.4492433991888125,0.2005682934822894,0.31904522705036864,1-2,1-4,0.14454421288083863,0.08064682262240987,0.11870179753876837,0.039930221676712896,0.022636320907499344,True,True,False,False,予選,2026-10-07,風速区分,-0.2192,1号艇のracer_win_te,-0.1097,2号艇のsession_exh_rel_avg,-0.0849,1号艇の年齢,0.0836,1号艇の級別順位,-0.0807,2号艇のsession_exh_rel_avg,0.1626,2号艇の体重,-0.0565,2号艇のclass_rank_2to6,-0.0538,3号艇の全国勝率,-0.0479,2号艇の全国勝率,0.0456,4号艇のclass_rank_2to6,0.1054,4号艇のwin_rate_rank_2to6,0.0666,4号艇の当地勝率,0.059,4号艇のsession_exh_rel_avg,0.0578,4号艇のcumulative_diff_rank_2to6,-0.0527,-0.2125,北西 8.1m/s,[逃げ]風速区分が不利(-21.9pt)、1号艇のracer_win_teが不利(-11.0pt) / [2着]2号艇のsession_exh_rel_avgが有利(+16.3pt)、2号艇の体重が不利(-5.6pt) / [候補2]4号艇のclass_rank_2to6が有利(+10.5pt)、4号艇のwin_rate_rank_2to6が有利(+6.7pt)、天気-21.2pt
112,14,鳴門,4,09:53,0.38487993732576886,3,0.3701029338715947,2,0.2661297053648455,0.2448731783139296,0.15660380993729048,0.47962882929914963,0.19885549110343176,0.31529987360949563,1-3,1-2,0.10242798432134706,0.14244519399258254,0.04447138964426524,0.06027366455364098,0.03526171341667,False,False,True,False,予選,2026-10-07,場特性:in_escape_diff,-0.1915,風速区分,-0.1277,1号艇のsession_exh_rel_avg,-0.1095,1号艇のracer_win_te,0.0698,1号艇の節間得点,-0.0668,3号艇のsession_exh_rel_avg,0.1439,3号艇のモーター2連率,0.0863,3号艇のwin_rate_rank_2to6,-0.0526,3号艇の枠別平均ST,-0.0449,3号艇の節間得点,0.0355,2号艇のclass_rank_2to6,-0.0743,6号艇のsession_rank_diff_last,-0.0626,2号艇のsession_exh_rel_avg,0.06,2号艇の全国勝率,0.0414,2号艇のracer_avgfin_te,-0.0383,-0.1371,北西 6.0m/s,[逃げ]場特性:in_escape_diffが不利(-19.2pt)、風速区分が不利(-12.8pt) / [2着]3号艇のsession_exh_rel_avgが有利(+14.4pt)、3号艇のモーター2連率が有利(+8.6pt) / [候補2]2号艇のclass_rank_2to6が不利(-7.4pt)、6号艇のsession_rank_diff_lastが不利(-6.3pt)、天気-13.7pt
113,14,鳴門,8,11:51,0.2800624801673609,4,0.43084781285425655,2,0.383663283933144,0.22811399789011674,0.11584040109957683,0.6986706956878237,0.19640421747569378,0.3692810072294288,1-4,1-2,0.10744969084747069,0.032442550035529365,0.12066430704264605,0.01823769595197705,0.0012682396153012483,True,True,False,False,予選,2026-10-07,1号艇のdominance,-0.2309,場特性:in_escape_diff,-0.1217,1号艇のvs_max234_diff,-0.0845,6号艇の枠別出走数,-0.0835,1号艇の級別順位,-0.0811,3号艇の体重,0.2893,4号艇のclass_rank_2to6,0.2154,4号艇のwin_rate_rank_2to6,0.1982,4号艇の全国勝率,0.0625,4号艇のcumulative_diff_rank_2to6,-0.0588,3号艇の全国勝率,-0.0807,2号艇のsession_exh_rel_avg,0.078,2号艇のclass_rank_2to6,0.0609,2号艇の全国勝率,0.0556,3号艇の直近平均着順,0.0554,-0.0486,北 7.5m/s,[逃げ]1号艇のdominanceが不利(-23.1pt)、場特性:in_escape_diffが不利(-12.2pt) / [2着]3号艇の体重が有利(+28.9pt)、4号艇のclass_rank_2to6が有利(+21.5pt) / [候補2]3号艇の全国勝率が不利(-8.1pt)、2号艇のsession_exh_rel_avgが有利(+7.8pt) / [除外]6号艇のvs_avg456_diffが不利(-13.7pt)、6号艇の全国勝率が不利(-11.9pt)、天気-4.9pt
114,10,三国,8,14:01,0.35447173879725924,2,0.3817344315467398,3,0.307258710421212,0.24422859705276675,0.16538625063979562,0.5236068913281562,0.19575813469407732,0.3280420853353836,1-2,1-3,0.1353140677091562,0.10891452934361058,0.05862475183744768,0.038367105648174006,0.013251287560146157,True,True,False,False,予選,2026-10-07,1号艇のsession_exh_rel_avg,-0.2817,風速区分,-0.1282,1号艇vs3号艇のcumulative差,-0.1207,1号艇のdominance,0.1108,1号艇のracer_win_te,0.1088,2号艇の全国勝率,0.073,1号艇のsession_exh_rel_last,-0.0583,2号艇のclass_rank_2to6,-0.0366,2号艇の当地勝率,0.033,5号艇のsession_exh_rel_last,0.0309,3号艇のsession_exh_rel_avg,-0.1531,3号艇の当地勝率,0.0836,1号艇のsession_exh_rel_avg,0.0642,6号艇のracer_2nd_te,-0.0591,1号艇vs3号艇のcumulative差,0.0546,-0.1338,北 7.7m/s,[逃げ]1号艇のsession_exh_rel_avgが不利(-28.2pt)、風速区分が不利(-12.8pt) / [2着]2号艇の全国勝率が有利(+7.3pt)、1号艇のsession_exh_rel_lastが不利(-5.8pt) / [候補2]3号艇のsession_exh_rel_avgが不利(-15.3pt)、3号艇の当地勝率が有利(+8.4pt)、天気-13.4pt
115,01,桐生,2,15:55,0.347893076292919,2,0.395888174012895,3,0.2788871130756728,0.23474965043167945,0.1470614766751578,0.52771381041341,0.19332249414192762,0.32263889842619864,1-2,1-3,0.13772675472533247,0.09702289570634696,0.049815231214935966,0.05116166952469999,0.012166517345587389,True,False,False,False,予選,2026-10-07,1号艇の年齢,-0.1658,1号艇のracer_win_te,-0.1136,1号艇の全国勝率,-0.0732,6号艇のモーター出走数,-0.069,1号艇のdominance,0.0688,2号艇のwin_rate_rank_2to6,0.1597,2号艇のモーター2連率,0.0574,3号艇のモーター出走数,0.0537,2号艇の全国勝率,0.041,1号艇vs2号艇の枠別勝率差,0.0386,3号艇のwin_rate_rank_2to6,-0.0951,6号艇のモーター出走数,0.0901,4号艇のモーター出走数,-0.0741,3号艇の全国勝率,-0.049,3号艇のcumulative_diff_rank_2to6,0.0472,0.0056,北西 3.8m/s,[逃げ]1号艇の年齢が不利(-16.6pt)、1号艇のracer_win_teが不利(-11.4pt) / [2着]2号艇のwin_rate_rank_2to6が有利(+16.0pt)、2号艇のモーター2連率が有利(+5.7pt) / [候補2]3号艇のwin_rate_rank_2to6が不利(-9.5pt)、6号艇のモーター出走数が有利(+9.0pt) / [除外]6号艇のwin_rate_rank_2to6が不利(-5.1pt)、天気+0.6pt
116,20,若松,4,19:30,0.39403753906779504,3,0.3337059583438684,4,0.2911477876163293,0.2462158323354495,0.19300531949729136,0.43184842646290633,0.18919067387321556,0.30190561057368653,1-3,1-4,0.07605134112170621,0.13149267459807804,0.11472315773737145,0.026723301936023444,0.04504705486719054,True,False,False,False,予選,2026-10-07,3号艇のsession_exh_rel_avg,-0.1419,1号艇の女子戦比率,-0.1356,1号艇のsession_exh_rel_avg,0.1241,4号艇の枠別出走数,-0.1221,1号艇のdominance,-0.0814,3号艇のsession_exh_rel_avg,0.128,3号艇のsession_exh_rel_last,0.0785,3号艇のモーター2連率,0.0665,3号艇のwin_rate_rank_2to6,-0.0604,3号艇の当地勝率,-0.049,4号艇のclass_rank_2to6,0.165,4号艇のwin_rate_rank_2to6,0.0823,4号艇の年齢,-0.0626,2号艇の全国勝率,0.0456,4号艇のモーター2連率,-0.0361,-0.0109,北 4.7m/s,[逃げ]3号艇のsession_exh_rel_avgが不利(-14.2pt)、1号艇の女子戦比率が不利(-13.6pt) / [2着]3号艇のsession_exh_rel_avgが有利(+12.8pt)、3号艇のsession_exh_rel_lastが有利(+7.8pt) / [候補2]4号艇のclass_rank_2to6が有利(+16.5pt)、4号艇のwin_rate_rank_2to6が有利(+8.2pt) / [除外]2号艇のwin_rate_rank_2to6が不利(-5.7pt)、天気-1.1pt
117,16,児島,3,11:49,0.40260461268115905,3,0.4065132946989952,6,0.22027088829957553,0.2523462032308163,0.21782761401615308,0.40895656898241767,0.18638463760385154,0.2993293129562967,1-3,1-6,0.08769840217223432,0.16366412756203083,0.03830999901476361,0.024250000764249543,0.08868207566878546,True,True,False,False,予選,2026-10-07,1号艇のdominance,-0.166,1号艇のracer_win_te,-0.1397,1号艇の級別順位,-0.0846,2号艇の体重,0.0724,1号艇の年齢,-0.0653,3号艇のモーター2連率,0.1036,3号艇のwin_rate_rank_2to6,0.0885,6号艇のracer_2nd_te,-0.0798,3号艇の当地勝率,0.0589,3号艇の全国勝率,0.0432,6号艇のwin_rate_rank_2to6,0.3959,6号艇のclass_rank_2to6,0.1985,6号艇のvs_avg456_diff,0.1605,6号艇の全国勝率,0.1157,6号艇の当地2連率,0.1037,0.0643,北 2.4m/s,[逃げ]1号艇のdominanceが不利(-16.6pt)、1号艇のracer_win_teが不利(-14.0pt) / [2着]3号艇のモーター2連率が有利(+10.4pt)、3号艇のwin_rate_rank_2to6が有利(+8.9pt) / [候補2]6号艇のwin_rate_rank_2to6が有利(+39.6pt)、6号艇のclass_rank_2to6が有利(+19.8pt) / [除外]5号艇のracer_avgfin_teが不利(-6.1pt)、天気+6.4pt
118,07,蒲郡,3,16:10,0.48347659019306755,3,0.2769823615723598,2,0.26754079396161823,0.26326419851873706,0.25981079635726195,0.28471235917671606,0.18118554123532582,0.26969864671613075,1-3,1-2,0.12934971080210922,0.13391448771662784,0.12561243791815446,0.0708548663556024,0.02374509280384556,True,False,False,False,予選,2026-10-07,1号艇のdominance,-0.2742,1号艇の級別順位,-0.1063,1号艇の年齢,-0.0771,1号艇のモーター2連率,0.07,1号艇の勝率順位,-0.0679,3号艇のwin_rate_rank_2to6,-0.1131,3号艇の全国勝率,-0.0408,3号艇の当地勝率,-0.0375,3号艇のcumulative_diff_rank_2to6,0.0328,3号艇のモーター2連率,-0.0277,2号艇のclass_rank_2to6,0.0759,2号艇のwin_rate_rank_2to6,-0.0605,1号艇の年齢,0.0525,5号艇の年齢,-0.0496,4号艇のモーター2連率,0.0381,-0.0554,北西 5.0m/s,[逃げ]1号艇のdominanceが不利(-27.4pt)、1号艇の級別順位が不利(-10.6pt) / [2着]3号艇のwin_rate_rank_2to6が不利(-11.3pt)、3号艇の全国勝率が不利(-4.1pt) / [候補2]2号艇のclass_rank_2to6が有利(+7.6pt)、2号艇のwin_rate_rank_2to6が不利(-6.1pt) / [除外]5号艇の平均STが不利(-5.5pt)、天気-5.5pt
119,16,児島,7,14:08,0.3974079482255379,3,0.3521007066276235,4,0.2474838542825115,0.2382796701390068,0.21579365535797135,0.38379090555216366,0.1765765809188613,0.28193304076295383,1-3,1-4,0.058091501347014275,0.1399276193896459,0.09835205074936089,0.08575811381590025,0.015278665144306543,True,True,False,False,予選,2026-10-07,1号艇のracer_win_te,-0.1333,1号艇の級別順位,-0.1091,1号艇の年齢,-0.0918,1号艇の勝率順位,-0.084,1号艇のvs_max234_diff,0.0704,3号艇のwin_rate_rank_2to6,-0.0896,場特性:1x_diff_course3,-0.0502,3号艇のclass_rank_2to6,0.0475,2号艇の直近1着率,0.0419,3号艇のcumulative_diff_rank_2to6,0.0402,4号艇のclass_rank_2to6,-0.0835,4号艇のwin_rate_rank_2to6,0.074,4号艇のsession_exh_rel_avg,0.0571,場特性:1x_diff_course4,0.0475,4号艇のcumulative_diff_rank_2to6,0.0436,0.0086,北 4.0m/s,[逃げ]1号艇のracer_win_teが不利(-13.3pt)、1号艇の級別順位が不利(-10.9pt) / [2着]3号艇のwin_rate_rank_2to6が不利(-9.0pt)、場特性:1x_diff_course3が不利(-5.0pt) / [候補2]4号艇のclass_rank_2to6が不利(-8.4pt)、4号艇のwin_rate_rank_2to6が有利(+7.4pt) / [除外]6号艇のwin_rate_rank_2to6が不利(-7.1pt)、2号艇のwin_rate_rank_2to6が不利(-6.8pt)、天気+0.9pt
120,05,多摩川,3,11:40,0.24277189268433244,2,0.5366987196550183,3,0.2617337118827615,0.1938369525849805,0.09992750979150844,0.6985049217462713,0.1705933798121103,0.34523734333336775,1-2,1-3,0.13029536397190672,0.06354158861307377,0.024259590683316665,0.015818355927807556,0.00885698806185308,True,True,False,False,予選,2026-10-07,1号艇のracer_win_te,-0.1441,1号艇の年齢,-0.1115,1号艇のsession_exh_rel_avg,-0.1098,1号艇の級別順位,-0.0907,1号艇のdominance,-0.089,2号艇のwin_rate_rank_2to6,0.1343,2号艇のsession_exh_rel_avg,0.0665,2号艇の節間得点,0.0649,2号艇のclass_rank_2to6,0.0564,1号艇の年齢,0.0428,3号艇の女子戦勝率,0.0632,3号艇のwin_rate_rank_2to6,0.0604,3号艇の節間得点,0.0454,6号艇のracer_2nd_te,-0.0445,1号艇vs6号艇の枠別勝率差,-0.0442,-0.0673,北 2.4m/s,[逃げ]1号艇のracer_win_teが不利(-14.4pt)、1号艇の年齢が不利(-11.1pt) / [2着]2号艇のwin_rate_rank_2to6が有利(+13.4pt)、2号艇のsession_exh_rel_avgが有利(+6.7pt) / [候補2]3号艇の女子戦勝率が有利(+6.3pt)、3号艇のwin_rate_rank_2to6が有利(+6.0pt)、天気-6.7pt
121,07,蒲郡,5,17:01,0.32687250943331037,2,0.32271110093820005,3,0.31253788725901077,0.20764543088699364,0.1523868369577055,0.48286215123950527,0.16967451438108708,0.2902104469927471,1-2,1-3,0.10548538738565577,0.1021600435013379,0.04248314544755861,0.026932870168568147,0.049811067800969916,True,False,False,False,予選,2026-10-07,1号艇の年齢,-0.6516,1号艇のdominance,-0.1644,1号艇のモーター2連率順位,0.0913,1号艇の級別順位,-0.0811,1号艇の勝率順位,-0.0648,1号艇の年齢,-0.1825,2号艇のclass_rank_2to6,0.0785,2号艇のwin_rate_rank_2to6,0.0476,2号艇のモーター2連率,-0.0447,1号艇vs2号艇の枠別平均ST差,0.0392,3号艇の年齢,-0.0832,3号艇のwin_rate_rank_2to6,-0.0636,場特性:1x_diff_course3,0.0366,3号艇の当地勝率,0.0348,3号艇のcumulative_diff_rank_2to6,0.0315,-0.0087,北西 4.2m/s,[逃げ]1号艇の年齢が不利(-65.2pt)、1号艇のdominanceが不利(-16.4pt) / [2着]1号艇の年齢が不利(-18.3pt)、2号艇のclass_rank_2to6が有利(+7.8pt) / [候補2]3号艇の年齢が不利(-8.3pt)、3号艇のwin_rate_rank_2to6が不利(-6.4pt)、天気-0.9pt
122,01,桐生,7,18:20,0.30679500240519186,3,0.3917745892613308,2,0.3479197978994718,0.22693454128810536,0.22822661852336548,0.5114677686374371,0.16478353770690293,0.3122945094929049,1-3,1-2,0.10674005523338231,0.12019448605472303,0.07001878597880472,0.008468297174964228,0.0013733866779334957,True,False,False,False,ドラドキ３,2026-10-07,1号艇のdominance,-0.1706,場特性:in_escape_diff,-0.0877,1号艇の全国勝率,-0.0853,6号艇の枠別出走数,-0.0814,1号艇の勝率順位,-0.0625,3号艇のwin_rate_rank_2to6,0.1915,6号艇のモーター出走数,0.0717,3号艇の当地勝率,0.0692,4号艇のモーター出走数,-0.0657,3号艇のclass_rank_2to6,0.0443,3号艇のモーター出走数,0.1051,2号艇のwin_rate_rank_2to6,-0.0537,2号艇の全国勝率,-0.0449,2号艇のモーター2連率,0.0407,2号艇のracer_avgfin_te,-0.0351,-0.0529,北 2.9m/s,[逃げ]1号艇のdominanceが不利(-17.1pt)、場特性:in_escape_diffが不利(-8.8pt) / [2着]3号艇のwin_rate_rank_2to6が有利(+19.1pt)、6号艇のモーター出走数が有利(+7.2pt) / [候補2]3号艇のモーター出走数が有利(+10.5pt)、2号艇のwin_rate_rank_2to6が不利(-5.4pt) / [除外]6号艇の全国勝率が不利(-14.3pt)、6号艇の直近平均着順が不利(-14.1pt)、天気-5.3pt
123,16,児島,6,13:27,0.23479286633213953,2,0.435442037244388,3,0.35142302651102236,0.18475030373575452,0.10464804472102057,0.6822170190343899,0.16154979407868086,0.3339903183253451,1-2,1-3,0.10223868404611612,0.0825116196896384,0.02457061437610234,0.011115379061893393,0.014356570033060857,True,True,False,False,予選,2026-10-07,1号艇のdominance,-0.3205,1号艇のracer_win_te,-0.2738,1号艇の年齢,-0.1767,1号艇のvs_max234_diff,-0.1477,1号艇の全国勝率,-0.1055,2号艇のwin_rate_rank_2to6,0.2138,2号艇のclass_rank_2to6,0.0907,2号艇の全国勝率,0.0494,1号艇vs2号艇のplace_rate差,-0.0455,2号艇のモーター2連率,-0.038,3号艇のwin_rate_rank_2to6,0.0766,1号艇のvs_max234_diff,-0.0717,1号艇vs3号艇の直近複勝率差,0.0443,場特性:1x_diff_course3,-0.0375,3号艇のモーター2連率,0.036,0.0599,北 3.9m/s,[逃げ]1号艇のdominanceが不利(-32.0pt)、1号艇のracer_win_teが不利(-27.4pt) / [2着]2号艇のwin_rate_rank_2to6が有利(+21.4pt)、2号艇のclass_rank_2to6が有利(+9.1pt) / [候補2]3号艇のwin_rate_rank_2to6が有利(+7.7pt)、1号艇のvs_max234_diffが不利(-7.2pt) / [除外]4号艇のwin_rate_rank_2to6が不利(-6.2pt)、天気+6.0pt
124,11,琵琶湖,1,10:30,0.3409880918970805,2,0.35524992142833073,3,0.2642809432175953,0.2112526474069628,0.21309910983271269,0.4064317548132134,0.15723134607228959,0.26980637962883797,1-2,1-3,0.12113599285443427,0.09011665455252851,0.0726642588468231,0.0562191602685039,0.0008520306543904811,False,False,True,False,一般,2026-10-07,1号艇のdominance,-0.3212,1号艇のracer_win_te,-0.2027,1号艇の節間得点,0.1105,5号艇の節間得点,-0.0949,6号艇の枠別出走数,-0.0851,2号艇のwin_rate_rank_2to6,-0.1121,2号艇の節間得点,-0.0652,2号艇の全国勝率,-0.0412,6号艇のsession_avg_finish,0.0362,1号艇vs6号艇のcumulative差,0.0292,3号艇のwin_rate_rank_2to6,-0.0748,3号艇の節間得点,-0.0572,3号艇の全国勝率,-0.0507,5号艇の直近平均着順,-0.0446,3号艇のcumulative_diff_rank_2to6,0.043,0.0536,北西 3.9m/s,[逃げ]1号艇のdominanceが不利(-32.1pt)、1号艇のracer_win_teが不利(-20.3pt) / [2着]2号艇のwin_rate_rank_2to6が不利(-11.2pt)、2号艇の節間得点が不利(-6.5pt) / [候補2]3号艇のwin_rate_rank_2to6が不利(-7.5pt)、3号艇の節間得点が不利(-5.7pt) / [除外]6号艇の全国勝率が不利(-16.2pt)、6号艇の直近平均着順が不利(-12.6pt)、天気+5.4pt
125,01,桐生,8,18:47,0.39961067005634066,5,0.30312760675102246,3,0.22779415099122355,0.21216199935886912,0.22327413502547233,0.3076476227167737,0.15531765508831755,0.2408076863662405,1-5,1-3,0.08922272670377887,0.09102897331251808,0.08005700896061295,0.12113302604635101,0.018168926101085208,True,False,False,False,ドラドキ５,2026-10-07,1号艇の年齢,-0.1059,1号艇のvs_max234_diff,0.0889,3号艇の枠別出走数,-0.086,6号艇のモーター出走数,-0.0695,ST差分(4-3),-0.0618,5号艇のwin_rate_rank_2to6,0.2667,5号艇のclass_rank_2to6,0.1572,2号艇のモーター出走数,-0.0932,4号艇のモーター出走数,-0.0652,3号艇の枠別平均ST,0.0551,3号艇の全国勝率,-0.1104,3号艇のwin_rate_rank_2to6,-0.1087,6号艇のモーター出走数,0.0876,3号艇のcumulative_diff_rank_2to6,0.0523,3号艇の一般戦勝率,-0.0359,-0.081,北 2.5m/s,[逃げ]1号艇の年齢が不利(-10.6pt)、1号艇のvs_max234_diffが有利(+8.9pt) / [2着]5号艇のwin_rate_rank_2to6が有利(+26.7pt)、5号艇のclass_rank_2to6が有利(+15.7pt) / [候補2]3号艇の全国勝率が不利(-11.0pt)、3号艇のwin_rate_rank_2to6が不利(-10.9pt)、天気-8.1pt
126,03,江戸川,8,14:24,0.350076457711061,3,0.32364055271893,4,0.29360145161685386,0.21608189442834655,0.24249739910186344,0.3747446052339204,0.15320273755809358,0.2636807076700187,1-3,1-4,0.08489263048172578,0.1132989382674929,0.10278295616085366,0.04793528152770638,0.0011666458937194854,True,True,False,False,予選,2026-10-07,1号艇のracer_win_te,-0.204,1号艇のdominance,-0.1696,ST差分(6-5),0.0987,2号艇の平均ST,-0.0891,場特性:in_escape_diff,-0.0889,3号艇のwin_rate_rank_2to6,-0.0689,3号艇のcumulative_diff_rank_2to6,0.0527,3号艇のモーター2連率,0.0443,3号艇の全国勝率,-0.0422,2号艇のracer_win_te,0.0356,4号艇のwin_rate_rank_2to6,0.1964,4号艇のclass_rank_2to6,0.1892,3号艇の女子戦2連率,-0.082,4号艇の枠別平均ST,0.065,4号艇のcumulative_diff_rank_2to6,0.0571,-0.0084,南 1.3m/s,[逃げ]1号艇のracer_win_teが不利(-20.4pt)、1号艇のdominanceが不利(-17.0pt) / [2着]3号艇のwin_rate_rank_2to6が不利(-6.9pt)、3号艇のcumulative_diff_rank_2to6が有利(+5.3pt) / [候補2]4号艇のwin_rate_rank_2to6が有利(+19.6pt)、4号艇のclass_rank_2to6が有利(+18.9pt) / [除外]6号艇の直近平均着順が不利(-25.2pt)、6号艇の全国勝率が不利(-19.4pt)、天気-0.8pt
127,05,多摩川,5,12:39,0.18932969990685922,2,0.47946711637225525,3,0.39266269213434846,0.16512007492438188,0.0743005586334751,0.7978292498731286,0.15039785835420247,0.3549328274090059,1-2,1-3,0.09077736525796623,0.07434270966641564,0.014067302468987837,0.0068831202085023885,0.003259200189062835,True,True,False,False,予選,2026-10-07,1号艇のdominance,-0.251,2号艇のsession_exh_rel_avg,-0.1686,1号艇vs2号艇のcumulative差,-0.1413,1号艇のvs_max234_diff,-0.1265,1号艇のsession_exh_rel_avg,0.1225,2号艇のwin_rate_rank_2to6,0.1969,2号艇のsession_exh_rel_avg,0.1322,2号艇の節間得点,0.0659,2号艇のclass_rank_2to6,0.0655,2号艇の全国勝率,0.0519,3号艇の節間得点,0.0866,1号艇vs3号艇のcumulative差,0.0735,1号艇vs2号艇のplace_rate差,0.068,3号艇のwin_rate_rank_2to6,0.0675,3号艇のracer_2nd_te,0.0469,0.0138,北 2.1m/s,[逃げ]1号艇のdominanceが不利(-25.1pt)、2号艇のsession_exh_rel_avgが不利(-16.9pt) / [2着]2号艇のwin_rate_rank_2to6が有利(+19.7pt)、2号艇のsession_exh_rel_avgが有利(+13.2pt) / [候補2]3号艇の節間得点が有利(+8.7pt)、1号艇vs3号艇のcumulative差が有利(+7.3pt)、天気+1.4pt
128,03,江戸川,7,13:56,0.22996470120080328,3,0.5365595637098394,2,0.23522530283061166,0.17748327622527665,0.1274369318168499,0.6443479347236011,0.1503417672201346,0.31754267377477396,1-3,1-2,0.05409351648031008,0.12338975974496659,0.029305995947209028,0.022457398674695324,0.0007180311032218895,True,True,False,False,予選,2026-10-07,1号艇のdominance,-0.262,1号艇のracer_win_te,-0.174,1号艇の平均ST,-0.1678,1号艇の年齢,0.0955,2号艇の平均ST,-0.0932,3号艇のwin_rate_rank_2to6,0.2116,3号艇の当地勝率,0.1043,2号艇のvs_boat3_diff,0.0534,6号艇の直近平均着順,-0.0462,3号艇のclass_rank_2to6,0.0448,2号艇の体重,-0.0839,2号艇の全国勝率,-0.0688,2号艇のwin_rate_rank_2to6,-0.0588,2号艇のracer_avgfin_te,-0.0511,3号艇の一般戦勝率,0.0488,-0.0408,南東 1.4m/s,[逃げ]1号艇のdominanceが不利(-26.2pt)、1号艇のracer_win_teが不利(-17.4pt) / [2着]3号艇のwin_rate_rank_2to6が有利(+21.2pt)、3号艇の当地勝率が有利(+10.4pt) / [候補2]2号艇の体重が不利(-8.4pt)、2号艇の全国勝率が不利(-6.9pt) / [除外]6号艇の全国勝率が不利(-19.3pt)、6号艇の直近平均着順が不利(-18.6pt)、天気-4.1pt
129,10,三国,3,11:32,0.2766482012048624,2,0.48129918892216844,4,0.19730217689622484,0.18773384718882127,0.18983991730913416,0.48876144850925907,0.14496659355707953,0.2780421275849526,1-2,1-4,0.13315055485667712,0.052518871640451784,0.05458329233214416,0.026323922066124588,0.010071563916546731,True,True,False,False,予選,2026-10-07,1号艇のdominance,-0.2318,1号艇のsession_exh_rel_avg,-0.1849,1号艇のracer_win_te,0.1676,1号艇のsession_exh_rel_last,-0.1183,風速区分,-0.1165,2号艇のsession_exh_rel_avg,0.1223,2号艇のracer_avgfin_te,0.0842,2号艇の当地勝率,0.0812,2号艇のwin_rate_rank_2to6,0.0783,2号艇の全国勝率,0.0608,4号艇の全国勝率,0.1025,4号艇のwin_rate_rank_2to6,-0.0752,4号艇のclass_rank_2to6,-0.0704,2号艇のsession_exh_rel_delta,0.07,4号艇のsession_exh_rel_avg,0.0671,-0.1399,北 7.6m/s,[逃げ]1号艇のdominanceが不利(-23.2pt)、1号艇のsession_exh_rel_avgが不利(-18.5pt) / [2着]2号艇のsession_exh_rel_avgが有利(+12.2pt)、2号艇のracer_avgfin_teが有利(+8.4pt) / [候補2]4号艇の全国勝率が有利(+10.3pt)、4号艇のwin_rate_rank_2to6が不利(-7.5pt) / [除外]1号艇vs4号艇のlocal_win_rate差が不利(-7.0pt)、1号艇vs2号艇のlocal_win_rate差が不利(-6.2pt)、天気-14.0pt
130,01,桐生,1,15:25,0.35179975334890723,3,0.3029092763907854,5,0.24665086651282395,0.19333512272387998,0.21545254828120647,0.33410759462240286,0.14334966888813633,0.23556686429343685,1-3,1-5,0.07579615334372196,0.10656340872137428,0.06204908263395761,0.0867717140025057,0.020619392026235275,True,False,False,False,予選,2026-10-07,1号艇のracer_win_te,-0.2062,1号艇のdominance,-0.1156,2号艇のモーター2連率,-0.101,1号艇の級別順位,0.0951,1号艇の全国勝率,-0.0833,6号艇のモーター出走数,0.0749,4号艇のモーター出走数,-0.0685,3号艇のwin_rate_rank_2to6,-0.0577,second_best_win_rate,0.0537,3号艇の当地勝率,-0.0432,5号艇のwin_rate_rank_2to6,0.1703,5号艇のモーター2連率,0.1571,1号艇vs6号艇の直近複勝率差,0.095,2号艇のモーター出走数,-0.0781,mean_234_全国勝率,0.0712,-0.0057,北西 3.8m/s,[逃げ]1号艇のracer_win_teが不利(-20.6pt)、1号艇のdominanceが不利(-11.6pt) / [2着]6号艇のモーター出走数が有利(+7.5pt)、4号艇のモーター出走数が不利(-6.9pt) / [候補2]5号艇のwin_rate_rank_2to6が有利(+17.0pt)、5号艇のモーター2連率が有利(+15.7pt) / [除外]4号艇のwin_rate_rank_2to6が不利(-5.6pt)、天気-0.6pt
131,14,鳴門,2,09:01,0.20760435473358213,4,0.6477731082397902,2,0.15216466964163317,0.16607056620408844,0.1344377047428785,0.6655000731385449,0.13927919130909497,0.31589941828442536,1-4,1-2,0.031590048054199946,0.027909852945009125,0.13448051814988848,0.009973035546912161,0.003650900810958878,False,False,True,False,予選,2026-10-07,1号艇のdominance,-0.3869,1号艇のracer_win_te,-0.1799,1号艇のvs_max234_diff,-0.1678,1号艇の年齢,-0.145,場特性:in_escape_diff,-0.1203,4号艇のwin_rate_rank_2to6,0.2583,4号艇のclass_rank_2to6,0.2444,4号艇の当地勝率,0.1811,4号艇の全国勝率,0.143,1号艇の直近1着率順位,0.1373,2号艇のsession_exh_rel_avg,-0.1166,1号艇の年齢,0.0538,2号艇の全国勝率,0.0525,max_234_win_rate,0.0487,1号艇vs2号艇のplace_rate差,-0.0453,-0.0699,北 6.9m/s,[逃げ]1号艇のdominanceが不利(-38.7pt)、1号艇のracer_win_teが不利(-18.0pt) / [2着]4号艇のwin_rate_rank_2to6が有利(+25.8pt)、4号艇のclass_rank_2to6が有利(+24.4pt) / [候補2]2号艇のsession_exh_rel_avgが不利(-11.7pt)、1号艇の年齢が有利(+5.4pt) / [除外]6号艇のwin_rate_rank_2to6が不利(-7.8pt)、6号艇のvs_avg456_diffが不利(-5.7pt)、天気-7.0pt
132,16,児島,4,12:16,0.29276310758316393,4,0.398398091908143,2,0.24963634790156192,0.189720576419604,0.226275048878565,0.4217593909311399,0.1382057371764655,0.2593322207730647,1-4,1-2,0.07308431297737311,0.066244986478221,0.11663626344223091,0.014391773127927263,0.02240576392301871,True,True,False,False,コジマだ４っ,2026-10-07,1号艇のdominance,-0.3088,1号艇のvs_max234_diff,-0.1705,4号艇の枠別出走数,-0.1224,1号艇のracer_win_te,-0.1142,1号艇の級別順位,-0.0993,4号艇のclass_rank_2to6,0.2287,4号艇のwin_rate_rank_2to6,0.2005,6号艇の女子戦勝率,0.109,4号艇の全国勝率,0.0917,4号艇のモーター2連率,0.0836,3号艇のracer_2nd_te,0.106,2号艇のwin_rate_rank_2to6,-0.0573,ST差分(4-3),-0.055,4号艇の年齢,0.0446,2号艇のracer_avgfin_te,-0.041,0.0628,北 2.6m/s,[逃げ]1号艇のdominanceが不利(-30.9pt)、1号艇のvs_max234_diffが不利(-17.1pt) / [2着]4号艇のclass_rank_2to6が有利(+22.9pt)、4号艇のwin_rate_rank_2to6が有利(+20.0pt) / [候補2]3号艇のracer_2nd_teが有利(+10.6pt)、2号艇のwin_rate_rank_2to6が不利(-5.7pt) / [除外]5号艇のracer_avgfin_teが不利(-6.2pt)、win_rate_range_1to6が不利(-5.2pt)、天気+6.3pt
133,03,江戸川,5,13:02,0.2249079394696518,4,0.47399748051041574,2,0.3079424567585367,0.17586450008018886,0.18624497215741187,0.5956949651115405,0.13655984537509455,0.30181363958959434,1-4,1-2,0.06925870342478484,0.04188797292450617,0.10660579665540404,0.005626842485415301,0.0015286287447983428,True,True,False,False,予選,2026-10-07,1号艇のdominance,-0.3005,1号艇のracer_win_te,-0.2081,1号艇の年齢,-0.1902,1号艇の女子戦比率,-0.1822,1号艇のvs_max234_diff,-0.1694,4号艇のwin_rate_rank_2to6,0.237,4号艇のclass_rank_2to6,0.2065,4号艇のモーター2連率,0.1373,4号艇の女子戦比率,-0.0706,win_rate_gap_top2_2to6,0.0617,2号艇のracer_avgfin_te,-0.0798,3号艇のracer_2nd_te,0.0781,2号艇の全国勝率,-0.0625,6号艇の直近平均着順,-0.0544,全艇平均勝率,0.0512,-0.063,南東 1.4m/s,[逃げ]1号艇のdominanceが不利(-30.0pt)、1号艇のracer_win_teが不利(-20.8pt) / [2着]4号艇のwin_rate_rank_2to6が有利(+23.7pt)、4号艇のclass_rank_2to6が有利(+20.7pt) / [候補2]2号艇のracer_avgfin_teが不利(-8.0pt)、3号艇のracer_2nd_teが有利(+7.8pt) / [除外]6号艇の直近平均着順が不利(-21.1pt)、6号艇の全国勝率が不利(-19.3pt)、天気-6.3pt
134,01,桐生,4,16:48,0.27571839155897226,4,0.4048726182767427,3,0.2229190966593237,0.17309372187622105,0.21764573716304259,0.41014597777302375,0.1278859890409673,0.24420939864526187,1-4,1-3,0.06000893258026094,0.06146289477868779,0.11163082709753326,0.017360383296674612,0.02525535380581564,True,False,False,False,予選,2026-10-07,1号艇のdominance,-0.2484,1号艇のvs_max234_diff,-0.1159,1号艇の級別順位,-0.09,1号艇の全国勝率,-0.0884,1号艇の年齢,-0.0767,4号艇のwin_rate_rank_2to6,0.1822,4号艇のモーター2連率,0.1058,1号艇のモーター出走数,0.1013,4号艇の全国勝率,0.1012,4号艇のclass_rank_2to6,0.0976,1号艇の体重,0.0959,3号艇のwin_rate_rank_2to6,-0.0913,6号艇のモーター出走数,0.0873,4号艇のモーター出走数,-0.0476,3号艇の当地勝率,-0.0469,0.0312,北西 3.4m/s,[逃げ]1号艇のdominanceが不利(-24.8pt)、1号艇のvs_max234_diffが不利(-11.6pt) / [2着]4号艇のwin_rate_rank_2to6が有利(+18.2pt)、4号艇のモーター2連率が有利(+10.6pt) / [候補2]1号艇の体重が有利(+9.6pt)、3号艇のwin_rate_rank_2to6が不利(-9.1pt) / [除外]2号艇のwin_rate_rank_2to6が不利(-6.1pt)、天気+3.1pt
135,03,江戸川,3,12:08,0.2532536946308482,4,0.44567762899531915,3,0.2385598291082884,0.17328566426955883,0.2187717908242206,0.465465667279387,0.12779364615385957,0.2609396651725072,1-4,1-3,0.05540476430724096,0.0604161581121778,0.112869506157381,0.02385453274383181,0.000708736848129859,True,True,False,False,予選,2026-10-07,1号艇のdominance,-0.303,1号艇のracer_win_te,-0.2317,1号艇のvs_max234_diff,-0.174,6号艇の枠別出走数,-0.1,1号艇の全国勝率,-0.093,4号艇のwin_rate_rank_2to6,0.2538,4号艇のclass_rank_2to6,0.1961,4号艇のsession_exh_rel_avg,0.062,4号艇の女子戦比率,-0.0604,1号艇の平均ST,0.0593,3号艇のwin_rate_rank_2to6,-0.1105,3号艇の全国勝率,-0.0805,3号艇のracer_avgfin_te,-0.0759,6号艇のvs_avg456_diff,0.0521,2号艇の直近1着率,0.0512,-0.0092,北 1.7m/s,[逃げ]1号艇のdominanceが不利(-30.3pt)、1号艇のracer_win_teが不利(-23.2pt) / [2着]4号艇のwin_rate_rank_2to6が有利(+25.4pt)、4号艇のclass_rank_2to6が有利(+19.6pt) / [候補2]3号艇のwin_rate_rank_2to6が不利(-11.1pt)、3号艇の全国勝率が不利(-8.0pt) / [除外]6号艇の直近平均着順が不利(-25.8pt)、6号艇の全国勝率が不利(-17.4pt)、天気-0.9pt
136,14,鳴門,10,13:07,0.31719847235949594,2,0.2988141426088144,4,0.22523373687124235,0.16622718681430723,0.21825035052418063,0.3057975289558761,0.12269221666766202,0.20809828945677789,1-2,1-4,0.09478338955492849,0.06922867777819461,0.07144379725937874,0.061000566658450994,0.020742048198481442,True,True,False,False,特賞,2026-10-07,1号艇のsession_exh_rel_avg,-0.1653,1号艇のdominance,-0.1509,場特性:in_escape_diff,-0.1334,風速区分,-0.1139,1号艇の年齢,-0.0783,2号艇のwin_rate_rank_2to6,-0.1013,2号艇のsession_exh_rel_avg,0.0739,2号艇のclass_rank_2to6,-0.0652,1号艇の年齢,0.064,2号艇の全国勝率,0.0415,4号艇のsession_exh_rel_avg,0.0728,4号艇のclass_rank_2to6,0.0707,4号艇の年齢,0.0629,4号艇の節間得点,-0.0615,4号艇のcumulative_diff_rank_2to6,-0.058,-0.0946,北 8.0m/s,[逃げ]1号艇のsession_exh_rel_avgが不利(-16.5pt)、1号艇のdominanceが不利(-15.1pt) / [2着]2号艇のwin_rate_rank_2to6が不利(-10.1pt)、2号艇のsession_exh_rel_avgが有利(+7.4pt) / [候補2]4号艇のsession_exh_rel_avgが有利(+7.3pt)、4号艇のclass_rank_2to6が有利(+7.1pt) / [除外]6号艇のsession_exh_rel_avgが不利(-7.7pt)、天気-9.5pt
137,14,鳴門,9,12:25,0.22462015757554088,4,0.3701721407186882,2,0.268977777218185,0.14356595528137447,0.1819217949977317,0.45722812293914145,0.11222462373895241,0.23766460557870456,1-4,1-2,0.06041783070306744,0.04086330225881574,0.08314812457830703,0.025150263537922723,0.015040637334203244,True,True,False,False,特賞,2026-10-07,風速区分,-0.2159,場特性:in_escape_diff,-0.1491,1号艇のsession_exh_rel_avg,-0.1088,1号艇のdominance,-0.0863,1号艇の級別順位,-0.0836,4号艇のwin_rate_rank_2to6,0.1348,4号艇のclass_rank_2to6,0.0957,4号艇のsession_exh_rel_avg,0.068,4号艇の節間得点,0.0411,3号艇の年齢,0.0372,2号艇のwin_rate_rank_2to6,-0.1244,2号艇のsession_exh_rel_avg,-0.077,2号艇のモーター2連率,0.0538,2号艇のsession_avg_finish,0.0529,2号艇の節間得点,0.0498,-0.2095,北 8.2m/s,[逃げ]風速区分が不利(-21.6pt)、場特性:in_escape_diffが不利(-14.9pt) / [2着]4号艇のwin_rate_rank_2to6が有利(+13.5pt)、4号艇のclass_rank_2to6が有利(+9.6pt) / [候補2]2号艇のwin_rate_rank_2to6が不利(-12.4pt)、2号艇のsession_exh_rel_avgが不利(-7.7pt)、天気-20.9pt
138,14,鳴門,5,10:27,0.16430547301864948,3,0.4248030326295544,2,0.3651956651750565,0.12980110972690373,0.16504188452074325,0.6249568132838677,0.10409396601224936,0.2783478207939929,1-3,1-2,0.060003646510948,0.06979746321595572,0.027117284904070043,0.006608884461454418,0.0007781915161343088,False,False,True,False,予選,2026-10-07,1号艇のdominance,-0.2347,1号艇のsession_exh_rel_avg,-0.158,場特性:in_escape_diff,-0.1146,1号艇の年齢,-0.1018,1号艇のracer_win_te,-0.0787,3号艇のwin_rate_rank_2to6,0.1581,3号艇のsession_exh_rel_avg,0.0833,3号艇の一般戦2連率,0.0569,3号艇のclass_rank_2to6,0.0426,3号艇の全国勝率,0.038,2号艇のsession_exh_rel_avg,-0.0986,2号艇のwin_rate_rank_2to6,0.0593,5号艇の年齢,-0.0435,ST差分(6-5),0.0424,2号艇の全国勝率,0.0367,-0.0149,北西 5.4m/s,[逃げ]1号艇のdominanceが不利(-23.5pt)、1号艇のsession_exh_rel_avgが不利(-15.8pt) / [2着]3号艇のwin_rate_rank_2to6が有利(+15.8pt)、3号艇のsession_exh_rel_avgが有利(+8.3pt) / [候補2]2号艇のsession_exh_rel_avgが不利(-9.9pt)、2号艇のwin_rate_rank_2to6が有利(+5.9pt) / [除外]5号艇の直近平均着順が不利(-28.3pt)、ST差分(6-5)が不利(-7.0pt)、天気-1.5pt
139,01,桐生,5,17:15,0.18714824179053632,2,0.36660585742940693,4,0.36181361316940486,0.13632242320856092,0.21677072743079062,0.5116487431680212,0.1008615701957035,0.248920319196399,1-2,1-4,0.06860964164802553,0.040568260510328046,0.06771278156053535,0.006367147336216583,0.0038904136984523013,True,False,False,False,予選,2026-10-07,1号艇のdominance,-0.3612,1号艇のracer_win_te,-0.1921,1号艇のvs_max234_diff,-0.1572,1号艇の全国勝率,-0.1025,1号艇の級別順位,-0.085,2号艇のclass_rank_2to6,0.0878,3号艇のモーター出走数,0.0662,2号艇のwin_rate_rank_2to6,0.0563,1号艇の直近複勝率,0.0555,2号艇の一般戦勝率,-0.0519,4号艇のwin_rate_rank_2to6,0.1858,4号艇のclass_rank_2to6,0.1136,4号艇の全国勝率,0.0967,4号艇の直近複勝率,0.0651,4号艇のcumulative_diff_rank_2to6,0.0545,0.0234,北西 3.1m/s,[逃げ]1号艇のdominanceが不利(-36.1pt)、1号艇のracer_win_teが不利(-19.2pt) / [2着]2号艇のclass_rank_2to6が有利(+8.8pt)、3号艇のモーター出走数が有利(+6.6pt) / [候補2]4号艇のwin_rate_rank_2to6が有利(+18.6pt)、4号艇のclass_rank_2to6が有利(+11.4pt) / [除外]6号艇の直近平均着順が不利(-9.9pt)、6号艇のwin_rate_rank_2to6が不利(-9.1pt)、天気+2.3pt
140,24,大村,3,16:12,0.1802734032788093,3,0.38663695311266744,2,0.28467104181389224,0.12101897689368457,0.15012013593415946,0.5211878589924002,0.09921811457941318,0.24106964152329924,1-3,1-2,0.051318617522714584,0.06970035937096998,0.00740238879328332,0.0270626678055284,0.02478936978631302,True,False,False,False,予選,2026-10-07,1号艇のdominance,-0.4229,1号艇のracer_win_te,-0.2002,1号艇のsession_avg_finish,-0.1087,1号艇の年齢,-0.1085,1号艇の全国2連率,-0.108,3号艇のsession_exh_rel_avg,0.1174,3号艇のモーター2連率,0.0704,3号艇のwin_rate_rank_2to6,0.0657,6号艇のracer_2nd_te,-0.0504,3号艇のclass_rank_2to6,0.0463,2号艇のsession_exh_rel_avg,0.0766,4号艇の体重,0.0748,2号艇のracer_avgfin_te,-0.065,2号艇のwin_rate_rank_2to6,-0.0533,6号艇のracer_avgfin_te,-0.0479,-0.0208,北 5.4m/s,[逃げ]1号艇のdominanceが不利(-42.3pt)、1号艇のracer_win_teが不利(-20.0pt) / [2着]3号艇のsession_exh_rel_avgが有利(+11.7pt)、3号艇のモーター2連率が有利(+7.0pt) / [候補2]2号艇のsession_exh_rel_avgが有利(+7.7pt)、4号艇の体重が有利(+7.5pt)、天気-2.1pt
141,14,鳴門,6,10:55,0.1882943611895468,3,0.33299085268553585,2,0.21773779914819508,0.10369909968581269,0.21132309005155203,0.33940556178217884,0.07740228266840884,0.17441103831472252,1-3,1-2,0.04099879979742724,0.06270029988838545,0.03872021016162874,0.03979094624585806,0.006084107902051929,False,False,True,False,予選,2026-10-07,1号艇のsession_exh_rel_avg,-0.1926,1号艇のdominance,-0.1925,場特性:in_escape_diff,-0.1194,1号艇の年齢,-0.0876,1号艇の級別順位,-0.0857,3号艇のwin_rate_rank_2to6,-0.0954,3号艇のsession_exh_rel_avg,0.0503,3号艇の全国勝率,0.0439,1号艇のsession_exh_rel_avg,0.0369,1号艇vs5号艇のplace_rate差,0.0337,6号艇のsession_rank_diff_last,-0.1034,2号艇のsession_exh_rel_avg,-0.0733,2号艇のclass_rank_2to6,0.0726,2号艇のwin_rate_rank_2to6,-0.0476,2号艇の全国勝率,0.0462,-0.0365,北 5.5m/s,[逃げ]1号艇のsession_exh_rel_avgが不利(-19.3pt)、1号艇のdominanceが不利(-19.2pt) / [2着]3号艇のwin_rate_rank_2to6が不利(-9.5pt)、3号艇のsession_exh_rel_avgが有利(+5.0pt) / [候補2]6号艇のsession_rank_diff_lastが不利(-10.3pt)、2号艇のsession_exh_rel_avgが不利(-7.3pt) / [除外]6号艇のwin_rate_rank_2to6が不利(-7.4pt)、天気-3.6pt
142,01,桐生,3,16:22,0.1592263149267834,3,0.3456651201188454,4,0.2915521546732642,0.10146175847283513,0.261208778873564,0.3760084959185457,0.06965851603317064,0.1838257797065483,1-3,1-4,0.04159131128656263,0.0550389832752477,0.046422775197587425,0.011336941361869853,0.004836302026023068,True,False,False,False,予選,2026-10-07,1号艇のdominance,-0.3729,6号艇の枠別出走数,-0.2035,1号艇のracer_win_te,-0.1814,1号艇のvs_max234_diff,-0.172,1号艇の全国2連率,-0.1606,3号艇のwin_rate_rank_2to6,0.1859,6号艇のモーター出走数,0.0789,1号艇のvs_max234_diff,-0.0787,1号艇vs3号艇のplace_rate差,-0.067,4号艇のモーター出走数,-0.0644,4号艇のclass_rank_2to6,0.141,1号艇のモーター出走数,0.0905,4号艇のwin_rate_rank_2to6,-0.0791,1号艇vs5号艇の枠別平均ST差,0.0679,4号艇のsession_exh_rel_avg,0.0628,0.0095,北西 3.5m/s,[逃げ]1号艇のdominanceが不利(-37.3pt)、6号艇の枠別出走数が不利(-20.4pt) / [2着]3号艇のwin_rate_rank_2to6が有利(+18.6pt)、6号艇のモーター出走数が有利(+7.9pt) / [候補2]4号艇のclass_rank_2to6が有利(+14.1pt)、1号艇のモーター出走数が有利(+9.1pt) / [除外]1号艇vs5号艇の枠別平均ST差が不利(-9.5pt)、ST差分(6-5)が不利(-8.3pt)、天気+1.0pt
143,08,常滑,7,13:21,0.09971668270612588,4,0.38768904108945734,3,0.36571202471072917,0.07512665502885427,0.18321131626211526,0.5701897495380712,0.05860979100380676,0.22364558338161933,1-4,1-3,0.01826922469188103,0.03646758992989465,0.03865906509895962,0.0053031195735675106,0.001017681600889319,True,True,False,False,予選,2026-10-07,1号艇のdominance,-0.5208,1号艇のvs_max234_diff,-0.3249,風速区分,-0.2004,1号艇のracer_win_te,-0.1521,1号艇vs4号艇の枠別勝率差,-0.1255,4号艇のclass_rank_2to6,0.1426,4号艇のwin_rate_rank_2to6,0.0573,4号艇のモーター2連率,-0.053,1号艇vs4号艇のcumulative差,0.0506,4号艇の直近複勝率,0.0492,3号艇のwin_rate_rank_2to6,0.1891,3号艇のsession_exh_rel_avg,0.1006,3号艇の全国勝率,0.0662,2号艇のracer_win_te,0.06,3号艇のracer_avgfin_te,0.0546,-0.1662,北西 9.0m/s,[逃げ]1号艇のdominanceが不利(-52.1pt)、1号艇のvs_max234_diffが不利(-32.5pt) / [2着]4号艇のclass_rank_2to6が有利(+14.3pt)、4号艇のwin_rate_rank_2to6が有利(+5.7pt) / [候補2]3号艇のwin_rate_rank_2to6が有利(+18.9pt)、3号艇のsession_exh_rel_avgが有利(+10.1pt) / [除外]6号艇のwin_rate_rank_2to6が不利(-8.4pt)、1号艇vs3号艇の直近複勝率差が不利(-7.9pt)、天気-16.6pt
144,08,常滑,8,13:54,0.06841102672617715,2,0.5597067581776978,4,0.3096968421168018,0.05947679293558165,0.06520717875751489,0.8041964215369847,0.05482281629293264,0.28289268151600255,1-2,1-4,0.03829011399251645,0.004383105224263447,0.021186678943065192,0.0044608900487189615,9.023727919682626e-05,True,True,False,False,予選,2026-10-07,1号艇のdominance,-0.4455,1号艇のracer_win_te,-0.237,1号艇の年齢,-0.2123,1号艇のsession_exh_rel_avg,-0.2037,風速区分,-0.1906,2号艇のwin_rate_rank_2to6,0.2414,2号艇のclass_rank_2to6,0.1191,1号艇vs2号艇のplace_rate差,-0.0918,2号艇のsession_exh_rel_avg,-0.0648,1号艇vs2号艇のlocal_win_rate差,0.0521,4号艇のsession_exh_rel_avg,0.1347,4号艇のwin_rate_rank_2to6,0.0997,1号艇vs5号艇のcumulative差,0.0918,1号艇の直近平均着順,0.0686,2号艇のracer_avgfin_te,-0.0669,-0.1933,北西 9.4m/s,[逃げ]1号艇のdominanceが不利(-44.6pt)、1号艇のracer_win_teが不利(-23.7pt) / [2着]2号艇のwin_rate_rank_2to6が有利(+24.1pt)、2号艇のclass_rank_2to6が有利(+11.9pt) / [候補2]4号艇のsession_exh_rel_avgが有利(+13.5pt)、4号艇のwin_rate_rank_2to6が有利(+10.0pt) / [除外]6号艇の直近平均着順が不利(-26.5pt)、6号艇の全国勝率が不利(-17.0pt)、天気-19.3pt
