rank,venue_code,venue_name,race_no,closing_time,in_escape_prob,second_pred_1,second_pred_1_prob,second_pred_2,second_pred_2_prob,confidence_score,third_prob,top2_margin,adjusted_score,score_margin_blend,ticket_1,ticket_2,score_boat2,score_boat3,score_boat4,score_boat5,score_boat6,is_teppan,is_lunch,is_excluded,is_channel_target,race_grade,race_date,top_feat_1,top_feat_1_contrib,top_feat_2,top_feat_2_contrib,top_feat_3,top_feat_3_contrib,top_feat_4,top_feat_4_contrib,top_feat_5,top_feat_5_contrib,s2_top_feat_1,s2_top_feat_1_contrib,s2_top_feat_2,s2_top_feat_2_contrib,s2_top_feat_3,s2_top_feat_3_contrib,s2_top_feat_4,s2_top_feat_4_contrib,s2_top_feat_5,s2_top_feat_5_contrib,s2_top2_feat_1,s2_top2_feat_1_contrib,s2_top2_feat_2,s2_top2_feat_2_contrib,s2_top2_feat_3,s2_top2_feat_3_contrib,s2_top2_feat_4,s2_top2_feat_4_contrib,s2_top2_feat_5,s2_top2_feat_5_contrib,weather_contribution,wind_info,reason_text
1,23,唐津,12,14:30,0.9264911182345521,2,0.4868754232004907,3,0.3783063773070271,0.8015832538283933,0.09400679079220245,0.7711750097153154,0.7111581307341789,0.7924607805944699,1-2,1-3,0.45108575528194345,0.3504974985464499,0.08709645672270924,0.029712489648942655,0.008098931840300335,True,True,False,False,準優勝戦,2026-08-13,1号艇のdominance,0.3044,1号艇のsession_exh_rel_avg,0.187,1号艇のracer_win_te,0.1761,1号艇の全国勝率,0.1717,race_no,0.1121,2号艇のwin_rate_rank_2to6,0.1513,2号艇の当地勝率,0.0959,2号艇のracer_avgfin_te,0.0866,2号艇のsession_exh_rel_avg,0.0839,2号艇のclass_rank_2to6,0.076,3号艇のsession_exh_rel_avg,0.1252,2号艇の直近平均着順,-0.0881,3号艇の当地勝率,0.0874,3号艇の節間得点,0.0634,1号艇の直近1着率,0.0622,0.1443,東 2.0m/s,[逃げ]1号艇のdominanceが有利(+30.4pt)、1号艇のsession_exh_rel_avgが有利(+18.7pt) / [2着]2号艇のwin_rate_rank_2to6が有利(+15.1pt)、2号艇の当地勝率が有利(+9.6pt) / [候補2]3号艇のsession_exh_rel_avgが有利(+12.5pt)、2号艇の直近平均着順が不利(-8.8pt) / [除外]6号艇のwin_rate_rank_2to6が不利(-6.3pt)、2号艇の直近1着率が不利(-5.2pt)、天気+14.4pt
2,21,芦屋,11,13:27,0.8110182370518614,2,0.6208702261766976,3,0.18547870941765188,0.6539636921943742,0.08285385150740943,0.7234950840869401,0.5889435994212023,0.6748231097621439,1-2,1-3,0.5035370762718158,0.15042661592255852,0.0671959845824959,0.05469779433085441,0.035160758390940926,True,True,False,False,予選特選,2026-08-13,1号艇のracer_win_te,0.1826,1号艇のsession_exh_rel_avg,0.151,1号艇の級別順位,0.0858,風速区分,0.083,6号艇の枠別勝率,0.0788,2号艇のwin_rate_rank_2to6,0.2232,2号艇のclass_rank_2to6,0.1155,2号艇の当地勝率,0.0916,2号艇のracer_avgfin_te,0.0723,2号艇の節間得点,0.0632,4号艇のモーター出走数,-0.1415,6号艇のモーター出走数,0.0779,3号艇のwin_rate_rank_2to6,0.0749,2号艇の全国勝率,-0.0467,3号艇のcumulative_diff_rank_2to6,0.0427,0.1186,南東 1.4m/s,[逃げ]1号艇のracer_win_teが有利(+18.3pt)、1号艇のsession_exh_rel_avgが有利(+15.1pt) / [2着]2号艇のwin_rate_rank_2to6が有利(+22.3pt)、2号艇のclass_rank_2to6が有利(+11.6pt) / [候補2]4号艇のモーター出走数が不利(-14.1pt)、6号艇のモーター出走数が有利(+7.8pt) / [除外]6号艇の女子戦比率が不利(-8.4pt)、5号艇のracer_avgfin_teが不利(-5.4pt)、天気+11.9pt
3,22,福岡,12,17:55,0.8543924922276527,2,0.5784068260593429,3,0.21638749475447389,0.6790663005685015,0.11658352030684628,0.6782108005069706,0.5840647727580741,0.6788096505500422,1-2,1-3,0.49418644963832836,0.18487985093017306,0.09960808446763955,0.0646945667830904,0.011023543591281361,True,False,False,False,ドリームレー,2026-08-13,1号艇のdominance,0.2127,1号艇の全国勝率,0.1514,1号艇のsession_exh_rel_avg,0.1416,風速区分,0.1022,1号艇のracer_win_te,0.0955,2号艇のwin_rate_rank_2to6,0.1565,2号艇のモーター2連率,0.1392,2号艇の当地勝率,0.0934,場特性:1x_diff_course2,0.0481,2号艇の全国勝率,0.048,3号艇のsession_exh_rel_avg,0.0948,3号艇のsession_rank_diff_last,0.0642,全艇平均勝率,-0.0613,3号艇のwin_rate_rank_2to6,-0.06,2号艇の直近平均着順,-0.0557,0.1854,南東 1.3m/s,[逃げ]1号艇のdominanceが有利(+21.3pt)、1号艇の全国勝率が有利(+15.1pt) / [2着]2号艇のwin_rate_rank_2to6が有利(+15.7pt)、2号艇のモーター2連率が有利(+13.9pt) / [候補2]3号艇のsession_exh_rel_avgが有利(+9.5pt)、3号艇のsession_rank_diff_lastが有利(+6.4pt) / [除外]6号艇のwin_rate_rank_2to6が不利(-6.4pt)、6号艇のsession_exh_rel_avgが不利(-5.6pt)、天気+18.5pt
4,23,唐津,3,09:36,0.7462497365811702,2,0.45564982572069507,3,0.4154524390955381,0.6500598356543749,0.08976386733975807,0.7813383974764752,0.5800375738336737,0.6894434042010049,1-2,1-3,0.3400285624173248,0.31003127323705,0.06698626235680157,0.027866167842594006,0.001337454481792957,False,False,True,False,３ライズ戦,2026-08-13,1号艇のsession_exh_rel_avg,0.1778,1号艇のracer_win_te,0.1619,win_rate_gap_top2_2to6,-0.1434,1号艇vs4号艇のcumulative差,0.1316,3号艇のracer_win_te,-0.1278,勝率のレンジ(2-6号艇),0.1443,2号艇の節間得点,0.081,win_rate_gap_top2_2to6,-0.0679,2号艇のsession_exh_rel_avg,0.0555,1号艇vs6号艇のplace_rate差,0.0519,3号艇のwin_rate_rank_2to6,0.2409,3号艇の全国勝率,0.1657,3号艇の当地勝率,0.0817,2号艇の女子戦勝率,0.0372,class_std_1to6,0.037,0.0675,東 2.0m/s,[逃げ]1号艇のsession_exh_rel_avgが有利(+17.8pt)、1号艇のracer_win_teが有利(+16.2pt) / [2着]勝率のレンジ(2-6号艇)が有利(+14.4pt)、2号艇の節間得点が有利(+8.1pt) / [候補2]3号艇のwin_rate_rank_2to6が有利(+24.1pt)、3号艇の全国勝率が有利(+16.6pt) / [除外]6号艇の直近平均着順が不利(-16.3pt)、6号艇の全国勝率が不利(-13.5pt)、天気+6.7pt
5,22,福岡,9,16:15,0.7801768405020492,2,0.5040148141601146,3,0.3065267995600437,0.6323657952876255,0.08166378349324495,0.7288778302269133,0.5703961352137427,0.6613194057694118,1-2,1-3,0.3932206852776657,0.2391451100099598,0.06096443647244999,0.06371219258920324,0.023134420512348302,True,False,False,False,予選,2026-08-13,1号艇のdominance,0.3365,1号艇の勝率順位,0.1079,1号艇のvs_max234_diff,0.0805,1号艇のsession_avg_finish,-0.0774,1号艇のlocal_win_rate順位,0.076,2号艇のwin_rate_rank_2to6,0.0895,second_best_win_rate,0.0663,2号艇のsession_exh_rel_avg,-0.0489,3号艇の全国勝率,-0.0414,1号艇のモーター出走数,0.0339,3号艇のwin_rate_rank_2to6,-0.0787,3号艇の当地勝率,-0.0507,3号艇のcumulative_diff_rank_2to6,0.0466,1号艇vs4号艇の枠別平均ST差,0.0336,3号艇のracer_avgfin_te,-0.0333,0.0564,北 2.6m/s,[逃げ]1号艇のdominanceが有利(+33.6pt)、1号艇の勝率順位が有利(+10.8pt) / [2着]2号艇のwin_rate_rank_2to6が有利(+8.9pt)、second_best_win_rateが有利(+6.6pt) / [候補2]3号艇のwin_rate_rank_2to6が不利(-7.9pt)、3号艇の当地勝率が不利(-5.1pt) / [除外]1号艇vs5号艇の枠別平均ST差が不利(-7.0pt)、1号艇vs6号艇の枠別平均ST差が不利(-5.8pt)、天気+5.6pt
6,08,常滑,11,15:29,0.8815924107363022,2,0.5339633186448864,3,0.2247282122516014,0.6688566957282505,0.14713165576356035,0.6115598751329275,0.5507647039950008,0.6516676495496535,1-2,1-3,0.47073800932890175,0.19811868639934868,0.06031845766343347,0.12971015110022094,0.02270708982345905,True,False,False,False,予選,2026-08-13,1号艇のdominance,0.3026,1号艇のracer_win_te,0.1311,1号艇のsession_exh_rel_avg,0.1266,1号艇の全国勝率,0.1205,1号艇の級別順位,0.089,2号艇のclass_rank_2to6,0.0986,2号艇のsession_exh_rel_avg,0.0757,2号艇の体重,-0.0705,2号艇のwin_rate_rank_2to6,0.0634,2号艇の節間得点,0.0597,3号艇のwin_rate_rank_2to6,-0.1345,3号艇の全国勝率,-0.0802,1号艇vs3号艇の勝率差,-0.0691,3号艇のcumulative_diff_rank_2to6,-0.0685,6号艇の女子戦比率,0.0647,0.0999,南東 2.3m/s,[逃げ]1号艇のdominanceが有利(+30.3pt)、1号艇のracer_win_teが有利(+13.1pt) / [2着]2号艇のclass_rank_2to6が有利(+9.9pt)、2号艇のsession_exh_rel_avgが有利(+7.6pt) / [候補2]3号艇のwin_rate_rank_2to6が不利(-13.5pt)、3号艇の全国勝率が不利(-8.0pt) / [除外]6号艇の女子戦比率が不利(-9.0pt)、6号艇のwin_rate_rank_2to6が不利(-6.7pt)、天気+10.0pt
7,12,住之江,9,18:58,0.7996189942300593,3,0.5263982497263937,2,0.27878696827419247,0.6438413941865397,0.1218327584896841,0.6833524595109021,0.5497122264862315,0.6556947137838484,1-3,1-2,0.22292335517585724,0.42091803901068253,0.09741978780779492,0.03557476892232279,0.02278303437696312,True,False,False,False,予選,2026-08-13,1号艇のracer_win_te,0.2004,1号艇のdominance,0.1817,4号艇のモーター2連率,-0.1183,1号艇の勝率順位,0.0981,1号艇の級別順位,0.0841,3号艇のwin_rate_rank_2to6,0.1755,3号艇のモーター2連率,0.0687,3号艇のclass_rank_2to6,0.0476,場特性:1x_diff_course3,0.0369,3号艇の全国勝率,0.0369,2号艇の全国勝率,0.0486,4号艇のモーター出走数,-0.047,2号艇のwin_rate_rank_2to6,-0.0431,2号艇のsession_exh_rel_avg,-0.0324,節間得点の分散(2-6号艇),-0.026,0.1041,東 1.5m/s,[逃げ]1号艇のracer_win_teが有利(+20.0pt)、1号艇のdominanceが有利(+18.2pt) / [2着]3号艇のwin_rate_rank_2to6が有利(+17.5pt)、3号艇のモーター2連率が有利(+6.9pt) / [候補2]2号艇の全国勝率が有利(+4.9pt)、4号艇のモーター出走数が不利(-4.7pt)、天気+10.4pt
8,24,大村,8,18:46,0.6137085575198056,2,0.5929108536882721,3,0.3384981898870161,0.5716137005934918,0.03733163794106511,0.8940774056342231,0.5460065697382415,0.6683528121057112,1-2,1-3,0.36387446475486596,0.20773923583862589,0.022910745670662713,0.015726724793055685,0.0034573850336937764,True,False,False,False,予選,2026-08-13,場特性:in_escape_diff,0.1529,1号艇のdominance,-0.1351,1号艇の級別順位,-0.0997,1号艇の体重,-0.0931,1号艇の全国2連率,-0.0778,全艇平均勝率,0.1434,1号艇vs6号艇の枠別平均ST差,0.0789,2号艇のclass_rank_2to6,0.0773,2号艇のwin_rate_rank_2to6,0.0772,6号艇のracer_2nd_te,0.04,3号艇のwin_rate_rank_2to6,0.1832,3号艇のsession_exh_rel_avg,-0.0902,3号艇のclass_rank_2to6,0.0489,3号艇の女子戦比率,-0.0408,1号艇vs2号艇のplace_rate差,0.0386,0.0435,西 2.7m/s,[逃げ]場特性:in_escape_diffが有利(+15.3pt)、1号艇のdominanceが不利(-13.5pt) / [2着]全艇平均勝率が有利(+14.3pt)、1号艇vs6号艇の枠別平均ST差が有利(+7.9pt) / [候補2]3号艇のwin_rate_rank_2to6が有利(+18.3pt)、3号艇のsession_exh_rel_avgが不利(-9.0pt) / [除外]6号艇のracer_win_teが不利(-13.9pt)、4号艇のracer_avgfin_teが不利(-11.2pt)、天気+4.4pt
9,03,江戸川,6,13:29,0.6909351282967733,2,0.5899467888188172,3,0.24513194230363747,0.5769852302259999,0.07920238952897937,0.7558763415934753,0.5221468994778069,0.6306525636362424,1-2,1-3,0.4076149602207989,0.16937027000520097,0.038058718938745066,0.054723713170616375,0.021167476257147592,True,True,False,False,予選,2026-08-13,場特性:in_escape_diff,-0.1605,5号艇の平均ST,0.1149,5号艇の枠別出走数,-0.1012,1号艇のdominance,0.0834,1号艇の節間得点,0.0723,2号艇のwin_rate_rank_2to6,0.2372,2号艇のclass_rank_2to6,0.106,2号艇の全国勝率,0.045,2号艇のsession_exh_rel_avg,-0.0408,5号艇の年齢,-0.033,3号艇のsession_exh_rel_avg,-0.1949,3号艇のwin_rate_rank_2to6,0.0468,3号艇のsession_exh_rel_last,-0.0459,3号艇の全国勝率,0.0394,場特性:1x_diff_course3,-0.0356,0.0211,北東 1.4m/s,[逃げ]場特性:in_escape_diffが不利(-16.1pt)、5号艇の平均STが有利(+11.5pt) / [2着]2号艇のwin_rate_rank_2to6が有利(+23.7pt)、2号艇のclass_rank_2to6が有利(+10.6pt) / [候補2]3号艇のsession_exh_rel_avgが不利(-19.5pt)、3号艇のwin_rate_rank_2to6が有利(+4.7pt) / [除外]6号艇のwin_rate_rank_2to6が不利(-6.7pt)、天気+2.1pt
10,12,住之江,10,19:36,0.7228193951672147,3,0.40778298851889505,2,0.40773157437384866,0.5894697431001885,0.09652311902138519,0.7189914438713585,0.5211927932928707,0.6283262533315395,1-3,1-2,0.2947162899794815,0.294753453120707,0.06976878251069073,0.05231076693444766,0.01127009723646375,True,False,False,False,予選特別Ｂ戦,2026-08-13,1号艇のracer_win_te,0.1987,3号艇のracer_win_te,-0.1539,1号艇のdominance,0.146,1号艇の級別順位,0.0878,風速区分,0.0855,1号艇の直近1着率,0.1281,3号艇のwin_rate_rank_2to6,0.0802,3号艇の当地勝率,0.0788,場特性:1x_diff_course3,0.0651,3号艇のracer_2nd_te,0.0498,2号艇のwin_rate_rank_2to6,0.1766,2号艇の当地勝率,0.0933,2号艇のclass_rank_2to6,0.0861,2号艇のモーター2連率,0.061,2号艇の全国勝率,0.0597,0.1301,東 1.1m/s,[逃げ]1号艇のracer_win_teが有利(+19.9pt)、3号艇のracer_win_teが不利(-15.4pt) / [2着]1号艇の直近1着率が有利(+12.8pt)、3号艇のwin_rate_rank_2to6が有利(+8.0pt) / [候補2]2号艇のwin_rate_rank_2to6が有利(+17.7pt)、2号艇の当地勝率が有利(+9.3pt) / [除外]3号艇のracer_avgfin_teが不利(-6.3pt)、1号艇vs5号艇の枠別平均ST差が不利(-6.0pt)、天気+13.0pt
11,06,浜名湖,4,12:58,0.8039046285572846,2,0.5538220642645839,3,0.24415569725681274,0.6414980159728318,0.16038281826767184,0.6375949432537248,0.5180357043150206,0.6403270941570998,1-2,1-3,0.44522012085944895,0.1962778951133829,0.1289324899464432,0.029372742531336746,0.004101383101450977,True,True,False,False,ランチタイム,2026-08-13,1号艇のdominance,0.2007,場特性:in_escape_diff,-0.0765,1号艇の級別順位,0.0738,1号艇の勝率順位,0.071,1号艇のvs_max234_diff,0.0635,2号艇のwin_rate_rank_2to6,0.1954,2号艇のsession_exh_rel_avg,0.0838,6号艇のsession_rank_diff_last,-0.0731,2号艇のclass_rank_2to6,-0.0668,2号艇の全国勝率,0.0512,3号艇のwin_rate_rank_2to6,0.0711,6号艇のracer_win_te,0.0445,1号艇vs4号艇の枠別平均ST差,-0.0401,3号艇の全国勝率,-0.0374,3号艇のモーター2連率,-0.0366,-0.019,南東 3.3m/s,[逃げ]1号艇のdominanceが有利(+20.1pt)、場特性:in_escape_diffが不利(-7.7pt) / [2着]2号艇のwin_rate_rank_2to6が有利(+19.5pt)、2号艇のsession_exh_rel_avgが有利(+8.4pt) / [候補2]3号艇のwin_rate_rank_2to6が有利(+7.1pt)、6号艇のracer_win_teが有利(+4.5pt) / [除外]6号艇のracer_win_teが不利(-14.5pt)、6号艇の直近平均着順が不利(-10.4pt)、天気-1.9pt
12,21,芦屋,5,10:16,0.7030545920700262,2,0.44012817864730835,3,0.38750450853298707,0.5818709612693622,0.09146824734985637,0.7361644398304391,0.5180037008560606,0.6281590048376853,1-2,1-3,0.30943413709740697,0.2724368241719552,0.03801209225038495,0.06430717132791353,0.018864381627319005,False,False,True,False,サンライズＺ,2026-08-13,1号艇のdominance,0.2082,3号艇のracer_win_te,-0.11,1号艇の勝率順位,0.0946,1号艇のモーター2連率,0.0628,1号艇のモーター2連率順位,0.0595,2号艇の節間得点,0.0677,2号艇のモーター2連率,0.0605,2号艇のwin_rate_rank_2to6,0.0523,2号艇の全国勝率,0.0483,3号艇のモーター出走数,0.0458,3号艇のwin_rate_rank_2to6,0.1799,3号艇のsession_exh_rel_avg,0.1499,4号艇のモーター出走数,-0.1162,6号艇のモーター出走数,0.0884,3号艇の当地勝率,0.0669,0.0443,北西 2.3m/s,[逃げ]1号艇のdominanceが有利(+20.8pt)、3号艇のracer_win_teが不利(-11.0pt) / [2着]2号艇の節間得点が有利(+6.8pt)、2号艇のモーター2連率が有利(+6.1pt) / [候補2]3号艇のwin_rate_rank_2to6が有利(+18.0pt)、3号艇のsession_exh_rel_avgが有利(+15.0pt) / [除外]4号艇のwin_rate_rank_2to6が不利(-5.0pt)、天気+4.4pt
13,07,蒲郡,9,19:11,0.8054773299061397,4,0.5422045697297674,5,0.19055790184609478,0.5902235590603491,0.11811043902816115,0.614652032547701,0.5065696826378911,0.5975521011065545,1-4,1-5,0.0541748052985057,0.09513528106244516,0.4367334890888404,0.15349006997150869,0.0659436964873873,True,False,False,False,予選,2026-08-13,4号艇のsession_exh_rel_avg,-0.2232,1号艇のdominance,0.2088,1号艇のracer_win_te,0.1719,1号艇のvs_max234_frame_diff,0.1175,1号艇の勝率順位,0.0969,4号艇のclass_rank_2to6,0.1484,4号艇のsession_exh_rel_avg,0.1173,4号艇のwin_rate_rank_2to6,0.1092,3号艇の年齢,0.1069,4号艇のモーター2連率,-0.0762,1号艇vs3号艇の枠別勝率差,-0.14,5号艇のsession_exh_rel_avg,0.1323,mean_234_全国勝率,0.0793,5号艇のモーター2連率,-0.0656,5号艇のracer_avgfin_te,0.0619,0.0219,東 2.0m/s,[逃げ]4号艇のsession_exh_rel_avgが不利(-22.3pt)、1号艇のdominanceが有利(+20.9pt) / [2着]4号艇のclass_rank_2to6が有利(+14.8pt)、4号艇のsession_exh_rel_avgが有利(+11.7pt) / [候補2]1号艇vs3号艇の枠別勝率差が不利(-14.0pt)、5号艇のsession_exh_rel_avgが有利(+13.2pt) / [除外]2号艇のwin_rate_rank_2to6が不利(-6.5pt)、3号艇の全国勝率が不利(-6.4pt)、天気+2.2pt
14,22,福岡,1,12:18,0.897474296454807,3,0.44023588191153146,2,0.3049617336156192,0.6687957057150293,0.20744815545077333,0.5377494600763774,0.502307183086252,0.6294818320234337,1-3,1-2,0.2736953173223161,0.3951003883927132,0.18617938736403022,0.03485109380517538,0.00764809410756783,True,True,False,False,カタメン１予,2026-08-13,1号艇のdominance,0.3333,1号艇のvs_max234_diff,0.1342,1号艇vs6号艇の直近複勝率差,0.1206,1号艇のvs_max234_frame_diff,0.1122,ST差分(6-5),0.1022,3号艇のwin_rate_rank_2to6,0.1792,3号艇のsession_exh_rel_avg,0.132,場特性:1x_diff_course3,0.0598,1号艇の一般戦2連率,0.0462,3号艇の全国勝率,-0.0432,2号艇のsession_exh_rel_avg,-0.1357,2号艇のsession_avg_finish,-0.0773,2号艇のwin_rate_rank_2to6,0.0741,second_best_win_rate,0.0579,2号艇のcumulative_diff_rank_2to6,-0.0515,0.072,北 1.4m/s,[逃げ]1号艇のdominanceが有利(+33.3pt)、1号艇のvs_max234_diffが有利(+13.4pt) / [2着]3号艇のwin_rate_rank_2to6が有利(+17.9pt)、3号艇のsession_exh_rel_avgが有利(+13.2pt) / [候補2]2号艇のsession_exh_rel_avgが不利(-13.6pt)、2号艇のsession_avg_finishが不利(-7.7pt) / [除外]6号艇の直近平均着順が不利(-12.9pt)、6号艇のwin_rate_rank_2to6が不利(-11.5pt)、天気+7.2pt
15,13,尼崎,4,11:57,0.6703335874864302,2,0.4567867746996522,3,0.3973294324769999,0.5725427812870283,0.11607567929231195,0.7380405278843402,0.4927928305728666,0.6221921052662218,1-2,1-3,0.3061995174007736,0.2663432638862547,0.07780942651993981,0.016123711820555844,0.0038576559972670474,True,True,False,False,一般,2026-08-13,4号艇の直近複勝率,-0.1211,3号艇のsession_exh_rel_avg,-0.0752,1号艇の級別順位,0.0747,風速区分,0.0739,ST差分(4-3),0.0684,2号艇のsession_exh_rel_avg,-0.1332,2号艇のwin_rate_rank_2to6,0.0771,2号艇のcumulative_diff_rank_2to6,0.0351,avg_456_win_rate,0.0335,2号艇の全国勝率,0.0325,3号艇のwin_rate_rank_2to6,0.2032,3号艇のsession_exh_rel_avg,0.0965,3号艇の節間得点,-0.0662,3号艇のclass_rank_2to6,0.0558,1号艇vs4号艇の勝率差,0.0332,0.0974,東 1.1m/s,[逃げ]4号艇の直近複勝率が不利(-12.1pt)、3号艇のsession_exh_rel_avgが不利(-7.5pt) / [2着]2号艇のsession_exh_rel_avgが不利(-13.3pt)、2号艇のwin_rate_rank_2to6が有利(+7.7pt) / [候補2]3号艇のwin_rate_rank_2to6が有利(+20.3pt)、3号艇のsession_exh_rel_avgが有利(+9.7pt) / [除外]6号艇のracer_win_teが不利(-7.3pt)、6号艇のwin_rate_rank_2to6が不利(-6.9pt)、天気+9.7pt
16,16,児島,10,15:40,0.7749873408799965,2,0.5011544384313908,3,0.25412839646479896,0.5853346358285035,0.14363674646903288,0.6116460884271568,0.48444396060525263,0.5932280716080995,1-2,1-3,0.38838834561015156,0.19694629021835205,0.11131666019869002,0.05811003008285348,0.020226017657002278,True,False,False,False,特別選抜戦,2026-08-13,1号艇のdominance,0.2548,1号艇の勝率順位,0.0955,1号艇の級別順位,0.0717,1号艇のvs_max234_diff,0.0627,1号艇のsession_exh_rel_avg,-0.061,2号艇のwin_rate_rank_2to6,0.1551,2号艇のsession_exh_rel_avg,0.092,2号艇の節間得点,0.0616,2号艇のclass_rank_2to6,-0.0586,3号艇の全国勝率,-0.0348,3号艇のsession_exh_rel_avg,0.1215,3号艇のwin_rate_rank_2to6,-0.0809,3号艇のcumulative_diff_rank_2to6,-0.056,3号艇のracer_2nd_te,-0.0362,場特性:1x_diff_course3,-0.0357,0.0642,南東 2.9m/s,[逃げ]1号艇のdominanceが有利(+25.5pt)、1号艇の勝率順位が有利(+9.6pt) / [2着]2号艇のwin_rate_rank_2to6が有利(+15.5pt)、2号艇のsession_exh_rel_avgが有利(+9.2pt) / [候補2]3号艇のsession_exh_rel_avgが有利(+12.2pt)、3号艇のwin_rate_rank_2to6が不利(-8.1pt) / [除外]6号艇のwin_rate_rank_2to6が不利(-7.0pt)、6号艇のsession_exh_rel_avgが不利(-6.1pt)、天気+6.4pt
17,08,常滑,12,16:01,0.7528514118809219,3,0.450624432782985,2,0.2985328076566729,0.5640040861858117,0.11910815490223285,0.630049085537425,0.4833911029103173,0.5838175859912956,1-3,1-2,0.22475084573710186,0.3392532404487098,0.08967074258467754,0.07789191268884973,0.021284657800927632,True,False,False,False,予選トコタン,2026-08-13,1号艇のdominance,0.1723,場特性:in_escape_diff,0.0914,race_no,0.0757,1号艇の級別順位,0.0752,1号艇の勝率順位,0.0734,3号艇のwin_rate_rank_2to6,0.1933,3号艇のsession_exh_rel_avg,-0.1016,3号艇のclass_rank_2to6,0.0406,3号艇の節間得点,0.0391,3号艇の当地勝率,0.0385,2号艇のwin_rate_rank_2to6,-0.1548,2号艇のsession_exh_rel_avg,0.1027,2号艇のclass_rank_2to6,-0.0556,3号艇の女子戦2連率,-0.0439,2号艇のsession_avg_finish,0.0391,0.0981,東 3.0m/s,[逃げ]1号艇のdominanceが有利(+17.2pt)、場特性:in_escape_diffが有利(+9.1pt) / [2着]3号艇のwin_rate_rank_2to6が有利(+19.3pt)、3号艇のsession_exh_rel_avgが不利(-10.2pt) / [候補2]2号艇のwin_rate_rank_2to6が不利(-15.5pt)、2号艇のsession_exh_rel_avgが有利(+10.3pt)、天気+9.8pt
18,03,江戸川,3,12:08,0.791334811468973,2,0.40873393384443185,3,0.3020374034168062,0.5624581021691717,0.1193203208063929,0.5914510164548452,0.4819228847399951,0.5711559764548737,1-2,1-3,0.3234453904797552,0.23901271168941646,0.09442232356974431,0.043026851509994496,0.09142752685018281,True,True,False,False,予選,2026-08-13,1号艇のdominance,0.2797,場特性:in_escape_diff,-0.1333,1号艇のvs_max234_diff,0.1289,風速区分,0.085,1号艇の勝率順位,0.0778,2号艇のsession_exh_rel_avg,-0.0693,2号艇のclass_rank_2to6,-0.0652,2号艇のwin_rate_rank_2to6,0.0569,2号艇のモーター2連率,-0.0488,2号艇の全国勝率,0.0355,3号艇のsession_exh_rel_avg,-0.0921,3号艇のwin_rate_rank_2to6,-0.0749,3号艇のsession_exh_rel_last,-0.0623,1号艇の一般戦2連率,0.0525,3号艇のcumulative_diff_rank_2to6,-0.0445,0.0276,北東 0.8m/s,[逃げ]1号艇のdominanceが有利(+28.0pt)、場特性:in_escape_diffが不利(-13.3pt) / [2着]2号艇のsession_exh_rel_avgが不利(-6.9pt)、2号艇のclass_rank_2to6が不利(-6.5pt) / [候補2]3号艇のsession_exh_rel_avgが不利(-9.2pt)、3号艇のwin_rate_rank_2to6が不利(-7.5pt)、天気+2.8pt
19,23,唐津,11,13:50,0.9054399667219747,2,0.4678182087802429,4,0.2517645489896879,0.6515389882489129,0.21874596974181876,0.5008367880281119,0.48051315487797863,0.6063283281826726,1-2,1-4,0.4235813033899169,0.19806134356359845,0.227957684858996,0.038789368025715844,0.017050260980950662,True,True,False,False,準優勝戦,2026-08-13,1号艇のsession_exh_rel_avg,0.1968,1号艇のracer_win_te,0.161,3号艇のracer_win_te,-0.1369,1号艇の全国勝率,0.1277,風速区分,0.1225,2号艇のwin_rate_rank_2to6,0.1556,2号艇の当地勝率,0.0836,3号艇の全国2連率,0.0611,2号艇のracer_avgfin_te,0.0506,4号艇の一般戦勝率,-0.0453,4号艇の全国勝率,0.1519,4号艇のsession_exh_rel_avg,0.0828,4号艇のwin_rate_rank_2to6,-0.0823,1号艇vs5号艇の枠別勝率差,0.072,4号艇のclass_rank_2to6,0.0651,0.1616,東 2.0m/s,[逃げ]1号艇のsession_exh_rel_avgが有利(+19.7pt)、1号艇のracer_win_teが有利(+16.1pt) / [2着]2号艇のwin_rate_rank_2to6が有利(+15.6pt)、2号艇の当地勝率が有利(+8.4pt) / [候補2]4号艇の全国勝率が有利(+15.2pt)、4号艇のsession_exh_rel_avgが有利(+8.3pt) / [除外]6号艇のwin_rate_rank_2to6が不利(-7.2pt)、6号艇のvs_avg456_diffが不利(-5.3pt)、天気+16.2pt
20,22,福岡,10,16:56,0.7637357992226388,2,0.4652792990064286,3,0.2858578696278278,0.5736703458127138,0.13676501632969507,0.6143721523045613,0.47952070475718866,0.585880887760268,1-2,1-3,0.3553504572884239,0.21831988852428993,0.10445233905225691,0.06878235491682236,0.016830748060295428,True,False,False,False,予選特賞,2026-08-13,1号艇のdominance,0.1809,1号艇のracer_win_te,0.0876,風速区分,0.0832,1号艇のvs_max234_diff,0.0726,1号艇の勝率順位,0.0689,2号艇のsession_exh_rel_avg,0.102,2号艇のwin_rate_rank_2to6,0.0694,5号艇のsession_avg_finish,-0.0603,場特性:1x_diff_course2,0.0582,2号艇の全国勝率,0.0424,3号艇のsession_exh_rel_avg,-0.0918,3号艇のwin_rate_rank_2to6,-0.0915,3号艇の全国勝率,0.041,場特性:1x_diff_course3,0.0331,3号艇のracer_avgfin_te,0.0289,0.1521,北 1.9m/s,[逃げ]1号艇のdominanceが有利(+18.1pt)、1号艇のracer_win_teが有利(+8.8pt) / [2着]2号艇のsession_exh_rel_avgが有利(+10.2pt)、2号艇のwin_rate_rank_2to6が有利(+6.9pt) / [候補2]3号艇のsession_exh_rel_avgが不利(-9.2pt)、3号艇のwin_rate_rank_2to6が不利(-9.2pt)、天気+15.2pt
21,24,大村,12,20:45,0.7411506202318594,2,0.5120527501400489,3,0.2327898260989779,0.5520405373546508,0.10955058107816348,0.6352919951608633,0.47946890337956644,0.5770159746965144,1-2,1-3,0.3795082133577266,0.17253232399692414,0.08119348111284147,0.06562259858355507,0.0422940169858182,False,False,False,False,予選特選,2026-08-13,1号艇のdominance,0.2047,1号艇の女子戦比率,-0.1537,場特性:in_escape_diff,0.1213,3号艇の平均ST,-0.0994,1号艇のモーター2連率,0.0804,2号艇のwin_rate_rank_2to6,0.162,2号艇のsession_exh_rel_avg,-0.1201,2号艇のclass_rank_2to6,0.1038,レース時間帯,-0.0673,6号艇の体重,0.0671,3号艇のsession_exh_rel_avg,-0.114,3号艇のwin_rate_rank_2to6,-0.0953,3号艇の当地勝率,-0.0564,3号艇の全国勝率,-0.0494,3号艇のsession_exh_rel_last,-0.037,0.0407,南 0.7m/s,[逃げ]1号艇のdominanceが有利(+20.5pt)、1号艇の女子戦比率が不利(-15.4pt) / [2着]2号艇のwin_rate_rank_2to6が有利(+16.2pt)、2号艇のsession_exh_rel_avgが不利(-12.0pt) / [候補2]3号艇のsession_exh_rel_avgが不利(-11.4pt)、3号艇のwin_rate_rank_2to6が不利(-9.5pt)、天気+4.1pt
22,13,尼崎,12,16:23,0.849628801099326,2,0.4336500523603565,4,0.24926907113184615,0.5802277561404827,0.1540456511725385,0.5288734723196642,0.4729698811128329,0.5648214709942372,1-2,1-4,0.36844157408358963,0.1182701043444573,0.21178618205689306,0.13088162192028888,0.020249339267337723,True,False,False,False,準優勝戦,2026-08-13,1号艇のdominance,0.1529,1号艇のsession_exh_rel_avg,0.1387,race_no,0.1003,1号艇のracer_win_te,0.0927,風速区分,0.0829,2号艇のsession_exh_rel_avg,0.1408,2号艇の全国勝率,0.0588,2号艇のモーター2連率,0.0467,2号艇のracer_avgfin_te,0.0467,4号艇の一般戦勝率,-0.0358,4号艇の全国勝率,0.0893,4号艇のcumulative_diff_rank_2to6,-0.083,4号艇のwin_rate_rank_2to6,0.0718,4号艇のsession_exh_rel_avg,-0.0563,4号艇のracer_win_te,0.0513,0.1497,北東 1.8m/s,[逃げ]1号艇のdominanceが有利(+15.3pt)、1号艇のsession_exh_rel_avgが有利(+13.9pt) / [2着]2号艇のsession_exh_rel_avgが有利(+14.1pt)、2号艇の全国勝率が有利(+5.9pt) / [候補2]4号艇の全国勝率が有利(+8.9pt)、4号艇のcumulative_diff_rank_2to6が不利(-8.3pt) / [除外]6号艇のwin_rate_rank_2to6が不利(-6.7pt)、6号艇のvs_avg456_diffが不利(-5.4pt)、天気+15.0pt
23,24,大村,7,18:15,0.7645465957272155,2,0.5661104869657612,3,0.22335424037235957,0.6035825697330747,0.18100383475623882,0.608460892581882,0.47248165807662096,0.6050460665877169,1-2,1-3,0.4328178456151489,0.1707647241179257,0.13838586567645383,0.014413720844717485,0.008164437336851018,True,False,False,False,予選,2026-08-13,1号艇の女子戦比率,-0.2366,1号艇のdominance,0.1544,場特性:in_escape_diff,0.1486,1号艇の勝率順位,0.0962,1号艇のsession_exh_rel_avg,-0.0749,2号艇のwin_rate_rank_2to6,0.1924,2号艇のclass_rank_2to6,0.1058,2号艇の女子戦比率,-0.0838,ST差分(3-2),-0.0712,2号艇のsession_exh_rel_avg,0.0615,3号艇のwin_rate_rank_2to6,-0.1092,3号艇のracer_avgfin_te,-0.0767,3号艇のracer_2nd_te,-0.0643,3号艇の当地勝率,-0.0599,3号艇の全国勝率,-0.0583,0.0332,南西 3.6m/s,[逃げ]1号艇の女子戦比率が不利(-23.7pt)、1号艇のdominanceが有利(+15.4pt) / [2着]2号艇のwin_rate_rank_2to6が有利(+19.2pt)、2号艇のclass_rank_2to6が有利(+10.6pt) / [候補2]3号艇のwin_rate_rank_2to6が不利(-10.9pt)、3号艇のracer_avgfin_teが不利(-7.7pt) / [除外]6号艇の直近平均着順が不利(-11.7pt)、5号艇のracer_win_teが不利(-10.8pt)、天気+3.3pt
24,19,下関,8,20:56,0.6632049289199227,3,0.7011711722135705,4,0.10112198124562802,0.5320847738128484,0.0939768347565568,0.7083163187026417,0.4720804023747404,0.5849542372797862,1-3,1-4,0.06232590001484157,0.46502017742859986,0.06706459638424848,0.03497263531703753,0.033821614833933374,False,False,False,False,予選,2026-08-13,場特性:in_escape_diff,0.0974,1号艇のdominance,-0.0677,1号艇の節間得点,0.0653,風速区分,0.061,1号艇のモーター2連率順位,-0.0534,3号艇のwin_rate_rank_2to6,0.2163,3号艇の当地勝率,0.0864,win_rate_gap_top2_2to6,0.0732,2号艇のvs_boat3_diff,0.0616,場特性:1x_diff_course3,0.0564,4号艇のclass_rank_2to6,-0.1035,4号艇のsession_exh_rel_avg,-0.0991,4号艇のwin_rate_rank_2to6,0.0892,4号艇の節間得点,-0.0678,4号艇のモーター2連率,0.0574,0.0932,北 1.1m/s,[逃げ]場特性:in_escape_diffが有利(+9.7pt)、1号艇のdominanceが不利(-6.8pt) / [2着]3号艇のwin_rate_rank_2to6が有利(+21.6pt)、3号艇の当地勝率が有利(+8.6pt) / [候補2]4号艇のclass_rank_2to6が不利(-10.3pt)、4号艇のsession_exh_rel_avgが不利(-9.9pt) / [除外]2号艇のwin_rate_rank_2to6が不利(-7.0pt)、天気+9.3pt
25,13,尼崎,5,12:28,0.5977291218256952,2,0.7334093406567092,3,0.13513610019598607,0.5191549036265928,0.08137132425994316,0.787174116592752,0.46846171722162594,0.5995606675164405,1-2,1-3,0.43838012112949687,0.08077478249709591,0.04863801019168971,0.020267455718855538,0.009668748948485385,True,True,False,False,一般,2026-08-13,2号艇のsession_rank_diff_last,-0.1623,1号艇vs2号艇のcumulative差,-0.091,風速区分,0.0851,場特性:in_escape_diff,0.0769,avg_entry_count,-0.0685,2号艇のwin_rate_rank_2to6,0.2436,2号艇のclass_rank_2to6,0.1398,2号艇の当地勝率,0.1179,2号艇のracer_avgfin_te,0.0881,2号艇の節間得点,0.0825,3号艇のwin_rate_rank_2to6,0.0637,3号艇の全国勝率,-0.0569,5号艇のsession_exh_rel_avg,-0.0539,3号艇のsession_exh_rel_avg,-0.052,6号艇の女子戦勝率,0.0416,0.0955,東 1.3m/s,[逃げ]2号艇のsession_rank_diff_lastが不利(-16.2pt)、1号艇vs2号艇のcumulative差が不利(-9.1pt) / [2着]2号艇のwin_rate_rank_2to6が有利(+24.4pt)、2号艇のclass_rank_2to6が有利(+14.0pt) / [候補2]3号艇のwin_rate_rank_2to6が有利(+6.4pt)、3号艇の全国勝率が不利(-5.7pt) / [除外]5号艇のracer_win_teが不利(-8.0pt)、4号艇のwin_rate_rank_2to6が不利(-5.2pt)、天気+9.5pt
26,23,唐津,10,13:12,0.7469858534647941,2,0.508515122920855,3,0.28471370528095347,0.5925307132272064,0.17630319114027548,0.616925637061533,0.4671726465185105,0.5998491903775043,1-2,1-3,0.37985360309478955,0.21267711013241686,0.1316959897024854,0.01973455651767447,0.003024584799604379,True,True,False,False,準優勝戦,2026-08-13,1号艇のsession_exh_rel_avg,0.1909,1号艇のracer_win_te,0.1809,2号艇のsession_exh_rel_avg,-0.1544,1号艇の節間得点,0.1289,4号艇のsession_exh_rel_avg,-0.0947,2号艇のsession_exh_rel_avg,0.1652,2号艇のclass_rank_2to6,0.0781,2号艇のracer_avgfin_te,0.0774,2号艇のwin_rate_rank_2to6,0.0725,2号艇のモーター2連率,0.0707,3号艇のwin_rate_rank_2to6,0.1903,3号艇の全国勝率,0.1066,3号艇の当地勝率,0.1025,3号艇のsession_rank_diff_last,0.0502,3号艇のclass_rank_2to6,0.049,0.165,東 2.0m/s,[逃げ]1号艇のsession_exh_rel_avgが有利(+19.1pt)、1号艇のracer_win_teが有利(+18.1pt) / [2着]2号艇のsession_exh_rel_avgが有利(+16.5pt)、2号艇のclass_rank_2to6が有利(+7.8pt) / [候補2]3号艇のwin_rate_rank_2to6が有利(+19.0pt)、3号艇の全国勝率が有利(+10.7pt) / [除外]1号艇vs6号艇のcumulative差が不利(-6.7pt)、6号艇のsession_exh_rel_avgが不利(-6.6pt)、天気+16.5pt
27,21,芦屋,3,09:24,0.6285563130514302,3,0.5843462997302189,2,0.22275078668453926,0.507305968911412,0.08147423574739696,0.7256228506673612,0.457707129582832,0.5728010334381968,1-3,1-2,0.1400114132077396,0.36729455570367237,0.04879074516249541,0.05121114523006687,0.02124845374745608,False,False,True,False,サンライズＸ,2026-08-13,3号艇の直近平均着順,0.1704,3号艇の直近1着率,-0.1667,6号艇の女子戦勝率,0.0718,1号艇の節間得点,0.0626,4号艇の全国2連率,-0.0621,3号艇のwin_rate_rank_2to6,0.2126,6号艇の女子戦比率,0.1028,3号艇の全国勝率,0.082,6号艇のモーター出走数,0.0817,4号艇のモーター出走数,-0.0718,2号艇のwin_rate_rank_2to6,-0.1676,2号艇のsession_exh_rel_avg,-0.0671,3号艇のモーター出走数,0.0556,3号艇の全国2連率,0.0496,2号艇のcumulative_diff_rank_2to6,-0.036,0.0439,北西 2.4m/s,[逃げ]3号艇の直近平均着順が有利(+17.0pt)、3号艇の直近1着率が不利(-16.7pt) / [2着]3号艇のwin_rate_rank_2to6が有利(+21.3pt)、6号艇の女子戦比率が有利(+10.3pt) / [候補2]2号艇のwin_rate_rank_2to6が不利(-16.8pt)、2号艇のsession_exh_rel_avgが不利(-6.7pt) / [除外]4号艇のracer_avgfin_teが不利(-7.7pt)、6号艇の女子戦比率が不利(-6.2pt)、天気+4.4pt
28,13,尼崎,6,13:05,0.6761021913163792,3,0.521292516609555,2,0.25616225949319316,0.525638877772453,0.10896031530198902,0.6684944608007591,0.4569103443439688,0.5684955526809449,1-3,1-2,0.17319186497590283,0.3524470127965501,0.07366830794219838,0.06032039008946188,0.016474625586973667,True,True,False,False,一般,2026-08-13,1号艇のdominance,0.2247,1号艇のsession_exh_rel_avg,-0.14,1号艇の勝率順位,0.0934,1号艇の節間得点,-0.0853,風速区分,0.0775,3号艇のwin_rate_rank_2to6,0.1765,3号艇の節間得点,-0.0608,1号艇vs4号艇の勝率差,0.0523,3号艇のclass_rank_2to6,0.0437,2号艇の節間得点,0.032,2号艇のモーター2連率,0.0724,2号艇のracer_avgfin_te,-0.0625,2号艇のsession_exh_rel_avg,-0.0599,2号艇の直近平均着順,-0.0584,2号艇のwin_rate_rank_2to6,-0.0515,0.0575,東 1.8m/s,[逃げ]1号艇のdominanceが有利(+22.5pt)、1号艇のsession_exh_rel_avgが不利(-14.0pt) / [2着]3号艇のwin_rate_rank_2to6が有利(+17.6pt)、3号艇の節間得点が不利(-6.1pt) / [候補2]2号艇のモーター2連率が有利(+7.2pt)、2号艇のracer_avgfin_teが不利(-6.2pt) / [除外]6号艇のwin_rate_rank_2to6が不利(-9.1pt)、4号艇のwin_rate_rank_2to6が不利(-5.3pt)、天気+5.8pt
29,01,桐生,12,20:31,0.8361424773176327,2,0.5177408613636626,3,0.19740472297414724,0.5979636005309823,0.19660588100750354,0.5185397033303063,0.4568878079396071,0.5741364313707795,1-2,1-3,0.4329051264291779,0.16505847410180446,0.1643905284008297,0.04024551491569402,0.033542832691408134,False,False,False,False,桐生特選,2026-08-13,1号艇のracer_win_te,0.1801,1号艇のdominance,0.1694,1号艇のsession_exh_rel_avg,0.1237,race_no,0.1124,1号艇の全国勝率,0.1108,2号艇の当地勝率,0.3607,2号艇のwin_rate_rank_2to6,0.2433,2号艇のsession_exh_rel_avg,-0.0872,2号艇のclass_rank_2to6,0.0839,2号艇のracer_avgfin_te,0.069,3号艇のsession_exh_rel_avg,-0.1554,3号艇のモーター2連率,0.1355,6号艇のモーター出走数,0.1041,3号艇のwin_rate_rank_2to6,-0.101,4号艇のモーター出走数,-0.0989,0.1469,北東 2.0m/s,[逃げ]1号艇のracer_win_teが有利(+18.0pt)、1号艇のdominanceが有利(+16.9pt) / [2着]2号艇の当地勝率が有利(+36.1pt)、2号艇のwin_rate_rank_2to6が有利(+24.3pt) / [候補2]3号艇のsession_exh_rel_avgが不利(-15.5pt)、3号艇のモーター2連率が有利(+13.6pt) / [除外]6号艇のsession_exh_rel_avgが不利(-9.4pt)、6号艇のwin_rate_rank_2to6が不利(-6.5pt)、天気+14.7pt
30,08,常滑,6,13:07,0.7214178145547677,3,0.4528258745099737,2,0.3316683375225832,0.5659480999753917,0.17143758725737285,0.6130566247751841,0.44951836784818106,0.5800806574153294,1-3,1-2,0.23927144721255503,0.3266766527628367,0.030802131081358274,0.12367812953175622,0.0009894445180517492,True,True,False,False,昼トコ小判Ｒ,2026-08-13,1号艇のdominance,0.2073,1号艇の年齢,-0.1097,ST差分(6-5),0.103,1号艇の枠別出走数,-0.0919,1号艇のracer_win_te,0.0918,3号艇のwin_rate_rank_2to6,0.2404,6号艇の年齢,0.1219,3号艇の当地勝率,0.091,3号艇のclass_rank_2to6,0.0538,3号艇のcumulative_diff_rank_2to6,-0.0463,6号艇の体重,0.1817,2号艇のモーター2連率,0.079,1号艇vs2号艇のcumulative差,-0.0625,3号艇の女子戦2連率,-0.0544,2号艇のwin_rate_rank_2to6,0.052,-0.0375,南 5.6m/s,[逃げ]1号艇のdominanceが有利(+20.7pt)、1号艇の年齢が不利(-11.0pt) / [2着]3号艇のwin_rate_rank_2to6が有利(+24.0pt)、6号艇の年齢が有利(+12.2pt) / [候補2]6号艇の体重が有利(+18.2pt)、2号艇のモーター2連率が有利(+7.9pt) / [除外]6号艇の直近平均着順が不利(-19.6pt)、6号艇のvs_avg456_diffが不利(-11.2pt)、天気-3.8pt
31,21,芦屋,1,08:32,0.7673902568363347,3,0.47397345087917253,2,0.24404938907481288,0.5510037315666433,0.1577766494118812,0.5602461905421042,0.44668110447060905,0.5537764692592816,1-3,1-2,0.18728112336287123,0.36372260820377206,0.12107626351495983,0.08330804754720254,0.012002224213159232,False,False,True,False,サンライズＶ,2026-08-13,1号艇の級別順位,0.0866,1号艇のモーター2連率,0.0732,6号艇のモーター出走数,-0.0675,場特性:in_escape_diff,0.064,1号艇のモーター2連率順位,0.061,3号艇のsession_exh_rel_avg,-0.1805,3号艇のwin_rate_rank_2to6,0.1603,6号艇のモーター出走数,0.0806,4号艇のモーター出走数,-0.0577,3号艇のracer_2nd_te,-0.0536,2号艇のsession_exh_rel_avg,-0.0766,2号艇のclass_rank_2to6,-0.059,2号艇の体重,-0.0576,2号艇の全国勝率,0.0556,2号艇の女子戦比率,-0.0516,0.053,北西 2.2m/s,[逃げ]1号艇の級別順位が有利(+8.7pt)、1号艇のモーター2連率が有利(+7.3pt) / [2着]3号艇のsession_exh_rel_avgが不利(-18.0pt)、3号艇のwin_rate_rank_2to6が有利(+16.0pt) / [候補2]2号艇のsession_exh_rel_avgが不利(-7.7pt)、2号艇のclass_rank_2to6が不利(-5.9pt) / [除外]6号艇の直近平均着順が不利(-9.1pt)、6号艇のwin_rate_rank_2to6が不利(-9.1pt)、天気+5.3pt
32,03,江戸川,9,14:52,0.7099991304639391,2,0.5701816318024603,3,0.16350271600964744,0.5209152489815988,0.12287930696597901,0.6108050408461287,0.4441036032421557,0.5478821865409578,1-2,1-3,0.4048284627862567,0.11608678619534206,0.08724420109785656,0.07314466174210224,0.02869501599742868,True,True,False,False,予選,2026-08-13,1号艇のsession_exh_rel_avg,0.1751,場特性:in_escape_diff,-0.1371,1号艇の節間得点,0.1128,風速区分,0.0778,1号艇のモーター2連率順位,0.0668,2号艇のwin_rate_rank_2to6,0.2041,2号艇のclass_rank_2to6,0.1144,2号艇の当地勝率,0.0955,4号艇のモーター2連率,0.0624,2号艇の全国勝率,0.0559,3号艇のwin_rate_rank_2to6,-0.1063,3号艇のracer_2nd_te,-0.0497,3号艇のcumulative_diff_rank_2to6,-0.0452,場特性:1x_diff_course3,-0.042,3号艇のracer_avgfin_te,-0.041,0.0175,北東 1.8m/s,[逃げ]1号艇のsession_exh_rel_avgが有利(+17.5pt)、場特性:in_escape_diffが不利(-13.7pt) / [2着]2号艇のwin_rate_rank_2to6が有利(+20.4pt)、2号艇のclass_rank_2to6が有利(+11.4pt) / [候補2]3号艇のwin_rate_rank_2to6が不利(-10.6pt)、3号艇のracer_2nd_teが不利(-5.0pt) / [除外]6号艇のwin_rate_rank_2to6が不利(-6.8pt)、4号艇のwin_rate_rank_2to6が不利(-5.0pt)、天気+1.7pt
33,24,大村,1,15:19,0.5108418434530166,2,0.7488394667621481,3,0.1749829175769408,0.4719271298389414,0.05164811802002749,0.8721742663190615,0.442678152120412,0.5920012707829774,1-2,1-3,0.3825385336511497,0.0893885961877917,0.026384019820229813,0.01011003135692554,0.002420668621780909,True,False,False,False,予選,2026-08-13,1号艇の女子戦比率,-0.2277,場特性:in_escape_diff,0.137,1号艇のsession_exh_rel_avg,0.1099,2号艇のsession_avg_finish,-0.1001,1号艇のdominance,-0.0652,2号艇のwin_rate_rank_2to6,0.2354,2号艇のclass_rank_2to6,0.1179,全艇平均勝率,0.103,4号艇のracer_2nd_te,0.0697,2号艇のsession_exh_rel_avg,0.067,3号艇のモーター2連率,0.096,3号艇の女子戦比率,-0.0795,3号艇のwin_rate_rank_2to6,0.0701,3号艇のsession_exh_rel_avg,0.0688,3号艇の当地勝率,-0.0678,0.079,南 2.9m/s,[逃げ]1号艇の女子戦比率が不利(-22.8pt)、場特性:in_escape_diffが有利(+13.7pt) / [2着]2号艇のwin_rate_rank_2to6が有利(+23.5pt)、2号艇のclass_rank_2to6が有利(+11.8pt) / [候補2]3号艇のモーター2連率が有利(+9.6pt)、3号艇の女子戦比率が不利(-8.0pt) / [除外]6号艇の全国勝率が不利(-13.0pt)、6号艇の直近平均着順が不利(-9.8pt)、天気+7.9pt
34,07,蒲郡,11,20:13,0.8551616078066753,3,0.4783170962424885,2,0.18853682026355334,0.5702678674114852,0.18677486642731767,0.4800790500787242,0.4424538216951994,0.5432112222116569,1-3,1-2,0.16122945034733843,0.40903841706414673,0.159722695071862,0.09505328286983833,0.03011777838211604,False,False,False,False,予選特賞,2026-08-13,1号艇のdominance,0.2304,1号艇のracer_win_te,0.1526,1号艇のsession_exh_rel_avg,0.1481,1号艇の全国勝率,0.1367,3号艇の直近1着率,-0.0875,3号艇のwin_rate_rank_2to6,0.2253,3号艇のsession_exh_rel_avg,-0.1087,3号艇の当地勝率,0.1041,3号艇の節間得点,0.098,2号艇のvs_boat3_diff,0.0664,2号艇のsession_exh_rel_avg,-0.163,2号艇のwin_rate_rank_2to6,-0.143,レース時間帯,-0.0851,1号艇vs2号艇のplace_rate差,-0.0685,2号艇のclass_rank_2to6,-0.0623,0.1006,東 2.0m/s,[逃げ]1号艇のdominanceが有利(+23.0pt)、1号艇のracer_win_teが有利(+15.3pt) / [2着]3号艇のwin_rate_rank_2to6が有利(+22.5pt)、3号艇のsession_exh_rel_avgが不利(-10.9pt) / [候補2]2号艇のsession_exh_rel_avgが不利(-16.3pt)、2号艇のwin_rate_rank_2to6が不利(-14.3pt) / [除外]4号艇のwin_rate_rank_2to6が不利(-5.1pt)、天気+10.1pt
35,08,常滑,9,14:32,0.6859614103908118,2,0.617912650742566,5,0.1419600522145856,0.5212433510379662,0.13543488986225463,0.624437813094897,0.4365299080308548,0.5522016896550453,1-2,1-5,0.42386423340169566,0.09290310806603645,0.05770510105816843,0.09737911763627043,0.014109866838775848,True,True,False,False,予選,2026-08-13,1号艇のsession_exh_rel_avg,0.1825,1号艇のracer_win_te,0.1,場特性:in_escape_diff,0.0788,1号艇の勝率順位,-0.0501,1号艇のsession_exh_rel_last,0.0448,2号艇のwin_rate_rank_2to6,0.2485,2号艇のclass_rank_2to6,0.1234,2号艇のracer_avgfin_te,0.089,6号艇のsession_rank_diff_last,-0.0857,2号艇のsession_exh_rel_avg,-0.0848,5号艇のclass_rank_2to6,0.1099,5号艇のwin_rate_rank_2to6,0.0768,1号艇vs4号艇の勝率差,0.0731,4号艇の年齢,-0.0643,5号艇のracer_avgfin_te,0.0598,0.0588,南 2.7m/s,[逃げ]1号艇のsession_exh_rel_avgが有利(+18.2pt)、1号艇のracer_win_teが有利(+10.0pt) / [2着]2号艇のwin_rate_rank_2to6が有利(+24.9pt)、2号艇のclass_rank_2to6が有利(+12.3pt) / [候補2]5号艇のclass_rank_2to6が有利(+11.0pt)、5号艇のwin_rate_rank_2to6が有利(+7.7pt) / [除外]6号艇のsession_exh_rel_avgが不利(-7.0pt)、4号艇のwin_rate_rank_2to6が不利(-5.4pt)、天気+5.9pt
36,21,芦屋,12,14:02,0.795592659945791,2,0.4663545821957843,3,0.23882381778579556,0.561034758977662,0.1910563608118035,0.5141220391697763,0.4324076477706227,0.5469609430352962,1-2,1-3,0.37102828252705206,0.19000647645061,0.15200303829782552,0.06976451092574992,0.012790336184531933,True,True,False,False,あしや特選,2026-08-13,1号艇のracer_win_te,0.1912,1号艇のsession_exh_rel_avg,0.1215,風速区分,0.1038,1号艇のdominance,0.0951,1号艇の節間得点,0.091,2号艇のwin_rate_rank_2to6,0.1527,2号艇のclass_rank_2to6,0.0867,2号艇のsession_exh_rel_avg,0.0827,1号艇の一般戦勝率,-0.0598,2号艇の節間得点,0.0586,4号艇のモーター出走数,-0.0831,6号艇のモーター出走数,0.0819,全艇平均勝率,-0.0743,3号艇のモーター2連率,0.0705,3号艇のwin_rate_rank_2to6,-0.0647,0.1448,南西 0.5m/s,[逃げ]1号艇のracer_win_teが有利(+19.1pt)、1号艇のsession_exh_rel_avgが有利(+12.2pt) / [2着]2号艇のwin_rate_rank_2to6が有利(+15.3pt)、2号艇のclass_rank_2to6が有利(+8.7pt) / [候補2]4号艇のモーター出走数が不利(-8.3pt)、6号艇のモーター出走数が有利(+8.2pt) / [除外]6号艇のwin_rate_rank_2to6が不利(-7.9pt)、6号艇のsession_exh_rel_avgが不利(-6.0pt)、天気+14.5pt
37,13,尼崎,10,15:12,0.7239099945435499,3,0.3849083476832859,2,0.3117153494340749,0.5042928567791363,0.12070740150986577,0.575916295607495,0.43124660036898055,0.5257798884276439,1-3,1-2,0.2256538569079619,0.2786389998711743,0.07956703655493624,0.08738129436837301,0.05266879875077978,True,False,False,False,準優勝戦,2026-08-13,1号艇のsession_exh_rel_avg,0.1296,1号艇の節間得点,0.0987,1号艇の級別順位,-0.0962,風速区分,0.0831,レース時間帯,0.0817,3号艇のwin_rate_rank_2to6,0.1879,3号艇の当地勝率,0.0889,3号艇のsession_exh_rel_avg,0.0625,6号艇の直近1着率,0.0466,3号艇の全国勝率,0.0331,2号艇のwin_rate_rank_2to6,-0.1282,3号艇の女子戦2連率,-0.0616,2号艇のsession_exh_rel_avg,-0.0574,2号艇の全国勝率,0.0536,2号艇のclass_rank_2to6,-0.0454,0.1922,北東 1.7m/s,[逃げ]1号艇のsession_exh_rel_avgが有利(+13.0pt)、1号艇の節間得点が有利(+9.9pt) / [2着]3号艇のwin_rate_rank_2to6が有利(+18.8pt)、3号艇の当地勝率が有利(+8.9pt) / [候補2]2号艇のwin_rate_rank_2to6が不利(-12.8pt)、3号艇の女子戦2連率が不利(-6.2pt) / [除外]勝率のレンジ(2-6号艇)が不利(-9.1pt)、3号艇のracer_win_teが不利(-5.9pt)、天気+19.2pt
38,07,蒲郡,10,19:42,0.729851476373683,3,0.44288870665677216,2,0.2986503683142806,0.541213388656398,0.18714588496168855,0.5543931900093642,0.41967035836853894,0.5451673290622878,1-3,1-2,0.21797041223372188,0.32324297642267613,0.13658870043654783,0.048554807761718055,0.003494585296699889,True,False,False,False,予選,2026-08-13,1号艇のdominance,0.2364,3号艇のracer_win_te,-0.1416,1号艇の全国勝率,0.1042,風速区分,0.0954,1号艇のsession_exh_rel_avg,-0.0891,3号艇のwin_rate_rank_2to6,0.1539,3号艇のsession_exh_rel_avg,-0.1384,3号艇の当地勝率,0.1241,3号艇のsession_exh_rel_last,-0.0585,3号艇のclass_rank_2to6,0.0547,1号艇vs2号艇のcumulative差,-0.0658,2号艇のwin_rate_rank_2to6,0.0619,2号艇の全国勝率,0.0582,1号艇のsession_exh_rel_last,-0.0575,2号艇のモーター2連率,-0.0456,0.1498,東 2.0m/s,[逃げ]1号艇のdominanceが有利(+23.6pt)、3号艇のracer_win_teが不利(-14.2pt) / [2着]3号艇のwin_rate_rank_2to6が有利(+15.4pt)、3号艇のsession_exh_rel_avgが不利(-13.8pt) / [候補2]1号艇vs2号艇のcumulative差が不利(-6.6pt)、2号艇のwin_rate_rank_2to6が有利(+6.2pt) / [除外]6号艇のwin_rate_rank_2to6が不利(-7.1pt)、6号艇のsession_exh_rel_avgが不利(-6.3pt)、天気+15.0pt
39,08,常滑,4,12:07,0.6498012090313213,2,0.4179356203581539,3,0.33406109358475866,0.4886483739076853,0.1192772678915016,0.632719446051411,0.41870680230848495,0.5318696955508029,1-2,1-3,0.2715750714059837,0.21707330250170156,0.07750651288585055,0.022613191924400967,0.061033126682337346,True,True,False,False,予選,2026-08-13,1号艇のdominance,0.1335,5号艇の枠別出走数,-0.1269,1号艇のsession_exh_rel_avg,0.113,1号艇の級別順位,0.0989,3号艇のsession_exh_rel_avg,-0.0961,2号艇のwin_rate_rank_2to6,-0.1304,2号艇のsession_exh_rel_avg,0.0819,2号艇の節間得点,0.0671,2号艇のclass_rank_2to6,-0.0521,2号艇のsession_avg_finish,0.0495,3号艇のsession_exh_rel_avg,0.114,3号艇のwin_rate_rank_2to6,-0.061,3号艇の節間得点,0.0373,3号艇のclass_rank_2to6,0.0372,3号艇のsession_exh_rel_last,0.0336,-0.0301,南 5.5m/s,[逃げ]1号艇のdominanceが有利(+13.3pt)、5号艇の枠別出走数が不利(-12.7pt) / [2着]2号艇のwin_rate_rank_2to6が不利(-13.0pt)、2号艇のsession_exh_rel_avgが有利(+8.2pt) / [候補2]3号艇のsession_exh_rel_avgが有利(+11.4pt)、3号艇のwin_rate_rank_2to6が不利(-6.1pt) / [除外]5号艇のracer_avgfin_teが不利(-5.8pt)、天気-3.0pt
40,07,蒲郡,12,20:41,0.8119566433186982,2,0.31695359869947026,3,0.3145232446233506,0.5127318180378851,0.16361891755182845,0.4678579257709924,0.41206066796379737,0.49926965035781734,1-2,1-3,0.2573525800878036,0.25537923795008155,0.13285146707882145,0.09421004678868253,0.07216331746285758,False,False,False,False,予選特選,2026-08-13,1号艇のdominance,0.2486,5号艇の枠別出走数,-0.188,3号艇のsession_exh_rel_avg,-0.1238,1号艇のvs_max234_diff,0.1049,1号艇の全国勝率,0.1004,2号艇のsession_exh_rel_avg,-0.1332,2号艇の枠別出走数,-0.1208,レース時間帯,-0.0845,2号艇のclass_rank_2to6,0.08,2号艇のwin_rate_rank_2to6,0.0785,3号艇のwin_rate_rank_2to6,-0.1242,3号艇のsession_exh_rel_avg,0.1152,場特性:1x_diff_course3,0.0761,3号艇のcumulative_diff_rank_2to6,-0.0669,3号艇のsession_exh_rel_last,0.0661,0.1158,東 2.0m/s,[逃げ]1号艇のdominanceが有利(+24.9pt)、5号艇の枠別出走数が不利(-18.8pt) / [2着]2号艇のsession_exh_rel_avgが不利(-13.3pt)、2号艇の枠別出走数が不利(-12.1pt) / [候補2]3号艇のwin_rate_rank_2to6が不利(-12.4pt)、3号艇のsession_exh_rel_avgが有利(+11.5pt)、天気+11.6pt
41,23,唐津,1,08:44,0.8875825193048782,3,0.37521790417179124,4,0.2504016762046362,0.5552890032769703,0.21564855826528517,0.40997102211114234,0.41159227570427526,0.5116936089272219,1-3,1-4,0.19140589062956662,0.33303685267309485,0.22225215060387538,0.0984977252141778,0.04238991341017376,False,False,True,False,朝１戦,2026-08-13,1号艇のdominance,0.2893,1号艇のsession_exh_rel_avg,0.1283,1号艇のracer_win_te,0.1226,1号艇vs5号艇のcumulative差,0.1194,1号艇のvs_max234_diff,0.1125,3号艇のsession_exh_rel_avg,0.069,3号艇の全国勝率,-0.0639,3号艇のracer_avgfin_te,-0.0629,3号艇のwin_rate_rank_2to6,-0.0573,1号艇の体重,0.0506,4号艇のwin_rate_rank_2to6,0.1371,4号艇のclass_rank_2to6,-0.0953,4号艇の年齢,-0.061,4号艇のcumulative_diff_rank_2to6,0.041,max_234_win_rate,0.0385,0.1322,東 2.0m/s,[逃げ]1号艇のdominanceが有利(+28.9pt)、1号艇のsession_exh_rel_avgが有利(+12.8pt) / [2着]3号艇のsession_exh_rel_avgが有利(+6.9pt)、3号艇の全国勝率が不利(-6.4pt) / [候補2]4号艇のwin_rate_rank_2to6が有利(+13.7pt)、4号艇のclass_rank_2to6が不利(-9.5pt) / [除外]6号艇のsession_exh_rel_avgが不利(-10.5pt)、1号艇vs6号艇のcumulative差が不利(-8.0pt)、天気+13.2pt
42,23,唐津,2,09:10,0.5713239292333989,2,0.7047582191888528,3,0.13219051589052183,0.47816883989247144,0.119919798890225,0.7170289361891498,0.4093585465538986,0.5498268687814749,1-2,1-3,0.4026452349465084,0.075523604945963,0.06851305069484234,0.022901271011670683,0.0017407773449999778,False,False,True,False,モー２ング戦,2026-08-13,1号艇のdominance,-0.2492,1号艇のvs_max234_diff,-0.1333,1号艇の年齢,-0.1032,1号艇の節間得点,0.1017,1号艇の全国勝率,-0.0728,2号艇のwin_rate_rank_2to6,0.2207,2号艇のclass_rank_2to6,0.1221,2号艇の当地勝率,0.1145,win_rate_gap_top2_2to6,-0.0713,2号艇の全国勝率,0.0712,3号艇のwin_rate_rank_2to6,-0.1331,3号艇の節間得点,-0.1192,3号艇のsession_exh_rel_avg,-0.0972,1号艇vs3号艇のcumulative差,-0.0536,3号艇のcumulative_diff_rank_2to6,-0.0518,0.0823,東 2.0m/s,[逃げ]1号艇のdominanceが不利(-24.9pt)、1号艇のvs_max234_diffが不利(-13.3pt) / [2着]2号艇のwin_rate_rank_2to6が有利(+22.1pt)、2号艇のclass_rank_2to6が有利(+12.2pt) / [候補2]3号艇のwin_rate_rank_2to6が不利(-13.3pt)、3号艇の節間得点が不利(-11.9pt) / [除外]6号艇の全国勝率が不利(-14.0pt)、6号艇のwin_rate_rank_2to6が不利(-9.7pt)、天気+8.2pt
43,02,戸田,12,16:30,0.794976418722714,2,0.3251118805128939,4,0.31621389587413345,0.5098388689467231,0.18726842293224627,0.4540573534547811,0.3952668038220675,0.49310441429914054,1-2,1-4,0.2584562784543473,0.1488739802025277,0.25138259049237577,0.05902532851847659,0.07723824401650452,True,False,False,False,記者選抜戦,2026-08-13,1号艇のdominance,0.1564,1号艇のracer_win_te,0.1505,場特性:in_escape_diff,-0.1457,1号艇のsession_exh_rel_avg,0.1318,1号艇の勝率順位,0.0812,2号艇のsession_exh_rel_avg,-0.1232,3号艇のsession_exh_rel_avg,-0.0568,レース時間帯,-0.0547,3号艇の全国勝率,-0.0525,2号艇のwin_rate_rank_2to6,0.0503,4号艇のclass_rank_2to6,0.2077,4号艇のwin_rate_rank_2to6,0.1957,4号艇のsession_exh_rel_avg,-0.1498,4号艇の全国勝率,0.0857,4号艇のcumulative_diff_rank_2to6,-0.0714,0.0913,北東 1.4m/s,[逃げ]1号艇のdominanceが有利(+15.6pt)、1号艇のracer_win_teが有利(+15.0pt) / [2着]2号艇のsession_exh_rel_avgが不利(-12.3pt)、3号艇のsession_exh_rel_avgが不利(-5.7pt) / [候補2]4号艇のclass_rank_2to6が有利(+20.8pt)、4号艇のwin_rate_rank_2to6が有利(+19.6pt) / [除外]4号艇の一般戦2連率が不利(-6.7pt)、天気+9.1pt
44,12,住之江,8,18:28,0.8334527617795426,3,0.3581059473036532,4,0.2812257015785339,0.5328527284539276,0.21530817700538096,0.4240234718768061,0.39517966896301754,0.5002039514807911,1-3,1-4,0.17944919475885338,0.2984643907899091,0.23438833766401854,0.09349803631979156,0.027652783617849012,True,False,False,False,予選,2026-08-13,1号艇のracer_win_te,0.1862,1号艇のdominance,0.1756,1号艇の勝率順位,0.0974,1号艇の級別順位,0.0843,6号艇の枠別勝率,0.0773,3号艇のwin_rate_rank_2to6,-0.0784,3号艇の全国勝率,0.0463,3号艇のcumulative_diff_rank_2to6,0.0434,3号艇のclass_rank_2to6,0.0407,場特性:1x_diff_course3,0.0396,4号艇のwin_rate_rank_2to6,0.2094,4号艇のclass_rank_2to6,0.2042,1号艇の女子戦2連率,-0.1455,4号艇のcumulative_diff_rank_2to6,0.0667,4号艇のモーター2連率,0.0438,0.0714,東 1.6m/s,[逃げ]1号艇のracer_win_teが有利(+18.6pt)、1号艇のdominanceが有利(+17.6pt) / [2着]3号艇のwin_rate_rank_2to6が不利(-7.8pt)、3号艇の全国勝率が有利(+4.6pt) / [候補2]4号艇のwin_rate_rank_2to6が有利(+20.9pt)、4号艇のclass_rank_2to6が有利(+20.4pt) / [除外]6号艇のwin_rate_rank_2to6が不利(-7.9pt)、2号艇のwin_rate_rank_2to6が不利(-5.1pt)、天気+7.1pt
45,21,芦屋,10,12:51,0.7347206441662143,4,0.39119495231205226,2,0.3081116182654246,0.5137949740043499,0.19510794418548338,0.5041986263919934,0.3935003966713628,0.510916069720643,1-4,1-2,0.2263759666470675,0.14334983443390414,0.28741900735728254,0.05113762264461548,0.02643822266301159,True,True,False,False,予選,2026-08-13,1号艇のdominance,0.2534,レース時間帯,0.0923,1号艇の勝率順位,0.0866,2号艇のモーター出走数,-0.0844,1号艇の全国勝率,0.0791,4号艇のwin_rate_rank_2to6,0.1702,4号艇のsession_exh_rel_avg,0.1315,6号艇のモーター出走数,0.1069,1号艇のモーター出走数,0.0838,4号艇の全国勝率,0.0714,2号艇のwin_rate_rank_2to6,-0.1338,2号艇のsession_exh_rel_avg,-0.1006,2号艇のclass_rank_2to6,0.0934,2号艇の一般戦勝率,-0.0756,2号艇の全国勝率,0.0706,0.1732,北東 1.0m/s,[逃げ]1号艇のdominanceが有利(+25.3pt)、レース時間帯が有利(+9.2pt) / [2着]4号艇のwin_rate_rank_2to6が有利(+17.0pt)、4号艇のsession_exh_rel_avgが有利(+13.2pt) / [候補2]2号艇のwin_rate_rank_2to6が不利(-13.4pt)、2号艇のsession_exh_rel_avgが不利(-10.1pt) / [除外]6号艇のwin_rate_rank_2to6が不利(-8.2pt)、天気+17.3pt
46,19,下関,7,20:25,0.6223352787832598,2,0.580635795802102,3,0.15955996893564361,0.4606499376022531,0.1214910152260683,0.6187047495116773,0.3934921433025058,0.5080663811750803,1-2,1-3,0.36135013985204106,0.09929979775021204,0.03732080859991652,0.048756387750713795,0.07560814483037648,False,False,False,False,ふく～る戦,2026-08-13,場特性:in_escape_diff,0.1102,4号艇の直近複勝率,-0.0927,1号艇のracer_win_te,0.08,1号艇のモーター2連率順位,0.0738,1号艇の勝率順位,-0.0733,2号艇のwin_rate_rank_2to6,0.2392,2号艇のclass_rank_2to6,0.1439,2号艇の当地勝率,0.1075,2号艇の全国勝率,0.0636,6号艇のsession_rank_diff_delta,-0.0545,3号艇のwin_rate_rank_2to6,-0.1219,3号艇の全国勝率,-0.0745,3号艇のsession_exh_rel_avg,-0.0745,3号艇の一般戦勝率,-0.0501,3号艇のモーター2連率,0.0488,0.091,北 1.5m/s,[逃げ]場特性:in_escape_diffが有利(+11.0pt)、4号艇の直近複勝率が不利(-9.3pt) / [2着]2号艇のwin_rate_rank_2to6が有利(+23.9pt)、2号艇のclass_rank_2to6が有利(+14.4pt) / [候補2]3号艇のwin_rate_rank_2to6が不利(-12.2pt)、3号艇の全国勝率が不利(-7.5pt)、天気+9.1pt
47,12,住之江,12,20:36,0.794314273087795,2,0.3441034624947801,3,0.31658481504212843,0.5247941289093568,0.20921077374619027,0.45147750379071827,0.39304302598945545,0.5027991413737652,1-2,1-3,0.27332629167853456,0.2514678372308223,0.16617910367034028,0.08733304083007495,0.01600799597920888,False,False,False,False,摂河泉ドリー,2026-08-13,race_no,0.171,1号艇のracer_win_te,0.1261,1号艇のdominance,0.1156,風速区分,0.097,1号艇の級別順位,0.0918,2号艇のwin_rate_rank_2to6,-0.125,2号艇の全国勝率,0.0533,1号艇の女子戦2連率,0.0487,2号艇のclass_rank_2to6,-0.0486,2号艇のモーター2連率,0.0391,3号艇のwin_rate_rank_2to6,0.1431,3号艇の全国勝率,0.1405,3号艇の当地勝率,0.0862,local_win_rateの分散(2-6号艇),0.0718,5号艇の一般戦2連率,-0.0504,0.1652,東 0.9m/s,[逃げ]race_noが有利(+17.1pt)、1号艇のracer_win_teが有利(+12.6pt) / [2着]2号艇のwin_rate_rank_2to6が不利(-12.5pt)、2号艇の全国勝率が有利(+5.3pt) / [候補2]3号艇のwin_rate_rank_2to6が有利(+14.3pt)、3号艇の全国勝率が有利(+14.1pt) / [除外]local_win_rateの分散(2-6号艇)が不利(-11.4pt)、3号艇の女子戦2連率が不利(-6.6pt)、天気+16.5pt
48,04,平和島,1,11:55,0.6946723789586033,2,0.4397589957036041,3,0.22442245411484937,0.46138850780555934,0.12372819666923189,0.5404532531492217,0.39288438616393173,0.48510793140865804,1-2,1-3,0.3054884277138689,0.1559000800916904,0.07337111409519731,0.07396220668479861,0.08595056072447325,True,True,False,False,予選,2026-08-13,場特性:in_escape_diff,-0.1449,5号艇の平均ST,0.1069,1号艇の節間得点,0.1058,1号艇の級別順位,-0.0871,1号艇のdominance,0.0758,2号艇のwin_rate_rank_2to6,0.089,2号艇のモーター2連率,0.0821,2号艇のsession_exh_rel_avg,-0.0718,3号艇のsession_exh_rel_avg,-0.0484,2号艇の全国勝率,0.0444,3号艇のsession_exh_rel_last,-0.1751,3号艇のwin_rate_rank_2to6,-0.0723,3号艇のracer_2nd_te,-0.04,3号艇のモーター2連率,-0.0357,3号艇のclass_rank_2to6,0.0311,0.0113,北東 1.6m/s,[逃げ]場特性:in_escape_diffが不利(-14.5pt)、5号艇の平均STが有利(+10.7pt) / [2着]2号艇のwin_rate_rank_2to6が有利(+8.9pt)、2号艇のモーター2連率が有利(+8.2pt) / [候補2]3号艇のsession_exh_rel_lastが不利(-17.5pt)、3号艇のwin_rate_rank_2to6が不利(-7.2pt)、天気+1.1pt
49,06,浜名湖,12,17:04,0.7850132662188156,2,0.4048425995753242,3,0.2504344912399771,0.5144012093392831,0.19984928524304985,0.45542780557225143,0.3910379525217437,0.4967091882091736,1-2,1-3,0.31780681139714134,0.19659439794214179,0.1568843401601423,0.05920190831115959,0.05452579524842016,True,False,False,False,黒潮特選,2026-08-13,1号艇のdominance,0.2945,1号艇のsession_exh_rel_avg,0.1264,1号艇の級別順位,0.0765,1号艇の全国勝率,0.07,race_no,0.0694,2号艇のsession_exh_rel_avg,-0.1182,2号艇のwin_rate_rank_2to6,0.0826,4号艇の女子戦勝率,0.0648,2号艇の全国勝率,0.055,2号艇の当地勝率,0.0529,3号艇のwin_rate_rank_2to6,-0.1558,3号艇のsession_exh_rel_avg,0.1142,1号艇vs3号艇の勝率差,-0.0752,3号艇の全国勝率,-0.0687,3号艇のモーター2連率,0.0473,0.0049,北東 3.0m/s,[逃げ]1号艇のdominanceが有利(+29.5pt)、1号艇のsession_exh_rel_avgが有利(+12.6pt) / [2着]2号艇のsession_exh_rel_avgが不利(-11.8pt)、2号艇のwin_rate_rank_2to6が有利(+8.3pt) / [候補2]3号艇のwin_rate_rank_2to6が不利(-15.6pt)、3号艇のsession_exh_rel_avgが有利(+11.4pt)、天気+0.5pt
50,19,下関,11,22:05,0.7421321261331997,2,0.40255559829995047,4,0.26370929514184227,0.49445658193786735,0.17500731014694237,0.49125758329485036,0.3906163622705905,0.4934968823449622,1-2,1-4,0.2987494420531645,0.12987854716820263,0.19570713988470287,0.07838301144663154,0.03941401184474544,False,False,False,False,予選特選,2026-08-13,1号艇のdominance,0.1727,1号艇の級別順位,0.0868,場特性:in_escape_diff,0.0826,3号艇の平均ST,-0.0783,1号艇の勝率順位,0.0739,2号艇のwin_rate_rank_2to6,0.1851,6号艇のsession_rank_diff_last,-0.0747,2号艇のsession_exh_rel_avg,-0.0744,2号艇の全国勝率,0.0536,レース時間帯,-0.0501,2号艇のsession_rank_diff_last,-0.0955,4号艇のwin_rate_rank_2to6,0.0825,3号艇の年齢,0.0715,4号艇の年齢,-0.07,5号艇のsession_rank_diff_delta,0.0663,0.0437,北東 0.2m/s,[逃げ]1号艇のdominanceが有利(+17.3pt)、1号艇の級別順位が有利(+8.7pt) / [2着]2号艇のwin_rate_rank_2to6が有利(+18.5pt)、6号艇のsession_rank_diff_lastが不利(-7.5pt) / [候補2]2号艇のsession_rank_diff_lastが不利(-9.5pt)、4号艇のwin_rate_rank_2to6が有利(+8.3pt)、天気+4.4pt
51,06,浜名湖,7,14:35,0.509830792303446,2,0.46283587746354066,3,0.37384661647919976,0.4265664987932505,0.07257565522942835,0.7641068387133121,0.3894164870146385,0.527828600769269,1-2,1-3,0.23596798211369757,0.1905985166795529,0.03700130380756119,0.01936142704348193,0.026901562659152382,True,True,False,False,予選,2026-08-13,1号艇のracer_win_te,0.1029,1号艇の級別順位,-0.0822,1号艇の勝率順位,-0.0739,1号艇vs4号艇の枠別平均ST差,-0.071,1号艇の節間得点,-0.057,2号艇のwin_rate_rank_2to6,0.2252,2号艇のsession_exh_rel_avg,-0.1001,2号艇のclass_rank_2to6,0.0798,2号艇の全国勝率,0.0528,std_234_全国勝率,0.0383,3号艇のsession_exh_rel_avg,0.1027,3号艇の年齢,-0.0805,3号艇のモーター2連率,0.0501,3号艇のcumulative_diff_rank_2to6,0.0478,3号艇の全国勝率,0.0446,0.0018,南東 3.4m/s,[逃げ]1号艇のracer_win_teが有利(+10.3pt)、1号艇の級別順位が不利(-8.2pt) / [2着]2号艇のwin_rate_rank_2to6が有利(+22.5pt)、2号艇のsession_exh_rel_avgが不利(-10.0pt) / [候補2]3号艇のsession_exh_rel_avgが有利(+10.3pt)、3号艇の年齢が不利(-8.1pt) / [除外]5号艇のracer_avgfin_teが不利(-5.8pt)、天気影響ほぼなし
52,06,浜名湖,10,16:08,0.7239454451110214,2,0.39905843568324045,5,0.2599611993535984,0.47709426302364727,0.15720935340014158,0.5018102816366974,0.3870898463026097,0.48450906860756227,1-2,1-5,0.2888965368460114,0.09784339536023526,0.11381099532288137,0.18819772617763578,0.03519678735889722,True,False,False,False,予選,2026-08-13,1号艇のdominance,0.1733,1号艇のracer_win_te,0.1528,1号艇の年齢,-0.1128,1号艇のsession_exh_rel_avg,-0.0888,場特性:in_escape_diff,-0.0875,2号艇のwin_rate_rank_2to6,0.0831,1号艇の年齢,0.0623,2号艇のsession_exh_rel_avg,0.0604,2号艇の全国勝率,0.0515,2号艇のモーター2連率,-0.0439,5号艇のwin_rate_rank_2to6,0.1992,5号艇のclass_rank_2to6,0.1424,5号艇のsession_exh_rel_avg,0.1084,5号艇のモーター2連率,0.0996,5号艇のracer_avgfin_te,0.0555,-0.049,東 3.8m/s,[逃げ]1号艇のdominanceが有利(+17.3pt)、1号艇のracer_win_teが有利(+15.3pt) / [2着]2号艇のwin_rate_rank_2to6が有利(+8.3pt)、1号艇の年齢が有利(+6.2pt) / [候補2]5号艇のwin_rate_rank_2to6が有利(+19.9pt)、5号艇のclass_rank_2to6が有利(+14.2pt)、天気-4.9pt
53,03,江戸川,11,15:53,0.5637060974669864,2,0.5012627429837123,3,0.31374583036615133,0.4594253022851878,0.14616432865574774,0.6688442446941159,0.37884339323401367,0.5222509850078663,1-2,1-3,0.2825648646529455,0.1768604376322423,0.08239372329541357,0.011515608536681963,0.010371457574788781,True,False,False,False,予選バディ選,2026-08-13,1号艇のdominance,0.189,場特性:in_escape_diff,-0.1585,2号艇のsession_exh_rel_avg,-0.1401,1号艇vs2号艇のcumulative差,-0.1026,風速区分,0.1024,2号艇のsession_exh_rel_avg,0.1668,2号艇のwin_rate_rank_2to6,0.1628,2号艇のclass_rank_2to6,0.0823,2号艇の節間得点,0.0496,2号艇のモーター2連率,0.0459,3号艇のsession_exh_rel_avg,0.0656,3号艇のwin_rate_rank_2to6,0.065,3号艇のsession_exh_rel_last,0.0572,3号艇のcumulative_diff_rank_2to6,-0.0523,6号艇のsession_rank_diff_last,0.0515,0.1494,北東 1.8m/s,[逃げ]1号艇のdominanceが有利(+18.9pt)、場特性:in_escape_diffが不利(-15.9pt) / [2着]2号艇のsession_exh_rel_avgが有利(+16.7pt)、2号艇のwin_rate_rank_2to6が有利(+16.3pt) / [候補2]3号艇のsession_exh_rel_avgが有利(+6.6pt)、3号艇のwin_rate_rank_2to6が有利(+6.5pt) / [除外]1号艇のsession_exh_rel_deltaが不利(-6.8pt)、6号艇のsession_exh_rel_avgが不利(-6.4pt)、天気+14.9pt
54,13,尼崎,3,11:28,0.6211975628395452,2,0.4157653807767222,4,0.342820910963283,0.47123195563237946,0.17504790315725482,0.5835383885827504,0.37224615675141076,0.5049238855174908,1-2,1-4,0.25827244125155535,0.10873933082145942,0.2129595143808241,0.035615075091205296,0.005611212575939664,True,True,False,False,一般,2026-08-13,ST差分(6-5),0.103,6号艇の枠別出走数,-0.0724,ST差分(4-3),-0.0702,1号艇のdominance,0.0619,風速区分,0.0609,2号艇のモーター2連率,0.0798,2号艇の節間得点,0.0702,2号艇のwin_rate_rank_2to6,0.0565,2号艇のsession_exh_rel_avg,0.0527,2号艇のsession_avg_finish,0.0278,4号艇のclass_rank_2to6,0.2202,4号艇のwin_rate_rank_2to6,0.2118,4号艇のsession_exh_rel_avg,-0.0856,4号艇のracer_win_te,0.0642,級別の分散(2-6号艇),-0.0637,0.0593,北東 0.9m/s,[逃げ]ST差分(6-5)が有利(+10.3pt)、6号艇の枠別出走数が不利(-7.2pt) / [2着]2号艇のモーター2連率が有利(+8.0pt)、2号艇の節間得点が有利(+7.0pt) / [候補2]4号艇のclass_rank_2to6が有利(+22.0pt)、4号艇のwin_rate_rank_2to6が有利(+21.2pt) / [除外]6号艇のwin_rate_rank_2to6が不利(-8.9pt)、6号艇の直近平均着順が不利(-8.5pt)、天気+5.9pt
55,22,福岡,11,17:28,0.7574686705570108,2,0.4071992610668288,3,0.27399415154825413,0.5159826686457402,0.23358603943711634,0.4476073731779666,0.3713510510611573,0.49547008000540804,1-2,1-3,0.308440682932088,0.2075419857136522,0.17693410675311003,0.04274112644060275,0.021810775772034514,True,False,False,False,福岡選抜,2026-08-13,1号艇のdominance,0.2729,1号艇のsession_exh_rel_avg,0.1051,1号艇の勝率順位,0.0982,風速区分,0.0829,1号艇のracer_win_te,0.0789,2号艇のsession_exh_rel_avg,0.1019,場特性:1x_diff_course2,0.0479,2号艇の全国勝率,0.0465,2号艇のsession_avg_finish,0.0352,3号艇の女子戦2連率,-0.0335,3号艇のwin_rate_rank_2to6,-0.0941,3号艇のモーター2連率,0.0431,3号艇のcumulative_diff_rank_2to6,0.0424,1号艇のracer_win_te,-0.0369,6号艇のsession_rank_diff_last,0.033,0.0961,東 1.6m/s,[逃げ]1号艇のdominanceが有利(+27.3pt)、1号艇のsession_exh_rel_avgが有利(+10.5pt) / [2着]2号艇のsession_exh_rel_avgが有利(+10.2pt)、場特性:1x_diff_course2が有利(+4.8pt) / [候補2]3号艇のwin_rate_rank_2to6が不利(-9.4pt)、3号艇のモーター2連率が有利(+4.3pt)、天気+9.6pt
56,16,児島,6,13:22,0.5788643584704325,3,0.5014341354891574,2,0.27562554782993354,0.449812155077743,0.14538082544168862,0.6316788578774023,0.37133928019905443,0.5043721659176408,1-3,1-2,0.15954980592263598,0.290262349155107,0.08415577825320501,0.043930990510504295,0.0009654149514855393,True,True,False,False,一般,2026-08-13,1号艇のdominance,0.3084,1号艇の年齢,-0.2202,1号艇のsession_exh_rel_avg,-0.0801,5号艇の枠別出走数,-0.0752,1号艇の勝率順位,0.0652,3号艇のwin_rate_rank_2to6,0.1613,3号艇のclass_rank_2to6,0.0447,5号艇の直近平均着順,0.0389,3号艇のモーター2連率,0.0341,3号艇のcumulative_diff_rank_2to6,0.0341,2号艇のwin_rate_rank_2to6,-0.1427,2号艇のsession_exh_rel_avg,0.0999,1号艇の年齢,-0.0843,2号艇の全国勝率,-0.062,2号艇のsession_avg_finish,0.047,-0.0053,東 5.7m/s,[逃げ]1号艇のdominanceが有利(+30.8pt)、1号艇の年齢が不利(-22.0pt) / [2着]3号艇のwin_rate_rank_2to6が有利(+16.1pt)、3号艇のclass_rank_2to6が有利(+4.5pt) / [候補2]2号艇のwin_rate_rank_2to6が不利(-14.3pt)、2号艇のsession_exh_rel_avgが有利(+10.0pt) / [除外]5号艇の直近平均着順が不利(-31.0pt)、6号艇の節間得点が不利(-10.2pt)、天気-0.5pt
57,04,平和島,2,12:24,0.6488267536456689,3,0.44970914056164946,2,0.2951069653165336,0.4832566160399503,0.19562236979118042,0.5491937360870026,0.3698136507035483,0.503037752054066,1-3,1-2,0.19147329428455148,0.29178332175539884,0.12692502713208414,0.03704480283567367,0.0016002984228889615,True,True,False,False,東京ベイラン,2026-08-13,1号艇のdominance,0.3248,3号艇のsession_exh_rel_avg,-0.1228,場特性:in_escape_diff,-0.1152,1号艇のvs_max234_diff,0.0923,風速区分,0.0857,3号艇のsession_exh_rel_avg,0.1249,3号艇のsession_exh_rel_last,0.0542,3号艇のwin_rate_rank_2to6,0.0502,3号艇のcumulative_diff_rank_2to6,0.0482,3号艇の節間得点,0.044,2号艇のwin_rate_rank_2to6,-0.1322,2号艇の全国勝率,-0.0699,1号艇vs2号艇のplace_rate差,-0.0475,2号艇のモーター2連率,-0.037,3号艇の年齢,0.0288,0.0166,東 1.5m/s,[逃げ]1号艇のdominanceが有利(+32.5pt)、3号艇のsession_exh_rel_avgが不利(-12.3pt) / [2着]3号艇のsession_exh_rel_avgが有利(+12.5pt)、3号艇のsession_exh_rel_lastが有利(+5.4pt) / [候補2]2号艇のwin_rate_rank_2to6が不利(-13.2pt)、2号艇の全国勝率が不利(-7.0pt) / [除外]6号艇の直近平均着順が不利(-15.5pt)、6号艇の全国勝率が不利(-13.1pt)、天気+1.7pt
58,08,常滑,8,14:05,0.6359353858426257,2,0.5468200957068099,5,0.1607974797318198,0.44999905586558825,0.15123596565456077,0.5563816097840689,0.3683318057566208,0.4819138220411324,1-2,1-5,0.3477422485498116,0.09617630217181518,0.048596604594727276,0.1022568073157766,0.041163430317626676,True,True,False,False,予選,2026-08-13,1号艇のdominance,0.2203,1号艇の勝率順位,0.0827,1号艇vs2号艇のcumulative差,-0.0821,6号艇の枠別出走数,-0.076,6号艇の年齢,-0.0745,2号艇のclass_rank_2to6,0.1011,2号艇の節間得点,0.079,2号艇のwin_rate_rank_2to6,0.0564,2号艇の全国勝率,0.0547,3号艇の女子戦2連率,-0.0497,5号艇のwin_rate_rank_2to6,0.2262,5号艇のsession_exh_rel_avg,-0.1137,5号艇のclass_rank_2to6,0.1084,1号艇vs4号艇の直近複勝率差,-0.0812,4号艇のsession_exh_rel_delta,0.0638,-0.0091,南 4.2m/s,[逃げ]1号艇のdominanceが有利(+22.0pt)、1号艇の勝率順位が有利(+8.3pt) / [2着]2号艇のclass_rank_2to6が有利(+10.1pt)、2号艇の節間得点が有利(+7.9pt) / [候補2]5号艇のwin_rate_rank_2to6が有利(+22.6pt)、5号艇のsession_exh_rel_avgが不利(-11.4pt) / [除外]4号艇のwin_rate_rank_2to6が不利(-5.1pt)、天気-0.9pt
59,19,下関,10,21:42,0.6460815941779989,3,0.3768307196399599,2,0.3249768312573775,0.45342494128990884,0.15686129754435707,0.5449462533529803,0.368075151734258,0.4808813349088303,1-3,1-2,0.209961549209681,0.24346339208022785,0.056622446774756245,0.10134519718228764,0.03468900652420469,False,False,False,False,予選,2026-08-13,1号艇のsession_exh_rel_avg,0.1127,場特性:in_escape_diff,0.0972,1号艇の級別順位,0.092,1号艇の勝率順位,-0.0737,1号艇のモーター2連率,0.0617,3号艇のsession_exh_rel_avg,-0.1278,3号艇の当地勝率,0.0928,3号艇のwin_rate_rank_2to6,0.0565,場特性:1x_diff_course3,0.0373,3号艇のcumulative_diff_rank_2to6,-0.037,2号艇のwin_rate_rank_2to6,-0.1524,2号艇のsession_exh_rel_avg,0.0903,2号艇のclass_rank_2to6,-0.0553,場特性:in_escape_diff,0.0465,2号艇の全国勝率,0.0457,0.1135,北東 1.0m/s,[逃げ]1号艇のsession_exh_rel_avgが有利(+11.3pt)、場特性:in_escape_diffが有利(+9.7pt) / [2着]3号艇のsession_exh_rel_avgが不利(-12.8pt)、3号艇の当地勝率が有利(+9.3pt) / [候補2]2号艇のwin_rate_rank_2to6が不利(-15.2pt)、2号艇のsession_exh_rel_avgが有利(+9.0pt)、天気+11.3pt
60,12,住之江,11,20:08,0.7361219949139333,3,0.4483944173464064,4,0.22349439933277032,0.4945921360942376,0.21666072551751542,0.45522809116166135,0.3660017068445153,0.48278292261446465,1-3,1-4,0.15948872548745358,0.33007299300530746,0.16451914308893012,0.059626198811824564,0.02241491395340661,False,False,False,False,予選特別Ａ戦,2026-08-13,1号艇の級別順位,0.0879,3号艇の直近1着率,-0.0825,風速区分,0.0737,場特性:in_escape_diff,0.0719,1号艇のracer_win_te,0.0708,3号艇のwin_rate_rank_2to6,0.205,3号艇の全国勝率,0.061,3号艇の当地勝率,0.0607,3号艇のracer_avgfin_te,0.0527,2号艇のvs_boat3_diff,0.0441,4号艇の全国勝率,0.0907,4号艇のclass_rank_2to6,0.0669,4号艇のwin_rate_rank_2to6,0.0661,4号艇のracer_win_te,0.0336,4号艇のcumulative_diff_rank_2to6,0.0332,0.1613,東 0.9m/s,[逃げ]1号艇の級別順位が有利(+8.8pt)、3号艇の直近1着率が不利(-8.3pt) / [2着]3号艇のwin_rate_rank_2to6が有利(+20.5pt)、3号艇の全国勝率が有利(+6.1pt) / [候補2]4号艇の全国勝率が有利(+9.1pt)、4号艇のclass_rank_2to6が有利(+6.7pt) / [除外]3号艇のracer_win_teが不利(-6.8pt)、6号艇のwin_rate_rank_2to6が不利(-6.8pt)、天気+16.1pt
61,03,江戸川,12,16:25,0.7170568027178026,2,0.38301894714149914,4,0.3054228261401606,0.49365185680672125,0.21988721290591698,0.4685545603757427,0.36339457967984834,0.48612266787742764,1-2,1-4,0.2746463416176224,0.15767162184484557,0.21900551518909886,0.02754585015407572,0.038187475247782425,True,False,False,False,予選特別選抜,2026-08-13,1号艇のdominance,0.2598,1号艇のsession_exh_rel_avg,0.1337,場特性:in_escape_diff,-0.1008,1号艇のvs_max234_diff,0.083,風速区分,0.0814,2号艇のsession_exh_rel_avg,0.0963,2号艇の節間得点,0.0465,2号艇の全国勝率,0.0455,3号艇の全国勝率,-0.0433,1号艇の年齢,0.0378,4号艇のclass_rank_2to6,0.1684,4号艇のwin_rate_rank_2to6,0.0873,4号艇のモーター2連率,0.0518,4号艇のsession_exh_rel_avg,0.0482,4号艇の年齢,0.0476,0.0914,北東 1.7m/s,[逃げ]1号艇のdominanceが有利(+26.0pt)、1号艇のsession_exh_rel_avgが有利(+13.4pt) / [2着]2号艇のsession_exh_rel_avgが有利(+9.6pt)、2号艇の節間得点が有利(+4.7pt) / [候補2]4号艇のclass_rank_2to6が有利(+16.8pt)、4号艇のwin_rate_rank_2to6が有利(+8.7pt)、天気+9.1pt
62,22,福岡,8,15:46,0.8811382535747168,3,0.30067733614368686,2,0.278473487679817,0.5103119454602008,0.24204732282710273,0.3371035009964012,0.3620883772138023,0.45834941212106084,1-3,1-2,0.24537364260105435,0.2649383028591463,0.21327715531830896,0.08876753917002854,0.0687816169086744,True,False,False,False,予選,2026-08-13,1号艇のdominance,0.1569,1号艇のracer_win_te,0.1451,1号艇のvs_max234_diff,0.1277,1号艇の勝率順位,0.1001,1号艇の全国勝率,0.0807,3号艇のsession_exh_rel_avg,0.1576,3号艇の全国勝率,-0.1011,1号艇のracer_avgfin_te,0.1006,3号艇のwin_rate_rank_2to6,-0.0937,3号艇の当地勝率,-0.0769,2号艇のwin_rate_rank_2to6,-0.1408,2号艇のsession_exh_rel_avg,0.1014,1号艇vs2号艇のplace_rate差,-0.0898,3号艇のracer_2nd_te,0.0868,2号艇の全国勝率,-0.0793,0.0518,北西 2.8m/s,[逃げ]1号艇のdominanceが有利(+15.7pt)、1号艇のracer_win_teが有利(+14.5pt) / [2着]3号艇のsession_exh_rel_avgが有利(+15.8pt)、3号艇の全国勝率が不利(-10.1pt) / [候補2]2号艇のwin_rate_rank_2to6が不利(-14.1pt)、2号艇のsession_exh_rel_avgが有利(+10.1pt) / [除外]5号艇のracer_avgfin_teが不利(-5.1pt)、天気+5.2pt
63,04,平和島,11,17:08,0.6010016682218269,3,0.42951063821549096,2,0.32431044011861165,0.45304772561957213,0.16948469350925027,0.5843363848248524,0.36090613971353686,0.4924343233811562,1-3,1-2,0.1949111155330405,0.2581366100865316,0.10186058353712445,0.03577049524308971,0.010322877255474766,True,False,False,False,予選特別,2026-08-13,場特性:in_escape_diff,-0.1499,1号艇のdominance,0.1414,1号艇のracer_win_te,0.1343,1号艇のsession_exh_rel_avg,0.1268,3号艇のsession_exh_rel_avg,-0.1057,3号艇のwin_rate_rank_2to6,0.1893,3号艇のsession_exh_rel_avg,0.136,3号艇の当地勝率,0.0842,3号艇のclass_rank_2to6,0.0525,3号艇の節間得点,0.0469,2号艇のwin_rate_rank_2to6,0.0581,2号艇のsession_exh_rel_avg,-0.0501,2号艇の節間得点,0.0486,1号艇vs2号艇のcumulative差,0.0398,レース時間帯,-0.0381,0.0873,北東 3.6m/s,[逃げ]場特性:in_escape_diffが不利(-15.0pt)、1号艇のdominanceが有利(+14.1pt) / [2着]3号艇のwin_rate_rank_2to6が有利(+18.9pt)、3号艇のsession_exh_rel_avgが有利(+13.6pt) / [候補2]2号艇のwin_rate_rank_2to6が有利(+5.8pt)、2号艇のsession_exh_rel_avgが不利(-5.0pt) / [除外]6号艇のwin_rate_rank_2to6が不利(-7.1pt)、3号艇の一般戦勝率が不利(-5.7pt)、天気+8.7pt
64,02,戸田,11,15:55,0.7051692460012746,3,0.4248026490609579,2,0.2293567988054721,0.46129312461658056,0.1829054012613878,0.4712540466050422,0.36004551974804255,0.464281401213119,1-3,1-2,0.16173536087892082,0.29955776373765974,0.10652193097863025,0.12897926389705341,0.008374919284869985,True,False,False,False,予選特別,2026-08-13,1号艇のdominance,0.231,場特性:in_escape_diff,-0.1778,1号艇のvs_max234_diff,0.0905,1号艇のracer_win_te,0.0899,5号艇のsession_exh_rel_avg,-0.0854,3号艇のwin_rate_rank_2to6,0.2094,3号艇の当地勝率,0.0966,5号艇のsession_exh_rel_avg,-0.0723,3号艇の節間得点,-0.0592,3号艇のcumulative_diff_rank_2to6,-0.0464,2号艇のsession_exh_rel_avg,-0.1709,2号艇のwin_rate_rank_2to6,-0.1309,2号艇のモーター2連率,0.1309,2号艇のclass_rank_2to6,-0.0627,レース時間帯,-0.0545,0.1688,北東 1.5m/s,[逃げ]1号艇のdominanceが有利(+23.1pt)、場特性:in_escape_diffが不利(-17.8pt) / [2着]3号艇のwin_rate_rank_2to6が有利(+20.9pt)、3号艇の当地勝率が有利(+9.7pt) / [候補2]2号艇のsession_exh_rel_avgが不利(-17.1pt)、2号艇のwin_rate_rank_2to6が不利(-13.1pt) / [除外]4号艇の女子戦2連率が不利(-13.7pt)、6号艇のwin_rate_rank_2to6が不利(-7.5pt)、天気+16.9pt
65,13,尼崎,11,15:44,0.6649641232318926,2,0.41214962796132404,4,0.26947038960495706,0.4532528573582693,0.17152499220472595,0.5100950253615552,0.35995982596809306,0.47030550775925506,1-2,1-4,0.27406471599765253,0.1140579660537728,0.17918814136061678,0.05311346604669062,0.04453982138723783,True,False,False,False,準優勝戦,2026-08-13,1号艇のdominance,0.1285,1号艇の年齢,-0.1153,1号艇のsession_exh_rel_avg,-0.0761,1号艇の節間得点,0.0739,ST差分(4-3),-0.0722,2号艇のモーター2連率,0.0864,2号艇のclass_rank_2to6,0.0837,3号艇のracer_2nd_te,0.078,レース時間帯,-0.0684,2号艇のwin_rate_rank_2to6,0.0634,4号艇のwin_rate_rank_2to6,0.1758,4号艇のclass_rank_2to6,0.1283,4号艇の全国勝率,0.0907,4号艇のsession_exh_rel_avg,-0.0643,4号艇のcumulative_diff_rank_2to6,-0.0605,0.0236,北東 1.8m/s,[逃げ]1号艇のdominanceが有利(+12.9pt)、1号艇の年齢が不利(-11.5pt) / [2着]2号艇のモーター2連率が有利(+8.6pt)、2号艇のclass_rank_2to6が有利(+8.4pt) / [候補2]4号艇のwin_rate_rank_2to6が有利(+17.6pt)、4号艇のclass_rank_2to6が有利(+12.8pt) / [除外]3号艇のwin_rate_rank_2to6が不利(-5.3pt)、天気+2.4pt
66,06,浜名湖,11,16:35,0.705861875756711,3,0.469453406984369,2,0.21866176673423038,0.48571426725766553,0.2160550853538236,0.47206008836477575,0.35978502229375575,0.48161801358979855,1-3,1-2,0.15434500482330024,0.3313692624343654,0.1525050478146262,0.03650090839708502,0.03114166280549576,True,False,False,False,予選特選,2026-08-13,1号艇のdominance,0.1695,1号艇のsession_exh_rel_avg,0.1206,1号艇の勝率順位,0.0812,場特性:in_escape_diff,-0.0605,1号艇の節間得点,0.0567,3号艇のwin_rate_rank_2to6,0.159,3号艇の当地勝率,0.1248,3号艇のsession_exh_rel_avg,0.0999,3号艇のclass_rank_2to6,0.0491,3号艇の節間得点,0.0415,2号艇のwin_rate_rank_2to6,-0.1281,2号艇のsession_exh_rel_avg,0.0813,2号艇のモーター2連率,0.07,2号艇のsession_avg_finish,0.0654,2号艇のclass_rank_2to6,-0.058,0.041,東 3.1m/s,[逃げ]1号艇のdominanceが有利(+17.0pt)、1号艇のsession_exh_rel_avgが有利(+12.1pt) / [2着]3号艇のwin_rate_rank_2to6が有利(+15.9pt)、3号艇の当地勝率が有利(+12.5pt) / [候補2]2号艇のwin_rate_rank_2to6が不利(-12.8pt)、2号艇のsession_exh_rel_avgが有利(+8.1pt) / [除外]1号艇vs5号艇の枠別平均ST差が不利(-5.7pt)、天気+4.1pt
67,07,蒲郡,8,18:40,0.6553020972189636,4,0.45516842934798907,2,0.22505252168086656,0.445750215781487,0.18053938453826235,0.49968156649059325,0.3491796522435022,0.46192962099421886,1-4,1-2,0.14747738944188812,0.11830783731854425,0.2982728263395989,0.08299468277416558,0.008249373245570688,True,False,False,False,予選,2026-08-13,1号艇のsession_exh_rel_avg,0.1126,1号艇の級別順位,-0.0893,1号艇のracer_win_te,0.0851,1号艇の勝率順位,-0.0773,1号艇vs4号艇のcumulative差,-0.0705,4号艇のwin_rate_rank_2to6,0.1953,4号艇のclass_rank_2to6,0.1336,4号艇の全国勝率,0.1202,4号艇の節間得点,0.1132,4号艇のsession_exh_rel_avg,-0.0765,2号艇のwin_rate_rank_2to6,-0.1353,2号艇のsession_exh_rel_avg,0.0742,2号艇のclass_rank_2to6,-0.0733,2号艇の全国勝率,0.0466,1号艇のモーター出走数,0.044,0.029,東 2.0m/s,[逃げ]1号艇のsession_exh_rel_avgが有利(+11.3pt)、1号艇の級別順位が不利(-8.9pt) / [2着]4号艇のwin_rate_rank_2to6が有利(+19.5pt)、4号艇のclass_rank_2to6が有利(+13.4pt) / [候補2]2号艇のwin_rate_rank_2to6が不利(-13.5pt)、2号艇のsession_exh_rel_avgが有利(+7.4pt) / [除外]4号艇の女子戦2連率が不利(-12.4pt)、6号艇のvs_avg456_diffが不利(-5.8pt)、天気+2.9pt
68,24,大村,5,17:19,0.47527292760866435,2,0.5246455057470304,3,0.2924834442568367,0.38835926830213185,0.08778004930662396,0.7293489006972431,0.34745103343783723,0.4906561580206652,1-2,1-3,0.24934980547311947,0.13900946282901236,0.04171948101959208,0.025951070171591165,0.019243101918495563,True,False,False,False,予選,2026-08-13,場特性:in_escape_diff,0.1664,1号艇のdominance,-0.0999,3号艇のsession_exh_rel_avg,-0.0946,2号艇のsession_avg_finish,-0.0817,1号艇の一般戦勝率,0.0792,2号艇のwin_rate_rank_2to6,0.2177,2号艇のclass_rank_2to6,0.1351,2号艇のsession_exh_rel_avg,-0.0933,2号艇の女子戦比率,-0.0753,2号艇の体重,-0.0636,3号艇のwin_rate_rank_2to6,-0.135,3号艇のsession_exh_rel_avg,0.1109,3号艇のモーター2連率,0.1063,3号艇の全国勝率,-0.072,3号艇の当地勝率,-0.0551,-0.0305,南西 4.3m/s,[逃げ]場特性:in_escape_diffが有利(+16.6pt)、1号艇のdominanceが不利(-10.0pt) / [2着]2号艇のwin_rate_rank_2to6が有利(+21.8pt)、2号艇のclass_rank_2to6が有利(+13.5pt) / [候補2]3号艇のwin_rate_rank_2to6が不利(-13.5pt)、3号艇のsession_exh_rel_avgが有利(+11.1pt)、天気-3.1pt
69,13,尼崎,8,14:13,0.729686358729073,3,0.3333814787217344,2,0.2825602521139869,0.44944427876280024,0.19065830384140048,0.42528342699432087,0.34661593813063574,0.4421960232322564,1-3,1-2,0.20618036148662394,0.2432639172761763,0.13857570613835749,0.13912076349149274,0.00254561806656967,True,True,False,False,一般,2026-08-13,1号艇のdominance,0.2557,6号艇の枠別出走数,-0.0754,1号艇の勝率順位,0.0707,風速区分,0.0681,1号艇の級別順位,0.0668,6号艇の年齢,0.1404,3号艇のwin_rate_rank_2to6,-0.1055,3号艇のモーター2連率,0.0862,3号艇のcumulative_diff_rank_2to6,0.0579,3号艇のsession_exh_rel_avg,0.0475,2号艇のsession_exh_rel_avg,-0.0896,5号艇の当地2連率,0.0592,2号艇のwin_rate_rank_2to6,-0.0457,1号艇vs5号艇の直近複勝率差,0.0287,2号艇のracer_avgfin_te,-0.0273,0.0554,東 2.0m/s,[逃げ]1号艇のdominanceが有利(+25.6pt)、6号艇の枠別出走数が不利(-7.5pt) / [2着]6号艇の年齢が有利(+14.0pt)、3号艇のwin_rate_rank_2to6が不利(-10.5pt) / [候補2]2号艇のsession_exh_rel_avgが不利(-9.0pt)、5号艇の当地2連率が有利(+5.9pt) / [除外]6号艇の直近平均着順が不利(-14.4pt)、6号艇の全国勝率が不利(-13.8pt)、天気+5.5pt
70,16,児島,9,15:08,0.6822790891365829,6,0.31111014816883564,3,0.30053393092931974,0.41731196516287355,0.14223838276214523,0.4694056963360102,0.3460826303244018,0.4329400845148146,1-6,1-3,0.08512757812404041,0.20504801664909297,0.09704627423121708,0.08279326653507656,0.21226394851378053,True,False,False,False,一般,2026-08-13,1号艇のdominance,0.1574,1号艇のvs_max234_diff,0.1183,1号艇の勝率順位,0.0823,1号艇のracer_win_te,0.0618,2号艇の平均ST,-0.0548,6号艇のwin_rate_rank_2to6,0.4135,6号艇のclass_rank_2to6,0.1718,6号艇のvs_avg456_diff,0.155,2号艇のracer_win_te,0.1061,6号艇のsession_exh_rel_avg,0.0784,3号艇のsession_exh_rel_avg,0.0829,3号艇の節間得点,-0.0567,3号艇のcumulative_diff_rank_2to6,-0.0557,3号艇のwin_rate_rank_2to6,0.0488,1号艇のracer_2nd_te,0.039,0.0348,南東 4.0m/s,[逃げ]1号艇のdominanceが有利(+15.7pt)、1号艇のvs_max234_diffが有利(+11.8pt) / [2着]6号艇のwin_rate_rank_2to6が有利(+41.3pt)、6号艇のclass_rank_2to6が有利(+17.2pt) / [候補2]3号艇のsession_exh_rel_avgが有利(+8.3pt)、3号艇の節間得点が不利(-5.7pt) / [除外]2号艇のwin_rate_rank_2to6が不利(-6.0pt)、天気+3.5pt
71,24,大村,9,19:18,0.7592286445750392,4,0.3098557817177847,6,0.26734041894697197,0.43822388908456555,0.17644928464313792,0.4007469160216187,0.34543473899355903,0.4269807971656815,1-4,1-6,0.13396535121584488,0.07245247838099463,0.2352513851673329,0.11458693155032834,0.20297250391723268,True,False,False,False,予選,2026-08-13,場特性:in_escape_diff,0.1408,3号艇の枠別出走数,-0.1232,1号艇のvs_max234_diff,0.105,1号艇のsession_exh_rel_avg,0.1021,2号艇の全国2連率,-0.0806,3号艇の体重,0.2842,4号艇のsession_exh_rel_avg,0.1408,4号艇のwin_rate_rank_2to6,-0.0984,4号艇の女子戦比率,-0.084,4号艇の全国勝率,-0.082,6号艇のwin_rate_rank_2to6,0.3159,max_234_win_rate,0.1688,6号艇のvs_avg456_diff,0.155,mean_234_全国勝率,0.1429,6号艇の女子戦比率,-0.1152,0.0363,西 2.3m/s,[逃げ]場特性:in_escape_diffが有利(+14.1pt)、3号艇の枠別出走数が不利(-12.3pt) / [2着]3号艇の体重が有利(+28.4pt)、4号艇のsession_exh_rel_avgが有利(+14.1pt) / [候補2]6号艇のwin_rate_rank_2to6が有利(+31.6pt)、max_234_win_rateが有利(+16.9pt) / [除外]3号艇の全国勝率が不利(-6.8pt)、3号艇のsession_exh_rel_avgが不利(-5.8pt)、天気+3.6pt
72,12,住之江,7,17:59,0.6979980234463063,3,0.4065267009777651,5,0.25443402990513525,0.4613492837318905,0.21079866684593596,0.45016206403696446,0.34464710697867856,0.4579931178234127,1-3,1-5,0.14713705280357972,0.28375483376062766,0.07841901208839898,0.1775944499712628,0.01109267677262114,True,False,False,False,予選,2026-08-13,1号艇のracer_win_te,0.1205,1号艇の級別順位,0.0902,5号艇の直近平均着順,-0.0766,1号艇のvs_max234_diff,0.0759,風速区分,0.0615,3号艇のwin_rate_rank_2to6,0.0773,場特性:1x_diff_course3,0.0587,3号艇のclass_rank_2to6,0.0474,3号艇のcumulative_diff_rank_2to6,0.0391,3号艇の一般戦2連率,0.038,5号艇のwin_rate_rank_2to6,0.2691,5号艇のclass_rank_2to6,0.1677,5号艇の枠別勝率,0.0615,5号艇のracer_avgfin_te,0.0588,1号艇vs5号艇のlocal_win_rate差,0.0582,0.047,東 1.7m/s,[逃げ]1号艇のracer_win_teが有利(+12.0pt)、1号艇の級別順位が有利(+9.0pt) / [2着]3号艇のwin_rate_rank_2to6が有利(+7.7pt)、場特性:1x_diff_course3が有利(+5.9pt) / [候補2]5号艇のwin_rate_rank_2to6が有利(+26.9pt)、5号艇のclass_rank_2to6が有利(+16.8pt) / [除外]6号艇のwin_rate_rank_2to6が不利(-7.8pt)、6号艇のvs_avg456_diffが不利(-5.1pt)、天気+4.7pt
73,24,大村,11,20:18,0.7635798986852711,5,0.367312015705666,4,0.24304725218176607,0.4660580679351016,0.21849636066251382,0.3918629072249183,0.34385967789363486,0.44379951972204656,1-5,1-4,0.16683942893778275,0.12416688054881034,0.18558599619668648,0.28047207173841515,0.00651552161914597,False,False,False,False,予選特選,2026-08-13,1号艇のdominance,0.251,1号艇の女子戦比率,-0.1715,場特性:in_escape_diff,0.1648,4号艇のsession_exh_rel_avg,-0.148,1号艇のracer_win_te,0.0975,5号艇のwin_rate_rank_2to6,0.2771,5号艇のsession_exh_rel_avg,0.1708,5号艇のclass_rank_2to6,0.1678,5号艇の性別,-0.1083,5号艇のsession_rank_diff_last,0.0832,4号艇のsession_exh_rel_avg,0.1384,3号艇のモーター2連率,-0.0993,4号艇の年齢,0.0989,4号艇のwin_rate_rank_2to6,-0.0859,4号艇の節間得点,0.0714,0.1948,西 1.2m/s,[逃げ]1号艇のdominanceが有利(+25.1pt)、1号艇の女子戦比率が不利(-17.2pt) / [2着]5号艇のwin_rate_rank_2to6が有利(+27.7pt)、5号艇のsession_exh_rel_avgが有利(+17.1pt) / [候補2]4号艇のsession_exh_rel_avgが有利(+13.8pt)、3号艇のモーター2連率が不利(-9.9pt) / [除外]6号艇のwin_rate_rank_2to6が不利(-8.5pt)、6号艇の直近平均着順が不利(-7.9pt)、天気+19.5pt
74,16,児島,12,16:47,0.7432700311026831,3,0.35567829297153153,5,0.2801217456949264,0.4725711145147053,0.23465570907465005,0.4011443295918079,0.33950130255713035,0.45114307903783607,1-3,1-5,0.1744125561823373,0.26436501587949945,0.0834642669641811,0.20820609863520584,0.012822079596976189,True,False,False,False,優勝戦,2026-08-13,1号艇のdominance,0.1675,1号艇のracer_win_te,0.1607,1号艇の全国勝率,0.1257,3号艇のsession_exh_rel_avg,-0.1186,1号艇のsession_exh_rel_avg,0.1067,3号艇の節間得点,0.1245,3号艇のsession_exh_rel_avg,0.1163,3号艇の当地勝率,0.0749,1号艇のracer_avgfin_te,0.0665,3号艇のsession_exh_rel_last,0.0601,5号艇のwin_rate_rank_2to6,0.2133,5号艇の節間得点,0.1217,5号艇のモーター2連率,0.118,5号艇のsession_exh_rel_avg,0.1045,1号艇の当地勝率,-0.0763,0.157,東 3.1m/s,[逃げ]1号艇のdominanceが有利(+16.7pt)、1号艇のracer_win_teが有利(+16.1pt) / [2着]3号艇の節間得点が有利(+12.5pt)、3号艇のsession_exh_rel_avgが有利(+11.6pt) / [候補2]5号艇のwin_rate_rank_2to6が有利(+21.3pt)、5号艇の節間得点が有利(+12.2pt) / [除外]6号艇のsession_exh_rel_avgが不利(-7.8pt)、2号艇の直近1着率が不利(-6.9pt)、天気+15.7pt
75,01,桐生,7,17:52,0.42865079732495837,3,0.4866687601701005,2,0.3777882760353385,0.3705501978226318,0.0706119865640816,0.7938450496413574,0.3391518551146685,0.4975386533682495,1-3,1-2,0.1619392457425693,0.20861095208006253,0.030267884341392826,0.02586616114517068,0.001966546031519771,True,False,False,False,ドラドキ３,2026-08-13,5号艇の枠別出走数,-0.1146,場特性:in_escape_diff,-0.1102,1号艇の年齢,-0.0877,1号艇のdominance,0.0728,1号艇の女子戦勝率,-0.0663,3号艇のwin_rate_rank_2to6,0.1721,3号艇のモーター2連率,0.1369,3号艇のsession_exh_rel_avg,0.1208,6号艇のモーター出走数,0.0858,4号艇のモーター出走数,-0.0614,2号艇のsession_exh_rel_avg,-0.121,3号艇のモーター出走数,0.0972,2号艇のモーター2連率,0.0652,2号艇のwin_rate_rank_2to6,0.0632,2号艇の節間得点,0.054,-0.0293,東 1.8m/s,[逃げ]5号艇の枠別出走数が不利(-11.5pt)、場特性:in_escape_diffが不利(-11.0pt) / [2着]3号艇のwin_rate_rank_2to6が有利(+17.2pt)、3号艇のモーター2連率が有利(+13.7pt) / [候補2]2号艇のsession_exh_rel_avgが不利(-12.1pt)、3号艇のモーター出走数が有利(+9.7pt) / [除外]5号艇の直近平均着順が不利(-21.4pt)、win_rate_range_1to6が不利(-8.8pt)、天気-2.9pt
76,01,桐生,6,17:25,0.7279283659242879,2,0.37056423625115875,4,0.29399995137201784,0.4837551231483408,0.26483259053506136,0.39973159708811523,0.3300181762107615,0.4585480653302731,1-2,1-4,0.26974421896428774,0.19277915487168326,0.21401090418405305,0.03681887471699029,0.014575217932826403,True,False,False,False,ドラドキ目玉,2026-08-13,1号艇のdominance,0.3422,2号艇のsession_exh_rel_avg,-0.2145,1号艇のracer_win_te,0.1297,1号艇のsession_exh_rel_avg,0.1167,6号艇のモーター出走数,-0.1,2号艇のsession_exh_rel_avg,0.1723,2号艇の全国勝率,-0.0867,3号艇のモーター出走数,0.0711,2号艇のsession_avg_finish,-0.0656,2号艇の節間得点,-0.0638,4号艇のwin_rate_rank_2to6,0.1857,4号艇のsession_exh_rel_avg,-0.1247,4号艇のclass_rank_2to6,-0.0791,4号艇の年齢,0.0665,4号艇のcumulative_diff_rank_2to6,0.0558,-0.0234,東 2.0m/s,[逃げ]1号艇のdominanceが有利(+34.2pt)、2号艇のsession_exh_rel_avgが不利(-21.5pt) / [2着]2号艇のsession_exh_rel_avgが有利(+17.2pt)、2号艇の全国勝率が不利(-8.7pt) / [候補2]4号艇のwin_rate_rank_2to6が有利(+18.6pt)、4号艇のsession_exh_rel_avgが不利(-12.5pt) / [除外]6号艇のracer_win_teが不利(-16.7pt)、6号艇のwin_rate_rank_2to6が不利(-10.4pt)、天気-2.3pt
77,08,常滑,1,10:33,0.7343917232115241,2,0.3576310546686384,5,0.24129761792726442,0.43984825994849586,0.2120805783084861,0.3868480942874168,0.32790833194306584,0.4239482102501721,1-2,1-5,0.26264128651205615,0.1358076598046211,0.15575022136366568,0.17720697343643968,0.0029855752551856208,False,False,True,False,朝トコ小判Ｒ,2026-08-13,1号艇のdominance,0.2112,場特性:in_escape_diff,0.1043,1号艇の勝率順位,0.0927,風速区分,-0.0799,1号艇の級別順位,0.0737,2号艇のsession_exh_rel_avg,-0.0664,second_best_win_rate,0.0623,3号艇の全国勝率,-0.0596,2号艇のモーター2連率,-0.0419,3号艇の直近平均着順,0.0392,5号艇のwin_rate_rank_2to6,0.2419,6号艇のracer_win_te,-0.1248,5号艇の節間得点,0.0983,5号艇の年齢,0.0975,6号艇の体重,-0.0756,-0.0818,南東 6.0m/s,[逃げ]1号艇のdominanceが有利(+21.1pt)、場特性:in_escape_diffが有利(+10.4pt) / [2着]2号艇のsession_exh_rel_avgが不利(-6.6pt)、second_best_win_rateが有利(+6.2pt) / [候補2]5号艇のwin_rate_rank_2to6が有利(+24.2pt)、6号艇のracer_win_teが不利(-12.5pt) / [除外]6号艇のvs_avg456_diffが不利(-12.0pt)、6号艇の全国勝率が不利(-11.6pt)、天気-8.2pt
78,24,大村,2,15:48,0.7015533916818272,2,0.3205232176950901,3,0.30905525835090353,0.44168291519994285,0.22142627214865895,0.40815220389733475,0.32432267353857214,0.4316237018091604,1-2,1-3,0.22486415048676311,0.2168187647131797,0.0877289998675265,0.155342352233355,0.016799125687747905,True,False,False,False,予選,2026-08-13,1号艇のsession_exh_rel_avg,0.155,場特性:in_escape_diff,0.15,1号艇のracer_win_te,-0.1494,場特性:1x_diff_course3,0.0998,1号艇の年齢,0.0796,2号艇のwin_rate_rank_2to6,0.0776,3号艇の全国勝率,-0.0619,2号艇のsession_exh_rel_avg,-0.0512,1号艇のracer_avgfin_te,-0.0439,4号艇の平均ST,-0.0413,3号艇のモーター2連率,0.123,3号艇のwin_rate_rank_2to6,-0.1165,3号艇のsession_exh_rel_avg,0.1017,3号艇のracer_avgfin_te,-0.0696,3号艇の当地勝率,-0.0599,0.0411,南 2.8m/s,[逃げ]1号艇のsession_exh_rel_avgが有利(+15.5pt)、場特性:in_escape_diffが有利(+15.0pt) / [2着]2号艇のwin_rate_rank_2to6が有利(+7.8pt)、3号艇の全国勝率が不利(-6.2pt) / [候補2]3号艇のモーター2連率が有利(+12.3pt)、3号艇のwin_rate_rank_2to6が不利(-11.7pt) / [除外]4号艇のracer_avgfin_teが不利(-8.1pt)、6号艇のsession_exh_rel_avgが不利(-6.8pt)、天気+4.1pt
79,02,戸田,5,12:44,0.5633940955801751,4,0.5367833277678056,3,0.1729958636005285,0.39988540558259056,0.16006774127821277,0.5497114500901212,0.3230749012125178,0.44483321893484973,1-4,1-3,0.09018122032900014,0.09746484811233107,0.3024205574702595,0.07212255984626086,0.0012048977541857474,True,True,False,False,ウインウイン,2026-08-13,1号艇のracer_win_te,0.1965,場特性:in_escape_diff,-0.162,1号艇の節間得点,0.1323,1号艇のsession_exh_rel_avg,0.121,6号艇の枠別出走数,-0.0935,4号艇のwin_rate_rank_2to6,0.2122,4号艇のclass_rank_2to6,0.1689,4号艇の全国勝率,0.1053,4号艇のモーター2連率,-0.0813,4号艇のsession_exh_rel_avg,0.071,3号艇のsession_exh_rel_avg,-0.2078,3号艇のwin_rate_rank_2to6,-0.0878,3号艇の全国勝率,-0.0805,3号艇のモーター2連率,-0.0485,3号艇の当地勝率,-0.0459,-0.0781,東 1.2m/s,[逃げ]1号艇のracer_win_teが有利(+19.7pt)、場特性:in_escape_diffが不利(-16.2pt) / [2着]4号艇のwin_rate_rank_2to6が有利(+21.2pt)、4号艇のclass_rank_2to6が有利(+16.9pt) / [候補2]3号艇のsession_exh_rel_avgが不利(-20.8pt)、3号艇のwin_rate_rank_2to6が不利(-8.8pt) / [除外]6号艇のvs_avg456_diffが不利(-17.6pt)、6号艇の全国勝率が不利(-16.2pt)、天気-7.8pt
80,07,蒲郡,7,18:03,0.6487401811406133,4,0.4099567810621535,3,0.28194389634718187,0.44886377079384526,0.23703907486802842,0.4548616025413069,0.3211858672289479,0.45066312031808375,1-4,1-3,0.15377677236728815,0.18290833438776105,0.2659554364060842,0.04486852029190863,0.0012311050751806205,True,False,False,False,予選,2026-08-13,1号艇の節間得点,0.0938,1号艇のsession_rank_diff_delta,0.0923,1号艇のdominance,-0.0718,1号艇の全国勝率,-0.0638,1号艇の級別順位,-0.0601,4号艇のwin_rate_rank_2to6,0.1656,4号艇のclass_rank_2to6,0.1122,2号艇のsession_exh_rel_delta,0.0932,4号艇のモーター2連率,-0.0818,4号艇の全国勝率,0.0765,1号艇のsession_rank_diff_delta,-0.2742,3号艇のsession_exh_rel_avg,-0.0739,3号艇のwin_rate_rank_2to6,0.0729,場特性:1x_diff_course3,0.0484,3号艇の全国勝率,0.0453,0.0403,東 2.0m/s,[逃げ]1号艇の節間得点が有利(+9.4pt)、1号艇のsession_rank_diff_deltaが有利(+9.2pt) / [2着]4号艇のwin_rate_rank_2to6が有利(+16.6pt)、4号艇のclass_rank_2to6が有利(+11.2pt) / [候補2]1号艇のsession_rank_diff_deltaが不利(-27.4pt)、3号艇のsession_exh_rel_avgが不利(-7.4pt) / [除外]6号艇の直近平均着順が不利(-13.8pt)、6号艇のvs_avg456_diffが不利(-13.5pt)、天気+4.0pt
81,02,戸田,7,13:45,0.7128642425580284,3,0.3303142809075577,2,0.272421653212408,0.4296688951389351,0.21149740938902092,0.3912385247309448,0.32062026527862186,0.41813978401653795,1-3,1-2,0.19419965547366913,0.23546923966526595,0.15076894054708964,0.09023714783538249,0.04218925505318177,True,True,False,False,ウインウイン,2026-08-13,1号艇のdominance,0.315,場特性:in_escape_diff,-0.1653,1号艇のvs_max234_diff,0.1269,1号艇のsession_exh_rel_avg,0.1057,1号艇の勝率順位,0.0915,3号艇のsession_exh_rel_avg,-0.1797,3号艇のモーター2連率,0.0922,3号艇のwin_rate_rank_2to6,0.0655,3号艇のracer_2nd_te,-0.0617,3号艇の全国勝率,-0.0533,2号艇のsession_exh_rel_avg,-0.1136,2号艇のsession_rank_diff_delta,-0.0906,second_best_win_rate,0.0664,2号艇の体重,-0.0567,2号艇の全国勝率,-0.0533,0.0517,北東 1.4m/s,[逃げ]1号艇のdominanceが有利(+31.5pt)、場特性:in_escape_diffが不利(-16.5pt) / [2着]3号艇のsession_exh_rel_avgが不利(-18.0pt)、3号艇のモーター2連率が有利(+9.2pt) / [候補2]2号艇のsession_exh_rel_avgが不利(-11.4pt)、2号艇のsession_rank_diff_deltaが不利(-9.1pt) / [除外]6号艇のwin_rate_rank_2to6が不利(-7.0pt)、5号艇のracer_avgfin_teが不利(-6.1pt)、天気+5.2pt
82,12,住之江,5,17:06,0.5742084002859191,3,0.3525302645958929,2,0.3174077396719659,0.38468402972138843,0.13891614488776644,0.5310218593800924,0.3205574428308449,0.4285853786189996,1-3,1-2,0.182258190435409,0.20242583928597943,0.07586806880634904,0.07976681732989133,0.03388947373282541,True,False,False,False,住之江ファイ,2026-08-13,1号艇のdominance,-0.2068,5号艇の平均ST,0.1174,1号艇のvs_max234_diff,0.0825,1号艇の勝率順位,-0.0653,5号艇の枠別出走数,-0.0628,3号艇のモーター2連率,0.1077,3号艇のwin_rate_rank_2to6,0.0647,3号艇の当地勝率,-0.0614,3号艇のracer_avgfin_te,-0.0479,3号艇のracer_2nd_te,-0.0429,2号艇のモーター2連率,0.0956,2号艇のwin_rate_rank_2to6,-0.0352,2号艇のsession_exh_rel_avg,-0.0323,3号艇の女子戦2連率,-0.0322,3号艇のracer_win_te,0.0297,0.0461,東 0.9m/s,[逃げ]1号艇のdominanceが不利(-20.7pt)、5号艇の平均STが有利(+11.7pt) / [2着]3号艇のモーター2連率が有利(+10.8pt)、3号艇のwin_rate_rank_2to6が有利(+6.5pt) / [候補2]2号艇のモーター2連率が有利(+9.6pt)、2号艇のwin_rate_rank_2to6が不利(-3.5pt) / [除外]5号艇の直近平均着順が不利(-17.4pt)、天気+4.6pt
83,13,尼崎,7,13:41,0.6242372551651051,3,0.43793782139386084,2,0.25260973347145793,0.4310655102101014,0.21382913956099778,0.476718415304321,0.32045626963892326,0.44476138173836727,1-3,1-2,0.15768840665021167,0.2733771035598897,0.13348011515387342,0.04474023336322825,0.014951384229210826,True,True,False,False,一般,2026-08-13,1号艇のsession_exh_rel_avg,0.108,avg_entry_count,-0.0747,1号艇の勝率順位,-0.0605,場特性:in_escape_diff,0.0562,5号艇の枠別出走数,-0.0509,3号艇のwin_rate_rank_2to6,0.177,3号艇のsession_exh_rel_avg,-0.0565,3号艇のclass_rank_2to6,0.0507,3号艇の全国勝率,0.0432,2号艇の全国勝率,0.0313,2号艇のwin_rate_rank_2to6,-0.1534,2号艇のsession_rank_diff_delta,-0.0409,2号艇の直近平均着順,-0.0403,2号艇のsession_exh_rel_avg,0.0358,2号艇のsession_avg_finish,0.0298,-0.0035,東 2.2m/s,[逃げ]1号艇のsession_exh_rel_avgが有利(+10.8pt)、avg_entry_countが不利(-7.5pt) / [2着]3号艇のwin_rate_rank_2to6が有利(+17.7pt)、3号艇のsession_exh_rel_avgが不利(-5.6pt) / [候補2]2号艇のwin_rate_rank_2to6が不利(-15.3pt)、2号艇のsession_rank_diff_deltaが不利(-4.1pt) / [除外]ST差分(6-5)が不利(-7.6pt)、天気-0.4pt
84,21,芦屋,9,12:21,0.48650043287486444,2,0.5577009173392947,4,0.20303835533585105,0.37009998546136796,0.1145205444631757,0.64621872821197,0.3192391232523489,0.45293560828654855,1-2,1-4,0.2713217377002759,0.05571429445440013,0.09877824776109208,0.021721400950641585,0.03896474747756643,True,True,False,False,予選,2026-08-13,1号艇のdominance,-0.2227,1号艇のracer_win_te,-0.0945,1号艇のvs_max234_diff,-0.086,1号艇の勝率順位,-0.0813,1号艇のモーター2連率順位,0.0697,2号艇のwin_rate_rank_2to6,0.2375,2号艇のclass_rank_2to6,0.1231,2号艇のsession_exh_rel_avg,-0.105,2号艇の全国勝率,0.068,3号艇のモーター出走数,0.0507,1号艇のモーター出走数,0.1665,4号艇のwin_rate_rank_2to6,-0.0947,4号艇のclass_rank_2to6,0.0687,4号艇の全国勝率,0.0604,4号艇の直近複勝率,-0.0447,0.0889,北東 1.2m/s,[逃げ]1号艇のdominanceが不利(-22.3pt)、1号艇のracer_win_teが不利(-9.4pt) / [2着]2号艇のwin_rate_rank_2to6が有利(+23.8pt)、2号艇のclass_rank_2to6が有利(+12.3pt) / [候補2]1号艇のモーター出走数が有利(+16.7pt)、4号艇のwin_rate_rank_2to6が不利(-9.5pt) / [除外]5号艇のwin_rate_rank_2to6が不利(-5.6pt)、3号艇のwin_rate_rank_2to6が不利(-5.1pt)、天気+8.9pt
85,02,戸田,2,11:16,0.4271597712118965,3,0.6410214554939064,5,0.1885583475863765,0.3543631188857838,0.08481281661107755,0.7447669864692054,0.3182976778268365,0.47148427916081026,1-3,1-5,0.02753110227521269,0.273818578270694,0.03622862333942442,0.08054454061508984,0.009036935065769898,True,True,False,False,予選,2026-08-13,1号艇のdominance,-0.1846,場特性:in_escape_diff,-0.1501,1号艇の全国勝率,-0.0792,1号艇の節間得点,0.0729,1号艇の級別順位,-0.0721,3号艇のwin_rate_rank_2to6,0.2165,2号艇の直近複勝率,0.0923,2号艇の枠別平均ST,0.0891,3号艇の当地勝率,0.0747,2号艇の枠別勝率,0.0507,5号艇のモーター2連率,0.1576,5号艇のclass_rank_2to6,0.1052,2号艇のsession_avg_finish,0.0651,5号艇のwin_rate_rank_2to6,0.0631,mean_234_全国勝率,0.0592,0.0148,北東 1.2m/s,[逃げ]1号艇のdominanceが不利(-18.5pt)、場特性:in_escape_diffが不利(-15.0pt) / [2着]3号艇のwin_rate_rank_2to6が有利(+21.7pt)、2号艇の直近複勝率が有利(+9.2pt) / [候補2]5号艇のモーター2連率が有利(+15.8pt)、5号艇のclass_rank_2to6が有利(+10.5pt) / [除外]6号艇のwin_rate_rank_2to6が不利(-9.0pt)、6号艇のvs_avg456_diffが不利(-8.1pt)、天気+1.5pt
86,19,下関,12,22:30,0.7856730834544313,2,0.3060159842723169,4,0.2264504555325907,0.4183445495975251,0.2021282129784978,0.3303382268264098,0.3168734661341943,0.39194265276619045,1-2,1-4,0.24042852194957398,0.1588066963439504,0.1779160276479511,0.11516872577239622,0.09335312052114056,False,False,False,False,お盆特選,2026-08-13,race_no,0.1163,1号艇のdominance,0.1008,風速区分,0.0935,場特性:in_escape_diff,0.0892,1号艇のlocal_win_rate順位,0.0762,2号艇のsession_exh_rel_avg,-0.1249,2号艇のclass_rank_2to6,-0.073,レース時間帯,-0.0673,2号艇の全国勝率,0.0441,2号艇のcumulative_diff_rank_2to6,-0.0421,4号艇のwin_rate_rank_2to6,-0.1141,4号艇のclass_rank_2to6,-0.0999,4号艇のsession_exh_rel_avg,0.0703,2号艇のracer_2nd_te,-0.0433,6号艇の直近平均着順,0.0337,0.0481,東 1.0m/s,[逃げ]race_noが有利(+11.6pt)、1号艇のdominanceが有利(+10.1pt) / [2着]2号艇のsession_exh_rel_avgが不利(-12.5pt)、2号艇のclass_rank_2to6が不利(-7.3pt) / [候補2]4号艇のwin_rate_rank_2to6が不利(-11.4pt)、4号艇のclass_rank_2to6が不利(-10.0pt) / [除外]local_win_rateの分散(2-6号艇)が不利(-5.9pt)、2号艇のracer_2nd_teが不利(-5.4pt)、天気+4.8pt
87,16,児島,8,14:39,0.560145013913576,2,0.4121998465949517,3,0.27709795386657177,0.38610672603011736,0.14977437383243636,0.5395234266290871,0.31671205428173393,0.43213173620980827,1-2,1-3,0.23089168880610308,0.15521503722401428,0.0657869437505869,0.024355971245198994,0.08389536871426719,True,True,False,False,一般,2026-08-13,1号艇の年齢,-0.0752,1号艇の節間得点,-0.057,1号艇のsession_exh_rel_avg,-0.0483,1号艇vs4号艇の枠別平均ST差,0.0434,1号艇のracer_2nd_te,-0.0402,2号艇のsession_exh_rel_avg,0.0646,2号艇のclass_rank_2to6,-0.0644,2号艇のwin_rate_rank_2to6,0.0611,2号艇の全国勝率,0.0532,1号艇の年齢,0.0409,3号艇のsession_exh_rel_avg,0.0811,3号艇のwin_rate_rank_2to6,-0.0684,3号艇の節間得点,-0.0523,3号艇の全国勝率,-0.0404,場特性:1x_diff_course3,-0.0275,-0.0605,東 4.2m/s,[逃げ]1号艇の年齢が不利(-7.5pt)、1号艇の節間得点が不利(-5.7pt) / [2着]2号艇のsession_exh_rel_avgが有利(+6.5pt)、2号艇のclass_rank_2to6が不利(-6.4pt) / [候補2]3号艇のsession_exh_rel_avgが有利(+8.1pt)、3号艇のwin_rate_rank_2to6が不利(-6.8pt)、天気-6.0pt
88,03,江戸川,8,14:24,0.45305030186013906,2,0.5357687136978709,3,0.23478903377977234,0.3491014200954151,0.1041113405316545,0.6664464069459888,0.3054869199022496,0.4443049161505872,1-2,1-3,0.24273017746803885,0.10637124262737624,0.0471676742549298,0.0307349293679532,0.026046285736688504,True,True,False,False,予選,2026-08-13,1号艇のsession_exh_rel_avg,-0.1351,場特性:in_escape_diff,-0.1157,5号艇の枠別出走数,-0.0968,2号艇のsession_exh_rel_last,-0.0744,1号艇の節間得点,-0.0619,2号艇のwin_rate_rank_2to6,0.2343,2号艇のsession_exh_rel_avg,0.1025,2号艇のclass_rank_2to6,0.0904,3号艇の女子戦2連率,-0.0634,ST差分(3-2),-0.0551,3号艇のsession_exh_rel_avg,0.137,3号艇のwin_rate_rank_2to6,-0.1143,3号艇の全国勝率,-0.065,5号艇の一般戦2連率,0.0462,3号艇のracer_2nd_te,-0.0431,0.0676,北東 1.7m/s,[逃げ]1号艇のsession_exh_rel_avgが不利(-13.5pt)、場特性:in_escape_diffが不利(-11.6pt) / [2着]2号艇のwin_rate_rank_2to6が有利(+23.4pt)、2号艇のsession_exh_rel_avgが有利(+10.2pt) / [候補2]3号艇のsession_exh_rel_avgが有利(+13.7pt)、3号艇のwin_rate_rank_2to6が不利(-11.4pt) / [除外]6号艇のsession_avg_finishが不利(-5.8pt)、win_rate_range_1to6が不利(-5.3pt)、天気+6.8pt
89,13,尼崎,9,14:43,0.573569359071493,3,0.476472508677328,4,0.21761864076639176,0.3981094157236302,0.2002872458122144,0.49380390363150534,0.30242592963499526,0.42681776209599276,1-3,1-4,0.11487862721070638,0.2732900314172414,0.1248193843063888,0.05406175531422535,0.006519575245739576,True,True,False,False,一般,2026-08-13,1号艇のsession_exh_rel_avg,0.1351,1号艇のdominance,0.1156,1号艇の節間得点,-0.0609,1号艇の年齢,0.0609,風速区分,0.0569,3号艇のwin_rate_rank_2to6,0.1745,3号艇の当地勝率,0.0862,1号艇vs3号艇のcumulative差,0.0568,3号艇のclass_rank_2to6,0.0512,3号艇のsession_exh_rel_avg,-0.0487,4号艇のclass_rank_2to6,0.1196,4号艇の節間得点,-0.0895,4号艇のモーター2連率,0.0848,4号艇のwin_rate_rank_2to6,0.0601,4号艇の年齢,0.0587,0.065,東 1.7m/s,[逃げ]1号艇のsession_exh_rel_avgが有利(+13.5pt)、1号艇のdominanceが有利(+11.6pt) / [2着]3号艇のwin_rate_rank_2to6が有利(+17.4pt)、3号艇の当地勝率が有利(+8.6pt) / [候補2]4号艇のclass_rank_2to6が有利(+12.0pt)、4号艇の節間得点が不利(-9.0pt) / [除外]6号艇のwin_rate_rank_2to6が不利(-8.4pt)、天気+6.5pt
90,21,芦屋,4,09:50,0.6849329878164219,3,0.2917253910459306,2,0.2723867742293992,0.38637903082562286,0.183150218662916,0.3809619466124138,0.3014605460466488,0.3847539055616601,1-3,1-2,0.18656668711461954,0.1998123437110033,0.04835784517808254,0.12544562648802204,0.1247504853246944,False,False,True,False,サンライズＹ,2026-08-13,1号艇のdominance,0.1115,1号艇のvs_max234_diff,0.0975,1号艇の全国勝率,0.0794,1号艇の級別順位,0.0771,1号艇のsession_exh_rel_avg,-0.0694,4号艇のモーター出走数,-0.1486,3号艇のsession_exh_rel_avg,0.0983,6号艇のモーター出走数,0.0788,6号艇のracer_2nd_te,-0.0731,3号艇のwin_rate_rank_2to6,-0.0486,2号艇のwin_rate_rank_2to6,-0.1526,2号艇の全国勝率,0.0705,2号艇の節間得点,-0.0607,3号艇のモーター出走数,0.0578,2号艇のsession_exh_rel_avg,-0.0499,0.0493,北西 2.3m/s,[逃げ]1号艇のdominanceが有利(+11.1pt)、1号艇のvs_max234_diffが有利(+9.7pt) / [2着]4号艇のモーター出走数が不利(-14.9pt)、3号艇のsession_exh_rel_avgが有利(+9.8pt) / [候補2]2号艇のwin_rate_rank_2to6が不利(-15.3pt)、2号艇の全国勝率が有利(+7.0pt)、天気+4.9pt
91,16,児島,7,14:00,0.8099974417702365,2,0.258118095382282,3,0.20942611202706274,0.37870961191606206,0.18969383196173778,0.27785037544760693,0.29250295893394157,0.3484518409755255,1-2,1-3,0.2090749969342543,0.16963461498180776,0.1279999352940971,0.14963638802137902,0.1536515186086007,True,True,False,False,一般,2026-08-13,1号艇のdominance,0.3042,1号艇の全国勝率,0.1416,1号艇のvs_max234_diff,0.1195,5号艇の節間得点,-0.106,1号艇vs5号艇のcumulative差,-0.1006,2号艇のwin_rate_rank_2to6,0.0703,2号艇のsession_exh_rel_avg,-0.0595,1号艇vs2号艇のplace_rate差,-0.0578,2号艇のracer_avgfin_te,-0.0537,2号艇の全国勝率,-0.0437,3号艇のwin_rate_rank_2to6,-0.1312,3号艇の節間得点,-0.1113,3号艇の全国勝率,-0.0969,3号艇のモーター2連率,0.066,3号艇のcumulative_diff_rank_2to6,-0.0602,-0.0816,東 5.3m/s,[逃げ]1号艇のdominanceが有利(+30.4pt)、1号艇の全国勝率が有利(+14.2pt) / [2着]2号艇のwin_rate_rank_2to6が有利(+7.0pt)、2号艇のsession_exh_rel_avgが不利(-6.0pt) / [候補2]3号艇のwin_rate_rank_2to6が不利(-13.1pt)、3号艇の節間得点が不利(-11.1pt) / [除外]5号艇のracer_win_teが不利(-11.2pt)、win_rate_range_1to6が不利(-6.7pt)、天気-8.2pt
92,03,江戸川,10,15:22,0.7055130106752048,3,0.28669986967856104,5,0.2647534191572041,0.3890574700532639,0.20692407639462565,0.34452921244113943,0.2924510408670223,0.37569899276962654,1-3,1-5,0.14293859913070964,0.20227048821711044,0.14598762811835841,0.18678698183615347,0.027529309430511555,True,False,False,False,予選ラリー選,2026-08-13,1号艇のdominance,0.1582,5号艇のsession_exh_rel_avg,-0.1533,場特性:in_escape_diff,-0.1317,1号艇のvs_max234_diff,0.0999,1号艇のsession_exh_rel_avg,0.0996,5号艇のsession_exh_rel_avg,-0.0672,3号艇のwin_rate_rank_2to6,0.0494,3号艇の節間得点,0.0491,5号艇のsession_exh_rel_last,-0.0471,場特性:1x_diff_course3,-0.0403,5号艇のwin_rate_rank_2to6,0.2581,5号艇のclass_rank_2to6,0.1447,4号艇の年齢,-0.0597,5号艇の節間得点,0.0558,1号艇の当地勝率,-0.0534,0.1279,北東 1.8m/s,[逃げ]1号艇のdominanceが有利(+15.8pt)、5号艇のsession_exh_rel_avgが不利(-15.3pt) / [2着]5号艇のsession_exh_rel_avgが不利(-6.7pt)、3号艇のwin_rate_rank_2to6が有利(+4.9pt) / [候補2]5号艇のwin_rate_rank_2to6が有利(+25.8pt)、5号艇のclass_rank_2to6が有利(+14.5pt) / [除外]6号艇のwin_rate_rank_2to6が不利(-7.9pt)、6号艇のvs_avg456_diffが不利(-5.8pt)、天気+12.8pt
93,04,平和島,8,15:31,0.5201663157853527,4,0.48685082112718076,2,0.19076284617375547,0.35247180484572965,0.16194195598835032,0.5156717113125859,0.2839758366367758,0.4014317767857865,1-4,1-2,0.09922840688293035,0.08423675061753391,0.2532433979627993,0.06062109805078868,0.02283666808461193,True,False,False,False,ベイブレイク,2026-08-13,場特性:in_escape_diff,-0.1646,1号艇のdominance,-0.1221,1号艇のsession_exh_rel_avg,0.1033,5号艇の枠別出走数,-0.0684,1号艇の節間得点,-0.0622,4号艇のclass_rank_2to6,0.2708,4号艇のwin_rate_rank_2to6,0.2395,4号艇の全国勝率,0.0939,4号艇のsession_exh_rel_avg,-0.0887,2号艇のsession_rank_diff_last,-0.0801,2号艇のsession_exh_rel_avg,-0.1207,2号艇の女子戦比率,-0.0919,3号艇の全国勝率,-0.0789,2号艇の節間得点,-0.0666,3号艇のracer_win_te,0.0644,0.0071,東 3.2m/s,[逃げ]場特性:in_escape_diffが不利(-16.5pt)、1号艇のdominanceが不利(-12.2pt) / [2着]4号艇のclass_rank_2to6が有利(+27.1pt)、4号艇のwin_rate_rank_2to6が有利(+24.0pt) / [候補2]2号艇のsession_exh_rel_avgが不利(-12.1pt)、2号艇の女子戦比率が不利(-9.2pt) / [除外]6号艇のsession_exh_rel_avgが不利(-6.1pt)、3号艇のwin_rate_rank_2to6が不利(-5.3pt)、天気+0.7pt
94,19,下関,9,21:19,0.6136684042619562,4,0.3493651623155635,3,0.2468432708280991,0.36587427777479264,0.19827680264845315,0.3979316304952094,0.2788210194125952,0.37549148359091766,1-4,1-3,0.12167620908343907,0.15147991611188147,0.2143943616629112,0.05839305538378368,0.06772487116431264,False,False,False,False,予選,2026-08-13,1号艇vs4号艇のcumulative差,-0.1007,1号艇のsession_exh_rel_avg,0.0972,場特性:in_escape_diff,0.0759,1号艇vs5号艇のcumulative差,-0.066,風速区分,0.0596,4号艇のsession_exh_rel_avg,-0.1045,4号艇のwin_rate_rank_2to6,0.104,4号艇のclass_rank_2to6,-0.089,4号艇のモーター2連率,0.0887,4号艇の節間得点,0.0677,3号艇のwin_rate_rank_2to6,-0.1135,2号艇のsession_exh_rel_delta,0.0859,3号艇のracer_avgfin_te,-0.0773,3号艇の年齢,-0.0659,3号艇の当地勝率,-0.0543,0.0683,北 0.8m/s,[逃げ]1号艇vs4号艇のcumulative差が不利(-10.1pt)、1号艇のsession_exh_rel_avgが有利(+9.7pt) / [2着]4号艇のsession_exh_rel_avgが不利(-10.4pt)、4号艇のwin_rate_rank_2to6が有利(+10.4pt) / [候補2]3号艇のwin_rate_rank_2to6が不利(-11.4pt)、2号艇のsession_exh_rel_deltaが有利(+8.6pt) / [除外]2号艇のsession_exh_rel_deltaが不利(-6.5pt)、2号艇のwin_rate_rank_2to6が不利(-5.1pt)、天気+6.8pt
95,22,福岡,7,15:14,0.5199644484231181,2,0.39883804086481933,4,0.29016923335274647,0.3582592872980527,0.19025912372600545,0.49874815049156035,0.2764647696164158,0.4004059462561049,1-2,1-4,0.2073816019284328,0.0989279803256582,0.15087768536961985,0.02452368295015653,0.038253501723287696,True,False,False,False,予選,2026-08-13,1号艇の級別順位,-0.1001,1号艇のdominance,-0.0756,3号艇の直近平均着順,-0.0674,avg_entry_count,-0.0639,1号艇の勝率順位,-0.063,5号艇のsession_avg_finish,-0.0611,2号艇の全国勝率,0.0585,2号艇のclass_rank_2to6,-0.0563,6号艇の直近平均着順,0.055,1号艇のモーター出走数,0.0449,4号艇の全国勝率,0.0962,4号艇のclass_rank_2to6,0.0942,4号艇のwin_rate_rank_2to6,0.0862,4号艇の節間得点,-0.0723,4号艇のracer_win_te,0.0712,0.0589,北西 3.1m/s,[逃げ]1号艇の級別順位が不利(-10.0pt)、1号艇のdominanceが不利(-7.6pt) / [2着]5号艇のsession_avg_finishが不利(-6.1pt)、2号艇の全国勝率が有利(+5.8pt) / [候補2]4号艇の全国勝率が有利(+9.6pt)、4号艇のclass_rank_2to6が有利(+9.4pt)、天気+5.9pt
96,06,浜名湖,8,15:05,0.5518446792427232,4,0.4462763550375363,5,0.18055493699902075,0.34591351329321557,0.16981695934725133,0.45701433268930575,0.27542313606372093,0.3792437591120426,1-4,1-5,0.09371258546095847,0.08229344186163015,0.24627523199930088,0.0996382812939147,0.029925144794263867,True,False,False,False,ブレイクタイ,2026-08-13,1号艇のdominance,0.1112,場特性:in_escape_diff,-0.0875,1号艇のモーター2連率順位,0.0607,1号艇のracer_win_te,0.0578,ST差分(4-3),-0.0521,4号艇のwin_rate_rank_2to6,0.2033,4号艇のclass_rank_2to6,0.1828,4号艇の年齢,0.0731,4号艇の全国勝率,0.0626,win_rate_gap_top2_2to6,0.0526,5号艇のsession_exh_rel_avg,0.1197,mean_234_全国勝率,0.0893,5号艇のモーター2連率,0.0806,5号艇の節間得点,0.0751,3号艇のsession_rank_diff_last,0.0741,-0.0264,南東 3.2m/s,[逃げ]1号艇のdominanceが有利(+11.1pt)、場特性:in_escape_diffが不利(-8.7pt) / [2着]4号艇のwin_rate_rank_2to6が有利(+20.3pt)、4号艇のclass_rank_2to6が有利(+18.3pt) / [候補2]5号艇のsession_exh_rel_avgが有利(+12.0pt)、mean_234_全国勝率が有利(+8.9pt) / [除外]2号艇のwin_rate_rank_2to6が不利(-5.1pt)、天気-2.6pt
97,04,平和島,12,17:42,0.5406505624225759,4,0.37928056270777044,3,0.2593577658144146,0.3452801715001332,0.19132397641030147,0.4473143521118836,0.2660077210356896,0.37589042568365827,1-4,1-3,0.10343941545115314,0.140221921956226,0.20505824954390717,0.05567825108971348,0.03625273243789732,True,False,False,False,記者選抜,2026-08-13,1号艇のdominance,0.1685,場特性:in_escape_diff,-0.1478,4号艇のモーター2連率,-0.0648,race_no,0.0622,場特性:1x_diff_course2,-0.0619,4号艇のwin_rate_rank_2to6,0.1743,4号艇のclass_rank_2to6,0.1406,5号艇の年齢,0.108,3号艇の年齢,0.0542,4号艇のモーター2連率,0.0523,3号艇のsession_exh_rel_avg,-0.0737,3号艇のwin_rate_rank_2to6,-0.0518,3号艇の節間得点,0.0378,3号艇の全国2連率,0.0344,3号艇のモーター2連率,0.0302,0.0383,北東 3.5m/s,[逃げ]1号艇のdominanceが有利(+16.8pt)、場特性:in_escape_diffが不利(-14.8pt) / [2着]4号艇のwin_rate_rank_2to6が有利(+17.4pt)、4号艇のclass_rank_2to6が有利(+14.1pt) / [候補2]3号艇のsession_exh_rel_avgが不利(-7.4pt)、3号艇のwin_rate_rank_2to6が不利(-5.2pt) / [除外]6号艇のwin_rate_rank_2to6が不利(-6.5pt)、天気+3.8pt
98,19,下関,5,19:30,0.6961880561047991,4,0.2813600993097405,5,0.24527618347762584,0.3666378899879938,0.23085286334825203,0.29578341943911424,0.26507060192916604,0.3453815488233299,1-4,1-5,0.16071700618064638,0.12315088028357378,0.19587954060390145,0.17075834938409237,0.04568227187207725,True,False,False,False,長州ファイブ,2026-08-13,場特性:in_escape_diff,0.0925,1号艇のracer_win_te,0.0729,1号艇の勝率順位,-0.0632,1号艇のモーター2連率順位,0.059,1号艇のvs_max234_diff,0.0575,4号艇のsession_exh_rel_avg,0.0993,4号艇のwin_rate_rank_2to6,-0.0803,4号艇の節間得点,-0.0541,4号艇の年齢,0.054,2号艇の女子戦勝率,0.054,5号艇のsession_exh_rel_avg,-0.1843,5号艇のwin_rate_rank_2to6,0.1806,5号艇のclass_rank_2to6,0.1413,3号艇の一般戦2連率,0.0814,3号艇のsession_rank_diff_delta,-0.0658,0.0967,北西 2.1m/s,[逃げ]場特性:in_escape_diffが有利(+9.3pt)、1号艇のracer_win_teが有利(+7.3pt) / [2着]4号艇のsession_exh_rel_avgが有利(+9.9pt)、4号艇のwin_rate_rank_2to6が不利(-8.0pt) / [候補2]5号艇のsession_exh_rel_avgが不利(-18.4pt)、5号艇のwin_rate_rank_2to6が有利(+18.1pt) / [除外]2号艇のwin_rate_rank_2to6が不利(-6.3pt)、天気+9.7pt
99,13,尼崎,2,11:04,0.6029818876581852,2,0.3205049343701994,5,0.2831145103212661,0.3639715921872454,0.22703611603412904,0.3765833286573365,0.2648099562229052,0.3677551131282727,1-2,1-5,0.19325867033030558,0.13689866581284188,0.09943938716444296,0.1707129218569398,0.0026722434764035923,True,True,False,False,一般,2026-08-13,風速区分,0.0829,1号艇のdominance,0.0763,1号艇vs5号艇のcumulative差,-0.076,1号艇vs3号艇のcumulative差,-0.0758,ST差分(4-3),-0.0706,2号艇のsession_exh_rel_avg,-0.1492,2号艇のclass_rank_2to6,0.0778,2号艇のwin_rate_rank_2to6,0.0609,2号艇の節間得点,-0.0566,2号艇のcumulative_diff_rank_2to6,-0.0486,5号艇のwin_rate_rank_2to6,0.2546,5号艇のclass_rank_2to6,0.1373,1号艇vs5号艇のcumulative差,0.0547,5号艇の級別,0.0516,5号艇のracer_avgfin_te,0.0503,0.0889,東 1.1m/s,[逃げ]風速区分が有利(+8.3pt)、1号艇のdominanceが有利(+7.6pt) / [2着]2号艇のsession_exh_rel_avgが不利(-14.9pt)、2号艇のclass_rank_2to6が有利(+7.8pt) / [候補2]5号艇のwin_rate_rank_2to6が有利(+25.5pt)、5号艇のclass_rank_2to6が有利(+13.7pt) / [除外]6号艇のvs_avg456_diffが不利(-12.0pt)、6号艇の直近平均着順が不利(-11.3pt)、天気+8.9pt
100,16,児島,11,16:13,0.46461728442649486,2,0.44861358804393153,4,0.27441730435327893,0.3359326497820571,0.17850377979257387,0.5445271126046365,0.2639743524918585,0.39851098862883094,1-2,1-4,0.20843362703379772,0.0829359414270907,0.12749902274825942,0.032089798051738054,0.013658888242271903,True,False,False,False,特別選抜戦,2026-08-13,1号艇のdominance,-0.2125,1号艇のsession_exh_rel_avg,0.1355,1号艇のracer_win_te,-0.117,1号艇の級別順位,-0.1147,1号艇の年齢,-0.1064,2号艇のsession_exh_rel_avg,-0.1223,2号艇のclass_rank_2to6,0.082,1号艇の年齢,0.0647,2号艇のracer_avgfin_te,0.0592,2号艇の当地勝率,0.058,4号艇のwin_rate_rank_2to6,0.1942,4号艇の全国勝率,0.1514,4号艇のclass_rank_2to6,0.0926,4号艇の当地勝率,0.0719,4号艇の節間得点,0.0559,0.069,東 3.0m/s,[逃げ]1号艇のdominanceが不利(-21.2pt)、1号艇のsession_exh_rel_avgが有利(+13.6pt) / [2着]2号艇のsession_exh_rel_avgが不利(-12.2pt)、2号艇のclass_rank_2to6が有利(+8.2pt) / [候補2]4号艇のwin_rate_rank_2to6が有利(+19.4pt)、4号艇の全国勝率が有利(+15.1pt) / [除外]6号艇のwin_rate_rank_2to6が不利(-7.7pt)、天気+6.9pt
101,07,蒲郡,1,15:25,0.4058437606001567,3,0.48517398917363813,2,0.27822483075019344,0.3098206479156096,0.12492810784181411,0.6384707120820174,0.2633742791383032,0.4084156671655319,1-3,1-2,0.11291581160400062,0.19690483631160902,0.03243656516801922,0.05070129309118376,0.012885263496659046,True,False,False,False,予選,2026-08-13,1号艇のracer_win_te,-0.243,1号艇のdominance,-0.1486,1号艇の女子戦比率,-0.147,1号艇の年齢,0.1263,1号艇の級別順位,-0.0945,3号艇のsession_exh_rel_avg,0.1405,場特性:1x_diff_course3,0.079,3号艇のwin_rate_rank_2to6,0.0736,1号艇vs3号艇の枠別平均ST差,0.0568,3号艇の全国勝率,0.0419,2号艇のsession_exh_rel_avg,-0.1335,2号艇の全国勝率,0.0642,2号艇のclass_rank_2to6,-0.0623,1号艇vs2号艇の枠別平均ST差,0.0404,1号艇vs4号艇の直近複勝率差,0.0396,-0.0078,東 2.0m/s,[逃げ]1号艇のracer_win_teが不利(-24.3pt)、1号艇のdominanceが不利(-14.9pt) / [2着]3号艇のsession_exh_rel_avgが有利(+14.0pt)、場特性:1x_diff_course3が有利(+7.9pt) / [候補2]2号艇のsession_exh_rel_avgが不利(-13.4pt)、2号艇の全国勝率が有利(+6.4pt) / [除外]6号艇のwin_rate_rank_2to6が不利(-8.2pt)、1号艇vs5号艇の枠別平均ST差が不利(-6.0pt)、天気-0.8pt
102,16,児島,1,10:45,0.4705578514703421,3,0.4842680540366077,2,0.21228116172792877,0.3277667024135121,0.1680926021311706,0.5284566136333659,0.2616525129327437,0.3879736757794682,1-3,1-2,0.09989056737032238,0.22787613504318968,0.07909729370690269,0.06255339354848748,0.001140467991596154,False,False,True,False,一般,2026-08-13,1号艇のdominance,0.1947,1号艇のracer_win_te,-0.1727,1号艇のsession_exh_rel_avg,0.1158,1号艇の全国勝率,-0.0849,1号艇の級別順位,0.0839,3号艇のwin_rate_rank_2to6,0.1608,3号艇のsession_exh_rel_avg,0.1321,3号艇の節間得点,-0.0784,4号艇の節間得点,0.0604,3号艇のracer_2nd_te,-0.0459,2号艇の全国勝率,-0.0981,2号艇の女子戦比率,-0.0786,2号艇の節間得点,-0.0731,6号艇の直近平均着順,-0.0586,2号艇のracer_avgfin_te,-0.0513,-0.0762,東 4.7m/s,[逃げ]1号艇のdominanceが有利(+19.5pt)、1号艇のracer_win_teが不利(-17.3pt) / [2着]3号艇のwin_rate_rank_2to6が有利(+16.1pt)、3号艇のsession_exh_rel_avgが有利(+13.2pt) / [候補2]2号艇の全国勝率が不利(-9.8pt)、2号艇の女子戦比率が不利(-7.9pt) / [除外]6号艇の直近平均着順が不利(-24.7pt)、6号艇の全国勝率が不利(-15.9pt)、天気-7.6pt
103,04,平和島,10,16:37,0.4734552856459704,3,0.3242482895816314,2,0.3209646657788182,0.3054794840826624,0.12355564442861278,0.5216573109318368,0.2601870266639982,0.3703328321374147,1-3,1-2,0.15196241751857378,0.15351706656408862,0.05791814772845107,0.05849807292612081,0.051559570326185834,True,False,False,False,予選特別,2026-08-13,1号艇のsession_exh_rel_avg,0.1948,場特性:in_escape_diff,-0.1352,1号艇のdominance,0.1047,1号艇の年齢,-0.1045,1号艇の級別順位,-0.0914,3号艇のwin_rate_rank_2to6,-0.0983,4号艇のsession_exh_rel_delta,-0.0734,3号艇の全国勝率,0.0556,3号艇の枠別平均ST,-0.051,1号艇のracer_2nd_te,0.0497,2号艇のsession_exh_rel_avg,0.08,2号艇の全国勝率,0.0669,2号艇の一般戦勝率,-0.0611,2号艇のsession_exh_rel_last,0.0339,2号艇のwin_rate_rank_2to6,-0.0303,0.0931,北東 3.5m/s,[逃げ]1号艇のsession_exh_rel_avgが有利(+19.5pt)、場特性:in_escape_diffが不利(-13.5pt) / [2着]3号艇のwin_rate_rank_2to6が不利(-9.8pt)、4号艇のsession_exh_rel_deltaが不利(-7.3pt) / [候補2]2号艇のsession_exh_rel_avgが有利(+8.0pt)、2号艇の全国勝率が有利(+6.7pt)、天気+9.3pt
104,12,住之江,6,17:32,0.5770021562712675,3,0.3293830043171262,5,0.315771739650509,0.372255678397963,0.25091872401316595,0.3942360199544692,0.2601685746016362,0.37884978086491483,1-3,1-5,0.1447806448044318,0.19005470373009004,0.053831205859700505,0.18220097466787297,0.006134615655606802,True,False,False,False,予選特別Ｂ戦,2026-08-13,風速区分,0.0673,3号艇のracer_win_te,-0.064,1号艇のdominance,-0.0612,場特性:in_escape_diff,0.0511,1号艇の年齢,0.0511,3号艇のwin_rate_rank_2to6,0.0694,3号艇のモーター2連率,0.0685,場特性:1x_diff_course3,0.052,3号艇の枠別勝率,0.0439,3号艇のcumulative_diff_rank_2to6,0.0379,5号艇のwin_rate_rank_2to6,0.2841,5号艇のclass_rank_2to6,0.1982,1号艇の女子戦2連率,0.0924,5号艇のracer_avgfin_te,0.0841,3号艇の一般戦勝率,0.0819,0.0405,東 1.5m/s,[逃げ]風速区分が有利(+6.7pt)、3号艇のracer_win_teが不利(-6.4pt) / [2着]3号艇のwin_rate_rank_2to6が有利(+6.9pt)、3号艇のモーター2連率が有利(+6.9pt) / [候補2]5号艇のwin_rate_rank_2to6が有利(+28.4pt)、5号艇のclass_rank_2to6が有利(+19.8pt) / [除外]6号艇のwin_rate_rank_2to6が不利(-7.9pt)、3号艇のracer_win_teが不利(-6.5pt)、天気+4.0pt
105,12,住之江,1,15:16,0.4026390543174382,2,0.5976490017367286,4,0.19864695908997965,0.3206198526240616,0.16314145439904634,0.6331545064276619,0.25785218574450486,0.4143802487651417,1-2,1-4,0.2406368288730374,0.06568712091920348,0.07998302375102423,0.015828295948911657,0.0005037955826964063,True,False,False,False,予選,2026-08-13,1号艇のdominance,-0.221,1号艇のvs_max234_diff,-0.0911,1号艇のモーター2連率順位,-0.0838,6号艇の枠別出走数,-0.0816,1号艇の全国勝率,-0.0767,2号艇のwin_rate_rank_2to6,0.2367,2号艇のclass_rank_2to6,0.1138,2号艇の当地勝率,0.0681,2号艇のracer_avgfin_te,0.0578,2号艇の直近平均着順,0.0565,4号艇のclass_rank_2to6,0.1108,4号艇のwin_rate_rank_2to6,0.0869,4号艇のsession_exh_rel_avg,-0.0465,4号艇のcumulative_diff_rank_2to6,0.0406,場特性:1x_diff_course4,0.0384,0.0342,東 0.8m/s,[逃げ]1号艇のdominanceが不利(-22.1pt)、1号艇のvs_max234_diffが不利(-9.1pt) / [2着]2号艇のwin_rate_rank_2to6が有利(+23.7pt)、2号艇のclass_rank_2to6が有利(+11.4pt) / [候補2]4号艇のclass_rank_2to6が有利(+11.1pt)、4号艇のwin_rate_rank_2to6が有利(+8.7pt) / [除外]6号艇の直近平均着順が不利(-24.5pt)、6号艇の全国勝率が不利(-16.1pt)、天気+3.4pt
106,01,桐生,11,20:02,0.40624834866144777,2,0.4204381934702159,3,0.33212180184619733,0.30572625536595976,0.1317934320561193,0.620766563260294,0.2573750004087453,0.40023834773426004,1-2,1-3,0.1708023218114775,0.13492393355448223,0.05354086413722318,0.034491656992164055,0.012489574436190358,False,False,False,False,予選特別,2026-08-13,1号艇のracer_win_te,0.1814,1号艇の級別順位,-0.1159,場特性:in_escape_diff,-0.1116,1号艇の年齢,-0.0864,3号艇のsession_exh_rel_last,-0.0832,2号艇のwin_rate_rank_2to6,0.0831,2号艇のracer_avgfin_te,0.0771,2号艇のclass_rank_2to6,0.0699,2号艇の全国勝率,0.0639,2号艇のsession_exh_rel_avg,0.0587,3号艇のwin_rate_rank_2to6,0.1516,4号艇のモーター出走数,-0.0885,6号艇のモーター出走数,0.0788,3号艇の当地勝率,0.0662,3号艇のsession_exh_rel_avg,0.0657,-0.0087,東 2.1m/s,[逃げ]1号艇のracer_win_teが有利(+18.1pt)、1号艇の級別順位が不利(-11.6pt) / [2着]2号艇のwin_rate_rank_2to6が有利(+8.3pt)、2号艇のracer_avgfin_teが有利(+7.7pt) / [候補2]3号艇のwin_rate_rank_2to6が有利(+15.2pt)、4号艇のモーター出走数が不利(-8.8pt) / [除外]1号艇のsession_exh_rel_deltaが不利(-8.1pt)、6号艇のwin_rate_rank_2to6が不利(-5.7pt)、天気-0.9pt
107,08,常滑,10,15:01,0.4646176069894467,3,0.5237779801550113,2,0.176729777502702,0.32546823804047004,0.17628040891609192,0.5242273487416214,0.25661982913130127,0.3850959712508154,1-3,1-2,0.08211176630708275,0.24335647173338726,0.08190298174971576,0.05390567495343007,0.0033407209000081905,True,False,False,False,予選,2026-08-13,場特性:in_escape_diff,0.0941,1号艇vs4号艇のcumulative差,-0.0848,1号艇vs2号艇のcumulative差,-0.0806,1号艇のracer_win_te,0.0784,1号艇のdominance,-0.0704,3号艇のwin_rate_rank_2to6,0.1979,3号艇の当地勝率,0.107,3号艇のsession_exh_rel_avg,0.089,3号艇の節間得点,0.0579,3号艇のracer_avgfin_te,0.0464,2号艇のwin_rate_rank_2to6,-0.1109,2号艇のclass_rank_2to6,-0.0659,2号艇のsession_rank_diff_delta,-0.0594,2号艇のsession_exh_rel_avg,-0.0569,1号艇vs2号艇のcumulative差,0.0491,0.0752,南東 2.3m/s,[逃げ]場特性:in_escape_diffが有利(+9.4pt)、1号艇vs4号艇のcumulative差が不利(-8.5pt) / [2着]3号艇のwin_rate_rank_2to6が有利(+19.8pt)、3号艇の当地勝率が有利(+10.7pt) / [候補2]2号艇のwin_rate_rank_2to6が不利(-11.1pt)、2号艇のclass_rank_2to6が不利(-6.6pt) / [除外]4号艇の女子戦2連率が不利(-12.6pt)、6号艇のwin_rate_rank_2to6が不利(-7.4pt)、天気+7.5pt
108,08,常滑,5,12:33,0.40367870591320487,2,0.5622840161646747,4,0.18153304186843072,0.3002631074229712,0.12846808305545013,0.6153489749776553,0.25397403643548905,0.3947888676893764,1-2,1-4,0.22698208400103545,0.029598668617578323,0.07328102342193575,0.05185982951897423,0.021957100353681123,True,True,False,False,三Ａ傑戦,2026-08-13,6号艇の女子戦勝率,0.1144,1号艇vs2号艇のcumulative差,-0.0963,1号艇の級別順位,-0.0872,1号艇の勝率順位,-0.0705,1号艇の節間得点,-0.0678,2号艇のsession_exh_rel_avg,0.0976,6号艇の女子戦2連率,0.0612,3号艇のracer_2nd_te,0.0593,2号艇の節間得点,0.0588,2号艇の全国勝率,0.0486,6号艇の女子戦勝率,0.237,4号艇のwin_rate_rank_2to6,-0.0665,4号艇のclass_rank_2to6,0.0646,4号艇の全国勝率,0.0604,1号艇vs2号艇の枠別平均ST差,-0.0565,-0.0198,南 5.8m/s,[逃げ]6号艇の女子戦勝率が有利(+11.4pt)、1号艇vs2号艇のcumulative差が不利(-9.6pt) / [2着]2号艇のsession_exh_rel_avgが有利(+9.8pt)、6号艇の女子戦2連率が有利(+6.1pt) / [候補2]6号艇の女子戦勝率が有利(+23.7pt)、4号艇のwin_rate_rank_2to6が不利(-6.6pt) / [除外]3号艇のracer_2nd_teが不利(-5.5pt)、天気-2.0pt
109,23,唐津,7,11:30,0.30368997204341897,2,0.5479546649263705,3,0.3508120639550195,0.27294644276754443,0.05818614870412817,0.8405805801772618,0.2538883999989823,0.4432366839904596,1-2,1-3,0.16640833687255044,0.10653810589499398,0.017670549873270904,0.012393274293927583,0.0006797082905509599,True,True,False,False,一般,2026-08-13,1号艇のdominance,-0.2425,1号艇のvs_max234_diff,-0.1295,1号艇の級別順位,-0.082,1号艇vs3号艇のcumulative差,-0.0751,1号艇の全国勝率,-0.0682,2号艇のwin_rate_rank_2to6,0.2012,2号艇の当地勝率,0.1047,2号艇のclass_rank_2to6,0.0738,2号艇のsession_exh_rel_avg,0.0515,2号艇の全国勝率,0.0491,3号艇の当地勝率,0.0886,3号艇の節間得点,0.0616,3号艇のsession_exh_rel_avg,0.0599,1号艇のvs_max234_diff,-0.055,class_std_1to6,0.0546,0.1149,東 2.0m/s,[逃げ]1号艇のdominanceが不利(-24.3pt)、1号艇のvs_max234_diffが不利(-12.9pt) / [2着]2号艇のwin_rate_rank_2to6が有利(+20.1pt)、2号艇の当地勝率が有利(+10.5pt) / [候補2]3号艇の当地勝率が有利(+8.9pt)、3号艇の節間得点が有利(+6.2pt) / [除外]5号艇の直近平均着順が不利(-30.6pt)、ST差分(6-5)が不利(-7.8pt)、天気+11.5pt
110,13,尼崎,1,10:39,0.4822847719016568,2,0.4153611573630029,3,0.30246091639876016,0.34619465511016617,0.24681411375829176,0.47100796000347134,0.24365978272351843,0.3836386465781577,1-2,1-3,0.20032236103562404,0.14587229407454214,0.11903468855602732,0.015667092078736122,0.0013883295315774134,False,False,True,False,一般,2026-08-13,1号艇のdominance,-0.3695,1号艇のracer_win_te,-0.1662,1号艇のsession_exh_rel_avg,0.1473,1号艇のvs_max234_diff,-0.1449,1号艇の年齢,0.1345,2号艇の節間得点,-0.0732,1号艇の直近複勝率,0.0681,2号艇の全国勝率,0.0652,2号艇のsession_exh_rel_avg,0.0497,4号艇の節間得点,0.0374,3号艇のsession_exh_rel_avg,0.0913,1号艇のvs_max234_diff,-0.0728,2号艇のsession_rank_diff_delta,-0.0484,3号艇のcumulative_diff_rank_2to6,0.0484,場特性:1x_diff_course3,-0.0467,0.067,東 1.1m/s,[逃げ]1号艇のdominanceが不利(-36.9pt)、1号艇のracer_win_teが不利(-16.6pt) / [2着]2号艇の節間得点が不利(-7.3pt)、1号艇の直近複勝率が有利(+6.8pt) / [候補2]3号艇のsession_exh_rel_avgが有利(+9.1pt)、1号艇のvs_max234_diffが不利(-7.3pt) / [除外]6号艇の全国勝率が不利(-14.9pt)、6号艇の直近平均着順が不利(-12.8pt)、天気+6.7pt
111,19,下関,3,18:34,0.5407442567565584,2,0.3014931297425827,5,0.2940697507928223,0.3220472071869125,0.21173143246745235,0.3838314480679526,0.2402221873871196,0.3405824794512245,1-2,1-5,0.1630306783598615,0.11449255608161395,0.09285648525632374,0.15901652882705106,0.01134800823170812,True,False,False,False,予選,2026-08-13,1号艇のdominance,-0.2173,場特性:in_escape_diff,0.1074,1号艇の節間得点,0.1033,1号艇のモーター2連率,0.0872,ST差分(4-3),-0.0834,2号艇の節間得点,0.0567,2号艇のsession_exh_rel_avg,-0.0549,2号艇の全国勝率,0.0398,ST差分(4-3),-0.0355,2号艇のwin_rate_rank_2to6,0.0334,5号艇のwin_rate_rank_2to6,0.283,5号艇のclass_rank_2to6,0.1613,5号艇のcumulative_diff_rank_2to6,0.0592,5号艇の節間得点,0.0569,5号艇のracer_avgfin_te,0.0542,0.0657,北西 2.2m/s,[逃げ]1号艇のdominanceが不利(-21.7pt)、場特性:in_escape_diffが有利(+10.7pt) / [2着]2号艇の節間得点が有利(+5.7pt)、2号艇のsession_exh_rel_avgが不利(-5.5pt) / [候補2]5号艇のwin_rate_rank_2to6が有利(+28.3pt)、5号艇のclass_rank_2to6が有利(+16.1pt) / [除外]6号艇のwin_rate_rank_2to6が不利(-6.7pt)、天気+6.6pt
112,22,福岡,3,13:18,0.3269664047859931,3,0.5923962180910153,2,0.213560144237504,0.26352065420495313,0.11293645593245193,0.6930199063960674,0.22780734770386282,0.39237042986228743,1-3,1-2,0.0698269925669148,0.19369366163803833,0.03692642696550555,0.021970160036579218,0.004549161142865628,True,True,False,False,カタメン３予,2026-08-13,1号艇のdominance,-0.4104,1号艇のvs_max234_diff,-0.1693,1号艇のracer_win_te,-0.1379,1号艇の全国勝率,-0.0933,1号艇のsession_exh_rel_avg,0.0617,3号艇のwin_rate_rank_2to6,0.222,3号艇の全国勝率,0.1723,3号艇の当地勝率,0.1439,3号艇のsession_exh_rel_avg,0.0996,win_rate_gap_top2_2to6,0.0809,1号艇vs3号艇の直近複勝率差,0.1212,3号艇の全国2連率,0.0678,2号艇のsession_avg_finish,-0.0636,3号艇の女子戦2連率,0.0626,2号艇のclass_rank_2to6,-0.0553,0.0619,北 3.0m/s,[逃げ]1号艇のdominanceが不利(-41.0pt)、1号艇のvs_max234_diffが不利(-16.9pt) / [2着]3号艇のwin_rate_rank_2to6が有利(+22.2pt)、3号艇の全国勝率が有利(+17.2pt) / [候補2]1号艇vs3号艇の直近複勝率差が有利(+12.1pt)、3号艇の全国2連率が有利(+6.8pt) / [除外]1号艇vs3号艇の直近複勝率差が不利(-9.2pt)、6号艇のwin_rate_rank_2to6が不利(-7.5pt)、天気+6.2pt
113,12,住之江,4,16:40,0.421316899181883,3,0.4627932694881355,2,0.2545152519034075,0.3022142019894263,0.2100391135827297,0.5072694078088134,0.22604203827186092,0.3637307637352424,1-3,1-2,0.10723157672643949,0.19498262526298676,0.088493028041587,0.02826162040584949,0.002348049529784139,True,False,False,False,予選,2026-08-13,1号艇のdominance,-0.2276,6号艇の枠別出走数,-0.1252,1号艇の級別順位,-0.0927,ST差分(6-5),0.0924,1号艇のvs_max234_diff,-0.0755,3号艇のwin_rate_rank_2to6,0.1878,3号艇の当地勝率,0.1139,場特性:1x_diff_course3,0.0501,5号艇の一般戦2連率,-0.0445,3号艇の全国勝率,0.0426,2号艇のwin_rate_rank_2to6,-0.1298,4号艇のモーター出走数,-0.0466,2号艇のsession_exh_rel_avg,-0.0415,2号艇の全国勝率,0.0387,4号艇の女子戦勝率,0.0315,0.0348,東 0.6m/s,[逃げ]1号艇のdominanceが不利(-22.8pt)、6号艇の枠別出走数が不利(-12.5pt) / [2着]3号艇のwin_rate_rank_2to6が有利(+18.8pt)、3号艇の当地勝率が有利(+11.4pt) / [候補2]2号艇のwin_rate_rank_2to6が不利(-13.0pt)、4号艇のモーター出走数が不利(-4.7pt) / [除外]4号艇の女子戦2連率が不利(-12.4pt)、6号艇のvs_avg456_diffが不利(-11.5pt)、天気+3.5pt
114,04,平和島,6,14:26,0.38985207911039443,2,0.5184716501585163,3,0.18559736518908854,0.27448276947047195,0.1504307131312715,0.5536383022163334,0.22493400296604457,0.35822942929423035,1-2,1-3,0.20212725077409463,0.07235551869637731,0.058645726276285504,0.05576375946482918,0.0009598194057170571,True,True,False,False,予選,2026-08-13,場特性:in_escape_diff,-0.148,1号艇の級別順位,-0.1256,1号艇の勝率順位,-0.0866,6号艇の枠別出走数,-0.0818,1号艇の節間得点,-0.0567,2号艇のwin_rate_rank_2to6,0.2014,2号艇のclass_rank_2to6,0.1058,2号艇の当地勝率,0.0866,5号艇のsession_exh_rel_delta,-0.0814,2号艇の全国勝率,0.053,3号艇のwin_rate_rank_2to6,-0.1306,3号艇のモーター2連率,0.1114,3号艇の全国勝率,-0.071,3号艇のsession_exh_rel_avg,0.0678,3号艇のcumulative_diff_rank_2to6,0.0628,0.0021,東 2.9m/s,[逃げ]場特性:in_escape_diffが不利(-14.8pt)、1号艇の級別順位が不利(-12.6pt) / [2着]2号艇のwin_rate_rank_2to6が有利(+20.1pt)、2号艇のclass_rank_2to6が有利(+10.6pt) / [候補2]3号艇のwin_rate_rank_2to6が不利(-13.1pt)、3号艇のモーター2連率が有利(+11.1pt) / [除外]6号艇の全国勝率が不利(-15.9pt)、6号艇の直近平均着順が不利(-14.7pt)、天気影響ほぼなし
115,22,福岡,4,13:43,0.44343071304875076,3,0.40651786391264355,2,0.27837442166370585,0.3037022745547093,0.2199441134231474,0.464948172153202,0.22354524152887467,0.35207604383425706,1-3,1-2,0.12343976829287069,0.18026250626183854,0.09752997504610157,0.02155894762550965,0.020639521604108754,True,True,False,False,予選,2026-08-13,1号艇のsession_exh_rel_avg,0.1131,1号艇のdominance,-0.095,1号艇の級別順位,-0.081,1号艇vs4号艇のcumulative差,-0.0734,1号艇vs4号艇の枠別平均ST差,-0.068,3号艇のwin_rate_rank_2to6,0.1812,3号艇の節間得点,-0.05,3号艇の枠別平均ST,-0.0465,2号艇の枠別勝率,-0.0424,場特性:1x_diff_course3,0.0385,2号艇のwin_rate_rank_2to6,-0.1127,2号艇のsession_avg_finish,-0.056,2号艇のclass_rank_2to6,-0.0515,1号艇の体重,-0.0469,2号艇のsession_exh_rel_avg,0.0459,0.0585,北 3.2m/s,[逃げ]1号艇のsession_exh_rel_avgが有利(+11.3pt)、1号艇のdominanceが不利(-9.5pt) / [2着]3号艇のwin_rate_rank_2to6が有利(+18.1pt)、3号艇の節間得点が不利(-5.0pt) / [候補2]2号艇のwin_rate_rank_2to6が不利(-11.3pt)、2号艇のsession_avg_finishが不利(-5.6pt) / [除外]5号艇のracer_avgfin_teが不利(-5.2pt)、天気+5.8pt
116,22,福岡,2,12:47,0.40265560506732245,2,0.3992138809004657,5,0.281708515226574,0.27417721941642414,0.1770277251327123,0.5038946709943273,0.21593285609262167,0.34309245488979506,1-2,1-5,0.16074570676525102,0.07128120577700392,0.05586147726559466,0.11343151265117317,0.0013356997957827503,True,True,False,False,予選,2026-08-13,1号艇のdominance,-0.3054,1号艇のracer_win_te,-0.1677,6号艇の枠別出走数,-0.095,1号艇の級別順位,-0.0856,1号艇の勝率順位,-0.0746,2号艇のsession_avg_finish,-0.0841,2号艇の全国勝率,0.0545,2号艇のsession_exh_rel_avg,-0.0466,2号艇のwin_rate_rank_2to6,0.0438,2号艇の節間得点,-0.0411,5号艇のwin_rate_rank_2to6,0.278,5号艇のclass_rank_2to6,0.1525,5号艇の年齢,-0.1135,勝率の分散(2-6号艇),0.0654,風向(度),-0.063,0.0962,北 2.3m/s,[逃げ]1号艇のdominanceが不利(-30.5pt)、1号艇のracer_win_teが不利(-16.8pt) / [2着]2号艇のsession_avg_finishが不利(-8.4pt)、2号艇の全国勝率が有利(+5.4pt) / [候補2]5号艇のwin_rate_rank_2to6が有利(+27.8pt)、5号艇のclass_rank_2to6が有利(+15.2pt) / [除外]6号艇の直近平均着順が不利(-25.9pt)、6号艇の全国勝率が不利(-14.4pt)、天気+9.6pt
117,07,蒲郡,5,17:11,0.4168052052909816,2,0.44543845495865175,3,0.2206107067000322,0.2776127575590339,0.18706898663779034,0.4789801750208935,0.21529347287788467,0.3380229827975918,1-2,1-3,0.1856610666635385,0.09195169089549544,0.032845676879456075,0.07797132737914009,0.028375454342394173,True,False,False,False,予選,2026-08-13,4号艇のsession_exh_rel_avg,-0.2324,1号艇のdominance,-0.2027,6号艇の枠別出走数,-0.1875,1号艇の級別順位,-0.0955,1号艇のsession_exh_rel_avg,0.095,4号艇の女子戦比率,0.1165,2号艇のsession_exh_rel_avg,0.0543,2号艇の全国勝率,0.0493,2号艇のモーター2連率,-0.043,1号艇のモーター出走数,0.0408,5号艇のsession_exh_rel_delta,0.2236,3号艇のwin_rate_rank_2to6,-0.1627,4号艇のsession_exh_rel_last,-0.1138,3号艇の枠別平均ST,-0.0775,3号艇のcumulative_diff_rank_2to6,-0.0586,0.0448,東 2.0m/s,[逃げ]4号艇のsession_exh_rel_avgが不利(-23.2pt)、1号艇のdominanceが不利(-20.3pt) / [2着]4号艇の女子戦比率が有利(+11.6pt)、2号艇のsession_exh_rel_avgが有利(+5.4pt) / [候補2]5号艇のsession_exh_rel_deltaが有利(+22.4pt)、3号艇のwin_rate_rank_2to6が不利(-16.3pt) / [除外]5号艇のsession_exh_rel_lastが不利(-6.1pt)、6号艇のsession_exh_rel_avgが不利(-6.0pt)、天気+4.5pt
118,24,大村,10,19:49,0.31862270320258274,2,0.545084522286053,3,0.2530015217922875,0.25428833275249646,0.12915156835276492,0.6689344757255755,0.21487824836594285,0.3786821756444202,1-2,1-3,0.17367630396467065,0.08061202878782579,0.0411506218314111,0.013686102145737173,0.009497639944646669,True,False,False,False,予選特賞,2026-08-13,1号艇の年齢,-0.1578,場特性:in_escape_diff,0.1394,1号艇vs2号艇のcumulative差,-0.1147,4号艇のモーター2連率,-0.0968,レース時間帯,0.0958,2号艇のsession_exh_rel_avg,0.1045,2号艇の女子戦比率,-0.0805,2号艇のwin_rate_rank_2to6,0.0737,2号艇のracer_2nd_te,0.0527,2号艇のclass_rank_2to6,-0.0491,3号艇のwin_rate_rank_2to6,0.152,3号艇のsession_exh_rel_avg,-0.1009,3号艇の女子戦比率,-0.0773,3号艇のclass_rank_2to6,0.056,6号艇の女子戦比率,0.041,0.1599,西 1.9m/s,[逃げ]1号艇の年齢が不利(-15.8pt)、場特性:in_escape_diffが有利(+13.9pt) / [2着]2号艇のsession_exh_rel_avgが有利(+10.4pt)、2号艇の女子戦比率が不利(-8.1pt) / [候補2]3号艇のwin_rate_rank_2to6が有利(+15.2pt)、3号艇のsession_exh_rel_avgが不利(-10.1pt) / [除外]6号艇のwin_rate_rank_2to6が不利(-6.0pt)、2号艇のracer_2nd_teが不利(-5.4pt)、天気+16.0pt
119,24,大村,4,16:49,0.3866469025964775,4,0.48894038015958363,5,0.18787207531582656,0.2616874395482837,0.16672306558017053,0.5100893898952397,0.20933224097390524,0.3362080246523705,1-4,1-5,0.056140448157228295,0.06446295689796232,0.1890472835430472,0.07264015600523648,0.0043560533117943355,True,False,False,False,予選,2026-08-13,1号艇のracer_win_te,-0.2501,1号艇のdominance,-0.2132,1号艇の女子戦比率,-0.1811,1号艇のsession_exh_rel_avg,0.1182,場特性:in_escape_diff,0.0997,4号艇のclass_rank_2to6,0.2089,4号艇のwin_rate_rank_2to6,0.187,1号艇の平均ST,0.1074,4号艇のsession_exh_rel_avg,0.0927,4号艇のモーター2連率,0.0797,5号艇のwin_rate_rank_2to6,0.1438,3号艇のracer_avgfin_te,0.0916,mean_234_全国勝率,0.0883,5号艇の性別,-0.0858,3号艇の一般戦2連率,0.0625,0.0278,南西 3.7m/s,[逃げ]1号艇のracer_win_teが不利(-25.0pt)、1号艇のdominanceが不利(-21.3pt) / [2着]4号艇のclass_rank_2to6が有利(+20.9pt)、4号艇のwin_rate_rank_2to6が有利(+18.7pt) / [候補2]5号艇のwin_rate_rank_2to6が有利(+14.4pt)、3号艇のracer_avgfin_teが有利(+9.2pt) / [除外]4号艇の女子戦2連率が不利(-16.4pt)、2号艇のwin_rate_rank_2to6が不利(-5.1pt)、天気+2.8pt
120,23,唐津,4,10:02,0.48643237068517986,5,0.2938817254751819,4,0.2751367811084538,0.27678902112121856,0.20546430704629126,0.36355419953734447,0.20854470381398763,0.3028185746460563,1-5,1-4,0.09994448996771517,0.08689925544605828,0.1338354366972746,0.14295358442394393,0.022799616834900432,False,False,True,False,一般,2026-08-13,1号艇のdominance,-0.1517,1号艇のracer_win_te,-0.1389,5号艇の枠別出走数,-0.0862,1号艇の級別順位,-0.0667,avg_entry_count,-0.0625,5号艇のracer_avgfin_te,-0.1645,5号艇の枠別出走数,0.154,5号艇の年齢,0.1328,3号艇のsession_exh_rel_last,0.1245,1号艇vs6号艇の直近複勝率差,0.1179,4号艇のclass_rank_2to6,0.1324,4号艇のwin_rate_rank_2to6,0.0818,6号艇の節間得点,-0.0617,6号艇の直近平均着順,0.0547,4号艇のsession_exh_rel_avg,-0.0484,0.0514,東 2.0m/s,[逃げ]1号艇のdominanceが不利(-15.2pt)、1号艇のracer_win_teが不利(-13.9pt) / [2着]5号艇のracer_avgfin_teが不利(-16.5pt)、5号艇の枠別出走数が有利(+15.4pt) / [候補2]4号艇のclass_rank_2to6が有利(+13.2pt)、4号艇のwin_rate_rank_2to6が有利(+8.2pt) / [除外]5号艇の直近平均着順が不利(-32.8pt)、3号艇のsession_exh_rel_avgが不利(-6.4pt)、天気+5.1pt
121,04,平和島,9,16:05,0.3533995257281327,3,0.5409837878486691,2,0.21997293098479495,0.26892174353538223,0.18930640082645334,0.5716503180070107,0.2078314146881929,0.3597403158768707,1-3,1-2,0.0777383294830538,0.19118341405232842,0.0669007922693684,0.009214772115901219,0.008362211554030701,True,False,False,False,予選,2026-08-13,1号艇のsession_exh_rel_avg,-0.1622,場特性:in_escape_diff,-0.1293,1号艇vs3号艇のcumulative差,-0.0894,1号艇のsession_exh_rel_last,-0.0855,1号艇の勝率順位,-0.0645,3号艇のwin_rate_rank_2to6,0.1547,3号艇の一般戦2連率,0.0887,3号艇の節間得点,0.076,3号艇の年齢,-0.0618,2号艇の直近平均着順,0.0613,2号艇のsession_exh_rel_avg,0.1035,2号艇の全国勝率,-0.0657,3号艇の女子戦2連率,-0.0522,1号艇のsession_exh_rel_avg,-0.0512,2号艇のwin_rate_rank_2to6,-0.0508,0.0033,北東 3.2m/s,[逃げ]1号艇のsession_exh_rel_avgが不利(-16.2pt)、場特性:in_escape_diffが不利(-12.9pt) / [2着]3号艇のwin_rate_rank_2to6が有利(+15.5pt)、3号艇の一般戦2連率が有利(+8.9pt) / [候補2]2号艇のsession_exh_rel_avgが有利(+10.3pt)、2号艇の全国勝率が不利(-6.6pt) / [除外]6号艇のwin_rate_rank_2to6が不利(-6.2pt)、5号艇のwin_rate_rank_2to6が不利(-5.1pt)、天気+0.3pt
122,01,桐生,5,17:01,0.41323906050325443,4,0.3662426670997292,3,0.2602452583485556,0.2588892817288821,0.18413905878396256,0.44234886666432227,0.20168332732870714,0.31392715720951414,1-4,1-3,0.07609345165383823,0.10754350606038385,0.15134577566849827,0.04310085574298174,0.035155460601504075,True,False,False,False,予選,2026-08-13,1号艇のdominance,-0.2194,1号艇のsession_exh_rel_avg,0.1135,2号艇のsession_exh_rel_avg,-0.0928,6号艇のモーター出走数,-0.0911,1号艇の節間得点,0.0909,4号艇のwin_rate_rank_2to6,0.2135,4号艇のracer_win_te,0.1589,4号艇のclass_rank_2to6,0.1255,4号艇の全国勝率,0.1249,4号艇のsession_exh_rel_avg,-0.1192,4号艇のモーター出走数,-0.1107,3号艇のsession_exh_rel_avg,-0.1082,3号艇のwin_rate_rank_2to6,-0.1039,6号艇のモーター出走数,0.0635,4号艇の当地2連率,0.0623,0.0231,東 1.8m/s,[逃げ]1号艇のdominanceが不利(-21.9pt)、1号艇のsession_exh_rel_avgが有利(+11.4pt) / [2着]4号艇のwin_rate_rank_2to6が有利(+21.3pt)、4号艇のracer_win_teが有利(+15.9pt) / [候補2]4号艇のモーター出走数が不利(-11.1pt)、3号艇のsession_exh_rel_avgが不利(-10.8pt) / [除外]4号艇の当地2連率が不利(-22.7pt)、2号艇のwin_rate_rank_2to6が不利(-5.6pt)、天気+2.3pt
123,22,福岡,5,14:20,0.32349988126327894,2,0.5213508635245048,3,0.2459267836272121,0.24821422774954843,0.16531183619912854,0.6019658109525883,0.1989749280375166,0.35433970271046034,1-2,1-3,0.16865694244668525,0.07955728530286321,0.0534783593818327,0.018722472888478305,0.003084827269074361,True,True,False,False,予選,2026-08-13,1号艇のdominance,-0.3569,1号艇のracer_win_te,-0.1989,1号艇のvs_max234_diff,-0.167,1号艇のsession_exh_rel_avg,-0.1126,1号艇の級別順位,-0.0957,2号艇のwin_rate_rank_2to6,0.1566,2号艇のclass_rank_2to6,0.1001,2号艇のsession_exh_rel_avg,0.0667,2号艇の全国勝率,0.0622,2号艇のracer_avgfin_te,0.0565,3号艇のsession_exh_rel_avg,-0.1121,1号艇のvs_max234_diff,-0.0596,場特性:1x_diff_course3,0.0491,3号艇のwin_rate_rank_2to6,0.0459,3号艇のracer_2nd_te,0.0334,0.0602,北 2.8m/s,[逃げ]1号艇のdominanceが不利(-35.7pt)、1号艇のracer_win_teが不利(-19.9pt) / [2着]2号艇のwin_rate_rank_2to6が有利(+15.7pt)、2号艇のclass_rank_2to6が有利(+10.0pt) / [候補2]3号艇のsession_exh_rel_avgが不利(-11.2pt)、1号艇のvs_max234_diffが不利(-6.0pt) / [除外]6号艇のwin_rate_rank_2to6が不利(-6.9pt)、天気+6.0pt
124,03,江戸川,1,11:14,0.3207201791372445,2,0.3502883733098978,3,0.3489437821009652,0.22425786214189358,0.11181524580924797,0.5874169096016151,0.19416732456583086,0.33320557637981,1-2,1-3,0.1123445498376444,0.11191331230424917,0.03586140566621703,0.02884771658899588,0.03175320071401685,True,True,False,False,予選,2026-08-13,1号艇のdominance,-0.215,1号艇の直近1着率,-0.0877,1号艇のsession_exh_rel_avg,-0.0855,場特性:in_escape_diff,-0.0804,1号艇のvs_max234_diff,-0.0671,2号艇のwin_rate_rank_2to6,0.0747,2号艇のclass_rank_2to6,-0.0475,2号艇のモーター2連率,0.044,second_best_win_rate,0.043,2号艇の全国勝率,-0.0412,3号艇のwin_rate_rank_2to6,0.1331,3号艇のモーター2連率,0.1253,3号艇のsession_exh_rel_avg,-0.1252,3号艇のsession_exh_rel_last,-0.0874,4号艇のsession_exh_rel_delta,-0.072,0.0198,北東 1.1m/s,[逃げ]1号艇のdominanceが不利(-21.5pt)、1号艇の直近1着率が不利(-8.8pt) / [2着]2号艇のwin_rate_rank_2to6が有利(+7.5pt)、2号艇のclass_rank_2to6が不利(-4.8pt) / [候補2]3号艇のwin_rate_rank_2to6が有利(+13.3pt)、3号艇のモーター2連率が有利(+12.5pt) / [除外]6号艇のwin_rate_rank_2to6が不利(-6.8pt)、天気+2.0pt
125,21,芦屋,8,11:52,0.24720135371623891,4,0.44229810290986715,2,0.40409270855686596,0.20922895436756236,0.06459673140209045,0.7817940800646427,0.19301034648737636,0.38099849207668646,1-4,1-2,0.09989226458211886,0.01596839944824104,0.10933668978544352,0.015088405007828784,0.006915591209019476,True,True,False,False,予選,2026-08-13,1号艇のdominance,-0.2573,1号艇のvs_max234_diff,-0.1128,4号艇のracer_win_te,-0.0795,1号艇の級別順位,-0.0793,1号艇の全国勝率,-0.0773,4号艇のracer_win_te,0.1706,4号艇のwin_rate_rank_2to6,0.1068,4号艇のclass_rank_2to6,0.1001,4号艇のsession_exh_rel_avg,0.0919,1号艇のモーター出走数,0.089,2号艇のwin_rate_rank_2to6,0.2019,3号艇のracer_2nd_te,0.0879,2号艇のclass_rank_2to6,0.0832,2号艇の全国勝率,0.062,3号艇のracer_win_te,0.0533,0.045,北 1.4m/s,[逃げ]1号艇のdominanceが不利(-25.7pt)、1号艇のvs_max234_diffが不利(-11.3pt) / [2着]4号艇のracer_win_teが有利(+17.1pt)、4号艇のwin_rate_rank_2to6が有利(+10.7pt) / [候補2]2号艇のwin_rate_rank_2to6が有利(+20.2pt)、3号艇のracer_2nd_teが有利(+8.8pt) / [除外]1号艇のsession_exh_rel_deltaが不利(-6.1pt)、天気+4.5pt
126,02,戸田,3,11:45,0.29334600024906277,2,0.5328443544674745,3,0.21907768863732133,0.22057332384389522,0.11727758977699776,0.6346444533277981,0.18953135449647934,0.34479466268906606,1-2,1-3,0.15630776013832745,0.06426556370556775,0.02516253492046183,0.013207233429569601,0.03440291187993266,True,True,False,False,予選,2026-08-13,1号艇の女子戦比率,-0.1969,場特性:in_escape_diff,-0.15,1号艇のdominance,-0.1466,1号艇の級別順位,-0.0999,1号艇のvs_max234_diff,-0.0929,2号艇のclass_rank_2to6,0.0994,2号艇の節間得点,0.0637,2号艇の直近平均着順,0.0608,2号艇の全国勝率,0.0589,2号艇のwin_rate_rank_2to6,0.0581,3号艇のwin_rate_rank_2to6,-0.0958,1号艇vs6号艇のplace_rate差,0.085,1号艇vs2号艇のplace_rate差,0.083,3号艇の全国勝率,-0.0597,3号艇の年齢,-0.048,-0.0196,東 1.3m/s,[逃げ]1号艇の女子戦比率が不利(-19.7pt)、場特性:in_escape_diffが不利(-15.0pt) / [2着]2号艇のclass_rank_2to6が有利(+9.9pt)、2号艇の節間得点が有利(+6.4pt) / [候補2]3号艇のwin_rate_rank_2to6が不利(-9.6pt)、1号艇vs6号艇のplace_rate差が有利(+8.5pt) / [除外]2号艇の直近1着率が不利(-8.2pt)、2号艇のracer_2nd_teが不利(-5.3pt)、天気-2.0pt
127,06,浜名湖,6,14:08,0.3136777363036778,2,0.5566012158855305,3,0.1460370168926709,0.22040197029828282,0.11721551065185411,0.5854227221263473,0.18940053490165723,0.32990819584670217,1-2,1-3,0.17459340942284785,0.04580856087543496,0.022665445451539257,0.03676789604095323,0.033842428018524384,True,True,False,False,予選,2026-08-13,1号艇のdominance,-0.232,1号艇のsession_exh_rel_avg,0.1029,1号艇の級別順位,-0.091,1号艇のvs_max234_diff,-0.0841,1号艇の体重,-0.0749,3号艇の女子戦比率,0.0853,2号艇のsession_exh_rel_avg,0.0807,2号艇のclass_rank_2to6,0.0771,2号艇のモーター2連率,0.0683,2号艇のwin_rate_rank_2to6,0.0621,3号艇のwin_rate_rank_2to6,-0.1109,3号艇のsession_exh_rel_avg,0.0621,6号艇のracer_2nd_te,-0.0587,1号艇vs6号艇の直近複勝率差,0.0544,3号艇のcumulative_diff_rank_2to6,-0.0486,-0.0328,南東 3.3m/s,[逃げ]1号艇のdominanceが不利(-23.2pt)、1号艇のsession_exh_rel_avgが有利(+10.3pt) / [2着]3号艇の女子戦比率が有利(+8.5pt)、2号艇のsession_exh_rel_avgが有利(+8.1pt) / [候補2]3号艇のwin_rate_rank_2to6が不利(-11.1pt)、3号艇のsession_exh_rel_avgが有利(+6.2pt)、天気-3.3pt
128,24,大村,6,17:47,0.37669353145358914,3,0.42852878819482054,4,0.26791631399824944,0.2623463650086633,0.2372004204118261,0.4592446817812439,0.18767196332038014,0.3214158600404375,1-3,1-4,0.08935186402720678,0.16142402255463406,0.10092234245402924,0.014730799896195166,0.010264503223170263,True,False,False,False,予選,2026-08-13,1号艇のracer_win_te,-0.2457,1号艇のdominance,-0.2156,1号艇の年齢,0.1359,場特性:in_escape_diff,0.1333,1号艇のsession_exh_rel_avg,-0.1082,3号艇のwin_rate_rank_2to6,0.1522,3号艇のsession_exh_rel_avg,-0.1473,3号艇の年齢,-0.0578,3号艇のclass_rank_2to6,0.0501,3号艇の女子戦比率,-0.0461,4号艇の女子戦比率,-0.102,4号艇のwin_rate_rank_2to6,0.1001,4号艇のsession_exh_rel_avg,0.0766,4号艇のclass_rank_2to6,-0.0622,1号艇vs3号艇のlocal_win_rate差,0.0445,-0.0632,南西 4.4m/s,[逃げ]1号艇のracer_win_teが不利(-24.6pt)、1号艇のdominanceが不利(-21.6pt) / [2着]3号艇のwin_rate_rank_2to6が有利(+15.2pt)、3号艇のsession_exh_rel_avgが不利(-14.7pt) / [候補2]4号艇の女子戦比率が不利(-10.2pt)、4号艇のwin_rate_rank_2to6が有利(+10.0pt) / [除外]1号艇の年齢が不利(-7.7pt)、6号艇のwin_rate_rank_2to6が不利(-7.1pt)、天気-6.3pt
129,21,芦屋,7,11:20,0.32181965809285407,2,0.5450316145318412,5,0.15979900706716593,0.2268283496563663,0.14850982642489016,0.556320795174117,0.18640486305351278,0.3256760833116915,1-2,1-5,0.17540188783843338,0.04779338156348725,0.045726360298916,0.05142646181793291,0.0014715724935133068,True,True,False,False,予選,2026-08-13,1号艇のracer_win_te,-0.1229,1号艇のモーター2連率,0.1147,1号艇の直近1着率,-0.1028,風向(度),-0.0933,1号艇の勝率順位,-0.0811,2号艇のwin_rate_rank_2to6,0.1877,全艇平均勝率,0.0982,1号艇vs3号艇の枠別平均ST差,-0.0685,3号艇のracer_2nd_te,0.0669,3号艇のrecent_race_count,0.0521,5号艇のwin_rate_rank_2to6,0.16,5号艇のsession_exh_rel_avg,0.1058,5号艇の女子戦比率,-0.0977,3号艇の一般戦2連率,0.0936,3号艇のracer_avgfin_te,0.0895,-0.0345,北 1.9m/s,[逃げ]1号艇のracer_win_teが不利(-12.3pt)、1号艇のモーター2連率が有利(+11.5pt) / [2着]2号艇のwin_rate_rank_2to6が有利(+18.8pt)、全艇平均勝率が有利(+9.8pt) / [候補2]5号艇のwin_rate_rank_2to6が有利(+16.0pt)、5号艇のsession_exh_rel_avgが有利(+10.6pt) / [除外]6号艇の直近平均着順が不利(-10.6pt)、6号艇の全国勝率が不利(-10.4pt)、天気-3.4pt
130,01,桐生,10,19:24,0.3164864880529467,2,0.4439530757268837,3,0.2564636482365109,0.22167242914072496,0.1348362069157854,0.5655805170476091,0.1858050657129527,0.3248448555127902,1-2,1-3,0.14050514979710532,0.08116727934361964,0.0410523286238483,0.01108789564672618,0.04267383758915737,True,False,False,False,予選特別,2026-08-13,1号艇のdominance,-0.2564,1号艇のsession_exh_rel_avg,0.1411,1号艇の年齢,-0.1104,場特性:in_escape_diff,-0.0897,1号艇の全国勝率,-0.0854,2号艇のsession_exh_rel_avg,0.1019,3号艇のモーター出走数,0.0904,1号艇vs6号艇の直近複勝率差,-0.0605,2号艇の全国勝率,0.0481,1号艇の直近複勝率,0.0448,3号艇のsession_exh_rel_avg,0.1201,1号艇の体重,0.0847,3号艇のwin_rate_rank_2to6,0.0763,6号艇のracer_2nd_te,-0.0719,6号艇のモーター出走数,0.0684,0.0296,東 2.2m/s,[逃げ]1号艇のdominanceが不利(-25.6pt)、1号艇のsession_exh_rel_avgが有利(+14.1pt) / [2着]2号艇のsession_exh_rel_avgが有利(+10.2pt)、3号艇のモーター出走数が有利(+9.0pt) / [候補2]3号艇のsession_exh_rel_avgが有利(+12.0pt)、1号艇の体重が有利(+8.5pt) / [除外]1号艇の体重が不利(-7.0pt)、5号艇のwin_rate_rank_2to6が不利(-5.0pt)、天気+3.0pt
131,08,常滑,7,13:37,0.3294358613539606,2,0.5143262066653574,4,0.21816245325675665,0.24130803261344996,0.19406557370023717,0.538423086221877,0.18511253446832432,0.33044254869597806,1-2,1-4,0.16943749690971718,0.06393215943108815,0.0718705357037328,0.013395588810937954,0.01080008418021717,True,True,False,False,予選,2026-08-13,1号艇のdominance,-0.2597,1号艇のracer_win_te,-0.2315,1号艇のvs_max234_diff,-0.1387,1号艇の年齢,0.1035,1号艇の全国勝率,-0.0836,2号艇のwin_rate_rank_2to6,0.1947,2号艇のclass_rank_2to6,0.1249,2号艇のsession_exh_rel_avg,-0.0647,2号艇の節間得点,0.0563,2号艇の全国勝率,0.0503,4号艇のclass_rank_2to6,0.1065,4号艇のsession_exh_rel_avg,0.0824,4号艇のwin_rate_rank_2to6,0.0726,4号艇の年齢,-0.0518,1号艇のsession_rank_diff_delta,0.0374,-0.011,南 5.0m/s,[逃げ]1号艇のdominanceが不利(-26.0pt)、1号艇のracer_win_teが不利(-23.2pt) / [2着]2号艇のwin_rate_rank_2to6が有利(+19.5pt)、2号艇のclass_rank_2to6が有利(+12.5pt) / [候補2]4号艇のclass_rank_2to6が有利(+10.7pt)、4号艇のsession_exh_rel_avgが有利(+8.2pt) / [除外]6号艇のwin_rate_rank_2to6が不利(-6.3pt)、1号艇のracer_2nd_teが不利(-5.2pt)、天気-1.1pt
132,23,唐津,6,11:00,0.32094589185924843,5,0.5460397490073126,6,0.1441665533185355,0.22151887726684336,0.14047166855728196,0.549734633768566,0.18417832569891227,0.31998360421736016,1-5,1-6,0.03339584796351181,0.045083804946073607,0.020947372443369198,0.1752492142357521,0.04626966303109127,True,True,False,False,一般,2026-08-13,1号艇のdominance,-0.3758,節間得点の分散(2-6号艇),-0.1466,1号艇の年齢,-0.0889,1号艇の直近1着率,-0.0885,1号艇のsession_exh_rel_avg,-0.081,1号艇の女子戦2連率,0.2209,1号艇vs6号艇の直近複勝率差,0.1973,5号艇のsession_exh_rel_avg,0.1333,5号艇のclass_rank_2to6,0.1118,5号艇のwin_rate_rank_2to6,0.1057,6号艇のwin_rate_rank_2to6,0.3057,6号艇のsession_exh_rel_avg,0.2097,2号艇の女子戦2連率,-0.1638,6号艇のsession_exh_rel_last,0.1457,6号艇の節間得点,0.1365,0.0856,東 2.0m/s,[逃げ]1号艇のdominanceが不利(-37.6pt)、節間得点の分散(2-6号艇)が不利(-14.7pt) / [2着]1号艇の女子戦2連率が有利(+22.1pt)、1号艇vs6号艇の直近複勝率差が有利(+19.7pt) / [候補2]6号艇のwin_rate_rank_2to6が有利(+30.6pt)、6号艇のsession_exh_rel_avgが有利(+21.0pt) / [除外]3号艇のsession_exh_rel_avgが不利(-5.8pt)、2号艇のwin_rate_rank_2to6が不利(-5.4pt)、天気+8.6pt
133,16,児島,2,11:12,0.4061088207162109,3,0.34383433493661886,2,0.22013415995159105,0.22903258038014734,0.18668342978018757,0.3772850651080223,0.17772467521602048,0.2735083257985098,1-3,1-2,0.08939842409729438,0.13963415628285297,0.06932383410943245,0.03193861871134157,0.07581378751528954,True,True,False,False,一般,2026-08-13,max_234_frame_win_rate,-0.1066,1号艇の平均ST,-0.1001,1号艇のracer_win_te,-0.0976,1号艇vs4号艇のcumulative差,-0.0762,1号艇vs2号艇のcumulative差,-0.075,3号艇のsession_exh_rel_avg,-0.1526,3号艇のwin_rate_rank_2to6,-0.0848,1号艇vs6号艇のcumulative差,-0.0777,1号艇vs3号艇のcumulative差,0.0667,3号艇の全国勝率,-0.041,2号艇のwin_rate_rank_2to6,-0.1497,2号艇のsession_exh_rel_avg,0.0805,2号艇の全国勝率,-0.0708,2号艇の節間得点,-0.0618,2号艇のsession_avg_finish,-0.0512,-0.0555,東 5.8m/s,[逃げ]max_234_frame_win_rateが不利(-10.7pt)、1号艇の平均STが不利(-10.0pt) / [2着]3号艇のsession_exh_rel_avgが不利(-15.3pt)、3号艇のwin_rate_rank_2to6が不利(-8.5pt) / [候補2]2号艇のwin_rate_rank_2to6が不利(-15.0pt)、2号艇のsession_exh_rel_avgが有利(+8.0pt) / [除外]4号艇の女子戦2連率が不利(-11.6pt)、5号艇のracer_avgfin_teが不利(-6.4pt)、天気-5.6pt
134,16,児島,4,12:12,0.44491408903195984,2,0.3030016527934333,5,0.21022180850747618,0.22834034875452341,0.19152233961011228,0.3217011216907972,0.17586161536949704,0.25634858063540555,1-2,1-5,0.13480970432776856,0.08521098725690274,0.06477239725148312,0.09353064442675486,0.06659036239878711,True,True,False,False,一般,2026-08-13,1号艇のdominance,-0.2326,1号艇のracer_win_te,-0.1108,1号艇の級別順位,-0.1069,1号艇のvs_max234_diff,0.0908,風速区分,-0.0775,2号艇のwin_rate_rank_2to6,-0.1778,2号艇のsession_exh_rel_avg,0.0821,2号艇のモーター2連率,0.0664,2号艇のclass_rank_2to6,-0.0648,5号艇のsession_exh_count,0.0473,5号艇のsession_exh_rel_avg,-0.1791,5号艇のclass_rank_2to6,0.1467,5号艇のwin_rate_rank_2to6,0.0844,avg_456_win_rate,0.0587,5号艇の節間得点,0.0512,-0.0755,東 6.1m/s,[逃げ]1号艇のdominanceが不利(-23.3pt)、1号艇のracer_win_teが不利(-11.1pt) / [2着]2号艇のwin_rate_rank_2to6が不利(-17.8pt)、2号艇のsession_exh_rel_avgが有利(+8.2pt) / [候補2]5号艇のsession_exh_rel_avgが不利(-17.9pt)、5号艇のclass_rank_2to6が有利(+14.7pt)、天気-7.5pt
135,04,平和島,4,13:24,0.3503515609227343,5,0.31136541825685443,2,0.2961881999796523,0.2128573584934151,0.15596798438996,0.45158563384654665,0.1730186386932682,0.28447584109935453,1-5,1-2,0.10376999818976615,0.054643626784995146,0.054539882747932,0.10908736030364898,0.02831069811703711,True,True,False,False,予選,2026-08-13,1号艇のdominance,-0.1894,場特性:in_escape_diff,-0.1234,1号艇の年齢,-0.0948,1号艇の級別順位,-0.0709,1号艇の全国勝率,-0.061,5号艇のwin_rate_rank_2to6,0.168,5号艇のclass_rank_2to6,0.1165,5号艇のsession_exh_rel_avg,0.1131,3号艇の一般戦2連率,0.0919,4号艇のsession_exh_rel_avg,0.0808,2号艇のsession_exh_rel_avg,-0.0992,2号艇の体重,-0.0869,1号艇の年齢,0.0544,2号艇の全国勝率,0.0541,2号艇のwin_rate_rank_2to6,-0.0332,-0.0416,東 2.1m/s,[逃げ]1号艇のdominanceが不利(-18.9pt)、場特性:in_escape_diffが不利(-12.3pt) / [2着]5号艇のwin_rate_rank_2to6が有利(+16.8pt)、5号艇のclass_rank_2to6が有利(+11.7pt) / [候補2]2号艇のsession_exh_rel_avgが不利(-9.9pt)、2号艇の体重が不利(-8.7pt) / [除外]6号艇のsession_exh_rel_avgが不利(-6.5pt)、天気-4.2pt
136,24,大村,3,16:17,0.27162338912672435,4,0.38985073479825927,3,0.3842749446410548,0.21027064065933468,0.16041791293785335,0.6137077665014607,0.1697932278673237,0.3313017784119725,1-4,1-3,0.04357325718881553,0.1043780628198877,0.105892577839447,0.010477864437536052,0.007301634936045908,True,False,False,False,予選,2026-08-13,1号艇のdominance,-0.2475,1号艇のracer_win_te,-0.1438,1号艇の平均ST,-0.1272,1号艇の女子戦比率,-0.1183,1号艇のsession_exh_rel_avg,-0.1171,4号艇のwin_rate_rank_2to6,0.2268,4号艇のclass_rank_2to6,0.2097,4号艇のsession_exh_rel_avg,-0.1013,4号艇の女子戦比率,-0.081,3号艇の年齢,0.0749,5号艇の体重,-0.1539,3号艇の全国勝率,-0.0612,3号艇のwin_rate_rank_2to6,0.058,3号艇のsession_exh_rel_last,-0.0548,1号艇の一般戦2連率,0.0401,0.0165,南西 2.9m/s,[逃げ]1号艇のdominanceが不利(-24.8pt)、1号艇のracer_win_teが不利(-14.4pt) / [2着]4号艇のwin_rate_rank_2to6が有利(+22.7pt)、4号艇のclass_rank_2to6が有利(+21.0pt) / [候補2]5号艇の体重が不利(-15.4pt)、3号艇の全国勝率が不利(-6.1pt) / [除外]5号艇のracer_avgfin_teが不利(-7.0pt)、2号艇のwin_rate_rank_2to6が不利(-6.1pt)、天気+1.6pt
137,01,桐生,4,16:33,0.261703416627689,3,0.44926698180664887,2,0.34695995788722633,0.20837531052889602,0.1562839362612701,0.6399430034326051,0.1692964540299516,0.3378456184000087,1-3,1-2,0.09080060641208622,0.1175747041168098,0.040900040083598356,0.007918429118608896,0.004509636409125102,True,False,False,False,予選,2026-08-13,1号艇のdominance,-0.3094,1号艇のvs_max234_diff,-0.1339,1号艇のsession_exh_rel_avg,0.1191,1号艇のracer_win_te,-0.0956,1号艇の全国勝率,-0.0908,3号艇のwin_rate_rank_2to6,0.2332,3号艇の全国勝率,0.1665,3号艇のsession_exh_rel_avg,0.1252,3号艇のモーター2連率,0.1035,6号艇のモーター出走数,0.0892,1号艇vs3号艇の直近複勝率差,0.1174,3号艇の全国2連率,0.1055,2号艇の女子戦比率,-0.094,2号艇のsession_exh_rel_avg,0.0836,3号艇の女子戦2連率,0.0836,0.0068,東 1.9m/s,[逃げ]1号艇のdominanceが不利(-30.9pt)、1号艇のvs_max234_diffが不利(-13.4pt) / [2着]3号艇のwin_rate_rank_2to6が有利(+23.3pt)、3号艇の全国勝率が有利(+16.7pt) / [候補2]1号艇vs3号艇の直近複勝率差が有利(+11.7pt)、3号艇の全国2連率が有利(+10.6pt) / [除外]1号艇vs3号艇の直近複勝率差が不利(-7.8pt)、6号艇のwin_rate_rank_2to6が不利(-6.6pt)、天気+0.7pt
138,21,芦屋,2,08:58,0.2790963614775319,4,0.5595782974979,3,0.1932794998541439,0.2101198719509445,0.1779995135704281,0.5748582837816157,0.165238389952446,0.3195413955001459,1-4,1-3,0.049679016582277045,0.05394360515748872,0.15617626679345578,0.009706779991441261,0.00959069061351039,False,False,True,False,サンライズＷ,2026-08-13,1号艇のdominance,-0.2412,6号艇のモーター出走数,-0.0919,1号艇のvs_max234_diff,-0.0884,ST差分(4-3),-0.0879,1号艇のracer_win_te,-0.0865,4号艇のwin_rate_rank_2to6,0.2287,4号艇のclass_rank_2to6,0.2218,5号艇のracer_win_te,0.1266,4号艇の全国勝率,0.1245,1号艇のモーター出走数,0.0896,6号艇のモーター出走数,0.0722,3号艇のwin_rate_rank_2to6,0.0683,4号艇のモーター出走数,-0.0657,3号艇の当地勝率,-0.0534,second_best_win_rate,-0.0408,0.0831,北西 2.6m/s,[逃げ]1号艇のdominanceが不利(-24.1pt)、6号艇のモーター出走数が不利(-9.2pt) / [2着]4号艇のwin_rate_rank_2to6が有利(+22.9pt)、4号艇のclass_rank_2to6が有利(+22.2pt) / [候補2]6号艇のモーター出走数が有利(+7.2pt)、3号艇のwin_rate_rank_2to6が有利(+6.8pt) / [除外]5号艇の直近平均着順が不利(-13.5pt)、5号艇のracer_win_teが不利(-12.0pt)、天気+8.3pt
139,23,唐津,5,10:30,0.26011855676556705,2,0.5999086231088762,6,0.13189963224791687,0.19035690721253656,0.11254722028066226,0.6192610350761308,0.16464793829094262,0.31902814557161485,1-2,1-6,0.15604736523429938,0.021565288500529012,0.029275620507382225,0.01892073763806784,0.034309541978237185,False,False,True,False,一般,2026-08-13,1号艇のdominance,-0.3353,1号艇のracer_win_te,-0.2388,1号艇のvs_max234_diff,-0.1688,1号艇のsession_exh_rel_avg,-0.1483,2号艇の枠別出走数,-0.0948,2号艇のwin_rate_rank_2to6,0.2335,2号艇の枠別出走数,-0.1281,2号艇の当地勝率,0.1203,2号艇のclass_rank_2to6,0.1123,2号艇のracer_avgfin_te,0.0798,6号艇のwin_rate_rank_2to6,0.1906,6号艇のclass_rank_2to6,0.128,3号艇の一般戦勝率,0.0919,6号艇のcumulative_diff_rank_2to6,0.0749,6号艇の全国勝率,0.0677,0.1009,東 2.0m/s,[逃げ]1号艇のdominanceが不利(-33.5pt)、1号艇のracer_win_teが不利(-23.9pt) / [2着]2号艇のwin_rate_rank_2to6が有利(+23.3pt)、2号艇の枠別出走数が不利(-12.8pt) / [候補2]6号艇のwin_rate_rank_2to6が有利(+19.1pt)、6号艇のclass_rank_2to6が有利(+12.8pt) / [除外]3号艇のwin_rate_rank_2to6が不利(-5.2pt)、天気+10.1pt
140,23,唐津,9,12:38,0.4054546762109335,5,0.27635301455097055,6,0.2507956283850806,0.21373488233666965,0.1962989092231352,0.33084973371291604,0.16338777321792156,0.24886933774954356,1-5,1-6,0.07959031067962571,0.04893393241320977,0.06319555078142843,0.11204862203467916,0.10168626030199047,True,True,False,False,一般,2026-08-13,1号艇のdominance,-0.3234,1号艇のracer_win_te,-0.1815,3号艇の枠別出走数,-0.0956,1号艇のsession_exh_rel_avg,-0.0941,1号艇のvs_max234_diff,0.0893,5号艇のsession_exh_rel_avg,-0.147,3号艇のracer_avgfin_te,0.0973,5号艇のcumulative_diff_rank_2to6,-0.0927,mean_234_全国勝率,0.0828,5号艇のclass_rank_2to6,-0.0749,6号艇のwin_rate_rank_2to6,0.3635,5号艇の節間得点,0.1999,win_rate_range_1to6,-0.1799,6号艇のclass_rank_2to6,0.1668,3号艇のracer_2nd_te,-0.1581,0.095,東 2.0m/s,[逃げ]1号艇のdominanceが不利(-32.3pt)、1号艇のracer_win_teが不利(-18.1pt) / [2着]5号艇のsession_exh_rel_avgが不利(-14.7pt)、3号艇のracer_avgfin_teが有利(+9.7pt) / [候補2]6号艇のwin_rate_rank_2to6が有利(+36.3pt)、5号艇の節間得点が有利(+20.0pt) / [除外]3号艇のwin_rate_rank_2to6が不利(-5.6pt)、3号艇の直近平均着順が不利(-5.0pt)、天気+9.5pt
141,01,桐生,8,18:22,0.23643756006160477,4,0.47085635397719844,5,0.35194674104081003,0.19454155619719468,0.13370525467777514,0.6890978403402334,0.16332808221708672,0.34290844144010624,1-4,1-5,0.03161294418342862,0.008604952098454856,0.1113281274738721,0.08321342872332257,0.0016781098946228089,True,False,False,False,ドラドキ５,2026-08-13,4号艇のsession_exh_rel_avg,-0.3771,1号艇のdominance,-0.163,5号艇の節間得点,-0.1527,1号艇vs4号艇の枠別平均ST差,-0.0846,場特性:in_escape_diff,-0.0805,4号艇のsession_exh_rel_avg,0.1704,5号艇の直近平均着順,0.1564,1号艇のモーター出走数,0.1437,4号艇のwin_rate_rank_2to6,-0.1157,2号艇のsession_exh_rel_avg,0.0997,5号艇のwin_rate_rank_2to6,0.2659,5号艇のclass_rank_2to6,0.1915,3号艇のracer_avgfin_te,0.1462,5号艇のsession_exh_rel_avg,-0.1343,5号艇のモーター2連率,0.083,-0.0074,東 1.8m/s,[逃げ]4号艇のsession_exh_rel_avgが不利(-37.7pt)、1号艇のdominanceが不利(-16.3pt) / [2着]4号艇のsession_exh_rel_avgが有利(+17.0pt)、5号艇の直近平均着順が有利(+15.6pt) / [候補2]5号艇のwin_rate_rank_2to6が有利(+26.6pt)、5号艇のclass_rank_2to6が有利(+19.1pt) / [除外]6号艇のvs_avg456_diffが不利(-13.3pt)、6号艇の直近平均着順が不利(-11.0pt)、天気-0.7pt
142,07,蒲郡,4,16:44,0.2705583964091115,2,0.4716565410639757,3,0.277708507640682,0.20274700590256792,0.16456397809768486,0.5848010706069728,0.16270918129610226,0.3173632253138894,1-2,1-3,0.1276106374061375,0.0751363684964304,0.02018969711534514,0.044524166020813764,0.0030975222048532625,True,False,False,False,予選,2026-08-13,1号艇のdominance,-0.2362,5号艇の節間得点,-0.0972,5号艇の枠別出走数,-0.0837,1号艇の級別順位,-0.0742,1号艇のvs_max234_frame_diff,-0.0714,5号艇のracer_2nd_te,0.1033,2号艇のsession_exh_rel_avg,0.0885,2号艇のclass_rank_2to6,0.0738,2号艇のモーター2連率,-0.04,2号艇の全国勝率,0.0384,3号艇のsession_exh_rel_avg,0.1104,3号艇の当地勝率,0.0933,3号艇のcumulative_diff_rank_2to6,-0.0731,3号艇のwin_rate_rank_2to6,-0.0694,場特性:1x_diff_course3,0.0673,0.0446,東 2.0m/s,[逃げ]1号艇のdominanceが不利(-23.6pt)、5号艇の節間得点が不利(-9.7pt) / [2着]5号艇のracer_2nd_teが有利(+10.3pt)、2号艇のsession_exh_rel_avgが有利(+8.8pt) / [候補2]3号艇のsession_exh_rel_avgが有利(+11.0pt)、3号艇の当地勝率が有利(+9.3pt) / [除外]6号艇のwin_rate_rank_2to6が不利(-8.4pt)、天気+4.5pt
143,06,浜名湖,9,15:36,0.2701370416825831,2,0.4150718158533738,3,0.27123398082725636,0.18539661760491383,0.10875945205765666,0.5775463446229735,0.16120025615204983,0.3030415357103317,1-2,1-3,0.11212627242044831,0.0732703451844655,0.02732997624767014,0.029379956633874098,0.02803049723415849,True,False,False,False,予選,2026-08-13,1号艇のdominance,-0.2244,1号艇の年齢,-0.1359,1号艇のsession_exh_rel_avg,-0.0887,1号艇のvs_max234_diff,-0.0732,1号艇の全国勝率,-0.0666,2号艇のwin_rate_rank_2to6,0.1312,2号艇のclass_rank_2to6,0.0907,2号艇のモーター2連率,0.0653,1号艇の年齢,0.0497,avg_entry_count,-0.0381,3号艇の節間得点,-0.1091,3号艇のcumulative_diff_rank_2to6,-0.0649,3号艇のwin_rate_rank_2to6,-0.0551,1号艇vs6号艇の直近複勝率差,0.0537,1号艇vs2号艇のplace_rate差,0.0517,-0.0257,南東 3.5m/s,[逃げ]1号艇のdominanceが不利(-22.4pt)、1号艇の年齢が不利(-13.6pt) / [2着]2号艇のwin_rate_rank_2to6が有利(+13.1pt)、2号艇のclass_rank_2to6が有利(+9.1pt) / [候補2]3号艇の節間得点が不利(-10.9pt)、3号艇のcumulative_diff_rank_2to6が不利(-6.5pt)、天気-2.6pt
144,08,常滑,3,11:34,0.39310405551020067,3,0.30509977402310495,5,0.30224241743183955,0.23874867854339143,0.27205174474543187,0.33529044670951264,0.16080628507931638,0.26771120899322776,1-3,1-5,0.10694464416805519,0.11993595850372833,0.045543716348313355,0.1188127200396631,0.001867014162273922,True,True,False,False,予選,2026-08-13,1号艇のdominance,-0.1408,1号艇の級別順位,-0.1127,5号艇の節間得点,-0.1013,3号艇の全国2連率,0.0973,1号艇のracer_win_te,-0.0896,3号艇のwin_rate_rank_2to6,0.0777,3号艇の一般戦2連率,0.0617,3号艇の全国勝率,0.0577,3号艇の当地勝率,0.0535,3号艇のcumulative_diff_rank_2to6,-0.0469,5号艇のwin_rate_rank_2to6,0.2256,5号艇のclass_rank_2to6,0.1655,5号艇のsession_exh_rel_avg,0.0893,5号艇の節間得点,0.0755,1号艇vs5号艇のcumulative差,0.0638,-0.0335,南東 5.4m/s,[逃げ]1号艇のdominanceが不利(-14.1pt)、1号艇の級別順位が不利(-11.3pt) / [2着]3号艇のwin_rate_rank_2to6が有利(+7.8pt)、3号艇の一般戦2連率が有利(+6.2pt) / [候補2]5号艇のwin_rate_rank_2to6が有利(+22.6pt)、5号艇のclass_rank_2to6が有利(+16.6pt) / [除外]6号艇のvs_avg456_diffが不利(-12.1pt)、6号艇の直近平均着順が不利(-10.8pt)、天気-3.4pt
145,12,住之江,2,15:38,0.2358834436255553,3,0.4492810944271719,2,0.35415218532278525,0.189516608750794,0.13169381381648668,0.6717394659334704,0.1595668107652432,0.3341834659055969,1-3,1-2,0.08353863704145442,0.10597797170933959,0.03106439030721561,0.012605859870840093,0.0026965850262309467,True,False,False,False,予選,2026-08-13,1号艇のdominance,-0.3563,3号艇のracer_win_te,-0.1582,1号艇のvs_max234_diff,-0.1565,1号艇の級別順位,-0.1085,1号艇のracer_win_te,-0.1085,3号艇のwin_rate_rank_2to6,0.1899,3号艇の当地勝率,0.0844,3号艇のclass_rank_2to6,0.0502,1号艇vs3号艇の直近複勝率差,0.0434,3号艇の全国勝率,0.0412,2号艇のclass_rank_2to6,0.0638,2号艇の全国勝率,0.0593,2号艇のwin_rate_rank_2to6,-0.0425,2号艇のモーター2連率,0.0401,1号艇の直近複勝率,0.0268,0.0449,東 0.6m/s,[逃げ]1号艇のdominanceが不利(-35.6pt)、3号艇のracer_win_teが不利(-15.8pt) / [2着]3号艇のwin_rate_rank_2to6が有利(+19.0pt)、3号艇の当地勝率が有利(+8.4pt) / [候補2]2号艇のclass_rank_2to6が有利(+6.4pt)、2号艇の全国勝率が有利(+5.9pt) / [除外]6号艇のwin_rate_rank_2to6が不利(-8.5pt)、3号艇のracer_avgfin_teが不利(-6.1pt)、天気+4.5pt
146,22,福岡,6,14:46,0.36730764515381,2,0.35424866574016245,4,0.2368340639233718,0.21710920552379884,0.22193150498593026,0.369151224677604,0.15928915824996326,0.2627218112699404,1-2,1-4,0.13011824321189824,0.06664145089448181,0.08699096231190061,0.08151713848182308,0.0020398483722557747,True,True,False,False,予選,2026-08-13,1号艇のdominance,-0.2496,1号艇のracer_win_te,-0.1501,1号艇のsession_exh_rel_avg,0.1453,1号艇の級別順位,-0.0913,5号艇の枠別出走数,-0.0708,2号艇のsession_exh_rel_avg,0.0675,場特性:1x_diff_course2,0.0481,2号艇の全国勝率,0.0452,2号艇のwin_rate_rank_2to6,0.0446,6号艇のsession_exh_rel_last,-0.0428,4号艇のsession_exh_rel_avg,0.0859,4号艇のwin_rate_rank_2to6,-0.0798,4号艇のcumulative_diff_rank_2to6,0.0438,4号艇の全国勝率,0.041,4号艇の直近複勝率,0.0364,0.1127,北 2.8m/s,[逃げ]1号艇のdominanceが不利(-25.0pt)、1号艇のracer_win_teが不利(-15.0pt) / [2着]2号艇のsession_exh_rel_avgが有利(+6.8pt)、場特性:1x_diff_course2が有利(+4.8pt) / [候補2]4号艇のsession_exh_rel_avgが有利(+8.6pt)、4号艇のwin_rate_rank_2to6が不利(-8.0pt) / [除外]5号艇の直近平均着順が不利(-23.9pt)、win_rate_range_1to6が不利(-9.4pt)、天気+11.3pt
147,03,江戸川,2,11:41,0.4183496832625733,5,0.27385588227702073,2,0.21772565464542576,0.20565298026923448,0.19233814009148859,0.2992433968309579,0.1581870861941271,0.2337301052377515,1-5,1-2,0.0910854586590503,0.0804645999865867,0.06749075570158013,0.11456752161018419,0.06474134730517196,True,True,False,False,予選,2026-08-13,1号艇のdominance,-0.3928,1号艇のracer_win_te,-0.1672,1号艇のsession_rank_diff_delta,0.1009,1号艇vs4号艇の枠別勝率差,-0.0873,1号艇vs3号艇の枠別勝率差,0.0846,1号艇vs6号艇の直近複勝率差,0.2689,4号艇のsession_exh_rel_last,-0.1648,5号艇の節間得点,0.1249,5号艇の女子戦勝率,0.1072,1号艇vs3号艇の枠別勝率差,0.1061,2号艇のclass_rank_2to6,-0.055,4号艇のモーター2連率,0.0544,1号艇のsession_rank_diff_delta,0.0524,2号艇のwin_rate_rank_2to6,-0.0444,2号艇の女子戦2連率,0.0348,0.0518,東 1.3m/s,[逃げ]1号艇のdominanceが不利(-39.3pt)、1号艇のracer_win_teが不利(-16.7pt) / [2着]1号艇vs6号艇の直近複勝率差が有利(+26.9pt)、4号艇のsession_exh_rel_lastが不利(-16.5pt) / [候補2]2号艇のclass_rank_2to6が不利(-5.5pt)、4号艇のモーター2連率が有利(+5.4pt) / [除外]2号艇の女子戦2連率が不利(-5.6pt)、1号艇のsession_rank_diff_deltaが不利(-5.1pt)、天気+5.2pt
148,19,下関,1,17:41,0.35835697802784244,2,0.336909911708255,3,0.23310986606266365,0.2042705649780887,0.22519380737171918,0.34482597039919943,0.14907000546442317,0.2464371866044219,1-2,1-3,0.12073401782739748,0.08353654715069125,0.08069977228031336,0.026909960559194136,0.04647668021024622,True,False,False,False,予選,2026-08-13,1号艇のracer_win_te,-0.2365,1号艇の年齢,-0.2259,1号艇のvs_max234_diff,0.0894,1号艇の級別順位,0.0815,1号艇の全国勝率,-0.0724,2号艇のsession_exh_rel_avg,-0.1193,3号艇の全国勝率,-0.07,second_best_win_rate,0.0534,2号艇の全国勝率,-0.0531,2号艇のwin_rate_rank_2to6,0.0528,3号艇のsession_exh_rel_avg,-0.1465,3号艇の直近平均着順,-0.1317,3号艇の当地勝率,-0.0763,場特性:1x_diff_course3,0.0724,3号艇のwin_rate_rank_2to6,-0.0719,0.053,西 1.9m/s,[逃げ]1号艇のracer_win_teが不利(-23.6pt)、1号艇の年齢が不利(-22.6pt) / [2着]2号艇のsession_exh_rel_avgが不利(-11.9pt)、3号艇の全国勝率が不利(-7.0pt) / [候補2]3号艇のsession_exh_rel_avgが不利(-14.7pt)、3号艇の直近平均着順が不利(-13.2pt)、天気+5.3pt
149,02,戸田,1,10:47,0.29821572401095675,4,0.3971590906671929,3,0.20708912314871664,0.18019631856543886,0.20542493061352915,0.39882328320238036,0.13577613907969643,0.2457844079565213,1-4,1-3,0.05503543888288937,0.061757232794588716,0.11843908577085015,0.06126094441281415,0.0017230202056691432,False,False,True,False,予選,2026-08-13,1号艇のdominance,-0.2133,場特性:in_escape_diff,-0.14,1号艇の年齢,-0.1219,1号艇のvs_max234_diff,-0.0898,1号艇の級別順位,-0.0825,4号艇のclass_rank_2to6,0.2178,4号艇のwin_rate_rank_2to6,0.1874,4号艇のモーター2連率,0.0981,4号艇のcumulative_diff_rank_2to6,-0.0902,4号艇のsession_exh_rel_avg,-0.0772,3号艇のwin_rate_rank_2to6,-0.1105,3号艇の全国勝率,-0.1071,3号艇のracer_avgfin_te,-0.1001,1号艇の直近複勝率,-0.0635,3号艇のsession_exh_rel_avg,0.0588,0.0416,北東 0.8m/s,[逃げ]1号艇のdominanceが不利(-21.3pt)、場特性:in_escape_diffが不利(-14.0pt) / [2着]4号艇のclass_rank_2to6が有利(+21.8pt)、4号艇のwin_rate_rank_2to6が有利(+18.7pt) / [候補2]3号艇のwin_rate_rank_2to6が不利(-11.1pt)、3号艇の全国勝率が不利(-10.7pt) / [除外]5号艇の直近平均着順が不利(-23.6pt)、ST差分(6-5)が不利(-11.7pt)、天気+4.2pt
150,23,唐津,8,12:03,0.3077220030254505,3,0.33276449788703055,5,0.25198423916311985,0.17994005263167473,0.20585052207272764,0.37889821497742276,0.13549114810044552,0.23962750133539912,1-3,1-5,0.06334473497605446,0.10239895782555533,0.055416341179412666,0.07754109480611941,0.009020879396900706,True,True,False,False,一般,2026-08-13,1号艇のdominance,-0.3993,勝率のレンジ(2-6号艇),0.1237,1号艇のracer_win_te,-0.0853,1号艇のsession_exh_rel_avg,-0.074,1号艇vs3号艇のcumulative差,-0.066,1号艇vs6号艇のcumulative差,-0.1575,6号艇のracer_2nd_te,-0.0886,3号艇のsession_exh_rel_avg,-0.0589,6号艇の全国勝率,0.0554,3号艇の節間得点,0.0483,5号艇の年齢,0.1887,1号艇vs6号艇の直近複勝率差,0.1502,5号艇の枠別出走数,0.1198,ST差分(5-4),0.117,6号艇のvs_avg456_diff,0.1069,0.0702,東 2.0m/s,[逃げ]1号艇のdominanceが不利(-39.9pt)、勝率のレンジ(2-6号艇)が有利(+12.4pt) / [2着]1号艇vs6号艇のcumulative差が不利(-15.7pt)、6号艇のracer_2nd_teが不利(-8.9pt) / [候補2]5号艇の年齢が有利(+18.9pt)、1号艇vs6号艇の直近複勝率差が有利(+15.0pt) / [除外]5号艇の平均STが不利(-7.7pt)、win_rate_range_1to6が不利(-7.1pt)、天気+7.0pt
151,21,芦屋,6,10:50,0.23942916847267165,3,0.380284487742917,2,0.2765394731731089,0.15726281479505066,0.17663989216602213,0.48018406875000375,0.12392815081850324,0.2541391909815366,1-3,1-2,0.06621161611170816,0.09105119868334251,0.042292742500413066,0.033307107820042,0.006566497113563793,False,False,True,False,予選,2026-08-13,1号艇のdominance,-0.3322,1号艇のracer_win_te,-0.2623,1号艇のvs_max234_diff,-0.1735,1号艇の年齢,0.1579,1号艇vs4号艇の枠別勝率差,-0.1055,3号艇のwin_rate_rank_2to6,0.1471,3号艇のsession_exh_rel_avg,0.0927,1号艇のvs_max234_diff,-0.0803,4号艇のモーター出走数,-0.0774,6号艇のモーター出走数,0.0762,3号艇のモーター出走数,0.0861,2号艇の全国勝率,0.062,2号艇のwin_rate_rank_2to6,0.0605,2号艇のclass_rank_2to6,-0.0521,2号艇のsession_exh_rel_avg,-0.0509,0.0628,北 2.1m/s,[逃げ]1号艇のdominanceが不利(-33.2pt)、1号艇のracer_win_teが不利(-26.2pt) / [2着]3号艇のwin_rate_rank_2to6が有利(+14.7pt)、3号艇のsession_exh_rel_avgが有利(+9.3pt) / [候補2]3号艇のモーター出走数が有利(+8.6pt)、2号艇の全国勝率が有利(+6.2pt) / [除外]6号艇のwin_rate_rank_2to6が不利(-6.9pt)、天気+6.3pt
152,02,戸田,4,12:14,0.1658989266540562,4,0.42843286175045703,2,0.3998497757852476,0.1374112005333641,0.09259511560582794,0.7356875219298767,0.12214287333465715,0.31689409695231785,1-4,1-2,0.06633464862563761,0.015361430292415103,0.07107655190772647,0.006278806308933732,0.00684749075538662,True,True,False,False,予選,2026-08-13,1号艇のdominance,-0.3034,場特性:in_escape_diff,-0.1587,1号艇のsession_exh_rel_avg,-0.1557,1号艇のvs_max234_diff,-0.1535,2号艇のsession_exh_rel_avg,-0.126,4号艇のwin_rate_rank_2to6,0.1691,4号艇のclass_rank_2to6,0.1234,3号艇の年齢,0.0792,4号艇の全国勝率,0.0715,1号艇の一般戦2連率,0.0665,2号艇のsession_exh_rel_avg,0.1732,3号艇のracer_2nd_te,0.0789,6号艇のsession_rank_diff_last,-0.0789,2号艇のsession_exh_rel_last,0.0634,2号艇のclass_rank_2to6,0.0526,0.0364,北東 1.1m/s,[逃げ]1号艇のdominanceが不利(-30.3pt)、場特性:in_escape_diffが不利(-15.9pt) / [2着]4号艇のwin_rate_rank_2to6が有利(+16.9pt)、4号艇のclass_rank_2to6が有利(+12.3pt) / [候補2]2号艇のsession_exh_rel_avgが有利(+17.3pt)、3号艇のracer_2nd_teが有利(+7.9pt)、天気+3.6pt
153,07,蒲郡,3,16:19,0.20884048217396234,3,0.4108991172112677,2,0.3048967935179673,0.14948716313484395,0.15896321742144975,0.5568326933077852,0.12097161063670003,0.2716908221867263,1-3,1-2,0.06367479337158732,0.08581236976325661,0.03319795497421998,0.0132314267889968,0.012923931829961684,True,False,False,False,予選,2026-08-13,1号艇のdominance,-0.4325,1号艇のracer_win_te,-0.219,1号艇のvs_max234_diff,-0.1487,1号艇のsession_exh_rel_avg,0.1342,1号艇の級別順位,-0.1018,3号艇のsession_exh_rel_avg,0.0625,1号艇vs2号艇のplace_rate差,0.059,2号艇の全国勝率,-0.0574,1号艇のvs_max234_diff,-0.055,3号艇のcumulative_diff_rank_2to6,0.0536,2号艇のwin_rate_rank_2to6,0.2281,2号艇のclass_rank_2to6,0.0738,2号艇の当地勝率,0.0714,2号艇のracer_avgfin_te,0.0686,2号艇のsession_exh_rel_avg,-0.0561,0.0171,東 2.0m/s,[逃げ]1号艇のdominanceが不利(-43.2pt)、1号艇のracer_win_teが不利(-21.9pt) / [2着]3号艇のsession_exh_rel_avgが有利(+6.2pt)、1号艇vs2号艇のplace_rate差が有利(+5.9pt) / [候補2]2号艇のwin_rate_rank_2to6が有利(+22.8pt)、2号艇のclass_rank_2to6が有利(+7.4pt)、天気+1.7pt
154,19,下関,2,18:08,0.2769132728080802,2,0.36297209843784056,3,0.2947701586010045,0.18213756106080012,0.28441129866667725,0.3733309583721678,0.11997518472806004,0.23949558025421042,1-2,1-3,0.10051179171643909,0.08162576934436103,0.07875726353738598,0.01552626186855449,0.0004921804742151203,True,False,False,False,予選,2026-08-13,1号艇のracer_win_te,-0.2849,1号艇のdominance,0.1645,1号艇の平均ST,-0.1131,1号艇のsession_exh_rel_avg,-0.0972,6号艇の枠別出走数,-0.0822,2号艇の全国勝率,-0.075,全艇平均勝率,0.0688,2号艇のsession_exh_rel_avg,0.047,2号艇のモーター2連率,0.0467,second_best_win_rate,0.0451,3号艇のwin_rate_rank_2to6,0.1625,3号艇の節間得点,-0.0429,場特性:1x_diff_course3,0.0414,1号艇のracer_avgfin_te,0.0402,3号艇のsession_exh_rel_avg,-0.0366,0.0213,北西 2.5m/s,[逃げ]1号艇のracer_win_teが不利(-28.5pt)、1号艇のdominanceが有利(+16.4pt) / [2着]2号艇の全国勝率が不利(-7.5pt)、全艇平均勝率が有利(+6.9pt) / [候補2]3号艇のwin_rate_rank_2to6が有利(+16.2pt)、3号艇の節間得点が不利(-4.3pt) / [除外]6号艇の直近平均着順が不利(-24.4pt)、6号艇の全国勝率が不利(-15.4pt)、天気+2.1pt
155,02,戸田,10,15:21,0.266095407188771,4,0.345507949475126,2,0.24216221333079485,0.15637633126453288,0.222065172806888,0.3656049899990329,0.11470544683433408,0.21914492888488288,1-4,1-2,0.06443825276199189,0.020595469394308518,0.09193807850254096,0.05909052258049366,0.030033079984305426,True,False,False,False,予選特別,2026-08-13,場特性:in_escape_diff,-0.22,4号艇のモーター2連率,-0.1509,4号艇のsession_exh_rel_avg,-0.1365,ST差分(4-3),-0.1032,2号艇のsession_exh_rel_avg,-0.0889,4号艇のwin_rate_rank_2to6,0.141,4号艇の全国勝率,0.1016,4号艇のモーター2連率,0.0942,4号艇のsession_exh_rel_avg,0.0787,2号艇のモーター2連率,-0.0497,2号艇のsession_exh_rel_avg,0.177,2号艇のwin_rate_rank_2to6,-0.1523,3号艇のracer_2nd_te,0.0864,2号艇の全国勝率,-0.073,2号艇のsession_exh_rel_last,0.0682,0.0798,北東 1.5m/s,[逃げ]場特性:in_escape_diffが不利(-22.0pt)、4号艇のモーター2連率が不利(-15.1pt) / [2着]4号艇のwin_rate_rank_2to6が有利(+14.1pt)、4号艇の全国勝率が有利(+10.2pt) / [候補2]2号艇のsession_exh_rel_avgが有利(+17.7pt)、2号艇のwin_rate_rank_2to6が不利(-15.2pt)、天気+8.0pt
156,16,児島,5,12:42,0.24623307767359812,4,0.38832312328735963,2,0.24313035829428434,0.1554847341775569,0.2310694179446538,0.40038406363699014,0.11237141374673217,0.22895453301538687,1-4,1-2,0.059866736398686254,0.05689693393675904,0.09561799777887064,0.013700425231581046,0.020150983410411438,True,True,False,False,一般,2026-08-13,1号艇のdominance,-0.337,6号艇の枠別出走数,-0.1768,1号艇のracer_win_te,-0.1452,1号艇のvs_max234_diff,-0.138,1号艇の全国勝率,-0.0864,4号艇のclass_rank_2to6,0.184,4号艇のwin_rate_rank_2to6,0.1735,4号艇の全国勝率,0.0643,場特性:1x_diff_course4,0.0488,4号艇のsession_exh_rel_avg,0.0463,2号艇のwin_rate_rank_2to6,-0.1417,2号艇の全国勝率,-0.0849,2号艇の体重,-0.0668,2号艇の節間得点,0.0514,2号艇のsession_exh_rel_avg,0.048,-0.0328,東 5.8m/s,[逃げ]1号艇のdominanceが不利(-33.7pt)、6号艇の枠別出走数が不利(-17.7pt) / [2着]4号艇のclass_rank_2to6が有利(+18.4pt)、4号艇のwin_rate_rank_2to6が有利(+17.3pt) / [候補2]2号艇のwin_rate_rank_2to6が不利(-14.2pt)、2号艇の全国勝率が不利(-8.5pt)、天気-3.3pt
157,03,江戸川,4,12:35,0.18865177001772226,2,0.4448654804203991,3,0.2725142216741663,0.13533495057492606,0.1487947116099327,0.5685849904846326,0.11117040064507731,0.265309962547838,1-2,1-3,0.08392466030109265,0.0514102902738334,0.028070385714490335,0.01484811545617472,0.010398322488826819,True,True,False,False,予選,2026-08-13,1号艇のdominance,-0.2237,1号艇のvs_max234_diff,-0.1294,1号艇の年齢,-0.1267,4号艇のsession_exh_rel_last,-0.1243,3号艇のsession_exh_rel_delta,0.0948,2号艇のsession_exh_rel_avg,0.0711,2号艇のwin_rate_rank_2to6,0.0687,2号艇のclass_rank_2to6,-0.055,2号艇の全国勝率,0.0498,1号艇の直近複勝率,0.0451,3号艇のwin_rate_rank_2to6,0.1678,3号艇の節間得点,-0.0689,4号艇のsession_exh_rel_last,-0.0507,3号艇のclass_rank_2to6,0.0449,3号艇のracer_2nd_te,0.0448,-0.0271,東 1.2m/s,[逃げ]1号艇のdominanceが不利(-22.4pt)、1号艇のvs_max234_diffが不利(-12.9pt) / [2着]2号艇のsession_exh_rel_avgが有利(+7.1pt)、2号艇のwin_rate_rank_2to6が有利(+6.9pt) / [候補2]3号艇のwin_rate_rank_2to6が有利(+16.8pt)、3号艇の節間得点が不利(-6.9pt) / [除外]6号艇のwin_rate_rank_2to6が不利(-6.6pt)、天気-2.7pt
158,12,住之江,3,16:03,0.2159690220822894,2,0.3494686977033655,4,0.3290046146356206,0.14652921777478253,0.20359975544881595,0.4748735568901702,0.11072924228872011,0.2450325195093988,1-2,1-4,0.07547441289136707,0.04397124008047405,0.07105480488341546,0.015817424647555665,0.00965114159084542,True,False,False,False,予選,2026-08-13,1号艇のdominance,-0.3007,1号艇のracer_win_te,-0.2205,1号艇の年齢,-0.1622,1号艇のvs_max234_diff,-0.1412,1号艇の級別順位,-0.1042,2号艇のclass_rank_2to6,0.0722,2号艇のwin_rate_rank_2to6,0.0701,2号艇の全国勝率,0.05,1号艇vs2号艇のplace_rate差,-0.0467,ST差分(4-3),-0.0379,4号艇のwin_rate_rank_2to6,0.1559,4号艇のclass_rank_2to6,0.1243,4号艇の全国勝率,0.0886,4号艇のcumulative_diff_rank_2to6,0.0416,4号艇の年齢,-0.0376,0.0544,南東 0.5m/s,[逃げ]1号艇のdominanceが不利(-30.1pt)、1号艇のracer_win_teが不利(-22.1pt) / [2着]2号艇のclass_rank_2to6が有利(+7.2pt)、2号艇のwin_rate_rank_2to6が有利(+7.0pt) / [候補2]4号艇のwin_rate_rank_2to6が有利(+15.6pt)、4号艇のclass_rank_2to6が有利(+12.4pt) / [除外]6号艇のwin_rate_rank_2to6が不利(-5.9pt)、天気+5.4pt
159,06,浜名湖,2,11:59,0.2572712745437087,3,0.32415430403614576,5,0.23706631484149376,0.14438594391885928,0.1978406530803385,0.36337996579730103,0.11010745259022539,0.21008415048239182,1-3,1-5,0.03812300976401646,0.08339559094820807,0.05089871697453839,0.060990352970651224,0.023863606761525095,True,True,False,False,予選,2026-08-13,1号艇のdominance,-0.3805,1号艇のracer_win_te,-0.1377,1号艇のvs_max234_diff,-0.1345,1号艇の全国勝率,-0.0979,1号艇の年齢,0.0888,3号艇のwin_rate_rank_2to6,0.0743,3号艇の当地勝率,0.0639,3号艇のcumulative_diff_rank_2to6,-0.0558,3号艇のclass_rank_2to6,0.0549,2号艇のvs_boat3_diff,0.0508,5号艇のwin_rate_rank_2to6,0.2355,5号艇のclass_rank_2to6,0.1658,5号艇の年齢,-0.0972,ST差分(4-3),0.079,5号艇のモーター2連率,0.0661,-0.0465,南東 3.7m/s,[逃げ]1号艇のdominanceが不利(-38.0pt)、1号艇のracer_win_teが不利(-13.8pt) / [2着]3号艇のwin_rate_rank_2to6が有利(+7.4pt)、3号艇の当地勝率が有利(+6.4pt) / [候補2]5号艇のwin_rate_rank_2to6が有利(+23.6pt)、5号艇のclass_rank_2to6が有利(+16.6pt) / [除外]2号艇のwin_rate_rank_2to6が不利(-6.0pt)、天気-4.7pt
160,01,桐生,1,15:17,0.20332799517791636,2,0.4359713363542511,3,0.246660347301172,0.13879813168258281,0.18414743854730392,0.49848424510811923,0.108126947173184,0.24670396571024372,1-2,1-3,0.08864517777594692,0.05015295390663588,0.026389729493200363,0.03744232949697186,0.0006978019014070028,True,False,False,False,予選,2026-08-13,1号艇のdominance,-0.2594,1号艇のracer_win_te,-0.2393,1号艇の年齢,-0.1382,1号艇のsession_exh_rel_avg,-0.0892,3号艇の一般戦2連率,0.0857,2号艇のsession_exh_rel_avg,0.1014,3号艇のモーター出走数,0.0742,2号艇のwin_rate_rank_2to6,-0.0408,2号艇の全国勝率,0.0331,ST差分(3-2),0.0309,3号艇のwin_rate_rank_2to6,0.0584,4号艇のモーター出走数,-0.0443,5号艇の一般戦2連率,-0.0442,6号艇の直近平均着順,-0.0424,3号艇の節間得点,0.042,0.029,南東 1.2m/s,[逃げ]1号艇のdominanceが不利(-25.9pt)、1号艇のracer_win_teが不利(-23.9pt) / [2着]2号艇のsession_exh_rel_avgが有利(+10.1pt)、3号艇のモーター出走数が有利(+7.4pt) / [候補2]3号艇のwin_rate_rank_2to6が有利(+5.8pt)、4号艇のモーター出走数が不利(-4.4pt) / [除外]6号艇の全国勝率が不利(-13.4pt)、6号艇の直近平均着順が不利(-12.2pt)、天気+2.9pt
161,19,下関,6,19:56,0.2002765184806617,2,0.43990442053641754,3,0.2139898888491775,0.13095967573806364,0.15834243279306537,0.49555187659252964,0.10607590735307647,0.24033733599440343,1-2,1-3,0.0881025258092866,0.04285714992877704,0.015991892731820195,0.03171227116755329,0.021612675112783704,True,False,False,False,予選,2026-08-13,1号艇のdominance,-0.4439,1号艇のracer_win_te,-0.2204,1号艇のvs_max234_diff,-0.1357,1号艇の級別順位,-0.1086,1号艇の全国勝率,-0.0888,2号艇のclass_rank_2to6,0.0685,2号艇の節間得点,0.0637,2号艇の全国勝率,0.058,2号艇のwin_rate_rank_2to6,0.0526,1号艇vs2号艇のplace_rate差,-0.0464,3号艇のsession_exh_rel_avg,-0.1142,3号艇のwin_rate_rank_2to6,-0.0697,3号艇の節間得点,-0.0679,3号艇の年齢,-0.066,3号艇のcumulative_diff_rank_2to6,-0.0468,0.0618,北西 1.8m/s,[逃げ]1号艇のdominanceが不利(-44.4pt)、1号艇のracer_win_teが不利(-22.0pt) / [2着]2号艇のclass_rank_2to6が有利(+6.9pt)、2号艇の節間得点が有利(+6.4pt) / [候補2]3号艇のsession_exh_rel_avgが不利(-11.4pt)、3号艇のwin_rate_rank_2to6が不利(-7.0pt) / [除外]4号艇のwin_rate_rank_2to6が不利(-5.8pt)、天気+6.2pt
162,07,蒲郡,2,15:50,0.19583873728706946,2,0.40993274511963596,5,0.2621950037962903,0.1316286496432955,0.1771023311740733,0.495025417741853,0.10365456080194792,0.24064768007286275,1-2,1-5,0.0802807111768516,0.025510825030310495,0.034683496907726916,0.05134793846644387,0.004015767529626946,True,False,False,False,予選,2026-08-13,1号艇のdominance,-0.3343,1号艇のracer_win_te,-0.1765,1号艇のsession_exh_rel_avg,-0.1624,2号艇のsession_exh_rel_avg,-0.141,1号艇の直近1着率,-0.1234,2号艇のsession_exh_rel_avg,0.2294,2号艇のclass_rank_2to6,0.0833,2号艇の当地勝率,-0.0498,1号艇のracer_avgfin_te,-0.0456,2号艇のsession_avg_finish,-0.0427,5号艇のwin_rate_rank_2to6,0.233,5号艇のclass_rank_2to6,0.1491,1号艇のracer_win_te,0.1104,5号艇のsession_exh_rel_avg,0.0842,1号艇vs4号艇の勝率差,0.0648,0.0484,東 2.0m/s,[逃げ]1号艇のdominanceが不利(-33.4pt)、1号艇のracer_win_teが不利(-17.7pt) / [2着]2号艇のsession_exh_rel_avgが有利(+22.9pt)、2号艇のclass_rank_2to6が有利(+8.3pt) / [候補2]5号艇のwin_rate_rank_2to6が有利(+23.3pt)、5号艇のclass_rank_2to6が有利(+14.9pt) / [除外]win_rate_range_1to6が不利(-5.7pt)、4号艇のwin_rate_rank_2to6が不利(-5.3pt)、天気+4.8pt
163,19,下関,4,19:03,0.21064014570808584,3,0.40029900232418114,4,0.2555607137337388,0.13815038615450406,0.2300451214275952,0.4258145946303247,0.1000133993246856,0.22444964869725026,1-3,1-4,0.04845673789694295,0.0843190401763669,0.05383134597813715,0.022203841337623167,0.001829183752059313,True,False,False,False,予選,2026-08-13,1号艇のdominance,-0.3499,1号艇のracer_win_te,-0.2317,1号艇のvs_max234_diff,-0.1562,1号艇の級別順位,-0.0927,1号艇の全国勝率,-0.0854,3号艇のwin_rate_rank_2to6,0.1751,2号艇のvs_boat3_diff,0.0599,3号艇の全国勝率,0.0535,場特性:1x_diff_course3,0.05,5号艇の一般戦2連率,-0.0372,3号艇の女子戦2連率,-0.1279,4号艇の全国勝率,0.1179,3号艇の女子戦勝率,0.0668,4号艇のwin_rate_rank_2to6,0.0659,4号艇のcumulative_diff_rank_2to6,-0.0621,0.0231,北西 2.3m/s,[逃げ]1号艇のdominanceが不利(-35.0pt)、1号艇のracer_win_teが不利(-23.2pt) / [2着]3号艇のwin_rate_rank_2to6が有利(+17.5pt)、2号艇のvs_boat3_diffが有利(+6.0pt) / [候補2]3号艇の女子戦2連率が不利(-12.8pt)、4号艇の全国勝率が有利(+11.8pt) / [除外]6号艇のvs_avg456_diffが不利(-12.7pt)、6号艇のwin_rate_rank_2to6が不利(-9.5pt)、天気+2.3pt
164,01,桐生,9,18:52,0.17703311338159783,3,0.44174015897547153,2,0.28212442072160626,0.12814800021043543,0.2242145347059848,0.49965004499109295,0.09366882712161316,0.23959861364463267,1-3,1-2,0.04994536456132573,0.0782026356491097,0.039693397144406804,0.0040497887783152685,0.005141926588940578,True,False,False,False,予選,2026-08-13,1号艇のdominance,-0.3697,1号艇のracer_win_te,-0.184,1号艇のvs_max234_diff,-0.1557,1号艇vs4号艇の枠別勝率差,-0.1116,1号艇の全国勝率,-0.0949,3号艇のwin_rate_rank_2to6,0.1688,3号艇の当地勝率,0.1518,4号艇のモーター出走数,-0.1028,1号艇のvs_max234_diff,-0.0908,3号艇のsession_exh_rel_avg,0.0903,2号艇のsession_exh_rel_avg,-0.082,2号艇のwin_rate_rank_2to6,0.062,1号艇vs2号艇の枠別勝率差,-0.052,2号艇のclass_rank_2to6,0.0514,1号艇vs2号艇のplace_rate差,-0.0473,-0.0033,東 1.9m/s,[逃げ]1号艇のdominanceが不利(-37.0pt)、1号艇のracer_win_teが不利(-18.4pt) / [2着]3号艇のwin_rate_rank_2to6が有利(+16.9pt)、3号艇の当地勝率が有利(+15.2pt) / [候補2]2号艇のsession_exh_rel_avgが不利(-8.2pt)、2号艇のwin_rate_rank_2to6が有利(+6.2pt) / [除外]6号艇のwin_rate_rank_2to6が不利(-6.7pt)、5号艇のracer_avgfin_teが不利(-5.2pt)、天気-0.3pt
165,01,桐生,2,15:42,0.24340138155710273,2,0.2821023847767037,5,0.25578860590878316,0.13092341025996618,0.24153924997645912,0.2963517407090277,0.0929756394777032,0.18055190939468463,1-2,1-5,0.06866411019520306,0.05879098714453654,0.027986437069952966,0.06225930006476311,0.025700545269165438,True,False,False,False,予選,2026-08-13,1号艇のdominance,-0.4177,1号艇のracer_win_te,-0.2123,1号艇の年齢,0.0972,1号艇の級別順位,-0.09,1号艇のracer_avgfin_te,0.0824,1号艇vs3号艇の枠別平均ST差,-0.0783,2号艇のsession_exh_rel_avg,0.0622,1号艇の直近複勝率,0.0559,2号艇の全国勝率,0.0544,2号艇の節間得点,-0.0522,1号艇vs6号艇の直近複勝率差,0.193,4号艇のracer_avgfin_te,0.1707,1号艇vs6号艇のplace_rate差,0.1163,6号艇のvs_avg456_diff,0.111,3号艇のsession_rank_diff_last,0.0996,-0.0213,南東 1.6m/s,[逃げ]1号艇のdominanceが不利(-41.8pt)、1号艇のracer_win_teが不利(-21.2pt) / [2着]1号艇vs3号艇の枠別平均ST差が不利(-7.8pt)、2号艇のsession_exh_rel_avgが有利(+6.2pt) / [候補2]1号艇vs6号艇の直近複勝率差が有利(+19.3pt)、4号艇のracer_avgfin_teが有利(+17.1pt) / [除外]4号艇のracer_avgfin_teが不利(-7.7pt)、4号艇のwin_rate_rank_2to6が不利(-6.0pt)、天気-2.1pt
166,07,蒲郡,6,17:36,0.15197352681121565,2,0.4377135367820368,4,0.291725224062346,0.11085538107832374,0.14912554437962244,0.5803132164647604,0.09101773821746512,0.2516927316942547,1-2,1-4,0.06652086991777689,0.015140682198897117,0.04433451116054683,0.02266313491701368,0.003314330456954011,True,False,False,False,予選,2026-08-13,1号艇のdominance,-0.4433,1号艇のvs_max234_diff,-0.2369,1号艇のsession_exh_rel_avg,-0.2239,1号艇の直近1着率,-0.1091,1号艇の級別順位,-0.1001,2号艇のwin_rate_rank_2to6,0.2027,2号艇のsession_exh_rel_avg,0.0982,2号艇のclass_rank_2to6,0.0777,ST差分(3-2),-0.0768,2号艇の当地勝率,0.0732,2号艇のracer_avgfin_te,-0.1078,4号艇のclass_rank_2to6,0.0911,4号艇のsession_exh_rel_avg,-0.0904,4号艇のwin_rate_rank_2to6,0.0813,4号艇のモーター2連率,-0.0711,0.0499,東 2.0m/s,[逃げ]1号艇のdominanceが不利(-44.3pt)、1号艇のvs_max234_diffが不利(-23.7pt) / [2着]2号艇のwin_rate_rank_2to6が有利(+20.3pt)、2号艇のsession_exh_rel_avgが有利(+9.8pt) / [候補2]2号艇のracer_avgfin_teが不利(-10.8pt)、4号艇のclass_rank_2to6が有利(+9.1pt) / [除外]5号艇の直近平均着順が不利(-21.3pt)、3号艇のsession_exh_rel_avgが不利(-8.7pt)、天気+5.0pt
167,03,江戸川,7,13:56,0.14518218030515367,3,0.5467582506332336,2,0.18020050567615975,0.10554145723292062,0.1547365178110477,0.5722222384983456,0.08594411614060972,0.24554569161254813,1-3,1-2,0.026161902306156094,0.07937955492676452,0.014475184764721899,0.02246498502863515,0.0027005524676073584,True,True,False,False,予選,2026-08-13,1号艇のdominance,-0.3235,1号艇のracer_win_te,-0.3163,4号艇の直近複勝率,-0.1946,1号艇のvs_max234_diff,-0.1598,1号艇のsession_exh_rel_avg,-0.0947,3号艇のwin_rate_rank_2to6,0.2003,1号艇のvs_max234_diff,-0.0876,3号艇の一般戦2連率,0.0866,3号艇の当地勝率,0.0754,3号艇のsession_exh_rel_avg,0.0743,2号艇のsession_exh_rel_avg,-0.0934,1号艇の枠別平均ST,-0.0885,2号艇の全国勝率,-0.0771,1号艇vs3号艇の枠別平均ST差,-0.0718,2号艇のwin_rate_rank_2to6,-0.0564,0.0125,北東 1.5m/s,[逃げ]1号艇のdominanceが不利(-32.3pt)、1号艇のracer_win_teが不利(-31.6pt) / [2着]3号艇のwin_rate_rank_2to6が有利(+20.0pt)、1号艇のvs_max234_diffが不利(-8.8pt) / [候補2]2号艇のsession_exh_rel_avgが不利(-9.3pt)、1号艇の枠別平均STが不利(-8.9pt) / [除外]6号艇のracer_win_teが不利(-12.9pt)、6号艇の直近平均着順が不利(-8.8pt)、天気+1.2pt
168,02,戸田,6,13:14,0.16105945395989177,3,0.3479505108417358,2,0.32524952322790546,0.10842522989303695,0.1984911865284949,0.47470884754114634,0.08259948685572446,0.21831031518746974,1-3,1-2,0.05238451061180159,0.056040719281235364,0.03196888211813041,0.012273009223723062,0.00839233032502845,True,True,False,False,予選,2026-08-13,1号艇のdominance,-0.3785,1号艇のracer_win_te,-0.2473,1号艇のvs_max234_diff,-0.1415,場特性:in_escape_diff,-0.1372,1号艇の級別順位,-0.0953,3号艇のsession_exh_rel_avg,-0.2132,3号艇のwin_rate_rank_2to6,0.1629,3号艇の当地勝率,0.0883,1号艇のvs_max234_diff,-0.0809,3号艇の一般戦2連率,0.0809,2号艇のsession_exh_rel_avg,0.1394,1号艇vs6号艇の直近複勝率差,-0.0762,1号艇の直近複勝率,0.0736,2号艇の体重,-0.0486,2号艇の全国勝率,0.047,0.0587,北東 1.4m/s,[逃げ]1号艇のdominanceが不利(-37.8pt)、1号艇のracer_win_teが不利(-24.7pt) / [2着]3号艇のsession_exh_rel_avgが不利(-21.3pt)、3号艇のwin_rate_rank_2to6が有利(+16.3pt) / [候補2]2号艇のsession_exh_rel_avgが有利(+13.9pt)、1号艇vs6号艇の直近複勝率差が不利(-7.6pt) / [除外]3号艇のracer_avgfin_teが不利(-6.3pt)、6号艇のモーター2連率が不利(-5.3pt)、天気+5.9pt
169,08,常滑,2,11:06,0.16521694933555486,5,0.3469108984452871,2,0.3335778037814662,0.11242826743921498,0.2311339551656259,0.4493547470611274,0.08124507928844157,0.21350621132578868,1-5,1-2,0.05511270710682816,0.038187246960325626,0.013709630351630918,0.05731556033238682,0.000891804699786056,True,True,False,False,予選,2026-08-13,1号艇のdominance,-0.3765,1号艇のracer_win_te,-0.1597,1号艇の年齢,-0.1516,1号艇の級別順位,-0.107,1号艇の全国2連率,-0.0835,5号艇のwin_rate_rank_2to6,0.2506,5号艇のclass_rank_2to6,0.1923,1号艇vs5号艇のcumulative差,0.0751,1号艇vs5号艇のlocal_win_rate差,0.0716,5号艇の節間得点,0.0687,2号艇のsession_exh_rel_avg,0.0885,2号艇のclass_rank_2to6,0.0732,1号艇の年齢,-0.0485,2号艇の全国勝率,0.0402,3号艇の年齢,-0.0395,-0.066,南東 5.4m/s,[逃げ]1号艇のdominanceが不利(-37.6pt)、1号艇のracer_win_teが不利(-16.0pt) / [2着]5号艇のwin_rate_rank_2to6が有利(+25.1pt)、5号艇のclass_rank_2to6が有利(+19.2pt) / [候補2]2号艇のsession_exh_rel_avgが有利(+8.9pt)、2号艇のclass_rank_2to6が有利(+7.3pt) / [除外]6号艇のvs_avg456_diffが不利(-12.5pt)、6号艇のwin_rate_rank_2to6が不利(-8.5pt)、天気-6.6pt
170,02,戸田,9,14:48,0.15376036057220188,3,0.38009621682649053,4,0.31123648716993646,0.10629956584184592,0.2009292609784552,0.4904034430179718,0.08066913399352664,0.22153072899468368,1-3,1-4,0.030894955617553326,0.058443731351371014,0.04785583449047492,0.00647027848279279,0.010095562348415783,True,True,False,False,予選,2026-08-13,2号艇のsession_exh_rel_avg,-0.2457,1号艇のdominance,-0.2428,場特性:in_escape_diff,-0.1581,1号艇のvs_max234_diff,-0.084,1号艇の全国勝率,-0.0747,3号艇のsession_exh_rel_avg,0.0852,3号艇の当地勝率,0.0546,3号艇のwin_rate_rank_2to6,0.0508,3号艇のracer_avgfin_te,0.0496,3号艇のclass_rank_2to6,0.0401,2号艇のsession_exh_rel_avg,0.1884,4号艇のモーター2連率,0.0882,4号艇の全国勝率,0.0733,4号艇のwin_rate_rank_2to6,-0.0709,4号艇のclass_rank_2to6,0.0576,-0.0169,東 1.6m/s,[逃げ]2号艇のsession_exh_rel_avgが不利(-24.6pt)、1号艇のdominanceが不利(-24.3pt) / [2着]3号艇のsession_exh_rel_avgが有利(+8.5pt)、3号艇の当地勝率が有利(+5.5pt) / [候補2]2号艇のsession_exh_rel_avgが有利(+18.8pt)、4号艇のモーター2連率が有利(+8.8pt) / [除外]2号艇のwin_rate_rank_2to6が不利(-5.7pt)、天気-1.7pt
171,03,江戸川,5,13:02,0.2346629125302892,2,0.2450962795647291,5,0.20770727403392836,0.10625620069152587,0.2035654826239139,0.24923807097474351,0.08030008696086118,0.14915076177649117,1-2,1-5,0.05751500681299733,0.047769269043161616,0.04551418012467896,0.04874119387852854,0.03512325392904804,True,True,False,False,予選,2026-08-13,1号艇のdominance,-0.2766,1号艇のsession_exh_rel_avg,-0.1658,1号艇vs4号艇のcumulative差,-0.0877,場特性:in_escape_diff,-0.0857,1号艇の級別順位,-0.0811,2号艇のsession_exh_rel_avg,-0.1043,2号艇のモーター2連率,0.0831,2号艇のsession_exh_rel_last,0.0583,1号艇のsession_exh_rel_last,-0.0537,3号艇の女子戦2連率,-0.05,5号艇のwin_rate_rank_2to6,0.1824,5号艇のclass_rank_2to6,0.1229,5号艇の年齢,-0.1034,5号艇のsession_exh_rel_avg,0.101,1号艇のsession_rank_diff_last,-0.0697,0.0049,北東 1.3m/s,[逃げ]1号艇のdominanceが不利(-27.7pt)、1号艇のsession_exh_rel_avgが不利(-16.6pt) / [2着]2号艇のsession_exh_rel_avgが不利(-10.4pt)、2号艇のモーター2連率が有利(+8.3pt) / [候補2]5号艇のwin_rate_rank_2to6が有利(+18.2pt)、5号艇のclass_rank_2to6が有利(+12.3pt)、天気+0.5pt
172,16,児島,3,11:39,0.15573216092981967,2,0.4049030376463342,3,0.28641123889183673,0.10765986616692429,0.21707210961386922,0.47424216692430166,0.079615921043403,0.21763455639413748,1-2,1-3,0.06305642501971175,0.04460344114721254,0.033805108707762536,0.009995970466834776,0.00427121254252365,True,True,False,False,一般,2026-08-13,1号艇のdominance,-0.2959,1号艇のsession_exh_rel_avg,-0.2955,1号艇のracer_win_te,-0.2209,1号艇のvs_max234_diff,-0.1279,1号艇の年齢,-0.1121,2号艇のwin_rate_rank_2to6,0.157,1号艇vs2号艇のplace_rate差,-0.0967,2号艇のclass_rank_2to6,0.0961,2号艇のsession_exh_rel_avg,0.0637,1号艇の直近複勝率,0.0452,1号艇のvs_max234_diff,-0.0755,3号艇のwin_rate_rank_2to6,0.0693,1号艇のsession_exh_rel_avg,0.057,3号艇のcumulative_diff_rank_2to6,-0.0462,1号艇の一般戦2連率,0.0413,-0.0909,東 6.1m/s,[逃げ]1号艇のdominanceが不利(-29.6pt)、1号艇のsession_exh_rel_avgが不利(-29.6pt) / [2着]2号艇のwin_rate_rank_2to6が有利(+15.7pt)、1号艇vs2号艇のplace_rate差が不利(-9.7pt) / [候補2]1号艇のvs_max234_diffが不利(-7.6pt)、3号艇のwin_rate_rank_2to6が有利(+6.9pt) / [除外]6号艇のracer_win_teが不利(-15.0pt)、6号艇のwin_rate_rank_2to6が不利(-8.3pt)、天気-9.1pt
173,01,桐生,3,16:07,0.1156683217733143,2,0.4977722788241144,4,0.29318726625881075,0.09148896317032609,0.12538827179985645,0.6655712732830688,0.0777229915935006,0.2637136562041489,1-2,1-4,0.05757648411686359,0.014503450969145588,0.0339124790534625,0.00885277112597058,0.0008231339224835841,True,False,False,False,予選,2026-08-13,1号艇のdominance,-0.1497,4号艇のsession_exh_rel_last,-0.1443,6号艇のモーター出走数,-0.1382,1号艇のsession_exh_rel_avg,-0.1222,1号艇vs2号艇のcumulative差,-0.0975,2号艇のsession_exh_rel_avg,0.0785,3号艇のracer_2nd_te,0.0775,2号艇のclass_rank_2to6,0.0763,2号艇のwin_rate_rank_2to6,0.056,2号艇の節間得点,0.0542,4号艇のwin_rate_rank_2to6,0.1642,4号艇のclass_rank_2to6,0.1134,6号艇のモーター出走数,0.0851,4号艇のsession_exh_rel_avg,0.084,4号艇の全国勝率,0.0789,0.0189,東 2.0m/s,[逃げ]1号艇のdominanceが不利(-15.0pt)、4号艇のsession_exh_rel_lastが不利(-14.4pt) / [2着]2号艇のsession_exh_rel_avgが有利(+7.8pt)、3号艇のracer_2nd_teが有利(+7.7pt) / [候補2]4号艇のwin_rate_rank_2to6が有利(+16.4pt)、4号艇のclass_rank_2to6が有利(+11.3pt) / [除外]6号艇のwin_rate_rank_2to6が不利(-6.2pt)、6号艇のsession_avg_finishが不利(-5.6pt)、天気+1.9pt
174,02,戸田,8,14:16,0.18253168433547312,3,0.35262777944471707,4,0.30786577210167776,0.12056100045648208,0.297446674989811,0.3630468765565838,0.07752843799341126,0.19330676328651258,1-3,1-4,0.05429344258587625,0.06436574252552194,0.056195257930960155,0.003126082578660046,0.004551161094397026,True,True,False,False,予選,2026-08-13,1号艇のdominance,-0.2351,1号艇のvs_max234_diff,-0.1411,1号艇のsession_exh_rel_avg,-0.1393,3号艇のsession_exh_rel_avg,-0.1362,場特性:in_escape_diff,-0.1205,3号艇のsession_exh_rel_avg,0.1067,3号艇の当地勝率,0.0961,1号艇vs2号艇のplace_rate差,0.0835,class_std_1to6,0.0504,3号艇の節間得点,0.0429,5号艇のracer_win_te,0.1079,4号艇の全国勝率,0.1073,4号艇のclass_rank_2to6,0.0788,4号艇のwin_rate_rank_2to6,-0.0736,場特性:1x_diff_course4,-0.0647,0.0049,東 1.6m/s,[逃げ]1号艇のdominanceが不利(-23.5pt)、1号艇のvs_max234_diffが不利(-14.1pt) / [2着]3号艇のsession_exh_rel_avgが有利(+10.7pt)、3号艇の当地勝率が有利(+9.6pt) / [候補2]5号艇のracer_win_teが有利(+10.8pt)、4号艇の全国勝率が有利(+10.7pt) / [除外]5号艇の直近平均着順が不利(-11.0pt)、5号艇のracer_win_teが不利(-7.6pt)、天気+0.5pt
175,06,浜名湖,5,13:33,0.10725296979358268,3,0.5076311501455493,2,0.2866380077595555,0.08518772600077056,0.10473674549205339,0.6895324124130514,0.07448098378814318,0.26649113192445484,1-3,1-2,0.030742777587928323,0.054444948412842226,0.011233327000537358,0.005870497208589143,0.004961417585943391,True,True,False,False,予選,2026-08-13,1号艇のdominance,-0.3344,1号艇の年齢,-0.2217,1号艇のracer_win_te,-0.1713,1号艇のvs_max234_diff,-0.1415,5号艇の枠別出走数,-0.1045,3号艇のwin_rate_rank_2to6,0.1775,3号艇のsession_exh_rel_avg,0.1209,3号艇の一般戦2連率,0.0846,6号艇のracer_2nd_te,-0.0758,3号艇の全国勝率,0.0738,1号艇vs6号艇の直近複勝率差,-0.083,2号艇のsession_exh_rel_avg,0.0652,6号艇のsession_exh_rel_last,-0.0599,2号艇のwin_rate_rank_2to6,-0.0487,2号艇の節間得点,0.0478,0.0072,南東 3.3m/s,[逃げ]1号艇のdominanceが不利(-33.4pt)、1号艇の年齢が不利(-22.2pt) / [2着]3号艇のwin_rate_rank_2to6が有利(+17.8pt)、3号艇のsession_exh_rel_avgが有利(+12.1pt) / [候補2]1号艇vs6号艇の直近複勝率差が不利(-8.3pt)、2号艇のsession_exh_rel_avgが有利(+6.5pt)、天気+0.7pt
176,06,浜名湖,3,12:30,0.17083070055593272,4,0.35962991127433563,5,0.2190252513673667,0.0988520668143892,0.2113292914499349,0.36732587119176746,0.07378366212849341,0.17939420812760265,1-4,1-5,0.031472111251729454,0.03610153090638126,0.061435829683862686,0.03741623713052651,0.00440499492450105,True,True,False,False,予選,2026-08-13,1号艇のdominance,-0.1773,1号艇のracer_win_te,-0.1624,6号艇の枠別出走数,-0.0974,1号艇の級別順位,-0.0944,1号艇の年齢,0.0886,4号艇のwin_rate_rank_2to6,0.1491,4号艇のsession_exh_rel_avg,0.0962,3号艇の年齢,0.068,4号艇のモーター2連率,0.066,4号艇の全国勝率,0.0445,5号艇のwin_rate_rank_2to6,0.1492,avg_456_win_rate,0.0663,5号艇のracer_avgfin_te,0.066,5号艇のclass_rank_2to6,0.0618,5号艇のcumulative_diff_rank_2to6,-0.0589,-0.0262,南東 3.5m/s,[逃げ]1号艇のdominanceが不利(-17.7pt)、1号艇のracer_win_teが不利(-16.2pt) / [2着]4号艇のwin_rate_rank_2to6が有利(+14.9pt)、4号艇のsession_exh_rel_avgが有利(+9.6pt) / [候補2]5号艇のwin_rate_rank_2to6が有利(+14.9pt)、avg_456_win_rateが有利(+6.6pt) / [除外]1号艇vs6号艇の枠別勝率差が不利(-5.4pt)、2号艇のwin_rate_rank_2to6が不利(-5.0pt)、天気-2.6pt
177,04,平和島,5,13:55,0.10344440080400595,2,0.5594644221764246,3,0.2181931661275624,0.08044432325279427,0.10380017042776218,0.6738574178762247,0.07042416189649102,0.2584682516398234,1-2,1-3,0.05787346192319966,0.02257086132959462,0.009810286768027051,0.010737546433253557,0.002452245313332124,True,True,False,False,予選,2026-08-13,1号艇のsession_exh_rel_avg,-0.2799,1号艇のracer_win_te,-0.2307,1号艇のdominance,-0.229,std_234_全国勝率,0.1123,1号艇の級別順位,-0.1053,2号艇のwin_rate_rank_2to6,0.1938,2号艇のsession_exh_rel_avg,0.173,2号艇のclass_rank_2to6,0.0849,2号艇の一般戦勝率,-0.0838,2号艇の当地勝率,0.0753,5号艇のsession_exh_rel_avg,-0.1364,3号艇のsession_exh_rel_delta,-0.0824,3号艇のwin_rate_rank_2to6,-0.0559,3号艇のcumulative_diff_rank_2to6,-0.0512,3号艇のsession_exh_rel_avg,0.0465,-0.0308,東 2.6m/s,[逃げ]1号艇のsession_exh_rel_avgが不利(-28.0pt)、1号艇のracer_win_teが不利(-23.1pt) / [2着]2号艇のwin_rate_rank_2to6が有利(+19.4pt)、2号艇のsession_exh_rel_avgが有利(+17.3pt) / [候補2]5号艇のsession_exh_rel_avgが不利(-13.6pt)、3号艇のsession_exh_rel_deltaが不利(-8.2pt) / [除外]4号艇のwin_rate_rank_2to6が不利(-5.3pt)、天気-3.1pt
178,06,浜名湖,1,11:25,0.09167078009919846,3,0.5272566841786068,2,0.22576049964201433,0.06902967266893788,0.11132985651481553,0.6416873273058057,0.05980759640474083,0.2408269690599982,1-3,1-2,0.020695641117768268,0.0483340315511696,0.010205694795044972,0.006252767650466269,0.006182647033750944,True,True,False,False,予選,2026-08-13,1号艇のdominance,-0.505,1号艇のvs_max234_diff,-0.3104,1号艇の全国2連率,-0.2359,1号艇のracer_win_te,-0.2324,1号艇の直近1着率,-0.1414,3号艇のsession_exh_rel_avg,0.1701,3号艇のモーター2連率,0.114,1号艇のrecent_4to6_rate,-0.0868,1号艇vs2号艇の枠別平均ST差,0.0855,1号艇vs3号艇の枠別平均ST差,0.0647,2号艇のwin_rate_rank_2to6,-0.1805,1号艇の枠別出走数,0.0865,1号艇vs6号艇の枠別平均ST差,0.0732,2号艇のsession_avg_finish,-0.0569,2号艇のsession_exh_rel_avg,0.0557,-0.064,南東 4.0m/s,[逃げ]1号艇のdominanceが不利(-50.5pt)、1号艇のvs_max234_diffが不利(-31.0pt) / [2着]3号艇のsession_exh_rel_avgが有利(+17.0pt)、3号艇のモーター2連率が有利(+11.4pt) / [候補2]2号艇のwin_rate_rank_2to6が不利(-18.1pt)、1号艇の枠別出走数が有利(+8.6pt) / [除外]1号艇vs3号艇の直近複勝率差が不利(-9.8pt)、1号艇vs5号艇の枠別平均ST差が不利(-7.4pt)、天気-6.4pt
179,04,平和島,7,14:58,0.10966594877013894,2,0.3723304879791757,4,0.3140966878761891,0.0752776875017856,0.27606284676976567,0.41036432908559917,0.05034004024980031,0.17580367997692967,1-2,1-4,0.04083197622028511,0.030274694011191837,0.03444571128150047,0.003878785979724011,0.000234783932931221,True,True,False,False,予選,2026-08-13,1号艇のdominance,-0.5149,1号艇のvs_max234_diff,-0.3009,1号艇のracer_win_te,-0.2627,1号艇のsession_exh_rel_avg,0.1864,1号艇の体重,-0.1601,1号艇vs3号艇の直近複勝率差,0.1229,2号艇のwin_rate_rank_2to6,-0.1206,3号艇の女子戦2連率,0.0876,1号艇vs2号艇のplace_rate差,-0.0872,2号艇のsession_exh_rel_avg,0.069,4号艇のwin_rate_rank_2to6,0.1657,4号艇のclass_rank_2to6,0.1321,1号艇の一般戦2連率,0.1024,4号艇の全国勝率,0.0959,4号艇のモーター2連率,0.0916,-0.0174,東 3.2m/s,[逃げ]1号艇のdominanceが不利(-51.5pt)、1号艇のvs_max234_diffが不利(-30.1pt) / [2着]1号艇vs3号艇の直近複勝率差が有利(+12.3pt)、2号艇のwin_rate_rank_2to6が不利(-12.1pt) / [候補2]4号艇のwin_rate_rank_2to6が有利(+16.6pt)、4号艇のclass_rank_2to6が有利(+13.2pt) / [除外]6号艇のvs_avg456_diffが不利(-15.8pt)、6号艇の直近平均着順が不利(-15.5pt)、天気-1.7pt
180,04,平和島,3,12:54,0.0908776909201697,2,0.38417072810076025,3,0.2935637942328436,0.0615909484465621,0.21963654637405772,0.45809797595954616,0.04535780060091545,0.1805430567004573,1-2,1-3,0.034912548688917446,0.02667839975764466,0.019960062176155136,0.0029091570567363017,0.006417523748534826,True,True,False,False,予選,2026-08-13,1号艇のdominance,-0.5095,1号艇のvs_max234_diff,-0.2873,1号艇の全国2連率,-0.1586,1号艇のracer_win_te,-0.1508,1号艇の級別順位,-0.1099,2号艇のwin_rate_rank_2to6,0.2275,2号艇のclass_rank_2to6,0.1308,1号艇の枠別平均ST,-0.0815,2号艇の当地勝率,0.0766,1号艇vs2号艇のplace_rate差,-0.0702,3号艇のwin_rate_rank_2to6,-0.1246,3号艇のsession_exh_rel_avg,0.103,3号艇のモーター2連率,0.0926,3号艇の全国勝率,-0.0707,1号艇のvs_max234_diff,-0.0686,0.0348,北東 1.2m/s,[逃げ]1号艇のdominanceが不利(-50.9pt)、1号艇のvs_max234_diffが不利(-28.7pt) / [2着]2号艇のwin_rate_rank_2to6が有利(+22.8pt)、2号艇のclass_rank_2to6が有利(+13.1pt) / [候補2]3号艇のwin_rate_rank_2to6が不利(-12.5pt)、3号艇のsession_exh_rel_avgが有利(+10.3pt) / [除外]1号艇vs5号艇の枠別平均ST差が不利(-7.2pt)、2号艇のracer_2nd_teが不利(-5.7pt)、天気+3.5pt
