rank,venue_code,venue_name,race_no,closing_time,in_escape_prob,second_pred_1,second_pred_1_prob,second_pred_2,second_pred_2_prob,confidence_score,third_prob,top2_margin,adjusted_score,score_margin_blend,ticket_1,ticket_2,score_boat2,score_boat3,score_boat4,score_boat5,score_boat6,is_teppan,is_lunch,is_excluded,is_channel_target,race_grade,race_date,top_feat_1,top_feat_1_contrib,top_feat_2,top_feat_2_contrib,top_feat_3,top_feat_3_contrib,top_feat_4,top_feat_4_contrib,top_feat_5,top_feat_5_contrib,s2_top_feat_1,s2_top_feat_1_contrib,s2_top_feat_2,s2_top_feat_2_contrib,s2_top_feat_3,s2_top_feat_3_contrib,s2_top_feat_4,s2_top_feat_4_contrib,s2_top_feat_5,s2_top_feat_5_contrib,s2_top2_feat_1,s2_top2_feat_1_contrib,s2_top2_feat_2,s2_top2_feat_2_contrib,s2_top2_feat_3,s2_top2_feat_3_contrib,s2_top2_feat_4,s2_top2_feat_4_contrib,s2_top2_feat_5,s2_top2_feat_5_contrib,weather_contribution,wind_info,reason_text
1,02,戸田,12,16:30,0.834453450654218,2,0.5281050246568534,3,0.2929347109635698,0.685119440512689,0.08448694111923272,0.7365527945011905,0.6156590655164044,0.7005494467092395,1-2,1-3,0.4406790601327422,0.24444038037994684,0.062313262891089155,0.07050041955216349,0.016520306715352314,True,False,False,False,記者選抜戦,2026-09-27,1号艇のdominance,0.2539,場特性:in_escape_diff,-0.1683,1号艇のracer_win_te,0.1672,1号艇の全国勝率,0.15,1号艇のsession_exh_rel_avg,0.1225,2号艇の節間得点,0.0791,2号艇の当地勝率,0.0696,2号艇のsession_exh_rel_avg,0.0641,2号艇のwin_rate_rank_2to6,0.0639,1号艇vs6号艇の枠別平均ST差,0.0578,3号艇のwin_rate_rank_2to6,0.1963,3号艇のsession_exh_rel_avg,0.109,3号艇のclass_rank_2to6,0.0674,3号艇の全国勝率,0.0439,1号艇のsession_exh_rel_last,0.0425,0.1499,南東 0.6m/s,[逃げ]1号艇のdominanceが有利(+25.4pt)、場特性:in_escape_diffが不利(-16.8pt) / [2着]2号艇の節間得点が有利(+7.9pt)、2号艇の当地勝率が有利(+7.0pt) / [候補2]3号艇のwin_rate_rank_2to6が有利(+19.6pt)、3号艇のsession_exh_rel_avgが有利(+10.9pt) / [除外]4号艇のwin_rate_rank_2to6が不利(-5.6pt)、3号艇のracer_avgfin_teが不利(-5.6pt)、天気+15.0pt
2,08,常滑,7,13:27,0.6890186818937447,2,0.512350892715185,3,0.38029377600146297,0.6150488530386232,0.0457518482308297,0.8468928204858183,0.5812813069041004,0.6846020432727817,1-2,1-3,0.35301933676570013,0.26202951627292304,0.030134234983262717,0.03152387816220894,0.012311720201540427,True,True,False,False,一般,2026-09-27,1号艇のsession_exh_rel_avg,0.1424,1号艇のdominance,-0.1303,1号艇のモーター2連率,0.0937,1号艇の全国勝率,-0.0665,場特性:in_escape_diff,0.0646,2号艇のsession_exh_rel_avg,0.0719,2号艇の節間得点,-0.0633,2号艇のwin_rate_rank_2to6,0.0509,2号艇の全国勝率,0.0418,全艇平均勝率,0.0366,3号艇のwin_rate_rank_2to6,0.1629,3号艇のsession_exh_rel_avg,-0.0826,6号艇のsession_rank_diff_delta,-0.0677,3号艇のracer_2nd_te,0.0564,3号艇のclass_rank_2to6,0.0478,0.0499,南東 3.8m/s,[逃げ]1号艇のsession_exh_rel_avgが有利(+14.2pt)、1号艇のdominanceが不利(-13.0pt) / [2着]2号艇のsession_exh_rel_avgが有利(+7.2pt)、2号艇の節間得点が不利(-6.3pt) / [候補2]3号艇のwin_rate_rank_2to6が有利(+16.3pt)、3号艇のsession_exh_rel_avgが不利(-8.3pt) / [除外]6号艇のwin_rate_rank_2to6が不利(-8.3pt)、6号艇のsession_exh_rel_avgが不利(-7.0pt)、天気+5.0pt
3,15,丸亀,8,18:26,0.7369702533825356,4,0.5565636191333213,2,0.3154212499012887,0.6426269098781737,0.08586762282047397,0.786117246214136,0.5764098957441268,0.6856740107789624,1-4,1-2,0.23245607846198885,0.0632818837473607,0.4101708314161849,0.029815219287296125,0.0012462422713923253,True,False,False,False,釜揚げ８,2026-09-27,1号艇のdominance,0.1877,1号艇のsession_exh_rel_avg,0.122,1号艇vs6号艇の直近複勝率差,0.0931,1号艇の級別順位,0.0698,風速区分,0.0667,4号艇のwin_rate_rank_2to6,0.195,1号艇vs5号艇の直近複勝率差,0.1716,4号艇のclass_rank_2to6,0.0984,3号艇の枠別平均ST,0.0677,4号艇のモーター2連率,-0.0643,2号艇のsession_exh_rel_avg,-0.0847,2号艇のclass_rank_2to6,0.0769,6号艇の直近平均着順,-0.0476,2号艇のwin_rate_rank_2to6,0.0381,3号艇のracer_win_te,0.0344,0.0328,北 0.8m/s,[逃げ]1号艇のdominanceが有利(+18.8pt)、1号艇のsession_exh_rel_avgが有利(+12.2pt) / [2着]4号艇のwin_rate_rank_2to6が有利(+19.5pt)、1号艇vs5号艇の直近複勝率差が有利(+17.2pt) / [候補2]2号艇のsession_exh_rel_avgが不利(-8.5pt)、2号艇のclass_rank_2to6が有利(+7.7pt) / [除外]6号艇の直近平均着順が不利(-22.0pt)、6号艇の全国勝率が不利(-15.3pt)、天気+3.3pt
4,13,尼崎,10,14:56,0.8172091001661208,2,0.539436721113767,5,0.2572463912898597,0.6510566894049122,0.10148761228256056,0.6951955001210661,0.5717676627629604,0.6642983326197583,1-2,1-5,0.4408325974579442,0.04853689667838882,0.08293660031143947,0.21022409194696806,0.03467892594874488,True,True,False,False,予選特賞,2026-09-27,1号艇のdominance,0.2363,1号艇のsession_exh_rel_avg,0.1176,2号艇の枠別勝率,0.0982,1号艇の全国勝率,0.0901,1号艇のvs_max234_diff,0.0875,2号艇のsession_exh_rel_avg,0.1224,2号艇のclass_rank_2to6,0.0814,3号艇の全国勝率,-0.0759,2号艇のwin_rate_rank_2to6,0.0679,2号艇の全国勝率,0.062,5号艇のwin_rate_rank_2to6,0.2288,5号艇のclass_rank_2to6,0.1453,5号艇のsession_exh_rel_avg,0.114,4号艇の年齢,-0.0999,1号艇vs4号艇の勝率差,0.0905,0.0266,東 1.4m/s,[逃げ]1号艇のdominanceが有利(+23.6pt)、1号艇のsession_exh_rel_avgが有利(+11.8pt) / [2着]2号艇のsession_exh_rel_avgが有利(+12.2pt)、2号艇のclass_rank_2to6が有利(+8.1pt) / [候補2]5号艇のwin_rate_rank_2to6が有利(+22.9pt)、5号艇のclass_rank_2to6が有利(+14.5pt) / [除外]2号艇の枠別勝率が不利(-9.0pt)、3号艇のwin_rate_rank_2to6が不利(-5.2pt)、天気+2.7pt
5,19,下関,11,20:08,0.8701846725837319,3,0.44545923119653663,2,0.3330278045563628,0.6774274863173168,0.14616694836309616,0.6323200873898033,0.5586064762225744,0.6638952666390627,1-3,1-2,0.28979569106915765,0.38763179524815916,0.12719223810390407,0.048395410132902876,0.017169541271298692,False,False,False,False,一般特選,2026-09-27,1号艇のdominance,0.1191,場特性:in_escape_diff,0.107,風速区分,0.089,1号艇の級別順位,0.0853,1号艇の節間得点,0.0783,3号艇のwin_rate_rank_2to6,0.1961,3号艇のsession_exh_rel_avg,-0.0595,3号艇の全国勝率,0.0435,3号艇のclass_rank_2to6,0.038,場特性:1x_diff_course3,0.0344,2号艇のsession_exh_rel_avg,-0.1238,場特性:in_escape_diff,0.044,2号艇の全国勝率,0.0426,レース時間帯,-0.0386,2号艇のwin_rate_rank_2to6,0.0379,0.1453,南西 1.6m/s,[逃げ]1号艇のdominanceが有利(+11.9pt)、場特性:in_escape_diffが有利(+10.7pt) / [2着]3号艇のwin_rate_rank_2to6が有利(+19.6pt)、3号艇のsession_exh_rel_avgが不利(-6.0pt) / [候補2]2号艇のsession_exh_rel_avgが不利(-12.4pt)、場特性:in_escape_diffが有利(+4.4pt) / [除外]6号艇のwin_rate_rank_2to6が不利(-8.4pt)、1号艇vs6号艇の枠別平均ST差が不利(-5.1pt)、天気+14.5pt
6,11,琵琶湖,3,11:21,0.8679369430057635,2,0.6101746188556731,4,0.1576012630478582,0.6663810518529052,0.15271652063966532,0.6150593612638661,0.5442601770618939,0.6509845446761935,1-2,1-4,0.5295930933892998,0.1325483100704677,0.13678795846360525,0.05719783017223916,0.011809728276931969,True,True,False,False,一般,2026-09-27,1号艇のdominance,0.1731,1号艇のsession_exh_rel_avg,0.1669,風速区分,0.0895,1号艇の勝率順位,0.0763,1号艇のracer_win_te,0.0732,2号艇のwin_rate_rank_2to6,0.2023,2号艇のclass_rank_2to6,0.0727,2号艇のsession_exh_rel_avg,-0.0603,2号艇の全国勝率,0.0482,win_rate_gap_top2_2to6,0.0341,4号艇のclass_rank_2to6,0.1176,4号艇のsession_exh_rel_avg,-0.1161,4号艇の節間得点,-0.0762,4号艇のwin_rate_rank_2to6,0.0546,3号艇の枠別平均ST,0.0312,0.0973,南東 1.3m/s,[逃げ]1号艇のdominanceが有利(+17.3pt)、1号艇のsession_exh_rel_avgが有利(+16.7pt) / [2着]2号艇のwin_rate_rank_2to6が有利(+20.2pt)、2号艇のclass_rank_2to6が有利(+7.3pt) / [候補2]4号艇のclass_rank_2to6が有利(+11.8pt)、4号艇のsession_exh_rel_avgが不利(-11.6pt) / [除外]1号艇vs6号艇のcumulative差が不利(-7.6pt)、5号艇のwin_rate_rank_2to6が不利(-5.4pt)、天気+9.7pt
7,05,多摩川,9,15:10,0.715339760433942,2,0.6672059847209748,3,0.1814873817147541,0.6071041094280101,0.09035521738779333,0.7583381490479356,0.5412780808867415,0.6524743213139876,1-2,1-3,0.4772789692703945,0.12982514015761557,0.029744421959707737,0.06463467956014082,0.013856552817143677,True,False,False,False,予選特賞,2026-09-27,1号艇のsession_exh_rel_avg,0.1169,5号艇のsession_exh_rel_avg,-0.0732,1号艇のモーター2連率順位,0.0725,1号艇の節間得点,0.0722,1号艇のdominance,-0.0602,2号艇のwin_rate_rank_2to6,0.2639,2号艇のclass_rank_2to6,0.1105,2号艇のsession_exh_rel_avg,-0.0868,2号艇のracer_avgfin_te,0.077,2号艇の全国勝率,0.0594,3号艇のsession_exh_rel_avg,-0.0611,3号艇の節間得点,0.0522,3号艇のwin_rate_rank_2to6,0.0479,2号艇のsession_rank_diff_delta,-0.0377,3号艇のclass_rank_2to6,0.0369,0.0337,南東 1.0m/s,[逃げ]1号艇のsession_exh_rel_avgが有利(+11.7pt)、5号艇のsession_exh_rel_avgが不利(-7.3pt) / [2着]2号艇のwin_rate_rank_2to6が有利(+26.4pt)、2号艇のclass_rank_2to6が有利(+11.0pt) / [候補2]3号艇のsession_exh_rel_avgが不利(-6.1pt)、3号艇の節間得点が有利(+5.2pt) / [除外]6号艇のwin_rate_rank_2to6が不利(-6.8pt)、天気+3.4pt
8,19,下関,9,19:14,0.7550521183807949,3,0.683342013192566,5,0.09734233600506884,0.5894573716484064,0.08842601480608268,0.6922583343915522,0.5269093321208825,0.6202976604713502,1-3,1-5,0.06676624979930426,0.5159588346396441,0.06297949343646086,0.07349853700876234,0.035849003496623275,True,False,False,False,予選,2026-09-27,1号艇のdominance,0.1677,場特性:in_escape_diff,0.0909,1号艇の級別順位,0.0758,1号艇の勝率順位,0.0755,1号艇vs3号艇のcumulative差,-0.0594,3号艇のwin_rate_rank_2to6,0.1678,2号艇のvs_boat3_diff,0.0599,3号艇のracer_avgfin_te,0.0536,場特性:1x_diff_course3,0.0511,2号艇の節間得点,0.039,5号艇のsession_exh_rel_avg,-0.12,5号艇のracer_avgfin_te,0.0587,5号艇のwin_rate_rank_2to6,-0.0481,mean_234_全国勝率,0.0463,5号艇のracer_win_te,-0.0443,0.0517,南西 1.4m/s,[逃げ]1号艇のdominanceが有利(+16.8pt)、場特性:in_escape_diffが有利(+9.1pt) / [2着]3号艇のwin_rate_rank_2to6が有利(+16.8pt)、2号艇のvs_boat3_diffが有利(+6.0pt) / [候補2]5号艇のsession_exh_rel_avgが不利(-12.0pt)、5号艇のracer_avgfin_teが有利(+5.9pt) / [除外]6号艇のsession_exh_rel_avgが不利(-8.0pt)、2号艇のwin_rate_rank_2to6が不利(-7.9pt)、天気+5.2pt
9,19,下関,5,17:14,0.8257835867630599,4,0.4133583194005932,2,0.3122999620598491,0.5992366984287221,0.117904677828862,0.6077536036315803,0.5144533265829588,0.6017917699895795,1-4,1-2,0.2578921828157497,0.09736374775366069,0.34134451561297235,0.09573746086373952,0.033445665873661455,True,False,False,False,シーモ戦,2026-09-27,1号艇のdominance,0.2636,1号艇のracer_win_te,0.13,場特性:in_escape_diff,0.0835,1号艇の勝率順位,0.0775,1号艇の級別順位,0.0687,4号艇のclass_rank_2to6,0.2271,4号艇のwin_rate_rank_2to6,0.1906,4号艇の年齢,-0.0779,4号艇のsession_exh_rel_avg,-0.0679,4号艇のcumulative_diff_rank_2to6,0.0587,3号艇の全国勝率,-0.0864,2号艇のclass_rank_2to6,-0.0615,3号艇の直近平均着順,0.0468,2号艇の全国勝率,-0.0381,2号艇の直近平均着順,-0.0362,0.089,南西 0.8m/s,[逃げ]1号艇のdominanceが有利(+26.4pt)、1号艇のracer_win_teが有利(+13.0pt) / [2着]4号艇のclass_rank_2to6が有利(+22.7pt)、4号艇のwin_rate_rank_2to6が有利(+19.1pt) / [候補2]3号艇の全国勝率が不利(-8.6pt)、2号艇のclass_rank_2to6が不利(-6.1pt) / [除外]6号艇のwin_rate_rank_2to6が不利(-7.1pt)、5号艇のsession_exh_rel_avgが不利(-5.3pt)、天気+8.9pt
10,08,常滑,1,10:38,0.7639964185261532,2,0.41086425709665936,3,0.377256514729564,0.6021214470413022,0.12300465116304223,0.665116120663181,0.5132449607799803,0.6210198491278659,1-2,1-3,0.31389882092225635,0.28822262611904587,0.09397511295062308,0.03825987572871976,0.029639975690236978,False,False,True,False,朝トコ小判Ｒ,2026-09-27,1号艇のdominance,0.2981,1号艇のsession_exh_rel_avg,-0.0866,1号艇の勝率順位,0.0714,場特性:in_escape_diff,0.0712,1号艇のvs_max234_diff,0.0665,2号艇のwin_rate_rank_2to6,0.1969,2号艇のsession_exh_rel_avg,0.0953,2号艇の全国勝率,-0.0853,3号艇の全国勝率,-0.0592,second_best_win_rate,0.0532,3号艇のwin_rate_rank_2to6,-0.0907,1号艇のsession_rank_diff_last,0.0867,3号艇の当地勝率,0.0861,3号艇のsession_exh_rel_avg,0.0844,4号艇のモーター出走数,-0.071,0.0619,東 0.5m/s,[逃げ]1号艇のdominanceが有利(+29.8pt)、1号艇のsession_exh_rel_avgが不利(-8.7pt) / [2着]2号艇のwin_rate_rank_2to6が有利(+19.7pt)、2号艇のsession_exh_rel_avgが有利(+9.5pt) / [候補2]3号艇のwin_rate_rank_2to6が不利(-9.1pt)、1号艇のsession_rank_diff_lastが有利(+8.7pt) / [除外]1号艇vs6号艇のcumulative差が不利(-7.2pt)、5号艇のracer_avgfin_teが不利(-6.8pt)、天気+6.2pt
11,22,福岡,7,14:44,0.7612054419557813,2,0.5238282712362959,4,0.24537802524805585,0.5855240188705407,0.10934879669707553,0.6598574997872763,0.5086924025896654,0.6078240631455614,1-2,1-4,0.39874093071535754,0.08323689911713027,0.1867830881551832,0.06552125023555586,0.026923268061131923,True,True,False,False,一般戦,2026-09-27,1号艇のdominance,0.1982,1号艇のsession_exh_rel_avg,-0.1038,4号艇のsession_exh_rel_avg,-0.1026,風速区分,0.0993,1号艇のracer_win_te,0.0839,2号艇のclass_rank_2to6,0.0824,2号艇のwin_rate_rank_2to6,0.0645,2号艇のsession_exh_rel_avg,-0.0603,場特性:1x_diff_course2,0.0415,2号艇の全国勝率,0.0392,4号艇のwin_rate_rank_2to6,0.1746,4号艇のsession_exh_rel_avg,0.1317,4号艇のclass_rank_2to6,-0.1005,4号艇の節間得点,-0.0973,4号艇の年齢,0.0636,0.0811,西 0.2m/s,[逃げ]1号艇のdominanceが有利(+19.8pt)、1号艇のsession_exh_rel_avgが不利(-10.4pt) / [2着]2号艇のclass_rank_2to6が有利(+8.2pt)、2号艇のwin_rate_rank_2to6が有利(+6.4pt) / [候補2]4号艇のwin_rate_rank_2to6が有利(+17.5pt)、4号艇のsession_exh_rel_avgが有利(+13.2pt) / [除外]6号艇のwin_rate_rank_2to6が不利(-6.9pt)、天気+8.1pt
12,08,常滑,6,13:00,0.7632791231518378,3,0.3834973217287658,2,0.36896834964015524,0.574341337844329,0.09857297556127118,0.6538926958076499,0.5064038962533408,0.5982067452333252,1-3,1-2,0.28162583838411837,0.2927154994602106,0.0752386943528746,0.06756684947077528,0.04613224432729534,True,True,False,False,昼トコ小判Ｒ,2026-09-27,1号艇のsession_exh_rel_avg,0.1076,場特性:in_escape_diff,0.0917,1号艇の級別順位,0.0752,1号艇の年齢,0.0655,1号艇の節間得点,-0.0548,3号艇のwin_rate_rank_2to6,0.1854,3号艇のsession_exh_rel_avg,-0.1168,4号艇のモーター出走数,-0.0842,3号艇の当地勝率,0.0631,6号艇のracer_2nd_te,-0.0607,2号艇のsession_exh_rel_avg,0.1014,2号艇のwin_rate_rank_2to6,-0.0561,2号艇のracer_avgfin_te,-0.0435,2号艇のracer_2nd_te,-0.0365,2号艇のclass_rank_2to6,-0.0306,0.0131,南東 3.8m/s,[逃げ]1号艇のsession_exh_rel_avgが有利(+10.8pt)、場特性:in_escape_diffが有利(+9.2pt) / [2着]3号艇のwin_rate_rank_2to6が有利(+18.5pt)、3号艇のsession_exh_rel_avgが不利(-11.7pt) / [候補2]2号艇のsession_exh_rel_avgが有利(+10.1pt)、2号艇のwin_rate_rank_2to6が不利(-5.6pt) / [除外]4号艇のwin_rate_rank_2to6が不利(-5.2pt)、天気+1.3pt
13,15,丸亀,11,19:54,0.6860368379760062,2,0.7234979167294957,3,0.11332509197267056,0.5740914108356021,0.09884082142620834,0.737982187275958,0.505999010890736,0.6232586437677089,1-2,1-3,0.4963462230753311,0.07774518776027099,0.06780844459418706,0.031059927497430584,0.013077053132021694,True,False,False,False,予選選抜,2026-09-27,1号艇のracer_win_te,0.1386,3号艇のsession_exh_rel_avg,-0.1207,2号艇のsession_exh_rel_avg,-0.1043,1号艇のdominance,0.0931,1号艇の節間得点,0.0912,2号艇のwin_rate_rank_2to6,0.1768,2号艇のsession_exh_rel_avg,0.1594,2号艇の当地勝率,0.1216,2号艇のclass_rank_2to6,0.1101,2号艇の全国勝率,0.0576,2号艇のsession_exh_rel_last,-0.1756,3号艇のwin_rate_rank_2to6,-0.147,3号艇のsession_exh_rel_avg,0.1078,3号艇の枠別平均ST,-0.0503,場特性:1x_diff_course3,-0.0397,0.1771,南東 0.7m/s,[逃げ]1号艇のracer_win_teが有利(+13.9pt)、3号艇のsession_exh_rel_avgが不利(-12.1pt) / [2着]2号艇のwin_rate_rank_2to6が有利(+17.7pt)、2号艇のsession_exh_rel_avgが有利(+15.9pt) / [候補2]2号艇のsession_exh_rel_lastが不利(-17.6pt)、3号艇のwin_rate_rank_2to6が不利(-14.7pt) / [除外]6号艇のwin_rate_rank_2to6が不利(-7.9pt)、天気+17.7pt
14,13,尼崎,6,12:53,0.6103116565587018,4,0.6869781607565324,2,0.2033353705527268,0.5433687261499816,0.059139743332972436,0.8311737879762867,0.5048071017503727,0.6297102446978731,1-4,1-2,0.12409794683901217,0.036093674722002846,0.4192707793109694,0.016826999601901357,0.0140222685895505,True,True,False,False,昼どきピンク,2026-09-27,1号艇のdominance,0.2868,4号艇のsession_exh_rel_avg,-0.1275,ST差分(4-3),-0.1032,3号艇の枠別出走数,-0.0909,1号艇の全国勝率,0.0833,4号艇のwin_rate_rank_2to6,0.2729,4号艇のclass_rank_2to6,0.2096,4号艇のsession_exh_rel_avg,0.0835,4号艇の節間得点,0.0796,4号艇のcumulative_diff_rank_2to6,0.0667,2号艇の女子戦比率,-0.1335,3号艇の全国勝率,-0.0628,2号艇の全国勝率,-0.0586,3号艇のracer_2nd_te,0.0554,2号艇のwin_rate_rank_2to6,0.0519,0.0447,東 1.2m/s,[逃げ]1号艇のdominanceが有利(+28.7pt)、4号艇のsession_exh_rel_avgが不利(-12.7pt) / [2着]4号艇のwin_rate_rank_2to6が有利(+27.3pt)、4号艇のclass_rank_2to6が有利(+21.0pt) / [候補2]2号艇の女子戦比率が不利(-13.3pt)、3号艇の全国勝率が不利(-6.3pt) / [除外]5号艇のracer_win_teが不利(-12.5pt)、1号艇vs5号艇の勝率差が不利(-11.9pt)、天気+4.5pt
15,21,芦屋,1,08:44,0.6381280651344741,3,0.4596320267421987,4,0.40751884482746564,0.5533533078544227,0.08711703599666398,0.7800338355730003,0.49550550780735053,0.621357466169996,1-3,1-4,0.05559182562080152,0.2933040958988361,0.2600492119555866,0.025827510209102837,0.0033554426964817656,False,False,True,False,サンライズＶ,2026-09-27,1号艇のdominance,0.2131,1号艇vs4号艇の枠別平均ST差,-0.1267,2号艇の平均ST,-0.1048,2号艇のモーター出走数,-0.0913,1号艇のvs_max234_diff,0.0823,2号艇の枠別平均ST,0.2518,4号艇のモーター出走数,-0.0818,6号艇のモーター出走数,0.0814,3号艇のwin_rate_rank_2to6,0.0728,2号艇の女子戦比率,0.0421,ST差分(3-2),0.2265,4号艇のwin_rate_rank_2to6,0.1891,4号艇のsession_exh_rel_avg,0.0953,4号艇の女子戦比率,-0.0865,4号艇の節間得点,-0.0744,0.0747,南東 1.3m/s,[逃げ]1号艇のdominanceが有利(+21.3pt)、1号艇vs4号艇の枠別平均ST差が不利(-12.7pt) / [2着]2号艇の枠別平均STが有利(+25.2pt)、4号艇のモーター出走数が不利(-8.2pt) / [候補2]ST差分(3-2)が有利(+22.6pt)、4号艇のwin_rate_rank_2to6が有利(+18.9pt) / [除外]6号艇の直近平均着順が不利(-22.4pt)、6号艇の全国勝率が不利(-12.5pt)、天気+7.5pt
16,13,尼崎,8,13:53,0.6119152806030226,3,0.5120747758198142,2,0.37688988052368133,0.5439710571325996,0.07584234132710013,0.8131223150163954,0.4944638108280627,0.6247164344977383,1-3,1-2,0.2306246769970881,0.31334638013551147,0.04640908757476269,0.019030163169475273,0.0025049701616777216,True,True,False,False,予選,2026-09-27,3号艇のsession_exh_rel_avg,-0.1825,4号艇の枠別出走数,-0.1523,1号艇のsession_exh_rel_avg,0.1413,1号艇の節間得点,0.1011,1号艇の級別順位,0.0924,3号艇のwin_rate_rank_2to6,0.2336,3号艇のsession_exh_rel_avg,0.1109,3号艇の全国勝率,0.0701,3号艇の節間得点,0.0625,3号艇の当地勝率,-0.0583,2号艇のclass_rank_2to6,0.0808,2号艇のwin_rate_rank_2to6,0.049,2号艇の全国勝率,0.0438,win_rate_gap_top2_2to6,-0.0418,2号艇のsession_exh_rel_avg,-0.0332,0.0881,東 1.5m/s,[逃げ]3号艇のsession_exh_rel_avgが不利(-18.2pt)、4号艇の枠別出走数が不利(-15.2pt) / [2着]3号艇のwin_rate_rank_2to6が有利(+23.4pt)、3号艇のsession_exh_rel_avgが有利(+11.1pt) / [候補2]2号艇のclass_rank_2to6が有利(+8.1pt)、2号艇のwin_rate_rank_2to6が有利(+4.9pt) / [除外]6号艇の直近平均着順が不利(-14.0pt)、6号艇のwin_rate_rank_2to6が不利(-12.5pt)、天気+8.8pt
17,05,多摩川,7,14:05,0.6204898632672216,3,0.6114801660622271,2,0.23281670094264667,0.5238776475647977,0.05941330713112128,0.7848835598737526,0.48652728327612177,0.6021794212574841,1-3,1-2,0.14446040293422843,0.37941724463056925,0.03686535481804288,0.025555984303781955,0.034190870801836894,True,True,False,False,予選,2026-09-27,3号艇のsession_exh_rel_avg,-0.2124,1号艇のsession_exh_rel_avg,-0.0808,1号艇の節間得点,0.0791,2号艇の平均ST,0.0767,6号艇の女子戦勝率,0.0725,3号艇のwin_rate_rank_2to6,0.2032,3号艇のsession_exh_rel_avg,0.1227,3号艇のsession_exh_rel_last,0.0726,1号艇の体重,0.0685,3号艇の節間得点,0.0428,2号艇のsession_exh_rel_avg,-0.1411,1号艇vs2号艇のcumulative差,-0.0408,2号艇のwin_rate_rank_2to6,0.0397,2号艇のracer_avgfin_te,-0.0391,win_rate_gap_top2_2to6,-0.0337,0.055,南 0.8m/s,[逃げ]3号艇のsession_exh_rel_avgが不利(-21.2pt)、1号艇のsession_exh_rel_avgが不利(-8.1pt) / [2着]3号艇のwin_rate_rank_2to6が有利(+20.3pt)、3号艇のsession_exh_rel_avgが有利(+12.3pt) / [候補2]2号艇のsession_exh_rel_avgが不利(-14.1pt)、1号艇vs2号艇のcumulative差が不利(-4.1pt) / [除外]5号艇のsession_exh_rel_avgが不利(-5.5pt)、天気+5.5pt
18,11,琵琶湖,12,16:18,0.7433458920563942,2,0.46752607173176086,3,0.3054032355865602,0.5745538254450682,0.1379617207391472,0.6349675865791737,0.4794341041462747,0.5926779537852997,1-2,1-3,0.34753358485106756,0.2270202405940007,0.10255327837247652,0.05599773956370936,0.010241054213498631,True,False,False,False,優勝戦,2026-09-27,1号艇のsession_exh_rel_avg,0.2002,3号艇のsession_exh_rel_last,-0.1495,3号艇のsession_exh_rel_avg,-0.14,1号艇の節間得点,0.1266,1号艇のracer_win_te,0.1059,3号艇のsession_exh_rel_last,0.1563,2号艇のwin_rate_rank_2to6,-0.1252,2号艇のsession_exh_rel_avg,0.1049,2号艇の当地勝率,0.0866,2号艇の節間得点,0.0671,3号艇のsession_exh_rel_avg,0.1258,3号艇の節間得点,0.1205,3号艇の当地勝率,0.075,3号艇のwin_rate_rank_2to6,0.0567,3号艇の全国勝率,0.0551,0.1932,南東 1.3m/s,[逃げ]1号艇のsession_exh_rel_avgが有利(+20.0pt)、3号艇のsession_exh_rel_lastが不利(-15.0pt) / [2着]3号艇のsession_exh_rel_lastが有利(+15.6pt)、2号艇のwin_rate_rank_2to6が不利(-12.5pt) / [候補2]3号艇のsession_exh_rel_avgが有利(+12.6pt)、3号艇の節間得点が有利(+12.0pt) / [除外]1号艇の当地勝率が不利(-8.1pt)、6号艇のwin_rate_rank_2to6が不利(-6.1pt)、天気+19.3pt
19,05,多摩川,12,16:46,0.8581016963889604,2,0.43346969404195307,3,0.26410655502853914,0.5985913626880374,0.1688307923148213,0.5287454567556709,0.4773185778455215,0.5776375909083274,1-2,1-3,0.37196107979060355,0.22663028289743375,0.1448739892880404,0.0784469921052546,0.03618935550430599,True,False,False,False,記者選抜戦,2026-09-27,1号艇のdominance,0.2609,1号艇のracer_win_te,0.1834,1号艇のsession_exh_rel_avg,0.1378,race_no,0.0993,風速区分,0.0907,2号艇のwin_rate_rank_2to6,0.1601,2号艇のsession_exh_rel_avg,0.0937,1号艇の一般戦勝率,-0.0707,2号艇のclass_rank_2to6,-0.0563,場×風向,-0.0556,4号艇のsession_rank_diff_last,-0.1766,3号艇のwin_rate_rank_2to6,-0.1025,3号艇のsession_exh_rel_avg,0.0626,3号艇の節間得点,0.0467,3号艇のcumulative_diff_rank_2to6,0.04,0.0284,南東 0.9m/s,[逃げ]1号艇のdominanceが有利(+26.1pt)、1号艇のracer_win_teが有利(+18.3pt) / [2着]2号艇のwin_rate_rank_2to6が有利(+16.0pt)、2号艇のsession_exh_rel_avgが有利(+9.4pt) / [候補2]4号艇のsession_rank_diff_lastが不利(-17.7pt)、3号艇のwin_rate_rank_2to6が不利(-10.3pt) / [除外]5号艇のsession_exh_rel_avgが不利(-6.9pt)、天気+2.8pt
20,09,津,12,16:20,0.8733539026876902,2,0.40910267049974425,3,0.3295765646249017,0.6451283928304674,0.22059953980111147,0.5180796953235345,0.4743503609452293,0.6070137835783875,1-2,1-3,0.35729141388090785,0.2878369789495596,0.19266146901640915,0.02971847816068781,0.005845554343040167,True,False,False,False,準優勝戦,2026-09-27,1号艇のdominance,0.201,1号艇のsession_exh_rel_avg,0.1823,風速区分,0.1035,race_no,0.0807,1号艇の級別順位,0.0797,2号艇のsession_exh_rel_avg,0.0898,2号艇のclass_rank_2to6,0.072,2号艇の節間得点,0.0643,2号艇のwin_rate_rank_2to6,0.0583,6号艇の女子戦2連率,0.0564,3号艇のsession_exh_rel_avg,0.0835,1号艇の直近1着率,0.0566,3号艇のwin_rate_rank_2to6,-0.0548,3号艇のcumulative_diff_rank_2to6,0.0481,3号艇の全国勝率,0.0434,0.1481,南 1.5m/s,[逃げ]1号艇のdominanceが有利(+20.1pt)、1号艇のsession_exh_rel_avgが有利(+18.2pt) / [2着]2号艇のsession_exh_rel_avgが有利(+9.0pt)、2号艇のclass_rank_2to6が有利(+7.2pt) / [候補2]3号艇のsession_exh_rel_avgが有利(+8.4pt)、1号艇の直近1着率が有利(+5.7pt) / [除外]1号艇vs6号艇のcumulative差が不利(-7.3pt)、6号艇のwin_rate_rank_2to6が不利(-6.9pt)、天気+14.8pt
21,15,丸亀,9,18:51,0.71552761124637,2,0.39147004997451695,3,0.3754718746723034,0.5487681233072328,0.1247175915482483,0.642224333098572,0.46663887691843653,0.5768049862446345,1-2,1-3,0.2801076297327632,0.2686604935744697,0.08923888036091857,0.04099227890384199,0.03652832867437654,True,False,False,False,まるがめ特賞,2026-09-27,1号艇のsession_exh_rel_avg,0.1278,1号艇のdominance,0.1146,1号艇のモーター2連率,0.0772,1号艇のモーター2連率順位,0.0662,風速区分,0.06,2号艇のwin_rate_rank_2to6,0.1927,2号艇のsession_exh_rel_avg,-0.0951,2号艇のclass_rank_2to6,0.0935,2号艇のracer_avgfin_te,0.0512,2号艇のモーター2連率,-0.0472,3号艇のモーター2連率,0.0726,3号艇のsession_exh_rel_avg,0.064,3号艇の枠別平均ST,-0.0471,3号艇のwin_rate_rank_2to6,-0.0467,3号艇の全国勝率,0.0325,0.0626,南東 1.2m/s,[逃げ]1号艇のsession_exh_rel_avgが有利(+12.8pt)、1号艇のdominanceが有利(+11.5pt) / [2着]2号艇のwin_rate_rank_2to6が有利(+19.3pt)、2号艇のsession_exh_rel_avgが不利(-9.5pt) / [候補2]3号艇のモーター2連率が有利(+7.3pt)、3号艇のsession_exh_rel_avgが有利(+6.4pt) / [除外]5号艇のracer_avgfin_teが不利(-5.3pt)、6号艇のsession_exh_rel_avgが不利(-5.3pt)、天気+6.3pt
22,19,下関,3,16:16,0.862492298794443,2,0.469108503709591,3,0.22300750124008617,0.5969447241414731,0.1919265333260103,0.5001894716236669,0.4594612863514038,0.5679181483861312,1-2,1-3,0.40460247174850666,0.1923422523929665,0.16553515692799892,0.05074126811162971,0.04927115282637549,True,False,False,False,予選,2026-09-27,1号艇のdominance,0.2447,1号艇のsession_exh_rel_avg,0.1653,1号艇のracer_win_te,0.129,1号艇の級別順位,0.0851,風速区分,0.0837,2号艇のwin_rate_rank_2to6,0.1587,2号艇のclass_rank_2to6,0.071,2号艇の全国勝率,0.0522,2号艇のcumulative_diff_rank_2to6,-0.0504,2号艇のsession_exh_rel_avg,0.0487,3号艇のwin_rate_rank_2to6,-0.081,3号艇のracer_avgfin_te,-0.077,3号艇のracer_2nd_te,-0.0662,3号艇のracer_win_te,-0.0644,1号艇のsession_rank_diff_last,0.0644,0.0936,南西 0.5m/s,[逃げ]1号艇のdominanceが有利(+24.5pt)、1号艇のsession_exh_rel_avgが有利(+16.5pt) / [2着]2号艇のwin_rate_rank_2to6が有利(+15.9pt)、2号艇のclass_rank_2to6が有利(+7.1pt) / [候補2]3号艇のwin_rate_rank_2to6が不利(-8.1pt)、3号艇のracer_avgfin_teが不利(-7.7pt) / [除外]6号艇のsession_exh_rel_avgが不利(-5.4pt)、1号艇vs4号艇のlocal_win_rate差が不利(-5.4pt)、天気+9.4pt
23,08,常滑,11,15:32,0.7944421284797191,2,0.4243172178618624,3,0.2875037187885289,0.5655005400089641,0.15955097955790787,0.5522699570924834,0.4572291418902168,0.5615313651340199,1-2,1-3,0.33709547370877063,0.22840506630019347,0.12675401980100848,0.09390192661026203,0.008285625412141976,True,False,False,False,選抜戦,2026-09-27,1号艇のdominance,0.1708,1号艇のsession_exh_rel_avg,-0.124,1号艇のracer_win_te,0.1116,1号艇のsession_exh_rel_last,-0.0915,1号艇の勝率順位,0.086,2号艇のwin_rate_rank_2to6,-0.1233,2号艇のsession_exh_rel_avg,0.0792,2号艇の節間得点,0.0726,レース時間帯,-0.0461,2号艇の全国勝率,0.0458,3号艇の節間得点,0.0713,3号艇のwin_rate_rank_2to6,-0.0537,3号艇のsession_exh_rel_avg,-0.0533,3号艇のcumulative_diff_rank_2to6,0.0376,3号艇の全国2連率,0.0323,-0.0688,南東 4.9m/s,[逃げ]1号艇のdominanceが有利(+17.1pt)、1号艇のsession_exh_rel_avgが不利(-12.4pt) / [2着]2号艇のwin_rate_rank_2to6が不利(-12.3pt)、2号艇のsession_exh_rel_avgが有利(+7.9pt) / [候補2]3号艇の節間得点が有利(+7.1pt)、3号艇のwin_rate_rank_2to6が不利(-5.4pt) / [除外]6号艇のwin_rate_rank_2to6が不利(-6.1pt)、1号艇vs6号艇のcumulative差が不利(-5.6pt)、天気-6.9pt
24,09,津,2,11:02,0.6614235584559632,3,0.488150253348519,2,0.30766319624767546,0.5263697636990303,0.10968448255370954,0.6861289670424849,0.45708824950313454,0.5742975247020667,1-3,1-2,0.20349568606807286,0.32287407763095743,0.07254790075807557,0.0593170853488957,0.0031888004879790178,True,True,False,False,一般,2026-09-27,1号艇のdominance,0.16,1号艇のracer_win_te,-0.1405,1号艇のsession_exh_rel_avg,0.1207,1号艇の年齢,0.1026,1号艇の級別順位,0.0836,3号艇のwin_rate_rank_2to6,0.1569,3号艇のsession_exh_rel_avg,0.057,second_best_win_rate,0.0423,4号艇のモーター出走数,-0.0383,3号艇のcumulative_diff_rank_2to6,0.0381,全艇平均勝率,0.0869,2号艇の全国勝率,-0.0788,2号艇の当地勝率,-0.0526,2号艇の直近平均着順,-0.0494,2号艇のwin_rate_rank_2to6,-0.0483,0.0018,南東 0.6m/s,[逃げ]1号艇のdominanceが有利(+16.0pt)、1号艇のracer_win_teが不利(-14.0pt) / [2着]3号艇のwin_rate_rank_2to6が有利(+15.7pt)、3号艇のsession_exh_rel_avgが有利(+5.7pt) / [候補2]全艇平均勝率が有利(+8.7pt)、2号艇の全国勝率が不利(-7.9pt) / [除外]6号艇の節間得点が不利(-10.9pt)、6号艇のsession_exh_rel_avgが不利(-9.2pt)、天気影響ほぼなし
25,05,多摩川,11,16:13,0.7280690900203277,2,0.5271233717351207,5,0.21445502046855924,0.539920305190471,0.13061539354128668,0.6109629986623932,0.455294021418409,0.5612331132320476,1-2,1-5,0.38378223358763625,0.06641361301820023,0.09509703071825158,0.1561380716028347,0.026638138381136354,True,False,False,False,予選特選,2026-09-27,1号艇のdominance,0.3037,6号艇の枠別出走数,-0.1703,1号艇のracer_win_te,0.148,6号艇の年齢,-0.1362,1号艇のvs_max234_diff,0.1052,2号艇のclass_rank_2to6,0.095,2号艇のsession_exh_rel_avg,-0.0836,2号艇のwin_rate_rank_2to6,0.0835,2号艇のモーター2連率,0.0835,2号艇の節間得点,0.0794,5号艇のwin_rate_rank_2to6,0.2205,5号艇のclass_rank_2to6,0.1217,5号艇のモーター2連率,0.088,5号艇のsession_exh_rel_avg,0.0876,4号艇の年齢,-0.0724,-0.0197,南東 1.0m/s,[逃げ]1号艇のdominanceが有利(+30.4pt)、6号艇の枠別出走数が不利(-17.0pt) / [2着]2号艇のclass_rank_2to6が有利(+9.5pt)、2号艇のsession_exh_rel_avgが不利(-8.4pt) / [候補2]5号艇のwin_rate_rank_2to6が有利(+22.1pt)、5号艇のclass_rank_2to6が有利(+12.2pt) / [除外]6号艇のwin_rate_rank_2to6が不利(-6.6pt)、天気-2.0pt
26,22,福岡,5,13:42,0.7022157837894312,2,0.5261585598134615,3,0.2565823307573959,0.5496530079762519,0.146129116736887,0.6366117738339704,0.45326863769544057,0.5757406377335674,1-2,1-3,0.36947684547692816,0.18017616249932383,0.047938343629874446,0.10261417224385039,0.002010264926123562,True,True,False,False,一般戦,2026-09-27,1号艇のsession_exh_rel_avg,0.1087,5号艇の枠別出走数,-0.0827,1号艇の勝率順位,-0.0703,風速区分,0.0699,1号艇の級別順位,0.0634,2号艇のwin_rate_rank_2to6,0.187,ST差分(6-5),0.089,2号艇のclass_rank_2to6,0.074,2号艇のsession_exh_rel_avg,0.073,場特性:1x_diff_course2,0.0538,3号艇の年齢,-0.1625,3号艇のsession_exh_rel_avg,-0.0582,3号艇のwin_rate_rank_2to6,-0.0491,3号艇の枠別平均ST,-0.0458,場特性:1x_diff_course3,0.0445,0.0869,南 0.5m/s,[逃げ]1号艇のsession_exh_rel_avgが有利(+10.9pt)、5号艇の枠別出走数が不利(-8.3pt) / [2着]2号艇のwin_rate_rank_2to6が有利(+18.7pt)、ST差分(6-5)が有利(+8.9pt) / [候補2]3号艇の年齢が不利(-16.2pt)、3号艇のsession_exh_rel_avgが不利(-5.8pt) / [除外]5号艇の直近平均着順が不利(-33.2pt)、ST差分(6-5)が不利(-8.7pt)、天気+8.7pt
27,20,若松,8,18:23,0.7372418332760224,3,0.39458033335141707,2,0.3386099511449234,0.5405385494822506,0.13640537433346195,0.5967849101628786,0.45205971366169906,0.557412457686439,1-3,1-2,0.24963742114758775,0.29090112833466275,0.08172995195226386,0.10056374824230359,0.014409591838524083,True,False,False,False,一般戦,2026-09-27,1号艇のdominance,0.1245,1号艇のracer_win_te,0.0999,風速区分,0.0814,1号艇のsession_exh_rel_avg,-0.0739,1号艇の年齢,0.0707,3号艇のsession_exh_rel_avg,0.1027,6号艇の女子戦比率,0.0893,3号艇のモーター2連率,0.0752,3号艇のwin_rate_rank_2to6,-0.0592,場特性:1x_diff_course3,0.0523,2号艇のwin_rate_rank_2to6,0.1636,2号艇の当地勝率,0.0712,2号艇のclass_rank_2to6,-0.063,2号艇のsession_exh_rel_avg,-0.058,2号艇の全国勝率,0.0521,0.0735,南西 1.6m/s,[逃げ]1号艇のdominanceが有利(+12.4pt)、1号艇のracer_win_teが有利(+10.0pt) / [2着]3号艇のsession_exh_rel_avgが有利(+10.3pt)、6号艇の女子戦比率が有利(+8.9pt) / [候補2]2号艇のwin_rate_rank_2to6が有利(+16.4pt)、2号艇の当地勝率が有利(+7.1pt) / [除外]6号艇の女子戦比率が不利(-9.9pt)、6号艇のwin_rate_rank_2to6が不利(-6.6pt)、天気+7.3pt
28,22,福岡,4,13:11,0.5799465909734975,2,0.5705547486528383,3,0.2580506703218662,0.48054688799654655,0.07485230877789512,0.7537531101968094,0.43738283514545767,0.5625087546566253,1-2,1-3,0.3308912814449543,0.14965560655159219,0.04341034130223588,0.04158274603961055,0.014406628597921063,True,True,False,False,一般戦,2026-09-27,1号艇のsession_exh_rel_avg,-0.096,1号艇のdominance,0.0819,風速区分,0.069,1号艇の勝率順位,-0.0645,1号艇の節間得点,-0.0637,2号艇のwin_rate_rank_2to6,0.1662,2号艇のclass_rank_2to6,0.0971,6号艇の枠別平均ST,-0.053,2号艇の全国勝率,0.0462,3号艇の全国勝率,-0.0459,3号艇のwin_rate_rank_2to6,-0.0991,3号艇の当地勝率,-0.0588,3号艇のracer_2nd_te,-0.0475,3号艇のcumulative_diff_rank_2to6,0.0429,6号艇の平均ST,0.0409,0.0617,南西 0.9m/s,[逃げ]1号艇のsession_exh_rel_avgが不利(-9.6pt)、1号艇のdominanceが有利(+8.2pt) / [2着]2号艇のwin_rate_rank_2to6が有利(+16.6pt)、2号艇のclass_rank_2to6が有利(+9.7pt) / [候補2]3号艇のwin_rate_rank_2to6が不利(-9.9pt)、3号艇の当地勝率が不利(-5.9pt) / [除外]6号艇のwin_rate_rank_2to6が不利(-6.6pt)、天気+6.2pt
29,09,津,1,10:33,0.8388091712323533,3,0.44362759795744716,2,0.23196416419831928,0.5666925661052836,0.19353397184489424,0.4820577903108722,0.43508345034528667,0.5413021333669602,1-3,1-2,0.1945736683267977,0.3721188977784859,0.16233807052852134,0.08840416821342564,0.021374375759545712,False,False,True,False,ツッキーレー,2026-09-27,1号艇のdominance,0.2816,1号艇のsession_exh_rel_avg,0.1178,1号艇vs4号艇のcumulative差,0.0856,1号艇の勝率順位,0.0774,2号艇の平均ST,-0.0758,3号艇の当地勝率,0.0986,1号艇のsession_exh_rel_last,0.0828,3号艇のwin_rate_rank_2to6,0.0706,5号艇の年齢,0.0618,3号艇のcumulative_diff_rank_2to6,-0.0542,2号艇のwin_rate_rank_2to6,-0.1471,ST差分(6-5),0.1098,2号艇の節間得点,-0.0806,2号艇の全国勝率,-0.0712,1号艇vs2号艇のcumulative差,-0.0704,0.0239,南西 0.4m/s,[逃げ]1号艇のdominanceが有利(+28.2pt)、1号艇のsession_exh_rel_avgが有利(+11.8pt) / [2着]3号艇の当地勝率が有利(+9.9pt)、1号艇のsession_exh_rel_lastが有利(+8.3pt) / [候補2]2号艇のwin_rate_rank_2to6が不利(-14.7pt)、ST差分(6-5)が有利(+11.0pt) / [除外]ST差分(6-5)が不利(-9.5pt)、6号艇のsession_exh_rel_avgが不利(-6.1pt)、天気+2.4pt
30,15,丸亀,12,20:30,0.8217589169363946,2,0.3871908420209512,3,0.2958663707950127,0.561308355409239,0.19797981081553262,0.48507740200043137,0.4279550889935203,0.5384390693865966,1-2,1-3,0.31817752698682755,0.24313082842241138,0.1626916749110444,0.08459142591002204,0.013167465298025004,False,False,False,False,予選選抜,2026-09-27,1号艇のdominance,0.2619,1号艇のsession_exh_rel_avg,0.1492,1号艇の全国勝率,0.1286,1号艇のracer_win_te,0.1213,風速区分,0.0921,2号艇のsession_exh_rel_avg,0.0697,2号艇の全国勝率,0.0642,2号艇のclass_rank_2to6,0.0635,2号艇のモーター2連率,-0.051,2号艇の当地勝率,0.0471,3号艇のwin_rate_rank_2to6,0.1652,3号艇のsession_exh_rel_avg,-0.1193,1号艇の直近1着率,0.1024,5号艇のsession_exh_rel_last,-0.0574,2号艇のsession_rank_diff_delta,-0.0392,0.102,南東 0.6m/s,[逃げ]1号艇のdominanceが有利(+26.2pt)、1号艇のsession_exh_rel_avgが有利(+14.9pt) / [2着]2号艇のsession_exh_rel_avgが有利(+7.0pt)、2号艇の全国勝率が有利(+6.4pt) / [候補2]3号艇のwin_rate_rank_2to6が有利(+16.5pt)、3号艇のsession_exh_rel_avgが不利(-11.9pt) / [除外]6号艇のsession_exh_rel_avgが不利(-8.2pt)、6号艇のwin_rate_rank_2to6が不利(-7.0pt)、天気+10.2pt
31,14,鳴門,1,08:32,0.8270430891885878,2,0.45332196012208686,4,0.21061485172462274,0.5491043518957249,0.19014542465862763,0.473791387188082,0.4238127356879892,0.526510462483432,1-2,1-4,0.3749167942963965,0.15725845940474728,0.17418755759932836,0.06801829906101314,0.05266197574612686,False,False,True,False,とるならなる,2026-09-27,1号艇のdominance,0.4052,1号艇のvs_max234_diff,0.1874,場特性:in_escape_diff,-0.1755,1号艇のracer_win_te,0.1146,1号艇の勝率順位,0.0976,2号艇のモーター2連率,0.1104,3号艇のracer_2nd_te,0.0918,2号艇の全国勝率,-0.0645,second_best_win_rate,0.0641,2号艇の直近平均着順,-0.0559,4号艇のwin_rate_rank_2to6,0.1882,4号艇のclass_rank_2to6,-0.1114,4号艇のcumulative_diff_rank_2to6,0.0518,5号艇のracer_win_te,0.0495,4号艇の全国勝率,-0.0464,0.1014,南 1.4m/s,[逃げ]1号艇のdominanceが有利(+40.5pt)、1号艇のvs_max234_diffが有利(+18.7pt) / [2着]2号艇のモーター2連率が有利(+11.0pt)、3号艇のracer_2nd_teが有利(+9.2pt) / [候補2]4号艇のwin_rate_rank_2to6が有利(+18.8pt)、4号艇のclass_rank_2to6が不利(-11.1pt)、天気+10.1pt
32,11,琵琶湖,4,11:49,0.7459067449613134,2,0.509587884173851,3,0.1636338382160062,0.5021606235850673,0.13470149092828704,0.5385202314615702,0.42099048196620303,0.5130685059480182,1-2,1-3,0.38010503995584,0.12205558362922735,0.10047475063975447,0.07447225656637978,0.06879913917858427,True,True,False,False,一般,2026-09-27,1号艇のdominance,0.1569,1号艇のracer_win_te,0.1031,場特性:in_escape_diff,-0.0975,風速区分,0.0896,4号艇のsession_exh_rel_avg,-0.0885,2号艇のsession_exh_rel_avg,-0.1096,2号艇のclass_rank_2to6,0.093,2号艇のwin_rate_rank_2to6,0.0847,2号艇のモーター2連率,0.071,2号艇の全国勝率,0.0591,3号艇のsession_exh_rel_last,-0.174,3号艇のsession_exh_rel_avg,-0.141,3号艇のwin_rate_rank_2to6,-0.0957,3号艇の節間得点,-0.0757,3号艇の全国勝率,-0.0472,0.0911,南東 1.3m/s,[逃げ]1号艇のdominanceが有利(+15.7pt)、1号艇のracer_win_teが有利(+10.3pt) / [2着]2号艇のsession_exh_rel_avgが不利(-11.0pt)、2号艇のclass_rank_2to6が有利(+9.3pt) / [候補2]3号艇のsession_exh_rel_lastが不利(-17.4pt)、3号艇のsession_exh_rel_avgが不利(-14.1pt)、天気+9.1pt
33,22,福岡,1,11:43,0.8284774267460514,2,0.4520299217227177,3,0.2502804349687313,0.5818482770888332,0.23305225884818562,0.46925809784326344,0.4191270107498602,0.5480712233151622,1-2,1-3,0.3744965863610562,0.20735169072777698,0.1930785357078995,0.05222876057134421,0.0013218385250647418,True,True,False,False,カタメン１一,2026-09-27,1号艇のdominance,0.3021,1号艇のracer_win_te,0.1717,1号艇の勝率順位,0.0929,1号艇のvs_max234_diff,0.0911,1号艇の級別順位,0.0817,2号艇のwin_rate_rank_2to6,0.1609,2号艇の全国勝率,0.0478,2号艇のsession_exh_rel_avg,-0.045,場特性:1x_diff_course2,0.0399,2号艇の体重,-0.0356,3号艇のwin_rate_rank_2to6,0.0594,3号艇の当地勝率,-0.0449,3号艇の節間得点,0.0438,3号艇のcumulative_diff_rank_2to6,0.0343,3号艇のclass_rank_2to6,-0.0316,0.0694,南東 1.0m/s,[逃げ]1号艇のdominanceが有利(+30.2pt)、1号艇のracer_win_teが有利(+17.2pt) / [2着]2号艇のwin_rate_rank_2to6が有利(+16.1pt)、2号艇の全国勝率が有利(+4.8pt) / [候補2]3号艇のwin_rate_rank_2to6が有利(+5.9pt)、3号艇の当地勝率が不利(-4.5pt) / [除外]6号艇の直近平均着順が不利(-17.8pt)、6号艇の全国勝率が不利(-11.7pt)、天気+6.9pt
34,09,津,10,15:07,0.7574952708406644,2,0.5184183297034353,3,0.21653407934431723,0.556722974146626,0.20616302476060755,0.528789384287145,0.418992143382078,0.5483428971887816,1-2,1-3,0.3926994330674685,0.16402354107915748,0.156167516278367,0.025790901976693828,0.018813874206142823,True,False,False,False,準優勝戦,2026-09-27,1号艇のsession_exh_rel_avg,-0.1933,1号艇のdominance,0.1289,1号艇のracer_win_te,0.1059,1号艇の節間得点,0.0987,風速区分,0.0984,2号艇のwin_rate_rank_2to6,0.1705,2号艇のsession_exh_rel_avg,0.0972,2号艇のclass_rank_2to6,0.0797,2号艇の当地勝率,0.071,3号艇の女子戦2連率,-0.0637,6号艇のモーター出走数,0.1526,3号艇のsession_exh_rel_avg,0.0746,3号艇のwin_rate_rank_2to6,-0.0741,3号艇の当地勝率,0.0605,全艇平均勝率,-0.0482,0.1299,南西 0.8m/s,[逃げ]1号艇のsession_exh_rel_avgが不利(-19.3pt)、1号艇のdominanceが有利(+12.9pt) / [2着]2号艇のwin_rate_rank_2to6が有利(+17.0pt)、2号艇のsession_exh_rel_avgが有利(+9.7pt) / [候補2]6号艇のモーター出走数が有利(+15.3pt)、3号艇のsession_exh_rel_avgが有利(+7.5pt) / [除外]6号艇のwin_rate_rank_2to6が不利(-7.0pt)、1号艇vs6号艇のcumulative差が不利(-5.0pt)、天気+13.0pt
35,08,常滑,10,15:03,0.8053768376553927,3,0.37540651191905006,2,0.2686803491150757,0.5187326393150525,0.17012730430672854,0.4739595567273972,0.41283193661595124,0.5053007145387559,1-3,1-2,0.21638892991044656,0.30234370940460603,0.1370165903413897,0.08002841819065443,0.06959919280855843,True,False,False,False,選抜戦,2026-09-27,1号艇のdominance,0.1472,1号艇のracer_win_te,0.117,1号艇の年齢,-0.0975,1号艇の級別順位,-0.0924,1号艇の勝率順位,0.0832,3号艇のwin_rate_rank_2to6,0.171,3号艇のsession_exh_rel_avg,-0.0962,6号艇のsession_rank_diff_delta,-0.0867,3号艇の枠別出走数,0.0738,6号艇のracer_2nd_te,-0.0576,2号艇のwin_rate_rank_2to6,-0.168,2号艇のsession_exh_rel_avg,0.0681,2号艇のclass_rank_2to6,-0.065,1号艇のモーター出走数,0.0608,1号艇の年齢,0.0483,-0.0158,南東 4.3m/s,[逃げ]1号艇のdominanceが有利(+14.7pt)、1号艇のracer_win_teが有利(+11.7pt) / [2着]3号艇のwin_rate_rank_2to6が有利(+17.1pt)、3号艇のsession_exh_rel_avgが不利(-9.6pt) / [候補2]2号艇のwin_rate_rank_2to6が不利(-16.8pt)、2号艇のsession_exh_rel_avgが有利(+6.8pt) / [除外]5号艇のwin_rate_rank_2to6が不利(-5.4pt)、天気-1.6pt
36,20,若松,2,15:27,0.759572780394389,3,0.4318043596365275,4,0.28594518166504734,0.5451830147132346,0.21150679797872118,0.5062427433228537,0.4068111182079759,0.5335009332961202,1-3,1-4,0.1606548066130116,0.3279868380355359,0.2171961766776987,0.042427987253229035,0.011306991622317655,True,False,False,False,一般戦,2026-09-27,1号艇のsession_exh_rel_avg,0.1153,1号艇のdominance,0.1059,1号艇のracer_win_te,0.1006,風速区分,0.0789,1号艇の級別順位,0.0699,3号艇のwin_rate_rank_2to6,0.1793,3号艇のsession_exh_rel_avg,-0.1406,1号艇のracer_win_te,0.0564,場特性:1x_diff_course3,0.0479,3号艇のcumulative_diff_rank_2to6,0.0442,4号艇のwin_rate_rank_2to6,0.1057,4号艇の節間得点,-0.0752,4号艇の全国勝率,0.0484,4号艇のclass_rank_2to6,-0.0462,4号艇の年齢,0.0449,0.0671,南西 1.6m/s,[逃げ]1号艇のsession_exh_rel_avgが有利(+11.5pt)、1号艇のdominanceが有利(+10.6pt) / [2着]3号艇のwin_rate_rank_2to6が有利(+17.9pt)、3号艇のsession_exh_rel_avgが不利(-14.1pt) / [候補2]4号艇のwin_rate_rank_2to6が有利(+10.6pt)、4号艇の節間得点が不利(-7.5pt) / [除外]6号艇の節間得点が不利(-12.4pt)、6号艇のwin_rate_rank_2to6が不利(-6.8pt)、天気+6.7pt
37,02,戸田,7,13:45,0.7811165788976555,2,0.33772221401984737,4,0.3170085815879963,0.5114210791641389,0.17139247346624445,0.4833383221415992,0.40623661067527755,0.502996252057377,1-2,1-4,0.263800420432925,0.13387750252276007,0.24762065873121394,0.07482899117899199,0.060989003121878584,True,True,False,False,ウインウイン,2026-09-27,1号艇のdominance,0.3448,1号艇のvs_max234_diff,0.1753,場特性:in_escape_diff,-0.1422,1号艇のsession_exh_rel_avg,0.1065,1号艇の勝率順位,0.0973,2号艇のwin_rate_rank_2to6,0.0814,2号艇のsession_avg_finish,-0.0673,3号艇のracer_win_te,0.0638,3号艇の全国勝率,-0.0619,3号艇の直近平均着順,0.0518,1号艇vs5号艇の勝率差,0.1299,4号艇のwin_rate_rank_2to6,-0.0886,4号艇の年齢,-0.0783,4号艇のsession_exh_rel_avg,0.0751,1号艇vs3号艇の直近複勝率差,0.0518,-0.0245,南東 0.5m/s,[逃げ]1号艇のdominanceが有利(+34.5pt)、1号艇のvs_max234_diffが有利(+17.5pt) / [2着]2号艇のwin_rate_rank_2to6が有利(+8.1pt)、2号艇のsession_avg_finishが不利(-6.7pt) / [候補2]1号艇vs5号艇の勝率差が有利(+13.0pt)、4号艇のwin_rate_rank_2to6が不利(-8.9pt) / [除外]1号艇vs5号艇の勝率差が不利(-11.8pt)、win_rate_range_1to6が不利(-7.0pt)、天気-2.5pt
38,21,芦屋,12,14:27,0.8241937353202604,3,0.3188875472117334,4,0.3024805797721013,0.5121277175877607,0.17398498316030211,0.4473831438235326,0.40520467880324407,0.49270434545849223,1-3,1-4,0.13243715025144076,0.26282511868355446,0.24930259890420617,0.143397333160522,0.036231515898371425,True,True,False,False,予選特選,2026-09-27,1号艇のdominance,0.2436,1号艇のsession_exh_rel_avg,0.1279,race_no,0.1021,1号艇のlocal_win_rate順位,0.0834,1号艇のvs_max234_diff,0.0773,3号艇のsession_exh_rel_avg,-0.1512,3号艇のwin_rate_rank_2to6,-0.0979,3号艇の節間得点,0.0859,6号艇のモーター出走数,0.0744,6号艇の女子戦比率,0.0673,1号艇のモーター出走数,0.1378,1号艇vs4号艇のcumulative差,-0.0906,2号艇のsession_exh_rel_avg,0.0786,2号艇の節間得点,0.0764,4号艇のwin_rate_rank_2to6,-0.0637,0.1514,南東 1.3m/s,[逃げ]1号艇のdominanceが有利(+24.4pt)、1号艇のsession_exh_rel_avgが有利(+12.8pt) / [2着]3号艇のsession_exh_rel_avgが不利(-15.1pt)、3号艇のwin_rate_rank_2to6が不利(-9.8pt) / [候補2]1号艇のモーター出走数が有利(+13.8pt)、1号艇vs4号艇のcumulative差が不利(-9.1pt) / [除外]6号艇の女子戦比率が不利(-6.1pt)、2号艇のwin_rate_rank_2to6が不利(-5.6pt)、天気+15.1pt
39,20,若松,11,20:02,0.7883912609227154,3,0.3600963395759963,2,0.3093685712087705,0.5278002851571154,0.1959959575457975,0.4734689532389693,0.4036642184183389,0.5115008855816716,1-3,1-2,0.24390347794514142,0.283896807211974,0.15452150010528629,0.09220825858790459,0.013861210464189904,False,False,False,False,特別選抜戦,2026-09-27,1号艇のsession_exh_rel_avg,0.1301,1号艇のracer_win_te,0.0989,1号艇の節間得点,0.0921,3号艇のracer_win_te,-0.0894,1号艇のdominance,0.0868,3号艇のwin_rate_rank_2to6,0.1475,3号艇のracer_win_te,0.061,3号艇の全国勝率,0.0518,3号艇のracer_avgfin_te,0.0384,avg_456_win_rate,-0.0369,2号艇のsession_exh_rel_avg,-0.0654,2号艇のracer_avgfin_te,0.0575,2号艇の全国勝率,0.056,レース時間帯,-0.0544,2号艇のclass_rank_2to6,-0.0479,0.1746,南西 1.8m/s,[逃げ]1号艇のsession_exh_rel_avgが有利(+13.0pt)、1号艇のracer_win_teが有利(+9.9pt) / [2着]3号艇のwin_rate_rank_2to6が有利(+14.8pt)、3号艇のracer_win_teが有利(+6.1pt) / [候補2]2号艇のsession_exh_rel_avgが不利(-6.5pt)、2号艇のracer_avgfin_teが有利(+5.8pt) / [除外]6号艇のsession_exh_rel_avgが不利(-7.0pt)、3号艇のracer_avgfin_teが不利(-6.0pt)、天気+17.5pt
40,09,津,5,12:26,0.562358951525815,2,0.5279045694339485,3,0.3005318009823472,0.4658786086731598,0.1153646472415111,0.7130717231747846,0.4013835030568257,0.5400365430236472,1-2,1-3,0.2968718601725621,0.1690067485005977,0.022644567019868358,0.06487634206588169,0.008959422244678321,True,True,False,False,５ールドレー,2026-09-27,1号艇のsession_exh_rel_avg,0.1524,節間得点の分散(2-6号艇),-0.1419,1号艇の勝率順位,-0.0836,5号艇の節間得点,-0.0807,1号艇のdominance,0.0735,2号艇のwin_rate_rank_2to6,0.2294,2号艇のclass_rank_2to6,0.1284,2号艇のsession_exh_rel_avg,-0.0816,2号艇の節間得点,0.0773,2号艇のracer_avgfin_te,0.066,3号艇の節間得点,0.1288,6号艇のモーター出走数,0.1063,3号艇のwin_rate_rank_2to6,-0.0843,5号艇の節間得点,-0.0764,1号艇のモーター出走数,-0.0596,0.0221,南東 1.6m/s,[逃げ]1号艇のsession_exh_rel_avgが有利(+15.2pt)、節間得点の分散(2-6号艇)が不利(-14.2pt) / [2着]2号艇のwin_rate_rank_2to6が有利(+22.9pt)、2号艇のclass_rank_2to6が有利(+12.8pt) / [候補2]3号艇の節間得点が有利(+12.9pt)、6号艇のモーター出走数が有利(+10.6pt) / [除外]6号艇のwin_rate_rank_2to6が不利(-6.4pt)、天気+2.2pt
41,22,福岡,2,12:11,0.592170853460159,2,0.4826845684446238,3,0.29632228807363864,0.46130515507573505,0.11091372804086608,0.6680931284773963,0.3999070656590315,0.5233415470962335,1-2,1-3,0.2858317328479014,0.1754734222278337,0.06450196492427569,0.06567987699440762,0.0006838573619314634,True,True,False,False,一般戦,2026-09-27,1号艇のdominance,0.1581,1号艇のracer_win_te,-0.0936,1号艇の平均ST,-0.0862,1号艇の年齢,0.0665,1号艇の全国勝率,-0.0633,2号艇のwin_rate_rank_2to6,0.1858,2号艇の女子戦比率,-0.1266,2号艇のsession_exh_rel_avg,0.1087,2号艇の体重,-0.0546,2号艇の節間得点,-0.0542,3号艇のsession_exh_rel_avg,0.0931,3号艇のwin_rate_rank_2to6,-0.0694,3号艇の当地勝率,-0.0617,3号艇のracer_avgfin_te,-0.0571,2号艇のsession_rank_diff_delta,-0.0482,0.0573,南 1.1m/s,[逃げ]1号艇のdominanceが有利(+15.8pt)、1号艇のracer_win_teが不利(-9.4pt) / [2着]2号艇のwin_rate_rank_2to6が有利(+18.6pt)、2号艇の女子戦比率が不利(-12.7pt) / [候補2]3号艇のsession_exh_rel_avgが有利(+9.3pt)、3号艇のwin_rate_rank_2to6が不利(-6.9pt) / [除外]6号艇の直近平均着順が不利(-23.4pt)、6号艇の全国勝率が不利(-16.2pt)、天気+5.7pt
42,13,尼崎,7,13:21,0.636710168663992,2,0.6006882637182336,4,0.1643904340299836,0.4871333866844947,0.1574348959310959,0.6076438018171213,0.39510323383981183,0.5232865112242826,1-2,1-4,0.382464325706517,0.1002403991418861,0.10466906097797771,0.04220959653856965,0.007126774439390445,True,True,False,False,予選,2026-09-27,1号艇のsession_exh_rel_avg,-0.1888,1号艇のdominance,0.0794,風速区分,0.0771,1号艇のracer_win_te,0.0697,場特性:in_escape_diff,0.0508,2号艇のwin_rate_rank_2to6,0.198,2号艇のclass_rank_2to6,0.107,2号艇のモーター2連率,0.0811,2号艇の節間得点,0.0606,2号艇の全国勝率,0.0559,4号艇のsession_exh_rel_avg,0.1123,4号艇のwin_rate_rank_2to6,-0.0855,4号艇のclass_rank_2to6,-0.0589,4号艇の全国勝率,-0.0458,6号艇のracer_avgfin_te,0.0394,0.0704,東 1.4m/s,[逃げ]1号艇のsession_exh_rel_avgが不利(-18.9pt)、1号艇のdominanceが有利(+7.9pt) / [2着]2号艇のwin_rate_rank_2to6が有利(+19.8pt)、2号艇のclass_rank_2to6が有利(+10.7pt) / [候補2]4号艇のsession_exh_rel_avgが有利(+11.2pt)、4号艇のwin_rate_rank_2to6が不利(-8.6pt) / [除外]6号艇のwin_rate_rank_2to6が不利(-7.9pt)、5号艇のsession_exh_rel_avgが不利(-6.2pt)、天気+7.0pt
43,22,福岡,11,17:01,0.6526888522992815,2,0.4496326712914356,3,0.315834999666425,0.49961221562969005,0.1752680606883531,0.5901996102695074,0.3945329386741375,0.5267884340216352,1-2,1-3,0.2934702321814672,0.20614198344822288,0.11439550937540201,0.025107888425960068,0.013573226710952166,True,False,False,False,選抜戦,2026-09-27,1号艇のdominance,0.157,3号艇のracer_win_te,-0.1467,1号艇のracer_win_te,0.0844,1号艇の級別順位,-0.0782,風速区分,0.0773,2号艇のwin_rate_rank_2to6,-0.1266,2号艇のsession_exh_rel_avg,0.0999,2号艇のclass_rank_2to6,-0.0672,1号艇vs2号艇のlocal_win_rate差,0.0623,2号艇の節間得点,0.0597,3号艇のwin_rate_rank_2to6,0.191,3号艇のracer_avgfin_te,0.0714,3号艇の全国勝率,0.0519,場特性:1x_diff_course3,0.049,3号艇のclass_rank_2to6,0.0428,0.1443,南東 1.8m/s,[逃げ]1号艇のdominanceが有利(+15.7pt)、3号艇のracer_win_teが不利(-14.7pt) / [2着]2号艇のwin_rate_rank_2to6が不利(-12.7pt)、2号艇のsession_exh_rel_avgが有利(+10.0pt) / [候補2]3号艇のwin_rate_rank_2to6が有利(+19.1pt)、3号艇のracer_avgfin_teが有利(+7.1pt) / [除外]3号艇のracer_avgfin_teが不利(-5.8pt)、天気+14.4pt
44,20,若松,12,20:40,0.7410413443989514,3,0.3360002711513117,2,0.329459290068412,0.4931330478894004,0.169870261900752,0.4955892993189717,0.3926106798931342,0.49386992331827173,1-3,1-2,0.24414295523702015,0.24899009265238023,0.12588088725233523,0.09109577455280798,0.030931647127081397,False,False,False,False,優勝戦,2026-09-27,1号艇の節間得点,0.1729,race_no,0.1332,1号艇のsession_exh_rel_avg,0.1291,1号艇の年齢,0.1264,3号艇のsession_exh_rel_avg,-0.1225,3号艇の節間得点,0.1251,3号艇のsession_exh_rel_avg,0.1057,4号艇の全国2連率,-0.0782,3号艇のwin_rate_rank_2to6,0.0486,6号艇のracer_2nd_te,-0.0466,2号艇のwin_rate_rank_2to6,-0.1414,2号艇のsession_exh_rel_avg,0.0849,2号艇のracer_avgfin_te,0.0613,2号艇のclass_rank_2to6,-0.0547,2号艇の全国勝率,0.0541,0.1743,南西 1.9m/s,[逃げ]1号艇の節間得点が有利(+17.3pt)、race_noが有利(+13.3pt) / [2着]3号艇の節間得点が有利(+12.5pt)、3号艇のsession_exh_rel_avgが有利(+10.6pt) / [候補2]2号艇のwin_rate_rank_2to6が不利(-14.1pt)、2号艇のsession_exh_rel_avgが有利(+8.5pt) / [除外]2号艇のracer_2nd_teが不利(-6.3pt)、6号艇のwin_rate_rank_2to6が不利(-5.6pt)、天気+17.4pt
45,19,下関,4,16:43,0.869287459700936,3,0.37774043482974684,2,0.2469984344521311,0.5430776646544788,0.23586669270922836,0.3888721765726496,0.3893649454789148,0.49681601822993005,1-3,1-2,0.2147126416350012,0.3283650230194776,0.08782999322582456,0.20503595813326642,0.03334383721066997,True,False,False,False,予選,2026-09-27,1号艇のdominance,0.2568,1号艇のracer_win_te,0.1017,風速区分,0.0899,1号艇の級別順位,0.0793,場特性:in_escape_diff,0.0792,3号艇のsession_exh_rel_avg,0.1062,3号艇のwin_rate_rank_2to6,-0.0497,1号艇のracer_2nd_te,0.046,3号艇の当地勝率,-0.0452,3号艇のcumulative_diff_rank_2to6,0.0409,2号艇のwin_rate_rank_2to6,-0.13,2号艇のsession_exh_rel_avg,0.0935,2号艇の全国勝率,-0.0642,1号艇の体重,-0.0474,2号艇のclass_rank_2to6,-0.0446,0.077,西 0.6m/s,[逃げ]1号艇のdominanceが有利(+25.7pt)、1号艇のracer_win_teが有利(+10.2pt) / [2着]3号艇のsession_exh_rel_avgが有利(+10.6pt)、3号艇のwin_rate_rank_2to6が不利(-5.0pt) / [候補2]2号艇のwin_rate_rank_2to6が不利(-13.0pt)、2号艇のsession_exh_rel_avgが有利(+9.4pt) / [除外]4号艇の女子戦2連率が不利(-15.6pt)、天気+7.7pt
46,13,尼崎,12,16:05,0.8173227497089373,2,0.39137804161385736,4,0.24122307019565697,0.5170392801730831,0.2083918278429287,0.4242092839665856,0.38774316737885006,0.48919028131113385,1-2,1-4,0.31988217714753675,0.08940071681163446,0.19715710302554634,0.17032338174945397,0.04055937249714799,True,False,False,False,予選特選,2026-09-27,1号艇のdominance,0.2133,1号艇のsession_exh_rel_avg,0.112,風速区分,0.1011,1号艇の全国勝率,0.0961,1号艇の級別順位,0.0831,2号艇のsession_exh_rel_avg,0.1351,2号艇の全国勝率,0.0552,レース時間帯,-0.0474,2号艇のsession_exh_rel_last,0.0372,2号艇の節間得点,0.0364,4号艇のモーター2連率,0.1223,4号艇のwin_rate_rank_2to6,-0.0628,4号艇のsession_exh_rel_avg,0.0623,4号艇の節間得点,0.0617,4号艇の年齢,0.0529,0.1322,北東 0.9m/s,[逃げ]1号艇のdominanceが有利(+21.3pt)、1号艇のsession_exh_rel_avgが有利(+11.2pt) / [2着]2号艇のsession_exh_rel_avgが有利(+13.5pt)、2号艇の全国勝率が有利(+5.5pt) / [候補2]4号艇のモーター2連率が有利(+12.2pt)、4号艇のwin_rate_rank_2to6が不利(-6.3pt) / [除外]3号艇のwin_rate_rank_2to6が不利(-5.9pt)、天気+13.2pt
47,14,鳴門,3,09:24,0.5633740949897448,2,0.45061683445005535,3,0.34645745480336393,0.44905100634773915,0.11610219899808788,0.6809720902553313,0.38648803518860697,0.5186273315200168,1-2,1-3,0.2538658512954436,0.19518515505229556,0.06540897128686701,0.047757913313729805,0.0011562096817512393,False,False,True,False,どきどきなる,2026-09-27,場特性:in_escape_diff,-0.2167,1号艇のdominance,0.0982,ST差分(6-5),0.0818,1号艇の級別順位,0.0718,6号艇の枠別出走数,-0.0666,2号艇のwin_rate_rank_2to6,0.2025,2号艇のclass_rank_2to6,0.071,2号艇の全国勝率,0.0552,3号艇の女子戦2連率,-0.0279,2号艇のモーター2連率,0.0263,3号艇のwin_rate_rank_2to6,0.0648,場特性:1x_diff_course3,-0.0402,3号艇のclass_rank_2to6,0.0385,3号艇の全国勝率,0.0351,3号艇のcumulative_diff_rank_2to6,0.0348,-0.0235,南 4.5m/s,[逃げ]場特性:in_escape_diffが不利(-21.7pt)、1号艇のdominanceが有利(+9.8pt) / [2着]2号艇のwin_rate_rank_2to6が有利(+20.2pt)、2号艇のclass_rank_2to6が有利(+7.1pt) / [候補2]3号艇のwin_rate_rank_2to6が有利(+6.5pt)、場特性:1x_diff_course3が不利(-4.0pt) / [除外]6号艇の直近平均着順が不利(-26.5pt)、6号艇の全国勝率が不利(-16.8pt)、天気-2.4pt
48,19,下関,10,19:41,0.7978795065826153,3,0.43050733156467413,4,0.21029163668904227,0.5112803646089242,0.2035059480845552,0.4372930201691612,0.38642205020481685,0.48908416127699533,1-3,1-4,0.16237322544433222,0.34349297728902056,0.16778738731990364,0.11296793464910292,0.011257988568004742,True,False,False,False,一般特賞,2026-09-27,1号艇のsession_exh_rel_avg,0.1513,1号艇の節間得点,0.1109,場特性:in_escape_diff,0.1008,1号艇のモーター2連率,0.0948,1号艇のracer_win_te,0.0801,3号艇のwin_rate_rank_2to6,0.1923,3号艇の節間得点,0.0702,3号艇の当地勝率,-0.0396,場特性:1x_diff_course3,0.0387,3号艇のcumulative_diff_rank_2to6,0.0383,3号艇の直近1着率,0.1279,4号艇のclass_rank_2to6,0.0914,4号艇のwin_rate_rank_2to6,-0.0683,4号艇のcumulative_diff_rank_2to6,-0.0555,4号艇の全国勝率,0.049,0.1109,南西 1.5m/s,[逃げ]1号艇のsession_exh_rel_avgが有利(+15.1pt)、1号艇の節間得点が有利(+11.1pt) / [2着]3号艇のwin_rate_rank_2to6が有利(+19.2pt)、3号艇の節間得点が有利(+7.0pt) / [候補2]3号艇の直近1着率が有利(+12.8pt)、4号艇のclass_rank_2to6が有利(+9.1pt) / [除外]6号艇のwin_rate_rank_2to6が不利(-7.9pt)、天気+11.1pt
49,19,下関,7,18:14,0.7137671839217079,5,0.340498181526515,2,0.3297185050460545,0.47837867699224085,0.16273055459531033,0.5074861319772592,0.384962484096019,0.4871109134877464,1-5,1-2,0.23534224883359775,0.10825149261188466,0.1161517296915124,0.24303642815864313,0.010985275984352633,True,False,False,False,ふく～る特賞,2026-09-27,1号艇のracer_win_te,0.1472,1号艇のsession_exh_rel_avg,0.1199,3号艇の枠別出走数,-0.0972,場特性:in_escape_diff,0.0854,1号艇の級別順位,0.0836,5号艇のwin_rate_rank_2to6,0.2574,5号艇のclass_rank_2to6,0.1892,local_win_rateの分散(2-6号艇),-0.0991,3号艇の一般戦2連率,0.0758,3号艇のracer_avgfin_te,0.0745,2号艇のsession_exh_rel_avg,0.1279,3号艇のracer_2nd_te,0.0752,1号艇vs3号艇の枠別平均ST差,-0.0589,場×風向,-0.0505,2号艇のwin_rate_rank_2to6,-0.0444,0.0695,西 1.6m/s,[逃げ]1号艇のracer_win_teが有利(+14.7pt)、1号艇のsession_exh_rel_avgが有利(+12.0pt) / [2着]5号艇のwin_rate_rank_2to6が有利(+25.7pt)、5号艇のclass_rank_2to6が有利(+18.9pt) / [候補2]2号艇のsession_exh_rel_avgが有利(+12.8pt)、3号艇のracer_2nd_teが有利(+7.5pt) / [除外]6号艇のwin_rate_rank_2to6が不利(-7.6pt)、6号艇のvs_avg456_diffが不利(-6.0pt)、天気+6.9pt
50,11,琵琶湖,11,15:45,0.7870878383596025,2,0.35935909718641423,3,0.30983264556627904,0.5267126822513125,0.22451355587753735,0.44467818687515587,0.3848077175896673,0.5021023336384655,1-2,1-3,0.2828471749993131,0.24386550725199946,0.1767118893780787,0.06457708076198705,0.019086187434289546,True,False,False,False,選抜戦,2026-09-27,1号艇のdominance,0.151,1号艇のsession_exh_rel_avg,0.1435,風速区分,0.1048,1号艇のracer_win_te,0.0947,1号艇の級別順位,0.0769,2号艇のwin_rate_rank_2to6,-0.1557,2号艇の節間得点,0.0892,2号艇のsession_avg_finish,0.0622,1号艇vs2号艇のplace_rate差,-0.051,2号艇のclass_rank_2to6,-0.0478,3号艇のwin_rate_rank_2to6,0.0721,4号艇のsession_exh_rel_delta,-0.0575,3号艇の節間得点,0.0422,2号艇のvs_boat3_diff,0.0375,3号艇のclass_rank_2to6,0.0366,0.138,南東 1.3m/s,[逃げ]1号艇のdominanceが有利(+15.1pt)、1号艇のsession_exh_rel_avgが有利(+14.4pt) / [2着]2号艇のwin_rate_rank_2to6が不利(-15.6pt)、2号艇の節間得点が有利(+8.9pt) / [候補2]3号艇のwin_rate_rank_2to6が有利(+7.2pt)、4号艇のsession_exh_rel_deltaが不利(-5.8pt) / [除外]6号艇のwin_rate_rank_2to6が不利(-6.7pt)、天気+13.8pt
51,03,江戸川,12,16:25,0.6758171881839026,2,0.4396250815187032,3,0.24222574766988889,0.46080651014309676,0.1450047453364144,0.5368460838521777,0.38062355335990283,0.48361838225582104,1-2,1-3,0.29710618644708897,0.1637003236960078,0.09799669926657843,0.03504585478412164,0.08196811643726004,True,False,False,False,記者選抜戦,2026-09-27,場特性:in_escape_diff,-0.1685,1号艇のdominance,0.1434,1号艇のsession_exh_rel_avg,0.1122,1号艇のracer_win_te,0.1085,2号艇のsession_rank_diff_last,-0.0911,2号艇のsession_exh_rel_avg,-0.1351,2号艇のwin_rate_rank_2to6,0.0607,2号艇のモーター2連率,-0.0522,2号艇の全国勝率,0.0463,2号艇のsession_avg_finish,0.0453,3号艇のsession_exh_rel_avg,-0.1528,4号艇のsession_rank_diff_last,-0.054,3号艇のwin_rate_rank_2to6,-0.0513,3号艇の節間得点,0.0478,3号艇の枠別平均ST,-0.0424,0.0911,南 0.8m/s,[逃げ]場特性:in_escape_diffが不利(-16.9pt)、1号艇のdominanceが有利(+14.3pt) / [2着]2号艇のsession_exh_rel_avgが不利(-13.5pt)、2号艇のwin_rate_rank_2to6が有利(+6.1pt) / [候補2]3号艇のsession_exh_rel_avgが不利(-15.3pt)、4号艇のsession_rank_diff_lastが不利(-5.4pt) / [除外]5号艇のracer_avgfin_teが不利(-5.8pt)、天気+9.1pt
52,22,福岡,10,16:36,0.5947178397686934,2,0.4118799904881867,3,0.3513696104068512,0.45391815384861434,0.13632731130812312,0.6269222895869148,0.37966042408686,0.5058193945701044,1-2,1-3,0.24495237818708437,0.20896577566152996,0.08107628408264116,0.044251768506019744,0.01547163831628546,True,False,False,False,選抜戦,2026-09-27,1号艇のsession_exh_rel_last,-0.0701,1号艇のsession_exh_rel_avg,-0.068,風速区分,0.0643,1号艇の級別順位,0.0621,レース時間帯,0.0578,2号艇のwin_rate_rank_2to6,-0.1335,2号艇のsession_exh_rel_avg,0.0911,2号艇の節間得点,0.0802,2号艇のclass_rank_2to6,-0.061,2号艇のsession_avg_finish,0.0353,3号艇のwin_rate_rank_2to6,0.1849,3号艇のsession_exh_rel_avg,-0.0432,3号艇のcumulative_diff_rank_2to6,-0.041,場特性:1x_diff_course3,0.0358,3号艇の節間得点,0.0317,0.0982,南東 1.9m/s,[逃げ]1号艇のsession_exh_rel_lastが不利(-7.0pt)、1号艇のsession_exh_rel_avgが不利(-6.8pt) / [2着]2号艇のwin_rate_rank_2to6が不利(-13.3pt)、2号艇のsession_exh_rel_avgが有利(+9.1pt) / [候補2]3号艇のwin_rate_rank_2to6が有利(+18.5pt)、3号艇のsession_exh_rel_avgが不利(-4.3pt)、天気+9.8pt
53,05,多摩川,10,15:39,0.6062311746004141,3,0.39348381103381147,2,0.35051657682197146,0.45103622903297497,0.13363060495615925,0.6103697828996237,0.3787095360615895,0.49883629519296957,1-3,1-2,0.21249407608370005,0.23854215294927492,0.06088928752707408,0.08101103860513634,0.013294617176841633,True,False,False,False,予選特賞,2026-09-27,1号艇のdominance,0.1476,3号艇の枠別出走数,-0.0966,1号艇vs4号艇の枠別平均ST差,-0.0783,4号艇のモーター2連率,-0.0757,1号艇のracer_win_te,0.0699,1号艇vs3号艇の枠別平均ST差,0.0788,3号艇の一般戦2連率,0.0709,3号艇のwin_rate_rank_2to6,0.0668,3号艇のcumulative_diff_rank_2to6,0.0542,6号艇のracer_2nd_te,-0.0455,2号艇のwin_rate_rank_2to6,-0.1297,2号艇の全国勝率,0.0754,2号艇のsession_exh_rel_avg,0.0643,レース時間帯,-0.0551,3号艇の一般戦勝率,0.0394,0.0507,南東 0.9m/s,[逃げ]1号艇のdominanceが有利(+14.8pt)、3号艇の枠別出走数が不利(-9.7pt) / [2着]1号艇vs3号艇の枠別平均ST差が有利(+7.9pt)、3号艇の一般戦2連率が有利(+7.1pt) / [候補2]2号艇のwin_rate_rank_2to6が不利(-13.0pt)、2号艇の全国勝率が有利(+7.5pt) / [除外]5号艇のsession_exh_rel_avgが不利(-7.1pt)、4号艇のwin_rate_rank_2to6が不利(-5.0pt)、天気+5.1pt
54,22,福岡,3,12:38,0.5670823936819666,3,0.4650382924606801,2,0.32392949037707497,0.4474097388295881,0.13195113038101125,0.6570166524567438,0.3765662738911435,0.5102918129177348,1-3,1-2,0.18369471078721122,0.2637150280423769,0.07482716286550511,0.03340292470956269,0.011442573614950245,True,True,False,False,カタメン３一,2026-09-27,1号艇の年齢,-0.1571,風速区分,0.0795,1号艇の一般戦勝率,0.077,1号艇の全国勝率,-0.0698,1号艇のsession_exh_rel_avg,-0.0682,3号艇のwin_rate_rank_2to6,0.1539,3号艇のsession_exh_rel_avg,-0.071,3号艇のsession_rank_diff_delta,0.0467,3号艇のclass_rank_2to6,0.0414,3号艇のracer_2nd_te,0.0409,2号艇のwin_rate_rank_2to6,0.0814,2号艇のsession_exh_rel_avg,-0.0652,2号艇の全国勝率,0.0525,2号艇のclass_rank_2to6,-0.0453,場特性:1x_diff_course2,0.0436,0.0549,南西 0.7m/s,[逃げ]1号艇の年齢が不利(-15.7pt)、風速区分が有利(+8.0pt) / [2着]3号艇のwin_rate_rank_2to6が有利(+15.4pt)、3号艇のsession_exh_rel_avgが不利(-7.1pt) / [候補2]2号艇のwin_rate_rank_2to6が有利(+8.1pt)、2号艇のsession_exh_rel_avgが不利(-6.5pt) / [除外]6号艇のwin_rate_rank_2to6が不利(-5.8pt)、天気+5.5pt
55,11,琵琶湖,9,14:36,0.7845210447651152,3,0.3637683818524683,2,0.257197158759065,0.4871605346836947,0.18998370218141372,0.4309818384301196,0.3760974603606323,0.4703069258076221,1-3,1-2,0.20177658370028087,0.2853839509834138,0.1490462125237072,0.10837933346895082,0.03993497577903708,True,True,False,False,一般,2026-09-27,1号艇のdominance,0.1527,風速区分,0.0912,1号艇の級別順位,0.0727,1号艇の勝率順位,0.0702,1号艇のlocal_win_rate順位,0.0511,3号艇のwin_rate_rank_2to6,0.1572,3号艇の年齢,-0.0932,3号艇の節間得点,-0.0557,場特性:1x_diff_course3,-0.0419,3号艇のclass_rank_2to6,0.0346,2号艇のwin_rate_rank_2to6,-0.1795,2号艇の節間得点,-0.0817,2号艇のsession_exh_rel_avg,0.0764,2号艇のclass_rank_2to6,-0.059,2号艇のsession_avg_finish,-0.0575,0.1149,南東 1.3m/s,[逃げ]1号艇のdominanceが有利(+15.3pt)、風速区分が有利(+9.1pt) / [2着]3号艇のwin_rate_rank_2to6が有利(+15.7pt)、3号艇の年齢が不利(-9.3pt) / [候補2]2号艇のwin_rate_rank_2to6が不利(-18.0pt)、2号艇の節間得点が不利(-8.2pt) / [除外]6号艇のsession_exh_rel_avgが不利(-7.6pt)、天気+11.5pt
56,22,福岡,12,17:29,0.7290055252994279,2,0.4178442069276306,4,0.262630161178029,0.49606957417366254,0.20480459817794505,0.4756697699277145,0.374152778405333,0.48994963289987814,1-2,1-4,0.30461073556460017,0.14930368367845107,0.19145883860906243,0.07850570884356652,0.005126558264278045,True,False,False,False,優勝戦,2026-09-27,1号艇のsession_exh_rel_avg,0.1291,1号艇の節間得点,0.121,1号艇のdominance,0.0821,race_no,0.0801,1号艇のracer_win_te,0.0784,2号艇の当地勝率,0.2824,2号艇のwin_rate_rank_2to6,0.0707,2号艇のsession_exh_rel_avg,-0.0686,3号艇の枠別出走数,-0.0664,レース時間帯,-0.0619,4号艇の一般戦2連率,0.1423,4号艇のwin_rate_rank_2to6,0.1395,4号艇の全国勝率,0.0855,4号艇の節間得点,0.058,4号艇のclass_rank_2to6,0.0575,0.081,南東 1.3m/s,[逃げ]1号艇のsession_exh_rel_avgが有利(+12.9pt)、1号艇の節間得点が有利(+12.1pt) / [2着]2号艇の当地勝率が有利(+28.2pt)、2号艇のwin_rate_rank_2to6が有利(+7.1pt) / [候補2]4号艇の一般戦2連率が有利(+14.2pt)、4号艇のwin_rate_rank_2to6が有利(+13.9pt) / [除外]6号艇のwin_rate_rank_2to6が不利(-7.3pt)、6号艇のvs_avg456_diffが不利(-5.2pt)、天気+8.1pt
57,11,琵琶湖,6,12:49,0.7834566303787364,4,0.35255009259983205,2,0.31483641660133943,0.5228683856589773,0.23757523508134465,0.42981127411982684,0.3738036900915357,0.4949512521972321,1-4,1-2,0.24666067807100145,0.18612989313826644,0.2762077075879759,0.057402183859352834,0.01705617355934653,True,True,False,False,一般,2026-09-27,1号艇のdominance,0.3059,1号艇のsession_exh_rel_avg,-0.1885,1号艇のvs_max234_diff,0.1204,1号艇のracer_win_te,0.1106,1号艇のsession_exh_rel_last,-0.0912,4号艇のclass_rank_2to6,0.1761,4号艇のwin_rate_rank_2to6,0.0904,4号艇のsession_exh_rel_avg,0.09,4号艇の年齢,0.0753,4号艇の節間得点,-0.0665,2号艇のwin_rate_rank_2to6,-0.1677,2号艇の全国勝率,-0.0825,2号艇のモーター2連率,0.0559,2号艇のclass_rank_2to6,-0.0549,second_best_win_rate,0.0523,0.0609,南東 1.3m/s,[逃げ]1号艇のdominanceが有利(+30.6pt)、1号艇のsession_exh_rel_avgが不利(-18.8pt) / [2着]4号艇のclass_rank_2to6が有利(+17.6pt)、4号艇のwin_rate_rank_2to6が有利(+9.0pt) / [候補2]2号艇のwin_rate_rank_2to6が不利(-16.8pt)、2号艇の全国勝率が不利(-8.2pt) / [除外]6号艇のwin_rate_rank_2to6が不利(-6.5pt)、天気+6.1pt
58,11,琵琶湖,2,10:55,0.7423407638917624,2,0.3919503444551893,6,0.24837184807605292,0.4753372655404905,0.17963951760820057,0.46068267492304166,0.3728700370410167,0.4709408883552558,1-2,1-6,0.2909607181105046,0.13335373672641931,0.07427308261198438,0.05937668177830302,0.18437654742998588,False,False,True,False,一般,2026-09-27,1号艇のdominance,0.1381,風速区分,0.0943,1号艇のsession_exh_rel_avg,-0.0888,1号艇のvs_max234_diff,0.0805,1号艇の級別順位,0.0608,2号艇のsession_exh_rel_avg,-0.0976,2号艇のclass_rank_2to6,-0.0773,2号艇のwin_rate_rank_2to6,0.047,2号艇の節間得点,-0.0432,2号艇のsession_rank_diff_delta,-0.0426,6号艇のwin_rate_rank_2to6,0.3489,6号艇のclass_rank_2to6,0.1741,6号艇のvs_avg456_diff,0.1418,5号艇のsession_exh_rel_last,0.1269,6号艇の全国勝率,0.1149,0.0897,南東 1.3m/s,[逃げ]1号艇のdominanceが有利(+13.8pt)、風速区分が有利(+9.4pt) / [2着]2号艇のsession_exh_rel_avgが不利(-9.8pt)、2号艇のclass_rank_2to6が不利(-7.7pt) / [候補2]6号艇のwin_rate_rank_2to6が有利(+34.9pt)、6号艇のclass_rank_2to6が有利(+17.4pt)、天気+9.0pt
59,21,芦屋,4,10:02,0.8111644376271254,2,0.40111431855874335,4,0.19629620714292928,0.48459817311332265,0.19568450827093523,0.40172601743073744,0.3708041468557138,0.45973652640854706,1-2,1-4,0.3253696706378907,0.15873231410393374,0.15922850247543194,0.04369634026926468,0.12413760409695831,False,False,True,False,サンライズＹ,2026-09-27,1号艇のdominance,0.2922,1号艇の女子戦比率,-0.1497,1号艇のracer_win_te,0.1478,1号艇のvs_max234_diff,0.1282,6号艇のモーター出走数,-0.097,2号艇の女子戦比率,-0.1097,2号艇のwin_rate_rank_2to6,0.0771,2号艇のclass_rank_2to6,0.0682,2号艇の節間得点,-0.0462,1号艇vs2号艇のcumulative差,-0.0458,4号艇のwin_rate_rank_2to6,-0.1028,4号艇のsession_exh_rel_avg,-0.0977,場特性:1x_diff_course4,0.0678,1号艇のモーター出走数,0.0665,1号艇vs3号艇のplace_rate差,0.063,0.0743,南東 1.3m/s,[逃げ]1号艇のdominanceが有利(+29.2pt)、1号艇の女子戦比率が不利(-15.0pt) / [2着]2号艇の女子戦比率が不利(-11.0pt)、2号艇のwin_rate_rank_2to6が有利(+7.7pt) / [候補2]4号艇のwin_rate_rank_2to6が不利(-10.3pt)、4号艇のsession_exh_rel_avgが不利(-9.8pt) / [除外]5号艇のracer_avgfin_teが不利(-6.3pt)、天気+7.4pt
60,20,若松,5,16:54,0.6327639612446303,2,0.5268680671045491,3,0.1906504464977971,0.4540198569333798,0.15488601629847487,0.5626324973038714,0.36963426458040216,0.48660364904452724,1-2,1-3,0.3333831251943762,0.12063673173900355,0.05914167477716446,0.09800628921442334,0.021596146212736415,True,False,False,False,一般戦,2026-09-27,1号艇のracer_win_te,0.1058,2号艇のsession_exh_rel_avg,-0.0996,1号艇のsession_exh_rel_avg,-0.0907,風速区分,0.0804,1号艇の勝率順位,-0.0748,2号艇のsession_exh_rel_avg,0.1521,2号艇のwin_rate_rank_2to6,0.1497,2号艇の節間得点,0.0516,2号艇の全国勝率,0.0414,2号艇のcumulative_diff_rank_2to6,0.0355,3号艇の節間得点,-0.065,3号艇のsession_exh_rel_avg,0.0635,3号艇の当地勝率,-0.0536,3号艇のwin_rate_rank_2to6,0.0495,全艇平均勝率,-0.0431,0.0829,南西 1.4m/s,[逃げ]1号艇のracer_win_teが有利(+10.6pt)、2号艇のsession_exh_rel_avgが不利(-10.0pt) / [2着]2号艇のsession_exh_rel_avgが有利(+15.2pt)、2号艇のwin_rate_rank_2to6が有利(+15.0pt) / [候補2]3号艇の節間得点が不利(-6.5pt)、3号艇のsession_exh_rel_avgが有利(+6.3pt) / [除外]6号艇のsession_exh_rel_avgが不利(-7.7pt)、5号艇のsession_exh_rel_avgが不利(-5.3pt)、天気+8.3pt
61,20,若松,1,14:58,0.7514269680210176,2,0.3219050038482691,3,0.3056455629305278,0.47155841967446244,0.1843562992711424,0.44319426750765445,0.36723670150486387,0.46304917402442003,1-2,1-3,0.24188810103249886,0.22967031864196363,0.13853029499688987,0.10483210032247983,0.036506147428618255,True,True,False,False,一般戦,2026-09-27,1号艇のsession_exh_rel_avg,0.1445,1号艇のracer_win_te,0.1001,1号艇の節間得点,0.0965,1号艇の級別順位,-0.0824,1号艇の年齢,0.0759,2号艇のwin_rate_rank_2to6,-0.1564,2号艇の全国勝率,0.0834,2号艇のsession_exh_rel_avg,-0.0733,2号艇の節間得点,-0.061,1号艇vs2号艇のcumulative差,-0.0551,3号艇の当地勝率,0.118,3号艇の節間得点,-0.1113,3号艇のsession_exh_rel_avg,-0.056,場特性:1x_diff_course3,0.0418,3号艇のcumulative_diff_rank_2to6,-0.0392,0.0765,南西 2.0m/s,[逃げ]1号艇のsession_exh_rel_avgが有利(+14.5pt)、1号艇のracer_win_teが有利(+10.0pt) / [2着]2号艇のwin_rate_rank_2to6が不利(-15.6pt)、2号艇の全国勝率が有利(+8.3pt) / [候補2]3号艇の当地勝率が有利(+11.8pt)、3号艇の節間得点が不利(-11.1pt)、天気+7.6pt
62,13,尼崎,3,11:25,0.6499558301987487,5,0.48297852701355815,3,0.21801649332583317,0.4556158004098778,0.167648799860939,0.5333462204784523,0.36395566984620126,0.4789349264304501,1-5,1-3,0.10896431489544048,0.14170109091661184,0.07992015807326495,0.31391470949326594,0.0054555601494174,True,True,False,False,予選,2026-09-27,1号艇のdominance,-0.2131,1号艇の級別順位,-0.0989,1号艇の節間得点,0.0883,5号艇の節間得点,-0.0864,風速区分,0.0827,5号艇のwin_rate_rank_2to6,0.2858,5号艇のclass_rank_2to6,0.2367,6号艇のracer_win_te,-0.146,5号艇の節間得点,0.1048,5号艇のsession_exh_rel_avg,0.086,3号艇のsession_exh_rel_avg,-0.116,3号艇の節間得点,-0.0654,6号艇のsession_rank_diff_last,0.0521,場特性:1x_diff_course3,-0.0485,3号艇のcumulative_diff_rank_2to6,-0.0458,0.0962,南東 0.5m/s,[逃げ]1号艇のdominanceが不利(-21.3pt)、1号艇の級別順位が不利(-9.9pt) / [2着]5号艇のwin_rate_rank_2to6が有利(+28.6pt)、5号艇のclass_rank_2to6が有利(+23.7pt) / [候補2]3号艇のsession_exh_rel_avgが不利(-11.6pt)、3号艇の節間得点が不利(-6.5pt) / [除外]6号艇のwin_rate_rank_2to6が不利(-8.9pt)、6号艇のracer_win_teが不利(-6.2pt)、天気+9.6pt
63,14,鳴門,11,13:36,0.6346469052469391,2,0.36543263589258673,3,0.3262781609200011,0.4389921165230032,0.1525847729278287,0.5391260238847592,0.3586119016228799,0.46903228873152997,1-2,1-3,0.2319206914454617,0.2070714250775415,0.09683745392645343,0.07790976794140368,0.020907557399102956,True,True,False,False,特選,2026-09-27,1号艇のdominance,0.2381,場特性:in_escape_diff,-0.1609,1号艇の年齢,-0.0964,1号艇の勝率順位,0.09,1号艇の級別順位,0.0733,2号艇のwin_rate_rank_2to6,0.0779,2号艇の体重,-0.0565,2号艇のclass_rank_2to6,-0.0545,1号艇の年齢,0.0499,2号艇の全国勝率,0.049,3号艇のwin_rate_rank_2to6,0.1425,1号艇のracer_2nd_te,0.0366,3号艇のcumulative_diff_rank_2to6,0.0361,場特性:1x_diff_course3,-0.0302,3号艇のclass_rank_2to6,-0.0288,0.088,南 3.8m/s,[逃げ]1号艇のdominanceが有利(+23.8pt)、場特性:in_escape_diffが不利(-16.1pt) / [2着]2号艇のwin_rate_rank_2to6が有利(+7.8pt)、2号艇の体重が不利(-5.7pt) / [候補2]3号艇のwin_rate_rank_2to6が有利(+14.2pt)、1号艇のracer_2nd_teが有利(+3.7pt) / [除外]6号艇のwin_rate_rank_2to6が不利(-6.0pt)、天気+8.8pt
64,03,江戸川,9,14:52,0.5999677204468721,3,0.5300451270492088,4,0.22101125237010188,0.4506095838872849,0.17841908516769633,0.5726372942516144,0.35413276421732603,0.4872178969965837,1-3,1-4,0.10704569181227909,0.3180099666096865,0.1325996172775984,0.025602637818135432,0.016709803576591742,True,True,False,False,予選特賞,2026-09-27,1号艇のsession_exh_rel_avg,0.1555,場特性:in_escape_diff,-0.0997,1号艇のモーター2連率順位,0.0645,風速区分,0.0642,1号艇のvs_max234_frame_diff,-0.0638,3号艇のwin_rate_rank_2to6,0.2383,3号艇のsession_exh_rel_avg,0.0961,3号艇のclass_rank_2to6,0.0545,6号艇のsession_rank_diff_last,0.0432,2号艇のvs_boat3_diff,0.0423,4号艇のclass_rank_2to6,0.131,4号艇のwin_rate_rank_2to6,0.0756,4号艇のcumulative_diff_rank_2to6,0.0537,4号艇のsession_exh_rel_avg,0.0491,4号艇の年齢,0.0298,0.0513,南 0.6m/s,[逃げ]1号艇のsession_exh_rel_avgが有利(+15.6pt)、場特性:in_escape_diffが不利(-10.0pt) / [2着]3号艇のwin_rate_rank_2to6が有利(+23.8pt)、3号艇のsession_exh_rel_avgが有利(+9.6pt) / [候補2]4号艇のclass_rank_2to6が有利(+13.1pt)、4号艇のwin_rate_rank_2to6が有利(+7.6pt) / [除外]6号艇のsession_exh_rel_avgが不利(-10.4pt)、3号艇の一般戦勝率が不利(-5.4pt)、天気+5.1pt
65,21,芦屋,11,13:51,0.5811981767225547,2,0.42432201435091,3,0.3394629333499217,0.4439104190118552,0.17523213945093655,0.5885528082498952,0.3505655720742443,0.4873031357832672,1-2,1-3,0.24661518108399058,0.1972952379278646,0.10184459995207677,0.01727990439714407,0.01816326418713835,True,True,False,False,予選特選,2026-09-27,1号艇の女子戦比率,-0.1364,1号艇のsession_exh_rel_avg,0.1148,1号艇のdominance,0.1008,1号艇vs4号艇の枠別平均ST差,-0.0951,1号艇の節間得点,0.0903,2号艇の全国勝率,0.055,2号艇の節間得点,0.0538,2号艇のwin_rate_rank_2to6,0.0474,2号艇のsession_exh_rel_avg,0.0445,2号艇の当地勝率,-0.0424,4号艇のsession_rank_diff_last,-0.1586,3号艇のwin_rate_rank_2to6,0.1285,3号艇のsession_exh_rel_avg,0.1129,6号艇のモーター出走数,0.0816,3号艇の女子戦比率,-0.0793,0.1282,南東 1.3m/s,[逃げ]1号艇の女子戦比率が不利(-13.6pt)、1号艇のsession_exh_rel_avgが有利(+11.5pt) / [2着]2号艇の全国勝率が有利(+5.5pt)、2号艇の節間得点が有利(+5.4pt) / [候補2]4号艇のsession_rank_diff_lastが不利(-15.9pt)、3号艇のwin_rate_rank_2to6が有利(+12.9pt) / [除外]6号艇の女子戦比率が不利(-7.3pt)、4号艇のwin_rate_rank_2to6が不利(-5.2pt)、天気+12.8pt
66,20,若松,7,17:53,0.7044353651132448,2,0.36150917956862666,3,0.2852297885086642,0.4555858011104895,0.19554690173879216,0.4511920663384986,0.3486797308504794,0.4542676806788922,1-2,1-3,0.25465985090121507,0.20092595020927445,0.13775015312312985,0.06844087369120673,0.042658529315740025,True,False,False,False,一般戦,2026-09-27,4号艇のモーター2連率,-0.1859,1号艇のdominance,0.1731,1号艇のracer_win_te,0.1671,風速区分,0.0907,3号艇の年齢,-0.0764,2号艇のwin_rate_rank_2to6,-0.1433,2号艇の全国勝率,0.0721,2号艇のsession_exh_rel_avg,0.0704,2号艇の当地勝率,0.0657,2号艇のclass_rank_2to6,-0.0517,3号艇のwin_rate_rank_2to6,-0.0888,3号艇の当地勝率,0.075,3号艇の節間得点,-0.0571,3号艇のsession_rank_diff_delta,0.0391,3号艇の全国勝率,0.0354,0.1077,西 1.6m/s,[逃げ]4号艇のモーター2連率が不利(-18.6pt)、1号艇のdominanceが有利(+17.3pt) / [2着]2号艇のwin_rate_rank_2to6が不利(-14.3pt)、2号艇の全国勝率が有利(+7.2pt) / [候補2]3号艇のwin_rate_rank_2to6が不利(-8.9pt)、3号艇の当地勝率が有利(+7.5pt)、天気+10.8pt
67,20,若松,9,18:54,0.7646687024570825,2,0.33789880522243976,3,0.2666841911668182,0.4623056953765889,0.21700014100878134,0.3875828553804766,0.34192121407352993,0.43988884337775513,1-2,1-3,0.25838064095124147,0.20392505442534742,0.16593321625818877,0.09743439170032103,0.038995401970596824,True,False,False,False,パイナップル,2026-09-27,1号艇のsession_exh_rel_avg,0.1283,1号艇のracer_win_te,0.1067,1号艇のdominance,0.0788,1号艇の年齢,0.0778,1号艇の節間得点,0.0763,2号艇のwin_rate_rank_2to6,0.0723,2号艇の全国勝率,0.0519,2号艇のsession_exh_rel_avg,-0.0509,2号艇のcumulative_diff_rank_2to6,-0.0453,4号艇のsession_rank_diff_delta,-0.0315,6号艇のracer_2nd_te,-0.0612,4号艇のsession_rank_diff_last,-0.0524,3号艇のwin_rate_rank_2to6,-0.0475,3号艇のcumulative_diff_rank_2to6,0.0449,3号艇のsession_exh_rel_avg,-0.0442,0.083,南西 1.4m/s,[逃げ]1号艇のsession_exh_rel_avgが有利(+12.8pt)、1号艇のracer_win_teが有利(+10.7pt) / [2着]2号艇のwin_rate_rank_2to6が有利(+7.2pt)、2号艇の全国勝率が有利(+5.2pt) / [候補2]6号艇のracer_2nd_teが不利(-6.1pt)、4号艇のsession_rank_diff_lastが不利(-5.2pt)、天気+8.3pt
68,20,若松,4,16:25,0.7231879830548811,2,0.3285314050478064,3,0.3110873618102027,0.46256460592809384,0.21914639928831475,0.42047236756969436,0.34092136453526184,0.449936934420574,1-2,1-3,0.2375899641867093,0.2249746417413845,0.15848404249505596,0.0878200520122111,0.014319278578392323,True,False,False,False,一般戦,2026-09-27,1号艇のracer_win_te,0.175,1号艇のdominance,0.1396,1号艇のsession_exh_rel_avg,0.1106,1号艇の級別順位,0.0729,風速区分,0.0728,2号艇のwin_rate_rank_2to6,0.148,2号艇のracer_avgfin_te,0.066,2号艇のclass_rank_2to6,-0.0615,2号艇のモーター2連率,-0.0577,2号艇のcumulative_diff_rank_2to6,-0.0549,3号艇のwin_rate_rank_2to6,-0.1003,3号艇のsession_exh_rel_avg,0.0585,6号艇のsession_rank_diff_delta,0.0534,3号艇のracer_2nd_te,0.0506,場特性:1x_diff_course3,0.0425,0.087,南西 1.3m/s,[逃げ]1号艇のracer_win_teが有利(+17.5pt)、1号艇のdominanceが有利(+14.0pt) / [2着]2号艇のwin_rate_rank_2to6が有利(+14.8pt)、2号艇のracer_avgfin_teが有利(+6.6pt) / [候補2]3号艇のwin_rate_rank_2to6が不利(-10.0pt)、3号艇のsession_exh_rel_avgが有利(+5.8pt) / [除外]6号艇の女子戦比率が不利(-7.7pt)、1号艇vs4号艇のlocal_win_rate差が不利(-7.3pt)、天気+8.7pt
69,09,津,6,12:56,0.6151287005864849,4,0.5151639855920194,5,0.21807214449928758,0.4510345879261285,0.20455140975609498,0.528684720335212,0.34032287495526975,0.47432962764885356,1-4,1-5,0.036542627314414926,0.12582544288640035,0.3168921530461735,0.13414243487995495,0.0017260526998291873,True,True,False,False,一般,2026-09-27,2号艇の体重,-0.1483,6号艇の枠別出走数,-0.1216,1号艇のsession_exh_rel_avg,0.1141,節間得点の分散(2-6号艇),-0.104,1号艇の節間得点,0.0878,4号艇のclass_rank_2to6,0.2321,4号艇のwin_rate_rank_2to6,0.2239,2号艇の体重,0.1909,4号艇のsession_exh_rel_avg,-0.0934,4号艇のcumulative_diff_rank_2to6,0.0872,5号艇のclass_rank_2to6,0.1812,5号艇のwin_rate_rank_2to6,0.1682,5号艇のsession_exh_rel_avg,0.0999,2号艇の直近複勝率,-0.0669,1号艇vs5号艇のlocal_win_rate差,0.0505,0.0254,南東 1.6m/s,[逃げ]2号艇の体重が不利(-14.8pt)、6号艇の枠別出走数が不利(-12.2pt) / [2着]4号艇のclass_rank_2to6が有利(+23.2pt)、4号艇のwin_rate_rank_2to6が有利(+22.4pt) / [候補2]5号艇のclass_rank_2to6が有利(+18.1pt)、5号艇のwin_rate_rank_2to6が有利(+16.8pt) / [除外]6号艇の全国勝率が不利(-16.9pt)、6号艇のvs_avg456_diffが不利(-12.7pt)、天気+2.5pt
70,09,津,11,15:40,0.7043580245832255,2,0.3374525587799079,3,0.31044587290318676,0.45635245947087444,0.21402356885362278,0.4338748628294719,0.3391482410335727,0.44960918047845366,1-2,1-3,0.23768741769277069,0.21866504177810372,0.1507492181719897,0.08016786589053308,0.017088483017781875,True,False,False,False,準優勝戦,2026-09-27,1号艇の節間得点,0.11,1号艇の級別順位,-0.1011,1号艇のracer_win_te,0.099,1号艇のdominance,0.0793,風速区分,0.0768,2号艇のwin_rate_rank_2to6,0.1692,2号艇のclass_rank_2to6,0.0995,2号艇のsession_exh_rel_avg,-0.0878,2号艇の当地勝率,0.0486,2号艇の全国勝率,0.0471,3号艇のwin_rate_rank_2to6,-0.1029,3号艇の節間得点,0.0811,3号艇の一般戦2連率,0.0542,3号艇のcumulative_diff_rank_2to6,0.0482,3号艇の枠別勝率,0.0412,0.0869,南西 0.2m/s,[逃げ]1号艇の節間得点が有利(+11.0pt)、1号艇の級別順位が不利(-10.1pt) / [2着]2号艇のwin_rate_rank_2to6が有利(+16.9pt)、2号艇のclass_rank_2to6が有利(+10.0pt) / [候補2]3号艇のwin_rate_rank_2to6が不利(-10.3pt)、3号艇の節間得点が有利(+8.1pt) / [除外]6号艇のsession_exh_rel_avgが不利(-6.2pt)、天気+8.7pt
71,11,琵琶湖,7,13:24,0.8238189801117286,4,0.316855577483488,2,0.27886843861406085,0.49076875136954573,0.25766561220841355,0.33805840388913533,0.33902367444027454,0.44495564712542257,1-4,1-2,0.22973711268438582,0.2122698218593994,0.2610316386851599,0.08945232444265723,0.03132806862978436,True,True,False,False,一般,2026-09-27,1号艇のdominance,0.1854,1号艇のsession_exh_rel_avg,0.1617,1号艇vs4号艇のcumulative差,0.08,1号艇の勝率順位,0.0778,風速区分,0.0726,4号艇のwin_rate_rank_2to6,0.1649,4号艇のclass_rank_2to6,-0.0852,4号艇の節間得点,-0.075,4号艇のsession_exh_rel_avg,0.0589,4号艇の全国勝率,0.0381,2号艇のwin_rate_rank_2to6,-0.1477,2号艇のsession_exh_rel_avg,-0.0743,2号艇の節間得点,-0.0602,2号艇のsession_avg_finish,-0.0491,2号艇のclass_rank_2to6,-0.0442,0.0652,南東 1.3m/s,[逃げ]1号艇のdominanceが有利(+18.5pt)、1号艇のsession_exh_rel_avgが有利(+16.2pt) / [2着]4号艇のwin_rate_rank_2to6が有利(+16.5pt)、4号艇のclass_rank_2to6が不利(-8.5pt) / [候補2]2号艇のwin_rate_rank_2to6が不利(-14.8pt)、2号艇のsession_exh_rel_avgが不利(-7.4pt) / [除外]1号艇vs6号艇のcumulative差が不利(-6.2pt)、天気+6.5pt
72,08,常滑,12,16:11,0.6456544638155779,3,0.32610429422320264,4,0.3241973494213231,0.41987015904569525,0.17542201101008073,0.474879632634445,0.3314847978501933,0.43637300112232014,1-3,1-4,0.11326200446016407,0.21055069323463935,0.20931946581105593,0.06849016646749292,0.04403213143697532,True,False,False,False,優勝戦,2026-09-27,風速区分,-0.1412,1号艇の節間得点,0.1193,1号艇のracer_win_te,0.1161,6号艇のsession_rank_diff_delta,-0.1017,1号艇のsession_exh_rel_avg,0.096,3号艇のsession_exh_rel_avg,0.0894,5号艇の節間得点,-0.0701,6号艇の直近1着率,0.07,3号艇のwin_rate_rank_2to6,-0.0693,3号艇のcumulative_diff_rank_2to6,-0.0552,4号艇の節間得点,0.2249,4号艇のwin_rate_rank_2to6,0.1037,4号艇のsession_exh_rel_avg,0.0745,6号艇の節間得点,-0.064,4号艇のcumulative_diff_rank_2to6,0.0532,-0.1382,南東 6.5m/s,[逃げ]風速区分が不利(-14.1pt)、1号艇の節間得点が有利(+11.9pt) / [2着]3号艇のsession_exh_rel_avgが有利(+8.9pt)、5号艇の節間得点が不利(-7.0pt) / [候補2]4号艇の節間得点が有利(+22.5pt)、4号艇のwin_rate_rank_2to6が有利(+10.4pt)、天気-13.8pt
73,11,琵琶湖,1,10:29,0.5054195531660289,2,0.5092334024485903,3,0.2695453094100808,0.39360998856282514,0.1370934329923637,0.6416852788663074,0.32885637505222987,0.4680325756538698,1-2,1-3,0.2573765187227831,0.13623346984004206,0.0692897016449974,0.03845929407014215,0.004060578772945663,False,False,True,False,一般,2026-09-27,1号艇のracer_win_te,-0.1305,1号艇のdominance,0.091,1号艇の年齢,0.0664,風速区分,0.0644,1号艇vs4号艇のcumulative差,-0.0641,2号艇の当地勝率,0.117,2号艇のclass_rank_2to6,0.0899,2号艇のsession_exh_rel_avg,0.0723,2号艇のwin_rate_rank_2to6,0.0577,2号艇の全国勝率,0.0505,3号艇のwin_rate_rank_2to6,0.1729,3号艇の節間得点,-0.0573,3号艇のcumulative_diff_rank_2to6,-0.0459,3号艇の当地勝率,-0.0355,3号艇のclass_rank_2to6,-0.0353,0.0406,南東 1.3m/s,[逃げ]1号艇のracer_win_teが不利(-13.1pt)、1号艇のdominanceが有利(+9.1pt) / [2着]2号艇の当地勝率が有利(+11.7pt)、2号艇のclass_rank_2to6が有利(+9.0pt) / [候補2]3号艇のwin_rate_rank_2to6が有利(+17.3pt)、3号艇の節間得点が不利(-5.7pt) / [除外]6号艇の節間得点が不利(-9.8pt)、6号艇のwin_rate_rank_2to6が不利(-7.0pt)、天気+4.1pt
74,21,芦屋,3,09:36,0.6008005615726304,3,0.3587697085625211,5,0.3235129281216278,0.4099157912710916,0.1659553301266909,0.5163273065574581,0.3282825387136464,0.4418392458570015,1-3,1-5,0.08062741743836266,0.21554904237961162,0.09970605553608716,0.19436674889148,0.010551297886628064,False,False,True,False,サンライズＸ,2026-09-27,1号艇の女子戦比率,-0.2114,5号艇の節間得点,-0.1172,6号艇の枠別出走数,-0.1103,1号艇のracer_win_te,0.1094,1号艇のsession_exh_rel_avg,0.105,5号艇の節間得点,-0.1076,3号艇のwin_rate_rank_2to6,0.0893,4号艇のモーター出走数,-0.0841,6号艇のモーター出走数,0.0792,場特性:1x_diff_course3,0.0675,5号艇のwin_rate_rank_2to6,0.2242,5号艇のclass_rank_2to6,0.1719,5号艇のsession_exh_rel_avg,0.0915,5号艇の性別,-0.0912,5号艇のモーター2連率,0.0634,0.0559,南東 1.3m/s,[逃げ]1号艇の女子戦比率が不利(-21.1pt)、5号艇の節間得点が不利(-11.7pt) / [2着]5号艇の節間得点が不利(-10.8pt)、3号艇のwin_rate_rank_2to6が有利(+8.9pt) / [候補2]5号艇のwin_rate_rank_2to6が有利(+22.4pt)、5号艇のclass_rank_2to6が有利(+17.2pt) / [除外]6号艇のwin_rate_rank_2to6が不利(-7.1pt)、2号艇のwin_rate_rank_2to6が不利(-6.1pt)、天気+5.6pt
75,13,尼崎,11,15:37,0.8176311072439506,4,0.3043081964001044,3,0.2555419562756401,0.4577509002229637,0.24143004720280553,0.3184201054729389,0.3251331144854155,0.41595166179795623,1-4,1-3,0.15053483080015387,0.20893905265693682,0.24881184756602698,0.19740071681638915,0.01194465407409572,True,False,False,False,予選特選,2026-09-27,1号艇のracer_win_te,0.1642,場特性:in_escape_diff,0.0927,風速区分,0.0923,1号艇の級別順位,0.0811,1号艇のdominance,0.0805,4号艇のsession_exh_rel_avg,-0.0996,4号艇のclass_rank_2to6,0.0985,4号艇のwin_rate_rank_2to6,-0.0828,4号艇の年齢,0.0747,4号艇の節間得点,0.0593,3号艇のsession_exh_rel_avg,-0.0866,3号艇のcumulative_diff_rank_2to6,-0.0466,3号艇の節間得点,-0.0405,3号艇の当地勝率,-0.0363,3号艇の全国勝率,0.0314,0.1651,東 0.8m/s,[逃げ]1号艇のracer_win_teが有利(+16.4pt)、場特性:in_escape_diffが有利(+9.3pt) / [2着]4号艇のsession_exh_rel_avgが不利(-10.0pt)、4号艇のclass_rank_2to6が有利(+9.8pt) / [候補2]3号艇のsession_exh_rel_avgが不利(-8.7pt)、3号艇のcumulative_diff_rank_2to6が不利(-4.7pt) / [除外]6号艇のwin_rate_rank_2to6が不利(-8.4pt)、6号艇のvs_avg456_diffが不利(-5.8pt)、天気+16.5pt
76,11,琵琶湖,10,15:09,0.615361476957232,2,0.46081220814840335,4,0.20383182580977816,0.4089963343873192,0.18223815560378395,0.4824058783543975,0.31955464923437493,0.43101919757744267,1-2,1-4,0.2835660810061249,0.11214234059030635,0.12543025338119432,0.07484162851882051,0.019381166583585498,True,False,False,False,選抜戦,2026-09-27,1号艇のsession_exh_rel_avg,0.1467,1号艇の節間得点,0.0912,1号艇の級別順位,-0.0852,風速区分,0.0802,1号艇vs4号艇の枠別平均ST差,-0.0684,2号艇のsession_exh_rel_avg,0.0998,2号艇の全国勝率,0.0638,2号艇の一般戦勝率,-0.058,2号艇のモーター2連率,0.0574,2号艇の節間得点,0.0563,4号艇のwin_rate_rank_2to6,0.1276,4号艇のsession_exh_rel_avg,-0.1198,4号艇の全国勝率,0.081,4号艇のclass_rank_2to6,0.0699,4号艇の年齢,-0.0645,0.1254,南東 1.3m/s,[逃げ]1号艇のsession_exh_rel_avgが有利(+14.7pt)、1号艇の節間得点が有利(+9.1pt) / [2着]2号艇のsession_exh_rel_avgが有利(+10.0pt)、2号艇の全国勝率が有利(+6.4pt) / [候補2]4号艇のwin_rate_rank_2to6が有利(+12.8pt)、4号艇のsession_exh_rel_avgが不利(-12.0pt) / [除外]6号艇のwin_rate_rank_2to6が不利(-7.2pt)、天気+12.5pt
77,21,芦屋,10,13:16,0.4163955420442276,2,0.7662081848131508,5,0.07984412766570995,0.3522924112524074,0.07866907314896136,0.7673832393298994,0.3190349902876399,0.476819659675655,1-2,1-5,0.3190456724339956,0.03275745135597875,0.021744815700306685,0.0332467388184118,0.009600866837923284,True,True,False,False,予選特賞,2026-09-27,1号艇のdominance,-0.2609,1号艇のvs_max234_diff,-0.1438,1号艇の節間得点,0.1026,1号艇の全国勝率,-0.0965,1号艇の女子戦比率,-0.084,2号艇のwin_rate_rank_2to6,0.2346,2号艇の当地勝率,0.1301,2号艇のclass_rank_2to6,0.1263,2号艇の直近平均着順,0.0978,2号艇のsession_exh_rel_avg,0.0885,5号艇のwin_rate_rank_2to6,0.1445,5号艇のclass_rank_2to6,0.1087,2号艇のモーター出走数,-0.0724,1号艇のモーター出走数,0.0705,ST差分(5-4),0.0628,0.1561,南東 1.3m/s,[逃げ]1号艇のdominanceが不利(-26.1pt)、1号艇のvs_max234_diffが不利(-14.4pt) / [2着]2号艇のwin_rate_rank_2to6が有利(+23.5pt)、2号艇の当地勝率が有利(+13.0pt) / [候補2]5号艇のwin_rate_rank_2to6が有利(+14.4pt)、5号艇のclass_rank_2to6が有利(+10.9pt) / [除外]6号艇のwin_rate_rank_2to6が不利(-7.4pt)、4号艇のwin_rate_rank_2to6が不利(-6.6pt)、天気+15.6pt
78,13,尼崎,5,12:24,0.5456888628230361,3,0.5404865370145602,2,0.2011175866863112,0.40468511092720266,0.17830053952977698,0.5633035841710944,0.3180984225856172,0.45227065290037016,1-3,1-2,0.10974762717256653,0.29493748375463613,0.09729661865673779,0.03285626247280674,0.010850866700590035,True,True,False,False,予選,2026-09-27,1号艇のdominance,-0.1573,場特性:in_escape_diff,0.0807,風速区分,0.0733,1号艇vs3号艇のcumulative差,-0.0714,1号艇の勝率順位,-0.0652,3号艇のwin_rate_rank_2to6,0.1823,3号艇のsession_exh_rel_avg,0.0861,3号艇の当地勝率,0.084,3号艇の節間得点,0.0682,3号艇の全国勝率,0.0544,2号艇のwin_rate_rank_2to6,-0.2066,2号艇の全国勝率,-0.1357,2号艇のsession_exh_rel_avg,-0.0965,2号艇の直近平均着順,-0.0442,second_best_win_rate,-0.0336,0.0591,南 1.4m/s,[逃げ]1号艇のdominanceが不利(-15.7pt)、場特性:in_escape_diffが有利(+8.1pt) / [2着]3号艇のwin_rate_rank_2to6が有利(+18.2pt)、3号艇のsession_exh_rel_avgが有利(+8.6pt) / [候補2]2号艇のwin_rate_rank_2to6が不利(-20.7pt)、2号艇の全国勝率が不利(-13.6pt) / [除外]6号艇のsession_exh_rel_avgが不利(-8.4pt)、天気+5.9pt
79,21,芦屋,7,11:35,0.4395006588527074,3,0.4598844263807584,2,0.3538177304698311,0.35762263404570316,0.09276411576272314,0.7209380410878664,0.3178131771369205,0.46661725615835214,1-3,1-2,0.15550312565526042,0.2021195083904427,0.04076988999560564,0.024901616641307862,0.01620651325828812,True,True,False,False,予選,2026-09-27,1号艇のracer_win_te,-0.1896,1号艇の級別順位,0.0916,1号艇の全国勝率,-0.0845,1号艇のdominance,-0.0759,1号艇の勝率順位,-0.0644,3号艇のsession_exh_rel_avg,-0.198,3号艇のwin_rate_rank_2to6,0.159,4号艇の枠別平均ST,0.1113,4号艇のモーター出走数,-0.0745,6号艇のモーター出走数,0.0672,2号艇のsession_exh_rel_avg,-0.1362,2号艇の女子戦比率,-0.1203,3号艇のモーター出走数,0.1124,2号艇のwin_rate_rank_2to6,0.0741,全艇平均勝率,0.0599,0.0873,南東 1.3m/s,[逃げ]1号艇のracer_win_teが不利(-19.0pt)、1号艇の級別順位が有利(+9.2pt) / [2着]3号艇のsession_exh_rel_avgが不利(-19.8pt)、3号艇のwin_rate_rank_2to6が有利(+15.9pt) / [候補2]2号艇のsession_exh_rel_avgが不利(-13.6pt)、2号艇の女子戦比率が不利(-12.0pt) / [除外]5号艇の直近平均着順が不利(-25.7pt)、天気+8.7pt
80,13,尼崎,9,14:23,0.6937076931361497,3,0.3524563935975883,2,0.21728393037151422,0.3952332458272487,0.17601473556198122,0.39372558840712135,0.31175299552774466,0.3947809486012105,1-3,1-2,0.1507315340935789,0.24450171173366977,0.1221027761646714,0.11438745274908073,0.061984223563673994,True,True,False,False,予選特賞,2026-09-27,6号艇の枠別出走数,-0.1546,1号艇の節間得点,0.1052,風速区分,0.092,1号艇のracer_win_te,0.0804,1号艇のdominance,-0.0747,3号艇のsession_exh_rel_avg,-0.1341,3号艇の節間得点,-0.0774,1号艇vs3号艇のcumulative差,-0.0672,4号艇の女子戦2連率,0.0591,3号艇のwin_rate_rank_2to6,0.0523,2号艇のwin_rate_rank_2to6,-0.1831,2号艇の節間得点,-0.0851,2号艇のsession_avg_finish,-0.0414,2号艇のcumulative_diff_rank_2to6,-0.0335,2号艇のsession_exh_rel_avg,-0.0319,0.1851,北東 1.0m/s,[逃げ]6号艇の枠別出走数が不利(-15.5pt)、1号艇の節間得点が有利(+10.5pt) / [2着]3号艇のsession_exh_rel_avgが不利(-13.4pt)、3号艇の節間得点が不利(-7.7pt) / [候補2]2号艇のwin_rate_rank_2to6が不利(-18.3pt)、2号艇の節間得点が不利(-8.5pt) / [除外]4号艇のracer_avgfin_teが不利(-11.0pt)、4号艇のwin_rate_rank_2to6が不利(-5.5pt)、天気+18.5pt
81,02,戸田,10,15:21,0.5702189068595098,3,0.37647573705028414,2,0.2733033071536506,0.37051629628618477,0.13414521769493576,0.515633826508999,0.3108727092163869,0.414051555353029,1-3,1-2,0.15584271304624348,0.2146735832399413,0.06322051392286093,0.07649213939443725,0.059989957256026794,True,False,False,False,戸田特賞,2026-09-27,場特性:in_escape_diff,-0.1465,5号艇の平均ST,0.103,2号艇の体重,0.0782,風速区分,0.0722,1号艇の節間得点,0.072,3号艇のsession_exh_rel_avg,0.1068,3号艇のwin_rate_rank_2to6,0.0488,3号艇の全国勝率,0.0399,5号艇の一般戦2連率,0.0372,場特性:1x_diff_course3,-0.0255,レース時間帯,-0.0711,2号艇の全国勝率,-0.0675,2号艇のsession_exh_rel_avg,-0.0637,2号艇のモーター2連率,-0.0537,1号艇vs2号艇の枠別勝率差,0.0502,0.1109,北東 0.5m/s,[逃げ]場特性:in_escape_diffが不利(-14.7pt)、5号艇の平均STが有利(+10.3pt) / [2着]3号艇のsession_exh_rel_avgが有利(+10.7pt)、3号艇のwin_rate_rank_2to6が有利(+4.9pt) / [候補2]レース時間帯が不利(-7.1pt)、2号艇の全国勝率が不利(-6.8pt) / [除外]win_rate_range_1to6が不利(-10.7pt)、天気+11.1pt
82,11,琵琶湖,8,13:58,0.687866022778826,2,0.29684001277084815,3,0.29106127626001077,0.404397321472202,0.19457618967002874,0.39332509936083015,0.30997401356240983,0.4010756548387904,1-2,1-3,0.20418615898629924,0.20021116248590273,0.13384234971578116,0.07282034321488925,0.07680601862595614,True,True,False,False,一般,2026-09-27,1号艇のdominance,0.205,1号艇のsession_exh_rel_avg,-0.0843,風速区分,0.0821,場特性:in_escape_diff,-0.0779,1号艇の勝率順位,0.0703,2号艇のwin_rate_rank_2to6,-0.1294,2号艇のモーター2連率,0.0845,5号艇のsession_rank_diff_delta,0.069,2号艇の節間得点,-0.0479,2号艇のclass_rank_2to6,-0.0475,3号艇のsession_exh_rel_avg,-0.2168,3号艇のモーター2連率,0.0822,3号艇のwin_rate_rank_2to6,-0.0757,3号艇のsession_exh_rel_last,-0.0582,3号艇の全国勝率,-0.0568,0.058,南東 1.3m/s,[逃げ]1号艇のdominanceが有利(+20.5pt)、1号艇のsession_exh_rel_avgが不利(-8.4pt) / [2着]2号艇のwin_rate_rank_2to6が不利(-12.9pt)、2号艇のモーター2連率が有利(+8.4pt) / [候補2]3号艇のsession_exh_rel_avgが不利(-21.7pt)、3号艇のモーター2連率が有利(+8.2pt) / [除外]6号艇のsession_exh_rel_avgが不利(-7.1pt)、5号艇のsession_exh_rel_avgが不利(-6.2pt)、天気+5.8pt
83,21,芦屋,5,10:32,0.8156930913998033,2,0.26586880643646305,4,0.26210559507062653,0.4306650717452788,0.23743966917702172,0.29053473233006777,0.307956705151722,0.38862596992071546,1-2,1-4,0.21686734862893445,0.13412251480360968,0.2137977231163444,0.19367789777195143,0.057227591885495505,False,False,True,False,サンライズＺ,2026-09-27,1号艇のdominance,0.3131,1号艇のracer_win_te,0.136,1号艇の全国勝率,0.1236,6号艇のモーター出走数,-0.1201,1号艇のvs_max234_diff,0.1091,1号艇vs2号艇のlocal_win_rate差,0.1358,1号艇vs2号艇のplace_rate差,-0.0773,2号艇の全国勝率,-0.0642,2号艇のwin_rate_rank_2to6,-0.0633,2号艇の直近平均着順,-0.0631,4号艇のwin_rate_rank_2to6,-0.1272,4号艇のsession_exh_rel_avg,0.109,1号艇vs4号艇のcumulative差,-0.1005,4号艇の全国勝率,-0.0866,1号艇のモーター出走数,0.0666,0.108,南東 1.3m/s,[逃げ]1号艇のdominanceが有利(+31.3pt)、1号艇のracer_win_teが有利(+13.6pt) / [2着]1号艇vs2号艇のlocal_win_rate差が有利(+13.6pt)、1号艇vs2号艇のplace_rate差が不利(-7.7pt) / [候補2]4号艇のwin_rate_rank_2to6が不利(-12.7pt)、4号艇のsession_exh_rel_avgが有利(+10.9pt) / [除外]1号艇の当地勝率が不利(-15.3pt)、5号艇のsession_exh_rel_avgが不利(-5.1pt)、天気+10.8pt
84,19,下関,1,15:20,0.7381842226789341,3,0.3093673883237633,2,0.30926540738546904,0.45666496942431556,0.2826868080817656,0.33594598762746675,0.30175317434113536,0.4204492748852609,1-3,1-2,0.22829484435232636,0.2283701250719892,0.2086749416854272,0.07087554912605834,0.0019687605525421014,True,False,False,False,予選,2026-09-27,1号艇のdominance,0.1802,1号艇の年齢,-0.1405,1号艇のvs_max234_diff,0.0861,1号艇の級別順位,0.0701,1号艇の全国勝率,-0.0632,3号艇のsession_exh_rel_avg,-0.0944,3号艇のwin_rate_rank_2to6,-0.0602,1号艇vs3号艇のcumulative差,-0.0555,3号艇の節間得点,-0.053,場特性:1x_diff_course3,0.0521,2号艇のwin_rate_rank_2to6,-0.1348,2号艇の節間得点,-0.079,2号艇のsession_avg_finish,-0.0616,2号艇のsession_exh_rel_avg,-0.0606,second_best_win_rate,0.05,0.0367,南西 1.4m/s,[逃げ]1号艇のdominanceが有利(+18.0pt)、1号艇の年齢が不利(-14.1pt) / [2着]3号艇のsession_exh_rel_avgが不利(-9.4pt)、3号艇のwin_rate_rank_2to6が不利(-6.0pt) / [候補2]2号艇のwin_rate_rank_2to6が不利(-13.5pt)、2号艇の節間得点が不利(-7.9pt) / [除外]6号艇の全国勝率が不利(-15.9pt)、6号艇のracer_win_teが不利(-15.2pt)、天気+3.7pt
85,08,常滑,2,11:05,0.4273076545012207,2,0.61102270423153,5,0.19537613896915929,0.34458039828058423,0.10733375130364686,0.6990650918970425,0.30019827015279243,0.4509258063655217,1-2,1-5,0.26109467859216823,0.03481626610973717,0.04586453351837868,0.083485719688416,0.002046461567036454,True,True,False,False,一般,2026-09-27,1号艇のracer_win_te,-0.1206,1号艇のdominance,-0.0956,5号艇の節間得点,-0.0905,1号艇の級別順位,-0.0903,1号艇の節間得点,0.0877,2号艇のwin_rate_rank_2to6,0.2267,2号艇のsession_exh_rel_avg,0.0789,2号艇の全国勝率,0.0586,2号艇のclass_rank_2to6,0.0548,3号艇のracer_win_te,0.0445,5号艇のwin_rate_rank_2to6,0.1401,5号艇の年齢,-0.1086,5号艇のclass_rank_2to6,0.0911,5号艇の節間得点,0.0854,5号艇のsession_rank_diff_delta,0.0556,0.0191,南 1.4m/s,[逃げ]1号艇のracer_win_teが不利(-12.1pt)、1号艇のdominanceが不利(-9.6pt) / [2着]2号艇のwin_rate_rank_2to6が有利(+22.7pt)、2号艇のsession_exh_rel_avgが有利(+7.9pt) / [候補2]5号艇のwin_rate_rank_2to6が有利(+14.0pt)、5号艇の年齢が不利(-10.9pt) / [除外]6号艇の全国勝率が不利(-14.6pt)、6号艇の直近平均着順が不利(-10.8pt)、天気+1.9pt
86,19,下関,8,18:45,0.3905882755348588,3,0.5473905426310566,2,0.30118661261972257,0.331444287727678,0.0827127109268268,0.7658644443239524,0.298546701056677,0.46177033470656026,1-3,1-2,0.11763995963732299,0.213804328090355,0.024347762380278675,0.032306615125722554,0.0024896103011796053,True,False,False,False,予選,2026-09-27,3号艇のracer_win_te,-0.1601,3号艇のsession_exh_rel_avg,-0.1588,場特性:in_escape_diff,0.1223,1号艇vs3号艇のcumulative差,-0.0882,3号艇のsession_exh_rel_last,-0.0868,3号艇のwin_rate_rank_2to6,0.1863,3号艇のsession_exh_rel_avg,0.1219,3号艇の当地勝率,0.0945,3号艇のモーター2連率,0.0663,3号艇のracer_win_te,0.0631,2号艇のsession_exh_rel_avg,0.068,3号艇のracer_avgfin_te,0.0557,2号艇のwin_rate_rank_2to6,-0.0536,2号艇のclass_rank_2to6,-0.0466,2号艇のsession_avg_finish,0.0449,0.0632,南西 2.0m/s,[逃げ]3号艇のracer_win_teが不利(-16.0pt)、3号艇のsession_exh_rel_avgが不利(-15.9pt) / [2着]3号艇のwin_rate_rank_2to6が有利(+18.6pt)、3号艇のsession_exh_rel_avgが有利(+12.2pt) / [候補2]2号艇のsession_exh_rel_avgが有利(+6.8pt)、3号艇のracer_avgfin_teが有利(+5.6pt) / [除外]3号艇のracer_avgfin_teが不利(-9.2pt)、6号艇のwin_rate_rank_2to6が不利(-7.8pt)、天気+6.3pt
87,22,福岡,8,15:14,0.601523491727484,2,0.3610489692847513,3,0.2921854436858588,0.3929358450066346,0.20276963759914646,0.45046477537146357,0.29732529433658295,0.41019452411608326,1-2,1-3,0.2171794366887727,0.17575640831786193,0.1219707004249551,0.07414785260963282,0.012469104890509572,True,False,False,False,一般戦,2026-09-27,1号艇のdominance,0.1555,1号艇の勝率順位,0.0828,ST差分(4-3),-0.0733,1号艇の級別順位,0.0668,1号艇のsession_exh_rel_avg,-0.0661,2号艇のwin_rate_rank_2to6,0.1375,2号艇の当地2連率,0.0483,場特性:1x_diff_course2,0.0443,1号艇の体重,-0.044,2号艇のcumulative_diff_rank_2to6,-0.0419,3号艇の節間得点,-0.0486,3号艇のcumulative_diff_rank_2to6,-0.0475,2号艇の節間得点,0.0418,3号艇のwin_rate_rank_2to6,0.0418,場特性:1x_diff_course3,0.0397,0.0793,南 1.5m/s,[逃げ]1号艇のdominanceが有利(+15.6pt)、1号艇の勝率順位が有利(+8.3pt) / [2着]2号艇のwin_rate_rank_2to6が有利(+13.7pt)、2号艇の当地2連率が有利(+4.8pt) / [候補2]3号艇の節間得点が不利(-4.9pt)、3号艇のcumulative_diff_rank_2to6が不利(-4.8pt) / [除外]6号艇のwin_rate_rank_2to6が不利(-7.9pt)、1号艇vs6号艇の枠別平均ST差が不利(-5.2pt)、天気+7.9pt
88,19,下関,12,20:35,0.5041885576107856,2,0.4588789708937616,3,0.2639390516069042,0.36443657617969105,0.15635636528335356,0.5664616572173122,0.2960582020663713,0.4250441004909774,1-2,1-3,0.23136152645284735,0.13307504972684372,0.07883309028547915,0.04306752591926941,0.017851367104594743,False,False,False,False,一般シーボー,2026-09-27,1号艇の女子戦比率,-0.1436,1号艇vs2号艇のcumulative差,-0.1193,1号艇のracer_win_te,-0.1121,1号艇のsession_exh_rel_avg,-0.0945,1号艇の節間得点,-0.0938,2号艇のwin_rate_rank_2to6,0.1594,2号艇のsession_exh_rel_avg,-0.0493,3号艇の全国勝率,-0.0478,second_best_win_rate,0.0423,avg_entry_count,-0.0419,3号艇のsession_exh_rel_avg,0.0753,3号艇のwin_rate_rank_2to6,-0.0658,3号艇のcumulative_diff_rank_2to6,-0.0553,3号艇の当地勝率,-0.0504,3号艇のモーター2連率,0.0491,0.1152,南西 1.5m/s,[逃げ]1号艇の女子戦比率が不利(-14.4pt)、1号艇vs2号艇のcumulative差が不利(-11.9pt) / [2着]2号艇のwin_rate_rank_2to6が有利(+15.9pt)、2号艇のsession_exh_rel_avgが不利(-4.9pt) / [候補2]3号艇のsession_exh_rel_avgが有利(+7.5pt)、3号艇のwin_rate_rank_2to6が不利(-6.6pt) / [除外]6号艇のracer_win_teが不利(-13.1pt)、6号艇のwin_rate_rank_2to6が不利(-8.5pt)、天気+11.5pt
89,20,若松,3,15:56,0.7237754467679246,3,0.28438207596373005,5,0.2563439794475589,0.3913642423343632,0.20342740293326073,0.3372986524780282,0.29582718863153584,0.37514456537746266,1-3,1-5,0.1450944317690361,0.2058287640834386,0.1472357594428594,0.18553547825092462,0.04008101322166591,True,False,False,False,一般戦,2026-09-27,1号艇のdominance,0.1638,1号艇のsession_exh_rel_avg,-0.1171,1号艇のracer_win_te,0.104,風速区分,0.0989,1号艇の勝率順位,0.0721,3号艇のwin_rate_rank_2to6,0.1912,4号艇のsession_rank_diff_last,-0.1091,3号艇の節間得点,-0.0691,3号艇のcumulative_diff_rank_2to6,-0.0481,3号艇の当地勝率,-0.0392,5号艇のsession_exh_rel_avg,0.1015,5号艇のモーター2連率,0.0908,5号艇のracer_avgfin_te,0.09,5号艇の年齢,0.0786,5号艇のclass_rank_2to6,-0.0583,0.0708,南西 1.3m/s,[逃げ]1号艇のdominanceが有利(+16.4pt)、1号艇のsession_exh_rel_avgが不利(-11.7pt) / [2着]3号艇のwin_rate_rank_2to6が有利(+19.1pt)、4号艇のsession_rank_diff_lastが不利(-10.9pt) / [候補2]5号艇のsession_exh_rel_avgが有利(+10.2pt)、5号艇のモーター2連率が有利(+9.1pt) / [除外]6号艇の女子戦比率が不利(-6.3pt)、天気+7.1pt
90,09,津,9,14:30,0.5543357748028288,2,0.4549488819824321,3,0.24530602470887067,0.3881763462602059,0.20779474465560804,0.4924601620356947,0.29138314055722225,0.41946149099285257,1-2,1-3,0.25219444098941224,0.13598190527079368,0.11518806077862245,0.048042020803636905,0.002929338958249497,True,True,False,False,一般,2026-09-27,1号艇のdominance,0.3588,1号艇の女子戦比率,-0.1458,1号艇のsession_exh_rel_avg,-0.1181,1号艇vs2号艇のcumulative差,-0.1141,6号艇のモーター出走数,-0.08,2号艇の節間得点,0.0982,2号艇のsession_exh_rel_avg,0.0813,2号艇のwin_rate_rank_2to6,0.0657,2号艇のracer_avgfin_te,-0.057,3号艇のモーター出走数,0.0547,6号艇のモーター出走数,0.111,3号艇のsession_exh_rel_avg,-0.0733,3号艇のwin_rate_rank_2to6,-0.0629,3号艇の当地勝率,-0.0477,3号艇の節間得点,-0.0388,0.0293,南 1.8m/s,[逃げ]1号艇のdominanceが有利(+35.9pt)、1号艇の女子戦比率が不利(-14.6pt) / [2着]2号艇の節間得点が有利(+9.8pt)、2号艇のsession_exh_rel_avgが有利(+8.1pt) / [候補2]6号艇のモーター出走数が有利(+11.1pt)、3号艇のsession_exh_rel_avgが不利(-7.3pt) / [除外]6号艇の直近平均着順が不利(-16.1pt)、6号艇の全国勝率が不利(-12.5pt)、天気+2.9pt
91,08,常滑,3,11:33,0.39937545019855214,2,0.5377702349253989,4,0.29263849984626944,0.33164486229824514,0.10147493110821054,0.7289338036634578,0.29126049483331745,0.45083154470780895,1-2,1-4,0.21477222967671233,0.04052659629520865,0.11687263262153279,0.018230480884913594,0.008973510348237422,True,True,False,False,一般,2026-09-27,1号艇のdominance,-0.1468,1号艇のsession_exh_rel_avg,0.1348,1号艇の年齢,-0.1163,1号艇の級別順位,-0.1029,ST差分(4-3),-0.0868,2号艇のwin_rate_rank_2to6,0.2049,2号艇のclass_rank_2to6,0.1167,3号艇のracer_2nd_te,0.1065,3号艇の全国勝率,-0.0612,2号艇の全国勝率,0.0592,win_rate_gap_top2_2to6,-0.319,4号艇のwin_rate_rank_2to6,0.1585,2号艇のsession_exh_rel_delta,0.1311,4号艇のsession_exh_rel_avg,0.0845,4号艇のclass_rank_2to6,0.0623,-0.0072,南東 1.8m/s,[逃げ]1号艇のdominanceが不利(-14.7pt)、1号艇のsession_exh_rel_avgが有利(+13.5pt) / [2着]2号艇のwin_rate_rank_2to6が有利(+20.5pt)、2号艇のclass_rank_2to6が有利(+11.7pt) / [候補2]win_rate_gap_top2_2to6が不利(-31.9pt)、4号艇のwin_rate_rank_2to6が有利(+15.8pt) / [除外]3号艇のracer_2nd_teが不利(-8.7pt)、6号艇のwin_rate_rank_2to6が不利(-6.9pt)、天気-0.7pt
92,20,若松,6,17:23,0.6958871381570026,2,0.33415046023647865,3,0.2501207648047745,0.40658683070144375,0.2390666286439102,0.34520459639734297,0.289945219261276,0.3881721604102135,1-2,1-3,0.23253100748780844,0.1740558232136353,0.09326634219816131,0.1663633920358536,0.02967056544439923,True,False,False,False,一般戦,2026-09-27,1号艇のdominance,0.1747,1号艇の全国勝率,0.082,1号艇のsession_exh_rel_avg,-0.0811,風速区分,0.0793,1号艇のracer_win_te,0.0741,2号艇のwin_rate_rank_2to6,0.169,2号艇のclass_rank_2to6,-0.0631,2号艇の体重,-0.0557,2号艇の全国勝率,0.053,2号艇のsession_exh_rel_avg,0.0471,3号艇のsession_exh_rel_avg,-0.1583,3号艇のwin_rate_rank_2to6,-0.1012,3号艇の女子戦勝率,0.0755,6号艇のsession_rank_diff_delta,-0.067,全艇平均勝率,-0.05,0.0847,西 1.7m/s,[逃げ]1号艇のdominanceが有利(+17.5pt)、1号艇の全国勝率が有利(+8.2pt) / [2着]2号艇のwin_rate_rank_2to6が有利(+16.9pt)、2号艇のclass_rank_2to6が不利(-6.3pt) / [候補2]3号艇のsession_exh_rel_avgが不利(-15.8pt)、3号艇のwin_rate_rank_2to6が不利(-10.1pt) / [除外]6号艇のsession_exh_rel_avgが不利(-6.2pt)、天気+8.5pt
93,09,津,4,11:57,0.42060820817363054,4,0.5312366759520519,3,0.25744554747112036,0.33172621681241543,0.11329800861356204,0.6753842148096103,0.2866255130887066,0.43482361621157384,1-4,1-3,0.04765407239259089,0.10828371042410728,0.22344250638830818,0.038813105227179644,0.002414822359326793,True,True,False,False,一般,2026-09-27,1号艇のdominance,-0.3084,1号艇のvs_max234_diff,-0.1227,1号艇のracer_win_te,-0.1187,1号艇の節間得点,0.1129,1号艇の級別順位,-0.1045,4号艇のwin_rate_rank_2to6,0.2262,4号艇の全国勝率,0.1416,4号艇のclass_rank_2to6,0.1297,4号艇の節間得点,0.1242,4号艇のsession_exh_rel_avg,0.0832,3号艇のsession_exh_rel_avg,0.1151,6号艇のsession_rank_diff_delta,-0.0758,1号艇のvs_max234_diff,-0.0628,3号艇のwin_rate_rank_2to6,0.0478,local_win_rateの分散(2-6号艇),-0.0471,0.0527,南東 1.6m/s,[逃げ]1号艇のdominanceが不利(-30.8pt)、1号艇のvs_max234_diffが不利(-12.3pt) / [2着]4号艇のwin_rate_rank_2to6が有利(+22.6pt)、4号艇の全国勝率が有利(+14.2pt) / [候補2]3号艇のsession_exh_rel_avgが有利(+11.5pt)、6号艇のsession_rank_diff_deltaが不利(-7.6pt) / [除外]5号艇の直近平均着順が不利(-18.9pt)、ST差分(6-5)が不利(-9.1pt)、天気+5.3pt
94,08,常滑,4,12:02,0.4735526494948945,2,0.5488175786214395,3,0.15195329405944627,0.33185190344688287,0.14107648930063943,0.5596943833802464,0.27567210163965766,0.4002046474268919,1-2,1-3,0.25989401844555526,0.07195788500132759,0.06680714528975594,0.06489936254260348,0.00999423468741006,True,True,False,False,一般,2026-09-27,1号艇の年齢,-0.1261,1号艇のdominance,-0.0971,1号艇のsession_exh_rel_avg,-0.0863,1号艇の級別順位,-0.0669,1号艇の全国勝率,-0.065,2号艇のwin_rate_rank_2to6,0.2245,2号艇のclass_rank_2to6,0.1188,2号艇の枠別出走数,-0.0907,2号艇のsession_exh_rel_avg,-0.0813,2号艇の全国勝率,0.051,3号艇のsession_exh_rel_avg,-0.101,3号艇の節間得点,-0.0982,3号艇のwin_rate_rank_2to6,-0.0963,4号艇のモーター出走数,-0.0799,3号艇の当地勝率,-0.0469,0.0316,南東 2.8m/s,[逃げ]1号艇の年齢が不利(-12.6pt)、1号艇のdominanceが不利(-9.7pt) / [2着]2号艇のwin_rate_rank_2to6が有利(+22.5pt)、2号艇のclass_rank_2to6が有利(+11.9pt) / [候補2]3号艇のsession_exh_rel_avgが不利(-10.1pt)、3号艇の節間得点が不利(-9.8pt) / [除外]4号艇のwin_rate_rank_2to6が不利(-5.5pt)、2号艇のracer_2nd_teが不利(-5.3pt)、天気+3.2pt
95,19,下関,2,15:48,0.41267181433849276,3,0.45871915589803014,2,0.32831565221420456,0.3247870822112234,0.1270717948474953,0.6599630132647394,0.27526154923539,0.42533986152727815,1-3,1-2,0.13548661587496139,0.18930046633626202,0.05243894813096463,0.032980002786867475,0.002465775156230685,True,False,False,False,予選,2026-09-27,1号艇のracer_win_te,-0.1348,6号艇のモーター2連率,-0.1091,場特性:in_escape_diff,0.1049,1号艇の一般戦勝率,-0.0958,風速区分,0.0904,3号艇のwin_rate_rank_2to6,0.2368,3号艇のsession_exh_rel_avg,0.1437,3号艇の当地勝率,0.1133,3号艇のclass_rank_2to6,0.0662,場特性:1x_diff_course3,0.0607,2号艇の女子戦比率,-0.0973,2号艇のsession_exh_rel_avg,0.0805,6号艇のsession_exh_rel_last,-0.0565,2号艇のwin_rate_rank_2to6,0.0529,1号艇の直近複勝率,0.051,0.0584,南西 1.0m/s,[逃げ]1号艇のracer_win_teが不利(-13.5pt)、6号艇のモーター2連率が不利(-10.9pt) / [2着]3号艇のwin_rate_rank_2to6が有利(+23.7pt)、3号艇のsession_exh_rel_avgが有利(+14.4pt) / [候補2]2号艇の女子戦比率が不利(-9.7pt)、2号艇のsession_exh_rel_avgが有利(+8.0pt) / [除外]6号艇の全国勝率が不利(-17.0pt)、6号艇のwin_rate_rank_2to6が不利(-11.3pt)、天気+5.8pt
96,15,丸亀,10,19:21,0.41295094535516985,2,0.43182267656772594,3,0.35676917820107124,0.3256497519261616,0.1331899494028212,0.6554019053659759,0.27360182314765746,0.42457539795810584,1-2,1-3,0.1783215825144422,0.14732816941171942,0.055000915517702254,0.026109143030640585,0.006191132957712732,True,False,False,False,蒼月まるる特,2026-09-27,1号艇の年齢,-0.1339,2号艇のsession_exh_rel_avg,-0.0938,1号艇の級別順位,-0.0891,1号艇のsession_avg_finish,-0.0648,1号艇のdominance,-0.0646,2号艇のsession_exh_rel_avg,0.1016,2号艇のwin_rate_rank_2to6,0.0851,2号艇のclass_rank_2to6,0.0724,2号艇の全国勝率,0.0561,2号艇のモーター2連率,0.0537,3号艇のwin_rate_rank_2to6,0.1958,3号艇の当地勝率,0.0956,3号艇のsession_exh_rel_avg,0.0812,3号艇のclass_rank_2to6,0.0526,3号艇のcumulative_diff_rank_2to6,-0.0419,0.0979,南東 1.1m/s,[逃げ]1号艇の年齢が不利(-13.4pt)、2号艇のsession_exh_rel_avgが不利(-9.4pt) / [2着]2号艇のsession_exh_rel_avgが有利(+10.2pt)、2号艇のwin_rate_rank_2to6が有利(+8.5pt) / [候補2]3号艇のwin_rate_rank_2to6が有利(+19.6pt)、3号艇の当地勝率が有利(+9.6pt) / [除外]6号艇のwin_rate_rank_2to6が不利(-8.6pt)、6号艇のvs_avg456_diffが不利(-5.0pt)、天気+9.8pt
97,15,丸亀,7,18:01,0.6430714125828055,3,0.2973909031078062,5,0.2692120829962291,0.36436618264755777,0.20965599666384674,0.35694698944018866,0.27269631643926784,0.362140424685347,1-3,1-5,0.1348237779310759,0.1912435881508132,0.07418347388607033,0.17312259449674455,0.0696979781181016,True,False,False,False,ざるうどん７,2026-09-27,1号艇のsession_exh_rel_avg,0.1415,1号艇のvs_max234_diff,0.0897,2号艇のモーター2連率,-0.0832,風速区分,0.072,1号艇のdominance,-0.0685,3号艇のsession_exh_rel_avg,0.1607,3号艇の年齢,-0.12,6号艇のsession_rank_diff_last,0.0972,3号艇の一般戦2連率,0.0677,2号艇のモーター2連率,0.0507,5号艇のclass_rank_2to6,0.1092,5号艇のsession_exh_rel_avg,0.0987,1号艇のsession_exh_rel_avg,0.0827,5号艇のモーター2連率,0.0827,1号艇vs6号艇の直近複勝率差,0.0781,0.0563,東 0.8m/s,[逃げ]1号艇のsession_exh_rel_avgが有利(+14.1pt)、1号艇のvs_max234_diffが有利(+9.0pt) / [2着]3号艇のsession_exh_rel_avgが有利(+16.1pt)、3号艇の年齢が不利(-12.0pt) / [候補2]5号艇のclass_rank_2to6が有利(+10.9pt)、5号艇のsession_exh_rel_avgが有利(+9.9pt) / [除外]4号艇のwin_rate_rank_2to6が不利(-5.1pt)、天気+5.6pt
98,15,丸亀,6,17:34,0.4003634394117138,4,0.451274453230065,3,0.33888254177994104,0.3163499721974304,0.115452780310316,0.67470421469969,0.272521791587889,0.42385624494810825,1-4,1-3,0.03700073049920795,0.135676179983601,0.1806737922138294,0.04622307221468311,0.0007896702798387531,True,False,False,False,かけうどん６,2026-09-27,1号艇のdominance,-0.2427,4号艇のsession_exh_rel_avg,-0.1995,6号艇の枠別出走数,-0.1361,1号艇のvs_max234_diff,-0.1066,1号艇のsession_exh_rel_avg,0.0917,4号艇のwin_rate_rank_2to6,0.2566,4号艇の直近1着率,-0.2236,4号艇のclass_rank_2to6,0.1725,4号艇の全国勝率,0.1573,4号艇のsession_exh_rel_avg,0.1235,4号艇の全国2連率,-0.1228,3号艇のwin_rate_rank_2to6,0.08,3号艇のclass_rank_2to6,0.0553,2号艇のvs_boat3_diff,0.0548,3号艇の年齢,-0.0422,0.0403,東 1.0m/s,[逃げ]1号艇のdominanceが不利(-24.3pt)、4号艇のsession_exh_rel_avgが不利(-19.9pt) / [2着]4号艇のwin_rate_rank_2to6が有利(+25.7pt)、4号艇の直近1着率が不利(-22.4pt) / [候補2]4号艇の全国2連率が不利(-12.3pt)、3号艇のwin_rate_rank_2to6が有利(+8.0pt) / [除外]6号艇の直近平均着順が不利(-18.4pt)、6号艇のvs_avg456_diffが不利(-12.5pt)、天気+4.0pt
99,15,丸亀,5,17:06,0.5187435229555635,4,0.473279309336423,3,0.23777063490983302,0.36885255307565984,0.2179831561111132,0.4930667881351428,0.27236818068477076,0.40611682359350465,1-4,1-3,0.11307735034605143,0.12334197680850786,0.24551057626715198,0.016273540695205896,0.02054007400747076,True,False,False,False,予選,2026-09-27,1号艇のsession_exh_rel_avg,0.1231,1号艇のracer_win_te,-0.1048,1号艇のdominance,-0.0946,1号艇の級別順位,-0.0927,1号艇の直近1着率,-0.0813,4号艇のwin_rate_rank_2to6,0.1787,4号艇のclass_rank_2to6,0.1746,4号艇のracer_win_te,0.075,4号艇のsession_exh_rel_avg,0.0747,4号艇のモーター2連率,0.0706,3号艇のsession_exh_rel_avg,-0.1569,3号艇のwin_rate_rank_2to6,0.0723,3号艇のcumulative_diff_rank_2to6,-0.0442,3号艇の全国勝率,0.0411,3号艇のsession_exh_rel_last,-0.0409,0.0339,東 1.2m/s,[逃げ]1号艇のsession_exh_rel_avgが有利(+12.3pt)、1号艇のracer_win_teが不利(-10.5pt) / [2着]4号艇のwin_rate_rank_2to6が有利(+17.9pt)、4号艇のclass_rank_2to6が有利(+17.5pt) / [候補2]3号艇のsession_exh_rel_avgが不利(-15.7pt)、3号艇のwin_rate_rank_2to6が有利(+7.2pt) / [除外]6号艇の女子戦比率が不利(-8.6pt)、6号艇のwin_rate_rank_2to6が不利(-7.8pt)、天気+3.4pt
100,11,琵琶湖,5,12:19,0.4554362197673588,2,0.3695294358245068,3,0.34414587918321515,0.3250335876083959,0.14562184149481378,0.5680534735129081,0.2682352001181553,0.3979395533797495,1-2,1-3,0.1682970893446782,0.1567364982637177,0.04943540978969488,0.0663214610059595,0.0146457647565728,True,True,False,False,一般,2026-09-27,1号艇のdominance,-0.1545,6号艇の枠別出走数,-0.1053,1号艇の節間得点,0.0823,1号艇の級別順位,-0.0748,1号艇vs2号艇のcumulative差,0.0746,2号艇のwin_rate_rank_2to6,-0.12,2号艇のsession_exh_rel_avg,0.0907,2号艇の全国勝率,0.0565,2号艇のclass_rank_2to6,0.0354,2号艇のモーター2連率,-0.0319,3号艇のwin_rate_rank_2to6,0.0586,場特性:1x_diff_course3,-0.0373,3号艇のモーター2連率,0.0323,5号艇の直近平均着順,-0.0255,1号艇vs3号艇のcumulative差,-0.0235,0.0368,南東 1.3m/s,[逃げ]1号艇のdominanceが不利(-15.5pt)、6号艇の枠別出走数が不利(-10.5pt) / [2着]2号艇のwin_rate_rank_2to6が不利(-12.0pt)、2号艇のsession_exh_rel_avgが有利(+9.1pt) / [候補2]3号艇のwin_rate_rank_2to6が有利(+5.9pt)、場特性:1x_diff_course3が不利(-3.7pt)、天気+3.7pt
101,03,江戸川,4,12:35,0.4336288950229137,3,0.5750893094327725,5,0.15082613022451835,0.3147779099786636,0.13442678356671023,0.5914886560905807,0.2640004116071238,0.39779113381223874,1-3,1-5,0.05829133761951693,0.24937534178882362,0.04962634239852698,0.06540256818983997,0.010933299372328842,True,True,False,False,予選,2026-09-27,場特性:in_escape_diff,-0.1283,1号艇のsession_exh_rel_avg,0.1165,2号艇の平均ST,-0.0699,1号艇vs4号艇の枠別平均ST差,-0.065,1号艇のモーター2連率順位,-0.0634,3号艇のwin_rate_rank_2to6,0.1868,3号艇のsession_exh_rel_avg,0.0824,2号艇のvs_boat3_diff,0.0619,3号艇の当地勝率,0.0578,3号艇のclass_rank_2to6,0.0526,5号艇のsession_exh_rel_avg,-0.1942,5号艇のclass_rank_2to6,0.1158,5号艇のwin_rate_rank_2to6,0.0845,1号艇vs4号艇の勝率差,0.0677,5号艇のsession_rank_diff_last,0.062,0.0098,北東 0.7m/s,[逃げ]場特性:in_escape_diffが不利(-12.8pt)、1号艇のsession_exh_rel_avgが有利(+11.6pt) / [2着]3号艇のwin_rate_rank_2to6が有利(+18.7pt)、3号艇のsession_exh_rel_avgが有利(+8.2pt) / [候補2]5号艇のsession_exh_rel_avgが不利(-19.4pt)、5号艇のclass_rank_2to6が有利(+11.6pt) / [除外]4号艇のwin_rate_rank_2to6が不利(-6.0pt)、2号艇のwin_rate_rank_2to6が不利(-5.8pt)、天気+1.0pt
102,03,江戸川,11,15:53,0.6305622651751592,4,0.29691463664746004,2,0.2507188872264556,0.34531703529979085,0.21171165922888757,0.33592186464502805,0.257587864295808,0.342498484103362,1-4,1-2,0.1580938694517091,0.13349738340735876,0.18722316584808174,0.10853841321863916,0.04320944969256287,True,False,False,False,予選特選,2026-09-27,1号艇のdominance,0.3294,1号艇のsession_exh_rel_avg,-0.2424,場特性:in_escape_diff,-0.1221,1号艇のvs_max234_diff,0.1041,4号艇のsession_exh_rel_avg,-0.1019,2号艇の体重,0.1639,4号艇のモーター2連率,0.1055,4号艇のsession_exh_rel_avg,0.1039,4号艇のwin_rate_rank_2to6,0.0612,3号艇の女子戦2連率,-0.0554,2号艇のsession_exh_rel_avg,-0.1385,2号艇のwin_rate_rank_2to6,-0.1333,6号艇のsession_exh_rel_avg,0.0591,レース時間帯,-0.058,2号艇のsession_avg_finish,0.0537,0.0593,南東 0.9m/s,[逃げ]1号艇のdominanceが有利(+32.9pt)、1号艇のsession_exh_rel_avgが不利(-24.2pt) / [2着]2号艇の体重が有利(+16.4pt)、4号艇のモーター2連率が有利(+10.5pt) / [候補2]2号艇のsession_exh_rel_avgが不利(-13.8pt)、2号艇のwin_rate_rank_2to6が不利(-13.3pt)、天気+5.9pt
103,19,下関,6,17:44,0.4434252141351528,2,0.5491238070911435,5,0.20560743003856607,0.33466686043873023,0.1921794330820742,0.5625518040476354,0.25748755542616286,0.4030323435214017,1-2,1-5,0.24349534174610063,0.08521720626679101,0.021533753418009532,0.09117151869262961,0.002007382964623348,True,False,False,False,予選,2026-09-27,1号艇のdominance,-0.1373,場特性:in_escape_diff,0.1052,風速区分,0.1002,5号艇の節間得点,-0.0817,1号艇vs2号艇のcumulative差,-0.0738,2号艇のwin_rate_rank_2to6,0.2411,2号艇のclass_rank_2to6,0.1161,2号艇のsession_exh_rel_avg,-0.085,場特性:in_escape_diff,0.0535,2号艇の節間得点,0.0529,5号艇のwin_rate_rank_2to6,0.1455,5号艇のclass_rank_2to6,0.1435,5号艇のsession_exh_rel_avg,0.1337,avg_456_win_rate,-0.1078,3号艇のsession_exh_rel_delta,0.0957,0.1283,西 1.5m/s,[逃げ]1号艇のdominanceが不利(-13.7pt)、場特性:in_escape_diffが有利(+10.5pt) / [2着]2号艇のwin_rate_rank_2to6が有利(+24.1pt)、2号艇のclass_rank_2to6が有利(+11.6pt) / [候補2]5号艇のwin_rate_rank_2to6が有利(+14.6pt)、5号艇のclass_rank_2to6が有利(+14.3pt) / [除外]6号艇の全国勝率が不利(-17.1pt)、6号艇の直近平均着順が不利(-12.5pt)、天気+12.8pt
104,02,戸田,11,15:55,0.4510479560216427,2,0.36491610890096177,3,0.3193516399503125,0.30863756949089804,0.1390051687410242,0.5452625801102501,0.2571549085786158,0.37962507267670365,1-2,1-3,0.16459466503915,0.14404290445174803,0.047679073938846996,0.06269799723708251,0.03203331367453061,True,False,False,False,戸田特選,2026-09-27,場特性:in_escape_diff,-0.1793,1号艇のvs_max234_diff,0.0831,3号艇のsession_exh_rel_avg,-0.0746,風速区分,0.0723,レース時間帯,0.0659,2号艇のwin_rate_rank_2to6,-0.1195,2号艇の節間得点,0.0801,レース時間帯,-0.079,2号艇のsession_exh_rel_avg,-0.0598,2号艇のsession_avg_finish,0.0573,3号艇のsession_exh_rel_avg,0.1523,3号艇のwin_rate_rank_2to6,-0.0687,3号艇のモーター2連率,-0.0506,6号艇のモーター2連率,0.0458,3号艇のcumulative_diff_rank_2to6,0.0375,0.0288,南 0.6m/s,[逃げ]場特性:in_escape_diffが不利(-17.9pt)、1号艇のvs_max234_diffが有利(+8.3pt) / [2着]2号艇のwin_rate_rank_2to6が不利(-12.0pt)、2号艇の節間得点が有利(+8.0pt) / [候補2]3号艇のsession_exh_rel_avgが有利(+15.2pt)、3号艇のwin_rate_rank_2to6が不利(-6.9pt) / [除外]6号艇のsession_exh_rel_avgが不利(-9.0pt)、4号艇のwin_rate_rank_2to6が不利(-5.3pt)、天気+2.9pt
105,03,江戸川,7,13:56,0.48230678404966476,3,0.3440129430479726,2,0.3026354142701755,0.3118828896291145,0.14684751707670674,0.49980084024144134,0.2569238160762216,0.3682582748128125,1-3,1-2,0.14596311339618637,0.16591977623292814,0.04974122277943737,0.07082555370694466,0.04985711254396993,True,True,False,False,予選,2026-09-27,1号艇のsession_exh_rel_avg,-0.1365,3号艇のsession_exh_rel_avg,-0.1308,場特性:in_escape_diff,-0.1125,1号艇のdominance,0.1027,風速区分,0.0837,3号艇のsession_exh_rel_avg,0.1017,3号艇のモーター2連率,0.085,6号艇のracer_2nd_te,-0.0709,3号艇のsession_exh_rel_last,0.0635,5号艇のsession_rank_diff_last,0.0511,2号艇のwin_rate_rank_2to6,-0.1323,2号艇のsession_exh_rel_avg,-0.1196,2号艇のモーター2連率,0.0754,3号艇の女子戦2連率,-0.0509,1号艇のsession_exh_rel_avg,-0.0503,0.0383,南西 0.4m/s,[逃げ]1号艇のsession_exh_rel_avgが不利(-13.6pt)、3号艇のsession_exh_rel_avgが不利(-13.1pt) / [2着]3号艇のsession_exh_rel_avgが有利(+10.2pt)、3号艇のモーター2連率が有利(+8.5pt) / [候補2]2号艇のwin_rate_rank_2to6が不利(-13.2pt)、2号艇のsession_exh_rel_avgが不利(-12.0pt)、天気+3.8pt
106,22,福岡,6,14:14,0.5267722392495734,2,0.39955384394725224,3,0.24421099675943786,0.339117446689208,0.20928927368526185,0.4344755670214282,0.25394907375530623,0.36772488278887405,1-2,1-3,0.21047387307686866,0.12864357361233938,0.07505926550122617,0.1102477793501022,0.0023477481996317983,True,True,False,False,一般戦,2026-09-27,1号艇のdominance,-0.243,1号艇の年齢,-0.0902,1号艇の級別順位,-0.0899,1号艇のframe_dominance,0.0744,風速区分,0.0708,4号艇の女子戦比率,0.1025,1号艇の年齢,0.0716,2号艇のwin_rate_rank_2to6,0.0676,場特性:1x_diff_course2,0.0521,2号艇の全国勝率,0.0485,3号艇のsession_exh_rel_last,-0.0599,3号艇のsession_exh_rel_avg,-0.0576,3号艇のwin_rate_rank_2to6,-0.0486,5号艇の直近平均着順,0.0436,3号艇のsession_exh_rel_delta,0.0372,0.0643,西 0.3m/s,[逃げ]1号艇のdominanceが不利(-24.3pt)、1号艇の年齢が不利(-9.0pt) / [2着]4号艇の女子戦比率が有利(+10.3pt)、1号艇の年齢が有利(+7.2pt) / [候補2]3号艇のsession_exh_rel_lastが不利(-6.0pt)、3号艇のsession_exh_rel_avgが不利(-5.8pt) / [除外]5号艇の直近平均着順が不利(-31.5pt)、ST差分(6-5)が不利(-9.8pt)、天気+6.4pt
107,15,丸亀,1,15:17,0.4427338601260737,2,0.42362089437773187,3,0.29538238100464653,0.3183270955533308,0.16947614954215012,0.5495271258402283,0.25358847501415327,0.38768710463940004,1-2,1-3,0.18755131379791298,0.1307757817554178,0.07503282988609984,0.04598165140274925,0.0033922728726108707,True,False,False,False,予選,2026-09-27,6号艇の枠別出走数,-0.1918,1号艇のdominance,0.135,3号艇のsession_exh_rel_avg,-0.1144,1号艇のモーター2連率,-0.0885,5号艇の枠別出走数,-0.0872,2号艇のsession_exh_rel_avg,0.0671,5号艇のsession_avg_finish,-0.067,5号艇の年齢,-0.0663,ST差分(6-5),0.0591,2号艇のwin_rate_rank_2to6,0.0452,3号艇のwin_rate_rank_2to6,0.1533,3号艇のsession_exh_rel_avg,0.1145,3号艇の当地勝率,-0.0535,6号艇のracer_2nd_te,-0.0485,3号艇の性別,-0.0466,0.0141,東 2.6m/s,[逃げ]6号艇の枠別出走数が不利(-19.2pt)、1号艇のdominanceが有利(+13.5pt) / [2着]2号艇のsession_exh_rel_avgが有利(+6.7pt)、5号艇のsession_avg_finishが不利(-6.7pt) / [候補2]3号艇のwin_rate_rank_2to6が有利(+15.3pt)、3号艇のsession_exh_rel_avgが有利(+11.4pt) / [除外]5号艇の直近平均着順が不利(-23.1pt)、ST差分(6-5)が不利(-8.6pt)、天気+1.4pt
108,22,福岡,9,15:51,0.414205006576088,2,0.4013732614927933,3,0.3208424901567819,0.2991453801613666,0.12908942880012086,0.5931263228494543,0.2528055726574956,0.3873396629677929,1-2,1-3,0.16625081441608833,0.1328945657452783,0.0510885451801002,0.05346948770505751,0.010501592758046746,True,False,False,False,ペラ坊特選,2026-09-27,1号艇の年齢,-0.6172,4号艇のrecent_race_count,0.1135,4号艇のsession_rank_diff_delta,0.0993,1号艇のsession_exh_rel_avg,-0.0825,1号艇のdominance,0.0764,1号艇の年齢,-0.1076,2号艇のモーター2連率,0.0545,2号艇のclass_rank_2to6,-0.0482,2号艇の当地勝率,-0.0439,4号艇のsession_rank_diff_delta,-0.0405,4号艇のsession_rank_diff_last,-0.0934,3号艇のwin_rate_rank_2to6,0.0767,3号艇のsession_exh_rel_avg,-0.0484,場特性:1x_diff_course3,0.0472,3号艇のcumulative_diff_rank_2to6,-0.043,0.0343,南東 1.8m/s,[逃げ]1号艇の年齢が不利(-61.7pt)、4号艇のrecent_race_countが有利(+11.4pt) / [2着]1号艇の年齢が不利(-10.8pt)、2号艇のモーター2連率が有利(+5.5pt) / [候補2]4号艇のsession_rank_diff_lastが不利(-9.3pt)、3号艇のwin_rate_rank_2to6が有利(+7.7pt) / [除外]6号艇のwin_rate_rank_2to6が不利(-6.8pt)、4号艇のwin_rate_rank_2to6が不利(-5.2pt)、天気+3.4pt
109,21,芦屋,6,11:03,0.4459848927507676,2,0.40829550526342984,3,0.2570356766165363,0.29672765579447813,0.12927415151226718,0.5360570303676989,0.25069659667481187,0.36852646816644435,1-2,1-3,0.1820936271255312,0.11463402866894692,0.05765431859764496,0.03899613580332799,0.05260678587816291,True,True,False,False,予選,2026-09-27,1号艇のdominance,-0.1642,1号艇のsession_exh_rel_avg,-0.1572,1号艇の女子戦比率,-0.1,1号艇の級別順位,-0.0875,1号艇の節間得点,0.0857,2号艇のsession_exh_rel_avg,0.1005,2号艇の女子戦比率,-0.0778,2号艇のclass_rank_2to6,0.0756,3号艇のracer_2nd_te,0.0687,2号艇の体重,-0.0618,3号艇のsession_exh_rel_avg,0.1427,4号艇のモーター出走数,-0.1421,3号艇のwin_rate_rank_2to6,-0.1328,6号艇のモーター出走数,0.0754,場特性:1x_diff_course3,0.0598,0.0851,南東 1.3m/s,[逃げ]1号艇のdominanceが不利(-16.4pt)、1号艇のsession_exh_rel_avgが不利(-15.7pt) / [2着]2号艇のsession_exh_rel_avgが有利(+10.1pt)、2号艇の女子戦比率が不利(-7.8pt) / [候補2]3号艇のsession_exh_rel_avgが有利(+14.3pt)、4号艇のモーター出走数が不利(-14.2pt)、天気+8.5pt
110,03,江戸川,3,12:08,0.5382920064724909,3,0.36866651014622115,2,0.25032225984070533,0.3331967069802018,0.2105289474870587,0.40845982249986784,0.24901964454816689,0.35577564163610165,1-3,1-2,0.1347464715143815,0.1984502354658203,0.07383307890948858,0.11332604956335049,0.01793616299827411,True,True,False,False,予選,2026-09-27,1号艇の年齢,-0.1114,場特性:in_escape_diff,-0.0849,風速区分,0.0706,1号艇の級別順位,-0.0683,1号艇の節間得点,0.0673,3号艇のsession_exh_rel_avg,-0.1504,3号艇のwin_rate_rank_2to6,0.0744,3号艇のモーター2連率,0.0688,風向(度),0.044,場特性:1x_diff_course3,-0.0419,5号艇のsession_rank_diff_last,-0.1787,2号艇のclass_rank_2to6,0.0789,4号艇のモーター出走数,-0.0498,2号艇のモーター2連率,-0.0386,5号艇のsession_exh_rel_last,0.0377,-0.0046,北 1.3m/s,[逃げ]1号艇の年齢が不利(-11.1pt)、場特性:in_escape_diffが不利(-8.5pt) / [2着]3号艇のsession_exh_rel_avgが不利(-15.0pt)、3号艇のwin_rate_rank_2to6が有利(+7.4pt) / [候補2]5号艇のsession_rank_diff_lastが不利(-17.9pt)、2号艇のclass_rank_2to6が有利(+7.9pt) / [除外]6号艇のwin_rate_rank_2to6が不利(-9.2pt)、6号艇のvs_avg456_diffが不利(-6.7pt)、天気-0.5pt
111,20,若松,10,19:28,0.6384395388462529,2,0.29244224550888787,5,0.2574134222576337,0.3510495989608565,0.24864844208485704,0.3012072256816646,0.24630407590949951,0.33609688697709894,1-2,1-5,0.18670669236185705,0.15874699669949535,0.09305764432484735,0.16434290659899944,0.0355852893475633,True,False,False,False,特別選抜戦,2026-09-27,1号艇の節間得点,0.0964,1号艇のsession_exh_rel_avg,-0.094,5号艇のsession_exh_rel_avg,-0.0892,風速区分,0.0872,1号艇のdominance,0.0856,2号艇のwin_rate_rank_2to6,-0.1398,2号艇のsession_exh_rel_avg,0.1098,2号艇のモーター2連率,0.0823,2号艇のclass_rank_2to6,-0.0629,2号艇の全国勝率,0.0627,5号艇のsession_rank_diff_delta,0.2962,5号艇のwin_rate_rank_2to6,0.1817,5号艇の年齢,0.1216,5号艇のsession_exh_rel_avg,0.1089,5号艇の節間得点,0.0895,0.1636,南西 1.8m/s,[逃げ]1号艇の節間得点が有利(+9.6pt)、1号艇のsession_exh_rel_avgが不利(-9.4pt) / [2着]2号艇のwin_rate_rank_2to6が不利(-14.0pt)、2号艇のsession_exh_rel_avgが有利(+11.0pt) / [候補2]5号艇のsession_rank_diff_deltaが有利(+29.6pt)、5号艇のwin_rate_rank_2to6が有利(+18.2pt)、天気+16.4pt
112,02,戸田,3,11:45,0.31634449484459465,3,0.49786841864171727,2,0.35048833831575843,0.26837298972771123,0.0765403836509192,0.7718163733065565,0.24372334381334737,0.4194060048013648,1-3,1-2,0.11087505633341999,0.15749793339429122,0.024213129001261505,0.010711081843704093,0.013047287790304939,True,True,False,False,予選,2026-09-27,場特性:in_escape_diff,-0.1458,1号艇のsession_exh_rel_avg,-0.114,1号艇の体重,-0.1136,1号艇のdominance,-0.1036,場×風向,-0.1026,3号艇のwin_rate_rank_2to6,0.1917,3号艇の当地勝率,0.0751,3号艇の全国勝率,0.0455,3号艇のclass_rank_2to6,0.0436,3号艇の節間得点,0.0384,2号艇のsession_exh_rel_avg,-0.0894,2号艇の節間得点,0.0792,2号艇のwin_rate_rank_2to6,-0.0529,風向(度),0.0399,5号艇のracer_win_te,0.0344,-0.0481,北 1.1m/s,[逃げ]場特性:in_escape_diffが不利(-14.6pt)、1号艇のsession_exh_rel_avgが不利(-11.4pt) / [2着]3号艇のwin_rate_rank_2to6が有利(+19.2pt)、3号艇の当地勝率が有利(+7.5pt) / [候補2]2号艇のsession_exh_rel_avgが不利(-8.9pt)、2号艇の節間得点が有利(+7.9pt) / [除外]5号艇のracer_avgfin_teが不利(-6.1pt)、4号艇のwin_rate_rank_2to6が不利(-5.7pt)、天気-4.8pt
113,21,芦屋,8,12:07,0.34994311259698924,3,0.6705135098828404,2,0.11052084735272424,0.2733175940162023,0.10753089368994946,0.6735034635456152,0.23804949184130347,0.3933733548750261,1-3,1-2,0.03867600932946904,0.23464158468673327,0.03762969563819686,0.02738114852716773,0.011614680281800903,True,True,False,False,予選,2026-09-27,1号艇のdominance,-0.1713,1号艇の級別順位,-0.0976,1号艇のsession_exh_rel_avg,-0.0947,1号艇のモーター2連率順位,-0.0669,2号艇の平均ST,-0.0623,2号艇の枠別平均ST,0.3315,3号艇のwin_rate_rank_2to6,0.163,3号艇のsession_exh_rel_avg,0.1269,4号艇のモーター出走数,-0.0981,6号艇の女子戦比率,0.0797,2号艇のwin_rate_rank_2to6,-0.2168,2号艇の全国勝率,-0.1693,3号艇のモーター出走数,0.1061,2号艇のsession_exh_rel_avg,-0.0921,2号艇のracer_2nd_te,-0.0727,0.049,南東 1.3m/s,[逃げ]1号艇のdominanceが不利(-17.1pt)、1号艇の級別順位が不利(-9.8pt) / [2着]2号艇の枠別平均STが有利(+33.2pt)、3号艇のwin_rate_rank_2to6が有利(+16.3pt) / [候補2]2号艇のwin_rate_rank_2to6が不利(-21.7pt)、2号艇の全国勝率が不利(-16.9pt) / [除外]6号艇の女子戦比率が不利(-5.6pt)、天気+4.9pt
114,14,鳴門,12,14:09,0.4875729917936838,3,0.35521275190870716,2,0.2771647122044116,0.30833017212053626,0.2008909712152655,0.4314864928978533,0.23400127484181885,0.34527706835373134,1-3,1-2,0.1351380279491403,0.17319214417139592,0.09794901185976582,0.051496162103332244,0.029797645710049486,True,True,False,False,ドリーム戦,2026-09-27,1号艇の年齢,-0.1769,場特性:in_escape_diff,-0.1492,race_no,0.1294,1号艇の級別順位,0.0919,レース時間帯,0.0919,3号艇のwin_rate_rank_2to6,0.1492,3号艇のracer_2nd_te,0.0448,3号艇のcumulative_diff_rank_2to6,0.0348,3号艇のモーター2連率,-0.0344,3号艇のclass_rank_2to6,-0.031,1号艇vs2号艇の枠別勝率差,-0.2422,std_234_全国勝率,0.0659,2号艇の一般戦勝率,-0.0617,2号艇の全国勝率,0.0555,1号艇vs2号艇の枠別平均ST差,-0.0493,0.1406,南 3.6m/s,[逃げ]1号艇の年齢が不利(-17.7pt)、場特性:in_escape_diffが不利(-14.9pt) / [2着]3号艇のwin_rate_rank_2to6が有利(+14.9pt)、3号艇のracer_2nd_teが有利(+4.5pt) / [候補2]1号艇vs2号艇の枠別勝率差が不利(-24.2pt)、std_234_全国勝率が有利(+6.6pt) / [除外]6号艇のwin_rate_rank_2to6が不利(-5.6pt)、天気+14.1pt
115,21,芦屋,2,09:10,0.3033584777655003,4,0.6727049728516586,3,0.15579131939825314,0.2513313740512943,0.08080235073568529,0.7476939415142264,0.22696157504692502,0.40024014429017396,1-4,1-3,0.02451207811905154,0.04726061750173293,0.20407075654956136,0.01883928494544157,0.008675744605057288,False,False,True,False,サンライズＷ,2026-09-27,1号艇のdominance,-0.1493,6号艇のモーター出走数,-0.1374,1号艇vs4号艇のcumulative差,-0.0809,1号艇の級別順位,0.0808,1号艇vs4号艇の枠別平均ST差,-0.0734,4号艇のwin_rate_rank_2to6,0.2575,4号艇のclass_rank_2to6,0.1967,1号艇のモーター出走数,0.1588,1号艇の女子戦2連率,-0.1444,4号艇の全国勝率,0.1238,3号艇のwin_rate_rank_2to6,-0.1219,3号艇のsession_exh_rel_avg,0.1038,3号艇のracer_avgfin_te,-0.1015,3号艇の全国勝率,-0.0914,6号艇のモーター出走数,0.0776,0.0639,南東 1.3m/s,[逃げ]1号艇のdominanceが不利(-14.9pt)、6号艇のモーター出走数が不利(-13.7pt) / [2着]4号艇のwin_rate_rank_2to6が有利(+25.8pt)、4号艇のclass_rank_2to6が有利(+19.7pt) / [候補2]3号艇のwin_rate_rank_2to6が不利(-12.2pt)、3号艇のsession_exh_rel_avgが有利(+10.4pt) / [除外]6号艇のracer_win_teが不利(-6.9pt)、6号艇のwin_rate_rank_2to6が不利(-6.6pt)、天気+6.4pt
116,14,鳴門,5,10:16,0.5637990551791319,4,0.3177818348061109,3,0.24207057042889524,0.31564425711126093,0.23528874507061984,0.3245636601643863,0.22652320773791296,0.3183200780271985,1-4,1-3,0.13265557216509907,0.13647915889448464,0.1791650982167763,0.11369873264773087,0.0018004882667925462,False,False,True,False,予選,2026-09-27,1号艇の女子戦比率,-0.1858,場特性:in_escape_diff,-0.153,1号艇のdominance,0.1526,1号艇vs6号艇の直近複勝率差,0.0935,1号艇の年齢,-0.0876,4号艇のclass_rank_2to6,0.0913,4号艇のwin_rate_rank_2to6,0.0888,4号艇の女子戦比率,-0.0617,4号艇のcumulative_diff_rank_2to6,0.0426,4号艇のsession_exh_rel_avg,0.0412,3号艇のracer_avgfin_te,-0.0765,3号艇のwin_rate_rank_2to6,-0.0682,3号艇の全国勝率,0.0534,3号艇のracer_2nd_te,-0.0525,3号艇の性別,-0.0515,-0.0366,南 6.2m/s,[逃げ]1号艇の女子戦比率が不利(-18.6pt)、場特性:in_escape_diffが不利(-15.3pt) / [2着]4号艇のclass_rank_2to6が有利(+9.1pt)、4号艇のwin_rate_rank_2to6が有利(+8.9pt) / [候補2]3号艇のracer_avgfin_teが不利(-7.6pt)、3号艇のwin_rate_rank_2to6が不利(-6.8pt) / [除外]6号艇の直近平均着順が不利(-16.6pt)、6号艇のvs_avg456_diffが不利(-13.9pt)、天気-3.7pt
117,13,尼崎,1,10:35,0.3897307064507656,3,0.5061187207828837,2,0.21433004493340335,0.2807810064241906,0.16378657091618185,0.5566621948001051,0.2255952165594555,0.36354536293696493,1-3,1-2,0.08353099982551962,0.197250006598671,0.06383265599031196,0.028041766448379406,0.01707526597300343,False,False,True,False,朝からセンプ,2026-09-27,1号艇の女子戦比率,-0.2879,1号艇のracer_win_te,-0.1321,1号艇のsession_exh_rel_avg,0.1216,1号艇の体重,-0.1119,1号艇の年齢,0.0809,3号艇のwin_rate_rank_2to6,0.1798,3号艇のsession_exh_rel_avg,0.0834,3号艇のracer_2nd_te,0.0429,4号艇のsession_exh_rel_last,-0.0428,2号艇のvs_boat3_diff,0.0391,2号艇のwin_rate_rank_2to6,-0.1797,2号艇の全国勝率,-0.08,2号艇の直近平均着順,-0.0567,2号艇のracer_avgfin_te,-0.0451,2号艇のclass_rank_2to6,-0.0407,0.0153,東 1.0m/s,[逃げ]1号艇の女子戦比率が不利(-28.8pt)、1号艇のracer_win_teが不利(-13.2pt) / [2着]3号艇のwin_rate_rank_2to6が有利(+18.0pt)、3号艇のsession_exh_rel_avgが有利(+8.3pt) / [候補2]2号艇のwin_rate_rank_2to6が不利(-18.0pt)、2号艇の全国勝率が不利(-8.0pt)、天気+1.5pt
118,02,戸田,2,11:16,0.2701185154187808,3,0.4577754143618353,2,0.4294144667476708,0.2396464135798644,0.05516015332647389,0.8320297277830322,0.22378369407921855,0.4173614078408147,1-3,1-2,0.11599279825722825,0.12365361532263616,0.011935687893289245,0.01489977872681945,0.0036366379860498514,True,True,False,False,予選,2026-09-27,1号艇のdominance,-0.2302,3号艇のracer_win_te,-0.1579,1号艇のsession_exh_rel_avg,-0.1538,場特性:in_escape_diff,-0.1301,1号艇のracer_win_te,-0.1045,3号艇のwin_rate_rank_2to6,0.168,3号艇のモーター2連率,0.0995,3号艇のsession_exh_rel_avg,0.0938,6号艇のsession_rank_diff_last,0.0684,1号艇のsession_exh_rel_avg,0.0503,6号艇の体重,0.1775,2号艇のモーター2連率,0.0984,2号艇のwin_rate_rank_2to6,0.0764,2号艇の全国勝率,0.0543,1号艇のsession_rank_diff_last,0.0314,0.0182,北西 1.3m/s,[逃げ]1号艇のdominanceが不利(-23.0pt)、3号艇のracer_win_teが不利(-15.8pt) / [2着]3号艇のwin_rate_rank_2to6が有利(+16.8pt)、3号艇のモーター2連率が有利(+10.0pt) / [候補2]6号艇の体重が有利(+17.7pt)、2号艇のモーター2連率が有利(+9.8pt) / [除外]6号艇のracer_win_teが不利(-12.2pt)、6号艇のwin_rate_rank_2to6が不利(-9.1pt)、天気+1.8pt
119,14,鳴門,4,09:50,0.5538304576979093,2,0.3033682982442938,5,0.2309707826599534,0.2959332577430794,0.2286858081546556,0.3056532727495916,0.21472237429490007,0.298849262245033,1-2,1-5,0.16801460346767308,0.10906088213156706,0.1266531657993092,0.12791865427540633,0.0221831561503121,False,False,True,False,とにかくなる,2026-09-27,場特性:in_escape_diff,-0.1654,1号艇の年齢,-0.09,1号艇のdominance,-0.0797,1号艇の勝率順位,-0.0656,1号艇の全国勝率,-0.0651,2号艇のclass_rank_2to6,0.111,2号艇の全国勝率,0.0723,2号艇の当地勝率,-0.0433,3号艇の全国勝率,-0.0432,2号艇のwin_rate_rank_2to6,-0.0399,5号艇のwin_rate_rank_2to6,0.2435,5号艇のclass_rank_2to6,0.155,3号艇の枠別平均ST,0.0737,5号艇の枠別勝率,0.0599,5号艇のracer_avgfin_te,0.0457,-0.0384,南 6.0m/s,[逃げ]場特性:in_escape_diffが不利(-16.5pt)、1号艇の年齢が不利(-9.0pt) / [2着]2号艇のclass_rank_2to6が有利(+11.1pt)、2号艇の全国勝率が有利(+7.2pt) / [候補2]5号艇のwin_rate_rank_2to6が有利(+24.4pt)、5号艇のclass_rank_2to6が有利(+15.5pt) / [除外]6号艇のwin_rate_rank_2to6が不利(-6.3pt)、6号艇のvs_avg456_diffが不利(-5.7pt)、天気-3.8pt
120,08,常滑,9,14:32,0.5200315780835895,2,0.28478803821444276,3,0.24862020915567504,0.27738913264268406,0.23211404829067667,0.30129419907944116,0.2001260352072446,0.28456065257371116,1-2,1-3,0.14809877293198626,0.12929035971069777,0.12070663482797107,0.05302422234553502,0.0689115785810564,True,True,False,False,一般特選,2026-09-27,1号艇のracer_win_te,-0.1082,1号艇のdominance,-0.0921,1号艇の級別順位,0.0798,場特性:in_escape_diff,0.0742,1号艇の全国勝率,-0.0722,2号艇のwin_rate_rank_2to6,-0.1364,2号艇の全国勝率,-0.086,2号艇のsession_exh_rel_avg,0.0659,2号艇の節間得点,0.0603,2号艇のclass_rank_2to6,-0.0516,4号艇のsession_rank_diff_last,-0.0789,2号艇の直近平均着順,0.0721,3号艇の全国勝率,-0.0611,6号艇のracer_2nd_te,-0.0578,3号艇のcumulative_diff_rank_2to6,-0.0568,-0.1046,南東 4.2m/s,[逃げ]1号艇のracer_win_teが不利(-10.8pt)、1号艇のdominanceが不利(-9.2pt) / [2着]2号艇のwin_rate_rank_2to6が不利(-13.6pt)、2号艇の全国勝率が不利(-8.6pt) / [候補2]4号艇のsession_rank_diff_lastが不利(-7.9pt)、2号艇の直近平均着順が有利(+7.2pt)、天気-10.5pt
121,15,丸亀,2,15:42,0.3378029631015601,4,0.3984876578854378,3,0.36143319481298286,0.2567035157641907,0.18371481744639132,0.5762060352520294,0.20011122832043254,0.3525542716105423,1-4,1-3,0.06205940969905318,0.12209320417108903,0.13461031159310163,0.014996836243022985,0.004043211462606088,True,False,False,False,予選,2026-09-27,1号艇のdominance,-0.4102,1号艇のracer_win_te,-0.2421,1号艇のvs_max234_diff,-0.1643,1号艇のsession_exh_rel_avg,-0.1451,1号艇の級別順位,-0.1051,4号艇のclass_rank_2to6,0.2484,4号艇のwin_rate_rank_2to6,0.1986,4号艇のモーター2連率,-0.0838,4号艇の全国勝率,0.0819,4号艇のsession_exh_rel_avg,-0.0752,3号艇のwin_rate_rank_2to6,0.0733,2号艇のracer_win_te,0.048,3号艇のモーター2連率,-0.0457,5号艇の直近平均着順,0.0434,5号艇の一般戦2連率,0.0427,-0.0192,東 2.4m/s,[逃げ]1号艇のdominanceが不利(-41.0pt)、1号艇のracer_win_teが不利(-24.2pt) / [2着]4号艇のclass_rank_2to6が有利(+24.8pt)、4号艇のwin_rate_rank_2to6が有利(+19.9pt) / [候補2]3号艇のwin_rate_rank_2to6が有利(+7.3pt)、2号艇のracer_win_teが有利(+4.8pt) / [除外]5号艇の直近平均着順が不利(-27.9pt)、6号艇のsession_exh_rel_avgが不利(-7.3pt)、天気-1.9pt
122,03,江戸川,10,15:22,0.33574019785532117,2,0.4530620148494097,3,0.24719235387351488,0.23510354030408773,0.12628307772137326,0.5739712910015513,0.1994760219207384,0.33676386551332677,1-2,1-3,0.15211113050627129,0.08299240979781645,0.04239830549995276,0.041287250966588064,0.016951095456408966,True,False,False,False,予選特賞,2026-09-27,1号艇のdominance,-0.2477,2号艇の枠別勝率,0.1934,1号艇のvs_max234_diff,-0.1073,場特性:in_escape_diff,-0.0918,4号艇のモーター2連率,-0.0828,2号艇のwin_rate_rank_2to6,0.2234,2号艇のclass_rank_2to6,0.1153,2号艇のsession_exh_rel_avg,0.0913,2号艇の当地勝率,0.0817,2号艇の全国勝率,0.0657,3号艇のwin_rate_rank_2to6,-0.1433,3号艇のcumulative_diff_rank_2to6,0.0517,3号艇の全国勝率,-0.0516,4号艇の女子戦2連率,0.0416,1号艇のsession_exh_rel_delta,0.0414,0.0764,西 0.5m/s,[逃げ]1号艇のdominanceが不利(-24.8pt)、2号艇の枠別勝率が有利(+19.3pt) / [2着]2号艇のwin_rate_rank_2to6が有利(+22.3pt)、2号艇のclass_rank_2to6が有利(+11.5pt) / [候補2]3号艇のwin_rate_rank_2to6が不利(-14.3pt)、3号艇のcumulative_diff_rank_2to6が有利(+5.2pt) / [除外]4号艇のwin_rate_rank_2to6が不利(-5.7pt)、天気+7.6pt
123,03,江戸川,2,11:41,0.3101012520936504,5,0.37925550958991683,2,0.3463403123843431,0.2250081729081395,0.10622728914981394,0.619368532824446,0.19632576301463836,0.34331628088303145,1-5,1-2,0.1074005645208908,0.029404209358760355,0.02274766254139934,0.11760760838724865,0.03294121537187155,True,True,False,False,予選,2026-09-27,1号艇のdominance,-0.3569,1号艇のracer_win_te,-0.1281,1号艇の直近1着率,-0.113,4号艇のsession_exh_rel_delta,0.0906,1号艇の級別順位,-0.0849,1号艇vs6号艇の直近複勝率差,0.2558,6号艇のvs_avg456_diff,0.1159,3号艇の枠別平均ST,0.0846,6号艇のwin_rate_rank_2to6,0.0671,勝率のレンジ(2-6号艇),0.065,2号艇のsession_exh_rel_avg,0.0726,2号艇のclass_rank_2to6,0.0686,2号艇のsession_avg_finish,-0.0445,2号艇の全国勝率,0.0391,勝率の分散(2-6号艇),0.0364,0.0042,北 1.4m/s,[逃げ]1号艇のdominanceが不利(-35.7pt)、1号艇のracer_win_teが不利(-12.8pt) / [2着]1号艇vs6号艇の直近複勝率差が有利(+25.6pt)、6号艇のvs_avg456_diffが有利(+11.6pt) / [候補2]2号艇のsession_exh_rel_avgが有利(+7.3pt)、2号艇のclass_rank_2to6が有利(+6.9pt) / [除外]3号艇のsession_exh_rel_avgが不利(-8.8pt)、win_rate_range_1to6が不利(-5.8pt)、天気+0.4pt
124,08,常滑,5,12:31,0.3599238938942056,3,0.5051946878169252,2,0.16451126721673176,0.2410431750998516,0.16119302705978789,0.5085129279738692,0.1944178002441145,0.32128410096205684,1-3,1-2,0.059211535886116266,0.18183163921373532,0.035488101984828116,0.058017221967952906,0.025375396852804485,True,True,False,False,三Ａ傑戦,2026-09-27,1号艇のdominance,-0.3457,5号艇の節間得点,-0.1312,1号艇のracer_win_te,0.1118,1号艇の級別順位,-0.1059,場特性:in_escape_diff,0.0814,3号艇の節間得点,0.1325,1号艇vs3号艇のcumulative差,0.1038,3号艇のsession_exh_rel_avg,0.0801,4号艇のモーター出走数,-0.0633,1号艇のracer_win_te,0.0617,2号艇のwin_rate_rank_2to6,-0.1566,2号艇の全国勝率,-0.07,2号艇のclass_rank_2to6,-0.058,2号艇のsession_exh_rel_avg,0.0386,1号艇vs5号艇の直近複勝率差,0.0378,-0.0285,南東 3.0m/s,[逃げ]1号艇のdominanceが不利(-34.6pt)、5号艇の節間得点が不利(-13.1pt) / [2着]3号艇の節間得点が有利(+13.2pt)、1号艇vs3号艇のcumulative差が有利(+10.4pt) / [候補2]2号艇のwin_rate_rank_2to6が不利(-15.7pt)、2号艇の全国勝率が不利(-7.0pt) / [除外]1号艇vs5号艇の級別差が不利(-9.6pt)、5号艇のsession_exh_rel_avgが不利(-5.1pt)、天気-2.8pt
125,02,戸田,9,14:48,0.42923453414209095,2,0.36428395012799175,4,0.18917505151037925,0.23756371673499294,0.15927912394112098,0.39417987769725005,0.19215698791689736,0.28454856502367004,1-2,1-4,0.15636325162862924,0.057174045834397016,0.0812004651063637,0.0661286790043898,0.06836810056342743,True,True,False,False,戸田特賞,2026-09-27,場特性:in_escape_diff,-0.1857,1号艇のsession_exh_rel_avg,0.1378,1号艇vs2号艇のcumulative差,-0.095,1号艇の勝率順位,-0.0931,風速区分,0.0845,3号艇の全国勝率,-0.0768,2号艇のclass_rank_2to6,-0.0603,3号艇の直近平均着順,0.0528,2号艇の全国勝率,0.0519,2号艇のsession_exh_rel_avg,-0.0507,4号艇のsession_exh_rel_avg,-0.0959,4号艇のclass_rank_2to6,0.0943,4号艇の年齢,-0.0899,4号艇のwin_rate_rank_2to6,-0.0822,1号艇vs6号艇のcumulative差,-0.0638,0.0786,南東 0.7m/s,[逃げ]場特性:in_escape_diffが不利(-18.6pt)、1号艇のsession_exh_rel_avgが有利(+13.8pt) / [2着]3号艇の全国勝率が不利(-7.7pt)、2号艇のclass_rank_2to6が不利(-6.0pt) / [候補2]4号艇のsession_exh_rel_avgが不利(-9.6pt)、4号艇のclass_rank_2to6が有利(+9.4pt)、天気+7.9pt
126,05,多摩川,1,11:07,0.3882217296476374,4,0.4369757080174622,3,0.21423851721125278,0.2528155128894378,0.20234310162328112,0.44887112360543385,0.1914289428696025,0.3116321961042366,1-4,1-3,0.07855398889445786,0.08317204770889769,0.16964346518054016,0.02945671001443493,0.027395512064352194,True,True,False,False,予選,2026-09-27,1号艇のracer_win_te,-0.2217,1号艇のdominance,-0.1689,1号艇の平均ST,-0.1471,1号艇の年齢,0.1337,1号艇のsession_exh_rel_avg,-0.1266,4号艇のwin_rate_rank_2to6,0.1369,1号艇の平均ST,0.0997,4号艇のモーター2連率,0.0911,4号艇のclass_rank_2to6,0.0836,4号艇のsession_exh_rel_avg,0.0689,3号艇のsession_exh_rel_avg,-0.1665,3号艇のwin_rate_rank_2to6,-0.0688,3号艇のcumulative_diff_rank_2to6,-0.0589,3号艇の全国勝率,0.0415,場特性:1x_diff_course3,-0.0274,0.0322,北 1.6m/s,[逃げ]1号艇のracer_win_teが不利(-22.2pt)、1号艇のdominanceが不利(-16.9pt) / [2着]4号艇のwin_rate_rank_2to6が有利(+13.7pt)、1号艇の平均STが有利(+10.0pt) / [候補2]3号艇のsession_exh_rel_avgが不利(-16.7pt)、3号艇のwin_rate_rank_2to6が不利(-6.9pt) / [除外]1号艇vs5号艇の枠別平均ST差が不利(-6.3pt)、2号艇のwin_rate_rank_2to6が不利(-5.7pt)、天気+3.2pt
127,14,鳴門,10,13:07,0.29689810120112503,3,0.551320669636246,2,0.19969083065262339,0.2229738884159735,0.1310839271628266,0.6199275731260429,0.18789993687797546,0.3420599938289943,1-3,1-2,0.0592878284480393,0.1636860599679342,0.0389185690726298,0.019687048981502787,0.01531859694308218,True,True,False,False,特賞,2026-09-27,6号艇の枠別出走数,-0.253,場特性:in_escape_diff,-0.1905,1号艇のdominance,-0.0929,1号艇の全国勝率,-0.0803,1号艇の級別順位,0.0758,3号艇のwin_rate_rank_2to6,0.1569,3号艇の一般戦2連率,0.1094,3号艇の当地勝率,0.0871,3号艇のclass_rank_2to6,0.0525,3号艇の全国勝率,0.0316,2号艇のwin_rate_rank_2to6,-0.1725,2号艇の全国勝率,-0.068,2号艇のclass_rank_2to6,-0.0418,1号艇の体重,-0.0338,2号艇の当地勝率,-0.0294,0.0121,南 4.7m/s,[逃げ]6号艇の枠別出走数が不利(-25.3pt)、場特性:in_escape_diffが不利(-19.1pt) / [2着]3号艇のwin_rate_rank_2to6が有利(+15.7pt)、3号艇の一般戦2連率が有利(+10.9pt) / [候補2]2号艇のwin_rate_rank_2to6が不利(-17.3pt)、2号艇の全国勝率が不利(-6.8pt)、天気+1.2pt
128,14,鳴門,2,08:58,0.41285559686641776,3,0.36324394796220105,4,0.2991393282919943,0.2734686428722591,0.2727211925489353,0.38966208370526006,0.1839718095816254,0.3083266751221594,1-3,1-4,0.11259447072791193,0.1499672969440485,0.12350134592821059,0.01730157617350121,0.009490912475769843,False,False,True,False,どーなるなる,2026-09-27,場特性:in_escape_diff,-0.1827,5号艇の枠別出走数,-0.0846,1号艇の級別順位,-0.0747,1号艇の節間得点,-0.0717,1号艇のdominance,-0.0707,3号艇のwin_rate_rank_2to6,0.0711,5号艇の直近平均着順,0.0514,3号艇の枠別平均ST,-0.0479,5号艇の一般戦2連率,0.041,3号艇のcumulative_diff_rank_2to6,0.035,4号艇のwin_rate_rank_2to6,0.2104,4号艇のclass_rank_2to6,0.1883,4号艇の年齢,-0.0587,4号艇のcumulative_diff_rank_2to6,0.0514,4号艇のracer_win_te,0.0429,0.0286,南 3.3m/s,[逃げ]場特性:in_escape_diffが不利(-18.3pt)、5号艇の枠別出走数が不利(-8.5pt) / [2着]3号艇のwin_rate_rank_2to6が有利(+7.1pt)、5号艇の直近平均着順が有利(+5.1pt) / [候補2]4号艇のwin_rate_rank_2to6が有利(+21.0pt)、4号艇のclass_rank_2to6が有利(+18.8pt) / [除外]5号艇の直近平均着順が不利(-28.0pt)、6号艇のwin_rate_rank_2to6が不利(-6.1pt)、天気+2.9pt
129,09,津,7,13:26,0.4024536825228357,4,0.37310051020816937,5,0.24356933153308805,0.24818104870954333,0.2197919742080418,0.3968778675332156,0.18272320552127208,0.292790094356645,1-4,1-5,0.06473628944597935,0.08845608940899055,0.1501556742844266,0.09802537442511673,0.001080249242405897,True,True,False,False,一般,2026-09-27,3号艇のsession_exh_rel_avg,-0.1852,節間得点の分散(2-6号艇),-0.1607,3号艇のsession_exh_rel_last,-0.1117,1号艇vs5号艇のcumulative差,-0.1016,5号艇の節間得点,-0.0964,4号艇の節間得点,0.0959,5号艇の節間得点,0.0852,5号艇のrecent_4to6_rate,0.0831,4号艇の一般戦2連率,0.0801,4号艇のwin_rate_rank_2to6,0.0789,5号艇のwin_rate_rank_2to6,0.2491,5号艇のclass_rank_2to6,0.1815,5号艇のsession_exh_rel_avg,0.1061,3号艇のsession_exh_rel_last,-0.084,2号艇のモーター出走数,-0.0751,0.061,南東 1.6m/s,[逃げ]3号艇のsession_exh_rel_avgが不利(-18.5pt)、節間得点の分散(2-6号艇)が不利(-16.1pt) / [2着]4号艇の節間得点が有利(+9.6pt)、5号艇の節間得点が有利(+8.5pt) / [候補2]5号艇のwin_rate_rank_2to6が有利(+24.9pt)、5号艇のclass_rank_2to6が有利(+18.2pt) / [除外]6号艇のvs_avg456_diffが不利(-12.1pt)、6号艇の直近平均着順が不利(-9.3pt)、天気+6.1pt
130,03,江戸川,8,14:24,0.4050110286205646,2,0.3813747304523716,5,0.20960479430987322,0.23935322521764918,0.19992145969165687,0.39105806507058793,0.18193100981674717,0.2848646771735308,1-2,1-5,0.15446097187040558,0.0809703960330427,0.08067448591627094,0.08489225334724362,0.004012925791354772,True,True,False,False,予選,2026-09-27,場特性:in_escape_diff,-0.1221,1号艇のvs_max234_diff,0.0843,1号艇の級別順位,-0.0836,1号艇の節間得点,-0.064,1号艇vs5号艇のcumulative差,-0.0618,2号艇のsession_exh_rel_avg,0.0967,2号艇の全国勝率,0.0348,2号艇のsession_avg_finish,0.0263,2号艇の当地勝率,0.0251,1号艇vs2号艇のcumulative差,0.0248,5号艇のwin_rate_rank_2to6,0.2174,5号艇のclass_rank_2to6,0.1775,5号艇のsession_exh_rel_avg,0.1221,1号艇vs5号艇のcumulative差,0.062,5号艇の枠別勝率,0.0586,0.0356,南 0.5m/s,[逃げ]場特性:in_escape_diffが不利(-12.2pt)、1号艇のvs_max234_diffが有利(+8.4pt) / [2着]2号艇のsession_exh_rel_avgが有利(+9.7pt)、2号艇の全国勝率が有利(+3.5pt) / [候補2]5号艇のwin_rate_rank_2to6が有利(+21.7pt)、5号艇のclass_rank_2to6が有利(+17.7pt) / [除外]6号艇のwin_rate_rank_2to6が不利(-6.7pt)、6号艇のsession_exh_rel_avgが不利(-5.9pt)、天気+3.6pt
131,08,常滑,8,14:00,0.3393939385382049,2,0.43702298589211364,3,0.24214578624346436,0.23050576450725044,0.177501662089545,0.501667110046033,0.18140757692174062,0.3118541681688852,1-2,1-3,0.1483229524136508,0.08218281209359964,0.04686200923069854,0.06024298819364824,0.0017831694156684949,True,True,False,False,一般,2026-09-27,1号艇のdominance,-0.251,1号艇のracer_win_te,-0.1839,1号艇vs4号艇の枠別勝率差,-0.128,1号艇の年齢,-0.1207,1号艇の級別順位,0.0974,全艇平均勝率,0.0783,2号艇のsession_exh_rel_avg,0.0775,second_best_win_rate,0.0711,3号艇のracer_2nd_te,0.066,2号艇のsession_exh_rel_last,0.0582,1号艇の節間得点,0.2194,4号艇のモーター出走数,0.1597,3号艇の節間得点,-0.1308,3号艇のwin_rate_rank_2to6,-0.1084,6号艇のsession_rank_diff_last,0.097,0.0044,南東 3.8m/s,[逃げ]1号艇のdominanceが不利(-25.1pt)、1号艇のracer_win_teが不利(-18.4pt) / [2着]全艇平均勝率が有利(+7.8pt)、2号艇のsession_exh_rel_avgが有利(+7.8pt) / [候補2]1号艇の節間得点が有利(+21.9pt)、4号艇のモーター出走数が有利(+16.0pt) / [除外]5号艇の直近平均着順が不利(-20.5pt)、ST差分(6-5)が不利(-10.3pt)、天気+0.4pt
132,14,鳴門,6,10:52,0.24828068427360508,3,0.46512050163788576,2,0.35669250903806116,0.20404029663557563,0.10373151683051746,0.7180814938454294,0.17864180527810725,0.3582526557985317,1-3,1-2,0.0885598602192389,0.11548043641633673,0.017694699609230993,0.025754531979419855,0.000791157234429327,False,False,True,False,予選,2026-09-27,1号艇のdominance,-0.1657,場特性:in_escape_diff,-0.1405,1号艇の全国勝率,-0.0823,1号艇の全国2連率,-0.0785,1号艇の級別順位,-0.0761,3号艇のwin_rate_rank_2to6,0.1875,3号艇の当地勝率,0.0781,3号艇のclass_rank_2to6,0.0626,1号艇vs3号艇のplace_rate差,-0.042,3号艇の全国勝率,0.0347,2号艇のwin_rate_rank_2to6,0.073,2号艇の全国勝率,0.0467,2号艇のモーター2連率,-0.0378,全艇平均勝率,0.0378,2号艇の直近平均着順,-0.035,-0.0221,南 5.9m/s,[逃げ]1号艇のdominanceが不利(-16.6pt)、場特性:in_escape_diffが不利(-14.0pt) / [2着]3号艇のwin_rate_rank_2to6が有利(+18.7pt)、3号艇の当地勝率が有利(+7.8pt) / [候補2]2号艇のwin_rate_rank_2to6が有利(+7.3pt)、2号艇の全国勝率が有利(+4.7pt) / [除外]6号艇の直近平均着順が不利(-25.1pt)、6号艇の全国勝率が不利(-19.3pt)、天気-2.2pt
133,05,多摩川,6,13:39,0.37554830638197845,2,0.32741287108471795,3,0.2857889243821693,0.23028689575797787,0.19299971887636264,0.4202020765905246,0.17695252838733794,0.28726145000774184,1-2,1-3,0.12295934922352687,0.10732754653445098,0.07248071755621595,0.06560689310051468,0.007173794021407495,True,True,False,False,予選,2026-09-27,1号艇のracer_win_te,-0.1919,1号艇のsession_exh_rel_avg,-0.1802,1号艇の級別順位,-0.1002,1号艇の年齢,0.0984,1号艇の勝率順位,-0.0931,2号艇のsession_exh_rel_avg,-0.1727,6号艇のsession_rank_diff_last,-0.1007,2号艇の全国勝率,0.061,2号艇のclass_rank_2to6,-0.0558,2号艇のsession_rank_diff_delta,-0.038,3号艇のsession_exh_rel_avg,-0.1376,3号艇の節間得点,-0.0983,3号艇のsession_exh_rel_last,-0.0596,6号艇のsession_rank_diff_delta,-0.0526,3号艇のcumulative_diff_rank_2to6,-0.0476,-0.0181,南東 0.9m/s,[逃げ]1号艇のracer_win_teが不利(-19.2pt)、1号艇のsession_exh_rel_avgが不利(-18.0pt) / [2着]2号艇のsession_exh_rel_avgが不利(-17.3pt)、6号艇のsession_rank_diff_lastが不利(-10.1pt) / [候補2]3号艇のsession_exh_rel_avgが不利(-13.8pt)、3号艇の節間得点が不利(-9.8pt) / [除外]6号艇のwin_rate_rank_2to6が不利(-7.3pt)、天気-1.8pt
134,02,戸田,1,10:47,0.4159528195904951,2,0.3254673776657179,3,0.222123979818564,0.22777216912897383,0.2102556150307242,0.3373357424535577,0.17030371612046039,0.26064124112634895,1-2,1-3,0.13537907342477992,0.09239309570419393,0.08745641590676342,0.08656083183199413,0.014163402722763759,False,False,True,False,予選,2026-09-27,1号艇のracer_win_te,-0.2596,ST差分(3-2),-0.1969,1号艇のdominance,0.1622,場特性:in_escape_diff,-0.1442,場×風向,-0.1195,4号艇の年齢,0.1044,2号艇のsession_exh_rel_avg,0.0992,2号艇のwin_rate_rank_2to6,0.084,3号艇の全国勝率,-0.0712,2号艇の全国勝率,-0.0703,3号艇のwin_rate_rank_2to6,-0.062,3号艇のcumulative_diff_rank_2to6,-0.0515,3号艇の当地勝率,-0.0506,6号艇のsession_rank_diff_last,0.0482,3号艇のモーター2連率,-0.0405,-0.1172,北 1.2m/s,[逃げ]1号艇のracer_win_teが不利(-26.0pt)、ST差分(3-2)が不利(-19.7pt) / [2着]4号艇の年齢が有利(+10.4pt)、2号艇のsession_exh_rel_avgが有利(+9.9pt) / [候補2]3号艇のwin_rate_rank_2to6が不利(-6.2pt)、3号艇のcumulative_diff_rank_2to6が不利(-5.2pt) / [除外]ST差分(6-5)が不利(-7.4pt)、6号艇のsession_exh_rel_avgが不利(-6.8pt)、天気-11.7pt
135,03,江戸川,5,13:02,0.24997799091114695,2,0.48826462594637354,4,0.2771247459247669,0.19133049744509242,0.10412378794712412,0.6612655839240162,0.16742403007254375,0.33231102338876956,1-2,1-4,0.12205541022705713,0.026028655317080387,0.06927508721803528,0.01663229519676312,0.015986540158489274,True,True,False,False,予選,2026-09-27,1号艇のdominance,-0.2675,1号艇のracer_win_te,-0.2257,1号艇のvs_max234_diff,-0.1393,1号艇の年齢,-0.1305,1号艇の級別順位,-0.0928,2号艇のwin_rate_rank_2to6,0.1519,3号艇のracer_2nd_te,0.0974,2号艇のclass_rank_2to6,0.086,2号艇のsession_exh_rel_avg,0.0829,2号艇の全国勝率,0.0654,4号艇のclass_rank_2to6,0.1484,4号艇のsession_exh_rel_avg,-0.1246,6号艇の体重,-0.094,1号艇の直近1着率順位,0.0937,4号艇のwin_rate_rank_2to6,0.0829,-0.0047,北 0.5m/s,[逃げ]1号艇のdominanceが不利(-26.8pt)、1号艇のracer_win_teが不利(-22.6pt) / [2着]2号艇のwin_rate_rank_2to6が有利(+15.2pt)、3号艇のracer_2nd_teが有利(+9.7pt) / [候補2]4号艇のclass_rank_2to6が有利(+14.8pt)、4号艇のsession_exh_rel_avgが不利(-12.5pt) / [除外]3号艇のsession_exh_rel_avgが不利(-5.5pt)、6号艇のsession_exh_rel_avgが不利(-5.3pt)、天気-0.5pt
136,21,芦屋,9,12:41,0.21824799554786306,2,0.7480463437265963,4,0.09239216007828395,0.1834240188366602,0.08924565245290797,0.7511928513519723,0.16378026335272552,0.3537546685912538,1-2,1-4,0.16325961509523743,0.019477684759208393,0.020164403741422768,0.005835368303232831,0.009510928933503053,True,True,False,False,予選,2026-09-27,1号艇の女子戦比率,-0.2456,1号艇のracer_win_te,-0.2446,1号艇のdominance,-0.2267,1号艇のvs_max234_diff,-0.1421,1号艇のsession_exh_rel_avg,0.1375,2号艇のwin_rate_rank_2to6,0.2003,2号艇の当地勝率,0.1175,3号艇の女子戦比率,0.1161,2号艇のclass_rank_2to6,0.1121,3号艇のモーター出走数,0.0894,1号艇の一般戦2連率,0.138,4号艇のwin_rate_rank_2to6,-0.1303,1号艇のモーター出走数,0.1003,4号艇のsession_exh_rel_avg,-0.0869,場特性:1x_diff_course4,0.0757,0.0839,南東 1.3m/s,[逃げ]1号艇の女子戦比率が不利(-24.6pt)、1号艇のracer_win_teが不利(-24.5pt) / [2着]2号艇のwin_rate_rank_2to6が有利(+20.0pt)、2号艇の当地勝率が有利(+11.7pt) / [候補2]1号艇の一般戦2連率が有利(+13.8pt)、4号艇のwin_rate_rank_2to6が不利(-13.0pt) / [除外]5号艇のwin_rate_rank_2to6が不利(-5.1pt)、6号艇の女子戦比率が不利(-5.0pt)、天気+8.4pt
137,03,江戸川,6,13:29,0.3358264289876392,2,0.3737591344255442,4,0.3153367458614593,0.2314166087068781,0.24676082092576024,0.4423350593612433,0.16289114589844048,0.29469214390318765,1-2,1-4,0.12551819541564152,0.08286880530555638,0.1058984132912366,0.011069878254227398,0.010471144227282963,True,True,False,False,予選,2026-09-27,2号艇のsession_exh_rel_avg,-0.1083,1号艇の級別順位,-0.1055,場特性:in_escape_diff,-0.0984,1号艇のdominance,-0.0937,1号艇のsession_exh_rel_avg,0.0771,2号艇のsession_exh_rel_avg,0.1687,1号艇の節間得点,0.0803,場特性:1x_diff_course4,0.0498,2号艇の全国勝率,0.047,2号艇のモーター2連率,0.0377,4号艇のwin_rate_rank_2to6,0.0769,4号艇の年齢,0.0484,4号艇のsession_exh_rel_avg,0.0459,4号艇の節間得点,0.0426,4号艇のcumulative_diff_rank_2to6,0.0407,0.0044,南東 0.4m/s,[逃げ]2号艇のsession_exh_rel_avgが不利(-10.8pt)、1号艇の級別順位が不利(-10.6pt) / [2着]2号艇のsession_exh_rel_avgが有利(+16.9pt)、1号艇の節間得点が有利(+8.0pt) / [候補2]4号艇のwin_rate_rank_2to6が有利(+7.7pt)、4号艇の年齢が有利(+4.8pt) / [除外]6号艇のwin_rate_rank_2to6が不利(-6.8pt)、天気+0.4pt
138,02,戸田,5,12:44,0.24451491697015143,4,0.6174218162672949,3,0.14852479847216948,0.1872853729065887,0.11748242249887278,0.6484641922405916,0.16088208573738375,0.3256390187067896,1-4,1-3,0.02872620478276413,0.036316528766430996,0.15096884414015768,0.01569342241785969,0.01280991959560605,True,True,False,False,ウインウイン,2026-09-27,3号艇の平均ST,-0.3841,場特性:in_escape_diff,-0.16,4号艇のモーター2連率,-0.1589,1号艇のdominance,-0.128,4号艇のracer_win_te,-0.0991,4号艇のwin_rate_rank_2to6,0.2395,4号艇の全国勝率,0.2119,4号艇のclass_rank_2to6,0.1895,win_rate_gap_top2_2to6,0.1284,4号艇の当地勝率,0.1217,3号艇のsession_exh_rel_avg,0.1238,3号艇のwin_rate_rank_2to6,-0.1123,3号艇の全国勝率,-0.0842,6号艇の女子戦比率,0.0817,3号艇のracer_avgfin_te,-0.0634,0.0339,南東 0.4m/s,[逃げ]3号艇の平均STが不利(-38.4pt)、場特性:in_escape_diffが不利(-16.0pt) / [2着]4号艇のwin_rate_rank_2to6が有利(+23.9pt)、4号艇の全国勝率が有利(+21.2pt) / [候補2]3号艇のsession_exh_rel_avgが有利(+12.4pt)、3号艇のwin_rate_rank_2to6が不利(-11.2pt) / [除外]6号艇の女子戦比率が不利(-7.7pt)、6号艇のwin_rate_rank_2to6が不利(-6.9pt)、天気+3.4pt
139,03,江戸川,1,11:14,0.41802772859823467,2,0.27567251992082165,5,0.22582403299683612,0.2096394649160129,0.1964930972284049,0.3050034556892529,0.1602082156008294,0.2382486621479849,1-2,1-5,0.11523875733945267,0.07873085014104123,0.08213956311962219,0.0944007075765602,0.047517853536107636,True,True,False,False,予選,2026-09-27,1号艇のracer_win_te,-0.1585,場特性:in_escape_diff,-0.1021,1号艇のsession_exh_rel_avg,-0.0867,1号艇の全国勝率,-0.0698,風速区分,0.0633,2号艇のwin_rate_rank_2to6,-0.1525,2号艇のsession_avg_finish,-0.1036,2号艇の節間得点,-0.0641,2号艇の全国勝率,-0.0626,2号艇のsession_exh_rel_avg,0.0569,5号艇のwin_rate_rank_2to6,0.1808,5号艇のモーター2連率,0.143,5号艇のsession_exh_rel_avg,-0.1362,3号艇のsession_rank_diff_last,0.0695,5号艇のclass_rank_2to6,-0.0598,-0.0085,北 1.8m/s,[逃げ]1号艇のracer_win_teが不利(-15.8pt)、場特性:in_escape_diffが不利(-10.2pt) / [2着]2号艇のwin_rate_rank_2to6が不利(-15.3pt)、2号艇のsession_avg_finishが不利(-10.4pt) / [候補2]5号艇のwin_rate_rank_2to6が有利(+18.1pt)、5号艇のモーター2連率が有利(+14.3pt) / [除外]3号艇のsession_exh_rel_avgが不利(-6.7pt)、天気-0.8pt
140,05,多摩川,8,14:39,0.3069624473135634,4,0.34695940498021904,5,0.3045827209487567,0.19999896550304033,0.21598994517809222,0.43555218075088353,0.14816164678942811,0.2706649300773933,1-4,1-5,0.03348285122975805,0.06630080216698958,0.1065035080711858,0.09349545743185453,0.0071798321302291536,True,True,False,False,予選,2026-09-27,1号艇のdominance,-0.2278,1号艇vs4号艇のcumulative差,-0.0954,4号艇のsession_exh_rel_avg,-0.0914,2号艇の平均ST,-0.0912,5号艇のsession_exh_rel_avg,-0.074,4号艇の節間得点,0.1611,4号艇のclass_rank_2to6,0.0847,5号艇のsession_exh_rel_last,0.0842,4号艇のwin_rate_rank_2to6,0.0748,4号艇のsession_exh_rel_avg,0.0588,5号艇のwin_rate_rank_2to6,0.2338,5号艇のclass_rank_2to6,0.1827,5号艇のsession_exh_rel_avg,0.1025,1号艇vs5号艇のlocal_win_rate差,0.0609,avg_456_win_rate,0.0594,-0.0122,南 0.9m/s,[逃げ]1号艇のdominanceが不利(-22.8pt)、1号艇vs4号艇のcumulative差が不利(-9.5pt) / [2着]4号艇の節間得点が有利(+16.1pt)、4号艇のclass_rank_2to6が有利(+8.5pt) / [候補2]5号艇のwin_rate_rank_2to6が有利(+23.4pt)、5号艇のclass_rank_2to6が有利(+18.3pt) / [除外]6号艇のvs_avg456_diffが不利(-6.4pt)、6号艇のwin_rate_rank_2to6が不利(-5.6pt)、天気-1.2pt
141,14,鳴門,8,11:57,0.2839660259964276,3,0.4112256980421556,2,0.24831994096349305,0.1872885540717085,0.19358689292495435,0.4659587460806943,0.14378062295592925,0.27088961167440423,1-3,1-2,0.07051442681107065,0.11677412726063785,0.02408732164404309,0.054972100668895234,0.017618051198564605,True,True,False,False,予選,2026-09-27,1号艇のdominance,-0.2055,場特性:in_escape_diff,-0.1238,3号艇のracer_win_te,-0.0936,1号艇の全国勝率,-0.0822,3号艇の枠別出走数,-0.0793,3号艇のwin_rate_rank_2to6,0.1608,3号艇の当地勝率,0.1005,2号艇のvs_boat3_diff,0.0581,1号艇vs3号艇のplace_rate差,-0.0509,3号艇のracer_avgfin_te,0.0444,2号艇のwin_rate_rank_2to6,-0.1647,3号艇の全国2連率,0.0921,3号艇のrecent_race_count,0.088,2号艇の全国勝率,-0.0544,2号艇の直近平均着順,-0.0477,-0.0613,南 6.2m/s,[逃げ]1号艇のdominanceが不利(-20.6pt)、場特性:in_escape_diffが不利(-12.4pt) / [2着]3号艇のwin_rate_rank_2to6が有利(+16.1pt)、3号艇の当地勝率が有利(+10.0pt) / [候補2]2号艇のwin_rate_rank_2to6が不利(-16.5pt)、3号艇の全国2連率が有利(+9.2pt) / [除外]3号艇のracer_avgfin_teが不利(-6.3pt)、4号艇のwin_rate_rank_2to6が不利(-5.7pt)、天気-6.1pt
142,09,津,3,11:29,0.28173056076703873,5,0.3334532974947986,4,0.31542484960302314,0.18280880425134638,0.1836264373166248,0.46525170978119695,0.142526568929602,0.26754167591030154,1-5,1-4,0.0517331791568662,0.04408100032746187,0.08886481975851857,0.09394398449282779,0.0031075720461057016,True,True,False,False,一般,2026-09-27,1号艇のdominance,-0.3243,節間得点の分散(2-6号艇),-0.1233,5号艇の節間得点,-0.1101,1号艇の年齢,-0.0922,1号艇のsession_exh_rel_avg,-0.0868,5号艇のwin_rate_rank_2to6,0.2479,5号艇のclass_rank_2to6,0.1629,1号艇の女子戦2連率,0.1294,5号艇のsession_exh_rel_avg,-0.1287,6号艇の枠別勝率,0.0955,4号艇のsession_exh_rel_avg,0.0917,4号艇の節間得点,0.0812,4号艇のwin_rate_rank_2to6,0.0715,5号艇の当地2連率,0.0708,節間得点の分散(2-6号艇),-0.0578,0.0703,南東 1.3m/s,[逃げ]1号艇のdominanceが不利(-32.4pt)、節間得点の分散(2-6号艇)が不利(-12.3pt) / [2着]5号艇のwin_rate_rank_2to6が有利(+24.8pt)、5号艇のclass_rank_2to6が有利(+16.3pt) / [候補2]4号艇のsession_exh_rel_avgが有利(+9.2pt)、4号艇の節間得点が有利(+8.1pt) / [除外]1号艇vs6号艇のcumulative差が不利(-6.6pt)、6号艇のvs_avg456_diffが不利(-5.7pt)、天気+7.0pt
143,13,尼崎,4,11:54,0.13971690988688407,2,0.48316551013216913,3,0.4326539964809276,0.12795547147811268,0.0448347400039921,0.8709847666091046,0.12107125112314138,0.3508642600174102,1-2,1-3,0.06750639203958664,0.06044907943852602,0.006264171328939641,0.003283258930873486,0.0022140080188367633,True,True,False,False,予選,2026-09-27,1号艇のdominance,-0.3227,1号艇のracer_win_te,-0.2409,3号艇のracer_win_te,-0.2269,6号艇の枠別出走数,-0.2099,1号艇のvs_max234_diff,-0.1823,2号艇の節間得点,0.0956,1号艇vs2号艇のplace_rate差,-0.0804,2号艇のclass_rank_2to6,0.0705,2号艇のwin_rate_rank_2to6,0.0535,2号艇の全国勝率,0.0494,3号艇のwin_rate_rank_2to6,0.169,3号艇の当地勝率,0.1146,1号艇のvs_max234_diff,-0.0711,3号艇のracer_win_te,0.0562,3号艇のclass_rank_2to6,0.0487,0.0359,南東 0.8m/s,[逃げ]1号艇のdominanceが不利(-32.3pt)、1号艇のracer_win_teが不利(-24.1pt) / [2着]2号艇の節間得点が有利(+9.6pt)、1号艇vs2号艇のplace_rate差が不利(-8.0pt) / [候補2]3号艇のwin_rate_rank_2to6が有利(+16.9pt)、3号艇の当地勝率が有利(+11.5pt) / [除外]5号艇の直近平均着順が不利(-11.2pt)、6号艇のsession_exh_rel_avgが不利(-6.8pt)、天気+3.6pt
144,09,津,8,13:56,0.29346987067662117,4,0.30496506384217903,2,0.2297901216983073,0.15693453514421907,0.22491708800162052,0.30983809753886576,0.1145778247623882,0.20280560386261307,1-4,1-2,0.06743647729756728,0.0660063887287978,0.0894980578466518,0.04272566248214566,0.027803282134937737,True,True,False,False,一般,2026-09-27,1号艇のdominance,-0.277,1号艇のracer_win_te,-0.2585,1号艇の年齢,0.1154,1号艇のsession_exh_rel_avg,-0.1101,1号艇vs4号艇のcumulative差,-0.0949,4号艇のclass_rank_2to6,0.1094,1号艇のモーター出走数,0.1074,4号艇のwin_rate_rank_2to6,0.1024,4号艇の年齢,-0.0914,5号艇の一般戦2連率,-0.084,2号艇のwin_rate_rank_2to6,-0.1722,2号艇のsession_exh_rel_avg,-0.0703,1号艇vs6号艇の枠別平均ST差,0.0645,2号艇の節間得点,-0.0494,2号艇の当地勝率,-0.0454,0.0358,南東 1.9m/s,[逃げ]1号艇のdominanceが不利(-27.7pt)、1号艇のracer_win_teが不利(-25.8pt) / [2着]4号艇のclass_rank_2to6が有利(+10.9pt)、1号艇のモーター出走数が有利(+10.7pt) / [候補2]2号艇のwin_rate_rank_2to6が不利(-17.2pt)、2号艇のsession_exh_rel_avgが不利(-7.0pt) / [除外]5号艇のsession_exh_rel_avgが不利(-5.1pt)、天気+3.6pt
145,02,戸田,8,14:16,0.20877371477205126,3,0.40324649161515697,2,0.2637570408110451,0.13925280523069855,0.17968016888931432,0.4873233635368877,0.1092276441561033,0.24367397272255528,1-3,1-2,0.05506553720740542,0.08418726802329314,0.024938147774886118,0.037512496329891704,0.007070269325288352,True,True,False,False,予選,2026-09-27,1号艇のdominance,-0.2255,1号艇のracer_win_te,-0.1636,1号艇の年齢,-0.1384,場特性:in_escape_diff,-0.1077,1号艇の級別順位,-0.0811,3号艇のwin_rate_rank_2to6,0.1401,3号艇の当地勝率,0.0587,local_win_rateの分散(2-6号艇),-0.0476,3号艇の節間得点,0.0469,1号艇vs6号艇の枠別勝率差,-0.0444,2号艇のclass_rank_2to6,0.1022,2号艇のwin_rate_rank_2to6,0.0687,5号艇のsession_exh_rel_delta,-0.0634,2号艇の節間得点,-0.0625,2号艇の全国勝率,0.0603,0.0239,南東 0.7m/s,[逃げ]1号艇のdominanceが不利(-22.6pt)、1号艇のracer_win_teが不利(-16.4pt) / [2着]3号艇のwin_rate_rank_2to6が有利(+14.0pt)、3号艇の当地勝率が有利(+5.9pt) / [候補2]2号艇のclass_rank_2to6が有利(+10.2pt)、2号艇のwin_rate_rank_2to6が有利(+6.9pt)、天気+2.4pt
146,15,丸亀,3,16:07,0.27026602917527415,2,0.30526653043732455,3,0.2240239203158715,0.14304922840545728,0.22203944921309957,0.30725100154009644,0.10493414214284934,0.192309760345849,1-2,1-3,0.08250317302140867,0.06054605538404862,0.032775086630991365,0.06000972025908937,0.03443198884563906,True,False,False,False,予選,2026-09-27,1号艇のracer_win_te,-0.2883,1号艇のdominance,-0.2727,1号艇のsession_exh_rel_avg,0.1791,1号艇の直近1着率,-0.1645,1号艇の年齢,0.1165,2号艇のwin_rate_rank_2to6,-0.1353,2号艇のsession_exh_rel_avg,0.0757,2号艇のモーター2連率,0.0726,6号艇のsession_exh_rel_last,-0.0636,2号艇の全国勝率,0.0599,3号艇のwin_rate_rank_2to6,0.0858,1号艇vs2号艇のplace_rate差,0.0655,3号艇のsession_exh_rel_avg,-0.0533,3号艇の体重,-0.0391,3号艇のcumulative_diff_rank_2to6,-0.0382,0.0247,東 2.2m/s,[逃げ]1号艇のracer_win_teが不利(-28.8pt)、1号艇のdominanceが不利(-27.3pt) / [2着]2号艇のwin_rate_rank_2to6が不利(-13.5pt)、2号艇のsession_exh_rel_avgが有利(+7.6pt) / [候補2]3号艇のwin_rate_rank_2to6が有利(+8.6pt)、1号艇vs2号艇のplace_rate差が有利(+6.6pt) / [除外]4号艇のwin_rate_rank_2to6が不利(-5.4pt)、天気+2.5pt
147,05,多摩川,3,12:05,0.20309652941751713,3,0.4137742789655289,4,0.27511331709076725,0.1399106799178102,0.2447520628212589,0.44413553323503724,0.0988185668930795,0.23117813591297828,1-3,1-4,0.049708294526775804,0.08403612002013447,0.05587455989767573,0.008403360883659358,0.00507418954971057,True,True,False,False,予選,2026-09-27,1号艇のdominance,-0.3996,1号艇のracer_win_te,-0.1581,1号艇のvs_max234_diff,-0.1404,1号艇の年齢,-0.1232,1号艇の全国勝率,-0.0973,3号艇のracer_2nd_te,0.0922,3号艇のwin_rate_rank_2to6,0.0762,2号艇のracer_win_te,0.0557,場特性:1x_diff_course3,-0.054,2号艇のvs_boat3_diff,0.0508,4号艇のclass_rank_2to6,0.2298,4号艇のwin_rate_rank_2to6,0.2155,4号艇の全国勝率,0.1107,4号艇のsession_exh_rel_avg,-0.0994,4号艇の年齢,-0.0786,0.0279,北 1.3m/s,[逃げ]1号艇のdominanceが不利(-40.0pt)、1号艇のracer_win_teが不利(-15.8pt) / [2着]3号艇のracer_2nd_teが有利(+9.2pt)、3号艇のwin_rate_rank_2to6が有利(+7.6pt) / [候補2]4号艇のclass_rank_2to6が有利(+23.0pt)、4号艇のwin_rate_rank_2to6が有利(+21.6pt) / [除外]6号艇のsession_exh_rel_avgが不利(-7.1pt)、2号艇のwin_rate_rank_2to6が不利(-5.9pt)、天気+2.8pt
148,14,鳴門,7,11:28,0.2026945952695064,2,0.3165316531291408,3,0.304023629464914,0.1257832018477561,0.2225686093723298,0.397986673221725,0.09218873106657112,0.20744424325994676,1-2,1-3,0.06415925532099898,0.06162394652675712,0.04511345419642126,0.025090414860578402,0.006707522477010117,True,True,False,False,予選,2026-09-27,1号艇のdominance,-0.3004,1号艇のvs_max234_diff,-0.1576,1号艇のracer_win_te,-0.1476,場特性:in_escape_diff,-0.1407,1号艇の全国勝率,-0.0973,2号艇のwin_rate_rank_2to6,-0.1331,2号艇の全国勝率,0.0484,1号艇vs2号艇の枠別勝率差,0.0431,2号艇のclass_rank_2to6,-0.0358,2号艇のモーター2連率,-0.0311,3号艇のwin_rate_rank_2to6,0.181,1号艇vs3号艇のplace_rate差,-0.0617,1号艇のvs_max234_diff,-0.0588,3号艇の全国勝率,0.0426,3号艇の年齢,-0.0349,-0.0771,南 6.9m/s,[逃げ]1号艇のdominanceが不利(-30.0pt)、1号艇のvs_max234_diffが不利(-15.8pt) / [2着]2号艇のwin_rate_rank_2to6が不利(-13.3pt)、2号艇の全国勝率が有利(+4.8pt) / [候補2]3号艇のwin_rate_rank_2to6が有利(+18.1pt)、1号艇vs3号艇のplace_rate差が不利(-6.2pt) / [除外]6号艇のwin_rate_rank_2to6が不利(-7.1pt)、6号艇のvs_avg456_diffが不利(-5.4pt)、天気-7.7pt
149,02,戸田,6,13:14,0.1495775162352252,2,0.4358973573922776,3,0.3293554741603294,0.11446461783561213,0.1685175603875523,0.5967352711650548,0.09131746005759109,0.2591458138344449,1-2,1-3,0.06520044405223516,0.04926417378337696,0.009559251300952096,0.02520643812478965,0.0003472055609008535,True,True,False,False,予選,2026-09-27,1号艇のdominance,-0.3356,1号艇のracer_win_te,-0.2229,1号艇の年齢,-0.1646,1号艇のvs_max234_diff,-0.1404,場特性:in_escape_diff,-0.135,2号艇のsession_exh_rel_avg,0.114,2号艇のwin_rate_rank_2to6,-0.0365,全艇平均勝率,0.0325,1号艇の年齢,-0.0287,6号艇のsession_avg_finish,0.0283,3号艇のwin_rate_rank_2to6,0.2608,3号艇のsession_exh_rel_avg,-0.1522,3号艇のモーター2連率,0.1414,3号艇のclass_rank_2to6,0.0647,3号艇の節間得点,-0.0642,0.0107,南東 0.8m/s,[逃げ]1号艇のdominanceが不利(-33.6pt)、1号艇のracer_win_teが不利(-22.3pt) / [2着]2号艇のsession_exh_rel_avgが有利(+11.4pt)、2号艇のwin_rate_rank_2to6が不利(-3.6pt) / [候補2]3号艇のwin_rate_rank_2to6が有利(+26.1pt)、3号艇のsession_exh_rel_avgが不利(-15.2pt) / [除外]6号艇の直近平均着順が不利(-16.3pt)、6号艇の全国勝率が不利(-14.8pt)、天気+1.1pt
150,05,多摩川,2,11:39,0.11681768988428573,2,0.4806201361658678,3,0.33331694299309533,0.09508224929851307,0.07468375139510842,0.7392533277638547,0.08656093041607563,0.28833357283811556,1-2,1-3,0.05614493401876752,0.03893731527974555,0.00767753973095309,0.008724383309868867,0.005333520156029529,True,True,False,False,予選,2026-09-27,1号艇のdominance,-0.2957,2号艇のsession_exh_rel_avg,-0.2841,1号艇のsession_exh_rel_avg,-0.1454,1号艇のvs_max234_diff,-0.1447,1号艇vs2号艇のcumulative差,-0.1236,2号艇のwin_rate_rank_2to6,0.2098,2号艇のsession_exh_rel_avg,0.0988,ST差分(3-2),-0.0714,2号艇のclass_rank_2to6,0.0648,2号艇の全国勝率,0.054,3号艇のsession_exh_rel_avg,0.1073,6号艇のsession_rank_diff_delta,0.0791,1号艇の一般戦2連率,0.0582,3号艇のcumulative_diff_rank_2to6,0.0575,3号艇の女子戦勝率,0.0536,0.0074,北 1.4m/s,[逃げ]1号艇のdominanceが不利(-29.6pt)、2号艇のsession_exh_rel_avgが不利(-28.4pt) / [2着]2号艇のwin_rate_rank_2to6が有利(+21.0pt)、2号艇のsession_exh_rel_avgが有利(+9.9pt) / [候補2]3号艇のsession_exh_rel_avgが有利(+10.7pt)、6号艇のsession_rank_diff_deltaが有利(+7.9pt) / [除外]4号艇の年齢が不利(-8.1pt)、6号艇のsession_exh_rel_avgが不利(-6.9pt)、天気+0.7pt
151,05,多摩川,5,13:04,0.11922854034790509,3,0.4946136515568085,2,0.2822000227221784,0.09261836050657658,0.09367047538568127,0.6831431988933055,0.08220763347686447,0.26977581202259526,1-3,1-2,0.03364629679531098,0.05897206371126561,0.011168194053929149,0.005825320378426833,0.009616666741455294,True,True,False,False,予選,2026-09-27,1号艇のdominance,-0.2789,2号艇のsession_exh_rel_avg,-0.1465,1号艇のvs_max234_diff,-0.1395,3号艇のracer_win_te,-0.1292,1号艇のracer_win_te,-0.1243,3号艇のwin_rate_rank_2to6,0.196,3号艇のsession_exh_rel_avg,0.1064,1号艇vs3号艇のplace_rate差,-0.0884,3号艇の当地勝率,0.085,2号艇のsession_exh_rel_last,-0.0697,2号艇のwin_rate_rank_2to6,-0.1995,2号艇のsession_exh_rel_avg,0.1312,2号艇の当地勝率,0.0749,2号艇のsession_avg_finish,-0.0691,2号艇の全国勝率,-0.0687,-0.0284,東 0.5m/s,[逃げ]1号艇のdominanceが不利(-27.9pt)、2号艇のsession_exh_rel_avgが不利(-14.6pt) / [2着]3号艇のwin_rate_rank_2to6が有利(+19.6pt)、3号艇のsession_exh_rel_avgが有利(+10.6pt) / [候補2]2号艇のwin_rate_rank_2to6が不利(-19.9pt)、2号艇のsession_exh_rel_avgが有利(+13.1pt) / [除外]3号艇のracer_avgfin_teが不利(-8.9pt)、1号艇vs2号艇のlocal_win_rate差が不利(-7.6pt)、天気-2.8pt
152,02,戸田,4,12:14,0.20672543914864333,2,0.287725700314298,4,0.2813578841663043,0.1176440539140366,0.25235628490995043,0.31672729957065193,0.08201819424904597,0.1773690276110212,1-2,1-4,0.0594802217518242,0.05216846381992966,0.05816383216221238,0.031310830129608044,0.005602092055181326,True,True,False,False,予選,2026-09-27,1号艇のracer_win_te,-0.2064,1号艇の女子戦比率,-0.1739,1号艇のsession_exh_rel_avg,0.1585,1号艇のdominance,-0.1448,場特性:in_escape_diff,-0.1434,2号艇のsession_exh_rel_avg,-0.1183,6号艇のsession_rank_diff_last,-0.0678,2号艇のwin_rate_rank_2to6,0.0544,2号艇の全国勝率,0.0475,2号艇の当地勝率,-0.0311,4号艇のwin_rate_rank_2to6,-0.0857,4号艇のclass_rank_2to6,0.0745,4号艇の節間得点,0.0637,4号艇の年齢,0.0504,second_best_win_rate,0.0464,0.0011,東 0.5m/s,[逃げ]1号艇のracer_win_teが不利(-20.6pt)、1号艇の女子戦比率が不利(-17.4pt) / [2着]2号艇のsession_exh_rel_avgが不利(-11.8pt)、6号艇のsession_rank_diff_lastが不利(-6.8pt) / [候補2]4号艇のwin_rate_rank_2to6が不利(-8.6pt)、4号艇のclass_rank_2to6が有利(+7.4pt) / [除外]6号艇のwin_rate_rank_2to6が不利(-7.4pt)、天気影響ほぼなし
153,14,鳴門,9,12:26,0.2084460018220708,2,0.30028651764603775,4,0.2965862037554562,0.12441573237280015,0.29596246439386065,0.3009102570076333,0.080228868257895,0.17736408976325008,1-2,1-4,0.06259352400438928,0.061692192392307235,0.06182220836841088,0.019872190586450303,0.002465884238012715,True,True,False,False,特賞,2026-09-27,場特性:in_escape_diff,-0.164,1号艇vs4号艇の枠別勝率差,-0.1383,1号艇のracer_win_te,-0.1187,4号艇の枠別勝率,-0.1171,1号艇のframe_dominance,-0.0698,2号艇のwin_rate_rank_2to6,0.1589,2号艇の体重,-0.0627,2号艇のracer_avgfin_te,-0.0607,ST差分(6-5),0.0538,second_best_win_rate,0.0444,4号艇のclass_rank_2to6,0.2033,4号艇のwin_rate_rank_2to6,0.0878,1号艇vs5号艇の枠別平均ST差,0.051,3号艇の枠別平均ST,0.0441,4号艇のcumulative_diff_rank_2to6,0.0364,-0.0431,南 5.0m/s,[逃げ]場特性:in_escape_diffが不利(-16.4pt)、1号艇vs4号艇の枠別勝率差が不利(-13.8pt) / [2着]2号艇のwin_rate_rank_2to6が有利(+15.9pt)、2号艇の体重が不利(-6.3pt) / [候補2]4号艇のclass_rank_2to6が有利(+20.3pt)、4号艇のwin_rate_rank_2to6が有利(+8.8pt) / [除外]5号艇の直近平均着順が不利(-28.3pt)、ST差分(6-5)が不利(-8.9pt)、天気-4.3pt
154,13,尼崎,2,10:58,0.11832923001294657,4,0.42312329349160616,3,0.35137285770655624,0.0916455332192692,0.18822214952720184,0.5862740016709606,0.07094587011075229,0.2400340737547766,1-4,1-3,0.02227218202493549,0.041577679699865436,0.050067853519403765,0.0030365521218699153,0.001374960828527685,False,False,True,False,予選,2026-09-27,1号艇のdominance,-0.53,1号艇のvs_max234_diff,-0.303,1号艇の全国2連率,-0.2219,1号艇のracer_win_te,-0.1767,1号艇の年齢,0.1522,4号艇のwin_rate_rank_2to6,0.1459,4号艇のclass_rank_2to6,0.117,4号艇のモーター2連率,0.092,4号艇の全国勝率,0.0861,1号艇の一般戦2連率,0.0777,1号艇のvs_max234_diff,-0.0891,1号艇の枠別平均ST,0.0867,4号艇の直近1着率,0.0731,3号艇のsession_exh_rel_avg,0.0678,3号艇のwin_rate_rank_2to6,0.0533,0.0563,東 0.9m/s,[逃げ]1号艇のdominanceが不利(-53.0pt)、1号艇のvs_max234_diffが不利(-30.3pt) / [2着]4号艇のwin_rate_rank_2to6が有利(+14.6pt)、4号艇のclass_rank_2to6が有利(+11.7pt) / [候補2]1号艇のvs_max234_diffが不利(-8.9pt)、1号艇の枠別平均STが有利(+8.7pt) / [除外]5号艇の直近平均着順が不利(-15.0pt)、1号艇vs5号艇の枠別平均ST差が不利(-11.0pt)、天気+5.6pt
155,15,丸亀,4,16:33,0.08782455517860671,3,0.39890993287147763,2,0.38746389412654425,0.0690629315601999,0.16565542416829876,0.620718402829723,0.05533415249390657,0.23455957294105684,1-3,1-2,0.034028844149434516,0.035034087410765385,0.014548613940504255,0.003948410126017702,0.00026460049250423735,True,False,False,False,予選,2026-09-27,1号艇のdominance,-0.4686,1号艇のracer_win_te,-0.2712,1号艇の女子戦比率,-0.2217,1号艇のvs_max234_diff,-0.1802,1号艇の全国2連率,-0.1628,3号艇のwin_rate_rank_2to6,0.1862,6号艇の年齢,0.1145,3号艇のsession_exh_rel_avg,-0.1025,1号艇vs3号艇のcumulative差,0.0835,5号艇のsession_exh_rel_avg,-0.0812,2号艇のsession_exh_rel_avg,-0.0978,2号艇のclass_rank_2to6,0.0618,1号艇vs2号艇のplace_rate差,-0.0583,1号艇vs2号艇のlocal_win_rate差,0.0472,2号艇のwin_rate_rank_2to6,0.0466,0.0271,東 1.3m/s,[逃げ]1号艇のdominanceが不利(-46.9pt)、1号艇のracer_win_teが不利(-27.1pt) / [2着]3号艇のwin_rate_rank_2to6が有利(+18.6pt)、6号艇の年齢が有利(+11.4pt) / [候補2]2号艇のsession_exh_rel_avgが不利(-9.8pt)、2号艇のclass_rank_2to6が有利(+6.2pt) / [除外]6号艇の全国勝率が不利(-16.0pt)、6号艇の直近平均着順が不利(-14.1pt)、天気+2.7pt
156,05,多摩川,4,12:33,0.11525146233971455,4,0.30501137434419245,3,0.2662340462731384,0.0658368700810127,0.21273664616993399,0.35850877444739687,0.04902977215858033,0.15363844139092794,1-4,1-3,0.023110347110585055,0.03068386315759843,0.03515300692341427,0.024518209564331327,0.0017860372474979285,True,True,False,False,予選,2026-09-27,1号艇のdominance,-0.5278,1号艇のvs_max234_diff,-0.2973,1号艇の全国2連率,-0.2253,1号艇のracer_win_te,-0.1973,1号艇の年齢,0.1805,1号艇の一般戦2連率,0.0721,4号艇のsession_exh_rel_avg,0.062,4号艇のwin_rate_rank_2to6,0.062,1号艇の級別,-0.0611,4号艇の年齢,0.0558,3号艇のsession_exh_rel_avg,0.0959,場特性:1x_diff_course3,-0.0547,6号艇のsession_exh_rel_last,0.0546,1号艇のvs_max234_diff,-0.0545,3号艇のwin_rate_rank_2to6,-0.0495,-0.0006,東 0.8m/s,[逃げ]1号艇のdominanceが不利(-52.8pt)、1号艇のvs_max234_diffが不利(-29.7pt) / [2着]1号艇の一般戦2連率が有利(+7.2pt)、4号艇のsession_exh_rel_avgが有利(+6.2pt) / [候補2]3号艇のsession_exh_rel_avgが有利(+9.6pt)、場特性:1x_diff_course3が不利(-5.5pt) / [除外]1号艇vs5号艇の級別差が不利(-8.8pt)、6号艇のwin_rate_rank_2to6が不利(-7.6pt)、天気影響ほぼなし
