rank,venue_code,venue_name,race_no,closing_time,in_escape_prob,second_pred_1,second_pred_1_prob,second_pred_2,second_pred_2_prob,confidence_score,third_prob,top2_margin,adjusted_score,score_margin_blend,ticket_1,ticket_2,score_boat2,score_boat3,score_boat4,score_boat5,score_boat6,is_teppan,is_lunch,is_excluded,is_channel_target,race_grade,race_date,top_feat_1,top_feat_1_contrib,top_feat_2,top_feat_2_contrib,top_feat_3,top_feat_3_contrib,top_feat_4,top_feat_4_contrib,top_feat_5,top_feat_5_contrib,s2_top_feat_1,s2_top_feat_1_contrib,s2_top_feat_2,s2_top_feat_2_contrib,s2_top_feat_3,s2_top_feat_3_contrib,s2_top_feat_4,s2_top_feat_4_contrib,s2_top_feat_5,s2_top_feat_5_contrib,s2_top2_feat_1,s2_top2_feat_1_contrib,s2_top2_feat_2,s2_top2_feat_2_contrib,s2_top2_feat_3,s2_top2_feat_3_contrib,s2_top2_feat_4,s2_top2_feat_4_contrib,s2_top2_feat_5,s2_top2_feat_5_contrib,weather_contribution,wind_info,reason_text
1,12,住之江,12,20:30,0.8397923373964193,3,0.5017441447009543,2,0.32257212594885964,0.6922544876829066,0.10328937314363482,0.7210268975061791,0.606451449176544,0.7008862106298883,1-3,1-2,0.27089359962952503,0.4213608880533817,0.08674162410050403,0.05021477399664629,0.01058145239847985,False,False,False,False,一般特別戦,2026-09-21,1号艇のdominance,0.2674,1号艇のracer_win_te,0.1213,race_no,0.0978,1号艇の勝率順位,0.0849,1号艇の全国勝率,0.0803,3号艇のwin_rate_rank_2to6,0.1621,3号艇のsession_exh_rel_avg,0.1449,3号艇の当地勝率,0.0905,3号艇の節間得点,0.0579,3号艇のモーター2連率,0.0484,2号艇のwin_rate_rank_2to6,0.0725,2号艇のclass_rank_2to6,-0.0583,2号艇の節間得点,0.0497,レース時間帯,-0.0449,2号艇の全国勝率,0.0441,0.1259,北西 2.5m/s,[逃げ]1号艇のdominanceが有利(+26.7pt)、1号艇のracer_win_teが有利(+12.1pt) / [2着]3号艇のwin_rate_rank_2to6が有利(+16.2pt)、3号艇のsession_exh_rel_avgが有利(+14.5pt) / [候補2]2号艇のwin_rate_rank_2to6が有利(+7.3pt)、2号艇のclass_rank_2to6が不利(-5.8pt) / [除外]6号艇のwin_rate_rank_2to6が不利(-6.4pt)、1号艇vs6号艇のcumulative差が不利(-5.5pt)、天気+12.6pt
2,06,浜名湖,9,15:30,0.7359496209840092,2,0.5245084460088835,5,0.3457559060258413,0.64047072003585,0.06978466509582582,0.8004796869388989,0.586836678394189,0.6884734101067647,1-2,1-5,0.38601179204314945,0.03447795790271365,0.05135799782776902,0.2544589279927006,0.009642948644708962,True,False,False,False,予選特賞,2026-09-21,1号艇のsession_exh_rel_avg,0.1689,1号艇の級別順位,-0.0871,3号艇の枠別出走数,-0.0802,風速区分,-0.0785,1号艇のracer_win_te,0.0758,2号艇の当地勝率,0.1325,2号艇のclass_rank_2to6,0.0901,2号艇のracer_avgfin_te,0.0688,1号艇vs3号艇の枠別平均ST差,-0.0652,2号艇の全国勝率,0.0572,5号艇のwin_rate_rank_2to6,0.2574,5号艇のclass_rank_2to6,0.1832,3号艇のracer_avgfin_te,0.1088,5号艇のsession_exh_rel_avg,0.108,1号艇vs3号艇の勝率差,0.1014,-0.0391,北西 7.0m/s,[逃げ]1号艇のsession_exh_rel_avgが有利(+16.9pt)、1号艇の級別順位が不利(-8.7pt) / [2着]2号艇の当地勝率が有利(+13.2pt)、2号艇のclass_rank_2to6が有利(+9.0pt) / [候補2]5号艇のwin_rate_rank_2to6が有利(+25.7pt)、5号艇のclass_rank_2to6が有利(+18.3pt) / [除外]3号艇のracer_2nd_teが不利(-6.5pt)、3号艇のwin_rate_rank_2to6が不利(-5.6pt)、天気-3.9pt
3,09,津,2,11:03,0.7295818032408993,2,0.4307694216514667,3,0.4051355738705785,0.6098610739710496,0.08933396322388859,0.7465710322981567,0.5444835058664765,0.6508740614691817,1-2,1-3,0.31428153142951637,0.29557954254153324,0.06517643397954082,0.03938234830249472,0.015161942231482022,True,True,False,False,予選,2026-09-21,5号艇の平均ST,0.1095,1号艇のracer_win_te,-0.1077,1号艇の級別順位,0.0923,1号艇のdominance,0.0879,場特性:in_escape_diff,0.0781,2号艇のwin_rate_rank_2to6,0.2102,2号艇のclass_rank_2to6,-0.0525,2号艇の当地勝率,0.0395,2号艇のsession_exh_rel_avg,0.0389,std_234_全国勝率,0.033,3号艇のモーター2連率,0.0919,3号艇のwin_rate_rank_2to6,0.055,3号艇のcumulative_diff_rank_2to6,0.0386,場特性:1x_diff_course3,-0.0298,4号艇の体重,0.0284,-0.011,北西 5.6m/s,[逃げ]5号艇の平均STが有利(+10.9pt)、1号艇のracer_win_teが不利(-10.8pt) / [2着]2号艇のwin_rate_rank_2to6が有利(+21.0pt)、2号艇のclass_rank_2to6が不利(-5.2pt) / [候補2]3号艇のモーター2連率が有利(+9.2pt)、3号艇のwin_rate_rank_2to6が有利(+5.5pt) / [除外]5号艇のracer_avgfin_teが不利(-6.4pt)、天気-1.1pt
4,13,尼崎,12,16:08,0.8290406947920397,3,0.4411511450962896,2,0.32969522599191137,0.6390630110648846,0.1299348097064499,0.6409115613817511,0.5394191741851085,0.6396175761599445,1-3,1-2,0.27333075922595274,0.3657322518389318,0.10772124491670669,0.048799547793217414,0.033456908003525854,True,False,False,False,優勝戦,2026-09-21,1号艇のracer_win_te,0.1378,1号艇のsession_exh_rel_avg,0.1216,1号艇の節間得点,0.1072,race_no,0.0933,1号艇の級別順位,0.0858,3号艇のwin_rate_rank_2to6,0.2141,3号艇のsession_exh_rel_avg,0.0984,3号艇の節間得点,0.0982,1号艇の直近1着率,0.0927,3号艇の全国勝率,0.0745,2号艇のwin_rate_rank_2to6,-0.1189,2号艇のsession_exh_rel_avg,-0.0837,2号艇のモーター2連率,0.0744,2号艇の節間得点,0.063,2号艇の全国勝率,0.046,0.129,北西 3.7m/s,[逃げ]1号艇のracer_win_teが有利(+13.8pt)、1号艇のsession_exh_rel_avgが有利(+12.2pt) / [2着]3号艇のwin_rate_rank_2to6が有利(+21.4pt)、3号艇のsession_exh_rel_avgが有利(+9.8pt) / [候補2]2号艇のwin_rate_rank_2to6が不利(-11.9pt)、2号艇のsession_exh_rel_avgが不利(-8.4pt) / [除外]3号艇の節間得点が不利(-6.9pt)、5号艇のwin_rate_rank_2to6が不利(-5.1pt)、天気+12.9pt
5,13,尼崎,4,11:49,0.8667273360104775,2,0.5558843939011835,3,0.16727752622901743,0.6267842045386707,0.1433922206810545,0.5797696994491464,0.5189330297667407,0.6126798530118134,1-2,1-3,0.48180019985577166,0.14498400468289904,0.12428195743551687,0.05208362461787901,0.06357755264722185,True,True,False,False,一般,2026-09-21,1号艇のsession_exh_rel_avg,0.1927,1号艇vs5号艇のcumulative差,0.1682,1号艇のdominance,0.1644,1号艇のracer_win_te,0.1253,1号艇の節間得点,0.0793,2号艇のclass_rank_2to6,0.0755,2号艇のwin_rate_rank_2to6,0.0679,2号艇の全国勝率,0.0542,6号艇のsession_exh_rel_delta,0.0393,4号艇のモーター2連率,0.0297,3号艇のsession_exh_rel_avg,-0.1347,3号艇のwin_rate_rank_2to6,-0.0879,3号艇の当地勝率,-0.0569,3号艇の節間得点,-0.0527,3号艇のcumulative_diff_rank_2to6,-0.039,-0.0206,北 5.8m/s,[逃げ]1号艇のsession_exh_rel_avgが有利(+19.3pt)、1号艇vs5号艇のcumulative差が有利(+16.8pt) / [2着]2号艇のclass_rank_2to6が有利(+7.5pt)、2号艇のwin_rate_rank_2to6が有利(+6.8pt) / [候補2]3号艇のsession_exh_rel_avgが不利(-13.5pt)、3号艇のwin_rate_rank_2to6が不利(-8.8pt)、天気-2.1pt
6,18,徳山,4,10:02,0.7768262567915389,2,0.5495791383913466,3,0.20545181390700798,0.5865278684356818,0.1189139999769333,0.6361169523214213,0.5028322185153241,0.6014045936014036,1-2,1-3,0.42692750488726894,0.15960036354841284,0.09237551748219025,0.08769226484867655,0.010230625558837688,False,False,True,False,ガチトク予選,2026-09-21,場特性:in_escape_diff,0.2017,1号艇のracer_win_te,0.1088,1号艇の級別順位,0.0858,1号艇の勝率順位,-0.0792,1号艇の節間得点,-0.0674,2号艇のwin_rate_rank_2to6,0.2004,2号艇のclass_rank_2to6,0.1095,3号艇の全国勝率,-0.0634,風向(度),0.0618,2号艇の全国勝率,0.0603,3号艇のwin_rate_rank_2to6,-0.1183,3号艇のracer_win_te,-0.0627,3号艇のモーター2連率,0.0535,3号艇のcumulative_diff_rank_2to6,0.0524,3号艇の全国2連率,-0.0401,-0.0126,北 4.4m/s,[逃げ]場特性:in_escape_diffが有利(+20.2pt)、1号艇のracer_win_teが有利(+10.9pt) / [2着]2号艇のwin_rate_rank_2to6が有利(+20.0pt)、2号艇のclass_rank_2to6が有利(+10.9pt) / [候補2]3号艇のwin_rate_rank_2to6が不利(-11.8pt)、3号艇のracer_win_teが不利(-6.3pt) / [除外]6号艇のwin_rate_rank_2to6が不利(-7.0pt)、6号艇のvs_avg456_diffが不利(-5.7pt)、天気-1.3pt
7,06,浜名湖,4,12:47,0.751537075149252,2,0.43673694665796436,3,0.3610420210436489,0.5995604720020601,0.1469151455375977,0.6508638221640155,0.49385905519873197,0.6149514770506467,1-2,1-3,0.32822400750094144,0.2713364645011186,0.11041217877245288,0.03111851572843032,0.010445905846614988,True,True,False,False,ランチタイム,2026-09-21,1号艇のdominance,0.2859,1号艇のsession_exh_rel_avg,0.1396,1号艇のvs_max234_diff,0.1034,4号艇のsession_exh_rel_avg,-0.0834,1号艇のlocal_win_rate順位,0.0755,2号艇のsession_exh_rel_avg,-0.0921,2号艇のwin_rate_rank_2to6,0.0727,2号艇の当地勝率,-0.0498,second_best_win_rate,0.0487,2号艇の全国勝率,-0.0398,3号艇のwin_rate_rank_2to6,0.1541,3号艇の節間得点,-0.0557,3号艇のcumulative_diff_rank_2to6,-0.0416,3号艇のモーター2連率,-0.0342,場特性:1x_diff_course3,-0.0277,-0.0033,北西 5.7m/s,[逃げ]1号艇のdominanceが有利(+28.6pt)、1号艇のsession_exh_rel_avgが有利(+14.0pt) / [2着]2号艇のsession_exh_rel_avgが不利(-9.2pt)、2号艇のwin_rate_rank_2to6が有利(+7.3pt) / [候補2]3号艇のwin_rate_rank_2to6が有利(+15.4pt)、3号艇の節間得点が不利(-5.6pt) / [除外]6号艇のracer_win_teが不利(-15.2pt)、6号艇の直近平均着順が不利(-10.5pt)、天気-0.3pt
8,02,戸田,8,14:16,0.7663024951229234,2,0.5629758688757722,3,0.20951952415492409,0.591965147150386,0.14129346659285796,0.6312019264378383,0.49159617785875076,0.6037361809366216,1-2,1-3,0.4314098130135,0.16055533413688594,0.05761828637320607,0.10827353599467447,0.00844555201062488,True,True,False,False,予選,2026-09-21,1号艇のdominance,0.2721,場特性:in_escape_diff,-0.1597,1号艇のsession_exh_rel_avg,0.1203,1号艇vs5号艇のcumulative差,0.1095,1号艇のvs_max234_diff,0.0988,5号艇の直近平均着順,-0.1665,2号艇のsession_exh_rel_avg,0.151,3号艇のracer_2nd_te,0.0744,2号艇のwin_rate_rank_2to6,0.0643,2号艇のclass_rank_2to6,0.0525,3号艇のsession_exh_rel_avg,0.1868,3号艇のwin_rate_rank_2to6,-0.1743,3号艇のモーター2連率,0.1566,3号艇の全国勝率,-0.0993,1号艇vs3号艇の勝率差,-0.0806,-0.0476,北東 4.8m/s,[逃げ]1号艇のdominanceが有利(+27.2pt)、場特性:in_escape_diffが不利(-16.0pt) / [2着]5号艇の直近平均着順が不利(-16.7pt)、2号艇のsession_exh_rel_avgが有利(+15.1pt) / [候補2]3号艇のsession_exh_rel_avgが有利(+18.7pt)、3号艇のwin_rate_rank_2to6が不利(-17.4pt) / [除外]5号艇の直近平均着順が不利(-25.1pt)、win_rate_range_1to6が不利(-7.7pt)、天気-4.8pt
9,03,江戸川,6,13:29,0.7062963465103262,2,0.5287958511712111,3,0.24369918206283483,0.5456104196705797,0.08533143405814407,0.6871635991759019,0.48974115621351205,0.5880763735221763,1-2,1-3,0.37348657773204463,0.17212384193853508,0.05990696997916297,0.06026928011775398,0.040509679373988555,True,True,False,False,予選,2026-09-21,1号艇のsession_exh_rel_avg,-0.1626,場特性:in_escape_diff,-0.1539,1号艇のdominance,0.1383,1号艇の節間得点,0.0913,1号艇のracer_win_te,0.0804,2号艇のwin_rate_rank_2to6,0.2651,2号艇のclass_rank_2to6,0.1408,2号艇の当地勝率,0.1264,2号艇の全国勝率,0.0633,ST差分(3-2),-0.0555,3号艇のwin_rate_rank_2to6,-0.1135,3号艇のsession_exh_rel_avg,0.0854,3号艇のracer_avgfin_te,-0.0715,3号艇の全国勝率,-0.0525,3号艇の節間得点,-0.0422,0.0166,北東 3.7m/s,[逃げ]1号艇のsession_exh_rel_avgが不利(-16.3pt)、場特性:in_escape_diffが不利(-15.4pt) / [2着]2号艇のwin_rate_rank_2to6が有利(+26.5pt)、2号艇のclass_rank_2to6が有利(+14.1pt) / [候補2]3号艇のwin_rate_rank_2to6が不利(-11.4pt)、3号艇のsession_exh_rel_avgが有利(+8.5pt) / [除外]6号艇のwin_rate_rank_2to6が不利(-7.4pt)、4号艇のwin_rate_rank_2to6が不利(-6.0pt)、天気+1.7pt
10,05,多摩川,5,12:27,0.7145866240089489,2,0.4858445251338355,3,0.2886540870926461,0.5534463486105375,0.10655356470342076,0.6679450475230608,0.4826803310306837,0.5877959582842944,1-2,1-3,0.34717799900861845,0.2062683496019191,0.07614175207753654,0.05742258771970004,0.027575907649727272,True,True,False,False,一般,2026-09-21,1号艇のdominance,0.1591,1号艇のracer_win_te,0.0976,1号艇の全国勝率,0.0862,1号艇の級別順位,0.076,風速区分,-0.0689,2号艇の当地勝率,0.3208,2号艇のwin_rate_rank_2to6,0.1996,2号艇のsession_exh_rel_avg,0.0984,2号艇のclass_rank_2to6,-0.0655,2号艇の全国勝率,0.0644,3号艇のsession_exh_rel_avg,0.0827,3号艇の当地勝率,0.0804,3号艇のcumulative_diff_rank_2to6,0.0551,3号艇のwin_rate_rank_2to6,0.0541,3号艇の節間得点,0.0509,-0.0478,北東 4.5m/s,[逃げ]1号艇のdominanceが有利(+15.9pt)、1号艇のracer_win_teが有利(+9.8pt) / [2着]2号艇の当地勝率が有利(+32.1pt)、2号艇のwin_rate_rank_2to6が有利(+20.0pt) / [候補2]3号艇のsession_exh_rel_avgが有利(+8.3pt)、3号艇の当地勝率が有利(+8.0pt) / [除外]6号艇のwin_rate_rank_2to6が不利(-6.5pt)、天気-4.8pt
11,05,多摩川,10,15:14,0.8111794197368224,2,0.3752277872216483,3,0.3301275813078004,0.5721697585519707,0.13445714933900527,0.5708982191904435,0.4798509809445088,0.5717882967435125,1-2,1-3,0.3043770587075885,0.2677926998443822,0.10906887238028157,0.10189498169206902,0.028045796535925368,True,False,False,False,特別選抜戦,2026-09-21,1号艇のracer_win_te,0.1739,1号艇のdominance,0.1724,1号艇の全国勝率,0.1409,風速区分,-0.1364,1号艇の一般戦勝率,-0.1009,2号艇のwin_rate_rank_2to6,-0.128,2号艇のsession_exh_rel_avg,0.081,2号艇の節間得点,0.0744,2号艇のracer_avgfin_te,0.0615,2号艇のclass_rank_2to6,-0.0588,3号艇のsession_exh_rel_avg,0.1114,3号艇のwin_rate_rank_2to6,0.0788,6号艇のracer_2nd_te,-0.0723,1号艇のracer_avgfin_te,0.0585,1号艇vs2号艇のlocal_win_rate差,-0.057,-0.0755,北 7.3m/s,[逃げ]1号艇のracer_win_teが有利(+17.4pt)、1号艇のdominanceが有利(+17.2pt) / [2着]2号艇のwin_rate_rank_2to6が不利(-12.8pt)、2号艇のsession_exh_rel_avgが有利(+8.1pt) / [候補2]3号艇のsession_exh_rel_avgが有利(+11.1pt)、3号艇のwin_rate_rank_2to6が有利(+7.9pt)、天気-7.5pt
12,18,徳山,1,08:44,0.7865249177819704,3,0.4750478814439423,2,0.2752741270586593,0.5901469560475116,0.15617394642782756,0.594148062074774,0.47954826112954,0.5913472878556902,1-3,1-2,0.21650996015231566,0.37363699589519594,0.12283470037383293,0.05843523924835354,0.015108036762440545,False,False,True,False,朝トク予選,2026-09-21,1号艇のdominance,0.2159,場特性:in_escape_diff,0.1536,1号艇の勝率順位,0.0809,1号艇の級別順位,0.0717,1号艇vs4号艇の枠別平均ST差,-0.069,3号艇のwin_rate_rank_2to6,0.1577,1号艇の体重,0.0859,3号艇の当地勝率,-0.0441,場特性:1x_diff_course3,0.0348,3号艇のcumulative_diff_rank_2to6,0.033,2号艇のwin_rate_rank_2to6,-0.1326,2号艇の全国勝率,-0.059,場特性:1x_diff_course2,0.0478,2号艇のclass_rank_2to6,-0.0459,2号艇のsession_exh_rel_avg,0.0364,0.0653,北 4.0m/s,[逃げ]1号艇のdominanceが有利(+21.6pt)、場特性:in_escape_diffが有利(+15.4pt) / [2着]3号艇のwin_rate_rank_2to6が有利(+15.8pt)、1号艇の体重が有利(+8.6pt) / [候補2]2号艇のwin_rate_rank_2to6が不利(-13.3pt)、2号艇の全国勝率が不利(-5.9pt) / [除外]6号艇のwin_rate_rank_2to6が不利(-7.5pt)、天気+6.5pt
13,05,多摩川,4,11:57,0.7306681145485334,2,0.4049790496290245,3,0.3364630959619538,0.5417481345657793,0.11686296652539416,0.6245791790655841,0.46577578162783284,0.5665974479157208,1-2,1-3,0.29590527862409627,0.24584285594168304,0.08538804341165812,0.08261966213991333,0.02091228940191228,True,True,False,False,一般,2026-09-21,1号艇のracer_win_te,0.1145,1号艇のsession_exh_rel_avg,0.1126,1号艇の級別順位,0.0853,1号艇の全国勝率,0.0632,1号艇の勝率順位,-0.0601,2号艇のwin_rate_rank_2to6,0.1706,2号艇のsession_exh_rel_avg,-0.1164,2号艇の当地勝率,0.1029,2号艇のracer_avgfin_te,0.0603,2号艇のclass_rank_2to6,-0.0576,3号艇のracer_avgfin_te,0.0695,3号艇のwin_rate_rank_2to6,-0.0605,2号艇の全国勝率,-0.0605,3号艇のsession_exh_rel_avg,0.0601,local_win_rateの分散(2-6号艇),0.0582,0.0629,北東 3.7m/s,[逃げ]1号艇のracer_win_teが有利(+11.5pt)、1号艇のsession_exh_rel_avgが有利(+11.3pt) / [2着]2号艇のwin_rate_rank_2to6が有利(+17.1pt)、2号艇のsession_exh_rel_avgが不利(-11.6pt) / [候補2]3号艇のracer_avgfin_teが有利(+6.9pt)、3号艇のwin_rate_rank_2to6が不利(-6.1pt) / [除外]6号艇のwin_rate_rank_2to6が不利(-6.3pt)、天気+6.3pt
14,12,住之江,10,19:25,0.6117856106650486,2,0.42896798039298384,3,0.4079223377101105,0.5119974543203683,0.08104981761132947,0.7558405004917649,0.46220069397221125,0.5851503681717872,1-2,1-3,0.2624364378404742,0.24956101647989412,0.04958511216163801,0.04078016816900568,0.009422872595418061,True,False,False,False,予選特別Ｂ戦,2026-09-21,1号艇の節間得点,0.0984,1号艇のsession_exh_rel_avg,-0.0958,1号艇のdominance,-0.0844,1号艇の級別順位,-0.0723,1号艇の勝率順位,-0.0599,2号艇のsession_exh_rel_avg,0.0956,2号艇のwin_rate_rank_2to6,0.0795,2号艇のclass_rank_2to6,0.0705,2号艇のracer_avgfin_te,0.0464,2号艇の節間得点,0.0406,3号艇のwin_rate_rank_2to6,0.1422,3号艇のsession_exh_rel_avg,0.0763,3号艇のracer_2nd_te,0.0418,3号艇の全国勝率,0.0412,3号艇の当地勝率,-0.04,0.1051,北西 2.6m/s,[逃げ]1号艇の節間得点が有利(+9.8pt)、1号艇のsession_exh_rel_avgが不利(-9.6pt) / [2着]2号艇のsession_exh_rel_avgが有利(+9.6pt)、2号艇のwin_rate_rank_2to6が有利(+8.0pt) / [候補2]3号艇のwin_rate_rank_2to6が有利(+14.2pt)、3号艇のsession_exh_rel_avgが有利(+7.6pt) / [除外]6号艇のsession_exh_rel_avgが不利(-6.1pt)、天気+10.5pt
15,06,浜名湖,12,17:04,0.7908485741015037,3,0.5391489017752905,4,0.1663416373510463,0.5579361869101646,0.14340859644554874,0.5620819426807881,0.4619207723450029,0.5591799136413517,1-3,1-4,0.11341448401286018,0.42638514019738016,0.1315510467127844,0.08178731639148708,0.03771058236778111,True,False,False,False,予選特選,2026-09-21,1号艇のdominance,0.1707,1号艇のsession_exh_rel_avg,0.1562,風速区分,-0.1233,1号艇のracer_win_te,0.1006,1号艇の勝率順位,0.0702,3号艇のwin_rate_rank_2to6,0.1958,2号艇のvs_boat3_diff,0.0439,3号艇の全国勝率,0.0369,3号艇のracer_win_te,0.0345,3号艇のclass_rank_2to6,0.0326,5号艇の年齢,0.0756,4号艇のsession_exh_rel_avg,0.0692,4号艇の節間得点,-0.0686,4号艇のwin_rate_rank_2to6,0.068,4号艇のcumulative_diff_rank_2to6,-0.0663,-0.0617,北西 7.3m/s,[逃げ]1号艇のdominanceが有利(+17.1pt)、1号艇のsession_exh_rel_avgが有利(+15.6pt) / [2着]3号艇のwin_rate_rank_2to6が有利(+19.6pt)、2号艇のvs_boat3_diffが有利(+4.4pt) / [候補2]5号艇の年齢が有利(+7.6pt)、4号艇のsession_exh_rel_avgが有利(+6.9pt) / [除外]6号艇のwin_rate_rank_2to6が不利(-7.8pt)、2号艇のwin_rate_rank_2to6が不利(-5.2pt)、天気-6.2pt
16,16,児島,12,16:50,0.7399136420035837,2,0.5167065745609929,3,0.26276232720416326,0.5767396739335903,0.1717624167866584,0.6077064849784978,0.4578650336316909,0.5860297172470624,1-2,1-3,0.3823182434306205,0.19442143050296976,0.1270893553639539,0.02229383046168263,0.013790769151489628,True,False,False,False,準優勝戦,2026-09-21,1号艇のdominance,-0.1663,1号艇のracer_win_te,0.1606,1号艇の級別順位,0.0933,1号艇の年齢,-0.0916,race_no,0.0788,2号艇のwin_rate_rank_2to6,0.1475,1号艇の年齢,0.0777,2号艇のsession_exh_rel_avg,0.0731,4号艇のracer_2nd_te,-0.0708,2号艇の節間得点,0.0518,3号艇の当地勝率,0.076,3号艇のsession_exh_rel_avg,-0.0597,3号艇のcumulative_diff_rank_2to6,-0.05,3号艇のwin_rate_rank_2to6,0.043,1号艇のracer_win_te,-0.0376,0.0789,北西 3.8m/s,[逃げ]1号艇のdominanceが不利(-16.6pt)、1号艇のracer_win_teが有利(+16.1pt) / [2着]2号艇のwin_rate_rank_2to6が有利(+14.8pt)、1号艇の年齢が有利(+7.8pt) / [候補2]3号艇の当地勝率が有利(+7.6pt)、3号艇のsession_exh_rel_avgが不利(-6.0pt) / [除外]6号艇のsession_exh_rel_avgが不利(-6.7pt)、1号艇vs6号艇のcumulative差が不利(-5.9pt)、天気+7.9pt
17,09,津,10,15:07,0.6524448029889769,3,0.426636861586564,4,0.37088965395723694,0.5203420303124604,0.11095028302242284,0.6865762325213781,0.45106351567450487,0.5702122909751357,1-3,1-4,0.0723889355481359,0.2783570031056812,0.24198502720677928,0.026538080957174387,0.03317575252538671,True,False,False,False,予選特賞,2026-09-21,1号艇のdominance,0.1661,6号艇のモーター出走数,-0.1247,勝率の分散(2-6号艇),-0.0842,1号艇の勝率順位,0.0803,風速区分,-0.0707,6号艇のモーター出走数,0.1044,3号艇のwin_rate_rank_2to6,0.0623,3号艇のモーター2連率,0.0448,2号艇の直近複勝率,0.0415,場特性:1x_diff_course3,-0.04,2号艇の体重,0.2338,4号艇のwin_rate_rank_2to6,0.1829,4号艇のcumulative_diff_rank_2to6,0.0788,4号艇の全国2連率,0.0733,4号艇のclass_rank_2to6,0.0665,-0.0327,北西 7.5m/s,[逃げ]1号艇のdominanceが有利(+16.6pt)、6号艇のモーター出走数が不利(-12.5pt) / [2着]6号艇のモーター出走数が有利(+10.4pt)、3号艇のwin_rate_rank_2to6が有利(+6.2pt) / [候補2]2号艇の体重が有利(+23.4pt)、4号艇のwin_rate_rank_2to6が有利(+18.3pt) / [除外]2号艇のwin_rate_rank_2to6が不利(-6.8pt)、天気-3.3pt
18,13,尼崎,10,15:00,0.7606888767547302,2,0.4898677991176013,4,0.25139683547289843,0.5638717622646527,0.17589434538337495,0.5653702892071248,0.4448535368601994,0.5643213203473944,1-2,1-4,0.37263698586907995,0.13380087201718804,0.19123477639557282,0.05260717121584932,0.010409081175294172,True,False,False,False,選抜戦,2026-09-21,1号艇の節間得点,0.1109,1号艇のracer_win_te,0.094,ST差分(4-3),-0.0901,1号艇の勝率順位,-0.0748,1号艇の級別順位,0.0692,2号艇のwin_rate_rank_2to6,0.0599,2号艇の節間得点,0.0558,2号艇の全国勝率,0.0528,レース時間帯,-0.0449,1号艇の年齢,0.0338,4号艇のwin_rate_rank_2to6,0.1594,4号艇の節間得点,0.0527,3号艇の年齢,0.0472,4号艇の全国勝率,0.0467,4号艇のclass_rank_2to6,0.0456,0.032,北西 3.8m/s,[逃げ]1号艇の節間得点が有利(+11.1pt)、1号艇のracer_win_teが有利(+9.4pt) / [2着]2号艇のwin_rate_rank_2to6が有利(+6.0pt)、2号艇の節間得点が有利(+5.6pt) / [候補2]4号艇のwin_rate_rank_2to6が有利(+15.9pt)、4号艇の節間得点が有利(+5.3pt) / [除外]6号艇のwin_rate_rank_2to6が不利(-6.6pt)、1号艇vs6号艇のcumulative差が不利(-5.7pt)、天気+3.2pt
19,16,児島,11,16:12,0.723535493212068,4,0.4118737899094544,3,0.3267191626682839,0.5343982162262915,0.14213224880959097,0.5964607037681473,0.44325195194779926,0.5530169624888482,1-4,1-3,0.10283772674378777,0.23639291050303066,0.2980053057232608,0.06045512013512763,0.025844424716101714,True,False,False,False,準優勝戦,2026-09-21,1号艇のdominance,0.1695,1号艇の節間得点,0.0971,ST差分(4-3),-0.0782,レース時間帯,0.0724,2号艇の全国2連率,-0.0693,4号艇のwin_rate_rank_2to6,0.2452,4号艇のclass_rank_2to6,0.1873,4号艇のsession_exh_rel_avg,-0.0503,4号艇の節間得点,0.0482,win_rate_gap_top2_2to6,0.047,3号艇のwin_rate_rank_2to6,0.0621,3号艇のモーター2連率,0.054,3号艇の節間得点,0.0412,場特性:1x_diff_course3,-0.038,2号艇のvs_boat3_diff,0.0364,0.1572,北西 3.7m/s,[逃げ]1号艇のdominanceが有利(+16.9pt)、1号艇の節間得点が有利(+9.7pt) / [2着]4号艇のwin_rate_rank_2to6が有利(+24.5pt)、4号艇のclass_rank_2to6が有利(+18.7pt) / [候補2]3号艇のwin_rate_rank_2to6が有利(+6.2pt)、3号艇のモーター2連率が有利(+5.4pt) / [除外]6号艇のwin_rate_rank_2to6が不利(-7.1pt)、2号艇のwin_rate_rank_2to6が不利(-7.0pt)、天気+15.7pt
20,03,江戸川,7,13:56,0.582492845429868,2,0.7145484013676923,6,0.11375557919136178,0.48248114251672947,0.07511106935407152,0.7531929112049826,0.4389935330476026,0.5636946731232053,1-2,1-6,0.41621933151003043,0.04375166051133328,0.0300548251683828,0.026205218318399906,0.066261811006699,True,True,False,False,予選,2026-09-21,場特性:in_escape_diff,-0.1633,1号艇のdominance,0.1447,1号艇vs2号艇のcumulative差,-0.0793,1号艇の級別順位,0.0747,2号艇のsession_avg_finish,-0.0728,2号艇のwin_rate_rank_2to6,0.2249,2号艇のclass_rank_2to6,0.1181,3号艇のracer_2nd_te,0.0556,2号艇の全国勝率,0.0553,2号艇の節間得点,0.053,6号艇のwin_rate_rank_2to6,0.1671,6号艇のvs_avg456_diff,0.1447,5号艇のracer_2nd_te,0.1272,場特性:1x_diff_course2,0.1064,3号艇の一般戦勝率,0.0989,-0.0453,北東 4.6m/s,[逃げ]場特性:in_escape_diffが不利(-16.3pt)、1号艇のdominanceが有利(+14.5pt) / [2着]2号艇のwin_rate_rank_2to6が有利(+22.5pt)、2号艇のclass_rank_2to6が有利(+11.8pt) / [候補2]6号艇のwin_rate_rank_2to6が有利(+16.7pt)、6号艇のvs_avg456_diffが有利(+14.5pt) / [除外]5号艇のracer_avgfin_teが不利(-6.5pt)、4号艇のwin_rate_rank_2to6が不利(-5.9pt)、天気-4.5pt
21,13,尼崎,11,15:35,0.6553908662449797,3,0.4536753599692475,2,0.3156972511771338,0.5042397820843888,0.11758176112812413,0.6517908500182572,0.433092500154376,0.5485051024645493,1-3,1-2,0.20690509492014067,0.2973346871642481,0.07706201228037154,0.06141143507575325,0.012677630090282728,True,False,False,False,選抜戦,2026-09-21,1号艇のdominance,0.1564,3号艇のsession_exh_rel_avg,-0.0935,1号艇の級別順位,0.0852,1号艇の節間得点,0.0768,1号艇のracer_win_te,0.0765,3号艇のwin_rate_rank_2to6,0.1951,3号艇のsession_exh_rel_avg,0.124,3号艇の節間得点,0.0459,3号艇のclass_rank_2to6,0.0455,3号艇の全国勝率,0.0361,2号艇のclass_rank_2to6,0.0777,2号艇の全国勝率,0.0576,2号艇の節間得点,0.0561,レース時間帯,-0.0422,2号艇のwin_rate_rank_2to6,-0.0404,0.0671,北西 3.9m/s,[逃げ]1号艇のdominanceが有利(+15.6pt)、3号艇のsession_exh_rel_avgが不利(-9.4pt) / [2着]3号艇のwin_rate_rank_2to6が有利(+19.5pt)、3号艇のsession_exh_rel_avgが有利(+12.4pt) / [候補2]2号艇のclass_rank_2to6が有利(+7.8pt)、2号艇の全国勝率が有利(+5.8pt) / [除外]6号艇のsession_exh_rel_avgが不利(-7.3pt)、6号艇のwin_rate_rank_2to6が不利(-6.7pt)、天気+6.7pt
22,18,徳山,12,14:28,0.7993978501815981,3,0.34789810112196873,2,0.34156777993914944,0.5511575430938193,0.18738627055023066,0.5020796105108876,0.42722231531064464,0.5364341633189398,1-3,1-2,0.27304854897465725,0.278108994119162,0.1497961818314017,0.09091747204435831,0.007526636833078995,True,True,False,False,ドリーム戦,2026-09-21,場特性:in_escape_diff,0.1755,1号艇のdominance,0.1675,race_no,0.1133,1号艇のracer_win_te,0.102,風速区分,0.0866,4号艇の当地2連率,0.1432,3号艇のwin_rate_rank_2to6,0.0873,1号艇vs6号艇の直近複勝率差,0.063,3号艇のcumulative_diff_rank_2to6,0.0485,1号艇vs2号艇のlocal_win_rate差,-0.0451,2号艇の全国勝率,0.0667,2号艇のsession_exh_rel_avg,0.0641,場特性:1x_diff_course2,0.0579,2号艇のracer_avgfin_te,0.0506,レース時間帯,-0.0363,0.1929,北 1.6m/s,[逃げ]場特性:in_escape_diffが有利(+17.5pt)、1号艇のdominanceが有利(+16.8pt) / [2着]4号艇の当地2連率が有利(+14.3pt)、3号艇のwin_rate_rank_2to6が有利(+8.7pt) / [候補2]2号艇の全国勝率が有利(+6.7pt)、2号艇のsession_exh_rel_avgが有利(+6.4pt) / [除外]4号艇の当地2連率が不利(-18.8pt)、2号艇のracer_2nd_teが不利(-6.1pt)、天気+19.3pt
23,05,多摩川,12,16:30,0.6907627303814625,3,0.365479701209069,2,0.36402026836863743,0.5039113907986904,0.128650065106309,0.6008499044713975,0.4261175109178157,0.5329929449005025,1-3,1-2,0.25145163449251273,0.2524597563061776,0.08886667023658693,0.07620231600608407,0.021782343046934428,True,False,False,False,優勝戦,2026-09-21,1号艇のdominance,-0.146,1号艇のracer_win_te,0.1417,風速区分,-0.1176,race_no,0.1071,1号艇の節間得点,0.1066,3号艇のwin_rate_rank_2to6,0.1423,3号艇の全国勝率,0.1403,3号艇の女子戦勝率,0.1041,3号艇の節間得点,0.0895,3号艇のモーター2連率,0.0836,2号艇の当地勝率,0.0823,2号艇のsession_exh_rel_avg,0.0617,2号艇の全国勝率,0.0547,4号艇の一般戦勝率,-0.0515,2号艇のclass_rank_2to6,-0.0474,-0.0349,北西 6.5m/s,[逃げ]1号艇のdominanceが不利(-14.6pt)、1号艇のracer_win_teが有利(+14.2pt) / [2着]3号艇のwin_rate_rank_2to6が有利(+14.2pt)、3号艇の全国勝率が有利(+14.0pt) / [候補2]2号艇の当地勝率が有利(+8.2pt)、2号艇のsession_exh_rel_avgが有利(+6.2pt) / [除外]6号艇のwin_rate_rank_2to6が不利(-6.5pt)、3号艇の女子戦2連率が不利(-6.0pt)、天気-3.5pt
24,18,徳山,2,09:10,0.6931041191013401,3,0.3766212245590639,2,0.3505891035153077,0.5040324738413838,0.1436771162206853,0.5835332118536862,0.41713095505365416,0.5278826952450746,1-3,1-2,0.24299475175850588,0.26103772208287795,0.07820906933085207,0.09958320107315895,0.011279383892994417,False,False,True,False,狙いトク特選,2026-09-21,場特性:in_escape_diff,0.1885,1号艇の級別順位,0.0839,1号艇のモーター2連率,0.0751,1号艇の勝率順位,-0.0688,1号艇の節間得点,-0.0591,3号艇のwin_rate_rank_2to6,-0.0637,3号艇のモーター2連率,0.0524,場特性:1x_diff_course3,0.052,3号艇のracer_2nd_te,0.0497,3号艇のcumulative_diff_rank_2to6,0.0446,2号艇のwin_rate_rank_2to6,0.0769,2号艇のclass_rank_2to6,-0.0606,2号艇の全国勝率,0.057,2号艇のsession_exh_rel_avg,0.0525,場特性:1x_diff_course2,0.033,-0.0459,北 4.3m/s,[逃げ]場特性:in_escape_diffが有利(+18.8pt)、1号艇の級別順位が有利(+8.4pt) / [2着]3号艇のwin_rate_rank_2to6が不利(-6.4pt)、3号艇のモーター2連率が有利(+5.2pt) / [候補2]2号艇のwin_rate_rank_2to6が有利(+7.7pt)、2号艇のclass_rank_2to6が不利(-6.1pt) / [除外]6号艇のwin_rate_rank_2to6が不利(-7.4pt)、天気-4.6pt
25,18,徳山,9,12:42,0.6701217015241809,3,0.49473442973006454,2,0.2306980711937363,0.4861280618599994,0.11863362108054198,0.6067988798432589,0.41692270311521845,0.5223293072549773,1-3,1-2,0.15459578400669322,0.3315322778533062,0.0557894261868033,0.07949896401646774,0.04870524446811479,True,True,False,False,推しトク特賞,2026-09-21,場特性:in_escape_diff,0.2,1号艇のdominance,0.1562,1号艇の節間得点,-0.0553,1号艇のsession_exh_count,-0.0534,場特性:1x_diff_course2,0.0479,3号艇のwin_rate_rank_2to6,0.0802,場特性:1x_diff_course3,0.0742,風向(度),0.0522,3号艇の全国勝率,0.046,3号艇のcumulative_diff_rank_2to6,0.0337,2号艇のwin_rate_rank_2to6,-0.1442,2号艇のclass_rank_2to6,-0.0604,2号艇の全国勝率,-0.0549,2号艇のsession_exh_rel_avg,0.0411,場特性:1x_diff_course2,0.0404,0.06,北 2.8m/s,[逃げ]場特性:in_escape_diffが有利(+20.0pt)、1号艇のdominanceが有利(+15.6pt) / [2着]3号艇のwin_rate_rank_2to6が有利(+8.0pt)、場特性:1x_diff_course3が有利(+7.4pt) / [候補2]2号艇のwin_rate_rank_2to6が不利(-14.4pt)、2号艇のclass_rank_2to6が不利(-6.0pt) / [除外]4号艇のwin_rate_rank_2to6が不利(-5.7pt)、天気+6.0pt
26,09,津,1,10:36,0.7147486202557983,2,0.5146124903864946,3,0.20820389553535262,0.516632014535923,0.16130773944885232,0.5615086464729949,0.41662792366588736,0.5300950041170446,1-2,1-3,0.3678185674701473,0.14881344706577565,0.11529448420764901,0.07622629714314688,0.0065958370166484615,False,False,True,False,ツッキーレー,2026-09-21,1号艇のdominance,0.3536,1号艇の女子戦比率,-0.1254,1号艇のvs_max234_diff,0.0929,1号艇の級別順位,0.0888,1号艇の勝率順位,0.0853,2号艇のwin_rate_rank_2to6,0.1683,second_best_win_rate,0.0517,2号艇のsession_exh_rel_avg,0.0471,場特性:1x_diff_course2,0.0441,2号艇の体重,-0.0415,3号艇のracer_win_te,-0.1131,4号艇のモーター出走数,-0.0837,3号艇のwin_rate_rank_2to6,-0.0786,3号艇のracer_2nd_te,-0.0602,3号艇の全国勝率,-0.0556,-0.0104,北西 4.7m/s,[逃げ]1号艇のdominanceが有利(+35.4pt)、1号艇の女子戦比率が不利(-12.5pt) / [2着]2号艇のwin_rate_rank_2to6が有利(+16.8pt)、second_best_win_rateが有利(+5.2pt) / [候補2]3号艇のracer_win_teが不利(-11.3pt)、4号艇のモーター出走数が不利(-8.4pt) / [除外]6号艇の直近平均着順が不利(-11.6pt)、6号艇のwin_rate_rank_2to6が不利(-11.1pt)、天気-1.0pt
27,10,三国,3,09:24,0.6359818349273718,3,0.42974637029316487,2,0.31253299336982576,0.4720761917311107,0.10102401480842182,0.6412553488545688,0.4148469531101342,0.5228299388681481,1-3,1-2,0.1987653065986859,0.2733108851324248,0.04049935915424336,0.0642494383095901,0.05915684573242773,False,False,True,False,みくにあさズ,2026-09-21,風速区分,-0.2246,1号艇のdominance,0.2055,1号艇のsession_exh_rel_avg,-0.1309,1号艇の勝率順位,0.0777,5号艇のsession_exh_rel_avg,-0.07,3号艇のwin_rate_rank_2to6,-0.0625,3号艇の節間得点,0.0481,3号艇のcumulative_diff_rank_2to6,0.0394,3号艇の全国勝率,0.0352,1号艇のracer_2nd_te,0.0347,2号艇のwin_rate_rank_2to6,-0.161,2号艇のclass_rank_2to6,-0.0661,1号艇の年齢,0.0527,2号艇のsession_exh_rel_avg,0.0515,3号艇の女子戦2連率,-0.0331,-0.165,北 14.4m/s,[逃げ]風速区分が不利(-22.5pt)、1号艇のdominanceが有利(+20.5pt) / [2着]3号艇のwin_rate_rank_2to6が不利(-6.2pt)、3号艇の節間得点が有利(+4.8pt) / [候補2]2号艇のwin_rate_rank_2to6が不利(-16.1pt)、2号艇のclass_rank_2to6が不利(-6.6pt) / [除外]4号艇のwin_rate_rank_2to6が不利(-5.2pt)、天気-16.5pt
28,03,江戸川,9,14:52,0.6155328403471938,2,0.4942117638600646,3,0.3240956165401233,0.5036950661347992,0.1474055490557124,0.6709018313444755,0.41459812879849506,0.553857095697702,1-2,1-3,0.30420357074178217,0.19949149539301705,0.09073295629320027,0.01674115010668585,0.0043636566339456655,True,True,False,False,予選特賞,2026-09-21,1号艇のdominance,0.2019,場特性:in_escape_diff,-0.1444,1号艇のracer_win_te,0.1385,1号艇のsession_exh_rel_avg,-0.1215,節間得点の分散(2-6号艇),-0.1075,2号艇のwin_rate_rank_2to6,0.1636,2号艇のclass_rank_2to6,0.0757,2号艇のsession_exh_rel_avg,-0.0643,2号艇の節間得点,0.056,2号艇の全国勝率,0.0556,3号艇のwin_rate_rank_2to6,-0.0709,3号艇のモーター2連率,0.0517,5号艇の一般戦2連率,0.0467,5号艇の直近平均着順,0.0439,3号艇の当地勝率,-0.0405,-0.1043,北東 5.8m/s,[逃げ]1号艇のdominanceが有利(+20.2pt)、場特性:in_escape_diffが不利(-14.4pt) / [2着]2号艇のwin_rate_rank_2to6が有利(+16.4pt)、2号艇のclass_rank_2to6が有利(+7.6pt) / [候補2]3号艇のwin_rate_rank_2to6が不利(-7.1pt)、3号艇のモーター2連率が有利(+5.2pt) / [除外]5号艇の直近平均着順が不利(-21.9pt)、1号艇vs5号艇の勝率差が不利(-8.0pt)、天気-10.4pt
29,15,丸亀,7,18:04,0.7376397245512434,2,0.4894502621984975,3,0.15676702966697817,0.4766755451719,0.13163704221767694,0.5145802496477988,0.40137775453518687,0.4880469565146696,1-2,1-3,0.36103795658963356,0.11563758858226637,0.0815388456491518,0.09710071156218762,0.08232463315969249,True,False,False,False,一般,2026-09-21,1号艇のdominance,0.2329,1号艇のvs_max234_diff,0.0965,風速区分,-0.0883,1号艇の勝率順位,0.0812,1号艇の級別順位,0.077,2号艇のwin_rate_rank_2to6,-0.1515,2号艇のsession_exh_rel_avg,0.1244,2号艇の全国勝率,-0.0784,second_best_win_rate,0.0679,3号艇のracer_2nd_te,0.0646,3号艇のwin_rate_rank_2to6,-0.1455,3号艇のracer_avgfin_te,-0.1198,3号艇の全国勝率,-0.1083,3号艇の直近平均着順,-0.1082,3号艇のracer_win_te,-0.0835,-0.0405,北 6.6m/s,[逃げ]1号艇のdominanceが有利(+23.3pt)、1号艇のvs_max234_diffが有利(+9.6pt) / [2着]2号艇のwin_rate_rank_2to6が不利(-15.2pt)、2号艇のsession_exh_rel_avgが有利(+12.4pt) / [候補2]3号艇のwin_rate_rank_2to6が不利(-14.5pt)、3号艇のracer_avgfin_teが不利(-12.0pt)、天気-4.1pt
30,02,戸田,9,14:48,0.5742620862122985,2,0.5299548733909732,3,0.2790139094034789,0.46456010088816585,0.12080336345024814,0.688165419344204,0.3972155936336734,0.5316416964249773,1-2,1-3,0.3043329911918748,0.16022710969629103,0.06937279151640202,0.021989893033532885,0.018339305052783618,True,True,False,False,戸田特賞,2026-09-21,場特性:in_escape_diff,-0.1791,1号艇のdominance,0.1346,1号艇のracer_win_te,0.0989,1号艇の勝率順位,0.0809,1号艇の級別順位,0.0735,2号艇のwin_rate_rank_2to6,0.1623,2号艇のsession_exh_rel_avg,0.0979,2号艇のモーター2連率,0.0793,2号艇の全国勝率,0.0488,2号艇の節間得点,0.0436,3号艇の当地勝率,0.1064,3号艇のwin_rate_rank_2to6,-0.0552,3号艇の全国勝率,0.0381,風向(度),0.0349,場特性:1x_diff_course3,-0.0329,-0.0655,北 5.5m/s,[逃げ]場特性:in_escape_diffが不利(-17.9pt)、1号艇のdominanceが有利(+13.5pt) / [2着]2号艇のwin_rate_rank_2to6が有利(+16.2pt)、2号艇のsession_exh_rel_avgが有利(+9.8pt) / [候補2]3号艇の当地勝率が有利(+10.6pt)、3号艇のwin_rate_rank_2to6が不利(-5.5pt) / [除外]6号艇のwin_rate_rank_2to6が不利(-6.8pt)、5号艇のwin_rate_rank_2to6が不利(-5.2pt)、天気-6.6pt
31,12,住之江,1,15:19,0.7353238340683794,2,0.5063006407680251,4,0.1768749101358132,0.5023552654323876,0.17676442064484654,0.5064111302589916,0.3957970204899347,0.5035720248803688,1-2,1-4,0.37229492836082145,0.0893568775053932,0.13006033707156622,0.12997909151544437,0.013632585918680577,True,False,False,False,住之江ＯＮＥ,2026-09-21,1号艇のdominance,0.2899,3号艇の枠別出走数,-0.083,1号艇の勝率順位,0.0797,2号艇の平均ST,-0.0743,1号艇の級別順位,0.0705,2号艇のwin_rate_rank_2to6,0.2081,1号艇vs3号艇の枠別平均ST差,-0.1028,second_best_win_rate,0.0643,3号艇のracer_2nd_te,0.0633,3号艇の全国勝率,-0.0546,4号艇のwin_rate_rank_2to6,0.1114,4号艇のsession_exh_rel_avg,-0.1068,4号艇の節間得点,-0.097,4号艇の年齢,-0.0859,4号艇のclass_rank_2to6,-0.0516,0.1098,北 3.8m/s,[逃げ]1号艇のdominanceが有利(+29.0pt)、3号艇の枠別出走数が不利(-8.3pt) / [2着]2号艇のwin_rate_rank_2to6が有利(+20.8pt)、1号艇vs3号艇の枠別平均ST差が不利(-10.3pt) / [候補2]4号艇のwin_rate_rank_2to6が有利(+11.1pt)、4号艇のsession_exh_rel_avgが不利(-10.7pt) / [除外]6号艇のracer_win_teが不利(-14.4pt)、6号艇のwin_rate_rank_2to6が不利(-8.1pt)、天気+11.0pt
32,05,多摩川,11,15:52,0.7388246047290027,2,0.45892265225956674,3,0.21809965330820047,0.5002007373038236,0.1803709222329002,0.496651383334867,0.39193473535694284,0.49913593111313664,1-2,1-3,0.33906334715685993,0.16113739014696374,0.13326247532332816,0.08767942630689532,0.017681982997056322,True,False,False,False,特別選抜戦,2026-09-21,1号艇のdominance,0.1612,風速区分,-0.1579,1号艇のracer_win_te,0.1313,1号艇の全国勝率,0.0984,レース時間帯,0.0834,2号艇のwin_rate_rank_2to6,-0.1298,2号艇のracer_avgfin_te,0.0839,2号艇のsession_exh_rel_avg,0.0799,2号艇の節間得点,0.0691,2号艇のclass_rank_2to6,-0.0638,3号艇のsession_exh_rel_avg,-0.1329,3号艇のwin_rate_rank_2to6,-0.0542,3号艇の節間得点,0.0506,3号艇の当地勝率,0.0471,3号艇の全国勝率,0.0403,-0.0688,北 7.0m/s,[逃げ]1号艇のdominanceが有利(+16.1pt)、風速区分が不利(-15.8pt) / [2着]2号艇のwin_rate_rank_2to6が不利(-13.0pt)、2号艇のracer_avgfin_teが有利(+8.4pt) / [候補2]3号艇のsession_exh_rel_avgが不利(-13.3pt)、3号艇のwin_rate_rank_2to6が不利(-5.4pt) / [除外]4号艇の女子戦2連率が不利(-15.9pt)、5号艇のsession_exh_rel_avgが不利(-6.1pt)、天気-6.9pt
33,03,江戸川,12,16:25,0.6869055742668366,2,0.41865493222986183,4,0.2637372089985355,0.4687389656456685,0.14543667965337803,0.5369554615750193,0.3869327591004707,0.48920391442447375,1-2,1-4,0.28757640664299683,0.0737373243529398,0.18116255900267172,0.09990126595676559,0.044528041341766814,True,False,False,False,記者選抜戦,2026-09-21,場特性:in_escape_diff,-0.1694,1号艇のsession_exh_rel_avg,0.1541,1号艇のdominance,0.1513,1号艇のracer_win_te,0.1099,1号艇の節間得点,0.0814,2号艇のwin_rate_rank_2to6,0.2172,2号艇のsession_exh_rel_avg,-0.1242,2号艇の全国勝率,0.0585,3号艇のracer_win_te,0.0555,2号艇のcumulative_diff_rank_2to6,-0.0518,4号艇のsession_exh_rel_avg,0.1293,4号艇のwin_rate_rank_2to6,-0.096,4号艇のclass_rank_2to6,-0.0754,4号艇の年齢,0.0594,3号艇の枠別平均ST,0.0531,-0.0766,北 5.5m/s,[逃げ]場特性:in_escape_diffが不利(-16.9pt)、1号艇のsession_exh_rel_avgが有利(+15.4pt) / [2着]2号艇のwin_rate_rank_2to6が有利(+21.7pt)、2号艇のsession_exh_rel_avgが不利(-12.4pt) / [候補2]4号艇のsession_exh_rel_avgが有利(+12.9pt)、4号艇のwin_rate_rank_2to6が不利(-9.6pt)、天気-7.7pt
34,13,尼崎,7,13:26,0.9040601794072485,2,0.34646487441536106,4,0.21163757492621627,0.5045582004793713,0.20617812222678894,0.35192432711478844,0.3797235656846139,0.45876803846999636,1-2,1-4,0.3132250965222611,0.1863974301702004,0.19133310395711006,0.16349581693223902,0.049608728457551224,True,True,False,False,一般,2026-09-21,1号艇のdominance,0.3625,1号艇のsession_exh_rel_avg,0.1257,1号艇vs5号艇のcumulative差,0.1217,1号艇のvs_max234_diff,0.1188,1号艇のvs_max234_frame_diff,0.1098,2号艇のsession_exh_rel_avg,-0.094,second_best_win_rate,0.07,2号艇の全国勝率,-0.0693,2号艇のwin_rate_rank_2to6,0.0683,1号艇vs2号艇のcumulative差,-0.0529,4号艇のsession_exh_rel_avg,0.0953,4号艇のwin_rate_rank_2to6,-0.0945,4号艇の年齢,0.0877,4号艇の全国勝率,-0.0861,4号艇のclass_rank_2to6,-0.0699,-0.0058,北西 4.7m/s,[逃げ]1号艇のdominanceが有利(+36.3pt)、1号艇のsession_exh_rel_avgが有利(+12.6pt) / [2着]2号艇のsession_exh_rel_avgが不利(-9.4pt)、second_best_win_rateが有利(+7.0pt) / [候補2]4号艇のsession_exh_rel_avgが有利(+9.5pt)、4号艇のwin_rate_rank_2to6が不利(-9.5pt) / [除外]1号艇vs6号艇のcumulative差が不利(-9.6pt)、1号艇vs3号艇の枠別勝率差が不利(-6.6pt)、天気-0.6pt
35,18,徳山,5,10:29,0.7188930494441677,3,0.3874652633307355,2,0.2709973538619913,0.473364198818667,0.18726490482441527,0.47119771236831154,0.3669907968517911,0.4727142528835603,1-3,1-2,0.19481811410914712,0.27854608470951986,0.13462343848309571,0.10911139639325294,0.0017940309807621946,False,False,True,False,予選,2026-09-21,場特性:in_escape_diff,0.1849,1号艇のdominance,0.1767,ST差分(6-5),0.0935,1号艇のracer_win_te,0.086,1号艇の勝率順位,0.0789,場特性:1x_diff_course3,0.0835,3号艇のwin_rate_rank_2to6,0.0684,風向(度),0.062,3号艇のcumulative_diff_rank_2to6,0.037,3号艇の全国勝率,0.0355,2号艇のwin_rate_rank_2to6,-0.1322,2号艇のsession_exh_rel_avg,0.0524,2号艇の全国勝率,-0.0494,場特性:1x_diff_course2,0.0485,1号艇vs6号艇のlocal_win_rate差,-0.0434,-0.0598,北 4.4m/s,[逃げ]場特性:in_escape_diffが有利(+18.5pt)、1号艇のdominanceが有利(+17.7pt) / [2着]場特性:1x_diff_course3が有利(+8.3pt)、3号艇のwin_rate_rank_2to6が有利(+6.8pt) / [候補2]2号艇のwin_rate_rank_2to6が不利(-13.2pt)、2号艇のsession_exh_rel_avgが有利(+5.2pt) / [除外]6号艇のvs_avg456_diffが不利(-12.4pt)、1号艇の当地勝率が不利(-11.8pt)、天気-6.0pt
36,13,尼崎,6,12:52,0.5941408751727353,4,0.4224948400868255,2,0.35804714455865694,0.46375189786633064,0.17417261888659002,0.6063693657588924,0.3668244387883244,0.5065371382340992,1-4,1-2,0.2127304438211793,0.10348307221640587,0.2510214540451513,0.019902226974496073,0.0070036847555444105,True,True,False,False,昼どきピンク,2026-09-21,1号艇のdominance,0.1666,2号艇のsession_exh_rel_avg,-0.1431,1号艇の勝率順位,0.0939,ST差分(6-5),0.0908,1号艇vs4号艇のcumulative差,-0.0887,4号艇のclass_rank_2to6,0.2226,4号艇の節間得点,0.2108,4号艇のwin_rate_rank_2to6,0.2025,5号艇の年齢,0.1253,4号艇の年齢,-0.079,2号艇のsession_exh_rel_avg,0.1611,2号艇の全国勝率,-0.0679,avg_456_win_rate,0.0442,2号艇のsession_exh_rel_last,0.0439,2号艇のwin_rate_rank_2to6,-0.0417,0.0056,北 5.0m/s,[逃げ]1号艇のdominanceが有利(+16.7pt)、2号艇のsession_exh_rel_avgが不利(-14.3pt) / [2着]4号艇のclass_rank_2to6が有利(+22.3pt)、4号艇の節間得点が有利(+21.1pt) / [候補2]2号艇のsession_exh_rel_avgが有利(+16.1pt)、2号艇の全国勝率が不利(-6.8pt) / [除外]6号艇のwin_rate_rank_2to6が不利(-10.4pt)、6号艇の直近平均着順が不利(-7.5pt)、天気+0.6pt
37,09,津,5,12:32,0.7001921709877219,2,0.389412082526061,4,0.29869466828297364,0.4818069597202853,0.20786236266379085,0.48024438814524373,0.36162752012590565,0.48133818824777275,1-2,1-4,0.2726632914727726,0.1455435989801969,0.20914366824751277,0.06011758125080359,0.01272402908012172,True,True,False,False,５ールドレー,2026-09-21,風速区分,-0.2311,1号艇のdominance,0.2233,1号艇のracer_win_te,0.0881,1号艇の勝率順位,0.0835,1号艇の級別順位,0.0691,2号艇のclass_rank_2to6,0.0856,2号艇のwin_rate_rank_2to6,0.0788,4号艇の一般戦勝率,-0.0486,2号艇の全国勝率,0.0454,4号艇のモーター出走数,-0.033,4号艇のwin_rate_rank_2to6,0.1946,4号艇のclass_rank_2to6,-0.0983,3号艇の年齢,0.0809,4号艇のcumulative_diff_rank_2to6,0.0541,4号艇の年齢,0.0497,-0.2064,北西 8.8m/s,[逃げ]風速区分が不利(-23.1pt)、1号艇のdominanceが有利(+22.3pt) / [2着]2号艇のclass_rank_2to6が有利(+8.6pt)、2号艇のwin_rate_rank_2to6が有利(+7.9pt) / [候補2]4号艇のwin_rate_rank_2to6が有利(+19.5pt)、4号艇のclass_rank_2to6が不利(-9.8pt) / [除外]6号艇のwin_rate_rank_2to6が不利(-8.2pt)、天気-20.6pt
38,05,多摩川,8,14:02,0.7384114090847794,2,0.34197896564304164,3,0.33103528442181845,0.4969614007245295,0.23185553109112977,0.4411587189737304,0.35869350132839645,0.48022059619928975,1-2,1-3,0.25252116989783374,0.2444402308266957,0.17120476941710103,0.05771836181785338,0.012526881251490835,True,True,False,False,一般,2026-09-21,1号艇のdominance,0.1774,1号艇のsession_exh_rel_avg,-0.1115,1号艇の全国勝率,0.0958,1号艇のracer_win_te,0.0942,1号艇の勝率順位,0.0763,2号艇のsession_exh_rel_avg,-0.089,2号艇のracer_avgfin_te,0.0755,2号艇の全国勝率,0.0698,2号艇の節間得点,-0.0649,1号艇vs2号艇のcumulative差,-0.0558,3号艇の節間得点,-0.1224,3号艇のsession_exh_rel_avg,-0.1027,3号艇のcumulative_diff_rank_2to6,-0.0467,3号艇のwin_rate_rank_2to6,0.0441,3号艇のracer_win_te,0.0319,-0.034,北 5.9m/s,[逃げ]1号艇のdominanceが有利(+17.7pt)、1号艇のsession_exh_rel_avgが不利(-11.1pt) / [2着]2号艇のsession_exh_rel_avgが不利(-8.9pt)、2号艇のracer_avgfin_teが有利(+7.5pt) / [候補2]3号艇の節間得点が不利(-12.2pt)、3号艇のsession_exh_rel_avgが不利(-10.3pt) / [除外]6号艇の節間得点が不利(-11.8pt)、6号艇のwin_rate_rank_2to6が不利(-6.0pt)、天気-3.4pt
39,12,住之江,8,18:23,0.48400497214568566,2,0.5878942177297257,3,0.24391296961042125,0.4025988145391489,0.09192780179938512,0.7398793855407618,0.35818678570600215,0.5037829858396328,1-2,1-3,0.2845437244768856,0.1180550900622634,0.03071522225795362,0.04449351314932551,0.006197428509964206,True,False,False,False,予選,2026-09-21,1号艇のdominance,-0.236,1号艇vs2号艇のcumulative差,-0.0986,1号艇のvs_max234_diff,-0.0936,1号艇の級別順位,-0.0899,1号艇のracer_avgfin_te,0.0778,2号艇のwin_rate_rank_2to6,0.1435,2号艇のclass_rank_2to6,0.106,2号艇のsession_exh_rel_avg,0.1057,2号艇のracer_avgfin_te,0.0602,2号艇の節間得点,0.0601,3号艇のwin_rate_rank_2to6,-0.0554,3号艇の当地勝率,-0.0511,3号艇の全国勝率,0.0455,3号艇のcumulative_diff_rank_2to6,0.0373,3号艇の節間得点,0.0342,0.0301,北西 3.0m/s,[逃げ]1号艇のdominanceが不利(-23.6pt)、1号艇vs2号艇のcumulative差が不利(-9.9pt) / [2着]2号艇のwin_rate_rank_2to6が有利(+14.4pt)、2号艇のclass_rank_2to6が有利(+10.6pt) / [候補2]3号艇のwin_rate_rank_2to6が不利(-5.5pt)、3号艇の当地勝率が不利(-5.1pt) / [除外]6号艇のwin_rate_rank_2to6が不利(-5.1pt)、天気+3.0pt
40,16,児島,1,10:54,0.6308455056467881,2,0.5050820352000582,5,0.19635133399042998,0.44249608846450367,0.1589296360698983,0.5425037331205899,0.35810519770208316,0.47249838186132953,1-2,1-5,0.31862873188888957,0.100260046628775,0.075654725821883,0.12386735657561417,0.01243463768137845,False,False,True,False,朝得ガァ～コ,2026-09-21,3号艇の平均ST,-0.3915,1号艇のdominance,0.296,ST差分(3-2),-0.1329,ST差分(4-3),-0.1107,1号艇のvs_max234_diff,0.0956,2号艇のwin_rate_rank_2to6,0.195,2号艇のsession_exh_rel_avg,-0.0906,2号艇の全国勝率,-0.057,3号艇のracer_win_te,0.0526,3号艇のracer_2nd_te,0.0481,3号艇の枠別平均ST,0.1942,5号艇のracer_avgfin_te,-0.1665,second_best_win_rate,0.1266,3号艇の一般戦2連率,0.1038,6号艇のsession_exh_rel_last,0.0954,0.0431,北 5.5m/s,[逃げ]3号艇の平均STが不利(-39.2pt)、1号艇のdominanceが有利(+29.6pt) / [2着]2号艇のwin_rate_rank_2to6が有利(+19.5pt)、2号艇のsession_exh_rel_avgが不利(-9.1pt) / [候補2]3号艇の枠別平均STが有利(+19.4pt)、5号艇のracer_avgfin_teが不利(-16.6pt) / [除外]6号艇の全国勝率が不利(-12.4pt)、6号艇のwin_rate_rank_2to6が不利(-11.3pt)、天気+4.3pt
41,05,多摩川,2,10:57,0.6808224141031307,3,0.35369825636923174,4,0.30834616921149405,0.45073468406739026,0.17916152997390294,0.4828828956068229,0.35382950533560936,0.46037914752922005,1-3,1-4,0.12197718535124302,0.2408057007653684,0.2099289833020218,0.09181472362260869,0.0162958324750639,False,False,True,False,一般,2026-09-21,1号艇のsession_exh_rel_avg,-0.1637,1号艇の級別順位,0.0686,1号艇のracer_win_te,0.0626,1号艇の全国勝率,0.0623,5号艇の女子戦2連率,0.0565,4号艇の全国2連率,-0.1571,3号艇のracer_avgfin_te,0.085,3号艇の当地勝率,0.0798,3号艇の全国勝率,0.0708,3号艇のcumulative_diff_rank_2to6,0.0671,4号艇のwin_rate_rank_2to6,0.2133,4号艇の全国勝率,0.2051,4号艇のracer_win_te,0.1567,4号艇のsession_exh_rel_avg,-0.1161,4号艇のracer_avgfin_te,0.0688,0.0421,北東 3.2m/s,[逃げ]1号艇のsession_exh_rel_avgが不利(-16.4pt)、1号艇の級別順位が有利(+6.9pt) / [2着]4号艇の全国2連率が不利(-15.7pt)、3号艇のracer_avgfin_teが有利(+8.5pt) / [候補2]4号艇のwin_rate_rank_2to6が有利(+21.3pt)、4号艇の全国勝率が有利(+20.5pt) / [除外]6号艇のsession_exh_rel_avgが不利(-9.5pt)、4号艇のracer_avgfin_teが不利(-6.6pt)、天気+4.2pt
42,17,宮島,11,16:03,0.6598835692145747,3,0.4026326175341681,2,0.3121434110259812,0.4716689569152901,0.2102431269245621,0.5045329016355873,0.3526707692651495,0.4815281403313792,1-3,1-2,0.2059783081746365,0.2656906487406536,0.1387359849978129,0.044229491065157195,0.005249138387290161,True,False,False,False,予選特選,2026-09-21,1号艇の女子戦比率,-0.2377,1号艇のdominance,0.148,1号艇の年齢,-0.1068,1号艇の節間得点,0.0761,風速区分,0.0752,3号艇のwin_rate_rank_2to6,0.1788,3号艇のracer_avgfin_te,0.0786,場特性:1x_diff_course3,0.0684,2号艇のsession_exh_rel_last,-0.051,3号艇の当地勝率,0.0501,2号艇のsession_exh_rel_avg,0.158,2号艇のwin_rate_rank_2to6,-0.1431,4号艇の女子戦比率,0.0936,2号艇の直近平均着順,-0.0804,2号艇の節間得点,0.0645,0.1481,北西 4.9m/s,[逃げ]1号艇の女子戦比率が不利(-23.8pt)、1号艇のdominanceが有利(+14.8pt) / [2着]3号艇のwin_rate_rank_2to6が有利(+17.9pt)、3号艇のracer_avgfin_teが有利(+7.9pt) / [候補2]2号艇のsession_exh_rel_avgが有利(+15.8pt)、2号艇のwin_rate_rank_2to6が不利(-14.3pt) / [除外]6号艇のsession_exh_rel_avgが不利(-7.4pt)、1号艇vs6号艇のcumulative差が不利(-6.9pt)、天気+14.8pt
43,12,住之江,11,19:58,0.8844940593538799,2,0.31429622716957056,3,0.22950563225366738,0.48098951412544766,0.22747492890763943,0.31632693051559846,0.3496938474882402,0.43159073904249284,1-2,1-3,0.2779931458088227,0.20299636831662501,0.20120022327075324,0.11357558501935071,0.08872872705333687,True,False,False,False,予選特別Ａ戦,2026-09-21,1号艇のdominance,0.2393,1号艇のracer_win_te,0.1792,1号艇のsession_exh_rel_avg,0.15,1号艇の節間得点,0.0857,1号艇の級別順位,0.0804,レース時間帯,-0.0825,2号艇のsession_exh_rel_avg,-0.0685,2号艇のclass_rank_2to6,-0.0589,2号艇の節間得点,0.054,2号艇の全国勝率,0.053,3号艇のwin_rate_rank_2to6,-0.1226,1号艇vs3号艇のcumulative差,-0.0718,3号艇のcumulative_diff_rank_2to6,-0.0655,場特性:1x_diff_course3,0.06,3号艇の節間得点,-0.0562,0.015,北西 2.5m/s,[逃げ]1号艇のdominanceが有利(+23.9pt)、1号艇のracer_win_teが有利(+17.9pt) / [2着]レース時間帯が不利(-8.3pt)、2号艇のsession_exh_rel_avgが不利(-6.8pt) / [候補2]3号艇のwin_rate_rank_2to6が不利(-12.3pt)、1号艇vs3号艇のcumulative差が不利(-7.2pt)、天気+1.5pt
44,16,児島,3,11:55,0.599320945462097,3,0.4507449015625297,2,0.2599909193007541,0.4259588641335629,0.15349530359260294,0.5572405172706809,0.34749964193179306,0.46534336007469823,1-3,1-2,0.15581800356688771,0.2701408605666752,0.09199295047311042,0.03320681775229242,0.04816229970726435,True,True,False,False,一般,2026-09-21,1号艇の年齢,-0.1803,1号艇のdominance,0.1678,1号艇のsession_exh_rel_avg,-0.1345,風速区分,-0.0782,1号艇の勝率順位,0.0739,3号艇のwin_rate_rank_2to6,0.0765,場特性:1x_diff_course3,-0.0302,3号艇のclass_rank_2to6,0.0296,3号艇のsession_rank_diff_delta,-0.028,3号艇のracer_2nd_te,0.0261,2号艇のwin_rate_rank_2to6,-0.144,2号艇の全国勝率,-0.0743,2号艇のsession_exh_rel_avg,-0.0721,2号艇の直近平均着順,-0.0587,2号艇のsession_avg_finish,0.0492,-0.0344,北 6.4m/s,[逃げ]1号艇の年齢が不利(-18.0pt)、1号艇のdominanceが有利(+16.8pt) / [2着]3号艇のwin_rate_rank_2to6が有利(+7.7pt)、場特性:1x_diff_course3が不利(-3.0pt) / [候補2]2号艇のwin_rate_rank_2to6が不利(-14.4pt)、2号艇の全国勝率が不利(-7.4pt)、天気-3.4pt
45,02,戸田,11,15:55,0.803938694485675,5,0.30265913151136115,3,0.26822228443704516,0.45895366024369544,0.2037807922601167,0.36710062368828966,0.34672253164952666,0.43139774927707364,1-5,1-3,0.16382726409085477,0.21563427318228348,0.15921060606292925,0.2433193870614119,0.021947191042340823,True,False,False,False,戸田特選,2026-09-21,1号艇のdominance,0.2615,場特性:in_escape_diff,-0.1572,4号艇のモーター2連率,-0.1532,5号艇の節間得点,-0.1251,1号艇のvs_max234_diff,0.1244,5号艇のwin_rate_rank_2to6,0.2412,5号艇のclass_rank_2to6,0.1706,5号艇の節間得点,0.1247,5号艇のsession_exh_rel_avg,0.1144,3号艇のsession_exh_rel_last,0.0779,3号艇のsession_exh_rel_avg,-0.2236,3号艇のwin_rate_rank_2to6,0.0594,3号艇のcumulative_diff_rank_2to6,0.0484,1号艇vs2号艇のcumulative差,0.0473,3号艇の節間得点,0.0442,-0.068,北 6.0m/s,[逃げ]1号艇のdominanceが有利(+26.1pt)、場特性:in_escape_diffが不利(-15.7pt) / [2着]5号艇のwin_rate_rank_2to6が有利(+24.1pt)、5号艇のclass_rank_2to6が有利(+17.1pt) / [候補2]3号艇のsession_exh_rel_avgが不利(-22.4pt)、3号艇のwin_rate_rank_2to6が有利(+5.9pt) / [除外]1号艇vs6号艇のcumulative差が不利(-7.2pt)、2号艇のwin_rate_rank_2to6が不利(-6.6pt)、天気-6.8pt
46,02,戸田,12,16:35,0.7630663416992596,4,0.3190974491123888,2,0.29702532260493864,0.47014254945194905,0.2215259863075701,0.39459678540975734,0.34516399908495077,0.44747882023929153,1-4,1-2,0.22665002631219291,0.16903902396303777,0.24349252313975617,0.069155932587796,0.054728818640614824,True,False,False,False,記者選抜戦,2026-09-21,1号艇のdominance,0.3177,1号艇のracer_win_te,0.1888,場特性:in_escape_diff,-0.1587,1号艇のvs_max234_diff,0.1557,1号艇の全国勝率,0.1271,4号艇のsession_exh_rel_avg,0.0975,4号艇の節間得点,0.0773,4号艇のモーター2連率,-0.0742,4号艇のwin_rate_rank_2to6,0.0723,4号艇のcumulative_diff_rank_2to6,0.0615,2号艇のsession_exh_rel_avg,0.126,2号艇のclass_rank_2to6,0.1037,2号艇の当地勝率,0.0544,2号艇の一般戦勝率,-0.0522,2号艇のモーター2連率,-0.0355,-0.0588,北西 5.5m/s,[逃げ]1号艇のdominanceが有利(+31.8pt)、1号艇のracer_win_teが有利(+18.9pt) / [2着]4号艇のsession_exh_rel_avgが有利(+9.8pt)、4号艇の節間得点が有利(+7.7pt) / [候補2]2号艇のsession_exh_rel_avgが有利(+12.6pt)、2号艇のclass_rank_2to6が有利(+10.4pt) / [除外]6号艇のwin_rate_rank_2to6が不利(-6.3pt)、5号艇のwin_rate_rank_2to6が不利(-5.8pt)、天気-5.9pt
47,05,多摩川,3,11:27,0.7135446449421745,2,0.41509855435043597,5,0.19929320178772353,0.4383959474890021,0.1772456426656413,0.43714611347251825,0.345151421743361,0.43802099728405697,1-2,1-5,0.29619135057999174,0.11640119564567926,0.12647267916340255,0.14220459690901033,0.032274831947653924,True,True,False,False,一般,2026-09-21,1号艇のdominance,0.1586,1号艇のracer_win_te,0.1382,1号艇の級別順位,0.0929,5号艇のsession_exh_rel_avg,-0.0666,1号艇の勝率順位,-0.0659,2号艇のsession_exh_rel_avg,-0.0932,6号艇のsession_rank_diff_last,-0.076,2号艇のwin_rate_rank_2to6,0.0707,3号艇のracer_2nd_te,0.0547,2号艇の全国勝率,0.0534,5号艇のsession_exh_rel_avg,0.1116,5号艇のracer_avgfin_te,0.0859,5号艇のracer_win_te,0.0729,5号艇のclass_rank_2to6,-0.0702,5号艇の節間得点,0.0625,0.0366,北東 3.9m/s,[逃げ]1号艇のdominanceが有利(+15.9pt)、1号艇のracer_win_teが有利(+13.8pt) / [2着]2号艇のsession_exh_rel_avgが不利(-9.3pt)、6号艇のsession_rank_diff_lastが不利(-7.6pt) / [候補2]5号艇のsession_exh_rel_avgが有利(+11.2pt)、5号艇のracer_avgfin_teが有利(+8.6pt) / [除外]6号艇のsession_exh_rel_avgが不利(-5.5pt)、天気+3.7pt
48,13,尼崎,1,10:34,0.6007484418277671,3,0.4539038709613309,2,0.29326579209779724,0.44886101086374897,0.19394276364229515,0.553226899416833,0.3443969969379213,0.4801707774296742,1-3,1-2,0.1761789676441376,0.27268204321961137,0.11651081306187973,0.03160951361646118,0.003767118832432396,False,False,True,False,朝からセンプ,2026-09-21,2号艇の平均ST,-0.1138,1号艇の年齢,-0.1101,1号艇のsession_exh_rel_avg,-0.102,風速区分,-0.0856,1号艇vs4号艇のcumulative差,0.0715,3号艇のwin_rate_rank_2to6,0.1898,3号艇のsession_exh_rel_avg,-0.105,ST差分(3-2),-0.0656,3号艇のclass_rank_2to6,0.0547,3号艇の当地勝率,-0.0479,2号艇のwin_rate_rank_2to6,-0.168,2号艇のsession_exh_rel_avg,-0.1068,2号艇の全国勝率,-0.1049,second_best_win_rate,0.064,2号艇の直近平均着順,-0.0601,-0.0378,北 6.6m/s,[逃げ]2号艇の平均STが不利(-11.4pt)、1号艇の年齢が不利(-11.0pt) / [2着]3号艇のwin_rate_rank_2to6が有利(+19.0pt)、3号艇のsession_exh_rel_avgが不利(-10.5pt) / [候補2]2号艇のwin_rate_rank_2to6が不利(-16.8pt)、2号艇のsession_exh_rel_avgが不利(-10.7pt) / [除外]6号艇の直近平均着順が不利(-20.4pt)、6号艇の全国勝率が不利(-15.3pt)、天気-3.8pt
49,03,江戸川,4,12:35,0.5108462842739309,2,0.5061626091879425,4,0.241237785026438,0.3818067142492874,0.08616315945703662,0.6612372347573439,0.34232950688733316,0.46563587040170434,1-2,1-4,0.25857128814205826,0.044016129849929364,0.12323542610722917,0.04128242072079815,0.043741027066118696,True,True,False,False,予選,2026-09-21,3号艇のsession_rank_diff_last,-0.1405,1号艇の節間得点,0.1053,場特性:in_escape_diff,-0.1019,1号艇の級別順位,-0.0711,1号艇の勝率順位,-0.0689,3号艇の全国勝率,-0.0767,2号艇のclass_rank_2to6,0.0737,2号艇のsession_exh_rel_avg,-0.068,3号艇の直近平均着順,0.0557,3号艇の当地2連率,0.0445,4号艇のwin_rate_rank_2to6,0.1859,4号艇のsession_exh_rel_avg,-0.1171,4号艇のclass_rank_2to6,0.1123,4号艇の全国勝率,0.0804,4号艇の年齢,-0.0754,-0.0053,東 3.3m/s,[逃げ]3号艇のsession_rank_diff_lastが不利(-14.0pt)、1号艇の節間得点が有利(+10.5pt) / [2着]3号艇の全国勝率が不利(-7.7pt)、2号艇のclass_rank_2to6が有利(+7.4pt) / [候補2]4号艇のwin_rate_rank_2to6が有利(+18.6pt)、4号艇のsession_exh_rel_avgが不利(-11.7pt) / [除外]6号艇のwin_rate_rank_2to6が不利(-6.5pt)、2号艇のracer_2nd_teが不利(-5.4pt)、天気-0.5pt
50,16,児島,9,15:05,0.6185124013589682,3,0.3536158125140526,2,0.31545834354604496,0.41383066295195603,0.14869570554030803,0.5203784505197895,0.3399888520697306,0.44579499922230603,1-3,1-2,0.19511489759538664,0.21871576535656936,0.09197013790550196,0.05142145691396653,0.061290138979267245,True,False,False,False,これしか９じ,2026-09-21,1号艇のdominance,0.1164,1号艇の級別順位,0.0685,1号艇の勝率順位,-0.0657,1号艇のvs_max234_diff,0.0508,1号艇のlocal_win_rate順位,-0.0467,3号艇の節間得点,-0.0636,3号艇のsession_exh_rel_avg,0.0628,3号艇の当地勝率,-0.0542,3号艇のwin_rate_rank_2to6,0.0485,3号艇のcumulative_diff_rank_2to6,-0.0475,2号艇のwin_rate_rank_2to6,-0.1476,2号艇の全国勝率,-0.0633,2号艇のclass_rank_2to6,-0.0435,2号艇の直近平均着順,-0.0397,2号艇のracer_avgfin_te,-0.0372,-0.0123,北西 4.8m/s,[逃げ]1号艇のdominanceが有利(+11.6pt)、1号艇の級別順位が有利(+6.8pt) / [2着]3号艇の節間得点が不利(-6.4pt)、3号艇のsession_exh_rel_avgが有利(+6.3pt) / [候補2]2号艇のwin_rate_rank_2to6が不利(-14.8pt)、2号艇の全国勝率が不利(-6.3pt) / [除外]6号艇のsession_exh_rel_avgが不利(-8.2pt)、天気-1.2pt
51,10,三国,1,08:32,0.6510583008338804,3,0.38335430676328514,4,0.32716168754558717,0.4625873359700295,0.2210254681819674,0.48949052612690497,0.3398950369606398,0.47065829301709206,1-3,1-4,0.1439004657555646,0.24958600357865457,0.21300133239137486,0.042531833806102,0.0020386622704578286,False,False,True,False,みくにあさイ,2026-09-21,1号艇のdominance,0.2356,風速区分,-0.1683,1号艇のsession_exh_rel_avg,0.1205,1号艇の年齢,-0.0811,1号艇の勝率順位,0.0774,3号艇のwin_rate_rank_2to6,0.1149,3号艇のracer_2nd_te,-0.0801,3号艇のracer_avgfin_te,-0.072,3号艇のracer_win_te,-0.0596,3号艇の当地勝率,-0.0448,4号艇のwin_rate_rank_2to6,0.1852,4号艇のsession_exh_rel_avg,0.098,4号艇のclass_rank_2to6,-0.0568,4号艇のcumulative_diff_rank_2to6,-0.0429,4号艇の節間得点,-0.0374,-0.1264,北 12.9m/s,[逃げ]1号艇のdominanceが有利(+23.6pt)、風速区分が不利(-16.8pt) / [2着]3号艇のwin_rate_rank_2to6が有利(+11.5pt)、3号艇のracer_2nd_teが不利(-8.0pt) / [候補2]4号艇のwin_rate_rank_2to6が有利(+18.5pt)、4号艇のsession_exh_rel_avgが有利(+9.8pt) / [除外]6号艇の全国勝率が不利(-16.3pt)、6号艇の直近平均着順が不利(-15.4pt)、天気-12.6pt
52,06,浜名湖,8,14:55,0.5116893380712364,4,0.545616798439539,3,0.21422573466818423,0.38880332280426244,0.105641876834414,0.6542006562733091,0.3395146275156639,0.46842252284497643,1-4,1-3,0.054055822030004384,0.10961702437018751,0.27918629843407494,0.04018819378379769,0.028642000406267562,True,True,False,False,ブレイクタイ,2026-09-21,1号艇のdominance,0.127,4号艇のsession_exh_rel_avg,-0.0906,風速区分,-0.076,場特性:in_escape_diff,-0.0677,1号艇vs4号艇のcumulative差,-0.0652,4号艇のclass_rank_2to6,0.2292,4号艇のwin_rate_rank_2to6,0.2281,4号艇のsession_exh_rel_avg,0.095,4号艇の全国勝率,0.0649,4号艇のcumulative_diff_rank_2to6,0.0477,3号艇のwin_rate_rank_2to6,-0.1208,3号艇の全国勝率,-0.0775,3号艇のracer_avgfin_te,-0.0763,3号艇の当地勝率,-0.0434,2号艇の直近1着率,0.041,-0.0666,北西 7.2m/s,[逃げ]1号艇のdominanceが有利(+12.7pt)、4号艇のsession_exh_rel_avgが不利(-9.1pt) / [2着]4号艇のclass_rank_2to6が有利(+22.9pt)、4号艇のwin_rate_rank_2to6が有利(+22.8pt) / [候補2]3号艇のwin_rate_rank_2to6が不利(-12.1pt)、3号艇の全国勝率が不利(-7.7pt) / [除外]2号艇のwin_rate_rank_2to6が不利(-6.3pt)、6号艇のvs_avg456_diffが不利(-5.8pt)、天気-6.7pt
53,17,宮島,12,16:45,0.6018338638604177,3,0.3944515503179274,2,0.30921138903260115,0.4234881856447073,0.16843782233532612,0.5352251170152024,0.33789047231502795,0.4570092650558558,1-3,1-2,0.18609388501113713,0.23739430063357023,0.10137158543630388,0.06213617681518182,0.01483791204071436,True,False,False,False,プリンセス特,2026-09-21,1号艇の女子戦比率,-0.2168,1号艇のdominance,0.1507,1号艇のracer_win_te,0.1017,1号艇のsession_exh_rel_avg,-0.089,風速区分,0.0864,3号艇のwin_rate_rank_2to6,0.1327,3号艇のsession_exh_rel_avg,-0.0592,3号艇の当地勝率,0.0512,3号艇の節間得点,0.0448,6号艇のsession_exh_rel_last,0.0357,2号艇のsession_exh_rel_avg,0.0793,2号艇の女子戦比率,-0.0787,2号艇の体重,-0.0762,2号艇の全国勝率,0.052,2号艇のracer_2nd_te,0.0508,0.1453,北西 4.9m/s,[逃げ]1号艇の女子戦比率が不利(-21.7pt)、1号艇のdominanceが有利(+15.1pt) / [2着]3号艇のwin_rate_rank_2to6が有利(+13.3pt)、3号艇のsession_exh_rel_avgが不利(-5.9pt) / [候補2]2号艇のsession_exh_rel_avgが有利(+7.9pt)、2号艇の女子戦比率が不利(-7.9pt) / [除外]6号艇のwin_rate_rank_2to6が不利(-6.5pt)、天気+14.5pt
54,15,丸亀,11,20:07,0.46732265333754625,2,0.47439298204492353,3,0.34879164609422153,0.3846928246086666,0.10216817233765756,0.7210164558014875,0.33752878924665236,0.48558991396651285,1-2,1-3,0.2216945870939446,0.162998237514722,0.047745501383481825,0.0296378919792927,0.005246443200211568,False,False,False,False,特別選抜戦,2026-09-21,1号艇のdominance,-0.0851,ST差分(4-3),-0.0742,1号艇の級別順位,-0.0594,1号艇の勝率順位,-0.0567,1号艇の全国勝率,-0.056,2号艇のwin_rate_rank_2to6,0.1965,2号艇のracer_avgfin_te,0.0811,2号艇のclass_rank_2to6,0.0739,2号艇のsession_exh_rel_avg,0.0696,2号艇の全国勝率,0.0518,3号艇のsession_exh_rel_avg,0.0762,3号艇の当地勝率,-0.0538,3号艇のwin_rate_rank_2to6,0.0521,4号艇のsession_exh_rel_delta,-0.0515,3号艇の全国勝率,0.0445,0.0098,北西 4.0m/s,[逃げ]1号艇のdominanceが不利(-8.5pt)、ST差分(4-3)が不利(-7.4pt) / [2着]2号艇のwin_rate_rank_2to6が有利(+19.7pt)、2号艇のracer_avgfin_teが有利(+8.1pt) / [候補2]3号艇のsession_exh_rel_avgが有利(+7.6pt)、3号艇の当地勝率が不利(-5.4pt) / [除外]6号艇のwin_rate_rank_2to6が不利(-7.8pt)、6号艇のsession_exh_rel_avgが不利(-5.4pt)、天気+1.0pt
55,15,丸亀,6,17:37,0.5773695954769082,3,0.48823529727132786,4,0.281719484257623,0.44454848074688164,0.20437361730077663,0.5655811642281743,0.3355237034559158,0.48085828579126944,1-3,1-4,0.11799911274710186,0.2818922160830946,0.16265626466378702,0.01255718980579511,0.002264819839601704,True,False,False,False,一般,2026-09-21,風速区分,-0.0817,1号艇の級別順位,-0.0814,4号艇のsession_exh_rel_avg,-0.0744,4号艇の直近1着率,-0.0626,1号艇のracer_win_te,0.0523,3号艇のwin_rate_rank_2to6,0.1984,class_std_1to6,-0.0954,3号艇のsession_exh_rel_avg,0.0679,4号艇の直近1着率,0.0541,3号艇の全国勝率,0.0496,4号艇のclass_rank_2to6,0.0929,4号艇の節間得点,0.092,4号艇のsession_exh_rel_avg,0.0869,4号艇のwin_rate_rank_2to6,0.068,4号艇のモーター2連率,-0.0625,-0.0184,北 6.7m/s,[逃げ]風速区分が不利(-8.2pt)、1号艇の級別順位が不利(-8.1pt) / [2着]3号艇のwin_rate_rank_2to6が有利(+19.8pt)、class_std_1to6が不利(-9.5pt) / [候補2]4号艇のclass_rank_2to6が有利(+9.3pt)、4号艇の節間得点が有利(+9.2pt) / [除外]6号艇の直近平均着順が不利(-9.8pt)、6号艇のwin_rate_rank_2to6が不利(-9.3pt)、天気-1.8pt
56,09,津,12,16:20,0.6499361698853454,2,0.3534307992499145,3,0.3334814024992828,0.446449085452383,0.2112415270497594,0.4756706746994379,0.3332787815792671,0.45521556222649945,1-2,1-3,0.22970745998400585,0.21674162546837714,0.1372935090114522,0.05330072471346515,0.012892833154338522,True,False,False,False,バッチこいＤ,2026-09-21,風速区分,-0.1292,1号艇の級別順位,0.0928,race_no,0.082,1号艇のdominance,0.0722,レース時間帯,0.0709,2号艇の当地勝率,0.1225,2号艇のsession_exh_rel_avg,0.0865,2号艇の全国勝率,0.0651,2号艇のclass_rank_2to6,-0.0551,3号艇の女子戦2連率,-0.0491,6号艇のモーター出走数,0.1701,3号艇の当地勝率,0.0879,3号艇のwin_rate_rank_2to6,0.0703,3号艇の全国勝率,0.0557,3号艇のcumulative_diff_rank_2to6,0.0446,-0.0334,北西 6.6m/s,[逃げ]風速区分が不利(-12.9pt)、1号艇の級別順位が有利(+9.3pt) / [2着]2号艇の当地勝率が有利(+12.2pt)、2号艇のsession_exh_rel_avgが有利(+8.6pt) / [候補2]6号艇のモーター出走数が有利(+17.0pt)、3号艇の当地勝率が有利(+8.8pt) / [除外]6号艇のwin_rate_rank_2to6が不利(-6.6pt)、3号艇のracer_win_teが不利(-5.5pt)、天気-3.3pt
57,06,浜名湖,11,16:27,0.5193764087073433,3,0.46909045390004156,2,0.29171936031620094,0.39514666901693307,0.13856279866109378,0.6222470155551487,0.3294435150082189,0.46327677297839776,1-3,1-2,0.1515121537114319,0.24363451530550115,0.07196624874903755,0.027506870920112062,0.024756610347121066,True,False,False,False,予選特選,2026-09-21,風速区分,-0.1224,1号艇のsession_exh_rel_avg,-0.1035,1号艇のsession_exh_rel_last,-0.0802,1号艇の級別順位,0.0751,場特性:in_escape_diff,-0.0622,3号艇のwin_rate_rank_2to6,0.1404,3号艇のsession_exh_rel_avg,0.0854,3号艇の節間得点,0.0415,3号艇の全国勝率,0.0355,3号艇のcumulative_diff_rank_2to6,0.033,2号艇のsession_exh_rel_avg,-0.1304,レース時間帯,-0.0705,2号艇のwin_rate_rank_2to6,0.0685,2号艇のモーター2連率,-0.0406,2号艇の全国勝率,0.039,-0.0788,北西 7.2m/s,[逃げ]風速区分が不利(-12.2pt)、1号艇のsession_exh_rel_avgが不利(-10.4pt) / [2着]3号艇のwin_rate_rank_2to6が有利(+14.0pt)、3号艇のsession_exh_rel_avgが有利(+8.5pt) / [候補2]2号艇のsession_exh_rel_avgが不利(-13.0pt)、レース時間帯が不利(-7.1pt) / [除外]5号艇のsession_exh_rel_avgが不利(-5.1pt)、天気-7.9pt
58,01,桐生,6,17:46,0.5920712384947378,3,0.5220459258712103,2,0.1842719946780637,0.41819052599063644,0.17750561300451612,0.5288123075447579,0.32911312718825775,0.45137706045687287,1-3,1-2,0.10910214810893691,0.30908837788169957,0.10509596813135148,0.05080833539686125,0.017976396844883752,True,False,False,False,ＤＤ目玉男子,2026-09-21,1号艇のdominance,0.1868,1号艇のsession_exh_rel_avg,0.1738,1号艇の勝率順位,0.0743,1号艇のvs_max234_diff,0.0717,1号艇のlocal_win_rate順位,0.0681,3号艇のwin_rate_rank_2to6,0.1744,3号艇のsession_exh_rel_avg,0.1088,4号艇のモーター出走数,-0.0889,6号艇のモーター出走数,0.0783,2号艇のvs_boat3_diff,0.0499,2号艇のwin_rate_rank_2to6,-0.2072,2号艇のsession_exh_rel_avg,-0.1229,2号艇の全国勝率,-0.0932,2号艇のsession_avg_finish,-0.0921,2号艇の節間得点,-0.0804,-0.0234,北東 4.3m/s,[逃げ]1号艇のdominanceが有利(+18.7pt)、1号艇のsession_exh_rel_avgが有利(+17.4pt) / [2着]3号艇のwin_rate_rank_2to6が有利(+17.4pt)、3号艇のsession_exh_rel_avgが有利(+10.9pt) / [候補2]2号艇のwin_rate_rank_2to6が不利(-20.7pt)、2号艇のsession_exh_rel_avgが不利(-12.3pt) / [除外]6号艇のsession_exh_rel_avgが不利(-6.9pt)、6号艇のwin_rate_rank_2to6が不利(-6.0pt)、天気-2.3pt
59,01,桐生,7,18:13,0.4450721555690734,2,0.4930188975456031,3,0.3255103211710322,0.3643045637704824,0.08956713698096988,0.7289620817356655,0.3251489036512545,0.4737018191600373,1-2,1-3,0.21942898346690973,0.1448755803035727,0.03986383872427074,0.03558100151730325,0.0053227637849365276,True,False,False,False,ドラドキ３女,2026-09-21,1号艇の女子戦比率,-0.1831,2号艇のsession_exh_rel_avg,-0.1823,1号艇のdominance,0.1601,1号艇のsession_exh_rel_avg,0.1323,1号艇のracer_win_te,0.1317,2号艇のsession_exh_rel_avg,0.1605,3号艇のモーター出走数,0.0794,2号艇の女子戦比率,-0.0748,5号艇の女子戦2連率,0.0634,2号艇のwin_rate_rank_2to6,0.0627,3号艇のwin_rate_rank_2to6,0.1946,3号艇のsession_exh_rel_avg,-0.1559,4号艇のモーター出走数,-0.1135,6号艇のモーター出走数,0.0921,4号艇の女子戦2連率,0.0792,-0.0617,北東 4.5m/s,[逃げ]1号艇の女子戦比率が不利(-18.3pt)、2号艇のsession_exh_rel_avgが不利(-18.2pt) / [2着]2号艇のsession_exh_rel_avgが有利(+16.0pt)、3号艇のモーター出走数が有利(+7.9pt) / [候補2]3号艇のwin_rate_rank_2to6が有利(+19.5pt)、3号艇のsession_exh_rel_avgが不利(-15.6pt) / [除外]6号艇の直近平均着順が不利(-15.9pt)、6号艇のwin_rate_rank_2to6が不利(-8.7pt)、天気-6.2pt
60,03,江戸川,11,15:53,0.5980478584157847,2,0.48703712136548283,3,0.1845520767826441,0.40164248168766137,0.1631161240805416,0.5084730740675854,0.3230252438328839,0.43369165940163856,1-2,1-3,0.2912715074016156,0.11037097428604575,0.09291487726955491,0.09755124867945131,0.005939259133749138,True,False,False,False,予選特選,2026-09-21,1号艇のdominance,0.1574,5号艇の節間得点,-0.1372,場特性:in_escape_diff,-0.1315,風速区分,-0.1157,1号艇の節間得点,0.0946,2号艇のwin_rate_rank_2to6,0.1684,2号艇の全国勝率,0.0562,2号艇の節間得点,0.0456,2号艇のsession_exh_rel_avg,0.0452,2号艇の当地勝率,-0.0374,3号艇の年齢,-0.0971,5号艇の節間得点,-0.0902,3号艇のwin_rate_rank_2to6,-0.0808,3号艇の当地勝率,0.0749,3号艇のcumulative_diff_rank_2to6,-0.0571,-0.1577,北 6.4m/s,[逃げ]1号艇のdominanceが有利(+15.7pt)、5号艇の節間得点が不利(-13.7pt) / [2着]2号艇のwin_rate_rank_2to6が有利(+16.8pt)、2号艇の全国勝率が有利(+5.6pt) / [候補2]3号艇の年齢が不利(-9.7pt)、5号艇の節間得点が不利(-9.0pt) / [除外]6号艇のwin_rate_rank_2to6が不利(-6.6pt)、1号艇vs6号艇のcumulative差が不利(-6.3pt)、天気-15.8pt
61,09,津,6,13:02,0.5868826450241145,2,0.4975539671968768,4,0.1771146305878799,0.3959512911826284,0.15498914200608802,0.5196794557786686,0.32230951010671044,0.43306974056144043,1-2,1-4,0.29200578831074453,0.09096043761055102,0.1039455028718839,0.08700151918107647,0.012969400875897964,True,True,False,False,予選,2026-09-21,風速区分,-0.2162,1号艇のdominance,0.1451,1号艇のracer_win_te,0.0592,1号艇vs4号艇の枠別平均ST差,-0.0587,場特性:in_escape_diff,0.0581,2号艇のwin_rate_rank_2to6,0.2044,2号艇のclass_rank_2to6,0.1169,2号艇の全国勝率,0.061,std_234_全国勝率,0.041,2号艇のsession_exh_rel_avg,0.0346,4号艇のwin_rate_rank_2to6,-0.1765,4号艇の全国勝率,-0.0981,4号艇のclass_rank_2to6,-0.0948,1号艇vs4号艇の勝率差,0.0875,4号艇の全国2連率,0.086,-0.2055,北西 8.6m/s,[逃げ]風速区分が不利(-21.6pt)、1号艇のdominanceが有利(+14.5pt) / [2着]2号艇のwin_rate_rank_2to6が有利(+20.4pt)、2号艇のclass_rank_2to6が有利(+11.7pt) / [候補2]4号艇のwin_rate_rank_2to6が不利(-17.6pt)、4号艇の全国勝率が不利(-9.8pt) / [除外]win_rate_range_1to6が不利(-5.1pt)、天気-20.6pt
62,16,児島,8,14:32,0.6969668081669668,3,0.3505963151282553,2,0.23853173302163969,0.4106026953206674,0.1873392032477947,0.4017888449021002,0.3182963171693424,0.40795854019509725,1-3,1-2,0.16624870061062727,0.24435399471004013,0.095518260804445,0.13056920653215814,0.060276642913292475,True,True,False,False,一般,2026-09-21,1号艇のdominance,0.1577,1号艇のsession_exh_rel_avg,-0.1276,1号艇のvs_max234_diff,0.1002,1号艇の勝率順位,0.0956,1号艇のracer_win_te,0.0931,3号艇のcumulative_diff_rank_2to6,-0.0646,3号艇のsession_exh_rel_avg,0.0636,3号艇のwin_rate_rank_2to6,-0.0618,3号艇の全国勝率,-0.0608,3号艇のracer_win_te,-0.0565,1号艇vs2号艇の枠別勝率差,-0.1405,2号艇のwin_rate_rank_2to6,-0.1272,2号艇の全国勝率,-0.0802,std_234_全国勝率,0.07,2号艇のsession_exh_rel_avg,0.0474,-0.0463,北西 5.8m/s,[逃げ]1号艇のdominanceが有利(+15.8pt)、1号艇のsession_exh_rel_avgが不利(-12.8pt) / [2着]3号艇のcumulative_diff_rank_2to6が不利(-6.5pt)、3号艇のsession_exh_rel_avgが有利(+6.4pt) / [候補2]1号艇vs2号艇の枠別勝率差が不利(-14.0pt)、2号艇のwin_rate_rank_2to6が不利(-12.7pt) / [除外]4号艇のwin_rate_rank_2to6が不利(-5.7pt)、天気-4.6pt
63,03,江戸川,5,13:02,0.3812072887664007,2,0.49553676473557134,3,0.3858892568849055,0.3360060239500968,0.047686391641822624,0.8337396299786541,0.31677852612758167,0.485326105758664,1-2,1-3,0.18890222656892092,0.14710379738117596,0.017961278492922745,0.018178400068831955,0.009061581639198717,True,True,False,False,予選,2026-09-21,1号艇のsession_exh_rel_avg,-0.1658,1号艇の直近1着率,-0.1,1号艇のracer_win_te,-0.0913,1号艇vs2号艇のcumulative差,-0.0872,1号艇の級別順位,-0.0861,ST差分(3-2),-0.0705,2号艇のwin_rate_rank_2to6,0.0653,2号艇のclass_rank_2to6,0.0614,5号艇のracer_2nd_te,-0.0433,1号艇vs2号艇のcumulative差,0.0379,3号艇のsession_exh_rel_avg,-0.1676,3号艇のwin_rate_rank_2to6,0.1603,3号艇の節間得点,0.0447,1号艇のsession_exh_rel_avg,0.0431,3号艇の枠別平均ST,-0.0371,-0.0359,東 3.8m/s,[逃げ]1号艇のsession_exh_rel_avgが不利(-16.6pt)、1号艇の直近1着率が不利(-10.0pt) / [2着]ST差分(3-2)が不利(-7.0pt)、2号艇のwin_rate_rank_2to6が有利(+6.5pt) / [候補2]3号艇のsession_exh_rel_avgが不利(-16.8pt)、3号艇のwin_rate_rank_2to6が有利(+16.0pt) / [除外]1号艇vs3号艇のcumulative差が不利(-5.4pt)、4号艇のwin_rate_rank_2to6が不利(-5.3pt)、天気-3.6pt
64,10,三国,5,10:18,0.4049538617070074,2,0.6518094890924241,3,0.2170610101380728,0.3518524639866851,0.08371058595641089,0.785159913274086,0.3165079328700463,0.48184469877290537,1-2,1-3,0.26395276970524867,0.08789969428143647,0.03389892504880497,0.018706362125526815,0.0004961154959880645,False,False,True,False,予選,2026-09-21,1号艇のdominance,-0.2059,風速区分,-0.1816,1号艇のvs_max234_diff,-0.0979,6号艇の枠別出走数,-0.0902,1号艇のsession_exh_rel_avg,-0.0882,2号艇のwin_rate_rank_2to6,0.2142,2号艇のclass_rank_2to6,0.0927,2号艇のracer_avgfin_te,0.0812,2号艇のsession_exh_rel_avg,0.0648,2号艇の全国勝率,0.0612,3号艇のsession_exh_rel_avg,-0.212,1号艇vs5号艇のlocal_win_rate差,-0.0542,3号艇のclass_rank_2to6,0.0534,3号艇のsession_exh_rel_last,-0.0486,6号艇のsession_exh_rel_last,0.0432,-0.1864,北 15.3m/s,[逃げ]1号艇のdominanceが不利(-20.6pt)、風速区分が不利(-18.2pt) / [2着]2号艇のwin_rate_rank_2to6が有利(+21.4pt)、2号艇のclass_rank_2to6が有利(+9.3pt) / [候補2]3号艇のsession_exh_rel_avgが不利(-21.2pt)、1号艇vs5号艇のlocal_win_rate差が不利(-5.4pt) / [除外]6号艇の直近平均着順が不利(-21.9pt)、6号艇の全国勝率が不利(-17.3pt)、天気-18.6pt
65,10,三国,12,14:09,0.6826515277993739,3,0.32549172823355976,2,0.3014909128151416,0.42801065781558245,0.2177550677579317,0.4092275732907697,0.3161688700630836,0.4223757324581386,1-3,1-2,0.20581323225088427,0.22219742556469818,0.14865082969100823,0.09299995592321572,0.012990077376110989,True,True,False,False,カニ坊選抜,2026-09-21,1号艇のdominance,0.2775,風速区分,-0.2597,1号艇のsession_exh_rel_avg,0.1293,1号艇のracer_win_te,0.1265,5号艇のsession_exh_rel_avg,-0.0889,3号艇のwin_rate_rank_2to6,0.1415,3号艇の節間得点,0.0499,場特性:1x_diff_course3,-0.038,1号艇の直近1着率,0.0328,3号艇のcumulative_diff_rank_2to6,0.0328,2号艇のsession_exh_rel_avg,0.1092,2号艇のclass_rank_2to6,-0.0674,1号艇vs6号艇のlocal_win_rate差,-0.0581,風向(度),0.0497,2号艇の全国勝率,0.048,-0.2113,北 13.7m/s,[逃げ]1号艇のdominanceが有利(+27.7pt)、風速区分が不利(-26.0pt) / [2着]3号艇のwin_rate_rank_2to6が有利(+14.1pt)、3号艇の節間得点が有利(+5.0pt) / [候補2]2号艇のsession_exh_rel_avgが有利(+10.9pt)、2号艇のclass_rank_2to6が不利(-6.7pt) / [除外]6号艇のwin_rate_rank_2to6が不利(-7.4pt)、天気-21.1pt
66,03,江戸川,1,11:14,0.618481234610879,3,0.45865835326060705,2,0.22424818756725964,0.42236488049506365,0.21230671853580257,0.47059982229206415,0.3147597983318556,0.43683536303416376,1-3,1-2,0.13869329590585072,0.28367158458921293,0.13130772139620756,0.057653215312319726,0.007155404735166269,True,True,False,False,予選,2026-09-21,1号艇のracer_win_te,-0.1603,1号艇のdominance,0.1174,場特性:in_escape_diff,-0.1021,1号艇のsession_exh_rel_avg,0.0863,1号艇の全国勝率,-0.0804,3号艇のsession_exh_rel_avg,0.0918,3号艇の節間得点,-0.0679,3号艇のwin_rate_rank_2to6,-0.0671,3号艇のcumulative_diff_rank_2to6,-0.0609,3号艇のsession_exh_rel_delta,0.0583,2号艇のwin_rate_rank_2to6,-0.1802,2号艇の全国勝率,-0.151,2号艇のsession_exh_rel_avg,0.0988,2号艇の直近平均着順,-0.0721,second_best_win_rate,0.0644,0.0251,東 2.6m/s,[逃げ]1号艇のracer_win_teが不利(-16.0pt)、1号艇のdominanceが有利(+11.7pt) / [2着]3号艇のsession_exh_rel_avgが有利(+9.2pt)、3号艇の節間得点が不利(-6.8pt) / [候補2]2号艇のwin_rate_rank_2to6が不利(-18.0pt)、2号艇の全国勝率が不利(-15.1pt) / [除外]6号艇の全国勝率が不利(-18.4pt)、6号艇の直近平均着順が不利(-15.4pt)、天気+2.5pt
67,15,丸亀,1,15:22,0.6141519284825132,2,0.44740177113902635,4,0.17246912724452643,0.38069490765244696,0.15755574176527776,0.46231515661827505,0.3087181053787127,0.40518098234219535,1-2,1-4,0.27477266055152505,0.09676316264863818,0.10592224710092187,0.07780036492778558,0.058893500117325207,True,False,False,False,一般,2026-09-21,1号艇の年齢,-0.2894,1号艇のdominance,0.1928,1号艇のracer_win_te,-0.1034,1号艇の級別順位,0.0894,1号艇のvs_max234_diff,0.0812,2号艇の全国勝率,-0.0696,全艇平均勝率,0.0627,2号艇のwin_rate_rank_2to6,0.0623,2号艇のclass_rank_2to6,-0.0611,2号艇の節間得点,-0.0584,1号艇vs4号艇のcumulative差,-0.1136,4号艇のsession_exh_rel_avg,0.1022,4号艇の全国勝率,-0.0912,4号艇のモーター2連率,-0.0864,4号艇のwin_rate_rank_2to6,-0.0773,-0.0098,北 5.2m/s,[逃げ]1号艇の年齢が不利(-28.9pt)、1号艇のdominanceが有利(+19.3pt) / [2着]2号艇の全国勝率が不利(-7.0pt)、全艇平均勝率が有利(+6.3pt) / [候補2]1号艇vs4号艇のcumulative差が不利(-11.4pt)、4号艇のsession_exh_rel_avgが有利(+10.2pt)、天気-1.0pt
68,16,児島,2,11:25,0.4240098818835832,2,0.6290778870769596,3,0.1721968086179194,0.3397483890778897,0.08410179739579063,0.7171728982990884,0.3054602488573598,0.45297574184424927,1-2,1-3,0.2667352405950757,0.07301314848281398,0.03565999317998623,0.02077966766112174,0.027821838282825154,True,True,False,False,一般,2026-09-21,1号艇のracer_win_te,-0.1608,1号艇の年齢,-0.1003,1号艇の級別順位,0.0892,風速区分,-0.0842,1号艇のvs_max234_frame_diff,-0.0747,2号艇のwin_rate_rank_2to6,0.2074,2号艇のsession_exh_rel_avg,0.0805,2号艇のclass_rank_2to6,-0.0565,2号艇の全国勝率,0.0329,2号艇のcumulative_diff_rank_2to6,0.0316,3号艇のsession_exh_rel_avg,-0.15,3号艇の節間得点,-0.1053,3号艇の全国勝率,-0.0675,3号艇のwin_rate_rank_2to6,0.0576,3号艇の全国2連率,-0.0565,-0.0332,北 6.0m/s,[逃げ]1号艇のracer_win_teが不利(-16.1pt)、1号艇の年齢が不利(-10.0pt) / [2着]2号艇のwin_rate_rank_2to6が有利(+20.7pt)、2号艇のsession_exh_rel_avgが有利(+8.1pt) / [候補2]3号艇のsession_exh_rel_avgが不利(-15.0pt)、3号艇の節間得点が不利(-10.5pt) / [除外]6号艇のwin_rate_rank_2to6が不利(-6.9pt)、4号艇のracer_avgfin_teが不利(-5.7pt)、天気-3.3pt
69,17,宮島,5,12:38,0.4975577098771966,4,0.5090339862764435,3,0.21477950283991668,0.3601389820229593,0.1273265165928552,0.5964869725235049,0.3051126915386229,0.43104337917312296,1-4,1-3,0.0529558794862847,0.10686519756159178,0.25327378446136756,0.06335229000258191,0.02111054168344849,True,True,False,False,ランチタイム,2026-09-21,1号艇の女子戦比率,-0.167,1号艇のsession_exh_rel_avg,0.1087,1号艇vs4号艇の枠別平均ST差,-0.1042,1号艇の節間得点,0.0863,1号艇のdominance,0.0782,4号艇のwin_rate_rank_2to6,0.1998,4号艇のclass_rank_2to6,0.1771,4号艇のsession_exh_rel_avg,-0.0683,2号艇の一般戦2連率,0.0473,4号艇のracer_win_te,0.0422,2号艇の女子戦比率,0.2227,3号艇のsession_exh_rel_avg,-0.1056,3号艇のwin_rate_rank_2to6,-0.0924,3号艇の全国勝率,-0.0648,3号艇のracer_avgfin_te,-0.0519,0.0568,北西 4.9m/s,[逃げ]1号艇の女子戦比率が不利(-16.7pt)、1号艇のsession_exh_rel_avgが有利(+10.9pt) / [2着]4号艇のwin_rate_rank_2to6が有利(+20.0pt)、4号艇のclass_rank_2to6が有利(+17.7pt) / [候補2]2号艇の女子戦比率が有利(+22.3pt)、3号艇のsession_exh_rel_avgが不利(-10.6pt) / [除外]2号艇のwin_rate_rank_2to6が不利(-7.0pt)、2号艇の女子戦比率が不利(-5.6pt)、天気+5.7pt
70,09,津,11,15:42,0.750620917681309,3,0.32874611609199933,2,0.2625850240485803,0.44386552306585664,0.2618879492770474,0.32944319086353224,0.3043738851572552,0.4095388234051593,1-3,1-2,0.19710181172071395,0.2467637113451427,0.19657857281601343,0.05647381729498584,0.05370299052304901,True,False,False,False,予選特選,2026-09-21,1号艇のdominance,0.1898,1号艇のracer_win_te,0.1151,風速区分,-0.0863,1号艇の勝率順位,0.0701,1号艇のvs_max234_diff,0.07,3号艇のwin_rate_rank_2to6,0.1679,3号艇のcumulative_diff_rank_2to6,0.0393,3号艇の全国勝率,0.0331,1号艇vs2号艇のlocal_win_rate差,-0.0309,4号艇の女子戦2連率,0.0304,2号艇のwin_rate_rank_2to6,-0.1699,場特性:1x_diff_course2,0.0613,2号艇のsession_exh_rel_avg,0.0585,2号艇の直近平均着順,-0.0559,3号艇のモーター出走数,0.0534,-0.0032,北西 6.7m/s,[逃げ]1号艇のdominanceが有利(+19.0pt)、1号艇のracer_win_teが有利(+11.5pt) / [2着]3号艇のwin_rate_rank_2to6が有利(+16.8pt)、3号艇のcumulative_diff_rank_2to6が有利(+3.9pt) / [候補2]2号艇のwin_rate_rank_2to6が不利(-17.0pt)、場特性:1x_diff_course2が有利(+6.1pt)、天気-0.3pt
71,06,浜名湖,5,13:20,0.4422005429688065,3,0.6246006510177782,4,0.1985780534510806,0.36401007007648806,0.14198678767266915,0.6811919167961896,0.30198852543969157,0.4591646240923985,1-3,1-4,0.06278663460325094,0.27619874701873154,0.08781132305775652,0.007287285142440853,0.008116556029446097,True,True,False,False,予選,2026-09-21,1号艇のdominance,-0.3008,1号艇のvs_max234_diff,-0.1242,1号艇の全国勝率,-0.0891,1号艇の級別順位,-0.0881,風速区分,-0.0828,3号艇のwin_rate_rank_2to6,0.203,3号艇の当地勝率,0.1063,3号艇の全国勝率,0.0708,3号艇のsession_exh_rel_avg,0.0701,1号艇の体重,0.0668,4号艇のclass_rank_2to6,0.12,4号艇のracer_2nd_te,0.0696,4号艇の当地勝率,0.0642,4号艇のwin_rate_rank_2to6,0.0637,4号艇のracer_win_te,0.036,-0.0972,北西 6.4m/s,[逃げ]1号艇のdominanceが不利(-30.1pt)、1号艇のvs_max234_diffが不利(-12.4pt) / [2着]3号艇のwin_rate_rank_2to6が有利(+20.3pt)、3号艇の当地勝率が有利(+10.6pt) / [候補2]4号艇のclass_rank_2to6が有利(+12.0pt)、4号艇のracer_2nd_teが有利(+7.0pt) / [除外]4号艇の当地2連率が不利(-11.7pt)、2号艇のwin_rate_rank_2to6が不利(-5.3pt)、天気-9.7pt
72,03,江戸川,8,14:24,0.48125167513948747,3,0.6086978975478035,2,0.12454547203064484,0.35287459989455056,0.12055459075716765,0.6126887788212806,0.30182581631988636,0.43081885357256955,1-3,1-2,0.059937717045786015,0.2929368828487645,0.05073944349230836,0.058017098747642305,0.019620528522980775,True,True,False,False,予選,2026-09-21,場特性:in_escape_diff,-0.1548,1号艇のsession_exh_rel_avg,-0.138,1号艇vs3号艇のcumulative差,-0.073,1号艇の節間得点,-0.0657,1号艇の級別順位,0.0649,3号艇のwin_rate_rank_2to6,0.181,3号艇のsession_exh_rel_avg,0.0896,3号艇の当地勝率,0.0662,1号艇vs2号艇のlocal_win_rate差,-0.0499,3号艇のclass_rank_2to6,0.044,2号艇のwin_rate_rank_2to6,-0.2074,2号艇の全国勝率,-0.1277,2号艇のsession_avg_finish,-0.1237,2号艇の直近平均着順,-0.0804,2号艇の節間得点,-0.0735,-0.071,北東 4.9m/s,[逃げ]場特性:in_escape_diffが不利(-15.5pt)、1号艇のsession_exh_rel_avgが不利(-13.8pt) / [2着]3号艇のwin_rate_rank_2to6が有利(+18.1pt)、3号艇のsession_exh_rel_avgが有利(+9.0pt) / [候補2]2号艇のwin_rate_rank_2to6が不利(-20.7pt)、2号艇の全国勝率が不利(-12.8pt) / [除外]6号艇のwin_rate_rank_2to6が不利(-8.8pt)、天気-7.1pt
73,17,宮島,2,11:07,0.5044757375802315,2,0.4341476664896241,4,0.32376393392178476,0.3823480136381591,0.17636411139794958,0.5815474890134592,0.3014290524340811,0.4421078562507491,1-2,1-4,0.21901696427108946,0.08897141518016272,0.1633310493670697,0.023788231503746267,0.009368078667652211,True,True,False,False,予選,2026-09-21,1号艇の級別順位,-0.0993,5号艇の平均ST,0.0873,5号艇の枠別出走数,-0.0845,1号艇の勝率順位,-0.0807,風速区分,0.0726,2号艇のsession_exh_rel_avg,0.1265,2号艇の節間得点,0.0932,2号艇のモーター2連率,-0.0503,5号艇の枠別平均ST,0.0451,2号艇のsession_avg_finish,0.0387,4号艇のwin_rate_rank_2to6,0.1893,4号艇のclass_rank_2to6,0.1219,1号艇vs5号艇の直近複勝率差,0.1185,4号艇の年齢,-0.0737,4号艇の直近複勝率,0.068,0.0918,北西 4.9m/s,[逃げ]1号艇の級別順位が不利(-9.9pt)、5号艇の平均STが有利(+8.7pt) / [2着]2号艇のsession_exh_rel_avgが有利(+12.7pt)、2号艇の節間得点が有利(+9.3pt) / [候補2]4号艇のwin_rate_rank_2to6が有利(+18.9pt)、4号艇のclass_rank_2to6が有利(+12.2pt) / [除外]5号艇の直近平均着順が不利(-22.2pt)、1号艇vs5号艇の直近複勝率差が不利(-7.1pt)、天気+9.2pt
74,17,宮島,1,10:40,0.6596578634152288,3,0.3809840952498691,2,0.2804245275224053,0.4363033989423676,0.2600225730692957,0.4013860497029787,0.300164920024119,0.4258281941705509,1-3,1-2,0.1849842446746549,0.2513191542677127,0.17152593499062183,0.024100698519092058,0.0277278186760622,False,False,True,False,ファーストＢ,2026-09-21,1号艇のdominance,0.3523,1号艇のvs_max234_diff,0.1205,風速区分,0.089,1号艇の勝率順位,0.0826,1号艇の級別順位,0.072,3号艇の全国勝率,-0.1019,3号艇のwin_rate_rank_2to6,-0.0801,4号艇のモーター出走数,-0.072,1号艇の一般戦2連率,0.0564,2号艇の直近1着率,0.0484,2号艇の全国2連率,-0.0955,2号艇の全国勝率,-0.0708,2号艇のwin_rate_rank_2to6,0.0631,2号艇の直近平均着順,-0.0521,2号艇のracer_avgfin_te,-0.0407,0.0785,北西 4.9m/s,[逃げ]1号艇のdominanceが有利(+35.2pt)、1号艇のvs_max234_diffが有利(+12.0pt) / [2着]3号艇の全国勝率が不利(-10.2pt)、3号艇のwin_rate_rank_2to6が不利(-8.0pt) / [候補2]2号艇の全国2連率が不利(-9.6pt)、2号艇の全国勝率が不利(-7.1pt) / [除外]5号艇の直近平均着順が不利(-9.7pt)、5号艇のracer_win_teが不利(-9.6pt)、天気+7.9pt
75,13,尼崎,9,14:22,0.6623518792960107,2,0.31565556785877347,6,0.2556784250560088,0.3784241439127997,0.17811371551188257,0.39322027740289967,0.2975411075387452,0.38286298395982965,1-2,1-6,0.20907505858150804,0.11797395419769043,0.08415385322065916,0.08179992796486142,0.16934908533129164,True,True,False,False,一般特選,2026-09-21,1号艇の年齢,-0.1326,1号艇のdominance,0.1257,1号艇のracer_win_te,0.11,1号艇の級別順位,0.0731,1号艇のsession_exh_rel_avg,-0.0605,2号艇のwin_rate_rank_2to6,-0.1542,2号艇のモーター2連率,0.0619,3号艇のracer_win_te,0.0573,2号艇のsession_exh_rel_avg,-0.0543,1号艇vs2号艇のplace_rate差,-0.0498,6号艇のwin_rate_rank_2to6,0.3051,6号艇のsession_exh_rel_avg,0.2522,6号艇のclass_rank_2to6,0.1243,6号艇のvs_avg456_diff,0.0989,6号艇の節間得点,0.0963,-0.0297,北西 4.1m/s,[逃げ]1号艇の年齢が不利(-13.3pt)、1号艇のdominanceが有利(+12.6pt) / [2着]2号艇のwin_rate_rank_2to6が不利(-15.4pt)、2号艇のモーター2連率が有利(+6.2pt) / [候補2]6号艇のwin_rate_rank_2to6が有利(+30.5pt)、6号艇のsession_exh_rel_avgが有利(+25.2pt)、天気-3.0pt
76,01,桐生,9,19:14,0.4847478340379101,2,0.41639871753186886,3,0.3127839282857625,0.35346970817812934,0.1382748165410574,0.5909078292765739,0.29481855731674705,0.4247011445076627,1-2,1-3,0.20184837641973696,0.15162133175839237,0.06702841782026696,0.03769676317060242,0.026552948480564147,True,False,False,False,予選特賞女子,2026-09-21,2号艇のsession_exh_rel_avg,-0.1226,1号艇のsession_exh_rel_avg,-0.1045,1号艇のdominance,0.1014,6号艇のモーター出走数,-0.0969,1号艇のvs_max234_diff,0.0801,2号艇のsession_exh_rel_avg,0.1928,2号艇の全国勝率,-0.0824,second_best_win_rate,0.0681,2号艇の直近平均着順,-0.0646,3号艇のモーター出走数,0.0619,3号艇のsession_exh_rel_avg,-0.2079,3号艇のwin_rate_rank_2to6,0.1618,4号艇のモーター出走数,-0.0973,6号艇のモーター出走数,0.0723,3号艇のsession_exh_rel_last,-0.0688,-0.0328,北東 4.2m/s,[逃げ]2号艇のsession_exh_rel_avgが不利(-12.3pt)、1号艇のsession_exh_rel_avgが不利(-10.5pt) / [2着]2号艇のsession_exh_rel_avgが有利(+19.3pt)、2号艇の全国勝率が不利(-8.2pt) / [候補2]3号艇のsession_exh_rel_avgが不利(-20.8pt)、3号艇のwin_rate_rank_2to6が有利(+16.2pt) / [除外]5号艇の直近平均着順が不利(-19.9pt)、天気-3.3pt
77,02,戸田,5,12:44,0.47052651722129507,4,0.5276611656048182,3,0.26083548767325726,0.3710085841075799,0.1736852883123201,0.6148113649657554,0.2936821046310951,0.4441494183650325,1-4,1-3,0.08172353380217248,0.12273001358261577,0.24827857052496413,0.016706179695880192,0.001088210467987619,True,True,False,False,ウインウイン,2026-09-21,場特性:in_escape_diff,-0.1496,3号艇のsession_exh_rel_avg,-0.1295,5号艇の枠別出走数,-0.1268,1号艇の節間得点,0.1095,ST差分(6-5),0.099,4号艇のwin_rate_rank_2to6,0.2334,4号艇のclass_rank_2to6,0.2272,4号艇の全国勝率,0.1127,4号艇の節間得点,0.1063,4号艇のsession_exh_rel_avg,0.0774,3号艇のsession_exh_rel_avg,0.1389,3号艇のracer_win_te,-0.0619,3号艇のwin_rate_rank_2to6,0.0536,3号艇の当地勝率,-0.0467,3号艇の全国勝率,-0.0455,-0.0598,北東 3.4m/s,[逃げ]場特性:in_escape_diffが不利(-15.0pt)、3号艇のsession_exh_rel_avgが不利(-13.0pt) / [2着]4号艇のwin_rate_rank_2to6が有利(+23.3pt)、4号艇のclass_rank_2to6が有利(+22.7pt) / [候補2]3号艇のsession_exh_rel_avgが有利(+13.9pt)、3号艇のracer_win_teが不利(-6.2pt) / [除外]6号艇の直近平均着順が不利(-22.0pt)、6号艇のvs_avg456_diffが不利(-11.3pt)、天気-6.0pt
78,05,多摩川,6,12:57,0.6211802346812965,4,0.391997566259491,2,0.22973875424156226,0.38621031347873,0.2001369951199417,0.4215993253811116,0.29345634752997357,0.39682701704944445,1-4,1-2,0.14270917327516233,0.12432114559701488,0.24350114020356767,0.07609797272274,0.03455080403984985,True,True,False,False,一般,2026-09-21,1号艇のdominance,0.1579,1号艇vs5号艇のplace_rate差,-0.116,1号艇のracer_win_te,0.084,1号艇の勝率順位,0.073,1号艇vs5号艇のcumulative差,-0.0657,4号艇の全国勝率,0.2144,4号艇のwin_rate_rank_2to6,0.1993,4号艇のracer_win_te,0.0854,4号艇のsession_exh_rel_avg,0.0815,4号艇のclass_rank_2to6,-0.0622,2号艇のwin_rate_rank_2to6,-0.1556,2号艇の全国勝率,0.0673,2号艇のsession_exh_rel_avg,-0.0654,2号艇の節間得点,-0.0614,2号艇のclass_rank_2to6,-0.0476,-0.0465,北東 4.5m/s,[逃げ]1号艇のdominanceが有利(+15.8pt)、1号艇vs5号艇のplace_rate差が不利(-11.6pt) / [2着]4号艇の全国勝率が有利(+21.4pt)、4号艇のwin_rate_rank_2to6が有利(+19.9pt) / [候補2]2号艇のwin_rate_rank_2to6が不利(-15.6pt)、2号艇の全国勝率が有利(+6.7pt)、天気-4.7pt
79,15,丸亀,4,16:42,0.5279368601230954,2,0.5127253534384177,5,0.1537478808952553,0.3518557866902033,0.14689978433941614,0.5195734499942568,0.28983073967016354,0.40217108568141935,1-2,1-5,0.2706866131997826,0.04319353552124068,0.07755381089691121,0.08116917349042072,0.0553337368483305,True,False,False,False,一般,2026-09-21,1号艇のdominance,-0.2109,1号艇のsession_exh_rel_avg,0.1697,1号艇の級別順位,-0.1014,風速区分,-0.083,5号艇の節間得点,-0.0814,3号艇の全国勝率,-0.0736,3号艇のracer_win_te,0.0691,2号艇のsession_exh_rel_avg,-0.067,3号艇の直近平均着順,0.0626,1号艇vs5号艇の直近複勝率差,0.0518,5号艇のwin_rate_rank_2to6,0.1192,5号艇のclass_rank_2to6,-0.0625,5号艇の節間得点,0.0519,mean_234_全国勝率,0.049,1号艇のモーター2連率,-0.0488,-0.0574,北 6.3m/s,[逃げ]1号艇のdominanceが不利(-21.1pt)、1号艇のsession_exh_rel_avgが有利(+17.0pt) / [2着]3号艇の全国勝率が不利(-7.4pt)、3号艇のracer_win_teが有利(+6.9pt) / [候補2]5号艇のwin_rate_rank_2to6が有利(+11.9pt)、5号艇のclass_rank_2to6が不利(-6.2pt) / [除外]3号艇のwin_rate_rank_2to6が不利(-5.2pt)、天気-5.7pt
80,05,多摩川,1,10:30,0.6468666667336807,2,0.3629319201046064,4,0.24894336047876686,0.39580172320770224,0.22490387550911667,0.3869714050742566,0.2889809134285835,0.3931526277676685,1-2,1-4,0.23476856140932123,0.145482820286069,0.161033161798381,0.0826111318546147,0.02297099379506085,False,False,True,False,一般,2026-09-21,1号艇のracer_win_te,0.1155,4号艇のsession_exh_rel_avg,-0.1046,1号艇のsession_exh_rel_avg,-0.0927,1号艇の級別順位,0.0668,1号艇の勝率順位,-0.0638,2号艇のsession_exh_rel_avg,-0.0883,2号艇の当地勝率,0.0844,2号艇のwin_rate_rank_2to6,0.0709,2号艇の節間得点,-0.0685,2号艇の全国勝率,0.057,4号艇のsession_exh_rel_avg,0.1379,4号艇のwin_rate_rank_2to6,-0.0992,4号艇のcumulative_diff_rank_2to6,0.0651,4号艇のclass_rank_2to6,-0.0623,4号艇の全国勝率,0.0549,0.0351,北東 2.6m/s,[逃げ]1号艇のracer_win_teが有利(+11.5pt)、4号艇のsession_exh_rel_avgが不利(-10.5pt) / [2着]2号艇のsession_exh_rel_avgが不利(-8.8pt)、2号艇の当地勝率が有利(+8.4pt) / [候補2]4号艇のsession_exh_rel_avgが有利(+13.8pt)、4号艇のwin_rate_rank_2to6が不利(-9.9pt) / [除外]6号艇のsession_exh_rel_avgが不利(-9.0pt)、天気+3.5pt
81,10,三国,4,09:50,0.5916379011665127,3,0.4265430725018272,4,0.19663068978884887,0.36869321678369493,0.18311987236213523,0.4400538899285409,0.28767515102583663,0.39010141872714865,1-3,1-4,0.10834065694621338,0.2523590481720967,0.11633416861159819,0.036473105142662283,0.07813092890601092,False,False,True,False,みくにあさ推,2026-09-21,風速区分,-0.1745,1号艇のdominance,0.1533,1号艇のracer_win_te,0.0636,場特性:in_escape_diff,-0.0511,場特性:1x_diff_course5,-0.0432,3号艇のwin_rate_rank_2to6,0.1809,3号艇のsession_exh_rel_avg,-0.1279,風向(度),0.052,3号艇の枠別平均ST,-0.0517,2号艇のvs_boat3_diff,0.0514,4号艇のclass_rank_2to6,0.1884,4号艇のsession_exh_rel_avg,-0.1743,4号艇の節間得点,-0.0847,4号艇のwin_rate_rank_2to6,0.0841,4号艇の年齢,-0.0754,-0.104,北 14.8m/s,[逃げ]風速区分が不利(-17.4pt)、1号艇のdominanceが有利(+15.3pt) / [2着]3号艇のwin_rate_rank_2to6が有利(+18.1pt)、3号艇のsession_exh_rel_avgが不利(-12.8pt) / [候補2]4号艇のclass_rank_2to6が有利(+18.8pt)、4号艇のsession_exh_rel_avgが不利(-17.4pt) / [除外]5号艇のracer_avgfin_teが不利(-6.3pt)、場特性:1x_diff_course5が不利(-5.0pt)、天気-10.4pt
82,10,三国,11,13:31,0.37011577658573847,2,0.623724085977339,3,0.2227644961229171,0.3132987789349969,0.08883800788936955,0.7576505742108866,0.2798993716612884,0.44660431751776375,1-2,1-3,0.23085012445673272,0.08244865447826419,0.03288034828030397,0.013881350096558562,0.010055300652667675,True,True,False,False,記者特選,2026-09-21,1号艇のdominance,-0.237,風速区分,-0.1782,1号艇のsession_exh_rel_avg,0.1482,1号艇のvs_max234_diff,-0.0962,1号艇の級別順位,-0.0802,2号艇の当地勝率,0.332,2号艇のwin_rate_rank_2to6,0.206,2号艇のsession_exh_rel_avg,0.1155,2号艇のclass_rank_2to6,0.093,2号艇のracer_avgfin_te,0.0602,3号艇のsession_exh_rel_avg,-0.1403,1号艇vs2号艇のplace_rate差,0.0457,3号艇の節間得点,0.0456,3号艇のwin_rate_rank_2to6,0.0448,3号艇のcumulative_diff_rank_2to6,0.0384,-0.1056,北 14.3m/s,[逃げ]1号艇のdominanceが不利(-23.7pt)、風速区分が不利(-17.8pt) / [2着]2号艇の当地勝率が有利(+33.2pt)、2号艇のwin_rate_rank_2to6が有利(+20.6pt) / [候補2]3号艇のsession_exh_rel_avgが不利(-14.0pt)、1号艇vs2号艇のplace_rate差が有利(+4.6pt) / [除外]6号艇のsession_exh_rel_avgが不利(-6.2pt)、場特性:1x_diff_course5が不利(-5.9pt)、天気-10.6pt
83,06,浜名湖,10,15:59,0.515836251090575,2,0.3850914648633869,5,0.3084325096032845,0.35774480703032346,0.18254123849860096,0.5109827359680705,0.27938099086021356,0.4037161857116476,1-2,1-5,0.1986441375621074,0.09416138813654885,0.05996999745008673,0.15910066946821605,0.003960060875665664,True,False,False,False,予選特賞,2026-09-21,1号艇のsession_exh_rel_avg,-0.1925,1号艇のracer_win_te,0.1283,風速区分,-0.1278,1号艇vs5号艇のcumulative差,-0.0736,5号艇の節間得点,-0.0725,2号艇のsession_exh_rel_avg,0.0925,6号艇のsession_rank_diff_last,-0.0759,2号艇のモーター2連率,-0.0527,2号艇の全国勝率,0.0477,2号艇の当地勝率,-0.0455,5号艇のwin_rate_rank_2to6,0.2689,5号艇のclass_rank_2to6,0.1766,5号艇のsession_exh_rel_avg,0.111,2号艇の女子戦2連率,0.0599,5号艇の節間得点,0.0563,-0.0952,北西 7.0m/s,[逃げ]1号艇のsession_exh_rel_avgが不利(-19.2pt)、1号艇のracer_win_teが有利(+12.8pt) / [2着]2号艇のsession_exh_rel_avgが有利(+9.3pt)、6号艇のsession_rank_diff_lastが不利(-7.6pt) / [候補2]5号艇のwin_rate_rank_2to6が有利(+26.9pt)、5号艇のclass_rank_2to6が有利(+17.7pt) / [除外]6号艇のwin_rate_rank_2to6が不利(-6.1pt)、4号艇のwin_rate_rank_2to6が不利(-6.0pt)、天気-9.5pt
84,17,宮島,6,13:09,0.818382088004542,3,0.24633381804905247,5,0.1997301928240297,0.36505079660199374,0.19859882113862976,0.24746518973445242,0.27805240716894536,0.32977511454173136,1-3,1-5,0.14795615570682294,0.2015951843611145,0.1625297179186724,0.16345561224087923,0.14284541167963133,True,True,False,False,予選,2026-09-21,1号艇のracer_win_te,0.1853,1号艇のdominance,0.1687,1号艇のvs_max234_diff,0.1248,風速区分,0.0973,1号艇の勝率順位,0.0943,3号艇のwin_rate_rank_2to6,-0.1104,5号艇の節間得点,-0.0946,3号艇の年齢,-0.0838,3号艇のracer_avgfin_te,-0.082,3号艇の当地勝率,-0.0656,5号艇のwin_rate_rank_2to6,0.1128,5号艇のsession_exh_rel_avg,-0.1077,5号艇の性別,-0.0957,3号艇の枠別平均ST,0.0936,mean_234_全国勝率,0.0914,0.1153,北西 4.9m/s,[逃げ]1号艇のracer_win_teが有利(+18.5pt)、1号艇のdominanceが有利(+16.9pt) / [2着]3号艇のwin_rate_rank_2to6が不利(-11.0pt)、5号艇の節間得点が不利(-9.5pt) / [候補2]5号艇のwin_rate_rank_2to6が有利(+11.3pt)、5号艇のsession_exh_rel_avgが不利(-10.8pt) / [除外]2号艇のwin_rate_rank_2to6が不利(-6.8pt)、天気+11.5pt
85,02,戸田,10,15:21,0.6952293255918094,2,0.31736645788466133,3,0.2670165780914203,0.4062802239889453,0.26370404222656796,0.3206789937495137,0.2777149391778249,0.3805998549171158,1-2,1-3,0.22064246848061447,0.18563775550833087,0.05985020645256987,0.18333478343301088,0.04576410653742119,True,False,False,False,戸田特賞,2026-09-21,1号艇のdominance,0.3111,場特性:in_escape_diff,-0.1623,1号艇のracer_win_te,0.1424,5号艇の節間得点,-0.1274,1号艇のvs_max234_diff,0.1226,2号艇のsession_exh_rel_avg,-0.1203,2号艇の当地勝率,0.093,2号艇のwin_rate_rank_2to6,0.0684,1号艇vs2号艇のplace_rate差,-0.0565,レース時間帯,-0.0479,3号艇のsession_exh_rel_avg,0.1424,3号艇のモーター2連率,0.0867,3号艇のwin_rate_rank_2to6,-0.0748,3号艇のcumulative_diff_rank_2to6,-0.0468,3号艇の全国勝率,0.0467,-0.2484,北 6.0m/s,[逃げ]1号艇のdominanceが有利(+31.1pt)、場特性:in_escape_diffが不利(-16.2pt) / [2着]2号艇のsession_exh_rel_avgが不利(-12.0pt)、2号艇の当地勝率が有利(+9.3pt) / [候補2]3号艇のsession_exh_rel_avgが有利(+14.2pt)、3号艇のモーター2連率が有利(+8.7pt) / [除外]1号艇vs2号艇のlocal_win_rate差が不利(-5.0pt)、天気-24.8pt
86,18,徳山,3,09:36,0.550675027599151,3,0.34916624213944303,2,0.2984406956151903,0.3566209683214344,0.19004003962184973,0.4575668981327837,0.27529425278168906,0.38690474726483914,1-3,1-2,0.16434383829460475,0.19227713002682964,0.08763216065754365,0.10465030406370585,0.001771608403581321,False,False,True,False,決めトク特賞,2026-09-21,場特性:in_escape_diff,0.1779,1号艇の年齢,-0.0957,4号艇の枠別出走数,-0.0613,1号艇の勝率順位,-0.0612,1号艇の節間得点,-0.0586,3号艇のwin_rate_rank_2to6,-0.0564,3号艇のcumulative_diff_rank_2to6,0.0477,3号艇のclass_rank_2to6,0.0433,3号艇の全国勝率,0.0414,場特性:1x_diff_course3,0.0404,2号艇のwin_rate_rank_2to6,-0.1329,場特性:1x_diff_course2,0.0462,2号艇の当地勝率,-0.0407,2号艇のsession_exh_rel_avg,0.0388,2号艇のracer_2nd_te,-0.0358,-0.0144,北 4.5m/s,[逃げ]場特性:in_escape_diffが有利(+17.8pt)、1号艇の年齢が不利(-9.6pt) / [2着]3号艇のwin_rate_rank_2to6が不利(-5.6pt)、3号艇のcumulative_diff_rank_2to6が有利(+4.8pt) / [候補2]2号艇のwin_rate_rank_2to6が不利(-13.3pt)、場特性:1x_diff_course2が有利(+4.6pt) / [除外]6号艇のvs_avg456_diffが不利(-12.8pt)、6号艇のwin_rate_rank_2to6が不利(-10.8pt)、天気-1.4pt
87,17,宮島,10,15:24,0.377026124082791,2,0.702410809440422,3,0.1270086578833127,0.3127128070038808,0.09988237185965805,0.7295370954640766,0.2752314107545539,0.43776009354193957,1-2,1-3,0.2648272249971782,0.04788558200670261,0.024630723234811698,0.03765826352644291,0.0020243187302685386,True,False,False,False,予選特賞,2026-09-21,1号艇の女子戦比率,-0.1762,1号艇の直近1着率,-0.1069,1号艇のdominance,-0.0953,3号艇の平均ST,-0.0786,風速区分,0.0722,2号艇のwin_rate_rank_2to6,0.2188,2号艇のclass_rank_2to6,0.1187,2号艇のsession_exh_rel_avg,-0.0932,全艇平均勝率,0.0876,2号艇の全国勝率,0.0586,3号艇の女子戦勝率,0.1164,3号艇のwin_rate_rank_2to6,-0.1142,3号艇のracer_win_te,-0.1014,3号艇の全国勝率,-0.089,3号艇の枠別平均ST,0.0783,0.0175,北西 4.9m/s,[逃げ]1号艇の女子戦比率が不利(-17.6pt)、1号艇の直近1着率が不利(-10.7pt) / [2着]2号艇のwin_rate_rank_2to6が有利(+21.9pt)、2号艇のclass_rank_2to6が有利(+11.9pt) / [候補2]3号艇の女子戦勝率が有利(+11.6pt)、3号艇のwin_rate_rank_2to6が不利(-11.4pt) / [除外]6号艇の直近平均着順が不利(-20.0pt)、6号艇の全国勝率が不利(-11.6pt)、天気+1.7pt
88,15,丸亀,10,19:36,0.638061540875509,3,0.3379086311421652,2,0.2903084823789673,0.4008411794576584,0.2628182874304109,0.3653988260907216,0.27442310867768105,0.39020847344757736,1-3,1-2,0.18523467759595444,0.21560650186170394,0.1676942414481104,0.03986266831579141,0.0296634647272535,True,False,False,False,特別選抜戦,2026-09-21,1号艇のracer_win_te,-0.1957,1号艇のsession_exh_rel_avg,0.1114,2号艇のsession_exh_rel_avg,-0.0904,1号艇の年齢,0.087,1号艇の級別順位,-0.0865,3号艇のwin_rate_rank_2to6,0.1597,3号艇の当地2連率,-0.061,場特性:1x_diff_course3,-0.0363,3号艇のclass_rank_2to6,0.0359,1号艇のracer_avgfin_te,0.0353,2号艇のsession_exh_rel_avg,0.1734,2号艇のclass_rank_2to6,-0.0574,2号艇のwin_rate_rank_2to6,-0.0527,2号艇のモーター2連率,-0.0466,2号艇の全国勝率,-0.0456,0.0889,北西 4.6m/s,[逃げ]1号艇のracer_win_teが不利(-19.6pt)、1号艇のsession_exh_rel_avgが有利(+11.1pt) / [2着]3号艇のwin_rate_rank_2to6が有利(+16.0pt)、3号艇の当地2連率が不利(-6.1pt) / [候補2]2号艇のsession_exh_rel_avgが有利(+17.3pt)、2号艇のclass_rank_2to6が不利(-5.7pt) / [除外]6号艇のwin_rate_rank_2to6が不利(-7.2pt)、天気+8.9pt
89,15,丸亀,12,20:38,0.67388513887027,2,0.32041317819446985,4,0.2972730044851086,0.41624953899327477,0.2845732686446704,0.3331129140349081,0.2741053487334907,0.39130855150576477,1-2,1-4,0.2159216790834449,0.19176969665938037,0.20032785990982982,0.04645736626539408,0.01940853695222086,False,False,False,False,優勝戦,2026-09-21,1号艇のsession_exh_rel_avg,0.1837,1号艇の節間得点,0.1208,2号艇の直近1着率,-0.1047,ST差分(4-3),-0.1028,4号艇のracer_win_te,-0.0997,2号艇のwin_rate_rank_2to6,0.153,2号艇のsession_exh_rel_avg,0.0888,4号艇の節間得点,-0.0719,2号艇のracer_avgfin_te,0.0612,2号艇のモーター2連率,-0.0547,4号艇のwin_rate_rank_2to6,0.0908,4号艇のsession_exh_rel_avg,0.0888,4号艇の全国勝率,0.0823,1号艇vs2号艇のcumulative差,0.0579,4号艇のモーター2連率,-0.0563,0.1043,北西 4.0m/s,[逃げ]1号艇のsession_exh_rel_avgが有利(+18.4pt)、1号艇の節間得点が有利(+12.1pt) / [2着]2号艇のwin_rate_rank_2to6が有利(+15.3pt)、2号艇のsession_exh_rel_avgが有利(+8.9pt) / [候補2]4号艇のwin_rate_rank_2to6が有利(+9.1pt)、4号艇のsession_exh_rel_avgが有利(+8.9pt) / [除外]2号艇の直近1着率が不利(-6.8pt)、1号艇vs6号艇のcumulative差が不利(-6.4pt)、天気+10.4pt
90,13,尼崎,8,13:54,0.7227874745063331,3,0.28151795955456593,2,0.2300460066330247,0.36975202716917177,0.22487573691938917,0.2866882292682014,0.2699741156646452,0.34483288779888066,1-3,1-2,0.16627437215455107,0.20347765501462073,0.13784744527968654,0.16253736596571586,0.05265063339916568,True,True,False,False,一般,2026-09-21,1号艇のracer_win_te,0.1625,1号艇のdominance,0.152,1号艇の勝率順位,0.0904,1号艇の年齢,-0.0793,4号艇のrecent_race_count,0.0667,3号艇のwin_rate_rank_2to6,-0.1015,3号艇の節間得点,-0.0837,3号艇のsession_exh_rel_avg,0.0836,3号艇の全国勝率,-0.0663,3号艇のracer_avgfin_te,-0.046,2号艇のwin_rate_rank_2to6,-0.1364,2号艇の全国勝率,-0.0586,2号艇の節間得点,-0.0522,2号艇のsession_exh_rel_avg,-0.0513,2号艇のsession_avg_finish,-0.0505,-0.0344,北西 4.3m/s,[逃げ]1号艇のracer_win_teが有利(+16.2pt)、1号艇のdominanceが有利(+15.2pt) / [2着]3号艇のwin_rate_rank_2to6が不利(-10.1pt)、3号艇の節間得点が不利(-8.4pt) / [候補2]2号艇のwin_rate_rank_2to6が不利(-13.6pt)、2号艇の全国勝率が不利(-5.9pt) / [除外]6号艇のsession_exh_rel_avgが不利(-6.3pt)、天気-3.4pt
91,18,徳山,11,13:49,0.610334451487591,4,0.3195235546410985,5,0.25971503878640434,0.3535292692000187,0.19916626596084144,0.3800723274666614,0.2690359438546993,0.3614921866800115,1-4,1-5,0.12155803369004184,0.10957647763410543,0.19501623345924016,0.15851303574077852,0.02567067096342509,True,True,False,False,予選,2026-09-21,場特性:in_escape_diff,0.1628,1号艇の年齢,-0.123,1号艇の級別順位,-0.0809,1号艇のdominance,0.0679,1号艇の節間得点,-0.0653,4号艇のwin_rate_rank_2to6,0.1598,3号艇の年齢,0.0829,4号艇のcumulative_diff_rank_2to6,0.0561,4号艇のclass_rank_2to6,0.0417,4号艇のモーター2連率,-0.0356,5号艇のclass_rank_2to6,0.1018,5号艇のモーター2連率,0.0843,5号艇のwin_rate_rank_2to6,0.0831,5号艇のracer_avgfin_te,0.0498,mean_234_全国勝率,0.0482,0.1405,北 1.9m/s,[逃げ]場特性:in_escape_diffが有利(+16.3pt)、1号艇の年齢が不利(-12.3pt) / [2着]4号艇のwin_rate_rank_2to6が有利(+16.0pt)、3号艇の年齢が有利(+8.3pt) / [候補2]5号艇のclass_rank_2to6が有利(+10.2pt)、5号艇のモーター2連率が有利(+8.4pt) / [除外]2号艇のwin_rate_rank_2to6が不利(-5.0pt)、天気+14.0pt
92,17,宮島,7,13:40,0.37004655955247817,3,0.4184157605700523,2,0.3915427068410311,0.2997223442458694,0.08784788012074901,0.7221105872903344,0.2681263771656842,0.4264388171592089,1-3,1-2,0.14488903158438812,0.15483331266148131,0.028587786664315863,0.032507805802661716,0.009228619393304032,True,True,False,False,予選,2026-09-21,1号艇のdominance,-0.2485,1号艇のracer_win_te,-0.1981,1号艇のsession_exh_rel_avg,0.1349,1号艇の節間得点,0.1167,1号艇の女子戦比率,-0.1077,3号艇のwin_rate_rank_2to6,0.1757,3号艇のsession_exh_rel_avg,-0.1185,3号艇の女子戦比率,-0.0526,場特性:1x_diff_course3,0.0432,2号艇のvs_boat3_diff,0.041,2号艇のsession_exh_rel_avg,0.0808,2号艇のwin_rate_rank_2to6,-0.0651,2号艇のracer_avgfin_te,-0.0594,2号艇の全国勝率,-0.0586,2号艇の体重,-0.0565,0.0245,北西 4.9m/s,[逃げ]1号艇のdominanceが不利(-24.8pt)、1号艇のracer_win_teが不利(-19.8pt) / [2着]3号艇のwin_rate_rank_2to6が有利(+17.6pt)、3号艇のsession_exh_rel_avgが不利(-11.8pt) / [候補2]2号艇のsession_exh_rel_avgが有利(+8.1pt)、2号艇のwin_rate_rank_2to6が不利(-6.5pt) / [除外]5号艇の直近平均着順が不利(-19.5pt)、win_rate_range_1to6が不利(-5.7pt)、天気+2.5pt
93,17,宮島,8,14:12,0.4479324269514834,3,0.4199349362230576,2,0.3378908181904656,0.33945472938078824,0.1757178127969243,0.5821079416165988,0.26787683827235154,0.4122506930515314,1-3,1-2,0.1513522542366777,0.18810247514411058,0.07870970634473273,0.013554576412554288,0.016213413561899353,True,True,False,False,予選,2026-09-21,1号艇のracer_win_te,-0.2588,1号艇の年齢,0.1113,1号艇のracer_avgfin_te,0.0954,1号艇の級別順位,0.0813,1号艇の勝率順位,-0.0763,3号艇の全国勝率,-0.0637,6号艇のsession_rank_diff_last,0.0603,3号艇の女子戦比率,-0.0528,3号艇のwin_rate_rank_2to6,-0.0487,3号艇のcumulative_diff_rank_2to6,0.0474,2号艇の全国勝率,-0.0785,全艇平均勝率,0.0615,second_best_win_rate,0.0585,ST差分(4-3),-0.0481,2号艇のwin_rate_rank_2to6,0.0457,0.0563,北西 4.9m/s,[逃げ]1号艇のracer_win_teが不利(-25.9pt)、1号艇の年齢が有利(+11.1pt) / [2着]3号艇の全国勝率が不利(-6.4pt)、6号艇のsession_rank_diff_lastが有利(+6.0pt) / [候補2]2号艇の全国勝率が不利(-7.9pt)、全艇平均勝率が有利(+6.2pt) / [除外]5号艇のracer_win_teが不利(-9.9pt)、5号艇のracer_avgfin_teが不利(-5.4pt)、天気+5.6pt
94,02,戸田,7,13:45,0.5588236005264375,3,0.35155764967788106,6,0.28365826476331735,0.35497364441972395,0.20535361869286167,0.42986229574833673,0.2674994975131038,0.37744023981830777,1-3,1-6,0.1147564485790781,0.1964587115856055,0.061407707427591614,0.027685788650253094,0.1585149328341185,True,True,False,False,ウインウイン,2026-09-21,場特性:in_escape_diff,-0.2167,1号艇のsession_exh_rel_avg,0.14,4号艇のモーター2連率,-0.1336,1号艇のracer_win_te,0.1148,1号艇のvs_max234_diff,0.0638,3号艇のsession_exh_rel_avg,-0.1506,3号艇のwin_rate_rank_2to6,0.0701,3号艇の年齢,-0.0516,3号艇の当地勝率,0.0472,4号艇の女子戦2連率,0.0378,6号艇のwin_rate_rank_2to6,0.3496,6号艇のsession_exh_rel_last,0.2348,6号艇のvs_avg456_diff,0.1324,6号艇のsession_exh_rel_avg,0.1264,場特性:1x_diff_course2,0.1129,-0.0279,北東 4.4m/s,[逃げ]場特性:in_escape_diffが不利(-21.7pt)、1号艇のsession_exh_rel_avgが有利(+14.0pt) / [2着]3号艇のsession_exh_rel_avgが不利(-15.1pt)、3号艇のwin_rate_rank_2to6が有利(+7.0pt) / [候補2]6号艇のwin_rate_rank_2to6が有利(+35.0pt)、6号艇のsession_exh_rel_lastが有利(+23.5pt) / [除外]5号艇のracer_win_teが不利(-6.4pt)、5号艇のracer_avgfin_teが不利(-5.8pt)、天気-2.8pt
95,09,津,9,14:34,0.5299838506724591,3,0.4230673172349811,4,0.2580784497507619,0.3609962564563497,0.21749748645548017,0.46364828053026286,0.26677732237743695,0.3917918636785236,1-3,1-4,0.1152701553832564,0.2242188458818621,0.13677741057448753,0.027059657957233123,0.026657785811479245,True,True,False,False,予選特賞,2026-09-21,風速区分,-0.2013,1号艇のdominance,0.095,1号艇の年齢,-0.0748,1号艇の全国勝率,-0.072,1号艇の級別順位,0.0714,3号艇のwin_rate_rank_2to6,0.1573,3号艇のモーター2連率,0.0391,3号艇のclass_rank_2to6,0.038,3号艇の当地勝率,-0.0336,3号艇のcumulative_diff_rank_2to6,0.0298,4号艇のclass_rank_2to6,0.122,4号艇のモーター2連率,0.0915,4号艇のwin_rate_rank_2to6,0.0849,4号艇のcumulative_diff_rank_2to6,0.0571,4号艇のsession_exh_rel_avg,0.039,-0.1929,北西 8.0m/s,[逃げ]風速区分が不利(-20.1pt)、1号艇のdominanceが有利(+9.5pt) / [2着]3号艇のwin_rate_rank_2to6が有利(+15.7pt)、3号艇のモーター2連率が有利(+3.9pt) / [候補2]4号艇のclass_rank_2to6が有利(+12.2pt)、4号艇のモーター2連率が有利(+9.2pt) / [除外]5号艇のracer_avgfin_teが不利(-5.7pt)、天気-19.3pt
96,01,桐生,3,16:22,0.3900550638728093,3,0.45133829290320737,2,0.3206066890195053,0.3011010492301583,0.09529543278851249,0.6766495491342002,0.26666878347080253,0.41376559920137085,1-3,1-2,0.12505426256355304,0.17604678666660525,0.03717046612311024,0.03054471487732791,0.021238833642212802,True,False,False,False,予選女子,2026-09-21,1号艇のdominance,-0.362,1号艇のracer_win_te,-0.2401,1号艇のsession_avg_finish,0.1308,1号艇の年齢,0.1205,1号艇のsession_exh_rel_avg,0.1154,3号艇のsession_exh_rel_avg,-0.1025,6号艇のモーター出走数,0.0719,3号艇のwin_rate_rank_2to6,-0.0717,6号艇のracer_2nd_te,-0.069,1号艇の年齢,0.064,2号艇のclass_rank_2to6,0.0681,1号艇の一般戦2連率,-0.0632,2号艇のsession_avg_finish,-0.0563,2号艇の節間得点,-0.0487,2号艇のwin_rate_rank_2to6,0.0462,-0.0338,北東 4.1m/s,[逃げ]1号艇のdominanceが不利(-36.2pt)、1号艇のracer_win_teが不利(-24.0pt) / [2着]3号艇のsession_exh_rel_avgが不利(-10.2pt)、6号艇のモーター出走数が有利(+7.2pt) / [候補2]2号艇のclass_rank_2to6が有利(+6.8pt)、1号艇の一般戦2連率が不利(-6.3pt) / [除外]4号艇のwin_rate_rank_2to6が不利(-5.5pt)、天気-3.4pt
97,12,住之江,4,16:38,0.5176271557644976,3,0.367782021143085,2,0.3566223652233116,0.37497138213816406,0.24270123313454978,0.4817031532318468,0.26576416193604535,0.40699091346626887,1-3,1-2,0.18459742059255066,0.1903739615456134,0.12562874900797324,0.015677696784365355,0.0013493301841244357,True,False,False,False,予選,2026-09-21,1号艇のracer_win_te,-0.252,1号艇の年齢,0.1525,1号艇のdominance,-0.1467,1号艇の級別順位,-0.0959,1号艇のsession_exh_rel_avg,0.0936,1号艇vs6号艇の枠別平均ST差,0.0955,1号艇vs4号艇のlocal_win_rate差,0.0831,3号艇の節間得点,-0.0732,場特性:1x_diff_course3,0.0633,3号艇のcumulative_diff_rank_2to6,-0.0602,2号艇のsession_exh_rel_avg,0.0934,2号艇のwin_rate_rank_2to6,0.0547,1号艇vs2号艇の枠別平均ST差,0.0485,2号艇の全国勝率,0.0394,2号艇のモーター2連率,-0.0302,0.0518,北西 3.7m/s,[逃げ]1号艇のracer_win_teが不利(-25.2pt)、1号艇の年齢が有利(+15.2pt) / [2着]1号艇vs6号艇の枠別平均ST差が有利(+9.5pt)、1号艇vs4号艇のlocal_win_rate差が有利(+8.3pt) / [候補2]2号艇のsession_exh_rel_avgが有利(+9.3pt)、2号艇のwin_rate_rank_2to6が有利(+5.5pt) / [除外]6号艇の直近平均着順が不利(-16.2pt)、6号艇のvs_avg456_diffが不利(-12.0pt)、天気+5.2pt
98,16,児島,5,12:54,0.6233113282324935,3,0.31973632063131197,5,0.2710493536751605,0.3682434033526966,0.24321249957525776,0.3475731747312147,0.2607697250548856,0.362042334766252,1-3,1-5,0.15159710615299868,0.19929527069687347,0.09217595396531002,0.16894813265582317,0.011294851409898167,True,True,False,False,日替艇食戦,2026-09-21,1号艇のdominance,-0.1474,1号艇のracer_win_te,0.0942,風速区分,-0.0925,1号艇の節間得点,0.0697,4号艇のsession_exh_rel_avg,-0.0643,3号艇のwin_rate_rank_2to6,-0.0574,5号艇の一般戦2連率,-0.0449,3号艇の全国勝率,0.0434,3号艇の当地勝率,-0.0414,3号艇のracer_avgfin_te,0.0354,5号艇のwin_rate_rank_2to6,0.2221,5号艇のclass_rank_2to6,0.1388,5号艇の節間得点,0.0795,4号艇の年齢,-0.0759,3号艇のsession_rank_diff_last,0.0669,-0.0774,北 6.5m/s,[逃げ]1号艇のdominanceが不利(-14.7pt)、1号艇のracer_win_teが有利(+9.4pt) / [2着]3号艇のwin_rate_rank_2to6が不利(-5.7pt)、5号艇の一般戦2連率が不利(-4.5pt) / [候補2]5号艇のwin_rate_rank_2to6が有利(+22.2pt)、5号艇のclass_rank_2to6が有利(+13.9pt) / [除外]1号艇vs4号艇のlocal_win_rate差が不利(-7.8pt)、6号艇のsession_exh_rel_avgが不利(-7.3pt)、天気-7.7pt
99,13,尼崎,5,12:19,0.5499289825424072,3,0.3525796703453772,4,0.27976529619870955,0.34774482406740215,0.21022001421259168,0.4221249523314951,0.2600213178380368,0.37005886254663,1-3,1-4,0.11560607852598091,0.19389377937817062,0.15385104468923153,0.046916959092341316,0.039661116759392614,True,True,False,False,一般,2026-09-21,1号艇のdominance,-0.2419,1号艇の級別順位,-0.0946,1号艇の全国勝率,-0.0631,1号艇のモーター2連率,0.063,1号艇のracer_win_te,-0.0619,3号艇の節間得点,-0.097,3号艇のwin_rate_rank_2to6,0.0717,3号艇のsession_exh_rel_avg,0.0563,3号艇のcumulative_diff_rank_2to6,-0.0544,3号艇のモーター2連率,0.0492,4号艇のwin_rate_rank_2to6,0.1443,4号艇のclass_rank_2to6,0.1241,6号艇の節間得点,-0.0916,4号艇の年齢,-0.0825,4号艇のsession_exh_rel_avg,-0.0688,-0.0168,北 5.2m/s,[逃げ]1号艇のdominanceが不利(-24.2pt)、1号艇の級別順位が不利(-9.5pt) / [2着]3号艇の節間得点が不利(-9.7pt)、3号艇のwin_rate_rank_2to6が有利(+7.2pt) / [候補2]4号艇のwin_rate_rank_2to6が有利(+14.4pt)、4号艇のclass_rank_2to6が有利(+12.4pt) / [除外]5号艇のracer_avgfin_teが不利(-6.1pt)、天気-1.7pt
100,15,丸亀,8,18:33,0.6676941421806466,4,0.30446981323891414,3,0.22399754301129704,0.35285455810195887,0.2214812366437135,0.30698611960649763,0.25907376144140737,0.3390940265533205,1-4,1-3,0.11981483278496136,0.14956184733150046,0.20329271077045846,0.0471430269837933,0.14788172430993307,True,False,False,False,一般,2026-09-21,風速区分,-0.0877,1号艇の節間得点,0.0632,1号艇のdominance,0.0618,1号艇vs4号艇のcumulative差,-0.0587,1号艇のvs_max234_diff,0.0471,4号艇の節間得点,0.1583,4号艇のclass_rank_2to6,0.1331,4号艇のwin_rate_rank_2to6,0.0848,4号艇のモーター2連率,-0.082,4号艇のcumulative_diff_rank_2to6,0.0776,3号艇のwin_rate_rank_2to6,-0.0983,3号艇のcumulative_diff_rank_2to6,-0.0596,3号艇の全国勝率,-0.0575,3号艇のsession_exh_rel_avg,0.048,3号艇の節間得点,-0.0373,-0.059,北 6.1m/s,[逃げ]風速区分が不利(-8.8pt)、1号艇の節間得点が有利(+6.3pt) / [2着]4号艇の節間得点が有利(+15.8pt)、4号艇のclass_rank_2to6が有利(+13.3pt) / [候補2]3号艇のwin_rate_rank_2to6が不利(-9.8pt)、3号艇のcumulative_diff_rank_2to6が不利(-6.0pt) / [除外]2号艇のwin_rate_rank_2to6が不利(-6.0pt)、天気-5.9pt
101,15,丸亀,9,19:04,0.5071380519063953,4,0.4652342160107893,2,0.22402804579040175,0.3495511207024518,0.2180250196600533,0.4712372421411377,0.258098052746437,0.3860569571340575,1-4,1-2,0.11361314671454106,0.11056878373725296,0.23593797398791078,0.04304599728927961,0.00397213884199205,True,False,False,False,まるがめ選抜,2026-09-21,1号艇のsession_exh_rel_avg,-0.1629,1号艇の節間得点,-0.1152,1号艇のdominance,0.0735,3号艇の枠別出走数,-0.0681,1号艇の級別順位,0.0647,4号艇のwin_rate_rank_2to6,0.2029,4号艇の節間得点,0.1674,4号艇のclass_rank_2to6,0.1132,4号艇のsession_exh_rel_avg,0.0868,1号艇vs4号艇のcumulative差,0.0832,2号艇のsession_exh_rel_avg,-0.1262,3号艇のracer_2nd_te,0.069,2号艇のモーター2連率,-0.0647,2号艇のclass_rank_2to6,-0.0615,1号艇vs3号艇の枠別平均ST差,-0.0611,-0.0002,北 5.2m/s,[逃げ]1号艇のsession_exh_rel_avgが不利(-16.3pt)、1号艇の節間得点が不利(-11.5pt) / [2着]4号艇のwin_rate_rank_2to6が有利(+20.3pt)、4号艇の節間得点が有利(+16.7pt) / [候補2]2号艇のsession_exh_rel_avgが不利(-12.6pt)、3号艇のracer_2nd_teが有利(+6.9pt) / [除外]6号艇のwin_rate_rank_2to6が不利(-7.2pt)、6号艇のsession_exh_rel_avgが不利(-6.2pt)、天気影響ほぼなし
102,05,多摩川,9,14:38,0.6958181503795215,3,0.2775125029100044,4,0.2693682231536771,0.3805295352878406,0.2687126044519175,0.2781681216117639,0.25782583629015243,0.3498211111850176,1-3,1-4,0.18697510741339723,0.19309823648203087,0.1874312988058098,0.09686695367096199,0.03144656956006929,True,True,False,False,静波まつり選,2026-09-21,2号艇のsession_exh_rel_avg,-0.1955,6号艇の枠別出走数,-0.1292,1号艇のracer_win_te,0.1091,風向(度),-0.0953,1号艇の節間得点,0.0918,2号艇のsession_exh_rel_last,-0.1754,3号艇のwin_rate_rank_2to6,-0.0892,3号艇のsession_exh_rel_avg,0.0668,6号艇のracer_win_te,0.0463,6号艇の一般戦勝率,0.0451,2号艇のsession_exh_rel_avg,0.1669,1号艇vs5号艇の枠別勝率差,0.1077,4号艇の全国勝率,0.1024,4号艇のsession_exh_rel_avg,-0.1001,4号艇のclass_rank_2to6,-0.098,-0.0591,北 6.5m/s,[逃げ]2号艇のsession_exh_rel_avgが不利(-19.6pt)、6号艇の枠別出走数が不利(-12.9pt) / [2着]2号艇のsession_exh_rel_lastが不利(-17.5pt)、3号艇のwin_rate_rank_2to6が不利(-8.9pt) / [候補2]2号艇のsession_exh_rel_avgが有利(+16.7pt)、1号艇vs5号艇の枠別勝率差が有利(+10.8pt) / [除外]6号艇のsession_exh_rel_avgが不利(-8.0pt)、2号艇のwin_rate_rank_2to6が不利(-5.2pt)、天気-5.9pt
103,02,戸田,3,11:45,0.4213150100662213,2,0.5016690009226357,4,0.23010287659105869,0.3083064759408598,0.13904964993336427,0.5927222275803301,0.2568625868787409,0.3936312014327009,1-2,1-4,0.21136068017363144,0.058583704661379916,0.09694579576722837,0.05372624488825677,0.0006985826628714113,True,True,False,False,予選,2026-09-21,場特性:in_escape_diff,-0.1213,1号艇のsession_exh_rel_avg,-0.1135,1号艇の年齢,-0.0987,1号艇の節間得点,0.0928,1号艇の級別順位,-0.079,2号艇のclass_rank_2to6,0.0915,2号艇の節間得点,0.0791,2号艇のsession_exh_rel_avg,0.077,2号艇の全国勝率,0.065,2号艇のwin_rate_rank_2to6,0.0556,4号艇のsession_exh_rel_avg,0.0872,4号艇のwin_rate_rank_2to6,-0.087,4号艇のモーター2連率,0.0833,4号艇のclass_rank_2to6,-0.0649,6号艇の全国2連率,-0.0624,-0.0258,北東 3.1m/s,[逃げ]場特性:in_escape_diffが不利(-12.1pt)、1号艇のsession_exh_rel_avgが不利(-11.4pt) / [2着]2号艇のclass_rank_2to6が有利(+9.2pt)、2号艇の節間得点が有利(+7.9pt) / [候補2]4号艇のsession_exh_rel_avgが有利(+8.7pt)、4号艇のwin_rate_rank_2to6が不利(-8.7pt) / [除外]6号艇の直近平均着順が不利(-24.3pt)、6号艇の全国勝率が不利(-16.9pt)、天気-2.6pt
104,05,多摩川,7,13:29,0.6156321307041804,2,0.3038659402242748,4,0.2858092987839567,0.3630230238141345,0.251140432333396,0.3385348066748356,0.25361931283694433,0.3556765586723448,1-2,1-4,0.18706963622869943,0.15461011946337763,0.175953387585435,0.06048227034152504,0.03751670103128445,True,True,False,False,一般,2026-09-21,1号艇のsession_exh_rel_avg,0.1203,5号艇のsession_exh_rel_avg,-0.0898,1号艇の級別順位,0.0843,1号艇の勝率順位,-0.0681,1号艇の節間得点,-0.0632,2号艇のsession_exh_rel_avg,-0.1191,6号艇のsession_rank_diff_last,-0.106,2号艇の当地勝率,0.0803,2号艇の全国勝率,0.0791,2号艇のracer_avgfin_te,0.0437,4号艇のwin_rate_rank_2to6,0.1871,1号艇の女子戦2連率,-0.1691,4号艇の全国勝率,0.0861,4号艇のsession_exh_rel_avg,0.077,4号艇のclass_rank_2to6,-0.0691,-0.0147,北東 5.4m/s,[逃げ]1号艇のsession_exh_rel_avgが有利(+12.0pt)、5号艇のsession_exh_rel_avgが不利(-9.0pt) / [2着]2号艇のsession_exh_rel_avgが不利(-11.9pt)、6号艇のsession_rank_diff_lastが不利(-10.6pt) / [候補2]4号艇のwin_rate_rank_2to6が有利(+18.7pt)、1号艇の女子戦2連率が不利(-16.9pt) / [除外]6号艇のsession_exh_rel_avgが不利(-5.5pt)、4号艇の一般戦2連率が不利(-5.2pt)、天気-1.5pt
105,16,児島,10,15:40,0.49301756809666825,2,0.3798981753414977,3,0.31378563581677144,0.34199830560527833,0.21856615404265184,0.4751176571156173,0.2522992003909793,0.38193411105838,1-2,1-3,0.18729647453122686,0.15470183107405144,0.10775695373434999,0.018630393184180753,0.024631918327809536,True,False,False,False,準優勝戦,2026-09-21,2号艇のsession_exh_rel_last,-0.1306,1号艇の年齢,-0.1261,1号艇の級別順位,-0.1195,1号艇のracer_win_te,-0.0956,1号艇の節間得点,0.0929,2号艇のsession_exh_rel_avg,0.1709,2号艇のsession_exh_rel_last,0.0493,1号艇の年齢,0.0427,2号艇のsession_avg_finish,0.0425,2号艇の節間得点,0.04,3号艇のwin_rate_rank_2to6,0.1979,5号艇のsession_rank_diff_delta,0.1341,1号艇のsession_rank_diff_delta,-0.1282,3号艇のsession_exh_rel_avg,-0.1187,3号艇の当地勝率,0.1085,-0.0013,北西 4.1m/s,[逃げ]2号艇のsession_exh_rel_lastが不利(-13.1pt)、1号艇の年齢が不利(-12.6pt) / [2着]2号艇のsession_exh_rel_avgが有利(+17.1pt)、2号艇のsession_exh_rel_lastが有利(+4.9pt) / [候補2]3号艇のwin_rate_rank_2to6が有利(+19.8pt)、5号艇のsession_rank_diff_deltaが有利(+13.4pt) / [除外]6号艇のwin_rate_rank_2to6が不利(-7.5pt)、天気影響ほぼなし
106,01,桐生,12,20:45,0.6025552516908721,2,0.321462102675134,3,0.2252630009372185,0.3294320824128592,0.21139256624740005,0.33533253736495244,0.24586469044628406,0.33120221889848717,1-2,1-3,0.19369867818649233,0.13573340422636684,0.1273757009607815,0.12062672739467935,0.025120748778978436,False,False,False,False,桐生ＤＲ戦男,2026-09-21,1号艇のsession_exh_rel_avg,0.1693,race_no,0.1078,場特性:in_escape_diff,-0.0996,1号艇の年齢,-0.0981,1号艇の級別順位,0.0962,2号艇のwin_rate_rank_2to6,0.1552,2号艇のsession_exh_rel_avg,-0.1055,2号艇のclass_rank_2to6,-0.067,2号艇の当地勝率,0.0656,1号艇の年齢,0.0633,3号艇のwin_rate_rank_2to6,-0.1322,3号艇のsession_exh_rel_avg,0.1137,6号艇のモーター出走数,0.0858,4号艇のモーター出走数,-0.073,3号艇のcumulative_diff_rank_2to6,-0.0613,0.0269,北西 2.4m/s,[逃げ]1号艇のsession_exh_rel_avgが有利(+16.9pt)、race_noが有利(+10.8pt) / [2着]2号艇のwin_rate_rank_2to6が有利(+15.5pt)、2号艇のsession_exh_rel_avgが不利(-10.5pt) / [候補2]3号艇のwin_rate_rank_2to6が不利(-13.2pt)、3号艇のsession_exh_rel_avgが有利(+11.4pt) / [除外]6号艇のsession_exh_rel_avgが不利(-6.5pt)、天気+2.7pt
107,12,住之江,5,17:01,0.4995397548692832,2,0.36575944009415734,3,0.24185871282172539,0.3035294231617267,0.16106150998933394,0.4465566429265488,0.24486513449698366,0.3464375890911733,1-2,1-3,0.18271138104576162,0.12081804211596506,0.08045662721894849,0.04830917552581163,0.06724452524093516,True,False,False,False,住之江ファイ,2026-09-21,1号艇のdominance,-0.2298,1号艇のvs_max234_diff,0.0689,1号艇の勝率順位,-0.0662,1号艇vs4号艇のcumulative差,-0.0638,max_234_frame_win_rate,-0.0632,2号艇のclass_rank_2to6,-0.0739,win_rate_gap_top2_2to6,-0.0594,2号艇の全国勝率,0.0502,4号艇のモーター2連率,0.046,2号艇のwin_rate_rank_2to6,0.0449,1号艇vs6号艇のcumulative差,-0.0965,3号艇のracer_avgfin_te,-0.0794,3号艇のwin_rate_rank_2to6,-0.0705,1号艇のsession_rank_diff_last,-0.0512,3号艇のracer_2nd_te,-0.0506,0.054,北西 3.5m/s,[逃げ]1号艇のdominanceが不利(-23.0pt)、1号艇のvs_max234_diffが有利(+6.9pt) / [2着]2号艇のclass_rank_2to6が不利(-7.4pt)、win_rate_gap_top2_2to6が不利(-5.9pt) / [候補2]1号艇vs6号艇のcumulative差が不利(-9.7pt)、3号艇のracer_avgfin_teが不利(-7.9pt)、天気+5.4pt
108,03,江戸川,10,15:22,0.5114395093190172,3,0.3651702417814637,2,0.24263416758186007,0.3108551888867133,0.17930884024432442,0.4284955691189993,0.24396828880286497,0.34614730295639906,1-3,1-2,0.1240926996120947,0.18676248927461864,0.0798101635934459,0.09170562527111932,0.029068538236150868,True,False,False,False,予選特賞,2026-09-21,場特性:in_escape_diff,-0.1734,1号艇のdominance,0.1559,風速区分,-0.1056,1号艇の勝率順位,0.0792,ST差分(4-3),-0.0744,2号艇の枠別平均ST,0.2431,3号艇のモーター2連率,0.1198,3号艇のwin_rate_rank_2to6,-0.1077,風向(度),0.0718,3号艇のsession_exh_rel_avg,0.0582,2号艇のwin_rate_rank_2to6,-0.1675,2号艇のsession_exh_rel_avg,0.1584,2号艇のモーター2連率,0.0833,2号艇の全国勝率,-0.0747,2号艇のclass_rank_2to6,-0.0588,-0.0611,北 6.2m/s,[逃げ]場特性:in_escape_diffが不利(-17.3pt)、1号艇のdominanceが有利(+15.6pt) / [2着]2号艇の枠別平均STが有利(+24.3pt)、3号艇のモーター2連率が有利(+12.0pt) / [候補2]2号艇のwin_rate_rank_2to6が不利(-16.7pt)、2号艇のsession_exh_rel_avgが有利(+15.8pt)、天気-6.1pt
109,12,住之江,7,17:55,0.3052072055490361,2,0.5643691439235048,4,0.30381377051506275,0.26497568122121307,0.07578612815364588,0.7923967862849217,0.2408779040996565,0.42320201274032565,1-2,1-4,0.17224952931499465,0.02313047239315539,0.09272615190621844,0.011613176754676081,0.00548788200190419,True,False,False,False,予選,2026-09-21,1号艇のdominance,-0.2492,ST差分(4-3),-0.1157,1号艇vs2号艇のcumulative差,-0.1008,3号艇のsession_rank_diff_last,-0.099,1号艇の節間得点,0.0895,2号艇のwin_rate_rank_2to6,0.2205,2号艇のsession_exh_rel_avg,0.0918,2号艇のclass_rank_2to6,0.0876,2号艇のracer_avgfin_te,0.0868,3号艇のracer_win_te,0.0587,5号艇のracer_win_te,0.1774,4号艇のclass_rank_2to6,0.1067,4号艇のwin_rate_rank_2to6,0.0863,4号艇のsession_exh_rel_avg,0.0837,風向(度),0.0621,0.0542,北西 3.1m/s,[逃げ]1号艇のdominanceが不利(-24.9pt)、ST差分(4-3)が不利(-11.6pt) / [2着]2号艇のwin_rate_rank_2to6が有利(+22.0pt)、2号艇のsession_exh_rel_avgが有利(+9.2pt) / [候補2]5号艇のracer_win_teが有利(+17.7pt)、4号艇のclass_rank_2to6が有利(+10.7pt) / [除外]5号艇のracer_win_teが不利(-14.3pt)、5号艇のwin_rate_rank_2to6が不利(-5.6pt)、天気+5.4pt
110,15,丸亀,2,15:47,0.5313041457849403,4,0.3302224230390455,3,0.31874640910744056,0.3447998310046391,0.2532179469871345,0.39575088515935153,0.24002842461043236,0.36008514725105284,1-4,1-3,0.1345357450214158,0.16935128861284585,0.17544854239179325,0.03973644312182139,0.012232118720015374,True,False,False,False,一般,2026-09-21,1号艇のdominance,-0.1513,5号艇の枠別出走数,-0.107,1号艇のsession_exh_rel_avg,-0.0973,1号艇のモーター2連率,-0.0927,1号艇の級別順位,0.089,4号艇のwin_rate_rank_2to6,0.1001,4号艇の節間得点,-0.0783,4号艇のモーター2連率,-0.0707,4号艇のsession_exh_rel_avg,0.0586,場特性:1x_diff_course4,0.0579,3号艇のwin_rate_rank_2to6,0.1488,3号艇のsession_exh_rel_avg,-0.1425,3号艇の当地勝率,-0.0511,1号艇vs2号艇のcumulative差,0.0331,3号艇の全国勝率,-0.0309,0.0066,北 5.8m/s,[逃げ]1号艇のdominanceが不利(-15.1pt)、5号艇の枠別出走数が不利(-10.7pt) / [2着]4号艇のwin_rate_rank_2to6が有利(+10.0pt)、4号艇の節間得点が不利(-7.8pt) / [候補2]3号艇のwin_rate_rank_2to6が有利(+14.9pt)、3号艇のsession_exh_rel_avgが不利(-14.2pt) / [除外]6号艇のsession_exh_rel_avgが不利(-7.1pt)、6号艇のwin_rate_rank_2to6が不利(-6.9pt)、天気+0.7pt
111,10,三国,2,08:58,0.34377342257134236,2,0.6698645000981673,4,0.1519881551981667,0.2825311001605664,0.12850065905785454,0.6933519962384794,0.2389645810705982,0.40577736898394023,1-2,1-4,0.23028161185778828,0.04417511136699182,0.052249488302778126,0.012421111542850393,0.00464610238240932,False,False,True,False,みくにあさガ,2026-09-21,風速区分,-0.2095,1号艇のsession_exh_rel_avg,-0.1742,ST差分(6-5),0.0967,6号艇の枠別出走数,-0.0887,4号艇のsession_rank_diff_delta,-0.0749,2号艇のwin_rate_rank_2to6,0.2019,2号艇のsession_exh_rel_avg,0.1327,2号艇の当地勝率,0.1124,2号艇のclass_rank_2to6,0.1106,2号艇のracer_avgfin_te,0.0644,4号艇のwin_rate_rank_2to6,0.1121,4号艇のsession_exh_rel_avg,0.1045,4号艇のclass_rank_2to6,-0.0696,4号艇のcumulative_diff_rank_2to6,0.0517,4号艇の節間得点,0.0495,-0.1469,北 13.6m/s,[逃げ]風速区分が不利(-20.9pt)、1号艇のsession_exh_rel_avgが不利(-17.4pt) / [2着]2号艇のwin_rate_rank_2to6が有利(+20.2pt)、2号艇のsession_exh_rel_avgが有利(+13.3pt) / [候補2]4号艇のwin_rate_rank_2to6が有利(+11.2pt)、4号艇のsession_exh_rel_avgが有利(+10.5pt) / [除外]6号艇のwin_rate_rank_2to6が不利(-9.8pt)、6号艇の直近平均着順が不利(-6.5pt)、天気-14.7pt
112,01,桐生,11,20:16,0.40796779657094606,2,0.4892003418426195,4,0.19749112976862765,0.2801480065973008,0.14970094994108393,0.5369905216701631,0.22982189934324043,0.35720076111915955,1-2,1-4,0.19957798554328707,0.06107316669204151,0.0805700210540138,0.055014151810858856,0.011732465391550937,False,False,False,False,予選特選女子,2026-09-21,1号艇の女子戦比率,-0.2531,場特性:in_escape_diff,-0.0913,場×風向,-0.0831,1号艇のsession_exh_rel_avg,-0.0786,1号艇のモーター2連率,0.0754,2号艇のclass_rank_2to6,0.1313,2号艇のsession_exh_rel_avg,-0.1137,2号艇のwin_rate_rank_2to6,0.0695,2号艇の一般戦勝率,-0.0674,3号艇の全国勝率,-0.0655,4号艇のwin_rate_rank_2to6,-0.2022,1号艇のモーター出走数,0.1117,4号艇のsession_exh_rel_avg,0.0947,4号艇の全国勝率,-0.0928,4号艇のclass_rank_2to6,-0.0853,-0.0297,北 3.3m/s,[逃げ]1号艇の女子戦比率が不利(-25.3pt)、場特性:in_escape_diffが不利(-9.1pt) / [2着]2号艇のclass_rank_2to6が有利(+13.1pt)、2号艇のsession_exh_rel_avgが不利(-11.4pt) / [候補2]4号艇のwin_rate_rank_2to6が不利(-20.2pt)、1号艇のモーター出走数が有利(+11.2pt) / [除外]3号艇のwin_rate_rank_2to6が不利(-5.6pt)、天気-3.0pt
113,13,尼崎,3,11:23,0.45303679565217286,2,0.3904067022373296,4,0.2899124767862093,0.308209620885541,0.2465594639019698,0.4337597151215691,0.217019222211579,0.34587464915634936,1-2,1-4,0.17686860138273178,0.11170050946386599,0.13134101950280921,0.020394611397071483,0.012732047154920111,True,True,False,False,一般,2026-09-21,1号艇vs2号艇のcumulative差,-0.1159,6号艇のsession_rank_diff_delta,-0.092,1号艇の級別順位,0.0793,風速区分,-0.0788,1号艇vs4号艇のcumulative差,-0.0693,2号艇のsession_exh_rel_avg,0.0885,2号艇のwin_rate_rank_2to6,0.0676,2号艇の全国勝率,0.047,6号艇のsession_rank_diff_delta,-0.0445,1号艇vs2号艇のcumulative差,0.0436,4号艇のwin_rate_rank_2to6,0.1727,4号艇のcumulative_diff_rank_2to6,0.0886,4号艇の節間得点,0.0643,4号艇のclass_rank_2to6,0.0606,4号艇の年齢,-0.0599,-0.0371,北 6.1m/s,[逃げ]1号艇vs2号艇のcumulative差が不利(-11.6pt)、6号艇のsession_rank_diff_deltaが不利(-9.2pt) / [2着]2号艇のsession_exh_rel_avgが有利(+8.8pt)、2号艇のwin_rate_rank_2to6が有利(+6.8pt) / [候補2]4号艇のwin_rate_rank_2to6が有利(+17.3pt)、4号艇のcumulative_diff_rank_2to6が有利(+8.9pt)、天気-3.7pt
114,02,戸田,1,10:47,0.3736254306641745,3,0.4941391038243599,2,0.22434453586483144,0.2684437593040377,0.16187070350653698,0.5566129361826544,0.2162999430994568,0.3548945123676227,1-3,1-2,0.08382082382965199,0.18462293547438569,0.06047901130954278,0.03090866718545857,0.013793990081409115,False,False,True,False,予選,2026-09-21,1号艇の年齢,-0.1368,場特性:in_escape_diff,-0.1251,1号艇のdominance,0.105,1号艇のracer_win_te,-0.0982,2号艇のracer_avgfin_te,-0.0927,3号艇のwin_rate_rank_2to6,0.1794,3号艇の年齢,-0.1021,2号艇のracer_avgfin_te,0.0553,2号艇のvs_boat3_diff,0.0466,3号艇のcumulative_diff_rank_2to6,0.0398,2号艇のwin_rate_rank_2to6,-0.1949,2号艇の全国勝率,-0.1363,2号艇の全国2連率,-0.1357,2号艇の節間得点,-0.0784,2号艇の直近平均着順,-0.0709,-0.0426,東 2.6m/s,[逃げ]1号艇の年齢が不利(-13.7pt)、場特性:in_escape_diffが不利(-12.5pt) / [2着]3号艇のwin_rate_rank_2to6が有利(+17.9pt)、3号艇の年齢が不利(-10.2pt) / [候補2]2号艇のwin_rate_rank_2to6が不利(-19.5pt)、2号艇の全国勝率が不利(-13.6pt) / [除外]6号艇のsession_exh_rel_avgが不利(-6.0pt)、5号艇のracer_avgfin_teが不利(-5.4pt)、天気-4.3pt
115,15,丸亀,3,16:16,0.438439159819142,3,0.3424261343452974,2,0.30697593057408135,0.28472329572806837,0.2034046604459908,0.445997404473388,0.215226441381711,0.33310552835166424,1-3,1-2,0.13459026908559948,0.15013302664246883,0.08918056842923806,0.04630223395482617,0.018233056807070006,True,False,False,False,一般,2026-09-21,1号艇のdominance,-0.2328,1号艇のracer_win_te,-0.2243,1号艇のsession_exh_rel_avg,0.1572,1号艇の全国2連率,-0.1423,1号艇の年齢,0.117,3号艇のsession_exh_rel_avg,-0.1753,3号艇のwin_rate_rank_2to6,0.0847,3号艇の節間得点,0.0553,3号艇の当地勝率,-0.049,3号艇のモーター2連率,-0.0414,2号艇のwin_rate_rank_2to6,-0.1466,2号艇の全国勝率,-0.0682,2号艇のclass_rank_2to6,-0.0612,2号艇のsession_exh_rel_avg,0.0571,1号艇の枠別出走数,0.0444,-0.0313,北 6.4m/s,[逃げ]1号艇のdominanceが不利(-23.3pt)、1号艇のracer_win_teが不利(-22.4pt) / [2着]3号艇のsession_exh_rel_avgが不利(-17.5pt)、3号艇のwin_rate_rank_2to6が有利(+8.5pt) / [候補2]2号艇のwin_rate_rank_2to6が不利(-14.7pt)、2号艇の全国勝率が不利(-6.8pt) / [除外]6号艇のsession_exh_rel_avgが不利(-5.5pt)、5号艇のsession_exh_rel_avgが不利(-5.3pt)、天気-3.1pt
116,16,児島,4,12:23,0.43378065442342717,4,0.32380059084665314,3,0.28595877267708675,0.2645018157501403,0.2217540169653455,0.38800534655839447,0.19411660758547472,0.3015528749926165,1-4,1-3,0.05943084874501801,0.12404338354998673,0.14045843220015358,0.09619260260025134,0.013655389751955833,True,True,False,False,コジマだ４っ,2026-09-21,1号艇のsession_exh_rel_avg,-0.1241,風速区分,-0.0876,1号艇の勝率順位,-0.0744,1号艇vs5号艇のcumulative差,-0.0715,6号艇の枠別出走数,-0.0678,4号艇のclass_rank_2to6,0.1783,4号艇のwin_rate_rank_2to6,0.161,5号艇のsession_exh_rel_last,0.1011,6号艇の節間得点,-0.0819,4号艇の年齢,-0.0736,1号艇vs6号艇のcumulative差,-0.1072,3号艇の節間得点,0.0961,3号艇のwin_rate_rank_2to6,0.0778,3号艇のsession_exh_rel_avg,0.0735,2号艇のsession_exh_rel_last,-0.0672,-0.0227,北 6.6m/s,[逃げ]1号艇のsession_exh_rel_avgが不利(-12.4pt)、風速区分が不利(-8.8pt) / [2着]4号艇のclass_rank_2to6が有利(+17.8pt)、4号艇のwin_rate_rank_2to6が有利(+16.1pt) / [候補2]1号艇vs6号艇のcumulative差が不利(-10.7pt)、3号艇の節間得点が有利(+9.6pt) / [除外]6号艇のwin_rate_rank_2to6が不利(-6.4pt)、1号艇のsession_exh_rel_deltaが不利(-6.3pt)、天気-2.3pt
117,06,浜名湖,6,13:51,0.42469485712847643,2,0.347793363178348,3,0.26462826440588094,0.2600923156292731,0.2460503846435399,0.366371242940689,0.18329733846517915,0.2919759938226979,1-2,1-3,0.14770605268526082,0.11238626294401229,0.10449633295259485,0.0356515884363359,0.02445461694604926,True,True,False,False,予選,2026-09-21,1号艇のdominance,-0.2332,1号艇のsession_exh_rel_avg,0.1436,1号艇のvs_max234_diff,-0.129,風速区分,-0.0856,1号艇の級別順位,-0.0834,2号艇のwin_rate_rank_2to6,-0.1202,2号艇の枠別出走数,-0.1123,2号艇のclass_rank_2to6,0.0937,2号艇のsession_exh_rel_avg,-0.0884,1号艇vs5号艇の直近複勝率差,0.0594,3号艇のwin_rate_rank_2to6,0.0674,3号艇のsession_exh_rel_avg,0.0613,3号艇のcumulative_diff_rank_2to6,-0.0547,3号艇の節間得点,-0.0467,6号艇のsession_rank_diff_delta,-0.0397,-0.1005,北西 6.5m/s,[逃げ]1号艇のdominanceが不利(-23.3pt)、1号艇のsession_exh_rel_avgが有利(+14.4pt) / [2着]2号艇のwin_rate_rank_2to6が不利(-12.0pt)、2号艇の枠別出走数が不利(-11.2pt) / [候補2]3号艇のwin_rate_rank_2to6が有利(+6.7pt)、3号艇のsession_exh_rel_avgが有利(+6.1pt) / [除外]6号艇のwin_rate_rank_2to6が不利(-6.7pt)、天気-10.1pt
118,10,三国,6,10:50,0.3396101391794093,2,0.4024274274671139,3,0.22487344315014146,0.2130377359776907,0.138640012092755,0.48866085852450036,0.1775950708270985,0.2957246727417336,1-2,1-3,0.13666843465171818,0.07636930132597253,0.04708355380265552,0.0337743427647999,0.04571450536911681,False,False,True,False,予選,2026-09-21,1号艇のdominance,-0.2372,2号艇のsession_exh_rel_avg,-0.2315,風速区分,-0.1481,1号艇のsession_exh_rel_avg,0.1102,1号艇の年齢,-0.0956,2号艇のwin_rate_rank_2to6,-0.159,2号艇のsession_exh_rel_avg,0.0912,4号艇の体重,0.0817,2号艇の全国勝率,0.0684,1号艇の年齢,0.0534,3号艇のsession_exh_rel_avg,-0.1203,3号艇のwin_rate_rank_2to6,-0.0735,4号艇のsession_exh_rel_delta,-0.0719,風向(度),0.0697,3号艇の全国勝率,0.0508,-0.1281,北 15.3m/s,[逃げ]1号艇のdominanceが不利(-23.7pt)、2号艇のsession_exh_rel_avgが不利(-23.2pt) / [2着]2号艇のwin_rate_rank_2to6が不利(-15.9pt)、2号艇のsession_exh_rel_avgが有利(+9.1pt) / [候補2]3号艇のsession_exh_rel_avgが不利(-12.0pt)、3号艇のwin_rate_rank_2to6が不利(-7.4pt)、天気-12.8pt
119,12,住之江,3,16:10,0.33242294954911455,3,0.3760306628276911,4,0.3199066307077651,0.23134552781828427,0.19598808833627876,0.4999492051991774,0.17693636652758074,0.3119266310325522,1-3,1-4,0.0651509384012382,0.12500122205808967,0.10634430576019462,0.03255043989066362,0.003376038175847527,True,False,False,False,予選,2026-09-21,1号艇のsession_exh_rel_avg,-0.0908,1号艇vs4号艇のcumulative差,-0.0901,1号艇のdominance,-0.0727,1号艇の級別順位,-0.072,1号艇の節間得点,-0.0666,場特性:1x_diff_course3,0.0583,3号艇の節間得点,-0.0539,6号艇の体重,-0.0415,3号艇のwin_rate_rank_2to6,0.0409,3号艇のsession_exh_rel_avg,0.0405,4号艇のwin_rate_rank_2to6,0.1836,4号艇のclass_rank_2to6,-0.0851,4号艇の節間得点,0.0703,1号艇vs4号艇のcumulative差,0.0642,4号艇のcumulative_diff_rank_2to6,0.0546,0.0538,北 3.8m/s,[逃げ]1号艇のsession_exh_rel_avgが不利(-9.1pt)、1号艇vs4号艇のcumulative差が不利(-9.0pt) / [2着]場特性:1x_diff_course3が有利(+5.8pt)、3号艇の節間得点が不利(-5.4pt) / [候補2]4号艇のwin_rate_rank_2to6が有利(+18.4pt)、4号艇のclass_rank_2to6が不利(-8.5pt) / [除外]6号艇のsession_exh_rel_avgが不利(-6.2pt)、6号艇のwin_rate_rank_2to6が不利(-5.8pt)、天気+5.4pt
120,12,住之江,9,18:54,0.30713986730482856,4,0.3772501220279687,2,0.33884863427774276,0.219942476988889,0.1723970771679862,0.5437016791377254,0.1744415487753232,0.3170702376335399,1-4,1-2,0.1040739245684883,0.030142427210614716,0.11586855242040069,0.05295001540511557,0.004104945697885262,True,False,False,False,予選,2026-09-21,1号艇のdominance,-0.3441,1号艇のracer_win_te,-0.1809,1号艇のsession_exh_rel_avg,0.1313,1号艇の級別順位,-0.0928,4号艇のsession_exh_rel_avg,-0.0858,4号艇のclass_rank_2to6,0.1172,4号艇のwin_rate_rank_2to6,0.115,5号艇の一般戦2連率,-0.1021,4号艇の節間得点,0.0964,4号艇のcumulative_diff_rank_2to6,0.061,2号艇のsession_exh_rel_avg,0.1028,6号艇のsession_rank_diff_delta,-0.0852,3号艇のracer_win_te,0.0833,2号艇の全国勝率,0.0599,2号艇のモーター2連率,-0.0352,0.0324,北西 2.8m/s,[逃げ]1号艇のdominanceが不利(-34.4pt)、1号艇のracer_win_teが不利(-18.1pt) / [2着]4号艇のclass_rank_2to6が有利(+11.7pt)、4号艇のwin_rate_rank_2to6が有利(+11.5pt) / [候補2]2号艇のsession_exh_rel_avgが有利(+10.3pt)、6号艇のsession_rank_diff_deltaが不利(-8.5pt) / [除外]6号艇のvs_avg456_diffが不利(-6.8pt)、6号艇のwin_rate_rank_2to6が不利(-6.3pt)、天気+3.2pt
121,18,徳山,8,12:11,0.3599267172347707,4,0.35703659560661005,2,0.2564318724874282,0.2208036918481309,0.18622378823816615,0.42724467985587217,0.17146101190461296,0.28273598825045326,1-4,1-2,0.09229668205876536,0.06616779747739564,0.12850700978936552,0.06702691677158625,0.005928306779955587,True,True,False,False,予選,2026-09-21,1号艇のdominance,-0.1876,場特性:in_escape_diff,0.1349,4号艇の枠別出走数,-0.1155,1号艇の全国勝率,-0.0821,1号艇vs4号艇の枠別平均ST差,-0.0817,4号艇のclass_rank_2to6,0.194,4号艇のwin_rate_rank_2to6,0.183,4号艇の全国勝率,0.0921,4号艇のモーター2連率,0.0605,4号艇のcumulative_diff_rank_2to6,0.0501,2号艇のwin_rate_rank_2to6,-0.1315,3号艇のracer_win_te,0.0756,3号艇のracer_2nd_te,0.0662,場特性:1x_diff_course2,0.0452,2号艇のsession_exh_rel_avg,0.0416,-0.0072,北 3.3m/s,[逃げ]1号艇のdominanceが不利(-18.8pt)、場特性:in_escape_diffが有利(+13.5pt) / [2着]4号艇のclass_rank_2to6が有利(+19.4pt)、4号艇のwin_rate_rank_2to6が有利(+18.3pt) / [候補2]2号艇のwin_rate_rank_2to6が不利(-13.2pt)、3号艇のracer_win_teが有利(+7.6pt) / [除外]4号艇の女子戦2連率が不利(-15.0pt)、天気-0.7pt
122,10,三国,9,12:25,0.3215422804867927,3,0.4274045521491575,4,0.22110529961293057,0.20852333665373365,0.150668648158455,0.4978412036036331,0.1708218215620035,0.2953186967387035,1-3,1-4,0.04844634072673181,0.1374286343884764,0.07109470226525726,0.03780054459501301,0.02677205851131418,True,True,False,False,予選特賞,2026-09-21,1号艇のdominance,-0.3658,風速区分,-0.2059,1号艇のsession_exh_rel_avg,0.1687,1号艇のracer_win_te,-0.1368,1号艇の級別順位,-0.0893,3号艇のsession_exh_rel_avg,0.1335,風向(度),0.1065,6号艇のracer_2nd_te,-0.0619,5号艇のsession_rank_diff_last,0.0466,3号艇のwin_rate_rank_2to6,0.0457,5号艇の年齢,0.0753,4号艇のwin_rate_rank_2to6,-0.0611,3号艇の女子戦2連率,-0.0594,4号艇のclass_rank_2to6,0.0529,4号艇のsession_exh_rel_avg,0.0502,-0.1391,北 15.2m/s,[逃げ]1号艇のdominanceが不利(-36.6pt)、風速区分が不利(-20.6pt) / [2着]3号艇のsession_exh_rel_avgが有利(+13.3pt)、風向(度)が有利(+10.6pt) / [候補2]5号艇の年齢が有利(+7.5pt)、4号艇のwin_rate_rank_2to6が不利(-6.1pt) / [除外]win_rate_range_1to6が不利(-5.8pt)、2号艇のwin_rate_rank_2to6が不利(-5.3pt)、天気-13.9pt
123,13,尼崎,2,11:00,0.28342722504258644,4,0.4581500339540194,2,0.2643672976201682,0.2047810823332463,0.15545075057732816,0.5670665809968594,0.16658103478995737,0.3134667319323302,1-4,1-2,0.07492888955649184,0.04405897486691936,0.12985219277675447,0.02690364522642298,0.007683527367316922,True,True,False,False,一般,2026-09-21,1号艇のracer_win_te,-0.3253,4号艇のsession_exh_rel_avg,-0.2085,1号艇の年齢,-0.1907,1号艇のsession_exh_rel_avg,0.1327,1号艇のdominance,-0.0995,4号艇のwin_rate_rank_2to6,0.1942,4号艇のsession_exh_rel_avg,0.1503,1号艇の平均ST,0.0951,4号艇のcumulative_diff_rank_2to6,0.0594,1号艇の一般戦2連率,0.0549,3号艇の全国勝率,-0.0887,2号艇のracer_2nd_te,-0.082,2号艇の全国勝率,-0.0679,2号艇のsession_exh_rel_avg,0.0673,second_best_win_rate,0.0526,-0.0061,北 7.0m/s,[逃げ]1号艇のracer_win_teが不利(-32.5pt)、4号艇のsession_exh_rel_avgが不利(-20.8pt) / [2着]4号艇のwin_rate_rank_2to6が有利(+19.4pt)、4号艇のsession_exh_rel_avgが有利(+15.0pt) / [候補2]3号艇の全国勝率が不利(-8.9pt)、2号艇のracer_2nd_teが不利(-8.2pt) / [除外]6号艇の節間得点が不利(-11.6pt)、6号艇のwin_rate_rank_2to6が不利(-6.9pt)、天気-0.6pt
124,01,桐生,8,18:43,0.4027835101925622,3,0.28315377770706696,5,0.2558279789136909,0.2170929638614621,0.2129271431354448,0.32605461348531306,0.16162298235366912,0.24978145874861735,1-3,1-5,0.07944405601550741,0.11404967250913689,0.08576354212736859,0.1030432913523252,0.02048295419016613,True,False,False,False,ドラドキ５男,2026-09-21,1号艇のsession_exh_rel_avg,0.1521,場特性:in_escape_diff,-0.0985,1号艇のvs_max234_diff,0.083,6号艇のモーター出走数,-0.0803,2号艇のモーター出走数,-0.0742,6号艇のモーター出走数,0.0861,4号艇のモーター出走数,-0.0768,3号艇の節間得点,-0.053,3号艇のcumulative_diff_rank_2to6,-0.0488,3号艇のwin_rate_rank_2to6,0.0451,5号艇のwin_rate_rank_2to6,0.2524,5号艇のclass_rank_2to6,0.1283,1号艇のsession_exh_rel_delta,-0.1084,1号艇のsession_exh_rel_last,0.0907,1号艇vs5号艇のlocal_win_rate差,0.0629,-0.0349,北東 4.1m/s,[逃げ]1号艇のsession_exh_rel_avgが有利(+15.2pt)、場特性:in_escape_diffが不利(-9.9pt) / [2着]6号艇のモーター出走数が有利(+8.6pt)、4号艇のモーター出走数が不利(-7.7pt) / [候補2]5号艇のwin_rate_rank_2to6が有利(+25.2pt)、5号艇のclass_rank_2to6が有利(+12.8pt) / [除外]6号艇のsession_exh_rel_avgが不利(-9.7pt)、2号艇のwin_rate_rank_2to6が不利(-5.2pt)、天気-3.5pt
125,18,徳山,7,11:35,0.31456281804586256,2,0.432153866758817,4,0.21346405774888608,0.20308739371406404,0.1726182140548771,0.47299971045282596,0.16101949387408634,0.2840610887356926,1-2,1-4,0.1359395381570697,0.054299271859146056,0.06714785555699435,0.03539642515146649,0.02177972614934816,True,True,False,False,予選,2026-09-21,1号艇のdominance,-0.2526,1号艇のracer_win_te,-0.2218,場特性:in_escape_diff,0.1688,1号艇の年齢,-0.1191,5号艇の枠別出走数,-0.1131,2号艇のwin_rate_rank_2to6,-0.1185,場特性:1x_diff_course2,0.0581,2号艇のsession_exh_rel_avg,0.057,1号艇の年齢,0.0495,場特性:in_escape_diff,0.0404,4号艇のclass_rank_2to6,0.141,4号艇のwin_rate_rank_2to6,-0.0643,場特性:1x_diff_course4,0.0573,4号艇の年齢,-0.0511,4号艇のsession_exh_rel_avg,0.0496,-0.0183,北 3.9m/s,[逃げ]1号艇のdominanceが不利(-25.3pt)、1号艇のracer_win_teが不利(-22.2pt) / [2着]2号艇のwin_rate_rank_2to6が不利(-11.8pt)、場特性:1x_diff_course2が有利(+5.8pt) / [候補2]4号艇のclass_rank_2to6が有利(+14.1pt)、4号艇のwin_rate_rank_2to6が不利(-6.4pt)、天気-1.8pt
126,01,桐生,2,15:57,0.23019354086904084,3,0.4630688504583918,4,0.3304554181957472,0.1826641611670123,0.11337707750426138,0.6801471911498777,0.15781224665755242,0.3319090701618719,1-3,1-4,0.0260986709240896,0.10659545835317358,0.07606870281383872,0.015509024464313756,0.00592168559993185,True,False,False,False,予選男子,2026-09-21,1号艇のsession_exh_rel_avg,-0.2159,場特性:in_escape_diff,-0.095,1号艇のdominance,-0.0851,1号艇のモーター2連率順位,-0.0847,1号艇の級別順位,-0.0799,2号艇の直近複勝率,0.1269,3号艇のモーター2連率,0.1077,3号艇のsession_exh_rel_avg,-0.1004,4号艇のモーター出走数,-0.0889,6号艇のモーター出走数,0.069,4号艇のclass_rank_2to6,0.2246,4号艇のwin_rate_rank_2to6,0.2008,4号艇のsession_exh_rel_avg,-0.1265,4号艇の全国勝率,0.0565,4号艇のcumulative_diff_rank_2to6,0.0557,0.0319,北東 3.7m/s,[逃げ]1号艇のsession_exh_rel_avgが不利(-21.6pt)、場特性:in_escape_diffが不利(-9.5pt) / [2着]2号艇の直近複勝率が有利(+12.7pt)、3号艇のモーター2連率が有利(+10.8pt) / [候補2]4号艇のclass_rank_2to6が有利(+22.5pt)、4号艇のwin_rate_rank_2to6が有利(+20.1pt) / [除外]2号艇のwin_rate_rank_2to6が不利(-7.3pt)、6号艇のwin_rate_rank_2to6が不利(-6.3pt)、天気+3.2pt
127,17,宮島,9,14:47,0.16958088433508517,2,0.5298888707347796,3,0.42151404061742614,0.1613397470660817,0.01955305231162802,0.9318498590405777,0.15755412564888818,0.3924927806584305,1-2,1-3,0.08985902329852356,0.07148072376755814,0.0020999644985543837,0.0028253468148444747,0.003315823902456061,True,True,False,False,予選,2026-09-21,1号艇のracer_win_te,-0.2759,1号艇のsession_exh_rel_avg,-0.2282,1号艇のdominance,-0.2018,1号艇の女子戦比率,-0.162,4号艇の直近複勝率,-0.1109,5号艇の女子戦比率,0.2456,2号艇のsession_exh_rel_avg,0.1173,2号艇のwin_rate_rank_2to6,0.0683,2号艇の体重,-0.0585,2号艇のclass_rank_2to6,0.0527,3号艇のwin_rate_rank_2to6,0.1734,3号艇のsession_exh_rel_avg,0.1283,4号艇の枠別平均ST,0.0857,3号艇のclass_rank_2to6,0.0602,5号艇の直近平均着順,0.0424,0.1079,北西 4.9m/s,[逃げ]1号艇のracer_win_teが不利(-27.6pt)、1号艇のsession_exh_rel_avgが不利(-22.8pt) / [2着]5号艇の女子戦比率が有利(+24.6pt)、2号艇のsession_exh_rel_avgが有利(+11.7pt) / [候補2]3号艇のwin_rate_rank_2to6が有利(+17.3pt)、3号艇のsession_exh_rel_avgが有利(+12.8pt) / [除外]5号艇の女子戦比率が不利(-15.3pt)、4号艇のracer_avgfin_teが不利(-8.6pt)、天気+10.8pt
128,09,津,8,14:06,0.21339743484990703,2,0.6115972007392443,3,0.21186962748284405,0.17572570882658267,0.10647266381623208,0.7169941644058562,0.1532737276428685,0.3381062455003647,1-2,1-3,0.1305132737991384,0.045212435027444285,0.022720993340020437,0.01383966514085606,0.001111068734898939,True,True,False,False,予選,2026-09-21,1号艇のdominance,-0.4629,1号艇のracer_win_te,-0.2613,1号艇のvs_max234_diff,-0.1677,風速区分,-0.1357,6号艇の枠別出走数,-0.1147,2号艇のwin_rate_rank_2to6,0.2242,2号艇のclass_rank_2to6,0.1023,1号艇vs2号艇のplace_rate差,-0.0704,3号艇のモーター出走数,0.0678,2号艇の当地勝率,0.0611,2号艇の全国勝率,-0.0732,1号艇のvs_max234_diff,-0.0533,3号艇のwin_rate_rank_2to6,0.0503,場特性:1x_diff_course3,-0.0417,second_best_win_rate,-0.0409,-0.1051,北西 8.1m/s,[逃げ]1号艇のdominanceが不利(-46.3pt)、1号艇のracer_win_teが不利(-26.1pt) / [2着]2号艇のwin_rate_rank_2to6が有利(+22.4pt)、2号艇のclass_rank_2to6が有利(+10.2pt) / [候補2]2号艇の全国勝率が不利(-7.3pt)、1号艇のvs_max234_diffが不利(-5.3pt) / [除外]6号艇の直近平均着順が不利(-11.0pt)、6号艇のwin_rate_rank_2to6が不利(-10.1pt)、天気-10.5pt
129,16,児島,6,13:23,0.32171208678101004,3,0.31313774030714386,4,0.28786788912335504,0.1933507752112202,0.17789419506395954,0.4231114343665393,0.1520755985857891,0.26227897295781594,1-3,1-4,0.05651292677129955,0.10074019588410126,0.09261057932711897,0.01461767687211945,0.05723071272025448,True,True,False,False,一般,2026-09-21,1号艇のdominance,-0.2183,3号艇のracer_win_te,-0.1956,1号艇のsession_exh_rel_avg,0.1354,風速区分,-0.1073,1号艇vs4号艇の枠別勝率差,-0.095,3号艇のwin_rate_rank_2to6,0.0562,3号艇のracer_win_te,0.0493,1号艇vs3号艇の直近複勝率差,0.0476,3号艇のcumulative_diff_rank_2to6,0.0463,3号艇のclass_rank_2to6,0.0439,4号艇のwin_rate_rank_2to6,0.1377,4号艇の全国勝率,0.0825,4号艇のsession_exh_rel_avg,-0.0724,2号艇のsession_rank_diff_last,-0.062,4号艇の節間得点,0.0616,-0.0821,北 6.7m/s,[逃げ]1号艇のdominanceが不利(-21.8pt)、3号艇のracer_win_teが不利(-19.6pt) / [2着]3号艇のwin_rate_rank_2to6が有利(+5.6pt)、3号艇のracer_win_teが有利(+4.9pt) / [候補2]4号艇のwin_rate_rank_2to6が有利(+13.8pt)、4号艇の全国勝率が有利(+8.2pt) / [除外]2号艇のwin_rate_rank_2to6が不利(-5.1pt)、天気-8.2pt
130,18,徳山,10,13:17,0.31417655735691197,3,0.32804264796288746,2,0.29860150416056885,0.19687690240198852,0.19799798150452277,0.4286461706189335,0.15009942726544054,0.26640768286707195,1-3,1-2,0.09381359259876315,0.1030633098032254,0.062206324192708495,0.020999803040356955,0.03409352362546188,True,True,False,False,予選,2026-09-21,1号艇のdominance,-0.3118,場特性:in_escape_diff,0.161,1号艇の年齢,-0.1131,1号艇の級別順位,-0.0921,1号艇の全国勝率,-0.0806,3号艇のwin_rate_rank_2to6,-0.0733,6号艇のracer_2nd_te,-0.0691,1号艇vs2号艇のplace_rate差,0.0664,風向(度),0.0653,3号艇のモーター2連率,0.0473,1号艇の年齢,0.0526,2号艇のwin_rate_rank_2to6,0.0506,2号艇のモーター2連率,0.05,場特性:1x_diff_course2,0.0463,2号艇の全国勝率,0.0446,0.1663,北 2.2m/s,[逃げ]1号艇のdominanceが不利(-31.2pt)、場特性:in_escape_diffが有利(+16.1pt) / [2着]3号艇のwin_rate_rank_2to6が不利(-7.3pt)、6号艇のracer_2nd_teが不利(-6.9pt) / [候補2]1号艇の年齢が有利(+5.3pt)、2号艇のwin_rate_rank_2to6が有利(+5.1pt)、天気+16.6pt
131,16,児島,7,14:00,0.36425249968350737,2,0.330140825129983,3,0.22822608393155008,0.20338654236621706,0.21897586739765276,0.33939104166388034,0.14994244892823486,0.24418789215551606,1-2,1-3,0.120254620801172,0.08313192156504508,0.04281229493800167,0.07976250706995927,0.03829115259543674,True,True,False,False,一般,2026-09-21,1号艇のdominance,-0.2376,6号艇の枠別出走数,-0.0993,1号艇のracer_win_te,-0.0987,1号艇の級別順位,-0.0976,1号艇の全国2連率,-0.0853,2号艇のwin_rate_rank_2to6,-0.1397,2号艇のsession_rank_diff_last,0.1268,2号艇の全国勝率,-0.1033,3号艇の当地2連率,0.0766,2号艇のclass_rank_2to6,-0.062,3号艇の年齢,0.2282,3号艇のwin_rate_rank_2to6,-0.1245,3号艇の全国勝率,-0.0947,3号艇のracer_avgfin_te,-0.0891,3号艇のsession_exh_rel_avg,0.0882,-0.0874,北 6.4m/s,[逃げ]1号艇のdominanceが不利(-23.8pt)、6号艇の枠別出走数が不利(-9.9pt) / [2着]2号艇のwin_rate_rank_2to6が不利(-14.0pt)、2号艇のsession_rank_diff_lastが有利(+12.7pt) / [候補2]3号艇の年齢が有利(+22.8pt)、3号艇のwin_rate_rank_2to6が不利(-12.5pt)、天気-8.7pt
132,01,桐生,10,19:47,0.3221340566312314,3,0.3838658767777615,2,0.2616864451286789,0.2079543882234322,0.23328435191589764,0.41226796999054277,0.14973938260170777,0.2692484627535654,1-3,1-2,0.08429811613470747,0.12365627208872472,0.07514883463125588,0.0140765435776035,0.02495429379906842,True,False,False,False,予選特賞男子,2026-09-21,1号艇のsession_exh_rel_avg,0.1615,5号艇の枠別出走数,-0.1505,2号艇のsession_exh_rel_avg,-0.1052,1号艇のdominance,-0.1027,1号艇の級別順位,0.0896,4号艇のモーター出走数,-0.1185,3号艇のsession_exh_rel_avg,0.1134,6号艇のモーター出走数,0.0843,3号艇の当地勝率,0.0766,3号艇のcumulative_diff_rank_2to6,0.0515,2号艇のwin_rate_rank_2to6,-0.1639,2号艇のsession_exh_rel_avg,0.1514,3号艇のモーター出走数,0.0831,2号艇のclass_rank_2to6,-0.0602,2号艇の全国勝率,-0.0592,0.0735,北 2.8m/s,[逃げ]1号艇のsession_exh_rel_avgが有利(+16.2pt)、5号艇の枠別出走数が不利(-15.1pt) / [2着]4号艇のモーター出走数が不利(-11.9pt)、3号艇のsession_exh_rel_avgが有利(+11.3pt) / [候補2]2号艇のwin_rate_rank_2to6が不利(-16.4pt)、2号艇のsession_exh_rel_avgが有利(+15.1pt) / [除外]6号艇のsession_exh_rel_avgが不利(-9.1pt)、天気+7.4pt
133,12,住之江,2,15:45,0.29733294510343744,2,0.4493220660539743,3,0.2161041869263266,0.19785314754777789,0.2060289392830499,0.459397313697251,0.14893697860008015,0.2763163973926198,1-2,1-3,0.13359825319978944,0.06425489434798845,0.030720681062670015,0.06125919129356652,0.0074999224302941744,True,False,False,False,予選,2026-09-21,1号艇vs4号艇の枠別勝率差,-0.1334,1号艇のracer_win_te,-0.1314,1号艇の年齢,-0.1168,1号艇の平均ST,-0.1017,1号艇の級別順位,-0.0981,2号艇のwin_rate_rank_2to6,0.1645,6号艇のsession_rank_diff_last,-0.0893,2号艇のclass_rank_2to6,0.0594,6号艇の一般戦勝率,-0.0415,2号艇のsession_exh_rel_avg,-0.0361,3号艇の節間得点,-0.0756,3号艇のcumulative_diff_rank_2to6,-0.0636,6号艇の枠別平均ST,0.059,3号艇のwin_rate_rank_2to6,-0.0583,3号艇の全国勝率,-0.0559,0.0444,北 3.9m/s,[逃げ]1号艇vs4号艇の枠別勝率差が不利(-13.3pt)、1号艇のracer_win_teが不利(-13.1pt) / [2着]2号艇のwin_rate_rank_2to6が有利(+16.4pt)、6号艇のsession_rank_diff_lastが不利(-8.9pt) / [候補2]3号艇の節間得点が不利(-7.6pt)、3号艇のcumulative_diff_rank_2to6が不利(-6.4pt) / [除外]win_rate_gap_top2_2to6が不利(-10.7pt)、6号艇のwin_rate_rank_2to6が不利(-7.6pt)、天気+4.4pt
134,15,丸亀,5,17:10,0.309318180900197,3,0.3458263488645976,2,0.3058672479279809,0.20158067786418687,0.22879005924205353,0.422903537550525,0.14623709158746614,0.2679775357700883,1-3,1-2,0.09461030072603262,0.10697037713815426,0.019616047370078684,0.0707689249328003,0.017352534190031205,True,False,False,False,一般,2026-09-21,1号艇のdominance,-0.1497,1号艇の年齢,-0.1212,節間得点の分散(2-6号艇),-0.1206,1号艇のsession_exh_rel_avg,0.0907,風速区分,-0.0825,3号艇のsession_exh_rel_avg,0.1293,3号艇のwin_rate_rank_2to6,0.0803,1号艇vs3号艇のcumulative差,0.0773,3号艇のracer_avgfin_te,-0.0704,3号艇の節間得点,0.0561,2号艇のwin_rate_rank_2to6,-0.1562,2号艇の当地勝率,0.1327,2号艇のclass_rank_2to6,-0.0738,2号艇のsession_exh_rel_avg,0.0719,3号艇のracer_2nd_te,0.0702,-0.063,北 6.5m/s,[逃げ]1号艇のdominanceが不利(-15.0pt)、1号艇の年齢が不利(-12.1pt) / [2着]3号艇のsession_exh_rel_avgが有利(+12.9pt)、3号艇のwin_rate_rank_2to6が有利(+8.0pt) / [候補2]2号艇のwin_rate_rank_2to6が不利(-15.6pt)、2号艇の当地勝率が有利(+13.3pt)、天気-6.3pt
135,10,三国,10,13:00,0.3446466028079562,2,0.30897060285767625,3,0.27919168642883285,0.20270813490234574,0.23956601927075755,0.3485962700157515,0.14443375775952014,0.24647457543636747,1-2,1-3,0.10648566864242433,0.09622246625992142,0.08256561468989196,0.038587037948704,0.020785813341151548,True,True,False,False,予選特賞,2026-09-21,1号艇のdominance,-0.2404,風速区分,-0.2149,1号艇のsession_exh_rel_avg,0.1348,3号艇のsession_exh_rel_avg,-0.1094,1号艇のracer_win_te,-0.0935,2号艇のwin_rate_rank_2to6,-0.1235,2号艇のsession_exh_rel_avg,0.0728,2号艇の全国勝率,0.0585,2号艇のracer_2nd_te,-0.0555,1号艇の年齢,0.0538,3号艇のsession_exh_rel_avg,0.1366,3号艇のwin_rate_rank_2to6,-0.1233,3号艇のcumulative_diff_rank_2to6,-0.0602,6号艇のracer_2nd_te,-0.0591,場特性:1x_diff_course3,-0.0571,-0.2044,北 14.7m/s,[逃げ]1号艇のdominanceが不利(-24.0pt)、風速区分が不利(-21.5pt) / [2着]2号艇のwin_rate_rank_2to6が不利(-12.4pt)、2号艇のsession_exh_rel_avgが有利(+7.3pt) / [候補2]3号艇のsession_exh_rel_avgが有利(+13.7pt)、3号艇のwin_rate_rank_2to6が不利(-12.3pt) / [除外]6号艇のsession_exh_rel_avgが不利(-8.1pt)、天気-20.4pt
136,02,戸田,4,12:14,0.25513242633943667,2,0.3796664276570359,3,0.30537798667744476,0.17477704357943444,0.15310095095920637,0.5319434633752743,0.14266680568601436,0.2819269695181864,1-2,1-3,0.09686521688776577,0.07791182669166864,0.03358076840373573,0.007713593461399696,0.03906101709309742,True,True,False,False,予選,2026-09-21,場特性:in_escape_diff,-0.1795,1号艇のsession_exh_rel_avg,-0.153,1号艇のdominance,-0.1457,1号艇の級別順位,-0.0899,1号艇vs3号艇のcumulative差,-0.0897,2号艇の全国勝率,0.0717,2号艇のモーター2連率,0.0616,2号艇のsession_exh_rel_avg,0.0563,5号艇のsession_exh_rel_delta,-0.0449,2号艇のcumulative_diff_rank_2to6,-0.0307,3号艇のsession_exh_rel_avg,0.073,6号艇のracer_2nd_te,-0.0667,4号艇のsession_exh_rel_delta,-0.0653,3号艇のwin_rate_rank_2to6,0.0516,3号艇のモーター2連率,-0.0353,-0.01,北東 3.4m/s,[逃げ]場特性:in_escape_diffが不利(-18.0pt)、1号艇のsession_exh_rel_avgが不利(-15.3pt) / [2着]2号艇の全国勝率が有利(+7.2pt)、2号艇のモーター2連率が有利(+6.2pt) / [候補2]3号艇のsession_exh_rel_avgが有利(+7.3pt)、6号艇のracer_2nd_teが不利(-6.7pt) / [除外]5号艇のracer_avgfin_teが不利(-5.5pt)、4号艇のwin_rate_rank_2to6が不利(-5.3pt)、天気-1.0pt
137,17,宮島,4,12:07,0.22439357674944133,4,0.5176862875922721,2,0.28228231987359564,0.17950781711653588,0.17261679169776678,0.627351815768101,0.14232454094614483,0.3138610167120054,1-4,1-2,0.06334233940956603,0.03873409929607516,0.11616547770696986,0.0031923913850541385,0.002959269369741761,True,True,False,False,予選,2026-09-21,1号艇のdominance,-0.4272,1号艇のracer_win_te,-0.2529,1号艇のvs_max234_diff,-0.1549,1号艇の年齢,0.1149,1号艇の級別順位,-0.098,4号艇のwin_rate_rank_2to6,0.1701,1号艇の一般戦2連率,0.156,4号艇のclass_rank_2to6,0.1322,4号艇の節間得点,0.077,4号艇のsession_exh_rel_avg,-0.0724,2号艇のclass_rank_2to6,0.0971,1号艇vs2号艇のplace_rate差,-0.0934,2号艇の女子戦比率,-0.0824,2号艇の節間得点,0.0736,2号艇のwin_rate_rank_2to6,0.0723,0.0944,北西 4.9m/s,[逃げ]1号艇のdominanceが不利(-42.7pt)、1号艇のracer_win_teが不利(-25.3pt) / [2着]4号艇のwin_rate_rank_2to6が有利(+17.0pt)、1号艇の一般戦2連率が有利(+15.6pt) / [候補2]2号艇のclass_rank_2to6が有利(+9.7pt)、1号艇vs2号艇のplace_rate差が不利(-9.3pt) / [除外]6号艇の直近平均着順が不利(-8.8pt)、6号艇のwin_rate_rank_2to6が不利(-8.0pt)、天気+9.4pt
138,01,桐生,5,17:19,0.2757007082442349,2,0.4058332491777956,3,0.23835922872131754,0.17760432240239415,0.17820561588244205,0.4659868620166711,0.13962421721387122,0.26411908428667724,1-2,1-3,0.11188851422737732,0.06571580817501683,0.049131414511889356,0.020825160897805717,0.028139807350950202,True,False,False,False,予選女子,2026-09-21,1号艇のdominance,-0.3343,ST差分(4-3),0.1711,1号艇の女子戦比率,-0.1366,6号艇のモーター出走数,-0.0823,2号艇のsession_exh_rel_avg,-0.0822,2号艇のsession_exh_rel_avg,0.1475,2号艇のsession_exh_rel_last,0.037,4号艇の全国2連率,-0.0351,3号艇のracer_2nd_te,0.0324,3号艇のracer_win_te,0.0321,3号艇のモーター2連率,0.1293,3号艇のwin_rate_rank_2to6,-0.1114,3号艇のsession_exh_rel_avg,0.069,3号艇の全国勝率,-0.0534,1号艇vs6号艇のplace_rate差,0.052,-0.0562,北東 4.1m/s,[逃げ]1号艇のdominanceが不利(-33.4pt)、ST差分(4-3)が有利(+17.1pt) / [2着]2号艇のsession_exh_rel_avgが有利(+14.8pt)、2号艇のsession_exh_rel_lastが有利(+3.7pt) / [候補2]3号艇のモーター2連率が有利(+12.9pt)、3号艇のwin_rate_rank_2to6が不利(-11.1pt) / [除外]6号艇の女子戦比率が不利(-5.3pt)、天気-5.6pt
139,06,浜名湖,7,14:19,0.24786279036169231,2,0.38907397532065086,5,0.25572742793746683,0.15982227504069185,0.17399044256956261,0.4708109606885551,0.12645321700052664,0.25311888073505084,1-2,1-5,0.09643696118009273,0.04312575659155757,0.03554061498249538,0.06338531386059912,0.00937414374694752,True,True,False,False,予選,2026-09-21,1号艇のdominance,-0.229,1号艇の年齢,-0.0982,6号艇の枠別出走数,-0.0823,1号艇の級別順位,-0.0775,風速区分,-0.0719,3号艇の全国勝率,-0.0583,2号艇のwin_rate_rank_2to6,0.0578,1号艇vs2号艇のplace_rate差,-0.0525,2号艇の当地勝率,0.0504,ST差分(4-3),-0.0496,5号艇のwin_rate_rank_2to6,0.2133,5号艇のclass_rank_2to6,0.1631,1号艇の女子戦比率,0.0794,5号艇の枠別勝率,0.0652,6号艇の枠別平均ST,0.061,-0.0518,北西 7.2m/s,[逃げ]1号艇のdominanceが不利(-22.9pt)、1号艇の年齢が不利(-9.8pt) / [2着]3号艇の全国勝率が不利(-5.8pt)、2号艇のwin_rate_rank_2to6が有利(+5.8pt) / [候補2]5号艇のwin_rate_rank_2to6が有利(+21.3pt)、5号艇のclass_rank_2to6が有利(+16.3pt) / [除外]6号艇のsession_exh_rel_avgが不利(-6.2pt)、3号艇のwin_rate_rank_2to6が不利(-5.5pt)、天気-5.2pt
140,10,三国,7,11:19,0.22907765142688072,2,0.4687663144138165,4,0.2555220316469499,0.1659182732714602,0.19881578717444262,0.5254725588863238,0.12633366674295263,0.27378455895591924,1-2,1-4,0.10738388637395183,0.04554425359250787,0.05853438689750838,0.00875110902093649,0.008864014261905025,True,True,False,False,予選,2026-09-21,1号艇のdominance,-0.2432,風速区分,-0.2079,1号艇のsession_avg_finish,-0.103,2号艇のsession_exh_rel_avg,-0.0991,1号艇の全国勝率,-0.0696,2号艇のsession_exh_rel_avg,0.1013,3号艇のracer_2nd_te,0.0674,1号艇vs6号艇の直近複勝率差,-0.0583,2号艇の全国勝率,0.0508,2号艇のsession_exh_rel_last,0.0387,4号艇のclass_rank_2to6,0.2156,4号艇のwin_rate_rank_2to6,0.1769,5号艇のracer_win_te,0.0746,4号艇の年齢,-0.0671,4号艇の全国勝率,0.0586,-0.2282,北 15.6m/s,[逃げ]1号艇のdominanceが不利(-24.3pt)、風速区分が不利(-20.8pt) / [2着]2号艇のsession_exh_rel_avgが有利(+10.1pt)、3号艇のracer_2nd_teが有利(+6.7pt) / [候補2]4号艇のclass_rank_2to6が有利(+21.6pt)、4号艇のwin_rate_rank_2to6が有利(+17.7pt) / [除外]5号艇の直近平均着順が不利(-13.9pt)、5号艇のracer_win_teが不利(-11.0pt)、天気-22.8pt
141,17,宮島,3,11:37,0.19194138689545867,3,0.47577434029951043,2,0.32599397397774876,0.1538925222112111,0.1716293167947866,0.6301389974824725,0.12219756007488708,0.2967664647925895,1-3,1-2,0.06257173548485116,0.09132078672635995,0.03294276909751138,0.004122257834318829,0.0009838331940540065,True,True,False,False,予選,2026-09-21,1号艇のdominance,-0.4044,1号艇のracer_win_te,-0.2166,1号艇の全国2連率,-0.1787,1号艇のvs_max234_diff,-0.1491,1号艇の年齢,0.1304,3号艇のsession_exh_rel_avg,0.1583,1号艇vs4号艇の枠別平均ST差,0.131,4号艇のsession_exh_rel_last,-0.083,1号艇のvs_max234_diff,-0.0824,1号艇vs3号艇の枠別平均ST差,0.0819,1号艇vs6号艇の枠別平均ST差,-0.1801,2号艇のwin_rate_rank_2to6,0.1598,1号艇の枠別平均ST,-0.0806,2号艇のsession_exh_rel_avg,0.0671,ST差分(6-5),0.0592,0.0547,北西 4.9m/s,[逃げ]1号艇のdominanceが不利(-40.4pt)、1号艇のracer_win_teが不利(-21.7pt) / [2着]3号艇のsession_exh_rel_avgが有利(+15.8pt)、1号艇vs4号艇の枠別平均ST差が有利(+13.1pt) / [候補2]1号艇vs6号艇の枠別平均ST差が不利(-18.0pt)、2号艇のwin_rate_rank_2to6が有利(+16.0pt) / [除外]5号艇の直近平均着順が不利(-22.4pt)、ST差分(6-5)が不利(-8.7pt)、天気+5.5pt
142,06,浜名湖,2,11:53,0.2740889171907892,2,0.35720898372024235,4,0.2672184408900141,0.17114863667565836,0.2608171616164018,0.3636102629938547,0.11758243471694393,0.22888712457111723,1-2,1-4,0.09790702355870347,0.07148709341221464,0.07324161311695487,0.013205182496716868,0.018248008690442484,True,True,False,False,予選,2026-09-21,1号艇のdominance,-0.3276,1号艇のvs_max234_diff,-0.1455,1号艇のracer_win_te,-0.1393,1号艇のsession_exh_rel_avg,0.1213,1号艇vs4号艇の枠別勝率差,-0.1007,2号艇のwin_rate_rank_2to6,0.1735,2号艇の枠別出走数,-0.1106,2号艇のclass_rank_2to6,0.0951,2号艇のsession_exh_rel_avg,0.0729,1号艇vs2号艇のplace_rate差,-0.0666,4号艇の節間得点,0.0931,4号艇のモーター2連率,0.0854,4号艇のwin_rate_rank_2to6,-0.0709,4号艇のclass_rank_2to6,0.0625,4号艇のcumulative_diff_rank_2to6,0.0539,0.0096,北 5.1m/s,[逃げ]1号艇のdominanceが不利(-32.8pt)、1号艇のvs_max234_diffが不利(-14.5pt) / [2着]2号艇のwin_rate_rank_2to6が有利(+17.3pt)、2号艇の枠別出走数が不利(-11.1pt) / [候補2]4号艇の節間得点が有利(+9.3pt)、4号艇のモーター2連率が有利(+8.5pt) / [除外]6号艇のsession_exh_rel_avgが不利(-8.4pt)、天気+1.0pt
143,18,徳山,6,10:59,0.18581187032465418,2,0.4337454358599002,3,0.31252888415235586,0.1386666271767368,0.13681179839247573,0.6094625216197804,0.11590115040745483,0.2799053955096499,1-2,1-3,0.08059505068191039,0.058071576494826416,0.017282416213439622,0.02542125614178543,0.004441573561504959,False,False,True,False,予選,2026-09-21,1号艇のdominance,-0.4189,1号艇のracer_win_te,-0.1915,場特性:in_escape_diff,0.1835,1号艇のvs_max234_diff,-0.1635,1号艇の年齢,-0.1307,2号艇のsession_exh_rel_avg,0.0739,1号艇vs3号艇の直近複勝率差,0.0692,場特性:1x_diff_course2,0.0595,2号艇の全国勝率,0.0525,1号艇の年齢,0.0492,3号艇のwin_rate_rank_2to6,0.1636,1号艇vs3号艇のplace_rate差,-0.0819,場特性:1x_diff_course3,0.0662,3号艇の当地勝率,0.0661,1号艇vs6号艇のplace_rate差,0.0576,-0.0599,北 4.2m/s,[逃げ]1号艇のdominanceが不利(-41.9pt)、1号艇のracer_win_teが不利(-19.1pt) / [2着]2号艇のsession_exh_rel_avgが有利(+7.4pt)、1号艇vs3号艇の直近複勝率差が有利(+6.9pt) / [候補2]3号艇のwin_rate_rank_2to6が有利(+16.4pt)、1号艇vs3号艇のplace_rate差が不利(-8.2pt) / [除外]1号艇vs3号艇の直近複勝率差が不利(-9.7pt)、4号艇のwin_rate_rank_2to6が不利(-5.0pt)、天気-6.0pt
144,01,桐生,4,16:48,0.2183713240216883,4,0.4535081189492516,2,0.23832906006532462,0.1510774007888428,0.2071508894591522,0.48468628955542403,0.11352241924814008,0.25116006741881713,1-4,1-2,0.052044232399309415,0.045235814003465456,0.09903316838953337,0.014421964664007294,0.0076361506665970575,True,False,False,False,予選男子,2026-09-21,1号艇の年齢,-0.1959,1号艇のsession_exh_rel_avg,-0.1281,4号艇のsession_exh_rel_avg,-0.0947,6号艇の女子戦勝率,0.0809,1号艇の級別順位,-0.0742,1号艇のモーター出走数,0.1799,4号艇のclass_rank_2to6,0.1384,1号艇vs5号艇の枠別平均ST差,0.0932,4号艇のwin_rate_rank_2to6,-0.0902,4号艇のモーター2連率,0.0707,2号艇のwin_rate_rank_2to6,-0.1236,2号艇のsession_exh_rel_avg,-0.1127,3号艇のモーター出走数,0.0623,6号艇の女子戦2連率,0.0426,2号艇のclass_rank_2to6,-0.0402,-0.0492,北東 4.2m/s,[逃げ]1号艇の年齢が不利(-19.6pt)、1号艇のsession_exh_rel_avgが不利(-12.8pt) / [2着]1号艇のモーター出走数が有利(+18.0pt)、4号艇のclass_rank_2to6が有利(+13.8pt) / [候補2]2号艇のwin_rate_rank_2to6が不利(-12.4pt)、2号艇のsession_exh_rel_avgが不利(-11.3pt) / [除外]6号艇のsession_exh_rel_avgが不利(-8.5pt)、3号艇のsession_exh_rel_avgが不利(-5.9pt)、天気-4.9pt
145,06,浜名湖,1,11:28,0.26580576773153963,2,0.28600163359782577,3,0.2715828721862814,0.1482091776351557,0.20599759902094633,0.3515869067631608,0.11157229594030249,0.20922249637355722,1-2,1-3,0.07602088379094457,0.07218829384421113,0.054755349958616494,0.05238106350724664,0.010460175145215337,True,True,False,False,予選,2026-09-21,1号艇のsession_exh_rel_avg,-0.1433,1号艇のdominance,-0.1382,1号艇のsession_exh_rel_last,-0.0787,1号艇の年齢,-0.0764,1号艇の級別順位,-0.0757,2号艇のwin_rate_rank_2to6,-0.1372,3号艇のracer_2nd_te,0.0588,2号艇の全国勝率,-0.0574,2号艇のsession_exh_rel_avg,0.0461,3号艇のracer_avgfin_te,0.0452,3号艇のwin_rate_rank_2to6,-0.1257,3号艇のsession_exh_rel_avg,0.1121,3号艇の全国勝率,0.051,3号艇のcumulative_diff_rank_2to6,-0.0502,場特性:1x_diff_course3,-0.0452,-0.0789,北 5.9m/s,[逃げ]1号艇のsession_exh_rel_avgが不利(-14.3pt)、1号艇のdominanceが不利(-13.8pt) / [2着]2号艇のwin_rate_rank_2to6が不利(-13.7pt)、3号艇のracer_2nd_teが有利(+5.9pt) / [候補2]3号艇のwin_rate_rank_2to6が不利(-12.6pt)、3号艇のsession_exh_rel_avgが有利(+11.2pt)、天気-7.9pt
146,09,津,7,13:34,0.1916504777658595,3,0.49478371406923394,4,0.25558172048595107,0.143807894031488,0.1903213611392091,0.560044073415976,0.11096423706992488,0.2686787478468344,1-3,1-4,0.03647517979137811,0.0948255351921351,0.04898235883935288,0.010950336490231874,0.0004170668949852278,True,True,False,False,予選,2026-09-21,1号艇のdominance,-0.3699,風速区分,-0.2131,1号艇のvs_max234_diff,-0.1763,1号艇の級別順位,-0.1108,1号艇の平均ST,-0.1031,3号艇のwin_rate_rank_2to6,0.2068,3号艇の当地勝率,0.0797,6号艇の年齢,0.0625,local_win_rateの分散(2-6号艇),0.0589,3号艇の一般戦2連率,0.0512,ST差分(3-2),0.2266,4号艇のwin_rate_rank_2to6,0.0646,1号艇vs3号艇の枠別勝率差,0.0608,1号艇の平均ST,0.0559,4号艇のcumulative_diff_rank_2to6,0.046,-0.2221,北西 8.6m/s,[逃げ]1号艇のdominanceが不利(-37.0pt)、風速区分が不利(-21.3pt) / [2着]3号艇のwin_rate_rank_2to6が有利(+20.7pt)、3号艇の当地勝率が有利(+8.0pt) / [候補2]ST差分(3-2)が有利(+22.7pt)、4号艇のwin_rate_rank_2to6が有利(+6.5pt) / [除外]6号艇の全国勝率が不利(-16.7pt)、6号艇のvs_avg456_diffが不利(-13.8pt)、天気-22.2pt
147,09,津,3,11:32,0.22131060114939682,2,0.33072000023531867,3,0.3213348591634426,0.1443066529159253,0.19406086997646207,0.4579939894222992,0.11070152338601831,0.23841285386783745,1-2,1-3,0.07319184206420704,0.07111481085171825,0.042947727794065756,0.02713427835206103,0.0069219398201176,True,True,False,False,予選,2026-09-21,1号艇のdominance,-0.3263,1号艇のracer_win_te,-0.1804,1号艇のvs_max234_diff,-0.1486,1号艇の年齢,-0.1093,1号艇の全国勝率,-0.1005,2号艇のwin_rate_rank_2to6,-0.1369,場特性:1x_diff_course2,0.0521,1号艇の年齢,0.0488,2号艇の全国勝率,-0.0434,4号艇の一般戦勝率,0.0395,1号艇vs3号艇のplace_rate差,-0.0792,3号艇のwin_rate_rank_2to6,0.0769,3号艇の全国勝率,0.0379,3号艇のclass_rank_2to6,0.0374,1号艇のvs_max234_diff,-0.0371,-0.0689,北西 7.7m/s,[逃げ]1号艇のdominanceが不利(-32.6pt)、1号艇のracer_win_teが不利(-18.0pt) / [2着]2号艇のwin_rate_rank_2to6が不利(-13.7pt)、場特性:1x_diff_course2が有利(+5.2pt) / [候補2]1号艇vs3号艇のplace_rate差が不利(-7.9pt)、3号艇のwin_rate_rank_2to6が有利(+7.7pt) / [除外]win_rate_range_1to6が不利(-8.2pt)、5号艇の平均STが不利(-8.1pt)、天気-6.9pt
148,02,戸田,2,11:16,0.2067541816811605,2,0.43103068510644355,3,0.21961679184182478,0.13452408665935095,0.14826006070525288,0.5023874162430154,0.11059062755403005,0.24488308553445026,1-2,1-3,0.08911739657865271,0.045406690080698246,0.03065338752711374,0.01650627140684466,0.025070437243180175,True,True,False,False,予選,2026-09-21,1号艇のracer_win_te,-0.2546,1号艇の年齢,-0.1896,1号艇のdominance,-0.152,場特性:in_escape_diff,-0.1391,4号艇のモーター2連率,-0.1136,2号艇のclass_rank_2to6,0.0563,2号艇のwin_rate_rank_2to6,0.0527,2号艇の全国勝率,0.0519,2号艇のsession_exh_rel_avg,0.0377,4号艇のモーター2連率,0.036,3号艇のwin_rate_rank_2to6,-0.0918,3号艇のsession_exh_rel_avg,0.0629,3号艇の全国勝率,-0.0573,3号艇のcumulative_diff_rank_2to6,-0.0472,3号艇の節間得点,-0.0424,0.0095,東 2.4m/s,[逃げ]1号艇のracer_win_teが不利(-25.5pt)、1号艇の年齢が不利(-19.0pt) / [2着]2号艇のclass_rank_2to6が有利(+5.6pt)、2号艇のwin_rate_rank_2to6が有利(+5.3pt) / [候補2]3号艇のwin_rate_rank_2to6が不利(-9.2pt)、3号艇のsession_exh_rel_avgが有利(+6.3pt) / [除外]4号艇のwin_rate_rank_2to6が不利(-5.7pt)、6号艇のsession_exh_rel_avgが不利(-5.1pt)、天気+1.0pt
149,09,津,4,12:02,0.1608348565669499,4,0.46586417172905603,2,0.281179120179193,0.12015060070336532,0.13378144518977753,0.6132618467184715,0.100861895500346,0.26808397450789717,1-4,1-2,0.045223403463641676,0.021516719548417138,0.07492719723972364,0.018616760775709222,0.0005507801454740554,True,True,False,False,予選,2026-09-21,1号艇のdominance,-0.3484,1号艇のracer_win_te,-0.1985,風速区分,-0.18,1号艇のvs_max234_diff,-0.1654,1号艇の級別順位,-0.1085,4号艇のclass_rank_2to6,0.2196,4号艇のwin_rate_rank_2to6,0.2166,4号艇の全国勝率,0.1114,6号艇のモーター出走数,0.1037,4号艇の全国2連率,0.0612,2号艇の全国勝率,0.0523,4号艇の一般戦勝率,-0.05,2号艇のsession_exh_rel_avg,0.0455,1号艇vs2号艇のplace_rate差,-0.0367,ST差分(4-3),-0.032,-0.1622,北西 8.1m/s,[逃げ]1号艇のdominanceが不利(-34.8pt)、1号艇のracer_win_teが不利(-19.8pt) / [2着]4号艇のclass_rank_2to6が有利(+22.0pt)、4号艇のwin_rate_rank_2to6が有利(+21.7pt) / [候補2]2号艇の全国勝率が有利(+5.2pt)、4号艇の一般戦勝率が不利(-5.0pt) / [除外]6号艇のvs_avg456_diffが不利(-15.9pt)、6号艇の全国勝率が不利(-14.4pt)、天気-16.2pt
150,01,桐生,1,15:26,0.269960372221986,2,0.23880646698916286,3,0.23612256738568485,0.12821201889886225,0.18026265839774563,0.29466637597710205,0.10047781166056116,0.17814832602233419,1-2,1-3,0.06446828271741181,0.06374373618145045,0.04866377435878012,0.04549225375941427,0.04759233325037537,True,False,False,False,予選女子,2026-09-21,1号艇のdominance,-0.3234,1号艇のracer_win_te,-0.1904,2号艇のsession_exh_rel_avg,-0.1684,4号艇のsession_exh_rel_avg,-0.1245,2号艇のモーター出走数,-0.1219,2号艇のsession_exh_rel_avg,0.1263,2号艇の女子戦比率,-0.1,2号艇の全国勝率,-0.0837,1号艇の直近複勝率,0.0759,2号艇のwin_rate_rank_2to6,0.0734,3号艇のsession_exh_rel_avg,-0.2312,3号艇のwin_rate_rank_2to6,-0.1137,1号艇vs6号艇のplace_rate差,0.0908,3号艇の全国勝率,-0.0776,3号艇の当地勝率,0.0771,0.0112,北東 3.2m/s,[逃げ]1号艇のdominanceが不利(-32.3pt)、1号艇のracer_win_teが不利(-19.0pt) / [2着]2号艇のsession_exh_rel_avgが有利(+12.6pt)、2号艇の女子戦比率が不利(-10.0pt) / [候補2]3号艇のsession_exh_rel_avgが不利(-23.1pt)、3号艇のwin_rate_rank_2to6が不利(-11.4pt)、天気+1.1pt
151,03,江戸川,3,12:08,0.24057490214469152,2,0.32159399412114975,3,0.26386001788310004,0.14084554164813942,0.2594611764994347,0.32599283550481506,0.09699280171926777,0.1963897298051421,1-2,1-3,0.0773674436660161,0.06347809798212335,0.03136776402431363,0.06241984714669803,0.005941754478755689,True,True,False,False,予選,2026-09-21,1号艇のdominance,-0.2176,1号艇のracer_win_te,-0.1758,2号艇のsession_exh_rel_avg,-0.1216,1号艇のsession_exh_rel_avg,-0.096,5号艇の節間得点,-0.0945,2号艇のsession_exh_rel_avg,0.1572,2号艇のclass_rank_2to6,-0.0597,2号艇のwin_rate_rank_2to6,-0.0576,2号艇のモーター2連率,-0.048,2号艇の当地勝率,-0.0419,3号艇のwin_rate_rank_2to6,0.0558,3号艇のcumulative_diff_rank_2to6,-0.0496,3号艇のclass_rank_2to6,0.0438,3号艇の節間得点,-0.0432,5号艇の一般戦2連率,-0.0429,-0.0313,東 3.4m/s,[逃げ]1号艇のdominanceが不利(-21.8pt)、1号艇のracer_win_teが不利(-17.6pt) / [2着]2号艇のsession_exh_rel_avgが有利(+15.7pt)、2号艇のclass_rank_2to6が不利(-6.0pt) / [候補2]3号艇のwin_rate_rank_2to6が有利(+5.6pt)、3号艇のcumulative_diff_rank_2to6が不利(-5.0pt) / [除外]6号艇のwin_rate_rank_2to6が不利(-7.5pt)、6号艇のsession_avg_finishが不利(-5.3pt)、天気-3.1pt
152,12,住之江,6,17:28,0.16450948792780282,3,0.35600589143536815,2,0.35132618250854514,0.11636283727942393,0.14131465256794162,0.5660174213759717,0.09663030857306987,0.25125921250838823,1-3,1-2,0.05779649038011055,0.05856634689931338,0.02324760113064744,0.020985635174366454,0.003913417867227177,True,False,False,False,予選特別Ｂ戦,2026-09-21,1号艇のdominance,-0.5492,1号艇のvs_max234_diff,-0.2844,1号艇のracer_win_te,-0.2643,1号艇の全国2連率,-0.2606,1号艇のsession_exh_rel_avg,0.1258,3号艇のsession_exh_rel_avg,0.1442,1号艇の直近複勝率,-0.0743,場特性:1x_diff_course3,0.0709,1号艇のvs_max234_diff,-0.0588,1号艇vs3号艇のplace_rate差,-0.0529,2号艇のsession_exh_rel_avg,-0.1123,1号艇vs4号艇の勝率差,0.0732,2号艇のclass_rank_2to6,-0.0671,1号艇vs2号艇のplace_rate差,-0.0529,2号艇の全国勝率,0.05,0.0195,北西 3.4m/s,[逃げ]1号艇のdominanceが不利(-54.9pt)、1号艇のvs_max234_diffが不利(-28.4pt) / [2着]3号艇のsession_exh_rel_avgが有利(+14.4pt)、1号艇の直近複勝率が不利(-7.4pt) / [候補2]2号艇のsession_exh_rel_avgが不利(-11.2pt)、1号艇vs4号艇の勝率差が有利(+7.3pt) / [除外]1号艇vs5号艇の級別差が不利(-8.8pt)、6号艇のwin_rate_rank_2to6が不利(-7.2pt)、天気+1.9pt
153,03,江戸川,2,11:41,0.15762784002111557,2,0.5720628284203803,4,0.19413552777099813,0.12077419191417631,0.174775536531536,0.5914228196598423,0.09544414288502087,0.26196878023787606,1-2,1-4,0.09017302800027459,0.027549490311997597,0.030601163913901733,0.009130989386312849,0.00017316457341701844,True,True,False,False,予選,2026-09-21,1号艇のdominance,-0.2492,1号艇のracer_win_te,-0.1847,1号艇のsession_exh_rel_avg,0.1346,1号艇vs2号艇のcumulative差,-0.1098,1号艇の級別順位,-0.1027,1号艇vs2号艇の枠別勝率差,-0.2271,2号艇のwin_rate_rank_2to6,0.1965,2号艇のsession_exh_rel_avg,0.1157,6号艇のsession_rank_diff_last,-0.0976,2号艇のclass_rank_2to6,0.085,1号艇vs5号艇の枠別勝率差,0.0995,1号艇vs6号艇の枠別勝率差,-0.0963,4号艇のwin_rate_rank_2to6,0.0877,4号艇のclass_rank_2to6,0.0753,6号艇の全国2連率,-0.052,-0.0323,東 3.0m/s,[逃げ]1号艇のdominanceが不利(-24.9pt)、1号艇のracer_win_teが不利(-18.5pt) / [2着]1号艇vs2号艇の枠別勝率差が不利(-22.7pt)、2号艇のwin_rate_rank_2to6が有利(+19.7pt) / [候補2]1号艇vs5号艇の枠別勝率差が有利(+9.9pt)、1号艇vs6号艇の枠別勝率差が不利(-9.6pt) / [除外]6号艇の直近平均着順が不利(-20.7pt)、6号艇の全国勝率が不利(-14.4pt)、天気-3.2pt
154,06,浜名湖,3,12:21,0.16783291414092416,4,0.3049683231857876,2,0.3035250906200452,0.10212522287459216,0.19890308926781933,0.4095903245380135,0.07774959608828702,0.19436475337361853,1-4,1-2,0.050941500473650266,0.033382485103450495,0.0511837224009419,0.022213432467137095,0.010111773070518065,True,True,False,False,予選,2026-09-21,1号艇のdominance,-0.3605,1号艇のracer_win_te,-0.2541,1号艇の年齢,0.1648,1号艇のvs_max234_diff,-0.1419,1号艇の全国2連率,-0.1377,4号艇のwin_rate_rank_2to6,-0.1238,4号艇のsession_exh_rel_avg,-0.1027,4号艇のclass_rank_2to6,-0.0929,1号艇の一般戦2連率,0.0781,avg_entry_count,0.0526,2号艇のwin_rate_rank_2to6,-0.1114,2号艇のsession_exh_rel_avg,-0.0696,2号艇の全国勝率,0.0634,2号艇の当地勝率,-0.0434,1号艇vs2号艇のcumulative差,0.0326,-0.0129,北 5.4m/s,[逃げ]1号艇のdominanceが不利(-36.0pt)、1号艇のracer_win_teが不利(-25.4pt) / [2着]4号艇のwin_rate_rank_2to6が不利(-12.4pt)、4号艇のsession_exh_rel_avgが不利(-10.3pt) / [候補2]2号艇のwin_rate_rank_2to6が不利(-11.1pt)、2号艇のsession_exh_rel_avgが不利(-7.0pt) / [除外]6号艇のsession_exh_rel_avgが不利(-7.1pt)、1号艇のracer_2nd_teが不利(-5.6pt)、天気-1.3pt
155,10,三国,8,11:51,0.1277858082441609,2,0.3362420967827493,3,0.33460416417605876,0.08572463166419456,0.16432702834137075,0.5065192326174373,0.06882038289175176,0.21196301195016737,1-2,1-3,0.042966968103094985,0.04275766356109957,0.020998662132963194,0.01648066465297892,0.004581848127886902,True,True,False,False,予選,2026-09-21,1号艇のdominance,-0.428,1号艇のracer_win_te,-0.2573,1号艇のsession_exh_rel_avg,-0.1957,風速区分,-0.1797,1号艇のvs_max234_diff,-0.1794,2号艇の全国勝率,0.0629,1号艇vs6号艇の直近複勝率差,-0.0564,2号艇のsession_exh_rel_avg,0.0512,1号艇vs2号艇のlocal_win_rate差,0.0476,2号艇のsession_avg_finish,-0.047,3号艇のsession_exh_rel_avg,0.1175,3号艇の年齢,-0.0662,場特性:1x_diff_course3,-0.052,3号艇のclass_rank_2to6,0.0484,1号艇の一般戦2連率,0.0473,-0.1925,北 15.4m/s,[逃げ]1号艇のdominanceが不利(-42.8pt)、1号艇のracer_win_teが不利(-25.7pt) / [2着]2号艇の全国勝率が有利(+6.3pt)、1号艇vs6号艇の直近複勝率差が不利(-5.6pt) / [候補2]3号艇のsession_exh_rel_avgが有利(+11.8pt)、3号艇の年齢が不利(-6.6pt) / [除外]6号艇のsession_exh_rel_avgが不利(-6.3pt)、4号艇のwin_rate_rank_2to6が不利(-6.0pt)、天気-19.3pt
156,02,戸田,6,13:14,0.09163271783494467,2,0.3970610868139314,3,0.38359423981167545,0.0715335692710308,0.13685809428194556,0.6437972323436614,0.059785631709888216,0.24321266819281998,1-2,1-3,0.03638378653125744,0.03514978273977336,0.005947713839873923,0.012540679136765773,0.0016107568673684545,True,True,False,False,予選,2026-09-21,1号艇のdominance,-0.415,2号艇のsession_exh_rel_avg,-0.3488,1号艇のracer_win_te,-0.1625,場特性:in_escape_diff,-0.1572,1号艇のvs_max234_diff,-0.1346,2号艇のsession_exh_rel_avg,0.1357,3号艇の全国2連率,0.0796,2号艇の女子戦比率,-0.0726,2号艇の体重,-0.0591,1号艇vs3号艇の直近複勝率差,0.0543,3号艇のwin_rate_rank_2to6,0.2157,3号艇の全国勝率,0.1623,1号艇vs3号艇のcumulative差,0.0598,3号艇の枠別平均ST,0.0591,3号艇の当地勝率,0.0562,-0.0224,北東 3.9m/s,[逃げ]1号艇のdominanceが不利(-41.5pt)、2号艇のsession_exh_rel_avgが不利(-34.9pt) / [2着]2号艇のsession_exh_rel_avgが有利(+13.6pt)、3号艇の全国2連率が有利(+8.0pt) / [候補2]3号艇のwin_rate_rank_2to6が有利(+21.6pt)、3号艇の全国勝率が有利(+16.2pt) / [除外]6号艇のwin_rate_rank_2to6が不利(-7.0pt)、3号艇のracer_win_teが不利(-6.0pt)、天気-2.2pt
