rank,venue_code,venue_name,race_no,closing_time,in_escape_prob,second_pred_1,second_pred_1_prob,second_pred_2,second_pred_2_prob,confidence_score,third_prob,top2_margin,adjusted_score,score_margin_blend,ticket_1,ticket_2,score_boat2,score_boat3,score_boat4,score_boat5,score_boat6,is_teppan,is_lunch,is_excluded,is_channel_target,race_grade,race_date,top_feat_1,top_feat_1_contrib,top_feat_2,top_feat_2_contrib,top_feat_3,top_feat_3_contrib,top_feat_4,top_feat_4_contrib,top_feat_5,top_feat_5_contrib,s2_top_feat_1,s2_top_feat_1_contrib,s2_top_feat_2,s2_top_feat_2_contrib,s2_top_feat_3,s2_top_feat_3_contrib,s2_top_feat_4,s2_top_feat_4_contrib,s2_top_feat_5,s2_top_feat_5_contrib,s2_top2_feat_1,s2_top2_feat_1_contrib,s2_top2_feat_2,s2_top2_feat_2_contrib,s2_top2_feat_3,s2_top2_feat_3_contrib,s2_top2_feat_4,s2_top2_feat_4_contrib,s2_top2_feat_5,s2_top2_feat_5_contrib,weather_contribution,wind_info,reason_text
1,17,宮島,12,16:35,0.8205829268223916,2,0.4282085867993286,3,0.3803472056449709,0.6634870786631415,0.10612886407489161,0.7024269283694078,0.5789889226788766,0.6751690335750213,1-2,1-3,0.3513806554462732,0.31210642321686827,0.08708753390291034,0.03972897915537258,0.03027933357251241,True,False,False,False,準優勝戦,2026-09-12,5号艇の枠別出走数,-0.1536,1号艇のdominance,0.1331,1号艇の節間得点,0.1075,風速区分,0.0937,1号艇の級別順位,0.0834,2号艇のwin_rate_rank_2to6,0.1892,2号艇のsession_exh_rel_avg,-0.1178,レース時間帯,-0.0543,1号艇の年齢,0.054,2号艇の節間得点,0.0493,3号艇のsession_exh_rel_avg,0.0942,3号艇の節間得点,0.0666,3号艇のwin_rate_rank_2to6,-0.0629,場特性:1x_diff_course3,0.0491,3号艇のcumulative_diff_rank_2to6,0.0378,0.1058,北 0.9m/s,[逃げ]5号艇の枠別出走数が不利(-15.4pt)、1号艇のdominanceが有利(+13.3pt) / [2着]2号艇のwin_rate_rank_2to6が有利(+18.9pt)、2号艇のsession_exh_rel_avgが不利(-11.8pt) / [候補2]3号艇のsession_exh_rel_avgが有利(+9.4pt)、3号艇の節間得点が有利(+6.7pt) / [除外]6号艇のsession_exh_rel_avgが不利(-6.6pt)、天気+10.6pt
2,24,大村,3,16:15,0.7822004178294124,3,0.5477647302809467,2,0.24049295744863916,0.6165754926993287,0.10427406132784688,0.683983626401739,0.539424095812556,0.6367979328100517,1-3,1-2,0.18811369180135665,0.4284618008979719,0.0815632143394116,0.06865520471885697,0.015406515542066958,True,False,False,False,一般,2026-09-12,場特性:in_escape_diff,0.2721,6号艇のsession_exh_rel_delta,0.1165,3号艇のracer_win_te,-0.1123,1号艇のsession_exh_rel_avg,0.1065,1号艇のracer_win_te,0.1054,3号艇のwin_rate_rank_2to6,0.1575,3号艇の当地勝率,0.1298,3号艇のsession_exh_rel_avg,0.1044,3号艇のモーター2連率,0.0802,4号艇の女子戦2連率,0.0749,2号艇のwin_rate_rank_2to6,-0.1296,2号艇の当地勝率,0.0739,2号艇のsession_exh_rel_avg,-0.0736,2号艇の全国勝率,0.0713,2号艇のclass_rank_2to6,-0.0577,0.0947,北西 1.8m/s,[逃げ]場特性:in_escape_diffが有利(+27.2pt)、6号艇のsession_exh_rel_deltaが有利(+11.7pt) / [2着]3号艇のwin_rate_rank_2to6が有利(+15.7pt)、3号艇の当地勝率が有利(+13.0pt) / [候補2]2号艇のwin_rate_rank_2to6が不利(-13.0pt)、2号艇の当地勝率が有利(+7.4pt) / [除外]6号艇のwin_rate_rank_2to6が不利(-6.9pt)、天気+9.5pt
3,20,若松,8,18:33,0.771017927943529,2,0.4459733783393678,3,0.36665813501985467,0.6265534656118419,0.12212457882369371,0.6905069345355288,0.5347323718937956,0.6457395062889479,1-2,1-3,0.34385347008519485,0.28269999552664704,0.0941602397156205,0.0405623177788532,0.009741881859088584,True,False,False,False,エイトビート,2026-09-12,1号艇のvs_max234_frame_diff,0.1502,1号艇のsession_exh_rel_avg,0.1325,1号艇のdominance,0.1185,1号艇の勝率順位,-0.0838,1号艇のracer_win_te,0.076,2号艇のclass_rank_2to6,0.0973,2号艇のwin_rate_rank_2to6,0.0668,2号艇のsession_exh_rel_avg,0.0617,2号艇の節間得点,0.0542,2号艇の全国勝率,0.0445,3号艇のwin_rate_rank_2to6,0.1807,3号艇のsession_exh_rel_avg,-0.1641,3号艇のsession_exh_rel_last,-0.0593,場特性:1x_diff_course3,0.0506,1号艇vs4号艇の枠別勝率差,-0.0432,0.0852,北東 1.5m/s,[逃げ]1号艇のvs_max234_frame_diffが有利(+15.0pt)、1号艇のsession_exh_rel_avgが有利(+13.3pt) / [2着]2号艇のclass_rank_2to6が有利(+9.7pt)、2号艇のwin_rate_rank_2to6が有利(+6.7pt) / [候補2]3号艇のwin_rate_rank_2to6が有利(+18.1pt)、3号艇のsession_exh_rel_avgが不利(-16.4pt) / [除外]6号艇のsession_exh_rel_avgが不利(-6.1pt)、6号艇のwin_rate_rank_2to6が不利(-5.9pt)、天気+8.5pt
4,16,児島,7,13:55,0.8355335019663664,2,0.4963995909060137,4,0.2783072885481267,0.6472935519877536,0.15557461326821254,0.6191322661859279,0.5264506191619508,0.6388451662472059,1-2,1-4,0.4147584885643733,0.12998780144105276,0.23253506342338032,0.056939657019733865,0.0013124877243390121,True,True,False,False,一般,2026-09-12,1号艇のdominance,0.1577,1号艇vs5号艇のcumulative差,0.0987,1号艇の勝率順位,0.0943,1号艇vs4号艇の枠別平均ST差,-0.0931,6号艇の枠別出走数,-0.0829,2号艇のwin_rate_rank_2to6,0.1898,2号艇のsession_exh_rel_avg,0.0986,2号艇のclass_rank_2to6,0.0896,2号艇の女子戦比率,-0.0696,2号艇の全国勝率,0.0569,4号艇のsession_exh_rel_avg,0.1283,4号艇のwin_rate_rank_2to6,0.1041,1号艇vs4号艇のcumulative差,-0.0829,4号艇の節間得点,-0.0806,4号艇のclass_rank_2to6,-0.0706,0.0387,東 2.2m/s,[逃げ]1号艇のdominanceが有利(+15.8pt)、1号艇vs5号艇のcumulative差が有利(+9.9pt) / [2着]2号艇のwin_rate_rank_2to6が有利(+19.0pt)、2号艇のsession_exh_rel_avgが有利(+9.9pt) / [候補2]4号艇のsession_exh_rel_avgが有利(+12.8pt)、4号艇のwin_rate_rank_2to6が有利(+10.4pt) / [除外]6号艇の直近平均着順が不利(-26.4pt)、6号艇の全国勝率が不利(-16.0pt)、天気+3.9pt
5,05,多摩川,8,14:32,0.819142325784599,3,0.5815326308865165,2,0.17784529971473945,0.6220386042222087,0.15245761038218197,0.606920320219074,0.5082371812239858,0.6175031190212683,1-3,1-2,0.14568061243819075,0.4763579917840179,0.12488448155202277,0.06836504869318281,0.0038542004718136536,True,True,False,False,一般,2026-09-12,1号艇のdominance,0.2646,1号艇のsession_exh_rel_avg,-0.1324,1号艇の勝率順位,0.0991,ST差分(6-5),0.0856,1号艇のvs_max234_diff,0.0815,3号艇のwin_rate_rank_2to6,0.1991,5号艇の年齢,0.0917,2号艇のvs_boat3_diff,0.0506,3号艇のsession_exh_rel_avg,-0.0477,3号艇のclass_rank_2to6,0.0419,2号艇の全国勝率,-0.1079,2号艇の節間得点,-0.0792,2号艇の直近平均着順,-0.0536,2号艇のsession_avg_finish,-0.0524,avg_456_win_rate,0.0494,0.0667,北東 0.8m/s,[逃げ]1号艇のdominanceが有利(+26.5pt)、1号艇のsession_exh_rel_avgが不利(-13.2pt) / [2着]3号艇のwin_rate_rank_2to6が有利(+19.9pt)、5号艇の年齢が有利(+9.2pt) / [候補2]2号艇の全国勝率が不利(-10.8pt)、2号艇の節間得点が不利(-7.9pt) / [除外]6号艇の直近平均着順が不利(-23.0pt)、6号艇の全国勝率が不利(-19.8pt)、天気+6.7pt
6,24,大村,7,18:13,0.8194146043079723,2,0.36578207374651067,3,0.3584876862419316,0.5934772187931595,0.13635252367257997,0.5879172363158622,0.49637067896360204,0.5918092240499703,1-2,1-3,0.2997271732219466,0.2937500455712129,0.11172924923156054,0.08122617819639247,0.03298194740290931,True,False,False,False,一般,2026-09-12,1号艇のdominance,0.215,場特性:in_escape_diff,0.1501,1号艇の全国勝率,0.1294,風速区分,0.0997,1号艇のracer_win_te,0.073,2号艇のwin_rate_rank_2to6,-0.153,2号艇の全国勝率,0.0689,2号艇のモーター2連率,0.0664,2号艇のsession_exh_rel_avg,-0.0553,2号艇のclass_rank_2to6,-0.0367,3号艇の当地勝率,0.1007,3号艇のsession_exh_rel_avg,0.0826,3号艇のwin_rate_rank_2to6,0.0644,場特性:1x_diff_course3,0.0639,1号艇vs5号艇のcumulative差,0.0523,0.1041,西 1.1m/s,[逃げ]1号艇のdominanceが有利(+21.5pt)、場特性:in_escape_diffが有利(+15.0pt) / [2着]2号艇のwin_rate_rank_2to6が不利(-15.3pt)、2号艇の全国勝率が有利(+6.9pt) / [候補2]3号艇の当地勝率が有利(+10.1pt)、3号艇のsession_exh_rel_avgが有利(+8.3pt) / [除外]6号艇のsession_exh_rel_avgが不利(-8.4pt)、天気+10.4pt
7,20,若松,9,19:04,0.7661759720950413,2,0.5868970703525345,5,0.16116694358485034,0.5731486730677944,0.1121014141370635,0.6359625998003213,0.49604774095377685,0.5919928510875524,1-2,1-5,0.44966643339708495,0.08266690405973337,0.08588940994969343,0.12348223967070938,0.024470995007617888,True,False,False,False,予選,2026-09-12,1号艇のdominance,0.1721,3号艇の枠別出走数,-0.0864,1号艇の級別順位,0.0812,風速区分,0.0766,1号艇の勝率順位,0.0765,2号艇のwin_rate_rank_2to6,0.1946,2号艇のclass_rank_2to6,0.0939,2号艇のsession_exh_rel_avg,0.0916,6号艇のsession_rank_diff_delta,-0.0715,3号艇のracer_2nd_te,0.0674,5号艇のwin_rate_rank_2to6,0.1251,3号艇の一般戦2連率,0.0973,5号艇のclass_rank_2to6,0.0955,1号艇vs3号艇の勝率差,0.0654,mean_234_全国勝率,0.0594,0.072,東 1.4m/s,[逃げ]1号艇のdominanceが有利(+17.2pt)、3号艇の枠別出走数が不利(-8.6pt) / [2着]2号艇のwin_rate_rank_2to6が有利(+19.5pt)、2号艇のclass_rank_2to6が有利(+9.4pt) / [候補2]5号艇のwin_rate_rank_2to6が有利(+12.5pt)、3号艇の一般戦2連率が有利(+9.7pt) / [除外]3号艇のwin_rate_rank_2to6が不利(-5.2pt)、天気+7.2pt
8,24,大村,8,18:43,0.8021716089283626,2,0.5284058447418924,3,0.22445197282108692,0.6039211668087909,0.14981325303944798,0.6030445645235314,0.49535069331398607,0.603658186123213,1-2,1-3,0.42387216664375443,0.18004900016503642,0.12017593822944589,0.04557096946545395,0.032503526953866664,True,False,False,False,一般,2026-09-12,場特性:in_escape_diff,0.187,1号艇のdominance,0.1523,1号艇のracer_win_te,0.1217,1号艇の全国勝率,0.108,3号艇のracer_win_te,-0.102,2号艇のwin_rate_rank_2to6,0.0646,4号艇の女子戦比率,0.0636,2号艇のclass_rank_2to6,-0.0609,2号艇のsession_exh_rel_avg,0.0591,2号艇の全国勝率,0.058,3号艇のwin_rate_rank_2to6,-0.1346,3号艇のsession_exh_rel_avg,0.091,3号艇のcumulative_diff_rank_2to6,-0.0626,3号艇のracer_avgfin_te,0.0593,場特性:1x_diff_course3,0.0533,0.0963,西 1.0m/s,[逃げ]場特性:in_escape_diffが有利(+18.7pt)、1号艇のdominanceが有利(+15.2pt) / [2着]2号艇のwin_rate_rank_2to6が有利(+6.5pt)、4号艇の女子戦比率が有利(+6.4pt) / [候補2]3号艇のwin_rate_rank_2to6が不利(-13.5pt)、3号艇のsession_exh_rel_avgが有利(+9.1pt) / [除外]3号艇のracer_avgfin_teが不利(-6.6pt)、天気+9.6pt
9,02,戸田,10,15:21,0.6064445850669274,2,0.6725770654398606,3,0.19995663820718473,0.5291433398651418,0.05972527673997516,0.8128084269070701,0.49121946097486946,0.6142428659777204,1-2,1-3,0.40788071937620796,0.12126262048893388,0.036220070670581646,0.02033973040373494,0.0207414514698109,True,False,False,False,戸田特賞,2026-09-12,場特性:in_escape_diff,-0.1943,1号艇のracer_win_te,0.1659,風速区分,0.0979,レース時間帯,0.0724,1号艇のsession_exh_rel_avg,0.069,2号艇のwin_rate_rank_2to6,0.2245,2号艇の当地勝率,0.1069,2号艇のclass_rank_2to6,0.1017,2号艇のsession_exh_rel_avg,0.0903,2号艇のracer_avgfin_te,0.0761,3号艇のwin_rate_rank_2to6,-0.1472,3号艇のモーター2連率,0.1039,3号艇のsession_exh_rel_avg,0.0695,1号艇vs2号艇のplace_rate差,0.0588,2号艇の全国勝率,-0.0402,0.1341,北東 1.0m/s,[逃げ]場特性:in_escape_diffが不利(-19.4pt)、1号艇のracer_win_teが有利(+16.6pt) / [2着]2号艇のwin_rate_rank_2to6が有利(+22.5pt)、2号艇の当地勝率が有利(+10.7pt) / [候補2]3号艇のwin_rate_rank_2to6が不利(-14.7pt)、3号艇のモーター2連率が有利(+10.4pt) / [除外]1号艇vs2号艇のlocal_win_rate差が不利(-9.5pt)、6号艇のsession_exh_rel_avgが不利(-7.2pt)、天気+13.4pt
10,24,大村,6,17:46,0.8839910189563017,3,0.3885181130870176,2,0.29411316328540293,0.6034399175718969,0.16785216114387697,0.5147791152285435,0.4818934844299858,0.5768416768688909,1-3,1-2,0.2599933949011245,0.34344652267077236,0.14837980296359315,0.08709844580342915,0.04507286249675214,True,False,False,False,一般,2026-09-12,場特性:in_escape_diff,0.2361,1号艇のdominance,0.1643,1号艇のsession_exh_rel_avg,-0.1619,1号艇のracer_win_te,0.1559,1号艇の全国勝率,0.1293,6号艇のracer_2nd_te,-0.0796,1号艇vs4号艇の枠別平均ST差,0.0626,3号艇のcumulative_diff_rank_2to6,-0.0617,場特性:1x_diff_course3,0.0586,3号艇のsession_exh_rel_avg,-0.056,2号艇のsession_exh_rel_avg,-0.0964,2号艇のclass_rank_2to6,-0.0703,2号艇の全国勝率,0.0604,2号艇の節間得点,-0.0545,2号艇のcumulative_diff_rank_2to6,-0.0523,0.0929,西 0.9m/s,[逃げ]場特性:in_escape_diffが有利(+23.6pt)、1号艇のdominanceが有利(+16.4pt) / [2着]6号艇のracer_2nd_teが不利(-8.0pt)、1号艇vs4号艇の枠別平均ST差が有利(+6.3pt) / [候補2]2号艇のsession_exh_rel_avgが不利(-9.6pt)、2号艇のclass_rank_2to6が不利(-7.0pt)、天気+9.3pt
11,24,大村,10,19:47,0.7371627372758564,2,0.5200174601009855,3,0.245874437868462,0.5645869679645588,0.12213442376741473,0.6437574742020327,0.4818403631658269,0.5883381198358009,1-2,1-3,0.3833374943192809,0.1812494736452779,0.09003294613999685,0.05673912119468343,0.025803708841980202,True,False,False,False,特別選抜戦,2026-09-12,場特性:in_escape_diff,0.1653,1号艇のsession_exh_rel_avg,0.1469,1号艇のdominance,-0.1408,1号艇のracer_win_te,0.0977,4号艇のモーター2連率,-0.0799,2号艇のwin_rate_rank_2to6,-0.1331,2号艇の当地勝率,0.1096,2号艇のモーター2連率,0.0805,2号艇のracer_avgfin_te,0.0675,2号艇の全国勝率,0.0671,3号艇の当地勝率,0.1194,3号艇のwin_rate_rank_2to6,-0.105,3号艇のsession_exh_rel_avg,0.0876,2号艇の女子戦勝率,0.0466,全艇平均勝率,-0.0465,0.1261,北西 0.5m/s,[逃げ]場特性:in_escape_diffが有利(+16.5pt)、1号艇のsession_exh_rel_avgが有利(+14.7pt) / [2着]2号艇のwin_rate_rank_2to6が不利(-13.3pt)、2号艇の当地勝率が有利(+11.0pt) / [候補2]3号艇の当地勝率が有利(+11.9pt)、3号艇のwin_rate_rank_2to6が不利(-10.5pt) / [除外]3号艇のracer_avgfin_teが不利(-5.1pt)、天気+12.6pt
12,18,徳山,12,16:38,0.7838969962590603,2,0.40540222834822004,3,0.3324671819689891,0.5784136143791043,0.14635707846177953,0.5915123318554296,0.47682770228745147,0.5823432296220019,1-2,1-3,0.3177935890788994,0.26062002530020495,0.11472887418744059,0.08108278645725697,0.009671724885563223,True,False,False,False,金剛ドリーム,2026-09-12,場特性:in_escape_diff,0.1879,1号艇の全国勝率,0.1384,race_no,0.1372,1号艇のdominance,0.132,1号艇の年齢,-0.1104,2号艇のwin_rate_rank_2to6,-0.1415,2号艇の当地勝率,0.1077,2号艇のsession_exh_rel_avg,0.0866,2号艇の全国勝率,0.0789,2号艇のclass_rank_2to6,-0.0552,3号艇の全国勝率,0.1638,3号艇のwin_rate_rank_2to6,0.1518,場特性:1x_diff_course3,0.0416,4号艇のモーター2連率,-0.0392,2号艇の直近平均着順,-0.0383,0.1687,東 1.8m/s,[逃げ]場特性:in_escape_diffが有利(+18.8pt)、1号艇の全国勝率が有利(+13.8pt) / [2着]2号艇のwin_rate_rank_2to6が不利(-14.1pt)、2号艇の当地勝率が有利(+10.8pt) / [候補2]3号艇の全国勝率が有利(+16.4pt)、3号艇のwin_rate_rank_2to6が有利(+15.2pt) / [除外]4号艇の女子戦2連率が不利(-15.4pt)、3号艇の女子戦2連率が不利(-6.2pt)、天気+16.9pt
13,05,多摩川,12,16:46,0.7720318969974103,3,0.37303470129121685,2,0.3571186986468833,0.5637017144533202,0.1308658749938759,0.5992875249442242,0.47517853273634214,0.5743774576005913,1-3,1-2,0.27570702636959976,0.2879946880837204,0.10103262972374796,0.05217864974698044,0.05511890882544755,True,False,False,False,準優勝戦,2026-09-12,1号艇のdominance,0.1607,race_no,0.1122,1号艇のsession_exh_rel_avg,-0.1062,4号艇のsession_exh_rel_avg,-0.1022,1号艇の勝率順位,0.0953,3号艇のwin_rate_rank_2to6,0.1678,3号艇のsession_exh_rel_avg,-0.0904,3号艇の節間得点,0.0514,3号艇のclass_rank_2to6,0.0447,3号艇のsession_exh_rel_last,-0.0388,2号艇のwin_rate_rank_2to6,-0.1371,2号艇のsession_exh_rel_avg,0.0967,2号艇の節間得点,0.0616,4号艇のモーター出走数,-0.0502,2号艇のsession_avg_finish,0.0494,0.1398,北 1.0m/s,[逃げ]1号艇のdominanceが有利(+16.1pt)、race_noが有利(+11.2pt) / [2着]3号艇のwin_rate_rank_2to6が有利(+16.8pt)、3号艇のsession_exh_rel_avgが不利(-9.0pt) / [候補2]2号艇のwin_rate_rank_2to6が不利(-13.7pt)、2号艇のsession_exh_rel_avgが有利(+9.7pt) / [除外]4号艇のwin_rate_rank_2to6が不利(-5.2pt)、天気+14.0pt
14,17,宮島,8,14:15,0.6880610784701557,3,0.5809515482122446,2,0.23297430798410912,0.560030702409208,0.12661098260547074,0.687314873590883,0.47494345738369387,0.5982159537637105,1-3,1-2,0.16030055360738432,0.39973014880182367,0.08711608923768632,0.0402587622291614,0.0006555302812604991,True,True,False,False,一般戦,2026-09-12,1号艇のdominance,0.1714,1号艇のsession_exh_rel_avg,-0.1669,1号艇の年齢,-0.1155,6号艇の枠別出走数,-0.083,1号艇の勝率順位,0.0829,3号艇のwin_rate_rank_2to6,0.1688,3号艇のsession_exh_rel_avg,0.1112,3号艇の節間得点,0.0451,場特性:1x_diff_course3,0.0437,3号艇のracer_2nd_te,0.0417,2号艇のsession_exh_rel_avg,-0.074,2号艇の全国勝率,-0.0675,2号艇のwin_rate_rank_2to6,-0.0504,1号艇vs2号艇のplace_rate差,-0.037,1号艇の年齢,-0.0323,0.0324,南 0.8m/s,[逃げ]1号艇のdominanceが有利(+17.1pt)、1号艇のsession_exh_rel_avgが不利(-16.7pt) / [2着]3号艇のwin_rate_rank_2to6が有利(+16.9pt)、3号艇のsession_exh_rel_avgが有利(+11.1pt) / [候補2]2号艇のsession_exh_rel_avgが不利(-7.4pt)、2号艇の全国勝率が不利(-6.7pt) / [除外]6号艇の直近平均着順が不利(-25.0pt)、6号艇の全国勝率が不利(-13.6pt)、天気+3.2pt
15,18,徳山,2,11:11,0.7976289293246182,2,0.4754387931547686,3,0.2556055389626315,0.5831021079156323,0.1675535658224255,0.5634907662949745,0.465861103011828,0.577218705429435,1-2,1-3,0.3792237355434267,0.20387837237220574,0.13364557131146318,0.06193967897441209,0.0189415785516087,True,True,False,False,予選,2026-09-12,1号艇のracer_win_te,0.1961,場特性:in_escape_diff,0.157,1号艇のdominance,0.1531,3号艇のracer_win_te,-0.1157,1号艇の勝率順位,0.0949,2号艇のwin_rate_rank_2to6,0.1538,2号艇の当地勝率,0.0878,2号艇のsession_exh_rel_avg,0.0632,2号艇の全国勝率,0.0565,2号艇のclass_rank_2to6,-0.0463,3号艇の当地勝率,0.1025,3号艇のwin_rate_rank_2to6,-0.094,3号艇のracer_win_te,0.0704,3号艇のcumulative_diff_rank_2to6,0.0502,場特性:1x_diff_course3,0.0484,0.0942,東 1.5m/s,[逃げ]1号艇のracer_win_teが有利(+19.6pt)、場特性:in_escape_diffが有利(+15.7pt) / [2着]2号艇のwin_rate_rank_2to6が有利(+15.4pt)、2号艇の当地勝率が有利(+8.8pt) / [候補2]3号艇の当地勝率が有利(+10.2pt)、3号艇のwin_rate_rank_2to6が不利(-9.4pt) / [除外]1号艇の当地勝率が不利(-10.3pt)、3号艇のracer_avgfin_teが不利(-8.9pt)、天気+9.4pt
16,10,三国,1,08:32,0.8211990835311225,3,0.3731541577045734,2,0.33520010152914226,0.5816998684980944,0.1669922969517263,0.5413619622819894,0.46513259188567774,0.5695984966332629,1-3,1-2,0.27526601617527086,0.3064338523228236,0.1371339212135147,0.0927673525746149,0.009597934361687247,False,False,True,False,みくにあさイ,2026-09-12,1号艇のdominance,0.363,1号艇のvs_max234_diff,0.1349,1号艇の勝率順位,0.099,風速区分,0.093,1号艇のracer_win_te,0.0812,3号艇のwin_rate_rank_2to6,0.0659,3号艇のcumulative_diff_rank_2to6,0.0426,場特性:1x_diff_course3,-0.0373,3号艇の当地勝率,-0.0284,3号艇のモーター2連率,-0.0273,2号艇のwin_rate_rank_2to6,-0.1184,2号艇の全国勝率,-0.0604,2号艇のsession_exh_rel_avg,0.0446,1号艇のframe_dominance,0.0421,2号艇のclass_rank_2to6,-0.0403,0.1056,南東 1.6m/s,[逃げ]1号艇のdominanceが有利(+36.3pt)、1号艇のvs_max234_diffが有利(+13.5pt) / [2着]3号艇のwin_rate_rank_2to6が有利(+6.6pt)、3号艇のcumulative_diff_rank_2to6が有利(+4.3pt) / [候補2]2号艇のwin_rate_rank_2to6が不利(-11.8pt)、2号艇の全国勝率が不利(-6.0pt) / [除外]6号艇のwin_rate_rank_2to6が不利(-8.5pt)、6号艇の直近平均着順が不利(-6.7pt)、天気+10.6pt
17,20,若松,7,18:04,0.698602178708317,3,0.5774202652004461,2,0.18645298131943405,0.5336435142757835,0.1203820080565457,0.6434912384633344,0.4565542208739386,0.5665978315320488,1-3,1-2,0.13025645897641774,0.4033870552993658,0.08409913310558499,0.07251940399114407,0.008340117901756634,True,False,False,False,予選特賞,2026-09-12,1号艇のsession_exh_rel_avg,0.1372,1号艇の体重,-0.0899,1号艇の級別順位,0.0843,風速区分,0.0663,1号艇のモーター2連率順位,0.0632,3号艇のwin_rate_rank_2to6,0.1973,3号艇の当地勝率,0.0768,3号艇の全国勝率,0.055,3号艇のracer_avgfin_te,0.0437,3号艇のclass_rank_2to6,0.0419,2号艇のwin_rate_rank_2to6,-0.2011,2号艇の全国勝率,-0.0955,2号艇のsession_exh_rel_avg,0.0901,2号艇のsession_avg_finish,-0.0667,2号艇のclass_rank_2to6,-0.0637,0.0746,北東 1.8m/s,[逃げ]1号艇のsession_exh_rel_avgが有利(+13.7pt)、1号艇の体重が不利(-9.0pt) / [2着]3号艇のwin_rate_rank_2to6が有利(+19.7pt)、3号艇の当地勝率が有利(+7.7pt) / [候補2]2号艇のwin_rate_rank_2to6が不利(-20.1pt)、2号艇の全国勝率が不利(-9.6pt) / [除外]6号艇のwin_rate_rank_2to6が不利(-7.0pt)、6号艇のsession_exh_rel_avgが不利(-6.7pt)、天気+7.5pt
18,24,大村,11,20:16,0.8785644618384176,3,0.3685589144033765,2,0.3091035551425561,0.5953701628647153,0.1969758849753236,0.480686584570609,0.45464188520289955,0.5609650893764834,1-3,1-2,0.27156739857616147,0.3238027642885539,0.17305601237849122,0.09495163400300247,0.0151866591380238,False,False,False,False,特別選抜戦,2026-09-12,場特性:in_escape_diff,0.1839,1号艇のracer_win_te,0.1777,1号艇のdominance,0.1442,1号艇の全国勝率,0.1234,風速区分,0.1041,3号艇のwin_rate_rank_2to6,-0.0694,3号艇の全国勝率,0.0633,2号艇の全国勝率,-0.0532,3号艇のracer_avgfin_te,0.0502,場特性:1x_diff_course3,0.0461,2号艇の当地勝率,0.0883,2号艇のsession_exh_rel_avg,-0.0811,2号艇のclass_rank_2to6,-0.0772,2号艇のwin_rate_rank_2to6,0.0706,avg_entry_count,-0.0503,0.1818,南東 0.8m/s,[逃げ]場特性:in_escape_diffが有利(+18.4pt)、1号艇のracer_win_teが有利(+17.8pt) / [2着]3号艇のwin_rate_rank_2to6が不利(-6.9pt)、3号艇の全国勝率が有利(+6.3pt) / [候補2]2号艇の当地勝率が有利(+8.8pt)、2号艇のsession_exh_rel_avgが不利(-8.1pt) / [除外]4号艇の女子戦2連率が不利(-13.5pt)、3号艇のracer_avgfin_teが不利(-7.7pt)、天気+18.2pt
19,09,津,12,16:20,0.7604386733733102,2,0.43085273407492775,3,0.2731424570355798,0.5353451691892643,0.12696798258577258,0.577027208524735,0.45377913384646434,0.5478497809899054,1-2,1-3,0.3276370815192016,0.20770808767006269,0.09262060079424689,0.09655136423841044,0.035921524987114456,True,False,False,False,ドリーム戦,2026-09-12,1号艇のdominance,0.1748,1号艇のracer_win_te,0.1359,1号艇の勝率順位,0.0879,race_no,0.0846,風速区分,0.0792,2号艇のsession_exh_rel_avg,0.0819,2号艇の全国勝率,0.0696,2号艇のclass_rank_2to6,-0.0513,avg_entry_count,0.0365,レース時間帯,-0.0313,3号艇のwin_rate_rank_2to6,0.1565,3号艇のracer_2nd_te,0.0428,全艇平均勝率,-0.0369,3号艇のracer_avgfin_te,0.0347,1号艇のracer_win_te,-0.0343,0.1384,南 1.8m/s,[逃げ]1号艇のdominanceが有利(+17.5pt)、1号艇のracer_win_teが有利(+13.6pt) / [2着]2号艇のsession_exh_rel_avgが有利(+8.2pt)、2号艇の全国勝率が有利(+7.0pt) / [候補2]3号艇のwin_rate_rank_2to6が有利(+15.7pt)、3号艇のracer_2nd_teが有利(+4.3pt) / [除外]勝率のレンジ(2-6号艇)が不利(-10.8pt)、std_234_全国勝率が不利(-6.5pt)、天気+13.8pt
20,24,大村,2,15:45,0.784522732515939,2,0.5170675114874028,3,0.17364096211253705,0.541876499080538,0.13606896712763,0.5546395064723098,0.4533974084317881,0.5457054012980695,1-2,1-3,0.40565121700731394,0.13622528207322418,0.10500294551238037,0.10674919790158977,0.030894081253705893,True,False,False,False,一般,2026-09-12,場特性:in_escape_diff,0.2007,1号艇のracer_win_te,0.117,1号艇の節間得点,0.1033,風速区分,0.0823,1号艇のモーター2連率,0.0769,2号艇のwin_rate_rank_2to6,0.1614,2号艇の当地勝率,0.0723,2号艇のclass_rank_2to6,-0.0682,2号艇の全国勝率,0.0563,2号艇のsession_exh_rel_avg,0.05,6号艇のsession_rank_diff_delta,0.0983,3号艇のwin_rate_rank_2to6,-0.0924,3号艇の節間得点,-0.0829,3号艇の当地勝率,0.0809,場特性:1x_diff_course3,0.0639,0.1141,北西 1.6m/s,[逃げ]場特性:in_escape_diffが有利(+20.1pt)、1号艇のracer_win_teが有利(+11.7pt) / [2着]2号艇のwin_rate_rank_2to6が有利(+16.1pt)、2号艇の当地勝率が有利(+7.2pt) / [候補2]6号艇のsession_rank_diff_deltaが有利(+9.8pt)、3号艇のwin_rate_rank_2to6が不利(-9.2pt)、天気+11.4pt
21,05,多摩川,5,13:01,0.581494877937504,3,0.5221309717393834,2,0.32708807529897466,0.49381652609977345,0.08876985865012516,0.7604491883882329,0.44121329823460614,0.5738063247863112,1-3,1-2,0.1902000404207904,0.3036164856789831,0.051619218120284006,0.03034991557440353,0.005709214352127856,True,True,False,False,一般,2026-09-12,1号艇の年齢,-0.1562,1号艇の級別順位,-0.1089,1号艇のdominance,0.0489,3号艇のracer_win_te,-0.0466,6号艇の平均ST,0.0462,3号艇のwin_rate_rank_2to6,0.2085,3号艇のsession_exh_rel_avg,0.0891,3号艇の当地勝率,-0.0399,3号艇の全国勝率,0.0396,2号艇のvs_boat3_diff,0.0381,2号艇のwin_rate_rank_2to6,0.0717,2号艇の節間得点,0.0667,2号艇のsession_exh_rel_avg,-0.0582,2号艇の当地勝率,-0.0391,3号艇のsession_rank_diff_delta,0.0367,0.0272,北東 1.5m/s,[逃げ]1号艇の年齢が不利(-15.6pt)、1号艇の級別順位が不利(-10.9pt) / [2着]3号艇のwin_rate_rank_2to6が有利(+20.8pt)、3号艇のsession_exh_rel_avgが有利(+8.9pt) / [候補2]2号艇のwin_rate_rank_2to6が有利(+7.2pt)、2号艇の節間得点が有利(+6.7pt) / [除外]6号艇のwin_rate_rank_2to6が不利(-8.4pt)、6号艇のsession_avg_finishが不利(-5.1pt)、天気+2.7pt
22,10,三国,5,10:18,0.701356724861507,3,0.4236114899338257,2,0.30520215876209333,0.5111583536837347,0.1169531816917811,0.6118604670041379,0.4394204387097601,0.5413689876798556,1-3,1-2,0.21405558649004347,0.2971027671936912,0.08202590047348035,0.04281092059349222,0.06536153965977004,False,False,True,False,予選,2026-09-12,1号艇のdominance,0.1119,風速区分,0.0692,1号艇のvs_max234_diff,0.0636,場特性:in_escape_diff,-0.0526,2号艇の体重,0.0515,3号艇のwin_rate_rank_2to6,0.0756,6号艇のracer_2nd_te,-0.0537,3号艇の当地勝率,-0.0408,3号艇の全国勝率,0.0391,3号艇のモーター2連率,0.0364,2号艇のclass_rank_2to6,-0.0502,2号艇のsession_exh_rel_avg,0.0447,2号艇のwin_rate_rank_2to6,-0.0367,2号艇の全国勝率,-0.0342,4号艇のモーター出走数,-0.0222,0.0829,南東 1.6m/s,[逃げ]1号艇のdominanceが有利(+11.2pt)、風速区分が有利(+6.9pt) / [2着]3号艇のwin_rate_rank_2to6が有利(+7.6pt)、6号艇のracer_2nd_teが不利(-5.4pt) / [候補2]2号艇のclass_rank_2to6が不利(-5.0pt)、2号艇のsession_exh_rel_avgが有利(+4.5pt)、天気+8.3pt
23,21,芦屋,11,13:42,0.6573574692053188,2,0.4062723902455547,3,0.3534906621308902,0.4994359173058879,0.1055256889722056,0.6542373634042393,0.4361919341804847,0.5458763511353932,1-2,1-3,0.2670661902598135,0.2323697270460744,0.05872473930405141,0.029828693165683578,0.06936809983891669,True,True,False,False,予選特選,2026-09-12,1号艇のracer_win_te,0.1371,風速区分,0.0888,1号艇のdominance,0.0805,1号艇の節間得点,0.0766,6号艇のモーター出走数,-0.0621,2号艇のclass_rank_2to6,0.1103,2号艇の当地勝率,0.0835,2号艇の全国勝率,0.0752,レース時間帯,-0.0553,3号艇の女子戦2連率,-0.0356,3号艇のsession_exh_rel_avg,0.0956,4号艇のモーター出走数,-0.0917,6号艇のモーター出走数,0.0889,3号艇のwin_rate_rank_2to6,0.0671,3号艇の当地勝率,-0.0521,0.1135,南東 1.6m/s,[逃げ]1号艇のracer_win_teが有利(+13.7pt)、風速区分が有利(+8.9pt) / [2着]2号艇のclass_rank_2to6が有利(+11.0pt)、2号艇の当地勝率が有利(+8.4pt) / [候補2]3号艇のsession_exh_rel_avgが有利(+9.6pt)、4号艇のモーター出走数が不利(-9.2pt)、天気+11.3pt
24,10,三国,3,09:24,0.7669751320638744,3,0.38517760027482056,2,0.31063380461051043,0.5336700441534767,0.1563658677196428,0.5394455371656882,0.4335327087174306,0.5354026920571402,1-3,1-2,0.23824840331464997,0.2954216408388267,0.11992873204455536,0.06481063883882264,0.04856569131217453,False,False,True,False,みくにあさズ,2026-09-12,1号艇のdominance,0.236,1号艇の勝率順位,0.0899,風速区分,0.084,1号艇のracer_win_te,0.0715,1号艇のvs_max234_diff,0.0712,3号艇のwin_rate_rank_2to6,0.1448,6号艇のracer_2nd_te,-0.0684,場特性:1x_diff_course3,-0.039,3号艇のclass_rank_2to6,0.0387,1号艇vs4号艇のlocal_win_rate差,0.0345,2号艇のwin_rate_rank_2to6,-0.1329,2号艇の全国勝率,-0.0632,2号艇のモーター2連率,-0.0545,2号艇のsession_exh_rel_avg,0.0427,2号艇のclass_rank_2to6,-0.0387,0.0904,南東 1.6m/s,[逃げ]1号艇のdominanceが有利(+23.6pt)、1号艇の勝率順位が有利(+9.0pt) / [2着]3号艇のwin_rate_rank_2to6が有利(+14.5pt)、6号艇のracer_2nd_teが不利(-6.8pt) / [候補2]2号艇のwin_rate_rank_2to6が不利(-13.3pt)、2号艇の全国勝率が不利(-6.3pt) / [除外]4号艇のwin_rate_rank_2to6が不利(-5.4pt)、場特性:1x_diff_course5が不利(-5.1pt)、天気+9.0pt
25,12,住之江,10,19:25,0.5623037689313175,2,0.5197633497985326,3,0.3344961043680241,0.4803533107230649,0.09926776769474485,0.7549916864718118,0.42313298969075436,0.562744823447689,1-2,1-3,0.2922648905440816,0.1880884201789833,0.055818639908153514,0.01703454165538372,0.009097275073656852,True,False,False,False,予選特別Ｂ戦,2026-09-12,1号艇のdominance,0.2359,1号艇の年齢,-0.1157,1号艇の勝率順位,0.09,風速区分,0.085,1号艇のracer_win_te,0.0844,2号艇のwin_rate_rank_2to6,0.2043,2号艇のclass_rank_2to6,0.1102,2号艇の当地勝率,0.094,2号艇のsession_exh_rel_avg,-0.0915,レース時間帯,-0.053,3号艇のsession_exh_rel_avg,-0.0892,3号艇のwin_rate_rank_2to6,0.0593,1号艇vs5号艇のplace_rate差,0.0562,3号艇の節間得点,0.0438,場特性:1x_diff_course3,0.0362,0.0796,北 0.4m/s,[逃げ]1号艇のdominanceが有利(+23.6pt)、1号艇の年齢が不利(-11.6pt) / [2着]2号艇のwin_rate_rank_2to6が有利(+20.4pt)、2号艇のclass_rank_2to6が有利(+11.0pt) / [候補2]3号艇のsession_exh_rel_avgが不利(-8.9pt)、3号艇のwin_rate_rank_2to6が有利(+5.9pt) / [除外]6号艇のsession_exh_rel_avgが不利(-7.6pt)、5号艇のracer_avgfin_teが不利(-6.9pt)、天気+8.0pt
26,21,芦屋,4,10:02,0.80362970412691,3,0.4508900495016019,4,0.2025415264655659,0.5251170240616756,0.1652258011150256,0.4882057748521422,0.4210015668860014,0.5140436492988155,1-3,1-4,0.10489397663747642,0.36234863707474013,0.16276838698693544,0.1327803616641997,0.04083834475731225,False,False,True,False,サンライズＹ,2026-09-12,1号艇のdominance,0.2808,1号艇の全国勝率,0.1173,1号艇のracer_win_te,0.1015,1号艇のvs_max234_diff,0.0882,1号艇の級別順位,0.0798,4号艇のモーター出走数,-0.0976,3号艇の当地勝率,0.094,6号艇のモーター出走数,0.068,3号艇のwin_rate_rank_2to6,0.067,1号艇vs2号艇のlocal_win_rate差,-0.0389,1号艇vs4号艇のcumulative差,-0.0993,4号艇の女子戦比率,-0.0915,4号艇のwin_rate_rank_2to6,-0.0876,4号艇のclass_rank_2to6,-0.0792,4号艇のsession_exh_rel_avg,0.0753,0.1051,南東 1.6m/s,[逃げ]1号艇のdominanceが有利(+28.1pt)、1号艇の全国勝率が有利(+11.7pt) / [2着]4号艇のモーター出走数が不利(-9.8pt)、3号艇の当地勝率が有利(+9.4pt) / [候補2]1号艇vs4号艇のcumulative差が不利(-9.9pt)、4号艇の女子戦比率が不利(-9.2pt) / [除外]2号艇のwin_rate_rank_2to6が不利(-7.9pt)、1号艇vs6号艇のcumulative差が不利(-6.2pt)、天気+10.5pt
27,08,常滑,1,10:39,0.7535941921646239,2,0.510590004630319,5,0.16816658736274764,0.5115070256194283,0.14850720113197302,0.5302493908610937,0.4203520535385302,0.5171297351919278,1-2,1-5,0.3847776620667168,0.11191416426767853,0.09505183720751598,0.12672936355271144,0.03512115103321546,False,False,True,False,朝トコ小判Ｒ,2026-09-12,1号艇のdominance,0.3907,1号艇の女子戦比率,-0.1765,1号艇のvs_max234_diff,0.1334,1号艇の勝率順位,0.097,1号艇の級別順位,0.0742,2号艇の全国勝率,-0.0789,2号艇のwin_rate_rank_2to6,0.0659,2号艇のracer_avgfin_te,-0.0611,max_234_win_rate,0.055,second_best_win_rate,0.0548,5号艇のwin_rate_rank_2to6,0.1981,3号艇の一般戦2連率,0.1161,5号艇のracer_avgfin_te,-0.1085,5号艇の性別,-0.0971,mean_234_全国勝率,0.0863,-0.0122,西 0.6m/s,[逃げ]1号艇のdominanceが有利(+39.1pt)、1号艇の女子戦比率が不利(-17.6pt) / [2着]2号艇の全国勝率が不利(-7.9pt)、2号艇のwin_rate_rank_2to6が有利(+6.6pt) / [候補2]5号艇のwin_rate_rank_2to6が有利(+19.8pt)、3号艇の一般戦2連率が有利(+11.6pt) / [除外]4号艇のwin_rate_rank_2to6が不利(-5.5pt)、6号艇の女子戦比率が不利(-5.3pt)、天気-1.2pt
28,05,多摩川,11,16:11,0.7817875852583671,2,0.4344960063348866,3,0.235242836370702,0.5235935125925355,0.16670308182253052,0.503035760883058,0.418851929986784,0.5174261870796922,1-2,1-3,0.33968358359695516,0.1839099289955803,0.13032639979316413,0.0933724227615207,0.0344952471987611,True,False,False,False,準優勝戦,2026-09-12,1号艇の節間得点,0.1256,1号艇のsession_exh_rel_avg,0.1227,1号艇の級別順位,-0.0968,1号艇のdominance,0.0941,1号艇のracer_win_te,0.0776,2号艇のsession_exh_rel_avg,-0.1106,2号艇のwin_rate_rank_2to6,0.0653,レース時間帯,-0.0449,2号艇の節間得点,0.0437,1号艇の女子戦2連率,0.0356,3号艇のwin_rate_rank_2to6,-0.0944,3号艇のsession_exh_rel_avg,-0.0552,3号艇のcumulative_diff_rank_2to6,0.0392,3号艇の節間得点,0.039,3号艇のracer_2nd_te,0.0353,0.0707,北 1.0m/s,[逃げ]1号艇の節間得点が有利(+12.6pt)、1号艇のsession_exh_rel_avgが有利(+12.3pt) / [2着]2号艇のsession_exh_rel_avgが不利(-11.1pt)、2号艇のwin_rate_rank_2to6が有利(+6.5pt) / [候補2]3号艇のwin_rate_rank_2to6が不利(-9.4pt)、3号艇のsession_exh_rel_avgが不利(-5.5pt) / [除外]2号艇のracer_2nd_teが不利(-7.0pt)、6号艇のsession_exh_rel_avgが不利(-6.9pt)、天気+7.1pt
29,24,大村,4,16:50,0.6801957587989286,2,0.44197497935820834,3,0.2856438578074869,0.49492324706231416,0.12901179383572842,0.5986070433299668,0.4183021239648991,0.5260283859426099,1-2,1-3,0.3006295064546973,0.1942937406076168,0.08775327500210423,0.06183875521683653,0.035680481517673654,True,False,False,False,一般,2026-09-12,1号艇のsession_exh_rel_avg,-0.1591,場特性:in_escape_diff,0.1366,1号艇の年齢,-0.1109,風速区分,0.0775,1号艇の平均ST,0.07,2号艇のclass_rank_2to6,-0.0579,2号艇の全国勝率,0.0578,2号艇のracer_avgfin_te,0.0575,2号艇のsession_exh_rel_avg,0.0507,1号艇の年齢,0.0376,3号艇の当地勝率,0.1106,3号艇のsession_exh_rel_avg,-0.0992,second_best_win_rate,-0.073,3号艇のwin_rate_rank_2to6,0.0632,3号艇の節間得点,0.0534,0.0934,北西 1.6m/s,[逃げ]1号艇のsession_exh_rel_avgが不利(-15.9pt)、場特性:in_escape_diffが有利(+13.7pt) / [2着]2号艇のclass_rank_2to6が不利(-5.8pt)、2号艇の全国勝率が有利(+5.8pt) / [候補2]3号艇の当地勝率が有利(+11.1pt)、3号艇のsession_exh_rel_avgが不利(-9.9pt)、天気+9.3pt
30,24,大村,12,20:45,0.8799829538351231,3,0.3670353119173201,4,0.26716094359242115,0.5580818942346366,0.21152014042042117,0.42267611508932007,0.4164272214731106,0.5174601604910416,1-3,1-4,0.18613411796278226,0.3229848179427991,0.2350970762918375,0.11627832069022624,0.01948860947380617,False,False,False,False,優勝戦,2026-09-12,場特性:in_escape_diff,0.1787,race_no,0.1621,1号艇の全国勝率,0.1508,1号艇のsession_exh_rel_avg,0.1251,1号艇のdominance,0.1171,3号艇の全国勝率,0.1394,6号艇の直近1着率,0.0965,3号艇の枠別勝率,-0.0695,3号艇のwin_rate_rank_2to6,0.0691,3号艇の当地勝率,0.064,4号艇のsession_exh_rel_avg,0.1409,4号艇の全国勝率,0.1371,4号艇のracer_win_te,0.0904,4号艇のwin_rate_rank_2to6,-0.0771,4号艇のracer_avgfin_te,0.076,0.2017,南東 1.5m/s,[逃げ]場特性:in_escape_diffが有利(+17.9pt)、race_noが有利(+16.2pt) / [2着]3号艇の全国勝率が有利(+13.9pt)、6号艇の直近1着率が有利(+9.6pt) / [候補2]4号艇のsession_exh_rel_avgが有利(+14.1pt)、4号艇の全国勝率が有利(+13.7pt) / [除外]6号艇のsession_exh_rel_avgが不利(-9.5pt)、4号艇のracer_avgfin_teが不利(-6.1pt)、天気+20.2pt
31,16,児島,6,13:25,0.7191414865179113,2,0.5447858201036273,3,0.16653557531433705,0.5115407256928699,0.1582071468838791,0.5531142485340852,0.4144254472207364,0.5240127825452344,1-2,1-3,0.39177808450320195,0.11976264118966792,0.05491553755306038,0.0389118911076129,0.11377332278783035,True,True,False,False,一般,2026-09-12,1号艇のdominance,0.1347,3号艇のsession_exh_rel_avg,-0.0716,1号艇の節間得点,0.0695,1号艇のsession_exh_rel_avg,-0.0547,1号艇vs5号艇のcumulative差,0.0514,2号艇のclass_rank_2to6,0.0785,2号艇のsession_exh_rel_avg,-0.0636,2号艇のwin_rate_rank_2to6,0.0582,2号艇の節間得点,0.0582,3号艇のracer_2nd_te,0.0429,3号艇のwin_rate_rank_2to6,-0.1205,3号艇のsession_exh_rel_avg,0.109,3号艇の節間得点,-0.0938,3号艇のcumulative_diff_rank_2to6,-0.0608,3号艇の全国勝率,-0.0543,0.0341,東 2.8m/s,[逃げ]1号艇のdominanceが有利(+13.5pt)、3号艇のsession_exh_rel_avgが不利(-7.2pt) / [2着]2号艇のclass_rank_2to6が有利(+7.8pt)、2号艇のsession_exh_rel_avgが不利(-6.4pt) / [候補2]3号艇のwin_rate_rank_2to6が不利(-12.0pt)、3号艇のsession_exh_rel_avgが有利(+10.9pt)、天気+3.4pt
32,18,徳山,6,13:14,0.753767637077355,2,0.351150292864843,3,0.34267043750279447,0.5229796124844988,0.17473455415180694,0.5190861762158305,0.41332048118294235,0.5218115816038983,1-2,1-3,0.26468572651175387,0.25829388597274483,0.13170925199877265,0.07459853834252297,0.0244802356555623,True,True,False,False,予選,2026-09-12,場特性:in_escape_diff,0.2071,1号艇のracer_win_te,0.1373,1号艇のdominance,0.1207,風速区分,0.0852,1号艇の勝率順位,-0.0811,2号艇のwin_rate_rank_2to6,-0.1457,2号艇の全国勝率,0.0653,2号艇のsession_exh_rel_avg,0.052,場特性:in_escape_diff,0.0457,2号艇のclass_rank_2to6,-0.0422,3号艇の当地勝率,0.0853,3号艇のwin_rate_rank_2to6,0.0801,場特性:1x_diff_course3,0.0371,3号艇のcumulative_diff_rank_2to6,0.0344,3号艇の女子戦勝率,0.0309,0.0882,南西 1.3m/s,[逃げ]場特性:in_escape_diffが有利(+20.7pt)、1号艇のracer_win_teが有利(+13.7pt) / [2着]2号艇のwin_rate_rank_2to6が不利(-14.6pt)、2号艇の全国勝率が有利(+6.5pt) / [候補2]3号艇の当地勝率が有利(+8.5pt)、3号艇のwin_rate_rank_2to6が有利(+8.0pt) / [除外]local_win_rateの分散(2-6号艇)が不利(-7.0pt)、天気+8.8pt
33,20,若松,6,17:37,0.6399160411222347,3,0.4752049927407834,2,0.27077804869232935,0.47736651461820145,0.12747229012713493,0.6185107513059779,0.40434531120013273,0.5197097856245343,1-3,1-2,0.1732752169419991,0.3040912976762024,0.0815715632509411,0.06152127913288246,0.01945667458471756,True,False,False,False,予選,2026-09-12,1号艇の節間得点,0.1065,5号艇の枠別出走数,-0.0879,風速区分,0.0776,1号艇のdominance,0.0751,1号艇のsession_exh_rel_avg,-0.0589,3号艇のwin_rate_rank_2to6,0.163,3号艇のsession_exh_rel_avg,-0.0486,6号艇のsession_exh_rel_last,0.0403,5号艇の一般戦2連率,0.0383,3号艇のモーター2連率,0.0383,2号艇のwin_rate_rank_2to6,-0.1547,4号艇の女子戦比率,0.0903,2号艇のsession_exh_rel_avg,-0.0757,2号艇の全国勝率,-0.0502,1号艇vs2号艇の枠別勝率差,0.0437,0.1066,北東 2.0m/s,[逃げ]1号艇の節間得点が有利(+10.7pt)、5号艇の枠別出走数が不利(-8.8pt) / [2着]3号艇のwin_rate_rank_2to6が有利(+16.3pt)、3号艇のsession_exh_rel_avgが不利(-4.9pt) / [候補2]2号艇のwin_rate_rank_2to6が不利(-15.5pt)、4号艇の女子戦比率が有利(+9.0pt) / [除外]5号艇の直近平均着順が不利(-20.3pt)、win_rate_gap_top2_2to6が不利(-10.6pt)、天気+10.7pt
34,08,常滑,10,15:11,0.8293273737698759,2,0.37010467654621204,3,0.25852025097221365,0.5213358602251346,0.18881694189925882,0.4398079856191669,0.4032114088289794,0.49687749784334423,1-2,1-3,0.3069379394200194,0.21439792080511513,0.15659105854857155,0.14282791886150345,0.008572526480025095,True,False,False,False,予選特賞,2026-09-12,1号艇のdominance,0.317,1号艇の女子戦比率,-0.1928,1号艇のvs_max234_diff,0.1374,1号艇vs6号艇の直近複勝率差,0.1323,1号艇のracer_win_te,0.1196,2号艇の体重,-0.0662,2号艇のwin_rate_rank_2to6,0.0615,2号艇のモーター2連率,0.0593,2号艇の直近平均着順,-0.0544,2号艇の全国勝率,-0.0494,3号艇のracer_avgfin_te,-0.108,3号艇の全国勝率,-0.0995,1号艇vs3号艇の勝率差,-0.0749,1号艇の一般戦2連率,0.065,3号艇の女子戦比率,-0.0594,-0.1207,南東 4.8m/s,[逃げ]1号艇のdominanceが有利(+31.7pt)、1号艇の女子戦比率が不利(-19.3pt) / [2着]2号艇の体重が不利(-6.6pt)、2号艇のwin_rate_rank_2to6が有利(+6.1pt) / [候補2]3号艇のracer_avgfin_teが不利(-10.8pt)、3号艇の全国勝率が不利(-9.9pt) / [除外]6号艇のracer_win_teが不利(-14.2pt)、6号艇の全国勝率が不利(-13.6pt)、天気-12.1pt
35,18,徳山,3,11:41,0.6295224826129516,2,0.5191417201918767,3,0.2389888964486983,0.4772602679324627,0.14375606268713093,0.6143745539534441,0.3949293995384915,0.5183945537387571,1-2,1-3,0.32681138452314845,0.15044888340931417,0.09049767347346577,0.03869862371590955,0.023065933907191704,True,True,False,False,予選,2026-09-12,場特性:in_escape_diff,0.1956,1号艇のracer_win_te,0.1403,3号艇のracer_win_te,-0.1183,1号艇のdominance,0.1095,風速区分,0.0834,2号艇のwin_rate_rank_2to6,0.1513,2号艇の当地勝率,0.1091,場特性:in_escape_diff,0.0604,2号艇のclass_rank_2to6,-0.0575,2号艇の全国勝率,0.0564,3号艇のwin_rate_rank_2to6,-0.0708,3号艇のracer_win_te,0.0511,3号艇のracer_avgfin_te,0.0454,3号艇のcumulative_diff_rank_2to6,0.0426,3号艇の全国勝率,0.04,0.0867,南東 1.2m/s,[逃げ]場特性:in_escape_diffが有利(+19.6pt)、1号艇のracer_win_teが有利(+14.0pt) / [2着]2号艇のwin_rate_rank_2to6が有利(+15.1pt)、2号艇の当地勝率が有利(+10.9pt) / [候補2]3号艇のwin_rate_rank_2to6が不利(-7.1pt)、3号艇のracer_win_teが有利(+5.1pt) / [除外]3号艇のracer_avgfin_teが不利(-7.1pt)、3号艇のracer_win_teが不利(-6.0pt)、天気+8.7pt
36,16,児島,1,10:57,0.8273815094655343,3,0.3473966152364685,2,0.28878853526680326,0.5263678301229551,0.20936176284128963,0.42682338766198213,0.39412627394197147,0.4965044973846632,1-3,1-2,0.23893829422538837,0.28742953589756676,0.1228921661043434,0.17322205136399144,0.004899465727039773,False,False,True,False,朝得ガァ～コ,2026-09-12,1号艇のdominance,0.3359,1号艇のsession_exh_rel_avg,0.1452,1号艇のvs_max234_diff,0.1048,1号艇の勝率順位,0.0942,1号艇vs4号艇のcumulative差,0.0823,2号艇の枠別平均ST,0.1965,3号艇のsession_exh_rel_avg,0.1626,3号艇のwin_rate_rank_2to6,-0.1016,3号艇の全国勝率,-0.091,ST差分(3-2),-0.0688,2号艇のwin_rate_rank_2to6,0.2021,2号艇のsession_exh_rel_avg,-0.135,2号艇の全国勝率,-0.0735,1号艇の体重,-0.0574,1号艇vs6号艇のcumulative差,0.054,0.0016,東 3.5m/s,[逃げ]1号艇のdominanceが有利(+33.6pt)、1号艇のsession_exh_rel_avgが有利(+14.5pt) / [2着]2号艇の枠別平均STが有利(+19.6pt)、3号艇のsession_exh_rel_avgが有利(+16.3pt) / [候補2]2号艇のwin_rate_rank_2to6が有利(+20.2pt)、2号艇のsession_exh_rel_avgが不利(-13.5pt) / [除外]5号艇の直近平均着順が不利(-20.2pt)、6号艇の節間得点が不利(-9.4pt)、天気影響ほぼなし
37,18,徳山,9,14:50,0.6689306924002251,2,0.37866550610531824,3,0.3410692438948159,0.4814526646620926,0.15133552172781795,0.5683992282723161,0.39401959642942946,0.5075366337451597,1-2,1-3,0.2533009791871122,0.22815168547498044,0.10123297533413857,0.06464564981422204,0.02159940009781086,True,True,False,False,予選,2026-09-12,場特性:in_escape_diff,0.2144,風速区分,0.0928,1号艇のracer_win_te,0.0806,1号艇の節間得点,-0.0779,1号艇の勝率順位,-0.0718,2号艇の当地勝率,0.0948,2号艇のsession_exh_rel_avg,0.0698,場特性:in_escape_diff,0.0691,2号艇の全国勝率,0.0663,4号艇のracer_2nd_te,-0.0518,3号艇のモーター2連率,0.0948,3号艇の当地勝率,0.0899,3号艇のwin_rate_rank_2to6,0.0898,3号艇の一般戦2連率,0.069,3号艇のracer_avgfin_te,0.0463,0.119,北東 0.5m/s,[逃げ]場特性:in_escape_diffが有利(+21.4pt)、風速区分が有利(+9.3pt) / [2着]2号艇の当地勝率が有利(+9.5pt)、2号艇のsession_exh_rel_avgが有利(+7.0pt) / [候補2]3号艇のモーター2連率が有利(+9.5pt)、3号艇の当地勝率が有利(+9.0pt) / [除外]3号艇のracer_win_teが不利(-6.2pt)、2号艇のracer_2nd_teが不利(-6.0pt)、天気+11.9pt
38,21,芦屋,1,08:44,0.7173303756713703,3,0.42694769109358055,2,0.2886130357779114,0.5132934450224061,0.19470481605940582,0.5208559108120862,0.3933645980653026,0.5155621847593101,1-3,1-2,0.20703089737822383,0.30626254764418226,0.13966767884891862,0.05521204558313012,0.009157191519463962,False,False,True,False,サンライズＶ,2026-09-12,1号艇のdominance,0.3094,6号艇のモーター出走数,-0.1167,1号艇の級別順位,0.0916,1号艇の勝率順位,0.0818,1号艇vs4号艇のcumulative差,-0.0703,3号艇のwin_rate_rank_2to6,0.1595,6号艇の年齢,0.1199,3号艇の当地勝率,0.0952,6号艇のモーター出走数,0.0828,second_best_win_rate,0.0624,2号艇のwin_rate_rank_2to6,-0.1305,2号艇の全国勝率,-0.0652,3号艇のモーター出走数,0.0526,2号艇の直近平均着順,-0.0506,2号艇の当地勝率,-0.0448,0.0567,南東 1.6m/s,[逃げ]1号艇のdominanceが有利(+30.9pt)、6号艇のモーター出走数が不利(-11.7pt) / [2着]3号艇のwin_rate_rank_2to6が有利(+15.9pt)、6号艇の年齢が有利(+12.0pt) / [候補2]2号艇のwin_rate_rank_2to6が不利(-13.1pt)、2号艇の全国勝率が不利(-6.5pt) / [除外]6号艇の全国勝率が不利(-15.4pt)、6号艇の直近平均着順が不利(-11.9pt)、天気+5.7pt
39,06,浜名湖,12,17:08,0.7377067450442654,2,0.4099405108906987,4,0.24176874096043957,0.4807703108983366,0.15294708484949632,0.49876216700164194,0.3925314098574327,0.4861678677293282,1-2,1-4,0.3024158799509606,0.112830096128331,0.17835443094737602,0.08571552546926323,0.05839080430381921,True,False,False,False,予選特選,2026-09-12,1号艇のsession_exh_rel_avg,0.17,1号艇の級別順位,0.0844,1号艇のモーター2連率,0.0794,1号艇のsession_exh_rel_last,0.0682,1号艇の年齢,0.0635,2号艇のsession_exh_rel_avg,0.1027,2号艇の全国勝率,0.0508,1号艇のsession_rank_diff_last,0.047,2号艇のwin_rate_rank_2to6,-0.0301,1号艇の女子戦2連率,0.0282,4号艇のclass_rank_2to6,0.1713,4号艇のwin_rate_rank_2to6,0.1007,1号艇のsession_rank_diff_delta,0.0566,4号艇のcumulative_diff_rank_2to6,-0.0498,4号艇のsession_exh_rel_avg,0.0408,0.0433,東 2.8m/s,[逃げ]1号艇のsession_exh_rel_avgが有利(+17.0pt)、1号艇の級別順位が有利(+8.4pt) / [2着]2号艇のsession_exh_rel_avgが有利(+10.3pt)、2号艇の全国勝率が有利(+5.1pt) / [候補2]4号艇のclass_rank_2to6が有利(+17.1pt)、4号艇のwin_rate_rank_2to6が有利(+10.1pt)、天気+4.3pt
40,16,児島,12,16:45,0.6990949606014041,2,0.5245408539477827,3,0.15765319112062617,0.4769184190596118,0.1485393313455931,0.5336547137228158,0.39190904737139726,0.49393930745857295,1-2,1-3,0.366703867624452,0.11021455143515978,0.10384309799480632,0.0850612016289165,0.033272260148391186,True,False,False,False,優勝戦,2026-09-12,1号艇のdominance,-0.2547,1号艇の節間得点,0.1387,race_no,0.1096,1号艇のvs_max234_diff,-0.1039,レース時間帯,0.0921,2号艇の当地勝率,0.3396,2号艇のwin_rate_rank_2to6,0.2112,1号艇vs2号艇のplace_rate差,-0.0664,2号艇の全国勝率,0.0544,2号艇のsession_exh_rel_avg,-0.0514,3号艇の節間得点,0.1034,3号艇のwin_rate_rank_2to6,-0.0831,3号艇のsession_exh_rel_avg,0.0693,3号艇のcumulative_diff_rank_2to6,-0.0589,6号艇のracer_2nd_te,-0.0575,0.1554,東 2.8m/s,[逃げ]1号艇のdominanceが不利(-25.5pt)、1号艇の節間得点が有利(+13.9pt) / [2着]2号艇の当地勝率が有利(+34.0pt)、2号艇のwin_rate_rank_2to6が有利(+21.1pt) / [候補2]3号艇の節間得点が有利(+10.3pt)、3号艇のwin_rate_rank_2to6が不利(-8.3pt) / [除外]6号艇のwin_rate_rank_2to6が不利(-7.5pt)、天気+15.5pt
41,06,浜名湖,4,13:03,0.6698850218138598,2,0.451730238664403,3,0.2530361088736396,0.4721124200941959,0.14594270570033563,0.5588236418377069,0.3894307833142594,0.49812578661724916,1-2,1-3,0.3026073207816837,0.16950509931251226,0.0843818897843668,0.09776483259164305,0.015625874352621635,True,True,False,False,ランチタイム,2026-09-12,1号艇のdominance,0.2847,1号艇のsession_exh_rel_avg,-0.103,1号艇の勝率順位,0.0936,1号艇のvs_max234_diff,0.0876,場特性:in_escape_diff,-0.0789,2号艇のwin_rate_rank_2to6,0.0802,2号艇のsession_exh_rel_avg,0.0792,second_best_win_rate,0.0479,2号艇のsession_avg_finish,0.0413,2号艇のモーター2連率,0.0371,3号艇のwin_rate_rank_2to6,-0.0673,3号艇のcumulative_diff_rank_2to6,-0.052,3号艇の全国勝率,-0.0511,2号艇の直近1着率,0.0381,場特性:1x_diff_course3,-0.036,-0.0156,南東 2.6m/s,[逃げ]1号艇のdominanceが有利(+28.5pt)、1号艇のsession_exh_rel_avgが不利(-10.3pt) / [2着]2号艇のwin_rate_rank_2to6が有利(+8.0pt)、2号艇のsession_exh_rel_avgが有利(+7.9pt) / [候補2]3号艇のwin_rate_rank_2to6が不利(-6.7pt)、3号艇のcumulative_diff_rank_2to6が不利(-5.2pt) / [除外]6号艇のsession_exh_rel_avgが不利(-8.7pt)、6号艇のwin_rate_rank_2to6が不利(-6.5pt)、天気-1.6pt
42,16,児島,5,12:54,0.555183451803139,3,0.678194310189366,2,0.12862448072301502,0.4479324413183708,0.11328236940668115,0.6935364215056999,0.38704102337437374,0.5216136353745695,1-3,1-2,0.07141018319418979,0.376522258124181,0.06289249687563955,0.017015814643346,0.027342690692904566,True,True,False,False,日替艇食戦,2026-09-12,1号艇の年齢,-0.1882,1号艇の級別順位,-0.0924,1号艇の節間得点,0.0642,2号艇のsession_exh_rel_avg,-0.0566,1号艇のlocal_win_rate順位,-0.0424,3号艇のwin_rate_rank_2to6,0.2061,3号艇のsession_exh_rel_avg,0.1219,3号艇の当地勝率,0.0897,3号艇のclass_rank_2to6,0.0563,2号艇のvs_boat3_diff,0.0492,2号艇のwin_rate_rank_2to6,-0.1923,2号艇のsession_exh_rel_avg,0.1606,2号艇の全国勝率,-0.1097,2号艇の直近平均着順,-0.0858,2号艇の節間得点,-0.0582,0.0362,東 3.2m/s,[逃げ]1号艇の年齢が不利(-18.8pt)、1号艇の級別順位が不利(-9.2pt) / [2着]3号艇のwin_rate_rank_2to6が有利(+20.6pt)、3号艇のsession_exh_rel_avgが有利(+12.2pt) / [候補2]2号艇のwin_rate_rank_2to6が不利(-19.2pt)、2号艇のsession_exh_rel_avgが有利(+16.1pt) / [除外]6号艇のsession_exh_rel_avgが不利(-10.8pt)、天気+3.6pt
43,17,宮島,7,13:44,0.5515942684141353,2,0.4500554423389028,3,0.3425731858121023,0.43720940826905336,0.0977319558570083,0.6948966722939968,0.38593421156198954,0.5145155874765364,1-2,1-3,0.24824800246272716,0.18896140580632617,0.035309584600729756,0.05390838669162906,0.025166886797874388,True,True,False,False,一般戦,2026-09-12,2号艇の枠別出走数,-0.1215,1号艇のdominance,-0.0952,1号艇の級別順位,-0.0914,1号艇のracer_win_te,-0.0834,1号艇の勝率順位,-0.0721,2号艇のwin_rate_rank_2to6,0.2506,2号艇の枠別出走数,-0.1578,2号艇のsession_exh_rel_avg,-0.1075,2号艇のclass_rank_2to6,0.0823,2号艇の全国勝率,0.0515,3号艇のwin_rate_rank_2to6,-0.0927,3号艇のcumulative_diff_rank_2to6,0.0538,3号艇のracer_avgfin_te,0.0437,3号艇の全国勝率,0.0418,3号艇のsession_exh_rel_avg,-0.0349,0.0748,南 1.2m/s,[逃げ]2号艇の枠別出走数が不利(-12.1pt)、1号艇のdominanceが不利(-9.5pt) / [2着]2号艇のwin_rate_rank_2to6が有利(+25.1pt)、2号艇の枠別出走数が不利(-15.8pt) / [候補2]3号艇のwin_rate_rank_2to6が不利(-9.3pt)、3号艇のcumulative_diff_rank_2to6が有利(+5.4pt) / [除外]2号艇のracer_2nd_teが不利(-6.7pt)、天気+7.5pt
44,09,津,11,15:42,0.6569264068889773,2,0.49877328742298693,4,0.2133745680194262,0.46782873184947527,0.14853867380326935,0.5636091816391438,0.3844399405742916,0.49656286678637573,1-2,1-4,0.32765734355898596,0.0975789772656356,0.14017138829048933,0.04281593976056408,0.04870277514399335,True,False,False,False,予選特選,2026-09-12,1号艇のdominance,0.1734,1号艇の勝率順位,0.0759,1号艇のモーター2連率順位,-0.0665,1号艇の級別順位,0.0651,1号艇vs4号艇の枠別平均ST差,-0.0602,2号艇のwin_rate_rank_2to6,0.158,2号艇の当地勝率,0.1401,2号艇の全国勝率,0.0672,3号艇のモーター出走数,0.0635,2号艇のsession_exh_rel_avg,0.0461,4号艇のclass_rank_2to6,0.1581,4号艇のwin_rate_rank_2to6,-0.0995,2号艇の枠別平均ST,-0.0486,4号艇のracer_win_te,0.0438,4号艇のcumulative_diff_rank_2to6,0.039,0.0458,南東 2.6m/s,[逃げ]1号艇のdominanceが有利(+17.3pt)、1号艇の勝率順位が有利(+7.6pt) / [2着]2号艇のwin_rate_rank_2to6が有利(+15.8pt)、2号艇の当地勝率が有利(+14.0pt) / [候補2]4号艇のclass_rank_2to6が有利(+15.8pt)、4号艇のwin_rate_rank_2to6が不利(-10.0pt)、天気+4.6pt
45,17,宮島,6,13:13,0.8728510045729942,4,0.3341852035329246,2,0.24672226771383413,0.5070456698416911,0.2016738711661901,0.3792336000805686,0.38433623412765777,0.4687020489133543,1-4,1-2,0.21535177922454735,0.17603124104353365,0.2916938906171438,0.09193836709269895,0.09783573960156396,True,True,False,False,一般戦,2026-09-12,1号艇のracer_win_te,0.1672,1号艇のdominance,0.1551,風速区分,0.1007,1号艇のvs_max234_frame_diff,0.0997,1号艇の級別順位,0.0857,4号艇のwin_rate_rank_2to6,0.1046,6号艇の節間得点,-0.1017,4号艇のsession_exh_rel_avg,0.0996,4号艇のclass_rank_2to6,0.0912,3号艇のsession_exh_rel_delta,0.0711,2号艇の全国勝率,-0.0619,2号艇のclass_rank_2to6,-0.0594,3号艇の全国勝率,-0.0527,2号艇のwin_rate_rank_2to6,-0.044,1号艇vs2号艇のplace_rate差,-0.0417,0.1219,南 1.2m/s,[逃げ]1号艇のracer_win_teが有利(+16.7pt)、1号艇のdominanceが有利(+15.5pt) / [2着]4号艇のwin_rate_rank_2to6が有利(+10.5pt)、6号艇の節間得点が不利(-10.2pt) / [候補2]2号艇の全国勝率が不利(-6.2pt)、2号艇のclass_rank_2to6が不利(-5.9pt)、天気+12.2pt
46,20,若松,5,17:12,0.6986741591274835,4,0.3773877322831233,2,0.3731443252373957,0.5243773541863687,0.22298857213879134,0.5275434853817277,0.38406116522004596,0.5253271935449764,1-4,1-2,0.2607062976684297,0.15579635313410825,0.26367105651793904,0.01556741016560799,0.002933036598543267,True,False,False,False,戦隊,2026-09-12,1号艇のracer_win_te,0.1885,1号艇のdominance,0.1812,1号艇のsession_exh_rel_avg,-0.1174,1号艇の年齢,-0.111,6号艇の枠別出走数,-0.1016,5号艇のracer_win_te,0.1714,4号艇のwin_rate_rank_2to6,0.1617,4号艇のclass_rank_2to6,0.0947,2号艇のracer_avgfin_te,-0.0741,3号艇のsession_exh_rel_delta,0.0704,2号艇のwin_rate_rank_2to6,0.0753,2号艇のclass_rank_2to6,0.0684,2号艇の全国勝率,0.053,6号艇の直近平均着順,-0.0404,avg_456_win_rate,0.0232,0.0556,東 2.0m/s,[逃げ]1号艇のracer_win_teが有利(+18.8pt)、1号艇のdominanceが有利(+18.1pt) / [2着]5号艇のracer_win_teが有利(+17.1pt)、4号艇のwin_rate_rank_2to6が有利(+16.2pt) / [候補2]2号艇のwin_rate_rank_2to6が有利(+7.5pt)、2号艇のclass_rank_2to6が有利(+6.8pt) / [除外]6号艇の直近平均着順が不利(-18.4pt)、6号艇の全国勝率が不利(-14.9pt)、天気+5.6pt
47,18,徳山,8,14:17,0.644002815711973,2,0.49173573484254823,3,0.21246453760716494,0.45350695828275384,0.13526805388616825,0.5689322185635449,0.37989295387786126,0.4881345363669911,1-2,1-3,0.31667919782479725,0.1368277604579566,0.08711300757857125,0.07038864081978703,0.032994216228153225,True,True,False,False,予選,2026-09-12,1号艇のracer_win_te,0.2174,場特性:in_escape_diff,0.2099,1号艇のvs_max234_frame_diff,0.1249,1号艇のframe_dominance,0.0851,1号艇の級別順位,0.0831,2号艇のwin_rate_rank_2to6,0.0746,2号艇の当地勝率,0.0678,2号艇のsession_exh_rel_avg,0.0623,2号艇のclass_rank_2to6,-0.0609,場特性:in_escape_diff,0.0559,3号艇のwin_rate_rank_2to6,-0.1122,3号艇の当地勝率,0.1,6号艇のracer_2nd_te,-0.0804,2号艇の全国勝率,-0.0445,3号艇のcumulative_diff_rank_2to6,0.0438,0.0642,西 0.5m/s,[逃げ]1号艇のracer_win_teが有利(+21.7pt)、場特性:in_escape_diffが有利(+21.0pt) / [2着]2号艇のwin_rate_rank_2to6が有利(+7.5pt)、2号艇の当地勝率が有利(+6.8pt) / [候補2]3号艇のwin_rate_rank_2to6が不利(-11.2pt)、3号艇の当地勝率が有利(+10.0pt) / [除外]2号艇のracer_2nd_teが不利(-5.2pt)、天気+6.4pt
48,18,徳山,1,10:42,0.7530550049119445,2,0.3867897255152809,3,0.25006437925746317,0.47958617099783085,0.1758871889322326,0.46096691584051147,0.37836249483673307,0.474000394450635,1-2,1-3,0.29127393864779955,0.18831223235003128,0.13245272792531054,0.11377823092547867,0.027237884882044306,False,False,True,False,予選,2026-09-12,場特性:in_escape_diff,0.2137,1号艇のdominance,0.1077,1号艇のracer_win_te,0.1032,風速区分,0.092,1号艇のモーター2連率,0.0819,2号艇のwin_rate_rank_2to6,0.1494,2号艇のclass_rank_2to6,-0.0541,2号艇の全国勝率,0.0527,場特性:1x_diff_course2,0.0527,2号艇のsession_exh_rel_avg,0.0428,3号艇の当地勝率,0.1232,3号艇のwin_rate_rank_2to6,-0.1,3号艇のcumulative_diff_rank_2to6,0.0447,3号艇の全国勝率,0.0372,3号艇のracer_avgfin_te,0.0338,0.0921,東 1.8m/s,[逃げ]場特性:in_escape_diffが有利(+21.4pt)、1号艇のdominanceが有利(+10.8pt) / [2着]2号艇のwin_rate_rank_2to6が有利(+14.9pt)、2号艇のclass_rank_2to6が不利(-5.4pt) / [候補2]3号艇の当地勝率が有利(+12.3pt)、3号艇のwin_rate_rank_2to6が不利(-10.0pt)、天気+9.2pt
49,20,若松,11,20:07,0.6808958353791137,2,0.5225883872733142,3,0.2182459112111789,0.5044309885440986,0.21123834557615007,0.529595952908343,0.3765647875712219,0.5119804778533719,1-2,1-3,0.3558282565118871,0.14860273203221153,0.1438313097751746,0.026237333650439155,0.0063962107019384755,False,False,False,False,一般特選,2026-09-12,1号艇のdominance,0.1673,1号艇の女子戦比率,-0.1208,1号艇の勝率順位,0.079,風速区分,0.0782,1号艇の節間得点,0.0563,2号艇のwin_rate_rank_2to6,0.1753,2号艇のsession_exh_rel_avg,0.1087,6号艇のsession_rank_diff_last,-0.0968,2号艇のclass_rank_2to6,0.0855,2号艇のracer_2nd_te,0.0548,3号艇のwin_rate_rank_2to6,-0.1219,3号艇の女子戦比率,-0.0805,4号艇の女子戦勝率,0.0397,場特性:1x_diff_course3,0.038,レース時間帯,0.0367,0.1313,東 1.9m/s,[逃げ]1号艇のdominanceが有利(+16.7pt)、1号艇の女子戦比率が不利(-12.1pt) / [2着]2号艇のwin_rate_rank_2to6が有利(+17.5pt)、2号艇のsession_exh_rel_avgが有利(+10.9pt) / [候補2]3号艇のwin_rate_rank_2to6が不利(-12.2pt)、3号艇の女子戦比率が不利(-8.1pt) / [除外]6号艇のsession_exh_rel_avgが不利(-9.5pt)、1号艇vs6号艇のcumulative差が不利(-8.0pt)、天気+13.1pt
50,09,津,1,10:33,0.7205964111223773,2,0.45030456326543766,3,0.21747791151102533,0.4812016547343387,0.1821299014771299,0.4856525732993331,0.3760322027734623,0.48253693030383693,1-2,1-3,0.3244878522011039,0.1567138025332348,0.13124215336249195,0.0660053945845464,0.04214723260087767,False,False,True,False,ツッキーレー,2026-09-12,1号艇のdominance,0.2306,3号艇の枠別出走数,-0.1296,1号艇の勝率順位,0.1055,1号艇のvs_max234_diff,0.0797,1号艇の級別順位,0.0771,3号艇のracer_2nd_te,0.0925,2号艇のwin_rate_rank_2to6,0.0703,2号艇のclass_rank_2to6,-0.049,1号艇vs3号艇の枠別平均ST差,-0.049,3号艇のracer_avgfin_te,0.0478,3号艇のwin_rate_rank_2to6,-0.116,3号艇のracer_win_te,-0.1083,3号艇の年齢,0.0597,3号艇の全国勝率,-0.05,3号艇の当地勝率,-0.0414,0.0001,南東 1.7m/s,[逃げ]1号艇のdominanceが有利(+23.1pt)、3号艇の枠別出走数が不利(-13.0pt) / [2着]3号艇のracer_2nd_teが有利(+9.2pt)、2号艇のwin_rate_rank_2to6が有利(+7.0pt) / [候補2]3号艇のwin_rate_rank_2to6が不利(-11.6pt)、3号艇のracer_win_teが不利(-10.8pt) / [除外]5号艇のracer_avgfin_teが不利(-6.5pt)、天気影響ほぼなし
51,08,常滑,7,13:36,0.6810552758170111,3,0.39903866683399986,2,0.2792183622355874,0.46193052800781426,0.1697743741190459,0.5084826549505415,0.3678217684730058,0.47589616609063234,1-3,1-2,0.1901631387055321,0.27176738930228217,0.11562573319230722,0.05311563678968616,0.05038338036433199,True,True,False,False,予選,2026-09-12,1号艇のdominance,0.1723,1号艇の年齢,0.1131,1号艇のvs_max234_diff,0.0997,1号艇の勝率順位,0.0865,場特性:in_escape_diff,0.0751,3号艇のモーター2連率,0.0631,3号艇のwin_rate_rank_2to6,0.062,3号艇の全国勝率,-0.0452,2号艇のrecent_race_count,0.0402,3号艇のcumulative_diff_rank_2to6,0.0397,2号艇のwin_rate_rank_2to6,-0.1374,2号艇の女子戦比率,-0.1012,2号艇の全国勝率,-0.0808,ST差分(3-2),-0.0632,second_best_win_rate,0.0538,-0.0444,南 4.0m/s,[逃げ]1号艇のdominanceが有利(+17.2pt)、1号艇の年齢が有利(+11.3pt) / [2着]3号艇のモーター2連率が有利(+6.3pt)、3号艇のwin_rate_rank_2to6が有利(+6.2pt) / [候補2]2号艇のwin_rate_rank_2to6が不利(-13.7pt)、2号艇の女子戦比率が不利(-10.1pt) / [除外]2号艇のrecent_race_countが不利(-12.5pt)、5号艇のracer_win_teが不利(-9.5pt)、天気-4.4pt
52,09,津,2,11:00,0.5780183323601054,3,0.39198001857019127,2,0.36092286380246685,0.43519166849816043,0.12928893475081846,0.6236139476218396,0.3676731078190903,0.49171835223526417,1-3,1-2,0.20862003184573533,0.22657163665242508,0.07473137445728256,0.06262430479964481,0.005470977875998575,True,True,False,False,予選,2026-09-12,1号艇の年齢,-0.255,1号艇のracer_win_te,-0.1929,1号艇のdominance,0.0992,1号艇のvs_max234_diff,0.095,1号艇の級別順位,0.0725,3号艇のwin_rate_rank_2to6,0.1465,2号艇の全国勝率,0.0304,3号艇のclass_rank_2to6,-0.0301,場特性:1x_diff_course3,-0.0297,second_best_win_rate,0.0288,2号艇のwin_rate_rank_2to6,0.0674,2号艇のclass_rank_2to6,-0.0394,2号艇の直近平均着順,-0.0388,1号艇の年齢,-0.0365,場特性:1x_diff_course2,0.0363,-0.0126,南東 2.0m/s,[逃げ]1号艇の年齢が不利(-25.5pt)、1号艇のracer_win_teが不利(-19.3pt) / [2着]3号艇のwin_rate_rank_2to6が有利(+14.6pt)、2号艇の全国勝率が有利(+3.0pt) / [候補2]2号艇のwin_rate_rank_2to6が有利(+6.7pt)、2号艇のclass_rank_2to6が不利(-3.9pt) / [除外]4号艇の年齢が不利(-10.8pt)、6号艇の直近平均着順が不利(-9.6pt)、天気-1.3pt
53,05,多摩川,1,11:03,0.47725697371752224,2,0.5849422894267873,3,0.25917227683036115,0.40285956336276557,0.07509895887712803,0.7690156073800204,0.3665543628240799,0.512706376567942,1-2,1-3,0.2791677868512275,0.12369177651153807,0.03507968571686225,0.03584150184303478,0.003476219905738366,True,True,False,False,一般,2026-09-12,1号艇のdominance,-0.1487,1号艇のsession_exh_rel_avg,0.1357,1号艇のracer_win_te,-0.1211,1号艇の全国2連率,-0.0771,1号艇の全国勝率,-0.0743,2号艇のwin_rate_rank_2to6,0.2078,2号艇のclass_rank_2to6,0.1171,2号艇のsession_exh_rel_avg,-0.0605,2号艇の全国勝率,0.0414,全艇平均勝率,0.0318,3号艇の節間得点,-0.0971,3号艇のwin_rate_rank_2to6,-0.0731,1号艇vs2号艇のplace_rate差,0.0688,3号艇のcumulative_diff_rank_2to6,-0.0495,風向(度),0.047,-0.0437,北 1.8m/s,[逃げ]1号艇のdominanceが不利(-14.9pt)、1号艇のsession_exh_rel_avgが有利(+13.6pt) / [2着]2号艇のwin_rate_rank_2to6が有利(+20.8pt)、2号艇のclass_rank_2to6が有利(+11.7pt) / [候補2]3号艇の節間得点が不利(-9.7pt)、3号艇のwin_rate_rank_2to6が不利(-7.3pt) / [除外]6号艇の直近平均着順が不利(-8.0pt)、1号艇vs6号艇のcumulative差が不利(-7.9pt)、天気-4.4pt
54,21,芦屋,2,09:10,0.5400436582204873,4,0.5945902750032523,3,0.21361127066441565,0.4364641193018196,0.13481988225955693,0.6733816634081111,0.36585126989206856,0.507539382533707,1-4,1-3,0.0728086224163065,0.11535941204673769,0.32110470725508194,0.029023277504048376,0.0017476449080322946,False,False,True,False,サンライズＷ,2026-09-12,6号艇のモーター出走数,-0.1428,1号艇のsession_exh_rel_avg,0.1195,1号艇vs4号艇の枠別平均ST差,-0.0815,1号艇の節間得点,0.0781,5号艇の枠別出走数,-0.0713,4号艇のwin_rate_rank_2to6,0.2408,4号艇のclass_rank_2to6,0.2255,1号艇のモーター出走数,0.1115,6号艇のモーター出走数,0.0758,4号艇の全国勝率,0.0662,3号艇のwin_rate_rank_2to6,-0.0909,4号艇のモーター出走数,-0.0661,3号艇の全国勝率,-0.0412,3号艇のcumulative_diff_rank_2to6,0.0376,3号艇のモーター2連率,0.0349,0.0769,南東 1.6m/s,[逃げ]6号艇のモーター出走数が不利(-14.3pt)、1号艇のsession_exh_rel_avgが有利(+11.9pt) / [2着]4号艇のwin_rate_rank_2to6が有利(+24.1pt)、4号艇のclass_rank_2to6が有利(+22.6pt) / [候補2]3号艇のwin_rate_rank_2to6が不利(-9.1pt)、4号艇のモーター出走数が不利(-6.6pt) / [除外]5号艇の直近平均着順が不利(-33.3pt)、ST差分(6-5)が不利(-8.4pt)、天気+7.7pt
55,24,大村,9,19:14,0.6236477235111109,2,0.39115487623878853,3,0.3208531552503311,0.4440421879598168,0.1536492301749649,0.5583588013141547,0.3621700995455373,0.47833717196611814,1-2,1-3,0.24394284810659078,0.200099339853226,0.07093051037384795,0.09582299261785154,0.012852020943250487,True,False,False,False,発祥地選抜戦,2026-09-12,1号艇のdominance,0.1394,場特性:in_escape_diff,0.138,1号艇の年齢,-0.11,1号艇のsession_exh_rel_avg,-0.0967,風速区分,0.0839,2号艇のsession_exh_rel_avg,0.0885,1号艇vs2号艇のlocal_win_rate差,0.0751,2号艇の全国勝率,0.0718,2号艇のclass_rank_2to6,-0.0546,場×風速,0.0464,3号艇のsession_exh_rel_avg,0.127,3号艇のwin_rate_rank_2to6,-0.0862,3号艇の当地勝率,0.0679,3号艇のcumulative_diff_rank_2to6,0.064,6号艇のracer_2nd_te,-0.05,0.1586,北西 1.0m/s,[逃げ]1号艇のdominanceが有利(+13.9pt)、場特性:in_escape_diffが有利(+13.8pt) / [2着]2号艇のsession_exh_rel_avgが有利(+8.9pt)、1号艇vs2号艇のlocal_win_rate差が有利(+7.5pt) / [候補2]3号艇のsession_exh_rel_avgが有利(+12.7pt)、3号艇のwin_rate_rank_2to6が不利(-8.6pt)、天気+15.9pt
56,08,常滑,2,11:06,0.473960977814906,2,0.5120113712056233,3,0.3280521083277155,0.39815730818621353,0.07826786290647189,0.7617956166268669,0.3607618022514194,0.5072488007184095,1-2,1-3,0.24267341014896804,0.1554838980372455,0.037095912834634426,0.02417983181850814,0.014527914381696523,True,True,False,False,予選,2026-09-12,1号艇の女子戦比率,-0.2376,1号艇のracer_win_te,-0.16,1号艇のdominance,0.0979,1号艇の年齢,0.087,1号艇のvs_max234_diff,0.0787,2号艇のwin_rate_rank_2to6,0.078,second_best_win_rate,0.0527,2号艇のsession_exh_rel_avg,0.046,3号艇の女子戦勝率,0.0458,2号艇の直近平均着順,-0.0441,3号艇のwin_rate_rank_2to6,0.1715,6号艇の女子戦比率,0.0541,2号艇の直近1着率,0.0519,3号艇の性別,-0.0483,3号艇のclass_rank_2to6,0.0421,-0.0236,南西 1.6m/s,[逃げ]1号艇の女子戦比率が不利(-23.8pt)、1号艇のracer_win_teが不利(-16.0pt) / [2着]2号艇のwin_rate_rank_2to6が有利(+7.8pt)、second_best_win_rateが有利(+5.3pt) / [候補2]3号艇のwin_rate_rank_2to6が有利(+17.2pt)、6号艇の女子戦比率が有利(+5.4pt) / [除外]4号艇のracer_avgfin_teが不利(-9.8pt)、6号艇のwin_rate_rank_2to6が不利(-6.5pt)、天気-2.4pt
57,17,宮島,11,15:54,0.5906901696858842,2,0.4696092157943125,3,0.28634391082878363,0.44653408063957134,0.1627643394351701,0.593188787187926,0.35931829103486235,0.4905304926040777,1-2,1-3,0.27739354736359745,0.1691405332759739,0.09614329527977147,0.03384392819290507,0.014168849069943628,True,False,False,False,準優勝戦,2026-09-12,6号艇の枠別出走数,-0.2139,1号艇のdominance,0.1442,風速区分,0.1022,1号艇の級別順位,0.0874,1号艇の節間得点,0.0834,2号艇のwin_rate_rank_2to6,0.1362,2号艇のracer_avgfin_te,0.0871,2号艇のclass_rank_2to6,0.0772,2号艇の当地勝率,0.0657,6号艇の年齢,0.0501,3号艇のsession_exh_rel_avg,0.1218,3号艇のwin_rate_rank_2to6,0.0709,場特性:1x_diff_course3,0.0575,5号艇のsession_exh_rel_avg,-0.0568,3号艇の節間得点,0.0502,0.1285,北西 0.8m/s,[逃げ]6号艇の枠別出走数が不利(-21.4pt)、1号艇のdominanceが有利(+14.4pt) / [2着]2号艇のwin_rate_rank_2to6が有利(+13.6pt)、2号艇のracer_avgfin_teが有利(+8.7pt) / [候補2]3号艇のsession_exh_rel_avgが有利(+12.2pt)、3号艇のwin_rate_rank_2to6が有利(+7.1pt) / [除外]6号艇のsession_exh_rel_avgが不利(-5.7pt)、6号艇のwin_rate_rank_2to6が不利(-5.4pt)、天気+12.9pt
58,18,徳山,10,15:24,0.7587380085525617,2,0.3709828505198589,3,0.29696507024124685,0.5067974752151057,0.24690094575827165,0.4210469750028341,0.3566429440888891,0.4810723251514242,1-2,1-3,0.28147878921059044,0.22531868600451524,0.1873331318943751,0.05103512688490203,0.013572280917847483,True,False,False,False,予選,2026-09-12,場特性:in_escape_diff,0.1902,1号艇のracer_win_te,0.1396,1号艇のdominance,0.111,3号艇のracer_win_te,-0.0974,風速区分,0.0954,2号艇のwin_rate_rank_2to6,-0.1321,2号艇のsession_exh_rel_avg,0.0775,2号艇の全国勝率,0.0608,場特性:1x_diff_course2,0.0565,場特性:in_escape_diff,0.0533,3号艇のwin_rate_rank_2to6,-0.0978,3号艇のracer_avgfin_te,0.0749,6号艇の直近1着率,0.0723,3号艇の当地勝率,0.0651,3号艇のracer_win_te,0.0574,0.1558,東 1.4m/s,[逃げ]場特性:in_escape_diffが有利(+19.0pt)、1号艇のracer_win_teが有利(+14.0pt) / [2着]2号艇のwin_rate_rank_2to6が不利(-13.2pt)、2号艇のsession_exh_rel_avgが有利(+7.8pt) / [候補2]3号艇のwin_rate_rank_2to6が不利(-9.8pt)、3号艇のracer_avgfin_teが有利(+7.5pt) / [除外]3号艇のracer_win_teが不利(-6.2pt)、3号艇のracer_avgfin_teが不利(-6.1pt)、天気+15.6pt
59,12,住之江,11,19:58,0.706927046845323,3,0.4589131025188003,6,0.17406527855949228,0.4474695376526108,0.17012105306543174,0.4628573280128608,0.356120750900414,0.4520858747606858,1-3,1-6,0.12026317364976215,0.32441808432224045,0.08903388115117533,0.050160475459842445,0.1230514533303704,True,False,False,False,予選特別Ａ戦,2026-09-12,1号艇のsession_exh_rel_avg,-0.2024,1号艇の級別順位,0.0856,1号艇のracer_win_te,0.0847,風速区分,0.0829,場特性:in_escape_diff,0.0706,3号艇のwin_rate_rank_2to6,0.0888,3号艇のsession_exh_rel_avg,0.0798,6号艇の直近1着率,0.076,場特性:1x_diff_course3,0.0498,3号艇のcumulative_diff_rank_2to6,-0.0444,6号艇のwin_rate_rank_2to6,0.318,6号艇のsession_exh_rel_avg,0.164,6号艇のclass_rank_2to6,0.1326,6号艇のvs_avg456_diff,0.1012,6号艇の年齢,0.0952,0.1399,北 0.9m/s,[逃げ]1号艇のsession_exh_rel_avgが不利(-20.2pt)、1号艇の級別順位が有利(+8.6pt) / [2着]3号艇のwin_rate_rank_2to6が有利(+8.9pt)、3号艇のsession_exh_rel_avgが有利(+8.0pt) / [候補2]6号艇のwin_rate_rank_2to6が有利(+31.8pt)、6号艇のsession_exh_rel_avgが有利(+16.4pt) / [除外]2号艇のwin_rate_rank_2to6が不利(-5.5pt)、天気+14.0pt
60,18,徳山,4,12:12,0.6156002537479044,2,0.3808697325227296,3,0.32945775315894854,0.43727778042975196,0.15611425589613487,0.5542132297855433,0.355359426055707,0.47235841523648936,1-2,1-3,0.2344635039858888,0.20281427644386318,0.0961039755433259,0.07328078927929352,0.008937716522046715,True,True,False,False,予選,2026-09-12,場特性:in_escape_diff,0.1962,風速区分,0.0851,1号艇のracer_win_te,0.0815,1号艇の節間得点,-0.0741,1号艇の勝率順位,-0.0696,2号艇のwin_rate_rank_2to6,-0.1261,場特性:in_escape_diff,0.0842,2号艇の全国勝率,0.0628,2号艇のsession_exh_rel_avg,0.0518,2号艇のclass_rank_2to6,-0.0496,3号艇の当地勝率,0.1151,3号艇のwin_rate_rank_2to6,0.0878,3号艇の全国勝率,0.0414,3号艇のcumulative_diff_rank_2to6,0.0388,場特性:1x_diff_course3,0.0381,0.1088,南 1.6m/s,[逃げ]場特性:in_escape_diffが有利(+19.6pt)、風速区分が有利(+8.5pt) / [2着]2号艇のwin_rate_rank_2to6が不利(-12.6pt)、場特性:in_escape_diffが有利(+8.4pt) / [候補2]3号艇の当地勝率が有利(+11.5pt)、3号艇のwin_rate_rank_2to6が有利(+8.8pt) / [除外]6号艇のwin_rate_rank_2to6が不利(-7.5pt)、6号艇のvs_avg456_diffが不利(-6.0pt)、天気+10.9pt
61,02,戸田,7,13:45,0.8003717331458766,3,0.36345913266059904,2,0.19486897022034594,0.44687003136687126,0.17112464838310515,0.3872034544978399,0.35510545897814766,0.42897005830616186,1-3,1-2,0.1559676154316105,0.2909024159352607,0.13421283792976957,0.0823255354204883,0.1369633314103646,True,True,False,False,ウインウイン,2026-09-12,1号艇のdominance,0.3267,場特性:in_escape_diff,-0.1611,1号艇のvs_max234_diff,0.1233,1号艇の勝率順位,0.0879,風速区分,0.0857,3号艇のsession_exh_rel_avg,0.1095,3号艇のwin_rate_rank_2to6,0.0839,3号艇の節間得点,-0.0518,3号艇の当地勝率,-0.05,2号艇のvs_boat3_diff,0.0478,2号艇のwin_rate_rank_2to6,-0.1911,2号艇の全国勝率,-0.1362,2号艇のsession_exh_rel_avg,-0.1068,2号艇のsession_avg_finish,-0.0887,second_best_win_rate,0.0619,0.0844,北東 1.0m/s,[逃げ]1号艇のdominanceが有利(+32.7pt)、場特性:in_escape_diffが不利(-16.1pt) / [2着]3号艇のsession_exh_rel_avgが有利(+11.0pt)、3号艇のwin_rate_rank_2to6が有利(+8.4pt) / [候補2]2号艇のwin_rate_rank_2to6が不利(-19.1pt)、2号艇の全国勝率が不利(-13.6pt) / [除外]5号艇のracer_avgfin_teが不利(-5.6pt)、天気+8.4pt
62,10,三国,4,09:50,0.7883291442840745,3,0.33021546057312,4,0.28733396028613833,0.4868322064991049,0.22591086603362273,0.3916385548256356,0.35485538403917827,0.45827411099706405,1-3,1-4,0.17809211970476,0.26031847146297926,0.22651373503612568,0.07317480392252367,0.05022999947391137,False,False,True,False,みくにあさ推,2026-09-12,1号艇のdominance,0.1805,1号艇の勝率順位,0.1039,1号艇のracer_win_te,0.1013,風速区分,0.0872,1号艇の平均ST,0.0687,3号艇のwin_rate_rank_2to6,-0.0528,3号艇のcumulative_diff_rank_2to6,0.0415,3号艇の全国勝率,0.0366,3号艇のモーター2連率,-0.0341,6号艇のracer_2nd_te,-0.0327,4号艇のwin_rate_rank_2to6,0.1741,4号艇のclass_rank_2to6,0.1,4号艇のcumulative_diff_rank_2to6,0.0616,4号艇のsession_exh_rel_avg,0.0478,4号艇の年齢,-0.0448,0.0955,南東 1.6m/s,[逃げ]1号艇のdominanceが有利(+18.0pt)、1号艇の勝率順位が有利(+10.4pt) / [2着]3号艇のwin_rate_rank_2to6が不利(-5.3pt)、3号艇のcumulative_diff_rank_2to6が有利(+4.1pt) / [候補2]4号艇のwin_rate_rank_2to6が有利(+17.4pt)、4号艇のclass_rank_2to6が有利(+10.0pt)、天気+9.6pt
63,17,宮島,1,10:38,0.7119645619820448,3,0.41156036931270346,2,0.25968128265993207,0.4779002687308016,0.21517089481397372,0.4560707571586618,0.35450399458522747,0.47135141525915963,1-3,1-2,0.1848838706639141,0.2930163980668875,0.15319405187751545,0.07395166276685139,0.006918585900631755,False,False,True,False,ファーストＢ,2026-09-12,1号艇のdominance,0.257,1号艇のsession_exh_rel_avg,0.1642,1号艇のracer_win_te,-0.1642,1号艇の全国勝率,-0.09,second_best_frame_win_rate,-0.0884,3号艇のsession_exh_rel_avg,0.1194,3号艇のwin_rate_rank_2to6,-0.1113,3号艇の全国勝率,-0.0787,3号艇のcumulative_diff_rank_2to6,0.0685,3号艇の当地2連率,0.0578,全艇平均勝率,0.0841,2号艇の全国勝率,-0.0588,second_best_win_rate,0.0525,2号艇の直近平均着順,-0.0422,2号艇のsession_exh_rel_avg,0.0395,0.0637,北東 1.6m/s,[逃げ]1号艇のdominanceが有利(+25.7pt)、1号艇のsession_exh_rel_avgが有利(+16.4pt) / [2着]3号艇のsession_exh_rel_avgが有利(+11.9pt)、3号艇のwin_rate_rank_2to6が不利(-11.1pt) / [候補2]全艇平均勝率が有利(+8.4pt)、2号艇の全国勝率が不利(-5.9pt) / [除外]5号艇の直近平均着順が不利(-28.5pt)、ST差分(6-5)が不利(-9.7pt)、天気+6.4pt
64,18,徳山,7,13:45,0.6537142741167619,3,0.3466340052470967,2,0.3269575810837597,0.4403364349094339,0.16566239993463527,0.5079291863962211,0.3527998062065242,0.46061426035547004,1-3,1-2,0.2137368377851423,0.22659959712429165,0.08990555302427933,0.1082958755217108,0.015176412487794331,True,True,False,False,予選,2026-09-12,場特性:in_escape_diff,0.2186,風速区分,0.0773,1号艇の級別順位,0.0704,1号艇のracer_win_te,0.0687,1号艇の全国勝率,0.0673,3号艇のwin_rate_rank_2to6,0.0823,3号艇の当地勝率,0.0735,3号艇の一般戦2連率,0.072,3号艇の全国勝率,0.0503,5号艇の一般戦2連率,-0.0452,2号艇の全国勝率,0.0568,2号艇のsession_exh_rel_avg,0.0559,2号艇のclass_rank_2to6,-0.0469,2号艇の当地勝率,-0.0411,場特性:1x_diff_course2,0.0394,0.0724,南西 0.9m/s,[逃げ]場特性:in_escape_diffが有利(+21.9pt)、風速区分が有利(+7.7pt) / [2着]3号艇のwin_rate_rank_2to6が有利(+8.2pt)、3号艇の当地勝率が有利(+7.3pt) / [候補2]2号艇の全国勝率が有利(+5.7pt)、2号艇のsession_exh_rel_avgが有利(+5.6pt) / [除外]6号艇のwin_rate_rank_2to6が不利(-7.3pt)、6号艇のvs_avg456_diffが不利(-5.8pt)、天気+7.2pt
65,16,児島,8,14:30,0.6411790929480984,2,0.45227690339605564,3,0.20668189717941438,0.4225106060431468,0.13827550980880254,0.5206832907666675,0.3524031627028561,0.451962411460203,1-2,1-3,0.2899904946808577,0.13252011136228906,0.062001054361920827,0.08865936595614389,0.06800806897546519,True,True,False,False,一般,2026-09-12,風速区分,0.0859,1号艇のvs_max234_diff,0.0829,1号艇の勝率順位,-0.0733,1号艇vs4号艇のcumulative差,0.0611,1号艇のsession_exh_rel_avg,-0.0592,3号艇の全国勝率,-0.0771,2号艇の全国勝率,-0.0726,second_best_win_rate,0.0522,2号艇の直近平均着順,-0.0446,2号艇のracer_2nd_te,-0.0442,3号艇のwin_rate_rank_2to6,-0.1138,3号艇の節間得点,-0.0895,3号艇のsession_exh_rel_avg,0.0771,3号艇のracer_avgfin_te,-0.0744,3号艇のcumulative_diff_rank_2to6,-0.0473,0.0788,東 2.0m/s,[逃げ]風速区分が有利(+8.6pt)、1号艇のvs_max234_diffが有利(+8.3pt) / [2着]3号艇の全国勝率が不利(-7.7pt)、2号艇の全国勝率が不利(-7.3pt) / [候補2]3号艇のwin_rate_rank_2to6が不利(-11.4pt)、3号艇の節間得点が不利(-9.0pt) / [除外]4号艇のwin_rate_rank_2to6が不利(-5.4pt)、天気+7.9pt
66,08,常滑,11,15:47,0.739664302609518,4,0.39262302166424196,3,0.23816248285406416,0.4665695202957259,0.20391977613238949,0.4268657283859167,0.35239821774104496,0.45465838272278314,1-4,1-3,0.1508321790012529,0.17616028678800266,0.2904092335077232,0.08411254135020742,0.03815006747326035,True,False,False,False,予選特選,2026-09-12,1号艇のdominance,0.2843,1号艇の勝率順位,0.0949,場特性:in_escape_diff,0.085,1号艇の級別順位,0.0732,1号艇のracer_win_te,0.0676,4号艇のwin_rate_rank_2to6,0.2415,4号艇のclass_rank_2to6,0.1945,4号艇の年齢,0.0712,4号艇のsession_exh_rel_avg,0.0649,4号艇の直近1着率,-0.0549,3号艇のwin_rate_rank_2to6,0.0655,3号艇の枠別平均ST,-0.0562,3号艇のracer_2nd_te,-0.0552,3号艇のracer_avgfin_te,-0.0498,3号艇の全国勝率,-0.0472,-0.047,南東 4.8m/s,[逃げ]1号艇のdominanceが有利(+28.4pt)、1号艇の勝率順位が有利(+9.5pt) / [2着]4号艇のwin_rate_rank_2to6が有利(+24.2pt)、4号艇のclass_rank_2to6が有利(+19.5pt) / [候補2]3号艇のwin_rate_rank_2to6が有利(+6.6pt)、3号艇の枠別平均STが不利(-5.6pt) / [除外]2号艇のwin_rate_rank_2to6が不利(-5.2pt)、天気-4.7pt
67,06,浜名湖,11,16:41,0.6253633235825069,3,0.4466247893810838,2,0.2658134464594847,0.44553274301251583,0.1743234776960111,0.5381147581445574,0.3523325623852539,0.4733073475521283,1-3,1-2,0.1662299803308241,0.2793027626816917,0.10901550939043851,0.03354354066780068,0.03727153866556161,True,False,False,False,予選特選,2026-09-12,3号艇の直近1着率,-0.0875,場特性:in_escape_diff,-0.0776,1号艇のracer_win_te,0.0738,レース時間帯,0.068,avg_entry_count,-0.062,3号艇のwin_rate_rank_2to6,0.2382,3号艇のsession_exh_rel_avg,-0.1209,3号艇の当地勝率,0.0884,3号艇のモーター2連率,0.0594,3号艇の全国勝率,0.0516,2号艇のwin_rate_rank_2to6,-0.1245,2号艇のsession_exh_rel_avg,-0.0897,2号艇のsession_avg_finish,0.0625,2号艇のclass_rank_2to6,-0.0481,2号艇のモーター2連率,-0.0353,0.1014,東 2.5m/s,[逃げ]3号艇の直近1着率が不利(-8.7pt)、場特性:in_escape_diffが不利(-7.8pt) / [2着]3号艇のwin_rate_rank_2to6が有利(+23.8pt)、3号艇のsession_exh_rel_avgが不利(-12.1pt) / [候補2]2号艇のwin_rate_rank_2to6が不利(-12.5pt)、2号艇のsession_exh_rel_avgが不利(-9.0pt) / [除外]3号艇のracer_win_teが不利(-5.2pt)、6号艇のsession_exh_rel_avgが不利(-5.0pt)、天気+10.1pt
68,05,多摩川,7,14:01,0.7869106666916554,3,0.3079976785030903,2,0.26967657109293386,0.4545780288802091,0.1883920202861317,0.3892822293098924,0.351811380994093,0.4349892890091141,1-3,1-2,0.2122113703498602,0.24236665853034894,0.10084381641208424,0.08324113697955564,0.14824769028274776,True,True,False,False,一般,2026-09-12,1号艇のdominance,0.2201,1号艇のsession_exh_rel_avg,-0.1456,1号艇のvs_max234_diff,0.1154,1号艇の勝率順位,0.0939,1号艇のlocal_win_rate順位,0.0788,3号艇の節間得点,-0.1094,3号艇のsession_exh_rel_avg,0.0615,3号艇のwin_rate_rank_2to6,0.0507,3号艇のcumulative_diff_rank_2to6,-0.0471,2号艇の節間得点,0.0385,2号艇の全国勝率,-0.0798,1号艇の年齢,0.0678,2号艇のclass_rank_2to6,-0.0469,2号艇のsession_avg_finish,-0.0443,2号艇のモーター2連率,-0.0406,0.0359,北東 1.1m/s,[逃げ]1号艇のdominanceが有利(+22.0pt)、1号艇のsession_exh_rel_avgが不利(-14.6pt) / [2着]3号艇の節間得点が不利(-10.9pt)、3号艇のsession_exh_rel_avgが有利(+6.2pt) / [候補2]2号艇の全国勝率が不利(-8.0pt)、1号艇の年齢が有利(+6.8pt) / [除外]6号艇のsession_exh_rel_avgが不利(-7.0pt)、1号艇vs5号艇の枠別平均ST差が不利(-5.0pt)、天気+3.6pt
69,18,徳山,11,16:00,0.6519137403245128,2,0.35442173769567564,3,0.31894784982108776,0.43897888641882754,0.16889832232418361,0.5044712651925798,0.3500075294765736,0.4586266000509532,1-2,1-3,0.23105240067350127,0.2079264857453263,0.1101071370408937,0.08244656067155566,0.020381150121816006,True,False,False,False,予選,2026-09-12,1号艇のdominance,0.1744,場特性:in_escape_diff,0.1647,風速区分,0.0883,1号艇の全国勝率,0.0828,ST差分(4-3),-0.081,2号艇のwin_rate_rank_2to6,-0.1309,2号艇のsession_exh_rel_avg,0.0726,2号艇の全国勝率,0.0689,2号艇のracer_avgfin_te,0.0636,1号艇の女子戦2連率,0.0591,3号艇のwin_rate_rank_2to6,-0.1019,3号艇の当地勝率,0.0726,3号艇のcumulative_diff_rank_2to6,0.0478,3号艇のracer_avgfin_te,0.0405,場特性:1x_diff_course3,0.037,0.1434,東 1.8m/s,[逃げ]1号艇のdominanceが有利(+17.4pt)、場特性:in_escape_diffが有利(+16.5pt) / [2着]2号艇のwin_rate_rank_2to6が不利(-13.1pt)、2号艇のsession_exh_rel_avgが有利(+7.3pt) / [候補2]3号艇のwin_rate_rank_2to6が不利(-10.2pt)、3号艇の当地勝率が有利(+7.3pt) / [除外]local_win_rateの分散(2-6号艇)が不利(-6.8pt)、天気+14.3pt
70,17,宮島,10,15:19,0.8093009691847284,2,0.29060055295856124,3,0.26442864892283346,0.449185671008439,0.1901927901886457,0.364836411692749,0.3466674197102141,0.42388089321373196,1-2,1-3,0.2351833091549816,0.21400236185345742,0.15392320943161866,0.1392010296812383,0.06699105303367031,True,False,False,False,準優勝戦,2026-09-12,1号艇のdominance,0.2086,1号艇のsession_exh_rel_avg,0.1708,風速区分,0.1102,1号艇のracer_win_te,0.1032,1号艇の節間得点,0.0933,2号艇のsession_exh_rel_avg,-0.1048,レース時間帯,-0.0882,3号艇のracer_2nd_te,0.0698,2号艇の節間得点,0.0673,2号艇のclass_rank_2to6,0.0627,3号艇のsession_exh_rel_avg,0.1423,3号艇のwin_rate_rank_2to6,0.0725,3号艇の当地勝率,-0.0579,1号艇のracer_win_te,0.0521,3号艇の節間得点,0.0496,0.0698,北西 0.6m/s,[逃げ]1号艇のdominanceが有利(+20.9pt)、1号艇のsession_exh_rel_avgが有利(+17.1pt) / [2着]2号艇のsession_exh_rel_avgが不利(-10.5pt)、レース時間帯が不利(-8.8pt) / [候補2]3号艇のsession_exh_rel_avgが有利(+14.2pt)、3号艇のwin_rate_rank_2to6が有利(+7.2pt) / [除外]6号艇のsession_exh_rel_avgが不利(-7.1pt)、天気+7.0pt
71,09,津,5,12:29,0.6740918060117338,2,0.378529049670674,4,0.28788935024425527,0.4492271827581046,0.19420576217311847,0.4722126377418109,0.3445361738584,0.45612281925321646,1-2,1-4,0.2551633307204099,0.13091251296116269,0.1940638520376946,0.061000029551185754,0.03295208450806233,True,True,False,False,５ールドレー,2026-09-12,1号艇のdominance,0.2465,1号艇の女子戦比率,-0.1252,1号艇の勝率順位,0.0824,6号艇のモーター出走数,-0.0806,1号艇の級別順位,0.0801,2号艇のwin_rate_rank_2to6,-0.1509,2号艇の全国勝率,-0.0612,場特性:1x_diff_course2,0.0597,2号艇の直近平均着順,-0.0532,2号艇のsession_exh_rel_avg,0.0379,4号艇のwin_rate_rank_2to6,0.2,1号艇のモーター出走数,0.0814,4号艇のsession_exh_rel_avg,0.0721,4号艇のclass_rank_2to6,-0.0709,4号艇のモーター2連率,0.0669,-0.0053,南東 2.2m/s,[逃げ]1号艇のdominanceが有利(+24.6pt)、1号艇の女子戦比率が不利(-12.5pt) / [2着]2号艇のwin_rate_rank_2to6が不利(-15.1pt)、2号艇の全国勝率が不利(-6.1pt) / [候補2]4号艇のwin_rate_rank_2to6が有利(+20.0pt)、1号艇のモーター出走数が有利(+8.1pt) / [除外]6号艇の女子戦比率が不利(-5.4pt)、天気-0.5pt
72,21,芦屋,9,12:33,0.6470035353407864,2,0.43060671743014084,3,0.246193178986992,0.437891925700163,0.18580148953507353,0.49099840688205937,0.3402587592395966,0.4538238700547319,1-2,1-3,0.27860406851879216,0.1592878571813708,0.12021422060077669,0.06853371056652716,0.02036368208873355,True,True,False,False,予選特賞,2026-09-12,1号艇のdominance,0.168,3号艇の女子戦2連率,0.1057,6号艇のモーター出走数,-0.082,1号艇の勝率順位,0.0768,1号艇のモーター2連率順位,0.0731,2号艇のsession_exh_rel_avg,0.0835,2号艇の全国勝率,0.0718,5号艇の節間得点,0.0387,2号艇のracer_2nd_te,-0.0383,2号艇のwin_rate_rank_2to6,-0.0362,3号艇のwin_rate_rank_2to6,-0.0967,4号艇のモーター出走数,-0.0885,6号艇のモーター出走数,0.0853,3号艇のsession_exh_rel_avg,-0.0827,3号艇の節間得点,-0.0564,0.0604,南東 1.6m/s,[逃げ]1号艇のdominanceが有利(+16.8pt)、3号艇の女子戦2連率が有利(+10.6pt) / [2着]2号艇のsession_exh_rel_avgが有利(+8.4pt)、2号艇の全国勝率が有利(+7.2pt) / [候補2]3号艇のwin_rate_rank_2to6が不利(-9.7pt)、4号艇のモーター出走数が不利(-8.8pt) / [除外]win_rate_range_1to6が不利(-5.8pt)、天気+6.0pt
73,12,住之江,8,18:23,0.5247348077243119,2,0.4444508068839618,4,0.3124177625969273,0.39715528327912936,0.12423694048123919,0.6326316289996499,0.3379456545304587,0.4677981869952855,1-2,1-4,0.233218808693171,0.06519144707567984,0.16393647458595836,0.0324155583293332,0.02997252099495902,True,False,False,False,予選,2026-09-12,1号艇のsession_exh_rel_avg,0.174,1号艇の級別順位,-0.0927,風速区分,0.0813,1号艇のracer_win_te,-0.0792,1号艇の勝率順位,-0.0719,3号艇のracer_2nd_te,0.0788,2号艇の全国勝率,0.0734,3号艇のracer_avgfin_te,0.0519,3号艇の当地2連率,0.0337,2号艇の全国2連率,0.0306,4号艇のclass_rank_2to6,0.1931,4号艇のwin_rate_rank_2to6,0.0865,4号艇のsession_exh_rel_avg,-0.079,4号艇の年齢,-0.063,1号艇vs2号艇のlocal_win_rate差,0.0598,0.0544,西 0.4m/s,[逃げ]1号艇のsession_exh_rel_avgが有利(+17.4pt)、1号艇の級別順位が不利(-9.3pt) / [2着]3号艇のracer_2nd_teが有利(+7.9pt)、2号艇の全国勝率が有利(+7.3pt) / [候補2]4号艇のclass_rank_2to6が有利(+19.3pt)、4号艇のwin_rate_rank_2to6が有利(+8.6pt) / [除外]3号艇のwin_rate_rank_2to6が不利(-5.6pt)、5号艇のwin_rate_rank_2to6が不利(-5.4pt)、天気+5.4pt
74,21,芦屋,12,14:23,0.6972463003286827,2,0.4270674931071504,3,0.2343554075910185,0.461174670464464,0.2263049951648599,0.435117905533309,0.3359353125809243,0.45335764098511744,1-2,1-3,0.29777122955960583,0.16340344090485814,0.157790320624599,0.03417528754714731,0.04410600221163587,True,True,False,False,予選特選,2026-09-12,1号艇のdominance,0.1718,1号艇のracer_win_te,0.1057,3号艇の枠別出走数,-0.0985,6号艇のモーター出走数,-0.0859,1号艇の級別順位,0.0812,2号艇のsession_exh_rel_avg,0.1133,3号艇のモーター出走数,0.0751,2号艇のwin_rate_rank_2to6,0.073,2号艇のモーター2連率,0.0727,2号艇の全国勝率,0.0443,3号艇のsession_exh_rel_avg,-0.1347,4号艇のモーター出走数,-0.1132,3号艇のwin_rate_rank_2to6,-0.0937,6号艇のモーター出走数,0.0918,3号艇の当地勝率,0.0478,0.0728,南東 1.6m/s,[逃げ]1号艇のdominanceが有利(+17.2pt)、1号艇のracer_win_teが有利(+10.6pt) / [2着]2号艇のsession_exh_rel_avgが有利(+11.3pt)、3号艇のモーター出走数が有利(+7.5pt) / [候補2]3号艇のsession_exh_rel_avgが不利(-13.5pt)、4号艇のモーター出走数が不利(-11.3pt)、天気+7.3pt
75,06,浜名湖,1,11:39,0.5472166628858322,2,0.563003846592341,3,0.18650945281069567,0.4101461664878793,0.15334326208678467,0.596170037316252,0.33467438516591025,0.4659533277363911,1-2,1-3,0.30808508612414787,0.10206108036373147,0.08391198815515785,0.04980639495396158,0.003352122462267576,True,True,False,False,予選,2026-09-12,1号艇のsession_exh_rel_avg,0.1244,1号艇の級別順位,0.0861,ST差分(6-5),0.0756,6号艇の枠別出走数,-0.0748,1号艇のモーター2連率順位,-0.071,2号艇のwin_rate_rank_2to6,0.1802,4号艇のモーター出走数,-0.0605,全艇平均勝率,0.0569,2号艇のモーター2連率,0.048,2号艇の当地勝率,-0.0427,3号艇のwin_rate_rank_2to6,-0.1464,3号艇のsession_exh_rel_avg,0.1038,3号艇の全国勝率,-0.0966,3号艇のracer_win_te,-0.0859,3号艇のracer_avgfin_te,-0.0722,-0.0451,南東 1.8m/s,[逃げ]1号艇のsession_exh_rel_avgが有利(+12.4pt)、1号艇の級別順位が有利(+8.6pt) / [2着]2号艇のwin_rate_rank_2to6が有利(+18.0pt)、4号艇のモーター出走数が不利(-6.0pt) / [候補2]3号艇のwin_rate_rank_2to6が不利(-14.6pt)、3号艇のsession_exh_rel_avgが有利(+10.4pt) / [除外]6号艇の全国勝率が不利(-18.5pt)、6号艇の直近平均着順が不利(-13.5pt)、天気-4.5pt
76,12,住之江,12,20:30,0.6583327620481754,2,0.41893709898658515,3,0.2478908997546251,0.43899471822235814,0.19822447590516984,0.4686035228360404,0.3345713206886406,0.4478773596064628,1-2,1-3,0.27580001750028843,0.1631947007220697,0.13049766672820245,0.037934128868633205,0.050906240871539575,False,False,False,False,予選特別Ａ戦,2026-09-12,1号艇のsession_exh_rel_avg,-0.1251,風速区分,0.1048,race_no,0.1026,1号艇のracer_win_te,0.083,1号艇の級別順位,0.0809,2号艇のsession_exh_rel_avg,0.1078,2号艇のclass_rank_2to6,0.0776,2号艇のwin_rate_rank_2to6,0.0725,2号艇の全国勝率,0.0558,1号艇の女子戦2連率,0.0299,3号艇のsession_exh_rel_avg,0.0979,3号艇の当地勝率,0.0914,3号艇のwin_rate_rank_2to6,-0.0642,3号艇のcumulative_diff_rank_2to6,-0.056,3号艇の全国勝率,0.0425,0.1367,北東 1.1m/s,[逃げ]1号艇のsession_exh_rel_avgが不利(-12.5pt)、風速区分が有利(+10.5pt) / [2着]2号艇のsession_exh_rel_avgが有利(+10.8pt)、2号艇のclass_rank_2to6が有利(+7.8pt) / [候補2]3号艇のsession_exh_rel_avgが有利(+9.8pt)、3号艇の当地勝率が有利(+9.1pt)、天気+13.7pt
77,16,児島,2,11:25,0.6500818042275194,2,0.45865554505895595,5,0.19413209113499164,0.42436536431437893,0.17722736645937498,0.47556026973457255,0.33411437719356624,0.439723835940437,1-2,1-5,0.2981636242508824,0.11521228614640223,0.10772866149955111,0.12620174006349658,0.002775496051161181,True,True,False,False,一般,2026-09-12,1号艇のdominance,0.171,1号艇のvs_max234_diff,0.0837,1号艇の級別順位,0.0704,1号艇のracer_win_te,-0.0688,1号艇の勝率順位,0.0625,2号艇の全国勝率,-0.0908,2号艇のwin_rate_rank_2to6,0.0796,全艇平均勝率,0.0722,2号艇のsession_exh_rel_avg,0.0715,3号艇のracer_2nd_te,0.0611,5号艇のwin_rate_rank_2to6,0.2508,mean_234_全国勝率,0.1115,5号艇のsession_exh_rel_avg,0.1022,avg_456_win_rate,-0.0892,5号艇のclass_rank_2to6,0.0644,0.0235,東 3.5m/s,[逃げ]1号艇のdominanceが有利(+17.1pt)、1号艇のvs_max234_diffが有利(+8.4pt) / [2着]2号艇の全国勝率が不利(-9.1pt)、2号艇のwin_rate_rank_2to6が有利(+8.0pt) / [候補2]5号艇のwin_rate_rank_2to6が有利(+25.1pt)、mean_234_全国勝率が有利(+11.2pt) / [除外]6号艇の直近平均着順が不利(-25.6pt)、6号艇の全国勝率が不利(-17.1pt)、天気+2.4pt
78,17,宮島,5,12:42,0.5989591567310664,2,0.5175700491342046,4,0.1609579076019582,0.4064105327851455,0.1579431296024796,0.5205848271336831,0.3293828310433491,0.4406628210897068,1-2,1-4,0.31000332017867976,0.0946014837181667,0.09640721260646577,0.08477787551693491,0.013169270289061051,True,True,False,False,ランチタイム,2026-09-12,1号艇のracer_win_te,0.1424,1号艇のdominance,0.1377,6号艇の枠別出走数,-0.1372,5号艇の枠別出走数,-0.1065,1号艇vs3号艇のplace_rate差,0.1035,2号艇のsession_exh_rel_avg,0.1401,4号艇のモーター2連率,0.0484,2号艇のsession_avg_finish,0.0361,2号艇のwin_rate_rank_2to6,-0.0313,1号艇vs2号艇のcumulative差,0.0309,4号艇のclass_rank_2to6,0.1073,4号艇のsession_exh_rel_avg,0.0849,6号艇の節間得点,-0.067,4号艇の節間得点,-0.0615,4号艇の年齢,-0.0613,0.1087,南東 1.1m/s,[逃げ]1号艇のracer_win_teが有利(+14.2pt)、1号艇のdominanceが有利(+13.8pt) / [2着]2号艇のsession_exh_rel_avgが有利(+14.0pt)、4号艇のモーター2連率が有利(+4.8pt) / [候補2]4号艇のclass_rank_2to6が有利(+10.7pt)、4号艇のsession_exh_rel_avgが有利(+8.5pt) / [除外]5号艇の平均STが不利(-7.3pt)、win_rate_range_1to6が不利(-7.1pt)、天気+10.9pt
79,16,児島,11,16:09,0.5369201501942156,2,0.4999558220661975,4,0.23678279955017612,0.39556981137214264,0.1416571859575854,0.5950814356587882,0.32832744377764195,0.4554232986581363,1-2,1-4,0.2684363550742553,0.07605859756043667,0.1271334562978874,0.041996939700342226,0.023294808561935998,True,False,False,False,選抜戦,2026-09-12,ST差分(4-3),-0.1067,1号艇の節間得点,0.0949,1号艇のsession_exh_rel_avg,-0.0863,1号艇のdominance,0.0842,レース時間帯,0.0835,2号艇のwin_rate_rank_2to6,0.071,2号艇の節間得点,0.0646,2号艇の全国勝率,0.048,4号艇の一般戦勝率,-0.0363,2号艇のracer_avgfin_te,-0.0328,4号艇のwin_rate_rank_2to6,0.1639,4号艇のclass_rank_2to6,0.1498,4号艇の全国勝率,0.0657,4号艇のsession_exh_rel_avg,0.063,4号艇のcumulative_diff_rank_2to6,-0.0617,0.1237,東 2.2m/s,[逃げ]ST差分(4-3)が不利(-10.7pt)、1号艇の節間得点が有利(+9.5pt) / [2着]2号艇のwin_rate_rank_2to6が有利(+7.1pt)、2号艇の節間得点が有利(+6.5pt) / [候補2]4号艇のwin_rate_rank_2to6が有利(+16.4pt)、4号艇のclass_rank_2to6が有利(+15.0pt)、天気+12.4pt
80,05,多摩川,10,15:37,0.606601744642951,2,0.4199253372800281,3,0.2919164388888,0.4318044633337481,0.20527571605993994,0.5065660601088882,0.32543769884329227,0.4542329423662901,1-2,1-3,0.2547274422138447,0.17707702111990345,0.1245206074947906,0.03271750656560453,0.017559179677529457,True,False,False,False,準優勝戦,2026-09-12,1号艇のracer_win_te,0.1186,1号艇の年齢,-0.1142,1号艇の節間得点,0.1078,1号艇の級別順位,-0.1041,1号艇のdominance,0.0924,2号艇のsession_exh_rel_avg,0.1002,1号艇の年齢,0.0658,2号艇のracer_avgfin_te,0.0439,2号艇の全国勝率,0.043,2号艇の節間得点,0.0385,3号艇の当地勝率,0.0856,3号艇のwin_rate_rank_2to6,0.0823,3号艇のsession_exh_rel_avg,0.0693,3号艇の節間得点,0.0577,3号艇のcumulative_diff_rank_2to6,-0.0486,0.1115,北東 1.1m/s,[逃げ]1号艇のracer_win_teが有利(+11.9pt)、1号艇の年齢が不利(-11.4pt) / [2着]2号艇のsession_exh_rel_avgが有利(+10.0pt)、1号艇の年齢が有利(+6.6pt) / [候補2]3号艇の当地勝率が有利(+8.6pt)、3号艇のwin_rate_rank_2to6が有利(+8.2pt) / [除外]6号艇のwin_rate_rank_2to6が不利(-6.6pt)、天気+11.1pt
81,18,徳山,5,12:43,0.6289757583328788,3,0.3771674926872747,2,0.30674854678840235,0.430166609565233,0.21708047509990086,0.46683556437577617,0.3181096831933918,0.44116729600839594,1-3,1-2,0.19293739983374392,0.2372292097314891,0.13653835644522175,0.04373089205875957,0.018539902606781653,True,True,False,False,予選,2026-09-12,場特性:in_escape_diff,0.1948,3号艇の女子戦勝率,0.1487,1号艇のdominance,-0.0821,1号艇のracer_win_te,0.0782,3号艇のracer_win_te,-0.0776,3号艇のwin_rate_rank_2to6,0.154,3号艇の当地勝率,0.0993,3号艇の全国勝率,0.0739,3号艇のracer_win_te,0.0446,3号艇のracer_avgfin_te,0.0382,2号艇の枠別出走数,-0.1074,場特性:in_escape_diff,0.0783,3号艇の一般戦勝率,0.0777,2号艇の当地勝率,0.0707,2号艇のwin_rate_rank_2to6,0.0676,0.059,南西 1.8m/s,[逃げ]場特性:in_escape_diffが有利(+19.5pt)、3号艇の女子戦勝率が有利(+14.9pt) / [2着]3号艇のwin_rate_rank_2to6が有利(+15.4pt)、3号艇の当地勝率が有利(+9.9pt) / [候補2]2号艇の枠別出走数が不利(-10.7pt)、場特性:in_escape_diffが有利(+7.8pt) / [除外]3号艇の女子戦2連率が不利(-8.5pt)、3号艇のracer_avgfin_teが不利(-6.2pt)、天気+5.9pt
82,02,戸田,11,15:55,0.6427871530226135,3,0.37005526256787075,2,0.2358870487568544,0.38949193319236214,0.15371768773266786,0.45222462359205723,0.3176457739593342,0.40831174031227063,1-3,1-2,0.15162516450532484,0.23786676868703735,0.09880775486690069,0.09591437243489322,0.05857308055561369,True,False,False,False,戸田特選,2026-09-12,場特性:in_escape_diff,-0.1795,1号艇のdominance,0.1516,1号艇のsession_exh_rel_avg,0.1198,1号艇vs4号艇の枠別平均ST差,-0.0997,1号艇の勝率順位,0.0837,3号艇のwin_rate_rank_2to6,0.0657,6号艇のsession_rank_diff_delta,-0.0566,3号艇の節間得点,0.0461,3号艇のclass_rank_2to6,0.0446,3号艇のcumulative_diff_rank_2to6,0.0329,2号艇のsession_exh_rel_avg,-0.1435,2号艇のwin_rate_rank_2to6,-0.1181,レース時間帯,-0.0688,2号艇のclass_rank_2to6,-0.0511,2号艇のモーター2連率,-0.0493,0.103,北東 0.8m/s,[逃げ]場特性:in_escape_diffが不利(-18.0pt)、1号艇のdominanceが有利(+15.2pt) / [2着]3号艇のwin_rate_rank_2to6が有利(+6.6pt)、6号艇のsession_rank_diff_deltaが不利(-5.7pt) / [候補2]2号艇のsession_exh_rel_avgが不利(-14.4pt)、2号艇のwin_rate_rank_2to6が不利(-11.8pt) / [除外]5号艇のsession_exh_rel_avgが不利(-6.1pt)、4号艇のwin_rate_rank_2to6が不利(-5.5pt)、天気+10.3pt
83,17,宮島,3,11:44,0.4787306426195689,2,0.4150644899596193,3,0.3638471056900545,0.37288884872920214,0.13003191073572898,0.6488796849139449,0.3147039093384369,0.4556860995846249,1-2,1-3,0.19870409000693215,0.17418475872227,0.025609212805619893,0.06225026018756595,0.01798230662989593,True,True,False,False,一般戦,2026-09-12,1号艇のsession_exh_rel_avg,-0.1484,1号艇のdominance,-0.1258,1号艇の年齢,-0.0813,1号艇vs2号艇のcumulative差,0.0768,1号艇の級別順位,-0.067,2号艇のsession_exh_rel_avg,0.0682,2号艇の全国勝率,0.0622,2号艇のclass_rank_2to6,-0.0521,1号艇の年齢,0.0495,枠別勝率の分散(2-6号艇),0.0409,3号艇のwin_rate_rank_2to6,0.1184,3号艇の当地勝率,0.1013,3号艇のsession_exh_rel_avg,-0.0782,5号艇のracer_2nd_te,-0.0457,1号艇vs3号艇の直近複勝率差,0.0374,0.0499,東 1.2m/s,[逃げ]1号艇のsession_exh_rel_avgが不利(-14.8pt)、1号艇のdominanceが不利(-12.6pt) / [2着]2号艇のsession_exh_rel_avgが有利(+6.8pt)、2号艇の全国勝率が有利(+6.2pt) / [候補2]3号艇のwin_rate_rank_2to6が有利(+11.8pt)、3号艇の当地勝率が有利(+10.1pt) / [除外]4号艇の女子戦2連率が不利(-8.0pt)、6号艇のwin_rate_rank_2to6が不利(-6.9pt)、天気+5.0pt
84,21,芦屋,10,13:08,0.46427706563128057,2,0.6658928834571927,4,0.10650124179176065,0.3586048779814239,0.10354075275716243,0.6688533724917909,0.3140486151711194,0.45167942633453395,1-2,1-4,0.3091587939562577,0.04072541131823526,0.04944608402516614,0.048071596863349296,0.01687516563173737,True,True,False,False,予選特賞,2026-09-12,1号艇のsession_exh_rel_avg,-0.0997,1号艇のdominance,-0.0983,1号艇の節間得点,0.0847,風速区分,0.0776,4号艇のsession_exh_rel_avg,-0.0701,2号艇のwin_rate_rank_2to6,0.2296,2号艇のclass_rank_2to6,0.1292,2号艇の当地勝率,0.1122,2号艇の直近平均着順,0.0839,2号艇の節間得点,0.0781,4号艇のsession_exh_rel_avg,0.132,4号艇のwin_rate_rank_2to6,-0.1272,2号艇のracer_avgfin_te,-0.081,4号艇のclass_rank_2to6,-0.0684,4号艇の節間得点,-0.0497,0.1415,南東 1.6m/s,[逃げ]1号艇のsession_exh_rel_avgが不利(-10.0pt)、1号艇のdominanceが不利(-9.8pt) / [2着]2号艇のwin_rate_rank_2to6が有利(+23.0pt)、2号艇のclass_rank_2to6が有利(+12.9pt) / [候補2]4号艇のsession_exh_rel_avgが有利(+13.2pt)、4号艇のwin_rate_rank_2to6が不利(-12.7pt) / [除外]2号艇の直近1着率が不利(-6.2pt)、3号艇のwin_rate_rank_2to6が不利(-5.8pt)、天気+14.2pt
85,02,戸田,1,10:47,0.6554551286696864,3,0.36103837106956127,2,0.28161272670123844,0.4212289579790747,0.21363482818857785,0.42901626958222194,0.31324194669997873,0.4235651514600189,1-3,1-2,0.18458450601498147,0.23664445196409326,0.14002804379867062,0.09102013915861218,0.003177987885938916,False,False,True,False,予選,2026-09-12,1号艇のdominance,0.1717,場特性:in_escape_diff,-0.146,1号艇のsession_exh_rel_avg,0.1347,4号艇のsession_exh_rel_avg,-0.1109,場×風向,-0.1072,3号艇のsession_exh_rel_avg,0.1444,3号艇のモーター2連率,0.0809,3号艇のracer_win_te,-0.0747,5号艇のsession_rank_diff_last,0.0686,1号艇のモーター2連率,0.0627,2号艇の全国勝率,-0.0795,second_best_win_rate,0.0587,2号艇のracer_avgfin_te,-0.0514,2号艇のsession_exh_rel_avg,0.0505,2号艇のsession_avg_finish,-0.0501,-0.0828,北 1.3m/s,[逃げ]1号艇のdominanceが有利(+17.2pt)、場特性:in_escape_diffが不利(-14.6pt) / [2着]3号艇のsession_exh_rel_avgが有利(+14.4pt)、3号艇のモーター2連率が有利(+8.1pt) / [候補2]2号艇の全国勝率が不利(-7.9pt)、second_best_win_rateが有利(+5.9pt) / [除外]6号艇の直近平均着順が不利(-15.6pt)、6号艇の全国勝率が不利(-12.6pt)、天気-8.3pt
86,05,多摩川,3,12:01,0.6593334190123825,3,0.34675670593982116,4,0.24477692353374908,0.3900178903816129,0.16423005706940222,0.42730357240416805,0.31315469790706074,0.40120359498837943,1-3,1-4,0.10828236503216766,0.22862828449277361,0.1613896058888393,0.10431367634904389,0.05671948479334966,True,True,False,False,一般,2026-09-12,1号艇のsession_exh_rel_avg,0.1453,1号艇の節間得点,0.0829,1号艇の級別順位,-0.0756,1号艇のdominance,0.0713,風速区分,0.0679,3号艇のwin_rate_rank_2to6,-0.0642,3号艇のcumulative_diff_rank_2to6,-0.0495,6号艇のsession_exh_rel_last,0.0474,2号艇の節間得点,0.0441,2号艇の直近1着率,0.0383,4号艇のclass_rank_2to6,0.1931,4号艇のwin_rate_rank_2to6,0.1503,6号艇の節間得点,-0.1378,4号艇のsession_exh_rel_avg,-0.0807,4号艇の年齢,-0.0747,0.0613,北 1.7m/s,[逃げ]1号艇のsession_exh_rel_avgが有利(+14.5pt)、1号艇の節間得点が有利(+8.3pt) / [2着]3号艇のwin_rate_rank_2to6が不利(-6.4pt)、3号艇のcumulative_diff_rank_2to6が不利(-5.0pt) / [候補2]4号艇のclass_rank_2to6が有利(+19.3pt)、4号艇のwin_rate_rank_2to6が有利(+15.0pt) / [除外]2号艇のwin_rate_rank_2to6が不利(-5.3pt)、天気+6.1pt
87,24,大村,1,15:15,0.7036421095356481,2,0.3627208228677624,4,0.2562900939895658,0.4355621473630861,0.23434442462973998,0.38466649222758825,0.31307627438593044,0.42029345082243674,1-2,1-4,0.25522564497517847,0.16489460530438793,0.1803365023879076,0.07765428274496636,0.02553108985083447,True,False,False,False,一般,2026-09-12,場特性:in_escape_diff,0.1866,1号艇のdominance,0.1331,1号艇のracer_win_te,0.0958,1号艇vs4号艇のcumulative差,-0.0904,風速区分,0.0883,2号艇のsession_exh_rel_avg,0.0751,2号艇の全国勝率,0.0692,2号艇のracer_avgfin_te,0.059,2号艇のclass_rank_2to6,-0.0523,2号艇のモーター2連率,-0.0391,4号艇の全国勝率,0.0842,4号艇のwin_rate_rank_2to6,0.0796,4号艇のsession_exh_rel_avg,0.0775,4号艇の節間得点,0.0672,4号艇のclass_rank_2to6,-0.0669,0.0862,北西 1.0m/s,[逃げ]場特性:in_escape_diffが有利(+18.7pt)、1号艇のdominanceが有利(+13.3pt) / [2着]2号艇のsession_exh_rel_avgが有利(+7.5pt)、2号艇の全国勝率が有利(+6.9pt) / [候補2]4号艇の全国勝率が有利(+8.4pt)、4号艇のwin_rate_rank_2to6が有利(+8.0pt) / [除外]6号艇のwin_rate_rank_2to6が不利(-6.4pt)、天気+8.6pt
88,24,大村,5,17:19,0.7208495993104584,2,0.31106180269521955,3,0.2821664246757568,0.4276283300000218,0.2275986927291137,0.36562953464186265,0.31083515134169504,0.40902869139257403,1-2,1-3,0.2242287758336379,0.20339955416638394,0.16406442645736577,0.10048783808496858,0.028669003425415306,True,False,False,False,一般,2026-09-12,場特性:in_escape_diff,0.1562,1号艇のracer_win_te,0.147,1号艇のdominance,0.1098,風速区分,0.0741,1号艇の級別順位,0.0713,6号艇の当地2連率,-0.0575,2号艇の全国勝率,0.0548,2号艇のclass_rank_2to6,-0.0528,2号艇のsession_exh_rel_avg,-0.05,2号艇のracer_avgfin_te,0.0472,3号艇のwin_rate_rank_2to6,0.1696,3号艇の節間得点,-0.0619,全艇平均勝率,-0.0368,3号艇のsession_exh_rel_avg,-0.0355,3号艇のcumulative_diff_rank_2to6,-0.0351,0.0573,西 1.1m/s,[逃げ]場特性:in_escape_diffが有利(+15.6pt)、1号艇のracer_win_teが有利(+14.7pt) / [2着]6号艇の当地2連率が不利(-5.7pt)、2号艇の全国勝率が有利(+5.5pt) / [候補2]3号艇のwin_rate_rank_2to6が有利(+17.0pt)、3号艇の節間得点が不利(-6.2pt) / [除外]6号艇のsession_exh_rel_avgが不利(-5.5pt)、天気+5.7pt
89,08,常滑,12,16:25,0.722891529839208,2,0.34171936209075426,4,0.28429292788747584,0.4525389820005087,0.26109119710501894,0.3649210928732112,0.31075424854386935,0.4262536152623194,1-2,1-4,0.24702603243746363,0.18874061490279734,0.20551294956304506,0.06636415670178585,0.015247768828418922,True,False,False,False,１ｓｔドリー,2026-09-12,1号艇のdominance,0.1623,レース時間帯,0.1001,race_no,0.0994,場特性:in_escape_diff,0.0938,1号艇のracer_win_te,0.0897,2号艇のwin_rate_rank_2to6,0.0724,2号艇の一般戦勝率,-0.0717,2号艇のsession_exh_rel_avg,0.0579,avg_entry_count,-0.0518,2号艇の全国勝率,0.0504,4号艇のwin_rate_rank_2to6,0.1843,4号艇のclass_rank_2to6,0.1137,4号艇の全国勝率,0.1097,3号艇の女子戦勝率,0.0737,級別の分散(2-6号艇),-0.0682,0.0023,南東 4.7m/s,[逃げ]1号艇のdominanceが有利(+16.2pt)、レース時間帯が有利(+10.0pt) / [2着]2号艇のwin_rate_rank_2to6が有利(+7.2pt)、2号艇の一般戦勝率が不利(-7.2pt) / [候補2]4号艇のwin_rate_rank_2to6が有利(+18.4pt)、4号艇のclass_rank_2to6が有利(+11.4pt) / [除外]1号艇vs4号艇のlocal_win_rate差が不利(-7.9pt)、6号艇のwin_rate_rank_2to6が不利(-6.7pt)、天気影響ほぼなし
90,16,児島,10,15:35,0.6450502120404711,2,0.42113855341516593,4,0.23454104284374164,0.4229462625974188,0.23176735278501742,0.42391224347389017,0.3053160998143941,0.4232360568603602,1-2,1-4,0.27165551317887005,0.14950158005803416,0.15129074941854875,0.05086528828246316,0.02173707149055784,True,False,False,False,選抜戦,2026-09-12,1号艇のracer_win_te,0.1967,6号艇の枠別出走数,-0.1035,1号艇の級別順位,0.0919,1号艇の節間得点,0.0881,風速区分,0.0865,2号艇のsession_exh_rel_avg,0.1323,2号艇のwin_rate_rank_2to6,-0.1271,2号艇の全国勝率,0.0552,2号艇の節間得点,0.0546,local_win_rateの分散(2-6号艇),0.0423,4号艇のwin_rate_rank_2to6,0.1882,4号艇のclass_rank_2to6,0.1734,4号艇の全国勝率,0.0858,4号艇のcumulative_diff_rank_2to6,-0.0626,4号艇の年齢,-0.0581,0.1187,北東 1.9m/s,[逃げ]1号艇のracer_win_teが有利(+19.7pt)、6号艇の枠別出走数が不利(-10.4pt) / [2着]2号艇のsession_exh_rel_avgが有利(+13.2pt)、2号艇のwin_rate_rank_2to6が不利(-12.7pt) / [候補2]4号艇のwin_rate_rank_2to6が有利(+18.8pt)、4号艇のclass_rank_2to6が有利(+17.3pt) / [除外]6号艇のwin_rate_rank_2to6が不利(-7.0pt)、1号艇vs5号艇のlocal_win_rate差が不利(-6.7pt)、天気+11.9pt
91,20,若松,10,19:36,0.6090150348379298,3,0.3452589597543113,4,0.26799777637752975,0.37348257251992834,0.15377334632306736,0.4594833898087737,0.30456457455624386,0.3992828177065819,1-3,1-4,0.0746495431083406,0.21026789740287932,0.163214675117049,0.09365027986808792,0.06723264387908862,True,False,False,False,予選特賞,2026-09-12,5号艇の枠別出走数,-0.241,1号艇のdominance,0.1614,1号艇のracer_win_te,0.1276,5号艇の年齢,-0.088,1号艇の勝率順位,0.0772,1号艇vs5号艇のcumulative差,0.0544,3号艇のwin_rate_rank_2to6,-0.052,3号艇の枠別平均ST,-0.0513,3号艇のsession_exh_rel_avg,0.0483,3号艇のcumulative_diff_rank_2to6,0.0439,4号艇のclass_rank_2to6,0.0914,4号艇のwin_rate_rank_2to6,0.0897,4号艇のsession_exh_rel_avg,-0.0851,4号艇の節間得点,0.0517,4号艇の年齢,0.0376,0.0729,東 1.5m/s,[逃げ]5号艇の枠別出走数が不利(-24.1pt)、1号艇のdominanceが有利(+16.1pt) / [2着]1号艇vs5号艇のcumulative差が有利(+5.4pt)、3号艇のwin_rate_rank_2to6が不利(-5.2pt) / [候補2]4号艇のclass_rank_2to6が有利(+9.1pt)、4号艇のwin_rate_rank_2to6が有利(+9.0pt) / [除外]2号艇のwin_rate_rank_2to6が不利(-5.1pt)、天気+7.3pt
92,17,宮島,2,11:15,0.6169990828682481,3,0.3625359393055767,5,0.2849260805054695,0.399483472415439,0.20009896293859802,0.4473630568724482,0.3035599981657118,0.4138473477525417,1-3,1-5,0.12346087661600255,0.2236843420583197,0.0907010410987289,0.17579913035711933,0.0033537012137989345,True,True,False,False,一般戦,2026-09-12,1号艇のdominance,-0.2382,1号艇の節間得点,0.0971,1号艇のvs_max234_diff,0.0961,second_best_frame_win_rate,-0.0784,5号艇の節間得点,-0.0751,3号艇のsession_exh_rel_avg,-0.1417,3号艇の当地勝率,-0.0625,3号艇のwin_rate_rank_2to6,0.0583,3号艇の全国勝率,-0.0472,3号艇の枠別平均ST,-0.0426,5号艇のwin_rate_rank_2to6,0.2716,5号艇のclass_rank_2to6,0.1631,5号艇のsession_exh_rel_avg,-0.1468,second_best_frame_win_rate,-0.0745,5号艇の節間得点,0.0676,0.0187,東 1.4m/s,[逃げ]1号艇のdominanceが不利(-23.8pt)、1号艇の節間得点が有利(+9.7pt) / [2着]3号艇のsession_exh_rel_avgが不利(-14.2pt)、3号艇の当地勝率が不利(-6.3pt) / [候補2]5号艇のwin_rate_rank_2to6が有利(+27.2pt)、5号艇のclass_rank_2to6が有利(+16.3pt) / [除外]6号艇の全国勝率が不利(-12.3pt)、6号艇のvs_avg456_diffが不利(-10.9pt)、天気+1.9pt
93,09,津,10,15:08,0.6451471853307158,3,0.3421703455108006,2,0.25698515349026,0.3865434837559547,0.18774538620402734,0.4114101127970332,0.2994573769850604,0.3940034724682782,1-3,1-2,0.16579324844602322,0.22075023530993154,0.09278238391937343,0.12112340746835644,0.04469791018703116,True,False,False,False,予選特賞,2026-09-12,場特性:in_escape_diff,0.0739,1号艇の勝率順位,-0.0667,1号艇のモーター2連率順位,0.0644,レース時間帯,0.0587,1号艇の節間得点,-0.0586,4号艇のモーター出走数,-0.1004,3号艇のwin_rate_rank_2to6,-0.0601,3号艇の全国勝率,0.0514,3号艇の年齢,-0.0505,3号艇の当地2連率,-0.049,2号艇のwin_rate_rank_2to6,-0.158,2号艇の全国勝率,-0.0764,2号艇のsession_exh_rel_avg,0.0633,5号艇の女子戦2連率,0.0482,2号艇のclass_rank_2to6,-0.0462,0.0471,南東 2.3m/s,[逃げ]場特性:in_escape_diffが有利(+7.4pt)、1号艇の勝率順位が不利(-6.7pt) / [2着]4号艇のモーター出走数が不利(-10.0pt)、3号艇のwin_rate_rank_2to6が不利(-6.0pt) / [候補2]2号艇のwin_rate_rank_2to6が不利(-15.8pt)、2号艇の全国勝率が不利(-7.6pt) / [除外]6号艇の女子戦2連率が不利(-7.5pt)、天気+4.7pt
94,09,津,9,14:36,0.4887017353683992,2,0.39600412936685025,3,0.30229440990861034,0.3412597079491359,0.11934249612465278,0.5789560431508078,0.292387565501032,0.4125686085096375,1-2,1-3,0.1935279052346318,0.1477318027145041,0.05832288495931427,0.05310396558540459,0.03601517505398865,True,True,False,False,予選特賞,2026-09-12,1号艇のracer_win_te,-0.0787,風速区分,0.0655,1号艇の勝率順位,-0.0617,1号艇のsession_exh_count,-0.0603,1号艇の節間得点,-0.0572,2号艇のwin_rate_rank_2to6,0.1667,2号艇のclass_rank_2to6,0.0796,2号艇の一般戦勝率,-0.0588,2号艇の全国勝率,0.0573,場特性:1x_diff_course2,0.0437,3号艇の性別,-0.0602,3号艇のwin_rate_rank_2to6,-0.0545,6号艇のracer_2nd_te,-0.0505,3号艇のcumulative_diff_rank_2to6,0.041,5号艇の一般戦2連率,-0.04,0.0557,南東 1.6m/s,[逃げ]1号艇のracer_win_teが不利(-7.9pt)、風速区分が有利(+6.6pt) / [2着]2号艇のwin_rate_rank_2to6が有利(+16.7pt)、2号艇のclass_rank_2to6が有利(+8.0pt) / [候補2]3号艇の性別が不利(-6.0pt)、3号艇のwin_rate_rank_2to6が不利(-5.5pt) / [除外]4号艇のwin_rate_rank_2to6が不利(-6.1pt)、天気+5.6pt
95,21,芦屋,3,09:36,0.3783168784623274,3,0.5305004551967993,2,0.30774680613013905,0.31712308728480215,0.07610270062802942,0.762144560698909,0.28816237923615606,0.45062952930903416,1-3,1-2,0.11642581105190525,0.2006972762328969,0.02879093614414909,0.025647587302294928,0.00675526702641119,False,False,True,False,サンライズＸ,2026-09-12,1号艇のdominance,-0.2737,3号艇のracer_win_te,-0.1293,1号艇のvs_max234_diff,-0.1251,3号艇の直近1着率,-0.121,1号艇の節間得点,0.0637,3号艇のwin_rate_rank_2to6,0.2166,3号艇の全国勝率,0.1624,3号艇の当地勝率,0.0815,1号艇vs3号艇のplace_rate差,-0.0747,6号艇のモーター出走数,0.0734,3号艇のモーター出走数,0.094,2号艇のsession_exh_rel_avg,-0.0746,3号艇の全国2連率,0.0676,2号艇のclass_rank_2to6,-0.058,6号艇のsession_exh_rel_last,-0.0464,0.0307,南東 1.6m/s,[逃げ]1号艇のdominanceが不利(-27.4pt)、3号艇のracer_win_teが不利(-12.9pt) / [2着]3号艇のwin_rate_rank_2to6が有利(+21.7pt)、3号艇の全国勝率が有利(+16.2pt) / [候補2]3号艇のモーター出走数が有利(+9.4pt)、2号艇のsession_exh_rel_avgが不利(-7.5pt) / [除外]6号艇のwin_rate_rank_2to6が不利(-8.7pt)、3号艇のracer_avgfin_teが不利(-8.1pt)、天気+3.1pt
96,12,住之江,9,18:54,0.43309628544616363,2,0.57817502028451,4,0.20002863119394843,0.33703711077596127,0.135072873128681,0.6431307783497774,0.2824076256917629,0.4288652110481061,1-2,1-4,0.25040545362298156,0.05849955961657267,0.08663165715297967,0.02468451896163658,0.012875104965744816,True,False,False,False,予選,2026-09-12,2号艇のsession_exh_rel_avg,-0.2829,1号艇のdominance,-0.2417,1号艇のvs_max234_diff,-0.0909,1号艇のsession_avg_finish,-0.082,1号艇の勝率順位,-0.0817,2号艇のwin_rate_rank_2to6,0.2117,2号艇のsession_exh_rel_avg,0.1462,2号艇のclass_rank_2to6,0.0844,2号艇の全国勝率,0.0582,2号艇のracer_avgfin_te,0.0412,4号艇のclass_rank_2to6,0.1279,4号艇のwin_rate_rank_2to6,0.0722,4号艇の節間得点,-0.0622,4号艇のcumulative_diff_rank_2to6,-0.0506,4号艇の全国勝率,0.0452,0.0707,北西 0.7m/s,[逃げ]2号艇のsession_exh_rel_avgが不利(-28.3pt)、1号艇のdominanceが不利(-24.2pt) / [2着]2号艇のwin_rate_rank_2to6が有利(+21.2pt)、2号艇のsession_exh_rel_avgが有利(+14.6pt) / [候補2]4号艇のclass_rank_2to6が有利(+12.8pt)、4号艇のwin_rate_rank_2to6が有利(+7.2pt)、天気+7.1pt
97,10,三国,7,11:20,0.46109808273823155,2,0.5041300518602865,3,0.19411129096866336,0.321957744466997,0.10649259418347162,0.5917487486454782,0.2808144059560973,0.40289504572054136,1-2,1-3,0.23245340036350334,0.08950434410349369,0.04566530800104676,0.04437149583092008,0.04910353100381931,True,True,False,False,予選,2026-09-12,1号艇のdominance,-0.1417,風速区分,0.0707,1号艇の級別順位,-0.0684,1号艇の一般戦勝率,0.0623,1号艇の勝率順位,-0.0569,2号艇の当地勝率,0.1139,2号艇の全国勝率,0.0679,2号艇のsession_exh_rel_avg,0.0604,1号艇vs2号艇のlocal_win_rate差,0.0316,1号艇vs6号艇のplace_rate差,-0.0254,3号艇のwin_rate_rank_2to6,-0.1035,3号艇の年齢,-0.0888,3号艇の全国勝率,-0.0457,3号艇の性別,-0.043,3号艇のモーター2連率,-0.0423,0.0808,南東 1.6m/s,[逃げ]1号艇のdominanceが不利(-14.2pt)、風速区分が有利(+7.1pt) / [2着]2号艇の当地勝率が有利(+11.4pt)、2号艇の全国勝率が有利(+6.8pt) / [候補2]3号艇のwin_rate_rank_2to6が不利(-10.3pt)、3号艇の年齢が不利(-8.9pt) / [除外]4号艇のwin_rate_rank_2to6が不利(-6.0pt)、場特性:1x_diff_course5が不利(-6.0pt)、天気+8.1pt
98,08,常滑,6,13:05,0.5722502306229056,5,0.3959078287276988,3,0.2318248955656468,0.3592201962464118,0.18645384611772226,0.44127887817562333,0.2788466116144441,0.38383780082517527,1-5,1-3,0.10338844308263051,0.1326618499515724,0.10669825644139432,0.22655834629483945,0.002943349242106973,True,True,False,False,昼トコ小判Ｒ,2026-09-12,2号艇の平均ST,-0.0854,1号艇の年齢,0.0845,場特性:in_escape_diff,0.0809,1号艇の節間得点,-0.063,1号艇のvs_max234_diff,0.0593,5号艇のwin_rate_rank_2to6,0.2333,1号艇の女子戦2連率,0.1859,5号艇の性別,-0.1251,5号艇のclass_rank_2to6,0.1177,3号艇の一般戦2連率,0.0653,3号艇のモーター2連率,0.1116,3号艇のwin_rate_rank_2to6,-0.0738,3号艇の全国勝率,-0.0525,3号艇の女子戦比率,-0.0524,6号艇の直近平均着順,-0.0491,-0.0271,南 4.0m/s,[逃げ]2号艇の平均STが不利(-8.5pt)、1号艇の年齢が有利(+8.5pt) / [2着]5号艇のwin_rate_rank_2to6が有利(+23.3pt)、1号艇の女子戦2連率が有利(+18.6pt) / [候補2]3号艇のモーター2連率が有利(+11.2pt)、3号艇のwin_rate_rank_2to6が不利(-7.4pt) / [除外]6号艇の直近平均着順が不利(-20.4pt)、6号艇の全国勝率が不利(-15.5pt)、天気-2.7pt
99,10,三国,2,08:58,0.43650747260309897,2,0.5974086777499341,3,0.15397377403576074,0.32798405498729355,0.12632285951537703,0.6250595922703178,0.2782657945455613,0.41710671617220085,1-2,1-3,0.26077335203578295,0.06721070295151058,0.05514087213905356,0.043412995763434686,0.009969550526375746,False,False,True,False,みくにあさガ,2026-09-12,1号艇の年齢,-0.1845,3号艇の直近平均着順,-0.0715,1号艇の節間得点,-0.0702,1号艇の勝率順位,-0.0652,1号艇のsession_exh_count,-0.0494,2号艇のwin_rate_rank_2to6,0.211,2号艇のclass_rank_2to6,0.1042,2号艇の当地勝率,0.092,3号艇の全国勝率,-0.0696,2号艇の全国勝率,0.0681,3号艇のwin_rate_rank_2to6,-0.1297,3号艇のracer_avgfin_te,-0.0935,3号艇のracer_2nd_te,-0.057,3号艇の当地勝率,-0.0478,3号艇のcumulative_diff_rank_2to6,0.0452,0.0538,南東 1.6m/s,[逃げ]1号艇の年齢が不利(-18.5pt)、3号艇の直近平均着順が不利(-7.2pt) / [2着]2号艇のwin_rate_rank_2to6が有利(+21.1pt)、2号艇のclass_rank_2to6が有利(+10.4pt) / [候補2]3号艇のwin_rate_rank_2to6が不利(-13.0pt)、3号艇のracer_avgfin_teが不利(-9.3pt) / [除外]6号艇のwin_rate_rank_2to6が不利(-7.4pt)、2号艇のracer_2nd_teが不利(-6.0pt)、天気+5.4pt
100,02,戸田,5,12:44,0.4257729419093616,4,0.628121196564414,3,0.1645276977879363,0.33748845164960295,0.1511879197475225,0.6414609746048279,0.27625943931714403,0.4286802085361704,1-4,1-3,0.06437172537205912,0.070051441912744,0.26743700973685897,0.015489253357307357,0.008423511133860272,True,True,False,False,ウインウイン,2026-09-12,2号艇のsession_exh_rel_avg,-0.2212,場特性:in_escape_diff,-0.1538,1号艇のsession_exh_rel_avg,0.1516,1号艇の節間得点,0.089,1号艇の年齢,-0.0857,4号艇のwin_rate_rank_2to6,0.2481,4号艇のclass_rank_2to6,0.2197,4号艇の全国勝率,0.0975,win_rate_gap_top2_2to6,0.0714,4号艇のsession_exh_rel_avg,0.0702,3号艇のsession_exh_rel_avg,-0.17,3号艇のモーター2連率,0.1287,3号艇のwin_rate_rank_2to6,-0.1224,3号艇の当地勝率,-0.0487,3号艇の節間得点,0.0484,0.0422,北東 1.1m/s,[逃げ]2号艇のsession_exh_rel_avgが不利(-22.1pt)、場特性:in_escape_diffが不利(-15.4pt) / [2着]4号艇のwin_rate_rank_2to6が有利(+24.8pt)、4号艇のclass_rank_2to6が有利(+22.0pt) / [候補2]3号艇のsession_exh_rel_avgが不利(-17.0pt)、3号艇のモーター2連率が有利(+12.9pt) / [除外]6号艇のsession_exh_rel_avgが不利(-6.5pt)、2号艇のwin_rate_rank_2to6が不利(-6.4pt)、天気+4.2pt
101,17,宮島,4,12:10,0.6179302961426771,4,0.3183542839292325,6,0.24637173283852795,0.3489613147807767,0.18190781941976594,0.3828181973479945,0.27278676458042594,0.359118379550942,1-4,1-6,0.10360839807394906,0.1124063527247246,0.19672075694668056,0.05295423286519657,0.15224055783409612,True,True,False,False,一般戦,2026-09-12,1号艇のsession_exh_rel_avg,0.1968,1号艇のdominance,-0.1772,1号艇の年齢,0.0823,風速区分,0.0772,1号艇vs4号艇のcumulative差,-0.0648,4号艇のclass_rank_2to6,0.1135,4号艇のwin_rate_rank_2to6,0.0984,4号艇の節間得点,0.0836,6号艇の節間得点,-0.0791,4号艇のsession_exh_rel_avg,0.0738,6号艇のwin_rate_rank_2to6,0.3167,6号艇のclass_rank_2to6,0.2069,6号艇のvs_avg456_diff,0.1123,6号艇のsession_exh_rel_avg,0.102,6号艇の全国勝率,0.0915,0.0724,南東 1.2m/s,[逃げ]1号艇のsession_exh_rel_avgが有利(+19.7pt)、1号艇のdominanceが不利(-17.7pt) / [2着]4号艇のclass_rank_2to6が有利(+11.4pt)、4号艇のwin_rate_rank_2to6が有利(+9.8pt) / [候補2]6号艇のwin_rate_rank_2to6が有利(+31.7pt)、6号艇のclass_rank_2to6が有利(+20.7pt)、天気+7.2pt
102,05,多摩川,6,13:31,0.5438611591029693,3,0.3570373895227513,2,0.2928288172586926,0.353436988482006,0.19190199238890374,0.4579642143925402,0.2720466737536488,0.38479515625516625,1-3,1-2,0.15925821997306414,0.1941787685089419,0.06713763287549049,0.10436804001479838,0.018918490639531934,True,True,False,False,一般,2026-09-12,1号艇のdominance,0.105,1号艇の級別順位,-0.073,風速区分,0.073,1号艇の勝率順位,-0.0683,1号艇のsession_exh_rel_avg,-0.0489,3号艇のwin_rate_rank_2to6,0.1271,3号艇の年齢,-0.1096,3号艇の節間得点,0.0529,1号艇vs4号艇のlocal_win_rate差,0.0434,3号艇のracer_2nd_te,0.0369,2号艇のsession_exh_rel_avg,0.085,2号艇のclass_rank_2to6,-0.0649,2号艇のsession_rank_diff_delta,0.05,2号艇のsession_rank_diff_last,0.0474,2号艇の当地勝率,-0.0457,0.0539,北東 1.2m/s,[逃げ]1号艇のdominanceが有利(+10.5pt)、1号艇の級別順位が不利(-7.3pt) / [2着]3号艇のwin_rate_rank_2to6が有利(+12.7pt)、3号艇の年齢が不利(-11.0pt) / [候補2]2号艇のsession_exh_rel_avgが有利(+8.5pt)、2号艇のclass_rank_2to6が不利(-6.5pt) / [除外]6号艇のwin_rate_rank_2to6が不利(-7.0pt)、4号艇のwin_rate_rank_2to6が不利(-5.7pt)、天気+5.4pt
103,21,芦屋,8,11:59,0.3976376199749111,3,0.5728567814800358,5,0.20243678331548975,0.30828588788715733,0.09952024049534808,0.6757733243001776,0.27146906504253515,0.41853211881106334,1-3,1-5,0.039572991569900975,0.22778940717420917,0.03748048860287609,0.08049648071294814,0.012298247471030005,True,True,False,False,予選,2026-09-12,1号艇のdominance,-0.276,1号艇のvs_max234_diff,-0.129,1号艇の級別順位,-0.0947,5号艇の枠別出走数,-0.0895,1号艇の全国勝率,-0.0702,3号艇のwin_rate_rank_2to6,0.2111,4号艇のモーター出走数,-0.092,3号艇のsession_exh_rel_avg,0.0908,6号艇のモーター出走数,0.0742,3号艇の全国勝率,0.0605,5号艇の年齢,0.1787,ST差分(5-4),0.1548,5号艇のwin_rate_rank_2to6,-0.0749,5号艇の枠別平均ST,0.0672,5号艇のsession_exh_rel_avg,-0.0654,0.0466,南東 1.6m/s,[逃げ]1号艇のdominanceが不利(-27.6pt)、1号艇のvs_max234_diffが不利(-12.9pt) / [2着]3号艇のwin_rate_rank_2to6が有利(+21.1pt)、4号艇のモーター出走数が不利(-9.2pt) / [候補2]5号艇の年齢が有利(+17.9pt)、ST差分(5-4)が有利(+15.5pt) / [除外]ST差分(6-5)が不利(-7.9pt)、5号艇の平均STが不利(-6.2pt)、天気+4.7pt
104,09,津,6,13:00,0.4642239264899548,2,0.3851341217473555,3,0.3226779355286745,0.32858329244561146,0.14705130552101836,0.5607607517550117,0.27060096989378535,0.39823653023843153,1-2,1-3,0.17878847422281766,0.14979481822279378,0.06826473444444112,0.017711578264748645,0.04966431095894029,True,True,False,False,予選,2026-09-12,1号艇のvs_max234_frame_diff,-0.0755,1号艇の級別順位,-0.0723,3号艇のracer_win_te,-0.0721,1号艇vs4号艇の枠別平均ST差,-0.0696,1号艇の節間得点,-0.0621,2号艇のsession_exh_rel_avg,0.0594,2号艇の全国勝率,0.0538,場特性:1x_diff_course2,0.0419,2号艇のwin_rate_rank_2to6,-0.0313,2号艇の全国2連率,0.0269,3号艇のwin_rate_rank_2to6,0.0647,3号艇のclass_rank_2to6,0.0376,5号艇のracer_win_te,-0.0341,3号艇の全国勝率,0.0335,6号艇のracer_2nd_te,-0.0301,-0.0167,南東 2.4m/s,[逃げ]1号艇のvs_max234_frame_diffが不利(-7.6pt)、1号艇の級別順位が不利(-7.2pt) / [2着]2号艇のsession_exh_rel_avgが有利(+5.9pt)、2号艇の全国勝率が有利(+5.4pt) / [候補2]3号艇のwin_rate_rank_2to6が有利(+6.5pt)、3号艇のclass_rank_2to6が有利(+3.8pt) / [除外]4号艇の女子戦2連率が不利(-12.8pt)、5号艇のracer_win_teが不利(-7.2pt)、天気-1.7pt
105,12,住之江,5,17:01,0.6796562425949148,6,0.30256260600330726,2,0.22066384948404882,0.3556141267627918,0.20314126845255484,0.32008518703480116,0.2689262410145024,0.3449554448443946,1-6,1-2,0.14997556281685845,0.11567292029097717,0.1380662312324283,0.0703029643087174,0.2056385639459334,True,False,False,False,住之江ファイ,2026-09-12,1号艇のsession_exh_rel_avg,-0.0833,風速区分,0.0812,1号艇のvs_max234_diff,0.08,場特性:in_escape_diff,0.0746,1号艇のracer_win_te,0.0739,6号艇のwin_rate_rank_2to6,0.3873,6号艇のvs_avg456_diff,0.1457,6号艇のclass_rank_2to6,0.14,6号艇のsession_exh_rel_avg,0.0975,6号艇の全国勝率,0.0951,2号艇のwin_rate_rank_2to6,-0.1544,2号艇の全国勝率,-0.0953,2号艇のsession_avg_finish,-0.0705,2号艇のモーター2連率,0.0643,3号艇の直近平均着順,0.0445,0.1921,北 0.8m/s,[逃げ]1号艇のsession_exh_rel_avgが不利(-8.3pt)、風速区分が有利(+8.1pt) / [2着]6号艇のwin_rate_rank_2to6が有利(+38.7pt)、6号艇のvs_avg456_diffが有利(+14.6pt) / [候補2]2号艇のwin_rate_rank_2to6が不利(-15.4pt)、2号艇の全国勝率が不利(-9.5pt) / [除外]3号艇のsession_exh_rel_avgが不利(-6.5pt)、天気+19.2pt
106,12,住之江,7,17:55,0.47029601128248144,2,0.3781082676678911,4,0.3459371004163575,0.3405156485975782,0.17897431929237756,0.5450710487918711,0.2673833808981934,0.40188226865586607,1-2,1-4,0.17782281011713802,0.08417090848520244,0.1626928384804402,0.036545262873708594,0.009064204465910972,True,False,False,False,予選,2026-09-12,1号艇のdominance,-0.1272,1号艇のsession_exh_rel_avg,-0.0964,1号艇の年齢,-0.0956,風速区分,0.0777,1号艇のモーター2連率順位,0.069,2号艇のclass_rank_2to6,0.0884,6号艇のsession_rank_diff_last,-0.0631,2号艇のwin_rate_rank_2to6,0.0606,2号艇の全国勝率,0.0546,2号艇のsession_exh_rel_avg,0.0483,4号艇のclass_rank_2to6,0.2179,4号艇のwin_rate_rank_2to6,0.195,4号艇の節間得点,-0.0819,4号艇のcumulative_diff_rank_2to6,-0.0591,1号艇vs2号艇の枠別平均ST差,-0.0504,0.0767,北東 0.4m/s,[逃げ]1号艇のdominanceが不利(-12.7pt)、1号艇のsession_exh_rel_avgが不利(-9.6pt) / [2着]2号艇のclass_rank_2to6が有利(+8.8pt)、6号艇のsession_rank_diff_lastが不利(-6.3pt) / [候補2]4号艇のclass_rank_2to6が有利(+21.8pt)、4号艇のwin_rate_rank_2to6が有利(+19.5pt) / [除外]6号艇のwin_rate_rank_2to6が不利(-6.7pt)、6号艇のvs_avg456_diffが不利(-5.3pt)、天気+7.7pt
107,10,三国,11,13:34,0.4309279228240477,3,0.47791853442922927,2,0.27894130309822146,0.3261520376546505,0.16366236072004633,0.5931974768074043,0.2620974627311943,0.40626566940047665,1-3,1-2,0.12020359633394967,0.2059484413207009,0.07052668114956959,0.026491675110772193,0.0077575317183857006,True,True,False,False,記者特選,2026-09-12,1号艇のracer_win_te,-0.0788,1号艇の級別順位,-0.0781,1号艇の勝率順位,-0.0685,3号艇のracer_win_te,-0.0616,1号艇の節間得点,-0.0582,3号艇のwin_rate_rank_2to6,0.1857,3号艇の一般戦2連率,0.0991,3号艇の当地勝率,0.0895,3号艇のclass_rank_2to6,0.0484,3号艇の全国勝率,0.0341,2号艇のwin_rate_rank_2to6,-0.1336,2号艇のsession_exh_rel_avg,0.0501,2号艇のモーター2連率,-0.0393,1号艇vs2号艇の枠別勝率差,0.0267,1号艇の女子戦2連率,0.0265,0.1286,南東 1.6m/s,[逃げ]1号艇のracer_win_teが不利(-7.9pt)、1号艇の級別順位が不利(-7.8pt) / [2着]3号艇のwin_rate_rank_2to6が有利(+18.6pt)、3号艇の一般戦2連率が有利(+9.9pt) / [候補2]2号艇のwin_rate_rank_2to6が不利(-13.4pt)、2号艇のsession_exh_rel_avgが有利(+5.0pt) / [除外]6号艇のwin_rate_rank_2to6が不利(-7.3pt)、場特性:1x_diff_course5が不利(-6.6pt)、天気+12.9pt
108,02,戸田,12,16:30,0.6078882447416569,2,0.3467105242259859,5,0.23293261486291164,0.352358250397294,0.21826896958402825,0.3613741695048693,0.260067603710916,0.3550630261295666,1-2,1-5,0.2107612520051943,0.13268314080200502,0.09534802138209203,0.14159699839209974,0.02749884801218709,True,False,False,False,記者選抜戦,2026-09-12,場特性:in_escape_diff,-0.2061,1号艇のracer_win_te,0.1794,風速区分,0.1064,1号艇のsession_exh_rel_avg,0.1038,1号艇の枠別出走数,-0.081,2号艇のsession_exh_rel_avg,-0.1756,2号艇の当地勝率,0.0824,2号艇の全国勝率,0.0565,レース時間帯,-0.0464,2号艇のwin_rate_rank_2to6,-0.0463,5号艇のwin_rate_rank_2to6,0.2071,5号艇のclass_rank_2to6,0.1443,5号艇のモーター2連率,0.0966,5号艇のsession_exh_rel_avg,0.0933,5号艇のracer_avgfin_te,0.0703,0.1017,北 0.8m/s,[逃げ]場特性:in_escape_diffが不利(-20.6pt)、1号艇のracer_win_teが有利(+17.9pt) / [2着]2号艇のsession_exh_rel_avgが不利(-17.6pt)、2号艇の当地勝率が有利(+8.2pt) / [候補2]5号艇のwin_rate_rank_2to6が有利(+20.7pt)、5号艇のclass_rank_2to6が有利(+14.4pt) / [除外]6号艇のsession_exh_rel_avgが不利(-8.2pt)、天気+10.2pt
109,06,浜名湖,5,13:29,0.6501757693432197,4,0.2881172117452019,5,0.26565137621856916,0.3600469177174533,0.2317917384124435,0.32197684955132755,0.2598998365561287,0.34862589726761556,1-4,1-5,0.12110410030874909,0.15070537184971278,0.18732682980746,0.17272008790999333,0.018319374623117588,True,True,False,False,予選,2026-09-12,1号艇のdominance,0.1116,1号艇のsession_exh_rel_avg,0.1061,1号艇の級別順位,-0.0811,1号艇のracer_win_te,0.0797,1号艇のvs_max234_frame_diff,0.0759,4号艇のwin_rate_rank_2to6,0.0717,4号艇のsession_exh_rel_avg,-0.0696,4号艇のclass_rank_2to6,0.0583,4号艇の年齢,0.0396,場×風向,-0.0335,5号艇のwin_rate_rank_2to6,0.2585,5号艇のsession_exh_rel_avg,-0.1604,5号艇のclass_rank_2to6,0.1442,5号艇のcumulative_diff_rank_2to6,0.0539,3号艇のsession_rank_diff_last,0.0487,-0.0725,南東 2.7m/s,[逃げ]1号艇のdominanceが有利(+11.2pt)、1号艇のsession_exh_rel_avgが有利(+10.6pt) / [2着]4号艇のwin_rate_rank_2to6が有利(+7.2pt)、4号艇のsession_exh_rel_avgが不利(-7.0pt) / [候補2]5号艇のwin_rate_rank_2to6が有利(+25.9pt)、5号艇のsession_exh_rel_avgが不利(-16.0pt) / [除外]6号艇のwin_rate_rank_2to6が不利(-8.0pt)、6号艇のvs_avg456_diffが不利(-7.4pt)、天気-7.3pt
110,10,三国,12,14:12,0.5858836781432679,2,0.3633797786205287,3,0.21086972132758441,0.3364434092015329,0.1988400610263396,0.37540943892177353,0.25616529558048184,0.34813321811760506,1-2,1-3,0.2128982812610818,0.12354512794045107,0.11649714631634371,0.11046617970891541,0.022476934186128825,True,True,False,False,シリーズ選抜,2026-09-12,race_no,0.1036,1号艇のracer_win_te,0.1005,風速区分,0.0719,1号艇の勝率順位,-0.0709,1号艇の級別順位,0.0674,2号艇のwin_rate_rank_2to6,0.0715,2号艇のsession_exh_rel_avg,0.0664,2号艇のclass_rank_2to6,-0.0522,2号艇の全国勝率,0.0516,2号艇のモーター2連率,-0.0487,3号艇のwin_rate_rank_2to6,-0.0924,3号艇の当地2連率,-0.0695,6号艇のracer_2nd_te,-0.0579,3号艇のcumulative_diff_rank_2to6,0.055,3号艇のracer_avgfin_te,0.0371,0.1359,南東 1.6m/s,[逃げ]race_noが有利(+10.4pt)、1号艇のracer_win_teが有利(+10.0pt) / [2着]2号艇のwin_rate_rank_2to6が有利(+7.2pt)、2号艇のsession_exh_rel_avgが有利(+6.6pt) / [候補2]3号艇のwin_rate_rank_2to6が不利(-9.2pt)、3号艇の当地2連率が不利(-6.9pt) / [除外]2号艇の直近1着率が不利(-6.4pt)、場特性:1x_diff_course5が不利(-6.0pt)、天気+13.6pt
111,08,常滑,9,14:40,0.36563054270861994,3,0.5752980066366635,2,0.2565863905985478,0.3041623436319435,0.13362884285096166,0.6982555543842497,0.2553885092098957,0.42239030685763534,1-3,1-2,0.09381582124619298,0.21034652238575052,0.048858786333122,0.010649849092107153,0.001959566290477129,True,True,False,False,予選特賞,2026-09-12,1号艇のdominance,-0.4032,1号艇のracer_win_te,-0.237,1号艇のvs_max234_diff,-0.164,1号艇の女子戦比率,-0.1528,1号艇の年齢,0.106,3号艇のwin_rate_rank_2to6,0.2248,win_rate_gap_top2_2to6,0.1139,3号艇の全国勝率,0.0672,3号艇のclass_rank_2to6,0.044,1号艇vs3号艇のplace_rate差,-0.0399,2号艇のwin_rate_rank_2to6,-0.0599,2号艇の全国勝率,-0.0582,2号艇の直近平均着順,-0.055,2号艇の体重,-0.049,2号艇の当地勝率,-0.0461,-0.0922,南東 4.4m/s,[逃げ]1号艇のdominanceが不利(-40.3pt)、1号艇のracer_win_teが不利(-23.7pt) / [2着]3号艇のwin_rate_rank_2to6が有利(+22.5pt)、win_rate_gap_top2_2to6が有利(+11.4pt) / [候補2]2号艇のwin_rate_rank_2to6が不利(-6.0pt)、2号艇の全国勝率が不利(-5.8pt) / [除外]6号艇の全国勝率が不利(-17.3pt)、6号艇の直近平均着順が不利(-15.6pt)、天気-9.2pt
112,06,浜名湖,10,16:04,0.408262662361647,2,0.47475225616659955,3,0.24644620359684885,0.2944384032741446,0.11207189550592415,0.6091265642575243,0.2548404793165393,0.3888448515691585,1-2,1-3,0.19382362006477458,0.10061478320937002,0.03845443821633435,0.02961505195690006,0.0457547704351649,True,False,False,False,予選特賞,2026-09-12,1号艇のsession_exh_rel_avg,-0.1644,1号艇vs2号艇のcumulative差,-0.0845,1号艇のracer_win_te,0.0739,ST差分(4-3),-0.0737,1号艇の節間得点,-0.0681,2号艇のwin_rate_rank_2to6,0.168,6号艇のsession_exh_rel_last,-0.0974,2号艇のclass_rank_2to6,0.0951,2号艇のsession_exh_rel_avg,0.0852,2号艇の節間得点,0.0638,3号艇のwin_rate_rank_2to6,-0.1332,3号艇のsession_exh_rel_avg,0.0903,3号艇のモーター2連率,0.0632,3号艇のcumulative_diff_rank_2to6,-0.0546,6号艇のracer_2nd_te,-0.0385,0.0763,南東 3.0m/s,[逃げ]1号艇のsession_exh_rel_avgが不利(-16.4pt)、1号艇vs2号艇のcumulative差が不利(-8.5pt) / [2着]2号艇のwin_rate_rank_2to6が有利(+16.8pt)、6号艇のsession_exh_rel_lastが不利(-9.7pt) / [候補2]3号艇のwin_rate_rank_2to6が不利(-13.3pt)、3号艇のsession_exh_rel_avgが有利(+9.0pt)、天気+7.6pt
113,21,芦屋,5,10:30,0.5087942487361932,4,0.4045566967223132,2,0.22457412743509597,0.32009814503395106,0.18387848852433492,0.44525233563307426,0.24946714932800756,0.357644402213688,1-4,1-2,0.11426202445392576,0.06701572159037102,0.2058361205800253,0.0935563174274857,0.028124072266010526,False,False,True,False,サンライズＺ,2026-09-12,3号艇の枠別出走数,-0.0818,1号艇の級別順位,0.0771,1号艇のracer_win_te,0.0737,1号艇の勝率順位,-0.0737,1号艇の節間得点,-0.0691,win_rate_gap_top2_2to6,-0.1915,4号艇のwin_rate_rank_2to6,0.1814,4号艇のclass_rank_2to6,-0.0849,1号艇のモーター出走数,0.0807,4号艇の全国勝率,0.07,2号艇のwin_rate_rank_2to6,-0.1721,2号艇のclass_rank_2to6,-0.0715,3号艇のracer_avgfin_te,0.0671,2号艇の当地勝率,0.0614,3号艇の年齢,0.0521,0.0624,南東 1.6m/s,[逃げ]3号艇の枠別出走数が不利(-8.2pt)、1号艇の級別順位が有利(+7.7pt) / [2着]win_rate_gap_top2_2to6が不利(-19.2pt)、4号艇のwin_rate_rank_2to6が有利(+18.1pt) / [候補2]2号艇のwin_rate_rank_2to6が不利(-17.2pt)、2号艇のclass_rank_2to6が不利(-7.2pt) / [除外]3号艇のracer_2nd_teが不利(-5.7pt)、3号艇のwin_rate_rank_2to6が不利(-5.2pt)、天気+6.2pt
114,10,三国,9,12:25,0.5332835053218019,3,0.3251136363881039,2,0.29267387129452443,0.3294558876410117,0.2180504805971144,0.39973702708551395,0.2432502700782059,0.35054022947436236,1-3,1-2,0.15607814800004588,0.17337773964096578,0.11628272462993272,0.07870086412955395,0.008844035377870155,True,True,False,False,予選特賞,2026-09-12,1号艇の級別順位,-0.0852,1号艇の勝率順位,-0.0818,1号艇のsession_exh_count,-0.065,風速区分,0.0638,1号艇のモーター2連率順位,-0.0608,3号艇のwin_rate_rank_2to6,0.1437,場特性:1x_diff_course3,-0.0349,3号艇のモーター2連率,0.0257,3号艇のcumulative_diff_rank_2to6,0.0254,3号艇の全国勝率,0.0232,2号艇のwin_rate_rank_2to6,-0.1223,2号艇の全国勝率,0.068,2号艇のsession_exh_rel_avg,0.0458,2号艇の当地勝率,-0.0299,2号艇の全国2連率,0.0269,0.0785,南東 1.6m/s,[逃げ]1号艇の級別順位が不利(-8.5pt)、1号艇の勝率順位が不利(-8.2pt) / [2着]3号艇のwin_rate_rank_2to6が有利(+14.4pt)、場特性:1x_diff_course3が不利(-3.5pt) / [候補2]2号艇のwin_rate_rank_2to6が不利(-12.2pt)、2号艇の全国勝率が有利(+6.8pt) / [除外]6号艇のwin_rate_rank_2to6が不利(-7.5pt)、場特性:1x_diff_course5が不利(-5.5pt)、天気+7.9pt
115,16,児島,9,15:02,0.5413954542519551,2,0.33755937885163695,4,0.262584780459326,0.3249153197468165,0.21920646324434304,0.38093769606661987,0.2394470740320911,0.34172203264275747,1-2,1-4,0.1827531132503898,0.08019795198891663,0.1421622064964267,0.1186773827431356,0.017604798764658734,True,False,False,False,これしか９じ,2026-09-12,1号艇のsession_exh_rel_avg,-0.1532,1号艇のsession_exh_rel_last,-0.0866,std_234_全国勝率,-0.0852,second_best_frame_win_rate,-0.0811,風速区分,0.0762,2号艇のsession_exh_rel_avg,0.0705,2号艇のwin_rate_rank_2to6,0.0557,2号艇のclass_rank_2to6,-0.0547,2号艇の全国勝率,-0.0439,2号艇のモーター2連率,-0.0358,4号艇のsession_exh_rel_avg,-0.1307,4号艇のwin_rate_rank_2to6,-0.1058,4号艇のclass_rank_2to6,-0.0887,場特性:1x_diff_course4,0.0716,3号艇の年齢,0.0594,0.0754,北東 1.8m/s,[逃げ]1号艇のsession_exh_rel_avgが不利(-15.3pt)、1号艇のsession_exh_rel_lastが不利(-8.7pt) / [2着]2号艇のsession_exh_rel_avgが有利(+7.0pt)、2号艇のwin_rate_rank_2to6が有利(+5.6pt) / [候補2]4号艇のsession_exh_rel_avgが不利(-13.1pt)、4号艇のwin_rate_rank_2to6が不利(-10.6pt) / [除外]6号艇のsession_exh_rel_avgが不利(-5.9pt)、天気+7.5pt
116,02,戸田,3,11:45,0.3626196082155698,2,0.3802737090810483,4,0.369310390041074,0.27181389234828485,0.10445286298065957,0.6451312361414627,0.23774380524385066,0.3838090954862382,1-2,1-4,0.1378947034016513,0.032873087337962674,0.13391918894663354,0.020055964848532747,0.03787665625104137,True,True,False,False,予選,2026-09-12,1号艇のsession_exh_rel_avg,-0.1736,場特性:in_escape_diff,-0.164,1号艇のdominance,-0.0892,1号艇の節間得点,-0.0768,1号艇の級別順位,-0.071,3号艇のracer_2nd_te,0.0833,3号艇のracer_win_te,0.057,2号艇の全国勝率,0.0531,2号艇のsession_exh_rel_avg,-0.0477,2号艇のモーター2連率,-0.0449,4号艇のwin_rate_rank_2to6,0.2256,4号艇のclass_rank_2to6,0.2242,4号艇のsession_exh_rel_avg,-0.0852,4号艇のモーター2連率,0.0782,4号艇の全国勝率,0.0753,-0.0121,北 1.2m/s,[逃げ]1号艇のsession_exh_rel_avgが不利(-17.4pt)、場特性:in_escape_diffが不利(-16.4pt) / [2着]3号艇のracer_2nd_teが有利(+8.3pt)、3号艇のracer_win_teが有利(+5.7pt) / [候補2]4号艇のwin_rate_rank_2to6が有利(+22.6pt)、4号艇のclass_rank_2to6が有利(+22.4pt)、天気-1.2pt
117,20,若松,4,16:43,0.5514223155279672,2,0.2903809717957852,3,0.2555560366859163,0.30104184934939127,0.17533052092651447,0.370606487555187,0.2377036602288592,0.32191124081113,1-2,1-3,0.1601225478528932,0.1409193014964981,0.09107091691182939,0.09668116183202331,0.06262838332630673,True,False,False,False,予選,2026-09-12,1号艇の節間得点,0.1336,1号艇の級別順位,-0.0885,1号艇のvs_max234_diff,0.087,1号艇のracer_win_te,-0.0722,avg_entry_count,-0.0609,2号艇のwin_rate_rank_2to6,-0.0492,2号艇のsession_exh_rel_avg,-0.048,2号艇のracer_avgfin_te,-0.0352,2号艇の全国勝率,0.0308,1号艇vs2号艇のcumulative差,-0.0287,3号艇のwin_rate_rank_2to6,-0.0971,6号艇のracer_2nd_te,-0.0795,3号艇のsession_exh_rel_last,-0.0696,3号艇のsession_exh_rel_avg,-0.0445,3号艇のracer_avgfin_te,0.0416,0.0132,東 2.4m/s,[逃げ]1号艇の節間得点が有利(+13.4pt)、1号艇の級別順位が不利(-8.9pt) / [2着]2号艇のwin_rate_rank_2to6が不利(-4.9pt)、2号艇のsession_exh_rel_avgが不利(-4.8pt) / [候補2]3号艇のwin_rate_rank_2to6が不利(-9.7pt)、6号艇のracer_2nd_teが不利(-8.0pt) / [除外]4号艇のwin_rate_rank_2to6が不利(-5.1pt)、天気+1.3pt
118,08,常滑,4,12:05,0.43740123230339656,5,0.42476616411097645,2,0.234914618676309,0.2885451873180279,0.17746937034814886,0.4822114124391366,0.22709566806564505,0.3466450548543605,1-5,1-2,0.10275194369510006,0.06942043031372822,0.07762532128638817,0.18579324362292787,0.001810294098135138,True,True,False,False,予選,2026-09-12,1号艇のdominance,-0.2536,1号艇のracer_win_te,-0.1646,1号艇のvs_max234_diff,0.084,場特性:in_escape_diff,0.0771,1号艇の年齢,0.0675,5号艇のwin_rate_rank_2to6,0.2499,5号艇のclass_rank_2to6,0.1643,5号艇の性別,-0.0981,1号艇vs5号艇のlocal_win_rate差,0.0759,3号艇のracer_avgfin_te,0.0671,win_rate_gap_top2_2to6,-0.0917,2号艇のwin_rate_rank_2to6,0.0537,2号艇の直近平均着順,-0.0472,全艇平均勝率,0.0393,2号艇の体重,-0.0374,0.0025,南 3.4m/s,[逃げ]1号艇のdominanceが不利(-25.4pt)、1号艇のracer_win_teが不利(-16.5pt) / [2着]5号艇のwin_rate_rank_2to6が有利(+25.0pt)、5号艇のclass_rank_2to6が有利(+16.4pt) / [候補2]win_rate_gap_top2_2to6が不利(-9.2pt)、2号艇のwin_rate_rank_2to6が有利(+5.4pt) / [除外]6号艇の全国勝率が不利(-17.0pt)、6号艇のvs_avg456_diffが不利(-13.1pt)、天気影響ほぼなし
119,16,児島,4,12:23,0.4544597303935317,3,0.41794720859106427,4,0.22502988381747635,0.2922071960652023,0.19315677959379401,0.4498203128147466,0.2244770349058981,0.33949113109006557,1-3,1-4,0.08778197797787846,0.18994017573502422,0.10226702033017807,0.03584183109842379,0.038628730331010455,True,True,False,False,コジマだ４っ,2026-09-12,1号艇のdominance,-0.3587,3号艇のracer_win_te,-0.1367,1号艇のvs_max234_diff,-0.125,1号艇の節間得点,0.1099,1号艇のsession_exh_rel_avg,-0.1073,3号艇のwin_rate_rank_2to6,0.2179,1号艇vs3号艇のplace_rate差,-0.0597,1号艇のvs_max234_diff,-0.0557,3号艇のsession_exh_rel_avg,0.0554,3号艇の全国勝率,0.0552,4号艇の節間得点,-0.1043,4号艇のclass_rank_2to6,0.1022,4号艇のwin_rate_rank_2to6,-0.0846,1号艇vs4号艇のcumulative差,-0.0817,4号艇の全国勝率,0.0653,0.0228,東 3.4m/s,[逃げ]1号艇のdominanceが不利(-35.9pt)、3号艇のracer_win_teが不利(-13.7pt) / [2着]3号艇のwin_rate_rank_2to6が有利(+21.8pt)、1号艇vs3号艇のplace_rate差が不利(-6.0pt) / [候補2]4号艇の節間得点が不利(-10.4pt)、4号艇のclass_rank_2to6が有利(+10.2pt) / [除外]6号艇のsession_exh_rel_avgが不利(-7.4pt)、2号艇のwin_rate_rank_2to6が不利(-5.3pt)、天気+2.3pt
120,20,若松,12,20:38,0.593665450836634,2,0.28576020957111026,3,0.24970539332646557,0.3178874285516994,0.2463241840277614,0.2891414188698144,0.2239233948108826,0.3092636256471339,1-2,1-3,0.16964596364620418,0.14824146490549522,0.12020816110241726,0.146234157762807,0.009335712818908978,False,False,False,False,一般特選,2026-09-12,1号艇のracer_win_te,0.1251,1号艇の年齢,-0.1245,3号艇のracer_win_te,-0.1081,1号艇の級別順位,-0.0985,1号艇の節間得点,0.0958,2号艇のsession_exh_rel_avg,0.1822,2号艇のwin_rate_rank_2to6,-0.1313,2号艇の全国勝率,0.0466,2号艇のcumulative_diff_rank_2to6,-0.0449,1号艇の女子戦2連率,0.0355,3号艇のsession_exh_rel_avg,-0.1389,3号艇の年齢,-0.1166,3号艇のclass_rank_2to6,0.0503,3号艇の節間得点,0.0488,3号艇のracer_win_te,0.0478,0.1181,東 1.9m/s,[逃げ]1号艇のracer_win_teが有利(+12.5pt)、1号艇の年齢が不利(-12.4pt) / [2着]2号艇のsession_exh_rel_avgが有利(+18.2pt)、2号艇のwin_rate_rank_2to6が不利(-13.1pt) / [候補2]3号艇のsession_exh_rel_avgが不利(-13.9pt)、3号艇の年齢が不利(-11.7pt) / [除外]6号艇のwin_rate_rank_2to6が不利(-7.5pt)、6号艇のvs_avg456_diffが不利(-5.8pt)、天気+11.8pt
121,12,住之江,1,15:17,0.46220341110500485,3,0.4111532200942204,4,0.2772232631858578,0.31816995869651954,0.25160081278924296,0.4367756704908353,0.22210777444072255,0.3537516722348143,1-3,1-4,0.11629075390797983,0.19003642081435548,0.128133537882164,0.020733919258832195,0.007008785698580373,True,False,False,False,予選,2026-09-12,3号艇のsession_exh_rel_avg,-0.1107,1号艇のdominance,-0.0988,1号艇のracer_win_te,-0.0955,1号艇の年齢,-0.0916,風速区分,0.0681,3号艇のsession_exh_rel_avg,0.0971,3号艇のsession_exh_rel_last,0.0802,3号艇のwin_rate_rank_2to6,0.0778,3号艇の当地勝率,-0.0613,場特性:1x_diff_course3,0.0462,4号艇のclass_rank_2to6,0.1975,4号艇のwin_rate_rank_2to6,0.1845,4号艇の直近複勝率,0.052,4号艇の当地勝率,0.0441,4号艇のcumulative_diff_rank_2to6,-0.0417,0.0698,北東 1.0m/s,[逃げ]3号艇のsession_exh_rel_avgが不利(-11.1pt)、1号艇のdominanceが不利(-9.9pt) / [2着]3号艇のsession_exh_rel_avgが有利(+9.7pt)、3号艇のsession_exh_rel_lastが有利(+8.0pt) / [候補2]4号艇のclass_rank_2to6が有利(+19.7pt)、4号艇のwin_rate_rank_2to6が有利(+18.4pt) / [除外]6号艇のwin_rate_rank_2to6が不利(-7.5pt)、6号艇のsession_exh_rel_avgが不利(-6.8pt)、天気+7.0pt
122,06,浜名湖,8,14:56,0.3979903626802819,4,0.47183323214557343,2,0.21016271388565763,0.2714278139074516,0.16033966613015593,0.5216562799010751,0.21920303983502093,0.3464963537055386,1-4,1-2,0.08364273472122519,0.06381364187517606,0.1877850791862264,0.053631366481165225,0.009117530038081514,True,True,False,False,ブレイクタイ,2026-09-12,4号艇のsession_exh_rel_avg,-0.2116,4号艇のsession_exh_rel_last,-0.161,1号艇の一般戦2連率,-0.0867,1号艇のdominance,-0.0803,場特性:in_escape_diff,-0.0659,4号艇のwin_rate_rank_2to6,0.2579,4号艇のclass_rank_2to6,0.2139,4号艇のsession_exh_rel_avg,0.1157,4号艇の全国勝率,0.0982,win_rate_gap_top2_2to6,0.0762,2号艇のwin_rate_rank_2to6,-0.1544,2号艇の全国勝率,-0.083,2号艇のsession_exh_rel_avg,-0.0588,2号艇のsession_avg_finish,-0.0567,2号艇のsession_rank_diff_last,0.0482,-0.0079,南東 2.8m/s,[逃げ]4号艇のsession_exh_rel_avgが不利(-21.2pt)、4号艇のsession_exh_rel_lastが不利(-16.1pt) / [2着]4号艇のwin_rate_rank_2to6が有利(+25.8pt)、4号艇のclass_rank_2to6が有利(+21.4pt) / [候補2]2号艇のwin_rate_rank_2to6が不利(-15.4pt)、2号艇の全国勝率が不利(-8.3pt) / [除外]6号艇のwin_rate_rank_2to6が不利(-8.2pt)、6号艇のvs_avg456_diffが不利(-6.5pt)、天気-0.8pt
123,09,津,7,13:32,0.38301909360289166,3,0.44542201759365796,2,0.26150267402837846,0.2707656546305761,0.16674861127174567,0.5401760803502907,0.21658589836289568,0.3515887823464905,1-3,1-2,0.10016051718108196,0.17060513744949413,0.027886155016798784,0.06386790194884495,0.020499374158956588,True,True,False,False,予選,2026-09-12,1号艇のracer_win_te,-0.1947,1号艇のdominance,-0.1919,1号艇の年齢,0.1456,1号艇のvs_max234_diff,-0.0986,1号艇の全国勝率,-0.0953,3号艇のwin_rate_rank_2to6,0.1741,3号艇のモーター2連率,0.1262,3号艇のclass_rank_2to6,0.0364,1号艇vs5号艇の直近複勝率差,-0.0343,1号艇vs4号艇のlocal_win_rate差,-0.0327,2号艇のwin_rate_rank_2to6,-0.14,2号艇のsession_exh_rel_avg,0.0632,6号艇の当地2連率,-0.0456,1号艇vs6号艇の直近複勝率差,-0.0448,2号艇の直近平均着順,-0.0367,0.0098,南東 2.1m/s,[逃げ]1号艇のracer_win_teが不利(-19.5pt)、1号艇のdominanceが不利(-19.2pt) / [2着]3号艇のwin_rate_rank_2to6が有利(+17.4pt)、3号艇のモーター2連率が有利(+12.6pt) / [候補2]2号艇のwin_rate_rank_2to6が不利(-14.0pt)、2号艇のsession_exh_rel_avgが有利(+6.3pt) / [除外]4号艇のwin_rate_rank_2to6が不利(-6.2pt)、天気+1.0pt
124,06,浜名湖,9,15:29,0.37449636058105273,3,0.5349385879272078,2,0.1564347521624664,0.25891679966634945,0.1422465502207496,0.5491267898689246,0.21472077381026727,0.345979796727122,1-3,1-2,0.058584245353242644,0.20033255431310681,0.03212601002037698,0.053270815362880676,0.03018274111187626,True,False,False,False,予選特賞,2026-09-12,1号艇のdominance,-0.1802,1号艇の年齢,-0.1436,1号艇のsession_exh_rel_avg,-0.1221,1号艇のvs_max234_diff,-0.0812,1号艇の全国勝率,-0.0623,3号艇のwin_rate_rank_2to6,0.2061,3号艇のsession_exh_rel_avg,-0.1126,3号艇の当地勝率,0.0694,2号艇のvs_boat3_diff,0.0563,3号艇のclass_rank_2to6,0.054,2号艇のwin_rate_rank_2to6,-0.2031,2号艇の全国勝率,-0.1904,2号艇のsession_avg_finish,-0.0842,2号艇のclass_rank_2to6,-0.0674,2号艇の直近平均着順,-0.0534,0.0234,南東 3.1m/s,[逃げ]1号艇のdominanceが不利(-18.0pt)、1号艇の年齢が不利(-14.4pt) / [2着]3号艇のwin_rate_rank_2to6が有利(+20.6pt)、3号艇のsession_exh_rel_avgが不利(-11.3pt) / [候補2]2号艇のwin_rate_rank_2to6が不利(-20.3pt)、2号艇の全国勝率が不利(-19.0pt)、天気+2.3pt
125,20,若松,1,15:20,0.35616058492421443,2,0.4969823641890139,3,0.2169667712423156,0.2542805416813595,0.1444786254544541,0.5694705099768754,0.21019481791103528,0.34883753217001423,1-2,1-3,0.17700552952657816,0.07727501215478134,0.05145759175090487,0.04653220015283092,0.003890250509868146,True,False,False,False,予選,2026-09-12,1号艇のracer_win_te,-0.2258,1号艇の年齢,-0.2058,1号艇のsession_exh_rel_avg,-0.1333,1号艇の直近1着率,-0.0738,1号艇の級別順位,0.0717,2号艇の枠別出走数,-0.0763,2号艇のwin_rate_rank_2to6,0.0582,2号艇のsession_exh_rel_avg,0.046,5号艇の年齢,-0.0444,2号艇の節間得点,-0.0425,3号艇のsession_exh_rel_avg,-0.1632,3号艇のwin_rate_rank_2to6,-0.0704,3号艇の節間得点,-0.0609,3号艇のracer_2nd_te,-0.0579,3号艇の当地勝率,-0.0566,0.0431,東 2.8m/s,[逃げ]1号艇のracer_win_teが不利(-22.6pt)、1号艇の年齢が不利(-20.6pt) / [2着]2号艇の枠別出走数が不利(-7.6pt)、2号艇のwin_rate_rank_2to6が有利(+5.8pt) / [候補2]3号艇のsession_exh_rel_avgが不利(-16.3pt)、3号艇のwin_rate_rank_2to6が不利(-7.0pt) / [除外]5号艇の直近平均着順が不利(-29.0pt)、ST差分(6-5)が不利(-7.3pt)、天気+4.3pt
126,08,常滑,3,11:35,0.43022437504342126,5,0.37253662733696685,3,0.22919699064463744,0.2588804697387525,0.18332317266799897,0.41841044531360533,0.2019299228736045,0.3067394624112083,1-5,1-3,0.04617121821387522,0.09860613206192201,0.07887009739206706,0.1602743376768305,0.04630258489059441,True,True,False,False,予選,2026-09-12,1号艇のdominance,-0.3337,1号艇のracer_win_te,-0.1442,1号艇の女子戦比率,-0.1239,1号艇のvs_max234_diff,0.0994,1号艇vs5号艇の直近複勝率差,0.0805,5号艇のwin_rate_rank_2to6,0.2276,5号艇のclass_rank_2to6,0.1742,1号艇の女子戦2連率,0.1219,1号艇vs6号艇の直近複勝率差,0.0926,1号艇vs5号艇のplace_rate差,-0.0921,win_rate_gap_top2_2to6,0.0926,3号艇のracer_avgfin_te,-0.0889,3号艇のwin_rate_rank_2to6,-0.0882,3号艇の全国勝率,-0.0832,6号艇の女子戦比率,0.0764,-0.0284,南西 2.4m/s,[逃げ]1号艇のdominanceが不利(-33.4pt)、1号艇のracer_win_teが不利(-14.4pt) / [2着]5号艇のwin_rate_rank_2to6が有利(+22.8pt)、5号艇のclass_rank_2to6が有利(+17.4pt) / [候補2]win_rate_gap_top2_2to6が有利(+9.3pt)、3号艇のracer_avgfin_teが不利(-8.9pt) / [除外]4号艇のwin_rate_rank_2to6が不利(-5.6pt)、2号艇のwin_rate_rank_2to6が不利(-5.6pt)、天気-2.8pt
127,02,戸田,9,14:48,0.345009739786291,3,0.36731722317773785,4,0.3264057673214588,0.23934118843589547,0.15751556971994393,0.5362074207792527,0.19410123205118124,0.32840105813890264,1-3,1-4,0.054344405721367235,0.12672801958757432,0.11261316884832116,0.04693180403434009,0.004392337256930861,True,True,False,False,戸田特賞,2026-09-12,4号艇のsession_exh_rel_last,-0.2479,4号艇のsession_exh_rel_avg,-0.2327,場特性:in_escape_diff,-0.1673,1号艇のsession_exh_rel_avg,0.0884,4号艇のモーター2連率,-0.08,3号艇のsession_exh_rel_avg,0.1178,3号艇のwin_rate_rank_2to6,-0.0668,6号艇のsession_exh_rel_last,0.0664,1号艇のsession_exh_rel_avg,0.0548,1号艇のsession_exh_rel_last,0.0503,4号艇のsession_exh_rel_avg,0.1441,4号艇のモーター2連率,0.1113,4号艇のwin_rate_rank_2to6,0.1031,4号艇の全国勝率,0.0945,4号艇のcumulative_diff_rank_2to6,0.0646,0.0673,北東 1.1m/s,[逃げ]4号艇のsession_exh_rel_lastが不利(-24.8pt)、4号艇のsession_exh_rel_avgが不利(-23.3pt) / [2着]3号艇のsession_exh_rel_avgが有利(+11.8pt)、3号艇のwin_rate_rank_2to6が不利(-6.7pt) / [候補2]4号艇のsession_exh_rel_avgが有利(+14.4pt)、4号艇のモーター2連率が有利(+11.1pt) / [除外]6号艇のwin_rate_rank_2to6が不利(-7.8pt)、6号艇のvs_avg456_diffが不利(-5.5pt)、天気+6.7pt
128,05,多摩川,9,15:04,0.30678629626952947,3,0.3950956559872643,2,0.327606943170216,0.22171525369988573,0.1051794216310954,0.6175231775263849,0.19373139511875107,0.3404576308478354,1-3,1-2,0.10050532072737278,0.12120993297251297,0.025511588230906664,0.032267605205974985,0.027291849132762072,True,False,False,False,一般,2026-09-12,1号艇のdominance,-0.3067,1号艇のracer_win_te,-0.2269,1号艇の全国2連率,-0.1067,1号艇の年齢,-0.1057,1号艇の級別順位,-0.0895,6号艇のracer_2nd_te,-0.0662,3号艇のwin_rate_rank_2to6,0.0624,3号艇のclass_rank_2to6,0.0334,3号艇の当地勝率,-0.033,3号艇のsession_exh_rel_avg,0.0321,2号艇のwin_rate_rank_2to6,-0.0544,2号艇のsession_exh_rel_avg,-0.0516,1号艇vs6号艇の直近複勝率差,-0.0492,1号艇の年齢,0.0488,2号艇の当地勝率,-0.0408,0.0298,北東 1.1m/s,[逃げ]1号艇のdominanceが不利(-30.7pt)、1号艇のracer_win_teが不利(-22.7pt) / [2着]6号艇のracer_2nd_teが不利(-6.6pt)、3号艇のwin_rate_rank_2to6が有利(+6.2pt) / [候補2]2号艇のwin_rate_rank_2to6が不利(-5.4pt)、2号艇のsession_exh_rel_avgが不利(-5.2pt) / [除外]5号艇のsession_exh_rel_avgが不利(-5.9pt)、4号艇のwin_rate_rank_2to6が不利(-5.8pt)、天気+3.0pt
129,20,若松,2,15:51,0.4813736391617867,4,0.28331121581647434,2,0.2715359048389453,0.2670887776483383,0.23693097655088352,0.3179161441045361,0.19115085175153523,0.28233698758519765,1-4,1-2,0.1307102266754117,0.09940157831277144,0.1363785509729266,0.11405232641245476,0.000830964269464364,True,False,False,False,予選,2026-09-12,1号艇のracer_win_te,-0.0799,ST差分(4-3),-0.0607,1号艇のモーター2連率順位,-0.0577,1号艇のvs_max234_frame_diff,-0.0565,1号艇のvs_max234_diff,0.0537,4号艇のwin_rate_rank_2to6,0.1313,4号艇のsession_exh_rel_avg,0.0802,4号艇のclass_rank_2to6,-0.0675,3号艇の年齢,0.0604,6号艇のsession_exh_rel_delta,-0.0538,2号艇のsession_exh_rel_avg,-0.1134,2号艇の女子戦比率,-0.0464,2号艇のwin_rate_rank_2to6,-0.0378,ST差分(6-5),0.0363,2号艇の全国勝率,-0.0353,-0.0003,東 2.7m/s,[逃げ]1号艇のracer_win_teが不利(-8.0pt)、ST差分(4-3)が不利(-6.1pt) / [2着]4号艇のwin_rate_rank_2to6が有利(+13.1pt)、4号艇のsession_exh_rel_avgが有利(+8.0pt) / [候補2]2号艇のsession_exh_rel_avgが不利(-11.3pt)、2号艇の女子戦比率が不利(-4.6pt) / [除外]6号艇の直近平均着順が不利(-26.7pt)、6号艇の全国勝率が不利(-17.2pt)、天気影響ほぼなし
130,02,戸田,8,14:16,0.35171332048512216,5,0.3515014913190946,2,0.3025275208339145,0.2300307155579391,0.16363634282019182,0.4903926693328172,0.18486105352168355,0.3081393016904025,1-5,1-2,0.10640295889062804,0.05755308148533145,0.03477605128332291,0.1236277566673111,0.029353461676654927,True,True,False,False,予選,2026-09-12,場特性:in_escape_diff,-0.1551,3号艇の枠別出走数,-0.1495,1号艇の級別順位,-0.0902,1号艇のsession_exh_rel_last,-0.0767,場特性:1x_diff_course2,-0.0567,5号艇のwin_rate_rank_2to6,0.2842,5号艇のclass_rank_2to6,0.2081,5号艇のsession_exh_rel_avg,-0.1351,3号艇の年齢,0.1344,3号艇の枠別平均ST,0.0833,2号艇のsession_exh_rel_avg,-0.1313,2号艇のwin_rate_rank_2to6,0.0594,2号艇のモーター2連率,-0.0504,2号艇の全国勝率,0.0433,5号艇の直近平均着順,-0.0314,-0.0589,北東 1.3m/s,[逃げ]場特性:in_escape_diffが不利(-15.5pt)、3号艇の枠別出走数が不利(-15.0pt) / [2着]5号艇のwin_rate_rank_2to6が有利(+28.4pt)、5号艇のclass_rank_2to6が有利(+20.8pt) / [候補2]2号艇のsession_exh_rel_avgが不利(-13.1pt)、2号艇のwin_rate_rank_2to6が有利(+5.9pt)、天気-5.9pt
131,09,津,3,11:27,0.2840641108695685,3,0.38940897454792484,2,0.33302042891081074,0.20521626615953847,0.09916889714398497,0.6232605063147505,0.18079498121028098,0.3306295382061021,1-3,1-2,0.0945991520399518,0.1106171141195867,0.024625473754604093,0.02605204636230412,0.02817032459312178,True,True,False,False,予選,2026-09-12,1号艇のdominance,-0.3669,1号艇のracer_win_te,-0.1982,1号艇のvs_max234_diff,-0.0921,1号艇の全国勝率,-0.0877,1号艇の級別順位,-0.0833,3号艇のwin_rate_rank_2to6,0.0597,1号艇vs6号艇のplace_rate差,0.0377,6号艇の直近平均着順,0.0325,1号艇vs2号艇のplace_rate差,0.0324,1号艇の一般戦2連率,0.0322,2号艇の全国勝率,0.0657,ST差分(3-2),-0.0614,2号艇のsession_exh_rel_avg,0.0464,場特性:1x_diff_course2,0.0456,5号艇のracer_2nd_te,-0.0376,-0.0133,南東 2.2m/s,[逃げ]1号艇のdominanceが不利(-36.7pt)、1号艇のracer_win_teが不利(-19.8pt) / [2着]3号艇のwin_rate_rank_2to6が有利(+6.0pt)、1号艇vs6号艇のplace_rate差が有利(+3.8pt) / [候補2]2号艇の全国勝率が有利(+6.6pt)、ST差分(3-2)が不利(-6.1pt) / [除外]4号艇のwin_rate_rank_2to6が不利(-5.9pt)、天気-1.3pt
132,12,住之江,3,16:06,0.3964308461740186,4,0.30967522895598554,3,0.2731828222620256,0.23106291044369562,0.20521962630175994,0.3776384249162512,0.17416053748355295,0.2750355647854623,1-4,1-3,0.07407868387936586,0.10829809738954134,0.12276481305415429,0.08135539010632258,0.009933866175094454,True,False,False,False,予選,2026-09-12,1号艇のdominance,-0.3685,1号艇のracer_win_te,-0.2351,1号艇のsession_exh_rel_avg,0.142,1号艇の年齢,0.1004,1号艇の全国2連率,-0.0775,4号艇のsession_exh_rel_avg,0.0853,4号艇のwin_rate_rank_2to6,-0.0718,4号艇のclass_rank_2to6,-0.0656,1号艇のracer_2nd_te,0.0481,4号艇の全国勝率,-0.0401,3号艇のwin_rate_rank_2to6,-0.1384,3号艇の女子戦勝率,0.1163,3号艇のracer_avgfin_te,-0.1018,3号艇の全国勝率,-0.1001,3号艇のsession_exh_rel_avg,0.0859,0.0867,北 1.1m/s,[逃げ]1号艇のdominanceが不利(-36.8pt)、1号艇のracer_win_teが不利(-23.5pt) / [2着]4号艇のsession_exh_rel_avgが有利(+8.5pt)、4号艇のwin_rate_rank_2to6が不利(-7.2pt) / [候補2]3号艇のwin_rate_rank_2to6が不利(-13.8pt)、3号艇の女子戦勝率が有利(+11.6pt) / [除外]6号艇のwin_rate_rank_2to6が不利(-7.0pt)、6号艇のvs_avg456_diffが不利(-6.1pt)、天気+8.7pt
133,12,住之江,6,17:28,0.4186239645152093,3,0.29701188430414394,2,0.29358479041820795,0.24723792140177042,0.2511254049026327,0.3394712698197192,0.17273265365860457,0.274907925927155,1-3,1-2,0.12290162888623704,0.1243362925155334,0.0453130378410502,0.10512711259082727,0.020945889562569823,True,False,False,False,予選特別Ｂ戦,2026-09-12,1号艇のdominance,-0.2489,1号艇の級別順位,-0.0921,1号艇のsession_exh_rel_avg,-0.0755,1号艇のsession_avg_finish,-0.0636,1号艇のvs_max234_diff,0.0575,3号艇のsession_exh_rel_avg,-0.1342,3号艇のwin_rate_rank_2to6,-0.0536,場特性:1x_diff_course3,0.0426,3号艇の全国勝率,0.0387,1号艇vs6号艇の直近複勝率差,0.0372,2号艇のwin_rate_rank_2to6,-0.1295,2号艇のsession_exh_rel_avg,0.0724,2号艇のclass_rank_2to6,-0.0616,2号艇のsession_avg_finish,0.0354,2号艇の当地勝率,-0.0311,0.0605,北東 0.6m/s,[逃げ]1号艇のdominanceが不利(-24.9pt)、1号艇の級別順位が不利(-9.2pt) / [2着]3号艇のsession_exh_rel_avgが不利(-13.4pt)、3号艇のwin_rate_rank_2to6が不利(-5.4pt) / [候補2]2号艇のwin_rate_rank_2to6が不利(-13.0pt)、2号艇のsession_exh_rel_avgが有利(+7.2pt) / [除外]4号艇のwin_rate_rank_2to6が不利(-5.5pt)、天気+6.0pt
134,16,児島,3,11:55,0.3235832935409415,2,0.4145234632937908,3,0.2357219800981381,0.2104085621827502,0.14922188005009085,0.5010235633418381,0.17273148870969446,0.29759306253047657,1-2,1-3,0.1341328675026024,0.07627569468014779,0.03359012939450201,0.04828570741497971,0.03129888611061765,True,True,False,False,一般,2026-09-12,1号艇のdominance,-0.2296,1号艇のracer_win_te,-0.2174,1号艇の級別順位,-0.0824,1号艇の全国勝率,-0.0815,1号艇のsession_exh_rel_avg,-0.0719,2号艇のwin_rate_rank_2to6,0.1523,2号艇のsession_exh_rel_avg,0.1021,2号艇のモーター2連率,-0.0557,1号艇vs2号艇のplace_rate差,-0.0556,2号艇の全国勝率,0.054,3号艇のwin_rate_rank_2to6,-0.1298,3号艇のcumulative_diff_rank_2to6,-0.0563,3号艇のracer_avgfin_te,0.0435,3号艇の体重,-0.0356,3号艇の当地勝率,-0.0352,0.0441,東 3.5m/s,[逃げ]1号艇のdominanceが不利(-23.0pt)、1号艇のracer_win_teが不利(-21.7pt) / [2着]2号艇のwin_rate_rank_2to6が有利(+15.2pt)、2号艇のsession_exh_rel_avgが有利(+10.2pt) / [候補2]3号艇のwin_rate_rank_2to6が不利(-13.0pt)、3号艇のcumulative_diff_rank_2to6が不利(-5.6pt) / [除外]2号艇のracer_2nd_teが不利(-6.6pt)、4号艇のwin_rate_rank_2to6が不利(-5.6pt)、天気+4.4pt
135,20,若松,3,16:18,0.39207294781656366,3,0.2969090805139246,2,0.29448301250873343,0.23186884122680096,0.21571504854438578,0.37567704447827227,0.17184772321739714,0.27501130220224235,1-3,1-2,0.11545882279620111,0.11641001843059987,0.05122998955970362,0.08457603497119046,0.02439807913769751,True,False,False,False,予選,2026-09-12,1号艇のdominance,-0.1426,1号艇の直近1着率,-0.1254,5号艇の節間得点,-0.1128,1号艇のsession_exh_rel_avg,-0.0951,1号艇の一般戦勝率,0.0619,5号艇の節間得点,-0.0578,3号艇の節間得点,0.0486,3号艇のwin_rate_rank_2to6,0.0477,5号艇の一般戦2連率,-0.0471,1号艇vs3号艇の直近複勝率差,0.044,2号艇のsession_exh_rel_avg,-0.0793,2号艇のclass_rank_2to6,-0.0472,1号艇の直近複勝率,0.0432,1号艇vs6号艇の直近複勝率差,-0.0385,3号艇の女子戦勝率,0.0348,0.0274,東 2.6m/s,[逃げ]1号艇のdominanceが不利(-14.3pt)、1号艇の直近1着率が不利(-12.5pt) / [2着]5号艇の節間得点が不利(-5.8pt)、3号艇の節間得点が有利(+4.9pt) / [候補2]2号艇のsession_exh_rel_avgが不利(-7.9pt)、2号艇のclass_rank_2to6が不利(-4.7pt) / [除外]6号艇のwin_rate_rank_2to6が不利(-6.6pt)、天気+2.7pt
136,06,浜名湖,2,12:08,0.4038227121627002,3,0.33058495094016194,2,0.2355137977600697,0.22860353205203837,0.21526312703196449,0.3508356216682671,0.16955163865994993,0.26527315893690695,1-3,1-2,0.09510582056320901,0.13349771148882938,0.049297341794520506,0.0389937015381832,0.08692813978667177,True,True,False,False,予選,2026-09-12,1号艇のdominance,-0.2346,1号艇のsession_exh_rel_avg,0.1305,1号艇のracer_win_te,-0.0959,1号艇の級別順位,-0.0926,1号艇の全国勝率,-0.0696,3号艇のsession_exh_rel_avg,-0.1676,3号艇の節間得点,-0.0699,6号艇のracer_2nd_te,-0.0512,3号艇のwin_rate_rank_2to6,0.0477,3号艇のcumulative_diff_rank_2to6,-0.0443,2号艇のwin_rate_rank_2to6,-0.1676,2号艇の全国勝率,-0.066,2号艇のsession_exh_rel_avg,0.0646,2号艇のsession_avg_finish,0.0566,2号艇のclass_rank_2to6,-0.0531,-0.0114,南東 2.2m/s,[逃げ]1号艇のdominanceが不利(-23.5pt)、1号艇のsession_exh_rel_avgが有利(+13.1pt) / [2着]3号艇のsession_exh_rel_avgが不利(-16.8pt)、3号艇の節間得点が不利(-7.0pt) / [候補2]2号艇のwin_rate_rank_2to6が不利(-16.8pt)、2号艇の全国勝率が不利(-6.6pt) / [除外]5号艇のsession_exh_rel_avgが不利(-5.1pt)、天気-1.1pt
137,09,津,4,11:57,0.2800948247701436,2,0.4389508222387146,4,0.27862136861217335,0.2009882570563075,0.13749058133283296,0.580081609518055,0.167827466291814,0.3147162627948317,1-2,1-4,0.12294785363766321,0.03851040028596502,0.07804040341864428,0.03423941749764839,0.006356742365322321,True,True,False,False,予選,2026-09-12,1号艇のdominance,-0.2467,1号艇のracer_win_te,-0.168,1号艇の年齢,0.112,6号艇の枠別出走数,-0.0891,1号艇のvs_max234_diff,-0.0862,2号艇のwin_rate_rank_2to6,0.1861,2号艇のclass_rank_2to6,0.084,2号艇の全国勝率,0.0658,3号艇のモーター出走数,0.0551,1号艇のracer_avgfin_te,-0.0521,4号艇のwin_rate_rank_2to6,0.0859,1号艇のモーター出走数,0.0592,4号艇のcumulative_diff_rank_2to6,0.0585,3号艇の年齢,0.0511,4号艇のclass_rank_2to6,0.0414,-0.0061,南東 2.4m/s,[逃げ]1号艇のdominanceが不利(-24.7pt)、1号艇のracer_win_teが不利(-16.8pt) / [2着]2号艇のwin_rate_rank_2to6が有利(+18.6pt)、2号艇のclass_rank_2to6が有利(+8.4pt) / [候補2]4号艇のwin_rate_rank_2to6が有利(+8.6pt)、1号艇のモーター出走数が有利(+5.9pt) / [除外]6号艇のwin_rate_rank_2to6が不利(-6.2pt)、1号艇の年齢が不利(-6.1pt)、天気-0.6pt
138,17,宮島,9,14:47,0.3611270260970445,2,0.34646399749709755,4,0.3364425572159876,0.24661601320571505,0.272102253250163,0.41080430146292213,0.1660902857486986,0.29587249968287715,1-2,1-4,0.1251175130658207,0.09826347751053623,0.12149850013989434,0.013151543714326001,0.0030959839309749,True,True,False,False,一般戦,2026-09-12,1号艇のdominance,-0.2331,1号艇のracer_win_te,-0.1668,1号艇の級別順位,-0.105,1号艇の直近1着率,-0.0945,6号艇の枠別出走数,-0.0844,1号艇の直近複勝率,0.0482,2号艇のwin_rate_rank_2to6,-0.0435,2号艇のracer_avgfin_te,-0.0414,2号艇の当地勝率,-0.0406,2号艇のsession_exh_rel_avg,0.0398,4号艇のwin_rate_rank_2to6,0.2057,4号艇のclass_rank_2to6,0.2037,4号艇のcumulative_diff_rank_2to6,-0.0759,4号艇の節間得点,-0.0684,4号艇のracer_2nd_te,0.0524,0.0508,南西 0.4m/s,[逃げ]1号艇のdominanceが不利(-23.3pt)、1号艇のracer_win_teが不利(-16.7pt) / [2着]1号艇の直近複勝率が有利(+4.8pt)、2号艇のwin_rate_rank_2to6が不利(-4.3pt) / [候補2]4号艇のwin_rate_rank_2to6が有利(+20.6pt)、4号艇のclass_rank_2to6が有利(+20.4pt) / [除外]6号艇の直近平均着順が不利(-9.5pt)、6号艇のwin_rate_rank_2to6が不利(-8.8pt)、天気+5.1pt
139,21,芦屋,7,11:29,0.40800211697002225,2,0.30138459647175175,3,0.2230112139109293,0.21395460076634423,0.20677498915406392,0.3176208212286171,0.16086604846283672,0.24505446690502608,1-2,1-3,0.12296555338263061,0.09098904738371362,0.07749628092700597,0.08436463331131147,0.032186598925507945,True,True,False,False,予選,2026-09-12,1号艇のracer_win_te,-0.1998,1号艇vs2号艇のcumulative差,-0.0975,6号艇のモーター出走数,-0.0953,1号艇の級別順位,0.0846,1号艇のdominance,0.0837,2号艇のsession_exh_rel_avg,-0.0847,3号艇の全国勝率,-0.0626,2号艇の全国勝率,-0.0548,1号艇の直近複勝率,0.0533,4号艇のモーター出走数,0.0451,3号艇のsession_exh_rel_avg,-0.2137,3号艇のwin_rate_rank_2to6,-0.1056,6号艇のモーター出走数,0.0646,3号艇の当地勝率,-0.0619,second_best_win_rate,0.0565,0.0772,南東 1.6m/s,[逃げ]1号艇のracer_win_teが不利(-20.0pt)、1号艇vs2号艇のcumulative差が不利(-9.7pt) / [2着]2号艇のsession_exh_rel_avgが不利(-8.5pt)、3号艇の全国勝率が不利(-6.3pt) / [候補2]3号艇のsession_exh_rel_avgが不利(-21.4pt)、3号艇のwin_rate_rank_2to6が不利(-10.6pt) / [除外]6号艇のsession_exh_rel_avgが不利(-5.6pt)、天気+7.7pt
140,12,住之江,4,16:32,0.22462991832123624,2,0.4223698994205295,3,0.34025411765261565,0.17130817066495366,0.09149054508624915,0.671133471986896,0.15250047717071588,0.32125576106153636,1-2,1-3,0.09487691600818231,0.07643125465677136,0.015470112484235287,0.02055151366988953,0.017300119828534414,True,False,False,False,予選,2026-09-12,1号艇のdominance,-0.3412,1号艇のracer_win_te,-0.2384,1号艇のsession_exh_rel_avg,-0.1827,1号艇の年齢,-0.1409,1号艇の級別順位,-0.0993,2号艇のsession_exh_rel_avg,0.1044,2号艇のclass_rank_2to6,0.0728,2号艇のwin_rate_rank_2to6,0.0445,2号艇の全国勝率,0.0362,4号艇の一般戦勝率,0.0308,3号艇のwin_rate_rank_2to6,-0.1419,3号艇のsession_exh_rel_avg,0.0946,3号艇のモーター2連率,0.0894,3号艇の全国勝率,-0.0719,場特性:1x_diff_course3,0.0647,0.0311,北 1.0m/s,[逃げ]1号艇のdominanceが不利(-34.1pt)、1号艇のracer_win_teが不利(-23.8pt) / [2着]2号艇のsession_exh_rel_avgが有利(+10.4pt)、2号艇のclass_rank_2to6が有利(+7.3pt) / [候補2]3号艇のwin_rate_rank_2to6が不利(-14.2pt)、3号艇のsession_exh_rel_avgが有利(+9.5pt) / [除外]4号艇のwin_rate_rank_2to6が不利(-6.1pt)、天気+3.1pt
141,05,多摩川,2,11:32,0.3283316980669994,4,0.39567056428867253,2,0.20402663004034308,0.19689959814006103,0.18975855807587197,0.40993863625314364,0.1520635375455291,0.2608113095739858,1-4,1-2,0.06698840989203332,0.06230374959579637,0.12991118824802772,0.03807728345448781,0.031051064430392405,True,True,False,False,一般,2026-09-12,1号艇のdominance,-0.1987,6号艇の枠別出走数,-0.1966,1号艇のsession_exh_rel_avg,-0.141,1号艇のracer_win_te,-0.1229,1号艇の級別順位,-0.0884,4号艇のclass_rank_2to6,0.1623,4号艇のwin_rate_rank_2to6,0.0955,4号艇のsession_exh_rel_avg,-0.079,4号艇の節間得点,0.0498,4号艇の年齢,0.0423,2号艇のwin_rate_rank_2to6,-0.138,2号艇の全国勝率,-0.0825,2号艇の節間得点,-0.0753,2号艇のsession_avg_finish,-0.0709,2号艇のclass_rank_2to6,-0.0499,0.056,北 1.8m/s,[逃げ]1号艇のdominanceが不利(-19.9pt)、6号艇の枠別出走数が不利(-19.7pt) / [2着]4号艇のclass_rank_2to6が有利(+16.2pt)、4号艇のwin_rate_rank_2to6が有利(+9.6pt) / [候補2]2号艇のwin_rate_rank_2to6が不利(-13.8pt)、2号艇の全国勝率が不利(-8.3pt)、天気+5.6pt
142,02,戸田,4,12:14,0.24252591453008032,2,0.4119003766944326,4,0.31897266859040263,0.17725565371308946,0.14199219307198807,0.5888808522128471,0.1470529509069329,0.30074321326301673,1-2,1-4,0.09989651555310185,0.034436786480915645,0.07735913815998763,0.0198380747062887,0.010995402791964549,True,True,False,False,予選,2026-09-12,1号艇のdominance,-0.2194,場特性:in_escape_diff,-0.142,1号艇のsession_exh_rel_avg,0.1238,1号艇の級別順位,-0.0775,1号艇vs2号艇のcumulative差,-0.0767,2号艇のwin_rate_rank_2to6,0.1757,2号艇の当地勝率,0.1178,2号艇のclass_rank_2to6,0.0927,2号艇のsession_exh_rel_avg,-0.0762,6号艇のsession_exh_rel_last,-0.0758,4号艇のwin_rate_rank_2to6,0.1025,4号艇のsession_exh_rel_avg,0.0742,3号艇の枠別平均ST,0.0542,4号艇の年齢,0.0486,4号艇の全国勝率,0.0472,-0.01,北 1.2m/s,[逃げ]1号艇のdominanceが不利(-21.9pt)、場特性:in_escape_diffが不利(-14.2pt) / [2着]2号艇のwin_rate_rank_2to6が有利(+17.6pt)、2号艇の当地勝率が有利(+11.8pt) / [候補2]4号艇のwin_rate_rank_2to6が有利(+10.2pt)、4号艇のsession_exh_rel_avgが有利(+7.4pt) / [除外]2号艇の直近1着率が不利(-7.2pt)、6号艇のwin_rate_rank_2to6が不利(-6.1pt)、天気-1.0pt
143,10,三国,8,11:51,0.3072936041468989,2,0.3648637286449319,4,0.2952895059275441,0.2028608667410093,0.26897253179346614,0.39118070277900985,0.13738406562603384,0.25935681755240947,1-2,1-4,0.11212029019777722,0.08265353871133056,0.09074057654323209,0.015768782655101263,0.0060104220494366116,True,True,False,False,予選,2026-09-12,1号艇のdominance,-0.235,1号艇の年齢,-0.1637,ST差分(4-3),-0.085,1号艇のvs_max234_diff,-0.0844,1号艇の級別順位,-0.0819,2号艇の全国勝率,0.0604,2号艇のsession_exh_rel_avg,0.0457,2号艇の当地勝率,0.0337,1号艇vs2号艇の枠別平均ST差,0.0335,4号艇の一般戦勝率,-0.0329,4号艇のclass_rank_2to6,0.1864,4号艇のwin_rate_rank_2to6,0.1786,4号艇のcumulative_diff_rank_2to6,0.0395,std_234_全国勝率,-0.036,4号艇のsession_exh_rel_avg,0.0316,0.0502,南東 1.6m/s,[逃げ]1号艇のdominanceが不利(-23.5pt)、1号艇の年齢が不利(-16.4pt) / [2着]2号艇の全国勝率が有利(+6.0pt)、2号艇のsession_exh_rel_avgが有利(+4.6pt) / [候補2]4号艇のclass_rank_2to6が有利(+18.6pt)、4号艇のwin_rate_rank_2to6が有利(+17.9pt) / [除外]6号艇のwin_rate_rank_2to6が不利(-7.8pt)、6号艇のvs_avg456_diffが不利(-6.1pt)、天気+5.0pt
144,05,多摩川,4,12:31,0.22981117572528081,4,0.3882410589663756,2,0.3399483835770511,0.16734607194164172,0.16281149678210355,0.5653779457613233,0.1346510345975326,0.2867556340875462,1-4,1-2,0.07812393771575085,0.03741590149708799,0.08922213422589086,0.014382069386454081,0.010667138464833754,True,True,False,False,一般,2026-09-12,1号艇のdominance,-0.2619,1号艇のracer_win_te,-0.197,1号艇の年齢,-0.1271,1号艇の級別順位,-0.0982,1号艇の全国勝率,-0.0693,4号艇のwin_rate_rank_2to6,0.173,4号艇のclass_rank_2to6,0.0935,4号艇の全国勝率,0.0792,4号艇の直近複勝率,0.0613,4号艇のsession_exh_rel_avg,0.0586,2号艇のsession_exh_rel_avg,0.0884,6号艇の一般戦勝率,0.0754,1号艇vs6号艇の直近複勝率差,-0.0465,2号艇のモーター2連率,0.0452,2号艇の全国勝率,0.0338,0.0026,北 1.8m/s,[逃げ]1号艇のdominanceが不利(-26.2pt)、1号艇のracer_win_teが不利(-19.7pt) / [2着]4号艇のwin_rate_rank_2to6が有利(+17.3pt)、4号艇のclass_rank_2to6が有利(+9.3pt) / [候補2]2号艇のsession_exh_rel_avgが有利(+8.8pt)、6号艇の一般戦勝率が有利(+7.5pt) / [除外]6号艇のsession_exh_rel_avgが不利(-5.4pt)、天気影響ほぼなし
145,21,芦屋,6,10:59,0.25787913234375076,2,0.44613400808727877,4,0.2070299413263465,0.16843735255300318,0.17264118875661214,0.48052276065701305,0.13354228282208272,0.2620629749842061,1-2,1-4,0.11504865091458734,0.04231114513691432,0.053388701638415866,0.04452055996334884,0.002610077572508311,False,False,True,False,予選,2026-09-12,1号艇のdominance,-0.2171,6号艇の枠別出走数,-0.1227,1号艇vs2号艇のcumulative差,-0.0873,1号艇の級別順位,-0.0826,6号艇の年齢,-0.0741,2号艇のclass_rank_2to6,0.0836,2号艇のwin_rate_rank_2to6,0.0703,2号艇の節間得点,0.0554,1号艇の年齢,0.0484,3号艇のracer_win_te,0.048,4号艇のsession_exh_rel_avg,0.1506,1号艇のモーター出走数,0.0893,4号艇のwin_rate_rank_2to6,-0.0849,4号艇の節間得点,0.0507,4号艇のsession_rank_diff_last,0.0479,0.0478,南東 1.6m/s,[逃げ]1号艇のdominanceが不利(-21.7pt)、6号艇の枠別出走数が不利(-12.3pt) / [2着]2号艇のclass_rank_2to6が有利(+8.4pt)、2号艇のwin_rate_rank_2to6が有利(+7.0pt) / [候補2]4号艇のsession_exh_rel_avgが有利(+15.1pt)、1号艇のモーター出走数が有利(+8.9pt) / [除外]5号艇の直近平均着順が不利(-25.1pt)、5号艇の平均STが不利(-9.0pt)、天気+4.8pt
146,06,浜名湖,7,14:26,0.30058844585815303,2,0.31951715091287297,4,0.2714921207426134,0.17765055845468164,0.2357715931680971,0.35523767848738935,0.12738861222180672,0.23092669446449393,1-2,1-4,0.09604316381792542,0.07087021676789904,0.0816073946367562,0.021942496924337227,0.030125175950793604,True,True,False,False,予選,2026-09-12,1号艇のdominance,-0.383,1号艇のracer_win_te,-0.2061,1号艇のvs_max234_diff,-0.1457,1号艇の年齢,0.1443,1号艇のsession_exh_rel_avg,0.1303,1号艇vs2号艇のplace_rate差,-0.084,2号艇のsession_exh_rel_avg,0.06,2号艇の全国勝率,0.0583,avg_entry_count,-0.0358,1号艇vs4号艇の勝率差,0.0301,win_rate_gap_top2_2to6,-0.3051,4号艇のwin_rate_rank_2to6,0.1647,5号艇のsession_rank_diff_delta,0.0814,4号艇の年齢,-0.0738,4号艇のsession_exh_rel_avg,0.0474,-0.0218,南東 2.6m/s,[逃げ]1号艇のdominanceが不利(-38.3pt)、1号艇のracer_win_teが不利(-20.6pt) / [2着]1号艇vs2号艇のplace_rate差が不利(-8.4pt)、2号艇のsession_exh_rel_avgが有利(+6.0pt) / [候補2]win_rate_gap_top2_2to6が不利(-30.5pt)、4号艇のwin_rate_rank_2to6が有利(+16.5pt)、天気-2.2pt
147,12,住之江,2,15:41,0.3180622931978063,2,0.291714376548029,4,0.27770641427347564,0.18111128252319617,0.25436220219487804,0.3150585886266266,0.12582984492526947,0.22129547435422528,1-2,1-4,0.09278334356363448,0.08090302533294699,0.08832793895956167,0.0480687713585033,0.007979213983159879,True,False,False,False,予選,2026-09-12,1号艇のdominance,-0.3279,1号艇のracer_win_te,-0.1558,1号艇の直近1着率,-0.0848,1号艇の全国勝率,-0.079,1号艇のsession_exh_rel_avg,-0.0757,2号艇のwin_rate_rank_2to6,-0.1807,2号艇のsession_exh_rel_avg,0.1469,2号艇の全国勝率,-0.1442,3号艇の直近平均着順,0.1137,6号艇のsession_rank_diff_last,-0.0671,4号艇のclass_rank_2to6,-0.0914,4号艇のwin_rate_rank_2to6,0.0846,4号艇の節間得点,-0.0734,4号艇のsession_exh_rel_avg,0.0647,4号艇のモーター2連率,0.0547,0.0846,北 1.0m/s,[逃げ]1号艇のdominanceが不利(-32.8pt)、1号艇のracer_win_teが不利(-15.6pt) / [2着]2号艇のwin_rate_rank_2to6が不利(-18.1pt)、2号艇のsession_exh_rel_avgが有利(+14.7pt) / [候補2]4号艇のclass_rank_2to6が不利(-9.1pt)、4号艇のwin_rate_rank_2to6が有利(+8.5pt) / [除外]6号艇のvs_avg456_diffが不利(-8.0pt)、6号艇のwin_rate_rank_2to6が不利(-7.5pt)、天気+8.5pt
148,06,浜名湖,6,13:58,0.20328336425239674,4,0.37101538350816143,3,0.3680053563950156,0.15023062225981326,0.1397817338726331,0.5992390060305439,0.12503122602752373,0.28493313739103243,1-4,1-3,0.023324684318649102,0.07480936691088103,0.07542125534893225,0.028415301122662058,0.0013127548473708319,True,True,False,False,予選,2026-09-12,1号艇のdominance,-0.3371,1号艇のracer_win_te,-0.1854,4号艇のsession_exh_rel_avg,-0.1718,1号艇のvs_max234_diff,-0.1526,1号艇の全国勝率,-0.0997,2号艇の体重,0.2193,4号艇のsession_exh_rel_avg,0.1126,4号艇のモーター2連率,0.0682,4号艇のwin_rate_rank_2to6,-0.0674,1号艇vs5号艇の枠別平均ST差,0.0658,3号艇のwin_rate_rank_2to6,0.1942,3号艇のsession_exh_rel_avg,0.1233,3号艇のモーター2連率,0.1148,4号艇のsession_exh_rel_last,-0.0787,1号艇vs3号艇のplace_rate差,-0.0712,-0.0833,南東 2.6m/s,[逃げ]1号艇のdominanceが不利(-33.7pt)、1号艇のracer_win_teが不利(-18.5pt) / [2着]2号艇の体重が有利(+21.9pt)、4号艇のsession_exh_rel_avgが有利(+11.3pt) / [候補2]3号艇のwin_rate_rank_2to6が有利(+19.4pt)、3号艇のsession_exh_rel_avgが有利(+12.3pt) / [除外]5号艇の直近平均着順が不利(-22.3pt)、6号艇のsession_exh_rel_avgが不利(-7.6pt)、天気-8.3pt
149,10,三国,10,12:57,0.24232627974257748,2,0.33748102058997154,3,0.20402314711045727,0.1312206904239457,0.18992467164183136,0.3515794960585975,0.10131423457428697,0.19732833211434125,1-2,1-3,0.08178052020329599,0.049440170220649705,0.0460237391102956,0.03765904669848228,0.027422802607118157,True,True,False,False,予選特賞,2026-09-12,1号艇のdominance,-0.3674,1号艇の年齢,-0.2844,1号艇のracer_win_te,-0.2212,1号艇の級別順位,-0.098,1号艇の直近1着率,-0.097,2号艇のsession_exh_rel_avg,0.0793,2号艇の全国勝率,0.0579,1号艇vs6号艇の直近複勝率差,-0.0543,2号艇の当地勝率,-0.0414,2号艇の全国2連率,0.0344,3号艇のwin_rate_rank_2to6,-0.101,5号艇の一般戦2連率,-0.0526,場特性:1x_diff_course3,-0.043,1号艇の直近複勝率,-0.0427,3号艇のcumulative_diff_rank_2to6,0.0425,0.1516,南東 1.6m/s,[逃げ]1号艇のdominanceが不利(-36.7pt)、1号艇の年齢が不利(-28.4pt) / [2着]2号艇のsession_exh_rel_avgが有利(+7.9pt)、2号艇の全国勝率が有利(+5.8pt) / [候補2]3号艇のwin_rate_rank_2to6が不利(-10.1pt)、5号艇の一般戦2連率が不利(-5.3pt)、天気+15.2pt
150,10,三国,6,10:50,0.16939117097056147,4,0.33112300429674885,2,0.3162213606141678,0.10965441999345461,0.14504399239141108,0.5023003725195055,0.09056876216239634,0.22744820575126987,1-4,1-2,0.05356510656033807,0.021172401002883867,0.056089313433116544,0.013995177629765383,0.024569171713426333,False,False,True,False,予選,2026-09-12,1号艇のdominance,-0.4396,1号艇のvs_max234_diff,-0.2353,1号艇の全国2連率,-0.1852,1号艇のracer_win_te,-0.1248,1号艇の級別順位,-0.0981,4号艇のclass_rank_2to6,0.1518,4号艇のwin_rate_rank_2to6,0.0948,4号艇の年齢,-0.0562,4号艇のcumulative_diff_rank_2to6,0.0501,1号艇の直近平均着順,0.0467,2号艇のwin_rate_rank_2to6,0.1848,3号艇の全国勝率,-0.1002,1号艇vs2号艇のplace_rate差,-0.0811,3号艇のracer_2nd_te,0.0551,2号艇の全国勝率,0.0545,0.0328,南東 1.6m/s,[逃げ]1号艇のdominanceが不利(-44.0pt)、1号艇のvs_max234_diffが不利(-23.5pt) / [2着]4号艇のclass_rank_2to6が有利(+15.2pt)、4号艇のwin_rate_rank_2to6が有利(+9.5pt) / [候補2]2号艇のwin_rate_rank_2to6が有利(+18.5pt)、3号艇の全国勝率が不利(-10.0pt)、天気+3.3pt
151,02,戸田,6,13:14,0.16879725071137497,3,0.41465469929260723,2,0.22294763801954223,0.10762552158543756,0.17541787170197543,0.462184465610174,0.08497019366063858,0.2139932047928585,1-3,1-2,0.037632948350293544,0.06999257323514402,0.029173436617776837,0.029610054468934156,0.0023882377248170194,True,True,False,False,予選,2026-09-12,1号艇のdominance,-0.3782,場特性:in_escape_diff,-0.1297,1号艇の直近1着率,-0.0933,4号艇のモーター2連率,-0.0833,1号艇のracer_win_te,-0.0779,3号艇のsession_exh_rel_avg,-0.1476,3号艇の当地勝率,0.1434,6号艇のracer_2nd_te,-0.0942,1号艇vs2号艇のplace_rate差,0.0743,3号艇のsession_exh_rel_last,-0.0705,2号艇のsession_exh_rel_avg,-0.1004,2号艇のclass_rank_2to6,0.0745,2号艇のwin_rate_rank_2to6,0.0576,2号艇の全国勝率,0.0542,2号艇のcumulative_diff_rank_2to6,-0.0381,0.0306,北東 1.0m/s,[逃げ]1号艇のdominanceが不利(-37.8pt)、場特性:in_escape_diffが不利(-13.0pt) / [2着]3号艇のsession_exh_rel_avgが不利(-14.8pt)、3号艇の当地勝率が有利(+14.3pt) / [候補2]2号艇のsession_exh_rel_avgが不利(-10.0pt)、2号艇のclass_rank_2to6が有利(+7.5pt) / [除外]5号艇の直近平均着順が不利(-23.6pt)、5号艇の平均STが不利(-8.8pt)、天気+3.1pt
152,08,常滑,5,12:35,0.1665521470545628,3,0.344848705668721,4,0.3091688673583032,0.10892803099906519,0.21184607065550554,0.4421715023715186,0.08123686057739352,0.2089010724108012,1-3,1-4,0.03528341791274706,0.05743529233811247,0.05149273866095273,0.013538896087220016,0.00880180701917131,True,True,False,False,三Ａ傑戦,2026-09-12,1号艇のdominance,-0.4622,1号艇のvs_max234_diff,-0.3009,1号艇の全国2連率,-0.2623,1号艇のracer_win_te,-0.1641,1号艇vs4号艇の枠別勝率差,-0.1368,1号艇のvs_max234_diff,-0.0785,3号艇のwin_rate_rank_2to6,-0.0718,1号艇vs6号艇のplace_rate差,0.0717,3号艇の女子戦比率,-0.0703,3号艇のモーター2連率,0.0628,4号艇のwin_rate_rank_2to6,0.1833,4号艇の女子戦比率,-0.1347,1号艇の一般戦2連率,0.1254,4号艇の年齢,0.0533,4号艇のclass_rank_2to6,0.0514,-0.0458,南 3.5m/s,[逃げ]1号艇のdominanceが不利(-46.2pt)、1号艇のvs_max234_diffが不利(-30.1pt) / [2着]1号艇のvs_max234_diffが不利(-7.8pt)、3号艇のwin_rate_rank_2to6が不利(-7.2pt) / [候補2]4号艇のwin_rate_rank_2to6が有利(+18.3pt)、4号艇の女子戦比率が不利(-13.5pt) / [除外]2号艇のwin_rate_rank_2to6が不利(-5.6pt)、6号艇の女子戦比率が不利(-5.3pt)、天気-4.6pt
153,06,浜名湖,3,12:37,0.169797840841405,3,0.37192631416620814,4,0.193951072064647,0.09608475836297702,0.17994965840185884,0.3859277278289963,0.07533625502892558,0.18303764920278282,1-3,1-4,0.030555063456784028,0.0631522850975242,0.03293247326545281,0.02634077380019984,0.016817241426166658,True,True,False,False,予選,2026-09-12,1号艇のdominance,-0.2227,1号艇のsession_exh_rel_avg,-0.1478,5号艇の枠別出走数,-0.1448,3号艇のsession_exh_rel_avg,-0.1359,1号艇の級別順位,-0.0806,3号艇のsession_exh_rel_avg,0.1157,3号艇のwin_rate_rank_2to6,0.0881,3号艇のcumulative_diff_rank_2to6,-0.0457,3号艇のclass_rank_2to6,0.0421,ST差分(3-2),0.0405,4号艇のsession_exh_rel_avg,0.0695,4号艇のモーター2連率,0.063,4号艇のwin_rate_rank_2to6,-0.0559,4号艇のclass_rank_2to6,-0.0544,1号艇vs5号艇の枠別平均ST差,0.0409,-0.023,南東 2.6m/s,[逃げ]1号艇のdominanceが不利(-22.3pt)、1号艇のsession_exh_rel_avgが不利(-14.8pt) / [2着]3号艇のsession_exh_rel_avgが有利(+11.6pt)、3号艇のwin_rate_rank_2to6が有利(+8.8pt) / [候補2]4号艇のsession_exh_rel_avgが有利(+7.0pt)、4号艇のモーター2連率が有利(+6.3pt) / [除外]2号艇のwin_rate_rank_2to6が不利(-5.7pt)、天気-2.3pt
154,09,津,8,14:04,0.16212511288626089,4,0.33559187549178765,2,0.29739721431155697,0.10262342764013876,0.24910858154970017,0.3838805082536444,0.07194617584829485,0.18700055182419045,1-4,1-2,0.04821555694232069,0.040386756904681465,0.05440787069781808,0.009542673499057776,0.009572255446345984,True,True,False,False,予選,2026-09-12,1号艇のdominance,-0.3543,1号艇のracer_win_te,-0.2728,1号艇のvs_max234_diff,-0.1505,1号艇の年齢,-0.1256,1号艇の級別順位,-0.1076,4号艇のwin_rate_rank_2to6,0.1975,4号艇のclass_rank_2to6,0.1114,4号艇の全国勝率,0.0927,4号艇の直近複勝率,0.06,1号艇のracer_win_te,-0.0512,2号艇のwin_rate_rank_2to6,0.055,2号艇の全国勝率,0.0536,ST差分(4-3),-0.046,2号艇のclass_rank_2to6,0.0452,2号艇のracer_2nd_te,0.0417,-0.0059,南東 1.6m/s,[逃げ]1号艇のdominanceが不利(-35.4pt)、1号艇のracer_win_teが不利(-27.3pt) / [2着]4号艇のwin_rate_rank_2to6が有利(+19.7pt)、4号艇のclass_rank_2to6が有利(+11.1pt) / [候補2]2号艇のwin_rate_rank_2to6が有利(+5.5pt)、2号艇の全国勝率が有利(+5.4pt) / [除外]5号艇のwin_rate_rank_2to6が不利(-5.3pt)、天気-0.6pt
155,08,常滑,8,14:07,0.11792851070297444,2,0.4198303365125118,4,0.19258617870462302,0.0722213675694622,0.1848820670247454,0.4275344481923894,0.0561984447059469,0.17881529175634034,1-2,1-4,0.049509966332849105,0.017895569743160273,0.022711401236613086,0.021802866819915726,0.0060087034952106865,True,True,False,False,予選,2026-09-12,1号艇のdominance,-0.5136,1号艇の全国2連率,-0.2738,1号艇のracer_win_te,-0.2498,1号艇のvs_max234_diff,-0.166,1号艇の直近1着率,-0.1613,2号艇の女子戦比率,-0.134,1号艇vs6号艇の枠別平均ST差,0.0752,2号艇のclass_rank_2to6,-0.0531,1号艇の女子戦2連率,0.0484,2号艇のwin_rate_rank_2to6,0.0472,4号艇のwin_rate_rank_2to6,-0.1779,4号艇の女子戦比率,-0.1142,4号艇のclass_rank_2to6,-0.0962,4号艇のracer_avgfin_te,-0.0692,1号艇の平均ST,0.0659,-0.1345,南東 4.1m/s,[逃げ]1号艇のdominanceが不利(-51.4pt)、1号艇の全国2連率が不利(-27.4pt) / [2着]2号艇の女子戦比率が不利(-13.4pt)、1号艇vs6号艇の枠別平均ST差が有利(+7.5pt) / [候補2]4号艇のwin_rate_rank_2to6が不利(-17.8pt)、4号艇の女子戦比率が不利(-11.4pt) / [除外]1号艇vs5号艇の級別差が不利(-9.3pt)、win_rate_range_1to6が不利(-5.5pt)、天気-13.4pt
156,02,戸田,2,11:16,0.05280381061995211,2,0.5421714060328947,3,0.33565042091843994,0.04635233750839865,0.06110999014373407,0.8167118368076006,0.04295322844246592,0.27746018729815924,1-2,1-3,0.028628716247714132,0.017723621260684514,0.0032268403465368738,0.0011646928242180525,0.002059938957250917,True,True,False,False,予選,2026-09-12,1号艇の年齢,-0.527,2号艇のsession_exh_rel_avg,-0.2694,1号艇のdominance,-0.2085,6号艇のモーター2連率,-0.1723,1号艇のvs_max234_diff,-0.1354,2号艇のwin_rate_rank_2to6,0.2149,2号艇の当地勝率,0.1401,2号艇のsession_exh_rel_avg,0.1169,2号艇のclass_rank_2to6,0.0861,1号艇の年齢,-0.0771,3号艇の当地勝率,0.074,3号艇のモーター2連率,0.0615,3号艇のclass_rank_2to6,0.0479,風向(度),0.0411,場特性:1x_diff_course3,-0.0398,-0.0841,北 1.3m/s,[逃げ]1号艇の年齢が不利(-52.7pt)、2号艇のsession_exh_rel_avgが不利(-26.9pt) / [2着]2号艇のwin_rate_rank_2to6が有利(+21.5pt)、2号艇の当地勝率が有利(+14.0pt) / [候補2]3号艇の当地勝率が有利(+7.4pt)、3号艇のモーター2連率が有利(+6.2pt) / [除外]4号艇の年齢が不利(-8.5pt)、4号艇のwin_rate_rank_2to6が不利(-6.0pt)、天気-8.4pt
