rank,venue_code,venue_name,race_no,closing_time,in_escape_prob,second_pred_1,second_pred_1_prob,second_pred_2,second_pred_2_prob,confidence_score,third_prob,top2_margin,adjusted_score,score_margin_blend,ticket_1,ticket_2,score_boat2,score_boat3,score_boat4,score_boat5,score_boat6,is_teppan,is_lunch,is_excluded,is_channel_target,race_grade,race_date,top_feat_1,top_feat_1_contrib,top_feat_2,top_feat_2_contrib,top_feat_3,top_feat_3_contrib,top_feat_4,top_feat_4_contrib,top_feat_5,top_feat_5_contrib,s2_top_feat_1,s2_top_feat_1_contrib,s2_top_feat_2,s2_top_feat_2_contrib,s2_top_feat_3,s2_top_feat_3_contrib,s2_top_feat_4,s2_top_feat_4_contrib,s2_top_feat_5,s2_top_feat_5_contrib,s2_top2_feat_1,s2_top2_feat_1_contrib,s2_top2_feat_2,s2_top2_feat_2_contrib,s2_top2_feat_3,s2_top2_feat_3_contrib,s2_top2_feat_4,s2_top2_feat_4_contrib,s2_top2_feat_5,s2_top2_feat_5_contrib,weather_contribution,wind_info,reason_text
1,07,蒲郡,12,20:38,0.8160369180408866,4,0.5789852247143936,2,0.2218356948948516,0.6534994351405972,0.0855647558465212,0.715256163762724,0.5863996116042235,0.6720264537272352,1-4,1-2,0.18102611677345315,0.0698239996539161,0.47247331836714396,0.04632649846772173,0.046386981738677224,False,False,False,False,一般戦,2026-09-07,1号艇のdominance,0.2609,4号艇のsession_exh_rel_last,-0.2299,1号艇のracer_win_te,0.1842,race_no,0.1383,1号艇のsession_exh_rel_avg,0.1062,4号艇のwin_rate_rank_2to6,0.2342,4号艇のclass_rank_2to6,0.1494,2号艇のsession_exh_rel_delta,0.131,3号艇の年齢,0.0738,win_rate_gap_top2_2to6,0.0696,2号艇のモーター2連率,0.1019,3号艇のracer_2nd_te,0.0822,2号艇のwin_rate_rank_2to6,0.0658,2号艇の節間得点,-0.0631,6号艇のsession_rank_diff_delta,-0.0581,0.0541,東 0.7m/s,[逃げ]1号艇のdominanceが有利(+26.1pt)、4号艇のsession_exh_rel_lastが不利(-23.0pt) / [2着]4号艇のwin_rate_rank_2to6が有利(+23.4pt)、4号艇のclass_rank_2to6が有利(+14.9pt) / [候補2]2号艇のモーター2連率が有利(+10.2pt)、3号艇のracer_2nd_teが有利(+8.2pt) / [除外]5号艇のracer_avgfin_teが不利(-5.9pt)、3号艇のracer_win_teが不利(-5.2pt)、天気+5.4pt
2,10,三国,2,08:58,0.7743212139605928,2,0.5658206633784093,4,0.2578351212483975,0.6377741470378937,0.08136009702018415,0.7422956876066227,0.5755069072619319,0.6691306092085124,1-2,1-4,0.43812694295115784,0.0629988490926206,0.1996472040867358,0.04780867487201786,0.025739528535204163,False,False,True,False,みくにあさガ,2026-09-07,1号艇のdominance,0.3239,3号艇の枠別出走数,-0.1072,1号艇のvs_max234_diff,0.0949,1号艇のsession_exh_rel_avg,-0.0948,1号艇vs3号艇のlocal_win_rate差,-0.0933,2号艇のwin_rate_rank_2to6,0.2307,2号艇のclass_rank_2to6,0.122,3号艇の全国勝率,-0.0706,1号艇vs3号艇の枠別平均ST差,-0.058,2号艇の全国勝率,0.0434,ST差分(3-2),0.2397,4号艇のsession_exh_rel_avg,-0.1141,4号艇のwin_rate_rank_2to6,0.0928,4号艇のclass_rank_2to6,-0.0816,ST差分(4-3),0.0712,0.0911,南東 1.8m/s,[逃げ]1号艇のdominanceが有利(+32.4pt)、3号艇の枠別出走数が不利(-10.7pt) / [2着]2号艇のwin_rate_rank_2to6が有利(+23.1pt)、2号艇のclass_rank_2to6が有利(+12.2pt) / [候補2]ST差分(3-2)が有利(+24.0pt)、4号艇のsession_exh_rel_avgが不利(-11.4pt) / [除外]6号艇のwin_rate_rank_2to6が不利(-7.3pt)、6号艇のsession_exh_rel_avgが不利(-5.7pt)、天気+9.1pt
3,22,福岡,9,15:44,0.6915001110982111,2,0.6303175299529906,3,0.24708887755863845,0.6067266282725737,0.06989557094872015,0.8075108365629089,0.5558376233610896,0.6669618907596743,1-2,1-3,0.435864641989643,0.17086198628293076,0.04833279507631288,0.021115860567461554,0.015324814945679279,True,False,False,False,一般戦,2026-09-07,1号艇の節間得点,0.0712,1号艇のdominance,-0.0545,1号艇の全国勝率,-0.0458,1号艇のモーター2連率順位,-0.0449,1号艇のframe_dominance,0.0444,2号艇のwin_rate_rank_2to6,0.2056,2号艇のclass_rank_2to6,0.1377,2号艇の全国勝率,0.0514,場特性:1x_diff_course2,0.0476,2号艇のsession_exh_rel_avg,-0.0339,3号艇のwin_rate_rank_2to6,-0.1174,3号艇のsession_exh_rel_avg,0.0657,3号艇の全国勝率,-0.0577,3号艇のcumulative_diff_rank_2to6,-0.054,場特性:1x_diff_course3,0.0431,-0.0058,北東 5.8m/s,[逃げ]1号艇の節間得点が有利(+7.1pt)、1号艇のdominanceが不利(-5.4pt) / [2着]2号艇のwin_rate_rank_2to6が有利(+20.6pt)、2号艇のclass_rank_2to6が有利(+13.8pt) / [候補2]3号艇のwin_rate_rank_2to6が不利(-11.7pt)、3号艇のsession_exh_rel_avgが有利(+6.6pt) / [除外]4号艇のwin_rate_rank_2to6が不利(-5.9pt)、5号艇のracer_avgfin_teが不利(-5.5pt)、天気-0.6pt
4,22,福岡,11,16:56,0.8423995812749507,3,0.382455330234604,2,0.3741406157920253,0.6373561081271577,0.11994212344830028,0.636653822578329,0.5456210941253388,0.637145422462509,1-3,1-2,0.3151758980811543,0.3221802100460034,0.08801688871630936,0.10103919457007661,0.015987374170492,True,False,False,False,選抜戦,2026-09-07,1号艇のdominance,0.2627,1号艇のsession_exh_rel_avg,0.1273,1号艇のracer_win_te,0.0949,6号艇の枠別出走数,-0.0887,1号艇のvs_max234_diff,0.0867,3号艇のsession_exh_rel_avg,-0.15,3号艇の節間得点,0.0564,3号艇の一般戦2連率,0.0549,3号艇のsession_exh_rel_last,-0.0433,3号艇のracer_avgfin_te,0.0416,2号艇のsession_exh_rel_avg,-0.1349,2号艇のwin_rate_rank_2to6,-0.0563,レース時間帯,-0.0517,1号艇vs6号艇の枠別平均ST差,0.0517,2号艇のclass_rank_2to6,-0.0469,0.0101,北東 4.8m/s,[逃げ]1号艇のdominanceが有利(+26.3pt)、1号艇のsession_exh_rel_avgが有利(+12.7pt) / [2着]3号艇のsession_exh_rel_avgが不利(-15.0pt)、3号艇の節間得点が有利(+5.6pt) / [候補2]2号艇のsession_exh_rel_avgが不利(-13.5pt)、2号艇のwin_rate_rank_2to6が不利(-5.6pt) / [除外]6号艇のwin_rate_rank_2to6が不利(-6.6pt)、4号艇のwin_rate_rank_2to6が不利(-5.1pt)、天気+1.0pt
5,22,福岡,12,17:25,0.8411173978992887,3,0.4264258977490532,2,0.33606907026020383,0.6413477834032476,0.15130107280653593,0.611193895202721,0.5249038541980413,0.6323016169430896,1-3,1-2,0.2826735418916959,0.3586742415115518,0.12726196465840434,0.0525556497775944,0.019952009460261745,True,False,False,False,優勝戦,2026-09-07,1号艇のdominance,0.1742,1号艇のsession_exh_rel_avg,0.1381,1号艇の全国勝率,0.1119,1号艇のracer_win_te,0.1043,race_no,0.098,3号艇のwin_rate_rank_2to6,0.1753,3号艇の一般戦2連率,0.108,1号艇の直近1着率,0.0689,3号艇の当地勝率,0.0682,3号艇のsession_exh_rel_avg,-0.0605,2号艇のsession_exh_rel_avg,0.1673,2号艇のwin_rate_rank_2to6,-0.1305,2号艇のclass_rank_2to6,-0.0742,2号艇のモーター2連率,-0.0533,3号艇のracer_avgfin_te,0.0383,0.0911,北東 4.0m/s,[逃げ]1号艇のdominanceが有利(+17.4pt)、1号艇のsession_exh_rel_avgが有利(+13.8pt) / [2着]3号艇のwin_rate_rank_2to6が有利(+17.5pt)、3号艇の一般戦2連率が有利(+10.8pt) / [候補2]2号艇のsession_exh_rel_avgが有利(+16.7pt)、2号艇のwin_rate_rank_2to6が不利(-13.1pt) / [除外]3号艇のracer_avgfin_teが不利(-7.3pt)、6号艇のwin_rate_rank_2to6が不利(-6.0pt)、天気+9.1pt
6,07,蒲郡,9,19:04,0.8104594834191348,2,0.6068365676234451,4,0.14937836743968302,0.6128815656250973,0.13392753591683343,0.6222873991462947,0.514383504153473,0.6157033156814565,1-2,1-4,0.49181645111593814,0.07210986817272898,0.1210651145091592,0.10854284157475444,0.016925218613742958,True,False,False,False,準優勝戦,2026-09-07,1号艇のdominance,0.1512,2号艇のモーター2連率,-0.11,風速区分,0.1072,ST差分(4-3),-0.1041,1号艇の当地勝率,0.0867,2号艇のwin_rate_rank_2to6,0.1924,2号艇のモーター2連率,0.1154,2号艇の当地勝率,0.1138,2号艇のclass_rank_2to6,0.1127,2号艇の全国勝率,0.0638,2号艇のracer_avgfin_te,-0.1006,4号艇のwin_rate_rank_2to6,-0.0984,4号艇のsession_exh_rel_avg,0.0943,4号艇のclass_rank_2to6,-0.0626,4号艇の節間得点,0.0533,0.0809,北 1.8m/s,[逃げ]1号艇のdominanceが有利(+15.1pt)、2号艇のモーター2連率が不利(-11.0pt) / [2着]2号艇のwin_rate_rank_2to6が有利(+19.2pt)、2号艇のモーター2連率が有利(+11.5pt) / [候補2]2号艇のracer_avgfin_teが不利(-10.1pt)、4号艇のwin_rate_rank_2to6が不利(-9.8pt)、天気+8.1pt
7,09,津,12,16:35,0.9000974789577689,2,0.3662491054606272,3,0.31531231780541913,0.6134717188366371,0.13593834439224872,0.5456230788737976,0.5133985230884937,0.5931171268477853,1-2,1-3,0.3296598964956486,0.2838118223409886,0.11550120227251807,0.12235776108115604,0.04876678670808441,True,False,False,False,準優勝戦,2026-09-07,1号艇のsession_exh_rel_avg,0.1593,1号艇のracer_win_te,0.1413,race_no,0.141,1号艇の節間得点,0.126,1号艇の級別順位,0.0936,2号艇の当地勝率,0.1298,2号艇のclass_rank_2to6,-0.0694,2号艇のwin_rate_rank_2to6,0.0579,2号艇の節間得点,0.0541,レース時間帯,-0.0523,3号艇のwin_rate_rank_2to6,0.1676,6号艇のモーター出走数,0.1615,3号艇のsession_exh_rel_avg,-0.0964,3号艇の全国勝率,0.0778,3号艇の当地勝率,0.0726,0.1112,北西 1.3m/s,[逃げ]1号艇のsession_exh_rel_avgが有利(+15.9pt)、1号艇のracer_win_teが有利(+14.1pt) / [2着]2号艇の当地勝率が有利(+13.0pt)、2号艇のclass_rank_2to6が不利(-6.9pt) / [候補2]3号艇のwin_rate_rank_2to6が有利(+16.8pt)、6号艇のモーター出走数が有利(+16.2pt) / [除外]2号艇のracer_2nd_teが不利(-7.4pt)、6号艇のwin_rate_rank_2to6が不利(-5.8pt)、天気+11.1pt
8,24,大村,7,18:13,0.7662672728464298,3,0.4749105084028675,2,0.2696129851580259,0.5705039869810022,0.11504864080119334,0.6294748527597,0.49174113705241107,0.5881952467146115,1-3,1-2,0.20659560686102546,0.3639083801199768,0.08815800823141892,0.06563494992924791,0.04197034625945302,True,False,False,False,予選,2026-09-07,1号艇のracer_win_te,0.2027,場特性:in_escape_diff,0.1641,1号艇の全国勝率,0.1478,1号艇のdominance,0.1186,3号艇のracer_win_te,-0.0851,3号艇の全国勝率,0.1929,3号艇のwin_rate_rank_2to6,0.1603,3号艇の当地勝率,0.1028,3号艇のracer_avgfin_te,0.0615,3号艇のモーター2連率,0.0555,3号艇の全国2連率,0.1336,2号艇のclass_rank_2to6,-0.0575,3号艇の女子戦2連率,-0.0544,2号艇のwin_rate_rank_2to6,0.0505,2号艇の全国勝率,0.0444,-0.0084,北 5.5m/s,[逃げ]1号艇のracer_win_teが有利(+20.3pt)、場特性:in_escape_diffが有利(+16.4pt) / [2着]3号艇の全国勝率が有利(+19.3pt)、3号艇のwin_rate_rank_2to6が有利(+16.0pt) / [候補2]3号艇の全国2連率が有利(+13.4pt)、2号艇のclass_rank_2to6が不利(-5.7pt) / [除外]3号艇のracer_avgfin_teが不利(-7.3pt)、天気-0.8pt
9,07,蒲郡,11,20:07,0.8388787830462849,3,0.4356771481753592,2,0.25694871049657686,0.5810291374291019,0.1528573103364665,0.5397685483354695,0.4744516760196663,0.5686509607010122,1-3,1-2,0.21554882156668057,0.3654803158624213,0.11809138343421771,0.12822875447478332,0.011529520989716803,False,False,False,False,準優勝戦,2026-09-07,1号艇のdominance,0.2796,1号艇のracer_win_te,0.1327,1号艇のvs_max234_diff,0.1246,1号艇の勝率順位,0.0977,1号艇の全国勝率,0.095,3号艇のsession_exh_rel_avg,0.0967,3号艇のwin_rate_rank_2to6,0.0913,場特性:1x_diff_course3,0.044,3号艇のcumulative_diff_rank_2to6,0.0402,3号艇のclass_rank_2to6,0.0395,2号艇のwin_rate_rank_2to6,-0.1876,2号艇のsession_exh_rel_avg,0.1645,2号艇の全国勝率,-0.1436,2号艇の直近平均着順,-0.0894,2号艇のモーター2連率,0.0793,0.0717,東 1.4m/s,[逃げ]1号艇のdominanceが有利(+28.0pt)、1号艇のracer_win_teが有利(+13.3pt) / [2着]3号艇のsession_exh_rel_avgが有利(+9.7pt)、3号艇のwin_rate_rank_2to6が有利(+9.1pt) / [候補2]2号艇のwin_rate_rank_2to6が不利(-18.8pt)、2号艇のsession_exh_rel_avgが有利(+16.4pt) / [除外]6号艇のsession_exh_rel_avgが不利(-6.7pt)、3号艇のracer_win_teが不利(-5.3pt)、天気+7.2pt
10,09,津,6,13:15,0.8462235073662256,3,0.3519857409983876,2,0.33770674690468205,0.5836339961174738,0.17129216492811075,0.518400322974959,0.4636676792527458,0.5640638941747194,1-3,1-2,0.2857753878269183,0.29785860829055544,0.09085506977232886,0.14495145658981987,0.026782988039031393,True,True,False,False,一般,2026-09-07,1号艇のsession_exh_rel_avg,0.145,1号艇のracer_win_te,0.1222,1号艇の級別順位,0.09,1号艇の節間得点,0.089,風速区分,0.0888,3号艇のwin_rate_rank_2to6,0.1727,3号艇の全国勝率,0.111,3号艇の節間得点,-0.0554,1号艇のsession_rank_diff_last,0.0531,2号艇の全国勝率,-0.049,2号艇のsession_exh_rel_avg,-0.1203,2号艇の当地勝率,0.0867,2号艇のclass_rank_2to6,-0.0694,2号艇のwin_rate_rank_2to6,0.0674,3号艇のモーター出走数,0.0648,0.076,西 0.5m/s,[逃げ]1号艇のsession_exh_rel_avgが有利(+14.5pt)、1号艇のracer_win_teが有利(+12.2pt) / [2着]3号艇のwin_rate_rank_2to6が有利(+17.3pt)、3号艇の全国勝率が有利(+11.1pt) / [候補2]2号艇のsession_exh_rel_avgが不利(-12.0pt)、2号艇の当地勝率が有利(+8.7pt) / [除外]6号艇のwin_rate_rank_2to6が不利(-5.7pt)、天気+7.6pt
11,14,鳴門,12,14:28,0.7341938453421866,2,0.49771586750283,3,0.23539773076953063,0.5382474917882315,0.13061207258779892,0.6025015256845617,0.4538855472270573,0.5575237019571305,1-2,1-3,0.365419926649725,0.17282756513850644,0.07283912597199431,0.09589457982134889,0.02721265733341015,True,True,False,False,ドリーム戦,2026-09-07,1号艇のracer_win_te,0.1762,場特性:in_escape_diff,-0.1449,1号艇のdominance,0.1359,race_no,0.0926,レース時間帯,0.0915,2号艇のsession_exh_rel_avg,0.1731,2号艇のclass_rank_2to6,0.0811,4号艇の女子戦比率,0.0649,2号艇の全国勝率,0.0582,レース時間帯,-0.0433,3号艇のsession_exh_rel_avg,0.1324,3号艇のwin_rate_rank_2to6,0.0654,6号艇のracer_2nd_te,-0.0561,3号艇の節間得点,0.0541,1号艇vs3号艇の枠別勝率差,-0.0401,0.1096,北東 2.7m/s,[逃げ]1号艇のracer_win_teが有利(+17.6pt)、場特性:in_escape_diffが不利(-14.5pt) / [2着]2号艇のsession_exh_rel_avgが有利(+17.3pt)、2号艇のclass_rank_2to6が有利(+8.1pt) / [候補2]3号艇のsession_exh_rel_avgが有利(+13.2pt)、3号艇のwin_rate_rank_2to6が有利(+6.5pt) / [除外]6号艇のsession_exh_rel_avgが不利(-5.5pt)、天気+11.0pt
12,10,三国,8,11:51,0.6907273578740852,2,0.5492821704470925,3,0.2295804471697572,0.5379817180133806,0.13254831314671786,0.6463143044701318,0.4524114349416444,0.5704814939504059,1-2,1-3,0.37940422232026316,0.1585774956931174,0.0915547461304993,0.046087183550110114,0.015103694741135772,True,True,False,False,一般,2026-09-07,1号艇のdominance,0.2205,1号艇の年齢,-0.1038,1号艇のsession_exh_rel_avg,0.0956,1号艇のvs_max234_diff,0.0828,1号艇の級別順位,0.0708,2号艇のwin_rate_rank_2to6,0.1757,second_best_win_rate,0.0634,2号艇のclass_rank_2to6,-0.0624,3号艇の全国勝率,-0.0428,2号艇の当地勝率,-0.0359,3号艇の節間得点,-0.0681,3号艇のwin_rate_rank_2to6,-0.0664,3号艇のracer_2nd_te,-0.0589,3号艇のcumulative_diff_rank_2to6,-0.0441,3号艇のracer_win_te,-0.0327,0.0538,北東 1.7m/s,[逃げ]1号艇のdominanceが有利(+22.0pt)、1号艇の年齢が不利(-10.4pt) / [2着]2号艇のwin_rate_rank_2to6が有利(+17.6pt)、second_best_win_rateが有利(+6.3pt) / [候補2]3号艇の節間得点が不利(-6.8pt)、3号艇のwin_rate_rank_2to6が不利(-6.6pt) / [除外]6号艇のwin_rate_rank_2to6が不利(-5.9pt)、天気+5.4pt
13,16,児島,12,16:48,0.8729378568770016,3,0.37654072066498917,4,0.2908775460521861,0.5826146713886541,0.193973896828733,0.4734443698884423,0.4470002255980353,0.5498635809385906,1-3,1-4,0.1693271577877548,0.32869664972421736,0.25391802166443667,0.09745425233895327,0.02354177373566604,True,False,False,False,大スポ選抜,2026-09-07,1号艇のdominance,0.293,1号艇の全国勝率,0.1773,race_no,0.1165,1号艇のracer_win_te,0.113,風速区分,0.0992,3号艇のwin_rate_rank_2to6,0.1483,3号艇の当地勝率,0.1066,3号艇のclass_rank_2to6,-0.0401,3号艇の全国勝率,0.0384,3号艇のracer_win_te,0.037,1号艇の当地勝率,0.1737,4号艇のwin_rate_rank_2to6,-0.1282,3号艇の直近1着率,0.0967,4号艇のclass_rank_2to6,-0.0639,4号艇のモーター2連率,0.0516,0.1996,北東 1.1m/s,[逃げ]1号艇のdominanceが有利(+29.3pt)、1号艇の全国勝率が有利(+17.7pt) / [2着]3号艇のwin_rate_rank_2to6が有利(+14.8pt)、3号艇の当地勝率が有利(+10.7pt) / [候補2]1号艇の当地勝率が有利(+17.4pt)、4号艇のwin_rate_rank_2to6が不利(-12.8pt) / [除外]1号艇の当地勝率が不利(-16.1pt)、1号艇vs2号艇の枠別勝率差が不利(-12.6pt)、天気+20.0pt
14,11,琵琶湖,5,12:31,0.7438457200265486,2,0.5207299768936093,3,0.17618953372414448,0.518400595176013,0.11997573148603365,0.5769437791317201,0.44376600644516817,0.5359635503627251,1-2,1-3,0.38734276460183487,0.1310578305741781,0.08407488042995839,0.08924343437294055,0.0521268155897192,True,True,False,False,予選,2026-09-07,1号艇のsession_exh_rel_avg,-0.1393,3号艇の枠別出走数,-0.1382,場特性:in_escape_diff,-0.1051,1号艇のdominance,0.1026,1号艇のracer_win_te,0.0726,2号艇のwin_rate_rank_2to6,0.2013,2号艇のsession_exh_rel_avg,-0.1313,3号艇のracer_2nd_te,0.0885,2号艇のclass_rank_2to6,0.0662,1号艇vs3号艇の枠別平均ST差,-0.0641,3号艇のwin_rate_rank_2to6,-0.1536,3号艇のsession_exh_rel_avg,0.1439,3号艇のracer_win_te,-0.0885,3号艇の全国勝率,-0.0843,3号艇のracer_avgfin_te,-0.0831,0.0618,南 0.5m/s,[逃げ]1号艇のsession_exh_rel_avgが不利(-13.9pt)、3号艇の枠別出走数が不利(-13.8pt) / [2着]2号艇のwin_rate_rank_2to6が有利(+20.1pt)、2号艇のsession_exh_rel_avgが不利(-13.1pt) / [候補2]3号艇のwin_rate_rank_2to6が不利(-15.4pt)、3号艇のsession_exh_rel_avgが有利(+14.4pt) / [除外]4号艇のwin_rate_rank_2to6が不利(-5.1pt)、天気+6.2pt
15,07,蒲郡,10,19:36,0.7544457883848441,2,0.5473295344065205,4,0.17685737913040178,0.5463597669213504,0.16002626279816212,0.5641606507387602,0.44144147294891206,0.5517000320665733,1-2,1-4,0.41293046209163703,0.12073113999903967,0.13342930482971324,0.056134724223150446,0.031220160051833312,True,False,False,False,準優勝戦,2026-09-07,1号艇の平均ST,0.0929,1号艇の節間得点,0.0901,2号艇のsession_exh_rel_avg,-0.0816,1号艇のdominance,0.0735,1号艇の勝率順位,-0.068,2号艇のsession_exh_rel_avg,0.1581,2号艇のclass_rank_2to6,0.1113,2号艇のwin_rate_rank_2to6,0.0776,2号艇の節間得点,0.0575,2号艇の全国勝率,0.0563,4号艇のwin_rate_rank_2to6,-0.0764,4号艇のsession_exh_rel_avg,0.0723,4号艇のclass_rank_2to6,-0.0662,4号艇のモーター2連率,0.0607,4号艇のcumulative_diff_rank_2to6,-0.0501,0.0866,北東 1.1m/s,[逃げ]1号艇の平均STが有利(+9.3pt)、1号艇の節間得点が有利(+9.0pt) / [2着]2号艇のsession_exh_rel_avgが有利(+15.8pt)、2号艇のclass_rank_2to6が有利(+11.1pt) / [候補2]4号艇のwin_rate_rank_2to6が不利(-7.6pt)、4号艇のsession_exh_rel_avgが有利(+7.2pt) / [除外]5号艇のwin_rate_rank_2to6が不利(-5.2pt)、天気+8.7pt
16,10,三国,12,14:11,0.8660858333635416,4,0.4034955482774155,2,0.23579862080109515,0.5536836231908148,0.17484756844495292,0.46444660063355775,0.43751134094756816,0.5269125164236377,1-4,1-2,0.20422184500249024,0.1455427392099543,0.3494617781883246,0.15143300202823592,0.015426458448667895,True,True,False,False,準優勝戦,2026-09-07,1号艇のdominance,0.1763,1号艇のsession_exh_rel_avg,0.1212,1号艇のracer_win_te,0.104,1号艇の勝率順位,0.0905,1号艇の節間得点,0.0796,4号艇のclass_rank_2to6,0.0993,4号艇のwin_rate_rank_2to6,0.0921,4号艇のsession_exh_rel_avg,0.0846,4号艇の節間得点,0.0732,4号艇の年齢,0.0484,2号艇のsession_exh_rel_avg,-0.1065,レース時間帯,-0.0657,3号艇の全国勝率,-0.0558,2号艇のclass_rank_2to6,-0.0521,2号艇の全国勝率,0.0495,0.1114,南東 2.1m/s,[逃げ]1号艇のdominanceが有利(+17.6pt)、1号艇のsession_exh_rel_avgが有利(+12.1pt) / [2着]4号艇のclass_rank_2to6が有利(+9.9pt)、4号艇のwin_rate_rank_2to6が有利(+9.2pt) / [候補2]2号艇のsession_exh_rel_avgが不利(-10.6pt)、レース時間帯が不利(-6.6pt) / [除外]6号艇のwin_rate_rank_2to6が不利(-6.9pt)、6号艇のvs_avg456_diffが不利(-5.8pt)、天気+11.1pt
17,13,尼崎,9,14:34,0.76501849932932,3,0.5305752529412076,2,0.15324178152981077,0.5231326815268443,0.14710436637552957,0.5367126680954888,0.43078655955123857,0.5272066774974377,1-3,1-2,0.11723279774048734,0.405899883786357,0.11253756160939811,0.08948871718768003,0.0398595190559856,True,True,False,False,予選特賞,2026-09-07,1号艇のdominance,0.1598,風速区分,0.0847,1号艇の級別順位,0.0771,1号艇の勝率順位,0.0765,1号艇のlocal_win_rate順位,-0.063,3号艇のwin_rate_rank_2to6,0.1746,2号艇のvs_boat3_diff,0.0478,3号艇のclass_rank_2to6,0.0368,3号艇のcumulative_diff_rank_2to6,0.0306,2号艇の直近1着率,0.0298,2号艇のwin_rate_rank_2to6,-0.1902,2号艇の全国勝率,-0.1012,2号艇の直近平均着順,-0.0697,2号艇のモーター2連率,0.0654,1号艇vs2号艇のplace_rate差,-0.0474,0.0908,東 0.5m/s,[逃げ]1号艇のdominanceが有利(+16.0pt)、風速区分が有利(+8.5pt) / [2着]3号艇のwin_rate_rank_2to6が有利(+17.5pt)、2号艇のvs_boat3_diffが有利(+4.8pt) / [候補2]2号艇のwin_rate_rank_2to6が不利(-19.0pt)、2号艇の全国勝率が不利(-10.1pt)、天気+9.1pt
18,09,津,10,15:22,0.8211594676773551,2,0.37197262585717694,3,0.2583159803651559,0.517567456368633,0.14442305502398842,0.4858655511983444,0.4278690484929296,0.5080568848175464,1-2,1-3,0.3054488434394274,0.21211861292920556,0.1185943589838357,0.11640352558290215,0.06859411756481208,True,False,False,False,準優勝戦,2026-09-07,1号艇のracer_win_te,0.1412,2号艇の枠別平均ST,0.105,風速区分,0.0982,1号艇のdominance,0.0948,1号艇の節間得点,0.0843,2号艇のwin_rate_rank_2to6,0.1715,2号艇の当地勝率,0.1029,2号艇のsession_exh_rel_avg,-0.0888,2号艇のclass_rank_2to6,-0.0626,2号艇の節間得点,0.0563,3号艇の当地勝率,0.1126,3号艇のsession_exh_rel_avg,0.101,2号艇の女子戦2連率,0.0882,2号艇の全国勝率,-0.0694,3号艇のwin_rate_rank_2to6,-0.0536,0.1382,西 1.6m/s,[逃げ]1号艇のracer_win_teが有利(+14.1pt)、2号艇の枠別平均STが有利(+10.5pt) / [2着]2号艇のwin_rate_rank_2to6が有利(+17.2pt)、2号艇の当地勝率が有利(+10.3pt) / [候補2]3号艇の当地勝率が有利(+11.3pt)、3号艇のsession_exh_rel_avgが有利(+10.1pt)、天気+13.8pt
19,13,尼崎,6,13:07,0.8593234913432829,4,0.3725269850865233,3,0.2750587579195314,0.556485641624097,0.19642742655985337,0.4511583164462014,0.42531479062202077,0.5248874440707283,1-4,1-3,0.1687947019869895,0.23636445217995858,0.3201211894441383,0.09241950407081584,0.04162365966752802,True,True,False,False,昼どきピンク,2026-09-07,1号艇のdominance,0.2987,1号艇のracer_win_te,0.1499,1号艇の全国勝率,0.0857,1号艇の勝率順位,0.0808,風速区分,0.0787,4号艇のwin_rate_rank_2to6,0.225,4号艇のclass_rank_2to6,0.2154,4号艇の年齢,-0.0776,4号艇のcumulative_diff_rank_2to6,0.0535,4号艇のracer_win_te,0.0418,3号艇のモーター2連率,0.1417,3号艇のwin_rate_rank_2to6,-0.0773,1号艇vs3号艇の勝率差,-0.0594,3号艇のracer_win_te,-0.0567,3号艇の全国勝率,-0.0491,0.0834,東 1.3m/s,[逃げ]1号艇のdominanceが有利(+29.9pt)、1号艇のracer_win_teが有利(+15.0pt) / [2着]4号艇のwin_rate_rank_2to6が有利(+22.5pt)、4号艇のclass_rank_2to6が有利(+21.5pt) / [候補2]3号艇のモーター2連率が有利(+14.2pt)、3号艇のwin_rate_rank_2to6が不利(-7.7pt) / [除外]5号艇のwin_rate_rank_2to6が不利(-5.2pt)、天気+8.3pt
20,14,鳴門,4,10:02,0.6683664267859049,3,0.386307521847796,2,0.3437223038457393,0.4879274260459252,0.11319009157138907,0.6168397341221463,0.4216531660047287,0.5266011184687915,1-3,1-2,0.22973244802799586,0.2581949780179293,0.07565245705113868,0.05841102714867192,0.04637550658073323,False,False,True,False,とにかくなる,2026-09-07,1号艇のdominance,0.1581,場特性:in_escape_diff,-0.1531,1号艇のsession_exh_rel_avg,0.0864,1号艇の級別順位,0.0761,1号艇の勝率順位,0.075,6号艇の女子戦比率,0.0821,3号艇の女子戦比率,-0.0731,3号艇のwin_rate_rank_2to6,0.0715,3号艇の節間得点,0.0488,3号艇の性別,-0.0453,2号艇のwin_rate_rank_2to6,-0.1357,2号艇のsession_exh_rel_avg,0.0982,2号艇のclass_rank_2to6,-0.06,1号艇vs2号艇のplace_rate差,-0.0404,2号艇のモーター2連率,-0.0389,-0.0489,北西 4.9m/s,[逃げ]1号艇のdominanceが有利(+15.8pt)、場特性:in_escape_diffが不利(-15.3pt) / [2着]6号艇の女子戦比率が有利(+8.2pt)、3号艇の女子戦比率が不利(-7.3pt) / [候補2]2号艇のwin_rate_rank_2to6が不利(-13.6pt)、2号艇のsession_exh_rel_avgが有利(+9.8pt) / [除外]6号艇の女子戦比率が不利(-8.1pt)、4号艇のwin_rate_rank_2to6が不利(-5.4pt)、天気-4.9pt
21,13,尼崎,1,10:38,0.6658936412083063,3,0.512874192996231,2,0.2603290672376877,0.5148711343512977,0.15151923309086002,0.6216840271430587,0.421255679050262,0.546915002188826,1-3,1-2,0.17335147049526584,0.34151966385603194,0.10089569383596288,0.03796847234974541,0.012158323926932125,False,False,True,False,朝からセンプ,2026-09-07,1号艇のracer_win_te,-0.119,1号艇のdominance,0.071,場特性:in_escape_diff,0.0622,風速区分,0.0599,1号艇のモーター2連率順位,-0.0557,3号艇のwin_rate_rank_2to6,0.1997,3号艇の当地勝率,0.1186,3号艇の一般戦2連率,0.0578,3号艇のclass_rank_2to6,0.0441,avg_456_win_rate,0.0374,2号艇のwin_rate_rank_2to6,0.07,2号艇のracer_avgfin_te,-0.0516,2号艇の当地勝率,-0.0461,2号艇の直近平均着順,-0.0446,2号艇の全国勝率,-0.042,0.113,北 1.5m/s,[逃げ]1号艇のracer_win_teが不利(-11.9pt)、1号艇のdominanceが有利(+7.1pt) / [2着]3号艇のwin_rate_rank_2to6が有利(+20.0pt)、3号艇の当地勝率が有利(+11.9pt) / [候補2]2号艇のwin_rate_rank_2to6が有利(+7.0pt)、2号艇のracer_avgfin_teが不利(-5.2pt) / [除外]6号艇のracer_win_teが不利(-12.4pt)、6号艇のwin_rate_rank_2to6が不利(-10.5pt)、天気+11.3pt
22,16,児島,9,15:05,0.7360889876467989,3,0.46037224601407883,2,0.2574885690761268,0.5284094406510554,0.17071594863847056,0.5471448664517351,0.4201599379347332,0.5340300683912593,1-3,1-2,0.18953450014186904,0.3388749405091863,0.1256621298084547,0.060741659036850804,0.021275755408292834,True,False,False,False,これしか９じ,2026-09-07,1号艇のdominance,0.3261,1号艇の女子戦比率,-0.2341,1号艇の勝率順位,0.0864,風速区分,0.0795,1号艇の体重,-0.0746,3号艇のwin_rate_rank_2to6,0.0705,3号艇の当地勝率,-0.0469,3号艇のcumulative_diff_rank_2to6,0.0453,3号艇の体重,-0.0414,2号艇の枠別勝率,0.039,2号艇のwin_rate_rank_2to6,-0.137,2号艇の直近平均着順,-0.0873,2号艇の全国勝率,-0.0723,second_best_win_rate,0.054,2号艇のracer_avgfin_te,-0.043,0.0794,北西 1.5m/s,[逃げ]1号艇のdominanceが有利(+32.6pt)、1号艇の女子戦比率が不利(-23.4pt) / [2着]3号艇のwin_rate_rank_2to6が有利(+7.0pt)、3号艇の当地勝率が不利(-4.7pt) / [候補2]2号艇のwin_rate_rank_2to6が不利(-13.7pt)、2号艇の直近平均着順が不利(-8.7pt) / [除外]6号艇のwin_rate_rank_2to6が不利(-8.5pt)、5号艇のracer_avgfin_teが不利(-5.4pt)、天気+7.9pt
23,03,江戸川,10,15:22,0.5311942262889342,2,0.6830829451339833,3,0.165269768993322,0.4506400636009713,0.06700429794781096,0.7813484161794944,0.41440627829448334,0.5498525693745282,1-2,1-3,0.36284971653161274,0.08779034706935857,0.03559229620642066,0.031275866820604424,0.013685996692658828,True,False,False,False,予選特賞,2026-09-07,場特性:in_escape_diff,-0.1156,1号艇のsession_exh_rel_avg,0.1104,1号艇の年齢,-0.0839,2号艇のracer_win_te,-0.0822,1号艇のdominance,-0.0476,2号艇のwin_rate_rank_2to6,0.2489,2号艇の当地勝率,0.1106,2号艇のclass_rank_2to6,0.1052,2号艇のsession_exh_rel_avg,0.0917,2号艇のracer_avgfin_te,0.0909,3号艇のwin_rate_rank_2to6,-0.1458,3号艇のsession_exh_rel_avg,-0.0898,2号艇の全国勝率,-0.0585,3号艇の節間得点,-0.0555,3号艇のcumulative_diff_rank_2to6,-0.0502,0.0505,南西 3.2m/s,[逃げ]場特性:in_escape_diffが不利(-11.6pt)、1号艇のsession_exh_rel_avgが有利(+11.0pt) / [2着]2号艇のwin_rate_rank_2to6が有利(+24.9pt)、2号艇の当地勝率が有利(+11.1pt) / [候補2]3号艇のwin_rate_rank_2to6が不利(-14.6pt)、3号艇のsession_exh_rel_avgが不利(-9.0pt) / [除外]6号艇のsession_exh_rel_avgが不利(-6.7pt)、4号艇のwin_rate_rank_2to6が不利(-5.1pt)、天気+5.0pt
24,10,三国,10,12:59,0.6829568319984805,2,0.4373850300932089,3,0.30526074329815156,0.507195004692425,0.1560514073742472,0.5865943660171133,0.41221681153789597,0.5310148130898315,1-2,1-3,0.29871509451601796,0.20847991017640696,0.10657637480922018,0.0419466834013174,0.0272387907213238,True,True,False,False,準優勝戦,2026-09-07,4号艇のsession_exh_rel_avg,-0.1518,1号艇のdominance,0.105,1号艇の節間得点,0.0899,風速区分,0.0869,場特性:in_escape_diff,-0.0698,2号艇のwin_rate_rank_2to6,0.1557,2号艇のclass_rank_2to6,0.0918,4号艇のsession_exh_rel_avg,-0.0644,6号艇の一般戦勝率,0.0537,avg_entry_count,-0.0453,3号艇の当地勝率,0.1168,3号艇のwin_rate_rank_2to6,-0.0679,3号艇のcumulative_diff_rank_2to6,0.0457,3号艇の節間得点,0.0454,3号艇の全国2連率,0.0317,0.1556,南 1.2m/s,[逃げ]4号艇のsession_exh_rel_avgが不利(-15.2pt)、1号艇のdominanceが有利(+10.5pt) / [2着]2号艇のwin_rate_rank_2to6が有利(+15.6pt)、2号艇のclass_rank_2to6が有利(+9.2pt) / [候補2]3号艇の当地勝率が有利(+11.7pt)、3号艇のwin_rate_rank_2to6が不利(-6.8pt) / [除外]5号艇のsession_exh_rel_avgが不利(-6.1pt)、6号艇のwin_rate_rank_2to6が不利(-5.8pt)、天気+15.6pt
25,11,琵琶湖,12,16:29,0.8135189812917079,4,0.3354988149000947,2,0.317511440133555,0.531236237448013,0.19361528443444248,0.45939497059920714,0.40780969118955696,0.5096838573933712,1-4,1-2,0.25830158332591274,0.15750970895561192,0.2729346541221003,0.1042020974802097,0.02057094043846767,True,False,False,False,予選特選,2026-09-07,1号艇のdominance,0.1668,1号艇のsession_exh_rel_avg,0.1383,風速区分,0.0942,race_no,0.0803,1号艇の勝率順位,0.08,4号艇の節間得点,0.1119,4号艇のwin_rate_rank_2to6,0.0926,4号艇の年齢,0.0836,4号艇のsession_exh_rel_avg,0.0769,4号艇のcumulative_diff_rank_2to6,0.0676,2号艇のsession_exh_rel_avg,-0.1035,2号艇のclass_rank_2to6,0.0932,2号艇の節間得点,0.0566,2号艇の全国勝率,0.0557,レース時間帯,-0.0472,0.1551,南西 1.5m/s,[逃げ]1号艇のdominanceが有利(+16.7pt)、1号艇のsession_exh_rel_avgが有利(+13.8pt) / [2着]4号艇の節間得点が有利(+11.2pt)、4号艇のwin_rate_rank_2to6が有利(+9.3pt) / [候補2]2号艇のsession_exh_rel_avgが不利(-10.4pt)、2号艇のclass_rank_2to6が有利(+9.3pt) / [除外]6号艇のwin_rate_rank_2to6が不利(-7.4pt)、天気+15.5pt
26,24,大村,4,16:50,0.7138767762441047,2,0.40079265329438785,3,0.2837061169648014,0.4886477754556841,0.1406456968575303,0.5438530734016589,0.4061763271794681,0.5052093648394765,1-2,1-3,0.2861165672761188,0.20253120817956535,0.0910423293708929,0.10040369666525935,0.03378296943347192,True,False,False,False,予選,2026-09-07,場特性:in_escape_diff,0.1665,1号艇のracer_win_te,0.1628,1号艇の級別順位,0.0856,1号艇の勝率順位,-0.0729,3号艇の直近1着率,-0.0727,2号艇の当地勝率,0.3376,2号艇のwin_rate_rank_2to6,-0.1369,2号艇の全国勝率,0.07,1号艇のframe_dominance,0.0622,2号艇のracer_avgfin_te,0.0572,3号艇のwin_rate_rank_2to6,0.0795,6号艇のracer_2nd_te,-0.0741,3号艇の当地勝率,0.0663,6号艇の直近1着率,0.0648,場特性:1x_diff_course3,0.0497,-0.0519,北東 5.1m/s,[逃げ]場特性:in_escape_diffが有利(+16.6pt)、1号艇のracer_win_teが有利(+16.3pt) / [2着]2号艇の当地勝率が有利(+33.8pt)、2号艇のwin_rate_rank_2to6が不利(-13.7pt) / [候補2]3号艇のwin_rate_rank_2to6が有利(+7.9pt)、6号艇のracer_2nd_teが不利(-7.4pt)、天気-5.2pt
27,22,福岡,7,14:44,0.7526234627083632,2,0.48085031434158676,4,0.2217397823249157,0.5287857914177467,0.1932428123568077,0.5093472843096947,0.4061649272562839,0.522954239285331,1-2,1-4,0.36189922862416996,0.1454390745794831,0.16688656279357678,0.07161443108428012,0.006784154411889719,True,True,False,False,一般戦,2026-09-07,1号艇のdominance,0.3366,1号艇の勝率順位,0.0923,1号艇のsession_exh_rel_last,-0.0881,1号艇のvs_max234_diff,0.0769,1号艇のlocal_win_rate順位,0.0714,2号艇のwin_rate_rank_2to6,0.2035,2号艇のsession_exh_rel_avg,-0.063,second_best_win_rate,0.06,2号艇の節間得点,-0.0566,3号艇のracer_2nd_te,0.0459,4号艇のsession_exh_rel_avg,0.1038,4号艇のwin_rate_rank_2to6,-0.0743,4号艇の節間得点,-0.0667,4号艇の全国勝率,-0.0634,4号艇のclass_rank_2to6,-0.0527,-0.04,北東 5.7m/s,[逃げ]1号艇のdominanceが有利(+33.7pt)、1号艇の勝率順位が有利(+9.2pt) / [2着]2号艇のwin_rate_rank_2to6が有利(+20.3pt)、2号艇のsession_exh_rel_avgが不利(-6.3pt) / [候補2]4号艇のsession_exh_rel_avgが有利(+10.4pt)、4号艇のwin_rate_rank_2to6が不利(-7.4pt) / [除外]6号艇の直近平均着順が不利(-9.0pt)、6号艇のwin_rate_rank_2to6が不利(-8.4pt)、天気-4.0pt
28,22,福岡,6,14:14,0.6080054868056348,4,0.45019778538300564,2,0.3343355659311833,0.4770005821810396,0.12709660662028213,0.6574367446939069,0.4042503957597086,0.5311314309348998,1-4,1-2,0.2032778585204265,0.07727543417950891,0.27372272366061307,0.03077713054315183,0.022952345564426827,True,True,False,False,一般戦,2026-09-07,1号艇の節間得点,0.0672,1号艇の年齢,-0.0656,avg_entry_count,-0.0553,1号艇のlocal_win_rate順位,-0.0512,1号艇vs3号艇のplace_rate差,0.0467,4号艇のwin_rate_rank_2to6,0.2331,4号艇のclass_rank_2to6,0.1896,4号艇の全国勝率,0.0934,2号艇のsession_exh_rel_delta,0.0815,4号艇のsession_exh_rel_avg,0.0732,2号艇のwin_rate_rank_2to6,-0.1277,3号艇のracer_2nd_te,0.0748,場特性:1x_diff_course2,0.0646,1号艇の年齢,0.0571,2号艇のsession_exh_rel_avg,0.055,-0.0283,北東 6.0m/s,[逃げ]1号艇の節間得点が有利(+6.7pt)、1号艇の年齢が不利(-6.6pt) / [2着]4号艇のwin_rate_rank_2to6が有利(+23.3pt)、4号艇のclass_rank_2to6が有利(+19.0pt) / [候補2]2号艇のwin_rate_rank_2to6が不利(-12.8pt)、3号艇のracer_2nd_teが有利(+7.5pt)、天気-2.8pt
29,01,桐生,10,19:25,0.5522591102522882,2,0.4743188898625292,3,0.32906864222888954,0.4436780836605886,0.08629739530822716,0.7170901367831917,0.39773216809028317,0.5257016995973696,1-2,1-3,0.26194692809133346,0.1817311555692551,0.04765852275001153,0.03300391432792461,0.02791858848510078,True,False,False,False,予選特賞,2026-09-07,1号艇のdominance,-0.1573,場特性:in_escape_diff,-0.1256,4号艇のモーター出走数,-0.0945,1号艇の節間得点,0.0871,風速区分,0.0859,2号艇のwin_rate_rank_2to6,0.2134,2号艇の枠別出走数,-0.1977,2号艇のclass_rank_2to6,0.1181,2号艇の全国勝率,0.0585,2号艇のracer_avgfin_te,0.0514,4号艇のモーター出走数,-0.1157,3号艇のwin_rate_rank_2to6,-0.0536,3号艇のsession_exh_rel_avg,0.0498,6号艇のsession_exh_rel_last,0.0468,3号艇のcumulative_diff_rank_2to6,0.0444,0.135,南 0.8m/s,[逃げ]1号艇のdominanceが不利(-15.7pt)、場特性:in_escape_diffが不利(-12.6pt) / [2着]2号艇のwin_rate_rank_2to6が有利(+21.3pt)、2号艇の枠別出走数が不利(-19.8pt) / [候補2]4号艇のモーター出走数が不利(-11.6pt)、3号艇のwin_rate_rank_2to6が不利(-5.4pt) / [除外]6号艇のsession_exh_rel_avgが不利(-8.8pt)、2号艇の直近1着率が不利(-6.5pt)、天気+13.5pt
30,11,琵琶湖,6,13:01,0.5228093042261972,3,0.5617332723624464,2,0.27530261167848713,0.43761014814780036,0.08654577275508067,0.7504901112858529,0.3921621780235003,0.5314741370892161,1-3,1-2,0.14393076686328482,0.29367938128451554,0.03670983798975926,0.0452469352378023,0.003242390884753056,True,True,False,False,予選,2026-09-07,1号艇のsession_exh_rel_avg,-0.109,5号艇の枠別出走数,-0.1003,場特性:in_escape_diff,-0.0742,風速区分,0.0716,1号艇vs3号艇のcumulative差,-0.0649,3号艇のwin_rate_rank_2to6,0.2128,3号艇のモーター2連率,0.07,3号艇の節間得点,0.0655,3号艇の全国勝率,0.0389,3号艇のclass_rank_2to6,0.0362,2号艇のsession_exh_rel_avg,0.0875,2号艇のwin_rate_rank_2to6,0.0459,2号艇の全国勝率,0.0377,2号艇のracer_2nd_te,-0.0336,2号艇のracer_avgfin_te,-0.0315,0.0843,北東 0.6m/s,[逃げ]1号艇のsession_exh_rel_avgが不利(-10.9pt)、5号艇の枠別出走数が不利(-10.0pt) / [2着]3号艇のwin_rate_rank_2to6が有利(+21.3pt)、3号艇のモーター2連率が有利(+7.0pt) / [候補2]2号艇のsession_exh_rel_avgが有利(+8.8pt)、2号艇のwin_rate_rank_2to6が有利(+4.6pt) / [除外]5号艇の直近平均着順が不利(-20.5pt)、ST差分(6-5)が不利(-9.2pt)、天気+8.4pt
31,11,琵琶湖,10,15:10,0.8231170969931325,3,0.3919488193898808,4,0.2727034488145501,0.5470866455143321,0.2369269086692224,0.4277253595352085,0.39154318827922163,0.5112782597205949,1-3,1-4,0.19501858926336738,0.3226197743860843,0.22446687112824779,0.05118685723736616,0.029825000378541716,True,False,False,False,予選特賞,2026-09-07,1号艇のdominance,0.1635,1号艇のsession_exh_rel_avg,0.1459,1号艇の節間得点,0.0808,風速区分,0.0799,1号艇の勝率順位,0.0758,3号艇のwin_rate_rank_2to6,0.1615,3号艇のsession_exh_rel_avg,-0.1345,3号艇の節間得点,0.0537,3号艇のclass_rank_2to6,0.0515,2号艇のsession_rank_diff_delta,-0.0414,4号艇のclass_rank_2to6,0.1165,4号艇のwin_rate_rank_2to6,0.0833,4号艇のsession_exh_rel_avg,0.0696,4号艇の年齢,0.0419,ST差分(2-1),0.0384,0.1631,南西 1.3m/s,[逃げ]1号艇のdominanceが有利(+16.3pt)、1号艇のsession_exh_rel_avgが有利(+14.6pt) / [2着]3号艇のwin_rate_rank_2to6が有利(+16.1pt)、3号艇のsession_exh_rel_avgが不利(-13.5pt) / [候補2]4号艇のclass_rank_2to6が有利(+11.7pt)、4号艇のwin_rate_rank_2to6が有利(+8.3pt) / [除外]6号艇のsession_exh_rel_avgが不利(-7.9pt)、2号艇のwin_rate_rank_2to6が不利(-5.3pt)、天気+16.3pt
32,10,三国,9,12:25,0.5989384410354308,2,0.43640601285077907,4,0.3582535235060964,0.4759521438595252,0.15316770196339818,0.6414918343934772,0.3884715485161058,0.5256140510197108,1-2,1-4,0.2613803369953338,0.0917380246309372,0.21457180686419144,0.024399020922111936,0.00684926277895429,True,True,False,False,一般,2026-09-07,1号艇のdominance,0.1947,4号艇のsession_exh_rel_avg,-0.0858,風速区分,0.0777,1号艇の勝率順位,0.0741,1号艇の級別順位,0.0568,2号艇のwin_rate_rank_2to6,0.08,2号艇のsession_exh_rel_avg,0.0754,3号艇の全国勝率,-0.0655,2号艇のclass_rank_2to6,-0.0536,4号艇の一般戦勝率,-0.0382,4号艇のwin_rate_rank_2to6,0.1888,4号艇のclass_rank_2to6,0.1857,4号艇のsession_exh_rel_avg,0.0692,4号艇の年齢,0.0539,4号艇の節間得点,-0.0477,0.0691,東 1.8m/s,[逃げ]1号艇のdominanceが有利(+19.5pt)、4号艇のsession_exh_rel_avgが不利(-8.6pt) / [2着]2号艇のwin_rate_rank_2to6が有利(+8.0pt)、2号艇のsession_exh_rel_avgが有利(+7.5pt) / [候補2]4号艇のwin_rate_rank_2to6が有利(+18.9pt)、4号艇のclass_rank_2to6が有利(+18.6pt) / [除外]6号艇のwin_rate_rank_2to6が不利(-7.0pt)、6号艇のsession_exh_rel_avgが不利(-6.5pt)、天気+6.9pt
33,07,蒲郡,7,18:04,0.8221356973468164,3,0.3681617153203268,2,0.28584894373756564,0.5376855092568114,0.23165469057802965,0.4223559684798628,0.38821666492659906,0.5030866470237267,1-3,1-2,0.2350066206955344,0.30267888856127695,0.19045159058202937,0.07108938870590717,0.02290919655129194,True,False,False,False,一般戦,2026-09-07,1号艇のdominance,0.1599,1号艇のsession_exh_rel_avg,0.1327,1号艇のracer_win_te,0.1111,1号艇の勝率順位,0.0832,1号艇の節間得点,0.073,3号艇のwin_rate_rank_2to6,0.1748,3号艇のsession_exh_rel_avg,-0.0724,3号艇の節間得点,-0.0486,場特性:1x_diff_course3,0.047,3号艇のcumulative_diff_rank_2to6,-0.0371,2号艇の全国勝率,-0.0552,2号艇のwin_rate_rank_2to6,-0.054,2号艇のracer_avgfin_te,-0.0465,2号艇のモーター2連率,-0.0423,2号艇のclass_rank_2to6,-0.0399,-0.008,北西 2.2m/s,[逃げ]1号艇のdominanceが有利(+16.0pt)、1号艇のsession_exh_rel_avgが有利(+13.3pt) / [2着]3号艇のwin_rate_rank_2to6が有利(+17.5pt)、3号艇のsession_exh_rel_avgが不利(-7.2pt) / [候補2]2号艇の全国勝率が不利(-5.5pt)、2号艇のwin_rate_rank_2to6が不利(-5.4pt) / [除外]6号艇のwin_rate_rank_2to6が不利(-6.9pt)、6号艇のsession_exh_rel_avgが不利(-6.2pt)、天気-0.8pt
34,16,児島,1,10:53,0.7827837045095953,2,0.3449266561845597,3,0.33911986867300997,0.5354604727849234,0.23150513868995984,0.45254138616760986,0.3867062515668452,0.5105847467997293,1-2,1-3,0.2700029657122572,0.2654575070726662,0.1812184500767344,0.06332442070100958,0.0027803673258891912,False,False,True,False,朝得ガァ～コ,2026-09-07,1号艇のdominance,0.1501,1号艇の級別順位,0.0756,風速区分,0.074,1号艇の勝率順位,0.0659,1号艇のモーター2連率順位,0.0634,2号艇のracer_avgfin_te,-0.0526,2号艇のwin_rate_rank_2to6,-0.0474,2号艇の体重,-0.0471,2号艇の全国勝率,-0.0422,2号艇のsession_exh_rel_avg,-0.0318,3号艇のwin_rate_rank_2to6,0.0728,3号艇のracer_avgfin_te,-0.0706,3号艇の全国勝率,-0.057,3号艇のracer_2nd_te,-0.0563,3号艇の当地勝率,-0.0483,0.0968,北西 0.8m/s,[逃げ]1号艇のdominanceが有利(+15.0pt)、1号艇の級別順位が有利(+7.6pt) / [2着]2号艇のracer_avgfin_teが不利(-5.3pt)、2号艇のwin_rate_rank_2to6が不利(-4.7pt) / [候補2]3号艇のwin_rate_rank_2to6が有利(+7.3pt)、3号艇のracer_avgfin_teが不利(-7.1pt) / [除外]6号艇の直近平均着順が不利(-25.7pt)、6号艇の全国勝率が不利(-15.1pt)、天気+9.7pt
35,10,三国,4,09:50,0.6563005045889996,4,0.3907145594990658,5,0.33733973633907594,0.4778224017267612,0.16557149515417868,0.5624828006839631,0.38288587836028865,0.5032205214139217,1-4,1-5,0.06358681108401512,0.10866465581524257,0.25642616254950557,0.22139623917725562,0.006226645437006604,False,False,True,False,みくにあさ推,2026-09-07,1号艇vs3号艇のplace_rate差,0.0652,1号艇の節間得点,0.0629,1号艇のsession_exh_rel_avg,-0.0529,場特性:in_escape_diff,-0.0503,1号艇の直近1着率順位,0.0462,4号艇のclass_rank_2to6,0.1379,4号艇のwin_rate_rank_2to6,0.1191,4号艇の節間得点,0.0782,1号艇vs3号艇の直近複勝率差,0.0703,4号艇のcumulative_diff_rank_2to6,0.0525,5号艇のwin_rate_rank_2to6,0.2724,5号艇のclass_rank_2to6,0.1828,場特性:1x_diff_course5,-0.1191,5号艇のsession_exh_rel_avg,0.091,3号艇のsession_rank_diff_last,0.0632,0.0729,北東 2.1m/s,[逃げ]1号艇vs3号艇のplace_rate差が有利(+6.5pt)、1号艇の節間得点が有利(+6.3pt) / [2着]4号艇のclass_rank_2to6が有利(+13.8pt)、4号艇のwin_rate_rank_2to6が有利(+11.9pt) / [候補2]5号艇のwin_rate_rank_2to6が有利(+27.2pt)、5号艇のclass_rank_2to6が有利(+18.3pt) / [除外]1号艇vs6号艇のcumulative差が不利(-6.6pt)、2号艇のwin_rate_rank_2to6が不利(-6.1pt)、天気+7.3pt
36,22,福岡,8,15:13,0.6946724809802898,2,0.3601115765775445,5,0.32129839369845165,0.47335675461633175,0.16224232291762627,0.5191676473583698,0.38119855529108876,0.4871000224389431,1-2,1-5,0.25015960233084644,0.10502833240442264,0.11270527698119277,0.2231971522854853,0.003582124580171531,True,False,False,False,一般戦,2026-09-07,1号艇のdominance,0.1667,1号艇の勝率順位,0.0896,風速区分,-0.0772,1号艇のvs_max234_diff,0.075,1号艇のlocal_win_rate順位,0.0623,2号艇のsession_exh_rel_avg,-0.0761,2号艇のwin_rate_rank_2to6,0.0557,場特性:1x_diff_course2,0.0485,1号艇の体重,-0.0403,1号艇のモーター出走数,0.0275,5号艇のwin_rate_rank_2to6,0.231,5号艇のclass_rank_2to6,0.1424,5号艇のモーター2連率,0.0678,6号艇のracer_win_te,-0.0656,1号艇vs4号艇の勝率差,0.0623,-0.0587,北東 6.1m/s,[逃げ]1号艇のdominanceが有利(+16.7pt)、1号艇の勝率順位が有利(+9.0pt) / [2着]2号艇のsession_exh_rel_avgが不利(-7.6pt)、2号艇のwin_rate_rank_2to6が有利(+5.6pt) / [候補2]5号艇のwin_rate_rank_2to6が有利(+23.1pt)、5号艇のclass_rank_2to6が有利(+14.2pt) / [除外]6号艇のracer_win_teが不利(-8.9pt)、6号艇のwin_rate_rank_2to6が不利(-8.4pt)、天気-5.9pt
37,10,三国,11,13:32,0.7472112375749013,2,0.36554215415488994,4,0.30178396085265446,0.4986335722608382,0.1997217217519156,0.46760439325562886,0.3791280255705468,0.48932481855927534,1-2,1-4,0.27313720539187064,0.14923431488083894,0.22549636686896748,0.06613848099012291,0.03320486109236496,True,True,False,False,準優勝戦,2026-09-07,1号艇のracer_win_te,0.141,1号艇のsession_exh_rel_avg,0.1296,風速区分,0.0998,1号艇の全国勝率,0.0866,4号艇のsession_exh_rel_avg,-0.082,2号艇のwin_rate_rank_2to6,0.1698,2号艇のsession_exh_rel_avg,0.1104,1号艇の一般戦勝率,-0.0544,2号艇の全国勝率,0.0425,2号艇の節間得点,0.0365,4号艇の全国勝率,0.1017,4号艇のwin_rate_rank_2to6,-0.0872,4号艇の一般戦2連率,0.0868,4号艇のsession_exh_rel_avg,0.0631,4号艇の年齢,-0.0601,0.1132,南東 1.6m/s,[逃げ]1号艇のracer_win_teが有利(+14.1pt)、1号艇のsession_exh_rel_avgが有利(+13.0pt) / [2着]2号艇のwin_rate_rank_2to6が有利(+17.0pt)、2号艇のsession_exh_rel_avgが有利(+11.0pt) / [候補2]4号艇の全国勝率が有利(+10.2pt)、4号艇のwin_rate_rank_2to6が不利(-8.7pt) / [除外]6号艇のsession_exh_rel_avgが不利(-7.7pt)、4号艇の一般戦2連率が不利(-5.6pt)、天気+11.3pt
38,10,三国,1,08:32,0.5749927399769086,3,0.5015719568867082,2,0.2656794794431443,0.44116400562652053,0.11743696411846798,0.6498144722113846,0.378993251827575,0.5037591456019798,1-3,1-2,0.1527637718406523,0.2884002337858682,0.0675254017730478,0.05954445096682573,0.0067588899108221405,False,False,True,False,みくにあさイ,2026-09-07,1号艇のdominance,0.1731,3号艇のsession_exh_rel_avg,-0.1699,1号艇のsession_exh_rel_avg,-0.1498,1号艇vs4号艇のcumulative差,0.0923,1号艇のsession_exh_rel_last,-0.0777,3号艇のwin_rate_rank_2to6,0.1525,3号艇のsession_exh_rel_avg,0.1284,3号艇のcumulative_diff_rank_2to6,0.0408,3号艇のclass_rank_2to6,-0.0371,3号艇の節間得点,0.0301,2号艇のwin_rate_rank_2to6,-0.1348,3号艇の女子戦2連率,-0.069,2号艇の全国勝率,-0.0495,2号艇のclass_rank_2to6,-0.0469,2号艇のモーター2連率,-0.0469,0.0371,南東 2.9m/s,[逃げ]1号艇のdominanceが有利(+17.3pt)、3号艇のsession_exh_rel_avgが不利(-17.0pt) / [2着]3号艇のwin_rate_rank_2to6が有利(+15.3pt)、3号艇のsession_exh_rel_avgが有利(+12.8pt) / [候補2]2号艇のwin_rate_rank_2to6が不利(-13.5pt)、3号艇の女子戦2連率が不利(-6.9pt) / [除外]6号艇のwin_rate_rank_2to6が不利(-7.3pt)、5号艇のsession_exh_rel_avgが不利(-6.7pt)、天気+3.7pt
39,09,津,9,14:48,0.7806836254968988,2,0.37696310033419156,4,0.2611760587160246,0.4981847922588649,0.21832371534331188,0.41981544370690427,0.36766612653067526,0.4746739876932767,1-2,1-4,0.2942889198474479,0.17044174962616965,0.20389587241141702,0.08621220641764274,0.025844878648358164,True,True,False,False,一般,2026-09-07,1号艇のdominance,0.2262,1号艇のracer_win_te,0.1648,1号艇の全国勝率,0.1356,1号艇の級別順位,0.0851,風速区分,0.0809,2号艇の当地勝率,0.2602,2号艇のwin_rate_rank_2to6,-0.1472,2号艇の全国勝率,0.0821,2号艇のracer_avgfin_te,0.069,2号艇のclass_rank_2to6,-0.0638,4号艇のwin_rate_rank_2to6,0.1727,4号艇の全国勝率,0.1001,4号艇のsession_exh_rel_avg,0.0878,4号艇のclass_rank_2to6,-0.0648,4号艇のcumulative_diff_rank_2to6,0.0522,0.0902,南西 1.1m/s,[逃げ]1号艇のdominanceが有利(+22.6pt)、1号艇のracer_win_teが有利(+16.5pt) / [2着]2号艇の当地勝率が有利(+26.0pt)、2号艇のwin_rate_rank_2to6が不利(-14.7pt) / [候補2]4号艇のwin_rate_rank_2to6が有利(+17.3pt)、4号艇の全国勝率が有利(+10.0pt) / [除外]6号艇のsession_exh_rel_avgが不利(-7.2pt)、天気+9.0pt
40,24,大村,10,19:47,0.6523334792035329,2,0.48162360146377653,3,0.19743016343966785,0.44296950502572174,0.1435782209358781,0.5354755439675662,0.3666485768731942,0.47072131670827505,1-2,1-3,0.3141791996094011,0.12879030541632067,0.09015014208227216,0.0936608804009549,0.025552962630176226,True,False,False,False,予選,2026-09-07,場特性:in_escape_diff,0.1747,3号艇のracer_win_te,-0.1078,1号艇の年齢,-0.0967,1号艇のracer_win_te,0.0898,レース時間帯,0.087,2号艇のwin_rate_rank_2to6,0.1505,2号艇のモーター2連率,0.1018,2号艇の当地勝率,0.0916,2号艇のclass_rank_2to6,-0.0661,2号艇の全国勝率,0.0566,3号艇のwin_rate_rank_2to6,-0.1109,3号艇の女子戦比率,-0.0662,second_best_win_rate,-0.0606,6号艇のracer_2nd_te,-0.0548,3号艇の性別,-0.0516,0.0932,北 5.4m/s,[逃げ]場特性:in_escape_diffが有利(+17.5pt)、3号艇のracer_win_teが不利(-10.8pt) / [2着]2号艇のwin_rate_rank_2to6が有利(+15.0pt)、2号艇のモーター2連率が有利(+10.2pt) / [候補2]3号艇のwin_rate_rank_2to6が不利(-11.1pt)、3号艇の女子戦比率が不利(-6.6pt) / [除外]6号艇のwin_rate_rank_2to6が不利(-7.0pt)、天気+9.3pt
41,09,津,4,12:13,0.6815672219987089,2,0.465117458814034,4,0.23717942175480852,0.47866253390766506,0.1980518404349058,0.5042450401339367,0.3649025389624868,0.48633728577554647,1-2,1-4,0.31700881430698,0.13498564269695032,0.16165371960068498,0.05956555023168381,0.008353503096896468,True,True,False,False,一般,2026-09-07,1号艇の全国勝率,0.0946,風速区分,0.0946,1号艇の節間得点,-0.0819,1号艇の勝率順位,-0.0799,1号艇の級別順位,0.076,2号艇のsession_exh_rel_avg,0.0753,2号艇のwin_rate_rank_2to6,0.073,2号艇のclass_rank_2to6,-0.0529,2号艇の全国勝率,0.0488,4号艇の一般戦勝率,-0.048,4号艇のwin_rate_rank_2to6,0.1878,4号艇の全国勝率,0.1596,4号艇のracer_avgfin_te,0.0903,4号艇のracer_2nd_te,0.0865,4号艇の年齢,-0.08,0.0681,南西 0.9m/s,[逃げ]1号艇の全国勝率が有利(+9.5pt)、風速区分が有利(+9.5pt) / [2着]2号艇のsession_exh_rel_avgが有利(+7.5pt)、2号艇のwin_rate_rank_2to6が有利(+7.3pt) / [候補2]4号艇のwin_rate_rank_2to6が有利(+18.8pt)、4号艇の全国勝率が有利(+16.0pt) / [除外]6号艇の節間得点が不利(-12.0pt)、local_win_rateの分散(2-6号艇)が不利(-7.3pt)、天気+6.8pt
42,04,平和島,12,16:38,0.8298994059288983,3,0.3611812735753831,2,0.24538869254659126,0.5033920545389385,0.22932371202759702,0.3772462540943773,0.36486437307645697,0.4655483144055701,1-3,1-2,0.20364793016608518,0.29974412437285336,0.19031561237711253,0.10125278134667874,0.03493896848682531,True,False,False,False,記者選抜,2026-09-07,1号艇のdominance,0.3105,1号艇のvs_max234_diff,0.1835,場特性:in_escape_diff,-0.1512,1号艇のsession_exh_rel_avg,-0.1376,1号艇の全国勝率,0.1316,3号艇のwin_rate_rank_2to6,0.2029,6号艇の女子戦比率,0.0687,ST差分(3-2),-0.0649,3号艇の女子戦比率,-0.056,2号艇のvs_boat3_diff,0.0542,2号艇のwin_rate_rank_2to6,-0.1583,2号艇の全国勝率,-0.1068,2号艇のsession_exh_rel_avg,-0.0967,レース時間帯,-0.0707,2号艇のsession_avg_finish,0.0666,0.1186,南西 3.9m/s,[逃げ]1号艇のdominanceが有利(+31.1pt)、1号艇のvs_max234_diffが有利(+18.4pt) / [2着]3号艇のwin_rate_rank_2to6が有利(+20.3pt)、6号艇の女子戦比率が有利(+6.9pt) / [候補2]2号艇のwin_rate_rank_2to6が不利(-15.8pt)、2号艇の全国勝率が不利(-10.7pt) / [除外]6号艇の女子戦比率が不利(-7.5pt)、天気+11.9pt
43,11,琵琶湖,11,15:51,0.5892384874831007,4,0.41482237723803395,2,0.33929984864881335,0.4443578397589551,0.1526766077577581,0.6014456181290893,0.3629461826329998,0.4914841732699953,1-4,1-2,0.19992852962107177,0.042242987654405026,0.24442931013788335,0.08996293342923202,0.012674733225761825,True,False,False,False,予選特選,2026-09-07,3号艇の平均ST,-0.149,1号艇のsession_exh_rel_avg,-0.098,1号艇のdominance,0.0978,場特性:in_escape_diff,-0.0976,1号艇vs4号艇の枠別平均ST差,-0.0973,4号艇のclass_rank_2to6,0.2172,4号艇のwin_rate_rank_2to6,0.2014,4号艇のsession_exh_rel_avg,-0.1107,4号艇の全国勝率,0.0744,4号艇の年齢,0.0717,2号艇のsession_exh_rel_avg,-0.1001,3号艇の全国勝率,-0.0873,2号艇の全国勝率,0.0624,3号艇のracer_win_te,0.055,レース時間帯,-0.0542,0.0612,南西 1.5m/s,[逃げ]3号艇の平均STが不利(-14.9pt)、1号艇のsession_exh_rel_avgが不利(-9.8pt) / [2着]4号艇のclass_rank_2to6が有利(+21.7pt)、4号艇のwin_rate_rank_2to6が有利(+20.1pt) / [候補2]2号艇のsession_exh_rel_avgが不利(-10.0pt)、3号艇の全国勝率が不利(-8.7pt) / [除外]6号艇のwin_rate_rank_2to6が不利(-7.8pt)、6号艇のvs_avg456_diffが不利(-5.6pt)、天気+6.1pt
44,03,江戸川,1,11:14,0.48735030831219744,3,0.41029833326625054,2,0.40229839919522103,0.3960192680985824,0.07412475804679808,0.7384719744146735,0.36079346918296945,0.49875507999340973,1-3,1-2,0.19606024888129445,0.19995901921728793,0.03612472368767408,0.0212218861241218,0.033984421324212276,True,True,False,False,予選,2026-09-07,場特性:in_escape_diff,-0.1087,1号艇の年齢,-0.1046,1号艇の級別順位,0.0816,1号艇の勝率順位,-0.0569,1号艇のモーター2連率順位,-0.0559,3号艇のwin_rate_rank_2to6,0.1516,5号艇の体重,-0.1308,3号艇のモーター2連率,0.1063,3号艇のsession_exh_rel_avg,0.0683,5号艇のsession_exh_rel_avg,0.0447,2号艇のsession_exh_rel_avg,0.131,second_best_win_rate,0.055,2号艇の全国勝率,-0.0429,2号艇の直近平均着順,-0.0407,2号艇のwin_rate_rank_2to6,-0.0353,-0.0002,南西 3.4m/s,[逃げ]場特性:in_escape_diffが不利(-10.9pt)、1号艇の年齢が不利(-10.5pt) / [2着]3号艇のwin_rate_rank_2to6が有利(+15.2pt)、5号艇の体重が不利(-13.1pt) / [候補2]2号艇のsession_exh_rel_avgが有利(+13.1pt)、second_best_win_rateが有利(+5.5pt) / [除外]5号艇のracer_avgfin_teが不利(-7.4pt)、天気影響ほぼなし
45,16,児島,11,16:11,0.7663227728996382,2,0.3867161058064022,3,0.2624814509811971,0.4974948718771434,0.23074961706698016,0.4184479397206191,0.3597387704630188,0.4737807922301861,1-2,1-3,0.296349358526512,0.2011455133506314,0.17682868639629792,0.06991281858705303,0.022086396752837606,True,False,False,False,予選特選,2026-09-07,1号艇のdominance,0.1635,風速区分,0.0893,1号艇の勝率順位,0.082,1号艇の級別順位,0.0818,レース時間帯,0.0626,2号艇のwin_rate_rank_2to6,0.0766,2号艇の全国勝率,0.05,3号艇の全国勝率,-0.032,1号艇の女子戦2連率,0.032,レース時間帯,-0.0289,3号艇のwin_rate_rank_2to6,-0.1409,3号艇のcumulative_diff_rank_2to6,0.0509,3号艇のモーター2連率,-0.0406,場特性:1x_diff_course3,-0.033,1号艇vs4号艇のlocal_win_rate差,0.0208,0.1477,東 0.5m/s,[逃げ]1号艇のdominanceが有利(+16.3pt)、風速区分が有利(+8.9pt) / [2着]2号艇のwin_rate_rank_2to6が有利(+7.7pt)、2号艇の全国勝率が有利(+5.0pt) / [候補2]3号艇のwin_rate_rank_2to6が不利(-14.1pt)、3号艇のcumulative_diff_rank_2to6が有利(+5.1pt) / [除外]4号艇の女子戦2連率が不利(-17.7pt)、天気+14.8pt
46,09,津,7,13:46,0.6831240550841198,2,0.43580596332779187,3,0.21864560816202322,0.44707161137229723,0.1718060319185004,0.48264553957131473,0.35490009193235605,0.4577437898320025,1-2,1-3,0.29770953689832236,0.14936207447397482,0.11736483321207772,0.09066318928898642,0.02802440975899906,True,True,False,False,一般,2026-09-07,1号艇の級別順位,0.0794,風速区分,0.0792,1号艇の勝率順位,-0.0682,1号艇のracer_win_te,0.0669,場特性:in_escape_diff,0.0649,2号艇のwin_rate_rank_2to6,0.0692,3号艇のモーター出走数,0.0678,2号艇の全国勝率,0.0656,2号艇のsession_exh_rel_avg,0.0628,2号艇の節間得点,-0.0625,3号艇のwin_rate_rank_2to6,0.1822,3号艇のsession_exh_rel_avg,-0.1541,3号艇の節間得点,-0.0712,3号艇の当地勝率,0.0672,6号艇のracer_2nd_te,-0.0575,0.0811,西 0.5m/s,[逃げ]1号艇の級別順位が有利(+7.9pt)、風速区分が有利(+7.9pt) / [2着]2号艇のwin_rate_rank_2to6が有利(+6.9pt)、3号艇のモーター出走数が有利(+6.8pt) / [候補2]3号艇のwin_rate_rank_2to6が有利(+18.2pt)、3号艇のsession_exh_rel_avgが不利(-15.4pt) / [除外]6号艇のwin_rate_rank_2to6が不利(-5.7pt)、天気+8.1pt
47,09,津,3,11:42,0.6766820696865725,2,0.37929164262474624,3,0.2636328552994882,0.4350554799075715,0.15579492254851113,0.4871295753757233,0.35372015815176494,0.45067770854801703,1-2,1-3,0.2566598537461331,0.17839562616143836,0.10542363063678578,0.09204961193648278,0.04415334720573243,True,True,False,False,一般,2026-09-07,1号艇のsession_exh_rel_avg,0.1446,1号艇のracer_win_te,0.1096,1号艇の級別順位,0.0815,3号艇の全国2連率,0.071,1号艇の節間得点,-0.0689,2号艇のwin_rate_rank_2to6,-0.1382,2号艇の全国勝率,0.0799,2号艇のclass_rank_2to6,-0.0445,2号艇の節間得点,-0.031,2号艇のsession_exh_rel_avg,-0.0306,3号艇のsession_exh_rel_avg,-0.1521,3号艇の当地勝率,0.0915,3号艇の節間得点,-0.0765,3号艇のcumulative_diff_rank_2to6,-0.0593,3号艇のwin_rate_rank_2to6,-0.0512,0.0304,南 1.3m/s,[逃げ]1号艇のsession_exh_rel_avgが有利(+14.5pt)、1号艇のracer_win_teが有利(+11.0pt) / [2着]2号艇のwin_rate_rank_2to6が不利(-13.8pt)、2号艇の全国勝率が有利(+8.0pt) / [候補2]3号艇のsession_exh_rel_avgが不利(-15.2pt)、3号艇の当地勝率が有利(+9.2pt)、天気+3.0pt
48,14,鳴門,1,08:44,0.6404054039581913,3,0.519034996905635,4,0.16987554040913744,0.44118203094012154,0.16866383826443831,0.5202466990503342,0.35188828528612826,0.4649014313731853,1-3,1-4,0.10801323347687666,0.3323928168617918,0.10878921407832971,0.02354034243339828,0.06766977921507461,False,False,True,False,とるならなる,2026-09-07,1号艇のdominance,0.3259,1号艇の女子戦比率,-0.2173,場特性:in_escape_diff,-0.1498,ST差分(6-5),0.14,1号艇の勝率順位,0.1013,ST差分(6-5),0.2792,3号艇のwin_rate_rank_2to6,0.1802,3号艇のsession_exh_rel_avg,0.0732,4号艇の女子戦勝率,0.057,3号艇の女子戦比率,-0.0502,4号艇のclass_rank_2to6,0.1727,4号艇の全国勝率,-0.0902,4号艇のwin_rate_rank_2to6,-0.0886,1号艇の一般戦2連率,0.0746,4号艇のsession_exh_rel_avg,-0.0639,-0.0215,北 4.7m/s,[逃げ]1号艇のdominanceが有利(+32.6pt)、1号艇の女子戦比率が不利(-21.7pt) / [2着]ST差分(6-5)が有利(+27.9pt)、3号艇のwin_rate_rank_2to6が有利(+18.0pt) / [候補2]4号艇のclass_rank_2to6が有利(+17.3pt)、4号艇の全国勝率が不利(-9.0pt) / [除外]5号艇の直近平均着順が不利(-13.9pt)、2号艇のwin_rate_rank_2to6が不利(-6.1pt)、天気-2.1pt
49,14,鳴門,3,09:36,0.6309051194650457,5,0.3527205033131865,3,0.3252815622795915,0.42775497419035935,0.15433157442079753,0.5236704911719805,0.3485356558306084,0.45652962928484564,1-5,1-3,0.09736858039718185,0.20522180290978237,0.0859129907563381,0.22253317128057698,0.019868561194490462,False,False,True,False,どきどきなる,2026-09-07,1号艇のdominance,0.3201,1号艇の女子戦比率,-0.1711,場特性:in_escape_diff,-0.1298,1号艇のsession_exh_rel_avg,-0.1271,1号艇のracer_win_te,0.1201,5号艇のwin_rate_rank_2to6,0.2251,5号艇のclass_rank_2to6,0.1468,5号艇のsession_exh_rel_avg,0.128,local_win_rateの分散(2-6号艇),-0.0792,1号艇vs4号艇の勝率差,0.067,3号艇のsession_exh_rel_avg,-0.127,3号艇のwin_rate_rank_2to6,0.0643,3号艇のracer_2nd_te,-0.0501,3号艇の全国勝率,0.042,3号艇のclass_rank_2to6,-0.0392,-0.0647,北西 5.0m/s,[逃げ]1号艇のdominanceが有利(+32.0pt)、1号艇の女子戦比率が不利(-17.1pt) / [2着]5号艇のwin_rate_rank_2to6が有利(+22.5pt)、5号艇のclass_rank_2to6が有利(+14.7pt) / [候補2]3号艇のsession_exh_rel_avgが不利(-12.7pt)、3号艇のwin_rate_rank_2to6が有利(+6.4pt) / [除外]6号艇の女子戦比率が不利(-6.8pt)、2号艇のwin_rate_rank_2to6が不利(-6.7pt)、天気-6.5pt
50,16,児島,10,15:35,0.568879675589981,3,0.4505446793350242,4,0.28838555081646544,0.4203623896122094,0.1526119003212044,0.5863183298302852,0.3433796258894713,0.47014917167763215,1-3,1-4,0.08681780834589727,0.25630571101890054,0.16405667859330883,0.049882015012696714,0.01181747056633488,True,False,False,False,予選特賞,2026-09-07,1号艇のdominance,0.1252,風速区分,0.0737,1号艇vs4号艇の枠別平均ST差,-0.0696,1号艇のsession_exh_count,-0.0568,1号艇の節間得点,-0.055,3号艇のwin_rate_rank_2to6,0.1693,3号艇のモーター2連率,0.0504,2号艇のvs_boat3_diff,0.0337,2号艇の直近1着率,0.0317,3号艇のclass_rank_2to6,0.0314,4号艇のclass_rank_2to6,0.1887,4号艇のwin_rate_rank_2to6,0.0856,場特性:1x_diff_course4,0.0435,4号艇のcumulative_diff_rank_2to6,0.0381,4号艇のracer_win_te,0.0357,0.14,北 1.0m/s,[逃げ]1号艇のdominanceが有利(+12.5pt)、風速区分が有利(+7.4pt) / [2着]3号艇のwin_rate_rank_2to6が有利(+16.9pt)、3号艇のモーター2連率が有利(+5.0pt) / [候補2]4号艇のclass_rank_2to6が有利(+18.9pt)、4号艇のwin_rate_rank_2to6が有利(+8.6pt) / [除外]6号艇のwin_rate_rank_2to6が不利(-7.3pt)、2号艇のwin_rate_rank_2to6が不利(-6.0pt)、天気+14.0pt
51,13,尼崎,12,16:23,0.7226633507657987,3,0.3469370808264348,2,0.2599976568328616,0.4386094912130281,0.19666326338202725,0.4102714742772692,0.33509944254228646,0.4301080861323004,1-3,1-2,0.187890777878092,0.2507187133349361,0.14212133288819262,0.083301519818757,0.05863099607729782,True,False,False,False,報知選抜戦,2026-09-07,race_no,0.1175,1号艇のracer_win_te,0.1005,1号艇の級別順位,0.0928,レース時間帯,0.0815,場特性:in_escape_diff,0.0745,3号艇のwin_rate_rank_2to6,0.162,3号艇のracer_avgfin_te,0.0616,6号艇の直近1着率,0.0546,3号艇の全国勝率,0.0463,3号艇のモーター2連率,0.035,2号艇のwin_rate_rank_2to6,-0.1258,2号艇の全国勝率,0.054,2号艇のracer_avgfin_te,0.0535,1号艇の女子戦2連率,0.0522,2号艇のclass_rank_2to6,-0.0477,0.21,北 1.3m/s,[逃げ]race_noが有利(+11.7pt)、1号艇のracer_win_teが有利(+10.0pt) / [2着]3号艇のwin_rate_rank_2to6が有利(+16.2pt)、3号艇のracer_avgfin_teが有利(+6.2pt) / [候補2]2号艇のwin_rate_rank_2to6が不利(-12.6pt)、2号艇の全国勝率が有利(+5.4pt) / [除外]win_rate_gap_top2_2to6が不利(-6.4pt)、3号艇のracer_win_teが不利(-5.9pt)、天気+21.0pt
52,24,大村,11,20:16,0.5291870418329481,2,0.43781895178775815,3,0.3258576427684914,0.4041277579902814,0.1438020861665235,0.6198745083897261,0.33439046037811854,0.4688517831101148,1-2,1-3,0.23168811595496586,0.1724396420353155,0.07609820058786929,0.04078805987467562,0.008173015001776618,False,False,False,False,予選,2026-09-07,1号艇のdominance,-0.2236,場特性:in_escape_diff,0.1855,1号艇の級別順位,0.0869,1号艇vs4号艇の枠別平均ST差,-0.0829,3号艇の直近1着率,-0.0751,2号艇の当地勝率,0.1168,3号艇の全国2連率,0.0822,2号艇のclass_rank_2to6,-0.0733,2号艇のwin_rate_rank_2to6,0.051,2号艇のracer_avgfin_te,0.0504,3号艇のwin_rate_rank_2to6,0.1861,3号艇の全国勝率,0.1362,3号艇の当地勝率,0.1074,3号艇のcumulative_diff_rank_2to6,0.0401,3号艇のracer_win_te,0.0374,0.0266,北東 4.7m/s,[逃げ]1号艇のdominanceが不利(-22.4pt)、場特性:in_escape_diffが有利(+18.5pt) / [2着]2号艇の当地勝率が有利(+11.7pt)、3号艇の全国2連率が有利(+8.2pt) / [候補2]3号艇のwin_rate_rank_2to6が有利(+18.6pt)、3号艇の全国勝率が有利(+13.6pt) / [除外]4号艇の女子戦2連率が不利(-15.2pt)、6号艇のwin_rate_rank_2to6が不利(-7.5pt)、天気+2.7pt
53,24,大村,6,17:46,0.6213581317844753,3,0.34701619374031156,2,0.32776147992260163,0.4192785946770621,0.17108620421234297,0.5036914694505702,0.33319925475212125,0.4446024571091145,1-3,1-2,0.20365726083562255,0.21562133384143953,0.10630580422347866,0.06910964652616185,0.026664093301990967,True,False,False,False,予選,2026-09-07,場特性:in_escape_diff,0.1749,1号艇のracer_win_te,0.1173,3号艇のracer_win_te,-0.1119,1号艇の一般戦勝率,-0.084,1号艇の級別順位,0.08,3号艇のwin_rate_rank_2to6,0.0871,3号艇の全国勝率,0.0515,2号艇の直近平均着順,-0.0515,3号艇のcumulative_diff_rank_2to6,0.0449,3号艇のracer_win_te,0.0419,1号艇vs2号艇の枠別勝率差,-0.1821,2号艇の全国勝率,0.062,2号艇のclass_rank_2to6,-0.0537,2号艇のモーター2連率,0.049,1号艇vs2号艇の枠別平均ST差,-0.0425,-0.0367,北 5.4m/s,[逃げ]場特性:in_escape_diffが有利(+17.5pt)、1号艇のracer_win_teが有利(+11.7pt) / [2着]3号艇のwin_rate_rank_2to6が有利(+8.7pt)、3号艇の全国勝率が有利(+5.2pt) / [候補2]1号艇vs2号艇の枠別勝率差が不利(-18.2pt)、2号艇の全国勝率が有利(+6.2pt) / [除外]3号艇のracer_avgfin_teが不利(-5.2pt)、天気-3.7pt
54,24,大村,12,20:45,0.7584638019944652,2,0.34715506586086964,4,0.24905782303174875,0.45220589450759896,0.21952977022928508,0.37668311866333326,0.3330787071665011,0.42954906175431923,1-2,1-4,0.26330455113447415,0.1665053841790749,0.18890134337312484,0.12266436924554847,0.01708814982399606,False,False,False,False,発祥地ＤＲ,2026-09-07,race_no,0.1761,場特性:in_escape_diff,0.1711,1号艇のracer_win_te,0.1585,1号艇のdominance,0.1243,1号艇の全国勝率,0.0847,2号艇のwin_rate_rank_2to6,-0.1266,2号艇の当地勝率,0.1108,2号艇のclass_rank_2to6,-0.0674,2号艇の全国勝率,0.0613,1号艇の女子戦2連率,0.0437,4号艇の全国勝率,0.2778,4号艇のwin_rate_rank_2to6,0.1072,4号艇のclass_rank_2to6,-0.075,4号艇のsession_exh_rel_avg,-0.0588,1号艇の枠別出走数,-0.0405,0.0119,北東 4.9m/s,[逃げ]race_noが有利(+17.6pt)、場特性:in_escape_diffが有利(+17.1pt) / [2着]2号艇のwin_rate_rank_2to6が不利(-12.7pt)、2号艇の当地勝率が有利(+11.1pt) / [候補2]4号艇の全国勝率が有利(+27.8pt)、4号艇のwin_rate_rank_2to6が有利(+10.7pt) / [除外]4号艇の女子戦2連率が不利(-15.8pt)、3号艇のracer_win_teが不利(-5.0pt)、天気+1.2pt
55,22,福岡,10,16:20,0.5499284764028394,2,0.37526468790599443,3,0.3752388333281884,0.41272325796728015,0.16549282884091235,0.5850106923932705,0.33075997057994877,0.4644094882950772,1-2,1-3,0.20636873806793055,0.20635451989934964,0.0910092192200788,0.03776929563935933,0.008426704600442664,True,False,False,False,選抜戦,2026-09-07,6号艇の枠別出走数,-0.1705,1号艇のdominance,-0.1564,1号艇のsession_exh_rel_avg,0.1467,1号艇の節間得点,0.0854,1号艇vs2号艇のcumulative差,0.0853,2号艇のsession_exh_rel_avg,0.1045,場特性:1x_diff_course2,0.0475,2号艇の全国勝率,0.0423,avg_entry_count,-0.041,2号艇のcumulative_diff_rank_2to6,-0.0383,3号艇のwin_rate_rank_2to6,0.1535,3号艇のsession_exh_rel_avg,0.1001,3号艇の当地勝率,0.0863,場特性:1x_diff_course3,0.0471,6号艇のracer_2nd_te,-0.0397,0.0228,北東 5.3m/s,[逃げ]6号艇の枠別出走数が不利(-17.0pt)、1号艇のdominanceが不利(-15.6pt) / [2着]2号艇のsession_exh_rel_avgが有利(+10.5pt)、場特性:1x_diff_course2が有利(+4.8pt) / [候補2]3号艇のwin_rate_rank_2to6が有利(+15.4pt)、3号艇のsession_exh_rel_avgが有利(+10.0pt) / [除外]6号艇のwin_rate_rank_2to6が不利(-6.5pt)、天気+2.3pt
56,24,大村,3,16:15,0.6391693808674618,3,0.34969858241837093,2,0.2928184418663485,0.41067720860886797,0.16514662380927164,0.4773704004754477,0.3292908632362634,0.4306851661688419,1-3,1-2,0.1871605821942888,0.2235166264145792,0.10555666529252378,0.08950683798422367,0.03342867374402934,True,False,False,False,予選,2026-09-07,場特性:in_escape_diff,0.1737,1号艇の級別順位,0.0831,1号艇のracer_win_te,0.0726,1号艇の勝率順位,-0.0718,1号艇の節間得点,-0.0679,3号艇のwin_rate_rank_2to6,0.1703,3号艇の当地勝率,0.0999,3号艇の全国勝率,0.052,3号艇のracer_avgfin_te,0.0501,3号艇のcumulative_diff_rank_2to6,0.04,2号艇のwin_rate_rank_2to6,-0.14,2号艇の全国勝率,0.0604,2号艇のclass_rank_2to6,-0.0509,2号艇のracer_avgfin_te,0.0506,2号艇の体重,-0.0469,-0.0371,北東 5.1m/s,[逃げ]場特性:in_escape_diffが有利(+17.4pt)、1号艇の級別順位が有利(+8.3pt) / [2着]3号艇のwin_rate_rank_2to6が有利(+17.0pt)、3号艇の当地勝率が有利(+10.0pt) / [候補2]2号艇のwin_rate_rank_2to6が不利(-14.0pt)、2号艇の全国勝率が有利(+6.0pt)、天気-3.7pt
57,24,大村,9,19:14,0.5972966344573082,2,0.3679535056217941,3,0.3345547885436675,0.41960583978337485,0.1810194760317347,0.5214888181337268,0.32845764467444377,0.4501707332884804,1-2,1-3,0.21977739054466583,0.199828449238709,0.1081223238049805,0.049952601826753845,0.019615865704543968,True,False,False,False,予選,2026-09-07,場特性:in_escape_diff,0.1383,1号艇のdominance,0.1237,1号艇の年齢,-0.122,3号艇のracer_win_te,-0.1153,1号艇の級別順位,0.0824,2号艇の当地勝率,0.1226,2号艇の全国勝率,0.0698,4号艇のracer_2nd_te,0.0685,2号艇のclass_rank_2to6,-0.0511,1号艇の年齢,0.049,3号艇の当地勝率,0.1063,6号艇の直近1着率,-0.1048,場特性:1x_diff_course3,0.0523,3号艇のwin_rate_rank_2to6,0.0437,3号艇のcumulative_diff_rank_2to6,0.0416,0.0212,北 5.4m/s,[逃げ]場特性:in_escape_diffが有利(+13.8pt)、1号艇のdominanceが有利(+12.4pt) / [2着]2号艇の当地勝率が有利(+12.3pt)、2号艇の全国勝率が有利(+7.0pt) / [候補2]3号艇の当地勝率が有利(+10.6pt)、6号艇の直近1着率が不利(-10.5pt) / [除外]2号艇の直近1着率が不利(-8.8pt)、6号艇のwin_rate_rank_2to6が不利(-6.0pt)、天気+2.1pt
58,01,桐生,12,20:30,0.5572033874611348,2,0.40683266854116096,3,0.32907606451988725,0.4100508389238481,0.16736207913172665,0.5685466539293216,0.3276984857814433,0.4575995834254901,1-2,1-3,0.22668854104098796,0.18336229788286015,0.0932547174247366,0.0357241102275118,0.01817370220333904,False,False,False,False,桐生特選,2026-09-07,1号艇のdominance,0.1958,1号艇のsession_exh_rel_avg,0.1247,race_no,0.0973,ST差分(4-3),-0.0924,場特性:in_escape_diff,-0.0791,2号艇のsession_exh_rel_avg,0.1493,2号艇のclass_rank_2to6,0.0797,2号艇の当地勝率,0.0764,2号艇のracer_avgfin_te,0.059,3号艇のモーター出走数,0.0585,3号艇のsession_exh_rel_avg,-0.1617,3号艇のwin_rate_rank_2to6,0.1276,6号艇のモーター出走数,0.0919,3号艇の節間得点,0.0381,6号艇のsession_exh_rel_last,0.0364,0.0412,南東 0.7m/s,[逃げ]1号艇のdominanceが有利(+19.6pt)、1号艇のsession_exh_rel_avgが有利(+12.5pt) / [2着]2号艇のsession_exh_rel_avgが有利(+14.9pt)、2号艇のclass_rank_2to6が有利(+8.0pt) / [候補2]3号艇のsession_exh_rel_avgが不利(-16.2pt)、3号艇のwin_rate_rank_2to6が有利(+12.8pt) / [除外]6号艇のwin_rate_rank_2to6が不利(-6.5pt)、天気+4.1pt
59,11,琵琶湖,9,14:41,0.7944087925172354,2,0.29854742198205186,5,0.2173783519557654,0.4098559711024615,0.1682086026836317,0.34771717125418555,0.32712641086163596,0.39121433114797866,1-2,1-5,0.23716869700589535,0.13362639294891526,0.13200544477872625,0.1726872740965662,0.11892097776832558,True,True,False,False,予選特賞,2026-09-07,1号艇のdominance,0.1573,1号艇のvs_max234_diff,0.0993,風速区分,0.0947,1号艇の勝率順位,0.0709,場特性:in_escape_diff,-0.0701,2号艇のsession_exh_rel_avg,-0.1297,3号艇のracer_win_te,0.085,2号艇のclass_rank_2to6,0.0738,3号艇のracer_2nd_te,0.0556,2号艇の直近平均着順,-0.0476,5号艇のwin_rate_rank_2to6,0.2668,5号艇のsession_exh_rel_avg,-0.1821,5号艇のclass_rank_2to6,0.1381,3号艇の枠別平均ST,0.0758,6号艇のモーター2連率,0.0546,0.0994,南西 1.1m/s,[逃げ]1号艇のdominanceが有利(+15.7pt)、1号艇のvs_max234_diffが有利(+9.9pt) / [2着]2号艇のsession_exh_rel_avgが不利(-13.0pt)、3号艇のracer_win_teが有利(+8.5pt) / [候補2]5号艇のwin_rate_rank_2to6が有利(+26.7pt)、5号艇のsession_exh_rel_avgが不利(-18.2pt)、天気+9.9pt
60,24,大村,1,15:15,0.6640893213514184,2,0.3747768521969515,3,0.2580679563792551,0.42026547944814135,0.1862117426096771,0.4466330659665295,0.3263554387040655,0.4281757554036578,1-2,1-3,0.24888530543369436,0.17138017401444697,0.12366122977732547,0.0875210141368827,0.03264158809336687,True,False,False,False,予選,2026-09-07,場特性:in_escape_diff,0.1631,1号艇のracer_win_te,0.115,1号艇の節間得点,-0.0761,1号艇のモーター2連率,0.0661,1号艇の級別順位,0.064,2号艇の全国勝率,0.0539,2号艇の当地勝率,0.0482,2号艇のclass_rank_2to6,-0.0461,2号艇のモーター2連率,-0.0444,2号艇のracer_avgfin_te,0.0432,3号艇のwin_rate_rank_2to6,-0.111,6号艇のracer_2nd_te,-0.0737,3号艇の当地勝率,0.072,6号艇の直近1着率,0.0637,3号艇のcumulative_diff_rank_2to6,0.0472,-0.024,北東 5.0m/s,[逃げ]場特性:in_escape_diffが有利(+16.3pt)、1号艇のracer_win_teが有利(+11.5pt) / [2着]2号艇の全国勝率が有利(+5.4pt)、2号艇の当地勝率が有利(+4.8pt) / [候補2]3号艇のwin_rate_rank_2to6が不利(-11.1pt)、6号艇のracer_2nd_teが不利(-7.4pt) / [除外]2号艇の直近1着率が不利(-7.0pt)、天気-2.4pt
61,11,琵琶湖,2,11:05,0.7391476327852634,2,0.35288088050593747,5,0.21134858723134053,0.4170488754256982,0.18916651909521415,0.37506294864206385,0.3223788545574747,0.40445309739060786,1-2,1-5,0.2608310674811431,0.13982198479145586,0.08092493659904824,0.15621780794455511,0.10135181944782412,True,True,False,False,予選,2026-09-07,1号艇のdominance,0.2484,1号艇vs5号艇のcumulative差,-0.112,1号艇のvs_max234_diff,0.1038,場特性:in_escape_diff,-0.0986,風速区分,0.0906,2号艇の全国勝率,-0.0878,2号艇のsession_exh_rel_avg,0.0759,5号艇の年齢,-0.0558,2号艇のwin_rate_rank_2to6,-0.0555,2号艇の節間得点,0.0532,5号艇のracer_avgfin_te,-0.1376,5号艇の節間得点,0.1259,5号艇のwin_rate_rank_2to6,-0.1041,mean_234_全国勝率,0.1039,1号艇vs4号艇の勝率差,0.086,0.1052,北東 0.9m/s,[逃げ]1号艇のdominanceが有利(+24.8pt)、1号艇vs5号艇のcumulative差が不利(-11.2pt) / [2着]2号艇の全国勝率が不利(-8.8pt)、2号艇のsession_exh_rel_avgが有利(+7.6pt) / [候補2]5号艇のracer_avgfin_teが不利(-13.8pt)、5号艇の節間得点が有利(+12.6pt) / [除外]4号艇のwin_rate_rank_2to6が不利(-5.7pt)、天気+10.5pt
62,09,津,11,15:57,0.7893437971215622,2,0.3226211501986047,4,0.26952117749787036,0.467403873380336,0.266965846512753,0.325176481183722,0.3176668285159508,0.42473565572135175,1-2,1-4,0.2546590037294925,0.21072783498814862,0.21274486965084355,0.08101719315159094,0.030194907363625824,True,False,False,False,準優勝戦,2026-09-07,1号艇のdominance,0.1743,1号艇の全国勝率,0.1316,3号艇のracer_win_te,-0.1071,風速区分,0.0948,5号艇のsession_exh_rel_avg,-0.0915,2号艇のwin_rate_rank_2to6,-0.1155,2号艇のsession_exh_rel_avg,0.0881,2号艇のclass_rank_2to6,-0.0651,2号艇の全国勝率,0.0582,4号艇の一般戦勝率,-0.0481,4号艇の全国勝率,0.0997,4号艇のwin_rate_rank_2to6,-0.0777,2号艇の女子戦勝率,0.0571,4号艇のclass_rank_2to6,-0.0557,4号艇のracer_2nd_te,0.0543,0.1816,西 1.5m/s,[逃げ]1号艇のdominanceが有利(+17.4pt)、1号艇の全国勝率が有利(+13.2pt) / [2着]2号艇のwin_rate_rank_2to6が不利(-11.5pt)、2号艇のsession_exh_rel_avgが有利(+8.8pt) / [候補2]4号艇の全国勝率が有利(+10.0pt)、4号艇のwin_rate_rank_2to6が不利(-7.8pt)、天気+18.2pt
63,22,福岡,1,11:47,0.6756484327167263,3,0.41550012088127286,4,0.2708467232381564,0.4637291695293636,0.2662892005562548,0.42005764356317443,0.3155458857350553,0.45062771173950683,1-3,1-4,0.17991788100522357,0.2807320054670423,0.18299716406232128,0.020001342051030407,0.012000028804669209,True,True,False,False,一般戦,2026-09-07,1号艇のdominance,0.1715,1号艇の勝率順位,0.0842,ST差分(4-3),-0.0717,1号艇のsession_exh_rel_avg,-0.0686,1号艇の級別順位,0.0646,3号艇のwin_rate_rank_2to6,0.1934,3号艇のsession_exh_rel_avg,0.1315,場特性:1x_diff_course3,0.0493,2号艇のvs_boat3_diff,0.0336,3号艇の全国勝率,0.0333,4号艇のclass_rank_2to6,0.1952,4号艇のwin_rate_rank_2to6,0.0895,4号艇のモーター2連率,0.0806,4号艇のcumulative_diff_rank_2to6,0.0645,4号艇のsession_exh_rel_avg,0.0595,-0.0405,北東 5.1m/s,[逃げ]1号艇のdominanceが有利(+17.1pt)、1号艇の勝率順位が有利(+8.4pt) / [2着]3号艇のwin_rate_rank_2to6が有利(+19.3pt)、3号艇のsession_exh_rel_avgが有利(+13.1pt) / [候補2]4号艇のclass_rank_2to6が有利(+19.5pt)、4号艇のwin_rate_rank_2to6が有利(+9.0pt) / [除外]6号艇の節間得点が不利(-8.7pt)、6号艇のwin_rate_rank_2to6が不利(-6.9pt)、天気-4.0pt
64,03,江戸川,12,16:25,0.6338320987271626,2,0.4183151588267762,4,0.24395060483212844,0.4197652988950706,0.20712869988594323,0.4551370637729614,0.3154307701542262,0.4303768283584378,1-2,1-4,0.26514157504856195,0.131284818555336,0.15462372384650866,0.03813807189210066,0.04464391646828104,True,False,False,False,記者選抜戦,2026-09-07,1号艇のdominance,0.1634,1号艇のsession_exh_rel_avg,-0.1621,場特性:in_escape_diff,-0.1227,1号艇のracer_win_te,0.1185,race_no,0.0912,2号艇のsession_exh_rel_avg,0.1242,2号艇の枠別出走数,-0.0906,2号艇のclass_rank_2to6,0.0901,2号艇の一般戦勝率,-0.0694,2号艇のwin_rate_rank_2to6,0.0651,1号艇vs5号艇の枠別勝率差,0.2056,2号艇のsession_exh_rel_delta,0.1943,4号艇のsession_exh_rel_avg,0.0999,4号艇のwin_rate_rank_2to6,-0.0807,4号艇のclass_rank_2to6,-0.0744,0.0594,南西 2.6m/s,[逃げ]1号艇のdominanceが有利(+16.3pt)、1号艇のsession_exh_rel_avgが不利(-16.2pt) / [2着]2号艇のsession_exh_rel_avgが有利(+12.4pt)、2号艇の枠別出走数が不利(-9.1pt) / [候補2]1号艇vs5号艇の枠別勝率差が有利(+20.6pt)、2号艇のsession_exh_rel_deltaが有利(+19.4pt) / [除外]1号艇vs3号艇の枠別勝率差が不利(-5.0pt)、天気+5.9pt
65,13,尼崎,5,12:33,0.45304624068221877,2,0.5102904638754701,3,0.3042224526916111,0.3690120148378258,0.13389944777077353,0.6806134687963076,0.3097194088287474,0.4624924510253703,1-2,1-3,0.23118517631476726,0.13782683852305855,0.06066264144197405,0.017922154491283062,0.0054494345523899285,True,True,False,False,予選,2026-09-07,1号艇のdominance,-0.1633,1号艇の年齢,-0.1348,1号艇の級別順位,-0.1044,風速区分,0.0722,1号艇のvs_max234_diff,-0.0715,2号艇のwin_rate_rank_2to6,0.207,2号艇のclass_rank_2to6,0.1082,2号艇の当地勝率,0.0982,2号艇の全国勝率,0.0625,2号艇のracer_avgfin_te,0.0535,3号艇のモーター2連率,0.0914,3号艇のwin_rate_rank_2to6,-0.0805,3号艇のcumulative_diff_rank_2to6,0.0515,3号艇のracer_2nd_te,0.0317,3号艇の全国勝率,0.0313,0.0958,東 0.9m/s,[逃げ]1号艇のdominanceが不利(-16.3pt)、1号艇の年齢が不利(-13.5pt) / [2着]2号艇のwin_rate_rank_2to6が有利(+20.7pt)、2号艇のclass_rank_2to6が有利(+10.8pt) / [候補2]3号艇のモーター2連率が有利(+9.1pt)、3号艇のwin_rate_rank_2to6が不利(-8.0pt) / [除外]6号艇のwin_rate_rank_2to6が不利(-6.9pt)、2号艇のracer_2nd_teが不利(-5.7pt)、天気+9.6pt
66,03,江戸川,7,13:56,0.5022601144729961,3,0.40624481923053446,4,0.3462306749245414,0.37793842783245274,0.15303557190799022,0.5994399222470856,0.30853279969323744,0.4443888761568425,1-3,1-4,0.0768636638649476,0.20404056941078985,0.17389785842166286,0.01810778196226796,0.029350244555457265,True,True,False,False,予選,2026-09-07,1号艇のdominance,-0.2298,1号艇のsession_exh_rel_avg,0.1531,場特性:in_escape_diff,-0.0857,1号艇のvs_max234_diff,-0.0733,1号艇の級別順位,-0.0686,3号艇のwin_rate_rank_2to6,0.0685,6号艇のsession_rank_diff_last,0.0506,場特性:1x_diff_course3,-0.0429,3号艇のclass_rank_2to6,0.0413,5号艇のracer_win_te,0.0401,4号艇のwin_rate_rank_2to6,0.1634,4号艇のsession_exh_rel_avg,-0.1185,4号艇のclass_rank_2to6,0.1117,1号艇のsession_rank_diff_delta,0.0598,4号艇の節間得点,0.0497,-0.0353,南 4.0m/s,[逃げ]1号艇のdominanceが不利(-23.0pt)、1号艇のsession_exh_rel_avgが有利(+15.3pt) / [2着]3号艇のwin_rate_rank_2to6が有利(+6.9pt)、6号艇のsession_rank_diff_lastが有利(+5.1pt) / [候補2]4号艇のwin_rate_rank_2to6が有利(+16.3pt)、4号艇のsession_exh_rel_avgが不利(-11.9pt) / [除外]6号艇のsession_exh_rel_avgが不利(-7.7pt)、天気-3.5pt
67,13,尼崎,10,15:03,0.7614070243254084,4,0.2836653601110004,3,0.27444438880706157,0.4249486831707024,0.22831918435785126,0.3297905645602107,0.3085199590881292,0.3964012475875549,1-4,1-3,0.17384383075831586,0.20896388542439018,0.2159847977463122,0.0803541900062838,0.0822603345724174,True,False,False,False,予選特賞,2026-09-07,1号艇のdominance,0.2795,1号艇の級別順位,0.081,1号艇の勝率順位,0.0696,風速区分,0.0669,1号艇のracer_win_te,0.0649,4号艇のwin_rate_rank_2to6,0.154,4号艇のclass_rank_2to6,0.1332,3号艇の年齢,0.063,4号艇の年齢,0.047,4号艇のcumulative_diff_rank_2to6,0.037,3号艇のwin_rate_rank_2to6,-0.098,3号艇のcumulative_diff_rank_2to6,0.0519,5号艇の一般戦2連率,-0.0334,3号艇のモーター2連率,-0.032,3号艇の全国2連率,0.0313,0.1449,北 1.3m/s,[逃げ]1号艇のdominanceが有利(+27.9pt)、1号艇の級別順位が有利(+8.1pt) / [2着]4号艇のwin_rate_rank_2to6が有利(+15.4pt)、4号艇のclass_rank_2to6が有利(+13.3pt) / [候補2]3号艇のwin_rate_rank_2to6が不利(-9.8pt)、3号艇のcumulative_diff_rank_2to6が有利(+5.2pt) / [除外]2号艇のwin_rate_rank_2to6が不利(-5.4pt)、天気+14.5pt
68,09,津,5,12:44,0.7151293802575514,3,0.33274425795598783,2,0.30405976615232394,0.45539726710609174,0.2734717464901965,0.3633322776181152,0.30595132392725327,0.42777777025969876,1-3,1-2,0.2174420721297674,0.2379551949763244,0.19556768058548443,0.052639045818889556,0.011525380086924263,True,True,False,False,一般,2026-09-07,1号艇のsession_exh_rel_avg,0.1256,1号艇の級別順位,0.0866,1号艇の当地勝率,0.0842,風速区分,0.0816,1号艇のracer_win_te,0.0799,3号艇のwin_rate_rank_2to6,0.1869,6号艇のモーター出走数,0.1512,3号艇の全国勝率,0.111,3号艇のsession_exh_rel_avg,0.0919,4号艇の当地2連率,0.0717,2号艇のwin_rate_rank_2to6,0.0746,2号艇のclass_rank_2to6,-0.062,2号艇のsession_exh_rel_avg,-0.0578,2号艇の全国勝率,0.0556,2号艇の直近平均着順,0.0506,0.0733,南西 0.7m/s,[逃げ]1号艇のsession_exh_rel_avgが有利(+12.6pt)、1号艇の級別順位が有利(+8.7pt) / [2着]3号艇のwin_rate_rank_2to6が有利(+18.7pt)、6号艇のモーター出走数が有利(+15.1pt) / [候補2]2号艇のwin_rate_rank_2to6が有利(+7.5pt)、2号艇のclass_rank_2to6が不利(-6.2pt) / [除外]4号艇の当地2連率が不利(-13.2pt)、2号艇の直近1着率が不利(-6.8pt)、天気+7.3pt
69,04,平和島,11,16:03,0.4718218915289052,3,0.37352434191647665,4,0.3691762726147142,0.35042240878778674,0.10669721279807748,0.6360034017331133,0.3055554956042123,0.43609670667138467,1-3,1-4,0.05034208076325103,0.17623696153512156,0.17418544725266522,0.03616621640172903,0.0348911873338119,True,False,False,False,予選特選,2026-09-07,1号艇のdominance,0.335,ST差分(3-2),-0.1894,1号艇のsession_exh_rel_avg,0.1241,1号艇の体重,-0.1155,場特性:in_escape_diff,-0.1056,3号艇のwin_rate_rank_2to6,0.1575,3号艇のsession_exh_rel_avg,0.0661,3号艇の枠別出走数,-0.0623,6号艇のsession_rank_diff_last,0.0566,2号艇のvs_boat3_diff,0.0451,4号艇のclass_rank_2to6,0.215,ST差分(3-2),0.1897,1号艇の平均ST,0.1082,4号艇のsession_exh_rel_avg,-0.0848,4号艇のwin_rate_rank_2to6,-0.0795,-0.0188,南西 4.2m/s,[逃げ]1号艇のdominanceが有利(+33.5pt)、ST差分(3-2)が不利(-18.9pt) / [2着]3号艇のwin_rate_rank_2to6が有利(+15.8pt)、3号艇のsession_exh_rel_avgが有利(+6.6pt) / [候補2]4号艇のclass_rank_2to6が有利(+21.5pt)、ST差分(3-2)が有利(+19.0pt) / [除外]2号艇のwin_rate_rank_2to6が不利(-6.7pt)、6号艇のsession_exh_rel_avgが不利(-5.2pt)、天気-1.9pt
70,13,尼崎,8,14:08,0.6006469708200588,3,0.4259754549816597,2,0.25433789461189105,0.4086281526418139,0.21638880776831454,0.4639245418252362,0.30252108211693673,0.42521706939684056,1-3,1-2,0.1527672859633837,0.2558608666784302,0.12997328190540214,0.04524821965711644,0.01679732556606359,True,True,False,False,予選,2026-09-07,1号艇の年齢,-0.1371,1号艇のdominance,-0.0814,1号艇の勝率順位,-0.0681,1号艇のモーター2連率順位,0.0674,風速区分,0.0603,3号艇のwin_rate_rank_2to6,0.1575,3号艇の当地勝率,0.1167,3号艇のclass_rank_2to6,0.0523,1号艇vs4号艇の枠別平均ST差,-0.0365,場特性:1x_diff_course3,-0.0328,2号艇の全国勝率,0.0494,2号艇のwin_rate_rank_2to6,-0.0419,2号艇のclass_rank_2to6,-0.0415,2号艇のモーター2連率,-0.0377,2号艇のracer_avgfin_te,-0.037,0.062,南東 0.5m/s,[逃げ]1号艇の年齢が不利(-13.7pt)、1号艇のdominanceが不利(-8.1pt) / [2着]3号艇のwin_rate_rank_2to6が有利(+15.8pt)、3号艇の当地勝率が有利(+11.7pt) / [候補2]2号艇の全国勝率が有利(+4.9pt)、2号艇のwin_rate_rank_2to6が不利(-4.2pt) / [除外]6号艇のwin_rate_rank_2to6が不利(-6.8pt)、3号艇の一般戦勝率が不利(-5.3pt)、天気+6.2pt
71,09,津,2,11:12,0.5915991241691411,4,0.35012744722220984,2,0.31202904277583166,0.3917311995457539,0.19329456651637095,0.4688619234816705,0.3008677846571925,0.41487041672652886,1-4,1-2,0.18459610842151747,0.11435289625773884,0.2071350911242365,0.044888734065847674,0.04062629650367906,True,True,False,False,一般,2026-09-07,1号艇のracer_win_te,0.1481,1号艇のsession_exh_rel_avg,0.098,1号艇の級別順位,0.0777,4号艇のsession_exh_rel_avg,-0.0718,1号艇vs4号艇のcumulative差,-0.066,4号艇のsession_exh_rel_avg,0.1077,4号艇の全国勝率,0.1006,1号艇のsession_rank_diff_delta,0.0773,4号艇のwin_rate_rank_2to6,-0.0681,4号艇の節間得点,0.0616,2号艇のwin_rate_rank_2to6,-0.139,2号艇の全国勝率,0.077,2号艇のclass_rank_2to6,-0.066,2号艇のracer_avgfin_te,0.0614,4号艇のsession_rank_diff_delta,-0.0463,0.0327,南 1.2m/s,[逃げ]1号艇のracer_win_teが有利(+14.8pt)、1号艇のsession_exh_rel_avgが有利(+9.8pt) / [2着]4号艇のsession_exh_rel_avgが有利(+10.8pt)、4号艇の全国勝率が有利(+10.1pt) / [候補2]2号艇のwin_rate_rank_2to6が不利(-13.9pt)、2号艇の全国勝率が有利(+7.7pt) / [除外]6号艇のwin_rate_rank_2to6が不利(-6.2pt)、天気+3.3pt
72,24,大村,8,18:43,0.6050189245308707,2,0.4033744814427235,3,0.26452503835532126,0.40409184916289803,0.2272669099053216,0.4406326098927231,0.29388780211028304,0.4150540773818455,1-2,1-3,0.2440491949456742,0.1600426542172238,0.13750078141237196,0.04295360842497391,0.0204726866575624,True,False,False,False,予選,2026-09-07,場特性:in_escape_diff,0.1836,1号艇の年齢,-0.1162,1号艇のracer_win_te,0.1087,1号艇の級別順位,0.0752,1号艇の節間得点,-0.0708,2号艇の当地勝率,0.0943,2号艇のwin_rate_rank_2to6,0.0683,1号艇の年齢,0.0633,2号艇のclass_rank_2to6,-0.0587,2号艇の全国勝率,0.044,3号艇のwin_rate_rank_2to6,-0.0997,3号艇のcumulative_diff_rank_2to6,0.0483,場特性:1x_diff_course3,0.0435,3号艇の当地勝率,0.0435,3号艇のモーター2連率,0.0362,-0.0291,北 5.7m/s,[逃げ]場特性:in_escape_diffが有利(+18.4pt)、1号艇の年齢が不利(-11.6pt) / [2着]2号艇の当地勝率が有利(+9.4pt)、2号艇のwin_rate_rank_2to6が有利(+6.8pt) / [候補2]3号艇のwin_rate_rank_2to6が不利(-10.0pt)、3号艇のcumulative_diff_rank_2to6が有利(+4.8pt) / [除外]6号艇のwin_rate_rank_2to6が不利(-6.7pt)、天気-2.9pt
73,24,大村,2,15:45,0.5727718908357845,2,0.42236974593374615,3,0.21322287789800093,0.3640495889533873,0.16086741602838928,0.4747252078033578,0.2937731289360329,0.3972522746083784,1-2,1-3,0.24192151801030168,0.1221280709430856,0.09214033405244731,0.0861518578571973,0.030430114240235798,True,False,False,False,予選,2026-09-07,1号艇の女子戦比率,-0.2992,1号艇のracer_win_te,0.204,場特性:in_escape_diff,0.1838,1号艇の枠別出走数,-0.0804,1号艇の級別順位,0.0787,1号艇vs2号艇のlocal_win_rate差,0.1009,2号艇のclass_rank_2to6,-0.0648,2号艇の全国勝率,0.0521,2号艇のwin_rate_rank_2to6,0.0515,2号艇のracer_avgfin_te,0.0412,3号艇の当地勝率,0.1274,3号艇のwin_rate_rank_2to6,-0.1198,3号艇のcumulative_diff_rank_2to6,0.052,3号艇のracer_avgfin_te,0.0416,2号艇の直近平均着順,-0.0373,0.0038,北東 5.1m/s,[逃げ]1号艇の女子戦比率が不利(-29.9pt)、1号艇のracer_win_teが有利(+20.4pt) / [2着]1号艇vs2号艇のlocal_win_rate差が有利(+10.1pt)、2号艇のclass_rank_2to6が不利(-6.5pt) / [候補2]3号艇の当地勝率が有利(+12.7pt)、3号艇のwin_rate_rank_2to6が不利(-12.0pt)、天気+0.4pt
74,11,琵琶湖,4,12:03,0.3844474029504969,3,0.4238725353476557,2,0.4231417859619916,0.32563245608937164,0.08331378931330444,0.7637005319963428,0.2930768474811271,0.45705287886146295,1-3,1-2,0.1626757606929227,0.16295669539644891,0.02033081964979918,0.03202976993146475,0.006454348328747696,True,True,False,False,予選,2026-09-07,1号艇のracer_win_te,-0.1941,1号艇のsession_exh_rel_avg,0.1634,1号艇のdominance,-0.1603,1号艇の級別順位,-0.0752,1号艇の全国勝率,-0.0699,3号艇のwin_rate_rank_2to6,0.1701,3号艇のsession_exh_rel_avg,0.1265,1号艇vs3号艇のcumulative差,0.0789,3号艇のclass_rank_2to6,0.0506,3号艇の節間得点,0.0497,2号艇のclass_rank_2to6,0.0733,2号艇のwin_rate_rank_2to6,0.055,1号艇vs2号艇のcumulative差,0.0406,1号艇の直近複勝率,0.0388,1号艇vs3号艇の直近複勝率差,0.0382,0.0438,南東 0.2m/s,[逃げ]1号艇のracer_win_teが不利(-19.4pt)、1号艇のsession_exh_rel_avgが有利(+16.3pt) / [2着]3号艇のwin_rate_rank_2to6が有利(+17.0pt)、3号艇のsession_exh_rel_avgが有利(+12.7pt) / [候補2]2号艇のclass_rank_2to6が有利(+7.3pt)、2号艇のwin_rate_rank_2to6が有利(+5.5pt) / [除外]1号艇vs3号艇の直近複勝率差が不利(-7.6pt)、6号艇のwin_rate_rank_2to6が不利(-6.1pt)、天気+4.4pt
75,14,鳴門,10,13:09,0.49866578844199233,4,0.42747135328942665,3,0.3228239711941262,0.37414660954793133,0.19025092351070547,0.5600444009728474,0.2887285239540594,0.42991594697540614,1-4,1-3,0.09487162677428311,0.16098127012349397,0.21316533942443738,0.014286201242523586,0.015361348090741985,True,True,False,False,特賞,2026-09-07,1号艇のdominance,-0.1678,場特性:in_escape_diff,-0.1425,1号艇のsession_exh_rel_avg,-0.1341,1号艇の女子戦比率,-0.1173,1号艇のvs_max234_diff,-0.1102,4号艇のclass_rank_2to6,0.2372,4号艇のwin_rate_rank_2to6,0.2292,4号艇の全国勝率,0.1646,win_rate_gap_top2_2to6,0.088,4号艇の節間得点,-0.0653,3号艇のsession_exh_rel_avg,0.1014,4号艇のracer_avgfin_te,0.0447,3号艇のcumulative_diff_rank_2to6,0.0369,3号艇のwin_rate_rank_2to6,0.0367,3号艇の全国勝率,-0.0366,0.1433,北 4.0m/s,[逃げ]1号艇のdominanceが不利(-16.8pt)、場特性:in_escape_diffが不利(-14.2pt) / [2着]4号艇のclass_rank_2to6が有利(+23.7pt)、4号艇のwin_rate_rank_2to6が有利(+22.9pt) / [候補2]3号艇のsession_exh_rel_avgが有利(+10.1pt)、4号艇のracer_avgfin_teが有利(+4.5pt) / [除外]6号艇のwin_rate_rank_2to6が不利(-8.4pt)、6号艇のvs_avg456_diffが不利(-6.4pt)、天気+14.3pt
76,13,尼崎,11,15:40,0.7200251319608278,2,0.3099365723370258,3,0.2644959811961439,0.4136058751603159,0.25238914577389615,0.32204340775927365,0.2883383149377836,0.3861371349400032,1-2,1-3,0.22316212139645367,0.19044375376386216,0.18172652799133018,0.07728423524547393,0.04740848551679992,True,False,False,False,予選特選,2026-09-07,1号艇のdominance,0.1741,4号艇のモーター2連率,-0.1043,3号艇の女子戦勝率,0.0975,1号艇の勝率順位,0.0893,風向(度),-0.0869,2号艇の枠別出走数,-0.2028,2号艇のwin_rate_rank_2to6,0.1674,2号艇のclass_rank_2to6,0.1033,5号艇の年齢,-0.0733,2号艇の全国勝率,0.0568,3号艇の当地勝率,0.1355,3号艇のwin_rate_rank_2to6,-0.1252,3号艇のracer_avgfin_te,-0.0568,3号艇のモーター2連率,0.047,3号艇の全国勝率,-0.0391,0.0349,北 1.4m/s,[逃げ]1号艇のdominanceが有利(+17.4pt)、4号艇のモーター2連率が不利(-10.4pt) / [2着]2号艇の枠別出走数が不利(-20.3pt)、2号艇のwin_rate_rank_2to6が有利(+16.7pt) / [候補2]3号艇の当地勝率が有利(+13.5pt)、3号艇のwin_rate_rank_2to6が不利(-12.5pt)、天気+3.5pt
77,01,桐生,6,17:28,0.5801204757681385,2,0.3989354344298249,5,0.23052826327734968,0.3651647797926578,0.18022054517662633,0.44924315253054825,0.28619254496041524,0.3903882916140249,1-2,1-5,0.23143061402219903,0.09972765472936812,0.10454962841105778,0.1337341657704588,0.010678416617009842,True,False,False,False,ドラドキ目玉,2026-09-07,1号艇のdominance,0.1579,1号艇のvs_max234_diff,0.1117,6号艇のモーター出走数,-0.1046,1号艇のracer_win_te,0.099,場×風向,-0.097,2号艇のwin_rate_rank_2to6,0.0925,5号艇のsession_rank_diff_last,-0.0732,second_best_win_rate,0.0503,1号艇の体重,-0.0441,2号艇の直近平均着順,-0.0434,5号艇のwin_rate_rank_2to6,0.1915,5号艇の年齢,-0.1094,mean_234_全国勝率,0.0826,1号艇のモーター出走数,0.0774,3号艇のsession_rank_diff_last,0.0761,-0.0016,東 0.4m/s,[逃げ]1号艇のdominanceが有利(+15.8pt)、1号艇のvs_max234_diffが有利(+11.2pt) / [2着]2号艇のwin_rate_rank_2to6が有利(+9.2pt)、5号艇のsession_rank_diff_lastが不利(-7.3pt) / [候補2]5号艇のwin_rate_rank_2to6が有利(+19.2pt)、5号艇の年齢が不利(-10.9pt) / [除外]6号艇の全国勝率が不利(-13.4pt)、6号艇のwin_rate_rank_2to6が不利(-11.0pt)、天気影響ほぼなし
78,04,平和島,5,12:52,0.4167877065500782,2,0.44485541867824696,3,0.33239159290683407,0.323946999381448,0.12011724049259098,0.65712977109249,0.27725305582358245,0.42390183089476063,1-2,1-3,0.18541026969728136,0.1385367296841666,0.05006338918203118,0.030924537356038555,0.011852770538301709,True,True,False,False,予選,2026-09-07,場特性:in_escape_diff,-0.1582,1号艇の節間得点,0.1094,1号艇のdominance,0.0706,1号艇の体重,-0.0683,場特性:1x_diff_course2,-0.0622,2号艇のsession_exh_rel_avg,-0.1005,4号艇の女子戦比率,0.0826,2号艇の当地勝率,0.0818,2号艇のwin_rate_rank_2to6,0.0671,2号艇のclass_rank_2to6,-0.0608,3号艇のwin_rate_rank_2to6,0.2098,3号艇のsession_exh_rel_avg,0.1119,3号艇の当地勝率,-0.0456,3号艇の体重,-0.0454,6号艇の女子戦比率,0.045,-0.139,南西 5.3m/s,[逃げ]場特性:in_escape_diffが不利(-15.8pt)、1号艇の節間得点が有利(+10.9pt) / [2着]2号艇のsession_exh_rel_avgが不利(-10.1pt)、4号艇の女子戦比率が有利(+8.3pt) / [候補2]3号艇のwin_rate_rank_2to6が有利(+21.0pt)、3号艇のsession_exh_rel_avgが有利(+11.2pt) / [除外]6号艇のwin_rate_rank_2to6が不利(-7.5pt)、6号艇のvs_avg456_diffが不利(-6.2pt)、天気-13.9pt
79,09,津,8,14:17,0.6528761227785609,3,0.31264056876815327,2,0.24347223976881754,0.3630727742651137,0.19884635173059134,0.35726645680637953,0.27643793837472685,0.36133087902749345,1-3,1-2,0.15895721190447773,0.20411556236063594,0.12982203514653046,0.12023258068393199,0.03974873268298478,True,True,False,False,一般,2026-09-07,1号艇のsession_exh_rel_avg,-0.1934,1号艇のdominance,0.17,1号艇の全国勝率,0.1279,風速区分,0.1093,1号艇の勝率順位,0.0695,3号艇のモーター2連率,0.1445,4号艇のモーター出走数,-0.0957,6号艇のモーター出走数,0.0897,3号艇のwin_rate_rank_2to6,-0.0833,3号艇のcumulative_diff_rank_2to6,-0.0831,2号艇のwin_rate_rank_2to6,-0.1535,2号艇のsession_exh_rel_avg,0.1081,2号艇の全国勝率,0.078,2号艇の当地勝率,0.0746,2号艇のclass_rank_2to6,-0.0733,0.1131,南 0.1m/s,[逃げ]1号艇のsession_exh_rel_avgが不利(-19.3pt)、1号艇のdominanceが有利(+17.0pt) / [2着]3号艇のモーター2連率が有利(+14.5pt)、4号艇のモーター出走数が不利(-9.6pt) / [候補2]2号艇のwin_rate_rank_2to6が不利(-15.3pt)、2号艇のsession_exh_rel_avgが有利(+10.8pt)、天気+11.3pt
80,22,福岡,4,13:19,0.36355280131191064,2,0.4645641430068115,4,0.3891166295812378,0.31035803630050146,0.09700272933924083,0.7566780432488085,0.2742313443882825,0.44425403838499355,1-2,1-4,0.16889359557919337,0.03526561398618207,0.1414644407213081,0.007451934528082927,0.010477211756955155,True,True,False,False,一般戦,2026-09-07,1号艇のdominance,-0.3108,1号艇のvs_max234_diff,-0.1396,節間得点の分散(2-6号艇),-0.096,1号艇の級別順位,-0.0932,ST差分(4-3),-0.0906,3号艇の全国勝率,-0.0798,2号艇のclass_rank_2to6,0.0571,場特性:1x_diff_course2,0.0485,1号艇vs2号艇のplace_rate差,-0.0407,2号艇のwin_rate_rank_2to6,0.0397,4号艇のwin_rate_rank_2to6,0.2216,4号艇のclass_rank_2to6,0.1966,4号艇のsession_exh_rel_avg,0.0784,4号艇の年齢,0.061,節間得点の分散(2-6号艇),-0.056,0.0122,北東 5.7m/s,[逃げ]1号艇のdominanceが不利(-31.1pt)、1号艇のvs_max234_diffが不利(-14.0pt) / [2着]3号艇の全国勝率が不利(-8.0pt)、2号艇のclass_rank_2to6が有利(+5.7pt) / [候補2]4号艇のwin_rate_rank_2to6が有利(+22.2pt)、4号艇のclass_rank_2to6が有利(+19.7pt) / [除外]5号艇のracer_win_teが不利(-7.9pt)、天気+1.2pt
81,10,三国,3,09:24,0.4107595166904675,3,0.4996167778449751,4,0.2659541281523576,0.3144655353397477,0.12164716685609334,0.6439237391412393,0.2685609256021897,0.4133029964801952,1-3,1-4,0.049967731464573555,0.20522234619805066,0.10924318914169706,0.04554398923153869,0.0007822569247488494,False,False,True,False,みくにあさズ,2026-09-07,1号艇のdominance,-0.2151,6号艇の枠別出走数,-0.0899,3号艇のsession_exh_rel_avg,-0.0787,1号艇の節間得点,0.0739,1号艇のvs_max234_diff,-0.0669,3号艇のwin_rate_rank_2to6,0.192,3号艇の当地勝率,0.0924,3号艇のsession_exh_rel_avg,0.0865,3号艇の一般戦2連率,0.0797,3号艇の全国勝率,0.0723,4号艇の節間得点,0.1177,4号艇のwin_rate_rank_2to6,0.1133,4号艇のsession_exh_rel_avg,-0.0938,4号艇のclass_rank_2to6,-0.0821,5号艇のsession_rank_diff_delta,0.0634,0.0234,北東 1.4m/s,[逃げ]1号艇のdominanceが不利(-21.5pt)、6号艇の枠別出走数が不利(-9.0pt) / [2着]3号艇のwin_rate_rank_2to6が有利(+19.2pt)、3号艇の当地勝率が有利(+9.2pt) / [候補2]4号艇の節間得点が有利(+11.8pt)、4号艇のwin_rate_rank_2to6が有利(+11.3pt) / [除外]6号艇の直近平均着順が不利(-15.2pt)、6号艇の全国勝率が不利(-13.8pt)、天気+2.3pt
82,16,児島,6,13:28,0.4308583057089017,2,0.475184373521,3,0.30378754832220667,0.33562652244017105,0.1745991400045965,0.6043727818386102,0.2653063998232263,0.4162504002597028,1-2,1-3,0.20473713407460398,0.13088938836556707,0.07522748964061177,0.014415185549256875,0.005589106473789789,True,True,False,False,予選,2026-09-07,1号艇のdominance,-0.233,1号艇の級別順位,-0.0911,5号艇の枠別出走数,-0.0822,1号艇のモーター2連率順位,0.0752,1号艇のvs_max234_diff,-0.0741,2号艇のwin_rate_rank_2to6,0.1729,2号艇のclass_rank_2to6,0.0843,2号艇のracer_avgfin_te,0.0729,2号艇の全国勝率,0.0558,5号艇のracer_2nd_te,-0.0413,3号艇のwin_rate_rank_2to6,-0.0542,3号艇の全国勝率,0.0449,3号艇のcumulative_diff_rank_2to6,0.0389,場特性:1x_diff_course3,-0.0343,1号艇vs2号艇のplace_rate差,0.0341,0.0654,西 2.0m/s,[逃げ]1号艇のdominanceが不利(-23.3pt)、1号艇の級別順位が不利(-9.1pt) / [2着]2号艇のwin_rate_rank_2to6が有利(+17.3pt)、2号艇のclass_rank_2to6が有利(+8.4pt) / [候補2]3号艇のwin_rate_rank_2to6が不利(-5.4pt)、3号艇の全国勝率が有利(+4.5pt) / [除外]5号艇の直近平均着順が不利(-18.4pt)、win_rate_range_1to6が不利(-5.9pt)、天気+6.5pt
83,07,蒲郡,5,17:10,0.45730793262526326,3,0.46124169741133536,2,0.21700868928267075,0.31016928214132133,0.12514607315742912,0.5531043135365771,0.26358952093246724,0.38304979155989805,1-3,1-2,0.09923979505757628,0.210929487083745,0.057230291991793865,0.04120911606346496,0.04869924413228792,True,False,False,False,一般戦,2026-09-07,1号艇のdominance,-0.395,1号艇のvs_max234_diff,-0.1668,1号艇のsession_exh_rel_avg,0.1399,1号艇の節間得点,0.1383,1号艇のracer_win_te,-0.1338,3号艇の当地勝率,0.1003,3号艇のwin_rate_rank_2to6,0.0574,場特性:1x_diff_course3,0.048,3号艇の全国勝率,0.0418,2号艇のvs_boat3_diff,0.04,2号艇のwin_rate_rank_2to6,-0.1666,2号艇の全国勝率,-0.0699,1号艇の年齢,0.0667,2号艇のsession_exh_rel_avg,-0.045,2号艇のclass_rank_2to6,-0.042,-0.0207,北西 1.9m/s,[逃げ]1号艇のdominanceが不利(-39.5pt)、1号艇のvs_max234_diffが不利(-16.7pt) / [2着]3号艇の当地勝率が有利(+10.0pt)、3号艇のwin_rate_rank_2to6が有利(+5.7pt) / [候補2]2号艇のwin_rate_rank_2to6が不利(-16.7pt)、2号艇の全国勝率が不利(-7.0pt)、天気-2.1pt
84,01,桐生,7,17:55,0.48070324117097096,3,0.42826845290297927,2,0.2520539742680734,0.32703319578242684,0.16619270386179527,0.5141297233092573,0.2618125585108524,0.38316215404047593,1-3,1-2,0.1211631623806874,0.20587003340173946,0.07988937140533232,0.050273587346629636,0.02350709469499816,True,False,False,False,ドラドキ３,2026-09-07,1号艇の年齢,-0.1401,場特性:in_escape_diff,-0.101,1号艇のsession_exh_rel_avg,0.0849,2号艇の平均ST,-0.0661,6号艇の枠別出走数,-0.0615,3号艇のwin_rate_rank_2to6,0.1836,3号艇のsession_exh_rel_avg,-0.1633,3号艇のsession_exh_rel_last,-0.096,6号艇のモーター出走数,0.0796,3号艇のclass_rank_2to6,0.0516,2号艇のwin_rate_rank_2to6,-0.1582,2号艇のsession_exh_rel_avg,0.0626,3号艇のモーター出走数,0.053,2号艇のclass_rank_2to6,-0.053,2号艇の全国勝率,-0.0515,0.0125,西 0.4m/s,[逃げ]1号艇の年齢が不利(-14.0pt)、場特性:in_escape_diffが不利(-10.1pt) / [2着]3号艇のwin_rate_rank_2to6が有利(+18.4pt)、3号艇のsession_exh_rel_avgが不利(-16.3pt) / [候補2]2号艇のwin_rate_rank_2to6が不利(-15.8pt)、2号艇のsession_exh_rel_avgが有利(+6.3pt) / [除外]1号艇のsession_exh_rel_deltaが不利(-10.4pt)、6号艇のwin_rate_rank_2to6が不利(-8.6pt)、天気+1.3pt
85,07,蒲郡,6,17:37,0.5942717081871207,3,0.30952602912315097,4,0.2798972203528213,0.35027756131128945,0.21726508397723301,0.37215816549873926,0.25895386078292426,0.3568417425675244,1-3,1-4,0.1291144925845685,0.1839425620553914,0.16633499925589804,0.10849236049254615,0.006387292138340601,True,False,False,False,一般戦,2026-09-07,1号艇のsession_exh_rel_avg,0.171,3号艇のsession_exh_rel_last,-0.1392,5号艇の節間得点,-0.0919,1号艇のdominance,0.0769,1号艇の級別順位,0.0767,4号艇のsession_rank_diff_last,-0.0877,5号艇の節間得点,-0.0864,3号艇のwin_rate_rank_2to6,-0.0786,3号艇のsession_exh_rel_last,0.0661,場特性:1x_diff_course3,0.0584,4号艇のwin_rate_rank_2to6,0.1014,4号艇のsession_exh_rel_avg,0.0883,4号艇のclass_rank_2to6,-0.0721,2号艇のモーター2連率,-0.0486,5号艇の一般戦勝率,0.0408,-0.0156,北西 2.5m/s,[逃げ]1号艇のsession_exh_rel_avgが有利(+17.1pt)、3号艇のsession_exh_rel_lastが不利(-13.9pt) / [2着]4号艇のsession_rank_diff_lastが不利(-8.8pt)、5号艇の節間得点が不利(-8.6pt) / [候補2]4号艇のwin_rate_rank_2to6が有利(+10.1pt)、4号艇のsession_exh_rel_avgが有利(+8.8pt) / [除外]6号艇のsession_exh_rel_avgが不利(-7.5pt)、6号艇のwin_rate_rank_2to6が不利(-6.6pt)、天気-1.6pt
86,16,児島,7,14:03,0.5232582069302611,3,0.33797380623437623,2,0.3218410316054149,0.3452535289540301,0.2125451054734036,0.4472697323663875,0.25719519168211114,0.3758583899777373,1-3,1-2,0.1684059611144349,0.1768475678395952,0.1112159707818164,0.0659553620177846,0.0008333418262900469,True,True,False,False,予選,2026-09-07,6号艇の枠別出走数,-0.0958,1号艇の級別順位,-0.0941,1号艇のdominance,0.0813,ST差分(4-3),-0.0713,1号艇vs4号艇の枠別平均ST差,-0.0704,3号艇のwin_rate_rank_2to6,0.061,3号艇の当地勝率,-0.0472,3号艇のcumulative_diff_rank_2to6,0.0465,3号艇の年齢,-0.0406,3号艇の全国勝率,0.0375,2号艇のwin_rate_rank_2to6,-0.0413,2号艇のsession_exh_rel_avg,-0.0359,2号艇の全国勝率,0.0328,ST差分(4-3),-0.0317,4号艇のモーター出走数,-0.0229,0.0711,北西 1.8m/s,[逃げ]6号艇の枠別出走数が不利(-9.6pt)、1号艇の級別順位が不利(-9.4pt) / [2着]3号艇のwin_rate_rank_2to6が有利(+6.1pt)、3号艇の当地勝率が不利(-4.7pt) / [候補2]2号艇のwin_rate_rank_2to6が不利(-4.1pt)、2号艇のsession_exh_rel_avgが不利(-3.6pt) / [除外]6号艇の直近平均着順が不利(-24.2pt)、6号艇の全国勝率が不利(-16.4pt)、天気+7.1pt
87,10,三国,7,11:19,0.48953476912789606,5,0.4027031713961039,3,0.25158896019237503,0.320298747579365,0.168916787949752,0.48537534363872686,0.2553741448288433,0.36982172639717353,1-5,1-3,0.08269064079080762,0.12316154354290175,0.0765970955377624,0.1971372040364633,0.009948280204898404,True,True,False,False,一般,2026-09-07,5号艇の節間得点,-0.1621,1号艇のsession_exh_rel_avg,0.1329,1号艇vs4号艇のcumulative差,-0.089,1号艇のdominance,-0.0812,1号艇vs5号艇のcumulative差,-0.0679,5号艇のwin_rate_rank_2to6,0.241,5号艇のclass_rank_2to6,0.149,5号艇のsession_exh_rel_avg,0.1048,5号艇の節間得点,0.0845,場特性:1x_diff_course5,-0.0609,3号艇のwin_rate_rank_2to6,-0.1035,6号艇のsession_rank_diff_last,0.0963,5号艇の当地2連率,0.0867,3号艇のcumulative_diff_rank_2to6,-0.0529,3号艇のsession_exh_rel_avg,-0.0394,0.033,北東 0.7m/s,[逃げ]5号艇の節間得点が不利(-16.2pt)、1号艇のsession_exh_rel_avgが有利(+13.3pt) / [2着]5号艇のwin_rate_rank_2to6が有利(+24.1pt)、5号艇のclass_rank_2to6が有利(+14.9pt) / [候補2]3号艇のwin_rate_rank_2to6が不利(-10.3pt)、6号艇のsession_rank_diff_lastが有利(+9.6pt) / [除外]4号艇のwin_rate_rank_2to6が不利(-6.1pt)、天気+3.3pt
88,04,平和島,9,14:56,0.5006773780895697,3,0.31153617235867137,2,0.3097543609475655,0.3110661152476371,0.16908590798844297,0.4522046253177939,0.24794983939833587,0.35340766826868414,1-3,1-2,0.15508700129103728,0.15597911395659986,0.06898507581629708,0.08465748908354785,0.03596869794208763,True,True,False,False,予選特賞,2026-09-07,場特性:in_escape_diff,-0.1704,2号艇のsession_exh_rel_avg,-0.1616,1号艇のdominance,0.0896,1号艇の勝率順位,-0.0857,2号艇のsession_exh_rel_last,-0.0766,2号艇のsession_exh_rel_last,-0.1941,3号艇のwin_rate_rank_2to6,-0.0629,3号艇の全国勝率,0.0471,3号艇のcumulative_diff_rank_2to6,0.0441,3号艇のsession_avg_finish,0.037,2号艇のwin_rate_rank_2to6,-0.1733,2号艇のsession_exh_rel_avg,0.1492,2号艇の女子戦比率,-0.0804,2号艇の全国勝率,-0.0795,2号艇のclass_rank_2to6,-0.0699,-0.1151,南西 4.2m/s,[逃げ]場特性:in_escape_diffが不利(-17.0pt)、2号艇のsession_exh_rel_avgが不利(-16.2pt) / [2着]2号艇のsession_exh_rel_lastが不利(-19.4pt)、3号艇のwin_rate_rank_2to6が不利(-6.3pt) / [候補2]2号艇のwin_rate_rank_2to6が不利(-17.3pt)、2号艇のsession_exh_rel_avgが有利(+14.9pt) / [除外]6号艇のsession_exh_rel_avgが不利(-5.6pt)、天気-11.5pt
89,07,蒲郡,8,18:33,0.5791788691786537,5,0.2851114524612359,2,0.2596212624817108,0.31549767784527377,0.191948504484154,0.3527842104587927,0.2428265089285253,0.32668363762932945,1-5,1-2,0.1503671492188917,0.11117251776766604,0.10638608480300948,0.1651305286263821,0.046122597393142055,True,False,False,False,一般戦,2026-09-07,1号艇のsession_exh_rel_avg,-0.1097,4号艇のモーター2連率,-0.0961,1号艇の勝率順位,-0.0876,1号艇のvs_max234_frame_diff,0.0861,1号艇のvs_max234_diff,0.0774,5号艇のwin_rate_rank_2to6,0.2297,5号艇のclass_rank_2to6,0.159,5号艇の年齢,-0.0953,5号艇のsession_exh_rel_avg,0.0727,5号艇の節間得点,0.0521,2号艇のモーター2連率,0.0776,2号艇のsession_exh_rel_avg,0.0701,3号艇の全国勝率,-0.0691,2号艇のclass_rank_2to6,-0.0639,2号艇のwin_rate_rank_2to6,-0.0483,0.016,北 1.8m/s,[逃げ]1号艇のsession_exh_rel_avgが不利(-11.0pt)、4号艇のモーター2連率が不利(-9.6pt) / [2着]5号艇のwin_rate_rank_2to6が有利(+23.0pt)、5号艇のclass_rank_2to6が有利(+15.9pt) / [候補2]2号艇のモーター2連率が有利(+7.8pt)、2号艇のsession_exh_rel_avgが有利(+7.0pt)、天気+1.6pt
90,03,江戸川,11,15:53,0.4827847955887715,2,0.36297513497468514,4,0.3063731756208919,0.3231511873085752,0.21083189601675828,0.4585164145788188,0.24139449428417503,0.36376075548964826,1-2,1-4,0.1752388763425601,0.10178643382204378,0.1479123109660151,0.0453146284840745,0.01253255946292936,True,False,False,False,予選特選,2026-09-07,場特性:in_escape_diff,-0.1192,1号艇のsession_exh_rel_avg,0.1098,1号艇の級別順位,-0.0877,1号艇のモーター2連率,0.0825,4号艇のモーター2連率,-0.0694,2号艇のsession_exh_rel_avg,-0.1057,2号艇のclass_rank_2to6,0.0801,2号艇のwin_rate_rank_2to6,0.0645,レース時間帯,-0.0614,2号艇のモーター2連率,-0.0534,4号艇のwin_rate_rank_2to6,0.1637,4号艇のモーター2連率,0.1202,4号艇のclass_rank_2to6,0.1167,4号艇の全国勝率,0.06,4号艇の年齢,-0.0548,-0.0068,南西 2.9m/s,[逃げ]場特性:in_escape_diffが不利(-11.9pt)、1号艇のsession_exh_rel_avgが有利(+11.0pt) / [2着]2号艇のsession_exh_rel_avgが不利(-10.6pt)、2号艇のclass_rank_2to6が有利(+8.0pt) / [候補2]4号艇のwin_rate_rank_2to6が有利(+16.4pt)、4号艇のモーター2連率が有利(+12.0pt) / [除外]6号艇のwin_rate_rank_2to6が不利(-7.5pt)、6号艇のvs_avg456_diffが不利(-6.6pt)、天気-0.7pt
91,22,福岡,2,12:18,0.6161018392206863,6,0.28149640983328234,2,0.2625646179912148,0.3351969998909696,0.23370816169775,0.31035286612674706,0.24119107030962633,0.32774375976170284,1-6,1-2,0.1617665440586643,0.14398802826286933,0.08337847135758224,0.05353834888989789,0.17343045583230532,True,True,False,False,一般戦,2026-09-07,1号艇のracer_win_te,-0.1557,1号艇のsession_exh_rel_last,-0.0753,1号艇のsession_exh_rel_avg,-0.0662,1号艇のdominance,-0.0652,1号艇vs4号艇の枠別平均ST差,0.0607,6号艇のwin_rate_rank_2to6,0.3584,6号艇のclass_rank_2to6,0.175,6号艇の全国勝率,0.1714,6号艇のsession_exh_rel_avg,0.144,5号艇の節間得点,0.1139,2号艇のwin_rate_rank_2to6,-0.1551,2号艇のsession_exh_rel_avg,-0.1017,2号艇の全国勝率,-0.0692,場特性:1x_diff_course2,0.0478,2号艇のclass_rank_2to6,-0.045,0.035,北東 5.3m/s,[逃げ]1号艇のracer_win_teが不利(-15.6pt)、1号艇のsession_exh_rel_lastが不利(-7.5pt) / [2着]6号艇のwin_rate_rank_2to6が有利(+35.8pt)、6号艇のclass_rank_2to6が有利(+17.5pt) / [候補2]2号艇のwin_rate_rank_2to6が不利(-15.5pt)、2号艇のsession_exh_rel_avgが不利(-10.2pt)、天気+3.5pt
92,13,尼崎,7,13:40,0.4753144463191523,2,0.4200733886239558,3,0.23111663707055893,0.30952002651154287,0.21473968688016656,0.43645033881434825,0.2297605462200674,0.3475991202023845,1-2,1-3,0.19966695012720567,0.1098530763843372,0.1020688753721945,0.045252273822573345,0.018473267071472996,True,True,False,False,予選,2026-09-07,4号艇の枠別出走数,-0.1541,1号艇の級別順位,-0.1057,1号艇のdominance,0.0775,風速区分,0.074,1号艇の勝率順位,-0.0654,2号艇のwin_rate_rank_2to6,0.1619,2号艇のclass_rank_2to6,0.0697,2号艇の全国勝率,0.0524,1号艇vs2号艇の枠別平均ST差,0.0275,2号艇の当地勝率,0.0264,3号艇のwin_rate_rank_2to6,-0.1047,3号艇の年齢,-0.1004,3号艇のcumulative_diff_rank_2to6,0.0469,3号艇の当地勝率,-0.0457,3号艇の全国勝率,0.0357,0.1068,東 1.2m/s,[逃げ]4号艇の枠別出走数が不利(-15.4pt)、1号艇の級別順位が不利(-10.6pt) / [2着]2号艇のwin_rate_rank_2to6が有利(+16.2pt)、2号艇のclass_rank_2to6が有利(+7.0pt) / [候補2]3号艇のwin_rate_rank_2to6が不利(-10.5pt)、3号艇の年齢が不利(-10.0pt) / [除外]6号艇のwin_rate_rank_2to6が不利(-8.0pt)、天気+10.7pt
93,11,琵琶湖,8,14:06,0.29935476506715686,2,0.6854624541769043,5,0.16177916638830198,0.25362581627941455,0.08519640760951569,0.7620452129556905,0.22769620617057,0.4061516352822973,1-2,1-5,0.20519645193248398,0.014555906109686979,0.025503950584512304,0.04842936434693062,0.005669096833072474,True,True,False,False,予選,2026-09-07,1号艇のdominance,-0.3596,1号艇のracer_win_te,-0.1701,1号艇vs2号艇のcumulative差,-0.1195,1号艇のsession_rank_diff_delta,0.0952,1号艇のracer_avgfin_te,0.094,2号艇のsession_exh_rel_avg,0.075,2号艇のclass_rank_2to6,0.0718,3号艇のracer_2nd_te,0.0626,2号艇の節間得点,0.0603,3号艇の全国勝率,-0.0581,1号艇vs5号艇のplace_rate差,-0.2044,5号艇のwin_rate_rank_2to6,0.1667,5号艇のclass_rank_2to6,0.1365,5号艇のsession_exh_rel_avg,0.0832,5号艇の一般戦2連率,0.0792,0.0555,南 0.5m/s,[逃げ]1号艇のdominanceが不利(-36.0pt)、1号艇のracer_win_teが不利(-17.0pt) / [2着]2号艇のsession_exh_rel_avgが有利(+7.5pt)、2号艇のclass_rank_2to6が有利(+7.2pt) / [候補2]1号艇vs5号艇のplace_rate差が不利(-20.4pt)、5号艇のwin_rate_rank_2to6が有利(+16.7pt) / [除外]3号艇のracer_2nd_teが不利(-6.4pt)、3号艇のwin_rate_rank_2to6が不利(-6.0pt)、天気+5.6pt
94,01,桐生,11,19:58,0.39331972122651593,2,0.3985132423009291,3,0.3614609212673274,0.29891282615402126,0.19871452832459502,0.5612596352436614,0.22763484064277967,0.3776168688809133,1-2,1-3,0.15674311736687643,0.14216970878714483,0.07815834288428831,0.005630132845174598,0.010618425570259899,True,False,False,False,予選特選,2026-09-07,1号艇のracer_win_te,0.1704,1号艇のdominance,-0.1471,1号艇のsession_exh_rel_avg,-0.1114,1号艇vs3号艇のcumulative差,-0.1001,場特性:in_escape_diff,-0.1,2号艇のwin_rate_rank_2to6,0.1776,3号艇のモーター出走数,0.0663,2号艇のsession_exh_rel_avg,0.0504,2号艇のracer_2nd_te,0.0433,2号艇の節間得点,0.0432,3号艇のsession_exh_rel_avg,0.1036,6号艇のモーター出走数,0.0957,4号艇のモーター出走数,-0.0839,3号艇の当地勝率,0.0829,3号艇の節間得点,0.0767,0.1627,東 0.8m/s,[逃げ]1号艇のracer_win_teが有利(+17.0pt)、1号艇のdominanceが不利(-14.7pt) / [2着]2号艇のwin_rate_rank_2to6が有利(+17.8pt)、3号艇のモーター出走数が有利(+6.6pt) / [候補2]3号艇のsession_exh_rel_avgが有利(+10.4pt)、6号艇のモーター出走数が有利(+9.6pt) / [除外]6号艇のwin_rate_rank_2to6が不利(-6.9pt)、1号艇の体重が不利(-5.1pt)、天気+16.3pt
95,16,児島,5,12:57,0.5697988143449553,5,0.3128168349047662,3,0.2859355150493851,0.34116837909013115,0.2780651308524889,0.32068721910166237,0.2273279431208165,0.3350240310935905,1-5,1-3,0.05655501754357784,0.16292571745425374,0.15844118187042303,0.1782426616358774,0.013634236371489764,True,True,False,False,日替艇食戦,2026-09-07,1号艇のdominance,-0.2469,風速区分,0.0866,ST差分(4-3),-0.0766,1号艇のsession_exh_count,-0.0563,1号艇の全国勝率,0.0493,5号艇のwin_rate_rank_2to6,0.2611,5号艇のclass_rank_2to6,0.157,avg_456_win_rate,0.069,場特性:1x_diff_course6,-0.0644,1号艇vs5号艇のlocal_win_rate差,0.0615,3号艇のwin_rate_rank_2to6,-0.09,3号艇のcumulative_diff_rank_2to6,0.0491,5号艇の直近1着率,0.0468,3号艇の当地勝率,-0.0365,4号艇の女子戦2連率,0.0353,0.1017,西 1.5m/s,[逃げ]1号艇のdominanceが不利(-24.7pt)、風速区分が有利(+8.7pt) / [2着]5号艇のwin_rate_rank_2to6が有利(+26.1pt)、5号艇のclass_rank_2to6が有利(+15.7pt) / [候補2]3号艇のwin_rate_rank_2to6が不利(-9.0pt)、3号艇のcumulative_diff_rank_2to6が有利(+4.9pt) / [除外]6号艇のwin_rate_rank_2to6が不利(-7.7pt)、2号艇のwin_rate_rank_2to6が不利(-6.6pt)、天気+10.2pt
96,16,児島,4,12:28,0.5009281438866535,4,0.32122002931505367,3,0.3142034303286765,0.3183014942213696,0.25492924938354244,0.3804942102601877,0.22092826102195318,0.336959309033015,1-4,1-3,0.12770123571611572,0.15739334115736336,0.16090815306400627,0.025525753455858103,0.029399668890772543,True,True,False,False,コジマだ４っ,2026-09-07,1号艇のdominance,-0.1654,1号艇の級別順位,-0.0816,1号艇の全国勝率,-0.0794,風速区分,0.0727,1号艇のモーター2連率順位,0.0709,4号艇のwin_rate_rank_2to6,0.2031,4号艇のclass_rank_2to6,0.2005,4号艇の全国勝率,0.0602,4号艇のcumulative_diff_rank_2to6,0.0524,4号艇の年齢,0.0401,3号艇のwin_rate_rank_2to6,0.082,3号艇の女子戦比率,-0.0638,3号艇の性別,-0.0562,3号艇のcumulative_diff_rank_2to6,0.0418,3号艇の体重,-0.0384,0.0657,南西 0.8m/s,[逃げ]1号艇のdominanceが不利(-16.5pt)、1号艇の級別順位が不利(-8.2pt) / [2着]4号艇のwin_rate_rank_2to6が有利(+20.3pt)、4号艇のclass_rank_2to6が有利(+20.0pt) / [候補2]3号艇のwin_rate_rank_2to6が有利(+8.2pt)、3号艇の女子戦比率が不利(-6.4pt) / [除外]5号艇のwin_rate_rank_2to6が不利(-5.5pt)、5号艇のracer_avgfin_teが不利(-5.2pt)、天気+6.6pt
97,24,大村,5,17:19,0.43005064161463363,2,0.34428050928726295,3,0.2850850521424998,0.2706590635030236,0.15369900324162605,0.4756665581881367,0.22073902956855157,0.3321613119085575,1-2,1-3,0.14805805391440027,0.12260100958862333,0.06609835495959093,0.062064973710010324,0.031228254248199232,True,False,False,False,予選,2026-09-07,1号艇の女子戦比率,-0.3118,場特性:in_escape_diff,0.137,1号艇のracer_win_te,0.1147,4号艇のracer_win_te,-0.0796,1号艇のdominance,0.0783,2号艇のwin_rate_rank_2to6,-0.1285,2号艇のracer_avgfin_te,0.0597,2号艇の全国勝率,0.0566,4号艇のモーター2連率,0.0554,2号艇の直近平均着順,0.0473,3号艇の当地勝率,0.1149,3号艇のwin_rate_rank_2to6,0.0827,場特性:1x_diff_course3,0.0495,4号艇の直近1着率,0.0392,3号艇のcumulative_diff_rank_2to6,0.0346,0.0057,北 5.1m/s,[逃げ]1号艇の女子戦比率が不利(-31.2pt)、場特性:in_escape_diffが有利(+13.7pt) / [2着]2号艇のwin_rate_rank_2to6が不利(-12.8pt)、2号艇のracer_avgfin_teが有利(+6.0pt) / [候補2]3号艇の当地勝率が有利(+11.5pt)、3号艇のwin_rate_rank_2to6が有利(+8.3pt)、天気+0.6pt
98,01,桐生,5,17:01,0.3893162130946451,4,0.3891854264517859,5,0.3121611790923054,0.27304560453720944,0.19107694551208015,0.5102696600320111,0.21043834041664622,0.34421282118564994,1-4,1-5,0.07438935283645488,0.03397306989726481,0.1515161964178338,0.12152940811937564,0.007908179297294376,True,False,False,False,予選,2026-09-07,1号艇のracer_win_te,-0.1762,6号艇のモーター出走数,-0.1208,1号艇の年齢,0.1021,1号艇の級別順位,-0.0965,場特性:in_escape_diff,-0.0962,4号艇のwin_rate_rank_2to6,0.2127,4号艇のclass_rank_2to6,0.1962,4号艇のsession_exh_rel_avg,0.0927,4号艇の年齢,-0.0873,2号艇のsession_exh_rel_delta,0.0718,5号艇のclass_rank_2to6,0.1577,5号艇のwin_rate_rank_2to6,0.153,6号艇のsession_rank_diff_last,0.0984,5号艇のsession_exh_rel_avg,0.0933,1号艇のracer_2nd_te,-0.0797,-0.0376,東 0.7m/s,[逃げ]1号艇のracer_win_teが不利(-17.6pt)、6号艇のモーター出走数が不利(-12.1pt) / [2着]4号艇のwin_rate_rank_2to6が有利(+21.3pt)、4号艇のclass_rank_2to6が有利(+19.6pt) / [候補2]5号艇のclass_rank_2to6が有利(+15.8pt)、5号艇のwin_rate_rank_2to6が有利(+15.3pt) / [除外]6号艇のwin_rate_rank_2to6が不利(-6.7pt)、3号艇のsession_exh_rel_avgが不利(-6.0pt)、天気-3.8pt
99,09,津,1,10:42,0.5094021854895111,2,0.30173455768089597,3,0.2688426218917317,0.29065326226473776,0.2341237876595723,0.33645339191305534,0.2089946510763,0.304393301159233,1-2,1-3,0.15370424312035935,0.1369490191443784,0.11926316910886836,0.07526830583451415,0.024217455872074942,False,False,True,False,一般,2026-09-07,風速区分,0.0918,ST差分(4-3),-0.084,1号艇のracer_win_te,0.0822,1号艇のモーター2連率順位,-0.0798,1号艇の節間得点,-0.0691,2号艇の当地勝率,0.1014,2号艇のsession_exh_rel_avg,-0.0931,6号艇のsession_rank_diff_last,-0.0924,2号艇の全国勝率,0.0721,2号艇のclass_rank_2to6,-0.0637,3号艇のsession_exh_rel_avg,0.1079,3号艇のwin_rate_rank_2to6,-0.105,3号艇の節間得点,-0.049,3号艇のcumulative_diff_rank_2to6,0.0487,3号艇の体重,-0.0472,0.1399,北 0.5m/s,[逃げ]風速区分が有利(+9.2pt)、ST差分(4-3)が不利(-8.4pt) / [2着]2号艇の当地勝率が有利(+10.1pt)、2号艇のsession_exh_rel_avgが不利(-9.3pt) / [候補2]3号艇のsession_exh_rel_avgが有利(+10.8pt)、3号艇のwin_rate_rank_2to6が不利(-10.5pt) / [除外]6号艇のsession_exh_rel_avgが不利(-7.4pt)、天気+14.0pt
100,13,尼崎,4,11:57,0.4137215142700198,2,0.4033036107123482,3,0.23626994961223954,0.2646053418645563,0.179712458171927,0.4598611021526608,0.20754189014627328,0.32318206995098764,1-2,1-3,0.1668553805344793,0.09774996133007702,0.07435091032807722,0.06452288362136574,0.010242372291089557,True,True,False,False,予選,2026-09-07,1号艇のdominance,-0.2269,1号艇の年齢,-0.1024,1号艇の級別順位,-0.092,1号艇の全国勝率,-0.0795,4号艇のrecent_race_count,0.0637,2号艇のclass_rank_2to6,0.0808,2号艇のwin_rate_rank_2to6,0.0663,1号艇の年齢,0.0466,2号艇の全国勝率,0.0449,ST差分(4-3),0.0428,3号艇のwin_rate_rank_2to6,-0.0729,3号艇のモーター2連率,-0.0616,4号艇のrecent_race_count,-0.0574,3号艇の年齢,-0.0488,3号艇のcumulative_diff_rank_2to6,0.0418,0.0776,北東 0.8m/s,[逃げ]1号艇のdominanceが不利(-22.7pt)、1号艇の年齢が不利(-10.2pt) / [2着]2号艇のclass_rank_2to6が有利(+8.1pt)、2号艇のwin_rate_rank_2to6が有利(+6.6pt) / [候補2]3号艇のwin_rate_rank_2to6が不利(-7.3pt)、3号艇のモーター2連率が不利(-6.2pt) / [除外]win_rate_range_1to6が不利(-6.2pt)、6号艇のwin_rate_rank_2to6が不利(-5.9pt)、天気+7.8pt
101,14,鳴門,7,11:28,0.43242952167054716,2,0.39297899293080263,3,0.24504332114667676,0.27589968409166005,0.242363173761311,0.39565914031616845,0.19565817640022268,0.31182752095901256,1-2,1-3,0.16993571793964032,0.10596396615201971,0.050734473303977415,0.10480499130015943,0.0009903684440223444,True,True,False,False,予選,2026-09-07,1号艇の女子戦比率,-0.1753,場特性:in_escape_diff,-0.1398,1号艇のdominance,-0.1089,1号艇の級別順位,-0.0896,1号艇のsession_avg_finish,-0.0762,2号艇のsession_exh_rel_avg,-0.0571,2号艇のwin_rate_rank_2to6,0.0542,2号艇の全国勝率,0.0538,2号艇の女子戦比率,-0.05,ST差分(6-5),0.0319,3号艇のwin_rate_rank_2to6,-0.1428,3号艇のracer_avgfin_te,-0.0645,3号艇の全国勝率,-0.0638,3号艇のracer_win_te,-0.0549,6号艇の平均ST,0.0446,-0.0026,北西 4.5m/s,[逃げ]1号艇の女子戦比率が不利(-17.5pt)、場特性:in_escape_diffが不利(-14.0pt) / [2着]2号艇のsession_exh_rel_avgが不利(-5.7pt)、2号艇のwin_rate_rank_2to6が有利(+5.4pt) / [候補2]3号艇のwin_rate_rank_2to6が不利(-14.3pt)、3号艇のracer_avgfin_teが不利(-6.5pt) / [除外]6号艇の直近平均着順が不利(-17.7pt)、6号艇の全国勝率が不利(-15.7pt)、天気影響ほぼなし
102,01,桐生,9,18:54,0.4080714079440618,3,0.42486503225097794,2,0.2284545367984708,0.2666010363794163,0.22309465706318857,0.43022491198626023,0.19522831623890846,0.31568819906146944,1-3,1-2,0.09322576448256047,0.1733752718968558,0.09103855081257299,0.029216323028446765,0.02121550836491699,True,False,False,False,予選特賞,2026-09-07,1号艇のsession_exh_rel_avg,0.1036,6号艇のモーター出走数,-0.0988,場特性:in_escape_diff,-0.093,1号艇の節間得点,0.0901,6号艇の枠別出走数,-0.0898,3号艇のwin_rate_rank_2to6,0.1805,3号艇のsession_exh_rel_avg,0.1291,6号艇のモーター出走数,0.0742,3号艇の当地勝率,0.0636,3号艇のclass_rank_2to6,0.0508,2号艇のsession_exh_rel_avg,-0.0828,2号艇のwin_rate_rank_2to6,0.0729,2号艇の全国勝率,0.053,3号艇のモーター出走数,0.0394,2号艇のcumulative_diff_rank_2to6,-0.0368,0.042,南西 0.5m/s,[逃げ]1号艇のsession_exh_rel_avgが有利(+10.4pt)、6号艇のモーター出走数が不利(-9.9pt) / [2着]3号艇のwin_rate_rank_2to6が有利(+18.1pt)、3号艇のsession_exh_rel_avgが有利(+12.9pt) / [候補2]2号艇のsession_exh_rel_avgが不利(-8.3pt)、2号艇のwin_rate_rank_2to6が有利(+7.3pt) / [除外]1号艇のsession_exh_rel_deltaが不利(-7.5pt)、6号艇のwin_rate_rank_2to6が不利(-6.9pt)、天気+4.2pt
103,14,鳴門,8,12:05,0.2956721739029234,2,0.5945011866648591,3,0.1588813104658275,0.22275424070704306,0.10935756585386762,0.644024931276819,0.19352240685022457,0.3491354478779758,1-2,1-3,0.17577745824906651,0.04697678245797651,0.03233398922874514,0.028547070314593727,0.01203687475400617,True,True,False,False,予選,2026-09-07,場特性:in_escape_diff,-0.1652,1号艇のdominance,-0.157,1号艇のsession_exh_rel_avg,-0.0904,1号艇vs3号艇のlocal_win_rate差,-0.0624,1号艇の体重,-0.0611,2号艇のwin_rate_rank_2to6,0.2324,2号艇のsession_exh_rel_avg,-0.1098,2号艇の当地勝率,0.0814,2号艇のclass_rank_2to6,-0.0731,6号艇の体重,0.0617,3号艇のwin_rate_rank_2to6,-0.1557,3号艇の女子戦比率,-0.0991,3号艇の当地勝率,0.0864,4号艇のsession_exh_rel_delta,-0.0831,1号艇vs4号艇のlocal_win_rate差,-0.0768,-0.0087,北西 5.7m/s,[逃げ]場特性:in_escape_diffが不利(-16.5pt)、1号艇のdominanceが不利(-15.7pt) / [2着]2号艇のwin_rate_rank_2to6が有利(+23.2pt)、2号艇のsession_exh_rel_avgが不利(-11.0pt) / [候補2]3号艇のwin_rate_rank_2to6が不利(-15.6pt)、3号艇の女子戦比率が不利(-9.9pt) / [除外]1号艇vs2号艇のlocal_win_rate差が不利(-8.5pt)、2号艇のracer_2nd_teが不利(-5.2pt)、天気-0.9pt
104,03,江戸川,9,14:52,0.441450247460677,4,0.3343688905485916,2,0.2723453545613585,0.2678341536417053,0.23440139078626576,0.37231285432368433,0.1924973159052916,0.299177763846299,1-4,1-2,0.12022692416587753,0.10347655196772387,0.14760722947582777,0.05876736828475077,0.011372182611413824,True,True,False,False,予選特賞,2026-09-07,場特性:in_escape_diff,-0.1291,1号艇のsession_exh_rel_avg,0.1113,1号艇の勝率順位,-0.08,2号艇のsession_exh_rel_last,-0.0772,1号艇のdominance,-0.0763,4号艇のclass_rank_2to6,0.215,4号艇のwin_rate_rank_2to6,0.1997,2号艇のsession_exh_rel_delta,0.1236,4号艇の全国勝率,0.1182,4号艇のsession_exh_rel_avg,-0.1041,2号艇のwin_rate_rank_2to6,-0.1271,2号艇のsession_exh_rel_avg,0.1018,2号艇のclass_rank_2to6,-0.0517,1号艇vs5号艇の直近複勝率差,0.0434,2号艇の全国勝率,0.0409,-0.0785,南西 3.4m/s,[逃げ]場特性:in_escape_diffが不利(-12.9pt)、1号艇のsession_exh_rel_avgが有利(+11.1pt) / [2着]4号艇のclass_rank_2to6が有利(+21.5pt)、4号艇のwin_rate_rank_2to6が有利(+20.0pt) / [候補2]2号艇のwin_rate_rank_2to6が不利(-12.7pt)、2号艇のsession_exh_rel_avgが有利(+10.2pt) / [除外]6号艇のwin_rate_rank_2to6が不利(-7.4pt)、6号艇のvs_avg456_diffが不利(-6.7pt)、天気-7.8pt
105,10,三国,5,10:18,0.4593823954511322,4,0.30630717230018956,5,0.24516035597086488,0.25333447415067195,0.22559733266801246,0.3258701956030419,0.18475257618117777,0.27509519058638293,1-4,1-5,0.10363544308841752,0.09313813890828575,0.14071212255512378,0.11262235159554819,0.009274332886259002,False,False,True,False,一般,2026-09-07,5号艇の節間得点,-0.125,1号艇のdominance,-0.0815,1号艇vs4号艇のcumulative差,-0.0714,1号艇の勝率順位,-0.0617,1号艇の節間得点,-0.0586,4号艇のwin_rate_rank_2to6,0.0999,2号艇のsession_exh_rel_delta,0.0768,4号艇のsession_exh_rel_avg,0.0748,4号艇のclass_rank_2to6,0.0707,4号艇の節間得点,0.0681,5号艇のwin_rate_rank_2to6,0.2259,6号艇のsession_rank_diff_delta,0.2166,5号艇のclass_rank_2to6,0.1437,場特性:1x_diff_course5,-0.131,5号艇のモーター2連率,0.0589,0.0588,北東 2.3m/s,[逃げ]5号艇の節間得点が不利(-12.5pt)、1号艇のdominanceが不利(-8.1pt) / [2着]4号艇のwin_rate_rank_2to6が有利(+10.0pt)、2号艇のsession_exh_rel_deltaが有利(+7.7pt) / [候補2]5号艇のwin_rate_rank_2to6が有利(+22.6pt)、6号艇のsession_rank_diff_deltaが有利(+21.7pt) / [除外]6号艇のwin_rate_rank_2to6が不利(-6.9pt)、6号艇のvs_avg456_diffが不利(-6.6pt)、天気+5.9pt
106,16,児島,2,11:22,0.48404533909151176,3,0.27325966708838545,5,0.24138573220750062,0.24911170681406364,0.23347611400340307,0.281169285292483,0.17931774690242047,0.2587289803575894,1-3,1-5,0.1130130247725457,0.13227006821583115,0.0771349846238966,0.11684163859823249,0.04478562288100584,True,True,False,False,予選,2026-09-07,1号艇のdominance,-0.1865,風速区分,0.0771,1号艇の級別順位,0.0764,1号艇の全国勝率,-0.0717,ST差分(4-3),-0.0652,3号艇のracer_avgfin_te,-0.0744,3号艇のwin_rate_rank_2to6,0.0677,3号艇のracer_win_te,-0.0537,3号艇の性別,-0.0536,3号艇の年齢,0.0511,5号艇のwin_rate_rank_2to6,0.2078,5号艇のclass_rank_2to6,-0.0702,場特性:1x_diff_course6,-0.0668,mean_234_全国勝率,0.0582,5号艇のcumulative_diff_rank_2to6,0.047,0.046,西 1.8m/s,[逃げ]1号艇のdominanceが不利(-18.7pt)、風速区分が有利(+7.7pt) / [2着]3号艇のracer_avgfin_teが不利(-7.4pt)、3号艇のwin_rate_rank_2to6が有利(+6.8pt) / [候補2]5号艇のwin_rate_rank_2to6が有利(+20.8pt)、5号艇のclass_rank_2to6が不利(-7.0pt) / [除外]4号艇のwin_rate_rank_2to6が不利(-5.1pt)、天気+4.6pt
107,13,尼崎,3,11:33,0.30492501114677717,2,0.5262175000071254,4,0.22647209637313984,0.22951388356631558,0.20224332424114316,0.5504462721391221,0.17381270263998,0.3257936001381575,1-2,1-4,0.16045687705530193,0.06166904789859185,0.06905700651101365,0.013134062873144078,0.0006080249732526178,True,True,False,False,予選,2026-09-07,1号艇のdominance,-0.2256,6号艇の枠別出走数,-0.1279,1号艇の年齢,-0.1051,1号艇の級別順位,-0.0879,1号艇のvs_max234_diff,-0.0745,2号艇のclass_rank_2to6,0.0982,2号艇のwin_rate_rank_2to6,0.0835,2号艇の当地勝率,0.0833,2号艇のracer_avgfin_te,0.0552,2号艇の全国勝率,0.0502,4号艇のwin_rate_rank_2to6,0.1578,4号艇のclass_rank_2to6,0.1252,4号艇の全国勝率,0.0833,4号艇の年齢,-0.0506,4号艇のcumulative_diff_rank_2to6,0.0455,0.0672,北東 0.8m/s,[逃げ]1号艇のdominanceが不利(-22.6pt)、6号艇の枠別出走数が不利(-12.8pt) / [2着]2号艇のclass_rank_2to6が有利(+9.8pt)、2号艇のwin_rate_rank_2to6が有利(+8.3pt) / [候補2]4号艇のwin_rate_rank_2to6が有利(+15.8pt)、4号艇のclass_rank_2to6が有利(+12.5pt) / [除外]6号艇の直近平均着順が不利(-24.6pt)、6号艇の全国勝率が不利(-16.1pt)、天気+6.7pt
108,03,江戸川,8,14:24,0.43114126169528244,4,0.32548976928121187,2,0.2131848560163374,0.23224485759401892,0.2113130026701413,0.327361622627408,0.1733532277385491,0.26077988710403566,1-4,1-2,0.09191278779721083,0.0911057545838233,0.14033206979680807,0.0815374607913156,0.026253187119998286,True,True,False,False,予選,2026-09-07,場特性:in_escape_diff,-0.1543,ST差分(4-3),-0.0952,1号艇のdominance,0.0899,1号艇vs4号艇の枠別平均ST差,-0.0853,1号艇のsession_exh_rel_last,-0.0835,4号艇のwin_rate_rank_2to6,0.1544,2号艇のsession_exh_rel_delta,0.1354,4号艇のclass_rank_2to6,-0.079,3号艇のモーター2連率,-0.0391,4号艇の全国2連率,0.0387,2号艇のwin_rate_rank_2to6,-0.1636,場×風向,-0.0518,2号艇のモーター2連率,0.051,2号艇の全国勝率,-0.0477,2号艇の直近平均着順,-0.0462,-0.0667,南西 3.6m/s,[逃げ]場特性:in_escape_diffが不利(-15.4pt)、ST差分(4-3)が不利(-9.5pt) / [2着]4号艇のwin_rate_rank_2to6が有利(+15.4pt)、2号艇のsession_exh_rel_deltaが有利(+13.5pt) / [候補2]2号艇のwin_rate_rank_2to6が不利(-16.4pt)、場×風向が不利(-5.2pt) / [除外]6号艇のsession_exh_rel_avgが不利(-7.6pt)、天気-6.7pt
109,04,平和島,4,12:22,0.34826267606757466,4,0.4156224329488679,2,0.1962269420898258,0.2130843007012486,0.15837162135523863,0.4534777536834551,0.17258849327636383,0.28520233659591054,1-4,1-2,0.06833851996875974,0.055154924666336064,0.14474578073248887,0.046844851265229345,0.03317860202951977,True,True,False,False,予選,2026-09-07,6号艇の枠別出走数,-0.1377,場特性:in_escape_diff,-0.1336,1号艇のsession_exh_rel_avg,0.1059,1号艇のracer_win_te,-0.1033,1号艇のdominance,-0.0843,4号艇のclass_rank_2to6,0.2202,4号艇のwin_rate_rank_2to6,0.2192,4号艇のsession_exh_rel_avg,-0.101,4号艇の女子戦比率,-0.0731,4号艇のcumulative_diff_rank_2to6,-0.0633,2号艇の全国2連率,-0.1873,2号艇のwin_rate_rank_2to6,-0.1661,2号艇の全国勝率,-0.1441,2号艇の直近平均着順,-0.066,3号艇の全国勝率,-0.0649,-0.0738,南 5.3m/s,[逃げ]6号艇の枠別出走数が不利(-13.8pt)、場特性:in_escape_diffが不利(-13.4pt) / [2着]4号艇のclass_rank_2to6が有利(+22.0pt)、4号艇のwin_rate_rank_2to6が有利(+21.9pt) / [候補2]2号艇の全国2連率が不利(-18.7pt)、2号艇のwin_rate_rank_2to6が不利(-16.6pt) / [除外]6号艇のsession_exh_rel_avgが不利(-8.3pt)、5号艇のracer_avgfin_teが不利(-5.5pt)、天気-7.4pt
110,04,平和島,6,13:22,0.2070602924724403,2,0.7470083124911999,3,0.13896834462051263,0.18345058574530615,0.050934072692248936,0.8350425844194637,0.17223792318156167,0.3789281853475534,1-2,1-3,0.15467575966377192,0.02877482608153422,0.010546423988469599,0.005435582713216559,0.0076276932760506,True,True,False,False,予選,2026-09-07,1号艇のdominance,-0.221,1号艇の体重,-0.141,1号艇vs2号艇のcumulative差,-0.1312,場特性:in_escape_diff,-0.1168,1号艇のvs_max234_diff,-0.1048,2号艇のwin_rate_rank_2to6,0.2385,2号艇のclass_rank_2to6,0.139,2号艇のsession_exh_rel_avg,-0.0884,2号艇の当地勝率,0.0835,2号艇の節間得点,0.0749,3号艇のwin_rate_rank_2to6,-0.0946,3号艇のsession_exh_rel_avg,0.0864,3号艇の全国勝率,-0.0705,3号艇の女子戦勝率,-0.061,win_rate_gap_top2_2to6,0.0541,-0.094,南西 5.4m/s,[逃げ]1号艇のdominanceが不利(-22.1pt)、1号艇の体重が不利(-14.1pt) / [2着]2号艇のwin_rate_rank_2to6が有利(+23.8pt)、2号艇のclass_rank_2to6が有利(+13.9pt) / [候補2]3号艇のwin_rate_rank_2to6が不利(-9.5pt)、3号艇のsession_exh_rel_avgが有利(+8.6pt) / [除外]5号艇の直近平均着順が不利(-20.6pt)、5号艇のracer_win_teが不利(-7.8pt)、天気-9.4pt
111,22,福岡,3,12:48,0.34670461047166806,2,0.4254084178972113,3,0.22072196751258777,0.22401638358741313,0.19945916193360558,0.4466712234761935,0.1703978394317221,0.29081283555404724,1-2,1-3,0.14749105981842123,0.07652532376899192,0.06915341104319608,0.023596391553723083,0.02993842816206171,True,True,False,False,一般戦,2026-09-07,1号艇のdominance,-0.2276,1号艇の年齢,-0.1636,1号艇のracer_win_te,-0.0963,1号艇の級別順位,-0.0819,1号艇の全国2連率,-0.0781,2号艇のsession_exh_rel_avg,-0.1132,2号艇のclass_rank_2to6,0.0852,2号艇のwin_rate_rank_2to6,-0.0432,場特性:1x_diff_course2,0.0415,2号艇の全国勝率,0.039,3号艇のwin_rate_rank_2to6,-0.12,3号艇のracer_avgfin_te,-0.0739,3号艇の当地勝率,-0.0541,3号艇の全国勝率,-0.0481,6号艇のモーター出走数,0.037,0.0117,北東 5.6m/s,[逃げ]1号艇のdominanceが不利(-22.8pt)、1号艇の年齢が不利(-16.4pt) / [2着]2号艇のsession_exh_rel_avgが不利(-11.3pt)、2号艇のclass_rank_2to6が有利(+8.5pt) / [候補2]3号艇のwin_rate_rank_2to6が不利(-12.0pt)、3号艇のracer_avgfin_teが不利(-7.4pt) / [除外]2号艇のracer_2nd_teが不利(-6.0pt)、天気+1.2pt
112,22,福岡,5,13:44,0.25031316968259465,2,0.3983518588560308,4,0.39588876400861717,0.19880888779992828,0.13296807033952732,0.6612725525251206,0.16708660678740342,0.33754798721748597,1-2,1-4,0.09971271643920664,0.03328365915326528,0.09909617136072166,0.014960553672339935,0.003260068823938819,True,True,False,False,一般戦,2026-09-07,1号艇のdominance,-0.3281,1号艇の年齢,-0.1825,1号艇のracer_win_te,-0.1821,1号艇のvs_max234_diff,-0.1505,1号艇のsession_exh_rel_avg,-0.1093,1号艇vs2号艇のplace_rate差,-0.1052,1号艇の年齢,-0.0813,2号艇のclass_rank_2to6,0.0754,6号艇のsession_exh_rel_last,-0.0667,3号艇のracer_2nd_te,0.0599,4号艇のclass_rank_2to6,0.2049,4号艇のwin_rate_rank_2to6,0.1919,4号艇の年齢,0.0529,1号艇vs6号艇の枠別勝率差,0.0529,4号艇の節間得点,0.0477,0.0022,北東 6.0m/s,[逃げ]1号艇のdominanceが不利(-32.8pt)、1号艇の年齢が不利(-18.3pt) / [2着]1号艇vs2号艇のplace_rate差が不利(-10.5pt)、1号艇の年齢が不利(-8.1pt) / [候補2]4号艇のclass_rank_2to6が有利(+20.5pt)、4号艇のwin_rate_rank_2to6が有利(+19.2pt) / [除外]6号艇のwin_rate_rank_2to6が不利(-6.6pt)、6号艇のvs_avg456_diffが不利(-5.7pt)、天気影響ほぼなし
113,03,江戸川,6,13:29,0.3487080408852726,3,0.34905207554801637,2,0.3457890516874889,0.24229668820480746,0.2667690586528929,0.4280720685826124,0.16473197689227548,0.29802930231814895,1-3,1-2,0.12057942277352052,0.12171726543128694,0.09302451581165866,0.01181888049148139,0.0015679567020847657,True,True,False,False,予選,2026-09-07,1号艇のdominance,-0.2137,1号艇の級別順位,-0.0787,場特性:in_escape_diff,-0.078,1号艇vs4号艇のcumulative差,-0.0709,1号艇のvs_max234_diff,-0.0674,3号艇のwin_rate_rank_2to6,0.1474,3号艇の一般戦2連率,0.0774,3号艇のモーター2連率,0.07,3号艇の当地勝率,0.0519,6号艇の一般戦勝率,0.0464,2号艇のwin_rate_rank_2to6,-0.1223,2号艇のsession_exh_rel_avg,0.0827,2号艇のclass_rank_2to6,-0.0454,1号艇vs2号艇の枠別勝率差,0.0418,2号艇の全国勝率,0.0407,0.0098,南 4.0m/s,[逃げ]1号艇のdominanceが不利(-21.4pt)、1号艇の級別順位が不利(-7.9pt) / [2着]3号艇のwin_rate_rank_2to6が有利(+14.7pt)、3号艇の一般戦2連率が有利(+7.7pt) / [候補2]2号艇のwin_rate_rank_2to6が不利(-12.2pt)、2号艇のsession_exh_rel_avgが有利(+8.3pt) / [除外]6号艇の直近平均着順が不利(-9.1pt)、6号艇のwin_rate_rank_2to6が不利(-8.6pt)、天気+1.0pt
114,01,桐生,2,15:42,0.36210842248311703,5,0.3252011887244233,2,0.23698511536958775,0.20357239571709626,0.1638420825038023,0.39834422159020877,0.16354792541160365,0.26200394347903,1-5,1-2,0.08581430627846091,0.059328598031800565,0.05033217713983554,0.11775808943863533,0.048875251594384696,True,False,False,False,予選,2026-09-07,1号艇のdominance,-0.2887,場特性:in_escape_diff,-0.0913,1号艇の節間得点,0.0891,3号艇のsession_exh_rel_last,-0.0824,6号艇のモーター出走数,-0.0806,5号艇のwin_rate_rank_2to6,0.2396,5号艇のclass_rank_2to6,0.141,5号艇の年齢,-0.069,1号艇のモーター出走数,0.0651,5号艇のracer_avgfin_te,0.0586,2号艇のclass_rank_2to6,-0.0658,2号艇のsession_exh_rel_avg,0.0482,3号艇のモーター2連率,0.0464,2号艇の当地勝率,-0.0443,3号艇の直近平均着順,0.0443,0.0082,南 1.3m/s,[逃げ]1号艇のdominanceが不利(-28.9pt)、場特性:in_escape_diffが不利(-9.1pt) / [2着]5号艇のwin_rate_rank_2to6が有利(+24.0pt)、5号艇のclass_rank_2to6が有利(+14.1pt) / [候補2]2号艇のclass_rank_2to6が不利(-6.6pt)、2号艇のsession_exh_rel_avgが有利(+4.8pt) / [除外]6号艇のsession_exh_rel_avgが不利(-5.3pt)、天気+0.8pt
115,14,鳴門,6,10:58,0.3189293378441899,2,0.4205841923209407,3,0.2998754843729192,0.22977572763141188,0.24614672027056209,0.47431295642329785,0.16190547752630707,0.30313689626897766,1-2,1-3,0.13413663796465103,0.09563908966676085,0.07850341050840941,0.005802307117660642,0.004847885755107856,False,False,True,False,予選,2026-09-07,1号艇のdominance,-0.2171,1号艇の女子戦比率,-0.1731,1号艇のracer_win_te,-0.1582,1号艇の節間得点,0.1231,場特性:in_escape_diff,-0.1147,2号艇のwin_rate_rank_2to6,0.1915,2号艇のclass_rank_2to6,0.1206,2号艇の当地勝率,0.1125,2号艇の全国勝率,0.079,second_best_win_rate,-0.0646,3号艇のwin_rate_rank_2to6,-0.1082,3号艇の女子戦勝率,0.0776,3号艇の当地勝率,-0.0486,1号艇vs2号艇のplace_rate差,0.0433,5号艇の一般戦2連率,0.0425,-0.0226,北西 4.5m/s,[逃げ]1号艇のdominanceが不利(-21.7pt)、1号艇の女子戦比率が不利(-17.3pt) / [2着]2号艇のwin_rate_rank_2to6が有利(+19.2pt)、2号艇のclass_rank_2to6が有利(+12.1pt) / [候補2]3号艇のwin_rate_rank_2to6が不利(-10.8pt)、3号艇の女子戦勝率が有利(+7.8pt) / [除外]6号艇のracer_win_teが不利(-11.6pt)、6号艇のwin_rate_rank_2to6が不利(-9.1pt)、天気-2.3pt
116,03,江戸川,2,11:41,0.2575520473379915,2,0.5571146042737203,3,0.151081374720467,0.18239732430648614,0.11816683392704636,0.5900291450671409,0.15653334711041156,0.3046868705346826,1-2,1-3,0.1434860069325916,0.03891131737389455,0.025553828081176285,0.0191667820666014,0.03043411000535922,True,True,False,False,予選,2026-09-07,1号艇のdominance,-0.1671,1号艇のracer_win_te,-0.1531,1号艇の級別順位,-0.1018,1号艇のsession_exh_rel_avg,-0.1014,1号艇vs2号艇のcumulative差,-0.0894,2号艇の節間得点,0.0596,2号艇のclass_rank_2to6,0.0535,2号艇のwin_rate_rank_2to6,0.0513,2号艇の全国勝率,0.0368,1号艇vs5号艇のcumulative差,-0.0354,3号艇のsession_exh_rel_avg,-0.1938,3号艇のwin_rate_rank_2to6,-0.0937,3号艇の節間得点,-0.0628,3号艇のcumulative_diff_rank_2to6,-0.0524,場特性:1x_diff_course3,-0.0377,-0.0091,南 3.7m/s,[逃げ]1号艇のdominanceが不利(-16.7pt)、1号艇のracer_win_teが不利(-15.3pt) / [2着]2号艇の節間得点が有利(+6.0pt)、2号艇のclass_rank_2to6が有利(+5.4pt) / [候補2]3号艇のsession_exh_rel_avgが不利(-19.4pt)、3号艇のwin_rate_rank_2to6が不利(-9.4pt)、天気-0.9pt
117,04,平和島,3,11:53,0.315179595045864,2,0.42863714849301293,4,0.19338261996831857,0.19604793873416457,0.1733549513655386,0.448664817095793,0.15526488167267435,0.27183300224265305,1-2,1-4,0.13509768288364168,0.05463794337058591,0.06095025585052286,0.036685600763712176,0.027808110416198132,True,True,False,False,予選,2026-09-07,1号艇の女子戦比率,-0.1457,場特性:in_escape_diff,-0.1271,1号艇のracer_win_te,-0.1055,1号艇vs4号艇の枠別勝率差,-0.0857,6号艇の枠別出走数,-0.0782,2号艇のwin_rate_rank_2to6,-0.1403,3号艇のracer_2nd_te,0.0863,2号艇のsession_exh_rel_avg,0.0712,1号艇の枠別勝率,0.066,2号艇のclass_rank_2to6,-0.0584,4号艇のclass_rank_2to6,0.1077,2号艇のsession_exh_rel_delta,0.0866,4号艇のwin_rate_rank_2to6,0.0731,2号艇のsession_rank_diff_last,-0.0699,4号艇のcumulative_diff_rank_2to6,-0.0537,-0.0914,南 5.6m/s,[逃げ]1号艇の女子戦比率が不利(-14.6pt)、場特性:in_escape_diffが不利(-12.7pt) / [2着]2号艇のwin_rate_rank_2to6が不利(-14.0pt)、3号艇のracer_2nd_teが有利(+8.6pt) / [候補2]4号艇のclass_rank_2to6が有利(+10.8pt)、2号艇のsession_exh_rel_deltaが有利(+8.7pt)、天気-9.1pt
118,04,平和島,2,11:24,0.2931481043510554,2,0.3583054445453061,4,0.30337050504938046,0.19396905031836686,0.16825179348305544,0.49342415611163115,0.15480628160284254,0.2838055820563461,1-2,1-4,0.1050365618471187,0.04932269431322296,0.08893248847124817,0.04856883318273453,0.00128752503514609,True,True,False,False,予選,2026-09-07,1号艇のracer_win_te,-0.1675,1号艇のdominance,-0.1381,場特性:in_escape_diff,-0.108,1号艇の年齢,-0.1071,場×風速,-0.0791,2号艇のclass_rank_2to6,0.1057,2号艇のsession_exh_rel_avg,-0.0716,2号艇のwin_rate_rank_2to6,0.0596,2号艇のモーター2連率,-0.046,2号艇のcumulative_diff_rank_2to6,-0.0412,4号艇のwin_rate_rank_2to6,-0.1,4号艇のsession_exh_rel_avg,0.0913,4号艇の年齢,0.072,1号艇vs6号艇の枠別平均ST差,0.0705,4号艇のracer_avgfin_te,-0.0645,-0.1407,南西 5.2m/s,[逃げ]1号艇のracer_win_teが不利(-16.8pt)、1号艇のdominanceが不利(-13.8pt) / [2着]2号艇のclass_rank_2to6が有利(+10.6pt)、2号艇のsession_exh_rel_avgが不利(-7.2pt) / [候補2]4号艇のwin_rate_rank_2to6が不利(-10.0pt)、4号艇のsession_exh_rel_avgが有利(+9.1pt) / [除外]6号艇の全国勝率が不利(-17.5pt)、6号艇の直近平均着順が不利(-14.3pt)、天気-14.1pt
119,04,平和島,10,15:29,0.35726993491055126,2,0.34296148912929186,4,0.2441403233390152,0.20975382632641873,0.23733822729816834,0.3497635851701387,0.15001470475523462,0.2517567539795347,1-2,1-4,0.12252982889804784,0.08479381301860223,0.08722399742837089,0.04733832643874178,0.015383965133985872,True,False,False,False,予選特賞,2026-09-07,1号艇の女子戦比率,-0.2587,1号艇のdominance,0.1559,場特性:in_escape_diff,-0.1452,1号艇のsession_exh_rel_avg,-0.0756,1号艇の勝率順位,0.0752,5号艇のsession_rank_diff_last,-0.0865,2号艇のモーター2連率,0.0629,2号艇の節間得点,0.0595,3号艇の直近複勝率,0.0503,2号艇のsession_exh_rel_avg,-0.0457,4号艇のclass_rank_2to6,0.1802,4号艇のwin_rate_rank_2to6,0.0874,4号艇のsession_exh_rel_avg,-0.0864,5号艇の体重,0.0489,1号艇のsession_rank_diff_delta,0.045,-0.0576,南西 4.3m/s,[逃げ]1号艇の女子戦比率が不利(-25.9pt)、1号艇のdominanceが有利(+15.6pt) / [2着]5号艇のsession_rank_diff_lastが不利(-8.7pt)、2号艇のモーター2連率が有利(+6.3pt) / [候補2]4号艇のclass_rank_2to6が有利(+18.0pt)、4号艇のwin_rate_rank_2to6が有利(+8.7pt) / [除外]6号艇のwin_rate_rank_2to6が不利(-6.7pt)、5号艇のwin_rate_rank_2to6が不利(-5.3pt)、天気-5.8pt
120,01,桐生,8,18:23,0.4233423323782174,5,0.245884860186827,4,0.23412569510046352,0.20320878804148484,0.2214587713522081,0.25855178393508244,0.1492059458083186,0.21981168680956412,1-5,1-4,0.09321997181830591,0.09375287278985812,0.09911531783350161,0.10409347020798324,0.033160691843203104,True,False,False,False,ドラドキ５,2026-09-07,1号艇のdominance,-0.1611,場特性:in_escape_diff,-0.1229,1号艇のsession_exh_rel_avg,0.1205,6号艇のモーター出走数,-0.1202,1号艇のvs_max234_diff,0.0725,5号艇のwin_rate_rank_2to6,0.243,5号艇のclass_rank_2to6,0.1591,5号艇のsession_exh_rel_avg,-0.1202,5号艇のcumulative_diff_rank_2to6,0.0681,3号艇のsession_exh_rel_last,-0.0615,4号艇のsession_exh_rel_avg,-0.1602,4号艇のwin_rate_rank_2to6,0.0864,4号艇のclass_rank_2to6,-0.0828,4号艇のcumulative_diff_rank_2to6,-0.0548,4号艇の節間得点,0.0474,0.0077,南西 0.8m/s,[逃げ]1号艇のdominanceが不利(-16.1pt)、場特性:in_escape_diffが不利(-12.3pt) / [2着]5号艇のwin_rate_rank_2to6が有利(+24.3pt)、5号艇のclass_rank_2to6が有利(+15.9pt) / [候補2]4号艇のsession_exh_rel_avgが不利(-16.0pt)、4号艇のwin_rate_rank_2to6が有利(+8.6pt)、天気+0.8pt
121,07,蒲郡,4,16:42,0.27108179066977184,4,0.45885043048935115,3,0.2393424566517538,0.18926737807910865,0.2086231123586641,0.48956977478244085,0.1418847186997155,0.2793580970901083,1-4,1-3,0.05655392687328767,0.06488138173245966,0.12438599634664899,0.021261496405960045,0.003998980601387067,True,False,False,False,一般戦,2026-09-07,1号艇のdominance,-0.3063,1号艇のsession_exh_rel_avg,-0.1705,1号艇のvs_max234_diff,-0.1509,1号艇のracer_win_te,-0.1268,1号艇の級別順位,-0.1187,4号艇のwin_rate_rank_2to6,0.2124,4号艇のclass_rank_2to6,0.1972,1号艇vs5号艇の勝率差,0.0911,4号艇の全国勝率,0.0904,4号艇のモーター2連率,0.0846,3号艇のsession_exh_rel_avg,0.1224,2号艇のracer_win_te,0.0518,3号艇の当地勝率,-0.0518,3号艇の節間得点,0.0453,3号艇のwin_rate_rank_2to6,-0.0453,-0.0162,西 1.2m/s,[逃げ]1号艇のdominanceが不利(-30.6pt)、1号艇のsession_exh_rel_avgが不利(-17.0pt) / [2着]4号艇のwin_rate_rank_2to6が有利(+21.2pt)、4号艇のclass_rank_2to6が有利(+19.7pt) / [候補2]3号艇のsession_exh_rel_avgが有利(+12.2pt)、2号艇のracer_win_teが有利(+5.2pt) / [除外]6号艇のwin_rate_rank_2to6が不利(-7.1pt)、6号艇のvs_avg456_diffが不利(-5.7pt)、天気-1.6pt
122,16,児島,8,14:36,0.2828386695672526,2,0.36589615217509375,4,0.2292839754013782,0.16833995543659702,0.1564889408876342,0.4386911866888378,0.1367279458341835,0.24944532481226922,1-2,1-4,0.10348958088098052,0.029629905590262424,0.06485037455561649,0.0442611238426469,0.040607687858714735,True,True,False,False,予選,2026-09-07,1号艇のdominance,-0.254,ST差分(4-3),-0.0888,1号艇の級別順位,-0.0862,1号艇の全国勝率,-0.0765,1号艇のモーター2連率順位,-0.0739,2号艇のwin_rate_rank_2to6,-0.1336,3号艇のracer_win_te,0.0715,2号艇の全国勝率,0.0636,ST差分(4-3),-0.0493,3号艇のracer_2nd_te,0.0349,4号艇のwin_rate_rank_2to6,0.1406,6号艇の直近平均着順,0.066,4号艇のcumulative_diff_rank_2to6,0.0468,場特性:1x_diff_course4,0.04,5号艇の一般戦2連率,-0.0375,0.0423,北西 2.2m/s,[逃げ]1号艇のdominanceが不利(-25.4pt)、ST差分(4-3)が不利(-8.9pt) / [2着]2号艇のwin_rate_rank_2to6が不利(-13.4pt)、3号艇のracer_win_teが有利(+7.2pt) / [候補2]4号艇のwin_rate_rank_2to6が有利(+14.1pt)、6号艇の直近平均着順が有利(+6.6pt) / [除外]3号艇のracer_win_teが不利(-5.3pt)、天気+4.2pt
123,14,鳴門,11,13:49,0.3537367280714774,3,0.2694351968008322,2,0.2282352502924055,0.1760443156126312,0.18736191426104343,0.3103085328321943,0.13646351565108175,0.2163235807785001,1-3,1-2,0.08073519066901022,0.09530912494362098,0.05892467060158394,0.052490953976896064,0.06627679051591018,True,True,False,False,特選,2026-09-07,1号艇のdominance,-0.2833,4号艇のsession_exh_rel_avg,-0.1867,場特性:in_escape_diff,-0.1362,1号艇の女子戦比率,-0.12,1号艇の直近1着率,-0.0891,3号艇のsession_exh_rel_avg,-0.1234,3号艇のwin_rate_rank_2to6,-0.1022,6号艇のracer_2nd_te,-0.0742,1号艇vs6号艇のplace_rate差,0.0649,4号艇の直近1着率,0.0562,2号艇のclass_rank_2to6,-0.056,1号艇の女子戦2連率,0.048,6号艇のsession_exh_rel_last,-0.0455,2号艇の体重,-0.0448,4号艇のsession_exh_rel_avg,-0.0422,0.2221,北 3.1m/s,[逃げ]1号艇のdominanceが不利(-28.3pt)、4号艇のsession_exh_rel_avgが不利(-18.7pt) / [2着]3号艇のsession_exh_rel_avgが不利(-12.3pt)、3号艇のwin_rate_rank_2to6が不利(-10.2pt) / [候補2]2号艇のclass_rank_2to6が不利(-5.6pt)、1号艇の女子戦2連率が有利(+4.8pt) / [除外]6号艇の女子戦2連率が不利(-6.2pt)、天気+22.2pt
124,13,尼崎,2,11:03,0.2554393698966892,2,0.3616987542778805,3,0.3247937644077702,0.17535721641185376,0.1918478289022029,0.4946446897834479,0.13498693491071628,0.271143458423332,1-2,1-3,0.09239210188515921,0.08296511452669454,0.04900548853082654,0.012930498438830458,0.018146166039385545,True,True,False,False,予選,2026-09-07,1号艇のdominance,-0.3797,1号艇のracer_win_te,-0.2133,1号艇のvs_max234_diff,-0.163,1号艇の級別順位,-0.1102,5号艇の平均ST,0.1007,2号艇のwin_rate_rank_2to6,0.1594,2号艇の当地勝率,0.1146,2号艇のclass_rank_2to6,0.0836,1号艇vs2号艇のplace_rate差,-0.0588,2号艇の全国勝率,0.0502,3号艇の年齢,-0.152,3号艇のモーター2連率,0.0876,3号艇のwin_rate_rank_2to6,0.0691,1号艇のvs_max234_diff,-0.0577,1号艇の一般戦2連率,0.0532,0.0881,東 1.0m/s,[逃げ]1号艇のdominanceが不利(-38.0pt)、1号艇のracer_win_teが不利(-21.3pt) / [2着]2号艇のwin_rate_rank_2to6が有利(+15.9pt)、2号艇の当地勝率が有利(+11.5pt) / [候補2]3号艇の年齢が不利(-15.2pt)、3号艇のモーター2連率が有利(+8.8pt) / [除外]5号艇のracer_avgfin_teが不利(-6.8pt)、5号艇のwin_rate_rank_2to6が不利(-5.0pt)、天気+8.8pt
125,16,児島,3,11:59,0.3596942518678659,2,0.2604875788025482,4,0.22749952780585275,0.1755261572326733,0.21863255384165603,0.2693545527667449,0.12947527880652362,0.20367467589289479,1-2,1-4,0.09369588477825434,0.07864087288803538,0.08183027245441897,0.07858748425470713,0.026939734812519107,True,True,False,False,予選,2026-09-07,1号艇のdominance,-0.3874,1号艇のracer_win_te,-0.1615,1号艇のvs_max234_diff,-0.098,1号艇の級別順位,-0.0858,1号艇の全国勝率,-0.0817,2号艇のwin_rate_rank_2to6,-0.1242,2号艇の全国勝率,0.0578,2号艇のclass_rank_2to6,-0.0486,1号艇vs5号艇の直近複勝率差,0.0382,4号艇のモーター出走数,-0.0324,4号艇のwin_rate_rank_2to6,0.0563,4号艇のclass_rank_2to6,0.0442,2号艇のracer_2nd_te,-0.0409,5号艇のrecent_4to6_rate,0.037,場特性:1x_diff_course4,0.0361,0.021,南西 0.5m/s,[逃げ]1号艇のdominanceが不利(-38.7pt)、1号艇のracer_win_teが不利(-16.1pt) / [2着]2号艇のwin_rate_rank_2to6が不利(-12.4pt)、2号艇の全国勝率が有利(+5.8pt) / [候補2]4号艇のwin_rate_rank_2to6が有利(+5.6pt)、4号艇のclass_rank_2to6が有利(+4.4pt) / [除外]6号艇のwin_rate_rank_2to6が不利(-8.0pt)、6号艇のvs_avg456_diffが不利(-5.9pt)、天気+2.1pt
126,11,琵琶湖,3,11:37,0.2811040455620701,2,0.3477655081248099,4,0.3145475049363154,0.18617886739988646,0.2615763096192963,0.40073670344182893,0.1277388901236113,0.2505462182124692,1-2,1-4,0.09775829124083302,0.07353015885718081,0.08842057615905347,0.013755106378128093,0.007639906643709651,True,True,False,False,予選,2026-09-07,1号艇のdominance,-0.2243,1号艇vs2号艇のcumulative差,-0.1156,1号艇のracer_win_te,-0.1062,1号艇のsession_exh_rel_avg,-0.0983,1号艇vs3号艇のcumulative差,-0.0823,2号艇のwin_rate_rank_2to6,-0.1282,5号艇のsession_rank_diff_last,-0.1005,2号艇のsession_exh_rel_avg,0.0914,3号艇の直近複勝率,0.0756,2号艇の全国勝率,0.0445,4号艇のclass_rank_2to6,0.2071,4号艇のwin_rate_rank_2to6,0.1895,4号艇の全国勝率,0.0973,4号艇のsession_exh_rel_avg,-0.0644,1号艇vs4号艇のcumulative差,0.054,0.0765,南東 0.4m/s,[逃げ]1号艇のdominanceが不利(-22.4pt)、1号艇vs2号艇のcumulative差が不利(-11.6pt) / [2着]2号艇のwin_rate_rank_2to6が不利(-12.8pt)、5号艇のsession_rank_diff_lastが不利(-10.0pt) / [候補2]4号艇のclass_rank_2to6が有利(+20.7pt)、4号艇のwin_rate_rank_2to6が有利(+18.9pt) / [除外]1号艇vs3号艇の直近複勝率差が不利(-6.7pt)、天気+7.7pt
127,01,桐生,3,16:07,0.29039445603947833,2,0.3241547460411023,4,0.23469672729796157,0.16228736960715848,0.19116361491060152,0.3676878584284623,0.1250592413330337,0.2239075162535496,1-2,1-4,0.09413274114922114,0.05351518522350351,0.06815462845793734,0.019079042915097322,0.05551285396650444,True,False,False,False,予選,2026-09-07,1号艇のdominance,-0.2299,1号艇の全国2連率,-0.1191,6号艇の枠別出走数,-0.1159,1号艇の節間得点,0.1131,6号艇のモーター出走数,-0.0988,2号艇のsession_exh_rel_avg,-0.1133,3号艇のモーター出走数,0.1086,2号艇のclass_rank_2to6,-0.0559,2号艇のwin_rate_rank_2to6,-0.0436,3号艇の当地2連率,0.037,4号艇のwin_rate_rank_2to6,0.1528,1号艇のモーター出走数,0.1455,4号艇のsession_exh_rel_avg,-0.1049,4号艇のclass_rank_2to6,0.0878,4号艇の年齢,-0.073,0.0555,南東 0.8m/s,[逃げ]1号艇のdominanceが不利(-23.0pt)、1号艇の全国2連率が不利(-11.9pt) / [2着]2号艇のsession_exh_rel_avgが不利(-11.3pt)、3号艇のモーター出走数が有利(+10.9pt) / [候補2]4号艇のwin_rate_rank_2to6が有利(+15.3pt)、1号艇のモーター出走数が有利(+14.6pt) / [除外]1号艇のsession_exh_rel_deltaが不利(-8.0pt)、天気+5.5pt
128,14,鳴門,9,12:38,0.21325892131834545,2,0.3757673929015911,3,0.3688128958776789,0.1587883892199693,0.18183864681923362,0.5627416419600364,0.12413975022833129,0.2799743650419894,1-2,1-3,0.08013574887680022,0.07865264034316906,0.03877871367465735,0.015173330671530231,0.0005184849716087269,True,True,False,False,特賞,2026-09-07,1号艇のdominance,-0.2194,1号艇の年齢,-0.148,1号艇の女子戦比率,-0.141,場特性:in_escape_diff,-0.1258,1号艇のsession_exh_rel_avg,-0.1182,2号艇のwin_rate_rank_2to6,-0.1363,2号艇のsession_exh_rel_avg,0.0914,2号艇のsession_avg_finish,0.0517,2号艇の直近平均着順,0.0286,1号艇の年齢,0.026,3号艇のwin_rate_rank_2to6,0.079,3号艇の当地勝率,0.0779,3号艇のsession_exh_rel_avg,0.0659,3号艇の全国勝率,0.0461,3号艇のclass_rank_2to6,0.0385,0.0229,北西 4.2m/s,[逃げ]1号艇のdominanceが不利(-21.9pt)、1号艇の年齢が不利(-14.8pt) / [2着]2号艇のwin_rate_rank_2to6が不利(-13.6pt)、2号艇のsession_exh_rel_avgが有利(+9.1pt) / [候補2]3号艇のwin_rate_rank_2to6が有利(+7.9pt)、3号艇の当地勝率が有利(+7.8pt) / [除外]6号艇のvs_avg456_diffが不利(-15.1pt)、6号艇のwin_rate_rank_2to6が不利(-12.4pt)、天気+2.3pt
129,03,江戸川,4,12:35,0.28879758137811323,5,0.29613994179755165,2,0.2930550342364587,0.17015808403875757,0.23182252384259203,0.3573724521914182,0.12282231224585598,0.22632239448455577,1-5,1-2,0.08463358509816943,0.03411951050908345,0.06694978419471057,0.08552449894058814,0.01757019725628751,True,True,False,False,予選,2026-09-07,1号艇のdominance,-0.3474,1号艇のracer_win_te,-0.1993,1号艇の年齢,0.1191,場特性:in_escape_diff,-0.0826,1号艇の級別順位,-0.0798,5号艇のwin_rate_rank_2to6,0.2233,5号艇のclass_rank_2to6,0.1878,5号艇のsession_exh_rel_avg,-0.1462,3号艇のracer_avgfin_te,0.1093,1号艇のracer_2nd_te,-0.0853,2号艇のsession_exh_rel_avg,0.1002,2号艇のモーター2連率,0.099,1号艇vs3号艇の枠別平均ST差,-0.0801,3号艇の全国勝率,-0.0597,2号艇のwin_rate_rank_2to6,-0.0518,-0.0396,南 4.0m/s,[逃げ]1号艇のdominanceが不利(-34.7pt)、1号艇のracer_win_teが不利(-19.9pt) / [2着]5号艇のwin_rate_rank_2to6が有利(+22.3pt)、5号艇のclass_rank_2to6が有利(+18.8pt) / [候補2]2号艇のsession_exh_rel_avgが有利(+10.0pt)、2号艇のモーター2連率が有利(+9.9pt) / [除外]3号艇のwin_rate_rank_2to6が不利(-6.1pt)、3号艇のracer_2nd_teが不利(-6.0pt)、天気-4.0pt
130,14,鳴門,2,09:10,0.20612481845451047,2,0.4530507100148361,3,0.2293257677948165,0.14065472760614295,0.12716598343839025,0.5552104943712624,0.11919093149259007,0.26502145763567875,1-2,1-3,0.09338499535249516,0.04726973225364778,0.026212065249827474,0.023071803033167037,0.01618622102962345,False,False,True,False,どーなるなる,2026-09-07,1号艇のdominance,-0.3978,1号艇のracer_win_te,-0.1983,1号艇の全国2連率,-0.1806,1号艇の年齢,0.1747,1号艇のvs_max234_diff,-0.1698,2号艇のwin_rate_rank_2to6,0.229,2号艇の女子戦比率,-0.1954,2号艇のclass_rank_2to6,0.1135,2号艇の当地勝率,0.0999,6号艇のsession_exh_rel_last,-0.0744,3号艇のsession_exh_rel_avg,-0.2504,3号艇のwin_rate_rank_2to6,-0.0968,3号艇のsession_exh_rel_last,-0.0836,1号艇の直近複勝率,-0.069,6号艇のsession_rank_diff_delta,-0.0688,-0.0075,北 4.5m/s,[逃げ]1号艇のdominanceが不利(-39.8pt)、1号艇のracer_win_teが不利(-19.8pt) / [2着]2号艇のwin_rate_rank_2to6が有利(+22.9pt)、2号艇の女子戦比率が不利(-19.5pt) / [候補2]3号艇のsession_exh_rel_avgが不利(-25.0pt)、3号艇のwin_rate_rank_2to6が不利(-9.7pt)、天気-0.8pt
131,01,桐生,1,15:18,0.2561067412605904,4,0.3603610748470179,2,0.2276592786684982,0.15059597653375917,0.177553273299703,0.4104670802158131,0.11850940623855813,0.22855730763837534,1-4,1-2,0.05830507597752572,0.04547259022493793,0.09229090055623347,0.029039525986855007,0.03099865042318222,True,False,False,False,予選,2026-09-07,1号艇のdominance,-0.2482,1号艇のsession_exh_rel_avg,-0.1532,2号艇のsession_exh_rel_avg,-0.1237,1号艇の平均ST,-0.1094,1号艇のracer_win_te,-0.0882,1号艇の平均ST,0.1768,4号艇のsession_exh_rel_avg,0.0946,4号艇のwin_rate_rank_2to6,0.0923,6号艇のsession_rank_diff_delta,0.0874,4号艇の節間得点,-0.0794,2号艇のwin_rate_rank_2to6,-0.178,2号艇のsession_exh_rel_avg,0.1637,2号艇の全国勝率,-0.1084,2号艇の節間得点,-0.0628,3号艇のモーター出走数,0.0529,-0.016,南西 1.4m/s,[逃げ]1号艇のdominanceが不利(-24.8pt)、1号艇のsession_exh_rel_avgが不利(-15.3pt) / [2着]1号艇の平均STが有利(+17.7pt)、4号艇のsession_exh_rel_avgが有利(+9.5pt) / [候補2]2号艇のwin_rate_rank_2to6が不利(-17.8pt)、2号艇のsession_exh_rel_avgが有利(+16.4pt)、天気-1.6pt
132,10,三国,6,10:48,0.21736395402654646,4,0.3731937803192794,5,0.30713531810382405,0.14787902287256124,0.21531435595223336,0.46501474247087005,0.1096704509901799,0.24301973875205388,1-4,1-5,0.022102473060702614,0.04680157976845671,0.08111887570831293,0.06676014716424833,0.0005808819180640936,False,False,True,False,一般,2026-09-07,1号艇のdominance,-0.2895,1号艇のsession_exh_rel_avg,-0.1647,節間得点の分散(2-6号艇),-0.1394,5号艇の節間得点,-0.1354,2号艇の平均ST,-0.078,4号艇の節間得点,0.2426,4号艇のclass_rank_2to6,0.1444,4号艇のwin_rate_rank_2to6,0.1032,4号艇の年齢,0.0817,5号艇の一般戦勝率,0.0757,5号艇のwin_rate_rank_2to6,0.2547,5号艇のclass_rank_2to6,0.1833,5号艇の節間得点,0.1157,5号艇のsession_exh_rel_avg,0.1043,6号艇の体重,0.0822,0.0443,北東 0.9m/s,[逃げ]1号艇のdominanceが不利(-29.0pt)、1号艇のsession_exh_rel_avgが不利(-16.5pt) / [2着]4号艇の節間得点が有利(+24.3pt)、4号艇のclass_rank_2to6が有利(+14.4pt) / [候補2]5号艇のwin_rate_rank_2to6が有利(+25.5pt)、5号艇のclass_rank_2to6が有利(+18.3pt) / [除外]6号艇のvs_avg456_diffが不利(-7.8pt)、6号艇のwin_rate_rank_2to6が不利(-7.0pt)、天気+4.4pt
133,03,江戸川,5,13:02,0.22130535272428797,3,0.4251025461600028,4,0.18720040535402233,0.13550592065893394,0.18494449499812926,0.4273584565158959,0.10543263178030621,0.2230616814160225,1-3,1-4,0.04092920669997631,0.09407746892193233,0.0414284517370016,0.02383326851779748,0.021036952725446853,True,True,False,False,予選,2026-09-07,1号艇のdominance,-0.4077,3号艇のsession_exh_rel_last,-0.1153,1号艇のsession_exh_rel_avg,0.114,1号艇の級別順位,-0.0848,5号艇の枠別出走数,-0.0814,3号艇のsession_exh_rel_avg,0.0884,4号艇のsession_exh_rel_delta,-0.0759,1号艇vs6号艇のplace_rate差,0.0576,3号艇のwin_rate_rank_2to6,-0.0523,3号艇のsession_exh_rel_last,0.0466,4号艇のclass_rank_2to6,0.0843,4号艇のsession_exh_rel_avg,0.0724,4号艇のwin_rate_rank_2to6,0.0692,1号艇vs4号艇のcumulative差,0.0495,6号艇のvs_avg456_diff,-0.0493,0.0022,南 3.8m/s,[逃げ]1号艇のdominanceが不利(-40.8pt)、3号艇のsession_exh_rel_lastが不利(-11.5pt) / [2着]3号艇のsession_exh_rel_avgが有利(+8.8pt)、4号艇のsession_exh_rel_deltaが不利(-7.6pt) / [候補2]4号艇のclass_rank_2to6が有利(+8.4pt)、4号艇のsession_exh_rel_avgが有利(+7.2pt)、天気影響ほぼなし
134,04,平和島,7,13:53,0.15437031725343903,2,0.5668841754059026,3,0.18975083458406908,0.11680198653721094,0.10601120244012566,0.6506238075498461,0.10194320368896481,0.27694853284100146,1-2,1-3,0.08751009000336336,0.029291896533847575,0.016364982953100748,0.006651916526900267,0.014551428935930078,True,True,False,False,予選,2026-09-07,1号艇のdominance,-0.3211,1号艇の女子戦比率,-0.1949,1号艇のvs_max234_diff,-0.1356,場特性:in_escape_diff,-0.0955,5号艇の平均ST,0.0786,2号艇のwin_rate_rank_2to6,0.2137,2号艇の女子戦比率,-0.118,2号艇のclass_rank_2to6,0.0891,5号艇のracer_2nd_te,-0.0683,2号艇のsession_exh_rel_avg,0.068,3号艇のwin_rate_rank_2to6,-0.1051,6号艇の女子戦比率,0.0968,3号艇の全国勝率,-0.0837,5号艇のsession_exh_rel_avg,-0.0668,3号艇のracer_avgfin_te,-0.0618,-0.12,南西 5.5m/s,[逃げ]1号艇のdominanceが不利(-32.1pt)、1号艇の女子戦比率が不利(-19.5pt) / [2着]2号艇のwin_rate_rank_2to6が有利(+21.4pt)、2号艇の女子戦比率が不利(-11.8pt) / [候補2]3号艇のwin_rate_rank_2to6が不利(-10.5pt)、6号艇の女子戦比率が有利(+9.7pt) / [除外]6号艇の女子戦比率が不利(-7.6pt)、5号艇のracer_win_teが不利(-7.6pt)、天気-12.0pt
135,11,琵琶湖,1,10:35,0.19127157578678983,4,0.4522811519963382,3,0.27486133975076166,0.13908169021800063,0.2341744223134202,0.49296806943367966,0.09999844086459139,0.24524760398270434,1-4,1-3,0.044790910764849076,0.052573161576996395,0.08650852864100421,0.003832103271554633,0.0035668686822169465,False,False,True,False,予選,2026-09-07,1号艇のdominance,-0.4355,1号艇のvs_max234_diff,-0.2703,1号艇の年齢,0.1316,1号艇のracer_win_te,-0.1184,1号艇vs4号艇の枠別勝率差,-0.1138,4号艇のclass_rank_2to6,0.2299,4号艇のwin_rate_rank_2to6,0.2071,1号艇の一般戦2連率,0.1349,4号艇の全国勝率,0.1084,5号艇のracer_win_te,0.0667,3号艇のsession_exh_rel_avg,0.1173,3号艇のwin_rate_rank_2to6,0.0866,3号艇のracer_avgfin_te,-0.0648,3号艇の節間得点,-0.0607,3号艇の全国勝率,0.0546,0.0217,北東 0.5m/s,[逃げ]1号艇のdominanceが不利(-43.5pt)、1号艇のvs_max234_diffが不利(-27.0pt) / [2着]4号艇のclass_rank_2to6が有利(+23.0pt)、4号艇のwin_rate_rank_2to6が有利(+20.7pt) / [候補2]3号艇のsession_exh_rel_avgが有利(+11.7pt)、3号艇のwin_rate_rank_2to6が有利(+8.7pt) / [除外]5号艇のracer_win_teが不利(-11.4pt)、6号艇のwin_rate_rank_2to6が不利(-8.2pt)、天気+2.2pt
136,07,蒲郡,2,15:48,0.13749908599665273,3,0.4090398801732298,2,0.33598217920950013,0.10243985221246929,0.1326966495843604,0.6123254097983695,0.08612774200545524,0.2554055194882393,1-3,1-2,0.04619724255246985,0.05624260965999945,0.013134304425010825,0.018245668032667663,0.003679264655961008,True,False,False,False,一般戦,2026-09-07,1号艇のdominance,-0.2656,1号艇のracer_win_te,-0.2113,1号艇のsession_exh_rel_avg,-0.2097,1号艇の年齢,-0.1272,1号艇の直近1着率,-0.115,3号艇のsession_exh_rel_avg,0.1033,3号艇のwin_rate_rank_2to6,-0.0603,場特性:1x_diff_course3,0.05,3号艇のracer_avgfin_te,0.0454,3号艇のcumulative_diff_rank_2to6,0.0446,2号艇のsession_exh_rel_avg,0.1141,2号艇のclass_rank_2to6,0.0635,2号艇のwin_rate_rank_2to6,0.0521,1号艇vs2号艇のplace_rate差,-0.044,6号艇のsession_exh_rel_last,-0.0431,0.0331,北 1.4m/s,[逃げ]1号艇のdominanceが不利(-26.6pt)、1号艇のracer_win_teが不利(-21.1pt) / [2着]3号艇のsession_exh_rel_avgが有利(+10.3pt)、3号艇のwin_rate_rank_2to6が不利(-6.0pt) / [候補2]2号艇のsession_exh_rel_avgが有利(+11.4pt)、2号艇のclass_rank_2to6が有利(+6.3pt) / [除外]6号艇のwin_rate_rank_2to6が不利(-5.7pt)、天気+3.3pt
137,03,江戸川,3,12:08,0.1699221733810459,5,0.373815828620261,3,0.23102506286651203,0.10277587883116183,0.17889413600716253,0.4259467554796106,0.08071267637610881,0.19972714182569645,1-5,1-3,0.02863730799037567,0.039256280787770485,0.030398080395461477,0.06351959804339133,0.008110908379579923,True,True,False,False,予選,2026-09-07,1号艇のdominance,-0.2657,1号艇のsession_exh_rel_avg,-0.1712,2号艇のsession_exh_rel_avg,-0.1232,場特性:in_escape_diff,-0.088,1号艇のsession_avg_finish,-0.0841,5号艇のwin_rate_rank_2to6,0.2585,5号艇のclass_rank_2to6,0.1879,3号艇の枠別平均ST,0.1232,5号艇のsession_exh_rel_avg,0.1065,1号艇のsession_rank_diff_last,-0.0678,3号艇のsession_exh_rel_avg,0.0863,3号艇の女子戦勝率,0.0813,3号艇のwin_rate_rank_2to6,-0.0717,3号艇のsession_exh_rel_delta,-0.0655,3号艇の節間得点,0.0545,-0.0534,南 4.1m/s,[逃げ]1号艇のdominanceが不利(-26.6pt)、1号艇のsession_exh_rel_avgが不利(-17.1pt) / [2着]5号艇のwin_rate_rank_2to6が有利(+25.9pt)、5号艇のclass_rank_2to6が有利(+18.8pt) / [候補2]3号艇のsession_exh_rel_avgが有利(+8.6pt)、3号艇の女子戦勝率が有利(+8.1pt) / [除外]6号艇のwin_rate_rank_2to6が不利(-7.2pt)、6号艇のvs_avg456_diffが不利(-6.0pt)、天気-5.3pt
138,04,平和島,1,10:55,0.1711349540583254,2,0.38861430707947486,4,0.23019861333706407,0.10590052070618255,0.22604447489293866,0.39276844552360024,0.07717464759348118,0.19196089815140785,1-2,1-4,0.0665054915884539,0.013181129907585935,0.03939502911772867,0.03868411082594135,0.01336918847468757,False,False,True,False,予選,2026-09-07,4号艇のsession_exh_rel_avg,-0.3157,1号艇のdominance,-0.2311,4号艇のsession_exh_rel_last,-0.1812,1号艇vs4号艇の枠別勝率差,-0.1368,場特性:in_escape_diff,-0.1069,2号艇の女子戦比率,-0.0899,2号艇のsession_exh_rel_avg,0.0899,2号艇のモーター2連率,0.0723,2号艇の体重,-0.066,2号艇のwin_rate_rank_2to6,0.0606,4号艇のsession_exh_rel_avg,0.1624,4号艇の女子戦比率,-0.1457,4号艇のモーター2連率,0.1284,4号艇のclass_rank_2to6,-0.0781,4号艇のsession_exh_rel_last,0.0761,-0.1161,南西 5.0m/s,[逃げ]4号艇のsession_exh_rel_avgが不利(-31.6pt)、1号艇のdominanceが不利(-23.1pt) / [2着]2号艇の女子戦比率が不利(-9.0pt)、2号艇のsession_exh_rel_avgが有利(+9.0pt) / [候補2]4号艇のsession_exh_rel_avgが有利(+16.2pt)、4号艇の女子戦比率が不利(-14.6pt) / [除外]3号艇のracer_2nd_teが不利(-6.2pt)、3号艇のwin_rate_rank_2to6が不利(-5.7pt)、天気-11.6pt
139,07,蒲郡,1,15:20,0.13207754555483728,2,0.4098445501414856,4,0.29462420491907315,0.09304450408847045,0.22507962835605944,0.4793891267044993,0.06791359720750231,0.20894789087327909,1-2,1-4,0.05413126224171385,0.029727964867663284,0.0389132418467566,0.004367466981488321,0.004937612200358023,True,False,False,False,一般戦,2026-09-07,1号艇のdominance,-0.5451,1号艇のvs_max234_diff,-0.2995,1号艇のracer_win_te,-0.2258,1号艇の全国2連率,-0.1873,1号艇のsession_exh_rel_avg,0.1283,2号艇のwin_rate_rank_2to6,0.173,2号艇のclass_rank_2to6,0.1134,1号艇vs6号艇の枠別平均ST差,0.0938,2号艇のsession_exh_rel_avg,-0.0928,6号艇のsession_rank_diff_last,-0.0764,4号艇のwin_rate_rank_2to6,0.1207,5号艇のsession_rank_diff_delta,0.098,1号艇の一般戦2連率,0.0942,4号艇のclass_rank_2to6,-0.0917,場特性:1x_diff_course4,0.0775,0.0137,北 1.9m/s,[逃げ]1号艇のdominanceが不利(-54.5pt)、1号艇のvs_max234_diffが不利(-29.9pt) / [2着]2号艇のwin_rate_rank_2to6が有利(+17.3pt)、2号艇のclass_rank_2to6が有利(+11.3pt) / [候補2]4号艇のwin_rate_rank_2to6が有利(+12.1pt)、5号艇のsession_rank_diff_deltaが有利(+9.8pt) / [除外]6号艇のwin_rate_rank_2to6が不利(-7.4pt)、6号艇のvs_avg456_diffが不利(-6.4pt)、天気+1.4pt
140,07,蒲郡,3,16:13,0.13198019617320172,3,0.32024908752156545,4,0.2975495999823002,0.08153719197230674,0.2188658856310429,0.39893280187282276,0.06012234029284201,0.17675587494246153,1-3,1-4,0.028885962521206572,0.04226653739538506,0.03927065457692168,0.017210141904095956,0.004346899468302125,True,False,False,False,一般戦,2026-09-07,1号艇のdominance,-0.536,1号艇のvs_max234_diff,-0.2935,1号艇のracer_win_te,-0.2295,1号艇の全国2連率,-0.2111,1号艇のsession_exh_rel_avg,0.1354,1号艇の直近複勝率,-0.1033,5号艇の節間得点,-0.0934,1号艇vs3号艇のcumulative差,0.0858,3号艇のsession_exh_rel_avg,0.0676,場特性:1x_diff_course3,0.0637,4号艇のclass_rank_2to6,0.1765,1号艇vs5号艇のlocal_win_rate差,0.1155,1号艇の一般戦2連率,0.0944,4号艇のwin_rate_rank_2to6,-0.089,4号艇のsession_exh_rel_avg,-0.0646,-0.0061,北西 0.9m/s,[逃げ]1号艇のdominanceが不利(-53.6pt)、1号艇のvs_max234_diffが不利(-29.3pt) / [2着]1号艇の直近複勝率が不利(-10.3pt)、5号艇の節間得点が不利(-9.3pt) / [候補2]4号艇のclass_rank_2to6が有利(+17.6pt)、1号艇vs5号艇のlocal_win_rate差が有利(+11.6pt) / [除外]1号艇vs3号艇の直近複勝率差が不利(-10.4pt)、1号艇vs5号艇の級別差が不利(-8.4pt)、天気-0.6pt
141,04,平和島,8,14:24,0.0959532183832704,4,0.45094567021185594,3,0.24740809721084983,0.06700929155429051,0.19640016063228366,0.5019536067904222,0.05121652880414869,0.19749258612513004,1-4,1-3,0.0188452275036589,0.023739603181462066,0.04326968837282844,0.0094697929879822,0.0006289050192286632,True,True,False,False,予選,2026-09-07,1号艇のdominance,-0.4271,1号艇のracer_win_te,-0.2845,1号艇のvs_max234_diff,-0.1505,1号艇の平均ST,-0.1439,1号艇の全国勝率,-0.1403,4号艇のclass_rank_2to6,0.2281,4号艇のwin_rate_rank_2to6,0.2117,4号艇の節間得点,0.1281,4号艇の全国勝率,0.1225,4号艇のsession_exh_rel_avg,-0.0889,6号艇の女子戦比率,0.0674,4号艇の直近1着率,0.0671,2号艇のracer_win_te,0.0655,3号艇のwin_rate_rank_2to6,-0.0649,3号艇の全国勝率,-0.0551,-0.1034,南西 4.9m/s,[逃げ]1号艇のdominanceが不利(-42.7pt)、1号艇のracer_win_teが不利(-28.5pt) / [2着]4号艇のclass_rank_2to6が有利(+22.8pt)、4号艇のwin_rate_rank_2to6が有利(+21.2pt) / [候補2]6号艇の女子戦比率が有利(+6.7pt)、4号艇の直近1着率が有利(+6.7pt) / [除外]5号艇の直近平均着順が不利(-23.4pt)、1号艇vs5号艇の枠別平均ST差が不利(-11.8pt)、天気-10.3pt
142,14,鳴門,5,10:28,0.08007612779943007,2,0.46126080105076994,4,0.20116084631980136,0.05304416049195487,0.12714985881251123,0.53527178855806,0.04495069147109858,0.1977124489117864,1-2,1-4,0.03693597885380894,0.010181668343950139,0.016108181638145928,0.008748063111448384,0.008102234658849393,False,False,True,False,予選,2026-09-07,1号艇のdominance,-0.4473,1号艇のvs_max234_diff,-0.2958,1号艇のracer_win_te,-0.2393,1号艇のsession_exh_rel_avg,-0.2302,1号艇の全国2連率,-0.1647,2号艇のwin_rate_rank_2to6,0.1899,2号艇のsession_exh_rel_avg,0.1017,2号艇のclass_rank_2to6,0.0791,2号艇の全国勝率,0.0567,2号艇の体重,-0.05,4号艇のclass_rank_2to6,0.0994,4号艇のwin_rate_rank_2to6,0.0737,4号艇の枠別平均ST,0.0602,1号艇の級別,-0.0521,4号艇の一般戦勝率,-0.0491,-0.0038,北西 4.8m/s,[逃げ]1号艇のdominanceが不利(-44.7pt)、1号艇のvs_max234_diffが不利(-29.6pt) / [2着]2号艇のwin_rate_rank_2to6が有利(+19.0pt)、2号艇のsession_exh_rel_avgが有利(+10.2pt) / [候補2]4号艇のclass_rank_2to6が有利(+9.9pt)、4号艇のwin_rate_rank_2to6が有利(+7.4pt) / [除外]6号艇のwin_rate_rank_2to6が不利(-7.1pt)、天気-0.4pt
143,01,桐生,4,16:33,0.07459634324689757,4,0.33830125968244873,2,0.29939103074770923,0.047569512982828355,0.19499675736787636,0.4426955330622816,0.03643843204536361,0.16610731900666434,1-4,1-2,0.02233347609469858,0.014546045044646107,0.025236036888129774,0.006830802520871752,0.005649983254337428,True,False,False,False,予選,2026-09-07,1号艇のdominance,-0.4111,1号艇のsession_exh_rel_avg,-0.2969,1号艇のvs_max234_diff,-0.1436,1号艇vs4号艇の枠別勝率差,-0.1423,6号艇のモーター出走数,-0.1238,4号艇のwin_rate_rank_2to6,0.2125,4号艇のclass_rank_2to6,0.1873,1号艇のモーター出走数,0.174,4号艇の全国勝率,0.1081,4号艇の年齢,-0.1073,4号艇のracer_2nd_te,0.2467,2号艇のwin_rate_rank_2to6,-0.1066,3号艇のモーター出走数,0.1009,2号艇のsession_exh_rel_avg,-0.0969,2号艇のclass_rank_2to6,-0.0587,0.0213,南東 0.9m/s,[逃げ]1号艇のdominanceが不利(-41.1pt)、1号艇のsession_exh_rel_avgが不利(-29.7pt) / [2着]4号艇のwin_rate_rank_2to6が有利(+21.2pt)、4号艇のclass_rank_2to6が有利(+18.7pt) / [候補2]4号艇のracer_2nd_teが有利(+24.7pt)、2号艇のwin_rate_rank_2to6が不利(-10.7pt)、天気+2.1pt
144,11,琵琶湖,7,13:37,0.061044143163113004,4,0.39712714771722657,2,0.3409341683067869,0.04505432063852547,0.18060091627840164,0.5574603997456118,0.03529009873098315,0.19877614437065136,1-4,1-2,0.020812034179316364,0.011024628188688134,0.024242286459209103,0.0025579091155366585,0.0024072855614734683,True,True,False,False,予選,2026-09-07,1号艇のdominance,-0.5054,1号艇のvs_max234_diff,-0.2757,1号艇のsession_exh_rel_avg,-0.2135,1号艇のracer_win_te,-0.2071,1号艇の全国2連率,-0.1945,4号艇の全国勝率,0.1228,4号艇のclass_rank_2to6,0.1223,4号艇の節間得点,0.119,4号艇のwin_rate_rank_2to6,0.0979,1号艇の平均ST,0.0633,2号艇のwin_rate_rank_2to6,0.1863,1号艇vs2号艇のplace_rate差,-0.0897,2号艇のclass_rank_2to6,0.0785,3号艇のracer_2nd_te,0.0667,1号艇の直近複勝率,0.0443,0.0257,東 0.8m/s,[逃げ]1号艇のdominanceが不利(-50.5pt)、1号艇のvs_max234_diffが不利(-27.6pt) / [2着]4号艇の全国勝率が有利(+12.3pt)、4号艇のclass_rank_2to6が有利(+12.2pt) / [候補2]2号艇のwin_rate_rank_2to6が有利(+18.6pt)、1号艇vs2号艇のplace_rate差が不利(-9.0pt)、天気+2.6pt
