rank,venue_code,venue_name,race_no,closing_time,in_escape_prob,second_pred_1,second_pred_1_prob,second_pred_2,second_pred_2_prob,confidence_score,third_prob,top2_margin,adjusted_score,score_margin_blend,ticket_1,ticket_2,score_boat2,score_boat3,score_boat4,score_boat5,score_boat6,is_teppan,is_lunch,is_excluded,is_channel_target,race_grade,race_date,top_feat_1,top_feat_1_contrib,top_feat_2,top_feat_2_contrib,top_feat_3,top_feat_3_contrib,top_feat_4,top_feat_4_contrib,top_feat_5,top_feat_5_contrib,s2_top_feat_1,s2_top_feat_1_contrib,s2_top_feat_2,s2_top_feat_2_contrib,s2_top_feat_3,s2_top_feat_3_contrib,s2_top_feat_4,s2_top_feat_4_contrib,s2_top_feat_5,s2_top_feat_5_contrib,s2_top2_feat_1,s2_top2_feat_1_contrib,s2_top2_feat_2,s2_top2_feat_2_contrib,s2_top2_feat_3,s2_top2_feat_3_contrib,s2_top2_feat_4,s2_top2_feat_4_contrib,s2_top2_feat_5,s2_top2_feat_5_contrib,weather_contribution,wind_info,reason_text
1,18,徳山,3,09:36,0.8450443248718948,2,0.5290934791153068,4,0.355697030424224,0.7476871987868926,0.05873244002734415,0.8260580695121866,0.6949910065125356,0.7711984600044808,1-2,1-4,0.4471074418531164,0.04963151513098609,0.3005797569337762,0.02389390876776509,0.023831717926428148,False,False,True,False,決めトク特賞,2026-09-03,1号艇のdominance,0.3004,場特性:in_escape_diff,0.203,2号艇の枠別勝率,0.1076,1号艇のracer_win_te,0.1073,1号艇のsession_exh_rel_avg,0.0965,2号艇のwin_rate_rank_2to6,0.1751,3号艇のracer_2nd_te,0.0884,2号艇のsession_exh_rel_avg,0.0717,ST差分(3-2),-0.0508,3号艇のracer_avgfin_te,0.0503,4号艇のsession_exh_rel_avg,0.1378,4号艇の節間得点,0.1222,4号艇のwin_rate_rank_2to6,0.0892,4号艇のcumulative_diff_rank_2to6,0.0572,3号艇のracer_win_te,0.055,0.0722,東 1.8m/s,[逃げ]1号艇のdominanceが有利(+30.0pt)、場特性:in_escape_diffが有利(+20.3pt) / [2着]2号艇のwin_rate_rank_2to6が有利(+17.5pt)、3号艇のracer_2nd_teが有利(+8.8pt) / [候補2]4号艇のsession_exh_rel_avgが有利(+13.8pt)、4号艇の節間得点が有利(+12.2pt) / [除外]3号艇のracer_win_teが不利(-6.6pt)、6号艇のsession_exh_rel_avgが不利(-5.4pt)、天気+7.2pt
2,16,児島,7,14:36,0.8874479893534201,2,0.510858964363393,3,0.31935847969798814,0.7367748014584081,0.0975355352178924,0.7326819088434887,0.6505407319440454,0.7355469336739323,1-2,1-3,0.45336076076746357,0.2834140406909446,0.0865577146196283,0.04114126435929244,0.022974195692085652,True,True,False,False,一般,2026-09-03,1号艇のdominance,0.2485,1号艇のracer_win_te,0.1325,1号艇の勝率順位,0.0844,1号艇の級別順位,0.0842,1号艇vs6号艇の直近複勝率差,0.0723,2号艇の節間得点,0.1046,2号艇のracer_avgfin_te,-0.078,4号艇の節間得点,0.0704,2号艇の全国勝率,0.0472,2号艇の当地勝率,-0.0398,3号艇のwin_rate_rank_2to6,0.2363,3号艇のsession_exh_rel_avg,-0.1429,3号艇の節間得点,-0.1045,1号艇vs3号艇のcumulative差,-0.0801,3号艇のcumulative_diff_rank_2to6,-0.0486,0.0603,北東 2.1m/s,[逃げ]1号艇のdominanceが有利(+24.9pt)、1号艇のracer_win_teが有利(+13.2pt) / [2着]2号艇の節間得点が有利(+10.5pt)、2号艇のracer_avgfin_teが不利(-7.8pt) / [候補2]3号艇のwin_rate_rank_2to6が有利(+23.6pt)、3号艇のsession_exh_rel_avgが不利(-14.3pt) / [除外]6号艇のwin_rate_rank_2to6が不利(-9.8pt)、6号艇の直近平均着順が不利(-8.0pt)、天気+6.0pt
3,18,徳山,4,10:02,0.8469616324846088,2,0.6904714621051415,4,0.11610549803221161,0.6831397388824059,0.07173429554530673,0.7348426645920464,0.6243342813691248,0.6986506165952979,1-2,1-4,0.5848028367286053,0.05971785727665868,0.09833690215380048,0.06075619606018639,0.04334786708437053,False,False,True,False,ガチトク予選,2026-09-03,場特性:in_escape_diff,0.2231,1号艇のdominance,0.1618,風速区分,0.0793,ST差分(6-5),0.0707,場特性:1x_diff_course2,0.063,2号艇のwin_rate_rank_2to6,0.1758,2号艇のclass_rank_2to6,0.1095,2号艇の当地勝率,0.0933,2号艇のsession_exh_rel_avg,0.0676,2号艇の一般戦勝率,-0.0662,4号艇のsession_exh_rel_avg,-0.1203,4号艇のwin_rate_rank_2to6,-0.1106,4号艇のclass_rank_2to6,-0.0985,3号艇の年齢,0.0709,場特性:1x_diff_course4,0.0709,0.0879,北東 2.0m/s,[逃げ]場特性:in_escape_diffが有利(+22.3pt)、1号艇のdominanceが有利(+16.2pt) / [2着]2号艇のwin_rate_rank_2to6が有利(+17.6pt)、2号艇のclass_rank_2to6が有利(+11.0pt) / [候補2]4号艇のsession_exh_rel_avgが不利(-12.0pt)、4号艇のwin_rate_rank_2to6が不利(-11.1pt) / [除外]1号艇vs5号艇の枠別平均ST差が不利(-7.6pt)、3号艇のsession_exh_rel_avgが不利(-6.4pt)、天気+8.8pt
4,08,常滑,2,11:02,0.736893717076256,3,0.6190471904528116,2,0.21539690604126505,0.6148966119578582,0.07976703307966417,0.7546770634144125,0.5560384378939192,0.6568307473948245,1-3,1-2,0.15872462673947285,0.4561719852183853,0.058779825506218394,0.028915128890801528,0.03430215072137793,True,True,False,False,一般,2026-09-03,1号艇の節間得点,0.0984,場特性:in_escape_diff,0.0926,風速区分,0.0631,1号艇のdominance,0.0588,1号艇のsession_exh_rel_avg,-0.0463,3号艇のwin_rate_rank_2to6,0.2254,2号艇のvs_boat3_diff,0.0649,win_rate_gap_top2_2to6,0.0644,3号艇のclass_rank_2to6,0.0437,3号艇の全国勝率,0.0363,2号艇のwin_rate_rank_2to6,-0.1514,2号艇のsession_exh_rel_avg,-0.0923,2号艇の全国勝率,-0.0858,2号艇の直近平均着順,-0.0706,2号艇の節間得点,-0.0588,0.0203,東 2.5m/s,[逃げ]1号艇の節間得点が有利(+9.8pt)、場特性:in_escape_diffが有利(+9.3pt) / [2着]3号艇のwin_rate_rank_2to6が有利(+22.5pt)、2号艇のvs_boat3_diffが有利(+6.5pt) / [候補2]2号艇のwin_rate_rank_2to6が不利(-15.1pt)、2号艇のsession_exh_rel_avgが不利(-9.2pt) / [除外]5号艇のracer_win_teが不利(-8.8pt)、1号艇vs6号艇のcumulative差が不利(-8.7pt)、天気+2.0pt
5,22,福岡,10,16:28,0.6797014230629286,3,0.4908512995598211,2,0.38458929054526225,0.5950382149014751,0.06477231336503682,0.8106682767400465,0.5487878128377506,0.6597272334530465,1-3,1-2,0.26140588807837684,0.33363232682309824,0.044025833569293474,0.026773327103459588,0.013864055717977029,True,False,False,False,予選特賞,2026-09-03,1号艇のracer_win_te,0.1751,3号艇のsession_exh_rel_avg,-0.1245,1号艇のdominance,0.1168,1号艇の級別順位,0.0665,1号艇の節間得点,0.0644,3号艇のwin_rate_rank_2to6,0.2419,3号艇の当地勝率,0.1232,3号艇のsession_exh_rel_avg,0.1155,場特性:1x_diff_course3,0.0515,1号艇の一般戦勝率,0.0501,2号艇の当地勝率,0.1118,2号艇のsession_exh_rel_avg,0.1113,2号艇のclass_rank_2to6,-0.0756,5号艇のracer_2nd_te,0.0646,2号艇のwin_rate_rank_2to6,0.063,0.106,東 3.4m/s,[逃げ]1号艇のracer_win_teが有利(+17.5pt)、3号艇のsession_exh_rel_avgが不利(-12.5pt) / [2着]3号艇のwin_rate_rank_2to6が有利(+24.2pt)、3号艇の当地勝率が有利(+12.3pt) / [候補2]2号艇の当地勝率が有利(+11.2pt)、2号艇のsession_exh_rel_avgが有利(+11.1pt) / [除外]4号艇のwin_rate_rank_2to6が不利(-6.1pt)、3号艇の一般戦勝率が不利(-5.2pt)、天気+10.6pt
6,09,津,5,12:44,0.8069303501951506,3,0.4661853257473448,2,0.3270844056602653,0.6401134221639558,0.13030040238985552,0.6629693290177545,0.5400249783842227,0.6469701942200954,1-3,1-2,0.2639343340028106,0.37617908816114526,0.10514334933101514,0.049315255018075314,0.012358340966890674,True,True,False,False,予選,2026-09-03,風速区分,0.0918,3号艇の女子戦2連率,0.0917,1号艇の全国勝率,0.0906,1号艇の級別順位,0.0864,3号艇の一般戦2連率,0.0786,3号艇のwin_rate_rank_2to6,0.1459,3号艇の全国勝率,0.1303,6号艇の直近1着率,0.1088,3号艇の当地勝率,0.0741,4号艇の直近複勝率,0.0549,1号艇vs3号艇の枠別勝率差,0.085,2号艇の当地勝率,0.0777,2号艇の全国勝率,0.066,2号艇のracer_avgfin_te,0.0616,2号艇のsession_exh_rel_avg,0.0557,0.1625,北 1.6m/s,[逃げ]風速区分が有利(+9.2pt)、3号艇の女子戦2連率が有利(+9.2pt) / [2着]3号艇のwin_rate_rank_2to6が有利(+14.6pt)、3号艇の全国勝率が有利(+13.0pt) / [候補2]1号艇vs3号艇の枠別勝率差が有利(+8.5pt)、2号艇の当地勝率が有利(+7.8pt) / [除外]6号艇のwin_rate_rank_2to6が不利(-6.3pt)、1号艇vs3号艇の枠別勝率差が不利(-5.8pt)、天気+16.2pt
7,24,大村,11,22:16,0.7859786331335776,2,0.4641327599833814,3,0.35256072161203544,0.6419036263534683,0.14076462686516472,0.675928854730252,0.5334748370170178,0.6521111948665034,1-2,1-3,0.36479843228425296,0.2771051940692154,0.11063798901704025,0.023073712721189438,0.010363335785864604,False,False,False,False,準優勝戦,2026-09-03,場特性:in_escape_diff,0.1635,1号艇のsession_exh_rel_avg,0.1102,1号艇のracer_win_te,0.0976,1号艇の節間得点,0.0963,1号艇の級別順位,0.0826,2号艇のwin_rate_rank_2to6,0.2037,2号艇のclass_rank_2to6,0.1079,2号艇のracer_avgfin_te,0.0832,2号艇の全国勝率,0.0562,2号艇の節間得点,0.0498,3号艇のwin_rate_rank_2to6,0.0816,3号艇のsession_exh_rel_avg,0.0631,3号艇のモーター2連率,0.057,3号艇の当地勝率,0.0553,場特性:1x_diff_course3,0.049,0.1074,北東 3.8m/s,[逃げ]場特性:in_escape_diffが有利(+16.3pt)、1号艇のsession_exh_rel_avgが有利(+11.0pt) / [2着]2号艇のwin_rate_rank_2to6が有利(+20.4pt)、2号艇のclass_rank_2to6が有利(+10.8pt) / [候補2]3号艇のwin_rate_rank_2to6が有利(+8.2pt)、3号艇のsession_exh_rel_avgが有利(+6.3pt) / [除外]6号艇のwin_rate_rank_2to6が不利(-7.9pt)、天気+10.7pt
8,22,福岡,11,16:58,0.8076495612091441,3,0.46272679375033404,2,0.2971414948975777,0.6137072899032292,0.10943187408485697,0.6504364145630548,0.5331163232548505,0.6247260273011769,1-3,1-2,0.23998619797105775,0.3737210919321714,0.08838260508692904,0.057426657198826926,0.04813302406380432,True,False,False,False,予選特選,2026-09-03,1号艇のdominance,0.271,1号艇のvs_max234_diff,0.1017,1号艇の勝率順位,0.0879,1号艇の級別順位,0.0807,1号艇のlocal_win_rate順位,0.0633,3号艇のsession_exh_rel_avg,0.139,3号艇のモーター2連率,0.0848,3号艇のwin_rate_rank_2to6,0.0583,3号艇の当地勝率,-0.0524,3号艇のclass_rank_2to6,0.0331,2号艇のwin_rate_rank_2to6,-0.1165,2号艇のsession_exh_rel_avg,0.0678,2号艇のsession_avg_finish,0.0659,2号艇の全国勝率,-0.0596,2号艇のclass_rank_2to6,-0.0552,0.0891,東 3.2m/s,[逃げ]1号艇のdominanceが有利(+27.1pt)、1号艇のvs_max234_diffが有利(+10.2pt) / [2着]3号艇のsession_exh_rel_avgが有利(+13.9pt)、3号艇のモーター2連率が有利(+8.5pt) / [候補2]2号艇のwin_rate_rank_2to6が不利(-11.6pt)、2号艇のsession_exh_rel_avgが有利(+6.8pt) / [除外]6号艇のsession_exh_rel_avgが不利(-5.9pt)、5号艇のwin_rate_rank_2to6が不利(-5.1pt)、天気+8.9pt
9,08,常滑,7,13:29,0.7166797921031938,3,0.6085014205377339,2,0.1938402116581211,0.5750220341578625,0.07846327045471896,0.723878361741136,0.5208803028976012,0.6196789324328444,1-3,1-2,0.1389213625923813,0.4361006715654812,0.05623304035722465,0.04929591118698614,0.03612880640112042,True,True,False,False,一般,2026-09-03,場特性:in_escape_diff,0.0965,1号艇の節間得点,0.0836,1号艇のdominance,0.0676,風速区分,0.0556,1号艇のsession_exh_rel_avg,-0.0476,3号艇のwin_rate_rank_2to6,0.1682,3号艇の当地勝率,0.0951,3号艇のsession_exh_rel_avg,-0.0599,3号艇のclass_rank_2to6,0.0388,2号艇のvs_boat3_diff,0.0358,2号艇のwin_rate_rank_2to6,-0.1685,2号艇の節間得点,-0.0724,2号艇の全国勝率,-0.0588,2号艇のsession_avg_finish,-0.0542,2号艇のclass_rank_2to6,-0.0536,0.0506,東 2.5m/s,[逃げ]場特性:in_escape_diffが有利(+9.7pt)、1号艇の節間得点が有利(+8.4pt) / [2着]3号艇のwin_rate_rank_2to6が有利(+16.8pt)、3号艇の当地勝率が有利(+9.5pt) / [候補2]2号艇のwin_rate_rank_2to6が不利(-16.9pt)、2号艇の節間得点が不利(-7.2pt) / [除外]4号艇のracer_avgfin_teが不利(-5.3pt)、4号艇のwin_rate_rank_2to6が不利(-5.3pt)、天気+5.1pt
10,08,常滑,6,12:59,0.7121176358090554,2,0.5481662036990989,5,0.27135163831719245,0.5835931081599803,0.09242225800344633,0.727095584012845,0.5188687167863065,0.6266438509158397,1-2,1-5,0.39035882100862734,0.0530576131880072,0.06581551986554875,0.19323428715135296,0.009651383320928176,True,True,False,False,昼トコ小判Ｒ,2026-09-03,1号艇のdominance,0.2084,5号艇の節間得点,-0.134,1号艇の年齢,-0.0914,1号艇の勝率順位,0.0823,1号艇のracer_win_te,0.0786,2号艇のclass_rank_2to6,0.0827,2号艇のsession_exh_rel_avg,0.07,2号艇のwin_rate_rank_2to6,0.0536,2号艇の全国勝率,0.0486,枠別勝率の分散(2-6号艇),0.0405,5号艇のwin_rate_rank_2to6,0.2486,5号艇のclass_rank_2to6,0.1429,1号艇vs4号艇の勝率差,0.0922,5号艇の節間得点,0.0883,1号艇vs4号艇の直近複勝率差,-0.067,0.0751,東 2.5m/s,[逃げ]1号艇のdominanceが有利(+20.8pt)、5号艇の節間得点が不利(-13.4pt) / [2着]2号艇のclass_rank_2to6が有利(+8.3pt)、2号艇のsession_exh_rel_avgが有利(+7.0pt) / [候補2]5号艇のwin_rate_rank_2to6が有利(+24.9pt)、5号艇のclass_rank_2to6が有利(+14.3pt) / [除外]6号艇のwin_rate_rank_2to6が不利(-6.6pt)、5号艇の節間得点が不利(-6.3pt)、天気+7.5pt
11,02,戸田,11,15:55,0.7640823463063698,2,0.5523239982918394,3,0.22390141956790707,0.5931001385409175,0.10835553722152252,0.667869880638224,0.5159813175756048,0.6155310611701094,1-2,1-3,0.4220210165361441,0.17107912200477338,0.08122970467909951,0.08279255311550812,0.006959944989594809,True,False,False,False,記者選抜戦,2026-09-03,場特性:in_escape_diff,-0.1626,1号艇のdominance,0.147,風速区分,0.1042,1号艇の年齢,0.0845,1号艇の勝率順位,0.0838,2号艇のモーター2連率,0.1777,2号艇のwin_rate_rank_2to6,0.0847,2号艇のclass_rank_2to6,0.0695,2号艇の全国勝率,0.0504,1号艇のframe_dominance,0.045,3号艇のwin_rate_rank_2to6,-0.06,3号艇のcumulative_diff_rank_2to6,0.0443,3号艇のモーター2連率,-0.0433,3号艇の全国勝率,0.0367,4号艇のモーター2連率,-0.0355,0.1218,北 0.7m/s,[逃げ]場特性:in_escape_diffが不利(-16.3pt)、1号艇のdominanceが有利(+14.7pt) / [2着]2号艇のモーター2連率が有利(+17.8pt)、2号艇のwin_rate_rank_2to6が有利(+8.5pt) / [候補2]3号艇のwin_rate_rank_2to6が不利(-6.0pt)、3号艇のcumulative_diff_rank_2to6が有利(+4.4pt) / [除外]4号艇の女子戦2連率が不利(-15.6pt)、6号艇のwin_rate_rank_2to6が不利(-6.4pt)、天気+12.2pt
12,24,大村,7,20:25,0.7764886519171889,2,0.5945314519438993,4,0.17815589062447276,0.5999829529843904,0.120779970098053,0.6519073724703192,0.5130238452394349,0.6155602788301691,1-2,1-4,0.4616469256422873,0.09378427616003555,0.138336027342103,0.04699645166883437,0.035724965318637204,False,False,False,False,一般,2026-09-03,1号艇のsession_exh_rel_avg,0.1465,場特性:in_escape_diff,0.1384,1号艇の年齢,0.0921,1号艇のdominance,0.0867,1号艇の節間得点,0.0769,2号艇のwin_rate_rank_2to6,0.2403,2号艇のclass_rank_2to6,0.1278,2号艇の全国勝率,0.0538,3号艇の全国勝率,-0.05,2号艇のsession_exh_rel_avg,-0.0361,4号艇のclass_rank_2to6,-0.1031,4号艇のwin_rate_rank_2to6,0.0865,4号艇のsession_exh_rel_avg,0.0831,4号艇の節間得点,-0.0799,3号艇の年齢,0.0563,0.0715,北東 3.0m/s,[逃げ]1号艇のsession_exh_rel_avgが有利(+14.7pt)、場特性:in_escape_diffが有利(+13.8pt) / [2着]2号艇のwin_rate_rank_2to6が有利(+24.0pt)、2号艇のclass_rank_2to6が有利(+12.8pt) / [候補2]4号艇のclass_rank_2to6が不利(-10.3pt)、4号艇のwin_rate_rank_2to6が有利(+8.7pt) / [除外]6号艇のwin_rate_rank_2to6が不利(-7.9pt)、天気+7.2pt
13,06,浜名湖,11,16:42,0.7899802655935673,2,0.4625811698488673,3,0.32500371696938424,0.622176518066162,0.14959353282478818,0.6379913539934634,0.5104882180123906,0.6269209688443524,1-2,1-3,0.36542999541579124,0.25674652265037073,0.11817593879200619,0.034944654698472535,0.014683165072823353,True,False,False,False,準優勝戦,2026-09-03,1号艇のdominance,0.2555,1号艇のracer_win_te,0.1532,1号艇の女子戦比率,-0.1389,1号艇の全国勝率,0.0929,風速区分,0.0922,2号艇のwin_rate_rank_2to6,0.1924,2号艇のsession_exh_rel_avg,-0.1231,2号艇のclass_rank_2to6,0.1065,2号艇の当地勝率,0.0702,2号艇の体重,-0.055,3号艇の節間得点,0.071,3号艇のwin_rate_rank_2to6,-0.0627,3号艇のsession_rank_diff_last,0.0469,3号艇のcumulative_diff_rank_2to6,0.0448,3号艇の当地勝率,-0.0445,0.0671,南西 1.1m/s,[逃げ]1号艇のdominanceが有利(+25.5pt)、1号艇のracer_win_teが有利(+15.3pt) / [2着]2号艇のwin_rate_rank_2to6が有利(+19.2pt)、2号艇のsession_exh_rel_avgが不利(-12.3pt) / [候補2]3号艇の節間得点が有利(+7.1pt)、3号艇のwin_rate_rank_2to6が不利(-6.3pt) / [除外]6号艇のwin_rate_rank_2to6が不利(-6.2pt)、6号艇のsession_exh_rel_avgが不利(-5.8pt)、天気+6.7pt
14,24,大村,9,21:25,0.7589464638819122,2,0.3918365005466965,3,0.37909667365001487,0.5850970064458524,0.11692456317177101,0.6540086110249403,0.5030023521757018,0.6057704878195788,1-2,1-3,0.29738292650977827,0.28771407993607406,0.05445124728430368,0.03065873911443496,0.08873948376015287,False,False,False,False,準優勝戦,2026-09-03,場特性:in_escape_diff,0.1656,1号艇のdominance,0.1223,1号艇のsession_exh_rel_avg,-0.08,1号艇の節間得点,0.0776,1号艇の級別順位,0.0749,2号艇のsession_exh_rel_avg,-0.1655,2号艇のwin_rate_rank_2to6,0.0879,2号艇のclass_rank_2to6,0.0867,2号艇の全国勝率,0.0528,2号艇の当地勝率,0.0503,3号艇のwin_rate_rank_2to6,0.1695,3号艇のsession_exh_rel_avg,0.1077,場特性:1x_diff_course3,0.05,3号艇のclass_rank_2to6,0.0406,3号艇の節間得点,0.0389,0.0741,北東 3.3m/s,[逃げ]場特性:in_escape_diffが有利(+16.6pt)、1号艇のdominanceが有利(+12.2pt) / [2着]2号艇のsession_exh_rel_avgが不利(-16.6pt)、2号艇のwin_rate_rank_2to6が有利(+8.8pt) / [候補2]3号艇のwin_rate_rank_2to6が有利(+16.9pt)、3号艇のsession_exh_rel_avgが有利(+10.8pt)、天気+7.4pt
15,19,下関,12,20:45,0.8550147407700337,2,0.43349377809277145,3,0.27483884380860196,0.6056348330939612,0.1426684984304485,0.565664123470925,0.5019488184123323,0.5936436202070503,1-2,1-3,0.3706435703014135,0.2349912627925476,0.12198366920155987,0.09025468070102044,0.03714155777349229,False,False,False,False,優勝戦,2026-09-03,1号艇のdominance,0.2045,1号艇のsession_exh_rel_avg,0.0987,race_no,0.0968,1号艇のracer_win_te,0.0938,1号艇の全国勝率,0.0724,2号艇のsession_exh_rel_avg,-0.1606,2号艇のwin_rate_rank_2to6,0.1481,2号艇の当地勝率,0.0916,レース時間帯,-0.0632,2号艇の全国勝率,0.043,3号艇の節間得点,0.0703,3号艇のwin_rate_rank_2to6,0.0688,場特性:1x_diff_course3,0.0508,2号艇の直近平均着順,-0.0407,3号艇の全国2連率,0.0375,-0.0468,東 4.6m/s,[逃げ]1号艇のdominanceが有利(+20.4pt)、1号艇のsession_exh_rel_avgが有利(+9.9pt) / [2着]2号艇のsession_exh_rel_avgが不利(-16.1pt)、2号艇のwin_rate_rank_2to6が有利(+14.8pt) / [候補2]3号艇の節間得点が有利(+7.0pt)、3号艇のwin_rate_rank_2to6が有利(+6.9pt) / [除外]2号艇のracer_2nd_teが不利(-5.3pt)、天気-4.7pt
16,13,尼崎,11,15:51,0.6858446584862294,2,0.646465803468663,3,0.16145839997535216,0.5541104993938195,0.08619086309944982,0.7217333403445654,0.49679938475955493,0.6043973516790433,1-2,1-3,0.4433751182029911,0.11073538119082844,0.041569939325722505,0.059113543067075516,0.031050675422126604,True,False,False,False,予選特選,2026-09-03,1号艇の勝率順位,-0.087,風速区分,0.0852,1号艇のdominance,0.0828,場特性:in_escape_diff,0.0686,1号艇のsession_exh_rel_avg,0.061,2号艇のwin_rate_rank_2to6,0.1994,2号艇のclass_rank_2to6,0.1242,2号艇のsession_exh_rel_avg,0.092,2号艇の全国勝率,0.0594,2号艇の節間得点,0.0535,3号艇のwin_rate_rank_2to6,-0.0901,3号艇のcumulative_diff_rank_2to6,-0.0536,3号艇の当地勝率,-0.0437,場特性:1x_diff_course3,-0.0319,3号艇の全国勝率,-0.0271,0.1115,北東 1.8m/s,[逃げ]1号艇の勝率順位が不利(-8.7pt)、風速区分が有利(+8.5pt) / [2着]2号艇のwin_rate_rank_2to6が有利(+19.9pt)、2号艇のclass_rank_2to6が有利(+12.4pt) / [候補2]3号艇のwin_rate_rank_2to6が不利(-9.0pt)、3号艇のcumulative_diff_rank_2to6が不利(-5.4pt) / [除外]6号艇のwin_rate_rank_2to6が不利(-7.1pt)、4号艇のwin_rate_rank_2to6が不利(-5.4pt)、天気+11.1pt
17,12,住之江,11,20:03,0.733956794383418,3,0.5891021650194497,2,0.187880634891749,0.5702718051138761,0.1254871882429145,0.6514956116682842,0.48439763868433416,0.5946389470801985,1-3,1-2,0.13789626851186945,0.4323755366020066,0.0485233448830679,0.09210217441895806,0.023059465866212814,False,False,False,False,予選特別Ａ戦,2026-09-03,1号艇のdominance,0.183,1号艇の年齢,-0.1012,3号艇のracer_win_te,-0.0834,1号艇の勝率順位,0.0822,1号艇の級別順位,0.0808,3号艇のwin_rate_rank_2to6,0.1696,2号艇のvs_boat3_diff,0.055,場特性:1x_diff_course3,0.0441,2号艇の直近複勝率,0.0424,3号艇のracer_win_te,0.0377,2号艇のwin_rate_rank_2to6,-0.204,2号艇の全国勝率,-0.1431,2号艇の直近平均着順,-0.0745,1号艇の年齢,0.0655,2号艇のsession_avg_finish,0.0641,0.0914,北東 0.9m/s,[逃げ]1号艇のdominanceが有利(+18.3pt)、1号艇の年齢が不利(-10.1pt) / [2着]3号艇のwin_rate_rank_2to6が有利(+17.0pt)、2号艇のvs_boat3_diffが有利(+5.5pt) / [候補2]2号艇のwin_rate_rank_2to6が不利(-20.4pt)、2号艇の全国勝率が不利(-14.3pt) / [除外]3号艇のracer_win_teが不利(-5.2pt)、天気+9.1pt
18,12,住之江,8,18:25,0.6993750879664934,3,0.495971894429912,2,0.26891253078050176,0.5349411121657339,0.08748822091050332,0.6773962042999104,0.47877985673141465,0.5776776398059869,1-3,1-2,0.18807072486990578,0.3468703872958281,0.06118708219531526,0.05943376732086606,0.04381312888995341,True,False,False,False,予選,2026-09-03,1号艇のdominance,0.2608,4号艇の直近複勝率,-0.086,1号艇の勝率順位,0.0771,1号艇のvs_max234_diff,0.0743,1号艇のlocal_win_rate順位,-0.0643,3号艇のwin_rate_rank_2to6,0.0841,3号艇のclass_rank_2to6,0.0384,3号艇のcumulative_diff_rank_2to6,0.0338,3号艇のracer_2nd_te,0.032,1号艇vs4号艇の勝率差,0.0307,2号艇のsession_exh_rel_avg,-0.1185,2号艇のsession_rank_diff_delta,-0.0856,4号艇のモーター出走数,-0.0468,2号艇のcumulative_diff_rank_2to6,-0.0437,1号艇の体重,-0.032,0.0753,北東 0.6m/s,[逃げ]1号艇のdominanceが有利(+26.1pt)、4号艇の直近複勝率が不利(-8.6pt) / [2着]3号艇のwin_rate_rank_2to6が有利(+8.4pt)、3号艇のclass_rank_2to6が有利(+3.8pt) / [候補2]2号艇のsession_exh_rel_avgが不利(-11.8pt)、2号艇のsession_rank_diff_deltaが不利(-8.6pt) / [除外]4号艇のracer_avgfin_teが不利(-12.0pt)、4号艇のwin_rate_rank_2to6が不利(-5.5pt)、天気+7.5pt
19,09,津,6,13:15,0.779346520634774,2,0.4662229652001891,3,0.2810432247560993,0.5823793051304375,0.15638232264056007,0.5908838673157283,0.47309071105752554,0.5849306737860247,1-2,1-3,0.3633492457687947,0.21903005936164277,0.12187601903870514,0.05257021792781326,0.022521009022384533,True,True,False,False,予選,2026-09-03,1号艇のdominance,0.1642,1号艇のracer_win_te,0.1505,1号艇の全国勝率,0.1366,風向(度),-0.0943,風速区分,0.094,3号艇のモーター出走数,0.0781,2号艇のwin_rate_rank_2to6,0.0646,2号艇のracer_avgfin_te,0.059,2号艇のsession_exh_rel_avg,0.05,2号艇のclass_rank_2to6,-0.0496,3号艇のwin_rate_rank_2to6,0.1545,3号艇の当地勝率,0.0687,全艇平均勝率,-0.0567,2号艇の全国勝率,-0.0505,3号艇の全国勝率,0.0409,0.033,北 1.6m/s,[逃げ]1号艇のdominanceが有利(+16.4pt)、1号艇のracer_win_teが有利(+15.0pt) / [2着]3号艇のモーター出走数が有利(+7.8pt)、2号艇のwin_rate_rank_2to6が有利(+6.5pt) / [候補2]3号艇のwin_rate_rank_2to6が有利(+15.4pt)、3号艇の当地勝率が有利(+6.9pt) / [除外]4号艇の一般戦2連率が不利(-5.3pt)、6号艇のwin_rate_rank_2to6が不利(-5.1pt)、天気+3.3pt
20,16,児島,10,16:10,0.7130757275996844,3,0.43190662959090176,2,0.35898509000605355,0.5639656884041645,0.14044689079492118,0.6504448288020341,0.4689170154625058,0.5899094305235254,1-3,1-2,0.25598355425350483,0.30798213415065967,0.10014926884270184,0.03197232981333405,0.016988421280481843,True,False,False,False,選抜戦,2026-09-03,1号艇のdominance,0.1473,1号艇の級別順位,0.0729,1号艇のracer_win_te,0.061,1号艇の勝率順位,0.0597,1号艇の節間得点,0.0581,3号艇のwin_rate_rank_2to6,0.1623,3号艇のsession_exh_rel_avg,0.0863,3号艇の節間得点,0.0425,3号艇のclass_rank_2to6,0.0415,3号艇の全国勝率,0.0403,2号艇のsession_exh_rel_avg,-0.1283,2号艇のclass_rank_2to6,0.0698,レース時間帯,-0.0648,2号艇のwin_rate_rank_2to6,0.0486,2号艇の節間得点,0.046,0.1081,北東 2.8m/s,[逃げ]1号艇のdominanceが有利(+14.7pt)、1号艇の級別順位が有利(+7.3pt) / [2着]3号艇のwin_rate_rank_2to6が有利(+16.2pt)、3号艇のsession_exh_rel_avgが有利(+8.6pt) / [候補2]2号艇のsession_exh_rel_avgが不利(-12.8pt)、2号艇のclass_rank_2to6が有利(+7.0pt) / [除外]6号艇のwin_rate_rank_2to6が不利(-6.5pt)、5号艇の年齢が不利(-5.2pt)、天気+10.8pt
21,13,尼崎,12,16:25,0.7138865373006416,2,0.38933464137327994,3,0.3453430390424036,0.5244765053040197,0.09837218440807884,0.6363054960076048,0.4625638259070536,0.5580252025150951,1-2,1-3,0.27794075898115794,0.24653574632286177,0.06338543306529948,0.055798036794146404,0.07022657809378356,True,False,False,False,予選特選,2026-09-03,1号艇のdominance,0.1148,1号艇のsession_exh_rel_avg,-0.1147,race_no,0.0765,1号艇の節間得点,0.0703,1号艇の級別順位,0.0653,2号艇の当地勝率,0.1062,2号艇のclass_rank_2to6,0.0868,2号艇のsession_exh_rel_avg,0.0771,2号艇のwin_rate_rank_2to6,0.0751,2号艇のracer_avgfin_te,0.0694,1号艇の直近1着率,0.0881,3号艇の女子戦勝率,0.0732,3号艇のwin_rate_rank_2to6,-0.062,3号艇の年齢,-0.0419,3号艇の節間得点,0.0385,0.049,北 2.0m/s,[逃げ]1号艇のdominanceが有利(+11.5pt)、1号艇のsession_exh_rel_avgが不利(-11.5pt) / [2着]2号艇の当地勝率が有利(+10.6pt)、2号艇のclass_rank_2to6が有利(+8.7pt) / [候補2]1号艇の直近1着率が有利(+8.8pt)、3号艇の女子戦勝率が有利(+7.3pt) / [除外]2号艇のracer_2nd_teが不利(-5.0pt)、天気+4.9pt
22,08,常滑,1,10:32,0.6825889093562629,2,0.489518025752976,3,0.2868177769087416,0.5299182088330807,0.12020076118112924,0.6561350414805883,0.4534823223545084,0.567783258627333,1-2,1-3,0.3341395753089549,0.19577863352412586,0.08204770647841964,0.0645671165845411,0.006055885088746995,False,False,True,False,朝トコ小判Ｒ,2026-09-03,1号艇のdominance,0.2716,1号艇の勝率順位,0.0838,場特性:in_escape_diff,0.0702,風速区分,0.0681,ST差分(4-3),-0.0668,2号艇のwin_rate_rank_2to6,0.1888,1号艇vs6号艇の枠別平均ST差,0.0812,1号艇vs2号艇のcumulative差,0.0544,2号艇の当地勝率,-0.0506,second_best_win_rate,0.0481,6号艇の平均ST,0.057,3号艇のwin_rate_rank_2to6,-0.039,3号艇の節間得点,-0.0377,3号艇の枠別平均ST,-0.0373,1号艇vs2号艇の枠別平均ST差,-0.0368,0.067,東 2.5m/s,[逃げ]1号艇のdominanceが有利(+27.2pt)、1号艇の勝率順位が有利(+8.4pt) / [2着]2号艇のwin_rate_rank_2to6が有利(+18.9pt)、1号艇vs6号艇の枠別平均ST差が有利(+8.1pt) / [候補2]6号艇の平均STが有利(+5.7pt)、3号艇のwin_rate_rank_2to6が不利(-3.9pt) / [除外]6号艇の全国勝率が不利(-14.5pt)、6号艇の直近平均着順が不利(-11.5pt)、天気+6.7pt
23,20,若松,9,19:10,0.7264062519653696,2,0.5867576556744023,4,0.19671819852496597,0.5691217587543295,0.1695663377963233,0.613909516403045,0.4533170878837204,0.5825580860489441,1-2,1-4,0.42622442947042943,0.12317404789812099,0.14289732928390003,0.028600293988948165,0.005510154368304386,True,False,False,False,予選,2026-09-03,1号艇のdominance,0.2304,1号艇のsession_exh_rel_avg,-0.1073,1号艇の年齢,-0.0787,1号艇の節間得点,0.0772,1号艇vs4号艇の枠別平均ST差,-0.0764,2号艇のsession_exh_rel_avg,0.1093,2号艇のwin_rate_rank_2to6,0.0685,2号艇のclass_rank_2to6,0.062,2号艇の全国勝率,0.0413,2号艇のモーター2連率,-0.0331,4号艇のwin_rate_rank_2to6,0.154,1号艇vs4号艇のcumulative差,-0.1021,4号艇のclass_rank_2to6,0.0928,4号艇のsession_exh_rel_avg,0.0876,5号艇の年齢,0.0774,0.0449,東 3.4m/s,[逃げ]1号艇のdominanceが有利(+23.0pt)、1号艇のsession_exh_rel_avgが不利(-10.7pt) / [2着]2号艇のsession_exh_rel_avgが有利(+10.9pt)、2号艇のwin_rate_rank_2to6が有利(+6.9pt) / [候補2]4号艇のwin_rate_rank_2to6が有利(+15.4pt)、1号艇vs4号艇のcumulative差が不利(-10.2pt) / [除外]1号艇vs5号艇のlocal_win_rate差が不利(-14.0pt)、4号艇の女子戦2連率が不利(-13.0pt)、天気+4.5pt
24,13,尼崎,7,13:42,0.6911506701886903,2,0.6396973528224495,4,0.14108113853671608,0.5396355775718018,0.13413899497990803,0.6466394963792577,0.45277216873474135,0.5717367532140385,1-2,1-4,0.44212725412116705,0.09271025627880079,0.09750832345063477,0.04057662830059005,0.018228210612234525,True,True,False,False,予選,2026-09-03,場特性:in_escape_diff,0.0799,1号艇の級別順位,0.0763,1号艇のdominance,0.0705,1号艇のracer_win_te,0.0679,風速区分,0.06,2号艇のwin_rate_rank_2to6,0.1955,2号艇のclass_rank_2to6,0.0798,3号艇のracer_win_te,0.0785,2号艇のsession_exh_rel_avg,0.0716,3号艇の全国勝率,-0.061,4号艇のclass_rank_2to6,0.1617,4号艇のsession_exh_rel_avg,-0.118,4号艇のwin_rate_rank_2to6,-0.0842,4号艇の年齢,-0.0703,4号艇のモーター2連率,-0.0459,0.0564,北東 1.5m/s,[逃げ]場特性:in_escape_diffが有利(+8.0pt)、1号艇の級別順位が有利(+7.6pt) / [2着]2号艇のwin_rate_rank_2to6が有利(+19.6pt)、2号艇のclass_rank_2to6が有利(+8.0pt) / [候補2]4号艇のclass_rank_2to6が有利(+16.2pt)、4号艇のsession_exh_rel_avgが不利(-11.8pt) / [除外]1号艇vs6号艇のcumulative差が不利(-7.3pt)、6号艇のsession_avg_finishが不利(-5.2pt)、天気+5.6pt
25,06,浜名湖,8,14:58,0.708695105921801,4,0.6003357456912164,2,0.14128884516566165,0.5255857179715275,0.12177177195725426,0.6198528188996237,0.4487839129401452,0.5538658482499563,1-4,1-2,0.10013071309024751,0.0862990588255317,0.42545500488127996,0.049704471672711706,0.047105838971365,True,True,False,False,ブレイクタイ,2026-09-03,1号艇の女子戦比率,-0.1789,1号艇のdominance,0.155,1号艇の年齢,-0.0894,ST差分(4-3),-0.0889,1号艇の級別順位,0.0812,4号艇のwin_rate_rank_2to6,0.2251,4号艇のclass_rank_2to6,0.1652,1号艇vs2号艇のcumulative差,0.1119,4号艇のsession_exh_rel_avg,0.0986,4号艇のcumulative_diff_rank_2to6,0.0703,2号艇のwin_rate_rank_2to6,-0.1414,2号艇の全国勝率,-0.0804,2号艇の節間得点,-0.0802,2号艇のsession_avg_finish,-0.0617,6号艇のsession_rank_diff_delta,-0.057,-0.0084,南東 1.0m/s,[逃げ]1号艇の女子戦比率が不利(-17.9pt)、1号艇のdominanceが有利(+15.5pt) / [2着]4号艇のwin_rate_rank_2to6が有利(+22.5pt)、4号艇のclass_rank_2to6が有利(+16.5pt) / [候補2]2号艇のwin_rate_rank_2to6が不利(-14.1pt)、2号艇の全国勝率が不利(-8.0pt) / [除外]6号艇のsession_exh_rel_avgが不利(-8.1pt)、天気-0.8pt
26,10,三国,12,14:12,0.7243911893789398,3,0.3801791693437846,2,0.36033332672934393,0.5364207277803811,0.1396481082141619,0.6008643878589666,0.4465285599707081,0.5557538258039567,1-3,1-2,0.26102228712233955,0.2753984406580415,0.10115985920377563,0.07907831955015014,0.007732282169991084,True,True,False,False,三国選抜,2026-09-03,race_no,0.1121,風速区分,0.109,1号艇のracer_win_te,0.1048,1号艇のdominance,0.0995,1号艇の級別順位,0.0824,3号艇のwin_rate_rank_2to6,0.1447,3号艇の全国勝率,0.1443,4号艇の当地2連率,0.0862,3号艇の当地勝率,0.0657,3号艇のracer_2nd_te,0.0531,2号艇の当地勝率,0.1018,2号艇の全国勝率,0.0688,2号艇のclass_rank_2to6,-0.057,2号艇のsession_exh_rel_avg,0.0548,3号艇の女子戦2連率,-0.0411,0.1848,南 1.9m/s,[逃げ]race_noが有利(+11.2pt)、風速区分が有利(+10.9pt) / [2着]3号艇のwin_rate_rank_2to6が有利(+14.5pt)、3号艇の全国勝率が有利(+14.4pt) / [候補2]2号艇の当地勝率が有利(+10.2pt)、2号艇の全国勝率が有利(+6.9pt) / [除外]4号艇の当地2連率が不利(-18.3pt)、6号艇のwin_rate_rank_2to6が不利(-6.3pt)、天気+18.5pt
27,08,常滑,12,16:15,0.796102274930406,2,0.36129949888550283,3,0.32430500900366394,0.5458113084331072,0.15503483238620144,0.5305696755029654,0.4442675907722031,0.5412388185540646,1-2,1-3,0.2876313529939645,0.2581799554391426,0.11383086779626912,0.12342358275610915,0.013036519652060609,True,False,False,False,優勝戦,2026-09-03,1号艇のracer_win_te,0.1909,1号艇のdominance,0.1668,1号艇の枠別出走数,-0.1312,風速区分,0.1054,5号艇の節間得点,-0.0971,2号艇のモーター2連率,0.1194,2号艇のclass_rank_2to6,0.0834,2号艇のwin_rate_rank_2to6,0.0726,場×風向,-0.0644,2号艇の節間得点,0.0613,3号艇のsession_exh_rel_avg,0.1097,3号艇の節間得点,0.0932,1号艇vs2号艇のlocal_win_rate差,-0.061,1号艇の直近1着率,0.0598,3号艇のwin_rate_rank_2to6,-0.0579,0.078,東 2.5m/s,[逃げ]1号艇のracer_win_teが有利(+19.1pt)、1号艇のdominanceが有利(+16.7pt) / [2着]2号艇のモーター2連率が有利(+11.9pt)、2号艇のclass_rank_2to6が有利(+8.3pt) / [候補2]3号艇のsession_exh_rel_avgが有利(+11.0pt)、3号艇の節間得点が有利(+9.3pt) / [除外]6号艇のwin_rate_rank_2to6が不利(-5.9pt)、天気+7.8pt
28,18,徳山,5,10:29,0.8123536077406459,4,0.348074987167835,2,0.31403710424920084,0.5378691461913334,0.14888305706325455,0.5132290343537813,0.4417736228493715,0.5304771126400677,1-4,1-2,0.25510917460126364,0.12094568853679129,0.2827599715900698,0.11055077037906036,0.04298801019909335,False,False,True,False,予選,2026-09-03,場特性:in_escape_diff,0.2765,1号艇のracer_win_te,0.1424,1号艇の節間得点,0.0817,場特性:1x_diff_course2,0.0768,1号艇のdominance,0.0674,4号艇のclass_rank_2to6,0.2367,4号艇のwin_rate_rank_2to6,0.2342,4号艇のsession_exh_rel_avg,-0.1846,4号艇の全国勝率,0.1044,3号艇の年齢,0.0492,2号艇のsession_exh_rel_avg,0.1072,2号艇のclass_rank_2to6,-0.0796,2号艇のsession_exh_rel_last,0.0448,3号艇の全国勝率,-0.0404,場特性:1x_diff_course2,0.038,0.0657,北東 2.0m/s,[逃げ]場特性:in_escape_diffが有利(+27.6pt)、1号艇のracer_win_teが有利(+14.2pt) / [2着]4号艇のclass_rank_2to6が有利(+23.7pt)、4号艇のwin_rate_rank_2to6が有利(+23.4pt) / [候補2]2号艇のsession_exh_rel_avgが有利(+10.7pt)、2号艇のclass_rank_2to6が不利(-8.0pt) / [除外]6号艇のsession_exh_rel_avgが不利(-7.6pt)、天気+6.6pt
29,24,大村,10,21:51,0.5116528588615801,2,0.4728574037812425,3,0.43813421380898193,0.4661114655389736,0.04712761408250782,0.8638640035077165,0.4397514000181501,0.5854372269295964,1-2,1-3,0.24193884247853725,0.22417262306043637,0.024112978476640387,0.016366308340587186,0.005062107458406587,False,False,False,False,準優勝戦,2026-09-03,2号艇のsession_exh_rel_avg,-0.291,場特性:in_escape_diff,0.2187,1号艇のdominance,-0.1695,1号艇の級別順位,-0.1123,3号艇のracer_win_te,-0.1076,3号艇の全国2連率,0.1221,2号艇の当地勝率,0.1208,2号艇のsession_exh_rel_avg,0.1002,2号艇のclass_rank_2to6,0.0804,2号艇の全国勝率,0.0614,3号艇のwin_rate_rank_2to6,0.199,3号艇の当地勝率,0.1109,3号艇のracer_avgfin_te,0.0764,3号艇のracer_win_te,0.0615,3号艇の枠別平均ST,0.059,0.0789,東 3.9m/s,[逃げ]2号艇のsession_exh_rel_avgが不利(-29.1pt)、場特性:in_escape_diffが有利(+21.9pt) / [2着]3号艇の全国2連率が有利(+12.2pt)、2号艇の当地勝率が有利(+12.1pt) / [候補2]3号艇のwin_rate_rank_2to6が有利(+19.9pt)、3号艇の当地勝率が有利(+11.1pt) / [除外]3号艇のracer_avgfin_teが不利(-8.5pt)、4号艇のwin_rate_rank_2to6が不利(-6.1pt)、天気+7.9pt
30,06,浜名湖,4,12:52,0.6678637036917741,4,0.46986878727466264,2,0.3184099020109856,0.5264627249676103,0.13820187770923123,0.6500768115764171,0.4391529604062795,0.5635469509502523,1-4,1-2,0.21265441644919172,0.0923000179040448,0.3138083085184185,0.04443928063916727,0.004661676137974299,True,True,False,False,ランチタイム,2026-09-03,1号艇のdominance,0.2805,1号艇の女子戦比率,-0.188,1号艇のsession_exh_rel_avg,0.1133,1号艇のvs_max234_diff,0.085,1号艇の年齢,-0.0848,4号艇のwin_rate_rank_2to6,0.222,4号艇の節間得点,0.1678,4号艇のcumulative_diff_rank_2to6,0.0809,second_best_frame_win_rate,0.0665,1号艇のracer_2nd_te,-0.0626,2号艇のsession_exh_rel_avg,-0.1201,2号艇の全国勝率,-0.0724,ST差分(3-2),-0.0677,1号艇の女子戦2連率,-0.0523,2号艇のwin_rate_rank_2to6,0.0516,-0.0702,南東 0.9m/s,[逃げ]1号艇のdominanceが有利(+28.1pt)、1号艇の女子戦比率が不利(-18.8pt) / [2着]4号艇のwin_rate_rank_2to6が有利(+22.2pt)、4号艇の節間得点が有利(+16.8pt) / [候補2]2号艇のsession_exh_rel_avgが不利(-12.0pt)、2号艇の全国勝率が不利(-7.2pt) / [除外]6号艇の全国勝率が不利(-16.0pt)、6号艇の直近平均着順が不利(-14.1pt)、天気-7.0pt
31,06,浜名湖,1,11:24,0.6033118234157397,2,0.41890342664456315,3,0.4015913219244381,0.4950141828622031,0.10102747522170999,0.7194672733472913,0.43500214314999563,0.5623501100077295,1-2,1-3,0.25272939016403295,0.24228479269817008,0.06095107029109832,0.0317179721889534,0.01562858795968242,True,True,False,False,一般,2026-09-03,1号艇のdominance,0.1596,2号艇の平均ST,-0.0939,1号艇の級別順位,0.0814,風速区分,0.0803,1号艇の勝率順位,0.0674,2号艇のwin_rate_rank_2to6,0.1891,6号艇の体重,0.1333,2号艇のsession_exh_rel_avg,-0.074,2号艇の全国勝率,-0.0589,3号艇の全国勝率,-0.0554,3号艇のsession_exh_rel_avg,0.0608,3号艇のモーター2連率,0.0597,3号艇のwin_rate_rank_2to6,0.0569,3号艇のracer_avgfin_te,-0.0506,3号艇の当地勝率,-0.036,0.0044,東 1.7m/s,[逃げ]1号艇のdominanceが有利(+16.0pt)、2号艇の平均STが不利(-9.4pt) / [2着]2号艇のwin_rate_rank_2to6が有利(+18.9pt)、6号艇の体重が有利(+13.3pt) / [候補2]3号艇のsession_exh_rel_avgが有利(+6.1pt)、3号艇のモーター2連率が有利(+6.0pt) / [除外]6号艇のracer_win_teが不利(-15.4pt)、6号艇のwin_rate_rank_2to6が不利(-7.9pt)、天気+0.4pt
32,16,児島,1,11:22,0.8063264622715645,3,0.45405072115128864,2,0.22346554138399183,0.5462992911015251,0.17117573263392563,0.5063405299013548,0.4340834734314878,0.5343116627414739,1-3,1-2,0.180186179423754,0.36611311167777116,0.13802352292145645,0.11804822339391044,0.0039554306745352,True,True,False,False,朝得ガァ～コ,2026-09-03,1号艇のdominance,0.3209,1号艇の年齢,-0.1349,1号艇のvs_max234_diff,0.0985,1号艇のsession_exh_rel_avg,-0.0909,1号艇の勝率順位,0.0858,3号艇のwin_rate_rank_2to6,0.2133,3号艇のsession_exh_rel_avg,-0.133,3号艇の当地勝率,-0.0414,全艇平均勝率,-0.041,3号艇の節間得点,-0.0389,2号艇の全国勝率,-0.1527,2号艇の節間得点,-0.0676,2号艇の当地勝率,-0.0625,2号艇のracer_avgfin_te,-0.0584,2号艇の直近平均着順,-0.0562,0.0462,北東 2.3m/s,[逃げ]1号艇のdominanceが有利(+32.1pt)、1号艇の年齢が不利(-13.5pt) / [2着]3号艇のwin_rate_rank_2to6が有利(+21.3pt)、3号艇のsession_exh_rel_avgが不利(-13.3pt) / [候補2]2号艇の全国勝率が不利(-15.3pt)、2号艇の節間得点が不利(-6.8pt) / [除外]6号艇の直近平均着順が不利(-24.4pt)、6号艇の全国勝率が不利(-15.5pt)、天気+4.6pt
33,08,常滑,5,12:29,0.7350458604067007,3,0.5042236359569967,2,0.2040532764943081,0.5206160125189708,0.13906000672119645,0.5692169057301084,0.4337397730789101,0.535196280482312,1-3,1-2,0.1499885161895651,0.37062749632940567,0.10221548228854344,0.062483477847176165,0.0497308740607143,True,True,False,False,三Ａ傑戦,2026-09-03,1号艇のdominance,0.136,4号艇の直近複勝率,-0.1163,1号艇のsession_exh_rel_avg,0.1057,1号艇の節間得点,0.0864,場特性:in_escape_diff,0.0647,4号艇の平均ST,0.0921,3号艇のwin_rate_rank_2to6,0.0584,6号艇のracer_2nd_te,-0.0551,3号艇のsession_exh_rel_avg,-0.053,3号艇のcumulative_diff_rank_2to6,0.0467,2号艇のwin_rate_rank_2to6,-0.1595,2号艇のsession_exh_rel_avg,-0.0738,2号艇の全国勝率,-0.0713,1号艇vs2号艇のcumulative差,-0.0631,2号艇の節間得点,-0.061,0.0286,東 2.5m/s,[逃げ]1号艇のdominanceが有利(+13.6pt)、4号艇の直近複勝率が不利(-11.6pt) / [2着]4号艇の平均STが有利(+9.2pt)、3号艇のwin_rate_rank_2to6が有利(+5.8pt) / [候補2]2号艇のwin_rate_rank_2to6が不利(-15.9pt)、2号艇のsession_exh_rel_avgが不利(-7.4pt) / [除外]win_rate_range_1to6が不利(-5.2pt)、天気+2.9pt
34,19,下関,7,18:17,0.8004697930318487,2,0.4250024201470878,3,0.21557054841820902,0.51275931156926,0.1375243750505617,0.5030485935147351,0.42813902691935757,0.5098460961529026,1-2,1-3,0.3402015992931742,0.1725577122760859,0.09097938420620891,0.08664699220480464,0.11008410803355746,True,False,False,False,ふく～る戦,2026-09-03,1号艇のsession_exh_rel_avg,0.1411,4号艇のsession_exh_rel_avg,-0.0911,1号艇の節間得点,0.0871,1号艇の級別順位,0.0734,場特性:in_escape_diff,0.0714,2号艇のracer_avgfin_te,-0.05,2号艇のsession_exh_rel_avg,0.0427,4号艇のモーター出走数,-0.0425,2号艇のclass_rank_2to6,-0.0419,4号艇の節間得点,0.0412,3号艇のsession_exh_rel_avg,-0.1415,6号艇のracer_2nd_te,-0.0798,3号艇の節間得点,-0.0778,3号艇のsession_exh_rel_last,-0.0681,2号艇の枠別勝率,-0.039,-0.0272,東 4.2m/s,[逃げ]1号艇のsession_exh_rel_avgが有利(+14.1pt)、4号艇のsession_exh_rel_avgが不利(-9.1pt) / [2着]2号艇のracer_avgfin_teが不利(-5.0pt)、2号艇のsession_exh_rel_avgが有利(+4.3pt) / [候補2]3号艇のsession_exh_rel_avgが不利(-14.2pt)、6号艇のracer_2nd_teが不利(-8.0pt) / [除外]local_win_rateの分散(2-6号艇)が不利(-10.8pt)、4号艇のwin_rate_rank_2to6が不利(-5.2pt)、天気-2.7pt
35,18,徳山,2,09:10,0.8016739754158477,2,0.3903249828464879,4,0.2922561604297552,0.5472075386741603,0.18485453853323774,0.49772660474300545,0.4258229822219354,0.5323632584948138,1-2,1-4,0.31291338070266655,0.14819307277960272,0.23429415797149364,0.06029968917211053,0.04597368972231567,False,False,True,False,狙いトク特選,2026-09-03,場特性:in_escape_diff,0.2496,1号艇のdominance,0.1996,1号艇のracer_win_te,0.1973,1号艇の枠別出走数,-0.128,風速区分,0.0865,2号艇のwin_rate_rank_2to6,-0.1353,2号艇のsession_exh_rel_avg,-0.0977,場特性:1x_diff_course2,0.0577,2号艇の全国勝率,0.0509,4号艇の一般戦勝率,-0.0411,4号艇のwin_rate_rank_2to6,0.1527,4号艇のclass_rank_2to6,0.1005,4号艇の節間得点,0.0477,4号艇の全国勝率,0.0444,4号艇の直近複勝率,0.0422,0.0904,東 1.5m/s,[逃げ]場特性:in_escape_diffが有利(+25.0pt)、1号艇のdominanceが有利(+20.0pt) / [2着]2号艇のwin_rate_rank_2to6が不利(-13.5pt)、2号艇のsession_exh_rel_avgが不利(-9.8pt) / [候補2]4号艇のwin_rate_rank_2to6が有利(+15.3pt)、4号艇のclass_rank_2to6が有利(+10.0pt) / [除外]6号艇のsession_exh_rel_avgが不利(-8.3pt)、天気+9.0pt
36,12,住之江,9,18:55,0.6027089817755493,2,0.6275608337557177,3,0.18462577634087288,0.48951216478305115,0.11482076062809884,0.6973658494684917,0.4220647738665345,0.5518682701886832,1-2,1-3,0.3782365511151234,0.11127561366792779,0.06920350372485554,0.026586607924641584,0.017406718814596454,True,False,False,False,予選,2026-09-03,1号艇の年齢,-0.1826,1号艇のsession_exh_rel_avg,0.0925,1号艇の勝率順位,-0.0832,1号艇の節間得点,-0.0558,風速区分,0.0554,2号艇のwin_rate_rank_2to6,0.2191,2号艇のclass_rank_2to6,0.108,2号艇のsession_exh_rel_avg,0.0716,2号艇の全国勝率,0.0551,2号艇の節間得点,0.0367,3号艇のwin_rate_rank_2to6,-0.1044,3号艇の全国勝率,-0.0656,場特性:1x_diff_course3,0.0459,3号艇のracer_2nd_te,-0.0457,3号艇のcumulative_diff_rank_2to6,0.0433,0.04,北東 0.7m/s,[逃げ]1号艇の年齢が不利(-18.3pt)、1号艇のsession_exh_rel_avgが有利(+9.2pt) / [2着]2号艇のwin_rate_rank_2to6が有利(+21.9pt)、2号艇のclass_rank_2to6が有利(+10.8pt) / [候補2]3号艇のwin_rate_rank_2to6が不利(-10.4pt)、3号艇の全国勝率が不利(-6.6pt) / [除外]1号艇vs5号艇の枠別平均ST差が不利(-7.9pt)、2号艇の直近1着率が不利(-7.2pt)、天気+4.0pt
37,12,住之江,2,15:41,0.5332640385064515,2,0.774294256066026,4,0.087446736866747,0.45953548203789,0.086058213231879,0.7756827797008939,0.41207931903689277,0.5543796713367911,1-2,1-4,0.4129032819821175,0.04589175033468114,0.04663220005577251,0.013751611564871799,0.014085213441360326,True,False,False,False,予選,2026-09-03,2号艇のモーター2連率,-0.1154,4号艇の全国2連率,-0.1098,1号艇のsession_exh_rel_avg,-0.1064,1号艇のvs_max234_frame_diff,-0.0774,風速区分,0.0732,2号艇のwin_rate_rank_2to6,0.2182,2号艇のclass_rank_2to6,0.121,2号艇のモーター2連率,0.0901,3号艇のracer_2nd_te,0.0564,2号艇の全国勝率,0.0539,4号艇のwin_rate_rank_2to6,-0.1843,4号艇のclass_rank_2to6,-0.0907,4号艇の全国勝率,-0.0895,4号艇のsession_exh_rel_avg,0.067,1号艇vs2号艇のlocal_win_rate差,0.0395,0.0519,北東 0.6m/s,[逃げ]2号艇のモーター2連率が不利(-11.5pt)、4号艇の全国2連率が不利(-11.0pt) / [2着]2号艇のwin_rate_rank_2to6が有利(+21.8pt)、2号艇のclass_rank_2to6が有利(+12.1pt) / [候補2]4号艇のwin_rate_rank_2to6が不利(-18.4pt)、4号艇のclass_rank_2to6が不利(-9.1pt)、天気+5.2pt
38,19,下関,9,19:16,0.5515314995347307,2,0.6827327821046141,3,0.13719965651195248,0.45221856738736343,0.07564272617669524,0.7442897124398713,0.41117011306948376,0.5398399109031158,1-2,1-3,0.3765486350956763,0.07566993229168713,0.04171934619712775,0.033704215477501756,0.023889372527352633,True,False,False,False,シーモ特選,2026-09-03,1号艇vs2号艇のcumulative差,-0.1272,場特性:in_escape_diff,0.0844,1号艇のdominance,-0.0684,1号艇のsession_exh_rel_avg,-0.0633,1号艇の節間得点,-0.0618,2号艇のwin_rate_rank_2to6,0.1956,2号艇のclass_rank_2to6,0.0942,2号艇のsession_exh_rel_avg,0.0775,2号艇の全国勝率,0.0677,4号艇の女子戦比率,0.0556,3号艇のwin_rate_rank_2to6,-0.16,3号艇のcumulative_diff_rank_2to6,-0.0528,3号艇の全国勝率,-0.0501,3号艇のモーター2連率,-0.0422,場特性:1x_diff_course3,0.0405,-0.0272,東 4.6m/s,[逃げ]1号艇vs2号艇のcumulative差が不利(-12.7pt)、場特性:in_escape_diffが有利(+8.4pt) / [2着]2号艇のwin_rate_rank_2to6が有利(+19.6pt)、2号艇のclass_rank_2to6が有利(+9.4pt) / [候補2]3号艇のwin_rate_rank_2to6が不利(-16.0pt)、3号艇のcumulative_diff_rank_2to6が不利(-5.3pt)、天気-2.7pt
39,12,住之江,10,19:23,0.7441236897445906,4,0.49845874437991516,5,0.1801091237619727,0.5049384257838625,0.15873378577016772,0.5198340823717201,0.4087574802972609,0.5094071227602197,1-4,1-5,0.08991611006050812,0.1181175703544246,0.3709149600534382,0.13402346573042426,0.031151602950332792,True,False,False,False,予選特別Ｂ戦,2026-09-03,1号艇のdominance,0.1522,1号艇のracer_win_te,0.1079,1号艇のsession_exh_rel_avg,-0.0896,風速区分,0.0855,1号艇の全国勝率,0.0838,4号艇のwin_rate_rank_2to6,0.2373,4号艇のclass_rank_2to6,0.2199,4号艇の全国勝率,0.0999,4号艇のsession_exh_rel_avg,-0.0794,win_rate_gap_top2_2to6,0.0553,5号艇のclass_rank_2to6,0.1496,4号艇の全国2連率,0.119,5号艇のsession_exh_rel_avg,0.1141,5号艇のwin_rate_rank_2to6,-0.1045,4号艇のsession_exh_rel_delta,0.0876,0.0847,北東 0.9m/s,[逃げ]1号艇のdominanceが有利(+15.2pt)、1号艇のracer_win_teが有利(+10.8pt) / [2着]4号艇のwin_rate_rank_2to6が有利(+23.7pt)、4号艇のclass_rank_2to6が有利(+22.0pt) / [候補2]5号艇のclass_rank_2to6が有利(+15.0pt)、4号艇の全国2連率が有利(+11.9pt) / [除外]6号艇のsession_exh_rel_avgが不利(-6.3pt)、2号艇のwin_rate_rank_2to6が不利(-5.5pt)、天気+8.5pt
40,08,常滑,8,13:59,0.7145724951659875,3,0.4355158841786866,2,0.25708555075475853,0.4949139355159352,0.1481634470814501,0.5444379878519949,0.4069201498823103,0.5097711512167531,1-3,1-2,0.18370626347394994,0.3112076720419853,0.07257764415823813,0.04120739141842863,0.10587352407338556,True,True,False,False,一般,2026-09-03,1号艇のdominance,0.14,1号艇のsession_exh_rel_avg,-0.0835,風速区分,0.0809,場特性:in_escape_diff,0.069,1号艇の節間得点,-0.0623,3号艇の節間得点,-0.0965,6号艇のracer_2nd_te,-0.0931,3号艇のwin_rate_rank_2to6,0.0713,3号艇のcumulative_diff_rank_2to6,-0.0434,3号艇のモーター2連率,-0.0336,2号艇の直近平均着順,-0.0671,2号艇の全国勝率,-0.0665,2号艇のracer_avgfin_te,-0.0611,2号艇のwin_rate_rank_2to6,-0.0595,2号艇のclass_rank_2to6,-0.0522,0.059,東 2.5m/s,[逃げ]1号艇のdominanceが有利(+14.0pt)、1号艇のsession_exh_rel_avgが不利(-8.3pt) / [2着]3号艇の節間得点が不利(-9.7pt)、6号艇のracer_2nd_teが不利(-9.3pt) / [候補2]2号艇の直近平均着順が不利(-6.7pt)、2号艇の全国勝率が不利(-6.6pt)、天気+5.9pt
41,10,三国,3,09:24,0.5429971471513642,3,0.6663592102144111,2,0.1838435219629876,0.4616576580726228,0.09938156769134826,0.7508211644860505,0.40660134391745445,0.5484067099966511,1-3,1-2,0.09982650794816142,0.36183115012446143,0.05396390773583229,0.024518420076968483,0.002857160507382232,False,False,True,False,みくにあさズ,2026-09-03,5号艇の平均ST,0.1359,ST差分(6-5),0.0945,1号艇のdominance,-0.0913,1号艇vs6号艇の直近複勝率差,0.0839,6号艇の枠別出走数,-0.0835,3号艇のwin_rate_rank_2to6,0.2264,6号艇の年齢,0.1357,3号艇の当地勝率,0.0905,3号艇の全国勝率,0.069,win_rate_gap_top2_2to6,0.0673,2号艇のwin_rate_rank_2to6,-0.1564,ST差分(6-5),-0.0782,2号艇の全国勝率,-0.0782,avg_456_win_rate,0.0536,2号艇のモーター2連率,-0.0504,-0.065,南 5.0m/s,[逃げ]5号艇の平均STが有利(+13.6pt)、ST差分(6-5)が有利(+9.5pt) / [2着]3号艇のwin_rate_rank_2to6が有利(+22.6pt)、6号艇の年齢が有利(+13.6pt) / [候補2]2号艇のwin_rate_rank_2to6が不利(-15.6pt)、ST差分(6-5)が不利(-7.8pt) / [除外]6号艇の全国勝率が不利(-19.4pt)、6号艇の直近平均着順が不利(-15.7pt)、天気-6.5pt
42,09,津,10,15:23,0.7617250774903868,2,0.4497648400788189,4,0.23324694299002155,0.5202672033849597,0.18309652937514076,0.4999152536936997,0.4059562602399638,0.5141616184775817,1-2,1-4,0.34259715766148974,0.13946921802649997,0.17767004572346998,0.08522496013907913,0.016763715803377214,True,False,False,False,予選,2026-09-03,1号艇のdominance,0.1394,1号艇のracer_win_te,0.1143,1号艇の全国勝率,0.1048,風速区分,0.0928,1号艇の勝率順位,0.084,2号艇のsession_exh_rel_avg,0.0721,2号艇のracer_avgfin_te,0.0686,2号艇の当地勝率,0.0686,2号艇のclass_rank_2to6,-0.0651,2号艇のwin_rate_rank_2to6,0.0646,4号艇の全国勝率,0.1758,4号艇のwin_rate_rank_2to6,0.1647,4号艇のclass_rank_2to6,-0.0939,4号艇の当地勝率,0.0722,4号艇のracer_win_te,0.0632,0.1718,北 1.2m/s,[逃げ]1号艇のdominanceが有利(+13.9pt)、1号艇のracer_win_teが有利(+11.4pt) / [2着]2号艇のsession_exh_rel_avgが有利(+7.2pt)、2号艇のracer_avgfin_teが有利(+6.9pt) / [候補2]4号艇の全国勝率が有利(+17.6pt)、4号艇のwin_rate_rank_2to6が有利(+16.5pt) / [除外]2号艇の直近1着率が不利(-7.7pt)、6号艇のwin_rate_rank_2to6が不利(-5.3pt)、天気+17.2pt
43,22,福岡,12,17:25,0.7518765236348386,3,0.42995730630062656,2,0.2445709039551155,0.5071619258207168,0.167222194745535,0.507306015510207,0.40539144942818184,0.5072051527275638,1-3,1-2,0.18388712104800223,0.3232748047727146,0.09552984616989643,0.12573044245986084,0.023454317587239426,True,False,False,False,福岡選抜,2026-09-03,1号艇のdominance,0.3589,3号艇のsession_exh_rel_avg,-0.1037,1号艇の勝率順位,0.1028,1号艇の全国勝率,0.0928,1号艇のsession_exh_rel_avg,-0.0909,3号艇のsession_exh_rel_avg,0.1082,場特性:1x_diff_course3,0.0536,3号艇のsession_exh_rel_last,0.0533,3号艇のwin_rate_rank_2to6,0.0467,3号艇のclass_rank_2to6,0.0433,2号艇のsession_exh_rel_avg,-0.1595,2号艇のwin_rate_rank_2to6,-0.1324,レース時間帯,-0.0648,2号艇の全国勝率,0.0646,2号艇のclass_rank_2to6,-0.0568,0.1072,東 3.2m/s,[逃げ]1号艇のdominanceが有利(+35.9pt)、3号艇のsession_exh_rel_avgが不利(-10.4pt) / [2着]3号艇のsession_exh_rel_avgが有利(+10.8pt)、場特性:1x_diff_course3が有利(+5.4pt) / [候補2]2号艇のsession_exh_rel_avgが不利(-15.9pt)、2号艇のwin_rate_rank_2to6が不利(-13.2pt)、天気+10.7pt
44,20,若松,11,20:10,0.7964017522664029,3,0.4575320532834354,4,0.20237738876798012,0.5255530359868916,0.19406907173844548,0.4658403703129701,0.4031607281749342,0.5076392362847151,1-3,1-4,0.15455694879321222,0.36437932895297315,0.1611737070339184,0.06490455502783019,0.05138719762433019,False,False,False,False,一般特選,2026-09-03,1号艇の節間得点,0.1015,1号艇のracer_win_te,0.0849,1号艇の級別順位,0.0824,1号艇のdominance,0.0709,1号艇の勝率順位,-0.0696,3号艇のwin_rate_rank_2to6,0.1886,3号艇のsession_exh_rel_avg,-0.0812,3号艇の当地勝率,-0.0532,2号艇のvs_boat3_diff,0.0523,1号艇のracer_2nd_te,0.0452,1号艇vs4号艇のcumulative差,-0.1348,4号艇のclass_rank_2to6,0.1212,4号艇のsession_exh_rel_avg,-0.0775,4号艇の年齢,-0.0764,4号艇のwin_rate_rank_2to6,0.0738,0.0796,東 3.5m/s,[逃げ]1号艇の節間得点が有利(+10.2pt)、1号艇のracer_win_teが有利(+8.5pt) / [2着]3号艇のwin_rate_rank_2to6が有利(+18.9pt)、3号艇のsession_exh_rel_avgが不利(-8.1pt) / [候補2]1号艇vs4号艇のcumulative差が不利(-13.5pt)、4号艇のclass_rank_2to6が有利(+12.1pt) / [除外]2号艇のwin_rate_rank_2to6が不利(-5.9pt)、天気+8.0pt
45,16,児島,5,13:34,0.6798171340384569,3,0.36018880972079614,2,0.3582451999831975,0.48840374947272586,0.14560517482175894,0.5728288348822347,0.40306681348203127,0.5137312750955785,1-3,1-2,0.24354122513561116,0.24486252433711472,0.0452546238593154,0.04717386046037046,0.09898489264849665,True,True,False,False,日替艇食戦,2026-09-03,1号艇のsession_exh_rel_avg,-0.1337,1号艇の級別順位,0.0685,4号艇の枠別出走数,-0.0616,4号艇のモーター2連率,-0.0557,1号艇vs4号艇の枠別平均ST差,0.0555,3号艇のsession_exh_rel_avg,-0.117,6号艇のracer_2nd_te,-0.0633,3号艇の当地勝率,0.0442,3号艇のwin_rate_rank_2to6,0.042,3号艇のclass_rank_2to6,0.0351,4号艇の節間得点,0.0615,2号艇のsession_exh_rel_avg,-0.0558,2号艇のwin_rate_rank_2to6,-0.0484,2号艇の直近平均着順,-0.043,2号艇の当地勝率,-0.032,0.0497,北東 2.8m/s,[逃げ]1号艇のsession_exh_rel_avgが不利(-13.4pt)、1号艇の級別順位が有利(+6.9pt) / [2着]3号艇のsession_exh_rel_avgが不利(-11.7pt)、6号艇のracer_2nd_teが不利(-6.3pt) / [候補2]4号艇の節間得点が有利(+6.1pt)、2号艇のsession_exh_rel_avgが不利(-5.6pt) / [除外]6号艇のsession_exh_rel_avgが不利(-7.3pt)、4号艇のwin_rate_rank_2to6が不利(-5.8pt)、天気+5.0pt
46,09,津,8,14:18,0.6622569180805173,2,0.48171443108342005,3,0.24435389629316237,0.4808437728042916,0.1372606278274617,0.5888076995491207,0.4016426710338407,0.5132329508277402,1-2,1-3,0.31901871452421554,0.16182505828007607,0.09090180035881168,0.06628662333796033,0.024224700609109903,True,True,False,False,予選,2026-09-03,1号艇のdominance,0.165,3号艇のracer_win_te,-0.1174,風速区分,0.0896,1号艇の全国勝率,0.0781,1号艇のracer_win_te,0.0769,2号艇の当地勝率,0.12,2号艇の全国勝率,0.0732,2号艇のclass_rank_2to6,-0.0563,2号艇のsession_exh_rel_avg,0.0537,2号艇のracer_avgfin_te,0.049,3号艇の当地勝率,0.0892,3号艇のwin_rate_rank_2to6,0.0758,3号艇のcumulative_diff_rank_2to6,0.0499,6号艇のracer_2nd_te,-0.0495,3号艇のracer_avgfin_te,0.0482,0.1104,北 1.4m/s,[逃げ]1号艇のdominanceが有利(+16.5pt)、3号艇のracer_win_teが不利(-11.7pt) / [2着]2号艇の当地勝率が有利(+12.0pt)、2号艇の全国勝率が有利(+7.3pt) / [候補2]3号艇の当地勝率が有利(+8.9pt)、3号艇のwin_rate_rank_2to6が有利(+7.6pt) / [除外]2号艇の直近1着率が不利(-7.0pt)、3号艇のracer_avgfin_teが不利(-5.8pt)、天気+11.0pt
47,10,三国,1,08:32,0.8639252474771881,2,0.3342589973571686,3,0.26883049084723526,0.5210242353478802,0.19655233977862227,0.4065371484257815,0.39813399630108814,0.48667810927125055,1-2,1-3,0.28877478701326864,0.23224944833461167,0.16980652878546662,0.11408011414986645,0.05901437563071948,False,False,True,False,みくにあさイ,2026-09-03,1号艇のdominance,0.3919,1号艇のvs_max234_diff,0.1738,1号艇のracer_win_te,0.1476,1号艇の勝率順位,0.1012,1号艇の全国勝率,0.101,2号艇のwin_rate_rank_2to6,0.1549,2号艇のclass_rank_2to6,-0.0547,1号艇の一般戦勝率,-0.0519,3号艇の全国勝率,-0.0514,1号艇vs2号艇のlocal_win_rate差,-0.0416,3号艇のwin_rate_rank_2to6,-0.0839,3号艇のracer_avgfin_te,-0.078,second_best_win_rate,0.0581,3号艇のracer_win_te,-0.0537,1号艇vs3号艇の勝率差,-0.0431,-0.0781,南 5.0m/s,[逃げ]1号艇のdominanceが有利(+39.2pt)、1号艇のvs_max234_diffが有利(+17.4pt) / [2着]2号艇のwin_rate_rank_2to6が有利(+15.5pt)、2号艇のclass_rank_2to6が不利(-5.5pt) / [候補2]3号艇のwin_rate_rank_2to6が不利(-8.4pt)、3号艇のracer_avgfin_teが不利(-7.8pt)、天気-7.8pt
48,06,浜名湖,9,15:31,0.5471753116040311,3,0.6566623553060147,2,0.1548892880516371,0.4440610233369866,0.09127575714115961,0.7202758862164921,0.3954226159906327,0.5269254822008382,1-3,1-2,0.08475159445378105,0.35930942888320555,0.034103322517341904,0.01906711572135374,0.04994384085560788,True,False,False,False,一般,2026-09-03,1号艇の女子戦比率,-0.1422,1号艇の級別順位,-0.0956,2号艇の平均ST,-0.0826,場×風速,-0.0692,1号艇のdominance,0.0673,3号艇のwin_rate_rank_2to6,0.2277,3号艇のsession_exh_rel_avg,0.0706,2号艇のracer_avgfin_te,0.0447,3号艇のclass_rank_2to6,0.0439,2号艇のvs_boat3_diff,0.0379,2号艇のwin_rate_rank_2to6,-0.2072,2号艇の全国2連率,-0.1971,2号艇の全国勝率,-0.1549,2号艇の直近平均着順,-0.0719,2号艇のracer_2nd_te,-0.0615,0.0275,南 0.6m/s,[逃げ]1号艇の女子戦比率が不利(-14.2pt)、1号艇の級別順位が不利(-9.6pt) / [2着]3号艇のwin_rate_rank_2to6が有利(+22.8pt)、3号艇のsession_exh_rel_avgが有利(+7.1pt) / [候補2]2号艇のwin_rate_rank_2to6が不利(-20.7pt)、2号艇の全国2連率が不利(-19.7pt) / [除外]4号艇のracer_avgfin_teが不利(-13.2pt)、6号艇のsession_exh_rel_avgが不利(-8.4pt)、天気+2.8pt
49,19,下関,10,19:48,0.8080001056748737,2,0.3634210517958206,3,0.27948933977304,0.5194716643271138,0.19968862447288965,0.443221767095971,0.394992565804565,0.4965966951577709,1-2,1-3,0.2936442482554968,0.22582741607161702,0.161348429676165,0.08898753257649575,0.03819246103488934,True,False,False,False,選抜戦,2026-09-03,1号艇のdominance,0.3078,1号艇のvs_max234_diff,0.0954,1号艇の年齢,-0.0749,1号艇の勝率順位,0.0741,4号艇のsession_exh_rel_avg,-0.0728,2号艇のwin_rate_rank_2to6,-0.1321,2号艇の節間得点,0.0869,1号艇の年齢,0.075,レース時間帯,-0.0601,2号艇のsession_exh_rel_avg,0.055,3号艇のwin_rate_rank_2to6,-0.0975,3号艇の節間得点,0.0672,1号艇vs2号艇のlocal_win_rate差,-0.0594,3号艇のcumulative_diff_rank_2to6,0.0574,3号艇の全国勝率,-0.0469,-0.0838,東 4.8m/s,[逃げ]1号艇のdominanceが有利(+30.8pt)、1号艇のvs_max234_diffが有利(+9.5pt) / [2着]2号艇のwin_rate_rank_2to6が不利(-13.2pt)、2号艇の節間得点が有利(+8.7pt) / [候補2]3号艇のwin_rate_rank_2to6が不利(-9.7pt)、3号艇の節間得点が有利(+6.7pt)、天気-8.4pt
50,17,宮島,1,10:57,0.7703946726781711,2,0.4019718193355686,3,0.2398915393352663,0.49448811210732935,0.16979704652429925,0.4720663121465356,0.393732966934688,0.4877615721190912,1-2,1-3,0.3096769481828743,0.1848111639244551,0.12440522455472286,0.13081074007880772,0.020690583022564032,False,False,True,False,ファーストＢ,2026-09-03,1号艇のdominance,0.1883,1号艇のsession_exh_rel_avg,0.1235,風速区分,0.0915,1号艇の勝率順位,0.0815,1号艇のlocal_win_rate順位,-0.0772,2号艇のwin_rate_rank_2to6,0.1669,2号艇のsession_exh_rel_avg,-0.1132,6号艇のsession_rank_diff_last,-0.0893,3号艇のracer_win_te,0.058,2号艇のclass_rank_2to6,-0.0551,3号艇のsession_exh_rel_avg,-0.1182,3号艇のwin_rate_rank_2to6,-0.1163,3号艇のracer_avgfin_te,-0.0732,3号艇の当地勝率,-0.0586,3号艇のracer_2nd_te,-0.0543,0.1054,東 2.5m/s,[逃げ]1号艇のdominanceが有利(+18.8pt)、1号艇のsession_exh_rel_avgが有利(+12.4pt) / [2着]2号艇のwin_rate_rank_2to6が有利(+16.7pt)、2号艇のsession_exh_rel_avgが不利(-11.3pt) / [候補2]3号艇のsession_exh_rel_avgが不利(-11.8pt)、3号艇のwin_rate_rank_2to6が不利(-11.6pt)、天気+10.5pt
51,18,徳山,12,14:29,0.7990519322573697,3,0.3330964090229641,2,0.33277347942395796,0.5320646209955123,0.21886565548412928,0.4470042329627928,0.39232381455459514,0.5065465045856964,1-3,1-2,0.26590329173772165,0.2661613292577906,0.17488502491936928,0.039409407414423205,0.052692895299917226,True,True,False,False,すなっち特選,2026-09-03,場特性:in_escape_diff,0.2527,1号艇の節間得点,0.1261,race_no,0.116,1号艇のracer_win_te,0.0986,1号艇の級別順位,0.0748,3号艇のwin_rate_rank_2to6,0.181,3号艇のsession_exh_rel_avg,-0.156,6号艇の直近1着率,0.07,3号艇の全国勝率,0.0633,3号艇のsession_exh_rel_last,-0.0417,2号艇のwin_rate_rank_2to6,-0.1341,2号艇のsession_exh_rel_avg,0.1011,2号艇の全国勝率,0.0527,3号艇の全国2連率,0.0494,avg_entry_count,-0.0384,0.0917,北東 3.6m/s,[逃げ]場特性:in_escape_diffが有利(+25.3pt)、1号艇の節間得点が有利(+12.6pt) / [2着]3号艇のwin_rate_rank_2to6が有利(+18.1pt)、3号艇のsession_exh_rel_avgが不利(-15.6pt) / [候補2]2号艇のwin_rate_rank_2to6が不利(-13.4pt)、2号艇のsession_exh_rel_avgが有利(+10.1pt)、天気+9.2pt
52,16,児島,12,17:20,0.7829508755347842,2,0.40863094923650445,3,0.24107702296880174,0.5086894256800737,0.19227899853993202,0.45742897366537416,0.3913170736749324,0.4933112900756638,1-2,1-3,0.3199379594753311,0.1887514662047426,0.15054501025379127,0.08476000728362398,0.03895640898354083,True,False,False,False,優勝戦,2026-09-03,1号艇のdominance,0.1968,1号艇のsession_exh_rel_avg,0.1606,1号艇のracer_win_te,0.146,3号艇のsession_exh_rel_delta,0.0799,1号艇の節間得点,0.0792,2号艇のsession_exh_rel_avg,0.0687,2号艇のracer_avgfin_te,0.0665,2号艇のwin_rate_rank_2to6,0.0647,2号艇の全国勝率,0.0506,2号艇のcumulative_diff_rank_2to6,-0.0379,3号艇のwin_rate_rank_2to6,0.1579,3号艇のsession_exh_rel_avg,-0.1059,3号艇の節間得点,0.0767,6号艇のracer_2nd_te,-0.0741,3号艇の当地勝率,0.0736,0.1169,北東 3.6m/s,[逃げ]1号艇のdominanceが有利(+19.7pt)、1号艇のsession_exh_rel_avgが有利(+16.1pt) / [2着]2号艇のsession_exh_rel_avgが有利(+6.9pt)、2号艇のracer_avgfin_teが有利(+6.7pt) / [候補2]3号艇のwin_rate_rank_2to6が有利(+15.8pt)、3号艇のsession_exh_rel_avgが不利(-10.6pt) / [除外]4号艇のwin_rate_rank_2to6が不利(-5.4pt)、天気+11.7pt
53,24,大村,12,22:41,0.8394217669050863,2,0.38014633743220455,5,0.2187573479342842,0.5027327897763059,0.18761244916874212,0.41129123619774666,0.3895500738154653,0.47530032370273806,1-2,1-5,0.3191031102498383,0.1574859735746162,0.1405948547250445,0.18362967952646758,0.03860814570203001,False,False,False,False,一般,2026-09-03,1号艇のdominance,0.228,場特性:in_escape_diff,0.1478,1号艇のsession_exh_rel_avg,0.1186,1号艇のracer_win_te,0.0969,3号艇のsession_rank_diff_last,-0.0772,2号艇のclass_rank_2to6,0.0995,2号艇のwin_rate_rank_2to6,0.0912,3号艇のracer_win_te,0.0683,2号艇の節間得点,-0.0574,6号艇のsession_rank_diff_last,-0.0563,5号艇のwin_rate_rank_2to6,0.2379,5号艇のsession_exh_rel_avg,-0.0966,5号艇のclass_rank_2to6,0.0908,3号艇のsession_rank_diff_last,0.0874,5号艇のracer_avgfin_te,0.053,0.0521,北東 3.9m/s,[逃げ]1号艇のdominanceが有利(+22.8pt)、場特性:in_escape_diffが有利(+14.8pt) / [2着]2号艇のclass_rank_2to6が有利(+10.0pt)、2号艇のwin_rate_rank_2to6が有利(+9.1pt) / [候補2]5号艇のwin_rate_rank_2to6が有利(+23.8pt)、5号艇のsession_exh_rel_avgが不利(-9.7pt)、天気+5.2pt
54,10,三国,4,09:50,0.6196896189382501,3,0.3814727193387969,2,0.35671636300802456,0.45744811114387834,0.12467335426364248,0.613515728083179,0.3890102026424285,0.5042683962256684,1-3,1-2,0.22105342706148126,0.23639468408239708,0.07725878339539008,0.04781057758298022,0.03717216297566756,False,False,True,False,みくにあさ推,2026-09-03,1号艇の級別順位,0.0758,1号艇の勝率順位,-0.0572,1号艇のdominance,0.0562,1号艇の節間得点,-0.0501,場特性:1x_diff_course5,-0.048,3号艇の当地勝率,0.1111,3号艇のwin_rate_rank_2to6,0.0677,3号艇のcumulative_diff_rank_2to6,0.0412,3号艇のclass_rank_2to6,0.0361,場特性:1x_diff_course3,-0.0328,2号艇のclass_rank_2to6,-0.0486,2号艇の当地勝率,-0.0401,2号艇のsession_exh_rel_avg,0.0382,2号艇の全国勝率,0.0353,2号艇の直近平均着順,0.0343,-0.0668,南 4.2m/s,[逃げ]1号艇の級別順位が有利(+7.6pt)、1号艇の勝率順位が不利(-5.7pt) / [2着]3号艇の当地勝率が有利(+11.1pt)、3号艇のwin_rate_rank_2to6が有利(+6.8pt) / [候補2]2号艇のclass_rank_2to6が不利(-4.9pt)、2号艇の当地勝率が不利(-4.0pt) / [除外]1号艇vs5号艇の枠別平均ST差が不利(-5.9pt)、天気-6.7pt
55,17,宮島,4,12:24,0.7332867733868984,2,0.445175115601314,5,0.2273517995845995,0.49315509165252275,0.17729807845792867,0.4952288367279848,0.3882325514944396,0.4937772151751614,1-2,1-5,0.32644102411142706,0.13001033588011168,0.0844772552818423,0.16671406754109575,0.025644096035833817,True,True,False,False,ランチ特賞,2026-09-03,1号艇のdominance,0.2205,1号艇のsession_exh_rel_avg,0.1132,1号艇の勝率順位,0.0838,風速区分,0.0808,1号艇vs4号艇のcumulative差,0.0719,2号艇のsession_exh_rel_avg,0.0853,2号艇のwin_rate_rank_2to6,0.075,3号艇のracer_win_te,0.0538,2号艇のclass_rank_2to6,-0.0471,3号艇の全国勝率,-0.0405,5号艇のwin_rate_rank_2to6,0.2077,1号艇の女子戦2連率,0.1645,5号艇のsession_exh_rel_avg,0.13,5号艇の性別,-0.093,3号艇の枠別平均ST,0.0788,0.0812,東 2.5m/s,[逃げ]1号艇のdominanceが有利(+22.1pt)、1号艇のsession_exh_rel_avgが有利(+11.3pt) / [2着]2号艇のsession_exh_rel_avgが有利(+8.5pt)、2号艇のwin_rate_rank_2to6が有利(+7.5pt) / [候補2]5号艇のwin_rate_rank_2to6が有利(+20.8pt)、1号艇の女子戦2連率が有利(+16.5pt) / [除外]6号艇のwin_rate_rank_2to6が不利(-7.4pt)、天気+8.1pt
56,13,尼崎,10,15:15,0.8207202202262178,4,0.2991989890918811,3,0.28864788154126825,0.4824578131253313,0.1631872430322287,0.42465962760092063,0.3879806606413941,0.4651183574680081,1-4,1-3,0.13393107003952007,0.23689915290638092,0.2455586602189504,0.08801911387649433,0.11631222624229318,True,False,False,False,予選特賞,2026-09-03,1号艇のdominance,0.2719,1号艇のracer_win_te,0.1442,1号艇のvs_max234_diff,0.1094,1号艇の級別順位,0.0785,1号艇の勝率順位,0.0746,4号艇のclass_rank_2to6,0.1302,4号艇のsession_exh_rel_avg,-0.0895,4号艇のwin_rate_rank_2to6,0.0683,4号艇の年齢,0.057,4号艇のcumulative_diff_rank_2to6,0.0433,3号艇のwin_rate_rank_2to6,-0.096,3号艇の当地勝率,0.0834,3号艇の全国勝率,-0.0669,3号艇のcumulative_diff_rank_2to6,-0.0577,場特性:1x_diff_course3,-0.0349,0.0782,北東 1.6m/s,[逃げ]1号艇のdominanceが有利(+27.2pt)、1号艇のracer_win_teが有利(+14.4pt) / [2着]4号艇のclass_rank_2to6が有利(+13.0pt)、4号艇のsession_exh_rel_avgが不利(-9.0pt) / [候補2]3号艇のwin_rate_rank_2to6が不利(-9.6pt)、3号艇の当地勝率が有利(+8.3pt) / [除外]2号艇のwin_rate_rank_2to6が不利(-5.0pt)、天気+7.8pt
57,24,大村,1,17:41,0.7282464509786352,2,0.45456437618595696,3,0.2145023428925377,0.48724546363683324,0.1735918028257724,0.4954749162527223,0.3857472814951566,0.48971429942159994,1-2,1-3,0.3310348936987404,0.15621056993809285,0.12641761432685178,0.09892252703721555,0.015660832413087473,True,False,False,False,一般,2026-09-03,場特性:in_escape_diff,0.1427,1号艇のdominance,0.1377,1号艇のvs_max234_diff,0.0776,1号艇の直近1着率,-0.0762,1号艇の級別順位,0.0668,2号艇のsession_exh_rel_avg,0.0732,2号艇の全国勝率,-0.072,2号艇のclass_rank_2to6,-0.0537,second_best_win_rate,0.0436,2号艇の直近平均着順,-0.0379,3号艇のsession_exh_rel_avg,-0.1717,3号艇のwin_rate_rank_2to6,0.1707,3号艇の当地勝率,-0.0575,3号艇のracer_2nd_te,-0.0557,5号艇のsession_exh_rel_avg,-0.0465,0.0427,東 3.3m/s,[逃げ]場特性:in_escape_diffが有利(+14.3pt)、1号艇のdominanceが有利(+13.8pt) / [2着]2号艇のsession_exh_rel_avgが有利(+7.3pt)、2号艇の全国勝率が不利(-7.2pt) / [候補2]3号艇のsession_exh_rel_avgが不利(-17.2pt)、3号艇のwin_rate_rank_2to6が有利(+17.1pt) / [除外]6号艇のwin_rate_rank_2to6が不利(-7.7pt)、天気+4.3pt
58,20,若松,8,18:41,0.6021748458711338,3,0.39513394381510736,2,0.38464738303849966,0.469564700311259,0.15532097593983563,0.6244603509137714,0.3820448032881696,0.5160333954920127,1-3,1-2,0.2316249785959435,0.23793972171531552,0.09353038474712459,0.027283354799819904,0.01179641106030157,True,False,False,False,エイトビート,2026-09-03,1号艇のsession_exh_rel_avg,0.093,1号艇の全国勝率,-0.0537,1号艇のdominance,-0.0503,1号艇の勝率順位,-0.0491,6号艇の年齢,-0.0413,3号艇のwin_rate_rank_2to6,0.1975,3号艇の節間得点,-0.1126,3号艇の当地勝率,0.0602,場特性:1x_diff_course3,0.0586,3号艇のclass_rank_2to6,0.0503,2号艇のclass_rank_2to6,0.0901,2号艇のwin_rate_rank_2to6,0.0851,2号艇の節間得点,-0.0832,2号艇の全国勝率,0.0581,2号艇のsession_exh_rel_avg,-0.0389,0.0264,東 3.2m/s,[逃げ]1号艇のsession_exh_rel_avgが有利(+9.3pt)、1号艇の全国勝率が不利(-5.4pt) / [2着]3号艇のwin_rate_rank_2to6が有利(+19.8pt)、3号艇の節間得点が不利(-11.3pt) / [候補2]2号艇のclass_rank_2to6が有利(+9.0pt)、2号艇のwin_rate_rank_2to6が有利(+8.5pt) / [除外]6号艇のwin_rate_rank_2to6が不利(-7.5pt)、6号艇のsession_exh_rel_avgが不利(-5.1pt)、天気+2.6pt
59,09,津,12,16:35,0.7358707684952693,2,0.43089571682561684,5,0.20895860198088897,0.4708500893051605,0.16134571864221198,0.4785086001642938,0.3796865140671315,0.47314764256290043,1-2,1-5,0.31708356228178664,0.11872959797066603,0.11051081452946131,0.15376652702337387,0.03578027902597651,True,False,False,False,ツッキーＤＲ,2026-09-03,1号艇のdominance,0.1476,1号艇のracer_win_te,0.1414,race_no,0.1408,1号艇の全国勝率,0.1195,1号艇の級別順位,0.0915,2号艇の当地勝率,0.1375,2号艇のwin_rate_rank_2to6,0.0679,2号艇のsession_exh_rel_avg,0.055,2号艇の全国勝率,0.0542,2号艇のclass_rank_2to6,-0.0528,5号艇のwin_rate_rank_2to6,0.1853,1号艇の女子戦2連率,0.099,2号艇のracer_2nd_te,-0.0954,5号艇のclass_rank_2to6,-0.0677,5号艇のsession_exh_rel_avg,0.0592,0.0871,北西 1.0m/s,[逃げ]1号艇のdominanceが有利(+14.8pt)、1号艇のracer_win_teが有利(+14.1pt) / [2着]2号艇の当地勝率が有利(+13.8pt)、2号艇のwin_rate_rank_2to6が有利(+6.8pt) / [候補2]5号艇のwin_rate_rank_2to6が有利(+18.5pt)、1号艇の女子戦2連率が有利(+9.9pt) / [除外]6号艇のwin_rate_rank_2to6が不利(-6.1pt)、天気+8.7pt
60,09,津,11,15:58,0.7516505928435955,3,0.4266877313568706,2,0.25298306112532404,0.510874954107718,0.21406142179024149,0.4656093706919532,0.379644611267731,0.49729527908298854,1-3,1-2,0.19015486787423735,0.3207200862334806,0.16089939459357797,0.06679270960755546,0.013083521934219182,True,False,False,False,予選,2026-09-03,1号艇の全国勝率,0.1271,1号艇のdominance,0.1239,6号艇のモーター出走数,-0.0899,風速区分,0.0895,1号艇のracer_win_te,0.0888,3号艇のモーター2連率,0.1129,6号艇の直近1着率,0.1093,6号艇のモーター出走数,0.1078,3号艇のwin_rate_rank_2to6,0.0683,3号艇の当地勝率,0.0547,2号艇のsession_exh_rel_avg,0.0711,2号艇の全国勝率,0.0587,1号艇の女子戦2連率,0.0516,2号艇のclass_rank_2to6,-0.0473,場特性:1x_diff_course2,0.0292,0.2019,北西 1.1m/s,[逃げ]1号艇の全国勝率が有利(+12.7pt)、1号艇のdominanceが有利(+12.4pt) / [2着]3号艇のモーター2連率が有利(+11.3pt)、6号艇の直近1着率が有利(+10.9pt) / [候補2]2号艇のsession_exh_rel_avgが有利(+7.1pt)、2号艇の全国勝率が有利(+5.9pt) / [除外]4号艇の女子戦2連率が不利(-8.9pt)、6号艇のwin_rate_rank_2to6が不利(-6.2pt)、天気+20.2pt
61,19,下関,8,18:48,0.500533853720225,2,0.7528563841896356,4,0.09119355732903647,0.4224755699606714,0.08912180540404868,0.7549281361146234,0.377293427319872,0.522211339806857,1-2,1-4,0.37683010727631255,0.04460848070939246,0.045645462684358894,0.03291043479177246,0.0005393702395621779,True,False,False,False,一般,2026-09-03,1号艇vs2号艇のcumulative差,-0.1003,3号艇の枠別出走数,-0.0919,1号艇のdominance,-0.0895,場特性:in_escape_diff,0.0879,1号艇の年齢,0.0689,2号艇のwin_rate_rank_2to6,0.2226,2号艇のclass_rank_2to6,0.113,3号艇のracer_2nd_te,0.0878,2号艇のsession_exh_rel_last,0.0595,2号艇の全国勝率,0.0509,4号艇のsession_exh_rel_avg,-0.1438,4号艇のwin_rate_rank_2to6,0.1211,4号艇のclass_rank_2to6,-0.086,4号艇の年齢,0.069,4号艇の節間得点,-0.0445,-0.0347,東 4.3m/s,[逃げ]1号艇vs2号艇のcumulative差が不利(-10.0pt)、3号艇の枠別出走数が不利(-9.2pt) / [2着]2号艇のwin_rate_rank_2to6が有利(+22.3pt)、2号艇のclass_rank_2to6が有利(+11.3pt) / [候補2]4号艇のsession_exh_rel_avgが不利(-14.4pt)、4号艇のwin_rate_rank_2to6が有利(+12.1pt) / [除外]6号艇の全国勝率が不利(-16.0pt)、6号艇の直近平均着順が不利(-13.0pt)、天気-3.5pt
62,09,津,1,10:42,0.6157672731307271,2,0.39705167641107075,3,0.32079497415724023,0.44202647454647476,0.13822532112073,0.5796213294475809,0.36870737288081395,0.4833049310168066,1-2,1-3,0.24449142807562887,0.19753504647084588,0.085114629064131,0.056544800503808966,0.03208136901631235,False,False,True,False,予選,2026-09-03,1号艇のracer_win_te,0.1333,1号艇のdominance,-0.1231,1号艇の級別順位,0.0894,風速区分,0.069,1号艇の勝率順位,-0.0688,2号艇のwin_rate_rank_2to6,0.0643,2号艇のclass_rank_2to6,-0.0616,2号艇の当地勝率,0.0568,2号艇の全国勝率,0.0444,2号艇のracer_2nd_te,0.0334,3号艇の当地勝率,0.1168,3号艇のwin_rate_rank_2to6,-0.1012,3号艇のracer_avgfin_te,0.0568,3号艇のcumulative_diff_rank_2to6,0.0535,1号艇vs3号艇の直近複勝率差,0.0386,0.0698,北東 1.9m/s,[逃げ]1号艇のracer_win_teが有利(+13.3pt)、1号艇のdominanceが不利(-12.3pt) / [2着]2号艇のwin_rate_rank_2to6が有利(+6.4pt)、2号艇のclass_rank_2to6が不利(-6.2pt) / [候補2]3号艇の当地勝率が有利(+11.7pt)、3号艇のwin_rate_rank_2to6が不利(-10.1pt) / [除外]2号艇のracer_2nd_teが不利(-5.7pt)、天気+7.0pt
63,19,下関,1,15:28,0.5387557521341545,3,0.5058354458658513,2,0.3051286594054054,0.4369115764892175,0.1334876681601015,0.6774764371111551,0.36692480744397815,0.5090810346757988,1-3,1-2,0.16438982039564545,0.2725217560935721,0.0719172490602299,0.028725221957176125,0.001201710366358264,True,False,False,False,一般,2026-09-03,1号艇の年齢,-0.1236,1号艇の節間得点,0.0919,1号艇のdominance,0.0881,6号艇の枠別出走数,-0.0736,場特性:in_escape_diff,0.0731,3号艇のwin_rate_rank_2to6,0.1734,3号艇のsession_exh_rel_avg,0.0934,場特性:1x_diff_course3,0.0543,4号艇の女子戦2連率,0.0488,3号艇のclass_rank_2to6,0.0433,6号艇の体重,0.0749,1号艇vs2号艇のcumulative差,-0.0689,6号艇の直近平均着順,-0.0625,全艇平均勝率,0.0606,2号艇の節間得点,-0.0553,-0.0657,南東 4.2m/s,[逃げ]1号艇の年齢が不利(-12.4pt)、1号艇の節間得点が有利(+9.2pt) / [2着]3号艇のwin_rate_rank_2to6が有利(+17.3pt)、3号艇のsession_exh_rel_avgが有利(+9.3pt) / [候補2]6号艇の体重が有利(+7.5pt)、1号艇vs2号艇のcumulative差が不利(-6.9pt) / [除外]6号艇の直近平均着順が不利(-17.9pt)、6号艇の全国勝率が不利(-16.0pt)、天気-6.6pt
64,08,常滑,3,11:29,0.6290224525148504,2,0.3999142457447462,4,0.36094475272859794,0.4785973932376958,0.19783417462898664,0.5630248238443575,0.3649778889127789,0.5039256224196943,1-2,1-4,0.25155503965398684,0.12444213771637638,0.22704235358370894,0.014841556852229536,0.01114137876829615,True,True,False,False,一般,2026-09-03,1号艇の年齢,-0.124,1号艇のsession_exh_rel_avg,0.1042,1号艇の級別順位,-0.0837,1号艇のracer_win_te,-0.0732,1号艇の勝率順位,-0.0658,2号艇のsession_exh_rel_avg,0.0695,2号艇のclass_rank_2to6,0.0673,2号艇のwin_rate_rank_2to6,0.0513,3号艇の全国勝率,-0.0427,2号艇の当地勝率,-0.0384,4号艇のwin_rate_rank_2to6,0.1743,4号艇のclass_rank_2to6,0.1414,5号艇のracer_win_te,0.0824,4号艇のsession_exh_rel_avg,-0.0812,4号艇の節間得点,0.0598,0.0356,東 2.5m/s,[逃げ]1号艇の年齢が不利(-12.4pt)、1号艇のsession_exh_rel_avgが有利(+10.4pt) / [2着]2号艇のsession_exh_rel_avgが有利(+6.9pt)、2号艇のclass_rank_2to6が有利(+6.7pt) / [候補2]4号艇のwin_rate_rank_2to6が有利(+17.4pt)、4号艇のclass_rank_2to6が有利(+14.1pt) / [除外]5号艇のracer_win_teが不利(-8.0pt)、6号艇のwin_rate_rank_2to6が不利(-6.8pt)、天気+3.6pt
65,06,浜名湖,10,16:04,0.6176541775400237,4,0.38321608589138595,2,0.3605163101406007,0.4593694213810079,0.1713159009601261,0.5724164950718604,0.3649326778241049,0.49328354348826364,1-4,1-2,0.22267440502965685,0.10581398190705485,0.23669501635135107,0.046089316605301064,0.006381465699953827,True,False,False,False,準優勝戦,2026-09-03,1号艇の女子戦比率,-0.1511,1号艇の節間得点,0.1192,1号艇のsession_exh_rel_avg,0.1133,ST差分(4-3),-0.0761,4号艇のsession_exh_rel_avg,-0.0756,4号艇のclass_rank_2to6,0.131,4号艇の節間得点,0.1152,4号艇のwin_rate_rank_2to6,0.104,2号艇の枠別出走数,0.0652,4号艇のモーター2連率,0.0648,2号艇のwin_rate_rank_2to6,0.1625,2号艇の一般戦勝率,-0.0935,3号艇のracer_win_te,0.0644,2号艇のclass_rank_2to6,-0.0636,2号艇のモーター2連率,-0.0478,0.0547,南西 0.7m/s,[逃げ]1号艇の女子戦比率が不利(-15.1pt)、1号艇の節間得点が有利(+11.9pt) / [2着]4号艇のclass_rank_2to6が有利(+13.1pt)、4号艇の節間得点が有利(+11.5pt) / [候補2]2号艇のwin_rate_rank_2to6が有利(+16.2pt)、2号艇の一般戦勝率が不利(-9.3pt) / [除外]6号艇の女子戦比率が不利(-7.5pt)、6号艇のwin_rate_rank_2to6が不利(-6.7pt)、天気+5.5pt
66,02,戸田,4,12:14,0.4878411075855774,2,0.4142948314679493,3,0.4006249384092925,0.3975513631302975,0.07144392155255122,0.7434758483246906,0.36346820904958854,0.5013287086886153,1-2,1-3,0.20211004945030453,0.19544131367999298,0.03485328182045369,0.02735325726591755,0.028083199916859466,True,True,False,False,予選,2026-09-03,場特性:in_escape_diff,-0.1918,1号艇のracer_win_te,0.1786,1号艇のdominance,0.0945,1号艇の級別順位,-0.0932,1号艇の年齢,-0.0895,2号艇のwin_rate_rank_2to6,0.067,2号艇の全国勝率,0.058,1号艇の年齢,0.0537,場×風向,-0.0442,2号艇のモーター2連率,-0.043,3号艇のwin_rate_rank_2to6,0.1446,3号艇のモーター2連率,0.1056,6号艇のracer_2nd_te,-0.0594,3号艇の全国勝率,0.0294,5号艇の直近平均着順,0.027,-0.0222,南西 1.2m/s,[逃げ]場特性:in_escape_diffが不利(-19.2pt)、1号艇のracer_win_teが有利(+17.9pt) / [2着]2号艇のwin_rate_rank_2to6が有利(+6.7pt)、2号艇の全国勝率が有利(+5.8pt) / [候補2]3号艇のwin_rate_rank_2to6が有利(+14.5pt)、3号艇のモーター2連率が有利(+10.6pt) / [除外]4号艇のwin_rate_rank_2to6が不利(-5.2pt)、5号艇のracer_avgfin_teが不利(-5.1pt)、天気-2.2pt
67,22,福岡,8,15:36,0.6001130177591402,2,0.49012446403699766,4,0.2845674187251794,0.4649026835979201,0.18625078044993043,0.5884411023122467,0.36099649841386444,0.5019642092122181,1-2,1-4,0.29413007119082385,0.11177151791580282,0.17077261240709624,0.016782956777865447,0.006655855555260204,True,False,False,False,予選,2026-09-03,1号艇のdominance,0.1403,1号艇のsession_exh_rel_avg,0.1297,1号艇の勝率順位,-0.0843,1号艇の年齢,-0.0829,1号艇のモーター2連率順位,-0.0643,2号艇のclass_rank_2to6,0.1049,2号艇の当地勝率,0.102,2号艇のwin_rate_rank_2to6,0.0816,6号艇のsession_rank_diff_last,-0.0698,2号艇の全国勝率,0.059,4号艇のclass_rank_2to6,0.182,4号艇のwin_rate_rank_2to6,0.17,4号艇の年齢,-0.0833,6号艇の年齢,-0.0601,4号艇のsession_exh_rel_avg,0.0578,0.0346,東 3.6m/s,[逃げ]1号艇のdominanceが有利(+14.0pt)、1号艇のsession_exh_rel_avgが有利(+13.0pt) / [2着]2号艇のclass_rank_2to6が有利(+10.5pt)、2号艇の当地勝率が有利(+10.2pt) / [候補2]4号艇のclass_rank_2to6が有利(+18.2pt)、4号艇のwin_rate_rank_2to6が有利(+17.0pt) / [除外]6号艇のwin_rate_rank_2to6が不利(-7.1pt)、2号艇のracer_2nd_teが不利(-6.7pt)、天気+3.5pt
68,02,戸田,7,13:45,0.8303482520848793,2,0.34241417834618126,3,0.23471888061311108,0.479221426727248,0.20803053734613536,0.369102521613157,0.35959019763542677,0.44618575519302067,1-2,1-3,0.28432301447883174,0.19489841224841625,0.1727377930656417,0.11465764685929566,0.0637313606863877,True,True,False,False,ウインウイン,2026-09-03,1号艇のdominance,0.391,1号艇のvs_max234_diff,0.1793,場特性:in_escape_diff,-0.1745,1号艇のracer_win_te,0.1258,1号艇の全国勝率,0.1177,2号艇のwin_rate_rank_2to6,0.0865,2号艇のclass_rank_2to6,-0.0602,2号艇の直近平均着順,-0.0529,second_best_win_rate,0.0517,2号艇のモーター2連率,-0.0487,3号艇のwin_rate_rank_2to6,-0.0782,1号艇vs3号艇の勝率差,-0.0498,3号艇のモーター2連率,-0.0488,3号艇の全国勝率,-0.0473,3号艇のcumulative_diff_rank_2to6,0.0423,0.0348,北西 0.6m/s,[逃げ]1号艇のdominanceが有利(+39.1pt)、1号艇のvs_max234_diffが有利(+17.9pt) / [2着]2号艇のwin_rate_rank_2to6が有利(+8.7pt)、2号艇のclass_rank_2to6が不利(-6.0pt) / [候補2]3号艇のwin_rate_rank_2to6が不利(-7.8pt)、1号艇vs3号艇の勝率差が不利(-5.0pt) / [除外]4号艇のwin_rate_rank_2to6が不利(-5.0pt)、天気+3.5pt
69,19,下関,5,17:17,0.5976285792242884,4,0.41741550411987266,3,0.35090735217578406,0.45917169699352045,0.18587433885444826,0.5824485174412085,0.3567538142743057,0.4961547431278268,1-4,1-3,0.11108381704383785,0.20971226232017082,0.24945943467334958,0.027056366589891256,0.00031670412810210006,True,False,False,False,シーモ戦,2026-09-03,1号艇のsession_exh_rel_avg,0.1514,1号艇のdominance,-0.1288,場特性:in_escape_diff,0.0784,1号艇vs4号艇のcumulative差,-0.0652,1号艇の全国勝率,-0.0596,4号艇のclass_rank_2to6,0.2504,4号艇のwin_rate_rank_2to6,0.2196,4号艇の節間得点,0.1368,4号艇の全国勝率,0.1007,4号艇のsession_exh_rel_avg,-0.099,3号艇の女子戦勝率,0.062,2号艇の節間得点,0.0551,3号艇の当地勝率,-0.0497,1号艇vs2号艇のcumulative差,0.0409,3号艇のwin_rate_rank_2to6,0.0404,0.0042,南東 3.4m/s,[逃げ]1号艇のsession_exh_rel_avgが有利(+15.1pt)、1号艇のdominanceが不利(-12.9pt) / [2着]4号艇のclass_rank_2to6が有利(+25.0pt)、4号艇のwin_rate_rank_2to6が有利(+22.0pt) / [候補2]3号艇の女子戦勝率が有利(+6.2pt)、2号艇の節間得点が有利(+5.5pt) / [除外]6号艇の直近平均着順が不利(-24.9pt)、6号艇のracer_win_teが不利(-15.3pt)、天気+0.4pt
70,12,住之江,5,17:01,0.6376829633993539,3,0.48622794512552614,6,0.18471756002968115,0.42785051800684915,0.14135136251633013,0.5295941426388773,0.3552778135985462,0.45837360539645755,1-3,1-6,0.09013735572994976,0.31005927693522395,0.05820633761292501,0.061488766302954995,0.11779124107162513,True,False,False,False,住之江ファイ,2026-09-03,3号艇のsession_exh_rel_avg,-0.0798,1号艇の節間得点,0.0795,風速区分,0.0754,1号艇の勝率順位,-0.0672,1号艇のdominance,-0.0621,3号艇のsession_exh_rel_avg,0.1188,3号艇のwin_rate_rank_2to6,0.0764,3号艇の女子戦勝率,0.051,2号艇のvs_boat3_diff,0.0439,1号艇のracer_2nd_te,0.0429,6号艇のwin_rate_rank_2to6,0.4026,6号艇のclass_rank_2to6,0.1871,6号艇のvs_avg456_diff,0.1376,2号艇のracer_win_te,0.1242,6号艇のsession_exh_rel_avg,-0.0905,0.0331,北東 0.9m/s,[逃げ]3号艇のsession_exh_rel_avgが不利(-8.0pt)、1号艇の節間得点が有利(+7.9pt) / [2着]3号艇のsession_exh_rel_avgが有利(+11.9pt)、3号艇のwin_rate_rank_2to6が有利(+7.6pt) / [候補2]6号艇のwin_rate_rank_2to6が有利(+40.3pt)、6号艇のclass_rank_2to6が有利(+18.7pt) / [除外]2号艇のwin_rate_rank_2to6が不利(-6.9pt)、5号艇のsession_exh_rel_avgが不利(-6.1pt)、天気+3.3pt
71,12,住之江,12,20:31,0.7229052351572378,2,0.3564919474951518,3,0.27465914010546744,0.45626242540167206,0.19050389660825495,0.44064719099236427,0.35195870150372993,0.4515778550788797,1-2,1-3,0.25770989513564435,0.19855253026602768,0.09759189339621092,0.13771626417596067,0.0313346292926234,False,False,False,False,予選特別Ａ戦,2026-09-03,1号艇のsession_exh_rel_avg,0.1587,1号艇の級別順位,0.0878,風速区分,0.0866,1号艇の勝率順位,-0.0776,race_no,0.0771,2号艇のwin_rate_rank_2to6,0.079,2号艇のclass_rank_2to6,-0.0559,2号艇のsession_exh_rel_avg,0.0538,2号艇のモーター2連率,0.0496,2号艇の全国勝率,0.0409,3号艇のwin_rate_rank_2to6,-0.0877,5号艇のracer_2nd_te,-0.0635,3号艇の年齢,-0.0555,3号艇のcumulative_diff_rank_2to6,0.0364,1号艇vs3号艇のcumulative差,0.0334,0.1032,北 1.0m/s,[逃げ]1号艇のsession_exh_rel_avgが有利(+15.9pt)、1号艇の級別順位が有利(+8.8pt) / [2着]2号艇のwin_rate_rank_2to6が有利(+7.9pt)、2号艇のclass_rank_2to6が不利(-5.6pt) / [候補2]3号艇のwin_rate_rank_2to6が不利(-8.8pt)、5号艇のracer_2nd_teが不利(-6.3pt) / [除外]4号艇の女子戦2連率が不利(-13.6pt)、天気+10.3pt
72,12,住之江,1,15:17,0.5717121627655226,2,0.4421434991081904,3,0.33620398251276334,0.4449907221006133,0.1751247534754298,0.6032227281455239,0.3514760534925452,0.49246032391408645,1-2,1-3,0.25277881612785946,0.19221190597275387,0.10012095156321695,0.02332731317184927,0.0032731624855198084,True,False,False,False,予選,2026-09-03,1号艇の級別順位,0.0803,1号艇の勝率順位,-0.0761,1号艇のdominance,0.0718,1号艇の直近1着率,-0.0713,1号艇の節間得点,-0.066,2号艇のwin_rate_rank_2to6,0.1998,全艇平均勝率,0.0753,second_best_win_rate,0.0588,1号艇の直近複勝率,0.0451,2号艇のcumulative_diff_rank_2to6,-0.0401,3号艇の当地勝率,-0.0605,3号艇のwin_rate_rank_2to6,0.0594,場特性:1x_diff_course3,0.0424,6号艇のsession_rank_diff_last,0.0383,3号艇の全国勝率,-0.0362,0.0426,北東 0.6m/s,[逃げ]1号艇の級別順位が有利(+8.0pt)、1号艇の勝率順位が不利(-7.6pt) / [2着]2号艇のwin_rate_rank_2to6が有利(+20.0pt)、全艇平均勝率が有利(+7.5pt) / [候補2]3号艇の当地勝率が不利(-6.0pt)、3号艇のwin_rate_rank_2to6が有利(+5.9pt) / [除外]6号艇のracer_win_teが不利(-14.3pt)、6号艇の直近平均着順が不利(-12.7pt)、天気+4.3pt
73,20,若松,5,17:07,0.4563320501118784,2,0.5812708971258247,4,0.27526335764303733,0.39086403246972473,0.08944787298880144,0.7670863817800606,0.3489096848710335,0.5037307372628255,1-2,1-4,0.26525254015579836,0.04081793125912667,0.1256114923139264,0.019971034260694947,0.00467904787240867,True,False,False,False,予選,2026-09-03,1号艇のracer_win_te,-0.0989,1号艇の級別順位,-0.094,1号艇の年齢,-0.0934,1号艇の節間得点,0.0899,節間得点の分散(2-6号艇),-0.0799,2号艇のclass_rank_2to6,0.0731,2号艇の当地勝率,0.0625,2号艇のracer_avgfin_te,0.0589,2号艇の全国勝率,0.0574,2号艇のsession_exh_rel_avg,0.0567,4号艇のwin_rate_rank_2to6,0.2036,4号艇の節間得点,0.1401,4号艇のclass_rank_2to6,0.1361,4号艇のsession_exh_rel_avg,-0.0901,4号艇の年齢,-0.0856,0.0554,南東 2.8m/s,[逃げ]1号艇のracer_win_teが不利(-9.9pt)、1号艇の級別順位が不利(-9.4pt) / [2着]2号艇のclass_rank_2to6が有利(+7.3pt)、2号艇の当地勝率が有利(+6.2pt) / [候補2]4号艇のwin_rate_rank_2to6が有利(+20.4pt)、4号艇の節間得点が有利(+14.0pt) / [除外]1号艇vs6号艇のcumulative差が不利(-9.0pt)、6号艇のwin_rate_rank_2to6が不利(-6.7pt)、天気+5.5pt
74,19,下関,4,16:47,0.7609546273784205,2,0.2954041755953415,3,0.28678723064472567,0.4430212445983289,0.1854125067300823,0.39677889950998485,0.3444512292035404,0.4291485410718257,1-2,1-3,0.22478917436618256,0.21823207023214633,0.14109050497008865,0.07218403232669575,0.1046588483180841,True,False,False,False,一般,2026-09-03,場特性:in_escape_diff,0.099,1号艇のdominance,0.0911,1号艇のracer_win_te,0.0835,1号艇のsession_exh_rel_avg,-0.0739,1号艇の節間得点,0.0624,2号艇のwin_rate_rank_2to6,-0.1388,2号艇のsession_exh_rel_avg,0.0723,2号艇の全国勝率,-0.0586,2号艇のsession_avg_finish,0.0468,2号艇のclass_rank_2to6,-0.0441,3号艇のwin_rate_rank_2to6,-0.0984,3号艇のモーター2連率,0.072,3号艇の当地勝率,-0.0493,3号艇の全国勝率,-0.0483,3号艇のsession_exh_rel_avg,0.0308,0.0365,南東 3.5m/s,[逃げ]場特性:in_escape_diffが有利(+9.9pt)、1号艇のdominanceが有利(+9.1pt) / [2着]2号艇のwin_rate_rank_2to6が不利(-13.9pt)、2号艇のsession_exh_rel_avgが有利(+7.2pt) / [候補2]3号艇のwin_rate_rank_2to6が不利(-9.8pt)、3号艇のモーター2連率が有利(+7.2pt)、天気+3.6pt
75,18,徳山,1,08:44,0.8481783817918451,4,0.3119643252883971,2,0.279867587660353,0.501979034217643,0.26317692240216495,0.3286549905465852,0.3434478774146706,0.4499818211163256,1-4,1-2,0.23737763761774558,0.22322097616802625,0.26460139659989745,0.0860632760889197,0.036915111115809605,False,False,True,False,朝トク予選,2026-09-03,1号艇のdominance,0.3159,1号艇の年齢,-0.212,場特性:in_escape_diff,0.1998,1号艇のvs_max234_diff,0.1067,5号艇の枠別出走数,-0.0829,4号艇のwin_rate_rank_2to6,0.2043,4号艇のclass_rank_2to6,-0.0871,4号艇のsession_exh_rel_avg,0.0631,1号艇vs2号艇のlocal_win_rate差,0.0594,4号艇の年齢,-0.0444,2号艇のsession_exh_rel_avg,-0.0751,2号艇の全国勝率,-0.0634,場特性:1x_diff_course2,0.0581,1号艇vs2号艇のplace_rate差,-0.0481,second_best_win_rate,0.0475,0.0816,東 1.6m/s,[逃げ]1号艇のdominanceが有利(+31.6pt)、1号艇の年齢が不利(-21.2pt) / [2着]4号艇のwin_rate_rank_2to6が有利(+20.4pt)、4号艇のclass_rank_2to6が不利(-8.7pt) / [候補2]2号艇のsession_exh_rel_avgが不利(-7.5pt)、2号艇の全国勝率が不利(-6.3pt) / [除外]6号艇のwin_rate_rank_2to6が不利(-6.7pt)、天気+8.2pt
76,08,常滑,11,15:35,0.7994412414484071,2,0.3423749501186241,4,0.27125119047002416,0.49055804361738375,0.25052516858601087,0.3631009720026374,0.3430814797232213,0.4523209221329598,1-2,1-4,0.2737086551636693,0.20028015178847203,0.21684938845371446,0.08962516954648006,0.018977872028845193,True,False,False,False,選抜戦,2026-09-03,1号艇のdominance,0.1048,風速区分,0.0827,場特性:in_escape_diff,0.0822,1号艇の級別順位,0.0794,1号艇のracer_win_te,0.0735,2号艇のwin_rate_rank_2to6,0.0706,2号艇の節間得点,0.0487,2号艇の全国勝率,0.0432,レース時間帯,-0.0412,avg_entry_count,-0.0356,4号艇のclass_rank_2to6,0.1555,4号艇のwin_rate_rank_2to6,0.1522,4号艇のsession_exh_rel_avg,-0.0713,5号艇のsession_rank_diff_delta,0.0613,4号艇のcumulative_diff_rank_2to6,-0.0555,0.0469,東 2.5m/s,[逃げ]1号艇のdominanceが有利(+10.5pt)、風速区分が有利(+8.3pt) / [2着]2号艇のwin_rate_rank_2to6が有利(+7.1pt)、2号艇の節間得点が有利(+4.9pt) / [候補2]4号艇のclass_rank_2to6が有利(+15.5pt)、4号艇のwin_rate_rank_2to6が有利(+15.2pt) / [除外]1号艇vs6号艇のcumulative差が不利(-6.9pt)、6号艇のwin_rate_rank_2to6が不利(-6.3pt)、天気+4.7pt
77,13,尼崎,4,12:04,0.5646081557046816,2,0.551000229378995,5,0.16455250965696283,0.4040069122965254,0.1269290249643602,0.5886237140715975,0.3424706681485337,0.459391952829047,1-2,1-5,0.31109922330253087,0.04368077429331071,0.07166516269052091,0.0929076889939946,0.04525530642432451,True,True,False,False,予選,2026-09-03,1号艇のracer_win_te,-0.1429,1号艇の級別順位,-0.1151,1号艇の勝率順位,-0.0874,avg_entry_count,-0.0711,1号艇のvs_max234_diff,0.0654,2号艇の当地勝率,0.1252,2号艇のsession_exh_rel_avg,0.1087,2号艇の全国勝率,0.0911,3号艇のracer_win_te,0.0767,3号艇の全国勝率,-0.0696,5号艇のwin_rate_rank_2to6,0.1658,5号艇のsession_exh_rel_avg,0.0838,3号艇のsession_rank_diff_last,0.0704,3号艇の枠別平均ST,0.0701,5号艇の年齢,-0.0551,0.0491,北 1.9m/s,[逃げ]1号艇のracer_win_teが不利(-14.3pt)、1号艇の級別順位が不利(-11.5pt) / [2着]2号艇の当地勝率が有利(+12.5pt)、2号艇のsession_exh_rel_avgが有利(+10.9pt) / [候補2]5号艇のwin_rate_rank_2to6が有利(+16.6pt)、5号艇のsession_exh_rel_avgが有利(+8.4pt)、天気+4.9pt
78,19,下関,11,20:17,0.7455594558861663,2,0.36127199072062915,3,0.2988023165009168,0.49212464133653405,0.25599954552347104,0.404074761698075,0.34094421990886936,0.4657096774449963,1-2,1-3,0.2693497488285844,0.2227748925079496,0.19086288186758493,0.044273742429666016,0.018298193029806797,False,False,False,False,選抜戦,2026-09-03,1号艇のdominance,0.2577,1号艇のracer_win_te,0.1638,4号艇のモーター2連率,-0.1254,1号艇のsession_exh_rel_avg,0.1145,1号艇の全国勝率,0.0792,2号艇のsession_exh_rel_avg,-0.1157,2号艇のモーター2連率,0.0879,レース時間帯,-0.0585,2号艇のwin_rate_rank_2to6,0.0576,2号艇のclass_rank_2to6,-0.0539,3号艇のsession_exh_rel_avg,0.1338,3号艇のwin_rate_rank_2to6,-0.1234,5号艇のsession_exh_rel_avg,-0.0659,3号艇のcumulative_diff_rank_2to6,0.0502,3号艇の節間得点,0.0413,-0.0394,東 4.1m/s,[逃げ]1号艇のdominanceが有利(+25.8pt)、1号艇のracer_win_teが有利(+16.4pt) / [2着]2号艇のsession_exh_rel_avgが不利(-11.6pt)、2号艇のモーター2連率が有利(+8.8pt) / [候補2]3号艇のsession_exh_rel_avgが有利(+13.4pt)、3号艇のwin_rate_rank_2to6が不利(-12.3pt)、天気-3.9pt
79,24,大村,8,20:59,0.6563964480722071,3,0.46816204323190913,4,0.19919300946439206,0.43804948619289275,0.19437264748235328,0.47298240521394797,0.3358756801613762,0.44852936189920933,1-3,1-4,0.12758551540980792,0.3072999022996522,0.13074958389324048,0.06644018762731634,0.024321244170586155,False,False,False,False,一般,2026-09-03,場特性:in_escape_diff,0.1637,1号艇の級別順位,-0.0894,1号艇の節間得点,-0.0628,1号艇のsession_exh_rel_avg,-0.0596,1号艇のracer_win_te,-0.0583,3号艇の当地勝率,0.0868,3号艇のwin_rate_rank_2to6,0.0644,場特性:1x_diff_course3,0.0497,3号艇のsession_exh_rel_last,-0.0473,3号艇のsession_exh_rel_avg,-0.0339,4号艇のwin_rate_rank_2to6,0.1778,4号艇のclass_rank_2to6,-0.1083,4号艇のsession_exh_rel_avg,-0.1054,4号艇のcumulative_diff_rank_2to6,0.0434,6号艇のsession_exh_rel_last,0.0391,0.0402,北東 2.7m/s,[逃げ]場特性:in_escape_diffが有利(+16.4pt)、1号艇の級別順位が不利(-8.9pt) / [2着]3号艇の当地勝率が有利(+8.7pt)、3号艇のwin_rate_rank_2to6が有利(+6.4pt) / [候補2]4号艇のwin_rate_rank_2to6が有利(+17.8pt)、4号艇のclass_rank_2to6が不利(-10.8pt) / [除外]6号艇のsession_exh_rel_avgが不利(-6.9pt)、6号艇のwin_rate_rank_2to6が不利(-6.3pt)、天気+4.0pt
80,16,児島,9,15:39,0.6261040399245151,3,0.335419614752554,2,0.32694838952009353,0.4147112833918431,0.15848011661786604,0.5038878876547814,0.33584309232622206,0.4414642646707246,1-3,1-2,0.20470370752534456,0.21000757586649854,0.07367998192366697,0.09922504126215421,0.03848772401717363,True,False,False,False,これしか９じ,2026-09-03,1号艇のsession_exh_rel_avg,0.1352,1号艇の年齢,-0.1013,1号艇のdominance,0.0997,1号艇の級別順位,0.0731,1号艇の勝率順位,-0.0649,3号艇のwin_rate_rank_2to6,0.1648,3号艇のsession_exh_rel_avg,0.0877,6号艇の体重,-0.0374,3号艇のcumulative_diff_rank_2to6,0.0363,3号艇のモーター2連率,0.036,2号艇のwin_rate_rank_2to6,-0.1522,2号艇のsession_exh_rel_avg,0.0851,1号艇の年齢,0.0568,2号艇のclass_rank_2to6,-0.0472,2号艇のcumulative_diff_rank_2to6,-0.0341,0.0687,北東 2.9m/s,[逃げ]1号艇のsession_exh_rel_avgが有利(+13.5pt)、1号艇の年齢が不利(-10.1pt) / [2着]3号艇のwin_rate_rank_2to6が有利(+16.5pt)、3号艇のsession_exh_rel_avgが有利(+8.8pt) / [候補2]2号艇のwin_rate_rank_2to6が不利(-15.2pt)、2号艇のsession_exh_rel_avgが有利(+8.5pt) / [除外]6号艇のsession_exh_rel_avgが不利(-6.9pt)、天気+6.9pt
81,20,若松,10,19:39,0.6316719258350507,3,0.45092298947012543,4,0.24606870594042582,0.44027008653102,0.20083462815748204,0.49615706725306924,0.3341643115902362,0.45703618074763475,1-3,1-4,0.126861596342603,0.28483539316189244,0.15543469336912757,0.034414361774903646,0.03012587883336278,True,False,False,False,予選特賞,2026-09-03,1号艇のdominance,0.1589,1号艇の枠別出走数,-0.1476,1号艇のracer_win_te,0.1218,1号艇のsession_exh_rel_avg,0.1114,3号艇のracer_win_te,-0.091,3号艇のwin_rate_rank_2to6,0.1629,3号艇の当地勝率,0.1071,3号艇のsession_exh_rel_avg,0.0799,3号艇のclass_rank_2to6,0.0405,3号艇の全国勝率,0.0402,4号艇のclass_rank_2to6,0.1079,4号艇の年齢,-0.0764,4号艇のwin_rate_rank_2to6,0.0703,4号艇のsession_exh_rel_avg,0.0576,4号艇の節間得点,0.0513,0.0471,東 3.5m/s,[逃げ]1号艇のdominanceが有利(+15.9pt)、1号艇の枠別出走数が不利(-14.8pt) / [2着]3号艇のwin_rate_rank_2to6が有利(+16.3pt)、3号艇の当地勝率が有利(+10.7pt) / [候補2]4号艇のclass_rank_2to6が有利(+10.8pt)、4号艇の年齢が不利(-7.6pt) / [除外]2号艇のwin_rate_rank_2to6が不利(-5.2pt)、天気+4.7pt
82,09,津,9,14:50,0.6827753449937634,3,0.3143164343225998,2,0.30312570238657005,0.4215742679052898,0.17885835529639482,0.438583781412775,0.3310917716739036,0.42667712195753527,1-3,1-2,0.2069667560234672,0.21460751188182264,0.12212007524251307,0.10507505518427408,0.03400595556406364,True,True,False,False,予選,2026-09-03,1号艇のracer_win_te,0.0974,1号艇の級別順位,0.0846,風速区分,0.0803,1号艇のvs_max234_frame_diff,0.0746,3号艇の直近1着率,-0.0743,3号艇のwin_rate_rank_2to6,0.1859,4号艇のモーター出走数,-0.1729,3号艇の全国勝率,0.1554,6号艇のモーター出走数,0.0999,3号艇の当地勝率,0.0907,2号艇のwin_rate_rank_2to6,-0.1461,2号艇の当地勝率,0.0653,2号艇の全国勝率,0.0627,2号艇のclass_rank_2to6,-0.0608,2号艇のsession_exh_rel_avg,0.0564,0.1255,北 1.4m/s,[逃げ]1号艇のracer_win_teが有利(+9.7pt)、1号艇の級別順位が有利(+8.5pt) / [2着]3号艇のwin_rate_rank_2to6が有利(+18.6pt)、4号艇のモーター出走数が不利(-17.3pt) / [候補2]2号艇のwin_rate_rank_2to6が不利(-14.6pt)、2号艇の当地勝率が有利(+6.5pt) / [除外]6号艇のwin_rate_rank_2to6が不利(-6.1pt)、天気+12.5pt
83,19,下関,2,15:53,0.5671022290437177,2,0.4342461024327558,4,0.3000818170047533,0.4164389999620469,0.174489314996277,0.559838604441232,0.32924201295271227,0.4594588813058024,1-2,1-4,0.24626193264316235,0.09895327947870008,0.17017706731888457,0.04054538833013608,0.01116456391361012,True,False,False,False,一般,2026-09-03,1号艇のracer_win_te,-0.1956,1号艇のdominance,-0.1631,1号艇の年齢,0.1294,1号艇の節間得点,0.0884,1号艇の全国勝率,-0.075,2号艇のsession_exh_rel_avg,0.1283,4号艇のモーター出走数,-0.04,2号艇のracer_avgfin_te,-0.0396,3号艇のracer_win_te,0.0363,2号艇の当地勝率,-0.035,4号艇のwin_rate_rank_2to6,0.1924,4号艇のclass_rank_2to6,0.1652,4号艇の年齢,-0.0701,4号艇のモーター2連率,-0.0437,1号艇vs4号艇のcumulative差,-0.0433,-0.0533,南東 4.5m/s,[逃げ]1号艇のracer_win_teが不利(-19.6pt)、1号艇のdominanceが不利(-16.3pt) / [2着]2号艇のsession_exh_rel_avgが有利(+12.8pt)、4号艇のモーター出走数が不利(-4.0pt) / [候補2]4号艇のwin_rate_rank_2to6が有利(+19.2pt)、4号艇のclass_rank_2to6が有利(+16.5pt) / [除外]6号艇のracer_win_teが不利(-15.5pt)、6号艇のwin_rate_rank_2to6が不利(-7.6pt)、天気-5.3pt
84,09,津,4,12:13,0.5966570068163326,2,0.44167014476595035,4,0.23927913535000211,0.40629315926772064,0.16266149957812343,0.518287780537829,0.3269872538019357,0.4398915456487531,1-2,1-4,0.26352558657618824,0.09705312346253928,0.1427675726915324,0.07038299065769278,0.022927726760218255,True,True,False,False,予選,2026-09-03,風速区分,0.0912,1号艇の全国勝率,0.0882,1号艇の級別順位,0.0862,1号艇の勝率順位,-0.0805,1号艇の節間得点,-0.0731,2号艇のwin_rate_rank_2to6,-0.139,2号艇の当地勝率,0.1006,2号艇のracer_avgfin_te,0.0678,2号艇の全国勝率,0.0628,2号艇のclass_rank_2to6,-0.053,4号艇のモーター2連率,0.1427,4号艇のwin_rate_rank_2to6,0.1108,4号艇のclass_rank_2to6,-0.0943,4号艇の全国勝率,0.0905,1号艇のモーター出走数,0.0636,0.1027,北東 1.4m/s,[逃げ]風速区分が有利(+9.1pt)、1号艇の全国勝率が有利(+8.8pt) / [2着]2号艇のwin_rate_rank_2to6が不利(-13.9pt)、2号艇の当地勝率が有利(+10.1pt) / [候補2]4号艇のモーター2連率が有利(+14.3pt)、4号艇のwin_rate_rank_2to6が有利(+11.1pt) / [除外]4号艇の女子戦2連率が不利(-10.5pt)、天気+10.3pt
85,18,徳山,9,12:40,0.8582442435817693,5,0.2879230329203796,3,0.2539530670377288,0.46506204352358593,0.2501875965686087,0.29168850338949964,0.3254387376142439,0.41304998148336003,1-5,1-3,0.16482584079036736,0.2179537579250659,0.21472206457056647,0.24710828559852002,0.013634278711204782,True,True,False,False,推しトク特賞,2026-09-03,場特性:in_escape_diff,0.2346,1号艇のdominance,0.2267,1号艇のracer_win_te,0.1751,1号艇のsession_exh_rel_avg,0.0986,5号艇の節間得点,-0.0963,5号艇のwin_rate_rank_2to6,0.2405,5号艇のclass_rank_2to6,0.1376,5号艇のsession_exh_rel_avg,0.1287,5号艇の節間得点,0.0755,5号艇の年齢,0.0755,3号艇のsession_exh_rel_avg,-0.1477,3号艇の節間得点,-0.074,3号艇のwin_rate_rank_2to6,-0.0653,場特性:1x_diff_course3,0.0581,3号艇の全国勝率,0.0438,0.0474,北東 2.8m/s,[逃げ]場特性:in_escape_diffが有利(+23.5pt)、1号艇のdominanceが有利(+22.7pt) / [2着]5号艇のwin_rate_rank_2to6が有利(+24.1pt)、5号艇のclass_rank_2to6が有利(+13.8pt) / [候補2]3号艇のsession_exh_rel_avgが不利(-14.8pt)、3号艇の節間得点が不利(-7.4pt) / [除外]6号艇のwin_rate_rank_2to6が不利(-8.8pt)、win_rate_gap_top2_2to6が不利(-6.6pt)、天気+4.7pt
86,09,津,3,11:42,0.6878513638433525,3,0.32580512376856396,2,0.32167056148989226,0.4453670331604384,0.22495446964221166,0.42252121561624456,0.3251422674715604,0.43851328789718025,1-3,1-2,0.2212615344290794,0.224105498731359,0.15473523874605333,0.0728507106701607,0.014898377423031099,True,True,False,False,予選,2026-09-03,1号艇のracer_win_te,0.1304,1号艇のモーター2連率,0.0915,1号艇の級別順位,0.089,場特性:in_escape_diff,0.072,1号艇の全国勝率,0.0707,3号艇の一般戦2連率,0.0968,3号艇のwin_rate_rank_2to6,0.0891,3号艇の当地勝率,0.0819,3号艇のracer_avgfin_te,0.0561,3号艇の全国勝率,0.0448,2号艇のwin_rate_rank_2to6,-0.1384,2号艇の全国勝率,0.0625,2号艇のracer_avgfin_te,0.0591,2号艇のclass_rank_2to6,-0.0494,2号艇のsession_exh_rel_avg,0.0448,0.0614,北東 1.6m/s,[逃げ]1号艇のracer_win_teが有利(+13.0pt)、1号艇のモーター2連率が有利(+9.1pt) / [2着]3号艇の一般戦2連率が有利(+9.7pt)、3号艇のwin_rate_rank_2to6が有利(+8.9pt) / [候補2]2号艇のwin_rate_rank_2to6が不利(-13.8pt)、2号艇の全国勝率が有利(+6.3pt) / [除外]2号艇の直近1着率が不利(-6.4pt)、6号艇のwin_rate_rank_2to6が不利(-5.7pt)、天気+6.1pt
87,17,宮島,11,16:03,0.6256124846696199,2,0.36961642342142587,3,0.27190853428180906,0.40134602276629366,0.17423922346815238,0.4672857342350826,0.31742975954769714,0.42112793620693034,1-2,1-3,0.23123664903137653,0.1701093737349171,0.10900623352081597,0.08106155995554835,0.03419866376578572,True,False,False,False,予選特選,2026-09-03,1号艇の勝率順位,-0.0964,風速区分,0.0896,1号艇の級別順位,0.0868,1号艇vs2号艇のcumulative差,-0.078,1号艇のracer_win_te,0.0749,2号艇のsession_exh_rel_avg,0.1138,2号艇の体重,-0.088,2号艇の全国勝率,0.0542,1号艇vs6号艇の直近複勝率差,-0.051,3号艇の年齢,-0.0419,3号艇のwin_rate_rank_2to6,-0.15,3号艇のsession_exh_rel_avg,0.1124,3号艇のcumulative_diff_rank_2to6,-0.0648,場特性:1x_diff_course3,0.0566,3号艇の全国勝率,-0.047,0.1486,東 2.5m/s,[逃げ]1号艇の勝率順位が不利(-9.6pt)、風速区分が有利(+9.0pt) / [2着]2号艇のsession_exh_rel_avgが有利(+11.4pt)、2号艇の体重が不利(-8.8pt) / [候補2]3号艇のwin_rate_rank_2to6が不利(-15.0pt)、3号艇のsession_exh_rel_avgが有利(+11.2pt)、天気+14.9pt
88,19,下関,3,16:19,0.675252209558581,3,0.3824398387265827,2,0.23123742098853223,0.41438692557848655,0.19603638731821676,0.41764087239689823,0.31690502656771546,0.41536310962401,1-3,1-2,0.15614357945513418,0.25824334612335237,0.09883802986309478,0.029653235333428958,0.13237400369050767,True,False,False,False,一般,2026-09-03,場特性:in_escape_diff,0.0862,std_234_全国勝率,-0.0788,1号艇のracer_win_te,0.0676,4号艇のモーター2連率,-0.0619,1号艇のvs_max234_diff,0.0595,3号艇のsession_exh_rel_avg,0.0754,3号艇のwin_rate_rank_2to6,-0.064,2号艇の女子戦比率,0.0592,3号艇のモーター2連率,0.0541,5号艇のsession_exh_rel_last,-0.0486,2号艇のwin_rate_rank_2to6,-0.1217,2号艇のclass_rank_2to6,-0.06,2号艇の体重,-0.043,2号艇のsession_exh_rel_avg,-0.0375,4号艇のモーター出走数,-0.0374,-0.0035,南東 4.0m/s,[逃げ]場特性:in_escape_diffが有利(+8.6pt)、std_234_全国勝率が不利(-7.9pt) / [2着]3号艇のsession_exh_rel_avgが有利(+7.5pt)、3号艇のwin_rate_rank_2to6が不利(-6.4pt) / [候補2]2号艇のwin_rate_rank_2to6が不利(-12.2pt)、2号艇のclass_rank_2to6が不利(-6.0pt) / [除外]5号艇のracer_avgfin_teが不利(-5.0pt)、天気-0.4pt
89,10,三国,2,08:58,0.4142417171123295,2,0.5798026389036977,3,0.2625393067210261,0.34893317395132606,0.08609324912220874,0.756248696502515,0.31288422514493264,0.47112783071668274,1-2,1-3,0.24017844072572764,0.1087547332255984,0.0356634153481633,0.01995690340744667,0.009688222862222788,False,False,True,False,みくにあさガ,2026-09-03,1号艇のdominance,-0.1659,6号艇の枠別出走数,-0.1033,ST差分(6-5),0.0883,1号艇の全国勝率,-0.0709,1号艇のvs_max234_diff,-0.0626,2号艇のwin_rate_rank_2to6,0.2332,2号艇のclass_rank_2to6,0.1126,2号艇の当地勝率,0.1074,2号艇の全国勝率,0.062,std_234_全国勝率,0.0309,3号艇のモーター2連率,0.0893,3号艇のwin_rate_rank_2to6,0.0741,3号艇の当地勝率,-0.0426,3号艇のcumulative_diff_rank_2to6,0.036,2号艇の女子戦勝率,0.0329,-0.0438,南 4.9m/s,[逃げ]1号艇のdominanceが不利(-16.6pt)、6号艇の枠別出走数が不利(-10.3pt) / [2着]2号艇のwin_rate_rank_2to6が有利(+23.3pt)、2号艇のclass_rank_2to6が有利(+11.3pt) / [候補2]3号艇のモーター2連率が有利(+8.9pt)、3号艇のwin_rate_rank_2to6が有利(+7.4pt) / [除外]6号艇のwin_rate_rank_2to6が不利(-7.6pt)、天気-4.4pt
90,06,浜名湖,12,17:10,0.701863716497134,3,0.32464448992245065,2,0.3141074152964599,0.4483167861165696,0.2519156555573706,0.38683624966153995,0.31279116563025466,0.4298726251800607,1-3,1-2,0.22046059787928207,0.22785618823728757,0.17681045825330802,0.06480407651441512,0.011932383846933799,True,False,False,False,準優勝戦,2026-09-03,1号艇の女子戦比率,-0.2194,1号艇のsession_exh_rel_avg,0.121,風速区分,0.0886,1号艇のdominance,0.0878,1号艇のracer_win_te,0.0864,3号艇のwin_rate_rank_2to6,0.2084,6号艇の女子戦比率,0.1112,6号艇のracer_2nd_te,-0.0695,3号艇の節間得点,0.0582,3号艇の当地勝率,0.0494,2号艇のwin_rate_rank_2to6,-0.1392,2号艇のsession_exh_rel_avg,0.1357,2号艇の節間得点,0.0942,4号艇の女子戦比率,0.0714,2号艇のclass_rank_2to6,-0.0535,0.098,南西 0.9m/s,[逃げ]1号艇の女子戦比率が不利(-21.9pt)、1号艇のsession_exh_rel_avgが有利(+12.1pt) / [2着]3号艇のwin_rate_rank_2to6が有利(+20.8pt)、6号艇の女子戦比率が有利(+11.1pt) / [候補2]2号艇のwin_rate_rank_2to6が不利(-13.9pt)、2号艇のsession_exh_rel_avgが有利(+13.6pt) / [除外]6号艇の女子戦比率が不利(-7.9pt)、1号艇の当地勝率が不利(-7.0pt)、天気+9.8pt
91,18,徳山,11,13:49,0.574612023372264,2,0.40466007902023526,3,0.3271051101886787,0.4204810760047217,0.21864780877790627,0.5131173804310077,0.3101563569235113,0.44827196733260743,1-2,1-3,0.23252254678379763,0.18795852922092404,0.1256376598077846,0.023469750454178585,0.005023525064723315,True,True,False,False,予選,2026-09-03,場特性:in_escape_diff,0.2264,1号艇のdominance,-0.151,1号艇のracer_win_te,-0.1232,1号艇の級別順位,-0.1033,1号艇vs2号艇のcumulative差,0.0976,2号艇のsession_exh_rel_avg,0.1035,場特性:1x_diff_course2,0.072,2号艇のwin_rate_rank_2to6,0.0677,2号艇の全国勝率,0.0599,場特性:in_escape_diff,0.0455,3号艇のsession_exh_rel_avg,-0.1667,3号艇のwin_rate_rank_2to6,0.1574,1号艇vs3号艇の直近複勝率差,0.056,3号艇のclass_rank_2to6,0.0506,5号艇のsession_exh_rel_last,-0.0438,0.0793,北東 3.5m/s,[逃げ]場特性:in_escape_diffが有利(+22.6pt)、1号艇のdominanceが不利(-15.1pt) / [2着]2号艇のsession_exh_rel_avgが有利(+10.4pt)、場特性:1x_diff_course2が有利(+7.2pt) / [候補2]3号艇のsession_exh_rel_avgが不利(-16.7pt)、3号艇のwin_rate_rank_2to6が有利(+15.7pt) / [除外]6号艇のsession_exh_rel_avgが不利(-7.5pt)、6号艇のwin_rate_rank_2to6が不利(-6.1pt)、天気+7.9pt
92,12,住之江,3,16:09,0.49014085778381716,3,0.41153553589791325,2,0.34381113663225804,0.3702262659980902,0.14033515106173927,0.615011521468432,0.3078793552390514,0.4436618426391927,1-3,1-2,0.1685158854245641,0.20171038057352608,0.06878399131862245,0.03989464826202278,0.011235969551293084,True,False,False,False,予選,2026-09-03,1号艇のdominance,-0.2235,1号艇のracer_win_te,-0.1062,1号艇の級別順位,-0.0909,風速区分,0.0724,1号艇のvs_max234_diff,-0.0722,3号艇のwin_rate_rank_2to6,0.1695,3号艇の一般戦2連率,0.0846,6号艇のsession_rank_diff_delta,0.0821,場特性:1x_diff_course3,0.0472,3号艇の全国勝率,0.0349,2号艇のwin_rate_rank_2to6,0.0773,2号艇のclass_rank_2to6,0.0598,2号艇のモーター2連率,-0.0448,1号艇の直近複勝率,0.0373,avg_entry_count,-0.036,0.0761,北 0.7m/s,[逃げ]1号艇のdominanceが不利(-22.4pt)、1号艇のracer_win_teが不利(-10.6pt) / [2着]3号艇のwin_rate_rank_2to6が有利(+17.0pt)、3号艇の一般戦2連率が有利(+8.5pt) / [候補2]2号艇のwin_rate_rank_2to6が有利(+7.7pt)、2号艇のclass_rank_2to6が有利(+6.0pt) / [除外]6号艇のsession_exh_rel_avgが不利(-6.1pt)、天気+7.6pt
93,22,福岡,7,15:10,0.5441248209267606,2,0.4497150271106633,3,0.2484828506418056,0.37990679520350645,0.15894331066110368,0.5392545670913652,0.3074464226767522,0.427711126769864,1-2,1-3,0.24470110859466296,0.1352056866088435,0.03619321372239084,0.04153979736072339,0.08648500045097952,True,False,False,False,予選,2026-09-03,1号艇の年齢,-0.0882,3号艇のsession_exh_rel_avg,-0.0814,1号艇のsession_exh_rel_avg,-0.0777,1号艇のdominance,-0.0772,1号艇の級別順位,0.0658,2号艇のclass_rank_2to6,0.0819,2号艇の全国勝率,0.0588,1号艇のモーター出走数,0.0491,2号艇のwin_rate_rank_2to6,0.0485,2号艇のsession_exh_rel_avg,-0.0477,3号艇のsession_exh_rel_avg,0.1296,3号艇のwin_rate_rank_2to6,-0.1066,3号艇の全国勝率,-0.076,6号艇のracer_2nd_te,-0.0736,3号艇のracer_avgfin_te,-0.0679,0.0256,南東 2.8m/s,[逃げ]1号艇の年齢が不利(-8.8pt)、3号艇のsession_exh_rel_avgが不利(-8.1pt) / [2着]2号艇のclass_rank_2to6が有利(+8.2pt)、2号艇の全国勝率が有利(+5.9pt) / [候補2]3号艇のsession_exh_rel_avgが有利(+13.0pt)、3号艇のwin_rate_rank_2to6が不利(-10.7pt)、天気+2.6pt
94,13,尼崎,1,10:34,0.46564419665732726,3,0.6363804290495862,4,0.14378686390145906,0.36328037238451116,0.1317110046799506,0.6484562882710947,0.3058627449917865,0.44883314715048617,1-3,1-4,0.061330464965125064,0.29632685365323985,0.06695351873127135,0.03291671381925478,0.00811665112608057,False,False,True,False,朝からセンプ,2026-09-03,1号艇のdominance,-0.2384,1号艇のvs_max234_diff,-0.1225,1号艇の節間得点,0.1002,1号艇の全国勝率,-0.0794,3号艇のracer_win_te,-0.0759,3号艇のwin_rate_rank_2to6,0.2367,win_rate_gap_top2_2to6,0.0885,3号艇の全国勝率,0.0854,3号艇の節間得点,0.0832,3号艇のsession_exh_rel_avg,0.0635,4号艇のclass_rank_2to6,-0.0967,4号艇のwin_rate_rank_2to6,0.0833,1号艇vs4号艇のcumulative差,-0.0824,4号艇のsession_exh_rel_avg,0.0809,4号艇の節間得点,-0.0764,0.0412,北東 1.4m/s,[逃げ]1号艇のdominanceが不利(-23.8pt)、1号艇のvs_max234_diffが不利(-12.3pt) / [2着]3号艇のwin_rate_rank_2to6が有利(+23.7pt)、win_rate_gap_top2_2to6が有利(+8.9pt) / [候補2]4号艇のclass_rank_2to6が不利(-9.7pt)、4号艇のwin_rate_rank_2to6が有利(+8.3pt) / [除外]6号艇のwin_rate_rank_2to6が不利(-8.7pt)、2号艇のwin_rate_rank_2to6が不利(-5.1pt)、天気+4.1pt
95,16,児島,11,16:45,0.5939234906192532,3,0.3608487396210546,4,0.3531910012724444,0.4240849753523341,0.23289005508321298,0.4811496858102861,0.30556676742861233,0.44120438848971966,1-3,1-4,0.138318874445532,0.21431654302129477,0.20976843233103928,0.016085918941944003,0.015433720220040064,True,False,False,False,選抜戦,2026-09-03,1号艇のsession_exh_rel_avg,-0.1226,ST差分(4-3),-0.116,1号艇のdominance,0.1146,1号艇のracer_win_te,0.0888,1号艇の節間得点,0.0849,3号艇のsession_exh_rel_avg,0.0971,3号艇のsession_exh_rel_delta,0.0443,3号艇のモーター2連率,-0.0409,3号艇のsession_exh_rel_last,-0.0404,3号艇の節間得点,0.0386,4号艇のwin_rate_rank_2to6,0.2166,4号艇のclass_rank_2to6,0.2029,4号艇の全国勝率,0.0901,4号艇の節間得点,0.0625,4号艇のsession_exh_rel_avg,0.0467,0.1075,北東 3.2m/s,[逃げ]1号艇のsession_exh_rel_avgが不利(-12.3pt)、ST差分(4-3)が不利(-11.6pt) / [2着]3号艇のsession_exh_rel_avgが有利(+9.7pt)、3号艇のsession_exh_rel_deltaが有利(+4.4pt) / [候補2]4号艇のwin_rate_rank_2to6が有利(+21.7pt)、4号艇のclass_rank_2to6が有利(+20.3pt) / [除外]6号艇のsession_exh_rel_avgが不利(-10.5pt)、天気+10.8pt
96,20,若松,3,16:12,0.46521946969994377,3,0.4009847567264142,2,0.3624045529354847,0.35514356981551476,0.1172407759071008,0.6461485337547981,0.30517880059520847,0.4424450589972997,1-3,1-2,0.16859765393349138,0.18654591588202338,0.05454269159471138,0.04789656193549747,0.00763664375460384,True,False,False,False,予選,2026-09-03,1号艇のsession_exh_rel_avg,0.188,1号艇のracer_win_te,-0.1694,1号艇のdominance,-0.1687,1号艇の級別順位,-0.1095,1号艇の節間得点,0.0828,3号艇のwin_rate_rank_2to6,0.1961,3号艇のsession_exh_rel_avg,0.1038,3号艇の一般戦2連率,0.0725,3号艇の年齢,-0.0722,3号艇のclass_rank_2to6,0.0507,2号艇のsession_exh_rel_avg,0.1032,3号艇の女子戦2連率,-0.0426,1号艇vs2号艇の枠別勝率差,0.0383,2号艇の全国勝率,0.0377,2号艇のwin_rate_rank_2to6,-0.0358,0.027,南東 3.4m/s,[逃げ]1号艇のsession_exh_rel_avgが有利(+18.8pt)、1号艇のracer_win_teが不利(-16.9pt) / [2着]3号艇のwin_rate_rank_2to6が有利(+19.6pt)、3号艇のsession_exh_rel_avgが有利(+10.4pt) / [候補2]2号艇のsession_exh_rel_avgが有利(+10.3pt)、3号艇の女子戦2連率が不利(-4.3pt) / [除外]6号艇のsession_exh_rel_avgが不利(-6.8pt)、6号艇のwin_rate_rank_2to6が不利(-5.3pt)、天気+2.7pt
97,24,大村,5,19:30,0.5702288893746446,3,0.49447125605131087,2,0.23598448430356955,0.41652696555989716,0.2230760893228278,0.5073796510320525,0.30502631767036986,0.44378277120154375,1-3,1-2,0.1345651703940727,0.2819617951658245,0.12720443066059509,0.019204099674708874,0.007293398259046789,True,False,False,False,一般,2026-09-03,場特性:in_escape_diff,0.1903,3号艇のracer_win_te,-0.1656,3号艇のsession_exh_rel_avg,-0.1532,1号艇のsession_exh_rel_avg,0.1407,3号艇の女子戦勝率,0.1177,3号艇のwin_rate_rank_2to6,0.157,3号艇のsession_exh_rel_avg,0.1439,3号艇の当地勝率,0.1379,3号艇のracer_win_te,0.0548,3号艇のclass_rank_2to6,0.0461,4号艇のracer_2nd_te,-0.0412,場特性:1x_diff_course2,0.0353,2号艇のモーター2連率,-0.0343,6号艇のsession_rank_diff_last,-0.0329,2号艇の全国勝率,0.0299,0.0211,北東 3.1m/s,[逃げ]場特性:in_escape_diffが有利(+19.0pt)、3号艇のracer_win_teが不利(-16.6pt) / [2着]3号艇のwin_rate_rank_2to6が有利(+15.7pt)、3号艇のsession_exh_rel_avgが有利(+14.4pt) / [候補2]4号艇のracer_2nd_teが不利(-4.1pt)、場特性:1x_diff_course2が有利(+3.5pt) / [除外]6号艇のwin_rate_rank_2to6が不利(-8.1pt)、3号艇のracer_win_teが不利(-6.6pt)、天気+2.1pt
98,16,児島,6,14:03,0.7099679078645028,5,0.29715051222549793,3,0.27156360110518774,0.40376876921440263,0.20583524150127,0.3628788718294157,0.3040369586681021,0.39150179999890655,1-5,1-3,0.11747323153104755,0.1928014417288005,0.14613641577344136,0.21096732748560212,0.042589496635284406,True,True,False,False,一般,2026-09-03,1号艇のsession_exh_rel_avg,0.114,5号艇の枠別出走数,-0.0973,1号艇のracer_win_te,0.0905,ST差分(4-3),-0.0833,1号艇のdominance,0.0703,5号艇の年齢,0.1917,5号艇のsession_exh_rel_avg,-0.1408,6号艇のvs_avg456_diff,0.1219,5号艇の枠別出走数,0.1151,3号艇の年齢,0.0785,3号艇のsession_exh_rel_avg,0.155,3号艇の節間得点,-0.0847,3号艇のwin_rate_rank_2to6,-0.0745,3号艇の全国勝率,-0.0572,3号艇のracer_avgfin_te,-0.056,0.0145,北東 2.3m/s,[逃げ]1号艇のsession_exh_rel_avgが有利(+11.4pt)、5号艇の枠別出走数が不利(-9.7pt) / [2着]5号艇の年齢が有利(+19.2pt)、5号艇のsession_exh_rel_avgが不利(-14.1pt) / [候補2]3号艇のsession_exh_rel_avgが有利(+15.5pt)、3号艇の節間得点が不利(-8.5pt) / [除外]5号艇の平均STが不利(-8.7pt)、win_rate_range_1to6が不利(-7.1pt)、天気+1.4pt
99,12,住之江,4,16:33,0.3761407880463588,3,0.47454601543201586,2,0.4051130902643743,0.3308756692287954,0.07539883188915253,0.8042602738072376,0.3009385024763241,0.47289105060232806,1-3,1-2,0.15237955701993744,0.178496112208858,0.02836057604456076,0.011429444584056727,0.005475088380310486,True,False,False,False,予選,2026-09-03,1号艇のdominance,-0.2779,1号艇のracer_win_te,-0.1879,1号艇の年齢,-0.1376,1号艇の級別順位,-0.0947,3号艇のsession_exh_rel_avg,-0.0818,3号艇のsession_exh_rel_avg,0.1454,3号艇のwin_rate_rank_2to6,0.0715,3号艇の当地勝率,-0.0618,風向(度),0.051,場特性:1x_diff_course3,0.0505,2号艇のwin_rate_rank_2to6,0.2218,2号艇のclass_rank_2to6,0.067,2号艇のsession_exh_rel_avg,-0.0645,2号艇の当地勝率,-0.0376,2号艇の全国勝率,0.0374,0.0792,北 1.0m/s,[逃げ]1号艇のdominanceが不利(-27.8pt)、1号艇のracer_win_teが不利(-18.8pt) / [2着]3号艇のsession_exh_rel_avgが有利(+14.5pt)、3号艇のwin_rate_rank_2to6が有利(+7.2pt) / [候補2]2号艇のwin_rate_rank_2to6が有利(+22.2pt)、2号艇のclass_rank_2to6が有利(+6.7pt) / [除外]6号艇のwin_rate_rank_2to6が不利(-7.0pt)、5号艇のracer_avgfin_teが不利(-5.5pt)、天気+7.9pt
100,08,常滑,9,14:31,0.7425378777929841,3,0.30549324820656387,2,0.26171398526906425,0.4211728554138226,0.24245403616312508,0.3247531973125031,0.2986347849529071,0.39224695798342674,1-3,1-2,0.19433254721043527,0.22684030820338727,0.11913828163947784,0.1800313054749103,0.022195434573231074,True,True,False,False,一般特選,2026-09-03,1号艇のdominance,0.2152,ST差分(4-3),-0.085,1号艇の勝率順位,0.0762,場特性:in_escape_diff,0.0708,1号艇のlocal_win_rate順位,0.0701,3号艇のwin_rate_rank_2to6,-0.106,3号艇の年齢,-0.0794,3号艇の全国勝率,-0.059,3号艇のsession_exh_rel_avg,0.0576,3号艇の当地勝率,-0.053,2号艇の全国勝率,-0.0613,second_best_win_rate,0.0434,2号艇の直近平均着順,-0.0412,2号艇のracer_avgfin_te,-0.0393,2号艇の当地勝率,-0.0362,0.0293,東 2.5m/s,[逃げ]1号艇のdominanceが有利(+21.5pt)、ST差分(4-3)が不利(-8.5pt) / [2着]3号艇のwin_rate_rank_2to6が不利(-10.6pt)、3号艇の年齢が不利(-7.9pt) / [候補2]2号艇の全国勝率が不利(-6.1pt)、second_best_win_rateが有利(+4.3pt) / [除外]6号艇のwin_rate_rank_2to6が不利(-10.3pt)、6号艇の直近平均着順が不利(-9.3pt)、天気+2.9pt
101,24,大村,2,18:08,0.5654506748931314,3,0.3969285951654705,2,0.2520948066787836,0.3669907205942695,0.16654325797596242,0.4824801438682917,0.2936469242886106,0.40163754757647613,1-3,1-2,0.14254717857357166,0.22444354202069783,0.09417199762140883,0.04682915788700088,0.05745879879045216,True,False,False,False,一般,2026-09-03,5号艇の枠別出走数,-0.1515,場特性:in_escape_diff,0.1473,1号艇のdominance,-0.0809,1号艇の節間得点,0.0797,1号艇の全国勝率,-0.0779,2号艇の直近複勝率,0.07,3号艇のwin_rate_rank_2to6,-0.0636,場特性:1x_diff_course3,0.0509,3号艇のcumulative_diff_rank_2to6,-0.0469,3号艇の全国勝率,-0.0451,2号艇のwin_rate_rank_2to6,-0.2183,2号艇の全国勝率,-0.1641,3号艇の直近平均着順,0.0845,2号艇のsession_avg_finish,-0.0678,2号艇の節間得点,-0.0613,0.0325,東 3.8m/s,[逃げ]5号艇の枠別出走数が不利(-15.1pt)、場特性:in_escape_diffが有利(+14.7pt) / [2着]2号艇の直近複勝率が有利(+7.0pt)、3号艇のwin_rate_rank_2to6が不利(-6.4pt) / [候補2]2号艇のwin_rate_rank_2to6が不利(-21.8pt)、2号艇の全国勝率が不利(-16.4pt)、天気+3.3pt
102,13,尼崎,2,11:07,0.479721675760979,2,0.478306254142134,5,0.27814173716152013,0.36288449801421546,0.1622820782853025,0.5941659130183516,0.2922169173958967,0.43226892251545623,1-2,1-5,0.22945387776402124,0.0778502305409997,0.037329672818329725,0.1334306202501942,0.001657270254759611,True,True,False,False,予選,2026-09-03,1号艇のracer_win_te,-0.1393,1号艇のsession_exh_rel_avg,-0.1095,1号艇のdominance,-0.0997,1号艇のvs_max234_diff,0.086,1号艇の級別順位,-0.0837,2号艇のsession_exh_rel_avg,0.169,2号艇の節間得点,0.0729,2号艇のモーター2連率,0.0606,2号艇のwin_rate_rank_2to6,-0.0416,2号艇のsession_avg_finish,0.0372,5号艇のwin_rate_rank_2to6,0.2489,5号艇のclass_rank_2to6,0.1759,5号艇のsession_exh_rel_avg,0.089,5号艇のモーター2連率,0.0802,5号艇のcumulative_diff_rank_2to6,0.0624,0.0438,北東 1.4m/s,[逃げ]1号艇のracer_win_teが不利(-13.9pt)、1号艇のsession_exh_rel_avgが不利(-11.0pt) / [2着]2号艇のsession_exh_rel_avgが有利(+16.9pt)、2号艇の節間得点が有利(+7.3pt) / [候補2]5号艇のwin_rate_rank_2to6が有利(+24.9pt)、5号艇のclass_rank_2to6が有利(+17.6pt) / [除外]6号艇の全国勝率が不利(-15.0pt)、6号艇の直近平均着順が不利(-11.7pt)、天気+4.4pt
103,17,宮島,9,14:57,0.4640027641867639,2,0.4500006027129435,3,0.2685080568009076,0.3333900041065533,0.10995037046146788,0.6085582890523833,0.2894023787549543,0.4159404895903023,1-2,1-3,0.20880152354451556,0.12458848056203774,0.05038056406544142,0.051017275817479814,0.029214913283109357,True,True,False,False,予選,2026-09-03,1号艇のsession_exh_rel_avg,0.1376,風速区分,0.074,1号艇のsession_avg_finish,-0.0716,1号艇の勝率順位,-0.0664,2号艇のsession_exh_rel_avg,-0.059,2号艇のsession_exh_rel_avg,0.1069,2号艇の体重,-0.0548,2号艇のclass_rank_2to6,-0.051,2号艇の全国勝率,0.0473,3号艇の全国勝率,-0.0421,3号艇のwin_rate_rank_2to6,-0.1464,場特性:1x_diff_course3,0.0722,3号艇のracer_2nd_te,-0.0597,3号艇のモーター2連率,0.0482,3号艇のcumulative_diff_rank_2to6,-0.0447,0.0927,東 2.5m/s,[逃げ]1号艇のsession_exh_rel_avgが有利(+13.8pt)、風速区分が有利(+7.4pt) / [2着]2号艇のsession_exh_rel_avgが有利(+10.7pt)、2号艇の体重が不利(-5.5pt) / [候補2]3号艇のwin_rate_rank_2to6が不利(-14.6pt)、場特性:1x_diff_course3が有利(+7.2pt) / [除外]6号艇のsession_exh_rel_avgが不利(-6.2pt)、2号艇のracer_2nd_teが不利(-5.3pt)、天気+9.3pt
104,09,津,2,11:12,0.6408961185142183,2,0.33325912868277463,3,0.29908491681739235,0.4052668443266353,0.2500470563820812,0.3822969891180858,0.28366390655887896,0.3983758877640704,1-2,1-3,0.21358448203222066,0.19168236229441463,0.16025418788118173,0.060396236781811906,0.014978855493399657,True,True,False,False,予選,2026-09-03,1号艇のracer_win_te,0.0897,風速区分,0.0755,1号艇の級別順位,0.0744,1号艇の節間得点,-0.0707,場特性:in_escape_diff,0.068,2号艇の全国勝率,0.0716,2号艇のclass_rank_2to6,-0.0461,2号艇の直近平均着順,0.0445,2号艇のsession_exh_rel_avg,0.0437,1号艇vs2号艇のlocal_win_rate差,-0.0409,3号艇のwin_rate_rank_2to6,-0.1014,3号艇のcumulative_diff_rank_2to6,0.0575,3号艇の当地勝率,0.0525,3号艇のracer_2nd_te,0.0501,4号艇の直近複勝率,0.0473,0.093,北東 1.9m/s,[逃げ]1号艇のracer_win_teが有利(+9.0pt)、風速区分が有利(+7.6pt) / [2着]2号艇の全国勝率が有利(+7.2pt)、2号艇のclass_rank_2to6が不利(-4.6pt) / [候補2]3号艇のwin_rate_rank_2to6が不利(-10.1pt)、3号艇のcumulative_diff_rank_2to6が有利(+5.8pt) / [除外]6号艇のwin_rate_rank_2to6が不利(-6.7pt)、2号艇の直近1着率が不利(-6.5pt)、天気+9.3pt
105,09,津,7,13:46,0.5083584223021688,2,0.36763784228961055,3,0.3286183639829884,0.3539477065388318,0.16626752463653838,0.5299886816360606,0.283327695718442,0.4067599990680004,1-2,1-3,0.18689179348491997,0.16705591305391182,0.08452349650431763,0.0460104753380104,0.02387674108033495,True,True,False,False,予選,2026-09-03,1号艇のracer_win_te,0.0751,1号艇の節間得点,-0.0744,1号艇の級別順位,0.0721,1号艇の勝率順位,-0.0698,1号艇の全国勝率,0.0695,2号艇のwin_rate_rank_2to6,-0.1331,2号艇のracer_avgfin_te,0.0703,1号艇vs2号艇の枠別勝率差,0.067,2号艇の全国勝率,0.0613,2号艇のclass_rank_2to6,-0.0476,3号艇の当地勝率,0.1095,6号艇のracer_2nd_te,-0.0645,3号艇のwin_rate_rank_2to6,-0.0612,3号艇の全国勝率,0.0583,4号艇の直近複勝率,0.0431,0.0539,北 1.6m/s,[逃げ]1号艇のracer_win_teが有利(+7.5pt)、1号艇の節間得点が不利(-7.4pt) / [2着]2号艇のwin_rate_rank_2to6が不利(-13.3pt)、2号艇のracer_avgfin_teが有利(+7.0pt) / [候補2]3号艇の当地勝率が有利(+11.0pt)、6号艇のracer_2nd_teが不利(-6.4pt)、天気+5.4pt
106,20,若松,12,20:38,0.4508869379517832,3,0.37933773257003534,2,0.3759194198425717,0.3405355848175036,0.1489871381127635,0.6062700142998435,0.2796530781684843,0.4202559136622056,1-3,1-2,0.16949715612942798,0.17103842868807564,0.06717635449786336,0.03761299728694831,0.005562008278167463,False,False,False,False,一般特選,2026-09-03,3号艇の枠別出走数,-0.1602,3号艇のracer_win_te,-0.1268,race_no,0.096,1号艇の級別順位,0.0865,1号艇のracer_win_te,0.0774,3号艇のwin_rate_rank_2to6,0.1445,3号艇のsession_exh_rel_avg,0.1336,3号艇の年齢,-0.0687,3号艇の枠別出走数,-0.0512,3号艇のsession_exh_rel_last,0.0377,2号艇のwin_rate_rank_2to6,0.0745,2号艇のcumulative_diff_rank_2to6,-0.0368,1号艇の体重,-0.0333,1号艇の年齢,0.0307,2号艇の全国勝率,0.0305,-0.0061,東 4.1m/s,[逃げ]3号艇の枠別出走数が不利(-16.0pt)、3号艇のracer_win_teが不利(-12.7pt) / [2着]3号艇のwin_rate_rank_2to6が有利(+14.4pt)、3号艇のsession_exh_rel_avgが有利(+13.4pt) / [候補2]2号艇のwin_rate_rank_2to6が有利(+7.4pt)、2号艇のcumulative_diff_rank_2to6が不利(-3.7pt) / [除外]local_win_rateの分散(2-6号艇)が不利(-6.8pt)、6号艇のsession_exh_rel_avgが不利(-5.8pt)、天気-0.6pt
107,22,福岡,9,16:01,0.6204799823239306,2,0.33054549138238454,3,0.2613345792496606,0.36724973576365816,0.2037712511192657,0.38810881951277937,0.27744781000792174,0.3735074608883945,1-2,1-3,0.20509686065019692,0.16215287511346124,0.06330635489990188,0.06348791167923146,0.12643598229260722,True,False,False,False,予選特賞,2026-09-03,1号艇のvs_max234_diff,0.0737,1号艇の級別順位,0.0717,1号艇vs5号艇の級別差,0.0705,1号艇vs4号艇のlocal_win_rate差,0.0589,2号艇のモーター2連率,-0.0584,2号艇のwin_rate_rank_2to6,-0.1274,2号艇のモーター2連率,0.1157,2号艇の全国勝率,-0.082,2号艇のsession_exh_rel_avg,0.0788,1号艇vs2号艇のplace_rate差,-0.0612,6号艇の直近1着率,-0.1249,場特性:1x_diff_course3,0.0562,3号艇のcumulative_diff_rank_2to6,-0.049,3号艇のwin_rate_rank_2to6,0.0478,3号艇のsession_exh_rel_avg,-0.0364,-0.0036,南東 3.2m/s,[逃げ]1号艇のvs_max234_diffが有利(+7.4pt)、1号艇の級別順位が有利(+7.2pt) / [2着]2号艇のwin_rate_rank_2to6が不利(-12.7pt)、2号艇のモーター2連率が有利(+11.6pt) / [候補2]6号艇の直近1着率が不利(-12.5pt)、場特性:1x_diff_course3が有利(+5.6pt) / [除外]5号艇のsession_exh_rel_avgが不利(-5.3pt)、4号艇のwin_rate_rank_2to6が不利(-5.1pt)、天気-0.4pt
108,16,児島,2,11:58,0.43783974924690683,4,0.5089440844453144,5,0.24782865129413767,0.33134518485305736,0.13942784017512572,0.6173448955643264,0.2759066926812699,0.41714509806643807,1-4,1-5,0.06104705058031484,0.037639050819794566,0.222835950314233,0.10850923453882434,0.007808458916039647,True,True,False,False,一般,2026-09-03,4号艇のsession_exh_rel_avg,-0.1644,ST差分(4-3),-0.136,1号艇のracer_win_te,-0.1307,4号艇のsession_exh_rel_last,-0.129,1号艇の級別順位,0.1038,4号艇のsession_exh_rel_avg,0.162,4号艇のwin_rate_rank_2to6,0.1554,4号艇の節間得点,0.0623,2号艇の枠別出走数,0.0616,場特性:1x_diff_course4,0.0595,5号艇のwin_rate_rank_2to6,0.2022,1号艇の体重,0.2021,6号艇の年齢,0.1757,mean_234_全国勝率,0.0851,5号艇のclass_rank_2to6,-0.0687,0.0294,東 2.5m/s,[逃げ]4号艇のsession_exh_rel_avgが不利(-16.4pt)、ST差分(4-3)が不利(-13.6pt) / [2着]4号艇のsession_exh_rel_avgが有利(+16.2pt)、4号艇のwin_rate_rank_2to6が有利(+15.5pt) / [候補2]5号艇のwin_rate_rank_2to6が有利(+20.2pt)、1号艇の体重が有利(+20.2pt) / [除外]6号艇の直近平均着順が不利(-9.1pt)、6号艇のwin_rate_rank_2to6が不利(-7.8pt)、天気+2.9pt
109,17,宮島,7,13:56,0.568358075451647,3,0.3844209616434555,5,0.2327912327742957,0.35079753496456084,0.17978428131876711,0.4374279130989841,0.27511607571016244,0.3767866484048878,1-3,1-5,0.10218184812679196,0.21848875792294578,0.10088677781642477,0.13230877704161506,0.014491896017504686,True,True,False,False,予選,2026-09-03,2号艇の枠別出走数,-0.1227,1号艇のdominance,0.1173,1号艇のsession_exh_rel_avg,0.1034,風速区分,0.0813,1号艇の節間得点,-0.0548,3号艇のsession_exh_rel_avg,-0.212,3号艇のwin_rate_rank_2to6,0.0594,2号艇のvs_boat3_diff,0.0505,3号艇の節間得点,-0.05,場特性:1x_diff_course3,0.0497,5号艇のwin_rate_rank_2to6,0.2616,5号艇のclass_rank_2to6,0.1527,5号艇のsession_exh_rel_avg,-0.134,2号艇の枠別出走数,0.1276,5号艇の年齢,-0.1262,0.0674,東 2.5m/s,[逃げ]2号艇の枠別出走数が不利(-12.3pt)、1号艇のdominanceが有利(+11.7pt) / [2着]3号艇のsession_exh_rel_avgが不利(-21.2pt)、3号艇のwin_rate_rank_2to6が有利(+5.9pt) / [候補2]5号艇のwin_rate_rank_2to6が有利(+26.2pt)、5号艇のclass_rank_2to6が有利(+15.3pt) / [除外]6号艇のwin_rate_rank_2to6が不利(-6.9pt)、2号艇のwin_rate_rank_2to6が不利(-5.8pt)、天気+6.7pt
110,17,宮島,8,14:27,0.5778686709435286,2,0.38429962169289955,4,0.2412970722370469,0.3615127300679636,0.20255740464217753,0.4230392892877689,0.27364023365075385,0.37997069783390514,1-2,1-4,0.2220747116317767,0.11705157821034565,0.1394380184361869,0.07875939265096872,0.020544972166979182,True,True,False,False,予選,2026-09-03,1号艇のracer_win_te,-0.1514,1号艇の全国勝率,-0.0818,1号艇の級別順位,0.0764,風速区分,0.0753,1号艇のdominance,0.0716,2号艇の全国勝率,-0.0724,ST差分(3-2),-0.0705,3号艇のracer_win_te,0.0678,2号艇のsession_exh_rel_avg,0.0617,3号艇のracer_2nd_te,0.0535,4号艇のclass_rank_2to6,-0.089,4号艇のsession_exh_rel_avg,-0.0883,4号艇のwin_rate_rank_2to6,0.0874,4号艇の節間得点,-0.0865,3号艇の枠別平均ST,-0.0599,0.0781,東 2.5m/s,[逃げ]1号艇のracer_win_teが不利(-15.1pt)、1号艇の全国勝率が不利(-8.2pt) / [2着]2号艇の全国勝率が不利(-7.2pt)、ST差分(3-2)が不利(-7.0pt) / [候補2]4号艇のclass_rank_2to6が不利(-8.9pt)、4号艇のsession_exh_rel_avgが不利(-8.8pt) / [除外]6号艇のracer_win_teが不利(-14.5pt)、6号艇のwin_rate_rank_2to6が不利(-7.1pt)、天気+7.8pt
111,02,戸田,5,12:44,0.4429282254668459,4,0.4269422540112291,3,0.34139075107637384,0.34031637451106106,0.16352042648372545,0.6048125786038775,0.27353796007172837,0.41966523573890596,1-4,1-3,0.07242781233001834,0.15121159956505198,0.18910477494600908,0.02351385050177706,0.006670181523844579,True,True,False,False,ウインウイン,2026-09-03,場特性:in_escape_diff,-0.1822,1号艇のdominance,-0.0843,1号艇のracer_win_te,0.0793,4号艇のracer_win_te,-0.0736,1号艇の節間得点,-0.0712,4号艇のwin_rate_rank_2to6,0.2575,4号艇のclass_rank_2to6,0.2303,4号艇のracer_win_te,0.092,4号艇の全国勝率,0.0905,6号艇の平均ST,-0.0743,3号艇のモーター2連率,0.0932,3号艇のwin_rate_rank_2to6,0.0727,3号艇のcumulative_diff_rank_2to6,0.0414,3号艇の当地勝率,-0.04,6号艇のracer_win_te,0.0382,0.0346,南西 0.8m/s,[逃げ]場特性:in_escape_diffが不利(-18.2pt)、1号艇のdominanceが不利(-8.4pt) / [2着]4号艇のwin_rate_rank_2to6が有利(+25.8pt)、4号艇のclass_rank_2to6が有利(+23.0pt) / [候補2]3号艇のモーター2連率が有利(+9.3pt)、3号艇のwin_rate_rank_2to6が有利(+7.3pt) / [除外]6号艇の直近平均着順が不利(-9.4pt)、6号艇のwin_rate_rank_2to6が不利(-9.2pt)、天気+3.5pt
112,02,戸田,12,16:30,0.6206009876347814,4,0.31140734600215825,3,0.30493714527473886,0.3825040000096993,0.24270901355224322,0.37363547772465394,0.2710993977831297,0.3798434433241856,1-4,1-3,0.1506254535183857,0.18924429352403377,0.1932597064856655,0.05605578512013498,0.03141575361039916,True,False,False,False,戸田選抜戦,2026-09-03,場特性:in_escape_diff,-0.2097,1号艇のracer_win_te,0.205,race_no,0.161,風速区分,0.0934,1号艇の勝率順位,-0.0826,4号艇のwin_rate_rank_2to6,0.126,4号艇の全国勝率,0.1148,1号艇の枠別出走数,0.0959,4号艇のモーター2連率,0.0909,4号艇のclass_rank_2to6,-0.0831,3号艇のwin_rate_rank_2to6,-0.1094,3号艇の当地勝率,0.0968,1号艇vs2号艇のlocal_win_rate差,-0.0654,3号艇のcumulative_diff_rank_2to6,0.0548,3号艇のモーター2連率,0.0546,0.1388,北 0.8m/s,[逃げ]場特性:in_escape_diffが不利(-21.0pt)、1号艇のracer_win_teが有利(+20.5pt) / [2着]4号艇のwin_rate_rank_2to6が有利(+12.6pt)、4号艇の全国勝率が有利(+11.5pt) / [候補2]3号艇のwin_rate_rank_2to6が不利(-10.9pt)、3号艇の当地勝率が有利(+9.7pt) / [除外]6号艇の女子戦2連率が不利(-7.4pt)、天気+13.9pt
113,19,下関,6,17:48,0.4571814746849716,3,0.48725736358348337,5,0.23735062128291023,0.3312773470897234,0.15874226708464198,0.5658657177817515,0.2681720865567532,0.4016538582973318,1-3,1-5,0.07257402376059224,0.2227650400342083,0.049430394016225086,0.10851230705551511,0.003899712586023154,True,False,False,False,一般,2026-09-03,1号艇のdominance,-0.2174,5号艇の枠別出走数,-0.0844,場特性:in_escape_diff,0.0782,6号艇のvs_avg456_diff,-0.07,1号艇の級別順位,-0.0679,3号艇のモーター2連率,0.0945,3号艇のsession_exh_rel_avg,0.0918,3号艇のwin_rate_rank_2to6,0.0609,3号艇の当地勝率,-0.0596,5号艇の直近平均着順,0.0572,5号艇の年齢,0.1937,6号艇のvs_avg456_diff,0.163,5号艇の枠別出走数,0.128,ST差分(5-4),0.127,6号艇のracer_avgfin_te,0.0871,-0.0667,東 4.3m/s,[逃げ]1号艇のdominanceが不利(-21.7pt)、5号艇の枠別出走数が不利(-8.4pt) / [2着]3号艇のモーター2連率が有利(+9.5pt)、3号艇のsession_exh_rel_avgが有利(+9.2pt) / [候補2]5号艇の年齢が有利(+19.4pt)、6号艇のvs_avg456_diffが有利(+16.3pt) / [除外]5号艇の直近平均着順が不利(-37.2pt)、win_rate_range_1to6が不利(-11.2pt)、天気-6.7pt
114,16,児島,8,15:07,0.5835647752327082,3,0.34016440905663897,2,0.2670853548839822,0.3543695720041237,0.20410044297125834,0.4031493209693628,0.2675771880582315,0.3690034966936954,1-3,1-2,0.1558616050908192,0.19850796691330455,0.11910582912741856,0.10635153108355637,0.003737839213200219,True,False,False,False,一般,2026-09-03,2号艇のsession_exh_rel_avg,-0.1619,1号艇のsession_rank_diff_delta,0.0949,1号艇のsession_exh_rel_avg,0.0923,1号艇のvs_max234_diff,0.0714,1号艇のdominance,0.0712,1号艇のsession_rank_diff_delta,-0.1767,1号艇のsession_rank_diff_last,0.0845,3号艇のwin_rate_rank_2to6,0.0701,3号艇のcumulative_diff_rank_2to6,-0.0497,3号艇の全国勝率,0.0428,2号艇のwin_rate_rank_2to6,-0.1418,2号艇のsession_exh_rel_avg,0.1382,2号艇の全国勝率,-0.063,5号艇の年齢,-0.059,6号艇のsession_exh_rel_last,-0.0487,0.0513,北東 2.8m/s,[逃げ]2号艇のsession_exh_rel_avgが不利(-16.2pt)、1号艇のsession_rank_diff_deltaが有利(+9.5pt) / [2着]1号艇のsession_rank_diff_deltaが不利(-17.7pt)、1号艇のsession_rank_diff_lastが有利(+8.5pt) / [候補2]2号艇のwin_rate_rank_2to6が不利(-14.2pt)、2号艇のsession_exh_rel_avgが有利(+13.8pt) / [除外]5号艇の直近平均着順が不利(-39.5pt)、ST差分(6-5)が不利(-9.7pt)、天気+5.1pt
115,02,戸田,10,15:21,0.7085989632070158,4,0.2795887124034301,3,0.2292376252322895,0.36055381530109387,0.21922771476737674,0.28959862286834287,0.2657017485261527,0.3392672575712685,1-4,1-3,0.15447947678870277,0.16243754356763876,0.19811627173345506,0.15534453139040652,0.03822114764602317,True,False,False,False,戸田特賞,2026-09-03,1号艇のdominance,0.2358,場特性:in_escape_diff,-0.1681,1号艇の勝率順位,0.0943,風速区分,0.0931,1号艇の年齢,0.0877,4号艇のclass_rank_2to6,0.1348,4号艇のモーター2連率,0.1224,4号艇のwin_rate_rank_2to6,0.1102,4号艇の年齢,-0.0718,4号艇のcumulative_diff_rank_2to6,0.0519,3号艇のwin_rate_rank_2to6,-0.0977,3号艇のcumulative_diff_rank_2to6,0.0486,3号艇のモーター2連率,-0.0356,3号艇の全国勝率,-0.0347,1号艇vs2号艇のplace_rate差,0.0302,0.1326,北西 1.1m/s,[逃げ]1号艇のdominanceが有利(+23.6pt)、場特性:in_escape_diffが不利(-16.8pt) / [2着]4号艇のclass_rank_2to6が有利(+13.5pt)、4号艇のモーター2連率が有利(+12.2pt) / [候補2]3号艇のwin_rate_rank_2to6が不利(-9.8pt)、3号艇のcumulative_diff_rank_2to6が有利(+4.9pt) / [除外]2号艇のwin_rate_rank_2to6が不利(-5.8pt)、1号艇vs6号艇の枠別平均ST差が不利(-5.7pt)、天気+13.3pt
116,08,常滑,4,12:01,0.4449804272449402,2,0.5618669077266141,4,0.1532015881469592,0.31819148480321935,0.14230946916139608,0.5727590267121772,0.26385349125039226,0.39456174737590666,1-2,1-4,0.2500197766549821,0.06332492838843867,0.06817170814823727,0.056874423313431496,0.006589587838908491,True,True,False,False,一般,2026-09-03,5号艇の枠別出走数,-0.0884,3号艇の枠別出走数,-0.0834,1号艇のdominance,-0.0799,1号艇の節間得点,0.0684,1号艇の一般戦勝率,0.0655,2号艇のwin_rate_rank_2to6,0.1989,2号艇のclass_rank_2to6,0.0863,2号艇の全国勝率,0.053,2号艇の一般戦勝率,-0.0515,勝率の分散(2-6号艇),0.0446,4号艇のclass_rank_2to6,0.1057,4号艇のsession_exh_rel_avg,-0.1034,4号艇の節間得点,-0.0798,4号艇のwin_rate_rank_2to6,0.0613,3号艇の枠別平均ST,-0.0545,-0.0122,東 2.5m/s,[逃げ]5号艇の枠別出走数が不利(-8.8pt)、3号艇の枠別出走数が不利(-8.3pt) / [2着]2号艇のwin_rate_rank_2to6が有利(+19.9pt)、2号艇のclass_rank_2to6が有利(+8.6pt) / [候補2]4号艇のclass_rank_2to6が有利(+10.6pt)、4号艇のsession_exh_rel_avgが不利(-10.3pt) / [除外]6号艇の女子戦2連率が不利(-8.7pt)、ST差分(6-5)が不利(-6.2pt)、天気-1.2pt
117,13,尼崎,9,14:41,0.559914955916496,5,0.32052532492949404,4,0.31348540142679887,0.35499208789836934,0.22138994371464318,0.4126207826416497,0.26068207386761294,0.3722806963213534,1-5,1-4,0.07469807228302264,0.12395954057533996,0.17552516472035112,0.1794669231780182,0.006265258027801947,True,True,False,False,予選特賞,2026-09-03,1号艇のdominance,-0.1547,avg_entry_count,-0.0923,5号艇の節間得点,-0.0762,風速区分,0.0723,場特性:in_escape_diff,0.0662,5号艇のwin_rate_rank_2to6,0.2514,5号艇のclass_rank_2to6,0.1925,1号艇の女子戦2連率,0.1121,5号艇の年齢,-0.0823,5号艇のracer_avgfin_te,0.08,4号艇のclass_rank_2to6,-0.0897,4号艇のwin_rate_rank_2to6,0.0886,5号艇のrecent_4to6_rate,0.0841,2号艇の枠別出走数,0.0763,3号艇の年齢,0.0682,0.0198,北東 1.4m/s,[逃げ]1号艇のdominanceが不利(-15.5pt)、avg_entry_countが不利(-9.2pt) / [2着]5号艇のwin_rate_rank_2to6が有利(+25.1pt)、5号艇のclass_rank_2to6が有利(+19.3pt) / [候補2]4号艇のclass_rank_2to6が不利(-9.0pt)、4号艇のwin_rate_rank_2to6が有利(+8.9pt) / [除外]6号艇のsession_exh_rel_avgが不利(-7.7pt)、2号艇のwin_rate_rank_2to6が不利(-6.2pt)、天気+2.0pt
118,10,三国,11,13:36,0.4828245943434944,2,0.385176741936458,3,0.2883388883354161,0.3251899109700206,0.16741707484958523,0.5060985554222889,0.25985909857178313,0.37946250430570105,1-2,1-3,0.18597280417601916,0.1392171067940014,0.08083308125042543,0.06662488434346996,0.010176724974225542,True,True,False,False,記者特選,2026-09-03,1号艇の年齢,0.0896,レース時間帯,0.0877,1号艇の級別順位,-0.0788,1号艇のracer_win_te,-0.0733,1号艇の全国勝率,-0.0614,2号艇の当地勝率,0.08,2号艇のwin_rate_rank_2to6,0.0626,2号艇のsession_exh_rel_avg,0.0475,2号艇の全国勝率,0.0432,2号艇のモーター2連率,-0.035,3号艇のwin_rate_rank_2to6,-0.0988,3号艇のcumulative_diff_rank_2to6,0.0461,3号艇の当地勝率,0.0423,1号艇vs5号艇の直近複勝率差,-0.036,場特性:1x_diff_course3,-0.0319,0.0734,南 3.2m/s,[逃げ]1号艇の年齢が有利(+9.0pt)、レース時間帯が有利(+8.8pt) / [2着]2号艇の当地勝率が有利(+8.0pt)、2号艇のwin_rate_rank_2to6が有利(+6.3pt) / [候補2]3号艇のwin_rate_rank_2to6が不利(-9.9pt)、3号艇のcumulative_diff_rank_2to6が有利(+4.6pt) / [除外]6号艇のwin_rate_rank_2to6が不利(-7.6pt)、6号艇のvs_avg456_diffが不利(-5.8pt)、天気+7.3pt
119,24,大村,6,19:56,0.6733618183662106,2,0.29513835067421523,3,0.29190877353790956,0.395295119026131,0.28607871005477353,0.30096841415735126,0.25959249773579857,0.3669971075654971,1-2,1-3,0.1987348964795939,0.19656022254653716,0.19263448039834224,0.019390489320722494,0.06604171958714182,True,False,False,False,一般,2026-09-03,1号艇のdominance,0.1744,場特性:in_escape_diff,0.1647,1号艇の勝率順位,0.0943,1号艇の年齢,-0.0921,1号艇のlocal_win_rate順位,-0.0521,2号艇のwin_rate_rank_2to6,-0.1222,2号艇のsession_exh_rel_avg,0.0821,1号艇の年齢,0.0696,2号艇のclass_rank_2to6,-0.0562,3号艇の女子戦2連率,-0.0461,3号艇のwin_rate_rank_2to6,-0.048,3号艇のsession_exh_rel_avg,-0.0463,3号艇のcumulative_diff_rank_2to6,-0.0459,場特性:1x_diff_course3,0.0375,6号艇のsession_exh_rel_last,0.0324,0.0499,北東 3.1m/s,[逃げ]1号艇のdominanceが有利(+17.4pt)、場特性:in_escape_diffが有利(+16.5pt) / [2着]2号艇のwin_rate_rank_2to6が不利(-12.2pt)、2号艇のsession_exh_rel_avgが有利(+8.2pt) / [候補2]3号艇のwin_rate_rank_2to6が不利(-4.8pt)、3号艇のsession_exh_rel_avgが不利(-4.6pt)、天気+5.0pt
120,13,尼崎,5,12:38,0.4621377702730572,5,0.37023046361219347,2,0.3354787934762573,0.32613490253191235,0.1739625491133518,0.531746707975099,0.2580525917327692,0.3878184441648683,1-5,1-2,0.155037421591013,0.0803946645582616,0.044089079748474334,0.17109748094089933,0.011519124295207564,True,True,False,False,予選,2026-09-03,3号艇の枠別出走数,-0.1368,1号艇のsession_exh_rel_avg,0.1112,1号艇のdominance,-0.0974,1号艇のvs_max234_frame_diff,-0.0692,1号艇の勝率順位,-0.061,5号艇のwin_rate_rank_2to6,0.2207,5号艇のclass_rank_2to6,0.1915,3号艇の枠別勝率,0.1467,5号艇のsession_exh_rel_avg,0.1098,5号艇のracer_avgfin_te,0.0674,2号艇のモーター2連率,0.0611,2号艇のwin_rate_rank_2to6,0.0443,2号艇の全国勝率,0.0438,1号艇の体重,-0.0354,2号艇のracer_avgfin_te,-0.0351,-0.0273,北東 1.5m/s,[逃げ]3号艇の枠別出走数が不利(-13.7pt)、1号艇のsession_exh_rel_avgが有利(+11.1pt) / [2着]5号艇のwin_rate_rank_2to6が有利(+22.1pt)、5号艇のclass_rank_2to6が有利(+19.1pt) / [候補2]2号艇のモーター2連率が有利(+6.1pt)、2号艇のwin_rate_rank_2to6が有利(+4.4pt) / [除外]6号艇のwin_rate_rank_2to6が不利(-5.7pt)、6号艇のsession_exh_rel_avgが不利(-5.6pt)、天気-2.7pt
121,10,三国,10,13:02,0.5006469543279524,2,0.33013396194913824,4,0.311785343468161,0.3213749451814855,0.16941806614362487,0.4725012392736744,0.25603887911789264,0.3667128334091422,1-2,1-4,0.1652805625700562,0.07316861792481671,0.15609438261142936,0.08481863882293737,0.021284745871019417,True,True,False,False,予選特賞,2026-09-03,1号艇のracer_win_te,-0.1184,1号艇の級別順位,-0.0965,1号艇のdominance,-0.0943,1号艇の全国勝率,-0.0812,1号艇のモーター2連率,0.0713,3号艇の全国勝率,-0.0627,3号艇のracer_win_te,0.0607,3号艇のracer_2nd_te,0.0606,3号艇の直近平均着順,0.0474,2号艇の全国勝率,0.0451,4号艇のwin_rate_rank_2to6,0.1719,4号艇の年齢,0.061,4号艇のclass_rank_2to6,0.0511,4号艇の全国2連率,0.0428,4号艇のcumulative_diff_rank_2to6,0.042,0.0451,南東 2.3m/s,[逃げ]1号艇のracer_win_teが不利(-11.8pt)、1号艇の級別順位が不利(-9.6pt) / [2着]3号艇の全国勝率が不利(-6.3pt)、3号艇のracer_win_teが有利(+6.1pt) / [候補2]4号艇のwin_rate_rank_2to6が有利(+17.2pt)、4号艇の年齢が有利(+6.1pt) / [除外]6号艇のwin_rate_rank_2to6が不利(-6.1pt)、1号艇vs5号艇の枠別平均ST差が不利(-6.1pt)、天気+4.5pt
122,18,徳山,6,10:59,0.4849083564412928,2,0.36309537412463755,4,0.31155062861050764,0.32714148436598717,0.19455873590272915,0.48008726683241604,0.2507636039744805,0.3730252191059158,1-2,1-4,0.1760679810982143,0.09434315685788794,0.15107350326777289,0.04672070183299094,0.01670300525551692,False,False,True,False,予選,2026-09-03,場特性:in_escape_diff,0.2513,6号艇の枠別出走数,-0.131,1号艇の級別順位,-0.1147,1号艇の年齢,-0.0927,1号艇のdominance,0.0882,2号艇のclass_rank_2to6,0.1061,2号艇のwin_rate_rank_2to6,0.0794,場特性:1x_diff_course2,0.0546,場特性:in_escape_diff,0.0505,2号艇の全国勝率,0.0478,4号艇のwin_rate_rank_2to6,0.1592,4号艇のcumulative_diff_rank_2to6,0.0699,場特性:1x_diff_course4,0.0678,4号艇の年齢,-0.0479,3号艇の年齢,0.0471,0.0452,北東 2.1m/s,[逃げ]場特性:in_escape_diffが有利(+25.1pt)、6号艇の枠別出走数が不利(-13.1pt) / [2着]2号艇のclass_rank_2to6が有利(+10.6pt)、2号艇のwin_rate_rank_2to6が有利(+7.9pt) / [候補2]4号艇のwin_rate_rank_2to6が有利(+15.9pt)、4号艇のcumulative_diff_rank_2to6が有利(+7.0pt) / [除外]6号艇のwin_rate_rank_2to6が不利(-6.0pt)、6号艇のvs_avg456_diffが不利(-5.4pt)、天気+4.5pt
123,17,宮島,12,16:53,0.5540401357573194,2,0.3650020242304748,3,0.25445302828834393,0.3432029613930837,0.23525283050745033,0.3842022220113684,0.24631559966556915,0.3555027395785691,1-2,1-3,0.20222577105634862,0.1409771903367351,0.1303395101516414,0.06591962973603684,0.014578042732398783,True,False,False,False,ペイペイ特選,2026-09-03,1号艇のsession_exh_rel_avg,-0.1828,1号艇のracer_win_te,0.1102,風速区分,0.0932,1号艇のdominance,0.0862,1号艇のsession_avg_finish,-0.0817,2号艇のsession_exh_rel_avg,-0.0979,2号艇のwin_rate_rank_2to6,0.0746,レース時間帯,-0.0569,2号艇の全国勝率,0.0429,2号艇のcumulative_diff_rank_2to6,-0.0406,3号艇のwin_rate_rank_2to6,-0.1215,3号艇のsession_exh_rel_avg,0.0801,場特性:1x_diff_course3,0.0498,3号艇の全国勝率,-0.0466,1号艇のsession_exh_rel_avg,0.0433,0.0996,東 2.5m/s,[逃げ]1号艇のsession_exh_rel_avgが不利(-18.3pt)、1号艇のracer_win_teが有利(+11.0pt) / [2着]2号艇のsession_exh_rel_avgが不利(-9.8pt)、2号艇のwin_rate_rank_2to6が有利(+7.5pt) / [候補2]3号艇のwin_rate_rank_2to6が不利(-12.1pt)、3号艇のsession_exh_rel_avgが有利(+8.0pt) / [除外]6号艇のsession_exh_rel_avgが不利(-6.8pt)、local_win_rateの分散(2-6号艇)が不利(-6.4pt)、天気+10.0pt
124,22,福岡,4,13:19,0.3752359382952352,2,0.43898765976290016,3,0.3270053709728272,0.2874281136157316,0.11989631872518453,0.646096712010543,0.24607422635095128,0.395028693134175,1-2,1-3,0.1647239464111613,0.1227041672045703,0.037319585905701856,0.0449894076549892,0.005498839505989361,True,True,False,False,予選,2026-09-03,1号艇のdominance,-0.3199,1号艇のsession_exh_rel_avg,-0.1477,1号艇の級別順位,-0.0771,2号艇のsession_avg_finish,-0.0629,1号艇のvs_max234_diff,0.0567,2号艇のsession_exh_rel_avg,-0.146,6号艇のsession_rank_diff_last,-0.0832,win_rate_gap_top2_2to6,-0.0823,2号艇のclass_rank_2to6,0.0788,2号艇のracer_2nd_te,0.0469,3号艇のwin_rate_rank_2to6,-0.1345,3号艇の全国勝率,-0.0841,3号艇のcumulative_diff_rank_2to6,0.0513,6号艇のモーター出走数,0.0446,場特性:1x_diff_course3,0.0408,0.0431,南東 3.3m/s,[逃げ]1号艇のdominanceが不利(-32.0pt)、1号艇のsession_exh_rel_avgが不利(-14.8pt) / [2着]2号艇のsession_exh_rel_avgが不利(-14.6pt)、6号艇のsession_rank_diff_lastが不利(-8.3pt) / [候補2]3号艇のwin_rate_rank_2to6が不利(-13.4pt)、3号艇の全国勝率が不利(-8.4pt) / [除外]2号艇のracer_2nd_teが不利(-8.2pt)、6号艇のwin_rate_rank_2to6が不利(-7.6pt)、天気+4.3pt
125,10,三国,5,10:18,0.5761503312274667,4,0.313631271727621,3,0.2672950263595884,0.33470087906169177,0.23586241858012524,0.34506387950708417,0.23996884845803024,0.33780977919530947,1-4,1-3,0.13589221058905057,0.1540021179725313,0.18069876108916047,0.040052389285444766,0.06550484155964342,False,False,True,False,予選,2026-09-03,1号艇の級別順位,-0.1027,1号艇の勝率順位,-0.0654,1号艇のdominance,0.0644,1号艇の節間得点,-0.056,1号艇の女子戦比率,-0.0559,4号艇のclass_rank_2to6,0.1415,4号艇のwin_rate_rank_2to6,0.0926,6号艇の女子戦勝率,0.0468,4号艇のモーター2連率,-0.0423,4号艇のcumulative_diff_rank_2to6,0.0397,3号艇のwin_rate_rank_2to6,-0.1017,3号艇のcumulative_diff_rank_2to6,0.0583,3号艇の全国勝率,-0.0341,3号艇の当地勝率,-0.0293,3号艇のracer_avgfin_te,0.0269,-0.0743,南東 4.9m/s,[逃げ]1号艇の級別順位が不利(-10.3pt)、1号艇の勝率順位が不利(-6.5pt) / [2着]4号艇のclass_rank_2to6が有利(+14.1pt)、4号艇のwin_rate_rank_2to6が有利(+9.3pt) / [候補2]3号艇のwin_rate_rank_2to6が不利(-10.2pt)、3号艇のcumulative_diff_rank_2to6が有利(+5.8pt) / [除外]場特性:1x_diff_course5が不利(-5.8pt)、2号艇のwin_rate_rank_2to6が不利(-5.2pt)、天気-7.4pt
126,13,尼崎,8,14:10,0.30002790586780903,3,0.44755727457433475,2,0.40739011090051425,0.25650807369117745,0.05865161667563637,0.7962957687992127,0.23845453783636844,0.418444382223588,1-3,1-2,0.12222840184473577,0.13427967184644166,0.017597121726952648,0.011799933652130007,0.014122781268313117,True,True,False,False,予選,2026-09-03,1号艇のdominance,-0.3538,1号艇のracer_win_te,-0.1673,1号艇のvs_max234_diff,-0.1471,1号艇の級別順位,-0.1091,1号艇の全国勝率,-0.0895,3号艇のモーター2連率,0.1274,3号艇のsession_exh_rel_avg,0.1174,1号艇のvs_max234_diff,-0.0714,3号艇の当地勝率,0.0583,1号艇vs3号艇のplace_rate差,-0.058,2号艇のwin_rate_rank_2to6,0.1969,2号艇のclass_rank_2to6,0.0817,2号艇のsession_exh_rel_avg,0.0707,2号艇の節間得点,0.0663,1号艇vs2号艇のplace_rate差,-0.0608,0.0329,北東 1.4m/s,[逃げ]1号艇のdominanceが不利(-35.4pt)、1号艇のracer_win_teが不利(-16.7pt) / [2着]3号艇のモーター2連率が有利(+12.7pt)、3号艇のsession_exh_rel_avgが有利(+11.7pt) / [候補2]2号艇のwin_rate_rank_2to6が有利(+19.7pt)、2号艇のclass_rank_2to6が有利(+8.2pt) / [除外]4号艇のwin_rate_rank_2to6が不利(-5.3pt)、天気+3.3pt
127,16,児島,3,12:32,0.4729117057530797,3,0.42064300370529395,4,0.2579328078405003,0.32090644452090195,0.22126251045042172,0.45731330109537255,0.23570096587960543,0.3618285014932431,1-3,1-4,0.10463763123631757,0.1989270003953696,0.12197944412553234,0.025830910047288422,0.021536719948571825,True,True,False,False,一般,2026-09-03,1号艇の級別順位,-0.1054,1号艇のsession_exh_rel_avg,0.0914,5号艇の節間得点,-0.073,4号艇のsession_exh_rel_avg,-0.0687,4号艇のsession_exh_rel_last,-0.0651,3号艇のsession_exh_rel_avg,0.0904,4号艇のsession_rank_diff_last,-0.0876,3号艇の節間得点,0.0604,3号艇のwin_rate_rank_2to6,0.054,3号艇のclass_rank_2to6,0.041,4号艇のclass_rank_2to6,0.1917,4号艇のwin_rate_rank_2to6,0.1828,4号艇のモーター2連率,0.0705,4号艇の全国勝率,0.0602,4号艇のcumulative_diff_rank_2to6,-0.0542,0.0608,北東 2.4m/s,[逃げ]1号艇の級別順位が不利(-10.5pt)、1号艇のsession_exh_rel_avgが有利(+9.1pt) / [2着]3号艇のsession_exh_rel_avgが有利(+9.0pt)、4号艇のsession_rank_diff_lastが不利(-8.8pt) / [候補2]4号艇のclass_rank_2to6が有利(+19.2pt)、4号艇のwin_rate_rank_2to6が有利(+18.3pt) / [除外]5号艇のwin_rate_rank_2to6が不利(-5.6pt)、2号艇のwin_rate_rank_2to6が不利(-5.2pt)、天気+6.1pt
128,10,三国,9,12:26,0.3620849723125725,3,0.4127676414565191,2,0.34156269657129323,0.2731316795593339,0.14412327091767868,0.6102070671101336,0.2258941223001373,0.3742542958245738,1-3,1-2,0.1236747195310243,0.14945696002830958,0.031078498796432524,0.05218487055982507,0.005689916315404887,True,True,False,False,予選特賞,2026-09-03,1号艇のdominance,-0.2314,1号艇の全国勝率,-0.0753,1号艇のvs_max234_diff,-0.0731,1号艇の級別順位,-0.0666,3号艇の直近1着率,-0.0663,3号艇のwin_rate_rank_2to6,0.1576,3号艇のclass_rank_2to6,0.0374,3号艇の全国勝率,0.0317,場特性:1x_diff_course3,-0.0304,3号艇のモーター2連率,-0.0295,2号艇のwin_rate_rank_2to6,0.0607,2号艇の全国勝率,0.0472,2号艇のモーター2連率,-0.0378,2号艇の当地勝率,-0.0367,1号艇vs3号艇の直近複勝率差,-0.0325,0.0199,南 3.0m/s,[逃げ]1号艇のdominanceが不利(-23.1pt)、1号艇の全国勝率が不利(-7.5pt) / [2着]3号艇のwin_rate_rank_2to6が有利(+15.8pt)、3号艇のclass_rank_2to6が有利(+3.7pt) / [候補2]2号艇のwin_rate_rank_2to6が有利(+6.1pt)、2号艇の全国勝率が有利(+4.7pt) / [除外]6号艇のwin_rate_rank_2to6が不利(-6.5pt)、4号艇のwin_rate_rank_2to6が不利(-5.1pt)、天気+2.0pt
129,02,戸田,2,11:16,0.3364979183868908,3,0.3965459958183756,2,0.36873120192834913,0.2575141840307259,0.1383430033228033,0.6269341944239215,0.2147638412902879,0.36834018714868455,1-3,1-2,0.12407728189318577,0.1334369021375401,0.04655213264151403,0.02097813131875694,0.011453468515565314,True,True,False,False,予選,2026-09-03,1号艇のdominance,-0.2411,場特性:in_escape_diff,-0.142,1号艇のvs_max234_diff,-0.1289,1号艇の全国勝率,-0.0822,風速区分,0.0749,3号艇のwin_rate_rank_2to6,0.1776,3号艇の当地勝率,0.0803,3号艇のclass_rank_2to6,0.0512,3号艇のモーター2連率,0.0445,3号艇のracer_2nd_te,0.0416,2号艇の全国勝率,0.044,2号艇のwin_rate_rank_2to6,0.0343,2号艇のclass_rank_2to6,-0.0332,2号艇の当地勝率,-0.0312,1号艇の体重,-0.0278,0.0091,南西 1.4m/s,[逃げ]1号艇のdominanceが不利(-24.1pt)、場特性:in_escape_diffが不利(-14.2pt) / [2着]3号艇のwin_rate_rank_2to6が有利(+17.8pt)、3号艇の当地勝率が有利(+8.0pt) / [候補2]2号艇の全国勝率が有利(+4.4pt)、2号艇のwin_rate_rank_2to6が有利(+3.4pt) / [除外]3号艇の女子戦2連率が不利(-6.7pt)、6号艇のwin_rate_rank_2to6が不利(-6.2pt)、天気+0.9pt
130,16,児島,4,13:06,0.5438030486630768,2,0.2648494548831114,5,0.25749428018986814,0.28405211558274485,0.21098776009570905,0.3113559749772705,0.2121342920420439,0.29224327340110257,1-2,1-5,0.14402594100219,0.1097958592438092,0.11473578717064045,0.1400261745805548,0.035219280588409695,True,True,False,False,一般,2026-09-03,1号艇のsession_exh_rel_avg,0.1319,1号艇vs2号艇のcumulative差,-0.0881,1号艇の級別順位,-0.0809,1号艇のvs_max234_diff,0.0797,1号艇のdominance,-0.0665,2号艇のwin_rate_rank_2to6,-0.1436,2号艇の節間得点,0.0721,2号艇のsession_exh_rel_avg,-0.066,2号艇の当地勝率,-0.0473,2号艇の全国勝率,0.0374,5号艇のwin_rate_rank_2to6,0.2266,5号艇のclass_rank_2to6,0.1528,5号艇のsession_exh_rel_avg,0.0831,5号艇の節間得点,0.0543,5号艇の級別,0.045,0.0455,北東 2.8m/s,[逃げ]1号艇のsession_exh_rel_avgが有利(+13.2pt)、1号艇vs2号艇のcumulative差が不利(-8.8pt) / [2着]2号艇のwin_rate_rank_2to6が不利(-14.4pt)、2号艇の節間得点が有利(+7.2pt) / [候補2]5号艇のwin_rate_rank_2to6が有利(+22.7pt)、5号艇のclass_rank_2to6が有利(+15.3pt)、天気+4.5pt
131,02,戸田,3,11:45,0.32234779267500646,2,0.5615969414282576,3,0.1691143062256455,0.23554315776403564,0.09599881465660087,0.6347124329973022,0.20840892102905145,0.3552939403340156,1-2,1-3,0.18102953444243372,0.05451362332160193,0.028775156811993937,0.027084467291648155,0.03094500600397235,True,True,False,False,予選,2026-09-03,1号艇のdominance,-0.241,場特性:in_escape_diff,-0.1423,1号艇のracer_win_te,-0.1321,1号艇の年齢,-0.1184,1号艇の級別順位,-0.0988,2号艇のwin_rate_rank_2to6,0.2045,3号艇の直近平均着順,0.1203,2号艇の当地勝率,0.1096,2号艇のclass_rank_2to6,0.0894,1号艇の年齢,0.0571,3号艇のwin_rate_rank_2to6,-0.1392,2号艇の全国勝率,-0.0867,3号艇のモーター2連率,-0.0602,1号艇vs2号艇のplace_rate差,0.0562,3号艇の全国勝率,-0.0559,0.0771,南 1.4m/s,[逃げ]1号艇のdominanceが不利(-24.1pt)、場特性:in_escape_diffが不利(-14.2pt) / [2着]2号艇のwin_rate_rank_2to6が有利(+20.4pt)、3号艇の直近平均着順が有利(+12.0pt) / [候補2]3号艇のwin_rate_rank_2to6が不利(-13.9pt)、2号艇の全国勝率が不利(-8.7pt)、天気+7.7pt
132,08,常滑,10,15:02,0.38425528176582263,2,0.42090633738459504,3,0.24482656757997673,0.25581138497794115,0.18457798706744377,0.48115491789712794,0.1991508043681452,0.3234144448536972,1-2,1-3,0.16173548326873796,0.09407590170920317,0.07092506642836897,0.04976605527184929,0.007752771509007044,True,False,False,False,選抜戦,2026-09-03,1号艇のdominance,-0.19,1号艇の年齢,-0.1206,1号艇の節間得点,0.0971,1号艇の級別順位,-0.0935,1号艇の全国勝率,-0.0717,2号艇のwin_rate_rank_2to6,0.1505,2号艇のracer_avgfin_te,0.0896,2号艇のclass_rank_2to6,0.0716,2号艇のsession_exh_rel_avg,-0.0537,2号艇の節間得点,0.0526,3号艇のsession_exh_rel_avg,0.1139,3号艇のwin_rate_rank_2to6,-0.1101,3号艇の当地勝率,0.0591,3号艇の全国2連率,0.0371,6号艇のsession_rank_diff_delta,-0.0332,0.0424,東 2.5m/s,[逃げ]1号艇のdominanceが不利(-19.0pt)、1号艇の年齢が不利(-12.1pt) / [2着]2号艇のwin_rate_rank_2to6が有利(+15.0pt)、2号艇のracer_avgfin_teが有利(+9.0pt) / [候補2]3号艇のsession_exh_rel_avgが有利(+11.4pt)、3号艇のwin_rate_rank_2to6が不利(-11.0pt) / [除外]6号艇のwin_rate_rank_2to6が不利(-6.9pt)、天気+4.2pt
133,12,住之江,7,17:55,0.2648728846242872,2,0.5007871387863199,3,0.3188488175923145,0.21709934010779533,0.09321819127863532,0.7264177650999991,0.19281421073263455,0.3698948676054564,1-2,1-3,0.1326449340330758,0.08445440607471952,0.02166648558962109,0.024690971223430707,0.0014160854216306955,True,False,False,False,予選,2026-09-03,1号艇のdominance,-0.3285,1号艇のracer_win_te,-0.1695,1号艇のvs_max234_diff,-0.165,1号艇の級別順位,-0.1096,6号艇の枠別出走数,-0.0869,2号艇のwin_rate_rank_2to6,0.171,2号艇のsession_exh_rel_avg,0.086,6号艇の年齢,-0.0815,2号艇の全国勝率,0.0509,1号艇の直近複勝率,0.045,3号艇のwin_rate_rank_2to6,0.0722,場特性:1x_diff_course3,0.0469,1号艇vs3号艇の直近複勝率差,0.0422,1号艇vs6号艇のplace_rate差,0.0402,3号艇のcumulative_diff_rank_2to6,0.0381,0.0314,東 0.6m/s,[逃げ]1号艇のdominanceが不利(-32.8pt)、1号艇のracer_win_teが不利(-17.0pt) / [2着]2号艇のwin_rate_rank_2to6が有利(+17.1pt)、2号艇のsession_exh_rel_avgが有利(+8.6pt) / [候補2]3号艇のwin_rate_rank_2to6が有利(+7.2pt)、場特性:1x_diff_course3が有利(+4.7pt) / [除外]6号艇の全国勝率が不利(-14.7pt)、6号艇のvs_avg456_diffが不利(-13.0pt)、天気+3.1pt
134,22,福岡,2,12:17,0.45083671327381003,4,0.33130519385218377,2,0.2079765533377457,0.24312801043166554,0.19898818396441337,0.3402935632255161,0.18507248891165184,0.2722776762698207,1-4,1-2,0.09376346574480451,0.08971117883884039,0.14936454468686103,0.057730110805917646,0.06026742327437227,True,True,False,False,予選,2026-09-03,1号艇のsession_exh_rel_avg,-0.0952,second_best_frame_win_rate,-0.079,1号艇のdominance,-0.0725,1号艇の節間得点,-0.0595,1号艇のモーター2連率順位,-0.0581,4号艇のclass_rank_2to6,0.1962,4号艇のwin_rate_rank_2to6,0.1647,4号艇のsession_exh_rel_avg,-0.0758,2号艇の体重,0.0464,場特性:1x_diff_course4,-0.0355,2号艇のwin_rate_rank_2to6,-0.1528,2号艇のsession_exh_rel_avg,-0.1083,2号艇のsession_avg_finish,-0.0741,2号艇の全国勝率,-0.0739,2号艇のモーター2連率,0.0688,-0.0018,南東 3.3m/s,[逃げ]1号艇のsession_exh_rel_avgが不利(-9.5pt)、second_best_frame_win_rateが不利(-7.9pt) / [2着]4号艇のclass_rank_2to6が有利(+19.6pt)、4号艇のwin_rate_rank_2to6が有利(+16.5pt) / [候補2]2号艇のwin_rate_rank_2to6が不利(-15.3pt)、2号艇のsession_exh_rel_avgが不利(-10.8pt)、天気影響ほぼなし
135,13,尼崎,6,13:10,0.37458815921407956,4,0.4369887969354691,5,0.19542987554305194,0.23689654637634106,0.18401703181779383,0.4484016406607272,0.18458494720186833,0.3003480746616569,1-4,1-5,0.06399515455267135,0.0689306012126661,0.16369082904123258,0.0732057173351085,0.004765855676951419,True,True,False,False,昼どきピンク,2026-09-03,1号艇のdominance,-0.1663,1号艇のvs_max234_diff,-0.0847,1号艇のsession_exh_rel_avg,-0.084,1号艇の全国勝率,-0.0737,1号艇vs4号艇のcumulative差,-0.0603,4号艇のclass_rank_2to6,0.2402,4号艇のwin_rate_rank_2to6,0.2269,4号艇のsession_exh_rel_avg,-0.1097,4号艇の全国勝率,0.0859,4号艇の年齢,-0.0599,6号艇のsession_rank_diff_last,0.1066,5号艇のwin_rate_rank_2to6,-0.0794,1号艇の女子戦2連率,0.0709,5号艇のclass_rank_2to6,-0.0662,5号艇のcumulative_diff_rank_2to6,0.0566,0.0254,北東 1.3m/s,[逃げ]1号艇のdominanceが不利(-16.6pt)、1号艇のvs_max234_diffが不利(-8.5pt) / [2着]4号艇のclass_rank_2to6が有利(+24.0pt)、4号艇のwin_rate_rank_2to6が有利(+22.7pt) / [候補2]6号艇のsession_rank_diff_lastが有利(+10.7pt)、5号艇のwin_rate_rank_2to6が不利(-7.9pt) / [除外]6号艇のwin_rate_rank_2to6が不利(-8.3pt)、6号艇のvs_avg456_diffが不利(-6.8pt)、天気+2.5pt
136,06,浜名湖,7,14:24,0.44900170872582484,4,0.3162484955658133,3,0.25944497804453803,0.2584873533533533,0.2472590136625784,0.328434459947773,0.18179135971207272,0.2794714853316792,1-4,1-3,0.06612085491354444,0.11649123846233168,0.14199611489102162,0.11101971963235978,0.01337377831757471,True,True,False,False,一般,2026-09-03,1号艇の年齢,-0.1435,1号艇のsession_exh_rel_avg,0.1202,1号艇の女子戦比率,-0.1169,1号艇のdominance,-0.1137,1号艇の体重,-0.0924,6号艇の節間得点,-0.1005,4号艇の節間得点,0.1002,4号艇のwin_rate_rank_2to6,0.0986,4号艇のclass_rank_2to6,0.0647,3号艇の女子戦2連率,-0.0637,4号艇のsession_rank_diff_last,-0.1069,3号艇のwin_rate_rank_2to6,-0.0629,6号艇のracer_2nd_te,-0.0609,2号艇の節間得点,0.0463,1号艇vs5号艇の枠別平均ST差,0.044,-0.0294,南東 1.0m/s,[逃げ]1号艇の年齢が不利(-14.3pt)、1号艇のsession_exh_rel_avgが有利(+12.0pt) / [2着]6号艇の節間得点が不利(-10.1pt)、4号艇の節間得点が有利(+10.0pt) / [候補2]4号艇のsession_rank_diff_lastが不利(-10.7pt)、3号艇のwin_rate_rank_2to6が不利(-6.3pt) / [除外]5号艇の直近平均着順が不利(-17.8pt)、4号艇の女子戦2連率が不利(-12.7pt)、天気-2.9pt
137,20,若松,4,16:39,0.3183630148868478,3,0.4309395177348257,2,0.25046299997975185,0.21693335989110163,0.13723088182461216,0.5441716358899653,0.18120941236106344,0.3151048426907607,1-3,1-2,0.07973815579115831,0.13719520409994332,0.04368923727326425,0.03404355043441659,0.02369687203204393,True,False,False,False,予選,2026-09-03,1号艇のdominance,-0.2793,1号艇のsession_exh_rel_avg,-0.1473,1号艇の級別順位,-0.0861,1号艇の直近1着率,-0.0787,1号艇vs4号艇のcumulative差,-0.0676,3号艇の年齢,-0.084,6号艇のracer_2nd_te,-0.0604,3号艇のwin_rate_rank_2to6,0.0597,2号艇のsession_rank_diff_delta,-0.0506,1号艇vs6号艇のplace_rate差,0.0358,2号艇のwin_rate_rank_2to6,-0.1723,2号艇の全国勝率,-0.0792,2号艇のsession_exh_rel_avg,0.0593,3号艇の女子戦2連率,-0.0528,2号艇の直近平均着順,-0.0512,0.0206,南東 2.9m/s,[逃げ]1号艇のdominanceが不利(-27.9pt)、1号艇のsession_exh_rel_avgが不利(-14.7pt) / [2着]3号艇の年齢が不利(-8.4pt)、6号艇のracer_2nd_teが不利(-6.0pt) / [候補2]2号艇のwin_rate_rank_2to6が不利(-17.2pt)、2号艇の全国勝率が不利(-7.9pt) / [除外]6号艇のsession_exh_rel_avgが不利(-6.7pt)、天気+2.1pt
138,17,宮島,10,15:30,0.3618036033423294,2,0.42438954931162354,4,0.21700013077070837,0.23205709740037156,0.18996492660194206,0.4514247534803898,0.179157846030226,0.297867394224377,1-2,1-4,0.1535456681617726,0.0561064010412388,0.07851142923859898,0.06872999495324376,0.004910110621387001,True,False,False,False,予選特賞,2026-09-03,1号艇のdominance,-0.3249,1号艇のsession_exh_rel_avg,0.1314,1号艇の級別順位,-0.0874,風速区分,0.0717,2号艇のsession_avg_finish,-0.0717,2号艇のclass_rank_2to6,0.0874,3号艇のracer_2nd_te,0.0735,2号艇のsession_exh_rel_avg,-0.0684,2号艇の全国勝率,0.0511,3号艇のracer_avgfin_te,0.0426,4号艇のモーター2連率,0.1426,4号艇のsession_exh_rel_avg,0.1381,4号艇のwin_rate_rank_2to6,-0.1249,4号艇の全国勝率,-0.0846,4号艇のclass_rank_2to6,-0.0704,0.1208,東 2.5m/s,[逃げ]1号艇のdominanceが不利(-32.5pt)、1号艇のsession_exh_rel_avgが有利(+13.1pt) / [2着]2号艇のclass_rank_2to6が有利(+8.7pt)、3号艇のracer_2nd_teが有利(+7.4pt) / [候補2]4号艇のモーター2連率が有利(+14.3pt)、4号艇のsession_exh_rel_avgが有利(+13.8pt) / [除外]3号艇のwin_rate_rank_2to6が不利(-5.9pt)、6号艇のvs_avg456_diffが不利(-5.8pt)、天気+12.1pt
139,22,福岡,3,12:48,0.22429658627923854,3,0.477181979820347,2,0.3694002187220147,0.18988549713782427,0.08799557308961287,0.7585866254527487,0.1698345973673656,0.3604958356323016,1-3,1-2,0.08285520803015195,0.10703028910767233,0.019737106651685394,0.013293672990806088,0.0013803105956082793,True,True,False,False,予選,2026-09-03,1号艇のdominance,-0.4121,1号艇のvs_max234_diff,-0.197,1号艇のracer_win_te,-0.1537,3号艇のracer_win_te,-0.1389,1号艇の全国2連率,-0.1246,3号艇のwin_rate_rank_2to6,0.222,win_rate_gap_top2_2to6,0.0544,2号艇のvs_boat3_diff,0.0461,場特性:1x_diff_course3,0.0459,3号艇のclass_rank_2to6,0.0457,2号艇のsession_exh_rel_avg,0.1144,2号艇のwin_rate_rank_2to6,0.0482,3号艇のracer_avgfin_te,0.048,場特性:1x_diff_course2,0.0445,1号艇のモーター出走数,0.0361,0.0127,南東 2.9m/s,[逃げ]1号艇のdominanceが不利(-41.2pt)、1号艇のvs_max234_diffが不利(-19.7pt) / [2着]3号艇のwin_rate_rank_2to6が有利(+22.2pt)、win_rate_gap_top2_2to6が有利(+5.4pt) / [候補2]2号艇のsession_exh_rel_avgが有利(+11.4pt)、2号艇のwin_rate_rank_2to6が有利(+4.8pt) / [除外]6号艇の直近平均着順が不利(-9.5pt)、6号艇のwin_rate_rank_2to6が不利(-8.1pt)、天気+1.3pt
140,18,徳山,7,11:32,0.2673302239378561,3,0.4211155293467335,2,0.30664829303754637,0.1945532656118597,0.1256170273012947,0.6021467950829853,0.1652262221583545,0.3168313244531974,1-3,1-2,0.08197635684788859,0.11257690876397108,0.025226451096976885,0.0335812280388629,0.01396928616133546,True,True,False,False,予選,2026-09-03,1号艇のdominance,-0.336,1号艇の年齢,-0.2023,場特性:in_escape_diff,0.1961,1号艇のvs_max234_diff,-0.1565,1号艇のracer_win_te,-0.1455,3号艇のwin_rate_rank_2to6,0.1764,1号艇vs3号艇のplace_rate差,-0.0771,3号艇の当地勝率,0.0528,1号艇のvs_max234_diff,-0.0515,5号艇の直近平均着順,-0.0502,2号艇のwin_rate_rank_2to6,-0.163,2号艇のsession_exh_rel_avg,0.1092,2号艇のclass_rank_2to6,-0.0667,場特性:in_escape_diff,0.0661,場特性:1x_diff_course2,0.0549,0.0314,北東 2.6m/s,[逃げ]1号艇のdominanceが不利(-33.6pt)、1号艇の年齢が不利(-20.2pt) / [2着]3号艇のwin_rate_rank_2to6が有利(+17.6pt)、1号艇vs3号艇のplace_rate差が不利(-7.7pt) / [候補2]2号艇のwin_rate_rank_2to6が不利(-16.3pt)、2号艇のsession_exh_rel_avgが有利(+10.9pt) / [除外]3号艇のracer_avgfin_teが不利(-8.9pt)、4号艇のwin_rate_rank_2to6が不利(-5.4pt)、天気+3.1pt
141,17,宮島,3,11:53,0.27287451520031636,2,0.45301890217553487,3,0.3064631311239333,0.2072432916399429,0.16943086961062004,0.5900511636888481,0.16510719829171547,0.32208565325461447,1-2,1-3,0.12361731330772861,0.08362597833221429,0.046233366404965955,0.012835866538139598,0.00656199747889118,True,True,False,False,予選,2026-09-03,1号艇のdominance,-0.2442,1号艇のvs_max234_diff,-0.0789,1号艇の級別順位,-0.0785,風速区分,0.0765,1号艇のsession_avg_finish,-0.0717,2号艇のwin_rate_rank_2to6,0.161,2号艇のclass_rank_2to6,0.0908,2号艇の全国勝率,0.0432,2号艇のsession_exh_rel_avg,-0.0407,1号艇のsession_rank_diff_last,0.0346,3号艇のsession_exh_rel_avg,-0.1032,3号艇のwin_rate_rank_2to6,0.064,4号艇のsession_rank_diff_last,-0.0458,場特性:1x_diff_course3,0.0447,3号艇のcumulative_diff_rank_2to6,-0.039,0.0892,東 2.5m/s,[逃げ]1号艇のdominanceが不利(-24.4pt)、1号艇のvs_max234_diffが不利(-7.9pt) / [2着]2号艇のwin_rate_rank_2to6が有利(+16.1pt)、2号艇のclass_rank_2to6が有利(+9.1pt) / [候補2]3号艇のsession_exh_rel_avgが不利(-10.3pt)、3号艇のwin_rate_rank_2to6が有利(+6.4pt) / [除外]6号艇のwin_rate_rank_2to6が不利(-6.7pt)、5号艇のwin_rate_rank_2to6が不利(-5.7pt)、天気+8.9pt
142,22,福岡,1,11:48,0.40505408320508607,2,0.2936486429652112,4,0.2672971306177022,0.22721337604639477,0.24999904105036977,0.3109467325325437,0.15904962469589587,0.25233338299223945,1-2,1-4,0.11894358186069127,0.06871505119784807,0.10826979418570351,0.1012631323748082,0.007862526226687086,True,True,False,False,予選,2026-09-03,1号艇のracer_win_te,-0.1116,1号艇のdominance,-0.0835,3号艇の枠別出走数,-0.0739,1号艇vs4号艇の枠別平均ST差,-0.0663,1号艇のvs_max234_diff,0.0656,2号艇のwin_rate_rank_2to6,-0.1361,2号艇のモーター2連率,0.1031,2号艇の全国勝率,-0.0883,3号艇のracer_2nd_te,0.0761,2号艇の直近平均着順,-0.0678,4号艇のsession_exh_rel_avg,-0.0971,4号艇のwin_rate_rank_2to6,0.0912,4号艇の年齢,-0.0554,4号艇の全国勝率,-0.0457,2号艇の一般戦2連率,0.0375,0.0112,南東 2.7m/s,[逃げ]1号艇のracer_win_teが不利(-11.2pt)、1号艇のdominanceが不利(-8.4pt) / [2着]2号艇のwin_rate_rank_2to6が不利(-13.6pt)、2号艇のモーター2連率が有利(+10.3pt) / [候補2]4号艇のsession_exh_rel_avgが不利(-9.7pt)、4号艇のwin_rate_rank_2to6が有利(+9.1pt) / [除外]6号艇のvs_avg456_diffが不利(-8.5pt)、3号艇のracer_2nd_teが不利(-6.8pt)、天気+1.1pt
143,10,三国,6,10:50,0.39632688594962434,4,0.32381852914337517,5,0.20242300338965497,0.20856366784617375,0.19953346783749015,0.3267080646955399,0.15862514955386958,0.2440069869009836,1-4,1-5,0.07697518339183358,0.079080477950762,0.12833798926818155,0.0802256785779922,0.03170755380798958,False,False,True,False,予選,2026-09-03,1号艇のdominance,-0.1572,1号艇の全国勝率,-0.0892,1号艇の級別順位,-0.0806,ST差分(4-3),-0.0702,1号艇の節間得点,-0.0541,4号艇のwin_rate_rank_2to6,0.2166,4号艇のclass_rank_2to6,0.2113,4号艇の全国勝率,0.0615,4号艇の年齢,-0.053,4号艇のモーター2連率,-0.0469,5号艇のwin_rate_rank_2to6,0.1355,場特性:1x_diff_course5,-0.0952,5号艇の年齢,0.0726,5号艇のsession_exh_rel_avg,0.0648,mean_234_全国勝率,0.0555,-0.02,南 3.8m/s,[逃げ]1号艇のdominanceが不利(-15.7pt)、1号艇の全国勝率が不利(-8.9pt) / [2着]4号艇のwin_rate_rank_2to6が有利(+21.7pt)、4号艇のclass_rank_2to6が有利(+21.1pt) / [候補2]5号艇のwin_rate_rank_2to6が有利(+13.6pt)、場特性:1x_diff_course5が不利(-9.5pt) / [除外]2号艇のwin_rate_rank_2to6が不利(-5.8pt)、天気-2.0pt
144,17,宮島,5,12:56,0.19649159647516354,3,0.6455384375306753,2,0.2008134328709838,0.1663010301949627,0.061300356671138194,0.7850515137305208,0.15406785523608796,0.35192617525563014,1-3,1-2,0.03945815201847769,0.126842878176485,0.011417060775632643,0.012045004946808885,0.006728504583694616,True,True,False,False,予選,2026-09-03,3号艇のsession_exh_rel_avg,-0.1928,1号艇のdominance,-0.1604,3号艇のracer_win_te,-0.1265,1号艇のracer_win_te,-0.1179,1号艇の級別順位,-0.1161,3号艇のwin_rate_rank_2to6,0.2145,2号艇の枠別平均ST,0.1737,3号艇の全国勝率,0.1716,3号艇のsession_exh_rel_avg,0.1175,win_rate_gap_top2_2to6,0.075,2号艇のwin_rate_rank_2to6,-0.164,3号艇の全国2連率,0.1044,2号艇のsession_exh_rel_avg,0.0962,2号艇の全国勝率,-0.0899,2号艇の直近平均着順,-0.0761,0.0834,東 2.5m/s,[逃げ]3号艇のsession_exh_rel_avgが不利(-19.3pt)、1号艇のdominanceが不利(-16.0pt) / [2着]3号艇のwin_rate_rank_2to6が有利(+21.5pt)、2号艇の枠別平均STが有利(+17.4pt) / [候補2]2号艇のwin_rate_rank_2to6が不利(-16.4pt)、3号艇の全国2連率が有利(+10.4pt) / [除外]3号艇のracer_avgfin_teが不利(-6.1pt)、天気+8.3pt
145,10,三国,8,11:55,0.33512391018320103,4,0.3486611627350838,5,0.2436515201780402,0.1984981423489486,0.20179379907085873,0.3905188838422653,0.1504313092452257,0.2561043647969436,1-4,1-5,0.06762592699534938,0.06464881553762691,0.11684469218480266,0.08165345016414594,0.004351025613384602,True,True,False,False,予選,2026-09-03,1号艇のdominance,-0.3438,1号艇vs4号艇の枠別勝率差,-0.157,2号艇の体重,0.0759,1号艇の全国勝率,-0.0755,1号艇のframe_dominance,-0.0728,4号艇のclass_rank_2to6,0.1113,4号艇のwin_rate_rank_2to6,0.0787,4号艇の年齢,0.0597,4号艇の全国2連率,0.0417,4号艇のcumulative_diff_rank_2to6,0.0412,5号艇のwin_rate_rank_2to6,0.2368,5号艇のclass_rank_2to6,0.1512,場特性:1x_diff_course5,-0.0712,5号艇のcumulative_diff_rank_2to6,0.0457,5号艇のracer_avgfin_te,0.0443,-0.0174,南 3.6m/s,[逃げ]1号艇のdominanceが不利(-34.4pt)、1号艇vs4号艇の枠別勝率差が不利(-15.7pt) / [2着]4号艇のclass_rank_2to6が有利(+11.1pt)、4号艇のwin_rate_rank_2to6が有利(+7.9pt) / [候補2]5号艇のwin_rate_rank_2to6が有利(+23.7pt)、5号艇のclass_rank_2to6が有利(+15.1pt) / [除外]6号艇のwin_rate_rank_2to6が不利(-7.8pt)、6号艇のvs_avg456_diffが不利(-5.7pt)、天気-1.7pt
146,06,浜名湖,6,13:52,0.26797367375971815,3,0.4635561415810434,6,0.21003146271763917,0.18050374492292529,0.1480836389868982,0.5255039653117843,0.14842816324418573,0.284003811039583,1-3,1-6,0.039682516763026934,0.12422084225335224,0.032520153486028845,0.015267264577415465,0.056282902669573046,True,True,False,False,一般,2026-09-03,1号艇のdominance,-0.3554,節間得点の分散(2-6号艇),-0.199,1号艇のracer_win_te,-0.1669,1号艇の直近1着率,-0.1198,1号艇の女子戦比率,-0.1055,4号艇の節間得点,0.1505,3号艇の女子戦比率,-0.0699,3号艇のwin_rate_rank_2to6,0.0663,3号艇の当地勝率,0.0567,3号艇の全国勝率,0.0415,4号艇の女子戦2連率,-0.3174,6号艇のwin_rate_rank_2to6,0.2775,6号艇の節間得点,0.1827,6号艇のclass_rank_2to6,0.162,5号艇のracer_2nd_te,0.1544,0.0233,南東 0.5m/s,[逃げ]1号艇のdominanceが不利(-35.5pt)、節間得点の分散(2-6号艇)が不利(-19.9pt) / [2着]4号艇の節間得点が有利(+15.1pt)、3号艇の女子戦比率が不利(-7.0pt) / [候補2]4号艇の女子戦2連率が不利(-31.7pt)、6号艇のwin_rate_rank_2to6が有利(+27.8pt) / [除外]5号艇のracer_win_teが不利(-11.0pt)、2号艇のwin_rate_rank_2to6が不利(-6.1pt)、天気+2.3pt
147,06,浜名湖,2,11:50,0.2798177478472413,2,0.4707234681737713,5,0.18770704049257625,0.18424054204893087,0.17332772627117704,0.4851027823951705,0.14591974896055843,0.27449921415280276,1-2,1-5,0.13171678072322723,0.04850017400468388,0.043293035214805826,0.05252376132570361,0.003783998142424228,True,True,False,False,一般,2026-09-03,1号艇のdominance,-0.2415,1号艇の年齢,-0.1402,1号艇の節間得点,0.1039,5号艇の節間得点,-0.0916,場×風速,-0.0798,2号艇のsession_exh_rel_avg,0.0932,2号艇のclass_rank_2to6,0.0869,2号艇の当地勝率,0.0819,2号艇の節間得点,0.0694,2号艇の全国勝率,0.0566,5号艇のwin_rate_rank_2to6,0.2494,5号艇のclass_rank_2to6,0.1409,1号艇の女子戦2連率,0.1331,5号艇の節間得点,0.1017,5号艇の性別,-0.091,-0.0459,東 1.4m/s,[逃げ]1号艇のdominanceが不利(-24.2pt)、1号艇の年齢が不利(-14.0pt) / [2着]2号艇のsession_exh_rel_avgが有利(+9.3pt)、2号艇のclass_rank_2to6が有利(+8.7pt) / [候補2]5号艇のwin_rate_rank_2to6が有利(+24.9pt)、5号艇のclass_rank_2to6が有利(+14.1pt) / [除外]1号艇vs6号艇のcumulative差が不利(-6.4pt)、6号艇のvs_avg456_diffが不利(-6.1pt)、天気-4.6pt
148,02,戸田,1,10:47,0.23274235467262966,2,0.5166210378874191,3,0.1940775732104789,0.16540966820949227,0.11585869535391358,0.5948399157439844,0.1424126901802817,0.2942387424698399,1-2,1-3,0.12023959683133574,0.045170071378156526,0.020825925597945445,0.019541532698124742,0.026965225565968705,False,False,True,False,予選,2026-09-03,1号艇のracer_win_te,-0.2515,場特性:in_escape_diff,-0.1903,1号艇の平均ST,-0.1357,4号艇のモーター2連率,-0.1274,1号艇の直近1着率,-0.1145,2号艇のwin_rate_rank_2to6,0.1637,全艇平均勝率,0.1077,1号艇の枠別平均ST,-0.0754,2号艇のモーター2連率,0.0624,2号艇の全国勝率,-0.0615,3号艇の全国勝率,-0.0646,6号艇の枠別出走数,-0.0608,3号艇のwin_rate_rank_2to6,-0.0603,3号艇のracer_win_te,-0.052,3号艇の当地勝率,-0.0435,-0.0274,南 1.4m/s,[逃げ]1号艇のracer_win_teが不利(-25.2pt)、場特性:in_escape_diffが不利(-19.0pt) / [2着]2号艇のwin_rate_rank_2to6が有利(+16.4pt)、全艇平均勝率が有利(+10.8pt) / [候補2]3号艇の全国勝率が不利(-6.5pt)、6号艇の枠別出走数が不利(-6.1pt) / [除外]4号艇のwin_rate_rank_2to6が不利(-5.3pt)、天気-2.7pt
149,20,若松,1,15:19,0.30661276448971814,4,0.32113907929177954,2,0.2698356090646923,0.18120038294042748,0.23792069650712266,0.35305399184934916,0.12946679736057484,0.23275646561310398,1-4,1-2,0.08273504205309215,0.07294952248536811,0.09846534088733531,0.03957996064542255,0.01288289442072457,True,False,False,False,予選,2026-09-03,1号艇のracer_win_te,-0.2421,1号艇の年齢,-0.2116,1号艇の級別順位,0.0817,1号艇のdominance,-0.0815,1号艇vs4号艇のcumulative差,-0.0773,4号艇のwin_rate_rank_2to6,0.1909,4号艇のsession_exh_rel_avg,-0.1264,4号艇のclass_rank_2to6,-0.0924,4号艇のモーター2連率,0.0785,4号艇の節間得点,0.0715,2号艇のwin_rate_rank_2to6,-0.1516,2号艇の全国勝率,-0.0865,2号艇のsession_avg_finish,-0.0623,2号艇のsession_exh_rel_avg,0.0551,2号艇のclass_rank_2to6,-0.0489,-0.007,南東 3.5m/s,[逃げ]1号艇のracer_win_teが不利(-24.2pt)、1号艇の年齢が不利(-21.2pt) / [2着]4号艇のwin_rate_rank_2to6が有利(+19.1pt)、4号艇のsession_exh_rel_avgが不利(-12.6pt) / [候補2]2号艇のwin_rate_rank_2to6が不利(-15.2pt)、2号艇の全国勝率が不利(-8.6pt)、天気-0.7pt
150,18,徳山,10,13:12,0.2631517633962607,3,0.35572773392890217,2,0.31430592271737745,0.17632053828131314,0.23018217912140565,0.439851477524874,0.12761752341077087,0.25537982005438137,1-3,1-2,0.0827101578089667,0.09361038047234643,0.060572846338191835,0.021884489736254772,0.004373893206846976,True,True,False,False,予選,2026-09-03,1号艇のdominance,-0.445,1号艇のvs_max234_diff,-0.3298,1号艇のracer_win_te,-0.2356,1号艇の全国2連率,-0.2292,場特性:in_escape_diff,0.2109,1号艇vs3号艇の直近複勝率差,0.056,1号艇のvs_max234_diff,-0.0544,3号艇のwin_rate_rank_2to6,-0.0467,3号艇の全国勝率,0.0444,場特性:1x_diff_course3,0.0439,2号艇のwin_rate_rank_2to6,-0.1516,1号艇vs6号艇の枠別平均ST差,0.0921,2号艇のsession_exh_rel_avg,-0.0825,1号艇vs2号艇のlocal_win_rate差,0.0636,2号艇の全国勝率,-0.0595,0.1307,北東 3.2m/s,[逃げ]1号艇のdominanceが不利(-44.5pt)、1号艇のvs_max234_diffが不利(-33.0pt) / [2着]1号艇vs3号艇の直近複勝率差が有利(+5.6pt)、1号艇のvs_max234_diffが不利(-5.4pt) / [候補2]2号艇のwin_rate_rank_2to6が不利(-15.2pt)、1号艇vs6号艇の枠別平均ST差が有利(+9.2pt) / [除外]1号艇vs5号艇の級別差が不利(-8.8pt)、6号艇のwin_rate_rank_2to6が不利(-7.2pt)、天気+13.1pt
151,17,宮島,2,11:23,0.25199844375828023,3,0.3937742199605374,2,0.2876581138152058,0.17171988763806026,0.21865446490036233,0.46277786887538086,0.1266631034649598,0.25903728200925646,1-3,1-2,0.0724893970158741,0.09923049062218615,0.05510058487569082,0.014938194844074241,0.01023977358415282,True,True,False,False,予選,2026-09-03,1号艇のdominance,-0.3789,1号艇のracer_win_te,-0.2277,6号艇の枠別出走数,-0.172,1号艇のvs_max234_diff,-0.1545,1号艇のsession_exh_rel_avg,0.1246,3号艇のwin_rate_rank_2to6,0.1433,1号艇の体重,0.0739,1号艇vs3号艇のplace_rate差,-0.0705,3号艇の当地勝率,0.0704,1号艇のvs_max234_diff,-0.0585,2号艇のsession_exh_rel_avg,-0.1106,1号艇vs2号艇のplace_rate差,-0.0632,1号艇vs3号艇の直近複勝率差,0.0453,2号艇のwin_rate_rank_2to6,0.0451,2号艇の全国勝率,0.0399,0.0659,東 2.5m/s,[逃げ]1号艇のdominanceが不利(-37.9pt)、1号艇のracer_win_teが不利(-22.8pt) / [2着]3号艇のwin_rate_rank_2to6が有利(+14.3pt)、1号艇の体重が有利(+7.4pt) / [候補2]2号艇のsession_exh_rel_avgが不利(-11.1pt)、1号艇vs2号艇のplace_rate差が不利(-6.3pt) / [除外]1号艇vs3号艇の直近複勝率差が不利(-7.3pt)、6号艇のwin_rate_rank_2to6が不利(-6.0pt)、天気+6.6pt
152,02,戸田,8,14:16,0.2470591356530464,2,0.41600703450321347,3,0.24957937553530815,0.16443920316653127,0.21640402704114048,0.4491823829973811,0.12173683624412292,0.24986215711578622,1-2,1-3,0.10277833836995097,0.06166086479658031,0.05346459187262265,0.021516052626688976,0.007639290288120976,True,True,False,False,予選,2026-09-03,場特性:in_escape_diff,-0.1651,4号艇の枠別出走数,-0.1185,1号艇の直近1着率,-0.1152,1号艇のdominance,-0.0998,1号艇の全国勝率,-0.0748,2号艇のモーター2連率,0.0581,2号艇のwin_rate_rank_2to6,0.0571,4号艇のracer_win_te,-0.0477,2号艇のclass_rank_2to6,0.0376,2号艇の全国勝率,0.0325,3号艇のwin_rate_rank_2to6,-0.0633,3号艇のcumulative_diff_rank_2to6,0.0423,1号艇vs5号艇の直近複勝率差,-0.0418,3号艇の全国勝率,0.0377,3号艇のモーター2連率,-0.0377,0.0364,北西 1.1m/s,[逃げ]場特性:in_escape_diffが不利(-16.5pt)、4号艇の枠別出走数が不利(-11.8pt) / [2着]2号艇のモーター2連率が有利(+5.8pt)、2号艇のwin_rate_rank_2to6が有利(+5.7pt) / [候補2]3号艇のwin_rate_rank_2to6が不利(-6.3pt)、3号艇のcumulative_diff_rank_2to6が有利(+4.2pt) / [除外]6号艇のwin_rate_rank_2to6が不利(-7.9pt)、6号艇のvs_avg456_diffが不利(-6.8pt)、天気+3.6pt
153,12,住之江,6,17:29,0.1707796307436565,4,0.4524474418373787,3,0.3389717742785694,0.13515828149171571,0.10876502434322557,0.6826541917727226,0.11751768895975372,0.2994070545760178,1-4,1-3,0.013368946957306461,0.05788947444381617,0.07726880704789954,0.018574850695160874,0.0036775471460475653,True,False,False,False,予選特別Ｂ戦,2026-09-03,1号艇のdominance,-0.4129,1号艇のvs_max234_diff,-0.2729,1号艇の全国2連率,-0.126,1号艇vs2号艇のcumulative差,0.0895,1号艇の直近1着率,-0.0878,4号艇のwin_rate_rank_2to6,0.1559,4号艇のclass_rank_2to6,0.1523,4号艇の一般戦2連率,0.1341,4号艇のsession_exh_rel_avg,-0.1234,4号艇の全国勝率,0.0908,3号艇のwin_rate_rank_2to6,0.0846,3号艇のsession_exh_rel_avg,0.0812,場特性:1x_diff_course3,0.054,2号艇のvs_boat3_diff,0.0487,1号艇のvs_max234_diff,-0.0486,0.0092,北東 0.6m/s,[逃げ]1号艇のdominanceが不利(-41.3pt)、1号艇のvs_max234_diffが不利(-27.3pt) / [2着]4号艇のwin_rate_rank_2to6が有利(+15.6pt)、4号艇のclass_rank_2to6が有利(+15.2pt) / [候補2]3号艇のwin_rate_rank_2to6が有利(+8.5pt)、3号艇のsession_exh_rel_avgが有利(+8.1pt) / [除外]6号艇のwin_rate_rank_2to6が不利(-9.3pt)、6号艇のvs_avg456_diffが不利(-6.6pt)、天気+0.9pt
154,13,尼崎,3,11:36,0.22745274949912483,2,0.36855725698366015,4,0.28711119191922474,0.1491335914627876,0.2116579173932566,0.4440105315096283,0.11125522500391914,0.2375966734768398,1-2,1-4,0.08382936144878902,0.04814217526435485,0.06530423001399858,0.009029412666293514,0.021147568834697587,True,True,False,False,予選,2026-09-03,1号艇のdominance,-0.2468,1号艇のracer_win_te,-0.1757,1号艇の級別順位,-0.0888,1号艇vs2号艇のcumulative差,-0.0789,1号艇のsession_avg_finish,-0.0777,2号艇の枠別出走数,-0.0922,2号艇のclass_rank_2to6,0.0545,2号艇のwin_rate_rank_2to6,0.0505,1号艇の直近複勝率,0.0458,4号艇のsession_rank_diff_delta,-0.0448,4号艇のwin_rate_rank_2to6,0.1655,4号艇のclass_rank_2to6,0.1503,4号艇の全国勝率,0.05,4号艇のcumulative_diff_rank_2to6,-0.0432,3号艇の年齢,0.0374,0.0455,北東 1.5m/s,[逃げ]1号艇のdominanceが不利(-24.7pt)、1号艇のracer_win_teが不利(-17.6pt) / [2着]2号艇の枠別出走数が不利(-9.2pt)、2号艇のclass_rank_2to6が有利(+5.5pt) / [候補2]4号艇のwin_rate_rank_2to6が有利(+16.6pt)、4号艇のclass_rank_2to6が有利(+15.0pt) / [除外]1号艇vs4号艇のlocal_win_rate差が不利(-7.8pt)、5号艇のwin_rate_rank_2to6が不利(-5.0pt)、天気+4.5pt
155,20,若松,7,18:02,0.26685185726152927,3,0.2768214898020079,6,0.269053120331327,0.14566765354599362,0.22409743930684722,0.3217771708264877,0.10649515576660065,0.19850050873014186,1-3,1-6,0.05980081788658501,0.07387032868356928,0.044119632037985176,0.01726374782636163,0.07179732486242434,True,False,False,False,予選,2026-09-03,6号艇の枠別出走数,-0.2004,1号艇のsession_exh_rel_avg,-0.1689,1号艇のdominance,-0.099,1号艇の級別順位,-0.0858,6号艇の年齢,-0.0817,3号艇の年齢,-0.1013,6号艇のracer_2nd_te,-0.0726,3号艇のwin_rate_rank_2to6,0.061,3号艇の当地勝率,0.0544,3号艇のcumulative_diff_rank_2to6,0.0356,6号艇のwin_rate_rank_2to6,0.2941,6号艇のclass_rank_2to6,0.1864,6号艇の節間得点,0.1576,6号艇の全国勝率,0.1215,6号艇のsession_exh_rel_avg,0.1105,0.0109,東 3.3m/s,[逃げ]6号艇の枠別出走数が不利(-20.0pt)、1号艇のsession_exh_rel_avgが不利(-16.9pt) / [2着]3号艇の年齢が不利(-10.1pt)、6号艇のracer_2nd_teが不利(-7.3pt) / [候補2]6号艇のwin_rate_rank_2to6が有利(+29.4pt)、6号艇のclass_rank_2to6が有利(+18.6pt)、天気+1.1pt
156,02,戸田,6,13:14,0.24673551798068227,2,0.2707759793752158,4,0.25702400552053095,0.13022700266344836,0.1647005100284622,0.36309947486728456,0.10448885815367094,0.20008874432459922,1-2,1-4,0.06681005152787041,0.04063746565355517,0.06341695113557795,0.03609765609292655,0.039773389894106455,True,True,False,False,予選,2026-09-03,1号艇のdominance,-0.3233,1号艇のvs_max234_diff,-0.1563,場特性:in_escape_diff,-0.1374,1号艇の直近1着率,-0.1158,1号艇の全国勝率,-0.1018,2号艇のwin_rate_rank_2to6,-0.1317,2号艇の全国勝率,0.0623,2号艇のclass_rank_2to6,-0.0509,1号艇vs4号艇の勝率差,0.0424,1号艇vs2号艇のplace_rate差,-0.0375,4号艇のwin_rate_rank_2to6,0.1456,4号艇の全国勝率,0.0713,4号艇の年齢,0.0476,4号艇のモーター2連率,-0.0432,4号艇のcumulative_diff_rank_2to6,0.0382,-0.039,北 0.3m/s,[逃げ]1号艇のdominanceが不利(-32.3pt)、1号艇のvs_max234_diffが不利(-15.6pt) / [2着]2号艇のwin_rate_rank_2to6が不利(-13.2pt)、2号艇の全国勝率が有利(+6.2pt) / [候補2]4号艇のwin_rate_rank_2to6が有利(+14.6pt)、4号艇の全国勝率が有利(+7.1pt)、天気-3.9pt
157,24,大村,3,18:34,0.23164587147191437,4,0.38060014784314705,2,0.2566560671017453,0.14761777126180317,0.24799936144085044,0.38925685350404193,0.10368683564950472,0.2201094959344748,1-4,1-2,0.059453318332337926,0.05744802820544408,0.08816445292946525,0.015762495777092596,0.010817575364626403,True,False,False,False,一般,2026-09-03,1号艇のdominance,-0.3503,1号艇のsession_exh_rel_avg,-0.2227,1号艇のvs_max234_diff,-0.1643,1号艇のracer_win_te,-0.1556,場特性:in_escape_diff,0.1266,4号艇のwin_rate_rank_2to6,0.1868,4号艇のracer_win_te,0.1683,4号艇のclass_rank_2to6,0.1195,4号艇の全国勝率,0.1056,4号艇の直近複勝率,0.0673,2号艇のwin_rate_rank_2to6,-0.1286,5号艇のsession_rank_diff_delta,0.0963,ST差分(4-3),-0.0663,2号艇の全国勝率,-0.0645,1号艇vs4号艇の勝率差,0.0584,0.0054,東 3.6m/s,[逃げ]1号艇のdominanceが不利(-35.0pt)、1号艇のsession_exh_rel_avgが不利(-22.3pt) / [2着]4号艇のwin_rate_rank_2to6が有利(+18.7pt)、4号艇のracer_win_teが有利(+16.8pt) / [候補2]2号艇のwin_rate_rank_2to6が不利(-12.9pt)、5号艇のsession_rank_diff_deltaが有利(+9.6pt) / [除外]6号艇のsession_exh_rel_avgが不利(-8.9pt)、4号艇のracer_avgfin_teが不利(-6.1pt)、天気+0.5pt
158,06,浜名湖,5,13:22,0.21146564403950058,2,0.3385732916549098,3,0.28195362603898394,0.13122012429398539,0.18734261637502425,0.4331843013188694,0.10172037860643607,0.22180937740145057,1-2,1-3,0.07159661917437916,0.05962350511960624,0.03296788293104311,0.03961652702778959,0.007661107423369719,True,True,False,False,一般,2026-09-03,1号艇のdominance,-0.2502,1号艇のracer_win_te,-0.2163,1号艇の級別順位,-0.0972,1号艇のsession_exh_rel_avg,0.0761,1号艇の全国勝率,-0.075,2号艇のsession_exh_rel_avg,0.068,2号艇の全国勝率,0.0612,2号艇の体重,-0.0468,1号艇の女子戦2連率,0.0464,3号艇の当地2連率,0.0366,3号艇のwin_rate_rank_2to6,-0.122,3号艇のsession_exh_rel_avg,0.118,1号艇vs3号艇のcumulative差,0.0851,3号艇の節間得点,0.0587,3号艇のracer_avgfin_te,0.0567,-0.003,南東 0.4m/s,[逃げ]1号艇のdominanceが不利(-25.0pt)、1号艇のracer_win_teが不利(-21.6pt) / [2着]2号艇のsession_exh_rel_avgが有利(+6.8pt)、2号艇の全国勝率が有利(+6.1pt) / [候補2]3号艇のwin_rate_rank_2to6が不利(-12.2pt)、3号艇のsession_exh_rel_avgが有利(+11.8pt)、天気影響ほぼなし
159,22,福岡,5,14:07,0.18995672763510596,4,0.384549064470296,2,0.2767536598488899,0.12561890148785315,0.179554462474865,0.4817482618443209,0.09855238028785177,0.23245770959479345,1-4,1-2,0.05257121958593434,0.028972642394139828,0.07304768190191882,0.034107578124005784,0.0012576061156123997,True,True,False,False,予選,2026-09-03,1号艇のdominance,-0.3052,1号艇の年齢,-0.191,1号艇のvs_max234_diff,-0.1678,1号艇のsession_exh_rel_avg,0.1503,1号艇のracer_win_te,-0.1479,4号艇のwin_rate_rank_2to6,0.1933,4号艇のclass_rank_2to6,0.1833,4号艇のsession_exh_rel_avg,0.0965,4号艇の全国勝率,0.0853,4号艇の年齢,-0.053,1号艇のモーター出走数,0.0627,2号艇のsession_exh_rel_avg,-0.0622,1号艇vs3号艇の枠別平均ST差,-0.0533,1号艇のracer_avgfin_te,-0.0515,4号艇の一般戦勝率,-0.0464,0.0271,南東 3.1m/s,[逃げ]1号艇のdominanceが不利(-30.5pt)、1号艇の年齢が不利(-19.1pt) / [2着]4号艇のwin_rate_rank_2to6が有利(+19.3pt)、4号艇のclass_rank_2to6が有利(+18.3pt) / [候補2]1号艇のモーター出走数が有利(+6.3pt)、2号艇のsession_exh_rel_avgが不利(-6.2pt) / [除外]6号艇のsession_exh_rel_avgが不利(-7.1pt)、6号艇のwin_rate_rank_2to6が不利(-6.8pt)、天気+2.7pt
160,22,福岡,6,14:43,0.2079637035916109,2,0.3561082007136781,4,0.26007426580268894,0.12814358782495747,0.21340349496178745,0.40277897155457965,0.09532804042641105,0.21053420294384412,1-2,1-4,0.07405758029976123,0.04438018117164699,0.05408600752519623,0.017372631940272193,0.018067297231658088,True,True,False,False,予選,2026-09-03,1号艇のdominance,-0.1722,1号艇のsession_exh_rel_avg,-0.1469,1号艇のracer_win_te,-0.1378,1号艇の級別順位,-0.0905,5号艇のsession_exh_rel_avg,-0.0758,2号艇のsession_exh_rel_avg,0.0981,2号艇のwin_rate_rank_2to6,0.085,6号艇のsession_exh_rel_last,-0.0649,2号艇のclass_rank_2to6,-0.062,2号艇の全国勝率,0.0488,4号艇のsession_exh_rel_avg,0.0837,4号艇のモーター2連率,0.0762,4号艇のwin_rate_rank_2to6,-0.0578,4号艇の年齢,0.0563,4号艇のclass_rank_2to6,0.0552,0.0227,南東 2.6m/s,[逃げ]1号艇のdominanceが不利(-17.2pt)、1号艇のsession_exh_rel_avgが不利(-14.7pt) / [2着]2号艇のsession_exh_rel_avgが有利(+9.8pt)、2号艇のwin_rate_rank_2to6が有利(+8.5pt) / [候補2]4号艇のsession_exh_rel_avgが有利(+8.4pt)、4号艇のモーター2連率が有利(+7.6pt)、天気+2.3pt
161,18,徳山,8,12:06,0.21078822945607967,3,0.38433544733478187,4,0.2652714848876005,0.13692949508555152,0.2546219009694723,0.39498503125291,0.09509119708058376,0.21434615593575906,1-3,1-4,0.05367129968609632,0.08101338846090902,0.055916106624642505,0.006015016220376832,0.014172414341506403,True,True,False,False,予選,2026-09-03,1号艇のdominance,-0.3419,場特性:in_escape_diff,0.2161,1号艇のracer_win_te,-0.1708,4号艇のsession_exh_rel_avg,-0.1662,1号艇のvs_max234_diff,-0.1549,3号艇のwin_rate_rank_2to6,0.1305,4号艇の直近1着率,0.0735,1号艇vs3号艇のplace_rate差,-0.0658,1号艇のvs_max234_diff,-0.062,1号艇vs6号艇のplace_rate差,0.047,4号艇の節間得点,0.1428,4号艇のsession_exh_rel_avg,0.1067,4号艇のwin_rate_rank_2to6,0.0858,4号艇のcumulative_diff_rank_2to6,0.0649,4号艇のモーター2連率,0.0503,0.0263,北東 2.7m/s,[逃げ]1号艇のdominanceが不利(-34.2pt)、場特性:in_escape_diffが有利(+21.6pt) / [2着]3号艇のwin_rate_rank_2to6が有利(+13.0pt)、4号艇の直近1着率が有利(+7.4pt) / [候補2]4号艇の節間得点が有利(+14.3pt)、4号艇のsession_exh_rel_avgが有利(+10.7pt)、天気+2.6pt
162,20,若松,2,15:47,0.19563454783664827,4,0.31359613289893684,3,0.29779378849585303,0.11960899082395364,0.19892498028631633,0.41246494110847354,0.09105713145388823,0.2074657759093096,1-4,1-3,0.03891659857172767,0.058258753160948674,0.061350237663004965,0.027157640531518323,0.009951321189028297,True,False,False,False,予選,2026-09-03,1号艇のdominance,-0.4717,1号艇のvs_max234_diff,-0.2825,1号艇の全国2連率,-0.2228,1号艇の年齢,-0.173,1号艇のsession_exh_rel_avg,-0.1561,1号艇の直近複勝率,0.1542,4号艇のモーター2連率,0.1347,4号艇のwin_rate_rank_2to6,-0.1227,1号艇vs5号艇のlocal_win_rate差,0.1182,3号艇の年齢,0.0986,3号艇の女子戦勝率,0.1031,1号艇vs2号艇の枠別平均ST差,0.095,1号艇vs6号艇のplace_rate差,0.0791,3号艇の節間得点,-0.0764,3号艇のsession_exh_rel_avg,0.0658,0.065,南東 3.9m/s,[逃げ]1号艇のdominanceが不利(-47.2pt)、1号艇のvs_max234_diffが不利(-28.2pt) / [2着]1号艇の直近複勝率が有利(+15.4pt)、4号艇のモーター2連率が有利(+13.5pt) / [候補2]3号艇の女子戦勝率が有利(+10.3pt)、1号艇vs2号艇の枠別平均ST差が有利(+9.5pt) / [除外]1号艇vs5号艇の枠別平均ST差が不利(-8.6pt)、1号艇vs5号艇の級別差が不利(-8.3pt)、天気+6.5pt
163,20,若松,6,17:34,0.16687007314603558,2,0.4252711172012855,4,0.26574495869146975,0.11530990312931054,0.23104941800970702,0.45996665788304825,0.08333915991877106,0.21870692955543183,1-2,1-4,0.07096502243427479,0.03855523328362876,0.04434488069503576,0.008155476206026134,0.004849458040512291,True,False,False,False,予選,2026-09-03,1号艇のdominance,-0.4022,1号艇のracer_win_te,-0.1771,1号艇のvs_max234_diff,-0.1597,1号艇の年齢,-0.129,1号艇vs4号艇の枠別勝率差,-0.1254,2号艇のwin_rate_rank_2to6,0.1959,2号艇の当地勝率,0.1018,2号艇のclass_rank_2to6,0.0748,2号艇のsession_exh_rel_avg,0.0717,1号艇vs2号艇のplace_rate差,-0.0592,4号艇のclass_rank_2to6,0.1049,2号艇の枠別勝率,-0.0702,4号艇のwin_rate_rank_2to6,0.0655,1号艇のvs_max234_frame_diff,0.0572,4号艇の年齢,-0.0529,0.0753,東 3.1m/s,[逃げ]1号艇のdominanceが不利(-40.2pt)、1号艇のracer_win_teが不利(-17.7pt) / [2着]2号艇のwin_rate_rank_2to6が有利(+19.6pt)、2号艇の当地勝率が有利(+10.2pt) / [候補2]4号艇のclass_rank_2to6が有利(+10.5pt)、2号艇の枠別勝率が不利(-7.0pt)、天気+7.5pt
164,10,三国,7,11:20,0.21814821781885588,2,0.26567803632949916,5,0.22068749038846952,0.10609977286205399,0.18488217729515904,0.30148334942280963,0.08256062444134395,0.16471484583028068,1-2,1-5,0.057957190138893486,0.040330484800861606,0.03138624104720071,0.048142582723160514,0.040331717483408684,True,True,False,False,予選,2026-09-03,1号艇のdominance,-0.3967,1号艇の平均ST,-0.2172,1号艇のracer_win_te,-0.1263,1号艇の級別順位,-0.0866,1号艇の全国勝率,-0.0753,2号艇のwin_rate_rank_2to6,-0.1262,1号艇のracer_avgfin_te,-0.0559,2号艇のclass_rank_2to6,-0.0523,1号艇vs6号艇のlocal_win_rate差,0.0473,2号艇の当地勝率,-0.0395,5号艇のclass_rank_2to6,0.1502,5号艇のwin_rate_rank_2to6,0.1012,場特性:1x_diff_course5,-0.0944,5号艇の枠別勝率,0.0612,avg_456_win_rate,0.0556,-0.0418,南 4.2m/s,[逃げ]1号艇のdominanceが不利(-39.7pt)、1号艇の平均STが不利(-21.7pt) / [2着]2号艇のwin_rate_rank_2to6が不利(-12.6pt)、1号艇のracer_avgfin_teが不利(-5.6pt) / [候補2]5号艇のclass_rank_2to6が有利(+15.0pt)、5号艇のwin_rate_rank_2to6が有利(+10.1pt)、天気-4.2pt
165,17,宮島,6,13:27,0.14462570639045988,2,0.39711303743979376,3,0.30695985987058927,0.10182704012389186,0.18950969881381516,0.5145631984965678,0.07867038607791464,0.22564788763569466,1-2,1-3,0.05743275355659131,0.04439428656730055,0.027407974058791314,0.009115790500716744,0.006274902245832699,True,True,False,False,予選,2026-09-03,1号艇のdominance,-0.3315,1号艇のracer_win_te,-0.2676,1号艇のsession_exh_rel_avg,-0.2055,1号艇のvs_max234_diff,-0.1736,1号艇の年齢,-0.1125,2号艇のwin_rate_rank_2to6,0.0677,2号艇のモーター2連率,0.0589,1号艇の年齢,0.0581,1号艇vs6号艇の直近複勝率差,-0.0563,1号艇vs3号艇の直近複勝率差,-0.0544,3号艇のsession_exh_rel_avg,0.1072,4号艇の枠別出走数,-0.084,1号艇のvs_max234_diff,-0.0546,3号艇のwin_rate_rank_2to6,-0.0517,3号艇のモーター2連率,0.0434,0.0926,東 2.5m/s,[逃げ]1号艇のdominanceが不利(-33.2pt)、1号艇のracer_win_teが不利(-26.8pt) / [2着]2号艇のwin_rate_rank_2to6が有利(+6.8pt)、2号艇のモーター2連率が有利(+5.9pt) / [候補2]3号艇のsession_exh_rel_avgが有利(+10.7pt)、4号艇の枠別出走数が不利(-8.4pt) / [除外]6号艇のwin_rate_rank_2to6が不利(-6.9pt)、天気+9.3pt
166,06,浜名湖,3,12:19,0.1530750245648573,2,0.2987788960487657,5,0.2606274266522175,0.08563113658918949,0.20087579532403482,0.3585305273769483,0.0649896693889641,0.1675009538255171,1-2,1-5,0.045735586852125754,0.017011965842563946,0.019682853688894174,0.03989554973706374,0.03074906730371188,True,True,False,False,一般,2026-09-03,1号艇のdominance,-0.313,1号艇のracer_win_te,-0.1844,1号艇の年齢,-0.1465,5号艇の枠別出走数,-0.1341,1号艇vs2号艇のcumulative差,-0.1311,2号艇の女子戦比率,-0.156,3号艇の直近平均着順,0.1194,2号艇の当地勝率,0.1148,2号艇のclass_rank_2to6,0.091,2号艇のsession_exh_rel_avg,-0.0896,5号艇のwin_rate_rank_2to6,0.1793,3号艇の一般戦2連率,0.0912,mean_234_全国勝率,0.0696,4号艇のsession_rank_diff_delta,0.0665,1号艇vs6号艇の直近複勝率差,0.0598,-0.0491,南東 1.8m/s,[逃げ]1号艇のdominanceが不利(-31.3pt)、1号艇のracer_win_teが不利(-18.4pt) / [2着]2号艇の女子戦比率が不利(-15.6pt)、3号艇の直近平均着順が有利(+11.9pt) / [候補2]5号艇のwin_rate_rank_2to6が有利(+17.9pt)、3号艇の一般戦2連率が有利(+9.1pt) / [除外]4号艇のwin_rate_rank_2to6が不利(-5.2pt)、天気-4.9pt
167,02,戸田,9,14:48,0.07759122646054492,2,0.3768133573267939,4,0.22557841348382118,0.046740316306935106,0.1430358922182987,0.4593558785923163,0.03871766489230155,0.17052498499254948,1-2,1-4,0.029237410541701498,0.01109833030509611,0.01750290576523361,0.010415002731086056,0.009337578273627018,True,True,False,False,戸田特賞,2026-09-03,3号艇の平均ST,-0.3238,1号艇のdominance,-0.2723,1号艇のracer_win_te,-0.2504,5号艇の枠別出走数,-0.1733,1号艇のvs_max234_diff,-0.1461,2号艇のwin_rate_rank_2to6,0.1722,3号艇のracer_win_te,0.0635,1号艇vs2号艇のplace_rate差,-0.0625,3号艇の全国勝率,-0.0572,ST差分(4-3),-0.049,5号艇の年齢,0.0834,4号艇のwin_rate_rank_2to6,0.0725,1号艇のvs_max234_frame_diff,0.0701,4号艇の年齢,-0.0573,4号艇のcumulative_diff_rank_2to6,0.0535,-0.0063,北 1.3m/s,[逃げ]3号艇の平均STが不利(-32.4pt)、1号艇のdominanceが不利(-27.2pt) / [2着]2号艇のwin_rate_rank_2to6が有利(+17.2pt)、3号艇のracer_win_teが有利(+6.4pt) / [候補2]5号艇の年齢が有利(+8.3pt)、4号艇のwin_rate_rank_2to6が有利(+7.3pt)、天気-0.6pt
168,24,大村,4,19:03,0.08942728781015183,3,0.3215733770998318,4,0.28816930425128406,0.05452763425531994,0.25352187905293844,0.35622080229817743,0.037938896299255835,0.14503558466817718,1-3,1-4,0.022671774044237626,0.028757434945989147,0.025770199309330787,0.008547390812985741,0.003680489030751132,True,False,False,False,一般,2026-09-03,1号艇のdominance,-0.4213,1号艇のvs_max234_diff,-0.2671,1号艇のracer_win_te,-0.2247,1号艇のsession_exh_rel_avg,-0.186,場特性:in_escape_diff,0.1363,3号艇のwin_rate_rank_2to6,0.1862,3号艇の全国勝率,0.154,1号艇vs3号艇のplace_rate差,-0.0863,1号艇のvs_max234_diff,-0.071,4号艇のsession_rank_diff_last,-0.0538,4号艇のclass_rank_2to6,0.1541,4号艇のsession_exh_rel_avg,0.0798,4号艇のwin_rate_rank_2to6,-0.0593,4号艇の全国勝率,0.0558,1号艇vs4号艇のcumulative差,0.0557,0.026,東 3.1m/s,[逃げ]1号艇のdominanceが不利(-42.1pt)、1号艇のvs_max234_diffが不利(-26.7pt) / [2着]3号艇のwin_rate_rank_2to6が有利(+18.6pt)、3号艇の全国勝率が有利(+15.4pt) / [候補2]4号艇のclass_rank_2to6が有利(+15.4pt)、4号艇のsession_exh_rel_avgが有利(+8.0pt) / [除外]3号艇のracer_avgfin_teが不利(-5.2pt)、6号艇のモーター2連率が不利(-5.1pt)、天気+2.6pt
