rank,venue_code,venue_name,race_no,closing_time,in_escape_prob,second_pred_1,second_pred_1_prob,second_pred_2,second_pred_2_prob,confidence_score,third_prob,top2_margin,adjusted_score,score_margin_blend,ticket_1,ticket_2,score_boat2,score_boat3,score_boat4,score_boat5,score_boat6,is_teppan,is_lunch,is_excluded,is_channel_target,race_grade,race_date,top_feat_1,top_feat_1_contrib,top_feat_2,top_feat_2_contrib,top_feat_3,top_feat_3_contrib,top_feat_4,top_feat_4_contrib,top_feat_5,top_feat_5_contrib,s2_top_feat_1,s2_top_feat_1_contrib,s2_top_feat_2,s2_top_feat_2_contrib,s2_top_feat_3,s2_top_feat_3_contrib,s2_top_feat_4,s2_top_feat_4_contrib,s2_top_feat_5,s2_top_feat_5_contrib,s2_top2_feat_1,s2_top2_feat_1_contrib,s2_top2_feat_2,s2_top2_feat_2_contrib,s2_top2_feat_3,s2_top2_feat_3_contrib,s2_top2_feat_4,s2_top2_feat_4_contrib,s2_top2_feat_5,s2_top2_feat_5_contrib,weather_contribution,wind_info,reason_text
1,22,福岡,12,17:26,0.9018258249946629,2,0.46875282475149704,3,0.37427559008261835,0.760264795701719,0.08481723030687628,0.7582111845272391,0.6828845305762276,0.759648712349375,1-2,1-3,0.4227334029000975,0.3375313928016216,0.07649036869526103,0.05871556002820005,0.006355095530138334,True,False,False,False,福岡選抜,2026-09-05,1号艇のdominance,0.3054,1号艇のracer_win_te,0.1237,1号艇のsession_exh_rel_avg,0.1147,1号艇の全国勝率,0.1113,race_no,0.1006,2号艇のwin_rate_rank_2to6,0.18,2号艇の当地勝率,0.1176,2号艇のclass_rank_2to6,0.0886,2号艇のsession_exh_rel_avg,-0.0633,レース時間帯,-0.0527,1号艇の直近1着率,0.1246,3号艇のsession_exh_rel_avg,-0.1236,3号艇のwin_rate_rank_2to6,-0.0707,場特性:1x_diff_course3,0.0583,3号艇のcumulative_diff_rank_2to6,-0.0548,0.0659,北東 2.8m/s,[逃げ]1号艇のdominanceが有利(+30.5pt)、1号艇のracer_win_teが有利(+12.4pt) / [2着]2号艇のwin_rate_rank_2to6が有利(+18.0pt)、2号艇の当地勝率が有利(+11.8pt) / [候補2]1号艇の直近1着率が有利(+12.5pt)、3号艇のsession_exh_rel_avgが不利(-12.4pt) / [除外]6号艇のwin_rate_rank_2to6が不利(-7.6pt)、6号艇のvs_avg456_diffが不利(-5.1pt)、天気+6.6pt
2,18,徳山,4,10:02,0.8242199142370614,2,0.49854650057827077,3,0.3415838475116479,0.6924521634506253,0.09347961185205049,0.7466507362378683,0.6147759720920528,0.7087117352867982,1-2,1-3,0.41091195394980945,0.2815402095008159,0.050136766318584845,0.07704775766361084,0.004583236783230332,False,False,True,False,ガチトク一般,2026-09-05,場特性:in_escape_diff,0.228,1号艇の節間得点,0.1128,1号艇のracer_win_te,0.0795,1号艇の勝率順位,-0.068,1号艇のdominance,0.0653,2号艇のwin_rate_rank_2to6,0.1672,2号艇のclass_rank_2to6,0.114,2号艇のsession_exh_rel_avg,-0.0978,2号艇の一般戦勝率,-0.0561,2号艇の全国勝率,0.0468,3号艇のsession_exh_rel_avg,0.0675,3号艇のwin_rate_rank_2to6,0.0593,3号艇の当地勝率,-0.0523,6号艇のsession_rank_diff_delta,-0.0507,場特性:1x_diff_course3,0.0494,0.0587,東 3.5m/s,[逃げ]場特性:in_escape_diffが有利(+22.8pt)、1号艇の節間得点が有利(+11.3pt) / [2着]2号艇のwin_rate_rank_2to6が有利(+16.7pt)、2号艇のclass_rank_2to6が有利(+11.4pt) / [候補2]3号艇のsession_exh_rel_avgが有利(+6.8pt)、3号艇のwin_rate_rank_2to6が有利(+5.9pt) / [除外]6号艇の節間得点が不利(-10.0pt)、6号艇のsession_exh_rel_avgが不利(-8.7pt)、天気+5.9pt
3,22,福岡,5,13:58,0.8344197045583233,3,0.5601478571394909,2,0.25385210562283356,0.6792176084386249,0.14290422203616773,0.6710957407261567,0.5627419317259992,0.6767810481248844,1-3,1-2,0.21181919897531304,0.46739840946331185,0.11924209873155611,0.0269159675872277,0.009044028246686707,True,True,False,False,予選,2026-09-05,1号艇のdominance,0.2542,1号艇のsession_exh_rel_avg,0.1235,1号艇の勝率順位,0.0936,1号艇のlocal_win_rate順位,0.0867,1号艇の全国勝率,0.0725,3号艇のwin_rate_rank_2to6,0.1682,1号艇のracer_2nd_te,0.0585,3号艇のsession_exh_rel_avg,-0.0555,2号艇のvs_boat3_diff,0.0487,1号艇vs5号艇のplace_rate差,0.044,2号艇のsession_exh_rel_avg,-0.0854,2号艇のwin_rate_rank_2to6,-0.0616,5号艇のsession_avg_finish,-0.0479,場特性:1x_diff_course2,0.0347,2号艇の当地勝率,-0.0343,-0.0206,東 5.3m/s,[逃げ]1号艇のdominanceが有利(+25.4pt)、1号艇のsession_exh_rel_avgが有利(+12.4pt) / [2着]3号艇のwin_rate_rank_2to6が有利(+16.8pt)、1号艇のracer_2nd_teが有利(+5.8pt) / [候補2]2号艇のsession_exh_rel_avgが不利(-8.5pt)、2号艇のwin_rate_rank_2to6が不利(-6.2pt) / [除外]6号艇のwin_rate_rank_2to6が不利(-7.6pt)、1号艇vs6号艇の枠別平均ST差が不利(-6.2pt)、天気-2.1pt
4,10,三国,1,08:32,0.8310407731707823,4,0.40969978442655164,2,0.3848745528424582,0.6603236715856998,0.14113751052138257,0.6534368267476273,0.5484879446105663,0.6582576181342781,1-4,1-2,0.3198464459679556,0.11729102586708919,0.3404772256177443,0.03066111344398996,0.022764951438464902,False,False,True,False,みくにあさイ,2026-09-05,1号艇のdominance,0.301,風速区分,-0.2821,1号艇のvs_max234_diff,0.1249,1号艇の全国勝率,0.1213,1号艇のsession_exh_rel_avg,0.0992,ST差分(3-2),0.2916,4号艇のwin_rate_rank_2to6,0.1176,4号艇のsession_exh_rel_avg,0.0952,ST差分(4-3),0.0846,4号艇の節間得点,-0.0825,2号艇のwin_rate_rank_2to6,0.1932,2号艇のracer_avgfin_te,-0.0631,3号艇の全国勝率,-0.0627,1号艇vs6号艇の枠別平均ST差,0.0625,2号艇のsession_exh_rel_avg,-0.0554,-0.2089,北東 10.3m/s,[逃げ]1号艇のdominanceが有利(+30.1pt)、風速区分が不利(-28.2pt) / [2着]ST差分(3-2)が有利(+29.2pt)、4号艇のwin_rate_rank_2to6が有利(+11.8pt) / [候補2]2号艇のwin_rate_rank_2to6が有利(+19.3pt)、2号艇のracer_avgfin_teが不利(-6.3pt)、天気-20.9pt
5,18,徳山,5,10:29,0.6733169579495195,2,0.5168649499590448,3,0.3486958782707721,0.5827967837839668,0.04917251243621282,0.816388315793604,0.5484076852658845,0.652874243386858,1-2,1-3,0.3480139357771546,0.23478284800681223,0.03310868648828573,0.02836760922976862,0.029043894751455714,False,False,True,False,一般,2026-09-05,場特性:in_escape_diff,0.2224,1号艇のdominance,-0.1957,1号艇のsession_exh_rel_avg,0.1174,1号艇の級別順位,-0.0797,3号艇のracer_win_te,-0.0734,3号艇の全国2連率,0.0798,2号艇のsession_exh_rel_avg,0.0779,場特性:1x_diff_course2,0.0633,場特性:in_escape_diff,0.0572,1号艇vs2号艇の枠別勝率差,0.0513,3号艇のsession_exh_rel_avg,-0.1871,3号艇のwin_rate_rank_2to6,0.1808,4号艇の節間得点,0.1347,3号艇の当地勝率,0.0462,1号艇のsession_rank_diff_last,0.0455,0.0324,東 3.4m/s,[逃げ]場特性:in_escape_diffが有利(+22.2pt)、1号艇のdominanceが不利(-19.6pt) / [2着]3号艇の全国2連率が有利(+8.0pt)、2号艇のsession_exh_rel_avgが有利(+7.8pt) / [候補2]3号艇のsession_exh_rel_avgが不利(-18.7pt)、3号艇のwin_rate_rank_2to6が有利(+18.1pt) / [除外]4号艇のwin_rate_rank_2to6が不利(-5.2pt)、3号艇のracer_avgfin_teが不利(-5.2pt)、天気+3.2pt
6,18,徳山,9,12:41,0.8462340344580804,2,0.4000488269360528,3,0.376393909121832,0.6570522690599344,0.13865938324206906,0.6377833528158158,0.5477245141971514,0.6512715941866988,1-2,1-3,0.33853493279831837,0.318517336261616,0.11733828929640525,0.05524071008399655,0.016602769958328534,True,True,False,False,推しトク特選,2026-09-05,1号艇のdominance,0.3062,場特性:in_escape_diff,0.1921,1号艇のsession_exh_rel_avg,-0.1741,1号艇のracer_win_te,0.1542,5号艇の平均ST,0.1229,2号艇のsession_exh_rel_avg,0.0768,2号艇のwin_rate_rank_2to6,0.0681,2号艇のclass_rank_2to6,-0.0651,場特性:in_escape_diff,0.0616,2号艇のcumulative_diff_rank_2to6,-0.0568,3号艇のwin_rate_rank_2to6,0.158,3号艇のsession_exh_rel_avg,0.0677,1号艇vs2号艇のlocal_win_rate差,-0.0529,3号艇のsession_rank_diff_delta,0.0488,6号艇のsession_rank_diff_last,-0.0468,0.012,北東 2.1m/s,[逃げ]1号艇のdominanceが有利(+30.6pt)、場特性:in_escape_diffが有利(+19.2pt) / [2着]2号艇のsession_exh_rel_avgが有利(+7.7pt)、2号艇のwin_rate_rank_2to6が有利(+6.8pt) / [候補2]3号艇のwin_rate_rank_2to6が有利(+15.8pt)、3号艇のsession_exh_rel_avgが有利(+6.8pt) / [除外]6号艇のwin_rate_rank_2to6が不利(-7.2pt)、天気+1.2pt
7,12,住之江,2,15:42,0.7287451363796889,3,0.5790547330539559,2,0.2815018423090909,0.6271264188753816,0.11466130326607331,0.7458952720969736,0.5408378598743776,0.6627570748418592,1-3,1-2,0.20514309846467213,0.42198332041070946,0.08355886708610745,0.012185617966362835,0.005874216841810724,True,False,False,False,一般戦,2026-09-05,1号艇のdominance,0.2396,1号艇の年齢,-0.0968,ST差分(6-5),0.0876,1号艇の級別順位,0.0746,1号艇のvs_max234_diff,0.0657,3号艇のwin_rate_rank_2to6,0.1873,3号艇の当地勝率,0.1036,6号艇の年齢,0.0654,1号艇のracer_2nd_te,0.06,3号艇のclass_rank_2to6,0.0536,2号艇のsession_exh_rel_avg,0.0907,2号艇の全国勝率,-0.0781,2号艇のracer_avgfin_te,-0.064,2号艇のモーター2連率,0.0568,2号艇のwin_rate_rank_2to6,0.056,0.0601,北東 1.8m/s,[逃げ]1号艇のdominanceが有利(+24.0pt)、1号艇の年齢が不利(-9.7pt) / [2着]3号艇のwin_rate_rank_2to6が有利(+18.7pt)、3号艇の当地勝率が有利(+10.4pt) / [候補2]2号艇のsession_exh_rel_avgが有利(+9.1pt)、2号艇の全国勝率が不利(-7.8pt) / [除外]5号艇のracer_win_teが不利(-13.0pt)、6号艇の直近平均着順が不利(-12.9pt)、天気+6.0pt
8,07,蒲郡,11,20:10,0.7875116588245897,4,0.5570701741804769,2,0.22181909148165124,0.6133843776422491,0.10850829209240842,0.6703809735697197,0.5335156281852986,0.6304833564204902,1-4,1-2,0.1746851206916786,0.08545154510191567,0.4386992569505705,0.06598929181938878,0.022686421524787226,False,False,False,False,予選特選,2026-09-05,1号艇のdominance,0.1497,1号艇のracer_win_te,0.1125,1号艇の全国勝率,0.1119,4号艇のモーター2連率,-0.1088,1号艇のsession_exh_rel_avg,-0.1082,4号艇のclass_rank_2to6,0.236,4号艇のwin_rate_rank_2to6,0.2283,4号艇の全国勝率,0.1335,4号艇のモーター2連率,0.0572,win_rate_gap_top2_2to6,0.0545,2号艇のsession_exh_rel_avg,0.1307,2号艇のclass_rank_2to6,-0.0589,3号艇の全国勝率,-0.0536,レース時間帯,-0.0452,2号艇のwin_rate_rank_2to6,-0.0441,0.1438,北東 2.2m/s,[逃げ]1号艇のdominanceが有利(+15.0pt)、1号艇のracer_win_teが有利(+11.2pt) / [2着]4号艇のclass_rank_2to6が有利(+23.6pt)、4号艇のwin_rate_rank_2to6が有利(+22.8pt) / [候補2]2号艇のsession_exh_rel_avgが有利(+13.1pt)、2号艇のclass_rank_2to6が不利(-5.9pt) / [除外]6号艇のwin_rate_rank_2to6が不利(-8.2pt)、天気+14.4pt
9,13,尼崎,7,13:39,0.6400570325438439,3,0.7115042807742367,2,0.17990630663018237,0.5705536153522373,0.058726516176141136,0.8326840712282779,0.5303456640066305,0.6491927521150495,1-3,1-2,0.1151502967576374,0.45540331859459987,0.037588319675338946,0.02709652133818964,0.004818579456625653,True,True,False,False,一般,2026-09-05,1号艇のdominance,0.0707,場特性:in_escape_diff,0.0561,1号艇のモーター2連率順位,0.0481,3号艇のracer_win_te,-0.0462,3号艇の一般戦勝率,-0.0423,3号艇のwin_rate_rank_2to6,0.2289,3号艇の当地勝率,0.1161,3号艇のsession_exh_rel_avg,0.1104,3号艇の女子戦勝率,0.0757,1号艇のracer_2nd_te,0.0622,2号艇のwin_rate_rank_2to6,-0.1857,2号艇の全国勝率,-0.0735,2号艇の直近平均着順,-0.0543,2号艇のsession_exh_rel_avg,0.0465,2号艇のclass_rank_2to6,-0.0443,0.0755,北 3.4m/s,[逃げ]1号艇のdominanceが有利(+7.1pt)、場特性:in_escape_diffが有利(+5.6pt) / [2着]3号艇のwin_rate_rank_2to6が有利(+22.9pt)、3号艇の当地勝率が有利(+11.6pt) / [候補2]2号艇のwin_rate_rank_2to6が不利(-18.6pt)、2号艇の全国勝率が不利(-7.3pt) / [除外]3号艇の一般戦勝率が不利(-5.5pt)、6号艇のsession_exh_rel_avgが不利(-5.1pt)、天気+7.6pt
10,12,住之江,4,16:44,0.7595064263769391,2,0.42164965760779716,3,0.35420729512641397,0.5892683415508625,0.09468009810625413,0.6811768546279571,0.522317960284128,0.6168408954739908,1-2,1-3,0.32024562463275796,0.2690227169181045,0.04409982337876048,0.05422811282685322,0.07191014296169908,True,False,False,False,一般戦,2026-09-05,1号艇のsession_exh_rel_avg,0.1659,1号艇のdominance,-0.1469,2号艇のsession_exh_rel_avg,-0.1001,1号艇の級別順位,0.0807,1号艇の節間得点,0.0805,2号艇のsession_exh_rel_avg,0.1118,2号艇のclass_rank_2to6,-0.0518,2号艇の全国勝率,0.0453,1号艇vs3号艇のlocal_win_rate差,0.0403,3号艇の当地2連率,0.0373,3号艇のsession_exh_rel_avg,0.0935,6号艇のracer_2nd_te,-0.0647,3号艇の当地勝率,-0.0456,3号艇の全国勝率,0.0389,3号艇のwin_rate_rank_2to6,0.0369,0.0753,東 1.8m/s,[逃げ]1号艇のsession_exh_rel_avgが有利(+16.6pt)、1号艇のdominanceが不利(-14.7pt) / [2着]2号艇のsession_exh_rel_avgが有利(+11.2pt)、2号艇のclass_rank_2to6が不利(-5.2pt) / [候補2]3号艇のsession_exh_rel_avgが有利(+9.3pt)、6号艇のracer_2nd_teが不利(-6.5pt) / [除外]4号艇のwin_rate_rank_2to6が不利(-5.5pt)、天気+7.5pt
11,18,徳山,2,09:10,0.8106539037808218,3,0.5384912872005246,4,0.1909824501437036,0.5913507328836844,0.11796050742188859,0.6115132299223397,0.5076434938653663,0.597399481995281,1-3,1-4,0.09562514583352058,0.436530064121065,0.1548206687626195,0.04356096863425457,0.08011703981979597,False,False,True,False,狙いトク一般,2026-09-05,場特性:in_escape_diff,0.2065,1号艇のdominance,0.1637,1号艇の節間得点,0.0619,1号艇の勝率順位,0.0615,1号艇の級別順位,0.061,3号艇のwin_rate_rank_2to6,0.1864,2号艇のracer_avgfin_te,0.0403,3号艇のclass_rank_2to6,0.0383,場特性:1x_diff_course3,0.0366,3号艇のsession_exh_rel_last,-0.0365,4号艇のsession_exh_rel_avg,0.0951,4号艇の節間得点,-0.0687,4号艇の全国勝率,0.0665,4号艇のwin_rate_rank_2to6,-0.0635,1号艇vs4号艇のcumulative差,-0.0548,-0.0725,東 4.0m/s,[逃げ]場特性:in_escape_diffが有利(+20.7pt)、1号艇のdominanceが有利(+16.4pt) / [2着]3号艇のwin_rate_rank_2to6が有利(+18.6pt)、2号艇のracer_avgfin_teが有利(+4.0pt) / [候補2]4号艇のsession_exh_rel_avgが有利(+9.5pt)、4号艇の節間得点が不利(-6.9pt) / [除外]2号艇のwin_rate_rank_2to6が不利(-7.6pt)、天気-7.2pt
12,20,若松,12,20:45,0.7581584908335148,2,0.3963424712049142,3,0.37895446586914194,0.5877979557599129,0.1274871292178738,0.6478098078561823,0.4978739470319536,0.6058015113887937,1-2,1-3,0.3004904098219436,0.28730754593796937,0.0966554494885205,0.06251898206373585,0.011186098578714698,False,False,False,False,優勝戦,2026-09-05,1号艇の年齢,-0.1806,1号艇のracer_win_te,0.1604,1号艇のdominance,0.1488,1号艇のsession_exh_rel_avg,0.1398,race_no,0.1071,2号艇のwin_rate_rank_2to6,0.1625,2号艇のsession_exh_rel_avg,-0.1051,レース時間帯,-0.0408,2号艇の全国勝率,0.0375,枠別勝率の分散(2-6号艇),0.0348,3号艇の節間得点,0.127,3号艇の当地勝率,0.0947,3号艇のsession_exh_rel_avg,0.0855,3号艇のcumulative_diff_rank_2to6,-0.0758,3号艇のwin_rate_rank_2to6,-0.0618,0.087,北東 2.6m/s,[逃げ]1号艇の年齢が不利(-18.1pt)、1号艇のracer_win_teが有利(+16.0pt) / [2着]2号艇のwin_rate_rank_2to6が有利(+16.2pt)、2号艇のsession_exh_rel_avgが不利(-10.5pt) / [候補2]3号艇の節間得点が有利(+12.7pt)、3号艇の当地勝率が有利(+9.5pt) / [除外]6号艇のwin_rate_rank_2to6が不利(-6.1pt)、2号艇のracer_2nd_teが不利(-6.0pt)、天気+8.7pt
13,20,若松,9,19:16,0.7566974746090603,2,0.4895872186198542,3,0.26968796074150575,0.5745416107560823,0.11920107771554796,0.6400741016458119,0.4923584357226201,0.5942013580230012,1-2,1-3,0.37046941193051763,0.20407219882556482,0.09019915447803348,0.04025378942389689,0.05170290726591763,True,False,False,False,一般戦,2026-09-05,1号艇のdominance,0.1744,1号艇のsession_exh_rel_avg,0.1578,1号艇の年齢,-0.0918,1号艇の級別順位,0.0795,1号艇のvs_max234_diff,0.0736,2号艇のwin_rate_rank_2to6,0.1699,2号艇のsession_exh_rel_avg,0.1178,2号艇の当地勝率,0.0994,2号艇のclass_rank_2to6,-0.0621,second_best_win_rate,0.045,3号艇のsession_exh_rel_avg,-0.1723,3号艇のwin_rate_rank_2to6,-0.0755,3号艇の当地勝率,0.0687,3号艇の全国勝率,-0.0523,3号艇の年齢,-0.0494,0.0541,北東 2.1m/s,[逃げ]1号艇のdominanceが有利(+17.4pt)、1号艇のsession_exh_rel_avgが有利(+15.8pt) / [2着]2号艇のwin_rate_rank_2to6が有利(+17.0pt)、2号艇のsession_exh_rel_avgが有利(+11.8pt) / [候補2]3号艇のsession_exh_rel_avgが不利(-17.2pt)、3号艇のwin_rate_rank_2to6が不利(-7.6pt) / [除外]6号艇のsession_exh_rel_avgが不利(-6.7pt)、5号艇のracer_avgfin_teが不利(-5.7pt)、天気+5.4pt
14,18,徳山,8,12:06,0.7449526684935024,2,0.555361164935383,3,0.19169812966839553,0.5565238150379583,0.10286262306563389,0.6441966715381446,0.48782921574200067,0.5828256719880142,1-2,1-3,0.41371778179627366,0.1428060332416847,0.06601851132162574,0.04578255104260308,0.07662778554098526,True,True,False,False,一般,2026-09-05,場特性:in_escape_diff,0.1976,1号艇のdominance,0.1424,1号艇の体重,-0.0971,1号艇の節間得点,0.0961,場特性:1x_diff_course2,0.078,2号艇のwin_rate_rank_2to6,0.0857,2号艇のclass_rank_2to6,0.0844,2号艇の節間得点,-0.063,2号艇の全国勝率,0.0589,1号艇vs2号艇のlocal_win_rate差,0.0548,3号艇のwin_rate_rank_2to6,-0.1244,3号艇の全国勝率,-0.0616,3号艇のsession_exh_rel_avg,-0.0548,3号艇のracer_avgfin_te,-0.0439,3号艇の当地勝率,-0.0402,0.0534,北東 2.4m/s,[逃げ]場特性:in_escape_diffが有利(+19.8pt)、1号艇のdominanceが有利(+14.2pt) / [2着]2号艇のwin_rate_rank_2to6が有利(+8.6pt)、2号艇のclass_rank_2to6が有利(+8.4pt) / [候補2]3号艇のwin_rate_rank_2to6が不利(-12.4pt)、3号艇の全国勝率が不利(-6.2pt)、天気+5.3pt
15,12,住之江,3,16:11,0.7905804044979119,2,0.5471066775827793,4,0.1690077050979956,0.5661459983265394,0.13159635187109942,0.5845180308096755,0.47674270071910646,0.5716576080714802,1-2,1-4,0.4325318184669023,0.10403749709270332,0.13361417985963717,0.10066200187782086,0.01973489910170904,True,False,False,False,一般戦,2026-09-05,1号艇の年齢,-0.1075,1号艇の級別順位,0.0956,1号艇のdominance,0.0868,5号艇の節間得点,-0.0866,1号艇の節間得点,0.0737,2号艇のwin_rate_rank_2to6,0.21,4号艇の女子戦比率,0.0889,2号艇のclass_rank_2to6,0.0866,2号艇のsession_exh_rel_avg,0.0717,2号艇の全国勝率,0.0629,4号艇のsession_exh_rel_avg,-0.1076,4号艇のclass_rank_2to6,-0.0946,4号艇のwin_rate_rank_2to6,-0.0911,2号艇のracer_avgfin_te,-0.0664,4号艇の全国勝率,-0.0557,0.0957,北東 1.9m/s,[逃げ]1号艇の年齢が不利(-10.7pt)、1号艇の級別順位が有利(+9.6pt) / [2着]2号艇のwin_rate_rank_2to6が有利(+21.0pt)、4号艇の女子戦比率が有利(+8.9pt) / [候補2]4号艇のsession_exh_rel_avgが不利(-10.8pt)、4号艇のclass_rank_2to6が不利(-9.5pt) / [除外]6号艇のwin_rate_rank_2to6が不利(-8.7pt)、6号艇のvs_avg456_diffが不利(-5.5pt)、天気+9.6pt
16,17,宮島,12,16:49,0.8600718317669667,2,0.48121941379242045,3,0.22303274264052558,0.6057074422091202,0.1912952618147597,0.5129568946181864,0.4666646857204697,0.57788227793184,1-2,1-3,0.41388326270227294,0.1918241795068473,0.16452766623736184,0.0558974412222508,0.03393929171028552,True,False,False,False,準優勝戦,2026-09-05,1号艇のdominance,0.3095,1号艇のsession_exh_rel_avg,0.1859,1号艇のracer_win_te,0.1547,1号艇の全国勝率,0.1238,race_no,0.0995,2号艇のwin_rate_rank_2to6,0.1722,2号艇のsession_exh_rel_avg,0.1046,2号艇の全国勝率,0.0513,2号艇の節間得点,0.0512,4号艇のracer_2nd_te,-0.0484,3号艇のsession_exh_rel_avg,-0.1085,6号艇のracer_2nd_te,-0.0721,3号艇のwin_rate_rank_2to6,-0.0646,1号艇vs5号艇のplace_rate差,0.043,3号艇のcumulative_diff_rank_2to6,0.0402,0.0741,北東 3.2m/s,[逃げ]1号艇のdominanceが有利(+31.0pt)、1号艇のsession_exh_rel_avgが有利(+18.6pt) / [2着]2号艇のwin_rate_rank_2to6が有利(+17.2pt)、2号艇のsession_exh_rel_avgが有利(+10.5pt) / [候補2]3号艇のsession_exh_rel_avgが不利(-10.8pt)、6号艇のracer_2nd_teが不利(-7.2pt) / [除外]1号艇vs6号艇のcumulative差が不利(-6.1pt)、5号艇のwin_rate_rank_2to6が不利(-5.2pt)、天気+7.4pt
17,12,住之江,1,15:17,0.7597898709524016,2,0.5147046163276097,3,0.25699282830816456,0.586327901874113,0.17329707020220383,0.5984003744335704,0.4643972127870062,0.5899496436419502,1-2,1-3,0.3910673540181599,0.19526054785595304,0.13166935860536172,0.03173015443672409,0.010062470896001435,True,False,False,False,一般戦,2026-09-05,1号艇のdominance,0.1758,1号艇のvs_max234_diff,0.0903,1号艇の級別順位,0.0812,1号艇の全国勝率,-0.075,1号艇の勝率順位,0.0698,2号艇のwin_rate_rank_2to6,0.1535,2号艇の節間得点,0.0676,3号艇の全国勝率,-0.0638,2号艇のclass_rank_2to6,-0.0633,3号艇の直近平均着順,0.0426,3号艇のwin_rate_rank_2to6,-0.0696,3号艇のcumulative_diff_rank_2to6,-0.0521,場特性:1x_diff_course3,0.0451,3号艇のracer_2nd_te,-0.0392,4号艇の体重,0.0365,0.1082,北東 1.8m/s,[逃げ]1号艇のdominanceが有利(+17.6pt)、1号艇のvs_max234_diffが有利(+9.0pt) / [2着]2号艇のwin_rate_rank_2to6が有利(+15.4pt)、2号艇の節間得点が有利(+6.8pt) / [候補2]3号艇のwin_rate_rank_2to6が不利(-7.0pt)、3号艇のcumulative_diff_rank_2to6が不利(-5.2pt) / [除外]6号艇のwin_rate_rank_2to6が不利(-7.3pt)、6号艇のracer_win_teが不利(-6.0pt)、天気+10.8pt
18,17,宮島,8,14:46,0.7100988759324005,3,0.6220980431746579,2,0.13703131206206426,0.5390569018408844,0.11795970989337032,0.6411696453433519,0.46275250693228076,0.5696907248916245,1-3,1-2,0.09730578066281383,0.4417511211780705,0.04664450602209314,0.08376305740059432,0.04063439611954425,True,True,False,False,一般戦,2026-09-05,1号艇のsession_exh_rel_avg,-0.1086,風速区分,0.0774,1号艇の節間得点,0.0755,2号艇の平均ST,-0.0745,1号艇のdominance,0.0659,3号艇のwin_rate_rank_2to6,0.2276,3号艇のsession_exh_rel_avg,-0.1303,2号艇のvs_boat3_diff,0.0438,場特性:1x_diff_course3,0.0434,3号艇のclass_rank_2to6,0.0434,2号艇のwin_rate_rank_2to6,-0.2213,2号艇の全国勝率,-0.155,2号艇のsession_exh_rel_avg,-0.0951,2号艇の節間得点,-0.0819,1号艇vs2号艇のcumulative差,-0.0572,0.0672,東 1.8m/s,[逃げ]1号艇のsession_exh_rel_avgが不利(-10.9pt)、風速区分が有利(+7.7pt) / [2着]3号艇のwin_rate_rank_2to6が有利(+22.8pt)、3号艇のsession_exh_rel_avgが不利(-13.0pt) / [候補2]2号艇のwin_rate_rank_2to6が不利(-22.1pt)、2号艇の全国勝率が不利(-15.5pt)、天気+6.7pt
19,18,徳山,1,08:44,0.8724666673769238,2,0.4825481676638874,3,0.1572374250402575,0.5581916039023552,0.15636123982999212,0.4834243528741528,0.4534561664037183,0.5357614285938945,1-2,1-3,0.4210071916905529,0.13718441221180233,0.1125892511321358,0.13641996982139715,0.0652658620221853,False,False,True,False,朝トク一般,2026-09-05,1号艇のdominance,0.305,場特性:in_escape_diff,0.1954,1号艇のracer_win_te,0.115,1号艇のvs_max234_frame_diff,0.1035,1号艇のvs_max234_diff,0.085,2号艇のwin_rate_rank_2to6,-0.1389,3号艇の直近平均着順,0.0994,2号艇のsession_exh_rel_avg,-0.0816,2号艇の直近平均着順,-0.0693,2号艇のsession_avg_finish,-0.0669,3号艇のsession_exh_rel_avg,-0.1662,3号艇の節間得点,-0.1422,3号艇の当地勝率,-0.0855,3号艇のracer_2nd_te,-0.0662,3号艇のwin_rate_rank_2to6,0.0646,-0.0316,東 4.3m/s,[逃げ]1号艇のdominanceが有利(+30.5pt)、場特性:in_escape_diffが有利(+19.5pt) / [2着]2号艇のwin_rate_rank_2to6が不利(-13.9pt)、3号艇の直近平均着順が有利(+9.9pt) / [候補2]3号艇のsession_exh_rel_avgが不利(-16.6pt)、3号艇の節間得点が不利(-14.2pt) / [除外]6号艇のwin_rate_rank_2to6が不利(-7.0pt)、6号艇のvs_avg456_diffが不利(-5.5pt)、天気-3.2pt
20,01,桐生,12,20:30,0.7004444675952943,2,0.4288444810704382,3,0.32095269719263575,0.5251912853329328,0.11384629128254614,0.6359508869805277,0.4534419892740514,0.5584191658272113,1-2,1-3,0.3003817442245634,0.22480954110836945,0.07974300488510183,0.06511005265900835,0.030400124065911586,False,False,False,False,桐生ドリーム,2026-09-05,1号艇のdominance,0.1724,1号艇の年齢,-0.1092,風速区分,0.0912,レース時間帯,0.0882,場特性:in_escape_diff,-0.0853,2号艇のsession_exh_rel_avg,0.0834,2号艇の全国勝率,0.0657,3号艇のモーター出走数,0.0524,1号艇vs6号艇のlocal_win_rate差,-0.0517,1号艇の年齢,0.0482,3号艇のwin_rate_rank_2to6,0.1444,4号艇のモーター出走数,-0.1111,3号艇の当地勝率,0.087,6号艇のモーター出走数,0.0723,1号艇のモーター出走数,-0.0426,0.2237,北東 0.9m/s,[逃げ]1号艇のdominanceが有利(+17.2pt)、1号艇の年齢が不利(-10.9pt) / [2着]2号艇のsession_exh_rel_avgが有利(+8.3pt)、2号艇の全国勝率が有利(+6.6pt) / [候補2]3号艇のwin_rate_rank_2to6が有利(+14.4pt)、4号艇のモーター出走数が不利(-11.1pt) / [除外]1号艇vs5号艇の枠別平均ST差が不利(-6.0pt)、4号艇のwin_rate_rank_2to6が不利(-5.4pt)、天気+22.4pt
21,03,江戸川,10,15:22,0.6973046882078413,3,0.4088850789079392,2,0.3371940198608414,0.5202444533453519,0.1170501716776296,0.6290289270911511,0.4471708102512623,0.5528797954690916,1-3,1-2,0.23512697088461268,0.28511748246073915,0.08161963346634381,0.05180579744655033,0.04363481953556969,True,False,False,False,予選特賞,2026-09-05,1号艇のdominance,0.1407,場特性:in_escape_diff,-0.1318,1号艇の勝率順位,0.0876,1号艇のvs_max234_diff,0.0862,レース時間帯,0.0723,3号艇の当地勝率,0.0791,3号艇のwin_rate_rank_2to6,0.0563,場特性:1x_diff_course3,-0.0413,3号艇のcumulative_diff_rank_2to6,0.0382,3号艇のclass_rank_2to6,0.0358,2号艇のwin_rate_rank_2to6,-0.1195,2号艇のモーター2連率,0.0793,2号艇のsession_exh_rel_avg,0.0518,2号艇の全国勝率,0.0493,2号艇のclass_rank_2to6,-0.039,0.1372,北東 1.4m/s,[逃げ]1号艇のdominanceが有利(+14.1pt)、場特性:in_escape_diffが不利(-13.2pt) / [2着]3号艇の当地勝率が有利(+7.9pt)、3号艇のwin_rate_rank_2to6が有利(+5.6pt) / [候補2]2号艇のwin_rate_rank_2to6が不利(-12.0pt)、2号艇のモーター2連率が有利(+7.9pt) / [除外]4号艇のwin_rate_rank_2to6が不利(-5.0pt)、天気+13.7pt
22,11,琵琶湖,10,15:09,0.6296736251154147,3,0.6380214178558609,2,0.1576986977931052,0.5010439697979415,0.09422328437890742,0.7014968312700587,0.44439195965481176,0.5611798282395766,1-3,1-2,0.0992987107153648,0.4017452590825767,0.039756665307607686,0.059329917045147264,0.02954306827328415,True,False,False,False,予選特賞,2026-09-05,1号艇のsession_exh_rel_avg,-0.2248,場特性:in_escape_diff,-0.087,1号艇の節間得点,0.0754,風速区分,0.0702,1号艇のsession_exh_rel_last,-0.0669,3号艇のwin_rate_rank_2to6,0.2102,3号艇のモーター2連率,0.0633,3号艇の全国勝率,0.0556,2号艇のvs_boat3_diff,0.0554,3号艇のsession_exh_rel_avg,-0.0487,2号艇のwin_rate_rank_2to6,-0.1555,2号艇のsession_exh_rel_avg,-0.153,レース時間帯,-0.0672,2号艇のclass_rank_2to6,-0.0501,2号艇のracer_avgfin_te,-0.0486,0.0916,東 1.8m/s,[逃げ]1号艇のsession_exh_rel_avgが不利(-22.5pt)、場特性:in_escape_diffが不利(-8.7pt) / [2着]3号艇のwin_rate_rank_2to6が有利(+21.0pt)、3号艇のモーター2連率が有利(+6.3pt) / [候補2]2号艇のwin_rate_rank_2to6が不利(-15.6pt)、2号艇のsession_exh_rel_avgが不利(-15.3pt) / [除外]4号艇のwin_rate_rank_2to6が不利(-6.1pt)、5号艇のsession_exh_rel_avgが不利(-5.0pt)、天気+9.2pt
23,07,蒲郡,10,19:40,0.8079649540312757,3,0.5102608617747165,2,0.15835660285015843,0.5402194790701451,0.14868310359805412,0.5199343610268208,0.44383366854341727,0.5341339436571478,1-3,1-2,0.12794658534237724,0.41227289372776793,0.09152587396333318,0.056088845974544124,0.12013073696382918,True,False,False,False,予選特賞,2026-09-05,1号艇のdominance,0.2142,1号艇のracer_win_te,0.1304,風速区分,0.108,1号艇の全国勝率,0.0995,4号艇のモーター2連率,-0.0985,3号艇のwin_rate_rank_2to6,0.2058,3号艇のsession_exh_rel_avg,0.1251,2号艇のvs_boat3_diff,0.0607,3号艇の当地勝率,-0.0545,3号艇の全国勝率,0.0473,2号艇のwin_rate_rank_2to6,-0.1303,2号艇のsession_exh_rel_avg,-0.1292,レース時間帯,-0.0683,1号艇vs2号艇のplace_rate差,-0.0637,2号艇のsession_avg_finish,0.0624,0.1021,北東 2.2m/s,[逃げ]1号艇のdominanceが有利(+21.4pt)、1号艇のracer_win_teが有利(+13.0pt) / [2着]3号艇のwin_rate_rank_2to6が有利(+20.6pt)、3号艇のsession_exh_rel_avgが有利(+12.5pt) / [候補2]2号艇のwin_rate_rank_2to6が不利(-13.0pt)、2号艇のsession_exh_rel_avgが不利(-12.9pt) / [除外]4号艇のwin_rate_rank_2to6が不利(-6.7pt)、天気+10.2pt
24,12,住之江,6,17:37,0.7421615117768507,3,0.39815075458005533,2,0.31667977381666174,0.5305197056191526,0.13719966703226516,0.577630861364452,0.4431751532611489,0.5446530523427424,1-3,1-2,0.23502753968492482,0.2954921659342277,0.05009880624446678,0.05971867378944955,0.10182431229994646,True,False,False,False,一般戦,2026-09-05,1号艇のsession_exh_rel_avg,-0.1098,1号艇vs4号艇の直近複勝率差,-0.0981,風速区分,0.087,1号艇のvs_max234_diff,0.0729,1号艇の節間得点,0.0712,3号艇のモーター2連率,0.1506,3号艇のwin_rate_rank_2to6,-0.084,3号艇のracer_avgfin_te,-0.0688,3号艇の全国勝率,-0.0466,1号艇vs4号艇の勝率差,0.043,2号艇のsession_exh_rel_avg,-0.1116,2号艇のモーター2連率,-0.0422,win_rate_gap_top2_2to6,-0.0389,1号艇vs4号艇の直近複勝率差,0.0366,6号艇のvs_avg456_diff,-0.0287,0.1228,北東 1.6m/s,[逃げ]1号艇のsession_exh_rel_avgが不利(-11.0pt)、1号艇vs4号艇の直近複勝率差が不利(-9.8pt) / [2着]3号艇のモーター2連率が有利(+15.1pt)、3号艇のwin_rate_rank_2to6が不利(-8.4pt) / [候補2]2号艇のsession_exh_rel_avgが不利(-11.2pt)、2号艇のモーター2連率が不利(-4.2pt) / [除外]4号艇のracer_avgfin_teが不利(-8.5pt)、4号艇のwin_rate_rank_2to6が不利(-6.4pt)、天気+12.3pt
25,18,徳山,6,10:59,0.6831073515614803,2,0.5726775736111214,3,0.16505043045331105,0.5039474230291914,0.10480744592642614,0.6329205581380063,0.4405664922825188,0.5426393635618358,1-2,1-3,0.3912002606081478,0.1127471624210436,0.07159473681072402,0.04515661663675766,0.06240857890196693,False,False,True,False,一般,2026-09-05,場特性:in_escape_diff,0.2012,1号艇の節間得点,0.1003,5号艇の枠別出走数,-0.0906,1号艇のdominance,0.0734,場特性:1x_diff_course2,0.0723,2号艇のclass_rank_2to6,0.0904,5号艇の枠別勝率,0.063,2号艇のwin_rate_rank_2to6,0.0553,場特性:1x_diff_course2,0.0544,2号艇の節間得点,0.0498,3号艇のwin_rate_rank_2to6,-0.1538,3号艇のsession_exh_rel_avg,0.1282,3号艇の節間得点,-0.0782,場特性:1x_diff_course3,0.0578,3号艇のcumulative_diff_rank_2to6,-0.0494,0.0571,東 3.2m/s,[逃げ]場特性:in_escape_diffが有利(+20.1pt)、1号艇の節間得点が有利(+10.0pt) / [2着]2号艇のclass_rank_2to6が有利(+9.0pt)、5号艇の枠別勝率が有利(+6.3pt) / [候補2]3号艇のwin_rate_rank_2to6が不利(-15.4pt)、3号艇のsession_exh_rel_avgが有利(+12.8pt)、天気+5.7pt
26,22,福岡,9,15:56,0.5865646189856926,2,0.5171915962972874,3,0.32312556647404445,0.49290031640810444,0.08909898891315088,0.7512181738581809,0.44020001261578334,0.5703956736431274,1-2,1-3,0.3033662916247205,0.18953402478338396,0.05226231448385279,0.019124325612577358,0.02227766466628148,True,False,False,False,予選特賞,2026-09-05,6号艇の枠別出走数,-0.0879,1号艇のモーター2連率順位,-0.0666,1号艇の勝率順位,-0.066,1号艇の級別順位,0.0658,1号艇の節間得点,-0.0622,2号艇のsession_exh_rel_avg,0.0768,2号艇のモーター2連率,0.0629,2号艇の全国勝率,0.0576,場特性:1x_diff_course2,0.0553,1号艇のモーター出走数,0.0358,3号艇のwin_rate_rank_2to6,0.1626,3号艇のsession_exh_rel_avg,-0.0651,3号艇の当地勝率,0.0513,6号艇のracer_2nd_te,-0.0496,場特性:1x_diff_course3,0.0431,0.0429,北東 3.7m/s,[逃げ]6号艇の枠別出走数が不利(-8.8pt)、1号艇のモーター2連率順位が不利(-6.7pt) / [2着]2号艇のsession_exh_rel_avgが有利(+7.7pt)、2号艇のモーター2連率が有利(+6.3pt) / [候補2]3号艇のwin_rate_rank_2to6が有利(+16.3pt)、3号艇のsession_exh_rel_avgが不利(-6.5pt) / [除外]5号艇のracer_win_teが不利(-7.2pt)、天気+4.3pt
27,09,津,4,12:13,0.7708278157731299,2,0.42516731016538206,3,0.25082097022859773,0.5210705696643255,0.13665576100566945,0.5393325193883104,0.4356218153821622,0.526549154581521,1-2,1-3,0.3277307890329183,0.19333978063140722,0.10533806176881504,0.09311243569347051,0.05130676156852697,True,True,False,False,予選,2026-09-05,1号艇のracer_win_te,0.1788,3号艇のsession_rank_diff_last,-0.1286,1号艇のsession_exh_rel_avg,-0.1068,1号艇の節間得点,0.0751,風速区分,0.0746,2号艇のwin_rate_rank_2to6,-0.1336,2号艇の当地勝率,0.0936,2号艇の全国勝率,0.0652,2号艇のclass_rank_2to6,-0.0594,2号艇のsession_exh_rel_avg,0.0568,3号艇の節間得点,-0.1297,3号艇の当地勝率,0.1133,3号艇のwin_rate_rank_2to6,-0.1079,3号艇のcumulative_diff_rank_2to6,-0.0667,1号艇の直近1着率,0.0472,0.0699,南東 2.5m/s,[逃げ]1号艇のracer_win_teが有利(+17.9pt)、3号艇のsession_rank_diff_lastが不利(-12.9pt) / [2着]2号艇のwin_rate_rank_2to6が不利(-13.4pt)、2号艇の当地勝率が有利(+9.4pt) / [候補2]3号艇の節間得点が不利(-13.0pt)、3号艇の当地勝率が有利(+11.3pt) / [除外]3号艇のracer_win_teが不利(-6.4pt)、天気+7.0pt
28,18,徳山,10,13:12,0.7850276792839113,2,0.5015986157394385,3,0.21333526121509744,0.5612428822670688,0.1890451764176163,0.5258887005369196,0.43392257063749734,0.550636627748024,1-2,1-3,0.3937687972459538,0.16747408502111494,0.1484056961229389,0.052166165288457654,0.023212926100964034,True,True,False,False,のんた選抜,2026-09-05,場特性:in_escape_diff,0.1713,1号艇のdominance,0.1318,1号艇の年齢,0.1066,1号艇vs5号艇のlocal_win_rate差,0.0658,1号艇の節間得点,0.0609,2号艇のwin_rate_rank_2to6,0.1413,2号艇のclass_rank_2to6,0.0739,場特性:in_escape_diff,0.0551,場特性:1x_diff_course2,0.0468,2号艇の全国勝率,0.0436,3号艇のwin_rate_rank_2to6,-0.0987,3号艇のcumulative_diff_rank_2to6,0.0569,3号艇の当地勝率,-0.0444,3号艇の節間得点,0.0401,3号艇のsession_exh_rel_last,-0.035,0.109,北東 2.2m/s,[逃げ]場特性:in_escape_diffが有利(+17.1pt)、1号艇のdominanceが有利(+13.2pt) / [2着]2号艇のwin_rate_rank_2to6が有利(+14.1pt)、2号艇のclass_rank_2to6が有利(+7.4pt) / [候補2]3号艇のwin_rate_rank_2to6が不利(-9.9pt)、3号艇のcumulative_diff_rank_2to6が有利(+5.7pt) / [除外]6号艇のwin_rate_rank_2to6が不利(-6.8pt)、天気+10.9pt
29,22,福岡,1,11:48,0.7154005010838889,2,0.49068230996378215,4,0.22829807878906244,0.5143589303832742,0.13382670400687902,0.5851536847459655,0.4317569779876374,0.5355973566920815,1-2,1-4,0.3510343704210898,0.09573969110492653,0.16332455996218442,0.0868115848099892,0.018490272132565225,True,True,False,False,予選,2026-09-05,1号艇のdominance,0.2132,1号艇のsession_exh_rel_avg,0.1399,1号艇のvs_max234_diff,0.0929,1号艇の勝率順位,0.0691,1号艇の全国勝率,-0.0688,2号艇のwin_rate_rank_2to6,0.143,2号艇のsession_exh_rel_avg,-0.094,2号艇のclass_rank_2to6,-0.0612,3号艇の全国勝率,-0.0609,second_best_win_rate,0.0604,4号艇のwin_rate_rank_2to6,-0.19,4号艇のclass_rank_2to6,-0.1031,4号艇の全国勝率,-0.0853,4号艇のsession_exh_rel_avg,0.0629,3号艇の年齢,0.0507,-0.0048,東 5.5m/s,[逃げ]1号艇のdominanceが有利(+21.3pt)、1号艇のsession_exh_rel_avgが有利(+14.0pt) / [2着]2号艇のwin_rate_rank_2to6が有利(+14.3pt)、2号艇のsession_exh_rel_avgが不利(-9.4pt) / [候補2]4号艇のwin_rate_rank_2to6が不利(-19.0pt)、4号艇のclass_rank_2to6が不利(-10.3pt) / [除外]1号艇vs6号艇のcumulative差が不利(-7.4pt)、天気-0.5pt
30,01,桐生,5,17:01,0.5795954053226955,3,0.47092055621648443,2,0.36203530700156594,0.4827773911577816,0.09612216102954081,0.7368337021885095,0.42709066379663374,0.558994284467,1-3,1-2,0.2098340005026991,0.2729433906550825,0.055711962882410114,0.03766450527407044,0.0034415446589576037,True,False,False,False,予選,2026-09-05,1号艇の級別順位,-0.0935,場特性:in_escape_diff,-0.0913,1号艇の勝率順位,-0.0748,1号艇のモーター2連率順位,0.0733,風速区分,0.0613,3号艇のwin_rate_rank_2to6,0.1683,4号艇のモーター出走数,-0.1116,6号艇のモーター出走数,0.0826,3号艇のclass_rank_2to6,0.0409,3号艇の当地勝率,-0.0396,2号艇のclass_rank_2to6,0.0944,2号艇のwin_rate_rank_2to6,0.0727,2号艇の全国勝率,0.0438,2号艇の当地勝率,-0.0419,2号艇のモーター2連率,-0.0416,0.0293,南東 2.0m/s,[逃げ]1号艇の級別順位が不利(-9.4pt)、場特性:in_escape_diffが不利(-9.1pt) / [2着]3号艇のwin_rate_rank_2to6が有利(+16.8pt)、4号艇のモーター出走数が不利(-11.2pt) / [候補2]2号艇のclass_rank_2to6が有利(+9.4pt)、2号艇のwin_rate_rank_2to6が有利(+7.3pt) / [除外]6号艇の全国勝率が不利(-17.3pt)、6号艇のwin_rate_rank_2to6が不利(-11.5pt)、天気+2.9pt
31,02,戸田,7,13:45,0.7695579256349828,3,0.41709496661362266,4,0.24937599343345454,0.5128880095097842,0.15153406975609462,0.5149368902909826,0.41962400061764,0.5135026737441437,1-3,1-4,0.11661424438452697,0.3209787372999719,0.19190927220981238,0.0594612154865608,0.0805944734550708,True,True,False,False,ウインウイン,2026-09-05,1号艇のdominance,0.3171,場特性:in_escape_diff,-0.1583,1号艇のvs_max234_diff,0.1458,2号艇の平均ST,-0.1002,風速区分,0.0946,3号艇のsession_exh_rel_avg,0.1496,4号艇のsession_rank_diff_last,-0.1215,3号艇のwin_rate_rank_2to6,-0.0729,3号艇の全国勝率,-0.0665,3号艇のcumulative_diff_rank_2to6,0.0523,4号艇のwin_rate_rank_2to6,0.1267,4号艇のsession_exh_rel_avg,-0.1135,4号艇のclass_rank_2to6,-0.0967,second_best_win_rate,0.0524,4号艇の年齢,-0.0391,0.0357,東 1.4m/s,[逃げ]1号艇のdominanceが有利(+31.7pt)、場特性:in_escape_diffが不利(-15.8pt) / [2着]3号艇のsession_exh_rel_avgが有利(+15.0pt)、4号艇のsession_rank_diff_lastが不利(-12.2pt) / [候補2]4号艇のwin_rate_rank_2to6が有利(+12.7pt)、4号艇のsession_exh_rel_avgが不利(-11.4pt) / [除外]2号艇のwin_rate_rank_2to6が不利(-5.2pt)、天気+3.6pt
32,07,蒲郡,9,19:09,0.7145663296101602,3,0.4146451699984484,2,0.26045424907965437,0.4824033140125913,0.1137524883027278,0.561346930775375,0.416553821211294,0.5060863990414264,1-3,1-2,0.18611183679621907,0.2962914772163722,0.07334872149167981,0.08128369805050288,0.07753059339341918,True,False,False,False,予選特賞,2026-09-05,5号艇のsession_exh_rel_avg,-0.1104,風速区分,0.0798,1号艇のvs_max234_diff,0.0778,1号艇のlocal_win_rate順位,0.0754,1号艇の平均ST,0.0584,3号艇のwin_rate_rank_2to6,0.0629,6号艇のracer_win_te,0.0462,3号艇のsession_exh_rel_avg,-0.0437,場特性:1x_diff_course3,0.0395,3号艇の枠別平均ST,-0.0361,2号艇のwin_rate_rank_2to6,-0.166,2号艇の全国勝率,-0.0861,2号艇のモーター2連率,0.0717,2号艇のsession_avg_finish,0.0624,2号艇の直近平均着順,-0.0574,0.0661,北東 2.2m/s,[逃げ]5号艇のsession_exh_rel_avgが不利(-11.0pt)、風速区分が有利(+8.0pt) / [2着]3号艇のwin_rate_rank_2to6が有利(+6.3pt)、6号艇のracer_win_teが有利(+4.6pt) / [候補2]2号艇のwin_rate_rank_2to6が不利(-16.6pt)、2号艇の全国勝率が不利(-8.6pt) / [除外]1号艇vs5号艇の枠別平均ST差が不利(-7.9pt)、天気+6.6pt
33,20,若松,5,17:20,0.7147205662261642,2,0.48011881453568117,4,0.25678548696198,0.5266806596209044,0.17534544735608204,0.5615588541415791,0.41585939257087573,0.5371441179771068,1-2,1-4,0.3431507909807768,0.12532299741951902,0.18352986864012766,0.040303222654038816,0.02241366390009833,True,False,False,False,一般戦,2026-09-05,1号艇vs4号艇のcumulative差,0.1281,1号艇のdominance,0.0938,1号艇のsession_rank_diff_delta,0.0887,1号艇の年齢,-0.0811,1号艇の一般戦勝率,0.0782,2号艇のwin_rate_rank_2to6,0.071,2号艇のclass_rank_2to6,0.0695,2号艇の当地勝率,0.0471,1号艇のsession_rank_diff_delta,-0.0429,2号艇の全国勝率,0.0358,4号艇のwin_rate_rank_2to6,0.1483,4号艇のclass_rank_2to6,0.1173,4号艇の節間得点,-0.0846,4号艇の年齢,-0.0597,4号艇のsession_exh_rel_avg,-0.0375,0.055,東 3.8m/s,[逃げ]1号艇vs4号艇のcumulative差が有利(+12.8pt)、1号艇のdominanceが有利(+9.4pt) / [2着]2号艇のwin_rate_rank_2to6が有利(+7.1pt)、2号艇のclass_rank_2to6が有利(+7.0pt) / [候補2]4号艇のwin_rate_rank_2to6が有利(+14.8pt)、4号艇のclass_rank_2to6が有利(+11.7pt) / [除外]6号艇のwin_rate_rank_2to6が不利(-8.7pt)、天気+5.5pt
34,17,宮島,2,11:23,0.6838759394949677,3,0.5447746836665182,5,0.203276776660689,0.5115743952218513,0.15909382959620025,0.5889576307310069,0.41390839963080606,0.534789365874598,1-3,1-5,0.10880044218295375,0.3725582986055139,0.050013930534566,0.1390160966163374,0.013487184930687738,True,True,False,False,一般戦,2026-09-05,1号艇のdominance,0.1737,1号艇のsession_exh_rel_avg,0.1121,1号艇の勝率順位,0.1032,5号艇のsession_exh_rel_avg,-0.0909,1号艇vs4号艇のcumulative差,0.0672,3号艇のwin_rate_rank_2to6,0.1525,3号艇のsession_exh_rel_avg,0.0891,3号艇のモーター2連率,0.0661,3号艇のclass_rank_2to6,0.0444,場特性:1x_diff_course3,0.0406,6号艇のracer_win_te,-0.1777,5号艇のclass_rank_2to6,0.1693,5号艇のsession_exh_rel_avg,0.1243,5号艇のwin_rate_rank_2to6,0.1008,5号艇の節間得点,0.0958,0.0188,東 2.6m/s,[逃げ]1号艇のdominanceが有利(+17.4pt)、1号艇のsession_exh_rel_avgが有利(+11.2pt) / [2着]3号艇のwin_rate_rank_2to6が有利(+15.2pt)、3号艇のsession_exh_rel_avgが有利(+8.9pt) / [候補2]6号艇のracer_win_teが不利(-17.8pt)、5号艇のclass_rank_2to6が有利(+16.9pt) / [除外]6号艇のwin_rate_rank_2to6が不利(-8.7pt)、6号艇のvs_avg456_diffが不利(-6.4pt)、天気+1.9pt
35,13,尼崎,6,13:10,0.6306565764989247,4,0.5111783113921183,3,0.2755905988352364,0.49618098741977334,0.13949659208954804,0.6472723181378067,0.413122319254151,0.5415083866351833,1-4,1-3,0.08797444320046134,0.17380302357671873,0.3223779638430546,0.04465966020915108,0.001841472454283045,True,True,False,False,昼どきピンク,2026-09-05,ST差分(4-3),-0.0858,6号艇の枠別出走数,-0.0827,1号艇の節間得点,0.0768,1号艇vs4号艇の枠別平均ST差,-0.0765,1号艇のdominance,0.0763,4号艇のwin_rate_rank_2to6,0.2619,4号艇のclass_rank_2to6,0.2435,4号艇のcumulative_diff_rank_2to6,0.0884,4号艇の全国勝率,0.0822,4号艇のsession_exh_rel_avg,-0.0703,3号艇の当地勝率,0.1321,3号艇の全国勝率,-0.1099,3号艇のsession_exh_rel_avg,0.0591,3号艇の枠別平均ST,-0.0467,2号艇の枠別勝率,0.0453,0.0429,北東 2.5m/s,[逃げ]ST差分(4-3)が不利(-8.6pt)、6号艇の枠別出走数が不利(-8.3pt) / [2着]4号艇のwin_rate_rank_2to6が有利(+26.2pt)、4号艇のclass_rank_2to6が有利(+24.4pt) / [候補2]3号艇の当地勝率が有利(+13.2pt)、3号艇の全国勝率が不利(-11.0pt) / [除外]6号艇の直近平均着順が不利(-15.0pt)、6号艇の全国勝率が不利(-12.3pt)、天気+4.3pt
36,13,尼崎,9,14:37,0.8067970572926797,4,0.34642617242740936,3,0.3240505897538997,0.540938678711004,0.2092991052776898,0.4611776569036192,0.4050771009538334,0.5170103721687885,1-4,1-3,0.1688619022320309,0.26144306222740366,0.27949561648360033,0.0851915019104306,0.011804984582956413,True,True,False,False,一般特選,2026-09-05,1号艇のdominance,0.2132,1号艇のsession_exh_rel_avg,0.139,1号艇の級別順位,0.0686,1号艇のvs_max234_diff,0.0597,1号艇の勝率順位,0.059,4号艇のwin_rate_rank_2to6,0.1749,4号艇のclass_rank_2to6,0.1214,4号艇のsession_exh_rel_avg,-0.0859,4号艇のcumulative_diff_rank_2to6,0.0661,4号艇の節間得点,0.0589,4号艇のsession_exh_rel_delta,-0.0697,3号艇のsession_exh_rel_avg,0.0673,3号艇のwin_rate_rank_2to6,0.0547,3号艇の節間得点,-0.0514,6号艇のsession_rank_diff_last,0.044,0.0748,北 3.0m/s,[逃げ]1号艇のdominanceが有利(+21.3pt)、1号艇のsession_exh_rel_avgが有利(+13.9pt) / [2着]4号艇のwin_rate_rank_2to6が有利(+17.5pt)、4号艇のclass_rank_2to6が有利(+12.1pt) / [候補2]4号艇のsession_exh_rel_deltaが不利(-7.0pt)、3号艇のsession_exh_rel_avgが有利(+6.7pt) / [除外]6号艇のsession_exh_rel_avgが不利(-7.6pt)、6号艇のwin_rate_rank_2to6が不利(-7.1pt)、天気+7.5pt
37,04,平和島,3,11:53,0.630616145624262,2,0.49523815284047334,3,0.2645265538388505,0.4791198909074632,0.13848883460490757,0.6212758720744163,0.3994965845140972,0.5217666852575491,1-2,1-3,0.3123051751103385,0.16681471579712473,0.08733329509054273,0.019130253800983123,0.0450326858568332,True,True,False,False,予選,2026-09-05,1号艇のdominance,0.2201,1号艇の女子戦比率,-0.1676,場特性:in_escape_diff,-0.1447,1号艇の勝率順位,0.0903,1号艇のvs_max234_diff,0.0765,2号艇のwin_rate_rank_2to6,0.1814,4号艇の女子戦比率,0.055,2号艇の体重,-0.0395,2号艇の全国勝率,0.0377,2号艇のモーター2連率,-0.0363,3号艇のwin_rate_rank_2to6,-0.0893,3号艇の全国勝率,-0.0729,3号艇の女子戦比率,-0.0523,5号艇の一般戦2連率,0.0497,3号艇のモーター2連率,0.0475,-0.0074,北東 2.2m/s,[逃げ]1号艇のdominanceが有利(+22.0pt)、1号艇の女子戦比率が不利(-16.8pt) / [2着]2号艇のwin_rate_rank_2to6が有利(+18.1pt)、4号艇の女子戦比率が有利(+5.5pt) / [候補2]3号艇のwin_rate_rank_2to6が不利(-8.9pt)、3号艇の全国勝率が不利(-7.3pt) / [除外]5号艇の直近平均着順が不利(-14.1pt)、5号艇のracer_win_teが不利(-10.0pt)、天気-0.7pt
38,22,福岡,11,16:51,0.6490555026850299,3,0.41360345838844703,2,0.3432850367991663,0.49126264272051223,0.15748326538408725,0.5994052298035262,0.3984238685563013,0.5237054188454164,1-3,1-2,0.22281104212393185,0.2684516005965803,0.0515590845237347,0.10221537997834872,0.004018398182594477,True,False,False,False,予選特選,2026-09-05,4号艇のsession_exh_rel_avg,-0.1852,1号艇の級別順位,0.0813,1号艇vs4号艇の枠別平均ST差,0.0737,1号艇のdominance,0.0594,1号艇の年齢,0.0583,3号艇のwin_rate_rank_2to6,0.1846,3号艇のsession_exh_rel_avg,0.0912,3号艇の当地勝率,0.0862,3号艇のclass_rank_2to6,0.0551,3号艇の節間得点,0.0492,2号艇のsession_exh_rel_avg,0.0911,6号艇のsession_rank_diff_last,-0.0639,2号艇の全国勝率,0.0594,2号艇の当地勝率,0.0513,local_win_rateの分散(2-6号艇),0.04,0.1123,北東 2.8m/s,[逃げ]4号艇のsession_exh_rel_avgが不利(-18.5pt)、1号艇の級別順位が有利(+8.1pt) / [2着]3号艇のwin_rate_rank_2to6が有利(+18.5pt)、3号艇のsession_exh_rel_avgが有利(+9.1pt) / [候補2]2号艇のsession_exh_rel_avgが有利(+9.1pt)、6号艇のsession_rank_diff_lastが不利(-6.4pt) / [除外]6号艇のwin_rate_rank_2to6が不利(-7.9pt)、6号艇のvs_avg456_diffが不利(-6.0pt)、天気+11.2pt
39,18,徳山,11,13:50,0.8061234099034567,2,0.340529291069563,3,0.29633515068482774,0.5133913354333108,0.2014273467919824,0.43543709496240834,0.3892980699585215,0.4900050632920401,1-2,1-3,0.2745086332890028,0.23888270214430798,0.16237529964375894,0.10231174362002275,0.02804502219723293,True,True,False,False,それっちゃ選,2026-09-05,場特性:in_escape_diff,0.1954,1号艇のracer_win_te,0.1741,1号艇のdominance,0.1614,1号艇のsession_exh_rel_avg,0.1154,1号艇の級別順位,0.067,2号艇のwin_rate_rank_2to6,0.0633,2号艇のclass_rank_2to6,-0.056,2号艇の節間得点,0.0506,2号艇の全国勝率,0.0447,5号艇の当地2連率,-0.0412,3号艇のwin_rate_rank_2to6,-0.0938,6号艇の直近1着率,0.0848,場特性:1x_diff_course3,0.0517,3号艇のsession_exh_rel_avg,-0.0478,3号艇のcumulative_diff_rank_2to6,0.0438,0.0939,北東 2.6m/s,[逃げ]場特性:in_escape_diffが有利(+19.5pt)、1号艇のracer_win_teが有利(+17.4pt) / [2着]2号艇のwin_rate_rank_2to6が有利(+6.3pt)、2号艇のclass_rank_2to6が不利(-5.6pt) / [候補2]3号艇のwin_rate_rank_2to6が不利(-9.4pt)、6号艇の直近1着率が有利(+8.5pt)、天気+9.4pt
40,03,江戸川,7,13:56,0.5844753788564374,2,0.5657913375194372,3,0.20228229747165666,0.44892012880106064,0.11426990208047427,0.6538037329106197,0.3873624578089993,0.5103852100339283,1-2,1-3,0.33069110635036353,0.1182290224506971,0.0667879443103732,0.054667832396776216,0.0140994853235999,True,True,False,False,予選,2026-09-05,1号艇のdominance,0.1148,場特性:in_escape_diff,-0.1111,風速区分,0.0794,1号艇の級別順位,-0.0772,1号艇のvs_max234_frame_diff,-0.0705,2号艇のwin_rate_rank_2to6,0.1904,2号艇のclass_rank_2to6,0.099,2号艇の全国勝率,0.06,2号艇の一般戦勝率,-0.0571,2号艇のracer_avgfin_te,0.057,3号艇のwin_rate_rank_2to6,-0.1224,3号艇の全国勝率,-0.0549,3号艇のcumulative_diff_rank_2to6,0.0509,3号艇のracer_avgfin_te,0.0467,3号艇の当地勝率,0.0324,0.0558,北東 1.8m/s,[逃げ]1号艇のdominanceが有利(+11.5pt)、場特性:in_escape_diffが不利(-11.1pt) / [2着]2号艇のwin_rate_rank_2to6が有利(+19.0pt)、2号艇のclass_rank_2to6が有利(+9.9pt) / [候補2]3号艇のwin_rate_rank_2to6が不利(-12.2pt)、3号艇の全国勝率が不利(-5.5pt) / [除外]6号艇のwin_rate_rank_2to6が不利(-6.1pt)、天気+5.6pt
41,09,津,11,15:58,0.8017535354920157,3,0.324389608602641,2,0.2919704134985818,0.4941688268555923,0.18041587984129553,0.43594414225992734,0.3871817424308413,0.4767014214768928,1-3,1-2,0.23408831128155372,0.2600805155740386,0.14464906952166137,0.13572557450748285,0.027210052660220432,True,False,False,False,予選,2026-09-05,1号艇のsession_exh_rel_avg,0.1708,1号艇のracer_win_te,0.1409,1号艇の節間得点,0.1025,3号艇の女子戦勝率,0.0928,1号艇の級別順位,0.0892,3号艇のwin_rate_rank_2to6,0.2289,3号艇の全国勝率,0.1074,3号艇の当地勝率,0.076,3号艇のsession_exh_rel_avg,0.0609,2号艇の当地勝率,-0.047,2号艇のsession_exh_rel_avg,-0.1293,2号艇のclass_rank_2to6,-0.0779,2号艇のwin_rate_rank_2to6,0.075,2号艇の全国勝率,0.0589,1号艇vs2号艇のcumulative差,-0.0557,0.1421,南東 2.3m/s,[逃げ]1号艇のsession_exh_rel_avgが有利(+17.1pt)、1号艇のracer_win_teが有利(+14.1pt) / [2着]3号艇のwin_rate_rank_2to6が有利(+22.9pt)、3号艇の全国勝率が有利(+10.7pt) / [候補2]2号艇のsession_exh_rel_avgが不利(-12.9pt)、2号艇のclass_rank_2to6が不利(-7.8pt) / [除外]3号艇のracer_avgfin_teが不利(-6.9pt)、3号艇の女子戦2連率が不利(-5.4pt)、天気+14.2pt
42,22,福岡,7,15:01,0.723756875373754,5,0.4114373129298209,3,0.254700313994094,0.4821216874313401,0.16468272104359094,0.5014549058803239,0.38684515379895523,0.4879216529660352,1-5,1-3,0.11241529109971915,0.1843411034130795,0.11919025161055695,0.2977805840182606,0.01002963714352436,True,False,False,False,予選,2026-09-05,5号艇の節間得点,-0.1876,1号艇のsession_exh_rel_avg,0.1332,1号艇のvs_max234_diff,0.1072,1号艇のracer_win_te,0.1063,1号艇のlocal_win_rate順位,0.0926,5号艇のwin_rate_rank_2to6,0.2542,5号艇のclass_rank_2to6,0.2033,1号艇vs4号艇の勝率差,0.0986,1号艇vs5号艇のcumulative差,0.0884,5号艇の節間得点,0.0803,3号艇のsession_exh_rel_avg,-0.1543,場特性:1x_diff_course3,0.0446,3号艇の全国勝率,-0.0418,1号艇のracer_2nd_te,0.0402,2号艇の節間得点,0.0402,-0.0428,北東 4.4m/s,[逃げ]5号艇の節間得点が不利(-18.8pt)、1号艇のsession_exh_rel_avgが有利(+13.3pt) / [2着]5号艇のwin_rate_rank_2to6が有利(+25.4pt)、5号艇のclass_rank_2to6が有利(+20.3pt) / [候補2]3号艇のsession_exh_rel_avgが不利(-15.4pt)、場特性:1x_diff_course3が有利(+4.5pt) / [除外]6号艇のvs_avg456_diffが不利(-8.8pt)、4号艇の年齢が不利(-7.2pt)、天気-4.3pt
43,10,三国,4,09:50,0.6430316363666233,3,0.5407896260164327,2,0.178623782589095,0.4626055813597027,0.13674774681501273,0.582665661790515,0.38669325626171663,0.49862360548894635,1-3,1-2,0.11486074321226172,0.34774483814744095,0.04764369298659994,0.08793312740390634,0.04484922503449639,False,False,True,False,みくにあさ推,2026-09-05,風速区分,-0.2082,5号艇のsession_exh_rel_avg,-0.0866,場特性:in_escape_diff,-0.0807,1号艇の節間得点,0.0647,1号艇のdominance,0.0574,3号艇のwin_rate_rank_2to6,0.2158,3号艇の当地勝率,0.0981,5号艇のsession_exh_rel_avg,-0.0683,3号艇の全国勝率,0.0503,3号艇のclass_rank_2to6,0.0431,2号艇のwin_rate_rank_2to6,-0.1802,2号艇の全国勝率,-0.0858,2号艇のsession_exh_rel_avg,0.0812,2号艇のclass_rank_2to6,-0.0612,2号艇の直近平均着順,-0.0542,-0.201,北東 11.4m/s,[逃げ]風速区分が不利(-20.8pt)、5号艇のsession_exh_rel_avgが不利(-8.7pt) / [2着]3号艇のwin_rate_rank_2to6が有利(+21.6pt)、3号艇の当地勝率が有利(+9.8pt) / [候補2]2号艇のwin_rate_rank_2to6が不利(-18.0pt)、2号艇の全国勝率が不利(-8.6pt) / [除外]4号艇のwin_rate_rank_2to6が不利(-5.7pt)、天気-20.1pt
44,04,平和島,10,15:29,0.647157139467472,3,0.4831295179432293,2,0.22340940393341996,0.45724170760412397,0.13125146011525024,0.575287461761399,0.38522533750576604,0.49265543385130645,1-3,1-2,0.14458099077968506,0.31266071682443897,0.07170769363055005,0.08494031947911433,0.03326741152113896,True,False,False,False,予選特賞,2026-09-05,場特性:in_escape_diff,-0.169,1号艇のdominance,0.1601,1号艇の勝率順位,0.094,レース時間帯,0.0771,1号艇の級別順位,0.0661,3号艇のwin_rate_rank_2to6,0.1593,3号艇のモーター2連率,0.075,6号艇の女子戦比率,0.05,2号艇のvs_boat3_diff,0.0494,3号艇の当地勝率,-0.0391,2号艇のwin_rate_rank_2to6,-0.1424,2号艇の直近平均着順,-0.0806,2号艇の全国勝率,-0.0711,2号艇の女子戦比率,-0.0709,second_best_win_rate,0.0513,0.1035,北東 3.0m/s,[逃げ]場特性:in_escape_diffが不利(-16.9pt)、1号艇のdominanceが有利(+16.0pt) / [2着]3号艇のwin_rate_rank_2to6が有利(+15.9pt)、3号艇のモーター2連率が有利(+7.5pt) / [候補2]2号艇のwin_rate_rank_2to6が不利(-14.2pt)、2号艇の直近平均着順が不利(-8.1pt) / [除外]6号艇の女子戦比率が不利(-7.3pt)、4号艇のwin_rate_rank_2to6が不利(-5.7pt)、天気+10.3pt
45,20,若松,11,20:16,0.6769448817333488,2,0.37554630814324574,3,0.3112346478876787,0.4649128530570703,0.1502528478833452,0.5365281081475792,0.3810874768297951,0.48639742958422294,1-2,1-3,0.25422415115142527,0.2106887019056451,0.10171289634048995,0.08636918492328595,0.02394993354251343,False,False,False,False,選抜戦,2026-09-05,1号艇のracer_win_te,0.1025,1号艇の節間得点,0.1007,1号艇のsession_exh_rel_avg,-0.0779,4号艇のsession_exh_rel_avg,-0.0682,1号艇の勝率順位,-0.0649,2号艇のwin_rate_rank_2to6,-0.138,2号艇のモーター2連率,0.1053,2号艇のsession_exh_rel_avg,-0.07,2号艇の節間得点,0.0646,2号艇のclass_rank_2to6,-0.0558,3号艇の当地勝率,0.0934,3号艇の年齢,-0.0786,3号艇のwin_rate_rank_2to6,-0.0551,6号艇のsession_rank_diff_last,0.0426,場特性:1x_diff_course3,0.0411,0.0882,北東 2.1m/s,[逃げ]1号艇のracer_win_teが有利(+10.2pt)、1号艇の節間得点が有利(+10.1pt) / [2着]2号艇のwin_rate_rank_2to6が不利(-13.8pt)、2号艇のモーター2連率が有利(+10.5pt) / [候補2]3号艇の当地勝率が有利(+9.3pt)、3号艇の年齢が不利(-7.9pt) / [除外]4号艇のwin_rate_rank_2to6が不利(-5.7pt)、1号艇vs6号艇のcumulative差が不利(-5.3pt)、天気+8.8pt
46,17,宮島,3,12:11,0.6615429034538653,2,0.4083300664717998,3,0.3301514703164262,0.48853721999395555,0.1876881471529695,0.5507933896352566,0.3785060452308418,0.5072140708863458,1-2,1-3,0.2701278577412643,0.21840936225269125,0.12416376181145178,0.02911831657805406,0.01972359028376787,True,True,False,False,一般戦,2026-09-05,1号艇のdominance,0.1547,1号艇のsession_exh_rel_avg,-0.0773,1号艇の勝率順位,0.0677,1号艇の級別順位,0.0657,3号艇の枠別出走数,-0.0646,2号艇のwin_rate_rank_2to6,0.1528,2号艇の枠別出走数,-0.1173,3号艇のracer_2nd_te,0.0865,2号艇のsession_exh_rel_avg,0.0763,2号艇の全国勝率,0.0635,1号艇の体重,0.1188,3号艇のracer_win_te,-0.0978,3号艇のwin_rate_rank_2to6,0.0653,3号艇の当地勝率,-0.0564,1号艇vs3号艇の枠別勝率差,-0.0514,0.0196,東 2.3m/s,[逃げ]1号艇のdominanceが有利(+15.5pt)、1号艇のsession_exh_rel_avgが不利(-7.7pt) / [2着]2号艇のwin_rate_rank_2to6が有利(+15.3pt)、2号艇の枠別出走数が不利(-11.7pt) / [候補2]1号艇の体重が有利(+11.9pt)、3号艇のracer_win_teが不利(-9.8pt) / [除外]6号艇のwin_rate_rank_2to6が不利(-8.3pt)、6号艇のsession_exh_rel_avgが不利(-6.2pt)、天気+2.0pt
47,12,住之江,12,20:35,0.7136299654041061,3,0.48281116860821593,4,0.19122562451768071,0.4810128533595282,0.1783509773131845,0.4956858158127121,0.37806591836327774,0.4854147420954833,1-3,1-4,0.12727660176979635,0.3445485175505972,0.13646433580893105,0.05946453057317346,0.04587595843377772,False,False,False,False,一般戦,2026-09-05,1号艇のsession_exh_rel_avg,0.1204,風速区分,0.0936,race_no,0.0922,1号艇のracer_win_te,0.0911,1号艇の級別順位,0.0775,3号艇のsession_exh_rel_avg,0.1166,3号艇の年齢,-0.0665,3号艇のwin_rate_rank_2to6,0.0656,場特性:1x_diff_course3,0.0485,2号艇のvs_boat3_diff,0.0368,4号艇のwin_rate_rank_2to6,-0.1012,4号艇のモーター2連率,0.0984,4号艇のclass_rank_2to6,-0.0842,4号艇のsession_exh_rel_avg,0.0706,4号艇の全国勝率,-0.0574,0.139,北東 1.8m/s,[逃げ]1号艇のsession_exh_rel_avgが有利(+12.0pt)、風速区分が有利(+9.4pt) / [2着]3号艇のsession_exh_rel_avgが有利(+11.7pt)、3号艇の年齢が不利(-6.7pt) / [候補2]4号艇のwin_rate_rank_2to6が不利(-10.1pt)、4号艇のモーター2連率が有利(+9.8pt) / [除外]2号艇のwin_rate_rank_2to6が不利(-6.5pt)、天気+13.9pt
48,10,三国,12,14:11,0.7678927333229096,3,0.4180040535276198,2,0.23783905560751817,0.5036171577047764,0.21005160062666464,0.4457915085084734,0.3766744496100488,0.48626946294588547,1-3,1-2,0.18263488250139662,0.3209822752033798,0.1612970977440617,0.09090381889947788,0.01207465468365857,True,True,False,False,カニ坊選抜,2026-09-05,風速区分,-0.2386,1号艇のdominance,0.1622,1号艇のsession_exh_rel_avg,0.129,1号艇の勝率順位,0.0778,1号艇の級別順位,0.0745,3号艇のcumulative_diff_rank_2to6,0.0438,3号艇の節間得点,0.0361,3号艇の全国2連率,0.0341,3号艇のwin_rate_rank_2to6,-0.0318,場特性:1x_diff_course3,-0.0304,2号艇のwin_rate_rank_2to6,-0.1333,2号艇のsession_exh_rel_avg,-0.0982,レース時間帯,-0.0931,2号艇のモーター2連率,0.0795,2号艇のclass_rank_2to6,-0.0499,-0.1872,北東 9.9m/s,[逃げ]風速区分が不利(-23.9pt)、1号艇のdominanceが有利(+16.2pt) / [2着]3号艇のcumulative_diff_rank_2to6が有利(+4.4pt)、3号艇の節間得点が有利(+3.6pt) / [候補2]2号艇のwin_rate_rank_2to6が不利(-13.3pt)、2号艇のsession_exh_rel_avgが不利(-9.8pt) / [除外]6号艇のwin_rate_rank_2to6が不利(-8.0pt)、6号艇のvs_avg456_diffが不利(-5.8pt)、天気-18.7pt
49,12,住之江,7,18:04,0.6112302859847263,4,0.37322854112912923,2,0.33753022377289543,0.43443728313721536,0.11150896021490114,0.5992498046871235,0.3763049034717544,0.48388103960218776,1-4,1-2,0.20630869520519554,0.062232245372026,0.22812858793201984,0.0681576536420135,0.04640310155646116,True,False,False,False,一般戦,2026-09-05,1号艇の年齢,-0.1367,1号艇の節間得点,0.1211,4号艇のsession_exh_rel_avg,-0.0967,1号艇vs4号艇の枠別平均ST差,-0.0959,1号艇のracer_win_te,0.0892,4号艇のclass_rank_2to6,0.1315,4号艇のsession_exh_rel_avg,0.1025,4号艇のwin_rate_rank_2to6,0.0735,1号艇vs4号艇のcumulative差,-0.0668,4号艇の年齢,-0.066,2号艇のsession_exh_rel_avg,-0.0839,3号艇のracer_2nd_te,0.0703,2号艇のclass_rank_2to6,-0.0573,3号艇のracer_win_te,0.0457,2号艇のcumulative_diff_rank_2to6,-0.0448,0.0873,北東 1.6m/s,[逃げ]1号艇の年齢が不利(-13.7pt)、1号艇の節間得点が有利(+12.1pt) / [2着]4号艇のclass_rank_2to6が有利(+13.1pt)、4号艇のsession_exh_rel_avgが有利(+10.2pt) / [候補2]2号艇のsession_exh_rel_avgが不利(-8.4pt)、3号艇のracer_2nd_teが有利(+7.0pt) / [除外]5号艇のracer_avgfin_teが不利(-5.3pt)、天気+8.7pt
50,17,宮島,1,10:54,0.7382347826985854,3,0.35638184500205905,2,0.3203414875778102,0.49958070237416236,0.20620587587029368,0.47051745670957557,0.3759609308130096,0.4908617286747863,1-3,1-2,0.23648722847134634,0.263093473902816,0.15222834996427773,0.03777170659922924,0.04865403476147164,False,False,True,False,ファーストＢ,2026-09-05,1号艇のdominance,0.2561,1号艇のsession_exh_rel_avg,-0.1396,1号艇のracer_win_te,0.1152,1号艇の勝率順位,0.093,1号艇の級別順位,0.0674,3号艇のwin_rate_rank_2to6,0.0645,3号艇のracer_avgfin_te,-0.0489,1号艇のracer_2nd_te,0.0465,3号艇のracer_2nd_te,-0.0405,3号艇のsession_exh_rel_last,-0.0336,2号艇のwin_rate_rank_2to6,-0.1412,second_best_win_rate,0.0503,2号艇のclass_rank_2to6,-0.0503,2号艇のsession_exh_rel_avg,0.0486,2号艇の全国勝率,-0.034,0.0371,東 2.9m/s,[逃げ]1号艇のdominanceが有利(+25.6pt)、1号艇のsession_exh_rel_avgが不利(-14.0pt) / [2着]3号艇のwin_rate_rank_2to6が有利(+6.5pt)、3号艇のracer_avgfin_teが不利(-4.9pt) / [候補2]2号艇のwin_rate_rank_2to6が不利(-14.1pt)、second_best_win_rateが有利(+5.0pt) / [除外]6号艇のsession_exh_rel_avgが不利(-5.5pt)、5号艇のracer_avgfin_teが不利(-5.3pt)、天気+3.7pt
51,11,琵琶湖,6,13:06,0.5084921950719438,3,0.5021546639396277,2,0.3154977176481034,0.415769854319348,0.08042692924889161,0.7372254523388395,0.375642943130751,0.5122065337251954,1-3,1-2,0.16042812698707243,0.25534172733227556,0.04089646579666481,0.030314925319638284,0.021510955319135838,True,True,False,False,予選,2026-09-05,2号艇のsession_exh_rel_avg,-0.2211,1号艇のracer_win_te,-0.1739,1号艇のdominance,-0.1564,1号艇の年齢,0.125,3号艇の全国2連率,0.0936,3号艇のwin_rate_rank_2to6,0.2055,3号艇の全国勝率,0.0726,3号艇のclass_rank_2to6,0.0715,1号艇のracer_avgfin_te,0.0386,5号艇の直近平均着順,0.0381,2号艇のsession_exh_rel_avg,0.1168,2号艇のwin_rate_rank_2to6,0.0592,2号艇のracer_avgfin_te,-0.0548,2号艇の全国勝率,0.0544,2号艇の当地勝率,-0.0429,0.0434,北東 1.4m/s,[逃げ]2号艇のsession_exh_rel_avgが不利(-22.1pt)、1号艇のracer_win_teが不利(-17.4pt) / [2着]3号艇のwin_rate_rank_2to6が有利(+20.6pt)、3号艇の全国勝率が有利(+7.3pt) / [候補2]2号艇のsession_exh_rel_avgが有利(+11.7pt)、2号艇のwin_rate_rank_2to6が有利(+5.9pt) / [除外]5号艇のracer_avgfin_teが不利(-7.2pt)、4号艇のwin_rate_rank_2to6が不利(-5.6pt)、天気+4.3pt
52,03,江戸川,11,15:53,0.7423429199940987,2,0.42804692651300824,3,0.20249035481630995,0.4680748865871466,0.17011245114709508,0.46042483018222313,0.3725244470538609,0.46577986966566953,1-2,1-3,0.31775760532216596,0.15031728126498065,0.09848307158447069,0.12628177371188803,0.049503171517936144,True,False,False,False,予選特選,2026-09-05,1号艇のdominance,0.2268,場特性:in_escape_diff,-0.1258,風速区分,0.0915,1号艇のvs_max234_diff,0.0898,1号艇の勝率順位,0.0878,2号艇のwin_rate_rank_2to6,0.075,2号艇のモーター2連率,-0.0562,2号艇のsession_exh_rel_avg,0.0527,2号艇のclass_rank_2to6,-0.0519,4号艇のモーター2連率,0.0476,3号艇のwin_rate_rank_2to6,-0.0898,3号艇のcumulative_diff_rank_2to6,0.0529,3号艇の全国勝率,-0.0482,1号艇vs3号艇の枠別勝率差,-0.0324,場特性:1x_diff_course3,-0.0314,0.1334,北 0.9m/s,[逃げ]1号艇のdominanceが有利(+22.7pt)、場特性:in_escape_diffが不利(-12.6pt) / [2着]2号艇のwin_rate_rank_2to6が有利(+7.5pt)、2号艇のモーター2連率が不利(-5.6pt) / [候補2]3号艇のwin_rate_rank_2to6が不利(-9.0pt)、3号艇のcumulative_diff_rank_2to6が有利(+5.3pt)、天気+13.3pt
53,04,平和島,12,16:38,0.7073370516013959,3,0.3502918139823233,2,0.3081240430861719,0.46572193106643556,0.1849296112363319,0.47348624583216337,0.3623710002788159,0.46805122549615386,1-3,1-2,0.21794755216407433,0.2477743789023612,0.13080756596569937,0.069801763359922,0.04100578330423147,True,False,False,False,平和島選抜,2026-09-05,場特性:in_escape_diff,-0.1824,1号艇のdominance,0.1527,1号艇の全国勝率,0.1038,race_no,0.0832,1号艇の勝率順位,0.0796,3号艇の女子戦比率,-0.0706,3号艇のwin_rate_rank_2to6,0.0601,3号艇のracer_2nd_te,0.043,3号艇の性別,-0.0427,3号艇の体重,-0.0416,2号艇のsession_exh_rel_avg,0.0713,2号艇の全国勝率,0.0535,2号艇の体重,-0.0464,2号艇のclass_rank_2to6,-0.0457,1号艇vs3号艇の直近複勝率差,-0.0356,0.1435,北 2.4m/s,[逃げ]場特性:in_escape_diffが不利(-18.2pt)、1号艇のdominanceが有利(+15.3pt) / [2着]3号艇の女子戦比率が不利(-7.1pt)、3号艇のwin_rate_rank_2to6が有利(+6.0pt) / [候補2]2号艇のsession_exh_rel_avgが有利(+7.1pt)、2号艇の全国勝率が有利(+5.4pt)、天気+14.3pt
54,13,尼崎,11,15:36,0.753506800416001,4,0.4160396003418856,3,0.2563884368673043,0.5066790988275084,0.23803449838356225,0.4343935388256276,0.3619505726704988,0.4849934308269441,1-4,1-3,0.17936061326562577,0.19319043072754233,0.313488668099966,0.055707134520752224,0.011759952398598884,True,False,False,False,選抜戦,2026-09-05,1号艇のdominance,0.1619,1号艇のsession_exh_rel_avg,-0.0978,3号艇の女子戦勝率,0.0749,1号艇の節間得点,0.0717,4号艇のsession_exh_rel_avg,-0.0662,4号艇のwin_rate_rank_2to6,0.2137,4号艇のclass_rank_2to6,0.1846,3号艇の女子戦勝率,0.1384,4号艇のracer_2nd_te,0.1326,4号艇のsession_exh_rel_avg,0.0751,3号艇のwin_rate_rank_2to6,0.0918,3号艇の節間得点,0.0531,3号艇のcumulative_diff_rank_2to6,0.0458,3号艇の全国勝率,0.0321,3号艇のracer_avgfin_te,-0.0279,0.1349,北東 2.9m/s,[逃げ]1号艇のdominanceが有利(+16.2pt)、1号艇のsession_exh_rel_avgが不利(-9.8pt) / [2着]4号艇のwin_rate_rank_2to6が有利(+21.4pt)、4号艇のclass_rank_2to6が有利(+18.5pt) / [候補2]3号艇のwin_rate_rank_2to6が有利(+9.2pt)、3号艇の節間得点が有利(+5.3pt) / [除外]6号艇のwin_rate_rank_2to6が不利(-8.0pt)、6号艇のvs_avg456_diffが不利(-5.0pt)、天気+13.5pt
55,01,桐生,6,17:29,0.793824601094513,2,0.3441856848283952,3,0.2606549393884293,0.480137367244677,0.20636921683909298,0.3984714073777315,0.3612346803005155,0.45563757928459336,1-2,1-3,0.2732230639613426,0.20691430328333438,0.16382096123548004,0.09247664940821605,0.057389632077821225,True,False,False,False,ドラドキ目玉,2026-09-05,1号艇のdominance,0.3536,1号艇のracer_win_te,0.1967,1号艇のvs_max234_diff,0.1289,6号艇のモーター出走数,-0.1006,1号艇の級別順位,0.0844,2号艇の全国勝率,-0.0744,3号艇の全国勝率,-0.0727,2号艇の当地勝率,-0.0681,2号艇のracer_avgfin_te,-0.0565,2号艇の直近平均着順,-0.0546,3号艇のwin_rate_rank_2to6,0.1439,4号艇のモーター出走数,-0.0974,6号艇のモーター出走数,0.0837,3号艇のracer_avgfin_te,-0.0613,3号艇のracer_win_te,-0.0492,-0.012,南東 2.1m/s,[逃げ]1号艇のdominanceが有利(+35.4pt)、1号艇のracer_win_teが有利(+19.7pt) / [2着]2号艇の全国勝率が不利(-7.4pt)、3号艇の全国勝率が不利(-7.3pt) / [候補2]3号艇のwin_rate_rank_2to6が有利(+14.4pt)、4号艇のモーター出走数が不利(-9.7pt) / [除外]4号艇のwin_rate_rank_2to6が不利(-5.3pt)、天気-1.2pt
56,22,福岡,8,15:31,0.419109495630275,2,0.5202153763386225,3,0.38518339535639146,0.3794612225493678,0.04360517707551273,0.8617935946195012,0.35960545398630095,0.5241609341704079,1-2,1-3,0.21802720399639375,0.16143401855297404,0.016131761274205222,0.01827534377098697,0.005241167255062733,True,False,False,False,予選,2026-09-05,1号艇のsession_exh_rel_avg,-0.1812,1号艇のdominance,-0.1735,2号艇の枠別勝率,0.0946,3号艇のsession_exh_rel_avg,-0.0918,1号艇のracer_win_te,0.0879,2号艇のwin_rate_rank_2to6,0.1994,2号艇のracer_avgfin_te,0.105,2号艇のclass_rank_2to6,0.1042,場特性:1x_diff_course2,0.0586,2号艇の全国勝率,0.0422,3号艇のsession_exh_rel_avg,0.1305,3号艇のwin_rate_rank_2to6,-0.0734,3号艇のsession_exh_rel_last,0.0651,3号艇の全国勝率,0.0577,3号艇の節間得点,0.0531,-0.0338,北東 4.2m/s,[逃げ]1号艇のsession_exh_rel_avgが不利(-18.1pt)、1号艇のdominanceが不利(-17.3pt) / [2着]2号艇のwin_rate_rank_2to6が有利(+19.9pt)、2号艇のracer_avgfin_teが有利(+10.5pt) / [候補2]3号艇のsession_exh_rel_avgが有利(+13.1pt)、3号艇のwin_rate_rank_2to6が不利(-7.3pt) / [除外]6号艇のwin_rate_rank_2to6が不利(-6.9pt)、天気-3.4pt
57,09,津,9,14:50,0.6871234778028241,2,0.38029481128526743,4,0.2977320880924782,0.46588820114430207,0.2010916199029183,0.47693527947482733,0.3534647454701849,0.4692023246434596,1-2,1-4,0.26130949332070164,0.13817477322469682,0.2045787078236004,0.06262825721391342,0.020432244940044645,True,True,False,False,予選,2026-09-05,1号艇のsession_exh_rel_avg,-0.1845,1号艇のdominance,0.1425,1号艇の全国勝率,0.1175,風速区分,0.1004,4号艇のsession_exh_rel_avg,-0.0885,2号艇のsession_exh_rel_avg,0.0967,2号艇の当地勝率,0.0706,2号艇のwin_rate_rank_2to6,0.0703,2号艇のclass_rank_2to6,-0.0686,ST差分(3-2),-0.0496,4号艇のwin_rate_rank_2to6,-0.1019,4号艇のsession_exh_rel_avg,0.1017,4号艇の全国勝率,0.0869,3号艇のsession_exh_rel_delta,0.0663,4号艇の節間得点,0.0657,0.0876,南 1.1m/s,[逃げ]1号艇のsession_exh_rel_avgが不利(-18.5pt)、1号艇のdominanceが有利(+14.3pt) / [2着]2号艇のsession_exh_rel_avgが有利(+9.7pt)、2号艇の当地勝率が有利(+7.1pt) / [候補2]4号艇のwin_rate_rank_2to6が不利(-10.2pt)、4号艇のsession_exh_rel_avgが有利(+10.2pt) / [除外]6号艇のsession_exh_rel_avgが不利(-6.4pt)、5号艇のsession_exh_rel_avgが不利(-5.6pt)、天気+8.8pt
58,03,江戸川,2,11:41,0.6045880319336443,2,0.5108748550266884,3,0.22549915300795345,0.44520291228475367,0.1719927746510434,0.5643812333835985,0.3533168912848578,0.4809564086144071,1-2,1-3,0.3088688231649714,0.13633408911978231,0.10398477313308112,0.03427040011648052,0.02112994752546197,True,True,False,False,予選,2026-09-05,1号艇のdominance,0.1405,場特性:in_escape_diff,-0.0972,1号艇の勝率順位,0.0782,1号艇vs4号艇の枠別平均ST差,-0.0657,風速区分,0.0617,2号艇のwin_rate_rank_2to6,0.1801,2号艇のclass_rank_2to6,0.1005,1号艇vs3号艇の枠別平均ST差,-0.0611,2号艇の全国勝率,0.0543,2号艇のモーター2連率,-0.0441,3号艇のwin_rate_rank_2to6,-0.1301,3号艇の全国勝率,-0.0599,3号艇のcumulative_diff_rank_2to6,0.0543,local_win_rateの分散(2-6号艇),-0.0393,3号艇のracer_2nd_te,-0.0323,0.0475,北東 1.5m/s,[逃げ]1号艇のdominanceが有利(+14.0pt)、場特性:in_escape_diffが不利(-9.7pt) / [2着]2号艇のwin_rate_rank_2to6が有利(+18.0pt)、2号艇のclass_rank_2to6が有利(+10.0pt) / [候補2]3号艇のwin_rate_rank_2to6が不利(-13.0pt)、3号艇の全国勝率が不利(-6.0pt)、天気+4.7pt
59,17,宮島,11,16:17,0.7451079881401675,2,0.3523533720583794,3,0.3135090464863559,0.49613940706001386,0.2409871863850337,0.4248752321597016,0.3526635193454559,0.47476015458992016,1-2,1-3,0.262541312168823,0.2335980948911909,0.17956147761491204,0.044015017441686025,0.025392086023555516,True,False,False,False,準優勝戦,2026-09-05,1号艇のsession_exh_rel_avg,0.1769,1号艇の年齢,-0.134,1号艇の級別順位,0.0975,1号艇の節間得点,0.0962,1号艇の勝率順位,-0.0648,2号艇のsession_exh_rel_avg,-0.0877,2号艇のclass_rank_2to6,0.0727,2号艇の全国勝率,0.062,ST差分(3-2),-0.0506,2号艇の当地勝率,0.0478,3号艇のwin_rate_rank_2to6,-0.145,3号艇のsession_exh_rel_avg,0.1226,3号艇のsession_exh_rel_last,0.0633,3号艇の全国勝率,-0.0569,6号艇のracer_2nd_te,-0.0503,0.0931,北東 3.1m/s,[逃げ]1号艇のsession_exh_rel_avgが有利(+17.7pt)、1号艇の年齢が不利(-13.4pt) / [2着]2号艇のsession_exh_rel_avgが不利(-8.8pt)、2号艇のclass_rank_2to6が有利(+7.3pt) / [候補2]3号艇のwin_rate_rank_2to6が不利(-14.5pt)、3号艇のsession_exh_rel_avgが有利(+12.3pt) / [除外]5号艇のwin_rate_rank_2to6が不利(-5.5pt)、天気+9.3pt
60,18,徳山,7,11:31,0.6544635797497329,2,0.4652992241656656,4,0.19620536783568987,0.4329306633020936,0.15683675508935935,0.5046678369119961,0.3514513348089124,0.45445181538506435,1-2,1-4,0.3045213959022349,0.10264394417211425,0.1284092673998587,0.10084808576238502,0.018040884075073222,True,True,False,False,一般,2026-09-05,場特性:in_escape_diff,0.216,1号艇のracer_win_te,-0.1572,1号艇のdominance,-0.1444,1号艇の級別順位,0.0965,1号艇の年齢,-0.0725,2号艇の節間得点,-0.0622,2号艇のwin_rate_rank_2to6,0.0611,second_best_win_rate,0.0577,場特性:1x_diff_course2,0.0509,3号艇の全国勝率,-0.0466,4号艇のwin_rate_rank_2to6,-0.1121,4号艇のsession_exh_rel_avg,0.0744,4号艇の年齢,-0.0654,4号艇の節間得点,-0.0534,3号艇の年齢,0.0512,0.0519,東 2.8m/s,[逃げ]場特性:in_escape_diffが有利(+21.6pt)、1号艇のracer_win_teが不利(-15.7pt) / [2着]2号艇の節間得点が不利(-6.2pt)、2号艇のwin_rate_rank_2to6が有利(+6.1pt) / [候補2]4号艇のwin_rate_rank_2to6が不利(-11.2pt)、4号艇のsession_exh_rel_avgが有利(+7.4pt) / [除外]6号艇のwin_rate_rank_2to6が不利(-8.2pt)、6号艇のvs_avg456_diffが不利(-5.1pt)、天気+5.2pt
61,02,戸田,12,16:30,0.707977078570477,5,0.4320822724593584,2,0.2029226542547514,0.4495689328929153,0.1825958918993819,0.4524090348147279,0.351061604566713,0.45042096346945903,1-5,1-2,0.14366458793504586,0.12927370610589503,0.05309911036975815,0.3059043449578694,0.07603531337738774,True,False,False,False,記者選抜戦,2026-09-05,場特性:in_escape_diff,-0.1948,1号艇のsession_exh_rel_avg,0.1335,1号艇のvs_max234_diff,0.1035,1号艇の級別順位,0.0821,レース時間帯,0.0783,5号艇のwin_rate_rank_2to6,0.2476,5号艇のclass_rank_2to6,0.1633,1号艇の女子戦2連率,0.1443,5号艇のsession_exh_rel_avg,0.1181,5号艇のracer_win_te,0.0621,5号艇のsession_rank_diff_last,-0.1765,2号艇のモーター2連率,0.1738,2号艇のsession_exh_rel_avg,0.0815,2号艇のclass_rank_2to6,-0.0748,2号艇の全国勝率,0.0644,0.2024,北西 0.8m/s,[逃げ]場特性:in_escape_diffが不利(-19.5pt)、1号艇のsession_exh_rel_avgが有利(+13.4pt) / [2着]5号艇のwin_rate_rank_2to6が有利(+24.8pt)、5号艇のclass_rank_2to6が有利(+16.3pt) / [候補2]5号艇のsession_rank_diff_lastが不利(-17.6pt)、2号艇のモーター2連率が有利(+17.4pt) / [除外]1号艇の女子戦2連率が不利(-6.7pt)、4号艇のwin_rate_rank_2to6が不利(-5.1pt)、天気+20.2pt
62,07,蒲郡,7,18:11,0.5352376788311121,3,0.5896190844152054,2,0.19102242841779626,0.41782875132794356,0.13561378444701533,0.6450277283859863,0.3498327454659196,0.4859884444453564,1-3,1-2,0.10224240119102353,0.31558635013692005,0.07258560720492326,0.02243692471824664,0.022386389598251358,True,False,False,False,予選,2026-09-05,1号艇のdominance,-0.1419,1号艇のvs_max234_diff,-0.0871,1号艇の勝率順位,-0.0601,1号艇のsession_exh_rel_avg,-0.0462,1号艇のモーター2連率,0.0453,3号艇のwin_rate_rank_2to6,0.2006,3号艇のsession_exh_rel_avg,-0.1256,3号艇の当地勝率,0.1248,3号艇の全国勝率,0.0671,3号艇のclass_rank_2to6,0.0577,2号艇のwin_rate_rank_2to6,-0.1901,2号艇の全国勝率,-0.1449,2号艇のsession_exh_rel_avg,0.0659,2号艇のモーター2連率,0.0646,2号艇の直近平均着順,-0.056,0.0119,北東 2.2m/s,[逃げ]1号艇のdominanceが不利(-14.2pt)、1号艇のvs_max234_diffが不利(-8.7pt) / [2着]3号艇のwin_rate_rank_2to6が有利(+20.1pt)、3号艇のsession_exh_rel_avgが不利(-12.6pt) / [候補2]2号艇のwin_rate_rank_2to6が不利(-19.0pt)、2号艇の全国勝率が不利(-14.5pt) / [除外]5号艇のracer_avgfin_teが不利(-5.2pt)、天気+1.2pt
63,01,桐生,11,19:57,0.6617736793316129,3,0.3546825475902371,2,0.3390815105710272,0.45911479335741096,0.2011673207356584,0.4925967374256059,0.348284121889632,0.46915937657786944,1-3,1-2,0.22439521884390987,0.2347195745135011,0.13312723800451934,0.0561055840195661,0.013426067031740341,True,False,False,False,予選特選,2026-09-05,1号艇のdominance,0.3893,6号艇のモーター出走数,-0.0879,1号艇のvs_max234_diff,0.0848,1号艇vs4号艇の枠別平均ST差,-0.0823,1号艇の勝率順位,0.0752,4号艇のモーター出走数,-0.083,3号艇のwin_rate_rank_2to6,-0.0595,1号艇のracer_2nd_te,0.0555,3号艇のcumulative_diff_rank_2to6,0.0393,2号艇の女子戦勝率,0.0383,2号艇のwin_rate_rank_2to6,-0.1388,2号艇のclass_rank_2to6,0.0854,2号艇の一般戦勝率,-0.0628,3号艇のモーター出走数,0.0592,2号艇のsession_exh_rel_avg,0.0546,0.1287,東 1.1m/s,[逃げ]1号艇のdominanceが有利(+38.9pt)、6号艇のモーター出走数が不利(-8.8pt) / [2着]4号艇のモーター出走数が不利(-8.3pt)、3号艇のwin_rate_rank_2to6が不利(-5.9pt) / [候補2]2号艇のwin_rate_rank_2to6が不利(-13.9pt)、2号艇のclass_rank_2to6が有利(+8.5pt) / [除外]2号艇のrecent_race_countが不利(-15.0pt)、天気+12.9pt
64,11,琵琶湖,11,15:38,0.7754794145019858,2,0.328765839215282,3,0.3030852782719704,0.4899875346414399,0.24320034603021837,0.3886507714570341,0.34698936907108974,0.45958650568611814,1-2,1-3,0.2549511405029209,0.23503639413851904,0.18859686194619407,0.07454106962161307,0.022353964181611244,True,False,False,False,予選特選,2026-09-05,4号艇のsession_exh_rel_avg,-0.1905,1号艇のdominance,0.1645,1号艇のsession_exh_rel_avg,0.1599,風速区分,0.1041,レース時間帯,0.089,2号艇のwin_rate_rank_2to6,-0.1419,2号艇のsession_exh_rel_avg,0.1228,2号艇の全国勝率,0.0765,1号艇vs3号艇の枠別勝率差,0.0675,4号艇のsession_exh_rel_avg,-0.0611,3号艇のsession_exh_rel_avg,0.1186,3号艇のwin_rate_rank_2to6,-0.0997,3号艇のcumulative_diff_rank_2to6,0.0535,3号艇のモーター2連率,0.0515,全艇平均勝率,-0.0423,0.1986,南東 1.2m/s,[逃げ]4号艇のsession_exh_rel_avgが不利(-19.0pt)、1号艇のdominanceが有利(+16.5pt) / [2着]2号艇のwin_rate_rank_2to6が不利(-14.2pt)、2号艇のsession_exh_rel_avgが有利(+12.3pt) / [候補2]3号艇のsession_exh_rel_avgが有利(+11.9pt)、3号艇のwin_rate_rank_2to6が不利(-10.0pt) / [除外]1号艇vs3号艇の枠別勝率差が不利(-7.8pt)、5号艇のsession_exh_rel_avgが不利(-5.1pt)、天気+19.9pt
65,09,津,3,11:42,0.5823977405083989,2,0.4064033119809214,3,0.3168835686904654,0.42124064504238357,0.149078211360875,0.5742086693105117,0.34588328274387986,0.4671310523228219,1-2,1-3,0.23668837063281853,0.18455227440956506,0.055814336461234404,0.08682281345560712,0.01851993795557147,True,True,False,False,予選,2026-09-05,1号艇のsession_exh_rel_avg,0.1431,3号艇のracer_win_te,-0.0946,1号艇の級別順位,0.0847,風速区分,0.0801,1号艇の節間得点,-0.0713,2号艇の当地勝率,0.1037,2号艇のsession_exh_rel_avg,0.083,2号艇のwin_rate_rank_2to6,0.0676,2号艇の直近平均着順,0.0574,2号艇のclass_rank_2to6,-0.0504,3号艇の女子戦勝率,0.0852,3号艇のwin_rate_rank_2to6,-0.0846,3号艇のcumulative_diff_rank_2to6,0.0625,3号艇の節間得点,0.0544,3号艇のracer_avgfin_te,0.0512,0.0747,南東 1.5m/s,[逃げ]1号艇のsession_exh_rel_avgが有利(+14.3pt)、3号艇のracer_win_teが不利(-9.5pt) / [2着]2号艇の当地勝率が有利(+10.4pt)、2号艇のsession_exh_rel_avgが有利(+8.3pt) / [候補2]3号艇の女子戦勝率が有利(+8.5pt)、3号艇のwin_rate_rank_2to6が不利(-8.5pt) / [除外]6号艇のwin_rate_rank_2to6が不利(-6.7pt)、3号艇のracer_win_teが不利(-5.0pt)、天気+7.5pt
66,07,蒲郡,8,18:39,0.5704926947188561,4,0.5742082639586622,3,0.185048317191082,0.4331503329631434,0.1705398974180023,0.5887166837317419,0.3445070369430138,0.479820238193723,1-4,1-3,0.09729176563507343,0.10556871312753,0.3275816198356134,0.025197565615812205,0.014853031567452534,True,False,False,False,予選,2026-09-05,1号艇の勝率順位,-0.0897,1号艇のモーター2連率順位,-0.0747,1号艇のdominance,-0.0724,2号艇の平均ST,-0.0675,1号艇の女子戦勝率,0.0652,4号艇のwin_rate_rank_2to6,0.2549,4号艇のclass_rank_2to6,0.2019,4号艇の全国勝率,0.1082,5号艇のracer_win_te,0.0545,4号艇のsession_exh_rel_avg,0.0543,3号艇のsession_exh_rel_avg,-0.1157,3号艇のwin_rate_rank_2to6,-0.0744,5号艇の一般戦2連率,0.0666,3号艇のracer_avgfin_te,-0.0631,3号艇の全国勝率,-0.0615,0.0311,北東 2.2m/s,[逃げ]1号艇の勝率順位が不利(-9.0pt)、1号艇のモーター2連率順位が不利(-7.5pt) / [2着]4号艇のwin_rate_rank_2to6が有利(+25.5pt)、4号艇のclass_rank_2to6が有利(+20.2pt) / [候補2]3号艇のsession_exh_rel_avgが不利(-11.6pt)、3号艇のwin_rate_rank_2to6が不利(-7.4pt) / [除外]5号艇のracer_win_teが不利(-11.1pt)、6号艇のsession_exh_rel_avgが不利(-8.5pt)、天気+3.1pt
67,13,尼崎,12,16:09,0.6830447557749955,3,0.3442085190312557,2,0.3237433401503921,0.45624101452418275,0.20535104111225133,0.46260081806939646,0.3438135337274019,0.4581489555877468,1-3,1-2,0.22113119070680584,0.23510982381737694,0.14026395172465878,0.07499949551629537,0.011540288920778517,True,False,False,False,優勝戦,2026-09-05,1号艇のdominance,0.2018,1号艇のracer_win_te,0.1547,1号艇の年齢,-0.1044,5号艇の節間得点,-0.1018,3号艇の節間得点,-0.0847,3号艇の節間得点,0.1423,3号艇のsession_exh_rel_avg,0.1038,3号艇の一般戦2連率,0.1026,3号艇のwin_rate_rank_2to6,0.0688,1号艇の一般戦勝率,-0.0543,2号艇のwin_rate_rank_2to6,0.1506,2号艇のsession_exh_rel_avg,0.148,2号艇の全国勝率,0.0491,2号艇の節間得点,0.0439,2号艇の当地勝率,-0.0435,0.1343,北東 3.1m/s,[逃げ]1号艇のdominanceが有利(+20.2pt)、1号艇のracer_win_teが有利(+15.5pt) / [2着]3号艇の節間得点が有利(+14.2pt)、3号艇のsession_exh_rel_avgが有利(+10.4pt) / [候補2]2号艇のwin_rate_rank_2to6が有利(+15.1pt)、2号艇のsession_exh_rel_avgが有利(+14.8pt) / [除外]6号艇の女子戦2連率が不利(-6.7pt)、6号艇のwin_rate_rank_2to6が不利(-6.2pt)、天気+13.4pt
68,11,琵琶湖,5,12:33,0.683397535072036,4,0.36483566287374647,3,0.2650778286105366,0.430481327388979,0.177400864693942,0.452512626790341,0.338840015732898,0.4370907172093875,1-4,1-3,0.12123531365148775,0.18115353467468834,0.24932779271429067,0.042864846427131655,0.08881604378565623,True,True,False,False,予選,2026-09-05,1号艇のdominance,0.1517,場特性:in_escape_diff,-0.0897,1号艇のsession_exh_rel_avg,-0.0869,風速区分,0.0768,1号艇の勝率順位,0.0722,4号艇のclass_rank_2to6,0.2204,4号艇のwin_rate_rank_2to6,0.2115,4号艇のsession_exh_rel_avg,-0.0749,4号艇のモーター2連率,0.0629,4号艇のracer_win_te,0.0445,3号艇のwin_rate_rank_2to6,-0.0979,3号艇のsession_exh_rel_avg,0.09,3号艇のcumulative_diff_rank_2to6,-0.058,4号艇の女子戦2連率,0.0466,3号艇の当地勝率,-0.0447,0.0749,北東 1.4m/s,[逃げ]1号艇のdominanceが有利(+15.2pt)、場特性:in_escape_diffが不利(-9.0pt) / [2着]4号艇のclass_rank_2to6が有利(+22.0pt)、4号艇のwin_rate_rank_2to6が有利(+21.1pt) / [候補2]3号艇のwin_rate_rank_2to6が不利(-9.8pt)、3号艇のsession_exh_rel_avgが有利(+9.0pt) / [除外]2号艇のwin_rate_rank_2to6が不利(-5.3pt)、天気+7.5pt
69,07,蒲郡,12,20:40,0.7033601026151343,3,0.40117589354109384,2,0.24253300406629458,0.45275915627540764,0.20990283066560483,0.43380606694178353,0.33871664206103286,0.44707322947532036,1-3,1-2,0.17058803862762573,0.28217111764778197,0.14763727651616695,0.0799370280744941,0.023026649609727234,False,False,False,False,予選記者特選,2026-09-05,1号艇のdominance,0.1495,3号艇のsession_exh_rel_avg,-0.1291,5号艇のsession_exh_rel_avg,-0.1249,1号艇のsession_exh_rel_avg,0.1101,風速区分,0.0966,3号艇のwin_rate_rank_2to6,0.1719,3号艇の当地勝率,0.1298,3号艇のsession_exh_rel_avg,0.1256,5号艇のsession_exh_rel_avg,-0.0562,場特性:1x_diff_course3,0.0511,2号艇のwin_rate_rank_2to6,-0.1355,2号艇のsession_exh_rel_avg,0.127,2号艇のclass_rank_2to6,-0.0616,2号艇のsession_avg_finish,0.0514,2号艇のモーター2連率,-0.0418,0.1693,北東 2.2m/s,[逃げ]1号艇のdominanceが有利(+14.9pt)、3号艇のsession_exh_rel_avgが不利(-12.9pt) / [2着]3号艇のwin_rate_rank_2to6が有利(+17.2pt)、3号艇の当地勝率が有利(+13.0pt) / [候補2]2号艇のwin_rate_rank_2to6が不利(-13.6pt)、2号艇のsession_exh_rel_avgが有利(+12.7pt)、天気+16.9pt
70,22,福岡,10,16:23,0.8737524602682364,6,0.2835909605271554,2,0.25751948866273544,0.4727965862565176,0.23854102473789912,0.3025694244519917,0.33745892764266533,0.4217284377151598,1-6,1-2,0.2250082867860833,0.2084258072396456,0.12216565525857115,0.07036442127844668,0.24778829947043432,True,False,False,False,予選特賞,2026-09-05,1号艇のdominance,0.2754,1号艇のracer_win_te,0.1378,1号艇vs5号艇のcumulative差,0.1308,1号艇のvs_max234_diff,0.1168,1号艇の勝率順位,0.0876,6号艇のwin_rate_rank_2to6,0.3779,6号艇のvs_avg456_diff,0.1849,6号艇のclass_rank_2to6,0.1493,5号艇の節間得点,0.1177,1号艇vs5号艇のcumulative差,0.0866,2号艇のsession_exh_rel_avg,-0.1248,2号艇のclass_rank_2to6,-0.0713,レース時間帯,-0.0696,1号艇vs2号艇のplace_rate差,-0.0621,2号艇のwin_rate_rank_2to6,0.0573,0.1865,北東 3.1m/s,[逃げ]1号艇のdominanceが有利(+27.5pt)、1号艇のracer_win_teが有利(+13.8pt) / [2着]6号艇のwin_rate_rank_2to6が有利(+37.8pt)、6号艇のvs_avg456_diffが有利(+18.5pt) / [候補2]2号艇のsession_exh_rel_avgが不利(-12.5pt)、2号艇のclass_rank_2to6が不利(-7.1pt) / [除外]4号艇のwin_rate_rank_2to6が不利(-5.5pt)、5号艇のracer_avgfin_teが不利(-5.2pt)、天気+18.7pt
71,20,若松,10,19:48,0.6121485462231717,2,0.49612945909874917,4,0.24157206253459043,0.4515829140144705,0.21514911333357647,0.5225524082997631,0.3349937177583033,0.47287376230005823,1-2,1-4,0.30370492712578784,0.13170321694835324,0.14787798688868267,0.021894864919199584,0.00696753380802333,True,False,False,False,選抜戦,2026-09-05,1号艇の年齢,-0.1585,1号艇の節間得点,0.0989,4号艇のsession_exh_rel_avg,-0.0771,1号艇のdominance,0.0679,5号艇のsession_exh_rel_avg,-0.0516,2号艇のwin_rate_rank_2to6,0.1856,2号艇のclass_rank_2to6,0.0969,2号艇のsession_exh_rel_avg,0.081,1号艇vs2号艇のcumulative差,-0.0531,2号艇の全国勝率,0.0461,4号艇のclass_rank_2to6,0.1165,4号艇のwin_rate_rank_2to6,0.0946,4号艇の年齢,-0.0784,4号艇のsession_exh_rel_avg,0.0771,4号艇の節間得点,0.0719,0.1104,北東 2.1m/s,[逃げ]1号艇の年齢が不利(-15.8pt)、1号艇の節間得点が有利(+9.9pt) / [2着]2号艇のwin_rate_rank_2to6が有利(+18.6pt)、2号艇のclass_rank_2to6が有利(+9.7pt) / [候補2]4号艇のclass_rank_2to6が有利(+11.7pt)、4号艇のwin_rate_rank_2to6が有利(+9.5pt) / [除外]6号艇のwin_rate_rank_2to6が不利(-7.3pt)、6号艇のsession_exh_rel_avgが不利(-5.9pt)、天気+11.0pt
72,12,住之江,11,20:04,0.793463960783011,3,0.3064702667437732,2,0.28629386327988665,0.4703369744186689,0.24767794403841015,0.34508618598524976,0.33054646062355425,0.43276173788864314,1-3,1-2,0.22716386270592867,0.24317311171274017,0.19652352247530985,0.1181136756620792,0.00848977677290407,False,False,False,False,準優勝戦,2026-09-05,1号艇のdominance,0.2069,1号艇のracer_win_te,0.1003,風速区分,0.0912,1号艇の節間得点,0.0901,3号艇のracer_win_te,-0.0772,3号艇のwin_rate_rank_2to6,0.0708,場特性:1x_diff_course3,0.0577,3号艇のcumulative_diff_rank_2to6,-0.0569,3号艇のsession_exh_rel_avg,-0.0457,3号艇の節間得点,0.0427,2号艇のsession_exh_rel_avg,-0.1061,2号艇のclass_rank_2to6,0.0786,レース時間帯,-0.0589,2号艇のwin_rate_rank_2to6,-0.0533,2号艇の全国勝率,0.0506,0.1627,北東 1.8m/s,[逃げ]1号艇のdominanceが有利(+20.7pt)、1号艇のracer_win_teが有利(+10.0pt) / [2着]3号艇のwin_rate_rank_2to6が有利(+7.1pt)、場特性:1x_diff_course3が有利(+5.8pt) / [候補2]2号艇のsession_exh_rel_avgが不利(-10.6pt)、2号艇のclass_rank_2to6が有利(+7.9pt) / [除外]3号艇のracer_win_teが不利(-6.2pt)、6号艇のsession_exh_rel_avgが不利(-6.1pt)、天気+16.3pt
73,09,津,5,12:44,0.6042828278430452,2,0.42930049858460684,3,0.2365536699270211,0.4023642398792861,0.150458107635448,0.51539606087618,0.32971748534439066,0.4362737861783542,1-2,1-3,0.25941891927913546,0.14294532060015064,0.0909192507538618,0.08027435268803008,0.030724989024125158,True,True,False,False,予選,2026-09-05,1号艇のracer_win_te,0.1271,1号艇のsession_avg_finish,-0.0975,1号艇の級別順位,0.0834,1号艇の勝率順位,-0.0741,1号艇vs4号艇のcumulative差,-0.072,2号艇の当地勝率,0.0702,2号艇のwin_rate_rank_2to6,0.0689,2号艇のclass_rank_2to6,-0.0637,2号艇の全国勝率,0.0568,2号艇のモーター2連率,0.0546,3号艇のwin_rate_rank_2to6,-0.1033,3号艇の当地勝率,0.093,3号艇の節間得点,-0.0689,3号艇のcumulative_diff_rank_2to6,-0.0651,3号艇の全国勝率,0.0482,0.0125,南東 3.0m/s,[逃げ]1号艇のracer_win_teが有利(+12.7pt)、1号艇のsession_avg_finishが不利(-9.7pt) / [2着]2号艇の当地勝率が有利(+7.0pt)、2号艇のwin_rate_rank_2to6が有利(+6.9pt) / [候補2]3号艇のwin_rate_rank_2to6が不利(-10.3pt)、3号艇の当地勝率が有利(+9.3pt) / [除外]6号艇のsession_exh_rel_avgが不利(-7.2pt)、天気+1.3pt
74,02,戸田,1,10:47,0.5813843549930042,3,0.3781521724911324,2,0.28860419114680413,0.3876417184111227,0.12610297140124377,0.5406533922366927,0.32898239137425056,0.43354522055879363,1-3,1-2,0.16778996151816242,0.2198517568929603,0.07331429469081337,0.06306393333018438,0.05736440856088373,False,False,True,False,予選,2026-09-05,場特性:in_escape_diff,-0.1797,1号艇のracer_win_te,-0.1524,1号艇の級別順位,0.0946,5号艇の平均ST,0.0935,1号艇のモーター2連率,0.0883,3号艇のwin_rate_rank_2to6,0.0636,3号艇の当地勝率,-0.0557,3号艇の全国勝率,-0.0556,1号艇のsession_exh_rel_last,0.0483,3号艇のcumulative_diff_rank_2to6,0.042,3号艇の直近平均着順,0.0985,2号艇の全国勝率,-0.0686,2号艇のsession_exh_rel_avg,-0.0666,2号艇のモーター2連率,-0.059,2号艇のsession_rank_diff_delta,-0.0572,0.1091,北 1.6m/s,[逃げ]場特性:in_escape_diffが不利(-18.0pt)、1号艇のracer_win_teが不利(-15.2pt) / [2着]3号艇のwin_rate_rank_2to6が有利(+6.4pt)、3号艇の当地勝率が不利(-5.6pt) / [候補2]3号艇の直近平均着順が有利(+9.8pt)、2号艇の全国勝率が不利(-6.9pt) / [除外]5号艇のracer_avgfin_teが不利(-5.1pt)、1号艇vs6号艇の枠別勝率差が不利(-5.0pt)、天気+10.9pt
75,02,戸田,2,11:16,0.5596275988671219,2,0.5134481146904895,3,0.16492103128796526,0.37963409630946265,0.11393587820912678,0.5644332677693279,0.3277293633160865,0.4350738477474222,1-2,1-3,0.2873397355670892,0.09229436074237347,0.054312826409409355,0.06191902462513573,0.06376166194699046,True,True,False,False,予選,2026-09-05,場特性:in_escape_diff,-0.1638,1号艇のsession_exh_rel_avg,0.1378,1号艇の級別順位,-0.088,1号艇の節間得点,-0.0774,1号艇の勝率順位,-0.0762,2号艇のwin_rate_rank_2to6,0.2183,2号艇のsession_exh_rel_avg,-0.0971,2号艇のclass_rank_2to6,0.0675,2号艇の全国勝率,0.0653,3号艇の全国勝率,-0.0611,3号艇のwin_rate_rank_2to6,-0.1774,3号艇のsession_exh_rel_avg,0.0911,3号艇のracer_avgfin_te,-0.0788,3号艇のracer_win_te,-0.0653,3号艇のracer_2nd_te,-0.0472,0.0322,北 1.6m/s,[逃げ]場特性:in_escape_diffが不利(-16.4pt)、1号艇のsession_exh_rel_avgが有利(+13.8pt) / [2着]2号艇のwin_rate_rank_2to6が有利(+21.8pt)、2号艇のsession_exh_rel_avgが不利(-9.7pt) / [候補2]3号艇のwin_rate_rank_2to6が不利(-17.7pt)、3号艇のsession_exh_rel_avgが有利(+9.1pt)、天気+3.2pt
76,18,徳山,3,09:36,0.8535444965581682,3,0.2677309919029138,6,0.24920415352110953,0.44122714845417144,0.216260106300196,0.3006750391238273,0.32672335242149364,0.3990615156550682,1-3,1-6,0.18458762355761674,0.22852031469679154,0.14524791257735187,0.08248182468783238,0.2127068337573799,False,False,True,False,決めトク一般,2026-09-05,場特性:in_escape_diff,0.2206,1号艇のsession_exh_rel_avg,0.1093,1号艇のvs_max234_diff,0.08,1号艇のracer_win_te,0.0774,1号艇の級別順位,0.0773,3号艇のwin_rate_rank_2to6,-0.0723,1号艇vs4号艇の枠別平均ST差,-0.0606,4号艇の枠別平均ST,0.0595,3号艇のcumulative_diff_rank_2to6,-0.0593,3号艇の全国勝率,-0.0441,6号艇のwin_rate_rank_2to6,0.3445,6号艇のvs_avg456_diff,0.1531,6号艇の全国勝率,0.1359,6号艇のclass_rank_2to6,0.1325,6号艇のsession_exh_rel_avg,0.1,0.0224,東 3.7m/s,[逃げ]場特性:in_escape_diffが有利(+22.1pt)、1号艇のsession_exh_rel_avgが有利(+10.9pt) / [2着]3号艇のwin_rate_rank_2to6が不利(-7.2pt)、1号艇vs4号艇の枠別平均ST差が不利(-6.1pt) / [候補2]6号艇のwin_rate_rank_2to6が有利(+34.4pt)、6号艇のvs_avg456_diffが有利(+15.3pt) / [除外]2号艇のwin_rate_rank_2to6が不利(-5.5pt)、5号艇のsession_exh_rel_avgが不利(-5.1pt)、天気+2.2pt
77,20,若松,4,16:54,0.7905105367332415,3,0.28051215402713464,2,0.25995118330101313,0.42724196287591304,0.1982146587454803,0.3422486785826675,0.3256192190280751,0.40174397758793934,1-3,1-2,0.20549414943572514,0.2217478134401879,0.15669077627328593,0.10093681110955134,0.10564097469496621,True,False,False,False,一般戦,2026-09-05,1号艇のsession_exh_rel_avg,0.1839,1号艇のdominance,0.1307,1号艇の年齢,-0.1102,1号艇の節間得点,0.0782,1号艇の級別順位,0.078,3号艇のsession_exh_rel_avg,0.1469,3号艇の当地勝率,0.0936,3号艇のwin_rate_rank_2to6,-0.0814,5号艇の節間得点,-0.0754,3号艇の年齢,-0.0746,2号艇のwin_rate_rank_2to6,-0.1397,2号艇のsession_exh_rel_avg,-0.0569,2号艇の全国勝率,-0.0567,2号艇のclass_rank_2to6,-0.0363,2号艇のsession_avg_finish,0.0358,-0.0513,東 4.2m/s,[逃げ]1号艇のsession_exh_rel_avgが有利(+18.4pt)、1号艇のdominanceが有利(+13.1pt) / [2着]3号艇のsession_exh_rel_avgが有利(+14.7pt)、3号艇の当地勝率が有利(+9.4pt) / [候補2]2号艇のwin_rate_rank_2to6が不利(-14.0pt)、2号艇のsession_exh_rel_avgが不利(-5.7pt)、天気-5.1pt
78,20,若松,8,18:46,0.6119776699944207,2,0.48115720273491963,3,0.17650095867725615,0.402472109273838,0.16231251178221245,0.49534564962996336,0.3240805984996119,0.4303341713806756,1-2,1-3,0.2944574638307492,0.10801464544308875,0.09933163277142033,0.08023123515736812,0.029942689372102572,True,False,False,False,エイトビート,2026-09-05,1号艇のdominance,0.1238,3号艇の枠別出走数,-0.1159,6号艇の年齢,-0.1099,1号艇の年齢,-0.0744,1号艇のsession_exh_rel_avg,-0.0687,2号艇のwin_rate_rank_2to6,0.2208,2号艇のclass_rank_2to6,0.1276,1号艇vs3号艇の枠別平均ST差,-0.107,3号艇の全国勝率,-0.0717,2号艇の全国勝率,0.0461,3号艇のsession_exh_rel_avg,-0.1619,3号艇のwin_rate_rank_2to6,-0.1299,3号艇の節間得点,-0.0695,3号艇のcumulative_diff_rank_2to6,-0.0596,3号艇の当地勝率,-0.0563,0.0445,北東 2.1m/s,[逃げ]1号艇のdominanceが有利(+12.4pt)、3号艇の枠別出走数が不利(-11.6pt) / [2着]2号艇のwin_rate_rank_2to6が有利(+22.1pt)、2号艇のclass_rank_2to6が有利(+12.8pt) / [候補2]3号艇のsession_exh_rel_avgが不利(-16.2pt)、3号艇のwin_rate_rank_2to6が不利(-13.0pt) / [除外]6号艇のsession_exh_rel_avgが不利(-6.1pt)、天気+4.4pt
79,11,琵琶湖,12,16:14,0.5848078587913621,2,0.4528352530351649,4,0.2527067920747904,0.4126065326880316,0.18021501829005793,0.5253270268198974,0.32337706008606637,0.4464226809275913,1-2,1-4,0.26482161471273946,0.10539115896825493,0.14778491797529214,0.055959050746993304,0.010851123468464232,True,False,False,False,予選特選,2026-09-05,3号艇のsession_exh_rel_avg,-0.1149,1号艇のsession_exh_rel_avg,-0.1132,風速区分,0.1055,3号艇のsession_exh_rel_last,-0.0826,1号艇の級別順位,0.072,2号艇のwin_rate_rank_2to6,0.1754,3号艇のsession_exh_rel_last,0.1383,2号艇のclass_rank_2to6,0.0994,2号艇の全国勝率,0.053,2号艇のモーター2連率,-0.0489,4号艇のwin_rate_rank_2to6,0.0831,5号艇のsession_exh_rel_delta,0.0557,4号艇の年齢,0.0475,2号艇の枠別勝率,-0.0448,3号艇の枠別平均ST,0.0436,0.1646,東 0.8m/s,[逃げ]3号艇のsession_exh_rel_avgが不利(-11.5pt)、1号艇のsession_exh_rel_avgが不利(-11.3pt) / [2着]2号艇のwin_rate_rank_2to6が有利(+17.5pt)、3号艇のsession_exh_rel_lastが有利(+13.8pt) / [候補2]4号艇のwin_rate_rank_2to6が有利(+8.3pt)、5号艇のsession_exh_rel_deltaが有利(+5.6pt) / [除外]6号艇のwin_rate_rank_2to6が不利(-7.1pt)、1号艇vs5号艇の枠別平均ST差が不利(-5.6pt)、天気+16.5pt
80,10,三国,10,12:58,0.4842561695193838,2,0.6404731756562505,3,0.1308809575995673,0.37353299791340666,0.11228048718479298,0.6590736460710248,0.32320443753103034,0.45919519236069206,1-2,1-3,0.3101530867232113,0.06337991119019534,0.05437251863587811,0.05197586701137298,0.0043747850567286495,True,True,False,False,予選特賞,2026-09-05,風速区分,-0.2117,1号艇の節間得点,0.078,1号艇の級別順位,-0.0716,4号艇のrecent_race_count,0.0613,1号艇のdominance,-0.0603,2号艇のwin_rate_rank_2to6,0.2351,2号艇のclass_rank_2to6,0.129,2号艇の当地勝率,0.1071,2号艇のracer_avgfin_te,0.0907,2号艇のsession_exh_rel_avg,-0.0609,3号艇のwin_rate_rank_2to6,-0.1524,3号艇のsession_exh_rel_avg,-0.0892,3号艇のracer_avgfin_te,-0.0788,3号艇のracer_win_te,-0.06,3号艇の全国勝率,-0.06,-0.1719,北東 11.5m/s,[逃げ]風速区分が不利(-21.2pt)、1号艇の節間得点が有利(+7.8pt) / [2着]2号艇のwin_rate_rank_2to6が有利(+23.5pt)、2号艇のclass_rank_2to6が有利(+12.9pt) / [候補2]3号艇のwin_rate_rank_2to6が不利(-15.2pt)、3号艇のsession_exh_rel_avgが不利(-8.9pt) / [除外]2号艇の枠別勝率が不利(-7.5pt)、6号艇のsession_exh_rel_avgが不利(-6.0pt)、天気-17.2pt
81,18,徳山,12,14:30,0.7955212517642876,4,0.32560326063865885,3,0.3137463621425364,0.5086162122299215,0.30395958930551215,0.3353900334756831,0.32309768224968294,0.45664835860364994,1-4,1-3,0.2418063129700798,0.24959189874812202,0.2590243134817995,0.032082784895396364,0.013015960191062414,True,True,False,False,優勝戦,2026-09-05,場特性:in_escape_diff,0.2603,1号艇のracer_win_te,0.153,1号艇のdominance,0.1292,race_no,0.1086,1号艇のsession_exh_rel_avg,0.0955,4号艇の節間得点,0.2832,4号艇のsession_exh_rel_avg,0.1554,4号艇のwin_rate_rank_2to6,0.1045,2号艇のracer_avgfin_te,-0.0921,3号艇のsession_exh_rel_delta,0.0759,3号艇のwin_rate_rank_2to6,-0.1233,3号艇のsession_exh_rel_avg,0.1045,3号艇の節間得点,0.0937,3号艇の当地勝率,0.0835,3号艇のcumulative_diff_rank_2to6,0.0455,0.1083,北東 3.1m/s,[逃げ]場特性:in_escape_diffが有利(+26.0pt)、1号艇のracer_win_teが有利(+15.3pt) / [2着]4号艇の節間得点が有利(+28.3pt)、4号艇のsession_exh_rel_avgが有利(+15.5pt) / [候補2]3号艇のwin_rate_rank_2to6が不利(-12.3pt)、3号艇のsession_exh_rel_avgが有利(+10.4pt) / [除外]6号艇のwin_rate_rank_2to6が不利(-6.7pt)、天気+10.8pt
82,12,住之江,8,18:32,0.7737085395745453,3,0.3306528652988949,5,0.1860216466940618,0.3997554821094615,0.16885219102979573,0.347822320963161,0.3187559752730356,0.38417553376557134,1-3,1-5,0.11414931590919294,0.25582894551654684,0.1291613479011099,0.1439265365929146,0.1306423821256254,True,False,False,False,一般戦,2026-09-05,1号艇のdominance,0.3345,1号艇vs5号艇のcumulative差,-0.0871,風速区分,0.0847,1号艇の級別順位,0.0693,1号艇のvs_max234_diff,0.0655,3号艇のsession_exh_rel_avg,-0.1659,3号艇のwin_rate_rank_2to6,-0.0886,3号艇の当地勝率,-0.0834,3号艇のsession_exh_rel_last,-0.06,風向(度),0.0525,mean_234_全国勝率,0.0926,5号艇のwin_rate_rank_2to6,0.0898,5号艇の性別,-0.0691,1号艇vs5号艇のcumulative差,0.0653,5号艇のsession_exh_rel_avg,-0.0617,0.1755,北 2.0m/s,[逃げ]1号艇のdominanceが有利(+33.4pt)、1号艇vs5号艇のcumulative差が不利(-8.7pt) / [2着]3号艇のsession_exh_rel_avgが不利(-16.6pt)、3号艇のwin_rate_rank_2to6が不利(-8.9pt) / [候補2]mean_234_全国勝率が有利(+9.3pt)、5号艇のwin_rate_rank_2to6が有利(+9.0pt) / [除外]2号艇のwin_rate_rank_2to6が不利(-7.3pt)、天気+17.6pt
83,12,住之江,10,19:32,0.8355190407553363,4,0.2876556517715765,2,0.27107748875016613,0.46683217760694296,0.2706039473169227,0.2881291932048199,0.3152402216129508,0.413221282286306,1-4,1-2,0.2264904033709043,0.22609475048684285,0.24034177423603864,0.12509022628385233,0.017501886377698297,True,False,False,False,準優勝戦,2026-09-05,1号艇のdominance,0.1299,1号艇のsession_exh_rel_avg,0.0982,1号艇の級別順位,0.0823,1号艇の節間得点,0.0822,風速区分,0.0775,4号艇のwin_rate_rank_2to6,0.1669,4号艇のclass_rank_2to6,0.1261,4号艇の全国勝率,0.0863,4号艇のsession_exh_rel_avg,-0.0774,4号艇のcumulative_diff_rank_2to6,-0.0595,2号艇のwin_rate_rank_2to6,-0.1254,2号艇のsession_exh_rel_avg,0.0844,2号艇の全国勝率,0.0566,2号艇のclass_rank_2to6,-0.0531,2号艇のモーター2連率,0.0528,0.1665,北東 1.9m/s,[逃げ]1号艇のdominanceが有利(+13.0pt)、1号艇のsession_exh_rel_avgが有利(+9.8pt) / [2着]4号艇のwin_rate_rank_2to6が有利(+16.7pt)、4号艇のclass_rank_2to6が有利(+12.6pt) / [候補2]2号艇のwin_rate_rank_2to6が不利(-12.5pt)、2号艇のsession_exh_rel_avgが有利(+8.4pt)、天気+16.6pt
84,17,宮島,7,14:02,0.7324648990011576,5,0.3207491441562812,2,0.2797394202532319,0.4398367956815641,0.23636538001697557,0.36412318439253744,0.31508216605349804,0.4171227122948561,1-5,1-2,0.20489930620242588,0.17312934420150425,0.10951948924478248,0.23493748947913826,0.009979285563011983,True,True,False,False,一般戦,2026-09-05,1号艇のdominance,0.1493,1号艇のsession_exh_rel_avg,-0.083,1号艇の勝率順位,0.0786,1号艇のracer_win_te,0.0755,1号艇の級別順位,0.0713,5号艇のwin_rate_rank_2to6,0.2525,5号艇のclass_rank_2to6,0.1389,5号艇のsession_exh_rel_avg,0.1192,mean_234_全国勝率,0.0617,5号艇の節間得点,0.0568,2号艇のwin_rate_rank_2to6,-0.1394,2号艇のsession_exh_rel_avg,-0.0998,2号艇の全国勝率,-0.0831,1号艇vs6号艇の枠別平均ST差,0.0569,3号艇のracer_2nd_te,0.0423,0.0319,東 2.2m/s,[逃げ]1号艇のdominanceが有利(+14.9pt)、1号艇のsession_exh_rel_avgが不利(-8.3pt) / [2着]5号艇のwin_rate_rank_2to6が有利(+25.3pt)、5号艇のclass_rank_2to6が有利(+13.9pt) / [候補2]2号艇のwin_rate_rank_2to6が不利(-13.9pt)、2号艇のsession_exh_rel_avgが不利(-10.0pt) / [除外]6号艇のwin_rate_rank_2to6が不利(-7.3pt)、天気+3.2pt
85,04,平和島,11,16:03,0.566285091814286,2,0.37200408007932,3,0.29062959056614185,0.3752395690207027,0.14792015992512714,0.5147135107203347,0.308632972548969,0.41708175153059224,1-2,1-3,0.21066036464300672,0.164579204377696,0.05894469156138998,0.08376498134438448,0.04833585410696149,True,False,False,False,予選特選,2026-09-05,1号艇の女子戦比率,-0.2578,場特性:in_escape_diff,-0.1683,1号艇のvs_max234_diff,0.0852,1号艇のdominance,0.0792,1号艇の級別順位,0.0768,2号艇のsession_exh_rel_avg,0.0539,2号艇のclass_rank_2to6,-0.0529,2号艇のモーター2連率,-0.0457,2号艇の全国勝率,0.0389,2号艇の体重,-0.035,3号艇のwin_rate_rank_2to6,-0.1122,3号艇の全国勝率,-0.0598,3号艇のracer_2nd_te,-0.0443,3号艇のcumulative_diff_rank_2to6,0.0428,3号艇のモーター2連率,-0.0352,0.0068,北東 2.6m/s,[逃げ]1号艇の女子戦比率が不利(-25.8pt)、場特性:in_escape_diffが不利(-16.8pt) / [2着]2号艇のsession_exh_rel_avgが有利(+5.4pt)、2号艇のclass_rank_2to6が不利(-5.3pt) / [候補2]3号艇のwin_rate_rank_2to6が不利(-11.2pt)、3号艇の全国勝率が不利(-6.0pt) / [除外]4号艇のwin_rate_rank_2to6が不利(-5.9pt)、天気+0.7pt
86,17,宮島,10,15:48,0.5618340867830081,2,0.37607081653589863,3,0.3326937331323591,0.39820808350703557,0.1874653721492639,0.5212991775189939,0.3086278116260457,0.4351354117106231,1-2,1-3,0.21128940377418678,0.18691867973284879,0.10532443616491843,0.0338405609046028,0.024461021903914328,True,False,False,False,準優勝戦,2026-09-05,1号艇のdominance,-0.1785,1号艇のracer_win_te,0.1163,1号艇の節間得点,0.1087,レース時間帯,0.0885,1号艇のsession_exh_rel_avg,-0.088,2号艇のsession_exh_rel_avg,0.175,2号艇のwin_rate_rank_2to6,-0.1331,2号艇のclass_rank_2to6,0.0702,2号艇の節間得点,0.0668,2号艇の全国勝率,0.0606,3号艇のwin_rate_rank_2to6,0.1479,3号艇のsession_exh_rel_avg,0.0925,6号艇のsession_rank_diff_delta,-0.089,場特性:1x_diff_course3,0.0638,6号艇のsession_rank_diff_last,0.0437,0.1785,北東 2.3m/s,[逃げ]1号艇のdominanceが不利(-17.9pt)、1号艇のracer_win_teが有利(+11.6pt) / [2着]2号艇のsession_exh_rel_avgが有利(+17.5pt)、2号艇のwin_rate_rank_2to6が不利(-13.3pt) / [候補2]3号艇のwin_rate_rank_2to6が有利(+14.8pt)、3号艇のsession_exh_rel_avgが有利(+9.3pt)、天気+17.8pt
87,09,津,8,14:18,0.656836164681885,2,0.3668228019865517,4,0.23936991951692954,0.39816930225042063,0.18873721865587995,0.4174555028476013,0.3079900622573445,0.4039551624295748,1-2,1-4,0.24094248237470917,0.1141174288452062,0.1572268198757115,0.12396943083465449,0.020580014986130532,True,True,False,False,予選,2026-09-05,1号艇のracer_win_te,0.1359,1号艇のsession_exh_rel_avg,0.1137,1号艇の級別順位,0.0941,風速区分,0.0754,場特性:in_escape_diff,0.0659,2号艇のwin_rate_rank_2to6,0.155,2号艇の当地勝率,0.0857,2号艇のsession_exh_rel_avg,-0.079,2号艇のclass_rank_2to6,-0.0648,2号艇のcumulative_diff_rank_2to6,-0.0534,4号艇のwin_rate_rank_2to6,0.094,4号艇の全国勝率,0.0921,4号艇のclass_rank_2to6,-0.0874,4号艇の節間得点,0.0631,1号艇の一般戦2連率,-0.0482,0.0625,南東 2.0m/s,[逃げ]1号艇のracer_win_teが有利(+13.6pt)、1号艇のsession_exh_rel_avgが有利(+11.4pt) / [2着]2号艇のwin_rate_rank_2to6が有利(+15.5pt)、2号艇の当地勝率が有利(+8.6pt) / [候補2]4号艇のwin_rate_rank_2to6が有利(+9.4pt)、4号艇の全国勝率が有利(+9.2pt) / [除外]2号艇の直近1着率が不利(-8.0pt)、6号艇のwin_rate_rank_2to6が不利(-6.5pt)、天気+6.3pt
88,03,江戸川,9,14:52,0.7052642227192678,4,0.3418258450143277,2,0.22785086806660892,0.4017726042522941,0.19531992274121246,0.37435679033972413,0.30760357142578154,0.3935478600785231,1-4,1-2,0.16069506536290737,0.13775215349366865,0.24107753888938674,0.1219467557823296,0.04379269868171955,True,True,False,False,予選特賞,2026-09-05,場特性:in_escape_diff,-0.1363,1号艇のdominance,0.1329,風速区分,0.0908,1号艇の勝率順位,0.0783,1号艇の級別順位,0.0733,4号艇のwin_rate_rank_2to6,0.1759,4号艇のclass_rank_2to6,0.1055,4号艇のcumulative_diff_rank_2to6,0.061,4号艇の年齢,0.0549,3号艇の年齢,0.0482,2号艇のwin_rate_rank_2to6,-0.1427,2号艇のモーター2連率,-0.0467,2号艇のclass_rank_2to6,-0.0452,2号艇の直近平均着順,-0.0403,2号艇の全国勝率,-0.0393,0.0602,北東 1.5m/s,[逃げ]場特性:in_escape_diffが不利(-13.6pt)、1号艇のdominanceが有利(+13.3pt) / [2着]4号艇のwin_rate_rank_2to6が有利(+17.6pt)、4号艇のclass_rank_2to6が有利(+10.5pt) / [候補2]2号艇のwin_rate_rank_2to6が不利(-14.3pt)、2号艇のモーター2連率が不利(-4.7pt)、天気+6.0pt
89,03,江戸川,8,14:24,0.5667390298205207,2,0.4687721630885797,4,0.2102469737045599,0.3848266468157114,0.16905491985404242,0.5099642169390972,0.3067584412935554,0.4223679178527271,1-2,1-4,0.2656714809156886,0.07505201734808788,0.1191551659000228,0.09581002126446589,0.011050358643310632,True,True,False,False,予選,2026-09-05,1号艇のdominance,0.1878,場特性:in_escape_diff,-0.1061,1号艇の年齢,-0.1015,1号艇のvs_max234_diff,0.0855,1号艇の勝率順位,0.0811,3号艇のracer_2nd_te,0.0703,2号艇のwin_rate_rank_2to6,0.0646,3号艇の全国勝率,-0.0541,2号艇のsession_exh_rel_avg,0.0402,2号艇の全国勝率,0.0391,4号艇のwin_rate_rank_2to6,-0.0851,4号艇のclass_rank_2to6,-0.0558,4号艇のcumulative_diff_rank_2to6,0.038,4号艇のsession_exh_rel_avg,0.0339,ST差分(4-3),0.0316,0.0208,北東 1.6m/s,[逃げ]1号艇のdominanceが有利(+18.8pt)、場特性:in_escape_diffが不利(-10.6pt) / [2着]3号艇のracer_2nd_teが有利(+7.0pt)、2号艇のwin_rate_rank_2to6が有利(+6.5pt) / [候補2]4号艇のwin_rate_rank_2to6が不利(-8.5pt)、4号艇のclass_rank_2to6が不利(-5.6pt) / [除外]6号艇のwin_rate_rank_2to6が不利(-8.6pt)、6号艇のvs_avg456_diffが不利(-8.5pt)、天気+2.1pt
90,13,尼崎,1,10:36,0.5417294931992971,2,0.41123866036222145,3,0.3124676231116865,0.39205303817146697,0.18509012394126795,0.53861615953264,0.304974863659418,0.43602197457981884,1-2,1-3,0.2227801110619841,0.1692729271094829,0.10026877903889816,0.04223556002332774,0.007172117479178947,False,False,True,False,朝からセンプ,2026-09-05,1号艇のsession_exh_rel_avg,-0.0828,1号艇の節間得点,-0.0681,1号艇vs4号艇のcumulative差,-0.0606,1号艇の年齢,-0.0574,場特性:in_escape_diff,0.0555,1号艇の年齢,0.0681,2号艇の節間得点,0.0465,2号艇のclass_rank_2to6,-0.0403,2号艇のsession_exh_rel_avg,0.0376,2号艇のwin_rate_rank_2to6,-0.033,3号艇のwin_rate_rank_2to6,0.1485,3号艇のsession_exh_rel_avg,-0.0929,3号艇のclass_rank_2to6,0.0469,3号艇のsession_exh_rel_last,-0.0457,3号艇の節間得点,0.0427,0.0068,東 2.7m/s,[逃げ]1号艇のsession_exh_rel_avgが不利(-8.3pt)、1号艇の節間得点が不利(-6.8pt) / [2着]1号艇の年齢が有利(+6.8pt)、2号艇の節間得点が有利(+4.6pt) / [候補2]3号艇のwin_rate_rank_2to6が有利(+14.8pt)、3号艇のsession_exh_rel_avgが不利(-9.3pt) / [除外]4号艇の女子戦2連率が不利(-13.3pt)、6号艇のwin_rate_rank_2to6が不利(-5.5pt)、天気+0.7pt
91,09,津,12,16:35,0.5859093611927815,2,0.4712532112189066,4,0.2002112790526317,0.39341733055863365,0.18964231902829876,0.48182217124323956,0.3038870406629592,0.4199387827640154,1-2,1-4,0.2761116679453165,0.11111320999698819,0.11730566261331715,0.05074499093581481,0.03063381223988517,True,False,False,False,予選,2026-09-05,1号艇のsession_exh_rel_avg,0.1284,race_no,0.101,ST差分(4-3),-0.0908,1号艇の級別順位,0.0813,1号艇の年齢,-0.0793,2号艇のwin_rate_rank_2to6,0.1655,2号艇の当地勝率,0.0877,2号艇のsession_exh_rel_avg,0.0872,2号艇のclass_rank_2to6,-0.0614,2号艇のracer_avgfin_te,0.0546,4号艇のモーター2連率,0.1632,4号艇のwin_rate_rank_2to6,-0.1064,4号艇のsession_exh_rel_avg,0.0681,4号艇のclass_rank_2to6,-0.0667,3号艇のsession_exh_rel_delta,0.0654,0.1394,東 3.3m/s,[逃げ]1号艇のsession_exh_rel_avgが有利(+12.8pt)、race_noが有利(+10.1pt) / [2着]2号艇のwin_rate_rank_2to6が有利(+16.5pt)、2号艇の当地勝率が有利(+8.8pt) / [候補2]4号艇のモーター2連率が有利(+16.3pt)、4号艇のwin_rate_rank_2to6が不利(-10.6pt)、天気+13.9pt
92,12,住之江,9,19:02,0.6092464017185757,2,0.3994124402497341,4,0.2409999183470175,0.39016892509117707,0.19276800491131557,0.44764435368543604,0.29991442276931457,0.4074115536694547,1-2,1-4,0.2433405920237861,0.11744321335868774,0.14682833306739096,0.08044276741927713,0.021191493579813994,True,False,False,False,準優勝戦,2026-09-05,1号艇の節間得点,0.1016,1号艇の級別順位,-0.0656,2号艇のsession_exh_rel_avg,-0.0651,1号艇の勝率順位,-0.061,1号艇のdominance,0.0539,2号艇のsession_exh_rel_avg,0.1509,2号艇のwin_rate_rank_2to6,-0.108,2号艇のclass_rank_2to6,0.0785,2号艇の節間得点,0.0547,6号艇の枠別平均ST,-0.0449,4号艇のモーター2連率,0.1332,4号艇のwin_rate_rank_2to6,-0.0791,4号艇の節間得点,0.0514,4号艇の年齢,-0.0505,4号艇のsession_exh_rel_avg,0.0445,0.0548,北東 2.1m/s,[逃げ]1号艇の節間得点が有利(+10.2pt)、1号艇の級別順位が不利(-6.6pt) / [2着]2号艇のsession_exh_rel_avgが有利(+15.1pt)、2号艇のwin_rate_rank_2to6が不利(-10.8pt) / [候補2]4号艇のモーター2連率が有利(+13.3pt)、4号艇のwin_rate_rank_2to6が不利(-7.9pt)、天気+5.5pt
93,13,尼崎,10,15:07,0.5719574797998052,2,0.4062587352372863,3,0.2973860272527875,0.4024548850281551,0.2127673921704631,0.4908773703196107,0.29969975340371013,0.42898163061559175,1-2,1-3,0.23236272235297456,0.1700921626751805,0.12169390140939486,0.036951634570908214,0.010857058258670093,True,False,False,False,選抜戦,2026-09-05,1号艇の年齢,-0.2002,1号艇の節間得点,0.0942,4号艇のモーター2連率,-0.0804,1号艇のdominance,0.0705,1号艇の女子戦勝率,0.0669,2号艇のwin_rate_rank_2to6,0.1584,レース時間帯,-0.064,2号艇のsession_exh_rel_avg,0.0548,2号艇の全国勝率,0.0451,1号艇vs2号艇の枠別平均ST差,0.041,3号艇の当地勝率,0.1566,3号艇の年齢,-0.0586,3号艇の節間得点,-0.0565,3号艇のwin_rate_rank_2to6,0.0553,3号艇のcumulative_diff_rank_2to6,-0.0451,0.0288,北東 2.8m/s,[逃げ]1号艇の年齢が不利(-20.0pt)、1号艇の節間得点が有利(+9.4pt) / [2着]2号艇のwin_rate_rank_2to6が有利(+15.8pt)、レース時間帯が不利(-6.4pt) / [候補2]3号艇の当地勝率が有利(+15.7pt)、3号艇の年齢が不利(-5.9pt) / [除外]6号艇のwin_rate_rank_2to6が不利(-6.0pt)、天気+2.9pt
94,13,尼崎,8,14:09,0.694171337102277,3,0.3259478322454237,2,0.2817188084730977,0.42182476450002493,0.24443040846994646,0.36323623224857493,0.29809660511264885,0.4042482048245899,1-3,1-2,0.19556112196463052,0.2262636425353944,0.16967658347603845,0.0773428338139522,0.025327138503328,True,True,False,False,一般,2026-09-05,1号艇のdominance,0.1417,1号艇のsession_exh_rel_avg,0.1003,1号艇の級別順位,0.0736,1号艇の全国勝率,-0.0687,1号艇の勝率順位,0.0581,3号艇のwin_rate_rank_2to6,-0.101,2号艇の節間得点,0.0508,3号艇のcumulative_diff_rank_2to6,0.046,3号艇の枠別平均ST,-0.034,5号艇の一般戦2連率,-0.0336,2号艇のsession_exh_rel_avg,-0.1002,2号艇のclass_rank_2to6,0.0841,2号艇の全国勝率,0.0451,2号艇のcumulative_diff_rank_2to6,-0.042,2号艇のモーター2連率,-0.0371,0.0714,北 3.3m/s,[逃げ]1号艇のdominanceが有利(+14.2pt)、1号艇のsession_exh_rel_avgが有利(+10.0pt) / [2着]3号艇のwin_rate_rank_2to6が不利(-10.1pt)、2号艇の節間得点が有利(+5.1pt) / [候補2]2号艇のsession_exh_rel_avgが不利(-10.0pt)、2号艇のclass_rank_2to6が有利(+8.4pt) / [除外]6号艇のsession_exh_rel_avgが不利(-6.9pt)、local_win_rateの分散(2-6号艇)が不利(-6.4pt)、天気+7.1pt
95,20,若松,6,17:51,0.7204075038894022,2,0.3080608424591255,5,0.2862692481841208,0.4281598570866632,0.2563741629395734,0.3379559277036729,0.2964369071287584,0.4010986782717661,1-2,1-5,0.221929342562045,0.18469387078503294,0.09552456742287693,0.20623051452461827,0.012029205240170258,True,False,False,False,一般戦,2026-09-05,1号艇のdominance,0.14,1号艇のracer_win_te,0.1164,1号艇の年齢,-0.0945,1号艇のvs_max234_diff,0.0758,1号艇のsession_exh_rel_avg,-0.0713,6号艇のsession_rank_diff_last,-0.0944,2号艇のclass_rank_2to6,-0.0579,2号艇の全国勝率,0.05,2号艇のsession_exh_rel_avg,-0.0416,2号艇のモーター2連率,0.0402,5号艇のwin_rate_rank_2to6,0.2291,5号艇の年齢,-0.1275,5号艇のclass_rank_2to6,0.1239,5号艇のsession_exh_rel_avg,0.1112,4号艇のsession_exh_rel_avg,0.0823,0.0399,東 3.5m/s,[逃げ]1号艇のdominanceが有利(+14.0pt)、1号艇のracer_win_teが有利(+11.6pt) / [2着]6号艇のsession_rank_diff_lastが不利(-9.4pt)、2号艇のclass_rank_2to6が不利(-5.8pt) / [候補2]5号艇のwin_rate_rank_2to6が有利(+22.9pt)、5号艇の年齢が不利(-12.7pt) / [除外]1号艇vs5号艇の枠別平均ST差が不利(-7.5pt)、6号艇のwin_rate_rank_2to6が不利(-6.5pt)、天気+4.0pt
96,09,津,7,13:46,0.6630974582700708,2,0.3559305211981829,4,0.2875561404846304,0.4266943697925665,0.25525303893734985,0.38823362274546347,0.2959963282881546,0.4151561456784355,1-2,1-4,0.23601662392725664,0.1692576413350681,0.19067774586530983,0.05616270315090892,0.010982755107564654,True,True,False,False,予選,2026-09-05,1号艇のsession_exh_rel_avg,0.1459,1号艇のracer_win_te,0.1281,ST差分(4-3),-0.1005,1号艇の級別順位,0.0882,3号艇のsession_exh_rel_avg,-0.0733,2号艇のwin_rate_rank_2to6,0.1527,2号艇のsession_rank_diff_last,0.096,2号艇のclass_rank_2to6,-0.0643,2号艇の全国勝率,0.055,2号艇のsession_exh_rel_avg,0.054,4号艇の全国勝率,0.1099,4号艇のwin_rate_rank_2to6,0.1052,4号艇のclass_rank_2to6,-0.0605,4号艇のsession_exh_rel_avg,0.0601,ST差分(4-3),0.0457,0.0428,南東 2.5m/s,[逃げ]1号艇のsession_exh_rel_avgが有利(+14.6pt)、1号艇のracer_win_teが有利(+12.8pt) / [2着]2号艇のwin_rate_rank_2to6が有利(+15.3pt)、2号艇のsession_rank_diff_lastが有利(+9.6pt) / [候補2]4号艇の全国勝率が有利(+11.0pt)、4号艇のwin_rate_rank_2to6が有利(+10.5pt) / [除外]6号艇のsession_exh_rel_avgが不利(-9.0pt)、天気+4.3pt
97,20,若松,7,18:18,0.6894355364752982,3,0.32830243480136867,4,0.2522013130228175,0.40021991280708896,0.21840956955299468,0.36209417827119145,0.2953256821478089,0.38878219244631973,1-3,1-4,0.08256117575305094,0.22634336526342821,0.1738765475436608,0.056075122738181556,0.15057931875610783,True,False,False,False,一般戦,2026-09-05,1号艇の年齢,-0.1313,1号艇のvs_max234_diff,0.1106,4号艇のモーター2連率,-0.0607,1号艇vs4号艇の枠別平均ST差,0.0534,3号艇のsession_exh_rel_avg,-0.0496,3号艇のsession_exh_rel_avg,0.0997,3号艇の全国勝率,-0.0631,3号艇のsession_rank_diff_delta,0.0499,3号艇のcumulative_diff_rank_2to6,0.0468,3号艇の年齢,-0.0434,5号艇の年齢,0.2198,1号艇の年齢,0.1468,1号艇の女子戦2連率,-0.1408,4号艇のモーター2連率,0.1335,4号艇のwin_rate_rank_2to6,0.1201,0.0275,東 2.8m/s,[逃げ]1号艇の年齢が不利(-13.1pt)、1号艇のvs_max234_diffが有利(+11.1pt) / [2着]3号艇のsession_exh_rel_avgが有利(+10.0pt)、3号艇の全国勝率が不利(-6.3pt) / [候補2]5号艇の年齢が有利(+22.0pt)、1号艇の年齢が有利(+14.7pt) / [除外]2号艇のwin_rate_rank_2to6が不利(-5.2pt)、天気+2.8pt
98,17,宮島,5,13:03,0.6029125563851025,6,0.3557811442641474,2,0.23300303030686512,0.35498537184970164,0.16613658305893256,0.42264759151208,0.2842141037916848,0.3752840377484151,1-6,1-2,0.14048045264778758,0.10016583200114695,0.06326524568889376,0.08449611582945735,0.21450491920191408,True,True,False,False,一般戦,2026-09-05,1号艇のdominance,-0.1566,1号艇の年齢,-0.1365,1号艇のvs_max234_diff,0.0948,1号艇のracer_2nd_te,-0.0716,1号艇のlocal_win_rate順位,0.0675,6号艇のwin_rate_rank_2to6,0.3457,6号艇のsession_exh_rel_avg,0.1761,6号艇のclass_rank_2to6,0.166,6号艇の節間得点,0.1382,5号艇の年齢,0.1245,2号艇のwin_rate_rank_2to6,-0.154,win_rate_gap_top2_2to6,-0.1188,2号艇の全国勝率,-0.0964,3号艇のracer_win_te,0.0759,2号艇のsession_exh_rel_avg,0.0714,0.0628,南東 2.1m/s,[逃げ]1号艇のdominanceが不利(-15.7pt)、1号艇の年齢が不利(-13.6pt) / [2着]6号艇のwin_rate_rank_2to6が有利(+34.6pt)、6号艇のsession_exh_rel_avgが有利(+17.6pt) / [候補2]2号艇のwin_rate_rank_2to6が不利(-15.4pt)、win_rate_gap_top2_2to6が不利(-11.9pt)、天気+6.3pt
99,09,津,6,13:15,0.553837893894373,2,0.3965414559508269,3,0.2497050312786824,0.35791579342382823,0.17281389119821744,0.47343259603129184,0.2836924082443853,0.3925708342060673,1-2,1-3,0.21961968480561425,0.13829610861821398,0.07806367785945993,0.09571088153691207,0.022147539010965847,True,True,False,False,予選,2026-09-05,1号艇のracer_win_te,0.1413,1号艇の級別順位,0.0964,1号艇のdominance,-0.0828,1号艇のsession_avg_finish,-0.0824,1号艇の勝率順位,-0.0795,2号艇のsession_exh_rel_avg,0.0943,2号艇の全国勝率,0.0682,2号艇の当地勝率,0.0604,2号艇のracer_avgfin_te,0.0521,second_best_win_rate,-0.0484,4号艇のモーター出走数,-0.073,1号艇のracer_win_te,0.05,3号艇のwin_rate_rank_2to6,0.0493,3号艇のracer_2nd_te,0.043,6号艇のracer_2nd_te,-0.0386,0.0665,南東 3.1m/s,[逃げ]1号艇のracer_win_teが有利(+14.1pt)、1号艇の級別順位が有利(+9.6pt) / [2着]2号艇のsession_exh_rel_avgが有利(+9.4pt)、2号艇の全国勝率が有利(+6.8pt) / [候補2]4号艇のモーター出走数が不利(-7.3pt)、1号艇のracer_win_teが有利(+5.0pt) / [除外]6号艇のsession_exh_rel_avgが不利(-7.0pt)、天気+6.7pt
100,09,津,10,15:23,0.6794518052683883,3,0.33335658334291385,4,0.25234705657866063,0.39795739549697984,0.2397028067021755,0.346000833219399,0.2834875899187633,0.3823704268137056,1-3,1-4,0.16286650474169267,0.22649973235044477,0.1714576631465351,0.10447176735521706,0.014156130081033067,True,False,False,False,予選,2026-09-05,1号艇のracer_win_te,0.1845,3号艇のracer_win_te,-0.112,風速区分,0.0971,1号艇の勝率順位,-0.0837,1号艇の級別順位,0.0829,3号艇のwin_rate_rank_2to6,0.1358,3号艇の当地勝率,0.1026,3号艇の全国勝率,0.0913,3号艇のracer_avgfin_te,0.0499,3号艇のracer_2nd_te,0.0448,win_rate_gap_top2_2to6,-0.2267,1号艇のモーター出走数,0.1117,4号艇のwin_rate_rank_2to6,-0.099,2号艇のsession_exh_rel_avg,0.0948,4号艇の全国勝率,0.0919,0.1781,南東 1.3m/s,[逃げ]1号艇のracer_win_teが有利(+18.5pt)、3号艇のracer_win_teが不利(-11.2pt) / [2着]3号艇のwin_rate_rank_2to6が有利(+13.6pt)、3号艇の当地勝率が有利(+10.3pt) / [候補2]win_rate_gap_top2_2to6が不利(-22.7pt)、1号艇のモーター出走数が有利(+11.2pt) / [除外]6号艇のwin_rate_rank_2to6が不利(-6.4pt)、6号艇のvs_avg456_diffが不利(-6.2pt)、天気+17.8pt
101,10,三国,3,09:24,0.43503590843288376,3,0.5422594970182532,2,0.25044632552217155,0.34485549762891,0.1562683868047834,0.6364374357356413,0.2801874828746333,0.43233007906092935,1-3,1-2,0.10895314473721562,0.2359023528916944,0.0679823596129602,0.016981955369497564,0.005216086502864429,False,False,True,False,みくにあさズ,2026-09-05,風速区分,-0.1906,3号艇の女子戦勝率,0.103,1号艇のdominance,0.0619,1号艇の節間得点,-0.0563,1号艇のsession_exh_rel_avg,0.0504,3号艇のwin_rate_rank_2to6,0.2114,3号艇のsession_exh_rel_avg,0.1079,3号艇の当地勝率,0.0876,2号艇のvs_boat3_diff,0.0516,3号艇のclass_rank_2to6,0.0429,2号艇のwin_rate_rank_2to6,-0.1524,2号艇のsession_exh_rel_avg,0.0885,2号艇の直近平均着順,-0.0614,2号艇のsession_avg_finish,0.0602,2号艇のclass_rank_2to6,-0.0576,-0.1951,北東 11.1m/s,[逃げ]風速区分が不利(-19.1pt)、3号艇の女子戦勝率が有利(+10.3pt) / [2着]3号艇のwin_rate_rank_2to6が有利(+21.1pt)、3号艇のsession_exh_rel_avgが有利(+10.8pt) / [候補2]2号艇のwin_rate_rank_2to6が不利(-15.2pt)、2号艇のsession_exh_rel_avgが有利(+8.9pt) / [除外]6号艇のwin_rate_rank_2to6が不利(-7.5pt)、6号艇のsession_avg_finishが不利(-5.8pt)、天気-19.5pt
102,04,平和島,4,12:22,0.4994010460044154,2,0.4866266084337618,3,0.24402775731952836,0.36488955452488586,0.19762139446316276,0.5330329712901275,0.2783575754165856,0.41533257955445835,1-2,1-3,0.24302183726540175,0.1218677172594841,0.03161457619263841,0.09869233110775467,0.004204587202309046,True,True,False,False,予選,2026-09-05,場特性:in_escape_diff,-0.1467,1号艇のvs_max234_diff,0.0859,ST差分(6-5),0.0826,1号艇の体重,-0.0748,1号艇の級別順位,-0.0724,2号艇のwin_rate_rank_2to6,0.0646,2号艇の体重,-0.0572,2号艇のsession_exh_rel_avg,0.0437,avg_entry_count,0.0433,全艇平均勝率,0.0421,3号艇のwin_rate_rank_2to6,-0.0695,4号艇の平均ST,0.069,1号艇vs4号艇の枠別平均ST差,-0.0599,場特性:1x_diff_course3,-0.0373,3号艇の体重,-0.0332,-0.0315,北東 2.5m/s,[逃げ]場特性:in_escape_diffが不利(-14.7pt)、1号艇のvs_max234_diffが有利(+8.6pt) / [2着]2号艇のwin_rate_rank_2to6が有利(+6.5pt)、2号艇の体重が不利(-5.7pt) / [候補2]3号艇のwin_rate_rank_2to6が不利(-7.0pt)、4号艇の平均STが有利(+6.9pt) / [除外]6号艇の直近平均着順が不利(-16.4pt)、6号艇の全国勝率が不利(-14.6pt)、天気-3.1pt
103,09,津,1,10:42,0.6560865606954301,2,0.34013757936183353,5,0.23202684582831784,0.3753893898752842,0.21549235405847386,0.35667207113167754,0.2783171378999251,0.36977419425220215,1-2,1-5,0.2231596946067743,0.14138163743038604,0.10969074810533587,0.15222969526850985,0.029624769397690227,False,False,True,False,予選,2026-09-05,1号艇の女子戦比率,-0.1426,1号艇のsession_exh_rel_avg,0.1134,1号艇のracer_win_te,0.1071,1号艇の級別順位,0.0883,風速区分,0.0868,2号艇のwin_rate_rank_2to6,0.1552,2号艇のsession_exh_rel_avg,-0.1174,2号艇のsession_rank_diff_last,0.098,2号艇のclass_rank_2to6,-0.0707,2号艇のcumulative_diff_rank_2to6,-0.058,5号艇のwin_rate_rank_2to6,0.133,5号艇のsession_exh_rel_avg,0.103,5号艇のclass_rank_2to6,-0.098,4号艇の一般戦2連率,-0.0902,4号艇のsession_exh_rel_delta,0.0876,0.0523,東 1.6m/s,[逃げ]1号艇の女子戦比率が不利(-14.3pt)、1号艇のsession_exh_rel_avgが有利(+11.3pt) / [2着]2号艇のwin_rate_rank_2to6が有利(+15.5pt)、2号艇のsession_exh_rel_avgが不利(-11.7pt) / [候補2]5号艇のwin_rate_rank_2to6が有利(+13.3pt)、5号艇のsession_exh_rel_avgが有利(+10.3pt) / [除外]6号艇のwin_rate_rank_2to6が不利(-6.9pt)、天気+5.2pt
104,02,戸田,5,12:44,0.5978140242230435,4,0.3983416798431235,2,0.2539424151931737,0.389944579790335,0.24352870338662055,0.40875539164967656,0.27598934229955796,0.3955878233481374,1-4,1-2,0.1518103371475501,0.14558487418537555,0.2381342426427849,0.03808210459005689,0.0242024623167299,True,True,False,False,ウインウイン,2026-09-05,場特性:in_escape_diff,-0.1513,1号艇のdominance,0.1076,風速区分,0.0829,1号艇の節間得点,0.0772,ST差分(4-3),-0.0715,4号艇のwin_rate_rank_2to6,0.2245,4号艇のclass_rank_2to6,0.2134,4号艇の全国勝率,0.1069,6号艇の節間得点,-0.081,1号艇vs5号艇の枠別勝率差,0.0669,2号艇のclass_rank_2to6,-0.0683,2号艇のsession_exh_rel_avg,0.0503,2号艇のモーター2連率,-0.039,4号艇の一般戦勝率,-0.0385,3号艇のsession_exh_rel_delta,0.0351,0.0185,東 1.4m/s,[逃げ]場特性:in_escape_diffが不利(-15.1pt)、1号艇のdominanceが有利(+10.8pt) / [2着]4号艇のwin_rate_rank_2to6が有利(+22.4pt)、4号艇のclass_rank_2to6が有利(+21.3pt) / [候補2]2号艇のclass_rank_2to6が不利(-6.8pt)、2号艇のsession_exh_rel_avgが有利(+5.0pt) / [除外]4号艇の女子戦2連率が不利(-10.6pt)、6号艇のwin_rate_rank_2to6が不利(-6.9pt)、天気+1.8pt
105,20,若松,1,15:27,0.5689214417933257,3,0.31322442354884106,2,0.3125741197721341,0.3560302095383322,0.19020557432910828,0.4355929689918669,0.2747674929578307,0.37989903737439257,1-3,1-2,0.17783011888804223,0.17820009065028997,0.08710275395077947,0.10821202958444387,0.017576436003385015,True,False,False,False,一般戦,2026-09-05,1号艇の年齢,-0.2174,1号艇のdominance,0.1211,1号艇のsession_exh_rel_avg,-0.1045,1号艇のvs_max234_diff,0.0805,1号艇のracer_win_te,-0.0499,3号艇のモーター2連率,0.0746,3号艇の全国勝率,-0.0653,3号艇のsession_exh_rel_avg,0.0637,3号艇の年齢,-0.0561,3号艇の節間得点,-0.0554,2号艇のwin_rate_rank_2to6,-0.1329,2号艇のsession_exh_rel_avg,-0.1046,second_best_win_rate,0.0584,2号艇の全国勝率,-0.0557,1号艇の年齢,-0.0512,-0.0427,東 4.3m/s,[逃げ]1号艇の年齢が不利(-21.7pt)、1号艇のdominanceが有利(+12.1pt) / [2着]3号艇のモーター2連率が有利(+7.5pt)、3号艇の全国勝率が不利(-6.5pt) / [候補2]2号艇のwin_rate_rank_2to6が不利(-13.3pt)、2号艇のsession_exh_rel_avgが不利(-10.5pt)、天気-4.3pt
106,20,若松,3,16:27,0.6921779396728266,3,0.311589534287065,4,0.21026162966051398,0.3612138634771016,0.2026616757131855,0.3191894882343934,0.27336881524137774,0.3486065509042891,1-3,1-4,0.09914727611234044,0.2156754018664362,0.14553846161066544,0.14027794114579525,0.09153885378046174,True,False,False,False,一般戦,2026-09-05,1号艇の節間得点,0.1035,1号艇の一般戦勝率,0.0874,2号艇の枠別平均ST,0.0864,1号艇のvs_max234_diff,0.0861,1号艇のdominance,0.0788,3号艇のwin_rate_rank_2to6,-0.1267,3号艇のracer_avgfin_te,-0.0974,3号艇の全国勝率,-0.0686,3号艇の当地勝率,-0.0657,3号艇の年齢,-0.0527,ST差分(2-1),0.154,1号艇vs4号艇のcumulative差,-0.1159,4号艇のwin_rate_rank_2to6,-0.1044,4号艇のcumulative_diff_rank_2to6,-0.09,4号艇の全国勝率,-0.0807,-0.016,東 4.5m/s,[逃げ]1号艇の節間得点が有利(+10.3pt)、1号艇の一般戦勝率が有利(+8.7pt) / [2着]3号艇のwin_rate_rank_2to6が不利(-12.7pt)、3号艇のracer_avgfin_teが不利(-9.7pt) / [候補2]ST差分(2-1)が有利(+15.4pt)、1号艇vs4号艇のcumulative差が不利(-11.6pt) / [除外]2号艇のwin_rate_rank_2to6が不利(-7.8pt)、2号艇の全国2連率が不利(-5.4pt)、天気-1.6pt
107,10,三国,2,08:58,0.4743913978216876,2,0.4361154191258038,3,0.2996846148455745,0.34905720663292744,0.18266904822287267,0.5531309857485057,0.2725428693797617,0.41027934036760094,1-2,1-3,0.20688940329068123,0.14216780334224616,0.08665662512520582,0.03252055824777379,0.006157009362120539,False,False,True,False,みくにあさガ,2026-09-05,風速区分,-0.2364,1号艇のsession_exh_rel_avg,-0.11,1号艇のsession_exh_rel_last,-0.076,3号艇のsession_exh_rel_avg,-0.0635,1号艇のdominance,0.0629,2号艇のwin_rate_rank_2to6,0.1652,2号艇のclass_rank_2to6,0.1153,2号艇のsession_exh_rel_avg,-0.0836,2号艇の節間得点,0.0526,1号艇vs2号艇のcumulative差,0.0432,3号艇のwin_rate_rank_2to6,-0.1282,3号艇のsession_exh_rel_avg,0.1221,3号艇の全国勝率,-0.0473,3号艇の当地勝率,-0.0452,3号艇の節間得点,0.0406,-0.2019,北東 10.9m/s,[逃げ]風速区分が不利(-23.6pt)、1号艇のsession_exh_rel_avgが不利(-11.0pt) / [2着]2号艇のwin_rate_rank_2to6が有利(+16.5pt)、2号艇のclass_rank_2to6が有利(+11.5pt) / [候補2]3号艇のwin_rate_rank_2to6が不利(-12.8pt)、3号艇のsession_exh_rel_avgが有利(+12.2pt) / [除外]6号艇のwin_rate_rank_2to6が不利(-6.5pt)、天気-20.2pt
108,03,江戸川,12,16:25,0.6295869500380396,3,0.31921840303978255,2,0.2968609721803936,0.3878755348262116,0.24836552655799557,0.3677138486621805,0.27227364109092017,0.3818270289770022,1-3,1-2,0.18689979406038132,0.20097574076583036,0.15636769436024014,0.06043335637591004,0.02491037268455732,True,False,False,False,江戸川選抜,2026-09-05,1号艇の年齢,-0.1916,race_no,0.1156,場特性:in_escape_diff,-0.0925,レース時間帯,0.0859,1号艇のracer_win_te,0.0852,3号艇のwin_rate_rank_2to6,0.0825,3号艇のracer_avgfin_te,0.0675,3号艇の当地勝率,0.0547,3号艇の全国勝率,0.0504,3号艇のcumulative_diff_rank_2to6,0.0431,2号艇のwin_rate_rank_2to6,-0.14,2号艇の全国勝率,0.0614,2号艇のsession_exh_rel_avg,0.0592,2号艇のモーター2連率,-0.0507,2号艇のclass_rank_2to6,-0.047,0.1843,北 1.1m/s,[逃げ]1号艇の年齢が不利(-19.2pt)、race_noが有利(+11.6pt) / [2着]3号艇のwin_rate_rank_2to6が有利(+8.3pt)、3号艇のracer_avgfin_teが有利(+6.8pt) / [候補2]2号艇のwin_rate_rank_2to6が不利(-14.0pt)、2号艇の全国勝率が有利(+6.1pt) / [除外]3号艇のracer_avgfin_teが不利(-5.7pt)、4号艇のracer_avgfin_teが不利(-5.3pt)、天気+18.4pt
109,03,江戸川,1,11:14,0.5256591060285202,2,0.39364208993194516,3,0.3090500900415255,0.3693765431380866,0.22311122558575947,0.4795809543877112,0.270482079247483,0.402437866512974,1-2,1-3,0.20692154908882462,0.16245499404926197,0.11728044738633782,0.037199368562125995,0.0018027466971907134,True,True,False,False,予選,2026-09-05,1号艇のdominance,0.1056,場特性:in_escape_diff,-0.1009,1号艇のvs_max234_diff,0.0652,1号艇の年齢,0.0594,1号艇のvs_max234_frame_diff,-0.0593,2号艇のモーター2連率,-0.039,2号艇のsession_exh_rel_avg,0.0355,2号艇の直近平均着順,-0.0343,全艇平均勝率,0.0334,2号艇の当地2連率,0.0324,3号艇のwin_rate_rank_2to6,0.0694,3号艇の当地勝率,-0.0458,3号艇の全国勝率,-0.0448,3号艇のcumulative_diff_rank_2to6,0.0396,1号艇の女子戦勝率,0.0382,0.0156,北 1.2m/s,[逃げ]1号艇のdominanceが有利(+10.6pt)、場特性:in_escape_diffが不利(-10.1pt) / [2着]2号艇のモーター2連率が不利(-3.9pt)、2号艇のsession_exh_rel_avgが有利(+3.5pt) / [候補2]3号艇のwin_rate_rank_2to6が有利(+6.9pt)、3号艇の当地勝率が不利(-4.6pt) / [除外]6号艇のracer_win_teが不利(-16.1pt)、6号艇の全国勝率が不利(-15.7pt)、天気+1.6pt
110,11,琵琶湖,9,14:39,0.4488098016790162,2,0.5752914895162482,3,0.18821050600159228,0.3426671791898951,0.17587659194721417,0.5876254035706263,0.27034661641219415,0.41615464650411443,1-2,1-3,0.2581964593174132,0.08447071987248192,0.026237583212844823,0.07893513835181044,0.0009698989390290339,True,True,False,False,予選特賞,2026-09-05,ST差分(6-5),0.0917,6号艇の枠別出走数,-0.0866,1号艇の勝率順位,-0.0703,1号艇のsession_exh_rel_avg,-0.0647,場特性:in_escape_diff,-0.0622,2号艇のwin_rate_rank_2to6,0.219,2号艇のclass_rank_2to6,0.0831,2号艇のモーター2連率,0.0716,2号艇の節間得点,0.0597,2号艇のsession_exh_rel_avg,0.0571,3号艇のsession_exh_rel_avg,-0.1001,6号艇のsession_rank_diff_delta,-0.0744,3号艇のwin_rate_rank_2to6,-0.0742,3号艇の節間得点,0.0544,4号艇の枠別出走数,-0.0534,0.064,東 1.5m/s,[逃げ]ST差分(6-5)が有利(+9.2pt)、6号艇の枠別出走数が不利(-8.7pt) / [2着]2号艇のwin_rate_rank_2to6が有利(+21.9pt)、2号艇のclass_rank_2to6が有利(+8.3pt) / [候補2]3号艇のsession_exh_rel_avgが不利(-10.0pt)、6号艇のsession_rank_diff_deltaが不利(-7.4pt) / [除外]6号艇の直近平均着順が不利(-16.2pt)、6号艇の全国勝率が不利(-15.3pt)、天気+6.4pt
111,02,戸田,9,14:48,0.3443393749199173,2,0.6984172262956923,3,0.15544297068989993,0.2940176864990162,0.06725686343743634,0.7866033335481558,0.27028803763214987,0.44179338061375806,1-2,1-3,0.24049255113596107,0.053525135363055164,0.022677495015290674,0.023159186315121066,0.004485001638741736,True,True,False,False,戸田特賞,2026-09-05,1号艇のsession_exh_rel_avg,-0.1959,1号艇のdominance,-0.1401,場特性:in_escape_diff,-0.1304,3号艇の枠別出走数,-0.1229,1号艇の級別順位,-0.1157,2号艇のwin_rate_rank_2to6,0.2312,2号艇のclass_rank_2to6,0.1226,2号艇のracer_avgfin_te,0.0854,2号艇の枠別出走数,-0.065,2号艇のsession_exh_rel_avg,0.0623,3号艇のwin_rate_rank_2to6,-0.1546,3号艇の全国勝率,-0.0769,3号艇のsession_exh_rel_avg,0.0627,3号艇のcumulative_diff_rank_2to6,-0.0623,1号艇のsession_exh_rel_avg,0.0581,-0.0199,東 1.3m/s,[逃げ]1号艇のsession_exh_rel_avgが不利(-19.6pt)、1号艇のdominanceが不利(-14.0pt) / [2着]2号艇のwin_rate_rank_2to6が有利(+23.1pt)、2号艇のclass_rank_2to6が有利(+12.3pt) / [候補2]3号艇のwin_rate_rank_2to6が不利(-15.5pt)、3号艇の全国勝率が不利(-7.7pt) / [除外]6号艇のwin_rate_rank_2to6が不利(-7.4pt)、2号艇のracer_2nd_teが不利(-6.3pt)、天気-2.0pt
112,11,琵琶湖,7,13:36,0.4853183272455639,3,0.39092477553479377,4,0.2727980844454989,0.3221168681602773,0.14683274640250407,0.5168901135777886,0.2653601028628211,0.38054884178553067,1-3,1-4,0.04500391175554773,0.18972295814139364,0.13239391001888362,0.07126062286893536,0.046936922652851855,True,True,False,False,予選,2026-09-05,1号艇のdominance,0.1221,4号艇のsession_exh_rel_avg,-0.0842,4号艇のモーター2連率,-0.0741,風速区分,0.0674,1号艇の一般戦勝率,-0.067,3号艇のモーター2連率,0.1099,3号艇のwin_rate_rank_2to6,-0.0757,4号艇の直近1着率,0.0499,2号艇の女子戦勝率,0.0452,3号艇の当地勝率,-0.0417,4号艇のwin_rate_rank_2to6,0.1202,4号艇のclass_rank_2to6,-0.0928,4号艇のsession_exh_rel_avg,0.0871,4号艇のモーター2連率,0.0855,4号艇の年齢,0.0643,0.0822,北東 1.4m/s,[逃げ]1号艇のdominanceが有利(+12.2pt)、4号艇のsession_exh_rel_avgが不利(-8.4pt) / [2着]3号艇のモーター2連率が有利(+11.0pt)、3号艇のwin_rate_rank_2to6が不利(-7.6pt) / [候補2]4号艇のwin_rate_rank_2to6が有利(+12.0pt)、4号艇のclass_rank_2to6が不利(-9.3pt) / [除外]4号艇の女子戦2連率が不利(-13.0pt)、2号艇のwin_rate_rank_2to6が不利(-6.1pt)、天気+8.2pt
113,13,尼崎,4,12:00,0.6844461626627535,3,0.29255518646596534,2,0.2587488411455037,0.37733792615919076,0.25080606715200227,0.30049796045946686,0.26377155666245566,0.3542859364492736,1-3,1-2,0.1770996514154744,0.2002382747437163,0.1716632502347248,0.08949385307785607,0.04595113829050318,True,True,False,False,一般,2026-09-05,1号艇のsession_exh_rel_avg,0.1156,1号艇の級別順位,-0.0803,1号艇のモーター2連率,0.0769,1号艇のvs_max234_diff,0.0727,1号艇の勝率順位,-0.0724,3号艇のwin_rate_rank_2to6,-0.0647,6号艇のsession_rank_diff_delta,-0.0578,3号艇の当地勝率,-0.0441,3号艇の節間得点,0.0409,3号艇のcumulative_diff_rank_2to6,0.0373,2号艇のwin_rate_rank_2to6,-0.1425,4号艇のsession_rank_diff_delta,-0.1026,2号艇のsession_exh_rel_avg,-0.1001,2号艇のclass_rank_2to6,0.0726,2号艇の一般戦勝率,-0.0482,0.0521,北東 2.3m/s,[逃げ]1号艇のsession_exh_rel_avgが有利(+11.6pt)、1号艇の級別順位が不利(-8.0pt) / [2着]3号艇のwin_rate_rank_2to6が不利(-6.5pt)、6号艇のsession_rank_diff_deltaが不利(-5.8pt) / [候補2]2号艇のwin_rate_rank_2to6が不利(-14.3pt)、4号艇のsession_rank_diff_deltaが不利(-10.3pt) / [除外]5号艇のracer_avgfin_teが不利(-6.5pt)、天気+5.2pt
114,01,桐生,7,17:57,0.43984368423856435,3,0.4925724703676171,2,0.21288213135019524,0.3102897510826116,0.1290328410126006,0.5764217607052117,0.26224466933947316,0.3901293539693916,1-3,1-2,0.09363486096162785,0.21665489012098377,0.05675428017875117,0.04426988726256419,0.028529767353182817,True,False,False,False,ドラドキ３,2026-09-05,場特性:in_escape_diff,-0.1176,3号艇の直近1着率,-0.1099,4号艇の枠別出走数,-0.0954,1号艇のdominance,-0.0871,6号艇のモーター出走数,-0.0714,3号艇のwin_rate_rank_2to6,0.2088,3号艇の当地勝率,0.0857,4号艇のモーター出走数,-0.0815,win_rate_gap_top2_2to6,0.0674,3号艇のracer_2nd_te,0.058,2号艇のwin_rate_rank_2to6,-0.1791,2号艇の全国勝率,-0.0823,2号艇の直近平均着順,-0.061,3号艇のモーター出走数,0.0579,2号艇のclass_rank_2to6,-0.0443,-0.0252,東 1.6m/s,[逃げ]場特性:in_escape_diffが不利(-11.8pt)、3号艇の直近1着率が不利(-11.0pt) / [2着]3号艇のwin_rate_rank_2to6が有利(+20.9pt)、3号艇の当地勝率が有利(+8.6pt) / [候補2]2号艇のwin_rate_rank_2to6が不利(-17.9pt)、2号艇の全国勝率が不利(-8.2pt) / [除外]6号艇のwin_rate_rank_2to6が不利(-6.4pt)、天気-2.5pt
115,22,福岡,3,12:49,0.4253964236111357,2,0.5441973785688337,5,0.16593044186188222,0.3020858351179973,0.1275044355403226,0.5826233848903932,0.25586509444826067,0.3862471000497161,1-2,1-5,0.23149961858173715,0.049705577274642414,0.054239930873409815,0.07058621653626017,0.0193650827221739,True,True,False,False,予選,2026-09-05,1号艇のdominance,-0.2292,1号艇のracer_win_te,-0.1353,1号艇の級別順位,-0.0968,1号艇の節間得点,0.092,1号艇の全国勝率,-0.0763,2号艇のsession_exh_rel_avg,0.1769,3号艇の全国勝率,-0.0871,3号艇のracer_2nd_te,0.0687,2号艇のsession_exh_rel_last,0.0544,2号艇の全国勝率,0.054,5号艇のwin_rate_rank_2to6,0.1846,5号艇のclass_rank_2to6,0.1065,1号艇vs5号艇のplace_rate差,-0.0517,5号艇のracer_avgfin_te,0.0512,5号艇の年齢,0.0501,-0.0254,東 5.4m/s,[逃げ]1号艇のdominanceが不利(-22.9pt)、1号艇のracer_win_teが不利(-13.5pt) / [2着]2号艇のsession_exh_rel_avgが有利(+17.7pt)、3号艇の全国勝率が不利(-8.7pt) / [候補2]5号艇のwin_rate_rank_2to6が有利(+18.5pt)、5号艇のclass_rank_2to6が有利(+10.6pt)、天気-2.5pt
116,22,福岡,4,13:25,0.37586277271745344,3,0.49316642401813693,2,0.26958728303379625,0.28669072323305583,0.10758770642770034,0.6551660006242329,0.24967744639296413,0.39723330645040894,1-3,1-2,0.10132782369044756,0.18536289954260826,0.03448010737585803,0.040438213648226834,0.0142537207592241,True,True,False,False,予選,2026-09-05,1号艇のdominance,-0.2308,1号艇のsession_exh_rel_avg,0.1477,1号艇の直近1着率,-0.0788,1号艇のvs_max234_diff,-0.0783,1号艇の級別順位,-0.0769,3号艇のwin_rate_rank_2to6,0.1457,3号艇の当地勝率,0.0633,3号艇のsession_exh_rel_delta,0.0495,1号艇vs3号艇の直近複勝率差,0.0455,場特性:1x_diff_course3,0.0416,2号艇のwin_rate_rank_2to6,-0.1399,2号艇のclass_rank_2to6,-0.0579,2号艇の全国勝率,-0.0473,場特性:1x_diff_course2,0.0413,2号艇の直近平均着順,-0.0376,-0.0149,東 5.4m/s,[逃げ]1号艇のdominanceが不利(-23.1pt)、1号艇のsession_exh_rel_avgが有利(+14.8pt) / [2着]3号艇のwin_rate_rank_2to6が有利(+14.6pt)、3号艇の当地勝率が有利(+6.3pt) / [候補2]2号艇のwin_rate_rank_2to6が不利(-14.0pt)、2号艇のclass_rank_2to6が不利(-5.8pt) / [除外]1号艇vs3号艇の直近複勝率差が不利(-6.4pt)、天気-1.5pt
117,09,津,2,11:12,0.5605725039140521,3,0.3531596255989869,2,0.2694922795512242,0.3490415375369087,0.24870613140589726,0.3739457737443138,0.24487101293598368,0.35651280839913024,1-3,1-2,0.15106996193353545,0.19797157560337325,0.1394178188209811,0.0561028636708501,0.016010279708721608,True,True,False,False,予選,2026-09-05,1号艇のracer_win_te,0.153,6号艇のモーター出走数,-0.1113,風速区分,0.0927,1号艇の節間得点,0.0794,1号艇の勝率順位,-0.0706,3号艇の全国勝率,0.1442,6号艇のモーター出走数,0.1391,3号艇の当地勝率,0.0967,3号艇の節間得点,-0.0868,3号艇のsession_exh_rel_avg,0.0656,2号艇のwin_rate_rank_2to6,-0.1299,2号艇の全国勝率,0.0734,2号艇のclass_rank_2to6,-0.0584,4号艇のracer_2nd_te,-0.0506,6号艇のsession_rank_diff_last,-0.0457,0.0693,東 1.8m/s,[逃げ]1号艇のracer_win_teが有利(+15.3pt)、6号艇のモーター出走数が不利(-11.1pt) / [2着]3号艇の全国勝率が有利(+14.4pt)、6号艇のモーター出走数が有利(+13.9pt) / [候補2]2号艇のwin_rate_rank_2to6が不利(-13.0pt)、2号艇の全国勝率が有利(+7.3pt) / [除外]3号艇の一般戦勝率が不利(-5.4pt)、3号艇のracer_win_teが不利(-5.3pt)、天気+6.9pt
118,20,若松,2,16:01,0.4779835900579481,5,0.33081712619622333,3,0.30825435123083306,0.30546567908422134,0.16692553154860462,0.47214594587845177,0.24427765406303442,0.35546975912249046,1-5,1-3,0.07978766484193331,0.14734052145229726,0.07002832500995508,0.15812515763192408,0.02270191577995544,True,False,False,False,一般戦,2026-09-05,1号艇のsession_exh_rel_avg,-0.0911,1号艇の年齢,-0.0832,5号艇の節間得点,-0.0693,1号艇vs2号艇のcumulative差,0.0667,1号艇のracer_win_te,-0.0654,5号艇のwin_rate_rank_2to6,0.24,5号艇のclass_rank_2to6,0.1876,5号艇のsession_exh_rel_avg,-0.1043,5号艇の節間得点,0.0857,mean_234_全国勝率,0.0603,3号艇のsession_exh_rel_avg,-0.2572,3号艇の年齢,-0.0778,4号艇の節間得点,0.0697,3号艇のsession_exh_rel_last,-0.0594,3号艇の節間得点,-0.0555,-0.0211,東 4.5m/s,[逃げ]1号艇のsession_exh_rel_avgが不利(-9.1pt)、1号艇の年齢が不利(-8.3pt) / [2着]5号艇のwin_rate_rank_2to6が有利(+24.0pt)、5号艇のclass_rank_2to6が有利(+18.8pt) / [候補2]3号艇のsession_exh_rel_avgが不利(-25.7pt)、3号艇の年齢が不利(-7.8pt) / [除外]2号艇のwin_rate_rank_2to6が不利(-5.6pt)、天気-2.1pt
119,12,住之江,5,17:08,0.5314779695959917,4,0.36660642395189824,2,0.2260869569459332,0.3150034746725632,0.18771284793491436,0.40498053296291703,0.24404723546434656,0.3419965921596693,1-4,1-2,0.12016023682976097,0.09976524328752942,0.19484323784280222,0.04933839554870614,0.06737086598674154,True,False,False,False,住之江ファイ,2026-09-05,1号艇の女子戦比率,-0.2019,1号艇vs4号艇のcumulative差,-0.113,1号艇のsession_exh_rel_avg,0.11,4号艇のsession_exh_rel_avg,-0.0868,1号艇vs2号艇のcumulative差,-0.0847,4号艇のsession_exh_rel_avg,0.111,4号艇のwin_rate_rank_2to6,0.0984,4号艇の節間得点,0.097,4号艇のclass_rank_2to6,-0.0777,1号艇vs4号艇のcumulative差,0.0617,2号艇の全国勝率,-0.0693,2号艇のclass_rank_2to6,-0.0579,2号艇のwin_rate_rank_2to6,-0.0428,6号艇の一般戦勝率,0.0385,2号艇のracer_2nd_te,-0.0354,0.0536,北東 1.8m/s,[逃げ]1号艇の女子戦比率が不利(-20.2pt)、1号艇vs4号艇のcumulative差が不利(-11.3pt) / [2着]4号艇のsession_exh_rel_avgが有利(+11.1pt)、4号艇のwin_rate_rank_2to6が有利(+9.8pt) / [候補2]2号艇の全国勝率が不利(-6.9pt)、2号艇のclass_rank_2to6が不利(-5.8pt)、天気+5.4pt
120,07,蒲郡,6,17:44,0.40475290002669473,2,0.5669640490094287,3,0.13041282083184616,0.2822653104797948,0.11932213559246502,0.5780547342488098,0.24184871089965165,0.37100213761049927,1-2,1-3,0.22948034304744333,0.05278496743235148,0.043352993679867245,0.048295980418428704,0.03083861544860397,True,False,False,False,予選,2026-09-05,1号艇のsession_exh_rel_avg,-0.1597,1号艇のdominance,-0.1569,1号艇の勝率順位,-0.0769,風速区分,0.0745,2号艇のsession_avg_finish,-0.0678,2号艇のwin_rate_rank_2to6,0.2105,2号艇のclass_rank_2to6,0.1144,2号艇の当地勝率,0.0973,2号艇のsession_exh_rel_avg,-0.0674,2号艇のracer_avgfin_te,0.0602,3号艇のwin_rate_rank_2to6,-0.1646,3号艇のracer_avgfin_te,-0.077,3号艇の全国勝率,-0.0631,3号艇のsession_avg_finish,-0.0566,3号艇の当地勝率,-0.0535,0.0499,北東 2.2m/s,[逃げ]1号艇のsession_exh_rel_avgが不利(-16.0pt)、1号艇のdominanceが不利(-15.7pt) / [2着]2号艇のwin_rate_rank_2to6が有利(+21.1pt)、2号艇のclass_rank_2to6が有利(+11.4pt) / [候補2]3号艇のwin_rate_rank_2to6が不利(-16.5pt)、3号艇のracer_avgfin_teが不利(-7.7pt)、天気+5.0pt
121,10,三国,7,11:20,0.4204777953916238,2,0.4823055298744375,4,0.2503921836381457,0.30808311926625453,0.18404693942965966,0.5486507740829235,0.24004101303717817,0.3802534157112552,1-2,1-4,0.2027987659067924,0.07738765133995901,0.10528435335946211,0.03098151371556644,0.0040255073496394175,True,True,False,False,予選,2026-09-05,風速区分,-0.1671,1号艇のracer_win_te,-0.1647,1号艇の年齢,-0.1099,1号艇の級別順位,-0.078,1号艇vs2号艇のcumulative差,0.0603,2号艇のwin_rate_rank_2to6,0.1914,2号艇のclass_rank_2to6,0.0828,2号艇のsession_exh_rel_avg,0.0567,2号艇の全国勝率,0.0486,2号艇のsession_avg_finish,-0.0418,4号艇のclass_rank_2to6,0.134,4号艇のwin_rate_rank_2to6,-0.0798,4号艇のsession_exh_rel_avg,0.0737,4号艇のcumulative_diff_rank_2to6,0.0545,4号艇の年齢,0.04,-0.1511,北東 11.2m/s,[逃げ]風速区分が不利(-16.7pt)、1号艇のracer_win_teが不利(-16.5pt) / [2着]2号艇のwin_rate_rank_2to6が有利(+19.1pt)、2号艇のclass_rank_2to6が有利(+8.3pt) / [候補2]4号艇のclass_rank_2to6が有利(+13.4pt)、4号艇のwin_rate_rank_2to6が不利(-8.0pt) / [除外]6号艇のwin_rate_rank_2to6が不利(-7.9pt)、6号艇のvs_avg456_diffが不利(-5.1pt)、天気-15.1pt
122,17,宮島,6,13:31,0.38655834305059433,2,0.4641228867653012,3,0.2400738012092712,0.27221310488516715,0.10552197413058192,0.5986747138439905,0.23774374783112956,0.37015158757281413,1-2,1-3,0.17941057407985345,0.09280253080531364,0.04079039947534543,0.03627044067067575,0.037284386499069684,True,True,False,False,一般戦,2026-09-05,1号艇のdominance,-0.2561,1号艇のracer_win_te,-0.2507,1号艇のsession_exh_rel_avg,0.1419,1号艇の年齢,0.1049,1号艇の直近1着率,-0.1044,2号艇のsession_exh_rel_avg,-0.0915,2号艇のwin_rate_rank_2to6,0.0661,1号艇の女子戦2連率,0.0521,3号艇の当地2連率,0.0475,2号艇の全国勝率,0.0438,3号艇のsession_exh_rel_avg,0.1005,3号艇のwin_rate_rank_2to6,-0.0675,場特性:1x_diff_course3,0.0505,3号艇の節間得点,-0.0478,3号艇のcumulative_diff_rank_2to6,-0.0474,0.0527,南東 2.2m/s,[逃げ]1号艇のdominanceが不利(-25.6pt)、1号艇のracer_win_teが不利(-25.1pt) / [2着]2号艇のsession_exh_rel_avgが不利(-9.1pt)、2号艇のwin_rate_rank_2to6が有利(+6.6pt) / [候補2]3号艇のsession_exh_rel_avgが有利(+10.0pt)、3号艇のwin_rate_rank_2to6が不利(-6.7pt)、天気+5.3pt
123,01,桐生,8,18:25,0.6483376281644859,2,0.2724716045163469,3,0.24659894631794724,0.33653296977793945,0.24469714063788658,0.2743734101964075,0.23771458325589376,0.31788510190347985,1-2,1-3,0.17665359381430018,0.1598793759636393,0.12637463528978526,0.15864636377979904,0.026783665355076817,True,False,False,False,ドラドキ５,2026-09-05,1号艇のracer_win_te,0.1238,風速区分,0.1006,場特性:in_escape_diff,-0.0907,1号艇のvs_max234_diff,0.0797,1号艇のdominance,0.0741,2号艇のwin_rate_rank_2to6,-0.1301,2号艇の全国勝率,-0.0478,2号艇のclass_rank_2to6,-0.0477,2号艇のsession_exh_rel_avg,0.0417,2号艇のモーター2連率,-0.0395,3号艇のwin_rate_rank_2to6,-0.1005,6号艇のモーター出走数,0.0855,4号艇のモーター出走数,-0.0704,3号艇のcumulative_diff_rank_2to6,0.0607,3号艇の全国勝率,-0.0543,0.054,東 1.0m/s,[逃げ]1号艇のracer_win_teが有利(+12.4pt)、風速区分が有利(+10.1pt) / [2着]2号艇のwin_rate_rank_2to6が不利(-13.0pt)、2号艇の全国勝率が不利(-4.8pt) / [候補2]3号艇のwin_rate_rank_2to6が不利(-10.0pt)、6号艇のモーター出走数が有利(+8.5pt)、天気+5.4pt
124,01,桐生,9,18:54,0.3943865815803266,2,0.4568637571307997,3,0.2745351551210006,0.2884539167745568,0.17906054133026517,0.5523383709215351,0.2264730593907719,0.3676192530186503,1-2,1-3,0.18018093542276065,0.10827298135179611,0.07061907479116607,0.016296114480405566,0.019017463045959915,True,False,False,False,予選特賞,2026-09-05,1号艇の年齢,-0.1054,6号艇の枠別出走数,-0.0968,1号艇のdominance,-0.0947,1号艇の級別順位,-0.0877,場特性:in_escape_diff,-0.0667,2号艇のwin_rate_rank_2to6,0.1526,2号艇の当地勝率,0.0734,3号艇のモーター出走数,0.0648,2号艇の一般戦勝率,-0.0482,2号艇の全国勝率,0.0478,3号艇のwin_rate_rank_2to6,-0.06,4号艇のモーター出走数,-0.0564,3号艇のcumulative_diff_rank_2to6,0.0441,3号艇の年齢,-0.0355,3号艇のracer_2nd_te,0.0337,0.0658,東 1.0m/s,[逃げ]1号艇の年齢が不利(-10.5pt)、6号艇の枠別出走数が不利(-9.7pt) / [2着]2号艇のwin_rate_rank_2to6が有利(+15.3pt)、2号艇の当地勝率が有利(+7.3pt) / [候補2]3号艇のwin_rate_rank_2to6が不利(-6.0pt)、4号艇のモーター出走数が不利(-5.6pt) / [除外]2号艇のracer_2nd_teが不利(-5.3pt)、5号艇のwin_rate_rank_2to6が不利(-5.1pt)、天気+6.6pt
125,02,戸田,10,15:21,0.3955419765645213,3,0.46327433762263204,2,0.2146659922833959,0.2681538580838339,0.1400727295116886,0.5378676003943393,0.22308060668676277,0.34906798077698553,1-3,1-2,0.08490941088895869,0.18324444719487523,0.03188282761537326,0.05540464429384086,0.0401006406774385,True,False,False,False,戸田特賞,2026-09-05,1号艇のdominance,-0.3198,1号艇のsession_exh_rel_avg,0.1525,場特性:in_escape_diff,-0.1238,5号艇の枠別出走数,-0.0982,1号艇の級別順位,-0.0956,3号艇のsession_exh_rel_avg,-0.1125,3号艇のモーター2連率,0.11,6号艇の直近1着率,0.0529,3号艇のwin_rate_rank_2to6,0.0499,3号艇の節間得点,0.0399,2号艇のwin_rate_rank_2to6,-0.1578,2号艇の全国勝率,-0.0679,2号艇のclass_rank_2to6,-0.0472,枠別勝率の分散(2-6号艇),0.0446,2号艇のsession_avg_finish,-0.042,0.0718,北東 0.9m/s,[逃げ]1号艇のdominanceが不利(-32.0pt)、1号艇のsession_exh_rel_avgが有利(+15.3pt) / [2着]3号艇のsession_exh_rel_avgが不利(-11.2pt)、3号艇のモーター2連率が有利(+11.0pt) / [候補2]2号艇のwin_rate_rank_2to6が不利(-15.8pt)、2号艇の全国勝率が不利(-6.8pt)、天気+7.2pt
126,11,琵琶湖,1,10:33,0.3319248776780721,3,0.5185805206246877,2,0.24329828676917428,0.2528865299497231,0.11987182180932647,0.6420069855845356,0.2165097670823886,0.36962266664016685,1-3,1-2,0.08075675407514268,0.17212977587458042,0.02359051830479158,0.03978843979110835,0.015659393341998635,False,False,True,False,予選,2026-09-05,1号艇のsession_exh_rel_avg,-0.1714,1号艇vs3号艇のcumulative差,-0.0757,1号艇の年齢,0.074,1号艇の直近1着率,-0.073,風速区分,0.0673,3号艇のwin_rate_rank_2to6,0.2093,3号艇のsession_exh_rel_avg,0.0765,3号艇のclass_rank_2to6,0.0459,3号艇の節間得点,0.0399,3号艇の全国勝率,0.035,2号艇のwin_rate_rank_2to6,0.08,2号艇のsession_exh_rel_avg,0.0786,2号艇の直近平均着順,-0.0604,2号艇の全国勝率,-0.0522,2号艇のracer_avgfin_te,-0.0492,0.0369,北東 2.0m/s,[逃げ]1号艇のsession_exh_rel_avgが不利(-17.1pt)、1号艇vs3号艇のcumulative差が不利(-7.6pt) / [2着]3号艇のwin_rate_rank_2to6が有利(+20.9pt)、3号艇のsession_exh_rel_avgが有利(+7.6pt) / [候補2]2号艇のwin_rate_rank_2to6が有利(+8.0pt)、2号艇のsession_exh_rel_avgが有利(+7.9pt) / [除外]4号艇のwin_rate_rank_2to6が不利(-5.4pt)、win_rate_range_1to6が不利(-5.2pt)、天気+3.7pt
127,04,平和島,1,10:55,0.39340649713871756,3,0.503696219314994,2,0.22303350597944605,0.2859001955946681,0.22136576344863057,0.5053639618458095,0.2099539775131563,0.3517393254700105,1-3,1-2,0.08774283033194108,0.19815736526272704,0.08708672958476371,0.019935375306420408,0.00048420068313718707,False,False,True,False,予選,2026-09-05,1号艇の女子戦比率,-0.218,場特性:in_escape_diff,-0.1629,場特性:1x_diff_course5,-0.0727,1号艇の勝率順位,-0.0722,1号艇の節間得点,-0.0674,3号艇のwin_rate_rank_2to6,0.1716,3号艇の当地勝率,0.1043,6号艇のracer_avgfin_te,0.0571,3号艇のclass_rank_2to6,-0.0354,3号艇のcumulative_diff_rank_2to6,0.0328,2号艇のclass_rank_2to6,0.0683,2号艇の体重,-0.0535,2号艇のwin_rate_rank_2to6,-0.047,4号艇の女子戦比率,0.0454,2号艇のモーター2連率,-0.0417,-0.0162,北東 2.2m/s,[逃げ]1号艇の女子戦比率が不利(-21.8pt)、場特性:in_escape_diffが不利(-16.3pt) / [2着]3号艇のwin_rate_rank_2to6が有利(+17.2pt)、3号艇の当地勝率が有利(+10.4pt) / [候補2]2号艇のclass_rank_2to6が有利(+6.8pt)、2号艇の体重が不利(-5.4pt) / [除外]6号艇の直近平均着順が不利(-21.9pt)、6号艇の全国勝率が不利(-18.0pt)、天気-1.6pt
128,07,蒲郡,3,16:19,0.3436513317122719,3,0.4189556754036941,2,0.354556018884556,0.2658183238371729,0.18035991093622666,0.5931517833520235,0.20828676078218544,0.36401836169162805,1-3,1-2,0.1218436480562791,0.1439746757808938,0.061980923580741046,0.01107291536062445,0.004779166053281292,True,False,False,False,予選,2026-09-05,1号艇のsession_exh_rel_avg,-0.2335,1号艇のdominance,-0.1662,1号艇のracer_win_te,-0.143,1号艇の級別順位,-0.0985,1号艇のsession_exh_rel_last,-0.0942,3号艇のwin_rate_rank_2to6,0.0536,3号艇のsession_exh_rel_avg,0.0497,3号艇の女子戦勝率,0.0437,3号艇の節間得点,0.0395,場特性:1x_diff_course3,0.0385,2号艇のwin_rate_rank_2to6,0.1482,1号艇vs6号艇の枠別平均ST差,0.0542,3号艇の女子戦2連率,-0.0466,2号艇のclass_rank_2to6,-0.0423,2号艇の全国勝率,0.0389,0.0227,北東 2.2m/s,[逃げ]1号艇のsession_exh_rel_avgが不利(-23.3pt)、1号艇のdominanceが不利(-16.6pt) / [2着]3号艇のwin_rate_rank_2to6が有利(+5.4pt)、3号艇のsession_exh_rel_avgが有利(+5.0pt) / [候補2]2号艇のwin_rate_rank_2to6が有利(+14.8pt)、1号艇vs6号艇の枠別平均ST差が有利(+5.4pt) / [除外]1号艇vs5号艇の枠別平均ST差が不利(-6.4pt)、6号艇のwin_rate_rank_2to6が不利(-5.9pt)、天気+2.3pt
129,03,江戸川,6,13:29,0.426083125063616,3,0.38335473513970425,2,0.2308552126446814,0.26170449399713147,0.18125393982140064,0.432956007962985,0.20478252926999607,0.3130799481868875,1-3,1-2,0.09836351044087145,0.16334098355626,0.06268484245183881,0.07722924510919497,0.024464551441867443,True,True,False,False,予選,2026-09-05,1号艇のdominance,-0.091,場特性:in_escape_diff,-0.0801,1号艇vs4号艇の枠別平均ST差,-0.0718,1号艇のモーター2連率順位,-0.0713,1号艇の級別順位,-0.0674,3号艇のwin_rate_rank_2to6,0.0838,3号艇の当地勝率,0.0502,場特性:1x_diff_course3,-0.0433,3号艇のclass_rank_2to6,0.0409,3号艇のcumulative_diff_rank_2to6,0.0388,2号艇のwin_rate_rank_2to6,-0.152,2号艇の全国勝率,-0.0747,2号艇のモーター2連率,0.0626,2号艇のclass_rank_2to6,-0.0445,2号艇のsession_exh_rel_avg,0.03,0.0243,東 1.6m/s,[逃げ]1号艇のdominanceが不利(-9.1pt)、場特性:in_escape_diffが不利(-8.0pt) / [2着]3号艇のwin_rate_rank_2to6が有利(+8.4pt)、3号艇の当地勝率が有利(+5.0pt) / [候補2]2号艇のwin_rate_rank_2to6が不利(-15.2pt)、2号艇の全国勝率が不利(-7.5pt) / [除外]4号艇のwin_rate_rank_2to6が不利(-5.9pt)、天気+2.4pt
130,22,福岡,6,14:27,0.41670221660896145,2,0.38472132122976466,4,0.2790115785468992,0.2765789705732295,0.21722988003335808,0.44650301974330575,0.2044815106563827,0.32755618532425235,1-2,1-4,0.16031422733317124,0.09052017252359909,0.11626474324005824,0.025950085765118123,0.023652998613371848,True,True,False,False,予選,2026-09-05,1号艇のdominance,-0.1422,1号艇のracer_win_te,-0.1169,1号艇のsession_exh_rel_avg,0.1168,ST差分(4-3),-0.0859,1号艇の級別順位,-0.0797,2号艇のsession_exh_rel_avg,0.1002,2号艇の全国勝率,0.0754,ST差分(3-2),-0.0615,場特性:1x_diff_course2,0.0516,5号艇のracer_2nd_te,-0.0436,4号艇のclass_rank_2to6,0.1105,4号艇のsession_exh_rel_avg,0.0935,4号艇のwin_rate_rank_2to6,0.08,級別の分散(2-6号艇),-0.0622,4号艇の年齢,0.0417,-0.032,東 4.7m/s,[逃げ]1号艇のdominanceが不利(-14.2pt)、1号艇のracer_win_teが不利(-11.7pt) / [2着]2号艇のsession_exh_rel_avgが有利(+10.0pt)、2号艇の全国勝率が有利(+7.5pt) / [候補2]4号艇のclass_rank_2to6が有利(+11.0pt)、4号艇のsession_exh_rel_avgが有利(+9.3pt)、天気-3.2pt
131,07,蒲郡,2,15:50,0.33299615185404996,2,0.5331079036996547,3,0.20353695731144922,0.24529990399975907,0.14917668118410796,0.5874681798269958,0.20138827331160186,0.3479503867479301,1-2,1-3,0.17752288045496445,0.06777702354479463,0.04967526078066641,0.02606118033893168,0.01195980487393182,True,False,False,False,予選,2026-09-05,2号艇のsession_exh_rel_avg,-0.2455,1号艇vs2号艇のcumulative差,-0.1094,1号艇のracer_win_te,-0.1038,1号艇のsession_avg_finish,-0.0981,1号艇の年齢,-0.0776,2号艇のsession_exh_rel_avg,0.1633,2号艇のwin_rate_rank_2to6,0.1585,2号艇のclass_rank_2to6,0.1086,2号艇の全国勝率,0.0458,2号艇の一般戦勝率,-0.0387,3号艇のsession_exh_rel_avg,-0.1432,3号艇のwin_rate_rank_2to6,-0.102,3号艇のracer_avgfin_te,-0.0834,3号艇の全国勝率,-0.0642,3号艇の当地勝率,-0.0472,0.0209,北東 2.2m/s,[逃げ]2号艇のsession_exh_rel_avgが不利(-24.5pt)、1号艇vs2号艇のcumulative差が不利(-10.9pt) / [2着]2号艇のsession_exh_rel_avgが有利(+16.3pt)、2号艇のwin_rate_rank_2to6が有利(+15.9pt) / [候補2]3号艇のsession_exh_rel_avgが不利(-14.3pt)、3号艇のwin_rate_rank_2to6が不利(-10.2pt)、天気+2.1pt
132,13,尼崎,2,11:05,0.41302229348680697,3,0.378324803128659,2,0.233734822528395,0.252794270339553,0.17293599449856345,0.4391236311584906,0.20033359608590182,0.30869307858523426,1-3,1-2,0.0965376924684095,0.15625657787114347,0.07142642107421851,0.05870133919946449,0.03010025056454742,True,True,False,False,一般,2026-09-05,1号艇のracer_win_te,-0.2669,1号艇のdominance,-0.2436,5号艇の枠別出走数,-0.1506,1号艇の全国2連率,-0.1297,1号艇の年齢,0.0985,3号艇のwin_rate_rank_2to6,-0.0644,3号艇の節間得点,-0.0387,3号艇の当地勝率,-0.0362,3号艇の全国勝率,0.0339,3号艇のsession_exh_rel_avg,0.0292,2号艇のwin_rate_rank_2to6,-0.1344,2号艇の全国勝率,-0.0956,2号艇のsession_avg_finish,-0.081,1号艇vs6号艇の枠別平均ST差,0.0778,2号艇の節間得点,-0.0686,0.025,東 2.6m/s,[逃げ]1号艇のracer_win_teが不利(-26.7pt)、1号艇のdominanceが不利(-24.4pt) / [2着]3号艇のwin_rate_rank_2to6が不利(-6.4pt)、3号艇の節間得点が不利(-3.9pt) / [候補2]2号艇のwin_rate_rank_2to6が不利(-13.4pt)、2号艇の全国勝率が不利(-9.6pt) / [除外]4号艇の年齢が不利(-8.4pt)、1号艇のracer_2nd_teが不利(-5.4pt)、天気+2.5pt
133,13,尼崎,3,11:37,0.3718303805441773,2,0.4408552571952824,3,0.24010379394237083,0.25320126311951546,0.1838027898598526,0.4971562612778006,0.1973543448506288,0.32638776256700097,1-2,1-3,0.163923378047823,0.08927788507169247,0.06834346129867044,0.027941807883679767,0.02234385378301605,True,True,False,False,一般,2026-09-05,1号艇のracer_win_te,-0.1935,1号艇のdominance,-0.1461,1号艇の級別順位,-0.0815,1号艇vs4号艇のcumulative差,-0.0799,1号艇の年齢,0.0676,2号艇の当地勝率,0.1075,2号艇のclass_rank_2to6,0.0717,2号艇のwin_rate_rank_2to6,0.0529,2号艇のsession_exh_rel_avg,0.0523,2号艇の全国勝率,0.047,3号艇のwin_rate_rank_2to6,-0.1164,4号艇の女子戦2連率,0.0761,3号艇のsession_exh_rel_avg,-0.061,3号艇のcumulative_diff_rank_2to6,-0.057,6号艇のracer_2nd_te,-0.0535,0.0161,東 2.5m/s,[逃げ]1号艇のracer_win_teが不利(-19.4pt)、1号艇のdominanceが不利(-14.6pt) / [2着]2号艇の当地勝率が有利(+10.7pt)、2号艇のclass_rank_2to6が有利(+7.2pt) / [候補2]3号艇のwin_rate_rank_2to6が不利(-11.6pt)、4号艇の女子戦2連率が有利(+7.6pt)、天気+1.6pt
134,07,蒲郡,5,17:15,0.29313956679750225,2,0.5362348727447451,3,0.2470615391968986,0.22961517087061128,0.12258602805901647,0.6607103838826272,0.19583803673566655,0.35894373477421604,1-2,1-3,0.15719165829810833,0.07242351257250298,0.03593481516064655,0.014654547165158223,0.012935038515221098,True,False,False,False,予選,2026-09-05,1号艇のdominance,-0.2303,3号艇のsession_exh_rel_avg,-0.1882,1号艇の年齢,-0.0895,1号艇の級別順位,-0.0863,2号艇のracer_win_te,-0.0855,2号艇のwin_rate_rank_2to6,0.2292,2号艇のsession_exh_rel_avg,0.1092,2号艇のclass_rank_2to6,0.0795,2号艇のracer_avgfin_te,0.0597,2号艇の全国勝率,0.0507,3号艇のsession_exh_rel_avg,0.1216,3号艇のwin_rate_rank_2to6,-0.1029,3号艇の全国勝率,-0.082,1号艇vs2号艇のplace_rate差,0.073,3号艇の年齢,-0.0644,0.0479,北東 2.2m/s,[逃げ]1号艇のdominanceが不利(-23.0pt)、3号艇のsession_exh_rel_avgが不利(-18.8pt) / [2着]2号艇のwin_rate_rank_2to6が有利(+22.9pt)、2号艇のsession_exh_rel_avgが有利(+10.9pt) / [候補2]3号艇のsession_exh_rel_avgが有利(+12.2pt)、3号艇のwin_rate_rank_2to6が不利(-10.3pt) / [除外]5号艇の直近平均着順が不利(-13.3pt)、天気+4.8pt
135,17,宮島,4,12:38,0.30380631022830273,2,0.4332621382673906,4,0.35851164239067046,0.24054587083723902,0.16520623055429895,0.6265675501037621,0.1928582589215332,0.35635237461719593,1-2,1-4,0.13162777158864064,0.05019069533142785,0.10891809924859835,0.010625821586529655,0.002443927424585557,True,True,False,False,ランチタイム,2026-09-05,1号艇のracer_win_te,-0.2391,1号艇のdominance,-0.2373,1号艇のsession_exh_rel_avg,0.1663,1号艇の女子戦比率,-0.1373,3号艇の女子戦勝率,0.1087,2号艇のsession_exh_rel_avg,0.1459,3号艇のracer_2nd_te,0.0822,2号艇のwin_rate_rank_2to6,0.0706,2号艇のsession_exh_rel_last,0.0529,2号艇の全国勝率,0.0496,4号艇のwin_rate_rank_2to6,0.1884,4号艇のclass_rank_2to6,0.1635,1号艇の平均ST,0.0912,4号艇のsession_exh_rel_avg,0.0787,6号艇のsession_rank_diff_delta,0.0674,0.0213,東 2.0m/s,[逃げ]1号艇のracer_win_teが不利(-23.9pt)、1号艇のdominanceが不利(-23.7pt) / [2着]2号艇のsession_exh_rel_avgが有利(+14.6pt)、3号艇のracer_2nd_teが有利(+8.2pt) / [候補2]4号艇のwin_rate_rank_2to6が有利(+18.8pt)、4号艇のclass_rank_2to6が有利(+16.4pt) / [除外]4号艇の女子戦2連率が不利(-11.4pt)、6号艇のracer_win_teが不利(-8.8pt)、天気+2.1pt
136,01,桐生,2,15:43,0.48255263562930834,5,0.2706438513660917,2,0.24817240372168975,0.2503561512999365,0.21146290153967162,0.3073533535481099,0.18682690549330896,0.2674553119743885,1-5,1-2,0.11975624750636216,0.10204198047578947,0.07676655126645007,0.13059990379357433,0.05338795618242964,True,False,False,False,予選,2026-09-05,1号艇の級別順位,-0.079,1号艇のdominance,-0.0763,1号艇の年齢,-0.0748,1号艇のvs_max234_diff,0.0703,1号艇の全国勝率,-0.0683,5号艇のwin_rate_rank_2to6,0.2253,5号艇のclass_rank_2to6,0.1283,2号艇のモーター出走数,-0.0731,5号艇の枠別勝率,0.07,1号艇のモーター出走数,0.0599,2号艇のwin_rate_rank_2to6,-0.1476,2号艇のclass_rank_2to6,-0.0495,3号艇のモーター出走数,0.0488,1号艇の年齢,0.0482,2号艇のsession_exh_rel_avg,0.0423,0.0181,東 1.0m/s,[逃げ]1号艇の級別順位が不利(-7.9pt)、1号艇のdominanceが不利(-7.6pt) / [2着]5号艇のwin_rate_rank_2to6が有利(+22.5pt)、5号艇のclass_rank_2to6が有利(+12.8pt) / [候補2]2号艇のwin_rate_rank_2to6が不利(-14.8pt)、2号艇のclass_rank_2to6が不利(-4.9pt) / [除外]4号艇のwin_rate_rank_2to6が不利(-5.2pt)、天気+1.8pt
137,11,琵琶湖,2,11:02,0.3382115506219704,4,0.44414843485294275,2,0.2814214692789001,0.24539612236106498,0.20961074722743697,0.5159591569044059,0.18367092487128292,0.32656503272406723,1-4,1-2,0.09517999150313,0.07089277584682134,0.15021613085793498,0.010571436779659193,0.011351211854616267,True,True,False,False,予選,2026-09-05,1号艇のdominance,-0.2403,1号艇のvs_max234_diff,-0.1262,1号艇の級別順位,-0.0792,1号艇の全国勝率,-0.0773,3号艇のsession_exh_rel_avg,-0.076,4号艇のwin_rate_rank_2to6,0.2308,4号艇のclass_rank_2to6,0.1955,4号艇の全国勝率,0.0976,4号艇のモーター2連率,0.0717,4号艇のsession_exh_rel_avg,0.0681,2号艇のsession_exh_rel_avg,-0.0726,2号艇のwin_rate_rank_2to6,0.0502,2号艇の全国勝率,0.041,1号艇vs4号艇の勝率差,0.038,1号艇の女子戦2連率,0.0372,0.0011,北東 2.1m/s,[逃げ]1号艇のdominanceが不利(-24.0pt)、1号艇のvs_max234_diffが不利(-12.6pt) / [2着]4号艇のwin_rate_rank_2to6が有利(+23.1pt)、4号艇のclass_rank_2to6が有利(+19.5pt) / [候補2]2号艇のsession_exh_rel_avgが不利(-7.3pt)、2号艇のwin_rate_rank_2to6が有利(+5.0pt)、天気影響ほぼなし
138,04,平和島,5,12:52,0.2943608313550339,3,0.46120888607049104,2,0.32071338209550365,0.23016728891235597,0.1701689440653128,0.611753324100682,0.1831664994972463,0.34464309946885374,1-3,1-2,0.09440545778031709,0.13576183113203885,0.05009107184587373,0.0067432457767470115,0.007359223175187863,True,True,False,False,予選,2026-09-05,1号艇の女子戦比率,-0.3879,1号艇のdominance,-0.2293,場特性:in_escape_diff,-0.1207,5号艇の平均ST,0.1072,1号艇のvs_max234_diff,-0.1071,3号艇のwin_rate_rank_2to6,0.2259,3号艇の当地勝率,0.1107,3号艇のclass_rank_2to6,0.0513,場特性:1x_diff_course3,-0.033,3号艇の全国勝率,0.0317,1号艇vs6号艇の枠別平均ST差,0.0629,2号艇のsession_exh_rel_avg,0.0565,1号艇の女子戦比率,0.0499,2号艇のracer_avgfin_te,-0.0445,2号艇の体重,-0.0376,-0.0413,北東 2.6m/s,[逃げ]1号艇の女子戦比率が不利(-38.8pt)、1号艇のdominanceが不利(-22.9pt) / [2着]3号艇のwin_rate_rank_2to6が有利(+22.6pt)、3号艇の当地勝率が有利(+11.1pt) / [候補2]1号艇vs6号艇の枠別平均ST差が有利(+6.3pt)、2号艇のsession_exh_rel_avgが有利(+5.6pt) / [除外]4号艇の女子戦2連率が不利(-12.7pt)、6号艇のwin_rate_rank_2to6が不利(-7.1pt)、天気-4.1pt
139,04,平和島,9,14:56,0.34145392039428335,2,0.4017785312289144,3,0.26063212865853136,0.2261827167295326,0.15958710371959772,0.502823556167848,0.18286770312037703,0.3091749685610272,1-2,1-3,0.13718885461836983,0.08899386211116278,0.05408315856770303,0.05449164220942576,0.006696402569618185,True,True,False,False,予選特賞,2026-09-05,1号艇の女子戦比率,-0.172,場特性:in_escape_diff,-0.1188,1号艇の全国勝率,-0.0741,1号艇のracer_win_te,-0.0736,1号艇の勝率順位,-0.0642,2号艇のclass_rank_2to6,0.094,2号艇のwin_rate_rank_2to6,0.0754,2号艇の全国勝率,0.0427,2号艇の当地勝率,-0.0355,2号艇のsession_exh_rel_avg,0.0335,3号艇のwin_rate_rank_2to6,-0.1035,3号艇のcumulative_diff_rank_2to6,0.0483,5号艇の一般戦2連率,-0.0469,3号艇の全国勝率,0.0376,場特性:1x_diff_course3,-0.0302,-0.0054,北東 3.4m/s,[逃げ]1号艇の女子戦比率が不利(-17.2pt)、場特性:in_escape_diffが不利(-11.9pt) / [2着]2号艇のclass_rank_2to6が有利(+9.4pt)、2号艇のwin_rate_rank_2to6が有利(+7.5pt) / [候補2]3号艇のwin_rate_rank_2to6が不利(-10.4pt)、3号艇のcumulative_diff_rank_2to6が有利(+4.8pt) / [除外]6号艇のracer_win_teが不利(-16.3pt)、6号艇の直近平均着順が不利(-8.6pt)、天気-0.5pt
140,02,戸田,11,15:55,0.4494413313369296,4,0.33170188275723567,2,0.20964677436821,0.2433044611759193,0.2086804964109818,0.33266816071446387,0.18237698629128257,0.2701135710374827,1-4,1-2,0.0942239253825412,0.09046667151719713,0.14908053579337813,0.02188055683851073,0.09378964013100302,True,False,False,False,戸田特選,2026-09-05,場特性:in_escape_diff,-0.1845,1号艇のsession_exh_rel_avg,-0.1485,1号艇の節間得点,-0.0917,1号艇vs4号艇のcumulative差,-0.084,5号艇の平均ST,0.0804,4号艇のwin_rate_rank_2to6,0.1858,4号艇のclass_rank_2to6,0.1363,3号艇のsession_exh_rel_delta,-0.0838,4号艇の全国勝率,0.0728,4号艇のモーター2連率,0.0622,3号艇の女子戦2連率,-0.0614,2号艇のclass_rank_2to6,-0.0552,2号艇のsession_exh_rel_avg,0.0417,1号艇のsession_exh_rel_avg,-0.0389,2号艇の直近平均着順,-0.0354,0.0455,北 0.7m/s,[逃げ]場特性:in_escape_diffが不利(-18.5pt)、1号艇のsession_exh_rel_avgが不利(-14.8pt) / [2着]4号艇のwin_rate_rank_2to6が有利(+18.6pt)、4号艇のclass_rank_2to6が有利(+13.6pt) / [候補2]3号艇の女子戦2連率が不利(-6.1pt)、2号艇のclass_rank_2to6が不利(-5.5pt)、天気+4.5pt
141,04,平和島,8,14:24,0.3225466161309206,2,0.5175454875345591,4,0.17575769329030871,0.22362259492786485,0.17256118331013143,0.5207419975147363,0.1773162994131034,0.31275841570392626,1-2,1-4,0.1669325456980996,0.04180741377960219,0.05669004922976529,0.05565902575223039,0.0014575870032334434,True,True,False,False,予選,2026-09-05,場特性:in_escape_diff,-0.1173,1号艇の直近1着率,-0.0965,1号艇のdominance,-0.0908,5号艇の枠別出走数,-0.0726,1号艇の全国勝率,-0.0675,2号艇のwin_rate_rank_2to6,0.1858,2号艇のclass_rank_2to6,0.1002,2号艇の女子戦比率,-0.0986,2号艇の体重,-0.0525,3号艇のracer_avgfin_te,0.0475,4号艇のwin_rate_rank_2to6,-0.1201,1号艇の平均ST,0.0976,4号艇の全国勝率,-0.0911,4号艇のclass_rank_2to6,-0.0884,4号艇のracer_avgfin_te,-0.052,0.0108,北東 3.5m/s,[逃げ]場特性:in_escape_diffが不利(-11.7pt)、1号艇の直近1着率が不利(-9.7pt) / [2着]2号艇のwin_rate_rank_2to6が有利(+18.6pt)、2号艇のclass_rank_2to6が有利(+10.0pt) / [候補2]4号艇のwin_rate_rank_2to6が不利(-12.0pt)、1号艇の平均STが有利(+9.8pt) / [除外]6号艇のracer_win_teが不利(-14.5pt)、6号艇の全国勝率が不利(-13.1pt)、天気+1.1pt
142,11,琵琶湖,8,14:07,0.2298671764892088,2,0.6175820106798897,3,0.20395888841563697,0.1888452868454947,0.07602960083422489,0.7455112982613017,0.1716158887115495,0.3558450902702368,1-2,1-3,0.14196183304551463,0.04688345379998007,0.017476709673364867,0.014046166359729717,0.009499013610619502,True,True,False,False,予選,2026-09-05,1号艇のdominance,-0.2674,1号艇のracer_win_te,-0.1844,1号艇のsession_exh_rel_avg,-0.125,1号艇のsession_avg_finish,-0.0785,1号艇の全国勝率,-0.0773,2号艇のwin_rate_rank_2to6,0.2299,2号艇のclass_rank_2to6,0.1194,2号艇のsession_exh_rel_avg,-0.0699,1号艇vs2号艇のplace_rate差,-0.057,2号艇の一般戦勝率,-0.0516,3号艇のwin_rate_rank_2to6,-0.1269,3号艇のsession_exh_rel_avg,0.077,3号艇の全国勝率,-0.0765,3号艇のcumulative_diff_rank_2to6,0.0534,3号艇のracer_2nd_te,-0.0439,0.0683,北東 1.7m/s,[逃げ]1号艇のdominanceが不利(-26.7pt)、1号艇のracer_win_teが不利(-18.4pt) / [2着]2号艇のwin_rate_rank_2to6が有利(+23.0pt)、2号艇のclass_rank_2to6が有利(+11.9pt) / [候補2]3号艇のwin_rate_rank_2to6が不利(-12.7pt)、3号艇のsession_exh_rel_avgが有利(+7.7pt) / [除外]win_rate_range_1to6が不利(-7.2pt)、6号艇のsession_exh_rel_avgが不利(-6.4pt)、天気+6.8pt
143,11,琵琶湖,4,12:02,0.2728142866480069,5,0.38575423421113997,4,0.3514745918349147,0.20112655627410198,0.1266400295499514,0.6105887964961032,0.17056174863830328,0.3239652283407023,1-5,1-4,0.031012755286700545,0.0345492093227525,0.09588729004634164,0.10523926622776032,0.006125770591935858,True,True,False,False,予選,2026-09-05,1号艇のdominance,-0.3884,1号艇のsession_exh_rel_avg,0.1855,1号艇のvs_max234_diff,-0.1282,1号艇のracer_win_te,-0.1089,1号艇の級別順位,-0.0891,5号艇のwin_rate_rank_2to6,0.2193,5号艇のclass_rank_2to6,0.1741,5号艇のsession_exh_rel_avg,0.0799,2号艇のsession_avg_finish,0.0792,5号艇の年齢,0.0771,4号艇のwin_rate_rank_2to6,0.1204,4号艇のclass_rank_2to6,0.1111,4号艇の全国勝率,0.0858,4号艇の年齢,0.07,1号艇vs4号艇のcumulative差,0.0487,0.0674,北東 1.7m/s,[逃げ]1号艇のdominanceが不利(-38.8pt)、1号艇のsession_exh_rel_avgが有利(+18.5pt) / [2着]5号艇のwin_rate_rank_2to6が有利(+21.9pt)、5号艇のclass_rank_2to6が有利(+17.4pt) / [候補2]4号艇のwin_rate_rank_2to6が有利(+12.0pt)、4号艇のclass_rank_2to6が有利(+11.1pt) / [除外]6号艇のvs_avg456_diffが不利(-7.2pt)、6号艇のwin_rate_rank_2to6が不利(-7.1pt)、天気+6.7pt
144,13,尼崎,5,12:31,0.2921649162896324,4,0.4261375072954328,2,0.28957943651934354,0.2091073809767157,0.15746357024319046,0.5582533735715859,0.16959522724935971,0.31385117875517676,1-4,1-2,0.08460495182987293,0.0352317710939992,0.12450242914684276,0.0460053308187684,0.001820438297945223,True,True,False,False,一般,2026-09-05,1号艇のdominance,-0.2846,1号艇のracer_win_te,-0.2201,1号艇のvs_max234_diff,-0.1353,1号艇の全国勝率,-0.0892,4号艇のsession_exh_rel_avg,-0.0878,4号艇のwin_rate_rank_2to6,0.1931,4号艇のclass_rank_2to6,0.0831,4号艇のsession_exh_rel_avg,0.0783,4号艇の全国勝率,0.052,4号艇の年齢,-0.0514,2号艇のsession_exh_rel_avg,-0.1234,2号艇のclass_rank_2to6,0.0661,2号艇のwin_rate_rank_2to6,-0.0468,3号艇の全国勝率,-0.0429,1号艇vs4号艇の勝率差,0.0301,0.027,北東 2.3m/s,[逃げ]1号艇のdominanceが不利(-28.5pt)、1号艇のracer_win_teが不利(-22.0pt) / [2着]4号艇のwin_rate_rank_2to6が有利(+19.3pt)、4号艇のclass_rank_2to6が有利(+8.3pt) / [候補2]2号艇のsession_exh_rel_avgが不利(-12.3pt)、2号艇のclass_rank_2to6が有利(+6.6pt) / [除外]6号艇の節間得点が不利(-12.4pt)、1号艇vs6号艇のcumulative差が不利(-7.0pt)、天気+2.7pt
145,03,江戸川,3,12:08,0.2506530018876286,2,0.550183655066776,4,0.19056682160672334,0.18567133062790445,0.1392499592154307,0.6015005174580687,0.1546456603670119,0.3104200866769537,1-2,1-4,0.13790518473199503,0.034903420290077564,0.04776614589590941,0.018441343188985663,0.011636902645007408,True,True,False,False,予選,2026-09-05,1号艇のdominance,-0.2513,1号艇のvs_max234_diff,-0.1342,ST差分(4-3),-0.0974,1号艇のracer_win_te,-0.097,1号艇の級別順位,-0.0907,2号艇のwin_rate_rank_2to6,0.2247,2号艇のclass_rank_2to6,0.1159,2号艇の当地勝率,0.1039,3号艇の全国勝率,-0.0956,2号艇の全国勝率,0.0722,4号艇のclass_rank_2to6,0.0927,4号艇のwin_rate_rank_2to6,0.0842,4号艇のsession_exh_rel_avg,0.0484,4号艇のcumulative_diff_rank_2to6,0.0465,2号艇のracer_avgfin_te,-0.0445,0.0178,北東 1.7m/s,[逃げ]1号艇のdominanceが不利(-25.1pt)、1号艇のvs_max234_diffが不利(-13.4pt) / [2着]2号艇のwin_rate_rank_2to6が有利(+22.5pt)、2号艇のclass_rank_2to6が有利(+11.6pt) / [候補2]4号艇のclass_rank_2to6が有利(+9.3pt)、4号艇のwin_rate_rank_2to6が有利(+8.4pt) / [除外]6号艇のwin_rate_rank_2to6が不利(-5.8pt)、天気+1.8pt
146,04,平和島,6,13:22,0.347614142727612,3,0.3324162906054975,4,0.23602299378655323,0.19759753453663995,0.19269355971843102,0.37574572467361966,0.15190660775089904,0.2510419915777339,1-3,1-4,0.0669830065706543,0.11555260388752275,0.08204493064911719,0.04931513869253073,0.033718465517714194,True,True,False,False,予選,2026-09-05,1号艇のdominance,-0.2263,1号艇の女子戦比率,-0.1784,場特性:in_escape_diff,-0.1077,1号艇のracer_win_te,-0.0906,3号艇の体重,-0.0648,3号艇のモーター2連率,0.1373,3号艇の女子戦比率,-0.0923,3号艇のwin_rate_rank_2to6,-0.0813,3号艇のcumulative_diff_rank_2to6,0.0633,3号艇の全国勝率,-0.0616,4号艇のwin_rate_rank_2to6,0.107,3号艇の枠別平均ST,-0.0663,4号艇のclass_rank_2to6,-0.0643,4号艇のcumulative_diff_rank_2to6,0.0575,4号艇のsession_exh_rel_avg,0.0452,-0.0203,東 3.1m/s,[逃げ]1号艇のdominanceが不利(-22.6pt)、1号艇の女子戦比率が不利(-17.8pt) / [2着]3号艇のモーター2連率が有利(+13.7pt)、3号艇の女子戦比率が不利(-9.2pt) / [候補2]4号艇のwin_rate_rank_2to6が有利(+10.7pt)、3号艇の枠別平均STが不利(-6.6pt) / [除外]6号艇の女子戦比率が不利(-5.7pt)、2号艇のwin_rate_rank_2to6が不利(-5.5pt)、天気-2.0pt
147,10,三国,9,12:25,0.3263893299572931,2,0.34721682101950324,3,0.2996041914539245,0.2111154768635,0.23621952168238086,0.41060149079104685,0.15127196050616754,0.27096128104176403,1-2,1-3,0.11332786556245703,0.09778761130104296,0.03710329365516418,0.07709953140474456,0.0010710275019302808,True,True,False,False,予選特賞,2026-09-05,1号艇のdominance,-0.26,風速区分,-0.1465,1号艇の級別順位,-0.0772,1号艇のsession_exh_rel_avg,-0.0691,6号艇の枠別出走数,-0.0668,2号艇のsession_exh_rel_avg,-0.106,6号艇の年齢,-0.0709,2号艇のwin_rate_rank_2to6,0.0574,2号艇の全国勝率,0.0465,場特性:1x_diff_course5,0.0347,3号艇のsession_exh_rel_avg,-0.084,6号艇の直近平均着順,-0.0665,3号艇の当地勝率,0.0514,3号艇のwin_rate_rank_2to6,-0.0489,3号艇の全国勝率,0.0377,-0.1244,北東 11.5m/s,[逃げ]1号艇のdominanceが不利(-26.0pt)、風速区分が不利(-14.7pt) / [2着]2号艇のsession_exh_rel_avgが不利(-10.6pt)、6号艇の年齢が不利(-7.1pt) / [候補2]3号艇のsession_exh_rel_avgが不利(-8.4pt)、6号艇の直近平均着順が不利(-6.7pt) / [除外]6号艇の全国勝率が不利(-17.9pt)、6号艇の直近平均着順が不利(-12.9pt)、天気-12.4pt
148,10,三国,5,10:18,0.2688325179827219,4,0.41033708942182234,2,0.31021875206017135,0.19370884121276338,0.1901038986265257,0.5304519428554679,0.14951907411719587,0.29473177170557474,1-4,1-2,0.08339688824179356,0.05110610974610101,0.11031195297096982,0.010796856796649164,0.013220709225729153,False,False,True,False,予選,2026-09-05,1号艇のdominance,-0.3981,風速区分,-0.1737,1号艇のvs_max234_diff,-0.1312,1号艇の全国勝率,-0.0781,1号艇の級別順位,-0.0747,4号艇のclass_rank_2to6,0.2273,4号艇のwin_rate_rank_2to6,0.1744,4号艇の全国勝率,0.1003,4号艇のsession_exh_rel_avg,-0.0598,4号艇の節間得点,0.0461,2号艇のsession_exh_rel_avg,-0.0895,1号艇の直近複勝率,0.0431,2号艇の全国勝率,0.0388,1号艇vs2号艇のlocal_win_rate差,0.0363,2号艇のwin_rate_rank_2to6,-0.0325,-0.1761,北東 11.2m/s,[逃げ]1号艇のdominanceが不利(-39.8pt)、風速区分が不利(-17.4pt) / [2着]4号艇のclass_rank_2to6が有利(+22.7pt)、4号艇のwin_rate_rank_2to6が有利(+17.4pt) / [候補2]2号艇のsession_exh_rel_avgが不利(-8.9pt)、1号艇の直近複勝率が有利(+4.3pt) / [除外]6号艇のsession_exh_rel_avgが不利(-8.4pt)、天気-17.6pt
149,10,三国,11,13:33,0.3180267084168943,3,0.3622758974554786,4,0.2960504314564678,0.20936535544804402,0.24491202504421355,0.41341430386773287,0.1478340436357856,0.27058003997395064,1-3,1-4,0.07788856517652722,0.11521341120654219,0.09415194424150183,0.02292857677630055,0.007844209831280724,True,True,False,False,記者特選,2026-09-05,1号艇のdominance,-0.3908,風速区分,-0.1741,1号艇のsession_exh_rel_avg,0.134,1号艇のvs_max234_diff,-0.1311,1号艇の直近1着率,-0.1101,3号艇のsession_exh_rel_avg,-0.105,3号艇の節間得点,0.102,1号艇のvs_max234_diff,-0.072,3号艇のwin_rate_rank_2to6,0.0626,3号艇のcumulative_diff_rank_2to6,0.0508,4号艇のclass_rank_2to6,0.1824,4号艇のwin_rate_rank_2to6,0.1753,4号艇の全国勝率,0.0809,4号艇の一般戦2連率,0.0729,4号艇の年齢,-0.0696,-0.1083,北東 10.7m/s,[逃げ]1号艇のdominanceが不利(-39.1pt)、風速区分が不利(-17.4pt) / [2着]3号艇のsession_exh_rel_avgが不利(-10.5pt)、3号艇の節間得点が有利(+10.2pt) / [候補2]4号艇のclass_rank_2to6が有利(+18.2pt)、4号艇のwin_rate_rank_2to6が有利(+17.5pt) / [除外]6号艇のwin_rate_rank_2to6が不利(-7.5pt)、6号艇のsession_exh_rel_avgが不利(-7.1pt)、天気-10.8pt
150,01,桐生,10,19:24,0.29841195429977563,2,0.3734755199903743,3,0.2461697436830812,0.1849095541053956,0.19395081500274958,0.42569444867070594,0.14187352364075181,0.2571450224749887,1-2,1-3,0.11144955980345252,0.07345999430194311,0.057877241743004744,0.03179812347891881,0.023827037751634344,True,False,False,False,予選特賞,2026-09-05,1号艇のdominance,-0.089,レース時間帯,0.088,6号艇のモーター出走数,-0.0838,1号艇のモーター2連率順位,-0.0767,場特性:in_escape_diff,-0.0764,2号艇のwin_rate_rank_2to6,-0.1317,3号艇のモーター出走数,0.0888,2号艇の全国勝率,0.0593,2号艇のモーター2連率,0.0578,2号艇のsession_exh_rel_avg,0.0535,4号艇のモーター出走数,-0.0903,3号艇のwin_rate_rank_2to6,0.0811,6号艇のモーター出走数,0.0772,1号艇の体重,0.0626,3号艇のcumulative_diff_rank_2to6,0.0417,0.1073,東 1.6m/s,[逃げ]1号艇のdominanceが不利(-8.9pt)、レース時間帯が有利(+8.8pt) / [2着]2号艇のwin_rate_rank_2to6が不利(-13.2pt)、3号艇のモーター出走数が有利(+8.9pt) / [候補2]4号艇のモーター出走数が不利(-9.0pt)、3号艇のwin_rate_rank_2to6が有利(+8.1pt) / [除外]6号艇のwin_rate_rank_2to6が不利(-5.5pt)、天気+10.7pt
151,03,江戸川,4,12:35,0.24894284160281868,2,0.35740950988031356,3,0.31529480422272727,0.16746492351128608,0.16396744935430674,0.5087368647487341,0.1345143678739345,0.26984650588252046,1-2,1-3,0.08897453900547596,0.07849038450581013,0.03258228550978945,0.040818522772627375,0.008077109345423593,True,True,False,False,予選,2026-09-05,1号艇のdominance,-0.4531,1号艇のracer_win_te,-0.1713,1号艇のvs_max234_diff,-0.1631,1号艇の年齢,0.1208,1号艇の全国2連率,-0.0924,2号艇の全国勝率,0.0591,2号艇のsession_exh_rel_avg,0.0444,2号艇のモーター2連率,-0.0434,1号艇vs2号艇のplace_rate差,-0.0389,1号艇vs3号艇の直近複勝率差,-0.0388,3号艇のwin_rate_rank_2to6,0.067,1号艇の一般戦2連率,0.0612,3号艇のモーター2連率,-0.0409,場特性:1x_diff_course3,-0.0408,3号艇のcumulative_diff_rank_2to6,0.0366,0.0583,北東 1.6m/s,[逃げ]1号艇のdominanceが不利(-45.3pt)、1号艇のracer_win_teが不利(-17.1pt) / [2着]2号艇の全国勝率が有利(+5.9pt)、2号艇のsession_exh_rel_avgが有利(+4.4pt) / [候補2]3号艇のwin_rate_rank_2to6が有利(+6.7pt)、1号艇の一般戦2連率が有利(+6.1pt) / [除外]1号艇vs5号艇の級別差が不利(-8.9pt)、4号艇のwin_rate_rank_2to6が不利(-5.6pt)、天気+5.8pt
152,22,福岡,2,12:18,0.26360841196717777,3,0.42079727939992984,4,0.22562632994925985,0.1704027011186312,0.17764296866979623,0.4687806406793935,0.13407769108335243,0.25991608298685986,1-3,1-4,0.04180702400472152,0.11092570258272431,0.05947699853590687,0.0468281808681801,0.004570510885734277,True,True,False,False,予選,2026-09-05,1号艇のdominance,-0.2562,1号艇の年齢,-0.2387,1号艇のracer_win_te,-0.1504,1号艇のsession_exh_rel_avg,-0.114,1号艇vs4号艇の枠別勝率差,-0.1087,3号艇のwin_rate_rank_2to6,0.2062,3号艇のsession_exh_rel_avg,0.1402,3号艇の節間得点,-0.0869,場特性:1x_diff_course3,0.0636,3号艇のcumulative_diff_rank_2to6,-0.0436,4号艇のsession_exh_rel_avg,-0.0817,4号艇のwin_rate_rank_2to6,-0.0784,4号艇の節間得点,0.0599,4号艇のclass_rank_2to6,-0.0588,1号艇vs4号艇のcumulative差,0.058,-0.0778,東 5.5m/s,[逃げ]1号艇のdominanceが不利(-25.6pt)、1号艇の年齢が不利(-23.9pt) / [2着]3号艇のwin_rate_rank_2to6が有利(+20.6pt)、3号艇のsession_exh_rel_avgが有利(+14.0pt) / [候補2]4号艇のsession_exh_rel_avgが不利(-8.2pt)、4号艇のwin_rate_rank_2to6が不利(-7.8pt) / [除外]6号艇のwin_rate_rank_2to6が不利(-7.1pt)、2号艇のwin_rate_rank_2to6が不利(-6.2pt)、天気-7.8pt
153,10,三国,8,11:50,0.30678182410355503,3,0.34056444196339897,4,0.22679973827611657,0.17405701814489674,0.19692599740472252,0.370438182834793,0.13292539586072594,0.23297136755186562,1-3,1-4,0.06041331669723272,0.10447898073034084,0.06957803741455591,0.03326010301876569,0.039051388528362575,True,True,False,False,予選,2026-09-05,1号艇のdominance,-0.3598,風速区分,-0.1837,1号艇のracer_win_te,-0.1753,1号艇のsession_exh_rel_avg,0.1173,1号艇の級別順位,-0.088,6号艇のracer_2nd_te,-0.0876,3号艇のsession_exh_rel_avg,0.0789,3号艇のwin_rate_rank_2to6,-0.0645,6号艇のsession_exh_rel_last,0.0513,3号艇のcumulative_diff_rank_2to6,-0.0481,4号艇のclass_rank_2to6,0.0816,4号艇のwin_rate_rank_2to6,0.0635,4号艇のsession_exh_rel_avg,0.0627,4号艇の節間得点,0.0565,2号艇のsession_exh_rel_delta,0.0392,-0.1602,北東 11.4m/s,[逃げ]1号艇のdominanceが不利(-36.0pt)、風速区分が不利(-18.4pt) / [2着]6号艇のracer_2nd_teが不利(-8.8pt)、3号艇のsession_exh_rel_avgが有利(+7.9pt) / [候補2]4号艇のclass_rank_2to6が有利(+8.2pt)、4号艇のwin_rate_rank_2to6が有利(+6.3pt)、天気-16.0pt
154,04,平和島,2,11:24,0.2714830920951621,2,0.4384936027562836,5,0.18072163432222485,0.16810646723451234,0.17478216421756387,0.4444330728609446,0.13284805263985186,0.251004448922442,1-2,1-5,0.11904359914022355,0.04745040238486863,0.03882468448898541,0.049062868094288774,0.01710153191867572,True,True,False,False,予選,2026-09-05,1号艇のdominance,-0.3323,1号艇のracer_win_te,-0.1788,1号艇のvs_max234_diff,-0.162,場特性:in_escape_diff,-0.1002,1号艇の年齢,0.0916,2号艇のwin_rate_rank_2to6,0.1933,2号艇の女子戦比率,-0.0905,3号艇の全国勝率,-0.0662,2号艇のclass_rank_2to6,0.0656,2号艇の全国勝率,0.0559,5号艇のclass_rank_2to6,0.1381,5号艇のwin_rate_rank_2to6,0.1299,3号艇のracer_avgfin_te,0.0813,mean_234_全国勝率,0.0683,3号艇の直近平均着順,0.0659,-0.0139,北東 1.8m/s,[逃げ]1号艇のdominanceが不利(-33.2pt)、1号艇のracer_win_teが不利(-17.9pt) / [2着]2号艇のwin_rate_rank_2to6が有利(+19.3pt)、2号艇の女子戦比率が不利(-9.1pt) / [候補2]5号艇のclass_rank_2to6が有利(+13.8pt)、5号艇のwin_rate_rank_2to6が有利(+13.0pt) / [除外]3号艇のracer_2nd_teが不利(-5.8pt)、天気-1.4pt
155,07,蒲郡,1,15:25,0.2765276406296727,2,0.3812446677613231,3,0.24101790492293418,0.1720728010765279,0.2190926960230949,0.40316987666116233,0.12683292839640525,0.2414019237519182,1-2,1-3,0.10542468847868212,0.06664811259784577,0.06058518631046051,0.03375292809957252,0.01011672411296607,True,False,False,False,予選,2026-09-05,1号艇vs4号艇の枠別勝率差,-0.1385,1号艇の平均ST,-0.1376,1号艇のracer_win_te,-0.1281,4号艇のモーター2連率,-0.109,1号艇の年齢,-0.1084,2号艇のモーター2連率,0.0846,2号艇のwin_rate_rank_2to6,0.0805,3号艇の全国勝率,-0.0678,3号艇のracer_2nd_te,0.0616,2号艇のsession_exh_rel_avg,-0.0595,3号艇のsession_exh_rel_avg,-0.1784,3号艇のモーター2連率,0.1195,3号艇のwin_rate_rank_2to6,-0.1179,3号艇の当地勝率,-0.0712,second_best_win_rate,0.0565,0.0207,北東 2.2m/s,[逃げ]1号艇vs4号艇の枠別勝率差が不利(-13.9pt)、1号艇の平均STが不利(-13.8pt) / [2着]2号艇のモーター2連率が有利(+8.5pt)、2号艇のwin_rate_rank_2to6が有利(+8.0pt) / [候補2]3号艇のsession_exh_rel_avgが不利(-17.8pt)、3号艇のモーター2連率が有利(+11.9pt) / [除外]4号艇のwin_rate_rank_2to6が不利(-5.8pt)、天気+2.1pt
156,17,宮島,9,15:15,0.205416443820735,3,0.38496145447669117,2,0.324523850079746,0.14573994820505443,0.1117109917412843,0.5977743128151528,0.12620304322468237,0.2813502575880839,1-3,1-2,0.06666253521839477,0.07907741298665967,0.02294727465918212,0.020320392518920066,0.016408825376634857,True,False,False,False,一般戦,2026-09-05,1号艇のdominance,-0.3644,1号艇のracer_win_te,-0.2668,6号艇の枠別出走数,-0.1914,1号艇の年齢,0.1306,1号艇の体重,-0.0895,3号艇のwin_rate_rank_2to6,0.0786,3号艇のsession_exh_rel_avg,0.0742,3号艇の当地勝率,-0.0587,6号艇のracer_2nd_te,-0.0566,場特性:1x_diff_course3,0.046,2号艇の全国勝率,-0.0668,1号艇vs3号艇の枠別勝率差,-0.052,2号艇のclass_rank_2to6,-0.0451,2号艇のsession_exh_rel_avg,0.0391,2号艇のモーター2連率,-0.0387,0.0996,北東 1.8m/s,[逃げ]1号艇のdominanceが不利(-36.4pt)、1号艇のracer_win_teが不利(-26.7pt) / [2着]3号艇のwin_rate_rank_2to6が有利(+7.9pt)、3号艇のsession_exh_rel_avgが有利(+7.4pt) / [候補2]2号艇の全国勝率が不利(-6.7pt)、1号艇vs3号艇の枠別勝率差が不利(-5.2pt) / [除外]4号艇のwin_rate_rank_2to6が不利(-5.3pt)、天気+10.0pt
157,04,平和島,7,13:53,0.22799562944971713,4,0.4499788470246697,2,0.2687039362101352,0.16385653353829396,0.20131862771773734,0.5173641555170676,0.12427168656887626,0.2699088201319261,1-4,1-2,0.06126332307184642,0.04589976724645879,0.10259321046644755,0.008786546580275695,0.00945278166001372,True,True,False,False,予選,2026-09-05,1号艇のdominance,-0.3183,1号艇のvs_max234_diff,-0.1708,1号艇のracer_win_te,-0.1396,場特性:in_escape_diff,-0.1015,1号艇の女子戦比率,-0.0963,4号艇のwin_rate_rank_2to6,0.2359,4号艇のclass_rank_2to6,0.2129,4号艇の全国勝率,0.1277,5号艇のracer_win_te,0.0751,級別の分散(2-6号艇),-0.0574,win_rate_gap_top2_2to6,-0.1013,2号艇の全国勝率,-0.0885,3号艇のracer_2nd_te,0.0786,2号艇の直近平均着順,-0.0658,2号艇のwin_rate_rank_2to6,-0.0488,-0.0793,北東 3.2m/s,[逃げ]1号艇のdominanceが不利(-31.8pt)、1号艇のvs_max234_diffが不利(-17.1pt) / [2着]4号艇のwin_rate_rank_2to6が有利(+23.6pt)、4号艇のclass_rank_2to6が有利(+21.3pt) / [候補2]win_rate_gap_top2_2to6が不利(-10.1pt)、2号艇の全国勝率が不利(-8.8pt) / [除外]5号艇の直近平均着順が不利(-20.3pt)、5号艇のracer_win_teが不利(-12.0pt)、天気-7.9pt
158,02,戸田,3,11:45,0.2816435458115515,4,0.36510368154846834,5,0.22028342038132076,0.16487049905985393,0.20745211413146722,0.3779349877983219,0.1238272187544018,0.22878984568139432,1-4,1-5,0.0584275490100891,0.056778555522139874,0.10282909546016215,0.06204140359969177,0.0015669390718566951,True,True,False,False,予選,2026-09-05,4号艇のsession_exh_rel_avg,-0.2229,1号艇のdominance,-0.1969,場特性:in_escape_diff,-0.1661,4号艇のモーター2連率,-0.1283,1号艇のモーター2連率,0.0759,4号艇のモーター2連率,0.1455,2号艇のsession_exh_rel_delta,0.124,4号艇のsession_exh_rel_avg,0.1183,4号艇のclass_rank_2to6,0.0713,4号艇のwin_rate_rank_2to6,0.0707,5号艇のwin_rate_rank_2to6,0.2239,5号艇のclass_rank_2to6,0.1299,1号艇vs5号艇のlocal_win_rate差,0.0646,5号艇のsession_exh_rel_avg,0.0614,5号艇の枠別勝率,0.0559,-0.018,北東 1.6m/s,[逃げ]4号艇のsession_exh_rel_avgが不利(-22.3pt)、1号艇のdominanceが不利(-19.7pt) / [2着]4号艇のモーター2連率が有利(+14.6pt)、2号艇のsession_exh_rel_deltaが有利(+12.4pt) / [候補2]5号艇のwin_rate_rank_2to6が有利(+22.4pt)、5号艇のclass_rank_2to6が有利(+13.0pt) / [除外]6号艇のvs_avg456_diffが不利(-13.0pt)、6号艇の直近平均着順が不利(-10.9pt)、天気-1.8pt
159,10,三国,6,10:50,0.19547438670662204,4,0.4286022040049699,3,0.3137730497690536,0.14511534743765014,0.13121972215369176,0.6111555316203319,0.12226495275244427,0.28492740269245465,1-4,1-3,0.025650094711806244,0.06133459446867215,0.083780752968978,0.017373187093466715,0.007335758555997186,False,False,True,False,予選,2026-09-05,1号艇のdominance,-0.349,風速区分,-0.1887,1号艇のracer_win_te,-0.1578,1号艇のvs_max234_diff,-0.1409,1号艇のsession_exh_rel_avg,-0.1241,4号艇のwin_rate_rank_2to6,0.2208,4号艇のclass_rank_2to6,0.2186,4号艇の全国勝率,0.1136,4号艇の年齢,-0.0984,4号艇のsession_exh_rel_avg,-0.0769,3号艇のsession_exh_rel_avg,0.097,3号艇のwin_rate_rank_2to6,-0.0968,3号艇のcumulative_diff_rank_2to6,-0.0667,1号艇の体重,0.0586,場特性:1x_diff_course3,-0.0506,-0.1678,北東 10.9m/s,[逃げ]1号艇のdominanceが不利(-34.9pt)、風速区分が不利(-18.9pt) / [2着]4号艇のwin_rate_rank_2to6が有利(+22.1pt)、4号艇のclass_rank_2to6が有利(+21.9pt) / [候補2]3号艇のsession_exh_rel_avgが有利(+9.7pt)、3号艇のwin_rate_rank_2to6が不利(-9.7pt) / [除外]6号艇のsession_exh_rel_avgが不利(-10.4pt)、2号艇のwin_rate_rank_2to6が不利(-5.5pt)、天気-16.8pt
160,07,蒲郡,4,16:46,0.2558500122243482,2,0.31348938431069145,4,0.29030791612338147,0.154481546697086,0.18272754403232394,0.42106975640174893,0.12060790634555806,0.2344580096084849,1-2,1-4,0.0802062628080938,0.04675084437439521,0.07427528388899221,0.03372887794274491,0.020888741303890984,True,False,False,False,予選,2026-09-05,1号艇のdominance,-0.4281,1号艇のracer_win_te,-0.1777,1号艇の節間得点,0.1289,1号艇の級別順位,-0.0998,3号艇のracer_avgfin_te,-0.0943,2号艇のwin_rate_rank_2to6,-0.1408,2号艇の全国勝率,-0.1131,3号艇の全国勝率,-0.0612,3号艇の直近平均着順,0.0579,2号艇のracer_avgfin_te,-0.056,4号艇のsession_exh_rel_avg,-0.0983,4号艇のclass_rank_2to6,0.0966,4号艇のモーター2連率,-0.0645,6号艇のvs_avg456_diff,-0.058,4号艇のwin_rate_rank_2to6,0.0537,-0.0091,北東 2.2m/s,[逃げ]1号艇のdominanceが不利(-42.8pt)、1号艇のracer_win_teが不利(-17.8pt) / [2着]2号艇のwin_rate_rank_2to6が不利(-14.1pt)、2号艇の全国勝率が不利(-11.3pt) / [候補2]4号艇のsession_exh_rel_avgが不利(-9.8pt)、4号艇のclass_rank_2to6が有利(+9.7pt) / [除外]3号艇のracer_2nd_teが不利(-5.8pt)、3号艇のwin_rate_rank_2to6が不利(-5.7pt)、天気-0.9pt
161,01,桐生,4,16:33,0.33328880438843145,2,0.25476578316580084,3,0.229888376477697,0.16152980540946138,0.22209021677102997,0.26256394287246787,0.11848077801141789,0.1918400466483633,1-2,1-3,0.08491058327041213,0.07661922213904925,0.06656243148529788,0.07402018281398415,0.031176379713297845,True,False,False,False,予選,2026-09-05,1号艇のdominance,-0.2211,1号艇の直近1着率,-0.1153,6号艇のモーター出走数,-0.0794,1号艇の級別順位,-0.0745,1号艇の全国勝率,-0.0695,2号艇のwin_rate_rank_2to6,-0.1382,2号艇の全国勝率,-0.0609,3号艇のモーター出走数,0.0596,6号艇の枠別勝率,-0.0524,2号艇のclass_rank_2to6,-0.0473,4号艇のモーター出走数,-0.0905,6号艇のモーター出走数,0.0724,3号艇のwin_rate_rank_2to6,-0.0575,3号艇のモーター2連率,-0.0419,3号艇の全国勝率,0.0358,-0.0028,南東 1.6m/s,[逃げ]1号艇のdominanceが不利(-22.1pt)、1号艇の直近1着率が不利(-11.5pt) / [2着]2号艇のwin_rate_rank_2to6が不利(-13.8pt)、2号艇の全国勝率が不利(-6.1pt) / [候補2]4号艇のモーター出走数が不利(-9.1pt)、6号艇のモーター出走数が有利(+7.2pt) / [除外]6号艇のrecent_race_countが不利(-13.8pt)、天気影響ほぼなし
162,01,桐生,1,15:19,0.2639331034203798,2,0.2848391627172071,4,0.24824735193339378,0.14069917820328684,0.21173772166736454,0.3213487929832363,0.10494959008340547,0.19489406263727166,1-2,1-4,0.075178484191615,0.05588459399082812,0.06552069401167183,0.034340423579388483,0.0330089096133312,True,False,False,False,予選,2026-09-05,1号艇のdominance,-0.263,1号艇のracer_win_te,-0.138,1号艇の一般戦勝率,0.1034,1号艇vs4号艇の枠別勝率差,-0.1034,1号艇の級別順位,-0.0962,1号艇の直近複勝率,0.0601,1号艇vs6号艇の直近複勝率差,-0.0545,3号艇のモーター出走数,0.0493,1号艇の年齢,0.0481,2号艇の当地勝率,-0.0472,4号艇のwin_rate_rank_2to6,0.1058,1号艇のモーター出走数,0.0994,4号艇のclass_rank_2to6,-0.089,場特性:1x_diff_course4,-0.0495,3号艇の年齢,0.0489,-0.0039,南東 0.7m/s,[逃げ]1号艇のdominanceが不利(-26.3pt)、1号艇のracer_win_teが不利(-13.8pt) / [2着]1号艇の直近複勝率が有利(+6.0pt)、1号艇vs6号艇の直近複勝率差が不利(-5.4pt) / [候補2]4号艇のwin_rate_rank_2to6が有利(+10.6pt)、1号艇のモーター出走数が有利(+9.9pt)、天気-0.4pt
163,11,琵琶湖,3,11:34,0.1860276911276202,2,0.3982369853962874,3,0.25917709295297064,0.12229722311010487,0.24028079138852526,0.41713328696073276,0.08703441484588682,0.21074804226529323,1-2,1-3,0.07408310691489514,0.04821411619520973,0.04469888084432472,0.004214497908734755,0.014817083547146857,True,True,False,False,予選,2026-09-05,1号艇のdominance,-0.3275,1号艇のracer_win_te,-0.2368,1号艇の級別順位,-0.0937,3号艇のsession_exh_rel_avg,-0.0876,3号艇の枠別出走数,-0.0856,2号艇のsession_exh_rel_avg,0.1325,1号艇vs6号艇の枠別平均ST差,0.0781,3号艇のracer_2nd_te,0.0629,1号艇のracer_avgfin_te,-0.0413,1号艇vs2号艇のcumulative差,0.0364,3号艇のwin_rate_rank_2to6,-0.124,3号艇のsession_exh_rel_avg,0.1098,3号艇のracer_avgfin_te,-0.0697,3号艇の年齢,0.0687,3号艇の全国勝率,-0.0595,0.0501,北東 1.9m/s,[逃げ]1号艇のdominanceが不利(-32.8pt)、1号艇のracer_win_teが不利(-23.7pt) / [2着]2号艇のsession_exh_rel_avgが有利(+13.3pt)、1号艇vs6号艇の枠別平均ST差が有利(+7.8pt) / [候補2]3号艇のwin_rate_rank_2to6が不利(-12.4pt)、3号艇のsession_exh_rel_avgが有利(+11.0pt) / [除外]5号艇のracer_win_teが不利(-7.0pt)、3号艇のracer_2nd_teが不利(-5.1pt)、天気+5.0pt
164,03,江戸川,5,13:02,0.20776332749250537,3,0.3121322761247649,5,0.25124661513726176,0.11704947308763702,0.23509846714339158,0.3282804241186351,0.08402769104422286,0.18041875839693644,1-3,1-5,0.04884483982209848,0.06484964030549065,0.03496812418036832,0.05219983278214637,0.006900888080465425,True,True,False,False,予選,2026-09-05,1号艇のdominance,-0.4314,1号艇のvs_max234_diff,-0.1674,1号艇の全国2連率,-0.1247,1号艇のracer_win_te,-0.1194,1号艇vs4号艇の枠別勝率差,-0.1108,3号艇のwin_rate_rank_2to6,0.0744,3号艇の当地勝率,0.0742,1号艇の体重,0.0535,場特性:1x_diff_course3,-0.0524,1号艇のvs_max234_diff,-0.0459,5号艇のwin_rate_rank_2to6,0.2512,5号艇のclass_rank_2to6,0.1592,1号艇の直近平均着順,-0.0668,5号艇の枠別勝率,0.0634,win_rate_gap_top2_2to6,0.0599,0.0316,北東 1.8m/s,[逃げ]1号艇のdominanceが不利(-43.1pt)、1号艇のvs_max234_diffが不利(-16.7pt) / [2着]3号艇のwin_rate_rank_2to6が有利(+7.4pt)、3号艇の当地勝率が有利(+7.4pt) / [候補2]5号艇のwin_rate_rank_2to6が有利(+25.1pt)、5号艇のclass_rank_2to6が有利(+15.9pt) / [除外]1号艇vs3号艇の直近複勝率差が不利(-7.2pt)、6号艇のwin_rate_rank_2to6が不利(-6.8pt)、天気+3.2pt
165,01,桐生,3,16:07,0.170823728246316,4,0.35922750820059146,2,0.2623209934663257,0.10617523234065433,0.19442585103486335,0.4271226506320538,0.08140338045266705,0.20245945782807417,1-4,1-2,0.04481065010119526,0.03321254874123821,0.06136458223945909,0.024182706953238625,0.007253237665712911,True,False,False,False,予選,2026-09-05,1号艇のdominance,-0.2703,1号艇の年齢,-0.219,1号艇のracer_win_te,-0.1574,1号艇のvs_max234_diff,-0.1405,1号艇の全国勝率,-0.0993,4号艇のwin_rate_rank_2to6,0.1919,4号艇のclass_rank_2to6,0.1431,4号艇の全国勝率,0.0963,6号艇のモーター出走数,0.0947,4号艇のモーター2連率,0.0857,2号艇のwin_rate_rank_2to6,-0.126,3号艇のracer_2nd_te,0.0645,3号艇のモーター出走数,0.0619,2号艇の全国勝率,-0.0419,2号艇のclass_rank_2to6,-0.0417,-0.0056,東 1.1m/s,[逃げ]1号艇のdominanceが不利(-27.0pt)、1号艇の年齢が不利(-21.9pt) / [2着]4号艇のwin_rate_rank_2to6が有利(+19.2pt)、4号艇のclass_rank_2to6が有利(+14.3pt) / [候補2]2号艇のwin_rate_rank_2to6が不利(-12.6pt)、3号艇のracer_2nd_teが有利(+6.5pt) / [除外]6号艇のwin_rate_rank_2to6が不利(-7.3pt)、6号艇のvs_avg456_diffが不利(-6.2pt)、天気-0.6pt
166,02,戸田,4,12:14,0.127658576869779,3,0.5475336170304845,2,0.16843687350608913,0.09139977390265656,0.15650873181124442,0.5594617587253292,0.07423393866104946,0.23181836934945838,1-3,1-2,0.02150241156418232,0.06989736233847424,0.01997968197071737,0.011303499515104015,0.004975621719083675,True,True,False,False,予選,2026-09-05,1号艇のdominance,-0.4155,1号艇のvs_max234_diff,-0.2195,1号艇のracer_win_te,0.158,5号艇の節間得点,-0.1529,1号艇の全国2連率,-0.1385,3号艇のwin_rate_rank_2to6,0.2011,3号艇の全国勝率,0.1319,3号艇のsession_exh_rel_avg,0.1227,3号艇の当地勝率,0.1171,1号艇のracer_win_te,0.0779,2号艇のsession_exh_rel_avg,-0.1351,2号艇のwin_rate_rank_2to6,-0.1296,3号艇の全国2連率,0.118,2号艇の全国勝率,0.0651,1号艇の直近複勝率,0.0645,-0.0017,北東 1.4m/s,[逃げ]1号艇のdominanceが不利(-41.5pt)、1号艇のvs_max234_diffが不利(-22.0pt) / [2着]3号艇のwin_rate_rank_2to6が有利(+20.1pt)、3号艇の全国勝率が有利(+13.2pt) / [候補2]2号艇のsession_exh_rel_avgが不利(-13.5pt)、2号艇のwin_rate_rank_2to6が不利(-13.0pt) / [除外]1号艇vs3号艇の直近複勝率差が不利(-9.2pt)、6号艇のwin_rate_rank_2to6が不利(-7.1pt)、天気影響ほぼなし
167,02,戸田,6,13:14,0.10089539448122842,3,0.543894861546725,2,0.2193768850983075,0.07701060397412679,0.13447502726468794,0.6287967193803445,0.06458340029121785,0.24254643859599212,1-3,1-2,0.022134117362056855,0.054876486612069925,0.013567910923744635,0.006848747947856432,0.003468129568245076,True,True,False,False,予選,2026-09-05,1号艇のracer_win_te,-0.3066,1号艇のdominance,-0.2401,6号艇の枠別出走数,-0.1749,場特性:in_escape_diff,-0.1478,1号艇の全国勝率,-0.0798,1号艇の枠別平均ST,0.0909,5号艇の女子戦2連率,0.0898,3号艇のsession_exh_rel_avg,0.0783,3号艇のwin_rate_rank_2to6,-0.0707,1号艇vs2号艇のplace_rate差,0.0583,2号艇のwin_rate_rank_2to6,0.1486,2号艇のclass_rank_2to6,0.0738,1号艇vs3号艇の枠別平均ST差,-0.0693,2号艇のsession_exh_rel_avg,-0.0472,2号艇の全国勝率,0.0471,0.0299,東 1.4m/s,[逃げ]1号艇のracer_win_teが不利(-30.7pt)、1号艇のdominanceが不利(-24.0pt) / [2着]1号艇の枠別平均STが有利(+9.1pt)、5号艇の女子戦2連率が有利(+9.0pt) / [候補2]2号艇のwin_rate_rank_2to6が有利(+14.9pt)、2号艇のclass_rank_2to6が有利(+7.4pt)、天気+3.0pt
168,02,戸田,8,14:16,0.08286992622826467,2,0.5188196992957725,3,0.24983783768202086,0.06369859338414936,0.10817717738246964,0.6604803595953237,0.055429712541512244,0.24273312324750165,1-2,1-3,0.04299455020641113,0.020704043177738232,0.00896463470926716,0.007526430586454335,0.0026802687832519403,True,True,False,False,予選,2026-09-05,1号艇のdominance,-0.5063,1号艇のvs_max234_diff,-0.3063,1号艇のracer_win_te,-0.2475,場特性:in_escape_diff,-0.1279,1号艇vs2号艇のcumulative差,-0.1216,2号艇のwin_rate_rank_2to6,0.2124,2号艇のclass_rank_2to6,0.1085,2号艇の当地勝率,0.092,1号艇vs2号艇のplace_rate差,-0.0758,2号艇のracer_avgfin_te,0.0532,3号艇のモーター2連率,0.1649,3号艇のwin_rate_rank_2to6,-0.0855,3号艇のsession_exh_rel_avg,-0.0699,3号艇の全国勝率,0.0585,1号艇のvs_max234_diff,-0.0564,0.0028,東 1.4m/s,[逃げ]1号艇のdominanceが不利(-50.6pt)、1号艇のvs_max234_diffが不利(-30.6pt) / [2着]2号艇のwin_rate_rank_2to6が有利(+21.2pt)、2号艇のclass_rank_2to6が有利(+10.8pt) / [候補2]3号艇のモーター2連率が有利(+16.5pt)、3号艇のwin_rate_rank_2to6が不利(-8.5pt) / [除外]1号艇vs2号艇のlocal_win_rate差が不利(-6.1pt)、4号艇のwin_rate_rank_2to6が不利(-5.7pt)、天気影響ほぼなし
