rank,venue_code,venue_name,race_no,closing_time,in_escape_prob,second_pred_1,second_pred_1_prob,second_pred_2,second_pred_2_prob,confidence_score,third_prob,top2_margin,adjusted_score,score_margin_blend,ticket_1,ticket_2,score_boat2,score_boat3,score_boat4,score_boat5,score_boat6,is_teppan,is_lunch,is_excluded,is_channel_target,race_grade,race_date,top_feat_1,top_feat_1_contrib,top_feat_2,top_feat_2_contrib,top_feat_3,top_feat_3_contrib,top_feat_4,top_feat_4_contrib,top_feat_5,top_feat_5_contrib,s2_top_feat_1,s2_top_feat_1_contrib,s2_top_feat_2,s2_top_feat_2_contrib,s2_top_feat_3,s2_top_feat_3_contrib,s2_top_feat_4,s2_top_feat_4_contrib,s2_top_feat_5,s2_top_feat_5_contrib,s2_top2_feat_1,s2_top2_feat_1_contrib,s2_top2_feat_2,s2_top2_feat_2_contrib,s2_top2_feat_3,s2_top2_feat_3_contrib,s2_top2_feat_4,s2_top2_feat_4_contrib,s2_top2_feat_5,s2_top2_feat_5_contrib,weather_contribution,wind_info,reason_text
1,07,蒲郡,11,20:04,0.8108710688860278,2,0.5525520982574936,3,0.3050409080058669,0.6953973576579531,0.0693630348335867,0.7882299714297738,0.6375155122870577,0.7232471417894992,1-2,1-3,0.4480485105292713,0.24734884712868177,0.05624447819668923,0.031209225358365043,0.028019999366012585,False,False,False,False,予選特選,2026-09-15,1号艇のdominance,0.3193,1号艇のracer_win_te,0.1726,1号艇の全国勝率,0.1381,1号艇のsession_exh_rel_avg,0.1253,3号艇のsession_exh_rel_avg,-0.1198,2号艇のwin_rate_rank_2to6,0.1532,2号艇のclass_rank_2to6,0.099,2号艇のモーター2連率,0.0805,2号艇の全国勝率,0.0451,2号艇のsession_exh_rel_avg,0.0431,3号艇のsession_exh_rel_avg,0.1517,3号艇のモーター2連率,0.083,3号艇のsession_exh_rel_last,0.0698,3号艇の節間得点,-0.0599,1号艇の直近1着率,0.0517,0.1212,東 2.3m/s,[逃げ]1号艇のdominanceが有利(+31.9pt)、1号艇のracer_win_teが有利(+17.3pt) / [2着]2号艇のwin_rate_rank_2to6が有利(+15.3pt)、2号艇のclass_rank_2to6が有利(+9.9pt) / [候補2]3号艇のsession_exh_rel_avgが有利(+15.2pt)、3号艇のモーター2連率が有利(+8.3pt)、天気+12.1pt
2,20,若松,7,18:11,0.8645203384955089,2,0.5195839696413618,3,0.28176843700508974,0.6927854538481809,0.10913015526039785,0.6922222513860536,0.6020609128794643,0.6926164931095427,1-2,1-3,0.4491909093111903,0.24359454453699067,0.09434523876578658,0.052596444202449764,0.024793196848207744,True,False,False,False,一般戦,2026-09-15,1号艇のdominance,0.2119,1号艇のsession_exh_rel_avg,0.1546,風向(度),-0.1234,1号艇のvs_max234_frame_diff,0.1194,1号艇の勝率順位,0.0872,2号艇のwin_rate_rank_2to6,0.1955,second_best_win_rate,0.0654,2号艇のclass_rank_2to6,-0.0553,2号艇の当地勝率,-0.0367,2号艇のcumulative_diff_rank_2to6,0.0365,3号艇のsession_exh_rel_avg,-0.1298,3号艇の全国勝率,-0.0754,3号艇の当地勝率,-0.0727,3号艇のwin_rate_rank_2to6,-0.0614,3号艇の節間得点,0.0447,-0.0552,北 3.5m/s,[逃げ]1号艇のdominanceが有利(+21.2pt)、1号艇のsession_exh_rel_avgが有利(+15.5pt) / [2着]2号艇のwin_rate_rank_2to6が有利(+19.5pt)、second_best_win_rateが有利(+6.5pt) / [候補2]3号艇のsession_exh_rel_avgが不利(-13.0pt)、3号艇の全国勝率が不利(-7.5pt) / [除外]6号艇のwin_rate_rank_2to6が不利(-11.0pt)、6号艇の直近平均着順が不利(-7.7pt)、天気-5.5pt
3,12,住之江,7,17:57,0.8017707373801859,2,0.5577675087027057,3,0.2904726033486191,0.6800941001148422,0.09664630200921245,0.7515938100421123,0.601219804361583,0.7015440130930232,1-2,1-3,0.44720166673927764,0.23289243337556456,0.07748817682699441,0.03725791667981676,0.006930533677985492,True,False,False,False,一般戦,2026-09-15,1号艇のdominance,0.1692,1号艇のsession_exh_rel_avg,-0.0948,風速区分,0.0871,1号艇のracer_win_te,0.0803,1号艇の勝率順位,0.0778,2号艇のwin_rate_rank_2to6,0.1702,2号艇の当地勝率,0.0888,2号艇のsession_exh_rel_avg,-0.0834,2号艇の全国勝率,0.056,1号艇vs4号艇の直近複勝率差,0.0459,3号艇のモーター2連率,0.1094,3号艇のwin_rate_rank_2to6,0.0767,3号艇の当地勝率,-0.0563,3号艇の年齢,-0.0527,4号艇の女子戦2連率,0.0491,0.1344,北 0.8m/s,[逃げ]1号艇のdominanceが有利(+16.9pt)、1号艇のsession_exh_rel_avgが不利(-9.5pt) / [2着]2号艇のwin_rate_rank_2to6が有利(+17.0pt)、2号艇の当地勝率が有利(+8.9pt) / [候補2]3号艇のモーター2連率が有利(+10.9pt)、3号艇のwin_rate_rank_2to6が有利(+7.7pt) / [除外]6号艇のsession_exh_rel_avgが不利(-8.8pt)、1号艇vs5号艇の枠別平均ST差が不利(-7.9pt)、天気+13.4pt
4,12,住之江,4,16:33,0.8311566315084509,2,0.43352919074974927,3,0.3485475419066481,0.6500282626958265,0.0849562629671321,0.6971204696892652,0.5837594962698409,0.664155924793858,1-2,1-3,0.36033066184414625,0.2896976008516803,0.07061196135330766,0.05607645923807603,0.05443996370273932,True,False,False,False,一般戦,2026-09-15,1号艇のdominance,0.1961,1号艇のracer_win_te,0.1495,1号艇のsession_exh_rel_avg,0.127,風速区分,0.0841,1号艇の級別順位,0.0718,2号艇のsession_exh_rel_avg,0.0976,2号艇のclass_rank_2to6,0.0694,2号艇の全国勝率,0.0634,4号艇のsession_rank_diff_delta,-0.0618,2号艇の節間得点,0.0564,3号艇の当地勝率,0.0792,3号艇のwin_rate_rank_2to6,0.0622,風向(度),0.0458,3号艇の節間得点,0.0446,3号艇の全国勝率,0.0341,0.1033,北 1.0m/s,[逃げ]1号艇のdominanceが有利(+19.6pt)、1号艇のracer_win_teが有利(+15.0pt) / [2着]2号艇のsession_exh_rel_avgが有利(+9.8pt)、2号艇のclass_rank_2to6が有利(+6.9pt) / [候補2]3号艇の当地勝率が有利(+7.9pt)、3号艇のwin_rate_rank_2to6が有利(+6.2pt)、天気+10.3pt
5,06,浜名湖,4,13:00,0.7518607411853413,3,0.4730013073661986,2,0.36485147046454114,0.6299486105440171,0.07915246590103837,0.7587003119297013,0.5701142274454268,0.6685741209597222,1-3,1-2,0.2743174970060316,0.35563111353798554,0.05951163167900216,0.03181362614045401,0.030586874222317845,True,True,False,False,ランチタイム,2026-09-15,1号艇のdominance,0.1701,1号艇のsession_exh_rel_avg,-0.1328,1号艇の勝率順位,0.0765,1号艇のvs_max234_diff,0.0727,風速区分,0.0659,3号艇のwin_rate_rank_2to6,0.1526,3号艇のモーター2連率,0.0621,2号艇の節間得点,0.0536,1号艇vs4号艇の勝率差,0.0507,3号艇のcumulative_diff_rank_2to6,0.0445,2号艇のsession_exh_rel_avg,0.1292,2号艇のwin_rate_rank_2to6,0.0671,1号艇vs2号艇のcumulative差,-0.0515,second_best_win_rate,0.0496,2号艇のモーター2連率,0.0393,0.0364,南東 1.3m/s,[逃げ]1号艇のdominanceが有利(+17.0pt)、1号艇のsession_exh_rel_avgが不利(-13.3pt) / [2着]3号艇のwin_rate_rank_2to6が有利(+15.3pt)、3号艇のモーター2連率が有利(+6.2pt) / [候補2]2号艇のsession_exh_rel_avgが有利(+12.9pt)、2号艇のwin_rate_rank_2to6が有利(+6.7pt) / [除外]4号艇のracer_avgfin_teが不利(-11.2pt)、1号艇vs6号艇の枠別平均ST差が不利(-5.5pt)、天気+3.6pt
6,18,徳山,11,16:00,0.8206863233709385,2,0.48101036166036704,3,0.27086453148118045,0.617053441687254,0.09196126229983645,0.6599136308417111,0.5489594256024319,0.6299114984335911,1-2,1-3,0.39475862521437205,0.2222948164728818,0.07547135024940327,0.07218481792581499,0.05597670127928716,True,False,False,False,予選,2026-09-15,場特性:in_escape_diff,0.1918,1号艇のdominance,0.1681,1号艇のsession_exh_rel_avg,0.1139,1号艇の全国勝率,0.1086,1号艇のracer_win_te,0.0934,2号艇のsession_exh_rel_avg,0.1017,場特性:in_escape_diff,0.0814,2号艇の全国勝率,0.0639,6号艇のsession_exh_rel_last,-0.0572,1号艇vs6号艇の直近複勝率差,-0.0488,3号艇のwin_rate_rank_2to6,-0.1141,6号艇のracer_2nd_te,-0.0798,3号艇の当地勝率,0.075,3号艇のcumulative_diff_rank_2to6,-0.0613,1号艇のracer_2nd_te,0.0507,0.1421,北東 1.8m/s,[逃げ]場特性:in_escape_diffが有利(+19.2pt)、1号艇のdominanceが有利(+16.8pt) / [2着]2号艇のsession_exh_rel_avgが有利(+10.2pt)、場特性:in_escape_diffが有利(+8.1pt) / [候補2]3号艇のwin_rate_rank_2to6が不利(-11.4pt)、6号艇のracer_2nd_teが不利(-8.0pt) / [除外]win_rate_gap_top2_2to6が不利(-10.9pt)、天気+14.2pt
7,04,平和島,12,16:44,0.7012422474178497,4,0.5742134475335918,2,0.2586520827340739,0.584040496241757,0.06874461691306062,0.7641209133546051,0.5358609280307329,0.6380646213756114,1-4,1-2,0.1813777677957496,0.04820662966199375,0.4026627284460074,0.04469357645549494,0.024301551589431255,True,False,False,False,記者選抜,2026-09-15,1号艇のdominance,0.1449,場特性:in_escape_diff,-0.1395,race_no,0.1287,1号艇vs3号艇の勝率差,0.1229,2号艇のsession_exh_rel_avg,-0.0994,4号艇のwin_rate_rank_2to6,0.2508,4号艇のclass_rank_2to6,0.2247,4号艇の全国勝率,0.1986,2号艇のsession_exh_rel_avg,0.1078,win_rate_gap_top2_2to6,0.0806,3号艇の全国勝率,-0.0572,レース時間帯,-0.0542,2号艇のモーター2連率,-0.0512,2号艇のsession_exh_rel_last,0.0511,2号艇の全国勝率,0.0472,0.1321,北西 1.1m/s,[逃げ]1号艇のdominanceが有利(+14.5pt)、場特性:in_escape_diffが不利(-13.9pt) / [2着]4号艇のwin_rate_rank_2to6が有利(+25.1pt)、4号艇のclass_rank_2to6が有利(+22.5pt) / [候補2]3号艇の全国勝率が不利(-5.7pt)、レース時間帯が不利(-5.4pt)、天気+13.2pt
8,22,福岡,10,16:30,0.8737418554200946,2,0.4127991895300597,3,0.29944157235674795,0.6223145647968011,0.12040516202398188,0.5918355998628257,0.53239870159171,0.6131708753166085,1-2,1-3,0.3606799297759056,0.26163463502089546,0.09188159887453991,0.05434265882482054,0.10520302966899105,True,False,False,False,予選特賞,2026-09-15,1号艇のdominance,0.1874,1号艇のracer_win_te,0.1745,1号艇のvs_max234_diff,0.1166,1号艇の全国勝率,0.0972,1号艇の勝率順位,0.0934,2号艇の全国勝率,0.0549,2号艇のsession_rank_diff_delta,-0.0436,場特性:1x_diff_course2,0.0406,1号艇vs2号艇のcumulative差,-0.0333,2号艇のwin_rate_rank_2to6,0.0332,6号艇の直近1着率,0.0599,場特性:1x_diff_course3,0.0448,3号艇のwin_rate_rank_2to6,-0.0438,3号艇のcumulative_diff_rank_2to6,-0.0431,1号艇vs4号艇の枠別平均ST差,0.0408,0.1097,北東 3.9m/s,[逃げ]1号艇のdominanceが有利(+18.7pt)、1号艇のracer_win_teが有利(+17.4pt) / [2着]2号艇の全国勝率が有利(+5.5pt)、2号艇のsession_rank_diff_deltaが不利(-4.4pt) / [候補2]6号艇の直近1着率が有利(+6.0pt)、場特性:1x_diff_course3が有利(+4.5pt)、天気+11.0pt
9,22,福岡,12,17:27,0.8242449277904302,3,0.44990077944461354,2,0.3092698643057674,0.6257425524386472,0.12752045140114415,0.6316501923492368,0.5299885851411907,0.627514844411824,1-3,1-2,0.2549141169724634,0.37082843546618377,0.10510808525693913,0.08439350212832004,0.009000789501799672,True,False,False,False,福岡選抜,2026-09-15,1号艇のdominance,0.2076,1号艇のracer_win_te,0.1454,race_no,0.101,1号艇の勝率順位,0.0841,1号艇の級別順位,0.075,3号艇のsession_exh_rel_avg,0.1293,3号艇のwin_rate_rank_2to6,-0.066,3号艇のsession_exh_rel_last,0.0567,1号艇の一般戦勝率,0.0536,場特性:1x_diff_course3,0.0504,2号艇のwin_rate_rank_2to6,-0.141,2号艇のsession_exh_rel_avg,0.1147,2号艇のclass_rank_2to6,-0.0751,2号艇の全国勝率,0.058,1号艇vs2号艇のlocal_win_rate差,0.0469,0.1343,北東 2.8m/s,[逃げ]1号艇のdominanceが有利(+20.8pt)、1号艇のracer_win_teが有利(+14.5pt) / [2着]3号艇のsession_exh_rel_avgが有利(+12.9pt)、3号艇のwin_rate_rank_2to6が不利(-6.6pt) / [候補2]2号艇のwin_rate_rank_2to6が不利(-14.1pt)、2号艇のsession_exh_rel_avgが有利(+11.5pt) / [除外]6号艇のwin_rate_rank_2to6が不利(-6.4pt)、6号艇のvs_avg456_diffが不利(-5.2pt)、天気+13.4pt
10,22,福岡,1,11:47,0.8222248946288105,2,0.4758752440181734,3,0.2772316472063331,0.6192232342813009,0.13176369506607818,0.6213431961584283,0.5213138645776945,0.6198592228444391,1-2,1-3,0.39127647236930213,0.2279467619119988,0.10833939029160886,0.06358400195996085,0.031078255843834175,True,True,False,False,カタメン１予,2026-09-15,1号艇のdominance,0.3215,1号艇のracer_win_te,0.1182,1号艇のvs_max234_diff,0.1115,風向(度),-0.0984,1号艇のsession_exh_rel_avg,0.0936,2号艇のsession_exh_rel_avg,0.1504,2号艇のwin_rate_rank_2to6,-0.1288,second_best_win_rate,0.0754,2号艇のsession_avg_finish,0.0607,1号艇vs2号艇のplace_rate差,-0.0557,3号艇のsession_exh_rel_avg,-0.1179,3号艇の当地勝率,-0.0544,1号艇の直近1着率,0.0492,3号艇の節間得点,-0.0488,3号艇のwin_rate_rank_2to6,0.0477,-0.135,北 5.2m/s,[逃げ]1号艇のdominanceが有利(+32.2pt)、1号艇のracer_win_teが有利(+11.8pt) / [2着]2号艇のsession_exh_rel_avgが有利(+15.0pt)、2号艇のwin_rate_rank_2to6が不利(-12.9pt) / [候補2]3号艇のsession_exh_rel_avgが不利(-11.8pt)、3号艇の当地勝率が不利(-5.4pt) / [除外]6号艇のwin_rate_rank_2to6が不利(-7.7pt)、天気-13.5pt
11,09,津,10,15:07,0.7184313475049032,2,0.44301567138342457,5,0.3618153913882931,0.5782158649408885,0.09926481947798223,0.7055662432937354,0.5093400727976933,0.6164209784467425,1-2,1-5,0.31827634575778313,0.07131495801739773,0.036977799853434246,0.25993951918310537,0.03192270997317343,True,False,False,False,予選特賞,2026-09-15,5号艇の節間得点,-0.1405,1号艇の節間得点,0.1137,1号艇の級別順位,-0.1077,1号艇のdominance,0.0766,風速区分,0.0734,2号艇のwin_rate_rank_2to6,0.2043,2号艇のsession_exh_rel_avg,-0.1252,2号艇のclass_rank_2to6,0.096,レース時間帯,-0.076,2号艇の全国勝率,0.0589,1号艇の女子戦2連率,0.1992,5号艇のsession_exh_rel_avg,0.1746,5号艇のwin_rate_rank_2to6,0.1746,5号艇の節間得点,0.0868,5号艇のracer_avgfin_te,0.0682,0.0497,北西 1.9m/s,[逃げ]5号艇の節間得点が不利(-14.0pt)、1号艇の節間得点が有利(+11.4pt) / [2着]2号艇のwin_rate_rank_2to6が有利(+20.4pt)、2号艇のsession_exh_rel_avgが不利(-12.5pt) / [候補2]1号艇の女子戦2連率が有利(+19.9pt)、5号艇のsession_exh_rel_avgが有利(+17.5pt) / [除外]1号艇の女子戦2連率が不利(-6.4pt)、3号艇のwin_rate_rank_2to6が不利(-5.4pt)、天気+5.0pt
12,08,常滑,6,13:08,0.7159877278742028,4,0.567690527350112,3,0.25845715094882626,0.5915115990738047,0.12942023658914198,0.6967274417097964,0.49964731375698046,0.6230763518646022,1-4,1-3,0.09266330113640153,0.18505214826069,0.40645945081311474,0.024193901749788305,0.007618935583033525,True,True,False,False,昼トコ小判Ｒ,2026-09-15,1号艇vs5号艇のcumulative差,0.1603,1号艇の節間得点,0.1369,1号艇のracer_win_te,0.1028,場特性:in_escape_diff,0.0978,3号艇の体重,-0.0721,4号艇のwin_rate_rank_2to6,0.2619,4号艇のclass_rank_2to6,0.2373,4号艇の全国勝率,0.1271,win_rate_gap_top2_2to6,0.1099,1号艇vs5号艇の勝率差,0.0765,6号艇の女子戦比率,0.0662,3号艇のwin_rate_rank_2to6,0.0625,3号艇のracer_avgfin_te,-0.0604,3号艇の当地勝率,-0.0523,4号艇の直近1着率,0.0451,0.0365,北西 1.9m/s,[逃げ]1号艇vs5号艇のcumulative差が有利(+16.0pt)、1号艇の節間得点が有利(+13.7pt) / [2着]4号艇のwin_rate_rank_2to6が有利(+26.2pt)、4号艇のclass_rank_2to6が有利(+23.7pt) / [候補2]6号艇の女子戦比率が有利(+6.6pt)、3号艇のwin_rate_rank_2to6が有利(+6.3pt) / [除外]5号艇の直近平均着順が不利(-14.6pt)、1号艇vs5号艇の勝率差が不利(-10.1pt)、天気+3.6pt
13,04,平和島,10,15:30,0.8260816720273099,2,0.5184385839605827,4,0.22209174468812895,0.6117385320770611,0.15692210475902868,0.583608223889683,0.4965441744581839,0.6032994396208476,1-2,1-4,0.42827261228162905,0.1296304746773831,0.18346591979543198,0.067494156873227,0.017218508399638788,True,False,False,False,予選特賞,2026-09-15,1号艇のdominance,0.2631,1号艇のracer_win_te,0.1831,場特性:in_escape_diff,-0.1407,1号艇のsession_exh_rel_avg,0.1369,2号艇のsession_exh_rel_avg,-0.127,2号艇のsession_exh_rel_avg,0.1797,2号艇のwin_rate_rank_2to6,0.1629,1号艇の一般戦勝率,-0.0523,2号艇のsession_exh_rel_last,0.0419,3号艇の全国勝率,-0.0413,4号艇のsession_exh_rel_avg,-0.0797,4号艇のwin_rate_rank_2to6,0.0714,4号艇のclass_rank_2to6,0.0644,4号艇の年齢,-0.0434,1号艇vs4号艇のcumulative差,-0.0395,0.1139,西 1.4m/s,[逃げ]1号艇のdominanceが有利(+26.3pt)、1号艇のracer_win_teが有利(+18.3pt) / [2着]2号艇のsession_exh_rel_avgが有利(+18.0pt)、2号艇のwin_rate_rank_2to6が有利(+16.3pt) / [候補2]4号艇のsession_exh_rel_avgが不利(-8.0pt)、4号艇のwin_rate_rank_2to6が有利(+7.1pt) / [除外]6号艇のwin_rate_rank_2to6が不利(-8.1pt)、6号艇のvs_avg456_diffが不利(-5.8pt)、天気+11.4pt
14,19,下関,10,19:48,0.8547143698138613,4,0.4380074890158976,2,0.25547580276786563,0.5927301347134013,0.14828441215524063,0.5451988796285225,0.48725896720219336,0.5784707581879376,1-4,1-2,0.21835883976542658,0.12674081788848537,0.37437129494797466,0.10295449058076274,0.03228894414353724,True,False,False,False,一般特賞,2026-09-15,1号艇のdominance,0.2973,1号艇のracer_win_te,0.1454,1号艇のsession_exh_rel_avg,0.1161,1号艇の年齢,-0.0961,1号艇のvs_max234_diff,0.0877,4号艇のclass_rank_2to6,0.2086,4号艇のwin_rate_rank_2to6,0.1847,4号艇のsession_exh_rel_avg,-0.117,4号艇の節間得点,-0.0484,4号艇の全国勝率,0.0468,2号艇のsession_exh_rel_avg,-0.1455,2号艇の節間得点,-0.0818,レース時間帯,-0.0709,6号艇のsession_rank_diff_last,-0.0631,1号艇vs2号艇のplace_rate差,-0.0576,0.0803,北東 2.5m/s,[逃げ]1号艇のdominanceが有利(+29.7pt)、1号艇のracer_win_teが有利(+14.5pt) / [2着]4号艇のclass_rank_2to6が有利(+20.9pt)、4号艇のwin_rate_rank_2to6が有利(+18.5pt) / [候補2]2号艇のsession_exh_rel_avgが不利(-14.6pt)、2号艇の節間得点が不利(-8.2pt) / [除外]6号艇のwin_rate_rank_2to6が不利(-8.7pt)、5号艇のsession_exh_rel_avgが不利(-7.7pt)、天気+8.0pt
15,18,徳山,10,15:24,0.8543816482394058,3,0.39995166690556827,2,0.30812933395059205,0.6049714125984943,0.16827634071410785,0.5398046601420525,0.4828085619400311,0.5854213868615618,1-3,1-2,0.26326004821161714,0.3417113643868772,0.09574598052854903,0.1437722173390153,0.00989202026783902,True,False,False,False,予選,2026-09-15,場特性:in_escape_diff,0.2659,1号艇の全国勝率,0.171,1号艇のdominance,0.1227,風速区分,0.084,3号艇の全国2連率,0.0764,3号艇の全国勝率,0.176,3号艇のwin_rate_rank_2to6,0.1688,3号艇の当地勝率,0.1006,3号艇の全国2連率,-0.0583,3号艇のcumulative_diff_rank_2to6,0.0483,場特性:in_escape_diff,0.0924,2号艇のsession_exh_rel_avg,-0.0698,レース時間帯,-0.0668,2号艇のclass_rank_2to6,-0.057,2号艇の全国勝率,0.0483,0.1942,北東 1.6m/s,[逃げ]場特性:in_escape_diffが有利(+26.6pt)、1号艇の全国勝率が有利(+17.1pt) / [2着]3号艇の全国勝率が有利(+17.6pt)、3号艇のwin_rate_rank_2to6が有利(+16.9pt) / [候補2]場特性:in_escape_diffが有利(+9.2pt)、2号艇のsession_exh_rel_avgが不利(-7.0pt) / [除外]1号艇vs5号艇の枠別平均ST差が不利(-7.2pt)、6号艇のsession_exh_rel_avgが不利(-7.0pt)、天気+19.4pt
16,18,徳山,6,13:14,0.7468906119868166,2,0.49047180647375455,4,0.27186771105772023,0.5693842287908177,0.129035746388937,0.6333037711425378,0.4812191260578828,0.5885600914963337,1-2,1-4,0.36632878769946203,0.09637558758860881,0.2030554410913557,0.0663852882487664,0.014745503185047179,True,True,False,False,予選,2026-09-15,場特性:in_escape_diff,0.2278,1号艇のsession_exh_rel_avg,0.1259,1号艇のracer_win_te,0.1079,1号艇の節間得点,0.1073,3号艇のracer_win_te,-0.1005,2号艇の当地勝率,0.2405,場特性:in_escape_diff,0.0888,2号艇のsession_exh_rel_avg,0.0768,2号艇のwin_rate_rank_2to6,0.0708,2号艇のclass_rank_2to6,-0.0574,4号艇の全国勝率,0.18,4号艇のwin_rate_rank_2to6,0.1675,3号艇の女子戦2連率,-0.0878,4号艇のclass_rank_2to6,-0.0662,4号艇の節間得点,0.0626,0.0784,南 1.5m/s,[逃げ]場特性:in_escape_diffが有利(+22.8pt)、1号艇のsession_exh_rel_avgが有利(+12.6pt) / [2着]2号艇の当地勝率が有利(+24.1pt)、場特性:in_escape_diffが有利(+8.9pt) / [候補2]4号艇の全国勝率が有利(+18.0pt)、4号艇のwin_rate_rank_2to6が有利(+16.8pt) / [除外]6号艇のwin_rate_rank_2to6が不利(-6.9pt)、天気+7.8pt
17,19,下関,6,17:51,0.6816700812294592,2,0.6086054479911145,4,0.18153160376410943,0.5386127882523889,0.09008952461926562,0.7000475271359583,0.4803847441953711,0.5870432099174597,1-2,1-4,0.4148681251687944,0.06141133356513815,0.12374466308359447,0.05599258236147508,0.0256533910172612,True,False,False,False,予選,2026-09-15,1号艇のsession_exh_rel_avg,0.0998,場特性:in_escape_diff,0.0906,1号艇のracer_win_te,0.072,1号艇のlocal_win_rate順位,0.0658,1号艇のモーター2連率順位,-0.0591,2号艇のwin_rate_rank_2to6,0.2493,2号艇のclass_rank_2to6,0.1017,3号艇のracer_2nd_te,0.0655,3号艇の全国勝率,-0.0638,2号艇の全国勝率,0.0569,4号艇のclass_rank_2to6,-0.1033,4号艇の節間得点,-0.0764,4号艇のsession_exh_rel_avg,0.072,4号艇のwin_rate_rank_2to6,0.0692,3号艇の年齢,0.0537,0.0621,北 3.9m/s,[逃げ]1号艇のsession_exh_rel_avgが有利(+10.0pt)、場特性:in_escape_diffが有利(+9.1pt) / [2着]2号艇のwin_rate_rank_2to6が有利(+24.9pt)、2号艇のclass_rank_2to6が有利(+10.2pt) / [候補2]4号艇のclass_rank_2to6が不利(-10.3pt)、4号艇の節間得点が不利(-7.6pt) / [除外]6号艇のsession_exh_rel_avgが不利(-7.0pt)、3号艇のsession_exh_rel_avgが不利(-6.4pt)、天気+6.2pt
18,10,三国,3,09:24,0.7026844990848795,3,0.6074043097675221,4,0.19030499410755702,0.5605379626088078,0.12335426475134445,0.6743550391237346,0.47756426471741653,0.5946830855632859,1-3,1-4,0.08667912973678209,0.42681359315098827,0.13372436945781965,0.04641326283304607,0.009054143906243317,False,False,True,False,みくにあさズ,2026-09-15,1号艇のdominance,0.1253,1号艇のsession_exh_rel_avg,0.121,風速区分,-0.0925,1号艇の級別順位,0.083,1号艇の年齢,-0.0693,3号艇のwin_rate_rank_2to6,0.2282,3号艇のsession_exh_rel_avg,0.1029,3号艇の当地2連率,-0.079,2号艇のvs_boat3_diff,0.0622,3号艇のclass_rank_2to6,0.0478,4号艇のwin_rate_rank_2to6,-0.1127,4号艇のclass_rank_2to6,-0.1012,4号艇のsession_exh_rel_avg,0.0708,4号艇の全国勝率,-0.0679,2号艇の体重,0.0611,-0.0963,北東 6.8m/s,[逃げ]1号艇のdominanceが有利(+12.5pt)、1号艇のsession_exh_rel_avgが有利(+12.1pt) / [2着]3号艇のwin_rate_rank_2to6が有利(+22.8pt)、3号艇のsession_exh_rel_avgが有利(+10.3pt) / [候補2]4号艇のwin_rate_rank_2to6が不利(-11.3pt)、4号艇のclass_rank_2to6が不利(-10.1pt) / [除外]6号艇のsession_exh_rel_avgが不利(-10.7pt)、2号艇のwin_rate_rank_2to6が不利(-7.5pt)、天気-9.6pt
19,18,徳山,7,13:45,0.7592551005089467,3,0.38013044358082904,2,0.3676368356987059,0.567746120786685,0.13622648264494586,0.611540796634589,0.4749356523025857,0.5808845235410561,1-3,1-2,0.2791301426392121,0.28861597814747286,0.10343065177256866,0.06436868171962395,0.02370965188696045,True,True,False,False,予選,2026-09-15,場特性:in_escape_diff,0.2327,1号艇のracer_win_te,0.1275,1号艇の節間得点,0.0894,場特性:1x_diff_course2,0.0703,1号艇のモーター2連率,0.0662,3号艇の当地勝率,0.1265,3号艇のwin_rate_rank_2to6,0.0766,1号艇のsession_rank_diff_last,0.065,場特性:1x_diff_course3,0.0505,3号艇の全国勝率,0.0433,2号艇のwin_rate_rank_2to6,0.1414,2号艇の全国勝率,0.0606,2号艇のclass_rank_2to6,-0.0588,1号艇vs2号艇のcumulative差,-0.0572,2号艇のcumulative_diff_rank_2to6,-0.0519,0.0689,南東 1.5m/s,[逃げ]場特性:in_escape_diffが有利(+23.3pt)、1号艇のracer_win_teが有利(+12.8pt) / [2着]3号艇の当地勝率が有利(+12.7pt)、3号艇のwin_rate_rank_2to6が有利(+7.7pt) / [候補2]2号艇のwin_rate_rank_2to6が有利(+14.1pt)、2号艇の全国勝率が有利(+6.1pt) / [除外]2号艇のracer_2nd_teが不利(-6.8pt)、6号艇のwin_rate_rank_2to6が不利(-5.8pt)、天気+6.9pt
20,20,若松,11,20:10,0.7846280992768344,2,0.4211165755702718,3,0.3433266731141609,0.5998036532202748,0.17454727357694688,0.5898959751074858,0.474170742398965,0.5968313497864381,1-2,1-3,0.3304198982636718,0.2693837549566031,0.13695469550063347,0.042410550611037656,0.005459179484116253,False,False,False,False,選抜戦,2026-09-15,1号艇の節間得点,0.1002,1号艇のsession_exh_rel_avg,0.0997,4号艇のsession_exh_rel_avg,-0.0924,1号艇の級別順位,0.0724,1号艇の勝率順位,-0.0713,2号艇のclass_rank_2to6,0.0808,2号艇のwin_rate_rank_2to6,0.0723,2号艇のsession_exh_rel_avg,0.0676,2号艇の一般戦勝率,-0.0506,1号艇の女子戦2連率,0.0444,3号艇のwin_rate_rank_2to6,0.1506,6号艇のsession_rank_diff_last,0.049,6号艇の女子戦比率,0.0433,場特性:1x_diff_course3,0.0419,3号艇の女子戦比率,-0.0411,0.1655,北東 2.5m/s,[逃げ]1号艇の節間得点が有利(+10.0pt)、1号艇のsession_exh_rel_avgが有利(+10.0pt) / [2着]2号艇のclass_rank_2to6が有利(+8.1pt)、2号艇のwin_rate_rank_2to6が有利(+7.2pt) / [候補2]3号艇のwin_rate_rank_2to6が有利(+15.1pt)、6号艇のsession_rank_diff_lastが有利(+4.9pt) / [除外]6号艇の女子戦比率が不利(-8.5pt)、6号艇のwin_rate_rank_2to6が不利(-5.7pt)、天気+16.5pt
21,20,若松,8,18:39,0.8115805568396515,2,0.42960398063348787,3,0.3324376761707557,0.6184581921641986,0.19616803486399456,0.565873621940249,0.47287211832133114,0.6026828210970137,1-2,1-3,0.34865823782305694,0.2697999543411416,0.15920616296906087,0.032644820325029925,0.0012713669258590922,True,False,False,False,エイトビート,2026-09-15,1号艇のdominance,0.2895,1号艇のvs_max234_diff,0.0871,1号艇の勝率順位,0.0846,1号艇の級別順位,0.0757,3号艇のsession_exh_rel_avg,-0.0693,2号艇のclass_rank_2to6,0.1076,2号艇のsession_exh_rel_avg,-0.0865,2号艇のwin_rate_rank_2to6,0.0819,5号艇のsession_rank_diff_delta,0.0636,second_best_win_rate,0.0338,3号艇のsession_exh_rel_avg,0.144,3号艇のcumulative_diff_rank_2to6,0.0501,場特性:1x_diff_course3,0.0487,風向(度),0.0457,3号艇のwin_rate_rank_2to6,-0.0457,0.0314,北 3.2m/s,[逃げ]1号艇のdominanceが有利(+28.9pt)、1号艇のvs_max234_diffが有利(+8.7pt) / [2着]2号艇のclass_rank_2to6が有利(+10.8pt)、2号艇のsession_exh_rel_avgが不利(-8.6pt) / [候補2]3号艇のsession_exh_rel_avgが有利(+14.4pt)、3号艇のcumulative_diff_rank_2to6が有利(+5.0pt) / [除外]6号艇の直近平均着順が不利(-13.6pt)、6号艇のvs_avg456_diffが不利(-11.4pt)、天気+3.1pt
22,10,三国,1,08:32,0.830333835557467,2,0.3863615877741837,4,0.3364558755016336,0.6001797966897279,0.1831595553705412,0.5396579079052761,0.46826539904484105,0.5820232300543923,1-2,1-4,0.32080909908861094,0.15208357612982173,0.279370697601117,0.06311467338814818,0.01495576847043579,False,False,True,False,みくにあさイ,2026-09-15,1号艇のdominance,0.2547,風速区分,-0.2089,1号艇のsession_exh_rel_avg,0.1303,1号艇のracer_win_te,0.1004,1号艇の勝率順位,0.0883,2号艇のwin_rate_rank_2to6,0.1724,6号艇のsession_rank_diff_last,-0.0803,2号艇のsession_exh_rel_avg,-0.0791,3号艇の全国勝率,-0.0752,2号艇の節間得点,-0.065,4号艇のwin_rate_rank_2to6,0.1205,4号艇のsession_exh_rel_avg,-0.1111,4号艇のclass_rank_2to6,-0.0666,3号艇の年齢,0.053,4号艇の年齢,-0.0509,-0.168,北東 8.3m/s,[逃げ]1号艇のdominanceが有利(+25.5pt)、風速区分が不利(-20.9pt) / [2着]2号艇のwin_rate_rank_2to6が有利(+17.2pt)、6号艇のsession_rank_diff_lastが不利(-8.0pt) / [候補2]4号艇のwin_rate_rank_2to6が有利(+12.1pt)、4号艇のsession_exh_rel_avgが不利(-11.1pt) / [除外]6号艇のsession_exh_rel_avgが不利(-9.2pt)、1号艇vs6号艇のcumulative差が不利(-8.1pt)、天気-16.8pt
23,12,住之江,1,15:17,0.8612182690770394,2,0.483955699759516,3,0.22629632265729288,0.6116820173542707,0.1989920458104079,0.511259976606401,0.4656181901317542,0.5815554051299098,1-2,1-3,0.4167914900568577,0.194890527297413,0.17137558525293842,0.05470872782566845,0.023451956289746098,True,False,False,False,一般戦,2026-09-15,1号艇のdominance,0.2866,1号艇のvs_max234_diff,0.1103,1号艇のlocal_win_rate順位,0.0837,1号艇の勝率順位,0.0824,1号艇の級別順位,0.075,2号艇のwin_rate_rank_2to6,0.0782,2号艇のsession_exh_rel_avg,-0.0773,second_best_win_rate,0.0584,2号艇の直近平均着順,-0.0494,風向(度),0.047,3号艇のwin_rate_rank_2to6,-0.1323,3号艇の全国勝率,-0.106,3号艇のracer_avgfin_te,-0.0763,3号艇の節間得点,-0.0653,1号艇vs3号艇のcumulative差,-0.056,0.1429,北 1.1m/s,[逃げ]1号艇のdominanceが有利(+28.7pt)、1号艇のvs_max234_diffが有利(+11.0pt) / [2着]2号艇のwin_rate_rank_2to6が有利(+7.8pt)、2号艇のsession_exh_rel_avgが不利(-7.7pt) / [候補2]3号艇のwin_rate_rank_2to6が不利(-13.2pt)、3号艇の全国勝率が不利(-10.6pt) / [除外]6号艇のwin_rate_rank_2to6が不利(-7.6pt)、5号艇のracer_avgfin_teが不利(-7.3pt)、天気+14.3pt
24,14,鳴門,1,08:44,0.8345395412629131,2,0.4247822555580514,3,0.25094132648392864,0.5639180481778464,0.1549330654061466,0.5207905166358334,0.45907458596739265,0.5509797887152426,1-2,1-3,0.3544975886900417,0.20942045948780472,0.09053738917785313,0.05078635400734891,0.1292977693305025,False,False,True,False,とるならなる,2026-09-15,1号艇のdominance,0.4278,1号艇のvs_max234_diff,0.1791,場特性:in_escape_diff,-0.1306,1号艇の勝率順位,0.1026,1号艇の年齢,-0.091,2号艇のwin_rate_rank_2to6,0.1792,全艇平均勝率,0.1084,max_234_win_rate,0.0839,2号艇の全国勝率,-0.0833,5号艇の年齢,-0.0573,3号艇のracer_avgfin_te,-0.0941,3号艇の全国勝率,-0.0915,3号艇のracer_win_te,-0.0873,3号艇の当地勝率,-0.0589,3号艇のモーター2連率,0.0533,0.0013,北 3.8m/s,[逃げ]1号艇のdominanceが有利(+42.8pt)、1号艇のvs_max234_diffが有利(+17.9pt) / [2着]2号艇のwin_rate_rank_2to6が有利(+17.9pt)、全艇平均勝率が有利(+10.8pt) / [候補2]3号艇のracer_avgfin_teが不利(-9.4pt)、3号艇の全国勝率が不利(-9.2pt) / [除外]6号艇のrecent_race_countが不利(-13.3pt)、5号艇のracer_win_teが不利(-10.7pt)、天気影響ほぼなし
25,11,琵琶湖,11,15:33,0.6810798558350335,2,0.46387111095359956,3,0.3363324756469665,0.5450025434005903,0.13591300195257075,0.6642905846479954,0.4561150253061577,0.5807889557748118,1-2,1-3,0.31593326937431443,0.22906927402627586,0.09256760777596351,0.026575708724685645,0.016933995933793997,True,False,False,False,予選特選,2026-09-15,1号艇のdominance,0.156,1号艇のracer_win_te,0.1449,1号艇のsession_exh_rel_avg,-0.1373,風速区分,0.1189,場特性:in_escape_diff,-0.0843,2号艇のwin_rate_rank_2to6,0.1799,2号艇のsession_exh_rel_avg,-0.1298,2号艇のclass_rank_2to6,0.0918,1号艇vs6号艇のlocal_win_rate差,-0.0613,2号艇の節間得点,0.0491,4号艇の女子戦勝率,0.0492,3号艇の節間得点,0.0427,3号艇のwin_rate_rank_2to6,0.0416,1号艇vs4号艇のlocal_win_rate差,-0.0339,場特性:1x_diff_course3,-0.0328,0.1469,北 0.8m/s,[逃げ]1号艇のdominanceが有利(+15.6pt)、1号艇のracer_win_teが有利(+14.5pt) / [2着]2号艇のwin_rate_rank_2to6が有利(+18.0pt)、2号艇のsession_exh_rel_avgが不利(-13.0pt) / [候補2]4号艇の女子戦勝率が有利(+4.9pt)、3号艇の節間得点が有利(+4.3pt) / [除外]6号艇のwin_rate_rank_2to6が不利(-7.7pt)、天気+14.7pt
26,19,下関,7,18:18,0.7911229203219396,2,0.5541443648064293,4,0.19557350291261966,0.5931189889274316,0.1924928595073967,0.5572250082116522,0.4561135846792989,0.5823507947126978,1-2,1-4,0.4383963081656086,0.15228551315461253,0.15472268076182302,0.019216562128768305,0.026501856847917775,True,False,False,False,ふく～る特賞,2026-09-15,1号艇のdominance,0.1881,1号艇のsession_exh_rel_avg,0.136,1号艇の勝率順位,0.0855,場特性:in_escape_diff,0.0712,1号艇の節間得点,0.0668,2号艇のwin_rate_rank_2to6,0.1678,2号艇のclass_rank_2to6,0.1016,2号艇の当地勝率,0.0968,2号艇のsession_exh_rel_avg,0.0716,avg_entry_count,-0.0528,4号艇のclass_rank_2to6,0.1295,5号艇の年齢,0.1147,2号艇のracer_avgfin_te,-0.1102,4号艇のsession_exh_rel_avg,0.0737,4号艇のwin_rate_rank_2to6,0.0709,0.0729,北 3.3m/s,[逃げ]1号艇のdominanceが有利(+18.8pt)、1号艇のsession_exh_rel_avgが有利(+13.6pt) / [2着]2号艇のwin_rate_rank_2to6が有利(+16.8pt)、2号艇のclass_rank_2to6が有利(+10.2pt) / [候補2]4号艇のclass_rank_2to6が有利(+12.9pt)、5号艇の年齢が有利(+11.5pt)、天気+7.3pt
27,12,住之江,3,16:08,0.8179624633912398,2,0.5135255092195605,4,0.17726771447330864,0.5650429269457949,0.16343747220457702,0.5273557514882921,0.4542239017452795,0.5537367743085441,1-2,1-4,0.42004459053547255,0.10679502022922527,0.14499833641032248,0.1336857173748931,0.01243878436737527,True,False,False,False,一般戦,2026-09-15,1号艇のdominance,0.1621,1号艇のracer_win_te,0.0916,風速区分,0.0847,1号艇の級別順位,0.0807,1号艇の勝率順位,0.0771,2号艇のモーター2連率,0.0973,2号艇のwin_rate_rank_2to6,0.0759,3号艇のracer_win_te,0.0714,1号艇vs2号艇のcumulative差,-0.0578,3号艇の全国勝率,-0.0519,4号艇のsession_exh_rel_avg,-0.1591,4号艇のwin_rate_rank_2to6,-0.1451,4号艇のclass_rank_2to6,-0.0899,4号艇の全国勝率,-0.0663,4号艇の年齢,0.0605,0.1139,北 1.2m/s,[逃げ]1号艇のdominanceが有利(+16.2pt)、1号艇のracer_win_teが有利(+9.2pt) / [2着]2号艇のモーター2連率が有利(+9.7pt)、2号艇のwin_rate_rank_2to6が有利(+7.6pt) / [候補2]4号艇のsession_exh_rel_avgが不利(-15.9pt)、4号艇のwin_rate_rank_2to6が不利(-14.5pt) / [除外]1号艇vs6号艇のcumulative差が不利(-8.4pt)、6号艇のsession_exh_rel_avgが不利(-6.8pt)、天気+11.4pt
28,20,若松,6,17:44,0.6034609993036484,3,0.6298897240591789,2,0.20169828622929786,0.5018309316976168,0.08321873656816065,0.748369273720316,0.45171684836957854,0.5757924343044265,1-3,1-2,0.12171704936576538,0.3801138823318514,0.050219261930209286,0.02706970964707574,0.024341103896982495,True,False,False,False,一般戦,2026-09-15,1号艇の女子戦比率,-0.1499,1号艇の節間得点,-0.0602,1号艇の一般戦勝率,0.058,2号艇の平均ST,-0.058,1号艇のdominance,0.0563,3号艇のwin_rate_rank_2to6,0.1921,3号艇のsession_exh_rel_avg,0.1113,風向(度),0.0924,場特性:1x_diff_course3,0.0693,3号艇の全国勝率,0.0525,2号艇のsession_exh_rel_avg,-0.1048,2号艇の女子戦比率,-0.0792,2号艇のwin_rate_rank_2to6,-0.0554,2号艇の全国勝率,-0.0335,2号艇の節間得点,-0.0278,0.1074,北 3.9m/s,[逃げ]1号艇の女子戦比率が不利(-15.0pt)、1号艇の節間得点が不利(-6.0pt) / [2着]3号艇のwin_rate_rank_2to6が有利(+19.2pt)、3号艇のsession_exh_rel_avgが有利(+11.1pt) / [候補2]2号艇のsession_exh_rel_avgが不利(-10.5pt)、2号艇の女子戦比率が不利(-7.9pt) / [除外]6号艇のsession_exh_rel_avgが不利(-6.7pt)、4号艇のwin_rate_rank_2to6が不利(-5.2pt)、天気+10.7pt
29,20,若松,12,20:40,0.7477548200572136,2,0.3875093746983493,3,0.37327928043552744,0.5688833839212015,0.17597465771027804,0.5848139974235986,0.4487525134060838,0.5736625679719206,1-2,1-3,0.28976200274804753,0.279121381173154,0.1315858985107787,0.026209860776328676,0.021075654564074488,False,False,False,False,優勝戦,2026-09-15,1号艇のracer_win_te,0.128,race_no,0.1137,1号艇の節間得点,0.0914,4号艇のsession_exh_rel_avg,-0.0848,1号艇のdominance,0.0811,2号艇のsession_exh_rel_avg,0.0936,2号艇のclass_rank_2to6,-0.0547,2号艇の全国勝率,0.0526,2号艇のracer_avgfin_te,0.0459,2号艇の節間得点,0.0431,3号艇のwin_rate_rank_2to6,0.2138,3号艇の節間得点,0.1302,3号艇の当地勝率,0.0777,3号艇のracer_avgfin_te,0.0586,3号艇のclass_rank_2to6,0.046,0.132,北東 2.2m/s,[逃げ]1号艇のracer_win_teが有利(+12.8pt)、race_noが有利(+11.4pt) / [2着]2号艇のsession_exh_rel_avgが有利(+9.4pt)、2号艇のclass_rank_2to6が不利(-5.5pt) / [候補2]3号艇のwin_rate_rank_2to6が有利(+21.4pt)、3号艇の節間得点が有利(+13.0pt) / [除外]3号艇のracer_avgfin_teが不利(-6.9pt)、6号艇のwin_rate_rank_2to6が不利(-5.6pt)、天気+13.2pt
30,11,琵琶湖,10,15:00,0.686100291299633,4,0.5831006056998432,3,0.18013888448338952,0.5236588365460993,0.12629633440513385,0.6369431557780989,0.4442954067045439,0.5576441323156992,1-4,1-3,0.0866519518254382,0.12359334111844449,0.4000654954276549,0.06545349853544233,0.010336000558768982,True,False,False,False,予選特賞,2026-09-15,4号艇のsession_exh_rel_avg,-0.0977,風速区分,0.0956,1号艇のracer_win_te,0.0915,場特性:in_escape_diff,-0.091,5号艇のsession_exh_rel_avg,-0.0798,4号艇のwin_rate_rank_2to6,0.2266,4号艇のclass_rank_2to6,0.2216,4号艇の全国勝率,0.1,4号艇のsession_exh_rel_avg,0.0865,4号艇の年齢,-0.0629,5号艇のsession_exh_rel_avg,-0.1371,3号艇のwin_rate_rank_2to6,-0.1191,3号艇のsession_exh_rel_avg,-0.0581,5号艇のsession_exh_rel_last,-0.0543,3号艇のsession_exh_rel_delta,-0.0495,0.1374,北東 1.2m/s,[逃げ]4号艇のsession_exh_rel_avgが不利(-9.8pt)、風速区分が有利(+9.6pt) / [2着]4号艇のwin_rate_rank_2to6が有利(+22.7pt)、4号艇のclass_rank_2to6が有利(+22.2pt) / [候補2]5号艇のsession_exh_rel_avgが不利(-13.7pt)、3号艇のwin_rate_rank_2to6が不利(-11.9pt) / [除外]6号艇のwin_rate_rank_2to6が不利(-7.9pt)、1号艇vs3号艇の枠別勝率差が不利(-7.0pt)、天気+13.7pt
31,22,福岡,8,15:15,0.5084277692399888,2,0.6767020008326419,3,0.24694679506059508,0.46960869685720014,0.047085166401539695,0.8765636294916972,0.44307477249504235,0.5916951766475492,1-2,1-3,0.3440540887235771,0.12555460813362304,0.023939406117828497,0.009530404239306818,0.005349262025653258,True,False,False,False,予選,2026-09-15,1号艇のdominance,-0.2377,6号艇の枠別出走数,-0.0969,1号艇のsession_exh_rel_avg,0.0894,1号艇のvs_max234_diff,-0.0876,ST差分(6-5),0.0863,2号艇のwin_rate_rank_2to6,0.2189,2号艇のclass_rank_2to6,0.1102,2号艇のsession_exh_rel_avg,0.061,場特性:1x_diff_course2,0.0598,2号艇の節間得点,0.0468,3号艇のsession_exh_rel_avg,-0.1704,3号艇のwin_rate_rank_2to6,0.0668,1号艇vs2号艇のplace_rate差,0.0612,3号艇の全国勝率,-0.0535,場特性:1x_diff_course3,0.0448,0.0007,北 4.6m/s,[逃げ]1号艇のdominanceが不利(-23.8pt)、6号艇の枠別出走数が不利(-9.7pt) / [2着]2号艇のwin_rate_rank_2to6が有利(+21.9pt)、2号艇のclass_rank_2to6が有利(+11.0pt) / [候補2]3号艇のsession_exh_rel_avgが不利(-17.0pt)、3号艇のwin_rate_rank_2to6が有利(+6.7pt) / [除外]6号艇のwin_rate_rank_2to6が不利(-10.9pt)、6号艇の全国勝率が不利(-9.7pt)、天気影響ほぼなし
32,19,下関,5,17:22,0.6669831955180019,4,0.504369336149551,2,0.2863484854373737,0.5273954993950803,0.13718501204008976,0.6535328095468349,0.4405745898737965,0.5652366924406067,1-4,1-2,0.19098962784875953,0.04201172927343199,0.33640587154632084,0.09150009770767463,0.006075854233578786,True,False,False,False,シーモ戦,2026-09-15,1号艇のdominance,0.137,5号艇の枠別出走数,-0.1074,ST差分(4-3),-0.1035,場特性:in_escape_diff,0.0784,4号艇のsession_exh_rel_avg,-0.0718,4号艇のclass_rank_2to6,0.1873,4号艇のwin_rate_rank_2to6,0.1842,4号艇のsession_exh_rel_avg,0.092,4号艇の年齢,0.0828,3号艇の年齢,-0.0607,2号艇の全国勝率,-0.0802,2号艇のsession_exh_rel_avg,-0.075,2号艇のracer_avgfin_te,-0.0743,3号艇のracer_2nd_te,0.0712,3号艇の直近平均着順,0.056,0.0824,北 3.4m/s,[逃げ]1号艇のdominanceが有利(+13.7pt)、5号艇の枠別出走数が不利(-10.7pt) / [2着]4号艇のclass_rank_2to6が有利(+18.7pt)、4号艇のwin_rate_rank_2to6が有利(+18.4pt) / [候補2]2号艇の全国勝率が不利(-8.0pt)、2号艇のsession_exh_rel_avgが不利(-7.5pt) / [除外]5号艇の直近平均着順が不利(-29.0pt)、ST差分(6-5)が不利(-9.1pt)、天気+8.2pt
33,18,徳山,8,14:17,0.8089369430562356,2,0.39259269178050205,4,0.3039673352104332,0.5634731388892161,0.19156692860972913,0.5049930983812061,0.43394175660390755,0.5459291267368132,1-2,1-4,0.31758273195513825,0.1549655656202264,0.24589040693407788,0.08269811434610437,0.007800108756373339,True,True,False,False,予選,2026-09-15,場特性:in_escape_diff,0.258,1号艇のsession_exh_rel_avg,0.15,1号艇のdominance,0.12,1号艇のracer_win_te,0.1091,風速区分,0.1022,2号艇のsession_exh_rel_avg,-0.0748,2号艇の当地勝率,0.0659,2号艇のclass_rank_2to6,-0.0639,2号艇のwin_rate_rank_2to6,0.0606,2号艇の全国勝率,0.0509,4号艇のsession_exh_rel_avg,0.1505,4号艇の全国勝率,0.0831,4号艇のwin_rate_rank_2to6,-0.0694,4号艇のclass_rank_2to6,-0.065,4号艇の年齢,0.0596,0.1111,東 1.4m/s,[逃げ]場特性:in_escape_diffが有利(+25.8pt)、1号艇のsession_exh_rel_avgが有利(+15.0pt) / [2着]2号艇のsession_exh_rel_avgが不利(-7.5pt)、2号艇の当地勝率が有利(+6.6pt) / [候補2]4号艇のsession_exh_rel_avgが有利(+15.1pt)、4号艇の全国勝率が有利(+8.3pt) / [除外]6号艇の節間得点が不利(-12.5pt)、6号艇のwin_rate_rank_2to6が不利(-6.1pt)、天気+11.1pt
34,11,琵琶湖,12,16:14,0.7859460006801349,2,0.44925442219483486,3,0.20158264320685942,0.511522788646857,0.12660631065162214,0.5242307547500722,0.43380837294508734,0.5153351784778215,1-2,1-3,0.3530897164118953,0.15843307223496172,0.0847062292220402,0.09950572351750918,0.09021125343797444,True,False,False,False,予選特選,2026-09-15,1号艇のdominance,0.1721,1号艇のsession_exh_rel_avg,0.1613,風速区分,0.1149,1号艇のracer_win_te,0.1026,race_no,0.0746,2号艇のsession_exh_rel_avg,0.0986,2号艇の女子戦比率,-0.0981,2号艇のwin_rate_rank_2to6,0.0606,2号艇の体重,-0.0509,2号艇の全国勝率,0.0458,3号艇のwin_rate_rank_2to6,-0.1194,3号艇のsession_exh_rel_avg,0.0843,3号艇の全国勝率,-0.0796,1号艇vs3号艇の勝率差,-0.0549,3号艇のモーター2連率,-0.0376,0.1746,北 0.6m/s,[逃げ]1号艇のdominanceが有利(+17.2pt)、1号艇のsession_exh_rel_avgが有利(+16.1pt) / [2着]2号艇のsession_exh_rel_avgが有利(+9.9pt)、2号艇の女子戦比率が不利(-9.8pt) / [候補2]3号艇のwin_rate_rank_2to6が不利(-11.9pt)、3号艇のsession_exh_rel_avgが有利(+8.4pt)、天気+17.5pt
35,18,徳山,12,16:38,0.8051471267842938,2,0.41148124269908,4,0.26162185873311017,0.541947028147725,0.1701018130690981,0.5030012883630921,0.43132362165731997,0.5302633062123351,1-2,1-4,0.3313029402847949,0.13695698605338338,0.21064408786293004,0.09705974868621652,0.0291833548987486,True,False,False,False,予選,2026-09-15,場特性:in_escape_diff,0.2574,1号艇のracer_win_te,0.1357,race_no,0.1355,1号艇の級別順位,0.08,レース時間帯,0.0665,2号艇のracer_avgfin_te,0.0674,2号艇のsession_exh_rel_avg,0.0663,場特性:in_escape_diff,0.0538,2号艇のclass_rank_2to6,-0.0513,2号艇の全国勝率,0.0508,4号艇のwin_rate_rank_2to6,0.1612,4号艇のsession_exh_rel_avg,-0.1262,4号艇の全国勝率,0.1187,4号艇の当地勝率,0.1094,4号艇の節間得点,0.0846,0.1074,北東 2.2m/s,[逃げ]場特性:in_escape_diffが有利(+25.7pt)、1号艇のracer_win_teが有利(+13.6pt) / [2着]2号艇のracer_avgfin_teが有利(+6.7pt)、2号艇のsession_exh_rel_avgが有利(+6.6pt) / [候補2]4号艇のwin_rate_rank_2to6が有利(+16.1pt)、4号艇のsession_exh_rel_avgが不利(-12.6pt) / [除外]6号艇のwin_rate_rank_2to6が不利(-6.1pt)、天気+10.7pt
36,20,若松,4,16:46,0.7943138683365016,3,0.33664662827153335,2,0.32692576342643054,0.527084753370914,0.15244894651794577,0.5111234451800182,0.4306605349184335,0.5222963609136452,1-3,1-2,0.259681667806112,0.26740308556480197,0.08369079484242484,0.06244599881351965,0.12109231243249395,True,False,False,False,一般戦,2026-09-15,1号艇のdominance,0.2732,1号艇のracer_win_te,0.1641,1号艇のsession_exh_rel_avg,-0.1249,1号艇の年齢,-0.1039,1号艇の一般戦勝率,-0.0873,3号艇のsession_exh_rel_avg,-0.0986,4号艇の節間得点,0.0844,3号艇の当地勝率,0.0615,3号艇のwin_rate_rank_2to6,-0.0556,場特性:1x_diff_course3,0.0453,2号艇のwin_rate_rank_2to6,0.0655,2号艇のclass_rank_2to6,-0.0592,2号艇のracer_avgfin_te,-0.0459,2号艇のracer_2nd_te,-0.0405,ST差分(3-2),-0.0404,0.0576,北 3.8m/s,[逃げ]1号艇のdominanceが有利(+27.3pt)、1号艇のracer_win_teが有利(+16.4pt) / [2着]3号艇のsession_exh_rel_avgが不利(-9.9pt)、4号艇の節間得点が有利(+8.4pt) / [候補2]2号艇のwin_rate_rank_2to6が有利(+6.6pt)、2号艇のclass_rank_2to6が不利(-5.9pt)、天気+5.8pt
37,12,住之江,10,19:24,0.9002734265003431,2,0.41766282424625734,3,0.22184847711212485,0.5757350305596043,0.2131874411893261,0.4263238601690561,0.4284476569979317,0.5309116794424398,1-2,1-3,0.3760107419059887,0.1997242886536156,0.19192698816635498,0.08510004502371563,0.04751137784267763,True,False,False,False,準優勝戦,2026-09-15,1号艇のdominance,0.1753,1号艇のracer_win_te,0.1574,1号艇のsession_exh_rel_avg,0.1554,1号艇の節間得点,0.0918,風速区分,0.0803,2号艇のsession_exh_rel_avg,0.1113,2号艇の節間得点,0.0501,2号艇の全国勝率,0.0501,6号艇のsession_rank_diff_delta,-0.0465,レース時間帯,-0.0464,3号艇のwin_rate_rank_2to6,-0.0979,1号艇の直近1着率,0.0693,1号艇vs3号艇の勝率差,-0.0551,3号艇の全国勝率,-0.0533,6号艇のracer_2nd_te,-0.0523,0.0778,北 0.9m/s,[逃げ]1号艇のdominanceが有利(+17.5pt)、1号艇のracer_win_teが有利(+15.7pt) / [2着]2号艇のsession_exh_rel_avgが有利(+11.1pt)、2号艇の節間得点が有利(+5.0pt) / [候補2]3号艇のwin_rate_rank_2to6が不利(-9.8pt)、1号艇の直近1着率が有利(+6.9pt) / [除外]4号艇の一般戦2連率が不利(-5.3pt)、5号艇のwin_rate_rank_2to6が不利(-5.1pt)、天気+7.8pt
38,18,徳山,1,10:38,0.6468793052254385,2,0.45093405941503706,3,0.31293731168839867,0.49413258182099357,0.11342902894619152,0.6504423421572442,0.4268738071090378,0.5410255099218687,1-2,1-3,0.29169991105688575,0.2024326707641078,0.06670344452393553,0.07337489143710851,0.012668397685106926,False,False,True,False,予選,2026-09-15,場特性:in_escape_diff,0.2532,1号艇のracer_win_te,0.1304,風速区分,0.0948,1号艇のsession_exh_rel_avg,-0.0927,1号艇の勝率順位,-0.0839,2号艇のwin_rate_rank_2to6,0.1545,2号艇のsession_exh_rel_avg,-0.0793,場特性:in_escape_diff,0.0726,2号艇のclass_rank_2to6,-0.0538,2号艇のracer_avgfin_te,0.0511,3号艇のwin_rate_rank_2to6,-0.1224,3号艇のsession_exh_rel_avg,0.1035,3号艇の当地勝率,0.0725,3号艇のcumulative_diff_rank_2to6,-0.0698,1号艇のracer_win_te,0.0616,0.1269,南 1.0m/s,[逃げ]場特性:in_escape_diffが有利(+25.3pt)、1号艇のracer_win_teが有利(+13.0pt) / [2着]2号艇のwin_rate_rank_2to6が有利(+15.5pt)、2号艇のsession_exh_rel_avgが不利(-7.9pt) / [候補2]3号艇のwin_rate_rank_2to6が不利(-12.2pt)、3号艇のsession_exh_rel_avgが有利(+10.3pt) / [除外]勝率のレンジ(2-6号艇)が不利(-15.2pt)、6号艇のsession_exh_rel_avgが不利(-6.8pt)、天気+12.7pt
39,20,若松,10,19:40,0.7655462675186099,3,0.3830923520413213,2,0.30463074890074193,0.5264838530125207,0.16422141745839222,0.523501683483671,0.42273194347971427,0.5255892021538657,1-3,1-2,0.23320893279236185,0.29327492022015883,0.10486096095193786,0.12571909318188765,0.008482360728748906,True,False,False,False,選抜戦,2026-09-15,1号艇のdominance,0.1433,3号艇のracer_win_te,-0.1182,1号艇の年齢,-0.115,1号艇のracer_win_te,0.112,1号艇の級別順位,-0.0885,3号艇のwin_rate_rank_2to6,0.1662,3号艇の節間出走数,0.1101,5号艇のracer_2nd_te,-0.0818,3号艇のsession_exh_rel_avg,-0.0746,3号艇の年齢,-0.0675,2号艇のwin_rate_rank_2to6,-0.1341,1号艇の年齢,0.0816,2号艇の節間得点,0.0778,2号艇のsession_exh_rel_avg,-0.0688,2号艇の全国勝率,0.0541,0.1443,北東 2.7m/s,[逃げ]1号艇のdominanceが有利(+14.3pt)、3号艇のracer_win_teが不利(-11.8pt) / [2着]3号艇のwin_rate_rank_2to6が有利(+16.6pt)、3号艇の節間出走数が有利(+11.0pt) / [候補2]2号艇のwin_rate_rank_2to6が不利(-13.4pt)、1号艇の年齢が有利(+8.2pt) / [除外]1号艇vs6号艇のcumulative差が不利(-8.7pt)、天気+14.4pt
40,09,津,12,16:20,0.8017083752784142,3,0.44341328914610195,4,0.21221342437008558,0.525621427282189,0.17705869432593607,0.47856801919025144,0.4139424149330058,0.5115054048546077,1-3,1-4,0.1419494381569636,0.3554881476181791,0.17013327966400996,0.10843338120519166,0.025704130127368205,True,False,False,False,ツッキー選抜,2026-09-15,1号艇のsession_exh_rel_avg,-0.2137,1号艇のdominance,0.1893,1号艇のracer_win_te,0.163,race_no,0.0823,1号艇の級別順位,0.0703,3号艇のwin_rate_rank_2to6,0.1458,3号艇の当地勝率,0.1024,3号艇のsession_exh_rel_avg,-0.0502,3号艇の節間得点,0.0486,3号艇のcumulative_diff_rank_2to6,0.04,4号艇のclass_rank_2to6,0.1778,4号艇のwin_rate_rank_2to6,0.0882,4号艇のcumulative_diff_rank_2to6,-0.0758,4号艇のsession_exh_rel_avg,-0.0711,3号艇の女子戦2連率,0.0509,0.1337,北西 2.1m/s,[逃げ]1号艇のsession_exh_rel_avgが不利(-21.4pt)、1号艇のdominanceが有利(+18.9pt) / [2着]3号艇のwin_rate_rank_2to6が有利(+14.6pt)、3号艇の当地勝率が有利(+10.2pt) / [候補2]4号艇のclass_rank_2to6が有利(+17.8pt)、4号艇のwin_rate_rank_2to6が有利(+8.8pt) / [除外]6号艇のwin_rate_rank_2to6が不利(-6.7pt)、天気+13.4pt
41,07,蒲郡,10,19:32,0.658123804315613,2,0.459177855877398,3,0.28365914276288784,0.4888787115315368,0.1287412054957299,0.614095793144556,0.4133521099350137,0.5264438360154425,1-2,1-3,0.30219587736751946,0.18668283416401732,0.08472765193302786,0.06682431997902775,0.017693107387658415,True,False,False,False,予選特賞,2026-09-15,1号艇のdominance,0.3302,1号艇のsession_exh_rel_avg,-0.1305,風速区分,0.1056,1号艇の年齢,0.0982,1号艇の勝率順位,0.094,2号艇のwin_rate_rank_2to6,0.1472,2号艇のsession_exh_rel_avg,0.1261,2号艇のモーター2連率,0.0864,2号艇の全国勝率,0.0477,レース時間帯,-0.0443,3号艇のsession_exh_rel_avg,0.0621,3号艇のwin_rate_rank_2to6,-0.0582,3号艇の全国勝率,0.047,3号艇の当地勝率,-0.0453,3号艇のcumulative_diff_rank_2to6,0.0451,0.0813,東 2.3m/s,[逃げ]1号艇のdominanceが有利(+33.0pt)、1号艇のsession_exh_rel_avgが不利(-13.0pt) / [2着]2号艇のwin_rate_rank_2to6が有利(+14.7pt)、2号艇のsession_exh_rel_avgが有利(+12.6pt) / [候補2]3号艇のsession_exh_rel_avgが有利(+6.2pt)、3号艇のwin_rate_rank_2to6が不利(-5.8pt) / [除外]6号艇のwin_rate_rank_2to6が不利(-7.5pt)、天気+8.1pt
42,12,住之江,9,18:54,0.8333620468607141,2,0.37236639551380046,3,0.33637198729865403,0.5906356693893394,0.2590574550599525,0.449680927752502,0.40702538133377897,0.5483492468982882,1-2,1-3,0.310316021547527,0.28031964784181246,0.21588865100328947,0.017087854123790068,0.009749871180101791,True,False,False,False,準優勝戦,2026-09-15,1号艇のdominance,0.186,1号艇のsession_exh_rel_avg,0.1828,1号艇のracer_win_te,0.1634,風速区分,0.0985,4号艇のsession_exh_rel_avg,-0.0849,2号艇のwin_rate_rank_2to6,0.1749,2号艇のsession_exh_rel_avg,0.0966,2号艇の節間得点,0.0565,2号艇の全国勝率,0.0359,2号艇の当地勝率,-0.0343,3号艇のsession_exh_rel_avg,0.0758,3号艇のwin_rate_rank_2to6,-0.0601,2号艇の全国2連率,0.0489,3号艇のモーター2連率,0.0459,3号艇の節間得点,0.0428,0.1234,北東 1.0m/s,[逃げ]1号艇のdominanceが有利(+18.6pt)、1号艇のsession_exh_rel_avgが有利(+18.3pt) / [2着]2号艇のwin_rate_rank_2to6が有利(+17.5pt)、2号艇のsession_exh_rel_avgが有利(+9.7pt) / [候補2]3号艇のsession_exh_rel_avgが有利(+7.6pt)、3号艇のwin_rate_rank_2to6が不利(-6.0pt) / [除外]6号艇のwin_rate_rank_2to6が不利(-6.7pt)、1号艇vs5号艇の枠別平均ST差が不利(-6.3pt)、天気+12.3pt
43,18,徳山,5,12:43,0.7578378751485256,2,0.4887341083788397,3,0.20646341228748433,0.5268470118702903,0.1918299766933178,0.5033675439730062,0.40556895186066394,0.519803171501105,1-2,1-3,0.3703812182064291,0.15646579366386112,0.14537602192705515,0.06315942142265857,0.0224554100474404,True,True,False,False,予選,2026-09-15,場特性:in_escape_diff,0.2788,1号艇のracer_win_te,0.2013,1号艇の節間得点,0.1055,風速区分,0.0882,ST差分(4-3),-0.0827,2号艇のwin_rate_rank_2to6,0.084,2号艇のsession_exh_rel_avg,0.0799,2号艇のclass_rank_2to6,-0.0673,2号艇の全国勝率,0.0489,2号艇のracer_2nd_te,0.0488,3号艇のwin_rate_rank_2to6,-0.1087,3号艇の当地勝率,0.0851,3号艇のcumulative_diff_rank_2to6,-0.0575,3号艇のracer_avgfin_te,0.0376,3号艇のsession_exh_rel_avg,-0.0349,0.0886,南 1.6m/s,[逃げ]場特性:in_escape_diffが有利(+27.9pt)、1号艇のracer_win_teが有利(+20.1pt) / [2着]2号艇のwin_rate_rank_2to6が有利(+8.4pt)、2号艇のsession_exh_rel_avgが有利(+8.0pt) / [候補2]3号艇のwin_rate_rank_2to6が不利(-10.9pt)、3号艇の当地勝率が有利(+8.5pt) / [除外]local_win_rateの分散(2-6号艇)が不利(-6.4pt)、3号艇のracer_win_teが不利(-5.6pt)、天気+8.9pt
44,19,下関,1,15:28,0.6262413597853005,3,0.47392166203339336,2,0.31400253502108094,0.4934307205711351,0.1485654085259757,0.6393587885284987,0.40546263667403437,0.5372091409583442,1-3,1-2,0.19664137450763317,0.2967893460635019,0.09303780345236569,0.020544470399509,0.019228384025737625,True,False,False,False,予選,2026-09-15,3号艇の直近1着率,-0.1005,場特性:in_escape_diff,0.0833,1号艇の級別順位,0.0807,1号艇の年齢,-0.0804,1号艇のdominance,0.078,3号艇のwin_rate_rank_2to6,0.1356,3号艇のsession_exh_rel_avg,0.0852,3号艇のsession_rank_diff_delta,0.0612,3号艇のモーター2連率,0.0459,3号艇の節間得点,0.0392,2号艇のsession_exh_rel_avg,0.075,2号艇のwin_rate_rank_2to6,0.0659,1号艇の年齢,-0.0578,4号艇のモーター出走数,-0.0559,2号艇のclass_rank_2to6,-0.0514,0.0789,北西 2.0m/s,[逃げ]3号艇の直近1着率が不利(-10.1pt)、場特性:in_escape_diffが有利(+8.3pt) / [2着]3号艇のwin_rate_rank_2to6が有利(+13.6pt)、3号艇のsession_exh_rel_avgが有利(+8.5pt) / [候補2]2号艇のsession_exh_rel_avgが有利(+7.5pt)、2号艇のwin_rate_rank_2to6が有利(+6.6pt) / [除外]5号艇のracer_avgfin_teが不利(-6.1pt)、天気+7.9pt
45,08,常滑,5,12:38,0.8058886104651358,3,0.4194321157935279,5,0.27013645325491414,0.5557154559308811,0.2259680988935267,0.4636004701549154,0.4050266978079404,0.5280809601980914,1-3,1-5,0.18210511722675263,0.33801556498129814,0.0652987269223961,0.21769989094958286,0.002769315451266225,True,True,False,False,三Ａ傑戦,2026-09-15,1号艇のdominance,0.287,1号艇のsession_exh_rel_avg,0.1046,1号艇の全国勝率,0.0989,1号艇のracer_win_te,0.0983,場特性:in_escape_diff,0.078,3号艇の女子戦比率,-0.0682,3号艇のwin_rate_rank_2to6,0.0568,3号艇のsession_rank_diff_delta,0.0499,3号艇の性別,-0.0429,3号艇のsession_rank_diff_last,0.0422,5号艇のwin_rate_rank_2to6,0.2264,6号艇のracer_win_te,-0.1482,5号艇のsession_exh_rel_avg,0.1362,5号艇のclass_rank_2to6,0.1316,1号艇vs4号艇の勝率差,0.1118,0.0049,東 0.8m/s,[逃げ]1号艇のdominanceが有利(+28.7pt)、1号艇のsession_exh_rel_avgが有利(+10.5pt) / [2着]3号艇の女子戦比率が不利(-6.8pt)、3号艇のwin_rate_rank_2to6が有利(+5.7pt) / [候補2]5号艇のwin_rate_rank_2to6が有利(+22.6pt)、6号艇のracer_win_teが不利(-14.8pt) / [除外]6号艇の直近平均着順が不利(-11.4pt)、6号艇のracer_win_teが不利(-9.7pt)、天気+0.5pt
46,12,住之江,2,15:42,0.7378215326410625,4,0.4482671290070218,3,0.25482048585482625,0.5187531815783178,0.2002616739632334,0.5028259408986147,0.39408952495836536,0.5139750093744069,1-4,1-3,0.14775737521281765,0.1880120414217481,0.33074114015656975,0.058936372126615864,0.012374605097610847,True,False,False,False,一般戦,2026-09-15,1号艇のdominance,0.1637,風速区分,0.0927,1号艇の級別順位,0.0791,1号艇の節間得点,0.0768,1号艇のracer_win_te,0.058,4号艇のclass_rank_2to6,0.1871,4号艇のwin_rate_rank_2to6,0.1731,4号艇の節間得点,0.1569,4号艇のcumulative_diff_rank_2to6,0.0837,4号艇のsession_exh_rel_avg,0.075,3号艇のwin_rate_rank_2to6,-0.1085,3号艇のモーター2連率,0.0817,3号艇のsession_exh_rel_avg,0.0666,3号艇のcumulative_diff_rank_2to6,-0.0629,3号艇の全国勝率,-0.0446,0.1136,北 1.3m/s,[逃げ]1号艇のdominanceが有利(+16.4pt)、風速区分が有利(+9.3pt) / [2着]4号艇のclass_rank_2to6が有利(+18.7pt)、4号艇のwin_rate_rank_2to6が有利(+17.3pt) / [候補2]3号艇のwin_rate_rank_2to6が不利(-10.9pt)、3号艇のモーター2連率が有利(+8.2pt) / [除外]1号艇vs6号艇のcumulative差が不利(-6.8pt)、天気+11.4pt
47,14,鳴門,3,09:36,0.7706204062123855,3,0.4593504087856495,5,0.19767127515104144,0.5063143169656383,0.1931849327838574,0.4638367511528335,0.3889395602170245,0.49357104722179684,1-3,1-5,0.09330994892624805,0.35398479861222254,0.14887225137600857,0.15232951835341577,0.022123877461351617,False,False,True,False,どきどきなる,2026-09-15,1号艇のdominance,0.3209,1号艇のracer_win_te,0.1873,場特性:in_escape_diff,-0.1504,1号艇のvs_max234_diff,0.1257,1号艇のvs_max234_frame_diff,0.1053,3号艇のモーター2連率,0.0912,3号艇のwin_rate_rank_2to6,0.062,3号艇のcumulative_diff_rank_2to6,0.0415,2号艇のvs_boat3_diff,0.0407,3号艇のclass_rank_2to6,0.0329,5号艇のwin_rate_rank_2to6,0.2037,5号艇の年齢,-0.179,5号艇のclass_rank_2to6,0.084,1号艇vs4号艇の勝率差,0.076,mean_234_全国勝率,0.0568,-0.0387,北 4.6m/s,[逃げ]1号艇のdominanceが有利(+32.1pt)、1号艇のracer_win_teが有利(+18.7pt) / [2着]3号艇のモーター2連率が有利(+9.1pt)、3号艇のwin_rate_rank_2to6が有利(+6.2pt) / [候補2]5号艇のwin_rate_rank_2to6が有利(+20.4pt)、5号艇の年齢が不利(-17.9pt) / [除外]1号艇vs2号艇の枠別勝率差が不利(-12.3pt)、1号艇vs4号艇のlocal_win_rate差が不利(-9.3pt)、天気-3.9pt
48,12,住之江,5,17:01,0.704602389632068,3,0.4978038203312983,6,0.16326274158658124,0.46578907923319335,0.13969991611317156,0.5213666458047079,0.3877042448788231,0.4824623492046477,1-3,1-6,0.09843289472474012,0.3507537613734054,0.07198454884384332,0.06839587470483657,0.11503531785978795,True,False,False,False,住之江ファイ,2026-09-15,1号艇のsession_exh_rel_avg,-0.1344,3号艇のsession_exh_rel_avg,-0.1319,1号艇のracer_win_te,0.0988,風速区分,0.0905,1号艇の級別順位,0.0803,3号艇のsession_exh_rel_avg,0.1445,6号艇の直近1着率,0.1151,3号艇のモーター2連率,0.0538,3号艇のwin_rate_rank_2to6,0.0482,1号艇vs5号艇の枠別平均ST差,0.0457,6号艇のwin_rate_rank_2to6,0.3799,6号艇のsession_exh_rel_avg,0.2107,6号艇のclass_rank_2to6,0.1625,6号艇のvs_avg456_diff,0.1426,6号艇の全国勝率,0.1382,0.1041,北東 1.1m/s,[逃げ]1号艇のsession_exh_rel_avgが不利(-13.4pt)、3号艇のsession_exh_rel_avgが不利(-13.2pt) / [2着]3号艇のsession_exh_rel_avgが有利(+14.4pt)、6号艇の直近1着率が有利(+11.5pt) / [候補2]6号艇のwin_rate_rank_2to6が有利(+38.0pt)、6号艇のsession_exh_rel_avgが有利(+21.1pt)、天気+10.4pt
49,19,下関,11,20:16,0.7549618851385718,2,0.4481289716912754,3,0.20606451903741824,0.49389115100591735,0.18903047816514118,0.4651630125635525,0.3818585744825007,0.4852727094732079,1-2,1-3,0.33832029325325497,0.15557085775266238,0.14271080614420062,0.04222937961808816,0.07613054274546138,False,False,False,False,一般特選,2026-09-15,1号艇のracer_win_te,0.1903,場特性:in_escape_diff,0.1264,1号艇の級別順位,0.1012,1号艇の勝率順位,-0.0633,1号艇の全国勝率,0.0586,2号艇のsession_exh_rel_avg,0.1277,2号艇の全国勝率,0.0588,6号艇のsession_rank_diff_last,-0.0556,3号艇のracer_win_te,0.0506,4号艇のモーター出走数,-0.0425,3号艇のwin_rate_rank_2to6,-0.1225,3号艇のsession_exh_rel_avg,0.0891,3号艇のracer_avgfin_te,-0.0511,3号艇の当地勝率,-0.0487,3号艇の全国勝率,-0.0438,0.1351,北東 2.2m/s,[逃げ]1号艇のracer_win_teが有利(+19.0pt)、場特性:in_escape_diffが有利(+12.6pt) / [2着]2号艇のsession_exh_rel_avgが有利(+12.8pt)、2号艇の全国勝率が有利(+5.9pt) / [候補2]3号艇のwin_rate_rank_2to6が不利(-12.2pt)、3号艇のsession_exh_rel_avgが有利(+8.9pt)、天気+13.5pt
50,07,蒲郡,7,18:04,0.7153971256316192,3,0.44459512548059643,4,0.25290930249001387,0.49899266288550137,0.1971397501031247,0.5003646778674856,0.3809471162480528,0.4994042673800966,1-3,1-4,0.1410332105715111,0.31806207483864773,0.18093058804685364,0.06037146252800635,0.014999787647803818,True,False,False,False,予選,2026-09-15,1号艇のdominance,0.1533,4号艇のsession_exh_rel_avg,-0.1493,1号艇のsession_exh_rel_avg,0.1247,4号艇のsession_exh_rel_last,-0.1133,風速区分,0.0768,3号艇のsession_exh_rel_avg,-0.2012,3号艇の当地勝率,0.1002,3号艇のwin_rate_rank_2to6,0.0754,5号艇の年齢,0.0557,1号艇のsession_exh_rel_last,0.054,4号艇のwin_rate_rank_2to6,0.1985,4号艇のsession_rank_diff_last,-0.1404,4号艇のsession_exh_rel_avg,0.113,4号艇の節間得点,-0.0869,4号艇のcumulative_diff_rank_2to6,-0.0783,0.0489,東 2.3m/s,[逃げ]1号艇のdominanceが有利(+15.3pt)、4号艇のsession_exh_rel_avgが不利(-14.9pt) / [2着]3号艇のsession_exh_rel_avgが不利(-20.1pt)、3号艇の当地勝率が有利(+10.0pt) / [候補2]4号艇のwin_rate_rank_2to6が有利(+19.9pt)、4号艇のsession_rank_diff_lastが不利(-14.0pt) / [除外]6号艇のwin_rate_rank_2to6が不利(-7.6pt)、6号艇のsession_exh_rel_avgが不利(-6.2pt)、天気+4.9pt
51,06,浜名湖,7,14:32,0.6752122045606028,3,0.3912182001002288,2,0.30371550701601585,0.46922772040543187,0.16514821186692225,0.5297854952493224,0.3762371776254128,0.48739505285859896,1-3,1-2,0.2050724170515253,0.2641553033539065,0.09019680238750225,0.11151008821390608,0.00427760267194798,True,True,False,False,一般,2026-09-15,2号艇の枠別勝率,0.3286,1号艇のdominance,0.1658,5号艇の枠別出走数,-0.0983,1号艇の勝率順位,0.0811,1号艇の級別順位,-0.0697,3号艇の当地勝率,0.0836,3号艇のwin_rate_rank_2to6,0.0835,max_234_frame_win_rate,-0.0754,6号艇のracer_2nd_te,-0.0648,3号艇のsession_exh_rel_avg,-0.063,2号艇のsession_exh_rel_avg,0.0624,2号艇のclass_rank_2to6,-0.0618,5号艇の年齢,-0.054,6号艇のvs_avg456_diff,-0.0307,1号艇vs5号艇の直近複勝率差,0.0299,0.0073,東 1.1m/s,[逃げ]2号艇の枠別勝率が有利(+32.9pt)、1号艇のdominanceが有利(+16.6pt) / [2着]3号艇の当地勝率が有利(+8.4pt)、3号艇のwin_rate_rank_2to6が有利(+8.4pt) / [候補2]2号艇のsession_exh_rel_avgが有利(+6.2pt)、2号艇のclass_rank_2to6が不利(-6.2pt) / [除外]5号艇の直近平均着順が不利(-26.6pt)、ST差分(6-5)が不利(-9.1pt)、天気+0.7pt
52,08,常滑,8,14:07,0.4914662956237449,4,0.5955807427548381,2,0.26066253508741677,0.42081471191386594,0.09871424497943763,0.7575290328628173,0.3709662240384858,0.5218290081985513,1-4,1-2,0.12810685052730714,0.04851472430533907,0.2927078613865588,0.01582632753331701,0.006310528667227255,True,True,False,False,予選,2026-09-15,1号艇のdominance,-0.2931,1号艇のvs_max234_diff,-0.1065,1号艇のsession_exh_rel_avg,0.0959,1号艇の全国勝率,-0.0844,1号艇のモーター2連率,0.0758,4号艇のwin_rate_rank_2to6,0.2456,4号艇のclass_rank_2to6,0.177,6号艇の女子戦比率,0.1559,1号艇の平均ST,0.1066,4号艇の全国勝率,0.1023,2号艇の全国勝率,-0.1083,2号艇の女子戦比率,-0.0947,3号艇のracer_2nd_te,0.0824,win_rate_gap_top2_2to6,-0.0787,2号艇の節間得点,0.0743,-0.0326,北 4.6m/s,[逃げ]1号艇のdominanceが不利(-29.3pt)、1号艇のvs_max234_diffが不利(-10.6pt) / [2着]4号艇のwin_rate_rank_2to6が有利(+24.6pt)、4号艇のclass_rank_2to6が有利(+17.7pt) / [候補2]2号艇の全国勝率が不利(-10.8pt)、2号艇の女子戦比率が不利(-9.5pt) / [除外]5号艇の直近平均着順が不利(-16.0pt)、1号艇vs5号艇の枠別平均ST差が不利(-10.5pt)、天気-3.3pt
53,09,津,5,12:32,0.7474787683021709,3,0.4256257214349175,4,0.19755444279465,0.46581394158866174,0.17073665233396002,0.45244351189560755,0.3703761259918599,0.46180281268074547,1-3,1-4,0.12762202259062438,0.318146190015895,0.14766775157276665,0.11458675673173448,0.03945605852945188,True,True,False,False,５ールドレー,2026-09-15,1号艇のdominance,0.2296,1号艇の勝率順位,0.0953,4号艇のsession_exh_rel_avg,-0.0948,風速区分,0.0769,1号艇の級別順位,0.0678,3号艇のwin_rate_rank_2to6,0.1566,4号艇のsession_rank_diff_last,-0.0837,4号艇のモーター出走数,-0.0715,3号艇のclass_rank_2to6,0.0494,3号艇のsession_exh_rel_avg,-0.0492,4号艇のwin_rate_rank_2to6,-0.1917,4号艇のsession_exh_rel_avg,0.1246,4号艇の全国勝率,-0.0664,4号艇の節間得点,0.0645,4号艇の年齢,0.061,0.0838,北西 0.6m/s,[逃げ]1号艇のdominanceが有利(+23.0pt)、1号艇の勝率順位が有利(+9.5pt) / [2着]3号艇のwin_rate_rank_2to6が有利(+15.7pt)、4号艇のsession_rank_diff_lastが不利(-8.4pt) / [候補2]4号艇のwin_rate_rank_2to6が不利(-19.2pt)、4号艇のsession_exh_rel_avgが有利(+12.5pt)、天気+8.4pt
54,22,福岡,9,15:58,0.7063439038348326,5,0.35242157831735654,3,0.31888090314285333,0.474170415408615,0.18516320252739876,0.4861392789328111,0.36881172021564756,0.4777610744658738,1-5,1-3,0.1307888993197626,0.22523958198430016,0.06722536403234901,0.24893083342431482,0.03415923165244629,True,False,False,False,予選特賞,2026-09-15,1号艇のsession_exh_rel_avg,0.1161,1号艇の節間得点,0.0908,1号艇のracer_win_te,0.0862,5号艇の直近平均着順,-0.0763,1号艇の体重,-0.0742,5号艇のwin_rate_rank_2to6,0.2682,5号艇のclass_rank_2to6,0.2199,5号艇のsession_exh_rel_avg,0.0964,1号艇vs4号艇の勝率差,0.0744,1号艇vs5号艇のlocal_win_rate差,0.0716,3号艇のsession_exh_rel_avg,-0.1342,3号艇のwin_rate_rank_2to6,0.05,6号艇のモーター出走数,0.0456,場特性:1x_diff_course3,0.0416,3号艇の節間得点,0.0356,-0.0147,北 4.2m/s,[逃げ]1号艇のsession_exh_rel_avgが有利(+11.6pt)、1号艇の節間得点が有利(+9.1pt) / [2着]5号艇のwin_rate_rank_2to6が有利(+26.8pt)、5号艇のclass_rank_2to6が有利(+22.0pt) / [候補2]3号艇のsession_exh_rel_avgが不利(-13.4pt)、3号艇のwin_rate_rank_2to6が有利(+5.0pt) / [除外]4号艇のwin_rate_rank_2to6が不利(-5.1pt)、天気-1.5pt
55,10,三国,2,08:58,0.6091177244907673,2,0.5747580653833425,4,0.1902893090067999,0.4660039158161597,0.17385856801231453,0.5911888063778279,0.3687813876258453,0.5035593829846601,1-2,1-4,0.35009532491901724,0.10590033533088433,0.11590859089714244,0.023684424370280066,0.013529039896881829,False,False,True,False,みくにあさガ,2026-09-15,1号艇のdominance,0.1407,1号艇の年齢,-0.0892,風速区分,-0.0841,1号艇の級別順位,0.0719,1号艇のracer_win_te,0.0695,2号艇のwin_rate_rank_2to6,0.1814,2号艇のclass_rank_2to6,0.1126,2号艇のsession_exh_rel_avg,0.0634,2号艇の全国勝率,0.0498,2号艇の当地勝率,-0.0492,4号艇のwin_rate_rank_2to6,0.1102,4号艇のsession_exh_rel_avg,0.071,4号艇の年齢,-0.0662,4号艇のclass_rank_2to6,-0.066,5号艇の体重,0.0622,-0.0786,北東 7.6m/s,[逃げ]1号艇のdominanceが有利(+14.1pt)、1号艇の年齢が不利(-8.9pt) / [2着]2号艇のwin_rate_rank_2to6が有利(+18.1pt)、2号艇のclass_rank_2to6が有利(+11.3pt) / [候補2]4号艇のwin_rate_rank_2to6が有利(+11.0pt)、4号艇のsession_exh_rel_avgが有利(+7.1pt) / [除外]6号艇のsession_exh_rel_avgが不利(-6.3pt)、6号艇のwin_rate_rank_2to6が不利(-6.1pt)、天気-7.9pt
56,09,津,11,15:41,0.6081941423923708,3,0.44934060525455444,4,0.2716987198569044,0.43853189396733755,0.13582248071445566,0.5852168443970032,0.36705690631407467,0.48253737909623723,1-3,1-4,0.08260643717573268,0.2732863240548626,0.165245569912475,0.07115368855386103,0.01590213062538862,True,False,False,False,予選特選,2026-09-15,1号艇のdominance,0.1508,1号艇のsession_exh_rel_avg,0.1258,1号艇の級別順位,0.079,1号艇の勝率順位,-0.0765,場特性:in_escape_diff,0.0576,3号艇のwin_rate_rank_2to6,0.1653,6号艇のモーター出走数,0.0766,2号艇のvs_boat3_diff,0.0545,3号艇のsession_exh_rel_avg,0.0511,3号艇の全国勝率,0.0491,4号艇のclass_rank_2to6,0.1745,4号艇のwin_rate_rank_2to6,0.1024,4号艇のsession_exh_rel_avg,0.0718,4号艇の年齢,-0.0532,4号艇のcumulative_diff_rank_2to6,-0.0427,0.1016,北西 2.2m/s,[逃げ]1号艇のdominanceが有利(+15.1pt)、1号艇のsession_exh_rel_avgが有利(+12.6pt) / [2着]3号艇のwin_rate_rank_2to6が有利(+16.5pt)、6号艇のモーター出走数が有利(+7.7pt) / [候補2]4号艇のclass_rank_2to6が有利(+17.4pt)、4号艇のwin_rate_rank_2to6が有利(+10.2pt) / [除外]6号艇のwin_rate_rank_2to6が不利(-8.8pt)、2号艇のwin_rate_rank_2to6が不利(-6.7pt)、天気+10.2pt
57,10,三国,11,13:32,0.622123724075255,2,0.48235498465402704,3,0.22391360215725598,0.43938644342440286,0.14007783877646074,0.5661907480348223,0.3655284793653237,0.47742773480752865,1-2,1-3,0.3000844793792258,0.13930196404517714,0.07477560215245084,0.08714574672002491,0.02081592134921469,True,True,False,False,選抜戦,2026-09-15,1号艇のsession_exh_rel_avg,0.1245,1号艇の節間得点,0.104,1号艇の級別順位,-0.0913,風速区分,-0.0817,ST差分(4-3),-0.0732,2号艇のwin_rate_rank_2to6,0.164,2号艇のsession_exh_rel_avg,0.131,2号艇のclass_rank_2to6,0.0695,1号艇の女子戦2連率,0.0512,2号艇の全国勝率,0.0478,3号艇のwin_rate_rank_2to6,-0.0562,3号艇のcumulative_diff_rank_2to6,0.0558,3号艇の年齢,-0.0513,6号艇のracer_2nd_te,-0.05,3号艇のsession_exh_rel_avg,-0.045,0.0094,北東 6.4m/s,[逃げ]1号艇のsession_exh_rel_avgが有利(+12.4pt)、1号艇の節間得点が有利(+10.4pt) / [2着]2号艇のwin_rate_rank_2to6が有利(+16.4pt)、2号艇のsession_exh_rel_avgが有利(+13.1pt) / [候補2]3号艇のwin_rate_rank_2to6が不利(-5.6pt)、3号艇のcumulative_diff_rank_2to6が有利(+5.6pt) / [除外]6号艇のwin_rate_rank_2to6が不利(-6.6pt)、天気+0.9pt
58,22,福岡,11,16:57,0.6649565563611127,2,0.417331012595547,3,0.29129924733830204,0.4712083373788924,0.18729090876827476,0.5213393511655742,0.36530469210663574,0.4862476415148969,1-2,1-3,0.2775069929982311,0.19370134438066136,0.12454031773229532,0.05359232707170154,0.015615591518316882,True,False,False,False,予選特選,2026-09-15,1号艇の女子戦比率,-0.2078,1号艇のdominance,0.1222,1号艇のsession_exh_rel_avg,0.1149,1号艇のracer_win_te,0.1082,1号艇の体重,-0.0673,2号艇のwin_rate_rank_2to6,0.1779,2号艇のclass_rank_2to6,0.1081,2号艇の当地勝率,0.0822,2号艇のsession_exh_rel_avg,-0.0741,レース時間帯,-0.0624,3号艇のsession_exh_rel_avg,-0.1255,3号艇の当地勝率,0.0826,3号艇の節間得点,-0.0724,場特性:1x_diff_course3,0.0535,3号艇のwin_rate_rank_2to6,0.0448,0.026,北東 3.3m/s,[逃げ]1号艇の女子戦比率が不利(-20.8pt)、1号艇のdominanceが有利(+12.2pt) / [2着]2号艇のwin_rate_rank_2to6が有利(+17.8pt)、2号艇のclass_rank_2to6が有利(+10.8pt) / [候補2]3号艇のsession_exh_rel_avgが不利(-12.5pt)、3号艇の当地勝率が有利(+8.3pt) / [除外]6号艇のwin_rate_rank_2to6が不利(-5.4pt)、天気+2.6pt
59,07,蒲郡,9,19:02,0.5501191278178944,2,0.5876370721475649,4,0.16659288552115264,0.4149163264868423,0.10524600684272603,0.6489839508259915,0.36251438264293073,0.485136613788587,1-2,1-4,0.32327039360327947,0.05789784149063659,0.09164593288356282,0.042295580005192956,0.03500938803263637,True,False,False,False,予選特賞,2026-09-15,1号艇の級別順位,-0.0918,1号艇のdominance,0.0789,1号艇の年齢,0.0673,1号艇の節間得点,-0.0639,風速区分,0.0623,2号艇のwin_rate_rank_2to6,0.177,2号艇のsession_exh_rel_avg,0.1523,2号艇のclass_rank_2to6,0.0772,2号艇の全国勝率,0.0486,avg_entry_count,-0.0354,4号艇のclass_rank_2to6,0.149,4号艇のsession_exh_rel_avg,-0.1119,2号艇の枠別勝率,-0.1116,4号艇のwin_rate_rank_2to6,-0.0863,4号艇の節間得点,-0.0853,0.0329,東 2.3m/s,[逃げ]1号艇の級別順位が不利(-9.2pt)、1号艇のdominanceが有利(+7.9pt) / [2着]2号艇のwin_rate_rank_2to6が有利(+17.7pt)、2号艇のsession_exh_rel_avgが有利(+15.2pt) / [候補2]4号艇のclass_rank_2to6が有利(+14.9pt)、4号艇のsession_exh_rel_avgが不利(-11.2pt) / [除外]6号艇のsession_exh_rel_avgが不利(-7.4pt)、3号艇のwin_rate_rank_2to6が不利(-5.2pt)、天気+3.3pt
60,06,浜名湖,11,16:36,0.706548168945712,2,0.3670565448719082,3,0.3079901192461305,0.4769529844855113,0.21034550259229637,0.46470116152574237,0.35656308620411054,0.4732774375975806,1-2,1-3,0.2593431296787863,0.217609854806725,0.14861922970255254,0.04407769041656023,0.036898273553427514,True,False,False,False,選抜戦,2026-09-15,1号艇のdominance,0.1347,1号艇のsession_exh_rel_avg,-0.0773,風速区分,0.0747,場特性:in_escape_diff,-0.07,1号艇のracer_win_te,0.0674,2号艇の節間得点,0.0667,2号艇のclass_rank_2to6,-0.0473,2号艇のsession_exh_rel_avg,0.0441,2号艇のwin_rate_rank_2to6,-0.0337,レース時間帯,-0.0307,3号艇のwin_rate_rank_2to6,-0.0919,3号艇の節間得点,0.0443,3号艇の全国勝率,-0.0421,3号艇のモーター2連率,-0.038,3号艇のsession_exh_rel_avg,-0.0327,0.0485,南 0.4m/s,[逃げ]1号艇のdominanceが有利(+13.5pt)、1号艇のsession_exh_rel_avgが不利(-7.7pt) / [2着]2号艇の節間得点が有利(+6.7pt)、2号艇のclass_rank_2to6が不利(-4.7pt) / [候補2]3号艇のwin_rate_rank_2to6が不利(-9.2pt)、3号艇の節間得点が有利(+4.4pt) / [除外]6号艇のsession_exh_rel_avgが不利(-7.0pt)、天気+4.8pt
61,12,住之江,11,19:57,0.8252272859043486,3,0.3422984455121857,2,0.30422660970620585,0.5335301165870323,0.27714117291079543,0.3693838823075961,0.35609432183403605,0.4842862463032014,1-3,1-2,0.2510560994277338,0.28247401715929854,0.22870445793352348,0.034083179479126174,0.02890954112730021,True,False,False,False,準優勝戦,2026-09-15,1号艇のracer_win_te,0.1223,1号艇の節間得点,0.1142,風速区分,0.096,場特性:in_escape_diff,0.0735,1号艇のdominance,0.0705,3号艇の当地勝率,0.1057,3号艇のwin_rate_rank_2to6,0.085,1号艇のracer_win_te,0.0604,場特性:1x_diff_course3,0.0446,全艇平均勝率,-0.0355,2号艇のwin_rate_rank_2to6,-0.1324,2号艇のsession_exh_rel_avg,0.051,2号艇の全国勝率,0.0463,2号艇のclass_rank_2to6,-0.0456,2号艇の節間得点,0.0435,0.2007,北 1.0m/s,[逃げ]1号艇のracer_win_teが有利(+12.2pt)、1号艇の節間得点が有利(+11.4pt) / [2着]3号艇の当地勝率が有利(+10.6pt)、3号艇のwin_rate_rank_2to6が有利(+8.5pt) / [候補2]2号艇のwin_rate_rank_2to6が不利(-13.2pt)、2号艇のsession_exh_rel_avgが有利(+5.1pt) / [除外]6号艇のsession_exh_rel_avgが不利(-8.1pt)、天気+20.1pt
62,06,浜名湖,12,17:06,0.7047021757749953,4,0.40937975389040065,2,0.273651480957513,0.48133359731960657,0.21764357958625669,0.46538765526165704,0.3556225968046837,0.4765498147022217,1-4,1-2,0.1928427940348091,0.15337390407789342,0.2884908032847974,0.04499887780137242,0.024995792638292574,True,False,False,False,優勝戦,2026-09-15,1号艇のdominance,0.1618,1号艇のsession_exh_rel_avg,0.12,race_no,0.1127,1号艇のracer_win_te,0.0973,風速区分,0.0865,4号艇の節間得点,0.1619,4号艇のclass_rank_2to6,0.1251,4号艇の全国勝率,0.1053,4号艇のwin_rate_rank_2to6,0.0787,4号艇のsession_exh_rel_avg,0.0617,2号艇の全国勝率,0.0548,2号艇のsession_exh_rel_avg,0.0474,2号艇の一般戦勝率,-0.0433,2号艇のclass_rank_2to6,-0.0407,6号艇の一般戦勝率,-0.0349,0.0656,南西 1.3m/s,[逃げ]1号艇のdominanceが有利(+16.2pt)、1号艇のsession_exh_rel_avgが有利(+12.0pt) / [2着]4号艇の節間得点が有利(+16.2pt)、4号艇のclass_rank_2to6が有利(+12.5pt) / [候補2]2号艇の全国勝率が有利(+5.5pt)、2号艇のsession_exh_rel_avgが有利(+4.7pt) / [除外]6号艇のwin_rate_rank_2to6が不利(-6.2pt)、3号艇のsession_exh_rel_avgが不利(-5.5pt)、天気+6.6pt
63,12,住之江,12,20:30,0.6065683693732555,2,0.49491565322815884,4,0.23455757688527648,0.4424753876913481,0.16552263085895697,0.5639505992544784,0.35458775937813747,0.4789179511602871,1-2,1-4,0.3002001807559039,0.10040079229448884,0.14227520693544418,0.04345793897040602,0.020234235729331435,False,False,False,False,一般戦,2026-09-15,1号艇の年齢,-0.1931,1号艇のsession_exh_rel_avg,-0.142,1号艇のdominance,0.1278,4号艇のモーター2連率,-0.0846,1号艇の級別順位,0.0705,2号艇のwin_rate_rank_2to6,0.1512,2号艇のclass_rank_2to6,0.0832,6号艇のsession_rank_diff_last,-0.0812,2号艇のsession_exh_rel_avg,0.0742,2号艇の全国勝率,0.0633,4号艇のモーター2連率,0.1174,4号艇のclass_rank_2to6,-0.1037,4号艇のwin_rate_rank_2to6,0.0904,4号艇の節間得点,-0.0695,2号艇のsession_rank_diff_last,-0.0541,0.1346,北東 1.0m/s,[逃げ]1号艇の年齢が不利(-19.3pt)、1号艇のsession_exh_rel_avgが不利(-14.2pt) / [2着]2号艇のwin_rate_rank_2to6が有利(+15.1pt)、2号艇のclass_rank_2to6が有利(+8.3pt) / [候補2]4号艇のモーター2連率が有利(+11.7pt)、4号艇のclass_rank_2to6が不利(-10.4pt) / [除外]6号艇のwin_rate_rank_2to6が不利(-6.0pt)、天気+13.5pt
64,07,蒲郡,12,20:35,0.7519762183582648,2,0.39223525147975785,4,0.25845688758830937,0.48930501405185534,0.23562522587090148,0.4150669131971657,0.3509538887049757,0.4670335837954484,1-2,1-4,0.2949515811145513,0.17718456630021248,0.19435343293730403,0.03834128229003777,0.04714535431549434,False,False,False,False,予選記者特選,2026-09-15,1号艇のdominance,0.1768,race_no,0.1056,風速区分,0.1035,4号艇のsession_exh_rel_last,-0.088,1号艇の勝率順位,0.0707,2号艇のwin_rate_rank_2to6,0.148,2号艇のsession_exh_rel_avg,0.1165,2号艇のclass_rank_2to6,0.0769,3号艇のracer_2nd_te,0.0515,2号艇の一般戦勝率,-0.0472,4号艇のclass_rank_2to6,0.1072,4号艇のモーター2連率,0.0996,6号艇の直近1着率,0.089,4号艇のsession_exh_rel_avg,0.0865,4号艇のwin_rate_rank_2to6,-0.072,0.107,東 2.3m/s,[逃げ]1号艇のdominanceが有利(+17.7pt)、race_noが有利(+10.6pt) / [2着]2号艇のwin_rate_rank_2to6が有利(+14.8pt)、2号艇のsession_exh_rel_avgが有利(+11.7pt) / [候補2]4号艇のclass_rank_2to6が有利(+10.7pt)、4号艇のモーター2連率が有利(+10.0pt)、天気+10.7pt
65,19,下関,9,19:16,0.6646797450744238,3,0.46375569918852455,2,0.1912424246674177,0.4353639859887936,0.16268702230093668,0.49231110155500557,0.35037030139169334,0.45244812065865714,1-3,1-2,0.1271149660753539,0.30824901991343967,0.07211890535720548,0.1081347685099037,0.04906210007527108,True,False,False,False,予選,2026-09-15,1号艇のdominance,0.1629,1号艇の勝率順位,0.085,1号艇の級別順位,-0.083,場特性:in_escape_diff,0.0751,2号艇の平均ST,-0.0713,3号艇のwin_rate_rank_2to6,0.174,3号艇のsession_exh_rel_avg,0.0701,6号艇の直近1着率,0.0613,場特性:1x_diff_course3,0.0519,3号艇のclass_rank_2to6,0.044,2号艇のwin_rate_rank_2to6,-0.1376,2号艇のsession_exh_rel_avg,-0.1165,2号艇の全国勝率,0.0638,2号艇のclass_rank_2to6,-0.0469,2号艇のcumulative_diff_rank_2to6,-0.0396,0.1109,北 2.9m/s,[逃げ]1号艇のdominanceが有利(+16.3pt)、1号艇の勝率順位が有利(+8.5pt) / [2着]3号艇のwin_rate_rank_2to6が有利(+17.4pt)、3号艇のsession_exh_rel_avgが有利(+7.0pt) / [候補2]2号艇のwin_rate_rank_2to6が不利(-13.8pt)、2号艇のsession_exh_rel_avgが不利(-11.6pt)、天気+11.1pt
66,22,福岡,7,14:45,0.547282329899763,3,0.4788245764989528,2,0.3098158798459361,0.4316089864016432,0.1610071109604803,0.6276333453844087,0.3482184472435114,0.4904162940964728,1-3,1-2,0.16955675656202895,0.2620522298396142,0.08811634681688132,0.017557436054683788,0.009999543806573918,True,True,False,False,予選,2026-09-15,1号艇のlocal_win_rate順位,-0.0608,4号艇のsession_avg_finish,-0.0501,4号艇のsession_exh_rel_avg,-0.05,1号艇のdominance,0.0458,1号艇の直近1着率順位,0.0457,3号艇のwin_rate_rank_2to6,0.1979,3号艇のsession_exh_rel_avg,-0.0663,風向(度),0.0608,5号艇の直近平均着順,0.059,場特性:1x_diff_course3,0.0585,2号艇のsession_exh_rel_avg,0.1355,5号艇のsession_avg_finish,-0.0628,場特性:1x_diff_course2,0.0518,2号艇のwin_rate_rank_2to6,-0.0412,2号艇のsession_avg_finish,0.04,0.0633,北 4.7m/s,[逃げ]1号艇のlocal_win_rate順位が不利(-6.1pt)、4号艇のsession_avg_finishが不利(-5.0pt) / [2着]3号艇のwin_rate_rank_2to6が有利(+19.8pt)、3号艇のsession_exh_rel_avgが不利(-6.6pt) / [候補2]2号艇のsession_exh_rel_avgが有利(+13.6pt)、5号艇のsession_avg_finishが不利(-6.3pt) / [除外]5号艇の直近平均着順が不利(-23.5pt)、1号艇vs5号艇の勝率差が不利(-5.9pt)、天気+6.3pt
67,19,下関,8,18:46,0.5202933502625708,3,0.46593199796893836,2,0.30155036655478895,0.39931597070548974,0.10791022618996113,0.6595721383337662,0.3476076386413778,0.4773928209939726,1-3,1-2,0.15689465048769743,0.24242132021779228,0.056144973111966694,0.05211629371295466,0.012716104010062828,True,False,False,False,予選,2026-09-15,場特性:in_escape_diff,0.1032,1号艇の体重,-0.0773,4号艇のモーター2連率,-0.0649,1号艇の年齢,0.0645,1号艇のモーター2連率順位,0.0559,3号艇のwin_rate_rank_2to6,0.2153,3号艇のsession_exh_rel_avg,0.1185,3号艇の全国勝率,0.0605,3号艇のclass_rank_2to6,0.0449,場特性:1x_diff_course3,0.0428,2号艇のsession_exh_rel_avg,0.0997,2号艇のclass_rank_2to6,0.0662,2号艇のsession_exh_rel_last,0.0422,2号艇のcumulative_diff_rank_2to6,-0.0348,2号艇のwin_rate_rank_2to6,-0.0314,0.1094,北 3.1m/s,[逃げ]場特性:in_escape_diffが有利(+10.3pt)、1号艇の体重が不利(-7.7pt) / [2着]3号艇のwin_rate_rank_2to6が有利(+21.5pt)、3号艇のsession_exh_rel_avgが有利(+11.9pt) / [候補2]2号艇のsession_exh_rel_avgが有利(+10.0pt)、2号艇のclass_rank_2to6が有利(+6.6pt) / [除外]4号艇の年齢が不利(-6.6pt)、天気+10.9pt
68,20,若松,1,15:22,0.5438319415331625,2,0.6160436786804289,4,0.12344927062672378,0.4021598863717934,0.11639290968104218,0.6231000396261105,0.34598961517362103,0.4684419323480885,1-2,1-4,0.3350242298460093,0.060688283527939146,0.067135656525784,0.06329818205253519,0.017685583503099317,True,False,False,False,一般戦,2026-09-15,1号艇の女子戦比率,-0.2734,4号艇のsession_exh_rel_last,-0.209,1号艇のdominance,0.1789,1号艇のsession_exh_rel_avg,0.0928,1号艇の勝率順位,0.0781,2号艇のwin_rate_rank_2to6,0.2277,second_best_win_rate,0.0754,1号艇vs6号艇のcumulative差,0.0567,3号艇の全国勝率,-0.0566,1号艇vs3号艇の枠別平均ST差,-0.055,4号艇のwin_rate_rank_2to6,-0.164,4号艇のracer_avgfin_te,-0.0967,1号艇vs4号艇のcumulative差,-0.0948,4号艇の全国勝率,-0.0943,3号艇のsession_exh_rel_delta,0.0746,0.0821,北 3.1m/s,[逃げ]1号艇の女子戦比率が不利(-27.3pt)、4号艇のsession_exh_rel_lastが不利(-20.9pt) / [2着]2号艇のwin_rate_rank_2to6が有利(+22.8pt)、second_best_win_rateが有利(+7.5pt) / [候補2]4号艇のwin_rate_rank_2to6が不利(-16.4pt)、4号艇のracer_avgfin_teが不利(-9.7pt)、天気+8.2pt
69,20,若松,5,17:15,0.6273107862158874,2,0.371611447454131,4,0.35061242410537957,0.4530588246918787,0.20787875673627526,0.5143451148232354,0.3400412584454637,0.47144471173128566,1-2,1-4,0.23311586926927486,0.13040458632581403,0.2199429554226038,0.0429257968832683,0.0009215921903579381,True,False,False,False,戦隊,2026-09-15,1号艇の女子戦比率,-0.1747,1号艇のdominance,0.1474,6号艇の枠別出走数,-0.1002,ST差分(6-5),0.0917,1号艇の勝率順位,0.0696,2号艇のsession_exh_rel_avg,-0.1311,2号艇のwin_rate_rank_2to6,0.0774,2号艇のclass_rank_2to6,0.0633,2号艇の全国勝率,0.0452,2号艇のモーター2連率,-0.039,4号艇のwin_rate_rank_2to6,0.1722,4号艇のclass_rank_2to6,0.1006,4号艇のcumulative_diff_rank_2to6,0.0758,4号艇の節間得点,0.0668,4号艇のsession_exh_rel_avg,0.0655,0.0751,北 3.9m/s,[逃げ]1号艇の女子戦比率が不利(-17.5pt)、1号艇のdominanceが有利(+14.7pt) / [2着]2号艇のsession_exh_rel_avgが不利(-13.1pt)、2号艇のwin_rate_rank_2to6が有利(+7.7pt) / [候補2]4号艇のwin_rate_rank_2to6が有利(+17.2pt)、4号艇のclass_rank_2to6が有利(+10.1pt) / [除外]6号艇の直近平均着順が不利(-22.9pt)、6号艇の節間得点が不利(-13.3pt)、天気+7.5pt
70,18,徳山,2,11:08,0.7883793754181676,2,0.3493913706406988,4,0.24899247013982806,0.47175347865487605,0.23677901662262668,0.3616048241579002,0.3377118889378302,0.4387088823057833,1-2,1-4,0.27545295056221164,0.18667169323707436,0.1963005280926644,0.0953777134149208,0.034576495985180554,True,True,False,False,予選,2026-09-15,場特性:in_escape_diff,0.2492,1号艇のsession_exh_rel_avg,0.1644,1号艇の節間得点,0.1017,1号艇のracer_win_te,0.093,1号艇のdominance,0.0722,2号艇のwin_rate_rank_2to6,-0.1458,2号艇のsession_exh_rel_avg,0.0926,2号艇のclass_rank_2to6,-0.0665,2号艇の全国勝率,0.0595,場特性:in_escape_diff,0.0565,4号艇のwin_rate_rank_2to6,0.1881,4号艇のsession_exh_rel_avg,0.1101,4号艇の全国勝率,0.1079,4号艇のclass_rank_2to6,-0.0635,5号艇の枠別勝率,-0.0306,0.0316,南 2.2m/s,[逃げ]場特性:in_escape_diffが有利(+24.9pt)、1号艇のsession_exh_rel_avgが有利(+16.4pt) / [2着]2号艇のwin_rate_rank_2to6が不利(-14.6pt)、2号艇のsession_exh_rel_avgが有利(+9.3pt) / [候補2]4号艇のwin_rate_rank_2to6が有利(+18.8pt)、4号艇のsession_exh_rel_avgが有利(+11.0pt) / [除外]6号艇のwin_rate_rank_2to6が不利(-6.3pt)、天気+3.2pt
71,07,蒲郡,2,15:48,0.3885120705585574,2,0.4674466302964064,3,0.43653731815564717,0.35120867556480756,0.03558852548103068,0.8683954229710229,0.33620987688541093,0.5063646997866721,1-2,1-3,0.18160865821207733,0.16960001735273023,0.012807929686626683,0.010668898649982812,0.013826571722761211,True,False,False,False,予選,2026-09-15,1号艇のdominance,-0.2188,1号艇のracer_win_te,-0.149,1号艇のsession_exh_rel_avg,0.1458,1号艇の年齢,0.0832,1号艇の級別順位,-0.0809,2号艇のclass_rank_2to6,0.083,2号艇のracer_avgfin_te,0.0761,2号艇の一般戦勝率,-0.0638,2号艇のモーター2連率,0.0625,4号艇のsession_rank_diff_delta,-0.0546,3号艇のwin_rate_rank_2to6,0.1915,場特性:1x_diff_course3,0.0464,1号艇vs2号艇のplace_rate差,0.0451,3号艇のclass_rank_2to6,0.0441,4号艇のsession_rank_diff_last,-0.0429,-0.0023,東 2.3m/s,[逃げ]1号艇のdominanceが不利(-21.9pt)、1号艇のracer_win_teが不利(-14.9pt) / [2着]2号艇のclass_rank_2to6が有利(+8.3pt)、2号艇のracer_avgfin_teが有利(+7.6pt) / [候補2]3号艇のwin_rate_rank_2to6が有利(+19.2pt)、場特性:1x_diff_course3が有利(+4.6pt) / [除外]4号艇のracer_avgfin_teが不利(-6.9pt)、4号艇のwin_rate_rank_2to6が不利(-5.8pt)、天気影響ほぼなし
72,08,常滑,1,10:43,0.5594366088689944,4,0.39581428719280953,2,0.32991416594132905,0.4059990647811034,0.1433992924606804,0.5823291606734582,0.33613509042593365,0.45889809354880984,1-4,1-2,0.18456606221205982,0.08022281388841619,0.2214330025690436,0.0632482740659136,0.009966447276290098,False,False,True,False,朝トコ小判Ｒ,2026-09-15,1号艇のdominance,0.3212,1号艇の勝率順位,0.0904,1号艇vs4号艇のcumulative差,-0.0794,場特性:in_escape_diff,0.0712,ST差分(4-3),-0.067,4号艇のwin_rate_rank_2to6,0.2073,4号艇の節間得点,0.1059,4号艇のsession_exh_rel_avg,0.0956,4号艇のclass_rank_2to6,-0.0692,4号艇のcumulative_diff_rank_2to6,0.0608,2号艇の女子戦比率,-0.0663,2号艇の全国勝率,-0.0591,3号艇のracer_2nd_te,0.0591,2号艇のwin_rate_rank_2to6,0.0557,second_best_win_rate,0.0544,-0.0073,南西 2.4m/s,[逃げ]1号艇のdominanceが有利(+32.1pt)、1号艇の勝率順位が有利(+9.0pt) / [2着]4号艇のwin_rate_rank_2to6が有利(+20.7pt)、4号艇の節間得点が有利(+10.6pt) / [候補2]2号艇の女子戦比率が不利(-6.6pt)、2号艇の全国勝率が不利(-5.9pt) / [除外]6号艇のracer_win_teが不利(-10.8pt)、6号艇のwin_rate_rank_2to6が不利(-7.9pt)、天気-0.7pt
73,09,津,9,14:35,0.4471504615644814,3,0.5650250341637992,4,0.2603297112268269,0.3690577553558535,0.07620783731644937,0.7491469080741768,0.3353076432992141,0.4830845011713505,1-3,1-4,0.034076369630881245,0.2526512048218297,0.11640655053402381,0.018611107209628306,0.025405225203705206,True,True,False,False,予選特賞,2026-09-15,1号艇の級別順位,-0.094,1号艇の勝率順位,-0.0821,1号艇vs3号艇のcumulative差,-0.074,2号艇の全国2連率,-0.0637,風速区分,0.0518,3号艇のwin_rate_rank_2to6,0.1558,3号艇のモーター2連率,0.1296,6号艇のモーター出走数,0.0921,3号艇のsession_exh_rel_avg,-0.0858,3号艇の節間得点,0.0726,4号艇のclass_rank_2to6,0.1637,4号艇のwin_rate_rank_2to6,0.075,4号艇の全国勝率,0.0732,5号艇の体重,0.054,4号艇の年齢,-0.0501,0.094,北西 1.9m/s,[逃げ]1号艇の級別順位が不利(-9.4pt)、1号艇の勝率順位が不利(-8.2pt) / [2着]3号艇のwin_rate_rank_2to6が有利(+15.6pt)、3号艇のモーター2連率が有利(+13.0pt) / [候補2]4号艇のclass_rank_2to6が有利(+16.4pt)、4号艇のwin_rate_rank_2to6が有利(+7.5pt) / [除外]2号艇のwin_rate_rank_2to6が不利(-7.0pt)、5号艇のracer_avgfin_teが不利(-5.5pt)、天気+9.4pt
74,10,三国,12,14:11,0.6700573986366434,2,0.36481999996724435,3,0.2599834656872729,0.4186541848556251,0.17597629298635062,0.4488271726681665,0.33024633106268675,0.42770608119938747,1-2,1-3,0.24445034014867206,0.1742038447069531,0.08170373818361544,0.11791421710015389,0.051785258497248916,True,True,False,False,優勝戦,2026-09-15,1号艇のracer_win_te,0.1237,1号艇のsession_exh_rel_avg,0.1168,風速区分,-0.1138,1号艇のdominance,0.1112,1号艇の級別順位,0.0855,2号艇の枠別出走数,-0.1331,2号艇のsession_exh_rel_avg,-0.093,2号艇の全国勝率,0.0485,2号艇のwin_rate_rank_2to6,-0.0371,3号艇のsession_exh_rel_avg,0.0364,3号艇のwin_rate_rank_2to6,-0.1183,3号艇のsession_rank_diff_last,0.0631,3号艇のsession_exh_rel_last,-0.0482,3号艇のcumulative_diff_rank_2to6,-0.0475,3号艇の節間得点,0.0436,-0.0356,北東 6.8m/s,[逃げ]1号艇のracer_win_teが有利(+12.4pt)、1号艇のsession_exh_rel_avgが有利(+11.7pt) / [2着]2号艇の枠別出走数が不利(-13.3pt)、2号艇のsession_exh_rel_avgが不利(-9.3pt) / [候補2]3号艇のwin_rate_rank_2to6が不利(-11.8pt)、3号艇のsession_rank_diff_lastが有利(+6.3pt) / [除外]4号艇のwin_rate_rank_2to6が不利(-5.2pt)、天気-3.6pt
75,19,下関,2,15:54,0.6746256705336917,3,0.3093712712342197,2,0.29636415123979865,0.40864466555254364,0.1705845630556373,0.43515085941838105,0.3249944994905864,0.41659652371229483,1-3,1-2,0.1999348642522976,0.20870980130024608,0.07070286379137194,0.11508072523410612,0.08019741092931705,True,False,False,False,予選,2026-09-15,1号艇のdominance,-0.1471,場特性:in_escape_diff,0.0859,1号艇の年齢,-0.0698,2号艇の体重,0.0549,1号艇の全国勝率,-0.0544,3号艇のsession_exh_rel_avg,-0.1793,3号艇のwin_rate_rank_2to6,-0.0777,3号艇の当地勝率,-0.0527,3号艇の全国勝率,0.0438,場特性:1x_diff_course3,0.0416,2号艇のwin_rate_rank_2to6,-0.1572,2号艇のsession_exh_rel_avg,-0.1282,2号艇の節間得点,-0.0803,1号艇の年齢,0.0611,2号艇のclass_rank_2to6,-0.052,0.0389,北西 2.7m/s,[逃げ]1号艇のdominanceが不利(-14.7pt)、場特性:in_escape_diffが有利(+8.6pt) / [2着]3号艇のsession_exh_rel_avgが不利(-17.9pt)、3号艇のwin_rate_rank_2to6が不利(-7.8pt) / [候補2]2号艇のwin_rate_rank_2to6が不利(-15.7pt)、2号艇のsession_exh_rel_avgが不利(-12.8pt) / [除外]6号艇のsession_exh_rel_avgが不利(-5.5pt)、4号艇のwin_rate_rank_2to6が不利(-5.4pt)、天気+3.9pt
76,06,浜名湖,8,15:03,0.5275883776287714,2,0.420878840170198,4,0.3374604551894038,0.400090998530918,0.15709802575064952,0.6012412696089522,0.32466679134314214,0.4604360798543282,1-2,1-4,0.22205078446367374,0.03619035087370019,0.17804021406724427,0.08288309253446813,0.008423941094589674,True,False,False,False,ブレイクタイ,2026-09-15,1号艇のdominance,0.1661,1号艇のsession_exh_rel_avg,-0.1107,1号艇のvs_max234_diff,0.0728,1号艇vs3号艇のplace_rate差,0.0706,1号艇の勝率順位,0.0699,3号艇のracer_2nd_te,0.0925,2号艇のsession_exh_rel_avg,-0.0749,2号艇のwin_rate_rank_2to6,0.0652,3号艇の全国勝率,-0.0594,second_best_win_rate,0.0585,4号艇のwin_rate_rank_2to6,0.2083,4号艇のclass_rank_2to6,0.2057,4号艇の年齢,-0.0667,5号艇の一般戦2連率,-0.0615,4号艇のcumulative_diff_rank_2to6,0.055,0.006,東 1.4m/s,[逃げ]1号艇のdominanceが有利(+16.6pt)、1号艇のsession_exh_rel_avgが不利(-11.1pt) / [2着]3号艇のracer_2nd_teが有利(+9.3pt)、2号艇のsession_exh_rel_avgが不利(-7.5pt) / [候補2]4号艇のwin_rate_rank_2to6が有利(+20.8pt)、4号艇のclass_rank_2to6が有利(+20.6pt) / [除外]3号艇のracer_2nd_teが不利(-6.7pt)、6号艇のwin_rate_rank_2to6が不利(-6.5pt)、天気+0.6pt
77,18,徳山,3,11:38,0.5303209324351158,3,0.3999820272158113,2,0.33871417144217053,0.3917460568585765,0.15513811037161723,0.5835580882863647,0.31881636525069046,0.4492896662869129,1-3,1-2,0.17962721522819955,0.2121188416303769,0.08227298734849796,0.036995658660554986,0.01930623351868523,True,True,False,False,予選,2026-09-15,場特性:in_escape_diff,0.2067,1号艇のsession_exh_rel_avg,-0.1966,1号艇のracer_win_te,0.1869,1号艇vs2号艇のcumulative差,-0.0939,1号艇の節間得点,-0.0854,3号艇のsession_exh_rel_avg,0.0935,3号艇のwin_rate_rank_2to6,-0.0837,6号艇のracer_2nd_te,-0.0617,3号艇のcumulative_diff_rank_2to6,0.0529,1号艇のsession_exh_rel_avg,0.047,2号艇のsession_exh_rel_avg,-0.1644,場特性:in_escape_diff,0.0654,1号艇の一般戦勝率,-0.0591,2号艇の全国勝率,0.0574,2号艇のclass_rank_2to6,-0.0461,0.0377,南西 2.3m/s,[逃げ]場特性:in_escape_diffが有利(+20.7pt)、1号艇のsession_exh_rel_avgが不利(-19.7pt) / [2着]3号艇のsession_exh_rel_avgが有利(+9.3pt)、3号艇のwin_rate_rank_2to6が不利(-8.4pt) / [候補2]2号艇のsession_exh_rel_avgが不利(-16.4pt)、場特性:in_escape_diffが有利(+6.5pt) / [除外]local_win_rateの分散(2-6号艇)が不利(-10.2pt)、天気+3.8pt
78,18,徳山,9,14:50,0.5361446752017682,3,0.37039403539692606,2,0.3467043707338623,0.3844684920426972,0.14235874955146355,0.5747396565793248,0.318789547519735,0.4415498414036855,1-3,1-2,0.18588370223814005,0.19858478980455715,0.05865227834020228,0.07632488554039929,0.016699025270353093,True,True,False,False,予選,2026-09-15,場特性:in_escape_diff,0.2223,1号艇のsession_exh_rel_avg,-0.1428,1号艇のracer_win_te,0.0915,1号艇の節間得点,-0.0904,1号艇vs4号艇の枠別平均ST差,-0.0876,3号艇の当地勝率,0.0735,3号艇のwin_rate_rank_2to6,0.0586,3号艇の全国勝率,0.0479,3号艇の節間得点,0.047,3号艇のcumulative_diff_rank_2to6,0.0417,2号艇のsession_exh_rel_avg,0.0876,2号艇の当地勝率,0.0801,場特性:in_escape_diff,0.0678,2号艇の全国勝率,0.0649,2号艇のclass_rank_2to6,-0.0543,0.1097,北東 1.6m/s,[逃げ]場特性:in_escape_diffが有利(+22.2pt)、1号艇のsession_exh_rel_avgが不利(-14.3pt) / [2着]3号艇の当地勝率が有利(+7.4pt)、3号艇のwin_rate_rank_2to6が有利(+5.9pt) / [候補2]2号艇のsession_exh_rel_avgが有利(+8.8pt)、2号艇の当地勝率が有利(+8.0pt) / [除外]6号艇のwin_rate_rank_2to6が不利(-6.0pt)、天気+11.0pt
79,22,福岡,6,14:15,0.5804506301219458,2,0.33616528114846206,3,0.32588365104917427,0.38428671986567936,0.1457609633211544,0.516287968876482,0.31706991689070174,0.42388709456892015,1-2,1-3,0.19512734926774586,0.1891593705979335,0.0846070430069459,0.07073968896088155,0.04081718045078602,True,True,False,False,予選,2026-09-15,1号艇のdominance,0.1736,5号艇の枠別出走数,-0.172,風向(度),-0.1166,1号艇の勝率順位,0.0923,1号艇のvs_max234_diff,0.0877,2号艇のwin_rate_rank_2to6,-0.1418,2号艇のsession_exh_rel_avg,0.0793,2号艇の直近平均着順,-0.0604,2号艇の全国勝率,-0.057,場特性:1x_diff_course2,0.0559,3号艇のモーター2連率,0.0648,3号艇のsession_exh_rel_avg,-0.061,3号艇のcumulative_diff_rank_2to6,-0.0515,3号艇のwin_rate_rank_2to6,0.0462,3号艇のsession_exh_rel_last,-0.0436,-0.0623,北 4.8m/s,[逃げ]1号艇のdominanceが有利(+17.4pt)、5号艇の枠別出走数が不利(-17.2pt) / [2着]2号艇のwin_rate_rank_2to6が不利(-14.2pt)、2号艇のsession_exh_rel_avgが有利(+7.9pt) / [候補2]3号艇のモーター2連率が有利(+6.5pt)、3号艇のsession_exh_rel_avgが不利(-6.1pt)、天気-6.2pt
80,12,住之江,6,17:31,0.7272953466232159,2,0.35316710137338714,6,0.2240199393175936,0.41978544882577506,0.21125936843065432,0.3659276722603264,0.3133651182714007,0.40362811585614045,1-2,1-6,0.25685678940927403,0.1536479555901744,0.1297803387356893,0.02408161837320175,0.16292865941650103,True,False,False,False,一般戦,2026-09-15,1号艇のdominance,0.1587,1号艇のracer_win_te,0.1098,1号艇の勝率順位,0.0853,1号艇の級別順位,0.078,風速区分,0.0719,2号艇のsession_rank_diff_last,0.161,3号艇の当地2連率,0.0873,2号艇のsession_exh_rel_avg,0.0781,3号艇のracer_2nd_te,0.0723,6号艇のracer_win_te,0.0534,6号艇のwin_rate_rank_2to6,0.3219,6号艇のclass_rank_2to6,0.2187,1号艇vs6号艇のcumulative差,0.1634,6号艇の節間得点,0.1357,6号艇の当地2連率,0.1007,0.0672,北 0.9m/s,[逃げ]1号艇のdominanceが有利(+15.9pt)、1号艇のracer_win_teが有利(+11.0pt) / [2着]2号艇のsession_rank_diff_lastが有利(+16.1pt)、3号艇の当地2連率が有利(+8.7pt) / [候補2]6号艇のwin_rate_rank_2to6が有利(+32.2pt)、6号艇のclass_rank_2to6が有利(+21.9pt)、天気+6.7pt
81,08,常滑,12,16:25,0.6477691694268881,4,0.33958569035339914,5,0.32353679945979075,0.4295503044545801,0.22591988361764187,0.437202606195548,0.31309755870621847,0.4318459949768705,1-4,1-5,0.06045940997040158,0.1463439353680191,0.21997314058947778,0.2095771638651023,0.011415508171528364,True,False,False,False,予選特選,2026-09-15,1号艇の女子戦比率,-0.1621,4号艇の枠別出走数,-0.1426,1号艇のdominance,0.1321,1号艇のracer_win_te,0.1216,1号艇の級別順位,0.0829,4号艇の一般戦2連率,0.1341,4号艇のclass_rank_2to6,-0.0925,4号艇の全国勝率,0.0872,4号艇のwin_rate_rank_2to6,0.0864,2号艇の一般戦2連率,0.0675,5号艇のwin_rate_rank_2to6,0.238,5号艇のclass_rank_2to6,0.1436,5号艇のsession_exh_rel_avg,0.1179,1号艇vs5号艇のlocal_win_rate差,0.082,5号艇の節間得点,0.0665,0.0336,北 4.5m/s,[逃げ]1号艇の女子戦比率が不利(-16.2pt)、4号艇の枠別出走数が不利(-14.3pt) / [2着]4号艇の一般戦2連率が有利(+13.4pt)、4号艇のclass_rank_2to6が不利(-9.3pt) / [候補2]5号艇のwin_rate_rank_2to6が有利(+23.8pt)、5号艇のclass_rank_2to6が有利(+14.4pt) / [除外]6号艇のsession_exh_rel_avgが不利(-5.9pt)、2号艇のwin_rate_rank_2to6が不利(-5.5pt)、天気+3.4pt
82,07,蒲郡,4,16:40,0.5564716167925126,3,0.44970295800686116,2,0.2634020731295975,0.39682270961938015,0.17761900841289335,0.5354860227235653,0.312242802181406,0.43842170355063564,1-3,1-2,0.14657577750092676,0.2502469321184534,0.09883993678460565,0.01931344890612037,0.04149551111731477,True,False,False,False,予選,2026-09-15,1号艇のracer_win_te,-0.1051,1号艇の級別順位,-0.0836,1号艇のdominance,-0.0832,1号艇の年齢,0.0734,1号艇の全国勝率,-0.0679,3号艇のwin_rate_rank_2to6,0.147,3号艇のsession_exh_rel_avg,0.0997,3号艇の全国勝率,0.0411,2号艇の節間得点,0.0411,1号艇のsession_rank_diff_last,0.0339,2号艇のsession_exh_rel_avg,-0.1233,2号艇のclass_rank_2to6,0.0749,2号艇の全国勝率,0.0666,2号艇のsession_avg_finish,-0.0639,2号艇の一般戦勝率,-0.0554,0.0463,東 2.3m/s,[逃げ]1号艇のracer_win_teが不利(-10.5pt)、1号艇の級別順位が不利(-8.4pt) / [2着]3号艇のwin_rate_rank_2to6が有利(+14.7pt)、3号艇のsession_exh_rel_avgが有利(+10.0pt) / [候補2]2号艇のsession_exh_rel_avgが不利(-12.3pt)、2号艇のclass_rank_2to6が有利(+7.5pt) / [除外]5号艇のracer_win_teが不利(-6.2pt)、5号艇のsession_exh_rel_avgが不利(-5.6pt)、天気+4.6pt
83,18,徳山,4,12:10,0.5773020909413266,2,0.45570379167791325,3,0.23782629317075624,0.4003763681138525,0.2023613499376824,0.4911687349109871,0.3031515253122537,0.4276140781529929,1-2,1-3,0.26307875178555,0.1372976163283025,0.11682363044473354,0.0513867435869582,0.008715363043625747,True,True,False,False,予選,2026-09-15,場特性:in_escape_diff,0.2849,3号艇のracer_win_te,-0.1025,1号艇の級別順位,0.0684,1号艇のracer_win_te,0.0669,場特性:1x_diff_course2,0.0605,2号艇のsession_exh_rel_avg,0.0953,2号艇のモーター2連率,0.0756,2号艇の全国勝率,0.0732,場特性:in_escape_diff,0.0656,2号艇のclass_rank_2to6,-0.0463,3号艇の当地勝率,0.096,3号艇の節間得点,-0.0889,3号艇のwin_rate_rank_2to6,0.0666,場特性:1x_diff_course3,0.0558,3号艇のcumulative_diff_rank_2to6,-0.0492,0.0277,南西 2.1m/s,[逃げ]場特性:in_escape_diffが有利(+28.5pt)、3号艇のracer_win_teが不利(-10.2pt) / [2着]2号艇のsession_exh_rel_avgが有利(+9.5pt)、2号艇のモーター2連率が有利(+7.6pt) / [候補2]3号艇の当地勝率が有利(+9.6pt)、3号艇の節間得点が不利(-8.9pt) / [除外]3号艇のracer_avgfin_teが不利(-7.4pt)、6号艇のwin_rate_rank_2to6が不利(-5.1pt)、天気+2.8pt
84,07,蒲郡,6,17:37,0.37511913408747877,2,0.4959425738957496,4,0.38112024216334606,0.32900304410041364,0.0805697936988333,0.7964930223602623,0.2971937952330635,0.46925003757836825,1-2,1-4,0.18603754887688903,0.03022327124591315,0.14296549522352459,0.013146125016188828,0.002746695471747761,True,False,False,False,予選,2026-09-15,1号艇の節間得点,0.1122,1号艇vs4号艇の枠別勝率差,-0.0958,1号艇の年齢,0.0938,1号艇vs4号艇の枠別平均ST差,-0.0822,1号艇のdominance,0.0762,2号艇のsession_exh_rel_avg,0.1578,3号艇のracer_2nd_te,0.0878,2号艇のsession_exh_rel_last,0.0601,2号艇のclass_rank_2to6,0.0562,4号艇のモーター2連率,0.055,4号艇のclass_rank_2to6,0.193,4号艇のwin_rate_rank_2to6,0.1822,4号艇の全国勝率,0.068,4号艇の年齢,0.0581,3号艇のsession_exh_rel_delta,0.0504,-0.0039,東 2.3m/s,[逃げ]1号艇の節間得点が有利(+11.2pt)、1号艇vs4号艇の枠別勝率差が不利(-9.6pt) / [2着]2号艇のsession_exh_rel_avgが有利(+15.8pt)、3号艇のracer_2nd_teが有利(+8.8pt) / [候補2]4号艇のclass_rank_2to6が有利(+19.3pt)、4号艇のwin_rate_rank_2to6が有利(+18.2pt) / [除外]2号艇の直近1着率が不利(-8.6pt)、6号艇のwin_rate_rank_2to6が不利(-6.9pt)、天気-0.4pt
85,04,平和島,11,16:04,0.6908519058734784,4,0.34021797786097907,2,0.2396330589295178,0.4005911938894272,0.2160768021154261,0.36377423467507075,0.29672103693195356,0.38954610612512025,1-4,1-2,0.16555095547174895,0.11540109198538163,0.2350402384176783,0.1492770705564886,0.02558256874436025,True,False,False,False,予選特選,2026-09-15,1号艇のdominance,0.2844,場特性:in_escape_diff,-0.1472,風速区分,0.0925,1号艇のvs_max234_diff,0.0782,5号艇のsession_exh_rel_avg,-0.0729,4号艇のclass_rank_2to6,0.0786,4号艇のsession_exh_rel_avg,0.0693,4号艇のwin_rate_rank_2to6,-0.0684,4号艇の年齢,0.0532,4号艇のcumulative_diff_rank_2to6,0.0505,2号艇のwin_rate_rank_2to6,0.174,2号艇のsession_exh_rel_avg,-0.133,2号艇のclass_rank_2to6,-0.0735,2号艇の全国勝率,0.046,レース時間帯,-0.0414,0.1303,北西 1.2m/s,[逃げ]1号艇のdominanceが有利(+28.4pt)、場特性:in_escape_diffが不利(-14.7pt) / [2着]4号艇のclass_rank_2to6が有利(+7.9pt)、4号艇のsession_exh_rel_avgが有利(+6.9pt) / [候補2]2号艇のwin_rate_rank_2to6が有利(+17.4pt)、2号艇のsession_exh_rel_avgが不利(-13.3pt) / [除外]6号艇のwin_rate_rank_2to6が不利(-6.8pt)、6号艇のsession_exh_rel_avgが不利(-5.4pt)、天気+13.0pt
86,06,浜名湖,9,15:36,0.6800496646479173,2,0.32941403060387076,3,0.22576190620162878,0.3775472096451733,0.18327589944999356,0.37190003735550603,0.294512844326108,0.37585305795827306,1-2,1-3,0.22401790104248107,0.1535293086026922,0.12463671395901353,0.11060642799616648,0.06725931304756394,True,False,False,False,一般特選,2026-09-15,1号艇のdominance,0.1566,1号艇のsession_exh_rel_avg,0.1229,1号艇のvs_max234_diff,0.0774,1号艇の一般戦勝率,0.0689,1号艇の級別順位,0.0621,5号艇のsession_rank_diff_last,-0.2091,2号艇のwin_rate_rank_2to6,0.0782,2号艇のsession_exh_rel_avg,-0.0659,6号艇のsession_rank_diff_delta,-0.0572,second_best_win_rate,0.0571,3号艇のsession_exh_rel_avg,-0.1205,3号艇のwin_rate_rank_2to6,-0.1089,3号艇の当地勝率,-0.0637,3号艇のcumulative_diff_rank_2to6,-0.0543,3号艇の節間得点,-0.0484,-0.0258,東 1.8m/s,[逃げ]1号艇のdominanceが有利(+15.7pt)、1号艇のsession_exh_rel_avgが有利(+12.3pt) / [2着]5号艇のsession_rank_diff_lastが不利(-20.9pt)、2号艇のwin_rate_rank_2to6が有利(+7.8pt) / [候補2]3号艇のsession_exh_rel_avgが不利(-12.1pt)、3号艇のwin_rate_rank_2to6が不利(-10.9pt) / [除外]4号艇のwin_rate_rank_2to6が不利(-5.2pt)、天気-2.6pt
87,08,常滑,11,15:46,0.6152842506378292,2,0.3891767989154087,4,0.23010873854017588,0.38103663784420466,0.1944585075513954,0.4248270299041892,0.292121658743102,0.3941737554622,1-2,1-4,0.23945435508629637,0.11964725709891097,0.1415822827579083,0.11065762413246816,0.003942721534253461,True,False,False,False,予選特選,2026-09-15,1号艇のdominance,0.1835,1号艇vs6号艇のplace_rate差,-0.1535,1号艇の女子戦比率,-0.1311,5号艇の節間得点,-0.1163,1号艇のracer_win_te,0.1154,2号艇のwin_rate_rank_2to6,0.0815,3号艇のracer_2nd_te,0.0685,2号艇の全国勝率,0.0557,2号艇のsession_exh_rel_avg,-0.0528,2号艇のcumulative_diff_rank_2to6,-0.0429,4号艇のwin_rate_rank_2to6,-0.0925,4号艇のsession_exh_rel_avg,-0.0745,4号艇のclass_rank_2to6,0.0624,4号艇の年齢,0.0513,4号艇の直近複勝率,0.0497,-0.0149,北 4.6m/s,[逃げ]1号艇のdominanceが有利(+18.4pt)、1号艇vs6号艇のplace_rate差が不利(-15.4pt) / [2着]2号艇のwin_rate_rank_2to6が有利(+8.2pt)、3号艇のracer_2nd_teが有利(+6.9pt) / [候補2]4号艇のwin_rate_rank_2to6が不利(-9.2pt)、4号艇のsession_exh_rel_avgが不利(-7.4pt) / [除外]6号艇のvs_avg456_diffが不利(-12.8pt)、6号艇のracer_win_teが不利(-12.3pt)、天気-1.5pt
88,14,鳴門,5,10:28,0.39884772815674385,2,0.5667527951870437,3,0.22978265006411047,0.3176963527347433,0.07293294247591045,0.7236025027752437,0.28989171695217175,0.4394681977468934,1-2,1-3,0.22604806478683673,0.09164828794790654,0.02893265383634483,0.02908913841430337,0.023129590600470273,False,False,True,False,予選,2026-09-15,1号艇の女子戦比率,-0.2495,場特性:in_escape_diff,-0.1713,1号艇のdominance,0.1574,1号艇の勝率順位,0.0925,1号艇の年齢,-0.0851,2号艇のwin_rate_rank_2to6,0.0685,風向(度),0.05,4号艇のモーター出走数,-0.0496,2号艇のclass_rank_2to6,-0.0483,2号艇のsession_exh_rel_avg,0.0463,3号艇の女子戦比率,-0.1083,6号艇のracer_2nd_te,-0.0705,3号艇のwin_rate_rank_2to6,-0.0673,3号艇の一般戦2連率,-0.0416,3号艇のモーター2連率,-0.0409,-0.0592,北 6.3m/s,[逃げ]1号艇の女子戦比率が不利(-24.9pt)、場特性:in_escape_diffが不利(-17.1pt) / [2着]2号艇のwin_rate_rank_2to6が有利(+6.9pt)、風向(度)が有利(+5.0pt) / [候補2]3号艇の女子戦比率が不利(-10.8pt)、6号艇のracer_2nd_teが不利(-7.0pt) / [除外]4号艇のracer_avgfin_teが不利(-12.1pt)、4号艇のwin_rate_rank_2to6が不利(-5.7pt)、天気-5.9pt
89,11,琵琶湖,5,12:27,0.6359084643988473,4,0.39233037227681156,2,0.263038042497619,0.4167543222547149,0.2579177424679151,0.39745067230651543,0.2877683215030965,0.410963227270255,1-4,1-2,0.16726811768313962,0.16401207555398925,0.24948620457157533,0.04809807397398677,0.007043984917089506,True,True,False,False,予選,2026-09-15,1号艇の級別順位,-0.1077,風速区分,0.0807,1号艇のracer_win_te,0.0793,1号艇のdominance,0.0772,場特性:in_escape_diff,-0.0747,4号艇のwin_rate_rank_2to6,0.1602,4号艇のclass_rank_2to6,0.1251,4号艇の当地勝率,0.0983,4号艇の全国勝率,0.0635,3号艇の枠別平均ST,0.0582,2号艇のsession_exh_rel_avg,0.0949,2号艇のモーター2連率,0.0775,2号艇のclass_rank_2to6,-0.065,4号艇のracer_2nd_te,-0.0483,2号艇のcumulative_diff_rank_2to6,-0.0403,0.0744,北東 1.2m/s,[逃げ]1号艇の級別順位が不利(-10.8pt)、風速区分が有利(+8.1pt) / [2着]4号艇のwin_rate_rank_2to6が有利(+16.0pt)、4号艇のclass_rank_2to6が有利(+12.5pt) / [候補2]2号艇のsession_exh_rel_avgが有利(+9.5pt)、2号艇のモーター2連率が有利(+7.8pt) / [除外]1号艇のsession_exh_rel_deltaが不利(-7.8pt)、6号艇のwin_rate_rank_2to6が不利(-6.2pt)、天気+7.4pt
90,06,浜名湖,10,16:06,0.5632008354182421,3,0.37646521347276307,2,0.2943875249654488,0.37782482273101636,0.19966209958616016,0.47119063885205176,0.28730006587232415,0.40583456756732694,1-3,1-2,0.16579929999724935,0.21202552273376699,0.06567442449263446,0.11244986128828564,0.007251748936215034,True,False,False,False,選抜戦,2026-09-15,1号艇のsession_exh_rel_avg,-0.184,1号艇のdominance,0.1303,場特性:in_escape_diff,-0.1023,5号艇の節間得点,-0.0831,5号艇のsession_exh_rel_avg,-0.0781,3号艇のwin_rate_rank_2to6,0.2045,3号艇のsession_exh_rel_avg,0.1345,5号艇の節間得点,-0.1019,3号艇の節間得点,0.0614,3号艇のclass_rank_2to6,0.0446,2号艇のモーター2連率,0.0758,2号艇のsession_exh_rel_avg,0.0688,2号艇のclass_rank_2to6,-0.0574,2号艇の全国勝率,0.0462,2号艇の節間得点,0.0454,0.0468,南 2.1m/s,[逃げ]1号艇のsession_exh_rel_avgが不利(-18.4pt)、1号艇のdominanceが有利(+13.0pt) / [2着]3号艇のwin_rate_rank_2to6が有利(+20.5pt)、3号艇のsession_exh_rel_avgが有利(+13.4pt) / [候補2]2号艇のモーター2連率が有利(+7.6pt)、2号艇のsession_exh_rel_avgが有利(+6.9pt) / [除外]6号艇のwin_rate_rank_2to6が不利(-6.3pt)、天気+4.7pt
91,08,常滑,10,15:10,0.7094894414614106,2,0.27862192243981426,6,0.24915386422636274,0.3744513480986425,0.1957759183445466,0.33199986832163036,0.2864810802394042,0.36171590416553884,1-2,1-6,0.19767931213072829,0.1389009469578671,0.10942100296024304,0.08671613815854964,0.17677203596791422,True,False,False,False,予選特賞,2026-09-15,1号艇の女子戦比率,-0.1666,1号艇のvs_max234_diff,0.0932,1号艇の節間得点,0.0858,1号艇のracer_win_te,0.0856,1号艇vs4号艇のcumulative差,0.0686,2号艇の全国勝率,-0.1134,2号艇のsession_exh_rel_avg,0.0897,win_rate_gap_top2_2to6,-0.0792,2号艇の節間得点,-0.078,2号艇のracer_avgfin_te,-0.0752,6号艇のwin_rate_rank_2to6,0.3028,max_234_win_rate,0.161,mean_234_全国勝率,0.1477,win_rate_range_1to6,-0.1438,6号艇のvs_avg456_diff,0.1373,0.0102,北 5.2m/s,[逃げ]1号艇の女子戦比率が不利(-16.7pt)、1号艇のvs_max234_diffが有利(+9.3pt) / [2着]2号艇の全国勝率が不利(-11.3pt)、2号艇のsession_exh_rel_avgが有利(+9.0pt) / [候補2]6号艇のwin_rate_rank_2to6が有利(+30.3pt)、max_234_win_rateが有利(+16.1pt) / [除外]3号艇のsession_exh_rel_avgが不利(-6.1pt)、天気+1.0pt
92,09,津,1,10:34,0.7117307497066071,2,0.28302736133569,4,0.2572510455854575,0.38453275560827965,0.22169132812666842,0.31858707879447906,0.2822356628494711,0.3647490525641395,1-2,1-4,0.20143927607093343,0.14198492858937725,0.18309347953734625,0.15778453517104715,0.027428518406586607,False,False,True,False,ツッキーレー,2026-09-15,1号艇のvs_max234_frame_diff,0.158,1号艇の年齢,-0.0935,1号艇の級別順位,0.0868,max_234_frame_win_rate,-0.076,1号艇のvs_max234_diff,0.0745,2号艇のsession_exh_rel_avg,-0.0972,2号艇の全国勝率,-0.0765,1号艇vs2号艇のcumulative差,-0.0657,2号艇のsession_avg_finish,-0.064,2号艇の節間得点,-0.0614,4号艇のclass_rank_2to6,-0.1246,2号艇のsession_exh_rel_delta,0.1169,4号艇のwin_rate_rank_2to6,0.0993,4号艇のsession_exh_rel_avg,-0.09,4号艇の節間得点,-0.0794,0.047,東 0.4m/s,[逃げ]1号艇のvs_max234_frame_diffが有利(+15.8pt)、1号艇の年齢が不利(-9.3pt) / [2着]2号艇のsession_exh_rel_avgが不利(-9.7pt)、2号艇の全国勝率が不利(-7.6pt) / [候補2]4号艇のclass_rank_2to6が不利(-12.5pt)、2号艇のsession_exh_rel_deltaが有利(+11.7pt) / [除外]6号艇のwin_rate_rank_2to6が不利(-7.0pt)、天気+4.7pt
93,06,浜名湖,2,12:00,0.5503920354118592,5,0.41839418880309076,4,0.21823468179985867,0.3503954598931105,0.16382762479521212,0.47280124580773736,0.2815101127731333,0.3871171956674985,1-5,1-4,0.09016941986772718,0.077381054378796,0.12011463071328364,0.23028082917982684,0.03244609922185546,True,True,False,False,一般,2026-09-15,1号艇のracer_win_te,-0.1314,1号艇のsession_exh_rel_avg,0.1158,2号艇のsession_exh_rel_avg,-0.1031,1号艇の級別順位,-0.0902,1号艇のdominance,-0.0887,5号艇のwin_rate_rank_2to6,0.2291,5号艇のclass_rank_2to6,0.1098,5号艇の節間得点,0.0874,5号艇のモーター2連率,0.0825,5号艇の年齢,-0.0773,4号艇のclass_rank_2to6,0.1113,4号艇の年齢,-0.0963,4号艇のwin_rate_rank_2to6,-0.0802,4号艇のsession_exh_rel_avg,-0.0725,4号艇の節間得点,-0.06,-0.0083,東 1.2m/s,[逃げ]1号艇のracer_win_teが不利(-13.1pt)、1号艇のsession_exh_rel_avgが有利(+11.6pt) / [2着]5号艇のwin_rate_rank_2to6が有利(+22.9pt)、5号艇のclass_rank_2to6が有利(+11.0pt) / [候補2]4号艇のclass_rank_2to6が有利(+11.1pt)、4号艇の年齢が不利(-9.6pt) / [除外]6号艇のsession_exh_rel_avgが不利(-6.9pt)、2号艇のwin_rate_rank_2to6が不利(-6.3pt)、天気-0.8pt
94,14,鳴門,11,13:48,0.48560592808911085,2,0.42143085480346154,3,0.277106109775902,0.3392136909891122,0.14475055665260472,0.5537864079267588,0.2802920462752818,0.4035855060704061,1-2,1-3,0.20464932137222225,0.13456436961688992,0.07029172840470353,0.04466577759042006,0.0314347211552483,True,True,False,False,特選,2026-09-15,場特性:in_escape_diff,-0.1778,1号艇のdominance,0.0829,レース時間帯,0.072,1号艇の級別順位,0.0705,1号艇の節間得点,-0.0652,2号艇のsession_exh_rel_avg,0.0794,2号艇の全国勝率,0.0637,2号艇のclass_rank_2to6,-0.0424,2号艇のモーター2連率,-0.0347,6号艇の一般戦勝率,0.0291,3号艇のwin_rate_rank_2to6,0.1428,4号艇の女子戦2連率,0.0377,3号艇のcumulative_diff_rank_2to6,0.0371,3号艇のclass_rank_2to6,-0.0335,2号艇のvs_boat3_diff,-0.0301,0.0364,北 5.4m/s,[逃げ]場特性:in_escape_diffが不利(-17.8pt)、1号艇のdominanceが有利(+8.3pt) / [2着]2号艇のsession_exh_rel_avgが有利(+7.9pt)、2号艇の全国勝率が有利(+6.4pt) / [候補2]3号艇のwin_rate_rank_2to6が有利(+14.3pt)、4号艇の女子戦2連率が有利(+3.8pt) / [除外]2号艇のracer_2nd_teが不利(-5.1pt)、天気+3.6pt
95,14,鳴門,12,14:28,0.5793369318072317,2,0.36946947205011993,3,0.25731630688722984,0.36312015006997,0.2097355065839011,0.41705027235344866,0.2717291237190732,0.37929918675501356,1-2,1-3,0.21404731033395422,0.14907283973601576,0.12150752487535271,0.0437590922410656,0.050950168937239845,True,True,False,False,ドリーム戦,2026-09-15,場特性:in_escape_diff,-0.1936,1号艇のracer_win_te,0.118,レース時間帯,0.1038,1号艇vs2号艇のlocal_win_rate差,-0.095,race_no,0.0941,2号艇のwin_rate_rank_2to6,-0.1383,2号艇の全国勝率,0.0723,2号艇のsession_exh_rel_avg,0.06,2号艇の当地勝率,0.0585,2号艇の一般戦勝率,-0.0472,3号艇のwin_rate_rank_2to6,0.0731,6号艇のracer_2nd_te,-0.0614,場特性:1x_diff_course3,-0.0464,3号艇のcumulative_diff_rank_2to6,0.0447,3号艇のsession_exh_rel_avg,-0.0428,0.078,北 5.5m/s,[逃げ]場特性:in_escape_diffが不利(-19.4pt)、1号艇のracer_win_teが有利(+11.8pt) / [2着]2号艇のwin_rate_rank_2to6が不利(-13.8pt)、2号艇の全国勝率が有利(+7.2pt) / [候補2]3号艇のwin_rate_rank_2to6が有利(+7.3pt)、6号艇のracer_2nd_teが不利(-6.1pt) / [除外]2号艇の枠別勝率が不利(-7.1pt)、1号艇vs4号艇のlocal_win_rate差が不利(-5.7pt)、天気+7.8pt
96,20,若松,9,19:09,0.6937095565442335,3,0.3016068233021839,5,0.25407789519517876,0.3854837996472127,0.25072270488441667,0.304962013612946,0.26950435052320665,0.3613272638369327,1-3,1-5,0.17392873642093942,0.209227535643673,0.09195963734971395,0.1762562640035397,0.04233738312636744,True,False,False,False,一般特選,2026-09-15,1号艇のdominance,0.1678,1号艇のsession_exh_rel_avg,-0.1298,ST差分(4-3),-0.0793,1号艇の勝率順位,0.0741,1号艇のracer_win_te,0.0658,3号艇の一般戦2連率,0.1126,3号艇のcumulative_diff_rank_2to6,-0.0749,3号艇のwin_rate_rank_2to6,-0.0555,3号艇の年齢,-0.0536,3号艇の節間得点,-0.0502,5号艇のwin_rate_rank_2to6,0.2588,5号艇のsession_exh_rel_avg,-0.1391,5号艇のclass_rank_2to6,0.1241,3号艇のracer_2nd_te,0.0983,節間得点の分散(2-6号艇),0.0902,0.0676,北東 3.0m/s,[逃げ]1号艇のdominanceが有利(+16.8pt)、1号艇のsession_exh_rel_avgが不利(-13.0pt) / [2着]3号艇の一般戦2連率が有利(+11.3pt)、3号艇のcumulative_diff_rank_2to6が不利(-7.5pt) / [候補2]5号艇のwin_rate_rank_2to6が有利(+25.9pt)、5号艇のsession_exh_rel_avgが不利(-13.9pt)、天気+6.8pt
97,10,三国,6,10:48,0.37395880309078233,2,0.6197060053790192,3,0.17768210676761612,0.2981903040171742,0.08632879449545226,0.711059317651183,0.26729941264593216,0.42205100810737683,1-2,1-3,0.23174451603970794,0.06644578797746632,0.03228341266178945,0.03201419910042554,0.011470884525182858,False,False,True,False,一般,2026-09-15,1号艇vs2号艇のcumulative差,-0.1048,1号艇の年齢,-0.0848,1号艇の級別順位,-0.0843,1号艇の勝率順位,-0.0749,1号艇のdominance,0.0719,2号艇のwin_rate_rank_2to6,0.181,2号艇のsession_exh_rel_avg,0.1383,1号艇の年齢,0.0696,2号艇の全国勝率,0.0451,1号艇vs2号艇のcumulative差,0.0398,3号艇のwin_rate_rank_2to6,-0.1045,3号艇のcumulative_diff_rank_2to6,-0.0626,5号艇の年齢,0.0496,4号艇の体重,0.0465,3号艇の全国勝率,0.0373,-0.0656,北東 6.4m/s,[逃げ]1号艇vs2号艇のcumulative差が不利(-10.5pt)、1号艇の年齢が不利(-8.5pt) / [2着]2号艇のwin_rate_rank_2to6が有利(+18.1pt)、2号艇のsession_exh_rel_avgが有利(+13.8pt) / [候補2]3号艇のwin_rate_rank_2to6が不利(-10.4pt)、3号艇のcumulative_diff_rank_2to6が不利(-6.3pt)、天気-6.6pt
98,11,琵琶湖,2,10:58,0.6513279733085695,3,0.3093957567034727,2,0.26233272175283695,0.3723827511557403,0.23695659509253797,0.3347718833637717,0.26649649261367303,0.36109949081814974,1-3,1-2,0.17086463999179619,0.20151811116394414,0.12268954006870171,0.15433645884372207,0.0019192243019492182,False,False,True,False,予選,2026-09-15,1号艇のsession_exh_rel_avg,0.166,風速区分,0.0832,1号艇の級別順位,0.074,1号艇vs4号艇の枠別平均ST差,-0.0541,1号艇のvs_max234_frame_diff,-0.0523,3号艇のsession_exh_rel_avg,0.1193,3号艇のwin_rate_rank_2to6,-0.1135,3号艇の当地勝率,0.0697,1号艇のsession_exh_rel_last,0.0622,2号艇の直近複勝率,0.0515,2号艇の当地勝率,0.1206,2号艇のsession_exh_rel_avg,0.0962,2号艇の体重,-0.0831,2号艇の節間得点,-0.0824,2号艇のsession_avg_finish,-0.0664,0.0658,北西 1.5m/s,[逃げ]1号艇のsession_exh_rel_avgが有利(+16.6pt)、風速区分が有利(+8.3pt) / [2着]3号艇のsession_exh_rel_avgが有利(+11.9pt)、3号艇のwin_rate_rank_2to6が不利(-11.4pt) / [候補2]2号艇の当地勝率が有利(+12.1pt)、2号艇のsession_exh_rel_avgが有利(+9.6pt) / [除外]6号艇の全国勝率が不利(-17.0pt)、6号艇の直近平均着順が不利(-14.4pt)、天気+6.6pt
99,07,蒲郡,3,16:12,0.5535148144517757,2,0.39010921787153763,4,0.24478997248934453,0.3514261075481863,0.20300306249614497,0.4318961278647372,0.2658174162601286,0.37556711364315154,1-2,1-4,0.21593123134609152,0.07343779074021432,0.13549487620209483,0.11236520247069592,0.016285704413663997,True,False,False,False,予選,2026-09-15,1号艇のracer_win_te,-0.1723,1号艇のdominance,-0.147,3号艇の枠別出走数,-0.1038,1号艇の年齢,0.1001,1号艇の級別順位,-0.0962,3号艇のracer_win_te,0.0948,2号艇のclass_rank_2to6,0.0815,6号艇のsession_rank_diff_last,-0.0784,2号艇の全国勝率,0.0558,2号艇の当地勝率,-0.0462,4号艇のwin_rate_rank_2to6,-0.1784,4号艇のclass_rank_2to6,-0.086,4号艇のモーター2連率,0.0768,4号艇のracer_avgfin_te,-0.0643,4号艇の年齢,0.0566,0.0148,東 2.3m/s,[逃げ]1号艇のracer_win_teが不利(-17.2pt)、1号艇のdominanceが不利(-14.7pt) / [2着]3号艇のracer_win_teが有利(+9.5pt)、2号艇のclass_rank_2to6が有利(+8.1pt) / [候補2]4号艇のwin_rate_rank_2to6が不利(-17.8pt)、4号艇のclass_rank_2to6が不利(-8.6pt)、天気+1.5pt
100,14,鳴門,10,13:11,0.5408665077833399,2,0.3777407881651809,3,0.25317494253530465,0.3412411879695457,0.18869038971670687,0.4422253409837787,0.263974468675107,0.37153643387381563,1-2,1-3,0.20430734094222777,0.13693384702731798,0.10205631213835267,0.03566099130466274,0.061908030474971995,True,True,False,False,特賞,2026-09-15,場特性:in_escape_diff,-0.1597,1号艇のvs_max234_frame_diff,0.1171,風向(度),-0.1019,1号艇のモーター2連率順位,-0.0821,1号艇の級別順位,0.0801,2号艇のwin_rate_rank_2to6,0.1745,1号艇vs2号艇の枠別勝率差,-0.1725,4号艇の女子戦比率,0.0714,3号艇の全国勝率,-0.0519,2号艇の全国勝率,0.0477,3号艇のwin_rate_rank_2to6,-0.1047,3号艇の当地勝率,-0.0435,3号艇のcumulative_diff_rank_2to6,0.0424,3号艇のモーター2連率,0.0393,1号艇vs3号艇の枠別勝率差,-0.0387,-0.0554,北 5.0m/s,[逃げ]場特性:in_escape_diffが不利(-16.0pt)、1号艇のvs_max234_frame_diffが有利(+11.7pt) / [2着]2号艇のwin_rate_rank_2to6が有利(+17.4pt)、1号艇vs2号艇の枠別勝率差が不利(-17.3pt) / [候補2]3号艇のwin_rate_rank_2to6が不利(-10.5pt)、3号艇の当地勝率が不利(-4.3pt)、天気-5.5pt
101,04,平和島,7,13:53,0.34420315454133965,3,0.6520259743825392,2,0.1834604785600567,0.28757707267939603,0.07512214570425409,0.7603643072383417,0.26165298457336666,0.42941324304707973,1-3,1-2,0.06314767545403532,0.2244293972253607,0.025857279527318405,0.014282598805806072,0.01648619134738075,True,True,False,False,予選,2026-09-15,場特性:in_escape_diff,-0.1368,6号艇の年齢,-0.1286,1号艇のdominance,-0.0892,3号艇の直近平均着順,0.085,3号艇の直近1着率,-0.0811,3号艇のwin_rate_rank_2to6,0.2178,3号艇の全国勝率,0.1244,3号艇の当地勝率,0.0624,win_rate_gap_top2_2to6,0.0526,2号艇のvs_boat3_diff,0.0472,2号艇のwin_rate_rank_2to6,-0.1472,2号艇の全国勝率,-0.0648,2号艇の直近平均着順,-0.0453,2号艇のclass_rank_2to6,-0.0442,2号艇のracer_avgfin_te,-0.0427,-0.0957,南西 2.4m/s,[逃げ]場特性:in_escape_diffが不利(-13.7pt)、6号艇の年齢が不利(-12.9pt) / [2着]3号艇のwin_rate_rank_2to6が有利(+21.8pt)、3号艇の全国勝率が有利(+12.4pt) / [候補2]2号艇のwin_rate_rank_2to6が不利(-14.7pt)、2号艇の全国勝率が不利(-6.5pt) / [除外]4号艇のwin_rate_rank_2to6が不利(-5.2pt)、天気-9.6pt
102,06,浜名湖,1,11:35,0.6054726974869333,4,0.32547993738629966,2,0.26171809070766966,0.3555323740290636,0.22893691363288174,0.35826111446108755,0.25785899274092144,0.3563509961586708,1-4,1-2,0.15846315836190264,0.138615050651634,0.197069215667161,0.10915973995258009,0.0021655296112858746,True,True,False,False,一般,2026-09-15,1号艇のvs_max234_diff,0.0833,6号艇の枠別出走数,-0.0649,風速区分,0.0638,1号艇のモーター2連率順位,-0.0633,ST差分(6-5),0.0583,4号艇のsession_exh_rel_avg,-0.0916,4号艇のwin_rate_rank_2to6,0.088,4号艇の節間得点,-0.0739,2号艇の節間得点,0.0699,3号艇の年齢,0.061,2号艇の全国勝率,-0.1043,5号艇のsession_rank_diff_delta,0.0765,2号艇のsession_avg_finish,-0.0459,3号艇の全国勝率,-0.0439,2号艇のsession_exh_rel_avg,-0.0428,0.0386,北東 1.0m/s,[逃げ]1号艇のvs_max234_diffが有利(+8.3pt)、6号艇の枠別出走数が不利(-6.5pt) / [2着]4号艇のsession_exh_rel_avgが不利(-9.2pt)、4号艇のwin_rate_rank_2to6が有利(+8.8pt) / [候補2]2号艇の全国勝率が不利(-10.4pt)、5号艇のsession_rank_diff_deltaが有利(+7.7pt) / [除外]6号艇の全国勝率が不利(-18.1pt)、6号艇の直近平均着順が不利(-13.5pt)、天気+3.9pt
103,11,琵琶湖,9,14:27,0.5534504202979983,2,0.32363193448626254,4,0.26002049244418324,0.3230226809926019,0.1916536208093491,0.3919988061210966,0.24873252129367135,0.3437155185311503,1-2,1-4,0.17911423016327624,0.10082065555538998,0.1439084508293257,0.02353631294672939,0.10607077698856746,True,True,False,False,予選特賞,2026-09-15,1号艇のdominance,0.111,風速区分,0.1012,1号艇vs4号艇のcumulative差,-0.0966,場特性:in_escape_diff,-0.0826,1号艇のracer_win_te,0.0742,2号艇のwin_rate_rank_2to6,-0.1524,3号艇の直近平均着順,0.1378,2号艇のsession_exh_rel_avg,0.1049,6号艇のsession_exh_rel_last,-0.0518,6号艇の当地2連率,-0.0476,4号艇のclass_rank_2to6,0.1239,4号艇のsession_exh_rel_avg,0.0853,4号艇のwin_rate_rank_2to6,0.0853,4号艇の節間得点,0.0584,4号艇のcumulative_diff_rank_2to6,0.057,0.1004,北東 1.4m/s,[逃げ]1号艇のdominanceが有利(+11.1pt)、風速区分が有利(+10.1pt) / [2着]2号艇のwin_rate_rank_2to6が不利(-15.2pt)、3号艇の直近平均着順が有利(+13.8pt) / [候補2]4号艇のclass_rank_2to6が有利(+12.4pt)、4号艇のsession_exh_rel_avgが有利(+8.5pt) / [除外]5号艇のracer_avgfin_teが不利(-6.1pt)、天気+10.0pt
104,06,浜名湖,6,14:00,0.36339217033141796,2,0.5361970492460035,5,0.248452982984559,0.28513567816288116,0.10778313587363805,0.6768668963569244,0.24825629711265904,0.4026550436210941,1-2,1-5,0.19484980945080743,0.039167547670247445,0.020025255832276868,0.09028586871207375,0.019063696788460417,True,True,False,False,一般,2026-09-15,1号艇のdominance,-0.2158,1号艇vs2号艇のcumulative差,-0.1117,2号艇のsession_exh_rel_avg,-0.0821,1号艇の級別順位,-0.0754,1号艇の節間得点,0.0672,2号艇のsession_exh_rel_avg,0.1766,3号艇のracer_2nd_te,0.0749,2号艇の全国勝率,0.068,2号艇の節間得点,0.0629,2号艇のsession_exh_rel_last,0.0482,5号艇のwin_rate_rank_2to6,0.2483,5号艇のsession_rank_diff_delta,0.2283,5号艇のclass_rank_2to6,0.1474,5号艇の年齢,0.124,5号艇のsession_exh_rel_avg,0.1205,-0.0091,南東 1.4m/s,[逃げ]1号艇のdominanceが不利(-21.6pt)、1号艇vs2号艇のcumulative差が不利(-11.2pt) / [2着]2号艇のsession_exh_rel_avgが有利(+17.7pt)、3号艇のracer_2nd_teが有利(+7.5pt) / [候補2]5号艇のwin_rate_rank_2to6が有利(+24.8pt)、5号艇のsession_rank_diff_deltaが有利(+22.8pt) / [除外]3号艇のwin_rate_rank_2to6が不利(-5.4pt)、天気-0.9pt
105,14,鳴門,9,12:35,0.40559665190132194,3,0.4216756611413209,2,0.3033714554726646,0.2940766829693398,0.13045854041171207,0.5945885762022733,0.2480389051741824,0.38423025093921986,1-3,1-2,0.12304644662214373,0.1710302363471961,0.03339295920051751,0.05291354720292372,0.02521345799564508,True,True,False,False,特賞,2026-09-15,場特性:in_escape_diff,-0.1558,1号艇のracer_win_te,-0.1477,1号艇の級別順位,-0.0874,1号艇の勝率順位,-0.0732,1号艇の節間得点,-0.0714,3号艇のwin_rate_rank_2to6,0.1871,3号艇のclass_rank_2to6,0.0571,local_win_rateの分散(2-6号艇),-0.0397,3号艇のracer_avgfin_te,0.0354,3号艇のモーター2連率,0.0344,2号艇のwin_rate_rank_2to6,-0.1406,2号艇の体重,-0.0542,4号艇のモーター出走数,-0.0473,2号艇のclass_rank_2to6,-0.0455,2号艇のsession_exh_rel_avg,0.0415,-0.0387,北 4.7m/s,[逃げ]場特性:in_escape_diffが不利(-15.6pt)、1号艇のracer_win_teが不利(-14.8pt) / [2着]3号艇のwin_rate_rank_2to6が有利(+18.7pt)、3号艇のclass_rank_2to6が有利(+5.7pt) / [候補2]2号艇のwin_rate_rank_2to6が不利(-14.1pt)、2号艇の体重が不利(-5.4pt) / [除外]4号艇のwin_rate_rank_2to6が不利(-5.8pt)、天気-3.9pt
106,11,琵琶湖,7,13:26,0.4973359108033026,5,0.3999648036800694,4,0.24195619119020603,0.31925036264757056,0.21830314697357994,0.4236178478966955,0.235618332041465,0.35056060822230806,1-5,1-4,0.0686234333841021,0.10856999443133261,0.12033350272007913,0.19891685992749145,0.0008921109030015303,True,True,False,False,予選,2026-09-15,1号艇のracer_win_te,-0.1362,1号艇のdominance,-0.0871,1号艇の級別順位,-0.0834,1号艇の勝率順位,-0.0749,1号艇の年齢,0.0706,5号艇のwin_rate_rank_2to6,0.2868,5号艇のclass_rank_2to6,0.1907,5号艇のsession_exh_rel_avg,0.0941,5号艇の年齢,0.0732,5号艇の枠別勝率,0.0593,2号艇の体重,0.1456,4号艇のclass_rank_2to6,0.1323,4号艇のwin_rate_rank_2to6,0.106,4号艇のsession_exh_rel_avg,-0.0886,3号艇の年齢,0.0708,0.0497,北東 1.2m/s,[逃げ]1号艇のracer_win_teが不利(-13.6pt)、1号艇のdominanceが不利(-8.7pt) / [2着]5号艇のwin_rate_rank_2to6が有利(+28.7pt)、5号艇のclass_rank_2to6が有利(+19.1pt) / [候補2]2号艇の体重が有利(+14.6pt)、4号艇のclass_rank_2to6が有利(+13.2pt) / [除外]6号艇の直近平均着順が不利(-28.7pt)、6号艇の全国勝率が不利(-14.5pt)、天気+5.0pt
107,11,琵琶湖,8,13:57,0.3018301547810293,3,0.505118297577242,2,0.340290721283081,0.2551699350158894,0.09161403311557716,0.7537949857447459,0.22711735876391498,0.40475745023454635,1-3,1-2,0.10271000107542046,0.15245993394046897,0.027651877795389,0.012646041491171617,0.006362294856554517,True,True,False,False,予選,2026-09-15,1号艇のdominance,-0.249,1号艇のracer_win_te,-0.162,1号艇のsession_exh_rel_avg,0.1576,1号艇の級別順位,-0.0765,風速区分,0.0753,3号艇のwin_rate_rank_2to6,0.1711,3号艇のsession_exh_rel_avg,0.1227,3号艇の当地勝率,0.091,3号艇の節間得点,0.0414,3号艇のclass_rank_2to6,0.0402,2号艇のclass_rank_2to6,0.0538,2号艇のsession_exh_rel_avg,0.0501,2号艇のwin_rate_rank_2to6,0.0477,2号艇の全国勝率,0.0424,avg_entry_count,-0.0339,0.0944,北東 1.4m/s,[逃げ]1号艇のdominanceが不利(-24.9pt)、1号艇のracer_win_teが不利(-16.2pt) / [2着]3号艇のwin_rate_rank_2to6が有利(+17.1pt)、3号艇のsession_exh_rel_avgが有利(+12.3pt) / [候補2]2号艇のclass_rank_2to6が有利(+5.4pt)、2号艇のsession_exh_rel_avgが有利(+5.0pt) / [除外]4号艇のwin_rate_rank_2to6が不利(-6.1pt)、6号艇のsession_exh_rel_avgが不利(-5.2pt)、天気+9.4pt
108,14,鳴門,4,10:02,0.369566949843792,2,0.46551211922747326,4,0.2879201815472444,0.2784436773111029,0.15518632634786422,0.5982459744268535,0.22659089565906265,0.37438436644582807,1-2,1-4,0.17203789401821695,0.057351737285843474,0.10640578329288597,0.028570147589885457,0.005201389033704331,False,False,True,False,とにかくなる,2026-09-15,1号艇のdominance,-0.1269,場特性:in_escape_diff,-0.1264,3号艇の枠別出走数,-0.1047,1号艇の全国勝率,-0.0823,ST差分(4-3),-0.066,2号艇のclass_rank_2to6,0.0692,3号艇のracer_2nd_te,0.0649,2号艇のwin_rate_rank_2to6,0.0625,2号艇の全国勝率,0.0475,2号艇のモーター2連率,0.0426,4号艇のclass_rank_2to6,0.2125,4号艇のwin_rate_rank_2to6,0.2085,4号艇の全国勝率,0.0659,4号艇のcumulative_diff_rank_2to6,0.0535,4号艇のracer_win_te,0.0525,0.0163,北 5.7m/s,[逃げ]1号艇のdominanceが不利(-12.7pt)、場特性:in_escape_diffが不利(-12.6pt) / [2着]2号艇のclass_rank_2to6が有利(+6.9pt)、3号艇のracer_2nd_teが有利(+6.5pt) / [候補2]4号艇のclass_rank_2to6が有利(+21.2pt)、4号艇のwin_rate_rank_2to6が有利(+20.9pt) / [除外]6号艇のvs_avg456_diffが不利(-6.9pt)、6号艇のwin_rate_rank_2to6が不利(-6.6pt)、天気+1.6pt
109,10,三国,10,12:58,0.3618459847233809,2,0.48134184684560316,3,0.2181754593575909,0.25311752849414154,0.11936058754289881,0.5801567186602953,0.21686282019198094,0.35122928554398763,1-2,1-3,0.17417161456041808,0.07894591393372345,0.04319014933662153,0.03138151038571264,0.03415680189883055,True,True,False,False,選抜戦,2026-09-15,1号艇のdominance,-0.216,1号艇の体重,-0.1142,1号艇の節間得点,0.1123,1号艇の級別順位,-0.0978,2号艇のsession_exh_rel_avg,-0.0949,2号艇のsession_exh_rel_avg,0.1455,2号艇のwin_rate_rank_2to6,0.1432,2号艇の当地勝率,0.0941,2号艇のclass_rank_2to6,0.0882,2号艇のracer_avgfin_te,0.0691,3号艇のsession_exh_rel_avg,-0.1015,3号艇のwin_rate_rank_2to6,-0.0861,1号艇vs2号艇のplace_rate差,0.0403,3号艇の節間得点,0.0379,3号艇のモーター2連率,-0.0368,0.0136,北東 5.9m/s,[逃げ]1号艇のdominanceが不利(-21.6pt)、1号艇の体重が不利(-11.4pt) / [2着]2号艇のsession_exh_rel_avgが有利(+14.6pt)、2号艇のwin_rate_rank_2to6が有利(+14.3pt) / [候補2]3号艇のsession_exh_rel_avgが不利(-10.2pt)、3号艇のwin_rate_rank_2to6が不利(-8.6pt) / [除外]2号艇のracer_2nd_teが不利(-6.8pt)、天気+1.4pt
110,22,福岡,3,12:48,0.333706691978614,2,0.4469290988297513,3,0.3461916513783434,0.26466970189153993,0.1622198992839855,0.6309008509241092,0.21314807103029823,0.3745390466013107,1-2,1-3,0.14914323111945935,0.11552647077208057,0.05413386596316274,0.014531978601781162,0.00037113847111440776,True,True,False,False,カタメン３予,2026-09-15,1号艇のdominance,-0.2453,1号艇のracer_win_te,-0.1837,1号艇の全国勝率,-0.0838,1号艇のvs_max234_diff,-0.0739,風向(度),-0.068,風向(度),0.0621,6号艇の直近平均着順,-0.0582,2号艇の全国勝率,0.0564,2号艇のsession_exh_rel_avg,0.0563,3号艇の一般戦2連率,0.054,3号艇のwin_rate_rank_2to6,0.1666,3号艇の当地勝率,0.1375,3号艇のsession_exh_rel_avg,-0.0664,場特性:1x_diff_course3,0.0581,3号艇の年齢,-0.0511,-0.0002,北 5.1m/s,[逃げ]1号艇のdominanceが不利(-24.5pt)、1号艇のracer_win_teが不利(-18.4pt) / [2着]風向(度)が有利(+6.2pt)、6号艇の直近平均着順が不利(-5.8pt) / [候補2]3号艇のwin_rate_rank_2to6が有利(+16.7pt)、3号艇の当地勝率が有利(+13.7pt) / [除外]6号艇の直近平均着順が不利(-22.7pt)、6号艇の全国勝率が不利(-17.1pt)、天気影響ほぼなし
111,06,浜名湖,3,12:29,0.4330826411498333,2,0.39016051082832426,4,0.23156959699253063,0.2692605171774265,0.1888928040480667,0.43283730377278823,0.20822686824653444,0.318333553156035,1-2,1-4,0.1689717445018988,0.08180619447133465,0.10028877267552766,0.0157349967645829,0.06628094160996138,True,True,False,False,一般,2026-09-15,1号艇のdominance,-0.2353,1号艇のsession_exh_rel_avg,-0.1392,3号艇の枠別出走数,-0.103,1号艇のsession_rank_diff_delta,0.0893,1号艇のframe_dominance,-0.0743,2号艇のclass_rank_2to6,0.0692,1号艇のsession_rank_diff_delta,0.0595,3号艇の枠別勝率,-0.0454,1号艇の直近複勝率,0.0349,2号艇の当地勝率,0.0287,4号艇のwin_rate_rank_2to6,0.0939,4号艇の節間得点,0.0619,4号艇のモーター2連率,0.0584,4号艇のclass_rank_2to6,-0.0538,5号艇の年齢,0.053,-0.0034,南東 1.4m/s,[逃げ]1号艇のdominanceが不利(-23.5pt)、1号艇のsession_exh_rel_avgが不利(-13.9pt) / [2着]2号艇のclass_rank_2to6が有利(+6.9pt)、1号艇のsession_rank_diff_deltaが有利(+5.9pt) / [候補2]4号艇のwin_rate_rank_2to6が有利(+9.4pt)、4号艇の節間得点が有利(+6.2pt) / [除外]1号艇のsession_rank_diff_deltaが不利(-5.8pt)、6号艇のsession_exh_rel_avgが不利(-5.2pt)、天気-0.3pt
112,07,蒲郡,8,18:32,0.3724630922530688,3,0.5075768748508022,5,0.20897792490978853,0.26689021648760813,0.18688812264305293,0.5296666771175378,0.20703588267420767,0.345723154676587,1-3,1-5,0.06960892806500225,0.18905365236307867,0.028533876059543002,0.07783656412452945,0.007430067825199251,True,False,False,False,予選,2026-09-15,1号艇の勝率順位,-0.0874,1号艇のsession_exh_rel_avg,-0.087,1号艇の節間得点,-0.0732,5号艇のsession_exh_rel_avg,-0.0716,1号艇vs3号艇のcumulative差,-0.0691,3号艇のモーター2連率,0.076,3号艇の当地勝率,0.073,1号艇vs3号艇のcumulative差,0.0687,3号艇のwin_rate_rank_2to6,0.0622,3号艇の節間得点,0.0547,5号艇のwin_rate_rank_2to6,0.2396,5号艇のclass_rank_2to6,0.1704,5号艇のsession_exh_rel_avg,0.137,5号艇の年齢,0.1019,1号艇vs4号艇の勝率差,0.057,0.0223,東 2.3m/s,[逃げ]1号艇の勝率順位が不利(-8.7pt)、1号艇のsession_exh_rel_avgが不利(-8.7pt) / [2着]3号艇のモーター2連率が有利(+7.6pt)、3号艇の当地勝率が有利(+7.3pt) / [候補2]5号艇のwin_rate_rank_2to6が有利(+24.0pt)、5号艇のclass_rank_2to6が有利(+17.0pt) / [除外]6号艇のwin_rate_rank_2to6が不利(-7.4pt)、6号艇のsession_exh_rel_avgが不利(-7.1pt)、天気+2.2pt
113,11,琵琶湖,3,11:28,0.32678288015911594,3,0.4360405390880211,4,0.2827964291671872,0.23490361485128394,0.1153137262406513,0.603523242014557,0.20239848148820352,0.3454895030002658,1-3,1-4,0.03768255158279986,0.1424905832293171,0.09241303162196686,0.020483163454716055,0.033713553313718794,True,True,False,False,予選,2026-09-15,1号艇のracer_win_te,-0.1916,1号艇の年齢,-0.1471,1号艇のdominance,-0.1391,1号艇のsession_exh_rel_avg,0.1367,1号艇の直近1着率,-0.0977,3号艇のsession_exh_rel_avg,0.0773,3号艇のwin_rate_rank_2to6,0.0631,2号艇のvs_boat3_diff,0.044,2号艇の直近複勝率,0.0386,3号艇のcumulative_diff_rank_2to6,0.0364,4号艇のclass_rank_2to6,0.0833,4号艇のsession_exh_rel_avg,0.0615,2号艇のsession_avg_finish,0.0605,4号艇の年齢,-0.0587,4号艇のwin_rate_rank_2to6,-0.0569,0.0795,北 0.8m/s,[逃げ]1号艇のracer_win_teが不利(-19.2pt)、1号艇の年齢が不利(-14.7pt) / [2着]3号艇のsession_exh_rel_avgが有利(+7.7pt)、3号艇のwin_rate_rank_2to6が有利(+6.3pt) / [候補2]4号艇のclass_rank_2to6が有利(+8.3pt)、4号艇のsession_exh_rel_avgが有利(+6.2pt) / [除外]2号艇のwin_rate_rank_2to6が不利(-7.8pt)、6号艇のsession_exh_rel_avgが不利(-7.7pt)、天気+7.9pt
114,10,三国,9,12:24,0.3544973460225619,3,0.4844396249078315,2,0.19495508541458922,0.24084362171106538,0.13874098738188284,0.5406537229405379,0.20074576345407913,0.3307866520799071,1-3,1-2,0.06911106037307374,0.17173256133799164,0.04918331181142722,0.04637286452539707,0.018097545993763932,True,True,False,False,一般特選,2026-09-15,1号艇のdominance,-0.1685,1号艇のracer_win_te,-0.1544,1号艇の級別順位,-0.0789,1号艇の全国勝率,-0.0764,1号艇の勝率順位,-0.0584,3号艇のwin_rate_rank_2to6,0.2277,2号艇のvs_boat3_diff,0.0624,3号艇のclass_rank_2to6,0.049,3号艇の節間得点,-0.0375,場特性:1x_diff_course3,-0.0304,2号艇のwin_rate_rank_2to6,-0.1928,2号艇の全国勝率,-0.0903,2号艇のsession_exh_rel_avg,-0.0634,2号艇の直近平均着順,-0.0536,2号艇のclass_rank_2to6,-0.0495,-0.0078,北東 5.6m/s,[逃げ]1号艇のdominanceが不利(-16.8pt)、1号艇のracer_win_teが不利(-15.4pt) / [2着]3号艇のwin_rate_rank_2to6が有利(+22.8pt)、2号艇のvs_boat3_diffが有利(+6.2pt) / [候補2]2号艇のwin_rate_rank_2to6が不利(-19.3pt)、2号艇の全国勝率が不利(-9.0pt)、天気-0.8pt
115,08,常滑,9,14:38,0.3069261398790204,2,0.4298469851215124,3,0.34109314985118633,0.2366216797049814,0.1503719563743407,0.6205681785983581,0.1939241618275966,0.3518056293729944,1-2,1-3,0.13193127588198053,0.10469040382300088,0.019584944981503104,0.04615308411603285,0.004566428789725082,True,True,False,False,予選特賞,2026-09-15,1号艇のdominance,-0.157,1号艇の直近1着率,-0.1081,1号艇の級別順位,-0.0926,場特性:in_escape_diff,0.0773,3号艇のsession_exh_rel_avg,-0.0688,2号艇のsession_exh_rel_avg,0.0826,2号艇のclass_rank_2to6,-0.0612,2号艇の節間得点,0.0562,2号艇のwin_rate_rank_2to6,-0.0431,2号艇の体重,-0.0405,3号艇のsession_exh_rel_avg,0.1135,3号艇のwin_rate_rank_2to6,0.0481,3号艇の節間得点,0.0476,3号艇のcumulative_diff_rank_2to6,0.0453,場特性:1x_diff_course3,-0.0398,-0.0231,北 4.2m/s,[逃げ]1号艇のdominanceが不利(-15.7pt)、1号艇の直近1着率が不利(-10.8pt) / [2着]2号艇のsession_exh_rel_avgが有利(+8.3pt)、2号艇のclass_rank_2to6が不利(-6.1pt) / [候補2]3号艇のsession_exh_rel_avgが有利(+11.3pt)、3号艇のwin_rate_rank_2to6が有利(+4.8pt) / [除外]6号艇のwin_rate_rank_2to6が不利(-6.4pt)、4号艇のwin_rate_rank_2to6が不利(-5.3pt)、天気-2.3pt
116,04,平和島,6,13:22,0.360952955477307,2,0.42982046796226314,5,0.2811527214349844,0.25662787397806364,0.21266468873126265,0.49830850066598487,0.19113704965089093,0.32913206198444,1-2,1-5,0.15514496823561802,0.023634139125686276,0.0767619479232108,0.10148290574244562,0.003928990584464479,True,True,False,False,予選,2026-09-15,1号艇のdominance,-0.247,場特性:in_escape_diff,-0.1249,2号艇のsession_exh_rel_avg,-0.1032,2号艇の枠別勝率,0.0995,1号艇の年齢,-0.0979,2号艇のsession_exh_rel_avg,0.1429,2号艇の当地勝率,0.1144,2号艇のclass_rank_2to6,0.0824,3号艇の全国勝率,-0.0613,3号艇のsession_exh_rel_avg,-0.053,5号艇のwin_rate_rank_2to6,0.2795,5号艇のclass_rank_2to6,0.1912,3号艇の年齢,0.093,5号艇のracer_avgfin_te,0.0774,3号艇のsession_exh_rel_last,0.0588,-0.1154,南西 2.5m/s,[逃げ]1号艇のdominanceが不利(-24.7pt)、場特性:in_escape_diffが不利(-12.5pt) / [2着]2号艇のsession_exh_rel_avgが有利(+14.3pt)、2号艇の当地勝率が有利(+11.4pt) / [候補2]5号艇のwin_rate_rank_2to6が有利(+28.0pt)、5号艇のclass_rank_2to6が有利(+19.1pt) / [除外]4号艇の女子戦2連率が不利(-15.1pt)、2号艇の枠別勝率が不利(-10.0pt)、天気-11.5pt
117,08,常滑,2,11:14,0.23226252444259915,2,0.4936689674118191,3,0.4011015865032079,0.20782166764920695,0.06723116943130718,0.8275393844837199,0.19105515515014218,0.3937369826995608,1-2,1-3,0.11466080061004032,0.09316086703916662,0.008197677943010986,0.015615281133343508,0.000627898176699309,True,True,False,False,予選,2026-09-15,1号艇のdominance,-0.3839,1号艇のracer_win_te,-0.1949,1号艇のvs_max234_diff,-0.189,4号艇の直近複勝率,-0.1514,1号艇の女子戦比率,-0.1307,2号艇のwin_rate_rank_2to6,0.2078,2号艇の当地勝率,0.0905,2号艇のsession_exh_rel_avg,0.0817,2号艇のclass_rank_2to6,0.0775,1号艇vs2号艇のplace_rate差,-0.0732,1号艇vs2号艇のlocal_win_rate差,0.099,3号艇の当地勝率,0.0921,3号艇の女子戦比率,-0.0883,3号艇の節間得点,0.0878,3号艇のsession_exh_rel_avg,0.0742,0.005,西 1.9m/s,[逃げ]1号艇のdominanceが不利(-38.4pt)、1号艇のracer_win_teが不利(-19.5pt) / [2着]2号艇のwin_rate_rank_2to6が有利(+20.8pt)、2号艇の当地勝率が有利(+9.1pt) / [候補2]1号艇vs2号艇のlocal_win_rate差が有利(+9.9pt)、3号艇の当地勝率が有利(+9.2pt) / [除外]6号艇のracer_win_teが不利(-13.2pt)、6号艇の全国勝率が不利(-12.7pt)、天気+0.5pt
118,14,鳴門,8,12:05,0.2752055555240946,3,0.47213806421042753,2,0.3294247124702406,0.22059452924383904,0.11636885714500227,0.6851939195356659,0.18979012933118466,0.3599743463313871,1-3,1-2,0.09065951099873769,0.12993501824510134,0.032025355976294356,0.014715110591706717,0.007870552023100066,True,True,False,False,予選,2026-09-15,1号艇のdominance,-0.2193,1号艇のvs_max234_diff,-0.1313,場特性:in_escape_diff,-0.1254,1号艇のracer_win_te,-0.1051,1号艇の全国勝率,-0.084,3号艇のwin_rate_rank_2to6,0.1239,3号艇のモーター2連率,0.1006,2号艇のモーター2連率,-0.0691,3号艇のclass_rank_2to6,0.0534,風向(度),0.0456,2号艇のwin_rate_rank_2to6,0.0687,2号艇のracer_avgfin_te,-0.0428,1号艇vs2号艇の枠別勝率差,0.0407,2号艇の全国勝率,0.037,2号艇の当地勝率,-0.033,-0.0162,北 4.6m/s,[逃げ]1号艇のdominanceが不利(-21.9pt)、1号艇のvs_max234_diffが不利(-13.1pt) / [2着]3号艇のwin_rate_rank_2to6が有利(+12.4pt)、3号艇のモーター2連率が有利(+10.1pt) / [候補2]2号艇のwin_rate_rank_2to6が有利(+6.9pt)、2号艇のracer_avgfin_teが不利(-4.3pt) / [除外]6号艇のwin_rate_rank_2to6が不利(-6.3pt)、天気-1.6pt
119,11,琵琶湖,1,10:31,0.3955478698974466,3,0.32937256024753875,2,0.27962507430918593,0.2408877171214961,0.19374653661603888,0.4152510979406858,0.18488232403473537,0.293196731367253,1-3,1-2,0.11060510251291372,0.13028261460858234,0.06406666218641892,0.07663602985848182,0.013957462204580464,False,False,True,False,予選,2026-09-15,1号艇のsession_exh_rel_avg,-0.1417,1号艇のsession_exh_rel_last,-0.0909,1号艇の級別順位,0.0821,1号艇の全国2連率,-0.0674,1号艇の直近1着率,-0.0602,3号艇のsession_exh_rel_avg,-0.0903,3号艇のsession_exh_rel_last,-0.0691,3号艇のwin_rate_rank_2to6,0.0476,1号艇のsession_exh_rel_avg,0.0354,3号艇のcumulative_diff_rank_2to6,-0.0305,2号艇のsession_exh_rel_avg,0.1145,2号艇のclass_rank_2to6,-0.0574,2号艇の直近平均着順,-0.0462,2号艇の当地勝率,-0.0362,2号艇のcumulative_diff_rank_2to6,-0.0342,0.0202,西 1.6m/s,[逃げ]1号艇のsession_exh_rel_avgが不利(-14.2pt)、1号艇のsession_exh_rel_lastが不利(-9.1pt) / [2着]3号艇のsession_exh_rel_avgが不利(-9.0pt)、3号艇のsession_exh_rel_lastが不利(-6.9pt) / [候補2]2号艇のsession_exh_rel_avgが有利(+11.4pt)、2号艇のclass_rank_2to6が不利(-5.7pt) / [除外]6号艇のwin_rate_rank_2to6が不利(-5.9pt)、天気+2.0pt
120,14,鳴門,7,11:31,0.233147025196361,3,0.43854525334473987,2,0.4277584103355931,0.20197612210377844,0.0723311939191523,0.7939724697611806,0.1844451132378663,0.37957502640099905,1-3,1-2,0.09973060087246785,0.10224552123131059,0.009657478598395063,0.016863802691151474,0.004649617026064096,True,True,False,False,予選,2026-09-15,場特性:in_escape_diff,-0.1564,3号艇のracer_win_te,-0.1542,1号艇のdominance,-0.1399,1号艇の級別順位,-0.0894,1号艇の全国勝率,-0.0739,3号艇のwin_rate_rank_2to6,0.1726,3号艇のclass_rank_2to6,0.0523,場特性:1x_diff_course3,-0.0468,3号艇のracer_win_te,0.0443,風向(度),0.0412,2号艇のwin_rate_rank_2to6,0.0604,2号艇の全国勝率,0.053,2号艇のracer_avgfin_te,0.0499,2号艇のsession_exh_rel_avg,0.0429,3号艇のracer_avgfin_te,0.0354,-0.0208,北 5.4m/s,[逃げ]場特性:in_escape_diffが不利(-15.6pt)、3号艇のracer_win_teが不利(-15.4pt) / [2着]3号艇のwin_rate_rank_2to6が有利(+17.3pt)、3号艇のclass_rank_2to6が有利(+5.2pt) / [候補2]2号艇のwin_rate_rank_2to6が有利(+6.0pt)、2号艇の全国勝率が有利(+5.3pt) / [除外]3号艇のracer_avgfin_teが不利(-8.0pt)、2号艇のracer_2nd_teが不利(-6.3pt)、天気-2.1pt
121,10,三国,4,09:50,0.38980853859322645,2,0.3491594523555863,3,0.22370111088583816,0.22330593897483228,0.1537614402898872,0.41909912295153734,0.18210292761236524,0.2820438941678438,1-2,1-3,0.13610533585874238,0.08720060311608988,0.059937522331390575,0.05672214039663639,0.049842945603267,False,False,True,False,みくにあさ推,2026-09-15,1号艇のsession_exh_rel_avg,-0.1744,1号艇のdominance,-0.1509,1号艇の年齢,-0.0707,1号艇の勝率順位,-0.0681,風速区分,-0.0575,2号艇のsession_exh_rel_avg,0.0859,2号艇の全国勝率,0.0611,3号艇の女子戦2連率,-0.0607,1号艇のsession_exh_rel_avg,-0.054,6号艇のsession_exh_rel_last,-0.0302,3号艇のwin_rate_rank_2to6,-0.1297,3号艇のsession_exh_rel_avg,-0.1111,3号艇の一般戦2連率,0.0953,3号艇の女子戦勝率,0.0759,3号艇のracer_avgfin_te,0.0591,-0.052,北東 6.3m/s,[逃げ]1号艇のsession_exh_rel_avgが不利(-17.4pt)、1号艇のdominanceが不利(-15.1pt) / [2着]2号艇のsession_exh_rel_avgが有利(+8.6pt)、2号艇の全国勝率が有利(+6.1pt) / [候補2]3号艇のwin_rate_rank_2to6が不利(-13.0pt)、3号艇のsession_exh_rel_avgが不利(-11.1pt) / [除外]場特性:1x_diff_course5が不利(-5.0pt)、天気-5.2pt
122,09,津,6,13:02,0.3042455855795164,3,0.43341857255668015,4,0.31095129362259943,0.2264712458234612,0.16547513711668066,0.578894729062599,0.18150081327671394,0.3321982907952025,1-3,1-4,0.05034507999091528,0.1318656874085453,0.09460555841491591,0.014857838368053312,0.012571423663892876,True,True,False,False,予選,2026-09-15,1号艇のdominance,-0.2457,1号艇の平均ST,-0.1218,1号艇の級別順位,-0.0989,1号艇のsession_exh_rel_avg,-0.0914,1号艇のvs_max234_diff,-0.0846,3号艇のsession_exh_rel_avg,-0.2549,3号艇のwin_rate_rank_2to6,0.1874,3号艇の一般戦2連率,0.0977,3号艇のracer_avgfin_te,0.0753,3号艇のclass_rank_2to6,0.05,4号艇の節間得点,0.1172,4号艇のwin_rate_rank_2to6,-0.1026,4号艇のclass_rank_2to6,0.0955,1号艇の平均ST,0.0729,1号艇の一般戦2連率,0.0698,0.054,北西 0.9m/s,[逃げ]1号艇のdominanceが不利(-24.6pt)、1号艇の平均STが不利(-12.2pt) / [2着]3号艇のsession_exh_rel_avgが不利(-25.5pt)、3号艇のwin_rate_rank_2to6が有利(+18.7pt) / [候補2]4号艇の節間得点が有利(+11.7pt)、4号艇のwin_rate_rank_2to6が不利(-10.3pt) / [除外]4号艇の女子戦2連率が不利(-13.8pt)、2号艇のwin_rate_rank_2to6が不利(-5.4pt)、天気+5.4pt
123,04,平和島,9,14:57,0.4398871999727903,2,0.3413486778569634,3,0.2850920518644755,0.2755632585460753,0.28450964893820696,0.341931080783232,0.18148277140702063,0.29547360521722227,1-2,1-3,0.15015491411691362,0.12540834442916163,0.12515215283666942,0.03057461600489852,0.008597172994824027,True,True,False,False,予選特賞,2026-09-15,場特性:in_escape_diff,-0.1824,4号艇のsession_exh_rel_avg,-0.1511,4号艇のsession_exh_rel_last,-0.0895,4号艇のsession_avg_finish,0.0718,1号艇vs2号艇のlocal_win_rate差,0.0638,2号艇のwin_rate_rank_2to6,0.0591,2号艇のモーター2連率,0.0522,2号艇のsession_exh_rel_avg,0.0508,4号艇のsession_exh_rel_avg,-0.046,2号艇の全国勝率,0.0449,3号艇のwin_rate_rank_2to6,0.2094,3号艇のsession_exh_rel_avg,-0.1783,3号艇の年齢,-0.0878,4号艇のsession_exh_rel_last,-0.0556,3号艇のclass_rank_2to6,0.0473,-0.0443,南西 2.0m/s,[逃げ]場特性:in_escape_diffが不利(-18.2pt)、4号艇のsession_exh_rel_avgが不利(-15.1pt) / [2着]2号艇のwin_rate_rank_2to6が有利(+5.9pt)、2号艇のモーター2連率が有利(+5.2pt) / [候補2]3号艇のwin_rate_rank_2to6が有利(+20.9pt)、3号艇のsession_exh_rel_avgが不利(-17.8pt) / [除外]6号艇のwin_rate_rank_2to6が不利(-7.9pt)、天気-4.4pt
124,20,若松,3,16:16,0.36732852048604964,3,0.39010928148551904,2,0.27585756673999295,0.2446286170514349,0.223442770602247,0.442524077623265,0.17903602189635245,0.30399725522298393,1-3,1-2,0.10133035185548331,0.1432982651959516,0.08207690233862718,0.030401192456508342,0.010221814797303417,True,False,False,False,一般戦,2026-09-15,1号艇のdominance,-0.2917,1号艇のracer_win_te,-0.1645,1号艇のsession_exh_rel_avg,0.094,4号艇のsession_exh_rel_avg,-0.0832,1号艇vs3号艇のcumulative差,-0.0762,1号艇vs3号艇のcumulative差,0.1123,1号艇vs6号艇のcumulative差,-0.1001,1号艇vs6号艇のplace_rate差,0.055,3号艇のwin_rate_rank_2to6,0.0445,3号艇のcumulative_diff_rank_2to6,0.0418,2号艇の枠別出走数,-0.1237,2号艇のsession_exh_rel_avg,-0.0517,2号艇のcumulative_diff_rank_2to6,-0.0397,2号艇の全国勝率,0.0378,2号艇の節間得点,-0.0317,0.0547,北 3.8m/s,[逃げ]1号艇のdominanceが不利(-29.2pt)、1号艇のracer_win_teが不利(-16.5pt) / [2着]1号艇vs3号艇のcumulative差が有利(+11.2pt)、1号艇vs6号艇のcumulative差が不利(-10.0pt) / [候補2]2号艇の枠別出走数が不利(-12.4pt)、2号艇のsession_exh_rel_avgが不利(-5.2pt) / [除外]5号艇の直近平均着順が不利(-17.2pt)、2号艇のracer_2nd_teが不利(-5.7pt)、天気+5.5pt
125,08,常滑,3,11:42,0.3333684151432692,2,0.3687045075390182,3,0.3013138938931541,0.22336297260227,0.1750645045881406,0.4949538968440317,0.17643945883192902,0.3048402498747985,1-2,1-3,0.12291443733446204,0.10044853526780796,0.058360976442390015,0.04195476838886876,0.009689697709740413,True,True,False,False,予選,2026-09-15,1号艇のdominance,-0.3578,1号艇の女子戦比率,-0.2441,1号艇の全国2連率,-0.1269,1号艇の節間得点,0.1108,1号艇の級別順位,-0.0916,2号艇のsession_exh_rel_avg,-0.0977,2号艇の節間得点,0.0685,2号艇のwin_rate_rank_2to6,-0.0527,1号艇vs6号艇のplace_rate差,-0.0373,1号艇vs2号艇のlocal_win_rate差,0.0355,3号艇のsession_exh_rel_avg,-0.105,6号艇の女子戦比率,0.0758,3号艇のwin_rate_rank_2to6,0.0523,5号艇の一般戦2連率,0.0451,1号艇の直近複勝率,-0.0389,-0.0075,南西 0.7m/s,[逃げ]1号艇のdominanceが不利(-35.8pt)、1号艇の女子戦比率が不利(-24.4pt) / [2着]2号艇のsession_exh_rel_avgが不利(-9.8pt)、2号艇の節間得点が有利(+6.9pt) / [候補2]3号艇のsession_exh_rel_avgが不利(-10.5pt)、6号艇の女子戦比率が有利(+7.6pt) / [除外]5号艇の直近平均着順が不利(-19.0pt)、win_rate_range_1to6が不利(-6.1pt)、天気-0.8pt
126,11,琵琶湖,4,11:57,0.24248714734166704,2,0.44205246539259524,3,0.38135581186214945,0.1996659242490195,0.10164832211608361,0.721759955138661,0.17531107682861563,0.35629413351591194,1-2,1-3,0.10719204130840142,0.09247388294061809,0.017888055012230297,0.024648411661996,0.0002847493752310259,True,True,False,False,予選,2026-09-15,1号艇のdominance,-0.3647,1号艇のracer_win_te,-0.2103,1号艇のsession_exh_rel_avg,0.1098,1号艇の級別順位,-0.0902,1号艇の全国勝率,-0.0794,2号艇のsession_exh_rel_avg,0.1145,6号艇の年齢,-0.0794,6号艇の体重,0.0681,2号艇のwin_rate_rank_2to6,0.0525,2号艇のclass_rank_2to6,0.0503,3号艇のsession_exh_rel_avg,-0.1204,3号艇の枠別平均ST,0.0855,3号艇のwin_rate_rank_2to6,-0.0704,6号艇のvs_avg456_diff,0.0609,3号艇の当地勝率,0.0571,0.0864,北 0.9m/s,[逃げ]1号艇のdominanceが不利(-36.5pt)、1号艇のracer_win_teが不利(-21.0pt) / [2着]2号艇のsession_exh_rel_avgが有利(+11.5pt)、6号艇の年齢が不利(-7.9pt) / [候補2]3号艇のsession_exh_rel_avgが不利(-12.0pt)、3号艇の枠別平均STが有利(+8.6pt) / [除外]6号艇の直近平均着順が不利(-25.6pt)、6号艇の全国勝率が不利(-17.0pt)、天気+8.6pt
127,22,福岡,4,13:19,0.2945553503497365,3,0.4440688775859216,2,0.29457782154062495,0.21757233724589634,0.1649234446642231,0.5737232544623234,0.17451300205920922,0.32441761241082445,1-3,1-2,0.08676947342916094,0.1308028638167354,0.026163342523850608,0.04857908302395562,0.002240591259435615,True,True,False,False,予選,2026-09-15,1号艇のdominance,-0.3218,1号艇のracer_win_te,-0.1796,1号艇のvs_max234_diff,-0.1566,1号艇のsession_exh_rel_avg,-0.1089,1号艇の全国勝率,-0.0904,3号艇のsession_exh_rel_avg,-0.1141,3号艇の当地勝率,0.0739,6号艇のracer_2nd_te,-0.0634,3号艇のwin_rate_rank_2to6,0.0586,場特性:1x_diff_course3,0.0534,5号艇のsession_avg_finish,-0.064,場特性:1x_diff_course2,0.0564,1号艇の年齢,0.0508,2号艇の一般戦勝率,-0.0504,2号艇のsession_exh_rel_avg,-0.0488,-0.0045,北 5.0m/s,[逃げ]1号艇のdominanceが不利(-32.2pt)、1号艇のracer_win_teが不利(-18.0pt) / [2着]3号艇のsession_exh_rel_avgが不利(-11.4pt)、3号艇の当地勝率が有利(+7.4pt) / [候補2]5号艇のsession_avg_finishが不利(-6.4pt)、場特性:1x_diff_course2が有利(+5.6pt) / [除外]ST差分(6-5)が不利(-7.6pt)、win_rate_range_1to6が不利(-6.4pt)、天気-0.5pt
128,06,浜名湖,5,13:29,0.3553615104259421,4,0.4216405947552253,3,0.19561483138767277,0.21934882055274882,0.17229288094006334,0.44496254520283474,0.17399813228414315,0.28703293794777457,1-4,1-3,0.061226258406497924,0.06951398194363939,0.14983483860910943,0.04168073496055782,0.03310569915378711,True,True,False,False,一般,2026-09-15,1号艇のdominance,-0.2407,1号艇のracer_win_te,-0.1627,1号艇の平均ST,-0.1012,1号艇の級別順位,-0.0752,1号艇のvs_max234_diff,-0.0724,4号艇のclass_rank_2to6,0.213,4号艇のwin_rate_rank_2to6,0.1677,4号艇のsession_exh_rel_avg,-0.0915,4号艇の全国勝率,0.0576,1号艇の平均ST,0.0505,3号艇のwin_rate_rank_2to6,-0.1354,3号艇のsession_exh_rel_avg,-0.1111,3号艇のcumulative_diff_rank_2to6,-0.047,3号艇のモーター2連率,-0.0417,3号艇の当地勝率,-0.0368,-0.0331,南東 1.1m/s,[逃げ]1号艇のdominanceが不利(-24.1pt)、1号艇のracer_win_teが不利(-16.3pt) / [2着]4号艇のclass_rank_2to6が有利(+21.3pt)、4号艇のwin_rate_rank_2to6が有利(+16.8pt) / [候補2]3号艇のwin_rate_rank_2to6が不利(-13.5pt)、3号艇のsession_exh_rel_avgが不利(-11.1pt) / [除外]6号艇のsession_exh_rel_avgが不利(-7.1pt)、2号艇のwin_rate_rank_2to6が不利(-6.9pt)、天気-3.3pt
129,22,福岡,2,12:16,0.3600135083007251,3,0.35422411197183473,5,0.3077689511570867,0.2383264451277864,0.2271271812207214,0.4348658819082001,0.17336994869711156,0.2972882761619105,1-3,1-5,0.08176885334172647,0.1275254652756891,0.039279554824586706,0.11080097985209729,0.0006386551533143516,True,True,False,False,予選,2026-09-15,1号艇の年齢,-0.1837,1号艇の体重,-0.1248,1号艇のdominance,-0.1145,1号艇のsession_exh_rel_avg,0.1141,1号艇の級別順位,-0.1038,3号艇のwin_rate_rank_2to6,0.1583,風向(度),0.0854,3号艇のsession_exh_rel_avg,-0.0639,場特性:1x_diff_course3,0.0492,3号艇の当地勝率,-0.0476,5号艇のclass_rank_2to6,0.1505,5号艇のsession_exh_rel_avg,0.142,5号艇のwin_rate_rank_2to6,0.1303,4号艇のsession_exh_rel_avg,0.1078,4号艇のsession_exh_rel_delta,0.082,0.0677,北 5.1m/s,[逃げ]1号艇の年齢が不利(-18.4pt)、1号艇の体重が不利(-12.5pt) / [2着]3号艇のwin_rate_rank_2to6が有利(+15.8pt)、風向(度)が有利(+8.5pt) / [候補2]5号艇のclass_rank_2to6が有利(+15.1pt)、5号艇のsession_exh_rel_avgが有利(+14.2pt) / [除外]6号艇の直近平均着順が不利(-29.5pt)、6号艇の全国勝率が不利(-15.3pt)、天気+6.8pt
130,09,津,2,11:03,0.3471270830280492,2,0.3952113449895668,4,0.28162373743833236,0.23494778785424586,0.22433251716412134,0.4525025652637778,0.1717000734724639,0.30021422107710544,1-2,1-4,0.13718856136582033,0.07787189231152121,0.09775922648842551,0.013899055376502824,0.02040835201180129,True,True,False,False,予選,2026-09-15,1号艇のracer_win_te,-0.1623,1号艇のdominance,-0.154,1号艇の年齢,-0.1394,1号艇の全国勝率,-0.0895,1号艇の級別順位,0.0801,2号艇のwin_rate_rank_2to6,0.1829,2号艇のsession_exh_rel_avg,-0.1202,全艇平均勝率,0.0906,3号艇の全国勝率,-0.0654,2号艇の節間得点,-0.0589,4号艇のsession_exh_rel_avg,-0.1054,5号艇のracer_win_te,0.1049,4号艇のwin_rate_rank_2to6,-0.0774,4号艇のclass_rank_2to6,-0.0549,4号艇の年齢,-0.0542,0.0316,東 0.9m/s,[逃げ]1号艇のracer_win_teが不利(-16.2pt)、1号艇のdominanceが不利(-15.4pt) / [2着]2号艇のwin_rate_rank_2to6が有利(+18.3pt)、2号艇のsession_exh_rel_avgが不利(-12.0pt) / [候補2]4号艇のsession_exh_rel_avgが不利(-10.5pt)、5号艇のracer_win_teが有利(+10.5pt) / [除外]5号艇のracer_win_teが不利(-10.1pt)、6号艇のsession_exh_rel_avgが不利(-5.7pt)、天気+3.2pt
131,08,常滑,4,12:08,0.387252367788012,3,0.28328634439722805,4,0.27546792067741155,0.21637891216180466,0.2164855404534372,0.34226872462120234,0.16016742527131456,0.2541458558996239,1-3,1-4,0.08383453813246101,0.10970330762983678,0.10667560453196788,0.050456649705516,0.03658227355874025,True,True,False,False,予選,2026-09-15,1号艇のdominance,-0.2641,1号艇のracer_win_te,-0.2507,1号艇の女子戦比率,-0.1397,1号艇の年齢,0.1261,1号艇の全国2連率,-0.1134,6号艇の女子戦比率,0.0971,3号艇のwin_rate_rank_2to6,-0.094,3号艇の全国勝率,-0.0879,3号艇のsession_exh_rel_avg,0.0769,3号艇の節間得点,-0.072,4号艇のwin_rate_rank_2to6,-0.1504,4号艇のclass_rank_2to6,-0.0901,4号艇の全国勝率,-0.0851,4号艇の年齢,0.0824,1号艇vs5号艇の枠別平均ST差,0.0754,-0.0231,東 0.5m/s,[逃げ]1号艇のdominanceが不利(-26.4pt)、1号艇のracer_win_teが不利(-25.1pt) / [2着]6号艇の女子戦比率が有利(+9.7pt)、3号艇のwin_rate_rank_2to6が不利(-9.4pt) / [候補2]4号艇のwin_rate_rank_2to6が不利(-15.0pt)、4号艇のclass_rank_2to6が不利(-9.0pt) / [除外]2号艇のwin_rate_rank_2to6が不利(-6.8pt)、6号艇の女子戦比率が不利(-5.9pt)、天気-2.3pt
132,20,若松,2,15:50,0.37038284498153423,3,0.32414545787602006,2,0.265952212841215,0.21856205409722612,0.2248294962010972,0.36526817451613786,0.15959501828359857,0.2625738902228996,1-3,1-2,0.09850413722126374,0.12005791687596237,0.055906334769984134,0.08327298843872742,0.012641469055380192,True,False,False,False,一般戦,2026-09-15,1号艇のracer_win_te,-0.1486,1号艇のsession_exh_rel_avg,-0.1358,1号艇vs2号艇のcumulative差,-0.1005,1号艇のsession_exh_rel_last,-0.0985,1号艇vs4号艇のcumulative差,-0.0819,3号艇の節間得点,-0.1236,3号艇のsession_exh_rel_avg,-0.0663,3号艇のwin_rate_rank_2to6,0.0651,3号艇のracer_avgfin_te,-0.0561,3号艇のracer_win_te,-0.0522,2号艇のwin_rate_rank_2to6,-0.1441,6号艇のsession_rank_diff_last,-0.0896,2号艇のsession_exh_rel_avg,0.0705,2号艇の全国勝率,-0.0534,2号艇の当地勝率,-0.0497,0.0519,北 3.7m/s,[逃げ]1号艇のracer_win_teが不利(-14.9pt)、1号艇のsession_exh_rel_avgが不利(-13.6pt) / [2着]3号艇の節間得点が不利(-12.4pt)、3号艇のsession_exh_rel_avgが不利(-6.6pt) / [候補2]2号艇のwin_rate_rank_2to6が不利(-14.4pt)、6号艇のsession_rank_diff_lastが不利(-9.0pt) / [除外]6号艇のsession_exh_rel_avgが不利(-5.3pt)、4号艇のwin_rate_rank_2to6が不利(-5.1pt)、天気+5.2pt
133,04,平和島,1,10:55,0.21686990599837233,3,0.41475106786017024,2,0.39242088981304846,0.17505130658511311,0.07884429149694215,0.7283276661762765,0.1584891510931324,0.3410342144624621,1-3,1-2,0.08510428148555345,0.08994702509955967,0.017098954085450112,0.011335765927935703,0.013383879803825063,False,False,True,False,予選,2026-09-15,3号艇のsession_exh_rel_avg,-0.1246,場特性:in_escape_diff,-0.1226,1号艇のracer_win_te,-0.1138,場×風向,-0.0997,1号艇の直近1着率,-0.0931,3号艇のwin_rate_rank_2to6,0.1444,3号艇のclass_rank_2to6,0.0518,5号艇のsession_rank_diff_last,0.0406,1号艇vs3号艇の直近複勝率差,0.0345,場特性:1x_diff_course3,-0.0317,1号艇の直近複勝率,0.0664,2号艇のsession_exh_rel_avg,0.0643,2号艇のwin_rate_rank_2to6,0.0502,3号艇のsession_exh_rel_avg,0.0465,2号艇のracer_avgfin_te,-0.0382,-0.2199,南西 4.2m/s,[逃げ]3号艇のsession_exh_rel_avgが不利(-12.5pt)、場特性:in_escape_diffが不利(-12.3pt) / [2着]3号艇のwin_rate_rank_2to6が有利(+14.4pt)、3号艇のclass_rank_2to6が有利(+5.2pt) / [候補2]1号艇の直近複勝率が有利(+6.6pt)、2号艇のsession_exh_rel_avgが有利(+6.4pt)、天気-22.0pt
134,10,三国,8,11:50,0.3294421424733869,3,0.35025734775419304,2,0.28079751882152937,0.20789606726296328,0.217271909930689,0.4137829566450334,0.15369209654139968,0.26966213407758427,1-3,1-2,0.09250653620177582,0.11538953106118748,0.07157852350685093,0.02071640907027884,0.029251138951490972,True,True,False,False,一般,2026-09-15,1号艇のracer_win_te,-0.2074,1号艇のsession_exh_rel_avg,-0.1585,1号艇のsession_avg_finish,-0.1107,1号艇のdominance,0.0825,1号艇の節間得点,-0.0778,3号艇の年齢,-0.0913,3号艇のwin_rate_rank_2to6,-0.0897,3号艇のcumulative_diff_rank_2to6,-0.0584,3号艇の全国勝率,-0.0403,second_best_win_rate,0.0388,2号艇のsession_exh_rel_avg,-0.0908,2号艇のwin_rate_rank_2to6,0.082,2号艇のracer_avgfin_te,-0.0584,2号艇の全国勝率,-0.046,2号艇のsession_avg_finish,-0.0444,0.0044,北東 5.9m/s,[逃げ]1号艇のracer_win_teが不利(-20.7pt)、1号艇のsession_exh_rel_avgが不利(-15.8pt) / [2着]3号艇の年齢が不利(-9.1pt)、3号艇のwin_rate_rank_2to6が不利(-9.0pt) / [候補2]2号艇のsession_exh_rel_avgが不利(-9.1pt)、2号艇のwin_rate_rank_2to6が有利(+8.2pt) / [除外]6号艇のsession_exh_rel_avgが不利(-5.6pt)、5号艇のsession_exh_rel_avgが不利(-5.4pt)、天気+0.4pt
135,04,平和島,2,11:24,0.33328016264986376,2,0.30678893452961403,3,0.3021120634452703,0.2029346236427338,0.21019158362466706,0.39870941435021723,0.15174844374384336,0.2616670608549788,1-2,1-3,0.10224666599920818,0.10068795764352564,0.07005268517806147,0.04592579464769838,0.014367062906066147,True,True,False,False,予選,2026-09-15,4号艇のsession_exh_rel_avg,-0.1604,場特性:in_escape_diff,-0.1342,1号艇のdominance,-0.109,場×風向,-0.0983,1号艇の級別順位,-0.0952,2号艇のsession_exh_rel_avg,-0.118,4号艇のsession_exh_rel_avg,-0.0484,2号艇のwin_rate_rank_2to6,-0.0433,5号艇の年齢,0.0417,2号艇のclass_rank_2to6,-0.0405,3号艇のwin_rate_rank_2to6,0.0406,3号艇のsession_exh_rel_avg,-0.0403,場特性:1x_diff_course3,-0.0376,3号艇のモーター2連率,-0.034,1号艇vs4号艇のlocal_win_rate差,-0.0329,-0.1118,南西 3.7m/s,[逃げ]4号艇のsession_exh_rel_avgが不利(-16.0pt)、場特性:in_escape_diffが不利(-13.4pt) / [2着]2号艇のsession_exh_rel_avgが不利(-11.8pt)、4号艇のsession_exh_rel_avgが不利(-4.8pt) / [候補2]3号艇のwin_rate_rank_2to6が有利(+4.1pt)、3号艇のsession_exh_rel_avgが不利(-4.0pt) / [除外]6号艇のwin_rate_rank_2to6が不利(-6.8pt)、天気-11.2pt
136,22,福岡,5,13:44,0.3005138417599569,2,0.3652196769571757,3,0.3152647804846958,0.20449499856379671,0.24531146350653776,0.4351729939353338,0.14429703771085395,0.27369839717525785,1-2,1-3,0.10975356820873128,0.09474143035506542,0.019440976646054115,0.07371949032610713,0.0028583760840612676,True,True,False,False,予選,2026-09-15,1号艇のdominance,-0.3203,1号艇のracer_win_te,-0.1465,1号艇の年齢,-0.1078,1号艇の級別順位,-0.0842,1号艇のsession_exh_rel_avg,-0.0816,2号艇のclass_rank_2to6,0.0952,5号艇のsession_rank_diff_last,-0.0916,2号艇の当地勝率,0.0817,2号艇のsession_exh_rel_avg,-0.0767,場特性:1x_diff_course2,0.0557,3号艇のsession_exh_rel_avg,0.0747,3号艇のwin_rate_rank_2to6,-0.0723,3号艇の全国勝率,-0.0527,3号艇のracer_avgfin_te,0.0508,3号艇のcumulative_diff_rank_2to6,0.0458,0.0455,北 5.0m/s,[逃げ]1号艇のdominanceが不利(-32.0pt)、1号艇のracer_win_teが不利(-14.7pt) / [2着]2号艇のclass_rank_2to6が有利(+9.5pt)、5号艇のsession_rank_diff_lastが不利(-9.2pt) / [候補2]3号艇のsession_exh_rel_avgが有利(+7.5pt)、3号艇のwin_rate_rank_2to6が不利(-7.2pt) / [除外]4号艇のracer_avgfin_teが不利(-8.6pt)、6号艇のwin_rate_rank_2to6が不利(-5.7pt)、天気+4.6pt
137,11,琵琶湖,6,12:55,0.25213375985722386,4,0.3707653941208512,2,0.33157747617139455,0.1770843485956984,0.1764892180050826,0.5258536522871631,0.1395801747501853,0.2817151397031378,1-4,1-2,0.08360187575106276,0.04449889010988273,0.09348247284463565,0.022763737256142325,0.007786782956228964,True,True,False,False,予選,2026-09-15,1号艇の女子戦比率,-0.2714,1号艇のracer_win_te,-0.1524,1号艇の級別順位,-0.0957,1号艇の直近1着率,-0.081,4号艇のsession_exh_rel_avg,-0.0756,4号艇のwin_rate_rank_2to6,0.1556,4号艇のsession_exh_rel_avg,0.1038,1号艇の女子戦比率,0.0761,4号艇のcumulative_diff_rank_2to6,0.0745,4号艇の節間得点,0.0548,2号艇のsession_exh_rel_avg,0.1024,2号艇の直近平均着順,-0.0406,2号艇の当地勝率,-0.0379,2号艇のsession_avg_finish,0.0311,2号艇のclass_rank_2to6,0.0306,0.0026,東 1.4m/s,[逃げ]1号艇の女子戦比率が不利(-27.1pt)、1号艇のracer_win_teが不利(-15.2pt) / [2着]4号艇のwin_rate_rank_2to6が有利(+15.6pt)、4号艇のsession_exh_rel_avgが有利(+10.4pt) / [候補2]2号艇のsession_exh_rel_avgが有利(+10.2pt)、2号艇の直近平均着順が不利(-4.1pt) / [除外]6号艇のwin_rate_rank_2to6が不利(-7.9pt)、1号艇のsession_exh_rel_deltaが不利(-6.3pt)、天気影響ほぼなし
138,04,平和島,5,12:52,0.23385197518652537,2,0.5305195095093544,3,0.19674418750060182,0.170072052027233,0.17353063426636273,0.5537330627435936,0.1346567987561119,0.2851703552421411,1-2,1-3,0.12406303517374917,0.04600901685348383,0.040580481578559466,0.013842916013635926,0.009356522082430997,True,True,False,False,予選,2026-09-15,1号艇のdominance,-0.2628,1号艇のracer_win_te,-0.1874,1号艇のvs_max234_diff,-0.1494,1号艇のsession_exh_rel_avg,0.1145,場特性:in_escape_diff,-0.1131,2号艇のwin_rate_rank_2to6,0.1955,2号艇のclass_rank_2to6,0.0916,2号艇の全国勝率,0.0528,1号艇vs2号艇のplace_rate差,-0.0444,3号艇のモーター2連率,0.0302,3号艇のwin_rate_rank_2to6,-0.1375,6号艇のsession_rank_diff_delta,-0.0699,3号艇のsession_exh_rel_avg,-0.0663,3号艇の全国勝率,-0.0495,3号艇の当地勝率,0.0362,-0.0929,南西 3.1m/s,[逃げ]1号艇のdominanceが不利(-26.3pt)、1号艇のracer_win_teが不利(-18.7pt) / [2着]2号艇のwin_rate_rank_2to6が有利(+19.6pt)、2号艇のclass_rank_2to6が有利(+9.2pt) / [候補2]3号艇のwin_rate_rank_2to6が不利(-13.8pt)、6号艇のsession_rank_diff_deltaが不利(-7.0pt) / [除外]5号艇のwin_rate_rank_2to6が不利(-5.2pt)、天気-9.3pt
139,19,下関,3,16:23,0.34552681847827943,5,0.28822996879804286,2,0.21827748672243932,0.17501190964152083,0.19346704055496722,0.31304041496551493,0.13438106617725878,0.21642046123871905,1-5,1-2,0.07542072553263934,0.05032519759131526,0.06684805100336608,0.0995911841088815,0.05334166024207724,True,False,False,False,予選,2026-09-15,1号艇のdominance,-0.2087,1号艇の級別順位,-0.1002,3号艇の枠別出走数,-0.0833,場特性:in_escape_diff,0.0774,2号艇のsession_exh_rel_avg,-0.0765,5号艇のwin_rate_rank_2to6,0.1283,3号艇のracer_avgfin_te,0.0968,1号艇のsession_rank_diff_last,-0.0865,5号艇のsession_exh_rel_avg,0.0784,avg_456_win_rate,0.0729,2号艇のwin_rate_rank_2to6,-0.1784,2号艇の全国勝率,-0.1487,2号艇のsession_exh_rel_avg,0.1048,1号艇vs3号艇の枠別平均ST差,-0.1017,3号艇のracer_2nd_te,0.056,0.0312,北西 2.8m/s,[逃げ]1号艇のdominanceが不利(-20.9pt)、1号艇の級別順位が不利(-10.0pt) / [2着]5号艇のwin_rate_rank_2to6が有利(+12.8pt)、3号艇のracer_avgfin_teが有利(+9.7pt) / [候補2]2号艇のwin_rate_rank_2to6が不利(-17.8pt)、2号艇の全国勝率が不利(-14.9pt) / [除外]3号艇のracer_2nd_teが不利(-6.9pt)、天気+3.1pt
140,09,津,3,11:33,0.2521807865567235,2,0.4575637124241648,5,0.2069305760763474,0.16757269233650954,0.16816576566478758,0.4963285228357247,0.13375670420297472,0.26619944148627406,1-2,1-5,0.11538877689894032,0.032278852893789525,0.04240817505725978,0.0521839154375692,0.009921067678334637,True,True,False,False,予選,2026-09-15,1号艇の年齢,-0.0966,2号艇のsession_exh_rel_avg,-0.0964,1号艇のdominance,-0.0917,1号艇のsession_exh_rel_avg,-0.0893,6号艇の枠別出走数,-0.0782,2号艇のsession_exh_rel_avg,0.1817,2号艇のracer_avgfin_te,0.0835,2号艇のwin_rate_rank_2to6,0.0817,6号艇の一般戦勝率,0.0762,1号艇の年齢,0.0616,5号艇のwin_rate_rank_2to6,0.2221,2号艇のracer_2nd_te,-0.1104,5号艇のclass_rank_2to6,0.0697,5号艇の級別,0.0486,3号艇の年齢,0.0471,0.0344,東 1.3m/s,[逃げ]1号艇の年齢が不利(-9.7pt)、2号艇のsession_exh_rel_avgが不利(-9.6pt) / [2着]2号艇のsession_exh_rel_avgが有利(+18.2pt)、2号艇のracer_avgfin_teが有利(+8.3pt) / [候補2]5号艇のwin_rate_rank_2to6が有利(+22.2pt)、2号艇のracer_2nd_teが不利(-11.0pt) / [除外]6号艇のsession_exh_rel_avgが不利(-5.8pt)、3号艇のwin_rate_rank_2to6が不利(-5.2pt)、天気+3.4pt
141,04,平和島,3,11:54,0.17188161913595335,3,0.6830408695617258,2,0.1537736143313697,0.14383302840796242,0.06292982997301028,0.7738846539200852,0.13297136278130292,0.33284851606159926,1-3,1-2,0.026430857811663468,0.11740217059629894,0.007759952657520965,0.009472161164766747,0.010816481067711254,True,True,False,False,予選,2026-09-15,1号艇のdominance,-0.3303,3号艇のracer_win_te,-0.1542,1号艇のvs_max234_diff,-0.1507,1号艇のsession_exh_rel_avg,0.1063,場特性:in_escape_diff,-0.1034,3号艇のwin_rate_rank_2to6,0.2257,3号艇の全国勝率,0.1467,3号艇のモーター2連率,0.1153,win_rate_gap_top2_2to6,0.0987,3号艇の当地勝率,0.0791,3号艇の全国2連率,0.1095,2号艇の全国勝率,-0.1041,2号艇のsession_avg_finish,-0.0733,2号艇のwin_rate_rank_2to6,-0.0703,6号艇のsession_exh_rel_last,-0.0667,-0.1659,南西 3.6m/s,[逃げ]1号艇のdominanceが不利(-33.0pt)、3号艇のracer_win_teが不利(-15.4pt) / [2着]3号艇のwin_rate_rank_2to6が有利(+22.6pt)、3号艇の全国勝率が有利(+14.7pt) / [候補2]3号艇の全国2連率が有利(+10.9pt)、2号艇の全国勝率が不利(-10.4pt) / [除外]5号艇のracer_avgfin_teが不利(-6.6pt)、4号艇のwin_rate_rank_2to6が不利(-5.2pt)、天気-16.6pt
142,14,鳴門,6,11:00,0.1818689400294866,2,0.4933663441813359,3,0.3305431384810693,0.1498435442920543,0.10376030831597371,0.7201491743464314,0.13118616946617212,0.32093523330836743,1-2,1-3,0.08972801406248242,0.060115530229571876,0.018870777290558863,0.012470022407265136,0.000684600358763862,True,True,False,False,予選,2026-09-15,1号艇のdominance,-0.3163,1号艇のracer_win_te,-0.1699,1号艇のvs_max234_diff,-0.1453,場特性:in_escape_diff,-0.1211,1号艇の年齢,-0.1049,2号艇のwin_rate_rank_2to6,0.2015,2号艇のclass_rank_2to6,0.0729,2号艇の全国勝率,0.0643,6号艇の年齢,-0.0516,1号艇の直近複勝率,0.0405,3号艇のwin_rate_rank_2to6,-0.0661,1号艇vs3号艇の直近複勝率差,0.052,3号艇のcumulative_diff_rank_2to6,0.0425,1号艇vs6号艇のplace_rate差,0.0399,3号艇のracer_2nd_te,0.038,-0.0077,北 6.2m/s,[逃げ]1号艇のdominanceが不利(-31.6pt)、1号艇のracer_win_teが不利(-17.0pt) / [2着]2号艇のwin_rate_rank_2to6が有利(+20.2pt)、2号艇のclass_rank_2to6が有利(+7.3pt) / [候補2]3号艇のwin_rate_rank_2to6が不利(-6.6pt)、1号艇vs3号艇の直近複勝率差が有利(+5.2pt) / [除外]6号艇の全国勝率が不利(-17.3pt)、6号艇のvs_avg456_diffが不利(-14.2pt)、天気-0.8pt
143,10,三国,7,11:19,0.2929369033930963,3,0.3066643671938637,5,0.28478016877555085,0.17325593089564703,0.23234050258411565,0.35910403338529884,0.12495068682367892,0.22901036164254257,1-3,1-5,0.049041897379633166,0.08983331010677387,0.06806110735978653,0.08342262078887319,0.002577966939573298,True,True,False,False,一般,2026-09-15,1号艇のdominance,-0.2634,1号艇の体重,-0.0833,1号艇の全国勝率,-0.0787,1号艇の級別順位,-0.0686,1号艇vs4号艇のcumulative差,0.0593,3号艇のsession_exh_rel_avg,0.1347,1号艇vs5号艇のplace_rate差,0.0825,3号艇のracer_avgfin_te,-0.076,3号艇のwin_rate_rank_2to6,-0.0702,3号艇の全国勝率,0.0531,5号艇のwin_rate_rank_2to6,0.2475,5号艇のclass_rank_2to6,0.2159,5号艇のsession_exh_rel_avg,0.0974,1号艇vs5号艇のlocal_win_rate差,0.085,場特性:1x_diff_course5,-0.0769,-0.0227,北東 6.0m/s,[逃げ]1号艇のdominanceが不利(-26.3pt)、1号艇の体重が不利(-8.3pt) / [2着]3号艇のsession_exh_rel_avgが有利(+13.5pt)、1号艇vs5号艇のplace_rate差が有利(+8.2pt) / [候補2]5号艇のwin_rate_rank_2to6が有利(+24.8pt)、5号艇のclass_rank_2to6が有利(+21.6pt) / [除外]6号艇のwin_rate_rank_2to6が不利(-7.4pt)、6号艇のvs_avg456_diffが不利(-5.1pt)、天気-2.3pt
144,09,津,4,12:03,0.2986533111741676,3,0.3455268712225256,2,0.2717034170717503,0.18433786935607158,0.2700987818439564,0.34713150645031954,0.12459054860312921,0.23317596048434594,1-3,1-2,0.08114512516581408,0.10319274419025748,0.08066589554180673,0.025232097634915417,0.00841745031022931,True,True,False,False,予選,2026-09-15,1号艇の女子戦比率,-0.2808,1号艇のdominance,-0.2154,1号艇のsession_exh_rel_avg,0.1554,1号艇の体重,-0.1206,1号艇の級別順位,-0.0896,4号艇のsession_rank_diff_last,-0.1056,6号艇のモーター出走数,0.0981,3号艇のsession_exh_rel_avg,0.0831,3号艇のwin_rate_rank_2to6,0.0529,1号艇のモーター出走数,-0.052,2号艇のsession_exh_rel_avg,0.1064,2号艇のclass_rank_2to6,0.07,4号艇のsession_rank_diff_delta,-0.0612,1号艇vs6号艇の直近複勝率差,-0.0571,2号艇の全国勝率,0.0524,0.0908,北 0.5m/s,[逃げ]1号艇の女子戦比率が不利(-28.1pt)、1号艇のdominanceが不利(-21.5pt) / [2着]4号艇のsession_rank_diff_lastが不利(-10.6pt)、6号艇のモーター出走数が有利(+9.8pt) / [候補2]2号艇のsession_exh_rel_avgが有利(+10.6pt)、2号艇のclass_rank_2to6が有利(+7.0pt) / [除外]6号艇のwin_rate_rank_2to6が不利(-7.8pt)、天気+9.1pt
145,04,平和島,8,14:25,0.28876022895415,3,0.30662303107618205,2,0.29268997329931046,0.1730577603586667,0.2364419297609658,0.3628710746145267,0.12395602737549,0.23000175463542472,1-3,1-2,0.08451722370249294,0.08854053665617377,0.02874293766761103,0.018684509458597422,0.06827502577213754,True,True,False,False,予選,2026-09-15,1号艇の直近1着率,-0.2732,3号艇のsession_exh_rel_avg,-0.1703,場特性:in_escape_diff,-0.1336,場×風向,-0.0993,ST差分(4-3),-0.076,3号艇のsession_exh_rel_avg,0.1055,3号艇のsession_exh_rel_last,0.0512,3号艇の節間得点,0.0466,3号艇のwin_rate_rank_2to6,0.0448,1号艇のsession_rank_diff_delta,0.0412,2号艇のsession_exh_rel_avg,0.0733,2号艇の全国勝率,-0.069,ST差分(3-2),-0.0666,5号艇のsession_exh_rel_last,0.0648,2号艇のclass_rank_2to6,-0.0507,-0.1,南西 2.4m/s,[逃げ]1号艇の直近1着率が不利(-27.3pt)、3号艇のsession_exh_rel_avgが不利(-17.0pt) / [2着]3号艇のsession_exh_rel_avgが有利(+10.5pt)、3号艇のsession_exh_rel_lastが有利(+5.1pt) / [候補2]2号艇のsession_exh_rel_avgが有利(+7.3pt)、2号艇の全国勝率が不利(-6.9pt)、天気-10.0pt
146,09,津,8,14:04,0.23370857555946722,2,0.3947183976653036,3,0.2483145692520322,0.15028231873602857,0.17866188954475695,0.4643710773725789,0.11806265109937301,0.24450894632699366,1-2,1-3,0.09224907446547344,0.058033244270555125,0.036344929594815924,0.041754815712268016,0.005326517610780738,True,True,False,False,予選,2026-09-15,1号艇のdominance,-0.2555,1号艇のracer_win_te,-0.2243,1号艇の級別順位,-0.0988,1号艇vs2号艇のcumulative差,-0.0882,1号艇vs4号艇の枠別勝率差,-0.0753,2号艇のwin_rate_rank_2to6,-0.1069,2号艇のsession_exh_rel_avg,0.0921,2号艇の全国勝率,0.0521,1号艇vs2号艇のcumulative差,0.0503,2号艇の当地勝率,-0.0398,3号艇のwin_rate_rank_2to6,0.0671,4号艇のモーター出走数,-0.0671,3号艇のcumulative_diff_rank_2to6,-0.0596,3号艇の節間得点,-0.0428,6号艇のsession_rank_diff_last,0.0396,0.0612,北西 2.2m/s,[逃げ]1号艇のdominanceが不利(-25.6pt)、1号艇のracer_win_teが不利(-22.4pt) / [2着]2号艇のwin_rate_rank_2to6が不利(-10.7pt)、2号艇のsession_exh_rel_avgが有利(+9.2pt) / [候補2]3号艇のwin_rate_rank_2to6が有利(+6.7pt)、4号艇のモーター出走数が不利(-6.7pt) / [除外]6号艇のwin_rate_rank_2to6が不利(-5.6pt)、天気+6.1pt
147,08,常滑,7,13:38,0.2162529996614063,4,0.3417959020164718,3,0.33188048839872625,0.14568454022835525,0.21723492455669197,0.45644146585850615,0.10770721610165551,0.2389116179174005,1-4,1-3,0.046977704066603926,0.0717701511453171,0.07391438908303814,0.008927533690708965,0.014663222078540747,True,True,False,False,予選,2026-09-15,1号艇のdominance,-0.428,1号艇のracer_win_te,-0.2401,1号艇の全国2連率,-0.1826,6号艇の枠別出走数,-0.1391,1号艇の直近1着率,-0.1201,6号艇の一般戦2連率,0.1362,4号艇のsession_exh_rel_avg,-0.1212,5号艇のracer_win_te,0.0996,4号艇のwin_rate_rank_2to6,0.0759,1号艇の一般戦2連率,0.0728,3号艇のsession_exh_rel_avg,-0.1233,3号艇のwin_rate_rank_2to6,-0.0686,1号艇vs6号艇のplace_rate差,0.0418,3号艇のモーター2連率,-0.0375,3号艇の性別,-0.034,0.049,北西 3.5m/s,[逃げ]1号艇のdominanceが不利(-42.8pt)、1号艇のracer_win_teが不利(-24.0pt) / [2着]6号艇の一般戦2連率が有利(+13.6pt)、4号艇のsession_exh_rel_avgが不利(-12.1pt) / [候補2]3号艇のsession_exh_rel_avgが不利(-12.3pt)、3号艇のwin_rate_rank_2to6が不利(-6.9pt) / [除外]5号艇のracer_win_teが不利(-9.6pt)、5号艇のracer_avgfin_teが不利(-5.5pt)、天気+4.9pt
148,07,蒲郡,1,15:19,0.23716252578885416,4,0.3406435860953323,2,0.3342077134931716,0.1600494387423003,0.2728150248480925,0.40203627474041137,0.10765276881341561,0.23264548954173359,1-4,1-2,0.07926154547015829,0.06470150036612263,0.080787893272142,0.00719208001229755,0.00521950622638406,True,False,False,False,予選,2026-09-15,1号艇のracer_win_te,-0.2241,1号艇のdominance,-0.1745,1号艇の年齢,0.1326,6号艇のモーター2連率,-0.1252,1号艇vs4号艇の枠別勝率差,-0.1101,4号艇のclass_rank_2to6,0.23,4号艇のwin_rate_rank_2to6,0.1622,4号艇のsession_exh_rel_avg,-0.0967,3号艇のモーター2連率,-0.0589,2号艇の枠別出走数,0.0529,2号艇のsession_exh_rel_avg,-0.1085,2号艇のclass_rank_2to6,-0.0575,2号艇のwin_rate_rank_2to6,0.0525,2号艇の全国勝率,0.0415,2号艇の当地勝率,0.0399,-0.0062,東 2.3m/s,[逃げ]1号艇のracer_win_teが不利(-22.4pt)、1号艇のdominanceが不利(-17.4pt) / [2着]4号艇のclass_rank_2to6が有利(+23.0pt)、4号艇のwin_rate_rank_2to6が有利(+16.2pt) / [候補2]2号艇のsession_exh_rel_avgが不利(-10.8pt)、2号艇のclass_rank_2to6が不利(-5.7pt) / [除外]5号艇の直近平均着順が不利(-12.7pt)、6号艇のwin_rate_rank_2to6が不利(-5.9pt)、天気-0.6pt
149,14,鳴門,2,09:10,0.14759507222946894,2,0.441156433694458,3,0.3234746762882096,0.11285578390679082,0.1406096658466633,0.6240214441360044,0.0938134470299943,0.2662054819755549,1-2,1-3,0.06511251569562845,0.04774326821116238,0.010486542685831836,0.02075329378679976,0.0034994540493844687,False,False,True,False,どーなるなる,2026-09-15,1号艇のdominance,-0.2475,1号艇のracer_win_te,-0.2146,1号艇の年齢,-0.1545,4号艇の直近複勝率,-0.1337,場特性:in_escape_diff,-0.1264,2号艇の全国勝率,0.0677,2号艇のsession_exh_rel_avg,0.0521,4号艇のracer_avgfin_te,0.0507,avg_456_win_rate,0.0362,1号艇vs5号艇の級別差,0.0328,3号艇のwin_rate_rank_2to6,0.0699,場特性:1x_diff_course3,-0.0493,3号艇のcumulative_diff_rank_2to6,0.0371,4号艇の女子戦2連率,0.0367,3号艇のracer_avgfin_te,0.033,0.0089,北 3.9m/s,[逃げ]1号艇のdominanceが不利(-24.7pt)、1号艇のracer_win_teが不利(-21.5pt) / [2着]2号艇の全国勝率が有利(+6.8pt)、2号艇のsession_exh_rel_avgが有利(+5.2pt) / [候補2]3号艇のwin_rate_rank_2to6が有利(+7.0pt)、場特性:1x_diff_course3が不利(-4.9pt) / [除外]6号艇のracer_win_teが不利(-11.0pt)、4号艇のracer_avgfin_teが不利(-10.2pt)、天気+0.9pt
150,12,住之江,8,18:25,0.21730204473084935,4,0.29286680707976265,3,0.2654924162291328,0.1213326009193519,0.1903114330718014,0.368047790237094,0.0936234235282029,0.19534715771467454,1-4,1-3,0.04135506354216063,0.05769204490712428,0.06364055601222761,0.03667076653108207,0.017943612119228354,True,False,False,False,一般戦,2026-09-15,1号艇のdominance,-0.3689,1号艇の全国2連率,-0.2192,1号艇のvs_max234_diff,-0.1773,1号艇vs4号艇の枠別勝率差,-0.1176,1号艇のracer_win_te,-0.1164,4号艇の節間得点,-0.0896,3号艇の年齢,0.0795,場特性:1x_diff_course4,0.0736,1号艇の平均ST,0.0718,1号艇の級別,-0.0546,1号艇のvs_max234_diff,-0.1149,3号艇のwin_rate_rank_2to6,-0.0984,風向(度),0.0896,3号艇のsession_exh_rel_avg,0.0683,場特性:1x_diff_course3,0.0671,0.0502,北 0.8m/s,[逃げ]1号艇のdominanceが不利(-36.9pt)、1号艇の全国2連率が不利(-21.9pt) / [2着]4号艇の節間得点が不利(-9.0pt)、3号艇の年齢が有利(+8.0pt) / [候補2]1号艇のvs_max234_diffが不利(-11.5pt)、3号艇のwin_rate_rank_2to6が不利(-9.8pt) / [除外]2号艇のwin_rate_rank_2to6が不利(-5.6pt)、6号艇のsession_exh_rel_avgが不利(-5.3pt)、天気+5.0pt
151,19,下関,4,16:50,0.1861534225804441,2,0.4200312430449771,5,0.20971737048535335,0.11722985977396037,0.19318362092276858,0.4365649926075618,0.09005359322427788,0.2130303996240408,1-2,1-5,0.07819025348354083,0.035961792221256464,0.025740722374589676,0.03903960629041954,0.007221045089997653,True,False,False,False,予選,2026-09-15,1号艇のdominance,-0.3905,1号艇のracer_win_te,-0.3375,1号艇の年齢,-0.1892,1号艇の級別順位,-0.0991,1号艇の全国勝率,-0.0729,2号艇の女子戦比率,-0.133,2号艇の当地勝率,0.1195,2号艇のsession_exh_rel_avg,0.0937,2号艇のclass_rank_2to6,0.0808,2号艇の節間得点,0.0768,5号艇のwin_rate_rank_2to6,0.2364,5号艇のclass_rank_2to6,0.1745,5号艇の年齢,-0.0863,5号艇の女子戦勝率,-0.0634,5号艇の級別,0.0594,0.0847,北 3.4m/s,[逃げ]1号艇のdominanceが不利(-39.1pt)、1号艇のracer_win_teが不利(-33.8pt) / [2着]2号艇の女子戦比率が不利(-13.3pt)、2号艇の当地勝率が有利(+12.0pt) / [候補2]5号艇のwin_rate_rank_2to6が有利(+23.6pt)、5号艇のclass_rank_2to6が有利(+17.4pt)、天気+8.5pt
152,19,下関,12,20:45,0.1415486662099172,3,0.39239544088043443,2,0.3644676585304577,0.10713296222511576,0.1840481990422573,0.5728149003686348,0.08347180771840207,0.24683754366817146,1-3,1-2,0.05158991094163785,0.05554305128347792,0.026051777092768885,0.007480804915288701,0.0008831236245872152,False,False,False,False,一般シーボー,2026-09-15,1号艇のdominance,-0.3863,1号艇のracer_win_te,-0.2121,1号艇の女子戦比率,-0.194,1号艇のvs_max234_diff,-0.1473,1号艇の直近1着率,-0.1464,3号艇のsession_exh_rel_avg,0.0811,1号艇vs3号艇のcumulative差,0.071,1号艇のvs_max234_diff,-0.0551,3号艇のwin_rate_rank_2to6,-0.0535,3号艇の全国勝率,0.0446,2号艇のwin_rate_rank_2to6,0.1914,2号艇のclass_rank_2to6,0.0801,1号艇vs2号艇のplace_rate差,-0.0672,2号艇の体重,-0.0639,2号艇の全国勝率,0.0486,0.1736,北東 1.9m/s,[逃げ]1号艇のdominanceが不利(-38.6pt)、1号艇のracer_win_teが不利(-21.2pt) / [2着]3号艇のsession_exh_rel_avgが有利(+8.1pt)、1号艇vs3号艇のcumulative差が有利(+7.1pt) / [候補2]2号艇のwin_rate_rank_2to6が有利(+19.1pt)、2号艇のclass_rank_2to6が有利(+8.0pt) / [除外]6号艇のwin_rate_rank_2to6が不利(-9.0pt)、6号艇の直近平均着順が不利(-8.0pt)、天気+17.4pt
153,10,三国,5,10:18,0.16973987668005375,5,0.36273649758545345,3,0.2963890087697061,0.11187988216540276,0.2343182712041028,0.42480723515105673,0.08042128147958368,0.20575808806109894,1-5,1-3,0.0397731544580678,0.05030903379789328,0.014354276837042499,0.061570848367509486,0.0037325613225497488,False,False,True,False,一般,2026-09-15,1号艇のsession_exh_rel_avg,-0.2423,1号艇のdominance,-0.2349,1号艇vs2号艇のcumulative差,-0.1812,風速区分,-0.1316,1号艇vs3号艇のcumulative差,-0.104,5号艇のwin_rate_rank_2to6,0.1985,5号艇のclass_rank_2to6,0.1453,1号艇vs2号艇のcumulative差,0.1371,5号艇のsession_exh_rel_avg,0.123,1号艇のsession_rank_diff_last,-0.0824,1号艇vs3号艇のcumulative差,0.1321,3号艇のwin_rate_rank_2to6,-0.0602,3号艇のracer_avgfin_te,0.0546,3号艇の節間得点,0.0543,節間得点の分散(2-6号艇),0.0401,-0.1635,北東 6.5m/s,[逃げ]1号艇のsession_exh_rel_avgが不利(-24.2pt)、1号艇のdominanceが不利(-23.5pt) / [2着]5号艇のwin_rate_rank_2to6が有利(+19.8pt)、5号艇のclass_rank_2to6が有利(+14.5pt) / [候補2]1号艇vs3号艇のcumulative差が有利(+13.2pt)、3号艇のwin_rate_rank_2to6が不利(-6.0pt) / [除外]6号艇のwin_rate_rank_2to6が不利(-5.7pt)、4号艇のwin_rate_rank_2to6が不利(-5.4pt)、天気-16.4pt
154,09,津,7,13:34,0.15621199937501173,3,0.33090131154599367,4,0.32285186243703434,0.10212409040564871,0.20939617486272258,0.44435699912030546,0.07646281773491546,0.20479396302004574,1-3,1-4,0.03271019513678547,0.05169075547241333,0.05043333493323538,0.014010157638514886,0.007367560849543032,True,True,False,False,予選,2026-09-15,1号艇のracer_win_te,-0.3284,1号艇の年齢,-0.2777,1号艇のsession_exh_rel_avg,-0.2249,1号艇のdominance,-0.2243,1号艇の級別順位,-0.104,1号艇vs3号艇のcumulative差,0.0666,3号艇の節間得点,0.0491,2号艇の節間得点,0.045,3号艇のモーター2連率,-0.0415,3号艇のcumulative_diff_rank_2to6,0.0377,4号艇のwin_rate_rank_2to6,0.1356,4号艇のモーター2連率,0.0611,4号艇のcumulative_diff_rank_2to6,-0.0536,4号艇のsession_exh_rel_avg,0.0518,4号艇の全国勝率,0.0482,0.0604,北西 1.8m/s,[逃げ]1号艇のracer_win_teが不利(-32.8pt)、1号艇の年齢が不利(-27.8pt) / [2着]1号艇vs3号艇のcumulative差が有利(+6.7pt)、3号艇の節間得点が有利(+4.9pt) / [候補2]4号艇のwin_rate_rank_2to6が有利(+13.6pt)、4号艇のモーター2連率が有利(+6.1pt) / [除外]2号艇のwin_rate_rank_2to6が不利(-6.1pt)、天気+6.0pt
155,07,蒲郡,5,17:08,0.09586620706299764,3,0.5150052921895213,4,0.16134685837845156,0.06483931531385304,0.14413759988175356,0.5322145506862193,0.05362437536907503,0.2050518859255629,1-3,1-4,0.013817924995827692,0.04937160397958025,0.015467711334272794,0.013507673499439567,0.0037012927181831706,True,False,False,False,予選,2026-09-15,1号艇のdominance,-0.4942,1号艇のvs_max234_diff,-0.2698,1号艇のracer_win_te,-0.1832,3号艇のracer_win_te,-0.1228,1号艇の全国勝率,-0.0982,3号艇のwin_rate_rank_2to6,0.198,3号艇の全国勝率,0.1787,3号艇のsession_exh_rel_avg,0.1551,3号艇の当地勝率,0.0957,3号艇の全国2連率,-0.0691,3号艇の直近1着率,0.1212,4号艇のsession_exh_rel_avg,-0.1174,4号艇のclass_rank_2to6,-0.1136,4号艇のwin_rate_rank_2to6,-0.0964,4号艇のモーター2連率,0.0846,0.0006,東 2.3m/s,[逃げ]1号艇のdominanceが不利(-49.4pt)、1号艇のvs_max234_diffが不利(-27.0pt) / [2着]3号艇のwin_rate_rank_2to6が有利(+19.8pt)、3号艇の全国勝率が有利(+17.9pt) / [候補2]3号艇の直近1着率が有利(+12.1pt)、4号艇のsession_exh_rel_avgが不利(-11.7pt) / [除外]1号艇vs3号艇の直近複勝率差が不利(-9.3pt)、2号艇のwin_rate_rank_2to6が不利(-5.6pt)、天気影響ほぼなし
156,04,平和島,4,12:22,0.09636961376188799,4,0.2776674994870284,2,0.2211101591202007,0.0480670103130375,0.2108167261344729,0.2879609324727562,0.03590701461391769,0.12003518696095311,1-4,1-2,0.02130830063324334,0.02031632647212487,0.026758709679794157,0.017984715203511914,0.01000156320923286,True,True,False,False,予選,2026-09-15,1号艇のdominance,-0.3387,1号艇のracer_win_te,-0.2963,1号艇のsession_exh_rel_avg,-0.216,1号艇の年齢,0.1054,1号艇の直近1着率,-0.1048,4号艇のsession_exh_rel_avg,-0.1162,4号艇の年齢,-0.1049,1号艇の平均ST,0.1036,4号艇のclass_rank_2to6,-0.0955,4号艇のwin_rate_rank_2to6,0.0836,2号艇のwin_rate_rank_2to6,-0.1798,2号艇のsession_exh_rel_avg,0.1713,2号艇のsession_avg_finish,-0.0726,2号艇の全国勝率,-0.0702,2号艇のclass_rank_2to6,-0.0533,-0.1134,南西 3.2m/s,[逃げ]1号艇のdominanceが不利(-33.9pt)、1号艇のracer_win_teが不利(-29.6pt) / [2着]4号艇のsession_exh_rel_avgが不利(-11.6pt)、4号艇の年齢が不利(-10.5pt) / [候補2]2号艇のwin_rate_rank_2to6が不利(-18.0pt)、2号艇のsession_exh_rel_avgが有利(+17.1pt)、天気-11.3pt
