rank,venue_code,venue_name,race_no,closing_time,in_escape_prob,second_pred_1,second_pred_1_prob,second_pred_2,second_pred_2_prob,confidence_score,third_prob,top2_margin,adjusted_score,score_margin_blend,ticket_1,ticket_2,score_boat2,score_boat3,score_boat4,score_boat5,score_boat6,is_teppan,is_lunch,is_excluded,is_channel_target,race_grade,race_date,top_feat_1,top_feat_1_contrib,top_feat_2,top_feat_2_contrib,top_feat_3,top_feat_3_contrib,top_feat_4,top_feat_4_contrib,top_feat_5,top_feat_5_contrib,s2_top_feat_1,s2_top_feat_1_contrib,s2_top_feat_2,s2_top_feat_2_contrib,s2_top_feat_3,s2_top_feat_3_contrib,s2_top_feat_4,s2_top_feat_4_contrib,s2_top_feat_5,s2_top_feat_5_contrib,s2_top2_feat_1,s2_top2_feat_1_contrib,s2_top2_feat_2,s2_top2_feat_2_contrib,s2_top2_feat_3,s2_top2_feat_3_contrib,s2_top2_feat_4,s2_top2_feat_4_contrib,s2_top2_feat_5,s2_top2_feat_5_contrib,weather_contribution,wind_info,reason_text
1,17,宮島,3,11:43,0.7666714878911312,2,0.5633204816856359,3,0.27451886091075045,0.6423475354020988,0.07062526604529096,0.7672140765510954,0.5879083767045266,0.6798074977467977,1-2,1-3,0.43188175185347516,0.21046578354862353,0.0541463778016502,0.03769117758893932,0.03248640138255379,True,True,False,False,予選,2026-08-28,1号艇のdominance,0.2157,1号艇のracer_win_te,0.1005,1号艇の勝率順位,0.0919,風速区分,0.0833,1号艇の級別順位,0.0701,2号艇のwin_rate_rank_2to6,0.1693,2号艇のclass_rank_2to6,0.093,2号艇の全国勝率,0.0447,2号艇の当地勝率,0.0371,2号艇のsession_exh_rel_avg,0.0368,3号艇の女子戦比率,-0.0811,3号艇のwin_rate_rank_2to6,0.0604,3号艇の性別,-0.0556,3号艇の体重,-0.0551,場特性:1x_diff_course3,0.0521,0.0988,南東 1.8m/s,[逃げ]1号艇のdominanceが有利(+21.6pt)、1号艇のracer_win_teが有利(+10.0pt) / [2着]2号艇のwin_rate_rank_2to6が有利(+16.9pt)、2号艇のclass_rank_2to6が有利(+9.3pt) / [候補2]3号艇の女子戦比率が不利(-8.1pt)、3号艇のwin_rate_rank_2to6が有利(+6.0pt)、天気+9.9pt
2,13,尼崎,10,15:15,0.793105007257888,4,0.47860310675711704,2,0.3702042740589908,0.6731933839227081,0.10826062681592685,0.740546754000181,0.5857369786685394,0.6933993949459499,1-4,1-2,0.2936108634644571,0.08586204521658918,0.3795825204582511,0.026476088615562474,0.007573500213258893,True,False,False,False,準優勝戦,2026-08-28,1号艇のsession_exh_rel_avg,0.1702,風向(度),-0.1153,1号艇の節間得点,0.1139,1号艇のracer_win_te,0.1111,風速区分,0.0921,4号艇のwin_rate_rank_2to6,0.1831,4号艇の全国勝率,0.1511,4号艇のsession_exh_rel_avg,0.1091,4号艇のclass_rank_2to6,0.0915,4号艇の年齢,0.0816,2号艇のsession_exh_rel_avg,0.0806,3号艇のracer_2nd_te,0.0758,2号艇のモーター2連率,0.072,2号艇のclass_rank_2to6,0.07,2号艇の全国勝率,0.0521,0.0668,北 1.7m/s,[逃げ]1号艇のsession_exh_rel_avgが有利(+17.0pt)、風向(度)が不利(-11.5pt) / [2着]4号艇のwin_rate_rank_2to6が有利(+18.3pt)、4号艇の全国勝率が有利(+15.1pt) / [候補2]2号艇のsession_exh_rel_avgが有利(+8.1pt)、3号艇のracer_2nd_teが有利(+7.6pt) / [除外]6号艇のwin_rate_rank_2to6が不利(-8.5pt)、3号艇のwin_rate_rank_2to6が不利(-5.7pt)、天気+6.7pt
3,17,宮島,2,11:14,0.8607354533617657,2,0.4777158342992639,3,0.3024397466482134,0.6715075676595386,0.12358295470953111,0.6565726262379462,0.5719233004741272,0.6670270852330609,1-2,1-3,0.41118695521367105,0.2603206124458675,0.10637223054969482,0.0792920186188703,0.003563651764486822,True,True,False,False,予選,2026-08-28,1号艇のdominance,0.2073,1号艇のsession_exh_rel_avg,0.1618,1号艇のracer_win_te,0.119,風速区分,0.0889,1号艇の勝率順位,0.0785,2号艇のwin_rate_rank_2to6,0.0558,2号艇の全国勝率,0.0504,2号艇の当地勝率,-0.0447,3号艇の年齢,0.0366,1号艇vs6号艇のcumulative差,0.0343,3号艇のwin_rate_rank_2to6,-0.0928,3号艇の女子戦勝率,0.0762,場特性:1x_diff_course3,0.0513,3号艇の全国勝率,0.0489,4号艇のsession_rank_diff_last,0.0445,0.1046,南 1.9m/s,[逃げ]1号艇のdominanceが有利(+20.7pt)、1号艇のsession_exh_rel_avgが有利(+16.2pt) / [2着]2号艇のwin_rate_rank_2to6が有利(+5.6pt)、2号艇の全国勝率が有利(+5.0pt) / [候補2]3号艇のwin_rate_rank_2to6が不利(-9.3pt)、3号艇の女子戦勝率が有利(+7.6pt) / [除外]6号艇のwin_rate_rank_2to6が不利(-8.0pt)、6号艇の直近平均着順が不利(-7.1pt)、天気+10.5pt
4,15,丸亀,9,18:47,0.7240521911124171,2,0.465926827172783,3,0.37826211568900703,0.6112368537919541,0.09761545121418198,0.746573491647608,0.5396374602539878,0.6518378451486503,1-2,1-3,0.33735534011251,0.27388151367944413,0.07067868133805573,0.03035830489752706,0.011778352433532481,True,False,False,False,まるがめ選抜,2026-08-28,1号艇のdominance,0.1791,1号艇のsession_exh_rel_avg,0.1406,1号艇vs4号艇のcumulative差,0.0975,風速区分,0.0793,1号艇の勝率順位,0.0757,2号艇のsession_exh_rel_avg,0.0803,2号艇のclass_rank_2to6,0.0679,2号艇のwin_rate_rank_2to6,0.0672,2号艇の節間得点,-0.0397,2号艇の全国勝率,0.036,3号艇のwin_rate_rank_2to6,0.1438,3号艇のsession_exh_rel_avg,-0.0751,3号艇の当地勝率,0.0728,3号艇の一般戦2連率,0.0509,3号艇のracer_2nd_te,0.04,0.1075,東 1.8m/s,[逃げ]1号艇のdominanceが有利(+17.9pt)、1号艇のsession_exh_rel_avgが有利(+14.1pt) / [2着]2号艇のsession_exh_rel_avgが有利(+8.0pt)、2号艇のclass_rank_2to6が有利(+6.8pt) / [候補2]3号艇のwin_rate_rank_2to6が有利(+14.4pt)、3号艇のsession_exh_rel_avgが不利(-7.5pt) / [除外]6号艇のwin_rate_rank_2to6が不利(-6.0pt)、6号艇のsession_exh_rel_avgが不利(-5.3pt)、天気+10.7pt
5,13,尼崎,6,13:04,0.7009749413459696,4,0.6986193505509373,2,0.13299024481861868,0.58293748733692,0.08333152079477692,0.748278074574779,0.5246450065192341,0.6325396635082776,1-4,1-2,0.09322282906131736,0.0584133079013892,0.4897146582756026,0.05629827885368652,0.00332585795109247,True,True,False,False,昼どきピンク,2026-08-28,1号艇のdominance,0.1509,1号艇の節間得点,0.1075,1号艇のsession_exh_rel_avg,0.1014,6号艇の枠別出走数,-0.0858,1号艇vs3号艇のplace_rate差,0.0852,4号艇のwin_rate_rank_2to6,0.2504,4号艇のclass_rank_2to6,0.217,4号艇の節間得点,0.1107,4号艇のモーター2連率,0.0905,4号艇の全国勝率,0.0849,2号艇の全国2連率,-0.2026,2号艇のwin_rate_rank_2to6,-0.1782,2号艇の全国勝率,-0.1158,win_rate_gap_top2_2to6,-0.0736,1号艇vs2号艇のplace_rate差,-0.065,0.064,北西 0.9m/s,[逃げ]1号艇のdominanceが有利(+15.1pt)、1号艇の節間得点が有利(+10.8pt) / [2着]4号艇のwin_rate_rank_2to6が有利(+25.0pt)、4号艇のclass_rank_2to6が有利(+21.7pt) / [候補2]2号艇の全国2連率が不利(-20.3pt)、2号艇のwin_rate_rank_2to6が不利(-17.8pt) / [除外]6号艇の直近平均着順が不利(-15.8pt)、6号艇の全国勝率が不利(-13.0pt)、天気+6.4pt
6,23,唐津,2,09:06,0.8403837034711275,3,0.5194621920844953,2,0.2021431565285895,0.6064253753120382,0.1376808100985858,0.583924538514499,0.5062336109872778,0.5996751242727764,1-3,1-2,0.16987781451483985,0.43654756079719836,0.11398056646602724,0.11570470908755454,0.004273059258188135,False,False,True,False,モー２ング戦,2026-08-28,1号艇のdominance,0.3486,1号艇のvs_max234_diff,0.1372,1号艇の全国勝率,0.1103,風速区分,0.1052,1号艇の勝率順位,0.1006,3号艇のwin_rate_rank_2to6,0.191,2号艇のvs_boat3_diff,0.0615,3号艇のclass_rank_2to6,0.0532,2号艇の直近1着率,0.0469,場特性:1x_diff_course3,-0.0377,2号艇のwin_rate_rank_2to6,-0.1746,2号艇の全国2連率,-0.1539,2号艇の全国勝率,-0.1458,1号艇のframe_dominance,0.0621,2号艇の直近平均着順,-0.0579,0.0891,南西 1.4m/s,[逃げ]1号艇のdominanceが有利(+34.9pt)、1号艇のvs_max234_diffが有利(+13.7pt) / [2着]3号艇のwin_rate_rank_2to6が有利(+19.1pt)、2号艇のvs_boat3_diffが有利(+6.2pt) / [候補2]2号艇のwin_rate_rank_2to6が不利(-17.5pt)、2号艇の全国2連率が不利(-15.4pt) / [除外]6号艇の全国勝率が不利(-14.1pt)、6号艇のwin_rate_rank_2to6が不利(-10.9pt)、天気+8.9pt
7,17,宮島,4,12:15,0.8387347308310991,3,0.3692781812916609,2,0.3502605496472786,0.603502123816622,0.13827092077863062,0.5812678101603088,0.5033659705942419,0.596831829719728,1-3,1-2,0.293775687829163,0.309726435987459,0.11597262352103298,0.10844837410130324,0.010811633607251002,True,True,False,False,予選,2026-08-28,1号艇のdominance,0.2188,1号艇のracer_win_te,0.1429,風速区分,0.1106,5号艇の節間得点,-0.0949,1号艇の勝率順位,0.0896,3号艇のモーター2連率,0.082,3号艇のwin_rate_rank_2to6,0.07,1号艇vs4号艇の枠別平均ST差,0.0666,1号艇の直近1着率,0.0589,1号艇vs4号艇のlocal_win_rate差,-0.0413,2号艇の節間得点,0.0616,2号艇のwin_rate_rank_2to6,0.0567,2号艇の全国勝率,0.048,2号艇の当地勝率,-0.0434,2号艇のsession_exh_rel_avg,0.0413,0.0651,南東 1.7m/s,[逃げ]1号艇のdominanceが有利(+21.9pt)、1号艇のracer_win_teが有利(+14.3pt) / [2着]3号艇のモーター2連率が有利(+8.2pt)、3号艇のwin_rate_rank_2to6が有利(+7.0pt) / [候補2]2号艇の節間得点が有利(+6.2pt)、2号艇のwin_rate_rank_2to6が有利(+5.7pt) / [除外]6号艇のsession_exh_rel_avgが不利(-6.5pt)、6号艇のwin_rate_rank_2to6が不利(-6.0pt)、天気+6.5pt
8,01,桐生,10,19:33,0.7595696749945715,2,0.583838628584934,4,0.1858281849119593,0.5846155713819426,0.11934993030422156,0.6503168831926717,0.5008869781429056,0.6043259649251613,1-2,1-4,0.44346611736353464,0.09065458777180233,0.14114945401840806,0.05924512818086957,0.025054384830339397,True,False,False,False,予選,2026-08-28,1号艇のsession_exh_rel_avg,0.1338,2号艇の全国勝率,0.112,1号艇のracer_win_te,0.1073,1号艇vs5号艇のplace_rate差,-0.1037,1号艇の全国勝率,0.099,2号艇のwin_rate_rank_2to6,0.1654,2号艇のsession_exh_rel_avg,0.1522,2号艇の当地勝率,0.1157,3号艇のモーター出走数,0.0908,2号艇のracer_avgfin_te,0.0609,4号艇のwin_rate_rank_2to6,-0.1417,4号艇の一般戦2連率,0.1256,4号艇の全国勝率,0.099,4号艇のclass_rank_2to6,-0.082,second_best_win_rate,0.0798,0.1082,北東 0.5m/s,[逃げ]1号艇のsession_exh_rel_avgが有利(+13.4pt)、2号艇の全国勝率が有利(+11.2pt) / [2着]2号艇のwin_rate_rank_2to6が有利(+16.5pt)、2号艇のsession_exh_rel_avgが有利(+15.2pt) / [候補2]4号艇のwin_rate_rank_2to6が不利(-14.2pt)、4号艇の一般戦2連率が有利(+12.6pt) / [除外]6号艇のsession_exh_rel_avgが不利(-9.6pt)、2号艇の直近1着率が不利(-8.1pt)、天気+10.8pt
9,11,琵琶湖,9,14:36,0.7496909271460286,2,0.4782446687795079,4,0.3045276912141275,0.5868373363079133,0.13092291874879886,0.6518494412448366,0.49464078802767036,0.6063409677889903,1-2,1-4,0.3585356891399546,0.09815172434145118,0.22830164716795873,0.05913387653125937,0.0055679739067107225,True,True,False,False,予選特賞,2026-08-28,1号艇のdominance,0.1842,1号艇のsession_exh_rel_avg,0.139,6号艇の枠別出走数,-0.0934,1号艇の級別順位,0.0761,風速区分,0.0723,2号艇のsession_exh_rel_avg,-0.0874,2号艇のclass_rank_2to6,0.0833,2号艇のモーター2連率,0.0792,2号艇の節間得点,0.0618,2号艇のwin_rate_rank_2to6,0.0605,4号艇のclass_rank_2to6,0.2056,4号艇のwin_rate_rank_2to6,0.1946,4号艇の節間得点,-0.0794,4号艇のsession_exh_rel_avg,0.0781,4号艇の年齢,-0.0735,0.0489,東 0.7m/s,[逃げ]1号艇のdominanceが有利(+18.4pt)、1号艇のsession_exh_rel_avgが有利(+13.9pt) / [2着]2号艇のsession_exh_rel_avgが不利(-8.7pt)、2号艇のclass_rank_2to6が有利(+8.3pt) / [候補2]4号艇のclass_rank_2to6が有利(+20.6pt)、4号艇のwin_rate_rank_2to6が有利(+19.5pt) / [除外]6号艇の直近平均着順が不利(-11.4pt)、6号艇のwin_rate_rank_2to6が不利(-9.1pt)、天気+4.9pt
10,07,蒲郡,10,19:25,0.8134343789253473,4,0.5249956509872775,3,0.21152379203003702,0.599110235697232,0.1454150600107691,0.5911043830065454,0.4945666546448572,0.596708479890026,1-4,1-3,0.11828560902625207,0.1720607243978875,0.4270495112993445,0.07064060016802519,0.025397952215513227,True,False,False,False,予選特賞,2026-08-28,1号艇のdominance,0.1528,1号艇のsession_exh_rel_avg,0.1118,1号艇のracer_win_te,0.1058,風速区分,0.092,1号艇の勝率順位,0.0889,4号艇のwin_rate_rank_2to6,0.2486,4号艇のclass_rank_2to6,0.2101,4号艇のsession_exh_rel_avg,0.0742,4号艇の全国勝率,0.074,4号艇の年齢,-0.0656,3号艇のwin_rate_rank_2to6,-0.108,3号艇のモーター2連率,0.1047,3号艇のsession_exh_rel_avg,0.0764,3号艇の全国勝率,-0.0607,3号艇の年齢,-0.0536,0.1102,南東 1.7m/s,[逃げ]1号艇のdominanceが有利(+15.3pt)、1号艇のsession_exh_rel_avgが有利(+11.2pt) / [2着]4号艇のwin_rate_rank_2to6が有利(+24.9pt)、4号艇のclass_rank_2to6が有利(+21.0pt) / [候補2]3号艇のwin_rate_rank_2to6が不利(-10.8pt)、3号艇のモーター2連率が有利(+10.5pt) / [除外]5号艇のsession_exh_rel_avgが不利(-6.2pt)、2号艇のwin_rate_rank_2to6が不利(-5.0pt)、天気+11.0pt
11,23,唐津,6,10:56,0.6191098822753718,2,0.5177592776757554,3,0.34908520933935183,0.536671988306978,0.06724736598881036,0.7995971210262969,0.49336425517063176,0.6155495281227736,1-2,1-3,0.3205498854488184,0.21612210285815964,0.04163350884066122,0.025617857165296923,0.015186515854024373,False,False,True,False,予選,2026-08-28,5号艇の枠別出走数,-0.0979,1号艇の級別順位,0.0833,avg_entry_count,-0.0754,1号艇のモーター2連率順位,-0.073,1号艇のdominance,-0.0655,2号艇のwin_rate_rank_2to6,0.2474,2号艇のclass_rank_2to6,0.1058,2号艇の全国勝率,0.0706,5号艇の年齢,-0.06,ST差分(3-2),-0.0534,3号艇の当地勝率,0.1207,3号艇のwin_rate_rank_2to6,-0.0892,class_std_1to6,0.0555,3号艇の全国勝率,0.0497,3号艇のclass_rank_2to6,0.0488,0.0656,北東 3.4m/s,[逃げ]5号艇の枠別出走数が不利(-9.8pt)、1号艇の級別順位が有利(+8.3pt) / [2着]2号艇のwin_rate_rank_2to6が有利(+24.7pt)、2号艇のclass_rank_2to6が有利(+10.6pt) / [候補2]3号艇の当地勝率が有利(+12.1pt)、3号艇のwin_rate_rank_2to6が不利(-8.9pt) / [除外]win_rate_range_1to6が不利(-6.3pt)、1号艇vs6号艇の枠別平均ST差が不利(-5.4pt)、天気+6.6pt
12,09,津,9,14:28,0.6738064869806142,2,0.688044695617978,3,0.1133161238778492,0.5399621185883894,0.0822266815625026,0.7191341379333246,0.48668296677121126,0.59371372439187,1-2,1-3,0.4636089792399957,0.07635313934839366,0.05540487143970351,0.0459905236109492,0.032448970831447314,True,True,False,False,予選特賞,2026-08-28,1号艇のracer_win_te,0.1841,1号艇のdominance,0.1727,1号艇vs2号艇のcumulative差,-0.0982,1号艇の勝率順位,0.0968,風速区分,0.091,2号艇のwin_rate_rank_2to6,0.2123,2号艇の当地勝率,0.1169,2号艇のclass_rank_2to6,0.1002,2号艇のracer_avgfin_te,0.0887,2号艇のsession_exh_rel_avg,0.0885,3号艇のwin_rate_rank_2to6,-0.1308,6号艇のsession_rank_diff_delta,-0.092,3号艇のsession_rank_diff_last,0.0834,3号艇のracer_win_te,-0.0747,3号艇の全国勝率,-0.0631,0.0804,北西 1.5m/s,[逃げ]1号艇のracer_win_teが有利(+18.4pt)、1号艇のdominanceが有利(+17.3pt) / [2着]2号艇のwin_rate_rank_2to6が有利(+21.2pt)、2号艇の当地勝率が有利(+11.7pt) / [候補2]3号艇のwin_rate_rank_2to6が不利(-13.1pt)、6号艇のsession_rank_diff_deltaが不利(-9.2pt) / [除外]6号艇のsession_exh_rel_avgが不利(-5.9pt)、天気+8.0pt
13,10,三国,3,09:40,0.6221950955749707,3,0.6301397879985509,2,0.20372332873085275,0.5188255416098942,0.062245989689367495,0.7716171270400362,0.48007177043353827,0.5946630172389368,1-3,1-2,0.12675565599054409,0.3920698856193501,0.03872914950393465,0.032959280768336575,0.03168113528209199,False,False,True,False,一般,2026-08-28,1号艇の女子戦比率,-0.1999,3号艇の女子戦勝率,0.1121,1号艇のdominance,0.1,1号艇のracer_win_te,0.094,1号艇の級別順位,0.0741,3号艇のwin_rate_rank_2to6,0.2393,3号艇の節間得点,0.0982,3号艇の全国勝率,0.0538,3号艇のclass_rank_2to6,0.0486,2号艇の節間得点,0.045,2号艇の全国勝率,-0.1408,2号艇のracer_win_te,-0.0609,2号艇のracer_avgfin_te,-0.0601,2号艇のwin_rate_rank_2to6,-0.0547,2号艇の直近平均着順,-0.0525,-0.0079,北 5.2m/s,[逃げ]1号艇の女子戦比率が不利(-20.0pt)、3号艇の女子戦勝率が有利(+11.2pt) / [2着]3号艇のwin_rate_rank_2to6が有利(+23.9pt)、3号艇の節間得点が有利(+9.8pt) / [候補2]2号艇の全国勝率が不利(-14.1pt)、2号艇のracer_win_teが不利(-6.1pt) / [除外]5号艇の直近平均着順が不利(-24.8pt)、1号艇vs5号艇の勝率差が不利(-10.9pt)、天気-0.8pt
14,15,丸亀,8,18:16,0.7847350654746678,2,0.5667345374709993,4,0.15842884414569736,0.56906113375281,0.1331951743963773,0.5919682072203194,0.47810569740992315,0.5759332557930628,1-2,1-4,0.4447364643690602,0.10452292390085093,0.12432466938374975,0.0406150668172657,0.07053593223364332,True,False,False,False,一般,2026-08-28,1号艇のdominance,0.2868,6号艇の枠別出走数,-0.1553,1号艇の勝率順位,0.1089,5号艇の平均ST,0.1039,1号艇のvs_max234_diff,0.0871,2号艇のsession_exh_rel_avg,-0.1152,2号艇のwin_rate_rank_2to6,0.0902,2号艇のclass_rank_2to6,0.0825,2号艇の全国勝率,0.0718,1号艇の年齢,0.0626,4号艇のwin_rate_rank_2to6,-0.1135,4号艇のsession_exh_rel_avg,0.0972,4号艇のclass_rank_2to6,-0.0793,5号艇のモーター出走数,-0.0606,4号艇のcumulative_diff_rank_2to6,0.0507,0.0693,東 1.1m/s,[逃げ]1号艇のdominanceが有利(+28.7pt)、6号艇の枠別出走数が不利(-15.5pt) / [2着]2号艇のsession_exh_rel_avgが不利(-11.5pt)、2号艇のwin_rate_rank_2to6が有利(+9.0pt) / [候補2]4号艇のwin_rate_rank_2to6が不利(-11.3pt)、4号艇のsession_exh_rel_avgが有利(+9.7pt) / [除外]5号艇のracer_avgfin_teが不利(-7.0pt)、6号艇のsession_exh_rel_avgが不利(-6.2pt)、天気+6.9pt
15,14,鳴門,1,08:32,0.8587295214126129,4,0.35361624973586614,3,0.32201622638188476,0.5801855528674149,0.14936847548987872,0.5262640006278722,0.4761918350277451,0.5640090871955521,1-4,1-3,0.12826711947155517,0.2765248399680115,0.30366071289940333,0.12251543614372949,0.027761428924997188,False,False,True,False,とるならなる,2026-08-28,1号艇のdominance,0.3278,1号艇のvs_max234_diff,0.1467,場特性:in_escape_diff,-0.1415,1号艇のsession_exh_rel_avg,0.1254,1号艇のracer_win_te,0.1097,4号艇のsession_exh_rel_avg,-0.1574,4号艇のwin_rate_rank_2to6,0.1529,4号艇のclass_rank_2to6,-0.0624,ST差分(2-1),-0.0556,3号艇の年齢,0.0526,3号艇のwin_rate_rank_2to6,-0.073,3号艇のracer_avgfin_te,-0.0627,4号艇のsession_exh_rel_last,0.061,3号艇の女子戦比率,-0.0558,2号艇の直近複勝率,0.0544,0.0983,北 1.6m/s,[逃げ]1号艇のdominanceが有利(+32.8pt)、1号艇のvs_max234_diffが有利(+14.7pt) / [2着]4号艇のsession_exh_rel_avgが不利(-15.7pt)、4号艇のwin_rate_rank_2to6が有利(+15.3pt) / [候補2]3号艇のwin_rate_rank_2to6が不利(-7.3pt)、3号艇のracer_avgfin_teが不利(-6.3pt) / [除外]2号艇のwin_rate_rank_2to6が不利(-7.6pt)、6号艇のwin_rate_rank_2to6が不利(-6.6pt)、天気+9.8pt
16,11,琵琶湖,12,16:14,0.7403608437722851,2,0.5966893503213928,3,0.1417809728762346,0.5467345115833875,0.11144917757096418,0.6270211456266632,0.4736147775846299,0.5708205017963702,1-2,1-3,0.441765430873883,0.1049690807095045,0.06634772018097458,0.08251260714416626,0.044766010379874994,True,False,False,False,やわたろう選,2026-08-28,1号艇のdominance,0.2242,2号艇のsession_exh_rel_avg,-0.1485,風速区分,0.0972,1号艇のsession_exh_rel_avg,-0.0965,1号艇のracer_win_te,0.0906,2号艇のwin_rate_rank_2to6,0.2077,2号艇のsession_exh_rel_avg,0.1594,2号艇の当地勝率,0.1269,2号艇のclass_rank_2to6,0.0885,2号艇の節間得点,0.0705,3号艇のsession_exh_rel_avg,0.1724,3号艇のwin_rate_rank_2to6,-0.1477,1号艇の直近1着率,0.104,3号艇のsession_rank_diff_delta,0.0807,3号艇の全国勝率,-0.0595,0.1587,東 1.1m/s,[逃げ]1号艇のdominanceが有利(+22.4pt)、2号艇のsession_exh_rel_avgが不利(-14.8pt) / [2着]2号艇のwin_rate_rank_2to6が有利(+20.8pt)、2号艇のsession_exh_rel_avgが有利(+15.9pt) / [候補2]3号艇のsession_exh_rel_avgが有利(+17.2pt)、3号艇のwin_rate_rank_2to6が不利(-14.8pt) / [除外]6号艇のsession_exh_rel_avgが不利(-8.1pt)、4号艇のwin_rate_rank_2to6が不利(-7.2pt)、天気+15.9pt
17,13,尼崎,11,15:48,0.8253655953260217,2,0.4709589125914699,4,0.2798608925568466,0.6197008354588078,0.19774004702258424,0.5530797581257323,0.4726532286465366,0.5997145122588852,1-2,1-4,0.38871328326515436,0.16320783163059077,0.2309875521936535,0.026823565054050785,0.015633373944114817,True,False,False,False,準優勝戦,2026-08-28,1号艇のdominance,0.2693,1号艇のracer_win_te,0.1456,1号艇の全国勝率,0.1072,風速区分,0.1048,1号艇の級別順位,0.0818,2号艇のwin_rate_rank_2to6,0.1482,2号艇のモーター2連率,0.1059,2号艇のsession_exh_rel_avg,0.0974,2号艇の全国勝率,0.0479,2号艇の節間得点,0.04,3号艇の直近1着率,0.18,4号艇のclass_rank_2to6,0.1206,4号艇の全国勝率,0.1085,4号艇のwin_rate_rank_2to6,0.0825,4号艇のsession_exh_rel_avg,-0.0734,0.1206,北 1.8m/s,[逃げ]1号艇のdominanceが有利(+26.9pt)、1号艇のracer_win_teが有利(+14.6pt) / [2着]2号艇のwin_rate_rank_2to6が有利(+14.8pt)、2号艇のモーター2連率が有利(+10.6pt) / [候補2]3号艇の直近1着率が有利(+18.0pt)、4号艇のclass_rank_2to6が有利(+12.1pt) / [除外]1号艇vs6号艇のcumulative差が不利(-5.1pt)、天気+12.1pt
18,15,丸亀,11,19:49,0.6927304128841907,2,0.4713256113218668,3,0.3062186653563007,0.5386285678190064,0.1036745535520869,0.6738697231260806,0.47161807626016383,0.5792009144111285,1-2,1-3,0.32650158533389034,0.21212698248511602,0.0718185162877213,0.05735941656334234,0.024923930278473894,True,False,False,False,特別選抜戦,2026-08-28,5号艇のsession_exh_rel_avg,-0.0865,風速区分,0.0848,1号艇のracer_win_te,0.0848,1号艇の節間得点,0.0769,1号艇の級別順位,0.0717,2号艇のwin_rate_rank_2to6,0.1958,2号艇のclass_rank_2to6,0.0986,2号艇のsession_exh_rel_avg,0.0962,2号艇の全国勝率,0.0556,ST差分(3-2),-0.0513,3号艇のsession_exh_rel_avg,0.1127,4号艇のsession_exh_rel_delta,-0.0727,3号艇の当地勝率,0.0621,3号艇のwin_rate_rank_2to6,0.0549,3号艇の節間得点,0.0466,0.0829,東 1.9m/s,[逃げ]5号艇のsession_exh_rel_avgが不利(-8.6pt)、風速区分が有利(+8.5pt) / [2着]2号艇のwin_rate_rank_2to6が有利(+19.6pt)、2号艇のclass_rank_2to6が有利(+9.9pt) / [候補2]3号艇のsession_exh_rel_avgが有利(+11.3pt)、4号艇のsession_exh_rel_deltaが不利(-7.3pt) / [除外]6号艇のsession_exh_rel_avgが不利(-6.9pt)、5号艇のwin_rate_rank_2to6が不利(-5.8pt)、天気+8.3pt
19,13,尼崎,7,13:38,0.6863769797418511,4,0.5660154964951056,5,0.20589397323896177,0.529820890470203,0.10904360127063756,0.6628658684634299,0.46049259695985867,0.569734383868171,1-4,1-5,0.07484501770031488,0.06533939340501985,0.3885000069713949,0.1413208834988081,0.016371690951080813,True,True,False,False,一般,2026-08-28,1号艇のsession_exh_rel_avg,0.1234,1号艇の年齢,0.0991,1号艇の級別順位,-0.0927,1号艇vs4号艇のcumulative差,-0.0865,風速区分,0.0805,4号艇のwin_rate_rank_2to6,0.1821,4号艇のclass_rank_2to6,0.144,4号艇の節間得点,0.1413,4号艇の全国勝率,0.1337,4号艇のsession_exh_rel_avg,0.0719,5号艇のclass_rank_2to6,0.2128,5号艇のwin_rate_rank_2to6,0.1283,6号艇のsession_rank_diff_delta,0.1016,avg_456_win_rate,0.0644,5号艇の枠別勝率,0.057,0.0882,北 1.3m/s,[逃げ]1号艇のsession_exh_rel_avgが有利(+12.3pt)、1号艇の年齢が有利(+9.9pt) / [2着]4号艇のwin_rate_rank_2to6が有利(+18.2pt)、4号艇のclass_rank_2to6が有利(+14.4pt) / [候補2]5号艇のclass_rank_2to6が有利(+21.3pt)、5号艇のwin_rate_rank_2to6が有利(+12.8pt) / [除外]6号艇のvs_avg456_diffが不利(-6.0pt)、2号艇のwin_rate_rank_2to6が不利(-5.9pt)、天気+8.8pt
20,17,宮島,1,10:45,0.737502327512078,3,0.5802586431705409,4,0.14809102627528203,0.5371595764589471,0.1199951944244442,0.6083544750213787,0.45981169508197495,0.5585180460276766,1-3,1-4,0.08722102546396783,0.4279420998972742,0.1092174765616728,0.08849673517829193,0.024624983542345574,False,False,True,False,ファーストＢ,2026-08-28,1号艇のdominance,0.3544,1号艇のvs_max234_diff,0.1152,1号艇の勝率順位,0.1067,3号艇のsession_exh_rel_avg,-0.1039,1号艇のlocal_win_rate順位,0.0973,3号艇のsession_exh_rel_avg,0.1211,3号艇のwin_rate_rank_2to6,0.1151,3号艇のsession_exh_rel_last,0.0625,3号艇のracer_avgfin_te,-0.0522,場特性:1x_diff_course3,0.0489,4号艇のwin_rate_rank_2to6,-0.0955,4号艇のsession_exh_rel_avg,-0.0937,4号艇の一般戦勝率,-0.0678,4号艇のclass_rank_2to6,-0.0629,4号艇の全国勝率,-0.0568,0.1237,南 1.9m/s,[逃げ]1号艇のdominanceが有利(+35.4pt)、1号艇のvs_max234_diffが有利(+11.5pt) / [2着]3号艇のsession_exh_rel_avgが有利(+12.1pt)、3号艇のwin_rate_rank_2to6が有利(+11.5pt) / [候補2]4号艇のwin_rate_rank_2to6が不利(-9.5pt)、4号艇のsession_exh_rel_avgが不利(-9.4pt) / [除外]6号艇のsession_exh_rel_avgが不利(-7.3pt)、6号艇のwin_rate_rank_2to6が不利(-7.0pt)、天気+12.4pt
21,13,尼崎,8,14:11,0.69190086662397,4,0.6555645605671245,2,0.15320809925939657,0.5595905042357433,0.1496228504461301,0.659149809380391,0.4591174726441363,0.5894582957791377,1-4,1-2,0.10600481665138771,0.10352417989042607,0.4535856875843555,0.022079383370051362,0.006706804927195329,True,True,False,False,一般,2026-08-28,1号艇のracer_win_te,0.1687,1号艇の級別順位,0.0877,4号艇のモーター2連率,-0.0761,場特性:in_escape_diff,0.0746,1号艇vs4号艇のcumulative差,-0.0734,4号艇のclass_rank_2to6,0.2655,4号艇のwin_rate_rank_2to6,0.2575,4号艇の節間得点,0.1861,4号艇の全国勝率,0.0939,4号艇のモーター2連率,0.0733,2号艇のsession_exh_rel_avg,-0.1114,win_rate_gap_top2_2to6,-0.1034,2号艇のclass_rank_2to6,-0.046,second_best_win_rate,-0.0414,2号艇のwin_rate_rank_2to6,0.038,0.0251,北 1.4m/s,[逃げ]1号艇のracer_win_teが有利(+16.9pt)、1号艇の級別順位が有利(+8.8pt) / [2着]4号艇のclass_rank_2to6が有利(+26.5pt)、4号艇のwin_rate_rank_2to6が有利(+25.8pt) / [候補2]2号艇のsession_exh_rel_avgが不利(-11.1pt)、win_rate_gap_top2_2to6が不利(-10.3pt) / [除外]6号艇のsession_exh_rel_avgが不利(-7.2pt)、6号艇のwin_rate_rank_2to6が不利(-7.1pt)、天気+2.5pt
22,15,丸亀,5,17:01,0.6893545314693563,3,0.4499266173113791,2,0.3215005905810573,0.5317868414594042,0.12042759438563283,0.6509996135068037,0.4549366694079363,0.5675506730736241,1-3,1-2,0.2216278889871261,0.31015895247227815,0.08301730790368961,0.06418867933320702,0.010361698278975404,True,False,False,False,一般,2026-08-28,1号艇のdominance,0.1487,1号艇のsession_exh_rel_avg,0.1382,1号艇vs4号艇の枠別平均ST差,-0.0682,風速区分,0.0674,1号艇のracer_win_te,0.0541,3号艇のwin_rate_rank_2to6,0.1537,local_win_rateの分散(2-6号艇),0.0793,3号艇のclass_rank_2to6,0.0473,3号艇の節間得点,0.0386,3号艇のモーター2連率,0.0366,2号艇のsession_exh_rel_avg,0.1326,2号艇のclass_rank_2to6,-0.0624,2号艇のsession_exh_rel_last,0.0392,2号艇のwin_rate_rank_2to6,-0.0381,2号艇の全国勝率,0.0332,0.0597,北 1.3m/s,[逃げ]1号艇のdominanceが有利(+14.9pt)、1号艇のsession_exh_rel_avgが有利(+13.8pt) / [2着]3号艇のwin_rate_rank_2to6が有利(+15.4pt)、local_win_rateの分散(2-6号艇)が有利(+7.9pt) / [候補2]2号艇のsession_exh_rel_avgが有利(+13.3pt)、2号艇のclass_rank_2to6が不利(-6.2pt) / [除外]6号艇のwin_rate_rank_2to6が不利(-9.7pt)、6号艇のvs_avg456_diffが不利(-5.5pt)、天気+6.0pt
23,10,三国,10,13:13,0.669145443358214,2,0.6327765839101879,4,0.1511792516806803,0.5245804751797106,0.11775712381798376,0.6661987117728845,0.45045276961782993,0.5670659461576628,1-2,1-4,0.4234195677872788,0.07879664282577284,0.10116090739243185,0.05647776560200293,0.009290563178274057,True,True,False,False,準優勝戦,2026-08-28,1号艇の女子戦比率,-0.1688,1号艇のsession_exh_rel_avg,0.1517,1号艇の節間得点,0.1044,1号艇の級別順位,0.082,1号艇のracer_win_te,0.0733,2号艇のwin_rate_rank_2to6,0.1946,2号艇の当地勝率,0.1437,2号艇のclass_rank_2to6,0.1032,2号艇の全国勝率,0.0657,2号艇のsession_exh_rel_avg,0.0632,4号艇のsession_exh_rel_avg,0.1057,4号艇のwin_rate_rank_2to6,-0.1048,4号艇の節間得点,0.0643,4号艇のclass_rank_2to6,-0.0582,4号艇のsession_rank_diff_last,0.0487,0.0196,北東 5.6m/s,[逃げ]1号艇の女子戦比率が不利(-16.9pt)、1号艇のsession_exh_rel_avgが有利(+15.2pt) / [2着]2号艇のwin_rate_rank_2to6が有利(+19.5pt)、2号艇の当地勝率が有利(+14.4pt) / [候補2]4号艇のsession_exh_rel_avgが有利(+10.6pt)、4号艇のwin_rate_rank_2to6が不利(-10.5pt) / [除外]4号艇の女子戦2連率が不利(-15.4pt)、6号艇の女子戦比率が不利(-6.0pt)、天気+2.0pt
24,11,琵琶湖,4,12:03,0.5651242373766285,2,0.462376164604873,3,0.4084347490983264,0.49211635350576566,0.08110321427245779,0.7897076994307416,0.44422169182733523,0.5813937572832584,1-2,1-3,0.26129997740345934,0.23081637610230632,0.045833392114516,0.009913137023510675,0.017261343153951125,True,True,False,False,予選,2026-08-28,1号艇のsession_exh_rel_avg,-0.1176,1号艇の節間得点,0.0855,5号艇の枠別出走数,-0.0825,1号艇のdominance,0.0757,1号艇のracer_win_te,-0.0664,2号艇のwin_rate_rank_2to6,0.2129,2号艇のsession_exh_rel_avg,-0.1071,2号艇のclass_rank_2to6,0.1057,2号艇の当地勝率,0.0941,2号艇の全国勝率,0.0565,3号艇の当地勝率,0.0829,3号艇の節間得点,0.0728,3号艇のsession_exh_rel_avg,0.0645,3号艇のclass_rank_2to6,0.0452,local_win_rateの分散(2-6号艇),0.044,0.1025,西 1.6m/s,[逃げ]1号艇のsession_exh_rel_avgが不利(-11.8pt)、1号艇の節間得点が有利(+8.6pt) / [2着]2号艇のwin_rate_rank_2to6が有利(+21.3pt)、2号艇のsession_exh_rel_avgが不利(-10.7pt) / [候補2]3号艇の当地勝率が有利(+8.3pt)、3号艇の節間得点が有利(+7.3pt) / [除外]1号艇のsession_exh_rel_deltaが不利(-6.7pt)、天気+10.3pt
25,17,宮島,5,12:51,0.7470886557048286,3,0.4642160834154868,2,0.27937448059162884,0.5555280748588713,0.1739306381054328,0.5696599259016828,0.439580051804048,0.5597676301717147,1-3,1-2,0.20871750514343473,0.3468105697154366,0.12994160660807083,0.03870457029289797,0.022914413685915878,True,True,False,False,ランチ特賞,2026-08-28,1号艇のdominance,0.1793,風速区分,0.0811,1号艇の級別順位,0.0655,1号艇の勝率順位,0.0633,1号艇の女子戦勝率,0.0576,3号艇のwin_rate_rank_2to6,0.1702,3号艇の当地勝率,0.0887,ST差分(3-2),-0.045,2号艇のvs_boat3_diff,0.0442,場特性:1x_diff_course3,0.0438,2号艇のwin_rate_rank_2to6,-0.1545,2号艇のsession_exh_rel_avg,-0.0775,2号艇の全国勝率,-0.069,2号艇のsession_avg_finish,0.0416,5号艇のracer_win_te,0.0403,0.0513,南東 1.6m/s,[逃げ]1号艇のdominanceが有利(+17.9pt)、風速区分が有利(+8.1pt) / [2着]3号艇のwin_rate_rank_2to6が有利(+17.0pt)、3号艇の当地勝率が有利(+8.9pt) / [候補2]2号艇のwin_rate_rank_2to6が不利(-15.4pt)、2号艇のsession_exh_rel_avgが不利(-7.7pt)、天気+5.1pt
26,09,津,1,10:28,0.8693355848508366,2,0.39451647278901175,4,0.24736388261313974,0.5580094341677923,0.18750604353261685,0.45437431186953464,0.4324532646621799,0.526918897478315,1-2,1-4,0.3429672086053247,0.1630056760174939,0.21504222556246752,0.10874056796793508,0.03957991155540654,False,False,True,False,予選,2026-08-28,1号艇のdominance,0.2533,1号艇のsession_exh_rel_avg,0.1066,1号艇のvs_max234_diff,0.1011,1号艇のlocal_win_rate順位,0.0792,1号艇の勝率順位,0.0719,2号艇のsession_exh_rel_avg,-0.0652,2号艇の全国勝率,0.0591,2号艇のclass_rank_2to6,-0.0581,2号艇の節間得点,-0.0451,1号艇の体重,-0.039,4号艇のclass_rank_2to6,0.2123,4号艇のsession_exh_rel_avg,-0.1205,4号艇のwin_rate_rank_2to6,0.1013,1号艇vs4号艇のcumulative差,-0.0829,5号艇のsession_exh_rel_delta,0.0739,0.0673,南 0.9m/s,[逃げ]1号艇のdominanceが有利(+25.3pt)、1号艇のsession_exh_rel_avgが有利(+10.7pt) / [2着]2号艇のsession_exh_rel_avgが不利(-6.5pt)、2号艇の全国勝率が有利(+5.9pt) / [候補2]4号艇のclass_rank_2to6が有利(+21.2pt)、4号艇のsession_exh_rel_avgが不利(-12.1pt) / [除外]6号艇のwin_rate_rank_2to6が不利(-9.3pt)、天気+6.7pt
27,23,唐津,9,12:33,0.8011638079319063,2,0.4421646560300978,4,0.21305938324986234,0.5249417863580579,0.151491632418158,0.5037324068618022,0.4295126405901945,0.5185789725091812,1-2,1-4,0.3542463195579747,0.12136961309795209,0.17069546680008313,0.07714595506297817,0.07770646833575706,True,True,False,False,予選,2026-08-28,1号艇のdominance,0.2828,1号艇のvs_max234_diff,0.0989,1号艇の勝率順位,0.087,1号艇のracer_win_te,0.0851,1号艇の年齢,-0.0847,2号艇のモーター2連率,0.1085,2号艇のwin_rate_rank_2to6,0.1026,2号艇のclass_rank_2to6,0.0825,3号艇のracer_win_te,0.0635,2号艇の直近平均着順,-0.0619,4号艇のwin_rate_rank_2to6,-0.091,4号艇の年齢,0.0832,4号艇のclass_rank_2to6,-0.0785,4号艇の全国勝率,-0.0678,4号艇の一般戦勝率,-0.0661,0.0509,北東 2.5m/s,[逃げ]1号艇のdominanceが有利(+28.3pt)、1号艇のvs_max234_diffが有利(+9.9pt) / [2着]2号艇のモーター2連率が有利(+10.8pt)、2号艇のwin_rate_rank_2to6が有利(+10.3pt) / [候補2]4号艇のwin_rate_rank_2to6が不利(-9.1pt)、4号艇の年齢が有利(+8.3pt) / [除外]5号艇のracer_avgfin_teが不利(-5.0pt)、天気+5.1pt
28,09,津,11,15:38,0.7562338294996133,2,0.4068316667407872,5,0.2949220914095734,0.5306899318917926,0.16256758918544778,0.5391861689649128,0.42716235249262674,0.5332388030137286,1-2,1-5,0.30765986930109596,0.0821068174336667,0.1229391105222311,0.22303006259069666,0.020497980920685045,True,False,False,False,ツッキー選抜,2026-08-28,1号艇のdominance,0.1825,1号艇のracer_win_te,0.1424,1号艇のsession_exh_rel_avg,-0.1138,5号艇の節間得点,-0.112,1号艇の枠別出走数,-0.1019,2号艇のclass_rank_2to6,0.1188,2号艇のwin_rate_rank_2to6,0.0673,2号艇の一般戦勝率,-0.062,2号艇のsession_exh_rel_avg,0.0615,2号艇の全国勝率,0.0587,5号艇のwin_rate_rank_2to6,0.2462,1号艇の体重,-0.1427,5号艇のsession_exh_rel_avg,0.1421,5号艇の節間得点,0.125,5号艇のモーター2連率,0.0919,0.0433,北西 1.9m/s,[逃げ]1号艇のdominanceが有利(+18.3pt)、1号艇のracer_win_teが有利(+14.2pt) / [2着]2号艇のclass_rank_2to6が有利(+11.9pt)、2号艇のwin_rate_rank_2to6が有利(+6.7pt) / [候補2]5号艇のwin_rate_rank_2to6が有利(+24.6pt)、1号艇の体重が不利(-14.3pt) / [除外]6号艇のsession_exh_rel_avgが不利(-6.5pt)、天気+4.3pt
29,09,津,5,12:24,0.5412233224869126,2,0.47301156905881614,3,0.38803649584198485,0.4660192945065383,0.0762394042418919,0.7848086606589091,0.423384454452452,0.5616561043522494,1-2,1-3,0.2560048929807602,0.2100144015257781,0.041262543668219555,0.017783317395130577,0.016158163892703258,True,True,False,False,予選,2026-08-28,3号艇のracer_win_te,-0.1572,1号艇のdominance,-0.1566,1号艇の級別順位,-0.0902,1号艇のvs_max234_diff,-0.0816,ST差分(4-3),0.074,2号艇のsession_exh_rel_avg,-0.0957,2号艇のwin_rate_rank_2to6,0.0463,2号艇のracer_2nd_te,0.0462,2号艇の全国勝率,0.043,1号艇vs2号艇の枠別勝率差,0.0369,3号艇のwin_rate_rank_2to6,0.1854,3号艇の当地勝率,0.1132,3号艇のsession_exh_rel_avg,-0.1056,3号艇のracer_avgfin_te,0.065,3号艇のclass_rank_2to6,0.0618,0.0132,北西 0.4m/s,[逃げ]3号艇のracer_win_teが不利(-15.7pt)、1号艇のdominanceが不利(-15.7pt) / [2着]2号艇のsession_exh_rel_avgが不利(-9.6pt)、2号艇のwin_rate_rank_2to6が有利(+4.6pt) / [候補2]3号艇のwin_rate_rank_2to6が有利(+18.5pt)、3号艇の当地勝率が有利(+11.3pt) / [除外]3号艇のracer_avgfin_teが不利(-9.4pt)、4号艇のwin_rate_rank_2to6が不利(-6.2pt)、天気+1.3pt
30,09,津,10,15:03,0.5496192446312291,2,0.4598766726665379,3,0.39113280420849816,0.46773118585407475,0.08773768693621405,0.7632717899388219,0.418486003028352,0.5563933670794989,1-2,1-3,0.2527570694545056,0.2149741163995692,0.048222321219573226,0.017668352367241548,0.015997375976628987,True,False,False,False,予選特賞,2026-08-28,6号艇の枠別出走数,-0.142,1号艇の女子戦比率,-0.1382,5号艇の平均ST,0.1233,1号艇のdominance,-0.0886,1号艇の節間得点,0.0824,2号艇のclass_rank_2to6,0.0796,2号艇のwin_rate_rank_2to6,0.0656,1号艇vs4号艇の直近複勝率差,0.0494,場特性:1x_diff_course2,0.0415,2号艇の全国勝率,0.0406,3号艇のwin_rate_rank_2to6,0.1584,3号艇のsession_exh_rel_avg,-0.1239,3号艇の節間得点,0.0627,3号艇のclass_rank_2to6,0.0576,3号艇の当地勝率,0.0427,0.0744,北西 1.8m/s,[逃げ]6号艇の枠別出走数が不利(-14.2pt)、1号艇の女子戦比率が不利(-13.8pt) / [2着]2号艇のclass_rank_2to6が有利(+8.0pt)、2号艇のwin_rate_rank_2to6が有利(+6.6pt) / [候補2]3号艇のwin_rate_rank_2to6が有利(+15.8pt)、3号艇のsession_exh_rel_avgが不利(-12.4pt) / [除外]6号艇のwin_rate_rank_2to6が不利(-7.4pt)、天気+7.4pt
31,15,丸亀,6,17:26,0.7125231761272136,3,0.46488255389851507,2,0.2894521848442344,0.5374809839120758,0.20700720374203474,0.5473275350007147,0.4039660612590882,0.5404349492386674,1-3,1-2,0.2062413900821752,0.33123959382990054,0.14749743029148782,0.02397791757133284,0.00356686326460145,True,False,False,False,一般,2026-08-28,1号艇のdominance,0.1803,1号艇の年齢,-0.089,1号艇の勝率順位,0.0744,1号艇の級別順位,0.0711,1号艇vs4号艇の枠別平均ST差,-0.0695,3号艇のsession_exh_rel_avg,-0.114,3号艇のwin_rate_rank_2to6,0.0603,6号艇のsession_rank_diff_last,0.0404,3号艇のcumulative_diff_rank_2to6,0.0385,3号艇のclass_rank_2to6,0.0366,1号艇vs2号艇のcumulative差,-0.0761,2号艇の節間得点,-0.0727,2号艇の全国勝率,0.0521,1号艇のsession_rank_diff_delta,-0.0404,2号艇の直近平均着順,-0.0326,0.0383,東 0.5m/s,[逃げ]1号艇のdominanceが有利(+18.0pt)、1号艇の年齢が不利(-8.9pt) / [2着]3号艇のsession_exh_rel_avgが不利(-11.4pt)、3号艇のwin_rate_rank_2to6が有利(+6.0pt) / [候補2]1号艇vs2号艇のcumulative差が不利(-7.6pt)、2号艇の節間得点が不利(-7.3pt) / [除外]6号艇のwin_rate_rank_2to6が不利(-9.4pt)、6号艇の直近平均着順が不利(-8.6pt)、天気+3.8pt
32,17,宮島,11,16:04,0.7500858477252913,3,0.3415027048240883,2,0.33519436939672675,0.5075808985701444,0.1762269324656497,0.5004701417551654,0.4002415888903349,0.5054476715256507,1-3,1-2,0.25142455272168823,0.2561563458484562,0.09114711975810666,0.13218532803052452,0.019172490887937425,True,False,False,False,予選特選,2026-08-28,風速区分,0.0859,1号艇の節間得点,0.0811,1号艇の級別順位,0.0755,1号艇のdominance,0.068,レース時間帯,0.0653,3号艇のwin_rate_rank_2to6,0.1965,3号艇のsession_exh_rel_avg,-0.1154,3号艇の当地勝率,0.0912,3号艇の節間得点,-0.0723,場特性:1x_diff_course3,0.0559,2号艇のsession_exh_rel_avg,-0.0919,2号艇の全国勝率,0.0786,2号艇のモーター2連率,0.0534,2号艇の節間得点,-0.0457,2号艇のclass_rank_2to6,-0.0449,0.1613,南西 1.8m/s,[逃げ]風速区分が有利(+8.6pt)、1号艇の節間得点が有利(+8.1pt) / [2着]3号艇のwin_rate_rank_2to6が有利(+19.6pt)、3号艇のsession_exh_rel_avgが不利(-11.5pt) / [候補2]2号艇のsession_exh_rel_avgが不利(-9.2pt)、2号艇の全国勝率が有利(+7.9pt) / [除外]4号艇の女子戦2連率が不利(-15.8pt)、6号艇のwin_rate_rank_2to6が不利(-5.9pt)、天気+16.1pt
33,01,桐生,2,15:25,0.7047080800277049,4,0.4795929476851522,2,0.21218192711124167,0.4874993438291727,0.15676895218019904,0.5350059226161948,0.39578963024441194,0.5017513174652792,1-4,1-2,0.14952631847114156,0.0852070079940709,0.33797302535803114,0.11047634729886315,0.02152538221821929,True,False,False,False,予選,2026-08-28,1号艇のdominance,0.1624,1号艇のsession_exh_rel_avg,0.1162,6号艇のモーター出走数,-0.115,1号艇の全国勝率,0.1126,1号艇のracer_win_te,0.1115,4号艇の全国勝率,0.2616,4号艇のwin_rate_rank_2to6,0.207,4号艇のracer_win_te,0.1991,4号艇のsession_exh_rel_avg,0.1239,6号艇のモーター出走数,0.1155,2号艇のsession_exh_rel_avg,0.0746,2号艇の全国勝率,0.0666,2号艇のclass_rank_2to6,-0.0526,2号艇のモーター2連率,-0.052,2号艇のracer_2nd_te,0.0517,0.0971,西 0.9m/s,[逃げ]1号艇のdominanceが有利(+16.2pt)、1号艇のsession_exh_rel_avgが有利(+11.6pt) / [2着]4号艇の全国勝率が有利(+26.2pt)、4号艇のwin_rate_rank_2to6が有利(+20.7pt) / [候補2]2号艇のsession_exh_rel_avgが有利(+7.5pt)、2号艇の全国勝率が有利(+6.7pt) / [除外]6号艇のwin_rate_rank_2to6が不利(-5.5pt)、天気+9.7pt
34,11,琵琶湖,6,12:56,0.6578859355580229,2,0.41476656878224694,4,0.30711950897080814,0.47491869762888034,0.15356606123304584,0.5683200165200093,0.38740102506792634,0.502939093296219,1-2,1-4,0.27286909214149957,0.10102895186426299,0.2020496054873807,0.06199227221111253,0.01994600159968663,True,True,False,False,予選,2026-08-28,4号艇の枠別出走数,-0.1283,1号艇のsession_exh_rel_avg,-0.1113,1号艇のdominance,0.0993,3号艇の女子戦2連率,0.091,風速区分,0.0881,2号艇のwin_rate_rank_2to6,-0.1328,2号艇のモーター2連率,0.0974,2号艇のclass_rank_2to6,-0.0456,2号艇のsession_exh_rel_avg,-0.0452,2号艇のsession_rank_diff_delta,-0.0441,4号艇のwin_rate_rank_2to6,0.2229,4号艇のclass_rank_2to6,0.2187,1号艇vs4号艇のcumulative差,-0.1198,4号艇のsession_exh_rel_avg,-0.0844,4号艇の年齢,-0.0841,0.1154,西 1.8m/s,[逃げ]4号艇の枠別出走数が不利(-12.8pt)、1号艇のsession_exh_rel_avgが不利(-11.1pt) / [2着]2号艇のwin_rate_rank_2to6が不利(-13.3pt)、2号艇のモーター2連率が有利(+9.7pt) / [候補2]4号艇のwin_rate_rank_2to6が有利(+22.3pt)、4号艇のclass_rank_2to6が有利(+21.9pt) / [除外]4号艇の女子戦2連率が不利(-12.1pt)、天気+11.5pt
35,13,尼崎,4,11:46,0.5623974299925733,4,0.6484629432303839,3,0.11916404304495745,0.4317114442741963,0.08732510387067069,0.6803018824046706,0.38647234821811455,0.5062885757133385,1-4,1-3,0.04911141399069971,0.06701755155600844,0.3646938927181878,0.04531890720484224,0.03625566452283501,True,True,False,False,一般,2026-08-28,ST差分(4-3),-0.0929,4号艇のsession_exh_rel_avg,-0.0882,1号艇のlocal_win_rate順位,0.0761,1号艇の節間得点,0.0705,場特性:in_escape_diff,0.0697,4号艇のwin_rate_rank_2to6,0.2693,4号艇のclass_rank_2to6,0.2261,4号艇の節間得点,0.1025,4号艇の全国勝率,0.0964,4号艇のsession_exh_rel_avg,0.0812,3号艇のwin_rate_rank_2to6,-0.1187,3号艇の全国勝率,-0.0914,3号艇のracer_avgfin_te,-0.0713,3号艇の節間得点,-0.0687,3号艇の枠別平均ST,-0.059,0.0323,南西 1.4m/s,[逃げ]ST差分(4-3)が不利(-9.3pt)、4号艇のsession_exh_rel_avgが不利(-8.8pt) / [2着]4号艇のwin_rate_rank_2to6が有利(+26.9pt)、4号艇のclass_rank_2to6が有利(+22.6pt) / [候補2]3号艇のwin_rate_rank_2to6が不利(-11.9pt)、3号艇の全国勝率が不利(-9.1pt)、天気+3.2pt
36,07,蒲郡,5,17:11,0.7001257665345988,4,0.36026147899145344,2,0.3448869989655574,0.49369261865035785,0.18718313566120123,0.5179653422958096,0.38279949975624156,0.5009744357439934,1-4,1-2,0.24146427451857827,0.1310517363371483,0.2522283441317796,0.06185894336334145,0.01352247861643811,True,False,False,False,予選,2026-08-28,1号艇のsession_exh_rel_avg,0.1176,1号艇のdominance,0.1159,1号艇のracer_win_te,0.1058,ST差分(4-3),-0.0876,1号艇の級別順位,-0.0863,4号艇のclass_rank_2to6,0.1483,4号艇のwin_rate_rank_2to6,0.1109,4号艇の年齢,-0.0708,場特性:1x_diff_course4,0.0561,4号艇のcumulative_diff_rank_2to6,0.0519,2号艇のwin_rate_rank_2to6,0.168,2号艇のsession_exh_rel_avg,-0.0523,2号艇の全国勝率,0.0509,2号艇のモーター2連率,-0.0485,ST差分(3-2),-0.0364,0.0221,南東 1.7m/s,[逃げ]1号艇のsession_exh_rel_avgが有利(+11.8pt)、1号艇のdominanceが有利(+11.6pt) / [2着]4号艇のclass_rank_2to6が有利(+14.8pt)、4号艇のwin_rate_rank_2to6が有利(+11.1pt) / [候補2]2号艇のwin_rate_rank_2to6が有利(+16.8pt)、2号艇のsession_exh_rel_avgが不利(-5.2pt) / [除外]6号艇のwin_rate_rank_2to6が不利(-7.9pt)、3号艇のwin_rate_rank_2to6が不利(-5.8pt)、天気+2.2pt
37,17,宮島,12,16:49,0.8271369829401798,2,0.3400216492191942,3,0.2790608903952414,0.5120660640076286,0.21448957561354787,0.40459296400088773,0.38026666470151327,0.4798241340056063,1-2,1-3,0.28124448106950845,0.23082158293812016,0.17741226044510955,0.10603153046740497,0.03162713418268754,True,False,False,False,モンタ特選,2026-08-28,1号艇のdominance,0.1927,1号艇のsession_exh_rel_avg,0.143,1号艇のracer_win_te,0.0992,風速区分,0.0898,1号艇の全国勝率,0.0868,2号艇のwin_rate_rank_2to6,-0.1126,2号艇のclass_rank_2to6,0.0817,2号艇の全国勝率,0.0586,レース時間帯,-0.0558,4号艇の一般戦勝率,-0.0436,3号艇の年齢,-0.0858,3号艇のsession_exh_rel_avg,-0.0532,3号艇のwin_rate_rank_2to6,-0.0509,4号艇の女子戦勝率,0.0474,2号艇の直近平均着順,-0.044,0.1047,南西 1.7m/s,[逃げ]1号艇のdominanceが有利(+19.3pt)、1号艇のsession_exh_rel_avgが有利(+14.3pt) / [2着]2号艇のwin_rate_rank_2to6が不利(-11.3pt)、2号艇のclass_rank_2to6が有利(+8.2pt) / [候補2]3号艇の年齢が不利(-8.6pt)、3号艇のsession_exh_rel_avgが不利(-5.3pt) / [除外]6号艇のwin_rate_rank_2to6が不利(-6.4pt)、天気+10.5pt
38,09,津,12,16:15,0.44744182981974984,2,0.771254576861945,4,0.13247396022641494,0.4043659502951414,0.0521107650928238,0.8516177719955361,0.3790797674383015,0.5385414968052598,1-2,1-4,0.3450915591279656,0.02331653608644023,0.059274391167175866,0.01688441036287264,0.002874935158858937,True,False,False,False,ツッピー選抜,2026-08-28,3号艇の枠別出走数,-0.1232,race_no,0.099,1号艇の節間得点,0.0976,1号艇vs2号艇のcumulative差,-0.0966,1号艇の年齢,-0.0924,2号艇の当地勝率,0.3254,2号艇のwin_rate_rank_2to6,0.2339,2号艇のclass_rank_2to6,0.1211,2号艇のsession_exh_rel_avg,0.0794,3号艇のracer_2nd_te,0.0745,4号艇の女子戦比率,-0.1196,1号艇の平均ST,0.1148,2号艇のracer_avgfin_te,-0.1074,4号艇のsession_exh_rel_avg,0.0976,4号艇のwin_rate_rank_2to6,0.0854,0.1191,北西 1.9m/s,[逃げ]3号艇の枠別出走数が不利(-12.3pt)、race_noが有利(+9.9pt) / [2着]2号艇の当地勝率が有利(+32.5pt)、2号艇のwin_rate_rank_2to6が有利(+23.4pt) / [候補2]4号艇の女子戦比率が不利(-12.0pt)、1号艇の平均STが有利(+11.5pt) / [除外]3号艇のwin_rate_rank_2to6が不利(-5.4pt)、3号艇のracer_2nd_teが不利(-5.2pt)、天気+11.9pt
39,07,蒲郡,8,18:29,0.6995599749740674,4,0.4403317349699609,5,0.23209192622872182,0.4704006796001212,0.1635601703883923,0.5088634908102904,0.3780741012326676,0.48193952296317194,1-4,1-5,0.11442014870365791,0.08109825079665109,0.30803845749587355,0.16236222210424775,0.033640891964541196,True,False,False,False,予選,2026-08-28,1号艇のsession_exh_rel_avg,0.1429,1号艇の級別順位,-0.1117,1号艇の勝率順位,-0.0808,1号艇のモーター2連率,0.0748,2号艇のモーター2連率,-0.0671,4号艇のclass_rank_2to6,0.1292,4号艇のwin_rate_rank_2to6,0.0987,3号艇の年齢,0.0883,4号艇のモーター2連率,-0.071,4号艇のsession_exh_rel_avg,-0.071,5号艇のwin_rate_rank_2to6,0.217,4号艇の枠別出走数,0.122,5号艇のclass_rank_2to6,0.115,4号艇の一般戦2連率,-0.1045,3号艇のsession_rank_diff_last,0.0821,0.0119,南東 1.7m/s,[逃げ]1号艇のsession_exh_rel_avgが有利(+14.3pt)、1号艇の級別順位が不利(-11.2pt) / [2着]4号艇のclass_rank_2to6が有利(+12.9pt)、4号艇のwin_rate_rank_2to6が有利(+9.9pt) / [候補2]5号艇のwin_rate_rank_2to6が有利(+21.7pt)、4号艇の枠別出走数が有利(+12.2pt) / [除外]6号艇のvs_avg456_diffが不利(-6.0pt)、2号艇のwin_rate_rank_2to6が不利(-5.2pt)、天気+1.2pt
40,17,宮島,10,15:35,0.8496722635400866,2,0.3770517568379834,3,0.2920982548866874,0.5685582051099766,0.28278061140621835,0.38636940031845246,0.37562552087675105,0.5139015636725193,1-2,1-3,0.3203704197042957,0.24818778540568084,0.24027084217877118,0.025821291507178996,0.015021931074711548,True,False,False,False,予選特賞,2026-08-28,1号艇のdominance,0.2322,1号艇のsession_exh_rel_avg,0.161,1号艇の勝率順位,0.082,1号艇のvs_max234_diff,0.0757,1号艇のlocal_win_rate順位,0.0732,2号艇のsession_exh_rel_avg,0.1142,2号艇のwin_rate_rank_2to6,0.0763,2号艇の全国勝率,0.0561,2号艇のracer_avgfin_te,-0.0518,2号艇の当地勝率,-0.0387,3号艇のsession_exh_rel_avg,0.1103,3号艇のwin_rate_rank_2to6,-0.0507,5号艇の一般戦2連率,0.048,3号艇の節間得点,-0.0444,3号艇のモーター2連率,0.043,0.0977,南西 1.5m/s,[逃げ]1号艇のdominanceが有利(+23.2pt)、1号艇のsession_exh_rel_avgが有利(+16.1pt) / [2着]2号艇のsession_exh_rel_avgが有利(+11.4pt)、2号艇のwin_rate_rank_2to6が有利(+7.6pt) / [候補2]3号艇のsession_exh_rel_avgが有利(+11.0pt)、3号艇のwin_rate_rank_2to6が不利(-5.1pt) / [除外]6号艇のwin_rate_rank_2to6が不利(-7.0pt)、天気+9.8pt
41,15,丸亀,7,17:51,0.8710628982706091,5,0.3424714964149135,3,0.22544612429118,0.49469196867119825,0.20195648306481112,0.3659611376412823,0.37480446843930676,0.45607271936222343,1-5,1-3,0.17591679946297356,0.19637775442895122,0.09869408777730508,0.2983142142422471,0.10176005533898086,True,False,False,False,一般,2026-08-28,1号艇のdominance,0.2871,1号艇のvs_max234_diff,0.1498,1号艇のsession_exh_rel_avg,0.1267,1号艇のvs_max234_frame_diff,0.1111,1号艇の勝率順位,0.0987,5号艇のwin_rate_rank_2to6,0.2377,3号艇のracer_avgfin_te,0.1593,5号艇のclass_rank_2to6,0.1026,5号艇のsession_exh_rel_avg,-0.0755,mean_234_全国勝率,0.0717,3号艇のsession_exh_rel_avg,0.1483,3号艇のwin_rate_rank_2to6,-0.1417,3号艇のモーター2連率,0.1311,3号艇の全国勝率,-0.0816,1号艇vs3号艇のplace_rate差,-0.0545,0.126,南東 0.9m/s,[逃げ]1号艇のdominanceが有利(+28.7pt)、1号艇のvs_max234_diffが有利(+15.0pt) / [2着]5号艇のwin_rate_rank_2to6が有利(+23.8pt)、3号艇のracer_avgfin_teが有利(+15.9pt) / [候補2]3号艇のsession_exh_rel_avgが有利(+14.8pt)、3号艇のwin_rate_rank_2to6が不利(-14.2pt) / [除外]1号艇vs2号艇の枠別勝率差が不利(-7.8pt)、天気+12.6pt
42,17,宮島,8,14:26,0.733506186167509,4,0.4058591819831321,2,0.2750853866798543,0.49947705355146665,0.20829824463540064,0.47264632402758583,0.3746288213629476,0.49142783469430235,1-4,1-2,0.20177683285395442,0.1527880510078995,0.2977002206975122,0.05225936160259201,0.028981709075456902,True,True,False,False,予選,2026-08-28,1号艇のdominance,0.1582,1号艇の節間得点,0.0714,1号艇の級別順位,0.0691,1号艇vs4号艇のcumulative差,0.0636,風速区分,0.0591,4号艇のwin_rate_rank_2to6,0.1898,4号艇のsession_exh_rel_avg,0.1124,4号艇のclass_rank_2to6,-0.0814,5号艇のsession_rank_diff_delta,0.0569,4号艇の年齢,0.0471,2号艇のwin_rate_rank_2to6,0.0782,2号艇のsession_exh_rel_avg,-0.0755,2号艇の体重,-0.0658,3号艇のracer_win_te,0.0451,2号艇のclass_rank_2to6,-0.0449,0.054,南 1.2m/s,[逃げ]1号艇のdominanceが有利(+15.8pt)、1号艇の節間得点が有利(+7.1pt) / [2着]4号艇のwin_rate_rank_2to6が有利(+19.0pt)、4号艇のsession_exh_rel_avgが有利(+11.2pt) / [候補2]2号艇のwin_rate_rank_2to6が有利(+7.8pt)、2号艇のsession_exh_rel_avgが不利(-7.6pt) / [除外]5号艇のracer_avgfin_teが不利(-5.7pt)、天気+5.4pt
43,23,唐津,3,09:32,0.47521409858259606,3,0.5542976025263117,2,0.32496480891967494,0.4178378942728642,0.08629715635600374,0.7929652550899828,0.37456802776062975,0.5303761025179998,1-3,1-2,0.1544278587418289,0.2634100355310353,0.04100962536795967,0.014096332595470417,0.0022702539254434795,False,False,True,False,３ライズ戦,2026-08-28,1号艇のdominance,-0.0874,ST差分(6-5),0.0852,1号艇の体重,-0.0818,6号艇の枠別出走数,-0.0817,1号艇vs6号艇の枠別平均ST差,-0.07,3号艇のwin_rate_rank_2to6,0.2532,win_rate_gap_top2_2to6,0.0851,3号艇の当地勝率,0.0819,2号艇のvs_boat3_diff,0.0571,3号艇のclass_rank_2to6,0.0531,2号艇のwin_rate_rank_2to6,0.0613,風向(度),0.0593,2号艇の全国勝率,-0.0576,2号艇のracer_avgfin_te,-0.0443,2号艇のracer_2nd_te,-0.0384,0.0569,北 2.1m/s,[逃げ]1号艇のdominanceが不利(-8.7pt)、ST差分(6-5)が有利(+8.5pt) / [2着]3号艇のwin_rate_rank_2to6が有利(+25.3pt)、win_rate_gap_top2_2to6が有利(+8.5pt) / [候補2]2号艇のwin_rate_rank_2to6が有利(+6.1pt)、風向(度)が有利(+5.9pt) / [除外]6号艇の直近平均着順が不利(-25.2pt)、6号艇の全国勝率が不利(-19.8pt)、天気+5.7pt
44,01,桐生,4,16:23,0.7014627423023534,4,0.4222950421676959,2,0.21663278812113673,0.44818406796769716,0.14299031650833222,0.4959375137805004,0.3712808898884657,0.4625101017115381,1-4,1-2,0.15195982962805726,0.10030237954061619,0.29622423833963996,0.09915516011992051,0.05382113467411952,True,False,False,False,予選,2026-08-28,場特性:in_escape_diff,-0.1038,6号艇のモーター出走数,-0.082,1号艇のracer_win_te,0.081,6号艇の女子戦勝率,0.0723,1号艇の平均ST,0.0717,1号艇vs5号艇の枠別勝率差,0.1402,2号艇のsession_exh_rel_delta,0.136,6号艇のsession_exh_rel_delta,0.1105,4号艇の全国勝率,0.0869,5号艇の直近平均着順,0.0797,2号艇のwin_rate_rank_2to6,-0.1299,2号艇のsession_exh_rel_avg,0.0855,2号艇のモーター2連率,0.0741,2号艇のclass_rank_2to6,-0.0543,2号艇の全国勝率,0.0543,0.0525,北西 2.6m/s,[逃げ]場特性:in_escape_diffが不利(-10.4pt)、6号艇のモーター出走数が不利(-8.2pt) / [2着]1号艇vs5号艇の枠別勝率差が有利(+14.0pt)、2号艇のsession_exh_rel_deltaが有利(+13.6pt) / [候補2]2号艇のwin_rate_rank_2to6が不利(-13.0pt)、2号艇のsession_exh_rel_avgが有利(+8.6pt)、天気+5.2pt
45,23,唐津,7,11:26,0.5383637949345674,2,0.41999203413349595,3,0.3893518846356633,0.43572146351577884,0.1259943919457755,0.6833495268233838,0.3698433104917061,0.5100098825080603,1-2,1-3,0.22610850533839727,0.20961295817738157,0.06783081898840099,0.032844975805658885,0.0019665406358515165,True,True,False,False,予選,2026-08-28,1号艇の年齢,0.0878,1号艇の勝率順位,-0.0658,1号艇のモーター2連率順位,-0.063,1号艇のsession_exh_count,-0.0539,1号艇の節間得点,-0.0533,2号艇のwin_rate_rank_2to6,0.0883,2号艇のclass_rank_2to6,0.0783,2号艇の全国勝率,0.046,1号艇vs2号艇の枠別勝率差,0.0298,2号艇の当地勝率,0.0265,3号艇のwin_rate_rank_2to6,0.1798,3号艇のclass_rank_2to6,0.0475,3号艇の全国勝率,0.0404,3号艇の当地勝率,-0.0335,3号艇のモーター2連率,0.0304,0.0396,北東 3.1m/s,[逃げ]1号艇の年齢が有利(+8.8pt)、1号艇の勝率順位が不利(-6.6pt) / [2着]2号艇のwin_rate_rank_2to6が有利(+8.8pt)、2号艇のclass_rank_2to6が有利(+7.8pt) / [候補2]3号艇のwin_rate_rank_2to6が有利(+18.0pt)、3号艇のclass_rank_2to6が有利(+4.7pt) / [除外]6号艇の全国勝率が不利(-18.8pt)、6号艇の直近平均着順が不利(-11.8pt)、天気+4.0pt
46,14,鳴門,2,08:58,0.7308833150387182,4,0.33814159838536195,3,0.3373512801455054,0.49370647434568654,0.21855226346888845,0.4569406150619789,0.3642256733966932,0.4826767165605742,1-4,1-3,0.15973620283335654,0.24656442196530232,0.24714205238038423,0.04384765676439547,0.03359299062491348,False,False,True,False,どーなるなる,2026-08-28,1号艇のracer_win_te,0.1914,場特性:in_escape_diff,-0.1763,風速区分,0.1019,1号艇のdominance,0.1005,1号艇の級別順位,0.0759,4号艇のwin_rate_rank_2to6,0.2092,4号艇のclass_rank_2to6,0.1387,4号艇の全国勝率,0.1337,4号艇の節間得点,0.0972,4号艇の直近複勝率,0.0568,3号艇のsession_exh_rel_avg,0.1159,3号艇のモーター2連率,0.0887,3号艇のracer_avgfin_te,0.0687,3号艇の節間得点,0.0448,3号艇のwin_rate_rank_2to6,0.0393,0.0902,北東 1.4m/s,[逃げ]1号艇のracer_win_teが有利(+19.1pt)、場特性:in_escape_diffが不利(-17.6pt) / [2着]4号艇のwin_rate_rank_2to6が有利(+20.9pt)、4号艇のclass_rank_2to6が有利(+13.9pt) / [候補2]3号艇のsession_exh_rel_avgが有利(+11.6pt)、3号艇のモーター2連率が有利(+8.9pt) / [除外]3号艇のracer_win_teが不利(-6.2pt)、天気+9.0pt
47,07,蒲郡,9,18:55,0.664158883702268,4,0.3741711406093695,2,0.32645480078290834,0.4653269431279459,0.18443538005288915,0.5161905613393887,0.3623396412023637,0.4805860285913788,1-4,1-2,0.2168178560672227,0.12249439613113042,0.24850908706072322,0.06323352530219319,0.013104020378090853,True,False,False,False,予選特賞,2026-08-28,1号艇のdominance,-0.1473,1号艇のracer_win_te,0.1313,風速区分,0.0828,1号艇の級別順位,0.0821,1号艇の全国勝率,0.0719,4号艇のwin_rate_rank_2to6,0.2522,4号艇のclass_rank_2to6,0.1975,4号艇の全国勝率,0.1587,win_rate_gap_top2_2to6,0.068,4号艇のcumulative_diff_rank_2to6,-0.0679,2号艇のsession_exh_rel_avg,0.0559,2号艇の全国勝率,0.049,3号艇の全国勝率,-0.0471,2号艇のracer_avgfin_te,0.0336,2号艇のモーター2連率,-0.0333,0.0875,南東 1.7m/s,[逃げ]1号艇のdominanceが不利(-14.7pt)、1号艇のracer_win_teが有利(+13.1pt) / [2着]4号艇のwin_rate_rank_2to6が有利(+25.2pt)、4号艇のclass_rank_2to6が有利(+19.7pt) / [候補2]2号艇のsession_exh_rel_avgが有利(+5.6pt)、2号艇の全国勝率が有利(+4.9pt) / [除外]6号艇のwin_rate_rank_2to6が不利(-7.8pt)、3号艇のwin_rate_rank_2to6が不利(-5.2pt)、天気+8.8pt
48,11,琵琶湖,3,11:32,0.59756986780541,3,0.41199264818014864,4,0.30982335502609476,0.43133549361578427,0.1421833652776519,0.5796326379285914,0.35774101516059703,0.4758246369096264,1-3,1-4,0.08496449479309477,0.24619439230981222,0.18514110130597206,0.08056432481361847,0.0007055644613254481,True,True,False,False,予選,2026-08-28,1号艇のsession_exh_rel_avg,0.1536,3号艇のracer_win_te,-0.1416,1号艇のdominance,-0.1228,3号艇の直近平均着順,0.1068,1号艇のracer_win_te,0.1005,3号艇のwin_rate_rank_2to6,0.2169,3号艇のsession_exh_rel_avg,-0.0991,3号艇の当地勝率,0.0724,3号艇の全国勝率,0.0638,2号艇のvs_boat3_diff,0.0622,3号艇の直近1着率,0.1723,4号艇のモーター2連率,0.108,4号艇のclass_rank_2to6,0.1079,4号艇のwin_rate_rank_2to6,0.0759,4号艇の節間得点,0.0741,0.0422,西 1.8m/s,[逃げ]1号艇のsession_exh_rel_avgが有利(+15.4pt)、3号艇のracer_win_teが不利(-14.2pt) / [2着]3号艇のwin_rate_rank_2to6が有利(+21.7pt)、3号艇のsession_exh_rel_avgが不利(-9.9pt) / [候補2]3号艇の直近1着率が有利(+17.2pt)、4号艇のモーター2連率が有利(+10.8pt) / [除外]6号艇の直近平均着順が不利(-25.1pt)、6号艇のvs_avg456_diffが不利(-12.9pt)、天気+4.2pt
49,14,鳴門,3,09:24,0.7656957935183509,2,0.3358881036972816,5,0.30734519715738023,0.4925210327153384,0.23063954053219315,0.41259376032246864,0.35620724308985013,0.4685428509974775,1-2,1-5,0.25718810809386417,0.1765997260045055,0.06002226720668402,0.23533292462147426,0.03655276759182293,False,False,True,False,どきどきなる,2026-08-28,場特性:in_escape_diff,-0.1501,1号艇のdominance,0.1354,1号艇のracer_win_te,0.116,風速区分,0.1017,1号艇のvs_max234_frame_diff,0.0813,2号艇のsession_exh_rel_avg,0.108,2号艇の全国勝率,0.0577,2号艇のwin_rate_rank_2to6,0.0466,2号艇のcumulative_diff_rank_2to6,-0.0411,4号艇のモーター出走数,-0.0376,5号艇のwin_rate_rank_2to6,0.2521,5号艇のclass_rank_2to6,0.1733,5号艇のsession_exh_rel_avg,0.1658,5号艇のモーター2連率,0.0744,1号艇vs4号艇の勝率差,0.0705,0.1179,北東 1.4m/s,[逃げ]場特性:in_escape_diffが不利(-15.0pt)、1号艇のdominanceが有利(+13.5pt) / [2着]2号艇のsession_exh_rel_avgが有利(+10.8pt)、2号艇の全国勝率が有利(+5.8pt) / [候補2]5号艇のwin_rate_rank_2to6が有利(+25.2pt)、5号艇のclass_rank_2to6が有利(+17.3pt) / [除外]4号艇のwin_rate_rank_2to6が不利(-5.5pt)、天気+11.8pt
50,10,三国,12,14:24,0.6731248321120546,2,0.4619622116376813,3,0.25658888901814136,0.48367458899288274,0.22210671649814034,0.4964443841576824,0.35476173921512666,0.48750552754232257,1-2,1-3,0.3109582361507277,0.17271635284215503,0.14950554625377044,0.034102036667143794,0.005842646719986145,True,True,False,False,準優勝戦,2026-08-28,1号艇のsession_exh_rel_avg,0.1196,1号艇の女子戦比率,-0.1134,1号艇の節間得点,0.1038,1号艇の級別順位,0.0801,1号艇のモーター2連率,0.0658,2号艇のsession_exh_rel_avg,0.0964,2号艇のclass_rank_2to6,0.076,2号艇の節間得点,0.0739,2号艇のwin_rate_rank_2to6,0.0682,2号艇の全国勝率,0.0535,3号艇の当地勝率,0.0726,3号艇の節間得点,0.0699,3号艇のwin_rate_rank_2to6,-0.0629,3号艇のsession_exh_rel_avg,-0.059,6号艇の女子戦比率,0.0433,0.0376,東 5.6m/s,[逃げ]1号艇のsession_exh_rel_avgが有利(+12.0pt)、1号艇の女子戦比率が不利(-11.3pt) / [2着]2号艇のsession_exh_rel_avgが有利(+9.6pt)、2号艇のclass_rank_2to6が有利(+7.6pt) / [候補2]3号艇の当地勝率が有利(+7.3pt)、3号艇の節間得点が有利(+7.0pt) / [除外]4号艇の女子戦2連率が不利(-17.6pt)、6号艇のwin_rate_rank_2to6が不利(-6.1pt)、天気+3.8pt
51,11,琵琶湖,5,12:30,0.6329655153238148,3,0.34718380111088526,2,0.3467568257799427,0.43924048650408404,0.16788655441495837,0.5260540724758695,0.3507494002976192,0.46528456229561965,1-3,1-2,0.21948511292185172,0.21975537358223232,0.08149432227480495,0.1062663994312038,0.005964298860790983,True,True,False,False,予選,2026-08-28,1号艇のdominance,0.1469,1号艇のsession_exh_rel_avg,-0.1429,6号艇の枠別出走数,-0.1375,1号艇のracer_win_te,0.1221,風速区分,0.0746,3号艇のsession_exh_rel_avg,-0.1367,3号艇の節間得点,-0.0753,3号艇のモーター2連率,0.0639,3号艇のcumulative_diff_rank_2to6,-0.0454,3号艇のwin_rate_rank_2to6,0.0412,2号艇のsession_exh_rel_avg,0.1117,6号艇のsession_rank_diff_last,-0.0769,2号艇のclass_rank_2to6,-0.0736,2号艇のモーター2連率,-0.0429,3号艇の枠別勝率,-0.038,0.0608,西 1.6m/s,[逃げ]1号艇のdominanceが有利(+14.7pt)、1号艇のsession_exh_rel_avgが不利(-14.3pt) / [2着]3号艇のsession_exh_rel_avgが不利(-13.7pt)、3号艇の節間得点が不利(-7.5pt) / [候補2]2号艇のsession_exh_rel_avgが有利(+11.2pt)、6号艇のsession_rank_diff_lastが不利(-7.7pt) / [除外]6号艇のwin_rate_rank_2to6が不利(-8.4pt)、6号艇のvs_avg456_diffが不利(-6.9pt)、天気+6.1pt
52,23,唐津,1,08:40,0.7209544604529674,2,0.38341271817742395,3,0.24239682789773018,0.4511801836369292,0.19513044254639197,0.43067910352876215,0.34553339695544555,0.44502985960447905,1-2,1-3,0.27642310936441034,0.17475707427251885,0.08955467549620512,0.14068016292398278,0.039539430338556364,False,False,True,False,朝１戦,2026-08-28,1号艇のdominance,0.2321,1号艇の年齢,-0.0872,1号艇の勝率順位,0.0862,1号艇の級別順位,0.079,1号艇のvs_max234_diff,0.0589,2号艇のwin_rate_rank_2to6,0.0742,second_best_win_rate,0.0637,2号艇のclass_rank_2to6,-0.0537,3号艇のracer_win_te,0.0466,3号艇のracer_2nd_te,0.0447,3号艇のracer_avgfin_te,-0.0819,3号艇のwin_rate_rank_2to6,-0.0687,3号艇の全国勝率,-0.0543,3号艇の当地勝率,-0.0519,3号艇のcumulative_diff_rank_2to6,0.0371,0.0437,南 2.1m/s,[逃げ]1号艇のdominanceが有利(+23.2pt)、1号艇の年齢が不利(-8.7pt) / [2着]2号艇のwin_rate_rank_2to6が有利(+7.4pt)、second_best_win_rateが有利(+6.4pt) / [候補2]3号艇のracer_avgfin_teが不利(-8.2pt)、3号艇のwin_rate_rank_2to6が不利(-6.9pt) / [除外]6号艇のwin_rate_rank_2to6が不利(-6.7pt)、天気+4.4pt
53,10,三国,2,09:14,0.5238080889819992,3,0.5758711182064303,2,0.21160664239320895,0.41248722089552126,0.13624643646417994,0.6512313241354593,0.3450473241746879,0.48411045186750257,1-3,1-2,0.11084127096788407,0.3016459499276372,0.07136698551490946,0.02148752229884112,0.01846635149170995,False,False,True,False,一般,2026-08-28,1号艇の女子戦比率,-0.2763,3号艇のsession_exh_rel_avg,-0.0878,1号艇vs5号艇のcumulative差,0.0781,1号艇のvs_max234_diff,0.074,場特性:1x_diff_course5,-0.0686,6号艇の女子戦比率,0.1214,6号艇の直近1着率,0.0905,3号艇の節間得点,0.0741,3号艇のsession_exh_rel_avg,0.0704,3号艇の性別,-0.0675,2号艇のwin_rate_rank_2to6,-0.1296,2号艇の全国勝率,-0.0614,2号艇の直近平均着順,-0.05,4号艇の女子戦比率,0.0481,2号艇の体重,-0.0441,0.0234,北 2.9m/s,[逃げ]1号艇の女子戦比率が不利(-27.6pt)、3号艇のsession_exh_rel_avgが不利(-8.8pt) / [2着]6号艇の女子戦比率が有利(+12.1pt)、6号艇の直近1着率が有利(+9.1pt) / [候補2]2号艇のwin_rate_rank_2to6が不利(-13.0pt)、2号艇の全国勝率が不利(-6.1pt) / [除外]5号艇の直近平均着順が不利(-26.8pt)、5号艇のracer_win_teが不利(-10.1pt)、天気+2.3pt
54,07,蒲郡,11,19:57,0.6000652990031303,4,0.5298608441307455,2,0.16214238674650433,0.41524712564748917,0.1442923189798626,0.5477109118973873,0.34334676079621085,0.4549862615224586,1-4,1-2,0.09729601978412232,0.08658481353250631,0.31795110586336683,0.0785699101135521,0.019663454180417556,True,False,False,False,予選特選,2026-08-28,1号艇のracer_win_te,0.1846,1号艇のsession_exh_rel_avg,-0.176,1号艇のdominance,-0.1618,風速区分,0.0889,1号艇のモーター2連率,0.0743,4号艇の全国勝率,0.2092,4号艇のwin_rate_rank_2to6,0.2062,4号艇のclass_rank_2to6,0.1138,4号艇のsession_exh_rel_avg,-0.0994,4号艇のracer_win_te,0.062,2号艇のwin_rate_rank_2to6,-0.1262,1号艇vs2号艇のlocal_win_rate差,0.0562,second_best_win_rate,-0.0556,レース時間帯,-0.0467,3号艇の全国勝率,-0.046,0.1052,南東 1.7m/s,[逃げ]1号艇のracer_win_teが有利(+18.5pt)、1号艇のsession_exh_rel_avgが不利(-17.6pt) / [2着]4号艇の全国勝率が有利(+20.9pt)、4号艇のwin_rate_rank_2to6が有利(+20.6pt) / [候補2]2号艇のwin_rate_rank_2to6が不利(-12.6pt)、1号艇vs2号艇のlocal_win_rate差が有利(+5.6pt)、天気+10.5pt
55,01,桐生,9,18:59,0.7545755092090354,3,0.3292170701148762,4,0.28548392491189944,0.46383831633363,0.21840340877604597,0.3962975862507297,0.3422736730437819,0.4435760973087599,1-3,1-4,0.164801863390174,0.2484191383222394,0.21541917801139054,0.09899272840718772,0.02694260951108214,True,False,False,False,予選,2026-08-28,1号艇のsession_exh_rel_avg,0.1577,1号艇のdominance,0.1573,1号艇の全国勝率,0.1405,1号艇のracer_win_te,0.1376,場特性:in_escape_diff,-0.1103,3号艇のsession_exh_rel_avg,-0.1512,3号艇の全国勝率,0.1237,5号艇のsession_exh_rel_delta,0.0948,6号艇のモーター出走数,0.092,4号艇の直近1着率,0.0858,4号艇のsession_exh_rel_avg,0.1468,4号艇の全国勝率,0.1271,2号艇のsession_exh_rel_delta,0.0799,4号艇のwin_rate_rank_2to6,-0.0682,3号艇の女子戦2連率,-0.064,0.1335,北 1.6m/s,[逃げ]1号艇のsession_exh_rel_avgが有利(+15.8pt)、1号艇のdominanceが有利(+15.7pt) / [2着]3号艇のsession_exh_rel_avgが不利(-15.1pt)、3号艇の全国勝率が有利(+12.4pt) / [候補2]4号艇のsession_exh_rel_avgが有利(+14.7pt)、4号艇の全国勝率が有利(+12.7pt) / [除外]6号艇のsession_exh_rel_avgが不利(-7.3pt)、6号艇のwin_rate_rank_2to6が不利(-6.0pt)、天気+13.3pt
56,23,唐津,12,14:21,0.7651941290904742,2,0.3251232452638815,3,0.3047653148870817,0.48198702820876904,0.2509592431955652,0.378929316955398,0.3368361084135464,0.4510697148327577,1-2,1-3,0.24878239850676445,0.23320462970200462,0.19203253953423502,0.06649791872747911,0.02467663691885059,True,True,False,False,ドリーム,2026-08-28,1号艇のdominance,0.1557,1号艇のracer_win_te,0.151,race_no,0.1214,風速区分,0.0867,1号艇の級別順位,0.0812,2号艇の全国勝率,0.0637,2号艇のclass_rank_2to6,-0.0424,2号艇のracer_avgfin_te,0.042,2号艇の当地勝率,0.0415,2号艇のwin_rate_rank_2to6,-0.0343,3号艇のwin_rate_rank_2to6,0.0808,6号艇のracer_2nd_te,-0.0693,3号艇の当地勝率,0.0687,3号艇の全国勝率,0.06,3号艇のcumulative_diff_rank_2to6,0.0473,0.1506,南 1.7m/s,[逃げ]1号艇のdominanceが有利(+15.6pt)、1号艇のracer_win_teが有利(+15.1pt) / [2着]2号艇の全国勝率が有利(+6.4pt)、2号艇のclass_rank_2to6が不利(-4.2pt) / [候補2]3号艇のwin_rate_rank_2to6が有利(+8.1pt)、6号艇のracer_2nd_teが不利(-6.9pt) / [除外]6号艇のwin_rate_rank_2to6が不利(-6.8pt)、std_234_全国勝率が不利(-6.1pt)、天気+15.1pt
57,05,多摩川,4,13:00,0.492959188122123,2,0.4003935092832753,3,0.378593349364458,0.38400872939678965,0.10889973245276771,0.6700871261949656,0.33382659192778447,0.4698322484362424,1-2,1-3,0.1973776592656511,0.1866310701311385,0.053683123696632785,0.03166300475725725,0.023604336698899702,True,True,False,False,予選,2026-08-28,1号艇のdominance,-0.1732,1号艇の級別順位,-0.1031,1号艇の勝率順位,-0.069,1号艇のモーター2連率順位,0.0628,1号艇の全国勝率,0.0579,2号艇のwin_rate_rank_2to6,0.1876,2号艇のclass_rank_2to6,0.0797,2号艇の全国勝率,0.0585,2号艇のracer_avgfin_te,0.0541,節間得点の分散(2-6号艇),-0.0411,3号艇のwin_rate_rank_2to6,0.0603,3号艇の当地勝率,0.0372,3号艇のclass_rank_2to6,0.0362,3号艇のcumulative_diff_rank_2to6,0.0353,3号艇の全国勝率,0.032,0.0312,東 1.0m/s,[逃げ]1号艇のdominanceが不利(-17.3pt)、1号艇の級別順位が不利(-10.3pt) / [2着]2号艇のwin_rate_rank_2to6が有利(+18.8pt)、2号艇のclass_rank_2to6が有利(+8.0pt) / [候補2]3号艇のwin_rate_rank_2to6が有利(+6.0pt)、3号艇の当地勝率が有利(+3.7pt) / [除外]2号艇のracer_2nd_teが不利(-5.7pt)、天気+3.1pt
58,13,尼崎,12,16:21,0.8680375052316831,2,0.2615014644146348,5,0.25605418139156855,0.4492577116041894,0.22893554508541392,0.2886201007207895,0.32583644069627243,0.40106642833916945,1-2,1-5,0.22699307878491135,0.16780021216187568,0.1987246394147982,0.22226463281927802,0.05225494851820328,True,False,False,False,準優勝戦,2026-08-28,1号艇のdominance,0.2424,1号艇のvs_max234_diff,0.1013,風速区分,0.099,race_no,0.0923,1号艇の級別順位,0.0829,2号艇のwin_rate_rank_2to6,-0.1231,2号艇のsession_exh_rel_avg,0.092,2号艇のclass_rank_2to6,-0.0681,2号艇の節間得点,0.0625,2号艇のsession_avg_finish,0.0464,5号艇のwin_rate_rank_2to6,0.2717,5号艇のsession_exh_rel_avg,0.1311,5号艇のclass_rank_2to6,0.1189,5号艇のcumulative_diff_rank_2to6,-0.1047,5号艇のモーター2連率,0.0861,0.1139,北東 1.6m/s,[逃げ]1号艇のdominanceが有利(+24.2pt)、1号艇のvs_max234_diffが有利(+10.1pt) / [2着]2号艇のwin_rate_rank_2to6が不利(-12.3pt)、2号艇のsession_exh_rel_avgが有利(+9.2pt) / [候補2]5号艇のwin_rate_rank_2to6が有利(+27.2pt)、5号艇のsession_exh_rel_avgが有利(+13.1pt)、天気+11.4pt
59,07,蒲郡,7,18:03,0.5752910780401577,3,0.5057958532423714,2,0.22125296724646043,0.41826469972684516,0.18606939151962157,0.5409794289692104,0.3248731899200716,0.45507911849955474,1-3,1-2,0.12728485804679993,0.2909798416800452,0.10704406083759926,0.03024462036833033,0.019737697107382983,True,False,False,False,予選,2026-08-28,3号艇のracer_win_te,-0.1763,1号艇のsession_exh_rel_avg,-0.0902,1号艇の年齢,0.0724,風速区分,0.069,1号艇のracer_win_te,-0.0614,3号艇のwin_rate_rank_2to6,0.2616,3号艇のsession_exh_rel_avg,-0.1566,3号艇の当地勝率,0.0984,2号艇のvs_boat3_diff,0.0693,3号艇のモーター2連率,0.0609,2号艇のsession_exh_rel_avg,-0.1452,2号艇の全国勝率,-0.0842,4号艇のモーター2連率,0.0574,2号艇のsession_avg_finish,-0.0529,2号艇のモーター2連率,-0.0417,0.0674,南東 1.7m/s,[逃げ]3号艇のracer_win_teが不利(-17.6pt)、1号艇のsession_exh_rel_avgが不利(-9.0pt) / [2着]3号艇のwin_rate_rank_2to6が有利(+26.2pt)、3号艇のsession_exh_rel_avgが不利(-15.7pt) / [候補2]2号艇のsession_exh_rel_avgが不利(-14.5pt)、2号艇の全国勝率が不利(-8.4pt) / [除外]6号艇のrecent_race_countが不利(-12.1pt)、6号艇のwin_rate_rank_2to6が不利(-10.8pt)、天気+6.7pt
60,13,尼崎,3,11:22,0.8236138984150017,2,0.30260360686186716,4,0.28681595417565203,0.48545414246817026,0.2779043988508637,0.31151516218665554,0.32356233250943617,0.4332724483837158,1-2,1-4,0.24922853632194295,0.22888592532423738,0.23622560614622723,0.09890811752336176,0.01036570581225532,True,True,False,False,一般,2026-08-28,1号艇のdominance,0.1497,1号艇の年齢,0.1046,1号艇のracer_win_te,0.0955,風速区分,0.0806,1号艇の勝率順位,0.079,2号艇のwin_rate_rank_2to6,-0.1605,1号艇vs2号艇の枠別勝率差,-0.128,3号艇のsession_exh_rel_delta,0.0957,2号艇のsession_exh_rel_avg,0.0913,2号艇のモーター2連率,0.0877,4号艇の節間得点,0.1111,4号艇のsession_exh_rel_avg,0.0914,4号艇のwin_rate_rank_2to6,-0.0667,4号艇のclass_rank_2to6,-0.0644,4号艇のcumulative_diff_rank_2to6,0.058,0.0971,西 1.4m/s,[逃げ]1号艇のdominanceが有利(+15.0pt)、1号艇の年齢が有利(+10.5pt) / [2着]2号艇のwin_rate_rank_2to6が不利(-16.0pt)、1号艇vs2号艇の枠別勝率差が不利(-12.8pt) / [候補2]4号艇の節間得点が有利(+11.1pt)、4号艇のsession_exh_rel_avgが有利(+9.1pt) / [除外]1号艇vs6号艇のcumulative差が不利(-6.9pt)、6号艇のsession_exh_rel_avgが不利(-6.8pt)、天気+9.7pt
61,15,丸亀,12,20:30,0.6901509033114512,2,0.3604181358693016,3,0.27316308324861027,0.4372666506953974,0.2199441150650816,0.4136371040528303,0.3218575788537918,0.43017778670262724,1-2,1-3,0.24874290204002786,0.18852374865536953,0.15179462969020383,0.08251958282901135,0.018570040096838648,False,False,False,False,優勝戦,2026-08-28,race_no,0.119,1号艇の節間得点,0.1175,3号艇のracer_win_te,-0.102,1号艇のdominance,0.0884,1号艇の勝率順位,-0.0694,2号艇のwin_rate_rank_2to6,-0.1389,2号艇の当地勝率,0.1159,2号艇のsession_exh_rel_avg,0.0857,2号艇の全国勝率,0.0662,2号艇のclass_rank_2to6,-0.0631,3号艇の節間得点,0.1184,3号艇のsession_exh_rel_avg,0.1173,3号艇のracer_avgfin_te,0.0592,3号艇のモーター2連率,0.0404,3号艇のracer_win_te,0.0394,0.0865,東 2.1m/s,[逃げ]race_noが有利(+11.9pt)、1号艇の節間得点が有利(+11.7pt) / [2着]2号艇のwin_rate_rank_2to6が不利(-13.9pt)、2号艇の当地勝率が有利(+11.6pt) / [候補2]3号艇の節間得点が有利(+11.8pt)、3号艇のsession_exh_rel_avgが有利(+11.7pt) / [除外]3号艇のracer_avgfin_teが不利(-6.4pt)、3号艇のracer_win_teが不利(-5.0pt)、天気+8.6pt
62,14,鳴門,12,14:13,0.6740370437107979,4,0.39593319253713954,2,0.25895905972174355,0.4414216376616837,0.22797682845191825,0.4269154238069649,0.32066095170468867,0.437069773505268,1-4,1-2,0.17454799905697196,0.1536648274842947,0.2668736386047117,0.04502557962999966,0.033924996423836236,True,True,False,False,特選,2026-08-28,2号艇のsession_exh_rel_avg,-0.2629,場特性:in_escape_diff,-0.1704,race_no,0.0984,1号艇の節間得点,0.0962,1号艇のdominance,0.0924,2号艇のsession_exh_rel_avg,0.1426,4号艇のclass_rank_2to6,0.12,4号艇の全国勝率,0.0826,4号艇のwin_rate_rank_2to6,0.0787,4号艇の年齢,0.0622,2号艇のwin_rate_rank_2to6,-0.1379,6号艇の一般戦勝率,0.0901,2号艇の全国勝率,0.0582,2号艇のclass_rank_2to6,-0.0574,レース時間帯,-0.0437,0.1008,北東 2.3m/s,[逃げ]2号艇のsession_exh_rel_avgが不利(-26.3pt)、場特性:in_escape_diffが不利(-17.0pt) / [2着]2号艇のsession_exh_rel_avgが有利(+14.3pt)、4号艇のclass_rank_2to6が有利(+12.0pt) / [候補2]2号艇のwin_rate_rank_2to6が不利(-13.8pt)、6号艇の一般戦勝率が有利(+9.0pt)、天気+10.1pt
63,01,桐生,1,14:57,0.6751630450186189,2,0.4024720902805773,4,0.21296582970552225,0.4155209400777401,0.19732029844242346,0.41811762154367604,0.3171320809914809,0.41629994451752084,1-2,1-4,0.27173428200884303,0.08999390121685173,0.14378665806889704,0.13322337354036928,0.036424841501960306,True,True,False,False,予選,2026-08-28,1号艇のsession_exh_rel_avg,0.1545,1号艇のdominance,0.1226,1号艇のracer_win_te,0.1104,場特性:in_escape_diff,-0.1017,1号艇の全国勝率,0.0877,2号艇のsession_exh_rel_avg,-0.0877,2号艇のwin_rate_rank_2to6,0.0773,6号艇の直近1着率,0.0721,3号艇のモーター出走数,0.0718,2号艇のclass_rank_2to6,-0.0605,5号艇の直近1着率,-0.2715,4号艇のsession_exh_rel_avg,-0.182,4号艇のwin_rate_rank_2to6,0.1639,4号艇の全国勝率,0.1528,1号艇のモーター出走数,0.1489,0.0785,南西 1.0m/s,[逃げ]1号艇のsession_exh_rel_avgが有利(+15.4pt)、1号艇のdominanceが有利(+12.3pt) / [2着]2号艇のsession_exh_rel_avgが不利(-8.8pt)、2号艇のwin_rate_rank_2to6が有利(+7.7pt) / [候補2]5号艇の直近1着率が不利(-27.1pt)、4号艇のsession_exh_rel_avgが不利(-18.2pt) / [除外]6号艇のwin_rate_rank_2to6が不利(-6.4pt)、天気+7.9pt
64,17,宮島,7,13:56,0.44240350780483406,4,0.52873542873688,2,0.30716982799828263,0.3698074177721363,0.12091794405587197,0.7149873126792906,0.31614779458779513,0.4733613862442826,1-4,1-2,0.13589300939824778,0.05349452260686644,0.23391440837388855,0.011648930576733057,0.007452640557281585,True,True,False,False,予選,2026-08-28,1号艇のdominance,-0.1988,1号艇の節間得点,0.0884,4号艇のsession_exh_rel_avg,-0.0736,1号艇vs4号艇のcumulative差,-0.0691,3号艇の枠別出走数,-0.0684,4号艇のwin_rate_rank_2to6,0.2443,4号艇のclass_rank_2to6,0.2323,4号艇の節間得点,0.1,4号艇の全国勝率,0.0879,4号艇のsession_exh_rel_avg,0.0716,2号艇のsession_exh_rel_avg,-0.0873,3号艇のracer_2nd_te,0.0863,2号艇のclass_rank_2to6,0.068,3号艇の全国勝率,-0.0519,3号艇の直近平均着順,0.0519,0.0224,南東 1.4m/s,[逃げ]1号艇のdominanceが不利(-19.9pt)、1号艇の節間得点が有利(+8.8pt) / [2着]4号艇のwin_rate_rank_2to6が有利(+24.4pt)、4号艇のclass_rank_2to6が有利(+23.2pt) / [候補2]2号艇のsession_exh_rel_avgが不利(-8.7pt)、3号艇のracer_2nd_teが有利(+8.6pt) / [除外]4号艇の女子戦2連率が不利(-9.0pt)、5号艇のracer_win_teが不利(-6.1pt)、天気+2.2pt
65,13,尼崎,9,14:47,0.6161804631458012,3,0.4588538918157151,2,0.2141153381726938,0.414670491817131,0.19847523870503933,0.47449399128336955,0.31590830200032166,0.43261754165700256,1-3,1-2,0.13193368824187032,0.2827368035752607,0.12229656450824458,0.05443682214929824,0.024776576637048534,True,True,False,False,一般,2026-08-28,1号艇の直近1着率,-0.2789,3号艇のsession_exh_rel_avg,-0.1506,1号艇のdominance,0.1407,1号艇の級別順位,0.0799,1号艇のracer_win_te,0.0769,3号艇のsession_exh_rel_avg,0.125,3号艇の節間得点,0.0874,3号艇のcumulative_diff_rank_2to6,0.0485,3号艇の当地2連率,-0.0467,3号艇のracer_win_te,0.0437,2号艇のwin_rate_rank_2to6,-0.1518,2号艇のsession_exh_rel_avg,0.0561,2号艇のclass_rank_2to6,-0.0514,2号艇の全国勝率,0.0458,2号艇の当地勝率,-0.0369,0.1007,北 1.5m/s,[逃げ]1号艇の直近1着率が不利(-27.9pt)、3号艇のsession_exh_rel_avgが不利(-15.1pt) / [2着]3号艇のsession_exh_rel_avgが有利(+12.5pt)、3号艇の節間得点が有利(+8.7pt) / [候補2]2号艇のwin_rate_rank_2to6が不利(-15.2pt)、2号艇のsession_exh_rel_avgが有利(+5.6pt) / [除外]6号艇のwin_rate_rank_2to6が不利(-7.3pt)、天気+10.1pt
66,04,平和島,7,14:50,0.5812819103300061,3,0.4251120290878626,2,0.24382433303936535,0.3888406064665198,0.1565586376635541,0.5123777244636738,0.3157889797265176,0.425901741865666,1-3,1-2,0.1417306740940619,0.2471099323724579,0.09100470397973397,0.07369609516507608,0.027740502553232373,True,True,False,False,予選,2026-08-28,1号艇のsession_exh_rel_avg,-0.2031,1号艇のdominance,0.1631,場特性:in_escape_diff,-0.1234,1号艇のsession_exh_rel_last,-0.0929,風速区分,0.0863,3号艇のsession_exh_rel_avg,-0.0999,3号艇のwin_rate_rank_2to6,0.0459,5号艇のracer_2nd_te,-0.0362,3号艇のcumulative_diff_rank_2to6,0.0331,1号艇のsession_exh_rel_avg,0.0314,2号艇のsession_exh_rel_avg,-0.1686,2号艇のwin_rate_rank_2to6,-0.1566,2号艇の全国勝率,-0.0788,1号艇の年齢,0.061,2号艇のclass_rank_2to6,-0.0522,0.0632,南東 0.8m/s,[逃げ]1号艇のsession_exh_rel_avgが不利(-20.3pt)、1号艇のdominanceが有利(+16.3pt) / [2着]3号艇のsession_exh_rel_avgが不利(-10.0pt)、3号艇のwin_rate_rank_2to6が有利(+4.6pt) / [候補2]2号艇のsession_exh_rel_avgが不利(-16.9pt)、2号艇のwin_rate_rank_2to6が不利(-15.7pt)、天気+6.3pt
67,04,平和島,12,17:35,0.6089189617177154,3,0.3897873858752301,2,0.2939700677256595,0.41635287871340265,0.2062220704655075,0.4775353831353821,0.31331949548234,0.43470763003999646,1-3,1-2,0.17900394841559505,0.2373489302978076,0.12557252903113436,0.03751705601805424,0.029476492284124356,True,False,False,False,記者選抜,2026-08-28,1号艇のdominance,0.2759,場特性:in_escape_diff,-0.1347,1号艇の年齢,-0.1114,1号艇のsession_exh_rel_avg,-0.109,1号艇の勝率順位,0.0874,3号艇のsession_exh_rel_avg,0.0605,3号艇の当地勝率,-0.0496,3号艇のwin_rate_rank_2to6,0.0462,1号艇のracer_2nd_te,0.0345,3号艇のracer_2nd_te,0.0302,2号艇のwin_rate_rank_2to6,0.1794,2号艇の枠別出走数,-0.1451,2号艇のclass_rank_2to6,0.1082,1号艇の年齢,0.0646,2号艇の一般戦勝率,-0.0592,0.0791,北東 2.3m/s,[逃げ]1号艇のdominanceが有利(+27.6pt)、場特性:in_escape_diffが不利(-13.5pt) / [2着]3号艇のsession_exh_rel_avgが有利(+6.1pt)、3号艇の当地勝率が不利(-5.0pt) / [候補2]2号艇のwin_rate_rank_2to6が有利(+17.9pt)、2号艇の枠別出走数が不利(-14.5pt)、天気+7.9pt
68,15,丸亀,10,19:18,0.6548659281532192,2,0.3940779090585778,3,0.234344469516584,0.411532404217877,0.19996465352538073,0.4284577250497811,0.3127820826692034,0.4166100004674482,1-2,1-3,0.25806819568032546,0.15346420853755155,0.13095003842873534,0.10285035002986868,0.009533131207498142,True,False,False,False,特別選抜戦,2026-08-28,1号艇のdominance,0.2468,4号艇のsession_rank_diff_delta,-0.1076,1号艇のracer_win_te,0.1033,1号艇のsession_exh_rel_avg,-0.1013,1号艇の勝率順位,0.0713,2号艇のclass_rank_2to6,0.0912,2号艇のモーター2連率,0.0721,2号艇のwin_rate_rank_2to6,0.0603,レース時間帯,-0.0493,2号艇の全国勝率,0.0483,3号艇のwin_rate_rank_2to6,-0.1208,3号艇のsession_exh_rel_avg,0.0785,3号艇のcumulative_diff_rank_2to6,-0.0666,3号艇のsession_exh_rel_last,0.0586,3号艇のモーター2連率,0.0384,0.0698,東 1.9m/s,[逃げ]1号艇のdominanceが有利(+24.7pt)、4号艇のsession_rank_diff_deltaが不利(-10.8pt) / [2着]2号艇のclass_rank_2to6が有利(+9.1pt)、2号艇のモーター2連率が有利(+7.2pt) / [候補2]3号艇のwin_rate_rank_2to6が不利(-12.1pt)、3号艇のsession_exh_rel_avgが有利(+7.8pt) / [除外]6号艇のsession_exh_rel_avgが不利(-7.4pt)、6号艇のwin_rate_rank_2to6が不利(-6.9pt)、天気+7.0pt
69,11,琵琶湖,11,15:41,0.6508632078857687,4,0.4029021459677097,3,0.20499041889019956,0.3956549048133265,0.17645338368166272,0.43143918117624647,0.3118773287438573,0.4063901877222025,1-4,1-3,0.10772100037821561,0.13342072162472277,0.26223418318860375,0.032640289773535634,0.11484701534534535,True,False,False,False,予選特選,2026-08-28,1号艇のracer_win_te,0.1108,1号艇のdominance,0.1102,場特性:in_escape_diff,-0.0986,1号艇のsession_exh_rel_avg,-0.0869,風速区分,0.0856,2号艇のsession_exh_rel_delta,0.1418,4号艇の節間得点,0.1176,4号艇のsession_exh_rel_avg,0.0671,4号艇のwin_rate_rank_2to6,0.0597,4号艇の年齢,0.0588,3号艇の年齢,-0.0885,3号艇のsession_exh_rel_avg,-0.0594,3号艇のwin_rate_rank_2to6,-0.0504,3号艇のモーター2連率,-0.0398,1号艇vs3号艇のcumulative差,0.0356,0.0939,北東 0.9m/s,[逃げ]1号艇のracer_win_teが有利(+11.1pt)、1号艇のdominanceが有利(+11.0pt) / [2着]2号艇のsession_exh_rel_deltaが有利(+14.2pt)、4号艇の節間得点が有利(+11.8pt) / [候補2]3号艇の年齢が不利(-8.8pt)、3号艇のsession_exh_rel_avgが不利(-5.9pt) / [除外]5号艇のracer_avgfin_teが不利(-6.4pt)、天気+9.4pt
70,15,丸亀,4,16:35,0.8400536835339654,2,0.2759000588894014,3,0.2599937301309766,0.4501795514495422,0.25745898273923923,0.27843480628113876,0.3110962282100948,0.3986561278990211,1-2,1-3,0.2317708607572796,0.2184086906922626,0.09879073295822677,0.21627936680900553,0.07480403857607856,True,False,False,False,一般,2026-08-28,1号艇のsession_exh_rel_avg,0.1175,1号艇のracer_win_te,0.1015,1号艇の節間得点,0.0893,2号艇のsession_rank_diff_last,-0.0865,1号艇のdominance,0.0682,2号艇のwin_rate_rank_2to6,-0.1581,2号艇のsession_rank_diff_delta,-0.0851,2号艇のclass_rank_2to6,-0.0609,2号艇の直近平均着順,-0.0589,2号艇のsession_exh_rel_avg,0.044,3号艇の年齢,-0.0635,3号艇のsession_exh_rel_last,-0.0555,3号艇のsession_exh_rel_avg,-0.0495,3号艇のcumulative_diff_rank_2to6,-0.0382,5号艇の一般戦2連率,-0.0341,0.0678,北西 2.2m/s,[逃げ]1号艇のsession_exh_rel_avgが有利(+11.7pt)、1号艇のracer_win_teが有利(+10.2pt) / [2着]2号艇のwin_rate_rank_2to6が不利(-15.8pt)、2号艇のsession_rank_diff_deltaが不利(-8.5pt) / [候補2]3号艇の年齢が不利(-6.4pt)、3号艇のsession_exh_rel_lastが不利(-5.5pt) / [除外]6号艇のsession_exh_rel_avgが不利(-7.6pt)、天気+6.8pt
71,07,蒲郡,6,17:38,0.5948882353177694,2,0.466259931797119,5,0.16468898143529456,0.37534408556849486,0.1442453353514646,0.4867035778809489,0.31037412537447523,0.408751933262231,1-2,1-5,0.2773725480261716,0.07422640878717639,0.05950787909751995,0.09797153754232327,0.08580985300005263,True,False,False,False,予選,2026-08-28,1号艇のdominance,-0.295,1号艇のsession_exh_rel_avg,0.11,1号艇の級別順位,-0.0968,1号艇のframe_dominance,0.0733,2号艇のsession_avg_finish,-0.0677,2号艇のclass_rank_2to6,0.0959,2号艇の当地勝率,0.078,second_best_win_rate,-0.0722,2号艇のsession_exh_rel_avg,-0.0679,2号艇の全国勝率,0.0581,6号艇のvs_avg456_diff,0.1808,5号艇の枠別出走数,0.1246,5号艇の年齢,0.1204,5号艇のracer_avgfin_te,-0.1099,local_win_rateの分散(2-6号艇),-0.0969,0.0694,南東 1.7m/s,[逃げ]1号艇のdominanceが不利(-29.5pt)、1号艇のsession_exh_rel_avgが有利(+11.0pt) / [2着]2号艇のclass_rank_2to6が有利(+9.6pt)、2号艇の当地勝率が有利(+7.8pt) / [候補2]6号艇のvs_avg456_diffが有利(+18.1pt)、5号艇の枠別出走数が有利(+12.5pt) / [除外]win_rate_range_1to6が不利(-6.9pt)、天気+6.9pt
72,07,蒲郡,12,20:35,0.6329172740349116,4,0.3759910316390176,3,0.25068888806059797,0.396636546468698,0.18156014314438507,0.4451197765552305,0.31022048068491637,0.41118151549465776,1-4,1-3,0.11491255087233254,0.15866532766215677,0.2379712188065412,0.0955322728988337,0.0258359085106486,False,False,False,False,予選記者特選,2026-08-28,1号艇のdominance,0.1116,レース時間帯,0.0814,風速区分,0.0774,1号艇のracer_win_te,0.0737,1号艇の級別順位,0.07,4号艇のwin_rate_rank_2to6,0.1662,4号艇のclass_rank_2to6,0.1148,3号艇のモーター2連率,-0.0694,4号艇のsession_exh_rel_avg,0.0594,4号艇のモーター2連率,0.0591,3号艇のsession_exh_rel_avg,0.1122,3号艇のwin_rate_rank_2to6,-0.1058,3号艇の当地勝率,-0.0461,全艇平均勝率,-0.0455,場特性:1x_diff_course3,0.0284,0.1423,南東 1.7m/s,[逃げ]1号艇のdominanceが有利(+11.2pt)、レース時間帯が有利(+8.1pt) / [2着]4号艇のwin_rate_rank_2to6が有利(+16.6pt)、4号艇のclass_rank_2to6が有利(+11.5pt) / [候補2]3号艇のsession_exh_rel_avgが有利(+11.2pt)、3号艇のwin_rate_rank_2to6が不利(-10.6pt) / [除外]5号艇のsession_exh_rel_avgが不利(-6.4pt)、天気+14.2pt
73,05,多摩川,10,16:08,0.7143886637123531,4,0.3449746466274034,2,0.25499894738815054,0.42861433409146943,0.23315006245966088,0.3668235315558931,0.30869658357403096,0.4100770933307965,1-4,1-2,0.1821683572726775,0.1665597615650088,0.24644597681879193,0.1068684826976966,0.012346078039589039,True,False,False,False,予選特賞,2026-08-28,1号艇のdominance,0.1809,1号艇の年齢,0.0963,1号艇の勝率順位,0.0899,風速区分,0.0846,1号艇の級別順位,0.0749,4号艇のwin_rate_rank_2to6,0.2128,4号艇のclass_rank_2to6,0.1914,4号艇の全国勝率,0.0801,4号艇の年齢,0.0645,4号艇のsession_exh_rel_avg,0.0595,2号艇の全国勝率,0.0673,レース時間帯,-0.0506,2号艇のモーター2連率,-0.0373,2号艇のsession_exh_rel_avg,-0.037,2号艇の直近平均着順,-0.0351,0.1097,北 1.9m/s,[逃げ]1号艇のdominanceが有利(+18.1pt)、1号艇の年齢が有利(+9.6pt) / [2着]4号艇のwin_rate_rank_2to6が有利(+21.3pt)、4号艇のclass_rank_2to6が有利(+19.1pt) / [候補2]2号艇の全国勝率が有利(+6.7pt)、レース時間帯が不利(-5.1pt) / [除外]6号艇のwin_rate_rank_2to6が不利(-7.5pt)、6号艇のvs_avg456_diffが不利(-7.2pt)、天気+11.0pt
74,10,三国,11,13:48,0.5723570881172695,2,0.40063175554535874,3,0.2835056846532335,0.39157091314406883,0.17993565474002526,0.504201785458567,0.3070218307835957,0.42536017483841826,1-2,1-3,0.22930442501125126,0.16226648813281758,0.10298744739547522,0.056240497347873945,0.02155821956886994,True,True,False,False,準優勝戦,2026-08-28,1号艇の節間得点,0.115,1号艇の級別順位,-0.0854,レース時間帯,0.0704,1号艇の体重,-0.0691,風速区分,-0.0689,2号艇のsession_exh_rel_avg,-0.1042,4号艇の女子戦比率,0.0588,2号艇の節間得点,0.0579,2号艇の一般戦勝率,-0.0552,2号艇の全国勝率,0.0461,3号艇のsession_exh_rel_avg,0.1054,3号艇のwin_rate_rank_2to6,-0.1049,3号艇の節間得点,0.0365,4号艇の体重,-0.0341,3号艇のracer_avgfin_te,0.0318,-0.0261,北東 4.7m/s,[逃げ]1号艇の節間得点が有利(+11.5pt)、1号艇の級別順位が不利(-8.5pt) / [2着]2号艇のsession_exh_rel_avgが不利(-10.4pt)、4号艇の女子戦比率が有利(+5.9pt) / [候補2]3号艇のsession_exh_rel_avgが有利(+10.5pt)、3号艇のwin_rate_rank_2to6が不利(-10.5pt) / [除外]場特性:1x_diff_course5が不利(-5.2pt)、天気-2.6pt
75,04,平和島,8,15:22,0.46312947582027425,4,0.5837593026714772,2,0.198238941548946,0.3621664369381794,0.14194981625781875,0.6400484279626044,0.30047508592443123,0.4455310342455069,1-4,1-2,0.09181029708672934,0.06574114399626783,0.2703561398514501,0.012079788233001315,0.023142111828700913,True,False,False,False,ベイブレイク,2026-08-28,場特性:in_escape_diff,-0.1626,1号艇のsession_exh_rel_avg,0.098,3号艇の枠別出走数,-0.0797,風速区分,0.0662,4号艇のracer_win_te,-0.0643,ST差分(3-2),0.218,4号艇のclass_rank_2to6,0.2105,4号艇のwin_rate_rank_2to6,0.2079,4号艇の当地勝率,0.0858,4号艇のracer_win_te,0.0815,2号艇のsession_exh_rel_avg,-0.1391,2号艇のwin_rate_rank_2to6,0.0637,1号艇vs3号艇の枠別平均ST差,-0.0604,2号艇のモーター2連率,-0.0544,2号艇の全国勝率,0.0427,0.0086,南 0.5m/s,[逃げ]場特性:in_escape_diffが不利(-16.3pt)、1号艇のsession_exh_rel_avgが有利(+9.8pt) / [2着]ST差分(3-2)が有利(+21.8pt)、4号艇のclass_rank_2to6が有利(+21.1pt) / [候補2]2号艇のsession_exh_rel_avgが不利(-13.9pt)、2号艇のwin_rate_rank_2to6が有利(+6.4pt) / [除外]5号艇のwin_rate_rank_2to6が不利(-5.5pt)、5号艇のracer_avgfin_teが不利(-5.0pt)、天気+0.9pt
76,11,琵琶湖,1,10:31,0.41838950895104754,2,0.6315221665861772,4,0.18385147689049786,0.3411437783058326,0.10283566548126516,0.71253797799541,0.29904568134558446,0.4525620382127058,1-2,1-4,0.26422224916969234,0.04302536358336072,0.07692152913614027,0.025393959791697514,0.00882640220463397,False,False,True,False,予選,2026-08-28,1号艇のsession_exh_rel_avg,0.1328,1号艇のracer_win_te,-0.0968,1号艇の年齢,-0.0952,1号艇の級別順位,-0.0949,5号艇のsession_exh_rel_avg,-0.0791,2号艇のwin_rate_rank_2to6,0.1857,2号艇のclass_rank_2to6,0.0742,2号艇のsession_exh_rel_avg,0.0596,1号艇の年齢,0.0587,6号艇のモーター出走数,0.0539,4号艇のclass_rank_2to6,0.1577,4号艇のwin_rate_rank_2to6,0.0929,3号艇の枠別平均ST,-0.0605,5号艇の年齢,0.0568,4号艇の年齢,0.0526,0.0816,南西 1.8m/s,[逃げ]1号艇のsession_exh_rel_avgが有利(+13.3pt)、1号艇のracer_win_teが不利(-9.7pt) / [2着]2号艇のwin_rate_rank_2to6が有利(+18.6pt)、2号艇のclass_rank_2to6が有利(+7.4pt) / [候補2]4号艇のclass_rank_2to6が有利(+15.8pt)、4号艇のwin_rate_rank_2to6が有利(+9.3pt) / [除外]4号艇の女子戦2連率が不利(-17.2pt)、3号艇のwin_rate_rank_2to6が不利(-5.6pt)、天気+8.2pt
77,23,唐津,11,13:40,0.7311430121724599,2,0.29913096071097417,3,0.2642979283577286,0.41194709509867405,0.23416630653855136,0.32926258253015134,0.2961901394004238,0.38714174132811724,1-2,1-3,0.2187075116482634,0.1932395834504107,0.17120905871189604,0.11078570582191928,0.03720115117811051,True,True,False,False,宝当特選,2026-08-28,1号艇のdominance,0.1739,1号艇のracer_win_te,0.1166,風速区分,0.0862,1号艇の勝率順位,0.0825,レース時間帯,0.0717,2号艇の全国勝率,0.0609,6号艇の体重,0.0471,2号艇の当地勝率,-0.0452,6号艇の女子戦2連率,0.0425,2号艇のwin_rate_rank_2to6,-0.0365,3号艇のwin_rate_rank_2to6,-0.0974,3号艇のcumulative_diff_rank_2to6,0.0539,4号艇の直近1着率,0.0446,3号艇のモーター2連率,-0.039,3号艇の全国勝率,0.0388,0.1394,南東 1.2m/s,[逃げ]1号艇のdominanceが有利(+17.4pt)、1号艇のracer_win_teが有利(+11.7pt) / [2着]2号艇の全国勝率が有利(+6.1pt)、6号艇の体重が有利(+4.7pt) / [候補2]3号艇のwin_rate_rank_2to6が不利(-9.7pt)、3号艇のcumulative_diff_rank_2to6が有利(+5.4pt)、天気+13.9pt
78,10,三国,4,10:06,0.5797191105117414,3,0.3631427627677849,5,0.31186686486183296,0.3913159809163038,0.208062158791661,0.4669474688379568,0.2936143236053567,0.41400542729279965,1-3,1-5,0.05232614979430685,0.21052079942051657,0.12061760962585442,0.18079518149578727,0.015459377733953188,False,False,True,False,一般,2026-08-28,1号艇の節間得点,0.0821,場特性:in_escape_diff,-0.0574,5号艇のsession_exh_rel_delta,-0.0536,1号艇のdominance,0.0532,2号艇の平均ST,-0.0528,3号艇の女子戦比率,-0.0566,2号艇のvs_boat3_diff,0.0507,3号艇のsession_exh_rel_avg,-0.0495,3号艇のclass_rank_2to6,0.0439,3号艇のwin_rate_rank_2to6,0.0405,5号艇のwin_rate_rank_2to6,0.2217,5号艇のclass_rank_2to6,0.182,1号艇の女子戦2連率,0.18,5号艇のsession_exh_rel_avg,0.1378,5号艇の節間得点,0.0691,0.0133,北東 5.3m/s,[逃げ]1号艇の節間得点が有利(+8.2pt)、場特性:in_escape_diffが不利(-5.7pt) / [2着]3号艇の女子戦比率が不利(-5.7pt)、2号艇のvs_boat3_diffが有利(+5.1pt) / [候補2]5号艇のwin_rate_rank_2to6が有利(+22.2pt)、5号艇のclass_rank_2to6が有利(+18.2pt) / [除外]2号艇のwin_rate_rank_2to6が不利(-7.8pt)、1号艇vs6号艇のcumulative差が不利(-6.4pt)、天気+1.3pt
79,10,三国,7,11:35,0.4761937415365203,3,0.5925597368295061,2,0.16349521514210233,0.36002863638657434,0.15464006181985843,0.60141489015175,0.2932188156812873,0.43244451251612703,1-3,1-2,0.07785539822183606,0.2821732381647383,0.019826441940078827,0.0227000326934499,0.07363862962943718,True,True,False,False,一般,2026-08-28,1号艇の女子戦比率,-0.1512,3号艇のracer_win_te,-0.1213,1号艇の級別順位,-0.0851,4号艇の枠別平均ST,-0.0618,3号艇のsession_exh_rel_avg,-0.0503,3号艇のwin_rate_rank_2to6,0.2288,3号艇のsession_exh_rel_avg,0.1181,3号艇のracer_win_te,0.1169,3号艇の当地勝率,0.097,3号艇の女子戦比率,-0.0634,2号艇のsession_exh_rel_avg,-0.1077,2号艇のracer_avgfin_te,-0.0643,2号艇のwin_rate_rank_2to6,-0.0615,場特性:1x_diff_course5,0.0544,2号艇の当地勝率,-0.0418,0.0159,北東 4.8m/s,[逃げ]1号艇の女子戦比率が不利(-15.1pt)、3号艇のracer_win_teが不利(-12.1pt) / [2着]3号艇のwin_rate_rank_2to6が有利(+22.9pt)、3号艇のsession_exh_rel_avgが有利(+11.8pt) / [候補2]2号艇のsession_exh_rel_avgが不利(-10.8pt)、2号艇のracer_avgfin_teが不利(-6.4pt) / [除外]4号艇のracer_avgfin_teが不利(-11.1pt)、4号艇のwin_rate_rank_2to6が不利(-5.5pt)、天気+1.6pt
80,10,三国,5,10:34,0.4364014982069284,4,0.4441632550206013,3,0.3180643023530734,0.3326372480124791,0.10355483421056738,0.6586727231631073,0.29130181392824916,0.4304478905576676,1-4,1-3,0.04519148479606169,0.1388037380730227,0.19383350993945642,0.014122110415823839,0.0444506631111751,False,False,True,False,一般,2026-08-28,1号艇の女子戦比率,-0.1658,3号艇のsession_exh_rel_avg,-0.1507,1号艇の級別順位,-0.0897,1号艇の節間得点,0.0796,2号艇の平均ST,-0.0686,4号艇のwin_rate_rank_2to6,0.1202,1号艇の一般戦2連率,0.1173,4号艇のclass_rank_2to6,0.1109,6号艇の節間得点,-0.0917,4号艇の節間得点,0.0655,2号艇の枠別平均ST,0.3665,3号艇のsession_exh_rel_avg,0.0978,3号艇の節間得点,-0.0892,3号艇のwin_rate_rank_2to6,-0.0823,風向(度),0.0773,-0.0244,北 5.7m/s,[逃げ]1号艇の女子戦比率が不利(-16.6pt)、3号艇のsession_exh_rel_avgが不利(-15.1pt) / [2着]4号艇のwin_rate_rank_2to6が有利(+12.0pt)、1号艇の一般戦2連率が有利(+11.7pt) / [候補2]2号艇の枠別平均STが有利(+36.6pt)、3号艇のsession_exh_rel_avgが有利(+9.8pt) / [除外]6号艇の女子戦比率が不利(-8.4pt)、2号艇のwin_rate_rank_2to6が不利(-6.1pt)、天気-2.4pt
81,01,桐生,11,20:07,0.6389166018374384,2,0.3750458406965669,5,0.2224392210344563,0.38174312528981746,0.20786607657124553,0.38961898515977766,0.2865213904353697,0.3841058832508055,1-2,1-5,0.23962301407111575,0.11042695658456272,0.13280908728018095,0.14212011121870166,0.013937430302727444,False,False,False,False,予選,2026-08-28,1号艇のracer_win_te,0.1533,場特性:in_escape_diff,-0.0991,4号艇の当地勝率,0.0937,1号艇のsession_rank_diff_delta,0.091,1号艇の当地勝率,0.0831,2号艇の当地勝率,0.2815,2号艇のwin_rate_rank_2to6,0.1427,3号艇のモーター出走数,0.1005,2号艇のsession_exh_rel_avg,0.079,2号艇のclass_rank_2to6,-0.0653,1号艇vs5号艇のlocal_win_rate差,-0.2991,4号艇の全国2連率,0.2043,1号艇の女子戦2連率,0.1822,4号艇のsession_exh_rel_delta,0.1746,3号艇のsession_rank_diff_last,0.1256,0.09,北東 0.7m/s,[逃げ]1号艇のracer_win_teが有利(+15.3pt)、場特性:in_escape_diffが不利(-9.9pt) / [2着]2号艇の当地勝率が有利(+28.1pt)、2号艇のwin_rate_rank_2to6が有利(+14.3pt) / [候補2]1号艇vs5号艇のlocal_win_rate差が不利(-29.9pt)、4号艇の全国2連率が有利(+20.4pt) / [除外]4号艇の当地2連率が不利(-17.2pt)、std_234_全国勝率が不利(-7.4pt)、天気+9.0pt
82,07,蒲郡,2,15:46,0.6141715285195166,5,0.3878681319345564,2,0.2667621453192283,0.40205527799611185,0.24417797064461752,0.4104523066091671,0.2842476277544541,0.4045743865800284,1-5,1-2,0.16383771454185586,0.1499671574615984,0.0506910174531669,0.23821756345425604,0.011458073892664011,True,False,False,False,予選,2026-08-28,1号艇のdominance,-0.2889,1号艇のsession_avg_finish,0.1016,1号艇のsession_exh_rel_avg,-0.0975,1号艇のモーター2連率,0.0753,1号艇の級別順位,-0.0748,5号艇のwin_rate_rank_2to6,0.2823,5号艇のclass_rank_2to6,0.2045,3号艇のsession_exh_rel_last,0.0799,5号艇の枠別勝率,0.0651,5号艇のracer_avgfin_te,0.0623,2号艇のsession_exh_rel_avg,-0.1645,2号艇のclass_rank_2to6,0.0945,2号艇のモーター2連率,0.0594,2号艇のwin_rate_rank_2to6,0.0509,1号艇vs2号艇のlocal_win_rate差,0.0374,0.023,南東 1.7m/s,[逃げ]1号艇のdominanceが不利(-28.9pt)、1号艇のsession_avg_finishが有利(+10.2pt) / [2着]5号艇のwin_rate_rank_2to6が有利(+28.2pt)、5号艇のclass_rank_2to6が有利(+20.5pt) / [候補2]2号艇のsession_exh_rel_avgが不利(-16.5pt)、2号艇のclass_rank_2to6が有利(+9.5pt) / [除外]win_rate_range_1to6が不利(-5.8pt)、4号艇のwin_rate_rank_2to6が不利(-5.1pt)、天気+2.3pt
83,10,三国,9,12:40,0.5693730898859314,4,0.4077817198749095,3,0.2253593205762176,0.3604934705352517,0.17801551101691726,0.4551255294342098,0.2834853552845379,0.3888830882049391,1-4,1-3,0.10135724155532524,0.12831353269107518,0.23217993784417654,0.09720656875778157,0.010315810628382866,True,True,False,False,一般,2026-08-28,1号艇の女子戦比率,-0.1902,1号艇のracer_win_te,0.1155,1号艇のdominance,0.0983,6号艇の枠別出走数,-0.0845,ST差分(6-5),0.0774,4号艇のwin_rate_rank_2to6,0.1983,4号艇のsession_exh_rel_avg,-0.1015,4号艇のclass_rank_2to6,-0.1011,4号艇のモーター2連率,0.0881,4号艇の全国勝率,0.0879,3号艇のsession_exh_rel_avg,-0.1836,3号艇のwin_rate_rank_2to6,-0.1017,3号艇の全国勝率,0.054,3号艇の当地勝率,-0.0487,3号艇のモーター2連率,-0.0472,-0.0363,北東 5.3m/s,[逃げ]1号艇の女子戦比率が不利(-19.0pt)、1号艇のracer_win_teが有利(+11.5pt) / [2着]4号艇のwin_rate_rank_2to6が有利(+19.8pt)、4号艇のsession_exh_rel_avgが不利(-10.1pt) / [候補2]3号艇のsession_exh_rel_avgが不利(-18.4pt)、3号艇のwin_rate_rank_2to6が不利(-10.2pt) / [除外]6号艇のwin_rate_rank_2to6が不利(-8.4pt)、2号艇のwin_rate_rank_2to6が不利(-6.0pt)、天気-3.6pt
84,01,桐生,6,17:23,0.6019982144568352,3,0.37198665613861226,2,0.23453927674237113,0.36512752861611825,0.18966590712813478,0.41686002575284853,0.2820248358972022,0.38064727775713725,1-3,1-2,0.14119222581890495,0.22393530279721333,0.07157276591697577,0.11417853743447307,0.051119378004031914,True,False,False,False,予選,2026-08-28,1号艇のdominance,0.1628,1号艇のsession_exh_rel_avg,0.1208,3号艇のsession_exh_rel_delta,0.092,1号艇のracer_win_te,0.0916,1号艇の全国勝率,0.0901,3号艇の全国勝率,0.1308,4号艇のモーター出走数,-0.1054,6号艇のモーター出走数,0.0816,3号艇のracer_avgfin_te,0.0757,3号艇の当地勝率,0.0698,2号艇のwin_rate_rank_2to6,-0.1506,2号艇の当地勝率,0.0844,2号艇の全国勝率,0.0721,3号艇のモーター出走数,0.0598,2号艇のclass_rank_2to6,-0.0549,0.0339,北 2.5m/s,[逃げ]1号艇のdominanceが有利(+16.3pt)、1号艇のsession_exh_rel_avgが有利(+12.1pt) / [2着]3号艇の全国勝率が有利(+13.1pt)、4号艇のモーター出走数が不利(-10.5pt) / [候補2]2号艇のwin_rate_rank_2to6が不利(-15.1pt)、2号艇の当地勝率が有利(+8.4pt) / [除外]3号艇の女子戦2連率が不利(-6.8pt)、3号艇のracer_avgfin_teが不利(-6.7pt)、天気+3.4pt
85,01,桐生,8,18:25,0.4853615119411374,2,0.40010741649029347,3,0.2976039005424481,0.3386422197334537,0.14333615649263498,0.5543751605401066,0.28039461069018057,0.4033621019754495,1-2,1-3,0.1941967406065912,0.1444454791268625,0.0695698536310968,0.05575135007769918,0.021398091211056534,True,False,False,False,予選,2026-08-28,1号艇のsession_exh_rel_avg,-0.1852,1号艇のracer_win_te,0.1545,1号艇のdominance,0.1438,場特性:in_escape_diff,-0.105,1号艇の全国勝率,0.0986,2号艇の当地勝率,0.1281,3号艇のモーター出走数,0.0787,2号艇のwin_rate_rank_2to6,0.0709,2号艇のclass_rank_2to6,-0.068,2号艇のsession_exh_rel_avg,-0.0529,3号艇の全国勝率,0.1452,3号艇のwin_rate_rank_2to6,0.0985,6号艇のモーター出走数,0.0811,6号艇のracer_2nd_te,-0.0712,3号艇の当地勝率,0.0675,0.0952,北 2.2m/s,[逃げ]1号艇のsession_exh_rel_avgが不利(-18.5pt)、1号艇のracer_win_teが有利(+15.4pt) / [2着]2号艇の当地勝率が有利(+12.8pt)、3号艇のモーター出走数が有利(+7.9pt) / [候補2]3号艇の全国勝率が有利(+14.5pt)、3号艇のwin_rate_rank_2to6が有利(+9.8pt)、天気+9.5pt
86,05,多摩川,11,16:41,0.7449395435865777,4,0.2628567352683394,5,0.24892541511486116,0.38124676152221865,0.226530788144935,0.2852513622382655,0.2776098062838199,0.3524481417370327,1-4,1-5,0.16875174192899559,0.14178970831749357,0.19581237639945465,0.18543438512276406,0.05315132349252168,True,False,False,False,予選特選,2026-08-28,1号艇のdominance,0.1351,1号艇の級別順位,0.0764,1号艇のvs_max234_diff,0.0674,レース時間帯,0.0604,1号艇のsession_exh_count,-0.0538,4号艇のwin_rate_rank_2to6,-0.0815,4号艇のclass_rank_2to6,0.0687,4号艇のsession_exh_rel_avg,0.0577,3号艇の年齢,0.0474,4号艇のcumulative_diff_rank_2to6,0.0469,5号艇のwin_rate_rank_2to6,0.2413,5号艇のclass_rank_2to6,0.1465,5号艇のracer_avgfin_te,0.0582,5号艇のcumulative_diff_rank_2to6,0.0385,5号艇の枠別勝率,0.0365,0.0879,北西 2.2m/s,[逃げ]1号艇のdominanceが有利(+13.5pt)、1号艇の級別順位が有利(+7.6pt) / [2着]4号艇のwin_rate_rank_2to6が不利(-8.1pt)、4号艇のclass_rank_2to6が有利(+6.9pt) / [候補2]5号艇のwin_rate_rank_2to6が有利(+24.1pt)、5号艇のclass_rank_2to6が有利(+14.6pt)、天気+8.8pt
87,07,蒲郡,1,15:19,0.43017369133975514,4,0.45983042843013033,2,0.31193723888229596,0.3319941463044585,0.14503309095819333,0.6267345763542329,0.27421398164218375,0.4204162753193908,1-4,1-2,0.13418719351632824,0.06238942010390049,0.19780695278813026,0.015866090027199596,0.01992404852563247,True,False,False,False,予選,2026-08-28,1号艇の年齢,-0.2751,1号艇のracer_win_te,-0.2072,1号艇のdominance,0.0786,1号艇のモーター2連率,0.0764,1号艇のモーター2連率順位,0.065,4号艇のwin_rate_rank_2to6,0.214,4号艇のclass_rank_2to6,0.199,3号艇の年齢,0.0876,4号艇のモーター2連率,0.0871,2号艇の枠別出走数,0.066,2号艇のwin_rate_rank_2to6,-0.1589,2号艇のsession_exh_rel_avg,0.1076,2号艇のモーター2連率,0.0812,2号艇のsession_avg_finish,0.0695,6号艇のsession_rank_diff_last,-0.0599,0.0334,南東 1.7m/s,[逃げ]1号艇の年齢が不利(-27.5pt)、1号艇のracer_win_teが不利(-20.7pt) / [2着]4号艇のwin_rate_rank_2to6が有利(+21.4pt)、4号艇のclass_rank_2to6が有利(+19.9pt) / [候補2]2号艇のwin_rate_rank_2to6が不利(-15.9pt)、2号艇のsession_exh_rel_avgが有利(+10.8pt) / [除外]6号艇のwin_rate_rank_2to6が不利(-7.2pt)、3号艇のsession_exh_rel_avgが不利(-5.5pt)、天気+3.3pt
88,05,多摩川,12,17:15,0.6777032684025975,3,0.3192543404089557,4,0.24108640486804878,0.37974475449337325,0.23465663303743658,0.32568411223956784,0.27281320388972174,0.3635265618172316,1-3,1-4,0.15902756716181973,0.21635970994686474,0.16338504454650857,0.07476559719313752,0.0641653596528327,True,False,False,False,ドリーム戦,2026-08-28,race_no,0.122,1号艇のdominance,0.1124,レース時間帯,0.0942,3号艇の直近1着率,-0.0884,1号艇の年齢,-0.084,3号艇のwin_rate_rank_2to6,-0.096,3号艇の当地勝率,0.0899,3号艇のcumulative_diff_rank_2to6,0.0571,6号艇のracer_2nd_te,-0.0526,3号艇のracer_avgfin_te,0.0409,6号艇の女子戦勝率,0.121,4号艇のclass_rank_2to6,-0.0895,4号艇の全国勝率,0.084,4号艇のwin_rate_rank_2to6,-0.0839,2号艇のracer_avgfin_te,-0.0648,0.1955,北 2.4m/s,[逃げ]race_noが有利(+12.2pt)、1号艇のdominanceが有利(+11.2pt) / [2着]3号艇のwin_rate_rank_2to6が不利(-9.6pt)、3号艇の当地勝率が有利(+9.0pt) / [候補2]6号艇の女子戦勝率が有利(+12.1pt)、4号艇のclass_rank_2to6が不利(-8.9pt) / [除外]local_win_rateの分散(2-6号艇)が不利(-7.1pt)、天気+19.5pt
89,05,多摩川,7,14:32,0.5418186862890046,3,0.4373181964128935,4,0.22191995281746696,0.3571875479675887,0.19882579423163568,0.4604123549987248,0.27196583047042117,0.38815499007692955,1-3,1-4,0.1077275306309528,0.23694717067071086,0.12024037729687784,0.04500697642858755,0.03189664236325101,True,True,False,False,予選,2026-08-28,1号艇の級別順位,-0.0845,1号艇vs4号艇の枠別平均ST差,-0.0682,1号艇の勝率順位,-0.0653,1号艇の節間得点,-0.0649,風速区分,0.0544,3号艇のwin_rate_rank_2to6,0.1808,3号艇の一般戦2連率,0.0825,3号艇の当地勝率,0.0623,3号艇の全国勝率,0.0464,2号艇のvs_boat3_diff,0.0419,4号艇のclass_rank_2to6,0.11,4号艇の全国勝率,0.1087,4号艇のwin_rate_rank_2to6,0.0769,4号艇のモーター2連率,0.0457,4号艇のcumulative_diff_rank_2to6,0.0435,0.0208,東 0.5m/s,[逃げ]1号艇の級別順位が不利(-8.5pt)、1号艇vs4号艇の枠別平均ST差が不利(-6.8pt) / [2着]3号艇のwin_rate_rank_2to6が有利(+18.1pt)、3号艇の一般戦2連率が有利(+8.3pt) / [候補2]4号艇のclass_rank_2to6が有利(+11.0pt)、4号艇の全国勝率が有利(+10.9pt) / [除外]2号艇のwin_rate_rank_2to6が不利(-5.9pt)、天気+2.1pt
90,04,平和島,10,16:27,0.6599750035346639,2,0.3109567055000416,3,0.23741033272528916,0.3619085379910558,0.20742731494747138,0.3409397232778594,0.2718248784405963,0.3556178935770969,1-2,1-3,0.2052236528115174,0.15668488517953844,0.13689684291564327,0.03694713329117702,0.12422249302468547,True,False,False,False,予選特賞,2026-08-28,場特性:in_escape_diff,-0.1325,1号艇の年齢,-0.1172,1号艇のsession_exh_rel_avg,-0.0922,1号艇のvs_max234_diff,0.0744,1号艇の節間得点,0.0719,5号艇のsession_avg_finish,-0.0597,2号艇のモーター2連率,-0.0484,レース時間帯,-0.047,2号艇の全国勝率,0.0415,2号艇のsession_exh_rel_avg,-0.0384,3号艇のwin_rate_rank_2to6,-0.1192,3号艇のcumulative_diff_rank_2to6,-0.0569,3号艇の全国勝率,-0.0433,3号艇の節間得点,-0.037,2号艇の直近1着率,0.0354,0.0253,北西 0.8m/s,[逃げ]場特性:in_escape_diffが不利(-13.3pt)、1号艇の年齢が不利(-11.7pt) / [2着]5号艇のsession_avg_finishが不利(-6.0pt)、2号艇のモーター2連率が不利(-4.8pt) / [候補2]3号艇のwin_rate_rank_2to6が不利(-11.9pt)、3号艇のcumulative_diff_rank_2to6が不利(-5.7pt) / [除外]5号艇のracer_avgfin_teが不利(-5.5pt)、天気+2.5pt
91,10,三国,1,08:48,0.5708524725140396,5,0.3461676785925043,2,0.2975740870495517,0.36748157857732106,0.2244970364570424,0.4192447291850136,0.2684833481655239,0.3830105237596288,1-5,1-2,0.16987090334834462,0.07257710112162134,0.12815468833357713,0.19761067522897646,0.0026390987663062497,False,False,True,False,一般,2026-08-28,5号艇の節間得点,-0.1071,1号艇の女子戦比率,-0.1057,3号艇の枠別出走数,-0.0867,1号艇vs4号艇のcumulative差,0.0831,1号艇の節間得点,0.0788,5号艇のwin_rate_rank_2to6,0.3074,5号艇のclass_rank_2to6,0.174,場特性:1x_diff_course5,-0.1046,6号艇のracer_avgfin_te,0.0971,5号艇の性別,-0.097,2号艇のsession_exh_rel_avg,-0.0627,5号艇の当地2連率,-0.0573,3号艇のracer_2nd_te,0.0543,2号艇のwin_rate_rank_2to6,0.0426,2号艇の体重,-0.0413,0.0415,東 0.6m/s,[逃げ]5号艇の節間得点が不利(-10.7pt)、1号艇の女子戦比率が不利(-10.6pt) / [2着]5号艇のwin_rate_rank_2to6が有利(+30.7pt)、5号艇のclass_rank_2to6が有利(+17.4pt) / [候補2]2号艇のsession_exh_rel_avgが不利(-6.3pt)、5号艇の当地2連率が不利(-5.7pt) / [除外]6号艇のwin_rate_rank_2to6が不利(-11.0pt)、6号艇の直近平均着順が不利(-10.6pt)、天気+4.2pt
92,05,多摩川,8,15:05,0.7059947415823413,3,0.2840795836791519,4,0.22515397891960215,0.35951621743196244,0.22061748940052286,0.28861607319823124,0.26433753908562796,0.33824617416184305,1-3,1-4,0.15575478741786705,0.20055869226838197,0.15895752516358044,0.09514604100673572,0.09557769046570541,True,False,False,False,予選,2026-08-28,1号艇のdominance,0.3141,1号艇のvs_max234_diff,0.0869,1号艇の勝率順位,0.0801,1号艇の級別順位,0.0742,風速区分,0.0713,3号艇のwin_rate_rank_2to6,-0.087,3号艇の年齢,-0.0526,3号艇のcumulative_diff_rank_2to6,0.0481,1号艇のracer_2nd_te,0.0347,3号艇のモーター2連率,-0.0304,4号艇のclass_rank_2to6,0.1203,4号艇のwin_rate_rank_2to6,-0.0625,4号艇のcumulative_diff_rank_2to6,0.0411,場特性:1x_diff_course4,-0.0403,4号艇のsession_exh_rel_avg,0.0379,0.0446,北西 0.5m/s,[逃げ]1号艇のdominanceが有利(+31.4pt)、1号艇のvs_max234_diffが有利(+8.7pt) / [2着]3号艇のwin_rate_rank_2to6が不利(-8.7pt)、3号艇の年齢が不利(-5.3pt) / [候補2]4号艇のclass_rank_2to6が有利(+12.0pt)、4号艇のwin_rate_rank_2to6が不利(-6.3pt) / [除外]2号艇のwin_rate_rank_2to6が不利(-5.7pt)、天気+4.5pt
93,05,多摩川,5,13:28,0.43578202733695937,2,0.38660872436286564,3,0.3232716830940371,0.30935312312835583,0.12601058509585844,0.5838698223610443,0.26257500147239354,0.3917081328981624,1-2,1-3,0.1684771336890053,0.14087598943935054,0.05234037281185784,0.05491314823898963,0.01917538559287794,True,True,False,False,予選,2026-08-28,1号艇のdominance,-0.1682,1号艇のモーター2連率,0.0946,1号艇のモーター2連率順位,0.077,1号艇の全国勝率,-0.0718,1号艇の級別順位,-0.0714,2号艇のwin_rate_rank_2to6,0.1578,2号艇のclass_rank_2to6,0.0678,2号艇の全国勝率,0.0616,2号艇のracer_avgfin_te,0.0479,ST差分(3-2),-0.0395,3号艇のwin_rate_rank_2to6,0.0841,場特性:1x_diff_course3,-0.044,3号艇のcumulative_diff_rank_2to6,0.0422,3号艇のclass_rank_2to6,0.0343,3号艇の全国勝率,0.0339,0.043,南東 1.2m/s,[逃げ]1号艇のdominanceが不利(-16.8pt)、1号艇のモーター2連率が有利(+9.5pt) / [2着]2号艇のwin_rate_rank_2to6が有利(+15.8pt)、2号艇のclass_rank_2to6が有利(+6.8pt) / [候補2]3号艇のwin_rate_rank_2to6が有利(+8.4pt)、場特性:1x_diff_course3が不利(-4.4pt) / [除外]6号艇のwin_rate_rank_2to6が不利(-5.6pt)、天気+4.3pt
94,04,平和島,2,12:17,0.6553295675997769,3,0.29050692582238935,2,0.2512502104689234,0.3550294698698794,0.21818299524216533,0.3235741410491474,0.2620757981073414,0.3455928712236598,1-3,1-2,0.1646516917859525,0.19037777808392686,0.10213374886626073,0.14298176792967238,0.05518457116879291,True,True,False,False,東京ベイラン,2026-08-28,1号艇のdominance,0.2286,1号艇のvs_max234_diff,0.185,1号艇のsession_exh_rel_avg,-0.137,場特性:in_escape_diff,-0.1257,1号艇の勝率順位,0.0899,3号艇のsession_exh_rel_avg,0.1686,4号艇の体重,0.0953,3号艇の全国勝率,-0.0842,3号艇のwin_rate_rank_2to6,-0.0652,3号艇のcumulative_diff_rank_2to6,-0.0641,2号艇のwin_rate_rank_2to6,-0.1439,2号艇のsession_avg_finish,-0.0998,2号艇の全国勝率,-0.0843,2号艇のsession_exh_rel_avg,-0.0838,2号艇の直近平均着順,-0.0766,0.0371,東 1.3m/s,[逃げ]1号艇のdominanceが有利(+22.9pt)、1号艇のvs_max234_diffが有利(+18.5pt) / [2着]3号艇のsession_exh_rel_avgが有利(+16.9pt)、4号艇の体重が有利(+9.5pt) / [候補2]2号艇のwin_rate_rank_2to6が不利(-14.4pt)、2号艇のsession_avg_finishが不利(-10.0pt) / [除外]6号艇のsession_exh_rel_avgが不利(-8.9pt)、4号艇のwin_rate_rank_2to6が不利(-5.2pt)、天気+3.7pt
95,09,津,4,11:54,0.4815786635058806,3,0.43174285754239683,2,0.22893651239497392,0.31816908798034627,0.15775607690975335,0.5029232930276174,0.2579373594438659,0.37359534949452755,1-3,1-2,0.11025093966686901,0.20791814831347727,0.07597196067812993,0.07314954519531097,0.014288058887971479,True,True,False,False,予選,2026-08-28,1号艇のdominance,-0.1473,1号艇のsession_exh_rel_avg,0.0941,風速区分,0.0843,1号艇の直近1着率,-0.0838,1号艇の節間得点,-0.0824,1号艇vs3号艇のcumulative差,0.1051,6号艇のモーター出走数,0.0956,3号艇のwin_rate_rank_2to6,0.0637,3号艇のsession_exh_rel_avg,0.0456,3号艇の女子戦比率,-0.0444,2号艇のsession_exh_rel_avg,-0.0903,2号艇のsession_avg_finish,-0.0754,2号艇の節間得点,-0.0564,2号艇の全国勝率,-0.0451,3号艇の当地2連率,0.0433,0.0288,西 0.5m/s,[逃げ]1号艇のdominanceが不利(-14.7pt)、1号艇のsession_exh_rel_avgが有利(+9.4pt) / [2着]1号艇vs3号艇のcumulative差が有利(+10.5pt)、6号艇のモーター出走数が有利(+9.6pt) / [候補2]2号艇のsession_exh_rel_avgが不利(-9.0pt)、2号艇のsession_avg_finishが不利(-7.5pt) / [除外]6号艇の女子戦比率が不利(-7.5pt)、6号艇のwin_rate_rank_2to6が不利(-6.4pt)、天気+2.9pt
96,01,桐生,12,20:40,0.5148286393378523,2,0.373988512106736,3,0.26236037383204813,0.3276106310920224,0.18352136472042138,0.4528275212183628,0.2554623709541106,0.36517569812992445,1-2,1-3,0.19253999681589878,0.1350706342761236,0.09448205448844027,0.05230787270377217,0.04042809256093424,False,False,False,False,予選,2026-08-28,race_no,0.1211,1号艇のracer_win_te,0.1028,1号艇のsession_exh_rel_avg,-0.093,場特性:in_escape_diff,-0.0913,風速区分,0.091,2号艇のwin_rate_rank_2to6,0.1547,2号艇のsession_exh_rel_avg,0.0554,1号艇のsession_exh_rel_last,-0.0535,2号艇のclass_rank_2to6,-0.0478,2号艇の全国勝率,0.0472,3号艇の節間得点,-0.141,4号艇のモーター出走数,-0.1076,6号艇のモーター出走数,0.0964,3号艇の全国勝率,0.0629,3号艇のsession_exh_rel_avg,0.0621,0.1375,北西 0.5m/s,[逃げ]race_noが有利(+12.1pt)、1号艇のracer_win_teが有利(+10.3pt) / [2着]2号艇のwin_rate_rank_2to6が有利(+15.5pt)、2号艇のsession_exh_rel_avgが有利(+5.5pt) / [候補2]3号艇の節間得点が不利(-14.1pt)、4号艇のモーター出走数が不利(-10.8pt) / [除外]6号艇のwin_rate_rank_2to6が不利(-6.9pt)、天気+13.7pt
97,05,多摩川,9,15:37,0.5506106891203468,2,0.40513248040198335,3,0.21932493304941408,0.34383292674678323,0.21427017246838329,0.41018724098301407,0.25542515812957256,0.36373922101765244,1-2,1-3,0.22307027421917147,0.12076265252761181,0.11797944732075209,0.0510911888465313,0.03770713235983417,True,False,False,False,予選,2026-08-28,1号艇のdominance,-0.0712,1号艇の勝率順位,-0.0622,風速区分,0.0587,1号艇の全国勝率,-0.0584,1号艇のlocal_win_rate順位,0.0567,2号艇のwin_rate_rank_2to6,0.0895,2号艇のclass_rank_2to6,0.0766,2号艇の全国勝率,0.0643,3号艇の全国勝率,-0.0324,2号艇のモーター2連率,0.0312,3号艇のwin_rate_rank_2to6,-0.1154,3号艇の女子戦勝率,0.0586,3号艇のモーター2連率,0.0566,3号艇のcumulative_diff_rank_2to6,0.0529,3号艇の当地勝率,-0.0367,0.0393,北西 1.1m/s,[逃げ]1号艇のdominanceが不利(-7.1pt)、1号艇の勝率順位が不利(-6.2pt) / [2着]2号艇のwin_rate_rank_2to6が有利(+9.0pt)、2号艇のclass_rank_2to6が有利(+7.7pt) / [候補2]3号艇のwin_rate_rank_2to6が不利(-11.5pt)、3号艇の女子戦勝率が有利(+5.9pt)、天気+3.9pt
98,23,唐津,10,13:06,0.523160929961999,3,0.3460711908867603,2,0.3241214630766831,0.35061861210121525,0.23245120987334353,0.43774144409009985,0.25281654739676723,0.3767554616978806,1-3,1-2,0.16956768604384126,0.181050926057374,0.12160939112813021,0.02993081983493577,0.02100211956573896,True,True,False,False,予選特賞,2026-08-28,1号艇の勝率順位,-0.0776,風速区分,0.0712,1号艇のdominance,0.0601,1号艇のsession_exh_count,-0.0573,1号艇の節間得点,-0.056,3号艇のwin_rate_rank_2to6,-0.0582,3号艇のcumulative_diff_rank_2to6,0.0374,3号艇のモーター2連率,0.037,3号艇の全国勝率,0.0327,2号艇の女子戦比率,0.0321,2号艇のwin_rate_rank_2to6,0.1641,2号艇の体重,-0.0602,2号艇のモーター2連率,-0.0491,2号艇の全国勝率,0.0428,2号艇のsession_exh_rel_avg,-0.0328,0.0867,東 1.5m/s,[逃げ]1号艇の勝率順位が不利(-7.8pt)、風速区分が有利(+7.1pt) / [2着]3号艇のwin_rate_rank_2to6が不利(-5.8pt)、3号艇のcumulative_diff_rank_2to6が有利(+3.7pt) / [候補2]2号艇のwin_rate_rank_2to6が有利(+16.4pt)、2号艇の体重が不利(-6.0pt) / [除外]6号艇のwin_rate_rank_2to6が不利(-5.6pt)、天気+8.7pt
99,01,桐生,3,15:54,0.5939751889175189,2,0.3135453222965381,4,0.27115257062997167,0.34729604141069886,0.22781437132047505,0.3568835216060347,0.25235320620741725,0.35017228546929957,1-2,1-4,0.18623814204529054,0.13531608424320496,0.1610578993654083,0.07926830322782152,0.032094755610333536,True,False,False,False,予選,2026-08-28,場特性:in_escape_diff,-0.1094,1号艇のsession_exh_rel_avg,-0.1048,1号艇の節間得点,0.0901,1号艇のracer_win_te,0.0839,1号艇の全国勝率,0.0694,2号艇のsession_exh_rel_avg,0.0943,2号艇の当地勝率,0.067,3号艇のモーター出走数,0.0611,2号艇のclass_rank_2to6,-0.0611,2号艇のracer_avgfin_te,0.0597,4号艇のwin_rate_rank_2to6,0.1497,4号艇の全国勝率,0.1362,4号艇のsession_exh_rel_avg,-0.1226,1号艇のモーター出走数,0.0939,4号艇のclass_rank_2to6,-0.0716,0.0159,北西 2.3m/s,[逃げ]場特性:in_escape_diffが不利(-10.9pt)、1号艇のsession_exh_rel_avgが不利(-10.5pt) / [2着]2号艇のsession_exh_rel_avgが有利(+9.4pt)、2号艇の当地勝率が有利(+6.7pt) / [候補2]4号艇のwin_rate_rank_2to6が有利(+15.0pt)、4号艇の全国勝率が有利(+13.6pt) / [除外]6号艇のsession_exh_rel_avgが不利(-8.1pt)、天気+1.6pt
100,11,琵琶湖,2,11:01,0.5262623185058531,5,0.3805822860809908,3,0.22474325608271234,0.318560023269883,0.17759135807842225,0.4277341840852809,0.2506718146754922,0.35131227151450234,1-5,1-3,0.09345963984895367,0.11827390701464288,0.0909267056180675,0.20028611625524012,0.023315968393508097,True,True,False,False,予選,2026-08-28,4号艇のsession_exh_rel_avg,-0.1153,1号艇のracer_win_te,0.1099,6号艇の枠別出走数,-0.0839,1号艇の年齢,-0.0819,1号艇の節間得点,0.0801,5号艇のwin_rate_rank_2to6,0.2351,5号艇のclass_rank_2to6,0.1595,5号艇のsession_exh_rel_avg,0.1039,5号艇のcumulative_diff_rank_2to6,0.0681,5号艇の年齢,0.0617,3号艇のsession_exh_rel_avg,-0.1291,3号艇のwin_rate_rank_2to6,0.0755,4号艇のsession_exh_rel_last,-0.0564,3号艇のclass_rank_2to6,0.0523,3号艇の全国勝率,0.0443,0.0817,南西 1.8m/s,[逃げ]4号艇のsession_exh_rel_avgが不利(-11.5pt)、1号艇のracer_win_teが有利(+11.0pt) / [2着]5号艇のwin_rate_rank_2to6が有利(+23.5pt)、5号艇のclass_rank_2to6が有利(+15.9pt) / [候補2]3号艇のsession_exh_rel_avgが不利(-12.9pt)、3号艇のwin_rate_rank_2to6が有利(+7.5pt) / [除外]2号艇のwin_rate_rank_2to6が不利(-6.6pt)、天気+8.2pt
101,14,鳴門,6,10:49,0.38997159414959526,2,0.5654863915023653,5,0.18966881917965536,0.2944890813400411,0.12637685085248368,0.6287783598295371,0.24982915808780673,0.39477586488688987,1-2,1-5,0.22052362956407956,0.037469132290418594,0.0492833819905487,0.07396545177596153,0.008730000707722998,False,False,True,False,予選,2026-08-28,場特性:in_escape_diff,-0.2023,1号艇vs2号艇のcumulative差,-0.0882,1号艇の節間得点,-0.0783,1号艇の一般戦勝率,0.073,3号艇の枠別出走数,-0.0722,2号艇のwin_rate_rank_2to6,0.2192,2号艇のclass_rank_2to6,0.1247,2号艇のsession_exh_rel_avg,-0.0785,2号艇の全国勝率,0.0701,2号艇のracer_avgfin_te,0.0687,5号艇のclass_rank_2to6,0.1633,5号艇のwin_rate_rank_2to6,0.1593,3号艇の一般戦2連率,0.0895,3号艇のsession_exh_rel_last,0.0787,5号艇の枠別勝率,0.0732,0.043,東 1.8m/s,[逃げ]場特性:in_escape_diffが不利(-20.2pt)、1号艇vs2号艇のcumulative差が不利(-8.8pt) / [2着]2号艇のwin_rate_rank_2to6が有利(+21.9pt)、2号艇のclass_rank_2to6が有利(+12.5pt) / [候補2]5号艇のclass_rank_2to6が有利(+16.3pt)、5号艇のwin_rate_rank_2to6が有利(+15.9pt) / [除外]6号艇のwin_rate_rank_2to6が不利(-6.0pt)、3号艇のwin_rate_rank_2to6が不利(-5.2pt)、天気+4.3pt
102,23,唐津,4,09:58,0.5052496171613363,2,0.40854506982041705,3,0.2669193776634185,0.3412781534973015,0.22992368224646503,0.4455407652373706,0.24711663783045285,0.3725569370193222,1-2,1-3,0.20641724011991713,0.13486091337738434,0.03611444865779331,0.1161688524313512,0.011688167280394065,False,False,True,False,予選,2026-08-28,1号艇のdominance,-0.148,1号艇の級別順位,-0.0976,1号艇の勝率順位,-0.0735,1号艇の年齢,0.0605,1号艇のracer_win_te,0.0569,2号艇のclass_rank_2to6,0.0909,2号艇のwin_rate_rank_2to6,0.0698,2号艇の全国勝率,0.0609,2号艇のracer_avgfin_te,0.0423,風向(度),0.0259,3号艇の年齢,-0.1675,3号艇のモーター2連率,0.1002,3号艇のwin_rate_rank_2to6,-0.0649,3号艇のcumulative_diff_rank_2to6,0.0442,3号艇のracer_2nd_te,0.0435,0.0743,北 3.6m/s,[逃げ]1号艇のdominanceが不利(-14.8pt)、1号艇の級別順位が不利(-9.8pt) / [2着]2号艇のclass_rank_2to6が有利(+9.1pt)、2号艇のwin_rate_rank_2to6が有利(+7.0pt) / [候補2]3号艇の年齢が不利(-16.8pt)、3号艇のモーター2連率が有利(+10.0pt) / [除外]6号艇のwin_rate_rank_2to6が不利(-6.4pt)、4号艇のwin_rate_rank_2to6が不利(-5.6pt)、天気+7.4pt
103,13,尼崎,5,12:20,0.4896243351205769,2,0.40830011461246685,5,0.25659889119782187,0.3255507336421952,0.20319032691396463,0.46170867889632405,0.24617222164718883,0.36639811721843385,1-2,1-5,0.19991367214678443,0.06399946277269786,0.0994869287181826,0.1256370614954108,0.0005872012380358381,True,True,False,False,一般,2026-08-28,1号艇のdominance,0.1656,節間得点の分散(2-6号艇),-0.1431,1号艇の女子戦比率,-0.1245,1号艇の勝率順位,0.0773,5号艇の節間得点,-0.0769,2号艇のsession_exh_rel_avg,0.1264,2号艇の節間得点,0.0906,2号艇のwin_rate_rank_2to6,0.0515,1号艇の女子戦2連率,-0.0434,2号艇の全国勝率,0.0432,5号艇のwin_rate_rank_2to6,0.2331,5号艇のclass_rank_2to6,0.1836,5号艇のsession_exh_rel_avg,0.1421,6号艇のracer_win_te,-0.1154,5号艇の性別,-0.1079,0.0528,西 1.1m/s,[逃げ]1号艇のdominanceが有利(+16.6pt)、節間得点の分散(2-6号艇)が不利(-14.3pt) / [2着]2号艇のsession_exh_rel_avgが有利(+12.6pt)、2号艇の節間得点が有利(+9.1pt) / [候補2]5号艇のwin_rate_rank_2to6が有利(+23.3pt)、5号艇のclass_rank_2to6が有利(+18.4pt) / [除外]6号艇の直近平均着順が不利(-24.0pt)、6号艇の節間得点が不利(-12.6pt)、天気+5.3pt
104,10,三国,6,11:04,0.4169941932442953,4,0.5433242134444437,3,0.17652953582718306,0.3001748334314033,0.1573279142859123,0.5625258349857145,0.2435037768735427,0.3788801338976966,1-4,1-3,0.04295976797989468,0.07361179137604612,0.22656304205535713,0.06560482669246165,0.008254756208345333,True,True,False,False,一般,2026-08-28,1号艇の女子戦比率,-0.1007,節間得点の分散(2-6号艇),-0.0792,1号艇の節間得点,0.0784,5号艇の節間得点,-0.066,1号艇のdominance,0.0637,4号艇のwin_rate_rank_2to6,0.1687,4号艇のclass_rank_2to6,0.1058,4号艇のsession_exh_rel_avg,-0.0849,4号艇の節間得点,0.0741,4号艇の全国勝率,0.0655,3号艇のsession_exh_rel_avg,-0.1685,1号艇vs3号艇のcumulative差,-0.1128,3号艇のwin_rate_rank_2to6,-0.0993,3号艇のracer_win_te,-0.0798,3号艇の節間得点,-0.0741,0.0039,北東 5.3m/s,[逃げ]1号艇の女子戦比率が不利(-10.1pt)、節間得点の分散(2-6号艇)が不利(-7.9pt) / [2着]4号艇のwin_rate_rank_2to6が有利(+16.9pt)、4号艇のclass_rank_2to6が有利(+10.6pt) / [候補2]3号艇のsession_exh_rel_avgが不利(-16.9pt)、1号艇vs3号艇のcumulative差が不利(-11.3pt) / [除外]6号艇のracer_win_teが不利(-11.2pt)、4号艇の当地2連率が不利(-9.0pt)、天気+0.4pt
105,05,多摩川,3,12:27,0.35923253739595706,3,0.41834032662654896,2,0.3507997559642528,0.2763001434820297,0.10149281735785817,0.6676472652329435,0.24264916748398374,0.39370428000730384,1-3,1-2,0.12601868645292105,0.15028145702910864,0.036459522306927825,0.03212120153850063,0.014351678767094601,True,True,False,False,予選,2026-08-28,1号艇のdominance,-0.1144,1号艇の全国勝率,-0.0771,4号艇のモーター2連率,-0.0771,1号艇vs4号艇の枠別平均ST差,-0.0766,1号艇の級別順位,-0.075,3号艇のwin_rate_rank_2to6,0.178,3号艇のclass_rank_2to6,0.0547,3号艇の全国勝率,0.0383,3号艇のモーター2連率,-0.037,3号艇のcumulative_diff_rank_2to6,0.0294,2号艇のwin_rate_rank_2to6,0.0714,2号艇の全国勝率,0.0551,4号艇のモーター出走数,-0.0446,2号艇のsession_exh_rel_avg,-0.025,2号艇のcumulative_diff_rank_2to6,0.0248,0.0093,東 0.9m/s,[逃げ]1号艇のdominanceが不利(-11.4pt)、1号艇の全国勝率が不利(-7.7pt) / [2着]3号艇のwin_rate_rank_2to6が有利(+17.8pt)、3号艇のclass_rank_2to6が有利(+5.5pt) / [候補2]2号艇のwin_rate_rank_2to6が有利(+7.1pt)、2号艇の全国勝率が有利(+5.5pt) / [除外]4号艇のwin_rate_rank_2to6が不利(-5.2pt)、天気+0.9pt
106,23,唐津,5,10:26,0.3551374842102603,2,0.5166292225748735,4,0.2663858245534986,0.2780779939359485,0.11043219264583712,0.672582854482535,0.24122747881966541,0.3964294520999244,1-2,1-4,0.18347440237474322,0.0392186110720654,0.09460359156120528,0.022523828064878484,0.015317045845407055,False,False,True,False,予選特賞,2026-08-28,1号艇の女子戦比率,-0.2903,1号艇のdominance,-0.1123,1号艇のモーター2連率順位,-0.081,ST差分(4-3),-0.067,1号艇vs4号艇の枠別平均ST差,-0.0668,2号艇のwin_rate_rank_2to6,0.2211,2号艇の当地勝率,0.1104,2号艇のclass_rank_2to6,0.1065,2号艇の全国勝率,0.0623,2号艇のracer_avgfin_te,0.0538,1号艇の一般戦2連率,0.0944,4号艇のwin_rate_rank_2to6,0.0845,4号艇の年齢,-0.0641,4号艇のcumulative_diff_rank_2to6,0.0509,4号艇のclass_rank_2to6,0.046,0.0463,北 3.2m/s,[逃げ]1号艇の女子戦比率が不利(-29.0pt)、1号艇のdominanceが不利(-11.2pt) / [2着]2号艇のwin_rate_rank_2to6が有利(+22.1pt)、2号艇の当地勝率が有利(+11.0pt) / [候補2]1号艇の一般戦2連率が有利(+9.4pt)、4号艇のwin_rate_rank_2to6が有利(+8.5pt)、天気+4.6pt
107,04,平和島,4,13:16,0.3944743612103765,3,0.46759339119317,2,0.24575750635486837,0.28139863962911116,0.11997227864314791,0.5933786189048904,0.2408865964250474,0.3749926334118449,1-3,1-2,0.09694503533199174,0.18445360429711943,0.03209251885881749,0.04732598798070907,0.03365721033314425,True,True,False,False,予選,2026-08-28,1号艇のracer_win_te,-0.1399,1号艇のdominance,-0.1346,場特性:in_escape_diff,-0.1196,1号艇の級別順位,-0.0942,風速区分,0.0826,3号艇のwin_rate_rank_2to6,0.1734,3号艇のsession_exh_rel_avg,0.1085,3号艇の節間得点,0.0438,3号艇の全国勝率,0.0396,5号艇の一般戦2連率,-0.0377,2号艇のwin_rate_rank_2to6,-0.1588,2号艇の全国勝率,0.0578,2号艇のclass_rank_2to6,-0.0549,2号艇のsession_exh_rel_avg,-0.0423,4号艇のsession_exh_rel_avg,-0.0381,0.008,東 0.9m/s,[逃げ]1号艇のracer_win_teが不利(-14.0pt)、1号艇のdominanceが不利(-13.5pt) / [2着]3号艇のwin_rate_rank_2to6が有利(+17.3pt)、3号艇のsession_exh_rel_avgが有利(+10.9pt) / [候補2]2号艇のwin_rate_rank_2to6が不利(-15.9pt)、2号艇の全国勝率が有利(+5.8pt)、天気+0.8pt
108,11,琵琶湖,10,15:09,0.6309113779617115,3,0.2871981902370987,2,0.24180633852050284,0.3337549761864442,0.2388797175505512,0.2901248112070503,0.2380822228554337,0.320665926692626,1-3,1-2,0.15255837023584654,0.1811966059505977,0.15071193176692269,0.12239608441270422,0.02404839264662447,True,False,False,False,予選特賞,2026-08-28,1号艇のsession_exh_rel_avg,0.1537,1号艇の級別順位,0.0835,風速区分,0.0809,1号艇vs4号艇のcumulative差,-0.0793,場特性:in_escape_diff,-0.0733,3号艇のwin_rate_rank_2to6,-0.1243,3号艇のsession_exh_rel_avg,0.1242,3号艇のracer_2nd_te,-0.044,3号艇の全国勝率,0.0424,3号艇のracer_win_te,-0.0372,5号艇のsession_rank_diff_last,-0.1766,2号艇のwin_rate_rank_2to6,-0.1718,2号艇の当地勝率,0.0947,2号艇のclass_rank_2to6,-0.0693,2号艇のsession_exh_rel_avg,0.0607,0.1358,北東 1.1m/s,[逃げ]1号艇のsession_exh_rel_avgが有利(+15.4pt)、1号艇の級別順位が有利(+8.3pt) / [2着]3号艇のwin_rate_rank_2to6が不利(-12.4pt)、3号艇のsession_exh_rel_avgが有利(+12.4pt) / [候補2]5号艇のsession_rank_diff_lastが不利(-17.7pt)、2号艇のwin_rate_rank_2to6が不利(-17.2pt)、天気+13.6pt
109,01,桐生,5,16:53,0.617284041871506,2,0.2879675144133734,4,0.2520003609444009,0.3333135525816165,0.24767535505505162,0.29229252030272274,0.2342492896052415,0.32100724289794835,1-2,1-4,0.1777577512247783,0.1528860442403426,0.1555558013568382,0.08698826677999823,0.04409616907129966,True,False,False,False,予選,2026-08-28,1号艇のdominance,-0.1357,場特性:in_escape_diff,-0.1048,1号艇のsession_exh_rel_avg,0.1034,1号艇の級別順位,0.0883,1号艇のracer_win_te,0.0862,2号艇のwin_rate_rank_2to6,-0.1213,2号艇のclass_rank_2to6,-0.0664,3号艇のモーター出走数,0.0626,2号艇のcumulative_diff_rank_2to6,-0.0494,2号艇の全国勝率,0.0456,4号艇のsession_exh_rel_avg,-0.1574,4号艇の全国勝率,0.1186,second_best_win_rate,0.1058,1号艇のモーター出走数,0.1004,4号艇のwin_rate_rank_2to6,0.0869,0.0228,北西 2.5m/s,[逃げ]1号艇のdominanceが不利(-13.6pt)、場特性:in_escape_diffが不利(-10.5pt) / [2着]2号艇のwin_rate_rank_2to6が不利(-12.1pt)、2号艇のclass_rank_2to6が不利(-6.6pt) / [候補2]4号艇のsession_exh_rel_avgが不利(-15.7pt)、4号艇の全国勝率が有利(+11.9pt) / [除外]1号艇のsession_exh_rel_deltaが不利(-8.1pt)、6号艇のsession_exh_rel_avgが不利(-6.5pt)、天気+2.3pt
110,04,平和島,9,15:52,0.39703702028592447,2,0.5221899603529135,3,0.19265675202487453,0.28382060864366626,0.14706505449614501,0.567781657881643,0.23373249671089447,0.3690089234150593,1-2,1-3,0.20732874588174582,0.07649186276192042,0.05839027102533652,0.03456221420581173,0.020263929369266298,True,False,False,False,予選特賞,2026-08-28,場特性:in_escape_diff,-0.1869,4号艇のsession_exh_rel_avg,-0.1758,1号艇のracer_win_te,0.1482,1号艇の節間得点,-0.0872,1号艇の級別順位,-0.0869,2号艇のwin_rate_rank_2to6,0.1647,2号艇のsession_exh_rel_avg,0.1316,2号艇のclass_rank_2to6,0.091,2号艇の全国勝率,0.0628,4号艇のsession_exh_rel_avg,-0.0446,3号艇のwin_rate_rank_2to6,-0.1147,3号艇の全国勝率,0.0456,3号艇の節間得点,0.0411,3号艇のcumulative_diff_rank_2to6,0.0384,3号艇の当地勝率,-0.0351,0.0557,南 0.5m/s,[逃げ]場特性:in_escape_diffが不利(-18.7pt)、4号艇のsession_exh_rel_avgが不利(-17.6pt) / [2着]2号艇のwin_rate_rank_2to6が有利(+16.5pt)、2号艇のsession_exh_rel_avgが有利(+13.2pt) / [候補2]3号艇のwin_rate_rank_2to6が不利(-11.5pt)、3号艇の全国勝率が有利(+4.6pt)、天気+5.6pt
111,04,平和島,11,17:00,0.41562531821308596,2,0.3397352253288129,3,0.3317374260405679,0.2790810343967834,0.1445410142983709,0.5269316370710098,0.23067464745700386,0.35343621519905133,1-2,1-3,0.14120256113548232,0.1378784732613011,0.05282685601303862,0.023642522740661323,0.060074905062602615,True,False,False,False,予選特選,2026-08-28,場特性:in_escape_diff,-0.1556,1号艇のsession_exh_rel_avg,0.0989,1号艇の級別順位,-0.0961,1号艇の節間得点,-0.0787,1号艇の勝率順位,-0.0765,2号艇のsession_exh_rel_avg,-0.1382,2号艇のwin_rate_rank_2to6,0.0713,レース時間帯,-0.0572,2号艇の全国勝率,0.0569,2号艇のモーター2連率,-0.0426,3号艇のwin_rate_rank_2to6,-0.102,6号艇のracer_2nd_te,-0.0583,3号艇のcumulative_diff_rank_2to6,0.0566,2号艇のsession_rank_diff_delta,-0.0377,3号艇の節間得点,0.0355,0.0203,北 2.1m/s,[逃げ]場特性:in_escape_diffが不利(-15.6pt)、1号艇のsession_exh_rel_avgが有利(+9.9pt) / [2着]2号艇のsession_exh_rel_avgが不利(-13.8pt)、2号艇のwin_rate_rank_2to6が有利(+7.1pt) / [候補2]3号艇のwin_rate_rank_2to6が不利(-10.2pt)、6号艇のracer_2nd_teが不利(-5.8pt)、天気+2.0pt
112,14,鳴門,7,11:17,0.3470805159061964,5,0.38067451444122,2,0.35625458966993295,0.25577373364119005,0.09648890257107984,0.6404402015400732,0.22615854140253472,0.371173674010855,1-5,1-2,0.12364902677659062,0.033489418083593105,0.03088029409453672,0.13212470686459946,0.026937067500925147,True,True,False,False,予選,2026-08-28,場特性:in_escape_diff,-0.1614,1号艇のsession_exh_rel_avg,-0.1473,1号艇の年齢,-0.1038,1号艇のdominance,-0.0816,1号艇の級別順位,-0.0765,5号艇のwin_rate_rank_2to6,0.2186,5号艇のclass_rank_2to6,0.182,5号艇のモーター2連率,0.1256,5号艇のsession_exh_rel_avg,0.0999,5号艇の年齢,0.0936,2号艇のsession_exh_rel_avg,0.0619,2号艇の全国勝率,0.0532,2号艇のモーター2連率,-0.0418,場特性:1x_diff_course2,-0.0313,1号艇vs6号艇の直近複勝率差,0.0298,0.1033,東 1.8m/s,[逃げ]場特性:in_escape_diffが不利(-16.1pt)、1号艇のsession_exh_rel_avgが不利(-14.7pt) / [2着]5号艇のwin_rate_rank_2to6が有利(+21.9pt)、5号艇のclass_rank_2to6が有利(+18.2pt) / [候補2]2号艇のsession_exh_rel_avgが有利(+6.2pt)、2号艇の全国勝率が有利(+5.3pt) / [除外]3号艇のsession_exh_rel_avgが不利(-5.1pt)、天気+10.3pt
113,09,津,6,12:53,0.39897701587986956,4,0.51544748893834,5,0.17346662101259264,0.27486089578575945,0.14786892810872238,0.5410451818422102,0.22608883253914727,0.3547161816026947,1-4,1-5,0.052281172220492556,0.05899630367817302,0.20565170097939098,0.06920919480636849,0.012838644195444551,True,True,False,False,予選,2026-08-28,1号艇のdominance,-0.3268,1号艇の女子戦比率,-0.1375,1号艇のvs_max234_diff,-0.1345,1号艇のracer_win_te,-0.1192,1号艇のsession_exh_rel_avg,0.1039,4号艇のclass_rank_2to6,0.1854,5号艇のrecent_4to6_rate,0.1334,4号艇のwin_rate_rank_2to6,0.0913,4号艇の節間得点,0.0837,4号艇のsession_exh_rel_avg,-0.0826,5号艇のwin_rate_rank_2to6,0.2416,5号艇のclass_rank_2to6,0.1891,5号艇のsession_exh_rel_avg,-0.1525,6号艇の全国勝率,0.0962,1号艇vs5号艇のplace_rate差,-0.0941,0.0012,西 0.8m/s,[逃げ]1号艇のdominanceが不利(-32.7pt)、1号艇の女子戦比率が不利(-13.8pt) / [2着]4号艇のclass_rank_2to6が有利(+18.5pt)、5号艇のrecent_4to6_rateが有利(+13.3pt) / [候補2]5号艇のwin_rate_rank_2to6が有利(+24.2pt)、5号艇のclass_rank_2to6が有利(+18.9pt) / [除外]6号艇のvs_avg456_diffが不利(-7.9pt)、6号艇のwin_rate_rank_2to6が不利(-6.3pt)、天気影響ほぼなし
114,14,鳴門,9,12:22,0.4684407559728311,5,0.3282080437574751,3,0.28003847288228695,0.2849274580725713,0.1753734842376808,0.43287303240208125,0.22496499277996426,0.32931113037142423,1-5,1-3,0.073869613403711,0.13118143393845566,0.027491600452815804,0.15374602413411564,0.08215208753388856,True,True,False,False,特賞,2026-08-28,1号艇のdominance,-0.2169,場特性:in_escape_diff,-0.147,1号艇の節間得点,0.1019,1号艇の級別順位,-0.071,1号艇vs4号艇の枠別平均ST差,0.0574,5号艇のclass_rank_2to6,0.1544,5号艇のsession_exh_rel_avg,0.1473,5号艇のwin_rate_rank_2to6,0.1325,avg_456_win_rate,0.0784,local_win_rateの分散(2-6号艇),-0.0633,3号艇のsession_exh_rel_avg,0.0919,5号艇のracer_win_te,0.0447,6号艇のracer_2nd_te,-0.0446,3号艇のwin_rate_rank_2to6,-0.0446,5号艇の一般戦2連率,-0.0446,0.0435,北東 2.1m/s,[逃げ]1号艇のdominanceが不利(-21.7pt)、場特性:in_escape_diffが不利(-14.7pt) / [2着]5号艇のclass_rank_2to6が有利(+15.4pt)、5号艇のsession_exh_rel_avgが有利(+14.7pt) / [候補2]3号艇のsession_exh_rel_avgが有利(+9.2pt)、5号艇のracer_win_teが有利(+4.5pt)、天気+4.3pt
115,05,多摩川,6,14:02,0.428597012984693,3,0.4414323982004771,2,0.22408101111690232,0.2852370593346881,0.20737606146731916,0.4581373478500602,0.21425545379547095,0.33710714588929974,1-3,1-2,0.09604045203129412,0.18919660730339405,0.08888076050942308,0.023728638796066008,0.030750549554570863,True,True,False,False,予選,2026-08-28,1号艇のdominance,-0.2474,1号艇のvs_max234_diff,-0.0825,1号艇の全国勝率,-0.0792,1号艇の級別順位,-0.0776,avg_entry_count,-0.0572,3号艇のwin_rate_rank_2to6,0.2075,3号艇の当地勝率,0.1043,3号艇のclass_rank_2to6,0.0514,3号艇の全国勝率,0.0472,2号艇のvs_boat3_diff,0.0438,2号艇のwin_rate_rank_2to6,-0.19,2号艇の全国勝率,-0.0689,2号艇の直近平均着順,-0.058,2号艇のモーター2連率,0.0476,2号艇のclass_rank_2to6,-0.0385,0.0079,東 1.0m/s,[逃げ]1号艇のdominanceが不利(-24.7pt)、1号艇のvs_max234_diffが不利(-8.2pt) / [2着]3号艇のwin_rate_rank_2to6が有利(+20.7pt)、3号艇の当地勝率が有利(+10.4pt) / [候補2]2号艇のwin_rate_rank_2to6が不利(-19.0pt)、2号艇の全国勝率が不利(-6.9pt)、天気+0.8pt
116,23,唐津,8,11:57,0.282478553641885,2,0.6953904871049559,3,0.13797335304992858,0.2354074122243988,0.07989867850361056,0.7534651616512739,0.2128369228483778,0.3908247370524613,1-2,1-3,0.1964328990137338,0.03897451321066499,0.010180364567031882,0.02256966314159788,0.014321114761171073,True,True,False,False,予選,2026-08-28,1号艇の年齢,-0.6453,1号艇のdominance,-0.1567,1号艇の級別順位,-0.0936,1号艇のモーター2連率,0.0924,4号艇のracer_win_te,0.0733,2号艇のwin_rate_rank_2to6,0.2514,2号艇の当地勝率,0.1409,2号艇のclass_rank_2to6,0.1062,4号艇の年齢,0.0803,2号艇のracer_avgfin_te,0.0748,2号艇の全国勝率,-0.0871,3号艇のwin_rate_rank_2to6,0.0523,3号艇の当地勝率,0.0476,3号艇の体重,-0.0412,3号艇のcumulative_diff_rank_2to6,0.0382,0.0755,北東 2.9m/s,[逃げ]1号艇の年齢が不利(-64.5pt)、1号艇のdominanceが不利(-15.7pt) / [2着]2号艇のwin_rate_rank_2to6が有利(+25.1pt)、2号艇の当地勝率が有利(+14.1pt) / [候補2]2号艇の全国勝率が不利(-8.7pt)、3号艇のwin_rate_rank_2to6が有利(+5.2pt) / [除外]4号艇の年齢が不利(-9.4pt)、4号艇のwin_rate_rank_2to6が不利(-6.6pt)、天気+7.6pt
117,14,鳴門,4,09:50,0.3022578304586955,3,0.6646570779289009,2,0.11934919618066461,0.2369720354783626,0.10876246820075286,0.6752438059088127,0.2060436393105429,0.3684535666074976,1-3,1-2,0.03607422910455691,0.2008978063738057,0.03287430767369241,0.026246593432270933,0.006164896407865384,False,False,True,False,とにかくなる,2026-08-28,1号艇のdominance,-0.1969,場特性:in_escape_diff,-0.1292,1号艇のvs_max234_diff,-0.0888,1号艇vs3号艇のcumulative差,-0.0796,1号艇の全国勝率,-0.0618,3号艇のwin_rate_rank_2to6,0.2024,3号艇の当地勝率,0.0758,3号艇の全国勝率,0.0654,3号艇のsession_exh_rel_avg,0.0628,6号艇の女子戦比率,0.0542,2号艇のwin_rate_rank_2to6,-0.2042,2号艇の全国勝率,-0.1207,2号艇のsession_avg_finish,-0.0618,2号艇の節間得点,-0.0595,6号艇のsession_rank_diff_last,-0.0546,0.0145,東 2.1m/s,[逃げ]1号艇のdominanceが不利(-19.7pt)、場特性:in_escape_diffが不利(-12.9pt) / [2着]3号艇のwin_rate_rank_2to6が有利(+20.2pt)、3号艇の当地勝率が有利(+7.6pt) / [候補2]2号艇のwin_rate_rank_2to6が不利(-20.4pt)、2号艇の全国勝率が不利(-12.1pt) / [除外]3号艇のracer_avgfin_teが不利(-8.3pt)、3号艇のracer_win_teが不利(-6.5pt)、天気+1.5pt
118,05,多摩川,1,11:29,0.4663699524501703,4,0.3338753131804658,2,0.286761270908513,0.2894462542104132,0.2485848805627855,0.3720517035261933,0.20310389917172375,0.3142278890051472,1-4,1-2,0.1337368402781536,0.11593251892789753,0.15570941393225957,0.049706004354803365,0.011285179734805723,True,True,False,False,予選,2026-08-28,1号艇の年齢,-0.1149,1号艇のdominance,-0.0938,1号艇の級別順位,-0.0885,1号艇の勝率順位,-0.0769,1号艇のモーター2連率順位,0.0691,4号艇のwin_rate_rank_2to6,0.1953,4号艇のclass_rank_2to6,0.0967,4号艇の全国勝率,0.0957,4号艇のsession_exh_rel_avg,0.0532,4号艇の年齢,-0.0527,3号艇の全国勝率,-0.0774,2号艇のclass_rank_2to6,-0.0597,3号艇の直近平均着順,0.0513,2号艇の全国勝率,0.0406,2号艇のsession_exh_rel_avg,-0.0399,0.0229,東 0.3m/s,[逃げ]1号艇の年齢が不利(-11.5pt)、1号艇のdominanceが不利(-9.4pt) / [2着]4号艇のwin_rate_rank_2to6が有利(+19.5pt)、4号艇のclass_rank_2to6が有利(+9.7pt) / [候補2]3号艇の全国勝率が不利(-7.7pt)、2号艇のclass_rank_2to6が不利(-6.0pt) / [除外]6号艇のwin_rate_rank_2to6が不利(-6.9pt)、6号艇のvs_avg456_diffが不利(-6.6pt)、天気+2.3pt
119,13,尼崎,2,10:59,0.3578037310200294,3,0.4648214201275483,2,0.2214537541873295,0.24555181787628433,0.14901291252800106,0.5372622617868767,0.20164334800633585,0.33306495104946204,1-3,1-2,0.07923697949661894,0.16631483837966535,0.053317376072680056,0.02612936196473773,0.03280518576970942,False,False,True,False,一般,2026-08-28,1号艇のdominance,-0.2402,1号艇のracer_win_te,-0.1935,1号艇の節間得点,0.1049,1号艇の全国勝率,-0.0804,1号艇のsession_exh_rel_avg,-0.0795,3号艇のwin_rate_rank_2to6,0.0562,3号艇のracer_2nd_te,0.0421,3号艇のcumulative_diff_rank_2to6,0.0416,3号艇の節間得点,0.0383,1号艇vs6号艇の直近複勝率差,0.0381,2号艇のwin_rate_rank_2to6,-0.1385,2号艇の枠別出走数,-0.1043,2号艇のsession_exh_rel_avg,-0.0829,2号艇のracer_2nd_te,0.0618,4号艇のsession_rank_diff_delta,-0.0536,0.0482,南西 1.9m/s,[逃げ]1号艇のdominanceが不利(-24.0pt)、1号艇のracer_win_teが不利(-19.3pt) / [2着]3号艇のwin_rate_rank_2to6が有利(+5.6pt)、3号艇のracer_2nd_teが有利(+4.2pt) / [候補2]2号艇のwin_rate_rank_2to6が不利(-13.8pt)、2号艇の枠別出走数が不利(-10.4pt) / [除外]2号艇のracer_2nd_teが不利(-7.3pt)、天気+4.8pt
120,04,平和島,3,12:46,0.3840226119092569,3,0.40245756134625116,2,0.2532516617522058,0.2518071685072591,0.1715388569016688,0.4841703661967881,0.19997351189280174,0.32151612781411776,1-3,1-2,0.09725436461644174,0.15455280389081735,0.030680794435729224,0.06587479987130712,0.03565985481734431,True,True,False,False,予選,2026-08-28,3号艇のracer_win_te,-0.1334,場特性:in_escape_diff,-0.1254,1号艇のdominance,-0.095,1号艇の節間得点,0.0892,1号艇の全国勝率,-0.078,3号艇のwin_rate_rank_2to6,0.1551,3号艇のsession_exh_rel_avg,0.1262,3号艇の当地勝率,0.0923,3号艇のracer_win_te,0.0519,場特性:1x_diff_course3,-0.0355,2号艇のwin_rate_rank_2to6,-0.1134,2号艇のsession_exh_rel_avg,0.1119,6号艇の当地2連率,-0.0768,2号艇の全国勝率,0.0505,1号艇vs3号艇の枠別平均ST差,-0.042,0.0335,北東 1.5m/s,[逃げ]3号艇のracer_win_teが不利(-13.3pt)、場特性:in_escape_diffが不利(-12.5pt) / [2着]3号艇のwin_rate_rank_2to6が有利(+15.5pt)、3号艇のsession_exh_rel_avgが有利(+12.6pt) / [候補2]2号艇のwin_rate_rank_2to6が不利(-11.3pt)、2号艇のsession_exh_rel_avgが有利(+11.2pt) / [除外]2号艇のracer_2nd_teが不利(-6.5pt)、3号艇のracer_avgfin_teが不利(-5.9pt)、天気+3.3pt
121,17,宮島,6,13:22,0.3677127270413072,4,0.46230751776168955,3,0.2250277696989807,0.2527419329438838,0.17805202562276504,0.5092832618379052,0.19874047719931792,0.32970433161209023,1-4,1-3,0.06547199589697564,0.08274557485603543,0.16999635808784844,0.04870597317121506,0.0007928226748258916,True,True,False,False,予選,2026-08-28,1号艇の女子戦比率,-0.2323,1号艇のsession_exh_rel_avg,0.153,1号艇の体重,-0.1071,1号艇vs4号艇の枠別勝率差,-0.1025,1号艇vs2号艇のcumulative差,0.0953,4号艇のclass_rank_2to6,0.176,4号艇のwin_rate_rank_2to6,0.0884,4号艇のcumulative_diff_rank_2to6,0.0806,4号艇のsession_exh_rel_avg,0.0707,4号艇の年齢,0.0494,3号艇のsession_exh_rel_avg,-0.1307,3号艇の当地勝率,-0.0691,3号艇のwin_rate_rank_2to6,-0.063,2号艇の節間得点,0.0525,3号艇のsession_exh_rel_last,-0.0442,0.0,南東 1.7m/s,[逃げ]1号艇の女子戦比率が不利(-23.2pt)、1号艇のsession_exh_rel_avgが有利(+15.3pt) / [2着]4号艇のclass_rank_2to6が有利(+17.6pt)、4号艇のwin_rate_rank_2to6が有利(+8.8pt) / [候補2]3号艇のsession_exh_rel_avgが不利(-13.1pt)、3号艇の当地勝率が不利(-6.9pt) / [除外]6号艇の全国勝率が不利(-15.6pt)、6号艇のvs_avg456_diffが不利(-11.7pt)、天気影響ほぼなし
122,09,津,2,10:58,0.3581991433117611,2,0.3590367668923607,4,0.3435859587904372,0.2516788584109528,0.18447891598587665,0.5181438096969213,0.19596352683949417,0.3316183437967433,1-2,1-4,0.1286066623182681,0.06608018966522337,0.12307219609268466,0.03212341870923279,0.008316682531133329,False,False,True,False,予選,2026-08-28,1号艇のdominance,-0.2243,1号艇のracer_win_te,-0.2152,1号艇のsession_exh_rel_avg,0.1767,1号艇の全国2連率,-0.1237,1号艇の年齢,-0.1158,2号艇のwin_rate_rank_2to6,0.1917,2号艇のclass_rank_2to6,0.1163,3号艇のモーター出走数,0.0865,2号艇の女子戦比率,-0.0742,2号艇のsession_exh_rel_avg,-0.0647,4号艇のsession_exh_rel_avg,0.1095,6号艇の平均ST,-0.0908,4号艇のclass_rank_2to6,-0.0851,4号艇のwin_rate_rank_2to6,-0.0742,1号艇の平均ST,0.0671,0.0209,南西 0.9m/s,[逃げ]1号艇のdominanceが不利(-22.4pt)、1号艇のracer_win_teが不利(-21.5pt) / [2着]2号艇のwin_rate_rank_2to6が有利(+19.2pt)、2号艇のclass_rank_2to6が有利(+11.6pt) / [候補2]4号艇のsession_exh_rel_avgが有利(+11.0pt)、6号艇の平均STが不利(-9.1pt) / [除外]6号艇のwin_rate_rank_2to6が不利(-6.6pt)、6号艇のsession_exh_rel_avgが不利(-5.5pt)、天気+2.1pt
123,10,三国,8,12:07,0.35203714675941244,2,0.46067651801313325,4,0.20076675296787064,0.23285260185936546,0.16974058478767762,0.49170268619332624,0.18542315768863632,0.3105076271595537,1-2,1-4,0.1621752469804045,0.05975499115792816,0.07067735487896099,0.05851367763052175,0.0009158686527788187,True,True,False,False,一般,2026-08-28,1号艇のracer_win_te,-0.2969,1号艇のsession_exh_rel_avg,-0.204,1号艇の女子戦比率,-0.1696,1号艇の級別順位,0.0786,1号艇の全国勝率,-0.0716,2号艇の節間得点,-0.0823,3号艇のracer_2nd_te,0.0781,2号艇のsession_exh_rel_avg,0.0651,3号艇の年齢,0.0584,3号艇のracer_avgfin_te,0.0526,4号艇のwin_rate_rank_2to6,-0.0944,4号艇のclass_rank_2to6,0.0915,4号艇の全国勝率,-0.0639,4号艇のcumulative_diff_rank_2to6,0.0521,4号艇のsession_exh_rel_avg,-0.0374,-0.0326,北東 5.3m/s,[逃げ]1号艇のracer_win_teが不利(-29.7pt)、1号艇のsession_exh_rel_avgが不利(-20.4pt) / [2着]2号艇の節間得点が不利(-8.2pt)、3号艇のracer_2nd_teが有利(+7.8pt) / [候補2]4号艇のwin_rate_rank_2to6が不利(-9.4pt)、4号艇のclass_rank_2to6が有利(+9.1pt) / [除外]6号艇の直近平均着順が不利(-20.8pt)、6号艇の全国勝率が不利(-11.4pt)、天気-3.3pt
124,01,桐生,7,17:54,0.4552617619063963,2,0.31258927122084534,4,0.23181897771576465,0.24784825860725707,0.22005793524340553,0.32435031369320444,0.18239908735591315,0.27079887513304124,1-2,1-4,0.14230994236903843,0.10018396332039646,0.10553831623821863,0.0758657350116396,0.031363813447014284,True,False,False,False,予選,2026-08-28,3号艇の直近1着率,-0.1635,3号艇のsession_exh_rel_avg,-0.1481,3号艇の全国2連率,0.1111,場特性:in_escape_diff,-0.1104,6号艇のモーター出走数,-0.0986,2号艇のwin_rate_rank_2to6,0.15,2号艇の当地勝率,0.1005,3号艇のモーター出走数,0.0783,2号艇のsession_exh_rel_avg,0.0779,2号艇のracer_avgfin_te,0.066,3号艇の直近1着率,0.1495,4号艇の全国勝率,0.1137,6号艇のモーター出走数,0.0893,4号艇のwin_rate_rank_2to6,-0.0695,勝率の分散(2-6号艇),0.0606,0.0011,北 2.6m/s,[逃げ]3号艇の直近1着率が不利(-16.4pt)、3号艇のsession_exh_rel_avgが不利(-14.8pt) / [2着]2号艇のwin_rate_rank_2to6が有利(+15.0pt)、2号艇の当地勝率が有利(+10.0pt) / [候補2]3号艇の直近1着率が有利(+14.9pt)、4号艇の全国勝率が有利(+11.4pt) / [除外]2号艇の直近1着率が不利(-7.1pt)、6号艇のwin_rate_rank_2to6が不利(-5.4pt)、天気影響ほぼなし
125,11,琵琶湖,7,13:26,0.26514690132533236,4,0.3937553670960574,2,0.384560170188537,0.2063679529643714,0.12883914908708882,0.6494763881975056,0.17446202721384263,0.33930048353431164,1-4,1-2,0.10196493749863304,0.03416130114983412,0.10440301546573835,0.020853422407009842,0.0037642248041170013,True,True,False,False,予選,2026-08-28,4号艇のsession_exh_rel_avg,-0.2656,6号艇の年齢,-0.1324,1号艇の級別順位,-0.089,1号艇のdominance,-0.0843,3号艇のsession_exh_rel_avg,-0.081,4号艇のsession_exh_rel_avg,0.115,4号艇の全国勝率,0.0991,4号艇のwin_rate_rank_2to6,0.0975,6号艇のsession_exh_rel_last,0.0879,4号艇のclass_rank_2to6,0.0835,2号艇のwin_rate_rank_2to6,0.1863,2号艇のclass_rank_2to6,0.0712,2号艇のracer_avgfin_te,0.0599,3号艇の全国勝率,-0.049,2号艇の全国勝率,0.0472,0.0895,西 0.9m/s,[逃げ]4号艇のsession_exh_rel_avgが不利(-26.6pt)、6号艇の年齢が不利(-13.2pt) / [2着]4号艇のsession_exh_rel_avgが有利(+11.5pt)、4号艇の全国勝率が有利(+9.9pt) / [候補2]2号艇のwin_rate_rank_2to6が有利(+18.6pt)、2号艇のclass_rank_2to6が有利(+7.1pt) / [除外]6号艇のwin_rate_rank_2to6が不利(-7.5pt)、1号艇vs4号艇のlocal_win_rate差が不利(-6.4pt)、天気+9.0pt
126,15,丸亀,1,15:17,0.33399828801495957,3,0.3719361758103906,4,0.2837826977007477,0.21900898117181802,0.17694582607648568,0.47877304743465265,0.17250571106187781,0.29693820105066837,1-3,1-4,0.059099602980939005,0.12422604597150148,0.09478293520031654,0.041265779817616345,0.014623929643668807,True,False,False,False,一般,2026-08-28,1号艇のracer_win_te,-0.2098,1号艇の平均ST,-0.1777,1号艇のsession_exh_rel_avg,-0.1122,1号艇の直近1着率,-0.103,1号艇の級別順位,0.0913,3号艇のwin_rate_rank_2to6,0.0753,3号艇のsession_exh_rel_avg,0.0661,3号艇のsession_exh_rel_last,0.0652,3号艇のモーター2連率,0.0639,3号艇の節間得点,-0.0607,4号艇のwin_rate_rank_2to6,-0.1361,1号艇の平均ST,0.1152,4号艇のclass_rank_2to6,-0.0819,4号艇の全国勝率,-0.0816,1号艇のsession_exh_rel_delta,0.0624,0.0181,北西 2.0m/s,[逃げ]1号艇のracer_win_teが不利(-21.0pt)、1号艇の平均STが不利(-17.8pt) / [2着]3号艇のwin_rate_rank_2to6が有利(+7.5pt)、3号艇のsession_exh_rel_avgが有利(+6.6pt) / [候補2]4号艇のwin_rate_rank_2to6が不利(-13.6pt)、1号艇の平均STが有利(+11.5pt) / [除外]6号艇のsession_exh_rel_avgが不利(-9.3pt)、2号艇のwin_rate_rank_2to6が不利(-6.6pt)、天気+1.8pt
127,14,鳴門,11,13:33,0.348576537189939,4,0.316948281727933,2,0.2969498610749584,0.2139904888055665,0.17450893676261042,0.4393892060402809,0.16917858559104168,0.28161010397598085,1-4,1-2,0.10350975429254246,0.06082972088540878,0.11048073451302409,0.051627323974897874,0.022129003524065754,True,True,False,False,特選,2026-08-28,場特性:in_escape_diff,-0.1677,4号艇のモーター2連率,-0.1289,1号艇のsession_rank_diff_last,0.09,4号艇のsession_exh_rel_avg,-0.0828,1号艇の級別順位,-0.0821,4号艇のclass_rank_2to6,0.1087,4号艇のモーター2連率,0.0965,4号艇のwin_rate_rank_2to6,0.096,4号艇のsession_exh_rel_avg,0.0753,4号艇の節間得点,0.0647,2号艇のwin_rate_rank_2to6,-0.123,2号艇のsession_exh_rel_avg,0.1213,3号艇のracer_win_te,0.0766,3号艇のracer_2nd_te,0.0537,2号艇のモーター2連率,-0.0456,0.0708,北東 2.4m/s,[逃げ]場特性:in_escape_diffが不利(-16.8pt)、4号艇のモーター2連率が不利(-12.9pt) / [2着]4号艇のclass_rank_2to6が有利(+10.9pt)、4号艇のモーター2連率が有利(+9.7pt) / [候補2]2号艇のwin_rate_rank_2to6が不利(-12.3pt)、2号艇のsession_exh_rel_avgが有利(+12.1pt) / [除外]6号艇のvs_avg456_diffが不利(-6.4pt)、天気+7.1pt
128,15,丸亀,2,15:42,0.2985636450278099,2,0.5232665718821987,4,0.20139903101884343,0.21635880382841058,0.18592282741156757,0.5387427754894745,0.16808755517661525,0.31307399532672975,1-2,1-4,0.15622837502235576,0.055509797045874026,0.06013042880605485,0.006354815209142418,0.020340229778560065,True,False,False,False,一般,2026-08-28,1号艇のdominance,-0.2616,1号艇のracer_win_te,-0.2154,1号艇のsession_exh_rel_avg,0.1424,1号艇のvs_max234_diff,-0.1365,1号艇の年齢,0.1198,2号艇のwin_rate_rank_2to6,0.1873,全艇平均勝率,0.1183,2号艇のclass_rank_2to6,0.094,2号艇の全国勝率,0.0511,1号艇の直近複勝率,0.0478,4号艇のsession_exh_rel_avg,0.0941,4号艇の節間得点,-0.0887,4号艇のwin_rate_rank_2to6,0.0751,4号艇のcumulative_diff_rank_2to6,-0.0628,5号艇のracer_win_te,0.0558,0.0249,北西 2.4m/s,[逃げ]1号艇のdominanceが不利(-26.2pt)、1号艇のracer_win_teが不利(-21.5pt) / [2着]2号艇のwin_rate_rank_2to6が有利(+18.7pt)、全艇平均勝率が有利(+11.8pt) / [候補2]4号艇のsession_exh_rel_avgが有利(+9.4pt)、4号艇の節間得点が不利(-8.9pt) / [除外]6号艇のracer_win_teが不利(-12.4pt)、6号艇のwin_rate_rank_2to6が不利(-8.3pt)、天気+2.5pt
129,17,宮島,9,14:55,0.31710090977799194,2,0.4216294542974165,5,0.24300262816157628,0.21075543801538796,0.17860327871138543,0.4860288037476073,0.16558550333242503,0.29333744773505377,1-2,1-5,0.13369908354690904,0.05663526216871258,0.03854683225947861,0.07705635446847892,0.011163378515705744,True,True,False,False,予選,2026-08-28,1号艇のdominance,-0.2325,1号艇のracer_win_te,-0.1964,1号艇の年齢,-0.1761,1号艇の全国勝率,-0.0746,1号艇の勝率順位,-0.0737,2号艇のsession_exh_rel_avg,-0.1163,2号艇のclass_rank_2to6,0.0842,2号艇のwin_rate_rank_2to6,0.0595,2号艇の全国勝率,0.0546,2号艇のモーター2連率,-0.0374,5号艇のwin_rate_rank_2to6,0.2317,5号艇のclass_rank_2to6,0.1197,5号艇の年齢,-0.105,5号艇のモーター2連率,0.0857,1号艇のsession_avg_finish,0.0661,0.1086,南 1.7m/s,[逃げ]1号艇のdominanceが不利(-23.2pt)、1号艇のracer_win_teが不利(-19.6pt) / [2着]2号艇のsession_exh_rel_avgが不利(-11.6pt)、2号艇のclass_rank_2to6が有利(+8.4pt) / [候補2]5号艇のwin_rate_rank_2to6が有利(+23.2pt)、5号艇のclass_rank_2to6が有利(+12.0pt) / [除外]6号艇のwin_rate_rank_2to6が不利(-7.6pt)、天気+10.9pt
130,09,津,3,11:24,0.35768378388968797,3,0.39302092054127635,2,0.19671917608048056,0.2109404692711402,0.18527791720312783,0.40446217941862916,0.16404133631065151,0.2689969823153869,1-3,1-2,0.07036325926412808,0.14057721000701212,0.06627090649641508,0.03400746242661832,0.046464945695514376,True,True,False,False,予選,2026-08-28,1号艇のdominance,-0.2703,1号艇のsession_exh_rel_avg,0.1356,1号艇の級別順位,-0.0963,1号艇vs4号艇のcumulative差,-0.0846,風速区分,0.0708,3号艇のwin_rate_rank_2to6,0.082,3号艇のsession_exh_rel_avg,0.0669,3号艇のcumulative_diff_rank_2to6,-0.0502,6号艇のsession_exh_rel_last,0.0478,3号艇の全国勝率,0.044,2号艇のwin_rate_rank_2to6,-0.2027,2号艇の全国勝率,-0.1541,2号艇のsession_exh_rel_avg,-0.0764,2号艇のclass_rank_2to6,-0.049,2号艇の直近平均着順,-0.0459,0.0001,南西 0.8m/s,[逃げ]1号艇のdominanceが不利(-27.0pt)、1号艇のsession_exh_rel_avgが有利(+13.6pt) / [2着]3号艇のwin_rate_rank_2to6が有利(+8.2pt)、3号艇のsession_exh_rel_avgが有利(+6.7pt) / [候補2]2号艇のwin_rate_rank_2to6が不利(-20.3pt)、2号艇の全国勝率が不利(-15.4pt)、天気影響ほぼなし
131,14,鳴門,5,10:21,0.24090221866918898,3,0.469214424507171,2,0.29666985586111866,0.18450322238457617,0.11510421237458124,0.6507800679937085,0.15901870467279755,0.32438627606731585,1-3,1-2,0.07146842648921198,0.11303479589536418,0.027728860139206137,0.01725091407862194,0.011419228348799625,False,False,True,False,予選,2026-08-28,場特性:in_escape_diff,-0.1734,4号艇のsession_exh_rel_avg,-0.1692,6号艇のモーター2連率,-0.097,1号艇の級別順位,-0.0879,1号艇のdominance,-0.0851,3号艇のwin_rate_rank_2to6,0.1913,3号艇のsession_exh_rel_avg,0.1406,3号艇の全国勝率,0.0556,3号艇の節間得点,0.0389,1号艇vs4号艇のlocal_win_rate差,-0.0353,2号艇のwin_rate_rank_2to6,-0.134,4号艇のモーター出走数,-0.0546,4号艇のsession_exh_rel_avg,-0.0415,1号艇の体重,-0.0366,1号艇vs2号艇の枠別平均ST差,-0.0358,0.0481,東 1.9m/s,[逃げ]場特性:in_escape_diffが不利(-17.3pt)、4号艇のsession_exh_rel_avgが不利(-16.9pt) / [2着]3号艇のwin_rate_rank_2to6が有利(+19.1pt)、3号艇のsession_exh_rel_avgが有利(+14.1pt) / [候補2]2号艇のwin_rate_rank_2to6が不利(-13.4pt)、4号艇のモーター出走数が不利(-5.5pt) / [除外]win_rate_range_1to6が不利(-5.2pt)、天気+4.8pt
132,13,尼崎,1,10:36,0.22722833140052304,3,0.5130339917083326,2,0.3217490183898839,0.18968635046612373,0.13871118198484844,0.6960718281133681,0.15811240901066584,0.34160199376029704,1-3,1-2,0.07311049257848952,0.1165758578876342,0.031519110429011406,0.004210565670997318,0.0018123062099392848,False,False,True,False,朝からセンプ,2026-08-28,1号艇のdominance,-0.3982,1号艇のvs_max234_diff,-0.2704,3号艇のracer_win_te,-0.2165,1号艇のracer_win_te,-0.1794,1号艇の年齢,0.094,3号艇のwin_rate_rank_2to6,0.2544,3号艇の全国勝率,0.1817,3号艇のsession_exh_rel_avg,0.0953,3号艇の当地勝率,0.0728,1号艇vs3号艇のplace_rate差,-0.0593,2号艇のsession_exh_rel_avg,0.0902,3号艇の全国2連率,0.0785,2号艇のモーター2連率,0.0642,2号艇のsession_rank_diff_delta,0.0537,2号艇の全国勝率,0.0435,0.0058,南西 2.0m/s,[逃げ]1号艇のdominanceが不利(-39.8pt)、1号艇のvs_max234_diffが不利(-27.0pt) / [2着]3号艇のwin_rate_rank_2to6が有利(+25.4pt)、3号艇の全国勝率が有利(+18.2pt) / [候補2]2号艇のsession_exh_rel_avgが有利(+9.0pt)、3号艇の全国2連率が有利(+7.8pt) / [除外]6号艇の節間得点が不利(-8.9pt)、6号艇のwin_rate_rank_2to6が不利(-7.5pt)、天気+0.6pt
133,14,鳴門,10,12:57,0.2899115256167188,2,0.29899695792233427,3,0.2949761393815963,0.17219964681467026,0.20061400244100375,0.3933590948629268,0.13074485437496836,0.2385474812291472,1-2,1-3,0.0866826642260218,0.08551698258864847,0.043488278471753614,0.016063286662538204,0.058160311507747545,True,True,False,False,特賞,2026-08-28,1号艇のdominance,-0.2791,2号艇のsession_exh_rel_avg,-0.1727,1号艇vs2号艇のcumulative差,-0.1329,場特性:in_escape_diff,-0.1263,レース時間帯,0.1045,6号艇のsession_exh_rel_last,-0.0808,2号艇のsession_exh_rel_avg,0.0742,2号艇のwin_rate_rank_2to6,0.0666,2号艇のclass_rank_2to6,0.0659,1号艇vs3号艇の枠別平均ST差,-0.0624,3号艇のwin_rate_rank_2to6,-0.1153,6号艇の直近1着率,0.0583,3号艇のcumulative_diff_rank_2to6,-0.0514,1号艇vs4号艇のlocal_win_rate差,0.0379,3号艇のモーター2連率,-0.0365,0.1211,北東 2.3m/s,[逃げ]1号艇のdominanceが不利(-27.9pt)、2号艇のsession_exh_rel_avgが不利(-17.3pt) / [2着]6号艇のsession_exh_rel_lastが不利(-8.1pt)、2号艇のsession_exh_rel_avgが有利(+7.4pt) / [候補2]3号艇のwin_rate_rank_2to6が不利(-11.5pt)、6号艇の直近1着率が有利(+5.8pt) / [除外]4号艇のwin_rate_rank_2to6が不利(-5.1pt)、天気+12.1pt
134,04,平和島,1,11:48,0.1855092127166451,2,0.5692713462265325,4,0.22838988908368818,0.14797350777698565,0.11482680905224,0.6828344262579807,0.12758391691022794,0.3084317833212842,1-2,1-4,0.10560507926062875,0.021301430946045582,0.042368428516356894,0.009884490213802107,0.0063497810155091,True,True,False,False,予選,2026-08-28,1号艇の年齢,-0.3011,1号艇のdominance,-0.2531,1号艇のracer_win_te,-0.177,1号艇のsession_exh_rel_avg,0.1418,1号艇の体重,-0.1125,2号艇のwin_rate_rank_2to6,0.1997,2号艇の当地勝率,0.0983,2号艇のclass_rank_2to6,0.0966,2号艇のsession_exh_rel_avg,0.0844,2号艇の全国勝率,0.058,4号艇のclass_rank_2to6,0.1238,4号艇のsession_exh_rel_avg,-0.0864,4号艇のwin_rate_rank_2to6,0.071,3号艇の枠別平均ST,0.055,4号艇の節間得点,0.0502,0.0189,西 0.5m/s,[逃げ]1号艇の年齢が不利(-30.1pt)、1号艇のdominanceが不利(-25.3pt) / [2着]2号艇のwin_rate_rank_2to6が有利(+20.0pt)、2号艇の当地勝率が有利(+9.8pt) / [候補2]4号艇のclass_rank_2to6が有利(+12.4pt)、4号艇のsession_exh_rel_avgが不利(-8.6pt) / [除外]6号艇のwin_rate_rank_2to6が不利(-6.3pt)、3号艇のwin_rate_rank_2to6が不利(-5.6pt)、天気+1.9pt
135,04,平和島,5,13:47,0.21561517878151742,2,0.4209982752788023,3,0.2661412791942577,0.14815771788556106,0.13009446317612777,0.5570450912969322,0.12502831935709435,0.2708239299089724,1-2,1-3,0.09077361839094944,0.05738409949461161,0.021680459703281932,0.028050340936206324,0.017726658650009844,True,True,False,False,予選,2026-08-28,1号艇のdominance,-0.1399,1号艇の年齢,-0.1089,場特性:in_escape_diff,-0.106,1号艇の級別順位,-0.0856,5号艇のsession_exh_rel_avg,-0.0731,2号艇のsession_exh_rel_avg,-0.0815,2号艇のclass_rank_2to6,0.0631,2号艇のwin_rate_rank_2to6,0.0594,1号艇の年齢,0.057,2号艇の全国勝率,0.0503,3号艇のwin_rate_rank_2to6,0.1839,3号艇のsession_exh_rel_avg,-0.0952,3号艇のracer_avgfin_te,0.0458,3号艇の当地勝率,-0.0357,3号艇のclass_rank_2to6,0.0339,-0.0113,南東 0.9m/s,[逃げ]1号艇のdominanceが不利(-14.0pt)、1号艇の年齢が不利(-10.9pt) / [2着]2号艇のsession_exh_rel_avgが不利(-8.1pt)、2号艇のclass_rank_2to6が有利(+6.3pt) / [候補2]3号艇のwin_rate_rank_2to6が有利(+18.4pt)、3号艇のsession_exh_rel_avgが不利(-9.5pt) / [除外]6号艇のwin_rate_rank_2to6が不利(-6.0pt)、天気-1.1pt
136,15,丸亀,3,16:06,0.23021511434156144,4,0.387963623149315,2,0.3274132637963907,0.1646905718255159,0.207678372036535,0.5076985149091706,0.1236473680097289,0.2675929547506123,1-4,1-2,0.0753754819618299,0.04781070016466024,0.089315089863686,0.013411350409768734,0.004302494514470959,True,False,False,False,一般,2026-08-28,1号艇のdominance,-0.3802,1号艇のracer_win_te,-0.2402,1号艇のvs_max234_diff,-0.167,2号艇のsession_exh_rel_avg,-0.1085,1号艇のvs_max234_frame_diff,0.1018,4号艇のwin_rate_rank_2to6,0.2493,4号艇のclass_rank_2to6,0.2256,1号艇vs6号艇の枠別勝率差,-0.1123,4号艇の全国勝率,0.0899,4号艇の年齢,-0.0799,1号艇vs2号艇の枠別勝率差,-0.2292,2号艇のsession_exh_rel_avg,0.1931,6号艇のsession_rank_diff_last,-0.0737,1号艇のframe_dominance,-0.0644,2号艇のracer_avgfin_te,-0.0574,0.0234,北 2.4m/s,[逃げ]1号艇のdominanceが不利(-38.0pt)、1号艇のracer_win_teが不利(-24.0pt) / [2着]4号艇のwin_rate_rank_2to6が有利(+24.9pt)、4号艇のclass_rank_2to6が有利(+22.6pt) / [候補2]1号艇vs2号艇の枠別勝率差が不利(-22.9pt)、2号艇のsession_exh_rel_avgが有利(+19.3pt) / [除外]6号艇のwin_rate_rank_2to6が不利(-7.1pt)、1号艇vs3号艇の枠別勝率差が不利(-6.9pt)、天気+2.3pt
137,05,多摩川,2,12:00,0.23303196413811683,2,0.3676307249292389,3,0.3190268145592735,0.16001315511725456,0.20806186961010825,0.47859566987840413,0.12006199165816467,0.2555879095455994,1-2,1-3,0.08566970990778029,0.07434344520947428,0.04848506613749229,0.018323312881165867,0.006210436513041976,True,True,False,False,予選,2026-08-28,1号艇のdominance,-0.2486,1号艇のracer_win_te,-0.1938,1号艇の年齢,-0.1671,1号艇のvs_max234_diff,-0.1429,1号艇の全国勝率,-0.0966,2号艇のwin_rate_rank_2to6,0.192,2号艇のclass_rank_2to6,0.0923,2号艇の全国勝率,0.0605,1号艇vs2号艇のplace_rate差,-0.0444,3号艇の枠別勝率,-0.0404,3号艇のwin_rate_rank_2to6,0.0633,3号艇の当地勝率,-0.042,3号艇のcumulative_diff_rank_2to6,0.0393,3号艇のモーター2連率,-0.0296,3号艇の全国勝率,0.0293,-0.0001,東 0.9m/s,[逃げ]1号艇のdominanceが不利(-24.9pt)、1号艇のracer_win_teが不利(-19.4pt) / [2着]2号艇のwin_rate_rank_2to6が有利(+19.2pt)、2号艇のclass_rank_2to6が有利(+9.2pt) / [候補2]3号艇のwin_rate_rank_2to6が有利(+6.3pt)、3号艇の当地勝率が不利(-4.2pt) / [除外]6号艇のwin_rate_rank_2to6が不利(-5.3pt)、天気影響ほぼなし
138,09,津,8,13:53,0.1867044955504516,3,0.5677433291199985,2,0.2196512196282488,0.14701010202321696,0.17034951585548158,0.6170450328927657,0.116958382376593,0.2880205812840816,1-3,1-2,0.04100987015773364,0.10600023186548334,0.031805020425061344,0.004594194673134906,0.003295176864099369,True,True,False,False,予選,2026-08-28,1号艇のdominance,-0.3934,1号艇のvs_max234_diff,-0.1584,1号艇の女子戦比率,-0.1383,1号艇のracer_win_te,-0.1333,1号艇の全国2連率,-0.1309,3号艇のwin_rate_rank_2to6,0.186,3号艇のsession_exh_rel_avg,0.105,1号艇のvs_max234_diff,-0.0786,1号艇vs3号艇のplace_rate差,-0.0729,3号艇の当地勝率,0.0728,2号艇のwin_rate_rank_2to6,-0.1435,2号艇のsession_exh_rel_avg,-0.0955,3号艇のモーター出走数,0.0701,2号艇の全国勝率,-0.0686,1号艇vs3号艇の直近複勝率差,0.0524,0.0836,北 1.4m/s,[逃げ]1号艇のdominanceが不利(-39.3pt)、1号艇のvs_max234_diffが不利(-15.8pt) / [2着]3号艇のwin_rate_rank_2to6が有利(+18.6pt)、3号艇のsession_exh_rel_avgが有利(+10.5pt) / [候補2]2号艇のwin_rate_rank_2to6が不利(-14.3pt)、2号艇のsession_exh_rel_avgが不利(-9.5pt) / [除外]6号艇のsession_exh_rel_avgが不利(-5.8pt)、3号艇の女子戦2連率が不利(-5.5pt)、天気+8.4pt
139,11,琵琶湖,8,13:59,0.18061273580933804,3,0.44948619472078577,2,0.3199565376824225,0.13897115694795584,0.1513584632224914,0.6180842691807169,0.11372980405048273,0.28270509061778415,1-3,1-2,0.05778822561090589,0.08118293133704996,0.02733726613051125,0.00994239223923614,0.004361916791043017,True,True,False,False,予選,2026-08-28,1号艇のdominance,-0.2363,5号艇の枠別出走数,-0.1938,1号艇のvs_max234_diff,-0.137,3号艇のsession_exh_rel_avg,-0.1107,1号艇のsession_exh_rel_avg,-0.1,3号艇のsession_exh_rel_avg,0.144,1号艇のsession_exh_rel_delta,0.0622,3号艇のwin_rate_rank_2to6,-0.055,1号艇vs3号艇のcumulative差,0.0488,1号艇vs2号艇のplace_rate差,0.0471,2号艇のclass_rank_2to6,0.1021,2号艇のsession_exh_rel_avg,0.0801,2号艇の一般戦勝率,-0.0718,2号艇のwin_rate_rank_2to6,0.065,2号艇の全国勝率,0.0538,0.1256,北東 0.5m/s,[逃げ]1号艇のdominanceが不利(-23.6pt)、5号艇の枠別出走数が不利(-19.4pt) / [2着]3号艇のsession_exh_rel_avgが有利(+14.4pt)、1号艇のsession_exh_rel_deltaが有利(+6.2pt) / [候補2]2号艇のclass_rank_2to6が有利(+10.2pt)、2号艇のsession_exh_rel_avgが有利(+8.0pt) / [除外]1号艇のsession_exh_rel_deltaが不利(-9.2pt)、6号艇のwin_rate_rank_2to6が不利(-6.5pt)、天気+12.6pt
140,04,平和島,6,14:18,0.2716192147112769,2,0.2802660230103611,5,0.2755774002780562,0.1509777541360278,0.2191357809995782,0.3367076422888391,0.1112762004566349,0.20669672058187116,1-2,1-5,0.07612563708032695,0.034901056488860945,0.05952148875024779,0.07485211705570086,0.02621891432427998,True,True,False,False,予選,2026-08-28,1号艇のdominance,-0.2973,1号艇のsession_exh_rel_avg,-0.1729,場特性:in_escape_diff,-0.1006,1号艇のracer_win_te,-0.0937,1号艇の級別順位,-0.084,2号艇のsession_exh_rel_avg,-0.0921,2号艇の節間得点,0.0583,2号艇の全国勝率,0.0401,3号艇の全国勝率,-0.0399,2号艇のモーター2連率,-0.0334,5号艇のwin_rate_rank_2to6,0.2288,5号艇のclass_rank_2to6,0.1851,1号艇のsession_rank_diff_last,-0.1227,1号艇vs6号艇の直近複勝率差,0.1009,5号艇のsession_exh_rel_avg,0.0786,0.0126,南東 0.9m/s,[逃げ]1号艇のdominanceが不利(-29.7pt)、1号艇のsession_exh_rel_avgが不利(-17.3pt) / [2着]2号艇のsession_exh_rel_avgが不利(-9.2pt)、2号艇の節間得点が有利(+5.8pt) / [候補2]5号艇のwin_rate_rank_2to6が有利(+22.9pt)、5号艇のclass_rank_2to6が有利(+18.5pt) / [除外]6号艇のsession_exh_rel_avgが不利(-5.1pt)、3号艇のwin_rate_rank_2to6が不利(-5.0pt)、天気+1.3pt
141,14,鳴門,8,11:51,0.21135723471839674,4,0.3204935659266025,2,0.3191477398089746,0.13519281759193613,0.23082985291507452,0.4088114528205026,0.0977449717520308,0.21727840816050606,1-4,1-2,0.06745418375265125,0.0487875594025844,0.06773863383928488,0.02222483390344279,0.00515202224569929,True,True,False,False,予選,2026-08-28,1号艇のdominance,-0.3067,1号艇のsession_exh_rel_avg,-0.172,1号艇のvs_max234_diff,-0.1418,場特性:in_escape_diff,-0.1102,1号艇の級別順位,-0.0951,4号艇のclass_rank_2to6,0.1535,4号艇の全国勝率,0.1213,4号艇のwin_rate_rank_2to6,0.1076,1号艇vs2号艇のplace_rate差,0.0544,4号艇のracer_win_te,0.0495,2号艇のwin_rate_rank_2to6,0.1923,2号艇のclass_rank_2to6,0.0842,2号艇の全国勝率,0.0649,2号艇のsession_exh_rel_avg,-0.0615,1号艇のsession_exh_rel_last,-0.0582,0.0205,東 2.1m/s,[逃げ]1号艇のdominanceが不利(-30.7pt)、1号艇のsession_exh_rel_avgが不利(-17.2pt) / [2着]4号艇のclass_rank_2to6が有利(+15.3pt)、4号艇の全国勝率が有利(+12.1pt) / [候補2]2号艇のwin_rate_rank_2to6が有利(+19.2pt)、2号艇のclass_rank_2to6が有利(+8.4pt) / [除外]6号艇のwin_rate_rank_2to6が不利(-6.6pt)、天気+2.1pt
142,09,津,7,13:23,0.22495185345818114,3,0.3439017585949267,2,0.31745957109024764,0.14877445691824717,0.28892870556672856,0.3724326241184458,0.09719220340770857,0.21587190707830675,1-3,1-2,0.07141311891479042,0.07736133800345674,0.06499504783450868,0.005139127356618676,0.006043219253779204,True,True,False,False,予選,2026-08-28,1号艇のdominance,-0.265,1号艇のracer_win_te,-0.1816,1号艇のframe_dominance,-0.0859,1号艇の級別順位,-0.0849,1号艇のモーター2連率順位,0.0763,6号艇のモーター出走数,0.14,3号艇のwin_rate_rank_2to6,-0.0471,3号艇のcumulative_diff_rank_2to6,0.0407,3号艇の全国勝率,0.0394,3号艇の枠別勝率,0.0377,2号艇のwin_rate_rank_2to6,0.1713,2号艇の全国勝率,0.0785,ST差分(3-2),-0.0757,2号艇のsession_exh_rel_avg,0.0704,2号艇のclass_rank_2to6,0.0681,0.0519,北西 1.0m/s,[逃げ]1号艇のdominanceが不利(-26.5pt)、1号艇のracer_win_teが不利(-18.2pt) / [2着]6号艇のモーター出走数が有利(+14.0pt)、3号艇のwin_rate_rank_2to6が不利(-4.7pt) / [候補2]2号艇のwin_rate_rank_2to6が有利(+17.1pt)、2号艇の全国勝率が有利(+7.8pt) / [除外]5号艇のwin_rate_rank_2to6が不利(-5.3pt)、天気+5.2pt
143,07,蒲郡,3,16:11,0.1689077000282366,3,0.3913325827798304,2,0.30706594236308776,0.11796488858500287,0.18283765018943,0.5155608749534881,0.09208278094451505,0.23724368449554845,1-3,1-2,0.05186580208155222,0.06609908650345066,0.0198337222187451,0.030882686972063898,0.00022640254737637844,True,False,False,False,予選,2026-08-28,1号艇のdominance,-0.2545,1号艇の年齢,-0.1821,1号艇の体重,-0.0952,1号艇の級別順位,-0.0941,1号艇のracer_win_te,-0.0845,3号艇のwin_rate_rank_2to6,0.0743,3号艇のsession_exh_rel_avg,0.0647,3号艇の全国勝率,0.0437,場特性:1x_diff_course3,0.0398,3号艇のcumulative_diff_rank_2to6,0.0387,1号艇の年齢,-0.0353,2号艇のモーター2連率,0.0346,2号艇のsession_exh_rel_avg,-0.034,6号艇のsession_avg_finish,0.0302,2号艇のwin_rate_rank_2to6,-0.03,-0.0,南東 1.7m/s,[逃げ]1号艇のdominanceが不利(-25.5pt)、1号艇の年齢が不利(-18.2pt) / [2着]3号艇のwin_rate_rank_2to6が有利(+7.4pt)、3号艇のsession_exh_rel_avgが有利(+6.5pt) / [候補2]1号艇の年齢が不利(-3.5pt)、2号艇のモーター2連率が有利(+3.5pt) / [除外]6号艇の全国勝率が不利(-15.8pt)、6号艇の直近平均着順が不利(-14.5pt)、天気影響ほぼなし
144,07,蒲郡,4,16:39,0.22643054848985383,3,0.31703405161826814,6,0.20920333646045586,0.11915622041853355,0.2013504054101528,0.3248869826685712,0.09036563647243764,0.18087544909354483,1-3,1-6,0.04559188273567533,0.07178619419788508,0.02877641309244392,0.03290603477375962,0.047370026220648453,True,False,False,False,予選,2026-08-28,1号艇のdominance,-0.3147,1号艇のracer_win_te,-0.2429,1号艇の年齢,-0.1446,1号艇の全国2連率,-0.1057,4号艇のモーター2連率,-0.0974,3号艇のモーター2連率,0.116,3号艇のwin_rate_rank_2to6,0.0674,3号艇の節間得点,-0.065,場特性:1x_diff_course3,0.051,3号艇のsession_exh_rel_avg,0.0497,6号艇のwin_rate_rank_2to6,0.3796,6号艇のclass_rank_2to6,0.1946,6号艇のsession_exh_rel_avg,0.1425,6号艇のvs_avg456_diff,0.1166,6号艇の全国勝率,0.0792,0.0085,南東 1.7m/s,[逃げ]1号艇のdominanceが不利(-31.5pt)、1号艇のracer_win_teが不利(-24.3pt) / [2着]3号艇のモーター2連率が有利(+11.6pt)、3号艇のwin_rate_rank_2to6が有利(+6.7pt) / [候補2]6号艇のwin_rate_rank_2to6が有利(+38.0pt)、6号艇のclass_rank_2to6が有利(+19.5pt) / [除外]2号艇のwin_rate_rank_2to6が不利(-5.5pt)、天気+0.9pt
