rank,venue_code,venue_name,race_no,closing_time,in_escape_prob,second_pred_1,second_pred_1_prob,second_pred_2,second_pred_2_prob,confidence_score,third_prob,top2_margin,adjusted_score,score_margin_blend,ticket_1,ticket_2,score_boat2,score_boat3,score_boat4,score_boat5,score_boat6,is_teppan,is_lunch,is_excluded,is_channel_target,race_grade,race_date,top_feat_1,top_feat_1_contrib,top_feat_2,top_feat_2_contrib,top_feat_3,top_feat_3_contrib,top_feat_4,top_feat_4_contrib,top_feat_5,top_feat_5_contrib,s2_top_feat_1,s2_top_feat_1_contrib,s2_top_feat_2,s2_top_feat_2_contrib,s2_top_feat_3,s2_top_feat_3_contrib,s2_top_feat_4,s2_top_feat_4_contrib,s2_top_feat_5,s2_top_feat_5_contrib,s2_top2_feat_1,s2_top2_feat_1_contrib,s2_top2_feat_2,s2_top2_feat_2_contrib,s2_top2_feat_3,s2_top2_feat_3_contrib,s2_top2_feat_4,s2_top2_feat_4_contrib,s2_top2_feat_5,s2_top2_feat_5_contrib,weather_contribution,wind_info,reason_text
1,07,蒲郡,10,19:36,0.8154684133843431,2,0.5130705848120511,3,0.32413468724783734,0.6827144548836845,0.08458562902474223,0.7526196430351463,0.61341705695094,0.703686011329123,1-2,1-3,0.4183928557508604,0.26432159913282416,0.06897690869592318,0.036284290611909804,0.027492745522471034,True,False,False,False,選抜戦,2026-09-01,1号艇のdominance,0.2594,1号艇のracer_win_te,0.1547,1号艇の全国勝率,0.0866,風速区分,0.0865,1号艇の級別順位,0.0821,2号艇のwin_rate_rank_2to6,0.1999,2号艇のclass_rank_2to6,0.1068,2号艇の節間得点,0.0511,2号艇の全国勝率,0.0491,2号艇のモーター2連率,-0.0403,3号艇のwin_rate_rank_2to6,0.0834,場特性:1x_diff_course3,0.051,3号艇の当地勝率,-0.0496,3号艇のracer_2nd_te,0.047,3号艇の節間得点,0.0469,0.0481,南東 2.8m/s,[逃げ]1号艇のdominanceが有利(+25.9pt)、1号艇のracer_win_teが有利(+15.5pt) / [2着]2号艇のwin_rate_rank_2to6が有利(+20.0pt)、2号艇のclass_rank_2to6が有利(+10.7pt) / [候補2]3号艇のwin_rate_rank_2to6が有利(+8.3pt)、場特性:1x_diff_course3が有利(+5.1pt) / [除外]5号艇のwin_rate_rank_2to6が不利(-5.1pt)、天気+4.8pt
2,07,蒲郡,7,17:58,0.7700443517337516,3,0.6612935675819057,4,0.18012991465002032,0.6479333999088394,0.09904161566632934,0.7423818665655967,0.5709265549834602,0.6762679399058665,1-3,1-4,0.07626643673044195,0.5092253765543084,0.13870802335453092,0.04209859477257783,0.003745928927808766,True,False,False,False,一般戦,2026-09-01,1号艇のdominance,0.1451,1号艇のsession_exh_rel_avg,0.1445,6号艇の枠別出走数,-0.0862,1号艇の節間得点,0.0856,風速区分,0.0765,3号艇のwin_rate_rank_2to6,0.1645,3号艇の当地勝率,0.1479,3号艇のsession_exh_rel_avg,0.1188,場特性:1x_diff_course3,0.0519,3号艇の節間得点,0.0511,4号艇のclass_rank_2to6,0.084,4号艇の節間得点,-0.0657,4号艇のwin_rate_rank_2to6,0.0642,4号艇の年齢,0.0559,2号艇のsession_exh_rel_last,0.0512,0.0379,南東 2.8m/s,[逃げ]1号艇のdominanceが有利(+14.5pt)、1号艇のsession_exh_rel_avgが有利(+14.5pt) / [2着]3号艇のwin_rate_rank_2to6が有利(+16.4pt)、3号艇の当地勝率が有利(+14.8pt) / [候補2]4号艇のclass_rank_2to6が有利(+8.4pt)、4号艇の節間得点が不利(-6.6pt) / [除外]6号艇の全国勝率が不利(-16.1pt)、6号艇の直近平均着順が不利(-12.2pt)、天気+3.8pt
3,21,芦屋,11,13:31,0.8508650447064012,3,0.49288680833662896,2,0.2877286791374496,0.664198431648141,0.12464161920013432,0.6559738682739442,0.5648543100591642,0.6617310626358819,1-3,1-2,0.24481827543759982,0.4193801562105412,0.10605319689300052,0.03354508245758125,0.0470683416319767,True,True,False,False,準優勝戦,2026-09-01,1号艇のdominance,0.2499,1号艇のsession_exh_rel_avg,0.1574,1号艇のvs_max234_frame_diff,0.1505,1号艇のracer_win_te,0.1195,1号艇のモーター2連率,0.0905,3号艇のsession_exh_rel_avg,0.1564,3号艇のwin_rate_rank_2to6,0.1393,6号艇のモーター出走数,0.0795,4号艇のモーター出走数,-0.0675,場特性:1x_diff_course3,0.0523,2号艇のwin_rate_rank_2to6,-0.1236,2号艇のsession_exh_rel_avg,0.1171,3号艇のモーター出走数,0.086,2号艇の節間得点,0.0797,1号艇の一般戦勝率,-0.0625,0.105,南東 2.7m/s,[逃げ]1号艇のdominanceが有利(+25.0pt)、1号艇のsession_exh_rel_avgが有利(+15.7pt) / [2着]3号艇のsession_exh_rel_avgが有利(+15.6pt)、3号艇のwin_rate_rank_2to6が有利(+13.9pt) / [候補2]2号艇のwin_rate_rank_2to6が不利(-12.4pt)、2号艇のsession_exh_rel_avgが有利(+11.7pt) / [除外]6号艇のsession_exh_rel_avgが不利(-5.1pt)、天気+10.5pt
4,05,多摩川,9,15:37,0.7285333992108864,2,0.6321120539625675,3,0.1852872991661824,0.5955027292476679,0.08345106015145094,0.7339482929772989,0.5358683283531075,0.6370363983665572,1-2,1-3,0.4605147433555246,0.1349879858921433,0.056716927275539425,0.060796884519888704,0.015516850025795099,True,False,False,False,一般,2026-09-01,1号艇のdominance,0.1958,1号艇の勝率順位,0.0825,2号艇のsession_exh_rel_avg,-0.0761,風速区分,0.0727,1号艇の級別順位,0.0722,2号艇のsession_exh_rel_avg,0.1673,2号艇のclass_rank_2to6,0.0761,3号艇のracer_2nd_te,0.0616,2号艇のwin_rate_rank_2to6,0.049,2号艇のモーター2連率,-0.0399,3号艇のwin_rate_rank_2to6,-0.0941,4号艇の節間得点,0.0936,3号艇のracer_avgfin_te,-0.0901,3号艇のsession_exh_rel_avg,-0.071,3号艇のsession_rank_diff_last,0.0517,0.0608,東 1.3m/s,[逃げ]1号艇のdominanceが有利(+19.6pt)、1号艇の勝率順位が有利(+8.3pt) / [2着]2号艇のsession_exh_rel_avgが有利(+16.7pt)、2号艇のclass_rank_2to6が有利(+7.6pt) / [候補2]3号艇のwin_rate_rank_2to6が不利(-9.4pt)、4号艇の節間得点が有利(+9.4pt) / [除外]6号艇のwin_rate_rank_2to6が不利(-8.3pt)、6号艇のvs_avg456_diffが不利(-5.6pt)、天気+6.1pt
5,19,下関,10,19:49,0.7727688426222088,3,0.4761276936990123,2,0.3138168483068655,0.610444529461613,0.11999519592549054,0.6699493460803873,0.5225440363643449,0.6282959744472453,1-3,1-2,0.24250788266144574,0.3679366468001673,0.06444791469526354,0.09272854867556651,0.005147857346584966,True,False,False,False,一般特賞,2026-09-01,1号艇のdominance,0.1476,3号艇のracer_win_te,-0.101,1号艇のracer_win_te,0.0945,1号艇の級別順位,0.0833,1号艇の節間得点,0.0766,3号艇のwin_rate_rank_2to6,0.2231,3号艇のsession_exh_rel_avg,0.141,1号艇のsession_rank_diff_last,0.1022,3号艇の全国勝率,0.0656,場特性:1x_diff_course3,0.055,2号艇のモーター2連率,0.0692,2号艇のsession_exh_rel_avg,-0.0578,2号艇の全国勝率,0.0556,2号艇の節間得点,0.041,2号艇のwin_rate_rank_2to6,-0.0403,0.0299,南東 4.2m/s,[逃げ]1号艇のdominanceが有利(+14.8pt)、3号艇のracer_win_teが不利(-10.1pt) / [2着]3号艇のwin_rate_rank_2to6が有利(+22.3pt)、3号艇のsession_exh_rel_avgが有利(+14.1pt) / [候補2]2号艇のモーター2連率が有利(+6.9pt)、2号艇のsession_exh_rel_avgが不利(-5.8pt) / [除外]6号艇のwin_rate_rank_2to6が不利(-7.3pt)、3号艇のracer_win_teが不利(-5.2pt)、天気+3.0pt
6,07,蒲郡,3,16:11,0.6962344648987192,2,0.4310579068363474,3,0.4306742697000049,0.5999676408167959,0.10839297882691787,0.7533391977094345,0.5219289050713268,0.6459791078845875,1-2,1-3,0.30011737110656633,0.2998502697102296,0.07546692761233736,0.01883087592109966,0.001969020143224479,True,False,False,False,一般戦,2026-09-01,2号艇のモーター2連率,-0.1181,1号艇のdominance,0.0866,1号艇の節間得点,0.0865,風速区分,0.0613,3号艇のsession_exh_rel_last,-0.0495,2号艇のモーター2連率,0.174,2号艇のwin_rate_rank_2to6,0.0843,2号艇の節間得点,-0.0785,2号艇のclass_rank_2to6,-0.0529,3号艇の当地2連率,0.0373,3号艇のwin_rate_rank_2to6,0.2114,3号艇のsession_exh_rel_avg,0.067,3号艇の当地勝率,-0.0564,3号艇のsession_exh_rel_last,0.054,3号艇のclass_rank_2to6,0.0495,0.0357,南東 2.8m/s,[逃げ]2号艇のモーター2連率が不利(-11.8pt)、1号艇のdominanceが有利(+8.7pt) / [2着]2号艇のモーター2連率が有利(+17.4pt)、2号艇のwin_rate_rank_2to6が有利(+8.4pt) / [候補2]3号艇のwin_rate_rank_2to6が有利(+21.1pt)、3号艇のsession_exh_rel_avgが有利(+6.7pt) / [除外]6号艇のsession_exh_rel_avgが不利(-9.9pt)、6号艇のwin_rate_rank_2to6が不利(-9.1pt)、天気+3.6pt
7,24,大村,8,20:59,0.7056129294960585,2,0.6682470532780311,3,0.14713557816129108,0.5753445272301051,0.08120988909515536,0.7341727423441669,0.5192761289326714,0.6229929917643235,1-2,1-3,0.4715237608906202,0.10382076633948488,0.05730274774848259,0.039933174277592624,0.03303247235403919,False,False,False,False,予選,2026-09-01,場特性:in_escape_diff,0.132,1号艇のdominance,0.1196,1号艇の級別順位,0.0602,4号艇のモーター2連率,-0.0588,1号艇のlocal_win_rate順位,0.0522,2号艇のwin_rate_rank_2to6,0.2352,2号艇のclass_rank_2to6,0.1354,2号艇の全国勝率,0.0607,3号艇の全国勝率,-0.0491,2号艇のモーター2連率,-0.0349,3号艇のwin_rate_rank_2to6,-0.1023,3号艇のracer_avgfin_te,-0.0812,3号艇の当地勝率,-0.0655,3号艇のracer_win_te,-0.0458,3号艇のcumulative_diff_rank_2to6,0.0398,0.0769,北西 2.9m/s,[逃げ]場特性:in_escape_diffが有利(+13.2pt)、1号艇のdominanceが有利(+12.0pt) / [2着]2号艇のwin_rate_rank_2to6が有利(+23.5pt)、2号艇のclass_rank_2to6が有利(+13.5pt) / [候補2]3号艇のwin_rate_rank_2to6が不利(-10.2pt)、3号艇のracer_avgfin_teが不利(-8.1pt) / [除外]5号艇のracer_avgfin_teが不利(-5.1pt)、天気+7.7pt
8,19,下関,12,20:45,0.7652195759442831,2,0.45047947680648576,3,0.32149910577823015,0.590733123603545,0.10732146207101101,0.6646571205137048,0.5146551125808557,0.612910322676593,1-2,1-3,0.3447157142134616,0.2460174093900835,0.08212448369569951,0.06542404313847448,0.026937926931896606,False,False,False,False,一般シーボー,2026-09-01,1号艇のdominance,0.1329,1号艇のracer_win_te,0.1003,race_no,0.0983,場特性:in_escape_diff,0.0932,1号艇の級別順位,0.0772,2号艇のwin_rate_rank_2to6,0.1567,2号艇の全国勝率,0.0463,1号艇のframe_dominance,0.0359,3号艇の枠別出走数,-0.0324,2号艇の節間得点,0.0319,1号艇のsession_rank_diff_last,0.0832,3号艇のsession_exh_rel_avg,0.0789,場特性:1x_diff_course3,0.0673,3号艇のwin_rate_rank_2to6,0.0539,2号艇の女子戦2連率,0.053,0.0106,南東 4.1m/s,[逃げ]1号艇のdominanceが有利(+13.3pt)、1号艇のracer_win_teが有利(+10.0pt) / [2着]2号艇のwin_rate_rank_2to6が有利(+15.7pt)、2号艇の全国勝率が有利(+4.6pt) / [候補2]1号艇のsession_rank_diff_lastが有利(+8.3pt)、3号艇のsession_exh_rel_avgが有利(+7.9pt) / [除外]5号艇のsession_exh_rel_avgが不利(-5.1pt)、天気+1.1pt
9,18,徳山,4,10:02,0.706805939785959,2,0.7029244159958149,4,0.12125421222390913,0.5825343498703445,0.11677945693041593,0.7073991712893081,0.5009006958449383,0.6199937962960336,1-2,1-4,0.4968311524464183,0.027766109696924612,0.08570319742392621,0.08254041380339655,0.013965068390086289,False,False,True,False,ガチトク予選,2026-09-01,場特性:in_escape_diff,0.1949,1号艇のdominance,0.1318,1号艇のsession_exh_rel_avg,-0.096,2号艇のsession_exh_rel_avg,-0.0847,1号艇の節間得点,0.0772,2号艇のwin_rate_rank_2to6,0.2233,2号艇のsession_exh_rel_avg,0.1518,2号艇のclass_rank_2to6,0.1118,2号艇の当地勝率,0.1019,3号艇のracer_2nd_te,0.0875,4号艇のsession_exh_rel_avg,0.0942,4号艇のwin_rate_rank_2to6,-0.0898,4号艇のclass_rank_2to6,-0.0807,4号艇の年齢,-0.0695,4号艇の節間得点,-0.0576,0.0664,南 2.8m/s,[逃げ]場特性:in_escape_diffが有利(+19.5pt)、1号艇のdominanceが有利(+13.2pt) / [2着]2号艇のwin_rate_rank_2to6が有利(+22.3pt)、2号艇のsession_exh_rel_avgが有利(+15.2pt) / [候補2]4号艇のsession_exh_rel_avgが有利(+9.4pt)、4号艇のwin_rate_rank_2to6が不利(-9.0pt) / [除外]6号艇のwin_rate_rank_2to6が不利(-7.1pt)、6号艇のsession_exh_rel_avgが不利(-6.8pt)、天気+6.6pt
10,08,常滑,1,10:32,0.7643023173623739,3,0.3936958418831627,2,0.37107113912779566,0.5845131758289019,0.12331114157648579,0.6414558394344725,0.4980207914553511,0.601595974910573,1-3,1-2,0.28361053154167004,0.30090264428723196,0.09424699126350786,0.05993600557738283,0.025606148963453198,False,False,True,False,朝トコ小判Ｒ,2026-09-01,1号艇のdominance,0.3253,1号艇のvs_max234_diff,0.1068,1号艇の勝率順位,0.0983,1号艇のlocal_win_rate順位,0.0771,1号艇の級別順位,0.077,3号艇のwin_rate_rank_2to6,0.1898,3号艇のracer_2nd_te,-0.0407,2号艇の直近1着率,0.0406,3号艇の枠別平均ST,-0.0402,3号艇のモーター2連率,0.0392,2号艇の全国勝率,-0.0753,2号艇のwin_rate_rank_2to6,0.0666,2号艇のclass_rank_2to6,-0.0478,second_best_win_rate,0.0393,1号艇の体重,-0.037,-0.0769,南東 4.7m/s,[逃げ]1号艇のdominanceが有利(+32.5pt)、1号艇のvs_max234_diffが有利(+10.7pt) / [2着]3号艇のwin_rate_rank_2to6が有利(+19.0pt)、3号艇のracer_2nd_teが不利(-4.1pt) / [候補2]2号艇の全国勝率が不利(-7.5pt)、2号艇のwin_rate_rank_2to6が有利(+6.7pt) / [除外]勝率のレンジ(2-6号艇)が不利(-6.9pt)、5号艇のsession_exh_rel_avgが不利(-5.2pt)、天気-7.7pt
11,24,大村,12,22:41,0.8193043914712659,3,0.3903857572338957,2,0.32752320260079243,0.5881859634691287,0.14574963397643947,0.5721593258582487,0.48531249680628274,0.5833779721858646,1-3,1-2,0.26834119819956237,0.31984476526956623,0.11941331517222648,0.08099602116881137,0.030709071822145863,False,False,False,False,龍神選抜,2026-09-01,1号艇のracer_win_te,0.2316,場特性:in_escape_diff,0.1666,1号艇のdominance,0.1634,race_no,0.1191,1号艇の全国勝率,0.1093,3号艇のwin_rate_rank_2to6,0.2005,3号艇の当地勝率,0.0915,3号艇の平均ST,0.0747,3号艇のracer_win_te,0.0661,3号艇の全国2連率,-0.0547,2号艇のwin_rate_rank_2to6,-0.1344,2号艇の当地勝率,0.0877,2号艇のclass_rank_2to6,-0.0583,2号艇の全国勝率,0.058,2号艇のモーター2連率,-0.0432,0.096,南東 2.8m/s,[逃げ]1号艇のracer_win_teが有利(+23.2pt)、場特性:in_escape_diffが有利(+16.7pt) / [2着]3号艇のwin_rate_rank_2to6が有利(+20.0pt)、3号艇の当地勝率が有利(+9.2pt) / [候補2]2号艇のwin_rate_rank_2to6が不利(-13.4pt)、2号艇の当地勝率が有利(+8.8pt) / [除外]6号艇のwin_rate_rank_2to6が不利(-7.2pt)、3号艇のracer_avgfin_teが不利(-5.7pt)、天気+9.6pt
12,21,芦屋,3,09:24,0.7070633802636914,3,0.47218532837252714,2,0.31641883567001095,0.5575931259179396,0.10941595031088058,0.6791882137316575,0.4843816278069886,0.5940716522620549,1-3,1-2,0.22372817152793945,0.33386495439000013,0.07736401168157532,0.059115795206070194,0.012990461286692092,False,False,True,False,サンライズＸ,2026-09-01,1号艇のsession_exh_rel_avg,0.1466,1号艇のracer_win_te,0.1192,6号艇の枠別出走数,-0.1069,1号艇のdominance,0.0796,1号艇の節間得点,0.0778,3号艇のwin_rate_rank_2to6,0.1644,3号艇の当地勝率,0.1206,3号艇のsession_exh_rel_avg,0.1099,6号艇のモーター出走数,0.0814,4号艇のモーター出走数,-0.0694,3号艇のモーター出走数,0.1258,2号艇のsession_exh_rel_avg,-0.0904,2号艇の直近平均着順,-0.0449,2号艇のwin_rate_rank_2to6,-0.0448,1号艇vs6号艇のplace_rate差,0.0325,-0.001,東 2.7m/s,[逃げ]1号艇のsession_exh_rel_avgが有利(+14.7pt)、1号艇のracer_win_teが有利(+11.9pt) / [2着]3号艇のwin_rate_rank_2to6が有利(+16.4pt)、3号艇の当地勝率が有利(+12.1pt) / [候補2]3号艇のモーター出走数が有利(+12.6pt)、2号艇のsession_exh_rel_avgが不利(-9.0pt) / [除外]6号艇の直近平均着順が不利(-18.1pt)、6号艇のwin_rate_rank_2to6が不利(-12.8pt)、天気影響ほぼなし
13,19,下関,11,20:18,0.7144786884411627,2,0.45838493928727686,3,0.3571965056917027,0.5827155611255296,0.14518294479300947,0.67039850018597,0.4811951277564312,0.6090204428436616,1-2,1-3,0.32750627022315554,0.25520929090237404,0.10373011997973514,0.013777289096971951,0.014255696613096589,False,False,False,False,一般特選,2026-09-01,1号艇のsession_exh_rel_avg,0.1554,1号艇のdominance,0.1114,1号艇のモーター2連率,0.1058,1号艇のracer_win_te,0.1023,1号艇の枠別出走数,-0.1012,2号艇のwin_rate_rank_2to6,0.1748,2号艇のclass_rank_2to6,0.0719,2号艇のsession_exh_rel_avg,-0.06,2号艇のracer_avgfin_te,0.0501,2号艇の全国勝率,0.0485,3号艇のsession_exh_rel_avg,-0.1488,3号艇の当地勝率,0.143,3号艇の節間得点,0.1136,local_win_rateの分散(2-6号艇),0.071,3号艇のwin_rate_rank_2to6,0.0696,-0.0688,南東 4.2m/s,[逃げ]1号艇のsession_exh_rel_avgが有利(+15.5pt)、1号艇のdominanceが有利(+11.1pt) / [2着]2号艇のwin_rate_rank_2to6が有利(+17.5pt)、2号艇のclass_rank_2to6が有利(+7.2pt) / [候補2]3号艇のsession_exh_rel_avgが不利(-14.9pt)、3号艇の当地勝率が有利(+14.3pt) / [除外]6号艇のwin_rate_rank_2to6が不利(-7.8pt)、5号艇のsession_exh_rel_avgが不利(-5.0pt)、天気-6.9pt
14,18,徳山,3,09:36,0.8520637129810185,3,0.5066371766029676,5,0.15811400176649015,0.5664103572499875,0.1446830547416736,0.5200681236277842,0.46807038038088644,0.5525076871633264,1-3,1-5,0.12327918082862635,0.4316871538305445,0.10906870510075403,0.1347232034194429,0.053305457104911885,False,False,True,False,決めトク特賞,2026-09-01,1号艇のdominance,0.2389,場特性:in_escape_diff,0.1905,1号艇のracer_win_te,0.1765,4号艇のrecent_race_count,0.1098,1号艇vs4号艇の枠別平均ST差,-0.1081,3号艇のwin_rate_rank_2to6,0.0888,2号艇のsession_rank_diff_last,0.0566,3号艇の当地勝率,-0.0463,local_win_rateの分散(2-6号艇),-0.0376,3号艇のcumulative_diff_rank_2to6,0.0375,5号艇のwin_rate_rank_2to6,0.2082,5号艇のclass_rank_2to6,0.0848,5号艇のcumulative_diff_rank_2to6,-0.0785,5号艇のsession_exh_rel_avg,-0.0781,2号艇のsession_avg_finish,0.077,0.0166,南 2.6m/s,[逃げ]1号艇のdominanceが有利(+23.9pt)、場特性:in_escape_diffが有利(+19.0pt) / [2着]3号艇のwin_rate_rank_2to6が有利(+8.9pt)、2号艇のsession_rank_diff_lastが有利(+5.7pt) / [候補2]5号艇のwin_rate_rank_2to6が有利(+20.8pt)、5号艇のclass_rank_2to6が有利(+8.5pt) / [除外]2号艇のwin_rate_rank_2to6が不利(-5.6pt)、天気+1.7pt
15,13,尼崎,10,15:15,0.6868892384418838,2,0.39718752559228077,3,0.3862252731050969,0.5381178206828665,0.11128690898691007,0.6721258897104676,0.46625525796138423,0.5783202413911468,1-2,1-3,0.27282383697269796,0.2652939837101686,0.07644178016256989,0.055254033613058334,0.01707560014509618,True,False,False,False,予選特賞,2026-09-01,1号艇の年齢,-0.1841,1号艇のdominance,0.1148,風速区分,0.0724,1号艇のlocal_win_rate順位,0.0641,1号艇の級別順位,0.0639,2号艇のwin_rate_rank_2to6,0.0763,2号艇のclass_rank_2to6,-0.0562,2号艇のモーター2連率,0.032,2号艇の全国勝率,0.0277,1号艇vs2号艇の枠別勝率差,0.0243,3号艇のwin_rate_rank_2to6,0.1574,3号艇のclass_rank_2to6,0.0388,2号艇の直近1着率,0.034,場特性:1x_diff_course3,-0.0292,3号艇の全国勝率,0.0271,0.1024,西 1.6m/s,[逃げ]1号艇の年齢が不利(-18.4pt)、1号艇のdominanceが有利(+11.5pt) / [2着]2号艇のwin_rate_rank_2to6が有利(+7.6pt)、2号艇のclass_rank_2to6が不利(-5.6pt) / [候補2]3号艇のwin_rate_rank_2to6が有利(+15.7pt)、3号艇のclass_rank_2to6が有利(+3.9pt) / [除外]6号艇のwin_rate_rank_2to6が不利(-6.4pt)、4号艇のwin_rate_rank_2to6が不利(-5.3pt)、天気+10.2pt
16,12,住之江,7,17:52,0.6587469675191635,3,0.6245032452529475,2,0.18279546317361373,0.5318055760581346,0.10500599344043585,0.7022927149861254,0.46479424866075736,0.5829517177365318,1-3,1-2,0.12041595704187898,0.41138961901625565,0.06917237975022429,0.0446885242173397,0.013080478904381968,True,False,False,False,予選,2026-09-01,1号艇の年齢,-0.106,1号艇のモーター2連率,0.0755,風速区分,0.0722,1号艇のモーター2連率順位,0.0642,場特性:in_escape_diff,0.0507,3号艇のwin_rate_rank_2to6,0.2334,win_rate_gap_top2_2to6,0.0833,2号艇のvs_boat3_diff,0.0667,3号艇の全国勝率,0.0477,3号艇のclass_rank_2to6,0.0461,4号艇の女子戦比率,0.0931,2号艇の全国勝率,-0.0754,2号艇のwin_rate_rank_2to6,-0.0671,2号艇のclass_rank_2to6,-0.0481,4号艇のモーター出走数,-0.0436,0.0295,西 2.0m/s,[逃げ]1号艇の年齢が不利(-10.6pt)、1号艇のモーター2連率が有利(+7.5pt) / [2着]3号艇のwin_rate_rank_2to6が有利(+23.3pt)、win_rate_gap_top2_2to6が有利(+8.3pt) / [候補2]4号艇の女子戦比率が有利(+9.3pt)、2号艇の全国勝率が不利(-7.5pt) / [除外]6号艇のwin_rate_rank_2to6が不利(-8.2pt)、天気+2.9pt
17,08,常滑,12,16:14,0.7689966563273607,2,0.573312841931761,3,0.14717702276814554,0.5540542968719806,0.135805478801319,0.5846843858985875,0.46376196598962766,0.5632433235799627,1-2,1-3,0.4408756584750609,0.11317863839691976,0.10443395910915057,0.08687166932625622,0.023636718128662214,True,False,False,False,予選特選,2026-09-01,1号艇のsession_exh_rel_avg,0.1509,風速区分,-0.1412,1号艇のracer_win_te,0.1387,4号艇のsession_exh_rel_avg,-0.1012,race_no,0.0927,2号艇のwin_rate_rank_2to6,0.1803,2号艇のclass_rank_2to6,0.0816,2号艇のsession_exh_rel_avg,0.0796,2号艇の全国勝率,0.0603,2号艇のracer_avgfin_te,0.0571,3号艇のwin_rate_rank_2to6,-0.098,3号艇のcumulative_diff_rank_2to6,-0.0677,3号艇のsession_exh_rel_avg,-0.0549,second_best_win_rate,-0.0368,1号艇のracer_win_te,-0.0342,-0.1248,南東 6.1m/s,[逃げ]1号艇のsession_exh_rel_avgが有利(+15.1pt)、風速区分が不利(-14.1pt) / [2着]2号艇のwin_rate_rank_2to6が有利(+18.0pt)、2号艇のclass_rank_2to6が有利(+8.2pt) / [候補2]3号艇のwin_rate_rank_2to6が不利(-9.8pt)、3号艇のcumulative_diff_rank_2to6が不利(-6.8pt) / [除外]6号艇のwin_rate_rank_2to6が不利(-7.0pt)、4号艇のwin_rate_rank_2to6が不利(-5.2pt)、天気-12.5pt
18,24,大村,7,20:25,0.8073509495491226,2,0.35352211332406697,3,0.33593193327799914,0.5566313791946631,0.14125616412002262,0.5481978824820435,0.462278243050012,0.5541013301808773,1-2,1-3,0.28541641387879796,0.2712149653158651,0.11404329823196696,0.11288758923174477,0.023788702440255983,False,False,False,False,予選,2026-09-01,1号艇のdominance,0.3593,場特性:in_escape_diff,0.1468,1号艇のvs_max234_diff,0.1035,1号艇の勝率順位,0.086,1号艇の級別順位,0.0649,second_best_win_rate,0.0656,2号艇の全国勝率,-0.0605,2号艇のclass_rank_2to6,-0.0489,2号艇のwin_rate_rank_2to6,-0.048,2号艇の当地勝率,-0.0409,3号艇の当地勝率,-0.0682,3号艇のwin_rate_rank_2to6,0.0677,3号艇の全国勝率,-0.0507,3号艇のモーター2連率,0.0447,1号艇vs4号艇のlocal_win_rate差,0.0438,0.0638,北西 3.8m/s,[逃げ]1号艇のdominanceが有利(+35.9pt)、場特性:in_escape_diffが有利(+14.7pt) / [2着]second_best_win_rateが有利(+6.6pt)、2号艇の全国勝率が不利(-6.1pt) / [候補2]3号艇の当地勝率が不利(-6.8pt)、3号艇のwin_rate_rank_2to6が有利(+6.8pt) / [除外]6号艇のwin_rate_rank_2to6が不利(-8.1pt)、6号艇のvs_avg456_diffが不利(-5.8pt)、天気+6.4pt
19,16,児島,7,14:23,0.836244796443174,3,0.5044873928498135,6,0.14841753425424764,0.5459883478628809,0.13121202314732483,0.5216929039567363,0.4600200649773361,0.5386997146910375,1-3,1-6,0.10972537158773168,0.4218749571418398,0.0825074326415691,0.09802363188997379,0.12411339072104112,True,True,False,False,予選,2026-09-01,1号艇のdominance,0.2616,1号艇のracer_win_te,0.1834,1号艇のsession_exh_rel_avg,0.1543,1号艇の勝率順位,0.0899,1号艇のvs_max234_diff,0.0888,3号艇のsession_exh_rel_avg,0.0938,3号艇のwin_rate_rank_2to6,0.062,2号艇のvs_boat3_diff,0.0404,場特性:1x_diff_course3,-0.04,4号艇の年齢,-0.0389,6号艇のwin_rate_rank_2to6,0.313,6号艇のclass_rank_2to6,0.1862,1号艇vs2号艇のplace_rate差,0.1341,場×風向,0.0921,6号艇の全国勝率,0.0809,0.0276,北東 3.5m/s,[逃げ]1号艇のdominanceが有利(+26.2pt)、1号艇のracer_win_teが有利(+18.3pt) / [2着]3号艇のsession_exh_rel_avgが有利(+9.4pt)、3号艇のwin_rate_rank_2to6が有利(+6.2pt) / [候補2]6号艇のwin_rate_rank_2to6が有利(+31.3pt)、6号艇のclass_rank_2to6が有利(+18.6pt) / [除外]2号艇のwin_rate_rank_2to6が不利(-6.8pt)、天気+2.8pt
20,16,児島,11,16:40,0.8215334397917506,2,0.48265302127410703,3,0.20188110009064902,0.5623676713796117,0.15176498655118031,0.5327691348135757,0.45995040487911726,0.5534881104098008,1-2,1-3,0.39651559679319814,0.1658520745864136,0.12468001144133994,0.1045900358978079,0.029895742496144895,True,False,False,False,予選特選,2026-09-01,1号艇のdominance,0.1639,1号艇のsession_exh_rel_avg,-0.1626,1号艇のracer_win_te,0.1081,1号艇の勝率順位,0.0966,1号艇の級別順位,0.0842,2号艇のclass_rank_2to6,0.0956,2号艇のwin_rate_rank_2to6,0.0705,2号艇の全国勝率,0.0536,2号艇のsession_exh_rel_avg,0.0461,2号艇のcumulative_diff_rank_2to6,-0.0343,3号艇のsession_exh_rel_avg,-0.1385,3号艇のwin_rate_rank_2to6,-0.0624,3号艇の節間得点,-0.0607,3号艇のcumulative_diff_rank_2to6,-0.0595,全艇平均勝率,-0.0445,0.1405,北 0.7m/s,[逃げ]1号艇のdominanceが有利(+16.4pt)、1号艇のsession_exh_rel_avgが不利(-16.3pt) / [2着]2号艇のclass_rank_2to6が有利(+9.6pt)、2号艇のwin_rate_rank_2to6が有利(+7.0pt) / [候補2]3号艇のsession_exh_rel_avgが不利(-13.9pt)、3号艇のwin_rate_rank_2to6が不利(-6.2pt) / [除外]1号艇のsession_exh_rel_deltaが不利(-7.9pt)、6号艇のwin_rate_rank_2to6が不利(-6.1pt)、天気+14.0pt
21,21,芦屋,12,14:10,0.79965344490262,3,0.4696044059819041,2,0.2883100789982983,0.6060689288560139,0.20258241324837756,0.5553320717318249,0.45873424141300123,0.5908478717187572,1-3,1-2,0.23054814787113576,0.3755207809848782,0.1619957246307513,0.019276188172365705,0.012312614414518678,True,True,False,False,準優勝戦,2026-09-01,1号艇のracer_win_te,0.1579,1号艇のdominance,0.1024,1号艇の節間得点,0.1,race_no,0.0988,1号艇の級別順位,0.0874,3号艇のwin_rate_rank_2to6,0.1648,3号艇の当地勝率,0.0956,6号艇のモーター出走数,0.0813,1号艇のsession_rank_diff_last,0.0655,1号艇のracer_2nd_te,0.0587,1号艇vs6号艇の枠別平均ST差,0.0683,3号艇のモーター出走数,0.0549,2号艇のsession_exh_rel_avg,0.0509,2号艇の全国勝率,0.0495,2号艇のsession_rank_diff_delta,-0.0402,0.1346,南東 2.8m/s,[逃げ]1号艇のracer_win_teが有利(+15.8pt)、1号艇のdominanceが有利(+10.2pt) / [2着]3号艇のwin_rate_rank_2to6が有利(+16.5pt)、3号艇の当地勝率が有利(+9.6pt) / [候補2]1号艇vs6号艇の枠別平均ST差が有利(+6.8pt)、3号艇のモーター出走数が有利(+5.5pt) / [除外]6号艇のwin_rate_rank_2to6が不利(-8.3pt)、天気+13.5pt
22,19,下関,8,18:46,0.5922031993163047,2,0.61298752415031,3,0.22973869648292547,0.4990651640067401,0.07142938284235198,0.7712968377908834,0.4562876640109978,0.580734666141983,1-2,1-3,0.36301317294279417,0.13605199106394594,0.04230070904443001,0.026764509716554516,0.024072817651644433,True,False,False,False,予選,2026-09-01,場特性:in_escape_diff,0.0905,4号艇のモーター2連率,-0.084,1号艇の節間得点,0.0708,1号艇の勝率順位,-0.066,1号艇の年齢,0.0529,2号艇のwin_rate_rank_2to6,0.2241,2号艇のclass_rank_2to6,0.0919,ST差分(3-2),-0.0557,2号艇のsession_exh_rel_avg,0.0533,5号艇のracer_2nd_te,-0.0489,3号艇のwin_rate_rank_2to6,-0.0862,3号艇のsession_exh_rel_avg,0.0847,3号艇の当地勝率,-0.0544,3号艇の全国勝率,0.0522,3号艇のcumulative_diff_rank_2to6,-0.0498,0.068,東 3.6m/s,[逃げ]場特性:in_escape_diffが有利(+9.1pt)、4号艇のモーター2連率が不利(-8.4pt) / [2着]2号艇のwin_rate_rank_2to6が有利(+22.4pt)、2号艇のclass_rank_2to6が有利(+9.2pt) / [候補2]3号艇のwin_rate_rank_2to6が不利(-8.6pt)、3号艇のsession_exh_rel_avgが有利(+8.5pt) / [除外]5号艇の直近平均着順が不利(-16.5pt)、4号艇のracer_avgfin_teが不利(-5.0pt)、天気+6.8pt
23,07,蒲郡,4,16:38,0.773265782092406,4,0.5006677846939567,2,0.23599487483885068,0.5696360275619081,0.17470255820089084,0.5619601013319165,0.45021578205175794,0.5673332496929107,1-4,1-2,0.18248676146206336,0.13509151030075595,0.3871492660998448,0.06328324613215612,0.005254977212949344,True,False,False,False,一般戦,2026-09-01,1号艇のdominance,0.1525,ST差分(4-3),-0.0929,1号艇のモーター2連率,0.0816,1号艇の勝率順位,0.0699,1号艇の級別順位,0.0654,4号艇のwin_rate_rank_2to6,0.1735,4号艇のclass_rank_2to6,0.1057,4号艇の節間得点,0.0884,4号艇のcumulative_diff_rank_2to6,0.074,4号艇のsession_exh_rel_avg,0.0739,2号艇のwin_rate_rank_2to6,-0.1451,6号艇のsession_rank_diff_last,-0.0664,2号艇の全国勝率,-0.0614,2号艇のsession_exh_rel_avg,0.0579,2号艇のclass_rank_2to6,-0.05,-0.0127,南東 2.8m/s,[逃げ]1号艇のdominanceが有利(+15.3pt)、ST差分(4-3)が不利(-9.3pt) / [2着]4号艇のwin_rate_rank_2to6が有利(+17.3pt)、4号艇のclass_rank_2to6が有利(+10.6pt) / [候補2]2号艇のwin_rate_rank_2to6が不利(-14.5pt)、6号艇のsession_rank_diff_lastが不利(-6.6pt) / [除外]6号艇の節間得点が不利(-12.5pt)、1号艇vs6号艇のcumulative差が不利(-7.7pt)、天気-1.3pt
24,07,蒲郡,11,20:06,0.7689833258573868,2,0.4476424377688344,3,0.28005160958281927,0.5595845887390973,0.1660856014166315,0.5616084459350221,0.4480578571820437,0.5601917458978747,1-2,1-3,0.34422957059038656,0.21535501814871078,0.1277170581543856,0.05890293711525671,0.02277873325458884,False,False,False,False,選抜戦,2026-09-01,1号艇のsession_exh_rel_avg,0.1683,1号艇のracer_win_te,0.1222,1号艇の節間得点,0.1061,1号艇のdominance,0.092,1号艇vs4号艇のcumulative差,0.0854,2号艇のwin_rate_rank_2to6,0.1636,2号艇のsession_exh_rel_avg,0.0855,2号艇のclass_rank_2to6,0.0773,2号艇の全国勝率,0.0424,4号艇の一般戦勝率,-0.0342,3号艇のsession_exh_rel_avg,0.1019,3号艇のwin_rate_rank_2to6,-0.0944,3号艇のモーター2連率,0.0731,3号艇のcumulative_diff_rank_2to6,0.0557,3号艇の全国2連率,0.033,0.0683,南東 2.8m/s,[逃げ]1号艇のsession_exh_rel_avgが有利(+16.8pt)、1号艇のracer_win_teが有利(+12.2pt) / [2着]2号艇のwin_rate_rank_2to6が有利(+16.4pt)、2号艇のsession_exh_rel_avgが有利(+8.5pt) / [候補2]3号艇のsession_exh_rel_avgが有利(+10.2pt)、3号艇のwin_rate_rank_2to6が不利(-9.4pt)、天気+6.8pt
25,16,児島,1,11:20,0.8801337093284396,4,0.34895708924086555,3,0.27161282802626363,0.5461845031819613,0.159239323239252,0.4613305940278772,0.44181564240140625,0.5207283304357361,1-4,1-3,0.10297206009460103,0.23905560583194296,0.3071288973500183,0.14015189623351326,0.09082527276963898,True,True,False,False,朝得ガァ～コ,2026-09-01,1号艇のdominance,0.2795,1号艇のracer_win_te,0.1683,1号艇のvs_max234_diff,0.1423,1号艇のsession_exh_rel_avg,0.0998,1号艇のlocal_win_rate順位,0.0764,4号艇のwin_rate_rank_2to6,0.1162,4号艇のclass_rank_2to6,-0.092,2号艇の体重,0.0645,2号艇のsession_exh_rel_delta,0.0592,4号艇のcumulative_diff_rank_2to6,0.0512,3号艇のwin_rate_rank_2to6,-0.1043,3号艇のcumulative_diff_rank_2to6,-0.0731,3号艇の全国勝率,-0.0438,場特性:1x_diff_course3,-0.0405,2号艇の節間得点,0.0349,0.0515,東 2.5m/s,[逃げ]1号艇のdominanceが有利(+27.9pt)、1号艇のracer_win_teが有利(+16.8pt) / [2着]4号艇のwin_rate_rank_2to6が有利(+11.6pt)、4号艇のclass_rank_2to6が不利(-9.2pt) / [候補2]3号艇のwin_rate_rank_2to6が不利(-10.4pt)、3号艇のcumulative_diff_rank_2to6が不利(-7.3pt) / [除外]2号艇のwin_rate_rank_2to6が不利(-6.7pt)、天気+5.1pt
26,21,芦屋,1,08:32,0.8434753218691678,4,0.451597247951686,2,0.1861030222911632,0.5378844406991425,0.15157205025277892,0.4861282199900702,0.44005054372813657,0.5223575744864208,1-4,1-2,0.1569733066278638,0.12784728387333238,0.38091113407127875,0.0944291383201283,0.08331445269218374,False,False,True,False,サンライズＶ,2026-09-01,1号艇のdominance,0.2282,風速区分,0.089,6号艇のモーター出走数,-0.0824,1号艇のモーター2連率順位,0.0781,1号艇のvs_max234_diff,0.0772,4号艇のwin_rate_rank_2to6,0.2322,4号艇の節間得点,-0.0694,4号艇のclass_rank_2to6,-0.0646,3号艇の年齢,0.0637,1号艇のモーター出走数,0.0588,2号艇のwin_rate_rank_2to6,-0.1525,2号艇の全国勝率,-0.0881,2号艇の節間得点,-0.0876,3号艇の全国勝率,-0.0643,2号艇のsession_exh_rel_avg,-0.0572,0.0384,東 0.5m/s,[逃げ]1号艇のdominanceが有利(+22.8pt)、風速区分が有利(+8.9pt) / [2着]4号艇のwin_rate_rank_2to6が有利(+23.2pt)、4号艇の節間得点が不利(-6.9pt) / [候補2]2号艇のwin_rate_rank_2to6が不利(-15.2pt)、2号艇の全国勝率が不利(-8.8pt) / [除外]5号艇のracer_avgfin_teが不利(-6.2pt)、天気+3.8pt
27,13,尼崎,6,12:55,0.7546401612830909,4,0.3975887085952662,3,0.313121185151752,0.5363302288427382,0.15570890998134035,0.5550009837656779,0.4361165544549635,0.5419314553196201,1-4,1-3,0.11750419694153295,0.2362938216640707,0.3000364071786675,0.0760816755638228,0.024724042364661473,True,True,False,False,昼どきピンク,2026-09-01,1号艇のdominance,0.2263,1号艇の勝率順位,0.0784,ST差分(4-3),-0.0698,1号艇のvs_max234_diff,0.0678,1号艇の級別順位,0.0675,4号艇のwin_rate_rank_2to6,0.2127,4号艇のclass_rank_2to6,0.1788,5号艇の年齢,0.0815,4号艇のcumulative_diff_rank_2to6,0.0712,4号艇の年齢,-0.0497,3号艇のwin_rate_rank_2to6,-0.0979,3号艇のcumulative_diff_rank_2to6,0.0457,1号艇のracer_2nd_te,0.039,3号艇の全国勝率,0.0328,場特性:1x_diff_course3,-0.0301,0.0288,南西 3.4m/s,[逃げ]1号艇のdominanceが有利(+22.6pt)、1号艇の勝率順位が有利(+7.8pt) / [2着]4号艇のwin_rate_rank_2to6が有利(+21.3pt)、4号艇のclass_rank_2to6が有利(+17.9pt) / [候補2]3号艇のwin_rate_rank_2to6が不利(-9.8pt)、3号艇のcumulative_diff_rank_2to6が有利(+4.6pt) / [除外]4号艇の女子戦2連率が不利(-17.6pt)、2号艇のwin_rate_rank_2to6が不利(-5.4pt)、天気+2.9pt
28,08,常滑,5,12:35,0.5987221023500466,2,0.6320943937917975,5,0.18264888155814962,0.4878048066930833,0.10001767486295612,0.7147256004869911,0.42925788363018413,0.5558810448312557,1-2,1-5,0.3784488843347033,0.0598827925661125,0.04756820723430339,0.10935592235838,0.0034662997597712775,True,True,False,False,三Ａ傑戦,2026-09-01,1号艇のdominance,0.1586,1号艇vs2号艇のcumulative差,-0.1062,場特性:in_escape_diff,0.0914,1号艇の勝率順位,0.0903,1号艇vs5号艇のcumulative差,-0.0765,2号艇のsession_exh_rel_avg,0.1161,2号艇のclass_rank_2to6,0.0804,2号艇の節間得点,0.0798,2号艇のwin_rate_rank_2to6,0.0711,2号艇の全国勝率,0.0522,5号艇のwin_rate_rank_2to6,0.2154,5号艇のclass_rank_2to6,0.152,6号艇のracer_win_te,-0.1253,5号艇の節間得点,0.1117,5号艇のモーター2連率,0.1046,-0.1128,南東 6.0m/s,[逃げ]1号艇のdominanceが有利(+15.9pt)、1号艇vs2号艇のcumulative差が不利(-10.6pt) / [2着]2号艇のsession_exh_rel_avgが有利(+11.6pt)、2号艇のclass_rank_2to6が有利(+8.0pt) / [候補2]5号艇のwin_rate_rank_2to6が有利(+21.5pt)、5号艇のclass_rank_2to6が有利(+15.2pt) / [除外]6号艇のracer_win_teが不利(-9.4pt)、6号艇のwin_rate_rank_2to6が不利(-8.2pt)、天気-11.3pt
29,05,多摩川,11,16:41,0.8545242433993667,2,0.41607090608565644,3,0.2622536952449248,0.5796448167311921,0.21915067430293506,0.4591739270276462,0.4272093537997817,0.5435035498201283,1-2,1-3,0.3555426762233345,0.22410214050785748,0.18726956414917661,0.05926651615825486,0.028343335219015057,True,False,False,False,準優勝戦,2026-09-01,1号艇のdominance,0.1843,1号艇のsession_exh_rel_avg,0.1459,風速区分,0.0908,1号艇の節間得点,0.0822,1号艇の級別順位,0.0804,2号艇のwin_rate_rank_2to6,0.1869,2号艇のclass_rank_2to6,0.1029,2号艇のsession_exh_rel_avg,-0.0769,2号艇の節間得点,0.0627,レース時間帯,-0.054,3号艇のwin_rate_rank_2to6,-0.1162,6号艇のracer_2nd_te,-0.0677,3号艇の節間得点,0.0485,1号艇のracer_2nd_te,0.0478,3号艇のcumulative_diff_rank_2to6,0.047,0.0812,南東 0.9m/s,[逃げ]1号艇のdominanceが有利(+18.4pt)、1号艇のsession_exh_rel_avgが有利(+14.6pt) / [2着]2号艇のwin_rate_rank_2to6が有利(+18.7pt)、2号艇のclass_rank_2to6が有利(+10.3pt) / [候補2]3号艇のwin_rate_rank_2to6が不利(-11.6pt)、6号艇のracer_2nd_teが不利(-6.8pt) / [除外]5号艇のwin_rate_rank_2to6が不利(-5.2pt)、天気+8.1pt
30,08,常滑,11,15:39,0.6354918111832277,2,0.39256729302360727,3,0.37974337899126254,0.49079710775486535,0.1151049371502178,0.6572057348646521,0.42300530346490645,0.5407196958878013,1-2,1-3,0.24947330005486906,0.2413238076999963,0.0633881182688167,0.0731482449857235,0.008158347275996626,True,False,False,False,予選特選,2026-09-01,場特性:in_escape_diff,0.1127,風速区分,-0.1052,1号艇の節間得点,0.1009,1号艇の勝率順位,-0.0732,1号艇のdominance,0.068,2号艇のsession_exh_rel_avg,0.1033,2号艇のwin_rate_rank_2to6,0.0708,2号艇の節間得点,0.0671,2号艇の全国勝率,0.0469,2号艇のcumulative_diff_rank_2to6,0.0312,3号艇のwin_rate_rank_2to6,0.1663,3号艇のracer_avgfin_te,0.0621,3号艇のclass_rank_2to6,0.0516,5号艇の一般戦2連率,-0.0414,3号艇の枠別勝率,0.0406,-0.1077,南東 6.2m/s,[逃げ]場特性:in_escape_diffが有利(+11.3pt)、風速区分が不利(-10.5pt) / [2着]2号艇のsession_exh_rel_avgが有利(+10.3pt)、2号艇のwin_rate_rank_2to6が有利(+7.1pt) / [候補2]3号艇のwin_rate_rank_2to6が有利(+16.6pt)、3号艇のracer_avgfin_teが有利(+6.2pt) / [除外]6号艇のwin_rate_rank_2to6が不利(-6.5pt)、3号艇のracer_avgfin_teが不利(-6.0pt)、天気-10.8pt
31,12,住之江,12,20:31,0.7232116840543803,3,0.41421927649090595,2,0.2805014170278287,0.5024301227071111,0.1318763100305511,0.5628443834881836,0.42291976595013814,0.5205544009414328,1-3,1-2,0.20286190218833602,0.2995682205187751,0.09537448826407244,0.08616056198464037,0.03924651379272988,False,False,False,False,日刊ドリーム,2026-09-01,1号艇のracer_win_te,0.1629,1号艇の年齢,-0.1178,race_no,0.1178,1号艇の級別順位,0.0926,1号艇の勝率順位,-0.0805,3号艇のwin_rate_rank_2to6,0.0809,3号艇のracer_avgfin_te,0.0573,場特性:1x_diff_course3,0.0458,6号艇の直近平均着順,-0.0436,3号艇のcumulative_diff_rank_2to6,0.038,2号艇の枠別出走数,-0.1847,2号艇のwin_rate_rank_2to6,-0.1347,3号艇の全国2連率,0.064,1号艇の年齢,0.0593,2号艇の全国勝率,0.0591,0.1087,北東 1.0m/s,[逃げ]1号艇のracer_win_teが有利(+16.3pt)、1号艇の年齢が不利(-11.8pt) / [2着]3号艇のwin_rate_rank_2to6が有利(+8.1pt)、3号艇のracer_avgfin_teが有利(+5.7pt) / [候補2]2号艇の枠別出走数が不利(-18.5pt)、2号艇のwin_rate_rank_2to6が不利(-13.5pt) / [除外]2号艇のracer_2nd_teが不利(-6.4pt)、3号艇のracer_win_teが不利(-6.2pt)、天気+10.9pt
32,06,浜名湖,9,15:20,0.7008988169150249,2,0.39338959279459684,3,0.3577996131313469,0.5265076257128309,0.17010384533475192,0.5810853605911919,0.41903445963464353,0.5428809461763392,1-2,1-3,0.2757263001764163,0.25078132553641463,0.119225583947824,0.045386476653984355,0.009779138759921662,True,False,False,False,予選,2026-09-01,1号艇のdominance,0.188,1号艇の女子戦比率,-0.1346,1号艇のsession_exh_rel_avg,0.1212,1号艇の勝率順位,0.0853,1号艇の節間得点,0.0815,2号艇のwin_rate_rank_2to6,0.1854,2号艇の女子戦比率,-0.063,2号艇のsession_exh_rel_avg,-0.0587,2号艇の節間得点,0.0564,2号艇の当地勝率,0.051,1号艇のsession_rank_diff_last,0.0962,3号艇の女子戦比率,-0.0758,3号艇のwin_rate_rank_2to6,0.0695,3号艇の当地勝率,0.0664,3号艇のモーター2連率,0.0639,-0.0623,東 3.3m/s,[逃げ]1号艇のdominanceが有利(+18.8pt)、1号艇の女子戦比率が不利(-13.5pt) / [2着]2号艇のwin_rate_rank_2to6が有利(+18.5pt)、2号艇の女子戦比率が不利(-6.3pt) / [候補2]1号艇のsession_rank_diff_lastが有利(+9.6pt)、3号艇の女子戦比率が不利(-7.6pt) / [除外]6号艇のwin_rate_rank_2to6が不利(-7.0pt)、天気-6.2pt
33,21,芦屋,5,10:17,0.8212876048779764,3,0.388065491358195,4,0.2883707697106099,0.5555487167058123,0.20613333900025838,0.47030292206854646,0.4181281823635591,0.5299749783146325,1-3,1-4,0.16929475627302215,0.318713377933367,0.23683533877244528,0.05868467875804215,0.03775943478389124,False,False,True,False,サンライズＺ,2026-09-01,1号艇のdominance,0.3161,1号艇のvs_max234_diff,0.0851,1号艇の勝率順位,0.0835,1号艇のracer_win_te,0.0821,1号艇の級別順位,0.0766,4号艇のモーター出走数,-0.1037,6号艇のモーター出走数,0.0821,場特性:1x_diff_course3,0.054,3号艇のwin_rate_rank_2to6,0.0525,3号艇のclass_rank_2to6,0.0357,4号艇のclass_rank_2to6,0.1387,4号艇のwin_rate_rank_2to6,-0.0944,4号艇のsession_exh_rel_avg,0.0771,1号艇のモーター出走数,0.0714,4号艇の節間得点,0.0679,0.0315,東 2.0m/s,[逃げ]1号艇のdominanceが有利(+31.6pt)、1号艇のvs_max234_diffが有利(+8.5pt) / [2着]4号艇のモーター出走数が不利(-10.4pt)、6号艇のモーター出走数が有利(+8.2pt) / [候補2]4号艇のclass_rank_2to6が有利(+13.9pt)、4号艇のwin_rate_rank_2to6が不利(-9.4pt) / [除外]2号艇のwin_rate_rank_2to6が不利(-5.2pt)、天気+3.2pt
34,19,下関,5,17:19,0.8375413582044073,4,0.42274419909920846,2,0.2525293233241094,0.5655695031299,0.21824130880567794,0.4570322136176399,0.4174527488295244,0.5330083162762219,1-4,1-2,0.21150375244331449,0.18278612219341497,0.35406575068658547,0.07406442878201104,0.015121290058700273,True,False,False,False,シーモ戦,2026-09-01,1号艇のdominance,0.302,1号艇のracer_win_te,0.2178,1号艇のsession_exh_rel_avg,0.1086,1号艇vs4号艇の枠別平均ST差,-0.0885,1号艇の全国勝率,0.0862,4号艇のwin_rate_rank_2to6,0.1766,4号艇のclass_rank_2to6,0.1456,4号艇の年齢,0.0492,4号艇のsession_exh_rel_avg,0.0376,6号艇の節間得点,0.0359,2号艇のwin_rate_rank_2to6,-0.1614,1号艇vs2号艇のplace_rate差,-0.0539,2号艇の全国勝率,-0.0498,2号艇のclass_rank_2to6,-0.0492,2号艇のsession_exh_rel_avg,-0.0442,0.0283,東 3.3m/s,[逃げ]1号艇のdominanceが有利(+30.2pt)、1号艇のracer_win_teが有利(+21.8pt) / [2着]4号艇のwin_rate_rank_2to6が有利(+17.7pt)、4号艇のclass_rank_2to6が有利(+14.6pt) / [候補2]2号艇のwin_rate_rank_2to6が不利(-16.1pt)、1号艇vs2号艇のplace_rate差が不利(-5.4pt) / [除外]6号艇のwin_rate_rank_2to6が不利(-6.3pt)、6号艇のsession_exh_rel_avgが不利(-5.1pt)、天気+2.8pt
35,13,尼崎,11,15:47,0.7766803966639657,3,0.3813585877126793,4,0.314314600043249,0.54031572741476,0.19301308159100244,0.5026601061649258,0.41517012311827173,0.5290190410398097,1-3,1-4,0.14990947677143415,0.2961937391758935,0.24412198823886638,0.07032180785005705,0.016133384627714544,True,False,False,False,予選特選,2026-09-01,1号艇のdominance,0.227,1号艇の勝率順位,0.0886,風速区分,0.0867,1号艇のvs_max234_diff,0.0742,1号艇の級別順位,0.0733,3号艇のwin_rate_rank_2to6,0.0744,3号艇のcumulative_diff_rank_2to6,0.0476,3号艇のracer_2nd_te,0.0397,場特性:1x_diff_course3,-0.0294,2号艇の枠別勝率,0.0289,4号艇のwin_rate_rank_2to6,0.1914,4号艇のcumulative_diff_rank_2to6,0.0722,4号艇のclass_rank_2to6,0.0671,4号艇の全国勝率,0.0648,4号艇の年齢,-0.051,0.1441,北西 0.8m/s,[逃げ]1号艇のdominanceが有利(+22.7pt)、1号艇の勝率順位が有利(+8.9pt) / [2着]3号艇のwin_rate_rank_2to6が有利(+7.4pt)、3号艇のcumulative_diff_rank_2to6が有利(+4.8pt) / [候補2]4号艇のwin_rate_rank_2to6が有利(+19.1pt)、4号艇のcumulative_diff_rank_2to6が有利(+7.2pt) / [除外]6号艇のwin_rate_rank_2to6が不利(-7.7pt)、天気+14.4pt
36,12,住之江,5,17:01,0.7934810176791447,2,0.46832917892081916,3,0.18244329542979323,0.516375605225299,0.17585800702289356,0.4749144673277188,0.4074050634531051,0.5039372638560249,1-2,1-3,0.3716103134989298,0.14476529172636918,0.13953999037955175,0.05886548722645053,0.0786999555394733,True,False,False,False,住之江ファイ,2026-09-01,1号艇のdominance,0.1574,1号艇のracer_win_te,0.1176,1号艇のvs_max234_diff,0.1123,1号艇の勝率順位,0.0948,1号艇vs4号艇の枠別平均ST差,0.0572,3号艇のracer_2nd_te,0.0821,2号艇のclass_rank_2to6,-0.0636,2号艇のwin_rate_rank_2to6,0.0545,3号艇のracer_avgfin_te,0.0426,2号艇の当地勝率,0.0404,3号艇の年齢,0.1472,3号艇のwin_rate_rank_2to6,-0.1143,3号艇の全国勝率,-0.0954,6号艇のracer_2nd_te,-0.0708,3号艇の性別,-0.064,0.0389,西 2.2m/s,[逃げ]1号艇のdominanceが有利(+15.7pt)、1号艇のracer_win_teが有利(+11.8pt) / [2着]3号艇のracer_2nd_teが有利(+8.2pt)、2号艇のclass_rank_2to6が不利(-6.4pt) / [候補2]3号艇の年齢が有利(+14.7pt)、3号艇のwin_rate_rank_2to6が不利(-11.4pt) / [除外]1号艇vs5号艇の枠別平均ST差が不利(-7.2pt)、5号艇のracer_avgfin_teが不利(-6.5pt)、天気+3.9pt
37,21,芦屋,9,12:23,0.8040021768000207,3,0.44087555799532213,2,0.19963674868677883,0.5149732888396117,0.19205101795522525,0.44846128872687574,0.39629191562993454,0.4950196888057909,1-3,1-2,0.16050838051344887,0.3544649083261628,0.15440943649266098,0.12007131529232426,0.014548130933926253,True,True,False,False,一般,2026-09-01,1号艇のdominance,0.3118,6号艇の枠別出走数,-0.099,1号艇の勝率順位,0.0979,1号艇の級別順位,0.083,1号艇vs4号艇の枠別平均ST差,0.0781,3号艇のwin_rate_rank_2to6,0.2127,4号艇のモーター出走数,-0.0748,6号艇のモーター出走数,0.0732,3号艇のsession_exh_rel_avg,-0.0613,場特性:1x_diff_course3,0.0488,2号艇のwin_rate_rank_2to6,-0.1641,2号艇の全国勝率,-0.1025,2号艇のsession_exh_rel_avg,-0.1024,2号艇の直近平均着順,-0.0686,3号艇のモーター出走数,0.0591,0.0434,東 2.4m/s,[逃げ]1号艇のdominanceが有利(+31.2pt)、6号艇の枠別出走数が不利(-9.9pt) / [2着]3号艇のwin_rate_rank_2to6が有利(+21.3pt)、4号艇のモーター出走数が不利(-7.5pt) / [候補2]2号艇のwin_rate_rank_2to6が不利(-16.4pt)、2号艇の全国勝率が不利(-10.3pt) / [除外]6号艇の直近平均着順が不利(-18.5pt)、6号艇のwin_rate_rank_2to6が不利(-12.6pt)、天気+4.3pt
38,24,大村,4,19:03,0.7191609782802619,3,0.4168845098904306,2,0.2472558545730601,0.47762383422297366,0.14511462831126926,0.5190257361522215,0.3944515880119296,0.49004440480174805,1-3,1-2,0.17781676226028406,0.2998070719626896,0.06658021988180679,0.07059615683270615,0.104360778059109,True,False,False,False,予選,2026-09-01,場特性:in_escape_diff,0.1617,風速区分,0.0787,6号艇の当地2連率,-0.062,1号艇の節間得点,-0.0589,1号艇のモーター2連率順位,0.0563,3号艇の当地勝率,0.0978,3号艇のwin_rate_rank_2to6,0.0939,3号艇のcumulative_diff_rank_2to6,0.0351,場特性:1x_diff_course3,0.0346,2号艇のvs_boat3_diff,0.0298,2号艇のwin_rate_rank_2to6,-0.1393,2号艇の全国勝率,-0.0691,2号艇のclass_rank_2to6,-0.0465,2号艇のモーター2連率,-0.0439,6号艇の一般戦勝率,0.0362,0.0711,南西 0.2m/s,[逃げ]場特性:in_escape_diffが有利(+16.2pt)、風速区分が有利(+7.9pt) / [2着]3号艇の当地勝率が有利(+9.8pt)、3号艇のwin_rate_rank_2to6が有利(+9.4pt) / [候補2]2号艇のwin_rate_rank_2to6が不利(-13.9pt)、2号艇の全国勝率が不利(-6.9pt) / [除外]4号艇のwin_rate_rank_2to6が不利(-6.0pt)、天気+7.1pt
39,21,芦屋,4,09:50,0.8096635275768678,4,0.3971781231620658,3,0.2200322628802724,0.49973273842011984,0.18398967487887358,0.43322071116346456,0.38939794153822344,0.47977913024312324,1-4,1-3,0.14896972920014978,0.17815209814436203,0.32158064027575783,0.04417563909496841,0.11678543895901977,False,False,True,False,サンライズＹ,2026-09-01,1号艇のdominance,0.1801,4号艇のsession_exh_rel_avg,-0.1027,1号艇の勝率順位,0.0922,1号艇vs4号艇の枠別平均ST差,0.0788,1号艇の級別順位,0.0779,4号艇のsession_exh_rel_avg,0.1058,4号艇のclass_rank_2to6,0.098,6号艇のモーター出走数,0.0904,4号艇のwin_rate_rank_2to6,0.0902,4号艇の全国2連率,0.066,4号艇のsession_rank_diff_last,-0.1022,3号艇のwin_rate_rank_2to6,-0.0713,4号艇のsession_exh_rel_last,-0.0647,3号艇のcumulative_diff_rank_2to6,-0.0559,3号艇の全国勝率,-0.0532,0.0281,東 2.1m/s,[逃げ]1号艇のdominanceが有利(+18.0pt)、4号艇のsession_exh_rel_avgが不利(-10.3pt) / [2着]4号艇のsession_exh_rel_avgが有利(+10.6pt)、4号艇のclass_rank_2to6が有利(+9.8pt) / [候補2]4号艇のsession_rank_diff_lastが不利(-10.2pt)、3号艇のwin_rate_rank_2to6が不利(-7.1pt) / [除外]2号艇のwin_rate_rank_2to6が不利(-5.5pt)、天気+2.8pt
40,12,住之江,1,15:17,0.7612270999585058,3,0.39426715931937795,2,0.2831319899781013,0.515654589934079,0.2054019790336044,0.47199717026387483,0.38855482200981306,0.5025573640330177,1-3,1-2,0.21552774363651078,0.30012684629756825,0.1563575528254885,0.08484314138330534,0.004371805358650224,True,False,False,False,予選,2026-09-01,1号艇のdominance,0.3405,1号艇のvs_max234_diff,0.1203,1号艇の体重,-0.1053,1号艇の勝率順位,0.1033,1号艇の級別順位,0.0814,6号艇の年齢,0.0954,3号艇のracer_avgfin_te,-0.0691,3号艇の全国勝率,-0.0676,3号艇の当地勝率,-0.0675,3号艇のwin_rate_rank_2to6,-0.0574,2号艇のwin_rate_rank_2to6,-0.1183,2号艇の全国勝率,-0.0772,second_best_win_rate,0.0686,3号艇のracer_2nd_te,0.0629,2号艇の直近平均着順,-0.0588,0.0282,北 0.8m/s,[逃げ]1号艇のdominanceが有利(+34.0pt)、1号艇のvs_max234_diffが有利(+12.0pt) / [2着]6号艇の年齢が有利(+9.5pt)、3号艇のracer_avgfin_teが不利(-6.9pt) / [候補2]2号艇のwin_rate_rank_2to6が不利(-11.8pt)、2号艇の全国勝率が不利(-7.7pt) / [除外]6号艇の全国勝率が不利(-18.7pt)、6号艇の直近平均着順が不利(-14.4pt)、天気+2.8pt
41,07,蒲郡,8,18:28,0.6878684042206531,3,0.5072867900994091,2,0.17722372125847502,0.470853153120011,0.1570386028936206,0.5274719084642636,0.382122607519184,0.4878387797232868,1-3,1-2,0.12190659833211305,0.348946554787898,0.05778092275062848,0.10802189317347563,0.051212442864066426,True,False,False,False,一般戦,2026-09-01,1号艇のdominance,0.1495,節間得点の分散(2-6号艇),-0.0979,1号艇のracer_win_te,0.0966,1号艇vs4号艇の枠別平均ST差,-0.0819,風速区分,0.0705,3号艇のsession_exh_rel_avg,0.1002,3号艇のwin_rate_rank_2to6,0.0544,3号艇の全国勝率,0.0469,3号艇の節間得点,0.0378,3号艇のclass_rank_2to6,0.0366,2号艇のsession_exh_rel_avg,0.0877,2号艇の節間得点,-0.0729,1号艇vs2号艇のcumulative差,-0.0577,2号艇の全国勝率,-0.0524,2号艇のsession_avg_finish,-0.0467,0.0523,南東 2.8m/s,[逃げ]1号艇のdominanceが有利(+14.9pt)、節間得点の分散(2-6号艇)が不利(-9.8pt) / [2着]3号艇のsession_exh_rel_avgが有利(+10.0pt)、3号艇のwin_rate_rank_2to6が有利(+5.4pt) / [候補2]2号艇のsession_exh_rel_avgが有利(+8.8pt)、2号艇の節間得点が不利(-7.3pt)、天気+5.2pt
42,18,徳山,1,08:44,0.8648472337518474,2,0.3498514106275477,3,0.26848202391812975,0.5347639604031081,0.24294461436190842,0.37538882018376907,0.37886233144137216,0.4869514183373064,1-2,1-3,0.30256802470541627,0.23219593569769184,0.21010997768580583,0.0655050759416789,0.05446822938667556,False,False,True,False,朝トク予選,2026-09-01,1号艇のdominance,0.2879,場特性:in_escape_diff,0.2021,1号艇のsession_exh_rel_avg,0.1127,1号艇の勝率順位,0.0808,1号艇の級別順位,0.0798,2号艇のwin_rate_rank_2to6,-0.1219,2号艇の全国勝率,-0.091,2号艇のsession_exh_rel_avg,-0.062,second_best_win_rate,0.0616,2号艇のsession_avg_finish,0.0601,3号艇のwin_rate_rank_2to6,-0.0605,3号艇の全国勝率,-0.0544,3号艇のcumulative_diff_rank_2to6,-0.0536,3号艇の当地勝率,-0.0514,場特性:1x_diff_course3,0.0326,0.0527,南 2.7m/s,[逃げ]1号艇のdominanceが有利(+28.8pt)、場特性:in_escape_diffが有利(+20.2pt) / [2着]2号艇のwin_rate_rank_2to6が不利(-12.2pt)、2号艇の全国勝率が不利(-9.1pt) / [候補2]3号艇のwin_rate_rank_2to6が不利(-6.1pt)、3号艇の全国勝率が不利(-5.4pt)、天気+5.3pt
43,07,蒲郡,9,18:58,0.6362375558201216,3,0.49771996155039744,2,0.19942769073001776,0.4435515183326274,0.12181031235303401,0.5753373399273812,0.3787165395413156,0.48308726481105346,1-3,1-2,0.12688338651291764,0.31666813181970976,0.07750029540517993,0.057605624346083115,0.057580098774874466,True,False,False,False,一般特選,2026-09-01,1号艇の年齢,-0.1052,1号艇のvs_max234_diff,0.0909,1号艇vs3号艇のcumulative差,-0.0716,風速区分,0.0655,1号艇の級別順位,0.0651,3号艇のモーター2連率,0.0691,1号艇vs3号艇のcumulative差,0.0598,3号艇のracer_2nd_te,0.0437,3号艇のcumulative_diff_rank_2to6,0.0429,3号艇のsession_exh_rel_avg,-0.0398,2号艇のwin_rate_rank_2to6,-0.1414,2号艇のsession_exh_rel_avg,-0.0822,2号艇の全国勝率,-0.0602,1号艇の年齢,0.0549,6号艇のsession_exh_rel_last,-0.0502,0.0629,南東 2.8m/s,[逃げ]1号艇の年齢が不利(-10.5pt)、1号艇のvs_max234_diffが有利(+9.1pt) / [2着]3号艇のモーター2連率が有利(+6.9pt)、1号艇vs3号艇のcumulative差が有利(+6.0pt) / [候補2]2号艇のwin_rate_rank_2to6が不利(-14.1pt)、2号艇のsession_exh_rel_avgが不利(-8.2pt)、天気+6.3pt
44,06,浜名湖,4,12:47,0.639866779075004,2,0.42810069954843966,3,0.27648177498777415,0.4508389185741832,0.1361806751523724,0.5684017993838414,0.377164260594506,0.4861077828170806,1-2,1-3,0.2739274157398161,0.17691150283436705,0.08713748998200796,0.04526341573401432,0.05662695001741955,True,True,False,False,ランチタイム,2026-09-01,1号艇のdominance,0.3467,1号艇の女子戦比率,-0.2461,1号艇のvs_max234_diff,0.1134,1号艇のracer_win_te,0.0794,場×風速,-0.0707,2号艇のwin_rate_rank_2to6,-0.16,2号艇のsession_exh_rel_avg,0.062,2号艇の全国勝率,-0.0611,4号艇の一般戦2連率,0.0489,2号艇の直近平均着順,-0.0461,3号艇のcumulative_diff_rank_2to6,-0.0581,3号艇のwin_rate_rank_2to6,-0.0576,3号艇の当地勝率,-0.0551,second_best_win_rate,0.0537,3号艇のsession_exh_rel_avg,0.0485,-0.1361,南東 4.0m/s,[逃げ]1号艇のdominanceが有利(+34.7pt)、1号艇の女子戦比率が不利(-24.6pt) / [2着]2号艇のwin_rate_rank_2to6が不利(-16.0pt)、2号艇のsession_exh_rel_avgが有利(+6.2pt) / [候補2]3号艇のcumulative_diff_rank_2to6が不利(-5.8pt)、3号艇のwin_rate_rank_2to6が不利(-5.8pt) / [除外]5号艇のsession_exh_rel_avgが不利(-5.2pt)、天気-13.6pt
45,06,浜名湖,12,17:10,0.7800785573383204,4,0.41519880401560116,3,0.2531387656203139,0.5213558071365839,0.23280135053668,0.43553621909923507,0.3757090039227388,0.4956099307253792,1-4,1-3,0.18160334167306597,0.1974681230914977,0.3238876840450862,0.0583520054484561,0.018767408892252653,True,False,False,False,予選特選,2026-09-01,1号艇のdominance,0.2474,1号艇の女子戦比率,-0.1729,1号艇のracer_win_te,0.1599,場特性:in_escape_diff,-0.0888,1号艇の全国勝率,0.082,4号艇のwin_rate_rank_2to6,0.2132,4号艇のclass_rank_2to6,0.178,4号艇のsession_exh_rel_avg,-0.089,4号艇の年齢,0.0861,4号艇の全国勝率,0.0729,3号艇の女子戦比率,-0.0781,3号艇の当地勝率,0.0712,3号艇のwin_rate_rank_2to6,0.066,3号艇の年齢,-0.0529,3号艇のsession_exh_rel_avg,-0.0489,0.0767,東 3.1m/s,[逃げ]1号艇のdominanceが有利(+24.7pt)、1号艇の女子戦比率が不利(-17.3pt) / [2着]4号艇のwin_rate_rank_2to6が有利(+21.3pt)、4号艇のclass_rank_2to6が有利(+17.8pt) / [候補2]3号艇の女子戦比率が不利(-7.8pt)、3号艇の当地勝率が有利(+7.1pt) / [除外]6号艇のwin_rate_rank_2to6が不利(-8.7pt)、6号艇の女子戦比率が不利(-5.5pt)、天気+7.7pt
46,07,蒲郡,6,17:31,0.6996412129638898,5,0.45588208362573324,3,0.2019981536181746,0.4602801271702993,0.1538629923013496,0.5040172449425583,0.3752960339743778,0.473401262501977,1-5,1-3,0.10764889056396987,0.14132623321388582,0.08391846238045189,0.31895389395641344,0.047793719817335635,True,False,False,False,一般戦,2026-09-01,5号艇の節間得点,-0.1187,1号艇のvs_max234_diff,0.0746,風速区分,0.0709,1号艇のlocal_win_rate順位,-0.0685,max_234_frame_win_rate,-0.0487,5号艇のwin_rate_rank_2to6,0.2821,5号艇のclass_rank_2to6,0.196,5号艇のracer_win_te,0.0616,5号艇の節間得点,0.0591,5号艇のracer_avgfin_te,0.055,3号艇のwin_rate_rank_2to6,-0.0884,3号艇の年齢,-0.0649,3号艇のcumulative_diff_rank_2to6,-0.063,3号艇のモーター2連率,0.0572,2号艇のsession_rank_diff_delta,-0.0535,0.032,南東 2.8m/s,[逃げ]5号艇の節間得点が不利(-11.9pt)、1号艇のvs_max234_diffが有利(+7.5pt) / [2着]5号艇のwin_rate_rank_2to6が有利(+28.2pt)、5号艇のclass_rank_2to6が有利(+19.6pt) / [候補2]3号艇のwin_rate_rank_2to6が不利(-8.8pt)、3号艇の年齢が不利(-6.5pt) / [除外]2号艇のwin_rate_rank_2to6が不利(-5.4pt)、天気+3.2pt
47,13,尼崎,1,10:42,0.5491097975637192,3,0.5217457152209568,2,0.25366515627922026,0.42578570667816934,0.11467736264269827,0.6607335088574788,0.3671921284067974,0.4962700473319622,1-3,1-2,0.13929002261345183,0.2864956840647175,0.06297046338587327,0.0482964638223808,0.012057169302677773,False,False,True,False,朝からセンプ,2026-09-01,1号艇のracer_win_te,-0.1288,1号艇のdominance,-0.0807,1号艇の年齢,0.0744,1号艇のモーター2連率順位,-0.0675,1号艇の勝率順位,0.0597,3号艇のwin_rate_rank_2to6,0.1983,2号艇のvs_boat3_diff,0.053,3号艇のclass_rank_2to6,0.0511,win_rate_gap_top2_2to6,0.04,local_win_rateの分散(2-6号艇),-0.0358,2号艇のwin_rate_rank_2to6,-0.1279,2号艇の全国勝率,-0.0533,2号艇の当地勝率,-0.0414,2号艇のclass_rank_2to6,-0.0357,2号艇の直近平均着順,0.031,0.0193,北東 0.7m/s,[逃げ]1号艇のracer_win_teが不利(-12.9pt)、1号艇のdominanceが不利(-8.1pt) / [2着]3号艇のwin_rate_rank_2to6が有利(+19.8pt)、2号艇のvs_boat3_diffが有利(+5.3pt) / [候補2]2号艇のwin_rate_rank_2to6が不利(-12.8pt)、2号艇の全国勝率が不利(-5.3pt) / [除外]4号艇の年齢が不利(-10.3pt)、4号艇のwin_rate_rank_2to6が不利(-6.1pt)、天気+1.9pt
48,24,大村,10,21:51,0.6752367506024943,3,0.5048315587032666,2,0.1518858111085872,0.4434397028559728,0.1463881045996855,0.5103292652121683,0.36554254572957245,0.4635065715628314,1-3,1-2,0.10255888155558666,0.3408808213003861,0.0731696791085743,0.05978073804574466,0.09884662807674968,False,False,False,False,予選特賞,2026-09-01,場特性:in_escape_diff,0.1665,1号艇の級別順位,0.0764,1号艇の勝率順位,-0.0706,1号艇のsession_exh_count,-0.0631,風速区分,0.0574,3号艇のwin_rate_rank_2to6,0.1649,3号艇のclass_rank_2to6,0.0407,2号艇のvs_boat3_diff,0.0388,3号艇のracer_2nd_te,0.0342,3号艇の全国勝率,0.0321,2号艇のwin_rate_rank_2to6,-0.1794,2号艇の全国2連率,-0.1111,2号艇の全国勝率,-0.0828,2号艇の直近平均着順,-0.0639,2号艇のracer_avgfin_te,-0.0509,0.102,東 1.6m/s,[逃げ]場特性:in_escape_diffが有利(+16.6pt)、1号艇の級別順位が有利(+7.6pt) / [2着]3号艇のwin_rate_rank_2to6が有利(+16.5pt)、3号艇のclass_rank_2to6が有利(+4.1pt) / [候補2]2号艇のwin_rate_rank_2to6が不利(-17.9pt)、2号艇の全国2連率が不利(-11.1pt) / [除外]5号艇のracer_avgfin_teが不利(-5.8pt)、天気+10.2pt
49,20,若松,8,18:40,0.4860127850181776,2,0.4738156127502823,3,0.36050539570513773,0.40549067691859314,0.09842000485142659,0.7359010036039935,0.3576006036511497,0.5046137749242132,1-2,1-3,0.230280445537859,0.17521023138073413,0.047833380659344386,0.028605371118063317,0.004083371711755761,True,False,False,False,エイトビート,2026-09-01,5号艇の枠別出走数,-0.1162,1号艇の年齢,-0.0876,1号艇のdominance,-0.0846,2号艇のsession_avg_finish,-0.0712,1号艇の勝率順位,-0.0702,2号艇のwin_rate_rank_2to6,0.2209,2号艇のclass_rank_2to6,0.1139,2号艇のsession_exh_rel_avg,-0.0772,1号艇vs6号艇の枠別平均ST差,0.0582,2号艇の全国勝率,0.0567,3号艇のwin_rate_rank_2to6,0.0583,3号艇のsession_exh_rel_avg,-0.0461,場特性:1x_diff_course3,0.0452,3号艇の節間得点,0.0432,5号艇の年齢,0.0414,0.0243,東 2.5m/s,[逃げ]5号艇の枠別出走数が不利(-11.6pt)、1号艇の年齢が不利(-8.8pt) / [2着]2号艇のwin_rate_rank_2to6が有利(+22.1pt)、2号艇のclass_rank_2to6が有利(+11.4pt) / [候補2]3号艇のwin_rate_rank_2to6が有利(+5.8pt)、3号艇のsession_exh_rel_avgが不利(-4.6pt) / [除外]ST差分(6-5)が不利(-8.1pt)、win_rate_range_1to6が不利(-7.3pt)、天気+2.4pt
50,05,多摩川,12,17:15,0.7875849349869739,2,0.2999225174722995,3,0.2924442530434569,0.46653914444509564,0.20147227616384725,0.39089449435190915,0.3537455004240308,0.44384574941713967,1-2,1-3,0.23621445642455052,0.23032468802054515,0.13853930826202945,0.1586765295241813,0.02382994688770244,True,False,False,False,準優勝戦,2026-09-01,1号艇のdominance,0.2073,1号艇のracer_win_te,0.1076,race_no,0.0944,1号艇の節間得点,0.0891,風速区分,0.0815,2号艇のsession_exh_rel_avg,0.1687,2号艇のwin_rate_rank_2to6,-0.1282,2号艇の節間得点,0.0743,2号艇のsession_avg_finish,0.0529,2号艇のclass_rank_2to6,-0.0485,3号艇の節間得点,0.1063,3号艇のwin_rate_rank_2to6,-0.1002,3号艇のsession_exh_rel_avg,-0.0934,3号艇のcumulative_diff_rank_2to6,0.0408,場×風向,0.0341,0.0401,東 0.6m/s,[逃げ]1号艇のdominanceが有利(+20.7pt)、1号艇のracer_win_teが有利(+10.8pt) / [2着]2号艇のsession_exh_rel_avgが有利(+16.9pt)、2号艇のwin_rate_rank_2to6が不利(-12.8pt) / [候補2]3号艇の節間得点が有利(+10.6pt)、3号艇のwin_rate_rank_2to6が不利(-10.0pt) / [除外]1号艇vs6号艇のcumulative差が不利(-5.1pt)、天気+4.0pt
51,05,多摩川,7,14:32,0.6681137392448828,3,0.43742314497381557,2,0.20694007351587634,0.4305079193370155,0.150108865511463,0.49425435297822895,0.3529602528985597,0.4496318494293795,1-3,1-2,0.1382595063163031,0.2922484130207124,0.09000753302777129,0.04730849642726052,0.10028979543067076,True,True,False,False,一般,2026-09-01,1号艇のsession_exh_rel_avg,0.1562,3号艇のsession_exh_rel_avg,-0.0975,3号艇のsession_exh_rel_last,-0.0808,1号艇vs4号艇のcumulative差,-0.0727,風速区分,0.0608,3号艇のモーター2連率,0.1265,3号艇のsession_exh_rel_avg,0.0957,3号艇のwin_rate_rank_2to6,0.0683,6号艇のracer_2nd_te,-0.064,3号艇のsession_exh_rel_last,0.0488,2号艇のwin_rate_rank_2to6,-0.1465,2号艇のclass_rank_2to6,-0.0523,2号艇の全国勝率,-0.045,2号艇の直近平均着順,-0.0428,場×風向,-0.0357,0.021,南東 1.7m/s,[逃げ]1号艇のsession_exh_rel_avgが有利(+15.6pt)、3号艇のsession_exh_rel_avgが不利(-9.7pt) / [2着]3号艇のモーター2連率が有利(+12.7pt)、3号艇のsession_exh_rel_avgが有利(+9.6pt) / [候補2]2号艇のwin_rate_rank_2to6が不利(-14.6pt)、2号艇のclass_rank_2to6が不利(-5.2pt) / [除外]1号艇vs5号艇の枠別平均ST差が不利(-6.3pt)、天気+2.1pt
52,16,児島,12,17:20,0.7015654580648674,3,0.36997468677988254,4,0.30207734659366337,0.47148849263713727,0.2169800099774235,0.4550720233961224,0.3487241992331616,0.4665635518648328,1-3,1-4,0.15222568009073062,0.2595614606031341,0.21192703203400315,0.06591640439150023,0.011934894013174204,True,False,False,False,記者選抜戦,2026-09-01,1号艇のracer_win_te,0.1688,race_no,0.1255,1号艇の節間得点,0.1216,1号艇の年齢,-0.12,レース時間帯,0.0693,3号艇のwin_rate_rank_2to6,0.226,3号艇のsession_exh_rel_avg,0.1249,3号艇の当地勝率,0.1062,3号艇の全国勝率,0.056,3号艇のclass_rank_2to6,0.0485,4号艇のclass_rank_2to6,0.1041,4号艇のwin_rate_rank_2to6,0.0964,4号艇のsession_exh_rel_last,0.0869,4号艇のsession_exh_rel_avg,0.0793,1号艇の直近平均着順,0.0554,0.1257,南西 2.8m/s,[逃げ]1号艇のracer_win_teが有利(+16.9pt)、race_noが有利(+12.5pt) / [2着]3号艇のwin_rate_rank_2to6が有利(+22.6pt)、3号艇のsession_exh_rel_avgが有利(+12.5pt) / [候補2]4号艇のclass_rank_2to6が有利(+10.4pt)、4号艇のwin_rate_rank_2to6が有利(+9.6pt) / [除外]6号艇のwin_rate_rank_2to6が不利(-8.0pt)、6号艇のvs_avg456_diffが不利(-6.0pt)、天気+12.6pt
53,21,芦屋,10,12:57,0.6977665905969195,3,0.36484485291920665,4,0.3081429758783493,0.46958842281329394,0.21474822684117578,0.45823960195638014,0.34857648544013486,0.4661837765562198,1-3,1-4,0.1498441380797011,0.2545765491182694,0.2150118736950246,0.06218668324484983,0.01614733801107949,True,True,False,False,準優勝戦,2026-09-01,1号艇のsession_exh_rel_avg,0.1335,1号艇のdominance,0.126,1号艇のracer_win_te,0.1154,6号艇のモーター出走数,-0.0916,1号艇の級別順位,0.081,3号艇の当地勝率,0.1212,6号艇のモーター出走数,0.0752,4号艇のモーター出走数,-0.0687,3号艇のwin_rate_rank_2to6,-0.0633,5号艇のsession_exh_rel_last,-0.0409,4号艇のwin_rate_rank_2to6,0.1823,4号艇のclass_rank_2to6,0.1701,4号艇の全国勝率,0.0759,4号艇のcumulative_diff_rank_2to6,-0.0758,3号艇の女子戦勝率,0.0735,0.087,南東 2.8m/s,[逃げ]1号艇のsession_exh_rel_avgが有利(+13.4pt)、1号艇のdominanceが有利(+12.6pt) / [2着]3号艇の当地勝率が有利(+12.1pt)、6号艇のモーター出走数が有利(+7.5pt) / [候補2]4号艇のwin_rate_rank_2to6が有利(+18.2pt)、4号艇のclass_rank_2to6が有利(+17.0pt) / [除外]6号艇のwin_rate_rank_2to6が不利(-8.1pt)、4号艇の一般戦2連率が不利(-7.5pt)、天気+8.7pt
54,12,住之江,9,18:52,0.5852048868207785,2,0.4216068810408999,3,0.29264414908432235,0.4179831932460552,0.13871875687060517,0.5755322732546171,0.3484046624941768,0.4652479172486238,1-2,1-3,0.24672640710240126,0.1712567861436539,0.0811788944143816,0.07577263145739815,0.010270166067900061,True,False,False,False,予選,2026-09-01,1号艇のracer_win_te,0.086,風速区分,0.0769,1号艇の全国勝率,-0.0716,1号艇のdominance,-0.0675,場特性:in_escape_diff,0.0657,2号艇のwin_rate_rank_2to6,0.1602,2号艇のclass_rank_2to6,0.0996,2号艇の体重,-0.0533,2号艇の全国勝率,0.0529,2号艇の当地勝率,-0.0405,3号艇のwin_rate_rank_2to6,-0.0679,場特性:1x_diff_course3,0.0449,3号艇のracer_2nd_te,0.0405,3号艇のcumulative_diff_rank_2to6,0.0392,3号艇のracer_avgfin_te,0.0388,0.0569,西 0.5m/s,[逃げ]1号艇のracer_win_teが有利(+8.6pt)、風速区分が有利(+7.7pt) / [2着]2号艇のwin_rate_rank_2to6が有利(+16.0pt)、2号艇のclass_rank_2to6が有利(+10.0pt) / [候補2]3号艇のwin_rate_rank_2to6が不利(-6.8pt)、場特性:1x_diff_course3が有利(+4.5pt) / [除外]6号艇のwin_rate_rank_2to6が不利(-6.4pt)、3号艇の女子戦2連率が不利(-5.5pt)、天気+5.7pt
55,20,若松,11,20:13,0.722073667395039,3,0.39506322705772484,4,0.22181430798310858,0.44543102406054624,0.19208854112505924,0.4247889939157742,0.34275638936018843,0.4392384150171146,1-3,1-4,0.1387020773547343,0.28526475321449035,0.1601662708460559,0.11649764986635565,0.021442908043600745,False,False,False,False,予選特選,2026-09-01,1号艇のdominance,0.2234,1号艇のsession_exh_rel_avg,0.1249,1号艇のracer_win_te,0.1208,1号艇の勝率順位,0.0913,1号艇の年齢,-0.0819,3号艇のwin_rate_rank_2to6,0.0706,3号艇のsession_exh_rel_avg,0.0692,場特性:1x_diff_course3,0.047,1号艇vs3号艇の直近複勝率差,0.0457,3号艇のcumulative_diff_rank_2to6,0.0411,5号艇の年齢,0.0783,4号艇の年齢,-0.0708,4号艇のsession_exh_rel_avg,0.0695,4号艇のclass_rank_2to6,0.0636,4号艇のwin_rate_rank_2to6,-0.0604,0.0433,南東 3.3m/s,[逃げ]1号艇のdominanceが有利(+22.3pt)、1号艇のsession_exh_rel_avgが有利(+12.5pt) / [2着]3号艇のwin_rate_rank_2to6が有利(+7.1pt)、3号艇のsession_exh_rel_avgが有利(+6.9pt) / [候補2]5号艇の年齢が有利(+7.8pt)、4号艇の年齢が不利(-7.1pt) / [除外]6号艇のwin_rate_rank_2to6が不利(-7.7pt)、天気+4.3pt
56,06,浜名湖,11,16:33,0.609430310961274,2,0.5212788623027349,5,0.18681865238889372,0.4315360885694245,0.17266299419413905,0.5354345204974895,0.3421237127831557,0.46270561814784394,1-2,1-5,0.31768313915069485,0.10522606224323881,0.051492357896191464,0.11385294941872966,0.021175805657876443,True,False,False,False,予選特選,2026-09-01,1号艇のdominance,0.179,4号艇のsession_rank_diff_delta,-0.1788,max_234_frame_win_rate,-0.1194,1号艇の直近1着率,-0.1065,1号艇の級別順位,-0.0999,2号艇のsession_exh_rel_avg,0.1209,2号艇の全国勝率,0.071,1号艇vs3号艇の枠別勝率差,0.0697,1号艇の一般戦勝率,-0.0664,2号艇の体重,-0.0408,5号艇のwin_rate_rank_2to6,0.1837,5号艇のsession_exh_rel_avg,0.1369,6号艇の体重,-0.0981,5号艇の年齢,0.0838,6号艇の女子戦2連率,-0.0672,0.0525,東 3.3m/s,[逃げ]1号艇のdominanceが有利(+17.9pt)、4号艇のsession_rank_diff_deltaが不利(-17.9pt) / [2着]2号艇のsession_exh_rel_avgが有利(+12.1pt)、2号艇の全国勝率が有利(+7.1pt) / [候補2]5号艇のwin_rate_rank_2to6が有利(+18.4pt)、5号艇のsession_exh_rel_avgが有利(+13.7pt) / [除外]1号艇vs6号艇の枠別勝率差が不利(-6.7pt)、4号艇のsession_rank_diff_deltaが不利(-5.4pt)、天気+5.3pt
57,24,大村,9,21:25,0.6255876366207107,2,0.43805322908908717,3,0.22769022530753674,0.41648087423169183,0.15206634663271912,0.5136771077639047,0.3404816042475146,0.44563974429135567,1-2,1-3,0.2740406842999128,0.14244018993177904,0.07386965715510475,0.09513082639950853,0.040106283495396716,False,False,False,False,予選特賞,2026-09-01,場特性:in_escape_diff,0.1544,風速区分,0.083,1号艇の節間得点,-0.0732,1号艇のdominance,0.0731,1号艇の級別順位,0.0696,2号艇のwin_rate_rank_2to6,0.0766,2号艇の当地勝率,0.0745,2号艇のclass_rank_2to6,-0.0666,2号艇の全国勝率,0.0516,2号艇のモーター2連率,-0.0472,3号艇のwin_rate_rank_2to6,-0.1239,3号艇の全国勝率,-0.0652,3号艇のracer_2nd_te,-0.0484,3号艇の当地勝率,-0.0451,3号艇のcumulative_diff_rank_2to6,0.0408,0.1147,北 1.3m/s,[逃げ]場特性:in_escape_diffが有利(+15.4pt)、風速区分が有利(+8.3pt) / [2着]2号艇のwin_rate_rank_2to6が有利(+7.7pt)、2号艇の当地勝率が有利(+7.4pt) / [候補2]3号艇のwin_rate_rank_2to6が不利(-12.4pt)、3号艇の全国勝率が不利(-6.5pt) / [除外]4号艇のwin_rate_rank_2to6が不利(-5.5pt)、天気+11.5pt
58,16,児島,4,12:43,0.5511997813283008,4,0.3682525012174195,2,0.3664715660137166,0.404979745194442,0.13767418206332388,0.5970498851678123,0.33807343898821224,0.46260078718645314,1-4,1-2,0.20199904704980057,0.0758859790478568,0.20298069814464145,0.06671610394593964,0.0036179564768035744,True,True,False,False,予選,2026-09-01,1号艇のdominance,0.1403,1号艇のsession_exh_rel_avg,-0.0944,ST差分(4-3),-0.0816,1号艇vs4号艇の枠別平均ST差,-0.0718,1号艇のracer_win_te,0.0681,4号艇の節間得点,0.1042,4号艇のモーター2連率,0.0755,4号艇のwin_rate_rank_2to6,-0.071,4号艇のsession_exh_rel_avg,0.0708,4号艇のsession_avg_finish,0.0523,2号艇のwin_rate_rank_2to6,0.0754,2号艇のclass_rank_2to6,0.0665,2号艇のsession_exh_rel_avg,-0.0598,3号艇の全国勝率,-0.0521,2号艇の全国勝率,0.0503,-0.0789,東 4.1m/s,[逃げ]1号艇のdominanceが有利(+14.0pt)、1号艇のsession_exh_rel_avgが不利(-9.4pt) / [2着]4号艇の節間得点が有利(+10.4pt)、4号艇のモーター2連率が有利(+7.6pt) / [候補2]2号艇のwin_rate_rank_2to6が有利(+7.5pt)、2号艇のclass_rank_2to6が有利(+6.7pt) / [除外]6号艇の直近平均着順が不利(-9.7pt)、6号艇のwin_rate_rank_2to6が不利(-8.2pt)、天気-7.9pt
59,19,下関,6,17:47,0.5608155407868539,2,0.46150070675624044,5,0.2475754443749929,0.3976609251557236,0.12756650144684556,0.5815096496843878,0.3367870695746457,0.45281554251432277,1-2,1-5,0.25881676843301626,0.05259723798567898,0.07154127649519967,0.1388441567227073,0.039016111596255176,True,False,False,False,予選,2026-09-01,5号艇の節間得点,-0.0956,場特性:in_escape_diff,0.087,1号艇のracer_win_te,0.0812,1号艇の級別順位,-0.0769,ST差分(4-3),-0.0697,6号艇のsession_exh_rel_last,0.1371,4号艇の女子戦比率,0.1053,2号艇のclass_rank_2to6,0.0963,2号艇の全国勝率,0.0546,2号艇のwin_rate_rank_2to6,0.0521,5号艇のwin_rate_rank_2to6,0.2604,5号艇のclass_rank_2to6,0.1819,5号艇のsession_exh_rel_avg,-0.1211,5号艇の節間得点,0.1045,3号艇の枠別平均ST,0.0796,0.0748,東 3.0m/s,[逃げ]5号艇の節間得点が不利(-9.6pt)、場特性:in_escape_diffが有利(+8.7pt) / [2着]6号艇のsession_exh_rel_lastが有利(+13.7pt)、4号艇の女子戦比率が有利(+10.5pt) / [候補2]5号艇のwin_rate_rank_2to6が有利(+26.0pt)、5号艇のclass_rank_2to6が有利(+18.2pt) / [除外]3号艇のwin_rate_rank_2to6が不利(-5.0pt)、天気+7.5pt
60,20,若松,12,20:41,0.7116849999199055,3,0.39165101573361827,5,0.2130702386780065,0.4303710458975023,0.1924693390916401,0.4122519153199846,0.33097116897581813,0.42493530672424695,1-3,1-5,0.12140526751526742,0.278732153101011,0.13697754157601816,0.15163889279649131,0.022931158187283734,False,False,False,False,予選特選,2026-09-01,1号艇のracer_win_te,0.1549,1号艇のdominance,0.1128,race_no,0.0987,1号艇の級別順位,0.0726,1号艇の節間得点,-0.0606,3号艇のwin_rate_rank_2to6,0.1007,3号艇の当地勝率,0.0721,場特性:1x_diff_course3,0.0529,3号艇のcumulative_diff_rank_2to6,-0.0496,3号艇のclass_rank_2to6,0.0404,5号艇のwin_rate_rank_2to6,0.2402,5号艇のclass_rank_2to6,0.1494,5号艇のsession_exh_rel_avg,-0.1238,1号艇のsession_avg_finish,0.081,5号艇の年齢,-0.0628,0.112,南東 3.2m/s,[逃げ]1号艇のracer_win_teが有利(+15.5pt)、1号艇のdominanceが有利(+11.3pt) / [2着]3号艇のwin_rate_rank_2to6が有利(+10.1pt)、3号艇の当地勝率が有利(+7.2pt) / [候補2]5号艇のwin_rate_rank_2to6が有利(+24.0pt)、5号艇のclass_rank_2to6が有利(+14.9pt) / [除外]6号艇のwin_rate_rank_2to6が不利(-6.7pt)、2号艇のwin_rate_rank_2to6が不利(-5.4pt)、天気+11.2pt
61,13,尼崎,12,16:25,0.656308347945555,2,0.36379094168993004,3,0.3069267162936771,0.44019759804913305,0.2081147599835689,0.4626028980000383,0.33026365709312644,0.44691918803440456,1-2,1-3,0.23875903193807574,0.20143856611105732,0.05954751510216883,0.1365874543079018,0.019975786598699224,True,False,False,False,あきんど選抜,2026-09-01,1号艇のdominance,0.3109,1号艇のracer_win_te,0.1269,1号艇の年齢,-0.1244,2号艇の枠別勝率,-0.0852,1号艇の全国勝率,0.0807,2号艇のwin_rate_rank_2to6,-0.1167,2号艇の当地勝率,0.0878,2号艇の全国勝率,0.0721,4号艇のracer_2nd_te,-0.0665,2号艇のclass_rank_2to6,-0.0493,3号艇のwin_rate_rank_2to6,-0.1019,3号艇の当地勝率,0.0951,6号艇のracer_2nd_te,-0.0706,3号艇の女子戦勝率,0.06,3号艇のcumulative_diff_rank_2to6,0.05,0.1011,北東 1.4m/s,[逃げ]1号艇のdominanceが有利(+31.1pt)、1号艇のracer_win_teが有利(+12.7pt) / [2着]2号艇のwin_rate_rank_2to6が不利(-11.7pt)、2号艇の当地勝率が有利(+8.8pt) / [候補2]3号艇のwin_rate_rank_2to6が不利(-10.2pt)、3号艇の当地勝率が有利(+9.5pt) / [除外]勝率のレンジ(2-6号艇)が不利(-12.4pt)、std_234_全国勝率が不利(-7.4pt)、天気+10.1pt
62,18,徳山,9,12:40,0.6667589020898386,3,0.38605771343066436,4,0.21675963821126995,0.40193383554148027,0.1488605659169711,0.4539567857249632,0.33013531767762,0.41754072059652514,1-3,1-4,0.09032926885263887,0.2574074171503433,0.14452641839113697,0.07524168274883632,0.0992541074952717,True,True,False,False,推しトク特賞,2026-09-01,場特性:in_escape_diff,0.2194,風速区分,0.0958,1号艇vs3号艇のcumulative差,-0.0852,1号艇のsession_avg_finish,-0.0813,1号艇の勝率順位,-0.0745,3号艇のsession_exh_rel_avg,-0.1461,4号艇のsession_rank_diff_last,-0.1145,3号艇のwin_rate_rank_2to6,0.0447,3号艇の節間得点,0.042,3号艇のclass_rank_2to6,0.0406,4号艇のwin_rate_rank_2to6,-0.0863,4号艇の全国勝率,0.059,2号艇の枠別出走数,0.0509,4号艇のclass_rank_2to6,-0.0486,2号艇の全国勝率,0.0436,0.0968,南東 0.5m/s,[逃げ]場特性:in_escape_diffが有利(+21.9pt)、風速区分が有利(+9.6pt) / [2着]3号艇のsession_exh_rel_avgが不利(-14.6pt)、4号艇のsession_rank_diff_lastが不利(-11.4pt) / [候補2]4号艇のwin_rate_rank_2to6が不利(-8.6pt)、4号艇の全国勝率が有利(+5.9pt) / [除外]2号艇のwin_rate_rank_2to6が不利(-7.2pt)、win_rate_range_1to6が不利(-5.6pt)、天気+9.7pt
63,06,浜名湖,1,11:24,0.4359856164715033,3,0.6390629393727651,2,0.18367699951171074,0.3587027794502751,0.07824498826879578,0.74449495061568,0.32502274572618967,0.47444043079989656,1-3,1-2,0.08008052986374922,0.2786222495865259,0.03373169401424501,0.03411368944617647,0.0094374503124607,True,True,False,False,予選,2026-09-01,1号艇の年齢,-0.1122,1号艇の一般戦勝率,-0.0684,2号艇のracer_avgfin_te,-0.0642,1号艇のlocal_win_rate順位,0.0619,2号艇の全国2連率,-0.0594,3号艇のwin_rate_rank_2to6,0.2413,6号艇の女子戦比率,0.0705,2号艇のvs_boat3_diff,0.0633,3号艇の性別,-0.0508,3号艇のclass_rank_2to6,0.0441,2号艇のwin_rate_rank_2to6,-0.215,2号艇の全国2連率,-0.1915,2号艇の全国勝率,-0.1442,6号艇のsession_rank_diff_last,-0.0974,2号艇の直近平均着順,-0.0677,-0.0576,南東 3.7m/s,[逃げ]1号艇の年齢が不利(-11.2pt)、1号艇の一般戦勝率が不利(-6.8pt) / [2着]3号艇のwin_rate_rank_2to6が有利(+24.1pt)、6号艇の女子戦比率が有利(+7.1pt) / [候補2]2号艇のwin_rate_rank_2to6が不利(-21.5pt)、2号艇の全国2連率が不利(-19.1pt) / [除外]5号艇のsession_exh_rel_avgが不利(-6.5pt)、4号艇のracer_avgfin_teが不利(-5.8pt)、天気-5.8pt
64,24,大村,11,22:16,0.7590752802170464,3,0.3221448403165589,4,0.2566189315761757,0.4393252723289522,0.21928267528226342,0.3594810966104711,0.3237215670864703,0.41537201961340786,1-3,1-4,0.1664520581866277,0.2445321849337676,0.19479308739518464,0.09898267258310794,0.05431526580725545,False,False,False,False,予選特選,2026-09-01,場特性:in_escape_diff,0.1556,1号艇のdominance,0.1482,1号艇の勝率順位,0.0848,ST差分(4-3),-0.0772,1号艇の級別順位,0.0755,3号艇のwin_rate_rank_2to6,-0.1023,6号艇のracer_2nd_te,-0.0605,場特性:1x_diff_course3,0.0419,3号艇のcumulative_diff_rank_2to6,0.0403,3号艇の当地勝率,0.0365,4号艇のwin_rate_rank_2to6,0.1612,4号艇のcumulative_diff_rank_2to6,0.0608,4号艇のclass_rank_2to6,0.047,4号艇の直近複勝率,0.036,4号艇のsession_exh_rel_avg,0.0342,0.0976,南東 3.0m/s,[逃げ]場特性:in_escape_diffが有利(+15.6pt)、1号艇のdominanceが有利(+14.8pt) / [2着]3号艇のwin_rate_rank_2to6が不利(-10.2pt)、6号艇のracer_2nd_teが不利(-6.1pt) / [候補2]4号艇のwin_rate_rank_2to6が有利(+16.1pt)、4号艇のcumulative_diff_rank_2to6が有利(+6.1pt) / [除外]2号艇のwin_rate_rank_2to6が不利(-5.3pt)、天気+9.8pt
65,05,多摩川,1,11:29,0.5206188846462353,3,0.4691512231433339,2,0.25732164823101983,0.378215496020664,0.12014042831604524,0.6063324430583086,0.3236887299954383,0.44665058013195735,1-3,1-2,0.13396650949736444,0.24424898652329954,0.06254737579082045,0.04177337814543678,0.03808264050768349,True,True,False,False,一般,2026-09-01,場×風向,-0.0891,1号艇のモーター2連率,0.0748,1号艇のモーター2連率順位,0.0735,風速区分,0.072,1号艇vs4号艇の枠別平均ST差,-0.0657,3号艇のwin_rate_rank_2to6,0.1777,3号艇のclass_rank_2to6,0.0528,3号艇のracer_2nd_te,0.0275,3号艇の全国勝率,0.0251,3号艇の全国2連率,0.0245,2号艇のclass_rank_2to6,-0.0542,2号艇の直近平均着順,-0.0372,2号艇の当地勝率,-0.0357,2号艇のwin_rate_rank_2to6,-0.0344,場×風向,-0.0322,-0.0393,北東 1.4m/s,[逃げ]場×風向が不利(-8.9pt)、1号艇のモーター2連率が有利(+7.5pt) / [2着]3号艇のwin_rate_rank_2to6が有利(+17.8pt)、3号艇のclass_rank_2to6が有利(+5.3pt) / [候補2]2号艇のclass_rank_2to6が不利(-5.4pt)、2号艇の直近平均着順が不利(-3.7pt)、天気-3.9pt
66,18,徳山,12,14:26,0.7840743635454349,4,0.32748526021596674,2,0.2341832687222696,0.4403898943507484,0.22088265838469198,0.34078587055354437,0.32366050564281207,0.4105086872115872,1-4,1-2,0.18361709737640308,0.17318842979120108,0.25677279697434524,0.14993796503799436,0.02055807217481256,True,True,False,False,ドリーム戦,2026-09-01,1号艇のdominance,0.2276,場特性:in_escape_diff,0.2209,1号艇のsession_exh_rel_avg,-0.2061,1号艇のracer_win_te,0.141,風速区分,0.1134,4号艇のwin_rate_rank_2to6,0.17,4号艇の全国勝率,0.0744,4号艇のcumulative_diff_rank_2to6,0.0627,4号艇のsession_exh_rel_avg,0.0551,2号艇のsession_exh_rel_avg,0.0526,2号艇のwin_rate_rank_2to6,0.0768,2号艇の全国勝率,0.0604,2号艇の一般戦勝率,-0.0575,場特性:in_escape_diff,0.0554,場特性:1x_diff_course2,0.0458,0.1672,東 1.2m/s,[逃げ]1号艇のdominanceが有利(+22.8pt)、場特性:in_escape_diffが有利(+22.1pt) / [2着]4号艇のwin_rate_rank_2to6が有利(+17.0pt)、4号艇の全国勝率が有利(+7.4pt) / [候補2]2号艇のwin_rate_rank_2to6が有利(+7.7pt)、2号艇の全国勝率が有利(+6.0pt)、天気+16.7pt
67,18,徳山,11,13:49,0.4340565927842889,2,0.6547552826929997,4,0.1721093993529077,0.3589060665825109,0.09169677914759125,0.7351679028983161,0.31941343019593427,0.4717846174772524,1-2,1-4,0.2842008471132373,0.039801591526096886,0.07470521946927361,0.008263563216419292,0.027085378735702482,True,True,False,False,予選,2026-09-01,場特性:in_escape_diff,0.1969,1号艇の年齢,-0.1854,1号艇のsession_exh_rel_avg,-0.1056,2号艇のsession_avg_finish,-0.0941,1号艇の級別順位,-0.0857,2号艇のwin_rate_rank_2to6,0.1912,2号艇のclass_rank_2to6,0.1118,2号艇の当地勝率,0.0879,2号艇のracer_avgfin_te,0.0821,2号艇のsession_exh_rel_avg,0.0795,5号艇の年齢,0.184,1号艇の年齢,0.1194,4号艇のclass_rank_2to6,0.0921,4号艇のwin_rate_rank_2to6,-0.0819,1号艇vs5号艇のplace_rate差,0.0703,0.1072,南東 0.9m/s,[逃げ]場特性:in_escape_diffが有利(+19.7pt)、1号艇の年齢が不利(-18.5pt) / [2着]2号艇のwin_rate_rank_2to6が有利(+19.1pt)、2号艇のclass_rank_2to6が有利(+11.2pt) / [候補2]5号艇の年齢が有利(+18.4pt)、1号艇の年齢が有利(+11.9pt) / [除外]3号艇のwin_rate_rank_2to6が不利(-5.5pt)、天気+10.7pt
68,19,下関,4,16:48,0.6868967125275098,3,0.36515901682084917,4,0.2298388211747057,0.4087020588801225,0.19219779395774972,0.4028000440378051,0.31444009795682265,0.4069314544274273,1-3,1-4,0.08705732987263774,0.25082652820401896,0.15787553067610355,0.13202003282461797,0.0591172883912419,True,False,False,False,予選,2026-09-01,1号艇のvs_max234_frame_diff,0.1463,1号艇のdominance,0.1197,1号艇のsession_exh_rel_avg,-0.1134,1号艇のracer_win_te,0.0901,場特性:in_escape_diff,0.0717,2号艇の枠別平均ST,0.1385,3号艇のsession_exh_rel_avg,0.112,3号艇のwin_rate_rank_2to6,-0.0625,3号艇の当地勝率,-0.0578,3号艇の全国勝率,0.0514,4号艇のwin_rate_rank_2to6,-0.1128,4号艇のclass_rank_2to6,-0.0775,4号艇の年齢,0.0603,4号艇のsession_exh_rel_avg,0.0566,4号艇の全国勝率,-0.0533,0.0088,東 3.7m/s,[逃げ]1号艇のvs_max234_frame_diffが有利(+14.6pt)、1号艇のdominanceが有利(+12.0pt) / [2着]2号艇の枠別平均STが有利(+13.9pt)、3号艇のsession_exh_rel_avgが有利(+11.2pt) / [候補2]4号艇のwin_rate_rank_2to6が不利(-11.3pt)、4号艇のclass_rank_2to6が不利(-7.7pt) / [除外]1号艇vs2号艇の枠別勝率差が不利(-9.5pt)、2号艇のwin_rate_rank_2to6が不利(-6.8pt)、天気+0.9pt
69,08,常滑,4,12:09,0.6432618889353092,4,0.3733252009537609,5,0.22603875521040176,0.3855479906018992,0.1545539932641633,0.4448099628999994,0.31404241275090206,0.4033265822913292,1-4,1-5,0.09941869364960075,0.09862111564584068,0.24014587395267015,0.145402116649229,0.05967407705628229,True,True,False,False,予選,2026-09-01,1号艇のsession_exh_rel_avg,0.1045,1号艇のdominance,0.0976,1号艇の節間得点,0.0937,ST差分(4-3),-0.0825,1号艇の級別順位,-0.0698,4号艇のclass_rank_2to6,0.1025,4号艇のwin_rate_rank_2to6,0.0993,4号艇のcumulative_diff_rank_2to6,0.0501,4号艇の節間得点,0.0487,5号艇のrecent_4to6_rate,0.0468,mean_234_全国勝率,0.0694,avg_456_win_rate,0.0648,5号艇のwin_rate_rank_2to6,-0.0572,1号艇vs5号艇のlocal_win_rate差,0.0463,5号艇のracer_win_te,0.0428,-0.1154,南東 5.8m/s,[逃げ]1号艇のsession_exh_rel_avgが有利(+10.5pt)、1号艇のdominanceが有利(+9.8pt) / [2着]4号艇のclass_rank_2to6が有利(+10.2pt)、4号艇のwin_rate_rank_2to6が有利(+9.9pt) / [候補2]mean_234_全国勝率が有利(+6.9pt)、avg_456_win_rateが有利(+6.5pt) / [除外]2号艇のwin_rate_rank_2to6が不利(-5.8pt)、天気-11.5pt
70,19,下関,2,15:53,0.4612892475281658,4,0.4231048009881699,3,0.37514236547730484,0.36822283476034934,0.1275984774064232,0.6706486890590515,0.3118412270863123,0.45895059104995994,1-4,1-3,0.05885980562854862,0.1730491394869621,0.19517369527338724,0.033387955099798784,0.0008186469915622655,True,False,False,False,予選,2026-09-01,1号艇のdominance,-0.3432,1号艇のracer_win_te,-0.1981,1号艇のsession_exh_rel_avg,0.135,1号艇のvs_max234_diff,-0.1251,場特性:in_escape_diff,0.0911,4号艇のclass_rank_2to6,0.2426,4号艇のwin_rate_rank_2to6,0.2374,4号艇の全国勝率,0.1108,4号艇の直近1着率,-0.0758,4号艇の直近複勝率,0.0591,1号艇の枠別平均ST,0.087,3号艇のsession_exh_rel_avg,-0.0597,2号艇のracer_win_te,0.0512,場特性:1x_diff_course3,0.0458,3号艇の当地勝率,0.0452,-0.0562,南東 4.4m/s,[逃げ]1号艇のdominanceが不利(-34.3pt)、1号艇のracer_win_teが不利(-19.8pt) / [2着]4号艇のclass_rank_2to6が有利(+24.3pt)、4号艇のwin_rate_rank_2to6が有利(+23.7pt) / [候補2]1号艇の枠別平均STが有利(+8.7pt)、3号艇のsession_exh_rel_avgが不利(-6.0pt) / [除外]5号艇の直近平均着順が不利(-30.8pt)、1号艇vs5号艇の枠別平均ST差が不利(-11.2pt)、天気-5.6pt
71,20,若松,10,19:42,0.4637604213321927,3,0.5161702209866852,2,0.2452604892748551,0.35312142700616267,0.10140854620287926,0.660022164058661,0.3101499903512253,0.44519164812191214,1-3,1-2,0.11374210784224653,0.23937931916391614,0.04702927011373242,0.031139099816160015,0.03247061403028435,True,False,False,False,予選特賞,2026-09-01,6号艇の枠別出走数,-0.1711,1号艇の級別順位,-0.0988,1号艇の年齢,-0.0902,1号艇の勝率順位,-0.0885,1号艇のracer_win_te,0.0671,3号艇のwin_rate_rank_2to6,0.1609,3号艇の当地勝率,0.0882,2号艇のvs_boat3_diff,0.0508,3号艇のsession_exh_rel_avg,-0.0507,3号艇の全国勝率,0.041,2号艇のwin_rate_rank_2to6,-0.1628,2号艇の全国勝率,-0.083,レース時間帯,-0.0572,2号艇の直近平均着順,-0.0564,2号艇のsession_avg_finish,-0.0549,0.0852,南東 3.2m/s,[逃げ]6号艇の枠別出走数が不利(-17.1pt)、1号艇の級別順位が不利(-9.9pt) / [2着]3号艇のwin_rate_rank_2to6が有利(+16.1pt)、3号艇の当地勝率が有利(+8.8pt) / [候補2]2号艇のwin_rate_rank_2to6が不利(-16.3pt)、2号艇の全国勝率が不利(-8.3pt) / [除外]4号艇のwin_rate_rank_2to6が不利(-5.6pt)、天気+8.5pt
72,16,児島,9,15:34,0.7264530014592743,3,0.3480985750400475,4,0.2581096128851098,0.4403817576274183,0.24747117214685588,0.3587370157783014,0.30960360992483854,0.4158883350726832,1-3,1-4,0.17977617578072821,0.25287725464153893,0.1875045029858794,0.09294826744365797,0.013346787752790395,True,False,False,False,これしか９じ,2026-09-01,1号艇のdominance,0.2702,1号艇vs4号艇の枠別平均ST差,-0.0903,1号艇の勝率順位,0.0816,1号艇のvs_max234_diff,0.0756,1号艇の級別順位,0.074,3号艇のwin_rate_rank_2to6,-0.0727,3号艇の全国勝率,-0.0687,3号艇のcumulative_diff_rank_2to6,0.0649,3号艇の年齢,-0.0531,3号艇のモーター2連率,0.0521,4号艇の年齢,0.1087,4号艇のwin_rate_rank_2to6,0.0797,4号艇のclass_rank_2to6,-0.0738,3号艇の枠別勝率,-0.0692,場特性:1x_diff_course4,0.0493,-0.0368,北東 4.3m/s,[逃げ]1号艇のdominanceが有利(+27.0pt)、1号艇vs4号艇の枠別平均ST差が不利(-9.0pt) / [2着]3号艇のwin_rate_rank_2to6が不利(-7.3pt)、3号艇の全国勝率が不利(-6.9pt) / [候補2]4号艇の年齢が有利(+10.9pt)、4号艇のwin_rate_rank_2to6が有利(+8.0pt) / [除外]6号艇のsession_exh_rel_avgが不利(-6.5pt)、天気-3.7pt
73,12,住之江,11,20:02,0.6951910695861849,2,0.3564567783370488,3,0.23537361194905188,0.41143520203660355,0.2157866099938684,0.37604378029223223,0.30489655306105834,0.4008177755132921,1-2,1-3,0.2478055689933786,0.163629633043225,0.15001292420401433,0.08281939492665046,0.050923540649550875,False,False,False,False,予選特別Ａ戦,2026-09-01,風速区分,0.0937,1号艇の勝率順位,-0.0796,1号艇のdominance,0.0766,1号艇の級別順位,0.0749,1号艇のsession_exh_count,-0.0738,2号艇のwin_rate_rank_2to6,-0.1492,2号艇の全国勝率,0.0563,4号艇のモーター出走数,-0.0506,レース時間帯,-0.0454,2号艇の直近平均着順,-0.0452,3号艇のwin_rate_rank_2to6,-0.0585,3号艇の当地勝率,-0.0427,3号艇のcumulative_diff_rank_2to6,0.0418,3号艇のモーター2連率,-0.0356,3号艇の全国2連率,0.0348,0.0886,北東 0.9m/s,[逃げ]風速区分が有利(+9.4pt)、1号艇の勝率順位が不利(-8.0pt) / [2着]2号艇のwin_rate_rank_2to6が不利(-14.9pt)、2号艇の全国勝率が有利(+5.6pt) / [候補2]3号艇のwin_rate_rank_2to6が不利(-5.9pt)、3号艇の当地勝率が不利(-4.3pt) / [除外]2号艇のracer_2nd_teが不利(-5.7pt)、天気+8.9pt
74,05,多摩川,4,13:00,0.6662112179878404,3,0.3570642013014881,4,0.2450268403012163,0.40111980616570514,0.20096389713288362,0.4011271444698207,0.30438708680860876,0.4011220076569397,1-3,1-4,0.13388440268048146,0.23788017644891982,0.16323962971678538,0.06251038728267305,0.06869662434081089,True,True,False,False,一般,2026-09-01,1号艇のdominance,0.1643,6号艇の枠別出走数,-0.1078,1号艇の勝率順位,0.0848,1号艇のsession_exh_rel_avg,-0.0843,1号艇の級別順位,0.0784,3号艇のsession_exh_rel_avg,0.0931,3号艇のwin_rate_rank_2to6,-0.0493,3号艇の全国2連率,0.0319,3号艇の全国勝率,0.0304,1号艇vs3号艇の枠別勝率差,-0.0301,4号艇のwin_rate_rank_2to6,0.0925,4号艇のsession_exh_rel_avg,-0.0908,4号艇のclass_rank_2to6,-0.0752,4号艇の年齢,0.0671,3号艇の年齢,0.0445,0.0378,東 1.2m/s,[逃げ]1号艇のdominanceが有利(+16.4pt)、6号艇の枠別出走数が不利(-10.8pt) / [2着]3号艇のsession_exh_rel_avgが有利(+9.3pt)、3号艇のwin_rate_rank_2to6が不利(-4.9pt) / [候補2]4号艇のwin_rate_rank_2to6が有利(+9.3pt)、4号艇のsession_exh_rel_avgが不利(-9.1pt) / [除外]1号艇vs2号艇の枠別勝率差が不利(-7.7pt)、2号艇のwin_rate_rank_2to6が不利(-5.1pt)、天気+3.8pt
75,18,徳山,2,09:10,0.7972325926855561,3,0.2739163446758024,5,0.2672613963229419,0.4314445335601413,0.25191414557389913,0.28926359542484514,0.30102015631894236,0.3887902521195524,1-3,1-5,0.15358433984375358,0.21837503764484037,0.20083416741004623,0.21306949591530092,0.011369551500374718,False,False,True,False,狙いトク特選,2026-09-01,場特性:in_escape_diff,0.2498,1号艇のsession_exh_rel_avg,0.124,1号艇の節間得点,0.0991,1号艇のdominance,0.0735,1号艇のracer_win_te,0.0702,3号艇のsession_exh_rel_avg,-0.1508,3号艇の年齢,-0.0596,3号艇のwin_rate_rank_2to6,0.0503,場特性:1x_diff_course3,0.0441,3号艇のracer_2nd_te,0.033,5号艇のwin_rate_rank_2to6,0.2473,5号艇のclass_rank_2to6,0.1954,5号艇のsession_exh_rel_avg,0.0878,4号艇の当地勝率,-0.0806,1号艇vs5号艇のlocal_win_rate差,0.0761,0.0346,南 2.7m/s,[逃げ]場特性:in_escape_diffが有利(+25.0pt)、1号艇のsession_exh_rel_avgが有利(+12.4pt) / [2着]3号艇のsession_exh_rel_avgが不利(-15.1pt)、3号艇の年齢が不利(-6.0pt) / [候補2]5号艇のwin_rate_rank_2to6が有利(+24.7pt)、5号艇のclass_rank_2to6が有利(+19.5pt) / [除外]6号艇のwin_rate_rank_2to6が不利(-7.8pt)、天気+3.5pt
76,05,多摩川,10,16:08,0.6943136989150018,3,0.32869507833258554,2,0.2864226121175253,0.4270846389244695,0.2476055924029637,0.3675120980471471,0.30018638489195054,0.40921287666127276,1-3,1-2,0.1988671432722158,0.22821749565225374,0.171915954733342,0.05715074340941808,0.03816237736689275,True,False,False,False,準優勝戦,2026-09-01,1号艇のdominance,0.1571,1号艇の年齢,-0.13,1号艇のracer_win_te,0.1149,3号艇のsession_exh_rel_avg,-0.0857,風速区分,0.0813,3号艇のsession_exh_rel_avg,0.1177,3号艇のwin_rate_rank_2to6,0.0669,6号艇のracer_2nd_te,-0.0649,場特性:1x_diff_course3,-0.0474,全艇平均勝率,-0.0406,2号艇のwin_rate_rank_2to6,-0.1427,1号艇の年齢,0.0661,2号艇の節間得点,0.0584,2号艇の全国勝率,0.0499,2号艇のclass_rank_2to6,-0.0473,0.1367,南東 1.2m/s,[逃げ]1号艇のdominanceが有利(+15.7pt)、1号艇の年齢が不利(-13.0pt) / [2着]3号艇のsession_exh_rel_avgが有利(+11.8pt)、3号艇のwin_rate_rank_2to6が有利(+6.7pt) / [候補2]2号艇のwin_rate_rank_2to6が不利(-14.3pt)、1号艇の年齢が有利(+6.6pt)、天気+13.7pt
77,13,尼崎,7,13:25,0.549738175512259,4,0.4588741360321206,2,0.2573129600344365,0.39371538751705204,0.20141081224764218,0.5147762838189149,0.2985571443240065,0.4300336564076108,1-4,1-2,0.14145475718498993,0.11072321245346096,0.25226063033206214,0.031087530301269595,0.01421204165659141,True,True,False,False,予選,2026-09-01,1号艇のdominance,-0.2795,1号艇のvs_max234_diff,-0.0917,1号艇のモーター2連率,0.0915,1号艇の級別順位,-0.0895,1号艇のracer_win_te,-0.0697,4号艇のwin_rate_rank_2to6,0.2454,4号艇のclass_rank_2to6,0.2364,4号艇の全国勝率,0.1219,4号艇の年齢,-0.0661,4号艇のracer_avgfin_te,0.0487,win_rate_gap_top2_2to6,-0.117,2号艇のclass_rank_2to6,0.0745,2号艇のモーター2連率,-0.0444,2号艇のwin_rate_rank_2to6,0.0412,3号艇の全国勝率,-0.0364,0.0433,南西 3.3m/s,[逃げ]1号艇のdominanceが不利(-28.0pt)、1号艇のvs_max234_diffが不利(-9.2pt) / [2着]4号艇のwin_rate_rank_2to6が有利(+24.5pt)、4号艇のclass_rank_2to6が有利(+23.6pt) / [候補2]win_rate_gap_top2_2to6が不利(-11.7pt)、2号艇のclass_rank_2to6が有利(+7.5pt) / [除外]5号艇のwin_rate_rank_2to6が不利(-5.2pt)、天気+4.3pt
78,20,若松,5,17:12,0.5129409466096395,2,0.45629128634394744,4,0.2673043376333576,0.3711618243255116,0.16384786094607012,0.5597477630312349,0.2981849391488202,0.42773760593722854,1-2,1-4,0.2340504843469945,0.0840442768936418,0.13711133997851713,0.04527762686971604,0.012457210877354364,True,False,False,False,予選,2026-09-01,1号艇のsession_exh_rel_avg,0.119,1号艇の年齢,-0.0935,1号艇の級別順位,-0.0834,1号艇のdominance,-0.0746,1号艇の勝率順位,-0.0727,2号艇のwin_rate_rank_2to6,0.1693,2号艇のclass_rank_2to6,0.0913,3号艇の直近平均着順,0.0894,2号艇の全国勝率,0.0572,2号艇のsession_avg_finish,-0.0462,4号艇のclass_rank_2to6,0.1255,4号艇のwin_rate_rank_2to6,0.0929,3号艇の年齢,0.0781,4号艇の年齢,-0.0672,4号艇の全国勝率,0.0518,0.0397,東 2.6m/s,[逃げ]1号艇のsession_exh_rel_avgが有利(+11.9pt)、1号艇の年齢が不利(-9.4pt) / [2着]2号艇のwin_rate_rank_2to6が有利(+16.9pt)、2号艇のclass_rank_2to6が有利(+9.1pt) / [候補2]4号艇のclass_rank_2to6が有利(+12.6pt)、4号艇のwin_rate_rank_2to6が有利(+9.3pt) / [除外]6号艇のwin_rate_rank_2to6が不利(-8.5pt)、6号艇のvs_avg456_diffが不利(-6.5pt)、天気+4.0pt
79,19,下関,7,18:15,0.6874177334715403,2,0.32950140898858227,5,0.2620189674938626,0.4066215965037944,0.22228201137189127,0.3692383651105535,0.29815999689805883,0.39540662708582214,1-2,1-5,0.22650511174261026,0.1103168171703394,0.15280059644876065,0.18011648476118425,0.01767872462906118,True,False,False,False,ふく～る特賞,2026-09-01,1号艇のdominance,0.1525,1号艇のlocal_win_rate順位,0.0825,4号艇のモーター2連率,-0.0778,場特性:in_escape_diff,0.0753,1号艇の級別順位,0.0723,2号艇のsession_exh_rel_avg,-0.0664,2号艇のclass_rank_2to6,-0.065,3号艇のracer_win_te,0.0613,2号艇の全国勝率,0.0419,2号艇のモーター2連率,-0.0398,5号艇のwin_rate_rank_2to6,0.2251,5号艇のclass_rank_2to6,0.1469,5号艇のracer_avgfin_te,0.0607,5号艇のsession_rank_diff_last,0.0602,5号艇の節間得点,0.0494,0.0383,東 3.2m/s,[逃げ]1号艇のdominanceが有利(+15.3pt)、1号艇のlocal_win_rate順位が有利(+8.2pt) / [2着]2号艇のsession_exh_rel_avgが不利(-6.6pt)、2号艇のclass_rank_2to6が不利(-6.5pt) / [候補2]5号艇のwin_rate_rank_2to6が有利(+22.5pt)、5号艇のclass_rank_2to6が有利(+14.7pt) / [除外]6号艇のwin_rate_rank_2to6が不利(-8.2pt)、天気+3.8pt
80,08,常滑,10,15:10,0.5513581140975148,3,0.45552924668797223,4,0.2167069732209123,0.37064289443700477,0.17163682147941667,0.5005993984294679,0.29430373247088665,0.4096298456347437,1-3,1-4,0.05503739443030404,0.25115974637014193,0.11948314806686285,0.094633354200583,0.031044473083591977,True,False,False,False,予選特賞,2026-09-01,1号艇のdominance,0.1554,風速区分,-0.1004,1号艇のsession_exh_rel_avg,-0.0835,1号艇vs4号艇の枠別平均ST差,-0.0678,4号艇のモーター2連率,-0.0637,3号艇のwin_rate_rank_2to6,0.1604,3号艇の当地勝率,0.0736,1号艇のracer_2nd_te,0.0503,3号艇のclass_rank_2to6,0.048,3号艇の節間得点,0.0474,4号艇のwin_rate_rank_2to6,-0.1591,4号艇のモーター2連率,0.1179,4号艇のclass_rank_2to6,-0.0833,4号艇の全国2連率,0.0833,4号艇の全国勝率,-0.069,-0.1305,南東 6.2m/s,[逃げ]1号艇のdominanceが有利(+15.5pt)、風速区分が不利(-10.0pt) / [2着]3号艇のwin_rate_rank_2to6が有利(+16.0pt)、3号艇の当地勝率が有利(+7.4pt) / [候補2]4号艇のwin_rate_rank_2to6が不利(-15.9pt)、4号艇のモーター2連率が有利(+11.8pt) / [除外]2号艇のwin_rate_rank_2to6が不利(-5.6pt)、天気-13.0pt
81,12,住之江,8,18:22,0.6799930884053091,5,0.32024404108817117,3,0.2509005430425264,0.38837436968899897,0.21039401415663375,0.36075056997406385,0.29032039852769387,0.38008722977451836,1-5,1-3,0.10117356255477375,0.17061063514605673,0.1430664754683597,0.21776373454294223,0.047378678160005024,True,False,False,False,予選,2026-09-01,風速区分,0.0905,1号艇のvs_max234_diff,0.0712,1号艇の節間得点,-0.066,1号艇のdominance,0.0655,1号艇の勝率順位,-0.0624,5号艇のwin_rate_rank_2to6,0.2233,5号艇のclass_rank_2to6,0.1487,5号艇の年齢,-0.1012,6号艇のモーター2連率,0.0587,場特性:1x_diff_course6,-0.0561,3号艇のwin_rate_rank_2to6,-0.0886,3号艇の全国勝率,-0.0826,3号艇のcumulative_diff_rank_2to6,0.0593,3号艇の当地勝率,-0.0525,場特性:1x_diff_course3,0.0296,0.0869,西 1.3m/s,[逃げ]風速区分が有利(+9.0pt)、1号艇のvs_max234_diffが有利(+7.1pt) / [2着]5号艇のwin_rate_rank_2to6が有利(+22.3pt)、5号艇のclass_rank_2to6が有利(+14.9pt) / [候補2]3号艇のwin_rate_rank_2to6が不利(-8.9pt)、3号艇の全国勝率が不利(-8.3pt) / [除外]2号艇の女子戦2連率が不利(-5.2pt)、天気+8.7pt
82,12,住之江,10,19:24,0.7134847594001796,4,0.3183136299316754,3,0.26002191694325216,0.41263359851462905,0.25082097863467123,0.3275145682402564,0.28843700291824675,0.3870978894323172,1-4,1-3,0.178956945593676,0.18552167484902976,0.22711192366559924,0.10924405924268552,0.012650150733313437,True,False,False,False,予選特別Ｂ戦,2026-09-01,1号艇の年齢,-0.1683,1号艇の級別順位,0.0819,風速区分,0.0667,1号艇のracer_win_te,0.0596,場特性:in_escape_diff,0.0551,4号艇のwin_rate_rank_2to6,0.1876,4号艇のclass_rank_2to6,0.1113,4号艇のcumulative_diff_rank_2to6,0.0542,3号艇の年齢,0.0508,4号艇のsession_exh_rel_avg,0.0392,3号艇のwin_rate_rank_2to6,-0.1176,3号艇の当地勝率,-0.0615,3号艇の全国勝率,-0.0471,3号艇のcumulative_diff_rank_2to6,0.0403,3号艇のモーター2連率,-0.0292,0.0768,北 0.6m/s,[逃げ]1号艇の年齢が不利(-16.8pt)、1号艇の級別順位が有利(+8.2pt) / [2着]4号艇のwin_rate_rank_2to6が有利(+18.8pt)、4号艇のclass_rank_2to6が有利(+11.1pt) / [候補2]3号艇のwin_rate_rank_2to6が不利(-11.8pt)、3号艇の当地勝率が不利(-6.2pt) / [除外]6号艇のwin_rate_rank_2to6が不利(-7.8pt)、6号艇のvs_avg456_diffが不利(-6.3pt)、天気+7.7pt
83,07,蒲郡,12,20:36,0.7142273539544276,2,0.31185668612711903,3,0.2795425865125069,0.42239353762797316,0.27158461920312243,0.31981465343650356,0.2847348319433098,0.39161987237053225,1-2,1-3,0.22273657574556868,0.19965696188240448,0.19397316394816697,0.08862698441244736,0.009233656657847157,False,False,False,False,優勝戦,2026-09-01,6号艇の枠別出走数,-0.2987,1号艇のdominance,0.2776,1号艇のracer_win_te,0.1618,1号艇の全国勝率,0.1588,風速区分,0.102,2号艇のwin_rate_rank_2to6,-0.1265,2号艇のsession_exh_rel_avg,0.0637,2号艇のモーター2連率,-0.0546,1号艇の女子戦2連率,0.0527,2号艇の節間得点,0.0484,3号艇のモーター2連率,0.0936,3号艇の当地勝率,0.0835,3号艇のwin_rate_rank_2to6,0.0749,3号艇のsession_exh_rel_avg,-0.0613,6号艇のracer_2nd_te,-0.0569,0.0752,南東 2.8m/s,[逃げ]6号艇の枠別出走数が不利(-29.9pt)、1号艇のdominanceが有利(+27.8pt) / [2着]2号艇のwin_rate_rank_2to6が不利(-12.7pt)、2号艇のsession_exh_rel_avgが有利(+6.4pt) / [候補2]3号艇のモーター2連率が有利(+9.4pt)、3号艇の当地勝率が有利(+8.3pt) / [除外]6号艇のsession_exh_rel_avgが不利(-6.5pt)、3号艇のracer_win_teが不利(-5.5pt)、天気+7.5pt
84,16,児島,6,13:43,0.39584044477713015,4,0.4785840744544832,3,0.3370589811270739,0.322864509900781,0.10516572366825677,0.7104773319133002,0.2821193741041658,0.43914835650453676,1-4,1-3,0.030799742598962176,0.13342157700546725,0.1894429328953138,0.041628846832151525,0.0005473420351753477,True,True,False,False,予選,2026-09-01,1号艇のdominance,-0.1591,6号艇の枠別出走数,-0.0886,5号艇の節間得点,-0.0776,1号艇の級別順位,-0.0737,1号艇の全国勝率,-0.067,5号艇のrecent_4to6_rate,0.1522,5号艇の直近平均着順,0.1217,4号艇のwin_rate_rank_2to6,0.1014,5号艇の枠別勝率,0.0888,4号艇の全国勝率,0.0693,3号艇のsession_exh_rel_avg,0.0974,3号艇の当地勝率,0.0664,5号艇の節間得点,-0.0647,3号艇の節間得点,0.0614,3号艇のsession_exh_rel_last,0.0594,0.0403,東 3.8m/s,[逃げ]1号艇のdominanceが不利(-15.9pt)、6号艇の枠別出走数が不利(-8.9pt) / [2着]5号艇のrecent_4to6_rateが有利(+15.2pt)、5号艇の直近平均着順が有利(+12.2pt) / [候補2]3号艇のsession_exh_rel_avgが有利(+9.7pt)、3号艇の当地勝率が有利(+6.6pt) / [除外]6号艇の直近平均着順が不利(-26.5pt)、6号艇の全国勝率が不利(-17.5pt)、天気+4.0pt
85,12,住之江,2,15:41,0.6686635044512527,3,0.280266249760602,2,0.26914956807348167,0.36737430615388944,0.22225666377126552,0.32715915406281815,0.2693926409846331,0.35530976052656804,1-3,1-2,0.17997049340955523,0.18740381274433418,0.0933910769429899,0.14861491968493817,0.05928320665136649,True,False,False,False,予選,2026-09-01,1号艇のdominance,0.1198,1号艇のvs_max234_diff,0.1044,風速区分,0.0799,4号艇の直近複勝率,-0.0694,6号艇の当地2連率,-0.0692,3号艇のracer_avgfin_te,-0.0988,3号艇のwin_rate_rank_2to6,-0.0982,3号艇の全国勝率,-0.0785,3号艇の当地勝率,-0.0579,3号艇のモーター2連率,-0.0465,2号艇の当地勝率,-0.0655,6号艇の当地2連率,-0.0642,2号艇のwin_rate_rank_2to6,-0.0532,2号艇の全国勝率,-0.0499,second_best_win_rate,0.0496,0.0281,北 0.8m/s,[逃げ]1号艇のdominanceが有利(+12.0pt)、1号艇のvs_max234_diffが有利(+10.4pt) / [2着]3号艇のracer_avgfin_teが不利(-9.9pt)、3号艇のwin_rate_rank_2to6が不利(-9.8pt) / [候補2]2号艇の当地勝率が不利(-6.6pt)、6号艇の当地2連率が不利(-6.4pt) / [除外]4号艇のracer_avgfin_teが不利(-11.4pt)、4号艇のwin_rate_rank_2to6が不利(-6.1pt)、天気+2.8pt
86,20,若松,1,15:23,0.4747856594814106,3,0.3497585665753211,2,0.3359639343085416,0.32557120980338694,0.1458384823135877,0.5398840185702751,0.26859423645611746,0.3898650524334534,1-3,1-2,0.15951085811265023,0.16606035169073669,0.06924202000302478,0.03595253755123571,0.044019893892477575,True,False,False,False,予選,2026-09-01,1号艇の年齢,-0.1019,1号艇のsession_avg_finish,-0.0995,1号艇のdominance,0.0951,1号艇のsession_exh_rel_avg,-0.0896,1号艇のvs_max234_diff,0.0893,3号艇の年齢,-0.0879,3号艇のwin_rate_rank_2to6,-0.073,3号艇のsession_exh_rel_avg,0.0636,3号艇の全国勝率,-0.051,3号艇のモーター2連率,0.0497,2号艇のsession_exh_rel_avg,-0.0756,4号艇の年齢,0.0691,3号艇のracer_2nd_te,0.0676,2号艇のモーター2連率,-0.0486,ST差分(4-3),0.0466,0.0135,南東 3.3m/s,[逃げ]1号艇の年齢が不利(-10.2pt)、1号艇のsession_avg_finishが不利(-10.0pt) / [2着]3号艇の年齢が不利(-8.8pt)、3号艇のwin_rate_rank_2to6が不利(-7.3pt) / [候補2]2号艇のsession_exh_rel_avgが不利(-7.6pt)、4号艇の年齢が有利(+6.9pt)、天気+1.4pt
87,06,浜名湖,8,14:47,0.502193951024117,4,0.4982403386899116,3,0.21613338498564116,0.35875416280043665,0.2133492528246524,0.5010244708509004,0.26690624370298843,0.40143525521557577,1-4,1-3,0.10714270422405545,0.1085408785541557,0.2502132842462809,0.03408615555372984,0.002210935578389673,True,True,False,False,ブレイクタイ,2026-09-01,1号艇の女子戦比率,-0.1835,1号艇の年齢,-0.0959,1号艇のsession_exh_rel_avg,0.089,1号艇のモーター2連率,0.0806,4号艇の直近1着率,-0.0752,4号艇のclass_rank_2to6,0.254,4号艇のwin_rate_rank_2to6,0.2358,4号艇の全国勝率,0.1248,4号艇のsession_exh_rel_avg,-0.0955,5号艇のracer_win_te,0.0866,3号艇のwin_rate_rank_2to6,-0.087,win_rate_gap_top2_2to6,0.07,4号艇の直近複勝率,0.0555,3号艇のsession_exh_rel_avg,-0.0508,3号艇の全国勝率,-0.05,-0.0547,南東 3.4m/s,[逃げ]1号艇の女子戦比率が不利(-18.3pt)、1号艇の年齢が不利(-9.6pt) / [2着]4号艇のclass_rank_2to6が有利(+25.4pt)、4号艇のwin_rate_rank_2to6が有利(+23.6pt) / [候補2]3号艇のwin_rate_rank_2to6が不利(-8.7pt)、win_rate_gap_top2_2to6が有利(+7.0pt) / [除外]6号艇のvs_avg456_diffが不利(-12.5pt)、6号艇の全国勝率が不利(-12.5pt)、天気-5.5pt
88,06,浜名湖,10,15:55,0.4533698973502607,2,0.38471759782459714,5,0.35281884614124215,0.3343768218928688,0.18067150090680528,0.556864943059034,0.2618819871570703,0.40112325824271833,1-2,1-5,0.17441937783457648,0.08191101982023584,0.03520389651673102,0.15995744405829238,0.0018781496729476995,True,False,False,False,予選特賞,2026-09-01,1号艇のdominance,-0.1535,1号艇の女子戦比率,-0.1348,1号艇の年齢,0.0934,レース時間帯,0.0764,1号艇の級別順位,-0.0633,2号艇のsession_exh_rel_avg,0.1026,2号艇のclass_rank_2to6,0.0843,2号艇の体重,-0.0794,2号艇の女子戦比率,-0.0653,6号艇のモーター出走数,0.0547,5号艇のwin_rate_rank_2to6,0.2694,5号艇のclass_rank_2to6,0.2146,5号艇のsession_exh_rel_avg,0.125,5号艇の性別,-0.08,5号艇のモーター2連率,0.0752,0.0761,東 3.3m/s,[逃げ]1号艇のdominanceが不利(-15.3pt)、1号艇の女子戦比率が不利(-13.5pt) / [2着]2号艇のsession_exh_rel_avgが有利(+10.3pt)、2号艇のclass_rank_2to6が有利(+8.4pt) / [候補2]5号艇のwin_rate_rank_2to6が有利(+26.9pt)、5号艇のclass_rank_2to6が有利(+21.5pt) / [除外]6号艇の全国勝率が不利(-15.8pt)、6号艇の直近平均着順が不利(-11.9pt)、天気+7.6pt
89,21,芦屋,7,11:16,0.5790950047389825,2,0.3661598242633072,3,0.19692019710651035,0.3260768276435808,0.16466232428804717,0.39841769708177033,0.2616457456400628,0.34777908847503763,1-2,1-3,0.21204132516698485,0.11403550247659597,0.08736707807020365,0.07029598466235842,0.09535512946391854,True,True,False,False,一般,2026-09-01,1号艇のdominance,0.1289,1号艇の年齢,-0.1048,6号艇のモーター出走数,-0.0954,1号艇のvs_max234_diff,0.091,1号艇のsession_exh_rel_avg,-0.0792,2号艇のsession_exh_rel_avg,-0.1079,second_best_win_rate,0.0611,2号艇のclass_rank_2to6,-0.0526,1号艇の年齢,0.0508,3号艇の全国勝率,-0.0506,3号艇のwin_rate_rank_2to6,-0.1227,3号艇の年齢,-0.1147,3号艇のracer_avgfin_te,-0.1071,4号艇のモーター出走数,-0.0928,6号艇のモーター出走数,0.0764,0.0497,東 1.7m/s,[逃げ]1号艇のdominanceが有利(+12.9pt)、1号艇の年齢が不利(-10.5pt) / [2着]2号艇のsession_exh_rel_avgが不利(-10.8pt)、second_best_win_rateが有利(+6.1pt) / [候補2]3号艇のwin_rate_rank_2to6が不利(-12.3pt)、3号艇の年齢が不利(-11.5pt) / [除外]5号艇のsession_exh_rel_avgが不利(-6.7pt)、天気+5.0pt
90,21,芦屋,2,08:58,0.38717686722384836,4,0.6335080517378622,2,0.16411947339747296,0.3088229263934104,0.13014167329378118,0.6674858518415538,0.2605940475226256,0.41642180402785345,1-4,1-2,0.0635432635604613,0.050387845361155766,0.24527966283294914,0.010667320906435107,0.017298776005193292,False,False,True,False,サンライズＷ,2026-09-01,1号艇vs4号艇のcumulative差,-0.1057,4号艇のsession_exh_rel_avg,-0.0852,6号艇のモーター出走数,-0.0785,1号艇のモーター2連率順位,-0.0756,2号艇のモーター出走数,-0.0751,4号艇のwin_rate_rank_2to6,0.2606,4号艇のclass_rank_2to6,0.1917,4号艇のモーター2連率,0.109,4号艇の節間得点,0.0958,4号艇のsession_exh_rel_avg,0.0838,2号艇のwin_rate_rank_2to6,-0.1406,2号艇のsession_exh_rel_avg,-0.0636,3号艇のモーター出走数,0.052,4号艇のsession_rank_diff_delta,-0.0503,2号艇のclass_rank_2to6,-0.0455,0.0211,東 1.6m/s,[逃げ]1号艇vs4号艇のcumulative差が不利(-10.6pt)、4号艇のsession_exh_rel_avgが不利(-8.5pt) / [2着]4号艇のwin_rate_rank_2to6が有利(+26.1pt)、4号艇のclass_rank_2to6が有利(+19.2pt) / [候補2]2号艇のwin_rate_rank_2to6が不利(-14.1pt)、2号艇のsession_exh_rel_avgが不利(-6.4pt) / [除外]5号艇のracer_avgfin_teが不利(-6.4pt)、天気+2.1pt
91,08,常滑,6,13:04,0.5854859433623743,2,0.3042452123900967,5,0.27523445267262536,0.3392771983585605,0.2057327507904331,0.373746914272289,0.2555166808000268,0.34961811313267904,1-2,1-5,0.1781312951897017,0.12017117968486625,0.12045363367707297,0.16114590316885882,0.005583924553282857,True,True,False,False,昼トコ小判Ｒ,2026-09-01,1号艇のdominance,-0.1532,1号艇のsession_exh_rel_avg,0.1216,風速区分,-0.0917,1号艇の節間得点,0.0795,ST差分(4-3),-0.0685,2号艇の節間得点,-0.0838,2号艇のclass_rank_2to6,0.0827,1号艇vs2号艇のcumulative差,-0.0632,2号艇の全国勝率,0.0631,2号艇のsession_avg_finish,-0.0475,5号艇のwin_rate_rank_2to6,0.2708,5号艇のclass_rank_2to6,0.1672,6号艇のracer_win_te,-0.1256,5号艇のsession_exh_rel_avg,0.0919,5号艇の年齢,0.0526,-0.1575,南東 6.0m/s,[逃げ]1号艇のdominanceが不利(-15.3pt)、1号艇のsession_exh_rel_avgが有利(+12.2pt) / [2着]2号艇の節間得点が不利(-8.4pt)、2号艇のclass_rank_2to6が有利(+8.3pt) / [候補2]5号艇のwin_rate_rank_2to6が有利(+27.1pt)、5号艇のclass_rank_2to6が有利(+16.7pt) / [除外]6号艇のwin_rate_rank_2to6が不利(-7.4pt)、6号艇のracer_win_teが不利(-5.9pt)、天気-15.8pt
92,07,蒲郡,5,17:06,0.5481652569792401,4,0.3586466270713915,5,0.2664376559975659,0.3426494866621791,0.2244834505288949,0.40060083254006246,0.2503465197567225,0.3600348904255441,1-4,1-5,0.07118868576954171,0.12305402834675822,0.19659762049332702,0.1460518661688521,0.011273057732317068,True,False,False,False,一般戦,2026-09-01,5号艇の節間得点,-0.1223,風速区分,0.0784,1号艇vs5号艇のcumulative差,-0.0712,1号艇の年齢,0.0659,1号艇のlocal_win_rate順位,-0.0659,4号艇のclass_rank_2to6,0.1287,4号艇のwin_rate_rank_2to6,0.0949,4号艇のモーター2連率,0.0926,4号艇の節間得点,0.0635,4号艇のsession_exh_rel_avg,-0.0516,5号艇のwin_rate_rank_2to6,0.2759,5号艇のclass_rank_2to6,0.1716,5号艇の年齢,-0.1068,mean_234_全国勝率,0.0655,5号艇の節間得点,0.063,0.0283,南東 2.8m/s,[逃げ]5号艇の節間得点が不利(-12.2pt)、風速区分が有利(+7.8pt) / [2着]4号艇のclass_rank_2to6が有利(+12.9pt)、4号艇のwin_rate_rank_2to6が有利(+9.5pt) / [候補2]5号艇のwin_rate_rank_2to6が有利(+27.6pt)、5号艇のclass_rank_2to6が有利(+17.2pt) / [除外]6号艇のwin_rate_rank_2to6が不利(-7.8pt)、1号艇vs6号艇のcumulative差が不利(-7.2pt)、天気+2.8pt
93,16,児島,8,14:58,0.4580410767046893,2,0.4545953391971126,3,0.2071660619307697,0.303113904694219,0.15659970910600968,0.5051616920218727,0.24615284553289726,0.3637282408925151,1-2,1-3,0.2082233386307789,0.0948905660634401,0.06323376142823314,0.01996430865217539,0.07172909937055781,True,True,False,False,予選,2026-09-01,1号艇のracer_win_te,-0.2325,1号艇のdominance,-0.0886,1号艇の節間得点,0.0847,2号艇のsession_exh_rel_avg,-0.0835,1号艇の級別順位,-0.0815,2号艇のwin_rate_rank_2to6,0.1652,2号艇のsession_exh_rel_avg,0.1008,2号艇のモーター2連率,0.0818,2号艇のclass_rank_2to6,0.0729,6号艇のsession_exh_rel_last,-0.0643,3号艇のsession_exh_rel_avg,-0.1519,3号艇のwin_rate_rank_2to6,-0.0505,3号艇の全国勝率,0.0485,3号艇のsession_exh_rel_last,-0.0449,3号艇のracer_2nd_te,0.0327,-0.0159,北東 4.2m/s,[逃げ]1号艇のracer_win_teが不利(-23.3pt)、1号艇のdominanceが不利(-8.9pt) / [2着]2号艇のwin_rate_rank_2to6が有利(+16.5pt)、2号艇のsession_exh_rel_avgが有利(+10.1pt) / [候補2]3号艇のsession_exh_rel_avgが不利(-15.2pt)、3号艇のwin_rate_rank_2to6が不利(-5.0pt)、天気-1.6pt
94,12,住之江,3,16:06,0.39086408540264417,3,0.5045267311054777,2,0.27965453200388807,0.30650829219513254,0.17092966677592417,0.6132515963334417,0.24363865989636663,0.39853128343662525,1-3,1-2,0.10930691288040419,0.19720137931472834,0.06681026787255033,0.01132469548506353,0.006220830759949105,True,False,False,False,予選,2026-09-01,1号艇のdominance,-0.2389,1号艇のvs_max234_diff,-0.1077,1号艇の全国勝率,-0.082,1号艇の年齢,-0.0802,1号艇の級別順位,-0.0766,3号艇のwin_rate_rank_2to6,0.201,3号艇の全国勝率,0.0737,2号艇の直近複勝率,0.0647,3号艇の一般戦2連率,0.049,3号艇のclass_rank_2to6,0.0467,6号艇の体重,0.1645,2号艇のwin_rate_rank_2to6,-0.061,2号艇の全国勝率,-0.0605,2号艇のclass_rank_2to6,-0.0446,2号艇のモーター2連率,0.0439,0.0268,北西 1.2m/s,[逃げ]1号艇のdominanceが不利(-23.9pt)、1号艇のvs_max234_diffが不利(-10.8pt) / [2着]3号艇のwin_rate_rank_2to6が有利(+20.1pt)、3号艇の全国勝率が有利(+7.4pt) / [候補2]6号艇の体重が有利(+16.5pt)、2号艇のwin_rate_rank_2to6が不利(-6.1pt) / [除外]6号艇のwin_rate_rank_2to6が不利(-8.3pt)、6号艇のvs_avg456_diffが不利(-5.0pt)、天気+2.7pt
95,05,多摩川,2,12:00,0.3141601357820241,2,0.46622496273336944,3,0.3746114154292181,0.2641572707340239,0.0759887955731127,0.7648475825894749,0.24006967932007292,0.41436436429065915,1-2,1-3,0.14646929759728447,0.11768797313673941,0.023872650335161557,0.018674614314155243,0.007455598935761289,True,True,False,False,一般,2026-09-01,1号艇のdominance,-0.2388,1号艇のracer_win_te,-0.1129,1号艇vs2号艇のcumulative差,-0.1088,場×風向,-0.0961,1号艇の全国勝率,-0.0836,2号艇のwin_rate_rank_2to6,0.139,2号艇の当地勝率,0.0999,2号艇のclass_rank_2to6,0.072,2号艇のsession_exh_rel_avg,0.0649,2号艇のracer_avgfin_te,0.0593,3号艇のsession_exh_rel_avg,-0.1239,3号艇の当地勝率,0.0995,3号艇のwin_rate_rank_2to6,0.0637,1号艇vs2号艇のplace_rate差,0.0498,3号艇のcumulative_diff_rank_2to6,0.0374,-0.0557,北東 1.4m/s,[逃げ]1号艇のdominanceが不利(-23.9pt)、1号艇のracer_win_teが不利(-11.3pt) / [2着]2号艇のwin_rate_rank_2to6が有利(+13.9pt)、2号艇の当地勝率が有利(+10.0pt) / [候補2]3号艇のsession_exh_rel_avgが不利(-12.4pt)、3号艇の当地勝率が有利(+9.9pt) / [除外]6号艇のsession_exh_rel_avgが不利(-7.2pt)、天気-5.6pt
96,13,尼崎,2,11:12,0.45466560880371565,2,0.4211566139357935,4,0.2441226258440034,0.30247959057895446,0.19733646689029524,0.4679427728895016,0.23085128612542577,0.3521185452721186,1-2,1-4,0.191485428276829,0.08972210485785036,0.1109941623021255,0.044116229817538696,0.01834767846808802,True,True,False,False,予選,2026-09-01,5号艇の枠別出走数,-0.1801,1号艇の級別順位,-0.1009,1号艇の年齢,-0.0916,風速区分,0.0602,1号艇の節間得点,-0.0591,2号艇のwin_rate_rank_2to6,0.1627,2号艇のclass_rank_2to6,0.08,2号艇の全国勝率,0.0443,2号艇のモーター2連率,-0.0323,1号艇の年齢,0.0271,4号艇のclass_rank_2to6,0.113,4号艇のwin_rate_rank_2to6,0.0882,4号艇のcumulative_diff_rank_2to6,0.0503,1号艇の一般戦2連率,0.0307,4号艇のsession_exh_rel_avg,0.0299,0.0397,北東 0.7m/s,[逃げ]5号艇の枠別出走数が不利(-18.0pt)、1号艇の級別順位が不利(-10.1pt) / [2着]2号艇のwin_rate_rank_2to6が有利(+16.3pt)、2号艇のclass_rank_2to6が有利(+8.0pt) / [候補2]4号艇のclass_rank_2to6が有利(+11.3pt)、4号艇のwin_rate_rank_2to6が有利(+8.8pt) / [除外]6号艇のwin_rate_rank_2to6が不利(-6.6pt)、天気+4.0pt
97,18,徳山,7,11:32,0.4051520696694686,3,0.5302310697362536,5,0.16267005569125353,0.2807303250432585,0.1502265852070523,0.5426745402204547,0.23012253532888105,0.35931358959641735,1-3,1-5,0.05779917935547743,0.21482421530669946,0.06086461191601401,0.06590610973655908,0.005757950336100452,True,True,False,False,予選,2026-09-01,場特性:in_escape_diff,0.2258,1号艇のdominance,-0.2224,3号艇のsession_exh_rel_avg,-0.0862,1号艇の級別順位,-0.0855,1号艇の直近1着率,-0.0765,3号艇のsession_exh_rel_avg,0.1104,3号艇の当地勝率,0.0844,場特性:1x_diff_course3,0.0587,3号艇のwin_rate_rank_2to6,-0.0553,3号艇のracer_avgfin_te,0.0467,5号艇のwin_rate_rank_2to6,0.2325,5号艇のclass_rank_2to6,0.1783,5号艇のsession_exh_rel_avg,-0.1353,1号艇のsession_rank_diff_last,-0.0681,1号艇vs5号艇のlocal_win_rate差,0.066,0.0077,南 1.4m/s,[逃げ]場特性:in_escape_diffが有利(+22.6pt)、1号艇のdominanceが不利(-22.2pt) / [2着]3号艇のsession_exh_rel_avgが有利(+11.0pt)、3号艇の当地勝率が有利(+8.4pt) / [候補2]5号艇のwin_rate_rank_2to6が有利(+23.3pt)、5号艇のclass_rank_2to6が有利(+17.8pt) / [除外]2号艇のwin_rate_rank_2to6が不利(-7.8pt)、6号艇のwin_rate_rank_2to6が不利(-6.7pt)、天気+0.8pt
98,07,蒲郡,1,15:19,0.4215398648169445,2,0.3604446148526076,4,0.30754759170748613,0.28158534445211436,0.17746240534097668,0.49052980121911705,0.22162036940982677,0.3442686814822151,1-2,1-4,0.15194177421896382,0.07480747835752512,0.12964357023315054,0.06308883013514738,0.002058199211143294,True,False,False,False,一般戦,2026-09-01,1号艇のracer_win_te,-0.2499,1号艇のsession_exh_rel_avg,0.134,1号艇のdominance,-0.1303,1号艇の年齢,-0.1198,1号艇の全国勝率,-0.0971,2号艇のwin_rate_rank_2to6,-0.1281,2号艇の全国勝率,-0.0764,2号艇の節間得点,-0.0586,4号艇の節間得点,0.0569,2号艇のsession_exh_rel_avg,0.0539,4号艇のwin_rate_rank_2to6,0.1347,4号艇のsession_exh_rel_avg,-0.1071,4号艇のモーター2連率,0.1046,場特性:1x_diff_course4,0.0703,4号艇のclass_rank_2to6,-0.0619,0.0032,南東 2.8m/s,[逃げ]1号艇のracer_win_teが不利(-25.0pt)、1号艇のsession_exh_rel_avgが有利(+13.4pt) / [2着]2号艇のwin_rate_rank_2to6が不利(-12.8pt)、2号艇の全国勝率が不利(-7.6pt) / [候補2]4号艇のwin_rate_rank_2to6が有利(+13.5pt)、4号艇のsession_exh_rel_avgが不利(-10.7pt) / [除外]6号艇の全国勝率が不利(-17.5pt)、6号艇のvs_avg456_diffが不利(-14.2pt)、天気+0.3pt
99,13,尼崎,9,14:39,0.5916662684808944,3,0.27587210544777196,4,0.23499376102337627,0.3022621009092432,0.23200770173860208,0.2788581647325462,0.21810953848368128,0.2952409200562341,1-3,1-4,0.13727113114650702,0.16322421920825106,0.1390378817009921,0.09279134262838858,0.05934168938849848,True,True,False,False,予選特賞,2026-09-01,1号艇の年齢,-0.0892,1号艇の級別順位,0.0777,1号艇のvs_max234_diff,0.0742,1号艇の全国勝率,-0.0663,1号艇のモーター2連率順位,-0.0639,3号艇のwin_rate_rank_2to6,-0.0536,3号艇のcumulative_diff_rank_2to6,0.0384,3号艇の当地勝率,-0.0355,4号艇のモーター2連率,-0.0305,3号艇のモーター2連率,0.0287,4号艇のclass_rank_2to6,0.1067,4号艇のwin_rate_rank_2to6,0.0644,4号艇のcumulative_diff_rank_2to6,0.0485,4号艇のsession_exh_rel_avg,0.0366,1号艇vs2号艇のlocal_win_rate差,0.0339,0.0189,西 2.2m/s,[逃げ]1号艇の年齢が不利(-8.9pt)、1号艇の級別順位が有利(+7.8pt) / [2着]3号艇のwin_rate_rank_2to6が不利(-5.4pt)、3号艇のcumulative_diff_rank_2to6が有利(+3.8pt) / [候補2]4号艇のclass_rank_2to6が有利(+10.7pt)、4号艇のwin_rate_rank_2to6が有利(+6.4pt) / [除外]2号艇のwin_rate_rank_2to6が不利(-5.5pt)、天気+1.9pt
100,18,徳山,8,12:06,0.33403833767970204,3,0.44900654148764974,2,0.32016297570212826,0.25693210691597246,0.13333415680592925,0.6358353603838487,0.215822715917558,0.3706030829563353,1-3,1-2,0.10694670819012576,0.14998539872584668,0.044538720095377335,0.013280068223859135,0.019287445555467575,True,True,False,False,予選,2026-09-01,1号艇のdominance,-0.2317,場特性:in_escape_diff,0.2022,3号艇のsession_exh_rel_avg,-0.1367,1号艇の直近1着率,-0.1113,1号艇のracer_win_te,-0.104,3号艇のsession_exh_rel_avg,0.1026,3号艇の全国勝率,0.0501,5号艇のsession_rank_diff_last,0.049,3号艇のcumulative_diff_rank_2to6,0.043,3号艇のwin_rate_rank_2to6,-0.0415,2号艇のclass_rank_2to6,0.1167,2号艇のsession_exh_rel_avg,-0.1144,2号艇のwin_rate_rank_2to6,0.0868,2号艇の全国勝率,0.058,1号艇vs2号艇のplace_rate差,-0.0464,0.0568,南 0.6m/s,[逃げ]1号艇のdominanceが不利(-23.2pt)、場特性:in_escape_diffが有利(+20.2pt) / [2着]3号艇のsession_exh_rel_avgが有利(+10.3pt)、3号艇の全国勝率が有利(+5.0pt) / [候補2]2号艇のclass_rank_2to6が有利(+11.7pt)、2号艇のsession_exh_rel_avgが不利(-11.4pt) / [除外]6号艇のsession_exh_rel_avgが不利(-5.1pt)、天気+5.7pt
101,20,若松,3,16:17,0.38556380920782607,2,0.36910420335344024,4,0.33249861033620376,0.27051265339710784,0.17111464107543978,0.5304881726142041,0.2149662426862147,0.3485053091622367,1-2,1-4,0.14231322263957247,0.0659756128242765,0.12819943075753537,0.033367540128703056,0.015708003575907244,True,False,False,False,予選,2026-09-01,1号艇のdominance,-0.2842,1号艇の年齢,-0.1625,1号艇のsession_exh_rel_avg,0.156,1号艇のvs_max234_diff,-0.1491,1号艇の級別順位,-0.1015,2号艇のsession_exh_rel_avg,0.1197,3号艇の全国勝率,-0.0705,2号艇のwin_rate_rank_2to6,0.0632,1号艇vs2号艇のplace_rate差,-0.0548,4号艇の一般戦勝率,-0.0478,4号艇のclass_rank_2to6,0.2206,4号艇のwin_rate_rank_2to6,0.1922,4号艇の年齢,-0.0707,4号艇のsession_exh_rel_avg,0.0614,4号艇の全国勝率,0.0601,0.0392,東 2.9m/s,[逃げ]1号艇のdominanceが不利(-28.4pt)、1号艇の年齢が不利(-16.3pt) / [2着]2号艇のsession_exh_rel_avgが有利(+12.0pt)、3号艇の全国勝率が不利(-7.1pt) / [候補2]4号艇のclass_rank_2to6が有利(+22.1pt)、4号艇のwin_rate_rank_2to6が有利(+19.2pt) / [除外]6号艇のsession_exh_rel_avgが不利(-7.6pt)、天気+3.9pt
102,19,下関,9,19:18,0.5468371268109635,2,0.2807600899921099,3,0.27327112936769193,0.3029648401582887,0.2425205624432431,0.3115106569165587,0.2147945960354302,0.3055285851857697,1-2,1-3,0.15353004093447292,0.14943479922381578,0.13261924755904192,0.11042432025474516,0.0008287195709803173,True,False,False,False,予選,2026-09-01,場特性:in_escape_diff,0.0883,1号艇のdominance,0.0867,6号艇の枠別出走数,-0.0711,1号艇vs4号艇のcumulative差,-0.0668,1号艇の級別順位,0.065,2号艇のwin_rate_rank_2to6,-0.1447,6号艇の体重,0.0709,2号艇のモーター2連率,0.0695,2号艇の全国勝率,-0.0682,6号艇の直近平均着順,-0.055,3号艇の節間得点,-0.0847,3号艇のcumulative_diff_rank_2to6,-0.0624,場特性:1x_diff_course3,0.06,3号艇のwin_rate_rank_2to6,-0.0568,3号艇の当地勝率,0.0376,0.0089,東 3.9m/s,[逃げ]場特性:in_escape_diffが有利(+8.8pt)、1号艇のdominanceが有利(+8.7pt) / [2着]2号艇のwin_rate_rank_2to6が不利(-14.5pt)、6号艇の体重が有利(+7.1pt) / [候補2]3号艇の節間得点が不利(-8.5pt)、3号艇のcumulative_diff_rank_2to6が不利(-6.2pt) / [除外]6号艇の直近平均着順が不利(-24.1pt)、6号艇の全国勝率が不利(-15.3pt)、天気+0.9pt
103,06,浜名湖,7,14:16,0.4396421377373392,3,0.40969058205344244,2,0.2530854706502525,0.29138428065176786,0.2311316577727588,0.4316443949309362,0.21056652244860874,0.33346231493551837,1-3,1-2,0.11126703734693762,0.1801172433048302,0.03328424973521781,0.10161521612199076,0.013358391228362779,True,True,False,False,予選,2026-09-01,1号艇の年齢,-0.1602,1号艇の女子戦比率,-0.1399,1号艇の体重,-0.1224,1号艇のsession_exh_rel_avg,0.1052,1号艇の級別順位,-0.0869,3号艇のwin_rate_rank_2to6,0.1787,3号艇のモーター2連率,0.0889,3号艇の節間得点,-0.0757,場特性:1x_diff_course3,-0.0398,3号艇のracer_2nd_te,0.0387,2号艇のsession_exh_rel_avg,-0.0807,2号艇の一般戦勝率,-0.0585,2号艇の全国勝率,0.0573,4号艇のsession_rank_diff_delta,-0.0522,2号艇のモーター2連率,-0.0493,-0.0375,南東 3.5m/s,[逃げ]1号艇の年齢が不利(-16.0pt)、1号艇の女子戦比率が不利(-14.0pt) / [2着]3号艇のwin_rate_rank_2to6が有利(+17.9pt)、3号艇のモーター2連率が有利(+8.9pt) / [候補2]2号艇のsession_exh_rel_avgが不利(-8.1pt)、2号艇の一般戦勝率が不利(-5.8pt) / [除外]4号艇のracer_avgfin_teが不利(-7.1pt)、6号艇のsession_exh_rel_avgが不利(-5.7pt)、天気-3.8pt
104,05,多摩川,3,12:27,0.45877182585911663,6,0.3079089318762055,3,0.2451409963043318,0.25372372534263843,0.1608516216009217,0.39219830657961563,0.20474947815065012,0.2952660997137316,1-6,1-3,0.07379419213425457,0.11246378246746126,0.05784877371467066,0.07340514321284414,0.14125994287517715,True,True,False,False,一般,2026-09-01,1号艇のdominance,-0.0915,1号艇の級別順位,-0.086,1号艇の勝率順位,-0.0667,6号艇の女子戦勝率,0.064,5号艇のsession_exh_rel_avg,-0.0639,6号艇のwin_rate_rank_2to6,0.2422,1号艇vs6号艇のcumulative差,0.2285,6号艇のsession_exh_rel_last,0.1884,6号艇のsession_exh_rel_avg,0.1661,4号艇のsession_exh_rel_avg,0.1562,3号艇の当地勝率,0.1009,6号艇のracer_2nd_te,-0.0857,3号艇のwin_rate_rank_2to6,0.0814,3号艇のsession_exh_rel_avg,0.0757,場特性:1x_diff_course3,-0.0455,0.0723,東 1.2m/s,[逃げ]1号艇のdominanceが不利(-9.1pt)、1号艇の級別順位が不利(-8.6pt) / [2着]6号艇のwin_rate_rank_2to6が有利(+24.2pt)、1号艇vs6号艇のcumulative差が有利(+22.8pt) / [候補2]3号艇の当地勝率が有利(+10.1pt)、6号艇のracer_2nd_teが不利(-8.6pt) / [除外]2号艇のwin_rate_rank_2to6が不利(-5.9pt)、天気+7.2pt
105,13,尼崎,8,13:59,0.44253322354446956,3,0.3242176689513836,5,0.27292451481373636,0.26425525549596257,0.19078906385748884,0.4063531199076311,0.20375484011736708,0.3068846148194631,1-3,1-5,0.08443049944588618,0.14347709017112947,0.08016167416175492,0.12077816532483308,0.013685794440865899,True,True,False,False,予選,2026-09-01,1号艇のdominance,-0.2211,1号艇の全国勝率,-0.0799,1号艇の級別順位,-0.0691,avg_entry_count,-0.0596,1号艇の節間得点,-0.0536,3号艇のwin_rate_rank_2to6,0.0802,2号艇のvs_boat3_diff,0.0484,5号艇の一般戦2連率,-0.0384,場特性:1x_diff_course3,-0.0363,3号艇のracer_2nd_te,0.0357,5号艇のwin_rate_rank_2to6,0.222,5号艇のclass_rank_2to6,0.1526,5号艇の年齢,0.0652,5号艇のcumulative_diff_rank_2to6,0.0582,5号艇のracer_avgfin_te,0.0554,-0.0043,南西 2.8m/s,[逃げ]1号艇のdominanceが不利(-22.1pt)、1号艇の全国勝率が不利(-8.0pt) / [2着]3号艇のwin_rate_rank_2to6が有利(+8.0pt)、2号艇のvs_boat3_diffが有利(+4.8pt) / [候補2]5号艇のwin_rate_rank_2to6が有利(+22.2pt)、5号艇のclass_rank_2to6が有利(+15.3pt) / [除外]6号艇のwin_rate_rank_2to6が不利(-6.4pt)、6号艇のvs_avg456_diffが不利(-6.3pt)、天気-0.4pt
106,16,児島,2,11:46,0.35551471646041594,2,0.5342880794800233,4,0.18594413268201096,0.2560531506924437,0.17847872081390076,0.5417534913481334,0.20121310413729612,0.3417632528891506,1-2,1-4,0.18994727508452067,0.06345181182437167,0.06610587560792308,0.03389585163345718,0.002113904296736634,True,True,False,False,予選,2026-09-01,1号艇のracer_win_te,-0.2733,1号艇のdominance,-0.2497,1号艇の年齢,-0.1826,1号艇のsession_exh_rel_avg,-0.101,1号艇の一般戦勝率,0.0658,2号艇のwin_rate_rank_2to6,0.2081,2号艇のsession_exh_rel_avg,-0.137,2号艇のclass_rank_2to6,0.1202,2号艇のsession_exh_rel_last,0.0619,2号艇の全国勝率,0.0514,4号艇の節間得点,0.131,4号艇のsession_exh_rel_avg,-0.1287,4号艇のwin_rate_rank_2to6,0.1184,4号艇のclass_rank_2to6,-0.0816,場特性:1x_diff_course4,0.0492,0.0426,東 3.6m/s,[逃げ]1号艇のracer_win_teが不利(-27.3pt)、1号艇のdominanceが不利(-25.0pt) / [2着]2号艇のwin_rate_rank_2to6が有利(+20.8pt)、2号艇のsession_exh_rel_avgが不利(-13.7pt) / [候補2]4号艇の節間得点が有利(+13.1pt)、4号艇のsession_exh_rel_avgが不利(-12.9pt) / [除外]5号艇の直近平均着順が不利(-30.2pt)、win_rate_range_1to6が不利(-7.9pt)、天気+4.3pt
107,05,多摩川,5,13:28,0.5016069768079835,4,0.28087167416587117,3,0.267325634911124,0.27497959490038326,0.2384862478251425,0.30971106125185266,0.19628497272085918,0.28539903480582407,1-4,1-3,0.11962636578184925,0.13409240355104363,0.14088719134933964,0.07070158510648226,0.03629943288790032,True,True,False,False,一般,2026-09-01,4号艇のsession_exh_rel_avg,-0.0854,1号艇のsession_exh_rel_last,-0.0821,1号艇の級別順位,-0.0733,1号艇vs4号艇のcumulative差,-0.0697,1号艇のdominance,-0.0686,4号艇のclass_rank_2to6,0.1149,4号艇のwin_rate_rank_2to6,0.1045,6号艇の節間得点,-0.0969,4号艇の全国勝率,0.0932,4号艇のsession_exh_rel_avg,0.0791,3号艇のwin_rate_rank_2to6,-0.0705,3号艇のsession_exh_rel_avg,-0.0474,3号艇の全国勝率,0.0449,3号艇の節間得点,0.0409,3号艇のracer_avgfin_te,0.0394,0.0184,南東 1.4m/s,[逃げ]4号艇のsession_exh_rel_avgが不利(-8.5pt)、1号艇のsession_exh_rel_lastが不利(-8.2pt) / [2着]4号艇のclass_rank_2to6が有利(+11.5pt)、4号艇のwin_rate_rank_2to6が有利(+10.5pt) / [候補2]3号艇のwin_rate_rank_2to6が不利(-7.0pt)、3号艇のsession_exh_rel_avgが不利(-4.7pt) / [除外]2号艇のwin_rate_rank_2to6が不利(-6.5pt)、天気+1.8pt
108,12,住之江,6,17:25,0.3458183936210021,2,0.3873342705476298,4,0.3250951208366465,0.2463711876968986,0.17032470590963916,0.5421046854746372,0.1960154675899993,0.33509123703022015,1-2,1-4,0.13394731523514397,0.058901416191641014,0.11242387246175466,0.03524948992552464,0.005296305604170397,True,False,False,False,予選特別Ｂ戦,2026-09-01,1号艇のdominance,-0.2629,1号艇のracer_win_te,-0.1754,1号艇のvs_max234_frame_diff,0.1121,1号艇の級別順位,-0.1051,1号艇のvs_max234_diff,-0.1024,2号艇のclass_rank_2to6,0.1111,3号艇のracer_2nd_te,0.088,3号艇のracer_win_te,0.0652,2号艇のwin_rate_rank_2to6,0.064,1号艇のracer_avgfin_te,-0.0483,4号艇のwin_rate_rank_2to6,0.1768,4号艇のclass_rank_2to6,0.111,1号艇の一般戦2連率,0.1025,4号艇のモーター2連率,0.0729,4号艇の年齢,-0.0518,-0.0077,西 2.3m/s,[逃げ]1号艇のdominanceが不利(-26.3pt)、1号艇のracer_win_teが不利(-17.5pt) / [2着]2号艇のclass_rank_2to6が有利(+11.1pt)、3号艇のracer_2nd_teが有利(+8.8pt) / [候補2]4号艇のwin_rate_rank_2to6が有利(+17.7pt)、4号艇のclass_rank_2to6が有利(+11.1pt) / [除外]6号艇のwin_rate_rank_2to6が不利(-6.9pt)、6号艇のvs_avg456_diffが不利(-6.6pt)、天気-0.8pt
109,18,徳山,10,13:12,0.46523785517624916,3,0.3182481046975228,5,0.25981319702485917,0.26893600017371155,0.231905503155765,0.34615579856661693,0.19409471404933137,0.29210193969158316,1-3,1-5,0.10789121889175698,0.1480610656433819,0.07991143194185144,0.12087493453032971,0.008499209801653848,True,True,False,False,予選,2026-09-01,場特性:in_escape_diff,0.1841,1号艇のracer_win_te,-0.1069,1号艇の級別順位,-0.1055,1号艇の年齢,-0.1028,1号艇の勝率順位,-0.0726,3号艇のsession_exh_rel_avg,0.0692,場特性:1x_diff_course3,0.0504,3号艇のwin_rate_rank_2to6,-0.0438,3号艇のcumulative_diff_rank_2to6,0.043,3号艇のracer_avgfin_te,0.0425,5号艇のwin_rate_rank_2to6,0.2039,5号艇のclass_rank_2to6,0.1946,5号艇のsession_exh_rel_avg,0.125,5号艇のcumulative_diff_rank_2to6,0.0618,場特性:1x_diff_course2,-0.0602,0.1246,南東 0.6m/s,[逃げ]場特性:in_escape_diffが有利(+18.4pt)、1号艇のracer_win_teが不利(-10.7pt) / [2着]3号艇のsession_exh_rel_avgが有利(+6.9pt)、場特性:1x_diff_course3が有利(+5.0pt) / [候補2]5号艇のwin_rate_rank_2to6が有利(+20.4pt)、5号艇のclass_rank_2to6が有利(+19.5pt) / [除外]6号艇のwin_rate_rank_2to6が不利(-5.9pt)、天気+12.5pt
110,07,蒲郡,2,15:44,0.42298889352170516,2,0.3265330207561453,3,0.27993391828870695,0.2565287795040775,0.20318346958797612,0.40328346945687615,0.19398189054150866,0.3005551864899171,1-2,1-3,0.1381198411479419,0.11840893835613557,0.08594435098291905,0.07288310048510263,0.007632666095057982,True,False,False,False,一般戦,2026-09-01,4号艇のモーター2連率,-0.1335,1号艇のdominance,-0.1009,1号艇の節間得点,0.0879,1号艇のsession_exh_rel_avg,-0.0765,4号艇のrecent_race_count,0.0735,2号艇のモーター2連率,0.0564,2号艇のracer_avgfin_te,-0.041,ST差分(4-3),-0.0405,2号艇の全国勝率,-0.0396,2号艇のsession_avg_finish,0.0384,3号艇の節間得点,-0.1031,3号艇のsession_exh_rel_avg,0.0747,場特性:1x_diff_course3,0.0676,3号艇のwin_rate_rank_2to6,0.0597,3号艇の当地勝率,0.0478,0.023,南東 2.8m/s,[逃げ]4号艇のモーター2連率が不利(-13.4pt)、1号艇のdominanceが不利(-10.1pt) / [2着]2号艇のモーター2連率が有利(+5.6pt)、2号艇のracer_avgfin_teが不利(-4.1pt) / [候補2]3号艇の節間得点が不利(-10.3pt)、3号艇のsession_exh_rel_avgが有利(+7.5pt) / [除外]6号艇のwin_rate_rank_2to6が不利(-6.6pt)、天気+2.3pt
111,20,若松,2,15:50,0.337316895272723,3,0.42483304182332926,2,0.2779864816627845,0.23707289959939054,0.15676187437615752,0.5460576491099562,0.19247610907340126,0.3297683244525602,1-3,1-2,0.09376953692227821,0.1433033626771123,0.0342875890824374,0.052878428761698085,0.013077979714102059,True,False,False,False,予選,2026-09-01,1号艇のdominance,-0.2459,1号艇のracer_win_te,-0.172,1号艇の年齢,-0.1286,6号艇の年齢,-0.1149,1号艇の級別順位,-0.0924,3号艇のwin_rate_rank_2to6,0.1052,場特性:1x_diff_course3,0.0576,3号艇のcumulative_diff_rank_2to6,-0.0425,3号艇の全国勝率,0.0352,3号艇のsession_exh_rel_avg,0.0336,2号艇のwin_rate_rank_2to6,-0.1307,2号艇のsession_avg_finish,0.0562,2号艇の全国勝率,-0.056,2号艇のsession_exh_rel_avg,-0.0506,2号艇のclass_rank_2to6,-0.0496,0.0187,東 3.3m/s,[逃げ]1号艇のdominanceが不利(-24.6pt)、1号艇のracer_win_teが不利(-17.2pt) / [2着]3号艇のwin_rate_rank_2to6が有利(+10.5pt)、場特性:1x_diff_course3が有利(+5.8pt) / [候補2]2号艇のwin_rate_rank_2to6が不利(-13.1pt)、2号艇のsession_avg_finishが有利(+5.6pt) / [除外]6号艇のsession_exh_rel_avgが不利(-6.3pt)、天気+1.9pt
112,20,若松,7,18:03,0.3985589797450336,2,0.35830459688832494,5,0.21790880459731876,0.2296550254115336,0.16338165136476152,0.4128317501208822,0.18462932465639045,0.28460804282433816,1-2,1-5,0.14280551457376633,0.06485928262749427,0.06511722427699813,0.08684951083776726,0.038927440005268155,True,False,False,False,予選,2026-09-01,1号艇のdominance,-0.1582,1号艇の級別順位,-0.0862,1号艇の勝率順位,-0.0644,1号艇のsession_avg_finish,-0.0632,1号艇の全国勝率,-0.063,3号艇の全国勝率,-0.0863,2号艇のsession_exh_rel_avg,-0.074,2号艇の全国勝率,0.0418,2号艇のcumulative_diff_rank_2to6,-0.0393,3号艇の直近平均着順,0.0364,5号艇の年齢,-0.1111,5号艇のwin_rate_rank_2to6,0.1056,5号艇のsession_exh_rel_avg,-0.0906,3号艇の年齢,0.0883,1号艇のsession_rank_diff_last,-0.0833,0.0388,東 2.1m/s,[逃げ]1号艇のdominanceが不利(-15.8pt)、1号艇の級別順位が不利(-8.6pt) / [2着]3号艇の全国勝率が不利(-8.6pt)、2号艇のsession_exh_rel_avgが不利(-7.4pt) / [候補2]5号艇の年齢が不利(-11.1pt)、5号艇のwin_rate_rank_2to6が有利(+10.6pt) / [除外]3号艇のwin_rate_rank_2to6が不利(-5.1pt)、天気+3.9pt
113,08,常滑,2,11:03,0.3157321432176101,2,0.44436195532878897,4,0.2668011889094781,0.22453706370772247,0.14860035352916273,0.5625627907091044,0.18449751925088123,0.325944781808137,1-2,1-4,0.14029935252032646,0.03801532747281629,0.084237711187396,0.0469179081026571,0.006261851579674526,True,True,False,False,予選,2026-09-01,1号艇のdominance,-0.242,1号艇のsession_exh_rel_avg,-0.1543,1号艇のvs_max234_diff,-0.0912,5号艇の枠別出走数,-0.0795,1号艇の年齢,-0.079,2号艇のclass_rank_2to6,0.0833,5号艇の年齢,-0.0606,2号艇のwin_rate_rank_2to6,0.0567,2号艇の全国勝率,0.047,勝率の分散(2-6号艇),0.0381,4号艇のclass_rank_2to6,0.1966,4号艇のwin_rate_rank_2to6,0.1795,4号艇のcumulative_diff_rank_2to6,-0.078,4号艇のsession_exh_rel_avg,0.0716,3号艇の枠別平均ST,-0.0675,-0.0628,南東 5.1m/s,[逃げ]1号艇のdominanceが不利(-24.2pt)、1号艇のsession_exh_rel_avgが不利(-15.4pt) / [2着]2号艇のclass_rank_2to6が有利(+8.3pt)、5号艇の年齢が不利(-6.1pt) / [候補2]4号艇のclass_rank_2to6が有利(+19.7pt)、4号艇のwin_rate_rank_2to6が有利(+18.0pt) / [除外]ST差分(6-5)が不利(-7.8pt)、5号艇の平均STが不利(-6.6pt)、天気-6.3pt
114,08,常滑,7,13:35,0.3368989802960173,3,0.44750774108252,4,0.2118434070366923,0.22213472945837087,0.14682727442309565,0.5125238736961166,0.18299620520106968,0.30925147272969455,1-3,1-4,0.049465959032784425,0.15076490164527512,0.07136982781309577,0.03342461925022295,0.03187367004454603,True,True,False,False,予選,2026-09-01,1号艇のdominance,-0.1818,1号艇のsession_exh_rel_avg,-0.0993,場特性:in_escape_diff,0.093,3号艇のsession_exh_rel_avg,-0.0899,風速区分,-0.0871,3号艇のsession_exh_rel_avg,0.1114,3号艇の当地勝率,0.0633,3号艇のcumulative_diff_rank_2to6,0.0523,3号艇のracer_avgfin_te,0.0416,3号艇のwin_rate_rank_2to6,-0.0402,4号艇のwin_rate_rank_2to6,0.0685,4号艇のclass_rank_2to6,0.0486,4号艇のモーター2連率,-0.0407,4号艇の節間得点,0.0386,4号艇の年齢,-0.0377,-0.1509,南東 6.2m/s,[逃げ]1号艇のdominanceが不利(-18.2pt)、1号艇のsession_exh_rel_avgが不利(-9.9pt) / [2着]3号艇のsession_exh_rel_avgが有利(+11.1pt)、3号艇の当地勝率が有利(+6.3pt) / [候補2]4号艇のwin_rate_rank_2to6が有利(+6.8pt)、4号艇のclass_rank_2to6が有利(+4.9pt) / [除外]2号艇のwin_rate_rank_2to6が不利(-6.4pt)、天気-15.1pt
115,18,徳山,5,10:29,0.35053934428595734,2,0.3524825453201119,4,0.3225119456725062,0.2366121262691859,0.2027365947427674,0.4722578962498507,0.17904820216359338,0.30730585726338533,1-2,1-4,0.12355900030875727,0.07106715298389756,0.11305312596042862,0.03282053919329477,0.01003953236888319,False,False,True,False,予選,2026-09-01,1号艇のdominance,-0.247,1号艇のsession_exh_rel_avg,0.1784,1号艇のracer_win_te,-0.1727,場特性:in_escape_diff,0.1713,1号艇の直近1着率,-0.1159,2号艇のsession_exh_rel_avg,0.1041,2号艇の全国勝率,0.0685,場特性:1x_diff_course2,0.05,場特性:in_escape_diff,0.0459,1号艇vs2号艇のplace_rate差,-0.0452,4号艇のclass_rank_2to6,0.1736,4号艇のwin_rate_rank_2to6,0.1591,4号艇のsession_exh_rel_avg,-0.1205,1号艇の平均ST,0.0908,ST差分(2-1),0.0552,0.0502,南 2.3m/s,[逃げ]1号艇のdominanceが不利(-24.7pt)、1号艇のsession_exh_rel_avgが有利(+17.8pt) / [2着]2号艇のsession_exh_rel_avgが有利(+10.4pt)、2号艇の全国勝率が有利(+6.8pt) / [候補2]4号艇のclass_rank_2to6が有利(+17.4pt)、4号艇のwin_rate_rank_2to6が有利(+15.9pt) / [除外]6号艇のwin_rate_rank_2to6が不利(-8.4pt)、6号艇のvs_avg456_diffが不利(-6.3pt)、天気+5.0pt
116,13,尼崎,4,11:58,0.43650985098586337,2,0.31977811241994636,5,0.27022681129490256,0.2575429613316944,0.2598963082162775,0.3301086154985714,0.17722160350306054,0.2793126575817575,1-2,1-5,0.13958629620097146,0.11344729877126332,0.05175845274939914,0.11795666513072293,0.013761145857604616,True,True,False,False,予選,2026-09-01,1号艇のdominance,-0.2452,1号艇の級別順位,-0.0752,5号艇の枠別出走数,-0.0749,1号艇の全国勝率,-0.0599,avg_entry_count,-0.0571,2号艇のclass_rank_2to6,0.0719,2号艇のwin_rate_rank_2to6,0.0476,2号艇のモーター2連率,-0.0455,全艇平均勝率,0.0307,2号艇のcumulative_diff_rank_2to6,0.0264,5号艇の枠別出走数,0.117,1号艇vs6号艇の直近複勝率差,0.0911,6号艇のvs_avg456_diff,0.0816,5号艇の年齢,0.0749,6号艇のracer_avgfin_te,0.0725,0.0308,西 2.2m/s,[逃げ]1号艇のdominanceが不利(-24.5pt)、1号艇の級別順位が不利(-7.5pt) / [2着]2号艇のclass_rank_2to6が有利(+7.2pt)、2号艇のwin_rate_rank_2to6が有利(+4.8pt) / [候補2]5号艇の枠別出走数が有利(+11.7pt)、1号艇vs6号艇の直近複勝率差が有利(+9.1pt) / [除外]win_rate_range_1to6が不利(-10.5pt)、5号艇の平均STが不利(-8.3pt)、天気+3.1pt
117,24,大村,6,19:56,0.4455743300308347,3,0.30433943794067203,4,0.20768053157204566,0.22814295487803757,0.20568864074500043,0.30633132876771724,0.17183125773674376,0.25159946704494146,1-3,1-4,0.09164957829490661,0.13560584116237573,0.09253711371566185,0.044649889680833735,0.08113190219737557,True,False,False,False,予選,2026-09-01,1号艇のdominance,-0.3758,1号艇のframe_dominance,0.1322,場特性:in_escape_diff,0.1136,1号艇のvs_max234_diff,-0.0908,1号艇の級別順位,-0.0905,3号艇の全国勝率,-0.092,3号艇のwin_rate_rank_2to6,-0.0913,3号艇のモーター2連率,0.0681,6号艇の直近1着率,0.0614,3号艇の当地勝率,-0.0536,4号艇のclass_rank_2to6,0.1236,4号艇のwin_rate_rank_2to6,0.068,4号艇のcumulative_diff_rank_2to6,0.0457,1号艇の平均ST,0.044,4号艇のsession_exh_rel_avg,0.0404,0.0827,北西 1.7m/s,[逃げ]1号艇のdominanceが不利(-37.6pt)、1号艇のframe_dominanceが有利(+13.2pt) / [2着]3号艇の全国勝率が不利(-9.2pt)、3号艇のwin_rate_rank_2to6が不利(-9.1pt) / [候補2]4号艇のclass_rank_2to6が有利(+12.4pt)、4号艇のwin_rate_rank_2to6が有利(+6.8pt) / [除外]2号艇のwin_rate_rank_2to6が不利(-5.9pt)、天気+8.3pt
118,06,浜名湖,3,12:18,0.23044221858007394,2,0.45307502897692975,4,0.3895314960990297,0.1941721170285508,0.10111064001680822,0.7414958850591512,0.17061267659714036,0.3583692474377309,1-2,1-4,0.10440761486067499,0.02330016020752449,0.08976450216787582,0.011347626525461538,0.0016223118139125654,True,True,False,False,予選,2026-09-01,1号艇のdominance,-0.1651,1号艇の年齢,-0.1557,1号艇の級別順位,-0.0949,1号艇の節間得点,0.0772,1号艇の全国勝率,-0.0769,6号艇の体重,0.0974,2号艇のsession_exh_rel_avg,0.0678,2号艇のclass_rank_2to6,0.0668,3号艇の全国勝率,-0.0582,2号艇の節間得点,0.0529,4号艇のwin_rate_rank_2to6,0.2014,4号艇のclass_rank_2to6,0.096,4号艇のsession_exh_rel_avg,0.0809,4号艇の節間得点,0.0647,4号艇のcumulative_diff_rank_2to6,0.0627,-0.0573,南東 3.9m/s,[逃げ]1号艇のdominanceが不利(-16.5pt)、1号艇の年齢が不利(-15.6pt) / [2着]6号艇の体重が有利(+9.7pt)、2号艇のsession_exh_rel_avgが有利(+6.8pt) / [候補2]4号艇のwin_rate_rank_2to6が有利(+20.1pt)、4号艇のclass_rank_2to6が有利(+9.6pt) / [除外]6号艇のracer_win_teが不利(-13.3pt)、1号艇vs6号艇のcumulative差が不利(-7.5pt)、天気-5.7pt
119,08,常滑,3,11:40,0.3591589808952229,3,0.31358081433628393,2,0.2794408574312153,0.2129890592807964,0.1723422973386886,0.4206793744288106,0.1689406307394461,0.2752961538252007,1-3,1-2,0.10036369357548255,0.11262536570531384,0.06189828387730489,0.06032700643912255,0.02394462728408465,True,True,False,False,予選,2026-09-01,1号艇のdominance,-0.2128,1号艇の級別順位,-0.0793,場特性:in_escape_diff,0.0759,1号艇の勝率順位,-0.0649,1号艇の全国勝率,-0.0595,3号艇のsession_exh_rel_avg,0.1053,3号艇のwin_rate_rank_2to6,-0.0629,2号艇のsession_rank_diff_delta,-0.0446,場特性:1x_diff_course3,-0.0379,3号艇の全国勝率,0.0362,2号艇のwin_rate_rank_2to6,-0.1141,2号艇のclass_rank_2to6,-0.0534,2号艇の全国勝率,0.0478,2号艇のcumulative_diff_rank_2to6,-0.0353,avg_entry_count,-0.0345,-0.1095,南東 5.6m/s,[逃げ]1号艇のdominanceが不利(-21.3pt)、1号艇の級別順位が不利(-7.9pt) / [2着]3号艇のsession_exh_rel_avgが有利(+10.5pt)、3号艇のwin_rate_rank_2to6が不利(-6.3pt) / [候補2]2号艇のwin_rate_rank_2to6が不利(-11.4pt)、2号艇のclass_rank_2to6が不利(-5.3pt) / [除外]2号艇のracer_2nd_teが不利(-5.8pt)、4号艇のwin_rate_rank_2to6が不利(-5.4pt)、天気-10.9pt
120,08,常滑,9,14:42,0.2897251848854897,2,0.4777799031439337,3,0.21770538094881872,0.20149960251891003,0.14657015474515722,0.5489151293475952,0.16605900901216886,0.30572426056751556,1-2,1-3,0.13842487077294754,0.06307473174596247,0.021786372701678228,0.042465065182235515,0.0239741531171493,True,True,False,False,予選特賞,2026-09-01,1号艇のdominance,-0.276,1号艇の年齢,-0.2402,1号艇のvs_max234_diff,-0.1466,1号艇vs2号艇のcumulative差,-0.0965,1号艇の全国勝率,-0.0896,2号艇のwin_rate_rank_2to6,0.1863,1号艇の年齢,-0.1029,2号艇のclass_rank_2to6,0.1003,2号艇の節間得点,0.0628,2号艇の全国勝率,0.0585,3号艇のwin_rate_rank_2to6,-0.1244,1号艇のvs_max234_diff,-0.0663,3号艇のモーター2連率,-0.0398,5号艇の直近平均着順,-0.0327,3号艇のracer_2nd_te,0.0321,-0.048,南東 6.2m/s,[逃げ]1号艇のdominanceが不利(-27.6pt)、1号艇の年齢が不利(-24.0pt) / [2着]2号艇のwin_rate_rank_2to6が有利(+18.6pt)、1号艇の年齢が不利(-10.3pt) / [候補2]3号艇のwin_rate_rank_2to6が不利(-12.4pt)、1号艇のvs_max234_diffが不利(-6.6pt)、天気-4.8pt
121,20,若松,4,16:44,0.39183055292923397,4,0.28408981095476904,5,0.2713005835680374,0.21761892537745667,0.20381639550510633,0.35157399901770015,0.16439375942050316,0.2578054474695297,1-4,1-5,0.07986149094680925,0.057580271063630444,0.1113150677079687,0.10630385766948794,0.03676986846070278,True,False,False,False,予選,2026-09-01,1号艇の年齢,-0.1144,3号艇の枠別出走数,-0.0972,1号艇のdominance,-0.0746,1号艇の級別順位,-0.0726,1号艇のracer_win_te,-0.0681,4号艇のwin_rate_rank_2to6,0.0811,4号艇の年齢,-0.0708,4号艇のsession_exh_rel_avg,0.0704,3号艇の枠別平均ST,-0.0471,3号艇の年齢,0.0442,5号艇の年齢,-0.0978,3号艇の一般戦2連率,0.0815,mean_234_全国勝率,0.0668,5号艇のracer_avgfin_te,0.0501,5号艇のwin_rate_rank_2to6,-0.0437,-0.0214,東 2.9m/s,[逃げ]1号艇の年齢が不利(-11.4pt)、3号艇の枠別出走数が不利(-9.7pt) / [2着]4号艇のwin_rate_rank_2to6が有利(+8.1pt)、4号艇の年齢が不利(-7.1pt) / [候補2]5号艇の年齢が不利(-9.8pt)、3号艇の一般戦2連率が有利(+8.1pt)、天気-2.1pt
122,06,浜名湖,5,13:16,0.269109647784051,3,0.5112882917719102,5,0.18384936368457716,0.1870682496213263,0.17260193796131337,0.5225357174951739,0.14832223872252032,0.28770848998348053,1-3,1-5,0.04644884673161366,0.13759261211484783,0.022213102332735206,0.04947563750647846,0.013379456115956772,True,True,False,False,予選,2026-09-01,1号艇のdominance,-0.2537,1号艇のracer_win_te,-0.2165,1号艇の女子戦比率,-0.1443,1号艇の平均ST,-0.1242,1号艇のsession_exh_rel_avg,-0.1068,3号艇のwin_rate_rank_2to6,0.1623,3号艇のsession_exh_rel_avg,0.0759,3号艇の一般戦2連率,0.0723,1号艇のsession_exh_rel_delta,0.0673,2号艇のvs_boat3_diff,0.0664,5号艇のclass_rank_2to6,0.1386,5号艇のwin_rate_rank_2to6,0.1155,ST差分(4-3),0.112,mean_234_class,-0.1036,3号艇の一般戦勝率,0.1009,-0.085,南東 3.8m/s,[逃げ]1号艇のdominanceが不利(-25.4pt)、1号艇のracer_win_teが不利(-21.6pt) / [2着]3号艇のwin_rate_rank_2to6が有利(+16.2pt)、3号艇のsession_exh_rel_avgが有利(+7.6pt) / [候補2]5号艇のclass_rank_2to6が有利(+13.9pt)、5号艇のwin_rate_rank_2to6が有利(+11.5pt) / [除外]2号艇のwin_rate_rank_2to6が不利(-5.9pt)、4号艇の平均STが不利(-5.8pt)、天気-8.5pt
123,05,多摩川,6,14:02,0.2868307985021432,2,0.4054002588622544,3,0.29156615065237435,0.1999114317702527,0.2170606404475554,0.47990576906707333,0.14783994767484612,0.2839097329592989,1-2,1-3,0.116281279962436,0.08363015180781672,0.06225967682295892,0.016001213705362092,0.008658480477681458,True,True,False,False,一般,2026-09-01,1号艇のdominance,-0.2954,1号艇のvs_max234_diff,-0.1119,1号艇vs2号艇のcumulative差,-0.1115,1号艇のracer_win_te,-0.0908,1号艇の全国勝率,-0.0849,2号艇のwin_rate_rank_2to6,0.1574,2号艇のsession_exh_rel_avg,0.084,1号艇vs2号艇のplace_rate差,-0.076,1号艇の直近複勝率,0.0655,2号艇の全国勝率,0.0519,3号艇の節間得点,-0.0758,3号艇のsession_exh_rel_avg,-0.0599,1号艇のvs_max234_diff,-0.0592,2号艇の全国2連率,0.0521,3号艇のcumulative_diff_rank_2to6,-0.0492,0.0461,南東 1.6m/s,[逃げ]1号艇のdominanceが不利(-29.5pt)、1号艇のvs_max234_diffが不利(-11.2pt) / [2着]2号艇のwin_rate_rank_2to6が有利(+15.7pt)、2号艇のsession_exh_rel_avgが有利(+8.4pt) / [候補2]3号艇の節間得点が不利(-7.6pt)、3号艇のsession_exh_rel_avgが不利(-6.0pt) / [除外]6号艇のsession_exh_rel_avgが不利(-5.8pt)、6号艇のwin_rate_rank_2to6が不利(-5.1pt)、天気+4.6pt
124,08,常滑,8,14:08,0.24416775666353155,3,0.51005066445448,2,0.25011368753339486,0.18560762452046659,0.18014510608518702,0.5800192459026878,0.14548405826911578,0.3039311109351329,1-3,1-2,0.06106969799587252,0.12453792652459406,0.04398562642673402,0.014358871238819165,0.00021563323392378213,True,True,False,False,予選,2026-09-01,1号艇のdominance,-0.356,3号艇のracer_win_te,-0.1768,1号艇のvs_max234_diff,-0.142,1号艇のracer_win_te,-0.1312,1号艇の年齢,-0.1242,3号艇のwin_rate_rank_2to6,0.19,3号艇の全国勝率,0.1147,3号艇の当地勝率,0.106,3号艇のsession_exh_rel_avg,0.0703,1号艇vs3号艇のplace_rate差,-0.0651,2号艇のwin_rate_rank_2to6,-0.1577,2号艇のsession_exh_rel_avg,-0.0921,2号艇の全国勝率,-0.0648,1号艇vs3号艇の勝率差,0.0438,2号艇のracer_avgfin_te,-0.0394,-0.1108,南東 6.3m/s,[逃げ]1号艇のdominanceが不利(-35.6pt)、3号艇のracer_win_teが不利(-17.7pt) / [2着]3号艇のwin_rate_rank_2to6が有利(+19.0pt)、3号艇の全国勝率が有利(+11.5pt) / [候補2]2号艇のwin_rate_rank_2to6が不利(-15.8pt)、2号艇のsession_exh_rel_avgが不利(-9.2pt) / [除外]6号艇の直近平均着順が不利(-26.1pt)、6号艇の全国勝率が不利(-13.7pt)、天気-11.1pt
125,24,大村,2,18:08,0.341436184982559,2,0.2762631395119844,4,0.2615189070707338,0.1836182503373161,0.19019825275591387,0.34758379382680427,0.14170960587140946,0.23280791338416257,1-2,1-4,0.09432623240627641,0.06494056581132772,0.08929201793103972,0.05415070549115627,0.03872665952691216,True,False,False,False,予選,2026-09-01,1号艇の年齢,-0.2418,1号艇のdominance,-0.2217,1号艇のracer_win_te,-0.142,場特性:in_escape_diff,0.1182,1号艇の級別順位,-0.0807,2号艇のwin_rate_rank_2to6,-0.1412,3号艇のracer_win_te,0.0735,2号艇の全国勝率,-0.0702,2号艇の直近平均着順,-0.0517,2号艇の当地勝率,-0.0514,4号艇のclass_rank_2to6,0.1189,4号艇のwin_rate_rank_2to6,0.0692,4号艇のsession_exh_rel_avg,0.046,4号艇のcumulative_diff_rank_2to6,0.0429,1号艇の枠別勝率,0.0393,0.0308,南東 3.2m/s,[逃げ]1号艇の年齢が不利(-24.2pt)、1号艇のdominanceが不利(-22.2pt) / [2着]2号艇のwin_rate_rank_2to6が不利(-14.1pt)、3号艇のracer_win_teが有利(+7.4pt) / [候補2]4号艇のclass_rank_2to6が有利(+11.9pt)、4号艇のwin_rate_rank_2to6が有利(+6.9pt)、天気+3.1pt
126,13,尼崎,3,11:35,0.27445783871305374,2,0.4563824729759929,4,0.18974736312348642,0.17733539834388273,0.17740741172033303,0.46872242437914624,0.13958266151198379,0.26475150615446175,1-2,1-4,0.12525774715950966,0.04869085479243948,0.052077651184373075,0.03805001678024003,0.010381574419884673,True,True,False,False,予選,2026-09-01,1号艇のdominance,-0.2416,1号艇のracer_win_te,-0.2378,1号艇のvs_max234_diff,-0.1483,1号艇の全国勝率,-0.0961,1号艇の年齢,0.0842,2号艇のwin_rate_rank_2to6,0.198,1号艇vs2号艇のplace_rate差,-0.1097,2号艇のclass_rank_2to6,0.1063,2号艇のモーター2連率,0.0698,2号艇の当地勝率,0.0638,4号艇のwin_rate_rank_2to6,-0.0945,4号艇のclass_rank_2to6,-0.0855,4号艇のモーター2連率,0.0811,4号艇のcumulative_diff_rank_2to6,0.0446,4号艇の全国勝率,0.0435,0.0495,西 0.9m/s,[逃げ]1号艇のdominanceが不利(-24.2pt)、1号艇のracer_win_teが不利(-23.8pt) / [2着]2号艇のwin_rate_rank_2to6が有利(+19.8pt)、1号艇vs2号艇のplace_rate差が不利(-11.0pt) / [候補2]4号艇のwin_rate_rank_2to6が不利(-9.5pt)、4号艇のclass_rank_2to6が不利(-8.5pt) / [除外]6号艇のwin_rate_rank_2to6が不利(-5.9pt)、天気+5.0pt
127,19,下関,3,16:21,0.18028893814534125,2,0.4686757043066053,3,0.35935136505582427,0.14928412109095127,0.08992354656193716,0.7381035228004925,0.13317513195429523,0.3259299416038136,1-2,1-3,0.08449704506395782,0.06478707602699345,0.01446667977997663,0.016212220723914803,0.00032591655049856003,True,False,False,False,予選,2026-09-01,1号艇のdominance,-0.2629,1号艇のracer_win_te,-0.2063,1号艇のvs_max234_diff,-0.134,1号艇vs2号艇のcumulative差,-0.1138,1号艇の全国勝率,-0.0952,2号艇のwin_rate_rank_2to6,0.1858,2号艇のclass_rank_2to6,0.0765,2号艇のracer_avgfin_te,0.0627,2号艇のsession_exh_rel_avg,0.0596,2号艇の全国勝率,0.0539,3号艇のモーター2連率,0.1228,3号艇のsession_exh_rel_avg,0.1041,3号艇のwin_rate_rank_2to6,0.0578,3号艇の当地勝率,-0.0552,3号艇のclass_rank_2to6,0.0493,-0.0622,東 4.0m/s,[逃げ]1号艇のdominanceが不利(-26.3pt)、1号艇のracer_win_teが不利(-20.6pt) / [2着]2号艇のwin_rate_rank_2to6が有利(+18.6pt)、2号艇のclass_rank_2to6が有利(+7.6pt) / [候補2]3号艇のモーター2連率が有利(+12.3pt)、3号艇のsession_exh_rel_avgが有利(+10.4pt) / [除外]6号艇の全国勝率が不利(-16.7pt)、6号艇の直近平均着順が不利(-12.4pt)、天気-6.2pt
128,20,若松,6,17:36,0.33112659811536926,2,0.3221351718065784,5,0.20056801307269664,0.17308092743314327,0.20002030814990474,0.3226828767293703,0.13153728690508493,0.21796151222201138,1-2,1-5,0.10666752357362232,0.06528168113243123,0.026531940423958116,0.06641340385952095,0.06623204419166583,True,False,False,False,予選,2026-09-01,1号艇のdominance,-0.2401,1号艇のracer_win_te,-0.1377,1号艇の年齢,-0.1131,1号艇の級別順位,-0.0918,1号艇の勝率順位,-0.0684,1号艇の年齢,0.0773,2号艇の全国勝率,0.0628,2号艇のsession_exh_rel_avg,-0.0485,1号艇vs6号艇の直近複勝率差,-0.0369,2号艇のwin_rate_rank_2to6,-0.032,5号艇のclass_rank_2to6,0.1232,5号艇のwin_rate_rank_2to6,0.0898,5号艇のcumulative_diff_rank_2to6,-0.07,3号艇の年齢,0.0621,1号艇のracer_win_te,0.0574,0.0386,東 2.3m/s,[逃げ]1号艇のdominanceが不利(-24.0pt)、1号艇のracer_win_teが不利(-13.8pt) / [2着]1号艇の年齢が有利(+7.7pt)、2号艇の全国勝率が有利(+6.3pt) / [候補2]5号艇のclass_rank_2to6が有利(+12.3pt)、5号艇のwin_rate_rank_2to6が有利(+9.0pt)、天気+3.9pt
129,16,児島,10,16:04,0.3675835376529621,2,0.24447347006932457,3,0.24222221625967905,0.17890132214125154,0.24186023816945781,0.2448354481595458,0.12697838248295476,0.1986815599467398,1-2,1-3,0.08986442299037786,0.08903689915087366,0.08890384196391728,0.08163451589637659,0.018143859020772087,True,False,False,False,予選特賞,2026-09-01,1号艇のsession_exh_rel_avg,-0.2318,1号艇のracer_win_te,-0.2257,1号艇のdominance,-0.1486,1号艇の級別順位,-0.1066,レース時間帯,0.0684,2号艇のclass_rank_2to6,0.1096,2号艇のsession_exh_rel_avg,-0.1065,2号艇のwin_rate_rank_2to6,0.0746,2号艇の節間得点,-0.0635,レース時間帯,-0.0582,3号艇のwin_rate_rank_2to6,-0.0965,3号艇のsession_exh_rel_avg,0.0696,3号艇の節間得点,-0.06,3号艇のsession_exh_rel_delta,0.0487,3号艇の全国勝率,0.0439,0.0782,北東 3.7m/s,[逃げ]1号艇のsession_exh_rel_avgが不利(-23.2pt)、1号艇のracer_win_teが不利(-22.6pt) / [2着]2号艇のclass_rank_2to6が有利(+11.0pt)、2号艇のsession_exh_rel_avgが不利(-10.6pt) / [候補2]3号艇のwin_rate_rank_2to6が不利(-9.7pt)、3号艇のsession_exh_rel_avgが有利(+7.0pt) / [除外]6号艇のwin_rate_rank_2to6が不利(-6.4pt)、天気+7.8pt
130,19,下関,1,15:27,0.2548985148481814,2,0.3772322613739595,4,0.2904977638894903,0.17020339175919197,0.22639533382881122,0.4413346914346385,0.12396348732385012,0.2515427816618259,1-2,1-4,0.09615594317704325,0.057707834361522214,0.07404744858214872,0.026633274391094846,0.00035400892085044993,True,False,False,False,予選,2026-09-01,1号艇のdominance,-0.1579,1号艇のracer_win_te,-0.1579,1号艇vs2号艇のcumulative差,-0.1185,1号艇のsession_exh_rel_avg,-0.1119,場特性:in_escape_diff,0.095,2号艇の節間得点,0.0493,2号艇のsession_exh_rel_avg,-0.0484,second_best_win_rate,0.0445,2号艇のsession_avg_finish,0.0367,1号艇の直近複勝率,0.0341,4号艇のwin_rate_rank_2to6,0.0825,4号艇の節間得点,-0.0728,4号艇のモーター2連率,0.0684,4号艇のsession_exh_rel_avg,0.0663,1号艇vs4号艇のcumulative差,0.0621,-0.0671,南東 4.3m/s,[逃げ]1号艇のdominanceが不利(-15.8pt)、1号艇のracer_win_teが不利(-15.8pt) / [2着]2号艇の節間得点が有利(+4.9pt)、2号艇のsession_exh_rel_avgが不利(-4.8pt) / [候補2]4号艇のwin_rate_rank_2to6が有利(+8.3pt)、4号艇の節間得点が不利(-7.3pt) / [除外]6号艇の直近平均着順が不利(-25.5pt)、6号艇のracer_win_teが不利(-12.9pt)、天気-6.7pt
131,13,尼崎,5,12:25,0.25644075181649756,2,0.41835436383599145,3,0.1913355980065457,0.15634935218987192,0.18993461381107085,0.41975534803146625,0.12071396759651862,0.2353711509423502,1-2,1-3,0.1072831075878142,0.04906624460205773,0.030699989235576302,0.04870697516168713,0.020684430452780962,True,True,False,False,予選,2026-09-01,1号艇のdominance,-0.3385,1号艇の年齢,-0.1694,1号艇のvs_max234_diff,-0.1357,1号艇のracer_win_te,-0.0992,1号艇の級別順位,-0.0978,2号艇のclass_rank_2to6,0.0848,3号艇の全国勝率,-0.0671,2号艇の全国勝率,0.0597,2号艇のwin_rate_rank_2to6,0.0588,1号艇vs2号艇のplace_rate差,-0.0556,3号艇のwin_rate_rank_2to6,-0.1391,3号艇のracer_avgfin_te,-0.0793,3号艇のracer_win_te,-0.0452,3号艇の全国2連率,-0.0387,6号艇の一般戦2連率,-0.0353,0.0277,南西 3.4m/s,[逃げ]1号艇のdominanceが不利(-33.8pt)、1号艇の年齢が不利(-16.9pt) / [2着]2号艇のclass_rank_2to6が有利(+8.5pt)、3号艇の全国勝率が不利(-6.7pt) / [候補2]3号艇のwin_rate_rank_2to6が不利(-13.9pt)、3号艇のracer_avgfin_teが不利(-7.9pt) / [除外]4号艇のwin_rate_rank_2to6が不利(-5.9pt)、2号艇のracer_2nd_teが不利(-5.3pt)、天気+2.8pt
132,18,徳山,6,10:59,0.16987626039410836,3,0.42380088631147395,2,0.36321088307709326,0.1336946162698802,0.08518091272218167,0.7018308566663856,0.1200287409419879,0.3041354883888318,1-3,1-2,0.06170090655157834,0.07199370971830187,0.014470214910201151,0.013448365535501943,0.008263066842716982,False,False,True,False,予選,2026-09-01,1号艇のdominance,-0.2605,1号艇のracer_win_te,-0.2474,1号艇のsession_exh_rel_avg,-0.2132,1号艇の年齢,0.1752,場特性:in_escape_diff,0.1469,3号艇のwin_rate_rank_2to6,0.0524,3号艇の節間得点,0.0492,6号艇のsession_rank_diff_last,0.0477,1号艇vs6号艇の枠別勝率差,0.0401,3号艇のcumulative_diff_rank_2to6,0.0373,2号艇のsession_exh_rel_avg,0.0756,2号艇の全国勝率,0.0667,場特性:1x_diff_course2,0.0622,場特性:in_escape_diff,0.0336,avg_entry_count,-0.0327,0.0179,南 2.2m/s,[逃げ]1号艇のdominanceが不利(-26.1pt)、1号艇のracer_win_teが不利(-24.7pt) / [2着]3号艇のwin_rate_rank_2to6が有利(+5.2pt)、3号艇の節間得点が有利(+4.9pt) / [候補2]2号艇のsession_exh_rel_avgが有利(+7.6pt)、2号艇の全国勝率が有利(+6.7pt) / [除外]1号艇vs3号艇の直近複勝率差が不利(-8.3pt)、1号艇vs6号艇の枠別勝率差が不利(-6.9pt)、天気+1.8pt
133,05,多摩川,8,15:05,0.18142373845420692,2,0.45691760828064065,3,0.27898222445927084,0.13350969878350033,0.10048480420122176,0.6354150285386898,0.11741086365403137,0.28408129771005713,1-2,1-3,0.08289570065982872,0.0506139981236716,0.01823032883602465,0.014173553187304693,0.015510152916384615,True,False,False,False,一般,2026-09-01,1号艇のdominance,-0.2277,1号艇vs2号艇のcumulative差,-0.1514,1号艇のsession_exh_rel_avg,-0.1402,1号艇の年齢,-0.1055,1号艇のracer_win_te,-0.0926,6号艇のsession_exh_rel_last,-0.0694,2号艇のsession_exh_rel_avg,0.0692,2号艇のwin_rate_rank_2to6,0.0653,2号艇のclass_rank_2to6,0.0628,1号艇の直近複勝率,0.062,3号艇のwin_rate_rank_2to6,0.1605,3号艇のsession_exh_rel_avg,-0.1134,1号艇vs6号艇のcumulative差,-0.1103,3号艇の節間得点,-0.0492,3号艇のclass_rank_2to6,0.0433,0.0045,南東 1.5m/s,[逃げ]1号艇のdominanceが不利(-22.8pt)、1号艇vs2号艇のcumulative差が不利(-15.1pt) / [2着]6号艇のsession_exh_rel_lastが不利(-6.9pt)、2号艇のsession_exh_rel_avgが有利(+6.9pt) / [候補2]3号艇のwin_rate_rank_2to6が有利(+16.1pt)、3号艇のsession_exh_rel_avgが不利(-11.3pt) / [除外]6号艇のwin_rate_rank_2to6が不利(-6.7pt)、天気+0.5pt
134,12,住之江,4,16:30,0.21455214166051662,2,0.3847780704749312,4,0.2922501515908579,0.14525785500882687,0.16402874008810311,0.512999481977686,0.11666609947482899,0.2555803430994846,1-2,1-4,0.08255495908439768,0.03519271747977876,0.0627028959244292,0.0162232019867671,0.017878364787336856,True,False,False,False,予選,2026-09-01,1号艇のdominance,-0.4001,1号艇の年齢,-0.1846,1号艇のvs_max234_diff,-0.1604,1号艇のracer_win_te,-0.154,1号艇の全国勝率,-0.1008,2号艇のwin_rate_rank_2to6,0.2211,2号艇のclass_rank_2to6,0.0949,2号艇のracer_avgfin_te,0.0675,1号艇vs2号艇のplace_rate差,-0.0526,2号艇の全国勝率,0.0519,4号艇のclass_rank_2to6,-0.1019,4号艇のwin_rate_rank_2to6,0.0966,3号艇の年齢,0.0691,4号艇の直近複勝率,0.0472,4号艇のcumulative_diff_rank_2to6,0.0457,0.0192,西 2.5m/s,[逃げ]1号艇のdominanceが不利(-40.0pt)、1号艇の年齢が不利(-18.5pt) / [2着]2号艇のwin_rate_rank_2to6が有利(+22.1pt)、2号艇のclass_rank_2to6が有利(+9.5pt) / [候補2]4号艇のclass_rank_2to6が不利(-10.2pt)、4号艇のwin_rate_rank_2to6が有利(+9.7pt) / [除外]3号艇のwin_rate_rank_2to6が不利(-5.0pt)、天気+1.9pt
135,24,大村,1,17:41,0.2740542134919687,2,0.2732783897153657,3,0.2611765678810831,0.14646963305097824,0.18523325523780182,0.34922170235864697,0.11391237674275541,0.20729525384327885,1-2,1-3,0.07489309415779626,0.07157653889318201,0.04656658407111561,0.05076395407675287,0.030254044334984947,True,False,False,False,予選,2026-09-01,1号艇のracer_win_te,-0.2591,1号艇のdominance,-0.23,1号艇の年齢,-0.1537,場特性:in_escape_diff,0.1166,1号艇の級別順位,-0.0902,2号艇の全国勝率,-0.0866,2号艇のclass_rank_2to6,-0.0532,2号艇の当地勝率,-0.052,2号艇のモーター2連率,0.0491,2号艇のwin_rate_rank_2to6,-0.0368,3号艇のwin_rate_rank_2to6,-0.1044,3号艇のracer_avgfin_te,-0.081,3号艇の全国勝率,-0.0688,3号艇のracer_2nd_te,-0.063,6号艇のracer_2nd_te,-0.0591,0.0083,南東 3.2m/s,[逃げ]1号艇のracer_win_teが不利(-25.9pt)、1号艇のdominanceが不利(-23.0pt) / [2着]2号艇の全国勝率が不利(-8.7pt)、2号艇のclass_rank_2to6が不利(-5.3pt) / [候補2]3号艇のwin_rate_rank_2to6が不利(-10.4pt)、3号艇のracer_avgfin_teが不利(-8.1pt) / [除外]4号艇のwin_rate_rank_2to6が不利(-5.1pt)、天気+0.8pt
136,06,浜名湖,6,13:46,0.17454547824210856,2,0.5356591327883541,4,0.23104603201766943,0.13382491966176202,0.1549244647841032,0.6117807000219202,0.10894561479771311,0.27721165376980944,1-2,1-4,0.0934968795072964,0.027041364797144002,0.04032804015446564,0.007039993093814834,0.006639201989852841,True,True,False,False,予選,2026-09-01,1号艇のdominance,-0.455,1号艇のvs_max234_diff,-0.3115,1号艇の全国2連率,-0.2629,1号艇のracer_win_te,-0.2116,1号艇の女子戦比率,-0.1432,2号艇のwin_rate_rank_2to6,0.1938,1号艇vs2号艇のplace_rate差,-0.0972,2号艇のclass_rank_2to6,0.0946,2号艇の体重,-0.0757,2号艇のracer_avgfin_te,0.0755,1号艇の一般戦2連率,0.1123,5号艇の女子戦比率,-0.0743,4号艇の年齢,0.0678,4号艇のwin_rate_rank_2to6,0.0674,4号艇のclass_rank_2to6,0.0574,-0.0618,南東 3.7m/s,[逃げ]1号艇のdominanceが不利(-45.5pt)、1号艇のvs_max234_diffが不利(-31.2pt) / [2着]2号艇のwin_rate_rank_2to6が有利(+19.4pt)、1号艇vs2号艇のplace_rate差が不利(-9.7pt) / [候補2]1号艇の一般戦2連率が有利(+11.2pt)、5号艇の女子戦比率が不利(-7.4pt) / [除外]6号艇のwin_rate_rank_2to6が不利(-6.8pt)、6号艇のvs_avg456_diffが不利(-6.1pt)、天気-6.2pt
137,21,芦屋,8,11:48,0.2201628174022525,6,0.34305986283376677,2,0.247208393024619,0.12995512223289585,0.18398051382512634,0.40628774203325946,0.10126407003775752,0.21285490817300493,1-6,1-2,0.05442609629378346,0.032406918215781,0.04050566827085388,0.01729510868272177,0.07552902593911238,True,True,False,False,一般,2026-09-01,1号艇のdominance,-0.2389,5号艇の枠別出走数,-0.2242,1号艇のracer_win_te,-0.2132,1号艇のvs_max234_diff,-0.1597,1号艇の級別順位,-0.1091,6号艇のwin_rate_rank_2to6,0.2771,5号艇の年齢,0.2119,6号艇のclass_rank_2to6,0.1729,5号艇の節間得点,0.1508,5号艇の枠別平均ST,0.118,2号艇のsession_exh_rel_avg,-0.1212,2号艇のclass_rank_2to6,0.0722,2号艇のモーター2連率,0.0704,2号艇のwin_rate_rank_2to6,0.0641,2号艇の全国勝率,0.0575,0.1558,東 2.1m/s,[逃げ]1号艇のdominanceが不利(-23.9pt)、5号艇の枠別出走数が不利(-22.4pt) / [2着]6号艇のwin_rate_rank_2to6が有利(+27.7pt)、5号艇の年齢が有利(+21.2pt) / [候補2]2号艇のsession_exh_rel_avgが不利(-12.1pt)、2号艇のclass_rank_2to6が有利(+7.2pt)、天気+15.6pt
138,24,大村,5,19:30,0.21702541171005282,3,0.3345732478174139,2,0.3174682279177523,0.14150956972345488,0.24523606657230979,0.40680540916285646,0.09986566940987077,0.22109832155527537,1-3,1-2,0.06889867286871108,0.07261089685474378,0.05322245831400945,0.016023153359132424,0.006270230515576739,True,False,False,False,予選,2026-09-01,1号艇のdominance,-0.2997,1号艇の女子戦比率,-0.2296,1号艇vs4号艇の枠別勝率差,-0.1594,1号艇の年齢,-0.1473,1号艇のvs_max234_diff,-0.1396,3号艇のwin_rate_rank_2to6,0.1821,1号艇のvs_max234_diff,-0.0691,3号艇のclass_rank_2to6,0.0542,場特性:1x_diff_course3,0.0514,3号艇のモーター2連率,-0.0429,2号艇のwin_rate_rank_2to6,-0.1365,1号艇vs3号艇の直近複勝率差,0.0508,場特性:1x_diff_course2,0.0402,1号艇vs3号艇の枠別勝率差,-0.0394,1号艇の年齢,-0.0312,0.0668,西 1.1m/s,[逃げ]1号艇のdominanceが不利(-30.0pt)、1号艇の女子戦比率が不利(-23.0pt) / [2着]3号艇のwin_rate_rank_2to6が有利(+18.2pt)、1号艇のvs_max234_diffが不利(-6.9pt) / [候補2]2号艇のwin_rate_rank_2to6が不利(-13.6pt)、1号艇vs3号艇の直近複勝率差が有利(+5.1pt) / [除外]1号艇vs3号艇の直近複勝率差が不利(-9.8pt)、6号艇のwin_rate_rank_2to6が不利(-7.2pt)、天気+6.7pt
139,20,若松,9,19:11,0.17083912256482647,3,0.40292632332112277,2,0.28345383890832476,0.11726058466118207,0.1355368488659343,0.5508433133635132,0.0981888284917976,0.24733540327188142,1-3,1-2,0.04842500512672987,0.0688355795344522,0.012832112312593388,0.023154996335457714,0.017591427982742665,True,False,False,False,予選,2026-09-01,1号艇のracer_win_te,-0.252,1号艇のdominance,-0.2457,6号艇の枠別出走数,-0.1423,1号艇のsession_exh_rel_avg,0.1268,6号艇の年齢,-0.1104,3号艇のsession_exh_rel_avg,0.1406,場特性:1x_diff_course3,0.0759,3号艇のwin_rate_rank_2to6,0.0657,6号艇のracer_2nd_te,-0.0639,1号艇vs6号艇のplace_rate差,0.0581,2号艇のモーター2連率,0.0756,2号艇のclass_rank_2to6,-0.0451,1号艇の年齢,0.0373,2号艇のwin_rate_rank_2to6,-0.0369,2号艇のsession_exh_rel_avg,-0.0358,-0.0112,東 2.9m/s,[逃げ]1号艇のracer_win_teが不利(-25.2pt)、1号艇のdominanceが不利(-24.6pt) / [2着]3号艇のsession_exh_rel_avgが有利(+14.1pt)、場特性:1x_diff_course3が有利(+7.6pt) / [候補2]2号艇のモーター2連率が有利(+7.6pt)、2号艇のclass_rank_2to6が不利(-4.5pt)、天気-1.1pt
140,24,大村,3,18:34,0.15826652993987428,4,0.3752918613640407,3,0.3401865222332276,0.11323628101892991,0.19311470532923022,0.522363678268038,0.08699517176907165,0.23597450019366234,1-4,1-3,0.030563594292818613,0.053840140406166824,0.05939614061276309,0.010976736522513198,0.0034899195795844835,True,False,False,False,予選,2026-09-01,1号艇のdominance,-0.4491,1号艇のvs_max234_diff,-0.2573,1号艇のracer_win_te,-0.2475,場特性:in_escape_diff,0.1382,1号艇の全国2連率,-0.133,4号艇のwin_rate_rank_2to6,0.2279,4号艇のclass_rank_2to6,0.2119,4号艇の全国勝率,0.1401,win_rate_gap_top2_2to6,0.0495,4号艇のracer_avgfin_te,0.0446,3号艇のwin_rate_rank_2to6,0.0691,1号艇vs5号艇の枠別勝率差,0.0627,1号艇のvs_max234_diff,-0.0535,1号艇の一般戦2連率,0.0527,4号艇の全国2連率,-0.0493,0.0509,南東 1.7m/s,[逃げ]1号艇のdominanceが不利(-44.9pt)、1号艇のvs_max234_diffが不利(-25.7pt) / [2着]4号艇のwin_rate_rank_2to6が有利(+22.8pt)、4号艇のclass_rank_2to6が有利(+21.2pt) / [候補2]3号艇のwin_rate_rank_2to6が有利(+6.9pt)、1号艇vs5号艇の枠別勝率差が有利(+6.3pt) / [除外]6号艇のwin_rate_rank_2to6が不利(-7.7pt)、6号艇のvs_avg456_diffが不利(-6.0pt)、天気+5.1pt
141,16,児島,5,13:10,0.15142121338598302,2,0.4790851725520491,4,0.22207905480396822,0.1061711380890934,0.18224253012975514,0.5189216972262621,0.082952461890559,0.22999630583024402,1-2,1-4,0.07254365814306432,0.027595385042779093,0.03362747994602909,0.015080670737796693,0.002574020644489783,True,True,False,False,日替艇食戦,2026-09-01,1号艇のdominance,-0.4691,1号艇のvs_max234_diff,-0.1575,1号艇の全国2連率,-0.1471,1号艇vs2号艇のcumulative差,-0.119,1号艇vs4号艇の枠別勝率差,-0.1119,2号艇のwin_rate_rank_2to6,0.2124,2号艇のsession_exh_rel_avg,-0.0882,2号艇のclass_rank_2to6,0.0864,1号艇vs2号艇のplace_rate差,-0.0667,2号艇の節間得点,0.0634,4号艇のclass_rank_2to6,0.1041,2号艇のsession_exh_rel_delta,0.0811,4号艇の年齢,-0.0705,4号艇のwin_rate_rank_2to6,-0.0698,4号艇のsession_exh_rel_avg,-0.0634,-0.0521,東 4.2m/s,[逃げ]1号艇のdominanceが不利(-46.9pt)、1号艇のvs_max234_diffが不利(-15.8pt) / [2着]2号艇のwin_rate_rank_2to6が有利(+21.2pt)、2号艇のsession_exh_rel_avgが不利(-8.8pt) / [候補2]4号艇のclass_rank_2to6が有利(+10.4pt)、2号艇のsession_exh_rel_deltaが有利(+8.1pt) / [除外]1号艇vs5号艇の級別差が不利(-8.7pt)、6号艇のwin_rate_rank_2to6が不利(-6.1pt)、天気-5.2pt
142,16,児島,3,12:16,0.1919594169782634,4,0.3273465918176788,3,0.24053485957686213,0.1090101923224661,0.2305591448056042,0.33732230658893675,0.07885023626211143,0.17750382660240727,1-4,1-3,0.04425799901589079,0.04617293140732291,0.06283726091514319,0.02824749046448712,0.010443731957448896,True,True,False,False,予選,2026-09-01,1号艇のdominance,-0.3043,1号艇のracer_win_te,-0.2767,6号艇の枠別出走数,-0.1862,1号艇のvs_max234_diff,-0.1325,1号艇の年齢,0.1087,4号艇のclass_rank_2to6,0.1042,4号艇の節間得点,-0.0745,4号艇のwin_rate_rank_2to6,0.0583,場特性:1x_diff_course4,0.056,3号艇の年齢,0.0551,3号艇のwin_rate_rank_2to6,-0.0878,3号艇のcumulative_diff_rank_2to6,-0.0664,6号艇のracer_2nd_te,-0.0538,3号艇の節間得点,-0.0513,1号艇vs5号艇のplace_rate差,0.0441,0.0701,東 3.8m/s,[逃げ]1号艇のdominanceが不利(-30.4pt)、1号艇のracer_win_teが不利(-27.7pt) / [2着]4号艇のclass_rank_2to6が有利(+10.4pt)、4号艇の節間得点が不利(-7.5pt) / [候補2]3号艇のwin_rate_rank_2to6が不利(-8.8pt)、3号艇のcumulative_diff_rank_2to6が不利(-6.6pt) / [除外]6号艇のsession_exh_rel_avgが不利(-5.9pt)、6号艇のwin_rate_rank_2to6が不利(-5.6pt)、天気+7.0pt
143,21,芦屋,6,10:45,0.1410962207823186,2,0.5024739770313916,4,0.1604921189680452,0.09354201065232835,0.14722304561081373,0.5157430503886231,0.0770161630113744,0.22020232257321676,1-2,1-4,0.07089717920059091,0.01895125444474087,0.022644831451737447,0.020772615347748734,0.007830341388749386,False,False,True,False,一般,2026-09-01,1号艇のdominance,-0.4183,1号艇のracer_win_te,-0.3419,1号艇のvs_max234_diff,-0.1834,1号艇のsession_exh_rel_avg,-0.1804,1号艇の全国2連率,-0.1605,2号艇のwin_rate_rank_2to6,0.1767,2号艇のclass_rank_2to6,0.1094,1号艇vs2号艇のplace_rate差,-0.0702,2号艇の全国勝率,0.0527,3号艇のracer_avgfin_te,0.0463,4号艇のwin_rate_rank_2to6,-0.1079,4号艇の節間得点,-0.0676,4号艇の全国勝率,-0.0674,4号艇のsession_exh_rel_avg,0.0642,1号艇のモーター出走数,0.0592,0.0751,東 1.8m/s,[逃げ]1号艇のdominanceが不利(-41.8pt)、1号艇のracer_win_teが不利(-34.2pt) / [2着]2号艇のwin_rate_rank_2to6が有利(+17.7pt)、2号艇のclass_rank_2to6が有利(+10.9pt) / [候補2]4号艇のwin_rate_rank_2to6が不利(-10.8pt)、4号艇の節間得点が不利(-6.8pt) / [除外]3号艇のracer_2nd_teが不利(-6.1pt)、3号艇のracer_win_teが不利(-5.5pt)、天気+7.5pt
144,06,浜名湖,2,11:50,0.13653013030814987,3,0.27886271666543827,2,0.23341553666542814,0.0699414166812946,0.23095096071875745,0.281327292612109,0.0505577718294035,0.1333571794605389,1-3,1-2,0.03186825363687763,0.03807316304441696,0.031531764761724354,0.02250264187843257,0.012554308003927083,True,True,False,False,予選,2026-09-01,1号艇のdominance,-0.3674,1号艇のracer_win_te,-0.2032,1号艇の女子戦比率,-0.1632,1号艇の全国2連率,-0.1565,1号艇のvs_max234_diff,-0.1443,3号艇のモーター2連率,0.1194,3号艇のsession_exh_rel_avg,0.0996,3号艇の女子戦比率,-0.066,3号艇のwin_rate_rank_2to6,0.0629,1号艇のvs_max234_diff,-0.0599,2号艇のwin_rate_rank_2to6,-0.1411,2号艇のsession_exh_rel_avg,-0.07,2号艇のモーター2連率,0.0612,1号艇の年齢,0.0601,2号艇の全国勝率,-0.053,-0.0301,南東 3.8m/s,[逃げ]1号艇のdominanceが不利(-36.7pt)、1号艇のracer_win_teが不利(-20.3pt) / [2着]3号艇のモーター2連率が有利(+11.9pt)、3号艇のsession_exh_rel_avgが有利(+10.0pt) / [候補2]2号艇のwin_rate_rank_2to6が不利(-14.1pt)、2号艇のsession_exh_rel_avgが不利(-7.0pt)、天気-3.0pt
