rank,venue_code,venue_name,race_no,closing_time,in_escape_prob,second_pred_1,second_pred_1_prob,second_pred_2,second_pred_2_prob,confidence_score,third_prob,top2_margin,adjusted_score,score_margin_blend,ticket_1,ticket_2,score_boat2,score_boat3,score_boat4,score_boat5,score_boat6,is_teppan,is_lunch,is_excluded,is_channel_target,race_grade,race_date,top_feat_1,top_feat_1_contrib,top_feat_2,top_feat_2_contrib,top_feat_3,top_feat_3_contrib,top_feat_4,top_feat_4_contrib,top_feat_5,top_feat_5_contrib,s2_top_feat_1,s2_top_feat_1_contrib,s2_top_feat_2,s2_top_feat_2_contrib,s2_top_feat_3,s2_top_feat_3_contrib,s2_top_feat_4,s2_top_feat_4_contrib,s2_top_feat_5,s2_top_feat_5_contrib,s2_top2_feat_1,s2_top2_feat_1_contrib,s2_top2_feat_2,s2_top2_feat_2_contrib,s2_top2_feat_3,s2_top2_feat_3_contrib,s2_top2_feat_4,s2_top2_feat_4_contrib,s2_top2_feat_5,s2_top2_feat_5_contrib,weather_contribution,wind_info,reason_text
1,11,琵琶湖,11,15:47,0.8691699040814231,2,0.6395174667746737,4,0.18311975975003317,0.7150115192722873,0.09313921804540172,0.7294980084793051,0.6350967827141167,0.7193574660343927,1-2,1-4,0.5558493352549378,0.08095380521474056,0.15916218401734958,0.04887134032956374,0.02433325383542738,True,False,False,False,予選特選,2026-09-06,1号艇のdominance,0.269,1号艇のsession_exh_rel_avg,0.1227,1号艇の年齢,0.0942,1号艇の勝率順位,0.0808,1号艇の級別順位,0.0777,2号艇のwin_rate_rank_2to6,0.2015,2号艇のclass_rank_2to6,0.0968,3号艇のracer_2nd_te,0.0766,2号艇のsession_exh_rel_avg,0.0727,2号艇の全国勝率,0.0632,4号艇のwin_rate_rank_2to6,-0.1414,4号艇のsession_exh_rel_avg,0.1368,4号艇の年齢,0.1039,4号艇のclass_rank_2to6,-0.0966,4号艇の節間得点,0.0827,0.0038,北東 4.0m/s,[逃げ]1号艇のdominanceが有利(+26.9pt)、1号艇のsession_exh_rel_avgが有利(+12.3pt) / [2着]2号艇のwin_rate_rank_2to6が有利(+20.1pt)、2号艇のclass_rank_2to6が有利(+9.7pt) / [候補2]4号艇のwin_rate_rank_2to6が不利(-14.1pt)、4号艇のsession_exh_rel_avgが有利(+13.7pt) / [除外]6号艇のsession_exh_rel_avgが不利(-7.6pt)、5号艇のsession_exh_rel_avgが不利(-6.7pt)、天気+0.4pt
2,07,蒲郡,12,20:45,0.8357214621271315,2,0.5937223846221252,3,0.25231112783650944,0.7070483640404829,0.10385414393696815,0.7421793685216665,0.618932480957133,0.7175876653848379,1-2,1-3,0.49618653937400964,0.21086182466647327,0.08679313701896459,0.02081353980013512,0.021066432164116647,False,False,False,False,一般記者特選,2026-09-06,1号艇のracer_win_te,0.1778,1号艇のdominance,0.1684,風速区分,-0.1573,1号艇の全国勝率,0.1067,1号艇のsession_exh_rel_avg,0.1026,2号艇のwin_rate_rank_2to6,0.1983,2号艇のclass_rank_2to6,0.1116,2号艇の当地勝率,0.0897,2号艇のsession_avg_finish,0.0741,2号艇の節間得点,0.0647,3号艇のwin_rate_rank_2to6,0.0813,3号艇のsession_exh_rel_avg,0.0586,3号艇の当地勝率,-0.0474,3号艇のcumulative_diff_rank_2to6,-0.0466,3号艇のモーター2連率,0.0459,-0.0227,東 8.0m/s,[逃げ]1号艇のracer_win_teが有利(+17.8pt)、1号艇のdominanceが有利(+16.8pt) / [2着]2号艇のwin_rate_rank_2to6が有利(+19.8pt)、2号艇のclass_rank_2to6が有利(+11.2pt) / [候補2]3号艇のwin_rate_rank_2to6が有利(+8.1pt)、3号艇のsession_exh_rel_avgが有利(+5.9pt) / [除外]1号艇vs5号艇のlocal_win_rate差が不利(-5.6pt)、1号艇の女子戦勝率が不利(-5.1pt)、天気-2.3pt
3,12,住之江,7,18:04,0.8383631818369134,3,0.6072656775068814,4,0.20957940046036594,0.6848128386324431,0.10749428875110326,0.7093507892161441,0.5964766758127409,0.6921742238075533,1-3,1-4,0.09011925394667085,0.5091091856150181,0.17570365301742505,0.04184787337435811,0.021583226814453137,True,False,False,False,一般戦,2026-09-06,1号艇のdominance,0.1646,1号艇のsession_exh_rel_avg,0.1329,1号艇の節間得点,0.0889,1号艇の勝率順位,0.0879,1号艇のracer_win_te,0.0876,3号艇のwin_rate_rank_2to6,0.1812,3号艇の一般戦2連率,0.0947,場特性:1x_diff_course3,0.0522,2号艇のvs_boat3_diff,0.0514,3号艇の全国勝率,0.045,4号艇のclass_rank_2to6,0.1341,1号艇vs2号艇のcumulative差,0.1121,4号艇の節間得点,-0.0932,4号艇のsession_exh_rel_avg,-0.0914,1号艇vs4号艇のcumulative差,-0.0889,0.0397,北東 2.3m/s,[逃げ]1号艇のdominanceが有利(+16.5pt)、1号艇のsession_exh_rel_avgが有利(+13.3pt) / [2着]3号艇のwin_rate_rank_2to6が有利(+18.1pt)、3号艇の一般戦2連率が有利(+9.5pt) / [候補2]4号艇のclass_rank_2to6が有利(+13.4pt)、1号艇vs2号艇のcumulative差が有利(+11.2pt) / [除外]6号艇のwin_rate_rank_2to6が不利(-10.6pt)、6号艇のvs_avg456_diffが不利(-7.8pt)、天気+4.0pt
4,10,三国,1,08:32,0.826506328596694,3,0.5431968499450051,2,0.2734764301303605,0.67498563437811,0.10010351396456874,0.7165697661107968,0.593903513725887,0.687460873897916,1-3,1-2,0.22603000022477457,0.44895563415333545,0.08273618780648359,0.06435826056252396,0.0044262404613683755,False,False,True,False,みくにあさイ,2026-09-06,1号艇のdominance,0.3492,1号艇のvs_max234_diff,0.174,2号艇の枠別平均ST,0.1001,1号艇のracer_win_te,0.0982,1号艇の勝率順位,0.0961,3号艇のwin_rate_rank_2to6,0.2037,6号艇の年齢,0.182,3号艇のsession_exh_rel_avg,0.1158,3号艇の節間得点,-0.0897,3号艇のモーター2連率,0.0713,2号艇の全国勝率,-0.1354,2号艇の直近平均着順,-0.0925,1号艇vs2号艇のlocal_win_rate差,0.0718,2号艇の当地勝率,-0.0601,1号艇vs2号艇のcumulative差,-0.0559,0.0005,北東 3.3m/s,[逃げ]1号艇のdominanceが有利(+34.9pt)、1号艇のvs_max234_diffが有利(+17.4pt) / [2着]3号艇のwin_rate_rank_2to6が有利(+20.4pt)、6号艇の年齢が有利(+18.2pt) / [候補2]2号艇の全国勝率が不利(-13.5pt)、2号艇の直近平均着順が不利(-9.3pt) / [除外]6号艇の直近平均着順が不利(-14.9pt)、6号艇の全国勝率が不利(-13.5pt)、天気影響ほぼなし
5,17,宮島,11,16:11,0.7261862610362786,3,0.42216350972423144,2,0.41854372354190494,0.61051004235169,0.0871076594409606,0.7535995738251757,0.5466939213263411,0.6534369017937357,1-3,1-2,0.3039407016790978,0.3065693406725923,0.06325638551705268,0.04135890036738713,0.011060936181716973,True,False,False,False,選抜戦,2026-09-06,1号艇のsession_exh_rel_avg,0.165,1号艇の節間得点,0.1002,1号艇の級別順位,0.0833,1号艇のモーター2連率,0.0711,2号艇の体重,0.0692,3号艇のwin_rate_rank_2to6,0.1368,3号艇の当地勝率,0.106,3号艇のsession_exh_rel_avg,0.0994,場特性:1x_diff_course3,0.0727,風向(度),0.0588,2号艇のsession_exh_rel_avg,-0.0962,2号艇のclass_rank_2to6,0.0809,2号艇のwin_rate_rank_2to6,0.0785,2号艇の節間得点,0.0582,2号艇の全国勝率,0.0491,0.1561,北 3.7m/s,[逃げ]1号艇のsession_exh_rel_avgが有利(+16.5pt)、1号艇の節間得点が有利(+10.0pt) / [2着]3号艇のwin_rate_rank_2to6が有利(+13.7pt)、3号艇の当地勝率が有利(+10.6pt) / [候補2]2号艇のsession_exh_rel_avgが不利(-9.6pt)、2号艇のclass_rank_2to6が有利(+8.1pt) / [除外]6号艇のwin_rate_rank_2to6が不利(-7.3pt)、6号艇のvs_avg456_diffが不利(-5.8pt)、天気+15.6pt
6,12,住之江,11,20:07,0.780514508597187,2,0.4261876453478881,3,0.3662644315439209,0.6185203433820305,0.12404954511461047,0.6684025317771987,0.5264477426932223,0.6334849999005809,1-2,1-3,0.33264564057889906,0.28587470280313143,0.09682246974683477,0.05554085988117814,0.009630831952589554,False,False,False,False,選抜戦,2026-09-06,1号艇のracer_win_te,0.1708,1号艇の年齢,-0.1032,1号艇の節間得点,0.0912,1号艇のdominance,0.0841,1号艇の級別順位,0.0825,2号艇のwin_rate_rank_2to6,0.1499,2号艇のsession_exh_rel_avg,0.0989,2号艇の全国勝率,0.0509,2号艇の節間得点,0.0468,1号艇の年齢,0.0391,6号艇の女子戦比率,0.1273,3号艇の当地勝率,0.1193,3号艇の節間得点,0.0695,3号艇のwin_rate_rank_2to6,-0.0646,3号艇のcumulative_diff_rank_2to6,0.0506,0.0985,北東 2.3m/s,[逃げ]1号艇のracer_win_teが有利(+17.1pt)、1号艇の年齢が不利(-10.3pt) / [2着]2号艇のwin_rate_rank_2to6が有利(+15.0pt)、2号艇のsession_exh_rel_avgが有利(+9.9pt) / [候補2]6号艇の女子戦比率が有利(+12.7pt)、3号艇の当地勝率が有利(+11.9pt) / [除外]6号艇の女子戦比率が不利(-7.7pt)、6号艇のwin_rate_rank_2to6が不利(-7.6pt)、天気+9.8pt
7,11,琵琶湖,9,14:41,0.7710288098081064,2,0.42696236725902104,3,0.33895409528861487,0.5905436585305388,0.09311949206467948,0.6727969704829564,0.5245543079012812,0.6152196521162641,1-2,1-3,0.3292002858605746,0.2613433726699642,0.0710156412130896,0.07179781113656523,0.03767169749175968,True,True,False,False,予選特賞,2026-09-06,1号艇のdominance,0.1533,1号艇のsession_exh_rel_avg,0.1062,1号艇のモーター2連率,0.0864,場特性:in_escape_diff,-0.0851,3号艇の枠別出走数,-0.0771,2号艇のモーター2連率,0.0868,3号艇のracer_2nd_te,0.0696,2号艇の全国勝率,0.0631,2号艇のclass_rank_2to6,-0.0628,5号艇の年齢,-0.0617,3号艇のwin_rate_rank_2to6,0.2009,3号艇のsession_exh_rel_avg,0.176,3号艇の全国勝率,0.0526,1号艇のモーター2連率,0.0519,1号艇のsession_exh_rel_last,0.0515,0.0806,北東 3.0m/s,[逃げ]1号艇のdominanceが有利(+15.3pt)、1号艇のsession_exh_rel_avgが有利(+10.6pt) / [2着]2号艇のモーター2連率が有利(+8.7pt)、3号艇のracer_2nd_teが有利(+7.0pt) / [候補2]3号艇のwin_rate_rank_2to6が有利(+20.1pt)、3号艇のsession_exh_rel_avgが有利(+17.6pt) / [除外]6号艇のsession_exh_rel_avgが不利(-6.9pt)、5号艇のwin_rate_rank_2to6が不利(-5.4pt)、天気+8.1pt
8,22,福岡,3,12:49,0.7247823639677655,3,0.5763363652117721,2,0.23296154147147333,0.5865648499600468,0.09793305134878319,0.7113648553344623,0.5176319472754124,0.6240048515723714,1-3,1-2,0.16884641674126907,0.41771843321877766,0.07098014846714765,0.052782361668664776,0.014455004546912651,True,True,False,False,一般戦,2026-09-06,1号艇のdominance,0.1508,1号艇のsession_exh_rel_avg,0.1027,1号艇の勝率順位,0.0701,1号艇のracer_win_te,0.0643,1号艇の級別順位,0.0619,3号艇のwin_rate_rank_2to6,0.1806,3号艇の当地勝率,0.1096,3号艇のsession_exh_rel_avg,0.085,3号艇の一般戦2連率,0.0688,場特性:1x_diff_course3,0.0508,2号艇のwin_rate_rank_2to6,0.083,2号艇のclass_rank_2to6,-0.0751,1号艇の体重,-0.0674,2号艇のsession_exh_rel_avg,-0.0623,2号艇の直近平均着順,-0.0447,0.0441,北東 3.5m/s,[逃げ]1号艇のdominanceが有利(+15.1pt)、1号艇のsession_exh_rel_avgが有利(+10.3pt) / [2着]3号艇のwin_rate_rank_2to6が有利(+18.1pt)、3号艇の当地勝率が有利(+11.0pt) / [候補2]2号艇のwin_rate_rank_2to6が有利(+8.3pt)、2号艇のclass_rank_2to6が不利(-7.5pt) / [除外]6号艇のwin_rate_rank_2to6が不利(-8.4pt)、天気+4.4pt
9,12,住之江,12,20:38,0.8090039328449673,3,0.4202120314110763,2,0.3159579001516394,0.5955643698764475,0.12024932479848655,0.6159206067642291,0.5096249138544328,0.6016712409427819,1-3,1-2,0.25561118383611375,0.3399531860403337,0.09728217668392747,0.09406100293620162,0.022096390882827034,False,False,False,False,優勝戦,2026-09-06,1号艇のdominance,0.1392,race_no,0.1214,1号艇のracer_win_te,0.0999,1号艇の節間得点,0.0946,1号艇の全国勝率,0.079,3号艇のwin_rate_rank_2to6,0.1974,3号艇のsession_exh_rel_avg,-0.0878,3号艇の節間得点,0.0864,3号艇のsession_rank_diff_last,0.0775,5号艇のsession_exh_rel_last,-0.0579,2号艇のsession_exh_rel_avg,0.1715,2号艇のwin_rate_rank_2to6,-0.1334,2号艇の節間得点,0.0632,2号艇の全国勝率,0.0506,2号艇のsession_avg_finish,0.0423,0.1352,北東 2.3m/s,[逃げ]1号艇のdominanceが有利(+13.9pt)、race_noが有利(+12.1pt) / [2着]3号艇のwin_rate_rank_2to6が有利(+19.7pt)、3号艇のsession_exh_rel_avgが不利(-8.8pt) / [候補2]2号艇のsession_exh_rel_avgが有利(+17.1pt)、2号艇のwin_rate_rank_2to6が不利(-13.3pt) / [除外]3号艇のracer_win_teが不利(-6.9pt)、6号艇のwin_rate_rank_2to6が不利(-5.0pt)、天気+13.5pt
10,17,宮島,7,14:01,0.8359287592010245,3,0.43961793534657695,2,0.2937146684842721,0.613013813601978,0.14341581405302944,0.5899167897778195,0.5075147634778023,0.6060847064547304,1-3,1-2,0.2455245383851978,0.36748927521678026,0.11988540349115376,0.08470635715802641,0.01832317171503775,True,True,False,False,一般戦,2026-09-06,1号艇のdominance,0.3024,1号艇のvs_max234_diff,0.1231,1号艇のsession_exh_rel_avg,0.1181,1号艇の勝率順位,0.0731,1号艇の級別順位,0.0731,3号艇の節間得点,-0.1067,3号艇のsession_exh_rel_avg,0.1026,1号艇vs3号艇のcumulative差,-0.0802,3号艇のwin_rate_rank_2to6,0.0763,3号艇の当地勝率,-0.0583,2号艇のwin_rate_rank_2to6,-0.1646,2号艇の全国勝率,-0.0797,2号艇の節間得点,-0.071,2号艇のsession_avg_finish,-0.063,2号艇の直近平均着順,-0.0556,0.0943,北 3.1m/s,[逃げ]1号艇のdominanceが有利(+30.2pt)、1号艇のvs_max234_diffが有利(+12.3pt) / [2着]3号艇の節間得点が不利(-10.7pt)、3号艇のsession_exh_rel_avgが有利(+10.3pt) / [候補2]2号艇のwin_rate_rank_2to6が不利(-16.5pt)、2号艇の全国勝率が不利(-8.0pt) / [除外]1号艇vs6号艇のcumulative差が不利(-7.9pt)、天気+9.4pt
11,11,琵琶湖,10,15:11,0.7580767230128842,2,0.6436378201972207,4,0.14441832437881175,0.5974070196303664,0.1272970841807453,0.6607590603952871,0.5061492136287005,0.6164126318598425,1-2,1-4,0.48792684954226506,0.09650095642483467,0.10948017008810133,0.0529466092696967,0.011222134863930588,True,False,False,False,予選特賞,2026-09-06,1号艇のdominance,0.2516,5号艇の平均ST,0.1119,1号艇の全国勝率,0.0871,5号艇の枠別出走数,-0.0862,1号艇の勝率順位,0.0795,2号艇のwin_rate_rank_2to6,0.1953,2号艇のclass_rank_2to6,0.1191,2号艇の全国勝率,0.075,2号艇の一般戦勝率,-0.0551,3号艇のracer_2nd_te,0.0529,4号艇のsession_exh_rel_avg,0.1276,4号艇のwin_rate_rank_2to6,-0.0885,4号艇のclass_rank_2to6,-0.0658,1号艇vs5号艇の勝率差,0.0592,3号艇の年齢,-0.0588,0.0456,北東 3.6m/s,[逃げ]1号艇のdominanceが有利(+25.2pt)、5号艇の平均STが有利(+11.2pt) / [2着]2号艇のwin_rate_rank_2to6が有利(+19.5pt)、2号艇のclass_rank_2to6が有利(+11.9pt) / [候補2]4号艇のsession_exh_rel_avgが有利(+12.8pt)、4号艇のwin_rate_rank_2to6が不利(-8.8pt) / [除外]5号艇の直近平均着順が不利(-19.3pt)、1号艇vs5号艇の勝率差が不利(-7.6pt)、天気+4.6pt
12,17,宮島,8,14:36,0.8498585052236969,3,0.454499508998203,2,0.267493057597489,0.6135915234296352,0.15369228709397115,0.5683002795017209,0.5004263819367857,0.6000041502512609,1-3,1-2,0.22733125008751823,0.386260273342117,0.1306166973740936,0.06703368933857401,0.03861659983034852,True,True,False,False,一般戦,2026-09-06,1号艇のdominance,0.3006,1号艇のvs_max234_diff,0.1322,1号艇の勝率順位,0.0931,1号艇のlocal_win_rate順位,0.0781,1号艇の級別順位,0.0752,3号艇のsession_exh_rel_avg,-0.1606,3号艇の当地勝率,-0.0733,3号艇のwin_rate_rank_2to6,0.0652,3号艇の全国勝率,-0.058,3号艇のsession_exh_rel_last,-0.0426,2号艇の全国勝率,-0.0937,2号艇の節間得点,-0.0738,2号艇の直近平均着順,-0.0727,2号艇の当地勝率,-0.0573,2号艇のracer_avgfin_te,-0.0547,0.0892,北東 3.4m/s,[逃げ]1号艇のdominanceが有利(+30.1pt)、1号艇のvs_max234_diffが有利(+13.2pt) / [2着]3号艇のsession_exh_rel_avgが不利(-16.1pt)、3号艇の当地勝率が不利(-7.3pt) / [候補2]2号艇の全国勝率が不利(-9.4pt)、2号艇の節間得点が不利(-7.4pt) / [除外]6号艇のracer_win_teが不利(-11.2pt)、6号艇のwin_rate_rank_2to6が不利(-7.1pt)、天気+8.9pt
13,22,福岡,12,17:25,0.904384804287735,2,0.5163985214263849,3,0.16784864843053512,0.6188227427954872,0.16087526468902974,0.5233719051678902,0.4993588157441088,0.5901874915072081,1-2,1-3,0.4670229757346768,0.15179976706081036,0.14549314477052575,0.09338376215366724,0.04668516467534262,True,False,False,False,準優勝戦,2026-09-06,1号艇のdominance,0.2157,1号艇のsession_exh_rel_avg,0.1611,1号艇の全国勝率,0.1047,1号艇のracer_win_te,0.1044,race_no,0.0955,2号艇のwin_rate_rank_2to6,-0.1428,2号艇のsession_exh_rel_avg,0.1254,2号艇の当地勝率,0.075,2号艇の節間得点,0.0562,2号艇のclass_rank_2to6,-0.054,4号艇のsession_rank_diff_last,-0.1215,3号艇のwin_rate_rank_2to6,-0.0965,6号艇のracer_2nd_te,-0.0698,avg_456_win_rate,-0.0647,3号艇のモーター2連率,0.0488,0.096,北東 3.8m/s,[逃げ]1号艇のdominanceが有利(+21.6pt)、1号艇のsession_exh_rel_avgが有利(+16.1pt) / [2着]2号艇のwin_rate_rank_2to6が不利(-14.3pt)、2号艇のsession_exh_rel_avgが有利(+12.5pt) / [候補2]4号艇のsession_rank_diff_lastが不利(-12.1pt)、3号艇のwin_rate_rank_2to6が不利(-9.7pt) / [除外]4号艇の一般戦2連率が不利(-5.1pt)、天気+9.6pt
14,07,蒲郡,10,19:47,0.814588619472789,2,0.5288784934741635,3,0.19479637999585567,0.5894973161270882,0.14390284572027545,0.5797720277497437,0.48770090652490483,0.5865797296138848,1-2,1-3,0.4308184018679673,0.1586789142591209,0.10356950262624211,0.11722162043348493,0.004300181613602133,True,False,False,False,一般特賞,2026-09-06,1号艇のdominance,0.2213,風速区分,-0.1422,1号艇のracer_win_te,0.1032,1号艇の勝率順位,0.0961,4号艇のモーター2連率,-0.0933,2号艇のwin_rate_rank_2to6,0.1822,2号艇の当地勝率,0.1095,2号艇のracer_avgfin_te,0.1039,2号艇のclass_rank_2to6,0.0965,2号艇の全国勝率,0.0564,3号艇のwin_rate_rank_2to6,-0.0833,3号艇の当地勝率,-0.052,3号艇の節間得点,0.0481,3号艇の全国勝率,0.0444,場特性:1x_diff_course3,0.0406,-0.1201,東 6.5m/s,[逃げ]1号艇のdominanceが有利(+22.1pt)、風速区分が不利(-14.2pt) / [2着]2号艇のwin_rate_rank_2to6が有利(+18.2pt)、2号艇の当地勝率が有利(+10.9pt) / [候補2]3号艇のwin_rate_rank_2to6が不利(-8.3pt)、3号艇の当地勝率が不利(-5.2pt) / [除外]6号艇のwin_rate_rank_2to6が不利(-6.8pt)、6号艇のsession_exh_rel_avgが不利(-5.3pt)、天気-12.0pt
15,02,戸田,10,15:21,0.7953556811577253,3,0.39931830008430513,2,0.3472890617273938,0.5938184068111161,0.15198700836492474,0.5946203534467742,0.4855151870152192,0.5940589908018135,1-3,1-2,0.2762183282488186,0.31760007856229744,0.1208837305652096,0.0671437993143097,0.013509735578297506,True,False,False,False,選抜戦,2026-09-06,1号艇のdominance,0.2048,場特性:in_escape_diff,-0.1481,1号艇のsession_exh_rel_avg,0.1294,1号艇のvs_max234_frame_diff,0.091,1号艇の級別順位,0.0789,3号艇のwin_rate_rank_2to6,0.2177,3号艇のsession_exh_rel_avg,-0.0677,2号艇のvs_boat3_diff,0.0489,win_rate_gap_top2_2to6,0.0418,3号艇のclass_rank_2to6,0.0337,2号艇の節間得点,0.1076,2号艇のモーター2連率,0.0891,2号艇の全国勝率,-0.0835,2号艇のsession_exh_rel_avg,-0.0805,2号艇のwin_rate_rank_2to6,-0.0661,0.0838,北東 3.0m/s,[逃げ]1号艇のdominanceが有利(+20.5pt)、場特性:in_escape_diffが不利(-14.8pt) / [2着]3号艇のwin_rate_rank_2to6が有利(+21.8pt)、3号艇のsession_exh_rel_avgが不利(-6.8pt) / [候補2]2号艇の節間得点が有利(+10.8pt)、2号艇のモーター2連率が有利(+8.9pt) / [除外]6号艇のwin_rate_rank_2to6が不利(-6.9pt)、1号艇vs5号艇の枠別平均ST差が不利(-6.6pt)、天気+8.4pt
16,04,平和島,12,16:38,0.7768450189862821,4,0.45101580361347726,2,0.2816162927985323,0.5691415948471472,0.1322424664760568,0.6003896299359528,0.4788239689151032,0.5785160053737889,1-4,1-2,0.2187722143259222,0.08942480874433316,0.350369380521225,0.10273190138038513,0.015546710396950046,True,False,False,False,記者選抜,2026-09-06,1号艇のdominance,0.3064,風速区分,-0.1572,場特性:in_escape_diff,-0.1552,1号艇のracer_win_te,0.1117,race_no,0.1015,4号艇のwin_rate_rank_2to6,0.2122,4号艇のclass_rank_2to6,0.1822,4号艇のcumulative_diff_rank_2to6,0.0635,4号艇のsession_exh_rel_avg,0.0615,1号艇の一般戦2連率,0.0595,2号艇のsession_exh_rel_avg,0.097,3号艇の全国勝率,-0.0576,2号艇のclass_rank_2to6,-0.0549,2号艇のモーター2連率,-0.0458,2号艇の体重,-0.0455,-0.0824,東 6.6m/s,[逃げ]1号艇のdominanceが有利(+30.6pt)、風速区分が不利(-15.7pt) / [2着]4号艇のwin_rate_rank_2to6が有利(+21.2pt)、4号艇のclass_rank_2to6が有利(+18.2pt) / [候補2]2号艇のsession_exh_rel_avgが有利(+9.7pt)、3号艇の全国勝率が不利(-5.8pt) / [除外]6号艇のwin_rate_rank_2to6が不利(-8.1pt)、6号艇のvs_avg456_diffが不利(-6.3pt)、天気-8.2pt
17,22,福岡,9,15:50,0.7304871030054917,2,0.49440889788521014,4,0.28610859938078825,0.570157965422936,0.13503967166999273,0.6454778255960056,0.47776523208204275,0.5927539234748568,1-2,1-4,0.36115932351630514,0.09864473854902575,0.2089986419066308,0.04826096382178473,0.013423453580361773,True,False,False,False,一般戦,2026-09-06,2号艇のsession_exh_rel_avg,-0.2437,1号艇のdominance,0.1822,1号艇のモーター2連率,0.0765,1号艇の級別順位,0.0713,1号艇の勝率順位,0.0684,2号艇のsession_exh_rel_avg,0.2302,2号艇のwin_rate_rank_2to6,-0.1158,second_best_win_rate,0.0757,6号艇のsession_rank_diff_last,-0.0679,場特性:1x_diff_course2,0.0488,4号艇のwin_rate_rank_2to6,0.2044,4号艇のclass_rank_2to6,0.1806,4号艇のrecent_race_count,-0.0521,4号艇のsession_exh_rel_avg,0.052,4号艇の年齢,0.0443,0.0385,北東 3.1m/s,[逃げ]2号艇のsession_exh_rel_avgが不利(-24.4pt)、1号艇のdominanceが有利(+18.2pt) / [2着]2号艇のsession_exh_rel_avgが有利(+23.0pt)、2号艇のwin_rate_rank_2to6が不利(-11.6pt) / [候補2]4号艇のwin_rate_rank_2to6が有利(+20.4pt)、4号艇のclass_rank_2to6が有利(+18.1pt) / [除外]6号艇のsession_exh_rel_avgが不利(-8.2pt)、1号艇vs6号艇のcumulative差が不利(-6.8pt)、天気+3.8pt
18,22,福岡,8,15:14,0.7702134673711545,4,0.4197881512364302,3,0.3339468672188471,0.5805368620435003,0.1593512627113441,0.5943837557439333,0.4695257236229646,0.5846909301536302,1-4,1-3,0.12273448858287608,0.25721037451836276,0.3233264875251375,0.038209871816126915,0.028732250667188704,True,False,False,False,一般戦,2026-09-06,1号艇のdominance,0.1448,ST差分(4-3),-0.0894,1号艇の級別順位,0.0675,1号艇の勝率順位,0.0638,1号艇のlocal_win_rate順位,0.0584,4号艇のwin_rate_rank_2to6,0.236,4号艇のclass_rank_2to6,0.2034,4号艇のsession_exh_rel_avg,0.0891,4号艇の年齢,-0.0797,win_rate_gap_top2_2to6,0.055,3号艇のracer_avgfin_te,-0.0752,3号艇のwin_rate_rank_2to6,-0.0733,3号艇の全国勝率,-0.0585,3号艇の当地勝率,-0.044,5号艇の年齢,0.0391,0.024,北東 2.9m/s,[逃げ]1号艇のdominanceが有利(+14.5pt)、ST差分(4-3)が不利(-8.9pt) / [2着]4号艇のwin_rate_rank_2to6が有利(+23.6pt)、4号艇のclass_rank_2to6が有利(+20.3pt) / [候補2]3号艇のracer_avgfin_teが不利(-7.5pt)、3号艇のwin_rate_rank_2to6が不利(-7.3pt) / [除外]6号艇のsession_exh_rel_avgが不利(-7.4pt)、天気+2.4pt
19,09,津,4,12:13,0.6597378083975792,2,0.5325470334909983,3,0.25547930824243614,0.5198907716547778,0.08789561519256034,0.700130726540874,0.46505542860573984,0.5739627581206066,1-2,1-3,0.35134141274398345,0.16854935891079442,0.057988060534896725,0.05307559897540946,0.0287833784613526,True,True,False,False,予選,2026-09-06,1号艇のsession_exh_rel_avg,-0.1698,1号艇のdominance,0.1256,風速区分,0.1047,1号艇のracer_win_te,0.0801,1号艇の級別順位,0.0783,2号艇の当地勝率,0.1107,3号艇のモーター出走数,0.069,2号艇のclass_rank_2to6,-0.0654,2号艇のracer_avgfin_te,0.0591,2号艇の節間得点,0.0575,3号艇の当地勝率,0.118,3号艇のwin_rate_rank_2to6,-0.0789,3号艇のsession_exh_rel_avg,0.0765,場特性:1x_diff_course3,-0.0352,3号艇の全国勝率,0.0346,0.0703,北 1.2m/s,[逃げ]1号艇のsession_exh_rel_avgが不利(-17.0pt)、1号艇のdominanceが有利(+12.6pt) / [2着]2号艇の当地勝率が有利(+11.1pt)、3号艇のモーター出走数が有利(+6.9pt) / [候補2]3号艇の当地勝率が有利(+11.8pt)、3号艇のwin_rate_rank_2to6が不利(-7.9pt) / [除外]local_win_rateの分散(2-6号艇)が不利(-6.4pt)、2号艇のracer_2nd_teが不利(-5.3pt)、天気+7.0pt
20,03,江戸川,11,15:53,0.6934577113943818,2,0.4298740242380755,3,0.3597812564337893,0.5475925437251996,0.1343783206263583,0.6552769600455066,0.45929106402923003,0.5798978686212917,1-2,1-3,0.29809945703602886,0.24949308668917072,0.09318568268257488,0.03351703465904688,0.019162437410904048,True,False,False,False,予選特選,2026-09-06,1号艇のdominance,0.3221,1号艇のsession_exh_rel_avg,-0.247,1号艇のracer_win_te,0.18,場特性:in_escape_diff,-0.1335,1号艇の勝率順位,0.0864,2号艇のwin_rate_rank_2to6,0.1373,2号艇のsession_exh_rel_avg,0.099,2号艇のclass_rank_2to6,0.0728,6号艇の一般戦勝率,0.0672,2号艇の全国勝率,0.0624,3号艇のsession_exh_rel_avg,0.097,3号艇のモーター2連率,0.0717,3号艇のwin_rate_rank_2to6,0.0651,6号艇のracer_2nd_te,-0.0459,1号艇の一般戦2連率,0.0425,0.0554,北東 3.6m/s,[逃げ]1号艇のdominanceが有利(+32.2pt)、1号艇のsession_exh_rel_avgが不利(-24.7pt) / [2着]2号艇のwin_rate_rank_2to6が有利(+13.7pt)、2号艇のsession_exh_rel_avgが有利(+9.9pt) / [候補2]3号艇のsession_exh_rel_avgが有利(+9.7pt)、3号艇のモーター2連率が有利(+7.2pt) / [除外]6号艇のsession_exh_rel_avgが不利(-7.2pt)、天気+5.5pt
21,01,桐生,12,20:30,0.6705750354054381,2,0.4331236885980817,3,0.3508550050949639,0.5257165402803231,0.10771948091722093,0.6762592127758247,0.45776064488601076,0.5708793420289735,1-2,1-3,0.2904419328165926,0.23527460746373058,0.07223399472992083,0.03181527683447286,0.040809232304024584,False,False,False,False,桐生特選,2026-09-06,1号艇のdominance,0.2792,1号艇のsession_exh_rel_avg,-0.2511,場特性:in_escape_diff,-0.1142,1号艇のracer_win_te,0.1082,1号艇の勝率順位,0.0806,2号艇のwin_rate_rank_2to6,0.1896,2号艇のclass_rank_2to6,0.116,2号艇の一般戦勝率,-0.0801,2号艇のsession_exh_rel_avg,-0.0618,3号艇のモーター出走数,0.052,3号艇のモーター2連率,0.1387,4号艇のsession_rank_diff_last,-0.1311,3号艇のwin_rate_rank_2to6,0.0575,4号艇のモーター出走数,-0.0482,3号艇のcumulative_diff_rank_2to6,-0.0469,-0.0773,北東 5.2m/s,[逃げ]1号艇のdominanceが有利(+27.9pt)、1号艇のsession_exh_rel_avgが不利(-25.1pt) / [2着]2号艇のwin_rate_rank_2to6が有利(+19.0pt)、2号艇のclass_rank_2to6が有利(+11.6pt) / [候補2]3号艇のモーター2連率が有利(+13.9pt)、4号艇のsession_rank_diff_lastが不利(-13.1pt) / [除外]5号艇のsession_exh_rel_avgが不利(-6.2pt)、4号艇のwin_rate_rank_2to6が不利(-5.6pt)、天気-7.7pt
22,10,三国,4,09:50,0.6738967661263388,2,0.4894622868453299,4,0.3095057789684716,0.5384219957901366,0.1410172631454674,0.6579508026683341,0.4473098402737621,0.5742806378535958,1-2,1-4,0.3298470522458702,0.0950310776017174,0.2085749435442664,0.01877098459897397,0.021672685541361033,False,False,True,False,みくにあさ推,2026-09-06,1号艇の級別順位,0.0824,1号艇の節間得点,0.0771,場特性:in_escape_diff,-0.0609,1号艇の勝率順位,-0.0568,ST差分(4-3),-0.0545,2号艇のwin_rate_rank_2to6,0.1824,2号艇の全国勝率,0.0606,2号艇のclass_rank_2to6,0.0565,3号艇のracer_2nd_te,0.0563,3号艇の全国勝率,-0.0343,4号艇のclass_rank_2to6,0.1226,4号艇のsession_exh_rel_avg,-0.1177,4号艇のwin_rate_rank_2to6,0.0913,4号艇のcumulative_diff_rank_2to6,0.0556,4号艇の節間得点,0.0531,-0.0043,北東 5.2m/s,[逃げ]1号艇の級別順位が有利(+8.2pt)、1号艇の節間得点が有利(+7.7pt) / [2着]2号艇のwin_rate_rank_2to6が有利(+18.2pt)、2号艇の全国勝率が有利(+6.1pt) / [候補2]4号艇のclass_rank_2to6が有利(+12.3pt)、4号艇のsession_exh_rel_avgが不利(-11.8pt) / [除外]場特性:1x_diff_course5が不利(-5.2pt)、3号艇のwin_rate_rank_2to6が不利(-5.2pt)、天気-0.4pt
23,09,津,9,14:50,0.6702761852669944,2,0.5456553417284274,3,0.22130582811368849,0.5140758071696848,0.11129069613503813,0.6556704737070778,0.4454215818343698,0.5565542071309026,1-2,1-3,0.36573978092428855,0.14833602624539627,0.07459550326110159,0.03586301976956988,0.04574184133328451,True,True,False,False,予選,2026-09-06,1号艇のsession_exh_rel_avg,-0.1767,1号艇のdominance,0.1735,3号艇の全国2連率,0.1181,1号艇の全国勝率,0.0978,1号艇の勝率順位,0.0901,2号艇の当地勝率,0.281,2号艇のwin_rate_rank_2to6,0.0728,2号艇のclass_rank_2to6,-0.0668,2号艇の全国勝率,0.064,2号艇の節間得点,-0.062,3号艇のwin_rate_rank_2to6,0.1679,3号艇のsession_exh_rel_avg,-0.1304,3号艇の当地勝率,0.0986,3号艇の節間得点,-0.0641,3号艇の全国勝率,0.0445,0.0536,北 2.1m/s,[逃げ]1号艇のsession_exh_rel_avgが不利(-17.7pt)、1号艇のdominanceが有利(+17.3pt) / [2着]2号艇の当地勝率が有利(+28.1pt)、2号艇のwin_rate_rank_2to6が有利(+7.3pt) / [候補2]3号艇のwin_rate_rank_2to6が有利(+16.8pt)、3号艇のsession_exh_rel_avgが不利(-13.0pt) / [除外]勝率のレンジ(2-6号艇)が不利(-16.5pt)、3号艇の女子戦2連率が不利(-7.0pt)、天気+5.4pt
24,17,宮島,12,16:50,0.8313241328230337,2,0.463191527776171,5,0.1981565669409407,0.5497946313348685,0.1600195337815648,0.5013285609355469,0.4442211746366929,0.535254810215072,1-2,1-5,0.3850622951595015,0.13302810015570551,0.13161170222842672,0.16473233617536695,0.01688969445864743,True,False,False,False,優勝戦,2026-09-06,風向(度),-0.2981,1号艇のdominance,0.2864,1号艇のsession_exh_rel_avg,0.1785,1号艇の全国勝率,0.1638,1号艇のracer_win_te,0.1454,2号艇のsession_exh_rel_avg,0.1422,2号艇のclass_rank_2to6,0.0624,2号艇の節間得点,0.052,2号艇の全国勝率,0.041,3号艇のsession_exh_rel_delta,0.0322,5号艇のwin_rate_rank_2to6,0.1858,5号艇のsession_exh_rel_avg,0.1327,5号艇のモーター2連率,0.1043,5号艇の節間得点,0.0746,1号艇vs5号艇のcumulative差,-0.0668,-0.1973,北 3.5m/s,[逃げ]風向(度)が不利(-29.8pt)、1号艇のdominanceが有利(+28.6pt) / [2着]2号艇のsession_exh_rel_avgが有利(+14.2pt)、2号艇のclass_rank_2to6が有利(+6.2pt) / [候補2]5号艇のwin_rate_rank_2to6が有利(+18.6pt)、5号艇のsession_exh_rel_avgが有利(+13.3pt) / [除外]6号艇のwin_rate_rank_2to6が不利(-7.3pt)、天気-19.7pt
25,07,蒲郡,7,18:13,0.6391614766607109,3,0.5068915810797671,2,0.29613668664660037,0.5132647334002777,0.11421902681604883,0.6888092409103186,0.4429152153827035,0.56592808565329,1-3,1-2,0.1892791619304513,0.32398557146982637,0.0730044018424951,0.051411918605935504,0.0014804237049008376,True,False,False,False,予選,2026-09-06,1号艇のsession_exh_rel_avg,0.1389,1号艇のdominance,-0.0905,2号艇の体重,0.0658,1号艇の勝率順位,-0.0654,1号艇の女子戦勝率,0.0531,3号艇のwin_rate_rank_2to6,0.2195,3号艇のsession_exh_rel_avg,0.0653,2号艇のvs_boat3_diff,0.05,3号艇の全国勝率,0.049,場特性:1x_diff_course3,0.039,2号艇のwin_rate_rank_2to6,-0.1325,2号艇のsession_exh_rel_avg,-0.0887,2号艇の直近平均着順,-0.0571,2号艇のsession_avg_finish,0.0562,6号艇のracer_win_te,0.0479,-0.053,北東 5.2m/s,[逃げ]1号艇のsession_exh_rel_avgが有利(+13.9pt)、1号艇のdominanceが不利(-9.1pt) / [2着]3号艇のwin_rate_rank_2to6が有利(+21.9pt)、3号艇のsession_exh_rel_avgが有利(+6.5pt) / [候補2]2号艇のwin_rate_rank_2to6が不利(-13.3pt)、2号艇のsession_exh_rel_avgが不利(-8.9pt) / [除外]6号艇のracer_win_teが不利(-17.5pt)、6号艇の全国勝率が不利(-13.2pt)、天気-5.3pt
26,12,住之江,6,17:37,0.6333393676447325,3,0.41404187747177945,4,0.3707505406545221,0.4970399338284923,0.09991379729732877,0.6848786208289728,0.43744655719183106,0.5533915399286364,1-3,1-4,0.0632793411992742,0.26222902085641464,0.23481091297207773,0.03617681475341151,0.03684327196512195,True,False,False,False,一般戦,2026-09-06,1号艇の節間得点,0.0946,3号艇のsession_exh_rel_avg,-0.0829,6号艇のsession_rank_diff_delta,-0.0712,場特性:in_escape_diff,0.0663,1号艇のdominance,0.0643,3号艇のsession_exh_rel_avg,0.1051,3号艇のwin_rate_rank_2to6,0.0758,6号艇のsession_rank_diff_delta,0.0712,3号艇の女子戦勝率,0.0638,4号艇の枠別出走数,-0.0585,4号艇のclass_rank_2to6,0.2221,4号艇のwin_rate_rank_2to6,0.1945,4号艇のcumulative_diff_rank_2to6,0.0827,4号艇の年齢,-0.0759,1号艇vs2号艇のcumulative差,0.0602,0.0376,北東 2.8m/s,[逃げ]1号艇の節間得点が有利(+9.5pt)、3号艇のsession_exh_rel_avgが不利(-8.3pt) / [2着]3号艇のsession_exh_rel_avgが有利(+10.5pt)、3号艇のwin_rate_rank_2to6が有利(+7.6pt) / [候補2]4号艇のclass_rank_2to6が有利(+22.2pt)、4号艇のwin_rate_rank_2to6が有利(+19.4pt) / [除外]2号艇のwin_rate_rank_2to6が不利(-5.7pt)、天気+3.8pt
27,03,江戸川,12,16:25,0.8603936948259318,3,0.3787883630560106,2,0.3222426116894738,0.6031626305486918,0.23295035907679587,0.4680806156686885,0.4345542889070648,0.5626380260846908,1-3,1-2,0.2772555113018644,0.3259071192468274,0.20042902015711192,0.03306043098062851,0.023741617947323938,True,False,False,False,記者選抜戦,2026-09-06,1号艇のdominance,0.3428,1号艇のracer_win_te,0.1713,1号艇のvs_max234_diff,0.1272,場特性:in_escape_diff,-0.126,1号艇のsession_exh_rel_avg,0.1122,3号艇のwin_rate_rank_2to6,-0.1168,1号艇のracer_avgfin_te,0.0789,3号艇のsession_exh_rel_avg,0.0609,3号艇のcumulative_diff_rank_2to6,0.0543,3号艇の全国勝率,0.0405,2号艇のwin_rate_rank_2to6,0.1679,2号艇のclass_rank_2to6,0.1178,2号艇のsession_exh_rel_avg,-0.0969,レース時間帯,-0.0663,2号艇の一般戦勝率,-0.054,0.1212,東 3.4m/s,[逃げ]1号艇のdominanceが有利(+34.3pt)、1号艇のracer_win_teが有利(+17.1pt) / [2着]3号艇のwin_rate_rank_2to6が不利(-11.7pt)、1号艇のracer_avgfin_teが有利(+7.9pt) / [候補2]2号艇のwin_rate_rank_2to6が有利(+16.8pt)、2号艇のclass_rank_2to6が有利(+11.8pt) / [除外]6号艇のsession_exh_rel_avgが不利(-9.3pt)、1号艇vs5号艇のlocal_win_rate差が不利(-6.2pt)、天気+12.1pt
28,22,福岡,11,16:56,0.6334547535200832,2,0.4997650917291025,3,0.2915475955376474,0.5012607832698738,0.1269350217420376,0.6643776655247123,0.4249077251625231,0.5501958479463254,1-2,1-3,0.3165785729992004,0.18468221027067336,0.045359668958217414,0.08040759291066883,0.006426690977777197,True,False,False,False,準優勝戦,2026-09-06,1号艇の節間得点,0.1055,1号艇の年齢,-0.1027,6号艇の枠別出走数,-0.0947,1号艇の級別順位,-0.0827,1号艇の勝率順位,-0.0713,2号艇のsession_exh_rel_avg,0.1184,2号艇の当地勝率,0.1068,2号艇のclass_rank_2to6,0.0921,2号艇のracer_avgfin_te,0.0814,2号艇のwin_rate_rank_2to6,0.062,3号艇のsession_exh_rel_avg,-0.1573,3号艇のwin_rate_rank_2to6,-0.0815,2号艇の全国2連率,0.0771,3号艇の一般戦2連率,0.0604,3号艇のclass_rank_2to6,0.0502,0.14,北東 3.0m/s,[逃げ]1号艇の節間得点が有利(+10.5pt)、1号艇の年齢が不利(-10.3pt) / [2着]2号艇のsession_exh_rel_avgが有利(+11.8pt)、2号艇の当地勝率が有利(+10.7pt) / [候補2]3号艇のsession_exh_rel_avgが不利(-15.7pt)、3号艇のwin_rate_rank_2to6が不利(-8.1pt) / [除外]6号艇のwin_rate_rank_2to6が不利(-6.1pt)、4号艇のwin_rate_rank_2to6が不利(-5.9pt)、天気+14.0pt
29,12,住之江,2,15:42,0.709829547577139,3,0.5641832923202761,4,0.17090945325749876,0.5217905510207088,0.15854838394015097,0.5765443616376238,0.42251569267721967,0.5382166942057833,1-3,1-4,0.1125423276413239,0.4004739711382823,0.12131657988242653,0.05974835751638151,0.01574829949927965,True,False,False,False,一般戦,2026-09-06,1号艇のdominance,-0.141,1号艇のsession_exh_rel_avg,-0.1355,1号艇のsession_exh_rel_last,-0.0826,1号艇vs2号艇のcumulative差,0.08,1号艇の一般戦勝率,0.0739,3号艇のwin_rate_rank_2to6,0.2366,win_rate_gap_top2_2to6,0.0993,3号艇のsession_exh_rel_last,-0.0743,3号艇のsession_exh_rel_avg,-0.0638,2号艇のvs_boat3_diff,0.0598,4号艇のclass_rank_2to6,-0.1207,4号艇のwin_rate_rank_2to6,0.1192,4号艇の節間得点,-0.0777,4号艇のracer_avgfin_te,-0.067,4号艇の全国勝率,-0.062,0.0125,北東 3.0m/s,[逃げ]1号艇のdominanceが不利(-14.1pt)、1号艇のsession_exh_rel_avgが不利(-13.6pt) / [2着]3号艇のwin_rate_rank_2to6が有利(+23.7pt)、win_rate_gap_top2_2to6が有利(+9.9pt) / [候補2]4号艇のclass_rank_2to6が不利(-12.1pt)、4号艇のwin_rate_rank_2to6が有利(+11.9pt) / [除外]6号艇のwin_rate_rank_2to6が不利(-8.2pt)、6号艇のracer_win_teが不利(-6.9pt)、天気+1.2pt
30,09,津,5,12:44,0.7241802772196058,2,0.486469636376476,3,0.21576468809153665,0.508544247766368,0.14766341527710755,0.5545709091909051,0.41843219123271663,0.5223522461937291,1-2,1-3,0.3522917161300372,0.1562525316363308,0.10693493301056951,0.07138824683640858,0.037312849606259746,True,True,False,False,予選,2026-09-06,1号艇のracer_win_te,0.1107,風速区分,0.0948,1号艇の級別順位,0.0831,風向(度),-0.0739,場特性:in_escape_diff,0.064,2号艇の当地勝率,0.1029,2号艇のsession_exh_rel_avg,0.1022,2号艇のracer_avgfin_te,0.0772,3号艇のモーター出走数,0.073,2号艇の全国勝率,0.0717,6号艇の直近1着率,0.077,3号艇の節間得点,-0.0727,1号艇のracer_win_te,0.0692,風向(度),0.0678,6号艇のracer_2nd_te,-0.0624,0.0428,北 1.6m/s,[逃げ]1号艇のracer_win_teが有利(+11.1pt)、風速区分が有利(+9.5pt) / [2着]2号艇の当地勝率が有利(+10.3pt)、2号艇のsession_exh_rel_avgが有利(+10.2pt) / [候補2]6号艇の直近1着率が有利(+7.7pt)、3号艇の節間得点が不利(-7.3pt) / [除外]6号艇のwin_rate_rank_2to6が不利(-5.8pt)、6号艇のsession_exh_rel_avgが不利(-5.2pt)、天気+4.3pt
31,17,宮島,3,12:00,0.7917222709630628,3,0.42863959567332705,2,0.25145534871938585,0.5384463138450966,0.18871625118835045,0.49137869320436245,0.4165100300670574,0.5243260276528763,1-3,1-2,0.19908279973392104,0.3393635141111755,0.08691009943141197,0.1494108589584766,0.016954986930496435,True,True,False,False,一般戦,2026-09-06,1号艇のdominance,0.3242,1号艇のvs_max234_diff,0.1284,6号艇の枠別出走数,-0.0979,1号艇の勝率順位,0.0967,1号艇の体重,-0.092,3号艇のwin_rate_rank_2to6,0.0687,3号艇の当地勝率,-0.0511,3号艇のcumulative_diff_rank_2to6,0.0488,2号艇の直近1着率,0.0466,3号艇の全国勝率,-0.0462,2号艇のwin_rate_rank_2to6,-0.1492,2号艇のsession_exh_rel_avg,-0.0869,2号艇の全国勝率,-0.081,second_best_win_rate,0.054,1号艇vs6号艇の枠別平均ST差,0.0537,0.0729,北東 3.5m/s,[逃げ]1号艇のdominanceが有利(+32.4pt)、1号艇のvs_max234_diffが有利(+12.8pt) / [2着]3号艇のwin_rate_rank_2to6が有利(+6.9pt)、3号艇の当地勝率が不利(-5.1pt) / [候補2]2号艇のwin_rate_rank_2to6が不利(-14.9pt)、2号艇のsession_exh_rel_avgが不利(-8.7pt) / [除外]1号艇vs6号艇のcumulative差が不利(-5.7pt)、6号艇のsession_exh_rel_avgが不利(-5.2pt)、天気+7.3pt
32,12,住之江,10,19:36,0.7486066523697212,3,0.3723356743940176,2,0.35446530168644996,0.5440880456426447,0.19610156468850432,0.5306994113919632,0.41605222514804513,0.5400714553674402,1-3,1-2,0.2653550828767166,0.27873296276592807,0.14680293586592555,0.02914798781897896,0.0285676886197263,True,False,False,False,選抜戦,2026-09-06,1号艇のsession_exh_rel_avg,-0.0942,1号艇の節間得点,0.0877,1号艇のdominance,0.0794,場特性:in_escape_diff,0.0682,レース時間帯,0.0649,3号艇のsession_exh_rel_avg,0.0848,3号艇のwin_rate_rank_2to6,0.0648,3号艇の当地勝率,-0.0556,3号艇の節間得点,0.051,場特性:1x_diff_course3,0.0394,2号艇のモーター2連率,0.0707,2号艇の節間得点,0.0596,2号艇の全国勝率,0.0516,2号艇のsession_exh_rel_avg,0.0512,レース時間帯,-0.0433,0.1557,北東 2.3m/s,[逃げ]1号艇のsession_exh_rel_avgが不利(-9.4pt)、1号艇の節間得点が有利(+8.8pt) / [2着]3号艇のsession_exh_rel_avgが有利(+8.5pt)、3号艇のwin_rate_rank_2to6が有利(+6.5pt) / [候補2]2号艇のモーター2連率が有利(+7.1pt)、2号艇の節間得点が有利(+6.0pt) / [除外]6号艇のwin_rate_rank_2to6が不利(-6.3pt)、天気+15.6pt
33,10,三国,2,08:58,0.5807949058021658,2,0.6840703471316287,3,0.11789044073883742,0.46577474024825805,0.08970511047314497,0.7122556773973212,0.4156358908127736,0.539719021392977,1-2,1-3,0.39730457282436915,0.06847016742388888,0.05210027118722311,0.0425040814269987,0.020415820512389608,False,False,True,False,みくにあさガ,2026-09-06,6号艇のsession_rank_diff_delta,-0.0771,1号艇vs2号艇のcumulative差,-0.0765,1号艇のdominance,0.06,1号艇の節間得点,-0.0518,1号艇の年齢,0.0445,2号艇のwin_rate_rank_2to6,0.2215,2号艇のclass_rank_2to6,0.1195,2号艇の節間得点,0.062,2号艇の全国勝率,0.054,3号艇の全国勝率,-0.0434,3号艇のwin_rate_rank_2to6,-0.1319,3号艇の節間得点,-0.0923,3号艇のcumulative_diff_rank_2to6,-0.0598,3号艇のsession_avg_finish,-0.0412,3号艇のracer_win_te,-0.0407,0.0208,東 2.9m/s,[逃げ]6号艇のsession_rank_diff_deltaが不利(-7.7pt)、1号艇vs2号艇のcumulative差が不利(-7.6pt) / [2着]2号艇のwin_rate_rank_2to6が有利(+22.1pt)、2号艇のclass_rank_2to6が有利(+11.9pt) / [候補2]3号艇のwin_rate_rank_2to6が不利(-13.2pt)、3号艇の節間得点が不利(-9.2pt) / [除外]場特性:1x_diff_course5が不利(-5.1pt)、天気+2.1pt
34,03,江戸川,1,11:14,0.7052521659747923,2,0.3930732542980704,3,0.306683745410399,0.49350513970042015,0.1352296370090051,0.5645273626994642,0.41342131461590076,0.5148118066001334,1-2,1-3,0.2772157639804745,0.21628937571994566,0.0649958122027322,0.09537099440458578,0.051380217039785195,True,True,False,False,予選,2026-09-06,1号艇のdominance,0.3249,場特性:in_escape_diff,-0.1276,1号艇のsession_exh_rel_avg,0.1127,1号艇vs4号艇の直近複勝率差,-0.11,1号艇のvs_max234_diff,0.0966,2号艇のsession_exh_rel_avg,0.1491,2号艇の全国勝率,-0.0866,2号艇のsession_avg_finish,-0.0778,second_best_win_rate,0.0621,2号艇のwin_rate_rank_2to6,-0.037,3号艇のwin_rate_rank_2to6,0.2018,3号艇のsession_exh_rel_avg,0.1029,3号艇の全国勝率,-0.0497,風向(度),0.0471,6号艇の枠別出走数,-0.0452,-0.0526,北 2.2m/s,[逃げ]1号艇のdominanceが有利(+32.5pt)、場特性:in_escape_diffが不利(-12.8pt) / [2着]2号艇のsession_exh_rel_avgが有利(+14.9pt)、2号艇の全国勝率が不利(-8.7pt) / [候補2]3号艇のwin_rate_rank_2to6が有利(+20.2pt)、3号艇のsession_exh_rel_avgが有利(+10.3pt) / [除外]6号艇のwin_rate_rank_2to6が不利(-8.1pt)、4号艇のwin_rate_rank_2to6が不利(-5.5pt)、天気-5.3pt
35,17,宮島,4,12:31,0.6429039369043614,2,0.4484691722051802,4,0.3079729166999087,0.48631959699724064,0.12702589427458139,0.6294161946305075,0.4121893789430464,0.5292485762872207,1-2,1-4,0.28832259639095037,0.08166544751792555,0.19799700060629027,0.05160590219605133,0.023312993785649553,True,True,False,False,ランチタイム,2026-09-06,1号艇のdominance,0.1685,1号艇のsession_exh_rel_avg,-0.1636,1号艇のracer_win_te,0.114,1号艇の勝率順位,0.0795,1号艇の級別順位,0.0585,3号艇のracer_2nd_te,0.0757,2号艇のsession_exh_rel_avg,0.063,3号艇のracer_avgfin_te,0.0585,3号艇の女子戦2連率,-0.0494,2号艇のclass_rank_2to6,-0.0479,4号艇のwin_rate_rank_2to6,0.2129,4号艇のsession_exh_rel_avg,0.0904,4号艇のclass_rank_2to6,-0.0889,4号艇の節間得点,0.0741,4号艇の年齢,0.0689,0.0545,北東 3.8m/s,[逃げ]1号艇のdominanceが有利(+16.9pt)、1号艇のsession_exh_rel_avgが不利(-16.4pt) / [2着]3号艇のracer_2nd_teが有利(+7.6pt)、2号艇のsession_exh_rel_avgが有利(+6.3pt) / [候補2]4号艇のwin_rate_rank_2to6が有利(+21.3pt)、4号艇のsession_exh_rel_avgが有利(+9.0pt) / [除外]3号艇のracer_2nd_teが不利(-5.9pt)、3号艇のwin_rate_rank_2to6が不利(-5.1pt)、天気+5.5pt
36,01,桐生,6,17:28,0.6985846772950094,2,0.4874851681289918,3,0.2606293986925602,0.5226213732427296,0.17735098979377398,0.570763577027778,0.41139647184435424,0.5370640343782441,1-2,1-3,0.34054966886349514,0.1820717043792345,0.1238946839730341,0.0353611469423216,0.016707491353939168,True,False,False,False,ドラドキ目玉,2026-09-06,1号艇のdominance,0.3502,4号艇のsession_exh_rel_avg,-0.1746,1号艇のsession_exh_rel_avg,0.1313,1号艇のvs_max234_diff,0.1111,1号艇vs4号艇の枠別平均ST差,-0.0944,2号艇のwin_rate_rank_2to6,0.1779,2号艇のsession_exh_rel_avg,-0.114,2号艇のsession_rank_diff_last,0.084,2号艇の節間得点,-0.0634,second_best_win_rate,0.0629,3号艇のsession_exh_rel_avg,-0.1419,3号艇のsession_exh_rel_last,-0.0836,6号艇のモーター出走数,0.0823,4号艇のモーター出走数,-0.0663,3号艇の全国勝率,-0.0659,-0.0511,北東 2.4m/s,[逃げ]1号艇のdominanceが有利(+35.0pt)、4号艇のsession_exh_rel_avgが不利(-17.5pt) / [2着]2号艇のwin_rate_rank_2to6が有利(+17.8pt)、2号艇のsession_exh_rel_avgが不利(-11.4pt) / [候補2]3号艇のsession_exh_rel_avgが不利(-14.2pt)、3号艇のsession_exh_rel_lastが不利(-8.4pt) / [除外]6号艇のsession_exh_rel_avgが不利(-7.6pt)、6号艇のsession_avg_finishが不利(-6.9pt)、天気-5.1pt
37,11,琵琶湖,12,16:20,0.7280025122341157,3,0.43302434257565103,2,0.24778716823511354,0.4956324902281405,0.1567508256663721,0.5240606851443925,0.40240352774373117,0.5041609487030161,1-3,1-2,0.18038968097454014,0.3152428092536003,0.1141149948798908,0.08450963341302101,0.03374538828902212,True,False,False,False,予選特選,2026-09-06,場特性:in_escape_diff,-0.1161,1号艇の年齢,0.1149,1号艇のdominance,0.1098,1号艇のsession_exh_rel_avg,-0.1022,race_no,0.0917,3号艇のwin_rate_rank_2to6,0.1672,3号艇のsession_exh_rel_avg,-0.0717,3号艇の節間得点,-0.0453,2号艇の女子戦勝率,0.0403,3号艇のcumulative_diff_rank_2to6,-0.0381,2号艇のsession_exh_rel_avg,-0.1323,2号艇のwin_rate_rank_2to6,-0.1258,2号艇の全国勝率,0.0522,2号艇のclass_rank_2to6,-0.0517,2号艇のcumulative_diff_rank_2to6,-0.046,0.1374,北東 3.6m/s,[逃げ]場特性:in_escape_diffが不利(-11.6pt)、1号艇の年齢が有利(+11.5pt) / [2着]3号艇のwin_rate_rank_2to6が有利(+16.7pt)、3号艇のsession_exh_rel_avgが不利(-7.2pt) / [候補2]2号艇のsession_exh_rel_avgが不利(-13.2pt)、2号艇のwin_rate_rank_2to6が不利(-12.6pt) / [除外]5号艇のsession_exh_rel_avgが不利(-5.5pt)、天気+13.7pt
38,09,津,12,16:35,0.8432800711353672,2,0.41190738562715207,4,0.21153311839490793,0.5257349525803919,0.20910900863911053,0.41433149538294944,0.3938118548911733,0.49231391542115915,1-2,1-4,0.34735328945284794,0.17633745968023523,0.178381663127544,0.11825839283217619,0.02294927075475845,True,False,False,False,予選,2026-09-06,race_no,0.1411,1号艇のracer_win_te,0.1351,1号艇のdominance,0.1029,1号艇の節間得点,0.0875,場特性:in_escape_diff,0.0853,2号艇のwin_rate_rank_2to6,-0.1354,2号艇のsession_exh_rel_avg,0.1163,2号艇の全国勝率,0.0607,2号艇の節間得点,0.0517,2号艇のclass_rank_2to6,-0.05,4号艇の全国勝率,0.0938,4号艇のwin_rate_rank_2to6,-0.068,4号艇のclass_rank_2to6,-0.0642,4号艇の節間得点,0.0492,2号艇のracer_2nd_te,-0.0484,0.1542,北東 3.2m/s,[逃げ]race_noが有利(+14.1pt)、1号艇のracer_win_teが有利(+13.5pt) / [2着]2号艇のwin_rate_rank_2to6が不利(-13.5pt)、2号艇のsession_exh_rel_avgが有利(+11.6pt) / [候補2]4号艇の全国勝率が有利(+9.4pt)、4号艇のwin_rate_rank_2to6が不利(-6.8pt)、天気+15.4pt
39,17,宮島,2,11:23,0.6315744095554519,3,0.407338603185715,2,0.30010674026291295,0.44680437508132104,0.11787895437971047,0.5895663890689176,0.3836017760250818,0.48963297927759997,1-3,1-2,0.1895397372851606,0.2572646377961605,0.07444933101137968,0.05373891533334755,0.05658177871821147,True,True,False,False,一般戦,2026-09-06,1号艇のracer_win_te,-0.1163,1号艇のvs_max234_diff,0.082,1号艇のdominance,0.0729,1号艇の節間得点,-0.0624,1号艇の一般戦勝率,0.0612,3号艇のsession_exh_rel_avg,0.0646,3号艇のwin_rate_rank_2to6,-0.0592,場特性:1x_diff_course3,0.0487,3号艇のcumulative_diff_rank_2to6,0.0418,3号艇の全国勝率,-0.0366,2号艇のwin_rate_rank_2to6,0.0641,2号艇のclass_rank_2to6,-0.051,2号艇の当地勝率,-0.0351,2号艇のracer_avgfin_te,-0.0339,1号艇vs2号艇のlocal_win_rate差,-0.028,0.04,北東 3.6m/s,[逃げ]1号艇のracer_win_teが不利(-11.6pt)、1号艇のvs_max234_diffが有利(+8.2pt) / [2着]3号艇のsession_exh_rel_avgが有利(+6.5pt)、3号艇のwin_rate_rank_2to6が不利(-5.9pt) / [候補2]2号艇のwin_rate_rank_2to6が有利(+6.4pt)、2号艇のclass_rank_2to6が不利(-5.1pt) / [除外]6号艇のsession_exh_rel_avgが不利(-6.3pt)、5号艇のracer_avgfin_teが不利(-6.2pt)、天気+4.0pt
40,07,蒲郡,5,17:19,0.5167398744337053,4,0.4781447169525854,3,0.34720871194243846,0.42649302721064275,0.09362660873164898,0.731726820163375,0.3785757122681299,0.5180631650964624,1-4,1-3,0.04838060203964595,0.1794165862114242,0.24707644099921855,0.029374872585358997,0.012491374523063616,True,False,False,False,予選,2026-09-06,1号艇の級別順位,-0.091,1号艇のdominance,-0.066,2号艇のvs_boat3_diff,-0.0657,1号艇の勝率順位,-0.0589,1号艇vs4号艇のcumulative差,-0.0585,4号艇のclass_rank_2to6,0.2384,4号艇のwin_rate_rank_2to6,0.203,5号艇の年齢,0.0914,4号艇のsession_exh_rel_avg,-0.0859,4号艇の全国勝率,0.0839,2号艇の直近複勝率,0.1203,1号艇のsession_rank_diff_last,0.0873,3号艇のwin_rate_rank_2to6,0.0672,3号艇のsession_exh_rel_avg,0.0661,3号艇の当地勝率,-0.0496,-0.0256,東 4.8m/s,[逃げ]1号艇の級別順位が不利(-9.1pt)、1号艇のdominanceが不利(-6.6pt) / [2着]4号艇のclass_rank_2to6が有利(+23.8pt)、4号艇のwin_rate_rank_2to6が有利(+20.3pt) / [候補2]2号艇の直近複勝率が有利(+12.0pt)、1号艇のsession_rank_diff_lastが有利(+8.7pt) / [除外]6号艇のsession_exh_rel_avgが不利(-8.9pt)、2号艇のwin_rate_rank_2to6が不利(-6.5pt)、天気-2.6pt
41,02,戸田,5,12:44,0.5659787955722688,4,0.5619442428920567,3,0.21107357963172055,0.4375116961479053,0.11360560262740042,0.6594122198963769,0.37786716027100264,0.5040818532724468,1-4,1-3,0.06429836214531787,0.11946317037708856,0.3180485257708167,0.04720672818111288,0.016962001718409107,True,True,False,False,ウインウイン,2026-09-06,3号艇の平均ST,-0.2924,1号艇のdominance,0.23,場特性:in_escape_diff,-0.1674,ST差分(3-2),-0.1354,ST差分(4-3),-0.0933,4号艇のwin_rate_rank_2to6,0.2072,4号艇のclass_rank_2to6,0.1813,4号艇のsession_exh_rel_avg,-0.0839,4号艇の年齢,-0.069,4号艇のcumulative_diff_rank_2to6,0.0682,3号艇のracer_win_te,-0.1219,3号艇のwin_rate_rank_2to6,-0.1123,3号艇の全国勝率,-0.0808,3号艇のracer_avgfin_te,-0.08,3号艇の全国2連率,-0.0394,-0.0029,北 2.3m/s,[逃げ]3号艇の平均STが不利(-29.2pt)、1号艇のdominanceが有利(+23.0pt) / [2着]4号艇のwin_rate_rank_2to6が有利(+20.7pt)、4号艇のclass_rank_2to6が有利(+18.1pt) / [候補2]3号艇のracer_win_teが不利(-12.2pt)、3号艇のwin_rate_rank_2to6が不利(-11.2pt) / [除外]6号艇のsession_exh_rel_avgが不利(-9.9pt)、2号艇のwin_rate_rank_2to6が不利(-6.7pt)、天気影響ほぼなし
42,03,江戸川,10,15:22,0.7952295497563191,2,0.3822473313843106,3,0.28003173376656465,0.5266638827929664,0.23718300678803766,0.42509605836283754,0.3767650148479683,0.4961935354639277,1-2,1-3,0.3039743732322998,0.22268950956066663,0.18861493569790116,0.03697277773741992,0.04297795797172297,True,False,False,False,予選特賞,2026-09-06,1号艇のdominance,0.3229,1号艇のsession_exh_rel_avg,0.1634,場特性:in_escape_diff,-0.1399,1号艇の全国勝率,0.1198,3号艇のsession_exh_rel_avg,-0.1123,2号艇のsession_exh_rel_avg,0.0915,2号艇のclass_rank_2to6,0.0913,6号艇のsession_exh_rel_last,0.0898,2号艇のwin_rate_rank_2to6,0.0775,2号艇の当地勝率,0.0686,3号艇のsession_exh_rel_avg,0.1308,3号艇のwin_rate_rank_2to6,-0.0986,3号艇のsession_exh_rel_last,0.0778,3号艇の節間得点,0.0557,3号艇のcumulative_diff_rank_2to6,0.0436,0.0772,北東 3.3m/s,[逃げ]1号艇のdominanceが有利(+32.3pt)、1号艇のsession_exh_rel_avgが有利(+16.3pt) / [2着]2号艇のsession_exh_rel_avgが有利(+9.2pt)、2号艇のclass_rank_2to6が有利(+9.1pt) / [候補2]3号艇のsession_exh_rel_avgが有利(+13.1pt)、3号艇のwin_rate_rank_2to6が不利(-9.9pt)、天気+7.7pt
43,22,福岡,6,14:14,0.7097284696870904,2,0.3793381986804283,5,0.2620390364628389,0.4552036835903681,0.14884287795777312,0.49253435718549404,0.3738990920032842,0.46640288566890586,1-2,1-5,0.2692271192433178,0.10534035219266412,0.10563802799679267,0.18597656434705032,0.04354639004359791,True,True,False,False,一般戦,2026-09-06,1号艇のdominance,0.1658,節間得点の分散(2-6号艇),-0.122,1号艇vs4号艇の直近複勝率差,-0.0918,1号艇のlocal_win_rate順位,0.0819,1号艇の勝率順位,0.0785,2号艇のsession_exh_rel_avg,0.1087,2号艇の全国勝率,0.072,3号艇の全国勝率,-0.0613,場特性:1x_diff_course2,0.0508,3号艇の直近平均着順,0.0418,5号艇のwin_rate_rank_2to6,0.2203,5号艇のclass_rank_2to6,0.1471,4号艇のracer_avgfin_te,-0.1199,1号艇vs4号艇の直近複勝率差,-0.0685,mean_234_全国勝率,0.063,0.0934,北東 3.2m/s,[逃げ]1号艇のdominanceが有利(+16.6pt)、節間得点の分散(2-6号艇)が不利(-12.2pt) / [2着]2号艇のsession_exh_rel_avgが有利(+10.9pt)、2号艇の全国勝率が有利(+7.2pt) / [候補2]5号艇のwin_rate_rank_2to6が有利(+22.0pt)、5号艇のclass_rank_2to6が有利(+14.7pt) / [除外]4号艇のwin_rate_rank_2to6が不利(-5.7pt)、勝率の分散(2-6号艇)が不利(-5.0pt)、天気+9.3pt
44,12,住之江,5,17:10,0.7339180660075644,2,0.31649662037912807,3,0.30289773614638194,0.4545847082372021,0.1578850829107157,0.4615092736147943,0.36845813501723307,0.45666207785047974,1-2,1-3,0.23228258752657996,0.22230212071062216,0.11587471470127643,0.06536339577109952,0.09809523909581278,True,False,False,False,住之江ファイ,2026-09-06,1号艇のdominance,0.146,1号艇のsession_exh_rel_avg,0.1103,1号艇の節間得点,0.081,1号艇vs4号艇の枠別平均ST差,-0.0688,std_234_全国勝率,-0.0687,2号艇の全国勝率,-0.0846,2号艇のモーター2連率,0.0771,ST差分(3-2),-0.0669,2号艇のracer_avgfin_te,-0.0532,3号艇のracer_win_te,0.0455,3号艇のモーター2連率,0.1134,3号艇のsession_exh_rel_avg,0.0951,3号艇のwin_rate_rank_2to6,0.0736,3号艇の節間得点,-0.0548,3号艇の年齢,-0.0511,0.0504,北東 3.2m/s,[逃げ]1号艇のdominanceが有利(+14.6pt)、1号艇のsession_exh_rel_avgが有利(+11.0pt) / [2着]2号艇の全国勝率が不利(-8.5pt)、2号艇のモーター2連率が有利(+7.7pt) / [候補2]3号艇のモーター2連率が有利(+11.3pt)、3号艇のsession_exh_rel_avgが有利(+9.5pt) / [除外]5号艇のracer_win_teが不利(-6.1pt)、6号艇のsession_exh_rel_avgが不利(-5.8pt)、天気+5.0pt
45,04,平和島,10,15:29,0.4429369734542851,2,0.5875500950687658,3,0.2945194225695644,0.39070120251900314,0.05790604246789488,0.8241634751704353,0.3635524500086155,0.5207398843144327,1-2,1-3,0.2602476608625366,0.13045354165646655,0.02564872719544466,0.017708859312522796,0.00887818566486609,True,False,False,False,予選特賞,2026-09-06,場特性:in_escape_diff,-0.158,4号艇のsession_exh_rel_avg,-0.1422,1号艇の節間得点,0.0962,レース時間帯,0.0831,1号艇のdominance,0.0746,5号艇の女子戦比率,0.2478,2号艇のwin_rate_rank_2to6,0.2335,2号艇のclass_rank_2to6,0.0964,2号艇の一般戦勝率,-0.0733,2号艇の全国勝率,0.0515,3号艇のsession_exh_rel_avg,0.0896,3号艇の女子戦比率,-0.07,3号艇のwin_rate_rank_2to6,0.0518,3号艇のモーター2連率,0.0395,3号艇の全国勝率,0.0392,-0.044,東 6.6m/s,[逃げ]場特性:in_escape_diffが不利(-15.8pt)、4号艇のsession_exh_rel_avgが不利(-14.2pt) / [2着]5号艇の女子戦比率が有利(+24.8pt)、2号艇のwin_rate_rank_2to6が有利(+23.3pt) / [候補2]3号艇のsession_exh_rel_avgが有利(+9.0pt)、3号艇の女子戦比率が不利(-7.0pt) / [除外]5号艇の女子戦比率が不利(-15.5pt)、6号艇のwin_rate_rank_2to6が不利(-6.3pt)、天気-4.4pt
46,09,津,8,14:18,0.5674998579524697,2,0.43708788429325784,3,0.3326433010481965,0.4368223383428615,0.14485263791051156,0.6248785474309428,0.3608924967342197,0.49323920106928587,1-2,1-3,0.24804731224916934,0.18877502609369212,0.08220385143825584,0.032153557078129044,0.01632011215027419,True,True,False,False,予選,2026-09-06,1号艇のracer_win_te,0.1281,1号艇のsession_exh_rel_avg,-0.1059,風速区分,0.0861,1号艇の級別順位,0.0769,1号艇の節間得点,-0.0727,2号艇のwin_rate_rank_2to6,0.1536,2号艇のsession_exh_rel_avg,0.0948,3号艇のモーター出走数,0.0804,2号艇のclass_rank_2to6,-0.0644,2号艇のracer_avgfin_te,0.0631,3号艇のsession_exh_rel_avg,0.1109,3号艇の当地勝率,0.0916,3号艇のcumulative_diff_rank_2to6,0.0616,3号艇の全国勝率,0.0611,3号艇の節間得点,0.0467,0.1195,北西 1.8m/s,[逃げ]1号艇のracer_win_teが有利(+12.8pt)、1号艇のsession_exh_rel_avgが不利(-10.6pt) / [2着]2号艇のwin_rate_rank_2to6が有利(+15.4pt)、2号艇のsession_exh_rel_avgが有利(+9.5pt) / [候補2]3号艇のsession_exh_rel_avgが有利(+11.1pt)、3号艇の当地勝率が有利(+9.2pt) / [除外]2号艇のracer_2nd_teが不利(-5.9pt)、天気+12.0pt
47,11,琵琶湖,5,12:34,0.576186120590702,3,0.5666399450891282,2,0.1705522803597962,0.4247599285110419,0.12902311332879518,0.6081691121201291,0.35899531043846855,0.4797826835937681,1-3,1-2,0.09826985677840874,0.32649007173263317,0.07434132713545298,0.022154855289512724,0.05493000858146404,True,True,False,False,予選,2026-09-06,1号艇のsession_exh_rel_avg,0.129,ST差分(4-3),-0.1032,1号艇の節間得点,0.0952,1号艇vs4号艇のcumulative差,0.0796,4号艇のsession_exh_rel_avg,-0.0748,3号艇のwin_rate_rank_2to6,0.2019,3号艇のsession_exh_rel_avg,-0.0901,3号艇のclass_rank_2to6,0.0423,3号艇の節間得点,0.0401,3号艇の全国勝率,0.04,2号艇のwin_rate_rank_2to6,-0.1402,2号艇の直近平均着順,-0.0643,1号艇vs2号艇のplace_rate差,-0.0567,ST差分(4-3),-0.0565,2号艇のclass_rank_2to6,-0.0391,0.0403,北東 2.6m/s,[逃げ]1号艇のsession_exh_rel_avgが有利(+12.9pt)、ST差分(4-3)が不利(-10.3pt) / [2着]3号艇のwin_rate_rank_2to6が有利(+20.2pt)、3号艇のsession_exh_rel_avgが不利(-9.0pt) / [候補2]2号艇のwin_rate_rank_2to6が不利(-14.0pt)、2号艇の直近平均着順が不利(-6.4pt)、天気+4.0pt
48,10,三国,3,09:24,0.7683341690117165,2,0.3513762977298076,3,0.3236227102649187,0.5186248018913611,0.2569183176214527,0.41808069037327367,0.35873174799693586,0.4884615684359348,1-2,1-3,0.2699744157266452,0.24865038616471577,0.19739912207356708,0.04255585672928705,0.00975436935497702,False,False,True,False,みくにあさズ,2026-09-06,1号艇のdominance,0.3168,2号艇のsession_exh_rel_avg,-0.1651,1号艇のsession_exh_rel_avg,0.1025,1号艇のvs_max234_diff,0.0944,1号艇の級別順位,0.0843,2号艇のsession_exh_rel_avg,0.1267,2号艇のwin_rate_rank_2to6,0.0783,2号艇のclass_rank_2to6,-0.0513,2号艇のsession_exh_rel_last,0.0492,2号艇の女子戦2連率,0.0353,3号艇のsession_exh_rel_avg,0.1057,3号艇のwin_rate_rank_2to6,-0.0552,5号艇のsession_rank_diff_delta,0.0504,3号艇のcumulative_diff_rank_2to6,0.045,3号艇のclass_rank_2to6,0.0377,-0.0452,北東 4.5m/s,[逃げ]1号艇のdominanceが有利(+31.7pt)、2号艇のsession_exh_rel_avgが不利(-16.5pt) / [2着]2号艇のsession_exh_rel_avgが有利(+12.7pt)、2号艇のwin_rate_rank_2to6が有利(+7.8pt) / [候補2]3号艇のsession_exh_rel_avgが有利(+10.6pt)、3号艇のwin_rate_rank_2to6が不利(-5.5pt) / [除外]6号艇のwin_rate_rank_2to6が不利(-7.0pt)、場特性:1x_diff_course5が不利(-5.8pt)、天気-4.5pt
49,10,三国,11,13:35,0.8327224011499795,3,0.35333426877650564,2,0.24636649075061567,0.49938425644489093,0.23498166230125367,0.36471909722586765,0.3585688851970957,0.45898470867918395,1-3,1-2,0.2051548957407469,0.294229360704144,0.12871463483351145,0.1956744940577136,0.008949006507465527,True,True,False,False,記者特選,2026-09-06,1号艇のracer_win_te,0.139,1号艇のvs_max234_frame_diff,0.1188,1号艇の全国勝率,0.0951,1号艇のvs_max234_diff,0.0891,1号艇の級別順位,0.0831,3号艇のsession_exh_rel_avg,-0.1308,3号艇のsession_exh_rel_last,-0.0881,3号艇の当地勝率,0.0879,3号艇の一般戦2連率,0.0824,3号艇の節間得点,0.0612,2号艇のsession_exh_rel_avg,-0.0741,2号艇のclass_rank_2to6,-0.0642,1号艇のframe_dominance,-0.0611,2号艇のwin_rate_rank_2to6,-0.0523,2号艇のモーター2連率,-0.0512,0.0887,南東 2.6m/s,[逃げ]1号艇のracer_win_teが有利(+13.9pt)、1号艇のvs_max234_frame_diffが有利(+11.9pt) / [2着]3号艇のsession_exh_rel_avgが不利(-13.1pt)、3号艇のsession_exh_rel_lastが不利(-8.8pt) / [候補2]2号艇のsession_exh_rel_avgが不利(-7.4pt)、2号艇のclass_rank_2to6が不利(-6.4pt) / [除外]6号艇のwin_rate_rank_2to6が不利(-8.4pt)、場特性:1x_diff_course5が不利(-5.7pt)、天気+8.9pt
50,10,三国,12,14:11,0.781550753465483,2,0.3947127500337222,3,0.2151702805002273,0.47665454203962043,0.2092665143127625,0.40061651622118705,0.3569571405868474,0.4538431342940904,1-2,1-3,0.3084880471912884,0.16816649484833196,0.1635524019362348,0.10630566395338215,0.03503815135925246,True,True,False,False,カニ坊選抜,2026-09-06,1号艇のdominance,0.286,1号艇の全国勝率,0.1147,風速区分,0.111,1号艇のsession_exh_rel_avg,0.1053,race_no,0.0958,2号艇のsession_exh_rel_avg,0.1677,2号艇の節間得点,0.0619,2号艇の全国勝率,0.0429,2号艇のsession_avg_finish,0.0306,2号艇のwin_rate_rank_2to6,-0.0296,3号艇のwin_rate_rank_2to6,-0.1141,3号艇の年齢,-0.0896,3号艇のcumulative_diff_rank_2to6,-0.0672,3号艇のsession_exh_rel_avg,0.0637,3号艇の当地勝率,-0.0362,0.1849,南東 2.0m/s,[逃げ]1号艇のdominanceが有利(+28.6pt)、1号艇の全国勝率が有利(+11.5pt) / [2着]2号艇のsession_exh_rel_avgが有利(+16.8pt)、2号艇の節間得点が有利(+6.2pt) / [候補2]3号艇のwin_rate_rank_2to6が不利(-11.4pt)、3号艇の年齢が不利(-9.0pt)、天気+18.5pt
51,04,平和島,11,16:03,0.6541295062869139,3,0.4912102968089397,4,0.15921248123190404,0.4254607306776201,0.1419185940496106,0.5085041839912331,0.35300378421231465,0.4503737666717039,1-3,1-4,0.09283313985860474,0.32131514893468016,0.10414558174293993,0.06553597097688939,0.07029965990015509,True,False,False,False,予選特選,2026-09-06,1号艇のdominance,0.3299,1号艇の女子戦比率,-0.1914,場特性:in_escape_diff,-0.1409,1号艇の体重,-0.1156,1号艇のracer_win_te,0.1146,3号艇のwin_rate_rank_2to6,0.1791,1号艇のdominance,0.0409,2号艇のracer_avgfin_te,0.0399,1号艇の一般戦2連率,0.0372,場特性:1x_diff_course3,-0.0356,4号艇のsession_exh_rel_avg,-0.1228,4号艇のwin_rate_rank_2to6,-0.0674,4号艇のcumulative_diff_rank_2to6,-0.0586,4号艇のclass_rank_2to6,0.0575,4号艇の節間得点,-0.055,-0.0185,東 6.9m/s,[逃げ]1号艇のdominanceが有利(+33.0pt)、1号艇の女子戦比率が不利(-19.1pt) / [2着]3号艇のwin_rate_rank_2to6が有利(+17.9pt)、1号艇のdominanceが有利(+4.1pt) / [候補2]4号艇のsession_exh_rel_avgが不利(-12.3pt)、4号艇のwin_rate_rank_2to6が不利(-6.7pt) / [除外]6号艇のsession_exh_rel_avgが不利(-6.7pt)、2号艇のwin_rate_rank_2to6が不利(-6.0pt)、天気-1.9pt
52,14,鳴門,3,09:36,0.6158745066130948,2,0.44584791798412804,3,0.24255158310512231,0.42396770308604265,0.14393329277193825,0.5444662083173121,0.3507400220450872,0.46011725465542347,1-2,1-3,0.27458636651295043,0.14938133657309227,0.06423916049166738,0.08864484567111561,0.03902278359840122,False,False,True,False,どきどきなる,2026-09-06,場特性:in_escape_diff,-0.151,1号艇のdominance,0.1322,風速区分,-0.0955,1号艇の級別順位,0.0787,1号艇vs5号艇のlocal_win_rate差,0.0786,2号艇のclass_rank_2to6,0.1174,1号艇vs3号艇の枠別平均ST差,-0.0845,2号艇のwin_rate_rank_2to6,0.0529,2号艇の全国勝率,0.0522,2号艇のモーター2連率,-0.0458,3号艇のwin_rate_rank_2to6,-0.1487,6号艇の女子戦2連率,0.0784,1号艇の全国2連率,0.0641,3号艇のcumulative_diff_rank_2to6,0.0609,3号艇の全国勝率,-0.0573,-0.1007,北東 6.7m/s,[逃げ]場特性:in_escape_diffが不利(-15.1pt)、1号艇のdominanceが有利(+13.2pt) / [2着]2号艇のclass_rank_2to6が有利(+11.7pt)、1号艇vs3号艇の枠別平均ST差が不利(-8.4pt) / [候補2]3号艇のwin_rate_rank_2to6が不利(-14.9pt)、6号艇の女子戦2連率が有利(+7.8pt) / [除外]4号艇のracer_avgfin_teが不利(-9.7pt)、1号艇vs5号艇の枠別平均ST差が不利(-9.2pt)、天気-10.1pt
53,03,江戸川,5,13:02,0.43628580857436633,2,0.773083107395593,3,0.10329789746900098,0.38235259532656507,0.0694006079429714,0.8069803969216226,0.35050999224948126,0.5097409358050823,1-2,1-3,0.33728518860527,0.045067406721295084,0.021051166605674573,0.030278500351951867,0.0026035460870134034,True,True,False,False,予選,2026-09-06,2号艇のsession_exh_rel_avg,-0.2453,1号艇のdominance,-0.1936,場特性:in_escape_diff,-0.1084,1号艇の節間得点,0.0994,1号艇のvs_max234_diff,-0.0864,2号艇のwin_rate_rank_2to6,0.2368,2号艇のsession_exh_rel_avg,0.1505,2号艇のclass_rank_2to6,0.1142,2号艇の当地勝率,0.1021,2号艇のracer_2nd_te,0.0684,3号艇のsession_exh_rel_avg,-0.1531,3号艇のwin_rate_rank_2to6,-0.127,3号艇のモーター2連率,0.1162,3号艇の年齢,-0.0684,3号艇の全国勝率,-0.0572,-0.0115,北東 3.0m/s,[逃げ]2号艇のsession_exh_rel_avgが不利(-24.5pt)、1号艇のdominanceが不利(-19.4pt) / [2着]2号艇のwin_rate_rank_2to6が有利(+23.7pt)、2号艇のsession_exh_rel_avgが有利(+15.0pt) / [候補2]3号艇のsession_exh_rel_avgが不利(-15.3pt)、3号艇のwin_rate_rank_2to6が不利(-12.7pt) / [除外]6号艇のwin_rate_rank_2to6が不利(-7.3pt)、2号艇のracer_avgfin_teが不利(-5.3pt)、天気-1.1pt
54,09,津,11,15:58,0.7919030230629931,2,0.31671795720787765,4,0.29668409694921816,0.48575494104005396,0.23520550965902293,0.3781965444980729,0.3486522548679965,0.4534874220774596,1-2,1-4,0.250809907771254,0.18625995414005228,0.23494503326879998,0.11026837118051266,0.00961976260251144,True,False,False,False,予選,2026-09-06,1号艇の全国勝率,0.1556,1号艇のdominance,0.152,1号艇の年齢,-0.1054,1号艇のracer_win_te,0.1026,1号艇のsession_exh_rel_avg,-0.0962,2号艇のwin_rate_rank_2to6,0.158,2号艇のsession_exh_rel_avg,-0.1426,2号艇の当地勝率,0.0872,2号艇の全国勝率,0.06,2号艇のclass_rank_2to6,-0.0551,4号艇のwin_rate_rank_2to6,0.1019,4号艇の全国勝率,0.1018,4号艇のclass_rank_2to6,-0.0879,6号艇の女子戦勝率,0.0797,4号艇の当地勝率,0.072,0.1576,北 2.5m/s,[逃げ]1号艇の全国勝率が有利(+15.6pt)、1号艇のdominanceが有利(+15.2pt) / [2着]2号艇のwin_rate_rank_2to6が有利(+15.8pt)、2号艇のsession_exh_rel_avgが不利(-14.3pt) / [候補2]4号艇のwin_rate_rank_2to6が有利(+10.2pt)、4号艇の全国勝率が有利(+10.2pt) / [除外]6号艇の女子戦比率が不利(-7.9pt)、6号艇のwin_rate_rank_2to6が不利(-6.6pt)、天気+15.8pt
55,01,桐生,7,17:55,0.6529620031289781,3,0.44812850474805754,2,0.2045156742417099,0.4261518504436259,0.15570983504385666,0.4969343439459108,0.3465246092401724,0.44738659849431134,1-3,1-2,0.13354096432414045,0.29261088611948544,0.06752547346404805,0.057612063694292746,0.1016726057971194,True,False,False,False,ドラドキ３,2026-09-06,1号艇のdominance,0.1869,1号艇の勝率順位,0.1012,場特性:in_escape_diff,-0.0926,1号艇のsession_exh_rel_avg,0.0918,6号艇のモーター出走数,-0.0683,3号艇のwin_rate_rank_2to6,0.1686,3号艇のsession_exh_rel_avg,0.0935,4号艇のモーター出走数,-0.0929,3号艇の当地勝率,0.09,6号艇のモーター出走数,0.0814,2号艇の全国2連率,-0.1251,3号艇のモーター出走数,0.099,2号艇のsession_exh_rel_avg,-0.0974,2号艇のwin_rate_rank_2to6,-0.0768,2号艇の全国勝率,-0.0732,-0.0212,東 2.0m/s,[逃げ]1号艇のdominanceが有利(+18.7pt)、1号艇の勝率順位が有利(+10.1pt) / [2着]3号艇のwin_rate_rank_2to6が有利(+16.9pt)、3号艇のsession_exh_rel_avgが有利(+9.3pt) / [候補2]2号艇の全国2連率が不利(-12.5pt)、3号艇のモーター出走数が有利(+9.9pt) / [除外]4号艇のwin_rate_rank_2to6が不利(-5.1pt)、天気-2.1pt
56,11,琵琶湖,6,13:05,0.7432354349881078,2,0.3947584481548717,4,0.22932762323899775,0.46384288274244184,0.2146810204163141,0.4094050509775553,0.34434896668645126,0.4475115332129758,1-2,1-4,0.2933984669296165,0.15955854159281008,0.1704444158128254,0.05391868084951808,0.0659153242658023,True,True,False,False,予選,2026-09-06,1号艇のdominance,0.1672,1号艇のsession_exh_rel_avg,-0.1498,場特性:in_escape_diff,-0.0927,5号艇の平均ST,0.079,1号艇の勝率順位,0.0699,2号艇のsession_exh_rel_avg,0.0719,2号艇のclass_rank_2to6,-0.0551,2号艇のモーター2連率,-0.04,2号艇のwin_rate_rank_2to6,-0.0382,2号艇の当地勝率,-0.0367,4号艇のwin_rate_rank_2to6,-0.0941,4号艇のsession_exh_rel_avg,0.0892,4号艇のclass_rank_2to6,-0.0829,4号艇の節間得点,0.0605,4号艇の年齢,0.0547,0.0285,北東 2.8m/s,[逃げ]1号艇のdominanceが有利(+16.7pt)、1号艇のsession_exh_rel_avgが不利(-15.0pt) / [2着]2号艇のsession_exh_rel_avgが有利(+7.2pt)、2号艇のclass_rank_2to6が不利(-5.5pt) / [候補2]4号艇のwin_rate_rank_2to6が不利(-9.4pt)、4号艇のsession_exh_rel_avgが有利(+8.9pt) / [除外]6号艇のsession_exh_rel_avgが不利(-8.1pt)、1号艇vs5号艇の枠別平均ST差が不利(-5.3pt)、天気+2.8pt
57,12,住之江,9,19:04,0.6050822502852404,4,0.4139618577223722,2,0.24431951082030853,0.3983143717986529,0.11494593590535554,0.5433354326373252,0.34337282989751305,0.4418206900502546,1-4,1-2,0.14783339939574144,0.06955174555875554,0.2504809724029115,0.06874297181018933,0.06847315210121446,True,False,False,False,住之江選抜,2026-09-06,1号艇の年齢,-0.2096,1号艇のsession_exh_rel_avg,0.1522,ST差分(4-3),-0.0917,1号艇のdominance,0.0882,1号艇の節間得点,-0.067,4号艇のwin_rate_rank_2to6,0.2528,4号艇のclass_rank_2to6,0.2219,4号艇のsession_exh_rel_avg,0.0862,4号艇のcumulative_diff_rank_2to6,-0.0809,win_rate_gap_top2_2to6,0.0698,2号艇のwin_rate_rank_2to6,-0.1714,2号艇の全国勝率,-0.1364,3号艇のracer_2nd_te,0.0772,2号艇のsession_exh_rel_avg,-0.0495,4号艇の節間得点,0.0469,0.0254,北東 2.4m/s,[逃げ]1号艇の年齢が不利(-21.0pt)、1号艇のsession_exh_rel_avgが有利(+15.2pt) / [2着]4号艇のwin_rate_rank_2to6が有利(+25.3pt)、4号艇のclass_rank_2to6が有利(+22.2pt) / [候補2]2号艇のwin_rate_rank_2to6が不利(-17.1pt)、2号艇の全国勝率が不利(-13.6pt) / [除外]3号艇のwin_rate_rank_2to6が不利(-5.6pt)、天気+2.5pt
58,14,鳴門,1,08:44,0.7253075037972161,2,0.3911272339529697,3,0.25133166295124015,0.4659802588059055,0.2238715625512832,0.41858733435292667,0.34079658441759014,0.4517623814700118,1-2,1-3,0.2836875177255382,0.18229274108036725,0.16237572420525354,0.041063647450466145,0.05588788752099123,False,False,True,False,とるならなる,2026-09-06,1号艇のdominance,0.3168,1号艇の女子戦比率,-0.1432,場特性:in_escape_diff,-0.1343,1号艇の勝率順位,0.0948,1号艇のvs_max234_frame_diff,0.0894,2号艇のwin_rate_rank_2to6,0.1941,5号艇の年齢,-0.0771,2号艇のモーター2連率,-0.0474,2号艇の直近平均着順,-0.043,2号艇の当地勝率,-0.0292,3号艇のwin_rate_rank_2to6,-0.1022,3号艇の全国勝率,-0.0857,3号艇のcumulative_diff_rank_2to6,0.0533,3号艇の性別,-0.0444,3号艇のモーター2連率,0.04,-0.0611,北東 7.0m/s,[逃げ]1号艇のdominanceが有利(+31.7pt)、1号艇の女子戦比率が不利(-14.3pt) / [2着]2号艇のwin_rate_rank_2to6が有利(+19.4pt)、5号艇の年齢が不利(-7.7pt) / [候補2]3号艇のwin_rate_rank_2to6が不利(-10.2pt)、3号艇の全国勝率が不利(-8.6pt) / [除外]5号艇のracer_win_teが不利(-11.4pt)、天気-6.1pt
59,17,宮島,5,13:01,0.6165170812357201,3,0.47222837479673785,2,0.1837913597897734,0.4044473720003077,0.13948665153494255,0.5165330830515688,0.33674936042939146,0.438073085315686,1-3,1-2,0.11331051269393519,0.2911368593063725,0.08599590327566677,0.08467301782027223,0.04140077206253778,True,True,False,False,一般戦,2026-09-06,1号艇のdominance,0.1567,1号艇の年齢,-0.1137,1号艇の節間得点,-0.0624,1号艇のsession_exh_rel_avg,-0.0572,1号艇のlocal_win_rate順位,0.0547,3号艇のwin_rate_rank_2to6,0.2366,2号艇の枠別平均ST,0.2138,3号艇のsession_exh_rel_avg,-0.1383,風向(度),0.0676,場特性:1x_diff_course3,0.0561,2号艇のwin_rate_rank_2to6,-0.1658,2号艇の全国勝率,-0.0958,2号艇のsession_exh_rel_avg,0.0729,2号艇のsession_avg_finish,0.0529,2号艇の直近平均着順,-0.0523,0.1099,北東 3.4m/s,[逃げ]1号艇のdominanceが有利(+15.7pt)、1号艇の年齢が不利(-11.4pt) / [2着]3号艇のwin_rate_rank_2to6が有利(+23.7pt)、2号艇の枠別平均STが有利(+21.4pt) / [候補2]2号艇のwin_rate_rank_2to6が不利(-16.6pt)、2号艇の全国勝率が不利(-9.6pt) / [除外]6号艇のwin_rate_rank_2to6が不利(-6.8pt)、天気+11.0pt
60,09,津,1,10:42,0.6639362561369702,2,0.3652989413324013,4,0.28015701889525735,0.4285416137348448,0.179630352471305,0.4658256077563536,0.3361667163862704,0.43972681194129737,1-2,1-4,0.24253521147903323,0.11926310370836259,0.18600640225581158,0.09109119584165952,0.025040339142070264,False,False,True,False,予選,2026-09-06,1号艇のracer_win_te,0.1147,1号艇のsession_exh_rel_avg,-0.0791,1号艇vs4号艇の枠別平均ST差,-0.0691,1号艇のモーター2連率順位,0.0683,1号艇の年齢,0.0669,2号艇のwin_rate_rank_2to6,-0.16,2号艇の全国勝率,0.0846,2号艇のsession_exh_rel_avg,0.0792,2号艇の節間得点,-0.0508,2号艇のsession_avg_finish,-0.0507,4号艇のwin_rate_rank_2to6,0.2028,4号艇の全国勝率,0.1887,4号艇のsession_exh_rel_avg,0.0924,5号艇の女子戦勝率,0.0843,4号艇の節間得点,-0.0774,0.0718,東 2.1m/s,[逃げ]1号艇のracer_win_teが有利(+11.5pt)、1号艇のsession_exh_rel_avgが不利(-7.9pt) / [2着]2号艇のwin_rate_rank_2to6が不利(-16.0pt)、2号艇の全国勝率が有利(+8.5pt) / [候補2]4号艇のwin_rate_rank_2to6が有利(+20.3pt)、4号艇の全国勝率が有利(+18.9pt) / [除外]local_win_rateの分散(2-6号艇)が不利(-9.6pt)、天気+7.2pt
61,09,津,7,13:46,0.6085615083425421,2,0.44777402591879545,3,0.23853143588022108,0.4176590870161344,0.17656493528410142,0.5097405265149151,0.3291663474123496,0.44528351886576856,1-2,1-3,0.2724980366097547,0.1451610504063797,0.06489108710641775,0.10745062333689609,0.018560709749559708,True,True,False,False,予選,2026-09-06,1号艇のracer_win_te,0.1885,5号艇の節間得点,-0.0935,1号艇vs4号艇の枠別平均ST差,-0.091,1号艇の節間得点,0.0783,風速区分,0.0754,2号艇のwin_rate_rank_2to6,-0.1524,2号艇の当地勝率,0.0789,2号艇のsession_exh_rel_avg,0.0729,2号艇の全国勝率,0.0721,2号艇のracer_avgfin_te,0.0692,3号艇のwin_rate_rank_2to6,0.1615,3号艇のsession_exh_rel_avg,-0.1018,3号艇の全国勝率,0.09,6号艇のracer_2nd_te,-0.0777,4号艇のモーター出走数,-0.0627,0.0848,北西 1.9m/s,[逃げ]1号艇のracer_win_teが有利(+18.9pt)、5号艇の節間得点が不利(-9.3pt) / [2着]2号艇のwin_rate_rank_2to6が不利(-15.2pt)、2号艇の当地勝率が有利(+7.9pt) / [候補2]3号艇のwin_rate_rank_2to6が有利(+16.2pt)、3号艇のsession_exh_rel_avgが不利(-10.2pt)、天気+8.5pt
62,02,戸田,2,11:16,0.426283286070157,2,0.45191280455698746,3,0.4001025858332339,0.3631999203978912,0.08066142640441482,0.7713539639858065,0.3280444520187746,0.4856461334742658,1-2,1-3,0.19264287534373323,0.17055704505415797,0.034384617906780074,0.01948674266202956,0.009212004309441607,True,True,False,False,一般戦,2026-09-06,場特性:in_escape_diff,-0.1851,1号艇のsession_exh_rel_avg,-0.1215,1号艇のracer_win_te,-0.0806,1号艇の年齢,-0.0798,1号艇vs4号艇の枠別平均ST差,-0.0751,2号艇のwin_rate_rank_2to6,0.2666,2号艇のclass_rank_2to6,0.1437,2号艇のsession_exh_rel_avg,-0.1116,2号艇の節間得点,-0.0631,2号艇の全国勝率,0.0628,3号艇のsession_exh_rel_avg,0.1354,3号艇のモーター2連率,0.086,1号艇のsession_exh_rel_delta,0.0624,3号艇のwin_rate_rank_2to6,-0.0619,3号艇の女子戦勝率,0.0457,0.0533,北 1.8m/s,[逃げ]場特性:in_escape_diffが不利(-18.5pt)、1号艇のsession_exh_rel_avgが不利(-12.2pt) / [2着]2号艇のwin_rate_rank_2to6が有利(+26.7pt)、2号艇のclass_rank_2to6が有利(+14.4pt) / [候補2]3号艇のsession_exh_rel_avgが有利(+13.5pt)、3号艇のモーター2連率が有利(+8.6pt) / [除外]6号艇のwin_rate_rank_2to6が不利(-5.3pt)、2号艇のracer_2nd_teが不利(-5.2pt)、天気+5.3pt
63,14,鳴門,12,14:28,0.597073785143767,2,0.47007507691116585,3,0.21032629691786653,0.4062498236891196,0.16754547649563178,0.5128558973334006,0.32457143934560767,0.4382316457824039,1-2,1-3,0.28066950547309716,0.12558031821602236,0.0854534112871921,0.10003701183496291,0.005333544171209499,True,True,False,False,ドリーム戦,2026-09-06,1号艇のdominance,0.254,1号艇のracer_win_te,0.1602,場特性:in_escape_diff,-0.1561,風速区分,-0.125,1号艇の全国勝率,0.0893,2号艇のclass_rank_2to6,0.0649,2号艇の全国勝率,0.0613,2号艇のsession_exh_rel_avg,0.0599,2号艇の体重,-0.0428,avg_entry_count,-0.0282,3号艇のwin_rate_rank_2to6,-0.1173,3号艇の当地勝率,0.1058,3号艇の女子戦比率,-0.0741,3号艇のracer_2nd_te,0.0672,3号艇のcumulative_diff_rank_2to6,0.0488,-0.0323,北 6.5m/s,[逃げ]1号艇のdominanceが有利(+25.4pt)、1号艇のracer_win_teが有利(+16.0pt) / [2着]2号艇のclass_rank_2to6が有利(+6.5pt)、2号艇の全国勝率が有利(+6.1pt) / [候補2]3号艇のwin_rate_rank_2to6が不利(-11.7pt)、3号艇の当地勝率が有利(+10.6pt) / [除外]4号艇の女子戦2連率が不利(-15.4pt)、win_rate_gap_top2_2to6が不利(-10.5pt)、天気-3.2pt
64,09,津,10,15:23,0.7626869168326724,2,0.32520470966265036,5,0.2356482211961448,0.4277551926332625,0.20192390334410948,0.3589290275146857,0.3241063948265987,0.4071073430976895,1-2,1-5,0.2480293773520712,0.1540047192763374,0.11793195315243366,0.1797258152811913,0.0629950404057182,True,False,False,False,予選,2026-09-06,1号艇のracer_win_te,0.1156,1号艇のdominance,0.1151,1号艇のモーター2連率,0.1098,6号艇のモーター出走数,-0.0924,1号艇の級別順位,0.0804,2号艇のwin_rate_rank_2to6,-0.1472,2号艇の全国勝率,0.0755,2号艇のsession_exh_rel_avg,0.0717,2号艇のclass_rank_2to6,-0.0584,3号艇のモーター出走数,0.0538,5号艇のwin_rate_rank_2to6,0.1747,1号艇の女子戦2連率,0.1337,5号艇のclass_rank_2to6,-0.0866,5号艇のsession_exh_rel_avg,0.0772,1号艇のモーター2連率,0.072,0.1449,北 2.5m/s,[逃げ]1号艇のracer_win_teが有利(+11.6pt)、1号艇のdominanceが有利(+11.5pt) / [2着]2号艇のwin_rate_rank_2to6が不利(-14.7pt)、2号艇の全国勝率が有利(+7.5pt) / [候補2]5号艇のwin_rate_rank_2to6が有利(+17.5pt)、1号艇の女子戦2連率が有利(+13.4pt)、天気+14.5pt
65,22,福岡,2,12:18,0.7421977262456486,2,0.34632202059651523,3,0.23200045210126247,0.42922962427305184,0.2092195328168029,0.3691029398809748,0.32146575851920417,0.4111916189554287,1-2,1-3,0.2570394162355323,0.17219020803751953,0.09568182671392757,0.15528226154280797,0.06200400542115533,True,True,False,False,一般戦,2026-09-06,1号艇のsession_exh_rel_avg,0.1365,1号艇の節間得点,0.0989,1号艇のvs_max234_diff,0.0875,1号艇の級別順位,-0.0801,1号艇のdominance,0.0749,2号艇のwin_rate_rank_2to6,-0.1581,2号艇の全国勝率,-0.139,6号艇のsession_rank_diff_last,-0.0892,2号艇のsession_avg_finish,0.0746,2号艇のclass_rank_2to6,-0.0691,3号艇のwin_rate_rank_2to6,-0.1023,3号艇の全国勝率,-0.0778,3号艇のracer_avgfin_te,-0.0761,6号艇のsession_rank_diff_delta,-0.0559,3号艇のracer_2nd_te,-0.0536,0.0291,北東 4.0m/s,[逃げ]1号艇のsession_exh_rel_avgが有利(+13.7pt)、1号艇の節間得点が有利(+9.9pt) / [2着]2号艇のwin_rate_rank_2to6が不利(-15.8pt)、2号艇の全国勝率が不利(-13.9pt) / [候補2]3号艇のwin_rate_rank_2to6が不利(-10.2pt)、3号艇の全国勝率が不利(-7.8pt)、天気+2.9pt
66,02,戸田,12,16:30,0.6360228286225593,2,0.3659635168548911,3,0.32327493810306035,0.4383713917177987,0.22282545717038565,0.4664129977875658,0.32115502479387464,0.44678387353872884,1-2,1-3,0.23276115116270749,0.20561024055509122,0.14172207755862362,0.044510200748654236,0.01141914734297679,True,False,False,False,優勝戦,2026-09-06,場特性:in_escape_diff,-0.1597,race_no,0.1563,1号艇のsession_exh_rel_avg,0.1489,1号艇の節間得点,0.1397,1号艇の年齢,0.1082,2号艇の当地勝率,0.0904,2号艇のモーター2連率,0.0824,3号艇の全国2連率,0.0592,2号艇のsession_exh_rel_avg,0.0584,2号艇のwin_rate_rank_2to6,0.0551,3号艇のwin_rate_rank_2to6,0.1689,3号艇のsession_exh_rel_avg,0.1131,3号艇の全国勝率,0.1085,3号艇の節間得点,0.0768,6号艇のracer_2nd_te,-0.0713,0.0458,北東 2.7m/s,[逃げ]場特性:in_escape_diffが不利(-16.0pt)、race_noが有利(+15.6pt) / [2着]2号艇の当地勝率が有利(+9.0pt)、2号艇のモーター2連率が有利(+8.2pt) / [候補2]3号艇のwin_rate_rank_2to6が有利(+16.9pt)、3号艇のsession_exh_rel_avgが有利(+11.3pt) / [除外]6号艇のwin_rate_rank_2to6が不利(-7.8pt)、6号艇の女子戦2連率が不利(-6.8pt)、天気+4.6pt
67,12,住之江,3,16:13,0.5058893825890165,2,0.6043941688266683,3,0.16525634913688264,0.3893580253418975,0.14791766670854065,0.6217328512550102,0.32024650859451553,0.4590704731158313,1-2,1-3,0.305756592908125,0.08360143243377251,0.07482997708519155,0.02165038310901005,0.02005098574540847,True,False,False,False,一般戦,2026-09-06,1号艇のdominance,-0.1881,1号艇の年齢,-0.0874,1号艇の級別順位,-0.0851,1号艇のvs_max234_diff,-0.0819,1号艇の全国勝率,-0.0602,2号艇のwin_rate_rank_2to6,0.1837,2号艇のclass_rank_2to6,0.0738,2号艇の節間得点,0.0628,2号艇の全国勝率,0.0601,2号艇のsession_rank_diff_last,0.0457,3号艇のwin_rate_rank_2to6,-0.1397,3号艇の当地勝率,-0.0508,場特性:1x_diff_course3,0.0428,3号艇の全国勝率,-0.0422,2号艇のsession_rank_diff_delta,-0.0316,0.0487,北東 3.0m/s,[逃げ]1号艇のdominanceが不利(-18.8pt)、1号艇の年齢が不利(-8.7pt) / [2着]2号艇のwin_rate_rank_2to6が有利(+18.4pt)、2号艇のclass_rank_2to6が有利(+7.4pt) / [候補2]3号艇のwin_rate_rank_2to6が不利(-14.0pt)、3号艇の当地勝率が不利(-5.1pt) / [除外]1号艇vs6号艇のcumulative差が不利(-6.1pt)、6号艇の女子戦比率が不利(-5.1pt)、天気+4.9pt
68,10,三国,5,10:18,0.8163678092717328,3,0.2842680924974318,4,0.2687767916123964,0.45148804046967983,0.24486096329735824,0.30818392081247,0.31882588466170886,0.40849680457251686,1-3,1-4,0.19989660818323052,0.23206731991798268,0.21942072055169712,0.14819960259434223,0.0167835603053856,False,False,True,False,予選,2026-09-06,1号艇のdominance,0.1809,1号艇のsession_exh_rel_avg,0.1256,1号艇の勝率順位,0.0864,1号艇のracer_win_te,0.0802,1号艇のlocal_win_rate順位,0.0774,3号艇のsession_exh_rel_avg,0.0909,3号艇のwin_rate_rank_2to6,-0.0806,3号艇の全国勝率,-0.063,2号艇の直近1着率,0.0543,3号艇のcumulative_diff_rank_2to6,0.0515,4号艇のwin_rate_rank_2to6,0.1632,4号艇のclass_rank_2to6,0.1422,4号艇のsession_exh_rel_avg,-0.1164,4号艇の節間得点,-0.063,4号艇の全国勝率,0.0604,-0.0527,北東 4.9m/s,[逃げ]1号艇のdominanceが有利(+18.1pt)、1号艇のsession_exh_rel_avgが有利(+12.6pt) / [2着]3号艇のsession_exh_rel_avgが有利(+9.1pt)、3号艇のwin_rate_rank_2to6が不利(-8.1pt) / [候補2]4号艇のwin_rate_rank_2to6が有利(+16.3pt)、4号艇のclass_rank_2to6が有利(+14.2pt) / [除外]6号艇のwin_rate_rank_2to6が不利(-7.0pt)、天気-5.3pt
69,02,戸田,11,15:55,0.6076920289980308,3,0.44614424883274295,4,0.2597226935924642,0.42894971444501023,0.21465003780026912,0.49121690462493794,0.3184608275409669,0.4476298714989885,1-3,1-4,0.13044111699534955,0.2711183037989719,0.15783141064603842,0.03331911456418523,0.014982090916887996,True,False,False,False,選抜戦,2026-09-06,場特性:in_escape_diff,-0.152,1号艇のdominance,0.1469,1号艇の節間得点,0.085,1号艇のracer_win_te,0.0751,3号艇のsession_exh_rel_avg,-0.0724,3号艇のwin_rate_rank_2to6,0.1715,3号艇のsession_exh_rel_avg,0.1324,3号艇のモーター2連率,0.0526,3号艇のsession_exh_rel_delta,0.0427,2号艇の節間得点,-0.0397,4号艇のclass_rank_2to6,0.1882,4号艇のwin_rate_rank_2to6,0.0892,4号艇の年齢,0.0616,4号艇のcumulative_diff_rank_2to6,-0.0615,4号艇のsession_exh_rel_avg,0.0562,0.1009,北東 2.8m/s,[逃げ]場特性:in_escape_diffが不利(-15.2pt)、1号艇のdominanceが有利(+14.7pt) / [2着]3号艇のwin_rate_rank_2to6が有利(+17.1pt)、3号艇のsession_exh_rel_avgが有利(+13.2pt) / [候補2]4号艇のclass_rank_2to6が有利(+18.8pt)、4号艇のwin_rate_rank_2to6が有利(+8.9pt) / [除外]6号艇のwin_rate_rank_2to6が不利(-7.1pt)、天気+10.1pt
70,10,三国,6,10:50,0.4698863798903581,2,0.4336404387043495,4,0.3597700771186388,0.37281279504700565,0.13160890519245508,0.6618016106305332,0.313934214489555,0.4595094397220639,1-2,1-4,0.2037617359168535,0.061841232022216065,0.16905105913015214,0.03393048449975018,0.0013018742291994255,False,False,True,False,予選,2026-09-06,1号艇のsession_exh_rel_avg,-0.0941,6号艇の枠別出走数,-0.0878,1号艇のdominance,0.0751,5号艇の節間得点,-0.0685,1号艇のモーター2連率,0.0642,2号艇のwin_rate_rank_2to6,0.1795,6号艇の年齢,-0.09,2号艇のsession_exh_rel_avg,0.0866,2号艇のclass_rank_2to6,0.068,2号艇の全国勝率,0.0561,4号艇のclass_rank_2to6,0.1001,4号艇のwin_rate_rank_2to6,0.0998,4号艇の節間得点,0.051,3号艇の年齢,0.0477,4号艇の当地勝率,0.0374,-0.0121,北東 4.3m/s,[逃げ]1号艇のsession_exh_rel_avgが不利(-9.4pt)、6号艇の枠別出走数が不利(-8.8pt) / [2着]2号艇のwin_rate_rank_2to6が有利(+18.0pt)、6号艇の年齢が不利(-9.0pt) / [候補2]4号艇のclass_rank_2to6が有利(+10.0pt)、4号艇のwin_rate_rank_2to6が有利(+10.0pt) / [除外]6号艇の全国勝率が不利(-15.4pt)、6号艇の直近平均着順が不利(-12.4pt)、天気-1.2pt
71,02,戸田,3,11:45,0.5338785182914683,3,0.4988633031167979,4,0.24436312652844253,0.39679262501405915,0.1761688661890548,0.5670575634561856,0.31290961678097245,0.44787210654669707,1-3,1-4,0.09405277325010052,0.2663324010979837,0.13046022391607548,0.026502172556763806,0.0165309564203809,True,True,False,False,一般戦,2026-09-06,場特性:in_escape_diff,-0.1706,1号艇vs4号艇の枠別平均ST差,-0.0712,2号艇の体重,0.0696,1号艇vs2号艇のcumulative差,0.0672,1号艇の一般戦勝率,0.0625,1号艇の枠別平均ST,0.0953,local_win_rateの分散(2-6号艇),0.0906,3号艇のモーター2連率,0.0885,3号艇のwin_rate_rank_2to6,0.0545,6号艇のsession_exh_rel_delta,0.0503,4号艇のclass_rank_2to6,0.2089,4号艇のwin_rate_rank_2to6,0.1634,4号艇のモーター2連率,0.1386,1号艇の平均ST,0.097,4号艇のsession_exh_rel_avg,-0.0878,0.0377,北 2.2m/s,[逃げ]場特性:in_escape_diffが不利(-17.1pt)、1号艇vs4号艇の枠別平均ST差が不利(-7.1pt) / [2着]1号艇の枠別平均STが有利(+9.5pt)、local_win_rateの分散(2-6号艇)が有利(+9.1pt) / [候補2]4号艇のclass_rank_2to6が有利(+20.9pt)、4号艇のwin_rate_rank_2to6が有利(+16.3pt) / [除外]5号艇のwin_rate_rank_2to6が不利(-5.3pt)、天気+3.8pt
72,22,福岡,7,14:44,0.6990554746570272,4,0.3211858465899198,2,0.2680238821068115,0.41189028656663174,0.20146157719999577,0.38774815149673547,0.3123142064485455,0.40464764604566283,1-4,1-2,0.1873635621255962,0.11390175640745785,0.2245267244410355,0.032430600187318324,0.14083281847469636,True,True,False,False,一般戦,2026-09-06,1号艇のracer_win_te,0.1956,6号艇の直近1着率,-0.1163,1号艇の級別順位,-0.0761,ST差分(4-3),-0.0743,1号艇の節間得点,0.0727,4号艇のclass_rank_2to6,0.1508,6号艇の直近1着率,0.1032,4号艇のwin_rate_rank_2to6,0.0869,4号艇の全国勝率,0.0808,4号艇の年齢,0.0676,2号艇のsession_exh_rel_avg,0.0921,2号艇のclass_rank_2to6,-0.0633,1号艇vs2号艇のplace_rate差,-0.0566,6号艇の直近平均着順,0.0496,2号艇のwin_rate_rank_2to6,-0.0476,0.0452,東 3.1m/s,[逃げ]1号艇のracer_win_teが有利(+19.6pt)、6号艇の直近1着率が不利(-11.6pt) / [2着]4号艇のclass_rank_2to6が有利(+15.1pt)、6号艇の直近1着率が有利(+10.3pt) / [候補2]2号艇のsession_exh_rel_avgが有利(+9.2pt)、2号艇のclass_rank_2to6が不利(-6.3pt)、天気+4.5pt
73,17,宮島,9,15:04,0.4866950095508449,3,0.4603313483632644,2,0.31327856536452836,0.37651208435037636,0.1582775589050771,0.6153323548227156,0.3049999880192883,0.4481581654920781,1-3,1-2,0.15247111436216412,0.22404096998821227,0.07703289804299092,0.022326041732415466,0.010823996303543275,True,False,False,False,一般特選,2026-09-06,1号艇のracer_win_te,-0.2544,1号艇の年齢,0.1848,1号艇のdominance,-0.0811,3号艇の女子戦2連率,0.075,3号艇の一般戦2連率,0.0743,3号艇のsession_exh_rel_avg,0.1101,3号艇の女子戦勝率,0.1039,3号艇の一般戦2連率,0.0738,3号艇の体重,-0.0573,3号艇のwin_rate_rank_2to6,0.0503,2号艇のwin_rate_rank_2to6,0.1828,2号艇のclass_rank_2to6,0.103,2号艇のsession_exh_rel_avg,-0.0969,2号艇の全国勝率,0.0641,2号艇のcumulative_diff_rank_2to6,-0.0453,0.0719,北 3.3m/s,[逃げ]1号艇のracer_win_teが不利(-25.4pt)、1号艇の年齢が有利(+18.5pt) / [2着]3号艇のsession_exh_rel_avgが有利(+11.0pt)、3号艇の女子戦勝率が有利(+10.4pt) / [候補2]2号艇のwin_rate_rank_2to6が有利(+18.3pt)、2号艇のclass_rank_2to6が有利(+10.3pt) / [除外]3号艇の女子戦2連率が不利(-5.3pt)、天気+7.2pt
74,14,鳴門,4,10:02,0.5634917828981745,3,0.39458840843844656,6,0.24290354598317757,0.35922147798028276,0.15444965421588838,0.4830423002057357,0.2926435183071127,0.3963677246479186,1-3,1-6,0.07403403982558704,0.22234732578193334,0.043205154070187234,0.0870311110221175,0.13687415219834945,False,False,True,False,とにかくなる,2026-09-06,1号艇の女子戦比率,-0.19,場特性:in_escape_diff,-0.1844,1号艇のvs_max234_diff,0.122,1号艇のracer_win_te,0.1106,1号艇の体重,-0.0862,3号艇のwin_rate_rank_2to6,0.05,1号艇vs4号艇の枠別平均ST差,-0.0417,3号艇のclass_rank_2to6,0.0366,場特性:1x_diff_course3,-0.0322,2号艇のvs_boat3_diff,0.0307,6号艇のwin_rate_rank_2to6,0.2849,6号艇のclass_rank_2to6,0.1706,6号艇のvs_avg456_diff,0.1474,3号艇の女子戦勝率,0.1167,2号艇のracer_win_te,0.0924,-0.0539,北東 6.5m/s,[逃げ]1号艇の女子戦比率が不利(-19.0pt)、場特性:in_escape_diffが不利(-18.4pt) / [2着]3号艇のwin_rate_rank_2to6が有利(+5.0pt)、1号艇vs4号艇の枠別平均ST差が不利(-4.2pt) / [候補2]6号艇のwin_rate_rank_2to6が有利(+28.5pt)、6号艇のclass_rank_2to6が有利(+17.1pt) / [除外]2号艇のwin_rate_rank_2to6が不利(-6.7pt)、4号艇の平均STが不利(-6.3pt)、天気-5.4pt
75,17,宮島,1,10:54,0.6153707131565112,2,0.4195594368268204,4,0.1786834528296038,0.36814115364868577,0.1721961961153701,0.4260466935410542,0.2920701460984926,0.3855128156163963,1-2,1-4,0.25818458985166465,0.10596449600635376,0.10995656379702111,0.1029136745785674,0.03835139121533876,False,False,True,False,ファーストＢ,2026-09-06,5号艇の枠別出走数,-0.1695,1号艇のsession_exh_rel_avg,0.1559,1号艇のdominance,-0.094,1号艇の節間得点,0.0784,1号艇の級別順位,0.0753,2号艇のsession_exh_rel_avg,-0.1084,2号艇のclass_rank_2to6,-0.0631,3号艇のracer_win_te,0.0611,3号艇のracer_2nd_te,0.0371,2号艇のwin_rate_rank_2to6,0.034,4号艇のwin_rate_rank_2to6,-0.0955,4号艇のclass_rank_2to6,-0.0934,4号艇の枠別平均ST,-0.0852,4号艇のsession_exh_rel_avg,0.0801,4号艇の全国勝率,-0.0752,-0.0265,北東 4.1m/s,[逃げ]5号艇の枠別出走数が不利(-16.9pt)、1号艇のsession_exh_rel_avgが有利(+15.6pt) / [2着]2号艇のsession_exh_rel_avgが不利(-10.8pt)、2号艇のclass_rank_2to6が不利(-6.3pt) / [候補2]4号艇のwin_rate_rank_2to6が不利(-9.6pt)、4号艇のclass_rank_2to6が不利(-9.3pt) / [除外]6号艇のracer_win_teが不利(-9.1pt)、6号艇のwin_rate_rank_2to6が不利(-7.3pt)、天気-2.7pt
76,07,蒲郡,3,16:23,0.4604578241081091,3,0.6178486147327896,2,0.13868540515352387,0.34835200866061283,0.13566034094677085,0.6208736789395427,0.2916429459433434,0.43010850974429177,1-3,1-2,0.06385877989254314,0.2844932287680697,0.02612319414401654,0.06246586541011432,0.023516762754721632,True,False,False,False,予選,2026-09-06,3号艇のracer_win_te,-0.1904,1号艇のdominance,-0.1541,1号艇のsession_exh_rel_avg,0.1073,6号艇の枠別出走数,-0.0973,1号艇の級別順位,-0.081,3号艇のwin_rate_rank_2to6,0.2053,3号艇のsession_exh_rel_avg,0.0895,3号艇の当地勝率,-0.0574,3号艇のracer_win_te,0.0531,3号艇の全国勝率,0.0503,2号艇のwin_rate_rank_2to6,-0.1728,2号艇の全国勝率,-0.0844,2号艇のsession_avg_finish,-0.0546,2号艇のclass_rank_2to6,-0.0543,2号艇のsession_exh_rel_avg,-0.0532,0.0076,北東 3.6m/s,[逃げ]3号艇のracer_win_teが不利(-19.0pt)、1号艇のdominanceが不利(-15.4pt) / [2着]3号艇のwin_rate_rank_2to6が有利(+20.5pt)、3号艇のsession_exh_rel_avgが有利(+9.0pt) / [候補2]2号艇のwin_rate_rank_2to6が不利(-17.3pt)、2号艇の全国勝率が不利(-8.4pt) / [除外]4号艇のwin_rate_rank_2to6が不利(-6.3pt)、天気+0.8pt
77,12,住之江,1,15:17,0.5795862563416878,2,0.4037823336606543,4,0.24390848757464736,0.37539269834664185,0.1955297060875501,0.45216111514775154,0.28731218957648436,0.3984232233869747,1-2,1-4,0.2340266911432889,0.11332633035487369,0.14136600720335293,0.08651918895594235,0.004348024649904005,True,False,False,False,一般戦,2026-09-06,1号艇の年齢,-0.1708,1号艇のracer_win_te,-0.1423,1号艇の級別順位,0.0777,1号艇の全国2連率,-0.0699,1号艇の直近1着率,-0.0689,2号艇のwin_rate_rank_2to6,0.1928,2号艇の全国勝率,-0.0985,1号艇の直近複勝率,0.0704,2号艇の節間得点,-0.0675,3号艇のracer_2nd_te,0.0604,4号艇のwin_rate_rank_2to6,0.1158,4号艇のsession_exh_rel_avg,-0.095,4号艇のclass_rank_2to6,-0.0823,4号艇の節間得点,-0.0778,4号艇の全国勝率,-0.0608,0.0238,北東 2.7m/s,[逃げ]1号艇の年齢が不利(-17.1pt)、1号艇のracer_win_teが不利(-14.2pt) / [2着]2号艇のwin_rate_rank_2to6が有利(+19.3pt)、2号艇の全国勝率が不利(-9.8pt) / [候補2]4号艇のwin_rate_rank_2to6が有利(+11.6pt)、4号艇のsession_exh_rel_avgが不利(-9.5pt) / [除外]6号艇の全国勝率が不利(-17.5pt)、6号艇の直近平均着順が不利(-12.9pt)、天気+2.4pt
78,07,蒲郡,9,19:14,0.47168135287581603,2,0.5610489422129312,3,0.15414835333931243,0.3373452279392071,0.13579651242562518,0.5794007831266185,0.2823728614141209,0.4099618944954305,1-2,1-3,0.26463632409254095,0.0727089038466662,0.05160208502688654,0.06405268269673645,0.018681353698685964,True,False,False,False,予選特賞,2026-09-06,1号艇のsession_exh_rel_avg,-0.1568,1号艇vs2号艇のcumulative差,-0.0991,1号艇の勝率順位,-0.0858,2号艇のsession_exh_rel_avg,-0.0841,1号艇の節間得点,-0.0802,2号艇のwin_rate_rank_2to6,0.1886,2号艇のsession_exh_rel_avg,0.1481,2号艇のclass_rank_2to6,0.1004,3号艇の全国勝率,-0.0639,2号艇の全国勝率,0.0552,3号艇のwin_rate_rank_2to6,-0.1531,3号艇のsession_exh_rel_avg,0.075,3号艇の節間得点,-0.074,3号艇のcumulative_diff_rank_2to6,-0.0714,3号艇の当地勝率,-0.0708,-0.0314,北東 6.0m/s,[逃げ]1号艇のsession_exh_rel_avgが不利(-15.7pt)、1号艇vs2号艇のcumulative差が不利(-9.9pt) / [2着]2号艇のwin_rate_rank_2to6が有利(+18.9pt)、2号艇のsession_exh_rel_avgが有利(+14.8pt) / [候補2]3号艇のwin_rate_rank_2to6が不利(-15.3pt)、3号艇のsession_exh_rel_avgが有利(+7.5pt) / [除外]6号艇のsession_exh_rel_avgが不利(-5.5pt)、天気-3.1pt
79,03,江戸川,4,12:35,0.5475963233301679,2,0.4225722119444161,4,0.2614859242691823,0.3745877203346537,0.21504940989246935,0.4690087263211291,0.27792187848153455,0.40291402213059635,1-2,1-4,0.23139898960225871,0.11776026619143846,0.14318873073239496,0.035923367681386216,0.01932497728251062,True,True,False,False,予選,2026-09-06,場特性:in_escape_diff,-0.1219,1号艇のモーター2連率,0.0807,1号艇の級別順位,-0.0797,1号艇のモーター2連率順位,0.0697,1号艇のracer_win_te,-0.0651,2号艇のwin_rate_rank_2to6,0.1797,2号艇のclass_rank_2to6,0.0763,2号艇のsession_exh_rel_avg,0.0457,2号艇の全国勝率,0.0417,1号艇vs2号艇の枠別勝率差,0.0381,4号艇のclass_rank_2to6,0.131,4号艇のsession_exh_rel_avg,-0.0825,4号艇のwin_rate_rank_2to6,0.0702,4号艇のモーター2連率,0.0553,場特性:1x_diff_course4,-0.0396,0.0203,北東 2.6m/s,[逃げ]場特性:in_escape_diffが不利(-12.2pt)、1号艇のモーター2連率が有利(+8.1pt) / [2着]2号艇のwin_rate_rank_2to6が有利(+18.0pt)、2号艇のclass_rank_2to6が有利(+7.6pt) / [候補2]4号艇のclass_rank_2to6が有利(+13.1pt)、4号艇のsession_exh_rel_avgが不利(-8.2pt) / [除外]6号艇のwin_rate_rank_2to6が不利(-5.8pt)、天気+2.0pt
80,11,琵琶湖,8,14:08,0.5460521102722132,3,0.413562154005508,2,0.24314952289407932,0.3585987970114235,0.19125542051058095,0.46545625638900634,0.2762980405510136,0.39065603482469835,1-3,1-2,0.13277231008799384,0.2258264869234297,0.07688417013543435,0.10443542597080226,0.006133707237815294,True,True,False,False,予選,2026-09-06,1号艇の年齢,0.1119,1号艇のracer_win_te,-0.0715,1号艇のvs_max234_diff,0.0706,3号艇のsession_exh_rel_avg,-0.0692,1号艇のdominance,0.067,3号艇のsession_exh_rel_avg,0.113,3号艇のwin_rate_rank_2to6,0.0574,3号艇のsession_exh_rel_delta,0.0525,3号艇のcumulative_diff_rank_2to6,0.0429,3号艇の節間得点,0.0428,2号艇のwin_rate_rank_2to6,-0.1478,2号艇のsession_exh_rel_avg,0.0963,2号艇のsession_avg_finish,-0.0428,2号艇のcumulative_diff_rank_2to6,-0.0364,2号艇の全国勝率,-0.0357,0.0534,北東 2.8m/s,[逃げ]1号艇の年齢が有利(+11.2pt)、1号艇のracer_win_teが不利(-7.2pt) / [2着]3号艇のsession_exh_rel_avgが有利(+11.3pt)、3号艇のwin_rate_rank_2to6が有利(+5.7pt) / [候補2]2号艇のwin_rate_rank_2to6が不利(-14.8pt)、2号艇のsession_exh_rel_avgが有利(+9.6pt) / [除外]ST差分(6-5)が不利(-8.6pt)、5号艇の平均STが不利(-7.0pt)、天気+5.3pt
81,11,琵琶湖,7,13:32,0.3528869799628185,2,0.6256414345853478,4,0.2184801189605397,0.2978795057523308,0.07442573110659166,0.7696958224392958,0.27127562575558595,0.43942440075842026,1-2,1-4,0.22078071639042865,0.026263871481729928,0.07709878936190218,0.024411770347346005,0.00433182876624402,True,True,False,False,予選,2026-09-06,1号艇のdominance,-0.3096,1号艇のracer_win_te,-0.2064,1号艇のvs_max234_diff,-0.1678,1号艇のsession_exh_rel_avg,0.1666,1号艇の年齢,0.1208,2号艇のwin_rate_rank_2to6,0.2079,2号艇のclass_rank_2to6,0.1196,3号艇の全国勝率,-0.0898,2号艇のsession_exh_rel_avg,0.0655,3号艇のracer_2nd_te,0.0629,4号艇のclass_rank_2to6,0.1401,4号艇の年齢,0.1072,4号艇のwin_rate_rank_2to6,0.0744,3号艇の枠別平均ST,-0.0671,1号艇vs5号艇の枠別平均ST差,0.0618,0.0392,北東 2.4m/s,[逃げ]1号艇のdominanceが不利(-31.0pt)、1号艇のracer_win_teが不利(-20.6pt) / [2着]2号艇のwin_rate_rank_2to6が有利(+20.8pt)、2号艇のclass_rank_2to6が有利(+12.0pt) / [候補2]4号艇のclass_rank_2to6が有利(+14.0pt)、4号艇の年齢が有利(+10.7pt) / [除外]6号艇のwin_rate_rank_2to6が不利(-7.1pt)、3号艇のracer_2nd_teが不利(-7.1pt)、天気+3.9pt
82,09,津,3,11:42,0.5493949941605272,2,0.4362535849283093,4,0.20391686614365284,0.3517064412284227,0.19886784976886845,0.4413026013030937,0.26777471676807396,0.378585289250824,1-2,1-4,0.23967553574419753,0.10925700116248407,0.11203090548422516,0.07314244335967722,0.015289101246647745,True,True,False,False,予選,2026-09-06,1号艇のsession_exh_rel_avg,-0.1224,1号艇のdominance,0.1196,1号艇のracer_win_te,0.0925,1号艇の級別順位,0.0752,風速区分,0.0728,2号艇の当地勝率,0.3416,2号艇のwin_rate_rank_2to6,0.1427,2号艇のsession_exh_rel_avg,0.089,2号艇のclass_rank_2to6,-0.0718,2号艇の全国勝率,0.0623,4号艇のwin_rate_rank_2to6,-0.1403,4号艇の全国勝率,0.1081,4号艇の当地勝率,0.0769,4号艇のclass_rank_2to6,-0.0687,4号艇のracer_win_te,0.0574,0.0448,北 1.7m/s,[逃げ]1号艇のsession_exh_rel_avgが不利(-12.2pt)、1号艇のdominanceが有利(+12.0pt) / [2着]2号艇の当地勝率が有利(+34.2pt)、2号艇のwin_rate_rank_2to6が有利(+14.3pt) / [候補2]4号艇のwin_rate_rank_2to6が不利(-14.0pt)、4号艇の全国勝率が有利(+10.8pt) / [除外]4号艇の女子戦2連率が不利(-11.8pt)、2号艇の直近1着率が不利(-7.0pt)、天気+4.5pt
83,02,戸田,4,12:14,0.4411176299063397,2,0.5499348984503156,4,0.17482365676474293,0.3197037761308097,0.13796724394884366,0.586791311266215,0.2667733974834426,0.39983003667143124,1-2,1-4,0.2425859790071868,0.0608597836554237,0.07711779712362284,0.05293487040467175,0.007619210396827528,True,True,False,False,一般戦,2026-09-06,1号艇のdominance,-0.2227,1号艇のsession_exh_rel_avg,0.1467,場特性:in_escape_diff,-0.1368,1号艇の節間得点,0.1126,1号艇のvs_max234_diff,-0.1116,2号艇のwin_rate_rank_2to6,0.2111,2号艇のclass_rank_2to6,0.1212,2号艇のsession_exh_rel_avg,-0.0694,1号艇のsession_exh_rel_delta,0.0607,2号艇の全国勝率,0.0515,4号艇のwin_rate_rank_2to6,0.0999,4号艇のclass_rank_2to6,-0.0818,4号艇のsession_exh_rel_avg,0.0785,6号艇のvs_avg456_diff,0.0438,2号艇の枠別平均ST,-0.0417,-0.019,北 1.8m/s,[逃げ]1号艇のdominanceが不利(-22.3pt)、1号艇のsession_exh_rel_avgが有利(+14.7pt) / [2着]2号艇のwin_rate_rank_2to6が有利(+21.1pt)、2号艇のclass_rank_2to6が有利(+12.1pt) / [候補2]4号艇のwin_rate_rank_2to6が有利(+10.0pt)、4号艇のclass_rank_2to6が不利(-8.2pt) / [除外]1号艇vs6号艇のcumulative差が不利(-9.4pt)、6号艇のwin_rate_rank_2to6が不利(-7.1pt)、天気-1.9pt
84,09,津,6,13:15,0.528567067649687,2,0.35436588849842204,3,0.25257178063496327,0.3208072640199694,0.1570071845759271,0.4499304845574582,0.2603644096416316,0.359544230181216,1-2,1-3,0.18730613855868689,0.13350112546128254,0.06959747233812988,0.08298882715123095,0.055173519892882904,True,True,False,False,予選,2026-09-06,1号艇のracer_win_te,0.1312,1号艇の級別順位,0.088,風速区分,0.0839,1号艇のdominance,-0.0827,1号艇vs2号艇のcumulative差,-0.0817,2号艇のsession_exh_rel_avg,-0.0866,2号艇の当地勝率,0.0794,2号艇のclass_rank_2to6,-0.0611,3号艇の全国2連率,0.0599,6号艇の枠別平均ST,-0.0574,3号艇の当地勝率,0.0736,3号艇のcumulative_diff_rank_2to6,-0.064,3号艇のwin_rate_rank_2to6,-0.0561,3号艇の節間得点,0.0483,3号艇の全国勝率,0.0412,0.1033,北西 1.7m/s,[逃げ]1号艇のracer_win_teが有利(+13.1pt)、1号艇の級別順位が有利(+8.8pt) / [2着]2号艇のsession_exh_rel_avgが不利(-8.7pt)、2号艇の当地勝率が有利(+7.9pt) / [候補2]3号艇の当地勝率が有利(+7.4pt)、3号艇のcumulative_diff_rank_2to6が不利(-6.4pt) / [除外]6号艇のsession_exh_rel_avgが不利(-5.1pt)、天気+10.3pt
85,12,住之江,4,16:45,0.380290613651199,2,0.44380390447806173,3,0.3485757838225174,0.301334557908573,0.11812577103111437,0.6742539172694648,0.2586201055190488,0.41321036571684056,1-2,1-3,0.1687744591747602,0.13256009873381283,0.02424274680571314,0.04492212195344351,0.009791186629296072,True,False,False,False,一般戦,2026-09-06,1号艇の女子戦比率,-0.2682,1号艇のracer_win_te,-0.1629,1号艇の節間得点,0.0958,1号艇vs4号艇のcumulative差,0.088,1号艇のdominance,-0.0853,2号艇のsession_exh_rel_avg,0.1032,2号艇のwin_rate_rank_2to6,0.0721,2号艇の節間得点,0.054,2号艇のsession_exh_rel_last,0.034,2号艇の全国勝率,0.0287,3号艇のsession_exh_rel_avg,0.1079,3号艇のwin_rate_rank_2to6,-0.0572,場特性:1x_diff_course3,0.0534,3号艇のracer_avgfin_te,0.0452,3号艇のsession_exh_rel_last,0.0449,0.0495,北東 3.1m/s,[逃げ]1号艇の女子戦比率が不利(-26.8pt)、1号艇のracer_win_teが不利(-16.3pt) / [2着]2号艇のsession_exh_rel_avgが有利(+10.3pt)、2号艇のwin_rate_rank_2to6が有利(+7.2pt) / [候補2]3号艇のsession_exh_rel_avgが有利(+10.8pt)、3号艇のwin_rate_rank_2to6が不利(-5.7pt) / [除外]6号艇のwin_rate_rank_2to6が不利(-6.1pt)、6号艇のsession_exh_rel_avgが不利(-5.6pt)、天気+4.9pt
86,22,福岡,4,13:18,0.5462023549737763,4,0.42011738917713315,2,0.21716765922736683,0.34808659422811494,0.21693890198357532,0.4203461464209246,0.25747036597165546,0.36976445988595785,1-4,1-2,0.11861748689413032,0.11849253914885408,0.22946910733398462,0.07361180190084991,0.006011406724347512,True,True,False,False,一般戦,2026-09-06,1号艇のdominance,-0.2301,1号艇の節間得点,0.0825,1号艇のvs_max234_diff,-0.0715,1号艇の全国勝率,-0.0663,1号艇の一般戦勝率,0.0534,4号艇のclass_rank_2to6,0.2359,4号艇のwin_rate_rank_2to6,0.1911,4号艇のcumulative_diff_rank_2to6,0.0682,2号艇の一般戦2連率,0.0493,1号艇vs2号艇のcumulative差,0.0476,2号艇のsession_avg_finish,-0.0988,2号艇の全国勝率,-0.0868,2号艇の体重,-0.0552,2号艇のracer_avgfin_te,-0.0537,2号艇のsession_exh_rel_avg,0.0496,0.0561,北東 3.5m/s,[逃げ]1号艇のdominanceが不利(-23.0pt)、1号艇の節間得点が有利(+8.3pt) / [2着]4号艇のclass_rank_2to6が有利(+23.6pt)、4号艇のwin_rate_rank_2to6が有利(+19.1pt) / [候補2]2号艇のsession_avg_finishが不利(-9.9pt)、2号艇の全国勝率が不利(-8.7pt) / [除外]6号艇のvs_avg456_diffが不利(-10.6pt)、6号艇のwin_rate_rank_2to6が不利(-9.6pt)、天気+5.6pt
87,07,蒲郡,11,20:16,0.712597860735653,4,0.23750630139017095,3,0.23450551694845073,0.3363546119900475,0.2014332499482849,0.2705785683903368,0.25505100883614795,0.3166217989101343,1-4,1-3,0.1435409029941779,0.1671081297081744,0.16924648228187308,0.12054781403110101,0.11215453702959438,False,False,False,False,一般特選,2026-09-06,1号艇のdominance,0.2677,4号艇のsession_exh_rel_avg,-0.2115,風速区分,-0.1027,レース時間帯,0.0902,4号艇のsession_exh_rel_last,-0.0839,4号艇のsession_exh_rel_avg,0.1584,4号艇のclass_rank_2to6,-0.0771,4号艇のwin_rate_rank_2to6,-0.0619,3号艇の枠別勝率,-0.0554,4号艇の節間得点,0.0534,3号艇のsession_exh_rel_avg,-0.1301,4号艇のsession_exh_rel_last,-0.1132,3号艇の枠別平均ST,-0.0862,3号艇のwin_rate_rank_2to6,-0.0542,3号艇の全国勝率,0.0538,-0.0026,東 7.8m/s,[逃げ]1号艇のdominanceが有利(+26.8pt)、4号艇のsession_exh_rel_avgが不利(-21.2pt) / [2着]4号艇のsession_exh_rel_avgが有利(+15.8pt)、4号艇のclass_rank_2to6が不利(-7.7pt) / [候補2]3号艇のsession_exh_rel_avgが不利(-13.0pt)、4号艇のsession_exh_rel_lastが不利(-11.3pt)、天気影響ほぼなし
88,01,桐生,8,18:23,0.5627055653395292,2,0.3364965580307768,3,0.25863270301029717,0.3348825472842138,0.200743437760235,0.394385823280839,0.25421197873892876,0.35273353008320135,1-2,1-3,0.18934848592151396,0.14553406136269983,0.09764835134467965,0.11295944963307364,0.017215220221924482,True,False,False,False,ドラドキ５,2026-09-06,1号艇のdominance,0.2135,2号艇のモーター2連率,-0.1343,1号艇のvs_max234_diff,0.1075,1号艇vs4号艇の枠別平均ST差,-0.1037,4号艇の全国2連率,-0.0957,2号艇のモーター2連率,0.0873,6号艇のsession_rank_diff_last,-0.0869,3号艇のモーター出走数,0.0804,2号艇の全国勝率,-0.0679,2号艇のracer_avgfin_te,-0.0659,3号艇のwin_rate_rank_2to6,-0.1149,3号艇の全国勝率,-0.0817,3号艇のsession_exh_rel_avg,0.0692,4号艇のモーター出走数,-0.0656,3号艇のcumulative_diff_rank_2to6,-0.0574,-0.095,北東 3.1m/s,[逃げ]1号艇のdominanceが有利(+21.4pt)、2号艇のモーター2連率が不利(-13.4pt) / [2着]2号艇のモーター2連率が有利(+8.7pt)、6号艇のsession_rank_diff_lastが不利(-8.7pt) / [候補2]3号艇のwin_rate_rank_2to6が不利(-11.5pt)、3号艇の全国勝率が不利(-8.2pt) / [除外]6号艇のsession_exh_rel_avgが不利(-8.1pt)、4号艇のwin_rate_rank_2to6が不利(-5.0pt)、天気-9.5pt
89,04,平和島,4,12:22,0.5990132347661606,2,0.3081076547384896,4,0.25326062437191654,0.33626702876503733,0.20488974412786481,0.3564785349825414,0.2535898301862703,0.34233048063028854,1-2,1-4,0.18456056292111805,0.12273166840044326,0.15170646584391928,0.07625414680580825,0.06376037517438447,True,True,False,False,予選,2026-09-06,1号艇のdominance,0.1442,1号艇のsession_exh_rel_avg,-0.1312,場特性:in_escape_diff,-0.1181,5号艇の平均ST,0.0973,1号艇のracer_win_te,0.0858,2号艇のwin_rate_rank_2to6,-0.164,2号艇の全国勝率,-0.1124,3号艇のracer_2nd_te,0.0751,2号艇の体重,-0.0706,2号艇のsession_exh_rel_avg,0.0542,4号艇のwin_rate_rank_2to6,0.106,ST差分(5-4),0.0918,4号艇のclass_rank_2to6,-0.0779,4号艇のsession_exh_rel_avg,-0.0735,ST差分(4-3),0.0526,-0.112,北 4.8m/s,[逃げ]1号艇のdominanceが有利(+14.4pt)、1号艇のsession_exh_rel_avgが不利(-13.1pt) / [2着]2号艇のwin_rate_rank_2to6が不利(-16.4pt)、2号艇の全国勝率が不利(-11.2pt) / [候補2]4号艇のwin_rate_rank_2to6が有利(+10.6pt)、ST差分(5-4)が有利(+9.2pt)、天気-11.2pt
90,10,三国,8,11:50,0.4305111054269154,4,0.4253210661277659,3,0.33746061308270425,0.32838598391629825,0.19283403561930512,0.569947643591165,0.252397190493023,0.40085448181875827,1-4,1-3,0.08301719383840023,0.1452805415762796,0.18310544234001866,0.014918400149644236,0.004189531331547403,True,True,False,False,予選,2026-09-06,1号艇のdominance,-0.1874,1号艇のsession_exh_rel_avg,0.1405,1号艇の級別順位,-0.0984,4号艇のsession_exh_rel_avg,-0.0906,1号艇のvs_max234_diff,-0.0752,4号艇のwin_rate_rank_2to6,0.2381,4号艇のclass_rank_2to6,0.2248,4号艇の全国勝率,0.1407,4号艇のsession_exh_rel_avg,0.0774,4号艇のcumulative_diff_rank_2to6,0.0656,3号艇のwin_rate_rank_2to6,0.0831,3号艇のcumulative_diff_rank_2to6,0.0416,3号艇のclass_rank_2to6,0.0399,場特性:1x_diff_course3,-0.0385,6号艇のsession_rank_diff_last,0.0361,0.0041,北東 3.1m/s,[逃げ]1号艇のdominanceが不利(-18.7pt)、1号艇のsession_exh_rel_avgが有利(+14.1pt) / [2着]4号艇のwin_rate_rank_2to6が有利(+23.8pt)、4号艇のclass_rank_2to6が有利(+22.5pt) / [候補2]3号艇のwin_rate_rank_2to6が有利(+8.3pt)、3号艇のcumulative_diff_rank_2to6が有利(+4.2pt) / [除外]6号艇のwin_rate_rank_2to6が不利(-7.9pt)、天気+0.4pt
91,22,福岡,10,16:17,0.5002280164857951,3,0.41405209129177367,4,0.2495056815425081,0.33193018852862455,0.20594580949075428,0.4576119633435275,0.24989863088348907,0.3696347209730954,1-3,1-4,0.10301986378512144,0.2071204563486793,0.12480973217994527,0.05714093174270225,0.008137034292841365,True,False,False,False,準優勝戦,2026-09-06,6号艇の枠別出走数,-0.1597,1号艇のsession_exh_rel_avg,0.1252,1号艇の節間得点,0.1058,1号艇のdominance,-0.1045,1号艇の級別順位,-0.0943,3号艇の当地勝率,0.1318,3号艇のwin_rate_rank_2to6,0.0766,3号艇のracer_2nd_te,0.0519,6号艇のracer_2nd_te,-0.0497,場特性:1x_diff_course3,0.0459,4号艇のwin_rate_rank_2to6,0.1554,4号艇の全国勝率,0.0888,4号艇のracer_avgfin_te,0.0678,4号艇のracer_win_te,0.0513,4号艇のsession_exh_rel_avg,0.04,0.1033,北東 2.8m/s,[逃げ]6号艇の枠別出走数が不利(-16.0pt)、1号艇のsession_exh_rel_avgが有利(+12.5pt) / [2着]3号艇の当地勝率が有利(+13.2pt)、3号艇のwin_rate_rank_2to6が有利(+7.7pt) / [候補2]4号艇のwin_rate_rank_2to6が有利(+15.5pt)、4号艇の全国勝率が有利(+8.9pt) / [除外]6号艇のwin_rate_rank_2to6が不利(-6.8pt)、2号艇のwin_rate_rank_2to6が不利(-5.4pt)、天気+10.3pt
92,14,鳴門,7,11:28,0.3470594577268853,2,0.4092817634107409,3,0.3879604876314262,0.2766904633236558,0.08455378265827021,0.7126884683838969,0.24861619296427445,0.4074898648417281,1-2,1-3,0.1420451068668351,0.13464535645682077,0.029345189958136175,0.01938214608082951,0.021641657717815115,True,True,False,False,予選,2026-09-06,1号艇のdominance,-0.2277,1号艇のracer_win_te,-0.1283,場特性:in_escape_diff,-0.1262,1号艇のvs_max234_diff,-0.0983,1号艇の全国勝率,-0.0838,2号艇のwin_rate_rank_2to6,0.2021,2号艇の女子戦比率,-0.0707,2号艇の体重,-0.0597,2号艇のclass_rank_2to6,0.0578,2号艇の全国勝率,0.0458,3号艇の女子戦比率,-0.0913,3号艇のwin_rate_rank_2to6,0.0614,1号艇vs2号艇のplace_rate差,0.0516,3号艇のモーター2連率,-0.046,3号艇のracer_2nd_te,0.0436,0.0108,北東 5.8m/s,[逃げ]1号艇のdominanceが不利(-22.8pt)、1号艇のracer_win_teが不利(-12.8pt) / [2着]2号艇のwin_rate_rank_2to6が有利(+20.2pt)、2号艇の女子戦比率が不利(-7.1pt) / [候補2]3号艇の女子戦比率が不利(-9.1pt)、3号艇のwin_rate_rank_2to6が有利(+6.1pt)、天気+1.1pt
93,17,宮島,10,15:39,0.5735360588168428,2,0.33049776127339486,3,0.23211784585359796,0.32268033794046064,0.19832011024202056,0.3642954968849722,0.2458875377085191,0.3351648856238141,1-2,1-3,0.18955238344853265,0.133127954491928,0.11374373441233025,0.11273723653043614,0.024374747797027443,True,False,False,False,選抜戦,2026-09-06,1号艇の節間得点,0.0995,1号艇のsession_exh_rel_avg,-0.0908,2号艇のsession_exh_rel_avg,-0.0756,1号艇vs4号艇の枠別平均ST差,-0.07,3号艇の枠別出走数,-0.0644,2号艇のsession_exh_rel_avg,0.1755,2号艇のwin_rate_rank_2to6,-0.139,3号艇のracer_2nd_te,0.0636,2号艇の直近平均着順,-0.0565,2号艇のclass_rank_2to6,-0.0497,3号艇のwin_rate_rank_2to6,-0.1189,3号艇のsession_exh_rel_avg,0.085,6号艇のracer_2nd_te,-0.0755,3号艇のracer_avgfin_te,-0.0734,3号艇の当地勝率,-0.0482,0.1014,北 3.5m/s,[逃げ]1号艇の節間得点が有利(+10.0pt)、1号艇のsession_exh_rel_avgが不利(-9.1pt) / [2着]2号艇のsession_exh_rel_avgが有利(+17.5pt)、2号艇のwin_rate_rank_2to6が不利(-13.9pt) / [候補2]3号艇のwin_rate_rank_2to6が不利(-11.9pt)、3号艇のsession_exh_rel_avgが有利(+8.5pt)、天気+10.1pt
94,03,江戸川,7,13:56,0.36366618289418634,3,0.5043446012366338,2,0.2657193864511929,0.28004623098670767,0.10664701285311864,0.6634169748347082,0.24420691819209944,0.3950574541411078,1-3,1-2,0.0966331549916905,0.18341307599501716,0.038055825768702506,0.03878391208136089,0.006780218799082637,True,True,False,False,予選,2026-09-06,1号艇のdominance,-0.1548,1号艇のsession_exh_rel_avg,0.11,場特性:in_escape_diff,-0.089,1号艇の級別順位,-0.0676,1号艇の年齢,0.0625,3号艇のwin_rate_rank_2to6,0.1742,3号艇のsession_exh_rel_avg,0.076,3号艇のモーター2連率,0.0382,6号艇の一般戦勝率,0.034,3号艇のclass_rank_2to6,0.0336,2号艇のsession_exh_rel_avg,-0.1364,2号艇のclass_rank_2to6,-0.0554,2号艇のwin_rate_rank_2to6,-0.054,3号艇の一般戦2連率,0.0472,1号艇の体重,-0.0359,0.0004,北東 3.1m/s,[逃げ]1号艇のdominanceが不利(-15.5pt)、1号艇のsession_exh_rel_avgが有利(+11.0pt) / [2着]3号艇のwin_rate_rank_2to6が有利(+17.4pt)、3号艇のsession_exh_rel_avgが有利(+7.6pt) / [候補2]2号艇のsession_exh_rel_avgが不利(-13.6pt)、2号艇のclass_rank_2to6が不利(-5.5pt) / [除外]6号艇の体重が不利(-8.9pt)、6号艇のwin_rate_rank_2to6が不利(-7.7pt)、天気影響ほぼなし
95,07,蒲郡,1,15:25,0.4614647712275176,2,0.4540042187277059,3,0.19659417803583412,0.3002282403234767,0.16122229001872407,0.48937610674481596,0.24214405900358543,0.3569726002498785,1-2,1-3,0.20950695293150867,0.09072128739196807,0.074398407180267,0.07368360074537995,0.01315452813566464,True,False,False,False,予選,2026-09-06,1号艇の年齢,-0.2061,1号艇の平均ST,-0.092,1号艇のsession_exh_rel_avg,-0.0795,1号艇のdominance,-0.0793,1号艇vs2号艇のcumulative差,0.0752,2号艇のwin_rate_rank_2to6,0.2048,2号艇のclass_rank_2to6,0.1169,2号艇のsession_exh_rel_avg,-0.1076,2号艇の節間得点,-0.0724,2号艇のsession_avg_finish,-0.0509,3号艇のwin_rate_rank_2to6,-0.1539,3号艇のモーター2連率,0.0711,3号艇のracer_avgfin_te,-0.0681,3号艇の当地勝率,-0.0676,3号艇のsession_exh_rel_avg,-0.0584,0.0104,東 3.5m/s,[逃げ]1号艇の年齢が不利(-20.6pt)、1号艇の平均STが不利(-9.2pt) / [2着]2号艇のwin_rate_rank_2to6が有利(+20.5pt)、2号艇のclass_rank_2to6が有利(+11.7pt) / [候補2]3号艇のwin_rate_rank_2to6が不利(-15.4pt)、3号艇のモーター2連率が有利(+7.1pt)、天気+1.0pt
96,22,福岡,1,11:48,0.5386055704569934,4,0.3574693748297607,3,0.2405326364893124,0.32208721444093885,0.20988813522859998,0.3881138760904732,0.24096447265695944,0.34189521293579916,1-4,1-3,0.11304691880695467,0.12955221788985072,0.19253499655108808,0.10148516566284675,0.001986268285752303,True,True,False,False,一般戦,2026-09-06,3号艇のsession_exh_rel_avg,-0.1492,1号艇の節間得点,0.0706,1号艇の級別順位,-0.0652,1号艇のsession_exh_rel_avg,-0.0571,1号艇のdominance,-0.0569,4号艇のclass_rank_2to6,0.2042,4号艇のwin_rate_rank_2to6,0.1124,4号艇のsession_exh_rel_avg,-0.0737,2号艇の体重,0.0717,4号艇の節間得点,0.0543,3号艇のsession_exh_rel_avg,0.1232,3号艇のracer_avgfin_te,-0.0874,3号艇のwin_rate_rank_2to6,-0.0743,3号艇の当地勝率,-0.061,3号艇の全国勝率,-0.056,0.0564,北東 3.8m/s,[逃げ]3号艇のsession_exh_rel_avgが不利(-14.9pt)、1号艇の節間得点が有利(+7.1pt) / [2着]4号艇のclass_rank_2to6が有利(+20.4pt)、4号艇のwin_rate_rank_2to6が有利(+11.2pt) / [候補2]3号艇のsession_exh_rel_avgが有利(+12.3pt)、3号艇のracer_avgfin_teが不利(-8.7pt) / [除外]6号艇のracer_win_teが不利(-13.4pt)、6号艇のvs_avg456_diffが不利(-10.0pt)、天気+5.6pt
97,02,戸田,8,14:16,0.48489856608539494,2,0.34036537589808713,3,0.2853562186257531,0.30341150395327704,0.18681281908538322,0.438908775438457,0.23539411387753995,0.34406068539883106,1-2,1-3,0.16504268271809888,0.13836882123517816,0.08417586090849313,0.09058526810087263,0.006725936735527989,True,True,False,False,一般戦,2026-09-06,場特性:in_escape_diff,-0.1494,1号艇のsession_exh_rel_avg,0.1329,1号艇のdominance,-0.1225,1号艇の年齢,-0.1042,4号艇のモーター2連率,-0.0915,2号艇のwin_rate_rank_2to6,-0.1342,1号艇vs6号艇の枠別平均ST差,0.0782,2号艇のsession_exh_rel_avg,-0.0697,4号艇のモーター2連率,0.046,2号艇のclass_rank_2to6,-0.0414,3号艇のsession_exh_rel_avg,-0.2118,3号艇のwin_rate_rank_2to6,0.211,3号艇の節間得点,-0.1174,3号艇のclass_rank_2to6,0.0453,3号艇のcumulative_diff_rank_2to6,-0.043,-0.0469,北東 2.4m/s,[逃げ]場特性:in_escape_diffが不利(-14.9pt)、1号艇のsession_exh_rel_avgが有利(+13.3pt) / [2着]2号艇のwin_rate_rank_2to6が不利(-13.4pt)、1号艇vs6号艇の枠別平均ST差が有利(+7.8pt) / [候補2]3号艇のsession_exh_rel_avgが不利(-21.2pt)、3号艇のwin_rate_rank_2to6が有利(+21.1pt) / [除外]6号艇のwin_rate_rank_2to6が不利(-6.8pt)、天気-4.7pt
98,02,戸田,7,13:45,0.5751808525150441,2,0.29467549696942075,4,0.2826014163763728,0.3320386271554868,0.2459996135989738,0.33127729974681974,0.23402097837926666,0.3318102289328867,1-2,1-4,0.16949170356216572,0.14149426746822918,0.16254692359332107,0.06771843396571249,0.03392952178290004,True,True,False,False,ウインウイン,2026-09-06,場特性:in_escape_diff,-0.2078,1号艇のracer_win_te,0.1719,4号艇のモーター2連率,-0.1439,1号艇のdominance,0.122,1号艇の級別順位,0.0822,2号艇のwin_rate_rank_2to6,0.1701,2号艇のsession_exh_rel_avg,-0.1322,2号艇の節間得点,-0.0739,2号艇のclass_rank_2to6,-0.0671,3号艇の全国勝率,-0.0532,4号艇のwin_rate_rank_2to6,0.1225,4号艇のsession_exh_rel_avg,0.1161,4号艇のモーター2連率,0.1005,4号艇のclass_rank_2to6,-0.1001,4号艇の節間得点,-0.0927,-0.005,北 2.4m/s,[逃げ]場特性:in_escape_diffが不利(-20.8pt)、1号艇のracer_win_teが有利(+17.2pt) / [2着]2号艇のwin_rate_rank_2to6が有利(+17.0pt)、2号艇のsession_exh_rel_avgが不利(-13.2pt) / [候補2]4号艇のwin_rate_rank_2to6が有利(+12.3pt)、4号艇のsession_exh_rel_avgが有利(+11.6pt) / [除外]6号艇のwin_rate_rank_2to6が不利(-7.4pt)、5号艇のracer_avgfin_teが不利(-6.2pt)、天気-0.5pt
99,03,江戸川,9,14:52,0.4358225977177025,3,0.4786613554256495,4,0.1561698737239039,0.2766737954002805,0.1345193935634692,0.5003118355860843,0.23201220599370156,0.34376520745602157,1-3,1-4,0.058626591546241134,0.20861143534868307,0.06806236005159737,0.05638213920444351,0.04414007481386879,True,True,False,False,予選特賞,2026-09-06,2号艇のsession_rank_diff_last,-0.1173,場特性:in_escape_diff,-0.1075,1号艇のdominance,-0.0696,1号艇の勝率順位,-0.059,1号艇の全国勝率,-0.0556,2号艇の枠別平均ST,0.205,3号艇のsession_exh_rel_avg,-0.1215,3号艇のモーター2連率,0.1012,6号艇のracer_2nd_te,-0.0814,3号艇のwin_rate_rank_2to6,0.0734,4号艇のsession_exh_rel_avg,-0.1308,4号艇のclass_rank_2to6,-0.0919,4号艇の全国勝率,-0.0732,4号艇のwin_rate_rank_2to6,-0.0708,2号艇のsession_rank_diff_delta,0.0447,-0.007,北東 3.4m/s,[逃げ]2号艇のsession_rank_diff_lastが不利(-11.7pt)、場特性:in_escape_diffが不利(-10.7pt) / [2着]2号艇の枠別平均STが有利(+20.5pt)、3号艇のsession_exh_rel_avgが不利(-12.1pt) / [候補2]4号艇のsession_exh_rel_avgが不利(-13.1pt)、4号艇のclass_rank_2to6が不利(-9.2pt) / [除外]2号艇のwin_rate_rank_2to6が不利(-6.1pt)、天気-0.7pt
100,12,住之江,8,18:33,0.49071837392240214,2,0.36027423953171067,4,0.28766282791239106,0.3179546241402194,0.23400903303578563,0.4139280344083161,0.22866951916704814,0.3467466472206484,1-2,1-4,0.17679318898913107,0.11483253217447441,0.14116143515108834,0.05534348678691963,0.0025877195096154736,True,False,False,False,一般戦,2026-09-06,1号艇の年齢,-0.1249,1号艇のsession_exh_rel_avg,-0.0905,5号艇の枠別出走数,-0.0797,4号艇のsession_exh_rel_avg,-0.0745,1号艇の勝率順位,-0.0481,2号艇のwin_rate_rank_2to6,0.0829,2号艇の全国勝率,-0.0748,3号艇のracer_2nd_te,0.0607,全艇平均勝率,0.058,second_best_win_rate,0.0462,4号艇のwin_rate_rank_2to6,0.1871,4号艇のclass_rank_2to6,0.1661,4号艇のsession_exh_rel_avg,0.0716,4号艇のcumulative_diff_rank_2to6,0.052,4号艇の節間得点,0.0385,0.0345,北東 2.4m/s,[逃げ]1号艇の年齢が不利(-12.5pt)、1号艇のsession_exh_rel_avgが不利(-9.1pt) / [2着]2号艇のwin_rate_rank_2to6が有利(+8.3pt)、2号艇の全国勝率が不利(-7.5pt) / [候補2]4号艇のwin_rate_rank_2to6が有利(+18.7pt)、4号艇のclass_rank_2to6が有利(+16.6pt) / [除外]5号艇の直近平均着順が不利(-19.7pt)、ST差分(6-5)が不利(-6.6pt)、天気+3.5pt
101,22,福岡,5,13:44,0.4146008561538954,4,0.4475650289435895,2,0.2433305190789474,0.28644588572305857,0.1713945799007477,0.5195009681217893,0.22753155902569713,0.3563624104426778,1-4,1-2,0.10088504153850338,0.07106033956698722,0.1855608441845552,0.05312259738564662,0.003972030582249429,True,True,False,False,一般戦,2026-09-06,1号艇の年齢,-0.104,4号艇のsession_exh_rel_avg,-0.0994,ST差分(4-3),-0.0938,1号艇の節間得点,0.0916,1号艇のdominance,-0.0865,4号艇のwin_rate_rank_2to6,0.2051,4号艇のclass_rank_2to6,0.1848,4号艇の全国勝率,0.0864,4号艇のsession_exh_rel_avg,0.0846,4号艇のcumulative_diff_rank_2to6,0.0584,2号艇のwin_rate_rank_2to6,-0.0675,2号艇のsession_exh_rel_avg,-0.0617,3号艇のracer_2nd_te,0.0474,2号艇の全国勝率,-0.0472,4号艇の一般戦勝率,-0.0466,0.0407,北東 3.4m/s,[逃げ]1号艇の年齢が不利(-10.4pt)、4号艇のsession_exh_rel_avgが不利(-9.9pt) / [2着]4号艇のwin_rate_rank_2to6が有利(+20.5pt)、4号艇のclass_rank_2to6が有利(+18.5pt) / [候補2]2号艇のwin_rate_rank_2to6が不利(-6.7pt)、2号艇のsession_exh_rel_avgが不利(-6.2pt) / [除外]6号艇のwin_rate_rank_2to6が不利(-7.7pt)、1号艇vs6号艇のcumulative差が不利(-5.6pt)、天気+4.1pt
102,09,津,2,11:12,0.4962496009603086,3,0.3262445982271883,4,0.2907501546156321,0.30618339989285387,0.2358761458124951,0.38111860703032524,0.21951776755866312,0.32866396203409526,1-3,1-4,0.11705344323550627,0.16189875168569842,0.14428464820715545,0.06338930821522207,0.009623440373357287,True,True,False,False,予選,2026-09-06,4号艇のsession_exh_rel_avg,-0.2364,1号艇のdominance,0.1096,1号艇のsession_exh_rel_avg,-0.1063,1号艇のracer_win_te,0.0934,風速区分,0.0858,6号艇のモーター出走数,0.1429,3号艇の女子戦勝率,0.0957,3号艇のsession_exh_rel_avg,0.0853,3号艇の当地勝率,0.0833,5号艇の直近1着率,0.0655,4号艇のwin_rate_rank_2to6,0.1692,4号艇のsession_exh_rel_avg,0.1558,4号艇の全国勝率,0.0932,4号艇のclass_rank_2to6,-0.0657,1号艇vs4号艇のcumulative差,0.0439,0.0683,北東 1.9m/s,[逃げ]4号艇のsession_exh_rel_avgが不利(-23.6pt)、1号艇のdominanceが有利(+11.0pt) / [2着]6号艇のモーター出走数が有利(+14.3pt)、3号艇の女子戦勝率が有利(+9.6pt) / [候補2]4号艇のwin_rate_rank_2to6が有利(+16.9pt)、4号艇のsession_exh_rel_avgが有利(+15.6pt) / [除外]6号艇のsession_exh_rel_avgが不利(-7.8pt)、天気+6.8pt
103,04,平和島,5,12:52,0.4463208096709327,2,0.3221667645921056,5,0.28295696593605957,0.27007931336042595,0.16698323957147101,0.43814049095669416,0.21596085093703107,0.3204976666393064,1-2,1-5,0.14378973122181332,0.07452809468701427,0.054925043565030265,0.12628958213861263,0.0467883563957876,True,True,False,False,予選,2026-09-06,1号艇のdominance,-0.1883,場特性:in_escape_diff,-0.1165,1号艇のsession_exh_rel_avg,-0.0967,3号艇の女子戦比率,0.068,1号艇のsession_exh_rel_last,-0.0673,3号艇の女子戦比率,0.1623,2号艇のwin_rate_rank_2to6,-0.1306,4号艇の女子戦比率,0.0442,2号艇のsession_exh_rel_avg,0.0424,2号艇の全国勝率,-0.041,5号艇のwin_rate_rank_2to6,0.2393,5号艇のclass_rank_2to6,0.1604,5号艇のsession_exh_rel_avg,-0.0782,5号艇の性別,-0.057,1号艇vs5号艇の勝率差,0.0554,-0.0816,北 4.7m/s,[逃げ]1号艇のdominanceが不利(-18.8pt)、場特性:in_escape_diffが不利(-11.6pt) / [2着]3号艇の女子戦比率が有利(+16.2pt)、2号艇のwin_rate_rank_2to6が不利(-13.1pt) / [候補2]5号艇のwin_rate_rank_2to6が有利(+23.9pt)、5号艇のclass_rank_2to6が有利(+16.0pt) / [除外]6号艇のsession_exh_rel_avgが不利(-6.9pt)、4号艇のwin_rate_rank_2to6が不利(-5.5pt)、天気-8.2pt
104,04,平和島,7,13:53,0.4747182215410679,2,0.3909974718341828,3,0.2659368616558925,0.3118586984636753,0.2606790071312614,0.39625532635881383,0.2143046794067653,0.3371776868322168,1-2,1-3,0.18561362445617705,0.1262450740074983,0.12374907465844377,0.013044274478275556,0.0260661876462629,True,True,False,False,予選,2026-09-06,場特性:in_escape_diff,-0.1554,3号艇のsession_exh_rel_avg,-0.1405,1号艇の節間得点,0.1003,1号艇の級別順位,-0.0996,風速区分,-0.0876,2号艇のsession_exh_rel_avg,-0.1077,2号艇のclass_rank_2to6,0.0655,2号艇の全国勝率,0.0615,2号艇のsession_rank_diff_last,0.0512,2号艇のwin_rate_rank_2to6,-0.0395,3号艇のsession_exh_rel_avg,0.129,3号艇のwin_rate_rank_2to6,-0.1164,6号艇のracer_2nd_te,-0.085,3号艇のracer_avgfin_te,-0.0673,3号艇のsession_exh_rel_last,0.0568,-0.1183,北東 6.4m/s,[逃げ]場特性:in_escape_diffが不利(-15.5pt)、3号艇のsession_exh_rel_avgが不利(-14.0pt) / [2着]2号艇のsession_exh_rel_avgが不利(-10.8pt)、2号艇のclass_rank_2to6が有利(+6.5pt) / [候補2]3号艇のsession_exh_rel_avgが有利(+12.9pt)、3号艇のwin_rate_rank_2to6が不利(-11.6pt) / [除外]6号艇のsession_exh_rel_avgが不利(-6.4pt)、5号艇のracer_avgfin_teが不利(-6.2pt)、天気-11.8pt
105,07,蒲郡,4,16:52,0.36080682776133255,4,0.5029320144673137,3,0.2256322764553863,0.262870970628004,0.18038008466104385,0.5481842062616562,0.20597094510383185,0.3484649413180997,1-4,1-3,0.06508236613787183,0.08140966590843593,0.18146130471956806,0.016752573219811804,0.01610091508742455,True,False,False,False,予選,2026-09-06,1号艇のdominance,-0.2378,1号艇のvs_max234_diff,-0.1269,1号艇のracer_win_te,-0.1245,1号艇vs4号艇の枠別勝率差,-0.1169,1号艇の全国勝率,-0.1002,4号艇のclass_rank_2to6,0.2325,4号艇のwin_rate_rank_2to6,0.2103,4号艇の節間得点,0.1148,3号艇の年齢,0.097,4号艇の全国勝率,0.0961,3号艇のモーター2連率,0.1723,3号艇のwin_rate_rank_2to6,-0.14,3号艇のsession_exh_rel_avg,0.1245,3号艇の全国勝率,-0.0871,場特性:1x_diff_course3,0.0557,-0.0169,東 4.8m/s,[逃げ]1号艇のdominanceが不利(-23.8pt)、1号艇のvs_max234_diffが不利(-12.7pt) / [2着]4号艇のclass_rank_2to6が有利(+23.3pt)、4号艇のwin_rate_rank_2to6が有利(+21.0pt) / [候補2]3号艇のモーター2連率が有利(+17.2pt)、3号艇のwin_rate_rank_2to6が不利(-14.0pt)、天気-1.7pt
106,17,宮島,6,13:28,0.31406911954415284,2,0.5166525962908868,3,0.24614664840831277,0.23957168717162242,0.12963013505464277,0.6331691096445569,0.20230483497563118,0.35765091391350273,1-2,1-3,0.16226462602727945,0.07730706114434294,0.04071282238300128,0.014250663559539396,0.019533942334994527,True,True,False,False,一般戦,2026-09-06,1号艇のdominance,-0.2592,1号艇のracer_win_te,-0.2151,6号艇の枠別出走数,-0.1484,1号艇のsession_exh_rel_avg,0.1366,1号艇のvs_max234_diff,-0.1316,2号艇のsession_exh_rel_avg,0.0919,1号艇のsession_rank_diff_delta,-0.0609,2号艇のclass_rank_2to6,0.059,2号艇のwin_rate_rank_2to6,0.0562,1号艇vs2号艇のplace_rate差,-0.0548,3号艇のwin_rate_rank_2to6,-0.0777,1号艇の体重,0.0716,6号艇のracer_2nd_te,-0.0579,4号艇のモーター出走数,-0.0573,3号艇の当地勝率,-0.0466,0.0327,北 3.0m/s,[逃げ]1号艇のdominanceが不利(-25.9pt)、1号艇のracer_win_teが不利(-21.5pt) / [2着]2号艇のsession_exh_rel_avgが有利(+9.2pt)、1号艇のsession_rank_diff_deltaが不利(-6.1pt) / [候補2]3号艇のwin_rate_rank_2to6が不利(-7.8pt)、1号艇の体重が有利(+7.2pt) / [除外]1号艇vs5号艇の枠別平均ST差が不利(-6.1pt)、5号艇のracer_avgfin_teが不利(-6.0pt)、天気+3.3pt
107,10,三国,10,12:56,0.29725556593904,3,0.5730913147853871,2,0.2213808037725269,0.2361612592247208,0.12169869824840913,0.6727734203095048,0.20167263783549644,0.367144907550156,1-3,1-2,0.06580667611344204,0.17035458311127877,0.036175615421875314,0.02002332152768778,0.004895371425800981,True,True,False,False,予選特賞,2026-09-06,1号艇のdominance,-0.2244,1号艇のsession_exh_rel_avg,-0.1845,1号艇の級別順位,-0.0783,1号艇のvs_max234_diff,-0.0674,1号艇の節間得点,-0.0642,3号艇のwin_rate_rank_2to6,0.1691,3号艇のsession_exh_rel_avg,0.1155,3号艇の当地勝率,0.0969,3号艇の一般戦2連率,0.0933,3号艇の全国勝率,0.0843,2号艇のsession_exh_rel_avg,-0.0983,2号艇のwin_rate_rank_2to6,0.0715,6号艇のsession_exh_rel_last,-0.0568,2号艇の全国勝率,0.0453,レース時間帯,-0.0419,0.1195,南東 2.4m/s,[逃げ]1号艇のdominanceが不利(-22.4pt)、1号艇のsession_exh_rel_avgが不利(-18.5pt) / [2着]3号艇のwin_rate_rank_2to6が有利(+16.9pt)、3号艇のsession_exh_rel_avgが有利(+11.5pt) / [候補2]2号艇のsession_exh_rel_avgが不利(-9.8pt)、2号艇のwin_rate_rank_2to6が有利(+7.1pt) / [除外]ST差分(6-5)が不利(-6.2pt)、天気+12.0pt
108,14,鳴門,9,12:38,0.3842172811334216,4,0.3955331533940716,2,0.29415444222210263,0.2649898928190932,0.2532994022830229,0.4363881933331513,0.18444375506455085,0.3164093829733106,1-4,1-2,0.11301922002389442,0.09732200765790386,0.15197067279519877,0.016189010769247354,0.005716371676328331,True,True,False,False,特賞,2026-09-06,1号艇のdominance,-0.2101,場特性:in_escape_diff,-0.145,1号艇のvs_max234_diff,-0.1027,風速区分,-0.0774,1号艇の節間得点,-0.0673,4号艇のwin_rate_rank_2to6,0.2447,4号艇のclass_rank_2to6,0.2193,4号艇の全国勝率,0.1364,4号艇のsession_exh_rel_avg,0.0527,1号艇の一般戦2連率,0.0503,4号艇のモーター出走数,-0.0638,2号艇のclass_rank_2to6,-0.0532,2号艇のsession_exh_rel_avg,0.0456,2号艇の直近平均着順,-0.0332,2号艇の当地2連率,0.0288,-0.0742,北 6.4m/s,[逃げ]1号艇のdominanceが不利(-21.0pt)、場特性:in_escape_diffが不利(-14.5pt) / [2着]4号艇のwin_rate_rank_2to6が有利(+24.5pt)、4号艇のclass_rank_2to6が有利(+21.9pt) / [候補2]4号艇のモーター出走数が不利(-6.4pt)、2号艇のclass_rank_2to6が不利(-5.3pt) / [除外]4号艇の女子戦2連率が不利(-11.6pt)、6号艇のwin_rate_rank_2to6が不利(-8.3pt)、天気-7.4pt
109,04,平和島,9,14:56,0.4083687718394333,3,0.3520573776070774,6,0.22064806727729422,0.2338750191531871,0.1863223023621119,0.3863831425222597,0.18158366071286128,0.2796274561639088,1-3,1-6,0.06039048204924048,0.14376923891041382,0.07608820978191118,0.038015056291217895,0.0901057802427733,True,True,False,False,予選特賞,2026-09-06,1号艇のracer_win_te,-0.2144,1号艇の年齢,0.1516,1号艇のdominance,-0.1403,場特性:in_escape_diff,-0.1288,1号艇のsession_exh_rel_avg,0.0872,3号艇のwin_rate_rank_2to6,0.2213,3号艇のsession_exh_rel_avg,-0.218,2号艇のvs_boat3_diff,0.0514,3号艇のclass_rank_2to6,0.0488,3号艇の女子戦比率,-0.0475,6号艇のwin_rate_rank_2to6,0.1718,6号艇のsession_exh_rel_avg,0.1415,6号艇のモーター2連率,0.117,場特性:1x_diff_course2,0.1108,4号艇のモーター2連率,0.0975,-0.0432,北東 6.7m/s,[逃げ]1号艇のracer_win_teが不利(-21.4pt)、1号艇の年齢が有利(+15.2pt) / [2着]3号艇のwin_rate_rank_2to6が有利(+22.1pt)、3号艇のsession_exh_rel_avgが不利(-21.8pt) / [候補2]6号艇のwin_rate_rank_2to6が有利(+17.2pt)、6号艇のsession_exh_rel_avgが有利(+14.1pt) / [除外]2号艇のwin_rate_rank_2to6が不利(-6.3pt)、天気-4.3pt
110,11,琵琶湖,1,10:35,0.3972681395122142,4,0.35103036233099305,3,0.31027590813568506,0.26271591171605835,0.2579912205137183,0.4033150499529598,0.18138183326165816,0.30489565318712875,1-4,1-3,0.10249169218397026,0.12326273276052628,0.13945317895553205,0.031084540843997643,0.0009759940282183558,False,False,True,False,予選,2026-09-06,1号艇のdominance,-0.1582,1号艇のsession_exh_rel_avg,0.115,1号艇の級別順位,-0.0947,6号艇の枠別出走数,-0.0904,1号艇の年齢,0.0777,4号艇のwin_rate_rank_2to6,0.2074,4号艇のclass_rank_2to6,0.1957,4号艇のcumulative_diff_rank_2to6,-0.0771,4号艇の全国勝率,0.0768,4号艇の節間得点,-0.0744,6号艇のsession_rank_diff_delta,-0.1075,場特性:1x_diff_course3,-0.0447,3号艇のwin_rate_rank_2to6,0.0383,3号艇のsession_exh_rel_avg,-0.0361,3号艇のclass_rank_2to6,0.0353,0.0065,北東 2.7m/s,[逃げ]1号艇のdominanceが不利(-15.8pt)、1号艇のsession_exh_rel_avgが有利(+11.5pt) / [2着]4号艇のwin_rate_rank_2to6が有利(+20.7pt)、4号艇のclass_rank_2to6が有利(+19.6pt) / [候補2]6号艇のsession_rank_diff_deltaが不利(-10.7pt)、場特性:1x_diff_course3が不利(-4.5pt) / [除外]6号艇の全国勝率が不利(-15.0pt)、6号艇の直近平均着順が不利(-13.7pt)、天気+0.6pt
111,01,桐生,11,19:58,0.3784593713624533,2,0.41581812603099844,4,0.248218904668164,0.2513110371997951,0.2325056485104068,0.43153138218875564,0.18119355438144152,0.30537714069648325,1-2,1-4,0.15737026657880504,0.08799394157346808,0.09394077062099006,0.030518789576019577,0.008635604423041605,True,False,False,False,予選特選,2026-09-06,1号艇のsession_exh_rel_avg,-0.2736,1号艇のdominance,0.1584,2号艇のsession_exh_rel_avg,-0.1434,6号艇のモーター出走数,-0.1091,場特性:in_escape_diff,-0.0825,2号艇のsession_exh_rel_avg,0.1796,2号艇のwin_rate_rank_2to6,0.1534,2号艇のclass_rank_2to6,0.0894,2号艇のsession_avg_finish,-0.0875,3号艇のモーター出走数,0.0793,4号艇のwin_rate_rank_2to6,0.0958,4号艇の節間得点,0.0681,4号艇のsession_exh_rel_avg,0.062,4号艇の全国勝率,0.0525,4号艇のcumulative_diff_rank_2to6,0.0502,-0.0613,北東 4.3m/s,[逃げ]1号艇のsession_exh_rel_avgが不利(-27.4pt)、1号艇のdominanceが有利(+15.8pt) / [2着]2号艇のsession_exh_rel_avgが有利(+18.0pt)、2号艇のwin_rate_rank_2to6が有利(+15.3pt) / [候補2]4号艇のwin_rate_rank_2to6が有利(+9.6pt)、4号艇の節間得点が有利(+6.8pt) / [除外]6号艇のwin_rate_rank_2to6が不利(-5.5pt)、天気-6.1pt
112,03,江戸川,6,13:29,0.4379979160630625,2,0.31691404801515527,5,0.21607729110522866,0.23344909581438922,0.20824954559901027,0.3247417935213737,0.1751102940657736,0.26083690512648455,1-2,1-5,0.13880769260174733,0.0912128669934462,0.08569624916959491,0.09464140321264186,0.027639705717301594,True,True,False,False,予選,2026-09-06,2号艇のsession_exh_rel_avg,-0.2617,場特性:in_escape_diff,-0.0978,1号艇のdominance,-0.0943,1号艇のsession_exh_rel_avg,0.0927,1号艇の級別順位,-0.0912,2号艇のsession_exh_rel_avg,0.161,2号艇のwin_rate_rank_2to6,-0.1281,1号艇vs3号艇の直近複勝率差,-0.0455,2号艇のclass_rank_2to6,-0.0447,2号艇の全国勝率,0.0383,5号艇のwin_rate_rank_2to6,0.2235,5号艇のclass_rank_2to6,0.1567,5号艇の年齢,0.0971,5号艇のsession_exh_rel_avg,-0.0813,1号艇vs5号艇の勝率差,0.0568,-0.0246,北東 2.8m/s,[逃げ]2号艇のsession_exh_rel_avgが不利(-26.2pt)、場特性:in_escape_diffが不利(-9.8pt) / [2着]2号艇のsession_exh_rel_avgが有利(+16.1pt)、2号艇のwin_rate_rank_2to6が不利(-12.8pt) / [候補2]5号艇のwin_rate_rank_2to6が有利(+22.4pt)、5号艇のclass_rank_2to6が有利(+15.7pt) / [除外]6号艇のwin_rate_rank_2to6が不利(-6.4pt)、天気-2.5pt
113,07,蒲郡,2,15:57,0.3201417909502392,4,0.3455303372557421,3,0.2958439279823183,0.20533070594270642,0.13891827439342,0.5024559908446404,0.1711016811232542,0.29446829141328656,1-4,1-3,0.03802456669049315,0.09471200494601296,0.11061870099669344,0.03231297554225561,0.04447354516002623,True,False,False,False,予選,2026-09-06,1号艇のdominance,-0.2643,1号艇の年齢,-0.1991,1号艇のsession_exh_rel_avg,-0.1455,1号艇のracer_win_te,-0.1361,1号艇の節間得点,0.0985,4号艇のwin_rate_rank_2to6,0.129,4号艇のclass_rank_2to6,0.1,場特性:1x_diff_course4,0.0756,4号艇のモーター2連率,-0.0691,4号艇の全国勝率,0.0682,3号艇のwin_rate_rank_2to6,-0.0897,3号艇の全国勝率,-0.0531,3号艇のcumulative_diff_rank_2to6,0.0428,3号艇のモーター2連率,-0.039,場特性:1x_diff_course3,0.0337,-0.0211,北東 3.5m/s,[逃げ]1号艇のdominanceが不利(-26.4pt)、1号艇の年齢が不利(-19.9pt) / [2着]4号艇のwin_rate_rank_2to6が有利(+12.9pt)、4号艇のclass_rank_2to6が有利(+10.0pt) / [候補2]3号艇のwin_rate_rank_2to6が不利(-9.0pt)、3号艇の全国勝率が不利(-5.3pt) / [除外]2号艇のwin_rate_rank_2to6が不利(-6.9pt)、天気-2.1pt
114,01,桐生,10,19:25,0.3190590640854205,2,0.35014211472523693,3,0.31727946951197805,0.21294690601713445,0.181191117498001,0.486230466739214,0.1666460005743508,0.2949319742337583,1-2,1-3,0.11171601542112403,0.10123089059601043,0.05781066836950365,0.028597592222348145,0.019703897476434248,True,False,False,False,予選特賞,2026-09-06,4号艇のsession_exh_rel_avg,-0.2223,場特性:in_escape_diff,-0.0876,レース時間帯,0.0699,1号艇の級別順位,-0.0692,6号艇の枠別出走数,-0.0673,2号艇のwin_rate_rank_2to6,0.1313,1号艇の直近複勝率,0.0491,2号艇の全国勝率,0.0476,2号艇のcumulative_diff_rank_2to6,-0.045,2号艇のsession_exh_rel_avg,0.0427,3号艇のsession_exh_rel_avg,-0.1371,3号艇のwin_rate_rank_2to6,-0.0702,1号艇の体重,0.0596,1号艇vs3号艇の直近複勝率差,0.0584,3号艇のclass_rank_2to6,0.0532,-0.0267,東 4.2m/s,[逃げ]4号艇のsession_exh_rel_avgが不利(-22.2pt)、場特性:in_escape_diffが不利(-8.8pt) / [2着]2号艇のwin_rate_rank_2to6が有利(+13.1pt)、1号艇の直近複勝率が有利(+4.9pt) / [候補2]3号艇のsession_exh_rel_avgが不利(-13.7pt)、3号艇のwin_rate_rank_2to6が不利(-7.0pt) / [除外]6号艇のwin_rate_rank_2to6が不利(-7.0pt)、6号艇のvs_avg456_diffが不利(-5.0pt)、天気-2.7pt
115,02,戸田,6,13:14,0.27111632712135925,4,0.4165091733949604,2,0.33824328654100716,0.20462571482365038,0.17505271166695174,0.5796997482690158,0.16164137131564835,0.31714792485726,1-4,1-2,0.09170327752045535,0.04745964823977827,0.11292243730319503,0.017015942474140972,0.0020150157132400705,True,True,False,False,一般戦,2026-09-06,1号艇のdominance,-0.158,場特性:in_escape_diff,-0.1485,1号艇の年齢,-0.1201,2号艇のsession_exh_rel_avg,-0.1062,5号艇の平均ST,0.0979,4号艇のwin_rate_rank_2to6,0.1939,4号艇のclass_rank_2to6,0.1516,1号艇vs5号艇の枠別平均ST差,0.0701,4号艇の全国勝率,0.0684,4号艇のsession_exh_rel_avg,0.0614,2号艇のsession_exh_rel_avg,0.1497,2号艇のモーター2連率,0.136,2号艇のclass_rank_2to6,0.0631,2号艇のwin_rate_rank_2to6,0.0558,3号艇のracer_win_te,0.0521,-0.0095,北 2.2m/s,[逃げ]1号艇のdominanceが不利(-15.8pt)、場特性:in_escape_diffが不利(-14.9pt) / [2着]4号艇のwin_rate_rank_2to6が有利(+19.4pt)、4号艇のclass_rank_2to6が有利(+15.2pt) / [候補2]2号艇のsession_exh_rel_avgが有利(+15.0pt)、2号艇のモーター2連率が有利(+13.6pt) / [除外]6号艇のwin_rate_rank_2to6が不利(-10.1pt)、6号艇の直近平均着順が不利(-8.9pt)、天気-1.0pt
116,11,琵琶湖,4,12:03,0.2887017645049049,2,0.4034699326180978,4,0.26526119647007,0.19306385694711142,0.1378729768704422,0.5308581522177257,0.16112191052704647,0.2944021455282957,1-2,1-4,0.11648248147151993,0.03980417170004061,0.07658137547559148,0.0358368992935627,0.019996831186700786,True,True,False,False,予選,2026-09-06,1号艇のdominance,-0.2454,1号艇のvs_max234_diff,-0.1804,1号艇のracer_win_te,-0.1756,1号艇のsession_exh_rel_avg,-0.107,1号艇の全国勝率,-0.0895,3号艇のracer_2nd_te,0.0769,3号艇のracer_win_te,0.0664,2号艇の節間得点,0.0587,ST差分(3-2),-0.053,2号艇のsession_exh_rel_avg,-0.0509,4号艇のwin_rate_rank_2to6,0.1839,4号艇のclass_rank_2to6,0.1024,4号艇の全国勝率,0.0898,4号艇の年齢,0.0542,3号艇のsession_exh_rel_delta,0.0503,0.0254,北東 2.7m/s,[逃げ]1号艇のdominanceが不利(-24.5pt)、1号艇のvs_max234_diffが不利(-18.0pt) / [2着]3号艇のracer_2nd_teが有利(+7.7pt)、3号艇のracer_win_teが有利(+6.6pt) / [候補2]4号艇のwin_rate_rank_2to6が有利(+18.4pt)、4号艇のclass_rank_2to6が有利(+10.2pt) / [除外]3号艇のwin_rate_rank_2to6が不利(-5.8pt)、5号艇のwin_rate_rank_2to6が不利(-5.4pt)、天気+2.5pt
117,14,鳴門,6,10:58,0.36509158233274525,3,0.3661282768888155,2,0.21686488740257243,0.21284589684031693,0.20954473972146642,0.3734484245699215,0.15932501117529338,0.2610266551591983,1-3,1-2,0.0791755448942178,0.13367035194609914,0.05246139483162166,0.07650302059441343,0.023281265986176802,False,False,True,False,予選,2026-09-06,1号艇のdominance,-0.3156,1号艇の女子戦比率,-0.1407,場特性:in_escape_diff,-0.1404,1号艇の全国勝率,-0.0645,1号艇の級別順位,-0.0595,win_rate_gap_top2_2to6,0.0661,3号艇のwin_rate_rank_2to6,0.0508,3号艇のracer_2nd_te,0.0466,3号艇の全国勝率,0.0415,場特性:1x_diff_course3,-0.0414,2号艇のwin_rate_rank_2to6,-0.1471,2号艇の体重,-0.0572,4号艇のモーター出走数,-0.0543,2号艇のsession_exh_rel_avg,0.0478,second_best_win_rate,-0.037,-0.0162,北東 5.5m/s,[逃げ]1号艇のdominanceが不利(-31.6pt)、1号艇の女子戦比率が不利(-14.1pt) / [2着]win_rate_gap_top2_2to6が有利(+6.6pt)、3号艇のwin_rate_rank_2to6が有利(+5.1pt) / [候補2]2号艇のwin_rate_rank_2to6が不利(-14.7pt)、2号艇の体重が不利(-5.7pt) / [除外]4号艇のwin_rate_rank_2to6が不利(-6.4pt)、4号艇のracer_avgfin_teが不利(-6.4pt)、天気-1.6pt
118,07,蒲郡,8,18:43,0.23280772755065482,2,0.6543611398893026,3,0.14745051998260728,0.1866679504583979,0.12485050745639731,0.6769611524155126,0.15870124444970596,0.33375591104553226,1-2,1-3,0.15234032997508468,0.03432762048331322,0.02906616292446994,0.012099204307231727,0.004974414630575286,True,False,False,False,予選,2026-09-06,1号艇のdominance,-0.314,1号艇の年齢,-0.1483,1号艇のsession_exh_rel_avg,0.1214,1号艇のvs_max234_diff,-0.1114,1号艇vs2号艇のcumulative差,-0.0936,2号艇のwin_rate_rank_2to6,0.2038,2号艇のclass_rank_2to6,0.1222,2号艇のモーター2連率,0.1097,2号艇の当地勝率,0.0848,2号艇のsession_exh_rel_avg,0.0776,3号艇のwin_rate_rank_2to6,-0.1485,2号艇の全国勝率,-0.0814,6号艇のsession_rank_diff_delta,-0.0694,3号艇の全国勝率,-0.0636,1号艇のvs_max234_diff,-0.0564,0.0171,北東 5.3m/s,[逃げ]1号艇のdominanceが不利(-31.4pt)、1号艇の年齢が不利(-14.8pt) / [2着]2号艇のwin_rate_rank_2to6が有利(+20.4pt)、2号艇のclass_rank_2to6が有利(+12.2pt) / [候補2]3号艇のwin_rate_rank_2to6が不利(-14.9pt)、2号艇の全国勝率が不利(-8.1pt) / [除外]6号艇のwin_rate_rank_2to6が不利(-7.8pt)、1号艇の体重が不利(-5.8pt)、天気+1.7pt
119,02,戸田,1,10:47,0.2914324990476188,3,0.36724236025393886,4,0.3503129509965952,0.20911893756263508,0.20219399447839925,0.5153613167721348,0.15837982559439331,0.300991651325485,1-3,1-4,0.058925901103260334,0.10702635880495132,0.10209257875768377,0.014107378463769889,0.009280281917953477,False,False,True,False,一般戦,2026-09-06,場特性:in_escape_diff,-0.139,1号艇のsession_exh_rel_avg,-0.137,1号艇のracer_win_te,-0.1176,2号艇の平均ST,-0.1042,1号艇の全国勝率,-0.0819,3号艇のwin_rate_rank_2to6,0.1477,3号艇のsession_exh_rel_avg,0.0643,ST差分(3-2),-0.0509,3号艇のcumulative_diff_rank_2to6,0.0398,3号艇のモーター2連率,-0.0397,4号艇のモーター2連率,0.1183,4号艇のwin_rate_rank_2to6,0.1171,4号艇のclass_rank_2to6,-0.1033,4号艇のsession_exh_rel_avg,0.0861,1号艇vs3号艇の枠別勝率差,0.0653,-0.0025,北 2.2m/s,[逃げ]場特性:in_escape_diffが不利(-13.9pt)、1号艇のsession_exh_rel_avgが不利(-13.7pt) / [2着]3号艇のwin_rate_rank_2to6が有利(+14.8pt)、3号艇のsession_exh_rel_avgが有利(+6.4pt) / [候補2]4号艇のモーター2連率が有利(+11.8pt)、4号艇のwin_rate_rank_2to6が有利(+11.7pt) / [除外]4号艇の女子戦2連率が不利(-7.4pt)、天気影響ほぼなし
120,07,蒲郡,6,17:46,0.21524089994377024,2,0.41987174568428753,4,0.3881851311365345,0.17392688937266604,0.102577806369213,0.7054790704516091,0.15251764283610342,0.33339254369634896,1-2,1-4,0.09037357240204788,0.012661624787356548,0.08355331697061816,0.022078939357167215,0.006573448030250105,True,False,False,False,予選,2026-09-06,1号艇のdominance,-0.2389,1号艇のsession_exh_rel_avg,0.1578,1号艇のracer_win_te,-0.1459,1号艇vs4号艇の枠別勝率差,-0.1099,1号艇の級別順位,-0.0874,2号艇のwin_rate_rank_2to6,0.1679,2号艇のclass_rank_2to6,0.0773,2号艇のsession_exh_rel_avg,0.0564,2号艇の全国勝率,0.05,2号艇の節間得点,0.0498,4号艇のclass_rank_2to6,0.146,4号艇のsession_exh_rel_avg,0.1018,4号艇のwin_rate_rank_2to6,0.0907,3号艇の年齢,0.0893,1号艇の平均ST,0.0725,-0.0477,東 4.8m/s,[逃げ]1号艇のdominanceが不利(-23.9pt)、1号艇のsession_exh_rel_avgが有利(+15.8pt) / [2着]2号艇のwin_rate_rank_2to6が有利(+16.8pt)、2号艇のclass_rank_2to6が有利(+7.7pt) / [候補2]4号艇のclass_rank_2to6が有利(+14.6pt)、4号艇のsession_exh_rel_avgが有利(+10.2pt) / [除外]6号艇のwin_rate_rank_2to6が不利(-7.0pt)、3号艇のwin_rate_rank_2to6が不利(-5.5pt)、天気-4.8pt
121,01,桐生,3,16:06,0.25560833797547344,3,0.5181075335446657,4,0.18689957640434934,0.18020569563495958,0.13923975219792906,0.5657673577510859,0.15009553994911895,0.29587419426979744,1-3,1-4,0.035590841639429424,0.13243260554192385,0.04777309009303575,0.028017677422087748,0.011794119946243277,True,False,False,False,予選,2026-09-06,1号艇vs4号艇の枠別勝率差,-0.1872,1号艇のsession_exh_rel_avg,-0.1433,場×風向,-0.1182,4号艇の枠別勝率,-0.1025,4号艇の直近複勝率,-0.0972,3号艇のwin_rate_rank_2to6,0.1702,max_234_frame_win_rate,-0.0795,6号艇のモーター出走数,0.0788,3号艇のsession_exh_rel_avg,0.0706,3号艇のclass_rank_2to6,0.048,4号艇のclass_rank_2to6,0.1774,1号艇のモーター出走数,0.1304,4号艇のwin_rate_rank_2to6,-0.0986,4号艇のcumulative_diff_rank_2to6,-0.0587,4号艇のsession_exh_rel_avg,0.0545,-0.0799,北東 0.7m/s,[逃げ]1号艇vs4号艇の枠別勝率差が不利(-18.7pt)、1号艇のsession_exh_rel_avgが不利(-14.3pt) / [2着]3号艇のwin_rate_rank_2to6が有利(+17.0pt)、max_234_frame_win_rateが不利(-7.9pt) / [候補2]4号艇のclass_rank_2to6が有利(+17.7pt)、1号艇のモーター出走数が有利(+13.0pt) / [除外]6号艇のsession_exh_rel_avgが不利(-8.5pt)、2号艇のwin_rate_rank_2to6が不利(-7.8pt)、天気-8.0pt
122,03,江戸川,3,12:08,0.29693612189360075,3,0.36350292403327417,2,0.31565574119075923,0.20166674020205874,0.21371529811154685,0.46544336711248646,0.14994761920029853,0.28079972827518707,1-3,1-2,0.09372959164263417,0.10793714855942459,0.0634597918105775,0.007611376658866425,0.024198213498641367,True,True,False,False,予選,2026-09-06,3号艇のsession_exh_rel_last,-0.1185,1号艇の年齢,-0.1107,1号艇のsession_exh_rel_avg,0.102,1号艇のdominance,-0.0839,2号艇のsession_avg_finish,-0.0814,5号艇の体重,-0.1856,5号艇のsession_exh_rel_avg,0.103,3号艇のsession_exh_rel_avg,0.0676,3号艇のwin_rate_rank_2to6,0.0621,3号艇のclass_rank_2to6,0.0408,2号艇のwin_rate_rank_2to6,-0.114,2号艇のsession_exh_rel_avg,-0.0872,3号艇のsession_exh_rel_last,0.0778,2号艇のsession_avg_finish,0.0578,2号艇の節間得点,0.0521,0.0071,北東 2.5m/s,[逃げ]3号艇のsession_exh_rel_lastが不利(-11.8pt)、1号艇の年齢が不利(-11.1pt) / [2着]5号艇の体重が不利(-18.6pt)、5号艇のsession_exh_rel_avgが有利(+10.3pt) / [候補2]2号艇のwin_rate_rank_2to6が不利(-11.4pt)、2号艇のsession_exh_rel_avgが不利(-8.7pt) / [除外]5号艇のracer_avgfin_teが不利(-7.1pt)、天気+0.7pt
123,14,鳴門,2,09:10,0.2742401850287797,3,0.41026014794303955,2,0.24749140506594614,0.18038190760015146,0.16992556042937107,0.4878259925796146,0.14360011151182175,0.2726151330939904,1-3,1-2,0.06787208871831774,0.11250981888183371,0.04660041713326981,0.018607985152855278,0.02864987514250317,False,False,True,False,どーなるなる,2026-09-06,1号艇のdominance,-0.2326,1号艇のracer_win_te,-0.1258,場特性:in_escape_diff,-0.1179,風速区分,-0.1131,1号艇の全国勝率,-0.0843,3号艇のwin_rate_rank_2to6,0.19,3号艇の女子戦比率,-0.0573,5号艇の一般戦2連率,0.0429,2号艇のvs_boat3_diff,0.0412,3号艇のclass_rank_2to6,0.0364,2号艇のwin_rate_rank_2to6,-0.1911,2号艇の全国勝率,-0.135,2号艇の女子戦比率,-0.0752,2号艇の直近平均着順,-0.046,4号艇の女子戦比率,0.0427,-0.0903,北東 7.1m/s,[逃げ]1号艇のdominanceが不利(-23.3pt)、1号艇のracer_win_teが不利(-12.6pt) / [2着]3号艇のwin_rate_rank_2to6が有利(+19.0pt)、3号艇の女子戦比率が不利(-5.7pt) / [候補2]2号艇のwin_rate_rank_2to6が不利(-19.1pt)、2号艇の全国勝率が不利(-13.5pt)、天気-9.0pt
124,01,桐生,5,17:01,0.3221748961490978,4,0.3639720865138768,3,0.2965864728114098,0.21281538525102187,0.27919529531193077,0.38136326401335585,0.14151492005252425,0.26337974887972204,1-4,1-3,0.08994971527243797,0.09555271607724317,0.11726266917377869,0.007193456253016086,0.012216344773499413,True,False,False,False,予選,2026-09-06,1号艇のdominance,-0.282,1号艇のsession_exh_rel_avg,0.1488,1号艇のvs_max234_diff,-0.1226,1号艇のracer_win_te,-0.1014,1号艇の級別順位,-0.096,4号艇のclass_rank_2to6,0.2303,4号艇のwin_rate_rank_2to6,0.2223,4号艇のsession_exh_rel_avg,-0.1371,1号艇のモーター出走数,0.1055,4号艇の全国勝率,0.101,3号艇のsession_exh_rel_avg,0.117,6号艇のモーター出走数,0.0865,3号艇のwin_rate_rank_2to6,0.0854,4号艇のモーター出走数,-0.0718,1号艇のvs_max234_diff,-0.0586,0.0434,北東 0.8m/s,[逃げ]1号艇のdominanceが不利(-28.2pt)、1号艇のsession_exh_rel_avgが有利(+14.9pt) / [2着]4号艇のclass_rank_2to6が有利(+23.0pt)、4号艇のwin_rate_rank_2to6が有利(+22.2pt) / [候補2]3号艇のsession_exh_rel_avgが有利(+11.7pt)、6号艇のモーター出走数が有利(+8.6pt) / [除外]5号艇のracer_avgfin_teが不利(-5.7pt)、天気+4.3pt
125,04,平和島,1,10:55,0.2516932728469793,2,0.36307985867848214,3,0.32361403456878823,0.1728362334354397,0.15352912657635925,0.5331647666709112,0.14099375828333074,0.28093479340608113,1-2,1-3,0.09138475793560588,0.08145147549983381,0.03864224834534201,0.027950934996560182,0.012263855132006894,False,False,True,False,予選,2026-09-06,1号艇のracer_win_te,-0.2864,1号艇のdominance,-0.2489,1号艇のsession_exh_rel_avg,-0.1773,1号艇の年齢,0.1397,1号艇のracer_avgfin_te,0.1085,2号艇の女子戦比率,-0.116,2号艇の体重,-0.0509,3号艇の全国勝率,-0.0454,1号艇の直近複勝率,0.0421,2号艇のsession_exh_rel_avg,0.0378,3号艇のsession_exh_rel_avg,-0.2161,4号艇の枠別平均ST,0.0886,3号艇のwin_rate_rank_2to6,-0.0648,1号艇の女子戦勝率,0.0638,3号艇のracer_2nd_te,-0.0589,-0.1511,北 4.5m/s,[逃げ]1号艇のracer_win_teが不利(-28.6pt)、1号艇のdominanceが不利(-24.9pt) / [2着]2号艇の女子戦比率が不利(-11.6pt)、2号艇の体重が不利(-5.1pt) / [候補2]3号艇のsession_exh_rel_avgが不利(-21.6pt)、4号艇の枠別平均STが有利(+8.9pt) / [除外]6号艇のracer_win_teが不利(-12.3pt)、4号艇のwin_rate_rank_2to6が不利(-5.6pt)、天気-15.1pt
126,14,鳴門,8,12:05,0.21912589532486715,3,0.39957661832208335,2,0.36647804179627674,0.16786241326622245,0.1415448535299843,0.6245098065883758,0.13935034042747388,0.30485663126286844,1-3,1-2,0.08030482902551322,0.08755758424070922,0.009766015137064732,0.031016142758384994,0.0104813229387336,True,True,False,False,予選,2026-09-06,1号艇のdominance,-0.334,1号艇の女子戦比率,-0.1587,場特性:in_escape_diff,-0.1498,1号艇のvs_max234_diff,-0.1358,3号艇の全国2連率,0.0931,3号艇のwin_rate_rank_2to6,0.238,3号艇の当地勝率,0.0941,4号艇の平均ST,0.0556,3号艇の全国勝率,0.0524,1号艇vs3号艇のplace_rate差,-0.0463,2号艇のclass_rank_2to6,0.0935,6号艇の女子戦比率,0.0451,2号艇のwin_rate_rank_2to6,-0.045,2号艇の体重,-0.0449,2号艇のsession_exh_rel_avg,0.044,-0.0613,北東 6.2m/s,[逃げ]1号艇のdominanceが不利(-33.4pt)、1号艇の女子戦比率が不利(-15.9pt) / [2着]3号艇のwin_rate_rank_2to6が有利(+23.8pt)、3号艇の当地勝率が有利(+9.4pt) / [候補2]2号艇のclass_rank_2to6が有利(+9.4pt)、6号艇の女子戦比率が有利(+4.5pt) / [除外]4号艇のracer_avgfin_teが不利(-10.3pt)、4号艇のwin_rate_rank_2to6が不利(-5.8pt)、天気-6.1pt
127,02,戸田,9,14:48,0.18163079811212673,3,0.45078170958317715,2,0.3900557774438702,0.15272198385131763,0.07405829975344408,0.7667791872736034,0.1391495873005158,0.33693914487800336,1-3,1-2,0.07084614216537623,0.08187584168594139,0.013451268091045167,0.005144138920279626,0.01031341029430785,True,True,False,False,戸田特選,2026-09-06,1号艇のdominance,-0.3545,1号艇のvs_max234_diff,-0.1542,場特性:in_escape_diff,-0.1535,1号艇の全国勝率,-0.0835,1号艇の級別順位,-0.0769,3号艇のwin_rate_rank_2to6,0.1839,3号艇の当地勝率,0.0928,3号艇のsession_exh_rel_avg,0.0673,4号艇の女子戦勝率,0.0597,3号艇のclass_rank_2to6,0.045,2号艇のclass_rank_2to6,0.0709,2号艇のsession_exh_rel_avg,-0.0657,2号艇の全国勝率,0.0577,2号艇のwin_rate_rank_2to6,-0.0414,1号艇vs3号艇の直近複勝率差,-0.0342,-0.029,北東 2.6m/s,[逃げ]1号艇のdominanceが不利(-35.4pt)、1号艇のvs_max234_diffが不利(-15.4pt) / [2着]3号艇のwin_rate_rank_2to6が有利(+18.4pt)、3号艇の当地勝率が有利(+9.3pt) / [候補2]2号艇のclass_rank_2to6が有利(+7.1pt)、2号艇のsession_exh_rel_avgが不利(-6.6pt)、天気-2.9pt
128,04,平和島,3,11:53,0.2158216276656712,3,0.5301221181687288,2,0.2248579891409257,0.16294103561477274,0.143401748164303,0.6115783591453514,0.1349018003889403,0.29753223267394635,1-3,1-2,0.0485292172100244,0.11441181840474833,0.030949198698922552,0.012009060638643702,0.009922334723327736,True,True,False,False,予選,2026-09-06,1号艇の女子戦比率,-0.2311,1号艇のdominance,-0.2146,1号艇のsession_exh_rel_avg,0.1297,1号艇の体重,-0.1103,1号艇の直近1着率,-0.1033,3号艇のwin_rate_rank_2to6,0.1604,風向(度),0.066,3号艇の女子戦比率,-0.0647,1号艇のsession_exh_rel_last,0.0637,6号艇のsession_exh_rel_last,0.052,2号艇のwin_rate_rank_2to6,0.076,2号艇の体重,-0.0691,2号艇のsession_avg_finish,-0.0688,2号艇のcumulative_diff_rank_2to6,-0.0435,2号艇のモーター2連率,-0.0433,0.0045,北 4.3m/s,[逃げ]1号艇の女子戦比率が不利(-23.1pt)、1号艇のdominanceが不利(-21.5pt) / [2着]3号艇のwin_rate_rank_2to6が有利(+16.0pt)、風向(度)が有利(+6.6pt) / [候補2]2号艇のwin_rate_rank_2to6が有利(+7.6pt)、2号艇の体重が不利(-6.9pt) / [除外]6号艇のwin_rate_rank_2to6が不利(-7.1pt)、6号艇のvs_avg456_diffが不利(-6.2pt)、天気+0.4pt
129,14,鳴門,10,13:09,0.27966821441165224,4,0.4163335439431186,2,0.2817881197919444,0.19524243913887698,0.26175532882624986,0.43636633490881316,0.133915540509714,0.2675796078698578,1-4,1-2,0.07880718030462985,0.07320464542557219,0.11643525883424713,0.006539055612138716,0.004682070718836528,True,True,False,False,特賞,2026-09-06,1号艇の女子戦比率,-0.1875,1号艇のdominance,-0.1486,場特性:in_escape_diff,-0.1441,風速区分,-0.0899,レース時間帯,0.0878,4号艇のwin_rate_rank_2to6,0.2092,4号艇のclass_rank_2to6,0.1869,1号艇の一般戦2連率,0.1658,4号艇のcumulative_diff_rank_2to6,0.0519,6号艇のvs_avg456_diff,0.047,2号艇のclass_rank_2to6,0.0561,2号艇の当地勝率,-0.0523,1号艇の直近複勝率,0.05,2号艇のsession_exh_rel_avg,0.0474,2号艇のモーター2連率,-0.0474,0.0232,北 6.5m/s,[逃げ]1号艇の女子戦比率が不利(-18.7pt)、1号艇のdominanceが不利(-14.9pt) / [2着]4号艇のwin_rate_rank_2to6が有利(+20.9pt)、4号艇のclass_rank_2to6が有利(+18.7pt) / [候補2]2号艇のclass_rank_2to6が有利(+5.6pt)、2号艇の当地勝率が不利(-5.2pt) / [除外]6号艇のracer_win_teが不利(-17.9pt)、6号艇の直近平均着順が不利(-11.9pt)、天気+2.3pt
130,14,鳴門,11,13:49,0.30808017776164454,3,0.2916515769773899,4,0.2775349704812769,0.1753550927206028,0.2221710458645995,0.34701550159406735,0.12860450350369865,0.22685321538264214,1-3,1-4,0.05404028945632714,0.08985206967965824,0.08550302304094455,0.0684464953034563,0.010238297412038062,True,True,False,False,特選,2026-09-06,場特性:in_escape_diff,-0.1712,1号艇の女子戦比率,-0.135,レース時間帯,0.1129,1号艇のdominance,-0.0953,1号艇のracer_win_te,-0.0841,3号艇のwin_rate_rank_2to6,-0.0775,3号艇の女子戦比率,-0.0563,3号艇の当地勝率,0.0549,3号艇のcumulative_diff_rank_2to6,0.046,3号艇の全国勝率,0.0453,4号艇のwin_rate_rank_2to6,0.0834,1号艇の平均ST,0.079,2号艇の一般戦2連率,0.0714,5号艇のrecent_4to6_rate,0.0562,4号艇のcumulative_diff_rank_2to6,0.0545,0.0647,北 6.9m/s,[逃げ]場特性:in_escape_diffが不利(-17.1pt)、1号艇の女子戦比率が不利(-13.5pt) / [2着]3号艇のwin_rate_rank_2to6が不利(-7.8pt)、3号艇の女子戦比率が不利(-5.6pt) / [候補2]4号艇のwin_rate_rank_2to6が有利(+8.3pt)、1号艇の平均STが有利(+7.9pt) / [除外]6号艇のvs_avg456_diffが不利(-6.7pt)、6号艇のwin_rate_rank_2to6が不利(-6.3pt)、天気+6.5pt
131,03,江戸川,2,11:41,0.2564926104724231,2,0.38822256104206,3,0.23752956389701335,0.1605007960342888,0.16935529346523648,0.4563968314738369,0.12788280473773955,0.24926960666615322,1-2,1-3,0.09957621812596759,0.06092457790832118,0.0434383813182218,0.032713612811159476,0.019839815531205885,True,True,False,False,予選,2026-09-06,1号艇のsession_exh_rel_avg,-0.2244,1号艇のdominance,-0.2195,1号艇のracer_win_te,-0.1392,1号艇の級別順位,-0.0872,2号艇のsession_exh_rel_avg,-0.0789,2号艇のsession_exh_rel_avg,0.1508,2号艇のwin_rate_rank_2to6,0.0828,2号艇のモーター2連率,0.0493,2号艇の全国勝率,0.0478,2号艇のclass_rank_2to6,-0.0438,3号艇のsession_exh_rel_avg,-0.1387,3号艇のwin_rate_rank_2to6,-0.113,3号艇のモーター2連率,0.1129,風向(度),0.0763,3号艇の全国勝率,-0.0608,-0.0018,北 2.3m/s,[逃げ]1号艇のsession_exh_rel_avgが不利(-22.4pt)、1号艇のdominanceが不利(-22.0pt) / [2着]2号艇のsession_exh_rel_avgが有利(+15.1pt)、2号艇のwin_rate_rank_2to6が有利(+8.3pt) / [候補2]3号艇のsession_exh_rel_avgが不利(-13.9pt)、3号艇のwin_rate_rank_2to6が不利(-11.3pt)、天気影響ほぼなし
132,11,琵琶湖,3,11:36,0.20513035947699948,3,0.5369443593858111,5,0.17054655436904398,0.14512786546524425,0.16924294541097967,0.5382479683438754,0.11565362457018864,0.2630638963288336,1-3,1-5,0.03471686623110046,0.11014358945995863,0.02020727864235586,0.03498427600528563,0.0050783464637034256,True,True,False,False,予選,2026-09-06,1号艇のdominance,-0.3677,1号艇のsession_exh_rel_avg,-0.2953,1号艇のracer_win_te,-0.199,1号艇のvs_max234_diff,-0.1487,1号艇の年齢,0.0936,3号艇のwin_rate_rank_2to6,0.1717,3号艇のsession_exh_rel_avg,0.0958,3号艇のモーター2連率,0.077,3号艇の節間得点,0.0618,2号艇のracer_win_te,0.0513,5号艇のwin_rate_rank_2to6,0.1237,5号艇のsession_exh_rel_avg,0.1082,5号艇のモーター2連率,0.0972,1号艇のsession_rank_diff_last,-0.0799,5号艇の年齢,0.0756,0.0511,北東 2.6m/s,[逃げ]1号艇のdominanceが不利(-36.8pt)、1号艇のsession_exh_rel_avgが不利(-29.5pt) / [2着]3号艇のwin_rate_rank_2to6が有利(+17.2pt)、3号艇のsession_exh_rel_avgが有利(+9.6pt) / [候補2]5号艇のwin_rate_rank_2to6が有利(+12.4pt)、5号艇のsession_exh_rel_avgが有利(+10.8pt) / [除外]1号艇vs3号艇の直近複勝率差が不利(-7.0pt)、4号艇のwin_rate_rank_2to6が不利(-5.8pt)、天気+5.1pt
133,04,平和島,6,13:22,0.1464347466580888,2,0.6518124451243414,3,0.1976064642838023,0.12438444280577161,0.08398316752424911,0.7654357418838946,0.11184900340869063,0.3166998325292085,1-2,1-3,0.09544799027037236,0.028936452535399265,0.012298053859957251,0.008799923937336125,0.0009523236684090872,True,True,False,False,予選,2026-09-06,1号艇のdominance,-0.3879,1号艇のvs_max234_diff,-0.1712,1号艇のracer_win_te,-0.1696,1号艇の女子戦比率,-0.1643,1号艇のsession_exh_rel_avg,-0.1549,2号艇のwin_rate_rank_2to6,0.2107,2号艇のclass_rank_2to6,0.1125,2号艇の当地勝率,0.078,2号艇のsession_exh_rel_avg,-0.0617,2号艇の全国勝率,0.0532,1号艇のvs_max234_diff,-0.0781,3号艇のwin_rate_rank_2to6,0.0575,3号艇の節間得点,-0.0507,3号艇の全国勝率,0.0451,3号艇のcumulative_diff_rank_2to6,-0.0449,-0.0448,北東 5.5m/s,[逃げ]1号艇のdominanceが不利(-38.8pt)、1号艇のvs_max234_diffが不利(-17.1pt) / [2着]2号艇のwin_rate_rank_2to6が有利(+21.1pt)、2号艇のclass_rank_2to6が有利(+11.2pt) / [候補2]1号艇のvs_max234_diffが不利(-7.8pt)、3号艇のwin_rate_rank_2to6が有利(+5.7pt) / [除外]6号艇の全国勝率が不利(-15.7pt)、6号艇の直近平均着順が不利(-14.7pt)、天気-4.5pt
134,14,鳴門,5,10:28,0.16350991657906322,2,0.45089385826591766,4,0.2935661662258283,0.12172659650109274,0.15424391121397518,0.5902161132777708,0.09919589288938002,0.26227345153409615,1-2,1-4,0.07372561715107215,0.025220409055425518,0.048000979350020595,0.014885336080328921,0.0016775744853746064,False,False,True,False,予選,2026-09-06,1号艇のdominance,-0.271,1号艇のracer_win_te,-0.27,1号艇のvs_max234_diff,-0.1558,1号艇の女子戦比率,-0.152,場特性:in_escape_diff,-0.1323,2号艇のwin_rate_rank_2to6,0.1832,1号艇vs2号艇のplace_rate差,-0.0803,2号艇の体重,-0.0565,3号艇のracer_2nd_te,0.0555,4号艇のモーター出走数,-0.054,4号艇のclass_rank_2to6,0.1631,4号艇のwin_rate_rank_2to6,0.0978,4号艇の女子戦比率,-0.0574,4号艇のcumulative_diff_rank_2to6,0.0514,4号艇のracer_win_te,0.0508,-0.0734,北東 6.0m/s,[逃げ]1号艇のdominanceが不利(-27.1pt)、1号艇のracer_win_teが不利(-27.0pt) / [2着]2号艇のwin_rate_rank_2to6が有利(+18.3pt)、1号艇vs2号艇のplace_rate差が不利(-8.0pt) / [候補2]4号艇のclass_rank_2to6が有利(+16.3pt)、4号艇のwin_rate_rank_2to6が有利(+9.8pt) / [除外]6号艇のvs_avg456_diffが不利(-15.2pt)、6号艇の全国勝率が不利(-13.7pt)、天気-7.3pt
135,11,琵琶湖,2,11:05,0.23353850841924834,3,0.3022104646910875,5,0.2543433433543619,0.12997674618598687,0.2380471204689844,0.3185066875764649,0.09284803799698421,0.18653572860313028,1-3,1-5,0.05559316944782374,0.07057778115264449,0.03749982585251979,0.05939896503334241,0.010468767367917273,True,True,False,False,予選,2026-09-06,1号艇のdominance,-0.4481,1号艇の全国2連率,-0.1808,1号艇のracer_win_te,-0.1681,1号艇のvs_max234_diff,-0.1641,1号艇の年齢,0.1134,3号艇のsession_exh_rel_avg,-0.1192,3号艇のwin_rate_rank_2to6,0.049,3号艇のcumulative_diff_rank_2to6,-0.0478,3号艇の当地勝率,-0.0439,3号艇のsession_exh_rel_last,-0.0401,5号艇のwin_rate_rank_2to6,0.2552,5号艇のclass_rank_2to6,0.1809,1号艇のracer_2nd_te,-0.1051,5号艇のsession_exh_rel_avg,0.099,1号艇のracer_avgfin_te,-0.0896,0.0129,北東 2.7m/s,[逃げ]1号艇のdominanceが不利(-44.8pt)、1号艇の全国2連率が不利(-18.1pt) / [2着]3号艇のsession_exh_rel_avgが不利(-11.9pt)、3号艇のwin_rate_rank_2to6が有利(+4.9pt) / [候補2]5号艇のwin_rate_rank_2to6が有利(+25.5pt)、5号艇のclass_rank_2to6が有利(+18.1pt) / [除外]6号艇のwin_rate_rank_2to6が不利(-7.6pt)、6号艇のvs_avg456_diffが不利(-6.1pt)、天気+1.3pt
136,01,桐生,1,15:19,0.13432583008165644,2,0.4889932215440971,4,0.32486505657075226,0.10932218877660474,0.1522360903239272,0.6616221877909221,0.0893508496505992,0.2750121884808999,1-2,1-4,0.06568442038821416,0.020449239201147548,0.04363776838839058,0.003919269474855481,0.0006351310027398452,True,False,False,False,予選,2026-09-06,1号艇のdominance,-0.4343,1号艇のracer_win_te,-0.2094,1号艇のvs_max234_diff,-0.1581,1号艇の直近1着率,-0.1387,1号艇の級別順位,-0.0965,3号艇のモーター出走数,0.0983,2号艇のsession_exh_rel_avg,0.0857,2号艇のclass_rank_2to6,0.0656,1号艇の直近複勝率,0.049,勝率の分散(2-6号艇),0.0488,4号艇のwin_rate_rank_2to6,0.1517,4号艇のsession_exh_rel_avg,-0.1308,4号艇のclass_rank_2to6,0.0961,4号艇の節間得点,0.0515,1号艇のモーター出走数,0.0475,0.047,西 1.1m/s,[逃げ]1号艇のdominanceが不利(-43.4pt)、1号艇のracer_win_teが不利(-20.9pt) / [2着]3号艇のモーター出走数が有利(+9.8pt)、2号艇のsession_exh_rel_avgが有利(+8.6pt) / [候補2]4号艇のwin_rate_rank_2to6が有利(+15.2pt)、4号艇のsession_exh_rel_avgが不利(-13.1pt) / [除外]6号艇のvs_avg456_diffが不利(-14.9pt)、6号艇の全国勝率が不利(-14.1pt)、天気+4.7pt
137,10,三国,9,12:25,0.17798488882622682,2,0.3837901382941412,5,0.22795612139350835,0.10888159002036638,0.1834761205483017,0.4282701391393478,0.08490898393708536,0.2046981547560608,1-2,1-5,0.06830884509688494,0.03265597691805687,0.0324109020512407,0.040572744923481445,0.004036417018619993,True,True,False,False,予選特賞,2026-09-06,1号艇のdominance,-0.313,1号艇のracer_win_te,-0.214,1号艇vs2号艇のcumulative差,-0.1269,5号艇の節間得点,-0.0927,1号艇の節間得点,-0.0902,2号艇のsession_exh_rel_avg,0.0823,2号艇の節間得点,0.0735,2号艇の全国勝率,0.0603,3号艇のracer_2nd_te,0.0527,1号艇のracer_avgfin_te,-0.0454,5号艇のwin_rate_rank_2to6,0.2218,5号艇のclass_rank_2to6,0.1794,場特性:1x_diff_course5,-0.1182,1号艇vs2号艇のcumulative差,0.107,5号艇のsession_exh_rel_avg,0.0973,0.0809,東 1.4m/s,[逃げ]1号艇のdominanceが不利(-31.3pt)、1号艇のracer_win_teが不利(-21.4pt) / [2着]2号艇のsession_exh_rel_avgが有利(+8.2pt)、2号艇の節間得点が有利(+7.4pt) / [候補2]5号艇のwin_rate_rank_2to6が有利(+22.2pt)、5号艇のclass_rank_2to6が有利(+17.9pt) / [除外]6号艇のwin_rate_rank_2to6が不利(-6.7pt)、6号艇のvs_avg456_diffが不利(-5.9pt)、天気+8.1pt
138,01,桐生,4,16:33,0.14288574581120167,2,0.46018222943411646,3,0.2778321529356088,0.10545173544429157,0.18844575448439096,0.5495686278853343,0.08160541722730608,0.23868680317660437,1-2,1-3,0.06575348106175526,0.03969825438253631,0.026926212174456805,0.006577615962243681,0.003930185956245802,True,False,False,False,予選,2026-09-06,1号艇のsession_exh_rel_avg,-0.1635,1号艇vs4号艇の枠別勝率差,-0.162,1号艇の年齢,-0.1607,3号艇のsession_exh_rel_avg,-0.1438,1号艇のsession_exh_rel_last,-0.0975,2号艇のwin_rate_rank_2to6,0.1334,2号艇のsession_exh_rel_avg,0.0802,3号艇のモーター出走数,0.0664,local_win_rateの分散(2-6号艇),0.0566,2号艇のclass_rank_2to6,0.0559,3号艇のsession_exh_rel_avg,0.1424,6号艇のモーター出走数,0.0931,1号艇のsession_exh_rel_avg,0.0757,3号艇のモーター2連率,0.0703,3号艇のracer_win_te,-0.0688,0.0266,北東 0.5m/s,[逃げ]1号艇のsession_exh_rel_avgが不利(-16.3pt)、1号艇vs4号艇の枠別勝率差が不利(-16.2pt) / [2着]2号艇のwin_rate_rank_2to6が有利(+13.3pt)、2号艇のsession_exh_rel_avgが有利(+8.0pt) / [候補2]3号艇のsession_exh_rel_avgが有利(+14.2pt)、6号艇のモーター出走数が有利(+9.3pt) / [除外]6号艇のwin_rate_rank_2to6が不利(-8.4pt)、6号艇のsession_avg_finishが不利(-5.7pt)、天気+2.7pt
139,04,平和島,2,11:24,0.15152278939462668,2,0.39231464733535015,3,0.2657316640230052,0.09970901264786301,0.15838634283453953,0.4996599685238158,0.08075795761473757,0.21969429941064883,1-2,1-3,0.0594446096846215,0.04026440296324151,0.019593743949925697,0.023999140468303072,0.0082208945864004,True,True,False,False,予選,2026-09-06,1号艇のdominance,-0.2499,1号艇のracer_win_te,-0.1871,1号艇のsession_exh_rel_avg,-0.1445,1号艇の女子戦比率,-0.1402,1号艇の全国2連率,-0.1251,2号艇のwin_rate_rank_2to6,0.0676,2号艇のclass_rank_2to6,-0.0527,2号艇のsession_exh_rel_avg,0.0497,2号艇のracer_avgfin_te,-0.0453,全艇平均勝率,0.0419,3号艇のwin_rate_rank_2to6,-0.1468,3号艇の女子戦勝率,0.1397,2号艇の枠別平均ST,0.0851,3号艇の全国勝率,-0.0829,3号艇のracer_win_te,-0.074,-0.0836,北 4.5m/s,[逃げ]1号艇のdominanceが不利(-25.0pt)、1号艇のracer_win_teが不利(-18.7pt) / [2着]2号艇のwin_rate_rank_2to6が有利(+6.8pt)、2号艇のclass_rank_2to6が不利(-5.3pt) / [候補2]3号艇のwin_rate_rank_2to6が不利(-14.7pt)、3号艇の女子戦勝率が有利(+14.0pt) / [除外]6号艇のsession_exh_rel_avgが不利(-5.9pt)、4号艇のwin_rate_rank_2to6が不利(-5.2pt)、天気-8.4pt
140,01,桐生,2,15:43,0.20484590276070536,3,0.264053586267205,5,0.2085634543932992,0.09681366435419397,0.1997729542102655,0.2728440864502387,0.07360476227104389,0.1496227909830074,1-3,1-5,0.03716444769013944,0.054090295256107396,0.029945122616438863,0.04272336909808658,0.04092267115237489,True,False,False,False,予選,2026-09-06,1号艇のdominance,-0.3402,1号艇のsession_exh_rel_avg,-0.1485,5号艇の節間得点,-0.1337,1号艇のvs_max234_diff,-0.1192,1号艇の年齢,-0.0935,4号艇のモーター出走数,-0.1154,3号艇のsession_exh_rel_avg,0.0825,6号艇のモーター出走数,0.0765,3号艇のwin_rate_rank_2to6,-0.0684,3号艇のsession_exh_rel_last,0.0587,5号艇のwin_rate_rank_2to6,0.2363,5号艇のclass_rank_2to6,0.1564,5号艇のsession_exh_rel_avg,0.0707,2号艇のモーター出走数,-0.0706,1号艇vs6号艇の直近複勝率差,0.0649,-0.0048,北西 0.6m/s,[逃げ]1号艇のdominanceが不利(-34.0pt)、1号艇のsession_exh_rel_avgが不利(-14.9pt) / [2着]4号艇のモーター出走数が不利(-11.5pt)、3号艇のsession_exh_rel_avgが有利(+8.3pt) / [候補2]5号艇のwin_rate_rank_2to6が有利(+23.6pt)、5号艇のclass_rank_2to6が有利(+15.6pt) / [除外]2号艇のwin_rate_rank_2to6が不利(-5.1pt)、天気-0.5pt
141,01,桐生,9,18:54,0.09371792796398082,4,0.410486618338868,3,0.2957506594288273,0.06618709432331078,0.14554847270041107,0.5606888050672842,0.05462697773382766,0.2145376075465028,1-4,1-3,0.013640501279804554,0.027717138995650658,0.03846995532766012,0.007931000077599063,0.005959331235886952,True,False,False,False,予選特賞,2026-09-06,1号艇のdominance,-0.27,6号艇の枠別出走数,-0.2524,1号艇のracer_win_te,-0.1923,3号艇のsession_exh_rel_delta,0.1319,1号艇のvs_max234_diff,-0.1274,1号艇のモーター出走数,0.1575,4号艇のwin_rate_rank_2to6,-0.0995,2号艇のsession_exh_rel_avg,0.0755,6号艇の直近1着率,0.0725,4号艇のsession_exh_rel_avg,0.0603,1号艇vs6号艇のplace_rate差,0.0839,4号艇のモーター出走数,-0.0756,6号艇のモーター出走数,0.0717,3号艇のsession_exh_rel_last,0.0701,3号艇のwin_rate_rank_2to6,0.0699,-0.0366,北東 4.2m/s,[逃げ]1号艇のdominanceが不利(-27.0pt)、6号艇の枠別出走数が不利(-25.2pt) / [2着]1号艇のモーター出走数が有利(+15.8pt)、4号艇のwin_rate_rank_2to6が不利(-9.9pt) / [候補2]1号艇vs6号艇のplace_rate差が有利(+8.4pt)、4号艇のモーター出走数が不利(-7.6pt) / [除外]1号艇のsession_exh_rel_deltaが不利(-6.9pt)、天気-3.7pt
142,10,三国,7,11:19,0.09193401543417269,3,0.4819774959195706,2,0.2175787226880554,0.06431301219854497,0.1397842769080358,0.5597719416995903,0.05352507471140342,0.21295069104885855,1-3,1-2,0.020002885649751265,0.04431012654879371,0.01047685220558782,0.012850929870718033,0.004293218590715143,True,True,False,False,予選,2026-09-06,1号艇のdominance,-0.3912,1号艇のracer_win_te,-0.3506,1号艇のvs_max234_diff,-0.1522,1号艇の全国2連率,-0.1178,1号艇の年齢,-0.1117,3号艇のwin_rate_rank_2to6,0.1583,3号艇の節間得点,0.0949,1号艇vs3号艇のcumulative差,0.0873,1号艇のvs_max234_diff,-0.0786,2号艇のvs_boat3_diff,0.0549,2号艇のwin_rate_rank_2to6,-0.1536,1号艇vs3号艇の直近複勝率差,0.1401,3号艇の女子戦2連率,0.0634,2号艇のclass_rank_2to6,-0.0615,1号艇の直近複勝率,0.0554,0.0108,北東 3.9m/s,[逃げ]1号艇のdominanceが不利(-39.1pt)、1号艇のracer_win_teが不利(-35.1pt) / [2着]3号艇のwin_rate_rank_2to6が有利(+15.8pt)、3号艇の節間得点が有利(+9.5pt) / [候補2]2号艇のwin_rate_rank_2to6が不利(-15.4pt)、1号艇vs3号艇の直近複勝率差が有利(+14.0pt) / [除外]1号艇vs3号艇の直近複勝率差が不利(-9.4pt)、4号艇のwin_rate_rank_2to6が不利(-5.9pt)、天気+1.1pt
143,03,江戸川,8,14:24,0.11523900564806958,2,0.33663368582958697,4,0.2538155275226237,0.06804278023239364,0.20091993392011434,0.38952927943209636,0.05163739914275357,0.16448872999230446,1-2,1-4,0.03879333122264625,0.02315381339982982,0.02924944900974739,0.01160650864692912,0.012435903798215749,True,True,False,False,予選,2026-09-06,1号艇のdominance,-0.5296,1号艇のvs_max234_diff,-0.3133,1号艇のracer_win_te,-0.254,1号艇の全国2連率,-0.239,1号艇の直近1着率,-0.1181,2号艇のwin_rate_rank_2to6,-0.141,2号艇のsession_exh_rel_avg,-0.0977,2号艇のsession_exh_rel_last,0.0675,6号艇のsession_rank_diff_delta,-0.0671,1号艇のracer_win_te,0.0481,1号艇の平均ST,0.0955,4号艇のsession_exh_rel_avg,0.0814,1号艇の一般戦2連率,0.0784,4号艇の年齢,0.0746,4号艇のwin_rate_rank_2to6,-0.0598,-0.011,北東 3.1m/s,[逃げ]1号艇のdominanceが不利(-53.0pt)、1号艇のvs_max234_diffが不利(-31.3pt) / [2着]2号艇のwin_rate_rank_2to6が不利(-14.1pt)、2号艇のsession_exh_rel_avgが不利(-9.8pt) / [候補2]1号艇の平均STが有利(+9.5pt)、4号艇のsession_exh_rel_avgが有利(+8.1pt) / [除外]1号艇vs3号艇の直近複勝率差が不利(-7.9pt)、win_rate_range_1to6が不利(-5.3pt)、天気-1.1pt
144,04,平和島,8,14:24,0.10318159336701765,2,0.30562896344483015,6,0.24694192011781335,0.057015144214214344,0.21680643592230356,0.33576444764033997,0.042181643961398396,0.14063993524205204,1-2,1-6,0.031535283427347564,0.009208685228468306,0.014587331566791678,0.022370433510687494,0.025479860786866773,True,True,False,False,予選,2026-09-06,1号艇のdominance,-0.4898,1号艇のracer_win_te,-0.2603,1号艇の全国2連率,-0.2278,1号艇のvs_max234_diff,-0.1832,1号艇のsession_exh_rel_avg,-0.1469,2号艇の女子戦比率,-0.1354,2号艇のclass_rank_2to6,0.0792,1号艇の枠別平均ST,-0.0711,2号艇の全国勝率,0.0466,1号艇の女子戦2連率,0.0434,6号艇のwin_rate_rank_2to6,0.2785,win_rate_range_1to6,-0.2061,1号艇vs5号艇の直近複勝率差,0.1567,勝率の分散(2-6号艇),-0.1468,6号艇のclass_rank_2to6,0.1354,-0.159,北東 6.5m/s,[逃げ]1号艇のdominanceが不利(-49.0pt)、1号艇のracer_win_teが不利(-26.0pt) / [2着]2号艇の女子戦比率が不利(-13.5pt)、2号艇のclass_rank_2to6が有利(+7.9pt) / [候補2]6号艇のwin_rate_rank_2to6が有利(+27.9pt)、win_rate_range_1to6が不利(-20.6pt) / [除外]3号艇のsession_exh_rel_avgが不利(-5.3pt)、4号艇のwin_rate_rank_2to6が不利(-5.2pt)、天気-15.9pt
