rank,venue_code,venue_name,race_no,closing_time,in_escape_prob,second_pred_1,second_pred_1_prob,second_pred_2,second_pred_2_prob,confidence_score,third_prob,top2_margin,adjusted_score,score_margin_blend,ticket_1,ticket_2,score_boat2,score_boat3,score_boat4,score_boat5,score_boat6,is_teppan,is_lunch,is_excluded,is_channel_target,race_grade,race_date,top_feat_1,top_feat_1_contrib,top_feat_2,top_feat_2_contrib,top_feat_3,top_feat_3_contrib,top_feat_4,top_feat_4_contrib,top_feat_5,top_feat_5_contrib,s2_top_feat_1,s2_top_feat_1_contrib,s2_top_feat_2,s2_top_feat_2_contrib,s2_top_feat_3,s2_top_feat_3_contrib,s2_top_feat_4,s2_top_feat_4_contrib,s2_top_feat_5,s2_top_feat_5_contrib,s2_top2_feat_1,s2_top2_feat_1_contrib,s2_top2_feat_2,s2_top2_feat_2_contrib,s2_top2_feat_3,s2_top2_feat_3_contrib,s2_top2_feat_4,s2_top2_feat_4_contrib,s2_top2_feat_5,s2_top2_feat_5_contrib,weather_contribution,wind_info,reason_text
1,19,下関,7,18:18,0.884156498951244,2,0.6904291490839758,3,0.11819518191326964,0.7149504574613165,0.09662599902509944,0.7119983319721459,0.6320510948145346,0.7140648198145652,1-2,1-3,0.6104474192279745,0.10450303823334188,0.08247227011212989,0.08543250500569824,0.0013012767165004701,True,False,False,False,ふく～る戦,2026-08-24,1号艇のdominance,0.2606,1号艇のsession_exh_rel_avg,0.1573,1号艇のracer_win_te,0.1518,1号艇の勝率順位,0.0898,場特性:in_escape_diff,0.0741,2号艇のwin_rate_rank_2to6,0.2055,2号艇のclass_rank_2to6,0.1023,2号艇のモーター2連率,0.0661,2号艇の全国勝率,0.0529,1号艇vs4号艇の勝率差,0.032,3号艇のsession_exh_rel_avg,-0.1014,3号艇のwin_rate_rank_2to6,-0.0969,3号艇の節間得点,-0.0799,1号艇vs3号艇のcumulative差,-0.0744,3号艇の当地勝率,-0.057,0.0167,東 2.3m/s,[逃げ]1号艇のdominanceが有利(+26.1pt)、1号艇のsession_exh_rel_avgが有利(+15.7pt) / [2着]2号艇のwin_rate_rank_2to6が有利(+20.5pt)、2号艇のclass_rank_2to6が有利(+10.2pt) / [候補2]3号艇のsession_exh_rel_avgが不利(-10.1pt)、3号艇のwin_rate_rank_2to6が不利(-9.7pt) / [除外]6号艇の直近平均着順が不利(-20.6pt)、6号艇の全国勝率が不利(-17.9pt)、天気+1.7pt
2,03,江戸川,10,15:22,0.7578099547999937,2,0.5566473768902152,3,0.24364950747587588,0.6064729457680432,0.10111527753624759,0.6991816068298434,0.5328845294925697,0.6342855440865833,1-2,1-3,0.421832923520709,0.18464002224733422,0.0766261638993326,0.04655876728778571,0.0281520891370805,True,False,False,False,予選特賞,2026-08-24,1号艇のdominance,0.3269,1号艇のracer_win_te,0.1975,場特性:in_escape_diff,-0.1302,2号艇のsession_exh_rel_avg,-0.1181,1号艇のsession_exh_rel_avg,0.1105,2号艇のsession_exh_rel_avg,0.1635,2号艇のwin_rate_rank_2to6,0.0623,2号艇のsession_exh_rel_last,0.0512,1号艇の一般戦勝率,-0.0504,2号艇の全国勝率,0.0439,3号艇のwin_rate_rank_2to6,0.1625,4号艇のsession_exh_rel_delta,-0.0901,3号艇のsession_exh_rel_avg,-0.0559,3号艇のsession_exh_rel_last,-0.0494,1号艇vs5号艇のplace_rate差,0.0473,0.0778,南 1.8m/s,[逃げ]1号艇のdominanceが有利(+32.7pt)、1号艇のracer_win_teが有利(+19.7pt) / [2着]2号艇のsession_exh_rel_avgが有利(+16.3pt)、2号艇のwin_rate_rank_2to6が有利(+6.2pt) / [候補2]3号艇のwin_rate_rank_2to6が有利(+16.2pt)、4号艇のsession_exh_rel_deltaが不利(-9.0pt) / [除外]5号艇のracer_avgfin_teが不利(-7.6pt)、天気+7.8pt
3,19,下関,11,20:16,0.715645512619356,2,0.6351158550749619,3,0.19100198856402018,0.5912075276950164,0.09052924187620887,0.7355886017627733,0.5269816445665313,0.6345218499153434,1-2,1-3,0.45451781167780175,0.1366897160172146,0.045360135862358555,0.06478684570954117,0.014291013349892244,False,False,False,False,選抜戦,2026-08-24,1号艇のracer_win_te,0.1817,1号艇の年齢,-0.1576,1号艇のdominance,0.1427,2号艇のsession_exh_rel_avg,-0.1111,1号艇のsession_exh_rel_avg,0.0952,2号艇のwin_rate_rank_2to6,0.2114,2号艇のsession_exh_rel_avg,0.1554,2号艇のclass_rank_2to6,0.1025,2号艇の節間得点,0.0707,2号艇の当地勝率,0.0629,3号艇のwin_rate_rank_2to6,-0.13,3号艇の全国勝率,-0.0524,3号艇の女子戦勝率,0.049,1号艇のracer_win_te,-0.048,1号艇のracer_2nd_te,0.0478,-0.0048,東 3.8m/s,[逃げ]1号艇のracer_win_teが有利(+18.2pt)、1号艇の年齢が不利(-15.8pt) / [2着]2号艇のwin_rate_rank_2to6が有利(+21.1pt)、2号艇のsession_exh_rel_avgが有利(+15.5pt) / [候補2]3号艇のwin_rate_rank_2to6が不利(-13.0pt)、3号艇の全国勝率が不利(-5.2pt) / [除外]4号艇のwin_rate_rank_2to6が不利(-5.4pt)、天気-0.5pt
4,03,江戸川,9,14:52,0.8003277762906962,3,0.3793758605296017,2,0.36156368803142624,0.5929945012656798,0.1317145737655341,0.6092249747954939,0.49926727969026236,0.5978636433246239,1-3,1-2,0.2893694624296544,0.30362503883602543,0.05876987744405833,0.04314857161701788,0.10541483192684678,True,True,False,False,予選特賞,2026-08-24,1号艇のdominance,0.2487,1号艇のracer_win_te,0.1623,3号艇のsession_exh_rel_delta,0.1265,場特性:in_escape_diff,-0.1259,1号艇のvs_max234_diff,0.1092,2号艇のsession_exh_rel_delta,0.085,4号艇のsession_exh_rel_delta,-0.0744,3号艇のsession_exh_rel_avg,-0.0691,3号艇のwin_rate_rank_2to6,0.058,3号艇のclass_rank_2to6,0.0344,2号艇の全国勝率,-0.0552,2号艇のsession_exh_rel_last,0.0517,2号艇のwin_rate_rank_2to6,-0.05,2号艇のclass_rank_2to6,-0.0498,2号艇のsession_avg_finish,0.0452,-0.0073,南 1.7m/s,[逃げ]1号艇のdominanceが有利(+24.9pt)、1号艇のracer_win_teが有利(+16.2pt) / [2着]2号艇のsession_exh_rel_deltaが有利(+8.5pt)、4号艇のsession_exh_rel_deltaが不利(-7.4pt) / [候補2]2号艇の全国勝率が不利(-5.5pt)、2号艇のsession_exh_rel_lastが有利(+5.2pt) / [除外]5号艇のracer_avgfin_teが不利(-5.8pt)、4号艇のwin_rate_rank_2to6が不利(-5.6pt)、天気-0.7pt
5,13,尼崎,9,14:38,0.7125691840871033,2,0.5175953281221197,3,0.28704526711232947,0.5733620924295726,0.11665285379968521,0.6879877414347639,0.4931009032186104,0.6077497871311299,1-2,1-3,0.3688224806472754,0.20453961178229726,0.04789265396327507,0.08312322885347384,0.008191203531727646,True,True,False,False,予選特賞,2026-08-24,1号艇のdominance,0.1532,1号艇のモーター2連率,0.0759,場特性:in_escape_diff,0.0743,1号艇のracer_win_te,0.0612,1号艇のモーター2連率順位,0.0579,2号艇のwin_rate_rank_2to6,0.1988,2号艇のclass_rank_2to6,0.1178,2号艇の全国勝率,0.0704,2号艇のracer_avgfin_te,0.0571,2号艇の当地勝率,0.0361,3号艇のwin_rate_rank_2to6,-0.0692,3号艇のcumulative_diff_rank_2to6,0.0422,2号艇の女子戦勝率,0.0397,3号艇のracer_2nd_te,0.0369,3号艇の当地勝率,0.0353,0.0668,西 3.2m/s,[逃げ]1号艇のdominanceが有利(+15.3pt)、1号艇のモーター2連率が有利(+7.6pt) / [2着]2号艇のwin_rate_rank_2to6が有利(+19.9pt)、2号艇のclass_rank_2to6が有利(+11.8pt) / [候補2]3号艇のwin_rate_rank_2to6が不利(-6.9pt)、3号艇のcumulative_diff_rank_2to6が有利(+4.2pt) / [除外]6号艇のwin_rate_rank_2to6が不利(-6.7pt)、1号艇vs6号艇の枠別平均ST差が不利(-5.2pt)、天気+6.7pt
6,08,常滑,1,10:30,0.7578675065646389,3,0.48936839747628136,2,0.25444649510209205,0.5637131379840166,0.10982799665942675,0.6339868959189466,0.4894193564215563,0.5847952653644956,1-3,1-2,0.1928367307971341,0.3708764071868825,0.08290352977477342,0.08323506997926923,0.02801576459166496,False,False,True,False,朝トコ小判Ｒ,2026-08-24,1号艇のdominance,0.1699,風速区分,0.0964,1号艇の勝率順位,0.0915,場特性:in_escape_diff,0.0853,1号艇の級別順位,0.0723,3号艇のwin_rate_rank_2to6,0.1313,3号艇の一般戦2連率,0.0772,3号艇のsession_exh_rel_avg,-0.0501,3号艇のracer_2nd_te,0.0453,3号艇の当地勝率,-0.0452,2号艇のwin_rate_rank_2to6,-0.1421,2号艇のsession_exh_rel_avg,0.0713,2号艇の全国勝率,-0.0653,2号艇のclass_rank_2to6,-0.0531,2号艇のsession_avg_finish,0.051,0.026,西 1.5m/s,[逃げ]1号艇のdominanceが有利(+17.0pt)、風速区分が有利(+9.6pt) / [2着]3号艇のwin_rate_rank_2to6が有利(+13.1pt)、3号艇の一般戦2連率が有利(+7.7pt) / [候補2]2号艇のwin_rate_rank_2to6が不利(-14.2pt)、2号艇のsession_exh_rel_avgが有利(+7.1pt) / [除外]local_win_rateの分散(2-6号艇)が不利(-5.4pt)、天気+2.6pt
7,21,芦屋,3,09:24,0.8030461246919594,3,0.5713508114292998,2,0.17773662758735187,0.6015517649577465,0.16178096485414462,0.587306474162507,0.4847682150242531,0.5972781777191747,1-3,1-2,0.14273070999984092,0.45882105495790565,0.059974045008998264,0.1299175768750469,0.01160274458122249,False,False,True,False,サンライズＸ,2026-08-24,1号艇のdominance,0.1612,1号艇のsession_exh_rel_avg,0.1281,1号艇の勝率順位,0.0864,1号艇vs4号艇の枠別平均ST差,0.0812,1号艇のvs_max234_diff,0.0729,3号艇の当地勝率,0.0974,6号艇のモーター出走数,0.0791,3号艇のwin_rate_rank_2to6,0.0688,4号艇のモーター出走数,-0.052,class_std_1to6,0.0519,2号艇の全国勝率,-0.1361,2号艇の節間得点,-0.0812,2号艇のsession_exh_rel_avg,0.0735,3号艇のモーター出走数,0.059,2号艇の直近平均着順,-0.056,0.0653,北 2.4m/s,[逃げ]1号艇のdominanceが有利(+16.1pt)、1号艇のsession_exh_rel_avgが有利(+12.8pt) / [2着]3号艇の当地勝率が有利(+9.7pt)、6号艇のモーター出走数が有利(+7.9pt) / [候補2]2号艇の全国勝率が不利(-13.6pt)、2号艇の節間得点が不利(-8.1pt) / [除外]6号艇の直近平均着順が不利(-12.2pt)、6号艇のvs_avg456_diffが不利(-11.8pt)、天気+6.5pt
8,20,若松,7,18:11,0.6532134203717691,4,0.6221081406731381,3,0.19849051855736038,0.5360260569484417,0.09649673997084365,0.724101919259655,0.47395633650650126,0.5924488156418056,1-4,1-3,0.06303296557107999,0.1296566705382195,0.40636938641022224,0.04135171446489625,0.012802671220302982,True,False,False,False,予選特賞,2026-08-24,風速区分,0.0805,1号艇の節間得点,0.0782,1号艇のracer_win_te,0.0734,1号艇の当地勝率,0.0678,6号艇の年齢,-0.0551,4号艇のwin_rate_rank_2to6,0.2596,4号艇のclass_rank_2to6,0.2052,4号艇の全国勝率,0.1147,4号艇の年齢,-0.0912,4号艇のsession_exh_rel_avg,0.0758,3号艇のwin_rate_rank_2to6,-0.0899,3号艇のracer_avgfin_te,-0.075,3号艇の全国勝率,-0.0561,1号艇vs2号艇のcumulative差,0.0471,3号艇の当地勝率,-0.0458,0.0667,東 1.4m/s,[逃げ]風速区分が有利(+8.1pt)、1号艇の節間得点が有利(+7.8pt) / [2着]4号艇のwin_rate_rank_2to6が有利(+26.0pt)、4号艇のclass_rank_2to6が有利(+20.5pt) / [候補2]3号艇のwin_rate_rank_2to6が不利(-9.0pt)、3号艇のracer_avgfin_teが不利(-7.5pt) / [除外]6号艇のwin_rate_rank_2to6が不利(-8.1pt)、6号艇のvs_avg456_diffが不利(-6.1pt)、天気+6.7pt
9,21,芦屋,2,08:58,0.6027743759449813,4,0.6208404560825026,3,0.24159056231117598,0.5198513189078443,0.08148898112952221,0.7809420372641563,0.46901673372787805,0.5981785344147379,1-4,1-3,0.049119469746740106,0.14562460043131623,0.37422671847652805,0.018936245620836394,0.014867340546805751,False,False,True,False,サンライズＷ,2026-08-24,1号艇の節間得点,0.0829,1号艇vs4号艇のcumulative差,-0.0685,1号艇のdominance,0.0677,2号艇のモーター出走数,-0.061,6号艇のモーター出走数,-0.0594,4号艇のclass_rank_2to6,0.2654,4号艇のwin_rate_rank_2to6,0.2474,4号艇の節間得点,0.1427,4号艇の全国勝率,0.0858,1号艇のモーター出走数,0.084,4号艇のモーター出走数,-0.0926,6号艇のモーター出走数,0.0674,3号艇のwin_rate_rank_2to6,0.065,1号艇vs3号艇の枠別勝率差,-0.0485,場特性:1x_diff_course3,0.0459,0.0144,北 2.2m/s,[逃げ]1号艇の節間得点が有利(+8.3pt)、1号艇vs4号艇のcumulative差が不利(-6.9pt) / [2着]4号艇のclass_rank_2to6が有利(+26.5pt)、4号艇のwin_rate_rank_2to6が有利(+24.7pt) / [候補2]4号艇のモーター出走数が不利(-9.3pt)、6号艇のモーター出走数が有利(+6.7pt) / [除外]2号艇のwin_rate_rank_2to6が不利(-7.1pt)、天気+1.4pt
10,21,芦屋,4,09:50,0.7448300842236993,4,0.5083701877992948,3,0.26536990923863824,0.5763049016440169,0.16046610189946423,0.6132739951384688,0.46533202035717347,0.5873956296923525,1-4,1-3,0.11951998019282666,0.19765549184865036,0.3786494097953666,0.04360011468425243,0.005405074522738931,False,False,True,False,サンライズＹ,2026-08-24,1号艇のracer_win_te,0.1885,1号艇のdominance,0.1544,6号艇のモーター出走数,-0.0923,ST差分(4-3),-0.0787,1号艇の級別順位,0.078,4号艇のwin_rate_rank_2to6,0.1904,4号艇の節間得点,0.1535,4号艇のclass_rank_2to6,0.1156,4号艇のcumulative_diff_rank_2to6,0.0895,1号艇vs2号艇のcumulative差,0.0826,4号艇のsession_rank_diff_last,-0.1118,3号艇の年齢,-0.0744,6号艇のモーター出走数,0.0732,3号艇のwin_rate_rank_2to6,0.0581,3号艇のsession_exh_rel_avg,-0.0493,0.0386,北東 2.3m/s,[逃げ]1号艇のracer_win_teが有利(+18.8pt)、1号艇のdominanceが有利(+15.4pt) / [2着]4号艇のwin_rate_rank_2to6が有利(+19.0pt)、4号艇の節間得点が有利(+15.3pt) / [候補2]4号艇のsession_rank_diff_lastが不利(-11.2pt)、3号艇の年齢が不利(-7.4pt) / [除外]6号艇のwin_rate_rank_2to6が不利(-9.6pt)、6号艇のvs_avg456_diffが不利(-8.8pt)、天気+3.9pt
11,07,蒲郡,8,18:32,0.6400327323404909,3,0.47215265445327126,2,0.35984370287838635,0.5325049018803162,0.11060394186852564,0.7213924154631319,0.4618283324255857,0.5891711559551609,1-3,1-2,0.23031174836877336,0.30219315351154286,0.07079014312174128,0.024726352439781746,0.012011331322190039,True,False,False,False,一般戦,2026-08-24,1号艇のdominance,0.1639,4号艇のモーター2連率,-0.1242,1号艇のracer_win_te,0.1125,1号艇vs4号艇の枠別平均ST差,-0.0843,1号艇の勝率順位,0.0723,3号艇のwin_rate_rank_2to6,0.1955,3号艇のsession_exh_rel_avg,0.1066,3号艇のclass_rank_2to6,0.0664,3号艇の当地勝率,-0.0643,6号艇のsession_rank_diff_delta,-0.0594,2号艇のwin_rate_rank_2to6,0.0693,ST差分(4-3),-0.0478,4号艇の節間得点,0.0477,6号艇のsession_rank_diff_last,-0.0413,1号艇の体重,-0.0394,0.0541,南 2.3m/s,[逃げ]1号艇のdominanceが有利(+16.4pt)、4号艇のモーター2連率が不利(-12.4pt) / [2着]3号艇のwin_rate_rank_2to6が有利(+19.5pt)、3号艇のsession_exh_rel_avgが有利(+10.7pt) / [候補2]2号艇のwin_rate_rank_2to6が有利(+6.9pt)、ST差分(4-3)が不利(-4.8pt) / [除外]1号艇vs6号艇のcumulative差が不利(-6.0pt)、5号艇のsession_exh_rel_avgが不利(-5.5pt)、天気+5.4pt
12,10,三国,1,08:48,0.7520374833149024,2,0.5295775089394796,5,0.18871334769018266,0.5401816481078766,0.12158380867567273,0.5967070479539895,0.46136883752348745,0.5571392680617104,1-2,1-5,0.3982621370430215,0.09143558148829352,0.08716806071972241,0.14191951106485512,0.033252187395894,False,False,True,False,予選,2026-08-24,1号艇のdominance,0.3682,1号艇のvs_max234_diff,0.1024,4号艇のrecent_race_count,0.0932,1号艇の勝率順位,0.0902,1号艇のvs_max234_frame_diff,0.0841,2号艇のwin_rate_rank_2to6,0.0755,3号艇の全国勝率,-0.0477,3号艇のracer_2nd_te,0.047,second_best_win_rate,0.0464,ST差分(4-3),0.0458,5号艇のwin_rate_rank_2to6,0.2403,3号艇のracer_avgfin_te,0.1354,5号艇の女子戦比率,-0.1247,5号艇のclass_rank_2to6,0.1203,5号艇の性別,-0.0961,-0.0512,南西 5.0m/s,[逃げ]1号艇のdominanceが有利(+36.8pt)、1号艇のvs_max234_diffが有利(+10.2pt) / [2着]2号艇のwin_rate_rank_2to6が有利(+7.5pt)、3号艇の全国勝率が不利(-4.8pt) / [候補2]5号艇のwin_rate_rank_2to6が有利(+24.0pt)、3号艇のracer_avgfin_teが有利(+13.5pt) / [除外]3号艇のracer_2nd_teが不利(-6.4pt)、天気-5.1pt
13,20,若松,1,15:25,0.658361305168637,3,0.4586854465526198,2,0.33491777140998014,0.5224776503638876,0.11999794150304785,0.673605276459552,0.4472421593338688,0.5678159381925869,1-3,1-2,0.22049690110964573,0.30198074925424184,0.07900200138549633,0.04472136638681941,0.012160289485020664,True,False,False,False,予選,2026-08-24,1号艇のdominance,0.1826,1号艇のsession_exh_rel_avg,0.1257,風速区分,0.0869,1号艇vs4号艇のcumulative差,0.0769,1号艇vs4号艇の枠別平均ST差,-0.0742,3号艇のwin_rate_rank_2to6,0.1605,3号艇のsession_exh_rel_avg,0.0899,3号艇の節間得点,-0.0467,場特性:1x_diff_course3,0.0418,3号艇の当地勝率,0.039,2号艇のsession_exh_rel_avg,0.0762,2号艇の節間得点,0.054,2号艇のwin_rate_rank_2to6,0.05,2号艇のsession_rank_diff_delta,-0.049,2号艇のclass_rank_2to6,-0.0429,0.0886,東 2.0m/s,[逃げ]1号艇のdominanceが有利(+18.3pt)、1号艇のsession_exh_rel_avgが有利(+12.6pt) / [2着]3号艇のwin_rate_rank_2to6が有利(+16.0pt)、3号艇のsession_exh_rel_avgが有利(+9.0pt) / [候補2]2号艇のsession_exh_rel_avgが有利(+7.6pt)、2号艇の節間得点が有利(+5.4pt) / [除外]6号艇のwin_rate_rank_2to6が不利(-6.8pt)、5号艇のracer_avgfin_teが不利(-5.8pt)、天気+8.9pt
14,20,若松,10,19:40,0.8653066090002774,3,0.3471212888293549,5,0.268756899253496,0.5329234664872068,0.13466385211572765,0.48121433596712326,0.4468048342311658,0.5174107273311818,1-3,1-5,0.09939549747536347,0.30036634534873496,0.11646214959667851,0.23255712113847182,0.11652552122917513,True,False,False,False,予選特賞,2026-08-24,1号艇のdominance,0.2894,1号艇のracer_win_te,0.1633,1号艇の枠別出走数,-0.1127,1号艇の全国勝率,0.0882,1号艇の勝率順位,0.0867,3号艇のsession_exh_rel_avg,-0.1603,1号艇のracer_avgfin_te,0.0965,3号艇のwin_rate_rank_2to6,-0.0646,場特性:1x_diff_course3,0.0596,3号艇の全国勝率,0.0504,5号艇のsession_exh_rel_avg,0.1293,5号艇のwin_rate_rank_2to6,0.0986,1号艇の当地勝率,-0.074,5号艇の節間得点,0.0725,5号艇のclass_rank_2to6,-0.0574,0.0777,東 2.5m/s,[逃げ]1号艇のdominanceが有利(+28.9pt)、1号艇のracer_win_teが有利(+16.3pt) / [2着]3号艇のsession_exh_rel_avgが不利(-16.0pt)、1号艇のracer_avgfin_teが有利(+9.6pt) / [候補2]5号艇のsession_exh_rel_avgが有利(+12.9pt)、5号艇のwin_rate_rank_2to6が有利(+9.9pt) / [除外]2号艇のwin_rate_rank_2to6が不利(-5.8pt)、天気+7.8pt
15,13,尼崎,6,12:57,0.8588240747242375,4,0.4331933425380708,3,0.23024265935983032,0.5697748104687124,0.1833639527039299,0.4800720491939712,0.44440341679030165,0.5428639820862899,1-4,1-3,0.15747737701873146,0.1977379388867541,0.3720368715819583,0.10999112121447055,0.021580772421061108,True,True,False,False,昼どきピンク,2026-08-24,1号艇のdominance,0.3467,1号艇の全国勝率,0.1125,1号艇の勝率順位,0.0987,1号艇のvs_max234_diff,0.0909,1号艇の級別順位,0.0846,4号艇のwin_rate_rank_2to6,0.2383,4号艇のclass_rank_2to6,0.2296,4号艇の年齢,-0.0678,4号艇のcumulative_diff_rank_2to6,0.0505,win_rate_gap_top2_2to6,0.0443,3号艇のwin_rate_rank_2to6,-0.1006,3号艇のracer_avgfin_te,-0.1002,3号艇の全国勝率,-0.0776,3号艇のモーター2連率,-0.0747,6号艇の女子戦比率,0.073,0.0279,南西 3.1m/s,[逃げ]1号艇のdominanceが有利(+34.7pt)、1号艇の全国勝率が有利(+11.3pt) / [2着]4号艇のwin_rate_rank_2to6が有利(+23.8pt)、4号艇のclass_rank_2to6が有利(+23.0pt) / [候補2]3号艇のwin_rate_rank_2to6が不利(-10.1pt)、3号艇のracer_avgfin_teが不利(-10.0pt) / [除外]6号艇の女子戦比率が不利(-9.6pt)、6号艇のvs_avg456_diffが不利(-6.7pt)、天気+2.8pt
16,13,尼崎,5,12:21,0.7676500964554254,2,0.4243273713978512,4,0.31527149670726706,0.5677531424392174,0.188102809787989,0.5514960583171292,0.43959798880868484,0.562876017202591,1-2,1-4,0.3257349475822376,0.14439714007728627,0.2420181948569799,0.05009277298590502,0.005407038450762052,True,True,False,False,予選,2026-08-24,1号艇のdominance,0.1438,1号艇のモーター2連率,0.0939,場特性:in_escape_diff,0.078,1号艇の級別順位,0.077,1号艇のモーター2連率順位,0.0604,2号艇のwin_rate_rank_2to6,0.1959,2号艇のclass_rank_2to6,0.0869,2号艇の全国勝率,0.0713,2号艇の体重,-0.0404,2号艇の女子戦比率,-0.0375,4号艇のclass_rank_2to6,0.1308,4号艇のwin_rate_rank_2to6,0.1182,4号艇の全国勝率,0.093,4号艇のモーター2連率,0.0601,4号艇の年齢,0.0441,0.0026,南西 2.4m/s,[逃げ]1号艇のdominanceが有利(+14.4pt)、1号艇のモーター2連率が有利(+9.4pt) / [2着]2号艇のwin_rate_rank_2to6が有利(+19.6pt)、2号艇のclass_rank_2to6が有利(+8.7pt) / [候補2]4号艇のclass_rank_2to6が有利(+13.1pt)、4号艇のwin_rate_rank_2to6が有利(+11.8pt) / [除外]6号艇のvs_avg456_diffが不利(-13.4pt)、6号艇のwin_rate_rank_2to6が不利(-10.1pt)、天気影響ほぼなし
17,15,丸亀,8,18:25,0.8429221188095761,2,0.4378660353607193,4,0.2573352275252856,0.5860005215109644,0.2221596463733556,0.4730416165126493,0.429777719150791,0.5521128500114698,1-2,1-4,0.3690869662810063,0.1872632798350151,0.2169135552299581,0.056057195152189626,0.01360112231140708,True,False,False,False,釜揚げ８,2026-08-24,1号艇のdominance,0.2399,1号艇のracer_win_te,0.13,1号艇の勝率順位,0.0987,風速区分,0.0899,1号艇の級別順位,0.0799,2号艇のwin_rate_rank_2to6,0.1772,2号艇のclass_rank_2to6,0.0752,2号艇の当地勝率,0.0451,2号艇の全国勝率,0.0431,2号艇の当地2連率,0.0269,4号艇のclass_rank_2to6,0.1078,4号艇の一般戦2連率,0.1068,4号艇のwin_rate_rank_2to6,0.0858,4号艇の年齢,-0.0551,4号艇のモーター2連率,-0.0376,0.1116,南 2.3m/s,[逃げ]1号艇のdominanceが有利(+24.0pt)、1号艇のracer_win_teが有利(+13.0pt) / [2着]2号艇のwin_rate_rank_2to6が有利(+17.7pt)、2号艇のclass_rank_2to6が有利(+7.5pt) / [候補2]4号艇のclass_rank_2to6が有利(+10.8pt)、4号艇の一般戦2連率が有利(+10.7pt) / [除外]6号艇のwin_rate_rank_2to6が不利(-8.2pt)、4号艇の一般戦2連率が不利(-7.4pt)、天気+11.2pt
18,15,丸亀,10,19:24,0.715444848198175,2,0.4855837247289464,3,0.21753102112409717,0.5030398226127292,0.1352003527708315,0.567914393082212,0.4214264288427082,0.522502193753574,1-2,1-3,0.34740837422620546,0.1556314483865237,0.09672839586446726,0.0681701535012378,0.0475064748871209,True,False,False,False,蒼月まるる特,2026-08-24,1号艇のdominance,0.1688,1号艇の年齢,-0.1177,1号艇の勝率順位,0.0856,風速区分,0.0837,1号艇の級別順位,0.0702,2号艇のwin_rate_rank_2to6,0.1662,2号艇のclass_rank_2to6,0.1049,2号艇のracer_avgfin_te,0.0508,2号艇の全国勝率,0.0503,2号艇の当地勝率,-0.047,3号艇のwin_rate_rank_2to6,-0.1302,3号艇のモーター2連率,0.0742,3号艇の全国勝率,-0.0659,3号艇のcumulative_diff_rank_2to6,0.0533,3号艇のracer_win_te,-0.0471,0.1337,南 2.3m/s,[逃げ]1号艇のdominanceが有利(+16.9pt)、1号艇の年齢が不利(-11.8pt) / [2着]2号艇のwin_rate_rank_2to6が有利(+16.6pt)、2号艇のclass_rank_2to6が有利(+10.5pt) / [候補2]3号艇のwin_rate_rank_2to6が不利(-13.0pt)、3号艇のモーター2連率が有利(+7.4pt) / [除外]2号艇のracer_2nd_teが不利(-5.2pt)、天気+13.4pt
19,15,丸亀,9,18:54,0.7385279038394423,2,0.3760916128214926,3,0.31800032407135825,0.5126062632253356,0.1483750724255029,0.545716864467348,0.421336673507145,0.5225394435979394,1-2,1-3,0.2777541504686521,0.23485211275668358,0.09094538457067193,0.1095791312204321,0.02539713995477222,True,False,False,False,まるがめ特賞,2026-08-24,1号艇のdominance,0.1229,風速区分,0.0784,1号艇の級別順位,0.0754,1号艇のモーター2連率順位,0.0616,1号艇のracer_win_te,0.0548,2号艇のwin_rate_rank_2to6,0.1632,2号艇の全国勝率,0.0632,1号艇の体重,-0.0321,1号艇の女子戦2連率,-0.026,2号艇のcumulative_diff_rank_2to6,0.0216,3号艇のwin_rate_rank_2to6,0.0644,3号艇の枠別平均ST,-0.0488,場特性:1x_diff_course3,-0.0382,3号艇のcumulative_diff_rank_2to6,0.0379,5号艇の一般戦2連率,-0.0306,0.0946,南 2.3m/s,[逃げ]1号艇のdominanceが有利(+12.3pt)、風速区分が有利(+7.8pt) / [2着]2号艇のwin_rate_rank_2to6が有利(+16.3pt)、2号艇の全国勝率が有利(+6.3pt) / [候補2]3号艇のwin_rate_rank_2to6が有利(+6.4pt)、3号艇の枠別平均STが不利(-4.9pt) / [除外]1号艇vs5号艇の枠別平均ST差が不利(-6.7pt)、6号艇のwin_rate_rank_2to6が不利(-6.0pt)、天気+9.5pt
20,18,徳山,4,09:58,0.634413121759539,2,0.653749994834343,4,0.1369964066170931,0.5016598930649273,0.1338305053668042,0.656915896084632,0.4210950166515639,0.5482366939708386,1-2,1-4,0.4147475750731381,0.08490382869641099,0.08691231799178921,0.020498324153994132,0.02735107938926617,False,False,True,False,ガチトク予選,2026-08-24,場特性:in_escape_diff,0.2167,1号艇のsession_exh_rel_avg,-0.1957,1号艇の勝率順位,-0.095,1号艇の年齢,-0.0937,1号艇の節間得点,-0.0687,2号艇のwin_rate_rank_2to6,0.186,2号艇のclass_rank_2to6,0.1059,2号艇のsession_exh_rel_avg,0.0926,2号艇の当地勝率,0.0846,2号艇の全国勝率,0.0598,4号艇のsession_exh_rel_avg,0.0886,4号艇のclass_rank_2to6,-0.0869,4号艇のwin_rate_rank_2to6,-0.0799,4号艇の年齢,-0.0454,場特性:1x_diff_course4,0.0387,0.0744,南 1.6m/s,[逃げ]場特性:in_escape_diffが有利(+21.7pt)、1号艇のsession_exh_rel_avgが不利(-19.6pt) / [2着]2号艇のwin_rate_rank_2to6が有利(+18.6pt)、2号艇のclass_rank_2to6が有利(+10.6pt) / [候補2]4号艇のsession_exh_rel_avgが有利(+8.9pt)、4号艇のclass_rank_2to6が不利(-8.7pt)、天気+7.4pt
21,07,蒲郡,7,18:04,0.5801525716834857,4,0.49455175197573276,3,0.3346177656001611,0.48104482798320997,0.10463439579029404,0.7245351217855998,0.42064422607432705,0.5540919161239268,1-4,1-3,0.060703913804286774,0.19412935724391525,0.28691547073929474,0.03716414890264079,0.0012396864639786127,True,False,False,False,一般戦,2026-08-24,1号艇のracer_win_te,0.0744,1号艇vs4号艇の枠別平均ST差,-0.0685,1号艇のdominance,0.0609,1号艇のsession_exh_rel_avg,-0.0602,2号艇の平均ST,-0.0531,4号艇のwin_rate_rank_2to6,0.2189,4号艇のclass_rank_2to6,0.1979,4号艇の年齢,-0.1036,4号艇の全国勝率,0.0793,4号艇のsession_exh_rel_avg,0.0642,2号艇の枠別平均ST,0.1587,3号艇のwin_rate_rank_2to6,-0.0646,3号艇の全国勝率,-0.0521,2号艇の枠別勝率,0.0499,場特性:1x_diff_course3,0.0497,0.0098,南 2.3m/s,[逃げ]1号艇のracer_win_teが有利(+7.4pt)、1号艇vs4号艇の枠別平均ST差が不利(-6.9pt) / [2着]4号艇のwin_rate_rank_2to6が有利(+21.9pt)、4号艇のclass_rank_2to6が有利(+19.8pt) / [候補2]2号艇の枠別平均STが有利(+15.9pt)、3号艇のwin_rate_rank_2to6が不利(-6.5pt) / [除外]6号艇の全国勝率が不利(-13.6pt)、6号艇の直近平均着順が不利(-13.1pt)、天気+1.0pt
22,03,江戸川,12,16:25,0.7926128720283512,2,0.4680757519059164,3,0.18912326543136582,0.5209044006259134,0.16221889436241255,0.4949801229748696,0.4195037575002523,0.5131271173306002,1-2,1-3,0.37100286604497834,0.14990153458093505,0.11834222269953974,0.1285767837578555,0.024789470850468558,True,False,False,False,記者選抜戦,2026-08-24,1号艇のdominance,0.2744,場特性:in_escape_diff,-0.1138,1号艇のvs_max234_diff,0.1107,1号艇のracer_win_te,0.103,レース時間帯,0.091,2号艇のsession_exh_rel_avg,0.216,2号艇のsession_exh_rel_last,0.0574,2号艇の全国勝率,0.0485,2号艇の節間得点,0.0469,2号艇のsession_rank_diff_delta,-0.0424,3号艇のsession_exh_rel_avg,0.1283,3号艇のwin_rate_rank_2to6,-0.112,3号艇のモーター2連率,-0.0408,3号艇の当地勝率,-0.0385,3号艇の節間得点,0.0327,0.1146,南 1.8m/s,[逃げ]1号艇のdominanceが有利(+27.4pt)、場特性:in_escape_diffが不利(-11.4pt) / [2着]2号艇のsession_exh_rel_avgが有利(+21.6pt)、2号艇のsession_exh_rel_lastが有利(+5.7pt) / [候補2]3号艇のsession_exh_rel_avgが有利(+12.8pt)、3号艇のwin_rate_rank_2to6が不利(-11.2pt) / [除外]6号艇のsession_exh_rel_avgが不利(-7.0pt)、天気+11.5pt
23,08,常滑,10,15:10,0.6701242509767269,3,0.3835855280983668,2,0.33697968555561786,0.48286822407976165,0.12026767675468732,0.6002975368992973,0.41318009669328004,0.5180970179256223,1-3,1-2,0.22581825937733138,0.2570499647024303,0.06702969695107398,0.03963203191011214,0.08059428680194594,True,False,False,False,予選特賞,2026-08-24,1号艇のdominance,0.1032,1号艇の年齢,-0.0944,1号艇のsession_exh_rel_avg,-0.0819,1号艇の級別順位,0.0764,1号艇のracer_win_te,0.0728,6号艇のracer_2nd_te,-0.0733,1号艇の直近1着率,0.0603,3号艇の全国勝率,0.0577,6号艇の直近1着率,0.0553,場特性:1x_diff_course3,-0.05,2号艇のsession_exh_rel_avg,-0.1491,レース時間帯,-0.0726,2号艇の全国勝率,0.0668,2号艇の当地勝率,-0.0393,1号艇の年齢,0.0378,-0.0007,南 4.3m/s,[逃げ]1号艇のdominanceが有利(+10.3pt)、1号艇の年齢が不利(-9.4pt) / [2着]6号艇のracer_2nd_teが不利(-7.3pt)、1号艇の直近1着率が有利(+6.0pt) / [候補2]2号艇のsession_exh_rel_avgが不利(-14.9pt)、レース時間帯が不利(-7.3pt) / [除外]1号艇の直近1着率が不利(-5.1pt)、天気影響ほぼなし
24,22,福岡,12,18:00,0.6742798983665035,3,0.39407524564921603,2,0.37893287289459987,0.5212238356082063,0.17719013695036445,0.5958179815934515,0.4103969682323515,0.5436020794037798,1-3,1-2,0.25550681902309796,0.26571701658510827,0.11947574753443857,0.023889998938819778,0.00969031126126213,True,False,False,False,福岡選抜,2026-08-24,1号艇のsession_exh_rel_avg,-0.146,風速区分,0.0947,race_no,0.0935,1号艇の級別順位,0.0885,1号艇のracer_win_te,0.0858,3号艇のwin_rate_rank_2to6,0.2102,3号艇のracer_avgfin_te,0.064,3号艇のclass_rank_2to6,0.0526,5号艇の女子戦2連率,0.0491,3号艇の全国勝率,0.0387,2号艇の当地勝率,0.1068,2号艇のsession_exh_rel_avg,-0.0845,2号艇のwin_rate_rank_2to6,0.0784,1号艇の直近複勝率,0.0554,場特性:1x_diff_course2,0.0496,0.1762,南西 1.5m/s,[逃げ]1号艇のsession_exh_rel_avgが不利(-14.6pt)、風速区分が有利(+9.5pt) / [2着]3号艇のwin_rate_rank_2to6が有利(+21.0pt)、3号艇のracer_avgfin_teが有利(+6.4pt) / [候補2]2号艇の当地勝率が有利(+10.7pt)、2号艇のsession_exh_rel_avgが不利(-8.5pt) / [除外]6号艇のwin_rate_rank_2to6が不利(-7.6pt)、3号艇のracer_win_teが不利(-5.8pt)、天気+17.6pt
25,21,芦屋,12,14:10,0.8084117869143898,2,0.4213939272494683,3,0.2574502903319077,0.548785666971461,0.21251715604895205,0.466327061532424,0.40883402390121837,0.5240480853397499,1-2,1-3,0.340659817722615,0.20812584924884595,0.17180137387149755,0.07607716199135975,0.011747601396590885,True,True,False,False,準優勝戦,2026-08-24,1号艇のdominance,0.1651,1号艇のsession_exh_rel_avg,0.1179,1号艇のracer_win_te,0.1064,1号艇の節間得点,0.0973,race_no,0.0968,2号艇の当地勝率,0.1196,2号艇のclass_rank_2to6,0.0989,2号艇のsession_exh_rel_avg,0.0806,3号艇のモーター出走数,0.066,2号艇の節間得点,0.066,6号艇のモーター出走数,0.0908,1号艇の直近1着率,0.0678,3号艇のwin_rate_rank_2to6,-0.0586,3号艇のsession_exh_rel_avg,-0.045,場特性:1x_diff_course3,0.0443,0.1064,東 2.1m/s,[逃げ]1号艇のdominanceが有利(+16.5pt)、1号艇のsession_exh_rel_avgが有利(+11.8pt) / [2着]2号艇の当地勝率が有利(+12.0pt)、2号艇のclass_rank_2to6が有利(+9.9pt) / [候補2]6号艇のモーター出走数が有利(+9.1pt)、1号艇の直近1着率が有利(+6.8pt) / [除外]6号艇のwin_rate_rank_2to6が不利(-6.8pt)、5号艇のwin_rate_rank_2to6が不利(-5.1pt)、天気+10.6pt
26,15,丸亀,6,17:29,0.6059264432281408,2,0.6163496477230499,3,0.1532764625849674,0.4663368116344457,0.10399771590535653,0.6656283944026608,0.40813925573136306,0.5261242864649102,1-2,1-3,0.3734625498297452,0.0928742618047005,0.05704784320427936,0.06301496610238333,0.019526839216421735,True,False,False,False,かけうどん６,2026-08-24,1号艇のdominance,-0.0864,1号艇の級別順位,-0.0863,1号艇の勝率順位,-0.084,風速区分,0.0655,ST差分(4-3),-0.0605,2号艇のwin_rate_rank_2to6,0.231,2号艇のracer_avgfin_te,0.0924,2号艇のclass_rank_2to6,0.0843,2号艇の全国勝率,0.0776,3号艇のracer_win_te,0.0696,3号艇のwin_rate_rank_2to6,-0.1547,3号艇のracer_avgfin_te,-0.0737,3号艇の全国勝率,-0.0654,6号艇のracer_2nd_te,-0.0599,3号艇の当地勝率,-0.0516,0.0817,南 2.3m/s,[逃げ]1号艇のdominanceが不利(-8.6pt)、1号艇の級別順位が不利(-8.6pt) / [2着]2号艇のwin_rate_rank_2to6が有利(+23.1pt)、2号艇のracer_avgfin_teが有利(+9.2pt) / [候補2]3号艇のwin_rate_rank_2to6が不利(-15.5pt)、3号艇のracer_avgfin_teが不利(-7.4pt) / [除外]6号艇のrecent_race_countが不利(-18.0pt)、4号艇のwin_rate_rank_2to6が不利(-5.5pt)、天気+8.2pt
27,21,芦屋,7,11:21,0.5719627189609042,2,0.5026149391474011,3,0.3172363134913957,0.4689243516027894,0.11608948520955141,0.7037617674292453,0.4035997277070408,0.5393755763507262,1-2,1-3,0.28747700718511693,0.18144734441767246,0.0663988576032267,0.0286350103517479,0.008004487950481745,True,True,False,False,一般,2026-08-24,6号艇のモーター出走数,-0.1024,2号艇のモーター出走数,-0.0773,1号艇の級別順位,0.0709,1号艇の節間得点,0.0681,1号艇のdominance,0.0635,2号艇のsession_exh_rel_avg,0.0878,2号艇のwin_rate_rank_2to6,0.0771,3号艇のモーター出走数,0.0646,全艇平均勝率,0.0635,2号艇のモーター2連率,-0.0432,3号艇のwin_rate_rank_2to6,0.1608,3号艇の節間得点,-0.0952,4号艇のモーター出走数,-0.0722,6号艇のモーター出走数,0.0703,場特性:1x_diff_course3,0.0456,0.0499,東 2.0m/s,[逃げ]6号艇のモーター出走数が不利(-10.2pt)、2号艇のモーター出走数が不利(-7.7pt) / [2着]2号艇のsession_exh_rel_avgが有利(+8.8pt)、2号艇のwin_rate_rank_2to6が有利(+7.7pt) / [候補2]3号艇のwin_rate_rank_2to6が有利(+16.1pt)、3号艇の節間得点が不利(-9.5pt) / [除外]6号艇の全国勝率が不利(-15.3pt)、6号艇の直近平均着順が不利(-12.8pt)、天気+5.0pt
28,18,徳山,2,09:06,0.7083494873153453,2,0.3987111344415958,4,0.32432956336020125,0.5121655075960324,0.18066566583773974,0.5423750319640572,0.40112864065727905,0.5212283649064399,1-2,1-4,0.2824268276686241,0.12797443177164844,0.22973867992740835,0.061427113377383095,0.006782443806107574,False,False,True,False,狙いトク特選,2026-08-24,場特性:in_escape_diff,0.2127,1号艇のsession_exh_rel_avg,0.1295,1号艇のracer_win_te,0.0796,1号艇の年齢,0.0738,4号艇のsession_exh_rel_avg,-0.0594,2号艇の当地勝率,0.0708,2号艇のclass_rank_2to6,-0.0639,2号艇の全国勝率,0.0453,2号艇のwin_rate_rank_2to6,0.0447,2号艇のsession_exh_rel_avg,-0.0381,4号艇のwin_rate_rank_2to6,0.225,4号艇のclass_rank_2to6,0.2133,4号艇の節間得点,-0.0913,4号艇の全国勝率,0.0731,4号艇のcumulative_diff_rank_2to6,-0.0725,0.0556,南 2.3m/s,[逃げ]場特性:in_escape_diffが有利(+21.3pt)、1号艇のsession_exh_rel_avgが有利(+12.9pt) / [2着]2号艇の当地勝率が有利(+7.1pt)、2号艇のclass_rank_2to6が不利(-6.4pt) / [候補2]4号艇のwin_rate_rank_2to6が有利(+22.5pt)、4号艇のclass_rank_2to6が有利(+21.3pt) / [除外]6号艇のwin_rate_rank_2to6が不利(-8.6pt)、4号艇の一般戦2連率が不利(-7.0pt)、天気+5.6pt
29,08,常滑,3,11:30,0.7036999172404925,2,0.4492796438828597,3,0.24138908278803797,0.486023525798907,0.15619029739795853,0.5344784292729391,0.39492893495458425,0.5005599968411166,1-2,1-3,0.3161580482182063,0.16986547758070072,0.10991109935271133,0.07289859479303375,0.03486668943138104,True,True,False,False,予選,2026-08-24,1号艇のracer_win_te,0.1081,1号艇の節間得点,0.1081,1号艇の級別順位,-0.0942,場特性:in_escape_diff,0.0775,1号艇のdominance,0.0763,4号艇のracer_2nd_te,0.1126,2号艇のsession_exh_rel_avg,0.0673,2号艇の全国勝率,0.0639,1号艇の年齢,0.0462,6号艇のモーター2連率,0.038,3号艇のwin_rate_rank_2to6,-0.1273,4号艇の直近1着率,0.0478,3号艇のracer_2nd_te,-0.0427,3号艇の当地勝率,-0.041,全艇平均勝率,-0.0405,0.0118,南西 3.6m/s,[逃げ]1号艇のracer_win_teが有利(+10.8pt)、1号艇の節間得点が有利(+10.8pt) / [2着]4号艇のracer_2nd_teが有利(+11.3pt)、2号艇のsession_exh_rel_avgが有利(+6.7pt) / [候補2]3号艇のwin_rate_rank_2to6が不利(-12.7pt)、4号艇の直近1着率が有利(+4.8pt)、天気+1.2pt
30,13,尼崎,12,16:21,0.7918059992115207,2,0.42345156107641757,3,0.2187459703347157,0.5084958580501643,0.18834712038353113,0.4538504110276021,0.3935673813413228,0.4921022239433956,1-2,1-3,0.3352914864357911,0.17320437161437324,0.14913437985389444,0.10034724922670196,0.033828503231638295,True,False,False,False,スポニチ選抜,2026-08-24,1号艇のracer_win_te,0.1438,race_no,0.1296,1号艇のdominance,0.1175,1号艇の全国勝率,0.08,場特性:in_escape_diff,0.0777,2号艇のwin_rate_rank_2to6,0.1519,2号艇の当地勝率,0.0724,2号艇の全国勝率,0.0598,2号艇のclass_rank_2to6,-0.0575,6号艇の直近1着率,0.0534,3号艇のモーター2連率,0.0922,3号艇のwin_rate_rank_2to6,-0.0698,1号艇の直近1着率,0.0505,3号艇のcumulative_diff_rank_2to6,0.0497,2号艇の直近平均着順,-0.0483,0.0922,南西 2.8m/s,[逃げ]1号艇のracer_win_teが有利(+14.4pt)、race_noが有利(+13.0pt) / [2着]2号艇のwin_rate_rank_2to6が有利(+15.2pt)、2号艇の当地勝率が有利(+7.2pt) / [候補2]3号艇のモーター2連率が有利(+9.2pt)、3号艇のwin_rate_rank_2to6が不利(-7.0pt) / [除外]6号艇のwin_rate_rank_2to6が不利(-7.1pt)、6号艇のvs_avg456_diffが不利(-5.9pt)、天気+9.2pt
31,20,若松,2,15:50,0.6899165905692521,2,0.5145127178787793,4,0.17312195335503716,0.4744105679348432,0.14577832044001904,0.5418563507937973,0.3914200369837988,0.4946443027925294,1-2,1-4,0.3549708601234469,0.07035778396661048,0.11943970781139635,0.10057488181688985,0.04457334271514085,True,False,False,False,予選,2026-08-24,1号艇のsession_exh_rel_avg,0.1505,1号艇の節間得点,0.0861,1号艇の級別順位,-0.0815,1号艇のdominance,0.0716,1号艇vs4号艇のcumulative差,0.0702,2号艇のwin_rate_rank_2to6,0.187,2号艇のclass_rank_2to6,0.0799,2号艇の全国勝率,0.0603,3号艇の全国勝率,-0.0555,2号艇のsession_exh_rel_avg,0.0533,4号艇のwin_rate_rank_2to6,-0.1148,4号艇のsession_exh_rel_avg,-0.0963,4号艇のclass_rank_2to6,-0.0825,4号艇の年齢,-0.0684,2号艇のsession_exh_rel_delta,0.0666,0.0263,東 2.1m/s,[逃げ]1号艇のsession_exh_rel_avgが有利(+15.1pt)、1号艇の節間得点が有利(+8.6pt) / [2着]2号艇のwin_rate_rank_2to6が有利(+18.7pt)、2号艇のclass_rank_2to6が有利(+8.0pt) / [候補2]4号艇のwin_rate_rank_2to6が不利(-11.5pt)、4号艇のsession_exh_rel_avgが不利(-9.6pt)、天気+2.6pt
32,19,下関,12,20:45,0.717976367474242,3,0.34294897947199743,2,0.31993135454227317,0.47593241428567823,0.1521080632053024,0.5107722708089681,0.38906062498133653,0.48638437124266515,1-3,1-2,0.22970315177537512,0.2462292625103031,0.10920999468368542,0.07872910665679571,0.05410483580006026,False,False,False,False,優勝戦,2026-08-24,1号艇の年齢,-0.1738,1号艇の節間得点,0.1036,1号艇のracer_win_te,0.0952,1号艇のsession_exh_rel_avg,0.0905,場特性:in_escape_diff,0.0875,3号艇の節間得点,0.1259,3号艇のwin_rate_rank_2to6,-0.0913,3号艇の年齢,-0.0634,3号艇のcumulative_diff_rank_2to6,0.0525,場特性:1x_diff_course3,0.0512,2号艇のsession_exh_rel_avg,-0.1836,2号艇の当地勝率,0.1138,2号艇の直近平均着順,0.0585,2号艇の全国勝率,0.0524,2号艇の一般戦勝率,-0.0418,0.1272,東 3.6m/s,[逃げ]1号艇の年齢が不利(-17.4pt)、1号艇の節間得点が有利(+10.4pt) / [2着]3号艇の節間得点が有利(+12.6pt)、3号艇のwin_rate_rank_2to6が不利(-9.1pt) / [候補2]2号艇のsession_exh_rel_avgが不利(-18.4pt)、2号艇の当地勝率が有利(+11.4pt) / [除外]3号艇の節間得点が不利(-8.3pt)、天気+12.7pt
33,07,蒲郡,11,20:04,0.7328610129040193,2,0.3578071250666194,3,0.3413815574470308,0.5124081260779805,0.20108537842628718,0.49810330408736303,0.388762787748666,0.5081166794807952,1-2,1-3,0.2622228921005978,0.2501852339773826,0.14736763411367684,0.05802874578167229,0.01505650147044972,False,False,False,False,選抜戦,2026-08-24,1号艇のdominance,0.1662,1号艇のracer_win_te,0.0906,1号艇の年齢,-0.0865,1号艇の級別順位,0.0809,風速区分,0.0784,2号艇のwin_rate_rank_2to6,-0.1311,2号艇のsession_exh_rel_avg,0.1087,2号艇の節間得点,0.0792,6号艇のsession_rank_diff_last,-0.0528,2号艇のclass_rank_2to6,-0.0513,3号艇のwin_rate_rank_2to6,0.166,6号艇のsession_rank_diff_delta,-0.0747,3号艇のclass_rank_2to6,0.0471,3号艇のsession_exh_rel_avg,-0.0402,3号艇のracer_2nd_te,0.039,0.1223,南 2.3m/s,[逃げ]1号艇のdominanceが有利(+16.6pt)、1号艇のracer_win_teが有利(+9.1pt) / [2着]2号艇のwin_rate_rank_2to6が不利(-13.1pt)、2号艇のsession_exh_rel_avgが有利(+10.9pt) / [候補2]3号艇のwin_rate_rank_2to6が有利(+16.6pt)、6号艇のsession_rank_diff_deltaが不利(-7.5pt) / [除外]6号艇のwin_rate_rank_2to6が不利(-7.8pt)、3号艇の女子戦2連率が不利(-7.4pt)、天気+12.2pt
34,21,芦屋,11,13:34,0.7500986667505511,3,0.4524685016337205,2,0.21669177326641906,0.501936230045027,0.20479570011630666,0.46436457478383286,0.378582972070054,0.4906647334666687,1-3,1-2,0.16254021022295365,0.3393960198220733,0.1536169816134873,0.07976437203918843,0.01478108235426463,True,True,False,False,準優勝戦,2026-08-24,1号艇のdominance,0.2573,2号艇のsession_exh_rel_avg,-0.0817,1号艇の節間得点,0.0719,1号艇のvs_max234_diff,0.0712,1号艇の勝率順位,0.0692,3号艇の当地勝率,0.1069,3号艇のwin_rate_rank_2to6,0.088,6号艇のモーター出走数,0.0721,3号艇のcumulative_diff_rank_2to6,-0.0513,4号艇のモーター出走数,-0.0488,2号艇のwin_rate_rank_2to6,-0.1744,2号艇のsession_exh_rel_avg,0.1475,2号艇の全国勝率,-0.0962,3号艇のモーター出走数,0.0807,2号艇の直近平均着順,-0.0748,0.0952,北東 2.4m/s,[逃げ]1号艇のdominanceが有利(+25.7pt)、2号艇のsession_exh_rel_avgが不利(-8.2pt) / [2着]3号艇の当地勝率が有利(+10.7pt)、3号艇のwin_rate_rank_2to6が有利(+8.8pt) / [候補2]2号艇のwin_rate_rank_2to6が不利(-17.4pt)、2号艇のsession_exh_rel_avgが有利(+14.7pt) / [除外]6号艇のwin_rate_rank_2to6が不利(-7.7pt)、天気+9.5pt
35,21,芦屋,1,08:32,0.7283279922355466,3,0.36376996484409646,2,0.3041978088755919,0.4864996275113085,0.18601073435149929,0.481957039368189,0.37790664394117723,0.4851368510683726,1-3,1-2,0.22155577938081236,0.26494384813049615,0.13547682468448707,0.08929353942030804,0.017057995192976568,False,False,True,False,サンライズＶ,2026-08-24,1号艇のdominance,0.2236,1号艇のsession_exh_rel_avg,0.1413,1号艇vs4号艇のcumulative差,0.0961,6号艇のモーター出走数,-0.0942,1号艇の勝率順位,0.0764,3号艇のモーター2連率,0.0899,6号艇のモーター出走数,0.0775,3号艇のsession_exh_rel_avg,0.0748,3号艇のcumulative_diff_rank_2to6,0.0546,3号艇のwin_rate_rank_2to6,-0.0521,2号艇のwin_rate_rank_2to6,-0.1326,2号艇のsession_exh_rel_avg,-0.061,5号艇の女子戦2連率,0.0587,second_best_win_rate,0.0578,3号艇のモーター出走数,0.0546,0.0714,北 2.0m/s,[逃げ]1号艇のdominanceが有利(+22.4pt)、1号艇のsession_exh_rel_avgが有利(+14.1pt) / [2着]3号艇のモーター2連率が有利(+9.0pt)、6号艇のモーター出走数が有利(+7.8pt) / [候補2]2号艇のwin_rate_rank_2to6が不利(-13.3pt)、2号艇のsession_exh_rel_avgが不利(-6.1pt) / [除外]6号艇のwin_rate_rank_2to6が不利(-7.4pt)、5号艇のsession_exh_rel_avgが不利(-5.2pt)、天気+7.1pt
36,19,下関,9,19:16,0.7966727102160895,2,0.42130905239927763,3,0.17861243096454735,0.47794107406831515,0.17594557632759344,0.42397590703623156,0.37703113279522066,0.46175152395869,1-2,1-3,0.335645424613505,0.14229564945481013,0.1401710391434357,0.06571346283421815,0.11284712526660917,True,False,False,False,シーモ特選,2026-08-24,1号艇のdominance,0.2884,1号艇の年齢,-0.1085,1号艇の勝率順位,0.0797,1号艇の級別順位,0.0763,1号艇のvs_max234_diff,0.0739,2号艇のsession_exh_rel_avg,-0.1035,3号艇のracer_2nd_te,0.059,2号艇のclass_rank_2to6,-0.0567,2号艇のwin_rate_rank_2to6,0.0563,1号艇の年齢,0.0541,3号艇のsession_exh_rel_avg,-0.1365,3号艇のwin_rate_rank_2to6,-0.1112,3号艇の全国勝率,-0.0899,3号艇のsession_rank_diff_delta,0.0663,3号艇の当地勝率,-0.0622,0.0205,東 3.0m/s,[逃げ]1号艇のdominanceが有利(+28.8pt)、1号艇の年齢が不利(-10.9pt) / [2着]2号艇のsession_exh_rel_avgが不利(-10.3pt)、3号艇のracer_2nd_teが有利(+5.9pt) / [候補2]3号艇のsession_exh_rel_avgが不利(-13.7pt)、3号艇のwin_rate_rank_2to6が不利(-11.1pt) / [除外]5号艇のracer_avgfin_teが不利(-5.4pt)、天気+2.1pt
37,20,若松,8,18:39,0.5501747639246571,2,0.45362934188958814,3,0.34620286710702264,0.44004749676404736,0.1239412616782583,0.6758909473183525,0.374599446427293,0.5108005319303389,1-2,1-3,0.24957541608340175,0.19047208068064564,0.06818935438435991,0.03188199712131318,0.010055903357572444,True,False,False,False,エイトビート,2026-08-24,1号艇のdominance,0.1339,1号艇のsession_exh_rel_avg,0.1177,1号艇の勝率順位,-0.0938,風速区分,0.0803,1号艇のモーター2連率順位,0.0614,2号艇のwin_rate_rank_2to6,0.1674,2号艇のclass_rank_2to6,0.0748,2号艇の全国勝率,0.0535,1号艇のsession_exh_rel_delta,0.0446,6号艇のsession_rank_diff_last,-0.0439,4号艇のsession_rank_diff_last,-0.1151,3号艇のsession_exh_rel_avg,0.112,3号艇のwin_rate_rank_2to6,0.0572,3号艇のclass_rank_2to6,0.0507,場特性:1x_diff_course3,0.0403,0.0518,東 1.5m/s,[逃げ]1号艇のdominanceが有利(+13.4pt)、1号艇のsession_exh_rel_avgが有利(+11.8pt) / [2着]2号艇のwin_rate_rank_2to6が有利(+16.7pt)、2号艇のclass_rank_2to6が有利(+7.5pt) / [候補2]4号艇のsession_rank_diff_lastが不利(-11.5pt)、3号艇のsession_exh_rel_avgが有利(+11.2pt)、天気+5.2pt
38,03,江戸川,7,13:56,0.49936770022350024,2,0.6847766529786556,3,0.12568108730091415,0.4047164178917437,0.0714205847628817,0.7390371555166881,0.3700303180169831,0.505012639179227,1-2,1-3,0.34195534236469716,0.06276107552704646,0.0356651331616578,0.028909661236132155,0.03007647770237355,True,True,False,False,予選,2026-08-24,場特性:in_escape_diff,-0.1607,1号艇のsession_exh_rel_avg,-0.1017,場×風向,-0.081,1号艇のracer_win_te,0.072,4号艇のモーター2連率,-0.0638,2号艇のwin_rate_rank_2to6,0.2326,2号艇のclass_rank_2to6,0.1105,2号艇の全国勝率,0.0546,2号艇のモーター2連率,0.0528,2号艇のracer_2nd_te,0.0526,3号艇のwin_rate_rank_2to6,-0.1522,3号艇の全国勝率,-0.0992,3号艇のsession_exh_rel_avg,0.0924,3号艇のracer_avgfin_te,-0.0858,5号艇のsession_exh_rel_delta,0.0782,0.0066,南 1.9m/s,[逃げ]場特性:in_escape_diffが不利(-16.1pt)、1号艇のsession_exh_rel_avgが不利(-10.2pt) / [2着]2号艇のwin_rate_rank_2to6が有利(+23.3pt)、2号艇のclass_rank_2to6が有利(+11.0pt) / [候補2]3号艇のwin_rate_rank_2to6が不利(-15.2pt)、3号艇の全国勝率が不利(-9.9pt) / [除外]4号艇のwin_rate_rank_2to6が不利(-5.7pt)、天気+0.7pt
39,19,下関,1,15:27,0.5461241838344333,2,0.3874852482813508,3,0.36159253441224004,0.40908949270204426,0.08869498364810591,0.6603827990454849,0.36554846966306054,0.48447748460507645,1-2,1-3,0.21161506496553545,0.19747442773650883,0.048438475555030246,0.043214682579214486,0.04538152892920199,True,False,False,False,一般,2026-08-24,1号艇のdominance,-0.2221,1号艇の年齢,-0.159,場特性:in_escape_diff,0.0891,1号艇の級別順位,0.0841,1号艇の全国勝率,-0.0742,2号艇のclass_rank_2to6,-0.0561,2号艇のsession_exh_rel_avg,0.0555,1号艇の直近複勝率,0.0448,2号艇の節間得点,-0.0447,2号艇のcumulative_diff_rank_2to6,-0.0365,3号艇のwin_rate_rank_2to6,0.1611,3号艇のsession_exh_rel_avg,-0.1263,3号艇の節間得点,-0.0857,3号艇のsession_exh_rel_last,-0.0423,場特性:1x_diff_course3,0.0388,0.0081,東 3.2m/s,[逃げ]1号艇のdominanceが不利(-22.2pt)、1号艇の年齢が不利(-15.9pt) / [2着]2号艇のclass_rank_2to6が不利(-5.6pt)、2号艇のsession_exh_rel_avgが有利(+5.5pt) / [候補2]3号艇のwin_rate_rank_2to6が有利(+16.1pt)、3号艇のsession_exh_rel_avgが不利(-12.6pt) / [除外]6号艇のsession_exh_rel_avgが不利(-7.8pt)、4号艇のwin_rate_rank_2to6が不利(-5.9pt)、天気+0.8pt
40,18,徳山,1,08:40,0.7774413355846086,3,0.3960841832880754,2,0.24834165235079214,0.5010032823443086,0.23125067370589797,0.4131751619329695,0.36197446645912346,0.4746548462209068,1-3,1-2,0.1930710658848884,0.3079322164594202,0.17978383262075384,0.08004125935538818,0.016612954023671318,False,False,True,False,朝トク予選,2026-08-24,1号艇のdominance,0.3044,場特性:in_escape_diff,0.1919,場特性:1x_diff_course2,0.0712,1号艇の級別順位,0.0707,1号艇のvs_max234_diff,0.0622,3号艇のwin_rate_rank_2to6,0.0821,3号艇の当地勝率,-0.0788,3号艇のracer_win_te,-0.0553,3号艇の節間得点,-0.0519,second_best_win_rate,0.0508,2号艇のwin_rate_rank_2to6,-0.1459,2号艇のsession_avg_finish,-0.09,2号艇の全国勝率,-0.089,2号艇の直近平均着順,-0.0585,2号艇の節間得点,-0.0582,0.0279,南 2.4m/s,[逃げ]1号艇のdominanceが有利(+30.4pt)、場特性:in_escape_diffが有利(+19.2pt) / [2着]3号艇のwin_rate_rank_2to6が有利(+8.2pt)、3号艇の当地勝率が不利(-7.9pt) / [候補2]2号艇のwin_rate_rank_2to6が不利(-14.6pt)、2号艇のsession_avg_finishが不利(-9.0pt) / [除外]6号艇のwin_rate_rank_2to6が不利(-11.6pt)、6号艇の直近平均着順が不利(-11.5pt)、天気+2.8pt
41,18,徳山,12,14:19,0.801297056670516,4,0.3800556574460162,2,0.2609722250743503,0.5136537555073031,0.2543566254132576,0.386671257107109,0.35687227244928216,0.47555900598724477,1-4,1-2,0.20911627582483233,0.20381521528828828,0.3045374796824707,0.0650447818869372,0.018783306973051663,True,True,False,False,ドリーム戦,2026-08-24,場特性:in_escape_diff,0.2745,1号艇のdominance,0.1345,1号艇のsession_exh_rel_avg,0.1112,race_no,0.0831,1号艇の級別順位,0.074,4号艇のwin_rate_rank_2to6,0.1795,4号艇のclass_rank_2to6,0.1459,4号艇の全国勝率,0.0944,3号艇の年齢,0.0698,4号艇のsession_exh_rel_avg,0.0661,2号艇のsession_exh_rel_avg,-0.1218,2号艇のclass_rank_2to6,-0.063,2号艇の全国勝率,0.0507,レース時間帯,-0.047,場特性:in_escape_diff,0.0432,0.1394,南東 2.1m/s,[逃げ]場特性:in_escape_diffが有利(+27.5pt)、1号艇のdominanceが有利(+13.5pt) / [2着]4号艇のwin_rate_rank_2to6が有利(+17.9pt)、4号艇のclass_rank_2to6が有利(+14.6pt) / [候補2]2号艇のsession_exh_rel_avgが不利(-12.2pt)、2号艇のclass_rank_2to6が不利(-6.3pt) / [除外]6号艇のwin_rate_rank_2to6が不利(-7.2pt)、天気+13.9pt
42,22,福岡,1,12:15,0.8811612228384129,3,0.3227654921195682,4,0.21967827283756508,0.4779804112507001,0.2134034100272034,0.3290403549299298,0.3555772316261748,0.433298394354469,1-3,1-4,0.18804280973745777,0.28440843572612085,0.19357197552457936,0.17699658616790742,0.038141423888800936,True,True,False,False,カタメン１予,2026-08-24,1号艇のdominance,0.3424,1号艇のvs_max234_frame_diff,0.1421,1号艇のvs_max234_diff,0.1364,1号艇のracer_win_te,0.1227,1号艇の勝率順位,0.0964,3号艇のsession_exh_rel_avg,-0.1613,場特性:1x_diff_course3,0.0683,3号艇のwin_rate_rank_2to6,-0.0637,6号艇のsession_rank_diff_delta,-0.0485,3号艇の当地勝率,0.0468,4号艇のsession_exh_rel_avg,-0.1593,4号艇のwin_rate_rank_2to6,0.1359,1号艇vs5号艇の枠別勝率差,0.1096,4号艇のclass_rank_2to6,-0.0791,2号艇のsession_rank_diff_last,-0.0695,0.0478,北西 2.5m/s,[逃げ]1号艇のdominanceが有利(+34.2pt)、1号艇のvs_max234_frame_diffが有利(+14.2pt) / [2着]3号艇のsession_exh_rel_avgが不利(-16.1pt)、場特性:1x_diff_course3が有利(+6.8pt) / [候補2]4号艇のsession_exh_rel_avgが不利(-15.9pt)、4号艇のwin_rate_rank_2to6が有利(+13.6pt) / [除外]6号艇のwin_rate_rank_2to6が不利(-7.4pt)、天気+4.8pt
43,08,常滑,9,14:41,0.7001359494421139,3,0.45880442963196355,4,0.2294186762405767,0.4818497376580715,0.2269855506506322,0.4612375552219081,0.3506022240182554,0.47566608292722246,1-3,1-4,0.1589207440144214,0.3212254749486223,0.1606242627094491,0.049099691455474104,0.01026577827030424,True,True,False,False,予選,2026-08-24,1号艇のdominance,0.3017,1号艇のsession_exh_rel_avg,0.1886,1号艇のracer_win_te,0.1381,1号艇vs3号艇のcumulative差,-0.0999,5号艇の女子戦2連率,0.0858,3号艇のwin_rate_rank_2to6,0.1365,3号艇の当地勝率,0.1226,3号艇のsession_exh_rel_avg,-0.0557,3号艇のracer_win_te,0.052,3号艇のclass_rank_2to6,0.0511,4号艇のwin_rate_rank_2to6,0.0914,5号艇の女子戦2連率,0.0867,4号艇のモーター2連率,0.086,4号艇のclass_rank_2to6,0.0773,4号艇のsession_exh_rel_avg,0.0732,-0.0445,南東 4.4m/s,[逃げ]1号艇のdominanceが有利(+30.2pt)、1号艇のsession_exh_rel_avgが有利(+18.9pt) / [2着]3号艇のwin_rate_rank_2to6が有利(+13.6pt)、3号艇の当地勝率が有利(+12.3pt) / [候補2]4号艇のwin_rate_rank_2to6が有利(+9.1pt)、5号艇の女子戦2連率が有利(+8.7pt) / [除外]6号艇のwin_rate_rank_2to6が不利(-7.9pt)、3号艇のracer_win_teが不利(-6.3pt)、天気-4.4pt
44,20,若松,11,20:10,0.749482417127728,2,0.3842851534294197,3,0.24892971220171195,0.47458340805443,0.22470778373563102,0.40850708189550056,0.34661230506849366,0.4547605102067511,1-2,1-3,0.2880149656585813,0.18656844239584877,0.0912724087038512,0.1684145329015955,0.01521206956188085,False,False,False,False,一般特選,2026-08-24,1号艇のdominance,0.1644,1号艇のsession_exh_rel_avg,-0.1476,1号艇の勝率順位,0.0934,1号艇のracer_win_te,0.0821,1号艇の平均ST,0.0651,2号艇のclass_rank_2to6,0.0862,2号艇のsession_exh_rel_avg,0.0834,2号艇の節間得点,-0.0795,2号艇のwin_rate_rank_2to6,0.0683,2号艇の全国勝率,0.0624,3号艇のsession_exh_rel_avg,0.088,3号艇のwin_rate_rank_2to6,-0.0751,3号艇のcumulative_diff_rank_2to6,-0.0569,4号艇のsession_exh_rel_delta,-0.0525,3号艇の当地勝率,-0.0444,0.0862,東 2.5m/s,[逃げ]1号艇のdominanceが有利(+16.4pt)、1号艇のsession_exh_rel_avgが不利(-14.8pt) / [2着]2号艇のclass_rank_2to6が有利(+8.6pt)、2号艇のsession_exh_rel_avgが有利(+8.3pt) / [候補2]3号艇のsession_exh_rel_avgが有利(+8.8pt)、3号艇のwin_rate_rank_2to6が不利(-7.5pt) / [除外]6号艇のwin_rate_rank_2to6が不利(-7.7pt)、6号艇のvs_avg456_diffが不利(-5.6pt)、天気+8.6pt
45,08,常滑,6,13:10,0.5948458293643109,3,0.39389234566839726,4,0.30054877745233755,0.413085405827437,0.14136543275032631,0.5530756903704085,0.3430102092382693,0.4550824911903284,1-3,1-4,0.08409063808781257,0.23430521903937157,0.17878018678806543,0.030153952871428205,0.0675158336856198,True,True,False,False,昼トコ小判Ｒ,2026-08-24,1号艇のsession_exh_rel_avg,0.1342,1号艇の級別順位,-0.104,1号艇vs3号艇のcumulative差,-0.1,1号艇のdominance,0.0904,1号艇のracer_win_te,0.0892,3号艇の当地勝率,0.1037,3号艇のsession_exh_rel_avg,0.0847,3号艇の全国勝率,0.0689,3号艇の節間得点,0.0578,1号艇vs3号艇のcumulative差,0.0567,4号艇のclass_rank_2to6,0.1256,4号艇の全国勝率,0.1132,4号艇のwin_rate_rank_2to6,0.0868,5号艇のsession_rank_diff_delta,0.0762,4号艇の年齢,0.0534,-0.1076,南 4.9m/s,[逃げ]1号艇のsession_exh_rel_avgが有利(+13.4pt)、1号艇の級別順位が不利(-10.4pt) / [2着]3号艇の当地勝率が有利(+10.4pt)、3号艇のsession_exh_rel_avgが有利(+8.5pt) / [候補2]4号艇のclass_rank_2to6が有利(+12.6pt)、4号艇の全国勝率が有利(+11.3pt) / [除外]2号艇のwin_rate_rank_2to6が不利(-7.0pt)、天気-10.8pt
46,20,若松,12,20:40,0.764631518375974,3,0.3526197095345607,2,0.2432186618754928,0.45559679863793673,0.20706693073616778,0.3887714406738857,0.342389961741319,0.4355491912487214,1-3,1-2,0.18597265472723068,0.26962414391070605,0.13600588388851176,0.1583299016542486,0.014698947725530173,False,False,False,False,一般特選,2026-08-24,1号艇のdominance,0.292,1号艇のracer_win_te,0.1714,1号艇の年齢,-0.0802,1号艇の級別順位,0.0788,1号艇の全国勝率,0.0749,3号艇のsession_exh_rel_avg,0.1442,3号艇のwin_rate_rank_2to6,-0.1209,3号艇の当地勝率,0.0841,3号艇のcumulative_diff_rank_2to6,0.0508,場特性:1x_diff_course3,0.0508,2号艇のsession_exh_rel_avg,-0.0819,2号艇のclass_rank_2to6,0.071,2号艇の全国勝率,0.0594,レース時間帯,-0.048,4号艇のrecent_race_count,0.0451,0.0821,東 2.6m/s,[逃げ]1号艇のdominanceが有利(+29.2pt)、1号艇のracer_win_teが有利(+17.1pt) / [2着]3号艇のsession_exh_rel_avgが有利(+14.4pt)、3号艇のwin_rate_rank_2to6が不利(-12.1pt) / [候補2]2号艇のsession_exh_rel_avgが不利(-8.2pt)、2号艇のclass_rank_2to6が有利(+7.1pt) / [除外]6号艇のwin_rate_rank_2to6が不利(-8.1pt)、6号艇のvs_avg456_diffが不利(-5.6pt)、天気+8.2pt
47,08,常滑,12,16:09,0.7891588999440595,4,0.34503071577533506,3,0.2891521018617185,0.5004710147298813,0.26543693054388107,0.3687458870931726,0.3410588267585839,0.4609534764388687,1-4,1-3,0.2094719161125369,0.22818695462170643,0.2722840601081749,0.05740184076050653,0.021814110702058794,True,False,False,False,予選特選,2026-08-24,1号艇のracer_win_te,0.1532,1号艇のdominance,0.1522,1号艇のsession_exh_rel_avg,0.0995,場特性:in_escape_diff,0.0848,1号艇の体重,-0.082,4号艇のwin_rate_rank_2to6,0.2049,4号艇のclass_rank_2to6,0.1856,4号艇の全国勝率,0.125,4号艇の当地勝率,0.0526,4号艇の直近複勝率,0.0476,3号艇のwin_rate_rank_2to6,0.0687,3号艇の全国勝率,0.0474,3号艇のcumulative_diff_rank_2to6,0.046,3号艇の節間得点,0.0434,全艇平均勝率,-0.0308,0.0963,南東 3.9m/s,[逃げ]1号艇のracer_win_teが有利(+15.3pt)、1号艇のdominanceが有利(+15.2pt) / [2着]4号艇のwin_rate_rank_2to6が有利(+20.5pt)、4号艇のclass_rank_2to6が有利(+18.6pt) / [候補2]3号艇のwin_rate_rank_2to6が有利(+6.9pt)、3号艇の全国勝率が有利(+4.7pt) / [除外]5号艇のwin_rate_rank_2to6が不利(-5.4pt)、天気+9.6pt
48,10,三国,4,10:06,0.5571862217971283,4,0.46317736545245636,3,0.2914613656425349,0.42047430340059727,0.1611662748259565,0.5934724562690348,0.3391547708336613,0.4723737492611285,1-4,1-3,0.08979962775139233,0.16239825712219536,0.2580760462784019,0.02425797778176445,0.022654323241776412,False,False,True,False,予選,2026-08-24,1号艇の女子戦比率,-0.2383,1号艇のdominance,0.0665,1号艇のvs_max234_diff,0.0655,1号艇の体重,-0.0511,1号艇のsession_exh_count,-0.049,1号艇vs5号艇の直近複勝率差,0.2969,4号艇のwin_rate_rank_2to6,0.1123,5号艇のracer_win_te,0.1112,1号艇vs5号艇の勝率差,0.1013,4号艇の枠別平均ST,0.0854,3号艇のwin_rate_rank_2to6,-0.1092,3号艇の当地勝率,-0.0468,2号艇のracer_win_te,0.0463,3号艇のcumulative_diff_rank_2to6,0.0398,5号艇の一般戦2連率,0.0383,-0.0691,南西 4.2m/s,[逃げ]1号艇の女子戦比率が不利(-23.8pt)、1号艇のdominanceが有利(+6.6pt) / [2着]1号艇vs5号艇の直近複勝率差が有利(+29.7pt)、4号艇のwin_rate_rank_2to6が有利(+11.2pt) / [候補2]3号艇のwin_rate_rank_2to6が不利(-10.9pt)、3号艇の当地勝率が不利(-4.7pt) / [除外]5号艇の直近平均着順が不利(-16.6pt)、2号艇のrecent_race_countが不利(-14.4pt)、天気-6.9pt
49,15,丸亀,11,19:57,0.6212884321136058,2,0.49381925632921325,3,0.17621880873228535,0.41628689889849263,0.16050525801092624,0.5095328070505722,0.33610741556136753,0.4442606713441165,1-2,1-3,0.3068041915122837,0.10948270738620895,0.09972006009559814,0.06860417118472169,0.03667729962031355,True,False,False,False,予選選抜,2026-08-24,1号艇の年齢,0.1091,風速区分,0.0753,1号艇の勝率順位,-0.0688,1号艇の級別順位,0.0681,1号艇の節間得点,-0.065,2号艇のwin_rate_rank_2to6,0.0868,2号艇のclass_rank_2to6,0.0815,2号艇の全国勝率,0.0641,2号艇のracer_avgfin_te,0.0472,1号艇の女子戦2連率,0.0306,3号艇のwin_rate_rank_2to6,-0.1011,4号艇のrecent_race_count,-0.0685,6号艇のracer_2nd_te,-0.0606,3号艇のcumulative_diff_rank_2to6,0.0461,3号艇のモーター2連率,-0.0404,0.1464,南 2.3m/s,[逃げ]1号艇の年齢が有利(+10.9pt)、風速区分が有利(+7.5pt) / [2着]2号艇のwin_rate_rank_2to6が有利(+8.7pt)、2号艇のclass_rank_2to6が有利(+8.2pt) / [候補2]3号艇のwin_rate_rank_2to6が不利(-10.1pt)、4号艇のrecent_race_countが不利(-6.8pt)、天気+14.6pt
50,19,下関,4,16:50,0.5152721395557582,3,0.5260288048243388,2,0.23080638377755686,0.38997608692198454,0.11519247128717333,0.6416427173147222,0.33606931588745065,0.4654760760398058,1-3,1-2,0.11892809919218918,0.2710479877297954,0.05432614225912993,0.05935547114085705,0.01161443395505638,True,False,False,False,一般,2026-08-24,1号艇のracer_win_te,-0.1029,場特性:in_escape_diff,0.0793,1号艇の級別順位,-0.0754,1号艇vs4号艇の枠別平均ST差,-0.0741,1号艇の勝率順位,-0.0641,3号艇のwin_rate_rank_2to6,0.1572,3号艇のsession_exh_rel_avg,0.0617,4号艇の節間得点,0.0477,場特性:1x_diff_course3,0.0463,3号艇の全国勝率,0.0444,2号艇のsession_exh_rel_avg,0.0759,2号艇の全国勝率,-0.0753,2号艇の節間得点,-0.0709,2号艇のclass_rank_2to6,-0.0686,2号艇のwin_rate_rank_2to6,-0.0528,0.0319,東 2.4m/s,[逃げ]1号艇のracer_win_teが不利(-10.3pt)、場特性:in_escape_diffが有利(+7.9pt) / [2着]3号艇のwin_rate_rank_2to6が有利(+15.7pt)、3号艇のsession_exh_rel_avgが有利(+6.2pt) / [候補2]2号艇のsession_exh_rel_avgが有利(+7.6pt)、2号艇の全国勝率が不利(-7.5pt) / [除外]6号艇のwin_rate_rank_2to6が不利(-9.1pt)、6号艇のvs_avg456_diffが不利(-5.5pt)、天気+3.2pt
51,22,福岡,11,17:25,0.5919851532822111,2,0.4805458904541906,3,0.2287637409560274,0.41990077087492655,0.16740879374395878,0.5419008376662592,0.3355466730217307,0.4565007909123263,1-2,1-3,0.28447603261966065,0.1354247382552659,0.09910352042530751,0.02920180666935092,0.04377904979933476,True,False,False,False,予選特選,2026-08-24,1号艇のdominance,0.1607,1号艇のracer_win_te,0.1424,1号艇のsession_exh_rel_avg,-0.141,4号艇のsession_rank_diff_delta,-0.1163,1号艇の勝率順位,0.1004,2号艇のsession_exh_rel_avg,-0.1454,2号艇のclass_rank_2to6,0.1043,2号艇の当地勝率,0.0884,レース時間帯,-0.0671,2号艇のwin_rate_rank_2to6,0.0656,1号艇のracer_avgfin_te,0.1081,3号艇のwin_rate_rank_2to6,-0.1036,3号艇の全国勝率,-0.0581,3号艇の当地勝率,-0.0556,3号艇のcumulative_diff_rank_2to6,0.0415,0.007,西 2.2m/s,[逃げ]1号艇のdominanceが有利(+16.1pt)、1号艇のracer_win_teが有利(+14.2pt) / [2着]2号艇のsession_exh_rel_avgが不利(-14.5pt)、2号艇のclass_rank_2to6が有利(+10.4pt) / [候補2]1号艇のracer_avgfin_teが有利(+10.8pt)、3号艇のwin_rate_rank_2to6が不利(-10.4pt) / [除外]1号艇の当地勝率が不利(-11.5pt)、1号艇vs5号艇のlocal_win_rate差が不利(-9.6pt)、天気+0.7pt
52,06,浜名湖,4,12:51,0.852176567523619,2,0.2943050192487275,3,0.26687511989245327,0.4782245647357584,0.2519105347923516,0.3092696043488292,0.3336607977116491,0.4275380766196797,1-2,1-3,0.25079984110835324,0.22742472362740512,0.2146722548623854,0.13783777998603775,0.0214419600029248,True,True,False,False,ランチタイム,2026-08-24,1号艇のdominance,0.2927,1号艇のracer_win_te,0.1721,1号艇のvs_max234_diff,0.0962,1号艇のlocal_win_rate順位,0.0838,1号艇の級別順位,0.0793,2号艇のwin_rate_rank_2to6,0.1843,2号艇のsession_exh_rel_avg,-0.1247,6号艇のsession_rank_diff_last,-0.0633,2号艇のclass_rank_2to6,-0.0582,3号艇の全国勝率,-0.0571,3号艇のwin_rate_rank_2to6,-0.1214,3号艇のracer_avgfin_te,-0.1163,3号艇のracer_2nd_te,-0.0508,3号艇の当地勝率,-0.0405,3号艇のcumulative_diff_rank_2to6,0.0397,-0.0214,南西 4.0m/s,[逃げ]1号艇のdominanceが有利(+29.3pt)、1号艇のracer_win_teが有利(+17.2pt) / [2着]2号艇のwin_rate_rank_2to6が有利(+18.4pt)、2号艇のsession_exh_rel_avgが不利(-12.5pt) / [候補2]3号艇のwin_rate_rank_2to6が不利(-12.1pt)、3号艇のracer_avgfin_teが不利(-11.6pt) / [除外]local_win_rateの分散(2-6号艇)が不利(-8.1pt)、1号艇vs6号艇のcumulative差が不利(-6.5pt)、天気-2.1pt
53,19,下関,10,19:48,0.7364939835317963,4,0.3189132571033113,2,0.28085925117374233,0.4417288438338245,0.22821770967657146,0.3715547986004822,0.3207564297884221,0.42067663026382174,1-4,1-2,0.20685114870870683,0.16808097011220108,0.23487769512511766,0.10775840683683192,0.018925773723554414,True,False,False,False,選抜戦,2026-08-24,1号艇のvs_max234_frame_diff,0.1334,場特性:in_escape_diff,0.0837,1号艇のdominance,0.0814,1号艇の節間得点,0.0779,1号艇のframe_dominance,0.0704,4号艇のwin_rate_rank_2to6,0.2047,4号艇のclass_rank_2to6,0.1747,4号艇の全国勝率,0.0549,4号艇のsession_exh_rel_avg,0.0548,2号艇のracer_2nd_te,-0.0444,2号艇のwin_rate_rank_2to6,0.0776,2号艇のsession_exh_rel_avg,-0.0701,1号艇のframe_dominance,-0.0522,2号艇のsession_rank_diff_delta,-0.0439,2号艇の節間得点,0.0432,0.0819,東 3.6m/s,[逃げ]1号艇のvs_max234_frame_diffが有利(+13.3pt)、場特性:in_escape_diffが有利(+8.4pt) / [2着]4号艇のwin_rate_rank_2to6が有利(+20.5pt)、4号艇のclass_rank_2to6が有利(+17.5pt) / [候補2]2号艇のwin_rate_rank_2to6が有利(+7.8pt)、2号艇のsession_exh_rel_avgが不利(-7.0pt) / [除外]6号艇のsession_exh_rel_avgが不利(-5.9pt)、5号艇のwin_rate_rank_2to6が不利(-5.4pt)、天気+8.2pt
54,06,浜名湖,12,17:06,0.848836084894738,2,0.2828811887388153,5,0.2613200041992426,0.461937610008587,0.25601163784894104,0.28818955508911687,0.32002392506179855,0.409813193532746,1-2,1-5,0.24011976073942543,0.1578677917956839,0.21731191635918465,0.22181784926916162,0.011718764359661831,True,False,False,False,予選特選,2026-08-24,1号艇のdominance,0.2594,風速区分,0.0996,1号艇のvs_max234_diff,0.096,race_no,0.083,1号艇のracer_win_te,0.0824,2号艇のwin_rate_rank_2to6,0.0818,レース時間帯,-0.0716,2号艇のsession_exh_rel_avg,-0.0662,1号艇vs2号艇のcumulative差,-0.0581,2号艇のracer_2nd_te,0.0482,5号艇のwin_rate_rank_2to6,0.2165,5号艇のclass_rank_2to6,0.1014,5号艇の枠別勝率,0.0831,5号艇のracer_avgfin_te,0.0596,5号艇のsession_exh_rel_avg,0.055,0.0712,南西 1.4m/s,[逃げ]1号艇のdominanceが有利(+25.9pt)、風速区分が有利(+10.0pt) / [2着]2号艇のwin_rate_rank_2to6が有利(+8.2pt)、レース時間帯が不利(-7.2pt) / [候補2]5号艇のwin_rate_rank_2to6が有利(+21.7pt)、5号艇のclass_rank_2to6が有利(+10.1pt) / [除外]1号艇vs4号艇のlocal_win_rate差が不利(-8.3pt)、6号艇のwin_rate_rank_2to6が不利(-7.0pt)、天気+7.1pt
55,06,浜名湖,10,16:05,0.5662134373030588,3,0.41635295919320203,2,0.2985629500141561,0.4047949943349398,0.1754748808387473,0.5394410283686109,0.3195573702608859,0.44518880454504106,1-3,1-2,0.16905035417885667,0.23574464015608312,0.09935623544005176,0.033089665801904006,0.02897255227271043,True,False,False,False,予選特賞,2026-08-24,3号艇のracer_win_te,-0.1675,1号艇の節間得点,0.0943,1号艇のsession_exh_rel_avg,0.0866,avg_entry_count,-0.0861,1号艇のdominance,-0.0665,3号艇のwin_rate_rank_2to6,0.2212,3号艇の当地勝率,0.0889,3号艇のracer_win_te,0.0593,3号艇のclass_rank_2to6,0.0552,3号艇のracer_avgfin_te,0.0475,2号艇のwin_rate_rank_2to6,-0.1447,レース時間帯,-0.0656,2号艇のclass_rank_2to6,-0.0572,2号艇のsession_exh_rel_avg,-0.0481,2号艇のモーター2連率,-0.0469,0.0822,南西 1.4m/s,[逃げ]3号艇のracer_win_teが不利(-16.8pt)、1号艇の節間得点が有利(+9.4pt) / [2着]3号艇のwin_rate_rank_2to6が有利(+22.1pt)、3号艇の当地勝率が有利(+8.9pt) / [候補2]2号艇のwin_rate_rank_2to6が不利(-14.5pt)、レース時間帯が不利(-6.6pt) / [除外]6号艇のsession_exh_rel_avgが不利(-6.3pt)、3号艇の一般戦勝率が不利(-6.2pt)、天気+8.2pt
56,10,三国,3,09:40,0.6729292462007198,4,0.4277515060933325,3,0.2713830858836605,0.4704681139719257,0.27113440908486613,0.4280001828921269,0.31739600108186633,0.45772773464798605,1-4,1-3,0.18245427352455657,0.18262161541531688,0.2878464985566089,0.014561972018864562,0.005444873211017741,False,False,True,False,予選,2026-08-24,1号艇の女子戦比率,-0.2359,1号艇のdominance,0.1769,1号艇のracer_win_te,0.1142,1号艇の勝率順位,0.1095,1号艇の全国勝率,0.0701,4号艇のwin_rate_rank_2to6,0.2548,4号艇のclass_rank_2to6,0.2378,1号艇vs5号艇の直近複勝率差,0.1929,4号艇の全国勝率,0.1032,4号艇の女子戦比率,-0.0685,3号艇のwin_rate_rank_2to6,0.075,3号艇の当地勝率,-0.0465,5号艇の一般戦2連率,0.0463,3号艇の全国勝率,0.0377,3号艇のモーター2連率,-0.0373,-0.0477,南西 4.8m/s,[逃げ]1号艇の女子戦比率が不利(-23.6pt)、1号艇のdominanceが有利(+17.7pt) / [2着]4号艇のwin_rate_rank_2to6が有利(+25.5pt)、4号艇のclass_rank_2to6が有利(+23.8pt) / [候補2]3号艇のwin_rate_rank_2to6が有利(+7.5pt)、3号艇の当地勝率が不利(-4.6pt) / [除外]5号艇の直近平均着順が不利(-14.4pt)、1号艇vs5号艇の勝率差が不利(-12.4pt)、天気-4.8pt
57,22,福岡,9,16:14,0.7449655433730171,3,0.30755120015438364,4,0.23957848714631708,0.4075927647954755,0.18777828705121027,0.3593514002494905,0.31574827937016203,0.39312035543168,1-3,1-4,0.13988835364675925,0.22911504693803394,0.1784777178574415,0.09679101817763411,0.1006933984275096,True,False,False,False,予選特賞,2026-08-24,1号艇のracer_win_te,0.1602,1号艇のsession_exh_rel_avg,0.1286,1号艇の節間得点,0.0931,ST差分(4-3),-0.086,1号艇vs4号艇の枠別平均ST差,-0.0777,6号艇の直近1着率,-0.0548,3号艇の当地勝率,-0.0418,1号艇の一般戦2連率,0.0404,3号艇のモーター2連率,-0.0349,2号艇の節間得点,0.0347,4号艇のwin_rate_rank_2to6,0.1067,4号艇のclass_rank_2to6,-0.0927,1号艇vs2号艇のcumulative差,0.069,4号艇の節間得点,0.0655,4号艇のcumulative_diff_rank_2to6,0.06,0.0401,北西 2.2m/s,[逃げ]1号艇のracer_win_teが有利(+16.0pt)、1号艇のsession_exh_rel_avgが有利(+12.9pt) / [2着]6号艇の直近1着率が不利(-5.5pt)、3号艇の当地勝率が不利(-4.2pt) / [候補2]4号艇のwin_rate_rank_2to6が有利(+10.7pt)、4号艇のclass_rank_2to6が不利(-9.3pt) / [除外]2号艇のwin_rate_rank_2to6が不利(-5.7pt)、天気+4.0pt
58,07,蒲郡,3,16:11,0.5673430627134641,3,0.3877575799583623,2,0.27523320888950364,0.37614322469576383,0.1378776349444728,0.5251131539033931,0.3139091388300366,0.42083420345805256,1-3,1-2,0.15615165169182563,0.21999157300393823,0.07822391968908615,0.041022747655667297,0.07195316433239397,True,False,False,False,一般戦,2026-08-24,1号艇のracer_win_te,-0.1234,1号艇のsession_exh_rel_avg,0.1161,1号艇のdominance,-0.0926,1号艇の全国勝率,-0.074,風速区分,0.0735,3号艇のwin_rate_rank_2to6,-0.1039,3号艇のsession_exh_rel_avg,0.0607,場特性:1x_diff_course3,0.0588,1号艇のsession_rank_diff_last,0.0511,3号艇のcumulative_diff_rank_2to6,0.0472,2号艇のsession_exh_rel_avg,-0.0697,2号艇のモーター2連率,-0.0428,2号艇のclass_rank_2to6,-0.0387,2号艇のwin_rate_rank_2to6,-0.0375,2号艇のcumulative_diff_rank_2to6,-0.035,-0.0326,南 2.3m/s,[逃げ]1号艇のracer_win_teが不利(-12.3pt)、1号艇のsession_exh_rel_avgが有利(+11.6pt) / [2着]3号艇のwin_rate_rank_2to6が不利(-10.4pt)、3号艇のsession_exh_rel_avgが有利(+6.1pt) / [候補2]2号艇のsession_exh_rel_avgが不利(-7.0pt)、2号艇のモーター2連率が不利(-4.3pt)、天気-3.3pt
59,13,尼崎,10,15:07,0.4956763330530926,3,0.42435058414635307,2,0.31978771924295457,0.36885174550836175,0.12436488097442311,0.6197734224148845,0.313805101395535,0.4441282485803186,1-3,1-2,0.15851120402975963,0.2103405414786021,0.06164472816198637,0.0588503512337074,0.006329499377980487,True,False,False,False,予選特賞,2026-08-24,1号艇の女子戦比率,-0.1358,1号艇のdominance,0.0732,1号艇の節間得点,-0.0674,1号艇の体重,-0.062,レース時間帯,0.0576,3号艇のwin_rate_rank_2to6,0.0727,3号艇の当地2連率,-0.0661,3号艇のclass_rank_2to6,0.0494,3号艇の全国勝率,0.0384,3号艇のcumulative_diff_rank_2to6,0.0375,2号艇のモーター2連率,0.0767,2号艇の全国勝率,0.068,2号艇のclass_rank_2to6,-0.0551,6号艇のracer_2nd_te,-0.0302,2号艇の当地勝率,-0.0299,0.0838,西 3.1m/s,[逃げ]1号艇の女子戦比率が不利(-13.6pt)、1号艇のdominanceが有利(+7.3pt) / [2着]3号艇のwin_rate_rank_2to6が有利(+7.3pt)、3号艇の当地2連率が不利(-6.6pt) / [候補2]2号艇のモーター2連率が有利(+7.7pt)、2号艇の全国勝率が有利(+6.8pt) / [除外]6号艇のwin_rate_rank_2to6が不利(-7.9pt)、6号艇のvs_avg456_diffが不利(-5.9pt)、天気+8.4pt
60,06,浜名湖,11,16:32,0.6893691978429015,2,0.3633266047735025,5,0.22395448993734962,0.40485349716912117,0.1944503330558377,0.3928307616550144,0.31038482033309367,0.4012466765148891,1-2,1-5,0.25046617008769434,0.13371747056895258,0.13404807011898787,0.15438732708142686,0.016750161911915137,True,False,False,False,予選特選,2026-08-24,1号艇のdominance,0.1533,場特性:in_escape_diff,-0.0769,1号艇の級別順位,0.0732,1号艇の節間得点,0.0724,風速区分,0.069,2号艇のsession_exh_rel_avg,0.0913,2号艇のclass_rank_2to6,-0.067,2号艇の全国勝率,0.0545,2号艇のモーター2連率,0.0411,2号艇の節間得点,0.0382,5号艇のwin_rate_rank_2to6,0.2152,5号艇のclass_rank_2to6,0.1429,5号艇のracer_avgfin_te,0.0651,5号艇のracer_win_te,0.052,1号艇vs5号艇のlocal_win_rate差,0.0511,0.0744,南西 1.4m/s,[逃げ]1号艇のdominanceが有利(+15.3pt)、場特性:in_escape_diffが不利(-7.7pt) / [2着]2号艇のsession_exh_rel_avgが有利(+9.1pt)、2号艇のclass_rank_2to6が不利(-6.7pt) / [候補2]5号艇のwin_rate_rank_2to6が有利(+21.5pt)、5号艇のclass_rank_2to6が有利(+14.3pt) / [除外]6号艇のwin_rate_rank_2to6が不利(-7.3pt)、天気+7.4pt
61,07,蒲郡,10,19:32,0.7539891376351541,2,0.32030728565429606,3,0.24004136703151527,0.42249679741359536,0.221231876561636,0.33911677612417535,0.3103330862138861,0.3974827910267693,1-2,1-3,0.24150821408873965,0.1809885833248557,0.1547027513512194,0.1668064318261148,0.009983175301609313,True,False,False,False,選抜戦,2026-08-24,1号艇のdominance,0.1455,1号艇の勝率順位,0.0928,風速区分,0.0867,レース時間帯,0.0618,1号艇のracer_win_te,0.057,2号艇のsession_exh_rel_avg,-0.1067,2号艇のclass_rank_2to6,0.0882,2号艇のwin_rate_rank_2to6,0.0786,2号艇の節間得点,0.0552,2号艇の全国勝率,0.0451,3号艇のsession_exh_rel_avg,-0.134,3号艇のwin_rate_rank_2to6,-0.108,3号艇の当地勝率,-0.0669,3号艇の全国勝率,-0.0579,3号艇のcumulative_diff_rank_2to6,0.0442,0.0643,南 2.3m/s,[逃げ]1号艇のdominanceが有利(+14.5pt)、1号艇の勝率順位が有利(+9.3pt) / [2着]2号艇のsession_exh_rel_avgが不利(-10.7pt)、2号艇のclass_rank_2to6が有利(+8.8pt) / [候補2]3号艇のsession_exh_rel_avgが不利(-13.4pt)、3号艇のwin_rate_rank_2to6が不利(-10.8pt) / [除外]6号艇のwin_rate_rank_2to6が不利(-7.4pt)、天気+6.4pt
62,06,浜名湖,8,15:00,0.5065431183111476,4,0.5068688322318651,2,0.2463687538169533,0.3815473156663299,0.15905825005038188,0.5941793359984365,0.30872141765676137,0.44533692176596185,1-4,1-2,0.12479639681287098,0.0805698619736347,0.25675091885345885,0.04126205101804534,0.00316389307336181,True,False,False,False,ブレイクタイ,2026-08-24,5号艇の枠別出走数,-0.0876,1号艇のsession_exh_rel_avg,0.0835,場特性:in_escape_diff,-0.0799,1号艇vs4号艇のcumulative差,-0.0726,1号艇の節間得点,0.064,4号艇のwin_rate_rank_2to6,0.2391,4号艇のclass_rank_2to6,0.2331,4号艇の節間得点,0.1229,4号艇の全国勝率,0.096,4号艇のcumulative_diff_rank_2to6,0.0551,2号艇のsession_exh_rel_avg,0.0728,win_rate_gap_top2_2to6,-0.0647,5号艇の年齢,-0.0444,2号艇のwin_rate_rank_2to6,0.041,3号艇の全国勝率,-0.0353,-0.002,南西 2.1m/s,[逃げ]5号艇の枠別出走数が不利(-8.8pt)、1号艇のsession_exh_rel_avgが有利(+8.4pt) / [2着]4号艇のwin_rate_rank_2to6が有利(+23.9pt)、4号艇のclass_rank_2to6が有利(+23.3pt) / [候補2]2号艇のsession_exh_rel_avgが有利(+7.3pt)、win_rate_gap_top2_2to6が不利(-6.5pt) / [除外]win_rate_range_1to6が不利(-7.0pt)、ST差分(6-5)が不利(-6.4pt)、天気影響ほぼなし
63,15,丸亀,12,20:30,0.7219708775705806,2,0.3173240289499242,3,0.27255212777083104,0.425873406525645,0.23703294114701084,0.3528432155737444,0.3047381751995607,0.40396434924007474,1-2,1-3,0.2290987076552091,0.19677469887043592,0.1711308805330432,0.08585033003378363,0.039116249719904336,False,False,False,False,ドリーム,2026-08-24,3号艇の直近平均着順,0.1758,race_no,0.1365,1号艇のracer_win_te,0.1305,3号艇の直近1着率,-0.1292,1号艇のdominance,0.1137,2号艇のwin_rate_rank_2to6,-0.1435,2号艇の当地勝率,0.0987,2号艇の全国勝率,0.0723,2号艇のclass_rank_2to6,-0.0511,4号艇の一般戦勝率,-0.0367,3号艇のモーター2連率,0.0945,3号艇のwin_rate_rank_2to6,0.061,3号艇の全国勝率,0.0429,3号艇のcumulative_diff_rank_2to6,0.0355,場特性:1x_diff_course3,-0.0284,0.2281,南 2.3m/s,[逃げ]3号艇の直近平均着順が有利(+17.6pt)、race_noが有利(+13.7pt) / [2着]2号艇のwin_rate_rank_2to6が不利(-14.4pt)、2号艇の当地勝率が有利(+9.9pt) / [候補2]3号艇のモーター2連率が有利(+9.5pt)、3号艇のwin_rate_rank_2to6が有利(+6.1pt)、天気+22.8pt
64,22,福岡,8,15:44,0.46986091937699404,3,0.5050441801353653,2,0.24099643993893993,0.3505353316406958,0.11115127099847336,0.6348893490758319,0.3037803944706141,0.4358415368712366,1-3,1-2,0.11323480883629285,0.23730052280440295,0.0522256383812641,0.03568838222269395,0.031411577634550186,True,False,False,False,予選,2026-08-24,1号艇の年齢,-0.1707,1号艇のracer_win_te,-0.0607,1号艇の勝率順位,-0.0559,1号艇vs4号艇の枠別勝率差,-0.0525,2号艇の平均ST,-0.0464,3号艇のsession_exh_rel_avg,0.0884,3号艇のwin_rate_rank_2to6,0.0739,6号艇のracer_2nd_te,-0.0725,3号艇のclass_rank_2to6,0.04,3号艇の全国勝率,0.0388,2号艇のwin_rate_rank_2to6,-0.1633,2号艇のsession_exh_rel_avg,-0.0767,2号艇のclass_rank_2to6,-0.0552,場特性:1x_diff_course2,0.0502,1号艇のモーター出走数,0.0396,0.0272,北西 2.4m/s,[逃げ]1号艇の年齢が不利(-17.1pt)、1号艇のracer_win_teが不利(-6.1pt) / [2着]3号艇のsession_exh_rel_avgが有利(+8.8pt)、3号艇のwin_rate_rank_2to6が有利(+7.4pt) / [候補2]2号艇のwin_rate_rank_2to6が不利(-16.3pt)、2号艇のsession_exh_rel_avgが不利(-7.7pt) / [除外]local_win_rateの分散(2-6号艇)が不利(-6.5pt)、天気+2.7pt
65,13,尼崎,7,13:27,0.5765408700105029,2,0.442926041285053,3,0.24661759998564517,0.3975500908484184,0.1991702385501984,0.49037340272049973,0.3025339151324994,0.42539708441004276,1-2,1-3,0.2553649651927924,0.14218512565562605,0.11482978261393079,0.04033870540948367,0.023822291138670064,True,True,False,False,予選,2026-08-24,1号艇のdominance,-0.1488,1号艇の級別順位,-0.1006,1号艇の全国勝率,-0.0745,場特性:in_escape_diff,0.0558,1号艇の節間得点,-0.0504,2号艇のwin_rate_rank_2to6,0.1982,2号艇のclass_rank_2to6,0.1073,2号艇の全国勝率,0.0593,2号艇のracer_avgfin_te,0.0452,2号艇のモーター2連率,0.0448,3号艇のwin_rate_rank_2to6,-0.123,3号艇の当地勝率,0.1197,3号艇の年齢,-0.0799,3号艇の一般戦2連率,0.0746,3号艇のcumulative_diff_rank_2to6,0.0452,0.0328,南西 3.4m/s,[逃げ]1号艇のdominanceが不利(-14.9pt)、1号艇の級別順位が不利(-10.1pt) / [2着]2号艇のwin_rate_rank_2to6が有利(+19.8pt)、2号艇のclass_rank_2to6が有利(+10.7pt) / [候補2]3号艇のwin_rate_rank_2to6が不利(-12.3pt)、3号艇の当地勝率が有利(+12.0pt)、天気+3.3pt
66,22,福岡,3,13:17,0.516232761692128,3,0.5011712044209762,2,0.21408279810041148,0.3692375490329642,0.15712496204017276,0.5581290404812148,0.2996178259822311,0.4259049964674393,1-3,1-2,0.11051655409415366,0.2587209949388105,0.08111305308476915,0.05398147322259374,0.011900676736216385,True,True,False,False,カタメン３予,2026-08-24,3号艇のracer_win_te,-0.1532,3号艇の女子戦勝率,0.1034,1号艇のdominance,0.0736,1号艇のvs_max234_diff,0.0674,1号艇のlocal_win_rate順位,-0.0578,3号艇のwin_rate_rank_2to6,0.1393,3号艇の当地勝率,0.0874,3号艇のsession_exh_rel_avg,0.0797,3号艇の節間得点,0.0626,3号艇のclass_rank_2to6,0.0481,2号艇のwin_rate_rank_2to6,-0.1459,2号艇の全国勝率,-0.059,2号艇のclass_rank_2to6,-0.0526,2号艇のsession_exh_rel_avg,0.0473,場特性:1x_diff_course2,0.0471,0.0411,北西 3.5m/s,[逃げ]3号艇のracer_win_teが不利(-15.3pt)、3号艇の女子戦勝率が有利(+10.3pt) / [2着]3号艇のwin_rate_rank_2to6が有利(+13.9pt)、3号艇の当地勝率が有利(+8.7pt) / [候補2]2号艇のwin_rate_rank_2to6が不利(-14.6pt)、2号艇の全国勝率が不利(-5.9pt) / [除外]6号艇のwin_rate_rank_2to6が不利(-6.0pt)、天気+4.1pt
67,07,蒲郡,12,20:35,0.6413609696246824,4,0.358603081054863,2,0.30428695633992536,0.4251517971380634,0.24986680253668253,0.4130232348581058,0.29767421296572877,0.4215132284540761,1-4,1-2,0.19515777736231793,0.16025481475194575,0.2299940197757455,0.05024280018143116,0.005711548892189834,False,False,False,False,優勝戦,2026-08-24,1号艇のracer_win_te,0.1836,4号艇のモーター2連率,-0.1526,1号艇のdominance,0.1424,1号艇のsession_exh_rel_avg,0.12,風速区分,0.0995,4号艇のwin_rate_rank_2to6,0.1985,4号艇の節間得点,0.1362,4号艇の全国勝率,0.1061,4号艇のモーター2連率,0.0872,4号艇のclass_rank_2to6,0.0849,2号艇のsession_exh_rel_avg,0.1151,2号艇のclass_rank_2to6,0.0795,1号艇の一般戦勝率,-0.0712,2号艇のwin_rate_rank_2to6,0.0528,2号艇の全国勝率,0.0512,0.2483,南 2.3m/s,[逃げ]1号艇のracer_win_teが有利(+18.4pt)、4号艇のモーター2連率が不利(-15.3pt) / [2着]4号艇のwin_rate_rank_2to6が有利(+19.9pt)、4号艇の節間得点が有利(+13.6pt) / [候補2]2号艇のsession_exh_rel_avgが有利(+11.5pt)、2号艇のclass_rank_2to6が有利(+7.9pt)、天気+24.8pt
68,19,下関,8,18:46,0.5615599383628839,3,0.4250236144027487,2,0.25472762924643255,0.3817210664857279,0.18432277953544385,0.4954284641137374,0.2972892009074679,0.41583328577413076,1-3,1-2,0.1430448317789502,0.23867623470677768,0.10350828871479928,0.04171874335660762,0.034611850265618,True,False,False,False,一般,2026-08-24,1号艇のracer_win_te,-0.2369,1号艇のdominance,-0.2204,1号艇のsession_exh_rel_avg,0.1496,1号艇の年齢,-0.1433,1号艇の級別順位,0.0963,3号艇のsession_exh_rel_avg,0.0874,3号艇の節間得点,-0.0646,3号艇のwin_rate_rank_2to6,-0.0617,3号艇のrecent_race_count,0.0602,場特性:1x_diff_course3,0.0562,2号艇のwin_rate_rank_2to6,-0.1351,2号艇の全国勝率,-0.0728,2号艇のsession_exh_rel_avg,0.0722,2号艇の節間得点,-0.0655,2号艇のsession_avg_finish,-0.0453,0.0277,東 2.5m/s,[逃げ]1号艇のracer_win_teが不利(-23.7pt)、1号艇のdominanceが不利(-22.0pt) / [2着]3号艇のsession_exh_rel_avgが有利(+8.7pt)、3号艇の節間得点が不利(-6.5pt) / [候補2]2号艇のwin_rate_rank_2to6が不利(-13.5pt)、2号艇の全国勝率が不利(-7.3pt) / [除外]5号艇のsession_exh_rel_avgが不利(-5.6pt)、天気+2.8pt
69,13,尼崎,11,15:39,0.7387453736392889,2,0.3081951425763107,4,0.26239615405409317,0.42152168062455403,0.24659170089531984,0.323999595735084,0.29678918279719896,0.39226505515771304,1-2,1-4,0.22767773575635059,0.18216847821426083,0.19384394486820347,0.10830443524065454,0.026750767175635123,True,False,False,False,予選特選,2026-08-24,1号艇のdominance,0.1522,1号艇のracer_win_te,0.0961,1号艇の勝率順位,0.0957,レース時間帯,0.0785,ST差分(4-3),-0.078,2号艇のwin_rate_rank_2to6,0.1598,2号艇の全国勝率,0.0562,ST差分(3-2),-0.0437,2号艇のモーター2連率,0.0402,2号艇のracer_2nd_te,-0.0282,4号艇のclass_rank_2to6,0.1304,4号艇のwin_rate_rank_2to6,0.0944,4号艇の全国勝率,0.0562,4号艇の年齢,-0.0524,3号艇の年齢,0.044,0.0811,西 2.9m/s,[逃げ]1号艇のdominanceが有利(+15.2pt)、1号艇のracer_win_teが有利(+9.6pt) / [2着]2号艇のwin_rate_rank_2to6が有利(+16.0pt)、2号艇の全国勝率が有利(+5.6pt) / [候補2]4号艇のclass_rank_2to6が有利(+13.0pt)、4号艇のwin_rate_rank_2to6が有利(+9.4pt) / [除外]6号艇のwin_rate_rank_2to6が不利(-7.0pt)、4号艇の一般戦2連率が不利(-5.4pt)、天気+8.1pt
70,21,芦屋,5,10:17,0.46770164159122996,3,0.5252622861067533,2,0.20482152822937522,0.3414613984641941,0.12297402835748802,0.6071097859786405,0.2910723380269261,0.421155914718528,1-3,1-2,0.09579536498610323,0.24566603347809082,0.03072735339394236,0.037997727827912366,0.05751515493588361,False,False,True,False,サンライズＺ,2026-08-24,1号艇のdominance,-0.159,6号艇の枠別出走数,-0.1215,1号艇のsession_exh_rel_avg,0.1014,5号艇の女子戦2連率,0.0926,1号艇の級別順位,-0.091,3号艇のwin_rate_rank_2to6,0.187,6号艇のモーター出走数,0.0861,3号艇のsession_exh_rel_avg,0.0821,4号艇のモーター出走数,-0.0573,場特性:1x_diff_course3,0.0479,2号艇のwin_rate_rank_2to6,-0.1876,2号艇の全国勝率,-0.0996,3号艇のモーター出走数,0.0881,2号艇の直近平均着順,-0.0594,2号艇のracer_win_te,-0.0534,0.0485,北東 2.3m/s,[逃げ]1号艇のdominanceが不利(-15.9pt)、6号艇の枠別出走数が不利(-12.2pt) / [2着]3号艇のwin_rate_rank_2to6が有利(+18.7pt)、6号艇のモーター出走数が有利(+8.6pt) / [候補2]2号艇のwin_rate_rank_2to6が不利(-18.8pt)、2号艇の全国勝率が不利(-10.0pt)、天気+4.8pt
71,20,若松,5,17:15,0.5642622245682838,2,0.4498182183405253,4,0.22128334935240274,0.3786772634976743,0.19916626836175996,0.47193529933116807,0.2881735785165447,0.4066546742477224,1-2,1-4,0.2538154285321668,0.11238200164477047,0.12486183496550747,0.04009920399121517,0.033103773301968904,True,False,False,False,戦隊,2026-08-24,1号艇のdominance,0.1632,1号艇のsession_exh_rel_avg,-0.1365,1号艇vs5号艇のcumulative差,-0.0875,1号艇の勝率順位,0.0861,1号艇vs4号艇のcumulative差,-0.0831,2号艇のwin_rate_rank_2to6,0.0917,2号艇のsession_exh_rel_avg,-0.0916,2号艇のclass_rank_2to6,0.0661,2号艇の節間得点,-0.0359,2号艇のsession_avg_finish,-0.0335,4号艇のwin_rate_rank_2to6,0.1353,4号艇のclass_rank_2to6,0.1266,4号艇のsession_exh_rel_avg,-0.0945,4号艇の年齢,-0.0696,4号艇の節間得点,0.0366,0.0761,東 1.8m/s,[逃げ]1号艇のdominanceが有利(+16.3pt)、1号艇のsession_exh_rel_avgが不利(-13.7pt) / [2着]2号艇のwin_rate_rank_2to6が有利(+9.2pt)、2号艇のsession_exh_rel_avgが不利(-9.2pt) / [候補2]4号艇のwin_rate_rank_2to6が有利(+13.5pt)、4号艇のclass_rank_2to6が有利(+12.7pt) / [除外]5号艇のwin_rate_rank_2to6が不利(-5.5pt)、天気+7.6pt
72,10,三国,11,13:48,0.3827196262444343,3,0.4703134385068871,2,0.3589817168168492,0.31738753189182045,0.08233076317036737,0.746964392153369,0.286030622626125,0.44626058997028495,1-3,1-2,0.13738934848872988,0.17999818340309057,0.031509598908982035,0.015358024925446774,0.018464463389476465,True,True,False,False,記者特選,2026-08-24,1号艇の女子戦比率,-0.2345,3号艇のracer_win_te,-0.0987,1号艇のdominance,-0.09,1号艇の級別順位,-0.0882,1号艇のsession_exh_count,-0.0809,3号艇のwin_rate_rank_2to6,0.179,3号艇の当地勝率,0.1037,3号艇の女子戦比率,-0.0614,3号艇のracer_win_te,0.058,3号艇のclass_rank_2to6,0.0541,2号艇のwin_rate_rank_2to6,-0.1447,2号艇の女子戦比率,-0.1029,2号艇の当地勝率,0.0977,2号艇の全国勝率,0.06,2号艇の体重,-0.0407,0.1148,東 0.5m/s,[逃げ]1号艇の女子戦比率が不利(-23.4pt)、3号艇のracer_win_teが不利(-9.9pt) / [2着]3号艇のwin_rate_rank_2to6が有利(+17.9pt)、3号艇の当地勝率が有利(+10.4pt) / [候補2]2号艇のwin_rate_rank_2to6が不利(-14.5pt)、2号艇の女子戦比率が不利(-10.3pt) / [除外]3号艇のracer_win_teが不利(-6.4pt)、4号艇のwin_rate_rank_2to6が不利(-5.7pt)、天気+11.5pt
73,19,下関,2,15:58,0.6718095656713288,3,0.32300845764378405,4,0.3225173796345646,0.43367043237158825,0.2839693605218474,0.36155647675650127,0.2858914939422367,0.41203624568706215,1-3,1-4,0.19077333275614727,0.21700017163783636,0.2166702607337519,0.02807561992146899,0.01929016185198177,True,False,False,False,一般,2026-08-24,1号艇の年齢,-0.1679,1号艇の節間得点,0.0974,1号艇の平均ST,-0.0776,1号艇vs4号艇のcumulative差,0.0735,1号艇のdominance,0.0734,3号艇のsession_exh_rel_avg,-0.1222,3号艇の節間得点,-0.0577,3号艇のwin_rate_rank_2to6,0.0513,場特性:1x_diff_course3,0.0452,6号艇のsession_exh_rel_last,0.0338,5号艇の年齢,0.2036,1号艇の年齢,0.1831,4号艇のwin_rate_rank_2to6,0.1565,4号艇のsession_exh_rel_avg,0.1156,4号艇のclass_rank_2to6,-0.103,0.0235,東 2.5m/s,[逃げ]1号艇の年齢が不利(-16.8pt)、1号艇の節間得点が有利(+9.7pt) / [2着]3号艇のsession_exh_rel_avgが不利(-12.2pt)、3号艇の節間得点が不利(-5.8pt) / [候補2]5号艇の年齢が有利(+20.4pt)、1号艇の年齢が有利(+18.3pt) / [除外]6号艇のwin_rate_rank_2to6が不利(-7.5pt)、6号艇のracer_win_teが不利(-6.6pt)、天気+2.4pt
74,19,下関,5,17:20,0.6696377239966558,3,0.34547428047290807,4,0.23087402094884069,0.38594456479339834,0.2190838872081267,0.3572644142136221,0.28447948219125463,0.3773405196194654,1-3,1-4,0.125586743431994,0.23134261087526045,0.1546019539181379,0.14670683559439002,0.011399571445791165,True,False,False,False,シーモ戦,2026-08-24,1号艇のsession_exh_rel_avg,-0.1941,1号艇のdominance,0.1155,1号艇の年齢,-0.105,場特性:in_escape_diff,0.0744,1号艇のlocal_win_rate順位,0.0733,3号艇のwin_rate_rank_2to6,-0.0739,3号艇のracer_2nd_te,-0.0625,3号艇のcumulative_diff_rank_2to6,0.0458,3号艇のモーター2連率,0.0375,場特性:1x_diff_course3,0.0362,4号艇のclass_rank_2to6,0.1197,4号艇のwin_rate_rank_2to6,0.0878,4号艇のsession_exh_rel_avg,0.0701,4号艇のcumulative_diff_rank_2to6,-0.056,4号艇の節間得点,-0.0325,0.0205,東 2.5m/s,[逃げ]1号艇のsession_exh_rel_avgが不利(-19.4pt)、1号艇のdominanceが有利(+11.5pt) / [2着]3号艇のwin_rate_rank_2to6が不利(-7.4pt)、3号艇のracer_2nd_teが不利(-6.2pt) / [候補2]4号艇のclass_rank_2to6が有利(+12.0pt)、4号艇のwin_rate_rank_2to6が有利(+8.8pt) / [除外]6号艇のracer_win_teが不利(-11.7pt)、6号艇のwin_rate_rank_2to6が不利(-9.2pt)、天気+2.1pt
75,10,三国,5,10:34,0.5692726316570993,6,0.38361165229543215,2,0.22803615741040434,0.34819435827854217,0.1645795096734699,0.44706830003236653,0.279427570170681,0.37785654080468944,1-6,1-2,0.12981474344199342,0.09369061058865125,0.07378740663985771,0.0536002667535772,0.2183796148365488,False,False,True,False,予選,2026-08-24,1号艇の女子戦比率,-0.1687,1号艇のvs_max234_diff,0.0942,1号艇の級別順位,0.0771,3号艇の直近平均着順,-0.0593,1号艇のracer_win_te,0.0557,6号艇のwin_rate_rank_2to6,0.3826,6号艇の女子戦比率,-0.2252,6号艇のclass_rank_2to6,0.186,6号艇のvs_avg456_diff,0.1473,4号艇の女子戦比率,0.1122,2号艇のwin_rate_rank_2to6,-0.1558,2号艇の全国勝率,-0.0872,2号艇の直近平均着順,-0.073,2号艇のモーター2連率,0.0687,場特性:1x_diff_course5,0.0514,0.0788,西 3.5m/s,[逃げ]1号艇の女子戦比率が不利(-16.9pt)、1号艇のvs_max234_diffが有利(+9.4pt) / [2着]6号艇のwin_rate_rank_2to6が有利(+38.3pt)、6号艇の女子戦比率が不利(-22.5pt) / [候補2]2号艇のwin_rate_rank_2to6が不利(-15.6pt)、2号艇の全国勝率が不利(-8.7pt)、天気+7.9pt
76,21,芦屋,10,12:59,0.6403049228382005,3,0.36610513761031327,2,0.19394660446181583,0.35860388749289446,0.19133638449037205,0.3687153575817571,0.27626712193639535,0.3616373285195532,1-3,1-2,0.12418496560465397,0.23441892188824043,0.12251362890724794,0.09794383281272408,0.061243578395977556,True,True,False,False,準優勝戦,2026-08-24,1号艇の年齢,-0.2102,1号艇の節間得点,0.1197,1号艇の級別順位,-0.1182,1号艇のsession_exh_rel_avg,0.1074,1号艇のdominance,0.0858,4号艇のモーター出走数,-0.1008,3号艇のwin_rate_rank_2to6,0.0905,6号艇のモーター出走数,0.0818,3号艇のcumulative_diff_rank_2to6,-0.0481,3号艇の節間得点,0.0435,2号艇のwin_rate_rank_2to6,-0.1542,2号艇の全国2連率,-0.1227,2号艇のsession_avg_finish,0.074,2号艇の全国勝率,-0.0713,2号艇の節間得点,0.058,0.1284,北東 2.8m/s,[逃げ]1号艇の年齢が不利(-21.0pt)、1号艇の節間得点が有利(+12.0pt) / [2着]4号艇のモーター出走数が不利(-10.1pt)、3号艇のwin_rate_rank_2to6が有利(+9.1pt) / [候補2]2号艇のwin_rate_rank_2to6が不利(-15.4pt)、2号艇の全国2連率が不利(-12.3pt)、天気+12.8pt
77,22,福岡,10,16:46,0.6613600235096655,4,0.34185430790394455,3,0.25827352718779584,0.3969005591250781,0.2545041302428519,0.3456237048488885,0.27568516121344255,0.3815175028422212,1-4,1-3,0.16831885756071951,0.17081178601284489,0.2260887731122332,0.05729089759743719,0.03884970429891455,True,False,False,False,予選特賞,2026-08-24,1号艇のdominance,0.1683,1号艇の勝率順位,0.0893,4号艇のsession_exh_rel_avg,-0.0663,1号艇のモーター2連率順位,0.0564,1号艇のvs_max234_diff,0.0556,4号艇のclass_rank_2to6,0.097,4号艇のwin_rate_rank_2to6,0.0813,4号艇のsession_exh_rel_avg,0.0685,4号艇の当地勝率,0.0581,4号艇の年齢,-0.0562,3号艇のwin_rate_rank_2to6,-0.0541,2号艇のsession_rank_diff_delta,-0.0536,3号艇のsession_exh_rel_avg,-0.0524,3号艇の当地勝率,-0.0467,3号艇のcumulative_diff_rank_2to6,0.0418,0.0942,西 2.2m/s,[逃げ]1号艇のdominanceが有利(+16.8pt)、1号艇の勝率順位が有利(+8.9pt) / [2着]4号艇のclass_rank_2to6が有利(+9.7pt)、4号艇のwin_rate_rank_2to6が有利(+8.1pt) / [候補2]3号艇のwin_rate_rank_2to6が不利(-5.4pt)、2号艇のsession_rank_diff_deltaが不利(-5.4pt) / [除外]1号艇vs5号艇の枠別平均ST差が不利(-5.9pt)、天気+9.4pt
78,03,江戸川,5,13:02,0.3394417420277288,2,0.4395958417898467,3,0.43146068694281603,0.29567294551764145,0.05972194338971918,0.8113345853429436,0.27448315002075013,0.45037143746523206,1-2,1-3,0.1492171783252914,0.14645576719235,0.020272120501487682,0.01695963813373283,0.006537029655493177,True,True,False,False,予選,2026-08-24,1号艇のsession_exh_rel_avg,-0.2297,1号艇のdominance,-0.1412,場特性:in_escape_diff,-0.1287,4号艇のsession_exh_rel_avg,-0.1006,4号艇の枠別勝率,-0.0711,2号艇のwin_rate_rank_2to6,0.2286,2号艇のclass_rank_2to6,0.1309,2号艇のsession_exh_rel_avg,0.1208,2号艇の当地勝率,0.1132,std_234_全国勝率,0.0626,3号艇のモーター2連率,0.1055,3号艇のsession_exh_rel_avg,0.0925,1号艇vs3号艇のcumulative差,0.0909,4号艇の平均ST,0.0657,2号艇のracer_avgfin_te,0.0566,-0.0172,南 2.3m/s,[逃げ]1号艇のsession_exh_rel_avgが不利(-23.0pt)、1号艇のdominanceが不利(-14.1pt) / [2着]2号艇のwin_rate_rank_2to6が有利(+22.9pt)、2号艇のclass_rank_2to6が有利(+13.1pt) / [候補2]3号艇のモーター2連率が有利(+10.5pt)、3号艇のsession_exh_rel_avgが有利(+9.3pt) / [除外]1号艇vs5号艇の枠別平均ST差が不利(-6.6pt)、4号艇のwin_rate_rank_2to6が不利(-6.5pt)、天気-1.7pt
79,13,尼崎,1,10:36,0.4289829953908354,3,0.5386988075626113,2,0.23077441167130266,0.3300909264599934,0.14317250864921627,0.6263007105846977,0.27337899123164794,0.4189538616974047,1-3,1-2,0.09899829837831318,0.23109262808168024,0.06141857161796108,0.03702702598626449,0.00044646828026461473,False,False,True,False,朝からセンプ,2026-08-24,1号艇のracer_win_te,-0.1789,1号艇のdominance,-0.1585,1号艇の年齢,0.1499,1号艇の体重,-0.0952,1号艇のracer_avgfin_te,0.0926,3号艇のwin_rate_rank_2to6,0.173,1号艇vs3号艇のplace_rate差,-0.0584,3号艇のclass_rank_2to6,0.0523,3号艇の全国勝率,0.0348,3号艇のモーター2連率,0.0347,2号艇のwin_rate_rank_2to6,-0.1434,2号艇の全国勝率,-0.0755,2号艇の直近平均着順,-0.0349,ST差分(6-5),0.0294,全艇平均勝率,0.0238,0.0324,南西 2.0m/s,[逃げ]1号艇のracer_win_teが不利(-17.9pt)、1号艇のdominanceが不利(-15.8pt) / [2着]3号艇のwin_rate_rank_2to6が有利(+17.3pt)、1号艇vs3号艇のplace_rate差が不利(-5.8pt) / [候補2]2号艇のwin_rate_rank_2to6が不利(-14.3pt)、2号艇の全国勝率が不利(-7.6pt) / [除外]6号艇の直近平均着順が不利(-23.0pt)、6号艇のracer_win_teが不利(-16.1pt)、天気+3.2pt
80,10,三国,12,14:24,0.5607684217700729,2,0.35693609868921544,3,0.2743781476152594,0.35402109354112343,0.19650810357581477,0.4348061427286601,0.2705394770800007,0.3782566082973844,1-2,1-3,0.20015849273471834,0.15386260080640513,0.11019553910723967,0.07440909430821299,0.022142684368371,True,True,False,False,女王ドリーム,2026-08-24,1号艇の女子戦比率,-0.2761,1号艇のracer_win_te,0.1286,1号艇のdominance,0.1189,race_no,0.1117,レース時間帯,0.096,2号艇の全国勝率,0.0742,2号艇の当地勝率,0.0707,mean_234_全国勝率,0.0705,2号艇の一般戦勝率,-0.0678,2号艇の女子戦比率,-0.0503,3号艇のwin_rate_rank_2to6,-0.0908,6号艇のracer_2nd_te,-0.0553,3号艇のcumulative_diff_rank_2to6,0.0527,3号艇のracer_2nd_te,0.0442,3号艇のracer_avgfin_te,0.0413,0.096,南 0.5m/s,[逃げ]1号艇の女子戦比率が不利(-27.6pt)、1号艇のracer_win_teが有利(+12.9pt) / [2着]2号艇の全国勝率が有利(+7.4pt)、2号艇の当地勝率が有利(+7.1pt) / [候補2]3号艇のwin_rate_rank_2to6が不利(-9.1pt)、6号艇のracer_2nd_teが不利(-5.5pt) / [除外]4号艇の当地2連率が不利(-11.4pt)、場特性:1x_diff_course5が不利(-5.1pt)、天気+9.6pt
81,07,蒲郡,9,19:02,0.4654442534815798,2,0.45952261795579163,3,0.2423885610736805,0.32670052473374817,0.15570505793082287,0.5462061210986492,0.26565781577811,0.3925522036432184,1-2,1-3,0.21388216187233464,0.11281836286141354,0.07247202445191799,0.05779506155549163,0.008476646208251963,True,False,False,False,一般特選,2026-08-24,1号艇のsession_exh_rel_avg,-0.2956,1号艇のdominance,0.1732,1号艇の勝率順位,0.0905,風速区分,0.0899,1号艇のsession_exh_rel_last,-0.0852,2号艇のclass_rank_2to6,0.0681,2号艇のwin_rate_rank_2to6,0.0634,2号艇のsession_exh_rel_avg,0.0617,2号艇のcumulative_diff_rank_2to6,-0.0396,2号艇の全国勝率,0.0357,3号艇のwin_rate_rank_2to6,-0.1028,3号艇のsession_exh_rel_avg,0.0856,3号艇のracer_avgfin_te,-0.0779,3号艇の全国勝率,-0.0539,1号艇のsession_exh_rel_avg,0.0506,0.0822,南 2.3m/s,[逃げ]1号艇のsession_exh_rel_avgが不利(-29.6pt)、1号艇のdominanceが有利(+17.3pt) / [2着]2号艇のclass_rank_2to6が有利(+6.8pt)、2号艇のwin_rate_rank_2to6が有利(+6.3pt) / [候補2]3号艇のwin_rate_rank_2to6が不利(-10.3pt)、3号艇のsession_exh_rel_avgが有利(+8.6pt) / [除外]6号艇のwin_rate_rank_2to6が不利(-6.6pt)、天気+8.2pt
82,18,徳山,3,09:32,0.5914121466549185,3,0.33965581107361653,6,0.25929868025335223,0.35422896146428734,0.20896231422651482,0.389992177100454,0.26540435719992844,0.36495792615513734,1-3,1-6,0.12358285082668274,0.20087657235086498,0.0525123319483654,0.06108799360285527,0.15335238911342236,False,False,True,False,決めトク特賞,2026-08-24,場特性:in_escape_diff,0.2075,1号艇vs4号艇の直近複勝率差,-0.1098,4号艇の直近複勝率,-0.0889,1号艇のsession_exh_rel_avg,-0.0524,6号艇の女子戦勝率,0.0507,3号艇のwin_rate_rank_2to6,0.0643,場特性:1x_diff_course3,0.0571,3号艇の一般戦2連率,0.0462,3号艇のsession_exh_rel_avg,0.0306,3号艇のcumulative_diff_rank_2to6,-0.0292,6号艇のwin_rate_rank_2to6,0.3811,6号艇のclass_rank_2to6,0.1888,1号艇vs4号艇の直近複勝率差,0.1334,6号艇のsession_exh_rel_avg,0.1256,6号艇のvs_avg456_diff,0.109,0.0175,南 2.1m/s,[逃げ]場特性:in_escape_diffが有利(+20.8pt)、1号艇vs4号艇の直近複勝率差が不利(-11.0pt) / [2着]3号艇のwin_rate_rank_2to6が有利(+6.4pt)、場特性:1x_diff_course3が有利(+5.7pt) / [候補2]6号艇のwin_rate_rank_2to6が有利(+38.1pt)、6号艇のclass_rank_2to6が有利(+18.9pt) / [除外]2号艇のwin_rate_rank_2to6が不利(-5.7pt)、天気+1.8pt
83,08,常滑,7,13:39,0.5235871421217241,4,0.3907320871973454,2,0.2900896187680354,0.3564694913208505,0.21512398281562678,0.46569772314975405,0.26444732725060827,0.38923796086952156,1-4,1-2,0.15188719444993612,0.1126361513642769,0.2045822968709144,0.039690012767784985,0.0147914837430406,True,True,False,False,予選,2026-08-24,1号艇の級別順位,-0.1085,場特性:in_escape_diff,0.0936,1号艇のracer_win_te,0.076,1号艇の節間得点,-0.0632,4号艇のモーター2連率,-0.0631,4号艇のwin_rate_rank_2to6,0.1874,4号艇の全国勝率,0.1088,4号艇のclass_rank_2to6,0.0825,4号艇のモーター2連率,0.0646,4号艇のsession_exh_rel_avg,0.0616,2号艇のwin_rate_rank_2to6,-0.1602,2号艇のsession_exh_rel_avg,-0.1127,2号艇のclass_rank_2to6,-0.0486,2号艇のsession_avg_finish,0.0453,3号艇の当地2連率,0.0445,-0.0869,南 4.5m/s,[逃げ]1号艇の級別順位が不利(-10.8pt)、場特性:in_escape_diffが有利(+9.4pt) / [2着]4号艇のwin_rate_rank_2to6が有利(+18.7pt)、4号艇の全国勝率が有利(+10.9pt) / [候補2]2号艇のwin_rate_rank_2to6が不利(-16.0pt)、2号艇のsession_exh_rel_avgが不利(-11.3pt) / [除外]6号艇のsession_exh_rel_avgが不利(-7.6pt)、天気-8.7pt
84,03,江戸川,2,11:41,0.4760801729719431,3,0.4528153112738914,2,0.2862670738801976,0.351862469764675,0.20741755407361628,0.5316648310804728,0.2642835263460062,0.40580317815941436,1-3,1-2,0.13628607804905649,0.2155763917156185,0.0987473850207846,0.017374507757972887,0.008095815305736966,True,True,False,False,予選,2026-08-24,1号艇のdominance,-0.1653,1号艇のsession_exh_rel_avg,0.1208,場特性:in_escape_diff,-0.109,1号艇の級別順位,-0.0822,3号艇の全国2連率,0.0796,3号艇のwin_rate_rank_2to6,0.2087,3号艇の一般戦2連率,0.1063,3号艇のsession_exh_rel_avg,0.0531,3号艇のclass_rank_2to6,0.0431,3号艇のモーター2連率,0.0408,2号艇のsession_exh_rel_avg,-0.1004,2号艇のclass_rank_2to6,0.0655,2号艇の節間得点,0.064,3号艇の枠別勝率,-0.0427,2号艇の全国勝率,0.0403,-0.0307,南 2.0m/s,[逃げ]1号艇のdominanceが不利(-16.5pt)、1号艇のsession_exh_rel_avgが有利(+12.1pt) / [2着]3号艇のwin_rate_rank_2to6が有利(+20.9pt)、3号艇の一般戦2連率が有利(+10.6pt) / [候補2]2号艇のsession_exh_rel_avgが不利(-10.0pt)、2号艇のclass_rank_2to6が有利(+6.6pt) / [除外]6号艇のwin_rate_rank_2to6が不利(-7.2pt)、5号艇のwin_rate_rank_2to6が不利(-5.6pt)、天気-3.1pt
85,15,丸亀,4,16:35,0.6125175736250226,3,0.3573737562936361,2,0.29704442160746036,0.40084263446408797,0.2968653359240564,0.35755284197704007,0.2580470944646497,0.38785569671797354,1-3,1-2,0.18194492838184984,0.21889770608223813,0.18183523525358028,0.025602660301894075,0.004237062715583649,True,False,False,False,予選,2026-08-24,1号艇のdominance,0.1513,1号艇の年齢,-0.1036,1号艇の勝率順位,0.091,1号艇のモーター2連率順位,-0.0822,1号艇の級別順位,-0.0748,3号艇のwin_rate_rank_2to6,0.0855,3号艇の年齢,-0.0576,3号艇のclass_rank_2to6,0.0471,3号艇のcumulative_diff_rank_2to6,0.0396,3号艇の全国勝率,0.0371,2号艇の全国勝率,0.0495,1号艇の年齢,0.0404,5号艇のracer_win_te,0.0321,2号艇のwin_rate_rank_2to6,-0.0287,節間得点の分散(2-6号艇),-0.0286,0.0842,南 2.3m/s,[逃げ]1号艇のdominanceが有利(+15.1pt)、1号艇の年齢が不利(-10.4pt) / [2着]3号艇のwin_rate_rank_2to6が有利(+8.6pt)、3号艇の年齢が不利(-5.8pt) / [候補2]2号艇の全国勝率が有利(+5.0pt)、1号艇の年齢が有利(+4.0pt) / [除外]6号艇のwin_rate_rank_2to6が不利(-11.9pt)、6号艇の直近平均着順が不利(-11.7pt)、天気+8.4pt
86,03,江戸川,11,15:53,0.6501960359875487,2,0.2972934047904668,4,0.2200175918461843,0.3363535593859187,0.199198084579248,0.3181129120574031,0.2559523776606139,0.330881365187364,1-2,1-4,0.19329899332000322,0.1295178049697395,0.14305456606591546,0.06658437798001954,0.11774028154102605,True,False,False,False,予選特選,2026-08-24,場特性:in_escape_diff,-0.1653,1号艇のracer_win_te,0.1255,5号艇の平均ST,0.1167,1号艇のsession_exh_rel_avg,-0.0876,5号艇の枠別出走数,-0.0864,2号艇の全国勝率,-0.0801,2号艇のsession_exh_rel_avg,0.0774,1号艇vs3号艇の枠別勝率差,0.0672,2号艇のsession_avg_finish,0.0548,3号艇の全国勝率,-0.0502,4号艇の節間得点,0.155,4号艇のclass_rank_2to6,0.1371,4号艇のsession_exh_rel_avg,-0.0929,4号艇のwin_rate_rank_2to6,0.0815,4号艇の年齢,-0.0577,-0.0376,南 1.7m/s,[逃げ]場特性:in_escape_diffが不利(-16.5pt)、1号艇のracer_win_teが有利(+12.5pt) / [2着]2号艇の全国勝率が不利(-8.0pt)、2号艇のsession_exh_rel_avgが有利(+7.7pt) / [候補2]4号艇の節間得点が有利(+15.5pt)、4号艇のclass_rank_2to6が有利(+13.7pt) / [除外]1号艇vs3号艇の枠別勝率差が不利(-5.4pt)、天気-3.8pt
87,15,丸亀,7,17:57,0.35319590616386853,2,0.47922535143630995,3,0.3375065379514723,0.28846635976524615,0.09568615348601361,0.7210457359017686,0.2553436761139874,0.41824017260620283,1-2,1-3,0.16926043225724585,0.11920592750800034,0.03379595768782759,0.020323745178292146,0.010609845506138506,True,False,False,False,ざるうどん７,2026-08-24,1号艇のdominance,-0.2317,4号艇の枠別出走数,-0.1174,5号艇の枠別出走数,-0.1058,1号艇の年齢,0.0744,1号艇のvs_max234_diff,-0.0693,2号艇のwin_rate_rank_2to6,0.1738,2号艇のclass_rank_2to6,0.0744,2号艇の全国勝率,0.0603,2号艇のracer_avgfin_te,0.0483,2号艇の当地勝率,0.0395,3号艇のwin_rate_rank_2to6,0.0706,3号艇のclass_rank_2to6,0.0479,1号艇vs2号艇のplace_rate差,0.0442,3号艇のcumulative_diff_rank_2to6,0.0393,3号艇の全国勝率,0.0383,0.0983,南 2.3m/s,[逃げ]1号艇のdominanceが不利(-23.2pt)、4号艇の枠別出走数が不利(-11.7pt) / [2着]2号艇のwin_rate_rank_2to6が有利(+17.4pt)、2号艇のclass_rank_2to6が有利(+7.4pt) / [候補2]3号艇のwin_rate_rank_2to6が有利(+7.1pt)、3号艇のclass_rank_2to6が有利(+4.8pt) / [除外]1号艇vs6号艇の枠別平均ST差が不利(-5.6pt)、天気+9.8pt
88,10,三国,10,13:13,0.4202594090568576,3,0.4029192175095597,2,0.3093708408512924,0.29934659900380634,0.147587824599876,0.5647022337609762,0.24633070298579451,0.3789532894309573,1-3,1-2,0.13001600675558728,0.16933059224821903,0.04374517086407664,0.015142480546144168,0.06202517195033103,True,True,False,False,予選特賞,2026-08-24,1号艇の年齢,0.1719,1号艇の体重,-0.0849,1号艇の直近1着率,-0.0798,1号艇の級別順位,-0.0757,レース時間帯,0.0712,3号艇のモーター2連率,0.0665,3号艇の女子戦比率,-0.0545,3号艇のwin_rate_rank_2to6,0.0526,1号艇の一般戦2連率,0.0366,3号艇のcumulative_diff_rank_2to6,0.0344,2号艇の全国勝率,0.0474,2号艇の体重,-0.0416,2号艇の当地勝率,-0.0319,2号艇のモーター2連率,0.0318,2号艇のwin_rate_rank_2to6,-0.0244,0.1356,北東 0.6m/s,[逃げ]1号艇の年齢が有利(+17.2pt)、1号艇の体重が不利(-8.5pt) / [2着]3号艇のモーター2連率が有利(+6.7pt)、3号艇の女子戦比率が不利(-5.5pt) / [候補2]2号艇の全国勝率が有利(+4.7pt)、2号艇の体重が不利(-4.2pt) / [除外]5号艇のracer_avgfin_teが不利(-5.7pt)、天気+13.6pt
89,08,常滑,11,15:37,0.6152487134758029,3,0.28884237542998525,4,0.2845182569181772,0.3527593914098798,0.258866986569978,0.3144936457781845,0.24317807864363786,0.34127966772037116,1-3,1-4,0.1592675804485369,0.1777098998805933,0.1750494915292865,0.0893018615356454,0.013919879508745793,True,False,False,False,予選特選,2026-08-24,1号艇のdominance,0.1441,6号艇のsession_rank_diff_delta,-0.0988,3号艇のsession_exh_rel_avg,-0.0913,場特性:in_escape_diff,0.0865,1号艇の勝率順位,0.062,3号艇のwin_rate_rank_2to6,0.2032,3号艇のsession_exh_rel_avg,0.1149,4号艇のsession_rank_diff_last,-0.0789,3号艇の節間得点,-0.0739,3号艇のsession_exh_rel_last,0.0491,4号艇のclass_rank_2to6,0.178,4号艇のwin_rate_rank_2to6,0.1029,4号艇の年齢,-0.0498,4号艇の全国勝率,0.049,4号艇のsession_exh_rel_avg,0.0468,-0.0216,南東 4.2m/s,[逃げ]1号艇のdominanceが有利(+14.4pt)、6号艇のsession_rank_diff_deltaが不利(-9.9pt) / [2着]3号艇のwin_rate_rank_2to6が有利(+20.3pt)、3号艇のsession_exh_rel_avgが有利(+11.5pt) / [候補2]4号艇のclass_rank_2to6が有利(+17.8pt)、4号艇のwin_rate_rank_2to6が有利(+10.3pt) / [除外]6号艇のwin_rate_rank_2to6が不利(-8.4pt)、6号艇のvs_avg456_diffが不利(-6.0pt)、天気-2.2pt
90,20,若松,6,17:44,0.4436698704172234,3,0.4743812817530204,4,0.20229438210851397,0.30022060409993556,0.1682187201444859,0.5084569437170484,0.2396173331607009,0.3626915059850694,1-3,1-4,0.07463357776825523,0.21046868180371892,0.08975192229621666,0.025049865388010285,0.04376582729301994,True,False,False,False,予選,2026-08-24,1号艇のsession_exh_rel_avg,-0.1345,1号艇のdominance,-0.0756,風速区分,0.0664,1号艇の級別順位,-0.0653,avg_entry_count,-0.062,3号艇のsession_exh_rel_avg,0.094,3号艇の当地勝率,0.0704,3号艇のwin_rate_rank_2to6,0.0538,6号艇の直近1着率,0.0499,3号艇のcumulative_diff_rank_2to6,0.0473,4号艇の年齢,-0.0784,4号艇のwin_rate_rank_2to6,-0.0767,4号艇のsession_exh_rel_avg,0.0731,4号艇の節間得点,-0.0629,4号艇のcumulative_diff_rank_2to6,-0.0545,0.0494,東 1.6m/s,[逃げ]1号艇のsession_exh_rel_avgが不利(-13.5pt)、1号艇のdominanceが不利(-7.6pt) / [2着]3号艇のsession_exh_rel_avgが有利(+9.4pt)、3号艇の当地勝率が有利(+7.0pt) / [候補2]4号艇の年齢が不利(-7.8pt)、4号艇のwin_rate_rank_2to6が不利(-7.7pt)、天気+4.9pt
91,18,徳山,5,10:25,0.35351240922683236,2,0.537901873203293,3,0.2197373128165557,0.26783485397453294,0.09179517540908641,0.6658440106107623,0.23833171709302178,0.3872376009654017,1-2,1-3,0.1901549871237222,0.07767986685081071,0.03076760016655108,0.02245921686220533,0.032450733614265814,False,False,True,False,予選,2026-08-24,1号艇のracer_win_te,-0.2198,1号艇の年齢,-0.2018,1号艇のdominance,-0.187,場特性:in_escape_diff,0.1659,6号艇の枠別出走数,-0.1604,2号艇のclass_rank_2to6,0.1127,2号艇のwin_rate_rank_2to6,0.076,場特性:1x_diff_course2,0.0605,4号艇のsession_rank_diff_last,0.0576,1号艇vs4号艇の直近複勝率差,0.0488,3号艇のwin_rate_rank_2to6,-0.1014,3号艇の全国勝率,-0.0715,3号艇のsession_exh_rel_avg,0.0699,6号艇のracer_2nd_te,-0.0699,3号艇の当地勝率,-0.048,0.088,南 1.6m/s,[逃げ]1号艇のracer_win_teが不利(-22.0pt)、1号艇の年齢が不利(-20.2pt) / [2着]2号艇のclass_rank_2to6が有利(+11.3pt)、2号艇のwin_rate_rank_2to6が有利(+7.6pt) / [候補2]3号艇のwin_rate_rank_2to6が不利(-10.1pt)、3号艇の全国勝率が不利(-7.2pt)、天気+8.8pt
92,10,三国,9,12:40,0.44929254729739665,2,0.46482158891938685,3,0.269128610058061,0.32975835448800866,0.23374811212363866,0.5002020868538092,0.23726188310572513,0.3808914741977488,1-2,1-3,0.20884087572441468,0.12091747876359399,0.1050212847219871,0.013564004503731604,0.000948909860213677,True,True,False,False,予選特賞,2026-08-24,1号艇の女子戦比率,-0.1668,1号艇の級別順位,-0.071,1号艇の勝率順位,-0.0656,1号艇vs6号艇の直近複勝率差,0.0652,1号艇のdominance,0.0605,2号艇のwin_rate_rank_2to6,0.1865,2号艇のclass_rank_2to6,0.1179,2号艇の女子戦比率,-0.1006,2号艇の全国勝率,0.0571,2号艇の当地勝率,0.0405,3号艇のwin_rate_rank_2to6,-0.0855,2号艇の女子戦勝率,0.0592,5号艇の一般戦2連率,0.0458,2号艇の枠別勝率,-0.0403,3号艇の全国勝率,-0.0381,0.0467,北 0.5m/s,[逃げ]1号艇の女子戦比率が不利(-16.7pt)、1号艇の級別順位が不利(-7.1pt) / [2着]2号艇のwin_rate_rank_2to6が有利(+18.7pt)、2号艇のclass_rank_2to6が有利(+11.8pt) / [候補2]3号艇のwin_rate_rank_2to6が不利(-8.6pt)、2号艇の女子戦勝率が有利(+5.9pt) / [除外]6号艇の直近平均着順が不利(-21.4pt)、6号艇の全国勝率が不利(-14.7pt)、天気+4.7pt
93,18,徳山,10,13:05,0.4928254462287739,3,0.42149346383617303,2,0.2036368769430683,0.3080801391456751,0.19257998286494749,0.43255035791429386,0.2368840576444294,0.3454212047762607,1-3,1-2,0.10035743474810156,0.20772270439757354,0.058043570656424404,0.09490831599014737,0.031793425944280515,True,True,False,False,予選,2026-08-24,1号艇のsession_exh_rel_avg,-0.1675,場特性:in_escape_diff,0.159,1号艇のdominance,-0.1395,1号艇のracer_win_te,-0.1089,1号艇の級別順位,-0.1032,3号艇のwin_rate_rank_2to6,0.1443,3号艇のsession_exh_rel_avg,-0.0769,3号艇の一般戦2連率,0.0741,6号艇のracer_2nd_te,-0.0535,2号艇のvs_boat3_diff,0.0449,2号艇のwin_rate_rank_2to6,-0.1523,2号艇のsession_exh_rel_avg,-0.0803,レース時間帯,-0.0652,2号艇の全国勝率,-0.0625,4号艇の年齢,0.0508,0.129,南東 1.7m/s,[逃げ]1号艇のsession_exh_rel_avgが不利(-16.7pt)、場特性:in_escape_diffが有利(+15.9pt) / [2着]3号艇のwin_rate_rank_2to6が有利(+14.4pt)、3号艇のsession_exh_rel_avgが不利(-7.7pt) / [候補2]2号艇のwin_rate_rank_2to6が不利(-15.2pt)、2号艇のsession_exh_rel_avgが不利(-8.0pt) / [除外]4号艇のwin_rate_rank_2to6が不利(-5.3pt)、天気+12.9pt
94,06,浜名湖,1,11:32,0.4063221176279565,2,0.5643613531893723,4,0.1891802480211574,0.3061806191246235,0.18867091987116089,0.5648706813393688,0.2368597642562664,0.3837876377890471,1-2,1-4,0.22931250013528484,0.0766611676968646,0.07686811898933871,0.018713895411195537,0.004766425178014885,True,True,False,False,予選,2026-08-24,1号艇のdominance,-0.228,1号艇のracer_win_te,-0.2101,6号艇の枠別出走数,-0.1204,1号艇の年齢,-0.1021,1号艇の節間得点,0.0993,2号艇のwin_rate_rank_2to6,0.2161,2号艇のclass_rank_2to6,0.112,1号艇vs2号艇のplace_rate差,-0.0724,2号艇のsession_exh_rel_avg,-0.0693,2号艇の全国勝率,0.0626,4号艇のclass_rank_2to6,-0.1003,4号艇のwin_rate_rank_2to6,0.0928,4号艇のsession_exh_rel_avg,-0.0772,4号艇の節間得点,-0.0528,2号艇の体重,0.0438,0.0267,南西 3.2m/s,[逃げ]1号艇のdominanceが不利(-22.8pt)、1号艇のracer_win_teが不利(-21.0pt) / [2着]2号艇のwin_rate_rank_2to6が有利(+21.6pt)、2号艇のclass_rank_2to6が有利(+11.2pt) / [候補2]4号艇のclass_rank_2to6が不利(-10.0pt)、4号艇のwin_rate_rank_2to6が有利(+9.3pt) / [除外]6号艇の直近平均着順が不利(-11.6pt)、6号艇のwin_rate_rank_2to6が不利(-9.0pt)、天気+2.7pt
95,10,三国,7,11:35,0.44070305445090874,3,0.41936996387677555,2,0.2604888292152123,0.29961584671094743,0.18227387866928554,0.49758491442270236,0.23408127572200366,0.35900656702447387,1-3,1-2,0.11479822268548519,0.18481762402546226,0.0580921908834358,0.08032865507616847,0.0026663527507495674,True,True,False,False,予選,2026-08-24,1号艇のdominance,-0.1383,3号艇の女子戦2連率,0.1072,1号艇の級別順位,-0.0825,1号艇の全国勝率,-0.074,1号艇の年齢,0.0735,3号艇のwin_rate_rank_2to6,0.2154,2号艇のvs_boat3_diff,0.0599,local_win_rateの分散(2-6号艇),0.0553,5号艇の一般戦2連率,-0.0516,3号艇の当地勝率,-0.0511,2号艇のwin_rate_rank_2to6,-0.1604,2号艇の体重,-0.0617,2号艇の全国勝率,-0.0532,2号艇のracer_avgfin_te,-0.0475,2号艇の直近平均着順,-0.0426,-0.0078,西 2.4m/s,[逃げ]1号艇のdominanceが不利(-13.8pt)、3号艇の女子戦2連率が有利(+10.7pt) / [2着]3号艇のwin_rate_rank_2to6が有利(+21.5pt)、2号艇のvs_boat3_diffが有利(+6.0pt) / [候補2]2号艇のwin_rate_rank_2to6が不利(-16.0pt)、2号艇の体重が不利(-6.2pt) / [除外]6号艇の直近平均着順が不利(-16.2pt)、6号艇のvs_avg456_diffが不利(-14.1pt)、天気-0.8pt
96,08,常滑,4,12:05,0.5278217211326584,3,0.320478420596817,5,0.2601357592390216,0.30646077571497915,0.2020264723269275,0.37858770750891113,0.23216494840585397,0.32809885525315874,1-3,1-5,0.10663396033795824,0.16915547154528796,0.10378159823195839,0.13730530416969122,0.010945388814051688,True,True,False,False,予選,2026-08-24,1号艇のsession_exh_rel_avg,0.1358,1号艇のdominance,-0.1315,1号艇のracer_win_te,-0.1026,1号艇の級別順位,-0.0952,場特性:in_escape_diff,0.0696,3号艇のwin_rate_rank_2to6,0.0666,3号艇の当地2連率,-0.0592,3号艇の節間得点,0.0507,3号艇のclass_rank_2to6,0.0438,3号艇のsession_exh_rel_avg,-0.0435,5号艇のwin_rate_rank_2to6,0.2008,5号艇のclass_rank_2to6,0.1591,avg_456_win_rate,0.0607,1号艇のモーター2連率,0.057,5号艇のracer_avgfin_te,0.0546,-0.0642,南 5.2m/s,[逃げ]1号艇のsession_exh_rel_avgが有利(+13.6pt)、1号艇のdominanceが不利(-13.1pt) / [2着]3号艇のwin_rate_rank_2to6が有利(+6.7pt)、3号艇の当地2連率が不利(-5.9pt) / [候補2]5号艇のwin_rate_rank_2to6が有利(+20.1pt)、5号艇のclass_rank_2to6が有利(+15.9pt) / [除外]4号艇の女子戦2連率が不利(-13.2pt)、6号艇のwin_rate_rank_2to6が不利(-6.4pt)、天気-6.4pt
97,03,江戸川,6,13:29,0.2936955194904284,3,0.5691407232999085,2,0.28841746892765535,0.25186099875954704,0.0691463000820744,0.7884118921454895,0.2309626913205087,0.41282626677532974,1-3,1-2,0.08470691836682222,0.16715408039272478,0.014445403030668044,0.020307958523445892,0.007081160544393792,True,True,False,False,予選,2026-08-24,1号艇のdominance,-0.2268,場×風向,-0.1211,場特性:in_escape_diff,-0.1024,1号艇のvs_max234_diff,-0.0989,3号艇の全国2連率,0.0956,3号艇のwin_rate_rank_2to6,0.2041,1号艇vs3号艇のcumulative差,0.0862,3号艇のモーター2連率,0.0782,win_rate_gap_top2_2to6,0.0579,3号艇の全国勝率,0.0554,3号艇の全国2連率,0.1707,1号艇vs6号艇のcumulative差,0.0847,2号艇のsession_exh_rel_avg,0.0798,2号艇のclass_rank_2to6,-0.0536,2号艇のwin_rate_rank_2to6,-0.0521,-0.1145,南 2.1m/s,[逃げ]1号艇のdominanceが不利(-22.7pt)、場×風向が不利(-12.1pt) / [2着]3号艇のwin_rate_rank_2to6が有利(+20.4pt)、1号艇vs3号艇のcumulative差が有利(+8.6pt) / [候補2]3号艇の全国2連率が有利(+17.1pt)、1号艇vs6号艇のcumulative差が有利(+8.5pt) / [除外]6号艇のwin_rate_rank_2to6が不利(-9.0pt)、天気-11.5pt
98,22,福岡,4,13:45,0.2816329914476076,2,0.500530795131962,3,0.35674116157502633,0.24143606565153308,0.06884267932512032,0.788429277381868,0.22149073887733245,0.4055340291706335,1-2,1-3,0.14096598514466407,0.100470080506869,0.019388369717602005,0.011645956615932226,0.009162602085451917,True,True,False,False,予選,2026-08-24,1号艇のracer_win_te,-0.2321,1号艇のdominance,-0.2308,6号艇の枠別出走数,-0.092,1号艇の級別順位,-0.0888,1号艇の年齢,0.0876,2号艇の当地勝率,0.1008,2号艇のsession_exh_rel_avg,0.0799,2号艇の全国勝率,0.0714,3号艇の一般戦2連率,0.0613,2号艇の当地2連率,0.0484,3号艇のwin_rate_rank_2to6,0.1284,3号艇の当地勝率,0.0955,3号艇のsession_exh_rel_avg,-0.0661,6号艇のracer_2nd_te,-0.0532,1号艇の一般戦2連率,0.0472,0.033,北 3.5m/s,[逃げ]1号艇のracer_win_teが不利(-23.2pt)、1号艇のdominanceが不利(-23.1pt) / [2着]2号艇の当地勝率が有利(+10.1pt)、2号艇のsession_exh_rel_avgが有利(+8.0pt) / [候補2]3号艇のwin_rate_rank_2to6が有利(+12.8pt)、3号艇の当地勝率が有利(+9.5pt) / [除外]win_rate_gap_top2_2to6が不利(-10.2pt)、1号艇のracer_2nd_teが不利(-5.2pt)、天気+3.3pt
99,10,三国,2,09:14,0.3797286090575128,2,0.5415529904796932,4,0.18500813013459533,0.2758960437261316,0.16637685002815522,0.5601842705861333,0.22081278609767085,0.3611825117841321,1-2,1-4,0.20564316380579037,0.0631780498405618,0.07025287992034121,0.03970896796843436,0.0009455451352487469,False,False,True,False,予選,2026-08-24,1号艇のdominance,-0.1541,1号艇の級別順位,-0.0719,1号艇の年齢,0.0647,1号艇の勝率順位,-0.0621,3号艇の直近平均着順,-0.0567,2号艇のwin_rate_rank_2to6,0.2091,2号艇のモーター2連率,0.0727,3号艇のracer_2nd_te,0.0524,3号艇の年齢,0.0503,2号艇の全国勝率,0.0488,4号艇のclass_rank_2to6,0.1732,6号艇の平均ST,-0.1055,4号艇のwin_rate_rank_2to6,0.0903,2号艇のracer_2nd_te,-0.0501,4号艇のcumulative_diff_rank_2to6,0.0402,-0.0532,南西 5.6m/s,[逃げ]1号艇のdominanceが不利(-15.4pt)、1号艇の級別順位が不利(-7.2pt) / [2着]2号艇のwin_rate_rank_2to6が有利(+20.9pt)、2号艇のモーター2連率が有利(+7.3pt) / [候補2]4号艇のclass_rank_2to6が有利(+17.3pt)、6号艇の平均STが不利(-10.5pt) / [除外]6号艇の全国勝率が不利(-16.0pt)、6号艇のwin_rate_rank_2to6が不利(-11.8pt)、天気-5.3pt
100,03,江戸川,1,11:14,0.510268301088369,2,0.36591855118425043,4,0.17871754205120344,0.2779105340066616,0.1774893123981118,0.3671467808373421,0.2187191544998203,0.30468140805586574,1-2,1-4,0.18671663744950484,0.07812171363167902,0.09119389655715672,0.09056716989872729,0.0636688759477109,True,True,False,False,予選,2026-08-24,1号艇のracer_win_te,-0.1926,場×風向,-0.0872,1号艇のsession_exh_rel_avg,-0.0837,1号艇の全国2連率,-0.0836,1号艇の級別順位,0.0818,2号艇のwin_rate_rank_2to6,-0.1728,2号艇の全国2連率,-0.1502,2号艇の全国勝率,-0.1288,2号艇のモーター2連率,0.0694,second_best_win_rate,0.064,4号艇のsession_exh_rel_avg,-0.1373,4号艇の枠別平均ST,0.0944,4号艇のclass_rank_2to6,-0.0931,4号艇のwin_rate_rank_2to6,-0.0906,4号艇のモーター2連率,0.0857,-0.0825,南 1.8m/s,[逃げ]1号艇のracer_win_teが不利(-19.3pt)、場×風向が不利(-8.7pt) / [2着]2号艇のwin_rate_rank_2to6が不利(-17.3pt)、2号艇の全国2連率が不利(-15.0pt) / [候補2]4号艇のsession_exh_rel_avgが不利(-13.7pt)、4号艇の枠別平均STが有利(+9.4pt) / [除外]1号艇のsession_exh_rel_deltaが不利(-9.6pt)、天気-8.3pt
101,22,福岡,2,12:46,0.46031736965496617,2,0.39746681197309375,3,0.23474493027168142,0.29101804625509836,0.2088669747902412,0.423344767454534,0.21807717553829573,0.33071606261492903,1-2,1-3,0.18296087741259953,0.10805716884249883,0.09614509644323395,0.06724929298273426,0.005904933759547644,True,True,False,False,予選,2026-08-24,ST差分(4-3),-0.075,1号艇のモーター2連率順位,-0.0692,1号艇のdominance,-0.0638,1号艇の全国勝率,-0.0536,1号艇vs4号艇の枠別平均ST差,-0.0514,2号艇のracer_avgfin_te,-0.0557,2号艇の当地勝率,-0.0479,3号艇の全国勝率,-0.0475,2号艇のwin_rate_rank_2to6,0.0465,場特性:1x_diff_course2,0.0391,3号艇のwin_rate_rank_2to6,-0.1007,3号艇のcumulative_diff_rank_2to6,-0.0603,3号艇の節間得点,-0.0359,3号艇のsession_avg_finish,-0.0352,場特性:1x_diff_course3,0.034,0.0479,北西 3.4m/s,[逃げ]ST差分(4-3)が不利(-7.5pt)、1号艇のモーター2連率順位が不利(-6.9pt) / [2着]2号艇のracer_avgfin_teが不利(-5.6pt)、2号艇の当地勝率が不利(-4.8pt) / [候補2]3号艇のwin_rate_rank_2to6が不利(-10.1pt)、3号艇のcumulative_diff_rank_2to6が不利(-6.0pt) / [除外]6号艇の直近平均着順が不利(-10.2pt)、6号艇のwin_rate_rank_2to6が不利(-8.4pt)、天気+4.8pt
102,18,徳山,11,13:42,0.31416548161258073,3,0.5006585850892545,2,0.2839357749936432,0.24649246500595814,0.10085967973367035,0.6837346803492274,0.21665908371324147,0.3776651296089389,1-3,1-2,0.08920281949791928,0.1572896455080389,0.02821147956966024,0.0316866298588192,0.0077749101040371985,True,True,False,False,予選,2026-08-24,1号艇のdominance,-0.2977,1号艇のsession_exh_rel_avg,-0.2769,場特性:in_escape_diff,0.1844,1号艇のvs_max234_diff,-0.165,1号艇のracer_win_te,-0.121,3号艇のwin_rate_rank_2to6,0.2064,3号艇のsession_exh_rel_avg,0.1266,3号艇の一般戦2連率,0.0721,6号艇のsession_rank_diff_last,0.0682,3号艇のclass_rank_2to6,0.0656,2号艇のsession_exh_rel_avg,-0.089,2号艇のclass_rank_2to6,-0.068,場特性:in_escape_diff,0.0599,2号艇の全国勝率,0.0427,レース時間帯,-0.0426,0.1127,南東 1.8m/s,[逃げ]1号艇のdominanceが不利(-29.8pt)、1号艇のsession_exh_rel_avgが不利(-27.7pt) / [2着]3号艇のwin_rate_rank_2to6が有利(+20.6pt)、3号艇のsession_exh_rel_avgが有利(+12.7pt) / [候補2]2号艇のsession_exh_rel_avgが不利(-8.9pt)、2号艇のclass_rank_2to6が不利(-6.8pt) / [除外]6号艇のwin_rate_rank_2to6が不利(-6.5pt)、3号艇のracer_win_teが不利(-5.2pt)、天気+11.3pt
103,13,尼崎,8,14:04,0.4321381974834918,4,0.3883602020919059,2,0.30214369741172153,0.2983931104868197,0.22928733988530167,0.46121655961832575,0.21629179543447116,0.3472401452262715,1-4,1-2,0.1305678327804989,0.099083817763819,0.16782527770632083,0.025018130491248427,0.009643135119464134,True,True,False,False,予選,2026-08-24,1号艇のdominance,-0.1732,1号艇の級別順位,-0.1017,1号艇のモーター2連率順位,-0.0783,1号艇の節間得点,-0.066,1号艇のsession_exh_count,-0.0596,4号艇のwin_rate_rank_2to6,0.1821,4号艇の全国勝率,0.1454,4号艇のclass_rank_2to6,0.1212,4号艇の当地勝率,0.1016,4号艇のracer_win_te,0.0494,2号艇のclass_rank_2to6,0.0854,2号艇のwin_rate_rank_2to6,0.0812,2号艇の全国勝率,0.0611,2号艇のracer_avgfin_te,0.0302,ST差分(3-2),-0.0287,0.0183,南西 3.4m/s,[逃げ]1号艇のdominanceが不利(-17.3pt)、1号艇の級別順位が不利(-10.2pt) / [2着]4号艇のwin_rate_rank_2to6が有利(+18.2pt)、4号艇の全国勝率が有利(+14.5pt) / [候補2]2号艇のclass_rank_2to6が有利(+8.5pt)、2号艇のwin_rate_rank_2to6が有利(+8.1pt) / [除外]6号艇のwin_rate_rank_2to6が不利(-8.5pt)、6号艇のvs_avg456_diffが不利(-6.8pt)、天気+1.8pt
104,08,常滑,5,12:31,0.40854202896892233,2,0.4451894532684541,5,0.23018957832062217,0.2759207198884671,0.18687429513205822,0.4885047364570181,0.21404573183868225,0.3396959248590324,1-2,1-5,0.18187860251385948,0.07634600369538827,0.031988883719026515,0.09404211737460764,0.024286427753791053,True,True,False,False,三Ａ傑戦,2026-08-24,1号艇のdominance,-0.3535,1号艇のracer_win_te,-0.2027,1号艇の級別順位,-0.0805,場特性:in_escape_diff,0.0768,1号艇の節間得点,0.0765,2号艇の当地勝率,0.1128,2号艇のsession_exh_rel_avg,0.0822,2号艇の全国勝率,0.0652,1号艇vs2号艇のlocal_win_rate差,0.0423,場特性:in_escape_diff,0.0316,5号艇のwin_rate_rank_2to6,0.1987,5号艇のsession_exh_rel_avg,0.1045,5号艇のモーター2連率,0.1015,5号艇のracer_avgfin_te,0.0751,5号艇のclass_rank_2to6,0.0652,-0.0429,南 5.6m/s,[逃げ]1号艇のdominanceが不利(-35.3pt)、1号艇のracer_win_teが不利(-20.3pt) / [2着]2号艇の当地勝率が有利(+11.3pt)、2号艇のsession_exh_rel_avgが有利(+8.2pt) / [候補2]5号艇のwin_rate_rank_2to6が有利(+19.9pt)、5号艇のsession_exh_rel_avgが有利(+10.4pt) / [除外]6号艇のsession_exh_rel_avgが不利(-9.1pt)、天気-4.3pt
105,22,福岡,5,14:15,0.5417895609406137,3,0.3046426220324057,6,0.20681984995001867,0.2771050281329586,0.1933139528435984,0.3181485191388259,0.2128231061234961,0.2894180754347188,1-3,1-6,0.10473548163482768,0.16505219243473443,0.0926264298221299,0.0673226314423145,0.11205283569822422,True,True,False,False,予選,2026-08-24,1号艇のdominance,-0.1635,1号艇の節間得点,0.079,1号艇の級別順位,-0.0767,1号艇の年齢,0.0594,1号艇のモーター2連率順位,-0.055,3号艇のwin_rate_rank_2to6,-0.0958,3号艇の年齢,-0.0852,3号艇のsession_exh_rel_avg,0.0843,3号艇のracer_avgfin_te,0.0602,4号艇の枠別出走数,-0.0509,6号艇のwin_rate_rank_2to6,0.3099,6号艇のsession_exh_rel_avg,0.2353,6号艇のsession_exh_rel_last,0.1797,6号艇のclass_rank_2to6,0.1503,場特性:1x_diff_course6,-0.0973,0.0272,北西 3.0m/s,[逃げ]1号艇のdominanceが不利(-16.3pt)、1号艇の節間得点が有利(+7.9pt) / [2着]3号艇のwin_rate_rank_2to6が不利(-9.6pt)、3号艇の年齢が不利(-8.5pt) / [候補2]6号艇のwin_rate_rank_2to6が有利(+31.0pt)、6号艇のsession_exh_rel_avgが有利(+23.5pt)、天気+2.7pt
106,08,常滑,8,14:08,0.46103719603197957,4,0.3611460507293796,2,0.29607447397880593,0.30300310788612816,0.25358261455094927,0.4036379101572362,0.2107995235083349,0.33319354856746053,1-4,1-2,0.136501345299832,0.1169110175750279,0.16650176258629623,0.022240263323325876,0.018882808106246256,True,True,False,False,予選,2026-08-24,1号艇vs4号艇の枠別勝率差,-0.1253,1号艇の年齢,-0.1119,1号艇の一般戦勝率,0.0889,1号艇の級別順位,-0.0848,1号艇のframe_dominance,-0.0777,4号艇のclass_rank_2to6,0.2193,4号艇のwin_rate_rank_2to6,0.0848,4号艇のsession_exh_rel_avg,-0.0727,2号艇のモーター2連率,0.0696,4号艇の全国勝率,0.0494,2号艇のsession_exh_rel_avg,-0.1115,2号艇の当地勝率,0.0882,2号艇の全国勝率,0.065,4号艇の一般戦勝率,-0.0354,avg_entry_count,-0.0323,-0.0597,南東 4.7m/s,[逃げ]1号艇vs4号艇の枠別勝率差が不利(-12.5pt)、1号艇の年齢が不利(-11.2pt) / [2着]4号艇のclass_rank_2to6が有利(+21.9pt)、4号艇のwin_rate_rank_2to6が有利(+8.5pt) / [候補2]2号艇のsession_exh_rel_avgが不利(-11.2pt)、2号艇の当地勝率が有利(+8.8pt)、天気-6.0pt
107,18,徳山,6,10:55,0.4872607114243297,4,0.30621443379372826,2,0.25296802305604155,0.2724676417406234,0.20614551400943448,0.3530369428403354,0.2050660632715523,0.296638432070537,1-4,1-2,0.12326137888189304,0.09734412442313617,0.14920626285873034,0.10044660981317118,0.017002338170180417,False,False,True,False,予選,2026-08-24,場特性:in_escape_diff,0.2022,1号艇の年齢,-0.161,1号艇の級別順位,-0.0898,場特性:1x_diff_course2,0.0745,風速区分,0.0669,5号艇の年齢,0.1232,4号艇のモーター2連率,0.115,4号艇のclass_rank_2to6,0.096,4号艇のwin_rate_rank_2to6,0.0915,4号艇のsession_exh_rel_avg,0.0801,2号艇のwin_rate_rank_2to6,-0.1547,2号艇のsession_exh_rel_avg,0.0848,2号艇の全国勝率,-0.0687,2号艇のclass_rank_2to6,-0.0631,3号艇のracer_2nd_te,0.0546,0.0598,南 1.5m/s,[逃げ]場特性:in_escape_diffが有利(+20.2pt)、1号艇の年齢が不利(-16.1pt) / [2着]5号艇の年齢が有利(+12.3pt)、4号艇のモーター2連率が有利(+11.5pt) / [候補2]2号艇のwin_rate_rank_2to6が不利(-15.5pt)、2号艇のsession_exh_rel_avgが有利(+8.5pt)、天気+6.0pt
108,19,下関,6,17:51,0.4870414893674644,2,0.30071633578595003,3,0.2941096086141186,0.289704913875018,0.26058251557249135,0.3342434288275773,0.19911447159750104,0.30306646836078577,1-2,1-3,0.14646133205831563,0.14324358181670235,0.12691449648754666,0.04427797339606151,0.0261441056088382,True,False,False,False,一般,2026-08-24,1号艇のracer_win_te,-0.2388,1号艇のdominance,-0.1481,1号艇の年齢,-0.1136,1号艇のsession_exh_rel_avg,0.0963,1号艇の級別順位,-0.0943,2号艇のwin_rate_rank_2to6,-0.1539,1号艇の年齢,0.054,2号艇のsession_exh_rel_avg,-0.0475,2号艇の全国勝率,-0.0407,1号艇vs2号艇の枠別平均ST差,0.0395,3号艇のsession_exh_rel_avg,0.1149,3号艇のwin_rate_rank_2to6,0.0795,3号艇の節間得点,-0.0701,3号艇のsession_exh_rel_last,0.0579,場特性:1x_diff_course3,0.051,0.0299,東 2.4m/s,[逃げ]1号艇のracer_win_teが不利(-23.9pt)、1号艇のdominanceが不利(-14.8pt) / [2着]2号艇のwin_rate_rank_2to6が不利(-15.4pt)、1号艇の年齢が有利(+5.4pt) / [候補2]3号艇のsession_exh_rel_avgが有利(+11.5pt)、3号艇のwin_rate_rank_2to6が有利(+8.0pt) / [除外]6号艇のwin_rate_rank_2to6が不利(-7.6pt)、天気+3.0pt
109,18,徳山,9,12:33,0.2923641105380016,3,0.4730151114783302,2,0.29347057545574273,0.22409290610058938,0.10008491177342776,0.6664007751606451,0.19717892361723516,0.3567852668186061,1-3,1-2,0.08580026376219371,0.13829264233839567,0.029261236208912574,0.028490199924041584,0.010519773750163967,True,True,False,False,推しトク特賞,2026-08-24,1号艇のsession_exh_rel_avg,-0.2443,1号艇のracer_win_te,-0.1905,1号艇のdominance,-0.1647,場特性:in_escape_diff,0.1612,1号艇vs2号艇のcumulative差,-0.1017,3号艇のwin_rate_rank_2to6,0.2242,3号艇のsession_exh_rel_avg,0.1196,3号艇の一般戦2連率,0.0856,3号艇の当地勝率,0.0802,3号艇の全国勝率,0.0422,2号艇のwin_rate_rank_2to6,-0.1377,場特性:in_escape_diff,0.057,2号艇のsession_avg_finish,0.0533,2号艇のclass_rank_2to6,-0.0472,2号艇のsession_exh_rel_avg,-0.0442,0.0977,南東 2.0m/s,[逃げ]1号艇のsession_exh_rel_avgが不利(-24.4pt)、1号艇のracer_win_teが不利(-19.1pt) / [2着]3号艇のwin_rate_rank_2to6が有利(+22.4pt)、3号艇のsession_exh_rel_avgが有利(+12.0pt) / [候補2]2号艇のwin_rate_rank_2to6が不利(-13.8pt)、場特性:in_escape_diffが有利(+5.7pt) / [除外]4号艇のwin_rate_rank_2to6が不利(-5.0pt)、天気+9.8pt
110,07,蒲郡,1,15:19,0.29425973453874676,2,0.41140218431866454,4,0.36575020068580355,0.22868465450756872,0.1159917689974056,0.6611606160070626,0.19685400936489664,0.3584274429574169,1-2,1-4,0.1210590975462708,0.03413170715385621,0.10762555696129791,0.026523571685405346,0.004919806946981942,True,False,False,False,一般戦,2026-08-24,1号艇のracer_win_te,-0.3108,3号艇の女子戦勝率,0.1863,1号艇の直近1着率,-0.1,1号艇のsession_exh_rel_avg,-0.0954,6号艇の年齢,-0.0945,2号艇のwin_rate_rank_2to6,-0.1113,1号艇のモーター2連率,0.0743,2号艇の全国勝率,-0.0631,3号艇のracer_win_te,0.0576,2号艇のsession_avg_finish,-0.0547,4号艇のwin_rate_rank_2to6,0.1756,4号艇のsession_exh_rel_avg,0.1392,4号艇のsession_rank_diff_last,-0.1149,1号艇の平均ST,0.0843,4号艇のcumulative_diff_rank_2to6,0.0728,-0.0605,南 2.3m/s,[逃げ]1号艇のracer_win_teが不利(-31.1pt)、3号艇の女子戦勝率が有利(+18.6pt) / [2着]2号艇のwin_rate_rank_2to6が不利(-11.1pt)、1号艇のモーター2連率が有利(+7.4pt) / [候補2]4号艇のwin_rate_rank_2to6が有利(+17.6pt)、4号艇のsession_exh_rel_avgが有利(+13.9pt) / [除外]6号艇のwin_rate_rank_2to6が不利(-7.3pt)、6号艇の直近平均着順が不利(-6.1pt)、天気-6.0pt
111,07,蒲郡,2,15:46,0.3382416418728607,2,0.3805498204775244,3,0.30377082219348195,0.2314657377445324,0.13055211796879077,0.5537685247022156,0.19520372698482355,0.3281565738318374,1-2,1-3,0.12871779609274023,0.10274794165179217,0.04415816273174319,0.031439418726008285,0.031178330860890814,True,False,False,False,一般戦,2026-08-24,1号艇のdominance,-0.2546,1号艇のracer_win_te,-0.2311,1号艇の年齢,0.1099,1号艇のracer_avgfin_te,0.1,1号艇のsession_avg_finish,-0.0823,2号艇のwin_rate_rank_2to6,-0.1352,1号艇の枠別勝率,0.065,2号艇のsession_exh_rel_avg,-0.0589,1号艇のモーター出走数,0.0524,2号艇の全国勝率,-0.0477,3号艇のsession_exh_rel_avg,-0.2748,3号艇のwin_rate_rank_2to6,0.2181,4号艇のsession_rank_diff_last,-0.0924,3号艇の節間得点,-0.0685,3号艇のsession_exh_rel_last,-0.0561,-0.0195,南 2.3m/s,[逃げ]1号艇のdominanceが不利(-25.5pt)、1号艇のracer_win_teが不利(-23.1pt) / [2着]2号艇のwin_rate_rank_2to6が不利(-13.5pt)、1号艇の枠別勝率が有利(+6.5pt) / [候補2]3号艇のsession_exh_rel_avgが不利(-27.5pt)、3号艇のwin_rate_rank_2to6が有利(+21.8pt) / [除外]1号艇vs6号艇の枠別勝率差が不利(-5.7pt)、天気-1.9pt
112,19,下関,3,16:23,0.43244459433880234,2,0.3052721400160235,5,0.3011903541894294,0.2622614272883753,0.2181967277989474,0.38826576640650545,0.19359192497372926,0.30006272902381437,1-2,1-5,0.13201328675216734,0.09435799543906988,0.07269910323464734,0.130248140536208,0.0031260641478829654,True,False,False,False,一般,2026-08-24,1号艇のdominance,-0.3322,6号艇の枠別出走数,-0.2146,1号艇のsession_exh_rel_avg,0.137,6号艇の年齢,-0.0874,1号艇のsession_rank_diff_delta,-0.0837,2号艇のwin_rate_rank_2to6,-0.1486,2号艇の全国勝率,-0.0937,2号艇の節間得点,-0.0553,5号艇のsession_avg_finish,-0.0523,6号艇の年齢,0.0504,5号艇の年齢,0.1687,6号艇のracer_avgfin_te,0.1001,win_rate_range_1to6,0.0877,6号艇のvs_avg456_diff,0.0868,1号艇vs6号艇の直近複勝率差,0.0855,-0.0343,東 2.3m/s,[逃げ]1号艇のdominanceが不利(-33.2pt)、6号艇の枠別出走数が不利(-21.5pt) / [2着]2号艇のwin_rate_rank_2to6が不利(-14.9pt)、2号艇の全国勝率が不利(-9.4pt) / [候補2]5号艇の年齢が有利(+16.9pt)、6号艇のracer_avgfin_teが有利(+10.0pt) / [除外]5号艇の直近平均着順が不利(-27.9pt)、win_rate_range_1to6が不利(-10.1pt)、天気-3.4pt
113,18,徳山,7,11:28,0.44997656334014563,5,0.31018979465119717,4,0.26828692700347634,0.260300967182444,0.2426465551261495,0.33583016652852404,0.1845076076030541,0.28295972698626803,1-5,1-4,0.10918526298198994,0.0729976258687182,0.12072282940211279,0.13957813778033118,0.007492712335873468,True,True,False,False,予選,2026-08-24,場特性:in_escape_diff,0.1627,1号艇の年齢,-0.1029,1号艇のracer_win_te,-0.096,4号艇の枠別出走数,-0.0882,1号艇のsession_exh_rel_avg,-0.0845,5号艇のwin_rate_rank_2to6,0.231,5号艇のclass_rank_2to6,0.1778,1号艇のsession_rank_diff_last,-0.0966,5号艇のsession_exh_rel_avg,0.0731,5号艇の年齢,0.0591,4号艇のwin_rate_rank_2to6,0.1108,4号艇のsession_exh_rel_avg,-0.1096,4号艇のclass_rank_2to6,-0.077,4号艇の年齢,0.0692,場特性:1x_diff_course4,0.0592,0.1019,南 1.5m/s,[逃げ]場特性:in_escape_diffが有利(+16.3pt)、1号艇の年齢が不利(-10.3pt) / [2着]5号艇のwin_rate_rank_2to6が有利(+23.1pt)、5号艇のclass_rank_2to6が有利(+17.8pt) / [候補2]4号艇のwin_rate_rank_2to6が有利(+11.1pt)、4号艇のsession_exh_rel_avgが不利(-11.0pt) / [除外]6号艇のwin_rate_rank_2to6が不利(-8.3pt)、4号艇の女子戦2連率が不利(-7.9pt)、天気+10.2pt
114,15,丸亀,5,17:01,0.47633563687489267,5,0.3026894403080249,4,0.23771007563210836,0.25741154759222706,0.23659338130877125,0.30380613463136197,0.18432930547290463,0.2713299237039675,1-5,1-4,0.060243188887480065,0.11269785896609788,0.11322978026779924,0.14418176732442786,0.04598304142908765,True,False,False,False,予選,2026-08-24,1号艇のracer_win_te,-0.1347,1号艇の級別順位,-0.0886,1号艇の勝率順位,-0.0802,1号艇のdominance,-0.0731,1号艇のモーター2連率順位,-0.0684,5号艇のwin_rate_rank_2to6,0.2307,5号艇のclass_rank_2to6,0.1185,avg_456_win_rate,0.0768,5号艇のモーター2連率,0.0624,1号艇のracer_win_te,0.0587,5号艇の直近1着率,-0.4078,4号艇のclass_rank_2to6,0.1574,4号艇のwin_rate_rank_2to6,-0.1012,4号艇の全国勝率,0.0483,4号艇のracer_avgfin_te,0.0476,0.0256,南 2.3m/s,[逃げ]1号艇のracer_win_teが不利(-13.5pt)、1号艇の級別順位が不利(-8.9pt) / [2着]5号艇のwin_rate_rank_2to6が有利(+23.1pt)、5号艇のclass_rank_2to6が有利(+11.9pt) / [候補2]5号艇の直近1着率が不利(-40.8pt)、4号艇のclass_rank_2to6が有利(+15.7pt) / [除外]2号艇のwin_rate_rank_2to6が不利(-6.7pt)、天気+2.6pt
115,20,若松,3,16:17,0.2954165188167818,3,0.4564797247735507,2,0.2827407025069774,0.21837792526546762,0.13256544654179156,0.6066549807387365,0.1836386846522436,0.33486104190744825,1-3,1-2,0.0835262740624226,0.13485165120304504,0.039162022732768254,0.01566058247551461,0.022215992745080487,True,False,False,False,予選,2026-08-24,1号艇のdominance,-0.2265,5号艇の枠別出走数,-0.1608,1号艇の全国2連率,-0.0862,1号艇の級別順位,-0.0813,1号艇のモーター2連率順位,-0.0677,3号艇のwin_rate_rank_2to6,0.1882,3号艇のsession_exh_rel_avg,-0.1157,3号艇の当地勝率,0.0932,2号艇のvs_boat3_diff,0.0534,3号艇のclass_rank_2to6,0.0448,2号艇のwin_rate_rank_2to6,-0.1794,2号艇のsession_exh_rel_avg,-0.0779,2号艇の全国勝率,-0.0687,2号艇のsession_avg_finish,0.0611,2号艇の直近平均着順,-0.055,0.0035,東 2.2m/s,[逃げ]1号艇のdominanceが不利(-22.7pt)、5号艇の枠別出走数が不利(-16.1pt) / [2着]3号艇のwin_rate_rank_2to6が有利(+18.8pt)、3号艇のsession_exh_rel_avgが不利(-11.6pt) / [候補2]2号艇のwin_rate_rank_2to6が不利(-17.9pt)、2号艇のsession_exh_rel_avgが不利(-7.8pt)、天気+0.4pt
116,07,蒲郡,6,17:37,0.2868212681886217,2,0.39089239794650543,4,0.35238193157785985,0.21318688580622597,0.13299392573126892,0.6102804037930964,0.1791638127768735,0.3323149412022871,1-2,1-4,0.11211625330430806,0.03814548643962592,0.10107063250191788,0.01693128114397135,0.018557622278245863,True,False,False,False,一般戦,2026-08-24,1号艇のdominance,-0.2167,1号艇のracer_win_te,-0.2125,1号艇のsession_exh_rel_avg,0.1259,1号艇の直近1着率,-0.1196,1号艇の年齢,0.096,ST差分(3-2),-0.0701,2号艇の全国勝率,0.0681,3号艇のracer_2nd_te,0.0535,5号艇のracer_2nd_te,-0.0533,2号艇のclass_rank_2to6,-0.0527,4号艇のclass_rank_2to6,0.0964,4号艇のsession_exh_rel_avg,0.072,4号艇のwin_rate_rank_2to6,0.0562,4号艇の年齢,0.0501,4号艇のcumulative_diff_rank_2to6,0.0488,0.021,南 2.3m/s,[逃げ]1号艇のdominanceが不利(-21.7pt)、1号艇のracer_win_teが不利(-21.2pt) / [2着]ST差分(3-2)が不利(-7.0pt)、2号艇の全国勝率が有利(+6.8pt) / [候補2]4号艇のclass_rank_2to6が有利(+9.6pt)、4号艇のsession_exh_rel_avgが有利(+7.2pt) / [除外]6号艇のsession_exh_rel_avgが不利(-7.8pt)、5号艇のracer_avgfin_teが不利(-5.4pt)、天気+2.1pt
117,10,三国,8,12:07,0.30457671285886445,3,0.5311343190584443,5,0.21411141368682202,0.22698449555164904,0.18033518644404134,0.5649105463012251,0.1778645459613931,0.32836231077652184,1-3,1-5,0.054925898299916565,0.1617711449853523,0.022209431022608826,0.06521335056629673,0.0004568844921365016,True,True,False,False,予選,2026-08-24,1号艇のdominance,-0.237,1号艇の女子戦比率,-0.1621,1号艇のvs_max234_diff,-0.0891,1号艇の全国勝率,-0.0784,1号艇の級別順位,-0.0742,3号艇のwin_rate_rank_2to6,0.1973,3号艇の当地勝率,0.1412,3号艇の全国勝率,0.0724,2号艇のvs_boat3_diff,0.0616,6号艇のracer_avgfin_te,0.0599,5号艇のclass_rank_2to6,0.1655,5号艇のwin_rate_rank_2to6,0.1102,5号艇の性別,-0.107,6号艇の直近平均着順,0.0751,5号艇の枠別勝率,0.0657,0.0087,西 1.5m/s,[逃げ]1号艇のdominanceが不利(-23.7pt)、1号艇の女子戦比率が不利(-16.2pt) / [2着]3号艇のwin_rate_rank_2to6が有利(+19.7pt)、3号艇の当地勝率が有利(+14.1pt) / [候補2]5号艇のclass_rank_2to6が有利(+16.6pt)、5号艇のwin_rate_rank_2to6が有利(+11.0pt) / [除外]6号艇の直近平均着順が不利(-25.1pt)、6号艇の全国勝率が不利(-17.2pt)、天気+0.9pt
118,13,尼崎,2,11:01,0.34431190014928537,2,0.42653539053886225,4,0.1828234933093282,0.20980951517061813,0.1525558737299737,0.4568030101182168,0.17140030648615914,0.2839075636548977,1-2,1-4,0.14686121079735318,0.04859761697782872,0.06294830437326496,0.05252680276290169,0.03337796523793683,True,True,False,False,予選,2026-08-24,1号艇のdominance,-0.4025,1号艇のracer_win_te,-0.2345,1号艇のvs_max234_diff,-0.1726,1号艇の級別順位,-0.0981,1号艇の全国勝率,-0.0973,2号艇の全国勝率,0.0755,2号艇のracer_avgfin_te,0.0609,1号艇のracer_avgfin_te,-0.0439,1号艇vs2号艇のplace_rate差,-0.0408,3号艇のracer_avgfin_te,0.0397,4号艇の一般戦2連率,0.1409,4号艇のwin_rate_rank_2to6,-0.1164,4号艇の年齢,-0.1023,4号艇のclass_rank_2to6,-0.0907,6号艇の直近平均着順,0.0498,0.036,南西 2.1m/s,[逃げ]1号艇のdominanceが不利(-40.2pt)、1号艇のracer_win_teが不利(-23.4pt) / [2着]2号艇の全国勝率が有利(+7.6pt)、2号艇のracer_avgfin_teが有利(+6.1pt) / [候補2]4号艇の一般戦2連率が有利(+14.1pt)、4号艇のwin_rate_rank_2to6が不利(-11.6pt)、天気+3.6pt
119,21,芦屋,9,12:26,0.45054458210479653,5,0.25309104170652896,2,0.2508376986821403,0.22704236374900946,0.20569608010288967,0.29823266028577955,0.17100029466045066,0.2483994527100405,1-5,1-2,0.11301356612887377,0.09211720029523991,0.09267525445055118,0.11402879762013572,0.03870975102192573,True,True,False,False,一般,2026-08-24,1号艇の年齢,-0.219,1号艇の級別順位,-0.075,1号艇の勝率順位,-0.0586,1号艇のモーター2連率,-0.0538,2号艇のモーター出走数,-0.0533,5号艇のwin_rate_rank_2to6,0.223,5号艇のclass_rank_2to6,0.1484,4号艇のsession_exh_rel_last,-0.0904,5号艇のsession_exh_rel_avg,0.0836,4号艇のsession_exh_rel_avg,0.0684,2号艇のwin_rate_rank_2to6,-0.152,2号艇のsession_exh_rel_avg,-0.0784,3号艇のモーター出走数,0.0588,2号艇のclass_rank_2to6,-0.0513,5号艇の女子戦2連率,0.0511,0.0413,北東 3.1m/s,[逃げ]1号艇の年齢が不利(-21.9pt)、1号艇の級別順位が不利(-7.5pt) / [2着]5号艇のwin_rate_rank_2to6が有利(+22.3pt)、5号艇のclass_rank_2to6が有利(+14.8pt) / [候補2]2号艇のwin_rate_rank_2to6が不利(-15.2pt)、2号艇のsession_exh_rel_avgが不利(-7.8pt) / [除外]6号艇のsession_exh_rel_avgが不利(-5.9pt)、天気+4.1pt
120,21,芦屋,6,10:49,0.31945161668793104,4,0.42286414133509864,3,0.2812016646791516,0.22491495998594346,0.21920619080705578,0.4848596152071944,0.1657516580250954,0.3028983565523187,1-4,1-3,0.07002577204131706,0.08983032639709244,0.13508463358885103,0.016458625373722512,0.008052251551622943,False,False,True,False,一般,2026-08-24,1号艇のdominance,-0.3661,1号艇のvs_max234_diff,-0.1354,1号艇の全国2連率,-0.1337,1号艇の節間得点,0.1275,1号艇のracer_win_te,-0.1245,4号艇のwin_rate_rank_2to6,0.182,4号艇のclass_rank_2to6,0.1787,1号艇のモーター出走数,0.1149,5号艇の年齢,0.1135,2号艇のsession_exh_rel_avg,0.109,6号艇のモーター出走数,0.0754,3号艇のsession_exh_rel_avg,0.0735,3号艇のwin_rate_rank_2to6,0.0697,4号艇のモーター出走数,-0.053,1号艇のvs_max234_diff,-0.0504,0.0353,東 2.3m/s,[逃げ]1号艇のdominanceが不利(-36.6pt)、1号艇のvs_max234_diffが不利(-13.5pt) / [2着]4号艇のwin_rate_rank_2to6が有利(+18.2pt)、4号艇のclass_rank_2to6が有利(+17.9pt) / [候補2]6号艇のモーター出走数が有利(+7.5pt)、3号艇のsession_exh_rel_avgが有利(+7.4pt) / [除外]6号艇のwin_rate_rank_2to6が不利(-9.4pt)、天気+3.5pt
121,22,福岡,6,14:47,0.35772363054837286,3,0.36523027145276643,2,0.25681504503753394,0.22252030898052189,0.21653094320182942,0.40551437328847095,0.164701270118384,0.2774185282729066,1-3,1-2,0.09186881029027053,0.13065149869025136,0.07745823512822193,0.046061558332355104,0.011683525442025224,True,True,False,False,予選,2026-08-24,1号艇のdominance,-0.2896,5号艇の枠別出走数,-0.191,1号艇のsession_exh_rel_avg,0.1198,1号艇のracer_win_te,-0.0669,4号艇の枠別出走数,-0.0594,3号艇のsession_exh_rel_avg,-0.1663,3号艇の女子戦勝率,0.0788,3号艇のwin_rate_rank_2to6,-0.0715,3号艇の全国勝率,0.056,場特性:1x_diff_course3,0.0518,2号艇のwin_rate_rank_2to6,-0.1515,2号艇のsession_exh_rel_avg,-0.1329,5号艇の当地2連率,-0.0589,2号艇のsession_avg_finish,-0.0561,場特性:1x_diff_course2,0.0521,0.0436,北西 2.8m/s,[逃げ]1号艇のdominanceが不利(-29.0pt)、5号艇の枠別出走数が不利(-19.1pt) / [2着]3号艇のsession_exh_rel_avgが不利(-16.6pt)、3号艇の女子戦勝率が有利(+7.9pt) / [候補2]2号艇のwin_rate_rank_2to6が不利(-15.1pt)、2号艇のsession_exh_rel_avgが不利(-13.3pt) / [除外]win_rate_range_1to6が不利(-5.1pt)、天気+4.4pt
122,07,蒲郡,4,16:39,0.3192133695240214,3,0.381907629287479,2,0.3318885950870775,0.22785329793612663,0.2353138107112424,0.4784824136633142,0.1635128645515578,0.30304203265428287,1-3,1-2,0.10594327674433959,0.12191002119178702,0.07511531441267345,0.008933599389171671,0.007311157786049696,True,False,False,False,一般戦,2026-08-24,1号艇のdominance,-0.1642,1号艇のsession_exh_rel_avg,-0.1623,1号艇vs2号艇のcumulative差,-0.1157,1号艇の級別順位,-0.0836,風速区分,0.0824,1号艇のsession_exh_rel_avg,0.0483,3号艇の全国勝率,0.0388,3号艇のwin_rate_rank_2to6,-0.0347,3号艇のracer_avgfin_te,0.0331,場特性:1x_diff_course3,0.0325,2号艇のwin_rate_rank_2to6,0.1597,2号艇のsession_exh_rel_avg,-0.0919,2号艇のclass_rank_2to6,-0.056,1号艇の直近複勝率,0.0464,2号艇の全国勝率,0.0429,0.0515,南 2.3m/s,[逃げ]1号艇のdominanceが不利(-16.4pt)、1号艇のsession_exh_rel_avgが不利(-16.2pt) / [2着]1号艇のsession_exh_rel_avgが有利(+4.8pt)、3号艇の全国勝率が有利(+3.9pt) / [候補2]2号艇のwin_rate_rank_2to6が有利(+16.0pt)、2号艇のsession_exh_rel_avgが不利(-9.2pt) / [除外]5号艇のracer_avgfin_teが不利(-6.2pt)、天気+5.1pt
123,13,尼崎,4,11:51,0.31577177055294225,2,0.3588696437495893,3,0.3045314280589089,0.20948333103168906,0.19441340913471486,0.46898766267378333,0.16061168878036905,0.2873346305243173,1-2,1-3,0.11332090280451144,0.09616242822717763,0.04159781000310882,0.06139026642170247,0.003300362949399236,True,True,False,False,予選,2026-08-24,1号艇のracer_win_te,-0.1865,1号艇のdominance,-0.1774,1号艇の年齢,0.1357,1号艇の直近1着率,-0.1238,1号艇の級別順位,-0.0867,2号艇の全国勝率,0.0848,2号艇のclass_rank_2to6,0.0808,2号艇の当地勝率,0.0644,2号艇のracer_avgfin_te,0.0603,2号艇の直近平均着順,0.0416,3号艇のwin_rate_rank_2to6,0.1337,3号艇のモーター2連率,0.0797,3号艇の当地勝率,0.0469,1号艇vs5号艇の直近複勝率差,-0.0467,3号艇のcumulative_diff_rank_2to6,0.032,0.0468,南西 2.0m/s,[逃げ]1号艇のracer_win_teが不利(-18.6pt)、1号艇のdominanceが不利(-17.7pt) / [2着]2号艇の全国勝率が有利(+8.5pt)、2号艇のclass_rank_2to6が有利(+8.1pt) / [候補2]3号艇のwin_rate_rank_2to6が有利(+13.4pt)、3号艇のモーター2連率が有利(+8.0pt) / [除外]4号艇の女子戦2連率が不利(-13.6pt)、6号艇のwin_rate_rank_2to6が不利(-7.3pt)、天気+4.7pt
124,15,丸亀,2,15:41,0.4113402029701807,5,0.29645526327241534,2,0.2558671368755915,0.22719240818185849,0.24715322035891907,0.30516917978908775,0.15981080579396525,0.25058543966402724,1-5,1-2,0.10524844001580481,0.06615704435628783,0.10166405582717157,0.12194396816605368,0.016326693838681943,True,False,False,False,予選,2026-08-24,1号艇のdominance,-0.2399,1号艇のracer_win_te,-0.1708,1号艇の級別順位,-0.0845,3号艇の枠別出走数,-0.0806,1号艇の全国勝率,-0.0636,5号艇のwin_rate_rank_2to6,0.2317,5号艇のclass_rank_2to6,0.1467,5号艇の年齢,0.0768,3号艇の一般戦2連率,0.0726,6号艇の女子戦2連率,-0.0597,2号艇のwin_rate_rank_2to6,-0.1603,2号艇の全国勝率,-0.0742,2号艇のモーター2連率,-0.0601,2号艇の直近平均着順,-0.0597,2号艇のclass_rank_2to6,-0.0591,0.0132,南 2.3m/s,[逃げ]1号艇のdominanceが不利(-24.0pt)、1号艇のracer_win_teが不利(-17.1pt) / [2着]5号艇のwin_rate_rank_2to6が有利(+23.2pt)、5号艇のclass_rank_2to6が有利(+14.7pt) / [候補2]2号艇のwin_rate_rank_2to6が不利(-16.0pt)、2号艇の全国勝率が不利(-7.4pt) / [除外]3号艇のracer_2nd_teが不利(-6.5pt)、3号艇のwin_rate_rank_2to6が不利(-5.1pt)、天気+1.3pt
125,06,浜名湖,5,13:21,0.30172818071520124,3,0.415654561626199,2,0.26608055063452674,0.2056986951521023,0.19296314622835803,0.4887719660323678,0.15806797428216124,0.29062067641618194,1-3,1-2,0.08028400046665474,0.12541469468544753,0.058222419056563814,0.012622788740167038,0.025184277204355583,True,True,False,False,予選,2026-08-24,1号艇のdominance,-0.2167,1号艇のsession_exh_rel_avg,-0.1789,1号艇の級別順位,-0.0783,1号艇の全国勝率,-0.0571,1号艇の年齢,0.0534,6号艇の直近1着率,0.0787,6号艇の直近平均着順,-0.0644,3号艇の当地2連率,-0.0644,3号艇のsession_exh_rel_avg,0.0609,6号艇のracer_win_te,0.0568,2号艇のwin_rate_rank_2to6,-0.1085,2号艇のsession_exh_rel_avg,-0.0751,1号艇の直近複勝率,0.0618,1号艇vs2号艇のcumulative差,0.0529,2号艇のsession_avg_finish,0.0395,-0.0397,南西 3.7m/s,[逃げ]1号艇のdominanceが不利(-21.7pt)、1号艇のsession_exh_rel_avgが不利(-17.9pt) / [2着]6号艇の直近1着率が有利(+7.9pt)、6号艇の直近平均着順が不利(-6.4pt) / [候補2]2号艇のwin_rate_rank_2to6が不利(-10.8pt)、2号艇のsession_exh_rel_avgが不利(-7.5pt) / [除外]5号艇のracer_avgfin_teが不利(-6.7pt)、天気-4.0pt
126,20,若松,9,19:09,0.41185173481853393,2,0.2864733207826775,3,0.24075752718718788,0.2171409393862358,0.22846639522945167,0.29876445274041374,0.1576096501722636,0.24162799339248917,1-2,1-3,0.1179845341435721,0.09915640524266367,0.09409428122298649,0.07184419268293488,0.028772316923574976,True,False,False,False,予選,2026-08-24,5号艇の枠別出走数,-0.1698,1号艇のdominance,-0.1185,1号艇のsession_exh_rel_avg,0.0685,5号艇の年齢,-0.0677,1号艇vs4号艇のcumulative差,-0.067,2号艇の全国勝率,0.0664,2号艇のclass_rank_2to6,-0.059,2号艇のracer_avgfin_te,0.0565,2号艇のsession_exh_rel_avg,-0.0426,2号艇のcumulative_diff_rank_2to6,-0.0426,3号艇のsession_exh_rel_avg,-0.1485,3号艇のwin_rate_rank_2to6,-0.1094,3号艇の全国勝率,-0.0709,3号艇の当地勝率,-0.0574,3号艇の年齢,-0.043,0.06,北東 1.8m/s,[逃げ]5号艇の枠別出走数が不利(-17.0pt)、1号艇のdominanceが不利(-11.8pt) / [2着]2号艇の全国勝率が有利(+6.6pt)、2号艇のclass_rank_2to6が不利(-5.9pt) / [候補2]3号艇のsession_exh_rel_avgが不利(-14.8pt)、3号艇のwin_rate_rank_2to6が不利(-10.9pt)、天気+6.0pt
127,13,尼崎,3,11:26,0.32762947450675123,5,0.35727772767170973,3,0.27150775788189957,0.20600865820940142,0.195875770869139,0.43290971468447026,0.15758613253042125,0.27407897515192203,1-5,1-3,0.053814473715429606,0.088953944039353,0.06417467587846082,0.11705471417004844,0.0036316618213997672,True,True,False,False,予選,2026-08-24,1号艇のdominance,-0.3816,1号艇のvs_max234_diff,-0.0916,5号艇の枠別出走数,-0.0902,1号艇の年齢,-0.083,1号艇の級別順位,-0.0817,ST差分(5-4),0.2646,6号艇のvs_avg456_diff,0.2004,1号艇vs6号艇の直近複勝率差,0.1685,5号艇の年齢,0.1455,5号艇の枠別出走数,0.0959,3号艇のwin_rate_rank_2to6,-0.0652,6号艇の直近1着率,0.0606,3号艇の全国勝率,0.0423,1号艇vs6号艇のplace_rate差,0.0404,3号艇のモーター2連率,-0.0402,0.0511,南西 2.3m/s,[逃げ]1号艇のdominanceが不利(-38.2pt)、1号艇のvs_max234_diffが不利(-9.2pt) / [2着]ST差分(5-4)が有利(+26.5pt)、6号艇のvs_avg456_diffが有利(+20.0pt) / [候補2]3号艇のwin_rate_rank_2to6が不利(-6.5pt)、6号艇の直近1着率が有利(+6.1pt) / [除外]5号艇の直近平均着順が不利(-27.5pt)、win_rate_range_1to6が不利(-9.9pt)、天気+5.1pt
128,22,福岡,7,15:14,0.22900732043003605,3,0.6120063126397169,4,0.192016749752099,0.18412716708230148,0.1403805258714581,0.6636425365203579,0.1531097248316191,0.3279817779137184,1-3,1-4,0.03214816807038197,0.1401539257438885,0.04397324133841298,0.009940840465918215,0.002791142678637539,True,False,False,False,予選,2026-08-24,1号艇のdominance,-0.4167,1号艇のracer_win_te,-0.1631,1号艇のvs_max234_diff,-0.1481,3号艇のracer_win_te,-0.1291,1号艇の級別順位,-0.0953,3号艇のwin_rate_rank_2to6,0.1986,3号艇のsession_exh_rel_avg,0.1184,3号艇の全国勝率,0.0782,6号艇のsession_rank_diff_last,0.0668,場特性:1x_diff_course3,0.055,4号艇のclass_rank_2to6,0.1142,4号艇のsession_exh_rel_avg,-0.0949,4号艇のwin_rate_rank_2to6,0.0889,4号艇の節間得点,-0.0653,3号艇の枠別平均ST,0.0598,-0.0029,北西 2.7m/s,[逃げ]1号艇のdominanceが不利(-41.7pt)、1号艇のracer_win_teが不利(-16.3pt) / [2着]3号艇のwin_rate_rank_2to6が有利(+19.9pt)、3号艇のsession_exh_rel_avgが有利(+11.8pt) / [候補2]4号艇のclass_rank_2to6が有利(+11.4pt)、4号艇のsession_exh_rel_avgが不利(-9.5pt) / [除外]1号艇vs4号艇のlocal_win_rate差が不利(-7.1pt)、2号艇のwin_rate_rank_2to6が不利(-5.9pt)、天気影響ほぼなし
129,15,丸亀,1,15:17,0.2647440655169211,2,0.4272137985951899,3,0.24594608335667434,0.17821508389082721,0.14207592513371745,0.5310839568181468,0.1478309963909404,0.28407574576902306,1-2,1-3,0.11310231788501768,0.06511276600580952,0.03761375803197807,0.030473454278520263,0.018441768329347075,True,False,False,False,予選,2026-08-24,1号艇のdominance,-0.2351,1号艇のracer_win_te,-0.201,1号艇の平均ST,-0.126,1号艇の全国勝率,-0.0814,second_best_frame_win_rate,-0.0623,2号艇のwin_rate_rank_2to6,0.0702,3号艇の直近平均着順,0.0453,3号艇の全国勝率,-0.0382,3号艇のモーター2連率,0.0352,2号艇の全国勝率,0.0316,3号艇のwin_rate_rank_2to6,-0.1053,3号艇のcumulative_diff_rank_2to6,0.0512,3号艇の一般戦2連率,0.0426,場特性:1x_diff_course3,-0.0384,3号艇の全国2連率,-0.0371,0.1106,南 2.3m/s,[逃げ]1号艇のdominanceが不利(-23.5pt)、1号艇のracer_win_teが不利(-20.1pt) / [2着]2号艇のwin_rate_rank_2to6が有利(+7.0pt)、3号艇の直近平均着順が有利(+4.5pt) / [候補2]3号艇のwin_rate_rank_2to6が不利(-10.5pt)、3号艇のcumulative_diff_rank_2to6が有利(+5.1pt) / [除外]4号艇のwin_rate_rank_2to6が不利(-5.1pt)、天気+11.1pt
130,06,浜名湖,7,14:31,0.23157497159523457,3,0.40140646393492097,2,0.3605867807813394,0.1764585640009286,0.15382652589919135,0.608166718817069,0.14388575456242106,0.3059710104457707,1-3,1-2,0.08350287351705574,0.09295569048387288,0.03562237336569885,0.011042798691288273,0.008451238556712837,True,True,False,False,予選,2026-08-24,1号艇のdominance,-0.2573,1号艇のracer_win_te,-0.1655,1号艇vs4号艇の枠別勝率差,-0.107,1号艇の直近1着率,-0.0964,1号艇の級別順位,-0.0845,3号艇のwin_rate_rank_2to6,0.0502,6号艇のsession_rank_diff_last,0.0497,3号艇の一般戦2連率,-0.0361,3号艇のモーター2連率,0.0317,3号艇の全国勝率,0.0274,2号艇のwin_rate_rank_2to6,0.1388,2号艇のclass_rank_2to6,0.0642,2号艇のsession_exh_rel_avg,0.0488,2号艇の一般戦勝率,-0.0467,2号艇の全国勝率,0.0453,-0.0224,南西 2.2m/s,[逃げ]1号艇のdominanceが不利(-25.7pt)、1号艇のracer_win_teが不利(-16.5pt) / [2着]3号艇のwin_rate_rank_2to6が有利(+5.0pt)、6号艇のsession_rank_diff_lastが有利(+5.0pt) / [候補2]2号艇のwin_rate_rank_2to6が有利(+13.9pt)、2号艇のclass_rank_2to6が有利(+6.4pt) / [除外]5号艇のracer_avgfin_teが不利(-5.8pt)、5号艇のwin_rate_rank_2to6が不利(-5.3pt)、天気-2.2pt
131,15,丸亀,3,16:07,0.31360878355599464,3,0.29942402566830784,4,0.29159641011329096,0.18534919992220106,0.2237996444446802,0.3672207913369186,0.1355718978733676,0.2399106773466163,1-3,1-4,0.07018553425456027,0.09390200445727694,0.09144719546492411,0.0538699725410428,0.004204080489077262,True,False,False,False,予選,2026-08-24,1号艇のdominance,-0.1707,1号艇のracer_win_te,-0.0994,1号艇の全国勝率,-0.0869,1号艇の級別順位,-0.0817,1号艇のモーター2連率順位,-0.0748,3号艇の当地勝率,0.1013,3号艇のwin_rate_rank_2to6,0.0771,3号艇のモーター2連率,0.0449,3号艇のcumulative_diff_rank_2to6,0.0441,5号艇の一般戦2連率,-0.0397,4号艇のwin_rate_rank_2to6,0.1673,4号艇のclass_rank_2to6,0.1317,4号艇の全国勝率,0.0866,4号艇のモーター2連率,0.0817,4号艇のcumulative_diff_rank_2to6,0.0517,0.0618,南 2.3m/s,[逃げ]1号艇のdominanceが不利(-17.1pt)、1号艇のracer_win_teが不利(-9.9pt) / [2着]3号艇の当地勝率が有利(+10.1pt)、3号艇のwin_rate_rank_2to6が有利(+7.7pt) / [候補2]4号艇のwin_rate_rank_2to6が有利(+16.7pt)、4号艇のclass_rank_2to6が有利(+13.2pt) / [除外]6号艇のwin_rate_rank_2to6が不利(-7.5pt)、6号艇のvs_avg456_diffが不利(-7.1pt)、天気+6.2pt
132,20,若松,4,16:42,0.2924360015274185,2,0.32370815064984043,5,0.2776231246055394,0.17585091372906678,0.2081356747056685,0.39319560054971137,0.13192989543713762,0.24105431977526015,1-2,1-5,0.09466391723787455,0.06086636448613715,0.026668675494591502,0.08118699649119221,0.02905004672821406,True,False,False,False,予選,2026-08-24,1号艇のdominance,-0.25,1号艇のsession_exh_rel_avg,0.1207,2号艇のsession_exh_rel_avg,-0.1171,1号艇vs2号艇のcumulative差,-0.1131,1号艇の級別順位,-0.0803,5号艇のsession_rank_diff_last,-0.1972,2号艇のsession_exh_rel_avg,0.1631,2号艇の節間得点,0.0548,1号艇の直近複勝率,0.0512,2号艇の全国勝率,0.0387,5号艇のwin_rate_rank_2to6,0.2196,5号艇のclass_rank_2to6,0.1948,5号艇のsession_exh_rel_avg,0.1256,1号艇のsession_rank_diff_last,-0.1038,5号艇の節間得点,0.081,0.0489,東 2.0m/s,[逃げ]1号艇のdominanceが不利(-25.0pt)、1号艇のsession_exh_rel_avgが有利(+12.1pt) / [2着]5号艇のsession_rank_diff_lastが不利(-19.7pt)、2号艇のsession_exh_rel_avgが有利(+16.3pt) / [候補2]5号艇のwin_rate_rank_2to6が有利(+22.0pt)、5号艇のclass_rank_2to6が有利(+19.5pt)、天気+4.9pt
133,21,芦屋,8,11:53,0.252536439223357,3,0.3642525991968785,4,0.2380195268010242,0.15209565814299136,0.14748770855804838,0.4547844174398543,0.12517697002162567,0.24290228593205024,1-3,1-4,0.037246020748461776,0.09198705437903233,0.06010860376395904,0.028216598365812865,0.03497815914377635,True,True,False,False,一般,2026-08-24,1号艇のdominance,-0.2463,1号艇のracer_win_te,-0.1965,6号艇のモーター出走数,-0.1047,1号艇の級別順位,-0.0948,1号艇のvs_max234_diff,-0.0752,3号艇のwin_rate_rank_2to6,0.1813,1号艇vs6号艇のcumulative差,-0.1325,4号艇のモーター出走数,-0.077,6号艇のモーター出走数,0.0654,1号艇の体重,0.0631,1号艇のモーター出走数,0.1217,4号艇の年齢,-0.0874,4号艇のsession_exh_rel_avg,-0.0817,4号艇の全国勝率,0.0705,場特性:1x_diff_course4,0.068,0.0054,東 2.0m/s,[逃げ]1号艇のdominanceが不利(-24.6pt)、1号艇のracer_win_teが不利(-19.6pt) / [2着]3号艇のwin_rate_rank_2to6が有利(+18.1pt)、1号艇vs6号艇のcumulative差が不利(-13.3pt) / [候補2]1号艇のモーター出走数が有利(+12.2pt)、4号艇の年齢が不利(-8.7pt) / [除外]1号艇の体重が不利(-6.9pt)、2号艇のwin_rate_rank_2to6が不利(-6.4pt)、天気+0.5pt
134,06,浜名湖,6,13:53,0.20893243672775064,2,0.41018849693432646,3,0.3214678696655211,0.15286674752107857,0.18922351993164988,0.5424328466681977,0.118155566665349,0.2697365772652143,1-2,1-3,0.0857016821821823,0.06716506533889628,0.0395349311055217,0.009857213497230764,0.0066735426580846295,True,True,False,False,予選,2026-08-24,1号艇のdominance,-0.2693,1号艇のracer_win_te,-0.191,1号艇の級別順位,-0.0944,1号艇のsession_exh_rel_avg,-0.0862,1号艇vs4号艇の枠別勝率差,-0.0823,2号艇のwin_rate_rank_2to6,0.2126,1号艇vs2号艇のplace_rate差,-0.073,1号艇の直近複勝率,0.0634,2号艇のsession_exh_rel_avg,-0.0576,2号艇の全国勝率,0.0542,3号艇のsession_exh_rel_avg,-0.0952,3号艇の節間得点,-0.0882,3号艇のcumulative_diff_rank_2to6,-0.0464,3号艇のclass_rank_2to6,0.0411,3号艇のracer_avgfin_te,0.0388,-0.0654,南西 3.1m/s,[逃げ]1号艇のdominanceが不利(-26.9pt)、1号艇のracer_win_teが不利(-19.1pt) / [2着]2号艇のwin_rate_rank_2to6が有利(+21.3pt)、1号艇vs2号艇のplace_rate差が不利(-7.3pt) / [候補2]3号艇のsession_exh_rel_avgが不利(-9.5pt)、3号艇の節間得点が不利(-8.8pt) / [除外]5号艇のwin_rate_rank_2to6が不利(-5.6pt)、天気-6.5pt
135,08,常滑,2,10:58,0.1941773311905075,2,0.500390902312271,3,0.21373482800647653,0.1386670284477665,0.16794624688290224,0.5461794834358453,0.11072070005471807,0.26092076494419014,1-2,1-3,0.09716456996300674,0.04150245848475975,0.032611354003184045,0.016867839137109458,0.006031109602447501,False,False,True,False,予選,2026-08-24,1号艇のdominance,-0.2816,1号艇のvs_max234_diff,-0.123,1号艇vs2号艇のcumulative差,-0.1144,1号艇の年齢,-0.1105,1号艇の全国勝率,-0.0862,2号艇のwin_rate_rank_2to6,0.1943,2号艇のclass_rank_2to6,0.0769,2号艇のracer_avgfin_te,0.0684,2号艇のsession_exh_rel_avg,0.0547,1号艇vs2号艇のcumulative差,0.0502,2号艇の全国勝率,-0.1227,3号艇の節間得点,-0.0989,1号艇のvs_max234_diff,-0.0654,3号艇のsession_exh_rel_avg,0.064,3号艇のwin_rate_rank_2to6,0.0612,0.0199,南西 2.1m/s,[逃げ]1号艇のdominanceが不利(-28.2pt)、1号艇のvs_max234_diffが不利(-12.3pt) / [2着]2号艇のwin_rate_rank_2to6が有利(+19.4pt)、2号艇のclass_rank_2to6が有利(+7.7pt) / [候補2]2号艇の全国勝率が不利(-12.3pt)、3号艇の節間得点が不利(-9.9pt) / [除外]2号艇の直近1着率が不利(-8.7pt)、6号艇のwin_rate_rank_2to6が不利(-8.2pt)、天気+2.0pt
136,03,江戸川,4,12:35,0.22205607206869776,2,0.4400257429508162,4,0.1990375994057948,0.14190789560680248,0.18490732357773565,0.45415601877887535,0.11042012460135942,0.2355823325584243,1-2,1-4,0.09771038808876872,0.035556093803768105,0.044197507518033766,0.04105979397040768,0.0035322893081370156,True,True,False,False,予選,2026-08-24,1号艇のdominance,-0.4806,1号艇のracer_win_te,-0.2356,1号艇のvs_max234_diff,-0.1577,1号艇のsession_exh_rel_avg,0.1376,1号艇の級別順位,-0.1007,2号艇のsession_exh_rel_avg,-0.1066,2号艇のclass_rank_2to6,0.0818,2号艇の全国勝率,0.0518,2号艇のモーター2連率,-0.0479,1号艇vs2号艇のplace_rate差,-0.0446,4号艇のwin_rate_rank_2to6,-0.1201,4号艇のclass_rank_2to6,-0.0981,4号艇の全国勝率,-0.0746,4号艇のsession_exh_rel_avg,0.0585,1号艇の一般戦2連率,0.0553,-0.0739,南 2.2m/s,[逃げ]1号艇のdominanceが不利(-48.1pt)、1号艇のracer_win_teが不利(-23.6pt) / [2着]2号艇のsession_exh_rel_avgが不利(-10.7pt)、2号艇のclass_rank_2to6が有利(+8.2pt) / [候補2]4号艇のwin_rate_rank_2to6が不利(-12.0pt)、4号艇のclass_rank_2to6が不利(-9.8pt) / [除外]1号艇vs5号艇の級別差が不利(-9.1pt)、6号艇のwin_rate_rank_2to6が不利(-8.5pt)、天気-7.4pt
137,03,江戸川,8,14:24,0.22799492148823797,3,0.33016213801135946,2,0.3037097067544411,0.14451956148098324,0.19957062721902394,0.43430121754677653,0.1099093300447695,0.23145405830072122,1-3,1-2,0.06924427074669458,0.0752752907342887,0.04550108948415977,0.0359039071094006,0.002070366811083422,True,True,False,False,予選,2026-08-24,1号艇のracer_win_te,-0.1851,1号艇のdominance,-0.1584,1号艇vs2号艇のcumulative差,-0.1048,1号艇のsession_exh_rel_avg,-0.101,場特性:in_escape_diff,-0.0853,3号艇のwin_rate_rank_2to6,0.148,3号艇のsession_exh_rel_avg,-0.1332,3号艇の当地勝率,-0.0496,3号艇のclass_rank_2to6,0.0401,3号艇の全国勝率,0.0331,2号艇のwin_rate_rank_2to6,-0.1235,2号艇のsession_exh_rel_avg,0.1175,2号艇の節間得点,0.0635,2号艇のsession_avg_finish,0.0603,2号艇のモーター2連率,0.0575,-0.0477,南 1.8m/s,[逃げ]1号艇のracer_win_teが不利(-18.5pt)、1号艇のdominanceが不利(-15.8pt) / [2着]3号艇のwin_rate_rank_2to6が有利(+14.8pt)、3号艇のsession_exh_rel_avgが不利(-13.3pt) / [候補2]2号艇のwin_rate_rank_2to6が不利(-12.4pt)、2号艇のsession_exh_rel_avgが有利(+11.8pt) / [除外]6号艇の直近平均着順が不利(-9.1pt)、win_rate_gap_top2_2to6が不利(-9.1pt)、天気-4.8pt
138,03,江戸川,3,12:08,0.2831437916132016,5,0.2811086499532997,2,0.25101858256418064,0.15066852223563915,0.24190755768590427,0.2902196748315761,0.10693109715463776,0.19253386801442024,1-5,1-2,0.0710743532325936,0.06849462310307622,0.05739756836641397,0.07959416900304551,0.006583084236829193,True,True,False,False,予選,2026-08-24,1号艇のracer_win_te,-0.1693,場×風向,-0.1054,1号艇のsession_exh_rel_last,-0.0932,1号艇vs2号艇のcumulative差,-0.09,1号艇の年齢,0.082,5号艇のモーター2連率,0.1467,5号艇のclass_rank_2to6,0.1379,5号艇のwin_rate_rank_2to6,0.1015,4号艇のsession_exh_rel_delta,0.0807,1号艇vs5号艇のcumulative差,0.0678,2号艇のwin_rate_rank_2to6,-0.1263,2号艇のsession_exh_rel_avg,0.0895,2号艇の当地勝率,0.0856,2号艇のclass_rank_2to6,-0.0669,6号艇のsession_rank_diff_delta,-0.0547,-0.0762,南 2.1m/s,[逃げ]1号艇のracer_win_teが不利(-16.9pt)、場×風向が不利(-10.5pt) / [2着]5号艇のモーター2連率が有利(+14.7pt)、5号艇のclass_rank_2to6が有利(+13.8pt) / [候補2]2号艇のwin_rate_rank_2to6が不利(-12.6pt)、2号艇のsession_exh_rel_avgが有利(+9.0pt) / [除外]6号艇のwin_rate_rank_2to6が不利(-7.9pt)、6号艇のvs_avg456_diffが不利(-6.3pt)、天気-7.6pt
139,10,三国,6,11:04,0.18931807797295513,4,0.4016591686939095,3,0.31459554290170794,0.1355999653383556,0.2089212829365132,0.5073334286591042,0.10160430286879245,0.2471200043345802,1-4,1-3,0.039552575733184624,0.0595586235210097,0.0760413418173459,0.004939886331928464,0.009225647748427249,True,True,False,False,予選,2026-08-24,1号艇のdominance,-0.5057,1号艇のvs_max234_diff,-0.2851,1号艇の全国2連率,-0.2307,1号艇のracer_win_te,-0.2,1号艇の女子戦比率,-0.1497,4号艇のclass_rank_2to6,0.2159,4号艇のwin_rate_rank_2to6,0.2144,1号艇の一般戦2連率,0.0978,4号艇の全国勝率,0.0778,4号艇のモーター2連率,0.0749,1号艇の直近複勝率,-0.1152,1号艇vs5号艇の直近複勝率差,-0.0987,3号艇のwin_rate_rank_2to6,0.0961,1号艇のdominance,0.0568,2号艇のvs_boat3_diff,0.0553,0.0506,西 3.0m/s,[逃げ]1号艇のdominanceが不利(-50.6pt)、1号艇のvs_max234_diffが不利(-28.5pt) / [2着]4号艇のclass_rank_2to6が有利(+21.6pt)、4号艇のwin_rate_rank_2to6が有利(+21.4pt) / [候補2]1号艇の直近複勝率が不利(-11.5pt)、1号艇vs5号艇の直近複勝率差が不利(-9.9pt) / [除外]1号艇vs5号艇の枠別平均ST差が不利(-6.7pt)、5号艇のracer_avgfin_teが不利(-5.9pt)、天気+5.1pt
140,06,浜名湖,9,15:34,0.15982140694750507,2,0.43539943325979524,5,0.2637171051307676,0.1117337887858492,0.15941646520224337,0.5397000731883195,0.09035914200357624,0.2401236741065903,1-2,1-5,0.0695861500077268,0.014373993992442213,0.025478163759220518,0.042147638778122394,0.00823545549809877,True,False,False,False,予選特賞,2026-08-24,1号艇のdominance,-0.4125,1号艇vs2号艇のcumulative差,-0.1793,1号艇のvs_max234_diff,-0.1752,1号艇のracer_win_te,-0.1065,5号艇の節間得点,-0.0932,2号艇のwin_rate_rank_2to6,0.2045,2号艇のclass_rank_2to6,0.1201,1号艇vs2号艇のplace_rate差,-0.0886,2号艇の当地勝率,0.0861,2号艇の節間得点,0.0641,5号艇のclass_rank_2to6,0.1574,5号艇のwin_rate_rank_2to6,0.1376,6号艇のsession_rank_diff_delta,0.1196,1号艇vs2号艇のcumulative差,0.1194,5号艇の節間得点,0.1041,-0.0283,南西 1.8m/s,[逃げ]1号艇のdominanceが不利(-41.3pt)、1号艇vs2号艇のcumulative差が不利(-17.9pt) / [2着]2号艇のwin_rate_rank_2to6が有利(+20.5pt)、2号艇のclass_rank_2to6が有利(+12.0pt) / [候補2]5号艇のclass_rank_2to6が有利(+15.7pt)、5号艇のwin_rate_rank_2to6が有利(+13.8pt) / [除外]6号艇のvs_avg456_diffが不利(-7.0pt)、6号艇のwin_rate_rank_2to6が不利(-6.4pt)、天気-2.8pt
141,06,浜名湖,2,11:57,0.18118321722722586,2,0.3606267685147946,4,0.25061654390621246,0.1107470298530644,0.2203759565547426,0.3908673558662644,0.08145985068570555,0.19478312765702438,1-2,1-4,0.06533951813776852,0.03992842480811561,0.04540751171529588,0.016195586359941068,0.014312175531144698,True,True,False,False,予選,2026-08-24,1号艇のdominance,-0.2409,1号艇vs2号艇のcumulative差,-0.2071,1号艇のracer_win_te,-0.1489,1号艇の直近1着率,-0.106,2号艇のsession_exh_rel_avg,-0.1031,2号艇のsession_exh_rel_avg,0.1117,1号艇vs6号艇の直近複勝率差,-0.0703,2号艇の節間得点,0.0604,2号艇のwin_rate_rank_2to6,0.0593,2号艇のsession_exh_rel_last,0.0559,4号艇のclass_rank_2to6,0.1915,4号艇のsession_exh_rel_avg,-0.104,4号艇のwin_rate_rank_2to6,-0.0628,4号艇のcumulative_diff_rank_2to6,-0.0573,4号艇の直近複勝率,0.0543,-0.0056,南西 3.8m/s,[逃げ]1号艇のdominanceが不利(-24.1pt)、1号艇vs2号艇のcumulative差が不利(-20.7pt) / [2着]2号艇のsession_exh_rel_avgが有利(+11.2pt)、1号艇vs6号艇の直近複勝率差が不利(-7.0pt) / [候補2]4号艇のclass_rank_2to6が有利(+19.1pt)、4号艇のsession_exh_rel_avgが不利(-10.4pt)、天気-0.6pt
142,18,徳山,8,12:00,0.11594865125811257,2,0.42200255729065983,4,0.3431878722775694,0.08872279826405197,0.11575945080647676,0.6494309787617525,0.07639819538277938,0.2569352524133621,1-2,1-4,0.04893062734532639,0.011433644952696208,0.039792170918725576,0.013422152191390813,0.0023700536902616573,True,True,False,False,予選,2026-08-24,1号艇のdominance,-0.2567,1号艇のracer_win_te,-0.1855,1号艇のsession_exh_rel_avg,-0.1833,場特性:in_escape_diff,0.1586,1号艇の年齢,-0.1242,3号艇の全国勝率,-0.0679,2号艇のclass_rank_2to6,0.065,2号艇のwin_rate_rank_2to6,0.0606,2号艇のsession_exh_rel_avg,-0.0588,3号艇の直近平均着順,0.0554,4号艇のwin_rate_rank_2to6,0.1722,4号艇のclass_rank_2to6,0.1685,4号艇のsession_exh_rel_avg,0.0748,4号艇の全国勝率,0.0679,4号艇の年齢,0.0594,0.0375,南東 1.5m/s,[逃げ]1号艇のdominanceが不利(-25.7pt)、1号艇のracer_win_teが不利(-18.5pt) / [2着]3号艇の全国勝率が不利(-6.8pt)、2号艇のclass_rank_2to6が有利(+6.5pt) / [候補2]4号艇のwin_rate_rank_2to6が有利(+17.2pt)、4号艇のclass_rank_2to6が有利(+16.9pt) / [除外]3号艇のwin_rate_rank_2to6が不利(-6.5pt)、6号艇のwin_rate_rank_2to6が不利(-6.5pt)、天気+3.7pt
143,07,蒲郡,5,17:08,0.17770795230934056,2,0.30063547354207204,3,0.2767745658193968,0.10261035573778236,0.22472196204735137,0.35268807731411744,0.07493979517645698,0.17763367221068288,1-2,1-3,0.05342531439471055,0.049185041343071806,0.030105396551191883,0.03993487971437216,0.005057320637001004,True,False,False,False,一般戦,2026-08-24,1号艇のsession_exh_rel_avg,-0.3041,1号艇のracer_win_te,-0.225,1号艇の直近1着率,-0.1018,1号艇の級別順位,-0.0981,1号艇の勝率順位,-0.0812,2号艇のsession_exh_rel_avg,-0.0796,3号艇の一般戦2連率,0.0656,2号艇のwin_rate_rank_2to6,0.0631,2号艇のclass_rank_2to6,0.0578,1号艇の直近複勝率,0.0344,1号艇の体重,0.1275,1号艇vs5号艇のcumulative差,0.0673,3号艇の当地勝率,-0.066,3号艇のwin_rate_rank_2to6,-0.0587,3号艇のracer_2nd_te,0.0562,0.0271,南 2.3m/s,[逃げ]1号艇のsession_exh_rel_avgが不利(-30.4pt)、1号艇のracer_win_teが不利(-22.5pt) / [2着]2号艇のsession_exh_rel_avgが不利(-8.0pt)、3号艇の一般戦2連率が有利(+6.6pt) / [候補2]1号艇の体重が有利(+12.8pt)、1号艇vs5号艇のcumulative差が有利(+6.7pt) / [除外]6号艇のwin_rate_rank_2to6が不利(-5.5pt)、天気+2.7pt
144,06,浜名湖,3,12:23,0.08485620927679983,3,0.41441589418539393,2,0.32645324875794435,0.06286734704032325,0.18103175847470537,0.5598373844686328,0.04921016337790411,0.21195835826881612,1-3,1-2,0.027701585195695322,0.03516576184462792,0.015361668782876682,0.004779417626646522,0.0018477770914094355,True,True,False,False,予選,2026-08-24,1号艇のdominance,-0.3412,1号艇のracer_win_te,-0.1838,1号艇のvs_max234_diff,-0.1461,1号艇のsession_exh_rel_avg,-0.1222,1号艇vs3号艇のcumulative差,-0.1162,3号艇のwin_rate_rank_2to6,0.1289,3号艇のsession_exh_rel_avg,0.0734,1号艇vs3号艇のcumulative差,0.0462,1号艇のvs_max234_diff,-0.0439,2号艇のracer_win_te,0.0404,2号艇の全国勝率,-0.0626,1号艇vs4号艇の勝率差,0.0543,2号艇のracer_avgfin_te,-0.0444,1号艇の体重,-0.0407,1号艇の枠別勝率,0.0392,-0.1127,南西 4.1m/s,[逃げ]1号艇のdominanceが不利(-34.1pt)、1号艇のracer_win_teが不利(-18.4pt) / [2着]3号艇のwin_rate_rank_2to6が有利(+12.9pt)、3号艇のsession_exh_rel_avgが有利(+7.3pt) / [候補2]2号艇の全国勝率が不利(-6.3pt)、1号艇vs4号艇の勝率差が有利(+5.4pt) / [除外]1号艇vs3号艇の直近複勝率差が不利(-6.6pt)、win_rate_gap_top2_2to6が不利(-6.4pt)、天気-11.3pt
