rank,venue_code,venue_name,race_no,closing_time,in_escape_prob,second_pred_1,second_pred_1_prob,second_pred_2,second_pred_2_prob,confidence_score,third_prob,top2_margin,adjusted_score,score_margin_blend,ticket_1,ticket_2,score_boat2,score_boat3,score_boat4,score_boat5,score_boat6,is_teppan,is_lunch,is_excluded,is_channel_target,race_grade,race_date,top_feat_1,top_feat_1_contrib,top_feat_2,top_feat_2_contrib,top_feat_3,top_feat_3_contrib,top_feat_4,top_feat_4_contrib,top_feat_5,top_feat_5_contrib,s2_top_feat_1,s2_top_feat_1_contrib,s2_top_feat_2,s2_top_feat_2_contrib,s2_top_feat_3,s2_top_feat_3_contrib,s2_top_feat_4,s2_top_feat_4_contrib,s2_top_feat_5,s2_top_feat_5_contrib,s2_top2_feat_1,s2_top2_feat_1_contrib,s2_top2_feat_2,s2_top2_feat_2_contrib,s2_top2_feat_3,s2_top2_feat_3_contrib,s2_top2_feat_4,s2_top2_feat_4_contrib,s2_top2_feat_5,s2_top2_feat_5_contrib,weather_contribution,wind_info,reason_text
1,17,宮島,5,12:50,0.8629830043363362,3,0.4706032922753983,2,0.3663551140248412,0.7222808799735327,0.07272842061850165,0.7642299856817378,0.6592444628014328,0.7348656116859942,1-3,1-2,0.3161582369551385,0.4061226430183942,0.0627633909259913,0.05103738168566141,0.02690135175115081,True,True,False,False,ランチタイム,2026-08-19,1号艇のdominance,0.3343,1号艇のvs_max234_diff,0.1418,1号艇のracer_win_te,0.1029,風速区分,0.0933,1号艇の勝率順位,0.0881,3号艇のwin_rate_rank_2to6,0.1575,3号艇のsession_exh_rel_avg,0.0808,場特性:1x_diff_course3,0.0733,1号艇vs2号艇のcumulative差,0.0435,3号艇のclass_rank_2to6,0.0364,2号艇のモーター2連率,0.096,2号艇の節間得点,-0.0704,2号艇のsession_exh_rel_avg,0.0653,2号艇の全国勝率,0.0568,2号艇のclass_rank_2to6,-0.0565,0.0766,南東 1.8m/s,[逃げ]1号艇のdominanceが有利(+33.4pt)、1号艇のvs_max234_diffが有利(+14.2pt) / [2着]3号艇のwin_rate_rank_2to6が有利(+15.7pt)、3号艇のsession_exh_rel_avgが有利(+8.1pt) / [候補2]2号艇のモーター2連率が有利(+9.6pt)、2号艇の節間得点が不利(-7.0pt) / [除外]5号艇のsession_exh_rel_avgが不利(-6.1pt)、6号艇のsession_exh_rel_avgが不利(-5.7pt)、天気+7.7pt
2,20,若松,8,18:33,0.7986063330605373,2,0.5552892377474609,3,0.31854063548501443,0.6978460707809413,0.06618314410379188,0.8076467291286834,0.6424232943032293,0.7307862682852639,1-2,1-3,0.4434575019454806,0.2543885688354606,0.05285427802314635,0.042633862940445494,0.005272129869245432,True,False,False,False,エイトビート,2026-08-19,1号艇のdominance,0.2846,1号艇の年齢,-0.1397,1号艇の勝率順位,0.0908,1号艇のlocal_win_rate順位,0.0861,1号艇のvs_max234_diff,0.0757,2号艇のwin_rate_rank_2to6,0.1992,2号艇のclass_rank_2to6,0.0797,2号艇のsession_exh_rel_avg,-0.0704,2号艇の全国勝率,0.0502,枠別勝率の分散(2-6号艇),0.0315,3号艇のsession_exh_rel_avg,-0.1119,3号艇のwin_rate_rank_2to6,0.0632,3号艇の年齢,-0.0613,場特性:1x_diff_course3,0.0475,3号艇のclass_rank_2to6,0.0411,0.0953,北東 1.2m/s,[逃げ]1号艇のdominanceが有利(+28.5pt)、1号艇の年齢が不利(-14.0pt) / [2着]2号艇のwin_rate_rank_2to6が有利(+19.9pt)、2号艇のclass_rank_2to6が有利(+8.0pt) / [候補2]3号艇のsession_exh_rel_avgが不利(-11.2pt)、3号艇のwin_rate_rank_2to6が有利(+6.3pt) / [除外]6号艇のwin_rate_rank_2to6が不利(-9.8pt)、6号艇の直近平均着順が不利(-9.6pt)、天気+9.5pt
3,18,徳山,4,10:06,0.8660183605781155,2,0.6203466013605516,3,0.15160825307795409,0.6685270774811526,0.11042018564980577,0.6615346687887,0.5799444166722835,0.6664293548734168,1-2,1-3,0.5372315467004707,0.13129553078068185,0.08922210496454581,0.09562590815117596,0.012643256270019576,False,False,True,False,ガチトク一般,2026-08-19,1号艇のdominance,0.228,場特性:in_escape_diff,0.1871,1号艇のsession_exh_rel_avg,0.1538,風速区分,0.0782,1号艇のracer_win_te,0.0717,2号艇のwin_rate_rank_2to6,0.1952,2号艇のclass_rank_2to6,0.1316,2号艇の全国勝率,0.0479,場特性:1x_diff_course2,0.0459,2号艇のモーター2連率,0.0412,1号艇vs3号艇のcumulative差,-0.0977,3号艇のwin_rate_rank_2to6,-0.0841,3号艇の節間得点,-0.0696,3号艇のsession_exh_rel_avg,-0.0668,3号艇の全国勝率,-0.0524,0.1216,南 1.8m/s,[逃げ]1号艇のdominanceが有利(+22.8pt)、場特性:in_escape_diffが有利(+18.7pt) / [2着]2号艇のwin_rate_rank_2to6が有利(+19.5pt)、2号艇のclass_rank_2to6が有利(+13.2pt) / [候補2]1号艇vs3号艇のcumulative差が不利(-9.8pt)、3号艇のwin_rate_rank_2to6が不利(-8.4pt) / [除外]6号艇のwin_rate_rank_2to6が不利(-7.7pt)、4号艇のwin_rate_rank_2to6が不利(-5.1pt)、天気+12.2pt
4,09,津,11,15:42,0.8646267773169702,2,0.4837184856432169,3,0.31409273492680573,0.6898089445487772,0.13769315656706946,0.6601180640029531,0.5758305793450336,0.68090168038503,1-2,1-3,0.41823595537033975,0.2715729891784374,0.11905319022118628,0.03565379836461351,0.020110865118800576,True,False,False,False,準優勝戦,2026-08-19,1号艇のdominance,0.1505,風速区分,0.1145,1号艇のracer_win_te,0.1063,1号艇の節間得点,0.0903,場特性:in_escape_diff,0.0752,2号艇のwin_rate_rank_2to6,0.1836,2号艇のclass_rank_2to6,0.1064,2号艇の当地勝率,0.0846,4号艇の一般戦勝率,-0.0582,2号艇の全国勝率,0.0496,3号艇のsession_exh_rel_avg,0.0899,3号艇の節間得点,0.0581,3号艇のcumulative_diff_rank_2to6,0.0561,3号艇のwin_rate_rank_2to6,-0.0478,4号艇のsession_rank_diff_last,-0.0399,0.0933,南 1.7m/s,[逃げ]1号艇のdominanceが有利(+15.1pt)、風速区分が有利(+11.5pt) / [2着]2号艇のwin_rate_rank_2to6が有利(+18.4pt)、2号艇のclass_rank_2to6が有利(+10.6pt) / [候補2]3号艇のsession_exh_rel_avgが有利(+9.0pt)、3号艇の節間得点が有利(+5.8pt) / [除外]6号艇のwin_rate_rank_2to6が不利(-6.7pt)、1号艇vs6号艇のcumulative差が不利(-5.5pt)、天気+9.3pt
5,19,下関,10,19:47,0.8067563032791197,3,0.4135901498376736,2,0.3825201987681126,0.6422670418434554,0.09293197513979451,0.7031783734659918,0.570642468124609,0.6605404413302163,1-3,1-2,0.3086005814877566,0.3336664603556988,0.07497345672020768,0.07468275972952981,0.014833029207569251,True,False,False,False,予選特賞,2026-08-19,1号艇のdominance,0.1713,場特性:in_escape_diff,0.0966,1号艇の勝率順位,0.0869,1号艇の級別順位,0.0839,1号艇のモーター2連率,0.0834,3号艇のwin_rate_rank_2to6,0.1508,3号艇の年齢,-0.0716,場特性:1x_diff_course3,0.0534,3号艇のclass_rank_2to6,0.0465,3号艇のracer_2nd_te,0.0357,2号艇のwin_rate_rank_2to6,0.0787,2号艇のモーター2連率,0.078,2号艇のclass_rank_2to6,-0.0506,2号艇の全国勝率,0.0392,2号艇の当地勝率,-0.0287,0.0922,東 2.8m/s,[逃げ]1号艇のdominanceが有利(+17.1pt)、場特性:in_escape_diffが有利(+9.7pt) / [2着]3号艇のwin_rate_rank_2to6が有利(+15.1pt)、3号艇の年齢が不利(-7.2pt) / [候補2]2号艇のwin_rate_rank_2to6が有利(+7.9pt)、2号艇のモーター2連率が有利(+7.8pt) / [除外]6号艇のwin_rate_rank_2to6が不利(-7.7pt)、天気+9.2pt
6,09,津,12,16:15,0.8924683718134301,2,0.4447483608897711,3,0.3041120656492224,0.6683342455887663,0.123768357192262,0.6250920693467316,0.5690718876305446,0.6553615927161558,1-2,1-3,0.39692384550998583,0.2714104000787805,0.09788280851604268,0.1104593442254011,0.015791974314395905,True,False,False,False,準優勝戦,2026-08-19,1号艇のdominance,0.2569,1号艇のsession_exh_rel_avg,0.1703,race_no,0.1071,風速区分,0.0976,1号艇の勝率順位,0.0858,2号艇のwin_rate_rank_2to6,0.1784,2号艇のclass_rank_2to6,0.0883,2号艇のracer_avgfin_te,0.078,レース時間帯,-0.073,2号艇のsession_exh_rel_avg,-0.0662,3号艇の当地勝率,0.0679,3号艇のwin_rate_rank_2to6,-0.0566,3号艇のcumulative_diff_rank_2to6,0.0478,3号艇の節間得点,0.0404,場特性:1x_diff_course3,-0.0344,0.0414,南東 1.6m/s,[逃げ]1号艇のdominanceが有利(+25.7pt)、1号艇のsession_exh_rel_avgが有利(+17.0pt) / [2着]2号艇のwin_rate_rank_2to6が有利(+17.8pt)、2号艇のclass_rank_2to6が有利(+8.8pt) / [候補2]3号艇の当地勝率が有利(+6.8pt)、3号艇のwin_rate_rank_2to6が不利(-5.7pt) / [除外]6号艇のwin_rate_rank_2to6が不利(-6.5pt)、1号艇vs6号艇のcumulative差が不利(-5.1pt)、天気+4.1pt
7,05,多摩川,12,17:25,0.8749741601444803,2,0.5595083830306948,3,0.2255236856473349,0.6868827749780431,0.15347712695728305,0.6315549417207467,0.5603778211459519,0.6702844250008542,1-2,1-3,0.48955537753607836,0.19732739744196465,0.1342885202608365,0.048464303619547816,0.0053385645455856735,True,False,False,False,準優勝戦,2026-08-19,1号艇のdominance,0.2442,1号艇のsession_exh_rel_avg,0.1682,1号艇のracer_win_te,0.1314,race_no,0.1231,3号艇のracer_win_te,-0.1179,2号艇のsession_exh_rel_avg,0.1831,2号艇の当地勝率,0.105,2号艇のclass_rank_2to6,0.079,2号艇のwin_rate_rank_2to6,0.0627,1号艇vs2号艇のcumulative差,-0.0599,3号艇のwin_rate_rank_2to6,0.1639,3号艇の当地勝率,0.1018,1号艇の直近1着率,0.0923,3号艇のsession_exh_rel_avg,-0.085,3号艇のracer_win_te,0.0734,0.0902,南 1.2m/s,[逃げ]1号艇のdominanceが有利(+24.4pt)、1号艇のsession_exh_rel_avgが有利(+16.8pt) / [2着]2号艇のsession_exh_rel_avgが有利(+18.3pt)、2号艇の当地勝率が有利(+10.5pt) / [候補2]3号艇のwin_rate_rank_2to6が有利(+16.4pt)、3号艇の当地勝率が有利(+10.2pt) / [除外]3号艇のracer_avgfin_teが不利(-7.8pt)、1号艇vs6号艇のcumulative差が不利(-5.9pt)、天気+9.0pt
8,18,徳山,1,08:48,0.8531687974465223,2,0.4021116069505999,3,0.3601680766962788,0.650353241014923,0.11863204932331121,0.6436476343235675,0.5577699556961339,0.6483415590075163,1-2,1-3,0.3430690761413319,0.307284164873591,0.10121316285978595,0.09991451778591723,0.001687884128937505,False,False,True,False,朝トク一般,2026-08-19,場特性:in_escape_diff,0.2007,1号艇のdominance,0.1557,1号艇のsession_exh_rel_avg,0.1378,1号艇の女子戦比率,-0.1359,風速区分,0.0768,2号艇のsession_exh_rel_avg,0.1157,場特性:1x_diff_course2,0.0592,1号艇のsession_rank_diff_delta,-0.0577,1号艇vs2号艇のcumulative差,-0.0444,場特性:in_escape_diff,0.0408,3号艇のwin_rate_rank_2to6,0.2606,3号艇の当地勝率,-0.0436,2号艇のvs_boat3_diff,0.0374,場特性:1x_diff_course3,0.0361,3号艇のclass_rank_2to6,-0.036,0.1019,南 2.0m/s,[逃げ]場特性:in_escape_diffが有利(+20.1pt)、1号艇のdominanceが有利(+15.6pt) / [2着]2号艇のsession_exh_rel_avgが有利(+11.6pt)、場特性:1x_diff_course2が有利(+5.9pt) / [候補2]3号艇のwin_rate_rank_2to6が有利(+26.1pt)、3号艇の当地勝率が不利(-4.4pt) / [除外]6号艇の全国勝率が不利(-14.9pt)、6号艇の直近平均着順が不利(-11.3pt)、天気+10.2pt
9,09,津,10,15:09,0.7699402681067228,2,0.5182104535870133,3,0.307522683395729,0.6357651928730979,0.12353911799396933,0.702194018988773,0.5415149474585279,0.6556938407078003,1-2,1-3,0.39899109557049145,0.23677409730260643,0.09511774162994481,0.031387404785740855,0.007669947820102168,True,False,False,False,準優勝戦,2026-08-19,1号艇のsession_exh_rel_avg,0.1589,1号艇の節間得点,0.1262,1号艇のracer_win_te,0.1169,1号艇のdominance,0.096,3号艇の枠別勝率,0.0932,2号艇のsession_exh_rel_avg,0.1234,3号艇のモーター出走数,0.0805,2号艇のwin_rate_rank_2to6,0.068,2号艇の節間得点,0.058,2号艇の当地勝率,0.0546,3号艇のwin_rate_rank_2to6,0.1577,6号艇のsession_exh_rel_last,0.0719,1号艇のsession_exh_rel_avg,0.0619,4号艇のモーター出走数,-0.0499,3号艇のracer_win_te,0.0473,0.0677,南東 1.6m/s,[逃げ]1号艇のsession_exh_rel_avgが有利(+15.9pt)、1号艇の節間得点が有利(+12.6pt) / [2着]2号艇のsession_exh_rel_avgが有利(+12.3pt)、3号艇のモーター出走数が有利(+8.1pt) / [候補2]3号艇のwin_rate_rank_2to6が有利(+15.8pt)、6号艇のsession_exh_rel_lastが有利(+7.2pt) / [除外]6号艇のwin_rate_rank_2to6が不利(-7.7pt)、3号艇のracer_avgfin_teが不利(-7.5pt)、天気+6.8pt
10,11,琵琶湖,11,15:49,0.8776067594706372,3,0.3884220076625553,2,0.3720114384930668,0.6673615324737248,0.1759945199354927,0.5844389262201295,0.5264191654363712,0.6424847505976461,1-3,1-2,0.32647975302191057,0.34088177945181414,0.1544539803251782,0.03598642784253105,0.019804830271892948,True,False,False,False,準優勝戦,2026-08-19,1号艇のdominance,0.2826,1号艇の全国勝率,0.1313,1号艇のsession_exh_rel_avg,0.1193,風速区分,0.1016,1号艇のvs_max234_diff,0.0838,3号艇のwin_rate_rank_2to6,0.1665,3号艇の当地勝率,0.0801,3号艇の一般戦2連率,0.0747,3号艇のsession_exh_rel_avg,0.0679,3号艇のclass_rank_2to6,0.0504,2号艇のモーター2連率,0.0986,2号艇のsession_exh_rel_avg,-0.0969,レース時間帯,-0.0656,2号艇の節間得点,0.0588,2号艇の全国勝率,0.0544,0.2048,南 0.8m/s,[逃げ]1号艇のdominanceが有利(+28.3pt)、1号艇の全国勝率が有利(+13.1pt) / [2着]3号艇のwin_rate_rank_2to6が有利(+16.6pt)、3号艇の当地勝率が有利(+8.0pt) / [候補2]2号艇のモーター2連率が有利(+9.9pt)、2号艇のsession_exh_rel_avgが不利(-9.7pt) / [除外]6号艇のwin_rate_rank_2to6が不利(-7.0pt)、天気+20.5pt
11,15,丸亀,11,19:58,0.8482535783516205,3,0.42445539702534285,2,0.36285422344386054,0.667838202833658,0.18196866011774837,0.605340960351455,0.5220074552995551,0.6490890300889971,1-3,1-2,0.30779239345625314,0.3600458093774049,0.15435556709272988,0.018298752677471195,0.007761051402774033,True,False,False,False,一般選抜,2026-08-19,1号艇のdominance,0.1789,1号艇のsession_exh_rel_avg,0.1675,1号艇のracer_win_te,0.1229,3号艇の全国2連率,0.0912,風速区分,0.086,3号艇のwin_rate_rank_2to6,0.159,3号艇の一般戦2連率,0.0848,3号艇の節間得点,0.0456,3号艇のclass_rank_2to6,0.0375,3号艇のcumulative_diff_rank_2to6,0.0353,2号艇のsession_exh_rel_avg,0.0817,3号艇の全国2連率,0.0557,2号艇のwin_rate_rank_2to6,0.0519,2号艇の全国勝率,0.0463,2号艇のsession_exh_rel_last,0.0366,0.1795,南東 1.9m/s,[逃げ]1号艇のdominanceが有利(+17.9pt)、1号艇のsession_exh_rel_avgが有利(+16.8pt) / [2着]3号艇のwin_rate_rank_2to6が有利(+15.9pt)、3号艇の一般戦2連率が有利(+8.5pt) / [候補2]2号艇のsession_exh_rel_avgが有利(+8.2pt)、3号艇の全国2連率が有利(+5.6pt) / [除外]6号艇のwin_rate_rank_2to6が不利(-6.8pt)、1号艇vs6号艇のcumulative差が不利(-6.1pt)、天気+17.9pt
12,16,児島,7,13:52,0.7112424338510205,2,0.5974485303874679,4,0.23789859688728865,0.5941343239133561,0.1269533186554057,0.7083938086193509,0.5036215349358925,0.6284121693251545,1-2,1-4,0.4249307468534981,0.09029458734593492,0.16920357705985797,0.024279424866923235,0.0025340904384488906,True,True,False,False,予選,2026-08-19,1号艇のdominance,0.2137,1号艇の女子戦比率,-0.1389,1号艇のracer_win_te,0.1259,1号艇のsession_exh_rel_avg,0.093,1号艇のsession_avg_finish,0.0894,2号艇のwin_rate_rank_2to6,0.1852,2号艇のsession_exh_rel_avg,0.1596,2号艇のモーター2連率,0.0819,2号艇のclass_rank_2to6,0.0763,2号艇の体重,-0.0703,4号艇のclass_rank_2to6,0.1224,4号艇のsession_exh_rel_avg,-0.1188,4号艇の女子戦比率,-0.105,5号艇のsession_exh_rel_delta,0.0746,4号艇のwin_rate_rank_2to6,0.0722,-0.0534,東 4.0m/s,[逃げ]1号艇のdominanceが有利(+21.4pt)、1号艇の女子戦比率が不利(-13.9pt) / [2着]2号艇のwin_rate_rank_2to6が有利(+18.5pt)、2号艇のsession_exh_rel_avgが有利(+16.0pt) / [候補2]4号艇のclass_rank_2to6が有利(+12.2pt)、4号艇のsession_exh_rel_avgが不利(-11.9pt) / [除外]6号艇のracer_win_teが不利(-17.1pt)、6号艇のwin_rate_rank_2to6が不利(-8.2pt)、天気-5.3pt
13,17,宮島,12,16:43,0.8820744505557785,3,0.41800052210478333,2,0.30080971839541787,0.6340441479430821,0.18054718321036756,0.5382630572898337,0.4966742860125128,0.6053098207471075,1-3,1-2,0.26533656707547665,0.3687075808676053,0.15925605742967844,0.08504463160514719,0.0037296049521644043,True,False,False,False,優勝戦,2026-08-19,1号艇のdominance,0.2125,1号艇の全国勝率,0.1654,1号艇のsession_exh_rel_avg,0.1615,風速区分,0.1135,race_no,0.0958,3号艇のwin_rate_rank_2to6,0.1468,3号艇のsession_exh_rel_avg,0.1318,3号艇の当地勝率,0.0795,3号艇の節間得点,0.067,場特性:1x_diff_course3,0.0482,2号艇のsession_exh_rel_avg,0.1065,2号艇の当地勝率,0.095,2号艇の全国勝率,0.0541,1号艇vs2号艇のcumulative差,-0.051,2号艇の節間得点,0.0503,0.1442,西 1.5m/s,[逃げ]1号艇のdominanceが有利(+21.2pt)、1号艇の全国勝率が有利(+16.5pt) / [2着]3号艇のwin_rate_rank_2to6が有利(+14.7pt)、3号艇のsession_exh_rel_avgが有利(+13.2pt) / [候補2]2号艇のsession_exh_rel_avgが有利(+10.6pt)、2号艇の当地勝率が有利(+9.5pt) / [除外]6号艇のwin_rate_rank_2to6が不利(-6.9pt)、1号艇vs6号艇のcumulative差が不利(-6.7pt)、天気+14.4pt
14,05,多摩川,11,16:47,0.8425322598415484,2,0.3621110494590242,3,0.35801943261777147,0.6067331624449465,0.1562900976024737,0.563840384474322,0.4929415002323326,0.5938653290537591,1-2,1-3,0.3050902408143064,0.30164292163064,0.13167944912386834,0.055381879275356885,0.048737762720022344,True,False,False,False,準優勝戦,2026-08-19,1号艇のdominance,0.1877,1号艇のsession_exh_rel_avg,0.1572,1号艇の年齢,-0.095,1号艇の節間得点,0.0852,風速区分,0.0752,2号艇のsession_exh_rel_avg,-0.1341,2号艇のwin_rate_rank_2to6,-0.1153,2号艇の節間得点,0.0694,4号艇のモーター出走数,-0.0687,2号艇の全国勝率,0.0565,3号艇の一般戦2連率,0.068,3号艇のwin_rate_rank_2to6,-0.0546,6号艇のsession_rank_diff_delta,-0.0497,3号艇の節間得点,0.0385,3号艇のcumulative_diff_rank_2to6,0.0333,0.0689,南 1.4m/s,[逃げ]1号艇のdominanceが有利(+18.8pt)、1号艇のsession_exh_rel_avgが有利(+15.7pt) / [2着]2号艇のsession_exh_rel_avgが不利(-13.4pt)、2号艇のwin_rate_rank_2to6が不利(-11.5pt) / [候補2]3号艇の一般戦2連率が有利(+6.8pt)、3号艇のwin_rate_rank_2to6が不利(-5.5pt)、天気+6.9pt
15,20,若松,7,18:04,0.7817819606780891,3,0.5193859363797386,2,0.23228014559706042,0.5876389833430392,0.13845540807893547,0.6132106738978635,0.4900048290528177,0.5953104905094865,1-3,1-2,0.1815924276514619,0.4060465556915773,0.10824194039443512,0.06666052136626528,0.01924051703053192,True,False,False,False,一般戦,2026-08-19,1号艇のdominance,0.2221,1号艇のsession_exh_rel_avg,-0.1762,1号艇の勝率順位,0.0907,風速区分,0.0776,1号艇の級別順位,0.0727,3号艇のwin_rate_rank_2to6,0.1579,3号艇の年齢,-0.1079,3号艇のclass_rank_2to6,0.0449,3号艇の全国勝率,0.0423,2号艇のvs_boat3_diff,0.0382,2号艇のwin_rate_rank_2to6,-0.1818,2号艇の全国勝率,-0.0768,2号艇のsession_exh_rel_avg,0.0655,2号艇のsession_avg_finish,-0.0636,2号艇のclass_rank_2to6,-0.0533,0.0825,北東 1.5m/s,[逃げ]1号艇のdominanceが有利(+22.2pt)、1号艇のsession_exh_rel_avgが不利(-17.6pt) / [2着]3号艇のwin_rate_rank_2to6が有利(+15.8pt)、3号艇の年齢が不利(-10.8pt) / [候補2]2号艇のwin_rate_rank_2to6が不利(-18.2pt)、2号艇の全国勝率が不利(-7.7pt) / [除外]6号艇のsession_exh_rel_avgが不利(-7.3pt)、天気+8.3pt
16,14,鳴門,3,09:32,0.7307692742926889,2,0.538970505271785,3,0.2634295450360561,0.5863693024558781,0.1411170254815497,0.6612830248262914,0.4870732723003605,0.6088434191670021,1-2,1-3,0.3938630850026262,0.19250621745325192,0.10312398630149495,0.029151388124724537,0.012124616466885087,False,False,True,False,一般,2026-08-19,場特性:in_escape_diff,-0.1753,1号艇のdominance,0.163,1号艇のracer_win_te,0.0996,1号艇のvs_max234_diff,0.0878,1号艇の勝率順位,0.0716,2号艇のwin_rate_rank_2to6,0.2297,2号艇のclass_rank_2to6,0.1317,2号艇の全国勝率,0.0544,2号艇の節間得点,-0.0478,2号艇のcumulative_diff_rank_2to6,-0.0469,3号艇のwin_rate_rank_2to6,0.0872,3号艇の節間得点,0.0468,3号艇の全国勝率,-0.0466,3号艇のcumulative_diff_rank_2to6,0.0443,3号艇の当地勝率,-0.0417,-0.0632,南東 4.5m/s,[逃げ]場特性:in_escape_diffが不利(-17.5pt)、1号艇のdominanceが有利(+16.3pt) / [2着]2号艇のwin_rate_rank_2to6が有利(+23.0pt)、2号艇のclass_rank_2to6が有利(+13.2pt) / [候補2]3号艇のwin_rate_rank_2to6が有利(+8.7pt)、3号艇の節間得点が有利(+4.7pt) / [除外]6号艇のwin_rate_rank_2to6が不利(-6.6pt)、天気-6.3pt
17,15,丸亀,8,18:23,0.7373725198274541,2,0.5985367241640343,4,0.18058144498004033,0.5745003276251189,0.12792999888174778,0.6511881702623268,0.4863053361003447,0.5975066804162812,1-2,1-4,0.4413445325061038,0.09433206563695774,0.1331557951190151,0.0632715227169916,0.005268600071361715,True,False,False,False,釜揚げ８,2026-08-19,1号艇のdominance,0.3008,1号艇vs3号艇のplace_rate差,0.0856,1号艇vs4号艇の枠別平均ST差,-0.0734,風速区分,0.0711,1号艇のvs_max234_diff,0.0675,2号艇のwin_rate_rank_2to6,0.1892,2号艇のclass_rank_2to6,0.1232,2号艇の節間得点,0.0858,2号艇の全国勝率,0.0518,1号艇のsession_exh_rel_delta,0.0419,4号艇のclass_rank_2to6,0.1466,4号艇のsession_exh_rel_avg,-0.087,4号艇のwin_rate_rank_2to6,-0.0813,場特性:1x_diff_course4,0.0626,1号艇vs3号艇のplace_rate差,0.0613,0.1017,南東 1.9m/s,[逃げ]1号艇のdominanceが有利(+30.1pt)、1号艇vs3号艇のplace_rate差が有利(+8.6pt) / [2着]2号艇のwin_rate_rank_2to6が有利(+18.9pt)、2号艇のclass_rank_2to6が有利(+12.3pt) / [候補2]4号艇のclass_rank_2to6が有利(+14.7pt)、4号艇のsession_exh_rel_avgが不利(-8.7pt) / [除外]6号艇のwin_rate_rank_2to6が不利(-6.5pt)、6号艇のsession_avg_finishが不利(-5.2pt)、天気+10.2pt
18,17,宮島,2,11:19,0.7795139110544598,3,0.46992271043460493,4,0.2548016379480984,0.5649327112441959,0.12893137539948135,0.5957929729832219,0.47752764948154924,0.5741907897659037,1-3,1-4,0.09830937230754486,0.36631128990419126,0.19862142134000463,0.10050380069528046,0.015768028259396282,True,True,False,False,一般戦,2026-08-19,1号艇のdominance,0.1707,1号艇のracer_win_te,0.0994,1号艇の勝率順位,0.0958,1号艇のvs_max234_diff,0.0798,1号艇のsession_exh_rel_avg,-0.0782,3号艇のwin_rate_rank_2to6,0.0678,3号艇のracer_2nd_te,-0.056,場特性:1x_diff_course3,0.055,3号艇の枠別勝率,0.0513,3号艇の年齢,-0.0512,4号艇のclass_rank_2to6,0.1288,5号艇の年齢,0.0864,4号艇のwin_rate_rank_2to6,-0.0754,2号艇の体重,0.0422,1号艇の枠別出走数,-0.0414,0.0078,南東 2.1m/s,[逃げ]1号艇のdominanceが有利(+17.1pt)、1号艇のracer_win_teが有利(+9.9pt) / [2着]3号艇のwin_rate_rank_2to6が有利(+6.8pt)、3号艇のracer_2nd_teが不利(-5.6pt) / [候補2]4号艇のclass_rank_2to6が有利(+12.9pt)、5号艇の年齢が有利(+8.6pt) / [除外]1号艇vs2号艇の枠別勝率差が不利(-10.2pt)、6号艇のwin_rate_rank_2to6が不利(-7.6pt)、天気+0.8pt
19,19,下関,8,18:43,0.8585215904089116,3,0.35373811442966796,4,0.35235765544415765,0.6061984633330816,0.1783638483304656,0.52773192154336,0.4764497944065579,0.5826585007961651,1-3,1-4,0.15312921474012522,0.3036918085884081,0.30250665474467353,0.08760076800767783,0.01159313633242162,True,False,False,False,予選,2026-08-19,1号艇のdominance,0.2235,1号艇のvs_max234_frame_diff,0.1322,1号艇のracer_win_te,0.1179,1号艇の勝率順位,0.0894,1号艇の級別順位,0.0865,1号艇の直近1着率,0.1085,3号艇のwin_rate_rank_2to6,0.0585,場特性:1x_diff_course3,0.048,3号艇の全国勝率,-0.0479,3号艇のcumulative_diff_rank_2to6,0.0401,4号艇のclass_rank_2to6,0.2581,4号艇のwin_rate_rank_2to6,0.2507,win_rate_gap_top2_2to6,0.0501,4号艇のcumulative_diff_rank_2to6,0.05,1号艇vs5号艇の枠別勝率差,0.0371,0.0394,東 2.3m/s,[逃げ]1号艇のdominanceが有利(+22.4pt)、1号艇のvs_max234_frame_diffが有利(+13.2pt) / [2着]1号艇の直近1着率が有利(+10.9pt)、3号艇のwin_rate_rank_2to6が有利(+5.8pt) / [候補2]4号艇のclass_rank_2to6が有利(+25.8pt)、4号艇のwin_rate_rank_2to6が有利(+25.1pt) / [除外]6号艇のwin_rate_rank_2to6が不利(-8.3pt)、1号艇vs3号艇の枠別勝率差が不利(-5.4pt)、天気+3.9pt
20,19,下関,11,20:16,0.6759929508087568,2,0.5007187303170936,3,0.2951330843889489,0.5379902166296416,0.09537252071598809,0.7004792939900544,0.47641883693303033,0.5867369398377654,1-2,1-3,0.3384823320322662,0.1995078845973754,0.053798402139535094,0.06447115170487007,0.01973319166692498,False,False,False,False,予選特選,2026-08-19,場特性:in_escape_diff,0.1098,1号艇のracer_win_te,0.1005,1号艇の級別順位,0.0843,1号艇の勝率順位,-0.0658,1号艇の節間得点,-0.0654,2号艇のwin_rate_rank_2to6,0.1892,2号艇の枠別出走数,-0.1804,2号艇の当地勝率,0.1225,2号艇のclass_rank_2to6,0.112,2号艇のracer_avgfin_te,0.0736,3号艇の当地勝率,0.0924,3号艇のwin_rate_rank_2to6,-0.0681,1号艇vs2号艇のplace_rate差,0.0465,3号艇のracer_2nd_te,0.0439,3号艇のcumulative_diff_rank_2to6,0.0421,0.1037,東 3.2m/s,[逃げ]場特性:in_escape_diffが有利(+11.0pt)、1号艇のracer_win_teが有利(+10.1pt) / [2着]2号艇のwin_rate_rank_2to6が有利(+18.9pt)、2号艇の枠別出走数が不利(-18.0pt) / [候補2]3号艇の当地勝率が有利(+9.2pt)、3号艇のwin_rate_rank_2to6が不利(-6.8pt) / [除外]1号艇vs5号艇の枠別平均ST差が不利(-7.6pt)、2号艇のracer_2nd_teが不利(-7.5pt)、天気+10.4pt
21,17,宮島,11,15:59,0.670873774506911,2,0.578171998186253,3,0.25109370001358633,0.5563326090204351,0.12838965309790393,0.7008760451019354,0.47061978820541256,0.5996956398448852,1-2,1-3,0.3878804307374144,0.16845217828302067,0.08613325118142373,0.015852275896733627,0.012555623413121181,True,False,False,False,特別選抜戦,2026-08-19,6号艇の年齢,-0.1101,1号艇のsession_exh_rel_avg,-0.1033,風速区分,0.0946,1号艇のdominance,0.0939,1号艇のracer_win_te,0.0938,2号艇のwin_rate_rank_2to6,0.1941,2号艇のclass_rank_2to6,0.1164,2号艇の当地勝率,0.1049,2号艇の全国勝率,0.0622,2号艇の節間得点,0.0567,3号艇のwin_rate_rank_2to6,-0.118,3号艇のモーター2連率,0.0901,3号艇のcumulative_diff_rank_2to6,0.0402,場特性:1x_diff_course3,0.0344,3号艇の節間得点,0.0335,0.1495,西 1.1m/s,[逃げ]6号艇の年齢が不利(-11.0pt)、1号艇のsession_exh_rel_avgが不利(-10.3pt) / [2着]2号艇のwin_rate_rank_2to6が有利(+19.4pt)、2号艇のclass_rank_2to6が有利(+11.6pt) / [候補2]3号艇のwin_rate_rank_2to6が不利(-11.8pt)、3号艇のモーター2連率が有利(+9.0pt) / [除外]5号艇のwin_rate_rank_2to6が不利(-5.2pt)、天気+15.0pt
22,09,津,5,12:32,0.8563555722176656,2,0.33890338056366753,3,0.3272742276280801,0.5704849068616399,0.147294058906062,0.5188835492856856,0.4696500618900827,0.5550044995888536,1-2,1-3,0.2902217983891008,0.2802631084725391,0.05117339135060757,0.10856117314596242,0.12613608809876328,True,True,False,False,５ールドレー,2026-08-19,1号艇のdominance,0.3082,1号艇のracer_win_te,0.1774,1号艇のvs_max234_diff,0.1086,6号艇のsession_exh_rel_last,-0.0847,1号艇の勝率順位,0.0807,2号艇のwin_rate_rank_2to6,-0.1626,2号艇の全国勝率,-0.107,2号艇のsession_exh_rel_avg,0.0904,2号艇の節間得点,0.0738,2号艇の直近平均着順,-0.0662,3号艇のsession_exh_rel_avg,0.1477,3号艇のwin_rate_rank_2to6,-0.0745,6号艇のsession_exh_rel_avg,-0.0684,3号艇のracer_avgfin_te,-0.0673,4号艇の枠別平均ST,0.0633,-0.0468,南東 2.3m/s,[逃げ]1号艇のdominanceが有利(+30.8pt)、1号艇のracer_win_teが有利(+17.7pt) / [2着]2号艇のwin_rate_rank_2to6が不利(-16.3pt)、2号艇の全国勝率が不利(-10.7pt) / [候補2]3号艇のsession_exh_rel_avgが有利(+14.8pt)、3号艇のwin_rate_rank_2to6が不利(-7.4pt) / [除外]4号艇のracer_avgfin_teが不利(-8.8pt)、4号艇の平均STが不利(-5.3pt)、天気-4.7pt
23,18,徳山,7,11:36,0.8205938862525692,3,0.3823828916023721,2,0.33278333406537336,0.5868610324372772,0.1825553779313545,0.5326108477363909,0.4582994673535507,0.5705859770270112,1-3,1-2,0.2730799693807917,0.31378106305648545,0.14980382703299672,0.03096300485496303,0.05296601734190664,True,True,False,False,一般,2026-08-19,場特性:in_escape_diff,0.1776,1号艇のsession_exh_rel_avg,0.1403,1号艇のdominance,0.1205,5号艇の平均ST,0.1057,1号艇のモーター2連率,0.0867,3号艇のsession_exh_rel_avg,-0.18,3号艇のwin_rate_rank_2to6,0.1672,3号艇の節間得点,-0.1042,1号艇のsession_exh_rel_last,0.0573,場特性:1x_diff_course3,0.0562,2号艇のモーター2連率,0.0948,2号艇のsession_exh_rel_avg,-0.0912,ST差分(3-2),-0.0778,second_best_win_rate,0.0658,2号艇の直近平均着順,-0.0493,0.0629,南 1.3m/s,[逃げ]場特性:in_escape_diffが有利(+17.8pt)、1号艇のsession_exh_rel_avgが有利(+14.0pt) / [2着]3号艇のsession_exh_rel_avgが不利(-18.0pt)、3号艇のwin_rate_rank_2to6が有利(+16.7pt) / [候補2]2号艇のモーター2連率が有利(+9.5pt)、2号艇のsession_exh_rel_avgが不利(-9.1pt)、天気+6.3pt
24,20,若松,12,20:38,0.7315489837631689,2,0.41852619649721545,3,0.3352448659551663,0.551420454727124,0.14814121976504793,0.6056298426873338,0.4533947362071157,0.5676832711151869,1-2,1-3,0.3061724137258023,0.24524804100132166,0.10837255877255708,0.04811500506745567,0.023640959745567507,False,False,False,False,一般戦,2026-08-19,1号艇のsession_exh_rel_avg,-0.2257,1号艇のdominance,0.1815,1号艇の勝率順位,0.0976,1号艇のsession_exh_rel_last,-0.0925,1号艇の年齢,-0.084,2号艇のsession_exh_rel_avg,-0.12,1号艇の年齢,0.067,2号艇のwin_rate_rank_2to6,0.0648,1号艇のsession_exh_rel_last,-0.0461,2号艇の全国勝率,0.046,6号艇のracer_2nd_te,-0.0593,場特性:1x_diff_course3,0.0542,3号艇のcumulative_diff_rank_2to6,-0.0523,3号艇のwin_rate_rank_2to6,-0.0481,3号艇の当地勝率,0.0296,0.0683,東 2.3m/s,[逃げ]1号艇のsession_exh_rel_avgが不利(-22.6pt)、1号艇のdominanceが有利(+18.1pt) / [2着]2号艇のsession_exh_rel_avgが不利(-12.0pt)、1号艇の年齢が有利(+6.7pt) / [候補2]6号艇のracer_2nd_teが不利(-5.9pt)、場特性:1x_diff_course3が有利(+5.4pt)、天気+6.8pt
25,17,宮島,8,14:13,0.7171535220076827,4,0.5485502729004264,2,0.23088092023303242,0.5589718253183102,0.16027014321962513,0.6191610499138336,0.4514680319189092,0.5770285926969672,1-4,1-2,0.16557706510949405,0.11493829768262988,0.39339476020881625,0.025049468977060854,0.018193923350668925,True,True,False,False,一般戦,2026-08-19,1号艇のdominance,0.1497,1号艇の勝率順位,0.0994,1号艇のvs_max234_frame_diff,0.0975,風速区分,0.0836,1号艇のsession_exh_rel_avg,-0.0818,4号艇のwin_rate_rank_2to6,0.2023,4号艇のclass_rank_2to6,0.1479,4号艇のsession_exh_rel_avg,0.0823,5号艇のracer_win_te,0.077,1号艇vs5号艇の枠別勝率差,0.073,2号艇のsession_exh_rel_avg,0.1065,2号艇の全国勝率,-0.0881,2号艇の節間得点,-0.061,2号艇の直近平均着順,-0.0508,ST差分(3-2),-0.0466,0.0729,南 1.1m/s,[逃げ]1号艇のdominanceが有利(+15.0pt)、1号艇の勝率順位が有利(+9.9pt) / [2着]4号艇のwin_rate_rank_2to6が有利(+20.2pt)、4号艇のclass_rank_2to6が有利(+14.8pt) / [候補2]2号艇のsession_exh_rel_avgが有利(+10.6pt)、2号艇の全国勝率が不利(-8.8pt) / [除外]5号艇のracer_win_teが不利(-9.5pt)、6号艇のsession_exh_rel_avgが不利(-5.4pt)、天気+7.3pt
26,10,三国,3,09:24,0.7373649997143124,2,0.404798036866361,3,0.3707451876965912,0.5718584295582981,0.17948507207476666,0.5960581524881856,0.4486903678232973,0.5791183464372643,1-2,1-3,0.2984839043383185,0.2733745252199797,0.13234601011913366,0.03194617630682758,0.0012143681929073027,False,False,True,False,みくにあさズ,2026-08-19,1号艇のdominance,0.2102,1号艇のracer_win_te,0.1109,風速区分,-0.096,1号艇の勝率順位,0.0921,ST差分(6-5),0.0821,2号艇のsession_exh_rel_avg,0.0701,2号艇のwin_rate_rank_2to6,0.0647,2号艇のcumulative_diff_rank_2to6,-0.049,2号艇の当地勝率,-0.0342,6号艇のsession_avg_finish,0.0282,3号艇のwin_rate_rank_2to6,0.1769,3号艇の当地勝率,0.0739,3号艇のclass_rank_2to6,0.0487,場特性:1x_diff_course3,-0.0356,3号艇のracer_2nd_te,0.0346,-0.1426,南西 6.7m/s,[逃げ]1号艇のdominanceが有利(+21.0pt)、1号艇のracer_win_teが有利(+11.1pt) / [2着]2号艇のsession_exh_rel_avgが有利(+7.0pt)、2号艇のwin_rate_rank_2to6が有利(+6.5pt) / [候補2]3号艇のwin_rate_rank_2to6が有利(+17.7pt)、3号艇の当地勝率が有利(+7.4pt) / [除外]6号艇の直近平均着順が不利(-26.0pt)、6号艇の全国勝率が不利(-11.3pt)、天気-14.3pt
27,16,児島,9,15:03,0.8127378885843413,2,0.48933583391684043,6,0.18897524756459327,0.5512891161665815,0.15681429317972173,0.521496788301712,0.4475491004593783,0.5423514178071206,1-2,1-6,0.3977017724662308,0.12744891753873291,0.06982020953018628,0.06417965745957888,0.1535873437003507,True,False,False,False,予選特賞,2026-08-19,1号艇のdominance,0.2042,1号艇の女子戦比率,-0.1232,5号艇の平均ST,0.114,1号艇のvs_max234_frame_diff,0.0989,1号艇のsession_exh_rel_avg,0.0971,2号艇のwin_rate_rank_2to6,0.0741,2号艇のsession_exh_rel_avg,0.0706,6号艇のvs_avg456_diff,-0.0418,3号艇の年齢,-0.0362,avg_456_win_rate,0.034,6号艇のwin_rate_rank_2to6,0.3211,1号艇vs5号艇の直近複勝率差,-0.204,win_rate_range_1to6,-0.1706,6号艇のsession_exh_rel_last,0.1507,1号艇vs4号艇の直近複勝率差,0.1406,-0.0023,東 3.5m/s,[逃げ]1号艇のdominanceが有利(+20.4pt)、1号艇の女子戦比率が不利(-12.3pt) / [2着]2号艇のwin_rate_rank_2to6が有利(+7.4pt)、2号艇のsession_exh_rel_avgが有利(+7.1pt) / [候補2]6号艇のwin_rate_rank_2to6が有利(+32.1pt)、1号艇vs5号艇の直近複勝率差が不利(-20.4pt) / [除外]4号艇のracer_avgfin_teが不利(-7.5pt)、5号艇のracer_avgfin_teが不利(-6.0pt)、天気影響ほぼなし
28,13,尼崎,12,16:06,0.8351099015332135,3,0.42940587199858704,2,0.22586684291115944,0.5472247324256799,0.1628585597955195,0.492414155114227,0.44028045425687823,0.530781559232244,1-3,1-2,0.18862363694315618,0.3586010954825237,0.13600479583467726,0.12002480130380135,0.03185558441316233,True,False,False,False,予選特選,2026-08-19,1号艇のdominance,0.3306,1号艇の全国勝率,0.1154,race_no,0.1044,1号艇のracer_win_te,0.0996,1号艇のvs_max234_diff,0.0885,4号艇のsession_rank_diff_last,-0.158,3号艇の当地勝率,0.0818,3号艇のsession_exh_rel_avg,0.0809,3号艇のwin_rate_rank_2to6,0.0559,3号艇のclass_rank_2to6,0.0508,2号艇のwin_rate_rank_2to6,-0.1669,2号艇のsession_exh_rel_avg,-0.1029,レース時間帯,-0.0896,2号艇のモーター2連率,0.0838,2号艇のclass_rank_2to6,-0.0474,0.1071,南西 2.4m/s,[逃げ]1号艇のdominanceが有利(+33.1pt)、1号艇の全国勝率が有利(+11.5pt) / [2着]4号艇のsession_rank_diff_lastが不利(-15.8pt)、3号艇の当地勝率が有利(+8.2pt) / [候補2]2号艇のwin_rate_rank_2to6が不利(-16.7pt)、2号艇のsession_exh_rel_avgが不利(-10.3pt) / [除外]3号艇のracer_win_teが不利(-5.6pt)、天気+10.7pt
29,18,徳山,11,13:47,0.8279866544577137,2,0.4140252185988902,3,0.30103891741137206,0.5920635616978327,0.21389092938319576,0.5011732066270665,0.44009913113926336,0.5647964551766028,1-2,1-3,0.34280735560881864,0.24925620608901394,0.17709883503884336,0.0298265516480395,0.028997706072998234,True,True,False,False,準優勝戦,2026-08-19,場特性:in_escape_diff,0.2444,1号艇のsession_exh_rel_avg,0.1642,1号艇のracer_win_te,0.1274,1号艇の節間得点,0.1094,1号艇のdominance,0.0879,2号艇のモーター2連率,0.0667,2号艇のwin_rate_rank_2to6,0.0574,2号艇の全国勝率,0.0538,2号艇の節間得点,0.0461,2号艇の直近平均着順,0.0429,3号艇のsession_exh_rel_avg,0.1134,4号艇の体重,0.094,3号艇のwin_rate_rank_2to6,-0.0598,3号艇の節間得点,0.0551,場特性:1x_diff_course3,0.0406,0.0675,南東 2.1m/s,[逃げ]場特性:in_escape_diffが有利(+24.4pt)、1号艇のsession_exh_rel_avgが有利(+16.4pt) / [2着]2号艇のモーター2連率が有利(+6.7pt)、2号艇のwin_rate_rank_2to6が有利(+5.7pt) / [候補2]3号艇のsession_exh_rel_avgが有利(+11.3pt)、4号艇の体重が有利(+9.4pt) / [除外]6号艇のwin_rate_rank_2to6が不利(-7.5pt)、5号艇のwin_rate_rank_2to6が不利(-5.3pt)、天気+6.7pt
30,13,尼崎,6,12:56,0.61925545174853,4,0.594134756033458,2,0.19967581646402058,0.49157152467468535,0.08768593717428327,0.7061246353231952,0.439846832879536,0.5559374578692383,1-4,1-2,0.12365033792768364,0.05429999463685401,0.3679211867470017,0.043941586658826755,0.02944234577816393,True,True,False,False,昼どきピンク,2026-08-19,1号艇のdominance,0.0981,ST差分(4-3),-0.0977,1号艇のsession_exh_rel_avg,-0.086,風速区分,0.0807,1号艇vs4号艇のcumulative差,-0.0658,4号艇のwin_rate_rank_2to6,0.2541,4号艇のclass_rank_2to6,0.1958,1号艇の女子戦2連率,-0.14,4号艇のsession_exh_rel_avg,0.0805,win_rate_gap_top2_2to6,0.063,2号艇のwin_rate_rank_2to6,-0.1186,2号艇のsession_exh_rel_avg,-0.0714,3号艇のracer_win_te,0.0681,2号艇の全国勝率,-0.0619,3号艇の全国勝率,-0.0547,0.0703,南西 1.4m/s,[逃げ]1号艇のdominanceが有利(+9.8pt)、ST差分(4-3)が不利(-9.8pt) / [2着]4号艇のwin_rate_rank_2to6が有利(+25.4pt)、4号艇のclass_rank_2to6が有利(+19.6pt) / [候補2]2号艇のwin_rate_rank_2to6が不利(-11.9pt)、2号艇のsession_exh_rel_avgが不利(-7.1pt)、天気+7.0pt
31,10,三国,7,11:21,0.8277282996373685,4,0.44311202260922056,2,0.21770131287525893,0.5469738985582662,0.1728937622512573,0.4879195732332222,0.43349184834829474,0.529257600960753,1-4,1-2,0.18019753753506082,0.13559520149624452,0.3667763610232053,0.14310905984614064,0.002050131064294088,True,True,False,False,一般,2026-08-19,1号艇のdominance,0.18,ST差分(6-5),0.1061,1号艇の勝率順位,0.0956,1号艇のlocal_win_rate順位,0.0861,1号艇vs3号艇のplace_rate差,0.0787,4号艇のwin_rate_rank_2to6,0.2191,4号艇のモーター2連率,0.0924,4号艇のsession_exh_rel_avg,0.0896,4号艇のclass_rank_2to6,-0.0735,3号艇の年齢,0.0458,2号艇の全国勝率,-0.1111,3号艇の全国勝率,-0.0781,2号艇のsession_exh_rel_avg,-0.0767,2号艇の節間得点,-0.071,2号艇のモーター2連率,0.0688,0.0003,西 2.7m/s,[逃げ]1号艇のdominanceが有利(+18.0pt)、ST差分(6-5)が有利(+10.6pt) / [2着]4号艇のwin_rate_rank_2to6が有利(+21.9pt)、4号艇のモーター2連率が有利(+9.2pt) / [候補2]2号艇の全国勝率が不利(-11.1pt)、3号艇の全国勝率が不利(-7.8pt) / [除外]6号艇の直近平均着順が不利(-26.8pt)、6号艇のvs_avg456_diffが不利(-11.2pt)、天気影響ほぼなし
32,05,多摩川,10,16:14,0.7178183480019247,2,0.4136499117595287,3,0.3090528645130491,0.5187693129603863,0.14199791944134316,0.5807048568312345,0.43037231722791847,0.5373499761216407,1-2,1-3,0.2969254963103668,0.22184381665001954,0.10192871195309533,0.0753462623072501,0.021774075488642415,True,False,False,False,準優勝戦,2026-08-19,1号艇のracer_win_te,0.1584,1号艇のsession_exh_rel_avg,0.1403,1号艇の節間得点,0.1273,1号艇の級別順位,-0.0921,1号艇のdominance,0.0874,2号艇の当地勝率,0.0914,2号艇のwin_rate_rank_2to6,0.0787,2号艇のsession_exh_rel_avg,-0.0709,2号艇の節間得点,0.0539,2号艇の全国勝率,0.0535,3号艇のwin_rate_rank_2to6,0.1619,3号艇のsession_exh_rel_avg,0.1188,3号艇の当地勝率,0.0786,3号艇の節間得点,0.0658,3号艇のsession_rank_diff_last,0.0629,0.1454,南 1.6m/s,[逃げ]1号艇のracer_win_teが有利(+15.8pt)、1号艇のsession_exh_rel_avgが有利(+14.0pt) / [2着]2号艇の当地勝率が有利(+9.1pt)、2号艇のwin_rate_rank_2to6が有利(+7.9pt) / [候補2]3号艇のwin_rate_rank_2to6が有利(+16.2pt)、3号艇のsession_exh_rel_avgが有利(+11.9pt) / [除外]6号艇のwin_rate_rank_2to6が不利(-5.6pt)、6号艇のsession_exh_rel_avgが不利(-5.3pt)、天気+14.5pt
33,13,尼崎,10,14:54,0.8754658250166512,5,0.3459381940124182,4,0.2740618473623288,0.5427888477325008,0.1802735873327899,0.4397264540419572,0.42536825643853754,0.5118701296253377,1-5,1-4,0.11018500970572721,0.1578233648630122,0.23993178130664872,0.30285706642585203,0.0646686255449614,True,True,False,False,予選特賞,2026-08-19,1号艇のracer_win_te,0.246,1号艇のdominance,0.1785,1号艇のsession_exh_rel_avg,0.1482,1号艇の勝率順位,0.0835,1号艇の級別順位,0.0789,5号艇のsession_exh_rel_avg,0.1369,5号艇のclass_rank_2to6,0.1209,5号艇のモーター2連率,0.0834,5号艇の節間得点,0.0771,mean_234_全国勝率,0.0716,4号艇のwin_rate_rank_2to6,0.1368,4号艇のモーター2連率,0.1051,4号艇のclass_rank_2to6,-0.0898,4号艇のsession_exh_rel_avg,-0.089,4号艇の枠別平均ST,0.0704,0.15,南西 2.8m/s,[逃げ]1号艇のracer_win_teが有利(+24.6pt)、1号艇のdominanceが有利(+17.8pt) / [2着]5号艇のsession_exh_rel_avgが有利(+13.7pt)、5号艇のclass_rank_2to6が有利(+12.1pt) / [候補2]4号艇のwin_rate_rank_2to6が有利(+13.7pt)、4号艇のモーター2連率が有利(+10.5pt) / [除外]2号艇のwin_rate_rank_2to6が不利(-6.5pt)、3号艇のwin_rate_rank_2to6が不利(-5.2pt)、天気+15.0pt
34,10,三国,11,13:38,0.8569066129163114,3,0.3141836727891484,2,0.3106379016977754,0.5354137390706266,0.17350405906961988,0.4513175154173039,0.42393799065815135,0.5101848719746298,1-3,1-2,0.2661876721872708,0.2692260668833558,0.1486767755845796,0.10273622424265356,0.07007987721067749,True,True,False,False,特別選抜戦,2026-08-19,1号艇のdominance,0.2661,1号艇のvs_max234_diff,0.11,風速区分,0.0994,1号艇のracer_win_te,0.0967,1号艇の全国勝率,0.0841,3号艇のsession_exh_rel_avg,0.1272,1号艇の直近1着率,0.0724,3号艇のwin_rate_rank_2to6,-0.0566,場特性:1x_diff_course3,-0.0556,3号艇の当地勝率,0.0351,2号艇のwin_rate_rank_2to6,-0.1293,2号艇のsession_exh_rel_avg,-0.1224,2号艇の節間得点,0.0772,レース時間帯,-0.0684,2号艇のcumulative_diff_rank_2to6,0.0356,0.1526,東 1.8m/s,[逃げ]1号艇のdominanceが有利(+26.6pt)、1号艇のvs_max234_diffが有利(+11.0pt) / [2着]3号艇のsession_exh_rel_avgが有利(+12.7pt)、1号艇の直近1着率が有利(+7.2pt) / [候補2]2号艇のwin_rate_rank_2to6が不利(-12.9pt)、2号艇のsession_exh_rel_avgが不利(-12.2pt)、天気+15.3pt
35,19,下関,12,20:45,0.8003688455624502,3,0.33754000663577766,2,0.32093634340311106,0.5270239561108012,0.16396198425418446,0.49451436578470426,0.4233296837987006,0.5172710790129721,1-3,1-2,0.2568674506685821,0.27015650544221914,0.13123006405365026,0.09038158625982641,0.05173324211977867,False,False,False,False,ドリーム戦,2026-08-19,1号艇のracer_win_te,0.2343,場特性:in_escape_diff,0.1195,race_no,0.1071,レース時間帯,0.0961,1号艇の級別順位,0.0956,3号艇のモーター2連率,0.1139,3号艇のwin_rate_rank_2to6,-0.1032,3号艇の年齢,-0.0567,全艇平均勝率,-0.0566,avg_456_win_rate,-0.0501,2号艇の枠別出走数,-0.1745,2号艇の全国勝率,0.0654,2号艇のracer_avgfin_te,0.0572,2号艇のracer_2nd_te,0.0531,2号艇のclass_rank_2to6,-0.051,0.1741,東 3.5m/s,[逃げ]1号艇のracer_win_teが有利(+23.4pt)、場特性:in_escape_diffが有利(+11.9pt) / [2着]3号艇のモーター2連率が有利(+11.4pt)、3号艇のwin_rate_rank_2to6が不利(-10.3pt) / [候補2]2号艇の枠別出走数が不利(-17.4pt)、2号艇の全国勝率が有利(+6.5pt) / [除外]2号艇のracer_2nd_teが不利(-6.4pt)、天気+17.4pt
36,18,徳山,10,13:12,0.7941295976498046,2,0.48560626053450767,3,0.19031764102094745,0.5367711759841197,0.17917050277775268,0.4967533987777024,0.4213629022109034,0.5247658428221945,1-2,1-3,0.3856343042944948,0.15113687168962495,0.14228459928160994,0.09687050088100121,0.018203313367574733,True,True,False,False,準優勝戦,2026-08-19,1号艇のracer_win_te,0.2318,6号艇の枠別出走数,-0.2252,場特性:in_escape_diff,0.207,1号艇のdominance,0.1496,1号艇のsession_exh_rel_avg,0.1032,2号艇のwin_rate_rank_2to6,0.1688,2号艇のsession_exh_rel_avg,-0.1194,2号艇の当地勝率,0.1018,2号艇のclass_rank_2to6,0.0975,2号艇のracer_avgfin_te,0.0793,3号艇のsession_exh_rel_avg,-0.1367,3号艇の節間得点,0.0625,3号艇のwin_rate_rank_2to6,-0.0588,1号艇のracer_win_te,-0.0511,5号艇の一般戦2連率,-0.0472,0.0659,東 1.9m/s,[逃げ]1号艇のracer_win_teが有利(+23.2pt)、6号艇の枠別出走数が不利(-22.5pt) / [2着]2号艇のwin_rate_rank_2to6が有利(+16.9pt)、2号艇のsession_exh_rel_avgが不利(-11.9pt) / [候補2]3号艇のsession_exh_rel_avgが不利(-13.7pt)、3号艇の節間得点が有利(+6.2pt) / [除外]6号艇のwin_rate_rank_2to6が不利(-7.4pt)、6号艇のvs_avg456_diffが不利(-5.0pt)、天気+6.6pt
37,18,徳山,12,14:24,0.8613042417094512,3,0.3669586381922886,2,0.2920865553652257,0.5676384206893134,0.2186269347777275,0.44041825877978685,0.4187171631164636,0.5294723721164554,1-3,1-2,0.25157538908237137,0.316063031606942,0.1883043062759922,0.0907587999243539,0.014602708402575122,True,True,False,False,準優勝戦,2026-08-19,1号艇のdominance,0.2766,場特性:in_escape_diff,0.2644,1号艇の年齢,-0.1041,1号艇の全国勝率,0.1022,風速区分,0.0896,3号艇のsession_exh_rel_avg,0.1171,3号艇のwin_rate_rank_2to6,-0.1125,3号艇の節間得点,0.065,3号艇のcumulative_diff_rank_2to6,0.0614,1号艇のracer_2nd_te,0.0563,2号艇のsession_exh_rel_avg,-0.1132,レース時間帯,-0.0616,2号艇の全国勝率,0.0536,4号艇の一般戦勝率,-0.0325,2号艇のwin_rate_rank_2to6,-0.032,0.1678,南東 1.8m/s,[逃げ]1号艇のdominanceが有利(+27.7pt)、場特性:in_escape_diffが有利(+26.4pt) / [2着]3号艇のsession_exh_rel_avgが有利(+11.7pt)、3号艇のwin_rate_rank_2to6が不利(-11.2pt) / [候補2]2号艇のsession_exh_rel_avgが不利(-11.3pt)、レース時間帯が不利(-6.2pt) / [除外]6号艇のsession_exh_rel_avgが不利(-8.2pt)、天気+16.8pt
38,10,三国,8,11:52,0.5451621550867889,3,0.5786185371018089,2,0.2636222959828598,0.4591578276665304,0.07570225636018446,0.7665385767244842,0.4174466873707739,0.5513720523839165,1-3,1-2,0.14371689900694318,0.3154409286595872,0.04127000522225073,0.027948278010417087,0.01678603809492887,True,True,False,False,一般,2026-08-19,1号艇の節間得点,0.0904,風速区分,0.0859,1号艇のdominance,-0.0765,1号艇vs2号艇のcumulative差,0.0706,1号艇の全国勝率,-0.0686,3号艇のwin_rate_rank_2to6,0.2472,3号艇のsession_exh_rel_avg,0.1114,4号艇の節間得点,0.0938,3号艇の節間得点,-0.0917,1号艇vs3号艇のcumulative差,-0.0781,2号艇のwin_rate_rank_2to6,-0.1636,1号艇vs4号艇のcumulative差,0.0841,2号艇のsession_exh_rel_avg,-0.059,1号艇vs6号艇の枠別平均ST差,0.0543,場特性:1x_diff_course5,0.054,0.0433,北西 1.4m/s,[逃げ]1号艇の節間得点が有利(+9.0pt)、風速区分が有利(+8.6pt) / [2着]3号艇のwin_rate_rank_2to6が有利(+24.7pt)、3号艇のsession_exh_rel_avgが有利(+11.1pt) / [候補2]2号艇のwin_rate_rank_2to6が不利(-16.4pt)、1号艇vs4号艇のcumulative差が有利(+8.4pt) / [除外]4号艇の節間得点が不利(-6.7pt)、4号艇のwin_rate_rank_2to6が不利(-5.8pt)、天気+4.3pt
39,15,丸亀,12,20:30,0.6981579354897569,3,0.4089002259725464,2,0.3480551728821954,0.528474418522252,0.17955068906200472,0.5774047097927371,0.41460888332547685,0.5431535059033974,1-3,1-2,0.24299748093596396,0.28547693758628806,0.1253547383912925,0.03651631882337578,0.00781245130010339,False,False,False,False,一般選抜,2026-08-19,1号艇のdominance,0.1914,1号艇の直近1着率,-0.1238,1号艇の体重,-0.0978,風速区分,0.0877,1号艇の級別順位,0.0826,3号艇のwin_rate_rank_2to6,-0.0519,3号艇のcumulative_diff_rank_2to6,0.0506,1号艇vs3号艇のcumulative差,0.0503,3号艇のclass_rank_2to6,0.0438,3号艇の節間得点,0.0414,2号艇のwin_rate_rank_2to6,0.1464,2号艇のsession_exh_rel_avg,0.0517,2号艇の全国勝率,0.0479,6号艇のsession_rank_diff_last,-0.0415,3号艇の女子戦2連率,-0.0381,0.1519,南東 1.9m/s,[逃げ]1号艇のdominanceが有利(+19.1pt)、1号艇の直近1着率が不利(-12.4pt) / [2着]3号艇のwin_rate_rank_2to6が不利(-5.2pt)、3号艇のcumulative_diff_rank_2to6が有利(+5.1pt) / [候補2]2号艇のwin_rate_rank_2to6が有利(+14.6pt)、2号艇のsession_exh_rel_avgが有利(+5.2pt) / [除外]6号艇のwin_rate_rank_2to6が不利(-5.5pt)、6号艇のsession_avg_finishが不利(-5.4pt)、天気+15.2pt
40,20,若松,10,19:36,0.817177645186878,2,0.3860113340363917,3,0.2731618118961364,0.5386615591635695,0.1927518644354493,0.46642128149707873,0.4140679353693886,0.5169894758636222,1-2,1-3,0.3154398329633039,0.22322172620026567,0.1575125146847408,0.07895064803091052,0.042052933962440905,True,False,False,False,準優勝戦,2026-08-19,1号艇のdominance,0.1763,1号艇のsession_exh_rel_avg,0.1171,1号艇のracer_win_te,0.1165,風速区分,0.1027,3号艇の直近平均着順,0.0826,2号艇のsession_exh_rel_avg,0.0628,2号艇のwin_rate_rank_2to6,0.0563,2号艇のracer_avgfin_te,0.0499,2号艇のモーター2連率,-0.0449,2号艇の全国勝率,0.0448,3号艇のwin_rate_rank_2to6,0.1646,3号艇の当地勝率,0.092,5号艇のsession_exh_rel_avg,-0.0655,全艇平均勝率,-0.0497,3号艇の全国勝率,0.045,0.1672,東 1.9m/s,[逃げ]1号艇のdominanceが有利(+17.6pt)、1号艇のsession_exh_rel_avgが有利(+11.7pt) / [2着]2号艇のsession_exh_rel_avgが有利(+6.3pt)、2号艇のwin_rate_rank_2to6が有利(+5.6pt) / [候補2]3号艇のwin_rate_rank_2to6が有利(+16.5pt)、3号艇の当地勝率が有利(+9.2pt) / [除外]6号艇のwin_rate_rank_2to6が不利(-6.9pt)、天気+16.7pt
41,20,若松,5,17:10,0.6397354658104785,2,0.5200072587873408,4,0.2509158064996064,0.49318682627538707,0.13375433813555926,0.637168727151388,0.4140277732446173,0.5363813965381873,1-2,1-4,0.3326670859251495,0.08556739381132425,0.16051974035023756,0.037369426420523544,0.023611837177246072,True,False,False,False,戦隊,2026-08-19,1号艇のdominance,0.1651,1号艇のsession_exh_rel_avg,0.113,2号艇のsession_exh_rel_avg,-0.0976,風速区分,0.0799,1号艇の勝率順位,0.0768,2号艇のsession_exh_rel_avg,0.1681,2号艇のwin_rate_rank_2to6,0.1641,2号艇のclass_rank_2to6,0.0638,2号艇の全国勝率,0.0549,2号艇の節間得点,0.05,4号艇のclass_rank_2to6,0.1108,4号艇のwin_rate_rank_2to6,0.0961,4号艇のsession_exh_rel_avg,0.0599,4号艇のcumulative_diff_rank_2to6,-0.0597,4号艇のモーター2連率,0.0553,0.0846,東 1.7m/s,[逃げ]1号艇のdominanceが有利(+16.5pt)、1号艇のsession_exh_rel_avgが有利(+11.3pt) / [2着]2号艇のsession_exh_rel_avgが有利(+16.8pt)、2号艇のwin_rate_rank_2to6が有利(+16.4pt) / [候補2]4号艇のclass_rank_2to6が有利(+11.1pt)、4号艇のwin_rate_rank_2to6が有利(+9.6pt) / [除外]5号艇のracer_avgfin_teが不利(-5.3pt)、天気+8.5pt
42,11,琵琶湖,12,16:26,0.5808017316101795,2,0.41673122545162816,3,0.4137835816994215,0.48236443812122387,0.11994838896611279,0.7105664181849368,0.4129338334246019,0.5508250321403377,1-2,1-3,0.24203821735833772,0.24032622076288615,0.06966623201536964,0.022444160736867627,0.006326905064028401,True,False,False,False,準優勝戦,2026-08-19,1号艇のsession_exh_rel_avg,-0.2951,4号艇のsession_exh_rel_avg,-0.2299,1号艇のracer_win_te,0.108,1号艇のdominance,0.1047,race_no,0.1022,2号艇のclass_rank_2to6,0.0895,2号艇のwin_rate_rank_2to6,0.0737,2号艇のsession_exh_rel_avg,0.0568,2号艇の全国勝率,0.0517,2号艇の節間得点,0.0504,3号艇のwin_rate_rank_2to6,0.1572,3号艇のsession_exh_rel_avg,0.1371,3号艇の当地勝率,0.0953,1号艇のsession_exh_rel_avg,0.0544,3号艇のclass_rank_2to6,0.0433,0.1053,南西 0.9m/s,[逃げ]1号艇のsession_exh_rel_avgが不利(-29.5pt)、4号艇のsession_exh_rel_avgが不利(-23.0pt) / [2着]2号艇のclass_rank_2to6が有利(+9.0pt)、2号艇のwin_rate_rank_2to6が有利(+7.4pt) / [候補2]3号艇のwin_rate_rank_2to6が有利(+15.7pt)、3号艇のsession_exh_rel_avgが有利(+13.7pt) / [除外]6号艇のwin_rate_rank_2to6が不利(-6.7pt)、3号艇のracer_win_teが不利(-5.7pt)、天気+10.5pt
43,13,尼崎,11,15:30,0.6307249134556875,2,0.6136752553959262,3,0.17496940655027182,0.49741783615330565,0.14347423412925017,0.6451704278169478,0.4117778644521164,0.5417436136523983,1-2,1-3,0.3870602723494924,0.11035756380381319,0.09049277390429236,0.03615637786707143,0.006657924943609637,True,False,False,False,予選特選,2026-08-19,1号艇vs2号艇のcumulative差,-0.0989,2号艇のsession_avg_finish,-0.0845,ST差分(4-3),-0.0705,場特性:in_escape_diff,0.069,1号艇のdominance,0.065,2号艇のwin_rate_rank_2to6,0.203,2号艇のclass_rank_2to6,0.1144,2号艇のsession_exh_rel_avg,0.0823,2号艇の節間得点,0.0649,3号艇の全国勝率,-0.0599,3号艇のwin_rate_rank_2to6,-0.1266,3号艇の当地勝率,0.1063,3号艇のモーター2連率,0.0763,3号艇の枠別平均ST,-0.0651,2号艇の枠別勝率,-0.0382,0.0903,南西 2.6m/s,[逃げ]1号艇vs2号艇のcumulative差が不利(-9.9pt)、2号艇のsession_avg_finishが不利(-8.5pt) / [2着]2号艇のwin_rate_rank_2to6が有利(+20.3pt)、2号艇のclass_rank_2to6が有利(+11.4pt) / [候補2]3号艇のwin_rate_rank_2to6が不利(-12.7pt)、3号艇の当地勝率が有利(+10.6pt) / [除外]4号艇の女子戦2連率が不利(-15.2pt)、6号艇のwin_rate_rank_2to6が不利(-8.6pt)、天気+9.0pt
44,18,徳山,8,12:08,0.6960795290311095,5,0.5291493267738334,2,0.2253088738137566,0.525162908938668,0.1822720690598108,0.5721861315277792,0.410295872931804,0.5392698757154013,1-5,1-2,0.1568328947708094,0.12687585598667897,0.041390992530626905,0.3683300141678586,0.0026497628234287683,True,True,False,False,一般,2026-08-19,場特性:in_escape_diff,0.1931,1号艇のsession_exh_rel_avg,-0.1582,1号艇のdominance,-0.1426,1号艇のvs_max234_frame_diff,0.1302,1号艇のracer_win_te,0.1028,6号艇のvs_avg456_diff,0.1857,5号艇の年齢,0.1631,5号艇の枠別出走数,0.1533,勝率の分散(2-6号艇),0.1153,4号艇のsession_exh_rel_avg,0.1,勝率のレンジ(2-6号艇),0.1057,2号艇のsession_exh_rel_avg,0.0899,2号艇の全国勝率,-0.0784,5号艇のsession_avg_finish,-0.0746,2号艇のracer_avgfin_te,-0.0611,0.0949,南東 1.0m/s,[逃げ]場特性:in_escape_diffが有利(+19.3pt)、1号艇のsession_exh_rel_avgが不利(-15.8pt) / [2着]6号艇のvs_avg456_diffが有利(+18.6pt)、5号艇の年齢が有利(+16.3pt) / [候補2]勝率のレンジ(2-6号艇)が有利(+10.6pt)、2号艇のsession_exh_rel_avgが有利(+9.0pt) / [除外]5号艇の直近平均着順が不利(-34.4pt)、1号艇vs5号艇の勝率差が不利(-10.7pt)、天気+9.5pt
45,17,宮島,3,11:50,0.8018787606953701,3,0.4436189771513942,2,0.2336974127656015,0.5431256273453026,0.20986118958470698,0.4674552003322887,0.406348439046952,0.5204244992413984,1-3,1-2,0.1873969917261949,0.35572863561910767,0.16828323062224096,0.038374470583553366,0.0520954172081174,True,True,False,False,一般戦,2026-08-19,1号艇のdominance,0.2228,1号艇のsession_exh_rel_avg,0.1262,1号艇の勝率順位,0.0815,1号艇のracer_win_te,0.0761,1号艇vs4号艇のcumulative差,0.0653,3号艇のsession_exh_rel_avg,0.0913,3号艇のwin_rate_rank_2to6,0.057,3号艇のsession_rank_diff_delta,0.0534,場特性:1x_diff_course3,0.0468,3号艇の節間得点,-0.0419,2号艇のwin_rate_rank_2to6,-0.1605,2号艇の全国勝率,-0.0792,2号艇のsession_exh_rel_avg,0.0757,2号艇の直近平均着順,-0.0562,2号艇のclass_rank_2to6,-0.0494,0.0375,南東 2.1m/s,[逃げ]1号艇のdominanceが有利(+22.3pt)、1号艇のsession_exh_rel_avgが有利(+12.6pt) / [2着]3号艇のsession_exh_rel_avgが有利(+9.1pt)、3号艇のwin_rate_rank_2to6が有利(+5.7pt) / [候補2]2号艇のwin_rate_rank_2to6が不利(-16.0pt)、2号艇の全国勝率が不利(-7.9pt)、天気+3.8pt
46,19,下関,5,17:19,0.8187417978718835,4,0.3437632538318725,2,0.26421932735338116,0.497780751594403,0.15409005336757955,0.4538925278176742,0.4057370765001605,0.4846142844613843,1-4,1-2,0.21632740710980702,0.12073453285366809,0.28145334448459597,0.12615996732834656,0.07406655829566937,True,False,False,False,シーモ戦,2026-08-19,1号艇のdominance,0.2336,1号艇のracer_win_te,0.1848,4号艇のモーター2連率,-0.1345,1号艇の勝率順位,0.0947,場特性:in_escape_diff,0.0884,4号艇のclass_rank_2to6,0.1234,4号艇のモーター2連率,0.1027,4号艇のwin_rate_rank_2to6,0.0802,ST差分(2-1),-0.0525,4号艇のcumulative_diff_rank_2to6,0.0474,2号艇のwin_rate_rank_2to6,-0.1444,2号艇の全国勝率,-0.0704,1号艇vs2号艇のlocal_win_rate差,0.0652,1号艇の体重,-0.0578,2号艇のclass_rank_2to6,-0.0457,0.0429,東 2.9m/s,[逃げ]1号艇のdominanceが有利(+23.4pt)、1号艇のracer_win_teが有利(+18.5pt) / [2着]4号艇のclass_rank_2to6が有利(+12.3pt)、4号艇のモーター2連率が有利(+10.3pt) / [候補2]2号艇のwin_rate_rank_2to6が不利(-14.4pt)、2号艇の全国勝率が不利(-7.0pt)、天気+4.3pt
47,05,多摩川,3,12:31,0.634922197932223,5,0.4460922231129002,3,0.292822638791121,0.46915344820488625,0.1306208187711637,0.6082940431328575,0.3956159991642819,0.5108956266832776,1-5,1-3,0.07610566886649431,0.185919593425572,0.08293405734989383,0.28323385477931423,0.006729021145679215,True,True,False,False,一般,2026-08-19,1号艇のracer_win_te,0.2088,5号艇の節間得点,-0.1152,場×風向,-0.0885,風速区分,0.0862,1号艇の級別順位,0.0786,5号艇のwin_rate_rank_2to6,0.2673,5号艇のclass_rank_2to6,0.2123,5号艇の節間得点,0.0929,5号艇の枠別勝率,0.0656,5号艇のracer_avgfin_te,0.0588,3号艇のsession_exh_rel_avg,-0.1471,3号艇の年齢,-0.0986,3号艇の当地勝率,0.0721,3号艇のwin_rate_rank_2to6,0.0663,3号艇の節間得点,0.0543,-0.0342,南東 1.8m/s,[逃げ]1号艇のracer_win_teが有利(+20.9pt)、5号艇の節間得点が不利(-11.5pt) / [2着]5号艇のwin_rate_rank_2to6が有利(+26.7pt)、5号艇のclass_rank_2to6が有利(+21.2pt) / [候補2]3号艇のsession_exh_rel_avgが不利(-14.7pt)、3号艇の年齢が不利(-9.9pt) / [除外]2号艇のwin_rate_rank_2to6が不利(-7.2pt)、6号艇のwin_rate_rank_2to6が不利(-7.0pt)、天気-3.4pt
48,19,下関,9,19:14,0.7170470688227059,2,0.43991565617296097,3,0.23927948343585842,0.48701488401513243,0.1589234478227445,0.5202716917860749,0.3941371826047178,0.4969919263464152,1-2,1-3,0.3154402317880389,0.17157465222709348,0.10418511128996161,0.11395559242849719,0.011891495112959229,True,False,False,False,予選,2026-08-19,1号艇のdominance,0.1551,1号艇の年齢,-0.0939,場特性:in_escape_diff,0.0938,1号艇の級別順位,0.0831,1号艇のlocal_win_rate順位,0.0717,2号艇のclass_rank_2to6,0.0891,2号艇のwin_rate_rank_2to6,0.0821,2号艇の全国勝率,0.045,場特性:in_escape_diff,0.0435,2号艇のモーター2連率,-0.0315,3号艇のwin_rate_rank_2to6,-0.1168,4号艇のrecent_race_count,-0.0615,3号艇のcumulative_diff_rank_2to6,0.0441,3号艇の当地勝率,0.0439,場特性:1x_diff_course3,0.0433,0.0611,東 2.6m/s,[逃げ]1号艇のdominanceが有利(+15.5pt)、1号艇の年齢が不利(-9.4pt) / [2着]2号艇のclass_rank_2to6が有利(+8.9pt)、2号艇のwin_rate_rank_2to6が有利(+8.2pt) / [候補2]3号艇のwin_rate_rank_2to6が不利(-11.7pt)、4号艇のrecent_race_countが不利(-6.1pt) / [除外]6号艇のwin_rate_rank_2to6が不利(-8.0pt)、天気+6.1pt
49,10,三国,12,14:15,0.798948008728936,3,0.34194033974947147,2,0.3017639823957138,0.5142862863881053,0.20524966565662464,0.43845465648856063,0.3876177803885704,0.49153679741824186,1-3,1-2,0.24109373284116922,0.27319255354693606,0.16398381166864015,0.10623902764312804,0.014438894190237212,True,True,False,False,優勝戦,2026-08-19,1号艇のdominance,0.1749,race_no,0.1027,風速区分,0.0978,1号艇の全国勝率,0.0909,1号艇の節間得点,0.0792,3号艇のwin_rate_rank_2to6,-0.1181,3号艇のsession_exh_rel_avg,0.0954,3号艇のcumulative_diff_rank_2to6,-0.0584,3号艇のsession_rank_diff_last,0.0529,全艇平均勝率,-0.0492,レース時間帯,-0.067,2号艇のsession_exh_rel_avg,-0.0599,2号艇のclass_rank_2to6,-0.0527,2号艇の全国勝率,0.0487,4号艇の節間得点,-0.0367,0.1407,東 1.8m/s,[逃げ]1号艇のdominanceが有利(+17.5pt)、race_noが有利(+10.3pt) / [2着]3号艇のwin_rate_rank_2to6が不利(-11.8pt)、3号艇のsession_exh_rel_avgが有利(+9.5pt) / [候補2]レース時間帯が不利(-6.7pt)、2号艇のsession_exh_rel_avgが不利(-6.0pt) / [除外]6号艇のwin_rate_rank_2to6が不利(-7.5pt)、天気+14.1pt
50,05,多摩川,4,13:04,0.6445950706974332,2,0.5749473158392772,3,0.16060590731577487,0.4741339818813556,0.15312429734528876,0.5824289258097632,0.3870122624936278,0.5066224650598778,1-2,1-3,0.3706082057007183,0.1035257761806373,0.036297394204525685,0.03546051773355563,0.09870316727278118,True,True,False,False,一般,2026-08-19,1号艇の節間得点,0.1084,1号艇の年齢,-0.1043,1号艇のracer_win_te,0.0902,1号艇のsession_exh_rel_avg,-0.0869,1号艇のdominance,0.0815,2号艇のwin_rate_rank_2to6,0.2258,2号艇のclass_rank_2to6,0.0999,2号艇の当地勝率,0.0911,2号艇の全国勝率,0.0594,2号艇のsession_exh_rel_avg,-0.0588,3号艇のwin_rate_rank_2to6,-0.1197,3号艇のsession_exh_rel_avg,0.081,3号艇の全国勝率,-0.0554,3号艇のracer_2nd_te,-0.0462,3号艇のモーター2連率,0.0379,-0.0293,南東 1.8m/s,[逃げ]1号艇の節間得点が有利(+10.8pt)、1号艇の年齢が不利(-10.4pt) / [2着]2号艇のwin_rate_rank_2to6が有利(+22.6pt)、2号艇のclass_rank_2to6が有利(+10.0pt) / [候補2]3号艇のwin_rate_rank_2to6が不利(-12.0pt)、3号艇のsession_exh_rel_avgが有利(+8.1pt) / [除外]2号艇のracer_2nd_teが不利(-5.4pt)、5号艇のracer_avgfin_teが不利(-5.3pt)、天気-2.9pt
51,05,多摩川,9,15:40,0.7537262813740924,3,0.4655266347724105,4,0.22949657396426903,0.523857258589787,0.21947871828817228,0.4755444904485073,0.3858866349722965,0.5093634281474031,1-3,1-4,0.16542687817609608,0.35087965930760423,0.17297759928218284,0.05392839709522867,0.010513736983546055,True,False,False,False,一般,2026-08-19,1号艇のdominance,0.2314,1号艇のracer_win_te,0.1514,1号艇のsession_exh_rel_avg,-0.1093,1号艇の勝率順位,0.1049,1号艇のvs_max234_diff,0.0771,3号艇のwin_rate_rank_2to6,0.2179,3号艇のモーター2連率,0.1124,3号艇の節間得点,-0.1063,3号艇の一般戦2連率,0.0731,2号艇のvs_boat3_diff,0.0546,4号艇のclass_rank_2to6,0.1051,4号艇の一般戦2連率,0.0903,4号艇のwin_rate_rank_2to6,0.0736,場×風向,0.0671,ST差分(2-1),-0.061,0.068,南 1.9m/s,[逃げ]1号艇のdominanceが有利(+23.1pt)、1号艇のracer_win_teが有利(+15.1pt) / [2着]3号艇のwin_rate_rank_2to6が有利(+21.8pt)、3号艇のモーター2連率が有利(+11.2pt) / [候補2]4号艇のclass_rank_2to6が有利(+10.5pt)、4号艇の一般戦2連率が有利(+9.0pt) / [除外]6号艇のsession_exh_rel_avgが不利(-8.2pt)、4号艇の一般戦2連率が不利(-7.2pt)、天気+6.8pt
52,09,津,4,12:02,0.7348226854526636,4,0.46230380815075606,3,0.23730643561584674,0.5140894780947677,0.21937075339014148,0.4802394903764613,0.37875804275125513,0.5039344817792757,1-4,1-3,0.16119860611591777,0.17437815229443612,0.33971132580033153,0.05862636852382112,0.0009082139838853888,True,True,False,False,一般,2026-08-19,1号艇のdominance,0.1201,1号艇のracer_win_te,0.0936,1号艇の節間得点,0.093,6号艇の枠別出走数,-0.0858,場特性:in_escape_diff,0.0626,4号艇のwin_rate_rank_2to6,0.2348,4号艇のclass_rank_2to6,0.2195,4号艇の年齢,-0.0727,4号艇の全国勝率,0.0695,4号艇のcumulative_diff_rank_2to6,0.0693,3号艇のwin_rate_rank_2to6,-0.0995,3号艇の節間得点,0.0511,3号艇のcumulative_diff_rank_2to6,0.0459,3号艇の全国勝率,-0.0379,場特性:1x_diff_course3,-0.0329,0.0306,南東 2.5m/s,[逃げ]1号艇のdominanceが有利(+12.0pt)、1号艇のracer_win_teが有利(+9.4pt) / [2着]4号艇のwin_rate_rank_2to6が有利(+23.5pt)、4号艇のclass_rank_2to6が有利(+21.9pt) / [候補2]3号艇のwin_rate_rank_2to6が不利(-10.0pt)、3号艇の節間得点が有利(+5.1pt) / [除外]6号艇の直近平均着順が不利(-22.7pt)、6号艇の全国勝率が不利(-13.6pt)、天気+3.1pt
53,17,宮島,9,14:47,0.551793334911933,2,0.46492927791482047,3,0.3215261700930645,0.4339608744159292,0.12399983095687463,0.6624556170510103,0.3693875843325619,0.5025092972064535,1-2,1-3,0.2565448767588157,0.1774159976571135,0.06842228025220981,0.02336224676787126,0.026047934503717923,True,True,False,False,宮島特選,2026-08-19,1号艇のdominance,0.1754,1号艇のsession_exh_rel_avg,-0.0963,1号艇の勝率順位,0.0827,std_234_全国勝率,-0.0743,1号艇vs2号艇のcumulative差,-0.072,2号艇のsession_exh_rel_avg,0.0764,2号艇の節間得点,0.0682,2号艇のwin_rate_rank_2to6,0.0544,1号艇の節間得点,0.0406,2号艇の全国勝率,0.0398,3号艇のwin_rate_rank_2to6,-0.1171,3号艇のcumulative_diff_rank_2to6,-0.0531,場特性:1x_diff_course3,0.0471,3号艇の全国勝率,0.0468,3号艇のclass_rank_2to6,0.0312,0.0735,南 0.4m/s,[逃げ]1号艇のdominanceが有利(+17.5pt)、1号艇のsession_exh_rel_avgが不利(-9.6pt) / [2着]2号艇のsession_exh_rel_avgが有利(+7.6pt)、2号艇の節間得点が有利(+6.8pt) / [候補2]3号艇のwin_rate_rank_2to6が不利(-11.7pt)、3号艇のcumulative_diff_rank_2to6が不利(-5.3pt) / [除外]std_234_全国勝率が不利(-7.4pt)、5号艇のracer_avgfin_teが不利(-6.1pt)、天気+7.3pt
54,16,児島,5,12:41,0.5581359800711255,4,0.5628549708902073,2,0.20295220481716197,0.42742453855893314,0.1263051217589754,0.6395020539483938,0.36264144849638125,0.4910477931757713,1-4,1-2,0.1132749277432225,0.07049543292094858,0.3141496108157107,0.05826781373437619,0.0019482090865195905,True,True,False,False,予選,2026-08-19,1号艇の年齢,-0.1213,1号艇のsession_exh_rel_avg,0.1148,4号艇のsession_exh_rel_avg,-0.0915,1号艇のracer_win_te,0.0799,1号艇の女子戦比率,-0.0739,4号艇のwin_rate_rank_2to6,0.2357,4号艇のclass_rank_2to6,0.1891,4号艇の全国勝率,0.1059,4号艇のsession_exh_rel_avg,0.0817,4号艇の女子戦比率,-0.0527,2号艇のsession_exh_rel_avg,-0.0702,3号艇のracer_2nd_te,0.0663,2号艇のwin_rate_rank_2to6,-0.064,3号艇のracer_win_te,0.0512,2号艇の全国勝率,-0.0471,-0.0189,東 4.6m/s,[逃げ]1号艇の年齢が不利(-12.1pt)、1号艇のsession_exh_rel_avgが有利(+11.5pt) / [2着]4号艇のwin_rate_rank_2to6が有利(+23.6pt)、4号艇のclass_rank_2to6が有利(+18.9pt) / [候補2]2号艇のsession_exh_rel_avgが不利(-7.0pt)、3号艇のracer_2nd_teが有利(+6.6pt) / [除外]6号艇の全国勝率が不利(-16.7pt)、6号艇の直近平均着順が不利(-13.2pt)、天気-1.9pt
55,20,若松,11,20:07,0.5645108388749694,3,0.4154851497000431,2,0.33744864776078065,0.4250392896219259,0.12627249765059267,0.626661299810231,0.36063436238169283,0.4855258926784174,1-3,1-2,0.19049341922466237,0.23454587039726357,0.062488802411745425,0.07128219357557368,0.005700540122182201,False,False,False,False,準優勝戦,2026-08-19,6号艇の枠別出走数,-0.2294,1号艇の枠別出走数,-0.1844,1号艇のracer_win_te,0.1448,1号艇のdominance,0.1334,1号艇の年齢,-0.1134,1号艇の直近1着率,0.1224,3号艇のモーター2連率,0.075,3号艇のwin_rate_rank_2to6,0.0741,6号艇のsession_rank_diff_delta,-0.0719,3号艇のsession_exh_rel_avg,0.0624,2号艇のsession_exh_rel_avg,0.1024,2号艇のclass_rank_2to6,0.0688,6号艇のsession_rank_diff_last,-0.0642,2号艇の全国勝率,0.0517,ST差分(3-2),-0.0433,0.0736,東 2.1m/s,[逃げ]6号艇の枠別出走数が不利(-22.9pt)、1号艇の枠別出走数が不利(-18.4pt) / [2着]1号艇の直近1着率が有利(+12.2pt)、3号艇のモーター2連率が有利(+7.5pt) / [候補2]2号艇のsession_exh_rel_avgが有利(+10.2pt)、2号艇のclass_rank_2to6が有利(+6.9pt) / [除外]6号艇のsession_exh_rel_avgが不利(-8.2pt)、6号艇の年齢が不利(-6.2pt)、天気+7.4pt
56,20,若松,4,16:40,0.6640878561555184,2,0.3302520986385794,5,0.31107910577801323,0.4259002646266515,0.13184823523239309,0.5094829691841996,0.35851522669541164,0.4509750759939159,1-2,1-5,0.21931640817575498,0.06633085090340064,0.0875588118733684,0.20658385645089652,0.08429791390857747,True,False,False,False,一般戦,2026-08-19,1号艇のracer_win_te,0.0842,1号艇の勝率順位,-0.0811,風速区分,0.0785,1号艇のvs_max234_diff,0.0778,2号艇の枠別平均ST,0.0672,2号艇のclass_rank_2to6,-0.0783,1号艇vs2号艇のlocal_win_rate差,0.064,2号艇のsession_exh_rel_avg,0.054,2号艇の全国勝率,0.048,2号艇の当地勝率,-0.0425,5号艇のwin_rate_rank_2to6,0.2534,5号艇のclass_rank_2to6,0.1293,5号艇のsession_exh_rel_avg,-0.0941,4号艇の一般戦2連率,-0.0701,avg_456_win_rate,0.0604,0.0779,東 1.9m/s,[逃げ]1号艇のracer_win_teが有利(+8.4pt)、1号艇の勝率順位が不利(-8.1pt) / [2着]2号艇のclass_rank_2to6が不利(-7.8pt)、1号艇vs2号艇のlocal_win_rate差が有利(+6.4pt) / [候補2]5号艇のwin_rate_rank_2to6が有利(+25.3pt)、5号艇のclass_rank_2to6が有利(+12.9pt) / [除外]4号艇の年齢が不利(-14.4pt)、3号艇のsession_exh_rel_avgが不利(-5.6pt)、天気+7.8pt
57,10,三国,10,12:58,0.5824528093719782,2,0.4691004189060587,3,0.25096468694344065,0.41940394383277174,0.12539259179377976,0.5946725140557196,0.35629576680190284,0.4719845148996561,1-2,1-3,0.27322885686940573,0.146175086963366,0.07303526736472069,0.0477349340929307,0.0422786521476232,True,True,False,False,特別選抜戦,2026-08-19,2号艇のsession_exh_rel_avg,-0.1143,1号艇の節間得点,0.1078,1号艇の級別順位,-0.0737,5号艇の節間得点,-0.0725,1号艇の勝率順位,-0.0695,2号艇のsession_exh_rel_avg,0.153,2号艇のwin_rate_rank_2to6,0.1289,2号艇のモーター2連率,0.0552,2号艇の全国勝率,0.0471,avg_entry_count,-0.0376,3号艇のcumulative_diff_rank_2to6,-0.0609,3号艇のwin_rate_rank_2to6,-0.0605,3号艇のclass_rank_2to6,0.0418,場特性:1x_diff_course3,-0.0367,3号艇のracer_avgfin_te,0.0333,0.0527,北東 2.2m/s,[逃げ]2号艇のsession_exh_rel_avgが不利(-11.4pt)、1号艇の節間得点が有利(+10.8pt) / [2着]2号艇のsession_exh_rel_avgが有利(+15.3pt)、2号艇のwin_rate_rank_2to6が有利(+12.9pt) / [候補2]3号艇のcumulative_diff_rank_2to6が不利(-6.1pt)、3号艇のwin_rate_rank_2to6が不利(-6.0pt)、天気+5.3pt
58,15,丸亀,5,17:01,0.45070012714776,2,0.5800377221214271,3,0.28742350535281236,0.39096488551839165,0.07437937563658836,0.7930818518376511,0.35606921662156577,0.5115999754141695,1-2,1-3,0.2614230751106243,0.1295418104077674,0.03352279405658137,0.017527710743737195,0.00868473850803853,True,False,False,False,予選,2026-08-19,1号艇のdominance,-0.2375,1号艇のsession_exh_rel_avg,0.1118,1号艇の体重,-0.1102,1号艇のvs_max234_diff,-0.1036,1号艇のracer_win_te,0.0763,2号艇のwin_rate_rank_2to6,0.1766,2号艇のclass_rank_2to6,0.0824,2号艇のracer_avgfin_te,0.0803,2号艇の当地勝率,0.0684,2号艇のモーター2連率,0.068,3号艇の当地勝率,0.0684,2号艇の全国勝率,-0.0601,3号艇のracer_2nd_te,0.0506,3号艇のwin_rate_rank_2to6,0.0489,3号艇の節間得点,0.045,0.0757,南東 1.9m/s,[逃げ]1号艇のdominanceが不利(-23.7pt)、1号艇のsession_exh_rel_avgが有利(+11.2pt) / [2着]2号艇のwin_rate_rank_2to6が有利(+17.7pt)、2号艇のclass_rank_2to6が有利(+8.2pt) / [候補2]3号艇の当地勝率が有利(+6.8pt)、2号艇の全国勝率が不利(-6.0pt) / [除外]6号艇のwin_rate_rank_2to6が不利(-8.0pt)、2号艇のracer_2nd_teが不利(-5.3pt)、天気+7.6pt
59,16,児島,10,15:37,0.46938094945536135,2,0.5659833041780875,3,0.301435479954816,0.40714985247171737,0.10542738160288861,0.761991402530015,0.3556401610324027,0.5136023174892066,1-2,1-3,0.2656617806909933,0.1414880717807241,0.049485604475356555,0.006212949673322861,0.006532534092063093,True,False,False,False,予選特賞,2026-08-19,1号艇の女子戦比率,-0.1593,1号艇のsession_exh_rel_avg,-0.1391,1号艇のdominance,0.0601,4号艇の女子戦比率,0.0545,1号艇のモーター2連率順位,-0.0482,2号艇のwin_rate_rank_2to6,0.2207,5号艇の女子戦比率,0.204,2号艇のclass_rank_2to6,0.1376,2号艇のsession_exh_rel_avg,-0.0993,2号艇の当地勝率,0.0863,3号艇のsession_exh_rel_avg,-0.1478,4号艇の女子戦比率,-0.0981,3号艇のモーター2連率,0.0882,6号艇の女子戦比率,0.0545,3号艇のwin_rate_rank_2to6,0.0539,-0.0043,北東 3.2m/s,[逃げ]1号艇の女子戦比率が不利(-15.9pt)、1号艇のsession_exh_rel_avgが不利(-13.9pt) / [2着]2号艇のwin_rate_rank_2to6が有利(+22.1pt)、5号艇の女子戦比率が有利(+20.4pt) / [候補2]3号艇のsession_exh_rel_avgが不利(-14.8pt)、4号艇の女子戦比率が不利(-9.8pt) / [除外]5号艇の女子戦比率が不利(-15.7pt)、6号艇のracer_win_teが不利(-12.8pt)、天気-0.4pt
60,18,徳山,9,12:39,0.6562474276380513,2,0.47028098999483964,3,0.20146990935937434,0.4408347997147504,0.1627006706468195,0.5090502287073945,0.3547658586450949,0.4612994284125436,1-2,1-3,0.3086206899511897,0.13221410976356077,0.10677189658696111,0.046190907134858655,0.062449835202685905,True,True,False,False,推しトク一般,2026-08-19,場特性:in_escape_diff,0.2247,1号艇のdominance,0.1615,1号艇のsession_exh_rel_avg,0.1308,3号艇のsession_exh_rel_avg,-0.1234,1号艇の級別順位,0.0915,2号艇のsession_exh_rel_avg,0.0893,2号艇のclass_rank_2to6,-0.0608,3号艇のracer_2nd_te,0.0577,場特性:in_escape_diff,0.0523,場特性:1x_diff_course2,0.0473,3号艇のsession_exh_rel_avg,0.1619,3号艇のwin_rate_rank_2to6,-0.114,3号艇のsession_exh_rel_last,0.066,3号艇のracer_avgfin_te,-0.062,3号艇の節間得点,-0.0511,0.0795,東 1.1m/s,[逃げ]場特性:in_escape_diffが有利(+22.5pt)、1号艇のdominanceが有利(+16.1pt) / [2着]2号艇のsession_exh_rel_avgが有利(+8.9pt)、2号艇のclass_rank_2to6が不利(-6.1pt) / [候補2]3号艇のsession_exh_rel_avgが有利(+16.2pt)、3号艇のwin_rate_rank_2to6が不利(-11.4pt)、天気+8.0pt
61,11,琵琶湖,8,14:10,0.7712641733977263,4,0.35466337584067076,2,0.23598824431376908,0.4555484335844419,0.1871816500733877,0.4034699700810521,0.35322406460042244,0.439924894533425,1-4,1-2,0.1820092781822398,0.14436650061907383,0.2735391554022021,0.05615149318202677,0.1151977316462691,True,True,False,False,一般,2026-08-19,1号艇のdominance,0.207,1号艇のracer_win_te,0.1205,1号艇のvs_max234_diff,0.0978,1号艇の全国勝率,0.0947,1号艇のvs_max234_frame_diff,0.0917,4号艇のwin_rate_rank_2to6,0.102,4号艇のsession_exh_rel_avg,0.0904,4号艇の年齢,-0.0849,4号艇のclass_rank_2to6,0.0838,6号艇の直近1着率,0.074,2号艇のclass_rank_2to6,-0.0665,1号艇vs2号艇のplace_rate差,-0.0549,2号艇の全国勝率,-0.0542,2号艇の直近平均着順,-0.0505,6号艇のsession_exh_rel_delta,0.0459,0.0333,東 0.4m/s,[逃げ]1号艇のdominanceが有利(+20.7pt)、1号艇のracer_win_teが有利(+12.1pt) / [2着]4号艇のwin_rate_rank_2to6が有利(+10.2pt)、4号艇のsession_exh_rel_avgが有利(+9.0pt) / [候補2]2号艇のclass_rank_2to6が不利(-6.7pt)、1号艇vs2号艇のplace_rate差が不利(-5.5pt) / [除外]5号艇のracer_win_teが不利(-13.8pt)、6号艇のsession_exh_rel_avgが不利(-6.7pt)、天気+3.3pt
62,14,鳴門,12,14:20,0.7288330830327152,2,0.3968793721171864,3,0.24725086356100867,0.46946342554392834,0.20860985305273128,0.4355203826254638,0.3519417900843075,0.459280512668389,1-2,1-3,0.2892588163722572,0.18020460917167117,0.1520417623514238,0.06166452928985141,0.04566335362949495,True,True,False,False,優勝戦,2026-08-19,1号艇のsession_exh_rel_avg,0.1774,場特性:in_escape_diff,-0.174,1号艇の節間得点,0.131,1号艇のracer_win_te,0.1055,1号艇のモーター2連率,0.0937,2号艇のwin_rate_rank_2to6,0.1652,2号艇のclass_rank_2to6,0.0824,6号艇のsession_rank_diff_delta,-0.0539,2号艇の全国勝率,0.0532,2号艇のsession_exh_rel_avg,-0.0453,3号艇のwin_rate_rank_2to6,-0.127,3号艇の節間得点,0.042,3号艇のsession_rank_diff_last,0.0357,1号艇のモーター2連率,0.0356,3号艇のモーター2連率,-0.0306,-0.0183,南 5.3m/s,[逃げ]1号艇のsession_exh_rel_avgが有利(+17.7pt)、場特性:in_escape_diffが不利(-17.4pt) / [2着]2号艇のwin_rate_rank_2to6が有利(+16.5pt)、2号艇のclass_rank_2to6が有利(+8.2pt) / [候補2]3号艇のwin_rate_rank_2to6が不利(-12.7pt)、3号艇の節間得点が有利(+4.2pt) / [除外]5号艇のwin_rate_rank_2to6が不利(-5.0pt)、天気-1.8pt
63,14,鳴門,1,08:40,0.7966209108068064,2,0.3664995592685063,5,0.22871771756902023,0.47416252920225743,0.22426299330940028,0.3709542835281263,0.34655799946539245,0.44320005550001806,1-2,1-5,0.2919612127147706,0.06855624475390218,0.17865258999039518,0.1822013164874868,0.07524954982789574,False,False,True,False,一般,2026-08-19,1号艇のdominance,0.3072,1号艇のvs_max234_diff,0.1604,場特性:in_escape_diff,-0.1427,1号艇のvs_max234_frame_diff,0.1132,1号艇のsession_exh_rel_avg,-0.0954,2号艇のsession_exh_rel_avg,0.1213,3号艇の全国勝率,-0.0914,2号艇の全国勝率,-0.0646,2号艇のsession_avg_finish,-0.0616,second_best_win_rate,0.0584,5号艇の年齢,0.2613,5号艇の節間得点,0.1292,5号艇のracer_avgfin_te,-0.1207,5号艇のwin_rate_rank_2to6,-0.1147,mean_234_全国勝率,0.0878,-0.0285,南東 4.5m/s,[逃げ]1号艇のdominanceが有利(+30.7pt)、1号艇のvs_max234_diffが有利(+16.0pt) / [2着]2号艇のsession_exh_rel_avgが有利(+12.1pt)、3号艇の全国勝率が不利(-9.1pt) / [候補2]5号艇の年齢が有利(+26.1pt)、5号艇の節間得点が有利(+12.9pt)、天気-2.9pt
64,20,若松,9,19:04,0.7432042622117493,2,0.3408941047848391,3,0.32555641460263707,0.4953088665620063,0.25121139724170233,0.4152391221457738,0.3459961876397117,0.4712879432371365,1-2,1-3,0.2533539516389511,0.24195491492305524,0.18670138114620205,0.04228041573380914,0.01891359738540584,True,False,False,False,準優勝戦,2026-08-19,1号艇のdominance,0.2599,3号艇のsession_exh_rel_avg,-0.1038,風速区分,0.1009,1号艇の勝率順位,0.0968,1号艇のモーター2連率順位,0.055,2号艇のwin_rate_rank_2to6,-0.1337,2号艇の節間得点,0.0592,2号艇のclass_rank_2to6,-0.0536,2号艇の全国勝率,0.0476,6号艇の当地2連率,-0.0432,3号艇のsession_exh_rel_avg,0.1168,3号艇の女子戦比率,-0.0909,3号艇のwin_rate_rank_2to6,0.0809,3号艇の年齢,-0.062,6号艇のracer_2nd_te,-0.0592,0.1015,東 1.6m/s,[逃げ]1号艇のdominanceが有利(+26.0pt)、3号艇のsession_exh_rel_avgが不利(-10.4pt) / [2着]2号艇のwin_rate_rank_2to6が不利(-13.4pt)、2号艇の節間得点が有利(+5.9pt) / [候補2]3号艇のsession_exh_rel_avgが有利(+11.7pt)、3号艇の女子戦比率が不利(-9.1pt) / [除外]6号艇のwin_rate_rank_2to6が不利(-6.0pt)、天気+10.1pt
65,10,三国,5,10:18,0.7040051502892475,4,0.41639527627509687,2,0.19108624448531863,0.42767011932087695,0.15952325747634122,0.4479582632840743,0.3458021226496428,0.4337565625098361,1-4,1-2,0.13452570026709462,0.11230519485426192,0.2931444190537823,0.09159114494862883,0.07243867805236211,False,False,True,False,一般,2026-08-19,1号艇のdominance,0.179,1号艇の勝率順位,0.0869,1号艇の節間得点,0.0665,1号艇vs3号艇のplace_rate差,0.0548,1号艇の直近1着率順位,0.0466,4号艇のclass_rank_2to6,0.2006,4号艇のwin_rate_rank_2to6,0.1723,1号艇vs2号艇のcumulative差,0.0874,1号艇vs3号艇の直近複勝率差,0.0572,4号艇のcumulative_diff_rank_2to6,-0.04,2号艇のwin_rate_rank_2to6,-0.1636,2号艇の節間得点,-0.0943,2号艇のsession_exh_rel_avg,-0.0587,2号艇の全国勝率,-0.0515,3号艇の直近平均着順,0.046,-0.0756,南西 5.5m/s,[逃げ]1号艇のdominanceが有利(+17.9pt)、1号艇の勝率順位が有利(+8.7pt) / [2着]4号艇のclass_rank_2to6が有利(+20.1pt)、4号艇のwin_rate_rank_2to6が有利(+17.2pt) / [候補2]2号艇のwin_rate_rank_2to6が不利(-16.4pt)、2号艇の節間得点が不利(-9.4pt) / [除外]3号艇のwin_rate_rank_2to6が不利(-5.5pt)、天気-7.6pt
66,18,徳山,5,10:34,0.548118711062202,3,0.44995875418606834,2,0.2968934814015427,0.4093636847242054,0.1359291006283326,0.6109231349592784,0.34259035973085156,0.46983151979472726,1-3,1-2,0.16273287234858344,0.24663081237562198,0.04056522752213995,0.023684511299808014,0.07450528343224602,False,False,True,False,一般,2026-08-19,場特性:in_escape_diff,0.2181,1号艇の節間得点,0.1101,1号艇のsession_exh_rel_avg,-0.101,1号艇の級別順位,-0.0942,1号艇の年齢,-0.0921,3号艇のwin_rate_rank_2to6,0.1703,3号艇のsession_exh_rel_avg,-0.1228,3号艇の節間得点,0.0732,3号艇の当地勝率,0.0725,3号艇の全国勝率,0.0668,2号艇のwin_rate_rank_2to6,-0.1534,2号艇のsession_exh_rel_avg,0.0679,2号艇の直近平均着順,-0.0608,2号艇の全国勝率,-0.0562,1号艇の年齢,0.0493,0.0584,南 1.8m/s,[逃げ]場特性:in_escape_diffが有利(+21.8pt)、1号艇の節間得点が有利(+11.0pt) / [2着]3号艇のwin_rate_rank_2to6が有利(+17.0pt)、3号艇のsession_exh_rel_avgが不利(-12.3pt) / [候補2]2号艇のwin_rate_rank_2to6が不利(-15.3pt)、2号艇のsession_exh_rel_avgが有利(+6.8pt) / [除外]3号艇のracer_win_teが不利(-5.7pt)、5号艇のracer_avgfin_teが不利(-5.5pt)、天気+5.8pt
67,11,琵琶湖,5,12:35,0.5308053387197246,3,0.4695529325779066,2,0.26715167109422466,0.39104673668856604,0.10453513936910844,0.6321694643030228,0.34199298654507687,0.46338355497290307,1-3,1-2,0.14180553326471038,0.2492412034238557,0.03595718385581132,0.05548781006093322,0.0483136219562418,True,True,False,False,一般,2026-08-19,1号艇のdominance,-0.2603,3号艇のsession_exh_rel_avg,-0.1928,1号艇の節間得点,0.0992,風速区分,0.0774,3号艇のsession_exh_rel_last,-0.0693,3号艇のsession_exh_rel_avg,0.078,3号艇のcumulative_diff_rank_2to6,0.0405,3号艇の節間得点,0.0372,3号艇のモーター2連率,-0.0365,3号艇のwin_rate_rank_2to6,0.0354,2号艇の節間得点,-0.0902,2号艇のsession_exh_rel_avg,0.0877,ST差分(3-2),-0.0547,second_best_win_rate,-0.0534,2号艇のwin_rate_rank_2to6,-0.0409,0.0597,東 0.9m/s,[逃げ]1号艇のdominanceが不利(-26.0pt)、3号艇のsession_exh_rel_avgが不利(-19.3pt) / [2着]3号艇のsession_exh_rel_avgが有利(+7.8pt)、3号艇のcumulative_diff_rank_2to6が有利(+4.1pt) / [候補2]2号艇の節間得点が不利(-9.0pt)、2号艇のsession_exh_rel_avgが有利(+8.8pt) / [除外]4号艇のracer_avgfin_teが不利(-6.1pt)、win_rate_range_1to6が不利(-6.0pt)、天気+6.0pt
68,14,鳴門,11,13:41,0.7461000821502723,2,0.3794367749519302,3,0.2313997365483913,0.45574517141077564,0.20888815908204406,0.4019483524182774,0.3415054475709426,0.43960612571302615,1-2,1-3,0.2830978089624695,0.17264736244830614,0.15585147265133223,0.12241618641649202,0.012087246112793708,True,True,False,False,選抜戦,2026-08-19,1号艇のdominance,0.2718,場特性:in_escape_diff,-0.1238,1号艇のsession_exh_rel_avg,0.1233,1号艇のvs_max234_diff,0.0777,レース時間帯,0.0716,2号艇のsession_exh_rel_avg,-0.1526,2号艇のwin_rate_rank_2to6,0.0834,2号艇のclass_rank_2to6,0.0767,レース時間帯,-0.0463,2号艇のモーター2連率,-0.0446,3号艇のsession_exh_rel_last,-0.1469,3号艇のsession_exh_rel_avg,-0.1351,3号艇の当地勝率,0.0724,3号艇の年齢,-0.0651,3号艇のwin_rate_rank_2to6,-0.063,0.009,南 5.5m/s,[逃げ]1号艇のdominanceが有利(+27.2pt)、場特性:in_escape_diffが不利(-12.4pt) / [2着]2号艇のsession_exh_rel_avgが不利(-15.3pt)、2号艇のwin_rate_rank_2to6が有利(+8.3pt) / [候補2]3号艇のsession_exh_rel_lastが不利(-14.7pt)、3号艇のsession_exh_rel_avgが不利(-13.5pt) / [除外]6号艇のwin_rate_rank_2to6が不利(-7.3pt)、6号艇のvs_avg456_diffが不利(-6.4pt)、天気+0.9pt
69,10,三国,2,08:58,0.5429174362746192,2,0.479533363066363,3,0.27694867354029107,0.4107072879022872,0.14090312860225912,0.615578908004395,0.34126335773606997,0.4721687739329195,1-2,1-3,0.26034702408413596,0.1503602638181513,0.07649876534381149,0.05115966735469521,0.004551707330909325,False,False,True,False,みくにあさガ,2026-08-19,1号艇のsession_exh_rel_avg,-0.1007,1号艇の年齢,-0.078,1号艇のsession_exh_rel_last,-0.0718,1号艇の全国勝率,-0.0711,1号艇のdominance,-0.0709,2号艇のwin_rate_rank_2to6,0.1977,2号艇のclass_rank_2to6,0.0884,2号艇のsession_exh_rel_avg,0.0707,2号艇の全国勝率,0.05,1号艇の年齢,-0.0429,場特性:1x_diff_course3,-0.0367,6号艇のモーター2連率,-0.0348,3号艇のracer_2nd_te,0.0347,3号艇のclass_rank_2to6,-0.026,3号艇のcumulative_diff_rank_2to6,-0.0248,-0.0677,南西 5.8m/s,[逃げ]1号艇のsession_exh_rel_avgが不利(-10.1pt)、1号艇の年齢が不利(-7.8pt) / [2着]2号艇のwin_rate_rank_2to6が有利(+19.8pt)、2号艇のclass_rank_2to6が有利(+8.8pt) / [候補2]場特性:1x_diff_course3が不利(-3.7pt)、6号艇のモーター2連率が不利(-3.5pt) / [除外]6号艇のwin_rate_rank_2to6が不利(-7.1pt)、天気-6.8pt
70,17,宮島,6,13:20,0.6740928353318996,3,0.41718606806833003,2,0.20127522401768377,0.4169003259252911,0.15128256754004862,0.4671787245459651,0.3412166238681777,0.43198384551149327,1-3,1-2,0.1356781864401437,0.28122213948514746,0.0910251459585973,0.06418887358103317,0.10197849488936098,True,True,False,False,一般戦,2026-08-19,6号艇の枠別出走数,-0.1961,1号艇の節間得点,0.088,1号艇vs4号艇のcumulative差,0.0799,1号艇vs5号艇のcumulative差,0.0749,風速区分,0.0706,3号艇のsession_exh_rel_avg,0.0842,6号艇のracer_2nd_te,-0.0666,3号艇のwin_rate_rank_2to6,0.0531,3号艇の当地勝率,-0.0493,2号艇の節間得点,0.0345,2号艇の全国勝率,-0.0961,2号艇のsession_exh_rel_avg,0.0605,2号艇のracer_win_te,-0.0602,2号艇の直近平均着順,-0.0587,2号艇のracer_avgfin_te,-0.0556,0.0934,南 1.7m/s,[逃げ]6号艇の枠別出走数が不利(-19.6pt)、1号艇の節間得点が有利(+8.8pt) / [2着]3号艇のsession_exh_rel_avgが有利(+8.4pt)、6号艇のracer_2nd_teが不利(-6.7pt) / [候補2]2号艇の全国勝率が不利(-9.6pt)、2号艇のsession_exh_rel_avgが有利(+6.1pt) / [除外]5号艇のracer_avgfin_teが不利(-5.3pt)、天気+9.3pt
71,17,宮島,7,13:45,0.6472055549874824,4,0.3758633245131094,2,0.32826253631446367,0.45571416853794827,0.21125604432327716,0.49286981650429595,0.34018732143307046,0.46686086292785256,1-4,1-2,0.21245333699700106,0.13672608541070677,0.2432608315409472,0.028075927587328044,0.02668937465701359,True,True,False,False,一般戦,2026-08-19,風速区分,0.0716,1号艇の勝率順位,-0.0573,1号艇のsession_exh_rel_avg,-0.0567,1号艇のモーター2連率順位,0.052,1号艇vs4号艇の枠別平均ST差,-0.0517,4号艇のclass_rank_2to6,0.1954,4号艇のwin_rate_rank_2to6,0.1944,4号艇のsession_exh_rel_avg,-0.1001,4号艇のcumulative_diff_rank_2to6,0.0589,4号艇のracer_win_te,0.0534,2号艇のsession_exh_rel_avg,-0.1201,2号艇のwin_rate_rank_2to6,0.0765,2号艇のclass_rank_2to6,0.0708,2号艇の全国勝率,0.0564,2号艇のモーター2連率,-0.0453,0.0958,南 1.5m/s,[逃げ]風速区分が有利(+7.2pt)、1号艇の勝率順位が不利(-5.7pt) / [2着]4号艇のclass_rank_2to6が有利(+19.5pt)、4号艇のwin_rate_rank_2to6が有利(+19.4pt) / [候補2]2号艇のsession_exh_rel_avgが不利(-12.0pt)、2号艇のwin_rate_rank_2to6が有利(+7.7pt) / [除外]6号艇のsession_exh_rel_avgが不利(-7.9pt)、天気+9.6pt
72,11,琵琶湖,9,14:40,0.6665955205670375,2,0.4099807102810823,5,0.22319343047779794,0.42207104596875245,0.16340165008099505,0.4697724906778852,0.33931051953350566,0.43638147938149224,1-2,1-5,0.27329130499226184,0.1089228079972538,0.10414063822409188,0.1487797409764906,0.031461014718999335,True,True,False,False,一般,2026-08-19,6号艇の枠別出走数,-0.1827,風速区分,0.0878,1号艇の級別順位,0.0799,1号艇のモーター2連率,0.0743,1号艇の節間得点,0.0724,2号艇のsession_exh_rel_avg,0.0841,2号艇の全国勝率,0.0758,2号艇のモーター2連率,0.0438,2号艇のclass_rank_2to6,-0.0421,1号艇のsession_rank_diff_delta,-0.0346,5号艇のwin_rate_rank_2to6,0.1607,5号艇のsession_exh_rel_avg,0.1126,1号艇のモーター2連率,0.0507,5号艇のclass_rank_2to6,-0.0488,5号艇の女子戦勝率,-0.0486,0.0757,南東 0.7m/s,[逃げ]6号艇の枠別出走数が不利(-18.3pt)、風速区分が有利(+8.8pt) / [2着]2号艇のsession_exh_rel_avgが有利(+8.4pt)、2号艇の全国勝率が有利(+7.6pt) / [候補2]5号艇のwin_rate_rank_2to6が有利(+16.1pt)、5号艇のsession_exh_rel_avgが有利(+11.3pt) / [除外]2号艇の女子戦2連率が不利(-5.4pt)、天気+7.6pt
73,09,津,1,10:30,0.6662222530542983,2,0.38566855676455913,3,0.30409298327709844,0.45953448727675567,0.21894618356007112,0.47081535648158646,0.33879850063258005,0.4629187480382049,1-2,1-3,0.2569409748198841,0.20259351245687157,0.14586681970903054,0.044190614276620035,0.016630328069085123,False,False,True,False,ツッキーレー,2026-08-19,1号艇のdominance,0.3084,1号艇のsession_exh_rel_avg,-0.147,1号艇の年齢,-0.096,1号艇のvs_max234_diff,0.0905,1号艇のsession_exh_rel_last,-0.0779,2号艇のwin_rate_rank_2to6,0.1801,3号艇のモーター出走数,0.0703,2号艇のsession_exh_rel_avg,-0.0621,second_best_win_rate,0.0513,場特性:1x_diff_course2,0.0452,3号艇のwin_rate_rank_2to6,-0.0587,3号艇のcumulative_diff_rank_2to6,-0.0487,3号艇の節間得点,-0.0377,3号艇のsession_exh_rel_avg,-0.0359,3号艇の当地勝率,0.0349,-0.0357,東 2.1m/s,[逃げ]1号艇のdominanceが有利(+30.8pt)、1号艇のsession_exh_rel_avgが不利(-14.7pt) / [2着]2号艇のwin_rate_rank_2to6が有利(+18.0pt)、3号艇のモーター出走数が有利(+7.0pt) / [候補2]3号艇のwin_rate_rank_2to6が不利(-5.9pt)、3号艇のcumulative_diff_rank_2to6が不利(-4.9pt) / [除外]6号艇のwin_rate_rank_2to6が不利(-6.1pt)、天気-3.6pt
74,09,津,6,13:01,0.6658029702580515,2,0.3738502819688141,4,0.30050234604065096,0.4489859827300247,0.2045950147102064,0.46975761329925864,0.33875363024043365,0.45521747190079487,1-2,1-4,0.24891062816664647,0.07469125993905242,0.20007535456337822,0.13621996849404516,0.005905773666746592,True,True,False,False,一般,2026-08-19,1号艇のdominance,0.1793,1号艇のsession_exh_rel_avg,0.1475,5号艇の節間得点,-0.0925,1号艇の勝率順位,0.0897,5号艇のsession_exh_rel_avg,-0.0808,2号艇のwin_rate_rank_2to6,0.1746,2号艇のモーター2連率,0.0658,2号艇のclass_rank_2to6,-0.0627,2号艇の全国勝率,0.0566,3号艇の全国勝率,-0.0493,win_rate_gap_top2_2to6,-0.2268,4号艇の節間得点,0.1213,4号艇のclass_rank_2to6,0.1111,4号艇のwin_rate_rank_2to6,-0.0962,4号艇のモーター2連率,0.0638,-0.049,南東 2.0m/s,[逃げ]1号艇のdominanceが有利(+17.9pt)、1号艇のsession_exh_rel_avgが有利(+14.7pt) / [2着]2号艇のwin_rate_rank_2to6が有利(+17.5pt)、2号艇のモーター2連率が有利(+6.6pt) / [候補2]win_rate_gap_top2_2to6が不利(-22.7pt)、4号艇の節間得点が有利(+12.1pt) / [除外]1号艇vs6号艇のcumulative差が不利(-6.1pt)、6号艇のwin_rate_rank_2to6が不利(-5.9pt)、天気-4.9pt
75,13,尼崎,8,13:58,0.7435413219424611,5,0.38678676612525387,4,0.2677443217225115,0.48667091031076465,0.25703032448146,0.39750076336630535,0.3365638919193286,0.45991986622742687,1-5,1-4,0.1911126672442445,0.04860499060655718,0.19907896691614382,0.2875919433946208,0.017152738546404804,True,True,False,False,予選,2026-08-19,1号艇のdominance,-0.2198,1号艇のsession_exh_rel_avg,0.1282,風速区分,0.1042,1号艇のモーター2連率,0.09,1号艇の級別順位,-0.0882,5号艇のwin_rate_rank_2to6,0.2479,5号艇のclass_rank_2to6,0.1655,3号艇のracer_avgfin_te,0.1368,3号艇の一般戦2連率,0.0771,avg_456_win_rate,0.0643,4号艇のclass_rank_2to6,0.1432,4号艇の全国勝率,0.0987,4号艇の節間得点,-0.0936,4号艇のwin_rate_rank_2to6,0.0844,4号艇の年齢,0.0698,0.1349,南西 1.9m/s,[逃げ]1号艇のdominanceが不利(-22.0pt)、1号艇のsession_exh_rel_avgが有利(+12.8pt) / [2着]5号艇のwin_rate_rank_2to6が有利(+24.8pt)、5号艇のclass_rank_2to6が有利(+16.6pt) / [候補2]4号艇のclass_rank_2to6が有利(+14.3pt)、4号艇の全国勝率が有利(+9.9pt) / [除外]6号艇のwin_rate_rank_2to6が不利(-7.9pt)、6号艇のvs_avg456_diffが不利(-6.9pt)、天気+13.5pt
76,18,徳山,3,09:40,0.6595714669346746,3,0.39857028319441856,2,0.24714729246955014,0.4258968886061856,0.18300723152152104,0.46271034414244766,0.33236623600924836,0.4369409252670642,1-3,1-2,0.16301130224307425,0.2628855863631113,0.062249797644511426,0.05071844972934069,0.12070634815430326,False,False,True,False,決めトク一般,2026-08-19,場特性:in_escape_diff,0.2199,1号艇のsession_exh_rel_avg,0.1181,1号艇の級別順位,-0.0901,1号艇のdominance,-0.0866,風速区分,0.0786,3号艇のsession_exh_rel_avg,0.1089,5号艇のsession_exh_rel_avg,-0.0822,3号艇のwin_rate_rank_2to6,0.0618,5号艇のsession_exh_rel_last,-0.0545,場特性:1x_diff_course3,0.0475,6号艇の当地2連率,-0.0819,2号艇のclass_rank_2to6,-0.0725,2号艇の節間得点,-0.0534,6号艇のsession_exh_rel_last,-0.0478,2号艇のcumulative_diff_rank_2to6,-0.0406,0.06,南 1.8m/s,[逃げ]場特性:in_escape_diffが有利(+22.0pt)、1号艇のsession_exh_rel_avgが有利(+11.8pt) / [2着]3号艇のsession_exh_rel_avgが有利(+10.9pt)、5号艇のsession_exh_rel_avgが不利(-8.2pt) / [候補2]6号艇の当地2連率が不利(-8.2pt)、2号艇のclass_rank_2to6が不利(-7.2pt) / [除外]4号艇のwin_rate_rank_2to6が不利(-5.0pt)、天気+6.0pt
77,15,丸亀,6,17:28,0.5453100578680994,3,0.5615309219612181,2,0.16106142123516481,0.39403687248346514,0.13798532221199253,0.5846070209843904,0.32879130670782103,0.45120791703374274,1-3,1-2,0.08782841293406606,0.30620845954939907,0.06689298162914335,0.07524478404036998,0.009135404987193462,True,False,False,False,かけうどん６,2026-08-19,1号艇のracer_win_te,-0.1007,1号艇の級別順位,-0.0827,1号艇の節間得点,0.0795,3号艇のsession_exh_rel_avg,-0.0747,1号艇のdominance,-0.069,3号艇のwin_rate_rank_2to6,0.1614,3号艇のsession_exh_rel_avg,0.1182,3号艇の当地勝率,0.0718,3号艇の全国勝率,0.0464,3号艇の節間得点,0.0433,2号艇のwin_rate_rank_2to6,-0.1454,2号艇のsession_avg_finish,-0.086,2号艇の節間得点,-0.0702,2号艇のsession_exh_rel_avg,-0.0628,2号艇のracer_2nd_te,-0.0619,0.0612,南東 1.9m/s,[逃げ]1号艇のracer_win_teが不利(-10.1pt)、1号艇の級別順位が不利(-8.3pt) / [2着]3号艇のwin_rate_rank_2to6が有利(+16.1pt)、3号艇のsession_exh_rel_avgが有利(+11.8pt) / [候補2]2号艇のwin_rate_rank_2to6が不利(-14.5pt)、2号艇のsession_avg_finishが不利(-8.6pt) / [除外]6号艇のwin_rate_rank_2to6が不利(-7.8pt)、天気+6.1pt
78,09,津,3,11:31,0.5141162763394421,2,0.39641497420161104,4,0.3615412553966735,0.38967763438935327,0.1322103283438043,0.6257459012544802,0.32785434480032927,0.4604981144488913,1-2,1-4,0.2038033904217283,0.06797148170173167,0.185874243967625,0.048852850801654364,0.007614304658621837,True,True,False,False,一般,2026-08-19,1号艇のracer_win_te,-0.2157,1号艇の年齢,0.1317,1号艇のsession_exh_rel_avg,0.1055,1号艇の級別順位,-0.0907,1号艇のracer_avgfin_te,0.0758,2号艇のwin_rate_rank_2to6,0.2008,2号艇のsession_exh_rel_avg,-0.1473,3号艇のモーター出走数,0.0677,2号艇の全国勝率,0.0462,ST差分(3-2),-0.0405,4号艇のclass_rank_2to6,0.166,4号艇のwin_rate_rank_2to6,-0.0932,4号艇の年齢,-0.0741,4号艇のsession_exh_rel_avg,-0.0523,4号艇の節間得点,0.0507,-0.0201,東 2.2m/s,[逃げ]1号艇のracer_win_teが不利(-21.6pt)、1号艇の年齢が有利(+13.2pt) / [2着]2号艇のwin_rate_rank_2to6が有利(+20.1pt)、2号艇のsession_exh_rel_avgが不利(-14.7pt) / [候補2]4号艇のclass_rank_2to6が有利(+16.6pt)、4号艇のwin_rate_rank_2to6が不利(-9.3pt) / [除外]6号艇のvs_avg456_diffが不利(-11.1pt)、6号艇のwin_rate_rank_2to6が不利(-8.5pt)、天気-2.0pt
79,17,宮島,4,12:17,0.7831436835582719,2,0.31423544379413454,3,0.2867719092667948,0.470675112321743,0.2570756984825491,0.34393165457838026,0.32547615241158584,0.4326520749987342,1-2,1-3,0.24609150295750684,0.22458360936423621,0.20132720946293914,0.06513004931624652,0.046011321209655905,True,True,False,False,一般戦,2026-08-19,1号艇のsession_exh_rel_avg,0.163,1号艇のdominance,0.1196,1号艇の級別順位,0.0834,風速区分,0.0767,1号艇のvs_max234_diff,0.0691,2号艇のsession_exh_rel_avg,-0.0687,2号艇のclass_rank_2to6,-0.0623,2号艇の全国勝率,0.0514,2号艇の節間得点,-0.0476,2号艇のモーター2連率,-0.041,3号艇のwin_rate_rank_2to6,-0.0888,3号艇のcumulative_diff_rank_2to6,-0.0527,場特性:1x_diff_course3,0.0371,3号艇の当地勝率,-0.037,3号艇の全国勝率,-0.0367,0.0789,南東 1.9m/s,[逃げ]1号艇のsession_exh_rel_avgが有利(+16.3pt)、1号艇のdominanceが有利(+12.0pt) / [2着]2号艇のsession_exh_rel_avgが不利(-6.9pt)、2号艇のclass_rank_2to6が不利(-6.2pt) / [候補2]3号艇のwin_rate_rank_2to6が不利(-8.9pt)、3号艇のcumulative_diff_rank_2to6が不利(-5.3pt) / [除外]6号艇のsession_exh_rel_avgが不利(-6.6pt)、天気+7.9pt
80,11,琵琶湖,7,13:36,0.505383550447142,4,0.47253846267756777,3,0.28856807981826815,0.3846507267150941,0.1472072061398822,0.6138993363559537,0.3167026961318089,0.45342530960735195,1-4,1-3,0.07439610049037798,0.14583756072427062,0.2388131659908235,0.045955889562062646,0.0003808281491746955,True,True,False,False,一般,2026-08-19,1号艇の級別順位,-0.1044,6号艇の枠別出走数,-0.1037,1号艇vs4号艇のcumulative差,-0.1014,4号艇のsession_exh_rel_avg,-0.1,1号艇のsession_exh_rel_avg,0.0859,4号艇のwin_rate_rank_2to6,0.186,4号艇のclass_rank_2to6,0.1105,4号艇の全国勝率,0.1014,4号艇のcumulative_diff_rank_2to6,0.086,4号艇のsession_exh_rel_avg,0.0781,3号艇のsession_exh_rel_avg,-0.1551,3号艇の当地勝率,0.1142,3号艇のwin_rate_rank_2to6,0.0583,3号艇の節間得点,0.0514,class_std_1to6,-0.0494,0.0313,東 0.6m/s,[逃げ]1号艇の級別順位が不利(-10.4pt)、6号艇の枠別出走数が不利(-10.4pt) / [2着]4号艇のwin_rate_rank_2to6が有利(+18.6pt)、4号艇のclass_rank_2to6が有利(+11.0pt) / [候補2]3号艇のsession_exh_rel_avgが不利(-15.5pt)、3号艇の当地勝率が有利(+11.4pt) / [除外]6号艇の直近平均着順が不利(-23.8pt)、6号艇の全国勝率が不利(-14.1pt)、天気+3.1pt
81,17,宮島,1,10:52,0.6794173040156841,3,0.30993642927351017,2,0.29084035188433666,0.40817814096948496,0.19196257858954846,0.40881420256829837,0.31415222681221633,0.408368959449129,1-3,1-2,0.1976019677762289,0.21057617319325603,0.1304226976172099,0.10746899368288648,0.03334746415302268,False,False,True,False,ファーストＢ,2026-08-19,1号艇のdominance,0.1447,1号艇のvs_max234_frame_diff,0.1189,second_best_frame_win_rate,-0.0726,1号艇のvs_max234_diff,0.064,1号艇の節間得点,0.0629,3号艇のsession_exh_rel_avg,-0.2091,3号艇のwin_rate_rank_2to6,0.1789,4号艇のsession_rank_diff_last,-0.165,3号艇のsession_exh_rel_last,-0.062,3号艇の年齢,-0.0619,2号艇のwin_rate_rank_2to6,-0.1653,2号艇の全国勝率,-0.0836,2号艇の節間得点,-0.0615,2号艇のsession_exh_rel_avg,-0.0574,1号艇のframe_dominance,-0.0552,0.0292,南東 2.0m/s,[逃げ]1号艇のdominanceが有利(+14.5pt)、1号艇のvs_max234_frame_diffが有利(+11.9pt) / [2着]3号艇のsession_exh_rel_avgが不利(-20.9pt)、3号艇のwin_rate_rank_2to6が有利(+17.9pt) / [候補2]2号艇のwin_rate_rank_2to6が不利(-16.5pt)、2号艇の全国勝率が不利(-8.4pt) / [除外]1号艇vs6号艇のcumulative差が不利(-6.2pt)、4号艇のracer_avgfin_teが不利(-5.8pt)、天気+2.9pt
82,11,琵琶湖,10,15:13,0.6593577254231007,3,0.38140571191906386,2,0.29346408044498434,0.44498061124991906,0.24625816666168354,0.42861162570236466,0.3134844798182386,0.44006991558565267,1-3,1-2,0.1934978085755867,0.2514828026743323,0.1623722246369105,0.044240061401020804,0.007764841030819741,True,False,False,False,準優勝戦,2026-08-19,4号艇のsession_exh_rel_last,-0.2206,1号艇のdominance,-0.1471,1号艇の節間得点,0.1229,1号艇のsession_exh_rel_avg,0.1023,1号艇の級別順位,-0.0962,3号艇のwin_rate_rank_2to6,0.1511,3号艇の全国勝率,0.1318,3号艇の女子戦勝率,0.1077,3号艇の当地勝率,0.0813,4号艇のsession_exh_rel_last,-0.0659,2号艇の全国勝率,0.0518,2号艇のsession_exh_rel_avg,-0.0489,2号艇の節間得点,0.0448,レース時間帯,-0.0436,2号艇のモーター2連率,-0.0422,0.1483,南 0.7m/s,[逃げ]4号艇のsession_exh_rel_lastが不利(-22.1pt)、1号艇のdominanceが不利(-14.7pt) / [2着]3号艇のwin_rate_rank_2to6が有利(+15.1pt)、3号艇の全国勝率が有利(+13.2pt) / [候補2]2号艇の全国勝率が有利(+5.2pt)、2号艇のsession_exh_rel_avgが不利(-4.9pt) / [除外]4号艇の女子戦2連率が不利(-12.2pt)、6号艇のwin_rate_rank_2to6が不利(-7.8pt)、天気+14.8pt
83,16,児島,12,16:50,0.7150101340544093,4,0.3221673226955903,2,0.24637776718940932,0.4065155009346498,0.19798443914229702,0.3705606507427026,0.3099350087884139,0.39572904587706564,1-4,1-2,0.1761626003461256,0.13449810320023578,0.23035290058852415,0.14156088037182082,0.03243566153399435,True,False,False,False,クラリスＤＲ,2026-08-19,1号艇のdominance,0.1973,6号艇の枠別出走数,-0.188,1号艇のracer_win_te,0.1656,1号艇のsession_exh_rel_avg,0.1488,風速区分,0.0995,4号艇のwin_rate_rank_2to6,0.1612,4号艇の全国勝率,0.1144,4号艇のclass_rank_2to6,0.0802,3号艇の年齢,0.0742,4号艇のsession_exh_rel_avg,0.0632,2号艇のsession_exh_rel_avg,0.1201,2号艇の全国勝率,0.0593,2号艇の女子戦比率,-0.0576,2号艇のモーター2連率,-0.0461,avg_entry_count,-0.0392,0.1678,北東 1.9m/s,[逃げ]1号艇のdominanceが有利(+19.7pt)、6号艇の枠別出走数が不利(-18.8pt) / [2着]4号艇のwin_rate_rank_2to6が有利(+16.1pt)、4号艇の全国勝率が有利(+11.4pt) / [候補2]2号艇のsession_exh_rel_avgが有利(+12.0pt)、2号艇の全国勝率が有利(+5.9pt)、天気+16.8pt
84,16,児島,11,16:10,0.622755023637537,3,0.41505428037116743,2,0.24141665326274425,0.4088205717925426,0.2020761576551549,0.4543947759787567,0.3096851034106781,0.4224928330484068,1-3,1-2,0.15034343360913538,0.2584771381834073,0.05178895458619579,0.12584394233711865,0.036301567681367775,True,False,False,False,予選特選,2026-08-19,1号艇のsession_exh_rel_avg,0.1217,1号艇の級別順位,0.0802,1号艇のsession_avg_finish,-0.0655,1号艇の節間得点,-0.0601,レース時間帯,0.0598,3号艇のモーター2連率,0.1282,3号艇のsession_exh_rel_avg,0.096,3号艇のwin_rate_rank_2to6,0.067,3号艇の節間得点,0.0416,3号艇の体重,-0.0362,2号艇のsession_exh_rel_avg,0.1489,2号艇の女子戦比率,-0.0834,2号艇のwin_rate_rank_2to6,-0.0473,6号艇のsession_exh_rel_last,-0.0412,ST差分(4-3),0.0396,0.1504,北東 2.7m/s,[逃げ]1号艇のsession_exh_rel_avgが有利(+12.2pt)、1号艇の級別順位が有利(+8.0pt) / [2着]3号艇のモーター2連率が有利(+12.8pt)、3号艇のsession_exh_rel_avgが有利(+9.6pt) / [候補2]2号艇のsession_exh_rel_avgが有利(+14.9pt)、2号艇の女子戦比率が不利(-8.3pt) / [除外]6号艇のwin_rate_rank_2to6が不利(-7.0pt)、4号艇のwin_rate_rank_2to6が不利(-5.3pt)、天気+15.0pt
85,18,徳山,2,09:14,0.6613295841273639,4,0.3695376540882506,5,0.26332065203647526,0.41852792040101294,0.22936937692841156,0.4034889291963144,0.30333093440558395,0.41401622303960334,1-4,1-5,0.09001932109122442,0.15168875465561898,0.24438618309758442,0.17414173730342847,0.0010935998357976201,False,False,True,False,狙いトク一般,2026-08-19,場特性:in_escape_diff,0.2138,1号艇のdominance,0.1431,5号艇の節間得点,-0.0993,1号艇の級別順位,0.0892,6号艇の枠別出走数,-0.0824,4号艇のwin_rate_rank_2to6,0.0946,4号艇のcumulative_diff_rank_2to6,0.0919,4号艇の節間得点,0.091,4号艇のclass_rank_2to6,0.0902,4号艇のsession_exh_rel_avg,0.0757,5号艇のwin_rate_rank_2to6,0.2142,5号艇のclass_rank_2to6,0.1492,6号艇の直近平均着順,0.1084,6号艇のvs_avg456_diff,-0.1077,5号艇の節間得点,0.0807,0.0616,南 1.8m/s,[逃げ]場特性:in_escape_diffが有利(+21.4pt)、1号艇のdominanceが有利(+14.3pt) / [2着]4号艇のwin_rate_rank_2to6が有利(+9.5pt)、4号艇のcumulative_diff_rank_2to6が有利(+9.2pt) / [候補2]5号艇のwin_rate_rank_2to6が有利(+21.4pt)、5号艇のclass_rank_2to6が有利(+14.9pt) / [除外]6号艇の直近平均着順が不利(-28.7pt)、6号艇の全国勝率が不利(-12.5pt)、天気+6.2pt
86,10,三国,9,12:25,0.6258329728438035,3,0.314196728075446,2,0.3073119202539947,0.3889606050321479,0.1954451736524263,0.42606347467701444,0.29773603743879473,0.40009146592560785,1-3,1-2,0.19232593264289535,0.1966346723892525,0.050377303334173666,0.12231603405487136,0.06417902342838207,True,True,False,False,一般,2026-08-19,風速区分,0.0885,1号艇の勝率順位,-0.0753,1号艇vs4号艇のcumulative差,0.0598,1号艇のsession_exh_rel_avg,0.0494,1号艇のモーター2連率順位,0.0436,3号艇のwin_rate_rank_2to6,-0.1098,3号艇のsession_exh_rel_avg,0.0748,3号艇のcumulative_diff_rank_2to6,0.0516,5号艇のracer_win_te,0.0458,風向(度),0.0454,2号艇のclass_rank_2to6,-0.0607,2号艇の全国勝率,0.058,2号艇のsession_exh_rel_avg,-0.0463,2号艇のracer_avgfin_te,-0.0392,2号艇の当地勝率,-0.0371,0.0978,北 1.7m/s,[逃げ]風速区分が有利(+8.8pt)、1号艇の勝率順位が不利(-7.5pt) / [2着]3号艇のwin_rate_rank_2to6が不利(-11.0pt)、3号艇のsession_exh_rel_avgが有利(+7.5pt) / [候補2]2号艇のclass_rank_2to6が不利(-6.1pt)、2号艇の全国勝率が有利(+5.8pt)、天気+9.8pt
87,20,若松,6,17:37,0.6285168729392177,2,0.4222097473718628,5,0.17501356687507932,0.37536492991688375,0.1741392431363255,0.4230840711106166,0.2969260121621085,0.3896806722750036,1-2,1-5,0.26536595014262027,0.06311529020451342,0.0805872026071829,0.1099989797742635,0.10944945255204543,True,False,False,False,一般戦,2026-08-19,6号艇の枠別出走数,-0.1898,1号艇のsession_exh_rel_avg,0.1488,5号艇のモーター2連率,0.0881,1号艇の勝率順位,-0.0868,1号艇のvs_max234_diff,0.0741,2号艇のclass_rank_2to6,0.0991,6号艇の直近1着率,0.0643,2号艇の全国勝率,0.0515,3号艇の全国勝率,-0.0464,4号艇の節間得点,0.0373,5号艇のwin_rate_rank_2to6,0.1517,6号艇の直近平均着順,-0.0884,5号艇のモーター2連率,0.0856,5号艇の年齢,0.0706,5号艇のsession_exh_rel_avg,0.0636,0.0941,東 1.6m/s,[逃げ]6号艇の枠別出走数が不利(-19.0pt)、1号艇のsession_exh_rel_avgが有利(+14.9pt) / [2着]2号艇のclass_rank_2to6が有利(+9.9pt)、6号艇の直近1着率が有利(+6.4pt) / [候補2]5号艇のwin_rate_rank_2to6が有利(+15.2pt)、6号艇の直近平均着順が不利(-8.8pt)、天気+9.4pt
88,15,丸亀,10,19:25,0.6768933643995279,2,0.35107082711213455,4,0.19086468613285995,0.36683255284798927,0.15951360859839653,0.38242190464659803,0.29661481174061555,0.3715093583875719,1-2,1-4,0.23763751330645774,0.09772708575449306,0.12919503954153147,0.10797370319167808,0.1043600024323732,True,False,False,False,予選,2026-08-19,1号艇のdominance,-0.1447,1号艇のsession_exh_rel_avg,-0.1374,1号艇のracer_win_te,0.108,1号艇のsession_exh_rel_last,-0.1027,1号艇の節間得点,0.0997,2号艇のsession_exh_rel_avg,-0.0702,3号艇のracer_win_te,0.0583,2号艇の全国勝率,0.0465,3号艇の全国勝率,-0.0426,2号艇の節間得点,0.0287,4号艇のwin_rate_rank_2to6,-0.1047,4号艇のsession_exh_rel_avg,0.0977,4号艇のclass_rank_2to6,-0.0635,4号艇の節間得点,-0.0546,6号艇のモーター2連率,0.0487,0.136,南東 1.9m/s,[逃げ]1号艇のdominanceが不利(-14.5pt)、1号艇のsession_exh_rel_avgが不利(-13.7pt) / [2着]2号艇のsession_exh_rel_avgが不利(-7.0pt)、3号艇のracer_win_teが有利(+5.8pt) / [候補2]4号艇のwin_rate_rank_2to6が不利(-10.5pt)、4号艇のsession_exh_rel_avgが有利(+9.8pt)、天気+13.6pt
89,11,琵琶湖,6,13:08,0.6187317368956078,2,0.29550925903071656,5,0.28713291654686013,0.3604992052837497,0.16585217494042306,0.41679000063715366,0.28875171257102494,0.37738644388977083,1-2,1-5,0.18284095710880932,0.09558792531651909,0.06002659511167084,0.17765824817494036,0.10261800426880216,True,True,False,False,一般,2026-08-19,1号艇のsession_exh_rel_avg,0.1261,5号艇の節間得点,-0.106,風速区分,0.0952,節間得点の分散(2-6号艇),-0.0812,1号艇の勝率順位,-0.0808,2号艇のclass_rank_2to6,-0.0667,4号艇のモーター出走数,-0.0476,2号艇のwin_rate_rank_2to6,-0.047,2号艇のracer_avgfin_te,-0.0383,3号艇の全国勝率,-0.036,5号艇のwin_rate_rank_2to6,0.2412,5号艇のclass_rank_2to6,0.1247,5号艇の年齢,-0.1066,5号艇の節間得点,0.0727,4号艇の節間得点,0.0561,0.0564,東 0.8m/s,[逃げ]1号艇のsession_exh_rel_avgが有利(+12.6pt)、5号艇の節間得点が不利(-10.6pt) / [2着]2号艇のclass_rank_2to6が不利(-6.7pt)、4号艇のモーター出走数が不利(-4.8pt) / [候補2]5号艇のwin_rate_rank_2to6が有利(+24.1pt)、5号艇のclass_rank_2to6が有利(+12.5pt)、天気+5.6pt
90,16,児島,1,10:41,0.5849050603005681,2,0.379433316682641,3,0.23042344077288923,0.3567083034942359,0.17316531628030116,0.43669144117522907,0.2825848960609691,0.3807032447985338,1-2,1-3,0.2219324669743047,0.13477583651993116,0.1012852697608965,0.038186124912839264,0.08872537302730225,False,False,True,False,予選,2026-08-19,1号艇のracer_win_te,-0.2281,1号艇のdominance,0.1471,1号艇の年齢,0.1228,1号艇の全国勝率,-0.0814,1号艇の級別順位,0.0783,3号艇の女子戦比率,0.1145,2号艇のsession_exh_rel_avg,-0.1084,second_best_win_rate,0.0527,2号艇の全国勝率,-0.0524,4号艇のsession_rank_diff_last,0.0422,3号艇のwin_rate_rank_2to6,-0.0991,3号艇のsession_exh_rel_avg,0.0828,3号艇の全国勝率,-0.0441,5号艇の直近平均着順,0.0407,3号艇のracer_2nd_te,-0.0399,0.0689,南東 1.4m/s,[逃げ]1号艇のracer_win_teが不利(-22.8pt)、1号艇のdominanceが有利(+14.7pt) / [2着]3号艇の女子戦比率が有利(+11.5pt)、2号艇のsession_exh_rel_avgが不利(-10.8pt) / [候補2]3号艇のwin_rate_rank_2to6が不利(-9.9pt)、3号艇のsession_exh_rel_avgが有利(+8.3pt)、天気+6.9pt
91,10,三国,4,09:50,0.5815889892261876,3,0.36921506426526063,4,0.3168824835231877,0.3990267793288496,0.2504740132193781,0.4356235345690702,0.2790917727682494,0.41000580590091573,1-3,1-4,0.03528923419785041,0.21473141603311482,0.1842953632957348,0.1456729281756849,0.0016000386543337823,False,False,True,False,みくにあさ推,2026-08-19,1号艇のsession_exh_rel_avg,0.1352,1号艇のdominance,0.1106,4号艇のsession_exh_rel_avg,-0.0808,1号艇の級別順位,0.0765,風速区分,-0.074,3号艇のwin_rate_rank_2to6,-0.082,6号艇の直近平均着順,0.058,2号艇の直近複勝率,0.0546,3号艇のsession_exh_rel_avg,0.0473,2号艇の全国2連率,0.0465,4号艇のwin_rate_rank_2to6,0.1078,4号艇のclass_rank_2to6,0.1018,2号艇のsession_exh_rel_delta,0.094,4号艇のsession_exh_rel_avg,0.0616,3号艇の年齢,0.054,-0.1423,南西 6.3m/s,[逃げ]1号艇のsession_exh_rel_avgが有利(+13.5pt)、1号艇のdominanceが有利(+11.1pt) / [2着]3号艇のwin_rate_rank_2to6が不利(-8.2pt)、6号艇の直近平均着順が有利(+5.8pt) / [候補2]4号艇のwin_rate_rank_2to6が有利(+10.8pt)、4号艇のclass_rank_2to6が有利(+10.2pt) / [除外]6号艇の直近平均着順が不利(-15.0pt)、6号艇のracer_win_teが不利(-13.7pt)、天気-14.2pt
92,11,琵琶湖,3,11:30,0.6202623168219308,4,0.3554883240885186,3,0.26236337339277355,0.383230125332109,0.2358154972885089,0.3820362001927833,0.27478420223475436,0.38287194779031125,1-4,1-3,0.14626746669068627,0.16273411382981903,0.22049601150228992,0.04535783931231508,0.04540689010813485,True,True,False,False,一般,2026-08-19,1号艇の級別順位,-0.0882,風速区分,0.0798,1号艇のモーター2連率,0.0718,ST差分(4-3),-0.0717,1号艇の節間得点,0.0701,4号艇のwin_rate_rank_2to6,0.1707,4号艇のclass_rank_2to6,0.1196,4号艇の全国勝率,0.0804,4号艇のsession_rank_diff_last,-0.0614,4号艇のcumulative_diff_rank_2to6,0.0605,3号艇のsession_exh_rel_avg,-0.1725,3号艇のwin_rate_rank_2to6,-0.064,3号艇のcumulative_diff_rank_2to6,-0.0407,3号艇のsession_exh_rel_last,-0.0399,3号艇の節間得点,-0.0398,0.0477,東 0.7m/s,[逃げ]1号艇の級別順位が不利(-8.8pt)、風速区分が有利(+8.0pt) / [2着]4号艇のwin_rate_rank_2to6が有利(+17.1pt)、4号艇のclass_rank_2to6が有利(+12.0pt) / [候補2]3号艇のsession_exh_rel_avgが不利(-17.2pt)、3号艇のwin_rate_rank_2to6が不利(-6.4pt) / [除外]4号艇の一般戦2連率が不利(-6.6pt)、2号艇のwin_rate_rank_2to6が不利(-5.0pt)、天気+4.8pt
93,19,下関,7,18:13,0.536829862396434,2,0.3735426442651085,3,0.31792325705649566,0.371199544658303,0.21950757648470776,0.4719583248368965,0.2734222097300977,0.40142717871188105,1-2,1-3,0.2005288463200383,0.1706706983382647,0.0467838218004374,0.11783822207926038,0.0010082757332898762,True,False,False,False,ふく～る特賞,2026-08-19,1号艇の級別順位,-0.1021,1号艇の年齢,-0.0985,6号艇の枠別出走数,-0.0877,場特性:in_escape_diff,0.074,ST差分(6-5),0.0739,2号艇の全国勝率,0.0655,1号艇の年齢,0.0373,1号艇vs5号艇の直近複勝率差,0.0312,2号艇のsession_exh_rel_avg,-0.0307,2号艇のwin_rate_rank_2to6,-0.0295,3号艇のwin_rate_rank_2to6,0.0773,3号艇の当地勝率,-0.0628,3号艇のracer_2nd_te,0.046,5号艇の直近1着率,0.0431,3号艇のclass_rank_2to6,0.0418,0.0449,東 2.5m/s,[逃げ]1号艇の級別順位が不利(-10.2pt)、1号艇の年齢が不利(-9.9pt) / [2着]2号艇の全国勝率が有利(+6.6pt)、1号艇の年齢が有利(+3.7pt) / [候補2]3号艇のwin_rate_rank_2to6が有利(+7.7pt)、3号艇の当地勝率が不利(-6.3pt) / [除外]6号艇の直近平均着順が不利(-26.3pt)、6号艇の全国勝率が不利(-16.4pt)、天気+4.5pt
94,19,下関,1,15:25,0.5639541926231568,2,0.3962562557131688,4,0.2606097611644854,0.3704423442098264,0.2437423053087566,0.4131237115688976,0.2620913790558068,0.38324675441754774,1-2,1-4,0.2234703767625953,0.13745949499850682,0.1469719674472311,0.04124106113088559,0.014811278628132996,True,False,False,False,予選,2026-08-19,1号艇の級別順位,0.0885,場特性:in_escape_diff,0.08,1号艇のdominance,-0.0723,2号艇の平均ST,-0.0643,1号艇の全国勝率,-0.0632,3号艇のracer_2nd_te,0.0717,2号艇のwin_rate_rank_2to6,0.0662,2号艇のclass_rank_2to6,-0.0536,2号艇のモーター2連率,-0.0477,2号艇の全国勝率,-0.046,4号艇のwin_rate_rank_2to6,0.1759,4号艇のモーター2連率,0.1245,6号艇の年齢,-0.1242,4号艇のclass_rank_2to6,-0.0927,4号艇のcumulative_diff_rank_2to6,0.0529,0.0299,東 2.5m/s,[逃げ]1号艇の級別順位が有利(+8.8pt)、場特性:in_escape_diffが有利(+8.0pt) / [2着]3号艇のracer_2nd_teが有利(+7.2pt)、2号艇のwin_rate_rank_2to6が有利(+6.6pt) / [候補2]4号艇のwin_rate_rank_2to6が有利(+17.6pt)、4号艇のモーター2連率が有利(+12.5pt) / [除外]6号艇のrecent_race_countが不利(-10.5pt)、6号艇のwin_rate_rank_2to6が不利(-6.8pt)、天気+3.0pt
95,15,丸亀,7,17:55,0.39277186637748013,2,0.6122436025411939,4,0.13472968148134845,0.2933900908996495,0.09448041947938801,0.6524928645431544,0.2601265482684959,0.40112092299270097,1-2,1-4,0.24047206244777689,0.03710925069504646,0.05291802845187265,0.03670526622119895,0.025567258561585215,True,False,False,False,ざるうどん７,2026-08-19,1号艇の年齢,-0.221,ST差分(4-3),-0.0934,1号艇の級別順位,-0.0852,1号艇の勝率順位,-0.0825,1号艇の節間得点,-0.0785,2号艇のwin_rate_rank_2to6,0.1987,4号艇の女子戦比率,0.0881,2号艇のclass_rank_2to6,0.0808,3号艇のracer_2nd_te,0.0628,2号艇の全国勝率,0.058,1号艇の女子戦2連率,-0.149,4号艇のwin_rate_rank_2to6,-0.1075,4号艇のsession_exh_rel_avg,0.0962,4号艇のclass_rank_2to6,-0.0653,4号艇の節間得点,0.0552,0.0876,南東 1.9m/s,[逃げ]1号艇の年齢が不利(-22.1pt)、ST差分(4-3)が不利(-9.3pt) / [2着]2号艇のwin_rate_rank_2to6が有利(+19.9pt)、4号艇の女子戦比率が有利(+8.8pt) / [候補2]1号艇の女子戦2連率が不利(-14.9pt)、4号艇のwin_rate_rank_2to6が不利(-10.7pt)、天気+8.8pt
96,17,宮島,10,15:19,0.6034559226772334,2,0.3379999070759705,4,0.2406386712919266,0.34918287720564195,0.22603676149545396,0.3526018168724432,0.2544690771257683,0.35020855910568227,1-2,1-4,0.2039680457893489,0.10159638106622892,0.14521483141629302,0.1364032224672129,0.016273429573882888,True,False,False,False,特別選抜戦,2026-08-19,1号艇の節間得点,0.0937,1号艇の級別順位,-0.0844,風速区分,0.0741,1号艇の年齢,0.0731,レース時間帯,0.07,6号艇のsession_rank_diff_last,-0.1112,2号艇のsession_exh_rel_avg,0.0781,2号艇の全国勝率,0.0564,2号艇のclass_rank_2to6,-0.0502,2号艇の節間得点,0.0388,4号艇のclass_rank_2to6,0.1281,4号艇のwin_rate_rank_2to6,0.0883,4号艇の節間得点,0.0536,4号艇のsession_exh_rel_avg,0.0509,4号艇のモーター2連率,0.0457,0.1163,南東 0.2m/s,[逃げ]1号艇の節間得点が有利(+9.4pt)、1号艇の級別順位が不利(-8.4pt) / [2着]6号艇のsession_rank_diff_lastが不利(-11.1pt)、2号艇のsession_exh_rel_avgが有利(+7.8pt) / [候補2]4号艇のclass_rank_2to6が有利(+12.8pt)、4号艇のwin_rate_rank_2to6が有利(+8.8pt) / [除外]6号艇のwin_rate_rank_2to6が不利(-5.9pt)、天気+11.6pt
97,11,琵琶湖,4,12:04,0.44915155789560557,2,0.35301885882417117,4,0.33949377183605,0.31104312692342245,0.15991939652585438,0.5325932341343668,0.2513529319420923,0.3775081590867057,1-2,1-4,0.15855897040740533,0.053286408324245624,0.15248415651601713,0.0718280460873126,0.012993972377575045,True,True,False,False,一般,2026-08-19,1号艇のdominance,-0.2181,1号艇のsession_exh_rel_avg,0.1277,1号艇の年齢,-0.0775,1号艇のvs_max234_diff,-0.0716,5号艇の節間得点,-0.0654,2号艇のsession_exh_rel_avg,-0.0797,2号艇の全国勝率,0.0608,2号艇のclass_rank_2to6,-0.0596,2号艇の節間得点,0.0541,6号艇のsession_exh_rel_last,0.0531,4号艇のwin_rate_rank_2to6,0.2253,4号艇のclass_rank_2to6,0.2131,4号艇の全国勝率,0.1379,4号艇のsession_exh_rel_avg,-0.0694,4号艇の節間得点,0.0473,0.0133,東 0.9m/s,[逃げ]1号艇のdominanceが不利(-21.8pt)、1号艇のsession_exh_rel_avgが有利(+12.8pt) / [2着]2号艇のsession_exh_rel_avgが不利(-8.0pt)、2号艇の全国勝率が有利(+6.1pt) / [候補2]4号艇のwin_rate_rank_2to6が有利(+22.5pt)、4号艇のclass_rank_2to6が有利(+21.3pt) / [除外]4号艇の女子戦2連率が不利(-12.6pt)、6号艇のvs_avg456_diffが不利(-7.4pt)、天気+1.3pt
98,19,下関,4,16:46,0.491508932161697,3,0.44779837897978114,5,0.19688732992950878,0.3168687843659117,0.1757056973034612,0.4689800116058287,0.2500580035130566,0.36250215253788676,1-3,1-5,0.08636091965635058,0.22009690307609114,0.07855720389408762,0.09677188128982059,0.00972201783679999,True,False,False,False,予選,2026-08-19,1号艇のracer_win_te,-0.1252,1号艇の級別順位,-0.0999,場特性:in_escape_diff,0.0862,1号艇の勝率順位,-0.0749,1号艇の節間得点,-0.0645,3号艇のwin_rate_rank_2to6,0.1706,2号艇のvs_boat3_diff,0.0495,場特性:1x_diff_course3,0.0415,3号艇のclass_rank_2to6,0.0382,3号艇のcumulative_diff_rank_2to6,0.0302,5号艇の年齢,-0.1597,3号艇の枠別平均ST,0.1169,5号艇のclass_rank_2to6,0.1091,5号艇のモーター2連率,0.1022,5号艇のwin_rate_rank_2to6,0.0736,0.0177,東 2.7m/s,[逃げ]1号艇のracer_win_teが不利(-12.5pt)、1号艇の級別順位が不利(-10.0pt) / [2着]3号艇のwin_rate_rank_2to6が有利(+17.1pt)、2号艇のvs_boat3_diffが有利(+5.0pt) / [候補2]5号艇の年齢が不利(-16.0pt)、3号艇の枠別平均STが有利(+11.7pt) / [除外]6号艇のwin_rate_rank_2to6が不利(-8.1pt)、6号艇のvs_avg456_diffが不利(-5.3pt)、天気+1.8pt
99,10,三国,1,08:32,0.48814867503038073,4,0.317048426659405,2,0.3093123666306479,0.3057571913355175,0.1585934413941681,0.4677673518958848,0.24756788908961969,0.35436023950362766,1-4,1-2,0.1509904219412621,0.07741717828507148,0.1547667693942554,0.06502083589318151,0.03995347133510571,False,False,True,False,みくにあさイ,2026-08-19,3号艇の女子戦勝率,0.1174,1号艇のdominance,0.1059,1号艇のracer_win_te,-0.1039,1号艇vs4号艇のcumulative差,-0.0884,6号艇の枠別出走数,-0.0813,1号艇の平均ST,0.1501,4号艇のsession_exh_rel_avg,0.1245,4号艇のwin_rate_rank_2to6,0.1242,1号艇の女子戦2連率,-0.1123,6号艇の節間得点,-0.1003,2号艇のwin_rate_rank_2to6,-0.1269,2号艇の全国勝率,-0.0671,3号艇の全国勝率,-0.0602,2号艇のsession_exh_rel_avg,-0.0517,1号艇vs2号艇のplace_rate差,-0.0484,-0.1249,南西 4.5m/s,[逃げ]3号艇の女子戦勝率が有利(+11.7pt)、1号艇のdominanceが有利(+10.6pt) / [2着]1号艇の平均STが有利(+15.0pt)、4号艇のsession_exh_rel_avgが有利(+12.5pt) / [候補2]2号艇のwin_rate_rank_2to6が不利(-12.7pt)、2号艇の全国勝率が不利(-6.7pt)、天気-12.5pt
100,05,多摩川,5,13:33,0.5664059416928959,4,0.30392736334870685,5,0.2843824292107904,0.33322216206181426,0.21839795935588457,0.36991183320361265,0.24589211381406698,0.3442290634043538,1-4,1-5,0.0733076296939093,0.12370190183277661,0.17214626444376324,0.16107589761805105,0.036174260764555086,True,True,False,False,一般,2026-08-19,1号艇の級別順位,-0.0946,5号艇の節間得点,-0.0912,1号艇のracer_win_te,0.0787,1号艇の勝率順位,-0.0783,2号艇の体重,0.0778,4号艇の一般戦2連率,0.157,4号艇のsession_rank_diff_delta,0.1316,4号艇のclass_rank_2to6,0.1302,4号艇の年齢,-0.0939,6号艇の節間得点,-0.0936,5号艇のwin_rate_rank_2to6,0.1521,5号艇のclass_rank_2to6,0.1364,5号艇のsession_exh_rel_avg,0.0793,1号艇vs5号艇のlocal_win_rate差,0.0782,3号艇のsession_rank_diff_last,0.0678,0.0135,南東 1.8m/s,[逃げ]1号艇の級別順位が不利(-9.5pt)、5号艇の節間得点が不利(-9.1pt) / [2着]4号艇の一般戦2連率が有利(+15.7pt)、4号艇のsession_rank_diff_deltaが有利(+13.2pt) / [候補2]5号艇のwin_rate_rank_2to6が有利(+15.2pt)、5号艇のclass_rank_2to6が有利(+13.6pt) / [除外]2号艇のwin_rate_rank_2to6が不利(-5.7pt)、天気+1.4pt
101,09,津,9,14:35,0.6132648442779673,3,0.276178200122848,2,0.25495223459258054,0.3257236233370464,0.20710403222942447,0.32402640248600406,0.2447732123944697,0.3252144570817337,1-3,1-2,0.1563532424457387,0.16937038089130768,0.061710176530233155,0.12700962207451713,0.098821431474529,True,True,False,False,一般,2026-08-19,1号艇のdominance,-0.131,1号艇のsession_exh_rel_avg,-0.0957,1号艇のracer_win_te,0.0879,1号艇の級別順位,-0.0779,1号艇のvs_max234_diff,0.0737,3号艇のwin_rate_rank_2to6,-0.0867,3号艇のcumulative_diff_rank_2to6,-0.0641,3号艇の節間得点,-0.0539,3号艇のsession_exh_rel_avg,-0.0435,3号艇のracer_2nd_te,0.0412,2号艇のwin_rate_rank_2to6,-0.1897,3号艇のモーター出走数,0.0733,2号艇のclass_rank_2to6,-0.0676,2号艇の直近平均着順,-0.0591,2号艇の全国勝率,-0.057,0.0289,南東 1.8m/s,[逃げ]1号艇のdominanceが不利(-13.1pt)、1号艇のsession_exh_rel_avgが不利(-9.6pt) / [2着]3号艇のwin_rate_rank_2to6が不利(-8.7pt)、3号艇のcumulative_diff_rank_2to6が不利(-6.4pt) / [候補2]2号艇のwin_rate_rank_2to6が不利(-19.0pt)、3号艇のモーター出走数が有利(+7.3pt) / [除外]6号艇のsession_exh_rel_avgが不利(-5.6pt)、天気+2.9pt
102,15,丸亀,1,15:21,0.594060049840461,2,0.2907523931863043,4,0.24664411220549695,0.31924579477714304,0.2003263954161269,0.3370701099756744,0.24250176359378905,0.3245930893367024,1-2,1-4,0.17272438118748926,0.11900590844526425,0.1465214135896538,0.08776218816658377,0.06804615845146997,True,False,False,False,予選,2026-08-19,3号艇のsession_rank_diff_last,-0.1847,1号艇の年齢,-0.1382,1号艇のdominance,0.1273,5号艇の平均ST,0.122,1号艇のvs_max234_diff,0.0962,2号艇のwin_rate_rank_2to6,-0.1315,2号艇の全国勝率,-0.0625,2号艇のsession_exh_rel_avg,-0.0621,6号艇のsession_exh_rel_last,-0.0504,2号艇のsession_avg_finish,0.0459,4号艇のsession_exh_rel_avg,-0.1096,4号艇のwin_rate_rank_2to6,0.1066,5号艇のracer_win_te,0.0745,4号艇のclass_rank_2to6,-0.0608,3号艇の年齢,0.0506,0.0723,南東 1.9m/s,[逃げ]3号艇のsession_rank_diff_lastが不利(-18.5pt)、1号艇の年齢が不利(-13.8pt) / [2着]2号艇のwin_rate_rank_2to6が不利(-13.1pt)、2号艇の全国勝率が不利(-6.3pt) / [候補2]4号艇のsession_exh_rel_avgが不利(-11.0pt)、4号艇のwin_rate_rank_2to6が有利(+10.7pt) / [除外]5号艇のracer_avgfin_teが不利(-5.0pt)、天気+7.2pt
103,14,鳴門,9,12:29,0.2969973222618002,2,0.5909515304511637,3,0.2765969965449991,0.2576595894500294,0.06429285716844246,0.8032556698277202,0.2377807840309211,0.4213384135633367,1-2,1-3,0.1755110221305083,0.08214856731952112,0.013928460088895268,0.019094806419587797,0.006314467409688952,True,True,False,False,なるちゃん特,2026-08-19,場特性:in_escape_diff,-0.173,1号艇のdominance,-0.1075,1号艇vs3号艇のcumulative差,-0.0825,風速区分,-0.0808,1号艇の級別順位,-0.0739,2号艇のwin_rate_rank_2to6,0.2521,2号艇のclass_rank_2to6,0.1293,2号艇の当地勝率,0.1086,2号艇の全国勝率,0.0622,1号艇の直近複勝率,0.0331,5号艇のsession_exh_rel_delta,0.1489,3号艇のwin_rate_rank_2to6,-0.13,3号艇のcumulative_diff_rank_2to6,0.0566,3号艇の全国勝率,-0.0536,3号艇のsession_exh_rel_last,0.0464,-0.0446,南 6.1m/s,[逃げ]場特性:in_escape_diffが不利(-17.3pt)、1号艇のdominanceが不利(-10.7pt) / [2着]2号艇のwin_rate_rank_2to6が有利(+25.2pt)、2号艇のclass_rank_2to6が有利(+12.9pt) / [候補2]5号艇のsession_exh_rel_deltaが有利(+14.9pt)、3号艇のwin_rate_rank_2to6が不利(-13.0pt) / [除外]4号艇のwin_rate_rank_2to6が不利(-5.2pt)、天気-4.5pt
104,13,尼崎,3,11:25,0.4974973555196215,5,0.3424911533760603,3,0.30398204975737275,0.321618708973182,0.22004521965733537,0.42642798347609767,0.23669391761888708,0.3530614913240567,1-5,1-3,0.10947191487425857,0.15123026587972693,0.0436394062413648,0.17038844309345508,0.02276732728413819,True,True,False,False,予選,2026-08-19,1号艇の平均ST,-0.1459,2号艇のsession_rank_diff_last,-0.1106,1号艇の節間得点,0.0914,5号艇の節間得点,-0.0886,1号艇のdominance,0.0881,5号艇のwin_rate_rank_2to6,0.1934,5号艇のclass_rank_2to6,0.1769,5号艇のsession_exh_rel_avg,0.1292,5号艇の節間得点,0.1086,1号艇vs5号艇のlocal_win_rate差,0.0704,3号艇のsession_exh_rel_avg,0.0727,3号艇のwin_rate_rank_2to6,0.0535,3号艇の当地勝率,0.0439,3号艇の節間得点,0.0403,場特性:1x_diff_course3,-0.0373,0.0786,南西 2.0m/s,[逃げ]1号艇の平均STが不利(-14.6pt)、2号艇のsession_rank_diff_lastが不利(-11.1pt) / [2着]5号艇のwin_rate_rank_2to6が有利(+19.3pt)、5号艇のclass_rank_2to6が有利(+17.7pt) / [候補2]3号艇のsession_exh_rel_avgが有利(+7.3pt)、3号艇のwin_rate_rank_2to6が有利(+5.3pt) / [除外]2号艇のwin_rate_rank_2to6が不利(-5.3pt)、天気+7.9pt
105,20,若松,1,15:16,0.3471653057531199,2,0.5427389005866701,3,0.23222605580914957,0.2690409460351079,0.11803940906451857,0.656925547331301,0.23093202489413614,0.38540632642396583,1-2,1-3,0.18842011636628345,0.08062082966882449,0.04097918753880118,0.027371014759477095,0.009774154833150597,True,False,False,False,一般戦,2026-08-19,1号艇のracer_win_te,-0.2927,1号艇の年齢,-0.2032,1号艇の級別順位,0.0791,1号艇の全国勝率,-0.0788,1号艇の節間得点,-0.0656,2号艇のwin_rate_rank_2to6,0.1806,2号艇のsession_exh_rel_avg,0.0806,2号艇の節間得点,0.0513,2号艇のモーター2連率,0.0508,second_best_win_rate,0.0488,3号艇のsession_exh_rel_avg,0.0789,3号艇の当地勝率,-0.064,3号艇のwin_rate_rank_2to6,0.0598,3号艇の全国勝率,-0.0596,3号艇の節間得点,-0.0507,0.0565,東 1.4m/s,[逃げ]1号艇のracer_win_teが不利(-29.3pt)、1号艇の年齢が不利(-20.3pt) / [2着]2号艇のwin_rate_rank_2to6が有利(+18.1pt)、2号艇のsession_exh_rel_avgが有利(+8.1pt) / [候補2]3号艇のsession_exh_rel_avgが有利(+7.9pt)、3号艇の当地勝率が不利(-6.4pt) / [除外]6号艇のwin_rate_rank_2to6が不利(-6.8pt)、4号艇のwin_rate_rank_2to6が不利(-6.1pt)、天気+5.7pt
106,05,多摩川,7,14:35,0.41639350922422935,4,0.39345542492248053,3,0.3254694440415254,0.2993556490564917,0.19334745979614892,0.5255774091678571,0.22990006387165157,0.36722217708990135,1-4,1-3,0.08050862728410906,0.1355233639497097,0.16383228510678197,0.020887090666709067,0.015642141441326203,True,True,False,False,一般,2026-08-19,1号艇のracer_win_te,-0.2123,5号艇の枠別出走数,-0.1485,1号艇のdominance,-0.0962,1号艇のモーター2連率,0.0737,1号艇の級別順位,-0.0711,4号艇のwin_rate_rank_2to6,0.2173,4号艇のclass_rank_2to6,0.2149,4号艇のsession_exh_rel_avg,-0.0924,4号艇の全国勝率,0.0726,4号艇のcumulative_diff_rank_2to6,0.0512,3号艇の節間得点,-0.0889,3号艇のcumulative_diff_rank_2to6,-0.0553,3号艇のsession_exh_rel_avg,0.0421,3号艇のwin_rate_rank_2to6,0.0381,場特性:1x_diff_course3,-0.0376,0.0153,南 2.3m/s,[逃げ]1号艇のracer_win_teが不利(-21.2pt)、5号艇の枠別出走数が不利(-14.9pt) / [2着]4号艇のwin_rate_rank_2to6が有利(+21.7pt)、4号艇のclass_rank_2to6が有利(+21.5pt) / [候補2]3号艇の節間得点が不利(-8.9pt)、3号艇のcumulative_diff_rank_2to6が不利(-5.5pt)、天気+1.5pt
107,19,下関,6,17:46,0.43217339098239527,2,0.47852979211134034,3,0.1896372885877962,0.2887640330085536,0.17129767247816752,0.49686940822096903,0.22940650490882483,0.3511956455722782,1-2,1-3,0.20680784294285862,0.08195619006569496,0.05676164427063652,0.07403029598228138,0.012617416915938123,True,False,False,False,予選,2026-08-19,5号艇の枠別出走数,-0.207,1号艇の級別順位,-0.1076,場特性:in_escape_diff,0.0974,1号艇のdominance,-0.0697,1号艇の勝率順位,-0.0634,2号艇のclass_rank_2to6,0.0942,3号艇の全国勝率,-0.0814,2号艇のwin_rate_rank_2to6,0.0766,2号艇の全国勝率,0.0721,3号艇の直近平均着順,0.0373,3号艇のwin_rate_rank_2to6,-0.1282,3号艇のcumulative_diff_rank_2to6,0.0546,3号艇の当地勝率,-0.0517,3号艇の全国2連率,-0.0354,5号艇の一般戦2連率,-0.0272,0.0507,東 3.0m/s,[逃げ]5号艇の枠別出走数が不利(-20.7pt)、1号艇の級別順位が不利(-10.8pt) / [2着]2号艇のclass_rank_2to6が有利(+9.4pt)、3号艇の全国勝率が不利(-8.1pt) / [候補2]3号艇のwin_rate_rank_2to6が不利(-12.8pt)、3号艇のcumulative_diff_rank_2to6が有利(+5.5pt)、天気+5.1pt
108,19,下関,3,16:21,0.3913370208827913,3,0.3979673297996197,2,0.2714596250457245,0.2619715502078159,0.13006784523077958,0.5393591096145647,0.22108266015105876,0.3451878180298405,1-3,1-2,0.10623220095535339,0.15573934925246247,0.047477063404529514,0.050900363065257255,0.03098805586794072,True,False,False,False,予選,2026-08-19,1号艇のdominance,-0.1417,1号艇の級別順位,-0.0951,1号艇の年齢,-0.0816,場特性:in_escape_diff,0.0742,1号艇の直近1着率,-0.072,6号艇のracer_2nd_te,-0.0904,3号艇のwin_rate_rank_2to6,0.0817,3号艇のracer_2nd_te,0.047,3号艇のclass_rank_2to6,0.0412,場特性:1x_diff_course3,0.0411,2号艇のwin_rate_rank_2to6,-0.0658,1号艇の年齢,0.0517,2号艇のracer_avgfin_te,-0.044,2号艇のclass_rank_2to6,-0.0423,2号艇のモーター2連率,-0.0393,0.0433,東 2.9m/s,[逃げ]1号艇のdominanceが不利(-14.2pt)、1号艇の級別順位が不利(-9.5pt) / [2着]6号艇のracer_2nd_teが不利(-9.0pt)、3号艇のwin_rate_rank_2to6が有利(+8.2pt) / [候補2]2号艇のwin_rate_rank_2to6が不利(-6.6pt)、1号艇の年齢が有利(+5.2pt) / [除外]1号艇vs5号艇の枠別平均ST差が不利(-6.6pt)、天気+4.3pt
109,15,丸亀,4,16:33,0.472269282409874,3,0.3614456671803228,2,0.2211112972414474,0.2751237595503439,0.16376699158766056,0.4187899728341096,0.22105633105132785,0.3182236235354736,1-3,1-2,0.10442407368093472,0.17069968586940917,0.0496995793492112,0.07734211959952832,0.07010382215145043,True,False,False,False,予選,2026-08-19,5号艇の節間得点,-0.1134,1号艇のsession_exh_rel_avg,-0.0933,風速区分,0.0718,1号艇の勝率順位,-0.0687,1号艇vs4号艇の枠別平均ST差,-0.0661,3号艇のsession_exh_rel_avg,0.1045,6号艇のracer_2nd_te,-0.0701,5号艇の節間得点,-0.0685,3号艇のclass_rank_2to6,0.0584,3号艇のwin_rate_rank_2to6,-0.0518,2号艇のwin_rate_rank_2to6,-0.1778,2号艇のsession_avg_finish,-0.0713,2号艇のモーター2連率,0.0639,2号艇のclass_rank_2to6,-0.0622,2号艇のsession_exh_rel_avg,0.0551,0.0593,南東 1.9m/s,[逃げ]5号艇の節間得点が不利(-11.3pt)、1号艇のsession_exh_rel_avgが不利(-9.3pt) / [2着]3号艇のsession_exh_rel_avgが有利(+10.5pt)、6号艇のracer_2nd_teが不利(-7.0pt) / [候補2]2号艇のwin_rate_rank_2to6が不利(-17.8pt)、2号艇のsession_avg_finishが不利(-7.1pt) / [除外]4号艇のwin_rate_rank_2to6が不利(-5.2pt)、天気+5.9pt
110,14,鳴門,10,13:05,0.5079593876192928,4,0.31660316337295,5,0.24287423734714134,0.2841917978566113,0.1872167881535413,0.37226061256655,0.22034522711945703,0.3106124422695929,1-4,1-5,0.09509852506252373,0.09438580335763763,0.1608215489852546,0.1233702488713567,0.034283265127112474,True,True,False,False,選抜戦,2026-08-19,1号艇のdominance,-0.1355,場特性:in_escape_diff,-0.1272,1号艇の節間得点,0.1122,1号艇のsession_exh_rel_avg,0.1105,3号艇の枠別出走数,-0.1038,4号艇のclass_rank_2to6,0.199,4号艇のwin_rate_rank_2to6,0.1842,4号艇のcumulative_diff_rank_2to6,-0.0683,4号艇のsession_exh_rel_avg,-0.066,4号艇の全国勝率,0.0617,5号艇のsession_exh_rel_avg,0.1286,1号艇の女子戦2連率,0.125,5号艇のモーター2連率,0.122,6号艇のsession_rank_diff_last,0.0762,avg_456_win_rate,0.0689,0.0727,南 5.9m/s,[逃げ]1号艇のdominanceが不利(-13.6pt)、場特性:in_escape_diffが不利(-12.7pt) / [2着]4号艇のclass_rank_2to6が有利(+19.9pt)、4号艇のwin_rate_rank_2to6が有利(+18.4pt) / [候補2]5号艇のsession_exh_rel_avgが有利(+12.9pt)、1号艇の女子戦2連率が有利(+12.5pt)、天気+7.3pt
111,10,三国,6,10:48,0.417904778349264,3,0.3311187606117325,5,0.3023331494157355,0.2647225800549469,0.174419648557181,0.45903226147028703,0.20931519680094604,0.323015484479549,1-3,1-5,0.07289080457004525,0.13837611226072907,0.03323326181206977,0.12634646779421788,0.04705812879856884,False,False,True,False,一般,2026-08-19,1号艇のdominance,-0.2154,5号艇の節間得点,-0.1131,1号艇の節間得点,0.0971,1号艇の年齢,-0.0777,6号艇の一般戦勝率,-0.0716,3号艇のsession_exh_rel_avg,-0.1757,5号艇の節間得点,-0.0836,3号艇のwin_rate_rank_2to6,-0.0616,6号艇のracer_win_te,0.0458,5号艇の直近1着率,0.0428,5号艇のwin_rate_rank_2to6,0.2442,5号艇のclass_rank_2to6,0.1812,5号艇のsession_exh_rel_avg,0.0971,場特性:1x_diff_course5,-0.069,avg_456_win_rate,0.068,-0.105,南西 4.2m/s,[逃げ]1号艇のdominanceが不利(-21.5pt)、5号艇の節間得点が不利(-11.3pt) / [2着]3号艇のsession_exh_rel_avgが不利(-17.6pt)、5号艇の節間得点が不利(-8.4pt) / [候補2]5号艇のwin_rate_rank_2to6が有利(+24.4pt)、5号艇のclass_rank_2to6が有利(+18.1pt) / [除外]4号艇のwin_rate_rank_2to6が不利(-5.2pt)、天気-10.5pt
112,13,尼崎,2,11:02,0.3205471536430846,3,0.5367493192508301,5,0.24031700646796075,0.2490863989010485,0.13892682370978482,0.638139502009006,0.20756066022669117,0.36580232983343575,1-3,1-5,0.04453259790484612,0.17205346650571693,0.021742743205344334,0.07703293239533157,0.0051854216922312575,True,True,False,False,予選,2026-08-19,1号艇のsession_exh_rel_avg,-0.1348,3号艇のracer_win_te,-0.1213,3号艇のsession_exh_rel_avg,-0.0811,1号艇のdominance,-0.0766,風速区分,0.0746,3号艇のwin_rate_rank_2to6,0.186,3号艇のsession_exh_rel_avg,0.1237,3号艇の節間得点,0.0591,1号艇vs3号艇のcumulative差,0.0567,3号艇のracer_avgfin_te,0.0489,5号艇のclass_rank_2to6,0.1666,5号艇のsession_exh_rel_avg,0.1421,5号艇のwin_rate_rank_2to6,0.1101,1号艇のsession_rank_diff_last,-0.1092,5号艇のモーター2連率,0.0889,0.0187,西 1.7m/s,[逃げ]1号艇のsession_exh_rel_avgが不利(-13.5pt)、3号艇のracer_win_teが不利(-12.1pt) / [2着]3号艇のwin_rate_rank_2to6が有利(+18.6pt)、3号艇のsession_exh_rel_avgが有利(+12.4pt) / [候補2]5号艇のclass_rank_2to6が有利(+16.7pt)、5号艇のsession_exh_rel_avgが有利(+14.2pt) / [除外]2号艇のwin_rate_rank_2to6が不利(-6.3pt)、天気+1.9pt
113,20,若松,2,15:47,0.4966529977154587,6,0.2696703522305238,2,0.26598977521639555,0.26603720805315717,0.18364261920518782,0.35201750824173156,0.20741028442165643,0.29183129810972946,1-6,1-2,0.13210461922288386,0.09120665733657499,0.0731942710722369,0.06621486680401939,0.13393258883027329,True,False,False,False,一般戦,2026-08-19,5号艇の枠別出走数,-0.2101,1号艇のdominance,-0.1593,1号艇のvs_max234_diff,0.0756,4号艇の枠別出走数,-0.0744,1号艇の級別順位,-0.0674,6号艇のwin_rate_rank_2to6,0.3405,6号艇のclass_rank_2to6,0.1228,6号艇の全国勝率,0.1213,6号艇の当地2連率,0.1209,6号艇のvs_avg456_diff,0.1172,2号艇のwin_rate_rank_2to6,-0.1476,3号艇の直近平均着順,0.1138,2号艇のsession_exh_rel_avg,-0.087,2号艇の全国勝率,-0.0606,2号艇のsession_avg_finish,-0.0549,0.1109,東 1.6m/s,[逃げ]5号艇の枠別出走数が不利(-21.0pt)、1号艇のdominanceが不利(-15.9pt) / [2着]6号艇のwin_rate_rank_2to6が有利(+34.0pt)、6号艇のclass_rank_2to6が有利(+12.3pt) / [候補2]2号艇のwin_rate_rank_2to6が不利(-14.8pt)、3号艇の直近平均着順が有利(+11.4pt) / [除外]5号艇のsession_exh_rel_avgが不利(-8.3pt)、4号艇のwin_rate_rank_2to6が不利(-5.4pt)、天気+11.1pt
114,09,津,8,14:02,0.43545194148486455,5,0.31975134853339154,2,0.3096258634856872,0.2740635289000391,0.20725822576250819,0.4221189862565706,0.2059012240047983,0.31848016610699853,1-5,1-2,0.13482718338877012,0.06463570391955345,0.09025099679699256,0.13923634551126896,0.006501711057187024,True,True,False,False,一般,2026-08-19,1号艇のdominance,-0.1881,5号艇の節間得点,-0.1013,1号艇の級別順位,-0.0848,1号艇vs4号艇のcumulative差,-0.0676,風速区分,0.0655,5号艇のwin_rate_rank_2to6,0.2692,5号艇のclass_rank_2to6,0.1908,5号艇のsession_exh_rel_avg,0.0758,1号艇vs5号艇のlocal_win_rate差,0.0647,5号艇の節間得点,0.0645,2号艇のclass_rank_2to6,0.0962,2号艇のsession_exh_rel_avg,-0.0652,2号艇の全国勝率,0.0594,2号艇のwin_rate_rank_2to6,0.0529,avg_entry_count,-0.0368,0.0227,東 2.0m/s,[逃げ]1号艇のdominanceが不利(-18.8pt)、5号艇の節間得点が不利(-10.1pt) / [2着]5号艇のwin_rate_rank_2to6が有利(+26.9pt)、5号艇のclass_rank_2to6が有利(+19.1pt) / [候補2]2号艇のclass_rank_2to6が有利(+9.6pt)、2号艇のsession_exh_rel_avgが不利(-6.5pt) / [除外]6号艇のwin_rate_rank_2to6が不利(-6.1pt)、天気+2.3pt
115,20,若松,3,16:12,0.4090412129644308,3,0.3401930635943617,4,0.28841251708213145,0.25712558919612316,0.18353251867269826,0.44507306200379493,0.20049650079568393,0.31350983103842467,1-3,1-4,0.03828917555288552,0.13915298337472345,0.11797260582139966,0.07507236405629754,0.03855408415912462,True,False,False,False,一般戦,2026-08-19,1号艇の女子戦比率,-0.2681,4号艇のsession_exh_rel_avg,-0.1841,1号艇のdominance,-0.1303,1号艇の級別順位,-0.0665,1号艇の勝率順位,-0.0664,3号艇のwin_rate_rank_2to6,-0.0925,6号艇の直近1着率,0.0636,3号艇の年齢,-0.0536,3号艇のclass_rank_2to6,0.0488,avg_456_win_rate,-0.0418,4号艇のsession_exh_rel_avg,0.1673,4号艇のwin_rate_rank_2to6,-0.1095,6号艇の節間得点,-0.0977,4号艇のsession_rank_diff_last,0.066,5号艇の年齢,0.063,0.0582,東 2.0m/s,[逃げ]1号艇の女子戦比率が不利(-26.8pt)、4号艇のsession_exh_rel_avgが不利(-18.4pt) / [2着]3号艇のwin_rate_rank_2to6が不利(-9.2pt)、6号艇の直近1着率が有利(+6.4pt) / [候補2]4号艇のsession_exh_rel_avgが有利(+16.7pt)、4号艇のwin_rate_rank_2to6が不利(-11.0pt) / [除外]2号艇のwin_rate_rank_2to6が不利(-7.2pt)、天気+5.8pt
116,09,津,7,13:30,0.3199422859984474,2,0.4082616151665698,4,0.3277031739995817,0.23546625706018387,0.1276363657556949,0.6083284234104566,0.19940138828907417,0.34732490696526563,1-2,1-4,0.13062015444181072,0.04083627063641097,0.10484610261837314,0.034778480255367936,0.008861283707904587,True,True,False,False,一般,2026-08-19,5号艇の枠別出走数,-0.2211,1号艇のdominance,-0.1441,節間得点の分散(2-6号艇),-0.1022,1号艇の級別順位,-0.0789,風速区分,0.0673,2号艇のsession_exh_rel_avg,0.1048,3号艇のモーター出走数,0.0844,2号艇の全国勝率,0.0636,2号艇のclass_rank_2to6,0.0619,6号艇のsession_rank_diff_delta,-0.0615,4号艇の節間得点,0.1612,4号艇のwin_rate_rank_2to6,0.1608,4号艇のclass_rank_2to6,0.1294,4号艇の当地勝率,0.1026,1号艇vs4号艇のcumulative差,0.0903,0.0052,東 1.8m/s,[逃げ]5号艇の枠別出走数が不利(-22.1pt)、1号艇のdominanceが不利(-14.4pt) / [2着]2号艇のsession_exh_rel_avgが有利(+10.5pt)、3号艇のモーター出走数が有利(+8.4pt) / [候補2]4号艇の節間得点が有利(+16.1pt)、4号艇のwin_rate_rank_2to6が有利(+16.1pt) / [除外]6号艇のwin_rate_rank_2to6が不利(-7.3pt)、天気+0.5pt
117,05,多摩川,1,11:33,0.49305054951304367,3,0.28738568699149336,6,0.23680158563978623,0.25845082281859605,0.19273158126344364,0.331455691367836,0.1986768599057967,0.28035228338336804,1-3,1-6,0.08108672234698694,0.14169567089333937,0.05848660331754053,0.09502641205045871,0.11675515192525668,True,True,False,False,一般,2026-08-19,1号艇のdominance,-0.2192,1号艇のsession_exh_rel_avg,0.1054,場×風向,-0.0983,1号艇のvs_max234_diff,0.0828,1号艇の級別順位,-0.0739,3号艇のcumulative_diff_rank_2to6,-0.0599,3号艇の全国勝率,-0.0584,3号艇のwin_rate_rank_2to6,-0.054,1号艇vs6号艇のplace_rate差,0.0463,2号艇の直近複勝率,0.045,6号艇のwin_rate_rank_2to6,0.2612,6号艇の節間得点,0.1461,avg_entry_count,-0.127,6号艇のclass_rank_2to6,0.1097,6号艇のvs_avg456_diff,0.1078,-0.0796,南東 1.1m/s,[逃げ]1号艇のdominanceが不利(-21.9pt)、1号艇のsession_exh_rel_avgが有利(+10.5pt) / [2着]3号艇のcumulative_diff_rank_2to6が不利(-6.0pt)、3号艇の全国勝率が不利(-5.8pt) / [候補2]6号艇のwin_rate_rank_2to6が有利(+26.1pt)、6号艇の節間得点が有利(+14.6pt) / [除外]2号艇のwin_rate_rank_2to6が不利(-7.1pt)、天気-8.0pt
118,05,多摩川,8,15:07,0.3363437047965252,2,0.43984039974391204,3,0.2951996324529303,0.24722608760284312,0.1644625398281899,0.5705774923686524,0.19843477126810294,0.3442315090325859,1-2,1-3,0.147937549569052,0.09928853803379113,0.05531593994605947,0.021318322481701044,0.012483348501031862,True,False,False,False,一般,2026-08-19,1号艇のdominance,-0.1544,1号艇のsession_exh_rel_avg,0.1499,1号艇のracer_win_te,-0.1457,1号艇の年齢,-0.132,1号艇の級別順位,-0.0911,2号艇のwin_rate_rank_2to6,0.1545,2号艇のsession_exh_rel_avg,-0.0805,2号艇のclass_rank_2to6,0.062,2号艇の全国勝率,0.0388,2号艇のモーター2連率,0.0388,3号艇のwin_rate_rank_2to6,-0.101,3号艇のモーター2連率,0.0665,3号艇のsession_exh_rel_avg,0.0659,3号艇の年齢,-0.0621,3号艇のcumulative_diff_rank_2to6,0.0461,0.0118,南 2.2m/s,[逃げ]1号艇のdominanceが不利(-15.4pt)、1号艇のsession_exh_rel_avgが有利(+15.0pt) / [2着]2号艇のwin_rate_rank_2to6が有利(+15.4pt)、2号艇のsession_exh_rel_avgが不利(-8.0pt) / [候補2]3号艇のwin_rate_rank_2to6が不利(-10.1pt)、3号艇のモーター2連率が有利(+6.7pt)、天気+1.2pt
119,13,尼崎,1,10:37,0.31452141927495275,3,0.5453550826231562,2,0.22483328836382052,0.24224073955188777,0.15075330333366388,0.6194350676533129,0.1984184295245636,0.3553990379823153,1-3,1-2,0.07071488495644355,0.17152585459544423,0.04741514292489143,0.012191370462647825,0.012674165749683932,False,False,True,False,朝からセンプ,2026-08-19,1号艇のdominance,-0.3067,1号艇のvs_max234_diff,-0.1334,1号艇の年齢,-0.1237,2号艇の枠別平均ST,0.0882,1号艇の全国勝率,-0.084,3号艇のwin_rate_rank_2to6,0.2036,3号艇の当地勝率,0.1243,3号艇のsession_exh_rel_avg,-0.1038,2号艇のvs_boat3_diff,0.0619,1号艇のvs_max234_diff,-0.059,2号艇のwin_rate_rank_2to6,-0.1755,2号艇のsession_avg_finish,-0.1334,2号艇の全国勝率,-0.1279,2号艇のsession_exh_rel_avg,-0.0919,2号艇の節間得点,-0.0632,0.0599,北西 0.4m/s,[逃げ]1号艇のdominanceが不利(-30.7pt)、1号艇のvs_max234_diffが不利(-13.3pt) / [2着]3号艇のwin_rate_rank_2to6が有利(+20.4pt)、3号艇の当地勝率が有利(+12.4pt) / [候補2]2号艇のwin_rate_rank_2to6が不利(-17.6pt)、2号艇のsession_avg_finishが不利(-13.3pt) / [除外]1号艇vs3号艇の直近複勝率差が不利(-7.4pt)、6号艇のsession_exh_rel_avgが不利(-6.4pt)、天気+6.0pt
120,16,児島,8,14:29,0.36645284736345096,3,0.444386934492554,6,0.19998991521114354,0.23613373134901047,0.13430541777536942,0.5100714319283282,0.19807688402138762,0.31831504152280576,1-3,1-6,0.049216602760121964,0.16284685747591177,0.03613879144743474,0.04496372453717028,0.07328687387309868,True,True,False,False,予選,2026-08-19,1号艇のdominance,-0.3976,1号艇のsession_exh_rel_avg,0.1583,3号艇のsession_exh_rel_avg,-0.1358,1号艇のvs_max234_diff,-0.1234,2号艇の平均ST,-0.1028,3号艇のsession_exh_rel_avg,0.1133,3号艇のwin_rate_rank_2to6,0.0704,3号艇のsession_exh_rel_last,0.0504,場特性:1x_diff_course3,-0.0451,2号艇の直近1着率,0.0448,6号艇のwin_rate_rank_2to6,0.3522,6号艇のclass_rank_2to6,0.1938,6号艇のvs_avg456_diff,0.1412,6号艇のsession_exh_rel_avg,0.1384,6号艇の全国勝率,0.0929,0.0215,東 3.5m/s,[逃げ]1号艇のdominanceが不利(-39.8pt)、1号艇のsession_exh_rel_avgが有利(+15.8pt) / [2着]3号艇のsession_exh_rel_avgが有利(+11.3pt)、3号艇のwin_rate_rank_2to6が有利(+7.0pt) / [候補2]6号艇のwin_rate_rank_2to6が有利(+35.2pt)、6号艇のclass_rank_2to6が有利(+19.4pt) / [除外]4号艇のwin_rate_rank_2to6が不利(-5.2pt)、天気+2.2pt
121,14,鳴門,8,11:59,0.4284489745823896,3,0.3716706301671432,4,0.21195456989604192,0.2500536185075136,0.18017951468608942,0.4034456853770957,0.1959881709536924,0.29607123856838824,1-3,1-4,0.06985870884607,0.15924190037750308,0.09081171813001059,0.07719772830800763,0.03133892450713722,True,True,False,False,一般,2026-08-19,1号艇の女子戦比率,-0.1998,場特性:in_escape_diff,-0.139,1号艇の体重,-0.1091,1号艇のracer_win_te,-0.0976,1号艇のvs_max234_diff,0.0813,3号艇のsession_exh_rel_avg,-0.185,3号艇のsession_exh_rel_last,-0.0475,3号艇の当地勝率,0.0411,3号艇のwin_rate_rank_2to6,0.0384,3号艇のcumulative_diff_rank_2to6,0.0381,1号艇の女子戦比率,0.0911,4号艇のwin_rate_rank_2to6,-0.0834,4号艇のclass_rank_2to6,-0.0644,3号艇の年齢,0.0616,1号艇の枠別平均ST順位,0.0537,-0.0624,南東 6.3m/s,[逃げ]1号艇の女子戦比率が不利(-20.0pt)、場特性:in_escape_diffが不利(-13.9pt) / [2着]3号艇のsession_exh_rel_avgが不利(-18.5pt)、3号艇のsession_exh_rel_lastが不利(-4.7pt) / [候補2]1号艇の女子戦比率が有利(+9.1pt)、4号艇のwin_rate_rank_2to6が不利(-8.3pt) / [除外]5号艇の直近平均着順が不利(-22.5pt)、win_rate_range_1to6が不利(-9.0pt)、天気-6.2pt
122,15,丸亀,9,18:54,0.4213979944490305,3,0.3285831080698338,2,0.24459492413792663,0.24153607323459203,0.17107950171160735,0.4020985304961531,0.19194982796936927,0.28970481041306034,1-3,1-2,0.10307181048413504,0.138464262750457,0.05802618487251884,0.07209255891261082,0.04974318370862822,True,False,False,False,予選,2026-08-19,1号艇のdominance,-0.2055,1号艇のsession_exh_rel_avg,-0.0836,1号艇vs4号艇のcumulative差,-0.0812,風速区分,0.0713,1号艇のvs_max234_diff,0.0626,3号艇のwin_rate_rank_2to6,-0.0617,3号艇のsession_exh_rel_avg,0.0615,3号艇のracer_avgfin_te,0.0401,6号艇の直近1着率,0.0393,5号艇の一般戦2連率,-0.0379,2号艇のwin_rate_rank_2to6,-0.1359,2号艇のsession_exh_rel_avg,-0.054,2号艇のsession_avg_finish,-0.0497,2号艇のclass_rank_2to6,-0.0494,2号艇のcumulative_diff_rank_2to6,-0.0398,0.0829,南東 1.9m/s,[逃げ]1号艇のdominanceが不利(-20.5pt)、1号艇のsession_exh_rel_avgが不利(-8.4pt) / [2着]3号艇のwin_rate_rank_2to6が不利(-6.2pt)、3号艇のsession_exh_rel_avgが有利(+6.1pt) / [候補2]2号艇のwin_rate_rank_2to6が不利(-13.6pt)、2号艇のsession_exh_rel_avgが不利(-5.4pt) / [除外]4号艇のwin_rate_rank_2to6が不利(-5.1pt)、天気+8.3pt
123,11,琵琶湖,2,10:58,0.4289522653483854,4,0.31258317067078184,5,0.2949077199855088,0.2605845937255241,0.2281774944124654,0.3793133962438252,0.1892331461109877,0.29620323448101443,1-4,1-5,0.09787725312974559,0.07029067635973286,0.13408325916901284,0.1265013345565113,0.00019973664035503107,False,False,True,False,一般,2026-08-19,1号艇のdominance,-0.2023,5号艇の節間得点,-0.0891,1号艇の年齢,-0.0874,1号艇のsession_exh_rel_avg,-0.0815,1号艇のsession_exh_rel_last,-0.0768,4号艇のモーター2連率,0.1206,4号艇のclass_rank_2to6,0.0846,4号艇の節間得点,0.0629,4号艇の枠別勝率,-0.0624,4号艇のwin_rate_rank_2to6,0.0606,5号艇のwin_rate_rank_2to6,0.24,5号艇のclass_rank_2to6,0.1437,5号艇の節間得点,0.0719,5号艇のcumulative_diff_rank_2to6,0.0454,5号艇の年齢,0.0453,0.0287,北東 0.4m/s,[逃げ]1号艇のdominanceが不利(-20.2pt)、5号艇の節間得点が不利(-8.9pt) / [2着]4号艇のモーター2連率が有利(+12.1pt)、4号艇のclass_rank_2to6が有利(+8.5pt) / [候補2]5号艇のwin_rate_rank_2to6が有利(+24.0pt)、5号艇のclass_rank_2to6が有利(+14.4pt) / [除外]6号艇の直近平均着順が不利(-28.1pt)、6号艇の全国勝率が不利(-14.6pt)、天気+2.9pt
124,16,児島,6,13:16,0.32875848147938036,3,0.4419628823109272,4,0.2731235563492549,0.23509073170041953,0.17075518355028685,0.5443312551098952,0.1869191784494479,0.3278628887232622,1-3,1-4,0.05613721484872517,0.14529904605879052,0.08979168564162901,0.037096322113702986,0.0004342137542095467,True,True,False,False,予選,2026-08-19,1号艇のdominance,-0.3867,3号艇のsession_exh_rel_avg,-0.1497,1号艇のracer_win_te,-0.1496,1号艇のvs_max234_diff,-0.1342,3号艇のracer_win_te,-0.1079,3号艇のwin_rate_rank_2to6,0.1993,3号艇のsession_exh_rel_avg,0.105,5号艇のracer_2nd_te,-0.0747,3号艇の全国勝率,0.0693,場特性:1x_diff_course3,-0.0537,4号艇のsession_exh_rel_avg,0.1198,3号艇の直近1着率,0.1157,4号艇のwin_rate_rank_2to6,-0.0793,1号艇の平均ST,0.0739,場特性:1x_diff_course4,0.0717,-0.0921,東 4.5m/s,[逃げ]1号艇のdominanceが不利(-38.7pt)、3号艇のsession_exh_rel_avgが不利(-15.0pt) / [2着]3号艇のwin_rate_rank_2to6が有利(+19.9pt)、3号艇のsession_exh_rel_avgが有利(+10.5pt) / [候補2]4号艇のsession_exh_rel_avgが有利(+12.0pt)、3号艇の直近1着率が有利(+11.6pt) / [除外]6号艇の全国勝率が不利(-18.0pt)、6号艇のvs_avg456_diffが不利(-14.4pt)、天気-9.2pt
125,18,徳山,6,11:04,0.31233844667948624,3,0.4026901085444746,2,0.34842376085050986,0.23460173924624794,0.1924716254054596,0.5586422439895249,0.18041672555544017,0.33181389066923106,1-3,1-2,0.10882613625027304,0.1257756029959749,0.060116288509017186,0.014597623416774496,0.0030227966709979936,True,True,False,False,一般,2026-08-19,1号艇の年齢,-0.2295,1号艇のdominance,-0.2133,場特性:in_escape_diff,0.1495,1号艇のsession_exh_rel_avg,0.1391,3号艇のracer_win_te,-0.1363,3号艇のwin_rate_rank_2to6,0.2079,3号艇の当地勝率,0.0674,3号艇のracer_avgfin_te,0.0603,場特性:1x_diff_course3,0.0531,1号艇のvs_max234_diff,-0.0528,2号艇のwin_rate_rank_2to6,-0.1468,場特性:1x_diff_course2,0.0554,2号艇のsession_exh_rel_avg,-0.0482,1号艇vs2号艇の枠別勝率差,0.0436,2号艇の全国勝率,0.0413,0.0455,南 1.7m/s,[逃げ]1号艇の年齢が不利(-23.0pt)、1号艇のdominanceが不利(-21.3pt) / [2着]3号艇のwin_rate_rank_2to6が有利(+20.8pt)、3号艇の当地勝率が有利(+6.7pt) / [候補2]2号艇のwin_rate_rank_2to6が不利(-14.7pt)、場特性:1x_diff_course2が有利(+5.5pt) / [除外]3号艇のracer_avgfin_teが不利(-7.7pt)、6号艇のwin_rate_rank_2to6が不利(-6.7pt)、天気+4.5pt
126,13,尼崎,4,11:57,0.3405457009289852,2,0.45970342522097307,3,0.21360679373411132,0.2292929004567077,0.18946414610490955,0.4838460728501748,0.1771615601451699,0.3056588521747478,1-2,1-3,0.1565500251613316,0.0727428752953761,0.031002367194237046,0.06452120043620808,0.015729234744779736,True,True,False,False,予選,2026-08-19,1号艇の直近1着率,-0.0981,1号艇の級別順位,-0.081,風速区分,0.0769,1号艇vs2号艇のcumulative差,-0.0706,1号艇vs4号艇のcumulative差,-0.0689,2号艇のwin_rate_rank_2to6,0.0794,2号艇のsession_exh_rel_avg,0.077,2号艇のclass_rank_2to6,0.0644,2号艇のモーター2連率,0.0587,2号艇の全国勝率,0.0404,3号艇のsession_exh_rel_avg,0.128,3号艇のracer_avgfin_te,-0.0732,3号艇のwin_rate_rank_2to6,-0.0695,3号艇のracer_win_te,-0.0673,3号艇の当地勝率,-0.0517,0.0597,南西 2.0m/s,[逃げ]1号艇の直近1着率が不利(-9.8pt)、1号艇の級別順位が不利(-8.1pt) / [2着]2号艇のwin_rate_rank_2to6が有利(+7.9pt)、2号艇のsession_exh_rel_avgが有利(+7.7pt) / [候補2]3号艇のsession_exh_rel_avgが有利(+12.8pt)、3号艇のracer_avgfin_teが不利(-7.3pt) / [除外]6号艇のsession_exh_rel_avgが不利(-5.7pt)、天気+6.0pt
127,19,下関,2,15:53,0.45961177725984736,2,0.26124018765401386,3,0.2610313409574222,0.24004214547731936,0.23138885734045123,0.2908826712709849,0.17339045217066262,0.255294303215419,1-2,1-3,0.12006906693935734,0.119973078537962,0.10634904396037007,0.07670071734621098,0.03651986705157241,True,False,False,False,予選,2026-08-19,1号艇のdominance,-0.2441,1号艇の年齢,-0.1443,場特性:in_escape_diff,0.0956,1号艇のvs_max234_diff,-0.0847,1号艇のracer_win_te,-0.0809,2号艇のwin_rate_rank_2to6,-0.1578,3号艇のrecent_race_count,0.0739,1号艇の年齢,-0.0431,2号艇のclass_rank_2to6,-0.0398,2号艇の直近平均着順,-0.037,3号艇のwin_rate_rank_2to6,-0.1071,1号艇vs6号艇のplace_rate差,0.0695,場特性:1x_diff_course3,0.0457,1号艇の直近複勝率,-0.0445,1号艇vs3号艇の直近複勝率差,0.0386,0.0628,東 2.7m/s,[逃げ]1号艇のdominanceが不利(-24.4pt)、1号艇の年齢が不利(-14.4pt) / [2着]2号艇のwin_rate_rank_2to6が不利(-15.8pt)、3号艇のrecent_race_countが有利(+7.4pt) / [候補2]3号艇のwin_rate_rank_2to6が不利(-10.7pt)、1号艇vs6号艇のplace_rate差が有利(+6.9pt)、天気+6.3pt
128,09,津,2,11:00,0.34173954072075763,3,0.3884605427310424,2,0.2750100924201295,0.22673415013827083,0.21538521529499755,0.44808541985617434,0.16813192964755913,0.2931395310536419,1-3,1-2,0.09398182267722817,0.13275232746104268,0.07360564455295396,0.04018428609558415,0.0012154583425999198,True,True,False,False,一般,2026-08-19,1号艇の年齢,-0.2352,1号艇のracer_win_te,-0.2156,1号艇のdominance,-0.1538,1号艇の級別順位,-0.1043,6号艇の枠別出走数,-0.0864,3号艇のsession_exh_rel_avg,0.0856,3号艇のwin_rate_rank_2to6,0.0549,3号艇の節間得点,0.0463,場特性:1x_diff_course3,-0.0378,3号艇のcumulative_diff_rank_2to6,0.0341,2号艇のwin_rate_rank_2to6,-0.1376,2号艇のsession_exh_rel_avg,-0.129,3号艇のモーター出走数,0.0747,1号艇の年齢,-0.0429,2号艇の全国勝率,-0.0427,0.0137,東 2.2m/s,[逃げ]1号艇の年齢が不利(-23.5pt)、1号艇のracer_win_teが不利(-21.6pt) / [2着]3号艇のsession_exh_rel_avgが有利(+8.6pt)、3号艇のwin_rate_rank_2to6が有利(+5.5pt) / [候補2]2号艇のwin_rate_rank_2to6が不利(-13.8pt)、2号艇のsession_exh_rel_avgが不利(-12.9pt) / [除外]6号艇の全国勝率が不利(-13.5pt)、6号艇の直近平均着順が不利(-11.9pt)、天気+1.4pt
129,14,鳴門,7,11:27,0.2645162859806998,3,0.46612937404113325,2,0.15555998828832063,0.16444696115709675,0.13178528304980278,0.4899040792796512,0.13844093396977525,0.26208409659386306,1-3,1-2,0.04114815034922773,0.123298810807869,0.030791411435673068,0.034859353619249106,0.034418561739480824,True,True,False,False,一般,2026-08-19,1号艇のdominance,-0.3827,1号艇のvs_max234_diff,-0.1391,場特性:in_escape_diff,-0.1352,1号艇の年齢,0.1343,1号艇のracer_win_te,-0.1112,1号艇のvs_max234_diff,-0.0837,1号艇vs3号艇のcumulative差,0.0751,3号艇の全国勝率,0.0642,3号艇のsession_exh_rel_avg,-0.0582,1号艇vs5号艇のplace_rate差,0.0543,2号艇のwin_rate_rank_2to6,-0.1967,2号艇のsession_exh_rel_avg,-0.0965,2号艇の全国勝率,-0.0959,1号艇の直近複勝率,0.0661,2号艇のsession_avg_finish,-0.063,-0.0578,南東 6.0m/s,[逃げ]1号艇のdominanceが不利(-38.3pt)、1号艇のvs_max234_diffが不利(-13.9pt) / [2着]1号艇のvs_max234_diffが不利(-8.4pt)、1号艇vs3号艇のcumulative差が有利(+7.5pt) / [候補2]2号艇のwin_rate_rank_2to6が不利(-19.7pt)、2号艇のsession_exh_rel_avgが不利(-9.7pt) / [除外]1号艇の年齢が不利(-6.3pt)、1号艇のracer_2nd_teが不利(-5.4pt)、天気-5.8pt
130,14,鳴門,4,09:58,0.27842811825564684,2,0.40661075478953246,3,0.23990721453973793,0.18000878161881076,0.1933003515181074,0.453217617811163,0.13825386870289594,0.26197143247651644,1-2,1-3,0.11321186731855776,0.06679691430025299,0.05382025313134171,0.043589862386544255,0.0010092203410309198,False,False,True,False,一般,2026-08-19,1号艇のsession_exh_rel_avg,-0.157,場特性:in_escape_diff,-0.1565,1号艇vs2号艇のcumulative差,-0.1047,4号艇の枠別出走数,-0.1003,1号艇の節間得点,-0.1,2号艇のsession_exh_rel_avg,-0.11,2号艇のclass_rank_2to6,-0.0485,2号艇のwin_rate_rank_2to6,0.045,second_best_win_rate,0.0379,1号艇vs2号艇のcumulative差,0.0368,3号艇のsession_exh_rel_last,-0.0925,1号艇のsession_exh_rel_avg,0.0676,3号艇のwin_rate_rank_2to6,-0.0627,3号艇のcumulative_diff_rank_2to6,-0.0489,場特性:1x_diff_course3,-0.0457,-0.0506,南東 4.5m/s,[逃げ]1号艇のsession_exh_rel_avgが不利(-15.7pt)、場特性:in_escape_diffが不利(-15.7pt) / [2着]2号艇のsession_exh_rel_avgが不利(-11.0pt)、2号艇のclass_rank_2to6が不利(-4.8pt) / [候補2]3号艇のsession_exh_rel_lastが不利(-9.3pt)、1号艇のsession_exh_rel_avgが有利(+6.8pt) / [除外]6号艇の直近平均着順が不利(-21.4pt)、6号艇の全国勝率が不利(-16.4pt)、天気-5.1pt
131,13,尼崎,5,12:23,0.19298691992564787,2,0.3897626735780085,3,0.3818872882423368,0.14891834939245222,0.1159391072940063,0.655710854526339,0.1281997968065428,0.30095610093261826,1-2,1-3,0.07521909787580555,0.07369925151664666,0.013298292621138066,0.008395545797792718,0.02237473121559949,True,True,False,False,予選,2026-08-19,1号艇のdominance,-0.2497,1号艇の年齢,-0.1784,1号艇のsession_exh_rel_avg,-0.1737,1号艇のracer_win_te,-0.1457,1号艇の級別順位,-0.0944,2号艇のwin_rate_rank_2to6,0.1817,4号艇の体重,0.1572,1号艇の年齢,0.1201,2号艇のsession_exh_rel_avg,0.0654,5号艇の枠別勝率,0.0399,3号艇のsession_exh_rel_avg,0.1174,3号艇のwin_rate_rank_2to6,-0.0535,3号艇の全国勝率,0.0487,1号艇vs2号艇のplace_rate差,0.0395,3号艇のracer_2nd_te,0.0355,0.0474,南西 1.5m/s,[逃げ]1号艇のdominanceが不利(-25.0pt)、1号艇の年齢が不利(-17.8pt) / [2着]2号艇のwin_rate_rank_2to6が有利(+18.2pt)、4号艇の体重が有利(+15.7pt) / [候補2]3号艇のsession_exh_rel_avgが有利(+11.7pt)、3号艇のwin_rate_rank_2to6が不利(-5.3pt)、天気+4.7pt
132,14,鳴門,2,09:06,0.18825844805519812,3,0.46221818617982585,2,0.27111597891340333,0.13805635182630577,0.13573717052443962,0.5975969945687896,0.11556909754251062,0.27591854464905086,1-3,1-2,0.05103987343320313,0.08701647839310264,0.025553669066334786,0.010734170794171754,0.013914254965751072,False,False,True,False,一般,2026-08-19,1号艇のdominance,-0.46,1号艇のvs_max234_diff,-0.3,1号艇のracer_win_te,-0.2283,1号艇の全国2連率,-0.1777,場特性:in_escape_diff,-0.1369,3号艇のwin_rate_rank_2to6,0.1701,1号艇のvs_max234_diff,-0.0668,3号艇の女子戦比率,-0.0564,6号艇のsession_exh_rel_last,0.0478,2号艇のvs_boat3_diff,0.0455,2号艇のwin_rate_rank_2to6,-0.1535,1号艇vs6号艇の枠別平均ST差,0.0932,4号艇の女子戦比率,0.071,2号艇の全国勝率,-0.0645,3号艇のsession_rank_diff_delta,-0.0561,-0.0274,南東 4.5m/s,[逃げ]1号艇のdominanceが不利(-46.0pt)、1号艇のvs_max234_diffが不利(-30.0pt) / [2着]3号艇のwin_rate_rank_2to6が有利(+17.0pt)、1号艇のvs_max234_diffが不利(-6.7pt) / [候補2]2号艇のwin_rate_rank_2to6が不利(-15.4pt)、1号艇vs6号艇の枠別平均ST差が有利(+9.3pt) / [除外]1号艇のracer_2nd_teが不利(-5.3pt)、5号艇のwin_rate_rank_2to6が不利(-5.0pt)、天気-2.7pt
133,11,琵琶湖,1,10:32,0.14434781022684842,3,0.5242497517702805,2,0.34302912716704986,0.12518980703059962,0.07157984212518809,0.7956990368121424,0.11443652708307993,0.32634257596506244,1-3,1-2,0.04951550335059077,0.07567430368000885,0.01033239346715442,0.008605573698218313,0.0002200341824034381,False,False,True,False,一般,2026-08-19,1号艇のdominance,-0.4119,1号艇のracer_win_te,-0.1911,1号艇のvs_max234_diff,-0.1505,1号艇の年齢,-0.1212,6号艇の枠別出走数,-0.101,3号艇のwin_rate_rank_2to6,0.2355,3号艇のモーター2連率,0.1023,3号艇のsession_exh_rel_avg,0.0978,6号艇の年齢,0.0792,1号艇のvs_max234_diff,-0.0657,2号艇のsession_exh_rel_avg,0.0911,4号艇の節間得点,0.057,1号艇vs4号艇の勝率差,0.0485,ST差分(6-5),-0.0483,4号艇のモーター出走数,-0.0449,0.0563,北 0.3m/s,[逃げ]1号艇のdominanceが不利(-41.2pt)、1号艇のracer_win_teが不利(-19.1pt) / [2着]3号艇のwin_rate_rank_2to6が有利(+23.6pt)、3号艇のモーター2連率が有利(+10.2pt) / [候補2]2号艇のsession_exh_rel_avgが有利(+9.1pt)、4号艇の節間得点が有利(+5.7pt) / [除外]6号艇の全国勝率が不利(-17.4pt)、6号艇の直近平均着順が不利(-13.5pt)、天気+5.6pt
134,14,鳴門,5,10:24,0.2019056183523294,3,0.4694024549785265,4,0.2571654531625052,0.14669814276817347,0.1925455657212409,0.5340223424197907,0.11280285050070948,0.26289540266365863,1-3,1-4,0.038876031507946225,0.09477499292854086,0.05192314983963262,0.012145581342197238,0.004185867623033232,False,False,True,False,一般,2026-08-19,1号艇の女子戦比率,-0.2924,1号艇のdominance,-0.2227,場特性:in_escape_diff,-0.1439,1号艇のsession_exh_rel_avg,0.1222,2号艇のsession_exh_rel_avg,-0.1127,3号艇のwin_rate_rank_2to6,0.2384,3号艇の当地勝率,0.0762,1号艇の一般戦2連率,0.0657,1号艇のsession_exh_rel_delta,0.0528,1号艇vs3号艇のlocal_win_rate差,0.0516,4号艇のclass_rank_2to6,0.1199,4号艇のwin_rate_rank_2to6,0.0838,4号艇の節間得点,0.0606,4号艇のsession_exh_rel_avg,-0.0482,6号艇のvs_avg456_diff,0.0401,-0.0598,南東 4.5m/s,[逃げ]1号艇の女子戦比率が不利(-29.2pt)、1号艇のdominanceが不利(-22.3pt) / [2着]3号艇のwin_rate_rank_2to6が有利(+23.8pt)、3号艇の当地勝率が有利(+7.6pt) / [候補2]4号艇のclass_rank_2to6が有利(+12.0pt)、4号艇のwin_rate_rank_2to6が有利(+8.4pt) / [除外]6号艇のwin_rate_rank_2to6が不利(-8.0pt)、6号艇のvs_avg456_diffが不利(-5.9pt)、天気-6.0pt
135,05,多摩川,2,12:05,0.2193074494575325,3,0.394939262827454,2,0.2690764691817074,0.14562359658660562,0.21117360550795586,0.4528421265012056,0.10872136466073014,0.23778915556098562,1-3,1-2,0.0590104741652786,0.08661312242132702,0.02551732996309528,0.04631194481670094,0.0018545789081145859,True,True,False,False,一般,2026-08-19,1号艇のdominance,-0.2978,1号艇の年齢,-0.1952,1号艇のvs_max234_diff,-0.1235,場×風向,-0.1064,5号艇の節間得点,-0.0889,3号艇のwin_rate_rank_2to6,0.1689,3号艇のsession_exh_rel_avg,-0.0636,5号艇の節間得点,-0.062,3号艇の節間得点,0.0503,3号艇のclass_rank_2to6,0.0458,1号艇の年齢,-0.1797,2号艇のsession_exh_rel_avg,0.1063,2号艇のwin_rate_rank_2to6,-0.0602,1号艇vs2号艇の枠別勝率差,0.054,2号艇の全国勝率,-0.0539,-0.1235,南東 1.6m/s,[逃げ]1号艇のdominanceが不利(-29.8pt)、1号艇の年齢が不利(-19.5pt) / [2着]3号艇のwin_rate_rank_2to6が有利(+16.9pt)、3号艇のsession_exh_rel_avgが不利(-6.4pt) / [候補2]1号艇の年齢が不利(-18.0pt)、2号艇のsession_exh_rel_avgが有利(+10.6pt) / [除外]6号艇のwin_rate_rank_2to6が不利(-6.8pt)、6号艇の節間得点が不利(-6.8pt)、天気-12.4pt
136,14,鳴門,6,10:54,0.2242379496103722,2,0.33682854722915545,3,0.2950829750974364,0.1416985441016839,0.2725401449054744,0.35937137742111747,0.09535629401084268,0.20700039409751397,1-2,1-3,0.07552974280090623,0.06616880130077765,0.018029181377636535,0.061113843280117305,0.003396380433258744,False,False,True,False,一般,2026-08-19,1号艇の女子戦比率,-0.1899,1号艇のdominance,-0.1875,場特性:in_escape_diff,-0.152,1号艇の体重,-0.104,1号艇のsession_exh_rel_avg,0.0959,2号艇のsession_exh_rel_avg,0.115,2号艇のモーター2連率,0.0615,2号艇のclass_rank_2to6,-0.0544,2号艇の全国勝率,0.0516,2号艇の節間得点,0.0499,3号艇のsession_exh_rel_avg,0.1084,5号艇の一般戦2連率,-0.0501,3号艇のracer_2nd_te,0.0476,3号艇のclass_rank_2to6,0.0437,場特性:1x_diff_course3,-0.0405,-0.0433,南東 5.0m/s,[逃げ]1号艇の女子戦比率が不利(-19.0pt)、1号艇のdominanceが不利(-18.7pt) / [2着]2号艇のsession_exh_rel_avgが有利(+11.5pt)、2号艇のモーター2連率が有利(+6.2pt) / [候補2]3号艇のsession_exh_rel_avgが有利(+10.8pt)、5号艇の一般戦2連率が不利(-5.0pt) / [除外]6号艇のwin_rate_rank_2to6が不利(-7.7pt)、6号艇のvs_avg456_diffが不利(-6.4pt)、天気-4.3pt
137,16,児島,4,12:12,0.17818586290870486,2,0.43422697064924,3,0.2356109342896891,0.1193556451005021,0.17943624777611633,0.4904016571628128,0.09365557017122382,0.2306694487191953,1-2,1-3,0.07737310746336769,0.04198253763713441,0.03197300264708746,0.00672795109030202,0.020129262079431085,True,True,False,False,予選,2026-08-19,1号艇のdominance,-0.3649,1号艇のracer_win_te,-0.1589,1号艇のvs_max234_diff,-0.1533,1号艇の年齢,-0.121,1号艇の全国勝率,-0.0929,2号艇の女子戦比率,-0.1035,1号艇vs2号艇のplace_rate差,-0.0882,2号艇のwin_rate_rank_2to6,0.0757,2号艇のsession_exh_rel_avg,-0.0752,2号艇のclass_rank_2to6,0.0743,3号艇の女子戦比率,-0.1082,3号艇のsession_exh_rel_avg,0.0986,3号艇のwin_rate_rank_2to6,-0.0814,1号艇vs6号艇のplace_rate差,0.074,1号艇のvs_max234_diff,-0.0685,-0.0311,南東 4.1m/s,[逃げ]1号艇のdominanceが不利(-36.5pt)、1号艇のracer_win_teが不利(-15.9pt) / [2着]2号艇の女子戦比率が不利(-10.3pt)、1号艇vs2号艇のplace_rate差が不利(-8.8pt) / [候補2]3号艇の女子戦比率が不利(-10.8pt)、3号艇のsession_exh_rel_avgが有利(+9.9pt) / [除外]5号艇のracer_win_teが不利(-12.1pt)、6号艇のsession_exh_rel_avgが不利(-6.5pt)、天気-3.1pt
138,15,丸亀,2,15:44,0.19864904530273603,2,0.3432267883861569,5,0.2852350865730763,0.12484335146981915,0.20889446754274243,0.4195674074164908,0.09354844895197197,0.21326056825382061,1-2,1-5,0.06818167383523427,0.029270514412659935,0.04149668654638916,0.056661677634584864,0.003038493983905823,True,False,False,False,予選,2026-08-19,1号艇のdominance,-0.3324,1号艇のracer_win_te,-0.2353,1号艇の年齢,-0.1292,1号艇の直近1着率,-0.1061,1号艇のsession_exh_rel_avg,-0.104,2号艇のclass_rank_2to6,0.0873,2号艇のsession_exh_rel_avg,-0.0813,3号艇の全国勝率,-0.0505,1号艇の枠別勝率,0.0435,2号艇の全国勝率,0.0419,5号艇のwin_rate_rank_2to6,0.2704,5号艇のclass_rank_2to6,0.1534,1号艇vs5号艇のplace_rate差,-0.0724,5号艇のsession_exh_rel_avg,-0.0681,1号艇のsession_avg_finish,0.0634,0.0855,南東 1.9m/s,[逃げ]1号艇のdominanceが不利(-33.2pt)、1号艇のracer_win_teが不利(-23.5pt) / [2着]2号艇のclass_rank_2to6が有利(+8.7pt)、2号艇のsession_exh_rel_avgが不利(-8.1pt) / [候補2]5号艇のwin_rate_rank_2to6が有利(+27.0pt)、5号艇のclass_rank_2to6が有利(+15.3pt) / [除外]6号艇のwin_rate_rank_2to6が不利(-5.4pt)、天気+8.6pt
139,05,多摩川,6,14:04,0.23202464980483564,2,0.3096299917626891,5,0.2770529138481042,0.13612489572082778,0.2693206388941293,0.31736226671666407,0.0921314030589117,0.19049610701957864,1-2,1-5,0.07184179040781209,0.012343179363100608,0.062489026924624956,0.06428310531301568,0.02106755384679653,True,True,False,False,一般,2026-08-19,1号艇のdominance,-0.3703,1号艇のracer_win_te,-0.188,1号艇の年齢,-0.1833,6号艇の直近1着率,-0.1001,1号艇の級別順位,-0.0869,6号艇の直近1着率,0.0985,2号艇のclass_rank_2to6,0.0939,win_rate_gap_top2_2to6,-0.0904,6号艇のsession_exh_rel_last,-0.0799,3号艇の全国勝率,-0.0631,6号艇のvs_avg456_diff,0.1841,5号艇の枠別出走数,0.1352,5号艇のracer_avgfin_te,-0.1293,3号艇の年齢,0.1045,3号艇の枠別平均ST,0.1037,-0.0325,南 2.4m/s,[逃げ]1号艇のdominanceが不利(-37.0pt)、1号艇のracer_win_teが不利(-18.8pt) / [2着]6号艇の直近1着率が有利(+9.8pt)、2号艇のclass_rank_2to6が有利(+9.4pt) / [候補2]6号艇のvs_avg456_diffが有利(+18.4pt)、5号艇の枠別出走数が有利(+13.5pt) / [除外]5号艇の直近平均着順が不利(-16.2pt)、3号艇の年齢が不利(-10.0pt)、天気-3.2pt
140,16,児島,3,11:40,0.15897288943553248,2,0.41580714012352316,6,0.20020001755574232,0.0979284377692425,0.14866732206375216,0.46733983561551334,0.0804579274527944,0.20875185712312372,1-2,1-6,0.0661020625133618,0.022527955570067246,0.02363407375311757,0.014882427080866461,0.03182637525588068,True,True,False,False,予選,2026-08-19,1号艇のdominance,-0.4779,1号艇のracer_win_te,-0.288,1号艇の女子戦比率,-0.2125,1号艇のvs_max234_diff,-0.1847,3号艇の女子戦勝率,0.1802,2号艇のwin_rate_rank_2to6,0.2137,4号艇の女子戦比率,0.076,2号艇の一般戦勝率,-0.0721,1号艇vs2号艇のplace_rate差,-0.0702,1号艇の枠別平均ST,-0.0667,6号艇のsession_exh_rel_avg,-0.2775,6号艇のclass_rank_2to6,0.2341,6号艇のwin_rate_rank_2to6,0.193,1号艇vs5号艇の直近複勝率差,0.1467,4号艇のsession_exh_rel_last,0.1449,-0.0023,南東 2.8m/s,[逃げ]1号艇のdominanceが不利(-47.8pt)、1号艇のracer_win_teが不利(-28.8pt) / [2着]2号艇のwin_rate_rank_2to6が有利(+21.4pt)、4号艇の女子戦比率が有利(+7.6pt) / [候補2]6号艇のsession_exh_rel_avgが不利(-27.7pt)、6号艇のclass_rank_2to6が有利(+23.4pt) / [除外]3号艇のwin_rate_rank_2to6が不利(-5.1pt)、天気影響ほぼなし
141,13,尼崎,7,13:28,0.1895184446240811,2,0.3424190516884761,4,0.21503661078296735,0.1056481300984747,0.2128404395805749,0.3446152228908685,0.07866469675724454,0.17733825793619282,1-2,1-4,0.06489472608565282,0.03050883760598927,0.040753404012821876,0.04033718906241627,0.013024288210206483,True,True,False,False,予選,2026-08-19,1号艇のdominance,-0.4135,1号艇のracer_win_te,-0.2995,1号艇のsession_exh_rel_avg,-0.1783,1号艇の平均ST,-0.1723,1号艇の直近1着率,-0.1167,2号艇のwin_rate_rank_2to6,-0.1286,1号艇の枠別平均ST,-0.062,3号艇の全国勝率,-0.0581,3号艇のracer_avgfin_te,0.0558,6号艇のモーター出走数,0.0542,1号艇の平均ST,0.1593,4号艇のsession_exh_rel_avg,-0.1078,ST差分(2-1),0.0816,4号艇のwin_rate_rank_2to6,-0.0683,5号艇の直近1着率,-0.0649,0.0524,南西 1.4m/s,[逃げ]1号艇のdominanceが不利(-41.4pt)、1号艇のracer_win_teが不利(-29.9pt) / [2着]2号艇のwin_rate_rank_2to6が不利(-12.9pt)、1号艇の枠別平均STが不利(-6.2pt) / [候補2]1号艇の平均STが有利(+15.9pt)、4号艇のsession_exh_rel_avgが不利(-10.8pt) / [除外]3号艇のwin_rate_rank_2to6が不利(-6.0pt)、3号艇のracer_2nd_teが不利(-5.5pt)、天気+5.2pt
142,16,児島,2,11:10,0.0991668898016398,2,0.6434190389896091,4,0.14625932090858923,0.07830994689476428,0.13361638841470186,0.6560619714834963,0.06575375615753369,0.2516355542713839,1-2,1-4,0.06380586493575954,0.006116310391557417,0.01450408195900474,0.0014903108497042476,0.01325032166561384,True,True,False,False,予選,2026-08-19,1号艇のdominance,-0.4328,1号艇の女子戦比率,-0.2637,1号艇のracer_win_te,-0.1955,4号艇のsession_exh_rel_avg,-0.1497,3号艇の枠別出走数,-0.1452,2号艇のwin_rate_rank_2to6,0.1727,2号艇のsession_exh_rel_avg,0.145,3号艇のracer_2nd_te,0.0887,2号艇の全国勝率,0.0607,2号艇のclass_rank_2to6,0.0582,4号艇の女子戦比率,-0.1201,1号艇の女子戦比率,0.1127,1号艇の一般戦2連率,0.0948,4号艇のwin_rate_rank_2to6,-0.0817,4号艇のsession_exh_rel_avg,0.0768,0.019,南東 1.8m/s,[逃げ]1号艇のdominanceが不利(-43.3pt)、1号艇の女子戦比率が不利(-26.4pt) / [2着]2号艇のwin_rate_rank_2to6が有利(+17.3pt)、2号艇のsession_exh_rel_avgが有利(+14.5pt) / [候補2]4号艇の女子戦比率が不利(-12.0pt)、1号艇の女子戦比率が有利(+11.3pt) / [除外]5号艇のracer_win_teが不利(-12.5pt)、3号艇のsession_exh_rel_avgが不利(-5.7pt)、天気+1.9pt
143,13,尼崎,9,14:26,0.13272161988170833,2,0.3078489162700315,5,0.28515268384460485,0.07870413295965957,0.248832095201601,0.34416950491303533,0.0552031957932066,0.1583437445456723,1-2,1-5,0.040858206846186976,0.03302539875371595,0.009123892514292312,0.037845926113472594,0.011868195654040493,True,True,False,False,予選特賞,2026-08-19,1号艇のdominance,-0.4055,2号艇のsession_exh_rel_avg,-0.2703,1号艇のracer_win_te,-0.1872,1号艇の級別順位,-0.1162,1号艇の直近1着率,-0.0927,2号艇のsession_exh_rel_avg,0.0817,1号艇vs6号艇の直近複勝率差,-0.0763,2号艇の一般戦勝率,-0.0636,2号艇の節間得点,0.0617,2号艇のclass_rank_2to6,0.0528,5号艇の年齢,0.2131,5号艇のracer_avgfin_te,-0.1394,5号艇のsession_exh_rel_avg,0.1214,6号艇のvs_avg456_diff,0.1159,6号艇の直近複勝率,0.0966,0.0125,南西 2.6m/s,[逃げ]1号艇のdominanceが不利(-40.6pt)、2号艇のsession_exh_rel_avgが不利(-27.0pt) / [2着]2号艇のsession_exh_rel_avgが有利(+8.2pt)、1号艇vs6号艇の直近複勝率差が不利(-7.6pt) / [候補2]5号艇の年齢が有利(+21.3pt)、5号艇のracer_avgfin_teが不利(-13.9pt)、天気+1.3pt
144,15,丸亀,3,16:08,0.09678789092564555,4,0.4262321087568343,3,0.26285825920349853,0.06669560337205765,0.15253922243304938,0.5365511455272834,0.05448716879836557,0.20765226601862538,1-4,1-3,0.014763949622732768,0.02544149652069328,0.041254106851364374,0.012141734000648684,0.0031866055527399024,True,False,False,False,予選,2026-08-19,1号艇のdominance,-0.4175,1号艇のracer_win_te,-0.2942,5号艇の枠別出走数,-0.2145,1号艇の年齢,-0.2084,1号艇のsession_exh_rel_avg,-0.1921,4号艇のclass_rank_2to6,0.2172,4号艇のwin_rate_rank_2to6,0.1827,4号艇の全国勝率,0.103,1号艇の一般戦2連率,0.0857,5号艇の年齢,0.0615,1号艇のvs_max234_diff,-0.0884,1号艇vs3号艇のplace_rate差,-0.0779,1号艇の体重,0.0731,3号艇のsession_exh_rel_avg,0.0624,3号艇のwin_rate_rank_2to6,0.0611,0.093,南東 1.9m/s,[逃げ]1号艇のdominanceが不利(-41.8pt)、1号艇のracer_win_teが不利(-29.4pt) / [2着]4号艇のclass_rank_2to6が有利(+21.7pt)、4号艇のwin_rate_rank_2to6が有利(+18.3pt) / [候補2]1号艇のvs_max234_diffが不利(-8.8pt)、1号艇vs3号艇のplace_rate差が不利(-7.8pt) / [除外]6号艇のwin_rate_rank_2to6が不利(-7.1pt)、1号艇の体重が不利(-6.3pt)、天気+9.3pt
