rank,venue_code,venue_name,race_no,closing_time,in_escape_prob,second_pred_1,second_pred_1_prob,second_pred_2,second_pred_2_prob,confidence_score,third_prob,top2_margin,adjusted_score,score_margin_blend,ticket_1,ticket_2,score_boat2,score_boat3,score_boat4,score_boat5,score_boat6,is_teppan,is_lunch,is_excluded,is_channel_target,race_grade,race_date,top_feat_1,top_feat_1_contrib,top_feat_2,top_feat_2_contrib,top_feat_3,top_feat_3_contrib,top_feat_4,top_feat_4_contrib,top_feat_5,top_feat_5_contrib,s2_top_feat_1,s2_top_feat_1_contrib,s2_top_feat_2,s2_top_feat_2_contrib,s2_top_feat_3,s2_top_feat_3_contrib,s2_top_feat_4,s2_top_feat_4_contrib,s2_top_feat_5,s2_top_feat_5_contrib,s2_top2_feat_1,s2_top2_feat_1_contrib,s2_top2_feat_2,s2_top2_feat_2_contrib,s2_top2_feat_3,s2_top2_feat_3_contrib,s2_top2_feat_4,s2_top2_feat_4_contrib,s2_top2_feat_5,s2_top2_feat_5_contrib,weather_contribution,wind_info,reason_text
1,20,若松,8,18:41,0.8330539625246077,2,0.611461769025515,3,0.2908919160255655,0.7517093129304845,0.05770308090299351,0.844650604148087,0.6996581809710107,0.7795917002957653,1-2,1-3,0.5093806496190116,0.2423286633114728,0.04806978019611676,0.01934883973114268,0.01392602346012806,True,False,False,False,エイトビート,2026-08-23,1号艇のdominance,0.2849,1号艇のracer_win_te,0.1983,風速区分,0.0868,1号艇の勝率順位,0.0866,1号艇の年齢,-0.0847,2号艇のwin_rate_rank_2to6,0.1802,2号艇のsession_exh_rel_avg,0.0935,2号艇のclass_rank_2to6,0.0863,2号艇の全国勝率,0.0511,2号艇の当地勝率,0.0443,3号艇のsession_exh_rel_avg,-0.0731,4号艇の体重,0.058,場特性:1x_diff_course3,0.0577,3号艇のclass_rank_2to6,0.0458,3号艇のwin_rate_rank_2to6,0.0456,0.1082,北 1.9m/s,[逃げ]1号艇のdominanceが有利(+28.5pt)、1号艇のracer_win_teが有利(+19.8pt) / [2着]2号艇のwin_rate_rank_2to6が有利(+18.0pt)、2号艇のsession_exh_rel_avgが有利(+9.4pt) / [候補2]3号艇のsession_exh_rel_avgが不利(-7.3pt)、4号艇の体重が有利(+5.8pt) / [除外]6号艇のwin_rate_rank_2to6が不利(-7.4pt)、6号艇のsession_exh_rel_avgが不利(-6.6pt)、天気+10.8pt
2,22,福岡,11,17:23,0.7835338715305972,3,0.4578076873736484,2,0.4123063072058404,0.6817637868458198,0.06724210859066489,0.8028718859888239,0.6267519053398963,0.718096216588721,1-3,1-2,0.3230559571414759,0.358707829704344,0.04521979964933915,0.052686469673924485,0.0038638011319192833,True,False,False,False,予選特選,2026-08-23,1号艇のdominance,0.1526,1号艇のracer_win_te,0.1417,1号艇のsession_exh_rel_avg,0.1261,1号艇の級別順位,0.0939,風速区分,0.0912,1号艇の直近1着率,0.1539,3号艇のsession_exh_rel_avg,0.0967,場特性:1x_diff_course3,0.0869,3号艇のwin_rate_rank_2to6,0.0743,3号艇の女子戦勝率,0.07,2号艇のwin_rate_rank_2to6,0.1692,2号艇のsession_exh_rel_avg,0.1249,2号艇の全国勝率,0.0588,場特性:1x_diff_course2,0.0525,1号艇の女子戦2連率,0.0433,0.1747,北西 1.9m/s,[逃げ]1号艇のdominanceが有利(+15.3pt)、1号艇のracer_win_teが有利(+14.2pt) / [2着]1号艇の直近1着率が有利(+15.4pt)、3号艇のsession_exh_rel_avgが有利(+9.7pt) / [候補2]2号艇のwin_rate_rank_2to6が有利(+16.9pt)、2号艇のsession_exh_rel_avgが有利(+12.5pt) / [除外]6号艇の女子戦2連率が不利(-8.5pt)、3号艇の一般戦勝率が不利(-6.3pt)、天気+17.5pt
3,07,蒲郡,11,20:03,0.8948567795561293,2,0.4237876375876142,3,0.3561811560756285,0.6979603628517684,0.13957000349162746,0.6403987901716153,0.5810631665154818,0.6806918910477224,1-2,1-3,0.37922924058735247,0.31873112226441597,0.12489516384715547,0.06407316132460712,0.007928079031593425,False,False,False,False,準優勝戦,2026-08-23,1号艇のdominance,0.2494,1号艇のracer_win_te,0.1784,1号艇のsession_exh_rel_avg,0.1221,1号艇のモーター2連率,0.1004,風速区分,0.0992,2号艇のsession_exh_rel_avg,0.1159,2号艇のclass_rank_2to6,0.0918,2号艇のwin_rate_rank_2to6,0.0659,1号艇vs2号艇のcumulative差,-0.0647,2号艇の全国勝率,0.0506,3号艇のwin_rate_rank_2to6,0.1612,3号艇の当地勝率,0.0906,3号艇のsession_exh_rel_avg,-0.0574,3号艇のracer_avgfin_te,0.0531,場特性:1x_diff_course3,0.0451,0.0891,南東 1.9m/s,[逃げ]1号艇のdominanceが有利(+24.9pt)、1号艇のracer_win_teが有利(+17.8pt) / [2着]2号艇のsession_exh_rel_avgが有利(+11.6pt)、2号艇のclass_rank_2to6が有利(+9.2pt) / [候補2]3号艇のwin_rate_rank_2to6が有利(+16.1pt)、3号艇の当地勝率が有利(+9.1pt) / [除外]6号艇のwin_rate_rank_2to6が不利(-7.5pt)、6号艇のsession_exh_rel_avgが不利(-5.7pt)、天気+8.9pt
4,19,下関,10,19:48,0.7460649842371669,2,0.4524895622927747,3,0.390662615147917,0.6290463159718226,0.0995835453923766,0.7435686320483151,0.5538751211392379,0.6634030107947703,1-2,1-3,0.3375866181594415,0.2914596978123811,0.07429579622344465,0.028334516201948986,0.014388351670987677,True,False,False,False,準優勝戦,2026-08-23,1号艇のsession_exh_rel_avg,-0.2365,1号艇のracer_win_te,0.2139,1号艇の節間得点,0.121,場特性:in_escape_diff,0.1115,3号艇の直近平均着順,0.0823,2号艇の枠別出走数,-0.2288,2号艇のwin_rate_rank_2to6,0.1666,2号艇の当地勝率,0.1226,2号艇のclass_rank_2to6,0.0955,2号艇のsession_exh_rel_avg,0.0887,3号艇のsession_exh_rel_avg,0.0964,1号艇の直近1着率,0.0793,3号艇のwin_rate_rank_2to6,0.0551,3号艇のracer_avgfin_te,0.0509,3号艇のracer_2nd_te,0.0472,0.104,東 3.1m/s,[逃げ]1号艇のsession_exh_rel_avgが不利(-23.7pt)、1号艇のracer_win_teが有利(+21.4pt) / [2着]2号艇の枠別出走数が不利(-22.9pt)、2号艇のwin_rate_rank_2to6が有利(+16.7pt) / [候補2]3号艇のsession_exh_rel_avgが有利(+9.6pt)、1号艇の直近1着率が有利(+7.9pt) / [除外]2号艇の直近1着率が不利(-7.2pt)、6号艇のwin_rate_rank_2to6が不利(-6.3pt)、天気+10.4pt
5,23,唐津,12,14:22,0.8628050957877976,3,0.4379680360137139,2,0.34341987563017784,0.6741854719533352,0.1631869430298225,0.6182009686140693,0.5421635525095156,0.6573901209515554,1-3,1-2,0.29630441868852914,0.37788105326480603,0.1407985260121639,0.034275536162372555,0.013545564070575567,True,True,False,False,優勝戦,2026-08-23,1号艇のracer_win_te,0.2022,1号艇のsession_exh_rel_avg,0.1785,1号艇のdominance,0.1389,風速区分,0.118,race_no,0.1107,3号艇のwin_rate_rank_2to6,0.1547,3号艇のsession_exh_rel_avg,0.1477,3号艇の節間得点,0.0936,5号艇の節間得点,-0.0807,3号艇のracer_avgfin_te,0.0736,2号艇のwin_rate_rank_2to6,-0.1246,2号艇のsession_exh_rel_avg,0.1048,2号艇の節間得点,0.0659,3号艇の全国2連率,0.0634,2号艇の全国勝率,0.0529,0.2156,南東 1.9m/s,[逃げ]1号艇のracer_win_teが有利(+20.2pt)、1号艇のsession_exh_rel_avgが有利(+17.8pt) / [2着]3号艇のwin_rate_rank_2to6が有利(+15.5pt)、3号艇のsession_exh_rel_avgが有利(+14.8pt) / [候補2]2号艇のwin_rate_rank_2to6が不利(-12.5pt)、2号艇のsession_exh_rel_avgが有利(+10.5pt) / [除外]4号艇の当地2連率が不利(-10.6pt)、4号艇の一般戦2連率が不利(-6.1pt)、天気+21.6pt
6,22,福岡,1,12:19,0.8202601318610532,2,0.4569879589340425,3,0.3049640212471316,0.6249988317352004,0.1481290754244048,0.6138229047567693,0.5139022328316784,0.621646053641671,1-2,1-3,0.37484900345415123,0.2501498282810492,0.12150437494007817,0.06424570489472602,0.009511202720732689,True,True,False,False,カタメン１予,2026-08-23,1号艇のdominance,0.3024,1号艇のsession_exh_rel_avg,0.1351,1号艇のracer_win_te,0.1304,1号艇の勝率順位,0.0876,1号艇のvs_max234_diff,0.0809,2号艇のwin_rate_rank_2to6,0.1975,2号艇のsession_avg_finish,-0.0513,5号艇のsession_avg_finish,-0.045,場特性:1x_diff_course2,0.0449,1号艇vs2号艇のplace_rate差,-0.044,3号艇のwin_rate_rank_2to6,-0.0967,3号艇の全国勝率,-0.064,3号艇の当地勝率,-0.0551,3号艇のracer_avgfin_te,-0.0501,3号艇のcumulative_diff_rank_2to6,-0.0434,0.053,北 2.1m/s,[逃げ]1号艇のdominanceが有利(+30.2pt)、1号艇のsession_exh_rel_avgが有利(+13.5pt) / [2着]2号艇のwin_rate_rank_2to6が有利(+19.7pt)、2号艇のsession_avg_finishが不利(-5.1pt) / [候補2]3号艇のwin_rate_rank_2to6が不利(-9.7pt)、3号艇の全国勝率が不利(-6.4pt) / [除外]6号艇のwin_rate_rank_2to6が不利(-11.0pt)、6号艇の直近平均着順が不利(-10.1pt)、天気+5.3pt
7,19,下関,8,18:48,0.7252590356233357,3,0.5337867219334342,2,0.2721127782184741,0.5844858942895014,0.12316385217191064,0.6827356479799978,0.4981008531524944,0.6139608203966502,1-3,1-2,0.1973522511115172,0.38713364317798415,0.089325696649855,0.03760394844645635,0.013843492184822368,True,False,False,False,一般,2026-08-23,1号艇のsession_exh_rel_avg,-0.1776,1号艇のdominance,0.1742,1号艇の勝率順位,0.0871,場特性:in_escape_diff,0.0828,風速区分,0.0743,3号艇のwin_rate_rank_2to6,0.1765,3号艇のsession_exh_rel_avg,0.0984,場特性:1x_diff_course3,0.0666,3号艇のclass_rank_2to6,0.0474,3号艇のracer_2nd_te,0.041,2号艇の節間得点,-0.0548,2号艇のsession_exh_rel_avg,0.0532,2号艇のclass_rank_2to6,-0.0489,2号艇のracer_2nd_te,-0.0363,2号艇のwin_rate_rank_2to6,-0.0358,0.0812,北東 0.8m/s,[逃げ]1号艇のsession_exh_rel_avgが不利(-17.8pt)、1号艇のdominanceが有利(+17.4pt) / [2着]3号艇のwin_rate_rank_2to6が有利(+17.7pt)、3号艇のsession_exh_rel_avgが有利(+9.8pt) / [候補2]2号艇の節間得点が不利(-5.5pt)、2号艇のsession_exh_rel_avgが有利(+5.3pt) / [除外]5号艇のsession_exh_rel_avgが不利(-7.3pt)、6号艇のwin_rate_rank_2to6が不利(-7.2pt)、天気+8.1pt
8,03,江戸川,12,16:25,0.7867041638200016,3,0.5241685511411704,2,0.20011719708611106,0.5697986139258877,0.11842948801191483,0.6058562602153668,0.48882146418531774,0.5806159078127314,1-3,1-2,0.15743303219963148,0.41236558172625626,0.09316897133804436,0.09094021769648937,0.032796337413969145,True,False,False,False,記者選抜戦,2026-08-23,1号艇のdominance,0.2141,場特性:in_escape_diff,-0.1084,1号艇のsession_exh_rel_avg,0.1075,風速区分,0.0993,1号艇のracer_win_te,0.091,3号艇のwin_rate_rank_2to6,0.1877,3号艇のsession_exh_rel_avg,0.0937,2号艇のvs_boat3_diff,0.0571,3号艇の節間得点,0.0417,3号艇のclass_rank_2to6,0.0373,2号艇のwin_rate_rank_2to6,-0.1452,2号艇のsession_exh_rel_avg,0.1103,6号艇の当地2連率,-0.0622,2号艇の全国勝率,-0.0596,2号艇のclass_rank_2to6,-0.0561,0.1253,南東 0.8m/s,[逃げ]1号艇のdominanceが有利(+21.4pt)、場特性:in_escape_diffが不利(-10.8pt) / [2着]3号艇のwin_rate_rank_2to6が有利(+18.8pt)、3号艇のsession_exh_rel_avgが有利(+9.4pt) / [候補2]2号艇のwin_rate_rank_2to6が不利(-14.5pt)、2号艇のsession_exh_rel_avgが有利(+11.0pt) / [除外]6号艇のwin_rate_rank_2to6が不利(-8.5pt)、5号艇のsession_exh_rel_avgが不利(-5.7pt)、天気+12.5pt
9,18,徳山,4,10:06,0.7671820628440702,2,0.5325460996910673,3,0.21902392351249045,0.5765910407730711,0.14499542039504293,0.6065746028085148,0.47626736834958294,0.5855861093837041,1-2,1-3,0.40855981532055685,0.16803122545251428,0.11123788572161221,0.07097964807054181,0.008373486849857125,False,False,True,False,ガチトク予選,2026-08-23,1号艇のdominance,0.2798,場特性:in_escape_diff,0.1658,1号艇のracer_win_te,0.129,1号艇vs4号艇の枠別平均ST差,-0.102,1号艇の勝率順位,0.0888,2号艇のwin_rate_rank_2to6,0.1564,2号艇のclass_rank_2to6,0.0945,2号艇のモーター2連率,0.0671,2号艇の全国勝率,0.0602,1号艇vs3号艇の枠別勝率差,0.0528,3号艇のwin_rate_rank_2to6,-0.1213,3号艇の全国勝率,-0.0587,3号艇のcumulative_diff_rank_2to6,0.05,場特性:1x_diff_course3,0.036,3号艇の当地勝率,0.0356,0.0517,南 2.3m/s,[逃げ]1号艇のdominanceが有利(+28.0pt)、場特性:in_escape_diffが有利(+16.6pt) / [2着]2号艇のwin_rate_rank_2to6が有利(+15.6pt)、2号艇のclass_rank_2to6が有利(+9.4pt) / [候補2]3号艇のwin_rate_rank_2to6が不利(-12.1pt)、3号艇の全国勝率が不利(-5.9pt) / [除外]6号艇のwin_rate_rank_2to6が不利(-7.0pt)、1号艇vs3号艇の枠別勝率差が不利(-5.5pt)、天気+5.2pt
10,21,芦屋,2,08:58,0.6465423558804394,4,0.4638188089770703,2,0.3595822036238746,0.5323636305213543,0.09350943606187923,0.7298915765390657,0.4726264030774665,0.5916220143266677,1-4,1-2,0.23248512506365976,0.06045781108849871,0.2998785054576945,0.03796921843472077,0.015751680782378374,False,False,True,False,サンライズＷ,2026-08-23,1号艇の年齢,-0.1093,1号艇の節間得点,0.0826,1号艇のモーター2連率順位,0.0656,1号艇のsession_exh_rel_avg,-0.0605,6号艇のモーター出走数,-0.0574,4号艇のwin_rate_rank_2to6,0.2378,4号艇のclass_rank_2to6,0.2125,1号艇のモーター出走数,0.1319,1号艇vs4号艇のcumulative差,-0.1102,6号艇のモーター出走数,0.1097,2号艇のsession_exh_rel_avg,-0.0881,2号艇の節間得点,0.0757,1号艇の年齢,0.0697,2号艇のclass_rank_2to6,-0.0616,win_rate_gap_top2_2to6,-0.0593,0.0305,北東 2.6m/s,[逃げ]1号艇の年齢が不利(-10.9pt)、1号艇の節間得点が有利(+8.3pt) / [2着]4号艇のwin_rate_rank_2to6が有利(+23.8pt)、4号艇のclass_rank_2to6が有利(+21.2pt) / [候補2]2号艇のsession_exh_rel_avgが不利(-8.8pt)、2号艇の節間得点が有利(+7.6pt) / [除外]6号艇のwin_rate_rank_2to6が不利(-6.3pt)、1号艇vs6号艇のcumulative差が不利(-5.8pt)、天気+3.1pt
11,19,下関,7,18:17,0.6916260576776068,3,0.6163269761337565,2,0.1462455372576702,0.5274150211302164,0.09546332973420801,0.6671091836572187,0.4669964682475027,0.569323269888317,1-3,1-2,0.10114722438646599,0.4262677967437505,0.06171607699220846,0.06602492639684775,0.03647004088785756,True,False,False,False,ふく～る戦,2026-08-23,1号艇の節間得点,0.1058,場特性:in_escape_diff,0.0866,1号艇の級別順位,-0.0738,1号艇のdominance,0.0711,風速区分,0.0708,3号艇のwin_rate_rank_2to6,0.1917,3号艇のsession_exh_rel_avg,0.1023,6号艇のracer_2nd_te,-0.06,3号艇の節間得点,0.0583,3号艇のclass_rank_2to6,0.0463,2号艇のwin_rate_rank_2to6,-0.1958,2号艇の全国勝率,-0.0874,2号艇のsession_exh_rel_avg,-0.0712,1号艇vs2号艇のplace_rate差,-0.0602,2号艇の直近平均着順,-0.0465,0.1224,北東 0.8m/s,[逃げ]1号艇の節間得点が有利(+10.6pt)、場特性:in_escape_diffが有利(+8.7pt) / [2着]3号艇のwin_rate_rank_2to6が有利(+19.2pt)、3号艇のsession_exh_rel_avgが有利(+10.2pt) / [候補2]2号艇のwin_rate_rank_2to6が不利(-19.6pt)、2号艇の全国勝率が不利(-8.7pt)、天気+12.2pt
12,16,児島,3,11:52,0.7902884789734943,2,0.5639026273126779,6,0.1437353761840961,0.5592381614473058,0.13845545024956685,0.5691825532472071,0.4663226757193938,0.5622214789872761,1-2,1-6,0.44564574962809345,0.1094197471833205,0.0942532247299058,0.02737733015667867,0.11359241181921233,True,True,False,False,一般,2026-08-23,1号艇のdominance,0.2029,1号艇のsession_exh_rel_avg,0.174,1号艇の勝率順位,0.0956,1号艇の女子戦比率,-0.0894,1号艇の級別順位,0.0743,2号艇のwin_rate_rank_2to6,0.2113,2号艇のclass_rank_2to6,0.1244,2号艇のsession_exh_rel_avg,-0.0583,4号艇の女子戦比率,0.0568,2号艇の全国勝率,0.0418,5号艇のracer_2nd_te,0.2436,1号艇vs6号艇の枠別平均ST差,-0.1741,3号艇の女子戦勝率,0.128,4号艇の枠別出走数,0.1016,5号艇のsession_exh_rel_delta,0.0961,0.0247,南西 2.2m/s,[逃げ]1号艇のdominanceが有利(+20.3pt)、1号艇のsession_exh_rel_avgが有利(+17.4pt) / [2着]2号艇のwin_rate_rank_2to6が有利(+21.1pt)、2号艇のclass_rank_2to6が有利(+12.4pt) / [候補2]5号艇のracer_2nd_teが有利(+24.4pt)、1号艇vs6号艇の枠別平均ST差が不利(-17.4pt) / [除外]4号艇の女子戦比率が不利(-15.0pt)、5号艇のracer_win_teが不利(-7.5pt)、天気+2.5pt
13,20,若松,11,20:10,0.726673032641936,3,0.5213716590385207,2,0.24564164369036579,0.5573678827707073,0.14123600868466146,0.625777294044225,0.46290338461284125,0.5778907061527625,1-3,1-2,0.17850115816362797,0.3788667246070792,0.10263239874912575,0.031201172696025327,0.035471562183669654,False,False,False,False,予選特選,2026-08-23,1号艇のdominance,0.1498,1号艇のsession_exh_rel_avg,0.1007,1号艇の級別順位,0.075,レース時間帯,0.0601,avg_entry_count,-0.0534,3号艇のwin_rate_rank_2to6,0.1819,3号艇のsession_exh_rel_avg,-0.0551,場特性:1x_diff_course3,0.0458,3号艇の年齢,-0.0362,3号艇の当地勝率,0.0309,2号艇のsession_exh_rel_avg,-0.1498,レース時間帯,-0.0662,2号艇のclass_rank_2to6,-0.0544,2号艇のcumulative_diff_rank_2to6,-0.0373,2号艇の全国勝率,0.0348,0.0773,東 2.2m/s,[逃げ]1号艇のdominanceが有利(+15.0pt)、1号艇のsession_exh_rel_avgが有利(+10.1pt) / [2着]3号艇のwin_rate_rank_2to6が有利(+18.2pt)、3号艇のsession_exh_rel_avgが不利(-5.5pt) / [候補2]2号艇のsession_exh_rel_avgが不利(-15.0pt)、レース時間帯が不利(-6.6pt) / [除外]6号艇のsession_exh_rel_avgが不利(-8.4pt)、4号艇のwin_rate_rank_2to6が不利(-5.1pt)、天気+7.7pt
14,07,蒲郡,7,17:55,0.7482317043606082,3,0.460198894858243,2,0.28742796303811746,0.55939811810956,0.15715165547725204,0.5904752024191084,0.4539057097114279,0.5687212434024245,1-3,1-2,0.2150627146649085,0.34433540344465147,0.1175858510208354,0.054524052428259646,0.016723694648319364,True,False,False,False,一般戦,2026-08-23,1号艇のdominance,0.1691,1号艇のsession_exh_rel_avg,0.1658,1号艇の年齢,-0.1012,1号艇の勝率順位,0.091,1号艇のracer_win_te,0.0882,3号艇のwin_rate_rank_2to6,0.1776,3号艇のsession_exh_rel_last,0.0922,3号艇のsession_exh_rel_avg,0.0803,場特性:1x_diff_course3,0.0493,3号艇のclass_rank_2to6,0.0446,1号艇vs2号艇のplace_rate差,-0.0645,2号艇のsession_exh_rel_avg,0.0551,2号艇のclass_rank_2to6,-0.0532,2号艇の直近平均着順,-0.0426,2号艇のwin_rate_rank_2to6,-0.0419,0.0487,南東 1.9m/s,[逃げ]1号艇のdominanceが有利(+16.9pt)、1号艇のsession_exh_rel_avgが有利(+16.6pt) / [2着]3号艇のwin_rate_rank_2to6が有利(+17.8pt)、3号艇のsession_exh_rel_lastが有利(+9.2pt) / [候補2]1号艇vs2号艇のplace_rate差が不利(-6.5pt)、2号艇のsession_exh_rel_avgが有利(+5.5pt) / [除外]6号艇のwin_rate_rank_2to6が不利(-8.6pt)、天気+4.9pt
15,07,蒲郡,9,18:55,0.7768722096836367,3,0.49848903807410044,2,0.23686982091208297,0.5712798616910342,0.1827437079789929,0.5526151510071906,0.44600250142805925,0.5656804484858811,1-3,1-2,0.1840175811793372,0.3872622805116969,0.14196850822342144,0.049061935572615706,0.014561893343786072,True,False,False,False,準優勝戦,2026-08-23,1号艇のdominance,0.2738,1号艇のracer_win_te,0.1697,1号艇の枠別出走数,-0.1143,風速区分,0.1097,1号艇のsession_exh_rel_avg,0.0911,3号艇のwin_rate_rank_2to6,0.1633,3号艇のsession_exh_rel_avg,0.0927,1号艇のracer_avgfin_te,0.0665,1号艇の一般戦勝率,0.0627,場特性:1x_diff_course3,0.0434,2号艇のsession_exh_rel_avg,-0.1108,1号艇vs2号艇のplace_rate差,-0.0491,2号艇のモーター2連率,-0.0444,2号艇のwin_rate_rank_2to6,-0.0415,2号艇の節間得点,0.0383,0.1275,南東 1.9m/s,[逃げ]1号艇のdominanceが有利(+27.4pt)、1号艇のracer_win_teが有利(+17.0pt) / [2着]3号艇のwin_rate_rank_2to6が有利(+16.3pt)、3号艇のsession_exh_rel_avgが有利(+9.3pt) / [候補2]2号艇のsession_exh_rel_avgが不利(-11.1pt)、1号艇vs2号艇のplace_rate差が不利(-4.9pt) / [除外]6号艇のwin_rate_rank_2to6が不利(-7.3pt)、天気+12.8pt
16,07,蒲郡,10,19:23,0.7370588648170908,2,0.4366252869568813,3,0.3148340351035952,0.5538697548741155,0.16317691525493533,0.5882824068055412,0.4454152452100771,0.5641935504535431,1-2,1-3,0.32181853835487545,0.23205121651924,0.12027099192215726,0.0440100659406948,0.01890805208012325,True,False,False,False,準優勝戦,2026-08-23,1号艇の節間得点,0.082,1号艇のdominance,0.0722,風速区分,0.0715,レース時間帯,0.0696,1号艇のracer_win_te,0.0641,2号艇のwin_rate_rank_2to6,0.1937,2号艇のclass_rank_2to6,0.0952,2号艇のracer_avgfin_te,0.0582,2号艇のsession_exh_rel_avg,-0.0548,2号艇の全国勝率,0.0527,3号艇のwin_rate_rank_2to6,-0.1071,3号艇のモーター2連率,0.0574,3号艇のcumulative_diff_rank_2to6,0.0496,2号艇のsession_rank_diff_delta,-0.0366,3号艇のracer_avgfin_te,0.0364,0.1112,南東 1.9m/s,[逃げ]1号艇の節間得点が有利(+8.2pt)、1号艇のdominanceが有利(+7.2pt) / [2着]2号艇のwin_rate_rank_2to6が有利(+19.4pt)、2号艇のclass_rank_2to6が有利(+9.5pt) / [候補2]3号艇のwin_rate_rank_2to6が不利(-10.7pt)、3号艇のモーター2連率が有利(+5.7pt) / [除外]4号艇のwin_rate_rank_2to6が不利(-5.1pt)、5号艇のsession_exh_rel_avgが不利(-5.0pt)、天気+11.1pt
17,20,若松,10,19:39,0.7111855411649715,3,0.48367821500383607,2,0.24016475418617395,0.5147866537618571,0.11387806224011093,0.6099649069498991,0.4444391658448917,0.5433401297182696,1-3,1-2,0.17080170067464645,0.34398495308721055,0.0809884313210516,0.06030813766085421,0.055102329018699055,True,False,False,False,予選特賞,2026-08-23,1号艇のdominance,0.1765,1号艇のracer_win_te,0.1077,風速区分,0.1007,3号艇のsession_exh_rel_avg,-0.0939,1号艇の級別順位,0.0824,3号艇のwin_rate_rank_2to6,0.1723,3号艇のsession_exh_rel_avg,0.1361,3号艇の全国勝率,0.0385,3号艇のclass_rank_2to6,0.0378,1号艇のsession_rank_diff_last,-0.0328,2号艇のwin_rate_rank_2to6,-0.1436,2号艇のsession_exh_rel_avg,0.0902,2号艇のclass_rank_2to6,-0.0624,2号艇の全国勝率,0.0434,2号艇のsession_avg_finish,-0.043,0.1722,東 1.7m/s,[逃げ]1号艇のdominanceが有利(+17.7pt)、1号艇のracer_win_teが有利(+10.8pt) / [2着]3号艇のwin_rate_rank_2to6が有利(+17.2pt)、3号艇のsession_exh_rel_avgが有利(+13.6pt) / [候補2]2号艇のwin_rate_rank_2to6が不利(-14.4pt)、2号艇のsession_exh_rel_avgが有利(+9.0pt) / [除外]4号艇のwin_rate_rank_2to6が不利(-5.4pt)、天気+17.2pt
18,08,常滑,12,16:09,0.7396125580181778,4,0.3948968454349975,3,0.3149027288461811,0.5249766788143161,0.12957988760839032,0.5802196866727882,0.44334497596897393,0.5415495811718577,1-4,1-3,0.09583891214174954,0.23290601280882864,0.2920706660054875,0.07393296114197846,0.044863983877961845,True,False,False,False,予選特選,2026-08-23,4号艇のsession_exh_rel_avg,-0.2436,1号艇のdominance,0.167,1号艇のracer_win_te,0.1441,1号艇のsession_exh_rel_avg,0.1425,1号艇のvs_max234_frame_diff,0.1233,4号艇のwin_rate_rank_2to6,0.1596,4号艇のsession_exh_rel_avg,0.117,4号艇のclass_rank_2to6,0.1131,4号艇の全国勝率,0.108,4号艇のモーター2連率,0.0587,3号艇のsession_exh_rel_avg,-0.1733,3号艇のwin_rate_rank_2to6,0.0922,1号艇vs2号艇の枠別勝率差,0.0442,3号艇のcumulative_diff_rank_2to6,0.0438,3号艇のclass_rank_2to6,0.0438,0.0183,南東 5.2m/s,[逃げ]4号艇のsession_exh_rel_avgが不利(-24.4pt)、1号艇のdominanceが有利(+16.7pt) / [2着]4号艇のwin_rate_rank_2to6が有利(+16.0pt)、4号艇のsession_exh_rel_avgが有利(+11.7pt) / [候補2]3号艇のsession_exh_rel_avgが不利(-17.3pt)、3号艇のwin_rate_rank_2to6が有利(+9.2pt) / [除外]6号艇の女子戦2連率が不利(-10.8pt)、1号艇vs2号艇の枠別勝率差が不利(-8.1pt)、天気+1.8pt
19,23,唐津,5,10:27,0.9003982175208961,2,0.3919851983400614,3,0.2751215512580115,0.6006617282342637,0.22056173395812134,0.4465450156399516,0.4416821374723064,0.55442671445597,1-2,1-3,0.3529427738799662,0.24771895435429742,0.19859339210921056,0.09841387207935541,0.002729245852455918,False,False,True,False,レッツ５戦,2026-08-23,1号艇のdominance,0.3275,1号艇のsession_exh_rel_avg,0.1414,1号艇のracer_win_te,0.123,1号艇のvs_max234_diff,0.1194,1号艇の年齢,-0.1054,3号艇のracer_win_te,0.0833,2号艇のwin_rate_rank_2to6,0.0749,6号艇の年齢,-0.0738,2号艇の全国勝率,-0.0698,2号艇の直近平均着順,-0.0692,3号艇の年齢,0.1716,3号艇のwin_rate_rank_2to6,-0.0928,3号艇のracer_avgfin_te,-0.0674,3号艇の全国勝率,-0.0627,3号艇の当地勝率,-0.0425,0.1028,南東 1.9m/s,[逃げ]1号艇のdominanceが有利(+32.8pt)、1号艇のsession_exh_rel_avgが有利(+14.1pt) / [2着]3号艇のracer_win_teが有利(+8.3pt)、2号艇のwin_rate_rank_2to6が有利(+7.5pt) / [候補2]3号艇の年齢が有利(+17.2pt)、3号艇のwin_rate_rank_2to6が不利(-9.3pt) / [除外]6号艇の全国勝率が不利(-17.9pt)、6号艇の直近平均着順が不利(-12.6pt)、天気+10.3pt
20,03,江戸川,11,15:53,0.8076406848460242,2,0.3568618488357972,3,0.35352982111470665,0.5737412148277358,0.19556923312939928,0.5148224368211045,0.43909385954942753,0.5560655814257464,1-2,1-3,0.2882161479891616,0.28552506683857415,0.1579496693794398,0.06482884473523334,0.011120944621005298,True,False,False,False,予選特選,2026-08-23,1号艇のdominance,0.3274,1号艇のracer_win_te,0.1917,場特性:in_escape_diff,-0.1241,1号艇のvs_max234_diff,0.1095,風速区分,0.0998,2号艇のwin_rate_rank_2to6,0.1684,2号艇のclass_rank_2to6,0.1041,2号艇のsession_exh_rel_avg,0.0996,2号艇の全国勝率,0.0439,2号艇のcumulative_diff_rank_2to6,-0.0428,3号艇のsession_exh_rel_avg,0.1288,3号艇のcumulative_diff_rank_2to6,0.0607,3号艇のsession_exh_rel_last,0.0535,3号艇のwin_rate_rank_2to6,-0.0507,5号艇のsession_exh_rel_last,-0.0466,0.0932,南東 0.9m/s,[逃げ]1号艇のdominanceが有利(+32.7pt)、1号艇のracer_win_teが有利(+19.2pt) / [2着]2号艇のwin_rate_rank_2to6が有利(+16.8pt)、2号艇のclass_rank_2to6が有利(+10.4pt) / [候補2]3号艇のsession_exh_rel_avgが有利(+12.9pt)、3号艇のcumulative_diff_rank_2to6が有利(+6.1pt) / [除外]6号艇のwin_rate_rank_2to6が不利(-8.9pt)、6号艇のvs_avg456_diffが不利(-6.3pt)、天気+9.3pt
21,18,徳山,11,13:49,0.7035058700383277,3,0.5030781761921034,2,0.22547330739035656,0.5125402453253929,0.12483896036929219,0.6037125232131677,0.4357582556767801,0.5398919286917253,1-3,1-2,0.1586217952860721,0.35391845003932076,0.08782494142927921,0.055962708405914996,0.04717795915315905,True,True,False,False,予選,2026-08-23,場特性:in_escape_diff,0.1947,1号艇の級別順位,-0.0896,風速区分,0.0817,1号艇のdominance,0.0651,1号艇の節間得点,-0.0617,3号艇のwin_rate_rank_2to6,0.1913,3号艇の当地勝率,-0.0498,2号艇のvs_boat3_diff,0.0458,3号艇の全国勝率,0.0452,3号艇のclass_rank_2to6,0.045,2号艇のwin_rate_rank_2to6,-0.1633,2号艇のsession_exh_rel_avg,0.0555,2号艇の全国勝率,-0.0545,1号艇の体重,-0.0485,2号艇のclass_rank_2to6,-0.0477,0.1302,東 1.4m/s,[逃げ]場特性:in_escape_diffが有利(+19.5pt)、1号艇の級別順位が不利(-9.0pt) / [2着]3号艇のwin_rate_rank_2to6が有利(+19.1pt)、3号艇の当地勝率が不利(-5.0pt) / [候補2]2号艇のwin_rate_rank_2to6が不利(-16.3pt)、2号艇のsession_exh_rel_avgが有利(+5.5pt)、天気+13.0pt
22,16,児島,12,16:50,0.6923910109739768,3,0.39577340805772965,2,0.3837485227954234,0.539733977779801,0.16179620523809457,0.6177257256150585,0.4349416864484004,0.5631315021303782,1-3,1-2,0.26570402765809337,0.27402995012170767,0.11202623811655735,0.027401358475681065,0.013229446274528048,True,False,False,False,優勝戦,2026-08-23,1号艇のracer_win_te,0.1991,1号艇のdominance,-0.1437,race_no,0.1103,3号艇のracer_win_te,-0.1067,風速区分,0.104,3号艇のwin_rate_rank_2to6,0.1733,3号艇のsession_exh_rel_avg,0.1143,3号艇の節間得点,0.0931,4号艇のsession_exh_rel_delta,-0.068,3号艇の全国勝率,0.0653,2号艇のsession_exh_rel_avg,0.0948,2号艇のwin_rate_rank_2to6,0.0678,2号艇の節間得点,0.0648,2号艇のracer_avgfin_te,0.0474,2号艇の全国勝率,0.0456,0.2098,北東 0.4m/s,[逃げ]1号艇のracer_win_teが有利(+19.9pt)、1号艇のdominanceが不利(-14.4pt) / [2着]3号艇のwin_rate_rank_2to6が有利(+17.3pt)、3号艇のsession_exh_rel_avgが有利(+11.4pt) / [候補2]2号艇のsession_exh_rel_avgが有利(+9.5pt)、2号艇のwin_rate_rank_2to6が有利(+6.8pt) / [除外]3号艇の節間得点が不利(-8.4pt)、3号艇のracer_win_teが不利(-6.3pt)、天気+21.0pt
23,16,児島,11,16:11,0.7740811763168531,2,0.46426438859199276,3,0.2616902475203895,0.561947818674546,0.189335906227805,0.5366187298845773,0.43427153927276596,0.5543490920375553,1-2,1-3,0.3593783240433144,0.20256949463123156,0.1465613610118367,0.03059405036927469,0.03497794626119579,True,False,False,False,選抜戦,2026-08-23,1号艇のdominance,0.2413,1号艇の女子戦比率,-0.1672,1号艇のsession_exh_rel_avg,0.1112,1号艇のracer_win_te,0.1106,1号艇の勝率順位,0.0786,2号艇の当地勝率,0.102,レース時間帯,-0.0645,2号艇のsession_exh_rel_avg,0.0632,2号艇の体重,-0.0607,2号艇のwin_rate_rank_2to6,0.0581,3号艇のwin_rate_rank_2to6,-0.1228,3号艇のsession_exh_rel_avg,0.0869,1号艇vs4号艇のlocal_win_rate差,-0.0596,1号艇vs2号艇のlocal_win_rate差,0.0506,3号艇の全国勝率,-0.0467,0.0211,北西 0.9m/s,[逃げ]1号艇のdominanceが有利(+24.1pt)、1号艇の女子戦比率が不利(-16.7pt) / [2着]2号艇の当地勝率が有利(+10.2pt)、レース時間帯が不利(-6.4pt) / [候補2]3号艇のwin_rate_rank_2to6が不利(-12.3pt)、3号艇のsession_exh_rel_avgが有利(+8.7pt) / [除外]1号艇vs2号艇のlocal_win_rate差が不利(-7.5pt)、5号艇のsession_exh_rel_avgが不利(-5.1pt)、天気+2.1pt
24,06,浜名湖,12,17:06,0.6624116296522532,2,0.4512653027190787,3,0.31078921353050115,0.5047937739927437,0.11727868169214746,0.6447758345574324,0.4337519159844163,0.5467883921621502,1-2,1-3,0.2989233845796623,0.20587038941308136,0.07768676266316327,0.04981782599056653,0.030113269473455342,True,False,False,False,予選特選,2026-08-23,1号艇のdominance,0.2803,1号艇のracer_win_te,0.1568,1号艇vs5号艇のcumulative差,-0.1144,風速区分,0.0955,1号艇の勝率順位,0.09,2号艇のsession_exh_rel_avg,0.0889,2号艇のwin_rate_rank_2to6,0.0662,6号艇のモーター出走数,0.0551,1号艇vs2号艇のcumulative差,0.0465,2号艇の節間得点,0.0438,3号艇のwin_rate_rank_2to6,-0.1118,3号艇のsession_exh_rel_avg,0.0985,1号艇のracer_avgfin_te,0.0665,1号艇の直近1着率,0.065,3号艇のcumulative_diff_rank_2to6,-0.0538,0.1407,南東 1.3m/s,[逃げ]1号艇のdominanceが有利(+28.0pt)、1号艇のracer_win_teが有利(+15.7pt) / [2着]2号艇のsession_exh_rel_avgが有利(+8.9pt)、2号艇のwin_rate_rank_2to6が有利(+6.6pt) / [候補2]3号艇のwin_rate_rank_2to6が不利(-11.2pt)、3号艇のsession_exh_rel_avgが有利(+9.9pt) / [除外]1号艇の当地勝率が不利(-8.3pt)、2号艇のracer_2nd_teが不利(-5.4pt)、天気+14.1pt
25,23,唐津,11,13:42,0.6185788701973134,2,0.5779993108339132,3,0.2276835175786771,0.498378373736836,0.1127104179252909,0.6929724104872994,0.4309714519902693,0.556756584761975,1-2,1-3,0.3575381606704678,0.14084021306636824,0.06972028297969347,0.03395131363451157,0.01652890675942992,True,True,False,False,選抜戦,2026-08-23,風速区分,0.0971,1号艇の節間得点,0.0938,1号艇の級別順位,-0.0757,1号艇のdominance,0.067,1号艇のsession_exh_rel_avg,-0.0634,2号艇の当地勝率,0.1258,2号艇のsession_exh_rel_avg,0.1119,2号艇のclass_rank_2to6,0.0903,2号艇のwin_rate_rank_2to6,0.0708,2号艇の節間得点,0.0607,3号艇のwin_rate_rank_2to6,0.193,3号艇のsession_exh_rel_avg,-0.1233,3号艇のcumulative_diff_rank_2to6,-0.0418,3号艇のclass_rank_2to6,0.0403,3号艇のracer_2nd_te,0.0399,0.173,南東 1.9m/s,[逃げ]風速区分が有利(+9.7pt)、1号艇の節間得点が有利(+9.4pt) / [2着]2号艇の当地勝率が有利(+12.6pt)、2号艇のsession_exh_rel_avgが有利(+11.2pt) / [候補2]3号艇のwin_rate_rank_2to6が有利(+19.3pt)、3号艇のsession_exh_rel_avgが不利(-12.3pt)、天気+17.3pt
26,23,唐津,1,08:40,0.8008821856630097,3,0.3539794685987564,2,0.31768764255205584,0.5379262240164222,0.1669775588055306,0.5046895523452817,0.4301402947719352,0.52795522251508,1-3,1-2,0.25443037352521947,0.28349585049120274,0.1337293522528471,0.09102478862557983,0.038201826735197945,False,False,True,False,朝１戦,2026-08-23,1号艇のdominance,0.3201,1号艇のvs_max234_diff,0.089,風速区分,0.0792,1号艇の勝率順位,0.0776,1号艇の級別順位,0.0645,3号艇のwin_rate_rank_2to6,0.1804,3号艇のsession_exh_rel_avg,-0.1744,3号艇の年齢,-0.0819,3号艇のsession_exh_rel_last,-0.0575,3号艇の節間得点,-0.044,2号艇のwin_rate_rank_2to6,-0.1752,2号艇の全国勝率,-0.0866,2号艇の直近平均着順,-0.0641,2号艇のsession_exh_rel_avg,0.0569,2号艇のclass_rank_2to6,-0.0477,0.0782,南東 1.9m/s,[逃げ]1号艇のdominanceが有利(+32.0pt)、1号艇のvs_max234_diffが有利(+8.9pt) / [2着]3号艇のwin_rate_rank_2to6が有利(+18.0pt)、3号艇のsession_exh_rel_avgが不利(-17.4pt) / [候補2]2号艇のwin_rate_rank_2to6が不利(-17.5pt)、2号艇の全国勝率が不利(-8.7pt) / [除外]6号艇のsession_exh_rel_avgが不利(-6.1pt)、5号艇のracer_avgfin_teが不利(-5.9pt)、天気+7.8pt
27,22,福岡,12,18:00,0.7105130172377625,4,0.47078362055456346,3,0.29741896425812275,0.5458179363851098,0.19179894558826927,0.576403639224417,0.4201931707669149,0.5549936472369019,1-4,1-3,0.13627564753294263,0.21132004567876905,0.3344978907063408,0.02331560822197278,0.005103841971515936,True,False,False,False,福岡選抜,2026-08-23,1号艇のracer_win_te,0.2099,4号艇の枠別出走数,-0.1326,race_no,0.1193,3号艇の女子戦2連率,0.0892,4号艇のracer_win_te,-0.0867,4号艇のwin_rate_rank_2to6,0.22,4号艇のclass_rank_2to6,0.2043,4号艇の当地勝率,0.1575,4号艇のracer_win_te,0.1377,4号艇のsession_exh_rel_avg,-0.1112,4号艇の全国2連率,-0.156,4号艇の当地2連率,0.1097,3号艇のwin_rate_rank_2to6,0.0631,3号艇のsession_exh_rel_avg,-0.0581,3号艇のcumulative_diff_rank_2to6,0.0493,0.1582,西 1.4m/s,[逃げ]1号艇のracer_win_teが有利(+21.0pt)、4号艇の枠別出走数が不利(-13.3pt) / [2着]4号艇のwin_rate_rank_2to6が有利(+22.0pt)、4号艇のclass_rank_2to6が有利(+20.4pt) / [候補2]4号艇の全国2連率が不利(-15.6pt)、4号艇の当地2連率が有利(+11.0pt) / [除外]4号艇の当地2連率が不利(-19.2pt)、6号艇のwin_rate_rank_2to6が不利(-7.0pt)、天気+15.8pt
28,20,若松,5,17:11,0.6497193960790626,2,0.4815336521642745,4,0.3013088583532519,0.5086279631584645,0.14575256161313585,0.6370899489043905,0.41966736891236306,0.5471665588822423,1-2,1-4,0.31286175367591784,0.09469826630826299,0.19576620948254664,0.024491256863791954,0.021901908538346528,True,False,False,False,戦隊,2026-08-23,1号艇のsession_exh_rel_avg,0.1895,1号艇のdominance,0.1502,1号艇の年齢,-0.1082,1号艇の節間得点,0.0695,風速区分,0.0659,2号艇のwin_rate_rank_2to6,0.1692,2号艇のclass_rank_2to6,0.0886,2号艇のsession_exh_rel_avg,0.0614,2号艇の全国勝率,0.0585,1号艇の年齢,0.0447,4号艇のclass_rank_2to6,0.1155,4号艇のwin_rate_rank_2to6,0.0979,4号艇のsession_exh_rel_avg,0.0719,4号艇のcumulative_diff_rank_2to6,0.0607,4号艇の節間得点,0.0538,0.0374,東 1.7m/s,[逃げ]1号艇のsession_exh_rel_avgが有利(+18.9pt)、1号艇のdominanceが有利(+15.0pt) / [2着]2号艇のwin_rate_rank_2to6が有利(+16.9pt)、2号艇のclass_rank_2to6が有利(+8.9pt) / [候補2]4号艇のclass_rank_2to6が有利(+11.6pt)、4号艇のwin_rate_rank_2to6が有利(+9.8pt) / [除外]3号艇のwin_rate_rank_2to6が不利(-5.5pt)、天気+3.7pt
29,20,若松,12,20:38,0.8298059261627058,2,0.363930348165106,3,0.2693122641127634,0.5254684723669286,0.16794507305763817,0.4652975392202312,0.4195686631895494,0.5074171924229194,1-2,1-3,0.3019915596178617,0.22347691274906684,0.13936181689305674,0.09439998640046975,0.07057564741098267,False,False,False,False,予選特選,2026-08-23,1号艇のdominance,0.231,2号艇のsession_exh_rel_avg,-0.1362,1号艇のracer_win_te,0.1122,race_no,0.107,1号艇の勝率順位,0.0953,2号艇のsession_exh_rel_avg,0.1969,2号艇のwin_rate_rank_2to6,-0.1427,2号艇のclass_rank_2to6,-0.0635,6号艇の当地2連率,-0.0619,1号艇の一般戦勝率,-0.0371,3号艇のsession_exh_rel_avg,-0.1704,3号艇の節間得点,-0.0631,3号艇のclass_rank_2to6,0.047,3号艇のcumulative_diff_rank_2to6,-0.0451,3号艇のwin_rate_rank_2to6,0.0434,0.0896,東 2.2m/s,[逃げ]1号艇のdominanceが有利(+23.1pt)、2号艇のsession_exh_rel_avgが不利(-13.6pt) / [2着]2号艇のsession_exh_rel_avgが有利(+19.7pt)、2号艇のwin_rate_rank_2to6が不利(-14.3pt) / [候補2]3号艇のsession_exh_rel_avgが不利(-17.0pt)、3号艇の節間得点が不利(-6.3pt)、天気+9.0pt
30,19,下関,4,16:46,0.6905356889169756,2,0.5518623029526482,3,0.15155968121980162,0.48573798443986854,0.11657220206645189,0.5868497821059979,0.41778972867169806,0.5160715237397073,1-2,1-3,0.3810806155567156,0.10465736888315293,0.0752017401797151,0.08049726586252624,0.04909869328997384,True,False,False,False,一般,2026-08-23,1号艇のdominance,0.1074,場特性:in_escape_diff,0.1011,1号艇の勝率順位,-0.088,風速区分,0.0874,1号艇のモーター2連率,0.0822,2号艇のwin_rate_rank_2to6,0.2034,2号艇のclass_rank_2to6,0.0878,6号艇のsession_rank_diff_delta,-0.0621,6号艇の直近平均着順,0.0573,2号艇の全国勝率,0.0539,3号艇のwin_rate_rank_2to6,-0.1272,3号艇のracer_avgfin_te,-0.0979,3号艇の全国勝率,-0.0877,3号艇のracer_2nd_te,-0.0621,3号艇の節間得点,0.0583,0.0667,東 2.0m/s,[逃げ]1号艇のdominanceが有利(+10.7pt)、場特性:in_escape_diffが有利(+10.1pt) / [2着]2号艇のwin_rate_rank_2to6が有利(+20.3pt)、2号艇のclass_rank_2to6が有利(+8.8pt) / [候補2]3号艇のwin_rate_rank_2to6が不利(-12.7pt)、3号艇のracer_avgfin_teが不利(-9.8pt) / [除外]6号艇のsession_exh_rel_avgが不利(-6.7pt)、天気+6.7pt
31,02,戸田,11,15:55,0.5787588752669472,3,0.43702532266928834,2,0.3832652290410037,0.4747504370999523,0.10976612372226356,0.7105244279880285,0.4122166188408578,0.5454826343663751,1-3,1-2,0.22181815288870022,0.252932284211252,0.03371573578537973,0.06352811830790983,0.006764592697884749,True,False,False,False,選抜戦,2026-08-23,場特性:in_escape_diff,-0.1684,1号艇のsession_exh_rel_avg,0.1418,1号艇のracer_win_te,0.1296,3号艇のracer_win_te,-0.1184,1号艇の節間得点,0.1144,3号艇のwin_rate_rank_2to6,0.2035,3号艇のモーター2連率,0.107,3号艇のsession_exh_rel_avg,0.1023,3号艇の節間得点,0.0599,3号艇の全国勝率,0.0578,2号艇のwin_rate_rank_2to6,-0.1405,2号艇のsession_exh_rel_avg,0.1042,2号艇のモーター2連率,0.0989,1号艇vs6号艇の枠別平均ST差,0.0806,2号艇のsession_avg_finish,0.0526,0.1113,南東 0.8m/s,[逃げ]場特性:in_escape_diffが不利(-16.8pt)、1号艇のsession_exh_rel_avgが有利(+14.2pt) / [2着]3号艇のwin_rate_rank_2to6が有利(+20.3pt)、3号艇のモーター2連率が有利(+10.7pt) / [候補2]2号艇のwin_rate_rank_2to6が不利(-14.0pt)、2号艇のsession_exh_rel_avgが有利(+10.4pt) / [除外]3号艇のracer_avgfin_teが不利(-9.0pt)、4号艇のwin_rate_rank_2to6が不利(-5.1pt)、天気+11.1pt
32,19,下関,1,15:25,0.6573819903516607,3,0.39023694409361687,2,0.3369212649501322,0.4780207107617287,0.11628483351422396,0.6108733755295251,0.41131684024099435,0.5178765101920676,1-3,1-2,0.2214859717447171,0.25653473901701157,0.07644355530329204,0.05508267113567878,0.04783504825308364,True,False,False,False,一般,2026-08-23,1号艇のdominance,-0.2465,1号艇のsession_exh_rel_avg,0.1218,1号艇の級別順位,0.0943,場特性:in_escape_diff,0.0883,1号艇の節間得点,0.0856,3号艇のモーター2連率,0.1034,3号艇のracer_avgfin_te,-0.0691,3号艇の当地勝率,-0.0685,3号艇のwin_rate_rank_2to6,-0.0682,3号艇のsession_exh_rel_avg,0.0541,2号艇のwin_rate_rank_2to6,-0.1529,2号艇のsession_exh_rel_avg,0.1203,2号艇の全国勝率,-0.0875,1号艇のsession_rank_diff_delta,-0.0616,2号艇の当地勝率,-0.0411,0.0127,東 3.1m/s,[逃げ]1号艇のdominanceが不利(-24.7pt)、1号艇のsession_exh_rel_avgが有利(+12.2pt) / [2着]3号艇のモーター2連率が有利(+10.3pt)、3号艇のracer_avgfin_teが不利(-6.9pt) / [候補2]2号艇のwin_rate_rank_2to6が不利(-15.3pt)、2号艇のsession_exh_rel_avgが有利(+12.0pt) / [除外]4号艇の年齢が不利(-8.3pt)、6号艇のsession_exh_rel_avgが不利(-7.0pt)、天気+1.3pt
33,23,唐津,9,12:33,0.7896379452698932,3,0.3289909382925635,2,0.3082416015871755,0.5031829934497523,0.1525648475736952,0.48466769230604373,0.41106134941294775,0.4976284031066397,1-3,1-2,0.2433992649239983,0.25978372852575404,0.12047099275850713,0.1186622108157091,0.04732176295407752,True,True,False,False,一般特選,2026-08-23,1号艇のdominance,0.3018,風速区分,0.0977,1号艇のsession_exh_rel_avg,0.0832,1号艇のvs_max234_diff,0.0797,1号艇の勝率順位,0.0768,3号艇の節間得点,-0.0558,3号艇のwin_rate_rank_2to6,0.055,second_best_win_rate,0.0503,3号艇のcumulative_diff_rank_2to6,-0.0425,3号艇のsession_exh_rel_avg,-0.0387,2号艇のsession_exh_rel_avg,-0.0713,2号艇の全国勝率,-0.0627,ST差分(3-2),-0.0616,2号艇のモーター2連率,-0.053,2号艇のclass_rank_2to6,-0.0396,0.1437,南東 1.9m/s,[逃げ]1号艇のdominanceが有利(+30.2pt)、風速区分が有利(+9.8pt) / [2着]3号艇の節間得点が不利(-5.6pt)、3号艇のwin_rate_rank_2to6が有利(+5.5pt) / [候補2]2号艇のsession_exh_rel_avgが不利(-7.1pt)、2号艇の全国勝率が不利(-6.3pt)、天気+14.4pt
34,16,児島,9,15:06,0.7165551553894483,4,0.4618010395284389,3,0.24619686865982482,0.5073195511172456,0.1753364024370711,0.5326615057511925,0.4005776491425804,0.5149221375074297,1-4,1-3,0.1256382030937223,0.17641363547893635,0.33090591563830923,0.040924605823531315,0.04267278734682116,True,False,False,False,一般特選,2026-08-23,1号艇のdominance,0.2965,1号艇の勝率順位,0.0818,1号艇の級別順位,0.0785,1号艇のvs_max234_diff,0.0742,1号艇vs5号艇のcumulative差,-0.0733,4号艇のwin_rate_rank_2to6,0.1886,4号艇のclass_rank_2to6,0.1442,2号艇のsession_exh_rel_delta,0.1006,4号艇の女子戦比率,-0.0605,3号艇の年齢,0.0574,5号艇のsession_exh_rel_avg,-0.1253,3号艇のwin_rate_rank_2to6,-0.0944,3号艇の全国勝率,-0.0745,3号艇のsession_exh_rel_avg,0.0656,3号艇のracer_avgfin_te,-0.0603,0.0739,北西 1.3m/s,[逃げ]1号艇のdominanceが有利(+29.7pt)、1号艇の勝率順位が有利(+8.2pt) / [2着]4号艇のwin_rate_rank_2to6が有利(+18.9pt)、4号艇のclass_rank_2to6が有利(+14.4pt) / [候補2]5号艇のsession_exh_rel_avgが不利(-12.5pt)、3号艇のwin_rate_rank_2to6が不利(-9.4pt) / [除外]5号艇のracer_win_teが不利(-11.6pt)、2号艇のsession_exh_rel_deltaが不利(-6.5pt)、天気+7.4pt
35,23,唐津,3,09:32,0.7004926178337895,4,0.3838588727695335,3,0.31454614008546206,0.4892275557630372,0.16070246570772728,0.5377025471472683,0.39488346635909555,0.5037700531783065,1-4,1-3,0.11257089089595067,0.22033724909797917,0.26889030666505803,0.04178249303402985,0.05691167292169509,False,False,True,False,３ライズ戦,2026-08-23,1号艇のdominance,0.1556,1号艇のsession_exh_rel_avg,0.1308,風速区分,0.0931,1号艇の勝率順位,0.0777,1号艇の級別順位,0.0667,4号艇のwin_rate_rank_2to6,0.2161,4号艇のclass_rank_2to6,0.2008,4号艇のsession_exh_rel_avg,0.075,win_rate_gap_top2_2to6,0.0644,3号艇の年齢,0.0511,3号艇のsession_exh_rel_avg,0.0829,3号艇の全国勝率,-0.0451,2号艇の女子戦勝率,0.0419,3号艇のwin_rate_rank_2to6,0.0417,場特性:1x_diff_course3,-0.0326,0.1215,南東 1.9m/s,[逃げ]1号艇のdominanceが有利(+15.6pt)、1号艇のsession_exh_rel_avgが有利(+13.1pt) / [2着]4号艇のwin_rate_rank_2to6が有利(+21.6pt)、4号艇のclass_rank_2to6が有利(+20.1pt) / [候補2]3号艇のsession_exh_rel_avgが有利(+8.3pt)、3号艇の全国勝率が不利(-4.5pt) / [除外]1号艇のsession_exh_rel_deltaが不利(-7.2pt)、天気+12.2pt
36,16,児島,7,13:53,0.7737083636443747,2,0.3776958864863471,3,0.28507960209548455,0.5127949387342499,0.1935668189364499,0.46920866964538177,0.39368283666524934,0.4997190580075894,1-2,1-3,0.29222646628856314,0.2205684724456868,0.061425123622419364,0.04972402158224069,0.1497642667351676,True,True,False,False,一般,2026-08-23,節間得点の分散(2-6号艇),-0.1934,1号艇のdominance,0.1909,1号艇のvs_max234_diff,0.1128,風速区分,0.1031,1号艇の勝率順位,0.0874,2号艇のsession_exh_rel_avg,0.0934,1号艇vs4号艇のcumulative差,0.0879,2号艇の全国勝率,-0.0782,2号艇のwin_rate_rank_2to6,0.0644,2号艇のracer_avgfin_te,-0.0499,6号艇の女子戦比率,0.1237,3号艇のwin_rate_rank_2to6,-0.0812,3号艇の節間得点,-0.079,3号艇のcumulative_diff_rank_2to6,-0.0569,4号艇の節間得点,0.0515,0.0534,南西 0.9m/s,[逃げ]節間得点の分散(2-6号艇)が不利(-19.3pt)、1号艇のdominanceが有利(+19.1pt) / [2着]2号艇のsession_exh_rel_avgが有利(+9.3pt)、1号艇vs4号艇のcumulative差が有利(+8.8pt) / [候補2]6号艇の女子戦比率が有利(+12.4pt)、3号艇のwin_rate_rank_2to6が不利(-8.1pt) / [除外]5号艇のracer_win_teが不利(-12.3pt)、6号艇の女子戦比率が不利(-5.9pt)、天気+5.3pt
37,23,唐津,2,09:06,0.6610015947445986,3,0.46157210914036784,2,0.27117297941024165,0.484345672073225,0.15961688442871896,0.5731282041218906,0.3915739754777904,0.5109804316878246,1-3,1-2,0.17924577184181395,0.3050999002314111,0.05052683787289348,0.10550701515554753,0.020622070874144065,False,False,True,False,モー２ング戦,2026-08-23,1号艇の勝率順位,-0.0742,1号艇のracer_win_te,0.0737,風速区分,0.073,1号艇の級別順位,0.0652,1号艇の節間得点,-0.0638,3号艇のwin_rate_rank_2to6,0.0523,場特性:1x_diff_course3,-0.0444,3号艇のclass_rank_2to6,0.0429,3号艇のsession_exh_rel_avg,0.0382,3号艇のモーター2連率,-0.0266,2号艇の節間得点,-0.0693,2号艇の全国勝率,-0.0611,2号艇のsession_exh_rel_avg,0.058,2号艇のclass_rank_2to6,-0.055,2号艇のwin_rate_rank_2to6,-0.0527,0.0777,南東 1.9m/s,[逃げ]1号艇の勝率順位が不利(-7.4pt)、1号艇のracer_win_teが有利(+7.4pt) / [2着]3号艇のwin_rate_rank_2to6が有利(+5.2pt)、場特性:1x_diff_course3が不利(-4.4pt) / [候補2]2号艇の節間得点が不利(-6.9pt)、2号艇の全国勝率が不利(-6.1pt) / [除外]6号艇のwin_rate_rank_2to6が不利(-7.0pt)、天気+7.8pt
38,19,下関,12,20:45,0.730944396463851,3,0.34357907629908563,2,0.3358948969779239,0.49665769330985854,0.1778447609124361,0.5016292123645735,0.390664130843442,0.498149149026273,1-3,1-2,0.245520492746816,0.25113720056304256,0.1299946314293985,0.08232333103854078,0.021968761108403675,False,False,False,False,一般,2026-08-23,1号艇のsession_exh_rel_avg,0.1132,race_no,0.111,1号艇のdominance,0.0888,1号艇の級別順位,0.0763,場特性:in_escape_diff,0.0731,3号艇のwin_rate_rank_2to6,0.1643,3号艇のsession_exh_rel_avg,-0.1416,場特性:1x_diff_course3,0.0421,3号艇のclass_rank_2to6,0.037,3号艇の当地勝率,0.0239,2号艇のwin_rate_rank_2to6,-0.1535,2号艇のsession_exh_rel_avg,0.0621,2号艇のclass_rank_2to6,-0.0503,1号艇のsession_rank_diff_last,0.0483,場特性:in_escape_diff,0.0391,0.1059,東 3.2m/s,[逃げ]1号艇のsession_exh_rel_avgが有利(+11.3pt)、race_noが有利(+11.1pt) / [2着]3号艇のwin_rate_rank_2to6が有利(+16.4pt)、3号艇のsession_exh_rel_avgが不利(-14.2pt) / [候補2]2号艇のwin_rate_rank_2to6が不利(-15.4pt)、2号艇のsession_exh_rel_avgが有利(+6.2pt) / [除外]6号艇のwin_rate_rank_2to6が不利(-6.1pt)、天気+10.6pt
39,18,徳山,12,14:29,0.7397927741387784,2,0.43199552435532484,3,0.23974693869907532,0.4969502202498306,0.18427243411100258,0.48747002894339764,0.38706114818890847,0.49410616285790065,1-2,1-3,0.31958716737836196,0.17736305287146859,0.13632341522828387,0.08295272755507244,0.02356641523950578,True,True,False,False,ドリーム戦,2026-08-23,場特性:in_escape_diff,0.2039,1号艇のracer_win_te,0.1828,1号艇のdominance,0.1102,race_no,0.0931,風速区分,0.0807,2号艇のsession_exh_rel_avg,0.0831,1号艇vs5号艇の直近複勝率差,0.071,場特性:in_escape_diff,0.0706,4号艇のracer_2nd_te,-0.0619,2号艇の全国勝率,0.0614,3号艇のwin_rate_rank_2to6,-0.1122,場特性:1x_diff_course3,0.0507,3号艇のcumulative_diff_rank_2to6,0.0485,全艇平均勝率,-0.04,3号艇の全国2連率,0.0347,0.1354,東 1.5m/s,[逃げ]場特性:in_escape_diffが有利(+20.4pt)、1号艇のracer_win_teが有利(+18.3pt) / [2着]2号艇のsession_exh_rel_avgが有利(+8.3pt)、1号艇vs5号艇の直近複勝率差が有利(+7.1pt) / [候補2]3号艇のwin_rate_rank_2to6が不利(-11.2pt)、場特性:1x_diff_course3が有利(+5.1pt) / [除外]6号艇のwin_rate_rank_2to6が不利(-6.7pt)、4号艇の一般戦2連率が不利(-5.9pt)、天気+13.5pt
40,06,浜名湖,5,13:37,0.5645830039118909,2,0.5571700723038868,3,0.22412373526629562,0.4411052048157324,0.10861507347743667,0.6726787340927457,0.38361239573692374,0.5105772635988364,1-2,1-3,0.31456875311113386,0.12653645170459857,0.035702867730481404,0.026452719531088634,0.06132222445400194,True,True,False,False,予選,2026-08-23,1号艇の勝率順位,-0.0616,1号艇のdominance,0.0584,1号艇のsession_exh_rel_avg,-0.056,1号艇のモーター2連率順位,-0.0544,場特性:in_escape_diff,-0.0504,2号艇のclass_rank_2to6,0.0876,2号艇のwin_rate_rank_2to6,0.0777,2号艇のsession_exh_rel_avg,-0.0655,4号艇のモーター2連率,0.0544,2号艇の全国勝率,0.0469,3号艇のsession_exh_rel_avg,0.1299,3号艇のwin_rate_rank_2to6,-0.0953,3号艇の全国勝率,-0.0723,6号艇のracer_2nd_te,-0.0583,3号艇のracer_2nd_te,-0.0413,0.0184,南 2.7m/s,[逃げ]1号艇の勝率順位が不利(-6.2pt)、1号艇のdominanceが有利(+5.8pt) / [2着]2号艇のclass_rank_2to6が有利(+8.8pt)、2号艇のwin_rate_rank_2to6が有利(+7.8pt) / [候補2]3号艇のsession_exh_rel_avgが有利(+13.0pt)、3号艇のwin_rate_rank_2to6が不利(-9.5pt) / [除外]5号艇のracer_avgfin_teが不利(-6.5pt)、天気+1.8pt
41,21,芦屋,1,08:32,0.646901995902706,3,0.5143038578730048,4,0.20729737761276387,0.46680527948160233,0.15502119172658074,0.5665800437591879,0.37996762660620526,0.496737708764878,1-3,1-4,0.10028351833514114,0.33270419215850844,0.1341010873230939,0.07298510626769489,0.006828095433114204,False,False,True,False,サンライズＶ,2026-08-23,1号艇のdominance,0.1314,1号艇の年齢,-0.118,1号艇の級別順位,0.0851,1号艇のsession_exh_rel_avg,-0.0828,1号艇のlocal_win_rate順位,0.0751,3号艇のwin_rate_rank_2to6,0.183,3号艇のsession_exh_rel_avg,0.0891,6号艇のモーター出走数,0.0659,2号艇のvs_boat3_diff,0.0503,場特性:1x_diff_course3,0.0491,6号艇の平均ST,-0.0952,場特性:1x_diff_course4,0.0938,5号艇のsession_rank_diff_delta,0.093,4号艇のwin_rate_rank_2to6,0.074,4号艇の節間得点,-0.0618,0.0677,北 2.3m/s,[逃げ]1号艇のdominanceが有利(+13.1pt)、1号艇の年齢が不利(-11.8pt) / [2着]3号艇のwin_rate_rank_2to6が有利(+18.3pt)、3号艇のsession_exh_rel_avgが有利(+8.9pt) / [候補2]6号艇の平均STが不利(-9.5pt)、場特性:1x_diff_course4が有利(+9.4pt) / [除外]6号艇のwin_rate_rank_2to6が不利(-11.3pt)、6号艇の直近平均着順が不利(-10.7pt)、天気+6.8pt
42,08,常滑,1,10:31,0.6427088671604326,2,0.40374729317119684,3,0.2758445483665668,0.4367797026062083,0.12150172789090628,0.5580901136468573,0.37309631631701173,0.47317282591840304,1-2,1-3,0.259491965413151,0.17728773719305732,0.06704918101574672,0.06078975043623223,0.07809023789079952,False,False,True,False,朝トコ小判Ｒ,2026-08-23,1号艇のdominance,0.2111,1号艇の年齢,-0.1922,1号艇のsession_exh_rel_avg,-0.1643,1号艇の勝率順位,0.0826,1号艇のlocal_win_rate順位,0.0758,2号艇のsession_exh_rel_avg,-0.0937,2号艇のwin_rate_rank_2to6,0.0651,2号艇のclass_rank_2to6,-0.0577,1号艇の年齢,-0.0528,1号艇の女子戦2連率,0.043,3号艇のsession_exh_rel_avg,-0.1156,3号艇のwin_rate_rank_2to6,-0.1153,3号艇のracer_avgfin_te,-0.0794,3号艇の全国勝率,-0.0628,3号艇の当地勝率,-0.0505,-0.0133,南西 2.1m/s,[逃げ]1号艇のdominanceが有利(+21.1pt)、1号艇の年齢が不利(-19.2pt) / [2着]2号艇のsession_exh_rel_avgが不利(-9.4pt)、2号艇のwin_rate_rank_2to6が有利(+6.5pt) / [候補2]3号艇のsession_exh_rel_avgが不利(-11.6pt)、3号艇のwin_rate_rank_2to6が不利(-11.5pt) / [除外]5号艇のracer_avgfin_teが不利(-5.8pt)、天気-1.3pt
43,18,徳山,2,09:14,0.780628633092614,3,0.423445203454092,4,0.21854273609142302,0.501154167709359,0.21478703470628466,0.42720090483923034,0.3719844665737719,0.4789681888483204,1-3,1-4,0.16766890930878284,0.33055345036199163,0.17060071734736743,0.09553213260768467,0.016273404564343567,False,False,True,False,狙いトク特選,2026-08-23,場特性:in_escape_diff,0.1819,1号艇のdominance,0.1701,1号艇の勝率順位,0.1075,1号艇の級別順位,0.0745,1号艇のracer_win_te,0.071,3号艇のwin_rate_rank_2to6,0.0841,場特性:1x_diff_course3,0.0517,3号艇のclass_rank_2to6,0.0479,3号艇のcumulative_diff_rank_2to6,0.0401,3号艇の全国勝率,0.0347,4号艇の一般戦2連率,0.1139,4号艇のwin_rate_rank_2to6,-0.0849,4号艇のclass_rank_2to6,-0.077,4号艇のcumulative_diff_rank_2to6,0.046,4号艇の全国勝率,0.0442,0.0304,南 2.2m/s,[逃げ]場特性:in_escape_diffが有利(+18.2pt)、1号艇のdominanceが有利(+17.0pt) / [2着]3号艇のwin_rate_rank_2to6が有利(+8.4pt)、場特性:1x_diff_course3が有利(+5.2pt) / [候補2]4号艇の一般戦2連率が有利(+11.4pt)、4号艇のwin_rate_rank_2to6が不利(-8.5pt) / [除外]6号艇のwin_rate_rank_2to6が不利(-7.4pt)、4号艇の一般戦2連率が不利(-6.2pt)、天気+3.0pt
44,23,唐津,10,13:07,0.6889121222898655,2,0.4740843835362504,5,0.2276893288571338,0.483460417572164,0.19302518474014163,0.5087485276532425,0.37147637387246846,0.49104685059648756,1-2,1-5,0.32660247880644083,0.13297738967472433,0.05014868151721572,0.15685793876572318,0.022325627109767314,True,True,False,False,選抜戦,2026-08-23,風速区分,0.0859,1号艇のracer_win_te,0.0812,1号艇の体重,-0.07,1号艇のsession_exh_rel_avg,-0.0695,1号艇のdominance,0.0686,2号艇の当地勝率,0.1281,2号艇のclass_rank_2to6,0.1244,2号艇のwin_rate_rank_2to6,0.0957,2号艇の一般戦勝率,-0.0611,2号艇の全国勝率,0.0591,5号艇のwin_rate_rank_2to6,0.2502,5号艇のclass_rank_2to6,0.1195,4号艇のsession_exh_rel_avg,0.1159,5号艇のsession_exh_rel_avg,-0.0681,5号艇の枠別勝率,0.0404,0.1672,南東 1.9m/s,[逃げ]風速区分が有利(+8.6pt)、1号艇のracer_win_teが有利(+8.1pt) / [2着]2号艇の当地勝率が有利(+12.8pt)、2号艇のclass_rank_2to6が有利(+12.4pt) / [候補2]5号艇のwin_rate_rank_2to6が有利(+25.0pt)、5号艇のclass_rank_2to6が有利(+12.0pt) / [除外]4号艇のsession_exh_rel_avgが不利(-5.6pt)、天気+16.7pt
45,16,児島,10,15:39,0.6789575935093134,4,0.3719074757968648,3,0.2980519501546569,0.4548740395929262,0.15377795849157608,0.5161814674599456,0.3709345181776264,0.47326626795303206,1-4,1-3,0.10440871263221557,0.20236463481776368,0.25250940477516254,0.09052416969933874,0.0291506627322334,True,False,False,False,選抜戦,2026-08-23,1号艇のdominance,0.1679,1号艇の女子戦比率,-0.1594,1号艇の勝率順位,0.0911,1号艇の節間得点,0.0708,1号艇vs4号艇の枠別平均ST差,-0.0704,4号艇のclass_rank_2to6,0.109,3号艇の年齢,0.0706,4号艇の年齢,0.066,4号艇のwin_rate_rank_2to6,0.0613,4号艇のsession_exh_rel_avg,0.0593,3号艇のwin_rate_rank_2to6,0.1872,3号艇のsession_exh_rel_avg,-0.0985,3号艇の当地勝率,0.0817,3号艇の女子戦比率,-0.0561,3号艇の全国勝率,0.0408,0.1599,北西 0.9m/s,[逃げ]1号艇のdominanceが有利(+16.8pt)、1号艇の女子戦比率が不利(-15.9pt) / [2着]4号艇のclass_rank_2to6が有利(+10.9pt)、3号艇の年齢が有利(+7.1pt) / [候補2]3号艇のwin_rate_rank_2to6が有利(+18.7pt)、3号艇のsession_exh_rel_avgが不利(-9.9pt) / [除外]6号艇のwin_rate_rank_2to6が不利(-7.6pt)、2号艇のwin_rate_rank_2to6が不利(-6.6pt)、天気+16.0pt
46,16,児島,4,12:23,0.5368562068544143,2,0.44981111016013775,4,0.3598074379902234,0.43464874275898085,0.130116484079321,0.6795020640710402,0.3667827832982259,0.5081047391525987,1-2,1-4,0.24148388640154464,0.06985384209205706,0.19316485635743622,0.031150211165976827,0.001203402712622089,True,True,False,False,一般,2026-08-23,1号艇の女子戦比率,-0.1951,3号艇のsession_exh_rel_avg,-0.1137,1号艇のdominance,-0.0732,風速区分,0.0626,1号艇の年齢,0.0606,2号艇のsession_exh_rel_avg,0.1189,2号艇の女子戦比率,-0.0833,3号艇のracer_2nd_te,0.0674,2号艇の節間得点,0.0507,3号艇のracer_avgfin_te,0.0506,4号艇のclass_rank_2to6,0.2428,4号艇のwin_rate_rank_2to6,0.2128,4号艇のsession_exh_rel_avg,-0.0937,4号艇の全国勝率,0.0686,4号艇の女子戦比率,-0.0476,0.0633,南 1.7m/s,[逃げ]1号艇の女子戦比率が不利(-19.5pt)、3号艇のsession_exh_rel_avgが不利(-11.4pt) / [2着]2号艇のsession_exh_rel_avgが有利(+11.9pt)、2号艇の女子戦比率が不利(-8.3pt) / [候補2]4号艇のclass_rank_2to6が有利(+24.3pt)、4号艇のwin_rate_rank_2to6が有利(+21.3pt) / [除外]6号艇の全国勝率が不利(-15.5pt)、6号艇の直近平均着順が不利(-12.9pt)、天気+6.3pt
47,19,下関,9,19:16,0.5152875759967586,2,0.5842732952918335,4,0.2280553932328283,0.4185828808224989,0.11455561517400925,0.6977730733506525,0.3610416575257825,0.502339938580945,1-2,1-4,0.3010687700505672,0.05902908525983272,0.11751411077193168,0.010966066896782508,0.02670954109804859,True,False,False,False,準優勝戦,2026-08-23,1号艇の年齢,-0.1361,1号艇の節間得点,0.1097,2号艇のsession_exh_rel_avg,-0.1054,1号艇の級別順位,-0.0896,ST差分(4-3),-0.0779,2号艇のwin_rate_rank_2to6,0.2176,2号艇のsession_exh_rel_avg,0.1548,2号艇のclass_rank_2to6,0.0792,2号艇の全国勝率,0.05,1号艇の年齢,0.0491,4号艇のclass_rank_2to6,0.119,4号艇のsession_exh_rel_avg,0.0844,4号艇のwin_rate_rank_2to6,-0.0755,2号艇のracer_avgfin_te,-0.0649,4号艇の年齢,-0.0644,0.0349,東 2.2m/s,[逃げ]1号艇の年齢が不利(-13.6pt)、1号艇の節間得点が有利(+11.0pt) / [2着]2号艇のwin_rate_rank_2to6が有利(+21.8pt)、2号艇のsession_exh_rel_avgが有利(+15.5pt) / [候補2]4号艇のclass_rank_2to6が有利(+11.9pt)、4号艇のsession_exh_rel_avgが有利(+8.4pt)、天気+3.5pt
48,20,若松,9,19:10,0.7242030915480622,2,0.3861314704211645,5,0.24750933225229454,0.4588846282271146,0.1814510014741884,0.4521898011992706,0.35896653780360993,0.4568761801187614,1-2,1-5,0.27963760462300646,0.12090577566474528,0.13140737623209922,0.1792470236041082,0.013005316819836464,True,False,False,False,予選,2026-08-23,2号艇の枠別勝率,0.3188,1号艇のdominance,0.1663,1号艇のsession_exh_rel_avg,-0.0763,1号艇のvs_max234_frame_diff,-0.068,1号艇の級別順位,0.064,2号艇のsession_exh_rel_avg,-0.0822,2号艇のclass_rank_2to6,-0.0671,2号艇のwin_rate_rank_2to6,0.0639,2号艇のsession_avg_finish,-0.0557,2号艇の全国勝率,0.0421,5号艇のwin_rate_rank_2to6,0.2482,5号艇のclass_rank_2to6,0.129,5号艇のsession_exh_rel_avg,0.1049,max_234_frame_win_rate,0.0759,2号艇の枠別勝率,-0.0734,0.0759,北東 1.1m/s,[逃げ]2号艇の枠別勝率が有利(+31.9pt)、1号艇のdominanceが有利(+16.6pt) / [2着]2号艇のsession_exh_rel_avgが不利(-8.2pt)、2号艇のclass_rank_2to6が不利(-6.7pt) / [候補2]5号艇のwin_rate_rank_2to6が有利(+24.8pt)、5号艇のclass_rank_2to6が有利(+12.9pt) / [除外]4号艇の年齢が不利(-11.4pt)、6号艇のwin_rate_rank_2to6が不利(-6.6pt)、天気+7.6pt
49,21,芦屋,6,10:50,0.7951213996570786,3,0.29662033018289413,2,0.2546880669769358,0.4383571043924246,0.15645245583432757,0.3948559413255024,0.35605864977488116,0.4253067554723479,1-3,1-2,0.20250793229065697,0.2358491721017676,0.11316790886374828,0.11919770851047617,0.12439869566277781,False,False,True,False,予選,2026-08-23,1号艇のdominance,0.1672,1号艇のsession_exh_rel_avg,0.1398,1号艇の勝率順位,0.0955,1号艇の級別順位,-0.0866,1号艇vs4号艇のcumulative差,0.0621,3号艇のwin_rate_rank_2to6,0.2,3号艇のsession_exh_rel_avg,-0.1247,3号艇の年齢,-0.1138,6号艇のモーター出走数,0.0796,4号艇のモーター出走数,-0.078,2号艇のwin_rate_rank_2to6,-0.1834,4号艇の体重,0.0836,2号艇のsession_exh_rel_avg,0.0712,2号艇の全国勝率,-0.0596,2号艇のclass_rank_2to6,-0.0496,0.0713,北東 2.5m/s,[逃げ]1号艇のdominanceが有利(+16.7pt)、1号艇のsession_exh_rel_avgが有利(+14.0pt) / [2着]3号艇のwin_rate_rank_2to6が有利(+20.0pt)、3号艇のsession_exh_rel_avgが不利(-12.5pt) / [候補2]2号艇のwin_rate_rank_2to6が不利(-18.3pt)、4号艇の体重が有利(+8.4pt) / [除外]1号艇vs5号艇の枠別平均ST差が不利(-6.9pt)、天気+7.1pt
50,08,常滑,11,15:33,0.7817501941336295,2,0.29500974906806504,3,0.2881055957031389,0.4558505339771869,0.18278332492233232,0.40033201984887157,0.35586428245562185,0.43919497973869226,1-2,1-3,0.23062392860527314,0.22522660537191377,0.14289089974242355,0.1140625973779252,0.06894615721160091,True,False,False,False,予選特選,2026-08-23,1号艇のdominance,0.1474,風速区分,-0.1226,1号艇のracer_win_te,0.0892,場特性:in_escape_diff,0.0877,3号艇の直近平均着順,0.086,2号艇のwin_rate_rank_2to6,-0.1457,2号艇のsession_exh_rel_avg,-0.1401,2号艇の全国勝率,0.0703,レース時間帯,-0.0561,2号艇の女子戦2連率,0.0316,3号艇のwin_rate_rank_2to6,0.1998,3号艇のsession_exh_rel_avg,-0.0726,3号艇の当地勝率,0.0688,3号艇の節間得点,-0.0647,3号艇のracer_2nd_te,0.055,-0.114,南東 6.1m/s,[逃げ]1号艇のdominanceが有利(+14.7pt)、風速区分が不利(-12.3pt) / [2着]2号艇のwin_rate_rank_2to6が不利(-14.6pt)、2号艇のsession_exh_rel_avgが不利(-14.0pt) / [候補2]3号艇のwin_rate_rank_2to6が有利(+20.0pt)、3号艇のsession_exh_rel_avgが不利(-7.3pt)、天気-11.4pt
51,18,徳山,8,12:10,0.764635179025503,2,0.332019904249805,4,0.26860868709246905,0.4592617504688354,0.19102243546555014,0.40960615587672383,0.3539865927599609,0.4443650720912019,1-2,1-4,0.25387409892608004,0.14606247414008855,0.2053876515427554,0.07044166822730263,0.08886928903776453,True,True,False,False,予選,2026-08-23,1号艇のdominance,0.1697,場特性:in_escape_diff,0.165,1号艇の勝率順位,0.0939,1号艇の級別順位,-0.089,1号艇vs3号艇のplace_rate差,0.0727,2号艇のsession_exh_rel_avg,0.0693,2号艇のclass_rank_2to6,-0.0612,場特性:1x_diff_course2,0.0556,2号艇のモーター2連率,-0.0389,2号艇のwin_rate_rank_2to6,-0.0383,win_rate_gap_top2_2to6,-0.2306,4号艇のwin_rate_rank_2to6,0.1502,4号艇のclass_rank_2to6,0.1186,4号艇の年齢,-0.0799,4号艇のcumulative_diff_rank_2to6,0.0792,0.0726,南 0.7m/s,[逃げ]1号艇のdominanceが有利(+17.0pt)、場特性:in_escape_diffが有利(+16.5pt) / [2着]2号艇のsession_exh_rel_avgが有利(+6.9pt)、2号艇のclass_rank_2to6が不利(-6.1pt) / [候補2]win_rate_gap_top2_2to6が不利(-23.1pt)、4号艇のwin_rate_rank_2to6が有利(+15.0pt)、天気+7.3pt
52,21,芦屋,4,09:50,0.7462058996807857,2,0.3565352514915747,4,0.30492872727626863,0.49358832338289066,0.23681999468345433,0.424643984084389,0.35331842243966916,0.47290502159334014,1-2,1-4,0.26604870810718567,0.17671647719516592,0.22753961527570496,0.026933555956977016,0.04896753619616808,False,False,True,False,サンライズＹ,2026-08-23,1号艇のdominance,0.1686,1号艇のsession_exh_rel_avg,0.1476,1号艇のracer_win_te,0.1255,5号艇の平均ST,0.0807,1号艇vs5号艇のcumulative差,0.0733,2号艇のwin_rate_rank_2to6,0.1725,2号艇のclass_rank_2to6,0.0665,2号艇の全国勝率,0.0554,3号艇のモーター出走数,0.0508,1号艇vs2号艇のcumulative差,-0.0494,4号艇のモーター2連率,0.1724,4号艇のsession_exh_rel_avg,0.0957,1号艇のモーター出走数,0.0863,4号艇のwin_rate_rank_2to6,-0.0794,4号艇の節間得点,0.0774,0.0792,北 2.3m/s,[逃げ]1号艇のdominanceが有利(+16.9pt)、1号艇のsession_exh_rel_avgが有利(+14.8pt) / [2着]2号艇のwin_rate_rank_2to6が有利(+17.3pt)、2号艇のclass_rank_2to6が有利(+6.6pt) / [候補2]4号艇のモーター2連率が有利(+17.2pt)、4号艇のsession_exh_rel_avgが有利(+9.6pt) / [除外]5号艇のracer_avgfin_teが不利(-7.2pt)、天気+7.9pt
53,21,芦屋,7,11:19,0.6659922443943969,2,0.4871162255459704,4,0.18689367984317035,0.4488853696341689,0.182043167296345,0.49196673809279573,0.35082555230473533,0.46180978017175695,1-2,1-4,0.32441562833228804,0.12123933756435748,0.12446974130188086,0.08665211859054615,0.009215413023041791,True,True,False,False,予選,2026-08-23,1号艇のdominance,0.2351,1号艇のsession_exh_rel_avg,-0.1441,1号艇のvs_max234_diff,0.1016,1号艇の勝率順位,0.079,1号艇の級別順位,0.0777,2号艇のwin_rate_rank_2to6,0.1758,2号艇のsession_exh_rel_avg,-0.0765,2号艇の全国勝率,-0.0606,3号艇のracer_win_te,0.0457,second_best_win_rate,0.0369,1号艇vs4号艇のcumulative差,-0.102,4号艇のwin_rate_rank_2to6,0.0984,4号艇のsession_exh_rel_avg,-0.0934,4号艇の節間得点,-0.0811,1号艇のモーター出走数,0.0758,0.0755,北 2.7m/s,[逃げ]1号艇のdominanceが有利(+23.5pt)、1号艇のsession_exh_rel_avgが不利(-14.4pt) / [2着]2号艇のwin_rate_rank_2to6が有利(+17.6pt)、2号艇のsession_exh_rel_avgが不利(-7.7pt) / [候補2]1号艇vs4号艇のcumulative差が不利(-10.2pt)、4号艇のwin_rate_rank_2to6が有利(+9.8pt) / [除外]6号艇の直近平均着順が不利(-9.6pt)、6号艇のwin_rate_rank_2to6が不利(-9.2pt)、天気+7.5pt
54,02,戸田,8,14:16,0.6642384858746206,2,0.4479656338980499,3,0.18607073802658783,0.4211513596766592,0.14595774776529044,0.4880786241593472,0.3473869949646253,0.44122953902146556,1-2,1-3,0.2975560143843053,0.1235953452923539,0.08047202524813729,0.09695075337728631,0.06566435252150023,True,True,False,False,一般戦,2026-08-23,1号艇のdominance,0.1904,場特性:in_escape_diff,-0.1479,1号艇のsession_exh_rel_avg,0.1128,1号艇のvs_max234_diff,0.1052,1号艇の勝率順位,0.0729,6号艇のsession_rank_diff_last,-0.0862,2号艇のwin_rate_rank_2to6,0.0813,2号艇のsession_exh_rel_avg,-0.0667,2号艇の全国勝率,-0.0601,2号艇のclass_rank_2to6,-0.0576,3号艇のsession_exh_rel_avg,-0.1916,3号艇のwin_rate_rank_2to6,-0.1001,3号艇のモーター2連率,0.0927,3号艇の節間得点,-0.0903,3号艇の全国勝率,-0.0782,0.0045,東 1.1m/s,[逃げ]1号艇のdominanceが有利(+19.0pt)、場特性:in_escape_diffが不利(-14.8pt) / [2着]6号艇のsession_rank_diff_lastが不利(-8.6pt)、2号艇のwin_rate_rank_2to6が有利(+8.1pt) / [候補2]3号艇のsession_exh_rel_avgが不利(-19.2pt)、3号艇のwin_rate_rank_2to6が不利(-10.0pt) / [除外]1号艇vs6号艇の枠別平均ST差が不利(-6.1pt)、5号艇のracer_avgfin_teが不利(-5.6pt)、天気+0.5pt
55,04,平和島,12,17:42,0.7513408326981537,2,0.3372567752577137,3,0.27863951292534495,0.4627480300191613,0.209987673218405,0.40590861496465364,0.34614237148701216,0.445696205502809,1-2,1-3,0.25339478635522467,0.20935324366393662,0.1577723132522642,0.09423222368756373,0.03658825174435091,True,False,False,False,優勝戦,2026-08-23,6号艇のモーター2連率,-0.1493,1号艇のracer_win_te,0.1483,場特性:in_escape_diff,-0.1435,race_no,0.1432,1号艇のsession_exh_rel_avg,0.1258,2号艇のwin_rate_rank_2to6,0.169,5号艇のsession_rank_diff_last,-0.1099,場×風向,-0.0845,2号艇のsession_exh_rel_avg,0.0617,2号艇のモーター2連率,-0.0569,3号艇の節間得点,0.1045,1号艇vs2号艇のplace_rate差,0.0746,3号艇のwin_rate_rank_2to6,-0.0681,3号艇のsession_exh_rel_avg,-0.0576,3号艇のcumulative_diff_rank_2to6,0.0473,0.0998,南東 1.6m/s,[逃げ]6号艇のモーター2連率が不利(-14.9pt)、1号艇のracer_win_teが有利(+14.8pt) / [2着]2号艇のwin_rate_rank_2to6が有利(+16.9pt)、5号艇のsession_rank_diff_lastが不利(-11.0pt) / [候補2]3号艇の節間得点が有利(+10.5pt)、1号艇vs2号艇のplace_rate差が有利(+7.5pt) / [除外]6号艇のwin_rate_rank_2to6が不利(-6.0pt)、2号艇のracer_2nd_teが不利(-5.8pt)、天気+10.0pt
56,16,児島,1,10:45,0.45890116822946864,4,0.6225964749695412,2,0.23602773702211122,0.3940236539530762,0.10964021818563402,0.7489839938060183,0.342182646685417,0.5005117559089588,1-4,1-2,0.10831340425400464,0.05031402421032129,0.28571024969907155,0.009788696773198801,0.004774792865487289,False,False,True,False,一般,2026-08-23,1号艇のdominance,-0.1582,1号艇のracer_win_te,-0.1131,1号艇のsession_exh_rel_avg,-0.1072,5号艇の平均ST,0.0859,1号艇の平均ST,-0.0807,4号艇のwin_rate_rank_2to6,0.2498,4号艇のclass_rank_2to6,0.2209,5号艇のracer_win_te,0.1134,場特性:1x_diff_course4,0.0961,4号艇のcumulative_diff_rank_2to6,0.0729,2号艇のsession_exh_rel_avg,-0.1662,2号艇の節間得点,-0.0601,全艇平均勝率,0.0554,3号艇のracer_2nd_te,0.0552,1号艇の直近複勝率,0.0551,0.0553,南西 2.6m/s,[逃げ]1号艇のdominanceが不利(-15.8pt)、1号艇のracer_win_teが不利(-11.3pt) / [2着]4号艇のwin_rate_rank_2to6が有利(+25.0pt)、4号艇のclass_rank_2to6が有利(+22.1pt) / [候補2]2号艇のsession_exh_rel_avgが不利(-16.6pt)、2号艇の節間得点が不利(-6.0pt) / [除外]6号艇の全国勝率が不利(-17.0pt)、6号艇の直近平均着順が不利(-14.7pt)、天気+5.5pt
57,18,徳山,1,08:48,0.7232464078607432,2,0.357519861331388,4,0.26255771826669794,0.44846888203929974,0.2065573502824723,0.41352022931561366,0.33730742928948326,0.4379842862221939,1-2,1-4,0.2585749554467974,0.14939186160903137,0.18989392659250234,0.09381439999913614,0.03157128576769863,False,False,True,False,朝トク予選,2026-08-23,1号艇のdominance,0.2143,場特性:in_escape_diff,0.1866,1号艇の勝率順位,0.0844,1号艇の級別順位,0.0724,1号艇の年齢,-0.0716,2号艇のwin_rate_rank_2to6,-0.1151,場特性:1x_diff_course2,0.0437,2号艇のモーター2連率,0.0374,2号艇のsession_exh_rel_avg,0.0353,1号艇の年齢,0.034,4号艇のwin_rate_rank_2to6,0.1731,3号艇の年齢,0.0792,4号艇のsession_exh_rel_avg,0.058,4号艇のclass_rank_2to6,-0.0566,4号艇の年齢,-0.0517,0.0414,南 2.0m/s,[逃げ]1号艇のdominanceが有利(+21.4pt)、場特性:in_escape_diffが有利(+18.7pt) / [2着]2号艇のwin_rate_rank_2to6が不利(-11.5pt)、場特性:1x_diff_course2が有利(+4.4pt) / [候補2]4号艇のwin_rate_rank_2to6が有利(+17.3pt)、3号艇の年齢が有利(+7.9pt)、天気+4.1pt
58,23,唐津,4,09:58,0.6866203222120715,2,0.31759273762063206,3,0.27673706574848367,0.40807892108953936,0.15387907682130866,0.44045072654780715,0.3327251519125466,0.41779046272701964,1-2,1-3,0.21806562783729225,0.19001329325224706,0.09261233110803413,0.10565650130874306,0.080272573821475,False,False,True,False,おは４戦,2026-08-23,1号艇のsession_exh_rel_avg,0.1135,1号艇のdominance,0.1049,風速区分,0.0903,1号艇の勝率順位,-0.0803,1号艇の級別順位,0.0754,2号艇のwin_rate_rank_2to6,-0.1347,2号艇のsession_exh_rel_avg,-0.0657,1号艇のsession_rank_diff_delta,-0.0503,2号艇のsession_avg_finish,0.0417,2号艇のclass_rank_2to6,-0.0391,3号艇のsession_exh_rel_avg,-0.1577,3号艇の当地2連率,-0.0649,3号艇のsession_exh_rel_last,-0.0548,3号艇のwin_rate_rank_2to6,-0.0516,3号艇の節間得点,0.043,0.117,南東 1.9m/s,[逃げ]1号艇のsession_exh_rel_avgが有利(+11.4pt)、1号艇のdominanceが有利(+10.5pt) / [2着]2号艇のwin_rate_rank_2to6が不利(-13.5pt)、2号艇のsession_exh_rel_avgが不利(-6.6pt) / [候補2]3号艇のsession_exh_rel_avgが不利(-15.8pt)、3号艇の当地2連率が不利(-6.5pt) / [除外]6号艇のsession_exh_rel_avgが不利(-7.9pt)、天気+11.7pt
59,02,戸田,7,13:45,0.7329898099327282,2,0.34750100471547196,5,0.24756099791659883,0.4361743842074702,0.20795866554905712,0.38710333708301364,0.3273268927437095,0.4214530700701332,1-2,1-5,0.2547146953978259,0.15243158273466717,0.13768644091037413,0.1814596888096443,0.006697389451192523,True,True,False,False,ウインウイン,2026-08-23,1号艇のdominance,0.3149,場特性:in_escape_diff,-0.1338,1号艇のvs_max234_diff,0.1254,1号艇のsession_exh_rel_avg,0.1128,1号艇のracer_win_te,0.1017,2号艇のsession_exh_rel_avg,-0.0901,2号艇のwin_rate_rank_2to6,0.0596,3号艇の全国勝率,-0.0525,second_best_win_rate,0.0486,2号艇の直近平均着順,-0.048,5号艇のwin_rate_rank_2to6,0.2054,1号艇vs4号艇の勝率差,0.1208,5号艇の年齢,0.1154,5号艇のモーター2連率,0.0899,mean_234_全国勝率,0.083,-0.0041,東 1.0m/s,[逃げ]1号艇のdominanceが有利(+31.5pt)、場特性:in_escape_diffが不利(-13.4pt) / [2着]2号艇のsession_exh_rel_avgが不利(-9.0pt)、2号艇のwin_rate_rank_2to6が有利(+6.0pt) / [候補2]5号艇のwin_rate_rank_2to6が有利(+20.5pt)、1号艇vs4号艇の勝率差が有利(+12.1pt) / [除外]6号艇の全国勝率が不利(-15.0pt)、6号艇のwin_rate_rank_2to6が不利(-11.9pt)、天気-0.4pt
60,21,芦屋,12,14:10,0.6293307708758945,3,0.4121013002069378,4,0.24826456289849524,0.4155885576882676,0.18173102228511773,0.47863484082031527,0.3249581575618438,0.43450244262788185,1-3,1-4,0.11436892434675751,0.2593480289381906,0.15624052875007702,0.08032810368910691,0.019045178118443015,True,True,False,False,予選特選,2026-08-23,1号艇のdominance,0.1512,race_no,0.1163,2号艇のsession_exh_rel_avg,-0.114,レース時間帯,0.0816,風速区分,0.081,3号艇のsession_exh_rel_avg,0.1169,3号艇のwin_rate_rank_2to6,0.0818,4号艇のモーター出走数,-0.0792,6号艇のモーター出走数,0.0642,3号艇のsession_rank_diff_last,0.0578,4号艇のwin_rate_rank_2to6,0.1885,4号艇のclass_rank_2to6,0.1756,4号艇の年齢,0.0685,4号艇の全国勝率,0.059,1号艇のモーター出走数,0.0453,0.168,東 1.8m/s,[逃げ]1号艇のdominanceが有利(+15.1pt)、race_noが有利(+11.6pt) / [2着]3号艇のsession_exh_rel_avgが有利(+11.7pt)、3号艇のwin_rate_rank_2to6が有利(+8.2pt) / [候補2]4号艇のwin_rate_rank_2to6が有利(+18.9pt)、4号艇のclass_rank_2to6が有利(+17.6pt) / [除外]6号艇のwin_rate_rank_2to6が不利(-7.9pt)、2号艇のwin_rate_rank_2to6が不利(-6.6pt)、天気+16.8pt
61,07,蒲郡,8,18:25,0.45459233740680494,3,0.48144620882330247,2,0.31663533361704044,0.36280175381918367,0.08738618777410072,0.7106953546662422,0.32475711919836414,0.4671698340733012,1-3,1-2,0.1439399964145539,0.2188617574046298,0.0251739684303107,0.0397250913572984,0.026891534807686936,True,False,False,False,一般戦,2026-08-23,1号艇のracer_win_te,-0.1972,1号艇のdominance,-0.1776,1号艇のsession_exh_rel_avg,0.1735,1号艇の級別順位,-0.1066,1号艇の全国勝率,-0.0828,3号艇のsession_exh_rel_avg,0.1383,1号艇vs6号艇の枠別勝率差,0.1084,3号艇のsession_exh_rel_last,0.0837,2号艇のsession_rank_diff_last,0.0616,3号艇のwin_rate_rank_2to6,-0.0578,2号艇のclass_rank_2to6,-0.0519,1号艇のモーター出走数,0.0413,2号艇のsession_exh_rel_avg,-0.0409,2号艇のwin_rate_rank_2to6,0.0405,2号艇の全国勝率,0.0379,0.0158,南東 1.9m/s,[逃げ]1号艇のracer_win_teが不利(-19.7pt)、1号艇のdominanceが不利(-17.8pt) / [2着]3号艇のsession_exh_rel_avgが有利(+13.8pt)、1号艇vs6号艇の枠別勝率差が有利(+10.8pt) / [候補2]2号艇のclass_rank_2to6が不利(-5.2pt)、1号艇のモーター出走数が有利(+4.1pt) / [除外]6号艇のsession_exh_rel_avgが不利(-7.9pt)、天気+1.6pt
62,21,芦屋,3,09:24,0.6492505798721262,3,0.4380476837649491,5,0.1782170758211973,0.400110252516062,0.17191045586036158,0.4443543037257849,0.3175704894307333,0.41338346787897884,1-3,1-5,0.11161296315342131,0.28440271269603495,0.1089278298293794,0.11570753982002703,0.02859951562875012,False,False,True,False,サンライズＸ,2026-08-23,1号艇の年齢,-0.2181,1号艇のsession_exh_rel_avg,0.1486,1号艇の節間得点,0.0917,1号艇のdominance,0.086,1号艇vs4号艇のcumulative差,0.0602,4号艇のモーター出走数,-0.0817,風向(度),0.0648,6号艇のモーター出走数,0.0561,3号艇の当地勝率,0.0538,3号艇のwin_rate_rank_2to6,0.0501,5号艇のwin_rate_rank_2to6,0.2205,5号艇のclass_rank_2to6,0.1304,5号艇のracer_avgfin_te,0.0853,3号艇のモーター出走数,-0.0849,5号艇の年齢,-0.0817,0.1211,北 2.6m/s,[逃げ]1号艇の年齢が不利(-21.8pt)、1号艇のsession_exh_rel_avgが有利(+14.9pt) / [2着]4号艇のモーター出走数が不利(-8.2pt)、風向(度)が有利(+6.5pt) / [候補2]5号艇のwin_rate_rank_2to6が有利(+22.0pt)、5号艇のclass_rank_2to6が有利(+13.0pt) / [除外]6号艇の女子戦2連率が不利(-6.9pt)、4号艇のwin_rate_rank_2to6が不利(-5.9pt)、天気+12.1pt
63,03,江戸川,5,13:02,0.44163074995052437,3,0.5527592003487571,2,0.2504404249733099,0.35471765289096463,0.08842587012858974,0.7147737551934773,0.3170781923627391,0.4627344835817184,1-3,1-2,0.11060219269889089,0.24411546019207378,0.023280678403477424,0.024580836961368233,0.039051583339916755,True,True,False,False,予選,2026-08-23,1号艇のdominance,-0.218,1号艇のsession_exh_rel_avg,0.1597,場特性:in_escape_diff,-0.0924,1号艇の年齢,0.0892,1号艇のvs_max234_diff,-0.0783,3号艇のwin_rate_rank_2to6,0.1734,3号艇の一般戦2連率,0.0929,3号艇のモーター2連率,0.0695,3号艇のsession_exh_rel_avg,0.0642,3号艇の全国勝率,0.0516,2号艇のsession_exh_rel_avg,-0.0825,2号艇の全国勝率,-0.0732,2号艇のwin_rate_rank_2to6,-0.0665,2号艇のsession_avg_finish,0.047,2号艇のモーター2連率,0.0377,-0.0141,東 0.4m/s,[逃げ]1号艇のdominanceが不利(-21.8pt)、1号艇のsession_exh_rel_avgが有利(+16.0pt) / [2着]3号艇のwin_rate_rank_2to6が有利(+17.3pt)、3号艇の一般戦2連率が有利(+9.3pt) / [候補2]2号艇のsession_exh_rel_avgが不利(-8.3pt)、2号艇の全国勝率が不利(-7.3pt) / [除外]4号艇のwin_rate_rank_2to6が不利(-5.4pt)、天気-1.4pt
64,02,戸田,10,15:21,0.40919418172755406,2,0.4720125121740232,3,0.3871435978632558,0.35156168142293276,0.09569156285937461,0.7634645471779044,0.31119189733873676,0.47513254114942416,1-2,1-3,0.19314477368421656,0.1584169077387162,0.0391564307624726,0.009200446302252419,0.009275619047886655,True,False,False,False,選抜戦,2026-08-23,場特性:in_escape_diff,-0.1357,1号艇の節間得点,0.117,6号艇のモーター2連率,-0.1132,2号艇のsession_exh_rel_avg,-0.0909,1号艇の級別順位,-0.0709,2号艇のsession_exh_rel_avg,0.1037,2号艇の当地勝率,0.0873,2号艇のモーター2連率,0.086,2号艇のracer_avgfin_te,0.0768,2号艇のclass_rank_2to6,0.0709,3号艇のwin_rate_rank_2to6,0.1557,5号艇の一般戦2連率,0.1144,3号艇のモーター2連率,0.0621,3号艇のsession_exh_rel_avg,-0.0521,3号艇のsession_exh_rel_last,-0.0456,0.0304,南東 1.0m/s,[逃げ]場特性:in_escape_diffが不利(-13.6pt)、1号艇の節間得点が有利(+11.7pt) / [2着]2号艇のsession_exh_rel_avgが有利(+10.4pt)、2号艇の当地勝率が有利(+8.7pt) / [候補2]3号艇のwin_rate_rank_2to6が有利(+15.6pt)、5号艇の一般戦2連率が有利(+11.4pt) / [除外]6号艇のwin_rate_rank_2to6が不利(-6.2pt)、2号艇のracer_avgfin_teが不利(-5.1pt)、天気+3.0pt
65,19,下関,11,20:17,0.6604759753659852,4,0.3222727736976728,2,0.2958779941473427,0.40827373131566935,0.20060486229989868,0.41754590554511684,0.3099916965341745,0.41105538358450355,1-4,1-2,0.19542030677379746,0.13249469209068473,0.2128534245418719,0.10160198709097887,0.018105585782602535,False,False,False,False,準優勝戦,2026-08-23,1号艇の年齢,-0.1915,1号艇のsession_exh_rel_avg,0.105,1号艇のracer_win_te,0.1047,1号艇の節間得点,0.1035,1号艇の級別順位,0.0918,4号艇のwin_rate_rank_2to6,0.2052,4号艇のclass_rank_2to6,0.1778,4号艇の直近1着率,-0.1726,4号艇の節間得点,0.1012,4号艇のsession_exh_rel_avg,0.0711,2号艇のwin_rate_rank_2to6,0.0743,場特性:in_escape_diff,0.0488,ST差分(4-3),-0.0433,2号艇のモーター2連率,-0.0383,2号艇のsession_exh_rel_avg,-0.0373,0.0405,東 3.2m/s,[逃げ]1号艇の年齢が不利(-19.2pt)、1号艇のsession_exh_rel_avgが有利(+10.5pt) / [2着]4号艇のwin_rate_rank_2to6が有利(+20.5pt)、4号艇のclass_rank_2to6が有利(+17.8pt) / [候補2]2号艇のwin_rate_rank_2to6が有利(+7.4pt)、場特性:in_escape_diffが有利(+4.9pt) / [除外]6号艇のwin_rate_rank_2to6が不利(-5.8pt)、天気+4.1pt
66,07,蒲郡,1,15:17,0.5322955851979219,2,0.5185681170123781,3,0.18060738009468663,0.3721680303886529,0.1444028310457357,0.554772666061329,0.30767748973324865,0.42694942109045575,1-2,1-3,0.27603151931008824,0.09613651107856472,0.06774152648241269,0.07686498945572652,0.015521032922262996,True,False,False,False,一般戦,2026-08-23,1号艇のdominance,-0.1539,1号艇のsession_exh_rel_avg,-0.0898,風速区分,0.0634,1号艇の全国勝率,-0.0596,場×風速,-0.0593,2号艇のclass_rank_2to6,-0.0655,2号艇のwin_rate_rank_2to6,0.0578,2号艇の全国勝率,0.0414,2号艇のsession_exh_rel_avg,0.038,1号艇のモーター出走数,0.0334,3号艇のwin_rate_rank_2to6,-0.061,3号艇のcumulative_diff_rank_2to6,-0.0567,3号艇の全国勝率,-0.0544,3号艇の当地勝率,-0.0494,3号艇の節間得点,-0.0462,-0.0071,南東 1.9m/s,[逃げ]1号艇のdominanceが不利(-15.4pt)、1号艇のsession_exh_rel_avgが不利(-9.0pt) / [2着]2号艇のclass_rank_2to6が不利(-6.6pt)、2号艇のwin_rate_rank_2to6が有利(+5.8pt) / [候補2]3号艇のwin_rate_rank_2to6が不利(-6.1pt)、3号艇のcumulative_diff_rank_2to6が不利(-5.7pt) / [除外]6号艇のwin_rate_rank_2to6が不利(-5.6pt)、4号艇のwin_rate_rank_2to6が不利(-5.1pt)、天気-0.7pt
67,04,平和島,9,16:05,0.6279648265383054,2,0.35978565377650595,4,0.2745682875438501,0.3983519627251278,0.1918264464716598,0.44252749484869625,0.306654632979641,0.4116046223621983,1-2,1-4,0.22593273566473437,0.12046026118403538,0.1724192270603934,0.09765427999730494,0.011498320292486116,True,False,False,False,一般特選,2026-08-23,場特性:in_escape_diff,-0.1612,1号艇のdominance,0.1548,1号艇のsession_exh_rel_avg,0.1116,1号艇のvs_max234_diff,0.0917,1号艇のracer_win_te,-0.088,2号艇のsession_exh_rel_avg,-0.0871,second_best_win_rate,0.0732,6号艇のsession_rank_diff_last,-0.0489,2号艇のclass_rank_2to6,-0.0446,2号艇のモーター2連率,-0.0425,4号艇のclass_rank_2to6,0.1063,4号艇のwin_rate_rank_2to6,0.082,4号艇の年齢,0.0507,4号艇のsession_exh_rel_avg,0.0395,4号艇のモーター2連率,-0.0354,-0.0156,南東 2.4m/s,[逃げ]場特性:in_escape_diffが不利(-16.1pt)、1号艇のdominanceが有利(+15.5pt) / [2着]2号艇のsession_exh_rel_avgが不利(-8.7pt)、second_best_win_rateが有利(+7.3pt) / [候補2]4号艇のclass_rank_2to6が有利(+10.6pt)、4号艇のwin_rate_rank_2to6が有利(+8.2pt) / [除外]6号艇のwin_rate_rank_2to6が不利(-5.8pt)、天気-1.6pt
68,04,平和島,11,17:08,0.40289392748029684,2,0.650568407717792,3,0.1949067199676221,0.34063679478008196,0.08937893101461092,0.7560961966708032,0.3041018916820574,0.4652746153472983,1-2,1-3,0.2621100608800243,0.07852673390005767,0.03601022855046711,0.019943991623421062,0.006302915528120441,True,False,False,False,選抜,2026-08-23,5号艇の枠別出走数,-0.1473,場特性:in_escape_diff,-0.1319,1号艇のdominance,-0.1228,1号艇の節間得点,0.1078,2号艇のsession_exh_rel_avg,-0.0807,2号艇のwin_rate_rank_2to6,0.231,2号艇のsession_exh_rel_avg,0.1616,2号艇の当地勝率,0.1121,2号艇のclass_rank_2to6,0.0882,2号艇のracer_avgfin_te,0.0662,3号艇のwin_rate_rank_2to6,-0.1301,2号艇の全国勝率,-0.06,3号艇の全国勝率,-0.0526,3号艇のcumulative_diff_rank_2to6,0.0525,3号艇の年齢,-0.0489,0.0172,南東 2.1m/s,[逃げ]5号艇の枠別出走数が不利(-14.7pt)、場特性:in_escape_diffが不利(-13.2pt) / [2着]2号艇のwin_rate_rank_2to6が有利(+23.1pt)、2号艇のsession_exh_rel_avgが有利(+16.2pt) / [候補2]3号艇のwin_rate_rank_2to6が不利(-13.0pt)、2号艇の全国勝率が不利(-6.0pt) / [除外]2号艇のracer_2nd_teが不利(-6.4pt)、4号艇のwin_rate_rank_2to6が不利(-6.0pt)、天気+1.7pt
69,23,唐津,6,10:56,0.4595726885662741,3,0.46367702432393304,2,0.32703050021386815,0.3633875829214205,0.13881583329102254,0.6518916912467787,0.30285484276440344,0.4499388154190279,1-3,1-2,0.15029428622646085,0.21309329669495958,0.06379596572112292,0.03186694134905956,0.0005221923685200996,False,False,True,False,一般,2026-08-23,1号艇のracer_win_te,-0.1372,1号艇のdominance,-0.0816,場特性:1x_diff_course5,-0.0684,1号艇vs2号艇のcumulative差,0.0648,1号艇の全国勝率,-0.0639,3号艇のwin_rate_rank_2to6,0.1897,3号艇の当地勝率,0.0953,4号艇のsession_exh_rel_delta,-0.0847,3号艇のclass_rank_2to6,0.0538,3号艇の全国勝率,0.0398,2号艇のwin_rate_rank_2to6,-0.1587,2号艇のsession_exh_rel_avg,-0.0959,2号艇の全国勝率,-0.0667,6号艇のracer_2nd_te,-0.0316,2号艇の直近平均着順,-0.0298,0.0513,南東 1.9m/s,[逃げ]1号艇のracer_win_teが不利(-13.7pt)、1号艇のdominanceが不利(-8.2pt) / [2着]3号艇のwin_rate_rank_2to6が有利(+19.0pt)、3号艇の当地勝率が有利(+9.5pt) / [候補2]2号艇のwin_rate_rank_2to6が不利(-15.9pt)、2号艇のsession_exh_rel_avgが不利(-9.6pt) / [除外]6号艇の直近平均着順が不利(-19.6pt)、6号艇の全国勝率が不利(-18.8pt)、天気+5.1pt
70,03,江戸川,7,13:56,0.39631118748039496,2,0.7402029281209194,5,0.08999642078727574,0.32901728981125755,0.08143698521897166,0.7487623636892234,0.29686427841068297,0.4549408119746473,1-2,1-5,0.293350701420067,0.032274388316954034,0.020260555754863206,0.03566658839119055,0.014758947691823293,True,True,False,False,予選,2026-08-23,場特性:in_escape_diff,-0.1371,1号艇の年齢,0.0952,3号艇のsession_rank_diff_last,-0.09,1号艇のsession_exh_rel_avg,-0.0802,1号艇のdominance,-0.0745,2号艇のwin_rate_rank_2to6,0.2349,2号艇のclass_rank_2to6,0.1195,2号艇のracer_avgfin_te,0.0721,3号艇の全国勝率,-0.0622,2号艇の節間得点,0.0529,5号艇のsession_exh_rel_avg,-0.2007,1号艇のsession_exh_rel_delta,-0.1672,5号艇のwin_rate_rank_2to6,0.1125,5号艇のclass_rank_2to6,0.0956,5号艇の枠別勝率,0.0705,0.0191,東 1.4m/s,[逃げ]場特性:in_escape_diffが不利(-13.7pt)、1号艇の年齢が有利(+9.5pt) / [2着]2号艇のwin_rate_rank_2to6が有利(+23.5pt)、2号艇のclass_rank_2to6が有利(+12.0pt) / [候補2]5号艇のsession_exh_rel_avgが不利(-20.1pt)、1号艇のsession_exh_rel_deltaが不利(-16.7pt)、天気+1.9pt
71,20,若松,7,18:02,0.4589983415691178,3,0.6176111777914991,4,0.1596713464219841,0.35677138954464643,0.14035645024053,0.6369260739729532,0.29668119060400494,0.44081779487313844,1-3,1-4,0.06442337788893168,0.28348250634084765,0.0732888832037988,0.02383629076230414,0.013967291067794874,True,False,False,False,予選特賞,2026-08-23,1号艇の年齢,-0.1072,4号艇の枠別出走数,-0.0943,6号艇の枠別出走数,-0.0866,1号艇のsession_exh_rel_avg,-0.072,風速区分,0.058,3号艇のwin_rate_rank_2to6,0.2068,3号艇の当地勝率,0.1189,風向(度),0.0577,場特性:1x_diff_course3,0.0524,3号艇の全国勝率,0.0497,4号艇のwin_rate_rank_2to6,0.0953,4号艇のclass_rank_2to6,-0.0844,4号艇のsession_exh_rel_avg,-0.0737,4号艇の節間得点,-0.0675,4号艇の年齢,-0.0565,0.1214,北 1.8m/s,[逃げ]1号艇の年齢が不利(-10.7pt)、4号艇の枠別出走数が不利(-9.4pt) / [2着]3号艇のwin_rate_rank_2to6が有利(+20.7pt)、3号艇の当地勝率が有利(+11.9pt) / [候補2]4号艇のwin_rate_rank_2to6が有利(+9.5pt)、4号艇のclass_rank_2to6が不利(-8.4pt) / [除外]3号艇のracer_win_teが不利(-6.3pt)、天気+12.1pt
72,08,常滑,4,11:57,0.522714123410112,2,0.3508374068459069,3,0.34878127386992397,0.3657005654117146,0.16410065113113412,0.5355180295846967,0.29368652432801107,0.41664580466360923,1-2,1-3,0.18338766757893507,0.1823128978327795,0.08577772800703938,0.03480157977102905,0.0364342560621146,True,True,False,False,予選,2026-08-23,1号艇のdominance,-0.2081,1号艇のsession_exh_rel_avg,-0.182,1号艇の節間得点,0.1035,2号艇のsession_exh_rel_avg,-0.0781,1号艇の級別順位,-0.0691,2号艇のsession_exh_rel_avg,0.1071,2号艇のwin_rate_rank_2to6,0.0742,2号艇の全国勝率,0.0537,2号艇のcumulative_diff_rank_2to6,-0.0426,2号艇のsession_avg_finish,-0.0286,3号艇のwin_rate_rank_2to6,-0.1116,3号艇の当地勝率,0.0824,3号艇のsession_exh_rel_avg,-0.0776,1号艇のsession_exh_rel_avg,0.0538,3号艇のracer_avgfin_te,0.0435,-0.0581,南 5.8m/s,[逃げ]1号艇のdominanceが不利(-20.8pt)、1号艇のsession_exh_rel_avgが不利(-18.2pt) / [2着]2号艇のsession_exh_rel_avgが有利(+10.7pt)、2号艇のwin_rate_rank_2to6が有利(+7.4pt) / [候補2]3号艇のwin_rate_rank_2to6が不利(-11.2pt)、3号艇の当地勝率が有利(+8.2pt)、天気-5.8pt
73,21,芦屋,10,12:59,0.4796369345511868,2,0.4366462782413719,4,0.28873519932449876,0.3479197482799047,0.13934264152353676,0.5860388360423339,0.2897436801636736,0.4193554746086334,1-2,1-4,0.2094316823788762,0.06683387743261408,0.13848806590102847,0.027053375109728266,0.03782993908930018,True,True,False,False,予選特賞,2026-08-23,1号艇のsession_exh_rel_avg,-0.1111,6号艇のモーター出走数,-0.1091,1号艇の級別順位,-0.0861,1号艇の勝率順位,-0.0783,風速区分,0.0773,2号艇のwin_rate_rank_2to6,0.1946,2号艇のclass_rank_2to6,0.0777,2号艇のsession_exh_rel_avg,0.0766,2号艇の全国勝率,0.066,3号艇のモーター出走数,0.0617,2号艇のsession_exh_rel_delta,0.0919,4号艇のwin_rate_rank_2to6,-0.0786,1号艇のモーター出走数,0.0784,3号艇の年齢,0.0712,4号艇のsession_exh_rel_avg,0.0659,0.1028,北東 1.7m/s,[逃げ]1号艇のsession_exh_rel_avgが不利(-11.1pt)、6号艇のモーター出走数が不利(-10.9pt) / [2着]2号艇のwin_rate_rank_2to6が有利(+19.5pt)、2号艇のclass_rank_2to6が有利(+7.8pt) / [候補2]2号艇のsession_exh_rel_deltaが有利(+9.2pt)、4号艇のwin_rate_rank_2to6が不利(-7.9pt) / [除外]5号艇のracer_win_teが不利(-7.6pt)、5号艇のracer_avgfin_teが不利(-5.3pt)、天気+10.3pt
74,02,戸田,9,14:48,0.6070201153116302,2,0.4079257149740656,3,0.2614316644586944,0.40631339364796465,0.2521161327473684,0.4172412466853917,0.28338759985998385,0.40959174955919275,1-2,1-3,0.2476191145421365,0.15869427910582812,0.15303956397222984,0.036895376733324936,0.010771778131453242,True,True,False,False,戸田特選,2026-08-23,1号艇のdominance,0.2195,場特性:in_escape_diff,-0.1468,1号艇のsession_exh_rel_avg,-0.0853,1号艇の勝率順位,0.0782,風速区分,0.0735,2号艇の全国勝率,0.0403,2号艇のsession_rank_diff_delta,0.0403,場特性:1x_diff_course2,-0.0307,場×風向,-0.0304,場×風速,0.0275,3号艇の節間得点,-0.0451,3号艇のcumulative_diff_rank_2to6,-0.0402,場特性:1x_diff_course3,-0.0342,3号艇の全国勝率,0.0342,3号艇のsession_exh_rel_last,-0.0286,0.0434,南東 1.2m/s,[逃げ]1号艇のdominanceが有利(+21.9pt)、場特性:in_escape_diffが不利(-14.7pt) / [2着]2号艇の全国勝率が有利(+4.0pt)、2号艇のsession_rank_diff_deltaが有利(+4.0pt) / [候補2]3号艇の節間得点が不利(-4.5pt)、3号艇のcumulative_diff_rank_2to6が不利(-4.0pt) / [除外]6号艇のwin_rate_rank_2to6が不利(-8.3pt)、5号艇のsession_exh_rel_avgが不利(-6.9pt)、天気+4.3pt
75,19,下関,2,15:51,0.5114027934983679,3,0.36662887605179545,2,0.35871040170538465,0.3709405328791105,0.20516764335353982,0.5201716344036402,0.2796145389329745,0.41570986333646937,1-3,1-2,0.18344550148905545,0.18749503139005508,0.10492330594647713,0.03469731892918137,0.0008416395836142068,True,False,False,False,一般,2026-08-23,6号艇の枠別出走数,-0.0854,場特性:in_escape_diff,0.0769,1号艇の勝率順位,-0.0681,1号艇の全国勝率,-0.0613,1号艇vs4号艇のcumulative差,-0.0587,3号艇のwin_rate_rank_2to6,0.1833,local_win_rateの分散(2-6号艇),0.0643,場特性:1x_diff_course3,0.062,3号艇のclass_rank_2to6,0.057,3号艇の当地勝率,0.0311,2号艇のsession_exh_rel_avg,0.0669,2号艇の節間得点,-0.0534,2号艇のwin_rate_rank_2to6,0.0522,2号艇のcumulative_diff_rank_2to6,-0.037,2号艇の直近平均着順,-0.036,0.0009,東 2.1m/s,[逃げ]6号艇の枠別出走数が不利(-8.5pt)、場特性:in_escape_diffが有利(+7.7pt) / [2着]3号艇のwin_rate_rank_2to6が有利(+18.3pt)、local_win_rateの分散(2-6号艇)が有利(+6.4pt) / [候補2]2号艇のsession_exh_rel_avgが有利(+6.7pt)、2号艇の節間得点が不利(-5.3pt) / [除外]6号艇の直近平均着順が不利(-18.4pt)、6号艇の全国勝率が不利(-16.8pt)、天気影響ほぼなし
76,06,浜名湖,11,16:35,0.7072174834497806,3,0.2872034399010195,5,0.274745240673938,0.3974199317041461,0.2488528709140989,0.3130958096608586,0.27874102254847183,0.3721226950911598,1-3,1-5,0.17599310111712213,0.20311529400491932,0.10229937459476753,0.19430463769922676,0.03150508130292574,True,False,False,False,予選特選,2026-08-23,5号艇の節間得点,-0.1479,1号艇のracer_win_te,0.1384,1号艇のdominance,0.1152,1号艇のsession_exh_rel_avg,0.1101,1号艇の級別順位,0.0899,4号艇のsession_rank_diff_last,-0.0853,3号艇の節間得点,0.0657,1号艇の直近1着率,0.0511,3号艇のwin_rate_rank_2to6,0.0471,場特性:1x_diff_course3,-0.0459,5号艇のwin_rate_rank_2to6,0.2424,5号艇のclass_rank_2to6,0.1695,5号艇のsession_exh_rel_avg,0.1218,5号艇の節間得点,0.0767,5号艇のracer_avgfin_te,0.0521,0.1063,南東 1.8m/s,[逃げ]5号艇の節間得点が不利(-14.8pt)、1号艇のracer_win_teが有利(+13.8pt) / [2着]4号艇のsession_rank_diff_lastが不利(-8.5pt)、3号艇の節間得点が有利(+6.6pt) / [候補2]5号艇のwin_rate_rank_2to6が有利(+24.2pt)、5号艇のclass_rank_2to6が有利(+17.0pt) / [除外]4号艇のwin_rate_rank_2to6が不利(-5.0pt)、天気+10.6pt
77,22,福岡,9,16:22,0.5493639983973758,2,0.4648603771179978,4,0.2064573034985581,0.3687977652183637,0.20349303767306687,0.4678246429434891,0.2787404321807757,0.3985058285359013,1-2,1-4,0.25537755547005525,0.11179174882210384,0.1134202097483084,0.05063375263940401,0.018140743485111435,True,False,False,False,予選特賞,2026-08-23,1号艇のdominance,0.1567,5号艇の枠別出走数,-0.1239,1号艇のsession_exh_rel_avg,-0.1005,ST差分(4-3),-0.0896,1号艇のvs_max234_diff,0.0711,6号艇のsession_rank_diff_last,-0.0951,2号艇のclass_rank_2to6,0.0827,2号艇のsession_exh_rel_avg,0.0717,2号艇のwin_rate_rank_2to6,0.0512,2号艇の全国勝率,0.0476,4号艇のwin_rate_rank_2to6,-0.1009,6号艇の直近1着率,0.0782,4号艇の年齢,-0.0718,4号艇のsession_exh_rel_avg,0.0568,5号艇の年齢,0.0559,0.0461,北西 2.5m/s,[逃げ]1号艇のdominanceが有利(+15.7pt)、5号艇の枠別出走数が不利(-12.4pt) / [2着]6号艇のsession_rank_diff_lastが不利(-9.5pt)、2号艇のclass_rank_2to6が有利(+8.3pt) / [候補2]4号艇のwin_rate_rank_2to6が不利(-10.1pt)、6号艇の直近1着率が有利(+7.8pt) / [除外]1号艇vs4号艇のlocal_win_rate差が不利(-8.1pt)、6号艇のrecent_race_countが不利(-5.8pt)、天気+4.6pt
78,22,福岡,8,15:45,0.36886434064594775,2,0.5811604924164524,3,0.2532987887113846,0.3078022725291112,0.08156477731676745,0.7528945038110696,0.2776752839493929,0.4413299419136987,1-2,1-3,0.21436938184466903,0.09343289068444212,0.03008633780488298,0.027846771796887777,0.003128958515065837,True,False,False,False,予選,2026-08-23,2号艇のsession_exh_rel_avg,-0.2355,1号艇のsession_exh_rel_avg,-0.1315,1号艇の勝率順位,-0.072,2号艇のsession_avg_finish,-0.0637,6号艇の枠別出走数,-0.0606,2号艇のwin_rate_rank_2to6,0.167,2号艇のsession_exh_rel_avg,0.148,2号艇のclass_rank_2to6,0.0943,2号艇の全国勝率,0.0627,2号艇のracer_avgfin_te,0.0574,3号艇のwin_rate_rank_2to6,-0.0838,3号艇の全国勝率,0.0484,6号艇のsession_rank_diff_last,0.0462,6号艇のモーター出走数,0.0435,3号艇のcumulative_diff_rank_2to6,0.0372,0.0362,北西 2.6m/s,[逃げ]2号艇のsession_exh_rel_avgが不利(-23.6pt)、1号艇のsession_exh_rel_avgが不利(-13.2pt) / [2着]2号艇のwin_rate_rank_2to6が有利(+16.7pt)、2号艇のsession_exh_rel_avgが有利(+14.8pt) / [候補2]3号艇のwin_rate_rank_2to6が不利(-8.4pt)、3号艇の全国勝率が有利(+4.8pt) / [除外]6号艇のwin_rate_rank_2to6が不利(-8.0pt)、天気+3.6pt
79,20,若松,2,15:48,0.43890589688594506,2,0.6157232966685134,3,0.1447791829940281,0.33378902292027296,0.14208571203865233,0.6184167676238892,0.27687704172949734,0.41917734633135784,1-2,1-3,0.2702445857578647,0.06354443716240826,0.06236225687700282,0.026871112278383475,0.01588350072265611,True,False,False,False,予選,2026-08-23,5号艇の枠別出走数,-0.1499,ST差分(4-3),-0.0759,1号艇の勝率順位,-0.0692,1号艇のvs_max234_diff,0.063,3号艇のsession_exh_rel_avg,-0.0567,2号艇のsession_exh_rel_avg,0.1244,3号艇のracer_2nd_te,0.0898,2号艇のwin_rate_rank_2to6,0.0809,2号艇のclass_rank_2to6,-0.0516,3号艇のracer_win_te,0.0465,3号艇のsession_exh_rel_avg,0.1432,3号艇のwin_rate_rank_2to6,-0.1143,3号艇の全国勝率,-0.0574,3号艇のracer_avgfin_te,-0.0526,3号艇の当地勝率,-0.0461,0.0542,北東 2.0m/s,[逃げ]5号艇の枠別出走数が不利(-15.0pt)、ST差分(4-3)が不利(-7.6pt) / [2着]2号艇のsession_exh_rel_avgが有利(+12.4pt)、3号艇のracer_2nd_teが有利(+9.0pt) / [候補2]3号艇のsession_exh_rel_avgが有利(+14.3pt)、3号艇のwin_rate_rank_2to6が不利(-11.4pt) / [除外]1号艇vs5号艇の枠別平均ST差が不利(-8.3pt)、天気+5.4pt
80,08,常滑,10,15:02,0.6028254786535624,4,0.36134036221097543,3,0.24229647169595875,0.3638876633328686,0.2006059508447477,0.40303088306218654,0.27629002648859236,0.37563062925166396,1-4,1-3,0.12093037833873804,0.14606248652618567,0.21782517680668287,0.06154302831256298,0.05646441316079265,True,False,False,False,予選特賞,2026-08-23,1号艇のdominance,-0.1428,風速区分,-0.1085,1号艇のracer_win_te,0.1057,3号艇の女子戦勝率,0.0982,場特性:in_escape_diff,0.0949,4号艇のwin_rate_rank_2to6,0.2149,4号艇のclass_rank_2to6,0.098,4号艇の全国勝率,0.0847,4号艇のsession_exh_rel_avg,0.0725,5号艇の一般戦2連率,-0.0573,3号艇のsession_exh_rel_avg,0.097,3号艇のwin_rate_rank_2to6,-0.0756,6号艇のracer_2nd_te,-0.0541,3号艇のcumulative_diff_rank_2to6,-0.0479,3号艇のモーター2連率,0.0466,-0.0316,南東 6.5m/s,[逃げ]1号艇のdominanceが不利(-14.3pt)、風速区分が不利(-10.8pt) / [2着]4号艇のwin_rate_rank_2to6が有利(+21.5pt)、4号艇のclass_rank_2to6が有利(+9.8pt) / [候補2]3号艇のsession_exh_rel_avgが有利(+9.7pt)、3号艇のwin_rate_rank_2to6が不利(-7.6pt) / [除外]2号艇のwin_rate_rank_2to6が不利(-5.0pt)、天気-3.2pt
81,03,江戸川,4,12:35,0.40305960182558315,2,0.42013315845258997,4,0.3628308406454295,0.315581157720214,0.10680516174664603,0.6761588373513735,0.27513432180681247,0.4237544616095618,1-2,1-4,0.16933870355962555,0.04304884596652016,0.14624245416058843,0.03378810462200123,0.010641493516847806,True,True,False,False,予選,2026-08-23,場特性:in_escape_diff,-0.094,1号艇の節間得点,0.0901,1号艇の年齢,-0.0885,ST差分(4-3),-0.0857,1号艇のracer_win_te,-0.0819,2号艇のwin_rate_rank_2to6,0.1968,2号艇のsession_exh_rel_avg,0.1024,2号艇のclass_rank_2to6,0.0682,3号艇の全国勝率,-0.0526,3号艇のracer_2nd_te,0.0453,4号艇のclass_rank_2to6,0.1713,4号艇のwin_rate_rank_2to6,0.1033,4号艇のcumulative_diff_rank_2to6,0.0689,4号艇の節間得点,0.0658,4号艇のsession_exh_rel_avg,0.0652,0.0451,東 0.3m/s,[逃げ]場特性:in_escape_diffが不利(-9.4pt)、1号艇の節間得点が有利(+9.0pt) / [2着]2号艇のwin_rate_rank_2to6が有利(+19.7pt)、2号艇のsession_exh_rel_avgが有利(+10.2pt) / [候補2]4号艇のclass_rank_2to6が有利(+17.1pt)、4号艇のwin_rate_rank_2to6が有利(+10.3pt) / [除外]6号艇のwin_rate_rank_2to6が不利(-7.2pt)、1号艇vs6号艇のcumulative差が不利(-5.7pt)、天気+4.5pt
82,06,浜名湖,6,14:05,0.4105053630887711,2,0.6502746236195398,3,0.12751537572730204,0.31928696608869034,0.1206400006533956,0.6571499986934461,0.273064430331618,0.42064587587011704,1-2,1-3,0.26694122047635316,0.052345745612337194,0.034160191044929816,0.04952336727125174,0.007534835625395966,True,True,False,False,予選,2026-08-23,1号艇のdominance,-0.1546,1号艇のsession_exh_rel_avg,-0.1463,1号艇の節間得点,0.0981,1号艇のvs_max234_diff,-0.0818,1号艇の年齢,-0.0796,2号艇のwin_rate_rank_2to6,0.2178,2号艇のclass_rank_2to6,0.134,2号艇の当地勝率,0.1184,6号艇のsession_rank_diff_last,-0.0724,2号艇のsession_exh_rel_avg,0.0661,3号艇のwin_rate_rank_2to6,-0.1528,3号艇のracer_win_te,-0.0882,3号艇のsession_exh_rel_avg,-0.08,3号艇のcumulative_diff_rank_2to6,-0.0611,3号艇の全国勝率,-0.0581,0.0294,南 2.3m/s,[逃げ]1号艇のdominanceが不利(-15.5pt)、1号艇のsession_exh_rel_avgが不利(-14.6pt) / [2着]2号艇のwin_rate_rank_2to6が有利(+21.8pt)、2号艇のclass_rank_2to6が有利(+13.4pt) / [候補2]3号艇のwin_rate_rank_2to6が不利(-15.3pt)、3号艇のracer_win_teが不利(-8.8pt) / [除外]6号艇のwin_rate_rank_2to6が不利(-7.2pt)、6号艇のsession_avg_finishが不利(-6.5pt)、天気+2.9pt
83,22,福岡,6,14:44,0.4848006345590776,2,0.4995765125761425,5,0.21818541835725122,0.3479714395788581,0.1856632605354133,0.5320986703979804,0.2704448251243633,0.4032096088245948,1-2,1-5,0.24219501030772492,0.09000966652187573,0.035599846726265046,0.10577642927113322,0.011219674959492108,True,True,False,False,予選,2026-08-23,1号艇のsession_exh_rel_avg,0.1343,1号艇のdominance,-0.0929,1号艇の年齢,0.0798,1号艇の級別順位,-0.0767,1号艇の節間得点,-0.0618,5号艇のsession_rank_diff_delta,0.0735,2号艇のclass_rank_2to6,0.0617,場特性:1x_diff_course2,0.049,2号艇のsession_exh_rel_avg,0.0488,2号艇の全国勝率,0.0484,5号艇のwin_rate_rank_2to6,0.2027,5号艇のclass_rank_2to6,0.1493,5号艇のsession_exh_rel_avg,0.0954,1号艇のsession_rank_diff_last,-0.0943,5号艇のracer_avgfin_te,0.0688,0.0539,北西 2.6m/s,[逃げ]1号艇のsession_exh_rel_avgが有利(+13.4pt)、1号艇のdominanceが不利(-9.3pt) / [2着]5号艇のsession_rank_diff_deltaが有利(+7.4pt)、2号艇のclass_rank_2to6が有利(+6.2pt) / [候補2]5号艇のwin_rate_rank_2to6が有利(+20.3pt)、5号艇のclass_rank_2to6が有利(+14.9pt) / [除外]5号艇の直近1着率が不利(-11.0pt)、6号艇のwin_rate_rank_2to6が不利(-5.1pt)、天気+5.4pt
84,20,若松,6,17:34,0.5530778676772654,3,0.31515373145259346,2,0.29928409971445735,0.3398319654821161,0.17123923564042692,0.44319859552662394,0.2700008862637063,0.3708419544954684,1-3,1-2,0.16552741169978216,0.17430455378233392,0.09470863131069211,0.07138240744774284,0.04715485519521198,True,False,False,False,予選,2026-08-23,1号艇のsession_exh_rel_avg,-0.1367,風速区分,0.0761,1号艇のdominance,-0.0719,1号艇の年齢,-0.0718,1号艇の勝率順位,-0.0594,3号艇のsession_exh_rel_avg,-0.1123,3号艇のwin_rate_rank_2to6,-0.0741,3号艇の全国勝率,0.0472,3号艇のclass_rank_2to6,0.0457,3号艇のcumulative_diff_rank_2to6,-0.044,2号艇のwin_rate_rank_2to6,-0.1583,2号艇のsession_exh_rel_avg,0.1006,2号艇のclass_rank_2to6,-0.0596,2号艇の直近平均着順,-0.0415,2号艇のsession_avg_finish,0.0377,0.0804,北東 1.9m/s,[逃げ]1号艇のsession_exh_rel_avgが不利(-13.7pt)、風速区分が有利(+7.6pt) / [2着]3号艇のsession_exh_rel_avgが不利(-11.2pt)、3号艇のwin_rate_rank_2to6が不利(-7.4pt) / [候補2]2号艇のwin_rate_rank_2to6が不利(-15.8pt)、2号艇のsession_exh_rel_avgが有利(+10.1pt) / [除外]6号艇のsession_exh_rel_avgが不利(-9.3pt)、天気+8.0pt
85,08,常滑,9,14:31,0.4175436676097777,2,0.45179938832361527,3,0.28560641711855794,0.30789912452106716,0.10833665569683817,0.6290691497453351,0.267871010789951,0.40425013208834754,1-2,1-3,0.18864597362449648,0.11925315089657068,0.03755980922390988,0.045235284556235524,0.026849447753093784,True,True,False,False,予選,2026-08-23,1号艇のdominance,-0.1667,1号艇の直近1着率,-0.0921,場特性:in_escape_diff,0.0815,1号艇の級別順位,-0.0766,3号艇の直近1着率,-0.0658,4号艇のsession_rank_diff_last,0.1593,2号艇のsession_exh_rel_avg,0.0775,2号艇の全国勝率,0.0627,avg_entry_count,-0.0362,2号艇のcumulative_diff_rank_2to6,-0.0326,3号艇のwin_rate_rank_2to6,0.1642,3号艇のsession_exh_rel_avg,-0.1009,3号艇の節間得点,0.0492,3号艇の全国勝率,0.0375,3号艇のclass_rank_2to6,0.0361,-0.059,南東 6.5m/s,[逃げ]1号艇のdominanceが不利(-16.7pt)、1号艇の直近1着率が不利(-9.2pt) / [2着]4号艇のsession_rank_diff_lastが有利(+15.9pt)、2号艇のsession_exh_rel_avgが有利(+7.8pt) / [候補2]3号艇のwin_rate_rank_2to6が有利(+16.4pt)、3号艇のsession_exh_rel_avgが不利(-10.1pt)、天気-5.9pt
86,22,福岡,10,16:56,0.6390274304226999,2,0.2937083388339514,5,0.2866453891022034,0.3708619514992757,0.23611699926214988,0.3442367286740049,0.265781778145059,0.3628743846516944,1-2,1-5,0.18768768505877967,0.15088523931761016,0.09214170412701403,0.18317426644049603,0.025138528337112047,True,False,False,False,予選特賞,2026-08-23,1号艇のsession_exh_rel_avg,0.1266,1号艇のracer_win_te,0.1028,1号艇の級別順位,-0.0932,レース時間帯,0.084,1号艇の勝率順位,-0.0818,2号艇のsession_exh_rel_avg,0.1174,2号艇のwin_rate_rank_2to6,-0.1171,場特性:1x_diff_course2,0.0495,1号艇のモーター出走数,0.0473,2号艇のclass_rank_2to6,0.0457,5号艇のwin_rate_rank_2to6,0.2225,5号艇のclass_rank_2to6,0.1314,5号艇の年齢,0.093,5号艇のsession_exh_rel_avg,0.0766,5号艇の枠別勝率,0.057,0.1059,北西 2.4m/s,[逃げ]1号艇のsession_exh_rel_avgが有利(+12.7pt)、1号艇のracer_win_teが有利(+10.3pt) / [2着]2号艇のsession_exh_rel_avgが有利(+11.7pt)、2号艇のwin_rate_rank_2to6が不利(-11.7pt) / [候補2]5号艇のwin_rate_rank_2to6が有利(+22.2pt)、5号艇のclass_rank_2to6が有利(+13.1pt)、天気+10.6pt
87,21,芦屋,9,12:27,0.4347590335303274,2,0.5450992615779238,5,0.18586714360256634,0.3177942478594076,0.13711794967568566,0.5938484555048044,0.26550389303715727,0.40061051015302657,1-2,1-5,0.23698682814171326,0.05961326728066117,0.03767997948444327,0.08080741971769433,0.019671534856806346,True,True,False,False,予選特賞,2026-08-23,1号艇の年齢,-0.1916,5号艇の平均ST,0.0766,1号艇の節間得点,-0.0739,5号艇の枠別出走数,-0.0739,1号艇の勝率順位,-0.0692,2号艇のclass_rank_2to6,0.0968,2号艇のsession_exh_rel_avg,0.0957,3号艇のracer_2nd_te,0.0758,2号艇の全国勝率,0.0687,3号艇のracer_win_te,0.0664,5号艇の年齢,0.2707,5号艇の枠別出走数,0.1531,6号艇のvs_avg456_diff,0.1347,5号艇のracer_avgfin_te,-0.1302,3号艇の一般戦2連率,0.0941,0.058,北東 2.3m/s,[逃げ]1号艇の年齢が不利(-19.2pt)、5号艇の平均STが有利(+7.7pt) / [2着]2号艇のclass_rank_2to6が有利(+9.7pt)、2号艇のsession_exh_rel_avgが有利(+9.6pt) / [候補2]5号艇の年齢が有利(+27.1pt)、5号艇の枠別出走数が有利(+15.3pt) / [除外]win_rate_range_1to6が不利(-9.4pt)、3号艇のwin_rate_rank_2to6が不利(-5.4pt)、天気+5.8pt
88,21,芦屋,8,11:50,0.4711450460348917,4,0.5015221398650379,3,0.20337909279088046,0.33211072370972455,0.16994626704367632,0.534954965612242,0.26438155042215483,0.39296399628047973,1-4,1-3,0.08006934180975088,0.09582105203549389,0.23628967167423068,0.038742126079998766,0.02022286584390595,True,True,False,False,予選,2026-08-23,1号艇のdominance,-0.2098,1号艇の年齢,-0.1099,1号艇の節間得点,0.1096,1号艇vs2号艇のcumulative差,0.0872,1号艇の級別順位,-0.0797,4号艇のclass_rank_2to6,0.2342,4号艇のwin_rate_rank_2to6,0.2033,ST差分(3-2),0.152,4号艇の節間得点,0.1179,1号艇のモーター出走数,0.0798,3号艇のsession_exh_rel_avg,0.0821,3号艇の全国勝率,-0.0813,3号艇のracer_avgfin_te,-0.0741,3号艇のwin_rate_rank_2to6,-0.0674,6号艇のモーター出走数,0.0663,0.0663,北東 2.8m/s,[逃げ]1号艇のdominanceが不利(-21.0pt)、1号艇の年齢が不利(-11.0pt) / [2着]4号艇のclass_rank_2to6が有利(+23.4pt)、4号艇のwin_rate_rank_2to6が有利(+20.3pt) / [候補2]3号艇のsession_exh_rel_avgが有利(+8.2pt)、3号艇の全国勝率が不利(-8.1pt) / [除外]6号艇のsession_exh_rel_avgが不利(-8.3pt)、2号艇のwin_rate_rank_2to6が不利(-5.4pt)、天気+6.6pt
89,16,児島,8,14:34,0.4937836028960065,3,0.37668128086820224,4,0.2630191393012904,0.31587357824538126,0.13619949018461386,0.5035009299848788,0.2642473938616085,0.3721617837672305,1-3,1-4,0.06381152576602601,0.18599904001058346,0.12987453823479778,0.06725307497595791,0.04684541839017953,True,True,False,False,一般,2026-08-23,1号艇の女子戦比率,-0.3902,1号艇のdominance,-0.2507,6号艇の枠別出走数,-0.1528,1号艇のvs_max234_diff,0.0857,1号艇の級別順位,-0.0822,2号艇の女子戦比率,0.2164,3号艇の節間得点,-0.0919,2号艇の直近1着率,0.0617,4号艇の女子戦勝率,0.0534,2号艇のvs_boat3_diff,0.0484,1号艇の女子戦比率,0.1404,4号艇のwin_rate_rank_2to6,-0.1001,6号艇の一般戦2連率,0.0953,4号艇の節間得点,-0.0656,4号艇の全国勝率,-0.0581,0.0535,西 1.7m/s,[逃げ]1号艇の女子戦比率が不利(-39.0pt)、1号艇のdominanceが不利(-25.1pt) / [2着]2号艇の女子戦比率が有利(+21.6pt)、3号艇の節間得点が不利(-9.2pt) / [候補2]1号艇の女子戦比率が有利(+14.0pt)、4号艇のwin_rate_rank_2to6が不利(-10.0pt) / [除外]2号艇の女子戦比率が不利(-6.4pt)、2号艇のwin_rate_rank_2to6が不利(-6.4pt)、天気+5.3pt
90,21,芦屋,11,13:32,0.5291908381603017,2,0.37838046463918873,3,0.24691097530191528,0.3308985011968948,0.17250791272735166,0.45278352721375237,0.26239936947759235,0.36746400900195203,1-2,1-3,0.20023547522589666,0.13066302597099808,0.08957142954165391,0.0912896069254714,0.017431294582113115,True,True,False,False,予選特選,2026-08-23,1号艇のdominance,0.1549,1号艇の年齢,-0.145,1号艇のsession_exh_rel_avg,-0.0917,1号艇vs2号艇のcumulative差,-0.0908,1号艇vs4号艇のcumulative差,-0.0814,2号艇のwin_rate_rank_2to6,-0.1222,2号艇のsession_exh_rel_avg,0.0825,2号艇のモーター2連率,0.0766,3号艇のモーター出走数,0.0731,2号艇のclass_rank_2to6,-0.0618,3号艇のwin_rate_rank_2to6,0.1794,4号艇のsession_rank_diff_last,-0.0964,3号艇のsession_exh_rel_avg,-0.0907,3号艇の年齢,-0.0781,6号艇のモーター出走数,0.0719,0.1697,東 1.8m/s,[逃げ]1号艇のdominanceが有利(+15.5pt)、1号艇の年齢が不利(-14.5pt) / [2着]2号艇のwin_rate_rank_2to6が不利(-12.2pt)、2号艇のsession_exh_rel_avgが有利(+8.2pt) / [候補2]3号艇のwin_rate_rank_2to6が有利(+17.9pt)、4号艇のsession_rank_diff_lastが不利(-9.6pt) / [除外]4号艇のwin_rate_rank_2to6が不利(-6.1pt)、天気+17.0pt
91,21,芦屋,5,10:17,0.7252416430746589,2,0.25388959324580856,3,0.21271590245051306,0.3384017363664659,0.19036749974350403,0.27623799595281756,0.2610969054133325,0.3197526142423714,1-2,1-3,0.18413130576514702,0.15427043060131895,0.12486622198893423,0.13806243830199358,0.12391125722420777,False,False,True,False,サンライズＺ,2026-08-23,1号艇のdominance,0.1707,1号艇のvs_max234_frame_diff,0.1241,1号艇のvs_max234_diff,0.1139,3号艇の枠別出走数,-0.1117,1号艇のracer_win_te,0.1095,2号艇の全国2連率,-0.1595,2号艇のwin_rate_rank_2to6,-0.1489,2号艇の全国勝率,-0.0831,2号艇のsession_avg_finish,0.071,2号艇の直近平均着順,-0.0637,3号艇のsession_exh_rel_avg,0.1331,3号艇のwin_rate_rank_2to6,-0.1118,3号艇の全国勝率,-0.1058,4号艇のモーター出走数,-0.0822,6号艇のモーター出走数,0.0796,0.1063,北東 1.8m/s,[逃げ]1号艇のdominanceが有利(+17.1pt)、1号艇のvs_max234_frame_diffが有利(+12.4pt) / [2着]2号艇の全国2連率が不利(-15.9pt)、2号艇のwin_rate_rank_2to6が不利(-14.9pt) / [候補2]3号艇のsession_exh_rel_avgが有利(+13.3pt)、3号艇のwin_rate_rank_2to6が不利(-11.2pt)、天気+10.6pt
92,16,児島,6,13:22,0.4973869926654934,2,0.36444826472738967,4,0.3050143207613992,0.3329819820983345,0.18297019594224456,0.48649238954654433,0.2598710478866114,0.3790351043327974,1-2,1-4,0.18127182637491396,0.05189564090577417,0.15171015572342053,0.09100699550712908,0.02150236488970093,True,True,False,False,一般,2026-08-23,1号艇のdominance,-0.1394,節間得点の分散(2-6号艇),-0.1217,max_234_frame_win_rate,-0.1129,3号艇のsession_exh_rel_delta,0.1065,1号艇のsession_exh_rel_avg,-0.0765,2号艇の直近複勝率,0.0826,2号艇のwin_rate_rank_2to6,0.0688,2号艇のsession_exh_rel_avg,-0.0666,2号艇の節間得点,-0.0563,3号艇の年齢,0.0511,4号艇のsession_exh_rel_avg,0.1103,4号艇のwin_rate_rank_2to6,-0.1019,4号艇の節間得点,0.0596,4号艇の全国勝率,-0.0537,3号艇のsession_exh_rel_delta,0.0467,0.0484,南 1.2m/s,[逃げ]1号艇のdominanceが不利(-13.9pt)、節間得点の分散(2-6号艇)が不利(-12.2pt) / [2着]2号艇の直近複勝率が有利(+8.3pt)、2号艇のwin_rate_rank_2to6が有利(+6.9pt) / [候補2]4号艇のsession_exh_rel_avgが有利(+11.0pt)、4号艇のwin_rate_rank_2to6が不利(-10.2pt) / [除外]5号艇の直近平均着順が不利(-18.5pt)、win_rate_range_1to6が不利(-8.9pt)、天気+4.8pt
93,07,蒲郡,6,17:27,0.5176927069181754,2,0.32710579626782577,5,0.32273947067547837,0.3364201553218434,0.19200729669690975,0.4578379702463944,0.2589060058286014,0.37284549979920867,1-2,1-5,0.1693402851185159,0.09940077717506444,0.07173105549746199,0.16707987020332749,0.010140732423694877,True,False,False,False,一般戦,2026-08-23,1号艇のdominance,-0.1961,5号艇の節間得点,-0.1803,1号艇のsession_exh_rel_avg,0.1655,5号艇の当地2連率,-0.0962,4号艇の直近複勝率,-0.0714,2号艇のsession_exh_rel_avg,-0.1248,2号艇のclass_rank_2to6,0.0691,win_rate_gap_top2_2to6,-0.0536,2号艇の全国勝率,0.0455,5号艇の一般戦勝率,-0.0419,5号艇のwin_rate_rank_2to6,0.2877,5号艇のclass_rank_2to6,0.1702,5号艇の節間得点,0.0852,5号艇のモーター2連率,0.0822,1号艇vs4号艇の直近複勝率差,-0.0817,0.0061,南東 1.9m/s,[逃げ]1号艇のdominanceが不利(-19.6pt)、5号艇の節間得点が不利(-18.0pt) / [2着]2号艇のsession_exh_rel_avgが不利(-12.5pt)、2号艇のclass_rank_2to6が有利(+6.9pt) / [候補2]5号艇のwin_rate_rank_2to6が有利(+28.8pt)、5号艇のclass_rank_2to6が有利(+17.0pt) / [除外]6号艇のsession_exh_rel_avgが不利(-6.9pt)、天気+0.6pt
94,19,下関,6,17:48,0.5700645825013375,4,0.3642641378239013,2,0.1969604405876337,0.3199342549816609,0.16885799369703822,0.3923665847144968,0.255106107288269,0.34166395390151166,1-4,1-2,0.1122801713328689,0.09000179692774757,0.20765408364879198,0.09625996167891557,0.06386857316032565,True,False,False,False,一般,2026-08-23,1号艇のsession_exh_rel_avg,-0.1906,1号艇の年齢,-0.0936,1号艇の級別順位,-0.0903,場特性:in_escape_diff,0.0777,ST差分(4-3),-0.072,4号艇のwin_rate_rank_2to6,0.1752,4号艇のclass_rank_2to6,0.0937,4号艇のsession_exh_rel_avg,0.0843,4号艇の全国勝率,0.0667,6号艇の節間得点,-0.0643,2号艇のwin_rate_rank_2to6,-0.1469,2号艇の全国勝率,-0.0982,1号艇の年齢,0.089,2号艇のsession_exh_rel_avg,-0.0675,2号艇のclass_rank_2to6,-0.0533,0.0371,東 0.9m/s,[逃げ]1号艇のsession_exh_rel_avgが不利(-19.1pt)、1号艇の年齢が不利(-9.4pt) / [2着]4号艇のwin_rate_rank_2to6が有利(+17.5pt)、4号艇のclass_rank_2to6が有利(+9.4pt) / [候補2]2号艇のwin_rate_rank_2to6が不利(-14.7pt)、2号艇の全国勝率が不利(-9.8pt)、天気+3.7pt
95,06,浜名湖,4,13:04,0.5271274024325479,2,0.3928381506064763,4,0.26786893665599865,0.34827681067744315,0.2393042389035345,0.4214028483589405,0.24826387014914403,0.37021462198189237,1-2,1-4,0.20707575390559788,0.126143821844318,0.14120105677184527,0.03895056099599994,0.01375620744200984,True,True,False,False,ランチタイム,2026-08-23,1号艇のdominance,0.2098,1号艇のsession_exh_rel_avg,-0.1461,場特性:in_escape_diff,-0.0862,2号艇のsession_exh_rel_avg,-0.0791,1号艇の勝率順位,0.0791,2号艇のsession_exh_rel_avg,0.1575,6号艇のsession_rank_diff_last,-0.0874,2号艇のモーター2連率,0.0701,1号艇vs6号艇の枠別平均ST差,0.0641,4号艇のモーター出走数,-0.0479,4号艇のwin_rate_rank_2to6,0.1741,4号艇のsession_exh_rel_avg,0.1016,4号艇のclass_rank_2to6,-0.0741,4号艇のcumulative_diff_rank_2to6,0.0678,4号艇のモーター2連率,0.0581,0.0138,南 2.9m/s,[逃げ]1号艇のdominanceが有利(+21.0pt)、1号艇のsession_exh_rel_avgが不利(-14.6pt) / [2着]2号艇のsession_exh_rel_avgが有利(+15.8pt)、6号艇のsession_rank_diff_lastが不利(-8.7pt) / [候補2]4号艇のwin_rate_rank_2to6が有利(+17.4pt)、4号艇のsession_exh_rel_avgが有利(+10.2pt) / [除外]6号艇のwin_rate_rank_2to6が不利(-7.0pt)、天気+1.4pt
96,07,蒲郡,12,20:31,0.6065264982557386,4,0.3314920001728122,3,0.25413529223728304,0.35519847094848456,0.2515025179569964,0.33412477445309885,0.24799849916686187,0.3488763619998688,1-4,1-3,0.15254294151895803,0.15413978888387805,0.20105868206460648,0.07778089537896767,0.021004185890353678,False,False,False,False,一般戦,2026-08-23,1号艇のsession_exh_rel_avg,0.1241,race_no,0.1107,1号艇の直近1着率,-0.1057,風速区分,0.078,1号艇の全国勝率,-0.0707,4号艇のwin_rate_rank_2to6,0.1463,4号艇のclass_rank_2to6,0.1068,4号艇のsession_exh_rel_avg,0.0781,4号艇の年齢,0.0575,2号艇のモーター2連率,0.0363,3号艇のwin_rate_rank_2to6,-0.0661,3号艇のsession_exh_rel_avg,-0.0606,3号艇の当地勝率,-0.0587,3号艇のracer_avgfin_te,-0.0398,3号艇のracer_win_te,-0.0366,0.1189,南東 1.9m/s,[逃げ]1号艇のsession_exh_rel_avgが有利(+12.4pt)、race_noが有利(+11.1pt) / [2着]4号艇のwin_rate_rank_2to6が有利(+14.6pt)、4号艇のclass_rank_2to6が有利(+10.7pt) / [候補2]3号艇のwin_rate_rank_2to6が不利(-6.6pt)、3号艇のsession_exh_rel_avgが不利(-6.1pt) / [除外]6号艇のwin_rate_rank_2to6が不利(-7.3pt)、6号艇のvs_avg456_diffが不利(-5.6pt)、天気+11.9pt
97,03,江戸川,10,15:22,0.5281590773208844,2,0.3887937532049701,3,0.24097727309032482,0.3326192841715494,0.21629807569808335,0.41347295059721156,0.2462853908438933,0.356875384099248,1-2,1-3,0.20534494996086067,0.12727433421068873,0.07597512119923024,0.11423979208698251,0.005324868795676634,True,False,False,False,予選特賞,2026-08-23,場特性:in_escape_diff,-0.1031,1号艇の節間得点,0.1015,1号艇のsession_exh_rel_avg,-0.0844,1号艇のracer_win_te,0.0771,風速区分,0.076,2号艇のsession_exh_rel_avg,0.1102,2号艇のclass_rank_2to6,0.0917,2号艇のwin_rate_rank_2to6,0.0609,2号艇の全国勝率,0.0578,2号艇の節間得点,0.0523,3号艇のwin_rate_rank_2to6,-0.1269,4号艇の女子戦2連率,0.0581,3号艇の全国勝率,-0.0457,場特性:1x_diff_course3,-0.0372,3号艇のsession_exh_rel_delta,-0.031,0.0938,南東 1.0m/s,[逃げ]場特性:in_escape_diffが不利(-10.3pt)、1号艇の節間得点が有利(+10.2pt) / [2着]2号艇のsession_exh_rel_avgが有利(+11.0pt)、2号艇のclass_rank_2to6が有利(+9.2pt) / [候補2]3号艇のwin_rate_rank_2to6が不利(-12.7pt)、4号艇の女子戦2連率が有利(+5.8pt) / [除外]6号艇のwin_rate_rank_2to6が不利(-8.1pt)、6号艇のvs_avg456_diffが不利(-5.6pt)、天気+9.4pt
98,23,唐津,8,12:03,0.595826504665867,4,0.2672086016879175,3,0.26268311243307996,0.31572352787611874,0.1962307731226885,0.33366094099830895,0.24137792151433457,0.32110475181277576,1-4,1-3,0.10415908168507536,0.15651356071575298,0.15920996716036576,0.11691949565757223,0.059024383909713735,True,True,False,False,８っぴータイ,2026-08-23,1号艇のsession_exh_rel_avg,0.1256,風速区分,0.0778,1号艇の年齢,-0.0778,1号艇の勝率順位,-0.0759,1号艇のvs_max234_diff,0.0727,4号艇のwin_rate_rank_2to6,-0.1016,4号艇のclass_rank_2to6,-0.0763,3号艇の年齢,0.0761,4号艇の年齢,-0.0606,4号艇の全国勝率,-0.0563,3号艇の全国勝率,-0.0463,3号艇のwin_rate_rank_2to6,-0.0456,2号艇の直近1着率,0.0329,5号艇の直近平均着順,-0.0308,6号艇の体重,-0.0295,0.0743,南東 1.9m/s,[逃げ]1号艇のsession_exh_rel_avgが有利(+12.6pt)、風速区分が有利(+7.8pt) / [2着]4号艇のwin_rate_rank_2to6が不利(-10.2pt)、4号艇のclass_rank_2to6が不利(-7.6pt) / [候補2]3号艇の全国勝率が不利(-4.6pt)、3号艇のwin_rate_rank_2to6が不利(-4.6pt) / [除外]1号艇の体重が不利(-8.2pt)、6号艇のsession_exh_rel_avgが不利(-7.4pt)、天気+7.4pt
99,04,平和島,1,11:55,0.3987129920106248,3,0.4232629090429566,2,0.31107816093462776,0.29279132516704626,0.14858781073778354,0.5857532592398007,0.24058505875554317,0.3806799053888726,1-3,1-2,0.1240309042954081,0.16876042087163817,0.05924389059557012,0.04206831626969402,0.004609469261574633,True,True,False,False,一般,2026-08-23,1号艇のdominance,-0.1315,1号艇のracer_win_te,-0.1277,場特性:in_escape_diff,-0.0964,1号艇の級別順位,-0.0957,風速区分,0.0797,3号艇のwin_rate_rank_2to6,0.1642,3号艇のモーター2連率,0.062,3号艇の節間得点,-0.042,3号艇のcumulative_diff_rank_2to6,0.0378,3号艇の当地勝率,-0.035,2号艇のsession_exh_rel_avg,-0.0702,2号艇のsession_rank_diff_delta,-0.055,2号艇の全国勝率,-0.05,2号艇の節間得点,-0.0459,2号艇のclass_rank_2to6,-0.0436,0.0596,北東 1.2m/s,[逃げ]1号艇のdominanceが不利(-13.2pt)、1号艇のracer_win_teが不利(-12.8pt) / [2着]3号艇のwin_rate_rank_2to6が有利(+16.4pt)、3号艇のモーター2連率が有利(+6.2pt) / [候補2]2号艇のsession_exh_rel_avgが不利(-7.0pt)、2号艇のsession_rank_diff_deltaが不利(-5.5pt) / [除外]6号艇のwin_rate_rank_2to6が不利(-7.5pt)、6号艇のsession_avg_finishが不利(-6.0pt)、天気+6.0pt
100,07,蒲郡,5,17:01,0.3283576600153963,2,0.5290845854341272,3,0.29833854722679454,0.27169072368314906,0.09609695898243012,0.7313261736784916,0.24036034088752548,0.40958135868175183,1-2,1-3,0.17372897642336602,0.09796174725978304,0.03155417258606627,0.02102713722768714,0.004085634775280169,True,False,False,False,一般戦,2026-08-23,1号艇のracer_win_te,-0.2468,1号艇のdominance,-0.2392,1号艇のsession_exh_rel_avg,0.1755,1号艇の年齢,0.1107,1号艇の級別順位,-0.0846,2号艇のwin_rate_rank_2to6,0.2109,2号艇のclass_rank_2to6,0.1075,2号艇の当地勝率,0.0874,2号艇のracer_avgfin_te,0.0559,2号艇の全国勝率,0.0405,3号艇のsession_exh_rel_avg,-0.1031,1号艇vs2号艇のplace_rate差,0.0518,場特性:1x_diff_course3,0.0516,3号艇のwin_rate_rank_2to6,0.0361,5号艇の一般戦2連率,-0.0347,-0.0086,南東 1.9m/s,[逃げ]1号艇のracer_win_teが不利(-24.7pt)、1号艇のdominanceが不利(-23.9pt) / [2着]2号艇のwin_rate_rank_2to6が有利(+21.1pt)、2号艇のclass_rank_2to6が有利(+10.8pt) / [候補2]3号艇のsession_exh_rel_avgが不利(-10.3pt)、1号艇vs2号艇のplace_rate差が有利(+5.2pt) / [除外]6号艇のwin_rate_rank_2to6が不利(-6.5pt)、天気-0.9pt
101,06,浜名湖,8,15:09,0.536324406502213,4,0.3817748817954918,2,0.23719807295625048,0.33197030259814936,0.233676557400387,0.3852963973513553,0.238881889633789,0.3479681310241111,1-4,1-2,0.12721511570172966,0.12532644096124287,0.20475518689641967,0.04552657012549134,0.03350109281732945,True,False,False,False,ブレイクタイ,2026-08-23,1号艇のdominance,0.1177,1号艇のsession_exh_rel_avg,-0.0726,風速区分,0.0611,場特性:in_escape_diff,-0.0608,avg_entry_count,-0.0591,4号艇のclass_rank_2to6,0.2253,4号艇のwin_rate_rank_2to6,0.192,4号艇のsession_exh_rel_avg,-0.1191,4号艇のcumulative_diff_rank_2to6,-0.0679,4号艇の節間得点,-0.0652,2号艇のwin_rate_rank_2to6,-0.2105,2号艇の全国勝率,-0.1821,2号艇のsession_exh_rel_avg,0.0837,2号艇の直近平均着順,-0.0643,2号艇のclass_rank_2to6,-0.0576,-0.0011,南東 2.0m/s,[逃げ]1号艇のdominanceが有利(+11.8pt)、1号艇のsession_exh_rel_avgが不利(-7.3pt) / [2着]4号艇のclass_rank_2to6が有利(+22.5pt)、4号艇のwin_rate_rank_2to6が有利(+19.2pt) / [候補2]2号艇のwin_rate_rank_2to6が不利(-21.1pt)、2号艇の全国勝率が不利(-18.2pt) / [除外]6号艇のsession_exh_rel_avgが不利(-10.1pt)、5号艇のracer_avgfin_teが不利(-5.7pt)、天気影響ほぼなし
102,03,江戸川,9,14:52,0.5650200537358492,3,0.334761862380055,2,0.2449827683932096,0.32756734243257996,0.22591517249298884,0.3538294582802757,0.23876442323010846,0.3354459771868887,1-3,1-2,0.13842017696188838,0.18914716547069163,0.1276466029017322,0.06902006231403318,0.04078605029723127,True,True,False,False,予選特賞,2026-08-23,1号艇のsession_exh_rel_avg,0.1375,場特性:in_escape_diff,-0.1284,3号艇のsession_exh_rel_avg,-0.0944,風速区分,0.0874,1号艇の年齢,0.0595,3号艇のsession_exh_rel_avg,0.1111,3号艇のwin_rate_rank_2to6,0.0578,3号艇の当地勝率,-0.0422,3号艇の枠別勝率,0.0311,場特性:1x_diff_course3,-0.0303,2号艇のclass_rank_2to6,0.0959,2号艇のwin_rate_rank_2to6,-0.047,2号艇の当地勝率,-0.0392,2号艇のcumulative_diff_rank_2to6,-0.0384,2号艇のモーター2連率,-0.0349,0.0279,南東 1.2m/s,[逃げ]1号艇のsession_exh_rel_avgが有利(+13.7pt)、場特性:in_escape_diffが不利(-12.8pt) / [2着]3号艇のsession_exh_rel_avgが有利(+11.1pt)、3号艇のwin_rate_rank_2to6が有利(+5.8pt) / [候補2]2号艇のclass_rank_2to6が有利(+9.6pt)、2号艇のwin_rate_rank_2to6が不利(-4.7pt)、天気+2.8pt
103,22,福岡,7,15:13,0.36930870696250573,3,0.5464844869556919,2,0.21873055252581464,0.28260057677917794,0.13336202875750897,0.6318530107239975,0.2373747532824019,0.38737630696262376,1-3,1-2,0.08077909752650304,0.20182147925267488,0.04925175839833214,0.025181847718024845,0.012274521315406541,True,False,False,False,予選,2026-08-23,1号艇のdominance,-0.2499,6号艇の枠別出走数,-0.2176,1号艇のsession_exh_rel_avg,0.1171,1号艇の年齢,-0.0892,1号艇vs6号艇の枠別平均ST差,-0.081,3号艇のsession_exh_rel_avg,0.1167,3号艇の当地勝率,0.1067,6号艇のracer_2nd_te,-0.0781,3号艇のwin_rate_rank_2to6,0.0554,3号艇のclass_rank_2to6,0.0382,2号艇のwin_rate_rank_2to6,-0.185,2号艇の全国勝率,-0.0636,1号艇のモーター出走数,0.0441,3号艇の一般戦2連率,0.0414,2号艇のclass_rank_2to6,-0.0403,0.0088,北西 2.4m/s,[逃げ]1号艇のdominanceが不利(-25.0pt)、6号艇の枠別出走数が不利(-21.8pt) / [2着]3号艇のsession_exh_rel_avgが有利(+11.7pt)、3号艇の当地勝率が有利(+10.7pt) / [候補2]2号艇のwin_rate_rank_2to6が不利(-18.5pt)、2号艇の全国勝率が不利(-6.4pt) / [除外]6号艇のsession_exh_rel_avgが不利(-6.2pt)、3号艇のracer_win_teが不利(-5.2pt)、天気+0.9pt
104,02,戸田,2,11:16,0.3598230878002544,2,0.5368951297641242,3,0.21504667720416693,0.2705660228294334,0.1165549988179367,0.6353868081503544,0.23272303586416324,0.3800122584257097,1-2,1-3,0.19318726341664547,0.07737875941278792,0.038907628533586404,0.04193917957322498,0.00841026490668239,True,True,False,False,一般戦,2026-08-23,場特性:in_escape_diff,-0.1778,1号艇の年齢,-0.1105,1号艇のsession_exh_rel_avg,0.1044,1号艇の級別順位,-0.0891,1号艇のracer_win_te,-0.086,2号艇のwin_rate_rank_2to6,0.2295,2号艇のsession_exh_rel_avg,-0.0668,2号艇のclass_rank_2to6,0.0644,4号艇のsession_rank_diff_delta,-0.0431,6号艇のsession_rank_diff_last,-0.0412,4号艇のsession_rank_diff_last,-0.1438,3号艇の節間得点,-0.0936,3号艇のモーター2連率,0.0857,3号艇のsession_exh_rel_avg,0.0852,3号艇のwin_rate_rank_2to6,0.0468,0.0247,東 0.8m/s,[逃げ]場特性:in_escape_diffが不利(-17.8pt)、1号艇の年齢が不利(-11.1pt) / [2着]2号艇のwin_rate_rank_2to6が有利(+22.9pt)、2号艇のsession_exh_rel_avgが不利(-6.7pt) / [候補2]4号艇のsession_rank_diff_lastが不利(-14.4pt)、3号艇の節間得点が不利(-9.4pt) / [除外]6号艇のwin_rate_rank_2to6が不利(-6.9pt)、天気+2.5pt
105,22,福岡,2,12:48,0.5431320831968771,3,0.34378420596016557,5,0.20839636102130576,0.29990698164547924,0.18843869217421627,0.36374187480725506,0.23209008637125028,0.31905744959401194,1-3,1-5,0.10008620746606157,0.18672023195332899,0.10234709943547715,0.11318674969215028,0.040791800719833175,True,True,False,False,予選,2026-08-23,1号艇のracer_win_te,-0.1814,1号艇の勝率順位,-0.086,1号艇の級別順位,-0.081,1号艇のvs_max234_diff,0.0744,1号艇のlocal_win_rate順位,-0.0613,3号艇の年齢,-0.0758,3号艇のsession_exh_rel_avg,0.0688,3号艇のwin_rate_rank_2to6,-0.065,3号艇のcumulative_diff_rank_2to6,0.0538,3号艇の当地勝率,-0.0513,5号艇のsession_exh_rel_avg,0.1175,5号艇のwin_rate_rank_2to6,0.1108,5号艇のclass_rank_2to6,0.1105,1号艇vs5号艇のlocal_win_rate差,0.0594,mean_234_全国勝率,0.0501,0.023,北西 3.0m/s,[逃げ]1号艇のracer_win_teが不利(-18.1pt)、1号艇の勝率順位が不利(-8.6pt) / [2着]3号艇の年齢が不利(-7.6pt)、3号艇のsession_exh_rel_avgが有利(+6.9pt) / [候補2]5号艇のsession_exh_rel_avgが有利(+11.8pt)、5号艇のwin_rate_rank_2to6が有利(+11.1pt) / [除外]6号艇の女子戦2連率が不利(-7.3pt)、2号艇のwin_rate_rank_2to6が不利(-5.8pt)、天気+2.3pt
106,19,下関,5,17:17,0.5390605380999125,2,0.3065123825242452,5,0.24689168318160448,0.29831829344607463,0.185347948430385,0.36805611727546467,0.23196707304269445,0.3192396405948916,1-2,1-5,0.16522872985780582,0.09494337184732453,0.09991376481659817,0.13308956358826882,0.04588510798991519,True,False,False,False,シーモ戦,2026-08-23,5号艇の枠別出走数,-0.2344,場特性:in_escape_diff,0.0979,1号艇のdominance,0.0751,風速区分,0.0634,ST差分(4-3),-0.0528,2号艇のclass_rank_2to6,-0.0632,2号艇の全国勝率,0.051,2号艇のsession_exh_rel_avg,-0.0509,2号艇のwin_rate_rank_2to6,-0.0412,2号艇のモーター2連率,-0.0392,5号艇のwin_rate_rank_2to6,0.1907,5号艇の年齢,-0.1551,5号艇のclass_rank_2to6,0.1231,5号艇のsession_exh_rel_avg,0.0709,5号艇の節間得点,0.0535,0.0566,東 2.0m/s,[逃げ]5号艇の枠別出走数が不利(-23.4pt)、場特性:in_escape_diffが有利(+9.8pt) / [2着]2号艇のclass_rank_2to6が不利(-6.3pt)、2号艇の全国勝率が有利(+5.1pt) / [候補2]5号艇のwin_rate_rank_2to6が有利(+19.1pt)、5号艇の年齢が不利(-15.5pt)、天気+5.7pt
107,02,戸田,12,16:30,0.4747771542841398,3,0.38233015762203754,2,0.27696418915655246,0.3130178937991598,0.22305661338867472,0.4362377333899153,0.22923304021408408,0.3499838456763864,1-3,1-2,0.13149626956636218,0.1815216242327976,0.10590218414893254,0.04186540714595382,0.013991675380483235,True,False,False,False,優勝戦,2026-08-23,4号艇のsession_exh_rel_avg,-0.1839,場特性:in_escape_diff,-0.1757,1号艇のdominance,0.1438,6号艇の枠別出走数,-0.1364,5号艇の節間得点,-0.1166,3号艇の当地勝率,0.1243,3号艇のwin_rate_rank_2to6,-0.1059,3号艇の節間得点,0.0848,3号艇のsession_exh_rel_avg,0.0716,3号艇のcumulative_diff_rank_2to6,0.0492,2号艇のwin_rate_rank_2to6,0.1569,2号艇のclass_rank_2to6,0.0742,2号艇のsession_exh_rel_avg,-0.0517,2号艇の全国勝率,0.0493,勝率の分散(2-6号艇),-0.0384,0.1064,南東 0.7m/s,[逃げ]4号艇のsession_exh_rel_avgが不利(-18.4pt)、場特性:in_escape_diffが不利(-17.6pt) / [2着]3号艇の当地勝率が有利(+12.4pt)、3号艇のwin_rate_rank_2to6が不利(-10.6pt) / [候補2]2号艇のwin_rate_rank_2to6が有利(+15.7pt)、2号艇のclass_rank_2to6が有利(+7.4pt)、天気+10.6pt
108,18,徳山,10,13:12,0.5662335408000825,5,0.28289729250594536,2,0.2662421359702537,0.3109411629790118,0.2291840232347605,0.3199554052414385,0.22542586691402147,0.31364543565773984,1-5,1-2,0.15075522736061375,0.12977168097102681,0.11523667166975719,0.16018593561839808,0.010284033617823924,True,True,False,False,予選,2026-08-23,場特性:in_escape_diff,0.1841,1号艇のdominance,-0.1504,1号艇の年齢,-0.1392,1号艇のvs_max234_diff,0.0833,1号艇の級別順位,-0.078,5号艇のwin_rate_rank_2to6,0.2726,5号艇のclass_rank_2to6,0.1514,5号艇の年齢,0.085,1号艇vs5号艇のlocal_win_rate差,0.0706,節間得点の分散(2-6号艇),0.0609,2号艇のsession_exh_rel_avg,0.0718,1号艇の女子戦2連率,0.0495,1号艇の年齢,-0.0491,2号艇のracer_2nd_te,-0.046,2号艇のracer_avgfin_te,-0.0413,0.1341,南東 1.2m/s,[逃げ]場特性:in_escape_diffが有利(+18.4pt)、1号艇のdominanceが不利(-15.0pt) / [2着]5号艇のwin_rate_rank_2to6が有利(+27.3pt)、5号艇のclass_rank_2to6が有利(+15.1pt) / [候補2]2号艇のsession_exh_rel_avgが有利(+7.2pt)、1号艇の女子戦2連率が有利(+4.9pt) / [除外]6号艇のwin_rate_rank_2to6が不利(-7.9pt)、6号艇のvs_avg456_diffが不利(-5.6pt)、天気+13.4pt
109,08,常滑,6,12:57,0.6253730921295817,5,0.2511201211019206,3,0.21146504009891454,0.2892883126334273,0.1940177598583387,0.26856740134249646,0.22193582818902374,0.28307203924614804,1-5,1-3,0.1179232101486717,0.13224454600396418,0.0968280922556041,0.15704376662946312,0.1213334864106639,True,True,False,False,昼トコ小判Ｒ,2026-08-23,場特性:in_escape_diff,0.0906,1号艇のvs_max234_diff,0.0827,1号艇のracer_win_te,0.0774,1号艇の級別順位,0.0665,1号艇の勝率順位,-0.0643,5号艇のclass_rank_2to6,0.1548,5号艇のsession_exh_rel_avg,0.1178,5号艇のwin_rate_rank_2to6,0.1132,5号艇の節間得点,0.0639,mean_234_全国勝率,0.0521,3号艇のwin_rate_rank_2to6,-0.1081,6号艇のracer_2nd_te,-0.0962,3号艇のsession_exh_rel_avg,0.0689,3号艇の全国勝率,-0.0657,3号艇のcumulative_diff_rank_2to6,0.0442,-0.0335,南 5.2m/s,[逃げ]場特性:in_escape_diffが有利(+9.1pt)、1号艇のvs_max234_diffが有利(+8.3pt) / [2着]5号艇のclass_rank_2to6が有利(+15.5pt)、5号艇のsession_exh_rel_avgが有利(+11.8pt) / [候補2]3号艇のwin_rate_rank_2to6が不利(-10.8pt)、6号艇のracer_2nd_teが不利(-9.6pt)、天気-3.3pt
110,18,徳山,7,11:36,0.32794974901315355,2,0.5359503506067758,3,0.23706730059405623,0.25351094469405033,0.1062000588622855,0.6668175923385464,0.22120349199556022,0.3775029389873992,1-2,1-3,0.17576478296500375,0.07774616172904657,0.03158032159934317,0.03482828264906866,0.008030196405567314,True,True,False,False,予選,2026-08-23,1号艇のracer_win_te,-0.2325,1号艇のdominance,-0.2285,場特性:in_escape_diff,0.172,1号艇の年齢,-0.1133,1号艇のvs_max234_diff,-0.0892,2号艇のwin_rate_rank_2to6,0.1809,2号艇のclass_rank_2to6,0.0946,2号艇の枠別出走数,-0.0681,2号艇の全国勝率,0.0631,場特性:1x_diff_course2,0.0471,3号艇のwin_rate_rank_2to6,-0.1026,3号艇の全国勝率,-0.0618,3号艇のcumulative_diff_rank_2to6,0.0428,場特性:1x_diff_course3,0.035,1号艇vs4号艇のlocal_win_rate差,-0.0342,0.0759,南 1.2m/s,[逃げ]1号艇のracer_win_teが不利(-23.3pt)、1号艇のdominanceが不利(-22.8pt) / [2着]2号艇のwin_rate_rank_2to6が有利(+18.1pt)、2号艇のclass_rank_2to6が有利(+9.5pt) / [候補2]3号艇のwin_rate_rank_2to6が不利(-10.3pt)、3号艇の全国勝率が不利(-6.2pt) / [除外]2号艇のracer_2nd_teが不利(-7.3pt)、6号艇のwin_rate_rank_2to6が不利(-6.1pt)、天気+7.6pt
111,02,戸田,5,12:44,0.3700011022562649,4,0.5253472042225309,2,0.20998107132326221,0.27207227247214194,0.16130332578933337,0.5740249497564597,0.21940887758636013,0.36265807565743724,1-4,1-2,0.0776932278425584,0.059682408339654755,0.19437904462958355,0.03530582705758467,0.002940596626721005,True,True,False,False,ウインウイン,2026-08-23,場特性:in_escape_diff,-0.2318,4号艇のモーター2連率,-0.1244,4号艇のsession_exh_rel_avg,-0.0773,1号艇vs4号艇のcumulative差,-0.0693,場特性:1x_diff_course2,-0.0692,4号艇のwin_rate_rank_2to6,0.2373,4号艇のclass_rank_2to6,0.1623,4号艇のモーター2連率,0.0951,4号艇のsession_exh_rel_avg,0.078,win_rate_gap_top2_2to6,0.0627,2号艇のsession_exh_rel_avg,0.1298,6号艇のsession_rank_diff_last,-0.0806,2号艇のclass_rank_2to6,-0.0574,2号艇のモーター2連率,-0.0404,2号艇の全国勝率,0.0377,0.0597,東 0.9m/s,[逃げ]場特性:in_escape_diffが不利(-23.2pt)、4号艇のモーター2連率が不利(-12.4pt) / [2着]4号艇のwin_rate_rank_2to6が有利(+23.7pt)、4号艇のclass_rank_2to6が有利(+16.2pt) / [候補2]2号艇のsession_exh_rel_avgが有利(+13.0pt)、6号艇のsession_rank_diff_lastが不利(-8.1pt) / [除外]6号艇のwin_rate_rank_2to6が不利(-7.1pt)、6号艇のvs_avg456_diffが不利(-6.4pt)、天気+6.0pt
112,18,徳山,9,12:41,0.3735827987586555,2,0.5495179340494478,4,0.2017228467419914,0.2806506334297035,0.19082719932581024,0.5604135814656289,0.21638370419001757,0.3645795178404811,1-2,1-4,0.205290447770267,0.07128975920341202,0.07536018565943649,0.014810094465328641,0.00683230922472876,True,True,False,False,推しトク特賞,2026-08-23,場特性:in_escape_diff,0.1914,6号艇の枠別出走数,-0.1792,1号艇のracer_win_te,-0.1598,1号艇の年齢,-0.1185,1号艇の級別順位,-0.1031,2号艇のwin_rate_rank_2to6,0.1889,2号艇のclass_rank_2to6,0.0904,2号艇の全国勝率,0.0506,場特性:1x_diff_course2,0.0445,1号艇の年齢,0.0331,4号艇のclass_rank_2to6,0.1162,4号艇のwin_rate_rank_2to6,0.0817,4号艇のsession_exh_rel_avg,0.0607,4号艇のcumulative_diff_rank_2to6,0.0509,4号艇のモーター2連率,-0.0375,0.0867,南 0.7m/s,[逃げ]場特性:in_escape_diffが有利(+19.1pt)、6号艇の枠別出走数が不利(-17.9pt) / [2着]2号艇のwin_rate_rank_2to6が有利(+18.9pt)、2号艇のclass_rank_2to6が有利(+9.0pt) / [候補2]4号艇のclass_rank_2to6が有利(+11.6pt)、4号艇のwin_rate_rank_2to6が有利(+8.2pt) / [除外]6号艇のrecent_race_countが不利(-13.6pt)、6号艇のwin_rate_rank_2to6が不利(-5.8pt)、天気+8.7pt
113,04,平和島,7,14:58,0.5439921844595016,5,0.28597999949126474,3,0.19238168433204267,0.26022501734476644,0.1829810038039619,0.2953806800193455,0.20308553547838792,0.27077171614714013,1-5,1-3,0.09954023597390961,0.10465413270978616,0.09034768612100694,0.15557088463498026,0.09387924096676105,True,True,False,False,一般,2026-08-23,1号艇のdominance,-0.3063,1号艇のracer_win_te,-0.1644,1号艇のsession_exh_rel_avg,0.122,場特性:in_escape_diff,-0.1121,1号艇vs4号艇のcumulative差,0.0747,5号艇のwin_rate_rank_2to6,0.2509,5号艇のclass_rank_2to6,0.178,5号艇のsession_exh_rel_avg,-0.141,1号艇vs5号艇のplace_rate差,-0.1022,5号艇のsession_exh_rel_last,-0.0867,3号艇のwin_rate_rank_2to6,-0.1175,3号艇のracer_avgfin_te,-0.096,3号艇の全国勝率,-0.0625,3号艇のracer_2nd_te,-0.0532,3号艇の当地勝率,-0.0472,0.0426,東 1.6m/s,[逃げ]1号艇のdominanceが不利(-30.6pt)、1号艇のracer_win_teが不利(-16.4pt) / [2着]5号艇のwin_rate_rank_2to6が有利(+25.1pt)、5号艇のclass_rank_2to6が有利(+17.8pt) / [候補2]3号艇のwin_rate_rank_2to6が不利(-11.8pt)、3号艇のracer_avgfin_teが不利(-9.6pt) / [除外]2号艇のwin_rate_rank_2to6が不利(-5.5pt)、天気+4.3pt
114,04,平和島,10,16:37,0.335261805029178,3,0.38871888400239957,2,0.3276230795285682,0.24016209971153787,0.15372323509276167,0.5626187284382062,0.19585990581434426,0.33689908832953835,1-3,1-2,0.10983950501196571,0.13032259469957214,0.05153752927212396,0.036207699387978,0.007354485712407929,True,False,False,False,選抜,2026-08-23,1号艇のdominance,-0.247,1号艇のsession_exh_rel_avg,0.1765,1号艇のracer_win_te,-0.1695,場特性:in_escape_diff,-0.1178,3号艇のsession_exh_rel_avg,-0.1156,3号艇のsession_exh_rel_avg,0.1348,3号艇のsession_exh_rel_last,0.0759,3号艇のwin_rate_rank_2to6,0.0486,1号艇のsession_exh_rel_last,0.0453,6号艇のsession_rank_diff_last,0.0418,2号艇のwin_rate_rank_2to6,-0.1062,2号艇のsession_exh_rel_avg,0.0953,2号艇の節間得点,0.0574,2号艇の全国勝率,0.0481,2号艇のclass_rank_2to6,-0.0461,0.0323,南東 2.2m/s,[逃げ]1号艇のdominanceが不利(-24.7pt)、1号艇のsession_exh_rel_avgが有利(+17.7pt) / [2着]3号艇のsession_exh_rel_avgが有利(+13.5pt)、3号艇のsession_exh_rel_lastが有利(+7.6pt) / [候補2]2号艇のwin_rate_rank_2to6が不利(-10.6pt)、2号艇のsession_exh_rel_avgが有利(+9.5pt) / [除外]6号艇のvs_avg456_diffが不利(-6.3pt)、6号艇のwin_rate_rank_2to6が不利(-6.3pt)、天気+3.2pt
115,20,若松,4,16:42,0.43267760823190904,2,0.36742166524449393,4,0.20942816969338657,0.2495900068898937,0.1874870598654436,0.389362775072437,0.1934361310135953,0.29152183734465664,1-2,1-4,0.15897512733057279,0.06437069475932539,0.09061487955932088,0.08112145263701288,0.03759546522862499,True,False,False,False,予選,2026-08-23,1号艇のdominance,-0.1714,風速区分,0.0864,1号艇のsession_exh_rel_avg,-0.0796,1号艇のsession_avg_finish,-0.0639,1号艇の級別順位,-0.0611,2号艇のsession_exh_rel_avg,-0.164,2号艇のwin_rate_rank_2to6,0.0914,2号艇のclass_rank_2to6,0.0884,2号艇の全国勝率,0.0675,2号艇のcumulative_diff_rank_2to6,-0.0487,4号艇のwin_rate_rank_2to6,-0.1184,4号艇のclass_rank_2to6,-0.0761,4号艇の年齢,0.0717,2号艇のracer_2nd_te,-0.0641,4号艇の全国勝率,-0.0619,0.0752,東 1.8m/s,[逃げ]1号艇のdominanceが不利(-17.1pt)、風速区分が有利(+8.6pt) / [2着]2号艇のsession_exh_rel_avgが不利(-16.4pt)、2号艇のwin_rate_rank_2to6が有利(+9.1pt) / [候補2]4号艇のwin_rate_rank_2to6が不利(-11.8pt)、4号艇のclass_rank_2to6が不利(-7.6pt) / [除外]6号艇のsession_exh_rel_avgが不利(-8.0pt)、天気+7.5pt
116,16,児島,2,11:22,0.38548357477814454,3,0.43137752648583993,2,0.2413817736475959,0.2593376599806795,0.2197127589962738,0.453046541137162,0.1909619086374883,0.3174503243276242,1-3,1-2,0.09304870899196419,0.1662889509887153,0.02527178657440116,0.016178469896849547,0.08469565976225256,True,True,False,False,一般,2026-08-23,1号艇のdominance,-0.2473,1号艇のracer_win_te,-0.1221,3号艇のsession_exh_rel_last,-0.0771,1号艇のvs_max234_diff,0.0752,3号艇のsession_exh_rel_delta,0.0662,3号艇のsession_exh_rel_avg,0.0992,1号艇vs3号艇のcumulative差,0.0813,3号艇のracer_avgfin_te,-0.067,3号艇のwin_rate_rank_2to6,0.0664,5号艇のsession_exh_rel_delta,0.0581,2号艇の全国勝率,-0.0865,2号艇のsession_exh_rel_avg,0.0517,2号艇のclass_rank_2to6,-0.0473,2号艇のwin_rate_rank_2to6,-0.0414,3号艇のracer_2nd_te,0.0381,0.0166,南西 2.5m/s,[逃げ]1号艇のdominanceが不利(-24.7pt)、1号艇のracer_win_teが不利(-12.2pt) / [2着]3号艇のsession_exh_rel_avgが有利(+9.9pt)、1号艇vs3号艇のcumulative差が有利(+8.1pt) / [候補2]2号艇の全国勝率が不利(-8.6pt)、2号艇のsession_exh_rel_avgが有利(+5.2pt) / [除外]5号艇のracer_win_teが不利(-9.5pt)、4号艇のwin_rate_rank_2to6が不利(-5.2pt)、天気+1.7pt
117,02,戸田,3,11:45,0.3128772170522952,2,0.5836374390155676,4,0.154725134540811,0.23101682718989033,0.1500567444453053,0.5883058291110732,0.189418067589652,0.3382035277662452,1-2,1-4,0.18260685768671947,0.04694933660197458,0.0484099695031709,0.02224653600035278,0.012664519008415174,True,True,False,False,一般戦,2026-08-23,場特性:in_escape_diff,-0.1686,4号艇のモーター2連率,-0.0948,1号艇のdominance,-0.0875,1号艇vs4号艇のcumulative差,-0.0839,1号艇のsession_exh_rel_avg,0.0766,2号艇のwin_rate_rank_2to6,0.2308,2号艇のclass_rank_2to6,0.1214,2号艇のsession_exh_rel_avg,-0.0644,2号艇の全国勝率,0.0541,2号艇の一般戦勝率,-0.0519,4号艇のwin_rate_rank_2to6,-0.17,2号艇のsession_exh_rel_delta,0.1364,4号艇のモーター2連率,0.1236,4号艇のsession_exh_rel_avg,-0.1212,4号艇のclass_rank_2to6,-0.1028,-0.0299,東 1.0m/s,[逃げ]場特性:in_escape_diffが不利(-16.9pt)、4号艇のモーター2連率が不利(-9.5pt) / [2着]2号艇のwin_rate_rank_2to6が有利(+23.1pt)、2号艇のclass_rank_2to6が有利(+12.1pt) / [候補2]4号艇のwin_rate_rank_2to6が不利(-17.0pt)、2号艇のsession_exh_rel_deltaが有利(+13.6pt) / [除外]3号艇のwin_rate_rank_2to6が不利(-5.0pt)、天気-3.0pt
118,08,常滑,8,14:00,0.24809611530030068,2,0.5406287077337626,3,0.2907799654360206,0.20626926204040053,0.07460695864473206,0.7568017145250511,0.18780231527712746,0.3714289977857957,1-2,1-3,0.1341278822085681,0.07214137983183241,0.016998065913166476,0.01850969661412821,0.0063190856493401445,True,True,False,False,予選,2026-08-23,1号艇のdominance,-0.3583,1号艇のracer_win_te,-0.1687,1号艇のvs_max234_diff,-0.1178,1号艇の級別順位,-0.0901,1号艇のsession_exh_rel_avg,-0.088,2号艇のwin_rate_rank_2to6,0.2058,1号艇の女子戦2連率,0.1508,2号艇のclass_rank_2to6,0.0914,2号艇の全国勝率,0.0691,1号艇vs2号艇のplace_rate差,-0.0662,3号艇のモーター2連率,0.1218,3号艇のwin_rate_rank_2to6,-0.0821,3号艇のsession_exh_rel_avg,0.0765,3号艇のcumulative_diff_rank_2to6,0.0472,3号艇の全国勝率,0.0435,-0.0638,南東 6.4m/s,[逃げ]1号艇のdominanceが不利(-35.8pt)、1号艇のracer_win_teが不利(-16.9pt) / [2着]2号艇のwin_rate_rank_2to6が有利(+20.6pt)、1号艇の女子戦2連率が有利(+15.1pt) / [候補2]3号艇のモーター2連率が有利(+12.2pt)、3号艇のwin_rate_rank_2to6が不利(-8.2pt) / [除外]6号艇のsession_exh_rel_avgが不利(-5.9pt)、1号艇の女子戦2連率が不利(-5.9pt)、天気-6.4pt
119,20,若松,1,15:20,0.4243691600043017,3,0.3042335967329886,4,0.291163211424021,0.2526680433468325,0.22240878721118335,0.3729880209458262,0.18523333164148245,0.2887640366265306,1-3,1-4,0.09438343020638536,0.12910735589066585,0.1235606874561667,0.06491483743869124,0.012402847431494264,True,False,False,False,予選,2026-08-23,1号艇のdominance,-0.1578,1号艇のracer_win_te,-0.1575,1号艇の平均ST,-0.1106,1号艇の年齢,-0.0912,1号艇のsession_exh_rel_avg,-0.075,3号艇のsession_exh_rel_avg,0.1032,3号艇のwin_rate_rank_2to6,0.0771,3号艇のracer_avgfin_te,-0.0608,3号艇の全国勝率,-0.0541,3号艇の当地勝率,-0.0541,2号艇の体重,0.1353,1号艇の平均ST,0.0905,4号艇のwin_rate_rank_2to6,-0.0873,4号艇のsession_exh_rel_avg,0.0643,4号艇の年齢,-0.0588,0.0151,北東 2.2m/s,[逃げ]1号艇のdominanceが不利(-15.8pt)、1号艇のracer_win_teが不利(-15.7pt) / [2着]3号艇のsession_exh_rel_avgが有利(+10.3pt)、3号艇のwin_rate_rank_2to6が有利(+7.7pt) / [候補2]2号艇の体重が有利(+13.5pt)、1号艇の平均STが有利(+9.0pt) / [除外]6号艇のwin_rate_rank_2to6が不利(-7.1pt)、6号艇のvs_avg456_diffが不利(-5.6pt)、天気+1.5pt
120,18,徳山,3,09:40,0.42775838706066466,3,0.33891751127364167,4,0.2534473496208988,0.2533890374476636,0.2486833693532162,0.3436814915413242,0.1777726699400797,0.2804767736757618,1-3,1-4,0.10637639696334328,0.1449748079690276,0.10841422947863603,0.035486547075267195,0.032506415135535566,False,False,True,False,決めトク特賞,2026-08-23,1号艇のdominance,-0.1931,場特性:in_escape_diff,0.1842,1号艇の年齢,-0.1512,1号艇のモーター2連率,0.1016,1号艇のvs_max234_diff,-0.0864,3号艇のwin_rate_rank_2to6,-0.076,4号艇の直近1着率,0.0671,3号艇の当地勝率,-0.0516,6号艇のracer_2nd_te,-0.0482,3号艇のclass_rank_2to6,0.0461,4号艇のwin_rate_rank_2to6,0.1876,4号艇のclass_rank_2to6,-0.0718,4号艇の全国勝率,0.0564,4号艇のcumulative_diff_rank_2to6,0.0553,4号艇のsession_exh_rel_avg,0.048,0.0142,南 2.4m/s,[逃げ]1号艇のdominanceが不利(-19.3pt)、場特性:in_escape_diffが有利(+18.4pt) / [2着]3号艇のwin_rate_rank_2to6が不利(-7.6pt)、4号艇の直近1着率が有利(+6.7pt) / [候補2]4号艇のwin_rate_rank_2to6が有利(+18.8pt)、4号艇のclass_rank_2to6が不利(-7.2pt) / [除外]2号艇のwin_rate_rank_2to6が不利(-6.6pt)、天気+1.4pt
121,04,平和島,4,13:24,0.28539269358559916,2,0.5671572306823138,3,0.1833971146904521,0.21420272630830975,0.14264976732464313,0.6079045780481227,0.1775355634264882,0.3323132818302536,1-2,1-3,0.16186252975097457,0.052340196557335184,0.04071120133613889,0.023839879639851333,0.006638884706543209,True,True,False,False,一般,2026-08-23,1号艇のdominance,-0.2302,場特性:in_escape_diff,-0.1208,1号艇のvs_max234_diff,-0.0951,1号艇vs4号艇のcumulative差,-0.0645,1号艇の全国勝率,-0.0632,2号艇のwin_rate_rank_2to6,0.1939,2号艇のclass_rank_2to6,0.1131,3号艇のracer_2nd_te,0.0769,1号艇vs2号艇のplace_rate差,-0.0649,1号艇のsession_rank_diff_delta,-0.0562,3号艇のsession_exh_rel_avg,-0.2079,3号艇のwin_rate_rank_2to6,-0.0953,3号艇のracer_avgfin_te,-0.0683,3号艇の節間得点,-0.0511,3号艇の当地勝率,-0.05,-0.024,東 0.5m/s,[逃げ]1号艇のdominanceが不利(-23.0pt)、場特性:in_escape_diffが不利(-12.1pt) / [2着]2号艇のwin_rate_rank_2to6が有利(+19.4pt)、2号艇のclass_rank_2to6が有利(+11.3pt) / [候補2]3号艇のsession_exh_rel_avgが不利(-20.8pt)、3号艇のwin_rate_rank_2to6が不利(-9.5pt) / [除外]6号艇のwin_rate_rank_2to6が不利(-8.6pt)、6号艇の直近平均着順が不利(-8.0pt)、天気-2.4pt
122,19,下関,3,16:19,0.35650984045113854,3,0.43201944656024016,6,0.22880879680521932,0.23559177160782613,0.2273320308472659,0.43349621251819365,0.1713227045392113,0.2949631038809364,1-3,1-6,0.08104610604679206,0.1540191839649804,0.020936454177033704,0.018935514595948562,0.08157258764284571,True,False,False,False,一般,2026-08-23,1号艇のdominance,-0.2093,1号艇の平均ST,-0.1145,1号艇の直近1着率,-0.1057,1号艇のracer_win_te,-0.0983,1号艇の級別順位,-0.0806,3号艇のsession_exh_rel_avg,0.0675,3号艇の節間得点,0.0473,3号艇のracer_2nd_te,0.044,3号艇の当地勝率,-0.0411,3号艇の全国勝率,0.0398,6号艇のwin_rate_rank_2to6,0.3625,6号艇のsession_exh_rel_last,0.2081,6号艇のsession_exh_rel_avg,0.206,6号艇のclass_rank_2to6,0.1752,6号艇のvs_avg456_diff,0.1101,0.0229,東 1.8m/s,[逃げ]1号艇のdominanceが不利(-20.9pt)、1号艇の平均STが不利(-11.4pt) / [2着]3号艇のsession_exh_rel_avgが有利(+6.8pt)、3号艇の節間得点が有利(+4.7pt) / [候補2]6号艇のwin_rate_rank_2to6が有利(+36.3pt)、6号艇のsession_exh_rel_lastが有利(+20.8pt) / [除外]4号艇のwin_rate_rank_2to6が不利(-5.0pt)、天気+2.3pt
123,22,福岡,3,13:17,0.2719193390031966,3,0.5043823132748453,2,0.2670284314017298,0.20976149979241795,0.15697941334338178,0.6144313313331933,0.17024761517708795,0.33116244925465055,1-3,1-2,0.0726101945618188,0.13715130523059915,0.042685738313441954,0.013824336482127381,0.005647758590583067,True,True,False,False,カタメン３予,2026-08-23,1号艇のdominance,-0.154,3号艇のracer_win_te,-0.1396,2号艇のsession_rank_diff_last,-0.1379,4号艇の枠別出走数,-0.0864,1号艇の全国勝率,-0.0734,3号艇のwin_rate_rank_2to6,0.2409,3号艇の全国勝率,0.0593,3号艇のclass_rank_2to6,0.0529,3号艇のracer_win_te,0.0478,2号艇のvs_boat3_diff,0.0441,2号艇のwin_rate_rank_2to6,-0.1183,2号艇のsession_exh_rel_avg,0.101,6号艇のsession_rank_diff_last,-0.072,場特性:1x_diff_course2,0.0526,2号艇の全国勝率,-0.0519,0.0224,北 4.2m/s,[逃げ]1号艇のdominanceが不利(-15.4pt)、3号艇のracer_win_teが不利(-14.0pt) / [2着]3号艇のwin_rate_rank_2to6が有利(+24.1pt)、3号艇の全国勝率が有利(+5.9pt) / [候補2]2号艇のwin_rate_rank_2to6が不利(-11.8pt)、2号艇のsession_exh_rel_avgが有利(+10.1pt)、天気+2.2pt
124,03,江戸川,3,12:08,0.43271702708483484,3,0.2957866729236952,2,0.24758002235624071,0.2351240209984452,0.24297028421984446,0.3003964110600914,0.1665702407477593,0.254705738016939,1-3,1-2,0.10713209123958943,0.1279919297588558,0.07047801770084185,0.10513737905756845,0.021977609327979278,True,True,False,False,予選,2026-08-23,1号艇のdominance,-0.1143,1号艇のracer_win_te,-0.1124,1号艇のvs_max234_diff,0.0951,1号艇の級別順位,-0.0931,場特性:in_escape_diff,-0.0892,3号艇の当地勝率,0.1074,5号艇のsession_exh_rel_delta,0.0996,3号艇のsession_exh_rel_avg,0.084,3号艇のwin_rate_rank_2to6,-0.0739,3号艇の全国勝率,-0.058,2号艇のwin_rate_rank_2to6,-0.1668,2号艇の全国勝率,-0.0814,2号艇のsession_exh_rel_avg,0.0776,2号艇のclass_rank_2to6,-0.0671,2号艇の直近平均着順,-0.0636,-0.0217,北東 0.6m/s,[逃げ]1号艇のdominanceが不利(-11.4pt)、1号艇のracer_win_teが不利(-11.2pt) / [2着]3号艇の当地勝率が有利(+10.7pt)、5号艇のsession_exh_rel_deltaが有利(+10.0pt) / [候補2]2号艇のwin_rate_rank_2to6が不利(-16.7pt)、2号艇の全国勝率が不利(-8.1pt)、天気-2.2pt
125,08,常滑,2,11:00,0.3038119552929053,2,0.3810408762955213,4,0.3097834964106125,0.20988070343584528,0.1783698805912527,0.5124544921148811,0.16495702822353348,0.30065284003955606,1-2,1-4,0.11576477367386437,0.032296663595807754,0.09411592976198088,0.05419090218779052,0.007443690034718825,True,True,False,False,予選,2026-08-23,1号艇のdominance,-0.3717,1号艇の年齢,-0.1552,1号艇のvs_max234_diff,-0.1361,1号艇の全国勝率,-0.0817,1号艇の級別順位,-0.0787,2号艇の全国勝率,0.0659,3号艇のracer_2nd_te,0.0546,avg_entry_count,-0.0359,3号艇の女子戦2連率,0.0318,6号艇の枠別勝率,0.0309,4号艇のclass_rank_2to6,0.1598,4号艇のwin_rate_rank_2to6,0.096,4号艇の全国勝率,0.0948,4号艇のsession_exh_rel_avg,-0.0784,6号艇の一般戦2連率,0.0619,-0.0303,南 4.9m/s,[逃げ]1号艇のdominanceが不利(-37.2pt)、1号艇の年齢が不利(-15.5pt) / [2着]2号艇の全国勝率が有利(+6.6pt)、3号艇のracer_2nd_teが有利(+5.5pt) / [候補2]4号艇のclass_rank_2to6が有利(+16.0pt)、4号艇のwin_rate_rank_2to6が有利(+9.6pt) / [除外]6号艇のwin_rate_rank_2to6が不利(-6.6pt)、3号艇のwin_rate_rank_2to6が不利(-5.6pt)、天気-3.0pt
126,22,福岡,5,14:13,0.22239326288201045,2,0.5645693656657693,3,0.2468616623048329,0.1804567939140861,0.10221050641428162,0.7092205215563205,0.15832329756385843,0.33908591220675643,1-2,1-3,0.12555642335363731,0.05490037056044879,0.017140003788694076,0.022730928022294747,0.0020655368462557007,True,True,False,False,予選,2026-08-23,1号艇のdominance,-0.3622,1号艇のracer_win_te,-0.1903,1号艇のvs_max234_diff,-0.1441,1号艇の全国勝率,-0.0877,1号艇の級別順位,-0.0864,2号艇のwin_rate_rank_2to6,0.2082,2号艇のclass_rank_2to6,0.0793,6号艇のsession_rank_diff_last,-0.0762,2号艇のracer_avgfin_te,0.0707,2号艇のsession_exh_rel_avg,0.0631,3号艇のsession_exh_rel_avg,-0.1964,3号艇のwin_rate_rank_2to6,-0.1032,1号艇のvs_max234_diff,-0.064,5号艇の直近1着率,0.0584,場特性:1x_diff_course3,0.0552,0.0368,北西 3.0m/s,[逃げ]1号艇のdominanceが不利(-36.2pt)、1号艇のracer_win_teが不利(-19.0pt) / [2着]2号艇のwin_rate_rank_2to6が有利(+20.8pt)、2号艇のclass_rank_2to6が有利(+7.9pt) / [候補2]3号艇のsession_exh_rel_avgが不利(-19.6pt)、3号艇のwin_rate_rank_2to6が不利(-10.3pt) / [除外]2号艇の直近1着率が不利(-8.8pt)、6号艇のwin_rate_rank_2to6が不利(-6.4pt)、天気+3.7pt
127,03,江戸川,1,11:14,0.41061343285056806,3,0.2656907946147858,2,0.260996958493606,0.21626506634418918,0.2352568511055687,0.29143090200282307,0.15521166012946416,0.23881481704177931,1-3,1-2,0.10716885709061678,0.10909620925357241,0.09659962323407252,0.06536405500185534,0.032384695918722166,True,True,False,False,予選,2026-08-23,1号艇のdominance,-0.174,1号艇のsession_exh_rel_avg,0.1682,1号艇の年齢,0.1381,1号艇vs4号艇の枠別勝率差,-0.1176,1号艇の級別順位,-0.1017,3号艇のwin_rate_rank_2to6,-0.1387,3号艇のsession_exh_rel_avg,0.1323,3号艇のracer_avgfin_te,-0.1015,3号艇の全国勝率,-0.0866,3号艇のsession_exh_rel_last,0.0617,1号艇の枠別平均ST,-0.0953,2号艇の全国勝率,-0.0926,2号艇の直近平均着順,-0.0567,2号艇のclass_rank_2to6,-0.0562,全艇平均勝率,0.0558,-0.0499,北東 0.8m/s,[逃げ]1号艇のdominanceが不利(-17.4pt)、1号艇のsession_exh_rel_avgが有利(+16.8pt) / [2着]3号艇のwin_rate_rank_2to6が不利(-13.9pt)、3号艇のsession_exh_rel_avgが有利(+13.2pt) / [候補2]1号艇の枠別平均STが不利(-9.5pt)、2号艇の全国勝率が不利(-9.3pt) / [除外]mean_234_classが不利(-6.2pt)、6号艇のsession_exh_rel_avgが不利(-5.2pt)、天気-5.0pt
128,04,平和島,5,13:55,0.25185974581476583,4,0.4261070342418324,2,0.304203815761676,0.1839359050476492,0.16553094974498866,0.5647799002585197,0.1473994029819595,0.29818910361091033,1-4,1-2,0.07661669571361757,0.04169058292724962,0.10731920933403162,0.02097024417093669,0.005263015076306314,True,True,False,False,一般,2026-08-23,1号艇のdominance,-0.2879,1号艇のvs_max234_diff,-0.1585,場特性:in_escape_diff,-0.1133,1号艇の全国勝率,-0.081,1号艇の級別順位,-0.0781,4号艇のwin_rate_rank_2to6,0.227,4号艇のclass_rank_2to6,0.1923,4号艇の全国勝率,0.1149,4号艇のsession_exh_rel_avg,0.0924,win_rate_gap_top2_2to6,0.05,2号艇の枠別出走数,-0.1535,2号艇のsession_exh_rel_avg,-0.0889,2号艇のclass_rank_2to6,-0.0474,2号艇の全国勝率,0.045,3号艇の女子戦勝率,0.0365,-0.051,北東 0.4m/s,[逃げ]1号艇のdominanceが不利(-28.8pt)、1号艇のvs_max234_diffが不利(-15.9pt) / [2着]4号艇のwin_rate_rank_2to6が有利(+22.7pt)、4号艇のclass_rank_2to6が有利(+19.2pt) / [候補2]2号艇の枠別出走数が不利(-15.4pt)、2号艇のsession_exh_rel_avgが不利(-8.9pt) / [除外]6号艇のwin_rate_rank_2to6が不利(-8.5pt)、6号艇のvs_avg456_diffが不利(-6.7pt)、天気-5.1pt
129,06,浜名湖,9,15:36,0.2508634332018401,2,0.3593066091734907,3,0.33076125483371355,0.17311279350710776,0.13220567427721494,0.5578621897299892,0.1456490011971644,0.2885376123739722,1-2,1-3,0.09013688954937367,0.08297590395773412,0.028360698550197242,0.016224372741127903,0.03316556933794634,True,False,False,False,予選特賞,2026-08-23,1号艇のdominance,-0.1396,ST差分(4-3),-0.0872,1号艇の級別順位,-0.0797,6号艇のsession_avg_finish,-0.0764,2号艇のsession_exh_rel_avg,-0.0757,2号艇のsession_exh_rel_avg,0.108,2号艇の節間得点,0.0695,2号艇の全国勝率,0.0634,6号艇のvs_avg456_diff,-0.0423,2号艇のracer_2nd_te,-0.0403,3号艇の当地勝率,0.0867,6号艇のracer_2nd_te,-0.0654,3号艇のwin_rate_rank_2to6,0.0612,3号艇のsession_exh_rel_avg,-0.0522,3号艇のcumulative_diff_rank_2to6,-0.0381,0.0034,南東 2.0m/s,[逃げ]1号艇のdominanceが不利(-14.0pt)、ST差分(4-3)が不利(-8.7pt) / [2着]2号艇のsession_exh_rel_avgが有利(+10.8pt)、2号艇の節間得点が有利(+7.0pt) / [候補2]3号艇の当地勝率が有利(+8.7pt)、6号艇のracer_2nd_teが不利(-6.5pt)、天気+0.3pt
130,03,江戸川,8,14:24,0.2008342125910182,2,0.5702585598578058,3,0.22191161680777283,0.15909487366871927,0.09122626410821633,0.7009439125573623,0.1416785165124402,0.3216495853353122,1-2,1-3,0.11452742884233044,0.044567444826388816,0.018321354919793892,0.00908469363633518,0.01433328999208698,True,True,False,False,予選,2026-08-23,1号艇のdominance,-0.3887,1号艇のvs_max234_diff,-0.2724,1号艇のsession_exh_rel_avg,-0.1428,1号艇の級別順位,-0.1129,1号艇vs2号艇のcumulative差,-0.1039,2号艇のwin_rate_rank_2to6,0.1909,2号艇のclass_rank_2to6,0.1026,1号艇の直近複勝率,0.0659,2号艇のモーター2連率,0.0609,3号艇の女子戦2連率,-0.0588,3号艇の当地勝率,0.1105,3号艇のsession_exh_rel_avg,-0.1072,3号艇の節間得点,-0.0814,1号艇のvs_max234_diff,-0.06,1号艇のrecent_4to6_rate,-0.05,0.0448,東 1.3m/s,[逃げ]1号艇のdominanceが不利(-38.9pt)、1号艇のvs_max234_diffが不利(-27.2pt) / [2着]2号艇のwin_rate_rank_2to6が有利(+19.1pt)、2号艇のclass_rank_2to6が有利(+10.3pt) / [候補2]3号艇の当地勝率が有利(+11.0pt)、3号艇のsession_exh_rel_avgが不利(-10.7pt) / [除外]6号艇のsession_exh_rel_avgが不利(-7.0pt)、5号艇のracer_avgfin_teが不利(-5.8pt)、天気+4.5pt
131,06,浜名湖,1,11:33,0.3320105109389573,3,0.3375142480180833,4,0.1884969103434453,0.17464123344720386,0.16235226814615492,0.3636588902153737,0.14061715301280903,0.2313465304776548,1-3,1-4,0.05390265949930349,0.11205827793366178,0.0625829555135421,0.053800668305452506,0.04966593979231314,True,True,False,False,予選,2026-08-23,1号艇のracer_win_te,-0.2837,1号艇のdominance,-0.2473,1号艇のsession_exh_rel_avg,0.1215,1号艇の年齢,-0.1158,1号艇のframe_dominance,-0.0833,3号艇のwin_rate_rank_2to6,-0.0752,3号艇の年齢,-0.0625,3号艇のracer_2nd_te,-0.0484,3号艇のcumulative_diff_rank_2to6,0.0474,3号艇の全国勝率,-0.0429,4号艇のwin_rate_rank_2to6,-0.1098,4号艇のclass_rank_2to6,-0.1081,4号艇のracer_avgfin_te,-0.086,4号艇のracer_2nd_te,-0.0738,4号艇の全国勝率,-0.0637,-0.039,南 3.2m/s,[逃げ]1号艇のracer_win_teが不利(-28.4pt)、1号艇のdominanceが不利(-24.7pt) / [2着]3号艇のwin_rate_rank_2to6が不利(-7.5pt)、3号艇の年齢が不利(-6.2pt) / [候補2]4号艇のwin_rate_rank_2to6が不利(-11.0pt)、4号艇のclass_rank_2to6が不利(-10.8pt) / [除外]2号艇のwin_rate_rank_2to6が不利(-6.9pt)、1号艇の体重が不利(-5.4pt)、天気-3.9pt
132,18,徳山,5,10:34,0.26102279207341483,2,0.34302124116042015,3,0.31412570395023726,0.1715303304152989,0.16369515117420774,0.49345179393644967,0.1378359103733459,0.26810676947164414,1-2,1-3,0.08953636210818104,0.08199396830711785,0.04272816540837143,0.03082442084032545,0.015939879298961783,False,False,True,False,予選,2026-08-23,1号艇のdominance,-0.3535,1号艇のracer_win_te,-0.2283,場特性:in_escape_diff,0.1771,1号艇の年齢,-0.1145,1号艇の直近1着率,-0.0923,2号艇のclass_rank_2to6,0.0632,2号艇のwin_rate_rank_2to6,0.0603,1号艇の年齢,0.0588,1号艇vs2号艇のplace_rate差,-0.057,4号艇のモーター出走数,-0.0549,3号艇のwin_rate_rank_2to6,-0.1153,3号艇の年齢,-0.0647,3号艇のモーター2連率,0.0539,1号艇の一般戦2連率,0.045,3号艇の全国勝率,-0.0415,0.0789,南 1.9m/s,[逃げ]1号艇のdominanceが不利(-35.4pt)、1号艇のracer_win_teが不利(-22.8pt) / [2着]2号艇のclass_rank_2to6が有利(+6.3pt)、2号艇のwin_rate_rank_2to6が有利(+6.0pt) / [候補2]3号艇のwin_rate_rank_2to6が不利(-11.5pt)、3号艇の年齢が不利(-6.5pt)、天気+7.9pt
133,08,常滑,3,11:26,0.22032566382049132,2,0.563033389844255,5,0.17056350039771567,0.1616302218192103,0.12826042308053012,0.6053364671614406,0.1367533090594521,0.29474209542187935,1-2,1-5,0.12405070537053696,0.028259062857114867,0.025126683790163223,0.03757951644867334,0.005309694943614387,True,True,False,False,予選,2026-08-23,1号艇のdominance,-0.2734,1号艇のsession_exh_rel_avg,-0.1885,1号艇のvs_max234_diff,-0.1309,1号艇のracer_win_te,-0.0952,風速区分,-0.095,2号艇のwin_rate_rank_2to6,0.1783,2号艇の当地勝率,0.1242,2号艇のclass_rank_2to6,0.0999,2号艇のsession_exh_rel_avg,-0.0796,2号艇のracer_avgfin_te,0.0727,5号艇のclass_rank_2to6,0.2157,5号艇のwin_rate_rank_2to6,0.1405,5号艇のsession_exh_rel_avg,0.0984,1号艇のsession_rank_diff_last,-0.0713,local_win_rateの分散(2-6号艇),-0.0696,-0.0554,南 6.0m/s,[逃げ]1号艇のdominanceが不利(-27.3pt)、1号艇のsession_exh_rel_avgが不利(-18.9pt) / [2着]2号艇のwin_rate_rank_2to6が有利(+17.8pt)、2号艇の当地勝率が有利(+12.4pt) / [候補2]5号艇のclass_rank_2to6が有利(+21.6pt)、5号艇のwin_rate_rank_2to6が有利(+14.1pt) / [除外]6号艇のwin_rate_rank_2to6が不利(-8.0pt)、2号艇の枠別勝率が不利(-6.0pt)、天気-5.5pt
134,04,平和島,8,15:31,0.2539476500020254,4,0.3651112343460682,2,0.3597295194481883,0.1840716060517481,0.23100543632453496,0.49383531746972154,0.13304575604661775,0.2770007194771401,1-4,1-2,0.09135246610022532,0.05866328769230817,0.0927191399515228,0.008954033159956722,0.002258723689280324,True,False,False,False,一般,2026-08-23,1号艇のdominance,-0.2172,1号艇のracer_win_te,-0.2084,1号艇の年齢,0.0961,場特性:in_escape_diff,-0.0946,1号艇のracer_avgfin_te,0.0939,4号艇のclass_rank_2to6,0.2217,4号艇のwin_rate_rank_2to6,0.206,4号艇のモーター2連率,0.1503,4号艇のcumulative_diff_rank_2to6,0.0629,4号艇の年齢,-0.0619,2号艇のsession_exh_rel_avg,-0.0839,2号艇の全国勝率,-0.0715,2号艇のwin_rate_rank_2to6,-0.0421,2号艇のsession_avg_finish,-0.0407,2号艇のracer_avgfin_te,-0.0398,-0.0662,東 2.7m/s,[逃げ]1号艇のdominanceが不利(-21.7pt)、1号艇のracer_win_teが不利(-20.8pt) / [2着]4号艇のclass_rank_2to6が有利(+22.2pt)、4号艇のwin_rate_rank_2to6が有利(+20.6pt) / [候補2]2号艇のsession_exh_rel_avgが不利(-8.4pt)、2号艇の全国勝率が不利(-7.1pt) / [除外]6号艇のracer_win_teが不利(-15.8pt)、6号艇の全国勝率が不利(-14.6pt)、天気-6.6pt
135,23,唐津,7,11:29,0.27968266994955615,2,0.3742650796667688,4,0.2790622333050182,0.18272432724291868,0.24040152075615576,0.4129257922156313,0.13001167986490697,0.25178476673473243,1-2,1-4,0.10467545675008524,0.06723613918501528,0.07804887049283345,0.02455514524543649,0.005167059318084806,True,True,False,False,一般,2026-08-23,1号艇のdominance,-0.3077,1号艇のracer_win_te,-0.1842,1号艇のvs_max234_diff,-0.1405,1号艇のモーター2連率,0.0856,1号艇の級別順位,-0.0841,2号艇のclass_rank_2to6,0.0771,2号艇の全国勝率,0.0636,1号艇vs5号艇の直近複勝率差,0.0463,4号艇のモーター出走数,-0.0376,2号艇のcumulative_diff_rank_2to6,-0.0352,4号艇のclass_rank_2to6,0.2309,4号艇のwin_rate_rank_2to6,0.1354,4号艇のsession_exh_rel_avg,-0.0851,4号艇のcumulative_diff_rank_2to6,-0.0739,1号艇の一般戦2連率,0.0658,0.0963,南東 1.9m/s,[逃げ]1号艇のdominanceが不利(-30.8pt)、1号艇のracer_win_teが不利(-18.4pt) / [2着]2号艇のclass_rank_2to6が有利(+7.7pt)、2号艇の全国勝率が有利(+6.4pt) / [候補2]4号艇のclass_rank_2to6が有利(+23.1pt)、4号艇のwin_rate_rank_2to6が有利(+13.5pt) / [除外]6号艇のwin_rate_rank_2to6が不利(-8.3pt)、6号艇のvs_avg456_diffが不利(-5.6pt)、天気+9.6pt
136,07,蒲郡,3,16:07,0.28710860064017074,2,0.39783778886484433,4,0.27571568083131975,0.1933829941407973,0.2738663349303158,0.3996871347658482,0.1298296839289682,0.25527423632831253,1-2,1-4,0.11422265084276516,0.07862938018429529,0.07916034329803216,0.009450993323457712,0.0056452388742162605,True,False,False,False,一般戦,2026-08-23,1号艇のdominance,-0.2397,1号艇の年齢,-0.1269,1号艇のracer_win_te,-0.1181,1号艇の直近1着率,-0.1019,1号艇のvs_max234_diff,-0.0817,2号艇のsession_rank_diff_last,0.0782,2号艇のclass_rank_2to6,0.0618,1号艇の直近複勝率,0.0568,2号艇のwin_rate_rank_2to6,0.052,1号艇の年齢,0.0352,4号艇のclass_rank_2to6,0.2273,4号艇のwin_rate_rank_2to6,0.1796,4号艇のモーター2連率,-0.1047,1号艇の一般戦2連率,0.0776,4号艇の全国勝率,0.0588,-0.0026,南東 1.9m/s,[逃げ]1号艇のdominanceが不利(-24.0pt)、1号艇の年齢が不利(-12.7pt) / [2着]2号艇のsession_rank_diff_lastが有利(+7.8pt)、2号艇のclass_rank_2to6が有利(+6.2pt) / [候補2]4号艇のclass_rank_2to6が有利(+22.7pt)、4号艇のwin_rate_rank_2to6が有利(+18.0pt) / [除外]6号艇のwin_rate_rank_2to6が不利(-7.1pt)、天気影響ほぼなし
137,02,戸田,1,10:47,0.23421586298091934,2,0.42334096743275956,4,0.29069696794473765,0.16723901123555443,0.21045627590929927,0.503581659468198,0.12500321184588853,0.2681418057053475,1-2,1-4,0.09915317002244105,0.04929219828184699,0.06808584121311338,0.009386862577210857,0.00829779001378496,False,False,True,False,一般戦,2026-08-23,1号艇vs4号艇の枠別勝率差,-0.1918,場特性:in_escape_diff,-0.1528,1号艇の直近1着率,-0.1048,場×風向,-0.0935,1号艇vs4号艇の枠別平均ST差,-0.0844,2号艇の節間得点,-0.0781,2号艇のsession_exh_rel_avg,0.0763,3号艇の全国勝率,-0.0669,2号艇のモーター2連率,0.0663,2号艇のwin_rate_rank_2to6,0.0613,4号艇のwin_rate_rank_2to6,0.1755,4号艇のsession_exh_rel_avg,0.0964,4号艇のclass_rank_2to6,-0.0849,4号艇のモーター2連率,-0.0509,4号艇の年齢,0.0503,-0.1097,北東 0.8m/s,[逃げ]1号艇vs4号艇の枠別勝率差が不利(-19.2pt)、場特性:in_escape_diffが不利(-15.3pt) / [2着]2号艇の節間得点が不利(-7.8pt)、2号艇のsession_exh_rel_avgが有利(+7.6pt) / [候補2]4号艇のwin_rate_rank_2to6が有利(+17.5pt)、4号艇のsession_exh_rel_avgが有利(+9.6pt) / [除外]5号艇のracer_win_teが不利(-12.3pt)、6号艇のsession_exh_rel_avgが不利(-5.8pt)、天気-11.0pt
138,04,平和島,3,12:54,0.22519464638220718,2,0.47655225077140395,5,0.19204111508110877,0.15056364659664628,0.1659742528654402,0.5026191129870725,0.12057602009355683,0.2561802865137741,1-2,1-5,0.10731701559511123,0.037376513182583844,0.021641185106422517,0.043246631001535044,0.015613295624146518,True,True,False,False,一般,2026-08-23,1号艇のracer_win_te,-0.2244,1号艇の年齢,-0.1957,1号艇のdominance,-0.1463,1号艇vs2号艇のcumulative差,-0.105,場特性:in_escape_diff,-0.1035,2号艇のsession_exh_rel_avg,-0.0857,1号艇の枠別勝率,0.062,2号艇のclass_rank_2to6,-0.0457,2号艇の全国勝率,0.0429,1号艇vs2号艇のcumulative差,0.0401,5号艇のwin_rate_rank_2to6,0.1417,5号艇のclass_rank_2to6,0.1004,5号艇のsession_exh_rel_avg,0.0826,1号艇vs5号艇のcumulative差,0.0494,5号艇のcumulative_diff_rank_2to6,0.0484,0.0056,東 1.1m/s,[逃げ]1号艇のracer_win_teが不利(-22.4pt)、1号艇の年齢が不利(-19.6pt) / [2着]2号艇のsession_exh_rel_avgが不利(-8.6pt)、1号艇の枠別勝率が有利(+6.2pt) / [候補2]5号艇のwin_rate_rank_2to6が有利(+14.2pt)、5号艇のclass_rank_2to6が有利(+10.0pt) / [除外]4号艇のwin_rate_rank_2to6が不利(-5.4pt)、天気+0.6pt
139,16,児島,5,12:52,0.3121680299877826,2,0.2945699960083219,4,0.2130522584368294,0.1584634391480998,0.21031923144721987,0.29730302299793143,0.11846994866716583,0.2001153143030493,1-2,1-4,0.09195533534742682,0.06224968855722924,0.06650810380067297,0.025799963295946957,0.06565494014942312,True,True,False,False,一般,2026-08-23,1号艇のdominance,-0.4632,1号艇のvs_max234_diff,-0.2876,1号艇の全国2連率,-0.2447,1号艇のracer_win_te,-0.2024,1号艇のsession_exh_rel_avg,0.1205,2号艇の女子戦比率,-0.1448,1号艇vs2号艇のplace_rate差,-0.0778,2号艇のclass_rank_2to6,0.0656,2号艇のwin_rate_rank_2to6,0.0612,2号艇のモーター2連率,0.0581,4号艇のwin_rate_rank_2to6,-0.114,場特性:1x_diff_course4,0.0933,4号艇の全国勝率,-0.084,4号艇のsession_exh_rel_avg,0.0792,1号艇の平均ST,0.0749,0.084,南 1.4m/s,[逃げ]1号艇のdominanceが不利(-46.3pt)、1号艇のvs_max234_diffが不利(-28.8pt) / [2着]2号艇の女子戦比率が不利(-14.5pt)、1号艇vs2号艇のplace_rate差が不利(-7.8pt) / [候補2]4号艇のwin_rate_rank_2to6が不利(-11.4pt)、場特性:1x_diff_course4が有利(+9.3pt) / [除外]5号艇のracer_win_teが不利(-12.2pt)、3号艇のsession_exh_rel_avgが不利(-5.1pt)、天気+8.4pt
140,18,徳山,6,11:04,0.2638856099930032,3,0.37188409543218026,5,0.2439046760089616,0.16249779557858776,0.23116682876920114,0.3846219426719407,0.11742087547552212,0.22913503970659363,1-3,1-5,0.06100159961990877,0.0981348613698171,0.03356981983065087,0.06436293420877065,0.006816396438431571,True,True,False,False,予選,2026-08-23,1号艇のdominance,-0.2496,場特性:in_escape_diff,0.1804,1号艇の体重,-0.1368,1号艇の年齢,-0.1348,1号艇のracer_win_te,-0.1071,3号艇のwin_rate_rank_2to6,0.0846,場特性:1x_diff_course3,0.047,3号艇のclass_rank_2to6,0.0389,3号艇の全国勝率,0.0336,3号艇のモーター2連率,-0.0315,5号艇のwin_rate_rank_2to6,0.2106,5号艇のclass_rank_2to6,0.1538,1号艇vs5号艇のlocal_win_rate差,0.0739,5号艇の枠別勝率,0.0688,3号艇の年齢,0.0515,0.0486,南 1.7m/s,[逃げ]1号艇のdominanceが不利(-25.0pt)、場特性:in_escape_diffが有利(+18.0pt) / [2着]3号艇のwin_rate_rank_2to6が有利(+8.5pt)、場特性:1x_diff_course3が有利(+4.7pt) / [候補2]5号艇のwin_rate_rank_2to6が有利(+21.1pt)、5号艇のclass_rank_2to6が有利(+15.4pt) / [除外]2号艇のwin_rate_rank_2to6が不利(-5.4pt)、天気+4.9pt
141,06,浜名湖,3,12:30,0.19179043487810862,3,0.40950094900652917,2,0.3242864891852276,0.1407334118788903,0.13898507431603757,0.5948023638757193,0.11726159942840579,0.276954097477939,1-3,1-2,0.062195046785929874,0.07853836509296042,0.02665600784463909,0.01941784104075971,0.004983179829619895,True,True,False,False,予選,2026-08-23,1号艇のracer_win_te,-0.2731,1号艇のdominance,-0.2392,1号艇のvs_max234_diff,-0.1208,1号艇の全国勝率,-0.0904,1号艇の級別順位,-0.0899,3号艇のwin_rate_rank_2to6,0.1575,3号艇のsession_exh_rel_avg,0.0848,3号艇の当地勝率,0.0738,3号艇のclass_rank_2to6,0.0505,3号艇の節間得点,0.0484,1号艇vs2号艇のplace_rate差,-0.0886,2号艇の全国勝率,0.0519,2号艇のwin_rate_rank_2to6,0.0504,2号艇のsession_exh_rel_avg,-0.0428,1号艇の直近平均着順,-0.0377,-0.0573,南 3.1m/s,[逃げ]1号艇のracer_win_teが不利(-27.3pt)、1号艇のdominanceが不利(-23.9pt) / [2着]3号艇のwin_rate_rank_2to6が有利(+15.8pt)、3号艇のsession_exh_rel_avgが有利(+8.5pt) / [候補2]1号艇vs2号艇のplace_rate差が不利(-8.9pt)、2号艇の全国勝率が有利(+5.2pt) / [除外]1号艇vs3号艇の直近複勝率差が不利(-8.2pt)、6号艇のwin_rate_rank_2to6が不利(-5.7pt)、天気-5.7pt
142,03,江戸川,6,13:29,0.2685161693227147,2,0.351032577891791,6,0.20913753820002035,0.15041473374203357,0.18999467705683676,0.3701754390349746,0.11612113522774427,0.21634294532991588,1-2,1-6,0.09425792312298119,0.05101664287500808,0.040072444169691225,0.027012343534478452,0.05615681061905238,True,True,False,False,予選,2026-08-23,1号艇のdominance,-0.3952,1号艇のracer_win_te,-0.1799,1号艇のvs_max234_diff,-0.171,1号艇の級別順位,-0.0905,4号艇のsession_exh_rel_delta,0.0833,2号艇のsession_exh_rel_avg,-0.0723,2号艇のclass_rank_2to6,0.0611,6号艇の当地2連率,-0.0492,2号艇の全国勝率,0.0459,2号艇のwin_rate_rank_2to6,0.0437,6号艇のwin_rate_rank_2to6,0.3202,6号艇のclass_rank_2to6,0.1931,6号艇のvs_avg456_diff,0.1428,場特性:1x_diff_course2,0.1299,6号艇のsession_exh_rel_avg,0.1112,-0.0335,東 0.7m/s,[逃げ]1号艇のdominanceが不利(-39.5pt)、1号艇のracer_win_teが不利(-18.0pt) / [2着]2号艇のsession_exh_rel_avgが不利(-7.2pt)、2号艇のclass_rank_2to6が有利(+6.1pt) / [候補2]6号艇のwin_rate_rank_2to6が有利(+32.0pt)、6号艇のclass_rank_2to6が有利(+19.3pt) / [除外]4号艇のwin_rate_rank_2to6が不利(-5.0pt)、天気-3.4pt
143,07,蒲郡,2,15:41,0.18685632126319998,2,0.39615300162366224,4,0.37389192176337016,0.14388776159150354,0.1623560991095313,0.607688824277501,0.11585449477358503,0.28302808039730276,1-2,1-4,0.07402369254077201,0.03033726341425052,0.06986406905073153,0.008472959285653066,0.004158333491322649,True,False,False,False,一般戦,2026-08-23,1号艇のdominance,-0.3636,1号艇のracer_win_te,-0.2737,1号艇の全国2連率,-0.2013,1号艇のvs_max234_diff,-0.1721,1号艇の年齢,0.1094,2号艇のsession_exh_rel_avg,0.0831,1号艇vs2号艇の枠別平均ST差,-0.0588,2号艇のclass_rank_2to6,-0.0561,3号艇のracer_2nd_te,0.0553,1号艇の直近複勝率,0.0477,4号艇のclass_rank_2to6,0.1729,4号艇のwin_rate_rank_2to6,0.1729,4号艇のモーター2連率,0.1234,4号艇の節間得点,0.0651,4号艇のcumulative_diff_rank_2to6,0.0505,0.0074,南東 1.9m/s,[逃げ]1号艇のdominanceが不利(-36.4pt)、1号艇のracer_win_teが不利(-27.4pt) / [2着]2号艇のsession_exh_rel_avgが有利(+8.3pt)、1号艇vs2号艇の枠別平均ST差が不利(-5.9pt) / [候補2]4号艇のclass_rank_2to6が有利(+17.3pt)、4号艇のwin_rate_rank_2to6が有利(+17.3pt) / [除外]6号艇のwin_rate_rank_2to6が不利(-6.7pt)、6号艇のvs_avg456_diffが不利(-5.4pt)、天気+0.7pt
144,06,浜名湖,2,12:00,0.18070698841390556,2,0.5378211270737216,4,0.22822896283599944,0.13843060472178728,0.14749331303796293,0.6185567768717581,0.11392949850226919,0.28246845636677853,1-2,1-4,0.09718803617886465,0.026653072410279713,0.04124256854292264,0.00882794362352959,0.006795367658308958,True,True,False,False,予選,2026-08-23,1号艇のdominance,-0.3959,1号艇のvs_max234_diff,-0.1445,1号艇のsession_exh_rel_avg,0.1304,1号艇のracer_win_te,-0.1239,1号艇の級別順位,-0.0989,2号艇のwin_rate_rank_2to6,0.2014,2号艇のclass_rank_2to6,0.0934,1号艇vs2号艇のplace_rate差,-0.0751,2号艇の全国勝率,0.0508,3号艇の全国勝率,-0.0505,4号艇のclass_rank_2to6,0.1475,4号艇のsession_exh_rel_avg,-0.0919,1号艇の一般戦2連率,0.0831,4号艇のwin_rate_rank_2to6,0.0701,2号艇のracer_avgfin_te,-0.0371,-0.0032,南 3.2m/s,[逃げ]1号艇のdominanceが不利(-39.6pt)、1号艇のvs_max234_diffが不利(-14.4pt) / [2着]2号艇のwin_rate_rank_2to6が有利(+20.1pt)、2号艇のclass_rank_2to6が有利(+9.3pt) / [候補2]4号艇のclass_rank_2to6が有利(+14.7pt)、4号艇のsession_exh_rel_avgが不利(-9.2pt)、天気-0.3pt
145,06,浜名湖,10,16:03,0.26117487799752054,4,0.3010530127227153,2,0.2809344499991617,0.15200050457247274,0.21051358231511783,0.3714738804067591,0.11360269969496473,0.21784251732275867,1-4,1-2,0.07337302070383159,0.047452340676321765,0.07862748386864116,0.054980859177971894,0.006741175516658604,True,False,False,False,予選特賞,2026-08-23,1号艇のdominance,-0.2239,1号艇の年齢,-0.1894,1号艇のracer_win_te,-0.0898,1号艇の級別順位,-0.081,1号艇の全国勝率,-0.0729,4号艇のwin_rate_rank_2to6,-0.0778,4号艇のsession_exh_rel_avg,0.0558,4号艇のcumulative_diff_rank_2to6,0.0495,4号艇の全国勝率,0.0492,4号艇のclass_rank_2to6,0.0478,2号艇のclass_rank_2to6,0.0936,2号艇のsession_exh_rel_avg,0.0742,3号艇の全国勝率,-0.0566,2号艇の全国勝率,0.0542,2号艇のwin_rate_rank_2to6,0.052,0.0638,南東 2.0m/s,[逃げ]1号艇のdominanceが不利(-22.4pt)、1号艇の年齢が不利(-18.9pt) / [2着]4号艇のwin_rate_rank_2to6が不利(-7.8pt)、4号艇のsession_exh_rel_avgが有利(+5.6pt) / [候補2]2号艇のclass_rank_2to6が有利(+9.4pt)、2号艇のsession_exh_rel_avgが有利(+7.4pt) / [除外]6号艇のwin_rate_rank_2to6が不利(-6.9pt)、6号艇のvs_avg456_diffが不利(-6.4pt)、天気+6.4pt
146,08,常滑,7,13:27,0.16735370860738674,2,0.4220058133664627,3,0.33780896681459893,0.12715782131800699,0.1661913456137598,0.5936234345673018,0.10179878600182266,0.2670975052927954,1-2,1-3,0.07062423792075423,0.05653358339725277,0.02781273802691466,0.0065371877167436235,0.005845963416044896,True,True,False,False,予選,2026-08-23,1号艇のdominance,-0.2575,1号艇のsession_exh_rel_avg,-0.2299,1号艇のracer_win_te,-0.1939,1号艇のvs_max234_diff,-0.1235,1号艇の年齢,-0.1183,2号艇のwin_rate_rank_2to6,-0.1324,2号艇のclass_rank_2to6,0.0933,2号艇の当地勝率,0.0902,3号艇の全国2連率,0.0677,2号艇のsession_exh_rel_avg,-0.0644,3号艇のwin_rate_rank_2to6,0.1779,3号艇の当地勝率,0.1103,3号艇のsession_exh_rel_avg,0.1021,3号艇の一般戦2連率,0.0733,6号艇のracer_2nd_te,-0.0667,-0.0283,南東 5.8m/s,[逃げ]1号艇のdominanceが不利(-25.8pt)、1号艇のsession_exh_rel_avgが不利(-23.0pt) / [2着]2号艇のwin_rate_rank_2to6が不利(-13.2pt)、2号艇のclass_rank_2to6が有利(+9.3pt) / [候補2]3号艇のwin_rate_rank_2to6が有利(+17.8pt)、3号艇の当地勝率が有利(+11.0pt)、天気-2.8pt
147,02,戸田,4,12:14,0.12504405057306386,2,0.6620229233169446,3,0.19266087295155787,0.10687312384457683,0.065844969104458,0.7888388271640444,0.09842865479940514,0.3114628348404171,1-2,1-3,0.0827820279037716,0.024091095940805236,0.008233521646679674,0.008201795068215563,0.00173561199334968,True,True,False,False,一般戦,2026-08-23,1号艇のdominance,-0.3239,1号艇の年齢,-0.2025,1号艇のracer_win_te,-0.1813,1号艇のvs_max234_diff,-0.1573,場特性:in_escape_diff,-0.1215,2号艇のwin_rate_rank_2to6,0.2025,2号艇のモーター2連率,0.1443,2号艇のclass_rank_2to6,0.0787,2号艇のsession_exh_rel_avg,0.0752,1号艇vs2号艇のplace_rate差,-0.0701,3号艇のsession_exh_rel_avg,-0.0971,1号艇のvs_max234_diff,-0.0834,3号艇の節間得点,-0.0429,3号艇の当地勝率,0.0426,3号艇のwin_rate_rank_2to6,0.0391,0.0435,東 1.0m/s,[逃げ]1号艇のdominanceが不利(-32.4pt)、1号艇の年齢が不利(-20.2pt) / [2着]2号艇のwin_rate_rank_2to6が有利(+20.2pt)、2号艇のモーター2連率が有利(+14.4pt) / [候補2]3号艇のsession_exh_rel_avgが不利(-9.7pt)、1号艇のvs_max234_diffが不利(-8.3pt) / [除外]4号艇のwin_rate_rank_2to6が不利(-5.8pt)、1号艇vs6号艇のcumulative差が不利(-5.1pt)、天気+4.3pt
148,08,常滑,5,12:25,0.2067789701424782,3,0.3754974197412839,4,0.25008459373254605,0.12935720448577648,0.21004926640045843,0.4155327470733715,0.09675154139875475,0.215209867262055,1-3,1-4,0.04343377098546984,0.07764496974526056,0.05171223474051593,0.027090683477616947,0.006897315045173379,True,True,False,False,三Ａ傑戦,2026-08-23,6号艇の枠別出走数,-0.2553,1号艇のdominance,-0.2371,1号艇のracer_win_te,-0.1556,1号艇vs6号艇の枠別平均ST差,-0.1129,6号艇の直近1着率,-0.1035,3号艇のsession_exh_rel_avg,-0.0989,3号艇のwin_rate_rank_2to6,-0.0967,6号艇の直近平均着順,0.048,3号艇の当地勝率,0.045,6号艇のracer_2nd_te,0.045,4号艇のwin_rate_rank_2to6,0.0511,3号艇の年齢,0.0447,1号艇vs4号艇の枠別平均ST差,0.0383,1号艇vs4号艇のcumulative差,0.0369,4号艇の節間得点,-0.0352,-0.0634,南 5.6m/s,[逃げ]6号艇の枠別出走数が不利(-25.5pt)、1号艇のdominanceが不利(-23.7pt) / [2着]3号艇のsession_exh_rel_avgが不利(-9.9pt)、3号艇のwin_rate_rank_2to6が不利(-9.7pt) / [候補2]4号艇のwin_rate_rank_2to6が有利(+5.1pt)、3号艇の年齢が有利(+4.5pt) / [除外]4号艇の女子戦2連率が不利(-14.9pt)、6号艇のsession_exh_rel_avgが不利(-5.8pt)、天気-6.3pt
149,06,浜名湖,7,14:39,0.14650391476616548,2,0.5788966236093435,3,0.15861276149700215,0.10804801209486718,0.12927177625494254,0.6082376088514031,0.0912869419616844,0.25810489112182794,1-2,1-3,0.08481062160368423,0.023237390491182938,0.018938821290124915,0.018297970686528865,0.0012191131847183792,True,True,False,False,予選,2026-08-23,1号艇のdominance,-0.3595,1号艇の年齢,-0.2611,1号艇のvs_max234_diff,-0.1474,1号艇のracer_win_te,-0.1405,1号艇の級別順位,-0.0918,2号艇の当地勝率,0.4544,2号艇のwin_rate_rank_2to6,0.2602,2号艇のclass_rank_2to6,0.1293,2号艇のracer_avgfin_te,0.0693,2号艇の全国勝率,0.0672,3号艇のwin_rate_rank_2to6,-0.1487,3号艇の全国勝率,-0.0813,3号艇のracer_avgfin_te,-0.077,3号艇のsession_exh_rel_avg,0.0594,3号艇の年齢,-0.0579,-0.0096,南東 2.2m/s,[逃げ]1号艇のdominanceが不利(-36.0pt)、1号艇の年齢が不利(-26.1pt) / [2着]2号艇の当地勝率が有利(+45.4pt)、2号艇のwin_rate_rank_2to6が有利(+26.0pt) / [候補2]3号艇のwin_rate_rank_2to6が不利(-14.9pt)、3号艇の全国勝率が不利(-8.1pt) / [除外]6号艇のvs_avg456_diffが不利(-10.3pt)、6号艇の直近平均着順が不利(-10.1pt)、天気-1.0pt
150,20,若松,3,16:16,0.22729471677940727,3,0.2569151448254069,6,0.24246616231667875,0.11350673277179055,0.1859192287284347,0.3134620784136509,0.08818303171689154,0.17349333646434864,1-3,1-6,0.0422584584376754,0.05839545507943126,0.03334602128757969,0.03818350089540642,0.05511127769235929,True,False,False,False,予選,2026-08-23,1号艇のdominance,-0.2526,3号艇の枠別出走数,-0.1007,4号艇のsession_exh_rel_avg,-0.0956,1号艇のracer_win_te,-0.09,1号艇のframe_dominance,-0.0813,3号艇のsession_exh_rel_avg,-0.1177,1号艇の体重,0.1058,3号艇の枠別勝率,-0.062,3号艇のwin_rate_rank_2to6,0.0587,3号艇のcumulative_diff_rank_2to6,-0.0418,6号艇のwin_rate_rank_2to6,0.3857,6号艇のclass_rank_2to6,0.1972,6号艇のsession_exh_rel_avg,0.1322,6号艇のvs_avg456_diff,0.125,1号艇vs6号艇のlocal_win_rate差,0.1151,0.0669,北東 2.0m/s,[逃げ]1号艇のdominanceが不利(-25.3pt)、3号艇の枠別出走数が不利(-10.1pt) / [2着]3号艇のsession_exh_rel_avgが不利(-11.8pt)、1号艇の体重が有利(+10.6pt) / [候補2]6号艇のwin_rate_rank_2to6が有利(+38.6pt)、6号艇のclass_rank_2to6が有利(+19.7pt) / [除外]1号艇の体重が不利(-5.3pt)、天気+6.7pt
151,04,平和島,6,14:26,0.19483766783343456,4,0.3557666193642154,2,0.24294089741398403,0.11665077628341128,0.23500992299682713,0.36369759378137234,0.08375386834114977,0.19076482153279958,1-4,1-2,0.04733403787350232,0.04578878531441684,0.06931673840990894,0.026634730912389645,0.005763375686130251,True,True,False,False,一般,2026-08-23,1号艇のracer_win_te,-0.1508,1号艇のsession_exh_rel_avg,-0.124,1号艇のdominance,-0.1239,4号艇のsession_exh_rel_avg,-0.1178,ST差分(4-3),-0.1114,4号艇のwin_rate_rank_2to6,0.1449,4号艇のsession_exh_rel_avg,0.0578,4号艇のモーター2連率,0.0548,4号艇の節間得点,0.0407,4号艇のracer_win_te,0.0383,2号艇の節間得点,-0.0796,2号艇のsession_exh_rel_avg,-0.0747,2号艇の全国勝率,0.0646,1号艇の年齢,0.0458,2号艇のcumulative_diff_rank_2to6,-0.042,-0.038,東 0.5m/s,[逃げ]1号艇のracer_win_teが不利(-15.1pt)、1号艇のsession_exh_rel_avgが不利(-12.4pt) / [2着]4号艇のwin_rate_rank_2to6が有利(+14.5pt)、4号艇のsession_exh_rel_avgが有利(+5.8pt) / [候補2]2号艇の節間得点が不利(-8.0pt)、2号艇のsession_exh_rel_avgが不利(-7.5pt) / [除外]6号艇のwin_rate_rank_2to6が不利(-6.8pt)、6号艇のvs_avg456_diffが不利(-5.9pt)、天気-3.8pt
152,22,福岡,4,13:44,0.14764579793622723,3,0.48088177167107005,2,0.21221303382181894,0.1023325356024518,0.20607996620271196,0.48701483929017697,0.0770261130283825,0.21773722670876933,1-3,1-2,0.03133236271109004,0.07100017289136176,0.01309372750421341,0.030426841048670147,0.0017926928183508216,True,True,False,False,予選,2026-08-23,1号艇のracer_win_te,-0.2674,1号艇のdominance,-0.2532,1号艇のsession_exh_rel_avg,-0.23,1号艇の年齢,0.1511,1号艇のsession_avg_finish,-0.1309,3号艇のwin_rate_rank_2to6,0.2085,3号艇のsession_exh_rel_avg,0.0972,1号艇vs6号艇の枠別勝率差,0.0586,場特性:1x_diff_course3,0.0522,3号艇の全国勝率,0.0441,場特性:1x_diff_course2,0.0584,2号艇のwin_rate_rank_2to6,-0.0555,2号艇のsession_exh_rel_avg,-0.0464,2号艇の直近平均着順,-0.0341,3号艇の当地2連率,-0.031,0.0801,北 3.5m/s,[逃げ]1号艇のracer_win_teが不利(-26.7pt)、1号艇のdominanceが不利(-25.3pt) / [2着]3号艇のwin_rate_rank_2to6が有利(+20.9pt)、3号艇のsession_exh_rel_avgが有利(+9.7pt) / [候補2]場特性:1x_diff_course2が有利(+5.8pt)、2号艇のwin_rate_rank_2to6が不利(-5.5pt) / [除外]6号艇のwin_rate_rank_2to6が不利(-6.9pt)、1号艇vs6号艇の枠別勝率差が不利(-6.5pt)、天気+8.0pt
153,02,戸田,6,13:14,0.12251668544356387,3,0.5398654654177949,4,0.19013051790732835,0.08943668826410922,0.17843265892012578,0.5515633244049976,0.07028657695373873,0.2280746791063757,1-3,1-4,0.02186097794577577,0.06614252740843518,0.023294160855674033,0.0025434054080865215,0.008675610630720827,True,True,False,False,一般戦,2026-08-23,1号艇のdominance,-0.3178,1号艇のracer_win_te,-0.157,1号艇のvs_max234_diff,-0.146,場特性:in_escape_diff,-0.1417,1号艇の年齢,-0.1394,3号艇のwin_rate_rank_2to6,0.164,3号艇のモーター2連率,0.1485,3号艇のsession_exh_rel_avg,0.1158,5号艇の一般戦2連率,0.062,3号艇の当地勝率,0.0571,4号艇のclass_rank_2to6,0.1086,5号艇のracer_win_te,0.0999,4号艇のwin_rate_rank_2to6,-0.0601,4号艇のsession_exh_rel_avg,-0.0564,4号艇のモーター2連率,-0.0491,-0.0052,東 1.0m/s,[逃げ]1号艇のdominanceが不利(-31.8pt)、1号艇のracer_win_teが不利(-15.7pt) / [2着]3号艇のwin_rate_rank_2to6が有利(+16.4pt)、3号艇のモーター2連率が有利(+14.8pt) / [候補2]4号艇のclass_rank_2to6が有利(+10.9pt)、5号艇のracer_win_teが有利(+10.0pt) / [除外]3号艇のracer_avgfin_teが不利(-5.6pt)、5号艇のracer_win_teが不利(-5.4pt)、天気-0.5pt
154,04,平和島,2,12:24,0.08346920978798747,4,0.42286444213393964,2,0.38004232806959737,0.06701799364231448,0.13045845493070563,0.6724483152728314,0.05652631695855583,0.24864709013146954,1-4,1-2,0.031721832809956385,0.010889264143227776,0.0352961608323581,0.004039992493341665,0.0015219576434213288,True,True,False,False,一般,2026-08-23,1号艇のdominance,-0.4249,1号艇のvs_max234_diff,-0.2997,1号艇のracer_win_te,-0.2648,1号艇の全国2連率,-0.2025,1号艇のsession_exh_rel_avg,0.1696,4号艇のwin_rate_rank_2to6,0.244,4号艇のclass_rank_2to6,0.2393,1号艇の一般戦2連率,0.1167,4号艇の全国勝率,0.1159,6号艇のsession_exh_rel_avg,0.0685,1号艇vs2号艇のplace_rate差,-0.071,2号艇のclass_rank_2to6,0.0554,1号艇の直近複勝率,0.0534,2号艇のsession_exh_rel_avg,0.0531,2号艇の全国勝率,0.0383,-0.0657,北東 1.2m/s,[逃げ]1号艇のdominanceが不利(-42.5pt)、1号艇のvs_max234_diffが不利(-30.0pt) / [2着]4号艇のwin_rate_rank_2to6が有利(+24.4pt)、4号艇のclass_rank_2to6が有利(+23.9pt) / [候補2]1号艇vs2号艇のplace_rate差が不利(-7.1pt)、2号艇のclass_rank_2to6が有利(+5.5pt) / [除外]6号艇の直近平均着順が不利(-13.3pt)、6号艇のvs_avg456_diffが不利(-9.7pt)、天気-6.6pt
155,07,蒲郡,4,16:32,0.12394165806065138,3,0.29171952079002206,2,0.20103848624517412,0.061073244414604336,0.19623925318883195,0.2965187538463642,0.04669128296611519,0.13170689724413231,1-3,1-2,0.024917043319230336,0.036156201095374,0.0243222184168078,0.018832012795681148,0.019714183356995412,True,False,False,False,一般戦,2026-08-23,1号艇のdominance,-0.4167,1号艇の全国2連率,-0.2536,1号艇の年齢,-0.1722,1号艇のvs_max234_diff,-0.1509,1号艇の直近1着率,-0.1253,3号艇のsession_exh_rel_avg,0.1526,3号艇のwin_rate_rank_2to6,-0.1134,1号艇vs4号艇の枠別平均ST差,-0.1008,1号艇vs3号艇のcumulative差,0.0772,1号艇vs6号艇のplace_rate差,0.0657,1号艇vs6号艇の枠別平均ST差,0.1402,2号艇のwin_rate_rank_2to6,-0.1329,2号艇の全国勝率,-0.0553,1号艇の年齢,0.0543,2号艇のclass_rank_2to6,-0.0494,-0.0031,南東 1.9m/s,[逃げ]1号艇のdominanceが不利(-41.7pt)、1号艇の全国2連率が不利(-25.4pt) / [2着]3号艇のsession_exh_rel_avgが有利(+15.3pt)、3号艇のwin_rate_rank_2to6が不利(-11.3pt) / [候補2]1号艇vs6号艇の枠別平均ST差が有利(+14.0pt)、2号艇のwin_rate_rank_2to6が不利(-13.3pt) / [除外]1号艇vs5号艇の級別差が不利(-8.6pt)、1号艇vs5号艇の枠別平均ST差が不利(-6.4pt)、天気-0.3pt
156,03,江戸川,2,11:41,0.09927824708789058,2,0.3372708331336818,5,0.26941466359254873,0.060230672648626346,0.24873518506582282,0.3579503116604077,0.04225288763915227,0.14954656435216074,1-2,1-5,0.03348365710738437,0.02469399316241695,0.01212645493222795,0.026747015541241974,0.002227124865258173,True,True,False,False,予選,2026-08-23,1号艇のdominance,-0.3854,1号艇のsession_exh_rel_avg,-0.2761,1号艇のracer_win_te,-0.1959,1号艇のvs_max234_diff,-0.1518,1号艇の級別順位,-0.1089,2号艇のwin_rate_rank_2to6,0.2491,2号艇のclass_rank_2to6,0.1256,1号艇vs2号艇のplace_rate差,-0.1003,1号艇のsession_rank_diff_delta,-0.0976,2号艇のsession_exh_rel_avg,-0.0757,5号艇のclass_rank_2to6,0.1393,5号艇のwin_rate_rank_2to6,0.1253,5号艇のsession_exh_rel_avg,0.1135,5号艇の年齢,0.0852,4号艇のsession_exh_rel_delta,0.0787,0.0448,北東 0.7m/s,[逃げ]1号艇のdominanceが不利(-38.5pt)、1号艇のsession_exh_rel_avgが不利(-27.6pt) / [2着]2号艇のwin_rate_rank_2to6が有利(+24.9pt)、2号艇のclass_rank_2to6が有利(+12.6pt) / [候補2]5号艇のclass_rank_2to6が有利(+13.9pt)、5号艇のwin_rate_rank_2to6が有利(+12.5pt) / [除外]6号艇のwin_rate_rank_2to6が不利(-7.1pt)、天気+4.5pt
