rank,venue_code,venue_name,race_no,closing_time,in_escape_prob,second_pred_1,second_pred_1_prob,second_pred_2,second_pred_2_prob,confidence_score,third_prob,top2_margin,adjusted_score,score_margin_blend,ticket_1,ticket_2,score_boat2,score_boat3,score_boat4,score_boat5,score_boat6,is_teppan,is_lunch,is_excluded,is_channel_target,race_grade,race_date,top_feat_1,top_feat_1_contrib,top_feat_2,top_feat_2_contrib,top_feat_3,top_feat_3_contrib,top_feat_4,top_feat_4_contrib,top_feat_5,top_feat_5_contrib,s2_top_feat_1,s2_top_feat_1_contrib,s2_top_feat_2,s2_top_feat_2_contrib,s2_top_feat_3,s2_top_feat_3_contrib,s2_top_feat_4,s2_top_feat_4_contrib,s2_top_feat_5,s2_top_feat_5_contrib,s2_top2_feat_1,s2_top2_feat_1_contrib,s2_top2_feat_2,s2_top2_feat_2_contrib,s2_top2_feat_3,s2_top2_feat_3_contrib,s2_top2_feat_4,s2_top2_feat_4_contrib,s2_top2_feat_5,s2_top2_feat_5_contrib,weather_contribution,wind_info,reason_text
1,19,下関,1,15:28,0.8030295179742661,2,0.48816721152028364,3,0.3340355812468312,0.6602531123528717,0.07312475964932935,0.7490780331177855,0.6023160921746412,0.6869005885823458,1-2,1-3,0.392012680557975,0.26824043179489665,0.05872134049318502,0.035709761863180166,0.04834529129895699,True,False,False,False,予選,2026-10-02,1号艇のdominance,0.2552,1号艇のvs_max234_diff,0.0874,1号艇の勝率順位,0.0866,1号艇の級別順位,0.0784,場特性:in_escape_diff,0.0728,2号艇の女子戦比率,-0.0828,2号艇の全国勝率,-0.0824,2号艇のclass_rank_2to6,0.0704,全艇平均勝率,0.0681,2号艇のwin_rate_rank_2to6,0.0537,3号艇のsession_exh_rel_avg,0.1406,3号艇の全国勝率,-0.0975,3号艇のwin_rate_rank_2to6,-0.0796,3号艇の女子戦比率,-0.078,風向(度),0.0733,0.0239,北 3.1m/s,[逃げ]1号艇のdominanceが有利(+25.5pt)、1号艇のvs_max234_diffが有利(+8.7pt) / [2着]2号艇の女子戦比率が不利(-8.3pt)、2号艇の全国勝率が不利(-8.2pt) / [候補2]3号艇のsession_exh_rel_avgが有利(+14.1pt)、3号艇の全国勝率が不利(-9.8pt) / [除外]5号艇の直近平均着順が不利(-22.2pt)、mean_234_classが不利(-5.6pt)、天気+2.4pt
2,19,下関,8,18:46,0.7181241437142778,2,0.5795641734657095,3,0.32550964475525446,0.6499553607081416,0.06760360174350492,0.8374702164774591,0.5972281726804985,0.7062098174389368,1-2,1-3,0.4161990257975358,0.23375633491060585,0.04854777861405553,0.016861598735256313,0.0027594064928308376,True,False,False,False,予選,2026-10-02,1号艇の女子戦比率,-0.1982,1号艇のdominance,0.1364,1号艇のsession_avg_finish,0.0992,場特性:in_escape_diff,0.0937,5号艇の平均ST,0.0919,2号艇のwin_rate_rank_2to6,0.2172,2号艇のclass_rank_2to6,0.1091,4号艇の女子戦比率,0.0679,2号艇のsession_exh_rel_avg,0.0598,2号艇の全国勝率,0.0503,3号艇の女子戦勝率,0.0773,3号艇のwin_rate_rank_2to6,0.0737,場特性:1x_diff_course3,0.0515,3号艇の全国勝率,-0.0504,5号艇のrecent_race_count,0.046,0.061,北 3.4m/s,[逃げ]1号艇の女子戦比率が不利(-19.8pt)、1号艇のdominanceが有利(+13.6pt) / [2着]2号艇のwin_rate_rank_2to6が有利(+21.7pt)、2号艇のclass_rank_2to6が有利(+10.9pt) / [候補2]3号艇の女子戦勝率が有利(+7.7pt)、3号艇のwin_rate_rank_2to6が有利(+7.4pt) / [除外]5号艇の直近平均着順が不利(-23.1pt)、6号艇の直近平均着順が不利(-8.2pt)、天気+6.1pt
3,15,丸亀,6,17:31,0.6526569125311986,2,0.5493273179498077,3,0.3698901730766275,0.599933649637988,0.041059473101641146,0.8781580179247941,0.5703740981778915,0.6834009601240298,1-2,1-3,0.3585222713021656,0.2414113783358224,0.024714093744856037,0.026797748944674907,0.0012114010569049857,True,False,False,False,一般,2026-10-02,1号艇のdominance,0.2348,1号艇の年齢,-0.1326,1号艇の勝率順位,0.0912,6号艇の枠別出走数,-0.083,2号艇のsession_exh_rel_avg,-0.0805,2号艇のsession_exh_rel_avg,0.1345,2号艇の節間得点,0.0809,2号艇のwin_rate_rank_2to6,0.0601,2号艇のclass_rank_2to6,0.0513,全艇平均勝率,0.0379,3号艇のwin_rate_rank_2to6,0.1752,3号艇の当地勝率,0.1215,4号艇の節間得点,0.095,3号艇のclass_rank_2to6,0.0516,場特性:1x_diff_course3,-0.0384,0.0065,北西 2.6m/s,[逃げ]1号艇のdominanceが有利(+23.5pt)、1号艇の年齢が不利(-13.3pt) / [2着]2号艇のsession_exh_rel_avgが有利(+13.4pt)、2号艇の節間得点が有利(+8.1pt) / [候補2]3号艇のwin_rate_rank_2to6が有利(+17.5pt)、3号艇の当地勝率が有利(+12.2pt) / [除外]6号艇の全国勝率が不利(-15.0pt)、6号艇の直近平均着順が不利(-14.1pt)、天気+0.6pt
4,22,福岡,11,16:02,0.8362388398479663,3,0.38971823044485887,2,0.38726161402936704,0.64974072372838,0.12965324187714317,0.6473266025970827,0.5486515342751972,0.6490164873889908,1-3,1-2,0.3238432028335688,0.32589752089481117,0.06011754755840567,0.10842107656986996,0.017959505231048535,True,False,False,False,予選特選,2026-10-02,1号艇のdominance,0.259,1号艇のsession_exh_rel_avg,0.1326,1号艇のracer_win_te,0.1027,1号艇の級別順位,0.0845,1号艇の勝率順位,0.0844,3号艇のsession_rank_diff_last,0.0757,3号艇のwin_rate_rank_2to6,-0.0636,3号艇のsession_exh_rel_avg,0.0578,3号艇のcumulative_diff_rank_2to6,0.0495,3号艇の全国勝率,0.0485,2号艇のwin_rate_rank_2to6,0.1834,2号艇のsession_exh_rel_avg,-0.17,2号艇のclass_rank_2to6,0.1222,レース時間帯,-0.0718,2号艇のracer_avgfin_te,0.0689,0.1138,北東 3.3m/s,[逃げ]1号艇のdominanceが有利(+25.9pt)、1号艇のsession_exh_rel_avgが有利(+13.3pt) / [2着]3号艇のsession_rank_diff_lastが有利(+7.6pt)、3号艇のwin_rate_rank_2to6が不利(-6.4pt) / [候補2]2号艇のwin_rate_rank_2to6が有利(+18.3pt)、2号艇のsession_exh_rel_avgが不利(-17.0pt) / [除外]1号艇vs6号艇の枠別平均ST差が不利(-6.4pt)、天気+11.4pt
5,13,尼崎,11,15:46,0.825417665893005,3,0.44139303774127847,4,0.3287998326697008,0.6357308013820642,0.12308756955132995,0.6471053008596493,0.5418301303048191,0.6391431512253397,1-3,1-4,0.06721066546383947,0.36433361095382916,0.27139719042823507,0.10159865435950168,0.020877563905852378,True,False,False,False,予選特選,2026-10-02,1号艇のdominance,0.1682,1号艇のsession_exh_rel_avg,0.1655,1号艇のモーター2連率,0.0948,風向(度),-0.0838,1号艇のracer_win_te,0.0816,3号艇の当地勝率,0.0825,3号艇のwin_rate_rank_2to6,0.0617,風向(度),0.0542,2号艇のvs_boat3_diff,0.0462,場特性:1x_diff_course3,-0.0435,4号艇のclass_rank_2to6,0.1857,4号艇のwin_rate_rank_2to6,0.1689,4号艇のcumulative_diff_rank_2to6,-0.0721,5号艇の年齢,0.0661,2号艇の体重,0.0579,0.0795,北 2.4m/s,[逃げ]1号艇のdominanceが有利(+16.8pt)、1号艇のsession_exh_rel_avgが有利(+16.6pt) / [2着]3号艇の当地勝率が有利(+8.2pt)、3号艇のwin_rate_rank_2to6が有利(+6.2pt) / [候補2]4号艇のclass_rank_2to6が有利(+18.6pt)、4号艇のwin_rate_rank_2to6が有利(+16.9pt) / [除外]2号艇のwin_rate_rank_2to6が不利(-7.2pt)、6号艇のsession_exh_rel_avgが不利(-6.7pt)、天気+7.9pt
6,18,徳山,4,10:09,0.8044331482776339,2,0.6235097522364184,4,0.1647108022151909,0.6340707421546502,0.12978334600292796,0.6584372084486813,0.5353205551313819,0.6413806820428595,1-2,1-4,0.5015719129733495,0.10440202561914082,0.1324988291813007,0.06485435527684208,0.0011060262571325535,False,False,True,False,ガチトク予選,2026-10-02,場特性:in_escape_diff,0.1976,1号艇のdominance,0.1232,ST差分(6-5),0.1101,1号艇の級別順位,0.0937,1号艇のracer_win_te,0.0923,2号艇のclass_rank_2to6,0.1284,2号艇のwin_rate_rank_2to6,0.087,2号艇の全国勝率,0.0647,ST差分(3-2),-0.0623,3号艇のracer_2nd_te,0.0617,4号艇のwin_rate_rank_2to6,-0.0975,4号艇の全国勝率,-0.0597,4号艇の年齢,0.0582,4号艇のclass_rank_2to6,-0.0557,場特性:1x_diff_course4,0.0374,0.0341,北 3.0m/s,[逃げ]場特性:in_escape_diffが有利(+19.8pt)、1号艇のdominanceが有利(+12.3pt) / [2着]2号艇のclass_rank_2to6が有利(+12.8pt)、2号艇のwin_rate_rank_2to6が有利(+8.7pt) / [候補2]4号艇のwin_rate_rank_2to6が不利(-9.8pt)、4号艇の全国勝率が不利(-6.0pt) / [除外]6号艇の直近平均着順が不利(-26.6pt)、6号艇の全国勝率が不利(-15.5pt)、天気+3.4pt
7,19,下関,12,20:45,0.6960732797826937,2,0.4508209062415867,3,0.3948908660635355,0.5886773670992611,0.10634633260523885,0.7393654396998833,0.5135529522048039,0.6338837888794477,1-2,1-3,0.31380438680218753,0.2748729802970736,0.07402484052938982,0.026125118824503177,0.007245937771089427,False,False,False,False,シーボー特選,2026-10-02,1号艇の女子戦比率,-0.2384,1号艇のsession_exh_rel_avg,-0.2119,1号艇のdominance,0.1799,1号艇のracer_win_te,0.1133,race_no,0.1016,1号艇vs5号艇のlocal_win_rate差,0.0763,2号艇のsession_exh_rel_avg,0.0678,2号艇のsession_avg_finish,0.0615,2号艇の女子戦比率,-0.0607,2号艇の全国勝率,0.0502,3号艇のwin_rate_rank_2to6,0.1531,3号艇のモーター2連率,0.0616,1号艇のsession_exh_rel_avg,0.0513,3号艇のracer_avgfin_te,0.0376,2号艇の女子戦勝率,0.0332,0.1421,北東 1.9m/s,[逃げ]1号艇の女子戦比率が不利(-23.8pt)、1号艇のsession_exh_rel_avgが不利(-21.2pt) / [2着]1号艇vs5号艇のlocal_win_rate差が有利(+7.6pt)、2号艇のsession_exh_rel_avgが有利(+6.8pt) / [候補2]3号艇のwin_rate_rank_2to6が有利(+15.3pt)、3号艇のモーター2連率が有利(+6.2pt) / [除外]6号艇のwin_rate_rank_2to6が不利(-8.1pt)、6号艇のvs_avg456_diffが不利(-5.9pt)、天気+14.2pt
8,13,尼崎,10,15:16,0.7687415428063027,2,0.394745836640065,4,0.36637148755350946,0.5851025060571733,0.13224459975978237,0.6288727244337922,0.4922505299788015,0.598233571570159,1-2,1-4,0.3034575234750483,0.1016619176471371,0.281644982582125,0.030220944382673018,0.051756193333924415,True,False,False,False,予選特賞,2026-10-02,1号艇のdominance,0.2653,1号艇の年齢,-0.1172,1号艇のsession_exh_rel_avg,0.107,1号艇の級別順位,0.0837,1号艇vs4号艇の枠別平均ST差,-0.0791,2号艇のsession_exh_rel_avg,0.0908,3号艇のracer_2nd_te,0.0833,2号艇の全国勝率,0.059,1号艇の年齢,0.0438,ST差分(4-3),-0.0324,4号艇のwin_rate_rank_2to6,0.0949,4号艇の年齢,-0.0818,4号艇のcumulative_diff_rank_2to6,0.0597,4号艇のsession_exh_rel_avg,0.0585,4号艇のclass_rank_2to6,0.0459,0.083,北 2.4m/s,[逃げ]1号艇のdominanceが有利(+26.5pt)、1号艇の年齢が不利(-11.7pt) / [2着]2号艇のsession_exh_rel_avgが有利(+9.1pt)、3号艇のracer_2nd_teが有利(+8.3pt) / [候補2]4号艇のwin_rate_rank_2to6が有利(+9.5pt)、4号艇の年齢が不利(-8.2pt)、天気+8.3pt
9,09,津,5,12:25,0.7744265074548331,2,0.48055086768643446,3,0.28433640434971175,0.5923489786796075,0.14380458825488862,0.6210826837812575,0.49012997750093773,0.6009690902101025,1-2,1-3,0.3721513301167951,0.2201976485628125,0.11136608503821371,0.05988903390205247,0.010822415604886547,True,True,False,False,５ールドレー,2026-10-02,1号艇のdominance,0.3742,1号艇のracer_win_te,0.1558,1号艇の勝率順位,0.1041,6号艇のモーター出走数,-0.103,1号艇のsession_exh_rel_avg,-0.0986,2号艇のwin_rate_rank_2to6,0.1676,3号艇のモーター出走数,0.0894,2号艇のclass_rank_2to6,-0.0629,second_best_win_rate,0.0496,1号艇の一般戦勝率,-0.047,6号艇のモーター出走数,0.1201,3号艇のsession_exh_rel_avg,-0.1068,3号艇のwin_rate_rank_2to6,0.0587,1号艇のracer_win_te,-0.0446,3号艇のracer_2nd_te,0.0382,-0.0555,北西 5.7m/s,[逃げ]1号艇のdominanceが有利(+37.4pt)、1号艇のracer_win_teが有利(+15.6pt) / [2着]2号艇のwin_rate_rank_2to6が有利(+16.8pt)、3号艇のモーター出走数が有利(+8.9pt) / [候補2]6号艇のモーター出走数が有利(+12.0pt)、3号艇のsession_exh_rel_avgが不利(-10.7pt) / [除外]6号艇のwin_rate_rank_2to6が不利(-7.0pt)、天気-5.5pt
10,18,徳山,2,09:17,0.7246761044318633,4,0.3976245591231358,2,0.3806177684149318,0.563973618224273,0.11218352804856407,0.6660587994895035,0.48805135796181753,0.5945991726038422,1-4,1-2,0.27582460169248185,0.08129672208765608,0.28814901653179115,0.0673683071488396,0.012037465069981108,False,False,True,False,狙いトク特選,2026-10-02,場特性:in_escape_diff,0.1848,1号艇の級別順位,0.0805,1号艇vs3号艇のplace_rate差,0.0756,1号艇の年齢,0.066,1号艇のvs_max234_frame_diff,0.062,4号艇のclass_rank_2to6,0.2373,4号艇のwin_rate_rank_2to6,0.2323,4号艇の全国勝率,0.1229,4号艇の年齢,0.0543,win_rate_gap_top2_2to6,0.0532,3号艇のracer_2nd_te,0.0829,2号艇のclass_rank_2to6,0.0776,2号艇の当地勝率,0.0747,2号艇のsession_exh_rel_avg,-0.0537,2号艇の全国勝率,0.0491,0.0384,北 2.4m/s,[逃げ]場特性:in_escape_diffが有利(+18.5pt)、1号艇の級別順位が有利(+8.0pt) / [2着]4号艇のclass_rank_2to6が有利(+23.7pt)、4号艇のwin_rate_rank_2to6が有利(+23.2pt) / [候補2]3号艇のracer_2nd_teが有利(+8.3pt)、2号艇のclass_rank_2to6が有利(+7.8pt) / [除外]6号艇のwin_rate_rank_2to6が不利(-7.0pt)、6号艇のvs_avg456_diffが不利(-6.1pt)、天気+3.8pt
11,09,津,12,16:12,0.8582324516450054,2,0.49019301604468135,3,0.22004622075648866,0.6095503614543457,0.182551381795477,0.527687855005693,0.4760212485454378,0.5849916095197499,1-2,1-3,0.4206995539392863,0.18885080751505934,0.15667151994951564,0.06617598505696744,0.025834593177089263,True,False,False,False,ツッキー選抜,2026-10-02,1号艇のdominance,0.1909,1号艇のsession_exh_rel_avg,0.1171,race_no,0.1071,1号艇のracer_win_te,0.0917,1号艇の勝率順位,0.0911,2号艇のsession_exh_rel_avg,0.1192,2号艇のwin_rate_rank_2to6,0.0698,2号艇の節間得点,0.0672,2号艇の全国勝率,0.0464,1号艇vs2号艇の枠別平均ST差,-0.0372,3号艇のsession_exh_rel_avg,0.1252,3号艇のwin_rate_rank_2to6,-0.1213,3号艇の当地勝率,-0.0403,5号艇のsession_exh_rel_last,-0.0366,場特性:1x_diff_course3,-0.0338,0.0769,北西 3.2m/s,[逃げ]1号艇のdominanceが有利(+19.1pt)、1号艇のsession_exh_rel_avgが有利(+11.7pt) / [2着]2号艇のsession_exh_rel_avgが有利(+11.9pt)、2号艇のwin_rate_rank_2to6が有利(+7.0pt) / [候補2]3号艇のsession_exh_rel_avgが有利(+12.5pt)、3号艇のwin_rate_rank_2to6が不利(-12.1pt) / [除外]6号艇のsession_exh_rel_avgが不利(-5.8pt)、天気+7.7pt
12,12,住之江,6,17:25,0.6302983405592636,2,0.5247167922089018,4,0.29293352158951425,0.5153636359449028,0.09463782197303863,0.7230124918253774,0.4568361655089848,0.5776582927090451,1-2,1-4,0.33072812339285074,0.059650062143749266,0.18463551255205204,0.03437389473946384,0.020910755362291637,True,False,False,False,予選特別Ｂ戦,2026-10-02,1号艇のsession_exh_rel_avg,0.1284,2号艇のsession_avg_finish,-0.0749,1号艇の勝率順位,-0.0746,1号艇vs4号艇の枠別平均ST差,-0.0702,1号艇のモーター2連率順位,0.0687,2号艇のwin_rate_rank_2to6,0.1984,2号艇のclass_rank_2to6,0.0787,2号艇のsession_exh_rel_avg,0.0755,2号艇の全国勝率,0.0532,3号艇のracer_win_te,0.0457,4号艇のclass_rank_2to6,0.189,4号艇のwin_rate_rank_2to6,0.0795,4号艇のsession_exh_rel_avg,-0.0773,3号艇の年齢,0.0558,4号艇のcumulative_diff_rank_2to6,0.0454,-0.0056,北 2.4m/s,[逃げ]1号艇のsession_exh_rel_avgが有利(+12.8pt)、2号艇のsession_avg_finishが不利(-7.5pt) / [2着]2号艇のwin_rate_rank_2to6が有利(+19.8pt)、2号艇のclass_rank_2to6が有利(+7.9pt) / [候補2]4号艇のclass_rank_2to6が有利(+18.9pt)、4号艇のwin_rate_rank_2to6が有利(+7.9pt) / [除外]6号艇のwin_rate_rank_2to6が不利(-6.8pt)、3号艇のwin_rate_rank_2to6が不利(-5.0pt)、天気-0.6pt
13,16,児島,11,16:14,0.8454597711460721,2,0.4519454503252743,3,0.2309971936215789,0.5774005314571998,0.18059459887017953,0.5023480450766735,0.4522700306180701,0.5548847855430419,1-2,1-3,0.3821016970025149,0.195298834454685,0.15268546823099868,0.102873350159051,0.012500415787052162,True,False,False,False,準優勝戦,2026-10-02,1号艇のracer_win_te,0.1858,1号艇のsession_exh_rel_avg,0.1688,1号艇の節間得点,0.1303,レース時間帯,0.1079,1号艇の級別順位,0.0791,2号艇のwin_rate_rank_2to6,-0.1366,2号艇のsession_exh_rel_avg,0.1044,2号艇の全国勝率,0.0665,3号艇の全国2連率,0.0584,2号艇のracer_avgfin_te,0.0555,3号艇の全国勝率,0.1163,4号艇の当地2連率,0.09,2号艇の直近平均着順,-0.0823,3号艇のsession_exh_rel_avg,0.079,3号艇のwin_rate_rank_2to6,0.072,0.096,北 4.3m/s,[逃げ]1号艇のracer_win_teが有利(+18.6pt)、1号艇のsession_exh_rel_avgが有利(+16.9pt) / [2着]2号艇のwin_rate_rank_2to6が不利(-13.7pt)、2号艇のsession_exh_rel_avgが有利(+10.4pt) / [候補2]3号艇の全国勝率が有利(+11.6pt)、4号艇の当地2連率が有利(+9.0pt) / [除外]4号艇の当地2連率が不利(-15.1pt)、6号艇のsession_exh_rel_avgが不利(-9.8pt)、天気+9.6pt
14,19,下関,11,20:18,0.7632068743249572,3,0.43457839218601585,2,0.3006003725285249,0.5610934870878677,0.16434368310932274,0.5708350816052179,0.4504388828038596,0.5640159654430728,1-3,1-2,0.2294202707384132,0.3316732163494545,0.04421674820045943,0.12542822870091747,0.03246842881629914,False,False,False,False,予選特選,2026-10-02,1号艇のsession_exh_rel_avg,0.1286,場特性:in_escape_diff,0.0981,1号艇の体重,-0.0965,1号艇の級別順位,0.0902,1号艇のモーター2連率,0.081,3号艇のwin_rate_rank_2to6,0.1776,3号艇のsession_exh_rel_avg,0.0857,6号艇の女子戦比率,0.0516,場特性:1x_diff_course3,0.048,3号艇の体重,-0.0432,2号艇のsession_exh_rel_avg,-0.2056,2号艇のwin_rate_rank_2to6,-0.1558,2号艇の当地勝率,0.0964,4号艇の女子戦比率,0.0751,2号艇の体重,-0.0684,0.1564,北東 2.2m/s,[逃げ]1号艇のsession_exh_rel_avgが有利(+12.9pt)、場特性:in_escape_diffが有利(+9.8pt) / [2着]3号艇のwin_rate_rank_2to6が有利(+17.8pt)、3号艇のsession_exh_rel_avgが有利(+8.6pt) / [候補2]2号艇のsession_exh_rel_avgが不利(-20.6pt)、2号艇のwin_rate_rank_2to6が不利(-15.6pt)、天気+15.6pt
15,14,鳴門,6,10:47,0.725601425749724,2,0.44773629571396145,4,0.293736389381519,0.5380136374597567,0.14354315749132218,0.5979295276041583,0.44533982590651877,0.5559884045030772,1-2,1-4,0.3248780945299505,0.08226057894189873,0.2131355429298063,0.10415511973232054,0.001172088602094519,False,False,True,False,一般,2026-10-02,1号艇のdominance,0.2562,場特性:in_escape_diff,-0.1354,節間得点の分散(2-6号艇),-0.0947,1号艇の勝率順位,0.0847,3号艇のsession_rank_diff_last,-0.0835,2号艇のsession_exh_rel_avg,0.081,2号艇のwin_rate_rank_2to6,0.0767,3号艇の全国勝率,-0.0591,3号艇の直近平均着順,0.0412,2号艇の全国勝率,0.0403,4号艇のモーター2連率,0.0979,1号艇vs6号艇の直近複勝率差,0.0924,4号艇のwin_rate_rank_2to6,-0.0775,節間得点の分散(2-6号艇),-0.0734,4号艇のsession_exh_rel_avg,0.0661,-0.073,北 5.2m/s,[逃げ]1号艇のdominanceが有利(+25.6pt)、場特性:in_escape_diffが不利(-13.5pt) / [2着]2号艇のsession_exh_rel_avgが有利(+8.1pt)、2号艇のwin_rate_rank_2to6が有利(+7.7pt) / [候補2]4号艇のモーター2連率が有利(+9.8pt)、1号艇vs6号艇の直近複勝率差が有利(+9.2pt) / [除外]6号艇の直近平均着順が不利(-23.8pt)、6号艇の全国勝率が不利(-13.9pt)、天気-7.3pt
16,15,丸亀,5,17:06,0.7048717956291756,2,0.602645447744734,3,0.1869696229305302,0.5565773927227319,0.1683241222529148,0.6212909484223494,0.44415491140768826,0.5759914594326172,1-2,1-3,0.4247877788795792,0.13178961384315271,0.11864692630011692,0.02598547005819364,0.003662007204596136,True,False,False,False,一般,2026-10-02,1号艇のracer_win_te,-0.1845,1号艇の年齢,0.1434,1号艇のdominance,-0.0981,1号艇の節間得点,0.0943,6号艇の枠別出走数,-0.0791,2号艇のwin_rate_rank_2to6,0.1967,2号艇のclass_rank_2to6,0.0896,1号艇vs2号艇のcumulative差,-0.0732,2号艇のsession_exh_rel_avg,0.0649,2号艇の全国勝率,0.0587,3号艇のsession_exh_rel_avg,-0.2261,3号艇の節間得点,-0.1189,6号艇の年齢,0.113,1号艇vs4号艇のcumulative差,0.0896,1号艇vs3号艇のcumulative差,-0.0695,0.077,北西 1.3m/s,[逃げ]1号艇のracer_win_teが不利(-18.4pt)、1号艇の年齢が有利(+14.3pt) / [2着]2号艇のwin_rate_rank_2to6が有利(+19.7pt)、2号艇のclass_rank_2to6が有利(+9.0pt) / [候補2]3号艇のsession_exh_rel_avgが不利(-22.6pt)、3号艇の節間得点が不利(-11.9pt) / [除外]6号艇の全国勝率が不利(-14.0pt)、6号艇のwin_rate_rank_2to6が不利(-11.9pt)、天気+7.7pt
17,23,唐津,1,08:43,0.772994859578483,3,0.44377389423360863,2,0.3121129207551284,0.5842966224094456,0.20149674279851104,0.554390072190226,0.44301598291703587,0.5753246573436797,1-3,1-2,0.2412616833517407,0.3430349390577049,0.15575594640505674,0.028345556798084447,0.004596747284186188,False,False,True,False,朝１戦,2026-10-02,1号艇のdominance,0.302,1号艇のvs_max234_diff,0.1108,4号艇のモーター2連率,-0.1097,1号艇の勝率順位,0.1003,1号艇vs6号艇の直近複勝率差,0.0792,3号艇のwin_rate_rank_2to6,0.1994,3号艇のcumulative_diff_rank_2to6,-0.0476,3号艇の節間得点,-0.0376,3号艇の当地勝率,-0.0362,3号艇のclass_rank_2to6,-0.0345,2号艇のwin_rate_rank_2to6,-0.1349,2号艇のsession_exh_rel_avg,-0.1174,2号艇の全国勝率,-0.0789,2号艇のsession_avg_finish,-0.0641,second_best_win_rate,0.0636,-0.0077,北東 6.0m/s,[逃げ]1号艇のdominanceが有利(+30.2pt)、1号艇のvs_max234_diffが有利(+11.1pt) / [2着]3号艇のwin_rate_rank_2to6が有利(+19.9pt)、3号艇のcumulative_diff_rank_2to6が不利(-4.8pt) / [候補2]2号艇のwin_rate_rank_2to6が不利(-13.5pt)、2号艇のsession_exh_rel_avgが不利(-11.7pt) / [除外]6号艇の全国勝率が不利(-16.9pt)、6号艇の直近平均着順が不利(-11.7pt)、天気-0.8pt
18,04,平和島,11,16:04,0.7789939941523201,3,0.43006995286209443,2,0.27810312168980744,0.5516625718963148,0.17346697069475941,0.5347061038571426,0.4368282896652745,0.5465756314845631,1-3,1-2,0.21664066155137182,0.33502191034494294,0.1351297283550141,0.08113631721909158,0.011065374505415561,True,False,False,False,準優勝戦,2026-10-02,場特性:in_escape_diff,-0.1612,1号艇のdominance,0.1484,1号艇のsession_exh_rel_avg,0.1406,1号艇の節間得点,0.1137,1号艇のracer_win_te,0.0966,3号艇のwin_rate_rank_2to6,0.1401,3号艇の当地勝率,0.1032,3号艇のsession_exh_rel_avg,0.0972,3号艇の節間得点,0.0655,1号艇のsession_exh_rel_last,0.0334,2号艇のsession_exh_rel_avg,-0.1452,2号艇のモーター2連率,0.0507,2号艇の節間得点,0.05,レース時間帯,-0.0457,2号艇の全国勝率,0.0337,0.0794,北東 2.0m/s,[逃げ]場特性:in_escape_diffが不利(-16.1pt)、1号艇のdominanceが有利(+14.8pt) / [2着]3号艇のwin_rate_rank_2to6が有利(+14.0pt)、3号艇の当地勝率が有利(+10.3pt) / [候補2]2号艇のsession_exh_rel_avgが不利(-14.5pt)、2号艇のモーター2連率が有利(+5.1pt) / [除外]6号艇のwin_rate_rank_2to6が不利(-6.0pt)、1号艇vs6号艇のcumulative差が不利(-5.2pt)、天気+7.9pt
19,18,徳山,1,08:51,0.820904951705318,3,0.4335980317548086,2,0.25175864657279423,0.5626126909234379,0.18733353632604055,0.4980231420015623,0.4361372209563212,0.5432358262468752,1-3,1-2,0.20666991960623587,0.3559427713172021,0.15378302759051474,0.09837462326232518,0.006134593491702859,False,False,True,False,朝トク予選,2026-10-02,1号艇のdominance,0.3219,場特性:in_escape_diff,0.1412,1号艇の勝率順位,0.0874,1号艇の級別順位,0.0758,1号艇のvs_max234_frame_diff,0.0697,3号艇のwin_rate_rank_2to6,0.1909,3号艇のracer_avgfin_te,-0.0691,2号艇のvs_boat3_diff,0.0516,3号艇の当地勝率,-0.0493,3号艇のracer_2nd_te,-0.0406,2号艇のwin_rate_rank_2to6,-0.1458,2号艇の全国勝率,-0.0995,2号艇の直近平均着順,-0.0736,second_best_win_rate,0.0669,1号艇vs2号艇のplace_rate差,-0.052,0.0427,北 2.2m/s,[逃げ]1号艇のdominanceが有利(+32.2pt)、場特性:in_escape_diffが有利(+14.1pt) / [2着]3号艇のwin_rate_rank_2to6が有利(+19.1pt)、3号艇のracer_avgfin_teが不利(-6.9pt) / [候補2]2号艇のwin_rate_rank_2to6が不利(-14.6pt)、2号艇の全国勝率が不利(-9.9pt) / [除外]6号艇のracer_win_teが不利(-11.3pt)、6号艇のwin_rate_rank_2to6が不利(-9.6pt)、天気+4.3pt
20,07,蒲郡,12,20:41,0.739475859821237,3,0.3810700689399107,4,0.33953357207145884,0.5328689970271965,0.16126321837045912,0.5593404226409104,0.4297503937106633,0.5408104247113106,1-3,1-4,0.11925025706203515,0.2817921168814785,0.25107688014571794,0.07460907712679081,0.012747533426048523,False,False,False,False,一般記者特選,2026-10-02,1号艇のdominance,0.2663,1号艇のracer_win_te,0.1758,3号艇のsession_exh_rel_avg,-0.1431,1号艇の全国勝率,0.1048,6号艇の枠別出走数,-0.1026,3号艇のsession_exh_rel_avg,0.1556,3号艇のwin_rate_rank_2to6,0.0746,場特性:1x_diff_course3,0.0646,3号艇のモーター2連率,0.0632,1号艇のracer_avgfin_te,0.044,4号艇のwin_rate_rank_2to6,0.1655,4号艇のclass_rank_2to6,0.1217,1号艇の当地勝率,0.0556,4号艇の全国勝率,0.0554,4号艇の直近複勝率,0.0549,-0.0303,北 5.5m/s,[逃げ]1号艇のdominanceが有利(+26.6pt)、1号艇のracer_win_teが有利(+17.6pt) / [2着]3号艇のsession_exh_rel_avgが有利(+15.6pt)、3号艇のwin_rate_rank_2to6が有利(+7.5pt) / [候補2]4号艇のwin_rate_rank_2to6が有利(+16.6pt)、4号艇のclass_rank_2to6が有利(+12.2pt) / [除外]1号艇の当地勝率が不利(-16.3pt)、6号艇のsession_exh_rel_avgが不利(-8.6pt)、天気-3.0pt
21,06,浜名湖,12,16:48,0.7383153280593555,3,0.42306771517158964,2,0.31844040164799825,0.5474668085283289,0.18399492569356776,0.55751319112602,0.4265894708224914,0.5504807233076362,1-3,1-2,0.23510942961009476,0.3123573789182342,0.13584627392470322,0.044660225726492885,0.010342036382463973,True,False,False,False,予選特選,2026-10-02,1号艇のdominance,0.2673,1号艇のracer_win_te,0.2021,1号艇の年齢,-0.1058,場特性:in_escape_diff,-0.0937,1号艇の勝率順位,0.0769,3号艇のsession_exh_rel_avg,0.1062,1号艇のracer_avgfin_te,0.0871,3号艇のcumulative_diff_rank_2to6,0.0506,3号艇の節間得点,0.0485,3号艇のwin_rate_rank_2to6,-0.043,2号艇のsession_exh_rel_avg,0.1096,2号艇のwin_rate_rank_2to6,-0.1038,1号艇の年齢,0.0597,2号艇の全国勝率,0.054,2号艇のcumulative_diff_rank_2to6,-0.0404,0.1623,北 3.1m/s,[逃げ]1号艇のdominanceが有利(+26.7pt)、1号艇のracer_win_teが有利(+20.2pt) / [2着]3号艇のsession_exh_rel_avgが有利(+10.6pt)、1号艇のracer_avgfin_teが有利(+8.7pt) / [候補2]2号艇のsession_exh_rel_avgが有利(+11.0pt)、2号艇のwin_rate_rank_2to6が不利(-10.4pt) / [除外]6号艇のsession_exh_rel_avgが不利(-5.7pt)、1号艇vs5号艇の枠別平均ST差が不利(-5.5pt)、天気+16.2pt
22,12,住之江,11,20:02,0.8261027304032037,3,0.37135610117740026,4,0.29533430272224975,0.5507547629951155,0.20314577184770952,0.4635446320519404,0.41649456128218143,0.5245917237121629,1-3,1-4,0.16781927679325911,0.3067782891345387,0.24397647386057683,0.06934560599571878,0.038183084619110234,False,False,False,False,予選特別Ａ戦,2026-10-02,1号艇のdominance,0.1766,1号艇の全国勝率,0.1064,風速区分,0.092,1号艇の勝率順位,0.0742,場特性:in_escape_diff,0.0706,3号艇のsession_exh_rel_avg,0.1336,3号艇のwin_rate_rank_2to6,-0.1198,風向(度),0.0616,場特性:1x_diff_course3,0.0496,3号艇のcumulative_diff_rank_2to6,-0.0478,4号艇のwin_rate_rank_2to6,0.1632,4号艇の全国勝率,0.0875,4号艇の年齢,-0.0809,4号艇のsession_exh_rel_avg,0.0768,4号艇のモーター2連率,0.0661,0.1621,北 1.4m/s,[逃げ]1号艇のdominanceが有利(+17.7pt)、1号艇の全国勝率が有利(+10.6pt) / [2着]3号艇のsession_exh_rel_avgが有利(+13.4pt)、3号艇のwin_rate_rank_2to6が不利(-12.0pt) / [候補2]4号艇のwin_rate_rank_2to6が有利(+16.3pt)、4号艇の全国勝率が有利(+8.8pt) / [除外]6号艇のsession_exh_rel_avgが不利(-10.9pt)、2号艇のwin_rate_rank_2to6が不利(-5.4pt)、天気+16.2pt
23,24,大村,7,20:25,0.6000338740674356,2,0.6813117862201905,4,0.0951209387943594,0.4658859359432163,0.09019636340783904,0.6862363616067109,0.4154604753212936,0.5319910636422647,1-2,1-4,0.4088101505335054,0.047776386640604185,0.057075785409710894,0.05412087336239994,0.03225066023881218,False,False,False,False,一般,2026-10-02,場特性:in_escape_diff,0.1583,風向(度),-0.1567,1号艇の節間得点,0.0958,1号艇のdominance,0.0762,1号艇のモーター2連率,0.0716,2号艇のwin_rate_rank_2to6,0.228,2号艇のclass_rank_2to6,0.091,2号艇のsession_exh_rel_avg,-0.072,3号艇のracer_2nd_te,0.062,2号艇の全国勝率,0.0559,4号艇のwin_rate_rank_2to6,-0.0937,4号艇のsession_exh_rel_avg,-0.0877,4号艇のモーター2連率,0.0702,ST差分(4-3),0.0635,4号艇のclass_rank_2to6,-0.0583,-0.1808,北 5.5m/s,[逃げ]場特性:in_escape_diffが有利(+15.8pt)、風向(度)が不利(-15.7pt) / [2着]2号艇のwin_rate_rank_2to6が有利(+22.8pt)、2号艇のclass_rank_2to6が有利(+9.1pt) / [候補2]4号艇のwin_rate_rank_2to6が不利(-9.4pt)、4号艇のsession_exh_rel_avgが不利(-8.8pt) / [除外]3号艇のracer_2nd_teが不利(-6.8pt)、6号艇のsession_exh_rel_avgが不利(-5.6pt)、天気-18.1pt
24,18,徳山,10,13:12,0.731633998703231,3,0.4850112678273856,2,0.2029517961224593,0.5033371674377516,0.15220808558040444,0.5357549783694404,0.4114027834491552,0.5130625107172582,1-3,1-2,0.1484864341410778,0.3548507332966738,0.11136061028815489,0.03284052762189612,0.08409568109045762,True,True,False,False,予選,2026-10-02,場特性:in_escape_diff,0.2065,1号艇のracer_win_te,0.1214,1号艇の級別順位,-0.1047,1号艇vs3号艇の級別差,0.0845,1号艇の節間得点,-0.0824,3号艇のwin_rate_rank_2to6,0.1621,3号艇の当地勝率,0.0648,3号艇のclass_rank_2to6,0.0517,3号艇の全国勝率,0.0399,場特性:1x_diff_course3,0.0377,2号艇のwin_rate_rank_2to6,-0.1545,2号艇のclass_rank_2to6,-0.0593,2号艇の直近平均着順,-0.0506,レース時間帯,-0.0475,2号艇のsession_exh_rel_avg,-0.038,0.1586,北東 3.7m/s,[逃げ]場特性:in_escape_diffが有利(+20.6pt)、1号艇のracer_win_teが有利(+12.1pt) / [2着]3号艇のwin_rate_rank_2to6が有利(+16.2pt)、3号艇の当地勝率が有利(+6.5pt) / [候補2]2号艇のwin_rate_rank_2to6が不利(-15.4pt)、2号艇のclass_rank_2to6が不利(-5.9pt) / [除外]5号艇のracer_win_teが不利(-5.9pt)、5号艇のracer_avgfin_teが不利(-5.1pt)、天気+15.9pt
25,22,福岡,10,15:37,0.5696423773228159,2,0.5067355309170862,3,0.3061644773175072,0.4630622932164904,0.09662181298327868,0.7162781952513148,0.4093719912627641,0.5390270638269377,1-2,1-3,0.2886580325055483,0.17440426071094212,0.05503987924903538,0.027865448737847822,0.023674760363608657,True,False,False,False,予選特賞,2026-10-02,1号艇のdominance,-0.1819,3号艇の枠別出走数,-0.1219,1号艇のsession_exh_rel_avg,-0.0933,1号艇の節間得点,0.0902,1号艇の級別順位,-0.0603,2号艇のclass_rank_2to6,0.1009,2号艇のwin_rate_rank_2to6,0.0843,2号艇のsession_exh_rel_avg,-0.084,2号艇の全国勝率,0.0559,1号艇vs4号艇の直近複勝率差,0.0545,3号艇のwin_rate_rank_2to6,-0.0623,6号艇のracer_2nd_te,-0.06,場特性:1x_diff_course3,0.0501,1号艇vs6号艇のplace_rate差,0.0499,3号艇の年齢,-0.0413,0.0301,北東 4.2m/s,[逃げ]1号艇のdominanceが不利(-18.2pt)、3号艇の枠別出走数が不利(-12.2pt) / [2着]2号艇のclass_rank_2to6が有利(+10.1pt)、2号艇のwin_rate_rank_2to6が有利(+8.4pt) / [候補2]3号艇のwin_rate_rank_2to6が不利(-6.2pt)、6号艇のracer_2nd_teが不利(-6.0pt) / [除外]1号艇vs5号艇の枠別平均ST差が不利(-5.2pt)、天気+3.0pt
26,15,丸亀,12,20:36,0.7957319730667651,2,0.42550582717411356,3,0.2875689123786147,0.5674163694483622,0.2378534329308049,0.47522130662192336,0.40546205179905,0.5397578506004305,1-2,1-3,0.3385885914086634,0.22882777803969878,0.18926758148673287,0.02540631791653796,0.013641680500471313,False,False,False,False,優勝戦,2026-10-02,1号艇のsession_exh_rel_avg,0.1713,race_no,0.1335,1号艇のracer_win_te,0.1318,1号艇の節間得点,0.1036,1号艇の級別順位,0.0802,2号艇のsession_exh_rel_avg,0.1696,2号艇の当地勝率,0.0811,2号艇のracer_avgfin_te,0.065,2号艇のwin_rate_rank_2to6,0.0626,2号艇の全国勝率,0.0506,3号艇の節間得点,0.1901,3号艇のwin_rate_rank_2to6,-0.1045,3号艇の当地勝率,0.1003,3号艇のracer_avgfin_te,0.0731,3号艇のcumulative_diff_rank_2to6,0.062,0.0249,北東 4.6m/s,[逃げ]1号艇のsession_exh_rel_avgが有利(+17.1pt)、race_noが有利(+13.3pt) / [2着]2号艇のsession_exh_rel_avgが有利(+17.0pt)、2号艇の当地勝率が有利(+8.1pt) / [候補2]3号艇の節間得点が有利(+19.0pt)、3号艇のwin_rate_rank_2to6が不利(-10.5pt) / [除外]2号艇のracer_2nd_teが不利(-7.3pt)、3号艇のracer_avgfin_teが不利(-7.1pt)、天気+2.5pt
27,14,鳴門,4,09:53,0.7145485231085009,2,0.43700302318977313,4,0.30683288005695253,0.5315068461000256,0.2016488233888527,0.542187079857873,0.4028935699329974,0.5347109162273798,1-2,1-4,0.31225986481420237,0.14408786893907163,0.21924698128582323,0.03802338458249726,0.0009304224886936596,False,False,True,False,とにかくなる,2026-10-02,1号艇のdominance,0.1929,6号艇の枠別出走数,-0.12,場特性:in_escape_diff,-0.1044,1号艇のsession_exh_rel_avg,0.0899,1号艇の勝率順位,0.0776,2号艇のwin_rate_rank_2to6,0.1811,2号艇のclass_rank_2to6,0.0882,2号艇の全国勝率,0.0643,2号艇のsession_exh_rel_avg,-0.0511,1号艇の年齢,0.0437,4号艇のclass_rank_2to6,0.1249,4号艇のwin_rate_rank_2to6,0.0907,4号艇の節間得点,0.0675,4号艇のsession_exh_rel_avg,-0.067,4号艇のcumulative_diff_rank_2to6,0.0609,-0.0276,北西 4.8m/s,[逃げ]1号艇のdominanceが有利(+19.3pt)、6号艇の枠別出走数が不利(-12.0pt) / [2着]2号艇のwin_rate_rank_2to6が有利(+18.1pt)、2号艇のclass_rank_2to6が有利(+8.8pt) / [候補2]4号艇のclass_rank_2to6が有利(+12.5pt)、4号艇のwin_rate_rank_2to6が有利(+9.1pt) / [除外]6号艇の直近平均着順が不利(-15.3pt)、6号艇のvs_avg456_diffが不利(-12.2pt)、天気-2.8pt
28,13,尼崎,12,16:23,0.6833677941606944,2,0.5344931842542227,3,0.20396653499607886,0.5046395894206042,0.16939098203698688,0.5690687372133146,0.40206191466856656,0.5239683337584173,1-2,1-3,0.3652554283177337,0.1393841611028705,0.11575634174532953,0.02967046403121852,0.03330140150928551,True,False,False,False,予選特選,2026-10-02,1号艇の女子戦比率,-0.265,race_no,0.117,1号艇の級別順位,0.0787,1号艇の年齢,0.0755,1号艇の節間得点,0.074,2号艇のwin_rate_rank_2to6,0.1921,2号艇のclass_rank_2to6,-0.0701,2号艇のsession_exh_rel_avg,0.0642,2号艇の全国勝率,0.054,2号艇のracer_2nd_te,0.0379,3号艇のwin_rate_rank_2to6,-0.147,3号艇の当地勝率,0.0941,4号艇のsession_rank_diff_last,-0.069,3号艇のcumulative_diff_rank_2to6,-0.0518,3号艇の体重,-0.048,0.0628,北 2.6m/s,[逃げ]1号艇の女子戦比率が不利(-26.5pt)、race_noが有利(+11.7pt) / [2着]2号艇のwin_rate_rank_2to6が有利(+19.2pt)、2号艇のclass_rank_2to6が不利(-7.0pt) / [候補2]3号艇のwin_rate_rank_2to6が不利(-14.7pt)、3号艇の当地勝率が有利(+9.4pt) / [除外]4号艇のwin_rate_rank_2to6が不利(-6.1pt)、6号艇の女子戦比率が不利(-5.7pt)、天気+6.3pt
29,06,浜名湖,4,12:51,0.7557494072095388,2,0.39731614448665986,3,0.2730485010508361,0.5066276834791952,0.18359844434501604,0.48676620119247993,0.39500841802051584,0.5006692387931806,1-2,1-3,0.30027144067057265,0.20635624280862253,0.13875441547833936,0.06185955049276739,0.04850775775923682,True,True,False,False,ランチタイム,2026-10-02,1号艇のdominance,0.2737,5号艇の枠別出走数,-0.1103,1号艇のsession_exh_rel_avg,-0.0865,1号艇のlocal_win_rate順位,0.0743,場特性:in_escape_diff,-0.0736,2号艇のwin_rate_rank_2to6,0.1526,1号艇の年齢,0.0566,2号艇のモーター2連率,-0.0508,3号艇の全国勝率,-0.0493,2号艇のsession_exh_rel_avg,-0.0379,3号艇のsession_exh_rel_avg,-0.1254,3号艇のwin_rate_rank_2to6,-0.1083,3号艇のsession_rank_diff_delta,0.0742,3号艇のracer_avgfin_te,-0.073,3号艇の当地勝率,-0.0671,-0.0777,北西 5.1m/s,[逃げ]1号艇のdominanceが有利(+27.4pt)、5号艇の枠別出走数が不利(-11.0pt) / [2着]2号艇のwin_rate_rank_2to6が有利(+15.3pt)、1号艇の年齢が有利(+5.7pt) / [候補2]3号艇のsession_exh_rel_avgが不利(-12.5pt)、3号艇のwin_rate_rank_2to6が不利(-10.8pt) / [除外]5号艇のracer_avgfin_teが不利(-5.3pt)、天気-7.8pt
30,16,児島,8,14:31,0.7610794471288099,2,0.40411418961716816,3,0.26456653191565954,0.5089191538498982,0.18665378165933438,0.48202693987349327,0.3949291322999557,0.5008514896569767,1-2,1-3,0.3075630040107414,0.2013561498391568,0.14205835694978783,0.07578480438035609,0.034317148960219125,True,True,False,False,一般,2026-10-02,1号艇のdominance,0.2925,1号艇の全国勝率,0.0992,1号艇の勝率順位,0.0947,風速区分,-0.071,1号艇のvs_max234_diff,0.067,2号艇のwin_rate_rank_2to6,-0.141,2号艇の全国勝率,0.0784,2号艇のracer_avgfin_te,0.0537,2号艇のsession_exh_rel_avg,0.0484,2号艇のclass_rank_2to6,-0.0464,3号艇のsession_exh_rel_avg,-0.1686,3号艇のwin_rate_rank_2to6,-0.1,3号艇の節間得点,-0.1,3号艇のsession_exh_rel_last,-0.0768,3号艇の当地勝率,0.0729,-0.0724,北 5.4m/s,[逃げ]1号艇のdominanceが有利(+29.2pt)、1号艇の全国勝率が有利(+9.9pt) / [2着]2号艇のwin_rate_rank_2to6が不利(-14.1pt)、2号艇の全国勝率が有利(+7.8pt) / [候補2]3号艇のsession_exh_rel_avgが不利(-16.9pt)、3号艇のwin_rate_rank_2to6が不利(-10.0pt)、天気-7.2pt
31,15,丸亀,3,16:06,0.6709391548299387,2,0.39502299292434506,3,0.3155043060802218,0.47672058547772317,0.1433798036376407,0.5671474953669261,0.39469806075474273,0.503848658444484,1-2,1-3,0.2650363930110529,0.2116841924666703,0.09619912427232122,0.04946043103603606,0.048558999047199444,True,False,False,False,一般,2026-10-02,4号艇のrecent_race_count,0.1109,1号艇の節間得点,0.1093,second_best_frame_win_rate,-0.0828,1号艇のdominance,-0.0766,1号艇の全国勝率,-0.072,2号艇のsession_exh_rel_avg,-0.1122,2号艇の節間得点,0.079,2号艇のwin_rate_rank_2to6,-0.0517,2号艇のclass_rank_2to6,-0.0469,2号艇の全国勝率,-0.0461,3号艇のsession_exh_rel_avg,0.0883,3号艇のwin_rate_rank_2to6,-0.0743,2号艇のracer_win_te,0.0442,3号艇の全国2連率,-0.0426,3号艇のcumulative_diff_rank_2to6,0.0418,0.0678,北西 1.3m/s,[逃げ]4号艇のrecent_race_countが有利(+11.1pt)、1号艇の節間得点が有利(+10.9pt) / [2着]2号艇のsession_exh_rel_avgが不利(-11.2pt)、2号艇の節間得点が有利(+7.9pt) / [候補2]3号艇のsession_exh_rel_avgが有利(+8.8pt)、3号艇のwin_rate_rank_2to6が不利(-7.4pt) / [除外]4号艇のsession_exh_rel_avgが不利(-5.3pt)、天気+6.8pt
32,24,大村,12,22:45,0.7607616859348646,3,0.3768988876135202,2,0.27924318726173747,0.4991677510949012,0.17941144753697122,0.4767306273382864,0.39170006054964823,0.4924366139679167,1-3,1-2,0.2124375179270645,0.2867302331678367,0.13648935530424072,0.09132058636034694,0.03378400026052109,False,False,False,False,特別選抜戦Ａ,2026-10-02,場特性:in_escape_diff,0.1449,1号艇のdominance,0.1399,1号艇のsession_exh_rel_avg,0.1163,1号艇の級別順位,-0.0917,1号艇の勝率順位,0.0662,3号艇のsession_exh_rel_avg,0.1389,3号艇のwin_rate_rank_2to6,-0.0562,場特性:1x_diff_course3,0.0435,3号艇のモーター2連率,0.0405,1号艇の一般戦2連率,0.0358,2号艇のwin_rate_rank_2to6,-0.1457,2号艇のsession_exh_rel_avg,0.1111,2号艇のclass_rank_2to6,-0.0576,2号艇のsession_avg_finish,0.0483,2号艇の節間得点,0.0449,0.0864,北東 3.9m/s,[逃げ]場特性:in_escape_diffが有利(+14.5pt)、1号艇のdominanceが有利(+14.0pt) / [2着]3号艇のsession_exh_rel_avgが有利(+13.9pt)、3号艇のwin_rate_rank_2to6が不利(-5.6pt) / [候補2]2号艇のwin_rate_rank_2to6が不利(-14.6pt)、2号艇のsession_exh_rel_avgが有利(+11.1pt)、天気+8.6pt
33,15,丸亀,7,17:58,0.5700161963062963,2,0.5352801718850169,3,0.24157743306805193,0.44282141704696765,0.09937214970571856,0.6774854552473502,0.39001647766974,0.5132206285070824,1-2,1-3,0.3051183675360778,0.13770304951088985,0.056643734794033535,0.04408054170036125,0.026470492147554828,True,False,False,False,一般,2026-10-02,1号艇のdominance,0.1608,1号艇のsession_exh_rel_avg,-0.0988,1号艇のsession_exh_rel_last,-0.0923,風向(度),-0.081,1号艇vs2号艇のcumulative差,-0.0727,2号艇のwin_rate_rank_2to6,0.1524,2号艇のclass_rank_2to6,0.0833,2号艇のsession_exh_rel_avg,0.0621,2号艇のracer_avgfin_te,0.0571,2号艇の節間得点,0.0505,3号艇のsession_exh_rel_avg,-0.2124,3号艇のsession_exh_rel_last,-0.0581,3号艇のwin_rate_rank_2to6,0.0469,風向(度),0.0446,2号艇の直近1着率,0.0388,-0.0354,北 3.8m/s,[逃げ]1号艇のdominanceが有利(+16.1pt)、1号艇のsession_exh_rel_avgが不利(-9.9pt) / [2着]2号艇のwin_rate_rank_2to6が有利(+15.2pt)、2号艇のclass_rank_2to6が有利(+8.3pt) / [候補2]3号艇のsession_exh_rel_avgが不利(-21.2pt)、3号艇のsession_exh_rel_lastが不利(-5.8pt) / [除外]6号艇のwin_rate_rank_2to6が不利(-5.9pt)、5号艇のwin_rate_rank_2to6が不利(-5.5pt)、天気-3.5pt
34,16,児島,10,15:39,0.8102351018090735,3,0.315872748946447,2,0.29107171349657435,0.49176770831997485,0.17640583262651915,0.4305386298165022,0.3876668778659504,0.47339898476893305,1-3,1-2,0.2358365194186384,0.2559311889013364,0.12526548327336084,0.14293019775786214,0.05027170642115384,True,False,False,False,準優勝戦,2026-10-02,1号艇のracer_win_te,0.1424,1号艇のdominance,0.1354,レース時間帯,0.0906,1号艇の節間得点,0.0832,1号艇の級別順位,0.0825,3号艇のwin_rate_rank_2to6,-0.1114,5号艇のsession_exh_rel_delta,0.0965,3号艇のsession_exh_rel_avg,0.0952,3号艇の女子戦勝率,0.051,3号艇の節間得点,0.047,2号艇のwin_rate_rank_2to6,-0.1462,2号艇のsession_exh_rel_avg,-0.1169,2号艇のracer_avgfin_te,0.0598,2号艇のclass_rank_2to6,-0.0519,レース時間帯,-0.0496,0.0912,北 4.4m/s,[逃げ]1号艇のracer_win_teが有利(+14.2pt)、1号艇のdominanceが有利(+13.5pt) / [2着]3号艇のwin_rate_rank_2to6が不利(-11.1pt)、5号艇のsession_exh_rel_deltaが有利(+9.6pt) / [候補2]2号艇のwin_rate_rank_2to6が不利(-14.6pt)、2号艇のsession_exh_rel_avgが不利(-11.7pt)、天気+9.1pt
35,14,鳴門,3,09:27,0.7195152455158162,3,0.3756415036690348,2,0.2835901207995044,0.4743272041312714,0.15285224768486466,0.5063793767836746,0.3873248289838204,0.4839428559269923,1-3,1-2,0.2040474153929154,0.27027978873835595,0.10997952252061975,0.04514724621149144,0.09006128337404641,False,False,True,False,どきどきなる,2026-10-02,場特性:in_escape_diff,-0.1441,1号艇のsession_exh_rel_avg,-0.1063,1号艇のvs_max234_diff,0.0907,1号艇の節間得点,0.0694,1号艇の平均ST,0.0694,6号艇の女子戦比率,0.076,3号艇のwin_rate_rank_2to6,-0.0614,3号艇のracer_2nd_te,-0.0523,3号艇のcumulative_diff_rank_2to6,0.0479,3号艇のモーター2連率,0.0419,1号艇vs6号艇の枠別平均ST差,0.0778,2号艇のclass_rank_2to6,-0.0556,2号艇の節間得点,-0.0551,ST差分(3-2),-0.0526,2号艇のwin_rate_rank_2to6,0.0522,0.0237,北 5.4m/s,[逃げ]場特性:in_escape_diffが不利(-14.4pt)、1号艇のsession_exh_rel_avgが不利(-10.6pt) / [2着]6号艇の女子戦比率が有利(+7.6pt)、3号艇のwin_rate_rank_2to6が不利(-6.1pt) / [候補2]1号艇vs6号艇の枠別平均ST差が有利(+7.8pt)、2号艇のclass_rank_2to6が不利(-5.6pt) / [除外]6号艇の女子戦比率が不利(-6.9pt)、5号艇のsession_exh_rel_avgが不利(-5.7pt)、天気+2.4pt
36,24,大村,3,18:34,0.6822923326563592,3,0.40889139641970085,4,0.30062167167218223,0.48409532627858115,0.16883307587482962,0.5406799922170534,0.3860177627358906,0.5010707260601228,1-3,1-4,0.1151935131681856,0.2789834646663138,0.20511186161226738,0.08204917215762013,0.0009543266120220787,True,False,False,False,一般,2026-10-02,場特性:in_escape_diff,0.1485,4号艇のsession_exh_rel_avg,-0.1409,6号艇の枠別出走数,-0.0693,1号艇の級別順位,0.0671,1号艇のdominance,0.0668,3号艇のsession_exh_rel_avg,0.0737,3号艇のcumulative_diff_rank_2to6,0.0652,3号艇の当地勝率,-0.0534,3号艇のwin_rate_rank_2to6,-0.0515,2号艇の節間得点,0.0503,4号艇のsession_exh_rel_avg,0.1636,4号艇のwin_rate_rank_2to6,0.1256,4号艇のclass_rank_2to6,-0.0546,5号艇の一般戦2連率,-0.0467,1号艇vs4号艇のcumulative差,0.0394,-0.048,北 5.1m/s,[逃げ]場特性:in_escape_diffが有利(+14.9pt)、4号艇のsession_exh_rel_avgが不利(-14.1pt) / [2着]3号艇のsession_exh_rel_avgが有利(+7.4pt)、3号艇のcumulative_diff_rank_2to6が有利(+6.5pt) / [候補2]4号艇のsession_exh_rel_avgが有利(+16.4pt)、4号艇のwin_rate_rank_2to6が有利(+12.6pt) / [除外]6号艇の直近平均着順が不利(-28.4pt)、6号艇の全国勝率が不利(-17.5pt)、天気-4.8pt
37,18,徳山,9,12:41,0.5353900393630823,2,0.5956259394709305,3,0.23353905948249584,0.443926681428165,0.11583852748826927,0.713326471465157,0.3822181057208938,0.5247466184392626,1-2,1-3,0.3188921951790143,0.12503448624915067,0.062018793791705974,0.024462923030266634,0.004981627650182237,True,True,False,False,推しトク特賞,2026-10-02,1号艇のdominance,-0.1776,場特性:in_escape_diff,0.1721,1号艇の級別順位,-0.109,1号艇のracer_win_te,-0.0992,1号艇の年齢,0.0748,2号艇のwin_rate_rank_2to6,0.2217,2号艇のclass_rank_2to6,0.1347,2号艇の当地勝率,0.0918,2号艇の全国勝率,0.068,場特性:in_escape_diff,0.0601,3号艇のwin_rate_rank_2to6,-0.1308,3号艇の全国勝率,-0.0673,local_win_rateの分散(2-6号艇),0.0572,3号艇の女子戦勝率,0.0564,3号艇のcumulative_diff_rank_2to6,0.0441,0.0911,北 3.5m/s,[逃げ]1号艇のdominanceが不利(-17.8pt)、場特性:in_escape_diffが有利(+17.2pt) / [2着]2号艇のwin_rate_rank_2to6が有利(+22.2pt)、2号艇のclass_rank_2to6が有利(+13.5pt) / [候補2]3号艇のwin_rate_rank_2to6が不利(-13.1pt)、3号艇の全国勝率が不利(-6.7pt) / [除外]6号艇のwin_rate_rank_2to6が不利(-8.8pt)、2号艇のracer_2nd_teが不利(-5.4pt)、天気+9.1pt
38,09,津,1,10:30,0.6875964521691501,3,0.45476861193367246,2,0.2664532306983356,0.49590958022066584,0.19549108982395438,0.5257307528080537,0.3795744950708926,0.5048559319968822,1-3,1-2,0.18321229609718362,0.3126972841234822,0.13441897979363168,0.051630492647785485,0.005637413595297345,False,False,True,False,ツッキーレー,2026-10-02,1号艇のdominance,0.2531,1号艇のsession_exh_rel_avg,-0.0888,5号艇の枠別出走数,-0.0873,1号艇の勝率順位,0.0855,3号艇のsession_exh_rel_last,-0.077,3号艇のwin_rate_rank_2to6,0.1372,3号艇のsession_exh_rel_avg,0.094,3号艇の年齢,-0.0588,3号艇のモーター2連率,0.0448,場特性:1x_diff_course3,-0.0413,2号艇のsession_exh_rel_avg,0.1029,ST差分(6-5),0.0649,2号艇の全国勝率,-0.0617,second_best_win_rate,0.0587,2号艇のモーター2連率,0.0523,-0.0526,北西 5.2m/s,[逃げ]1号艇のdominanceが有利(+25.3pt)、1号艇のsession_exh_rel_avgが不利(-8.9pt) / [2着]3号艇のwin_rate_rank_2to6が有利(+13.7pt)、3号艇のsession_exh_rel_avgが有利(+9.4pt) / [候補2]2号艇のsession_exh_rel_avgが有利(+10.3pt)、ST差分(6-5)が有利(+6.5pt) / [除外]ST差分(6-5)が不利(-7.5pt)、6号艇のsession_exh_rel_avgが不利(-6.9pt)、天気-5.3pt
39,24,大村,11,22:20,0.7392202702180884,2,0.41931057658798176,3,0.27140331975590093,0.5105897130987137,0.21528580604117672,0.47542809030270594,0.378682451569766,0.5000412262599113,1-2,1-3,0.3099628777306703,0.20062683536804335,0.15914363171587764,0.05892310119556133,0.010563830404008519,False,False,False,False,優勝戦,2026-10-02,場特性:in_escape_diff,0.1633,1号艇の節間得点,0.1447,1号艇のsession_exh_rel_avg,0.1232,レース時間帯,0.0861,1号艇の級別順位,-0.0832,2号艇のsession_exh_rel_avg,0.1014,2号艇のwin_rate_rank_2to6,0.0796,6号艇のモーター出走数,0.0579,2号艇の全国勝率,0.0423,2号艇のモーター2連率,0.0342,3号艇の当地勝率,0.1045,3号艇の一般戦2連率,0.1008,3号艇のwin_rate_rank_2to6,-0.0774,6号艇のracer_2nd_te,-0.0691,3号艇のcumulative_diff_rank_2to6,-0.0604,0.0626,北 4.6m/s,[逃げ]場特性:in_escape_diffが有利(+16.3pt)、1号艇の節間得点が有利(+14.5pt) / [2着]2号艇のsession_exh_rel_avgが有利(+10.1pt)、2号艇のwin_rate_rank_2to6が有利(+8.0pt) / [候補2]3号艇の当地勝率が有利(+10.4pt)、3号艇の一般戦2連率が有利(+10.1pt) / [除外]2号艇の直近1着率が不利(-7.6pt)、6号艇のwin_rate_rank_2to6が不利(-6.4pt)、天気+6.3pt
40,15,丸亀,9,18:58,0.7049998004609644,2,0.4478515425647336,4,0.18276805062865847,0.4445866873681159,0.1293149684588573,0.5013046247345347,0.375596631223033,0.46160206857804154,1-2,1-4,0.3157352481442723,0.0911670269601103,0.12885143922384368,0.08706921668223888,0.08217687995581492,True,False,False,False,まるがめ選抜,2026-10-02,max_234_frame_win_rate,-0.0985,1号艇のdominance,0.0902,1号艇のvs_max234_diff,0.0554,1号艇の節間得点,-0.0551,1号艇の級別順位,0.0541,2号艇のwin_rate_rank_2to6,-0.1226,2号艇のsession_exh_rel_avg,0.089,6号艇のsession_rank_diff_last,-0.0682,2号艇の全国勝率,0.0529,3号艇のracer_win_te,0.0489,4号艇のsession_exh_rel_avg,-0.0919,節間得点の分散(2-6号艇),0.0864,4号艇のclass_rank_2to6,-0.0814,4号艇のwin_rate_rank_2to6,-0.0627,4号艇の節間得点,-0.0565,-0.0471,北 5.8m/s,[逃げ]max_234_frame_win_rateが不利(-9.8pt)、1号艇のdominanceが有利(+9.0pt) / [2着]2号艇のwin_rate_rank_2to6が不利(-12.3pt)、2号艇のsession_exh_rel_avgが有利(+8.9pt) / [候補2]4号艇のsession_exh_rel_avgが不利(-9.2pt)、節間得点の分散(2-6号艇)が有利(+8.6pt) / [除外]3号艇のsession_exh_rel_avgが不利(-5.1pt)、天気-4.7pt
41,22,福岡,8,14:46,0.6858456595430056,2,0.4695391504933041,4,0.20194922366190218,0.46053738684793794,0.15490509094755922,0.516583283207647,0.3749298838946206,0.47735115575585063,1-2,1-4,0.3220313883513427,0.10579080441721153,0.13850599849659526,0.10624098426749802,0.013276490397793586,True,True,False,False,予選,2026-10-02,1号艇のsession_exh_rel_avg,0.1253,1号艇の級別順位,0.0857,1号艇のvs_max234_diff,0.0802,1号艇のlocal_win_rate順位,0.0792,ST差分(4-3),-0.0725,2号艇のモーター2連率,0.1925,2号艇のsession_exh_rel_avg,-0.1092,5号艇のsession_avg_finish,-0.0729,1号艇の年齢,0.0625,3号艇のracer_2nd_te,0.0594,4号艇のwin_rate_rank_2to6,-0.0989,4号艇のsession_exh_rel_avg,-0.0953,1号艇vs5号艇の枠別平均ST差,0.0881,4号艇の全国勝率,-0.071,3号艇の年齢,0.0495,0.0076,北東 5.2m/s,[逃げ]1号艇のsession_exh_rel_avgが有利(+12.5pt)、1号艇の級別順位が有利(+8.6pt) / [2着]2号艇のモーター2連率が有利(+19.3pt)、2号艇のsession_exh_rel_avgが不利(-10.9pt) / [候補2]4号艇のwin_rate_rank_2to6が不利(-9.9pt)、4号艇のsession_exh_rel_avgが不利(-9.5pt) / [除外]5号艇の平均STが不利(-7.4pt)、win_rate_range_1to6が不利(-7.0pt)、天気+0.8pt
42,13,尼崎,9,14:40,0.8083227521948743,3,0.3927171015547256,6,0.17424009392252643,0.45828440062485976,0.1547871754731791,0.412170020004073,0.3731605431014907,0.4444500864386237,1-3,1-6,0.11448194712743229,0.3174421683627097,0.11043839370344674,0.12511799568295107,0.14084223226214995,True,True,False,False,予選特賞,2026-10-02,1号艇のdominance,0.2629,1号艇のsession_exh_rel_avg,0.1013,1号艇の年齢,0.09,1号艇の級別順位,0.0752,1号艇の勝率順位,0.0714,3号艇のsession_exh_rel_avg,0.1227,3号艇のwin_rate_rank_2to6,0.0805,6号艇のracer_2nd_te,-0.0639,風向(度),0.0583,3号艇の当地勝率,0.0582,6号艇のwin_rate_rank_2to6,0.3153,6号艇のclass_rank_2to6,0.164,4号艇のsession_exh_rel_avg,0.069,場×風向,0.0661,6号艇の年齢,0.0629,0.0462,北 2.3m/s,[逃げ]1号艇のdominanceが有利(+26.3pt)、1号艇のsession_exh_rel_avgが有利(+10.1pt) / [2着]3号艇のsession_exh_rel_avgが有利(+12.3pt)、3号艇のwin_rate_rank_2to6が有利(+8.0pt) / [候補2]6号艇のwin_rate_rank_2to6が有利(+31.5pt)、6号艇のclass_rank_2to6が有利(+16.4pt) / [除外]2号艇のwin_rate_rank_2to6が不利(-5.7pt)、天気+4.6pt
43,14,鳴門,1,08:35,0.6188054179971559,2,0.4684251732305905,3,0.29748322376178205,0.47394826574839677,0.18242079198450184,0.5834876050078708,0.3701986441513923,0.506810067526239,1-2,1-3,0.28986403512134573,0.184084230627051,0.1128829744353419,0.030274856070721903,0.0016993307474993337,False,False,True,False,とるならなる,2026-10-02,場特性:in_escape_diff,-0.1764,1号艇のsession_exh_rel_avg,-0.1532,1号艇のdominance,0.1137,風速区分,-0.1135,1号艇のsession_exh_rel_last,-0.0941,2号艇のwin_rate_rank_2to6,0.2035,2号艇のsession_exh_rel_avg,-0.0745,2号艇のracer_avgfin_te,-0.0538,6号艇の直近平均着順,-0.0486,2号艇の体重,-0.0424,3号艇のsession_exh_rel_avg,0.0625,3号艇の節間得点,-0.0576,3号艇の当地勝率,-0.0571,3号艇の全国勝率,-0.0519,3号艇のwin_rate_rank_2to6,0.0387,-0.0918,北 6.5m/s,[逃げ]場特性:in_escape_diffが不利(-17.6pt)、1号艇のsession_exh_rel_avgが不利(-15.3pt) / [2着]2号艇のwin_rate_rank_2to6が有利(+20.4pt)、2号艇のsession_exh_rel_avgが不利(-7.5pt) / [候補2]3号艇のsession_exh_rel_avgが有利(+6.2pt)、3号艇の節間得点が不利(-5.8pt) / [除外]6号艇の直近平均着順が不利(-25.4pt)、6号艇の全国勝率が不利(-16.8pt)、天気-9.2pt
44,23,唐津,12,14:22,0.7123345715372817,3,0.46305647523790544,4,0.2208305439112061,0.4871563667654912,0.20095315373745254,0.482933865411659,0.3696816368477257,0.4858896163593415,1-3,1-4,0.14314587866663375,0.3298511358861573,0.15730523087933387,0.05714523604373535,0.02488710731016636,True,True,False,False,からっキー選,2026-10-02,1号艇のdominance,0.1555,4号艇のモーター2連率,-0.1072,風速区分,-0.1051,1号艇のsession_exh_rel_avg,0.1,race_no,0.0858,3号艇の当地勝率,0.0948,1号艇vs3号艇の直近複勝率差,0.0544,3号艇のwin_rate_rank_2to6,0.053,3号艇のcumulative_diff_rank_2to6,0.0479,3号艇の節間得点,0.0457,4号艇のモーター2連率,0.0766,4号艇のclass_rank_2to6,-0.0712,4号艇のsession_exh_rel_avg,0.0637,4号艇のwin_rate_rank_2to6,-0.0598,4号艇の節間得点,0.0362,-0.0256,北東 6.1m/s,[逃げ]1号艇のdominanceが有利(+15.5pt)、4号艇のモーター2連率が不利(-10.7pt) / [2着]3号艇の当地勝率が有利(+9.5pt)、1号艇vs3号艇の直近複勝率差が有利(+5.4pt) / [候補2]4号艇のモーター2連率が有利(+7.7pt)、4号艇のclass_rank_2to6が不利(-7.1pt) / [除外]6号艇のwin_rate_rank_2to6が不利(-7.3pt)、天気-2.6pt
45,22,福岡,1,11:04,0.7716190016518714,3,0.378201436238566,2,0.2556208549043485,0.4890693235163975,0.2036235445114044,0.43019874663151014,0.36956608851695316,0.47140815045093126,1-3,1-2,0.19724190886269125,0.2918274146537062,0.08454716352203481,0.15711979612870525,0.04088272279649105,True,True,False,False,カタメン１予,2026-10-02,1号艇のdominance,0.3199,1号艇のsession_exh_rel_avg,-0.1964,1号艇のracer_win_te,0.1297,1号艇の勝率順位,0.0933,1号艇の級別順位,0.0847,3号艇のwin_rate_rank_2to6,0.1068,風向(度),0.0578,6号艇のracer_2nd_te,-0.0574,3号艇の当地勝率,-0.0528,場特性:1x_diff_course3,0.0478,2号艇のwin_rate_rank_2to6,-0.1534,2号艇の全国勝率,-0.1376,2号艇のsession_exh_rel_avg,-0.1215,2号艇のsession_avg_finish,0.0701,second_best_win_rate,0.0684,0.0286,北 5.0m/s,[逃げ]1号艇のdominanceが有利(+32.0pt)、1号艇のsession_exh_rel_avgが不利(-19.6pt) / [2着]3号艇のwin_rate_rank_2to6が有利(+10.7pt)、風向(度)が有利(+5.8pt) / [候補2]2号艇のwin_rate_rank_2to6が不利(-15.3pt)、2号艇の全国勝率が不利(-13.8pt) / [除外]1号艇vs6号艇の枠別平均ST差が不利(-5.3pt)、天気+2.9pt
46,15,丸亀,4,16:36,0.5524058725216165,3,0.41967093887906776,2,0.38149099420377786,0.44256655667573436,0.1552573730860337,0.645904559996812,0.36011249146948743,0.5035679576720576,1-3,1-2,0.21073786551227686,0.23182869116345745,0.023421959119373312,0.0857650846450046,0.0006522633677015765,True,False,False,False,一般,2026-10-02,1号艇のracer_win_te,-0.1636,1号艇のdominance,-0.1473,1号艇のsession_exh_rel_avg,0.121,1号艇のモーター2連率,0.0907,3号艇の枠別出走数,-0.0824,4号艇の節間得点,0.1288,3号艇のsession_exh_rel_avg,-0.1173,1号艇vs2号艇の枠別勝率差,0.0938,3号艇のモーター2連率,0.0821,3号艇の女子戦勝率,0.0794,2号艇のsession_exh_rel_avg,-0.1094,1号艇vs4号艇のcumulative差,0.0812,2号艇のwin_rate_rank_2to6,-0.0538,3号艇のracer_avgfin_te,0.0508,1号艇のモーター出走数,0.0395,0.031,西 1.4m/s,[逃げ]1号艇のracer_win_teが不利(-16.4pt)、1号艇のdominanceが不利(-14.7pt) / [2着]4号艇の節間得点が有利(+12.9pt)、3号艇のsession_exh_rel_avgが不利(-11.7pt) / [候補2]2号艇のsession_exh_rel_avgが不利(-10.9pt)、1号艇vs4号艇のcumulative差が有利(+8.1pt) / [除外]6号艇の直近平均着順が不利(-20.2pt)、6号艇の全国勝率が不利(-13.8pt)、天気+3.1pt
47,22,福岡,12,16:31,0.8325575757251609,4,0.3384447649377739,2,0.30522658149833937,0.5358934557526006,0.27748875337447687,0.36618259306163636,0.3574481673786052,0.4849801969453113,1-4,1-2,0.25411870273913567,0.23102536380045152,0.281774753013465,0.05544922358080915,0.010189541895855518,True,False,False,False,福岡選抜,2026-10-02,1号艇のdominance,0.2547,1号艇のracer_win_te,0.1733,1号艇の全国勝率,0.1492,1号艇のsession_exh_rel_avg,0.1305,race_no,0.1023,4号艇のwin_rate_rank_2to6,0.2157,4号艇のclass_rank_2to6,0.1825,4号艇の全国勝率,0.1606,2号艇の枠別勝率,-0.1132,4号艇のsession_exh_rel_avg,0.0914,2号艇のsession_exh_rel_avg,0.1219,2号艇の当地勝率,0.0858,2号艇のclass_rank_2to6,-0.0722,2号艇の全国勝率,0.0539,2号艇のcumulative_diff_rank_2to6,-0.0439,0.1018,北東 2.9m/s,[逃げ]1号艇のdominanceが有利(+25.5pt)、1号艇のracer_win_teが有利(+17.3pt) / [2着]4号艇のwin_rate_rank_2to6が有利(+21.6pt)、4号艇のclass_rank_2to6が有利(+18.2pt) / [候補2]2号艇のsession_exh_rel_avgが有利(+12.2pt)、2号艇の当地勝率が有利(+8.6pt) / [除外]4号艇の当地2連率が不利(-11.1pt)、6号艇のwin_rate_rank_2to6が不利(-8.7pt)、天気+10.2pt
48,16,児島,12,16:50,0.8413353331692056,2,0.3033951113441994,3,0.267946105183978,0.48068955276103337,0.21439800255024466,0.3569432139779327,0.35701889681055016,0.44356565112610313,1-2,1-3,0.25525702708468023,0.22543252567635313,0.1803806149064223,0.15281430117793277,0.027450865890926403,True,False,False,False,準優勝戦,2026-10-02,1号艇のdominance,0.2532,1号艇のracer_win_te,0.1401,race_no,0.1316,1号艇の全国勝率,0.1186,レース時間帯,0.09,2号艇のwin_rate_rank_2to6,-0.1384,1号艇の全国勝率,-0.0868,5号艇のsession_rank_diff_last,-0.0834,2号艇の当地勝率,0.0696,2号艇の全国勝率,0.0566,3号艇のwin_rate_rank_2to6,-0.1158,4号艇の当地2連率,0.1024,3号艇の当地勝率,0.0679,6号艇のracer_2nd_te,-0.0627,3号艇のcumulative_diff_rank_2to6,-0.0583,-0.009,北 4.2m/s,[逃げ]1号艇のdominanceが有利(+25.3pt)、1号艇のracer_win_teが有利(+14.0pt) / [2着]2号艇のwin_rate_rank_2to6が不利(-13.8pt)、1号艇の全国勝率が不利(-8.7pt) / [候補2]3号艇のwin_rate_rank_2to6が不利(-11.6pt)、4号艇の当地2連率が有利(+10.2pt) / [除外]1号艇vs5号艇のlocal_win_rate差が不利(-14.7pt)、4号艇の当地2連率が不利(-14.5pt)、天気-0.9pt
49,19,下関,10,19:49,0.7462396143389883,3,0.33841434433355444,2,0.23751193978845242,0.42977900815089304,0.149623045468556,0.4263032386534509,0.35261319525730267,0.4287362773016604,1-3,1-2,0.17724081834863975,0.2525381898022533,0.09594534134696858,0.11165464374668015,0.1088606210944466,True,False,False,False,予選特賞,2026-10-02,1号艇のdominance,0.1512,1号艇の女子戦比率,-0.1345,場特性:in_escape_diff,0.0868,ST差分(4-3),-0.0765,1号艇の級別順位,0.0754,3号艇のwin_rate_rank_2to6,-0.062,2号艇のracer_avgfin_te,0.0545,場特性:1x_diff_course3,0.0528,3号艇の全国勝率,-0.0488,3号艇の性別,-0.044,2号艇のsession_exh_rel_avg,-0.1779,2号艇のwin_rate_rank_2to6,-0.1504,2号艇の全国勝率,-0.0886,2号艇の当地勝率,-0.0495,2号艇のracer_2nd_te,-0.0484,0.1326,北 2.6m/s,[逃げ]1号艇のdominanceが有利(+15.1pt)、1号艇の女子戦比率が不利(-13.4pt) / [2着]3号艇のwin_rate_rank_2to6が不利(-6.2pt)、2号艇のracer_avgfin_teが有利(+5.5pt) / [候補2]2号艇のsession_exh_rel_avgが不利(-17.8pt)、2号艇のwin_rate_rank_2to6が不利(-15.0pt)、天気+13.3pt
50,24,大村,6,19:56,0.8137139331833463,3,0.3497209645508306,5,0.24706056250586766,0.48560944363246955,0.23422807335380932,0.36255345370288894,0.3491174063711312,0.4486926466535953,1-3,1-5,0.19059464683068553,0.28457282158133,0.08574414669480337,0.20103662205113954,0.05176570360368932,True,False,False,False,一般,2026-10-02,1号艇のdominance,0.3283,場特性:in_escape_diff,0.1195,1号艇の勝率順位,0.0939,1号艇のvs_max234_diff,0.0934,1号艇のlocal_win_rate順位,0.0792,3号艇のモーター2連率,0.1208,3号艇のwin_rate_rank_2to6,-0.1091,3号艇のsession_exh_rel_avg,0.1049,3号艇の全国勝率,-0.1027,3号艇のracer_avgfin_te,-0.0734,5号艇のwin_rate_rank_2to6,0.2199,5号艇のracer_avgfin_te,-0.1229,5号艇の年齢,0.1105,mean_234_全国勝率,0.1089,5号艇のsession_exh_rel_avg,0.0863,-0.0182,北 5.8m/s,[逃げ]1号艇のdominanceが有利(+32.8pt)、場特性:in_escape_diffが有利(+11.9pt) / [2着]3号艇のモーター2連率が有利(+12.1pt)、3号艇のwin_rate_rank_2to6が不利(-10.9pt) / [候補2]5号艇のwin_rate_rank_2to6が有利(+22.0pt)、5号艇のracer_avgfin_teが不利(-12.3pt)、天気-1.8pt
51,04,平和島,12,16:40,0.6601443831891226,2,0.4069857062028703,3,0.31005167071756434,0.4733481969106867,0.21922685597542832,0.4978105209450062,0.34882343252224535,0.48068689412098253,1-2,1-3,0.2686693279880833,0.20467886892260345,0.14472137761638976,0.02241627433997593,0.019658545388602802,True,False,False,False,準優勝戦,2026-10-02,5号艇の枠別出走数,-0.1753,1号艇のracer_win_te,0.1582,場特性:in_escape_diff,-0.1516,1号艇のdominance,0.1501,1号艇の節間得点,0.1206,2号艇のwin_rate_rank_2to6,0.1691,2号艇のsession_exh_rel_avg,-0.0839,2号艇のracer_avgfin_te,0.0535,1号艇の年齢,0.0515,1号艇vs2号艇の枠別平均ST差,-0.0488,3号艇の女子戦勝率,0.0795,3号艇の節間得点,0.0761,3号艇のwin_rate_rank_2to6,-0.0516,3号艇のsession_exh_rel_avg,-0.0513,3号艇の年齢,-0.046,-0.0013,北東 2.1m/s,[逃げ]5号艇の枠別出走数が不利(-17.5pt)、1号艇のracer_win_teが有利(+15.8pt) / [2着]2号艇のwin_rate_rank_2to6が有利(+16.9pt)、2号艇のsession_exh_rel_avgが不利(-8.4pt) / [候補2]3号艇の女子戦勝率が有利(+8.0pt)、3号艇の節間得点が有利(+7.6pt) / [除外]1号艇vs6号艇のcumulative差が不利(-6.9pt)、1号艇vs5号艇の枠別平均ST差が不利(-6.2pt)、天気影響ほぼなし
52,13,尼崎,2,11:02,0.5784305491572372,4,0.39011251998746815,3,0.37880690175026455,0.444766483373422,0.18172010979477732,0.5871993119429553,0.34777886634343574,0.487496331944282,1-4,1-3,0.10511246290150648,0.21911348420395713,0.22565299916946488,0.019631494387665895,0.008920106070468406,True,True,False,False,予選,2026-10-02,1号艇の女子戦比率,-0.1682,1号艇のsession_exh_rel_avg,0.1333,5号艇の平均ST,0.1054,1号艇vs4号艇の枠別勝率差,-0.1029,1号艇の年齢,0.0857,4号艇のwin_rate_rank_2to6,0.1455,4号艇のclass_rank_2to6,0.1204,6号艇のsession_exh_rel_avg,0.0854,4号艇のsession_exh_rel_avg,0.0676,4号艇のcumulative_diff_rank_2to6,0.0672,3号艇のsession_exh_rel_avg,0.1095,3号艇のwin_rate_rank_2to6,0.0677,2号艇のvs_boat3_diff,0.0552,3号艇の女子戦勝率,0.0421,3号艇のclass_rank_2to6,0.0401,0.0536,北 3.6m/s,[逃げ]1号艇の女子戦比率が不利(-16.8pt)、1号艇のsession_exh_rel_avgが有利(+13.3pt) / [2着]4号艇のwin_rate_rank_2to6が有利(+14.5pt)、4号艇のclass_rank_2to6が有利(+12.0pt) / [候補2]3号艇のsession_exh_rel_avgが有利(+10.9pt)、3号艇のwin_rate_rank_2to6が有利(+6.8pt) / [除外]6号艇のwin_rate_rank_2to6が不利(-8.0pt)、6号艇のsession_exh_rel_avgが不利(-6.3pt)、天気+5.4pt
53,07,蒲郡,11,20:13,0.6831964439266871,3,0.4408012027309719,2,0.22653238784476748,0.4559199359941729,0.2011213718050128,0.4662122187707266,0.3458856444416909,0.459007620827139,1-3,1-2,0.15476612180976623,0.3011538141844067,0.1374054060148418,0.08308200395215104,0.006789094466001918,False,False,False,False,一般特選,2026-10-02,1号艇のsession_exh_rel_avg,0.1692,1号艇の節間得点,0.1007,1号艇の級別順位,0.0882,1号艇のdominance,0.0848,1号艇の年齢,-0.0782,3号艇の当地勝率,0.1209,3号艇のsession_exh_rel_avg,0.1028,3号艇のモーター2連率,0.0703,場特性:1x_diff_course3,0.0442,3号艇のwin_rate_rank_2to6,0.0433,2号艇のwin_rate_rank_2to6,-0.1396,2号艇のsession_exh_rel_avg,0.1357,2号艇のclass_rank_2to6,-0.0636,2号艇の全国勝率,0.0523,1号艇の年齢,0.0476,-0.0167,北西 5.5m/s,[逃げ]1号艇のsession_exh_rel_avgが有利(+16.9pt)、1号艇の節間得点が有利(+10.1pt) / [2着]3号艇の当地勝率が有利(+12.1pt)、3号艇のsession_exh_rel_avgが有利(+10.3pt) / [候補2]2号艇のwin_rate_rank_2to6が不利(-14.0pt)、2号艇のsession_exh_rel_avgが有利(+13.6pt) / [除外]6号艇のwin_rate_rank_2to6が不利(-7.8pt)、天気-1.7pt
54,18,徳山,5,10:37,0.6266992921809078,3,0.4016006223211439,4,0.283901067285507,0.4296034236653045,0.1644732891410593,0.5210284004655916,0.34481347792551337,0.45703091670539064,1-3,1-4,0.10307529388736765,0.251682825748073,0.17792059791723153,0.07871568396204418,0.015304870821778688,False,False,True,False,予選,2026-10-02,1号艇のdominance,0.4009,場特性:in_escape_diff,0.1452,4号艇の枠別勝率,-0.1377,1号艇vs4号艇の枠別平均ST差,-0.1131,1号艇のracer_win_te,0.0811,3号艇のwin_rate_rank_2to6,-0.0835,3号艇の当地勝率,-0.05,2号艇のracer_win_te,0.0443,場特性:1x_diff_course3,0.0414,3号艇のclass_rank_2to6,0.0379,4号艇のwin_rate_rank_2to6,0.1759,4号艇のclass_rank_2to6,-0.0914,3号艇の女子戦2連率,-0.0715,4号艇の年齢,0.0635,4号艇のcumulative_diff_rank_2to6,0.0481,0.0465,北 3.3m/s,[逃げ]1号艇のdominanceが有利(+40.1pt)、場特性:in_escape_diffが有利(+14.5pt) / [2着]3号艇のwin_rate_rank_2to6が不利(-8.3pt)、3号艇の当地勝率が不利(-5.0pt) / [候補2]4号艇のwin_rate_rank_2to6が有利(+17.6pt)、4号艇のclass_rank_2to6が不利(-9.1pt) / [除外]2号艇のwin_rate_rank_2to6が不利(-7.1pt)、6号艇のwin_rate_rank_2to6が不利(-7.1pt)、天気+4.7pt
55,07,蒲郡,10,19:42,0.7943704765361349,4,0.3590565215190692,2,0.2193531560124866,0.4594715711738541,0.2082058642460123,0.3702038132855435,0.34467396048658355,0.4326912438073609,1-4,1-2,0.17424767107134412,0.1653925915987226,0.28522390010251,0.10317434681954873,0.06633196990327012,True,False,False,False,一般特賞,2026-10-02,1号艇のdominance,0.1684,1号艇のvs_max234_frame_diff,0.1279,1号艇のracer_win_te,0.1185,4号艇のsession_exh_rel_avg,-0.0866,1号艇の勝率順位,0.0854,4号艇のclass_rank_2to6,0.16,5号艇の一般戦2連率,-0.0814,4号艇のsession_exh_rel_avg,0.0803,4号艇のwin_rate_rank_2to6,0.0785,3号艇の年齢,0.0508,2号艇のwin_rate_rank_2to6,-0.139,2号艇のモーター2連率,0.1243,2号艇のsession_exh_rel_avg,-0.0853,1号艇vs2号艇のplace_rate差,-0.0583,レース時間帯,-0.0583,-0.0306,北西 5.6m/s,[逃げ]1号艇のdominanceが有利(+16.8pt)、1号艇のvs_max234_frame_diffが有利(+12.8pt) / [2着]4号艇のclass_rank_2to6が有利(+16.0pt)、5号艇の一般戦2連率が不利(-8.1pt) / [候補2]2号艇のwin_rate_rank_2to6が不利(-13.9pt)、2号艇のモーター2連率が有利(+12.4pt) / [除外]1号艇vs3号艇の枠別勝率差が不利(-8.8pt)、天気-3.1pt
56,04,平和島,10,15:33,0.5426666558682748,2,0.4530287737824578,3,0.3182349343620297,0.41853909729133415,0.1544505578552263,0.6168131502892612,0.34096678081829085,0.4780213131907122,1-2,1-3,0.24584360968063154,0.17269548761070258,0.08381516772828515,0.02041079226062769,0.019901591512459904,True,False,False,False,準優勝戦,2026-10-02,1号艇のdominance,0.1533,3号艇のsession_exh_rel_avg,-0.1501,場特性:in_escape_diff,-0.1394,1号艇のsession_exh_rel_avg,-0.1188,1号艇のracer_win_te,0.109,2号艇のwin_rate_rank_2to6,0.1544,2号艇のsession_exh_rel_avg,-0.1169,3号艇のsession_exh_rel_last,0.0937,2号艇の節間得点,0.055,1号艇の年齢,0.0499,3号艇の一般戦2連率,0.0868,3号艇のwin_rate_rank_2to6,0.0589,3号艇の節間得点,0.0577,3号艇の年齢,-0.0454,3号艇の全国勝率,0.0394,0.0108,北東 1.5m/s,[逃げ]1号艇のdominanceが有利(+15.3pt)、3号艇のsession_exh_rel_avgが不利(-15.0pt) / [2着]2号艇のwin_rate_rank_2to6が有利(+15.4pt)、2号艇のsession_exh_rel_avgが不利(-11.7pt) / [候補2]3号艇の一般戦2連率が有利(+8.7pt)、3号艇のwin_rate_rank_2to6が有利(+5.9pt) / [除外]6号艇のwin_rate_rank_2to6が不利(-6.4pt)、天気+1.1pt
57,13,尼崎,4,12:02,0.4553830885740903,2,0.556726545322543,3,0.27068944987320886,0.37679125142784614,0.08198666821321657,0.7454293269825353,0.33972102024809714,0.48738267409425284,1-2,1-3,0.2535238537001629,0.12326739772768326,0.037335342192833756,0.035816254943871174,0.00544024106981063,True,True,False,False,予選,2026-10-02,1号艇の年齢,-0.1049,1号艇の級別順位,-0.096,1号艇の勝率順位,-0.0747,1号艇の節間得点,-0.0638,1号艇の女子戦比率,-0.0601,2号艇のwin_rate_rank_2to6,0.1611,2号艇の当地勝率,0.1049,2号艇のsession_exh_rel_avg,0.0868,3号艇の直近平均着順,0.0781,6号艇のsession_rank_diff_last,-0.0648,3号艇のsession_exh_rel_avg,0.1102,3号艇のwin_rate_rank_2to6,-0.0601,3号艇の当地勝率,-0.0562,3号艇の女子戦比率,-0.0479,3号艇の全国勝率,0.0458,0.064,北 4.0m/s,[逃げ]1号艇の年齢が不利(-10.5pt)、1号艇の級別順位が不利(-9.6pt) / [2着]2号艇のwin_rate_rank_2to6が有利(+16.1pt)、2号艇の当地勝率が有利(+10.5pt) / [候補2]3号艇のsession_exh_rel_avgが有利(+11.0pt)、3号艇のwin_rate_rank_2to6が不利(-6.0pt) / [除外]6号艇のwin_rate_rank_2to6が不利(-6.9pt)、2号艇のracer_2nd_teが不利(-5.4pt)、天気+6.4pt
58,12,住之江,12,20:31,0.7491027236815128,2,0.3224000377144241,3,0.3064673583240707,0.47108627920693696,0.23350210862269927,0.39536528741579546,0.3390867117612873,0.4483699816695945,1-2,1-3,0.24151074636689754,0.22957553284003948,0.0917086470788372,0.17491706555464046,0.011390733934066926,False,False,False,False,予選特別Ａ戦,2026-10-02,1号艇のracer_win_te,0.1561,1号艇のdominance,0.1369,1号艇のsession_exh_rel_avg,0.0905,race_no,0.0864,風速区分,0.0782,2号艇のsession_exh_rel_avg,-0.1163,2号艇のclass_rank_2to6,0.1051,レース時間帯,-0.0713,2号艇のracer_avgfin_te,0.067,2号艇のwin_rate_rank_2to6,0.0559,3号艇のwin_rate_rank_2to6,-0.1042,3号艇の当地勝率,0.0971,場特性:1x_diff_course3,0.0547,3号艇のracer_avgfin_te,0.0485,風向(度),0.0436,-0.0436,北 1.3m/s,[逃げ]1号艇のracer_win_teが有利(+15.6pt)、1号艇のdominanceが有利(+13.7pt) / [2着]2号艇のsession_exh_rel_avgが不利(-11.6pt)、2号艇のclass_rank_2to6が有利(+10.5pt) / [候補2]3号艇のwin_rate_rank_2to6が不利(-10.4pt)、3号艇の当地勝率が有利(+9.7pt) / [除外]6号艇のwin_rate_rank_2to6が不利(-9.2pt)、6号艇のvs_avg456_diffが不利(-5.2pt)、天気-4.4pt
59,15,丸亀,11,20:08,0.8420534161114523,4,0.3137953580876872,3,0.24172462060086444,0.4677774957728561,0.2337311493503238,0.32178882933822783,0.33657648970020904,0.42398089584246756,1-4,1-3,0.19681411276209623,0.20354504253520264,0.2642324532376535,0.14281074701723379,0.03465104330635244,False,False,False,False,特別選抜戦,2026-10-02,1号艇のsession_exh_rel_avg,0.1695,1号艇のracer_win_te,0.1483,1号艇のdominance,0.1463,1号艇の節間得点,0.0832,1号艇の級別順位,0.0817,4号艇のclass_rank_2to6,0.2036,4号艇のwin_rate_rank_2to6,0.1815,4号艇のモーター2連率,-0.087,4号艇のsession_exh_rel_avg,-0.0723,4号艇のcumulative_diff_rank_2to6,-0.0699,3号艇のwin_rate_rank_2to6,-0.1062,3号艇のモーター2連率,0.1051,3号艇のsession_exh_rel_avg,0.0606,3号艇のracer_win_te,-0.0517,3号艇の当地勝率,-0.0506,-0.0157,北東 4.6m/s,[逃げ]1号艇のsession_exh_rel_avgが有利(+16.9pt)、1号艇のracer_win_teが有利(+14.8pt) / [2着]4号艇のclass_rank_2to6が有利(+20.4pt)、4号艇のwin_rate_rank_2to6が有利(+18.2pt) / [候補2]3号艇のwin_rate_rank_2to6が不利(-10.6pt)、3号艇のモーター2連率が有利(+10.5pt) / [除外]2号艇のwin_rate_rank_2to6が不利(-5.1pt)、天気-1.6pt
60,12,住之江,10,19:24,0.7911347406438198,2,0.3546927455618998,5,0.24128895924404514,0.4715018314601128,0.24045754569919128,0.3555241591067536,0.3354504236374259,0.436708529754105,1-2,1-5,0.28060975326835796,0.19023431805257915,0.08991354272704158,0.19089207819175485,0.03948504398327648,True,False,False,False,予選特別Ｂ戦,2026-10-02,1号艇のracer_win_te,0.0959,1号艇のsession_exh_rel_avg,0.0937,風速区分,0.0843,1号艇のvs_max234_diff,0.0805,1号艇の級別順位,0.08,2号艇のsession_exh_rel_avg,0.1044,2号艇のclass_rank_2to6,-0.0764,風向(度),0.0619,2号艇のwin_rate_rank_2to6,-0.0534,6号艇の一般戦2連率,0.0475,5号艇のwin_rate_rank_2to6,0.2663,5号艇のclass_rank_2to6,0.1703,5号艇のracer_avgfin_te,0.0621,mean_234_全国勝率,0.0579,場特性:1x_diff_course6,-0.0566,0.1843,北 1.1m/s,[逃げ]1号艇のracer_win_teが有利(+9.6pt)、1号艇のsession_exh_rel_avgが有利(+9.4pt) / [2着]2号艇のsession_exh_rel_avgが有利(+10.4pt)、2号艇のclass_rank_2to6が不利(-7.6pt) / [候補2]5号艇のwin_rate_rank_2to6が有利(+26.6pt)、5号艇のclass_rank_2to6が有利(+17.0pt) / [除外]6号艇のsession_exh_rel_avgが不利(-6.3pt)、天気+18.4pt
61,23,唐津,5,10:28,0.8171469359925088,2,0.31314574993184685,4,0.25218449962984046,0.46195788125321313,0.23091471211431103,0.3344155374473763,0.3339504358629858,0.42369517811146207,1-2,1-4,0.25588609007588503,0.1886912494798015,0.2060717911773281,0.08831316561905092,0.07818465486099103,False,False,True,False,レッツ５特賞,2026-10-02,1号艇のdominance,0.2201,1号艇のsession_exh_rel_avg,0.1145,風速区分,-0.0952,1号艇のvs_max234_diff,0.0892,1号艇の勝率順位,0.081,2号艇のwin_rate_rank_2to6,-0.1377,4号艇の女子戦比率,0.1037,2号艇のsession_exh_rel_avg,-0.0791,2号艇の全国勝率,-0.0598,1号艇vs2号艇のplace_rate差,-0.0545,4号艇のclass_rank_2to6,-0.071,4号艇のwin_rate_rank_2to6,-0.0634,4号艇のモーター2連率,-0.0532,4号艇の年齢,0.0505,4号艇の節間得点,0.0467,-0.0977,北東 6.6m/s,[逃げ]1号艇のdominanceが有利(+22.0pt)、1号艇のsession_exh_rel_avgが有利(+11.5pt) / [2着]2号艇のwin_rate_rank_2to6が不利(-13.8pt)、4号艇の女子戦比率が有利(+10.4pt) / [候補2]4号艇のclass_rank_2to6が不利(-7.1pt)、4号艇のwin_rate_rank_2to6が不利(-6.3pt) / [除外]3号艇のsession_exh_rel_avgが不利(-5.3pt)、天気-9.8pt
62,06,浜名湖,10,15:51,0.5738912645233736,2,0.4199861134870476,3,0.25879196518432623,0.3895448098994607,0.12236038367758333,0.5564176949937906,0.3323469870207696,0.43960667542775966,1-2,1-3,0.24102636175133885,0.14851844814812185,0.07022155531629345,0.06055134767590285,0.05357354735589349,True,False,False,False,予選特賞,2026-10-02,1号艇の女子戦比率,-0.2782,1号艇のdominance,0.1793,1号艇のracer_win_te,0.1191,1号艇の勝率順位,0.0936,1号艇の級別順位,-0.0864,2号艇のsession_exh_rel_avg,-0.1271,2号艇のclass_rank_2to6,0.084,レース時間帯,-0.0737,2号艇のwin_rate_rank_2to6,0.071,1号艇の一般戦勝率,-0.063,3号艇のwin_rate_rank_2to6,-0.1187,3号艇のsession_exh_rel_avg,-0.0898,3号艇のcumulative_diff_rank_2to6,-0.0433,場特性:1x_diff_course3,-0.0408,3号艇のsession_rank_diff_delta,0.0283,-0.1363,北西 4.0m/s,[逃げ]1号艇の女子戦比率が不利(-27.8pt)、1号艇のdominanceが有利(+17.9pt) / [2着]2号艇のsession_exh_rel_avgが不利(-12.7pt)、2号艇のclass_rank_2to6が有利(+8.4pt) / [候補2]3号艇のwin_rate_rank_2to6が不利(-11.9pt)、3号艇のsession_exh_rel_avgが不利(-9.0pt) / [除外]1号艇vs5号艇の枠別平均ST差が不利(-7.2pt)、5号艇のsession_exh_rel_avgが不利(-6.4pt)、天気-13.6pt
63,18,徳山,3,09:43,0.7203765904960335,4,0.3077472049227959,3,0.2857072913782819,0.4275107266599113,0.19193971165874768,0.40151478464233004,0.3290431839325612,0.4197119440546369,1-4,1-3,0.10545994340704483,0.2058168444429435,0.22169388221696784,0.04913703731272115,0.13826887506552044,False,False,True,False,決めトク特賞,2026-10-02,場特性:in_escape_diff,0.1992,1号艇の勝率順位,-0.0749,1号艇の節間得点,-0.0697,1号艇の年齢,0.0563,場特性:1x_diff_course2,0.0558,4号艇のclass_rank_2to6,0.1212,4号艇のwin_rate_rank_2to6,0.0804,3号艇の女子戦勝率,0.0609,2号艇のracer_win_te,0.0522,4号艇の年齢,0.048,3号艇のwin_rate_rank_2to6,-0.0879,3号艇の当地勝率,-0.0595,3号艇のモーター2連率,-0.0417,2号艇のracer_avgfin_te,0.0381,5号艇の一般戦2連率,0.0362,0.0457,北 2.8m/s,[逃げ]場特性:in_escape_diffが有利(+19.9pt)、1号艇の勝率順位が不利(-7.5pt) / [2着]4号艇のclass_rank_2to6が有利(+12.1pt)、4号艇のwin_rate_rank_2to6が有利(+8.0pt) / [候補2]3号艇のwin_rate_rank_2to6が不利(-8.8pt)、3号艇の当地勝率が不利(-6.0pt) / [除外]2号艇のwin_rate_rank_2to6が不利(-5.9pt)、天気+4.6pt
64,04,平和島,9,15:02,0.47633199499652434,3,0.6411091338356596,2,0.16589275811366988,0.3844008211581937,0.1258007681866241,0.6812011237627054,0.32637131884626985,0.4734409119395472,1-3,1-2,0.07902002842776022,0.30538079273043345,0.059922930882429955,0.026496713611661914,0.0055115393256604025,True,False,False,False,一般,2026-10-02,場特性:in_escape_diff,-0.1683,1号艇のracer_win_te,0.1594,1号艇の年齢,-0.0895,1号艇のsession_exh_rel_avg,-0.083,6号艇の枠別出走数,-0.0792,3号艇のwin_rate_rank_2to6,0.1982,3号艇の当地勝率,0.093,3号艇のsession_rank_diff_delta,0.0661,3号艇の一般戦2連率,0.0655,2号艇のvs_boat3_diff,0.061,2号艇のwin_rate_rank_2to6,-0.1497,2号艇の全国勝率,-0.073,2号艇のracer_avgfin_te,-0.0589,2号艇の直近平均着順,-0.0474,2号艇のsession_exh_rel_avg,0.046,0.0526,東 1.4m/s,[逃げ]場特性:in_escape_diffが不利(-16.8pt)、1号艇のracer_win_teが有利(+15.9pt) / [2着]3号艇のwin_rate_rank_2to6が有利(+19.8pt)、3号艇の当地勝率が有利(+9.3pt) / [候補2]2号艇のwin_rate_rank_2to6が不利(-15.0pt)、2号艇の全国勝率が不利(-7.3pt) / [除外]6号艇の直近平均着順が不利(-10.8pt)、6号艇のwin_rate_rank_2to6が不利(-10.3pt)、天気+5.3pt
65,13,尼崎,6,13:03,0.5354511177258491,4,0.5637896943554581,3,0.20326114164769346,0.41071822749043446,0.17454161878804544,0.5925092172151062,0.3246933183401099,0.4652555244078359,1-4,1-3,0.09345850486973799,0.10883640548548959,0.3018818220049449,0.024273852655641356,0.007000528720613595,True,True,False,False,昼どきピンク,2026-10-02,1号艇のdominance,-0.1676,1号艇の年齢,-0.1285,1号艇のracer_win_te,0.0943,ST差分(4-3),-0.0874,1号艇のsession_avg_finish,0.0727,4号艇のwin_rate_rank_2to6,0.2679,4号艇のclass_rank_2to6,0.2092,5号艇の年齢,0.1909,1号艇の年齢,0.1284,4号艇の全国勝率,0.0908,3号艇のsession_exh_rel_avg,0.0847,3号艇の女子戦比率,-0.0776,3号艇の節間得点,-0.0558,3号艇のcumulative_diff_rank_2to6,-0.0517,3号艇の性別,-0.0421,0.0169,北 3.8m/s,[逃げ]1号艇のdominanceが不利(-16.8pt)、1号艇の年齢が不利(-12.9pt) / [2着]4号艇のwin_rate_rank_2to6が有利(+26.8pt)、4号艇のclass_rank_2to6が有利(+20.9pt) / [候補2]3号艇のsession_exh_rel_avgが有利(+8.5pt)、3号艇の女子戦比率が不利(-7.8pt) / [除外]6号艇のwin_rate_rank_2to6が不利(-8.3pt)、6号艇のsession_exh_rel_avgが不利(-7.0pt)、天気+1.7pt
66,19,下関,5,17:19,0.6347146391046103,3,0.4299194069026391,2,0.29170263443318906,0.45802407353640234,0.2432873477594372,0.4783346935763909,0.32430631906362867,0.4641172595483989,1-3,1-2,0.18514793234012566,0.2728761411962767,0.154418041131849,0.016887201570958403,0.005385307496174588,True,False,False,False,シーモ戦,2026-10-02,1号艇の女子戦比率,-0.1985,1号艇のdominance,0.1678,場特性:in_escape_diff,0.0911,1号艇の勝率順位,0.0896,1号艇の級別順位,0.0709,3号艇のwin_rate_rank_2to6,0.1592,3号艇の女子戦比率,-0.0654,場特性:1x_diff_course3,0.0557,風向(度),0.0534,6号艇のsession_rank_diff_last,0.0506,2号艇のsession_exh_rel_avg,0.0768,2号艇のclass_rank_2to6,-0.0547,2号艇の全国勝率,0.0388,2号艇の直近平均着順,-0.0315,場特性:in_escape_diff,0.0297,0.1149,北 3.9m/s,[逃げ]1号艇の女子戦比率が不利(-19.8pt)、1号艇のdominanceが有利(+16.8pt) / [2着]3号艇のwin_rate_rank_2to6が有利(+15.9pt)、3号艇の女子戦比率が不利(-6.5pt) / [候補2]2号艇のsession_exh_rel_avgが有利(+7.7pt)、2号艇のclass_rank_2to6が不利(-5.5pt) / [除外]6号艇のsession_exh_rel_avgが不利(-6.6pt)、6号艇のwin_rate_rank_2to6が不利(-6.6pt)、天気+11.5pt
67,12,住之江,9,18:52,0.5611124089556025,3,0.5363855350837579,4,0.22498807759773531,0.42721618192694255,0.20349251704080065,0.5578810956406925,0.32289382650989357,0.4664156560410675,1-3,1-4,0.11418217644120265,0.30097257971978725,0.1262436022071553,0.015163567334555098,0.0045504968398952595,True,False,False,False,予選,2026-10-02,3号艇のracer_win_te,-0.1516,4号艇のsession_exh_rel_avg,-0.0887,1号艇のdominance,0.0714,3号艇の直近1着率,-0.0686,場特性:in_escape_diff,0.0671,3号艇のwin_rate_rank_2to6,0.2117,3号艇のsession_exh_rel_avg,0.0603,2号艇のvs_boat3_diff,0.0592,3号艇のracer_avgfin_te,0.0554,3号艇の全国勝率,0.0436,5号艇の年齢,0.181,1号艇の女子戦2連率,-0.142,4号艇のclass_rank_2to6,0.071,4号艇のsession_exh_rel_avg,0.0612,4号艇のwin_rate_rank_2to6,0.0574,0.0631,北 1.3m/s,[逃げ]3号艇のracer_win_teが不利(-15.2pt)、4号艇のsession_exh_rel_avgが不利(-8.9pt) / [2着]3号艇のwin_rate_rank_2to6が有利(+21.2pt)、3号艇のsession_exh_rel_avgが有利(+6.0pt) / [候補2]5号艇の年齢が有利(+18.1pt)、1号艇の女子戦2連率が不利(-14.2pt) / [除外]6号艇のsession_exh_rel_avgが不利(-10.8pt)、6号艇のwin_rate_rank_2to6が不利(-7.7pt)、天気+6.3pt
68,18,徳山,7,11:38,0.5431164034142393,2,0.44247908340658454,3,0.2899246704324635,0.3977804926321516,0.1606788486151572,0.5717249052238909,0.3210825987629066,0.4499638164096733,1-2,1-3,0.2403176483658134,0.15746284426633822,0.049666612779886536,0.08726731836460519,0.008401979637595933,True,True,False,False,予選,2026-10-02,場特性:in_escape_diff,0.1696,1号艇のracer_win_te,-0.1568,1号艇の級別順位,-0.1088,1号艇のdominance,-0.0953,1号艇の勝率順位,-0.0818,2号艇のclass_rank_2to6,0.1316,2号艇のwin_rate_rank_2to6,0.0868,2号艇の全国勝率,0.0645,場特性:1x_diff_course2,0.0464,2号艇の当地勝率,-0.0392,3号艇のwin_rate_rank_2to6,-0.0829,風向(度),0.0651,場特性:1x_diff_course3,0.0508,3号艇のcumulative_diff_rank_2to6,0.0477,3号艇のモーター2連率,-0.0407,0.0231,北 3.1m/s,[逃げ]場特性:in_escape_diffが有利(+17.0pt)、1号艇のracer_win_teが不利(-15.7pt) / [2着]2号艇のclass_rank_2to6が有利(+13.2pt)、2号艇のwin_rate_rank_2to6が有利(+8.7pt) / [候補2]3号艇のwin_rate_rank_2to6が不利(-8.3pt)、風向(度)が有利(+6.5pt) / [除外]6号艇のwin_rate_rank_2to6が不利(-7.1pt)、4号艇のwin_rate_rank_2to6が不利(-5.9pt)、天気+2.3pt
69,15,丸亀,1,15:19,0.5240593233745015,2,0.5826792704114638,5,0.1452775850109626,0.3814925770985066,0.13726463646621112,0.5906922189562154,0.3186540492065252,0.4442524696558192,1-2,1-5,0.3053585041961799,0.06412853813307659,0.07193481250972952,0.07613407290232668,0.006503403442281175,True,False,False,False,一般,2026-10-02,2号艇のsession_exh_rel_avg,-0.2629,1号艇のdominance,-0.2223,1号艇のsession_exh_rel_avg,0.1304,1号艇のracer_win_te,-0.1255,1号艇の節間得点,0.1013,2号艇のsession_exh_rel_avg,0.1829,1号艇vs4号艇のcumulative差,0.1609,ST差分(6-5),0.0872,3号艇の年齢,0.06,2号艇のracer_avgfin_te,-0.0566,5号艇の年齢,0.1148,5号艇の枠別出走数,0.0972,5号艇のsession_exh_rel_avg,0.0863,1号艇の体重,-0.0823,4号艇のsession_exh_rel_avg,0.0754,0.0451,北 2.3m/s,[逃げ]2号艇のsession_exh_rel_avgが不利(-26.3pt)、1号艇のdominanceが不利(-22.2pt) / [2着]2号艇のsession_exh_rel_avgが有利(+18.3pt)、1号艇vs4号艇のcumulative差が有利(+16.1pt) / [候補2]5号艇の年齢が有利(+11.5pt)、5号艇の枠別出走数が有利(+9.7pt) / [除外]5号艇の直近平均着順が不利(-23.3pt)、ST差分(6-5)が不利(-8.2pt)、天気+4.5pt
70,16,児島,4,12:15,0.7157797714299843,2,0.38266375029962735,4,0.18457833975456855,0.4060204135644589,0.1795182790629556,0.3877238109912403,0.3185547104754335,0.4005314327924933,1-2,1-4,0.27390297172400785,0.12849555275518648,0.13211744184045107,0.10828026346260815,0.07298353631475586,True,True,False,False,一般,2026-10-02,1号艇のracer_win_te,0.1353,1号艇の級別順位,0.0812,1号艇の勝率順位,-0.072,1号艇の節間得点,-0.0626,1号艇のframe_dominance,0.056,2号艇のwin_rate_rank_2to6,-0.1381,2号艇の全国勝率,0.0825,2号艇のsession_exh_rel_avg,-0.0656,1号艇のframe_dominance,0.0441,2号艇のclass_rank_2to6,-0.0439,4号艇のsession_exh_rel_avg,-0.1457,2号艇のsession_exh_rel_delta,0.1122,4号艇のwin_rate_rank_2to6,-0.1114,4号艇のracer_win_te,0.1037,4号艇の節間得点,-0.0861,0.0838,北 3.3m/s,[逃げ]1号艇のracer_win_teが有利(+13.5pt)、1号艇の級別順位が有利(+8.1pt) / [2着]2号艇のwin_rate_rank_2to6が不利(-13.8pt)、2号艇の全国勝率が有利(+8.3pt) / [候補2]4号艇のsession_exh_rel_avgが不利(-14.6pt)、2号艇のsession_exh_rel_deltaが有利(+11.2pt)、天気+8.4pt
71,14,鳴門,10,13:00,0.4936231483421046,3,0.4636701927382547,2,0.30333948933115323,0.3786137340719778,0.13531849594664982,0.6316911861227581,0.3171336048247399,0.45453696968721186,1-3,1-2,0.1497353937401301,0.22887834033184773,0.06679634199810361,0.03572562789063676,0.012487437025828295,True,True,False,False,選抜戦,2026-10-02,1号艇の女子戦比率,-0.1956,1号艇のdominance,0.1603,場特性:in_escape_diff,-0.1385,4号艇のモーター2連率,-0.1304,1号艇の体重,-0.0978,3号艇のwin_rate_rank_2to6,0.1691,3号艇の当地勝率,0.1001,3号艇の節間得点,0.0734,3号艇の一般戦2連率,0.0508,風向(度),0.04,2号艇のsession_exh_rel_avg,-0.139,2号艇のclass_rank_2to6,0.0807,2号艇の当地勝率,0.0757,2号艇の節間得点,0.0592,1号艇の年齢,0.0556,0.0487,北 7.9m/s,[逃げ]1号艇の女子戦比率が不利(-19.6pt)、1号艇のdominanceが有利(+16.0pt) / [2着]3号艇のwin_rate_rank_2to6が有利(+16.9pt)、3号艇の当地勝率が有利(+10.0pt) / [候補2]2号艇のsession_exh_rel_avgが不利(-13.9pt)、2号艇のclass_rank_2to6が有利(+8.1pt) / [除外]6号艇のwin_rate_rank_2to6が不利(-6.5pt)、天気+4.9pt
72,19,下関,2,15:56,0.48224420912665567,2,0.4251125704353226,3,0.3416685692504178,0.3697757642809855,0.12615055954615462,0.6406305801395857,0.31379886079620156,0.45103220903856556,1-2,1-3,0.20500807531938184,0.1647676889616037,0.06083537681922042,0.027395166168351134,0.02423789107910058,True,False,False,False,予選,2026-10-02,場特性:1x_diff_course3,0.0971,1号艇のracer_win_te,-0.0865,場特性:in_escape_diff,0.0806,1号艇の全国勝率,-0.0645,1号艇の年齢,0.0594,2号艇のwin_rate_rank_2to6,0.2238,2号艇の女子戦比率,-0.0731,second_best_win_rate,0.0434,2号艇の体重,-0.04,2号艇のsession_exh_rel_avg,-0.0386,3号艇のsession_exh_rel_avg,0.1113,風向(度),0.0887,3号艇の女子戦比率,-0.0717,3号艇のwin_rate_rank_2to6,-0.0652,場特性:1x_diff_course3,0.0617,-0.0132,北 3.1m/s,[逃げ]場特性:1x_diff_course3が有利(+9.7pt)、1号艇のracer_win_teが不利(-8.7pt) / [2着]2号艇のwin_rate_rank_2to6が有利(+22.4pt)、2号艇の女子戦比率が不利(-7.3pt) / [候補2]3号艇のsession_exh_rel_avgが有利(+11.1pt)、風向(度)が有利(+8.9pt) / [除外]6号艇のsession_exh_rel_avgが不利(-7.1pt)、4号艇のwin_rate_rank_2to6が不利(-5.4pt)、天気-1.3pt
73,12,住之江,5,17:01,0.4879806043175036,2,0.5509461392983921,3,0.18932771797829567,0.36123928423432755,0.1262006332373979,0.6140732240392899,0.3065329325296117,0.43708946617581623,1-2,1-3,0.2688510300012249,0.09238825423310262,0.05333644218524504,0.061583461272437065,0.011821425714841077,True,False,False,False,予選,2026-10-02,1号艇のdominance,-0.1492,1号艇の級別順位,-0.0966,1号艇のモーター2連率順位,-0.0802,5号艇のsession_exh_rel_avg,-0.0673,1号艇の全国勝率,-0.0616,2号艇のwin_rate_rank_2to6,0.2038,2号艇のsession_exh_rel_avg,-0.095,2号艇のclass_rank_2to6,0.0928,2号艇の全国勝率,0.0482,win_rate_gap_top2_2to6,0.0423,3号艇のwin_rate_rank_2to6,-0.0949,3号艇の全国勝率,-0.0593,場特性:1x_diff_course3,0.0565,3号艇のcumulative_diff_rank_2to6,-0.0522,3号艇の節間得点,-0.0403,0.0539,北 2.6m/s,[逃げ]1号艇のdominanceが不利(-14.9pt)、1号艇の級別順位が不利(-9.7pt) / [2着]2号艇のwin_rate_rank_2to6が有利(+20.4pt)、2号艇のsession_exh_rel_avgが不利(-9.5pt) / [候補2]3号艇のwin_rate_rank_2to6が不利(-9.5pt)、3号艇の全国勝率が不利(-5.9pt) / [除外]6号艇のwin_rate_rank_2to6が不利(-5.6pt)、天気+5.4pt
74,18,徳山,12,14:27,0.7662438273672063,2,0.28665703508699264,3,0.2763144668329151,0.43137343832977465,0.24118515854453682,0.32178634337537093,0.30652439299121226,0.3984973098434535,1-2,1-3,0.2196491837067928,0.21172425462298186,0.18480663898733235,0.11470726927759545,0.03535647078182139,True,True,False,False,ドリーム戦,2026-10-02,場特性:in_escape_diff,0.2136,1号艇のracer_win_te,0.1041,race_no,0.0936,1号艇の級別順位,0.0789,1号艇の年齢,0.0685,2号艇の全国勝率,0.0634,2号艇の一般戦勝率,-0.0627,2号艇のsession_exh_rel_avg,-0.0616,場特性:in_escape_diff,0.0526,1号艇の女子戦2連率,0.0485,3号艇のwin_rate_rank_2to6,-0.0971,全艇平均勝率,-0.0521,3号艇のcumulative_diff_rank_2to6,0.0463,avg_456_win_rate,-0.039,場特性:1x_diff_course3,0.0368,0.1014,北東 3.7m/s,[逃げ]場特性:in_escape_diffが有利(+21.4pt)、1号艇のracer_win_teが有利(+10.4pt) / [2着]2号艇の全国勝率が有利(+6.3pt)、2号艇の一般戦勝率が不利(-6.3pt) / [候補2]3号艇のwin_rate_rank_2to6が不利(-9.7pt)、全艇平均勝率が不利(-5.2pt)、天気+10.1pt
75,13,尼崎,5,12:34,0.5537288813367485,2,0.5085474157569387,3,0.22139158381718757,0.4041883056782463,0.20762544893523027,0.5223135506388961,0.30348457157326714,0.43962587916644125,1-2,1-3,0.281597391633784,0.12259091404446226,0.11496820757594525,0.015587186840725735,0.018985196712837386,True,True,False,False,予選,2026-10-02,1号艇のsession_exh_rel_avg,0.1354,1号艇のsession_avg_finish,-0.0961,1号艇のモーター2連率順位,-0.0808,風向(度),-0.0711,1号艇vs4号艇のcumulative差,-0.0708,2号艇のwin_rate_rank_2to6,0.1921,2号艇のclass_rank_2to6,0.0882,4号艇の女子戦比率,0.0874,2号艇のsession_exh_rel_avg,-0.0558,2号艇の全国勝率,0.0498,3号艇の年齢,-0.0888,3号艇のwin_rate_rank_2to6,-0.0702,3号艇のモーター2連率,0.0561,3号艇の当地勝率,-0.048,3号艇のsession_exh_rel_avg,-0.0479,-0.0562,北 3.8m/s,[逃げ]1号艇のsession_exh_rel_avgが有利(+13.5pt)、1号艇のsession_avg_finishが不利(-9.6pt) / [2着]2号艇のwin_rate_rank_2to6が有利(+19.2pt)、2号艇のclass_rank_2to6が有利(+8.8pt) / [候補2]3号艇の年齢が不利(-8.9pt)、3号艇のwin_rate_rank_2to6が不利(-7.0pt) / [除外]6号艇のwin_rate_rank_2to6が不利(-6.4pt)、5号艇のracer_avgfin_teが不利(-5.5pt)、天気-5.6pt
76,07,蒲郡,8,18:40,0.4240126994476858,3,0.5708327325730436,2,0.21780767081389094,0.33439354633360596,0.07826599513732024,0.7103744082496143,0.3029875739280492,0.4471878049084085,1-3,1-2,0.09235321846221083,0.24204032787139515,0.03318577587313461,0.02353734366752341,0.032896028834710704,True,False,False,False,予選,2026-10-02,1号艇の年齢,-0.1133,3号艇のracer_win_te,-0.0895,1号艇のdominance,-0.0889,1号艇vs3号艇のcumulative差,-0.0874,4号艇のモーター2連率,-0.0752,3号艇のwin_rate_rank_2to6,0.211,3号艇のsession_exh_rel_avg,0.0845,3号艇の当地勝率,0.0735,3号艇の全国勝率,0.0729,3号艇のracer_win_te,0.0541,2号艇のsession_exh_rel_avg,-0.0901,2号艇のclass_rank_2to6,-0.058,2号艇の節間得点,-0.0494,2号艇の全国勝率,0.0494,3号艇の女子戦2連率,-0.0399,-0.0316,北西 5.8m/s,[逃げ]1号艇の年齢が不利(-11.3pt)、3号艇のracer_win_teが不利(-9.0pt) / [2着]3号艇のwin_rate_rank_2to6が有利(+21.1pt)、3号艇のsession_exh_rel_avgが有利(+8.4pt) / [候補2]2号艇のsession_exh_rel_avgが不利(-9.0pt)、2号艇のclass_rank_2to6が不利(-5.8pt) / [除外]3号艇のracer_avgfin_teが不利(-8.6pt)、3号艇の一般戦勝率が不利(-5.5pt)、天気-3.2pt
77,16,児島,5,12:47,0.7043457212484374,4,0.33099710431234153,3,0.2735109653059799,0.4257826722958172,0.24382895811474575,0.3606791115035756,0.3012008978527756,0.4062516040581447,1-4,1-3,0.17173988336458562,0.19264627812779675,0.23313639416802046,0.0665337795930145,0.04028937812334317,True,True,False,False,一般,2026-10-02,1号艇のracer_win_te,0.1481,ST差分(6-5),0.1033,1号艇の全国勝率,0.0714,1号艇の級別順位,0.07,3号艇のsession_exh_rel_avg,-0.0613,6号艇の女子戦勝率,0.1345,4号艇の当地勝率,0.1336,4号艇の全国勝率,0.1045,4号艇のsession_exh_rel_avg,0.1003,4号艇のclass_rank_2to6,-0.0984,3号艇のsession_exh_rel_avg,0.1215,6号艇のracer_2nd_te,-0.0744,3号艇のwin_rate_rank_2to6,-0.0647,3号艇の当地勝率,0.0524,1号艇vs6号艇の直近複勝率差,-0.0477,0.0316,北 3.9m/s,[逃げ]1号艇のracer_win_teが有利(+14.8pt)、ST差分(6-5)が有利(+10.3pt) / [2着]6号艇の女子戦勝率が有利(+13.4pt)、4号艇の当地勝率が有利(+13.4pt) / [候補2]3号艇のsession_exh_rel_avgが有利(+12.1pt)、6号艇のracer_2nd_teが不利(-7.4pt) / [除外]4号艇の当地2連率が不利(-11.2pt)、6号艇のsession_exh_rel_avgが不利(-5.7pt)、天気+3.2pt
78,24,大村,9,21:25,0.6812422757183583,2,0.35598826733970423,3,0.2799709414721265,0.4332422986750181,0.25521250193493294,0.3807467068768977,0.3005596774883467,0.41749362113558197,1-2,1-3,0.24251425737153542,0.19072804130348273,0.17386154560992964,0.06945735100390059,0.0046810912152671445,False,False,False,False,一般特選,2026-10-02,1号艇のdominance,0.3631,1号艇のsession_exh_rel_avg,0.1474,1号艇の女子戦比率,-0.1329,1号艇の体重,-0.1104,場特性:in_escape_diff,0.0942,2号艇のwin_rate_rank_2to6,-0.1493,2号艇の全国2連率,-0.1244,2号艇の全国勝率,-0.1193,2号艇の直近平均着順,-0.0711,ST差分(6-5),0.0613,3号艇のsession_exh_rel_avg,-0.1615,3号艇の全国勝率,-0.0931,3号艇のwin_rate_rank_2to6,-0.0723,3号艇のracer_avgfin_te,-0.0708,3号艇の当地勝率,-0.0677,0.0046,北 4.8m/s,[逃げ]1号艇のdominanceが有利(+36.3pt)、1号艇のsession_exh_rel_avgが有利(+14.7pt) / [2着]2号艇のwin_rate_rank_2to6が不利(-14.9pt)、2号艇の全国2連率が不利(-12.4pt) / [候補2]3号艇のsession_exh_rel_avgが不利(-16.2pt)、3号艇の全国勝率が不利(-9.3pt) / [除外]5号艇の直近平均着順が不利(-29.1pt)、ST差分(6-5)が不利(-8.6pt)、天気+0.5pt
79,04,平和島,8,14:35,0.7128525689700261,3,0.2971900772326961,4,0.25015559867715514,0.39017677118697275,0.1934661845780493,0.35387949133180185,0.2995935577079414,0.37928758723042144,1-3,1-4,0.13791286668529168,0.21185271002772788,0.17832406115924493,0.07540132777207863,0.10936160863684853,True,True,False,False,一般,2026-10-02,1号艇のdominance,0.3615,1号艇のvs_max234_diff,0.1804,1号艇の年齢,-0.1541,場特性:in_escape_diff,-0.1411,1号艇のlocal_win_rate順位,0.1056,3号艇のsession_exh_rel_avg,0.1227,3号艇のracer_avgfin_te,-0.0774,3号艇の全国勝率,-0.0701,3号艇のracer_win_te,-0.061,3号艇のwin_rate_rank_2to6,-0.0484,4号艇のwin_rate_rank_2to6,0.1251,4号艇のclass_rank_2to6,-0.0901,4号艇の節間得点,0.0867,4号艇の年齢,-0.0788,4号艇のsession_exh_rel_avg,-0.0762,0.0132,東 2.2m/s,[逃げ]1号艇のdominanceが有利(+36.2pt)、1号艇のvs_max234_diffが有利(+18.0pt) / [2着]3号艇のsession_exh_rel_avgが有利(+12.3pt)、3号艇のracer_avgfin_teが不利(-7.7pt) / [候補2]4号艇のwin_rate_rank_2to6が有利(+12.5pt)、4号艇のclass_rank_2to6が不利(-9.0pt)、天気+1.3pt
80,15,丸亀,10,19:36,0.6420043080815849,2,0.3722938741667044,3,0.2531518798097397,0.40153886852421217,0.21508961384200992,0.41035614013443417,0.2978986603160957,0.40418405000727875,1-2,1-3,0.2390142710874077,0.16252459743680447,0.13808845871017486,0.04468852369211923,0.05768844758846901,True,False,False,False,特別選抜戦,2026-10-02,1号艇のdominance,0.1583,1号艇vs2号艇のcumulative差,-0.0856,1号艇の級別順位,0.0739,3号艇の枠別出走数,-0.0661,1号艇の勝率順位,0.066,5号艇の年齢,-0.1209,1号艇vs3号艇の枠別平均ST差,-0.0763,2号艇のwin_rate_rank_2to6,0.0593,2号艇のclass_rank_2to6,-0.057,2号艇のモーター2連率,-0.0545,3号艇のsession_exh_rel_avg,-0.1605,3号艇のwin_rate_rank_2to6,-0.1013,3号艇のracer_avgfin_te,-0.0868,3号艇の年齢,0.0715,3号艇のracer_win_te,-0.0522,0.0086,北 5.1m/s,[逃げ]1号艇のdominanceが有利(+15.8pt)、1号艇vs2号艇のcumulative差が不利(-8.6pt) / [2着]5号艇の年齢が不利(-12.1pt)、1号艇vs3号艇の枠別平均ST差が不利(-7.6pt) / [候補2]3号艇のsession_exh_rel_avgが不利(-16.1pt)、3号艇のwin_rate_rank_2to6が不利(-10.1pt)、天気+0.9pt
81,16,児島,1,10:42,0.6693127796162315,3,0.3081578123732568,2,0.2680093534329764,0.38563604726937606,0.19090182530026054,0.3852653405059726,0.29729369687901436,0.38552483524035497,1-3,1-2,0.1793820853093744,0.20625396196000162,0.1277730313255296,0.11144960068375617,0.044454102830954065,False,False,True,False,一般,2026-10-02,3号艇のracer_win_te,-0.1333,1号艇のdominance,0.1204,1号艇のracer_win_te,0.1033,1号艇の級別順位,0.0665,1号艇のvs_max234_frame_diff,0.0604,3号艇のwin_rate_rank_2to6,-0.0887,1号艇のracer_win_te,0.0843,3号艇のsession_exh_rel_avg,0.0826,3号艇の節間得点,-0.072,3号艇のracer_win_te,0.0661,2号艇のsession_exh_rel_avg,-0.1159,2号艇のwin_rate_rank_2to6,0.0817,2号艇の節間得点,-0.0709,6号艇の一般戦勝率,0.0559,1号艇のframe_dominance,0.0515,0.0604,北 2.6m/s,[逃げ]3号艇のracer_win_teが不利(-13.3pt)、1号艇のdominanceが有利(+12.0pt) / [2着]3号艇のwin_rate_rank_2to6が不利(-8.9pt)、1号艇のracer_win_teが有利(+8.4pt) / [候補2]2号艇のsession_exh_rel_avgが不利(-11.6pt)、2号艇のwin_rate_rank_2to6が有利(+8.2pt) / [除外]3号艇の女子戦2連率が不利(-5.6pt)、天気+6.0pt
82,09,津,11,15:35,0.5356085858030604,3,0.3996584966591223,4,0.27344993481161567,0.36052265507215814,0.156895979084878,0.51621245238586,0.2926451891323669,0.4072295942662687,1-3,1-4,0.08403483347583805,0.21406052219976962,0.14646213287238852,0.08152076054880579,0.00953034269215085,True,False,False,False,予選特選,2026-10-02,1号艇の年齢,-0.1459,1号艇の級別順位,0.0784,1号艇vs3号艇のcumulative差,-0.0736,1号艇のdominance,0.0688,1号艇の勝率順位,-0.0686,3号艇のsession_exh_rel_avg,-0.11,3号艇のwin_rate_rank_2to6,-0.0601,3号艇の全国勝率,0.0418,3号艇の節間得点,0.0411,3号艇のcumulative_diff_rank_2to6,0.0391,4号艇のwin_rate_rank_2to6,0.1498,4号艇のsession_exh_rel_avg,0.0676,4号艇のcumulative_diff_rank_2to6,-0.0659,4号艇の年齢,0.0388,1号艇vs4号艇のcumulative差,0.035,0.0275,北西 3.6m/s,[逃げ]1号艇の年齢が不利(-14.6pt)、1号艇の級別順位が有利(+7.8pt) / [2着]3号艇のsession_exh_rel_avgが不利(-11.0pt)、3号艇のwin_rate_rank_2to6が不利(-6.0pt) / [候補2]4号艇のwin_rate_rank_2to6が有利(+15.0pt)、4号艇のsession_exh_rel_avgが有利(+6.8pt) / [除外]6号艇のwin_rate_rank_2to6が不利(-7.3pt)、6号艇のvs_avg456_diffが不利(-6.1pt)、天気+2.8pt
83,24,大村,8,20:59,0.7159178732763922,3,0.31031046395513534,4,0.29358189002453905,0.4323373297490027,0.2707312145060915,0.33316113947358283,0.29188067731788103,0.4025844726663767,1-3,1-4,0.19382131531873578,0.22215680741017105,0.21018052233883167,0.058750740186039416,0.031008481355109457,False,False,False,False,一般,2026-10-02,1号艇のdominance,0.2203,場特性:in_escape_diff,0.1685,3号艇のsession_exh_rel_avg,-0.1327,1号艇の勝率順位,0.0702,1号艇の級別順位,0.0664,3号艇のsession_exh_rel_avg,0.1501,3号艇のwin_rate_rank_2to6,-0.0975,場特性:1x_diff_course3,0.0528,3号艇の当地勝率,-0.052,風向(度),0.0418,4号艇のwin_rate_rank_2to6,0.1848,4号艇のsession_exh_rel_avg,0.0859,4号艇のclass_rank_2to6,-0.0699,4号艇のcumulative_diff_rank_2to6,0.0646,4号艇のsession_rank_diff_last,0.0611,-0.0346,北 5.0m/s,[逃げ]1号艇のdominanceが有利(+22.0pt)、場特性:in_escape_diffが有利(+16.8pt) / [2着]3号艇のsession_exh_rel_avgが有利(+15.0pt)、3号艇のwin_rate_rank_2to6が不利(-9.7pt) / [候補2]4号艇のwin_rate_rank_2to6が有利(+18.5pt)、4号艇のsession_exh_rel_avgが有利(+8.6pt) / [除外]6号艇のsession_exh_rel_avgが不利(-6.4pt)、天気-3.5pt
84,22,福岡,9,15:12,0.588790557848818,4,0.40204004669981297,5,0.2230195326818709,0.3680291784328892,0.18279394970319274,0.44226562967849115,0.2873009698747665,0.3903001138065697,1-4,1-5,0.08993638402325496,0.10762735161713162,0.2367173833739477,0.13131179505894147,0.02319764706566585,True,False,False,False,予選特賞,2026-10-02,1号艇のvs_max234_frame_diff,0.1062,1号艇の勝率順位,-0.0952,1号艇のracer_win_te,0.0744,1号艇のlocal_win_rate順位,-0.0603,1号艇の節間得点,-0.053,4号艇のclass_rank_2to6,0.2225,4号艇のwin_rate_rank_2to6,0.2128,4号艇の全国勝率,0.0962,4号艇のsession_exh_rel_avg,-0.0782,4号艇の年齢,0.0564,5号艇の年齢,0.105,5号艇のsession_exh_rel_avg,0.0948,5号艇のwin_rate_rank_2to6,0.0948,5号艇のclass_rank_2to6,0.0736,avg_456_win_rate,0.0575,-0.023,北東 4.8m/s,[逃げ]1号艇のvs_max234_frame_diffが有利(+10.6pt)、1号艇の勝率順位が不利(-9.5pt) / [2着]4号艇のclass_rank_2to6が有利(+22.3pt)、4号艇のwin_rate_rank_2to6が有利(+21.3pt) / [候補2]5号艇の年齢が有利(+10.5pt)、5号艇のsession_exh_rel_avgが有利(+9.5pt) / [除外]2号艇のwin_rate_rank_2to6が不利(-5.1pt)、天気-2.3pt
85,16,児島,9,15:05,0.6113789752933403,2,0.33514668793049807,3,0.28676739991580935,0.38022519774796787,0.2075893341110931,0.4143247537352143,0.28550836301265664,0.3904550645441418,1-2,1-3,0.2049016386399048,0.17532355910806305,0.12691575437066693,0.0719973840629487,0.032240650499577625,True,False,False,False,一般,2026-10-02,1号艇のsession_exh_rel_avg,0.1257,1号艇の年齢,-0.0964,1号艇の級別順位,0.0913,1号艇の勝率順位,-0.0828,1号艇のracer_win_te,0.0636,2号艇のwin_rate_rank_2to6,-0.1349,2号艇のsession_exh_rel_avg,0.1147,6号艇のsession_rank_diff_delta,-0.0766,2号艇の全国勝率,0.0719,5号艇のsession_rank_diff_delta,0.0583,3号艇の当地勝率,0.0758,3号艇のcumulative_diff_rank_2to6,-0.0673,3号艇のwin_rate_rank_2to6,-0.0548,avg_456_win_rate,-0.0389,3号艇の全国勝率,0.0359,-0.0385,北 4.8m/s,[逃げ]1号艇のsession_exh_rel_avgが有利(+12.6pt)、1号艇の年齢が不利(-9.6pt) / [2着]2号艇のwin_rate_rank_2to6が不利(-13.5pt)、2号艇のsession_exh_rel_avgが有利(+11.5pt) / [候補2]3号艇の当地勝率が有利(+7.6pt)、3号艇のcumulative_diff_rank_2to6が不利(-6.7pt) / [除外]6号艇のwin_rate_rank_2to6が不利(-5.3pt)、天気-3.9pt
86,23,唐津,3,09:35,0.5851545978166084,3,0.4124889305546837,5,0.22651170025385836,0.3739141571253315,0.2009600888436483,0.4380405419648938,0.2837439704423661,0.3931520725772002,1-3,1-5,0.11759271996449491,0.24136979426252886,0.06813727418505831,0.13254436286280263,0.025510441092046792,False,False,True,False,３ライズ戦,2026-10-02,1号艇の女子戦比率,-0.1218,1号艇のsession_exh_rel_avg,0.1169,1号艇のvs_max234_diff,0.0631,風速区分,-0.0621,avg_entry_count,-0.0587,3号艇のsession_exh_rel_avg,0.1075,6号艇のモーター出走数,0.055,3号艇のcumulative_diff_rank_2to6,0.0494,3号艇の全国勝率,0.0451,場特性:1x_diff_course3,-0.0389,5号艇のwin_rate_rank_2to6,0.2786,5号艇のclass_rank_2to6,0.1613,5号艇のsession_exh_rel_avg,-0.0979,5号艇のracer_avgfin_te,0.0621,5号艇のracer_win_te,0.0496,-0.0586,北東 6.3m/s,[逃げ]1号艇の女子戦比率が不利(-12.2pt)、1号艇のsession_exh_rel_avgが有利(+11.7pt) / [2着]3号艇のsession_exh_rel_avgが有利(+10.7pt)、6号艇のモーター出走数が有利(+5.5pt) / [候補2]5号艇のwin_rate_rank_2to6が有利(+27.9pt)、5号艇のclass_rank_2to6が有利(+16.1pt) / [除外]6号艇のsession_exh_rel_avgが不利(-5.9pt)、2号艇のwin_rate_rank_2to6が不利(-5.4pt)、天気-5.9pt
87,06,浜名湖,2,11:52,0.36552265517072374,2,0.5596418151871798,3,0.2784478727477307,0.30634076800517174,0.06272572530536832,0.7753639626295421,0.28328223176869816,0.4470477263924828,1-2,1-3,0.20456176223178144,0.10177900577339033,0.022927673661127686,0.017694208408797367,0.018559998287236913,True,True,False,False,予選,2026-10-02,1号艇のdominance,-0.094,1号艇の級別順位,-0.089,1号艇の年齢,-0.0878,1号艇のモーター2連率順位,-0.0694,1号艇の全国勝率,-0.0629,2号艇のwin_rate_rank_2to6,0.1934,2号艇の当地勝率,0.0832,2号艇のclass_rank_2to6,0.0736,2号艇のracer_avgfin_te,0.0554,2号艇の全国勝率,0.0453,3号艇の女子戦比率,-0.0978,3号艇のモーター2連率,0.075,3号艇のwin_rate_rank_2to6,0.0546,3号艇の体重,-0.0356,3号艇の全国勝率,0.0327,-0.0841,北西 5.2m/s,[逃げ]1号艇のdominanceが不利(-9.4pt)、1号艇の級別順位が不利(-8.9pt) / [2着]2号艇のwin_rate_rank_2to6が有利(+19.3pt)、2号艇の当地勝率が有利(+8.3pt) / [候補2]3号艇の女子戦比率が不利(-9.8pt)、3号艇のモーター2連率が有利(+7.5pt) / [除外]1号艇vs5号艇の枠別平均ST差が不利(-6.4pt)、4号艇のwin_rate_rank_2to6が不利(-6.2pt)、天気-8.4pt
88,16,児島,3,11:43,0.5885461822623954,3,0.34609929456411714,2,0.30174113708572414,0.3812840127627364,0.2162743978894064,0.4315660337604349,0.2823296484205953,0.3963686190620459,1-3,1-2,0.17758859426331705,0.20369541849941936,0.1272874711989084,0.05693091995239808,0.02304378382961597,True,True,False,False,一般,2026-10-02,1号艇のracer_win_te,0.0721,3号艇の全国2連率,0.067,1号艇の節間得点,-0.0625,1号艇の級別順位,0.0615,1号艇の勝率順位,-0.0602,3号艇のwin_rate_rank_2to6,0.1541,3号艇の当地勝率,0.1035,6号艇のracer_2nd_te,-0.0616,3号艇の全国勝率,0.0569,3号艇の節間得点,-0.0564,2号艇のwin_rate_rank_2to6,-0.1497,2号艇の全国勝率,0.0781,2号艇のsession_exh_rel_avg,0.0633,2号艇のclass_rank_2to6,-0.0497,4号艇のsession_rank_diff_delta,-0.0489,0.0893,北 2.8m/s,[逃げ]1号艇のracer_win_teが有利(+7.2pt)、3号艇の全国2連率が有利(+6.7pt) / [2着]3号艇のwin_rate_rank_2to6が有利(+15.4pt)、3号艇の当地勝率が有利(+10.3pt) / [候補2]2号艇のwin_rate_rank_2to6が不利(-15.0pt)、2号艇の全国勝率が有利(+7.8pt) / [除外]4号艇の女子戦2連率が不利(-13.7pt)、6号艇のsession_exh_rel_avgが不利(-7.0pt)、天気+8.9pt
89,12,住之江,1,15:18,0.5139284747105473,2,0.3619008169309341,3,0.33787298938065347,0.3596336849201081,0.17964947331772224,0.5201243329938654,0.2821040824202572,0.4077808793422353,1-2,1-3,0.18599113484181598,0.17364255007829216,0.09232697980473015,0.036357929539641405,0.02560986895887098,True,False,False,False,予選,2026-10-02,1号艇のdominance,0.1777,1号艇の勝率順位,0.0869,1号艇の直近1着率,-0.0744,1号艇のvs_max234_diff,0.0673,場特性:in_escape_diff,0.0655,2号艇のwin_rate_rank_2to6,0.1554,2号艇のsession_exh_rel_avg,0.0691,2号艇の全国勝率,-0.0672,2号艇のclass_rank_2to6,-0.0493,second_best_win_rate,0.0437,3号艇のモーター2連率,0.0616,3号艇のwin_rate_rank_2to6,-0.0485,3号艇の全国勝率,-0.0411,3号艇の年齢,-0.0345,2号艇のracer_win_te,0.0303,0.0419,北 2.2m/s,[逃げ]1号艇のdominanceが有利(+17.8pt)、1号艇の勝率順位が有利(+8.7pt) / [2着]2号艇のwin_rate_rank_2to6が有利(+15.5pt)、2号艇のsession_exh_rel_avgが有利(+6.9pt) / [候補2]3号艇のモーター2連率が有利(+6.2pt)、3号艇のwin_rate_rank_2to6が不利(-4.8pt) / [除外]5号艇のsession_exh_rel_avgが不利(-5.5pt)、4号艇のwin_rate_rank_2to6が不利(-5.0pt)、天気+4.2pt
90,16,児島,2,11:12,0.665555492681303,2,0.3217766498656423,4,0.2718969895433354,0.3951227515687443,0.24527602832146245,0.3483976110875152,0.27882578452366896,0.38110520942437554,1-2,1-4,0.2141602167346667,0.16324480787240417,0.18096253483407768,0.06982930157398527,0.03735864406310634,True,True,False,False,一般,2026-10-02,1号艇のdominance,0.1971,1号艇のracer_win_te,0.1164,1号艇の全国勝率,0.0946,1号艇の勝率順位,0.0748,1号艇の級別順位,0.0656,2号艇のsession_exh_rel_avg,-0.1093,2号艇のwin_rate_rank_2to6,0.0799,2号艇の当地勝率,0.0707,2号艇の節間得点,-0.0649,2号艇の全国勝率,0.0634,4号艇のwin_rate_rank_2to6,0.1722,4号艇のclass_rank_2to6,-0.0967,4号艇の当地勝率,0.0817,4号艇の全国勝率,0.0767,4号艇のsession_exh_rel_avg,-0.069,0.0621,北 2.5m/s,[逃げ]1号艇のdominanceが有利(+19.7pt)、1号艇のracer_win_teが有利(+11.6pt) / [2着]2号艇のsession_exh_rel_avgが不利(-10.9pt)、2号艇のwin_rate_rank_2to6が有利(+8.0pt) / [候補2]4号艇のwin_rate_rank_2to6が有利(+17.2pt)、4号艇のclass_rank_2to6が不利(-9.7pt)、天気+6.2pt
91,04,平和島,7,14:05,0.5096218047462655,3,0.4686216006083036,2,0.20706618595603288,0.34434522923392663,0.15991599550573762,0.5157717910585988,0.2782656570772129,0.39577319778132825,1-3,1-2,0.10552544338883929,0.2388197858450873,0.028808685057366955,0.054971220760743504,0.08149667823742969,True,True,False,False,一般,2026-10-02,場特性:in_escape_diff,-0.1902,3号艇のsession_exh_rel_avg,-0.1288,6号艇の枠別出走数,-0.0975,1号艇の勝率順位,-0.083,1号艇のlocal_win_rate順位,0.0606,3号艇のsession_exh_rel_avg,0.1285,3号艇のsession_exh_rel_last,0.0596,3号艇の節間得点,-0.0587,3号艇のwin_rate_rank_2to6,0.0541,3号艇のcumulative_diff_rank_2to6,0.0345,2号艇のwin_rate_rank_2to6,-0.1895,2号艇の全国勝率,-0.0809,2号艇のsession_exh_rel_avg,0.0662,2号艇の節間得点,-0.0656,2号艇のsession_avg_finish,-0.0616,0.0227,東 2.6m/s,[逃げ]場特性:in_escape_diffが不利(-19.0pt)、3号艇のsession_exh_rel_avgが不利(-12.9pt) / [2着]3号艇のsession_exh_rel_avgが有利(+12.8pt)、3号艇のsession_exh_rel_lastが有利(+6.0pt) / [候補2]2号艇のwin_rate_rank_2to6が不利(-19.0pt)、2号艇の全国勝率が不利(-8.1pt)、天気+2.3pt
92,24,大村,5,19:30,0.46736888733671755,4,0.41057505055517296,2,0.2957243081221249,0.3301023453916459,0.1368421509820732,0.5694572076952247,0.2758960474065018,0.40190880408271956,1-4,1-2,0.13821234084545814,0.06395576384525466,0.19189000454618774,0.03195032760198501,0.041360445274577634,True,False,False,False,一般,2026-10-02,1号艇のdominance,-0.2224,1号艇のracer_win_te,-0.177,場特性:in_escape_diff,0.1332,1号艇の節間得点,0.0994,1号艇の全国勝率,-0.0695,4号艇のclass_rank_2to6,0.1858,4号艇のwin_rate_rank_2to6,0.1058,4号艇のsession_rank_diff_last,-0.0969,4号艇のsession_exh_rel_avg,0.0471,4号艇の節間得点,0.0437,2号艇の全国勝率,-0.0657,2号艇のsession_exh_rel_avg,-0.0586,2号艇のclass_rank_2to6,-0.0457,1号艇の一般戦2連率,-0.0388,3号艇の全国勝率,-0.037,0.0053,北 5.9m/s,[逃げ]1号艇のdominanceが不利(-22.2pt)、1号艇のracer_win_teが不利(-17.7pt) / [2着]4号艇のclass_rank_2to6が有利(+18.6pt)、4号艇のwin_rate_rank_2to6が有利(+10.6pt) / [候補2]2号艇の全国勝率が不利(-6.6pt)、2号艇のsession_exh_rel_avgが不利(-5.9pt)、天気+0.5pt
93,07,蒲郡,7,18:03,0.37577762975537476,3,0.5089182184289962,4,0.30472075950498034,0.3057473266046154,0.09352749955381401,0.7201114783801625,0.2714323870615038,0.43005657213727955,1-3,1-4,0.0351455420992791,0.19124008186057628,0.1145072447440391,0.029320975806322078,0.00556378069554576,True,False,False,False,予選,2026-10-02,1号艇のsession_exh_rel_avg,-0.1061,1号艇vs3号艇のcumulative差,-0.0787,風速区分,-0.0663,1号艇の勝率順位,-0.0637,1号艇の節間得点,-0.0608,3号艇の当地勝率,0.1438,3号艇のsession_exh_rel_avg,0.133,3号艇のcumulative_diff_rank_2to6,0.0459,1号艇vs3号艇のcumulative差,0.0449,3号艇のwin_rate_rank_2to6,0.0419,4号艇のwin_rate_rank_2to6,0.147,4号艇の一般戦2連率,0.127,4号艇のclass_rank_2to6,0.116,4号艇の全国勝率,0.0931,3号艇の年齢,0.0905,-0.1263,北西 6.1m/s,[逃げ]1号艇のsession_exh_rel_avgが不利(-10.6pt)、1号艇vs3号艇のcumulative差が不利(-7.9pt) / [2着]3号艇の当地勝率が有利(+14.4pt)、3号艇のsession_exh_rel_avgが有利(+13.3pt) / [候補2]4号艇のwin_rate_rank_2to6が有利(+14.7pt)、4号艇の一般戦2連率が有利(+12.7pt) / [除外]6号艇のwin_rate_rank_2to6が不利(-8.2pt)、4号艇のracer_2nd_teが不利(-6.0pt)、天気-12.6pt
94,09,津,9,14:25,0.5963984672918115,4,0.3704783643597683,3,0.21508434946714605,0.34922870502960535,0.19808615903105548,0.3874765547958589,0.2662158576663606,0.3607030599594814,1-4,1-3,0.1181382816378435,0.12827597636066224,0.22095272866894305,0.09190831604439663,0.03712315791469373,True,True,False,False,予選特賞,2026-10-02,4号艇のsession_rank_diff_delta,-0.1727,max_234_frame_win_rate,-0.1275,1号艇のsession_exh_rel_avg,0.1119,1号艇のdominance,-0.0747,6号艇のモーター出走数,-0.0728,4号艇のclass_rank_2to6,0.1741,4号艇のwin_rate_rank_2to6,0.1738,4号艇のsession_rank_diff_last,-0.1172,6号艇のモーター出走数,0.1054,5号艇のsession_rank_diff_delta,0.0848,3号艇のwin_rate_rank_2to6,-0.1162,3号艇のcumulative_diff_rank_2to6,-0.0528,3号艇の全国勝率,-0.0427,3号艇の当地勝率,-0.0422,avg_456_win_rate,-0.0315,0.0226,北西 3.8m/s,[逃げ]4号艇のsession_rank_diff_deltaが不利(-17.3pt)、max_234_frame_win_rateが不利(-12.8pt) / [2着]4号艇のclass_rank_2to6が有利(+17.4pt)、4号艇のwin_rate_rank_2to6が有利(+17.4pt) / [候補2]3号艇のwin_rate_rank_2to6が不利(-11.6pt)、3号艇のcumulative_diff_rank_2to6が不利(-5.3pt) / [除外]6号艇のsession_exh_rel_avgが不利(-9.2pt)、2号艇のwin_rate_rank_2to6が不利(-6.2pt)、天気+2.3pt
95,13,尼崎,8,14:03,0.5110308893458346,3,0.4677159082329793,6,0.16239253680138993,0.32200487905023467,0.14539881567113805,0.4847096293632312,0.2658219253851561,0.3708163041441336,1-3,1-6,0.06689844896684136,0.2390172765454942,0.04782426572781379,0.07430328608225276,0.08298760250474048,True,True,False,False,予選,2026-10-02,風向(度),-0.0806,2号艇の平均ST,-0.0774,1号艇の節間得点,-0.0719,1号艇のdominance,0.0655,1号艇の級別順位,0.0646,3号艇のsession_exh_rel_avg,-0.2044,3号艇のモーター2連率,0.1062,風向(度),0.0836,3号艇のsession_exh_rel_last,-0.0761,6号艇のracer_2nd_te,-0.0732,6号艇のwin_rate_rank_2to6,0.2879,6号艇のvs_avg456_diff,0.1463,6号艇のclass_rank_2to6,0.0967,場×風向,0.0934,6号艇の全国勝率,0.0924,0.0713,北 2.6m/s,[逃げ]風向(度)が不利(-8.1pt)、2号艇の平均STが不利(-7.7pt) / [2着]3号艇のsession_exh_rel_avgが不利(-20.4pt)、3号艇のモーター2連率が有利(+10.6pt) / [候補2]6号艇のwin_rate_rank_2to6が有利(+28.8pt)、6号艇のvs_avg456_diffが有利(+14.6pt) / [除外]2号艇のwin_rate_rank_2to6が不利(-8.1pt)、天気+7.1pt
96,24,大村,10,21:51,0.4767387066843766,3,0.5215608580092573,4,0.20617105296162036,0.3469379700492062,0.19820235461212551,0.5295295563587522,0.2644212629674817,0.40171544594207,1-3,1-4,0.09449073419958291,0.24864824890452714,0.098289721144679,0.019397936337487463,0.015912068762085195,False,False,False,False,特別選抜戦Ｂ,2026-10-02,1号艇のdominance,-0.2293,場特性:in_escape_diff,0.1362,1号艇の級別順位,-0.0847,1号艇の節間得点,0.0745,ST差分(4-3),-0.0727,3号艇のwin_rate_rank_2to6,0.1723,6号艇のsession_rank_diff_delta,-0.084,3号艇のsession_exh_rel_avg,0.0743,場特性:1x_diff_course3,0.0495,3号艇のclass_rank_2to6,0.0466,4号艇のモーター2連率,0.0927,4号艇のclass_rank_2to6,0.0796,4号艇の年齢,-0.062,4号艇のwin_rate_rank_2to6,0.0596,4号艇のcumulative_diff_rank_2to6,0.0477,0.1132,北 4.9m/s,[逃げ]1号艇のdominanceが不利(-22.9pt)、場特性:in_escape_diffが有利(+13.6pt) / [2着]3号艇のwin_rate_rank_2to6が有利(+17.2pt)、6号艇のsession_rank_diff_deltaが不利(-8.4pt) / [候補2]4号艇のモーター2連率が有利(+9.3pt)、4号艇のclass_rank_2to6が有利(+8.0pt) / [除外]2号艇のwin_rate_rank_2to6が不利(-5.8pt)、6号艇のsession_exh_rel_avgが不利(-5.7pt)、天気+11.3pt
97,18,徳山,6,11:07,0.4542356566460115,3,0.5439410852474146,2,0.17568930665302213,0.3268817836073215,0.16461441816491035,0.5550159737355265,0.26231043806664867,0.39532204064578297,1-3,1-2,0.07980434757321798,0.24707743603410348,0.07477373832853917,0.044734497887613967,0.007845639783816355,True,True,False,False,予選,2026-10-02,1号艇のdominance,-0.21,場特性:in_escape_diff,0.1666,1号艇の全国勝率,-0.0788,1号艇vs4号艇の枠別平均ST差,-0.0781,1号艇のvs_max234_diff,-0.0746,3号艇のwin_rate_rank_2to6,0.2075,local_win_rateの分散(2-6号艇),0.056,3号艇のclass_rank_2to6,0.05,2号艇のvs_boat3_diff,0.047,3号艇の全国勝率,0.0415,2号艇のwin_rate_rank_2to6,-0.1472,2号艇の全国勝率,-0.0697,4号艇のモーター2連率,0.0688,2号艇のracer_2nd_te,-0.0588,2号艇のclass_rank_2to6,-0.0494,0.06,北 3.3m/s,[逃げ]1号艇のdominanceが不利(-21.0pt)、場特性:in_escape_diffが有利(+16.7pt) / [2着]3号艇のwin_rate_rank_2to6が有利(+20.7pt)、local_win_rateの分散(2-6号艇)が有利(+5.6pt) / [候補2]2号艇のwin_rate_rank_2to6が不利(-14.7pt)、2号艇の全国勝率が不利(-7.0pt) / [除外]6号艇のwin_rate_rank_2to6が不利(-8.7pt)、6号艇のvs_avg456_diffが不利(-7.8pt)、天気+6.0pt
98,15,丸亀,2,15:42,0.6324700400352907,2,0.33610399693886217,3,0.27243332044105095,0.38488162148624205,0.2668977399900353,0.3416395773898778,0.2616127795601882,0.37190900825733275,1-2,1-3,0.21257570839994339,0.1723059130862987,0.16880482429682625,0.05892805965083941,0.019855538135584796,True,False,False,False,一般,2026-10-02,6号艇のモーター2連率,-0.0889,1号艇の級別順位,0.0692,1号艇の節間得点,0.0679,1号艇のdominance,0.0664,風速区分,0.0658,2号艇のwin_rate_rank_2to6,-0.1419,6号艇のsession_rank_diff_last,-0.0913,2号艇のsession_exh_rel_avg,-0.07,2号艇のsession_avg_finish,0.0424,2号艇のclass_rank_2to6,-0.0396,3号艇の節間得点,-0.0878,3号艇のcumulative_diff_rank_2to6,-0.0568,6号艇のモーター2連率,0.0543,3号艇のracer_2nd_te,-0.0422,3号艇の当地勝率,-0.0352,0.0786,北西 1.7m/s,[逃げ]6号艇のモーター2連率が不利(-8.9pt)、1号艇の級別順位が有利(+6.9pt) / [2着]2号艇のwin_rate_rank_2to6が不利(-14.2pt)、6号艇のsession_rank_diff_lastが不利(-9.1pt) / [候補2]3号艇の節間得点が不利(-8.8pt)、3号艇のcumulative_diff_rank_2to6が不利(-5.7pt) / [除外]6号艇のwin_rate_rank_2to6が不利(-6.9pt)、天気+7.9pt
99,19,下関,6,17:47,0.5432336164658105,5,0.31358395226955926,3,0.30695996803934644,0.33710031800527857,0.1877353923949091,0.4328085279139966,0.261157525432675,0.36581278097789394,1-5,1-3,0.10118734670748826,0.16675097354824378,0.10198417614931449,0.17034934445703478,0.002961775224284863,True,False,False,False,予選,2026-10-02,1号艇の女子戦比率,-0.1693,1号艇の年齢,-0.1587,1号艇の体重,-0.0823,場特性:in_escape_diff,0.081,1号艇のdominance,0.0744,5号艇のwin_rate_rank_2to6,0.1938,5号艇のclass_rank_2to6,0.1321,5号艇のsession_exh_rel_avg,0.1152,1号艇の年齢,0.0885,6号艇の直近平均着順,0.0771,風向(度),0.0814,3号艇の全国勝率,-0.081,3号艇のwin_rate_rank_2to6,-0.0566,3号艇の当地勝率,-0.0539,2号艇のracer_avgfin_te,0.0512,-0.0199,北 3.8m/s,[逃げ]1号艇の女子戦比率が不利(-16.9pt)、1号艇の年齢が不利(-15.9pt) / [2着]5号艇のwin_rate_rank_2to6が有利(+19.4pt)、5号艇のclass_rank_2to6が有利(+13.2pt) / [候補2]風向(度)が有利(+8.1pt)、3号艇の全国勝率が不利(-8.1pt) / [除外]6号艇の直近平均着順が不利(-25.5pt)、6号艇のvs_avg456_diffが不利(-15.6pt)、天気-2.0pt
100,06,浜名湖,7,14:19,0.5749547937902214,5,0.37507849689650197,2,0.2397733437192777,0.3535120132327837,0.23672763100198846,0.37812420961379123,0.2530887395247751,0.36089567214708596,1-5,1-2,0.1378588333945092,0.045869569525208945,0.1361076862671959,0.21565317983827448,0.03946552048128585,True,True,False,False,予選,2026-10-02,1号艇のvs_max234_frame_diff,0.1139,1号艇のvs_max234_diff,0.0991,1号艇のsession_exh_rel_avg,0.091,3号艇の枠別出走数,-0.0823,1号艇の節間得点,0.0769,5号艇のwin_rate_rank_2to6,0.2628,5号艇のclass_rank_2to6,0.1622,3号艇の一般戦2連率,0.1088,3号艇のracer_avgfin_te,0.0761,1号艇vs3号艇の勝率差,0.0747,1号艇vs2号艇の枠別勝率差,-0.2079,2号艇のsession_exh_rel_avg,0.0878,2号艇の全国勝率,-0.0848,6号艇のsession_rank_diff_last,-0.0773,2号艇の直近平均着順,-0.0723,-0.0975,北西 4.5m/s,[逃げ]1号艇のvs_max234_frame_diffが有利(+11.4pt)、1号艇のvs_max234_diffが有利(+9.9pt) / [2着]5号艇のwin_rate_rank_2to6が有利(+26.3pt)、5号艇のclass_rank_2to6が有利(+16.2pt) / [候補2]1号艇vs2号艇の枠別勝率差が不利(-20.8pt)、2号艇のsession_exh_rel_avgが有利(+8.8pt) / [除外]3号艇のracer_2nd_teが不利(-5.8pt)、3号艇のwin_rate_rank_2to6が不利(-5.2pt)、天気-9.7pt
101,12,住之江,2,15:44,0.5059376082316499,3,0.4257534123552374,2,0.21851659268390095,0.32596042540489467,0.1910022845291659,0.45326772050997244,0.2512494023027743,0.36415261393641796,1-3,1-2,0.1105557622614225,0.2154046631434722,0.05148664729213887,0.09663523900146727,0.03185530312982472,True,False,False,False,予選,2026-10-02,1号艇のsession_exh_rel_avg,-0.1479,1号艇のdominance,0.1124,1号艇の級別順位,-0.0782,1号艇の勝率順位,-0.076,4号艇の枠別出走数,-0.0675,3号艇のsession_exh_rel_avg,-0.1143,3号艇の一般戦2連率,0.0588,3号艇のwin_rate_rank_2to6,0.0522,6号艇のracer_2nd_te,-0.0421,3号艇のcumulative_diff_rank_2to6,0.0348,2号艇のwin_rate_rank_2to6,-0.1938,2号艇のsession_exh_rel_avg,0.1124,2号艇の全国勝率,-0.1054,2号艇のsession_avg_finish,-0.0682,2号艇の直近平均着順,-0.0551,0.0699,北 2.4m/s,[逃げ]1号艇のsession_exh_rel_avgが不利(-14.8pt)、1号艇のdominanceが有利(+11.2pt) / [2着]3号艇のsession_exh_rel_avgが不利(-11.4pt)、3号艇の一般戦2連率が有利(+5.9pt) / [候補2]2号艇のwin_rate_rank_2to6が不利(-19.4pt)、2号艇のsession_exh_rel_avgが有利(+11.2pt) / [除外]6号艇のsession_exh_rel_avgが不利(-5.7pt)、4号艇のwin_rate_rank_2to6が不利(-5.1pt)、天気+7.0pt
102,23,唐津,2,09:09,0.390757028053736,2,0.617948895598494,5,0.12519340032918141,0.29038807497772845,0.11804902097256864,0.6250932749551068,0.2492520414338528,0.39079963497094194,1-2,1-5,0.2414678739331559,0.04458820732633994,0.046128484599894076,0.048920201044572544,0.009652258238406862,False,False,True,False,モー２ング戦,2026-10-02,風速区分,-0.0794,3号艇の直近平均着順,-0.0704,4号艇の枠別出走数,-0.0681,1号艇の勝率順位,-0.0614,2号艇のsession_exh_rel_avg,-0.06,2号艇のsession_exh_rel_avg,0.19,2号艇のwin_rate_rank_2to6,0.1897,2号艇のclass_rank_2to6,0.0862,3号艇の全国勝率,-0.0776,2号艇のracer_avgfin_te,0.0589,5号艇のwin_rate_rank_2to6,0.1626,5号艇のsession_exh_rel_avg,0.093,2号艇のracer_2nd_te,-0.0806,5号艇のclass_rank_2to6,-0.0679,5号艇のsession_avg_finish,-0.0546,-0.0412,北東 6.0m/s,[逃げ]風速区分が不利(-7.9pt)、3号艇の直近平均着順が不利(-7.0pt) / [2着]2号艇のsession_exh_rel_avgが有利(+19.0pt)、2号艇のwin_rate_rank_2to6が有利(+19.0pt) / [候補2]5号艇のwin_rate_rank_2to6が有利(+16.3pt)、5号艇のsession_exh_rel_avgが有利(+9.3pt)、天気-4.1pt
103,06,浜名湖,11,16:19,0.490343211599642,3,0.3539926017084609,4,0.33464279571254196,0.3376676923926104,0.21848190329543996,0.47015349412556295,0.2491385562542304,0.3774134329124962,1-3,1-4,0.10713111813828843,0.17357786920423965,0.16408982318837073,0.03801043888309735,0.007533964925652014,True,False,False,False,予選特選,2026-10-02,1号艇のsession_exh_rel_avg,-0.1834,1号艇の節間得点,0.0939,1号艇のsession_exh_rel_last,-0.0901,1号艇の級別順位,0.0731,場特性:in_escape_diff,-0.0704,3号艇のwin_rate_rank_2to6,0.1689,3号艇の当地勝率,0.1205,3号艇のclass_rank_2to6,0.0644,6号艇のsession_rank_diff_delta,-0.0536,6号艇のsession_rank_diff_last,0.0468,4号艇のモーター2連率,0.0861,4号艇のwin_rate_rank_2to6,0.0796,4号艇の年齢,-0.0611,4号艇のcumulative_diff_rank_2to6,0.0541,4号艇のsession_exh_rel_avg,0.0541,0.0372,北西 3.9m/s,[逃げ]1号艇のsession_exh_rel_avgが不利(-18.3pt)、1号艇の節間得点が有利(+9.4pt) / [2着]3号艇のwin_rate_rank_2to6が有利(+16.9pt)、3号艇の当地勝率が有利(+12.1pt) / [候補2]4号艇のモーター2連率が有利(+8.6pt)、4号艇のwin_rate_rank_2to6が有利(+8.0pt) / [除外]6号艇のwin_rate_rank_2to6が不利(-6.4pt)、6号艇のvs_avg456_diffが不利(-5.6pt)、天気+3.7pt
104,06,浜名湖,8,14:55,0.4468086888196403,4,0.4046418676609496,3,0.3031576215393226,0.31625096171678474,0.1914036002237014,0.5163958889765707,0.24361307454062409,0.37629443989472056,1-4,1-3,0.08552079165131063,0.13545345938566547,0.18079750233111933,0.03407841652081766,0.010958514769497047,True,True,False,False,ブレイクタイ,2026-10-02,3号艇のsession_exh_rel_avg,-0.1568,1号艇のdominance,-0.1522,4号艇の枠別出走数,-0.1219,1号艇のモーター2連率,0.0926,1号艇の女子戦比率,-0.0738,4号艇のwin_rate_rank_2to6,0.2276,4号艇のclass_rank_2to6,0.1892,4号艇の全国勝率,0.1276,4号艇のracer_win_te,0.1119,4号艇の年齢,-0.0816,3号艇の当地勝率,0.1169,3号艇のsession_exh_rel_avg,0.1001,3号艇のwin_rate_rank_2to6,-0.0803,3号艇のcumulative_diff_rank_2to6,-0.0665,3号艇の女子戦比率,-0.0611,-0.0788,北西 4.4m/s,[逃げ]3号艇のsession_exh_rel_avgが不利(-15.7pt)、1号艇のdominanceが不利(-15.2pt) / [2着]4号艇のwin_rate_rank_2to6が有利(+22.8pt)、4号艇のclass_rank_2to6が有利(+18.9pt) / [候補2]3号艇の当地勝率が有利(+11.7pt)、3号艇のsession_exh_rel_avgが有利(+10.0pt) / [除外]4号艇のracer_avgfin_teが不利(-7.6pt)、2号艇のwin_rate_rank_2to6が不利(-5.7pt)、天気-7.9pt
105,14,鳴門,5,10:19,0.47188254633110793,3,0.3773319880411701,2,0.2848435512230971,0.31246907958619696,0.1972010903224877,0.46497444894177953,0.23852598776244233,0.35822069039287174,1-3,1-2,0.13441270025715044,0.1780563793290465,0.0930557526406463,0.02460303773354042,0.041754688676020585,False,False,True,False,一般,2026-10-02,場特性:in_escape_diff,-0.1522,3号艇のsession_exh_rel_avg,-0.1304,1号艇vs4号艇の枠別平均ST差,-0.0766,1号艇の節間得点,0.0757,1号艇の年齢,-0.0648,3号艇のsession_exh_rel_avg,0.1646,3号艇のモーター2連率,0.1284,3号艇のwin_rate_rank_2to6,-0.059,3号艇のsession_exh_rel_last,0.0532,3号艇の節間得点,0.0486,2号艇のwin_rate_rank_2to6,-0.1215,2号艇の節間得点,0.0681,1号艇の年齢,0.0551,2号艇の全国勝率,-0.0469,2号艇のclass_rank_2to6,-0.0461,-0.0353,北 4.6m/s,[逃げ]場特性:in_escape_diffが不利(-15.2pt)、3号艇のsession_exh_rel_avgが不利(-13.0pt) / [2着]3号艇のsession_exh_rel_avgが有利(+16.5pt)、3号艇のモーター2連率が有利(+12.8pt) / [候補2]2号艇のwin_rate_rank_2to6が不利(-12.2pt)、2号艇の節間得点が有利(+6.8pt)、天気-3.5pt
106,19,下関,4,16:52,0.4457668857246716,2,0.4611462549129998,3,0.2121581285749674,0.3001367981722012,0.1747277990409073,0.49857658444706,0.2372061075852247,0.3596687340546588,1-2,1-3,0.20556372991616348,0.09457306825603769,0.061834444134889026,0.07788786682799151,0.00590778613810349,True,False,False,False,予選,2026-10-02,1号艇のdominance,-0.1986,1号艇のracer_win_te,-0.1341,1号艇の女子戦比率,-0.1276,1号艇の級別順位,-0.0847,1号艇の年齢,0.0812,2号艇のsession_exh_rel_avg,0.1198,2号艇のclass_rank_2to6,0.0947,6号艇のsession_rank_diff_last,-0.0945,2号艇の女子戦比率,-0.0845,2号艇の全国勝率,0.0605,3号艇のwin_rate_rank_2to6,-0.152,3号艇のsession_exh_rel_avg,0.1102,3号艇のracer_avgfin_te,-0.0789,3号艇の全国勝率,-0.0694,風向(度),0.0671,-0.017,北 3.6m/s,[逃げ]1号艇のdominanceが不利(-19.9pt)、1号艇のracer_win_teが不利(-13.4pt) / [2着]2号艇のsession_exh_rel_avgが有利(+12.0pt)、2号艇のclass_rank_2to6が有利(+9.5pt) / [候補2]3号艇のwin_rate_rank_2to6が不利(-15.2pt)、3号艇のsession_exh_rel_avgが有利(+11.0pt) / [除外]6号艇のwin_rate_rank_2to6が不利(-6.5pt)、6号艇のsession_exh_rel_avgが不利(-5.5pt)、天気-1.7pt
107,23,唐津,11,13:42,0.41767454113037794,2,0.37749736380408544,4,0.3265448691917011,0.29406051660292176,0.17149591599230513,0.5325463170034814,0.23354430342053556,0.36560625672308966,1-2,1-4,0.15767103820479872,0.07162947801781988,0.13638947839812304,0.03161986609695918,0.020364689748430562,True,True,False,False,宝当特選,2026-10-02,1号艇の級別順位,-0.1221,風速区分,-0.1078,1号艇のdominance,-0.0962,1号艇のsession_avg_finish,-0.0903,1号艇の年齢,-0.083,2号艇のwin_rate_rank_2to6,0.1919,2号艇のclass_rank_2to6,0.0916,2号艇のsession_exh_rel_avg,-0.0807,2号艇のracer_avgfin_te,0.0696,2号艇のモーター2連率,-0.0572,4号艇の節間得点,0.1157,4号艇のwin_rate_rank_2to6,0.099,4号艇のclass_rank_2to6,0.0737,1号艇vs4号艇のcumulative差,0.0622,4号艇のsession_exh_rel_avg,0.0599,-0.0792,北東 6.3m/s,[逃げ]1号艇の級別順位が不利(-12.2pt)、風速区分が不利(-10.8pt) / [2着]2号艇のwin_rate_rank_2to6が有利(+19.2pt)、2号艇のclass_rank_2to6が有利(+9.2pt) / [候補2]4号艇の節間得点が有利(+11.6pt)、4号艇のwin_rate_rank_2to6が有利(+9.9pt)、天気-7.9pt
108,14,鳴門,8,11:48,0.42128337610318367,3,0.4703670618411031,2,0.19320602148031366,0.27955230883284565,0.1404235685841429,0.5231495147372738,0.23244542945815214,0.3526314706041741,1-3,1-2,0.08139448501269077,0.1981578238201549,0.05068129398717996,0.03189166764199062,0.05915811505758468,True,True,False,False,一般,2026-10-02,風速区分,-0.2108,場特性:in_escape_diff,-0.1633,1号艇のdominance,-0.1228,1号艇の全国勝率,-0.068,1号艇vs2号艇のcumulative差,0.0607,3号艇のwin_rate_rank_2to6,0.0632,3号艇の節間得点,0.0498,3号艇のcumulative_diff_rank_2to6,0.0417,3号艇のモーター2連率,0.0311,3号艇の全国勝率,0.0309,2号艇のwin_rate_rank_2to6,-0.1663,2号艇の全国勝率,-0.0731,2号艇のsession_exh_rel_avg,0.0721,2号艇の直近平均着順,-0.0524,2号艇のracer_avgfin_te,-0.0474,-0.2079,北 8.3m/s,[逃げ]風速区分が不利(-21.1pt)、場特性:in_escape_diffが不利(-16.3pt) / [2着]3号艇のwin_rate_rank_2to6が有利(+6.3pt)、3号艇の節間得点が有利(+5.0pt) / [候補2]2号艇のwin_rate_rank_2to6が不利(-16.6pt)、2号艇の全国勝率が不利(-7.3pt)、天気-20.8pt
109,13,尼崎,1,10:35,0.32947863311152153,3,0.6137821790956173,2,0.19494816621250163,0.26645936872792786,0.11253053840923963,0.6961998068988793,0.23047758925536005,0.39538150017921325,1-3,1-2,0.06423125533129274,0.20222811339663507,0.03707640797837985,0.01741761548667153,0.008525239997989662,False,False,True,False,朝からセンプ,2026-10-02,1号艇のdominance,-0.2756,1号艇のracer_win_te,-0.2672,1号艇のvs_max234_diff,-0.1669,1号艇の女子戦比率,-0.1601,1号艇のsession_exh_rel_avg,0.1556,3号艇のwin_rate_rank_2to6,0.1902,2号艇のvs_boat3_diff,0.0594,2号艇のracer_win_te,0.0515,win_rate_gap_top2_2to6,0.0514,6号艇のsession_exh_rel_avg,0.0509,2号艇のsession_exh_rel_avg,-0.0992,2号艇の全国勝率,-0.0939,2号艇のracer_avgfin_te,-0.081,1号艇vs3号艇の直近複勝率差,0.0739,2号艇のwin_rate_rank_2to6,-0.0596,0.0115,北 3.6m/s,[逃げ]1号艇のdominanceが不利(-27.6pt)、1号艇のracer_win_teが不利(-26.7pt) / [2着]3号艇のwin_rate_rank_2to6が有利(+19.0pt)、2号艇のvs_boat3_diffが有利(+5.9pt) / [候補2]2号艇のsession_exh_rel_avgが不利(-9.9pt)、2号艇の全国勝率が不利(-9.4pt) / [除外]6号艇のsession_exh_rel_avgが不利(-8.9pt)、6号艇のwin_rate_rank_2to6が不利(-7.4pt)、天気+1.2pt
110,12,住之江,4,16:34,0.35501994247716706,2,0.5192508093110779,4,0.2649701636068195,0.27841408469469997,0.15044282139431436,0.6337781515235832,0.22815160419383648,0.3850233047433649,1-2,1-4,0.18434439245284132,0.053410201797512206,0.09406969224185861,0.014409866387832568,0.008785796209884058,True,False,False,False,予選,2026-10-02,1号艇のdominance,-0.2277,1号艇のsession_exh_rel_avg,0.1003,1号艇のvs_max234_diff,-0.085,1号艇の級別順位,-0.0826,avg_entry_count,-0.067,2号艇のwin_rate_rank_2to6,0.2107,2号艇のclass_rank_2to6,0.1129,2号艇のracer_avgfin_te,0.0818,2号艇の全国勝率,0.0615,3号艇のracer_2nd_te,0.0507,4号艇のclass_rank_2to6,0.1119,4号艇のモーター2連率,0.1117,4号艇のwin_rate_rank_2to6,0.08,1号艇のvs_max234_diff,0.051,5号艇のsession_avg_finish,0.0394,0.0261,北 2.7m/s,[逃げ]1号艇のdominanceが不利(-22.8pt)、1号艇のsession_exh_rel_avgが有利(+10.0pt) / [2着]2号艇のwin_rate_rank_2to6が有利(+21.1pt)、2号艇のclass_rank_2to6が有利(+11.3pt) / [候補2]4号艇のclass_rank_2to6が有利(+11.2pt)、4号艇のモーター2連率が有利(+11.2pt) / [除外]6号艇のwin_rate_rank_2to6が不利(-6.3pt)、天気+2.6pt
111,07,蒲郡,5,17:11,0.3970873515904167,3,0.37658863063007597,2,0.3182733302799583,0.27592089577868917,0.1514194716075312,0.543442489302503,0.2257851402855462,0.3561773738358333,1-3,1-2,0.12638231380273063,0.14953858197595854,0.04568891892119145,0.06012675695985486,0.015350774013618567,True,False,False,False,予選,2026-10-02,2号艇の枠別勝率,0.113,1号艇のdominance,-0.1104,1号艇vs2号艇のcumulative差,-0.1058,風速区分,-0.0786,1号艇の級別順位,-0.0782,3号艇のwin_rate_rank_2to6,-0.1355,3号艇のsession_exh_rel_avg,0.1249,3号艇の当地勝率,0.1081,3号艇のモーター2連率,0.0801,1号艇vs2号艇のplace_rate差,0.0587,2号艇のwin_rate_rank_2to6,0.1898,2号艇のclass_rank_2to6,0.0922,6号艇のsession_rank_diff_last,-0.069,2号艇のracer_avgfin_te,0.0592,2号艇の全国勝率,0.0483,-0.1793,北西 6.1m/s,[逃げ]2号艇の枠別勝率が有利(+11.3pt)、1号艇のdominanceが不利(-11.0pt) / [2着]3号艇のwin_rate_rank_2to6が不利(-13.5pt)、3号艇のsession_exh_rel_avgが有利(+12.5pt) / [候補2]2号艇のwin_rate_rank_2to6が有利(+19.0pt)、2号艇のclass_rank_2to6が有利(+9.2pt) / [除外]2号艇の枠別勝率が不利(-6.8pt)、4号艇のwin_rate_rank_2to6が不利(-5.3pt)、天気-17.9pt
112,16,児島,6,13:19,0.41430533763385025,2,0.3660619176414691,4,0.3436675470040193,0.2940447054786408,0.19466869089533567,0.5150607737501527,0.22535514802236298,0.3603495259600944,1-2,1-4,0.15166140638334355,0.08065227770813167,0.14238329909529732,0.02216104177342482,0.017447311901949022,True,True,False,False,一般,2026-10-02,4号艇のsession_exh_rel_avg,-0.2999,1号艇のracer_win_te,0.1936,風向(度),-0.159,1号艇の枠別出走数,-0.1429,風速区分,-0.0869,2号艇のwin_rate_rank_2to6,0.1469,2号艇のsession_exh_rel_avg,0.1063,2号艇の当地勝率,0.0764,2号艇の全国勝率,0.071,2号艇のclass_rank_2to6,-0.0655,4号艇のsession_exh_rel_avg,0.1464,1号艇vs5号艇の枠別勝率差,0.096,2号艇のracer_avgfin_te,-0.0896,4号艇の全国勝率,0.0871,4号艇のwin_rate_rank_2to6,0.0844,-0.2348,北 4.4m/s,[逃げ]4号艇のsession_exh_rel_avgが不利(-30.0pt)、1号艇のracer_win_teが有利(+19.4pt) / [2着]2号艇のwin_rate_rank_2to6が有利(+14.7pt)、2号艇のsession_exh_rel_avgが有利(+10.6pt) / [候補2]4号艇のsession_exh_rel_avgが有利(+14.6pt)、1号艇vs5号艇の枠別勝率差が有利(+9.6pt)、天気-23.5pt
113,19,下関,3,16:25,0.30247625596578576,2,0.5985467353036202,3,0.24799922914083458,0.2560600538281039,0.10032515022943704,0.7462208142150178,0.22523293778642917,0.403108281944178,1-2,1-3,0.18104617551518326,0.07501387831292064,0.014984817100997132,0.03034597582060511,0.0010854130542825762,True,False,False,False,予選,2026-10-02,1号艇のdominance,-0.2353,1号艇のracer_win_te,-0.2025,1号艇の年齢,0.1048,1号艇のsession_exh_rel_avg,-0.0803,1号艇の全国勝率,-0.0759,2号艇のwin_rate_rank_2to6,0.2439,2号艇のsession_exh_rel_avg,-0.1418,2号艇の当地勝率,0.1042,2号艇のclass_rank_2to6,0.0996,2号艇の女子戦比率,-0.0792,3号艇のwin_rate_rank_2to6,-0.1167,3号艇のモーター2連率,0.1058,3号艇の全国勝率,-0.0831,風向(度),0.0651,3号艇のsession_exh_rel_avg,0.0645,-0.0164,北 3.1m/s,[逃げ]1号艇のdominanceが不利(-23.5pt)、1号艇のracer_win_teが不利(-20.2pt) / [2着]2号艇のwin_rate_rank_2to6が有利(+24.4pt)、2号艇のsession_exh_rel_avgが不利(-14.2pt) / [候補2]3号艇のwin_rate_rank_2to6が不利(-11.7pt)、3号艇のモーター2連率が有利(+10.6pt) / [除外]6号艇の直近平均着順が不利(-23.0pt)、6号艇の全国勝率が不利(-14.0pt)、天気-1.6pt
114,07,蒲郡,9,19:11,0.5196867073914262,3,0.32394877818446766,4,0.2609635131504878,0.3039711427966376,0.218461413413934,0.3664508779210215,0.22428398420575496,0.3227150633339528,1-3,1-4,0.11353149262916451,0.16835187389816147,0.13561926889847617,0.09217810711780587,0.010005956135890842,True,False,False,False,予選特賞,2026-10-02,1号艇のsession_exh_rel_avg,-0.1175,1号艇のdominance,0.0732,風速区分,-0.0654,1号艇のlocal_win_rate順位,-0.0653,6号艇のsession_rank_diff_delta,-0.0636,6号艇のsession_rank_diff_delta,0.0796,3号艇のwin_rate_rank_2to6,-0.0701,2号艇の節間得点,0.0508,場特性:1x_diff_course3,0.0439,3号艇のcumulative_diff_rank_2to6,0.0434,4号艇のclass_rank_2to6,0.1182,4号艇のモーター2連率,0.1008,4号艇のwin_rate_rank_2to6,0.0818,4号艇の当地勝率,0.0656,4号艇の節間得点,0.043,-0.073,北西 5.7m/s,[逃げ]1号艇のsession_exh_rel_avgが不利(-11.7pt)、1号艇のdominanceが有利(+7.3pt) / [2着]6号艇のsession_rank_diff_deltaが有利(+8.0pt)、3号艇のwin_rate_rank_2to6が不利(-7.0pt) / [候補2]4号艇のclass_rank_2to6が有利(+11.8pt)、4号艇のモーター2連率が有利(+10.1pt) / [除外]6号艇のwin_rate_rank_2to6が不利(-7.7pt)、6号艇のvs_avg456_diffが不利(-5.9pt)、天気-7.3pt
115,04,平和島,4,12:23,0.4239429406090419,4,0.3848518350739009,3,0.28045921919584926,0.2820539247668198,0.1784856704633736,0.48682538380637663,0.22164282412422168,0.3434853624786868,1-4,1-3,0.059154434774765466,0.1188987061068042,0.16315521866001556,0.07566773999281902,0.007066834362567934,True,True,False,False,一般,2026-10-02,場特性:in_escape_diff,-0.1362,1号艇のsession_exh_rel_avg,0.1342,1号艇のdominance,-0.1106,3号艇のsession_exh_rel_avg,-0.1058,5号艇の節間得点,-0.0907,2号艇のsession_exh_rel_delta,0.1378,4号艇の節間得点,0.1196,4号艇のclass_rank_2to6,0.1007,4号艇のwin_rate_rank_2to6,0.0729,4号艇のcumulative_diff_rank_2to6,0.0684,3号艇のsession_exh_rel_avg,0.1149,3号艇の一般戦2連率,0.0714,3号艇の節間得点,0.0473,3号艇のracer_avgfin_te,0.0394,3号艇のwin_rate_rank_2to6,-0.0392,-0.0113,東 3.4m/s,[逃げ]場特性:in_escape_diffが不利(-13.6pt)、1号艇のsession_exh_rel_avgが有利(+13.4pt) / [2着]2号艇のsession_exh_rel_deltaが有利(+13.8pt)、4号艇の節間得点が有利(+12.0pt) / [候補2]3号艇のsession_exh_rel_avgが有利(+11.5pt)、3号艇の一般戦2連率が有利(+7.1pt) / [除外]6号艇のwin_rate_rank_2to6が不利(-8.1pt)、6号艇のvs_avg456_diffが不利(-6.4pt)、天気-1.1pt
116,06,浜名湖,6,13:47,0.4300859879742484,2,0.400560235047666,5,0.2430992843335061,0.27682894031208133,0.18313449658912706,0.4605250227920451,0.21599262596165592,0.3319377650560704,1-2,1-5,0.1722753444336726,0.0521744397599625,0.07876358089770134,0.1045535958784087,0.022319027004503257,True,True,False,False,予選,2026-10-02,1号艇のsession_exh_rel_avg,-0.1045,場特性:in_escape_diff,-0.0777,1号艇vs3号艇のplace_rate差,0.0739,ST差分(4-3),-0.0728,1号艇のdominance,0.0696,2号艇のwin_rate_rank_2to6,0.2043,3号艇のracer_2nd_te,0.058,2号艇の全国勝率,0.0541,2号艇のcumulative_diff_rank_2to6,-0.0469,2号艇のsession_exh_rel_avg,-0.0464,5号艇のclass_rank_2to6,0.197,5号艇のsession_exh_rel_avg,-0.1824,5号艇のwin_rate_rank_2to6,0.1164,5号艇の年齢,-0.0879,1号艇vs5号艇のcumulative差,0.087,-0.0777,北西 4.9m/s,[逃げ]1号艇のsession_exh_rel_avgが不利(-10.4pt)、場特性:in_escape_diffが不利(-7.8pt) / [2着]2号艇のwin_rate_rank_2to6が有利(+20.4pt)、3号艇のracer_2nd_teが有利(+5.8pt) / [候補2]5号艇のclass_rank_2to6が有利(+19.7pt)、5号艇のsession_exh_rel_avgが不利(-18.2pt) / [除外]3号艇のwin_rate_rank_2to6が不利(-6.1pt)、6号艇のwin_rate_rank_2to6が不利(-5.4pt)、天気-7.8pt
117,09,津,7,13:24,0.3858725831750899,3,0.46548423754723267,2,0.19809621575474382,0.25605750366013075,0.13173398170397738,0.5318464715979991,0.215579734257335,0.33879419404149125,1-3,1-2,0.07643989849049293,0.17961760516963785,0.040930891246666504,0.05083253181205378,0.03805166508116318,True,True,False,False,予選,2026-10-02,1号艇のdominance,-0.2444,1号艇のsession_exh_rel_avg,-0.1696,1号艇の級別順位,-0.0982,1号艇の節間得点,0.0979,1号艇vs2号艇のcumulative差,0.091,3号艇のsession_exh_rel_avg,0.1001,3号艇のwin_rate_rank_2to6,0.0613,1号艇vs3号艇の直近複勝率差,0.0541,3号艇の当地勝率,-0.0381,3号艇の全国勝率,0.0361,2号艇のwin_rate_rank_2to6,-0.1567,2号艇のsession_avg_finish,-0.0786,2号艇の全国勝率,-0.0694,1号艇vs6号艇の直近複勝率差,-0.0536,2号艇のsession_exh_rel_avg,-0.0491,-0.0668,北西 5.0m/s,[逃げ]1号艇のdominanceが不利(-24.4pt)、1号艇のsession_exh_rel_avgが不利(-17.0pt) / [2着]3号艇のsession_exh_rel_avgが有利(+10.0pt)、3号艇のwin_rate_rank_2to6が有利(+6.1pt) / [候補2]2号艇のwin_rate_rank_2to6が不利(-15.7pt)、2号艇のsession_avg_finishが不利(-7.9pt) / [除外]4号艇のwin_rate_rank_2to6が不利(-5.8pt)、天気-6.7pt
118,13,尼崎,3,11:31,0.3632999748796659,3,0.4835313543644638,2,0.21813583320513785,0.2549156716179221,0.12925113278975212,0.5724160547798496,0.21537790443094984,0.3501657865665003,1-3,1-2,0.07924874272378157,0.17566692889414054,0.041507278637733395,0.04695693329568531,0.01992009538851871,True,True,False,False,予選,2026-10-02,1号艇のracer_win_te,-0.2727,1号艇のsession_exh_rel_avg,-0.2241,1号艇のdominance,-0.1866,1号艇の年齢,0.1741,1号艇vs4号艇の枠別勝率差,-0.1108,3号艇のwin_rate_rank_2to6,0.1076,3号艇のcumulative_diff_rank_2to6,-0.0465,3号艇の全国勝率,0.0392,2号艇のvs_boat3_diff,0.0392,2号艇の直近1着率,0.0328,2号艇のwin_rate_rank_2to6,-0.154,2号艇のsession_exh_rel_avg,0.0845,2号艇の全国勝率,-0.0836,1号艇vs6号艇の直近複勝率差,-0.0538,1号艇vs3号艇の枠別勝率差,-0.0415,0.0672,北 3.7m/s,[逃げ]1号艇のracer_win_teが不利(-27.3pt)、1号艇のsession_exh_rel_avgが不利(-22.4pt) / [2着]3号艇のwin_rate_rank_2to6が有利(+10.8pt)、3号艇のcumulative_diff_rank_2to6が不利(-4.6pt) / [候補2]2号艇のwin_rate_rank_2to6が不利(-15.4pt)、2号艇のsession_exh_rel_avgが有利(+8.5pt) / [除外]1号艇vs6号艇の枠別勝率差が不利(-5.4pt)、天気+6.7pt
119,09,津,10,15:00,0.32702959294321343,2,0.615057128041333,5,0.1699382785438505,0.25671672827784486,0.13725789134334504,0.6477375152418383,0.2144330521226695,0.37402296436704285,1-2,1-5,0.201141882220179,0.044887392334257946,0.02007538757491416,0.05557484605766585,0.005350082624206167,True,False,False,False,予選特賞,2026-10-02,1号艇のdominance,-0.2243,1号艇vs2号艇のcumulative差,-0.1806,2号艇のsession_exh_rel_avg,-0.164,1号艇の級別順位,-0.1154,1号艇のモーター2連率,0.0951,2号艇のwin_rate_rank_2to6,0.2222,2号艇のsession_exh_rel_avg,0.154,2号艇のclass_rank_2to6,0.0799,2号艇の全国勝率,0.0635,2号艇の節間得点,0.0553,5号艇のwin_rate_rank_2to6,0.164,5号艇のsession_exh_rel_avg,0.116,5号艇のracer_avgfin_te,0.0829,1号艇vs2号艇のcumulative差,0.0786,5号艇の節間得点,0.0767,-0.0021,北西 4.0m/s,[逃げ]1号艇のdominanceが不利(-22.4pt)、1号艇vs2号艇のcumulative差が不利(-18.1pt) / [2着]2号艇のwin_rate_rank_2to6が有利(+22.2pt)、2号艇のsession_exh_rel_avgが有利(+15.4pt) / [候補2]5号艇のwin_rate_rank_2to6が有利(+16.4pt)、5号艇のsession_exh_rel_avgが有利(+11.6pt) / [除外]2号艇の直近1着率が不利(-8.2pt)、6号艇のsession_exh_rel_avgが不利(-6.3pt)、天気影響ほぼなし
120,18,徳山,11,13:49,0.4474013935269849,3,0.3942502389548306,4,0.2698415143929857,0.29711557587759174,0.2363900225780337,0.42770173076978263,0.21283338664960447,0.336291422345249,1-3,1-4,0.1057612255172877,0.17638810630673799,0.12072746957085376,0.03761387822902477,0.006910717028143367,True,True,False,False,予選,2026-10-02,1号艇のdominance,-0.2342,1号艇のracer_win_te,-0.2342,場特性:in_escape_diff,0.1922,1号艇のracer_avgfin_te,0.1568,1号艇の年齢,0.1325,3号艇のwin_rate_rank_2to6,0.0901,場特性:1x_diff_course3,0.0485,3号艇の全国勝率,0.0411,4号艇の女子戦2連率,0.0403,3号艇のclass_rank_2to6,0.0384,4号艇のclass_rank_2to6,0.1959,4号艇のwin_rate_rank_2to6,0.1856,4号艇の年齢,0.052,場特性:1x_diff_course4,0.0438,1号艇vs2号艇のlocal_win_rate差,0.0431,0.1247,北東 3.8m/s,[逃げ]1号艇のdominanceが不利(-23.4pt)、1号艇のracer_win_teが不利(-23.4pt) / [2着]3号艇のwin_rate_rank_2to6が有利(+9.0pt)、場特性:1x_diff_course3が有利(+4.9pt) / [候補2]4号艇のclass_rank_2to6が有利(+19.6pt)、4号艇のwin_rate_rank_2to6が有利(+18.6pt) / [除外]6号艇のwin_rate_rank_2to6が不利(-8.5pt)、6号艇のvs_avg456_diffが不利(-5.6pt)、天気+12.5pt
121,15,丸亀,8,18:28,0.4116660664442252,3,0.41294065926631296,6,0.21493004919713732,0.25847306478869747,0.1714818523428681,0.45638885612058216,0.20528493687185267,0.31784780218826286,1-3,1-6,0.03482010936293857,0.16999365687504817,0.07059325962055796,0.047779638806333576,0.08847940791364932,True,False,False,False,一般,2026-10-02,1号艇のdominance,-0.2214,節間得点の分散(2-6号艇),-0.1669,1号艇のsession_exh_rel_avg,0.1613,1号艇のracer_win_te,-0.1387,5号艇のsession_exh_rel_avg,-0.1153,1号艇vs6号艇のcumulative差,-0.0859,3号艇のwin_rate_rank_2to6,-0.0781,3号艇のsession_exh_rel_avg,0.0744,3号艇のcumulative_diff_rank_2to6,-0.0679,5号艇のsession_exh_rel_last,-0.0511,6号艇のwin_rate_rank_2to6,0.2231,6号艇の節間得点,0.1564,6号艇のclass_rank_2to6,0.1394,4号艇のsession_rank_diff_last,0.1267,avg_entry_count,-0.1162,0.0314,北 5.8m/s,[逃げ]1号艇のdominanceが不利(-22.1pt)、節間得点の分散(2-6号艇)が不利(-16.7pt) / [2着]1号艇vs6号艇のcumulative差が不利(-8.6pt)、3号艇のwin_rate_rank_2to6が不利(-7.8pt) / [候補2]6号艇のwin_rate_rank_2to6が有利(+22.3pt)、6号艇の節間得点が有利(+15.6pt) / [除外]2号艇のwin_rate_rank_2to6が不利(-7.2pt)、5号艇のracer_avgfin_teが不利(-6.3pt)、天気+3.1pt
122,24,大村,4,19:03,0.3920199612998365,2,0.4405540029186065,3,0.2375741435239674,0.2658397697247477,0.19796722618893514,0.48016092025363877,0.20268669553701144,0.330136114883415,1-2,1-3,0.17270596317464018,0.09313380655010751,0.07760710434922234,0.030123332969310097,0.01844975790752678,True,False,False,False,一般,2026-10-02,場特性:in_escape_diff,0.1386,1号艇のracer_win_te,-0.0912,1号艇の級別順位,-0.0848,ST差分(4-3),-0.0792,2号艇のsession_exh_rel_avg,-0.077,2号艇のsession_exh_rel_avg,0.1421,2号艇のwin_rate_rank_2to6,-0.1324,2号艇のclass_rank_2to6,-0.0519,2号艇の節間得点,0.0508,2号艇のモーター2連率,0.0428,3号艇のwin_rate_rank_2to6,-0.1112,6号艇の直近1着率,0.0773,3号艇のcumulative_diff_rank_2to6,-0.0512,3号艇の当地勝率,-0.0471,1号艇vs5号艇の枠別平均ST差,0.0359,0.0298,北 5.7m/s,[逃げ]場特性:in_escape_diffが有利(+13.9pt)、1号艇のracer_win_teが不利(-9.1pt) / [2着]2号艇のsession_exh_rel_avgが有利(+14.2pt)、2号艇のwin_rate_rank_2to6が不利(-13.2pt) / [候補2]3号艇のwin_rate_rank_2to6が不利(-11.1pt)、6号艇の直近1着率が有利(+7.7pt)、天気+3.0pt
123,24,大村,2,18:08,0.41381523991348057,2,0.4227941643484028,3,0.2707348027996563,0.2869928559273225,0.25609934878621243,0.4374296183618467,0.1987944357161834,0.3321238846576797,1-2,1-3,0.17495866855385384,0.11203418737346861,0.10597781345965264,0.016915707971047345,0.003928865831319675,True,False,False,False,一般,2026-10-02,1号艇のdominance,-0.1611,1号艇のracer_win_te,-0.1364,1号艇の女子戦比率,-0.1263,場特性:in_escape_diff,0.1238,1号艇のsession_exh_rel_avg,-0.1016,2号艇のwin_rate_rank_2to6,0.0582,3号艇の全国勝率,-0.0413,second_best_win_rate,0.0403,2号艇の節間得点,-0.0379,3号艇のracer_win_te,0.034,風向(度),0.0786,3号艇のwin_rate_rank_2to6,-0.0762,3号艇のracer_2nd_te,-0.0614,3号艇のracer_avgfin_te,-0.0581,3号艇のsession_exh_rel_avg,-0.058,-0.058,北 4.7m/s,[逃げ]1号艇のdominanceが不利(-16.1pt)、1号艇のracer_win_teが不利(-13.6pt) / [2着]2号艇のwin_rate_rank_2to6が有利(+5.8pt)、3号艇の全国勝率が不利(-4.1pt) / [候補2]風向(度)が有利(+7.9pt)、3号艇のwin_rate_rank_2to6が不利(-7.6pt) / [除外]6号艇の直近平均着順が不利(-9.2pt)、6号艇のwin_rate_rank_2to6が不利(-9.1pt)、天気-5.8pt
124,12,住之江,8,18:22,0.35554520427614855,2,0.3766046675116202,3,0.34028902684134493,0.2548881150030078,0.19895109108167147,0.5179426032712937,0.19403579270268906,0.3338044614834935,1-2,1-3,0.13389998344177,0.12098813156123778,0.02613499663780294,0.07073610631959552,0.0037859866468695474,True,False,False,False,予選,2026-10-02,1号艇のracer_win_te,-0.1343,1号艇の級別順位,-0.0868,1号艇の年齢,0.0828,1号艇のdominance,-0.0822,風速区分,0.0821,2号艇のsession_exh_rel_avg,0.0819,2号艇のwin_rate_rank_2to6,0.0672,2号艇のモーター2連率,0.0472,2号艇の全国勝率,0.0439,3号艇の枠別勝率,-0.0386,風向(度),0.0728,3号艇のsession_exh_rel_avg,-0.0653,3号艇のclass_rank_2to6,0.0553,場特性:1x_diff_course3,0.0491,3号艇の全国勝率,0.0458,-0.0175,北 1.7m/s,[逃げ]1号艇のracer_win_teが不利(-13.4pt)、1号艇の級別順位が不利(-8.7pt) / [2着]2号艇のsession_exh_rel_avgが有利(+8.2pt)、2号艇のwin_rate_rank_2to6が有利(+6.7pt) / [候補2]風向(度)が有利(+7.3pt)、3号艇のsession_exh_rel_avgが不利(-6.5pt) / [除外]6号艇のwin_rate_rank_2to6が不利(-6.8pt)、6号艇のsession_exh_rel_avgが不利(-5.2pt)、天気-1.8pt
125,07,蒲郡,1,15:21,0.5008346792735487,3,0.2864886945343778,4,0.24964381775159564,0.26851375483886747,0.24749222582088917,0.28864028646508433,0.18876767462055247,0.27455171432673253,1-3,1-4,0.09850026117799456,0.1434834734426228,0.12503028139624467,0.12395268954170173,0.009867976513616887,True,False,False,False,予選,2026-10-02,ST差分(3-2),-0.1043,1号艇の直近1着率,-0.0919,1号艇のsession_exh_rel_avg,-0.0881,1号艇のモーター2連率,0.0839,1号艇のvs_max234_diff,0.0785,3号艇のwin_rate_rank_2to6,-0.1188,3号艇の全国勝率,-0.0797,3号艇のcumulative_diff_rank_2to6,-0.0662,3号艇のsession_exh_rel_avg,0.0633,場特性:1x_diff_course3,0.0594,4号艇のwin_rate_rank_2to6,0.102,4号艇のclass_rank_2to6,-0.0992,4号艇のsession_exh_rel_avg,-0.093,4号艇のモーター2連率,0.0864,ST差分(2-1),0.0652,-0.0937,北西 5.6m/s,[逃げ]ST差分(3-2)が不利(-10.4pt)、1号艇の直近1着率が不利(-9.2pt) / [2着]3号艇のwin_rate_rank_2to6が不利(-11.9pt)、3号艇の全国勝率が不利(-8.0pt) / [候補2]4号艇のwin_rate_rank_2to6が有利(+10.2pt)、4号艇のclass_rank_2to6が不利(-9.9pt)、天気-9.4pt
126,16,児島,7,13:51,0.5063616883408337,3,0.2768872285111774,2,0.25368486560018855,0.268661381360763,0.2515114645396358,0.27906062957173017,0.18757568037121847,0.27178115582405316,1-3,1-2,0.12845629685182897,0.14020508450893404,0.1273557698213657,0.06454847181270126,0.04579606723234804,True,True,False,False,一般,2026-10-02,1号艇のsession_exh_rel_avg,-0.1745,1号艇のdominance,-0.121,1号艇のracer_win_te,0.1042,3号艇のsession_rank_diff_last,-0.0839,1号艇の勝率順位,-0.0807,3号艇のwin_rate_rank_2to6,-0.1242,3号艇の節間得点,-0.1096,3号艇のsession_exh_rel_avg,0.0815,3号艇のcumulative_diff_rank_2to6,-0.0722,6号艇の直近1着率,0.0651,2号艇のwin_rate_rank_2to6,-0.1649,2号艇の全国勝率,0.0688,2号艇の節間得点,-0.063,2号艇のracer_avgfin_te,0.0583,2号艇のsession_exh_rel_avg,-0.0547,-0.0443,北 5.0m/s,[逃げ]1号艇のsession_exh_rel_avgが不利(-17.5pt)、1号艇のdominanceが不利(-12.1pt) / [2着]3号艇のwin_rate_rank_2to6が不利(-12.4pt)、3号艇の節間得点が不利(-11.0pt) / [候補2]2号艇のwin_rate_rank_2to6が不利(-16.5pt)、2号艇の全国勝率が有利(+6.9pt)、天気-4.4pt
127,09,津,2,10:59,0.35338977153489587,2,0.4231936540706469,3,0.27794767673184906,0.24777617470596688,0.21931196279679055,0.4818293680057054,0.18256783965511159,0.31799213269588844,1-2,1-3,0.14955230872704367,0.09822386597892323,0.0775026044276274,0.020758193528102976,0.007352798544078734,False,False,True,False,予選,2026-10-02,1号艇のracer_win_te,-0.1576,1号艇の平均ST,-0.1342,1号艇のsession_avg_finish,-0.0816,1号艇の級別順位,0.0695,1号艇の全国勝率,-0.0663,2号艇のsession_exh_rel_avg,-0.0965,2号艇のwin_rate_rank_2to6,0.0759,second_best_win_rate,0.0507,2号艇のclass_rank_2to6,-0.0494,場特性:1x_diff_course2,0.0328,3号艇のwin_rate_rank_2to6,0.1503,3号艇のsession_exh_rel_avg,-0.1461,4号艇のsession_rank_diff_last,-0.1151,3号艇のsession_exh_rel_last,-0.0447,3号艇の当地勝率,0.0392,-0.0761,北西 5.4m/s,[逃げ]1号艇のracer_win_teが不利(-15.8pt)、1号艇の平均STが不利(-13.4pt) / [2着]2号艇のsession_exh_rel_avgが不利(-9.6pt)、2号艇のwin_rate_rank_2to6が有利(+7.6pt) / [候補2]3号艇のwin_rate_rank_2to6が有利(+15.0pt)、3号艇のsession_exh_rel_avgが不利(-14.6pt) / [除外]6号艇のwin_rate_rank_2to6が不利(-6.3pt)、6号艇のsession_exh_rel_avgが不利(-5.5pt)、天気-7.6pt
128,14,鳴門,12,14:13,0.4108052552059871,2,0.31163135469960573,3,0.28223633353630817,0.2439639672243442,0.2271278651313541,0.3667398231045599,0.1774707491707751,0.28079672398840894,1-2,1-3,0.12801979819755901,0.11594416902678517,0.09330532059967694,0.06316071576492271,0.010375240139277007,True,True,False,False,優勝戦,2026-10-02,6号艇の枠別出走数,-0.2385,場特性:in_escape_diff,-0.1667,4号艇の枠別出走数,-0.1403,1号艇の節間得点,0.1344,1号艇のsession_exh_rel_avg,0.1305,2号艇のwin_rate_rank_2to6,-0.1263,2号艇のsession_exh_rel_avg,0.1031,2号艇のclass_rank_2to6,0.0941,2号艇の全国勝率,0.0436,4号艇のracer_win_te,-0.0366,3号艇のsession_exh_rel_avg,-0.0731,3号艇のwin_rate_rank_2to6,0.0592,3号艇のcumulative_diff_rank_2to6,-0.0578,3号艇のsession_exh_rel_last,-0.048,avg_456_win_rate,-0.0441,-0.0387,北 7.6m/s,[逃げ]6号艇の枠別出走数が不利(-23.8pt)、場特性:in_escape_diffが不利(-16.7pt) / [2着]2号艇のwin_rate_rank_2to6が不利(-12.6pt)、2号艇のsession_exh_rel_avgが有利(+10.3pt) / [候補2]3号艇のsession_exh_rel_avgが不利(-7.3pt)、3号艇のwin_rate_rank_2to6が有利(+5.9pt) / [除外]4号艇の年齢が不利(-9.1pt)、天気-3.9pt
129,12,住之江,7,17:52,0.24180752708752434,2,0.5172232282531752,3,0.3253615993034624,0.20374335351293868,0.11051829727159748,0.7320665302850402,0.1767225113001525,0.3622403065445691,1-2,1-3,0.12506846977612646,0.07867488373681224,0.026724156161168876,0.007645241342235085,0.0036947776475873555,True,False,False,False,予選,2026-10-02,1号艇のdominance,-0.239,1号艇のsession_exh_rel_avg,-0.1201,1号艇の年齢,-0.111,5号艇の平均ST,0.0984,1号艇の全国勝率,-0.068,2号艇のwin_rate_rank_2to6,0.2091,2号艇のclass_rank_2to6,0.0952,2号艇のracer_avgfin_te,0.076,2号艇のsession_exh_rel_avg,0.0643,2号艇の全国勝率,0.056,風向(度),0.0677,場特性:1x_diff_course3,0.0675,3号艇のwin_rate_rank_2to6,0.0629,3号艇のclass_rank_2to6,0.0411,3号艇の全国勝率,0.0382,-0.0349,北 2.3m/s,[逃げ]1号艇のdominanceが不利(-23.9pt)、1号艇のsession_exh_rel_avgが不利(-12.0pt) / [2着]2号艇のwin_rate_rank_2to6が有利(+20.9pt)、2号艇のclass_rank_2to6が有利(+9.5pt) / [候補2]風向(度)が有利(+6.8pt)、場特性:1x_diff_course3が有利(+6.7pt) / [除外]6号艇のwin_rate_rank_2to6が不利(-6.8pt)、天気-3.5pt
130,06,浜名湖,3,12:20,0.36830227087226036,3,0.34182137626198866,4,0.3097649820510652,0.23998073543608409,0.2254637397057807,0.4261226186072732,0.1750523905535684,0.2958233003874408,1-3,1-4,0.08303880733299125,0.12589358910997178,0.11408714632611228,0.038050081641982335,0.007232643374128758,True,True,False,False,予選,2026-10-02,1号艇のracer_win_te,-0.1999,2号艇のsession_exh_rel_avg,-0.1831,1号艇の級別順位,-0.0976,1号艇のモーター2連率,0.0798,1号艇のdominance,0.0606,3号艇のwin_rate_rank_2to6,0.1693,6号艇のsession_rank_diff_delta,-0.0618,3号艇のclass_rank_2to6,0.0563,3号艇の当地勝率,0.0554,6号艇のsession_rank_diff_last,-0.0476,4号艇のwin_rate_rank_2to6,0.068,4号艇のsession_exh_rel_avg,0.0544,2号艇の一般戦2連率,0.0492,4号艇のcumulative_diff_rank_2to6,0.0456,場特性:1x_diff_course4,-0.0429,-0.0944,北西 5.3m/s,[逃げ]1号艇のracer_win_teが不利(-20.0pt)、2号艇のsession_exh_rel_avgが不利(-18.3pt) / [2着]3号艇のwin_rate_rank_2to6が有利(+16.9pt)、6号艇のsession_rank_diff_deltaが不利(-6.2pt) / [候補2]4号艇のwin_rate_rank_2to6が有利(+6.8pt)、4号艇のsession_exh_rel_avgが有利(+5.4pt) / [除外]6号艇のsession_exh_rel_avgが不利(-6.4pt)、2号艇のwin_rate_rank_2to6が不利(-5.8pt)、天気-9.4pt
131,22,福岡,3,12:07,0.23156333781799848,3,0.6554075399854391,2,0.189628413420718,0.1956793459469444,0.09557012555989412,0.749465827846263,0.17323802635299146,0.36181529051674,1-3,1-2,0.043910988356832804,0.1517683575901116,0.022130537270334295,0.013208919189639932,0.0005445377563841548,True,True,False,False,カタメン３予,2026-10-02,1号艇のdominance,-0.3617,1号艇のracer_win_te,-0.218,1号艇の年齢,-0.2032,1号艇のvs_max234_diff,-0.1321,ST差分(6-5),0.0996,3号艇のwin_rate_rank_2to6,0.2356,3号艇のsession_exh_rel_avg,-0.124,風向(度),0.0927,win_rate_gap_top2_2to6,0.0673,3号艇の全国勝率,0.0637,2号艇のwin_rate_rank_2to6,-0.1689,2号艇の全国勝率,-0.1682,2号艇のsession_avg_finish,-0.1069,2号艇のsession_exh_rel_avg,-0.1059,1号艇のsession_rank_diff_delta,0.0856,0.0723,北 5.4m/s,[逃げ]1号艇のdominanceが不利(-36.2pt)、1号艇のracer_win_teが不利(-21.8pt) / [2着]3号艇のwin_rate_rank_2to6が有利(+23.6pt)、3号艇のsession_exh_rel_avgが不利(-12.4pt) / [候補2]2号艇のwin_rate_rank_2to6が不利(-16.9pt)、2号艇の全国勝率が不利(-16.8pt) / [除外]6号艇の全国勝率が不利(-17.8pt)、6号艇の直近平均着順が不利(-14.3pt)、天気+7.2pt
132,04,平和島,1,10:55,0.3740993584502139,2,0.3279279407914677,3,0.27871042077849095,0.22694302187461043,0.21455647687454038,0.39208188469541827,0.16851250760499661,0.27648468072085275,1-2,1-3,0.1226776322679878,0.10426538960662264,0.03852414068092066,0.02836675136369299,0.08026544035010372,False,False,True,False,一般,2026-10-02,1号艇のdominance,-0.2323,1号艇のracer_win_te,-0.1584,1号艇の年齢,-0.116,1号艇の節間得点,0.107,場特性:in_escape_diff,-0.0965,2号艇のwin_rate_rank_2to6,-0.1491,1号艇の年齢,0.0648,2号艇のsession_exh_rel_avg,0.0602,2号艇の直近平均着順,-0.0525,2号艇の全国勝率,-0.0518,3号艇の節間得点,-0.1085,6号艇のracer_2nd_te,-0.0662,3号艇のsession_exh_rel_avg,0.0594,1号艇vs3号艇のcumulative差,-0.0523,3号艇のsession_exh_rel_last,-0.048,-0.0082,東 2.9m/s,[逃げ]1号艇のdominanceが不利(-23.2pt)、1号艇のracer_win_teが不利(-15.8pt) / [2着]2号艇のwin_rate_rank_2to6が不利(-14.9pt)、1号艇の年齢が有利(+6.5pt) / [候補2]3号艇の節間得点が不利(-10.9pt)、6号艇のracer_2nd_teが不利(-6.6pt)、天気-0.8pt
133,19,下関,7,18:15,0.2725646486458719,2,0.5255919040994239,3,0.18175879735472547,0.19279879541126124,0.12784417121373087,0.5795065302404185,0.16322095275883122,0.3088111158600084,1-2,1-3,0.14325777267197426,0.049541022739286976,0.034845801608293245,0.03383513296876674,0.011084913580638437,True,False,False,False,ふく～る特賞,2026-10-02,1号艇のdominance,-0.3358,1号艇のracer_win_te,-0.2315,1号艇の年齢,0.1375,1号艇のvs_max234_diff,-0.0964,1号艇の級別順位,-0.0804,2号艇の女子戦比率,-0.1405,2号艇のclass_rank_2to6,0.0629,2号艇の体重,-0.0602,2号艇の全国勝率,0.0514,2号艇のモーター2連率,0.0486,3号艇のwin_rate_rank_2to6,-0.1588,3号艇のsession_exh_rel_avg,-0.1144,3号艇の全国勝率,-0.106,3号艇の女子戦勝率,0.0999,3号艇の当地勝率,-0.0801,0.0324,北 3.8m/s,[逃げ]1号艇のdominanceが不利(-33.6pt)、1号艇のracer_win_teが不利(-23.2pt) / [2着]2号艇の女子戦比率が不利(-14.0pt)、2号艇のclass_rank_2to6が有利(+6.3pt) / [候補2]3号艇のwin_rate_rank_2to6が不利(-15.9pt)、3号艇のsession_exh_rel_avgが不利(-11.4pt) / [除外]6号艇の直近平均着順が不利(-9.4pt)、6号艇のwin_rate_rank_2to6が不利(-8.3pt)、天気+3.2pt
134,09,津,6,12:54,0.26645244606576535,3,0.4233112310026068,2,0.3214867094852485,0.19845323306773338,0.15252023733621936,0.592277703151636,0.16213147201857647,0.3166005740929041,1-3,1-2,0.08566092011997854,0.11279231294775482,0.04063939031276672,0.02572716042037644,0.0016326610241229119,True,True,False,False,予選,2026-10-02,1号艇のdominance,-0.1781,1号艇のracer_win_te,-0.1448,6号艇の枠別出走数,-0.1073,1号艇の級別順位,-0.1052,1号艇の全国勝率,-0.0739,3号艇のwin_rate_rank_2to6,0.1596,3号艇のsession_exh_rel_avg,0.0955,3号艇の当地勝率,0.0754,3号艇の全国勝率,0.0399,3号艇のcumulative_diff_rank_2to6,0.0399,2号艇のsession_exh_rel_avg,-0.0769,2号艇の全国勝率,0.0449,4号艇の一般戦勝率,-0.0438,場特性:1x_diff_course2,0.0326,4号艇の節間得点,0.0313,-0.0945,北西 5.5m/s,[逃げ]1号艇のdominanceが不利(-17.8pt)、1号艇のracer_win_teが不利(-14.5pt) / [2着]3号艇のwin_rate_rank_2to6が有利(+16.0pt)、3号艇のsession_exh_rel_avgが有利(+9.5pt) / [候補2]2号艇のsession_exh_rel_avgが不利(-7.7pt)、2号艇の全国勝率が有利(+4.5pt) / [除外]6号艇のvs_avg456_diffが不利(-12.4pt)、6号艇の直近平均着順が不利(-9.4pt)、天気-9.4pt
135,14,鳴門,2,09:01,0.38512639244870916,4,0.328791689755191,5,0.2983415845692482,0.24152557552511797,0.27961098772768267,0.34752228659675655,0.16048572984422768,0.27332458884660954,1-4,1-5,0.10768557099258272,0.033730322311964676,0.12662635734253191,0.11489921818258604,0.002184922363674664,False,False,True,False,どーなるなる,2026-10-02,場特性:in_escape_diff,-0.1764,1号艇のsession_exh_rel_avg,-0.1482,1号艇の直近1着率,-0.0962,1号艇の節間得点,-0.0748,1号艇の級別順位,0.0712,4号艇のwin_rate_rank_2to6,0.1998,4号艇のclass_rank_2to6,0.1297,4号艇の年齢,-0.0905,4号艇のsession_exh_rel_avg,-0.0693,4号艇のcumulative_diff_rank_2to6,0.0639,5号艇のclass_rank_2to6,0.1492,5号艇のwin_rate_rank_2to6,0.1427,3号艇のracer_avgfin_te,0.0782,5号艇のsession_exh_rel_avg,0.0757,1号艇vs5号艇のcumulative差,0.0719,-0.0328,北 6.0m/s,[逃げ]場特性:in_escape_diffが不利(-17.6pt)、1号艇のsession_exh_rel_avgが不利(-14.8pt) / [2着]4号艇のwin_rate_rank_2to6が有利(+20.0pt)、4号艇のclass_rank_2to6が有利(+13.0pt) / [候補2]5号艇のclass_rank_2to6が有利(+14.9pt)、5号艇のwin_rate_rank_2to6が有利(+14.3pt) / [除外]6号艇の節間得点が不利(-12.9pt)、6号艇の直近平均着順が不利(-7.9pt)、天気-3.3pt
136,06,浜名湖,9,15:24,0.44143051388644045,4,0.25912714137215587,3,0.24825220528936298,0.22397272573216068,0.24435058679205407,0.2630287598694648,0.1582992853824776,0.2356895359733519,1-4,1-3,0.0961250613507295,0.1095860985543256,0.11438662717783507,0.1078638050960697,0.013468929929764622,True,False,False,False,予選特賞,2026-10-02,1号艇の級別順位,-0.071,1号艇の勝率順位,-0.058,1号艇の節間得点,-0.0559,場特性:in_escape_diff,-0.0548,場×風速,-0.054,4号艇のclass_rank_2to6,0.1595,4号艇の年齢,-0.0954,4号艇のwin_rate_rank_2to6,0.0853,4号艇のモーター2連率,-0.0449,4号艇の節間得点,0.0441,3号艇のwin_rate_rank_2to6,-0.0746,3号艇のsession_exh_rel_avg,0.0639,3号艇の当地勝率,-0.0534,3号艇のracer_avgfin_te,-0.0496,3号艇のcumulative_diff_rank_2to6,-0.0495,-0.0946,北西 4.5m/s,[逃げ]1号艇の級別順位が不利(-7.1pt)、1号艇の勝率順位が不利(-5.8pt) / [2着]4号艇のclass_rank_2to6が有利(+16.0pt)、4号艇の年齢が不利(-9.5pt) / [候補2]3号艇のwin_rate_rank_2to6が不利(-7.5pt)、3号艇のsession_exh_rel_avgが有利(+6.4pt) / [除外]6号艇のwin_rate_rank_2to6が不利(-7.2pt)、6号艇のvs_avg456_diffが不利(-6.2pt)、天気-9.5pt
137,14,鳴門,9,12:27,0.28608309755222816,4,0.48923697175761216,3,0.18212886232678369,0.19206641740559924,0.15676308141346434,0.5146027526709316,0.1559357092913436,0.2888273179851989,1-4,1-3,0.044847267912596,0.05210398908810959,0.13996242831748965,0.028353737357497993,0.020815678073762677,True,True,False,False,なるちゃん特,2026-10-02,1号艇のdominance,-0.3799,1号艇のracer_win_te,-0.2581,場特性:in_escape_diff,-0.1375,1号艇のsession_exh_rel_avg,0.1304,1号艇のvs_max234_diff,-0.1287,4号艇のwin_rate_rank_2to6,0.1883,4号艇のclass_rank_2to6,0.0842,4号艇の年齢,-0.0824,4号艇のsession_exh_rel_avg,0.0799,4号艇の全国勝率,0.0776,3号艇のwin_rate_rank_2to6,-0.1156,3号艇のracer_avgfin_te,-0.0841,3号艇の節間得点,-0.0814,3号艇のsession_exh_rel_avg,-0.0756,3号艇の全国勝率,-0.0744,-0.0613,北 7.3m/s,[逃げ]1号艇のdominanceが不利(-38.0pt)、1号艇のracer_win_teが不利(-25.8pt) / [2着]4号艇のwin_rate_rank_2to6が有利(+18.8pt)、4号艇のclass_rank_2to6が有利(+8.4pt) / [候補2]3号艇のwin_rate_rank_2to6が不利(-11.6pt)、3号艇のracer_avgfin_teが不利(-8.4pt) / [除外]6号艇のsession_exh_rel_avgが不利(-7.7pt)、2号艇のwin_rate_rank_2to6が不利(-6.4pt)、天気-6.1pt
138,07,蒲郡,4,16:44,0.30049469275199514,2,0.4515855393029957,3,0.25602265287019677,0.2126325062958782,0.2263836124014366,0.4812245797717559,0.15486868842879967,0.29321012833864146,1-2,1-3,0.13569905788409772,0.07693344841178049,0.06802707405265644,0.016064686054913124,0.0037704176729651366,True,False,False,False,予選,2026-10-02,1号艇のdominance,-0.3264,1号艇のracer_win_te,-0.1834,1号艇のvs_max234_diff,-0.1317,1号艇のモーター2連率,0.0951,1号艇の全国勝率,-0.0872,2号艇のwin_rate_rank_2to6,0.2227,2号艇のclass_rank_2to6,0.1291,2号艇の当地勝率,0.0965,2号艇のracer_avgfin_te,0.0847,2号艇の節間得点,0.0505,3号艇のwin_rate_rank_2to6,-0.1141,1号艇のvs_max234_diff,-0.0744,3号艇のcumulative_diff_rank_2to6,0.0539,3号艇の全国勝率,-0.0471,3号艇の当地勝率,-0.0466,-0.0764,北西 6.0m/s,[逃げ]1号艇のdominanceが不利(-32.6pt)、1号艇のracer_win_teが不利(-18.3pt) / [2着]2号艇のwin_rate_rank_2to6が有利(+22.3pt)、2号艇のclass_rank_2to6が有利(+12.9pt) / [候補2]3号艇のwin_rate_rank_2to6が不利(-11.4pt)、1号艇のvs_max234_diffが不利(-7.4pt) / [除外]6号艇のwin_rate_rank_2to6が不利(-6.9pt)、天気-7.6pt
139,23,唐津,9,12:36,0.2390763449962931,4,0.5199542177375746,2,0.2540671765855361,0.18505020590370383,0.14047901227691528,0.6335423820461954,0.1538554017273133,0.3195978587464513,1-4,1-2,0.060741451961597755,0.033585208803854294,0.12430875394210608,0.015501393578827558,0.004939538268507814,True,True,False,False,予選,2026-10-02,1号艇のdominance,-0.487,1号艇のvs_max234_diff,-0.287,1号艇のracer_win_te,-0.2417,1号艇の全国2連率,-0.1925,1号艇のsession_exh_rel_avg,0.1376,4号艇のclass_rank_2to6,0.2377,4号艇のwin_rate_rank_2to6,0.2265,4号艇の全国勝率,0.1093,4号艇のsession_exh_rel_avg,0.0724,1号艇の一般戦2連率,0.0571,2号艇のsession_exh_rel_avg,-0.1176,1号艇vs6号艇の枠別平均ST差,0.0611,2号艇の全国勝率,0.0497,1号艇の女子戦2連率,0.0451,1号艇vs2号艇のplace_rate差,-0.0406,-0.0458,北東 6.7m/s,[逃げ]1号艇のdominanceが不利(-48.7pt)、1号艇のvs_max234_diffが不利(-28.7pt) / [2着]4号艇のclass_rank_2to6が有利(+23.8pt)、4号艇のwin_rate_rank_2to6が有利(+22.6pt) / [候補2]2号艇のsession_exh_rel_avgが不利(-11.8pt)、1号艇vs6号艇の枠別平均ST差が有利(+6.1pt) / [除外]6号艇のwin_rate_rank_2to6が不利(-5.4pt)、天気-4.6pt
140,07,蒲郡,2,15:48,0.35254770143286024,4,0.3265635230059457,3,0.23636055615976,0.198457590191079,0.22213491087085474,0.340789168294851,0.14555635926059105,0.24115706362221062,1-4,1-3,0.07831315223551312,0.08332837078351586,0.11512921940756314,0.06650213101343408,0.009274824052806444,True,False,False,False,予選,2026-10-02,6号艇の枠別出走数,-0.0868,1号艇のdominance,-0.0737,1号艇の全国勝率,-0.0705,1号艇の級別順位,-0.0695,4号艇のsession_exh_rel_avg,-0.0668,4号艇のclass_rank_2to6,0.1387,4号艇のモーター2連率,0.0953,4号艇のwin_rate_rank_2to6,-0.0848,4号艇のsession_exh_rel_avg,0.0747,4号艇の節間得点,0.0625,3号艇のsession_exh_rel_avg,0.1372,3号艇のwin_rate_rank_2to6,-0.1188,3号艇のcumulative_diff_rank_2to6,-0.0575,5号艇の一般戦2連率,-0.0504,3号艇の当地勝率,-0.049,-0.0715,北西 5.7m/s,[逃げ]6号艇の枠別出走数が不利(-8.7pt)、1号艇のdominanceが不利(-7.4pt) / [2着]4号艇のclass_rank_2to6が有利(+13.9pt)、4号艇のモーター2連率が有利(+9.5pt) / [候補2]3号艇のsession_exh_rel_avgが有利(+13.7pt)、3号艇のwin_rate_rank_2to6が不利(-11.9pt) / [除外]6号艇のsession_exh_rel_avgが不利(-8.3pt)、天気-7.2pt
141,23,唐津,10,13:09,0.3023024600613671,2,0.3144721187650156,4,0.30770461977846786,0.188085558654653,0.20107084046910886,0.4211058980743746,0.1427033330241015,0.25799166048056943,1-2,1-4,0.09506569512337461,0.06078420972041829,0.09301986353127842,0.04769473771834949,0.005737952278699627,True,True,False,False,予選特賞,2026-10-02,1号艇のdominance,-0.2293,1号艇のsession_exh_rel_avg,0.1399,1号艇の直近1着率,-0.1296,1号艇のvs_max234_diff,-0.1278,風速区分,-0.1011,2号艇のwin_rate_rank_2to6,-0.1384,2号艇のsession_exh_rel_avg,0.1071,2号艇の体重,-0.0713,2号艇のclass_rank_2to6,-0.0603,2号艇の全国勝率,0.0565,4号艇のwin_rate_rank_2to6,0.1474,4号艇のclass_rank_2to6,0.1151,4号艇の全国勝率,0.0707,4号艇のsession_exh_rel_avg,0.0654,3号艇のsession_exh_rel_delta,0.0499,-0.0121,北東 6.6m/s,[逃げ]1号艇のdominanceが不利(-22.9pt)、1号艇のsession_exh_rel_avgが有利(+14.0pt) / [2着]2号艇のwin_rate_rank_2to6が不利(-13.8pt)、2号艇のsession_exh_rel_avgが有利(+10.7pt) / [候補2]4号艇のwin_rate_rank_2to6が有利(+14.7pt)、4号艇のclass_rank_2to6が有利(+11.5pt) / [除外]6号艇のwin_rate_rank_2to6が不利(-5.7pt)、6号艇のvs_avg456_diffが不利(-5.3pt)、天気-1.2pt
142,06,浜名湖,1,11:22,0.30735331758199136,3,0.3489081979312526,5,0.23832114767555168,0.18048688755375308,0.2197671026214357,0.36746224298536856,0.13288879114713406,0.23657949418323773,1-3,1-5,0.06754614808608021,0.10723809216572458,0.05357721069077292,0.0732487953880285,0.0057430678164441485,True,True,False,False,予選,2026-10-02,1号艇のracer_win_te,-0.1562,1号艇のdominance,-0.1541,1号艇の女子戦比率,-0.1474,1号艇のsession_exh_rel_avg,-0.1053,1号艇の級別順位,-0.0781,3号艇のsession_exh_rel_avg,-0.1434,3号艇の節間得点,-0.1147,3号艇の当地勝率,0.0716,3号艇のcumulative_diff_rank_2to6,-0.0512,2号艇の直近複勝率,0.0406,5号艇のwin_rate_rank_2to6,0.2235,5号艇のclass_rank_2to6,0.149,5号艇の直近平均着順,0.0624,3号艇のracer_2nd_te,0.0559,1号艇vs5号艇のlocal_win_rate差,0.0501,-0.0568,北西 4.9m/s,[逃げ]1号艇のracer_win_teが不利(-15.6pt)、1号艇のdominanceが不利(-15.4pt) / [2着]3号艇のsession_exh_rel_avgが不利(-14.3pt)、3号艇の節間得点が不利(-11.5pt) / [候補2]5号艇のwin_rate_rank_2to6が有利(+22.3pt)、5号艇のclass_rank_2to6が有利(+14.9pt) / [除外]6号艇のwin_rate_rank_2to6が不利(-7.7pt)、天気-5.7pt
143,18,徳山,8,12:09,0.3272146698584911,2,0.2986907166639747,4,0.28947052273134233,0.19245498577229964,0.27185987303024683,0.3163013663650702,0.12967004017698522,0.22960889995013078,1-2,1-4,0.09773598424299859,0.08895653860136353,0.09471900152930103,0.020612611922074097,0.025190529905844982,True,True,False,False,予選,2026-10-02,1号艇のdominance,-0.2525,1号艇のracer_win_te,-0.1903,場特性:in_escape_diff,0.1745,1号艇の年齢,0.1235,場特性:1x_diff_course2,0.0963,2号艇のracer_avgfin_te,-0.0473,2号艇のsession_exh_rel_avg,-0.0458,場特性:1x_diff_course2,0.0405,3号艇の全国勝率,-0.0385,場特性:in_escape_diff,0.0378,4号艇のclass_rank_2to6,0.1162,5号艇のracer_win_te,0.0752,4号艇のwin_rate_rank_2to6,0.0708,4号艇の年齢,0.0587,1号艇の枠別勝率,0.0461,0.0175,北 3.2m/s,[逃げ]1号艇のdominanceが不利(-25.2pt)、1号艇のracer_win_teが不利(-19.0pt) / [2着]2号艇のracer_avgfin_teが不利(-4.7pt)、2号艇のsession_exh_rel_avgが不利(-4.6pt) / [候補2]4号艇のclass_rank_2to6が有利(+11.6pt)、5号艇のracer_win_teが有利(+7.5pt) / [除外]5号艇のracer_win_teが不利(-14.0pt)、天気+1.8pt
144,14,鳴門,7,11:17,0.23679705741407256,3,0.40163035828650484,2,0.26140029038927115,0.1570037065817675,0.1521178622401417,0.5109127864356343,0.12834402473097115,0.26317643053792755,1-3,1-2,0.06189881957136348,0.09510488701040402,0.023695714283881782,0.03602106215858482,0.020076571743425118,True,True,False,False,一般,2026-10-02,1号艇のdominance,-0.2584,3号艇のsession_exh_rel_avg,-0.1733,場特性:in_escape_diff,-0.1307,1号艇のracer_win_te,-0.1301,3号艇のsession_exh_rel_last,-0.1114,3号艇のsession_exh_rel_avg,0.0848,1号艇vs3号艇のcumulative差,0.0841,3号艇の当地勝率,0.0779,6号艇のracer_2nd_te,-0.0644,3号艇の枠別勝率,-0.0477,2号艇のwin_rate_rank_2to6,-0.1517,2号艇の全国勝率,-0.0898,2号艇の節間得点,-0.0613,2号艇のsession_exh_rel_avg,0.0596,2号艇のsession_avg_finish,-0.0592,-0.0387,北 7.5m/s,[逃げ]1号艇のdominanceが不利(-25.8pt)、3号艇のsession_exh_rel_avgが不利(-17.3pt) / [2着]3号艇のsession_exh_rel_avgが有利(+8.5pt)、1号艇vs3号艇のcumulative差が有利(+8.4pt) / [候補2]2号艇のwin_rate_rank_2to6が不利(-15.2pt)、2号艇の全国勝率が不利(-9.0pt) / [除外]3号艇の節間得点が不利(-8.4pt)、天気-3.9pt
145,06,浜名湖,5,13:17,0.2887567190546758,2,0.3729905520594308,3,0.2778226177109422,0.1879266756204666,0.27771973925430987,0.3730934305160631,0.1252975387977723,0.24347670208914554,1-2,1-3,0.1077035280510735,0.08022314756939314,0.08019344072379458,0.007661390216285545,0.01297521518338559,True,True,False,False,予選,2026-10-02,1号艇のdominance,-0.2186,6号艇の枠別出走数,-0.1988,1号艇のracer_win_te,-0.1269,1号艇のsession_exh_rel_avg,-0.0863,1号艇の級別順位,-0.0833,2号艇のclass_rank_2to6,0.0595,2号艇のwin_rate_rank_2to6,0.0594,2号艇のモーター2連率,-0.0403,2号艇の全国勝率,0.0359,場×風向,-0.0305,3号艇のsession_exh_rel_avg,-0.1652,3号艇のsession_exh_rel_last,-0.0665,3号艇のwin_rate_rank_2to6,-0.0525,3号艇のcumulative_diff_rank_2to6,0.0425,5号艇のracer_win_te,-0.0412,-0.0934,北西 5.1m/s,[逃げ]1号艇のdominanceが不利(-21.9pt)、6号艇の枠別出走数が不利(-19.9pt) / [2着]2号艇のclass_rank_2to6が有利(+6.0pt)、2号艇のwin_rate_rank_2to6が有利(+5.9pt) / [候補2]3号艇のsession_exh_rel_avgが不利(-16.5pt)、3号艇のsession_exh_rel_lastが不利(-6.7pt) / [除外]6号艇のwin_rate_rank_2to6が不利(-6.6pt)、天気-9.3pt
146,04,平和島,5,12:57,0.22276135057629248,4,0.3582488722499656,3,0.3580143243459479,0.15955575704179817,0.20216155141025877,0.5141016451856546,0.12084850978578829,0.26591952348495507,1-4,1-3,0.04503378022674783,0.07975175441696218,0.079804002624836,0.012078073678900837,0.006093742118397745,True,True,False,False,一般,2026-10-02,4号艇のsession_exh_rel_avg,-0.2918,1号艇のdominance,-0.2057,1号艇のracer_win_te,-0.1213,4号艇のsession_exh_rel_last,-0.117,場特性:in_escape_diff,-0.0928,4号艇のwin_rate_rank_2to6,0.1788,4号艇のclass_rank_2to6,0.1558,4号艇のsession_exh_rel_avg,0.0864,4号艇の一般戦2連率,0.0861,1号艇の平均ST,0.077,3号艇のsession_exh_rel_avg,0.1373,3号艇のsession_rank_diff_delta,0.0548,3号艇の年齢,-0.0486,1号艇vs3号艇のcumulative差,0.0435,3号艇のcumulative_diff_rank_2to6,0.0396,-0.0464,東 3.4m/s,[逃げ]4号艇のsession_exh_rel_avgが不利(-29.2pt)、1号艇のdominanceが不利(-20.6pt) / [2着]4号艇のwin_rate_rank_2to6が有利(+17.9pt)、4号艇のclass_rank_2to6が有利(+15.6pt) / [候補2]3号艇のsession_exh_rel_avgが有利(+13.7pt)、3号艇のsession_rank_diff_deltaが有利(+5.5pt) / [除外]6号艇のsession_exh_rel_avgが不利(-8.3pt)、天気-4.6pt
147,22,福岡,4,12:39,0.2925077723910453,3,0.29857185706571965,2,0.22225503934172816,0.1523459152694843,0.18260723456726333,0.3382196618401845,0.11896255572750933,0.20810803924069435,1-3,1-2,0.06501132646053304,0.08733458880895123,0.05341403540575928,0.03907616122789785,0.0476716626672566,True,True,False,False,予選,2026-10-02,1号艇のdominance,-0.3168,1号艇のsession_exh_rel_avg,-0.1637,1号艇のracer_win_te,-0.1518,1号艇の級別順位,-0.0846,ST差分(4-3),-0.0779,3号艇のsession_exh_rel_avg,-0.1663,3号艇のモーター2連率,0.1264,風向(度),0.0795,3号艇のwin_rate_rank_2to6,-0.0695,2号艇の全国勝率,0.0478,2号艇のwin_rate_rank_2to6,-0.1608,2号艇のsession_exh_rel_avg,-0.0806,2号艇のsession_avg_finish,-0.0671,2号艇のclass_rank_2to6,-0.0532,2号艇のモーター2連率,-0.0414,-0.0061,北 5.7m/s,[逃げ]1号艇のdominanceが不利(-31.7pt)、1号艇のsession_exh_rel_avgが不利(-16.4pt) / [2着]3号艇のsession_exh_rel_avgが不利(-16.6pt)、3号艇のモーター2連率が有利(+12.6pt) / [候補2]2号艇のwin_rate_rank_2to6が不利(-16.1pt)、2号艇のsession_exh_rel_avgが不利(-8.1pt) / [除外]1号艇vs5号艇の枠別平均ST差が不利(-6.3pt)、天気-0.6pt
148,14,鳴門,11,13:36,0.2413305772265896,2,0.339158942730366,4,0.3083870779613316,0.15627265495430853,0.2035610852130435,0.44398493547865414,0.11809941747636148,0.2425863391116122,1-2,1-4,0.08184942342067908,0.04912551419533478,0.07442323153362944,0.03086529789112304,0.005067115579982014,True,True,False,False,選抜戦,2026-10-02,4号艇のsession_exh_rel_avg,-0.3904,4号艇のsession_rank_diff_delta,-0.2573,場特性:in_escape_diff,-0.1591,max_234_frame_win_rate,-0.1538,4号艇のsession_exh_rel_last,-0.1473,2号艇のwin_rate_rank_2to6,0.16,4号艇の枠別勝率,-0.0707,max_234_frame_win_rate,0.0631,2号艇のsession_exh_rel_avg,-0.057,3号艇の節間出走数,0.0516,4号艇の節間得点,0.2474,4号艇のclass_rank_2to6,0.1418,4号艇のsession_rank_diff_last,-0.1394,4号艇のsession_exh_rel_avg,0.1077,4号艇のwin_rate_rank_2to6,-0.0898,-0.0542,北 7.7m/s,[逃げ]4号艇のsession_exh_rel_avgが不利(-39.0pt)、4号艇のsession_rank_diff_deltaが不利(-25.7pt) / [2着]2号艇のwin_rate_rank_2to6が有利(+16.0pt)、4号艇の枠別勝率が不利(-7.1pt) / [候補2]4号艇の節間得点が有利(+24.7pt)、4号艇のclass_rank_2to6が有利(+14.2pt) / [除外]6号艇のvs_avg456_diffが不利(-7.4pt)、6号艇のwin_rate_rank_2to6が不利(-6.8pt)、天気-5.4pt
149,23,唐津,8,12:04,0.23369432176016383,4,0.40251274085445454,3,0.29445574660670254,0.16287757796544233,0.25926799401256473,0.4377004934485923,0.11220284647497192,0.24532445261038732,1-4,1-3,0.06058945801488453,0.068812635991636,0.09406494197380634,0.004798236071242226,0.005429044702764379,True,True,False,False,８っぴータイ,2026-10-02,1号艇のdominance,-0.2506,1号艇のracer_win_te,-0.1359,1号艇のvs_max234_diff,-0.081,1号艇のsession_exh_rel_avg,-0.0738,ST差分(4-3),-0.0694,4号艇のclass_rank_2to6,0.1959,4号艇のwin_rate_rank_2to6,0.1936,4号艇のモーター2連率,0.0971,5号艇のracer_win_te,0.0593,4号艇のsession_exh_rel_avg,0.0512,4号艇のsession_rank_diff_last,-0.1096,1号艇vs6号艇のplace_rate差,0.0768,3号艇のsession_exh_rel_avg,0.0736,1号艇vs2号艇のplace_rate差,0.0475,3号艇のwin_rate_rank_2to6,0.0442,-0.051,北東 6.7m/s,[逃げ]1号艇のdominanceが不利(-25.1pt)、1号艇のracer_win_teが不利(-13.6pt) / [2着]4号艇のclass_rank_2to6が有利(+19.6pt)、4号艇のwin_rate_rank_2to6が有利(+19.4pt) / [候補2]4号艇のsession_rank_diff_lastが不利(-11.0pt)、1号艇vs6号艇のplace_rate差が有利(+7.7pt) / [除外]5号艇のracer_win_teが不利(-12.2pt)、6号艇のwin_rate_rank_2to6が不利(-6.3pt)、天気-5.1pt
150,22,福岡,6,13:39,0.20055967005484807,2,0.32835244471971536,3,0.32324131925973043,0.1306834303135142,0.13246168360396926,0.5191320803754765,0.1099107736753501,0.24721802533210288,1-2,1-3,0.06585425797468886,0.06482917233882535,0.026566471558521754,0.01774601487804788,0.02556375405190724,True,True,False,False,予選,2026-10-02,1号艇のdominance,-0.5157,6号艇の枠別出走数,-0.1802,1号艇の全国2連率,-0.1439,1号艇のsession_exh_rel_avg,0.1319,1号艇の級別順位,-0.0948,2号艇のclass_rank_2to6,0.081,1号艇vs6号艇の直近複勝率差,-0.0635,6号艇の女子戦2連率,0.0596,1号艇の枠別平均ST,-0.0534,2号艇のwin_rate_rank_2to6,-0.0522,3号艇のsession_exh_rel_avg,0.1203,3号艇のwin_rate_rank_2to6,-0.116,3号艇の全国勝率,-0.0862,風向(度),0.0616,6号艇の直近1着率,0.0581,0.0035,北 5.7m/s,[逃げ]1号艇のdominanceが不利(-51.6pt)、6号艇の枠別出走数が不利(-18.0pt) / [2着]2号艇のclass_rank_2to6が有利(+8.1pt)、1号艇vs6号艇の直近複勝率差が不利(-6.4pt) / [候補2]3号艇のsession_exh_rel_avgが有利(+12.0pt)、3号艇のwin_rate_rank_2to6が不利(-11.6pt)、天気+0.3pt
151,07,蒲郡,3,16:16,0.2624582409245196,5,0.2982714359178861,4,0.25862056197238736,0.14616089415122244,0.2247669874516781,0.3321250104385953,0.1067383215172858,0.2019501290374343,1-5,1-4,0.04748332264511474,0.05899194814447101,0.0678770977621835,0.07828379638903894,0.009822076472577983,True,False,False,False,予選,2026-10-02,1号艇のdominance,-0.2301,1号艇のracer_win_te,-0.1976,1号艇の年齢,-0.1452,1号艇の級別順位,-0.0813,1号艇vs4号艇のcumulative差,-0.0663,5号艇のwin_rate_rank_2to6,0.2342,5号艇のclass_rank_2to6,0.188,1号艇のsession_rank_diff_last,-0.0793,3号艇のsession_rank_diff_last,0.0679,5号艇のracer_avgfin_te,0.0489,4号艇のclass_rank_2to6,0.1257,4号艇のsession_exh_rel_avg,-0.0786,4号艇のwin_rate_rank_2to6,0.0783,4号艇の節間得点,0.0624,1号艇vs4号艇のcumulative差,0.0598,-0.0515,北西 5.7m/s,[逃げ]1号艇のdominanceが不利(-23.0pt)、1号艇のracer_win_teが不利(-19.8pt) / [2着]5号艇のwin_rate_rank_2to6が有利(+23.4pt)、5号艇のclass_rank_2to6が有利(+18.8pt) / [候補2]4号艇のclass_rank_2to6が有利(+12.6pt)、4号艇のsession_exh_rel_avgが不利(-7.9pt) / [除外]6号艇のwin_rate_rank_2to6が不利(-6.6pt)、6号艇のvs_avg456_diffが不利(-5.5pt)、天気-5.2pt
152,04,平和島,2,11:25,0.2417521788331722,3,0.3060647725813361,6,0.25832867131446463,0.13644334478096756,0.1833323254090629,0.3810611184867378,0.1064259739586252,0.20982867689269863,1-3,1-6,0.0399713583134664,0.07399182563561735,0.0443209891181931,0.021016483918754016,0.062451519145350215,True,True,False,False,一般,2026-10-02,1号艇のracer_win_te,-0.3342,1号艇の年齢,-0.295,1号艇のdominance,-0.1991,1号艇のsession_exh_rel_avg,0.1143,場特性:in_escape_diff,-0.1076,3号艇のsession_exh_rel_avg,-0.1011,3号艇の年齢,-0.0757,3号艇の節間得点,-0.0567,3号艇のwin_rate_rank_2to6,-0.0381,4号艇の年齢,0.0359,6号艇のwin_rate_rank_2to6,0.2017,3号艇のracer_win_te,-0.1979,6号艇のclass_rank_2to6,0.17,6号艇のsession_exh_rel_avg,0.1629,6号艇の節間得点,0.1602,-0.0768,北東 3.1m/s,[逃げ]1号艇のracer_win_teが不利(-33.4pt)、1号艇の年齢が不利(-29.5pt) / [2着]3号艇のsession_exh_rel_avgが不利(-10.1pt)、3号艇の年齢が不利(-7.6pt) / [候補2]6号艇のwin_rate_rank_2to6が有利(+20.2pt)、3号艇のracer_win_teが不利(-19.8pt)、天気-7.7pt
153,24,大村,1,17:41,0.23248117432547144,3,0.37031992180546536,4,0.21067347576556372,0.13507002734265836,0.18234696375462872,0.39864643381640036,0.10551449608643224,0.21414294928478095,1-3,1-4,0.042392236268360264,0.08609241029745135,0.048977617045207006,0.03829612461432327,0.01672278176983025,True,False,False,False,一般,2026-10-02,1号艇のdominance,-0.3292,1号艇の全国2連率,-0.2205,1号艇のracer_win_te,-0.2101,1号艇の年齢,0.1425,場特性:in_escape_diff,0.1389,1号艇のvs_max234_diff,-0.099,3号艇のsession_exh_rel_avg,0.0883,1号艇の一般戦2連率,0.0839,3号艇のwin_rate_rank_2to6,-0.0807,3号艇のracer_avgfin_te,-0.0677,4号艇のwin_rate_rank_2to6,-0.1625,4号艇のclass_rank_2to6,-0.0863,3号艇の年齢,0.0808,4号艇の全国勝率,-0.079,4号艇のsession_exh_rel_avg,0.0677,0.0461,北 4.6m/s,[逃げ]1号艇のdominanceが不利(-32.9pt)、1号艇の全国2連率が不利(-22.1pt) / [2着]1号艇のvs_max234_diffが不利(-9.9pt)、3号艇のsession_exh_rel_avgが有利(+8.8pt) / [候補2]4号艇のwin_rate_rank_2to6が不利(-16.3pt)、4号艇のclass_rank_2to6が不利(-8.6pt) / [除外]1号艇vs6号艇の枠別勝率差が不利(-7.0pt)、天気+4.6pt
154,23,唐津,4,10:01,0.19463784163555314,3,0.39945147601859904,2,0.3268941034013274,0.14137433585981973,0.21145470286382317,0.5148908765561033,0.10550121404164951,0.2534292980687048,1-3,1-2,0.0636259627294237,0.07774837313039604,0.04115708696910176,0.0066446763519798415,0.00546174462989922,False,False,True,False,おは４戦,2026-10-02,1号艇のdominance,-0.2476,1号艇のracer_win_te,-0.2409,1号艇のsession_exh_rel_avg,0.1612,1号艇の体重,-0.1328,1号艇の年齢,0.1176,3号艇のsession_exh_rel_delta,0.0544,1号艇vs2号艇のplace_rate差,0.0505,3号艇のwin_rate_rank_2to6,-0.0487,風向(度),0.046,3号艇の枠別勝率,0.0445,2号艇のモーター2連率,0.1326,2号艇のsession_exh_rel_avg,-0.0731,2号艇のwin_rate_rank_2to6,0.065,1号艇の枠別平均ST,-0.0507,1号艇vs6号艇の直近複勝率差,-0.0438,-0.0211,北東 6.5m/s,[逃げ]1号艇のdominanceが不利(-24.8pt)、1号艇のracer_win_teが不利(-24.1pt) / [2着]3号艇のsession_exh_rel_deltaが有利(+5.4pt)、1号艇vs2号艇のplace_rate差が有利(+5.0pt) / [候補2]2号艇のモーター2連率が有利(+13.3pt)、2号艇のsession_exh_rel_avgが不利(-7.3pt) / [除外]6号艇のwin_rate_rank_2to6が不利(-5.7pt)、5号艇のwin_rate_rank_2to6が不利(-5.2pt)、天気-2.1pt
155,22,福岡,2,11:36,0.2387358592794217,4,0.2986355444704006,5,0.2702868836603243,0.13582218474312363,0.21203861292790738,0.3568838152028174,0.10126272755379973,0.20214067388103174,1-4,1-5,0.050621220457760664,0.046443791699078675,0.07129501332051903,0.0645271714226046,0.005848662379458723,True,True,False,False,予選,2026-10-02,1号艇のdominance,-0.3423,1号艇のracer_win_te,-0.3329,1号艇の年齢,-0.2136,1号艇の級別順位,-0.0852,1号艇のsession_exh_rel_avg,0.0754,4号艇のclass_rank_2to6,0.1035,4号艇のwin_rate_rank_2to6,0.07,4号艇のモーター2連率,0.0558,4号艇のsession_exh_rel_avg,0.0543,1号艇の一般戦2連率,-0.0412,5号艇のwin_rate_rank_2to6,0.2303,5号艇のclass_rank_2to6,0.1787,5号艇のsession_exh_rel_avg,-0.1387,1号艇の年齢,0.0599,1号艇のモーター2連率,0.0521,-0.0053,北 5.3m/s,[逃げ]1号艇のdominanceが不利(-34.2pt)、1号艇のracer_win_teが不利(-33.3pt) / [2着]4号艇のclass_rank_2to6が有利(+10.4pt)、4号艇のwin_rate_rank_2to6が有利(+7.0pt) / [候補2]5号艇のwin_rate_rank_2to6が有利(+23.0pt)、5号艇のclass_rank_2to6が有利(+17.9pt) / [除外]6号艇のvs_avg456_diffが不利(-7.3pt)、6号艇のwin_rate_rank_2to6が不利(-6.6pt)、天気-0.5pt
156,09,津,8,13:55,0.2603942294472169,5,0.2854230095413737,4,0.27214067313240176,0.14518636551759032,0.26383690313619407,0.29372677953758136,0.09921974025067767,0.18974848972358763,1-5,1-4,0.06870160709188926,0.03616027772152642,0.07086386088155867,0.07432250463603164,0.01034597960123295,True,True,False,False,予選,2026-10-02,1号艇のracer_win_te,-0.2148,1号艇の年齢,-0.1167,1号艇の級別順位,-0.082,1号艇のdominance,-0.0812,5号艇の節間得点,-0.077,5号艇のwin_rate_rank_2to6,0.2078,5号艇のclass_rank_2to6,0.1865,5号艇のsession_exh_rel_avg,0.1091,1号艇のsession_rank_diff_last,0.0696,5号艇の節間得点,0.0673,4号艇のclass_rank_2to6,0.135,4号艇のwin_rate_rank_2to6,0.087,4号艇の年齢,-0.0738,1号艇のsession_rank_diff_delta,0.0517,4号艇の節間得点,0.0491,-0.0705,北西 4.4m/s,[逃げ]1号艇のracer_win_teが不利(-21.5pt)、1号艇の年齢が不利(-11.7pt) / [2着]5号艇のwin_rate_rank_2to6が有利(+20.8pt)、5号艇のclass_rank_2to6が有利(+18.7pt) / [候補2]4号艇のclass_rank_2to6が有利(+13.5pt)、4号艇のwin_rate_rank_2to6が有利(+8.7pt) / [除外]6号艇のwin_rate_rank_2to6が不利(-5.9pt)、天気-7.0pt
157,04,平和島,6,13:32,0.176571680648686,2,0.4684819062410777,3,0.2348362483918603,0.1241860685942703,0.1972636389132138,0.5060545157197243,0.09478919364239222,0.23874660273190648,1-2,1-3,0.08272063753848723,0.041465431055783056,0.0348311722537817,0.014857865307335768,0.0026965696421650787,True,True,False,False,一般,2026-10-02,1号艇のdominance,-0.1359,1号艇の年齢,-0.1132,場特性:in_escape_diff,-0.1042,std_234_全国勝率,-0.0998,1号艇の級別順位,-0.0952,2号艇のclass_rank_2to6,0.1005,2号艇のwin_rate_rank_2to6,0.0638,2号艇のsession_exh_rel_avg,-0.0578,2号艇のモーター2連率,0.0547,2号艇の全国勝率,0.0434,3号艇の節間得点,-0.1558,3号艇のモーター2連率,0.1185,3号艇の当地勝率,0.1115,3号艇のcumulative_diff_rank_2to6,-0.057,3号艇のsession_exh_rel_avg,-0.0436,-0.0007,東 3.0m/s,[逃げ]1号艇のdominanceが不利(-13.6pt)、1号艇の年齢が不利(-11.3pt) / [2着]2号艇のclass_rank_2to6が有利(+10.0pt)、2号艇のwin_rate_rank_2to6が有利(+6.4pt) / [候補2]3号艇の節間得点が不利(-15.6pt)、3号艇のモーター2連率が有利(+11.8pt) / [除外]4号艇の女子戦2連率が不利(-17.2pt)、6号艇のwin_rate_rank_2to6が不利(-6.1pt)、天気影響ほぼなし
158,07,蒲郡,6,17:36,0.18880038200115282,2,0.39584035522342753,4,0.22757516584614784,0.11770108852338355,0.16430922431000988,0.45910629675956544,0.0944938390565184,0.2201226509942381,1-2,1-4,0.07473481027765515,0.026141488733599026,0.04296627824572842,0.03102164431604297,0.013936160428127257,True,False,False,False,予選,2026-10-02,2号艇のsession_exh_rel_avg,-0.1657,1号艇のsession_exh_rel_avg,-0.1651,1号艇vs2号艇のcumulative差,-0.1524,1号艇のdominance,-0.1426,風速区分,-0.1023,2号艇のsession_exh_rel_avg,0.1656,2号艇のwin_rate_rank_2to6,-0.1307,2号艇のモーター2連率,0.1298,2号艇の全国勝率,0.0579,2号艇のclass_rank_2to6,-0.0512,4号艇のwin_rate_rank_2to6,0.0846,4号艇のモーター2連率,0.0692,3号艇のモーター2連率,-0.053,4号艇の全国勝率,0.0471,4号艇の節間得点,0.0419,-0.181,北西 6.2m/s,[逃げ]2号艇のsession_exh_rel_avgが不利(-16.6pt)、1号艇のsession_exh_rel_avgが不利(-16.5pt) / [2着]2号艇のsession_exh_rel_avgが有利(+16.6pt)、2号艇のwin_rate_rank_2to6が不利(-13.1pt) / [候補2]4号艇のwin_rate_rank_2to6が有利(+8.5pt)、4号艇のモーター2連率が有利(+6.9pt)、天気-18.1pt
159,13,尼崎,7,13:30,0.21872453223008193,3,0.312681356295307,2,0.29402297259228616,0.1327011205379046,0.2554197584992414,0.35128457038835176,0.09202773474546021,0.19827615549303873,1-3,1-2,0.06431003714514599,0.06839108339275861,0.05586656720006707,0.01518197550171311,0.014974866545960043,True,True,False,False,予選,2026-10-02,1号艇のdominance,-0.4204,1号艇のracer_win_te,-0.154,1号艇のvs_max234_diff,-0.1518,1号艇の級別順位,-0.1032,1号艇の全国勝率,-0.0917,3号艇のwin_rate_rank_2to6,0.1537,1号艇vs3号艇のplace_rate差,-0.0948,1号艇のvs_max234_diff,-0.064,3号艇のsession_exh_rel_avg,0.0632,1号艇vs6号艇のplace_rate差,0.0501,1号艇vs6号艇の直近複勝率差,-0.0835,2号艇の当地勝率,0.0779,2号艇のsession_exh_rel_avg,0.0769,2号艇の全国勝率,0.0711,1号艇vs3号艇の枠別勝率差,-0.055,0.057,北 3.6m/s,[逃げ]1号艇のdominanceが不利(-42.0pt)、1号艇のracer_win_teが不利(-15.4pt) / [2着]3号艇のwin_rate_rank_2to6が有利(+15.4pt)、1号艇vs3号艇のplace_rate差が不利(-9.5pt) / [候補2]1号艇vs6号艇の直近複勝率差が不利(-8.3pt)、2号艇の当地勝率が有利(+7.8pt)、天気+5.7pt
160,19,下関,9,19:18,0.16404331645323614,2,0.47754379950532466,3,0.219794068661962,0.11439361658259126,0.17391882390562585,0.5234190442616607,0.09051937267256481,0.23710124488631207,1-2,1-3,0.07833786862253272,0.036055747960058546,0.028530220667125232,0.014585168872695764,0.006534311553041832,True,False,False,False,予選,2026-10-02,1号艇のdominance,-0.4196,1号艇のracer_win_te,-0.2516,1号艇のvs_max234_diff,-0.1502,1号艇の直近1着率,-0.1373,1号艇の年齢,0.1271,2号艇のwin_rate_rank_2to6,0.2151,2号艇の女子戦比率,-0.1365,2号艇のclass_rank_2to6,0.1162,1号艇vs2号艇のplace_rate差,-0.0774,2号艇のsession_exh_rel_avg,-0.0765,3号艇のwin_rate_rank_2to6,-0.1483,3号艇のcumulative_diff_rank_2to6,-0.0496,3号艇の女子戦比率,-0.0466,3号艇の当地勝率,-0.0418,5号艇の体重,-0.0383,0.0684,北 2.9m/s,[逃げ]1号艇のdominanceが不利(-42.0pt)、1号艇のracer_win_teが不利(-25.2pt) / [2着]2号艇のwin_rate_rank_2to6が有利(+21.5pt)、2号艇の女子戦比率が不利(-13.7pt) / [候補2]3号艇のwin_rate_rank_2to6が不利(-14.8pt)、3号艇のcumulative_diff_rank_2to6が不利(-5.0pt) / [除外]6号艇のwin_rate_rank_2to6が不利(-6.9pt)、6号艇のvs_avg456_diffが不利(-6.7pt)、天気+6.8pt
161,23,唐津,7,11:33,0.1899829524549193,4,0.3330840654035452,2,0.27930577356209546,0.11634362966008499,0.20805427372145818,0.4043355652441824,0.08729668241482824,0.20274121033531423,1-4,1-2,0.05306333549903204,0.039526765192466555,0.06328029416105296,0.030043688089846345,0.00406887411284212,True,True,False,False,予選,2026-10-02,1号艇のdominance,-0.398,1号艇のracer_win_te,-0.1982,風速区分,-0.1266,1号艇のvs_max234_diff,-0.1253,1号艇の直近1着率,-0.0943,4号艇のwin_rate_rank_2to6,0.2111,4号艇のclass_rank_2to6,0.2021,4号艇の全国勝率,0.1119,4号艇のsession_exh_rel_avg,-0.1038,4号艇の年齢,-0.0945,2号艇のwin_rate_rank_2to6,-0.1455,6号艇のsession_rank_diff_last,-0.0978,2号艇のsession_exh_rel_avg,0.0889,1号艇vs6号艇の直近複勝率差,-0.0643,1号艇の直近複勝率,0.0583,-0.1457,北東 6.7m/s,[逃げ]1号艇のdominanceが不利(-39.8pt)、1号艇のracer_win_teが不利(-19.8pt) / [2着]4号艇のwin_rate_rank_2to6が有利(+21.1pt)、4号艇のclass_rank_2to6が有利(+20.2pt) / [候補2]2号艇のwin_rate_rank_2to6が不利(-14.5pt)、6号艇のsession_rank_diff_lastが不利(-9.8pt) / [除外]6号艇のsession_exh_rel_avgが不利(-8.7pt)、6号艇のwin_rate_rank_2to6が不利(-5.9pt)、天気-14.6pt
162,04,平和島,3,11:55,0.17078086921937488,3,0.42497551709355774,6,0.1700632290410627,0.10162123428407743,0.14480868391720403,0.45023006221741646,0.0839624696504145,0.20620388266407913,1-3,1-6,0.024477046740574764,0.0725776882061911,0.01995203719345383,0.024730552909893816,0.029043546077886322,True,True,False,False,一般,2026-10-02,1号艇のdominance,-0.2234,1号艇のracer_win_te,-0.1816,1号艇の年齢,-0.1646,1号艇のsession_exh_rel_avg,0.1218,場×風向,-0.1192,3号艇のsession_exh_rel_avg,-0.1482,1号艇vs3号艇のcumulative差,0.1076,3号艇の節間得点,0.1023,1号艇の枠別平均ST,0.0934,3号艇のwin_rate_rank_2to6,-0.0527,1号艇vs6号艇のcumulative差,0.2326,1号艇vs5号艇の直近複勝率差,0.2206,6号艇のclass_rank_2to6,0.1671,6号艇のwin_rate_rank_2to6,0.1517,6号艇のsession_exh_rel_avg,-0.1303,-0.1278,北東 3.0m/s,[逃げ]1号艇のdominanceが不利(-22.3pt)、1号艇のracer_win_teが不利(-18.2pt) / [2着]3号艇のsession_exh_rel_avgが不利(-14.8pt)、1号艇vs3号艇のcumulative差が有利(+10.8pt) / [候補2]1号艇vs6号艇のcumulative差が有利(+23.3pt)、1号艇vs5号艇の直近複勝率差が有利(+22.1pt) / [除外]1号艇のsession_exh_rel_deltaが不利(-8.5pt)、天気-12.8pt
163,12,住之江,3,16:10,0.15007381552249532,3,0.37871040278293633,4,0.3663217523816444,0.11180981821249639,0.2119499423161978,0.5330822128483829,0.08337211678786857,0.2381915366032623,1-3,1-4,0.03180813654316459,0.056834515123696284,0.05497530308880011,0.005263830624181741,0.001192029653467625,True,False,False,False,予選,2026-10-02,1号艇のdominance,-0.3354,1号艇のvs_max234_diff,-0.1451,3号艇のracer_win_te,-0.1403,1号艇vs4号艇の枠別勝率差,-0.1211,1号艇のracer_win_te,-0.1173,3号艇のwin_rate_rank_2to6,0.1866,3号艇のsession_exh_rel_avg,0.1068,1号艇vs3号艇のplace_rate差,-0.0645,3号艇の全国勝率,0.0627,1号艇のvs_max234_diff,-0.0552,4号艇のclass_rank_2to6,0.0715,1号艇のvs_max234_frame_diff,0.0525,4号艇のsession_exh_rel_avg,0.0483,場特性:1x_diff_course4,0.0426,4号艇のcumulative_diff_rank_2to6,0.0412,0.0479,北 2.6m/s,[逃げ]1号艇のdominanceが不利(-33.5pt)、1号艇のvs_max234_diffが不利(-14.5pt) / [2着]3号艇のwin_rate_rank_2to6が有利(+18.7pt)、3号艇のsession_exh_rel_avgが有利(+10.7pt) / [候補2]4号艇のclass_rank_2to6が有利(+7.2pt)、1号艇のvs_max234_frame_diffが有利(+5.3pt) / [除外]4号艇の女子戦2連率が不利(-10.1pt)、6号艇のwin_rate_rank_2to6が不利(-9.2pt)、天気+4.8pt
164,22,福岡,5,13:06,0.11905086668848561,4,0.37130065765417486,3,0.3685244598331432,0.08807682143477591,0.18613807853279962,0.5536870389545184,0.06840348106860109,0.22775988669069866,1-4,1-3,0.022159899573059194,0.0438731563390417,0.0442036650957342,0.007373796740801994,0.0014403496050970663,True,True,False,False,予選,2026-10-02,1号艇のdominance,-0.515,1号艇のvs_max234_diff,-0.2772,5号艇の枠別出走数,-0.2289,1号艇のracer_win_te,-0.1786,1号艇の級別順位,-0.1011,4号艇のwin_rate_rank_2to6,0.2131,4号艇のclass_rank_2to6,0.1954,4号艇の全国勝率,0.1294,4号艇のsession_exh_rel_avg,0.0742,5号艇の年齢,0.0526,3号艇の当地勝率,0.1167,3号艇のsession_exh_rel_avg,0.0914,場特性:1x_diff_course3,0.0865,風向(度),0.0793,1号艇のvs_max234_diff,-0.0495,-0.0488,北 5.8m/s,[逃げ]1号艇のdominanceが不利(-51.5pt)、1号艇のvs_max234_diffが不利(-27.7pt) / [2着]4号艇のwin_rate_rank_2to6が有利(+21.3pt)、4号艇のclass_rank_2to6が有利(+19.5pt) / [候補2]3号艇の当地勝率が有利(+11.7pt)、3号艇のsession_exh_rel_avgが有利(+9.1pt) / [除外]6号艇のwin_rate_rank_2to6が不利(-7.5pt)、6号艇のvs_avg456_diffが不利(-6.9pt)、天気-4.9pt
165,09,津,3,11:28,0.09613370657592735,3,0.4143997817354397,4,0.2868470068965149,0.06741345301565567,0.1617063419104463,0.5395404467215082,0.05433203355639956,0.20905155112741144,1-3,1-4,0.015545430024685428,0.03983778702248309,0.027575665993172568,0.00985476864138232,0.0033200534617000826,True,True,False,False,予選,2026-10-02,1号艇のdominance,-0.3451,1号艇のsession_exh_rel_avg,-0.2137,1号艇のracer_win_te,-0.1995,1号艇のvs_max234_diff,-0.1607,6号艇の枠別出走数,-0.1157,3号艇のsession_exh_rel_avg,0.1177,3号艇のwin_rate_rank_2to6,0.1115,6号艇のモーター出走数,0.0978,1号艇のsession_exh_rel_delta,0.072,1号艇のvs_max234_diff,-0.0668,4号艇のwin_rate_rank_2to6,0.132,2号艇のsession_rank_diff_delta,0.0977,4号艇のモーター2連率,0.0924,4号艇のcumulative_diff_rank_2to6,-0.0771,1号艇vs6号艇の級別差,-0.0504,-0.0698,北西 5.5m/s,[逃げ]1号艇のdominanceが不利(-34.5pt)、1号艇のsession_exh_rel_avgが不利(-21.4pt) / [2着]3号艇のsession_exh_rel_avgが有利(+11.8pt)、3号艇のwin_rate_rank_2to6が有利(+11.1pt) / [候補2]4号艇のwin_rate_rank_2to6が有利(+13.2pt)、2号艇のsession_rank_diff_deltaが有利(+9.8pt) / [除外]5号艇のracer_avgfin_teが不利(-6.7pt)、天気-7.0pt
166,22,福岡,7,14:10,0.12139554698120736,2,0.34798616996915677,4,0.2424459860363543,0.07167583453358256,0.21723371538048758,0.37319844062502344,0.05299134512710992,0.1621326163610148,1-2,1-4,0.042243971445301176,0.02318623730076455,0.02943186308828139,0.026371205701374207,0.00016226994718273027,True,True,False,False,予選,2026-10-02,1号艇のdominance,-0.5112,1号艇のracer_win_te,-0.2575,1号艇のsession_exh_rel_avg,-0.206,1号艇の級別順位,-0.1055,1号艇の直近1着率,-0.0935,2号艇の全国勝率,-0.1426,2号艇のwin_rate_rank_2to6,-0.1416,2号艇のsession_exh_rel_avg,0.1124,勝率のレンジ(2-6号艇),0.1038,2号艇のsession_avg_finish,0.0584,4号艇のsession_exh_rel_avg,0.0755,4号艇のwin_rate_rank_2to6,0.0724,5号艇のrecent_4to6_rate,0.068,4号艇のclass_rank_2to6,0.0661,5号艇の直近平均着順,0.054,-0.0169,北 5.6m/s,[逃げ]1号艇のdominanceが不利(-51.1pt)、1号艇のracer_win_teが不利(-25.7pt) / [2着]2号艇の全国勝率が不利(-14.3pt)、2号艇のwin_rate_rank_2to6が不利(-14.2pt) / [候補2]4号艇のsession_exh_rel_avgが有利(+7.6pt)、4号艇のwin_rate_rank_2to6が有利(+7.2pt) / [除外]6号艇の直近平均着順が不利(-21.2pt)、6号艇の全国勝率が不利(-17.6pt)、天気-1.7pt
167,09,津,4,11:57,0.10023507491907034,2,0.3479210544372412,3,0.22415532857560122,0.05734211911072303,0.1936619397891462,0.37841444322369616,0.04401613588839956,0.15366381634461496,1-2,1-3,0.03487389295743882,0.022468226153284216,0.010888049329742392,0.01941171904373756,0.012593187434867353,True,True,False,False,予選,2026-10-02,1号艇のdominance,-0.5669,1号艇のvs_max234_diff,-0.293,1号艇のracer_win_te,-0.1884,3号艇のsession_rank_diff_last,-0.1427,1号艇の級別順位,-0.1046,2号艇のsession_exh_rel_avg,-0.1333,2号艇のclass_rank_2to6,0.0776,1号艇vs2号艇のplace_rate差,-0.0762,2号艇の全国勝率,0.0708,6号艇の一般戦勝率,0.0626,3号艇のwin_rate_rank_2to6,0.1803,3号艇のsession_exh_rel_avg,0.1097,4号艇のsession_rank_diff_last,-0.1046,3号艇の節間得点,-0.0814,場特性:1x_diff_course3,-0.0605,-0.0728,北西 5.6m/s,[逃げ]1号艇のdominanceが不利(-56.7pt)、1号艇のvs_max234_diffが不利(-29.3pt) / [2着]2号艇のsession_exh_rel_avgが不利(-13.3pt)、2号艇のclass_rank_2to6が有利(+7.8pt) / [候補2]3号艇のwin_rate_rank_2to6が有利(+18.0pt)、3号艇のsession_exh_rel_avgが有利(+11.0pt) / [除外]6号艇のwin_rate_rank_2to6が不利(-7.7pt)、1号艇vs3号艇の直近複勝率差が不利(-7.0pt)、天気-7.3pt
168,23,唐津,6,10:57,0.09002898598874409,2,0.36694988023979586,4,0.31978824355302443,0.061826336924880224,0.2593900272352525,0.4273480965575678,0.04258177466231953,0.1714828648146865,1-2,1-4,0.0330361256266799,0.023352621127582497,0.028790211298200318,0.004633170355529724,0.0002168562392152213,False,False,True,False,予選,2026-10-02,1号艇のdominance,-0.3628,1号艇の全国2連率,-0.2207,1号艇のracer_win_te,-0.2049,1号艇のvs_max234_diff,-0.1482,1号艇の体重,-0.1401,1号艇vs2号艇のplace_rate差,-0.1114,2号艇の当地勝率,0.0919,2号艇のclass_rank_2to6,0.0887,2号艇の全国勝率,0.0534,2号艇のwin_rate_rank_2to6,-0.05,4号艇のwin_rate_rank_2to6,0.0942,1号艇の一般戦2連率,0.0864,2号艇の節間得点,-0.0659,4号艇の節間得点,0.0606,4号艇のsession_exh_rel_avg,0.0586,-0.1027,北東 6.8m/s,[逃げ]1号艇のdominanceが不利(-36.3pt)、1号艇の全国2連率が不利(-22.1pt) / [2着]1号艇vs2号艇のplace_rate差が不利(-11.1pt)、2号艇の当地勝率が有利(+9.2pt) / [候補2]4号艇のwin_rate_rank_2to6が有利(+9.4pt)、1号艇の一般戦2連率が有利(+8.6pt) / [除外]6号艇の全国勝率が不利(-15.6pt)、6号艇のvs_avg456_diffが不利(-15.1pt)、天気-10.3pt
